srun: warning: can't honor --ntasks-per-node set to 16 which doesn't match the requested tasks 64 and -mpack, which forces min number of nodes to 1
CPU_SET_HEX_STR_SIZE: 257, Size of mstr: 257
cpu-bind=MASK - cn1330, task  0  0 [2748510]: mask |BBBBBBBB|--------|--------|--------|--------|--------|--------|--------|--------|BBBB----|--------|--------||||--------|--------|--------|--------|--------|--------|--------|--------|--------|--------|--------|--------| set
CPU_SET_HEX_STR_SIZE: 257, Size of mstr: 257
cpu-bind=MASK - cn1330, task  1  1 [2748511]: mask |--------|--------|--------|BBBBBBBB|--------|--------|--------|--------|--------|----BBBB|--------|--------||||--------|--------|--------|--------|--------|--------|--------|--------|--------|--------|--------|--------| set
CPU_SET_HEX_STR_SIZE: 257, Size of mstr: 257
cpu-bind=MASK - cn1330, task  2  2 [2748512]: mask |--------|BBBB----|--------|--------|--------|--------|BBBBBBBB|--------|--------|--------|--------|--------||||--------|--------|--------|--------|--------|--------|--------|--------|--------|--------|--------|--------| set
CPU_SET_HEX_STR_SIZE: 257, Size of mstr: 257
cpu-bind=MASK - cn1330, task  3  3 [2748513]: mask |--------|----BBBB|--------|--------|--------|--------|--------|--------|--------|--------|BBBBBBBB|--------||||--------|--------|--------|--------|--------|--------|--------|--------|--------|--------|--------|--------| set
CPU_SET_HEX_STR_SIZE: 257, Size of mstr: 257
cpu-bind=MASK - cn1330, task  4  4 [2748514]: mask |--------|--------|--------|--------|BBBBBBBB|--------|--------|BBBB----|--------|--------|--------|--------||||--------|--------|--------|--------|--------|--------|--------|--------|--------|--------|--------|--------| set
CPU_SET_HEX_STR_SIZE: 257, Size of mstr: 257
cpu-bind=MASK - cn1330, task  5  5 [2748515]: mask |--------|--------|BBBBBBBB|--------|--------|--------|--------|----BBBB|--------|--------|--------|--------||||--------|--------|--------|--------|--------|--------|--------|--------|--------|--------|--------|--------| set
CPU_SET_HEX_STR_SIZE: 257, Size of mstr: 257
cpu-bind=MASK - cn1330, task  6  6 [2748516]: mask |--------|--------|--------|--------|--------|BBBB----|--------|--------|--------|--------|--------|BBBBBBBB||||--------|--------|--------|--------|--------|--------|--------|--------|--------|--------|--------|--------| set
CPU_SET_HEX_STR_SIZE: 257, Size of mstr: 257
cpu-bind=MASK - cn1330, task  7  7 [2748517]: mask |--------|--------|--------|--------|--------|----BBBB|--------|--------|BBBBBBBB|--------|--------|--------||||--------|--------|--------|--------|--------|--------|--------|--------|--------|--------|--------|--------| set
CPU_SET_HEX_STR_SIZE: 257, Size of mstr: 257
cpu-bind=MASK - cn1330, task  8  8 [2748518]: mask |--------|--------|--------|--------|--------|--------|--------|--------|--------|--------|--------|--------||||BBBBBBBB|--------|--------|--------|--------|--------|--------|--------|--------|BBBB----|--------|--------| set
CPU_SET_HEX_STR_SIZE: 257, Size of mstr: 257
cpu-bind=MASK - cn1330, task  9  9 [2748519]: mask |--------|--------|--------|--------|--------|--------|--------|--------|--------|--------|--------|--------||||--------|--------|--------|BBBBBBBB|--------|--------|--------|--------|--------|----BBBB|--------|--------| set
CPU_SET_HEX_STR_SIZE: 257, Size of mstr: 257
cpu-bind=MASK - cn1330, task 10 10 [2748520]: mask |--------|--------|--------|--------|--------|--------|--------|--------|--------|--------|--------|--------||||--------|BBBB----|--------|--------|--------|--------|BBBBBBBB|--------|--------|--------|--------|--------| set
CPU_SET_HEX_STR_SIZE: 257, Size of mstr: 257
cpu-bind=MASK - cn1330, task 11 11 [2748521]: mask |--------|--------|--------|--------|--------|--------|--------|--------|--------|--------|--------|--------||||--------|----BBBB|--------|--------|--------|--------|--------|--------|--------|--------|BBBBBBBB|--------| set
CPU_SET_HEX_STR_SIZE: 257, Size of mstr: 257
cpu-bind=MASK - cn1330, task 12 12 [2748522]: mask |--------|--------|--------|--------|--------|--------|--------|--------|--------|--------|--------|--------||||--------|--------|--------|--------|BBBBBBBB|--------|--------|BBBB----|--------|--------|--------|--------| set
CPU_SET_HEX_STR_SIZE: 257, Size of mstr: 257
cpu-bind=MASK - cn1330, task 13 13 [2748523]: mask |--------|--------|--------|--------|--------|--------|--------|--------|--------|--------|--------|--------||||--------|--------|BBBBBBBB|--------|--------|--------|--------|----BBBB|--------|--------|--------|--------| set
CPU_SET_HEX_STR_SIZE: 257, Size of mstr: 257
cpu-bind=MASK - cn1330, task 14 14 [2748524]: mask |--------|--------|--------|--------|--------|--------|--------|--------|--------|--------|--------|--------||||--------|--------|--------|--------|--------|BBBB----|--------|--------|--------|--------|--------|BBBBBBBB| set
CPU_SET_HEX_STR_SIZE: 257, Size of mstr: 257
cpu-bind=MASK - cn1330, task 15 15 [2748525]: mask |--------|--------|--------|--------|--------|--------|--------|--------|--------|--------|--------|--------||||--------|--------|--------|--------|--------|----BBBB|--------|--------|BBBBBBBB|--------|--------|--------| set
CPU_SET_HEX_STR_SIZE: 257, Size of mstr: 257
cpu-bind=MASK - cn1336, task 32  0 [1240760]: mask |BBBBBBBB|--------|--------|--------|--------|--------|--------|--------|--------|BBBB----|--------|--------||||--------|--------|--------|--------|--------|--------|--------|--------|--------|--------|--------|--------| set
CPU_SET_HEX_STR_SIZE: 257, Size of mstr: 257
cpu-bind=MASK - cn1336, task 33  1 [1240761]: mask |--------|--------|--------|BBBBBBBB|--------|--------|--------|--------|--------|----BBBB|--------|--------||||--------|--------|--------|--------|--------|--------|--------|--------|--------|--------|--------|--------| set
CPU_SET_HEX_STR_SIZE: 257, Size of mstr: 257
cpu-bind=MASK - cn1336, task 34  2 [1240762]: mask |--------|BBBB----|--------|--------|--------|--------|BBBBBBBB|--------|--------|--------|--------|--------||||--------|--------|--------|--------|--------|--------|--------|--------|--------|--------|--------|--------| set
CPU_SET_HEX_STR_SIZE: 257, Size of mstr: 257
cpu-bind=MASK - cn1336, task 35  3 [1240763]: mask |--------|----BBBB|--------|--------|--------|--------|--------|--------|--------|--------|BBBBBBBB|--------||||--------|--------|--------|--------|--------|--------|--------|--------|--------|--------|--------|--------| set
CPU_SET_HEX_STR_SIZE: 257, Size of mstr: 257
cpu-bind=MASK - cn1336, task 36  4 [1240764]: mask |--------|--------|--------|--------|BBBBBBBB|--------|--------|BBBB----|--------|--------|--------|--------||||--------|--------|--------|--------|--------|--------|--------|--------|--------|--------|--------|--------| set
CPU_SET_HEX_STR_SIZE: 257, Size of mstr: 257
cpu-bind=MASK - cn1336, task 37  5 [1240765]: mask |--------|--------|BBBBBBBB|--------|--------|--------|--------|----BBBB|--------|--------|--------|--------||||--------|--------|--------|--------|--------|--------|--------|--------|--------|--------|--------|--------| set
CPU_SET_HEX_STR_SIZE: 257, Size of mstr: 257
cpu-bind=MASK - cn1336, task 38  6 [1240766]: mask |--------|--------|--------|--------|--------|BBBB----|--------|--------|--------|--------|--------|BBBBBBBB||||--------|--------|--------|--------|--------|--------|--------|--------|--------|--------|--------|--------| set
CPU_SET_HEX_STR_SIZE: 257, Size of mstr: 257
cpu-bind=MASK - cn1336, task 39  7 [1240767]: mask |--------|--------|--------|--------|--------|----BBBB|--------|--------|BBBBBBBB|--------|--------|--------||||--------|--------|--------|--------|--------|--------|--------|--------|--------|--------|--------|--------| set
CPU_SET_HEX_STR_SIZE: 257, Size of mstr: 257
cpu-bind=MASK - cn1336, task 40  8 [1240768]: mask |--------|--------|--------|--------|--------|--------|--------|--------|--------|--------|--------|--------||||BBBBBBBB|--------|--------|--------|--------|--------|--------|--------|--------|BBBB----|--------|--------| set
CPU_SET_HEX_STR_SIZE: 257, Size of mstr: 257
cpu-bind=MASK - cn1336, task 41  9 [1240769]: mask |--------|--------|--------|--------|--------|--------|--------|--------|--------|--------|--------|--------||||--------|--------|--------|BBBBBBBB|--------|--------|--------|--------|--------|----BBBB|--------|--------| set
CPU_SET_HEX_STR_SIZE: 257, Size of mstr: 257
cpu-bind=MASK - cn1336, task 42 10 [1240770]: mask |--------|--------|--------|--------|--------|--------|--------|--------|--------|--------|--------|--------||||--------|BBBB----|--------|--------|--------|--------|BBBBBBBB|--------|--------|--------|--------|--------| set
CPU_SET_HEX_STR_SIZE: 257, Size of mstr: 257
cpu-bind=MASK - cn1336, task 43 11 [1240771]: mask |--------|--------|--------|--------|--------|--------|--------|--------|--------|--------|--------|--------||||--------|----BBBB|--------|--------|--------|--------|--------|--------|--------|--------|BBBBBBBB|--------| set
CPU_SET_HEX_STR_SIZE: 257, Size of mstr: 257
cpu-bind=MASK - cn1336, task 44 12 [1240772]: mask |--------|--------|--------|--------|--------|--------|--------|--------|--------|--------|--------|--------||||--------|--------|--------|--------|BBBBBBBB|--------|--------|BBBB----|--------|--------|--------|--------| set
CPU_SET_HEX_STR_SIZE: 257, Size of mstr: 257
cpu-bind=MASK - cn1336, task 45 13 [1240773]: mask |--------|--------|--------|--------|--------|--------|--------|--------|--------|--------|--------|--------||||--------|--------|BBBBBBBB|--------|--------|--------|--------|----BBBB|--------|--------|--------|--------| set
CPU_SET_HEX_STR_SIZE: 257, Size of mstr: 257
cpu-bind=MASK - cn1336, task 46 14 [1240774]: mask |--------|--------|--------|--------|--------|--------|--------|--------|--------|--------|--------|--------||||--------|--------|--------|--------|--------|BBBB----|--------|--------|--------|--------|--------|BBBBBBBB| set
CPU_SET_HEX_STR_SIZE: 257, Size of mstr: 257
cpu-bind=MASK - cn1336, task 47 15 [1240775]: mask |--------|--------|--------|--------|--------|--------|--------|--------|--------|--------|--------|--------||||--------|--------|--------|--------|--------|----BBBB|--------|--------|BBBBBBBB|--------|--------|--------| set
CPU_SET_HEX_STR_SIZE: 257, Size of mstr: 257
cpu-bind=MASK - cn1335, task 16  0 [1418230]: mask |BBBBBBBB|--------|--------|--------|--------|--------|--------|--------|--------|BBBB----|--------|--------||||--------|--------|--------|--------|--------|--------|--------|--------|--------|--------|--------|--------| set
CPU_SET_HEX_STR_SIZE: 257, Size of mstr: 257
cpu-bind=MASK - cn1335, task 17  1 [1418231]: mask |--------|--------|--------|BBBBBBBB|--------|--------|--------|--------|--------|----BBBB|--------|--------||||--------|--------|--------|--------|--------|--------|--------|--------|--------|--------|--------|--------| set
CPU_SET_HEX_STR_SIZE: 257, Size of mstr: 257
cpu-bind=MASK - cn1335, task 18  2 [1418232]: mask |--------|BBBB----|--------|--------|--------|--------|BBBBBBBB|--------|--------|--------|--------|--------||||--------|--------|--------|--------|--------|--------|--------|--------|--------|--------|--------|--------| set
CPU_SET_HEX_STR_SIZE: 257, Size of mstr: 257
cpu-bind=MASK - cn1335, task 19  3 [1418233]: mask |--------|----BBBB|--------|--------|--------|--------|--------|--------|--------|--------|BBBBBBBB|--------||||--------|--------|--------|--------|--------|--------|--------|--------|--------|--------|--------|--------| set
CPU_SET_HEX_STR_SIZE: 257, Size of mstr: 257
cpu-bind=MASK - cn1335, task 20  4 [1418234]: mask |--------|--------|--------|--------|BBBBBBBB|--------|--------|BBBB----|--------|--------|--------|--------||||--------|--------|--------|--------|--------|--------|--------|--------|--------|--------|--------|--------| set
CPU_SET_HEX_STR_SIZE: 257, Size of mstr: 257
cpu-bind=MASK - cn1335, task 21  5 [1418235]: mask |--------|--------|BBBBBBBB|--------|--------|--------|--------|----BBBB|--------|--------|--------|--------||||--------|--------|--------|--------|--------|--------|--------|--------|--------|--------|--------|--------| set
CPU_SET_HEX_STR_SIZE: 257, Size of mstr: 257
cpu-bind=MASK - cn1335, task 22  6 [1418236]: mask |--------|--------|--------|--------|--------|BBBB----|--------|--------|--------|--------|--------|BBBBBBBB||||--------|--------|--------|--------|--------|--------|--------|--------|--------|--------|--------|--------| set
CPU_SET_HEX_STR_SIZE: 257, Size of mstr: 257
cpu-bind=MASK - cn1335, task 23  7 [1418237]: mask |--------|--------|--------|--------|--------|----BBBB|--------|--------|BBBBBBBB|--------|--------|--------||||--------|--------|--------|--------|--------|--------|--------|--------|--------|--------|--------|--------| set
CPU_SET_HEX_STR_SIZE: 257, Size of mstr: 257
cpu-bind=MASK - cn1335, task 24  8 [1418238]: mask |--------|--------|--------|--------|--------|--------|--------|--------|--------|--------|--------|--------||||BBBBBBBB|--------|--------|--------|--------|--------|--------|--------|--------|BBBB----|--------|--------| set
CPU_SET_HEX_STR_SIZE: 257, Size of mstr: 257
cpu-bind=MASK - cn1335, task 25  9 [1418239]: mask |--------|--------|--------|--------|--------|--------|--------|--------|--------|--------|--------|--------||||--------|--------|--------|BBBBBBBB|--------|--------|--------|--------|--------|----BBBB|--------|--------| set
CPU_SET_HEX_STR_SIZE: 257, Size of mstr: 257
cpu-bind=MASK - cn1335, task 26 10 [1418240]: mask |--------|--------|--------|--------|--------|--------|--------|--------|--------|--------|--------|--------||||--------|BBBB----|--------|--------|--------|--------|BBBBBBBB|--------|--------|--------|--------|--------| set
CPU_SET_HEX_STR_SIZE: 257, Size of mstr: 257
cpu-bind=MASK - cn1335, task 27 11 [1418241]: mask |--------|--------|--------|--------|--------|--------|--------|--------|--------|--------|--------|--------||||--------|----BBBB|--------|--------|--------|--------|--------|--------|--------|--------|BBBBBBBB|--------| set
CPU_SET_HEX_STR_SIZE: 257, Size of mstr: 257
cpu-bind=MASK - cn1335, task 28 12 [1418242]: mask |--------|--------|--------|--------|--------|--------|--------|--------|--------|--------|--------|--------||||--------|--------|--------|--------|BBBBBBBB|--------|--------|BBBB----|--------|--------|--------|--------| set
CPU_SET_HEX_STR_SIZE: 257, Size of mstr: 257
cpu-bind=MASK - cn1335, task 29 13 [1418243]: mask |--------|--------|--------|--------|--------|--------|--------|--------|--------|--------|--------|--------||||--------|--------|BBBBBBBB|--------|--------|--------|--------|----BBBB|--------|--------|--------|--------| set
CPU_SET_HEX_STR_SIZE: 257, Size of mstr: 257
cpu-bind=MASK - cn1335, task 30 14 [1418244]: mask |--------|--------|--------|--------|--------|--------|--------|--------|--------|--------|--------|--------||||--------|--------|--------|--------|--------|BBBB----|--------|--------|--------|--------|--------|BBBBBBBB| set
CPU_SET_HEX_STR_SIZE: 257, Size of mstr: 257
cpu-bind=MASK - cn1335, task 31 15 [1418245]: mask |--------|--------|--------|--------|--------|--------|--------|--------|--------|--------|--------|--------||||--------|--------|--------|--------|--------|----BBBB|--------|--------|BBBBBBBB|--------|--------|--------| set
CPU_SET_HEX_STR_SIZE: 257, Size of mstr: 257
cpu-bind=MASK - cn1340, task 48  0 [1200495]: mask |BBBBBBBB|--------|--------|--------|--------|--------|--------|--------|--------|BBBB----|--------|--------||||--------|--------|--------|--------|--------|--------|--------|--------|--------|--------|--------|--------| set
CPU_SET_HEX_STR_SIZE: 257, Size of mstr: 257
cpu-bind=MASK - cn1340, task 49  1 [1200496]: mask |--------|--------|--------|BBBBBBBB|--------|--------|--------|--------|--------|----BBBB|--------|--------||||--------|--------|--------|--------|--------|--------|--------|--------|--------|--------|--------|--------| set
CPU_SET_HEX_STR_SIZE: 257, Size of mstr: 257
cpu-bind=MASK - cn1340, task 50  2 [1200497]: mask |--------|BBBB----|--------|--------|--------|--------|BBBBBBBB|--------|--------|--------|--------|--------||||--------|--------|--------|--------|--------|--------|--------|--------|--------|--------|--------|--------| set
CPU_SET_HEX_STR_SIZE: 257, Size of mstr: 257
cpu-bind=MASK - cn1340, task 51  3 [1200498]: mask |--------|----BBBB|--------|--------|--------|--------|--------|--------|--------|--------|BBBBBBBB|--------||||--------|--------|--------|--------|--------|--------|--------|--------|--------|--------|--------|--------| set
CPU_SET_HEX_STR_SIZE: 257, Size of mstr: 257
cpu-bind=MASK - cn1340, task 52  4 [1200499]: mask |--------|--------|--------|--------|BBBBBBBB|--------|--------|BBBB----|--------|--------|--------|--------||||--------|--------|--------|--------|--------|--------|--------|--------|--------|--------|--------|--------| set
CPU_SET_HEX_STR_SIZE: 257, Size of mstr: 257
cpu-bind=MASK - cn1340, task 53  5 [1200500]: mask |--------|--------|BBBBBBBB|--------|--------|--------|--------|----BBBB|--------|--------|--------|--------||||--------|--------|--------|--------|--------|--------|--------|--------|--------|--------|--------|--------| set
CPU_SET_HEX_STR_SIZE: 257, Size of mstr: 257
cpu-bind=MASK - cn1340, task 54  6 [1200501]: mask |--------|--------|--------|--------|--------|BBBB----|--------|--------|--------|--------|--------|BBBBBBBB||||--------|--------|--------|--------|--------|--------|--------|--------|--------|--------|--------|--------| set
CPU_SET_HEX_STR_SIZE: 257, Size of mstr: 257
cpu-bind=MASK - cn1340, task 55  7 [1200502]: mask |--------|--------|--------|--------|--------|----BBBB|--------|--------|BBBBBBBB|--------|--------|--------||||--------|--------|--------|--------|--------|--------|--------|--------|--------|--------|--------|--------| set
CPU_SET_HEX_STR_SIZE: 257, Size of mstr: 257
cpu-bind=MASK - cn1340, task 56  8 [1200503]: mask |--------|--------|--------|--------|--------|--------|--------|--------|--------|--------|--------|--------||||BBBBBBBB|--------|--------|--------|--------|--------|--------|--------|--------|BBBB----|--------|--------| set
CPU_SET_HEX_STR_SIZE: 257, Size of mstr: 257
cpu-bind=MASK - cn1340, task 57  9 [1200504]: mask |--------|--------|--------|--------|--------|--------|--------|--------|--------|--------|--------|--------||||--------|--------|--------|BBBBBBBB|--------|--------|--------|--------|--------|----BBBB|--------|--------| set
CPU_SET_HEX_STR_SIZE: 257, Size of mstr: 257
cpu-bind=MASK - cn1340, task 58 10 [1200505]: mask |--------|--------|--------|--------|--------|--------|--------|--------|--------|--------|--------|--------||||--------|BBBB----|--------|--------|--------|--------|BBBBBBBB|--------|--------|--------|--------|--------| set
CPU_SET_HEX_STR_SIZE: 257, Size of mstr: 257
cpu-bind=MASK - cn1340, task 59 11 [1200506]: mask |--------|--------|--------|--------|--------|--------|--------|--------|--------|--------|--------|--------||||--------|----BBBB|--------|--------|--------|--------|--------|--------|--------|--------|BBBBBBBB|--------| set
CPU_SET_HEX_STR_SIZE: 257, Size of mstr: 257
cpu-bind=MASK - cn1340, task 60 12 [1200507]: mask |--------|--------|--------|--------|--------|--------|--------|--------|--------|--------|--------|--------||||--------|--------|--------|--------|BBBBBBBB|--------|--------|BBBB----|--------|--------|--------|--------| set
CPU_SET_HEX_STR_SIZE: 257, Size of mstr: 257
cpu-bind=MASK - cn1340, task 61 13 [1200508]: mask |--------|--------|--------|--------|--------|--------|--------|--------|--------|--------|--------|--------||||--------|--------|BBBBBBBB|--------|--------|--------|--------|----BBBB|--------|--------|--------|--------| set
CPU_SET_HEX_STR_SIZE: 257, Size of mstr: 257
cpu-bind=MASK - cn1340, task 62 14 [1200509]: mask |--------|--------|--------|--------|--------|--------|--------|--------|--------|--------|--------|--------||||--------|--------|--------|--------|--------|BBBB----|--------|--------|--------|--------|--------|BBBBBBBB| set
CPU_SET_HEX_STR_SIZE: 257, Size of mstr: 257
cpu-bind=MASK - cn1340, task 63 15 [1200510]: mask |--------|--------|--------|--------|--------|--------|--------|--------|--------|--------|--------|--------||||--------|--------|--------|--------|--------|----BBBB|--------|--------|BBBBBBBB|--------|--------|--------| set
 DBCSR| CPU Multiplication driver                                           XSMM (U)
 DBCSR| Multrec recursion limit                                              512 (U)
 DBCSR| Multiplication stack size                                           1000 (D)
 DBCSR| Maximum elements for images                                    UNLIMITED (U)
 DBCSR| Multiplicative factor virtual images                                   1 (U)
 DBCSR| Use multiplication densification                                       T (D)
 DBCSR| Multiplication size stacks                                             3 (U)
 DBCSR| Use memory pool for CPU allocation                                     F (U)
 DBCSR| Number of 3D layers                                               SINGLE (U)
 DBCSR| Use MPI memory allocation                                              F (U)
 DBCSR| Use RMA algorithm                                                      F (U)
 DBCSR| Use Communication thread                                               T (U)
 DBCSR| Communication thread load                                             45 (D)
 DBCSR| MPI: My process id                                                     0
 DBCSR| MPI: Number of processes                                              64
 DBCSR| OMP: Current number of threads                                        12
 DBCSR| OMP: Max number of threads                                            12
 DBCSR| Split modifier for TAS multiplication algorithm                  1.0E+00 (U)


  **** **** ******  **  PROGRAM STARTED AT               2026-09-30 14:51:31.496
 ***** ** ***  *** **   PROGRAM STARTED ON                                cn1330
 **    ****   ******    PROGRAM STARTED BY                              metdyn07
 ***** **    ** ** **   PROGRAM PROCESS ID                               2748510
  **** **  *******  **  PROGRAM STARTED IN /scratch/hpc-prf-metdyn/metdyn07_Rita
                                           j/project-max-rtbse/g0w0_rtbse_compar
                                           ison_tuned/16/conv_new_30_09/grid_10

 CP2K| version string:                 CP2K version 2026.2 (Development Version)
 CP2K| source code revision number:                                   0005d2399e
 CP2K| cp2kflags: omp libint fftw3 libxc elpa parallel scalapack mpi_f08 cosma l
 CP2K|            ibxs libxsmm plumed2 spglib openblas sirius libvori libbqb lib
 CP2K|            bvdwxc hdf5 greenx
 CP2K| is freely available from                            https://www.cp2k.org/
 CP2K| Program compiled at                                   2026-09-14 14:10:14
 CP2K| Program compiled on                                                login4
 CP2K| Program compiled for                                               x86_64
 CP2K| Data directory path    /pc2/groups/hpc-prf-metdyn/metdyn07_Ritaj/implemen
 CP2K| Input file name                                                 input.inp

 GLOBAL| Force Environment number                                              1
 GLOBAL| Basis set file name             BASIS_GTH_MOLOPT_AUG_for_excited_states
 GLOBAL| Potential file name                                      GTH_POTENTIALS
 GLOBAL| MM Potential file name                                     MM_POTENTIAL
 GLOBAL| Coordinate file name                                          struc.xyz
 GLOBAL| Method name                                                        CP2K
 GLOBAL| Project name                                                      rec_4
 GLOBAL| Run type                                                 RT_PROPAGATION
 GLOBAL| FFT library                                                       FFTW3
 GLOBAL| Diagonalization library                                            ELPA
 GLOBAL| Cholesky decomposition library                                ScaLAPACK
 GLOBAL| DGEMM library                                                      BLAS
 GLOBAL| Minimum number of eigenvectors for ELPA usage                        64
 GLOBAL| Orthonormality check for eigenvectors                          DISABLED
 GLOBAL| Matrix multiplication library                                     COSMA
 GLOBAL| All-to-all communication in single precision                          F
 GLOBAL| Grid backend                                                       AUTO
 GLOBAL| Global print level                                               MEDIUM
 GLOBAL| MPI I/O enabled                                                       T
 GLOBAL| Total number of message passing processes                            64
 GLOBAL| Number of distributed systems (nodes)                                 4
 GLOBAL| Number of threads for this process                                   12
 GLOBAL| This output is from process                                           0
 GLOBAL| OpenMP stack size per thread (OMP_STACKSIZE)                    default
 GLOBAL| CPU model name                          AMD EPYC 9655 96-Core Processor
 GLOBAL| CPUID                                                              1003
 GLOBAL| Compiled for CPUID                                                    0

 *** HINT in environment.F:968 :: The compiler target (generic) used to ***
 *** build this binary does not enable all instruction-set extensions   ***
 *** available on this CPU (x86_avx512). Consider reconfiguring and     ***
 *** rebuilding CP2K for this target system to enable them.             ***


 MEMORY| system memory details [Kb]
 MEMORY|                        rank 0           min           max       average
 MEMORY| MemTotal            791062900     791030280     791062900     791040229
 MEMORY| MemFree             757234452     755441228     758177020     756973512
 MEMORY| Buffers                  2140             0          2140          1070
 MEMORY| Cached                5678752       4363140       6598356       5794124
 MEMORY| Slab                  2606240       2464056       2606240       2543303
 MEMORY| SReclaimable          1004332        908172       1004332        961276
 MEMORY| MemLikelyFree       763919676     763015844     764485768     763729982


 *** Fundamental physical constants (SI units) ***

 *** Literature: B. J. Mohr and B. N. Taylor,
 ***             CODATA recommended values of the fundamental physical
 ***             constants: 2006, Web Version 5.1
 ***             http://physics.nist.gov/constants

 Speed of light in vacuum [m/s]                             2.99792458000000E+08
 Magnetic constant or permeability of vacuum [N/A**2]       1.25663706143592E-06
 Electric constant or permittivity of vacuum [F/m]          8.85418781762039E-12
 Planck constant (h) [J*s]                                  6.62606896000000E-34
 Planck constant (h-bar) [J*s]                              1.05457162825177E-34
 Elementary charge [C]                                      1.60217648700000E-19
 Electron mass [kg]                                         9.10938215000000E-31
 Electron g factor [ ]                                     -2.00231930436220E+00
 Proton mass [kg]                                           1.67262163700000E-27
 Fine-structure constant                                    7.29735253760000E-03
 Rydberg constant [1/m]                                     1.09737315685270E+07
 Avogadro constant [1/mol]                                  6.02214179000000E+23
 Boltzmann constant [J/K]                                   1.38065040000000E-23
 Atomic mass unit [kg]                                      1.66053878200000E-27
 Bohr radius [m]                                            5.29177208590000E-11

 *** Conversion factors ***

 [u] -> [a.u.]                                              1.82288848426455E+03
 [Angstrom] -> [Bohr] = [a.u.]                              1.88972613288564E+00
 [a.u.] = [Bohr] -> [Angstrom]                              5.29177208590000E-01
 [a.u.] -> [s]                                              2.41888432650478E-17
 [a.u.] -> [fs]                                             2.41888432650478E-02
 [a.u.] -> [J]                                              4.35974393937059E-18
 [a.u.] -> [N]                                              8.23872205491840E-08
 [a.u.] -> [K]                                              3.15774647902944E+05
 [a.u.] -> [kJ/mol]                                         2.62549961709828E+03
 [a.u.] -> [kcal/mol]                                       6.27509468713739E+02
 [a.u.] -> [Pa]                                             2.94210107994716E+13
 [a.u.] -> [bar]                                            2.94210107994716E+08
 [a.u.] -> [atm]                                            2.90362800883016E+08
 [a.u.] -> [eV]                                             2.72113838565563E+01
 [a.u.] -> [Hz]                                             6.57968392072181E+15
 [a.u.] -> [1/cm] (wave numbers)                            2.19474631370540E+05
 [a.u./Bohr**2] -> [1/cm]                                   5.14048714338585E+03
 

 CELL| Volume [angstrom^3]:                                         17503.266165
 CELL| Vector a [angstrom]:      19.190     0.000     0.000   |a| =    19.190000
 CELL| Vector b [angstrom]:       0.000    78.970     0.000   |b| =    78.970000
 CELL| Vector c [angstrom]:       0.000     0.000    11.550   |c| =    11.550000
 CELL| Angle (b,c), alpha [degree]:                                    90.000000
 CELL| Angle (a,c), beta  [degree]:                                    90.000000
 CELL| Angle (a,b), gamma [degree]:                                    90.000000
 CELL| Numerically orthorhombic:                                             YES
 CELL| Periodicity                                                          NONE

 CELL_REF| Volume [angstrom^3]:                                     17503.266165
 CELL_REF| Vector a [angstrom    19.190     0.000     0.000   |a| =    19.190000
 CELL_REF| Vector b [angstrom     0.000    78.970     0.000   |b| =    78.970000
 CELL_REF| Vector c [angstrom     0.000     0.000    11.550   |c| =    11.550000
 CELL_REF| Angle (b,c), alpha [degree]:                                90.000000
 CELL_REF| Angle (a,c), beta  [degree]:                                90.000000
 CELL_REF| Angle (a,b), gamma [degree]:                                90.000000
 CELL_REF| Numerically orthorhombic:                                         YES
 CELL_REF| Periodicity                                                      NONE

 GENERATE|  Preliminary Number of Bonds generated:                             0
 GENERATE|  Achieved consistency in connectivity generation.

 *******************************************************************************
 *******************************************************************************
 **                                                                           **
 **     #####                         ##              ##                      **
 **    ##   ##            ##          ##              ##                      **
 **   ##     ##                       ##            ######                    **
 **   ##     ##  ##   ##  ##   #####  ##  ##   ####   ##    #####    #####    **
 **   ##     ##  ##   ##  ##  ##      ## ##   ##      ##   ##   ##  ##   ##   **
 **   ##  ## ##  ##   ##  ##  ##      ####     ###    ##   ######   ######    **
 **    ##  ###   ##   ##  ##  ##      ## ##      ##   ##   ##       ##        **
 **     #######   #####   ##   #####  ##  ##  ####    ##    #####   ##        **
 **           ##                                                    ##        **
 **                                                                           **
 **                                                ... make the atoms dance   **
 **                                                                           **
 **            Copyright (C) by CP2K developers group (2000-2026)             **
 **                      J. Chem. Phys. 152, 194103 (2020)                    **
 **                                                                           **
 *******************************************************************************

 DFT| Spin restricted Kohn-Sham (RKS) calculation                            RKS
 DFT| Multiplicity                                                             1
 DFT| Number of spin states                                                    1
 DFT| Charge                                                                   0
 DFT| Self-interaction correction (SIC)                                       NO
 DFT| Cutoffs: density                                              1.000000E-10
 DFT|          gradient                                             1.000000E-10
 DFT|          tau                                                  1.000000E-10
 DFT|          cutoff_smoothing_range                               0.000000E+00
 DFT| XC density smoothing                                                  NONE
 DFT| XC derivatives                                                          PW

 FUNCTIONAL| PBE:
 FUNCTIONAL| J.P.Perdew, K.Burke, M.Ernzerhof, Phys. Rev. Letter, vol. 77, n 18,
 FUNCTIONAL|  pp. 3865-3868, (1996) {spin unpolarized}                          


 QS| Method:                                                                 GPW
 QS| Density plane wave grid type                        NON-SPHERICAL FULLSPACE
 QS| Number of grid levels:                                                    4
 QS| Density cutoff [a.u.]:                                                300.0
 QS| Multi grid cutoff [a.u.]: 1) grid level                               300.0
 QS|                           2) grid level                               100.0
 QS|                           3) grid level                                33.3
 QS|                           4) grid level                                11.1
 QS| Grid level progression factor:                                          3.0
 QS| Relative density cutoff [a.u.]:                                        30.0
 QS| Interaction thresholds: eps_pgf_orb:                                3.2E-08
 QS|                         eps_filter_matrix:                          0.0E+00
 QS|                         eps_core_charge:                            1.0E-17
 QS|                         eps_rho_gspace:                             1.0E-15
 QS|                         eps_rho_rspace:                             1.0E-15
 QS|                         eps_gvg_rspace:                             3.2E-08
 QS|                         eps_ppl:                                    1.0E-02
 QS|                         eps_ppnl:                                   3.2E-10


 ATOMIC KIND INFORMATION

  1. Atomic kind: H                                     Number of atoms:      72

     Orbital Basis Set                                 aug-SZV-MOLOPT-GTH-tier-2

       Number of orbital shell sets:                                           1
       Number of orbital shells:                                               4
       Number of primitive Cartesian functions:                                7
       Number of Cartesian basis functions:                                    6
       Number of spherical basis functions:                                    6
       Norm type:                                                              2

       Normalised Cartesian orbitals:

                        Set   Shell   Orbital            Exponent    Coefficient

                          1       1    2s                0.050000       0.000000
                                                         0.082193      -0.014019
                                                         0.239116      -0.107525
                                                         0.450000       0.000000
                                                         0.791502      -0.258419
                                                         2.680223      -0.177618
                                                        10.068468      -0.133023

                          1       2    3s                0.050000       0.064974
                                                         0.082193       0.029198
                                                         0.239116      -0.007574
                                                         0.450000      -0.090795
                                                         0.791502      -0.025739
                                                         2.680223       0.000002
                                                        10.068468       0.000000

                          1       3    4s                0.050000      -0.067626
                                                         0.082193       0.244167
                                                         0.239116      -0.094768
                                                         0.450000      -0.043967
                                                         0.791502      -0.043572
                                                         2.680223      -0.153771
                                                        10.068468       0.000000

                          1       4    3px               0.050000       0.038628
                                                         0.082193      -0.015554
                                                         0.239116       0.034455
                                                         0.450000       0.013474
                                                         0.791502      -0.005076
                                                         2.680223       0.028739
                                                        10.068468       0.000000
                          1       4    3py               0.050000       0.038628
                                                         0.082193      -0.015554
                                                         0.239116       0.034455
                                                         0.450000       0.013474
                                                         0.791502      -0.005076
                                                         2.680223       0.028739
                                                        10.068468       0.000000
                          1       4    3pz               0.050000       0.038628
                                                         0.082193      -0.015554
                                                         0.239116       0.034455
                                                         0.450000       0.013474
                                                         0.791502      -0.005076
                                                         2.680223       0.028739
                                                        10.068468       0.000000

     RI Auxiliary Basis Set             RI_aug-SZV-MOLOPT-GTH-tier-2_N_RI_005_s_

       Number of orbital shell sets:                                           3
       Number of orbital shells:                                               3
       Number of primitive Cartesian functions:                                3
       Number of Cartesian basis functions:                                    5
       Number of spherical basis functions:                                    5
       Norm type:                                                              2

       Normalised Cartesian orbitals:

                        Set   Shell   Orbital            Exponent    Coefficient

                          1       1    1s                0.184491       0.200628

                          2       1    2s                3.030559       1.637013

                          3       1    3px               0.610174       0.768701
                          3       1    3py               0.610174       0.768701
                          3       1    3pz               0.610174       0.768701

       Atomic covalent radius [Angstrom]:                                  0.320

       Atomic van der Waals radius [Angstrom]:                             1.090

     GTH Potential information for                                    GTH-PBE-q1

       Description:                       Goedecker-Teter-Hutter pseudopotential
                                           Goedecker et al., PRB 54, 1703 (1996)
                                          Hartwigsen et al., PRB 58, 3641 (1998)
                                                      Krack, TCA 114, 145 (2005)

       Gaussian exponent of the core charge distribution:              12.500000
       Electronic configuration (s p d ...):                                   1

       Parameters of the local part of the GTH pseudopotential:

                          rloc        C1          C2          C3          C4
                        0.200000   -4.178900    0.724463

  2. Atomic kind: C                                     Number of atoms:     224

     Orbital Basis Set                                 aug-SZV-MOLOPT-GTH-tier-2

       Number of orbital shell sets:                                           1
       Number of orbital shells:                                               5
       Number of primitive Cartesian functions:                                6
       Number of Cartesian basis functions:                                   14
       Number of spherical basis functions:                                   13
       Norm type:                                                              2

       Normalised Cartesian orbitals:

                        Set   Shell   Orbital            Exponent    Coefficient

                          1       1    2s                0.070000       0.000000
                                                         0.128212      -0.022789
                                                         0.348157      -0.219794
                                                         0.769911      -0.209686
                                                         2.113016       0.213043
                                                         5.605331       0.322515

                          1       2    3s                0.070000       0.133509
                                                         0.128212      -0.041206
                                                         0.348157      -0.081784
                                                         0.769911      -0.003005
                                                         2.113016       0.000000
                                                         5.605331       0.000000

                          1       3    3px               0.070000       0.000000
                                                         0.128212      -0.027849
                                                         0.348157      -0.139743
                                                         0.769911      -0.374851
                                                         2.113016      -0.642521
                                                         5.605331      -0.703879
                          1       3    3py               0.070000       0.000000
                                                         0.128212      -0.027849
                                                         0.348157      -0.139743
                                                         0.769911      -0.374851
                                                         2.113016      -0.642521
                                                         5.605331      -0.703879
                          1       3    3pz               0.070000       0.000000
                                                         0.128212      -0.027849
                                                         0.348157      -0.139743
                                                         0.769911      -0.374851
                                                         2.113016      -0.642521
                                                         5.605331      -0.703879

                          1       4    4px               0.070000       0.033242
                                                         0.128212       0.023307
                                                         0.348157       0.113522
                                                         0.769911      -0.094955
                                                         2.113016       0.000000
                                                         5.605331       0.000000
                          1       4    4py               0.070000       0.033242
                                                         0.128212       0.023307
                                                         0.348157       0.113522
                                                         0.769911      -0.094955
                                                         2.113016       0.000000
                                                         5.605331       0.000000
                          1       4    4pz               0.070000       0.033242
                                                         0.128212       0.023307
                                                         0.348157       0.113522
                                                         0.769911      -0.094955
                                                         2.113016       0.000000
                                                         5.605331       0.000000

                          1       5    4dx2              0.070000      -0.000111
                                                         0.128212       0.037828
                                                         0.348157       0.043639
                                                         0.769911       0.120124
                                                         2.113016       0.000000
                                                         5.605331       0.000000
                          1       5    4dxy              0.070000      -0.000193
                                                         0.128212       0.065520
                                                         0.348157       0.075585
                                                         0.769911       0.208061
                                                         2.113016       0.000000
                                                         5.605331       0.000000
                          1       5    4dxz              0.070000      -0.000193
                                                         0.128212       0.065520
                                                         0.348157       0.075585
                                                         0.769911       0.208061
                                                         2.113016       0.000000
                                                         5.605331       0.000000
                          1       5    4dy2              0.070000      -0.000111
                                                         0.128212       0.037828
                                                         0.348157       0.043639
                                                         0.769911       0.120124
                                                         2.113016       0.000000
                                                         5.605331       0.000000
                          1       5    4dyz              0.070000      -0.000193
                                                         0.128212       0.065520
                                                         0.348157       0.075585
                                                         0.769911       0.208061
                                                         2.113016       0.000000
                                                         5.605331       0.000000
                          1       5    4dz2              0.070000      -0.000111
                                                         0.128212       0.037828
                                                         0.348157       0.043639
                                                         0.769911       0.120124
                                                         2.113016       0.000000
                                                         5.605331       0.000000

     RI Auxiliary Basis Set             RI_aug-SZV-MOLOPT-GTH-tier-2_N_RI_030_s_

       Number of orbital shell sets:                                          10
       Number of orbital shells:                                              10
       Number of primitive Cartesian functions:                               10
       Number of Cartesian basis functions:                                   35
       Number of spherical basis functions:                                   30
       Norm type:                                                              2

       Normalised Cartesian orbitals:

                        Set   Shell   Orbital            Exponent    Coefficient

                          1       1    1s                0.191848       0.206599

                          2       1    2s                0.736300       0.566502

                          3       1    3s                2.917592       1.591031

                          4       1    4s                9.448168       3.840792

                          5       1    5px               0.281885       0.292772
                          5       1    5py               0.281885       0.292772
                          5       1    5pz               0.281885       0.292772

                          6       1    6px               0.984576       1.397983
                          6       1    6py               0.984576       1.397983
                          6       1    6pz               0.984576       1.397983

                          7       1    7px               2.475409       4.425871
                          7       1    7py               2.475409       4.425871
                          7       1    7pz               2.475409       4.425871

                          8       1    8dx2              0.347629       0.259037
                          8       1    8dxy              0.347629       0.448666
                          8       1    8dxz              0.347629       0.448666
                          8       1    8dy2              0.347629       0.259037
                          8       1    8dyz              0.347629       0.448666
                          8       1    8dz2              0.347629       0.259037

                          9       1    9dx2              1.822216       4.703911
                          9       1    9dxy              1.822216       8.147414
                          9       1    9dxz              1.822216       8.147414
                          9       1    9dy2              1.822216       4.703911
                          9       1    9dyz              1.822216       8.147414
                          9       1    9dz2              1.822216       4.703911

                         10       1   10fx3              0.497967       0.306659
                         10       1   10fx2y             0.497967       0.685710
                         10       1   10fx2z             0.497967       0.685710
                         10       1   10fxy2             0.497967       0.685710
                         10       1   10fxyz             0.497967       1.187685
                         10       1   10fxz2             0.497967       0.685710
                         10       1   10fy3              0.497967       0.306659
                         10       1   10fy2z             0.497967       0.685710
                         10       1   10fyz2             0.497967       0.685710
                         10       1   10fz3              0.497967       0.306659

       Atomic covalent radius [Angstrom]:                                  0.770

       Atomic van der Waals radius [Angstrom]:                             1.700

     GTH Potential information for                                    GTH-PBE-q4

       Description:                       Goedecker-Teter-Hutter pseudopotential
                                           Goedecker et al., PRB 54, 1703 (1996)
                                          Hartwigsen et al., PRB 58, 3641 (1998)
                                                      Krack, TCA 114, 145 (2005)

       Gaussian exponent of the core charge distribution:               4.364419
       Electronic configuration (s p d ...):                               2   2

       Parameters of the local part of the GTH pseudopotential:

                          rloc        C1          C2          C3          C4
                        0.338471   -8.803674    1.339211

       Parameters of the non-local part of the GTH pseudopotential:

                   l      r(l)      h(i,j,l)

                   0    0.302576    9.622487
                   1    0.291507


 MOLECULE KIND INFORMATION


 All atoms are their own molecule, skipping detailed information


 TOTAL NUMBERS AND MAXIMUM NUMBERS

  Total number of            - Atomic kinds:                                   2
                             - Atoms:                                        296
                             - Shell sets:                                   296
                             - Shells:                                      1408
                             - Primitive Cartesian functions:               1848
                             - Cartesian basis functions:                   3568
                             - Spherical basis functions:                   3344

  Maximum angular momentum of- Orbital basis functions:                        2
                             - Local part of the GTH pseudopotential:          2
                             - Non-local part of the GTH pseudopotential:      0


 MODULE QUICKSTEP: ATOMIC COORDINATES IN ANGSTROM

   Atom Kind Element         X             Y             Z       Z(eff)     Mass
      1    1 H     1     12.035671      4.997654      5.775000   1.0000   1.0079
      2    1 H     1      7.154329      4.997654      5.775000   1.0000   1.0079
      3    1 H     1      9.595000      5.308900      5.001956   1.0000   1.0079
      4    1 H     1      9.595000      5.308900      6.548044   1.0000   1.0079
      5    2 C     6      9.595000      6.081944      5.775000   4.0000  12.0107
      6    2 C     6     12.035671      6.090904      5.775000   4.0000  12.0107
      7    2 C     6      7.154329      6.090904      5.775000   4.0000  12.0107
      8    1 H     1      4.998191      6.305607      5.775000   1.0000   1.0079
      9    1 H     1     14.191809      6.305607      5.775000   1.0000   1.0079
     10    2 C     6     10.818523      6.795129      5.775000   4.0000  12.0107
     11    2 C     6      8.371477      6.795129      5.775000   4.0000  12.0107
     12    2 C     6     13.230017      6.825375      5.775000   4.0000  12.0107
     13    2 C     6      5.959983      6.825375      5.775000   4.0000  12.0107
     14    2 C     6     13.230017      8.183729      5.775000   4.0000  12.0107
     15    2 C     6      5.959983      8.183729      5.775000   4.0000  12.0107
     16    2 C     6      8.371477      8.213974      5.775000   4.0000  12.0107
     17    2 C     6     10.818523      8.213974      5.775000   4.0000  12.0107
     18    1 H     1      4.998191      8.703496      5.775000   1.0000   1.0079
     19    1 H     1     14.191809      8.703496      5.775000   1.0000   1.0079
     20    2 C     6     12.035671      8.918199      5.775000   4.0000  12.0107
     21    2 C     6      7.154329      8.918199      5.775000   4.0000  12.0107
     22    2 C     6      9.595000      8.927159      5.775000   4.0000  12.0107
     23    2 C     6      9.595000     10.346004      5.775000   4.0000  12.0107
     24    2 C     6      7.154329     10.354964      5.775000   4.0000  12.0107
     25    2 C     6     12.035671     10.354964      5.775000   4.0000  12.0107
     26    1 H     1     14.191809     10.569667      5.775000   1.0000   1.0079
     27    1 H     1      4.998191     10.569667      5.775000   1.0000   1.0079
     28    2 C     6     10.818523     11.059189      5.775000   4.0000  12.0107
     29    2 C     6      8.371477     11.059189      5.775000   4.0000  12.0107
     30    2 C     6      5.959983     11.089434      5.775000   4.0000  12.0107
     31    2 C     6     13.230017     11.089434      5.775000   4.0000  12.0107
     32    2 C     6     13.230017     12.447789      5.775000   4.0000  12.0107
     33    2 C     6      5.959983     12.447789      5.775000   4.0000  12.0107
     34    2 C     6      8.371477     12.478034      5.775000   4.0000  12.0107
     35    2 C     6     10.818523     12.478034      5.775000   4.0000  12.0107
     36    1 H     1      4.998191     12.967556      5.775000   1.0000   1.0079
     37    1 H     1     14.191809     12.967556      5.775000   1.0000   1.0079
     38    2 C     6     12.035671     13.182259      5.775000   4.0000  12.0107
     39    2 C     6      7.154329     13.182259      5.775000   4.0000  12.0107
     40    2 C     6      9.595000     13.191219      5.775000   4.0000  12.0107
     41    2 C     6      9.595000     14.610064      5.775000   4.0000  12.0107
     42    2 C     6      7.154329     14.619024      5.775000   4.0000  12.0107
     43    2 C     6     12.035671     14.619024      5.775000   4.0000  12.0107
     44    1 H     1     14.191809     14.833727      5.775000   1.0000   1.0079
     45    1 H     1      4.998191     14.833727      5.775000   1.0000   1.0079
     46    2 C     6     10.818523     15.323249      5.775000   4.0000  12.0107
     47    2 C     6      8.371477     15.323249      5.775000   4.0000  12.0107
     48    2 C     6      5.959983     15.353494      5.775000   4.0000  12.0107
     49    2 C     6     13.230017     15.353494      5.775000   4.0000  12.0107
     50    2 C     6     13.230017     16.711848      5.775000   4.0000  12.0107
     51    2 C     6      5.959983     16.711848      5.775000   4.0000  12.0107
     52    2 C     6     10.818523     16.742094      5.775000   4.0000  12.0107
     53    2 C     6      8.371477     16.742094      5.775000   4.0000  12.0107
     54    1 H     1     14.191809     17.231616      5.775000   1.0000   1.0079
     55    1 H     1      4.998191     17.231616      5.775000   1.0000   1.0079
     56    2 C     6     12.035671     17.446319      5.775000   4.0000  12.0107
     57    2 C     6      7.154329     17.446319      5.775000   4.0000  12.0107
     58    2 C     6      9.595000     17.455279      5.775000   4.0000  12.0107
     59    2 C     6      9.595000     18.874124      5.775000   4.0000  12.0107
     60    2 C     6      7.154329     18.883084      5.775000   4.0000  12.0107
     61    2 C     6     12.035671     18.883084      5.775000   4.0000  12.0107
     62    1 H     1      4.998191     19.097787      5.775000   1.0000   1.0079
     63    1 H     1     14.191809     19.097787      5.775000   1.0000   1.0079
     64    2 C     6     10.818523     19.587309      5.775000   4.0000  12.0107
     65    2 C     6      8.371477     19.587309      5.775000   4.0000  12.0107
     66    2 C     6     13.230017     19.617554      5.775000   4.0000  12.0107
     67    2 C     6      5.959983     19.617554      5.775000   4.0000  12.0107
     68    2 C     6      5.959983     20.975908      5.775000   4.0000  12.0107
     69    2 C     6     13.230017     20.975908      5.775000   4.0000  12.0107
     70    2 C     6      8.371477     21.006154      5.775000   4.0000  12.0107
     71    2 C     6     10.818523     21.006154      5.775000   4.0000  12.0107
     72    1 H     1      4.998191     21.495676      5.775000   1.0000   1.0079
     73    1 H     1     14.191809     21.495676      5.775000   1.0000   1.0079
     74    2 C     6     12.035671     21.710379      5.775000   4.0000  12.0107
     75    2 C     6      7.154329     21.710379      5.775000   4.0000  12.0107
     76    2 C     6      9.595000     21.719338      5.775000   4.0000  12.0107
     77    2 C     6      9.595000     23.138183      5.775000   4.0000  12.0107
     78    2 C     6     12.035671     23.147143      5.775000   4.0000  12.0107
     79    2 C     6      7.154329     23.147143      5.775000   4.0000  12.0107
     80    1 H     1      4.998191     23.361846      5.775000   1.0000   1.0079
     81    1 H     1     14.191809     23.361846      5.775000   1.0000   1.0079
     82    2 C     6     10.818523     23.851368      5.775000   4.0000  12.0107
     83    2 C     6      8.371477     23.851368      5.775000   4.0000  12.0107
     84    2 C     6      5.959983     23.881614      5.775000   4.0000  12.0107
     85    2 C     6     13.230017     23.881614      5.775000   4.0000  12.0107
     86    2 C     6     13.230017     25.239968      5.775000   4.0000  12.0107
     87    2 C     6      5.959983     25.239968      5.775000   4.0000  12.0107
     88    2 C     6      8.371477     25.270213      5.775000   4.0000  12.0107
     89    2 C     6     10.818523     25.270213      5.775000   4.0000  12.0107
     90    1 H     1      4.998191     25.759735      5.775000   1.0000   1.0079
     91    1 H     1     14.191809     25.759735      5.775000   1.0000   1.0079
     92    2 C     6      7.154329     25.974438      5.775000   4.0000  12.0107
     93    2 C     6     12.035671     25.974438      5.775000   4.0000  12.0107
     94    2 C     6      9.595000     25.983398      5.775000   4.0000  12.0107
     95    2 C     6      9.595000     27.402243      5.775000   4.0000  12.0107
     96    2 C     6      7.154329     27.411203      5.775000   4.0000  12.0107
     97    2 C     6     12.035671     27.411203      5.775000   4.0000  12.0107
     98    1 H     1     14.191809     27.625906      5.775000   1.0000   1.0079
     99    1 H     1      4.998191     27.625906      5.775000   1.0000   1.0079
    100    2 C     6     10.818523     28.115428      5.775000   4.0000  12.0107
    101    2 C     6      8.371477     28.115428      5.775000   4.0000  12.0107
    102    2 C     6      5.959983     28.145673      5.775000   4.0000  12.0107
    103    2 C     6     13.230017     28.145673      5.775000   4.0000  12.0107
    104    2 C     6     13.230017     29.504028      5.775000   4.0000  12.0107
    105    2 C     6      5.959983     29.504028      5.775000   4.0000  12.0107
    106    2 C     6      8.371477     29.534273      5.775000   4.0000  12.0107
    107    2 C     6     10.818523     29.534273      5.775000   4.0000  12.0107
    108    1 H     1      4.998191     30.023795      5.775000   1.0000   1.0079
    109    1 H     1     14.191809     30.023795      5.775000   1.0000   1.0079
    110    2 C     6      7.154329     30.238498      5.775000   4.0000  12.0107
    111    2 C     6     12.035671     30.238498      5.775000   4.0000  12.0107
    112    2 C     6      9.595000     30.247458      5.775000   4.0000  12.0107
    113    2 C     6      9.595000     31.666303      5.775000   4.0000  12.0107
    114    2 C     6      7.154329     31.675263      5.775000   4.0000  12.0107
    115    2 C     6     12.035671     31.675263      5.775000   4.0000  12.0107
    116    1 H     1      4.998191     31.889966      5.775000   1.0000   1.0079
    117    1 H     1     14.191809     31.889966      5.775000   1.0000   1.0079
    118    2 C     6      8.371477     32.379488      5.775000   4.0000  12.0107
    119    2 C     6     10.818523     32.379488      5.775000   4.0000  12.0107
    120    2 C     6     13.230017     32.409733      5.775000   4.0000  12.0107
    121    2 C     6      5.959983     32.409733      5.775000   4.0000  12.0107
    122    2 C     6     13.230017     33.768087      5.775000   4.0000  12.0107
    123    2 C     6      5.959983     33.768087      5.775000   4.0000  12.0107
    124    2 C     6     10.818523     33.798333      5.775000   4.0000  12.0107
    125    2 C     6      8.371477     33.798333      5.775000   4.0000  12.0107
    126    1 H     1     14.191809     34.287855      5.775000   1.0000   1.0079
    127    1 H     1      4.998191     34.287855      5.775000   1.0000   1.0079
    128    2 C     6      7.154329     34.502558      5.775000   4.0000  12.0107
    129    2 C     6     12.035671     34.502558      5.775000   4.0000  12.0107
    130    2 C     6      9.595000     34.511518      5.775000   4.0000  12.0107
    131    2 C     6      9.595000     35.930363      5.775000   4.0000  12.0107
    132    2 C     6     12.035671     35.939323      5.775000   4.0000  12.0107
    133    2 C     6      7.154329     35.939323      5.775000   4.0000  12.0107
    134    1 H     1      4.998191     36.154026      5.775000   1.0000   1.0079
    135    1 H     1     14.191809     36.154026      5.775000   1.0000   1.0079
    136    2 C     6      8.371477     36.643548      5.775000   4.0000  12.0107
    137    2 C     6     10.818523     36.643548      5.775000   4.0000  12.0107
    138    2 C     6      5.959983     36.673793      5.775000   4.0000  12.0107
    139    2 C     6     13.230017     36.673793      5.775000   4.0000  12.0107
    140    2 C     6     13.230017     38.032147      5.775000   4.0000  12.0107
    141    2 C     6      5.959983     38.032147      5.775000   4.0000  12.0107
    142    2 C     6      8.371477     38.062393      5.775000   4.0000  12.0107
    143    2 C     6     10.818523     38.062393      5.775000   4.0000  12.0107
    144    1 H     1     14.191809     38.551915      5.775000   1.0000   1.0079
    145    1 H     1      4.998191     38.551915      5.775000   1.0000   1.0079
    146    2 C     6     12.035671     38.766618      5.775000   4.0000  12.0107
    147    2 C     6      7.154329     38.766618      5.775000   4.0000  12.0107
    148    2 C     6      9.595000     38.775577      5.775000   4.0000  12.0107
    149    2 C     6      9.595000     40.194422      5.775000   4.0000  12.0107
    150    2 C     6     12.035671     40.203382      5.775000   4.0000  12.0107
    151    2 C     6      7.154329     40.203382      5.775000   4.0000  12.0107
    152    1 H     1     14.191809     40.418085      5.775000   1.0000   1.0079
    153    1 H     1      4.998191     40.418085      5.775000   1.0000   1.0079
    154    2 C     6      8.371477     40.907607      5.775000   4.0000  12.0107
    155    2 C     6     10.818523     40.907607      5.775000   4.0000  12.0107
    156    2 C     6     13.230017     40.937853      5.775000   4.0000  12.0107
    157    2 C     6      5.959983     40.937853      5.775000   4.0000  12.0107
    158    2 C     6     13.230017     42.296207      5.775000   4.0000  12.0107
    159    2 C     6      5.959983     42.296207      5.775000   4.0000  12.0107
    160    2 C     6     10.818523     42.326452      5.775000   4.0000  12.0107
    161    2 C     6      8.371477     42.326452      5.775000   4.0000  12.0107
    162    1 H     1      4.998191     42.815974      5.775000   1.0000   1.0079
    163    1 H     1     14.191809     42.815974      5.775000   1.0000   1.0079
    164    2 C     6     12.035671     43.030677      5.775000   4.0000  12.0107
    165    2 C     6      7.154329     43.030677      5.775000   4.0000  12.0107
    166    2 C     6      9.595000     43.039637      5.775000   4.0000  12.0107
    167    2 C     6      9.595000     44.458482      5.775000   4.0000  12.0107
    168    2 C     6      7.154329     44.467442      5.775000   4.0000  12.0107
    169    2 C     6     12.035671     44.467442      5.775000   4.0000  12.0107
    170    1 H     1     14.191809     44.682145      5.775000   1.0000   1.0079
    171    1 H     1      4.998191     44.682145      5.775000   1.0000   1.0079
    172    2 C     6     10.818523     45.171667      5.775000   4.0000  12.0107
    173    2 C     6      8.371477     45.171667      5.775000   4.0000  12.0107
    174    2 C     6     13.230017     45.201913      5.775000   4.0000  12.0107
    175    2 C     6      5.959983     45.201913      5.775000   4.0000  12.0107
    176    2 C     6     13.230017     46.560267      5.775000   4.0000  12.0107
    177    2 C     6      5.959983     46.560267      5.775000   4.0000  12.0107
    178    2 C     6      8.371477     46.590512      5.775000   4.0000  12.0107
    179    2 C     6     10.818523     46.590512      5.775000   4.0000  12.0107
    180    1 H     1      4.998191     47.080034      5.775000   1.0000   1.0079
    181    1 H     1     14.191809     47.080034      5.775000   1.0000   1.0079
    182    2 C     6     12.035671     47.294737      5.775000   4.0000  12.0107
    183    2 C     6      7.154329     47.294737      5.775000   4.0000  12.0107
    184    2 C     6      9.595000     47.303697      5.775000   4.0000  12.0107
    185    2 C     6      9.595000     48.722542      5.775000   4.0000  12.0107
    186    2 C     6      7.154329     48.731502      5.775000   4.0000  12.0107
    187    2 C     6     12.035671     48.731502      5.775000   4.0000  12.0107
    188    1 H     1     14.191809     48.946205      5.775000   1.0000   1.0079
    189    1 H     1      4.998191     48.946205      5.775000   1.0000   1.0079
    190    2 C     6     10.818523     49.435727      5.775000   4.0000  12.0107
    191    2 C     6      8.371477     49.435727      5.775000   4.0000  12.0107
    192    2 C     6      5.959983     49.465972      5.775000   4.0000  12.0107
    193    2 C     6     13.230017     49.465972      5.775000   4.0000  12.0107
    194    2 C     6     13.230017     50.824327      5.775000   4.0000  12.0107
    195    2 C     6      5.959983     50.824327      5.775000   4.0000  12.0107
    196    2 C     6     10.818523     50.854572      5.775000   4.0000  12.0107
    197    2 C     6      8.371477     50.854572      5.775000   4.0000  12.0107
    198    1 H     1     14.191809     51.344094      5.775000   1.0000   1.0079
    199    1 H     1      4.998191     51.344094      5.775000   1.0000   1.0079
    200    2 C     6      7.154329     51.558797      5.775000   4.0000  12.0107
    201    2 C     6     12.035671     51.558797      5.775000   4.0000  12.0107
    202    2 C     6      9.595000     51.567757      5.775000   4.0000  12.0107
    203    2 C     6      9.595000     52.986602      5.775000   4.0000  12.0107
    204    2 C     6     12.035671     52.995562      5.775000   4.0000  12.0107
    205    2 C     6      7.154329     52.995562      5.775000   4.0000  12.0107
    206    1 H     1      4.998191     53.210265      5.775000   1.0000   1.0079
    207    1 H     1     14.191809     53.210265      5.775000   1.0000   1.0079
    208    2 C     6     10.818523     53.699787      5.775000   4.0000  12.0107
    209    2 C     6      8.371477     53.699787      5.775000   4.0000  12.0107
    210    2 C     6     13.230017     53.730032      5.775000   4.0000  12.0107
    211    2 C     6      5.959983     53.730032      5.775000   4.0000  12.0107
    212    2 C     6     13.230017     55.088386      5.775000   4.0000  12.0107
    213    2 C     6      5.959983     55.088386      5.775000   4.0000  12.0107
    214    2 C     6     10.818523     55.118632      5.775000   4.0000  12.0107
    215    2 C     6      8.371477     55.118632      5.775000   4.0000  12.0107
    216    1 H     1      4.998191     55.608154      5.775000   1.0000   1.0079
    217    1 H     1     14.191809     55.608154      5.775000   1.0000   1.0079
    218    2 C     6      7.154329     55.822857      5.775000   4.0000  12.0107
    219    2 C     6     12.035671     55.822857      5.775000   4.0000  12.0107
    220    2 C     6      9.595000     55.831817      5.775000   4.0000  12.0107
    221    2 C     6      9.595000     57.250662      5.775000   4.0000  12.0107
    222    2 C     6      7.154329     57.259621      5.775000   4.0000  12.0107
    223    2 C     6     12.035671     57.259621      5.775000   4.0000  12.0107
    224    1 H     1      4.998191     57.474324      5.775000   1.0000   1.0079
    225    1 H     1     14.191809     57.474324      5.775000   1.0000   1.0079
    226    2 C     6      8.371477     57.963846      5.775000   4.0000  12.0107
    227    2 C     6     10.818523     57.963846      5.775000   4.0000  12.0107
    228    2 C     6     13.230017     57.994092      5.775000   4.0000  12.0107
    229    2 C     6      5.959983     57.994092      5.775000   4.0000  12.0107
    230    2 C     6      5.959983     59.352446      5.775000   4.0000  12.0107
    231    2 C     6     13.230017     59.352446      5.775000   4.0000  12.0107
    232    2 C     6     10.818523     59.382691      5.775000   4.0000  12.0107
    233    2 C     6      8.371477     59.382691      5.775000   4.0000  12.0107
    234    1 H     1     14.191809     59.872213      5.775000   1.0000   1.0079
    235    1 H     1      4.998191     59.872213      5.775000   1.0000   1.0079
    236    2 C     6     12.035671     60.086916      5.775000   4.0000  12.0107
    237    2 C     6      7.154329     60.086916      5.775000   4.0000  12.0107
    238    2 C     6      9.595000     60.095876      5.775000   4.0000  12.0107
    239    2 C     6      9.595000     61.514721      5.775000   4.0000  12.0107
    240    2 C     6      7.154329     61.523681      5.775000   4.0000  12.0107
    241    2 C     6     12.035671     61.523681      5.775000   4.0000  12.0107
    242    1 H     1     14.191809     61.738384      5.775000   1.0000   1.0079
    243    1 H     1      4.998191     61.738384      5.775000   1.0000   1.0079
    244    2 C     6      8.371477     62.227906      5.775000   4.0000  12.0107
    245    2 C     6     10.818523     62.227906      5.775000   4.0000  12.0107
    246    2 C     6     13.230017     62.258152      5.775000   4.0000  12.0107
    247    2 C     6      5.959983     62.258152      5.775000   4.0000  12.0107
    248    2 C     6     13.230017     63.616506      5.775000   4.0000  12.0107
    249    2 C     6      5.959983     63.616506      5.775000   4.0000  12.0107
    250    2 C     6     10.818523     63.646751      5.775000   4.0000  12.0107
    251    2 C     6      8.371477     63.646751      5.775000   4.0000  12.0107
    252    1 H     1     14.191809     64.136273      5.775000   1.0000   1.0079
    253    1 H     1      4.998191     64.136273      5.775000   1.0000   1.0079
    254    2 C     6     12.035671     64.350976      5.775000   4.0000  12.0107
    255    2 C     6      7.154329     64.350976      5.775000   4.0000  12.0107
    256    2 C     6      9.595000     64.359936      5.775000   4.0000  12.0107
    257    2 C     6      9.595000     65.778781      5.775000   4.0000  12.0107
    258    2 C     6     12.035671     65.787741      5.775000   4.0000  12.0107
    259    2 C     6      7.154329     65.787741      5.775000   4.0000  12.0107
    260    1 H     1     14.191809     66.002444      5.775000   1.0000   1.0079
    261    1 H     1      4.998191     66.002444      5.775000   1.0000   1.0079
    262    2 C     6     10.818523     66.491966      5.775000   4.0000  12.0107
    263    2 C     6      8.371477     66.491966      5.775000   4.0000  12.0107
    264    2 C     6     13.230017     66.522211      5.775000   4.0000  12.0107
    265    2 C     6      5.959983     66.522211      5.775000   4.0000  12.0107
    266    2 C     6      5.959983     67.880566      5.775000   4.0000  12.0107
    267    2 C     6     13.230017     67.880566      5.775000   4.0000  12.0107
    268    2 C     6     10.818523     67.910811      5.775000   4.0000  12.0107
    269    2 C     6      8.371477     67.910811      5.775000   4.0000  12.0107
    270    1 H     1     14.191809     68.400333      5.775000   1.0000   1.0079
    271    1 H     1      4.998191     68.400333      5.775000   1.0000   1.0079
    272    2 C     6      7.154329     68.615036      5.775000   4.0000  12.0107
    273    2 C     6     12.035671     68.615036      5.775000   4.0000  12.0107
    274    2 C     6      9.595000     68.623996      5.775000   4.0000  12.0107
    275    2 C     6      9.595000     70.042841      5.775000   4.0000  12.0107
    276    2 C     6      7.154329     70.051801      5.775000   4.0000  12.0107
    277    2 C     6     12.035671     70.051801      5.775000   4.0000  12.0107
    278    1 H     1      4.998191     70.266504      5.775000   1.0000   1.0079
    279    1 H     1     14.191809     70.266504      5.775000   1.0000   1.0079
    280    2 C     6     10.818523     70.756026      5.775000   4.0000  12.0107
    281    2 C     6      8.371477     70.756026      5.775000   4.0000  12.0107
    282    2 C     6      5.959983     70.786271      5.775000   4.0000  12.0107
    283    2 C     6     13.230017     70.786271      5.775000   4.0000  12.0107
    284    2 C     6      5.959983     72.144625      5.775000   4.0000  12.0107
    285    2 C     6     13.230017     72.144625      5.775000   4.0000  12.0107
    286    2 C     6      8.371477     72.174871      5.775000   4.0000  12.0107
    287    2 C     6     10.818523     72.174871      5.775000   4.0000  12.0107
    288    1 H     1     14.191809     72.664393      5.775000   1.0000   1.0079
    289    1 H     1      4.998191     72.664393      5.775000   1.0000   1.0079
    290    2 C     6      7.154329     72.879096      5.775000   4.0000  12.0107
    291    2 C     6     12.035671     72.879096      5.775000   4.0000  12.0107
    292    2 C     6      9.595000     72.888056      5.775000   4.0000  12.0107
    293    1 H     1      9.595000     73.661100      6.548044   1.0000   1.0079
    294    1 H     1      9.595000     73.661100      5.001956   1.0000   1.0079
    295    1 H     1     12.035671     73.972346      5.775000   1.0000   1.0079
    296    1 H     1      7.154329     73.972346      5.775000   1.0000   1.0079



 SCF PARAMETERS         Density guess:                                   RESTART
                        --------------------------------------------------------
                        max_scf:                                             300
                        max_scf_history:                                       0
                        max_diis:                                              4
                        --------------------------------------------------------
                        eps_scf:                                        1.00E-07
                        eps_scf_history:                                0.00E+00
                        eps_diis:                                       1.00E-01
                        eps_eigval:                                     1.00E-05
                        --------------------------------------------------------
                        level_shift [a.u.]:                             0.000000
                        SCF update method:                                MIXING
                        added MOs                                       100    0
                        --------------------------------------------------------
                        Mixing method:                            BROYDEN_MIXING
                                                charge density mixing in g-space
                        --------------------------------------------------------
                        No outer SCF

 PW_GRID| Information for grid number                                          1
 PW_GRID| Grid distributed over                                    64 processors
 PW_GRID| Real space group dimensions                                    64    1
 PW_GRID| the grid is blocked:                                                NO
 PW_GRID| Cutoff [a.u.]                                                    300.0
 PW_GRID| spherical cutoff:                                                   NO
 PW_GRID|   Bounds   1           -144     143                Points:         288
 PW_GRID|   Bounds   2           -594     593                Points:        1188
 PW_GRID|   Bounds   3            -90      89                Points:         180
 PW_GRID| Volume element (a.u.^3)  0.1918E-02     Volume (a.u.^3)    118117.8964
 PW_GRID| Grid span                                                    FULLSPACE
 PW_GRID|   Distribution                         Average         Max         Min
 PW_GRID|   G-Vectors                           962280.0      962496      962208
 PW_GRID|   G-Rays                                3341.2        3342        3341
 PW_GRID|   Real Space Points                   962280.0     1069200      855360

 PW_GRID| Information for grid number                                          2
 PW_GRID| Number of the reference grid                                         1
 PW_GRID| Grid distributed over                                    64 processors
 PW_GRID| Real space group dimensions                                    64    1
 PW_GRID| the grid is blocked:                                                NO
 PW_GRID| Cutoff [a.u.]                                                    100.0
 PW_GRID| spherical cutoff:                                                   NO
 PW_GRID|   Bounds   1            -90      89                Points:         180
 PW_GRID|   Bounds   2           -337     337                Points:         675
 PW_GRID|   Bounds   3            -50      49                Points:         100
 PW_GRID| Volume element (a.u.^3)  0.9722E-02     Volume (a.u.^3)    118117.8964
 PW_GRID| Grid span                                                    FULLSPACE
 PW_GRID|   Distribution                         Average         Max         Min
 PW_GRID|   G-Vectors                           189843.8      192060      186840
 PW_GRID|   G-Rays                                1054.7        1067        1038
 PW_GRID|   Real Space Points                   189843.8      202500      135000

 PW_GRID| Information for grid number                                          3
 PW_GRID| Number of the reference grid                                         1
 PW_GRID| Grid distributed over                                    64 processors
 PW_GRID| Real space group dimensions                                    64    1
 PW_GRID| the grid is blocked:                                                NO
 PW_GRID| Cutoff [a.u.]                                                     33.3
 PW_GRID| spherical cutoff:                                                   NO
 PW_GRID|   Bounds   1            -48      47                Points:          96
 PW_GRID|   Bounds   2           -200     199                Points:         400
 PW_GRID|   Bounds   3            -30      29                Points:          60
 PW_GRID| Volume element (a.u.^3)  0.5127E-01     Volume (a.u.^3)    118117.8964
 PW_GRID| Grid span                                                    FULLSPACE
 PW_GRID|   Distribution                         Average         Max         Min
 PW_GRID|   G-Vectors                            36000.0       37152       35040
 PW_GRID|   G-Rays                                 375.0         387         365
 PW_GRID|   Real Space Points                    36000.0       48000       24000

 PW_GRID| Information for grid number                                          4
 PW_GRID| Number of the reference grid                                         1
 PW_GRID| Grid distributed over                                    64 processors
 PW_GRID| Real space group dimensions                                     8    8
 PW_GRID| the grid is blocked:                                                NO
 PW_GRID| Cutoff [a.u.]                                                     11.1
 PW_GRID| spherical cutoff:                                                   NO
 PW_GRID|   Bounds   1            -30      29                Points:          60
 PW_GRID|   Bounds   2           -112     112                Points:         225
 PW_GRID|   Bounds   3            -18      17                Points:          36
 PW_GRID| Volume element (a.u.^3)  0.2430         Volume (a.u.^3)    118117.8964
 PW_GRID| Grid span                                                    FULLSPACE
 PW_GRID|   Distribution                         Average         Max         Min
 PW_GRID|   G-Vectors                             7593.8        8340        7140
 PW_GRID|   G-Rays                                 126.6         139         119
 PW_GRID|   Real Space Points                     7593.8        8352        7056

 POISSON| Solver                                             MULTIPOLE (Bloechl)
 POISSON| Periodicity                                                       NONE

 RS_GRID| Information for grid number                                          1
 RS_GRID|   Bounds   1           -144     143                Points:         288
 RS_GRID|   Bounds   2           -594     593                Points:        1188
 RS_GRID|   Bounds   3            -90      89                Points:         180
 RS_GRID| Real space distribution over                                  4 groups
 RS_GRID| Real space distribution along direction                              1
 RS_GRID| Border size                                                         30
 RS_GRID| Real space distribution over                                 16 groups
 RS_GRID| Real space distribution along direction                              2
 RS_GRID| Border size                                                         30
 RS_GRID|   Distribution                         Average         Max         Min
 RS_GRID|   Planes                                 132.0         132         132
 RS_GRID|   Distribution                         Average         Max         Min
 RS_GRID|   Planes                                 134.2         135         134

 RS_GRID| Information for grid number                                          2
 RS_GRID|   Bounds   1            -90      89                Points:         180
 RS_GRID|   Bounds   2           -337     337                Points:         675
 RS_GRID|   Bounds   3            -50      49                Points:         100
 RS_GRID| Real space distribution over                                  4 groups
 RS_GRID| Real space distribution along direction                              1
 RS_GRID| Border size                                                         33
 RS_GRID| Real space distribution over                                 16 groups
 RS_GRID| Real space distribution along direction                              2
 RS_GRID| Border size                                                         33
 RS_GRID|   Distribution                         Average         Max         Min
 RS_GRID|   Planes                                 111.0         111         111
 RS_GRID|   Distribution                         Average         Max         Min
 RS_GRID|   Planes                                 108.2         109         108

 RS_GRID| Information for grid number                                          3
 RS_GRID|   Bounds   1            -48      47                Points:          96
 RS_GRID|   Bounds   2           -200     199                Points:         400
 RS_GRID|   Bounds   3            -30      29                Points:          60
 RS_GRID| Real space fully replicated
 RS_GRID| Group size                                                           1

 RS_GRID| Information for grid number                                          4
 RS_GRID|   Bounds   1            -30      29                Points:          60
 RS_GRID|   Bounds   2           -112     112                Points:         225
 RS_GRID|   Bounds   3            -18      17                Points:          36
 RS_GRID| Real space fully replicated
 RS_GRID| Group size                                                           1

 *** WARNING in emd/rt_bse_linearized.F:131 :: Linearized RT-BSE is under ***
 *** active development. Make sure you understand the method and validate ***
 *** results before using it for production calculations.                 ***


 Extrapolation method: initial_guess

 *** WARNING in qs_initial_guess.F:312 :: User requested to restart the    ***
 *** wavefunction from the file named: rec_4-RESTART.wfn. This file does   ***
 *** not exist. Please check the existence of the file or change properly  ***
 *** the value of the keyword WFN_RESTART_FILE_NAME. Calculation continues ***
 *** using ATOMIC GUESS.                                                   ***


 Atomic guess: The first density matrix is obtained in terms of atomic orbitals
               and electronic configurations assigned to each atomic kind

 Guess for atomic kind: H

 Electronic structure
    Total number of core electrons                                          0.00
    Total number of valence electrons                                       1.00
    Total number of electrons                                               1.00
    Multiplicity                                                   not specified
    S      1.00


 *******************************************************************************
                  Iteration          Convergence                     Energy [au]
 *******************************************************************************
                          1        0.309524E-02                  -0.417828613492
                          2        0.397171E-03                  -0.417845979898
                          3        0.350877E-04                  -0.417846294368
                          4        0.929317E-09                  -0.417846297422

 Energy components [Hartree]           Total Energy ::           -0.417846297422
                                        Band Energy ::           -0.196148543103
                                     Kinetic Energy ::            0.486531132430
                                   Potential Energy ::           -0.904377429852
                                      Virial (-V/T) ::            1.858827461532
                                        Core Energy ::           -0.470733162945
                                          XC Energy ::           -0.242450390891
                                     Coulomb Energy ::            0.295337256414
                       Total Pseudopotential Energy ::           -0.978038883002
                       Local Pseudopotential Energy ::           -0.978038883002
                    Nonlocal Pseudopotential Energy ::            0.000000000000
                                        Confinement ::            0.207745876267

 Orbital energies  State     L     Occupation   Energy[a.u.]          Energy[eV]

                       1     0          1.000      -0.196149           -5.337473


 Total Electron Density at R=0:                                         0.282919

 Guess for atomic kind: C

 Electronic structure
    Total number of core electrons                                          2.00
    Total number of valence electrons                                       4.00
    Total number of electrons                                               6.00
    Multiplicity                                                   not specified
    S   [  2.00] 2.00
    P      2.00


 *******************************************************************************
                  Iteration          Convergence                     Energy [au]
 *******************************************************************************
                          1        0.988758E-01                  -5.245867139855
                          2        0.702567E-01                  -5.249950338066
                          3        0.324324E-03                  -5.254466662830
                          4        0.763974E-05                  -5.254466744799
                          5        0.410505E-05                  -5.254466744830
                          6        0.282419E-05                  -5.254466744837
                          7        0.925356E-08                  -5.254466744843

 Energy components [Hartree]           Total Energy ::           -5.254466744843
                                        Band Energy ::           -1.295684616135
                                     Kinetic Energy ::            3.559613956185
                                   Potential Energy ::           -8.814080701028
                                      Virial (-V/T) ::            2.476133875617
                                        Core Energy ::           -8.257747528207
                                          XC Energy ::           -1.378022926287
                                     Coulomb Energy ::            4.381303709651
                       Total Pseudopotential Energy ::          -11.853169988044
                       Local Pseudopotential Energy ::          -12.322682182621
                    Nonlocal Pseudopotential Energy ::            0.469512194577
                                        Confinement ::            0.358085036523

 Orbital energies  State     L     Occupation   Energy[a.u.]          Energy[eV]

                       1     0          2.000      -0.472377          -12.854028

                       1     1          2.000      -0.175465           -4.774658


 Total Electron Density at R=0:                                         0.011027
 Re-scaling the density matrix to get the right number of electrons
                  # Electrons              Trace(P)               Scaling factor
                          968               968.000                        1.000

 Number of electrons:                                                        968
 Number of occupied orbitals:                                                484
 Number of molecular orbitals:                                               584

 Number of orbital functions:                                               3344
 Number of independent orbital functions:                                   3344


 SCF WAVEFUNCTION OPTIMIZATION

  Step     Update method      Time    Convergence         Total energy    Change
  ------------------------------------------------------------------------------
  Decoupling Energy:                                              -0.0028876020
     1 NoMix/Diag. 0.40E+00    0.8     0.94910287     -1311.1395343047 -1.31E+03
  Decoupling Energy:                                              -0.0022534637
     2 Broy./Diag. 0.40E+00    0.8     0.19491717     -1204.0451339197  1.07E+02
  Decoupling Energy:                                              -0.0011479733
     3 Broy./Diag. 0.40E+00    0.9     0.10758900     -1283.1138882534 -7.91E+01
  Decoupling Energy:                                              -0.0006563711
     4 Broy./Diag. 0.40E+00    0.8     0.01824868     -1313.3129543964 -3.02E+01
  Decoupling Energy:                                              -0.0002891048
     5 Broy./Diag. 0.40E+00    0.8     0.00711993     -1314.9780384452 -1.67E+00
  Decoupling Energy:                                              -0.0001472561
     6 Broy./Diag. 0.40E+00    0.8     0.00388810     -1315.2262801780 -2.48E-01
  Decoupling Energy:                                              -0.0000426164
     7 Broy./Diag. 0.40E+00    1.0     0.00329055     -1315.4342944608 -2.08E-01
  Decoupling Energy:                                              -0.0000241761
     8 Broy./Diag. 0.40E+00    0.8     0.00245099     -1316.1234083604 -6.89E-01
  Decoupling Energy:                                              -0.0000597436
     9 Broy./Diag. 0.40E+00    0.9     0.00261520     -1316.7475066682 -6.24E-01
  Decoupling Energy:                                              -0.0000881745
    10 Broy./Diag. 0.40E+00    1.0     0.00096742     -1317.0747230610 -3.27E-01
  Decoupling Energy:                                              -0.0001143658
    11 Broy./Diag. 0.40E+00    0.8     0.00151458     -1317.0434295403  3.13E-02
  Decoupling Energy:                                              -0.0001390577
    12 Broy./Diag. 0.40E+00    0.8     0.00121307     -1317.0081334075  3.53E-02
  Decoupling Energy:                                              -0.0001596560
    13 Broy./Diag. 0.40E+00    0.9     0.00045528     -1317.0514754017 -4.33E-02
  Decoupling Energy:                                              -0.0001871964
    14 Broy./Diag. 0.40E+00    0.8     0.00035065     -1317.1108088184 -5.93E-02
  Decoupling Energy:                                              -0.0002028792
    15 Broy./Diag. 0.40E+00    0.8     0.00017109     -1317.1328036812 -2.20E-02
  Decoupling Energy:                                              -0.0002074788
    16 Broy./Diag. 0.40E+00    0.9     0.00008636     -1317.1150807715  1.77E-02
  Decoupling Energy:                                              -0.0002089935
    17 Broy./Diag. 0.40E+00    0.8     0.00008994     -1317.0961427371  1.89E-02
  Decoupling Energy:                                              -0.0002087980
    18 Broy./Diag. 0.40E+00    0.8     0.00009044     -1317.0909277643  5.21E-03
  Decoupling Energy:                                              -0.0002077635
    19 Broy./Diag. 0.40E+00    0.9     0.00011250     -1317.0915287748 -6.01E-04
  Decoupling Energy:                                              -0.0002068424
    20 Broy./Diag. 0.40E+00    0.8     0.00009134     -1317.0891176106  2.41E-03
  Decoupling Energy:                                              -0.0002059787
    21 Broy./Diag. 0.40E+00    0.8     0.00007160     -1317.0859699390  3.15E-03
  Decoupling Energy:                                              -0.0002048266
    22 Broy./Diag. 0.40E+00    0.8     0.00007936     -1317.0839593592  2.01E-03
  Decoupling Energy:                                              -0.0002036472
    23 Broy./Diag. 0.40E+00    0.8     0.00006304     -1317.0837856032  1.74E-04
  Decoupling Energy:                                              -0.0002025535
    24 Broy./Diag. 0.40E+00    0.8     0.00004571     -1317.0845460296 -7.60E-04
  Decoupling Energy:                                              -0.0002016279
    25 Broy./Diag. 0.40E+00    0.9     0.00002976     -1317.0848759473 -3.30E-04
  Decoupling Energy:                                              -0.0002011852
    26 Broy./Diag. 0.40E+00    0.8     0.00001317     -1317.0844638094  4.12E-04
  Decoupling Energy:                                              -0.0002009206
    27 Broy./Diag. 0.40E+00    0.8     0.00001066     -1317.0840597378  4.04E-04
  Decoupling Energy:                                              -0.0002008199
    28 Broy./Diag. 0.40E+00    0.8     0.00000615     -1317.0840802461 -2.05E-05
  Decoupling Energy:                                              -0.0002007880
    29 Broy./Diag. 0.40E+00    0.8     0.00000384     -1317.0842957283 -2.15E-04
  Decoupling Energy:                                              -0.0002007939
    30 Broy./Diag. 0.40E+00    0.9     0.00000406     -1317.0844141998 -1.18E-04
  Decoupling Energy:                                              -0.0002008224
    31 Broy./Diag. 0.40E+00    0.8     0.00000332     -1317.0843591723  5.50E-05
  Decoupling Energy:                                              -0.0002008753
    32 Broy./Diag. 0.40E+00    0.8     0.00000336     -1317.0842455121  1.14E-04
  Decoupling Energy:                                              -0.0002009309
    33 Broy./Diag. 0.40E+00    0.8     0.00000273     -1317.0841728262  7.27E-05
  Decoupling Energy:                                              -0.0002009661
    34 Broy./Diag. 0.40E+00    0.8     0.00000147     -1317.0841670528  5.77E-06
  Decoupling Energy:                                              -0.0002009933
    35 Broy./Diag. 0.40E+00    0.8     0.00000106     -1317.0841810167 -1.40E-05
  Decoupling Energy:                                              -0.0002010126
    36 Broy./Diag. 0.40E+00    0.8     0.00000073     -1317.0841797605  1.26E-06
  Decoupling Energy:                                              -0.0002010284
    37 Broy./Diag. 0.40E+00    0.8     0.00000060     -1317.0841695251  1.02E-05
  Decoupling Energy:                                              -0.0002010404
    38 Broy./Diag. 0.40E+00    0.8     0.00000043     -1317.0841631359  6.39E-06
  Decoupling Energy:                                              -0.0002010470
    39 Broy./Diag. 0.40E+00    0.8     0.00000020     -1317.0841646824 -1.55E-06
  Decoupling Energy:                                              -0.0002010504
    40 Broy./Diag. 0.40E+00    0.8     0.00000014     -1317.0841697925 -5.11E-06
  Decoupling Energy:                                              -0.0002010510
    41 Broy./Diag. 0.40E+00    0.8     0.00000009     -1317.0841726665 -2.87E-06

  *** SCF run converged in    41 steps ***


  Electronic density on regular grids:       -968.0000000000       -0.0000000000
  Core density on regular grids:              968.0000000000       -0.0000000000
  Total charge density on r-space grids:       -0.0000000000
  Total charge density g-space grids:          -0.0000000000

  Overlap energy of the core charge distribution:               0.00007702240928
  Self energy of the core charge distribution:              -3088.59590063400356
  Core Hamiltonian energy:                                    978.79995086684301
  Hartree energy:                                            1210.91545419326121
  Exchange-correlation energy:                               -418.20375411500697

  Total energy:                                             -1317.08417266649712

 !-----------------------------------------------------------------------------!
                     Mulliken Population Analysis

 #  Atom  Element  Kind  Atomic population                           Net charge
       1     H        1          0.781373                              0.218627
       2     H        1          0.781373                              0.218627
       3     H        1          0.700389                              0.299611
       4     H        1          0.700389                              0.299611
       5     C        2          4.615459                             -0.615459
       6     C        2          4.201312                             -0.201312
       7     C        2          4.201312                             -0.201312
       8     H        1          0.768192                              0.231808
       9     H        1          0.768192                              0.231808
      10     C        2          4.049779                             -0.049779
      11     C        2          4.049779                             -0.049779
      12     C        2          4.245088                             -0.245088
      13     C        2          4.245088                             -0.245088
      14     C        2          4.161971                             -0.161971
      15     C        2          4.161971                             -0.161971
      16     C        2          3.963297                              0.036703
      17     C        2          3.963297                              0.036703
      18     H        1          0.809862                              0.190138
      19     H        1          0.809862                              0.190138
      20     C        2          4.083398                             -0.083398
      21     C        2          4.083398                             -0.083398
      22     C        2          3.965439                              0.034561
      23     C        2          3.966272                              0.033728
      24     C        2          4.059512                             -0.059512
      25     C        2          4.059512                             -0.059512
      26     H        1          0.804074                              0.195926
      27     H        1          0.804074                              0.195926
      28     C        2          3.981111                              0.018889
      29     C        2          3.981111                              0.018889
      30     C        2          4.137841                             -0.137841
      31     C        2          4.137841                             -0.137841
      32     C        2          4.140502                             -0.140502
      33     C        2          4.140502                             -0.140502
      34     C        2          3.983449                              0.016551
      35     C        2          3.983449                              0.016551
      36     H        1          0.813322                              0.186678
      37     H        1          0.813322                              0.186678
      38     C        2          4.069050                             -0.069050
      39     C        2          4.069050                             -0.069050
      40     C        2          3.969602                              0.030398
      41     C        2          3.971393                              0.028607
      42     C        2          4.068787                             -0.068787
      43     C        2          4.068787                             -0.068787
      44     H        1          0.812737                              0.187263
      45     H        1          0.812737                              0.187263
      46     C        2          3.986131                              0.013869
      47     C        2          3.986131                              0.013869
      48     C        2          4.139299                             -0.139299
      49     C        2          4.139299                             -0.139299
      50     C        2          4.140362                             -0.140362
      51     C        2          4.140362                             -0.140362
      52     C        2          3.986500                              0.013500
      53     C        2          3.986500                              0.013500
      54     H        1          0.813630                              0.186370
      55     H        1          0.813630                              0.186370
      56     C        2          4.071016                             -0.071016
      57     C        2          4.071016                             -0.071016
      58     C        2          3.972208                              0.027792
      59     C        2          3.972689                              0.027311
      60     C        2          4.070894                             -0.070894
      61     C        2          4.070894                             -0.070894
      62     H        1          0.813479                              0.186521
      63     H        1          0.813479                              0.186521
      64     C        2          3.987314                              0.012686
      65     C        2          3.987314                              0.012686
      66     C        2          4.140105                             -0.140105
      67     C        2          4.140105                             -0.140105
      68     C        2          4.140494                             -0.140494
      69     C        2          4.140494                             -0.140494
      70     C        2          3.987382                              0.012618
      71     C        2          3.987382                              0.012618
      72     H        1          0.813712                              0.186288
      73     H        1          0.813712                              0.186288
      74     C        2          4.071525                             -0.071525
      75     C        2          4.071525                             -0.071525
      76     C        2          3.972867                              0.027133
      77     C        2          3.973045                              0.026955
      78     C        2          4.071465                             -0.071465
      79     C        2          4.071465                             -0.071465
      80     H        1          0.813629                              0.186371
      81     H        1          0.813629                              0.186371
      82     C        2          3.987629                              0.012371
      83     C        2          3.987629                              0.012371
      84     C        2          4.140342                             -0.140342
      85     C        2          4.140342                             -0.140342
      86     C        2          4.140507                             -0.140507
      87     C        2          4.140507                             -0.140507
      88     C        2          3.987633                              0.012367
      89     C        2          3.987633                              0.012367
      90     H        1          0.813719                              0.186281
      91     H        1          0.813719                              0.186281
      92     C        2          4.071652                             -0.071652
      93     C        2          4.071652                             -0.071652
      94     C        2          3.973053                              0.026947
      95     C        2          3.973137                              0.026863
      96     C        2          4.071621                             -0.071621
      97     C        2          4.071621                             -0.071621
      98     H        1          0.813667                              0.186333
      99     H        1          0.813667                              0.186333
     100     C        2          3.987707                              0.012293
     101     C        2          3.987707                              0.012293
     102     C        2          4.140407                             -0.140407
     103     C        2          4.140407                             -0.140407
     104     C        2          4.140489                             -0.140489
     105     C        2          4.140489                             -0.140489
     106     C        2          3.987703                              0.012297
     107     C        2          3.987703                              0.012297
     108     H        1          0.813709                              0.186291
     109     H        1          0.813709                              0.186291
     110     C        2          4.071677                             -0.071677
     111     C        2          4.071677                             -0.071677
     112     C        2          3.973110                              0.026890
     113     C        2          3.973156                              0.026844
     114     C        2          4.071662                             -0.071662
     115     C        2          4.071662                             -0.071662
     116     H        1          0.813678                              0.186322
     117     H        1          0.813678                              0.186322
     118     C        2          3.987724                              0.012276
     119     C        2          3.987724                              0.012276
     120     C        2          4.140428                             -0.140428
     121     C        2          4.140428                             -0.140428
     122     C        2          4.140469                             -0.140469
     123     C        2          4.140469                             -0.140469
     124     C        2          3.987722                              0.012278
     125     C        2          3.987722                              0.012278
     126     H        1          0.813699                              0.186301
     127     H        1          0.813699                              0.186301
     128     C        2          4.071677                             -0.071677
     129     C        2          4.071677                             -0.071677
     130     C        2          3.973132                              0.026868
     131     C        2          3.973154                              0.026846
     132     C        2          4.071672                             -0.071672
     133     C        2          4.071672                             -0.071672
     134     H        1          0.813685                              0.186315
     135     H        1          0.813685                              0.186315
     136     C        2          3.987727                              0.012273
     137     C        2          3.987727                              0.012273
     138     C        2          4.140441                             -0.140441
     139     C        2          4.140441                             -0.140441
     140     C        2          4.140453                             -0.140453
     141     C        2          4.140453                             -0.140453
     142     C        2          3.987726                              0.012274
     143     C        2          3.987726                              0.012274
     144     H        1          0.813691                              0.186309
     145     H        1          0.813691                              0.186309
     146     C        2          4.071675                             -0.071675
     147     C        2          4.071675                             -0.071675
     148     C        2          3.973145                              0.026855
     149     C        2          3.973145                              0.026855
     150     C        2          4.071675                             -0.071675
     151     C        2          4.071675                             -0.071675
     152     H        1          0.813691                              0.186309
     153     H        1          0.813691                              0.186309
     154     C        2          3.987726                              0.012274
     155     C        2          3.987726                              0.012274
     156     C        2          4.140453                             -0.140453
     157     C        2          4.140453                             -0.140453
     158     C        2          4.140441                             -0.140441
     159     C        2          4.140441                             -0.140441
     160     C        2          3.987727                              0.012273
     161     C        2          3.987727                              0.012273
     162     H        1          0.813685                              0.186315
     163     H        1          0.813685                              0.186315
     164     C        2          4.071672                             -0.071672
     165     C        2          4.071672                             -0.071672
     166     C        2          3.973154                              0.026846
     167     C        2          3.973132                              0.026868
     168     C        2          4.071677                             -0.071677
     169     C        2          4.071677                             -0.071677
     170     H        1          0.813699                              0.186301
     171     H        1          0.813699                              0.186301
     172     C        2          3.987722                              0.012278
     173     C        2          3.987722                              0.012278
     174     C        2          4.140469                             -0.140469
     175     C        2          4.140469                             -0.140469
     176     C        2          4.140428                             -0.140428
     177     C        2          4.140428                             -0.140428
     178     C        2          3.987724                              0.012276
     179     C        2          3.987724                              0.012276
     180     H        1          0.813678                              0.186322
     181     H        1          0.813678                              0.186322
     182     C        2          4.071662                             -0.071662
     183     C        2          4.071662                             -0.071662
     184     C        2          3.973156                              0.026844
     185     C        2          3.973110                              0.026890
     186     C        2          4.071677                             -0.071677
     187     C        2          4.071677                             -0.071677
     188     H        1          0.813709                              0.186291
     189     H        1          0.813709                              0.186291
     190     C        2          3.987703                              0.012297
     191     C        2          3.987703                              0.012297
     192     C        2          4.140489                             -0.140489
     193     C        2          4.140489                             -0.140489
     194     C        2          4.140407                             -0.140407
     195     C        2          4.140407                             -0.140407
     196     C        2          3.987707                              0.012293
     197     C        2          3.987707                              0.012293
     198     H        1          0.813667                              0.186333
     199     H        1          0.813667                              0.186333
     200     C        2          4.071621                             -0.071621
     201     C        2          4.071621                             -0.071621
     202     C        2          3.973137                              0.026863
     203     C        2          3.973053                              0.026947
     204     C        2          4.071652                             -0.071652
     205     C        2          4.071652                             -0.071652
     206     H        1          0.813719                              0.186281
     207     H        1          0.813719                              0.186281
     208     C        2          3.987633                              0.012367
     209     C        2          3.987633                              0.012367
     210     C        2          4.140507                             -0.140507
     211     C        2          4.140507                             -0.140507
     212     C        2          4.140342                             -0.140342
     213     C        2          4.140342                             -0.140342
     214     C        2          3.987629                              0.012371
     215     C        2          3.987629                              0.012371
     216     H        1          0.813629                              0.186371
     217     H        1          0.813629                              0.186371
     218     C        2          4.071465                             -0.071465
     219     C        2          4.071465                             -0.071465
     220     C        2          3.973045                              0.026955
     221     C        2          3.972867                              0.027133
     222     C        2          4.071525                             -0.071525
     223     C        2          4.071525                             -0.071525
     224     H        1          0.813712                              0.186288
     225     H        1          0.813712                              0.186288
     226     C        2          3.987382                              0.012618
     227     C        2          3.987382                              0.012618
     228     C        2          4.140494                             -0.140494
     229     C        2          4.140494                             -0.140494
     230     C        2          4.140105                             -0.140105
     231     C        2          4.140105                             -0.140105
     232     C        2          3.987314                              0.012686
     233     C        2          3.987314                              0.012686
     234     H        1          0.813479                              0.186521
     235     H        1          0.813479                              0.186521
     236     C        2          4.070894                             -0.070894
     237     C        2          4.070894                             -0.070894
     238     C        2          3.972689                              0.027311
     239     C        2          3.972208                              0.027792
     240     C        2          4.071016                             -0.071016
     241     C        2          4.071016                             -0.071016
     242     H        1          0.813630                              0.186370
     243     H        1          0.813630                              0.186370
     244     C        2          3.986500                              0.013500
     245     C        2          3.986500                              0.013500
     246     C        2          4.140362                             -0.140362
     247     C        2          4.140362                             -0.140362
     248     C        2          4.139299                             -0.139299
     249     C        2          4.139299                             -0.139299
     250     C        2          3.986131                              0.013869
     251     C        2          3.986131                              0.013869
     252     H        1          0.812737                              0.187263
     253     H        1          0.812737                              0.187263
     254     C        2          4.068787                             -0.068787
     255     C        2          4.068787                             -0.068787
     256     C        2          3.971393                              0.028607
     257     C        2          3.969602                              0.030398
     258     C        2          4.069050                             -0.069050
     259     C        2          4.069050                             -0.069050
     260     H        1          0.813322                              0.186678
     261     H        1          0.813322                              0.186678
     262     C        2          3.983449                              0.016551
     263     C        2          3.983449                              0.016551
     264     C        2          4.140502                             -0.140502
     265     C        2          4.140502                             -0.140502
     266     C        2          4.137841                             -0.137841
     267     C        2          4.137841                             -0.137841
     268     C        2          3.981111                              0.018889
     269     C        2          3.981111                              0.018889
     270     H        1          0.804074                              0.195926
     271     H        1          0.804074                              0.195926
     272     C        2          4.059512                             -0.059512
     273     C        2          4.059512                             -0.059512
     274     C        2          3.966272                              0.033728
     275     C        2          3.965439                              0.034561
     276     C        2          4.083398                             -0.083398
     277     C        2          4.083398                             -0.083398
     278     H        1          0.809862                              0.190138
     279     H        1          0.809862                              0.190138
     280     C        2          3.963297                              0.036703
     281     C        2          3.963297                              0.036703
     282     C        2          4.161971                             -0.161971
     283     C        2          4.161971                             -0.161971
     284     C        2          4.245088                             -0.245088
     285     C        2          4.245088                             -0.245088
     286     C        2          4.049779                             -0.049779
     287     C        2          4.049779                             -0.049779
     288     H        1          0.768192                              0.231808
     289     H        1          0.768192                              0.231808
     290     C        2          4.201312                             -0.201312
     291     C        2          4.201312                             -0.201312
     292     C        2          4.615459                             -0.615459
     293     H        1          0.700389                              0.299611
     294     H        1          0.700389                              0.299611
     295     H        1          0.781373                              0.218627
     296     H        1          0.781373                              0.218627
 # Total charge                            968.000000                 -0.000000

 !-----------------------------------------------------------------------------!

 !-----------------------------------------------------------------------------!
                           Hirshfeld Charges

  #Atom  Element  Kind  Ref Charge     Population                    Net charge
      1       H      1       1.000          0.549                         0.451
      2       H      1       1.000          0.549                         0.451
      3       H      1       1.000          0.553                         0.447
      4       H      1       1.000          0.553                         0.447
      5       C      2       4.000          4.781                        -0.781
      6       C      2       4.000          4.470                        -0.470
      7       C      2       4.000          4.470                        -0.470
      8       H      1       1.000          0.551                         0.449
      9       H      1       1.000          0.551                         0.449
     10       C      2       4.000          4.006                        -0.006
     11       C      2       4.000          4.006                        -0.006
     12       C      2       4.000          4.446                        -0.446
     13       C      2       4.000          4.446                        -0.446
     14       C      2       4.000          4.455                        -0.455
     15       C      2       4.000          4.455                        -0.455
     16       C      2       4.000          4.007                        -0.007
     17       C      2       4.000          4.007                        -0.007
     18       H      1       1.000          0.555                         0.445
     19       H      1       1.000          0.555                         0.445
     20       C      2       4.000          3.995                         0.005
     21       C      2       4.000          3.995                         0.005
     22       C      2       4.000          4.003                        -0.003
     23       C      2       4.000          4.007                        -0.007
     24       C      2       4.000          3.999                         0.001
     25       C      2       4.000          3.999                         0.001
     26       H      1       1.000          0.555                         0.445
     27       H      1       1.000          0.555                         0.445
     28       C      2       4.000          4.000                        -0.000
     29       C      2       4.000          4.000                        -0.000
     30       C      2       4.000          4.444                        -0.444
     31       C      2       4.000          4.444                        -0.444
     32       C      2       4.000          4.447                        -0.447
     33       C      2       4.000          4.447                        -0.447
     34       C      2       4.000          4.001                        -0.001
     35       C      2       4.000          4.001                        -0.001
     36       H      1       1.000          0.555                         0.445
     37       H      1       1.000          0.555                         0.445
     38       C      2       4.000          3.997                         0.003
     39       C      2       4.000          3.997                         0.003
     40       C      2       4.000          4.001                        -0.001
     41       C      2       4.000          4.002                        -0.002
     42       C      2       4.000          3.998                         0.002
     43       C      2       4.000          3.998                         0.002
     44       H      1       1.000          0.555                         0.445
     45       H      1       1.000          0.555                         0.445
     46       C      2       4.000          4.000                        -0.000
     47       C      2       4.000          4.000                        -0.000
     48       C      2       4.000          4.445                        -0.445
     49       C      2       4.000          4.445                        -0.445
     50       C      2       4.000          4.445                        -0.445
     51       C      2       4.000          4.445                        -0.445
     52       C      2       4.000          4.000                        -0.000
     53       C      2       4.000          4.000                        -0.000
     54       H      1       1.000          0.555                         0.445
     55       H      1       1.000          0.555                         0.445
     56       C      2       4.000          3.998                         0.002
     57       C      2       4.000          3.998                         0.002
     58       C      2       4.000          4.001                        -0.001
     59       C      2       4.000          4.002                        -0.002
     60       C      2       4.000          3.998                         0.002
     61       C      2       4.000          3.998                         0.002
     62       H      1       1.000          0.555                         0.445
     63       H      1       1.000          0.555                         0.445
     64       C      2       4.000          4.000                        -0.000
     65       C      2       4.000          4.000                        -0.000
     66       C      2       4.000          4.445                        -0.445
     67       C      2       4.000          4.445                        -0.445
     68       C      2       4.000          4.445                        -0.445
     69       C      2       4.000          4.445                        -0.445
     70       C      2       4.000          4.000                         0.000
     71       C      2       4.000          4.000                         0.000
     72       H      1       1.000          0.555                         0.445
     73       H      1       1.000          0.555                         0.445
     74       C      2       4.000          3.998                         0.002
     75       C      2       4.000          3.998                         0.002
     76       C      2       4.000          4.001                        -0.001
     77       C      2       4.000          4.001                        -0.001
     78       C      2       4.000          3.998                         0.002
     79       C      2       4.000          3.998                         0.002
     80       H      1       1.000          0.555                         0.445
     81       H      1       1.000          0.555                         0.445
     82       C      2       4.000          4.000                        -0.000
     83       C      2       4.000          4.000                        -0.000
     84       C      2       4.000          4.445                        -0.445
     85       C      2       4.000          4.445                        -0.445
     86       C      2       4.000          4.445                        -0.445
     87       C      2       4.000          4.445                        -0.445
     88       C      2       4.000          4.000                         0.000
     89       C      2       4.000          4.000                         0.000
     90       H      1       1.000          0.555                         0.445
     91       H      1       1.000          0.555                         0.445
     92       C      2       4.000          3.998                         0.002
     93       C      2       4.000          3.998                         0.002
     94       C      2       4.000          4.001                        -0.001
     95       C      2       4.000          4.001                        -0.001
     96       C      2       4.000          3.998                         0.002
     97       C      2       4.000          3.998                         0.002
     98       H      1       1.000          0.555                         0.445
     99       H      1       1.000          0.555                         0.445
    100       C      2       4.000          4.000                         0.000
    101       C      2       4.000          4.000                         0.000
    102       C      2       4.000          4.445                        -0.445
    103       C      2       4.000          4.445                        -0.445
    104       C      2       4.000          4.445                        -0.445
    105       C      2       4.000          4.445                        -0.445
    106       C      2       4.000          4.000                         0.000
    107       C      2       4.000          4.000                         0.000
    108       H      1       1.000          0.555                         0.445
    109       H      1       1.000          0.555                         0.445
    110       C      2       4.000          3.998                         0.002
    111       C      2       4.000          3.998                         0.002
    112       C      2       4.000          4.001                        -0.001
    113       C      2       4.000          4.001                        -0.001
    114       C      2       4.000          3.998                         0.002
    115       C      2       4.000          3.998                         0.002
    116       H      1       1.000          0.555                         0.445
    117       H      1       1.000          0.555                         0.445
    118       C      2       4.000          4.000                         0.000
    119       C      2       4.000          4.000                         0.000
    120       C      2       4.000          4.445                        -0.445
    121       C      2       4.000          4.445                        -0.445
    122       C      2       4.000          4.445                        -0.445
    123       C      2       4.000          4.445                        -0.445
    124       C      2       4.000          4.000                         0.000
    125       C      2       4.000          4.000                         0.000
    126       H      1       1.000          0.555                         0.445
    127       H      1       1.000          0.555                         0.445
    128       C      2       4.000          3.998                         0.002
    129       C      2       4.000          3.998                         0.002
    130       C      2       4.000          4.001                        -0.001
    131       C      2       4.000          4.001                        -0.001
    132       C      2       4.000          3.998                         0.002
    133       C      2       4.000          3.998                         0.002
    134       H      1       1.000          0.555                         0.445
    135       H      1       1.000          0.555                         0.445
    136       C      2       4.000          4.000                         0.000
    137       C      2       4.000          4.000                         0.000
    138       C      2       4.000          4.445                        -0.445
    139       C      2       4.000          4.445                        -0.445
    140       C      2       4.000          4.445                        -0.445
    141       C      2       4.000          4.445                        -0.445
    142       C      2       4.000          4.000                         0.000
    143       C      2       4.000          4.000                         0.000
    144       H      1       1.000          0.555                         0.445
    145       H      1       1.000          0.555                         0.445
    146       C      2       4.000          3.998                         0.002
    147       C      2       4.000          3.998                         0.002
    148       C      2       4.000          4.001                        -0.001
    149       C      2       4.000          4.001                        -0.001
    150       C      2       4.000          3.998                         0.002
    151       C      2       4.000          3.998                         0.002
    152       H      1       1.000          0.555                         0.445
    153       H      1       1.000          0.555                         0.445
    154       C      2       4.000          4.000                         0.000
    155       C      2       4.000          4.000                         0.000
    156       C      2       4.000          4.445                        -0.445
    157       C      2       4.000          4.445                        -0.445
    158       C      2       4.000          4.445                        -0.445
    159       C      2       4.000          4.445                        -0.445
    160       C      2       4.000          4.000                         0.000
    161       C      2       4.000          4.000                         0.000
    162       H      1       1.000          0.555                         0.445
    163       H      1       1.000          0.555                         0.445
    164       C      2       4.000          3.998                         0.002
    165       C      2       4.000          3.998                         0.002
    166       C      2       4.000          4.001                        -0.001
    167       C      2       4.000          4.001                        -0.001
    168       C      2       4.000          3.998                         0.002
    169       C      2       4.000          3.998                         0.002
    170       H      1       1.000          0.555                         0.445
    171       H      1       1.000          0.555                         0.445
    172       C      2       4.000          4.000                         0.000
    173       C      2       4.000          4.000                         0.000
    174       C      2       4.000          4.445                        -0.445
    175       C      2       4.000          4.445                        -0.445
    176       C      2       4.000          4.445                        -0.445
    177       C      2       4.000          4.445                        -0.445
    178       C      2       4.000          4.000                         0.000
    179       C      2       4.000          4.000                         0.000
    180       H      1       1.000          0.555                         0.445
    181       H      1       1.000          0.555                         0.445
    182       C      2       4.000          3.998                         0.002
    183       C      2       4.000          3.998                         0.002
    184       C      2       4.000          4.001                        -0.001
    185       C      2       4.000          4.001                        -0.001
    186       C      2       4.000          3.998                         0.002
    187       C      2       4.000          3.998                         0.002
    188       H      1       1.000          0.555                         0.445
    189       H      1       1.000          0.555                         0.445
    190       C      2       4.000          4.000                         0.000
    191       C      2       4.000          4.000                         0.000
    192       C      2       4.000          4.445                        -0.445
    193       C      2       4.000          4.445                        -0.445
    194       C      2       4.000          4.445                        -0.445
    195       C      2       4.000          4.445                        -0.445
    196       C      2       4.000          4.000                         0.000
    197       C      2       4.000          4.000                         0.000
    198       H      1       1.000          0.555                         0.445
    199       H      1       1.000          0.555                         0.445
    200       C      2       4.000          3.998                         0.002
    201       C      2       4.000          3.998                         0.002
    202       C      2       4.000          4.001                        -0.001
    203       C      2       4.000          4.001                        -0.001
    204       C      2       4.000          3.998                         0.002
    205       C      2       4.000          3.998                         0.002
    206       H      1       1.000          0.555                         0.445
    207       H      1       1.000          0.555                         0.445
    208       C      2       4.000          4.000                         0.000
    209       C      2       4.000          4.000                         0.000
    210       C      2       4.000          4.445                        -0.445
    211       C      2       4.000          4.445                        -0.445
    212       C      2       4.000          4.445                        -0.445
    213       C      2       4.000          4.445                        -0.445
    214       C      2       4.000          4.000                        -0.000
    215       C      2       4.000          4.000                        -0.000
    216       H      1       1.000          0.555                         0.445
    217       H      1       1.000          0.555                         0.445
    218       C      2       4.000          3.998                         0.002
    219       C      2       4.000          3.998                         0.002
    220       C      2       4.000          4.001                        -0.001
    221       C      2       4.000          4.001                        -0.001
    222       C      2       4.000          3.998                         0.002
    223       C      2       4.000          3.998                         0.002
    224       H      1       1.000          0.555                         0.445
    225       H      1       1.000          0.555                         0.445
    226       C      2       4.000          4.000                         0.000
    227       C      2       4.000          4.000                         0.000
    228       C      2       4.000          4.445                        -0.445
    229       C      2       4.000          4.445                        -0.445
    230       C      2       4.000          4.445                        -0.445
    231       C      2       4.000          4.445                        -0.445
    232       C      2       4.000          4.000                        -0.000
    233       C      2       4.000          4.000                        -0.000
    234       H      1       1.000          0.555                         0.445
    235       H      1       1.000          0.555                         0.445
    236       C      2       4.000          3.998                         0.002
    237       C      2       4.000          3.998                         0.002
    238       C      2       4.000          4.002                        -0.002
    239       C      2       4.000          4.001                        -0.001
    240       C      2       4.000          3.998                         0.002
    241       C      2       4.000          3.998                         0.002
    242       H      1       1.000          0.555                         0.445
    243       H      1       1.000          0.555                         0.445
    244       C      2       4.000          4.000                        -0.000
    245       C      2       4.000          4.000                        -0.000
    246       C      2       4.000          4.445                        -0.445
    247       C      2       4.000          4.445                        -0.445
    248       C      2       4.000          4.445                        -0.445
    249       C      2       4.000          4.445                        -0.445
    250       C      2       4.000          4.000                        -0.000
    251       C      2       4.000          4.000                        -0.000
    252       H      1       1.000          0.555                         0.445
    253       H      1       1.000          0.555                         0.445
    254       C      2       4.000          3.998                         0.002
    255       C      2       4.000          3.998                         0.002
    256       C      2       4.000          4.002                        -0.002
    257       C      2       4.000          4.001                        -0.001
    258       C      2       4.000          3.997                         0.003
    259       C      2       4.000          3.997                         0.003
    260       H      1       1.000          0.555                         0.445
    261       H      1       1.000          0.555                         0.445
    262       C      2       4.000          4.001                        -0.001
    263       C      2       4.000          4.001                        -0.001
    264       C      2       4.000          4.447                        -0.447
    265       C      2       4.000          4.447                        -0.447
    266       C      2       4.000          4.444                        -0.444
    267       C      2       4.000          4.444                        -0.444
    268       C      2       4.000          4.000                        -0.000
    269       C      2       4.000          4.000                        -0.000
    270       H      1       1.000          0.555                         0.445
    271       H      1       1.000          0.555                         0.445
    272       C      2       4.000          3.999                         0.001
    273       C      2       4.000          3.999                         0.001
    274       C      2       4.000          4.007                        -0.007
    275       C      2       4.000          4.003                        -0.003
    276       C      2       4.000          3.995                         0.005
    277       C      2       4.000          3.995                         0.005
    278       H      1       1.000          0.555                         0.445
    279       H      1       1.000          0.555                         0.445
    280       C      2       4.000          4.007                        -0.007
    281       C      2       4.000          4.007                        -0.007
    282       C      2       4.000          4.455                        -0.455
    283       C      2       4.000          4.455                        -0.455
    284       C      2       4.000          4.446                        -0.446
    285       C      2       4.000          4.446                        -0.446
    286       C      2       4.000          4.006                        -0.006
    287       C      2       4.000          4.006                        -0.006
    288       H      1       1.000          0.551                         0.449
    289       H      1       1.000          0.551                         0.449
    290       C      2       4.000          4.470                        -0.470
    291       C      2       4.000          4.470                        -0.470
    292       C      2       4.000          4.781                        -0.781
    293       H      1       1.000          0.553                         0.447
    294       H      1       1.000          0.553                         0.447
    295       H      1       1.000          0.549                         0.451
    296       H      1       1.000          0.549                         0.451

  Total Charge                                                            0.173
 !-----------------------------------------------------------------------------!
  
 -------------------------------------------------------------------------------
 -                                                                             -
 -                          BANDSTRUCTURE CALCULATION                          -
 -                                                                             -
 -------------------------------------------------------------------------------
  
 Number of occupied molecular orbitals (MOs) = Number of occupied bands      484
 Number of unoccupied (= virtual) MOs = Number of unoccupied bands          2860
 Number of Gaussian basis functions for MOs                                 3344
  
 -------------------------------------------------------------------------------
 -                                                                             -
 -                                GW CALCULATION                               -
 -                                                                             -
 -------------------------------------------------------------------------------
  
 Input: Number of time/freq. points                                           30
 Input: ω_max for fitting Σ(iω) (eV)                                        10.0
 Input: Filter threshold for sparse tensor operations                    1.0E-10
 Input: Apply Hedin shift                                                      F
 Detected: Available memory per MPI process                              39.8 GB
 
 Input: RI-RS Tikhonov regularization                                   1.00E-08
 Input: AO grid hard cutoff radius                                        7.00 Å
 Input: MPI ranks per atom in Z_lP solve                                      -1
 Input: Keep sparsity in χ/G/W panels                                          T
 Input: GW flavour                                                          G0W0
 
 Input: RI-RS grid optimization activated                                      T
 Input: Element: H, number of points per atom:                                14
 Input: Element: C, number of points per atom:                                34
 Input: Cutoff radius for atomic clusters                                  3.0 Å
 Input: Maximum grid optimization iterations                                 200
 
 Cutoff radius for the truncated Coulomb operator in RI metric:            7.0 Å
 Regularization parameter of RI                                          0.0E+00
 Regularization parameter of minimax grids                               1.0E-06
  
 Number of auxiliary Gaussian basis functions for χ, ε, W                   7080
  Decoupling Energy:                                              -0.0002010343
 
 SCF direct band gap (eV)                                                   1.56
 Max. SCF eigval diff. (eV)                                               247.06
 E-Range for minimax grid                                                 158.77
 Number of Padé parameters for analytic continuation:                         16
 
 RI-RS basis radii (Å):
     Kind  Elem     r_AO (Å)     r_RI (Å)
        1    H        11.3560        5.9118
        2    C         9.5975        5.7974
 
 Started RI-RS grid optimization
 RI-RS grid optimization completed, execution time:                      109.0 s
 Normalized 3C error:                                                    1.2E-04
 Maximum absolute 3C error:                                              1.6E-01
 Total grid points used for RI-RS:                                          8624
 
 RI-RS grid row-blocks of Φ_μ(r_l)                                           520
 RI-RS grid points per block (max)                                            32
 
 Percentage of non-zero matrix elements in Φ_μ(r_l)                      20.34 %
 
 RI-RS memory estimate per MPI process:
   Available memory per process (system)                                47.59 GB
   Required for Z_lP (dense upper bound; actual is sparser)              0.01 GB
   Required for χ, W, Σ panels (peak per panel step)                     0.05 GB
   Required for Z_lP solve peak (D_local+φ, worst-case atom)             0.14 GB
   Worst-case local-grid number of grid points:                             3093
   Worst-case memory D_local:                                            0.08 GB
 
 Started computing Z_lP
 Per-kind maximum RI-RS sphere cutoff (Å):
   Kind   cutoff (Å)
     H        12.9118
     C        12.7974
 
 Computed Z_lP (MPI rank 0) for atom          1 /  5,    Execution time    0.4 s
 Computed Z_lP (MPI rank 0) for atom          2 /  5,    Execution time    0.4 s
 Computed Z_lP (MPI rank 0) for atom          3 /  5,    Execution time    0.4 s
 Computed Z_lP (MPI rank 0) for atom          4 /  5,    Execution time    0.2 s
 Computed Z_lP (MPI rank 0) for atom          5 /  5,    Execution time    0.2 s
 Computed Z_lP (all MPI ranks) for all atoms,            Execution time    1.7 s

 Memory per MPI process after computing Z_lP:
 Available memory per MPI process                               47.6 GB
 Used memory per MPI process                                     1.7 GB
 Number of batches for χ, Σ matrices                                           1
 
 Percentage of non-zero matrix elements in Z_lP                          36.34 %
 Percentage of non-zero matrix elements in G_ll', χ_ll', W_ll'          100.00 %
 Percentage of non-zero matrix elements in χ_PQ for time point 1        100.00 %
 
 Computed χ(iτ,k=0) for time point            1 / 30,    Execution time    0.3 s
 Computed χ(iτ,k=0) for time point            2 / 30,    Execution time    0.3 s
 Computed χ(iτ,k=0) for time point            3 / 30,    Execution time    0.2 s
 Computed χ(iτ,k=0) for time point            4 / 30,    Execution time    0.2 s
 Computed χ(iτ,k=0) for time point            5 / 30,    Execution time    0.2 s
 Computed χ(iτ,k=0) for time point            6 / 30,    Execution time    0.2 s
 Computed χ(iτ,k=0) for time point            7 / 30,    Execution time    0.2 s
 Computed χ(iτ,k=0) for time point            8 / 30,    Execution time    0.2 s
 Computed χ(iτ,k=0) for time point            9 / 30,    Execution time    0.2 s
 Computed χ(iτ,k=0) for time point           10 / 30,    Execution time    0.2 s
 Computed χ(iτ,k=0) for time point           11 / 30,    Execution time    0.2 s
 Computed χ(iτ,k=0) for time point           12 / 30,    Execution time    0.3 s
 Computed χ(iτ,k=0) for time point           13 / 30,    Execution time    0.2 s
 Computed χ(iτ,k=0) for time point           14 / 30,    Execution time    0.2 s
 Computed χ(iτ,k=0) for time point           15 / 30,    Execution time    0.2 s
 Computed χ(iτ,k=0) for time point           16 / 30,    Execution time    0.2 s
 Computed χ(iτ,k=0) for time point           17 / 30,    Execution time    0.2 s
 Computed χ(iτ,k=0) for time point           18 / 30,    Execution time    0.2 s
 Computed χ(iτ,k=0) for time point           19 / 30,    Execution time    0.2 s
 Computed χ(iτ,k=0) for time point           20 / 30,    Execution time    0.2 s
 Computed χ(iτ,k=0) for time point           21 / 30,    Execution time    0.2 s
 Computed χ(iτ,k=0) for time point           22 / 30,    Execution time    0.2 s
 Computed χ(iτ,k=0) for time point           23 / 30,    Execution time    0.2 s
 Computed χ(iτ,k=0) for time point           24 / 30,    Execution time    0.2 s
 Computed χ(iτ,k=0) for time point           25 / 30,    Execution time    0.2 s
 Computed χ(iτ,k=0) for time point           26 / 30,    Execution time    0.2 s
 Computed χ(iτ,k=0) for time point           27 / 30,    Execution time    0.1 s
 Computed χ(iτ,k=0) for time point           28 / 30,    Execution time    0.1 s
 Computed χ(iτ,k=0) for time point           29 / 30,    Execution time    0.1 s
 Computed χ(iτ,k=0) for time point           30 / 30,    Execution time    0.1 s
 
 Computed W(iτ),                                         Execution time   20.6 s
 Computed W(0),                                          Execution time    0.1 s
 
 Computed Σ^x(k=0),                                      Execution time    0.5 s
 
 Computed Σ^c(iτ) for time point              1 / 30,    Execution time    0.3 s
 Computed Σ^c(iτ) for time point              2 / 30,    Execution time    0.3 s
 Computed Σ^c(iτ) for time point              3 / 30,    Execution time    0.3 s
 Computed Σ^c(iτ) for time point              4 / 30,    Execution time    0.3 s
 Computed Σ^c(iτ) for time point              5 / 30,    Execution time    0.3 s
 Computed Σ^c(iτ) for time point              6 / 30,    Execution time    0.3 s
 Computed Σ^c(iτ) for time point              7 / 30,    Execution time    0.3 s
 Computed Σ^c(iτ) for time point              8 / 30,    Execution time    0.3 s
 Computed Σ^c(iτ) for time point              9 / 30,    Execution time    0.3 s
 Computed Σ^c(iτ) for time point             10 / 30,    Execution time    0.3 s
 Computed Σ^c(iτ) for time point             11 / 30,    Execution time    0.3 s
 Computed Σ^c(iτ) for time point             12 / 30,    Execution time    0.3 s
 Computed Σ^c(iτ) for time point             13 / 30,    Execution time    0.3 s
 Computed Σ^c(iτ) for time point             14 / 30,    Execution time    0.3 s
 Computed Σ^c(iτ) for time point             15 / 30,    Execution time    0.3 s
 Computed Σ^c(iτ) for time point             16 / 30,    Execution time    0.3 s
 Computed Σ^c(iτ) for time point             17 / 30,    Execution time    0.3 s
 Computed Σ^c(iτ) for time point             18 / 30,    Execution time    0.3 s
 Computed Σ^c(iτ) for time point             19 / 30,    Execution time    0.3 s
 Computed Σ^c(iτ) for time point             20 / 30,    Execution time    0.2 s
 Computed Σ^c(iτ) for time point             21 / 30,    Execution time    0.2 s
 Computed Σ^c(iτ) for time point             22 / 30,    Execution time    0.2 s
 Computed Σ^c(iτ) for time point             23 / 30,    Execution time    0.2 s
 Computed Σ^c(iτ) for time point             24 / 30,    Execution time    0.2 s
 Computed Σ^c(iτ) for time point             25 / 30,    Execution time    0.2 s
 Computed Σ^c(iτ) for time point             26 / 30,    Execution time    0.2 s
 Computed Σ^c(iτ) for time point             27 / 30,    Execution time    0.1 s
 Computed Σ^c(iτ) for time point             28 / 30,    Execution time    0.1 s
 Computed Σ^c(iτ) for time point             29 / 30,    Execution time    0.1 s
 Computed Σ^c(iτ) for time point             30 / 30,    Execution time    0.1 s
 
 SCF valence band maximum (eV):                                           -4.616
 SCF conduction band minimum (eV):                                        -3.060
 SCF indirect band gap (eV):                                               1.556
 SCF direct band gap (eV):                                                 1.556
 
 G0W0 valence band maximum (eV):                                          -4.933
 G0W0 conduction band minimum (eV):                                       -1.700
 G0W0 indirect band gap (eV):                                              3.233
 G0W0 direct band gap (eV):                                                3.233
 
 Hartree-Fock with SCF orbitals valence band maximum (eV):                -5.035
 Hartree-Fock with SCF orbitals conduction band minimum (eV)               0.657
 Hartree-Fock with SCF orbitals indirect band gap (eV):                    5.691
 Hartree-Fock with SCF orbitals direct band gap (eV):                      5.691

 ENERGY| Total FORCE_EVAL ( QS ) energy [hartree]          -1317.084172666497125

 *** HINT in emd/rt_bse_linearized.F:440 :: ENFORCE_MAX_DT enabled. ***
 *** Resetting TIMESTEP to          70.3977 as and STEPS to 2841.   ***

 
 /-----------------------------------------------------------------------------\
 |                                                                             |
 |              Linearized Real Time Bethe-Salpeter Propagation                |
 |                                                                             |
 \-----------------------------------------------------------------------------/
 
 Apply delta pulse                                                             T

 Use Tamm-Dancoff                                                              T
 TDA first-peak shift active                                                   F

 Estimated maximum timestep within stability region [as]:                70.4006
 Applied timestep [as]:                                                  70.3977
 Number of propagation steps:                                               2841
 Total propagation time [as]:                                        200000.0000
 Estimated FFT frequency resolution without interpolation [eV]:         0.020678
 Nyquist frequency [eV]:                                               29.373577
 Estimated maximum oscillation frequency (gap-based) [eV]:             26.444424
 GW flavor for computing GW eigenvalues used in RT-BSE:                     G0W0
 Active-window occupied energy cutoff [eV]:                               10.000
 Active-window virtual energy cutoff [eV]:                                10.000
 First active occupied MO index:                                             160
 Last active virtual MO index:                                               977
 Number of active MOs:                                                       818
 Spin 1 first active MO, E - E_HOMO (KS) [eV]:                            -9.984
 Spin 1 last active MO, E - E_LUMO (KS) [eV]:                              9.993
 Spin 1 first active MO, E - E_HOMO (QP) [eV]:                           -12.436
 Spin 1 last active MO, E - E_LUMO (QP) [eV]:                             10.187
 Precomputed RT-BSE RI-RS V_aux kernel,                  Execution time    0.2 s
 
 W0CUT| Cutoff radius, negative = off [angstrom]                         50.0000
 W0CUT| Retained block fraction                                         0.922409
 W0CUT| Retained Frobenius norm                                   5.63078742E+07
 Precomputed RT-BSE RI-RS W0_grid kernel,                Execution time    0.4 s
 
 RTBSE| Applying delta pulse
 RTBSE| Delta pulse elements (a.u.) :   -0.0000E+000  -0.1000E-002  -0.0000E+000
 RTBSE| Metric difference after delta kick                       0.60781366E-002
 RTBSE| Estimated runtime for propagation [s]                           3503.894
 RTBSE|
 RTBSE| Simulation step   Step time [s]                          Electron number
 RTBSE|               0           1.233                               0.650E+003
 RTBSE|               1           1.244                               0.650E+003
 RTBSE|               2           1.157                               0.650E+003
 RTBSE|               3           1.132                               0.650E+003
 RTBSE|               4           1.125                               0.650E+003
 RTBSE|               5           1.055                               0.650E+003
 RTBSE|               6           1.080                               0.650E+003
 RTBSE|               7           1.066                               0.650E+003
 RTBSE|               8           1.102                               0.650E+003
 RTBSE|               9           1.156                               0.650E+003
 RTBSE|              10           1.050                               0.650E+003
 RTBSE|              11           1.025                               0.650E+003
 RTBSE|              12           1.030                               0.650E+003
 RTBSE|              13           1.074                               0.650E+003
 RTBSE|              14           1.029                               0.650E+003
 RTBSE|              15           1.019                               0.650E+003
 RTBSE|              16           1.018                               0.650E+003
 RTBSE|              17           1.023                               0.650E+003
 RTBSE|              18           1.030                               0.650E+003
 RTBSE|              19           1.006                               0.650E+003
 RTBSE|              20           1.017                               0.650E+003
 RTBSE|              21           1.014                               0.650E+003
 RTBSE|              22           1.022                               0.650E+003
 RTBSE|              23           1.037                               0.650E+003
 RTBSE|              24           1.047                               0.650E+003
 RTBSE|              25           1.013                               0.650E+003
 RTBSE|              26           1.041                               0.650E+003
 RTBSE|              27           1.036                               0.650E+003
 RTBSE|              28           1.202                               0.650E+003
 RTBSE|              29           1.250                               0.650E+003
 RTBSE|              30           1.026                               0.650E+003
 RTBSE|              31           1.031                               0.650E+003
 RTBSE|              32           1.034                               0.650E+003
 RTBSE|              33           1.013                               0.650E+003
 RTBSE|              34           1.020                               0.650E+003
 RTBSE|              35           1.026                               0.650E+003
 RTBSE|              36           1.018                               0.650E+003
 RTBSE|              37           1.028                               0.650E+003
 RTBSE|              38           1.014                               0.650E+003
 RTBSE|              39           1.010                               0.650E+003
 RTBSE|              40           1.013                               0.650E+003
 RTBSE|              41           1.044                               0.650E+003
 RTBSE|              42           1.037                               0.650E+003
 RTBSE|              43           1.016                               0.650E+003
 RTBSE|              44           1.010                               0.650E+003
 RTBSE|              45           1.025                               0.650E+003
 RTBSE|              46           1.039                               0.650E+003
 RTBSE|              47           1.008                               0.650E+003
 RTBSE|              48           1.014                               0.650E+003
 RTBSE|              49           1.012                               0.650E+003
 RTBSE|              50           1.015                               0.650E+003
 RTBSE|              51           1.036                               0.650E+003
 RTBSE|              52           1.094                               0.650E+003
 RTBSE|              53           1.257                               0.650E+003
 RTBSE|              54           1.155                               0.650E+003
 RTBSE|              55           1.304                               0.650E+003
 RTBSE|              56           1.216                               0.650E+003
 RTBSE|              57           1.239                               0.650E+003
 RTBSE|              58           1.128                               0.650E+003
 RTBSE|              59           1.112                               0.650E+003
 RTBSE|              60           1.117                               0.650E+003
 RTBSE|              61           1.063                               0.650E+003
 RTBSE|              62           1.138                               0.650E+003
 RTBSE|              63           1.089                               0.650E+003
 RTBSE|              64           1.075                               0.650E+003
 RTBSE|              65           1.070                               0.650E+003
 RTBSE|              66           1.068                               0.650E+003
 RTBSE|              67           1.109                               0.650E+003
 RTBSE|              68           1.066                               0.650E+003
 RTBSE|              69           1.108                               0.650E+003
 RTBSE|              70           1.081                               0.650E+003
 RTBSE|              71           1.077                               0.650E+003
 RTBSE|              72           1.067                               0.650E+003
 RTBSE|              73           1.103                               0.650E+003
 RTBSE|              74           1.142                               0.650E+003
 RTBSE|              75           1.149                               0.650E+003
 RTBSE|              76           1.148                               0.650E+003
 RTBSE|              77           1.077                               0.650E+003
 RTBSE|              78           1.049                               0.650E+003
 RTBSE|              79           1.183                               0.650E+003
 RTBSE|              80           1.032                               0.650E+003
 RTBSE|              81           1.079                               0.650E+003
 RTBSE|              82           1.071                               0.650E+003
 RTBSE|              83           1.209                               0.650E+003
 RTBSE|              84           1.060                               0.650E+003
 RTBSE|              85           1.035                               0.650E+003
 RTBSE|              86           1.044                               0.650E+003
 RTBSE|              87           1.047                               0.650E+003
 RTBSE|              88           1.040                               0.650E+003
 RTBSE|              89           1.023                               0.650E+003
 RTBSE|              90           1.047                               0.650E+003
 RTBSE|              91           1.041                               0.650E+003
 RTBSE|              92           1.058                               0.650E+003
 RTBSE|              93           1.053                               0.650E+003
 RTBSE|              94           1.027                               0.650E+003
 RTBSE|              95           1.020                               0.650E+003
 RTBSE|              96           1.084                               0.650E+003
 RTBSE|              97           1.050                               0.650E+003
 RTBSE|              98           1.023                               0.650E+003
 RTBSE|              99           1.035                               0.650E+003
 RTBSE|             100           1.085                               0.650E+003
 RTBSE|             101           1.105                               0.650E+003
 RTBSE|             102           1.098                               0.650E+003
 RTBSE|             103           1.139                               0.650E+003
 RTBSE|             104           1.173                               0.650E+003
 RTBSE|             105           1.098                               0.650E+003
 RTBSE|             106           1.171                               0.650E+003
 RTBSE|             107           1.226                               0.650E+003
 RTBSE|             108           1.125                               0.650E+003
 RTBSE|             109           1.112                               0.650E+003
 RTBSE|             110           1.240                               0.650E+003
 RTBSE|             111           1.293                               0.650E+003
 RTBSE|             112           1.182                               0.650E+003
 RTBSE|             113           1.038                               0.650E+003
 RTBSE|             114           1.056                               0.650E+003
 RTBSE|             115           1.042                               0.650E+003
 RTBSE|             116           1.038                               0.650E+003
 RTBSE|             117           1.031                               0.650E+003
 RTBSE|             118           1.041                               0.650E+003
 RTBSE|             119           1.043                               0.650E+003
 RTBSE|             120           1.032                               0.650E+003
 RTBSE|             121           1.045                               0.650E+003
 RTBSE|             122           1.055                               0.650E+003
 RTBSE|             123           1.065                               0.650E+003
 RTBSE|             124           1.050                               0.650E+003
 RTBSE|             125           1.046                               0.650E+003
 RTBSE|             126           1.043                               0.650E+003
 RTBSE|             127           1.047                               0.650E+003
 RTBSE|             128           1.053                               0.650E+003
 RTBSE|             129           1.034                               0.650E+003
 RTBSE|             130           1.029                               0.650E+003
 RTBSE|             131           1.041                               0.650E+003
 RTBSE|             132           1.044                               0.650E+003
 RTBSE|             133           1.059                               0.650E+003
 RTBSE|             134           1.088                               0.650E+003
 RTBSE|             135           1.049                               0.650E+003
 RTBSE|             136           1.039                               0.650E+003
 RTBSE|             137           1.110                               0.650E+003
 RTBSE|             138           1.271                               0.650E+003
 RTBSE|             139           1.069                               0.650E+003
 RTBSE|             140           1.043                               0.650E+003
 RTBSE|             141           1.037                               0.650E+003
 RTBSE|             142           1.056                               0.650E+003
 RTBSE|             143           1.045                               0.650E+003
 RTBSE|             144           1.053                               0.650E+003
 RTBSE|             145           1.060                               0.650E+003
 RTBSE|             146           1.089                               0.650E+003
 RTBSE|             147           1.093                               0.650E+003
 RTBSE|             148           1.086                               0.650E+003
 RTBSE|             149           1.041                               0.650E+003
 RTBSE|             150           1.137                               0.650E+003
 RTBSE|             151           1.242                               0.650E+003
 RTBSE|             152           1.176                               0.650E+003
 RTBSE|             153           1.048                               0.650E+003
 RTBSE|             154           1.060                               0.650E+003
 RTBSE|             155           1.054                               0.650E+003
 RTBSE|             156           1.189                               0.650E+003
 RTBSE|             157           1.046                               0.650E+003
 RTBSE|             158           1.047                               0.650E+003
 RTBSE|             159           1.052                               0.650E+003
 RTBSE|             160           1.034                               0.650E+003
 RTBSE|             161           1.073                               0.650E+003
 RTBSE|             162           1.324                               0.650E+003
 RTBSE|             163           1.048                               0.650E+003
 RTBSE|             164           1.055                               0.650E+003
 RTBSE|             165           1.234                               0.650E+003
 RTBSE|             166           1.041                               0.650E+003
 RTBSE|             167           1.217                               0.650E+003
 RTBSE|             168           1.042                               0.650E+003
 RTBSE|             169           1.071                               0.650E+003
 RTBSE|             170           1.056                               0.650E+003
 RTBSE|             171           1.049                               0.650E+003
 RTBSE|             172           1.036                               0.650E+003
 RTBSE|             173           1.047                               0.650E+003
 RTBSE|             174           1.047                               0.650E+003
 RTBSE|             175           1.044                               0.650E+003
 RTBSE|             176           1.053                               0.650E+003
 RTBSE|             177           1.045                               0.650E+003
 RTBSE|             178           1.042                               0.650E+003
 RTBSE|             179           1.059                               0.650E+003
 RTBSE|             180           1.047                               0.650E+003
 RTBSE|             181           1.028                               0.650E+003
 RTBSE|             182           1.044                               0.650E+003
 RTBSE|             183           1.053                               0.650E+003
 RTBSE|             184           1.037                               0.650E+003
 RTBSE|             185           1.057                               0.650E+003
 RTBSE|             186           1.049                               0.650E+003
 RTBSE|             187           1.035                               0.650E+003
 RTBSE|             188           1.053                               0.650E+003
 RTBSE|             189           1.052                               0.650E+003
 RTBSE|             190           1.066                               0.650E+003
 RTBSE|             191           1.037                               0.650E+003
 RTBSE|             192           1.079                               0.650E+003
 RTBSE|             193           1.376                               0.650E+003
 RTBSE|             194           1.131                               0.650E+003
 RTBSE|             195           1.151                               0.650E+003
 RTBSE|             196           1.136                               0.650E+003
 RTBSE|             197           1.124                               0.650E+003
 RTBSE|             198           1.235                               0.650E+003
 RTBSE|             199           1.071                               0.650E+003
 RTBSE|             200           1.060                               0.650E+003
 RTBSE|             201           1.046                               0.650E+003
 RTBSE|             202           1.133                               0.650E+003
 RTBSE|             203           1.082                               0.650E+003
 RTBSE|             204           1.042                               0.650E+003
 RTBSE|             205           1.044                               0.650E+003
 RTBSE|             206           1.088                               0.650E+003
 RTBSE|             207           1.036                               0.650E+003
 RTBSE|             208           1.050                               0.650E+003
 RTBSE|             209           1.039                               0.650E+003
 RTBSE|             210           1.054                               0.650E+003
 RTBSE|             211           1.078                               0.650E+003
 RTBSE|             212           1.034                               0.650E+003
 RTBSE|             213           1.050                               0.650E+003
 RTBSE|             214           1.037                               0.650E+003
 RTBSE|             215           1.037                               0.650E+003
 RTBSE|             216           1.080                               0.650E+003
 RTBSE|             217           1.229                               0.650E+003
 RTBSE|             218           1.041                               0.650E+003
 RTBSE|             219           1.055                               0.650E+003
 RTBSE|             220           1.337                               0.650E+003
 RTBSE|             221           1.045                               0.650E+003
 RTBSE|             222           1.222                               0.650E+003
 RTBSE|             223           1.044                               0.650E+003
 RTBSE|             224           1.047                               0.650E+003
 RTBSE|             225           1.066                               0.650E+003
 RTBSE|             226           1.044                               0.650E+003
 RTBSE|             227           1.053                               0.650E+003
 RTBSE|             228           1.057                               0.650E+003
 RTBSE|             229           1.052                               0.650E+003
 RTBSE|             230           1.047                               0.650E+003
 RTBSE|             231           1.059                               0.650E+003
 RTBSE|             232           1.046                               0.650E+003
 RTBSE|             233           1.047                               0.650E+003
 RTBSE|             234           1.050                               0.650E+003
 RTBSE|             235           1.049                               0.650E+003
 RTBSE|             236           1.039                               0.650E+003
 RTBSE|             237           1.051                               0.650E+003
 RTBSE|             238           1.055                               0.650E+003
 RTBSE|             239           1.051                               0.650E+003
 RTBSE|             240           1.078                               0.650E+003
 RTBSE|             241           1.075                               0.650E+003
 RTBSE|             242           1.068                               0.650E+003
 RTBSE|             243           1.053                               0.650E+003
 RTBSE|             244           1.105                               0.650E+003
 RTBSE|             245           1.253                               0.650E+003
 RTBSE|             246           1.224                               0.650E+003
 RTBSE|             247           1.163                               0.650E+003
 RTBSE|             248           1.229                               0.650E+003
 RTBSE|             249           1.076                               0.650E+003
 RTBSE|             250           1.091                               0.650E+003
 RTBSE|             251           1.090                               0.650E+003
 RTBSE|             252           1.109                               0.650E+003
 RTBSE|             253           1.042                               0.650E+003
 RTBSE|             254           1.045                               0.650E+003
 RTBSE|             255           1.054                               0.650E+003
 RTBSE|             256           1.049                               0.650E+003
 RTBSE|             257           1.046                               0.650E+003
 RTBSE|             258           1.042                               0.650E+003
 RTBSE|             259           1.039                               0.650E+003
 RTBSE|             260           1.052                               0.650E+003
 RTBSE|             261           1.083                               0.650E+003
 RTBSE|             262           1.052                               0.650E+003
 RTBSE|             263           1.031                               0.650E+003
 RTBSE|             264           1.044                               0.650E+003
 RTBSE|             265           1.057                               0.650E+003
 RTBSE|             266           1.065                               0.650E+003
 RTBSE|             267           1.041                               0.650E+003
 RTBSE|             268           1.043                               0.650E+003
 RTBSE|             269           1.038                               0.650E+003
 RTBSE|             270           1.047                               0.650E+003
 RTBSE|             271           1.069                               0.650E+003
 RTBSE|             272           1.222                               0.650E+003
 RTBSE|             273           1.044                               0.650E+003
 RTBSE|             274           1.045                               0.650E+003
 RTBSE|             275           1.310                               0.650E+003
 RTBSE|             276           1.066                               0.650E+003
 RTBSE|             277           1.297                               0.650E+003
 RTBSE|             278           1.049                               0.650E+003
 RTBSE|             279           1.058                               0.650E+003
 RTBSE|             280           1.052                               0.650E+003
 RTBSE|             281           1.037                               0.650E+003
 RTBSE|             282           1.038                               0.650E+003
 RTBSE|             283           1.045                               0.650E+003
 RTBSE|             284           1.052                               0.650E+003
 RTBSE|             285           1.061                               0.650E+003
 RTBSE|             286           1.073                               0.650E+003
 RTBSE|             287           1.063                               0.650E+003
 RTBSE|             288           1.079                               0.650E+003
 RTBSE|             289           1.065                               0.650E+003
 RTBSE|             290           1.048                               0.650E+003
 RTBSE|             291           1.064                               0.650E+003
 RTBSE|             292           1.163                               0.650E+003
 RTBSE|             293           1.107                               0.650E+003
 RTBSE|             294           1.129                               0.650E+003
 RTBSE|             295           1.109                               0.650E+003
 RTBSE|             296           1.098                               0.650E+003
 RTBSE|             297           1.075                               0.650E+003
 RTBSE|             298           1.106                               0.650E+003
 RTBSE|             299           1.099                               0.650E+003
 RTBSE|             300           1.049                               0.650E+003
 RTBSE|             301           1.144                               0.650E+003
 RTBSE|             302           1.159                               0.650E+003
 RTBSE|             303           1.341                               0.650E+003
 RTBSE|             304           1.073                               0.650E+003
 RTBSE|             305           1.037                               0.650E+003
 RTBSE|             306           1.051                               0.650E+003
 RTBSE|             307           1.055                               0.650E+003
 RTBSE|             308           1.043                               0.650E+003
 RTBSE|             309           1.055                               0.650E+003
 RTBSE|             310           1.064                               0.650E+003
 RTBSE|             311           1.047                               0.650E+003
 RTBSE|             312           1.052                               0.650E+003
 RTBSE|             313           1.054                               0.650E+003
 RTBSE|             314           1.037                               0.650E+003
 RTBSE|             315           1.052                               0.650E+003
 RTBSE|             316           1.100                               0.650E+003
 RTBSE|             317           1.059                               0.650E+003
 RTBSE|             318           1.043                               0.650E+003
 RTBSE|             319           1.051                               0.650E+003
 RTBSE|             320           1.057                               0.650E+003
 RTBSE|             321           1.063                               0.650E+003
 RTBSE|             322           1.039                               0.650E+003
 RTBSE|             323           1.051                               0.650E+003
 RTBSE|             324           1.056                               0.650E+003
 RTBSE|             325           1.057                               0.650E+003
 RTBSE|             326           1.086                               0.650E+003
 RTBSE|             327           1.310                               0.650E+003
 RTBSE|             328           1.054                               0.650E+003
 RTBSE|             329           1.058                               0.650E+003
 RTBSE|             330           1.252                               0.650E+003
 RTBSE|             331           1.069                               0.650E+003
 RTBSE|             332           1.249                               0.650E+003
 RTBSE|             333           1.089                               0.650E+003
 RTBSE|             334           1.083                               0.650E+003
 RTBSE|             335           1.065                               0.650E+003
 RTBSE|             336           1.043                               0.650E+003
 RTBSE|             337           1.073                               0.650E+003
 RTBSE|             338           1.100                               0.650E+003
 RTBSE|             339           1.090                               0.650E+003
 RTBSE|             340           1.111                               0.650E+003
 RTBSE|             341           1.095                               0.650E+003
 RTBSE|             342           1.101                               0.650E+003
 RTBSE|             343           1.172                               0.650E+003
 RTBSE|             344           1.072                               0.650E+003
 RTBSE|             345           1.102                               0.650E+003
 RTBSE|             346           1.055                               0.650E+003
 RTBSE|             347           1.099                               0.650E+003
 RTBSE|             348           1.037                               0.650E+003
 RTBSE|             349           1.048                               0.650E+003
 RTBSE|             350           1.043                               0.650E+003
 RTBSE|             351           1.037                               0.650E+003
 RTBSE|             352           1.053                               0.650E+003
 RTBSE|             353           1.050                               0.650E+003
 RTBSE|             354           1.073                               0.650E+003
 RTBSE|             355           1.038                               0.650E+003
 RTBSE|             356           1.079                               0.650E+003
 RTBSE|             357           1.079                               0.650E+003
 RTBSE|             358           1.310                               0.650E+003
 RTBSE|             359           1.147                               0.650E+003
 RTBSE|             360           1.051                               0.650E+003
 RTBSE|             361           1.038                               0.650E+003
 RTBSE|             362           1.062                               0.650E+003
 RTBSE|             363           1.053                               0.650E+003
 RTBSE|             364           1.050                               0.650E+003
 RTBSE|             365           1.050                               0.650E+003
 RTBSE|             366           1.043                               0.650E+003
 RTBSE|             367           1.048                               0.650E+003
 RTBSE|             368           1.042                               0.650E+003
 RTBSE|             369           1.042                               0.650E+003
 RTBSE|             370           1.034                               0.650E+003
 RTBSE|             371           1.078                               0.650E+003
 RTBSE|             372           1.043                               0.650E+003
 RTBSE|             373           1.027                               0.650E+003
 RTBSE|             374           1.042                               0.650E+003
 RTBSE|             375           1.056                               0.650E+003
 RTBSE|             376           1.062                               0.650E+003
 RTBSE|             377           1.043                               0.650E+003
 RTBSE|             378           1.054                               0.650E+003
 RTBSE|             379           1.044                               0.650E+003
 RTBSE|             380           1.095                               0.650E+003
 RTBSE|             381           1.127                               0.650E+003
 RTBSE|             382           1.232                               0.650E+003
 RTBSE|             383           1.050                               0.650E+003
 RTBSE|             384           1.318                               0.650E+003
 RTBSE|             385           1.144                               0.650E+003
 RTBSE|             386           1.147                               0.650E+003
 RTBSE|             387           1.293                               0.650E+003
 RTBSE|             388           1.116                               0.650E+003
 RTBSE|             389           1.096                               0.650E+003
 RTBSE|             390           1.147                               0.650E+003
 RTBSE|             391           1.050                               0.650E+003
 RTBSE|             392           1.097                               0.650E+003
 RTBSE|             393           1.038                               0.650E+003
 RTBSE|             394           1.093                               0.650E+003
 RTBSE|             395           1.036                               0.650E+003
 RTBSE|             396           1.061                               0.650E+003
 RTBSE|             397           1.049                               0.650E+003
 RTBSE|             398           1.042                               0.650E+003
 RTBSE|             399           1.043                               0.650E+003
 RTBSE|             400           1.041                               0.650E+003
 RTBSE|             401           1.033                               0.650E+003
 RTBSE|             402           1.045                               0.650E+003
 RTBSE|             403           1.048                               0.650E+003
 RTBSE|             404           1.036                               0.650E+003
 RTBSE|             405           1.038                               0.650E+003
 RTBSE|             406           1.038                               0.650E+003
 RTBSE|             407           1.039                               0.650E+003
 RTBSE|             408           1.049                               0.650E+003
 RTBSE|             409           1.096                               0.650E+003
 RTBSE|             410           1.118                               0.650E+003
 RTBSE|             411           1.115                               0.650E+003
 RTBSE|             412           1.059                               0.650E+003
 RTBSE|             413           1.221                               0.650E+003
 RTBSE|             414           1.086                               0.650E+003
 RTBSE|             415           1.040                               0.650E+003
 RTBSE|             416           1.045                               0.650E+003
 RTBSE|             417           1.055                               0.650E+003
 RTBSE|             418           1.054                               0.650E+003
 RTBSE|             419           1.051                               0.650E+003
 RTBSE|             420           1.058                               0.650E+003
 RTBSE|             421           1.047                               0.650E+003
 RTBSE|             422           1.046                               0.650E+003
 RTBSE|             423           1.047                               0.650E+003
 RTBSE|             424           1.036                               0.650E+003
 RTBSE|             425           1.042                               0.650E+003
 RTBSE|             426           1.125                               0.650E+003
 RTBSE|             427           1.061                               0.650E+003
 RTBSE|             428           1.076                               0.650E+003
 RTBSE|             429           1.079                               0.650E+003
 RTBSE|             430           1.071                               0.650E+003
 RTBSE|             431           1.073                               0.650E+003
 RTBSE|             432           1.046                               0.650E+003
 RTBSE|             433           1.076                               0.650E+003
 RTBSE|             434           1.135                               0.650E+003
 RTBSE|             435           1.112                               0.650E+003
 RTBSE|             436           1.114                               0.650E+003
 RTBSE|             437           1.295                               0.650E+003
 RTBSE|             438           1.099                               0.650E+003
 RTBSE|             439           1.319                               0.650E+003
 RTBSE|             440           1.181                               0.650E+003
 RTBSE|             441           1.107                               0.650E+003
 RTBSE|             442           1.315                               0.650E+003
 RTBSE|             443           1.121                               0.650E+003
 RTBSE|             444           1.066                               0.650E+003
 RTBSE|             445           1.041                               0.650E+003
 RTBSE|             446           1.052                               0.650E+003
 RTBSE|             447           1.057                               0.650E+003
 RTBSE|             448           1.054                               0.650E+003
 RTBSE|             449           1.049                               0.650E+003
 RTBSE|             450           1.059                               0.650E+003
 RTBSE|             451           1.057                               0.650E+003
 RTBSE|             452           1.042                               0.650E+003
 RTBSE|             453           1.078                               0.650E+003
 RTBSE|             454           1.059                               0.650E+003
 RTBSE|             455           1.042                               0.650E+003
 RTBSE|             456           1.054                               0.650E+003
 RTBSE|             457           1.070                               0.650E+003
 RTBSE|             458           1.061                               0.650E+003
 RTBSE|             459           1.051                               0.650E+003
 RTBSE|             460           1.053                               0.650E+003
 RTBSE|             461           1.049                               0.650E+003
 RTBSE|             462           1.061                               0.650E+003
 RTBSE|             463           1.064                               0.650E+003
 RTBSE|             464           1.075                               0.650E+003
 RTBSE|             465           1.051                               0.650E+003
 RTBSE|             466           1.174                               0.650E+003
 RTBSE|             467           1.273                               0.650E+003
 RTBSE|             468           1.067                               0.650E+003
 RTBSE|             469           1.082                               0.650E+003
 RTBSE|             470           1.059                               0.650E+003
 RTBSE|             471           1.071                               0.650E+003
 RTBSE|             472           1.131                               0.650E+003
 RTBSE|             473           1.074                               0.650E+003
 RTBSE|             474           1.086                               0.650E+003
 RTBSE|             475           1.068                               0.650E+003
 RTBSE|             476           1.060                               0.650E+003
 RTBSE|             477           1.045                               0.650E+003
 RTBSE|             478           1.087                               0.650E+003
 RTBSE|             479           1.042                               0.650E+003
 RTBSE|             480           1.086                               0.650E+003
 RTBSE|             481           1.090                               0.650E+003
 RTBSE|             482           1.111                               0.650E+003
 RTBSE|             483           1.119                               0.650E+003
 RTBSE|             484           1.101                               0.650E+003
 RTBSE|             485           1.122                               0.650E+003
 RTBSE|             486           1.073                               0.650E+003
 RTBSE|             487           1.144                               0.650E+003
 RTBSE|             488           1.078                               0.650E+003
 RTBSE|             489           1.104                               0.650E+003
 RTBSE|             490           1.093                               0.650E+003
 RTBSE|             491           1.208                               0.650E+003
 RTBSE|             492           1.251                               0.650E+003
 RTBSE|             493           1.231                               0.650E+003
 RTBSE|             494           1.105                               0.650E+003
 RTBSE|             495           1.055                               0.650E+003
 RTBSE|             496           1.210                               0.650E+003
 RTBSE|             497           1.044                               0.650E+003
 RTBSE|             498           1.059                               0.650E+003
 RTBSE|             499           1.056                               0.650E+003
 RTBSE|             500           1.055                               0.650E+003
 RTBSE|             501           1.040                               0.650E+003
 RTBSE|             502           1.060                               0.650E+003
 RTBSE|             503           1.067                               0.650E+003
 RTBSE|             504           1.046                               0.650E+003
 RTBSE|             505           1.056                               0.650E+003
 RTBSE|             506           1.051                               0.650E+003
 RTBSE|             507           1.050                               0.650E+003
 RTBSE|             508           1.059                               0.650E+003
 RTBSE|             509           1.061                               0.650E+003
 RTBSE|             510           1.053                               0.650E+003
 RTBSE|             511           1.056                               0.650E+003
 RTBSE|             512           1.057                               0.650E+003
 RTBSE|             513           1.050                               0.650E+003
 RTBSE|             514           1.063                               0.650E+003
 RTBSE|             515           1.054                               0.650E+003
 RTBSE|             516           1.051                               0.650E+003
 RTBSE|             517           1.059                               0.650E+003
 RTBSE|             518           1.083                               0.650E+003
 RTBSE|             519           1.107                               0.650E+003
 RTBSE|             520           1.078                               0.650E+003
 RTBSE|             521           1.148                               0.650E+003
 RTBSE|             522           1.306                               0.650E+003
 RTBSE|             523           1.085                               0.650E+003
 RTBSE|             524           1.239                               0.650E+003
 RTBSE|             525           1.083                               0.650E+003
 RTBSE|             526           1.111                               0.650E+003
 RTBSE|             527           1.083                               0.650E+003
 RTBSE|             528           1.096                               0.650E+003
 RTBSE|             529           1.090                               0.650E+003
 RTBSE|             530           1.075                               0.650E+003
 RTBSE|             531           1.130                               0.650E+003
 RTBSE|             532           1.112                               0.650E+003
 RTBSE|             533           1.085                               0.650E+003
 RTBSE|             534           1.159                               0.650E+003
 RTBSE|             535           1.106                               0.650E+003
 RTBSE|             536           1.057                               0.650E+003
 RTBSE|             537           1.067                               0.650E+003
 RTBSE|             538           1.053                               0.650E+003
 RTBSE|             539           1.117                               0.650E+003
 RTBSE|             540           1.049                               0.650E+003
 RTBSE|             541           1.054                               0.650E+003
 RTBSE|             542           1.054                               0.650E+003
 RTBSE|             543           1.044                               0.650E+003
 RTBSE|             544           1.077                               0.650E+003
 RTBSE|             545           1.055                               0.650E+003
 RTBSE|             546           1.241                               0.650E+003
 RTBSE|             547           1.047                               0.650E+003
 RTBSE|             548           1.324                               0.650E+003
 RTBSE|             549           1.084                               0.650E+003
 RTBSE|             550           1.046                               0.650E+003
 RTBSE|             551           1.200                               0.650E+003
 RTBSE|             552           1.062                               0.650E+003
 RTBSE|             553           1.067                               0.650E+003
 RTBSE|             554           1.060                               0.650E+003
 RTBSE|             555           1.057                               0.650E+003
 RTBSE|             556           1.072                               0.650E+003
 RTBSE|             557           1.050                               0.650E+003
 RTBSE|             558           1.048                               0.650E+003
 RTBSE|             559           1.060                               0.650E+003
 RTBSE|             560           1.058                               0.650E+003
 RTBSE|             561           1.062                               0.650E+003
 RTBSE|             562           1.067                               0.650E+003
 RTBSE|             563           1.058                               0.650E+003
 RTBSE|             564           1.070                               0.650E+003
 RTBSE|             565           1.093                               0.650E+003
 RTBSE|             566           1.115                               0.650E+003
 RTBSE|             567           1.059                               0.650E+003
 RTBSE|             568           1.058                               0.650E+003
 RTBSE|             569           1.056                               0.650E+003
 RTBSE|             570           1.132                               0.650E+003
 RTBSE|             571           1.051                               0.650E+003
 RTBSE|             572           1.082                               0.650E+003
 RTBSE|             573           1.206                               0.650E+003
 RTBSE|             574           1.160                               0.650E+003
 RTBSE|             575           1.166                               0.650E+003
 RTBSE|             576           1.282                               0.650E+003
 RTBSE|             577           1.095                               0.650E+003
 RTBSE|             578           1.153                               0.650E+003
 RTBSE|             579           1.092                               0.650E+003
 RTBSE|             580           1.128                               0.650E+003
 RTBSE|             581           1.125                               0.650E+003
 RTBSE|             582           1.053                               0.650E+003
 RTBSE|             583           1.055                               0.650E+003
 RTBSE|             584           1.068                               0.650E+003
 RTBSE|             585           1.103                               0.650E+003
 RTBSE|             586           1.057                               0.650E+003
 RTBSE|             587           1.056                               0.650E+003
 RTBSE|             588           1.053                               0.650E+003
 RTBSE|             589           1.070                               0.650E+003
 RTBSE|             590           1.060                               0.650E+003
 RTBSE|             591           1.052                               0.650E+003
 RTBSE|             592           1.043                               0.650E+003
 RTBSE|             593           1.069                               0.650E+003
 RTBSE|             594           1.086                               0.650E+003
 RTBSE|             595           1.056                               0.650E+003
 RTBSE|             596           1.064                               0.650E+003
 RTBSE|             597           1.050                               0.650E+003
 RTBSE|             598           1.060                               0.650E+003
 RTBSE|             599           1.080                               0.650E+003
 RTBSE|             600           1.237                               0.650E+003
 RTBSE|             601           1.045                               0.650E+003
 RTBSE|             602           1.061                               0.650E+003
 RTBSE|             603           1.225                               0.650E+003
 RTBSE|             604           1.187                               0.650E+003
 RTBSE|             605           1.240                               0.650E+003
 RTBSE|             606           1.131                               0.650E+003
 RTBSE|             607           1.082                               0.650E+003
 RTBSE|             608           1.096                               0.650E+003
 RTBSE|             609           1.103                               0.650E+003
 RTBSE|             610           1.087                               0.650E+003
 RTBSE|             611           1.073                               0.650E+003
 RTBSE|             612           1.053                               0.650E+003
 RTBSE|             613           1.051                               0.650E+003
 RTBSE|             614           1.135                               0.650E+003
 RTBSE|             615           1.050                               0.650E+003
 RTBSE|             616           1.048                               0.650E+003
 RTBSE|             617           1.064                               0.650E+003
 RTBSE|             618           1.116                               0.650E+003
 RTBSE|             619           1.093                               0.650E+003
 RTBSE|             620           1.098                               0.650E+003
 RTBSE|             621           1.100                               0.650E+003
 RTBSE|             622           1.097                               0.650E+003
 RTBSE|             623           1.126                               0.650E+003
 RTBSE|             624           1.132                               0.650E+003
 RTBSE|             625           1.078                               0.650E+003
 RTBSE|             626           1.111                               0.650E+003
 RTBSE|             627           1.155                               0.650E+003
 RTBSE|             628           1.087                               0.650E+003
 RTBSE|             629           1.117                               0.650E+003
 RTBSE|             630           1.130                               0.650E+003
 RTBSE|             631           1.260                               0.650E+003
 RTBSE|             632           1.134                               0.650E+003
 RTBSE|             633           1.063                               0.650E+003
 RTBSE|             634           1.066                               0.650E+003
 RTBSE|             635           1.060                               0.650E+003
 RTBSE|             636           1.068                               0.650E+003
 RTBSE|             637           1.047                               0.650E+003
 RTBSE|             638           1.061                               0.650E+003
 RTBSE|             639           1.060                               0.650E+003
 RTBSE|             640           1.056                               0.650E+003
 RTBSE|             641           1.054                               0.650E+003
 RTBSE|             642           1.045                               0.650E+003
 RTBSE|             643           1.098                               0.650E+003
 RTBSE|             644           1.071                               0.650E+003
 RTBSE|             645           1.057                               0.650E+003
 RTBSE|             646           1.045                               0.650E+003
 RTBSE|             647           1.063                               0.650E+003
 RTBSE|             648           1.076                               0.650E+003
 RTBSE|             649           1.056                               0.650E+003
 RTBSE|             650           1.049                               0.650E+003
 RTBSE|             651           1.064                               0.650E+003
 RTBSE|             652           1.048                               0.650E+003
 RTBSE|             653           1.081                               0.650E+003
 RTBSE|             654           1.359                               0.650E+003
 RTBSE|             655           1.108                               0.650E+003
 RTBSE|             656           1.114                               0.650E+003
 RTBSE|             657           1.242                               0.650E+003
 RTBSE|             658           1.086                               0.650E+003
 RTBSE|             659           1.064                               0.650E+003
 RTBSE|             660           1.269                               0.650E+003
 RTBSE|             661           1.056                               0.650E+003
 RTBSE|             662           1.081                               0.650E+003
 RTBSE|             663           1.092                               0.650E+003
 RTBSE|             664           1.131                               0.650E+003
 RTBSE|             665           1.100                               0.650E+003
 RTBSE|             666           1.088                               0.650E+003
 RTBSE|             667           1.097                               0.650E+003
 RTBSE|             668           1.091                               0.650E+003
 RTBSE|             669           1.105                               0.650E+003
 RTBSE|             670           1.071                               0.650E+003
 RTBSE|             671           1.070                               0.650E+003
 RTBSE|             672           1.052                               0.650E+003
 RTBSE|             673           1.129                               0.650E+003
 RTBSE|             674           1.088                               0.650E+003
 RTBSE|             675           1.081                               0.650E+003
 RTBSE|             676           1.078                               0.650E+003
 RTBSE|             677           1.048                               0.650E+003
 RTBSE|             678           1.056                               0.650E+003
 RTBSE|             679           1.119                               0.650E+003
 RTBSE|             680           1.054                               0.650E+003
 RTBSE|             681           1.090                               0.650E+003
 RTBSE|             682           1.050                               0.650E+003
 RTBSE|             683           1.049                               0.650E+003
 RTBSE|             684           1.107                               0.650E+003
 RTBSE|             685           1.277                               0.650E+003
 RTBSE|             686           1.094                               0.650E+003
 RTBSE|             687           1.178                               0.650E+003
 RTBSE|             688           1.080                               0.650E+003
 RTBSE|             689           1.068                               0.650E+003
 RTBSE|             690           1.071                               0.650E+003
 RTBSE|             691           1.047                               0.650E+003
 RTBSE|             692           1.061                               0.650E+003
 RTBSE|             693           1.059                               0.650E+003
 RTBSE|             694           1.046                               0.650E+003
 RTBSE|             695           1.054                               0.650E+003
 RTBSE|             696           1.050                               0.650E+003
 RTBSE|             697           1.058                               0.650E+003
 RTBSE|             698           1.097                               0.650E+003
 RTBSE|             699           1.062                               0.650E+003
 RTBSE|             700           1.057                               0.650E+003
 RTBSE|             701           1.081                               0.650E+003
 RTBSE|             702           1.082                               0.650E+003
 RTBSE|             703           1.106                               0.650E+003
 RTBSE|             704           1.044                               0.650E+003
 RTBSE|             705           1.044                               0.650E+003
 RTBSE|             706           1.056                               0.650E+003
 RTBSE|             707           1.101                               0.650E+003
 RTBSE|             708           1.190                               0.650E+003
 RTBSE|             709           1.106                               0.650E+003
 RTBSE|             710           1.107                               0.650E+003
 RTBSE|             711           1.255                               0.650E+003
 RTBSE|             712           1.210                               0.650E+003
 RTBSE|             713           1.097                               0.650E+003
 RTBSE|             714           1.272                               0.650E+003
 RTBSE|             715           1.112                               0.650E+003
 RTBSE|             716           1.122                               0.650E+003
 RTBSE|             717           1.056                               0.650E+003
 RTBSE|             718           1.052                               0.650E+003
 RTBSE|             719           1.115                               0.650E+003
 RTBSE|             720           1.103                               0.650E+003
 RTBSE|             721           1.089                               0.650E+003
 RTBSE|             722           1.087                               0.650E+003
 RTBSE|             723           1.075                               0.650E+003
 RTBSE|             724           1.063                               0.650E+003
 RTBSE|             725           1.130                               0.650E+003
 RTBSE|             726           1.068                               0.650E+003
 RTBSE|             727           1.054                               0.650E+003
 RTBSE|             728           1.053                               0.650E+003
 RTBSE|             729           1.061                               0.650E+003
 RTBSE|             730           1.056                               0.650E+003
 RTBSE|             731           1.062                               0.650E+003
 RTBSE|             732           1.062                               0.650E+003
 RTBSE|             733           1.055                               0.650E+003
 RTBSE|             734           1.064                               0.650E+003
 RTBSE|             735           1.124                               0.650E+003
 RTBSE|             736           1.133                               0.650E+003
 RTBSE|             737           1.055                               0.650E+003
 RTBSE|             738           1.122                               0.650E+003
 RTBSE|             739           1.067                               0.650E+003
 RTBSE|             740           1.223                               0.650E+003
 RTBSE|             741           1.096                               0.650E+003
 RTBSE|             742           1.049                               0.650E+003
 RTBSE|             743           1.066                               0.650E+003
 RTBSE|             744           1.066                               0.650E+003
 RTBSE|             745           1.064                               0.650E+003
 RTBSE|             746           1.107                               0.650E+003
 RTBSE|             747           1.109                               0.650E+003
 RTBSE|             748           1.093                               0.650E+003
 RTBSE|             749           1.052                               0.650E+003
 RTBSE|             750           1.072                               0.650E+003
 RTBSE|             751           1.055                               0.650E+003
 RTBSE|             752           1.133                               0.650E+003
 RTBSE|             753           1.067                               0.650E+003
 RTBSE|             754           1.068                               0.650E+003
 RTBSE|             755           1.053                               0.650E+003
 RTBSE|             756           1.076                               0.650E+003
 RTBSE|             757           1.116                               0.650E+003
 RTBSE|             758           1.108                               0.650E+003
 RTBSE|             759           1.107                               0.650E+003
 RTBSE|             760           1.102                               0.650E+003
 RTBSE|             761           1.075                               0.650E+003
 RTBSE|             762           1.143                               0.650E+003
 RTBSE|             763           1.264                               0.650E+003
 RTBSE|             764           1.107                               0.650E+003
 RTBSE|             765           1.063                               0.650E+003
 RTBSE|             766           1.249                               0.650E+003
 RTBSE|             767           1.233                               0.650E+003
 RTBSE|             768           1.342                               0.650E+003
 RTBSE|             769           1.091                               0.650E+003
 RTBSE|             770           1.069                               0.650E+003
 RTBSE|             771           1.068                               0.650E+003
 RTBSE|             772           1.108                               0.650E+003
 RTBSE|             773           1.058                               0.650E+003
 RTBSE|             774           1.068                               0.650E+003
 RTBSE|             775           1.059                               0.650E+003
 RTBSE|             776           1.051                               0.650E+003
 RTBSE|             777           1.068                               0.650E+003
 RTBSE|             778           1.056                               0.650E+003
 RTBSE|             779           1.062                               0.650E+003
 RTBSE|             780           1.067                               0.650E+003
 RTBSE|             781           1.051                               0.650E+003
 RTBSE|             782           1.056                               0.650E+003
 RTBSE|             783           1.055                               0.650E+003
 RTBSE|             784           1.058                               0.650E+003
 RTBSE|             785           1.065                               0.650E+003
 RTBSE|             786           1.065                               0.650E+003
 RTBSE|             787           1.053                               0.650E+003
 RTBSE|             788           1.067                               0.650E+003
 RTBSE|             789           1.077                               0.650E+003
 RTBSE|             790           1.076                               0.650E+003
 RTBSE|             791           1.061                               0.650E+003
 RTBSE|             792           1.117                               0.650E+003
 RTBSE|             793           1.199                               0.650E+003
 RTBSE|             794           1.274                               0.650E+003
 RTBSE|             795           1.063                               0.650E+003
 RTBSE|             796           1.081                               0.650E+003
 RTBSE|             797           1.068                               0.650E+003
 RTBSE|             798           1.118                               0.650E+003
 RTBSE|             799           1.054                               0.650E+003
 RTBSE|             800           1.061                               0.650E+003
 RTBSE|             801           1.062                               0.650E+003
 RTBSE|             802           1.060                               0.650E+003
 RTBSE|             803           1.051                               0.650E+003
 RTBSE|             804           1.064                               0.650E+003
 RTBSE|             805           1.114                               0.650E+003
 RTBSE|             806           1.161                               0.650E+003
 RTBSE|             807           1.094                               0.650E+003
 RTBSE|             808           1.099                               0.650E+003
 RTBSE|             809           1.105                               0.650E+003
 RTBSE|             810           1.153                               0.650E+003
 RTBSE|             811           1.086                               0.650E+003
 RTBSE|             812           1.062                               0.650E+003
 RTBSE|             813           1.057                               0.650E+003
 RTBSE|             814           1.125                               0.650E+003
 RTBSE|             815           1.083                               0.650E+003
 RTBSE|             816           1.143                               0.650E+003
 RTBSE|             817           1.374                               0.650E+003
 RTBSE|             818           1.081                               0.650E+003
 RTBSE|             819           1.057                               0.650E+003
 RTBSE|             820           1.231                               0.650E+003
 RTBSE|             821           1.132                               0.650E+003
 RTBSE|             822           1.091                               0.650E+003
 RTBSE|             823           1.192                               0.650E+003
 RTBSE|             824           1.072                               0.650E+003
 RTBSE|             825           1.065                               0.650E+003
 RTBSE|             826           1.054                               0.650E+003
 RTBSE|             827           1.054                               0.650E+003
 RTBSE|             828           1.055                               0.650E+003
 RTBSE|             829           1.061                               0.650E+003
 RTBSE|             830           1.053                               0.650E+003
 RTBSE|             831           1.064                               0.650E+003
 RTBSE|             832           1.059                               0.650E+003
 RTBSE|             833           1.059                               0.650E+003
 RTBSE|             834           1.074                               0.650E+003
 RTBSE|             835           1.053                               0.650E+003
 RTBSE|             836           1.060                               0.650E+003
 RTBSE|             837           1.060                               0.650E+003
 RTBSE|             838           1.082                               0.650E+003
 RTBSE|             839           1.079                               0.650E+003
 RTBSE|             840           1.084                               0.650E+003
 RTBSE|             841           1.099                               0.650E+003
 RTBSE|             842           1.062                               0.650E+003
 RTBSE|             843           1.071                               0.650E+003
 RTBSE|             844           1.145                               0.650E+003
 RTBSE|             845           1.060                               0.650E+003
 RTBSE|             846           1.070                               0.650E+003
 RTBSE|             847           1.124                               0.650E+003
 RTBSE|             848           1.206                               0.650E+003
 RTBSE|             849           1.067                               0.650E+003
 RTBSE|             850           1.370                               0.650E+003
 RTBSE|             851           1.116                               0.650E+003
 RTBSE|             852           1.141                               0.650E+003
 RTBSE|             853           1.094                               0.650E+003
 RTBSE|             854           1.079                               0.650E+003
 RTBSE|             855           1.121                               0.650E+003
 RTBSE|             856           1.139                               0.650E+003
 RTBSE|             857           1.109                               0.650E+003
 RTBSE|             858           1.113                               0.650E+003
 RTBSE|             859           1.065                               0.650E+003
 RTBSE|             860           1.098                               0.650E+003
 RTBSE|             861           1.075                               0.650E+003
 RTBSE|             862           1.083                               0.650E+003
 RTBSE|             863           1.086                               0.650E+003
 RTBSE|             864           1.085                               0.650E+003
 RTBSE|             865           1.115                               0.650E+003
 RTBSE|             866           1.059                               0.650E+003
 RTBSE|             867           1.058                               0.650E+003
 RTBSE|             868           1.066                               0.650E+003
 RTBSE|             869           1.118                               0.650E+003
 RTBSE|             870           1.091                               0.650E+003
 RTBSE|             871           1.249                               0.650E+003
 RTBSE|             872           1.059                               0.650E+003
 RTBSE|             873           1.069                               0.650E+003
 RTBSE|             874           1.345                               0.650E+003
 RTBSE|             875           1.076                               0.650E+003
 RTBSE|             876           1.070                               0.650E+003
 RTBSE|             877           1.213                               0.650E+003
 RTBSE|             878           1.109                               0.650E+003
 RTBSE|             879           1.069                               0.650E+003
 RTBSE|             880           1.068                               0.650E+003
 RTBSE|             881           1.088                               0.650E+003
 RTBSE|             882           1.089                               0.650E+003
 RTBSE|             883           1.104                               0.650E+003
 RTBSE|             884           1.085                               0.650E+003
 RTBSE|             885           1.066                               0.650E+003
 RTBSE|             886           1.064                               0.650E+003
 RTBSE|             887           1.064                               0.650E+003
 RTBSE|             888           1.126                               0.650E+003
 RTBSE|             889           1.058                               0.650E+003
 RTBSE|             890           1.056                               0.650E+003
 RTBSE|             891           1.077                               0.650E+003
 RTBSE|             892           1.075                               0.650E+003
 RTBSE|             893           1.060                               0.650E+003
 RTBSE|             894           1.064                               0.650E+003
 RTBSE|             895           1.071                               0.650E+003
 RTBSE|             896           1.134                               0.650E+003
 RTBSE|             897           1.108                               0.650E+003
 RTBSE|             898           1.241                               0.650E+003
 RTBSE|             899           1.069                               0.650E+003
 RTBSE|             900           1.076                               0.650E+003
 RTBSE|             901           1.107                               0.650E+003
 RTBSE|             902           1.298                               0.650E+003
 RTBSE|             903           1.052                               0.650E+003
 RTBSE|             904           1.078                               0.650E+003
 RTBSE|             905           1.076                               0.650E+003
 RTBSE|             906           1.081                               0.650E+003
 RTBSE|             907           1.056                               0.650E+003
 RTBSE|             908           1.074                               0.650E+003
 RTBSE|             909           1.099                               0.650E+003
 RTBSE|             910           1.098                               0.650E+003
 RTBSE|             911           1.087                               0.650E+003
 RTBSE|             912           1.067                               0.650E+003
 RTBSE|             913           1.063                               0.650E+003
 RTBSE|             914           1.091                               0.650E+003
 RTBSE|             915           1.116                               0.650E+003
 RTBSE|             916           1.062                               0.650E+003
 RTBSE|             917           1.059                               0.650E+003
 RTBSE|             918           1.053                               0.650E+003
 RTBSE|             919           1.078                               0.650E+003
 RTBSE|             920           1.057                               0.650E+003
 RTBSE|             921           1.069                               0.650E+003
 RTBSE|             922           1.066                               0.650E+003
 RTBSE|             923           1.072                               0.650E+003
 RTBSE|             924           1.096                               0.650E+003
 RTBSE|             925           1.240                               0.650E+003
 RTBSE|             926           1.096                               0.650E+003
 RTBSE|             927           1.053                               0.650E+003
 RTBSE|             928           1.287                               0.650E+003
 RTBSE|             929           1.200                               0.650E+003
 RTBSE|             930           1.131                               0.650E+003
 RTBSE|             931           1.316                               0.650E+003
 RTBSE|             932           1.071                               0.650E+003
 RTBSE|             933           1.068                               0.650E+003
 RTBSE|             934           1.122                               0.650E+003
 RTBSE|             935           1.063                               0.650E+003
 RTBSE|             936           1.075                               0.650E+003
 RTBSE|             937           1.061                               0.650E+003
 RTBSE|             938           1.089                               0.650E+003
 RTBSE|             939           1.110                               0.650E+003
 RTBSE|             940           1.119                               0.650E+003
 RTBSE|             941           1.141                               0.650E+003
 RTBSE|             942           1.111                               0.650E+003
 RTBSE|             943           1.102                               0.650E+003
 RTBSE|             944           1.131                               0.650E+003
 RTBSE|             945           1.068                               0.650E+003
 RTBSE|             946           1.072                               0.650E+003
 RTBSE|             947           1.091                               0.650E+003
 RTBSE|             948           1.056                               0.650E+003
 RTBSE|             949           1.058                               0.650E+003
 RTBSE|             950           1.065                               0.650E+003
 RTBSE|             951           1.072                               0.650E+003
 RTBSE|             952           1.097                               0.650E+003
 RTBSE|             953           1.058                               0.650E+003
 RTBSE|             954           1.106                               0.650E+003
 RTBSE|             955           1.208                               0.650E+003
 RTBSE|             956           1.283                               0.650E+003
 RTBSE|             957           1.147                               0.650E+003
 RTBSE|             958           1.097                               0.650E+003
 RTBSE|             959           1.070                               0.650E+003
 RTBSE|             960           1.069                               0.650E+003
 RTBSE|             961           1.123                               0.650E+003
 RTBSE|             962           1.069                               0.650E+003
 RTBSE|             963           1.072                               0.650E+003
 RTBSE|             964           1.098                               0.650E+003
 RTBSE|             965           1.077                               0.650E+003
 RTBSE|             966           1.077                               0.650E+003
 RTBSE|             967           1.066                               0.650E+003
 RTBSE|             968           1.124                               0.650E+003
 RTBSE|             969           1.089                               0.650E+003
 RTBSE|             970           1.062                               0.650E+003
 RTBSE|             971           1.059                               0.650E+003
 RTBSE|             972           1.067                               0.650E+003
 RTBSE|             973           1.104                               0.650E+003
 RTBSE|             974           1.081                               0.650E+003
 RTBSE|             975           1.113                               0.650E+003
 RTBSE|             976           1.110                               0.650E+003
 RTBSE|             977           1.104                               0.650E+003
 RTBSE|             978           1.099                               0.650E+003
 RTBSE|             979           1.350                               0.650E+003
 RTBSE|             980           1.126                               0.650E+003
 RTBSE|             981           1.070                               0.650E+003
 RTBSE|             982           1.255                               0.650E+003
 RTBSE|             983           1.115                               0.650E+003
 RTBSE|             984           1.100                               0.650E+003
 RTBSE|             985           1.253                               0.650E+003
 RTBSE|             986           1.152                               0.650E+003
 RTBSE|             987           1.157                               0.650E+003
 RTBSE|             988           1.068                               0.650E+003
 RTBSE|             989           1.114                               0.650E+003
 RTBSE|             990           1.078                               0.650E+003
 RTBSE|             991           1.118                               0.650E+003
 RTBSE|             992           1.056                               0.650E+003
 RTBSE|             993           1.074                               0.650E+003
 RTBSE|             994           1.075                               0.650E+003
 RTBSE|             995           1.084                               0.650E+003
 RTBSE|             996           1.078                               0.650E+003
 RTBSE|             997           1.062                               0.650E+003
 RTBSE|             998           1.067                               0.650E+003
 RTBSE|             999           1.072                               0.650E+003
 RTBSE|            1000           1.079                               0.650E+003
 RTBSE|            1001           1.086                               0.650E+003
 RTBSE|            1002           1.121                               0.650E+003
 RTBSE|            1003           1.087                               0.650E+003
 RTBSE|            1004           1.116                               0.650E+003
 RTBSE|            1005           1.083                               0.650E+003
 RTBSE|            1006           1.098                               0.650E+003
 RTBSE|            1007           1.060                               0.650E+003
 RTBSE|            1008           1.148                               0.650E+003
 RTBSE|            1009           1.105                               0.650E+003
 RTBSE|            1010           1.338                               0.650E+003
 RTBSE|            1011           1.073                               0.650E+003
 RTBSE|            1012           1.190                               0.650E+003
 RTBSE|            1013           1.064                               0.650E+003
 RTBSE|            1014           1.075                               0.650E+003
 RTBSE|            1015           1.064                               0.650E+003
 RTBSE|            1016           1.061                               0.650E+003
 RTBSE|            1017           1.076                               0.650E+003
 RTBSE|            1018           1.077                               0.650E+003
 RTBSE|            1019           1.056                               0.650E+003
 RTBSE|            1020           1.080                               0.650E+003
 RTBSE|            1021           1.079                               0.650E+003
 RTBSE|            1022           1.144                               0.650E+003
 RTBSE|            1023           1.108                               0.650E+003
 RTBSE|            1024           1.072                               0.650E+003
 RTBSE|            1025           1.055                               0.650E+003
 RTBSE|            1026           1.121                               0.650E+003
 RTBSE|            1027           1.102                               0.650E+003
 RTBSE|            1028           1.050                               0.650E+003
 RTBSE|            1029           1.067                               0.650E+003
 RTBSE|            1030           1.067                               0.650E+003
 RTBSE|            1031           1.087                               0.650E+003
 RTBSE|            1032           1.119                               0.650E+003
 RTBSE|            1033           1.302                               0.650E+003
 RTBSE|            1034           1.132                               0.650E+003
 RTBSE|            1035           1.117                               0.650E+003
 RTBSE|            1036           1.335                               0.650E+003
 RTBSE|            1037           1.146                               0.650E+003
 RTBSE|            1038           1.263                               0.650E+003
 RTBSE|            1039           1.061                               0.650E+003
 RTBSE|            1040           1.083                               0.650E+003
 RTBSE|            1041           1.062                               0.650E+003
 RTBSE|            1042           1.064                               0.650E+003
 RTBSE|            1043           1.074                               0.650E+003
 RTBSE|            1044           1.077                               0.650E+003
 RTBSE|            1045           1.067                               0.650E+003
 RTBSE|            1046           1.074                               0.650E+003
 RTBSE|            1047           1.095                               0.650E+003
 RTBSE|            1048           1.090                               0.650E+003
 RTBSE|            1049           1.092                               0.650E+003
 RTBSE|            1050           1.071                               0.650E+003
 RTBSE|            1051           1.064                               0.650E+003
 RTBSE|            1052           1.056                               0.650E+003
 RTBSE|            1053           1.117                               0.650E+003
 RTBSE|            1054           1.070                               0.650E+003
 RTBSE|            1055           1.067                               0.650E+003
 RTBSE|            1056           1.070                               0.650E+003
 RTBSE|            1057           1.072                               0.650E+003
 RTBSE|            1058           1.086                               0.650E+003
 RTBSE|            1059           1.088                               0.650E+003
 RTBSE|            1060           1.196                               0.650E+003
 RTBSE|            1061           1.064                               0.650E+003
 RTBSE|            1062           1.099                               0.650E+003
 RTBSE|            1063           1.095                               0.650E+003
 RTBSE|            1064           1.237                               0.650E+003
 RTBSE|            1065           1.118                               0.650E+003
 RTBSE|            1066           1.107                               0.650E+003
 RTBSE|            1067           1.170                               0.650E+003
 RTBSE|            1068           1.085                               0.650E+003
 RTBSE|            1069           1.080                               0.650E+003
 RTBSE|            1070           1.068                               0.650E+003
 RTBSE|            1071           1.111                               0.650E+003
 RTBSE|            1072           1.073                               0.650E+003
 RTBSE|            1073           1.062                               0.650E+003
 RTBSE|            1074           1.062                               0.650E+003
 RTBSE|            1075           1.072                               0.650E+003
 RTBSE|            1076           1.106                               0.650E+003
 RTBSE|            1077           1.094                               0.650E+003
 RTBSE|            1078           1.051                               0.650E+003
 RTBSE|            1079           1.083                               0.650E+003
 RTBSE|            1080           1.107                               0.650E+003
 RTBSE|            1081           1.154                               0.650E+003
 RTBSE|            1082           1.149                               0.650E+003
 RTBSE|            1083           1.065                               0.650E+003
 RTBSE|            1084           1.061                               0.650E+003
 RTBSE|            1085           1.130                               0.650E+003
 RTBSE|            1086           1.168                               0.650E+003
 RTBSE|            1087           1.236                               0.650E+003
 RTBSE|            1088           1.071                               0.650E+003
 RTBSE|            1089           1.073                               0.650E+003
 RTBSE|            1090           1.247                               0.650E+003
 RTBSE|            1091           1.233                               0.650E+003
 RTBSE|            1092           1.238                               0.650E+003
 RTBSE|            1093           1.183                               0.650E+003
 RTBSE|            1094           1.114                               0.650E+003
 RTBSE|            1095           1.076                               0.650E+003
 RTBSE|            1096           1.056                               0.650E+003
 RTBSE|            1097           1.071                               0.650E+003
 RTBSE|            1098           1.119                               0.650E+003
 RTBSE|            1099           1.066                               0.650E+003
 RTBSE|            1100           1.069                               0.650E+003
 RTBSE|            1101           1.063                               0.650E+003
 RTBSE|            1102           1.069                               0.650E+003
 RTBSE|            1103           1.085                               0.650E+003
 RTBSE|            1104           1.068                               0.650E+003
 RTBSE|            1105           1.062                               0.650E+003
 RTBSE|            1106           1.060                               0.650E+003
 RTBSE|            1107           1.072                               0.650E+003
 RTBSE|            1108           1.071                               0.650E+003
 RTBSE|            1109           1.070                               0.650E+003
 RTBSE|            1110           1.079                               0.650E+003
 RTBSE|            1111           1.096                               0.650E+003
 RTBSE|            1112           1.116                               0.650E+003
 RTBSE|            1113           1.092                               0.650E+003
 RTBSE|            1114           1.101                               0.650E+003
 RTBSE|            1115           1.066                               0.650E+003
 RTBSE|            1116           1.138                               0.650E+003
 RTBSE|            1117           1.183                               0.650E+003
 RTBSE|            1118           1.195                               0.650E+003
 RTBSE|            1119           1.123                               0.650E+003
 RTBSE|            1120           1.060                               0.650E+003
 RTBSE|            1121           1.083                               0.650E+003
 RTBSE|            1122           1.076                               0.650E+003
 RTBSE|            1123           1.067                               0.650E+003
 RTBSE|            1124           1.097                               0.650E+003
 RTBSE|            1125           1.165                               0.650E+003
 RTBSE|            1126           1.202                               0.650E+003
 RTBSE|            1127           1.081                               0.650E+003
 RTBSE|            1128           1.074                               0.650E+003
 RTBSE|            1129           1.074                               0.650E+003
 RTBSE|            1130           1.211                               0.650E+003
 RTBSE|            1131           1.081                               0.650E+003
 RTBSE|            1132           1.067                               0.650E+003
 RTBSE|            1133           1.072                               0.650E+003
 RTBSE|            1134           1.088                               0.650E+003
 RTBSE|            1135           1.102                               0.650E+003
 RTBSE|            1136           1.075                               0.650E+003
 RTBSE|            1137           1.070                               0.650E+003
 RTBSE|            1138           1.078                               0.650E+003
 RTBSE|            1139           1.101                               0.650E+003
 RTBSE|            1140           1.087                               0.650E+003
 RTBSE|            1141           1.381                               0.650E+003
 RTBSE|            1142           1.111                               0.650E+003
 RTBSE|            1143           1.245                               0.650E+003
 RTBSE|            1144           1.103                               0.650E+003
 RTBSE|            1145           1.192                               0.650E+003
 RTBSE|            1146           1.167                               0.650E+003
 RTBSE|            1147           1.094                               0.650E+003
 RTBSE|            1148           1.084                               0.650E+003
 RTBSE|            1149           1.063                               0.650E+003
 RTBSE|            1150           1.074                               0.650E+003
 RTBSE|            1151           1.069                               0.650E+003
 RTBSE|            1152           1.078                               0.650E+003
 RTBSE|            1153           1.083                               0.650E+003
 RTBSE|            1154           1.119                               0.650E+003
 RTBSE|            1155           1.100                               0.650E+003
 RTBSE|            1156           1.110                               0.650E+003
 RTBSE|            1157           1.082                               0.650E+003
 RTBSE|            1158           1.085                               0.650E+003
 RTBSE|            1159           1.064                               0.650E+003
 RTBSE|            1160           1.126                               0.650E+003
 RTBSE|            1161           1.070                               0.650E+003
 RTBSE|            1162           1.063                               0.650E+003
 RTBSE|            1163           1.065                               0.650E+003
 RTBSE|            1164           1.069                               0.650E+003
 RTBSE|            1165           1.069                               0.650E+003
 RTBSE|            1166           1.084                               0.650E+003
 RTBSE|            1167           1.070                               0.650E+003
 RTBSE|            1168           1.091                               0.650E+003
 RTBSE|            1169           1.056                               0.650E+003
 RTBSE|            1170           1.114                               0.650E+003
 RTBSE|            1171           1.191                               0.650E+003
 RTBSE|            1172           1.481                               0.650E+003
 RTBSE|            1173           1.119                               0.650E+003
 RTBSE|            1174           1.079                               0.650E+003
 RTBSE|            1175           1.072                               0.650E+003
 RTBSE|            1176           1.171                               0.650E+003
 RTBSE|            1177           1.069                               0.650E+003
 RTBSE|            1178           1.076                               0.650E+003
 RTBSE|            1179           1.064                               0.650E+003
 RTBSE|            1180           1.060                               0.650E+003
 RTBSE|            1181           1.068                               0.650E+003
 RTBSE|            1182           1.073                               0.650E+003
 RTBSE|            1183           1.096                               0.650E+003
 RTBSE|            1184           1.068                               0.650E+003
 RTBSE|            1185           1.071                               0.650E+003
 RTBSE|            1186           1.057                               0.650E+003
 RTBSE|            1187           1.062                               0.650E+003
 RTBSE|            1188           1.105                               0.650E+003
 RTBSE|            1189           1.104                               0.650E+003
 RTBSE|            1190           1.109                               0.650E+003
 RTBSE|            1191           1.085                               0.650E+003
 RTBSE|            1192           1.073                               0.650E+003
 RTBSE|            1193           1.097                               0.650E+003
 RTBSE|            1194           1.152                               0.650E+003
 RTBSE|            1195           1.212                               0.650E+003
 RTBSE|            1196           1.077                               0.650E+003
 RTBSE|            1197           1.276                               0.650E+003
 RTBSE|            1198           1.175                               0.650E+003
 RTBSE|            1199           1.302                               0.650E+003
 RTBSE|            1200           1.103                               0.650E+003
 RTBSE|            1201           1.085                               0.650E+003
 RTBSE|            1202           1.096                               0.650E+003
 RTBSE|            1203           1.076                               0.650E+003
 RTBSE|            1204           1.128                               0.650E+003
 RTBSE|            1205           1.082                               0.650E+003
 RTBSE|            1206           1.076                               0.650E+003
 RTBSE|            1207           1.069                               0.650E+003
 RTBSE|            1208           1.068                               0.650E+003
 RTBSE|            1209           1.074                               0.650E+003
 RTBSE|            1210           1.072                               0.650E+003
 RTBSE|            1211           1.086                               0.650E+003
 RTBSE|            1212           1.066                               0.650E+003
 RTBSE|            1213           1.065                               0.650E+003
 RTBSE|            1214           1.084                               0.650E+003
 RTBSE|            1215           1.082                               0.650E+003
 RTBSE|            1216           1.132                               0.650E+003
 RTBSE|            1217           1.124                               0.650E+003
 RTBSE|            1218           1.189                               0.650E+003
 RTBSE|            1219           1.102                               0.650E+003
 RTBSE|            1220           1.090                               0.650E+003
 RTBSE|            1221           1.152                               0.650E+003
 RTBSE|            1222           1.154                               0.650E+003
 RTBSE|            1223           1.159                               0.650E+003
 RTBSE|            1224           1.091                               0.650E+003
 RTBSE|            1225           1.242                               0.650E+003
 RTBSE|            1226           1.093                               0.650E+003
 RTBSE|            1227           1.072                               0.650E+003
 RTBSE|            1228           1.071                               0.650E+003
 RTBSE|            1229           1.089                               0.650E+003
 RTBSE|            1230           1.072                               0.650E+003
 RTBSE|            1231           1.063                               0.650E+003
 RTBSE|            1232           1.082                               0.650E+003
 RTBSE|            1233           1.092                               0.650E+003
 RTBSE|            1234           1.116                               0.650E+003
 RTBSE|            1235           1.104                               0.650E+003
 RTBSE|            1236           1.092                               0.650E+003
 RTBSE|            1237           1.100                               0.650E+003
 RTBSE|            1238           1.085                               0.650E+003
 RTBSE|            1239           1.064                               0.650E+003
 RTBSE|            1240           1.108                               0.650E+003
 RTBSE|            1241           1.083                               0.650E+003
 RTBSE|            1242           1.094                               0.650E+003
 RTBSE|            1243           1.064                               0.650E+003
 RTBSE|            1244           1.094                               0.650E+003
 RTBSE|            1245           1.097                               0.650E+003
 RTBSE|            1246           1.102                               0.650E+003
 RTBSE|            1247           1.119                               0.650E+003
 RTBSE|            1248           1.241                               0.650E+003
 RTBSE|            1249           1.067                               0.650E+003
 RTBSE|            1250           1.300                               0.650E+003
 RTBSE|            1251           1.077                               0.650E+003
 RTBSE|            1252           1.190                               0.650E+003
 RTBSE|            1253           1.310                               0.650E+003
 RTBSE|            1254           1.072                               0.650E+003
 RTBSE|            1255           1.094                               0.650E+003
 RTBSE|            1256           1.068                               0.650E+003
 RTBSE|            1257           1.075                               0.650E+003
 RTBSE|            1258           1.068                               0.650E+003
 RTBSE|            1259           1.075                               0.650E+003
 RTBSE|            1260           1.067                               0.650E+003
 RTBSE|            1261           1.086                               0.650E+003
 RTBSE|            1262           1.203                               0.650E+003
 RTBSE|            1263           1.142                               0.650E+003
 RTBSE|            1264           1.129                               0.650E+003
 RTBSE|            1265           1.084                               0.650E+003
 RTBSE|            1266           1.070                               0.650E+003
 RTBSE|            1267           1.131                               0.650E+003
 RTBSE|            1268           1.122                               0.650E+003
 RTBSE|            1269           1.085                               0.650E+003
 RTBSE|            1270           1.072                               0.650E+003
 RTBSE|            1271           1.072                               0.650E+003
 RTBSE|            1272           1.061                               0.650E+003
 RTBSE|            1273           1.079                               0.650E+003
 RTBSE|            1274           1.078                               0.650E+003
 RTBSE|            1275           1.109                               0.650E+003
 RTBSE|            1276           1.068                               0.650E+003
 RTBSE|            1277           1.228                               0.650E+003
 RTBSE|            1278           1.073                               0.650E+003
 RTBSE|            1279           1.233                               0.650E+003
 RTBSE|            1280           1.128                               0.650E+003
 RTBSE|            1281           1.101                               0.650E+003
 RTBSE|            1282           1.115                               0.650E+003
 RTBSE|            1283           1.064                               0.650E+003
 RTBSE|            1284           1.088                               0.650E+003
 RTBSE|            1285           1.106                               0.650E+003
 RTBSE|            1286           1.094                               0.650E+003
 RTBSE|            1287           1.069                               0.650E+003
 RTBSE|            1288           1.064                               0.650E+003
 RTBSE|            1289           1.070                               0.650E+003
 RTBSE|            1290           1.090                               0.650E+003
 RTBSE|            1291           1.143                               0.650E+003
 RTBSE|            1292           1.098                               0.650E+003
 RTBSE|            1293           1.097                               0.650E+003
 RTBSE|            1294           1.073                               0.650E+003
 RTBSE|            1295           1.074                               0.650E+003
 RTBSE|            1296           1.085                               0.650E+003
 RTBSE|            1297           1.117                               0.650E+003
 RTBSE|            1298           1.070                               0.650E+003
 RTBSE|            1299           1.092                               0.650E+003
 RTBSE|            1300           1.065                               0.650E+003
 RTBSE|            1301           1.108                               0.650E+003
 RTBSE|            1302           1.350                               0.650E+003
 RTBSE|            1303           1.061                               0.650E+003
 RTBSE|            1304           1.273                               0.650E+003
 RTBSE|            1305           1.069                               0.650E+003
 RTBSE|            1306           1.127                               0.650E+003
 RTBSE|            1307           1.314                               0.650E+003
 RTBSE|            1308           1.172                               0.650E+003
 RTBSE|            1309           1.162                               0.650E+003
 RTBSE|            1310           1.066                               0.650E+003
 RTBSE|            1311           1.079                               0.650E+003
 RTBSE|            1312           1.127                               0.650E+003
 RTBSE|            1313           1.114                               0.650E+003
 RTBSE|            1314           1.064                               0.650E+003
 RTBSE|            1315           1.062                               0.650E+003
 RTBSE|            1316           1.065                               0.650E+003
 RTBSE|            1317           1.072                               0.650E+003
 RTBSE|            1318           1.070                               0.650E+003
 RTBSE|            1319           1.078                               0.650E+003
 RTBSE|            1320           1.062                               0.650E+003
 RTBSE|            1321           1.075                               0.650E+003
 RTBSE|            1322           1.078                               0.650E+003
 RTBSE|            1323           1.062                               0.650E+003
 RTBSE|            1324           1.067                               0.650E+003
 RTBSE|            1325           1.063                               0.650E+003
 RTBSE|            1326           1.084                               0.650E+003
 RTBSE|            1327           1.115                               0.650E+003
 RTBSE|            1328           1.097                               0.650E+003
 RTBSE|            1329           1.124                               0.650E+003
 RTBSE|            1330           1.072                               0.650E+003
 RTBSE|            1331           1.118                               0.650E+003
 RTBSE|            1332           1.066                               0.650E+003
 RTBSE|            1333           1.420                               0.650E+003
 RTBSE|            1334           1.175                               0.650E+003
 RTBSE|            1335           1.116                               0.650E+003
 RTBSE|            1336           1.113                               0.650E+003
 RTBSE|            1337           1.118                               0.650E+003
 RTBSE|            1338           1.070                               0.650E+003
 RTBSE|            1339           1.083                               0.650E+003
 RTBSE|            1340           1.138                               0.650E+003
 RTBSE|            1341           1.081                               0.650E+003
 RTBSE|            1342           1.086                               0.650E+003
 RTBSE|            1343           1.069                               0.650E+003
 RTBSE|            1344           1.117                               0.650E+003
 RTBSE|            1345           1.090                               0.650E+003
 RTBSE|            1346           1.085                               0.650E+003
 RTBSE|            1347           1.071                               0.650E+003
 RTBSE|            1348           1.075                               0.650E+003
 RTBSE|            1349           1.094                               0.650E+003
 RTBSE|            1350           1.066                               0.650E+003
 RTBSE|            1351           1.076                               0.650E+003
 RTBSE|            1352           1.072                               0.650E+003
 RTBSE|            1353           1.070                               0.650E+003
 RTBSE|            1354           1.130                               0.650E+003
 RTBSE|            1355           1.126                               0.650E+003
 RTBSE|            1356           1.266                               0.650E+003
 RTBSE|            1357           1.281                               0.650E+003
 RTBSE|            1358           1.214                               0.650E+003
 RTBSE|            1359           1.094                               0.650E+003
 RTBSE|            1360           1.262                               0.650E+003
 RTBSE|            1361           1.088                               0.650E+003
 RTBSE|            1362           1.096                               0.650E+003
 RTBSE|            1363           1.083                               0.650E+003
 RTBSE|            1364           1.073                               0.650E+003
 RTBSE|            1365           1.067                               0.650E+003
 RTBSE|            1366           1.082                               0.650E+003
 RTBSE|            1367           1.088                               0.650E+003
 RTBSE|            1368           1.069                               0.650E+003
 RTBSE|            1369           1.081                               0.650E+003
 RTBSE|            1370           1.077                               0.650E+003
 RTBSE|            1371           1.087                               0.650E+003
 RTBSE|            1372           1.089                               0.650E+003
 RTBSE|            1373           1.107                               0.650E+003
 RTBSE|            1374           1.107                               0.650E+003
 RTBSE|            1375           1.122                               0.650E+003
 RTBSE|            1376           1.074                               0.650E+003
 RTBSE|            1377           1.064                               0.650E+003
 RTBSE|            1378           1.112                               0.650E+003
 RTBSE|            1379           1.068                               0.650E+003
 RTBSE|            1380           1.131                               0.650E+003
 RTBSE|            1381           1.110                               0.650E+003
 RTBSE|            1382           1.191                               0.650E+003
 RTBSE|            1383           1.101                               0.650E+003
 RTBSE|            1384           1.121                               0.650E+003
 RTBSE|            1385           1.078                               0.650E+003
 RTBSE|            1386           1.295                               0.650E+003
 RTBSE|            1387           1.112                               0.650E+003
 RTBSE|            1388           1.078                               0.650E+003
 RTBSE|            1389           1.086                               0.650E+003
 RTBSE|            1390           1.071                               0.650E+003
 RTBSE|            1391           1.076                               0.650E+003
 RTBSE|            1392           1.065                               0.650E+003
 RTBSE|            1393           1.081                               0.650E+003
 RTBSE|            1394           1.085                               0.650E+003
 RTBSE|            1395           1.066                               0.650E+003
 RTBSE|            1396           1.073                               0.650E+003
 RTBSE|            1397           1.074                               0.650E+003
 RTBSE|            1398           1.103                               0.650E+003
 RTBSE|            1399           1.100                               0.650E+003
 RTBSE|            1400           1.074                               0.650E+003
 RTBSE|            1401           1.073                               0.650E+003
 RTBSE|            1402           1.118                               0.650E+003
 RTBSE|            1403           1.187                               0.650E+003
 RTBSE|            1404           1.170                               0.650E+003
 RTBSE|            1405           1.088                               0.650E+003
 RTBSE|            1406           1.092                               0.650E+003
 RTBSE|            1407           1.072                               0.650E+003
 RTBSE|            1408           1.221                               0.650E+003
 RTBSE|            1409           1.401                               0.650E+003
 RTBSE|            1410           1.080                               0.650E+003
 RTBSE|            1411           1.269                               0.650E+003
 RTBSE|            1412           1.067                               0.650E+003
 RTBSE|            1413           1.202                               0.650E+003
 RTBSE|            1414           1.357                               0.650E+003
 RTBSE|            1415           1.093                               0.650E+003
 RTBSE|            1416           1.152                               0.650E+003
 RTBSE|            1417           1.116                               0.650E+003
 RTBSE|            1418           1.120                               0.650E+003
 RTBSE|            1419           1.088                               0.650E+003
 RTBSE|            1420           1.089                               0.650E+003
 RTBSE|            1421           1.077                               0.650E+003
 RTBSE|            1422           1.160                               0.650E+003
 RTBSE|            1423           1.122                               0.650E+003
 RTBSE|            1424           1.117                               0.650E+003
 RTBSE|            1425           1.107                               0.650E+003
 RTBSE|            1426           1.071                               0.650E+003
 RTBSE|            1427           1.071                               0.650E+003
 RTBSE|            1428           1.076                               0.650E+003
 RTBSE|            1429           1.118                               0.650E+003
 RTBSE|            1430           1.075                               0.650E+003
 RTBSE|            1431           1.069                               0.650E+003
 RTBSE|            1432           1.074                               0.650E+003
 RTBSE|            1433           1.079                               0.650E+003
 RTBSE|            1434           1.094                               0.650E+003
 RTBSE|            1435           1.074                               0.650E+003
 RTBSE|            1436           1.113                               0.650E+003
 RTBSE|            1437           1.126                               0.650E+003
 RTBSE|            1438           1.227                               0.650E+003
 RTBSE|            1439           1.079                               0.650E+003
 RTBSE|            1440           1.255                               0.650E+003
 RTBSE|            1441           1.074                               0.650E+003
 RTBSE|            1442           1.094                               0.650E+003
 RTBSE|            1443           1.083                               0.650E+003
 RTBSE|            1444           1.068                               0.650E+003
 RTBSE|            1445           1.084                               0.650E+003
 RTBSE|            1446           1.127                               0.650E+003
 RTBSE|            1447           1.159                               0.650E+003
 RTBSE|            1448           1.168                               0.650E+003
 RTBSE|            1449           1.080                               0.650E+003
 RTBSE|            1450           1.074                               0.650E+003
 RTBSE|            1451           1.158                               0.650E+003
 RTBSE|            1452           1.130                               0.650E+003
 RTBSE|            1453           1.059                               0.650E+003
 RTBSE|            1454           1.069                               0.650E+003
 RTBSE|            1455           1.063                               0.650E+003
 RTBSE|            1456           1.096                               0.650E+003
 RTBSE|            1457           1.064                               0.650E+003
 RTBSE|            1458           1.074                               0.650E+003
 RTBSE|            1459           1.078                               0.650E+003
 RTBSE|            1460           1.086                               0.650E+003
 RTBSE|            1461           1.119                               0.650E+003
 RTBSE|            1462           1.131                               0.650E+003
 RTBSE|            1463           1.252                               0.650E+003
 RTBSE|            1464           1.322                               0.650E+003
 RTBSE|            1465           1.122                               0.650E+003
 RTBSE|            1466           1.110                               0.650E+003
 RTBSE|            1467           1.251                               0.650E+003
 RTBSE|            1468           1.113                               0.650E+003
 RTBSE|            1469           1.204                               0.650E+003
 RTBSE|            1470           1.087                               0.650E+003
 RTBSE|            1471           1.082                               0.650E+003
 RTBSE|            1472           1.101                               0.650E+003
 RTBSE|            1473           1.146                               0.650E+003
 RTBSE|            1474           1.068                               0.650E+003
 RTBSE|            1475           1.081                               0.650E+003
 RTBSE|            1476           1.084                               0.650E+003
 RTBSE|            1477           1.079                               0.650E+003
 RTBSE|            1478           1.089                               0.650E+003
 RTBSE|            1479           1.094                               0.650E+003
 RTBSE|            1480           1.064                               0.650E+003
 RTBSE|            1481           1.076                               0.650E+003
 RTBSE|            1482           1.092                               0.650E+003
 RTBSE|            1483           1.084                               0.650E+003
 RTBSE|            1484           1.073                               0.650E+003
 RTBSE|            1485           1.086                               0.650E+003
 RTBSE|            1486           1.091                               0.650E+003
 RTBSE|            1487           1.093                               0.650E+003
 RTBSE|            1488           1.100                               0.650E+003
 RTBSE|            1489           1.089                               0.650E+003
 RTBSE|            1490           1.077                               0.650E+003
 RTBSE|            1491           1.126                               0.650E+003
 RTBSE|            1492           1.114                               0.650E+003
 RTBSE|            1493           1.365                               0.650E+003
 RTBSE|            1494           1.288                               0.650E+003
 RTBSE|            1495           1.100                               0.650E+003
 RTBSE|            1496           1.128                               0.650E+003
 RTBSE|            1497           1.090                               0.650E+003
 RTBSE|            1498           1.141                               0.650E+003
 RTBSE|            1499           1.127                               0.650E+003
 RTBSE|            1500           1.103                               0.650E+003
 RTBSE|            1501           1.098                               0.650E+003
 RTBSE|            1502           1.079                               0.650E+003
 RTBSE|            1503           1.094                               0.650E+003
 RTBSE|            1504           1.144                               0.650E+003
 RTBSE|            1505           1.090                               0.650E+003
 RTBSE|            1506           1.081                               0.650E+003
 RTBSE|            1507           1.082                               0.650E+003
 RTBSE|            1508           1.091                               0.650E+003
 RTBSE|            1509           1.113                               0.650E+003
 RTBSE|            1510           1.092                               0.650E+003
 RTBSE|            1511           1.108                               0.650E+003
 RTBSE|            1512           1.118                               0.650E+003
 RTBSE|            1513           1.128                               0.650E+003
 RTBSE|            1514           1.145                               0.650E+003
 RTBSE|            1515           1.117                               0.650E+003
 RTBSE|            1516           1.263                               0.650E+003
 RTBSE|            1517           1.153                               0.650E+003
 RTBSE|            1518           1.316                               0.650E+003
 RTBSE|            1519           1.141                               0.650E+003
 RTBSE|            1520           1.225                               0.650E+003
 RTBSE|            1521           1.079                               0.650E+003
 RTBSE|            1522           1.102                               0.650E+003
 RTBSE|            1523           1.078                               0.650E+003
 RTBSE|            1524           1.074                               0.650E+003
 RTBSE|            1525           1.070                               0.650E+003
 RTBSE|            1526           1.089                               0.650E+003
 RTBSE|            1527           1.078                               0.650E+003
 RTBSE|            1528           1.066                               0.650E+003
 RTBSE|            1529           1.090                               0.650E+003
 RTBSE|            1530           1.088                               0.650E+003
 RTBSE|            1531           1.064                               0.650E+003
 RTBSE|            1532           1.091                               0.650E+003
 RTBSE|            1533           1.090                               0.650E+003
 RTBSE|            1534           1.088                               0.650E+003
 RTBSE|            1535           1.089                               0.650E+003
 RTBSE|            1536           1.082                               0.650E+003
 RTBSE|            1537           1.067                               0.650E+003
 RTBSE|            1538           1.136                               0.650E+003
 RTBSE|            1539           1.135                               0.650E+003
 RTBSE|            1540           1.175                               0.650E+003
 RTBSE|            1541           1.102                               0.650E+003
 RTBSE|            1542           1.182                               0.650E+003
 RTBSE|            1543           1.117                               0.650E+003
 RTBSE|            1544           1.201                               0.650E+003
 RTBSE|            1545           1.158                               0.650E+003
 RTBSE|            1546           1.215                               0.650E+003
 RTBSE|            1547           1.140                               0.650E+003
 RTBSE|            1548           1.069                               0.650E+003
 RTBSE|            1549           1.100                               0.650E+003
 RTBSE|            1550           1.084                               0.650E+003
 RTBSE|            1551           1.083                               0.650E+003
 RTBSE|            1552           1.066                               0.650E+003
 RTBSE|            1553           1.072                               0.650E+003
 RTBSE|            1554           1.082                               0.650E+003
 RTBSE|            1555           1.080                               0.650E+003
 RTBSE|            1556           1.090                               0.650E+003
 RTBSE|            1557           1.129                               0.650E+003
 RTBSE|            1558           1.135                               0.650E+003
 RTBSE|            1559           1.130                               0.650E+003
 RTBSE|            1560           1.103                               0.650E+003
 RTBSE|            1561           1.109                               0.650E+003
 RTBSE|            1562           1.110                               0.650E+003
 RTBSE|            1563           1.172                               0.650E+003
 RTBSE|            1564           1.078                               0.650E+003
 RTBSE|            1565           1.117                               0.650E+003
 RTBSE|            1566           1.079                               0.650E+003
 RTBSE|            1567           1.109                               0.650E+003
 RTBSE|            1568           1.085                               0.650E+003
 RTBSE|            1569           1.237                               0.650E+003
 RTBSE|            1570           1.085                               0.650E+003
 RTBSE|            1571           1.264                               0.650E+003
 RTBSE|            1572           1.078                               0.650E+003
 RTBSE|            1573           1.185                               0.650E+003
 RTBSE|            1574           1.347                               0.650E+003
 RTBSE|            1575           1.096                               0.650E+003
 RTBSE|            1576           1.088                               0.650E+003
 RTBSE|            1577           1.067                               0.650E+003
 RTBSE|            1578           1.071                               0.650E+003
 RTBSE|            1579           1.082                               0.650E+003
 RTBSE|            1580           1.084                               0.650E+003
 RTBSE|            1581           1.080                               0.650E+003
 RTBSE|            1582           1.108                               0.650E+003
 RTBSE|            1583           1.105                               0.650E+003
 RTBSE|            1584           1.130                               0.650E+003
 RTBSE|            1585           1.143                               0.650E+003
 RTBSE|            1586           1.108                               0.650E+003
 RTBSE|            1587           1.072                               0.650E+003
 RTBSE|            1588           1.128                               0.650E+003
 RTBSE|            1589           1.118                               0.650E+003
 RTBSE|            1590           1.075                               0.650E+003
 RTBSE|            1591           1.073                               0.650E+003
 RTBSE|            1592           1.068                               0.650E+003
 RTBSE|            1593           1.075                               0.650E+003
 RTBSE|            1594           1.085                               0.650E+003
 RTBSE|            1595           1.066                               0.650E+003
 RTBSE|            1596           1.091                               0.650E+003
 RTBSE|            1597           1.092                               0.650E+003
 RTBSE|            1598           1.195                               0.650E+003
 RTBSE|            1599           1.084                               0.650E+003
 RTBSE|            1600           1.285                               0.650E+003
 RTBSE|            1601           1.068                               0.650E+003
 RTBSE|            1602           1.104                               0.650E+003
 RTBSE|            1603           1.192                               0.650E+003
 RTBSE|            1604           1.133                               0.650E+003
 RTBSE|            1605           1.131                               0.650E+003
 RTBSE|            1606           1.078                               0.650E+003
 RTBSE|            1607           1.081                               0.650E+003
 RTBSE|            1608           1.124                               0.650E+003
 RTBSE|            1609           1.131                               0.650E+003
 RTBSE|            1610           1.084                               0.650E+003
 RTBSE|            1611           1.117                               0.650E+003
 RTBSE|            1612           1.091                               0.650E+003
 RTBSE|            1613           1.069                               0.650E+003
 RTBSE|            1614           1.068                               0.650E+003
 RTBSE|            1615           1.074                               0.650E+003
 RTBSE|            1616           1.100                               0.650E+003
 RTBSE|            1617           1.070                               0.650E+003
 RTBSE|            1618           1.084                               0.650E+003
 RTBSE|            1619           1.074                               0.650E+003
 RTBSE|            1620           1.075                               0.650E+003
 RTBSE|            1621           1.119                               0.650E+003
 RTBSE|            1622           1.075                               0.650E+003
 RTBSE|            1623           1.363                               0.650E+003
 RTBSE|            1624           1.254                               0.650E+003
 RTBSE|            1625           1.081                               0.650E+003
 RTBSE|            1626           1.095                               0.650E+003
 RTBSE|            1627           1.247                               0.650E+003
 RTBSE|            1628           1.128                               0.650E+003
 RTBSE|            1629           1.150                               0.650E+003
 RTBSE|            1630           1.146                               0.650E+003
 RTBSE|            1631           1.100                               0.650E+003
 RTBSE|            1632           1.075                               0.650E+003
 RTBSE|            1633           1.101                               0.650E+003
 RTBSE|            1634           1.125                               0.650E+003
 RTBSE|            1635           1.113                               0.650E+003
 RTBSE|            1636           1.082                               0.650E+003
 RTBSE|            1637           1.085                               0.650E+003
 RTBSE|            1638           1.092                               0.650E+003
 RTBSE|            1639           1.070                               0.650E+003
 RTBSE|            1640           1.073                               0.650E+003
 RTBSE|            1641           1.072                               0.650E+003
 RTBSE|            1642           1.086                               0.650E+003
 RTBSE|            1643           1.077                               0.650E+003
 RTBSE|            1644           1.073                               0.650E+003
 RTBSE|            1645           1.074                               0.650E+003
 RTBSE|            1646           1.083                               0.650E+003
 RTBSE|            1647           1.088                               0.650E+003
 RTBSE|            1648           1.091                               0.650E+003
 RTBSE|            1649           1.153                               0.650E+003
 RTBSE|            1650           1.155                               0.650E+003
 RTBSE|            1651           1.196                               0.650E+003
 RTBSE|            1652           1.109                               0.650E+003
 RTBSE|            1653           1.212                               0.650E+003
 RTBSE|            1654           1.385                               0.650E+003
 RTBSE|            1655           1.130                               0.650E+003
 RTBSE|            1656           1.085                               0.650E+003
 RTBSE|            1657           1.081                               0.650E+003
 RTBSE|            1658           1.084                               0.650E+003
 RTBSE|            1659           1.086                               0.650E+003
 RTBSE|            1660           1.085                               0.650E+003
 RTBSE|            1661           1.069                               0.650E+003
 RTBSE|            1662           1.077                               0.650E+003
 RTBSE|            1663           1.078                               0.650E+003
 RTBSE|            1664           1.124                               0.650E+003
 RTBSE|            1665           1.106                               0.650E+003
 RTBSE|            1666           1.111                               0.650E+003
 RTBSE|            1667           1.078                               0.650E+003
 RTBSE|            1668           1.081                               0.650E+003
 RTBSE|            1669           1.103                               0.650E+003
 RTBSE|            1670           1.086                               0.650E+003
 RTBSE|            1671           1.071                               0.650E+003
 RTBSE|            1672           1.093                               0.650E+003
 RTBSE|            1673           1.082                               0.650E+003
 RTBSE|            1674           1.089                               0.650E+003
 RTBSE|            1675           1.115                               0.650E+003
 RTBSE|            1676           1.302                               0.650E+003
 RTBSE|            1677           1.166                               0.650E+003
 RTBSE|            1678           1.390                               0.650E+003
 RTBSE|            1679           1.083                               0.650E+003
 RTBSE|            1680           1.248                               0.650E+003
 RTBSE|            1681           1.213                               0.650E+003
 RTBSE|            1682           1.103                               0.650E+003
 RTBSE|            1683           1.096                               0.650E+003
 RTBSE|            1684           1.079                               0.650E+003
 RTBSE|            1685           1.071                               0.650E+003
 RTBSE|            1686           1.079                               0.650E+003
 RTBSE|            1687           1.087                               0.650E+003
 RTBSE|            1688           1.079                               0.650E+003
 RTBSE|            1689           1.082                               0.650E+003
 RTBSE|            1690           1.083                               0.650E+003
 RTBSE|            1691           1.076                               0.650E+003
 RTBSE|            1692           1.078                               0.650E+003
 RTBSE|            1693           1.078                               0.650E+003
 RTBSE|            1694           1.086                               0.650E+003
 RTBSE|            1695           1.114                               0.650E+003
 RTBSE|            1696           1.139                               0.650E+003
 RTBSE|            1697           1.140                               0.650E+003
 RTBSE|            1698           1.113                               0.650E+003
 RTBSE|            1699           1.096                               0.650E+003
 RTBSE|            1700           1.125                               0.650E+003
 RTBSE|            1701           1.080                               0.650E+003
 RTBSE|            1702           1.124                               0.650E+003
 RTBSE|            1703           1.211                               0.650E+003
 RTBSE|            1704           1.111                               0.650E+003
 RTBSE|            1705           1.084                               0.650E+003
 RTBSE|            1706           1.241                               0.650E+003
 RTBSE|            1707           1.143                               0.650E+003
 RTBSE|            1708           1.072                               0.650E+003
 RTBSE|            1709           1.093                               0.650E+003
 RTBSE|            1710           1.077                               0.650E+003
 RTBSE|            1711           1.078                               0.650E+003
 RTBSE|            1712           1.070                               0.650E+003
 RTBSE|            1713           1.083                               0.650E+003
 RTBSE|            1714           1.078                               0.650E+003
 RTBSE|            1715           1.076                               0.650E+003
 RTBSE|            1716           1.068                               0.650E+003
 RTBSE|            1717           1.064                               0.650E+003
 RTBSE|            1718           1.102                               0.650E+003
 RTBSE|            1719           1.082                               0.650E+003
 RTBSE|            1720           1.073                               0.650E+003
 RTBSE|            1721           1.063                               0.650E+003
 RTBSE|            1722           1.113                               0.650E+003
 RTBSE|            1723           1.183                               0.650E+003
 RTBSE|            1724           1.138                               0.650E+003
 RTBSE|            1725           1.141                               0.650E+003
 RTBSE|            1726           1.074                               0.650E+003
 RTBSE|            1727           1.079                               0.650E+003
 RTBSE|            1728           1.116                               0.650E+003
 RTBSE|            1729           1.387                               0.650E+003
 RTBSE|            1730           1.085                               0.650E+003
 RTBSE|            1731           1.260                               0.650E+003
 RTBSE|            1732           1.075                               0.650E+003
 RTBSE|            1733           1.205                               0.650E+003
 RTBSE|            1734           1.342                               0.650E+003
 RTBSE|            1735           1.094                               0.650E+003
 RTBSE|            1736           1.092                               0.650E+003
 RTBSE|            1737           1.087                               0.650E+003
 RTBSE|            1738           1.104                               0.650E+003
 RTBSE|            1739           1.130                               0.650E+003
 RTBSE|            1740           1.120                               0.650E+003
 RTBSE|            1741           1.093                               0.650E+003
 RTBSE|            1742           1.116                               0.650E+003
 RTBSE|            1743           1.159                               0.650E+003
 RTBSE|            1744           1.107                               0.650E+003
 RTBSE|            1745           1.097                               0.650E+003
 RTBSE|            1746           1.074                               0.650E+003
 RTBSE|            1747           1.121                               0.650E+003
 RTBSE|            1748           1.090                               0.650E+003
 RTBSE|            1749           1.081                               0.650E+003
 RTBSE|            1750           1.084                               0.650E+003
 RTBSE|            1751           1.084                               0.650E+003
 RTBSE|            1752           1.074                               0.650E+003
 RTBSE|            1753           1.077                               0.650E+003
 RTBSE|            1754           1.083                               0.650E+003
 RTBSE|            1755           1.079                               0.650E+003
 RTBSE|            1756           1.101                               0.650E+003
 RTBSE|            1757           1.107                               0.650E+003
 RTBSE|            1758           1.206                               0.650E+003
 RTBSE|            1759           1.076                               0.650E+003
 RTBSE|            1760           1.245                               0.650E+003
 RTBSE|            1761           1.097                               0.650E+003
 RTBSE|            1762           1.082                               0.650E+003
 RTBSE|            1763           1.079                               0.650E+003
 RTBSE|            1764           1.067                               0.650E+003
 RTBSE|            1765           1.075                               0.650E+003
 RTBSE|            1766           1.100                               0.650E+003
 RTBSE|            1767           1.123                               0.650E+003
 RTBSE|            1768           1.153                               0.650E+003
 RTBSE|            1769           1.166                               0.650E+003
 RTBSE|            1770           1.069                               0.650E+003
 RTBSE|            1771           1.109                               0.650E+003
 RTBSE|            1772           1.086                               0.650E+003
 RTBSE|            1773           1.192                               0.650E+003
 RTBSE|            1774           1.064                               0.650E+003
 RTBSE|            1775           1.076                               0.650E+003
 RTBSE|            1776           1.103                               0.650E+003
 RTBSE|            1777           1.064                               0.650E+003
 RTBSE|            1778           1.069                               0.650E+003
 RTBSE|            1779           1.067                               0.650E+003
 RTBSE|            1780           1.085                               0.650E+003
 RTBSE|            1781           1.102                               0.650E+003
 RTBSE|            1782           1.066                               0.650E+003
 RTBSE|            1783           1.354                               0.650E+003
 RTBSE|            1784           1.104                               0.650E+003
 RTBSE|            1785           1.289                               0.650E+003
 RTBSE|            1786           1.127                               0.650E+003
 RTBSE|            1787           1.224                               0.650E+003
 RTBSE|            1788           1.114                               0.650E+003
 RTBSE|            1789           1.166                               0.650E+003
 RTBSE|            1790           1.095                               0.650E+003
 RTBSE|            1791           1.076                               0.650E+003
 RTBSE|            1792           1.077                               0.650E+003
 RTBSE|            1793           1.130                               0.650E+003
 RTBSE|            1794           1.084                               0.650E+003
 RTBSE|            1795           1.067                               0.650E+003
 RTBSE|            1796           1.084                               0.650E+003
 RTBSE|            1797           1.086                               0.650E+003
 RTBSE|            1798           1.103                               0.650E+003
 RTBSE|            1799           1.075                               0.650E+003
 RTBSE|            1800           1.069                               0.650E+003
 RTBSE|            1801           1.068                               0.650E+003
 RTBSE|            1802           1.077                               0.650E+003
 RTBSE|            1803           1.077                               0.650E+003
 RTBSE|            1804           1.085                               0.650E+003
 RTBSE|            1805           1.089                               0.650E+003
 RTBSE|            1806           1.081                               0.650E+003
 RTBSE|            1807           1.098                               0.650E+003
 RTBSE|            1808           1.074                               0.650E+003
 RTBSE|            1809           1.110                               0.650E+003
 RTBSE|            1810           1.078                               0.650E+003
 RTBSE|            1811           1.119                               0.650E+003
 RTBSE|            1812           1.083                               0.650E+003
 RTBSE|            1813           1.096                               0.650E+003
 RTBSE|            1814           1.512                               0.650E+003
 RTBSE|            1815           1.217                               0.650E+003
 RTBSE|            1816           1.143                               0.650E+003
 RTBSE|            1817           1.086                               0.650E+003
 RTBSE|            1818           1.082                               0.650E+003
 RTBSE|            1819           1.130                               0.650E+003
 RTBSE|            1820           1.141                               0.650E+003
 RTBSE|            1821           1.076                               0.650E+003
 RTBSE|            1822           1.088                               0.650E+003
 RTBSE|            1823           1.072                               0.650E+003
 RTBSE|            1824           1.108                               0.650E+003
 RTBSE|            1825           1.093                               0.650E+003
 RTBSE|            1826           1.084                               0.650E+003
 RTBSE|            1827           1.087                               0.650E+003
 RTBSE|            1828           1.082                               0.650E+003
 RTBSE|            1829           1.109                               0.650E+003
 RTBSE|            1830           1.079                               0.650E+003
 RTBSE|            1831           1.116                               0.650E+003
 RTBSE|            1832           1.110                               0.650E+003
 RTBSE|            1833           1.097                               0.650E+003
 RTBSE|            1834           1.093                               0.650E+003
 RTBSE|            1835           1.089                               0.650E+003
 RTBSE|            1836           1.345                               0.650E+003
 RTBSE|            1837           1.099                               0.650E+003
 RTBSE|            1838           1.351                               0.650E+003
 RTBSE|            1839           1.087                               0.650E+003
 RTBSE|            1840           1.067                               0.650E+003
 RTBSE|            1841           1.252                               0.650E+003
 RTBSE|            1842           1.086                               0.650E+003
 RTBSE|            1843           1.075                               0.650E+003
 RTBSE|            1844           1.067                               0.650E+003
 RTBSE|            1845           1.069                               0.650E+003
 RTBSE|            1846           1.083                               0.650E+003
 RTBSE|            1847           1.078                               0.650E+003
 RTBSE|            1848           1.070                               0.650E+003
 RTBSE|            1849           1.089                               0.650E+003
 RTBSE|            1850           1.082                               0.650E+003
 RTBSE|            1851           1.071                               0.650E+003
 RTBSE|            1852           1.092                               0.650E+003
 RTBSE|            1853           1.072                               0.650E+003
 RTBSE|            1854           1.087                               0.650E+003
 RTBSE|            1855           1.089                               0.650E+003
 RTBSE|            1856           1.089                               0.650E+003
 RTBSE|            1857           1.070                               0.650E+003
 RTBSE|            1858           1.072                               0.650E+003
 RTBSE|            1859           1.061                               0.650E+003
 RTBSE|            1860           1.103                               0.650E+003
 RTBSE|            1861           1.210                               0.650E+003
 RTBSE|            1862           1.162                               0.650E+003
 RTBSE|            1863           1.241                               0.650E+003
 RTBSE|            1864           1.098                               0.650E+003
 RTBSE|            1865           1.111                               0.650E+003
 RTBSE|            1866           1.257                               0.650E+003
 RTBSE|            1867           1.100                               0.650E+003
 RTBSE|            1868           1.093                               0.650E+003
 RTBSE|            1869           1.094                               0.650E+003
 RTBSE|            1870           1.091                               0.650E+003
 RTBSE|            1871           1.078                               0.650E+003
 RTBSE|            1872           1.073                               0.650E+003
 RTBSE|            1873           1.081                               0.650E+003
 RTBSE|            1874           1.082                               0.650E+003
 RTBSE|            1875           1.080                               0.650E+003
 RTBSE|            1876           1.092                               0.650E+003
 RTBSE|            1877           1.113                               0.650E+003
 RTBSE|            1878           1.173                               0.650E+003
 RTBSE|            1879           1.092                               0.650E+003
 RTBSE|            1880           1.075                               0.650E+003
 RTBSE|            1881           1.070                               0.650E+003
 RTBSE|            1882           1.147                               0.650E+003
 RTBSE|            1883           1.138                               0.650E+003
 RTBSE|            1884           1.109                               0.650E+003
 RTBSE|            1885           1.106                               0.650E+003
 RTBSE|            1886           1.076                               0.650E+003
 RTBSE|            1887           1.107                               0.650E+003
 RTBSE|            1888           1.113                               0.650E+003
 RTBSE|            1889           1.124                               0.650E+003
 RTBSE|            1890           1.258                               0.650E+003
 RTBSE|            1891           1.121                               0.650E+003
 RTBSE|            1892           1.221                               0.650E+003
 RTBSE|            1893           1.365                               0.650E+003
 RTBSE|            1894           1.161                               0.650E+003
 RTBSE|            1895           1.082                               0.650E+003
 RTBSE|            1896           1.085                               0.650E+003
 RTBSE|            1897           1.072                               0.650E+003
 RTBSE|            1898           1.074                               0.650E+003
 RTBSE|            1899           1.076                               0.650E+003
 RTBSE|            1900           1.089                               0.650E+003
 RTBSE|            1901           1.081                               0.650E+003
 RTBSE|            1902           1.071                               0.650E+003
 RTBSE|            1903           1.082                               0.650E+003
 RTBSE|            1904           1.068                               0.650E+003
 RTBSE|            1905           1.114                               0.650E+003
 RTBSE|            1906           1.156                               0.650E+003
 RTBSE|            1907           1.148                               0.650E+003
 RTBSE|            1908           1.157                               0.650E+003
 RTBSE|            1909           1.082                               0.650E+003
 RTBSE|            1910           1.075                               0.650E+003
 RTBSE|            1911           1.132                               0.650E+003
 RTBSE|            1912           1.119                               0.650E+003
 RTBSE|            1913           1.078                               0.650E+003
 RTBSE|            1914           1.077                               0.650E+003
 RTBSE|            1915           1.079                               0.650E+003
 RTBSE|            1916           1.103                               0.650E+003
 RTBSE|            1917           1.111                               0.650E+003
 RTBSE|            1918           1.171                               0.650E+003
 RTBSE|            1919           1.266                               0.650E+003
 RTBSE|            1920           1.161                               0.650E+003
 RTBSE|            1921           1.106                               0.650E+003
 RTBSE|            1922           1.110                               0.650E+003
 RTBSE|            1923           1.088                               0.650E+003
 RTBSE|            1924           1.083                               0.650E+003
 RTBSE|            1925           1.077                               0.650E+003
 RTBSE|            1926           1.133                               0.650E+003
 RTBSE|            1927           1.096                               0.650E+003
 RTBSE|            1928           1.109                               0.650E+003
 RTBSE|            1929           1.108                               0.650E+003
 RTBSE|            1930           1.106                               0.650E+003
 RTBSE|            1931           1.102                               0.650E+003
 RTBSE|            1932           1.093                               0.650E+003
 RTBSE|            1933           1.070                               0.650E+003
 RTBSE|            1934           1.121                               0.650E+003
 RTBSE|            1935           1.079                               0.650E+003
 RTBSE|            1936           1.103                               0.650E+003
 RTBSE|            1937           1.084                               0.650E+003
 RTBSE|            1938           1.090                               0.650E+003
 RTBSE|            1939           1.066                               0.650E+003
 RTBSE|            1940           1.067                               0.650E+003
 RTBSE|            1941           1.095                               0.650E+003
 RTBSE|            1942           1.076                               0.650E+003
 RTBSE|            1943           1.315                               0.650E+003
 RTBSE|            1944           1.115                               0.650E+003
 RTBSE|            1945           1.249                               0.650E+003
 RTBSE|            1946           1.100                               0.650E+003
 RTBSE|            1947           1.268                               0.650E+003
 RTBSE|            1948           1.077                               0.650E+003
 RTBSE|            1949           1.107                               0.650E+003
 RTBSE|            1950           1.152                               0.650E+003
 RTBSE|            1951           1.180                               0.650E+003
 RTBSE|            1952           1.140                               0.650E+003
 RTBSE|            1953           1.088                               0.650E+003
 RTBSE|            1954           1.082                               0.650E+003
 RTBSE|            1955           1.121                               0.650E+003
 RTBSE|            1956           1.135                               0.650E+003
 RTBSE|            1957           1.074                               0.650E+003
 RTBSE|            1958           1.090                               0.650E+003
 RTBSE|            1959           1.079                               0.650E+003
 RTBSE|            1960           1.073                               0.650E+003
 RTBSE|            1961           1.081                               0.650E+003
 RTBSE|            1962           1.082                               0.650E+003
 RTBSE|            1963           1.079                               0.650E+003
 RTBSE|            1964           1.064                               0.650E+003
 RTBSE|            1965           1.130                               0.650E+003
 RTBSE|            1966           1.106                               0.650E+003
 RTBSE|            1967           1.104                               0.650E+003
 RTBSE|            1968           1.093                               0.650E+003
 RTBSE|            1969           1.072                               0.650E+003
 RTBSE|            1970           1.103                               0.650E+003
 RTBSE|            1971           1.168                               0.650E+003
 RTBSE|            1972           1.101                               0.650E+003
 RTBSE|            1973           1.390                               0.650E+003
 RTBSE|            1974           1.235                               0.650E+003
 RTBSE|            1975           1.124                               0.650E+003
 RTBSE|            1976           1.118                               0.650E+003
 RTBSE|            1977           1.083                               0.650E+003
 RTBSE|            1978           1.074                               0.650E+003
 RTBSE|            1979           1.118                               0.650E+003
 RTBSE|            1980           1.087                               0.650E+003
 RTBSE|            1981           1.075                               0.650E+003
 RTBSE|            1982           1.083                               0.650E+003
 RTBSE|            1983           1.076                               0.650E+003
 RTBSE|            1984           1.101                               0.650E+003
 RTBSE|            1985           1.089                               0.650E+003
 RTBSE|            1986           1.084                               0.650E+003
 RTBSE|            1987           1.059                               0.650E+003
 RTBSE|            1988           1.079                               0.650E+003
 RTBSE|            1989           1.106                               0.650E+003
 RTBSE|            1990           1.080                               0.650E+003
 RTBSE|            1991           1.079                               0.650E+003
 RTBSE|            1992           1.076                               0.650E+003
 RTBSE|            1993           1.074                               0.650E+003
 RTBSE|            1994           1.102                               0.650E+003
 RTBSE|            1995           1.087                               0.650E+003
 RTBSE|            1996           1.109                               0.650E+003
 RTBSE|            1997           1.285                               0.650E+003
 RTBSE|            1998           1.319                               0.650E+003
 RTBSE|            1999           1.214                               0.650E+003
 RTBSE|            2000           1.248                               0.650E+003
 RTBSE|            2001           1.099                               0.650E+003
 RTBSE|            2002           1.170                               0.650E+003
 RTBSE|            2003           1.143                               0.650E+003
 RTBSE|            2004           1.071                               0.650E+003
 RTBSE|            2005           1.068                               0.650E+003
 RTBSE|            2006           1.073                               0.650E+003
 RTBSE|            2007           1.079                               0.650E+003
 RTBSE|            2008           1.090                               0.650E+003
 RTBSE|            2009           1.124                               0.650E+003
 RTBSE|            2010           1.117                               0.650E+003
 RTBSE|            2011           1.128                               0.650E+003
 RTBSE|            2012           1.084                               0.650E+003
 RTBSE|            2013           1.080                               0.650E+003
 RTBSE|            2014           1.123                               0.650E+003
 RTBSE|            2015           1.096                               0.650E+003
 RTBSE|            2016           1.085                               0.650E+003
 RTBSE|            2017           1.071                               0.650E+003
 RTBSE|            2018           1.086                               0.650E+003
 RTBSE|            2019           1.088                               0.650E+003
 RTBSE|            2020           1.127                               0.650E+003
 RTBSE|            2021           1.128                               0.650E+003
 RTBSE|            2022           1.123                               0.650E+003
 RTBSE|            2023           1.239                               0.650E+003
 RTBSE|            2024           1.121                               0.650E+003
 RTBSE|            2025           1.114                               0.650E+003
 RTBSE|            2026           1.286                               0.650E+003
 RTBSE|            2027           1.141                               0.650E+003
 RTBSE|            2028           1.077                               0.650E+003
 RTBSE|            2029           1.098                               0.650E+003
 RTBSE|            2030           1.076                               0.650E+003
 RTBSE|            2031           1.080                               0.650E+003
 RTBSE|            2032           1.081                               0.650E+003
 RTBSE|            2033           1.079                               0.650E+003
 RTBSE|            2034           1.089                               0.650E+003
 RTBSE|            2035           1.082                               0.650E+003
 RTBSE|            2036           1.081                               0.650E+003
 RTBSE|            2037           1.074                               0.650E+003
 RTBSE|            2038           1.148                               0.650E+003
 RTBSE|            2039           1.087                               0.650E+003
 RTBSE|            2040           1.080                               0.650E+003
 RTBSE|            2041           1.070                               0.650E+003
 RTBSE|            2042           1.093                               0.650E+003
 RTBSE|            2043           1.125                               0.650E+003
 RTBSE|            2044           1.130                               0.650E+003
 RTBSE|            2045           1.168                               0.650E+003
 RTBSE|            2046           1.139                               0.650E+003
 RTBSE|            2047           1.136                               0.650E+003
 RTBSE|            2048           1.073                               0.650E+003
 RTBSE|            2049           1.124                               0.650E+003
 RTBSE|            2050           1.328                               0.650E+003
 RTBSE|            2051           1.219                               0.650E+003
 RTBSE|            2052           1.117                               0.650E+003
 RTBSE|            2053           1.483                               0.650E+003
 RTBSE|            2054           1.144                               0.650E+003
 RTBSE|            2055           1.113                               0.650E+003
 RTBSE|            2056           1.082                               0.650E+003
 RTBSE|            2057           1.072                               0.650E+003
 RTBSE|            2058           1.080                               0.650E+003
 RTBSE|            2059           1.133                               0.650E+003
 RTBSE|            2060           1.076                               0.650E+003
 RTBSE|            2061           1.086                               0.650E+003
 RTBSE|            2062           1.075                               0.650E+003
 RTBSE|            2063           1.067                               0.650E+003
 RTBSE|            2064           1.083                               0.650E+003
 RTBSE|            2065           1.085                               0.650E+003
 RTBSE|            2066           1.088                               0.650E+003
 RTBSE|            2067           1.118                               0.650E+003
 RTBSE|            2068           1.131                               0.650E+003
 RTBSE|            2069           1.112                               0.650E+003
 RTBSE|            2070           1.072                               0.650E+003
 RTBSE|            2071           1.088                               0.650E+003
 RTBSE|            2072           1.126                               0.650E+003
 RTBSE|            2073           1.090                               0.650E+003
 RTBSE|            2074           1.090                               0.650E+003
 RTBSE|            2075           1.074                               0.650E+003
 RTBSE|            2076           1.095                               0.650E+003
 RTBSE|            2077           1.117                               0.650E+003
 RTBSE|            2078           1.185                               0.650E+003
 RTBSE|            2079           1.211                               0.650E+003
 RTBSE|            2080           1.140                               0.650E+003
 RTBSE|            2081           1.074                               0.650E+003
 RTBSE|            2082           1.079                               0.650E+003
 RTBSE|            2083           1.100                               0.650E+003
 RTBSE|            2084           1.091                               0.650E+003
 RTBSE|            2085           1.068                               0.650E+003
 RTBSE|            2086           1.083                               0.650E+003
 RTBSE|            2087           1.105                               0.650E+003
 RTBSE|            2088           1.110                               0.650E+003
 RTBSE|            2089           1.124                               0.650E+003
 RTBSE|            2090           1.146                               0.650E+003
 RTBSE|            2091           1.137                               0.650E+003
 RTBSE|            2092           1.130                               0.650E+003
 RTBSE|            2093           1.069                               0.650E+003
 RTBSE|            2094           1.121                               0.650E+003
 RTBSE|            2095           1.123                               0.650E+003
 RTBSE|            2096           1.105                               0.650E+003
 RTBSE|            2097           1.080                               0.650E+003
 RTBSE|            2098           1.069                               0.650E+003
 RTBSE|            2099           1.085                               0.650E+003
 RTBSE|            2100           1.126                               0.650E+003
 RTBSE|            2101           1.129                               0.650E+003
 RTBSE|            2102           1.099                               0.650E+003
 RTBSE|            2103           1.356                               0.650E+003
 RTBSE|            2104           1.236                               0.650E+003
 RTBSE|            2105           1.138                               0.650E+003
 RTBSE|            2106           1.102                               0.650E+003
 RTBSE|            2107           1.224                               0.650E+003
 RTBSE|            2108           1.082                               0.650E+003
 RTBSE|            2109           1.085                               0.650E+003
 RTBSE|            2110           1.071                               0.650E+003
 RTBSE|            2111           1.098                               0.650E+003
 RTBSE|            2112           1.111                               0.650E+003
 RTBSE|            2113           1.117                               0.650E+003
 RTBSE|            2114           1.113                               0.650E+003
 RTBSE|            2115           1.069                               0.650E+003
 RTBSE|            2116           1.083                               0.650E+003
 RTBSE|            2117           1.119                               0.650E+003
 RTBSE|            2118           1.086                               0.650E+003
 RTBSE|            2119           1.082                               0.650E+003
 RTBSE|            2120           1.073                               0.650E+003
 RTBSE|            2121           1.076                               0.650E+003
 RTBSE|            2122           1.088                               0.650E+003
 RTBSE|            2123           1.075                               0.650E+003
 RTBSE|            2124           1.069                               0.650E+003
 RTBSE|            2125           1.090                               0.650E+003
 RTBSE|            2126           1.078                               0.650E+003
 RTBSE|            2127           1.091                               0.650E+003
 RTBSE|            2128           1.072                               0.650E+003
 RTBSE|            2129           1.072                               0.650E+003
 RTBSE|            2130           1.101                               0.650E+003
 RTBSE|            2131           1.140                               0.650E+003
 RTBSE|            2132           1.089                               0.650E+003
 RTBSE|            2133           1.335                               0.650E+003
 RTBSE|            2134           1.225                               0.650E+003
 RTBSE|            2135           1.225                               0.650E+003
 RTBSE|            2136           1.139                               0.650E+003
 RTBSE|            2137           1.112                               0.650E+003
 RTBSE|            2138           1.080                               0.650E+003
 RTBSE|            2139           1.127                               0.650E+003
 RTBSE|            2140           1.134                               0.650E+003
 RTBSE|            2141           1.071                               0.650E+003
 RTBSE|            2142           1.090                               0.650E+003
 RTBSE|            2143           1.090                               0.650E+003
 RTBSE|            2144           1.092                               0.650E+003
 RTBSE|            2145           1.104                               0.650E+003
 RTBSE|            2146           1.127                               0.650E+003
 RTBSE|            2147           1.150                               0.650E+003
 RTBSE|            2148           1.099                               0.650E+003
 RTBSE|            2149           1.106                               0.650E+003
 RTBSE|            2150           1.078                               0.650E+003
 RTBSE|            2151           1.128                               0.650E+003
 RTBSE|            2152           1.090                               0.650E+003
 RTBSE|            2153           1.077                               0.650E+003
 RTBSE|            2154           1.115                               0.650E+003
 RTBSE|            2155           1.065                               0.650E+003
 RTBSE|            2156           1.234                               0.650E+003
 RTBSE|            2157           1.289                               0.650E+003
 RTBSE|            2158           1.203                               0.650E+003
 RTBSE|            2159           1.139                               0.650E+003
 RTBSE|            2160           1.249                               0.650E+003
 RTBSE|            2161           1.084                               0.650E+003
 RTBSE|            2162           1.092                               0.650E+003
 RTBSE|            2163           1.099                               0.650E+003
 RTBSE|            2164           1.120                               0.650E+003
 RTBSE|            2165           1.076                               0.650E+003
 RTBSE|            2166           1.077                               0.650E+003
 RTBSE|            2167           1.078                               0.650E+003
 RTBSE|            2168           1.065                               0.650E+003
 RTBSE|            2169           1.083                               0.650E+003
 RTBSE|            2170           1.078                               0.650E+003
 RTBSE|            2171           1.075                               0.650E+003
 RTBSE|            2172           1.074                               0.650E+003
 RTBSE|            2173           1.084                               0.650E+003
 RTBSE|            2174           1.085                               0.650E+003
 RTBSE|            2175           1.086                               0.650E+003
 RTBSE|            2176           1.078                               0.650E+003
 RTBSE|            2177           1.073                               0.650E+003
 RTBSE|            2178           1.075                               0.650E+003
 RTBSE|            2179           1.091                               0.650E+003
 RTBSE|            2180           1.127                               0.650E+003
 RTBSE|            2181           1.135                               0.650E+003
 RTBSE|            2182           1.181                               0.650E+003
 RTBSE|            2183           1.232                               0.650E+003
 RTBSE|            2184           1.128                               0.650E+003
 RTBSE|            2185           1.125                               0.650E+003
 RTBSE|            2186           1.218                               0.650E+003
 RTBSE|            2187           1.169                               0.650E+003
 RTBSE|            2188           1.069                               0.650E+003
 RTBSE|            2189           1.101                               0.650E+003
 RTBSE|            2190           1.130                               0.650E+003
 RTBSE|            2191           1.115                               0.650E+003
 RTBSE|            2192           1.095                               0.650E+003
 RTBSE|            2193           1.087                               0.650E+003
 RTBSE|            2194           1.078                               0.650E+003
 RTBSE|            2195           1.060                               0.650E+003
 RTBSE|            2196           1.125                               0.650E+003
 RTBSE|            2197           1.074                               0.650E+003
 RTBSE|            2198           1.113                               0.650E+003
 RTBSE|            2199           1.078                               0.650E+003
 RTBSE|            2200           1.065                               0.650E+003
 RTBSE|            2201           1.072                               0.650E+003
 RTBSE|            2202           1.073                               0.650E+003
 RTBSE|            2203           1.093                               0.650E+003
 RTBSE|            2204           1.072                               0.650E+003
 RTBSE|            2205           1.081                               0.650E+003
 RTBSE|            2206           1.082                               0.650E+003
 RTBSE|            2207           1.128                               0.650E+003
 RTBSE|            2208           1.143                               0.650E+003
 RTBSE|            2209           1.101                               0.650E+003
 RTBSE|            2210           1.251                               0.650E+003
 RTBSE|            2211           1.264                               0.650E+003
 RTBSE|            2212           1.114                               0.650E+003
 RTBSE|            2213           1.209                               0.650E+003
 RTBSE|            2214           1.338                               0.650E+003
 RTBSE|            2215           1.100                               0.650E+003
 RTBSE|            2216           1.092                               0.650E+003
 RTBSE|            2217           1.069                               0.650E+003
 RTBSE|            2218           1.077                               0.650E+003
 RTBSE|            2219           1.078                               0.650E+003
 RTBSE|            2220           1.072                               0.650E+003
 RTBSE|            2221           1.069                               0.650E+003
 RTBSE|            2222           1.081                               0.650E+003
 RTBSE|            2223           1.082                               0.650E+003
 RTBSE|            2224           1.094                               0.650E+003
 RTBSE|            2225           1.134                               0.650E+003
 RTBSE|            2226           1.124                               0.650E+003
 RTBSE|            2227           1.152                               0.650E+003
 RTBSE|            2228           1.113                               0.650E+003
 RTBSE|            2229           1.116                               0.650E+003
 RTBSE|            2230           1.079                               0.650E+003
 RTBSE|            2231           1.132                               0.650E+003
 RTBSE|            2232           1.070                               0.650E+003
 RTBSE|            2233           1.146                               0.650E+003
 RTBSE|            2234           1.088                               0.650E+003
 RTBSE|            2235           1.092                               0.650E+003
 RTBSE|            2236           1.142                               0.650E+003
 RTBSE|            2237           1.169                               0.650E+003
 RTBSE|            2238           1.169                               0.650E+003
 RTBSE|            2239           1.211                               0.650E+003
 RTBSE|            2240           1.161                               0.650E+003
 RTBSE|            2241           1.121                               0.650E+003
 RTBSE|            2242           1.104                               0.650E+003
 RTBSE|            2243           1.088                               0.650E+003
 RTBSE|            2244           1.074                               0.650E+003
 RTBSE|            2245           1.080                               0.650E+003
 RTBSE|            2246           1.088                               0.650E+003
 RTBSE|            2247           1.082                               0.650E+003
 RTBSE|            2248           1.065                               0.650E+003
 RTBSE|            2249           1.072                               0.650E+003
 RTBSE|            2250           1.077                               0.650E+003
 RTBSE|            2251           1.104                               0.650E+003
 RTBSE|            2252           1.079                               0.650E+003
 RTBSE|            2253           1.121                               0.650E+003
 RTBSE|            2254           1.094                               0.650E+003
 RTBSE|            2255           1.106                               0.650E+003
 RTBSE|            2256           1.108                               0.650E+003
 RTBSE|            2257           1.078                               0.650E+003
 RTBSE|            2258           1.080                               0.650E+003
 RTBSE|            2259           1.135                               0.650E+003
 RTBSE|            2260           1.080                               0.650E+003
 RTBSE|            2261           1.129                               0.650E+003
 RTBSE|            2262           1.081                               0.650E+003
 RTBSE|            2263           1.272                               0.650E+003
 RTBSE|            2264           1.325                               0.650E+003
 RTBSE|            2265           1.074                               0.650E+003
 RTBSE|            2266           1.098                               0.650E+003
 RTBSE|            2267           1.233                               0.650E+003
 RTBSE|            2268           1.075                               0.650E+003
 RTBSE|            2269           1.097                               0.650E+003
 RTBSE|            2270           1.125                               0.650E+003
 RTBSE|            2271           1.140                               0.650E+003
 RTBSE|            2272           1.143                               0.650E+003
 RTBSE|            2273           1.140                               0.650E+003
 RTBSE|            2274           1.117                               0.650E+003
 RTBSE|            2275           1.081                               0.650E+003
 RTBSE|            2276           1.125                               0.650E+003
 RTBSE|            2277           1.097                               0.650E+003
 RTBSE|            2278           1.110                               0.650E+003
 RTBSE|            2279           1.084                               0.650E+003
 RTBSE|            2280           1.075                               0.650E+003
 RTBSE|            2281           1.086                               0.650E+003
 RTBSE|            2282           1.126                               0.650E+003
 RTBSE|            2283           1.103                               0.650E+003
 RTBSE|            2284           1.110                               0.650E+003
 RTBSE|            2285           1.077                               0.650E+003
 RTBSE|            2286           1.079                               0.650E+003
 RTBSE|            2287           1.083                               0.650E+003
 RTBSE|            2288           1.129                               0.650E+003
 RTBSE|            2289           1.070                               0.650E+003
 RTBSE|            2290           1.099                               0.650E+003
 RTBSE|            2291           1.124                               0.650E+003
 RTBSE|            2292           1.070                               0.650E+003
 RTBSE|            2293           1.211                               0.650E+003
 RTBSE|            2294           1.295                               0.650E+003
 RTBSE|            2295           1.082                               0.650E+003
 RTBSE|            2296           1.073                               0.650E+003
 RTBSE|            2297           1.079                               0.650E+003
 RTBSE|            2298           1.100                               0.650E+003
 RTBSE|            2299           1.102                               0.650E+003
 RTBSE|            2300           1.115                               0.650E+003
 RTBSE|            2301           1.110                               0.650E+003
 RTBSE|            2302           1.070                               0.650E+003
 RTBSE|            2303           1.072                               0.650E+003
 RTBSE|            2304           1.096                               0.650E+003
 RTBSE|            2305           1.134                               0.650E+003
 RTBSE|            2306           1.075                               0.650E+003
 RTBSE|            2307           1.074                               0.650E+003
 RTBSE|            2308           1.069                               0.650E+003
 RTBSE|            2309           1.099                               0.650E+003
 RTBSE|            2310           1.076                               0.650E+003
 RTBSE|            2311           1.070                               0.650E+003
 RTBSE|            2312           1.075                               0.650E+003
 RTBSE|            2313           1.069                               0.650E+003
 RTBSE|            2314           1.091                               0.650E+003
 RTBSE|            2315           1.071                               0.650E+003
 RTBSE|            2316           1.068                               0.650E+003
 RTBSE|            2317           1.259                               0.650E+003
 RTBSE|            2318           1.439                               0.650E+003
 RTBSE|            2319           1.133                               0.650E+003
 RTBSE|            2320           1.289                               0.650E+003
 RTBSE|            2321           1.093                               0.650E+003
 RTBSE|            2322           1.094                               0.650E+003
 RTBSE|            2323           1.139                               0.650E+003
 RTBSE|            2324           1.122                               0.650E+003
 RTBSE|            2325           1.097                               0.650E+003
 RTBSE|            2326           1.111                               0.650E+003
 RTBSE|            2327           1.119                               0.650E+003
 RTBSE|            2328           1.103                               0.650E+003
 RTBSE|            2329           1.085                               0.650E+003
 RTBSE|            2330           1.064                               0.650E+003
 RTBSE|            2331           1.074                               0.650E+003
 RTBSE|            2332           1.140                               0.650E+003
 RTBSE|            2333           1.061                               0.650E+003
 RTBSE|            2334           1.078                               0.650E+003
 RTBSE|            2335           1.083                               0.650E+003
 RTBSE|            2336           1.076                               0.650E+003
 RTBSE|            2337           1.077                               0.650E+003
 RTBSE|            2338           1.072                               0.650E+003
 RTBSE|            2339           1.069                               0.650E+003
 RTBSE|            2340           1.073                               0.650E+003
 RTBSE|            2341           1.085                               0.650E+003
 RTBSE|            2342           1.073                               0.650E+003
 RTBSE|            2343           1.120                               0.650E+003
 RTBSE|            2344           1.179                               0.650E+003
 RTBSE|            2345           1.142                               0.650E+003
 RTBSE|            2346           1.107                               0.650E+003
 RTBSE|            2347           1.308                               0.650E+003
 RTBSE|            2348           1.079                               0.650E+003
 RTBSE|            2349           1.094                               0.650E+003
 RTBSE|            2350           1.088                               0.650E+003
 RTBSE|            2351           1.138                               0.650E+003
 RTBSE|            2352           1.076                               0.650E+003
 RTBSE|            2353           1.085                               0.650E+003
 RTBSE|            2354           1.069                               0.650E+003
 RTBSE|            2355           1.065                               0.650E+003
 RTBSE|            2356           1.069                               0.650E+003
 RTBSE|            2357           1.080                               0.650E+003
 RTBSE|            2358           1.087                               0.650E+003
 RTBSE|            2359           1.087                               0.650E+003
 RTBSE|            2360           1.071                               0.650E+003
 RTBSE|            2361           1.068                               0.650E+003
 RTBSE|            2362           1.085                               0.650E+003
 RTBSE|            2363           1.102                               0.650E+003
 RTBSE|            2364           1.093                               0.650E+003
 RTBSE|            2365           1.119                               0.650E+003
 RTBSE|            2366           1.116                               0.650E+003
 RTBSE|            2367           1.138                               0.650E+003
 RTBSE|            2368           1.177                               0.650E+003
 RTBSE|            2369           1.085                               0.650E+003
 RTBSE|            2370           1.300                               0.650E+003
 RTBSE|            2371           1.284                               0.650E+003
 RTBSE|            2372           1.199                               0.650E+003
 RTBSE|            2373           1.261                               0.650E+003
 RTBSE|            2374           1.352                               0.650E+003
 RTBSE|            2375           1.081                               0.650E+003
 RTBSE|            2376           1.086                               0.650E+003
 RTBSE|            2377           1.134                               0.650E+003
 RTBSE|            2378           1.064                               0.650E+003
 RTBSE|            2379           1.077                               0.650E+003
 RTBSE|            2380           1.085                               0.650E+003
 RTBSE|            2381           1.066                               0.650E+003
 RTBSE|            2382           1.068                               0.650E+003
 RTBSE|            2383           1.099                               0.650E+003
 RTBSE|            2384           1.079                               0.650E+003
 RTBSE|            2385           1.076                               0.650E+003
 RTBSE|            2386           1.082                               0.650E+003
 RTBSE|            2387           1.074                               0.650E+003
 RTBSE|            2388           1.066                               0.650E+003
 RTBSE|            2389           1.094                               0.650E+003
 RTBSE|            2390           1.091                               0.650E+003
 RTBSE|            2391           1.125                               0.650E+003
 RTBSE|            2392           1.111                               0.650E+003
 RTBSE|            2393           1.114                               0.650E+003
 RTBSE|            2394           1.083                               0.650E+003
 RTBSE|            2395           1.079                               0.650E+003
 RTBSE|            2396           1.076                               0.650E+003
 RTBSE|            2397           1.154                               0.650E+003
 RTBSE|            2398           1.242                               0.650E+003
 RTBSE|            2399           1.059                               0.650E+003
 RTBSE|            2400           1.224                               0.650E+003
 RTBSE|            2401           1.111                               0.650E+003
 RTBSE|            2402           1.079                               0.650E+003
 RTBSE|            2403           1.082                               0.650E+003
 RTBSE|            2404           1.084                               0.650E+003
 RTBSE|            2405           1.071                               0.650E+003
 RTBSE|            2406           1.082                               0.650E+003
 RTBSE|            2407           1.082                               0.650E+003
 RTBSE|            2408           1.084                               0.650E+003
 RTBSE|            2409           1.111                               0.650E+003
 RTBSE|            2410           1.116                               0.650E+003
 RTBSE|            2411           1.157                               0.650E+003
 RTBSE|            2412           1.114                               0.650E+003
 RTBSE|            2413           1.099                               0.650E+003
 RTBSE|            2414           1.107                               0.650E+003
 RTBSE|            2415           1.131                               0.650E+003
 RTBSE|            2416           1.095                               0.650E+003
 RTBSE|            2417           1.074                               0.650E+003
 RTBSE|            2418           1.132                               0.650E+003
 RTBSE|            2419           1.107                               0.650E+003
 RTBSE|            2420           1.115                               0.650E+003
 RTBSE|            2421           1.121                               0.650E+003
 RTBSE|            2422           1.090                               0.650E+003
 RTBSE|            2423           1.093                               0.650E+003
 RTBSE|            2424           1.410                               0.650E+003
 RTBSE|            2425           1.217                               0.650E+003
 RTBSE|            2426           1.070                               0.650E+003
 RTBSE|            2427           1.243                               0.650E+003
 RTBSE|            2428           1.078                               0.650E+003
 RTBSE|            2429           1.081                               0.650E+003
 RTBSE|            2430           1.079                               0.650E+003
 RTBSE|            2431           1.075                               0.650E+003
 RTBSE|            2432           1.072                               0.650E+003
 RTBSE|            2433           1.074                               0.650E+003
 RTBSE|            2434           1.090                               0.650E+003
 RTBSE|            2435           1.091                               0.650E+003
 RTBSE|            2436           1.104                               0.650E+003
 RTBSE|            2437           1.117                               0.650E+003
 RTBSE|            2438           1.128                               0.650E+003
 RTBSE|            2439           1.079                               0.650E+003
 RTBSE|            2440           1.074                               0.650E+003
 RTBSE|            2441           1.073                               0.650E+003
 RTBSE|            2442           1.129                               0.650E+003
 RTBSE|            2443           1.091                               0.650E+003
 RTBSE|            2444           1.078                               0.650E+003
 RTBSE|            2445           1.069                               0.650E+003
 RTBSE|            2446           1.067                               0.650E+003
 RTBSE|            2447           1.076                               0.650E+003
 RTBSE|            2448           1.073                               0.650E+003
 RTBSE|            2449           1.069                               0.650E+003
 RTBSE|            2450           1.070                               0.650E+003
 RTBSE|            2451           1.131                               0.650E+003
 RTBSE|            2452           1.537                               0.650E+003
 RTBSE|            2453           1.349                               0.650E+003
 RTBSE|            2454           1.317                               0.650E+003
 RTBSE|            2455           1.144                               0.650E+003
 RTBSE|            2456           1.133                               0.650E+003
 RTBSE|            2457           1.120                               0.650E+003
 RTBSE|            2458           1.137                               0.650E+003
 RTBSE|            2459           1.084                               0.650E+003
 RTBSE|            2460           1.138                               0.650E+003
 RTBSE|            2461           1.112                               0.650E+003
 RTBSE|            2462           1.123                               0.650E+003
 RTBSE|            2463           1.104                               0.650E+003
 RTBSE|            2464           1.099                               0.650E+003
 RTBSE|            2465           1.093                               0.650E+003
 RTBSE|            2466           1.071                               0.650E+003
 RTBSE|            2467           1.113                               0.650E+003
 RTBSE|            2468           1.080                               0.650E+003
 RTBSE|            2469           1.103                               0.650E+003
 RTBSE|            2470           1.070                               0.650E+003
 RTBSE|            2471           1.072                               0.650E+003
 RTBSE|            2472           1.068                               0.650E+003
 RTBSE|            2473           1.077                               0.650E+003
 RTBSE|            2474           1.097                               0.650E+003
 RTBSE|            2475           1.086                               0.650E+003
 RTBSE|            2476           1.070                               0.650E+003
 RTBSE|            2477           1.275                               0.650E+003
 RTBSE|            2478           1.340                               0.650E+003
 RTBSE|            2479           1.148                               0.650E+003
 RTBSE|            2480           1.273                               0.650E+003
 RTBSE|            2481           1.267                               0.650E+003
 RTBSE|            2482           1.105                               0.650E+003
 RTBSE|            2483           1.090                               0.650E+003
 RTBSE|            2484           1.079                               0.650E+003
 RTBSE|            2485           1.130                               0.650E+003
 RTBSE|            2486           1.072                               0.650E+003
 RTBSE|            2487           1.078                               0.650E+003
 RTBSE|            2488           1.061                               0.650E+003
 RTBSE|            2489           1.078                               0.650E+003
 RTBSE|            2490           1.083                               0.650E+003
 RTBSE|            2491           1.079                               0.650E+003
 RTBSE|            2492           1.086                               0.650E+003
 RTBSE|            2493           1.067                               0.650E+003
 RTBSE|            2494           1.072                               0.650E+003
 RTBSE|            2495           1.083                               0.650E+003
 RTBSE|            2496           1.071                               0.650E+003
 RTBSE|            2497           1.074                               0.650E+003
 RTBSE|            2498           1.072                               0.650E+003
 RTBSE|            2499           1.083                               0.650E+003
 RTBSE|            2500           1.114                               0.650E+003
 RTBSE|            2501           1.124                               0.650E+003
 RTBSE|            2502           1.132                               0.650E+003
 RTBSE|            2503           1.218                               0.650E+003
 RTBSE|            2504           1.150                               0.650E+003
 RTBSE|            2505           1.136                               0.650E+003
 RTBSE|            2506           1.241                               0.650E+003
 RTBSE|            2507           1.222                               0.650E+003
 RTBSE|            2508           1.093                               0.650E+003
 RTBSE|            2509           1.100                               0.650E+003
 RTBSE|            2510           1.080                               0.650E+003
 RTBSE|            2511           1.093                               0.650E+003
 RTBSE|            2512           1.090                               0.650E+003
 RTBSE|            2513           1.082                               0.650E+003
 RTBSE|            2514           1.075                               0.650E+003
 RTBSE|            2515           1.089                               0.650E+003
 RTBSE|            2516           1.083                               0.650E+003
 RTBSE|            2517           1.086                               0.650E+003
 RTBSE|            2518           1.113                               0.650E+003
 RTBSE|            2519           1.091                               0.650E+003
 RTBSE|            2520           1.078                               0.650E+003
 RTBSE|            2521           1.062                               0.650E+003
 RTBSE|            2522           1.080                               0.650E+003
 RTBSE|            2523           1.106                               0.650E+003
 RTBSE|            2524           1.073                               0.650E+003
 RTBSE|            2525           1.076                               0.650E+003
 RTBSE|            2526           1.076                               0.650E+003
 RTBSE|            2527           1.078                               0.650E+003
 RTBSE|            2528           1.173                               0.650E+003
 RTBSE|            2529           1.110                               0.650E+003
 RTBSE|            2530           1.245                               0.650E+003
 RTBSE|            2531           1.267                               0.650E+003
 RTBSE|            2532           1.081                               0.650E+003
 RTBSE|            2533           1.170                               0.650E+003
 RTBSE|            2534           1.397                               0.650E+003
 RTBSE|            2535           1.088                               0.650E+003
 RTBSE|            2536           1.101                               0.650E+003
 RTBSE|            2537           1.078                               0.650E+003
 RTBSE|            2538           1.068                               0.650E+003
 RTBSE|            2539           1.072                               0.650E+003
 RTBSE|            2540           1.081                               0.650E+003
 RTBSE|            2541           1.069                               0.650E+003
 RTBSE|            2542           1.077                               0.650E+003
 RTBSE|            2543           1.089                               0.650E+003
 RTBSE|            2544           1.099                               0.650E+003
 RTBSE|            2545           1.130                               0.650E+003
 RTBSE|            2546           1.128                               0.650E+003
 RTBSE|            2547           1.123                               0.650E+003
 RTBSE|            2548           1.139                               0.650E+003
 RTBSE|            2549           1.123                               0.650E+003
 RTBSE|            2550           1.098                               0.650E+003
 RTBSE|            2551           1.129                               0.650E+003
 RTBSE|            2552           1.151                               0.650E+003
 RTBSE|            2553           1.152                               0.650E+003
 RTBSE|            2554           1.083                               0.650E+003
 RTBSE|            2555           1.078                               0.650E+003
 RTBSE|            2556           1.076                               0.650E+003
 RTBSE|            2557           1.169                               0.650E+003
 RTBSE|            2558           1.226                               0.650E+003
 RTBSE|            2559           1.074                               0.650E+003
 RTBSE|            2560           1.282                               0.650E+003
 RTBSE|            2561           1.085                               0.650E+003
 RTBSE|            2562           1.084                               0.650E+003
 RTBSE|            2563           1.092                               0.650E+003
 RTBSE|            2564           1.075                               0.650E+003
 RTBSE|            2565           1.069                               0.650E+003
 RTBSE|            2566           1.087                               0.650E+003
 RTBSE|            2567           1.079                               0.650E+003
 RTBSE|            2568           1.075                               0.650E+003
 RTBSE|            2569           1.080                               0.650E+003
 RTBSE|            2570           1.072                               0.650E+003
 RTBSE|            2571           1.142                               0.650E+003
 RTBSE|            2572           1.092                               0.650E+003
 RTBSE|            2573           1.071                               0.650E+003
 RTBSE|            2574           1.090                               0.650E+003
 RTBSE|            2575           1.116                               0.650E+003
 RTBSE|            2576           1.136                               0.650E+003
 RTBSE|            2577           1.111                               0.650E+003
 RTBSE|            2578           1.075                               0.650E+003
 RTBSE|            2579           1.069                               0.650E+003
 RTBSE|            2580           1.126                               0.650E+003
 RTBSE|            2581           1.104                               0.650E+003
 RTBSE|            2582           1.068                               0.650E+003
 RTBSE|            2583           1.071                               0.650E+003
 RTBSE|            2584           1.349                               0.650E+003
 RTBSE|            2585           1.265                               0.650E+003
 RTBSE|            2586           1.080                               0.650E+003
 RTBSE|            2587           1.234                               0.650E+003
 RTBSE|            2588           1.100                               0.650E+003
 RTBSE|            2589           1.128                               0.650E+003
 RTBSE|            2590           1.108                               0.650E+003
 RTBSE|            2591           1.116                               0.650E+003
 RTBSE|            2592           1.116                               0.650E+003
 RTBSE|            2593           1.137                               0.650E+003
 RTBSE|            2594           1.122                               0.650E+003
 RTBSE|            2595           1.168                               0.650E+003
 RTBSE|            2596           1.117                               0.650E+003
 RTBSE|            2597           1.163                               0.650E+003
 RTBSE|            2598           1.089                               0.650E+003
 RTBSE|            2599           1.083                               0.650E+003
 RTBSE|            2600           1.069                               0.650E+003
 RTBSE|            2601           1.129                               0.650E+003
 RTBSE|            2602           1.086                               0.650E+003
 RTBSE|            2603           1.065                               0.650E+003
 RTBSE|            2604           1.083                               0.650E+003
 RTBSE|            2605           1.080                               0.650E+003
 RTBSE|            2606           1.069                               0.650E+003
 RTBSE|            2607           1.098                               0.650E+003
 RTBSE|            2608           1.091                               0.650E+003
 RTBSE|            2609           1.074                               0.650E+003
 RTBSE|            2610           1.109                               0.650E+003
 RTBSE|            2611           1.144                               0.650E+003
 RTBSE|            2612           1.077                               0.650E+003
 RTBSE|            2613           1.268                               0.650E+003
 RTBSE|            2614           1.333                               0.650E+003
 RTBSE|            2615           1.086                               0.650E+003
 RTBSE|            2616           1.098                               0.650E+003
 RTBSE|            2617           1.068                               0.650E+003
 RTBSE|            2618           1.070                               0.650E+003
 RTBSE|            2619           1.098                               0.650E+003
 RTBSE|            2620           1.116                               0.650E+003
 RTBSE|            2621           1.115                               0.650E+003
 RTBSE|            2622           1.102                               0.650E+003
 RTBSE|            2623           1.078                               0.650E+003
 RTBSE|            2624           1.100                               0.650E+003
 RTBSE|            2625           1.118                               0.650E+003
 RTBSE|            2626           1.109                               0.650E+003
 RTBSE|            2627           1.075                               0.650E+003
 RTBSE|            2628           1.084                               0.650E+003
 RTBSE|            2629           1.112                               0.650E+003
 RTBSE|            2630           1.078                               0.650E+003
 RTBSE|            2631           1.075                               0.650E+003
 RTBSE|            2632           1.078                               0.650E+003
 RTBSE|            2633           1.080                               0.650E+003
 RTBSE|            2634           1.101                               0.650E+003
 RTBSE|            2635           1.114                               0.650E+003
 RTBSE|            2636           1.118                               0.650E+003
 RTBSE|            2637           1.256                               0.650E+003
 RTBSE|            2638           1.389                               0.650E+003
 RTBSE|            2639           1.119                               0.650E+003
 RTBSE|            2640           1.311                               0.650E+003
 RTBSE|            2641           1.185                               0.650E+003
 RTBSE|            2642           1.126                               0.650E+003
 RTBSE|            2643           1.095                               0.650E+003
 RTBSE|            2644           1.130                               0.650E+003
 RTBSE|            2645           1.073                               0.650E+003
 RTBSE|            2646           1.137                               0.650E+003
 RTBSE|            2647           1.069                               0.650E+003
 RTBSE|            2648           1.068                               0.650E+003
 RTBSE|            2649           1.078                               0.650E+003
 RTBSE|            2650           1.065                               0.650E+003
 RTBSE|            2651           1.075                               0.650E+003
 RTBSE|            2652           1.090                               0.650E+003
 RTBSE|            2653           1.070                               0.650E+003
 RTBSE|            2654           1.073                               0.650E+003
 RTBSE|            2655           1.072                               0.650E+003
 RTBSE|            2656           1.074                               0.650E+003
 RTBSE|            2657           1.062                               0.650E+003
 RTBSE|            2658           1.078                               0.650E+003
 RTBSE|            2659           1.080                               0.650E+003
 RTBSE|            2660           1.086                               0.650E+003
 RTBSE|            2661           1.081                               0.650E+003
 RTBSE|            2662           1.075                               0.650E+003
 RTBSE|            2663           1.071                               0.650E+003
 RTBSE|            2664           1.250                               0.650E+003
 RTBSE|            2665           1.140                               0.650E+003
 RTBSE|            2666           1.111                               0.650E+003
 RTBSE|            2667           1.291                               0.650E+003
 RTBSE|            2668           1.108                               0.650E+003
 RTBSE|            2669           1.096                               0.650E+003
 RTBSE|            2670           1.076                               0.650E+003
 RTBSE|            2671           1.065                               0.650E+003
 RTBSE|            2672           1.126                               0.650E+003
 RTBSE|            2673           1.079                               0.650E+003
 RTBSE|            2674           1.088                               0.650E+003
 RTBSE|            2675           1.077                               0.650E+003
 RTBSE|            2676           1.070                               0.650E+003
 RTBSE|            2677           1.085                               0.650E+003
 RTBSE|            2678           1.106                               0.650E+003
 RTBSE|            2679           1.088                               0.650E+003
 RTBSE|            2680           1.069                               0.650E+003
 RTBSE|            2681           1.059                               0.650E+003
 RTBSE|            2682           1.076                               0.650E+003
 RTBSE|            2683           1.146                               0.650E+003
 RTBSE|            2684           1.089                               0.650E+003
 RTBSE|            2685           1.103                               0.650E+003
 RTBSE|            2686           1.096                               0.650E+003
 RTBSE|            2687           1.133                               0.650E+003
 RTBSE|            2688           1.171                               0.650E+003
 RTBSE|            2689           1.169                               0.650E+003
 RTBSE|            2690           1.265                               0.650E+003
 RTBSE|            2691           1.336                               0.650E+003
 RTBSE|            2692           1.180                               0.650E+003
 RTBSE|            2693           1.260                               0.650E+003
 RTBSE|            2694           1.343                               0.650E+003
 RTBSE|            2695           1.095                               0.650E+003
 RTBSE|            2696           1.113                               0.650E+003
 RTBSE|            2697           1.089                               0.650E+003
 RTBSE|            2698           1.086                               0.650E+003
 RTBSE|            2699           1.093                               0.650E+003
 RTBSE|            2700           1.090                               0.650E+003
 RTBSE|            2701           1.075                               0.650E+003
 RTBSE|            2702           1.086                               0.650E+003
 RTBSE|            2703           1.075                               0.650E+003
 RTBSE|            2704           1.071                               0.650E+003
 RTBSE|            2705           1.097                               0.650E+003
 RTBSE|            2706           1.075                               0.650E+003
 RTBSE|            2707           1.073                               0.650E+003
 RTBSE|            2708           1.092                               0.650E+003
 RTBSE|            2709           1.078                               0.650E+003
 RTBSE|            2710           1.074                               0.650E+003
 RTBSE|            2711           1.096                               0.650E+003
 RTBSE|            2712           1.111                               0.650E+003
 RTBSE|            2713           1.129                               0.650E+003
 RTBSE|            2714           1.116                               0.650E+003
 RTBSE|            2715           1.078                               0.650E+003
 RTBSE|            2716           1.075                               0.650E+003
 RTBSE|            2717           1.150                               0.650E+003
 RTBSE|            2718           1.240                               0.650E+003
 RTBSE|            2719           1.078                               0.650E+003
 RTBSE|            2720           1.242                               0.650E+003
 RTBSE|            2721           1.106                               0.650E+003
 RTBSE|            2722           1.086                               0.650E+003
 RTBSE|            2723           1.094                               0.650E+003
 RTBSE|            2724           1.076                               0.650E+003
 RTBSE|            2725           1.080                               0.650E+003
 RTBSE|            2726           1.104                               0.650E+003
 RTBSE|            2727           1.124                               0.650E+003
 RTBSE|            2728           1.112                               0.650E+003
 RTBSE|            2729           1.121                               0.650E+003
 RTBSE|            2730           1.085                               0.650E+003
 RTBSE|            2731           1.143                               0.650E+003
 RTBSE|            2732           1.196                               0.650E+003
 RTBSE|            2733           1.136                               0.650E+003
 RTBSE|            2734           1.144                               0.650E+003
 RTBSE|            2735           1.083                               0.650E+003
 RTBSE|            2736           1.102                               0.650E+003
 RTBSE|            2737           1.085                               0.650E+003
 RTBSE|            2738           1.149                               0.650E+003
 RTBSE|            2739           1.068                               0.650E+003
 RTBSE|            2740           1.087                               0.650E+003
 RTBSE|            2741           1.114                               0.650E+003
 RTBSE|            2742           1.084                               0.650E+003
 RTBSE|            2743           1.184                               0.650E+003
 RTBSE|            2744           1.125                               0.650E+003
 RTBSE|            2745           1.291                               0.650E+003
 RTBSE|            2746           1.109                               0.650E+003
 RTBSE|            2747           1.250                               0.650E+003
 RTBSE|            2748           1.082                               0.650E+003
 RTBSE|            2749           1.114                               0.650E+003
 RTBSE|            2750           1.071                               0.650E+003
 RTBSE|            2751           1.068                               0.650E+003
 RTBSE|            2752           1.073                               0.650E+003
 RTBSE|            2753           1.096                               0.650E+003
 RTBSE|            2754           1.068                               0.650E+003
 RTBSE|            2755           1.068                               0.650E+003
 RTBSE|            2756           1.074                               0.650E+003
 RTBSE|            2757           1.075                               0.650E+003
 RTBSE|            2758           1.142                               0.650E+003
 RTBSE|            2759           1.110                               0.650E+003
 RTBSE|            2760           1.099                               0.650E+003
 RTBSE|            2761           1.066                               0.650E+003
 RTBSE|            2762           1.086                               0.650E+003
 RTBSE|            2763           1.084                               0.650E+003
 RTBSE|            2764           1.114                               0.650E+003
 RTBSE|            2765           1.072                               0.650E+003
 RTBSE|            2766           1.072                               0.650E+003
 RTBSE|            2767           1.093                               0.650E+003
 RTBSE|            2768           1.084                               0.650E+003
 RTBSE|            2769           1.076                               0.650E+003
 RTBSE|            2770           1.095                               0.650E+003
 RTBSE|            2771           1.095                               0.650E+003
 RTBSE|            2772           1.096                               0.650E+003
 RTBSE|            2773           1.085                               0.650E+003
 RTBSE|            2774           1.488                               0.650E+003
 RTBSE|            2775           1.148                               0.650E+003
 RTBSE|            2776           1.070                               0.650E+003
 RTBSE|            2777           1.157                               0.650E+003
 RTBSE|            2778           1.149                               0.650E+003
 RTBSE|            2779           1.197                               0.650E+003
 RTBSE|            2780           1.104                               0.650E+003
 RTBSE|            2781           1.071                               0.650E+003
 RTBSE|            2782           1.070                               0.650E+003
 RTBSE|            2783           1.128                               0.650E+003
 RTBSE|            2784           1.129                               0.650E+003
 RTBSE|            2785           1.081                               0.650E+003
 RTBSE|            2786           1.077                               0.650E+003
 RTBSE|            2787           1.061                               0.650E+003
 RTBSE|            2788           1.077                               0.650E+003
 RTBSE|            2789           1.108                               0.650E+003
 RTBSE|            2790           1.069                               0.650E+003
 RTBSE|            2791           1.071                               0.650E+003
 RTBSE|            2792           1.075                               0.650E+003
 RTBSE|            2793           1.079                               0.650E+003
 RTBSE|            2794           1.094                               0.650E+003
 RTBSE|            2795           1.074                               0.650E+003
 RTBSE|            2796           1.083                               0.650E+003
 RTBSE|            2797           1.260                               0.650E+003
 RTBSE|            2798           1.341                               0.650E+003
 RTBSE|            2799           1.099                               0.650E+003
 RTBSE|            2800           1.100                               0.650E+003
 RTBSE|            2801           1.237                               0.650E+003
 RTBSE|            2802           1.091                               0.650E+003
 RTBSE|            2803           1.136                               0.650E+003
 RTBSE|            2804           1.114                               0.650E+003
 RTBSE|            2805           1.085                               0.650E+003
 RTBSE|            2806           1.082                               0.650E+003
 RTBSE|            2807           1.071                               0.650E+003
 RTBSE|            2808           1.063                               0.650E+003
 RTBSE|            2809           1.134                               0.650E+003
 RTBSE|            2810           1.073                               0.650E+003
 RTBSE|            2811           1.075                               0.650E+003
 RTBSE|            2812           1.095                               0.650E+003
 RTBSE|            2813           1.074                               0.650E+003
 RTBSE|            2814           1.082                               0.650E+003
 RTBSE|            2815           1.089                               0.650E+003
 RTBSE|            2816           1.085                               0.650E+003
 RTBSE|            2817           1.081                               0.650E+003
 RTBSE|            2818           1.083                               0.650E+003
 RTBSE|            2819           1.095                               0.650E+003
 RTBSE|            2820           1.123                               0.650E+003
 RTBSE|            2821           1.132                               0.650E+003
 RTBSE|            2822           1.116                               0.650E+003
 RTBSE|            2823           1.085                               0.650E+003
 RTBSE|            2824           1.250                               0.650E+003
 RTBSE|            2825           1.232                               0.650E+003
 RTBSE|            2826           1.145                               0.650E+003
 RTBSE|            2827           1.317                               0.650E+003
 RTBSE|            2828           1.084                               0.650E+003
 RTBSE|            2829           1.146                               0.650E+003
 RTBSE|            2830           1.143                               0.650E+003
 RTBSE|            2831           1.081                               0.650E+003
 RTBSE|            2832           1.076                               0.650E+003
 RTBSE|            2833           1.067                               0.650E+003
 RTBSE|            2834           1.079                               0.650E+003
 RTBSE|            2835           1.077                               0.650E+003
 RTBSE|            2836           1.084                               0.650E+003
 RTBSE|            2837           1.070                               0.650E+003
 RTBSE|            2838           1.117                               0.650E+003
 RTBSE|            2839           1.091                               0.650E+003
 RTBSE|            2840           1.066                               0.650E+003
  GREENX FT_PADE| n_pade, n_fit, window [eV]   484     968     0.0000    19.9960
  GREENX FT_PADE| n_pade, n_fit, window [eV]   484     968     0.0000    19.9960
  GREENX FT_PADE| n_pade, n_fit, window [eV]   484     968     0.0000    19.9960
 STATIC_POL|         spin  element Re [a.u.]              Im [a.u.]
 STATIC_POL|            1    1,  2     -1.2619068427E+000      2.4437636467E-014
 STATIC_POL|            1    2,  2      1.4208470759E+004     -1.0393087963E-013
 STATIC_POL|            1    3,  2     -3.1026968517E-001     -2.7633812518E-016

 -------------------------------------------------------------------------------
 -                                                                             -
 -                                DBCSR STATISTICS                             -
 -                                                                             -
 -------------------------------------------------------------------------------
 COUNTER                                    TOTAL       BLAS       SMM       ACC
 flops     6 x     6 x    72            235923840       0.0%    100.0%      0.0%     
 flops     6 x     6 x    96            629130240       0.0%    100.0%      0.0%     
 flops     5 x     5 x     2            707269900       0.0%    100.0%      0.0%     
 flops     2 x     5 x     2            766221960       0.0%    100.0%      0.0%     
 flops     2 x     5 x     5            884574100       0.0%    100.0%      0.0%     
 flops     6 x     6 x    64           1048550400       0.0%    100.0%      0.0%     
 flops     2 x     2 x     5           1145878560       0.0%    100.0%      0.0%     
 flops     5 x     5 x    14           1536545500       0.0%    100.0%      0.0%     
 flops     6 x    13 x    72           1566661824       0.0%    100.0%      0.0%     
 flops    13 x     6 x    72           1574030016       0.0%    100.0%      0.0%     
 flops    14 x     5 x     2           1616133400       0.0%    100.0%      0.0%     
 flops     2 x     5 x    14           2010236760       0.0%    100.0%      0.0%     
 flops    14 x     5 x     5           2017116500       0.0%    100.0%      0.0%     
 flops     2 x    14 x     5           2600154200       0.0%    100.0%      0.0%     
 flops    14 x     2 x     5           2602015360       0.0%    100.0%      0.0%     
 flops     6 x    13 x    96           4177764864       0.0%    100.0%      0.0%     
 flops    13 x     6 x    96           4197413376       0.0%    100.0%      0.0%     
 flops    14 x     5 x    14           4298466200       0.0%    100.0%      0.0%     
 flops    14 x    14 x     5           5902920240       0.0%    100.0%      0.0%     
 flops     6 x    13 x    64           6962941440       0.0%    100.0%      0.0%     
 flops    13 x     6 x    64           6995688960       0.0%    100.0%      0.0%     
 flops    13 x    13 x    72          10596381120       0.0%    100.0%      0.0%     
 flops     5 x    30 x     2          13768801200       0.0%    100.0%      0.0%     
 flops     5 x     5 x    32          14061459200       0.0%    100.0%      0.0%     
 flops    32 x     5 x     2          14147196160       0.0%    100.0%      0.0%     
 flops    30 x     5 x     2          14670393600       0.0%    100.0%      0.0%     
 flops    32 x     5 x     5          15856910400       0.0%    100.0%      0.0%     
 flops     2 x    30 x     2          16688943840       0.0%    100.0%      0.0%     
 flops     2 x    30 x     5          17313309600       0.0%    100.0%      0.0%     
 flops     2 x     5 x    32          17798097280       0.0%    100.0%      0.0%     
 flops    32 x     2 x     5          18547641600       0.0%    100.0%      0.0%     
 flops     2 x     5 x    30          18995518800       0.0%    100.0%      0.0%     
 flops     2 x    32 x     5          20482513920       0.0%    100.0%      0.0%     
 flops     2 x     2 x    30          24258411120       0.0%    100.0%      0.0%     
 flops    13 x    13 x    96          28257016320       0.0%    100.0%      0.0%     
 flops     5 x    30 x    14          30121568400       0.0%    100.0%      0.0%     
 flops    30 x     5 x    14          32093951400       0.0%    100.0%      0.0%     
 flops    32 x     5 x    14          35269848320       0.0%    100.0%      0.0%     
 flops    14 x    30 x     2          35454614160       0.0%    100.0%      0.0%     
 flops    14 x     5 x    32          39117930880       0.0%    100.0%      0.0%     
 flops    14 x    30 x     5          39368544600       0.0%    100.0%      0.0%     
 flops    32 x    14 x     5          42099232000       0.0%    100.0%      0.0%     
 flops     2 x    30 x    14          42419180160       0.0%    100.0%      0.0%     
 flops    14 x     5 x    30          43328754000       0.0%    100.0%      0.0%     
 flops    14 x    32 x     5          46536188160       0.0%    100.0%      0.0%     
 flops    13 x    13 x    64          47095027200       0.0%    100.0%      0.0%     
 flops    14 x     2 x    30          54968010720       0.0%    100.0%      0.0%     
 flops     2 x    14 x    30          55239307200       0.0%    100.0%      0.0%     
 flops    14 x    30 x    14          91191273600       0.0%    100.0%      0.0%     
 flops    14 x    14 x    30         125141570400       0.0%    100.0%      0.0%     
 flops     5 x    30 x    32         268396128000       0.0%    100.0%      0.0%     
 flops    30 x     5 x    32         284193033600       0.0%    100.0%      0.0%     
 flops    30 x    30 x     2         284923918800       0.0%    100.0%      0.0%     
 flops    32 x     5 x    32         298963066880       0.0%    100.0%      0.0%     
 flops    32 x    30 x     2         302089436160       0.0%    100.0%      0.0%     
 flops    32 x    30 x     5         309595046400       0.0%    100.0%      0.0%     
 flops    32 x    32 x     5         331301836800       0.0%    100.0%      0.0%     
 flops    32 x     5 x    30         333662726400       0.0%    100.0%      0.0%     
 flops     2 x    30 x    32         364303610880       0.0%    100.0%      0.0%     
 flops     2 x    30 x    30         367004530800       0.0%    100.0%      0.0%     
 flops    32 x     2 x    30         392026007040       0.0%    100.0%      0.0%     
 flops     2 x    32 x    30         426163557120       0.0%    100.0%      0.0%     
 flops     2 x     6 x     2         463794287424       0.0%    100.0%      0.0%     
 flops     2 x     2 x     6         465254109024       0.0%    100.0%      0.0%     
 flops     2 x     6 x     6         484948312992       0.0%    100.0%      0.0%     
 flops     6 x     6 x     2         528428458080       0.0%    100.0%      0.0%     
 flops    30 x    30 x    14         627834816000       0.0%    100.0%      0.0%     
 flops    32 x    30 x    14         736488506880       0.0%    100.0%      0.0%     
 flops    14 x    30 x    32         803347077120       0.0%    100.0%      0.0%     
 flops    14 x    30 x    30         837338418000       0.0%    100.0%      0.0%     
 flops    32 x    14 x    30         892904463360       0.0%    100.0%      0.0%     
 flops     2 x     6 x    14         966022465296       0.0%    100.0%      0.0%     
 flops    14 x    32 x    30         966420618240       0.0%    100.0%      0.0%     
 flops     2 x    14 x     6         968974233024       0.0%    100.0%      0.0%     
 flops    14 x     6 x     2        1014799522128       0.0%    100.0%      0.0%     
 flops    14 x     2 x     6        1018011714048       0.0%    100.0%      0.0%     
 flops    14 x     6 x     6        1037162905632       0.0%    100.0%      0.0%     
 flops     6 x     6 x    14        1101110963904       0.0%    100.0%      0.0%     
 flops    14 x     6 x    14        2113449695952       0.0%    100.0%      0.0%     
 flops    14 x    14 x     6        2119972165920       0.0%    100.0%      0.0%     
 flops     2 x    13 x     6        3269224998000       0.0%    100.0%      0.0%     
 flops     6 x    13 x     2        3757961121720       0.0%    100.0%      0.0%     
 flops     2 x    13 x     2        4347806384168       0.0%    100.0%      0.0%     
 flops     2 x     2 x    13        4361936066280       0.0%    100.0%      0.0%     
 flops     2 x     6 x    13        4487069679456       0.0%    100.0%      0.0%     
 flops    13 x     6 x     2        4913621609520       0.0%    100.0%      0.0%     
 flops    30 x    30 x    32        5415075763200       0.0%    100.0%      0.0%     
 flops    32 x    30 x    32        6084704624640       0.0%    100.0%      0.0%     
 flops    32 x    30 x    30        6449144083200       0.0%    100.0%      0.0%     
 flops    32 x    32 x    30        6879826083840       0.0%    100.0%      0.0%     
 flops    14 x    13 x     6        6991885808544       0.0%    100.0%      0.0%     
 flops    32 x     6 x     2        7418164687104       0.0%    100.0%      0.0%     
 flops    32 x     2 x     6        7441220702208       0.0%    100.0%      0.0%     
 flops     6 x    13 x    14        7760793538680       0.0%    100.0%      0.0%     
 flops     2 x    13 x    14        8394177406888       0.0%    100.0%      0.0%     
 flops     2 x    14 x    13        8421437593296       0.0%    100.0%      0.0%     
 flops    14 x     6 x    13        8826776937888       0.0%    100.0%      0.0%     
 flops    13 x     6 x    14        9482691354864       0.0%    100.0%      0.0%     
 flops    14 x    13 x     2        9524601612344       0.0%    100.0%      0.0%     
 flops    14 x     2 x    13        9555635316864       0.0%    100.0%      0.0%     
 flops     2 x     6 x    32       10373402631936       0.0%    100.0%      0.0%     
 flops     2 x    32 x     6       10404227326464       0.0%    100.0%      0.0%     
 flops    32 x     6 x     6       10826879809536       0.0%    100.0%      0.0%     
 flops     6 x     6 x    32       12339048711168       0.0%    100.0%      0.0%     
 flops    32 x     6 x    14       15453567983616       0.0%    100.0%      0.0%     
 flops    32 x    14 x     6       15500946736128       0.0%    100.0%      0.0%     
 flops    14 x    13 x    14       18385121757912       0.0%    100.0%      0.0%     
 flops    14 x    14 x    13       18444906526592       0.0%    100.0%      0.0%     
 flops    14 x     6 x    32       22698852847104       0.0%    100.0%      0.0%     
 flops    14 x    32 x     6       22767092119296       0.0%    100.0%      0.0%     
 flops     2 x    13 x    13       30249028322968       0.0%    100.0%      0.0%     
 flops    13 x    13 x     2       35036016502604       0.0%    100.0%      0.0%     
 flops    14 x    13 x    13       59504792484228       0.0%    100.0%      0.0%     
 flops    13 x    13 x    14       67044491299968       0.0%    100.0%      0.0%     
 flops    32 x    13 x     2       69547618448256       0.0%    100.0%      0.0%     
 flops    32 x     2 x    13       69768550274176       0.0%    100.0%      0.0%     
 flops    32 x    13 x     6       72987849502464       0.0%    100.0%      0.0%     
 flops     6 x    13 x    32       87141561376896       0.0%    100.0%      0.0%     
 flops     2 x    13 x    32       87377593313920       0.0%    100.0%      0.0%     
 flops     2 x    32 x    13       87644580183680       0.0%    100.0%      0.0%     
 flops    32 x     6 x    13       90053775941376       0.0%    100.0%      0.0%     
 flops    13 x     6 x    32      103114216772736       0.0%    100.0%      0.0%     
 flops    32 x    13 x    14      134294425772416       0.0%    100.0%      0.0%     
 flops    32 x    14 x    13      134723419725440       0.0%    100.0%      0.0%     
 flops    32 x     6 x    32      165909894856704       0.0%    100.0%      0.0%     
 flops    32 x    32 x     6      166403123724288       0.0%    100.0%      0.0%     
 flops    14 x    13 x    32      191464012719616       0.0%    100.0%      0.0%     
 flops    14 x    32 x    13      192054392182016       0.0%    100.0%      0.0%     
 flops    32 x    13 x    13      607077795549056       0.0%    100.0%      0.0%     
 flops    13 x    13 x    32      730596008732928       0.0%    100.0%      0.0%     
 flops    32 x    13 x    32     1397619907786752       0.0%    100.0%      0.0%     
 flops    32 x    32 x    13     1401832227753984       0.0%    100.0%      0.0%     
 flops inhomo. stacks                           0       0.0%      0.0%      0.0%
 flops total                         6.294590E+15       0.0%    100.0%      0.0%
 flops max/rank                    111.405104E+12       0.0%    100.0%      0.0%
 matmuls inhomo. stacks                         0       0.0%      0.0%      0.0%
 matmuls total                      1017830218693       0.0%    100.0%      0.0%
 number of processed stacks            6820714911       0.0%    100.0%      0.0%
 average stack size                                     0.0     149.2       0.0
 marketing flops                    36.039947E+15
 -------------------------------------------------------------------------------
 # multiplications                         114169
 max memory usage/rank               6.962176E+09
 # max total images/rank                        1
 # max 3D layers                                1
 # MPI messages exchanged               102295424
 MPI messages size (bytes):
  total size                       219.839981E+12
  min size                           0.000000E+00
  max size                          10.913792E+06
  average size                       2.149070E+06
 MPI breakdown and total messages size (bytes):
             size <=      128               34916                        0
       128 < size <=     8192                  28                    37856
      8192 < size <=    32768                   0                        0
     32768 < size <=   131072                 126                 14042336
    131072 < size <=  4194304            92008322          132119034152224
   4194304 < size <= 16777216            10252032           87885525077840
  16777216 < size                               0                        0
 -------------------------------------------------------------------------------
 -                                                                             -
 -                      DBCSR MESSAGE PASSING PERFORMANCE                      -
 -                                                                             -
 -------------------------------------------------------------------------------
 ROUTINE             CALLS      AVE VOLUME [Bytes]
 MP_Bcast              133                     12.
 MP_Allreduce       457077                     60.
 MP_Alltoall        936361                 387780.
 MP_ISend          5579550                 682222.
 MP_IRecv          5578872                 671246.
 -------------------------------------------------------------------------------

 -------------------------------------------------------------------------------
 -                                                                             -
 -                                GRID STATISTICS                              -
 -                                                                             -
 -------------------------------------------------------------------------------
 LP    KERNEL             BACKEND                              COUNT     PERCENT
 3     collocate ortho    CPU                                  92064      24.65%
 3     integrate ortho    CPU                                  92064      24.65%
 4     collocate ortho    CPU                                  70686      18.93%
 4     integrate ortho    CPU                                  70686      18.93%
 2     collocate ortho    CPU                                  23520       6.30%
 2     integrate ortho    CPU                                  23520       6.30%
 0     collocate general  CPU                                    592       0.16%
 0     integrate general  CPU                                    296       0.08%
 -------------------------------------------------------------------------------

 -------------------------------------------------------------------------------
 -                                                                             -
 -                          OFFLOAD MEMPOOL STATISTICS                         -
 -                                                                             -
 -------------------------------------------------------------------------------
 Memory consumption                Number of allocations  Used [MiB]  Size [MiB]
 Host                                                  6          55           0
 -------------------------------------------------------------------------------

 MEMORY| Estimated peak process memory [MiB]                                2300

 -------------------------------------------------------------------------------
 ----                             MULTIGRID INFO                            ----
 -------------------------------------------------------------------------------
 count for grid        1:         339148          cutoff [a.u.]          300.00
 count for grid        2:         297089          cutoff [a.u.]          100.00
 count for grid        3:         335548          cutoff [a.u.]           33.33
 count for grid        4:         204615          cutoff [a.u.]           11.11
 total gridlevel count  :        1176400

 -------------------------------------------------------------------------------
 -                                                                             -
 -                         MESSAGE PASSING PERFORMANCE                         -
 -                                                                             -
 -------------------------------------------------------------------------------

 ROUTINE             CALLS      AVE VOLUME [Bytes]
 MP_Group               24
 MP_Bcast              278                 201477.
 MP_Allreduce       115593                  49875.
 MP_Sync                50
 MP_Alltoall           931               36208356.
 MP_SendRecv          5292                 225408.
 MP_ISendRecv         5292                 225408.
 MP_Wait              9245
 MP_comm_split          12
 MP_ISend             3448                 896076.
 MP_IRecv             3448                 896331.
 -------------------------------------------------------------------------------


 -------------------------------------------------------------------------------
 -                                                                             -
 -                           R E F E R E N C E S                               -
 -                                                                             -
 -------------------------------------------------------------------------------
 
 CP2K version 2026.2 (Development Version), the CP2K developers group (2026).
 CP2K is freely available from https://www.cp2k.org/ .
 
 M. Iannuzzi, J. Wilhelm, F. Stein, A. Bussy, H. Elgabarty, D. Golze, A. Hehn, 
 M. Graml, S. Marek, B. Sertcan Gökmen, C. Schran, H. Forbert, R. Z. 
 Khaliullin, A. Kozhevnikov, M. Taillefumier, R. Meli, V. V. Rybkin, M. Brehm, 
 R. Schade, O. Schütt, J. V. Pototschnig, H. Mirhosseini, A. Knüpfer, D. Marx, 
 M. Krack, J. Hutter, T. D. Kühne.
 J. Phys. Chem. B 130, 1237-1310 (2026).
 The CP2K Program Package Made Simple.
 https://doi.org/10.1021/acs.jpcb.5c05851

 M. Graml, K. Zollner, D. Hernangómez-Pérez, P. E. Faria Junior, J. Wilhelm.
 J. Chem. Theory Comput. 20, 2202-2208 (2024).
 Low-scaling GW algorithm applied to twisted transition-metal dichalcogenide 
 heterobilayers.
 https://doi.org/10.1021/acs.jctc.3c01230

 T. D. Kühne, M. Iannuzzi, M. Del Ben, V. V. Rybkin, P. Seewald, F. Stein, T. 
 Laino, R. Z. Khaliullin, O. Schütt, F. Schiffmann, D. Golze, J. Wilhelm, S. 
 Chulkov, M. H. Bani-Hashemian, V. Weber, U. Borstnik, M. Taillefumier, A. S. 
 Jakobovits, A. Lazzaro, H. Pabst, T. Müller, R. Schade, M. Guidon, S. 
 Andermatt, N. Holmberg, G. K. Schenter, A. Hehn, A. Bussy, F. Belleflamme, G. 
 Tabacchi, A. Glöß, M. Lass, I. Bethune, C. J. Mundy, C. Plessl, M. Watkins, 
 J. VandeVondele, M. Krack, J. Hutter.
 J. Chem. Phys. 152, 194103 (2020).
 CP2K: An electronic structure and molecular dynamics software package - 
 Quickstep: Efficient and accurate electronic structure calculations.
 https://doi.org/10.1063/5.0007045

 O. Schuett, P. Messmer, J. Hutter, J. VandeVondele.
 Electronic Structure Calculations on Graphics Processing Units, 173-190 (2016).
 GPU-Accelerated Sparse Matrix-Matrix Multiplication for Linear Scaling Density 
 Functional Theory.
 https://doi.org/10.1002/9781118670712.ch8

 A. Heinecke, G. Henry, M. Hutchinson, H. Pabst.
 Proceedings of Intl. Supercomputing Conference, 981-991 (2016).
 LIBXSMM: Accelerating Small Matrix Multiplications by Runtime Code Generation.
 https://doi.org/10.1109/SC.2016.83

 U. Borstnik, J. VandeVondele, V. Weber, J. Hutter.
 Parallel Comput. 40, 47-58 (2014).
 Sparse matrix multiplication: The distributed block-compressed sparse row 
 library.
 https://doi.org/10.1016/j.parco.2014.03.012

 A. Marek, V. Blum, R. Johanni, V. Havu, B. Lang, T. Auckenthaler, A. Heinecke, 
 H. Bungartz, H. Lederer.
 J. Phys. Condens. Matter 26, 213201 (2014).
 The ELPA library: scalable parallel eigenvalue solutions for electronic 
 structure theory and computational science.
 https://doi.org/10.1088/0953-8984/26/21/213201

 J. VandeVondele, J. Hutter.
 J. Chem. Phys. 127, 114105 (2007).
 Gaussian basis sets for accurate calculations on molecular systems in gas and 
 condensed phases.
 https://doi.org/10.1063/1.2770708

 J. VandeVondele, M. Krack, F. Mohamed, M. Parrinello, T. Chassaing, J. Hutter.
 Comput. Phys. Commun. 167, 103-128 (2005).
 QUICKSTEP: Fast and accurate density functional calculations using a mixed 
 Gaussian and plane waves approach.
 https://doi.org/10.1016/j.cpc.2004.12.014

 M. Krack.
 Theor. Chem. Acc. 114, 145-152 (2005).
 Pseudopotentials for H to Kr optimized for gradient-corrected 
 exchange-correlation functionals.
 https://doi.org/10.1007/s00214-005-0655-y

 M. Frigo, S. G. Johnson.
 Proc. IEEE 93, 216-231 (2005).
 The design and implementation of FFTW3.
 https://doi.org/10.1109/JPROC.2004.840301

 C. Hartwigsen, S. Goedecker, J. Hutter.
 Phys. Rev. B 58, 3641-3662 (1998).
 Relativistic separable dual-space Gaussian pseudopotentials from H to Rn.
 https://doi.org/10.1103/PhysRevB.58.3641

 G. Lippert, J. Hutter, M. Parrinello.
 Mol. Phys. 92, 477-487 (1997).
 A hybrid Gaussian and plane wave density functional scheme.
 https://doi.org/10.1080/002689797170220

 S. Goedecker, M. Teter, J. Hutter.
 Phys. Rev. B 54, 1703-1710 (1996).
 Separable dual-space Gaussian pseudopotentials.
 https://doi.org/10.1103/PhysRevB.54.1703

 J. P. Perdew, K. Burke, M. Ernzerhof.
 Phys. Rev. Lett. 77, 3865-3868 (1996).
 Generalized gradient approximation made simple.
 https://doi.org/10.1103/PhysRevLett.77.3865

 P. E. Blöchl.
 J. Chem. Phys. 103, 7422-7428 (1995).
 Electrostatic decoupling of periodic images of plane‐wave‐expanded 
 densities and derived atomic point charges.
 https://doi.org/10.1063/1.470314

 R. H. Byrd, P. H. Lu, J. Nocedal, C. Y. Zhu.
 SIAM J. Sci. Comput. 16, 1190-1208 (1995).
 A Limited Memory Algorithm for Bound Constrained Optimization.
 https://doi.org/10.1137/0916069

 C. G. Broyden.
 Math. Comput. 19, 577-593 (1965).
 A class of methods for solving nonlinear simultaneous equations.
 https://doi.org/10.1090/S0025-5718-1965-0198670-6


 -------------------------------------------------------------------------------
 -                                                                             -
 -                                T I M I N G                                  -
 -                                                                             -
 -------------------------------------------------------------------------------
 SUBROUTINE                       CALLS  ASD         SELF TIME        TOTAL TIME
                                MAXIMUM       AVERAGE  MAXIMUM  AVERAGE  MAXIMUM
 CP2K                                 1  1.0    0.054    0.083 3364.644 3365.148
 run_propagation_linearized_bse       1  2.0    0.194    0.782 3363.840 3364.287
 solve_rk4_timestep                2841  3.0    0.186    0.310 3141.708 3142.466
 build_shared_sex_and_hartree     11364  4.0    0.217    0.306 2202.110 2204.652
 compute_sigma_ri_rs_complex      11364  5.0    0.147    0.177 1664.236 1667.696
 compute_sigma_ri_rs              22728  6.0    0.831    0.971 1657.525 1659.159
 dbcsr_multiply_generic          114169  7.8    5.027    5.599 1468.691 1496.518
 dbcsr_contract_ABA               45457  7.0    0.364    0.480 1352.864 1381.715
 parallel_gemm_fm_cosma          182355  6.0 1249.756 1260.125 1249.756 1260.125
 multiply_cannon                 114169  8.8   11.069   13.545 1030.688 1102.693
 multiply_cannon_loop            114169  9.8   10.065   12.303  938.089 1009.340
 update_effective_ham_MO          11364  4.0    0.429    0.645  939.240  941.176
 transform_ao_to_mo_covariant_c   22728  5.0    0.156    0.190  622.792  625.525
 transform_mo_to_ao_contravaria   22729  5.0    0.122    0.156  614.968  620.472
 mp_waitall_1                   9139345 12.0  518.936  609.927  518.936  609.927
 multiply_cannon_multrec         913352 10.8  417.095  485.015  418.705  486.721
 multiply_cannon_metrocomm3      913352 10.8    1.162    1.325  174.474  334.820
 multiply_cannon_metrocomm1      913352 10.8    1.308    1.555  193.130  320.248
 make_m2s                        228338  8.8    2.493    2.670  271.680  281.860
 make_images                     228338  9.8   32.340   41.686  266.576  276.656
 dbcsr_complete_redistribute      68569  8.0   50.844   60.788  236.829  241.297
 copy_dbcsr_to_fm                 45604  7.0    0.679    0.893  213.409  237.282
 compute_hartree_ri_rs_from_dia   11364  5.0    0.137    0.183  233.495  234.961
 hartree_potential_from_diag_ri   22728  6.0   14.498   17.641  229.020  231.343
 qs_energies                          1  3.0    0.008    0.014  189.622  189.651
 make_images_data                228338 10.8    2.272    2.546  166.544  185.681
 calculate_norms                1825072 10.8  134.568  176.386  134.568  176.386
 hybrid_alltoall_any             273946 11.3    8.223   52.135  150.422  173.283
 mp_sum_l                        342756  8.8  106.935  162.216  106.935  162.216
 qs_energies_properties               1  4.0    0.002    0.005  153.218  153.239
 post_scf_bandstructure               1  5.0    0.003    0.009  153.216  153.238
 gw                                   1  6.0    0.001    0.003  151.274  151.294
 gw_calc_non_periodic_ri_rs           1  7.0    0.003    0.006  149.876  149.963
 ri_rs_grid_assembler                 1  8.0    0.002    0.004  108.968  109.053
 optimize_ri_rs_grid                  1  9.0    4.385    5.523  108.939  109.023
 evaluate_rirs_grid_cluster        1005 10.0   82.282  103.207   82.282  103.207
 make_images_sizes               228338 10.8    0.206    0.240   49.244  102.988
 mp_alltoall_i44                 228338 11.8   49.038  102.778   49.038  102.778
 mp_alltoall_i22                 114177  9.0   59.523   90.789   59.523   90.789
 copy_fm_to_dbcsr                 22965  7.0    0.139    0.170   83.626   87.590
 mp_sum_dv                        91264  7.0   59.867   79.733   59.867   79.733
 dbcsr_desymmetrize_deep          45608  8.0    8.480   13.984   46.417   71.898
 buffer_matrices_ensure_size     228338  9.8   39.817   71.561   39.817   71.561
 mp_alltoall_d11v                342615  9.4   65.567   68.112   65.567   68.112
 mp_sum_d                         23850  4.1   26.346   50.845   26.346   50.845
 mp_cart_sub                      91223  9.0   46.872   47.021   46.872   47.021
 dbcsr_finalize                  229897  8.9    1.450    1.663   37.102   46.577
 dbcsr_merge_all                 183955  9.9    9.757   13.073   32.412   41.201
 hadamard_product_inplace         22728  7.0   29.764   39.102   29.801   39.140
 mp_allgather_i34                114169  9.8   29.709   37.292   29.709   37.292
 scf_env_do_scf                       1  4.0    0.001    0.002   34.231   34.241
 scf_env_do_scf_inner_loop           41  5.0    0.004    0.009   34.231   34.240
 dbcsr_add_wm_from_matrix         22941  9.0   17.357   25.069   21.252   28.013
 compute_W                            1  8.0    0.001    0.001   20.708   20.729
 dbcsr_set                        91572  8.5    0.126    0.156   13.691   19.130
 dbcsr_zero                       91572  9.5   13.565   19.003   13.565   19.003
 mp_cart_create                   45634  9.0   15.682   17.785   15.682   17.785
 mp_alltoall_i11v                251315  9.0   14.980   16.166   14.980   16.166
 make_images_pack                228338 10.8    9.756   14.506   10.817   15.733
 compute_fm_W_freq                   30  9.0    0.001    0.002   15.233   15.249
 tree_to_linear_d                 68590 11.0   10.009   14.710   10.009   14.710
 qs_scf_new_mos                      41  6.0    0.001    0.002   14.625   14.636
 eigensolver_symm                    41  7.0    0.004    0.005   14.293   14.299
 cp_cfm_to_fm                     79553  5.6    9.012   13.780    9.012   13.780
 cp_fm_diag_elpa                     45  8.0    0.000    0.000   12.540   12.545
 cp_fm_diag_elpa_base                45  9.0   12.455   12.508   12.529   12.531
 dbcsr_copy                      274120  8.5    9.092   11.179   10.099   12.088
 cp_fm_write_formatted             5682  3.0   10.187   10.703   10.458   11.932
 cp_fm_to_cfm                     90917  6.0    8.535   11.860    8.535   11.860
 compute_Sigma_c_and_QP_energie       1  8.0    0.000    0.000   11.644   11.650
 qs_ks_build_kohn_sham_matrix        42  8.0    0.009    0.014   11.489   11.495
 qs_ks_update_qs_env                 41  6.0    0.000    0.001   11.369   11.374
 rebuild_ks_matrix                   41  7.0    0.000    0.000   11.359   11.363
 cp_fm_write_unformatted           5687  3.0    8.755    9.238    9.062   10.575
 fft_wrap_pw1pw2                    748 11.1    0.008    0.010   10.023   10.147
 fft_wrap_pw1pw2_300                496 12.4    0.513    0.704    9.404    9.534
 copy_dbcsr_to_fm_bc              45604  8.0    6.977    8.983    7.179    9.216
 dbcsr_data_copy_aa2              91807 11.0    5.358    9.127    5.358    9.127
 dbcsr_scale_anytype              46481  8.6    5.041    7.441    7.021    8.926
 fft3d_ps                           748 13.1    2.123    2.504    8.618    8.901
 compute_Sigma_c                      1  9.0    0.001    0.002    8.103    8.104
 dbcsr_sort_data                  91378 10.8    5.771    8.044    5.771    8.044
 dbcsr_fill_wm_from_matrix        22941 10.0    3.472    7.594    3.583    7.725
 cp_cfm_transpose                 22728  5.0    3.639    6.886    3.639    6.886
 dbcsr_create_new               1119596  9.6    4.505    4.978    6.138    6.840
 setup_rec_index_2d              228338  9.8    6.016    6.710    6.016    6.710
 qs_vxc_create                       42  9.0    0.003    0.004    6.516    6.557
 xc_vxc_pw_create                    41 10.0    0.099    0.119    6.514    6.557
 get_mat_chi_Gamma_tau                1  8.0    0.000    0.001    6.185    6.186
 mp_alltoall_z22v                   748 15.1    5.577    6.182    5.577    6.182
 qs_rho_update_rho_low               42  6.0    0.000    0.001    6.153    6.158
 calculate_rho_elec                  42  7.0    0.082    0.094    6.153    6.158
 copy_fm_to_dbcsr_bc              22965  8.0    2.106    3.110    4.441    6.006
 cp_fm_trace_a0b0t0               17052  3.0    0.383    0.594    3.938    5.719
 print_ft                             1  3.0    0.003    0.030    5.491    5.698
 greenx_refine_ft                     3  4.0    5.488    5.695    5.488    5.695
 contract_grid_panels_sigma_c        30 10.0    0.002    0.003    5.672    5.682
 quick_finalize                  273946 11.5    0.859    1.030    5.167    5.594
 dbcsr_special_finalize          228338 10.8    0.279    0.330    5.141    5.588
 xc_pw_derive                       246 12.0    0.001    0.002    4.857    5.003
 dbcsr_sort_indices              548461 11.7    4.673    4.960    4.673    4.960
 mp_send_dv                       11370  4.0    0.525    4.914    0.525    4.914
 cp_fm_transpose                  17053  3.0    1.580    4.846    1.580    4.846
 multiply_cannon_metrocomm2      799183 10.8    1.607    1.884    4.013    4.814
 contract_grid_panels                31  9.0    0.002    0.002    4.458    4.491
 dbcsr_iterator_start           1097381  9.9    2.372    2.966    3.303    4.146
 cp_cfm_scale_and_add             88084  5.0    2.863    4.044    2.863    4.044
 cp_fm_cholesky_invert               31 10.0    3.996    4.014    3.996    4.014
 multiply_cannon_metrocomm4      799183 10.8    1.374    1.670    3.134    4.002
 x_to_yz                            372 14.2    0.574    0.702    3.601    3.824
 build_G_ao                         121  9.5    0.001    0.002    3.781    3.811
 compute_QP_energies                  1  9.0    0.000    0.000    3.540    3.547
 dbcsr_mm_multrec_init           114169  9.8    0.163    0.219    2.961    3.518
 density_rs2pw                       42  8.0    0.001    0.002    3.124    3.474
 xc_pw_divergence                    41 11.0    0.001    0.001    3.302    3.453
 mp_recv_dv                      136516  4.0    0.054    3.438    0.054    3.438
 dbcsr_mm_csr_init               114169 10.8    1.219    1.388    2.798    3.330
 dbcsr_work_destroy_all          457901 10.9    1.922    2.326    2.730    3.297
 G_occ_vir                          121 10.5    0.092    0.108    3.218    3.250
 sum_up_and_integrate                42  9.0    0.001    0.001    3.219    3.224
 integrate_v_rspace                  42 10.0    0.001    0.001    3.207    3.213
 xc_rho_set_and_dset_create          41 11.0    0.082    0.120    3.051    3.167
 grid_collocate_task_list            42  8.0    2.856    3.154    2.856    3.154
 yz_to_x                            292 14.1    0.236    0.274    2.777    3.142
 mp_isend_dv                    2747882 12.2    2.561    3.087    2.561    3.087
 dbcsr_reserve_all_blocks         22968  9.0    0.081    0.103    1.979    3.085
 to_Gamma_and_mo_real                62 10.0    0.004    0.004    3.038    3.039
 dbcsr_reserve_blocks             22982 10.0    1.826    2.928    1.900    3.006
 dbcsr_work_create               457901  9.9    1.884    2.083    2.506    2.963
 dbcsr_new_transposed             68469  8.7    0.696    0.758    2.751    2.945
 mp_isend_iv                    3018021 11.8    2.035    2.823    2.035    2.823
 mask_mo_block_cfm                34092  5.0    1.207    2.607    1.207    2.607
 dbcsr_iterator_stop            1097381  9.9    1.928    2.432    2.110    2.598
 dbcsr_make_index_list           228338  9.8    2.383    2.554    2.383    2.554
 dbcsr_data_new                 5200013 10.2    2.062    2.531    2.062    2.531
 cp_fm_cholesky_decompose            33 10.0    2.334    2.531    2.334    2.531
 dbcsr_make_untransposed_blocks  137091  8.8    1.469    1.606    2.270    2.417
 dbcsr_destroy                  1073905  8.8    1.387    1.551    2.150    2.388
 dbcsr_data_release             8558591 10.7    1.965    2.328    1.965    2.328
 gspace_mixing                       40  6.0    0.077    0.087    2.226    2.227
 dbcsr_get_diag                   22728  7.0    1.803    2.160    1.831    2.190
 setup_buffer_matrices           228338  9.8    0.650    0.844    1.568    2.166
 potential_pw2rs                     42 11.0    0.009    0.012    2.073    2.076
 multiply_cannon_multrec_finali  114169 11.8    0.212    0.262    1.610    1.989
 mp_irecv_iv                    3017682 11.8    1.255    1.892    1.255    1.892
 compute_Z_lP                         1  8.0    0.000    0.000    1.828    1.837
 compute_Z_lP_standard                1  9.0    0.002    0.003    1.828    1.837
 dbcsr_scale_d                    22760  7.0    0.039    0.047    1.508    1.802
 fill_hash_tables                114169 11.8    1.399    1.752    1.399    1.752
 dbcsr_mm_multrec_finalize       114169 12.8    1.036    1.265    1.398    1.727
 cp_fm_symm                          41  8.0    1.658    1.666    1.658    1.666
 transfer_rs2pw                     170  9.0    0.002    0.002    1.175    1.542
 create_and_init_bs_env_for_gw        1  7.0    0.000    0.000    1.397    1.461
 mp_irecv_dv                    2746607 12.2    1.026    1.365    1.026    1.365
 qs_ks_ddapc                         42  9.0    0.001    0.001    1.322    1.362
 broyden_mixing                      40  7.0    1.108    1.309    1.334    1.357
 mp_waitany                        3420 12.5    0.948    1.313    0.948    1.313
 eval_bandstructure_properties        1  6.0    0.000    0.000    1.262    1.262
 dbcsr_make_index_exist         1119596 10.6    1.054    1.244    1.054    1.244
 dbcsr_iterator_seek            1097381 10.9    0.930    1.243    0.930    1.243
 mp_sum_iv                       114191  9.8    1.006    1.172    1.006    1.172
 compute_d_lp                         6 10.0    0.638    0.806    0.910    1.152
 mp_comm_free                    136915  9.0    0.878    1.147    0.878    1.147
 get_electron_number_MO            2841  3.0    0.018    0.023    0.727    1.117
 grid_integrate_task_list            42 11.0    1.028    1.088    1.028    1.088
 init_scf_run                         1  4.0    0.001    0.003    1.067    1.069
 transfer_rs2pw_300                  44  9.9    0.123    0.170    0.641    1.029
 transfer_pw2rs                     169 12.0    0.001    0.001    0.977    0.979
 qs_energies_init_hamiltonians        1  4.0    0.004    0.012    0.978    0.979
 dbcsr_distribution_new          411790  8.8    0.832    0.977    0.832    0.977
 transpose_index_local            68469  9.7    0.294    0.322    0.867    0.969
 qs_env_update_s_mstruct              1  5.0    0.000    0.000    0.950    0.962
 merge_index                     183955 10.9    0.817    0.939    0.817    0.939
 cp_cfm_geeig                         1  7.0    0.000    0.002    0.898    0.900
 cp_fm_uplo_to_full                 106 10.0    0.534    0.826    0.534    0.826
 setup_time_and_frequency_minim       1  8.0    0.000    0.002    0.746    0.808
 build_minimax_time_frequency_g       1  9.0    0.001    0.002    0.746    0.808
 fit_l_sq_weights                     3 10.0    0.745    0.808    0.745    0.808
 cp_ddapc_init                        1  6.0    0.000    0.000    0.738    0.762
 cp_ddapc_create                      1  7.0    0.001    0.001    0.738    0.762
 dbcsr_make_dbcsr_index          549434 11.7    0.663    0.735    0.663    0.735
 cp_cfm_heevd                         1  8.0    0.000    0.000    0.707    0.708
 cp_cfm_heevd_base                    1  9.0    0.707    0.708    0.707    0.708
 create_and_init_bs_env               1  6.0    0.001    0.003    0.677    0.686
 cp_fm_create                     34575  6.0    0.266    0.630    0.266    0.630
 compute_fm_chi_Gamma_freq           30  9.0    0.001    0.001    0.615    0.628
 diagonalize_ks_matrix                1  7.0    0.000    0.000    0.622    0.624
 cp_fm_geeig_canon                    1  8.0    0.000    0.000    0.622    0.623
 xc_functional_eval                  41 12.0    0.000    0.001    0.534    0.607
 pbe_lda_eval                        41 13.0    0.534    0.607    0.534    0.607
 abc_contract_xsmm               105557 10.2    0.469    0.597    0.469    0.597
 cp_ddapc_apply_CD                   42 10.0    0.002    0.012    0.581    0.596
 mp_sync                             50  9.8    0.279    0.586    0.279    0.586
 setup_square_topology            45582  7.0    0.301    0.461    0.422    0.585
 release_dbcsr_topology_and_mat   68187  7.0    0.095    0.110    0.488    0.571
 compute_Sigma_x                      1  8.0    0.000    0.000    0.521    0.543
 parallel_gemm_cfm                   16  6.5    0.000    0.000    0.521    0.524
 parallel_gemm_cfm_cosma             16  7.5    0.521    0.524    0.521    0.524
 compute_V_MinvVsqrt                  1  9.0    0.001    0.003    0.508    0.512
 transfer_pw2rs_300                  43 12.9    0.131    0.163    0.475    0.504
 cp_fm_geeig                          1 10.0    0.000    0.000    0.493    0.493
 RI_2c_integral_mat                   4  7.2    0.004    0.009    0.449    0.471
 ewald_ddapc_pot                      1  8.0    0.372    0.454    0.462    0.464
 pw_integral_ab_c1d_c1d_gs           84 10.5    0.274    0.311    0.366    0.443
 mp_max_l                            22  1.8    0.208    0.422    0.208    0.422
 get_RI_basis                         1  8.0    0.000    0.001    0.419    0.421
 compute_Minv_Gamma                   1  9.0    0.001    0.002    0.415    0.420
 dbcsr_switch_data_area          570917 11.1    0.247    0.289    0.349    0.413
 fft_wrap_pw1pw2_100                 84 11.5    0.016    0.020    0.383    0.401
 multrec_filtering                91338 13.8    0.300    0.401    0.300    0.401
 pw_gather_p                        334 12.8    0.345    0.395    0.345    0.395
 pw_scatter_p                       414 13.3    0.309    0.389    0.309    0.389
 mp_sum_dm                           42  7.9    0.256    0.372    0.256    0.372
 pw_poisson_solve                    42  9.0    0.001    0.001    0.356    0.365
 initialize_sex_selfenergy            1  3.0    0.000    0.000    0.364    0.364
 rt_bse_ri_rs_ensure_W0_grid          1  4.0    0.000    0.000    0.364    0.364
 compute_proj_mo_on_kind              1  7.0    0.001    0.002    0.356    0.357
 mp_bcast_dm                          2 11.5    0.235    0.317    0.235    0.317
 build_2c_integrals                   4  8.2    0.088    0.251    0.292    0.305
 transfer_rs2pw_40                   42 10.0    0.112    0.129    0.292    0.305
 qs_init_subsys                       1  2.0    0.024    0.035    0.294    0.297
 ddapc_eval_AmI                       1  8.0    0.019    0.024    0.273    0.297
 pw_copy                            667 11.6    0.284    0.296    0.284    0.296
 qs_env_setup                         1  3.0    0.005    0.009    0.260    0.294
 transfer_pw2rs_40                   42 13.0    0.126    0.148    0.273    0.292
 modify_hartree_pot                  42 11.0    0.236    0.292    0.236    0.292
 qs_env_rebuild_pw_env                2  4.0    0.000    0.000    0.249    0.287
 pw_env_rebuild                       1  5.0    0.010    0.018    0.249    0.287
 fill_fm_Sigma_c_Gamma_time           1 10.0    0.000    0.000    0.285    0.285
 scf_env_initial_rho_setup            1  5.0    0.000    0.000    0.262    0.274
 dbcsr_make_index_local_row      228338  9.8    0.207    0.272    0.207    0.272
 pw_grid_setup                        4  6.0    0.000    0.000    0.228    0.270
 pw_grid_setup_internal               4  7.0    0.002    0.002    0.228    0.270
 pw_derive                          372 12.3    0.240    0.266    0.240    0.266
 build_phi_on_sphere                  6 10.0    0.014    0.019    0.247    0.266
 dbcsr_get_local_cols            114169  8.8    0.234    0.263    0.234    0.263
 evaluate_ao_on_points              833 11.0    0.238    0.256    0.238    0.256
 transfer_rs2pw_100                  42 10.0    0.037    0.047    0.166    0.250
 mp_sendrecv_dv                    5292 11.0    0.226    0.249    0.226    0.249
 dbcsr_get_data_size_used        229563  9.9    0.204    0.245    0.204    0.245
 dbcsr_mm_sched_init             114169 11.8    0.140    0.199    0.180    0.243
 dbcsr_get_local_rows            114169  8.8    0.212    0.242    0.212    0.242
 dbcsr_add_d                        931 10.0    0.001    0.001    0.222    0.233
 dbcsr_add_anytype                  931 11.0    0.128    0.143    0.221    0.232
 initialize_hartree_potential         1  3.0    0.000    0.001    0.227    0.228
 rt_bse_ri_rs_ensure_V_grid           1  4.0    0.000    0.001    0.227    0.228
 extract_masked_blocks              244 10.6    0.155    0.191    0.184    0.224
 calculate_dm_sparse                 41  7.0    0.001    0.001    0.212    0.220
 cp_dbcsr_plus_fm_fm_t               41  8.0    0.001    0.001    0.210    0.217
 transfer_pw2rs_100                  42 13.0    0.041    0.047    0.176    0.212
 parser_read_line                 21084  4.0    0.002    0.002    0.161    0.207
 parser_read_line_low                26  5.1    0.001    0.020    0.159    0.205
 broadcast_input_information         26  6.1    0.011    0.026    0.159    0.205
 hadamard_product                    91 10.7    0.135    0.168    0.164    0.198
 cp_fm_scale_and_add                935  9.9    0.182    0.198    0.182    0.198
 build_gram_jacobi_blas               6 10.0    0.088    0.098    0.182    0.198
 Fourier_transform_w_to_t            30  9.0    0.001    0.001    0.179    0.188
 compute_d_lp_dgemm                2798 11.0    0.142    0.181    0.142    0.181
 apply_delta_pulse_MO                 1  3.0    0.000    0.000    0.173    0.173
 propagate_density                    1  4.0    0.000    0.000    0.172    0.172
 bch_propagate                        1  5.0    0.000    0.000    0.172    0.172
 create_qs_kind_set                   1  2.0    0.000    0.000    0.157    0.172
 read_qs_kind                         2  3.0    0.024    0.034    0.157    0.172
 calculate_rho_core                   1  6.0    0.008    0.015    0.154    0.171
 rs_gather_matrices                  42 11.0    0.002    0.003    0.105    0.167
 cp_cfm_zscale                    22728  5.0    0.092    0.162    0.092    0.162
 gw_3c_ctx_create                     2 10.0    0.002    0.136    0.079    0.162
 get_ddapc                           42 11.0    0.001    0.001    0.149    0.162
 pw_poisson_set                      43  9.9    0.001    0.001    0.139    0.147
 initialize_rtbse_env                 1  3.0    0.141    0.141    0.147    0.147
 fft_wrap_pw1pw2_40                  84 11.5    0.003    0.003    0.121    0.146
 compute_V_xc                         1  8.0    0.000    0.000    0.136    0.141
 fft_wrap_pw1pw2_20                  84 11.5    0.001    0.001    0.108    0.137
 build_A_matrix                       1  9.0    0.102    0.136    0.102    0.136
 pw_copy_from_array                 414 13.3    0.117    0.131    0.117    0.131
 dbcsr_get_global_row_map        114169  8.8    0.091    0.120    0.091    0.120
 extract_grid_panel                 122 10.5    0.070    0.098    0.086    0.118
 scf_post_calculation_gpw             1  4.0    0.000    0.000    0.113    0.117
 cp_cfm_triangular_multiply           3  8.0    0.116    0.116    0.116    0.116
 get_ddapc-charges                   42 12.0    0.017    0.019    0.113    0.116
 dbcsr_binary_write                   1 10.0    0.107    0.114    0.108    0.114
 write_available_results              1  5.0    0.000    0.001    0.111    0.114
 write_mo_free_results                1  6.0    0.004    0.007    0.108    0.114
 initialize_moments                   1  3.0    0.003    0.005    0.113    0.113
 pw_copy_to_array                   334 12.8    0.093    0.108    0.093    0.108
 mp_bcast_am_src                     26  7.1    0.095    0.107    0.095    0.107
 pw_axpy                            415 10.3    0.099    0.107    0.099    0.107
 cp_fm_triangular_multiply            3 11.0    0.103    0.104    0.103    0.104
 fm_write                             1  9.0    0.000    0.003    0.081    0.102
 build_gram_jacobi_blas_dsyrk         6 11.0    0.094    0.100    0.094    0.100
 pw_grid_sort                         4  8.0    0.058    0.059    0.088    0.096
 compute_Z_lP_standard_dpotrf         6 10.0    0.091    0.096    0.091    0.096
 mp_alltoall_z11v                    84 14.5    0.083    0.090    0.083    0.090
 dbcsr_mm_sched_finalize         114169 13.8    0.062    0.090    0.062    0.090
 collect_used_col_blocks             92 10.7    0.002    0.002    0.066    0.089
 build_b_vector                      42 13.0    0.067    0.087    0.067    0.087
 dbcsr_get_global_col_map        114169  8.8    0.065    0.087    0.065    0.087
 mp_bcast_i_src                     104  7.1    0.040    0.082    0.040    0.082
 transfer_rs2pw_20                   42 10.0    0.029    0.032    0.074    0.082
 pw_grid_remap                        4  8.0    0.002    0.002    0.070    0.077
 dbcsr_mm_hostdrv_init           114169 12.8    0.040    0.076    0.040    0.076
 mp_sum_im3                           5  9.2    0.068    0.076    0.068    0.076
 transform_ao_to_mo_covariant_f       6  4.0    0.000    0.000    0.073    0.074
 cp_fm_gemm                           3  9.0    0.072    0.074    0.072    0.074
 mp_bcast_b_src                      87  8.6    0.022    0.071    0.022    0.071
 cp_cfm_cholesky_decompose            2  8.0    0.064    0.067    0.064    0.067
 xz_to_yz                            42 12.0    0.002    0.023    0.059    0.065
 qs_create_task_list                  1  6.0    0.003    0.007    0.057    0.062
 generate_qs_task_list                1  7.0    0.003    0.005    0.054    0.062
 read_gw_input_parameters             1  8.0    0.000    0.000    0.060    0.062
 pw_zero                            206 11.4    0.052    0.060    0.052    0.060
 distribute_tasks                     1  8.0    0.000    0.001    0.050    0.058
 topology_control                     1  2.0    0.007    0.010    0.052    0.058
 rs_scatter_matrices                 42  8.0    0.002    0.003    0.048    0.057
 coordinate_control                   1  3.0    0.001    0.002    0.032    0.057
 read_rirs_grid_opt                   1  9.0    0.055    0.057    0.055    0.057
 transfer_pw2rs_20                   42 13.0    0.019    0.021    0.052    0.057
 mixing_init                          1  6.0    0.054    0.056    0.056    0.057
 coordinate_control_READ_COORDI       1  4.0    0.001    0.003    0.031    0.056
 read_coordinate_xyz                  1  5.0    0.001    0.001    0.030    0.056
 ab_contract                     180712  9.0    0.045    0.049    0.045    0.049
 hirshfeld_integration                1  7.0    0.030    0.038    0.048    0.048
 calculate_hirshfeld_normalizat       1  7.0    0.031    0.039    0.047    0.048
 write_mo_set_to_restart             41  6.0    0.001    0.004    0.010    0.044
 mp_isend_dm3                       684 12.5    0.031    0.044    0.031    0.044
 write_mo_set_low                     3  7.0    0.000    0.000    0.009    0.043
 calculate_first_density_matrix       1  6.0    0.002    0.004    0.031    0.042
 create_local_tasks                   1  9.0    0.000    0.000    0.037    0.041
 mp_sum_im                            8  7.5    0.040    0.041    0.040    0.041
 mp_alltoall_l11v                     1 10.0    0.037    0.041    0.037    0.041
 build_core_hamiltonian_matrix        1  5.0    0.001    0.006    0.019    0.040
 cp_cfm_triangular_invert             1  8.0    0.038    0.038    0.038    0.038
 cp_fm_to_fm_matrix                 201 10.4    0.027    0.038    0.027    0.038
 sort_shells                          4  9.0    0.030    0.038    0.030    0.038
 rs_grid_zero                        87 13.8    0.035    0.037    0.035    0.037
 build_2c_coulomb_matrix_kp           1 10.0    0.000    0.000    0.033    0.036
 lattice_sum                          1 11.0    0.000    0.000    0.032    0.035
 cp_fm_triangular_invert              1 11.0    0.034    0.035    0.034    0.035
 mp_sum_i                           409  9.9    0.026    0.034    0.026    0.034
 build_grid_cache                     1  9.0    0.020    0.020    0.027    0.034
 check_positive_definite_overla       1  7.0    0.000    0.000    0.031    0.033
 cube_transpose_1                    42 15.0    0.001    0.025    0.004    0.032
 yz_to_xz                            42 15.0    0.002    0.006    0.028    0.031
 cp_fm_copy_general                   4  8.2    0.000    0.000    0.027    0.031
 mp_max_i                           619  1.8    0.019    0.028    0.019    0.028
 create_tensors                       1  8.0    0.000    0.000    0.028    0.028
 calculate_atomic_block_dm            1  7.0    0.016    0.019    0.025    0.027
 cube_transpose_2                    42 12.0    0.001    0.001    0.008    0.027
 compute_v_transl                     1 12.0    0.024    0.027    0.025    0.027
 mp_comm_split_direct                 8 13.6    0.016    0.026    0.016    0.026
 mp_bcast_iv_src                     26  7.1    0.013    0.025    0.013    0.025
 get_parameters_from_qs_env           1  7.0    0.000    0.000    0.013    0.023
 dbcsr_filter_anytype               203 10.0    0.004    0.006    0.018    0.022
 compute_Z_lP_standard_dpotrs         6 10.0    0.019    0.022    0.019    0.022
 mp_mem_avail_per_rank_GB             4  9.8    0.001    0.001    0.015    0.022
 mp_comm_split_type                   4 10.8    0.014    0.021    0.014    0.021
 create_3c_t                          2  9.0    0.001    0.003    0.019    0.020
 cp_fm_start_copy_general             4  9.2    0.010    0.011    0.016    0.019
 mp_maxloc_dv                      1519  1.0    0.019    0.019    0.019    0.019
 build_overlap_matrix_low             1  6.0    0.007    0.017    0.008    0.018
 fm_add_on_diag                      60 10.0    0.015    0.017    0.015    0.017
 self_consistency_check              41  6.0    0.000    0.000    0.013    0.017
 create_fm_W_MIC_time                 1  9.0    0.000    0.000    0.015    0.017
 dbt_distribution_new_expert         10 11.5    0.000    0.000    0.016    0.017
 create_product_matrix              334 10.6    0.003    0.004    0.012    0.017
 connectivity_control                 1  3.0    0.001    0.003    0.011    0.017
 get_current_loads                   12 10.0    0.000    0.000    0.011    0.016
 cp_sm_mix                           41  7.0    0.003    0.003    0.013    0.016
 dbcsr_dot                           83  9.0    0.005    0.005    0.012    0.016
 mp_max_d                           249  9.6    0.012    0.016    0.012    0.016
 cp_fm_redistribute_start            45  9.0    0.000    0.000    0.011    0.016
 pw_multiply_with                    42 10.0    0.015    0.016    0.015    0.016
 load_balance_distributed             2  9.0    0.000    0.001    0.011    0.016
 mulliken_population_analysis         1  7.0    0.000    0.000    0.008    0.016
 compute_load_list                    4 10.0    0.000    0.000    0.010    0.015
 pw_scale                           165 10.8    0.010    0.015    0.010    0.015
 read_rirs_grid_file                  2 10.0    0.008    0.015    0.008    0.015
 analyt_conti_and_print               1 10.0    0.002    0.008    0.008    0.015
 rs_grid_create_descriptor            4  6.0    0.000    0.000    0.008    0.014
 dbcsr_crop_matrix                   82 11.0    0.001    0.002    0.012    0.014
 dbt_tas_distribution_new            10 12.5    0.005    0.005    0.013    0.013
 mp_irecv_dm3                       684 12.5    0.006    0.013    0.006    0.013
 mp_rank_compare                    748 14.1    0.012    0.013    0.012    0.013
 cfm_ikp_from_fm_Gamma                3  7.3    0.011    0.013    0.011    0.013
 cp_fm_finish_copy_general            4  9.2    0.010    0.010    0.011    0.013
 print_matrix_occupation              3  9.0    0.000    0.000    0.007    0.012
 evaluate_core_matrix_traces         41  7.0    0.000    0.000    0.010    0.011
 mp_alltoall_l                       13 10.9    0.007    0.011    0.007    0.011
 calculate_ptrace_kp                 82  8.0    0.000    0.000    0.009    0.011
 build_local_moment_matrix            2  4.0    0.010    0.011    0.010    0.011
 pw_grid_assign                       4  8.0    0.008    0.010    0.010    0.011
 dbcsr_copy_submatrix                82 12.0    0.002    0.005    0.009    0.010
 dbt_pgrid_create_expert             13 11.9    0.001    0.003    0.008    0.010
 topology_generate_bond               1  4.0    0.000    0.000    0.007    0.010
 xc_pw_smooth                        41 11.0    0.000    0.000    0.007    0.010
 check_for_restart_files              1  8.0    0.009    0.010    0.009    0.010
 create_3c_tensor                     2 10.0    0.001    0.002    0.009    0.009
 check_gw_input                       1  9.0    0.000    0.000    0.005    0.009
 resolve_memory_per_proc              1 10.0    0.000    0.000    0.005    0.009
 mp_comm_size                     18128  4.5    0.008    0.009    0.008    0.009
 topology_generate_bond_3             1  5.0    0.002    0.006    0.006    0.009
 qs_scf_ensure_work_matrices          1  4.0    0.000    0.000    0.005    0.009
 atomic_basis_at_grid_point           1  8.0    0.001    0.001    0.008    0.009
 build_core_ppl                       1  6.0    0.004    0.009    0.004    0.009
 allocate_and_fill_fm_ks_fm_s         1  7.0    0.000    0.001    0.008    0.009
 create_2c_t                          1  9.0    0.000    0.000    0.008    0.008
 dbt_tas_create_split                 6 13.2    0.000    0.001    0.008    0.008
 dbt_tas_create_split_rows_or_c       6 14.2    0.000    0.000    0.008    0.008
 classify_z_lp_atoms                  1 10.0    0.002    0.002    0.005    0.008
 create_2c_tensor                     3 10.0    0.000    0.000    0.008    0.008
 get_fft_scratch                    749 14.1    0.005    0.008    0.005    0.008
 mp_comm_rank                     18128  4.5    0.006    0.008    0.006    0.008
 dbcsr_make_images_dense             82 11.0    0.000    0.000    0.007    0.008
 atom_int_setup                       2  8.0    0.005    0.006    0.005    0.007
 dbcsr_make_dense_low                82 12.0    0.000    0.001    0.006    0.007
 mpools_rebuild_fm_pools              1  4.0    0.002    0.006    0.004    0.007
 build_fist_neighbor_lists            1  6.0    0.002    0.003    0.004    0.007
 restraint_control                    1  3.0    0.001    0.003    0.005    0.007
 mp_bcast_av                        760  1.0    0.005    0.007    0.005    0.007
 qs_scf_post_charges                  1  5.0    0.002    0.006    0.002    0.006
 make_dense_data                     82 13.0    0.003    0.005    0.005    0.006
 pw_grid_distribute                   4  8.0    0.002    0.003    0.006    0.006
 populate_C_active                    1  3.0    0.000    0.000    0.003    0.006
 cp_fm_to_fm_submat_general           1  4.0    0.003    0.006    0.003    0.006
 mp_allgather_l                      13 10.9    0.005    0.006    0.005    0.006
 topology_connectivity_pack           1  3.0    0.000    0.000    0.002    0.005
 calculate_ecore_overlap              1  5.0    0.000    0.000    0.003    0.005
 lattice_sum_R_to_k                   8 12.0    0.004    0.005    0.004    0.005
 connectivity_control_check_ele       1  4.0    0.003    0.005    0.003    0.005
 scf_c_read_parameters                1  3.0    0.003    0.005    0.003    0.005
 build_kinetic_matrix_low             1  6.0    0.002    0.005    0.002    0.005
 build_core_ppnl                      1  6.0    0.003    0.005    0.003    0.005
 cp_fm_set_all                       24  5.3    0.004    0.005    0.004    0.005
 mp_min_d                             5 10.0    0.002    0.005    0.002    0.005
 fill_phi_for_atom                    5  9.0    0.000    0.000    0.004    0.005
 write_mo_dependent_results           1  6.0    0.002    0.005    0.002    0.005
 topology_connectivity_pack_5         1  4.0    0.001    0.005    0.001    0.005
 pw_pool_create_pw                 1303 10.8    0.003    0.003    0.004    0.005
 allocate_matrices                    1  9.0    0.001    0.004    0.002    0.005
 mp_sum_lv                          138  2.2    0.004    0.005    0.004    0.005
 build_neighbor_lists                 1  7.0    0.002    0.004    0.002    0.004
 mp_isendrecv_dv                   5292 14.0    0.003    0.004    0.003    0.004
 build_qs_neighbor_lists              1  5.0    0.001    0.003    0.002    0.004
 dbt_create_new                       5 11.0    0.000    0.000    0.004    0.004
 mp_allgather_i                      10 10.4    0.002    0.004    0.002    0.004
 store_Z_lP_columns                   6 10.0    0.002    0.004    0.002    0.004
 reserve_blocks_within_radius         1  5.0    0.003    0.004    0.003    0.004
 distribute_molecules_1d              2  7.0    0.002    0.004    0.002    0.004
 distribute_molecules_2d              2  7.5    0.001    0.004    0.001    0.004
 fft3d_s                              1  2.0    0.000    0.001    0.002    0.004
 scf_c_create                         1  3.0    0.002    0.004    0.002    0.004
 mp_bcast_i                           6 15.2    0.004    0.004    0.004    0.004
 distribution_3d_create               1 10.0    0.000    0.000    0.003    0.003
 ddapc_eval_gfunc                     1  8.0    0.002    0.003    0.002    0.003
 ps_implicit_release                  2  4.0    0.001    0.003    0.001    0.003
 print_ri_rs_memory_estimate          1  8.0    0.002    0.002    0.003    0.003
 grid_free_task_list                  1  2.0    0.002    0.003    0.002    0.003
 topology_generate_bond_2             1  5.0    0.001    0.003    0.001    0.003
 continuation_pade                   53 11.0    0.000    0.000    0.001    0.003
 cp_dbcsr_alloc_block_from_nbl       14  7.1    0.000    0.000    0.002    0.003
 mp_sum_b                           186 10.8    0.003    0.003    0.003    0.003
 init_interaction_radii               3  7.3    0.001    0.003    0.001    0.003
 get_sigma_c_newton_pade             53 12.0    0.001    0.003    0.001    0.003
 grid_create_task_list                1  8.0    0.001    0.003    0.001    0.003
 distribution_2d_create               2 11.0    0.002    0.002    0.002    0.002
 allocate_blocks_v_L                  2 12.0    0.001    0.002    0.001    0.002
 pw_poisson_rebuild                  42 10.0    0.002    0.002    0.002    0.002
 cp_cfm_norm                          7  5.7    0.001    0.002    0.001    0.002
 external_control                    41  6.0    0.000    0.000    0.002    0.002
 write_dft_control                    1  3.0    0.000    0.002    0.000    0.002
 calculate_atom                       2  8.0    0.000    0.000    0.001    0.002
 calculate_atom_restricted            2  9.0    0.001    0.001    0.001    0.002
 allocate_blocks_v_kp                 1 12.0    0.001    0.002    0.001    0.002
 initialize_singleparticle_hami       1  3.0    0.000    0.000    0.001    0.002
 pw_pool_give_back_pw              1461 10.8    0.001    0.002    0.001    0.002
 mp_bcast_iv                        149  2.9    0.001    0.002    0.001    0.002
 qs_env_rebuild_rho                   1  6.0    0.000    0.002    0.000    0.002
 mp_comm_dup                         10 11.9    0.001    0.002    0.001    0.002
 init_cube_info                       4  6.0    0.001    0.002    0.001    0.002
 write_particle_distances             1  3.0    0.002    0.002    0.002    0.002
 pw_create_c1d                      757 11.6    0.001    0.002    0.001    0.002
 contract2                           15  9.0    0.000    0.001    0.000    0.001
 mp_cart_get                        791 14.1    0.001    0.001    0.001    0.001
 time_to_freq                         1 10.0    0.001    0.001    0.001    0.001
 init_harris_env                      1  3.0    0.000    0.001    0.000    0.001
 compute_max_radius                   1  6.0    0.001    0.001    0.001    0.001
 qs_scf_post_kubo_transport           1  7.0    0.000    0.001    0.000    0.001
 write_qs_kind_set                    1  3.0    0.000    0.001    0.000    0.001
 qs_scf_write_mos                    42  6.0    0.001    0.001    0.001    0.001
 dbcsr_copy_into_existing             1  7.0    0.001    0.001    0.001    0.001
 get_n_ao_in_sphere                 592 10.0    0.001    0.001    0.001    0.001
 dbcsr_index_compact                152 11.4    0.001    0.001    0.001    0.001
 setup_kpoints_DOS_large_cell_G       1  7.0    0.000    0.001    0.001    0.001
 kpoint_init_cell_index_simple        1  8.0    0.000    0.000    0.000    0.001
 kpoint_init_cell_index               1  9.0    0.000    0.000    0.000    0.001
 create_mat_munu                      1 10.0    0.000    0.000    0.001    0.001
 dbcsr_frobenius_norm                 1  5.0    0.001    0.001    0.001    0.001
 wfi_create                           1  3.0    0.000    0.001    0.000    0.001
 get_rpa_minimax_coeff_larger_g       1 10.0    0.000    0.001    0.000    0.001
 mp_max_iv                            1 10.0    0.000    0.001    0.000    0.001
 allocate_tmp                         1 11.0    0.000    0.000    0.001    0.001
 compute_xkp                          3  9.3    0.000    0.001    0.000    0.001
 set_blocks_to_matrix_v_kp            1 12.0    0.001    0.001    0.001    0.001
 optimize_load_list                   2 10.0    0.000    0.000    0.001    0.001
 read_smeagol_control                 1  3.0    0.000    0.001    0.000    0.001
 calculate_atom_vxc_lda              11 10.0    0.001    0.001    0.001    0.001
 atom2d_build                         8  9.0    0.000    0.001    0.000    0.001
 cp_fm_to_fm_columns                  3  7.0    0.001    0.001    0.001    0.001
 scf_c_write_parameters               1  3.0    0.000    0.001    0.000    0.001
 mp_alltoall_i                        1 13.0    0.001    0.001    0.001    0.001
 mp_sum_partial_im                    2 11.0    0.000    0.001    0.000    0.001
 multi_fft                            1  4.0    0.001    0.001    0.001    0.001
 qs_scf_ensure_mos                    1  4.0    0.000    0.000    0.000    0.001
 set_parallelization_parameters       1  9.0    0.000    0.000    0.000    0.001
 pw_create_r3d                      751 11.7    0.000    0.001    0.000    0.001
 build_3c_neighbor_lists              1 10.0    0.000    0.000    0.000    0.001
 set_RI_basis_function_indices        1  9.0    0.000    0.001    0.000    0.001
 write_qs_particle_coordinates        1  3.0    0.000    0.001    0.000    0.001
 topology_connectivity_pack_4         1  4.0    0.000    0.000    0.000    0.000
 build_neighbor_lists_RPA_2c_nl       4  8.2    0.000    0.000    0.000    0.000
 qs_scf_loop_print                   41  6.0    0.000    0.000    0.000    0.000
 build_neighbor_lists_sap_ppnl        1  6.0    0.000    0.000    0.000    0.000
 print_Z_lP_progress                  7 10.0    0.000    0.000    0.000    0.000
 write_orbpop                         1  8.0    0.000    0.000    0.000    0.000
 bs_env_release                       1  2.0    0.000    0.000    0.000    0.000
 dbcsr_make_dists_dense              41 10.0    0.000    0.000    0.000    0.000
 cp_cfm_to_cfm_columns                1  8.0    0.000    0.000    0.000    0.000
 mp_bcast_i3                          2 11.0    0.000    0.000    0.000    0.000
 dbt_tas_create_new                   5 12.0    0.000    0.000    0.000    0.000
 mixing_allocate                      1  4.0    0.000    0.000    0.000    0.000
 de_init_bs_env                       1  8.0    0.000    0.000    0.000    0.000
 dbcsr_index_prune_deleted          103 12.1    0.000    0.000    0.000    0.000
 init_scf_loop                        1  5.0    0.000    0.000    0.000    0.000
 build_neighbor_lists_sac_ppl         1  6.0    0.000    0.000    0.000    0.000
 delete_unnecessary_files             1  9.0    0.000    0.000    0.000    0.000
 qs_efield_local_operator            42  9.0    0.000    0.000    0.000    0.000
 set_mo_occupation_2                 41  7.0    0.000    0.000    0.000    0.000
 build_neighbor_lists_GW_3c_nl_       1 11.0    0.000    0.000    0.000    0.000
 deallocate_blocks_v_L                2 12.0    0.000    0.000    0.000    0.000
 correct_obvious_fitting_fails        1 11.0    0.000    0.000    0.000    0.000
 safe_delete                         60 10.0    0.000    0.000    0.000    0.000
 dbt_destroy                          5  3.0    0.000    0.000    0.000    0.000
 rs_grid_create                       6  6.7    0.000    0.000    0.000    0.000
 build_neighbor_lists_GW_3c_nl_       1 11.0    0.000    0.000    0.000    0.000
 load_balance_replicated              1  9.0    0.000    0.000    0.000    0.000
 topology_generate_bond_4             1  5.0    0.000    0.000    0.000    0.000
 offload_create_buffer                8  7.8    0.000    0.000    0.000    0.000
 mp_max_r                             1  2.0    0.000    0.000    0.000    0.000
 set_mo_occupation_1                 42  8.0    0.000    0.000    0.000    0.000
 qs_rho_rebuild                       1  7.0    0.000    0.000    0.000    0.000
 deallocate_blocks_v_kp               1 12.0    0.000    0.000    0.000    0.000
 wfs_update                           1  4.0    0.000    0.000    0.000    0.000
 dbcsr_verify_matrix                 41  9.0    0.000    0.000    0.000    0.000
 build_neighbor_lists_sab_core        1  6.0    0.000    0.000    0.000    0.000
 scale_rows_by_diag                  12 10.0    0.000    0.000    0.000    0.000
 pw_grid_allocate                     4  8.0    0.000    0.000    0.000    0.000
 cp_fm_redistribute_end              45  9.0    0.000    0.000    0.000    0.000
 build_neighbor_lists_sab_orb_s       1 11.0    0.000    0.000    0.000    0.000
 distribution_3d_destroy              1  9.0    0.000    0.000    0.000    0.000
 mp_mem_used_per_rank_GB              2  9.5    0.000    0.000    0.000    0.000
 init_qs_kind_set                     1  3.0    0.000    0.000    0.000    0.000
 init_qs_kind                         2  4.0    0.000    0.000    0.000    0.000
 build_neighbor_lists_sab_orb         1  6.0    0.000    0.000    0.000    0.000
 mp_bcast_av_src                      1  7.0    0.000    0.000    0.000    0.000
 mp_sum_root_iv                       2 11.0    0.000    0.000    0.000    0.000
 cp_ddapc_apply_RF                   42 10.0    0.000    0.000    0.000    0.000
 init_orb_basis_set                   4  5.0    0.000    0.000    0.000    0.000
 build_neighbor_lists_sab_all         1  6.0    0.000    0.000    0.000    0.000
 get_all_VBM_CBM_bandgaps             1 10.0    0.000    0.000    0.000    0.000
 dbt_distribution_destroy            10 11.5    0.000    0.000    0.000    0.000
 get_exp_minimax_coeff_gw             1 10.0    0.000    0.000    0.000    0.000
 check_for_derivatives               41 11.0    0.000    0.000    0.000    0.000
 mp_bcast_im                          8 10.2    0.000    0.000    0.000    0.000
 write_band_edges                     3  7.0    0.000    0.000    0.000    0.000
 initialize_maximum_timestep          1  3.0    0.000    0.000    0.000    0.000
 kpoint_initialize                    1  2.0    0.000    0.000    0.000    0.000
 print_atomic_charges                42 13.0    0.000    0.000    0.000    0.000
 check_diag                          45  8.0    0.000    0.000    0.000    0.000
 check_generate_mol                   1  6.0    0.000    0.000    0.000    0.000
 qs_ks_did_change                    43  6.0    0.000    0.000    0.000    0.000
 qs_scf_print_scf_summary             1  6.0    0.000    0.000    0.000    0.000
 topology_molecules_check             1  4.0    0.000    0.000    0.000    0.000
 print_header_and_input_paramet       1  8.0    0.000    0.000    0.000    0.000
 resolve_grid_panels                  4  9.2    0.000    0.000    0.000    0.000
 mp_min_lv                            4  8.0    0.000    0.000    0.000    0.000
 topology_generate_bond_1             1  5.0    0.000    0.000    0.000    0.000
 mp_cart_coords                     320  9.8    0.000    0.000    0.000    0.000
 init_cphi_and_sphi                   4  6.0    0.000    0.000    0.000    0.000
 lpt_assign_atoms                     1 10.0    0.000    0.000    0.000    0.000
 mp_max_lv                            4  8.0    0.000    0.000    0.000    0.000
 get_basis_offsets                    1  9.0    0.000    0.000    0.000    0.000
 cp_fm_scale                          2  6.5    0.000    0.000    0.000    0.000
 check_scf_gw_level_ordering          1 11.0    0.000    0.000    0.000    0.000
 atom_ppint_setup                     2  8.0    0.000    0.000    0.000    0.000
 topology_coordinate_pack             1  3.0    0.000    0.000    0.000    0.000
 qs_scf_initial_info                  1  5.0    0.000    0.000    0.000    0.000
 initialize_density_matrix            1  3.0    0.000    0.000    0.000    0.000
 get_VBM_CBM_bandgaps                 3 11.0    0.000    0.000    0.000    0.000
 cp_result_value_p_reallocate         4  7.8    0.000    0.000    0.000    0.000
 deallocate_tmp                       1 11.0    0.000    0.000    0.000    0.000
 mp_min_i                             4  6.0    0.000    0.000    0.000    0.000
 qs_efield_berry_phase               42  9.0    0.000    0.000    0.000    0.000
 topology_set_atm_mass                1  4.0    0.000    0.000    0.000    0.000
 create_destination_list              2 10.0    0.000    0.000    0.000    0.000
 create_grid_atom                     2  8.0    0.000    0.000    0.000    0.000
 mp_sum_lm3                           1  2.0    0.000    0.000    0.000    0.000
 make_basic_distribution              2  8.5    0.000    0.000    0.000    0.000
 scf_env_cleanup                      1  4.0    0.000    0.000    0.000    0.000
 spatial_atom_order                   1  9.0    0.000    0.000    0.000    0.000
 balance_global_list                  2 11.0    0.000    0.000    0.000    0.000
 topology_generate_molecule           1  4.0    0.000    0.000    0.000    0.000
 topology_generate_onfo               1  4.0    0.000    0.000    0.000    0.000
 cp_fm_cleanup_copy_general           4  9.2    0.000    0.000    0.000    0.000
 reallocate_ft_traces                 1  4.0    0.000    0.000    0.000    0.000
 cp_result_value_copy                 6  8.5    0.000    0.000    0.000    0.000
 topology_connectivity_pack_2         1  4.0    0.000    0.000    0.000    0.000
 mp_cart_rank                        72 13.0    0.000    0.000    0.000    0.000
 write_qs_control                     1  3.0    0.000    0.000    0.000    0.000
 setup_AO_and_RI_basis_set            1  8.0    0.000    0.000    0.000    0.000
 topology_constraint_pack             1  3.0    0.000    0.000    0.000    0.000
 read_qs_section                      1  3.0    0.000    0.000    0.000    0.000
 fix_atom_control                     1  3.0    0.000    0.000    0.000    0.000
 topology_connectivity_pack_14        1  4.0    0.000    0.000    0.000    0.000
 precompute_ri_rs_radii               1  8.0    0.000    0.000    0.000    0.000
 mp_dims_create                       4 10.5    0.000    0.000    0.000    0.000
 topology_coordinate_pack_11          1  4.0    0.000    0.000    0.000    0.000
 print_gw_rirs_input                  1  9.0    0.000    0.000    0.000    0.000
 xc_libxc_check_functional            2  4.0    0.000    0.000    0.000    0.000
 topology_generate_bond_6             1  5.0    0.000    0.000    0.000    0.000
 read_tddfpt2_control                 1  3.0    0.000    0.000    0.000    0.000
 read_bandstructure_input_param       1  7.0    0.000    0.000    0.000    0.000
 mp_sum_r                             1  2.0    0.000    0.000    0.000    0.000
 topology_connectivity_pack_12        1  4.0    0.000    0.000    0.000    0.000
 topology_connectivity_pack_13        1  4.0    0.000    0.000    0.000    0.000
 topology_connectivity_pack_10        1  4.0    0.000    0.000    0.000    0.000
 topology_connectivity_pack_11        1  4.0    0.000    0.000    0.000    0.000
 mp_min_rv                            1  2.0    0.000    0.000    0.000    0.000
 scf_env_release                      1  2.0    0.000    0.000    0.000    0.000
 topology_connectivity_pack_9         1  4.0    0.000    0.000    0.000    0.000
 determine_active_mo_window           1  3.0    0.000    0.000    0.000    0.000
 topology_connectivity_pack_7         1  4.0    0.000    0.000    0.000    0.000
 write_dm_binary_restart              1  7.0    0.000    0.000    0.000    0.000
 mp_sum_rv                            1  2.0    0.000    0.000    0.000    0.000
 check_cp2k_input                     1  2.0    0.000    0.000    0.000    0.000
 offload_free_buffer                  8  3.5    0.000    0.000    0.000    0.000
 write_molecule_kind_set              1  3.0    0.000    0.000    0.000    0.000
 resp_fit                             1  6.0    0.000    0.000    0.000    0.000
 wfi_extrapolate                      1  6.0    0.000    0.000    0.000    0.000
 topology_constraint_pack_6           1  4.0    0.000    0.000    0.000    0.000
 mp_max_rv                            1  2.0    0.000    0.000    0.000    0.000
 diag                                 5  9.0    0.000    0.000    0.000    0.000
 calculate_ecore_self                 1  5.0    0.000    0.000    0.000    0.000
 init_ec_env                          1  2.0    0.000    0.000    0.000    0.000
 create_local_fixd_list               1  4.0    0.000    0.000    0.000    0.000
 topology_constraint_pack_1           1  4.0    0.000    0.000    0.000    0.000
 contract2add                        10  9.0    0.000    0.000    0.000    0.000
 sort_neighbor_lists                  1  7.0    0.000    0.000    0.000    0.000
 dump_info_core_hamiltonian           1  6.0    0.000    0.000    0.000    0.000
 topology_connectivity_pack_6         1  4.0    0.000    0.000    0.000    0.000
 read_topology_section                1  3.0    0.000    0.000    0.000    0.000
 topology_constraint_pack_7           1  4.0    0.000    0.000    0.000    0.000
 topology_coordinate_pack_1           1  4.0    0.000    0.000    0.000    0.000
 fist_neighbor_init                   1  8.0    0.000    0.000    0.000    0.000
 external_c_potential                 1  5.0    0.000    0.000    0.000    0.000
 init_evGW0                           1  9.0    0.000    0.000    0.000    0.000
 read_binary_coordinates              1  3.0    0.000    0.000    0.000    0.000
 print_sphere_cutoff_table            1 10.0    0.000    0.000    0.000    0.000
 qs_scf_post_transport                1  7.0    0.000    0.000    0.000    0.000
 allocate_GW_eigenvalues              1  8.0    0.000    0.000    0.000    0.000
 topology_generate_impr               1  4.0    0.000    0.000    0.000    0.000
 cp_result_release                    1  2.0    0.000    0.000    0.000    0.000
 sg_erf                               5  9.0    0.000    0.000    0.000    0.000
 scf_env_create                       1  4.0    0.000    0.000    0.000    0.000
 topology_generate_molecule_PAR       1  5.0    0.000    0.000    0.000    0.000
 linres_calculation_low               1  5.0    0.000    0.000    0.000    0.000
 cp_result_value_release             10  6.3    0.000    0.000    0.000    0.000
 qs_scf_post_elf                      1  5.0    0.000    0.000    0.000    0.000
 qs_scf_post_ps_implicit              1  7.0    0.000    0.000    0.000    0.000
 grid_create_basis_set                2  8.0    0.000    0.000    0.000    0.000
 print_header                         1  7.0    0.000    0.000    0.000    0.000
 metadyn_read                         1  2.0    0.000    0.000    0.000    0.000
 write_p_matrix_csr                   1  7.0    0.000    0.000    0.000    0.000
 grid_free_basis_set                  2  2.0    0.000    0.000    0.000    0.000
 setup_kpoints_chi_eps_W              1  9.0    0.000    0.000    0.000    0.000
 ec_env_release                       1  2.0    0.000    0.000    0.000    0.000
 read_mgrid_section                   1  3.0    0.000    0.000    0.000    0.000
 set_heuristic_parameters             2  7.5    0.000    0.000    0.000    0.000
 read_rirs_input                      1  9.0    0.000    0.000    0.000    0.000
 write_symmetry                       1  3.0    0.000    0.000    0.000    0.000
 wfn_mix                              1  5.0    0.000    0.000    0.000    0.000
 atom2d_cleanup                       8  9.0    0.000    0.000    0.000    0.000
 get_factor_and_xyz_min_max           1 12.0    0.000    0.000    0.000    0.000
 topology_connectivity_pack_3         1  4.0    0.000    0.000    0.000    0.000
 mp_isend_im2                         8 10.2    0.000    0.000    0.000    0.000
 transport_current                    1  8.0    0.000    0.000    0.000    0.000
 read_evgw0_input                     1  9.0    0.000    0.000    0.000    0.000
 topology_connectivity_pack_1         1  4.0    0.000    0.000    0.000    0.000
 topology_coordinate_pack_7a          1  4.0    0.000    0.000    0.000    0.000
 cp_result_value_create              10  8.6    0.000    0.000    0.000    0.000
 get_i_j_atoms                        2 10.0    0.000    0.000    0.000    0.000
 write_ks_matrix_csr                  1  7.0    0.000    0.000    0.000    0.000
 write_structure_data                 1  3.0    0.000    0.000    0.000    0.000
 topology_coordinate_pack_5           1  4.0    0.000    0.000    0.000    0.000
 topology_connectivity_pack_13_       1  4.0    0.000    0.000    0.000    0.000
 plan_grid_panels                     1 10.0    0.000    0.000    0.000    0.000
 topology_coordinate_pack_3           1  4.0    0.000    0.000    0.000    0.000
 cp_result_value_init                 4  7.8    0.000    0.000    0.000    0.000
 print_cutoff_radius_input            4 10.0    0.000    0.000    0.000    0.000
 topology_constraint_pack_2           1  4.0    0.000    0.000    0.000    0.000
 write_s_matrix_csr                   1  7.0    0.000    0.000    0.000    0.000
 rt_bse_ri_rs_ensure_grid             2  5.0    0.000    0.000    0.000    0.000
 write_gto_basis_sets                 1  3.0    0.000    0.000    0.000    0.000
 allocate_qs_energy                   1  3.0    0.000    0.000    0.000    0.000
 qs_scf_post_moments                  1  5.0    0.000    0.000    0.000    0.000
 qs_scf_post_xray                     1  5.0    0.000    0.000    0.000    0.000
 write_adjacency_matrix               1  7.0    0.000    0.000    0.000    0.000
 atom_relint_setup                    2  8.0    0.000    0.000    0.000    0.000
 qs_scf_post_local_energy             1  7.0    0.000    0.000    0.000    0.000
 topology_constraint_pack_3           1  4.0    0.000    0.000    0.000    0.000
 mp_irecv_im2                         8 10.2    0.000    0.000    0.000    0.000
 write_hcore_matrix_csr               1  7.0    0.000    0.000    0.000    0.000
 qs_scf_post_epr                      1  5.0    0.000    0.000    0.000    0.000
 qs_scf_post_molopt                   1  5.0    0.000    0.000    0.000    0.000
 qs_scf_post_efg                      1  5.0    0.000    0.000    0.000    0.000
 topology_connectivity_pack_14_       1  4.0    0.000    0.000    0.000    0.000
 qs_scf_post_local_stress             1  7.0    0.000    0.000    0.000    0.000
 topology_muc                         1  4.0    0.000    0.000    0.000    0.000
 add_external_potential               1  3.0    0.000    0.000    0.000    0.000
 topology_coordinate_pack_6           1  4.0    0.000    0.000    0.000    0.000
 square_mesh                          2 11.0    0.000    0.000    0.000    0.000
 topology_connectivity_pack_8         1  4.0    0.000    0.000    0.000    0.000
 write_mos_molden                     1  7.0    0.000    0.000    0.000    0.000
 topology_coordinate_pack_89          1  4.0    0.000    0.000    0.000    0.000
 qs_scf_post_et                       1  5.0    0.000    0.000    0.000    0.000
 read_auto_ri_input                   1  9.0    0.000    0.000    0.000    0.000
 tddfpt2_control_create               2  3.0    0.000    0.000    0.000    0.000
 handle_ext_restart                   1  3.0    0.000    0.000    0.000    0.000
 fp_env_write                         1  2.0    0.000    0.000    0.000    0.000
 topology_generate_bend               1  4.0    0.000    0.000    0.000    0.000
 auto_ri_release                      1  3.0    0.000    0.000    0.000    0.000
 excited_state_energy                 1  4.0    0.000    0.000    0.000    0.000
 tddfpt2_control_release              2  2.0    0.000    0.000    0.000    0.000
 topology_coordinate_pack_4           1  4.0    0.000    0.000    0.000    0.000
 topology_coordinate_pack_7b          1  4.0    0.000    0.000    0.000    0.000
 topology_connectivity_pack_11_       1  4.0    0.000    0.000    0.000    0.000
 wannier90_interface                  1  5.0    0.000    0.000    0.000    0.000
 compute_matrix_w                     1  4.0    0.000    0.000    0.000    0.000
 calculate_ecore_efield               1  5.0    0.000    0.000    0.000    0.000
 topology_connectivity_pack_1.1       1  4.0    0.000    0.000    0.000    0.000
 reset_and_clean_bs_env               1  9.0    0.000    0.000    0.000    0.000
 rescale_forces                       1  3.0    0.000    0.000    0.000    0.000
 fp_env_read                          1  2.0    0.000    0.000    0.000    0.000
 external_read_density                1  5.0    0.000    0.000    0.000    0.000
 smeagol_control_release              1  2.0    0.000    0.000    0.000    0.000
 external_e_potential                 1  5.0    0.000    0.000    0.000    0.000
 check_qs_kind_set                    1  3.0    0.000    0.000    0.000    0.000
 topology_generate_bond_7             1  5.0    0.000    0.000    0.000    0.000
 smeagol_control_create               1  3.0    0.000    0.000    0.000    0.000
 topology_connectivity_pack_12_       1  4.0    0.000    0.000    0.000    0.000
 pw_env_create                        1  5.0    0.000    0.000    0.000    0.000
 topology_coordinate_pack_2           1  4.0    0.000    0.000    0.000    0.000
 topology_generate_ub                 1  4.0    0.000    0.000    0.000    0.000
 topology_generate_dihe               1  4.0    0.000    0.000    0.000    0.000
 topology_constraint_pack_5           1  4.0    0.000    0.000    0.000    0.000
 cp_result_create                     1  2.0    0.000    0.000    0.000    0.000
 topology_coordinate_pack_10          1  4.0    0.000    0.000    0.000    0.000
 topology_constraint_pack_4           1  4.0    0.000    0.000    0.000    0.000
 cleanup_scf_loop                     1  6.0    0.000    0.000    0.000    0.000
 -------------------------------------------------------------------------------

 The number of warnings for this run is : 2
 
 -------------------------------------------------------------------------------
  **** **** ******  **  PROGRAM ENDED AT                 2026-09-30 15:47:39.286
 ***** ** ***  *** **   PROGRAM RAN ON                                    cn1330
 **    ****   ******    PROGRAM RAN BY                                  metdyn07
 ***** **    ** ** **   PROGRAM PROCESS ID                               2748510
  **** **  *******  **  PROGRAM STOPPED IN /scratch/hpc-prf-metdyn/metdyn07_Rita
                                           j/project-max-rtbse/g0w0_rtbse_compar
                                           ison_tuned/16/conv_new_30_09/grid_10
