#      omega [at.u.] x,real,pade [at.u.] x,imag,pade [at.u.] y,real,pade [at.u.] y,imag,pade [at.u.] z,real,pade [at.u.] z,imag,pade [at.u.]
     0.00000000E+000    -0.12619068E-002     0.24437636E-016     0.14208471E+002    -0.10393088E-015    -0.31026969E-003    -0.27633813E-018
     0.36749325E-003    -0.12619047E-002     0.63428743E-007     0.14208754E+002     0.29229347E-002    -0.31026018E-003     0.98766702E-007
     0.73498651E-003    -0.12618984E-002     0.12685417E-006     0.14209602E+002     0.58467884E-002    -0.31023165E-003     0.19759266E-006
     0.11024798E-002    -0.12618878E-002     0.19027406E-006     0.14211016E+002     0.87724812E-002    -0.31018409E-003     0.29653720E-006
     0.14699730E-002    -0.12618731E-002     0.25368724E-006     0.14212996E+002     0.11700935E-001    -0.31011745E-003     0.39565978E-006
     0.18374663E-002    -0.12618541E-002     0.31709296E-006     0.14215544E+002     0.14633072E-001    -0.31003171E-003     0.49502006E-006
     0.22049595E-002    -0.12618308E-002     0.38049026E-006     0.14218659E+002     0.17569822E-001    -0.30992680E-003     0.59467799E-006
     0.25724528E-002    -0.12618034E-002     0.44387770E-006     0.14222343E+002     0.20512115E-001    -0.30980267E-003     0.69469382E-006
     0.29399460E-002    -0.12617717E-002     0.50725315E-006     0.14226597E+002     0.23460888E-001    -0.30965922E-003     0.79512823E-006
     0.33074393E-002    -0.12617358E-002     0.57061387E-006     0.14231422E+002     0.26417082E-001    -0.30949638E-003     0.89604237E-006
     0.36749325E-002    -0.12616957E-002     0.63395668E-006     0.14236820E+002     0.29381648E-001    -0.30931404E-003     0.99749795E-006
     0.40424258E-002    -0.12616513E-002     0.69727818E-006     0.14242793E+002     0.32355540E-001    -0.30911208E-003     0.10995573E-005
     0.44099190E-002    -0.12616028E-002     0.76057494E-006     0.14249343E+002     0.35339723E-001    -0.30889037E-003     0.12022833E-005
     0.47774123E-002    -0.12615500E-002     0.82384356E-006     0.14256471E+002     0.38335173E-001    -0.30864878E-003     0.13057399E-005
     0.51449056E-002    -0.12614931E-002     0.88708052E-006     0.14264180E+002     0.41342872E-001    -0.30838715E-003     0.14099916E-005
     0.55123988E-002    -0.12614319E-002     0.95028172E-006     0.14272473E+002     0.44363817E-001    -0.30810532E-003     0.15151040E-005
     0.58798921E-002    -0.12613665E-002     0.10134424E-005     0.14281352E+002     0.47399014E-001    -0.30780310E-003     0.16211436E-005
     0.62473853E-002    -0.12612970E-002     0.10765572E-005     0.14290820E+002     0.50449485E-001    -0.30748031E-003     0.17281779E-005
     0.66148786E-002    -0.12612232E-002     0.11396199E-005     0.14300881E+002     0.53516264E-001    -0.30713673E-003     0.18362759E-005
     0.69823718E-002    -0.12611453E-002     0.12026236E-005     0.14311538E+002     0.56600401E-001    -0.30677214E-003     0.19455074E-005
     0.73498651E-002    -0.12610632E-002     0.12655601E-005     0.14322794E+002     0.59702962E-001    -0.30638631E-003     0.20559439E-005
     0.77173583E-002    -0.12609770E-002     0.13284207E-005     0.14334652E+002     0.62825029E-001    -0.30597899E-003     0.21676582E-005
     0.80848516E-002    -0.12608866E-002     0.13911958E-005     0.14347118E+002     0.65967705E-001    -0.30554992E-003     0.22807245E-005
     0.84523448E-002    -0.12607921E-002     0.14538750E-005     0.14360195E+002     0.69132109E-001    -0.30509881E-003     0.23952189E-005
     0.88198381E-002    -0.12606935E-002     0.15164474E-005     0.14373888E+002     0.72319384E-001    -0.30462537E-003     0.25112189E-005
     0.91873314E-002    -0.12605908E-002     0.15789012E-005     0.14388201E+002     0.75530694E-001    -0.30412929E-003     0.26288040E-005
     0.95548246E-002    -0.12604840E-002     0.16412239E-005     0.14403139E+002     0.78767224E-001    -0.30361024E-003     0.27480558E-005
     0.99223179E-002    -0.12603731E-002     0.17034016E-005     0.14418707E+002     0.82030186E-001    -0.30306789E-003     0.28690575E-005
     0.10289811E-001    -0.12602583E-002     0.17654186E-005     0.14434911E+002     0.85320816E-001    -0.30250186E-003     0.29918950E-005
     0.10657304E-001    -0.12601394E-002     0.18272579E-005     0.14451756E+002     0.88640380E-001    -0.30191178E-003     0.31166560E-005
     0.11024798E-001    -0.12600166E-002     0.18889008E-005     0.14469248E+002     0.91990169E-001    -0.30129726E-003     0.32434310E-005
     0.11392291E-001    -0.12598898E-002     0.19503271E-005     0.14487394E+002     0.95371507E-001    -0.30065789E-003     0.33723128E-005
     0.11759784E-001    -0.12597592E-002     0.20115151E-005     0.14506199E+002     0.98785749E-001    -0.29999322E-003     0.35033971E-005
     0.12127277E-001    -0.12596247E-002     0.20724418E-005     0.14525670E+002     0.10223428E+000    -0.29930281E-003     0.36367821E-005
     0.12494771E-001    -0.12594864E-002     0.21330825E-005     0.14545814E+002     0.10571853E+000    -0.29858619E-003     0.37725693E-005
     0.12862264E-001    -0.12593444E-002     0.21934104E-005     0.14566639E+002     0.10923995E+000    -0.29784286E-003     0.39108632E-005
     0.13229757E-001    -0.12591987E-002     0.22533964E-005     0.14588152E+002     0.11280005E+000    -0.29707232E-003     0.40517716E-005
     0.13597250E-001    -0.12590494E-002     0.23130088E-005     0.14610360E+002     0.11640036E+000    -0.29627402E-003     0.41954059E-005
     0.13964744E-001    -0.12588965E-002     0.23722135E-005     0.14633272E+002     0.12004247E+000    -0.29544740E-003     0.43418810E-005
     0.14332237E-001    -0.12587402E-002     0.24309742E-005     0.14656897E+002     0.12372801E+000    -0.29459189E-003     0.44913158E-005
     0.14699730E-001    -0.12585805E-002     0.24892516E-005     0.14681242E+002     0.12745864E+000    -0.29370689E-003     0.46438330E-005
     0.15067223E-001    -0.12584175E-002     0.25470029E-005     0.14706318E+002     0.13123610E+000    -0.29279175E-003     0.47995599E-005
     0.15434717E-001    -0.12582514E-002     0.26041820E-005     0.14732133E+002     0.13506215E+000    -0.29184583E-003     0.49586279E-005
     0.15802210E-001    -0.12580821E-002     0.26607393E-005     0.14758698E+002     0.13893864E+000    -0.29086843E-003     0.51211736E-005
     0.16169703E-001    -0.12579099E-002     0.27166221E-005     0.14786022E+002     0.14286745E+000    -0.28985886E-003     0.52873381E-005
     0.16537196E-001    -0.12577349E-002     0.27717739E-005     0.14814116E+002     0.14685051E+000    -0.28881638E-003     0.54572679E-005
     0.16904690E-001    -0.12575572E-002     0.28261339E-005     0.14842991E+002     0.15088986E+000    -0.28774020E-003     0.56311150E-005
     0.17272183E-001    -0.12573770E-002     0.28796367E-005     0.14872658E+002     0.15498756E+000    -0.28662954E-003     0.58090373E-005
     0.17639676E-001    -0.12571944E-002     0.29322123E-005     0.14903130E+002     0.15914576E+000    -0.28548357E-003     0.59911984E-005
     0.18007169E-001    -0.12570096E-002     0.29837859E-005     0.14934418E+002     0.16336668E+000    -0.28430141E-003     0.61777687E-005
     0.18374663E-001    -0.12568229E-002     0.30342771E-005     0.14966535E+002     0.16765261E+000    -0.28308217E-003     0.63689251E-005
     0.18742156E-001    -0.12566344E-002     0.30835999E-005     0.14999493E+002     0.17200593E+000    -0.28182492E-003     0.65648516E-005
     0.19109649E-001    -0.12564444E-002     0.31316619E-005     0.15033308E+002     0.17642910E+000    -0.28052869E-003     0.67657398E-005
     0.19477142E-001    -0.12562530E-002     0.31783644E-005     0.15067992E+002     0.18092467E+000    -0.27919246E-003     0.69717891E-005
     0.19844636E-001    -0.12560607E-002     0.32236022E-005     0.15103560E+002     0.18549528E+000    -0.27781518E-003     0.71832070E-005
     0.20212129E-001    -0.12558676E-002     0.32672624E-005     0.15140027E+002     0.19014367E+000    -0.27639576E-003     0.74002100E-005
     0.20579622E-001    -0.12556741E-002     0.33092234E-005     0.15177409E+002     0.19487269E+000    -0.27493307E-003     0.76230237E-005
     0.20947115E-001    -0.12554805E-002     0.33493544E-005     0.15215723E+002     0.19968528E+000    -0.27342592E-003     0.78518833E-005
     0.21314609E-001    -0.12552872E-002     0.33875152E-005     0.15254984E+002     0.20458451E+000    -0.27187308E-003     0.80870344E-005
     0.21682102E-001    -0.12550946E-002     0.34235557E-005     0.15295211E+002     0.20957357E+000    -0.27027328E-003     0.83287332E-005
     0.22049595E-001    -0.12549031E-002     0.34573156E-005     0.15336421E+002     0.21465576E+000    -0.26862518E-003     0.85772476E-005
     0.22417088E-001    -0.12547131E-002     0.34886235E-005     0.15378634E+002     0.21983453E+000    -0.26692740E-003     0.88328573E-005
     0.22784582E-001    -0.12545251E-002     0.35172959E-005     0.15421868E+002     0.22511346E+000    -0.26517850E-003     0.90958546E-005
     0.23152075E-001    -0.12543397E-002     0.35431354E-005     0.15466144E+002     0.23049629E+000    -0.26337698E-003     0.93665457E-005
     0.23519568E-001    -0.12541574E-002     0.35659302E-005     0.15511482E+002     0.23598690E+000    -0.26152127E-003     0.96452504E-005
     0.23887062E-001    -0.12539788E-002     0.35854523E-005     0.15557904E+002     0.24158934E+000    -0.25960976E-003     0.99323041E-005
     0.24254555E-001    -0.12538046E-002     0.36014566E-005     0.15605434E+002     0.24730784E+000    -0.25764074E-003     0.10228058E-004
     0.24622048E-001    -0.12536355E-002     0.36136804E-005     0.15654093E+002     0.25314681E+000    -0.25561246E-003     0.10532879E-004
     0.24989541E-001    -0.12534723E-002     0.36218417E-005     0.15703907E+002     0.25911083E+000    -0.25352307E-003     0.10847153E-004
     0.25357035E-001    -0.12533156E-002     0.36256378E-005     0.15754899E+002     0.26520473E+000    -0.25137067E-003     0.11171286E-004
     0.25724528E-001    -0.12531665E-002     0.36247442E-005     0.15807098E+002     0.27143351E+000    -0.24915324E-003     0.11505701E-004
     0.26092021E-001    -0.12530258E-002     0.36188124E-005     0.15860529E+002     0.27780242E+000    -0.24686872E-003     0.11850844E-004
     0.26459514E-001    -0.12528946E-002     0.36074686E-005     0.15915220E+002     0.28431695E+000    -0.24451493E-003     0.12207183E-004
     0.26827008E-001    -0.12527739E-002     0.35903102E-005     0.15971201E+002     0.29098285E+000    -0.24208960E-003     0.12575211E-004
     0.27194501E-001    -0.12526649E-002     0.35669036E-005     0.16028503E+002     0.29780612E+000    -0.23959036E-003     0.12955445E-004
     0.27561994E-001    -0.12525688E-002     0.35367823E-005     0.16087156E+002     0.30479307E+000    -0.23701476E-003     0.13348429E-004
     0.27929487E-001    -0.12524870E-002     0.34994445E-005     0.16147194E+002     0.31195030E+000    -0.23436021E-003     0.13754737E-004
     0.28296981E-001    -0.12524209E-002     0.34543504E-005     0.16208651E+002     0.31928474E+000    -0.23162402E-003     0.14174972E-004
     0.28664474E-001    -0.12523720E-002     0.34009190E-005     0.16271563E+002     0.32680366E+000    -0.22880338E-003     0.14609770E-004
     0.29031967E-001    -0.12523421E-002     0.33385242E-005     0.16335965E+002     0.33451469E+000    -0.22589534E-003     0.15059802E-004
     0.29399460E-001    -0.12523328E-002     0.32664905E-005     0.16401898E+002     0.34242585E+000    -0.22289683E-003     0.15525776E-004
     0.29766954E-001    -0.12523462E-002     0.31840901E-005     0.16469400E+002     0.35054556E+000    -0.21980463E-003     0.16008437E-004
     0.30134447E-001    -0.12523842E-002     0.30905377E-005     0.16538515E+002     0.35888271E+000    -0.21661538E-003     0.16508576E-004
     0.30501940E-001    -0.12524491E-002     0.29849863E-005     0.16609284E+002     0.36744662E+000    -0.21332555E-003     0.17027024E-004
     0.30869433E-001    -0.12525433E-002     0.28665209E-005     0.16681755E+002     0.37624712E+000    -0.20993145E-003     0.17564665E-004
     0.31236927E-001    -0.12526693E-002     0.27341524E-005     0.16755974E+002     0.38529457E+000    -0.20642921E-003     0.18122430E-004
     0.31604420E-001    -0.12528299E-002     0.25868109E-005     0.16831990E+002     0.39459990E+000    -0.20281479E-003     0.18701306E-004
     0.31971913E-001    -0.12530282E-002     0.24233386E-005     0.16909856E+002     0.40417465E+000    -0.19908392E-003     0.19302339E-004
     0.32339406E-001    -0.12532672E-002     0.22424822E-005     0.16989625E+002     0.41403097E+000    -0.19523216E-003     0.19926639E-004
     0.32706900E-001    -0.12535504E-002     0.20428842E-005     0.17071353E+002     0.42418175E+000    -0.19125482E-003     0.20575380E-004
     0.33074393E-001    -0.12538815E-002     0.18230742E-005     0.17155100E+002     0.43464059E+000    -0.18714698E-003     0.21249812E-004
     0.33441886E-001    -0.12542647E-002     0.15814574E-005     0.17240927E+002     0.44542188E+000    -0.18290349E-003     0.21951259E-004
     0.33809379E-001    -0.12547040E-002     0.13163028E-005     0.17328899E+002     0.45654087E+000    -0.17851892E-003     0.22681132E-004
     0.34176873E-001    -0.12552043E-002     0.10257300E-005     0.17419083E+002     0.46801373E+000    -0.17398757E-003     0.23440930E-004
     0.34544366E-001    -0.12557706E-002     0.70769453E-006     0.17511550E+002     0.47985758E+000    -0.16930341E-003     0.24232248E-004
     0.34911859E-001    -0.12564082E-002     0.35997245E-006     0.17606373E+002     0.49209063E+000    -0.16446015E-003     0.25056787E-004
     0.35279352E-001    -0.12571231E-002    -0.19856823E-007     0.17703631E+002     0.50473219E+000    -0.15945111E-003     0.25916358E-004
     0.35646846E-001    -0.12579215E-002    -0.43442936E-006     0.17803406E+002     0.51780282E+000    -0.15426928E-003     0.26812895E-004
     0.36014339E-001    -0.12588103E-002    -0.88661843E-006     0.17905782E+002     0.53132437E+000    -0.14890726E-003     0.27748463E-004
     0.36381832E-001    -0.12597970E-002    -0.13795591E-005     0.18010850E+002     0.54532013E+000    -0.14335723E-003     0.28725268E-004
     0.36749325E-001    -0.12608895E-002    -0.19166751E-005     0.18118704E+002     0.55981492E+000    -0.13761095E-003     0.29745671E-004
     0.37116819E-001    -0.12620964E-002    -0.25017096E-005     0.18229444E+002     0.57483522E+000    -0.13165971E-003     0.30812197E-004
     0.37484312E-001    -0.12634274E-002    -0.31387582E-005     0.18343174E+002     0.59040930E+000    -0.12549430E-003     0.31927554E-004
     0.37851805E-001    -0.12648924E-002    -0.38323067E-005     0.18460006E+002     0.60656740E+000    -0.11910496E-003     0.33094644E-004
     0.38219298E-001    -0.12665026E-002    -0.45872729E-005     0.18580054E+002     0.62334184E+000    -0.11248139E-003     0.34316585E-004
     0.38586792E-001    -0.12682700E-002    -0.54090536E-005     0.18703441E+002     0.64076728E+000    -0.10561265E-003     0.35596724E-004
     0.38954285E-001    -0.12702076E-002    -0.63035777E-005     0.18830297E+002     0.65888086E+000    -0.98487157E-004     0.36938662E-004
     0.39321778E-001    -0.12723297E-002    -0.72773666E-005     0.18960759E+002     0.67772243E+000    -0.91092608E-004     0.38346279E-004
     0.39689271E-001    -0.12746517E-002    -0.83376012E-005     0.19094971E+002     0.69733483E+000    -0.83415948E-004     0.39823751E-004
     0.40056765E-001    -0.12771904E-002    -0.94921972E-005     0.19233086E+002     0.71776414E+000    -0.75443304E-004     0.41375590E-004
     0.40424258E-001    -0.12799641E-002    -0.10749890E-004     0.19375265E+002     0.73905998E+000    -0.67159918E-004     0.43006665E-004
     0.40791751E-001    -0.12829928E-002    -0.12120333E-004     0.19521681E+002     0.76127586E+000    -0.58550082E-004     0.44722244E-004
     0.41159244E-001    -0.12862983E-002    -0.13614207E-004     0.19672516E+002     0.78446954E+000    -0.49597061E-004     0.46528029E-004
     0.41526738E-001    -0.12899045E-002    -0.15243346E-004     0.19827962E+002     0.80870346E+000    -0.40283011E-004     0.48430203E-004
     0.41894231E-001    -0.12938375E-002    -0.17020879E-004     0.19988225E+002     0.83404522E+000    -0.30588884E-004     0.50435475E-004
     0.42261724E-001    -0.12981259E-002    -0.18961396E-004     0.20153524E+002     0.86056808E+000    -0.20494334E-004     0.52551136E-004
     0.42629217E-001    -0.13028008E-002    -0.21081129E-004     0.20324092E+002     0.88835153E+000    -0.99776004E-005     0.54785124E-004
     0.42996711E-001    -0.13078968E-002    -0.23398170E-004     0.20500176E+002     0.91748203E+000     0.98460926E-006     0.57146085E-004
     0.43364204E-001    -0.13134514E-002    -0.25932712E-004     0.20682042E+002     0.94805363E+000     0.12417254E-004     0.59643458E-004
     0.43731697E-001    -0.13195062E-002    -0.28707330E-004     0.20869972E+002     0.98016894E+000     0.24347110E-004     0.62287559E-004
     0.44099190E-001    -0.13261067E-002    -0.31747311E-004     0.21064269E+002     0.10139400E+001     0.36802930E-004     0.65089678E-004
     0.44466684E-001    -0.13333034E-002    -0.35081022E-004     0.21265257E+002     0.10494892E+001     0.49815628E-004     0.68062197E-004
     0.44834177E-001    -0.13411518E-002    -0.38740351E-004     0.21473284E+002     0.10869510E+001     0.63418481E-004     0.71218712E-004
     0.45201670E-001    -0.13497131E-002    -0.42761208E-004     0.21688723E+002     0.11264727E+001     0.77647353E-004     0.74574181E-004
     0.45569163E-001    -0.13590554E-002    -0.47184112E-004     0.21911974E+002     0.11682163E+001     0.92540942E-004     0.78145087E-004
     0.45936657E-001    -0.13692537E-002    -0.52054883E-004     0.22143470E+002     0.12123604E+001     0.10814106E-003     0.81949631E-004
     0.46304150E-001    -0.13803915E-002    -0.57425437E-004     0.22383675E+002     0.12591023E+001     0.12449296E-003     0.86007947E-004
     0.46671643E-001    -0.13925617E-002    -0.63354738E-004     0.22633093E+002     0.13086599E+001     0.14164564E-003     0.90342354E-004
     0.47039137E-001    -0.14058673E-002    -0.69909901E-004     0.22892266E+002     0.13612752E+001     0.15965229E-003     0.94977640E-004
     0.47406630E-001    -0.14204235E-002    -0.77167511E-004     0.23161783E+002     0.14172169E+001     0.17857070E-003     0.99941401E-004
     0.47774123E-001    -0.14363586E-002    -0.85215177E-004     0.23442282E+002     0.14767841E+001     0.19846377E-003     0.10526443E-003
     0.48141616E-001    -0.14538163E-002    -0.94153382E-004     0.23734455E+002     0.15403112E+001     0.21940005E-003     0.11098115E-003
     0.48509110E-001    -0.14729575E-002    -0.10409769E-003     0.24039057E+002     0.16081722E+001     0.24145439E-003     0.11713017E-003
     0.48876603E-001    -0.14939628E-002    -0.11518139E-003     0.24356911E+002     0.16807868E+001     0.26470865E-003     0.12375488E-003
     0.49244096E-001    -0.15170351E-002    -0.12755869E-003     0.24688914E+002     0.17586276E+001     0.28925252E-003     0.13090417E-003
     0.49611589E-001    -0.15424032E-002    -0.14140852E-003     0.25036050E+002     0.18422278E+001     0.31518444E-003     0.13863332E-003
     0.49979083E-001    -0.15703250E-002    -0.15693922E-003     0.25399395E+002     0.19321911E+001     0.34261266E-003     0.14700498E-003
     0.50346576E-001    -0.16010923E-002    -0.17439419E-003     0.25780135E+002     0.20292032E+001     0.37165646E-003     0.15609039E-003
     0.50714069E-001    -0.16350356E-002    -0.19405881E-003     0.26179572E+002     0.21340455E+001     0.40244749E-003     0.16597081E-003
     0.51081562E-001    -0.16725302E-002    -0.21626894E-003     0.26599145E+002     0.22476114E+001     0.43513142E-003     0.17673927E-003
     0.51449056E-001    -0.17140028E-002    -0.24142141E-003     0.27040444E+002     0.23709263E+001     0.46986971E-003     0.18850264E-003
     0.51816549E-001    -0.17599397E-002    -0.26998707E-003     0.27505232E+002     0.25051716E+001     0.50684174E-003     0.20138418E-003
     0.52184042E-001    -0.18108960E-002    -0.30252701E-003     0.27995465E+002     0.26517140E+001     0.54624720E-003     0.21552656E-003
     0.52551535E-001    -0.18675069E-002    -0.33971295E-003     0.28513323E+002     0.28121413E+001     0.58830893E-003     0.23109571E-003
     0.52919029E-001    -0.19305001E-002    -0.38235291E-003     0.29061239E+002     0.29883062E+001     0.63327611E-003     0.24828536E-003
     0.53286522E-001    -0.20007105E-002    -0.43142387E-003     0.29641932E+002     0.31823815E+001     0.68142801E-003     0.26732286E-003
     0.53654015E-001    -0.20790973E-002    -0.48811344E-003     0.30258452E+002     0.33969274E+001     0.73307826E-003     0.28847628E-003
     0.54021508E-001    -0.21667636E-002    -0.55387339E-003     0.30914224E+002     0.36349773E+001     0.78857988E-003     0.31206340E-003
     0.54389002E-001    -0.22649778E-002    -0.63048905E-003     0.31613104E+002     0.39001449E+001     0.84833086E-003     0.33846301E-003
     0.54756495E-001    -0.23751974E-002    -0.72016970E-003     0.32359442E+002     0.41967611E+001     0.91278075E-003     0.36812930E-003
     0.55123988E-001    -0.24990949E-002    -0.82566737E-003     0.33158149E+002     0.45300489E+001     0.98243788E-003     0.40161027E-003
     0.55491481E-001    -0.26385812E-002    -0.95043403E-003     0.34014775E+002     0.49063491E+001     0.10578775E-002     0.43957149E-003
     0.55858975E-001    -0.27958272E-002    -0.10988312E-002     0.34935594E+002     0.53334139E+001     0.11397503E-002     0.48282703E-003
     0.56226468E-001    -0.29732724E-002    -0.12764117E-002     0.35927687E+002     0.58207910E+001     0.12287917E-002     0.53237997E-003
     0.56593961E-001    -0.31736122E-002    -0.14903013E-002     0.36999024E+002     0.63803322E+001     0.13258295E-002     0.58947590E-003
     0.56961454E-001    -0.33997402E-002    -0.17497196E-002     0.38158518E+002     0.70268701E+001     0.14317901E-002     0.65567442E-003
     0.57328948E-001    -0.36546084E-002    -0.20666950E-002     0.39416040E+002     0.77791272E+001     0.15476986E-002     0.73294491E-003
     0.57696441E-001    -0.39409389E-002    -0.24570532E-002     0.40782315E+002     0.86609461E+001     0.16746685E-002     0.82379643E-003
     0.58063934E-001    -0.42606683E-002    -0.29417863E-002     0.42268647E+002     0.97029637E+001     0.18138701E-002     0.93145445E-003
     0.58431427E-001    -0.46139156E-002    -0.35489503E-002     0.43886262E+002     0.10944901E+002     0.19664604E-002     0.10601026E-002
     0.58798921E-001    -0.49970986E-002    -0.43162756E-002     0.45645015E+002     0.12438697E+002     0.21334427E-002     0.12152136E-002
     0.59166414E-001    -0.53995304E-002    -0.52946923E-002     0.47550904E+002     0.14252771E+002     0.23153985E-002     0.14039989E-002
     0.59533907E-001    -0.57972962E-002    -0.65528940E-002     0.49601470E+002     0.16477720E+002     0.25119922E-002     0.16360091E-002
     0.59901400E-001    -0.61422891E-002    -0.81826950E-002     0.51777384E+002     0.19233636E+002     0.27210654E-002     0.19239019E-002
     0.60268894E-001    -0.63427434E-002    -0.10303789E-001     0.54027317E+002     0.22678624E+002     0.29370084E-002     0.22843295E-002
     0.60636387E-001    -0.62293526E-002    -0.13063396E-001     0.56241166E+002     0.27016370E+002     0.31478814E-002     0.27387022E-002
     0.61003880E-001    -0.54989386E-002    -0.16618557E-001     0.58204268E+002     0.32495920E+002     0.33304993E-002     0.33130766E-002
     0.61371373E-001    -0.36302455E-002    -0.21071643E-001     0.59524350E+002     0.39385926E+002     0.34426180E-002     0.40352215E-002
     0.61738867E-001     0.20987564E-003    -0.26298444E-001     0.59532481E+002     0.47884143E+002     0.34124464E-002     0.49245848E-002
     0.62106360E-001     0.71652644E-002    -0.31579048E-001     0.57203136E+002     0.57895146E+002     0.31305869E-002     0.59679245E-002
     0.62473853E-001     0.18289820E-001    -0.35023609E-001     0.51253795E+002     0.68626185E+002     0.24621935E-002     0.70755063E-002
     0.62841346E-001     0.33278638E-001    -0.33266425E-001     0.40725202E+002     0.78168399E+002     0.13122091E-002     0.80372248E-002
     0.63208840E-001     0.48580197E-001    -0.22801173E-001     0.26115508E+002     0.83730167E+002    -0.25021797E-003     0.85531589E-002
     0.63576333E-001     0.57464116E-001    -0.37251354E-002     0.10076632E+002     0.83177761E+002    -0.19217167E-002     0.84087577E-002
     0.63943826E-001     0.54767131E-001     0.17788314E-001    -0.38075194E+001     0.76795868E+002    -0.33128236E-002     0.76656689E-002
     0.64311319E-001     0.42101235E-001     0.33515465E-001    -0.13303518E+002     0.67030646E+002    -0.42057562E-002     0.66149564E-002
     0.64678813E-001     0.26124124E-001     0.39847032E-001    -0.18309804E+002     0.56577438E+002    -0.46244912E-002     0.55492996E-002
     0.65046306E-001     0.12503029E-001     0.38759053E-001    -0.19929776E+002     0.47103892E+002    -0.47098728E-002     0.46290051E-002
     0.65413799E-001     0.32229770E-002     0.34032174E-001    -0.19417698E+002     0.39226837E+002    -0.45993934E-002     0.38993162E-002
     0.65781292E-001    -0.21848498E-002     0.28445783E-001    -0.17722755E+002     0.32964271E+002    -0.43876697E-002     0.33503801E-002
     0.66148786E-001    -0.48878451E-002     0.23356503E-001    -0.15448699E+002     0.28104592E+002    -0.41311966E-002     0.29566268E-002
     0.66516279E-001    -0.59172381E-002     0.19219665E-001    -0.12947489E+002     0.24395965E+002    -0.38619928E-002     0.26937813E-002
     0.66883772E-001    -0.59888858E-002     0.16075888E-001    -0.10416516E+002     0.21619069E+002    -0.35990950E-002     0.25444870E-002
     0.67251265E-001    -0.55554155E-002     0.13823034E-001    -0.79689332E+001     0.19605495E+002    -0.33569507E-002     0.24990194E-002
     0.67618759E-001    -0.49021043E-002     0.12338945E-001    -0.56809213E+001     0.18234223E+002    -0.31518463E-002     0.25536979E-002
     0.67986252E-001    -0.42330379E-002     0.11519912E-001    -0.36249024E+001     0.17417507E+002    -0.30076039E-002     0.27072148E-002
     0.68353745E-001    -0.37325373E-002     0.11267371E-001    -0.18930917E+001     0.17075552E+002    -0.29605992E-002     0.29530424E-002
     0.68721239E-001    -0.35875658E-002     0.11441700E-001    -0.60446112E+000     0.17094532E+002    -0.30603425E-002     0.32649216E-002
     0.69088732E-001    -0.39537451E-002     0.11809459E-001     0.12932874E+000     0.17273540E+002    -0.33548665E-002     0.35771036E-002
     0.69456225E-001    -0.48574322E-002     0.12036259E-001     0.30263607E+000     0.17309151E+002    -0.38504638E-002     0.37789867E-002
     0.69823718E-001    -0.60945184E-002     0.11801546E-001     0.12354890E+000     0.16902464E+002    -0.44678186E-002     0.37587918E-002
     0.70191212E-001    -0.72857747E-002     0.11002064E-001    -0.32550200E-001     0.15959169E+002    -0.50602859E-002     0.34846387E-002
     0.70558705E-001    -0.81131449E-002     0.98145005E-002     0.14940401E+000     0.14653920E+002    -0.55052446E-002     0.30309554E-002
     0.70926198E-001    -0.84829657E-002     0.85262855E-002     0.76545998E+000     0.13266931E+002    -0.57678607E-002     0.25131230E-002
     0.71293691E-001    -0.84767733E-002     0.73529712E-002     0.17411801E+001     0.12006179E+002    -0.58815423E-002     0.20161893E-002
     0.71661185E-001    -0.82286305E-002     0.63931775E-002     0.29523618E+001     0.10963662E+002    -0.58993373E-002     0.15773709E-002
     0.72028678E-001    -0.78544157E-002     0.56673828E-002     0.42953377E+001     0.10153770E+002    -0.58655173E-002     0.12014859E-002
     0.72396171E-001    -0.74372053E-002     0.51620328E-002     0.57027132E+001     0.95572883E+001    -0.58089208E-002     0.87861155E-003
     0.72763664E-001    -0.70363397E-002     0.48539838E-002     0.71362094E+001     0.91469665E+001    -0.57451876E-002     0.59443328E-003
     0.73131158E-001    -0.67003192E-002     0.47181111E-002     0.85757462E+001     0.88980262E+001    -0.56800890E-002     0.33501614E-003
     0.73498651E-001    -0.64765930E-002     0.47242844E-002     0.10010874E+002     0.87904673E+001    -0.56117567E-002     0.89498470E-004
     0.73866144E-001    -0.64150000E-002     0.48262049E-002     0.11435732E+002     0.88072114E+001    -0.55326869E-002    -0.14689604E-003
     0.74233637E-001    -0.65564535E-002     0.49447746E-002     0.12848431E+002     0.89304251E+001    -0.54340131E-002    -0.36938250E-003
     0.74601131E-001    -0.68972697E-002     0.49650121E-002     0.14255828E+002     0.91398479E+001    -0.53139373E-002    -0.56318955E-003
     0.74968624E-001    -0.73524233E-002     0.47789725E-002     0.15679996E+002     0.94190500E+001    -0.51863249E-002    -0.71218126E-003
     0.75336117E-001    -0.77781340E-002     0.43580957E-002     0.17155522E+002     0.97685403E+001    -0.50776079E-002    -0.81444777E-003
     0.75703610E-001    -0.80550516E-002     0.37719486E-002     0.18714610E+002     0.10211122E+002    -0.50095373E-002    -0.88787299E-003
     0.76071104E-001    -0.81426240E-002     0.31291706E-002     0.20375698E+002     0.10782230E+002    -0.49864152E-002    -0.95781350E-003
     0.76438597E-001    -0.80618865E-002     0.25162793E-002     0.22145830E+002     0.11518502E+002    -0.49984809E-002    -0.10423877E-002
     0.76806090E-001    -0.78552686E-002     0.19841844E-002     0.24028892E+002     0.12455398E+002    -0.50326383E-002    -0.11475246E-002
     0.77173583E-001    -0.75683273E-002     0.15614238E-002     0.26031281E+002     0.13631983E+002    -0.50815799E-002    -0.12701397E-002
     0.77541077E-001    -0.72508496E-002     0.12603172E-002     0.28162963E+002     0.15099119E+002    -0.51482484E-002    -0.14063016E-002
     0.77908570E-001    -0.69532828E-002     0.10710964E-002     0.30432988E+002     0.16928652E+002    -0.52425017E-002    -0.15603677E-002
     0.78276063E-001    -0.67126983E-002     0.96338005E-003     0.32840035E+002     0.19220616E+002    -0.53721128E-002    -0.17474509E-002
     0.78643556E-001    -0.65466166E-002     0.90021379E-003     0.35360321E+002     0.22108398E+002    -0.55373281E-002    -0.19886277E-002
     0.79011050E-001    -0.64607976E-002     0.84738233E-003     0.37931138E+002     0.25764673E+002    -0.57316565E-002    -0.23072117E-002
     0.79378543E-001    -0.64572095E-002     0.76913702E-003     0.40423057E+002     0.30406959E+002    -0.59427774E-002    -0.27302183E-002
     0.79746036E-001    -0.65297814E-002     0.61709388E-003     0.42592951E+002     0.36294487E+002    -0.61480046E-002    -0.32922319E-002
     0.80113529E-001    -0.66434905E-002     0.32628603E-003     0.44011206E+002     0.43698767E+002    -0.63016120E-002    -0.40356507E-002
     0.80481023E-001    -0.67056224E-002    -0.16284743E-003     0.43963037E+002     0.52811198E+002    -0.63159942E-002    -0.49972815E-002
     0.80848516E-001    -0.65592732E-002    -0.84950630E-003     0.41362400E+002     0.63516578E+002    -0.60506108E-002    -0.61715662E-002
     0.81216009E-001    -0.60290227E-002    -0.16112168E-002     0.34845718E+002     0.74964538E+002    -0.53340351E-002    -0.74550115E-002
     0.81583502E-001    -0.50203051E-002    -0.21795611E-002     0.23385735E+002     0.85108511E+002    -0.40446819E-002    -0.86018417E-002
     0.81950996E-001    -0.36489189E-002    -0.22033407E-002     0.75183294E+001     0.90945749E+002    -0.22472381E-002    -0.92627109E-002
     0.82318489E-001    -0.23041472E-002    -0.14426609E-002    -0.98986959E+001     0.90179653E+002    -0.27014959E-003    -0.91742285E-002
     0.82685982E-001    -0.15029000E-002     0.13697834E-004    -0.25005411E+002     0.83122963E+002     0.14454324E-002    -0.83696729E-002
     0.83053475E-001    -0.16000292E-002     0.17338719E-002    -0.35406685E+002     0.72415469E+002     0.26213907E-002    -0.71474240E-002
     0.83420969E-001    -0.25926460E-002     0.31502617E-002    -0.41009532E+002     0.60951625E+002     0.32390243E-002    -0.58419440E-002
     0.83788462E-001    -0.41226946E-002     0.38380418E-002    -0.43008798E+002     0.50503749E+002     0.34331261E-002    -0.46685426E-002
     0.84155955E-001    -0.56858721E-002     0.37188192E-002    -0.42742270E+002     0.41712164E+002     0.33684840E-002    -0.37120477E-002
     0.84523448E-001    -0.69244362E-002     0.30203211E-002    -0.41209447E+002     0.34587778E+002     0.31779295E-002    -0.29718144E-002
     0.84890942E-001    -0.77415864E-002     0.20411275E-002    -0.39045722E+002     0.28906983E+002     0.29451292E-002    -0.24079350E-002
     0.85258435E-001    -0.82031729E-002     0.97846225E-003    -0.36627314E+002     0.24400150E+002     0.27119466E-002    -0.19742996E-002
     0.85625928E-001    -0.84073122E-002    -0.92987047E-004    -0.34166334E+002     0.20820265E+002     0.24950896E-002    -0.16337661E-002
     0.85993421E-001    -0.84164136E-002    -0.11758601E-002    -0.31774938E+002     0.17962772E+002     0.22996434E-002    -0.13601080E-002
     0.86360915E-001    -0.82347747E-002    -0.23034913E-002    -0.29506483E+002     0.15666702E+002     0.21261455E-002    -0.11352085E-002
     0.86728408E-001    -0.78030346E-002    -0.34993040E-002    -0.27381147E+002     0.13808757E+002     0.19734320E-002    -0.94623091E-003
     0.87095901E-001    -0.70057674E-002    -0.47301719E-002    -0.25401194E+002     0.12295674E+002     0.18396832E-002    -0.78377346E-003
     0.87463394E-001    -0.57132977E-002    -0.58516373E-002    -0.23559735E+002     0.11057250E+002     0.17228069E-002    -0.64075150E-003
     0.87830888E-001    -0.38848385E-002    -0.65837229E-002    -0.21845635E+002     0.10040722E+002     0.16205439E-002    -0.51174510E-003
     0.88198381E-001    -0.16961220E-002    -0.66003020E-002    -0.20246214E+002     0.92064907E+001     0.15304904E-002    -0.39270287E-003
     0.88565874E-001     0.46032703E-003    -0.57364957E-002    -0.18748697E+002     0.85249361E+001     0.14502284E-002    -0.28091140E-003
     0.88933367E-001     0.21838225E-002    -0.41092850E-002    -0.17340909E+002     0.79740639E+001     0.13777492E-002    -0.17501606E-003
     0.89300861E-001     0.32650608E-002    -0.19832742E-002    -0.16011468E+002     0.75378349E+001     0.13121351E-002    -0.74732486E-004
     0.89668354E-001     0.36440701E-002     0.43536435E-003    -0.14749592E+002     0.72052233E+001     0.12541844E-002     0.19965110E-004
     0.90035847E-001     0.32336105E-002     0.30192436E-002    -0.13544938E+002     0.69702239E+001     0.12066087E-002     0.11025691E-003
     0.90403340E-001     0.18497076E-002     0.55601322E-002    -0.12388265E+002     0.68326076E+001     0.11729723E-002     0.20024217E-003
     0.90770834E-001    -0.64730131E-003     0.76139233E-002    -0.11273221E+002     0.67984157E+001     0.11551684E-002     0.29740800E-003
     0.91138327E-001    -0.40791028E-002     0.85517030E-002    -0.10198481E+002     0.68797317E+001     0.11515185E-002     0.41101638E-003
     0.91505820E-001    -0.78097640E-002     0.78988492E-002    -0.91701638E+001     0.70944043E+001     0.11566808E-002     0.55037355E-003
     0.91873314E-001    -0.11011124E-001     0.56835004E-002    -0.82058124E+001     0.74656234E+001     0.11618747E-002     0.72435157E-003
     0.92240807E-001    -0.13102350E-001     0.23605504E-002    -0.73411276E+001     0.80193628E+001     0.11537985E-002     0.94131300E-003
     0.92608300E-001    -0.13850322E-001    -0.15544468E-002    -0.66390170E+001     0.87758866E+001     0.11119258E-002     0.12074465E-002
     0.92975793E-001    -0.13140194E-001    -0.56502498E-002    -0.61966420E+001     0.97300807E+001     0.10057171E-002     0.15210681E-002
     0.93343287E-001    -0.10807023E-001    -0.94543185E-002    -0.61381276E+001     0.10817488E+002     0.79650027E-003     0.18612767E-002
     0.93710780E-001    -0.68089658E-002    -0.12170637E-001    -0.65713544E+001     0.11877497E+002     0.45268270E-003     0.21752056E-002
     0.94078273E-001    -0.17403478E-002    -0.12764520E-001    -0.74995539E+001     0.12659332E+002    -0.18395085E-004     0.23820085E-002
     0.94445766E-001     0.29082177E-002    -0.10744007E-001    -0.87498831E+001     0.12924954E+002    -0.54754630E-003     0.24136832E-002
     0.94813260E-001     0.55648829E-002    -0.69691374E-002    -0.10029772E+002     0.12589207E+002    -0.10327033E-002     0.22666095E-002
     0.95180753E-001     0.58597509E-002    -0.31710744E-002    -0.11072691E+002     0.11745041E+002    -0.14016752E-002     0.20009098E-002
     0.95548246E-001     0.47171182E-002    -0.56234451E-003    -0.11721208E+002     0.10584305E+002    -0.16387723E-002     0.16919445E-002
     0.95915739E-001     0.32910046E-002     0.76004725E-003    -0.11938356E+002     0.93208425E+001    -0.17657301E-002     0.13940267E-002
     0.96283233E-001     0.21833582E-002     0.13041731E-002    -0.11787632E+002     0.81274284E+001    -0.18157108E-002     0.11343596E-002
     0.96650726E-001     0.14704187E-002     0.15572929E-002    -0.11380397E+002     0.70990733E+001    -0.18187343E-002     0.92068344E-003
     0.97018219E-001     0.10118767E-002     0.17824122E-002    -0.10823033E+002     0.62617359E+001    -0.17970120E-002     0.75021854E-003
     0.97385712E-001     0.64086827E-003     0.20612071E-002    -0.10193347E+002     0.56023154E+001    -0.17652620E-002     0.61572451E-003
     0.97753206E-001     0.23423719E-003     0.23597134E-002    -0.95398975E+001     0.50930961E+001    -0.17323153E-002     0.50858016E-003
     0.98120699E-001    -0.24518230E-003     0.25817098E-002    -0.88887306E+001     0.47051499E+001    -0.17023337E-002     0.42032350E-003
     0.98488192E-001    -0.73383305E-003     0.26498915E-002    -0.82505438E+001     0.44153299E+001    -0.16757711E-002     0.34399506E-003
     0.98855685E-001    -0.11299700E-002     0.25749495E-002    -0.76281474E+001     0.42097192E+001    -0.16509986E-002     0.27520998E-003
     0.99223179E-001    -0.13774179E-002     0.24344631E-002    -0.70235310E+001     0.40830046E+001    -0.16262068E-002     0.21187260E-003
     0.99590672E-001    -0.14785101E-002     0.23082590E-002    -0.64420474E+001     0.40350637E+001    -0.16001203E-002     0.15290521E-003
     0.99958165E-001    -0.14599159E-002     0.22540249E-002    -0.58939946E+001     0.40676791E+001    -0.15715046E-002     0.97528260E-004
     0.10032566E+000    -0.13548856E-002     0.23233795E-002    -0.53956081E+001     0.41816577E+001    -0.15386590E-002     0.45603983E-004
     0.10069315E+000    -0.12218748E-002     0.25760084E-002    -0.49694598E+001     0.43730126E+001    -0.14998014E-002    -0.15520142E-005
     0.10106064E+000    -0.11769077E-002     0.30544493E-002    -0.46428910E+001     0.46284222E+001    -0.14545100E-002    -0.41057843E-004
     0.10142814E+000    -0.13865571E-002     0.37191435E-002    -0.44447491E+001     0.49208775E+001    -0.14049515E-002    -0.70165266E-004
     0.10179563E+000    -0.19927261E-002     0.44033755E-002    -0.43992619E+001     0.52032404E+001    -0.13546810E-002    -0.88663229E-004
     0.10216312E+000    -0.30139836E-002     0.48417194E-002    -0.45076846E+001     0.54034726E+001    -0.13055746E-002    -0.98777028E-004
     0.10253062E+000    -0.42792423E-002     0.47676640E-002    -0.47211047E+001     0.54439258E+001    -0.12565984E-002    -0.10210845E-003
     0.10289811E+000    -0.54401707E-002     0.40607029E-002    -0.49417522E+001     0.52879397E+001    -0.12063619E-002    -0.97095963E-004
     0.10326560E+000    -0.61129444E-002     0.28681807E-002    -0.50686150E+001     0.49674540E+001    -0.11567727E-002    -0.80758510E-004
     0.10363310E+000    -0.61000331E-002     0.15729815E-002    -0.50450763E+001     0.45621432E+001    -0.11123341E-002    -0.53030695E-004
     0.10400059E+000    -0.55095505E-002     0.57530263E-003    -0.48707454E+001     0.41553078E+001    -0.10758482E-002    -0.17265771E-004
     0.10436808E+000    -0.46432849E-002     0.75883624E-004    -0.45806200E+001     0.38030227E+001    -0.10467769E-002     0.23182720E-004
     0.10473558E+000    -0.37905692E-002     0.50696228E-004    -0.42175648E+001     0.35300758E+001    -0.10231379E-002     0.67285226E-004
     0.10510307E+000    -0.31187444E-002     0.36383962E-003    -0.38172118E+001     0.33412137E+001    -0.10037461E-002     0.11612974E-003
     0.10547056E+000    -0.26835679E-002     0.87739578E-003    -0.34056240E+001     0.32325857E+001    -0.98928380E-003     0.17155027E-003
     0.10583806E+000    -0.24894844E-002     0.14951543E-002    -0.30025218E+001     0.31976406E+001    -0.98221136E-003     0.23463257E-003
     0.10620555E+000    -0.25353873E-002     0.21487737E-002    -0.26245847E+001     0.32279994E+001    -0.98575742E-003     0.30472519E-003
     0.10657304E+000    -0.28203558E-002     0.27664188E-002    -0.22858125E+001     0.33120248E+001    -0.10025239E-002     0.37945110E-003
     0.10694054E+000    -0.33129037E-002     0.32611894E-002    -0.19948294E+001     0.34355601E+001    -0.10334910E-002     0.45586076E-003
     0.10730803E+000    -0.39230406E-002     0.35750842E-002    -0.17549614E+001     0.35875669E+001    -0.10786358E-002     0.53235588E-003
     0.10767552E+000    -0.45551856E-002     0.37418287E-002    -0.15734468E+001     0.37625866E+001    -0.11400594E-002     0.60891598E-003
     0.10804302E+000    -0.52123294E-002     0.38440188E-002    -0.14695490E+001     0.39476931E+001    -0.12241653E-002     0.68255326E-003
     0.10841051E+000    -0.59856652E-002     0.38787286E-002    -0.14606492E+001     0.41033516E+001    -0.13368225E-002     0.74130992E-003
     0.10877800E+000    -0.69128917E-002     0.37180959E-002    -0.15284408E+001     0.41689806E+001    -0.14724968E-002     0.76621873E-003
     0.10914550E+000    -0.78843980E-002     0.32302024E-002    -0.16042882E+001     0.41064077E+001    -0.16095749E-002     0.74520155E-003
     0.10951299E+000    -0.87171783E-002     0.24117862E-002    -0.16073002E+001     0.39391257E+001    -0.17224516E-002     0.68560024E-003
     0.10988048E+000    -0.92921172E-002     0.13738461E-002    -0.14978433E+001     0.37358632E+001    -0.17985645E-002     0.60894417E-003
     0.11024798E+000    -0.95885173E-002     0.23643804E-003    -0.12874757E+001     0.35633530E+001    -0.18414955E-002     0.53579094E-003
     0.11061547E+000    -0.96284856E-002    -0.92610548E-003    -0.10142699E+001     0.34615137E+001    -0.18627941E-002     0.47766633E-003
     0.11098296E+000    -0.94293199E-002    -0.20706993E-002    -0.72165526E+000     0.34454052E+001    -0.18745512E-002     0.43782310E-003
     0.11135046E+000    -0.89972995E-002    -0.31551861E-002    -0.45189196E+000     0.35125209E+001    -0.18865259E-002     0.41453144E-003
     0.11171795E+000    -0.83459564E-002    -0.41246578E-002    -0.24527207E+000     0.36430883E+001    -0.19060119E-002     0.40325632E-003
     0.11208544E+000    -0.75170597E-002    -0.49242534E-002    -0.13272844E+000     0.37943283E+001    -0.19379297E-002     0.39697029E-003
     0.11245294E+000    -0.65743971E-002    -0.55319612E-002    -0.11521687E+000     0.39025715E+001    -0.19830327E-002     0.38622601E-003
     0.11282043E+000    -0.55584324E-002    -0.59653422E-002    -0.14546841E+000     0.39116081E+001    -0.20354801E-002     0.36240073E-003
     0.11318792E+000    -0.44602018E-002    -0.62269320E-002    -0.14649686E+000     0.38137454E+001    -0.20849360E-002     0.32321973E-003
     0.11355542E+000    -0.32801432E-002    -0.62529725E-002    -0.61174369E-001     0.36545635E+001    -0.21231331E-002     0.27374034E-003
     0.11392291E+000    -0.21084891E-002    -0.59677508E-002     0.12161373E+000     0.34956531E+001    -0.21475539E-002     0.22163568E-003
     0.11429040E+000    -0.10896384E-002    -0.53880287E-002     0.38005059E+000     0.33825302E+001    -0.21599852E-002     0.17298534E-003
     0.11465790E+000    -0.31351270E-003    -0.46193323E-002     0.68074579E+000     0.33381290E+001    -0.21638242E-002     0.13122534E-003
     0.11502539E+000     0.21304293E-003    -0.37699538E-002     0.98984362E+000     0.33677995E+001    -0.21623322E-002     0.97810586E-004
     0.11539288E+000     0.51952775E-003    -0.29055359E-002     0.12768359E+001     0.34628027E+001    -0.21580577E-002     0.73476462E-004
     0.11576038E+000     0.62880976E-003    -0.20590878E-002     0.15193289E+001     0.36006465E+001    -0.21535718E-002     0.59241266E-004
     0.11612787E+000     0.54323052E-003    -0.12628124E-002     0.17122926E+001     0.37489835E+001    -0.21528819E-002     0.55890339E-004
     0.11649536E+000     0.26688492E-003    -0.57800401E-003     0.18746546E+001     0.38798530E+001    -0.21613545E-002     0.61791606E-004
     0.11686285E+000    -0.14898465E-003    -0.82543852E-004     0.20408940E+001     0.39882516E+001    -0.21829511E-002     0.71974507E-004
     0.11723035E+000    -0.60136118E-003     0.18475507E-003     0.22387310E+001     0.40974285E+001    -0.22183017E-002     0.80637645E-004
     0.11759784E+000    -0.98323218E-003     0.24959395E-003     0.24720615E+001     0.42445425E+001    -0.22664227E-002     0.83305216E-004
     0.11796533E+000    -0.12166207E-002     0.18217079E-003     0.27216235E+001     0.44625807E+001    -0.23265504E-002     0.75439507E-004
     0.11833283E+000    -0.12612860E-002     0.82035532E-004     0.29534903E+001     0.47728172E+001    -0.23963906E-002     0.50203640E-004
     0.11870032E+000    -0.11316826E-002     0.63322098E-004     0.31230143E+001     0.51835633E+001    -0.24679924E-002    -0.29237149E-007
     0.11906781E+000    -0.90042649E-003     0.22148318E-003     0.31739822E+001     0.56851537E+001    -0.25269154E-002    -0.77416082E-004
     0.11943531E+000    -0.68477760E-003     0.61512746E-003     0.30421494E+001     0.62348801E+001    -0.25583266E-002    -0.17393918E-003
     0.11980280E+000    -0.65199405E-003     0.12375626E-002     0.26805224E+001     0.67385465E+001    -0.25540645E-002    -0.27391824E-003
     0.12017029E+000    -0.96648471E-003     0.19414562E-002     0.21110416E+001     0.70615840E+001    -0.25148692E-002    -0.35897430E-003
     0.12053779E+000    -0.16292533E-002     0.24683530E-002     0.14559640E+001     0.71002131E+001    -0.24515779E-002    -0.41186508E-003
     0.12090528E+000    -0.24429588E-002     0.26606922E-002     0.88094665E+000     0.68625047E+001    -0.23852043E-002    -0.42371266E-003
     0.12127277E+000    -0.32150513E-002     0.25674669E-002     0.48844152E+000     0.64551754E+001    -0.23384965E-002    -0.40127859E-003
     0.12164027E+000    -0.39097522E-002     0.22942789E-002     0.28420188E+000     0.59907706E+001    -0.23235092E-002    -0.36322959E-003
     0.12200776E+000    -0.45584933E-002     0.18319897E-002     0.22995825E+000     0.55312210E+001    -0.23382245E-002    -0.32842806E-003
     0.12237525E+000    -0.50770046E-002     0.10987775E-002     0.29282729E+000     0.51016187E+001    -0.23725543E-002    -0.30812033E-003
     0.12274275E+000    -0.52638356E-002     0.13747231E-003     0.45098341E+000     0.47174111E+001    -0.24155414E-002    -0.30568036E-003
     0.12311024E+000    -0.49971011E-002    -0.82900220E-003     0.68526037E+000     0.43917880E+001    -0.24585598E-002    -0.32006517E-003
     0.12347773E+000    -0.43449202E-002    -0.15498245E-002     0.97558990E+000     0.41358935E+001    -0.24950045E-002    -0.34839293E-003
     0.12384523E+000    -0.35032313E-002    -0.18785825E-002     0.12975323E+001     0.39570875E+001    -0.25192040E-002    -0.38635201E-003
     0.12421272E+000    -0.27017878E-002    -0.18059947E-002     0.16224490E+001     0.38522710E+001    -0.25263255E-002    -0.42710666E-003
     0.12458021E+000    -0.21253556E-002    -0.14511559E-002     0.19260382E+001     0.38027842E+001    -0.25145349E-002    -0.46006901E-003
     0.12494771E+000    -0.18407759E-002    -0.10073249E-002     0.22010126E+001     0.37790479E+001    -0.24892980E-002    -0.47265222E-003
     0.12531520E+000    -0.17837285E-002    -0.63883620E-003     0.24623808E+001     0.37570884E+001    -0.24651208E-002    -0.45725983E-003
     0.12568269E+000    -0.18334310E-002    -0.40985894E-003     0.27347593E+001     0.37341108E+001    -0.24591988E-002    -0.41814693E-003
     0.12605019E+000    -0.18978485E-002    -0.30716701E-003     0.30326428E+001     0.37249694E+001    -0.24814261E-002    -0.36960083E-003
     0.12641768E+000    -0.19246328E-002    -0.29974697E-003     0.33557571E+001     0.37458779E+001    -0.25304627E-002    -0.32744508E-003
     0.12678517E+000    -0.18750240E-002    -0.35129704E-003     0.36985942E+001     0.38069864E+001    -0.25968372E-002    -0.30196088E-003
     0.12715267E+000    -0.17263507E-002    -0.40767782E-003     0.40560445E+001     0.39172717E+001    -0.26686831E-002    -0.29523300E-003
     0.12752016E+000    -0.14919932E-002    -0.40803723E-003     0.44193534E+001     0.40879366E+001    -0.27369912E-002    -0.30248300E-003
     0.12788765E+000    -0.12179480E-002    -0.31282571E-003     0.47727730E+001     0.43277915E+001    -0.27983960E-002    -0.31579122E-003
     0.12825515E+000    -0.96470839E-003    -0.11507293E-003     0.50978530E+001     0.46388066E+001    -0.28552569E-002    -0.32812359E-003
     0.12862264E+000    -0.79437924E-003     0.14873810E-003     0.53784836E+001     0.50201629E+001    -0.29134580E-002    -0.33662324E-003
     0.12899013E+000    -0.72737590E-003     0.38425056E-003     0.55950993E+001     0.54752701E+001    -0.29782531E-002    -0.34345328E-003
     0.12935763E+000    -0.67274919E-003     0.49612814E-003     0.57103449E+001     0.60050717E+001    -0.30514132E-002    -0.35290733E-003
     0.12972512E+000    -0.46241318E-003     0.51901187E-003     0.56678502E+001     0.65823805E+001    -0.31323585E-002    -0.36870814E-003
     0.13009261E+000    -0.15071143E-004     0.64474806E-003     0.54226424E+001     0.71295856E+001    -0.32190879E-002    -0.39480153E-003
     0.13046011E+000     0.55686280E-003     0.10793722E-002     0.49887821E+001     0.75352856E+001    -0.33052219E-002    -0.43471524E-003
     0.13082760E+000     0.10190466E-002     0.18787740E-002     0.44537185E+001     0.77125300E+001    -0.33798791E-002    -0.48448990E-003
     0.13119509E+000     0.11794124E-002     0.29341589E-002     0.39365172E+001     0.76422353E+001    -0.34384399E-002    -0.52833259E-003
     0.13156258E+000     0.95787640E-003     0.40803856E-002     0.35396777E+001     0.73662627E+001    -0.34935143E-002    -0.54953674E-003
     0.13193008E+000     0.34684658E-003     0.51661089E-002     0.33274058E+001     0.69631498E+001    -0.35690461E-002    -0.54720220E-003
     0.13229757E+000    -0.62446448E-003     0.60474580E-002     0.33161542E+001     0.65226686E+001    -0.36823296E-002    -0.53892404E-003
     0.13266506E+000    -0.18690724E-002     0.65738961E-002     0.34823410E+001     0.61175637E+001    -0.38333320E-002    -0.54720447E-003
     0.13303256E+000    -0.32041759E-002     0.66406758E-002     0.37859688E+001     0.57920188E+001    -0.40106167E-002    -0.58493295E-003
     0.13340005E+000    -0.44146589E-002     0.62827192E-002     0.41872435E+001     0.55690866E+001    -0.42052160E-002    -0.65405038E-003
     0.13376754E+000    -0.53878956E-002     0.56254507E-002     0.46501449E+001     0.54595667E+001    -0.44173453E-002    -0.75620542E-003
     0.13413504E+000    -0.60812977E-002     0.47565633E-002     0.51424140E+001     0.54661262E+001    -0.46510322E-002    -0.90395949E-003
     0.13450253E+000    -0.64326191E-002     0.37565363E-002     0.56347568E+001     0.55863696E+001    -0.48999419E-002    -0.11252875E-002
     0.13487002E+000    -0.63968121E-002     0.27571070E-002     0.60970756E+001     0.58128856E+001    -0.51268732E-002    -0.14537759E-002
     0.13523752E+000    -0.59890106E-002     0.19087822E-002     0.64979645E+001     0.61254241E+001    -0.52540283E-002    -0.18916240E-002
     0.13560501E+000    -0.52698978E-002     0.13679681E-002     0.68187257E+001     0.64838907E+001    -0.52038673E-002    -0.23647637E-002
     0.13597250E+000    -0.43999393E-002     0.13094036E-002     0.70742994E+001     0.68431434E+001    -0.49814988E-002    -0.27436166E-002
     0.13634000E+000    -0.37022810E-002     0.17971410E-002     0.73084767E+001     0.71883625E+001    -0.46953674E-002    -0.29440220E-002
     0.13670749E+000    -0.35172120E-002     0.26204895E-002     0.75533956E+001     0.75481848E+001    -0.44707639E-002    -0.29915255E-002
     0.13707498E+000    -0.39460128E-002     0.33582240E-002     0.77998044E+001     0.79634434E+001    -0.43635058E-002    -0.29768474E-002
     0.13744248E+000    -0.47703040E-002     0.36404901E-002     0.80079209E+001     0.84513317E+001    -0.43572718E-002    -0.29798089E-002
     0.13780997E+000    -0.56083615E-002     0.33457659E-002     0.81348894E+001     0.89941997E+001    -0.44068021E-002    -0.30371812E-002
     0.13817746E+000    -0.61194656E-002     0.26022282E-002     0.81593092E+001     0.95474087E+001    -0.44741581E-002    -0.31512710E-002
     0.13854496E+000    -0.61120497E-002     0.16889444E-002     0.80947658E+001     0.10062673E+002    -0.45410116E-002    -0.33145334E-002
     0.13891245E+000    -0.55863414E-002     0.93777411E-003     0.79803985E+001     0.10513827E+002    -0.45967344E-002    -0.35282841E-002
     0.13927994E+000    -0.47412061E-002     0.61423106E-003     0.78576743E+001     0.10905913E+002    -0.46185123E-002    -0.37982889E-002
     0.13964744E+000    -0.38951547E-002     0.79562759E-003     0.77476326E+001     0.11266087E+002    -0.45689346E-002    -0.41122579E-002
     0.14001493E+000    -0.33166061E-002     0.13252512E-002     0.76430602E+001     0.11617098E+002    -0.44196996E-002    -0.44250118E-002
     0.14038242E+000    -0.30490572E-002     0.19427438E-002     0.75304227E+001     0.11957861E+002    -0.41829516E-002    -0.46741333E-002
     0.14074992E+000    -0.29505970E-002     0.25317597E-002     0.74119668E+001     0.12277984E+002    -0.39154896E-002    -0.48224756E-002
     0.14111741E+000    -0.29514143E-002     0.31743056E-002     0.72956582E+001     0.12574491E+002    -0.36791187E-002    -0.48865910E-002
     0.14148490E+000    -0.31857813E-002     0.39199217E-002     0.71875868E+001     0.12839615E+002    -0.34955725E-002    -0.49141921E-002
     0.14185240E+000    -0.38057843E-002     0.45825665E-002     0.71123413E+001     0.13059174E+002    -0.33456622E-002    -0.49370003E-002
     0.14221989E+000    -0.47093465E-002     0.48585895E-002     0.71180837E+001     0.13240438E+002    -0.32056099E-002    -0.49498963E-002
     0.14258738E+000    -0.55574602E-002     0.46407297E-002     0.72515558E+001     0.13428894E+002    -0.30785551E-002    -0.49303109E-002
     0.14295488E+000    -0.60674276E-002     0.41150460E-002     0.75326372E+001     0.13699743E+002    -0.29911517E-002    -0.48695512E-002
     0.14332237E+000    -0.61904583E-002     0.35570508E-002     0.79435901E+001     0.14138078E+002    -0.29709320E-002    -0.47787344E-002
     0.14368986E+000    -0.60219069E-002     0.31462132E-002     0.84325721E+001     0.14824248E+002    -0.30405306E-002    -0.46762839E-002
     0.14405736E+000    -0.56745698E-002     0.29826331E-002     0.89122163E+001     0.15829353E+002    -0.32284362E-002    -0.45871995E-002
     0.14442485E+000    -0.52979006E-002     0.31413528E-002     0.92495320E+001     0.17198248E+002    -0.35741437E-002    -0.45631860E-002
     0.14479234E+000    -0.51073540E-002     0.36012267E-002     0.92714301E+001     0.18913979E+002    -0.41026261E-002    -0.47154820E-002
     0.14515984E+000    -0.52781780E-002     0.41719375E-002     0.88049576E+001     0.20864493E+002    -0.47476601E-002    -0.52162956E-002
     0.14552733E+000    -0.57959200E-002     0.45645113E-002     0.77440945E+001     0.22850800E+002    -0.52754334E-002    -0.61979777E-002
     0.14589482E+000    -0.64182838E-002     0.45851381E-002     0.60856063E+001     0.24649944E+002    -0.53484966E-002    -0.75782336E-002
     0.14626232E+000    -0.68352944E-002     0.43064365E-002     0.38993067E+001     0.26063341E+002    -0.47623193E-002    -0.90207014E-002
     0.14662981E+000    -0.69345138E-002     0.40158581E-002     0.13099501E+001     0.26906370E+002    -0.36050888E-002    -0.10145945E-001
     0.14699730E+000    -0.68902875E-002     0.39339107E-002    -0.14700469E+001     0.27022172E+002    -0.21523347E-002    -0.10754628E-001
     0.14736479E+000    -0.69393043E-002     0.39997469E-002    -0.41367998E+001     0.26350021E+002    -0.67656526E-003    -0.10839837E-001
     0.14773229E+000    -0.70820729E-002     0.39946638E-002    -0.63510450E+001     0.24995212E+002     0.61890272E-003    -0.10495792E-001
     0.14809978E+000    -0.70915064E-002     0.38815735E-002    -0.78593500E+001     0.23258601E+002     0.15993994E-002    -0.98836364E-002
     0.14846727E+000    -0.68514158E-002     0.39105501E-002    -0.86325822E+001     0.21543483E+002     0.22362896E-002    -0.92075543E-002
     0.14883477E+000    -0.65669553E-002     0.43326658E-002    -0.88765379E+001     0.20171902E+002     0.26236329E-002    -0.86362066E-002
     0.14920226E+000    -0.65919009E-002     0.51131944E-002    -0.89092866E+001     0.19270719E+002     0.29245595E-002    -0.82316563E-002
     0.14956975E+000    -0.71261111E-002     0.59433143E-002    -0.90249764E+001     0.18770320E+002     0.32862839E-002    -0.79318031E-002
     0.14993725E+000    -0.80638186E-002     0.64753149E-002    -0.93957120E+001     0.18468669E+002     0.37555071E-002    -0.75909958E-002
     0.15030474E+000    -0.90923041E-002     0.65837199E-002    -0.10029770E+002     0.18140512E+002     0.42400096E-002    -0.70868878E-002
     0.15067223E+000    -0.99736303E-002     0.64212738E-002    -0.10820598E+002     0.17642089E+002     0.45844952E-002    -0.64311466E-002
     0.15103973E+000    -0.10716399E-001     0.62020763E-002    -0.11641484E+002     0.16932913E+002     0.47150481E-002    -0.57581531E-002
     0.15140722E+000    -0.11476026E-001     0.59804193E-002    -0.12400779E+002     0.16035538E+002     0.46952056E-002    -0.51941843E-002
     0.15177471E+000    -0.12349529E-001     0.56255596E-002    -0.13052220E+002     0.14986977E+002     0.46438167E-002    -0.47567494E-002
     0.15214221E+000    -0.13243504E-001     0.49540130E-002    -0.13565162E+002     0.13805222E+002     0.46240601E-002    -0.43763072E-002
     0.15250970E+000    -0.13901989E-001     0.39327911E-002    -0.13886230E+002     0.12510616E+002     0.46156330E-002    -0.39873059E-002
     0.15287719E+000    -0.14116993E-001     0.27602007E-002    -0.13960146E+002     0.11168055E+002     0.45697680E-002    -0.35813071E-002
     0.15324469E+000    -0.13889264E-001     0.17168530E-002    -0.13777549E+002     0.98743990E+001     0.44626522E-002    -0.31880174E-002
     0.15361218E+000    -0.13380642E-001     0.98983804E-003    -0.13382474E+002     0.87140411E+001     0.43011516E-002    -0.28378890E-002
     0.15397967E+000    -0.12793174E-001     0.63381163E-003    -0.12847085E+002     0.77332598E+001     0.41058542E-002    -0.25469834E-002
     0.15434717E+000    -0.12305248E-001     0.60526189E-003    -0.12245076E+002     0.69396418E+001     0.38987577E-002    -0.23186542E-002
     0.15471466E+000    -0.12045449E-001     0.78739593E-003    -0.11635878E+002     0.63127278E+001     0.36990780E-002    -0.21480593E-002
     0.15508215E+000    -0.12057641E-001     0.10162204E-002    -0.11057622E+002     0.58164275E+001     0.35222724E-002    -0.20246427E-002
     0.15544965E+000    -0.12280385E-001     0.11445135E-002    -0.10525990E+002     0.54113721E+001     0.33790243E-002    -0.19330512E-002
     0.15581714E+000    -0.12589483E-001     0.11099773E-002    -0.10039188E+002     0.50649479E+001     0.32727809E-002    -0.18541414E-002
     0.15618463E+000    -0.12876879E-001     0.94338892E-003    -0.95852724E+001     0.47557699E+001     0.31964213E-002    -0.17691632E-002
     0.15655213E+000    -0.13101247E-001     0.71944883E-003    -0.91488133E+001     0.44756454E+001     0.31336001E-002    -0.16680729E-002
     0.15691962E+000    -0.13284799E-001     0.49470737E-003    -0.87196298E+001     0.42282499E+001     0.30683655E-002    -0.15539231E-002
     0.15728711E+000    -0.13467496E-001     0.27540629E-003    -0.82982543E+001     0.40203049E+001     0.29939116E-002    -0.14365865E-002
     0.15765461E+000    -0.13660511E-001     0.36595410E-004    -0.78912340E+001     0.38530407E+001     0.29114831E-002    -0.13238116E-002
     0.15802210E+000    -0.13841877E-001    -0.23200142E-003    -0.75035783E+001     0.37231681E+001     0.28246669E-002    -0.12189856E-002
     0.15838959E+000    -0.13996017E-001    -0.50316724E-003    -0.71386327E+001     0.36284212E+001     0.27372018E-002    -0.11231677E-002
     0.15875709E+000    -0.14154602E-001    -0.74126831E-003    -0.68034023E+001     0.35673766E+001     0.26534502E-002    -0.10351259E-002
     0.15912458E+000    -0.14388983E-001    -0.96027321E-003    -0.65095530E+001     0.35324109E+001     0.25766954E-002    -0.94983936E-003
     0.15949207E+000    -0.14747522E-001    -0.12540067E-002    -0.62653737E+001     0.35042758E+001     0.25055082E-002    -0.85973207E-003
     0.15985957E+000    -0.15180464E-001    -0.17578249E-002    -0.60641357E+001     0.34570390E+001     0.24323506E-002    -0.75938225E-003
     0.16022706E+000    -0.15520396E-001    -0.25479831E-002    -0.58809868E+001     0.33734776E+001     0.23469768E-002    -0.64993613E-003
     0.16059455E+000    -0.15560704E-001    -0.35514498E-002    -0.56857872E+001     0.32577949E+001     0.22419981E-002    -0.53886562E-003
     0.16096205E+000    -0.15189751E-001    -0.45500115E-002    -0.54613361E+001     0.31314811E+001     0.21155521E-002    -0.43610930E-003
     0.16132954E+000    -0.14480917E-001    -0.53004478E-002    -0.52094219E+001     0.30171696E+001     0.19708083E-002    -0.35070976E-003
     0.16169703E+000    -0.13640939E-001    -0.56874071E-002    -0.49428404E+001     0.29265371E+001     0.18142267E-002    -0.28875636E-003
     0.16206453E+000    -0.12857126E-001    -0.57547747E-002    -0.46737804E+001     0.28589510E+001     0.16533295E-002    -0.25304044E-003
     0.16243202E+000    -0.12215735E-001    -0.56045492E-002    -0.44063067E+001     0.28081018E+001     0.14958482E-002    -0.24373748E-003
     0.16279951E+000    -0.11740973E-001    -0.53160452E-002    -0.41371777E+001     0.27711683E+001     0.13491240E-002    -0.25778146E-003
     0.16316700E+000    -0.11443915E-001    -0.49472259E-002    -0.38634618E+001     0.27522873E+001     0.12173350E-002    -0.28920287E-003
     0.16353450E+000    -0.11330029E-001    -0.45538289E-002    -0.35880851E+001     0.27579360E+001     0.11002607E-002    -0.33317122E-003
     0.16390199E+000    -0.11393454E-001    -0.41956729E-002    -0.33185067E+001     0.27914662E+001     0.99715267E-003    -0.38936109E-003
     0.16426948E+000    -0.11606970E-001    -0.39388319E-002    -0.30632910E+001     0.28520422E+001     0.91255337E-003    -0.45967224E-003
     0.16463698E+000    -0.11903100E-001    -0.38416378E-002    -0.28309895E+001     0.29350639E+001     0.85744908E-003    -0.53976464E-003
     0.16500447E+000    -0.12177368E-001    -0.39162994E-002    -0.26288151E+001     0.30305405E+001     0.83910916E-003    -0.61205212E-003
     0.16537196E+000    -0.12324527E-001    -0.41021952E-002    -0.24571848E+001     0.31226960E+001     0.84668607E-003    -0.65457409E-003
     0.16573946E+000    -0.12296356E-001    -0.42628005E-002    -0.23040792E+001     0.31970749E+001     0.85479285E-003    -0.66136394E-003
     0.16610695E+000    -0.12167678E-001    -0.42443108E-002    -0.21492550E+001     0.32521186E+001     0.84521989E-003    -0.64641392E-003
     0.16647444E+000    -0.12122918E-001    -0.39909386E-002    -0.19784982E+001     0.33017667E+001     0.81688378E-003    -0.62592111E-003
     0.16684194E+000    -0.12342682E-001    -0.36026263E-002    -0.17936688E+001     0.33640497E+001     0.77483780E-003    -0.60676489E-003
     0.16720943E+000    -0.12895188E-001    -0.32836699E-002    -0.16088903E+001     0.34466991E+001     0.72122566E-003    -0.59154898E-003
     0.16757692E+000    -0.13697499E-001    -0.32446420E-002    -0.14370597E+001     0.35415692E+001     0.65717134E-003    -0.58383817E-003
     0.16794442E+000    -0.14536889E-001    -0.36012419E-002    -0.12766038E+001     0.36319856E+001     0.58522773E-003    -0.58710011E-003
     0.16831191E+000    -0.15164869E-001    -0.42914588E-002    -0.11093716E+001     0.37089344E+001     0.50828462E-003    -0.60353749E-003
     0.16867940E+000    -0.15453462E-001    -0.50966126E-002    -0.91346158E+000     0.37823206E+001     0.42880450E-003    -0.63528375E-003
     0.16904690E+000    -0.15464649E-001    -0.58015779E-002    -0.67896567E+000     0.38766199E+001     0.35011383E-003    -0.68521167E-003
     0.16941439E+000    -0.15349871E-001    -0.63147875E-002    -0.41269428E+000     0.40178074E+001     0.27759615E-003    -0.75568407E-003
     0.16978188E+000    -0.15243413E-001    -0.66473238E-002    -0.13283731E+000     0.42244472E+001     0.21774064E-003    -0.84701554E-003
     0.17014938E+000    -0.15231793E-001    -0.68619853E-002     0.13735409E+000     0.45062479E+001     0.17663136E-003    -0.95842647E-003
     0.17051687E+000    -0.15349389E-001    -0.70354839E-002     0.37198952E+000     0.48649238E+001     0.16193283E-003    -0.10899444E-002
     0.17088436E+000    -0.15599899E-001    -0.72280509E-002     0.54387780E+000     0.52930780E+001     0.18719406E-003    -0.12392329E-002
     0.17125186E+000    -0.15984802E-001    -0.74935885E-002     0.62733257E+000     0.57728331E+001     0.27016997E-003    -0.13929693E-002
     0.17161935E+000    -0.16492490E-001    -0.78985090E-002     0.60177097E+000     0.62741828E+001     0.42148379E-003    -0.15225734E-002
     0.17198684E+000    -0.17083697E-001    -0.85100372E-002     0.46032046E+000     0.67533951E+001     0.63292107E-003    -0.15923119E-002
     0.17235434E+000    -0.17698279E-001    -0.93873134E-002     0.22381614E+000     0.71619242E+001     0.87676736E-003    -0.15731157E-002
     0.17272183E+000    -0.18247822E-001    -0.10590884E-001    -0.56328968E-001     0.74701833E+001     0.11123114E-002    -0.14501788E-002
     0.17308932E+000    -0.18579383E-001    -0.12160774E-001    -0.31737174E+000     0.76886862E+001     0.12897461E-002    -0.12287778E-002
     0.17345682E+000    -0.18481338E-001    -0.14038466E-001    -0.51689880E+000     0.78697643E+001     0.13626825E-002    -0.94599988E-003
     0.17382431E+000    -0.17779503E-001    -0.16015364E-001    -0.66027273E+000     0.80847262E+001     0.13183635E-002    -0.66459896E-003
     0.17419180E+000    -0.16455133E-001    -0.17788700E-001    -0.80386396E+000     0.83838935E+001     0.11880938E-002    -0.43353261E-003
     0.17455930E+000    -0.14678364E-001    -0.19099696E-001    -0.10260610E+001     0.87665234E+001     0.10125881E-002    -0.26115422E-003
     0.17492679E+000    -0.12725228E-001    -0.19850807E-001    -0.13889029E+001     0.91821400E+001     0.80724044E-003    -0.13593394E-003
     0.17529428E+000    -0.10839400E-001    -0.20127234E-001    -0.19152783E+001     0.95518610E+001     0.56774879E-003    -0.60557760E-004
     0.17566178E+000    -0.91163061E-002    -0.20113571E-001    -0.25802171E+001     0.97935122E+001     0.29952876E-003    -0.58963506E-004
     0.17602927E+000    -0.74933173E-002    -0.19938423E-001    -0.33152315E+001     0.98507819E+001     0.35699465E-004    -0.15376547E-003
     0.17639676E+000    -0.58875670E-002    -0.19586329E-001    -0.40334963E+001     0.97153778E+001    -0.17446014E-003    -0.33965842E-003
     0.17676426E+000    -0.43198476E-002    -0.18991111E-001    -0.46625676E+001     0.94252228E+001    -0.29375168E-003    -0.57917576E-003
     0.17713175E+000    -0.28594281E-002    -0.18163499E-001    -0.51650319E+001     0.90449829E+001    -0.31659044E-003    -0.82137673E-003
     0.17749924E+000    -0.14956641E-002    -0.17157272E-001    -0.55442255E+001     0.86421773E+001    -0.26918951E-003    -0.10278793E-002
     0.17786673E+000    -0.14557852E-003    -0.15923716E-001    -0.58377867E+001     0.82652203E+001    -0.19065882E-003    -0.11934325E-002
     0.17823423E+000     0.11789628E-002    -0.14250402E-001    -0.61012739E+001     0.79270075E+001    -0.98905477E-004    -0.13465317E-002
     0.17860172E+000     0.21852754E-002    -0.11907680E-001    -0.63822484E+001     0.75981701E+001     0.37400252E-004    -0.15139272E-002
     0.17896921E+000     0.23323402E-002    -0.89684849E-002    -0.66896800E+001     0.72210624E+001     0.27715146E-003    -0.16623553E-002
     0.17933671E+000     0.11944398E-002    -0.59813107E-002    -0.69819135E+001     0.67481487E+001     0.62273522E-003    -0.16895324E-002
     0.17970420E+000    -0.11559608E-002    -0.37334157E-002    -0.71911480E+001     0.61776388E+001     0.96703867E-003    -0.15185431E-002
     0.18007169E+000    -0.41112566E-002    -0.27841806E-002    -0.72659159E+001     0.55560868E+001     0.11726212E-002    -0.11950002E-002
     0.18043919E+000    -0.68782506E-002    -0.31478150E-002    -0.71974671E+001     0.49490062E+001     0.11938274E-002    -0.84794819E-003
     0.18080668E+000    -0.89202610E-002    -0.43794048E-002    -0.70139824E+001     0.44070328E+001     0.10868636E-002    -0.57567287E-003
     0.18117417E+000    -0.10128056E-001    -0.59269560E-002    -0.67566722E+001     0.39524945E+001     0.93325747E-003    -0.39986252E-003
     0.18154167E+000    -0.10689683E-001    -0.74184414E-002    -0.64609580E+001     0.35862141E+001     0.78574796E-003    -0.29403952E-003
     0.18190916E+000    -0.10847211E-001    -0.87383264E-002    -0.61513067E+001     0.32997675E+001     0.66050602E-003    -0.22148226E-003
     0.18227665E+000    -0.10723399E-001    -0.99012800E-002    -0.58442574E+001     0.30826118E+001     0.55001677E-003    -0.15615561E-003
     0.18264415E+000    -0.10357383E-001    -0.10885630E-001    -0.55515608E+001     0.29235160E+001     0.43827705E-003    -0.87893758E-004
     0.18301164E+000    -0.98251407E-002    -0.11640637E-001    -0.52809497E+001     0.28107745E+001     0.31052474E-003    -0.19233018E-004
     0.18337913E+000    -0.92225852E-002    -0.12171447E-001    -0.50365170E+001     0.27331251E+001     0.15740728E-003     0.38921071E-004
     0.18374663E+000    -0.86005143E-002    -0.12507067E-001    -0.48195919E+001     0.26805149E+001    -0.22184337E-004     0.70268076E-004
     0.18411412E+000    -0.80079934E-002    -0.12653792E-001    -0.46298184E+001     0.26443832E+001    -0.21724980E-003     0.58307001E-004
     0.18448161E+000    -0.75226289E-002    -0.12652435E-001    -0.44662591E+001     0.26168780E+001    -0.40570538E-003    -0.31376657E-005
     0.18484911E+000    -0.71771227E-002    -0.12609307E-001    -0.43263845E+001     0.25890739E+001    -0.56674980E-003    -0.10316319E-003
     0.18521660E+000    -0.69051248E-002    -0.12617610E-001    -0.42027085E+001     0.25524217E+001    -0.69414977E-003    -0.22228427E-003
     0.18558409E+000    -0.66009158E-002    -0.12671718E-001    -0.40834889E+001     0.25042662E+001    -0.79454317E-003    -0.34762907E-003
     0.18595159E+000    -0.62241272E-002    -0.12686537E-001    -0.39591058E+001     0.24492985E+001    -0.87493216E-003    -0.47703072E-003
     0.18631908E+000    -0.58250757E-002    -0.12598530E-001    -0.38253495E+001     0.23947590E+001    -0.93600182E-003    -0.61119796E-003
     0.18668657E+000    -0.54643416E-002    -0.12423636E-001    -0.36814545E+001     0.23474366E+001    -0.97597443E-003    -0.74713367E-003
     0.18705407E+000    -0.51383441E-002    -0.12202353E-001    -0.35292940E+001     0.23139202E+001    -0.99626259E-003    -0.87966298E-003
     0.18742156E+000    -0.48092440E-002    -0.11918102E-001    -0.33740418E+001     0.22993383E+001    -0.10012856E-002    -0.10067159E-002
     0.18778905E+000    -0.44899793E-002    -0.11498149E-001    -0.32226284E+001     0.23053482E+001    -0.99274719E-003    -0.11305311E-002
     0.18815655E+000    -0.42811632E-002    -0.10893060E-001    -0.30811655E+001     0.23305869E+001    -0.96659812E-003    -0.12511605E-002
     0.18852404E+000    -0.43174192E-002    -0.10153177E-001    -0.29545940E+001     0.23728007E+001    -0.91990724E-003    -0.13616249E-002
     0.18889153E+000    -0.46695833E-002    -0.94224784E-002    -0.28487012E+001     0.24290270E+001    -0.85648546E-003    -0.14541254E-002
     0.18925903E+000    -0.52999456E-002    -0.88551758E-002    -0.27704157E+001     0.24923985E+001    -0.78223953E-003    -0.15246951E-002
     0.18962652E+000    -0.60993317E-002    -0.85454851E-002    -0.27232308E+001     0.25498367E+001    -0.70291593E-003    -0.15698269E-002
     0.18999401E+000    -0.69414040E-002    -0.85132624E-002    -0.27014207E+001     0.25858517E+001    -0.62751824E-003    -0.15865273E-002
     0.19036151E+000    -0.77235631E-002    -0.87122330E-002    -0.26899282E+001     0.25904722E+001    -0.56768659E-003    -0.15763829E-002
     0.19072900E+000    -0.84062847E-002    -0.90619561E-002    -0.26704748E+001     0.25643460E+001    -0.53430816E-003    -0.15460110E-002
     0.19109649E+000    -0.90125463E-002    -0.95141605E-002    -0.26291026E+001     0.25180166E+001    -0.53682411E-003    -0.15062265E-002
     0.19146399E+000    -0.95575979E-002    -0.10084952E-001    -0.25609112E+001     0.24663257E+001    -0.58222278E-003    -0.14741936E-002
     0.19183148E+000    -0.99946450E-002    -0.10795266E-001    -0.24690743E+001     0.24216808E+001    -0.66854513E-003    -0.14752362E-002
     0.19219897E+000    -0.10254577E-001    -0.11605803E-001    -0.23600946E+001     0.23913630E+001    -0.77492593E-003    -0.15361818E-002
     0.19256647E+000    -0.10310584E-001    -0.12429351E-001    -0.22405902E+001     0.23788410E+001    -0.85915040E-003    -0.16673286E-002
     0.19293396E+000    -0.10194208E-001    -0.13177036E-001    -0.21166270E+001     0.23850440E+001    -0.87502990E-003    -0.18429144E-002
     0.19330145E+000    -0.99891005E-002    -0.13790943E-001    -0.19927963E+001     0.24086876E+001    -0.80838118E-003    -0.20041611E-002
     0.19366894E+000    -0.98072918E-002    -0.14282373E-001    -0.18709163E+001     0.24481769E+001    -0.69806712E-003    -0.21005562E-002
     0.19403644E+000    -0.97320535E-002    -0.14746717E-001    -0.17516230E+001     0.25045546E+001    -0.60538083E-003    -0.21334142E-002
     0.19440393E+000    -0.97568140E-002    -0.15332137E-001    -0.16384694E+001     0.25811307E+001    -0.56100064E-003    -0.21475541E-002
     0.19477142E+000    -0.97533989E-002    -0.16165502E-001    -0.15395358E+001     0.26790174E+001    -0.54995994E-003    -0.21861392E-002
     0.19513892E+000    -0.94987568E-002    -0.17259388E-001    -0.14639514E+001     0.27931850E+001    -0.53634059E-003    -0.22614379E-002
     0.19550641E+000    -0.87752452E-002    -0.18445555E-001    -0.14164950E+001     0.29133583E+001    -0.49324283E-003    -0.23564089E-002
     0.19587390E+000    -0.75192567E-002    -0.19402728E-001    -0.13953674E+001     0.30286531E+001    -0.41795701E-003    -0.24446861E-002
     0.19624140E+000    -0.59151821E-002    -0.19810281E-001    -0.13938819E+001     0.31314117E+001    -0.32580858E-003    -0.25120961E-002
     0.19660889E+000    -0.43381842E-002    -0.19536910E-001    -0.14030177E+001     0.32187651E+001    -0.23168905E-003    -0.25617444E-002
     0.19697638E+000    -0.31669152E-002    -0.18737346E-001    -0.14142246E+001     0.32935682E+001    -0.13935665E-003    -0.26042501E-002
     0.19734388E+000    -0.25631296E-002    -0.17768996E-001    -0.14237510E+001     0.33631155E+001    -0.40911260E-004    -0.26470091E-002
     0.19771137E+000    -0.24131434E-002    -0.16946238E-001    -0.14341906E+001     0.34335719E+001     0.77002549E-004    -0.26849724E-002
     0.19807886E+000    -0.25025600E-002    -0.16388659E-001    -0.14499642E+001     0.35065094E+001     0.21915079E-003    -0.26988855E-002
     0.19844636E+000    -0.26688583E-002    -0.16093738E-001    -0.14739689E+001     0.35818542E+001     0.37082202E-003    -0.26685848E-002
     0.19881385E+000    -0.27898989E-002    -0.16023371E-001    -0.15104225E+001     0.36601030E+001     0.50449131E-003    -0.25903683E-002
     0.19918134E+000    -0.27667934E-002    -0.16087628E-001    -0.15671019E+001     0.37378431E+001     0.59746538E-003    -0.24803986E-002
     0.19954884E+000    -0.25830986E-002    -0.16154074E-001    -0.16495637E+001     0.38028003E+001     0.64402294E-003    -0.23634767E-002
     0.19991633E+000    -0.23118185E-002    -0.16145386E-001    -0.17515968E+001     0.38377652E+001     0.65377156E-003    -0.22575037E-002
     0.20028382E+000    -0.20023218E-002    -0.16075562E-001    -0.18531008E+001     0.38334004E+001     0.63827252E-003    -0.21674835E-002
     0.20065132E+000    -0.16236853E-002    -0.15933436E-001    -0.19312015E+001     0.37983843E+001     0.60216955E-003    -0.20944550E-002
     0.20101881E+000    -0.11865461E-002    -0.15608347E-001    -0.19759152E+001     0.37559744E+001     0.54871072E-003    -0.20435500E-002
     0.20138630E+000    -0.85068859E-003    -0.15011872E-001    -0.19971395E+001     0.37292420E+001     0.48624380E-003    -0.20204826E-002
     0.20175380E+000    -0.83432825E-003    -0.14235136E-001    -0.20178474E+001     0.37268061E+001     0.42727962E-003    -0.20260377E-002
     0.20212129E+000    -0.12184224E-002    -0.13535889E-001    -0.20603174E+001     0.37383985E+001     0.38495155E-003    -0.20527108E-002
     0.20248878E+000    -0.18518245E-002    -0.13152113E-001    -0.21335876E+001     0.37401899E+001     0.36529259E-003    -0.20830933E-002
     0.20285628E+000    -0.24684633E-002    -0.13114009E-001    -0.22271156E+001     0.37074274E+001     0.35784503E-003    -0.20987248E-002
     0.20322377E+000    -0.29116197E-002    -0.13258021E-001    -0.23156363E+001     0.36287664E+001     0.34058038E-003    -0.20958104E-002
     0.20359126E+000    -0.32098481E-002    -0.13419959E-001    -0.23733393E+001     0.35117438E+001     0.29606788E-003    -0.20875332E-002
     0.20395876E+000    -0.34559907E-002    -0.13551589E-001    -0.23854546E+001     0.33757251E+001     0.21986958E-003    -0.20939784E-002
     0.20432625E+000    -0.37039700E-002    -0.13670103E-001    -0.23494515E+001     0.32416155E+001     0.11920295E-003    -0.21323320E-002
     0.20469374E+000    -0.39814226E-002    -0.13799748E-001    -0.22708621E+001     0.31269931E+001     0.57917611E-005    -0.22118405E-002
     0.20506124E+000    -0.43033697E-002    -0.13983988E-001    -0.21603383E+001     0.30450437E+001    -0.11146871E-003    -0.23380960E-002
     0.20542873E+000    -0.46394315E-002    -0.14277735E-001    -0.20317861E+001     0.30037853E+001    -0.22291279E-003    -0.25210682E-002
     0.20579622E+000    -0.49137021E-002    -0.14696509E-001    -0.19003493E+001     0.30055991E+001    -0.30809705E-003    -0.27721850E-002
     0.20616372E+000    -0.50525500E-002    -0.15190534E-001    -0.17803736E+001     0.30474774E+001    -0.33411563E-003    -0.30924603E-002
     0.20653121E+000    -0.50311576E-002    -0.15663399E-001    -0.16839265E+001     0.31219972E+001    -0.26397794E-003    -0.34627380E-002
     0.20689870E+000    -0.48968571E-002    -0.16011507E-001    -0.16201838E+001     0.32178331E+001    -0.70938552E-004    -0.38404384E-002
     0.20726620E+000    -0.47716162E-002    -0.16174120E-001    -0.15932820E+001     0.33190832E+001     0.24382802E-003    -0.41672247E-002
     0.20763369E+000    -0.48182056E-002    -0.16194870E-001    -0.15968610E+001     0.34080001E+001     0.64117022E-003    -0.43927956E-002
     0.20800118E+000    -0.51384587E-002    -0.16253533E-001    -0.16126849E+001     0.34754210E+001     0.10582885E-002    -0.45031168E-002
     0.20836868E+000    -0.56507963E-002    -0.16573884E-001    -0.16217332E+001     0.35295507E+001     0.14419693E-002    -0.45267991E-002
     0.20873617E+000    -0.61191819E-002    -0.17227372E-001    -0.16190392E+001     0.35903356E+001     0.17727666E-002    -0.45152988E-002
     0.20910366E+000    -0.63750223E-002    -0.18070019E-001    -0.16170792E+001     0.36743394E+001     0.20686468E-002    -0.45172791E-002
     0.20947115E+000    -0.64696158E-002    -0.18939318E-001    -0.16370037E+001     0.37841197E+001     0.23761375E-002    -0.45581768E-002
     0.20983865E+000    -0.65352771E-002    -0.19876909E-001    -0.16969394E+001     0.39075558E+001     0.27523763E-002    -0.46262951E-002
     0.21020614E+000    -0.65140559E-002    -0.21069227E-001    -0.18045150E+001     0.40243279E+001     0.32408383E-002    -0.46705722E-002
     0.21057363E+000    -0.61119189E-002    -0.22558498E-001    -0.19563779E+001     0.41138106E+001     0.38471265E-002    -0.46120038E-002
     0.21094113E+000    -0.50485361E-002    -0.24068898E-001    -0.21414534E+001     0.41583143E+001     0.45202609E-002    -0.43723977E-002
     0.21130862E+000    -0.33452864E-002    -0.25139706E-001    -0.23403262E+001     0.41439634E+001     0.51610959E-002    -0.39222144E-002
     0.21167611E+000    -0.13633690E-002    -0.25454427E-001    -0.25247228E+001     0.40682938E+001     0.56801877E-002    -0.33047797E-002
     0.21204361E+000     0.46262184E-003    -0.25032380E-001    -0.26686340E+001     0.39475631E+001     0.60483327E-002    -0.25922858E-002
     0.21241110E+000     0.18779685E-002    -0.24092041E-001    -0.27623976E+001     0.38092839E+001     0.62761986E-002    -0.18277316E-002
     0.21277859E+000     0.27856947E-002    -0.22839855E-001    -0.28135135E+001     0.36772223E+001     0.63664034E-002    -0.10255693E-002
     0.21314609E+000     0.31196530E-002    -0.21451275E-001    -0.28374956E+001     0.35641250E+001     0.63034875E-002    -0.20382388E-003
     0.21351358E+000     0.28438782E-002    -0.20147207E-001    -0.28504373E+001     0.34729593E+001     0.60717902E-002     0.60177634E-003
     0.21388107E+000     0.20315815E-002    -0.19178264E-001    -0.28662715E+001     0.33994522E+001     0.56696335E-002     0.13430346E-002
     0.21424857E+000     0.87278382E-003    -0.18736212E-001    -0.28946672E+001     0.33328049E+001     0.51149447E-002     0.19678106E-002
     0.21461606E+000    -0.38017041E-003    -0.18908353E-001    -0.29368616E+001     0.32577990E+001     0.44482356E-002     0.24297107E-002
     0.21498355E+000    -0.14555958E-002    -0.19659145E-001    -0.29833209E+001     0.31615531E+001     0.37298339E-002     0.27013757E-002
     0.21535105E+000    -0.21376866E-002    -0.20810240E-001    -0.30181301E+001     0.30406281E+001     0.30269442E-002     0.27848142E-002
     0.21571854E+000    -0.23691676E-002    -0.22110809E-001    -0.30269786E+001     0.29021882E+001     0.23960000E-002     0.27107512E-002
     0.21608603E+000    -0.22397757E-002    -0.23381783E-001    -0.30027538E+001     0.27597967E+001     0.18687007E-002     0.25271191E-002
     0.21645353E+000    -0.18662351E-002    -0.24569111E-001    -0.29467975E+001     0.26275332E+001     0.14480575E-002     0.22793859E-002
     0.21682102E+000    -0.13095489E-002    -0.25689495E-001    -0.28662747E+001     0.25155095E+001     0.11220627E-002     0.19924967E-002
     0.21718851E+000    -0.56124234E-003    -0.26760917E-001    -0.27701951E+001     0.24289559E+001     0.88774663E-003     0.16721793E-002
     0.21755601E+000     0.42888094E-003    -0.27740143E-001    -0.26673834E+001     0.23697320E+001     0.76259240E-003     0.13268596E-002
     0.21792350E+000     0.16665737E-002    -0.28491105E-001    -0.25664611E+001     0.23371273E+001     0.77155608E-003     0.98901382E-003
     0.21829099E+000     0.30088433E-002    -0.28860049E-001    -0.24753069E+001     0.23272660E+001     0.92235001E-003     0.71764504E-003
     0.21865849E+000     0.41792326E-002    -0.28849365E-001    -0.23989543E+001     0.23332689E+001     0.11851837E-002     0.58280343E-003
     0.21902598E+000     0.49709458E-002    -0.28706038E-001    -0.23379145E+001     0.23477598E+001     0.14849611E-002     0.63656139E-003
     0.21939347E+000     0.54410120E-002    -0.28763670E-001    -0.22892768E+001     0.23661172E+001     0.17193187E-002     0.87839402E-003
     0.21976097E+000     0.58657653E-002    -0.29201812E-001    -0.22498455E+001     0.23876423E+001     0.18058581E-002     0.12450037E-002
     0.22012846E+000     0.65470693E-002    -0.29965992E-001    -0.22189423E+001     0.24143430E+001     0.17203457E-002     0.16464893E-002
     0.22049595E+000     0.76683336E-002    -0.30848798E-001    -0.21999780E+001     0.24481207E+001     0.14867643E-002     0.20144165E-002
     0.22086345E+000     0.92730782E-002    -0.31610927E-001    -0.21994264E+001     0.24869110E+001     0.11402035E-002     0.23148309E-002
     0.22123094E+000     0.11321793E-001    -0.32030258E-001    -0.22225117E+001     0.25228103E+001     0.70480045E-003     0.25302636E-002
     0.22159843E+000     0.13699201E-001    -0.31869951E-001    -0.22688669E+001     0.25443539E+001     0.19765740E-003     0.26378097E-002
     0.22196593E+000     0.16128715E-001    -0.30906356E-001    -0.23311259E+001     0.25411168E+001    -0.34824470E-003     0.26054181E-002
     0.22233342E+000     0.18151512E-001    -0.29099136E-001    -0.23970034E+001     0.25082300E+001    -0.87201972E-003     0.24191050E-002
     0.22270091E+000     0.19312242E-001    -0.26742895E-001    -0.24543118E+001     0.24480330E+001    -0.13125289E-002     0.21068613E-002
     0.22306841E+000     0.19429491E-001    -0.24392611E-001    -0.24949124E+001     0.23671442E+001    -0.16410683E-002     0.17201060E-002
     0.22343590E+000     0.18706916E-001    -0.22594902E-001    -0.25143345E+001     0.22729606E+001    -0.18570340E-002     0.13030655E-002
     0.22380339E+000     0.17610489E-001    -0.21646594E-001    -0.25102657E+001     0.21731737E+001    -0.19686424E-002     0.88826950E-003
     0.22417088E+000     0.16650491E-001    -0.21518995E-001    -0.24829590E+001     0.20760506E+001    -0.19898643E-002     0.50542215E-003
     0.22453838E+000     0.16189048E-001    -0.21916850E-001    -0.24359711E+001     0.19891684E+001    -0.19481830E-002     0.17855237E-003
     0.22490587E+000     0.16321222E-001    -0.22441119E-001    -0.23754909E+001     0.19177152E+001    -0.18810686E-002    -0.88286525E-004
     0.22527336E+000     0.16913616E-001    -0.22789499E-001    -0.23088114E+001     0.18636687E+001    -0.18166864E-002    -0.31544127E-003
     0.22564086E+000     0.17766946E-001    -0.22825027E-001    -0.22428023E+001     0.18259117E+001    -0.17587346E-002    -0.53237273E-003
     0.22600835E+000     0.18703662E-001    -0.22500338E-001    -0.21828226E+001     0.18009629E+001    -0.16895586E-002    -0.75805569E-003
     0.22637584E+000     0.19540679E-001    -0.21821635E-001    -0.21322150E+001     0.17838528E+001    -0.15834556E-002    -0.99158713E-003
     0.22674334E+000     0.20106583E-001    -0.20891299E-001    -0.20920259E+001     0.17687817E+001    -0.14204476E-002    -0.12118712E-002
     0.22711083E+000     0.20318026E-001    -0.19882297E-001    -0.20605506E+001     0.17499450E+001    -0.11989448E-002    -0.13845823E-002
     0.22747832E+000     0.20178371E-001    -0.18961037E-001    -0.20332660E+001     0.17229945E+001    -0.94237576E-003    -0.14778981E-002
     0.22784582E+000     0.19730164E-001    -0.18286811E-001    -0.20038361E+001     0.16865789E+001    -0.69169106E-003    -0.14803946E-002
     0.22821331E+000     0.19099969E-001    -0.18039043E-001    -0.19660721E+001     0.16430703E+001    -0.48616627E-003    -0.14074258E-002
     0.22858080E+000     0.18558024E-001    -0.18324914E-001    -0.19160804E+001     0.15978989E+001    -0.34709149E-003    -0.12911113E-002
     0.22894830E+000     0.18434476E-001    -0.19046494E-001    -0.18535787E+001     0.15576937E+001    -0.27514570E-003    -0.11643881E-002
     0.22931579E+000     0.18945519E-001    -0.19902889E-001    -0.17818865E+001     0.15280246E+001    -0.25733588E-003    -0.10512019E-002
     0.22968328E+000     0.20095599E-001    -0.20512747E-001    -0.17065714E+001     0.15115158E+001    -0.27478465E-003    -0.96343761E-003
     0.23005078E+000     0.21672777E-001    -0.20541095E-001    -0.16330921E+001     0.15071994E+001    -0.30993414E-003    -0.90102137E-003
     0.23041827E+000     0.23291671E-001    -0.19816628E-001    -0.15645505E+001     0.15116803E+001    -0.35309715E-003    -0.85632795E-003
     0.23078576E+000     0.24518968E-001    -0.18433362E-001    -0.15009400E+001     0.15216235E+001    -0.40378902E-003    -0.82224638E-003
     0.23115326E+000     0.25070804E-001    -0.16729332E-001    -0.14406044E+001     0.15360132E+001    -0.46569925E-003    -0.79764477E-003
     0.23152075E+000     0.24921441E-001    -0.15116913E-001    -0.13830271E+001     0.15562924E+001    -0.54050657E-003    -0.78680601E-003
     0.23188824E+000     0.24258625E-001    -0.13928050E-001    -0.13304925E+001     0.15840246E+001    -0.62513862E-003    -0.79504733E-003
     0.23225574E+000     0.23406467E-001    -0.13342039E-001    -0.12869817E+001     0.16182228E+001    -0.71359020E-003    -0.82463593E-003
     0.23262323E+000     0.22739913E-001    -0.13322615E-001    -0.12553812E+001     0.16547664E+001    -0.80090768E-003    -0.87455187E-003
     0.23299072E+000     0.22526732E-001    -0.13605146E-001    -0.12353968E+001     0.16881945E+001    -0.88463381E-003    -0.94389406E-003
     0.23335822E+000     0.22781689E-001    -0.13841042E-001    -0.12235380E+001     0.17142835E+001    -0.96175687E-003    -0.10341424E-002
     0.23372571E+000     0.23312512E-001    -0.13822343E-001    -0.12147547E+001     0.17317191E+001    -0.10253372E-002    -0.11462698E-002
     0.23409320E+000     0.23940515E-001    -0.13542538E-001    -0.12045376E+001     0.17423437E+001    -0.10668360E-002    -0.12758833E-002
     0.23446070E+000     0.24621093E-001    -0.13023093E-001    -0.11907709E+001     0.17502044E+001    -0.10820852E-002    -0.14142958E-002
     0.23482819E+000     0.25308260E-001    -0.12174803E-001    -0.11747758E+001     0.17594934E+001    -0.10717408E-002    -0.15546170E-002
     0.23519568E+000     0.25799641E-001    -0.10913552E-001    -0.11606360E+001     0.17720396E+001    -0.10355232E-002    -0.16934406E-002
     0.23556318E+000     0.25817456E-001    -0.93460812E-002    -0.11528651E+001     0.17859238E+001    -0.96918277E-003    -0.18252068E-002
     0.23593067E+000     0.25209221E-001    -0.77632697E-002    -0.11537814E+001     0.17959316E+001    -0.86948091E-003    -0.19362963E-002
     0.23629816E+000     0.24028639E-001    -0.64804251E-002    -0.11615063E+001     0.17955037E+001    -0.74430882E-003    -0.20067873E-002
     0.23666566E+000     0.22469085E-001    -0.57142678E-002    -0.11694607E+001     0.17800818E+001    -0.61801574E-003    -0.20230325E-002
     0.23703315E+000     0.20775495E-001    -0.55601666E-002    -0.11688690E+001     0.17504017E+001    -0.52181245E-003    -0.19916747E-002
     0.23740064E+000     0.19195439E-001    -0.60005893E-002    -0.11533541E+001     0.17126044E+001    -0.47470206E-003    -0.19388576E-002
     0.23776814E+000     0.17931874E-001    -0.69105426E-002    -0.11217440E+001     0.16746573E+001    -0.47404168E-003    -0.18936245E-002
     0.23813563E+000     0.17085888E-001    -0.80937562E-002    -0.10770295E+001     0.16424552E+001    -0.50341082E-003    -0.18728669E-002
     0.23850312E+000     0.16631641E-001    -0.93627155E-002    -0.10233659E+001     0.16185262E+001    -0.54605058E-003    -0.18797759E-002
     0.23887062E+000     0.16460511E-001    -0.10622265E-001    -0.96386601E+000     0.16031386E+001    -0.59137889E-003    -0.19111636E-002
     0.23923811E+000     0.16478886E-001    -0.11892390E-001    -0.90017733E+000     0.15960511E+001    -0.63322099E-003    -0.19637743E-002
     0.23960560E+000     0.16685129E-001    -0.13245808E-001    -0.83330433E+000     0.15974827E+001    -0.66569240E-003    -0.20346573E-002
     0.23997309E+000     0.17168518E-001    -0.14719769E-001    -0.76440200E+000     0.16078906E+001    -0.68301193E-003    -0.21180217E-002
     0.24034059E+000     0.18059182E-001    -0.16263905E-001    -0.69461945E+000     0.16275045E+001    -0.68315116E-003    -0.22048165E-002
     0.24070808E+000     0.19462394E-001    -0.17719543E-001    -0.62471766E+000     0.16567161E+001    -0.66997626E-003    -0.22862195E-002
     0.24107557E+000     0.21370950E-001    -0.18843828E-001    -0.55560525E+000     0.16967240E+001    -0.65217925E-003    -0.23573473E-002
     0.24144307E+000     0.23608789E-001    -0.19418637E-001    -0.48938251E+000     0.17492879E+001    -0.64055202E-003    -0.24198261E-002
     0.24181056E+000     0.25896953E-001    -0.19378724E-001    -0.42986207E+000     0.18156645E+001    -0.64350112E-003    -0.24829577E-002
     0.24217805E+000     0.27995727E-001    -0.18827361E-001    -0.38230529E+000     0.18954045E+001    -0.66164975E-003    -0.25610950E-002
     0.24254555E+000     0.29784541E-001    -0.17948376E-001    -0.35252784E+000     0.19853025E+001    -0.68594484E-003    -0.26671157E-002
     0.24291304E+000     0.31257889E-001    -0.16922594E-001    -0.34521720E+000     0.20787203E+001    -0.70128835E-003    -0.28070617E-002
     0.24328053E+000     0.32496548E-001    -0.15873598E-001    -0.36151512E+000     0.21661638E+001    -0.69147562E-003    -0.29799724E-002
     0.24364803E+000     0.33609815E-001    -0.14822836E-001    -0.39720846E+000     0.22378511E+001    -0.63947620E-003    -0.31799854E-002
     0.24401552E+000     0.34639531E-001    -0.13706539E-001    -0.44323499E+000     0.22871776E+001    -0.52521612E-003    -0.33920586E-002
     0.24438301E+000     0.35522211E-001    -0.12482490E-001    -0.48830623E+000     0.23129591E+001    -0.33394968E-003    -0.35826212E-002
     0.24475051E+000     0.36171229E-001    -0.11209799E-001    -0.52209465E+000     0.23197547E+001    -0.76863233E-004    -0.37041401E-002
     0.24511800E+000     0.36569817E-001    -0.10011672E-001    -0.53817142E+000     0.23165872E+001     0.19986739E-003    -0.37216868E-002
     0.24548549E+000     0.36778380E-001    -0.90034396E-002    -0.53598235E+000     0.23139521E+001     0.43437726E-003    -0.36377747E-002
     0.24585299E+000     0.36908496E-001    -0.82660770E-002    -0.52031263E+000     0.23198691E+001     0.57989921E-003    -0.34914114E-002
     0.24622048E+000     0.37118290E-001    -0.78300346E-002    -0.49795197E+000     0.23375642E+001     0.62124092E-003    -0.33365934E-002
     0.24658797E+000     0.37592873E-001    -0.76293536E-002    -0.47415624E+000     0.23665762E+001     0.57085134E-003    -0.32209056E-002
     0.24695547E+000     0.38458685E-001    -0.74734447E-002    -0.45184718E+000     0.24056422E+001     0.45561373E-003    -0.31766627E-002
     0.24732296E+000     0.39682814E-001    -0.71250110E-002    -0.43320175E+000     0.24540944E+001     0.30657650E-003    -0.32229626E-002
     0.24769045E+000     0.41093934E-001    -0.64502408E-002    -0.42079838E+000     0.25110977E+001     0.15661525E-003    -0.33706226E-002
     0.24805795E+000     0.42528570E-001    -0.54690573E-002    -0.41718260E+000     0.25747304E+001     0.42619727E-004    -0.36230318E-002
     0.24842544E+000     0.43925011E-001    -0.42573844E-002    -0.42397849E+000     0.26420312E+001     0.62334329E-005    -0.39719035E-002
     0.24879293E+000     0.45282932E-001    -0.28543772E-002    -0.44135355E+000     0.27095665E+001     0.89702681E-004    -0.43919838E-002
     0.24916043E+000     0.46603998E-001    -0.12700790E-002    -0.46772328E+000     0.27741888E+001     0.32794460E-003    -0.48380149E-002
     0.24952792E+000     0.47904663E-001     0.49451893E-003    -0.49982585E+000     0.28341913E+001     0.73721827E-003    -0.52450388E-002
     0.24989541E+000     0.49214581E-001     0.24966785E-002    -0.53378968E+000     0.28905543E+001     0.13001233E-002    -0.55366326E-002
     0.25026291E+000     0.50479811E-001     0.48605898E-002    -0.56721515E+000     0.29472858E+001     0.19549631E-002    -0.56483385E-002
     0.25063040E+000     0.51511613E-001     0.76495717E-002    -0.60142093E+000     0.30101070E+001     0.26079384E-002    -0.55613548E-002
     0.25099789E+000     0.52104661E-001     0.10758743E-001    -0.64249465E+000     0.30834492E+001     0.31755362E-002    -0.53181612E-002
     0.25136539E+000     0.52181624E-001     0.13980612E-001    -0.69985493E+000     0.31669663E+001     0.36268049E-002    -0.49940610E-002
     0.25173288E+000     0.51796803E-001     0.17143573E-001    -0.78237151E+000     0.32536664E+001     0.39820368E-002    -0.46462885E-002
     0.25210037E+000     0.51042172E-001     0.20164128E-001    -0.89375564E+000     0.33312435E+001     0.42734530E-002    -0.42927714E-002
     0.25246787E+000     0.49983994E-001     0.23006418E-001    -0.10298735E+001     0.33865469E+001     0.45167291E-002    -0.39313208E-002
     0.25283536E+000     0.48664857E-001     0.25629373E-001    -0.11799714E+001     0.34108269E+001     0.47146368E-002    -0.35626923E-002
     0.25320285E+000     0.47149389E-001     0.27960952E-001    -0.13311081E+001     0.34025600E+001     0.48716058E-002    -0.31935565E-002
     0.25357035E+000     0.45588014E-001     0.29940969E-001    -0.14729629E+001     0.33663704E+001     0.49984346E-002    -0.28272604E-002
     0.25393784E+000     0.44198625E-001     0.31635361E-001    -0.15999136E+001     0.33092009E+001     0.51059547E-002    -0.24572355E-002
     0.25430533E+000     0.43121708E-001     0.33280411E-001    -0.17094792E+001     0.32372891E+001     0.51960192E-002    -0.20692064E-002
     0.25467283E+000     0.42301394E-001     0.35165828E-001    -0.18001391E+001     0.31564327E+001     0.52575641E-002    -0.16499711E-002
     0.25504032E+000     0.41519116E-001     0.37482914E-001    -0.18718158E+001     0.30735040E+001     0.52706467E-002    -0.11961928E-002
     0.25540781E+000     0.40508589E-001     0.40275345E-001    -0.19280294E+001     0.29956839E+001     0.52151182E-002    -0.71717964E-003
     0.25577530E+000     0.39028975E-001     0.43482997E-001    -0.19762745E+001     0.29272828E+001     0.50775873E-002    -0.23108826E-003
     0.25614280E+000     0.36856584E-001     0.46981039E-001    -0.20252362E+001     0.28671087E+001     0.48531190E-002     0.24135415E-003
     0.25651029E+000     0.33774102E-001     0.50540873E-001    -0.20806952E+001     0.28088692E+001     0.45421414E-002     0.68096216E-003
     0.25687778E+000     0.29658666E-001     0.53784083E-001    -0.21430086E+001     0.27443903E+001     0.41464367E-002     0.10688661E-002
     0.25724528E+000     0.24608462E-001     0.56257819E-001    -0.22075185E+001     0.26674377E+001     0.36702075E-002     0.13818000E-002
     0.25761277E+000     0.18963693E-001     0.57602587E-001    -0.22671606E+001     0.25760181E+001     0.31270825E-002     0.15913952E-002
     0.25798026E+000     0.13200526E-001     0.57683114E-001    -0.23155195E+001     0.24723809E+001     0.25459480E-002     0.16712036E-002
     0.25834776E+000     0.77738713E-002     0.56617025E-001    -0.23487923E+001     0.23613383E+001     0.19698826E-002     0.16070227E-002
     0.25871525E+000     0.29810960E-002     0.54701739E-001    -0.23661700E+001     0.22481982E+001     0.14481966E-002     0.14049984E-002
     0.25908274E+000    -0.10908124E-002     0.52272666E-001    -0.23690937E+001     0.21372881E+001     0.10242068E-002     0.10933204E-002
     0.25945024E+000    -0.45043872E-002     0.49577076E-001    -0.23601595E+001     0.20313511E+001     0.72445312E-003     0.71591376E-003
     0.25981773E+000    -0.73593980E-002     0.46746043E-001    -0.23421775E+001     0.19315429E+001     0.55392598E-003     0.32186089E-003
     0.26018522E+000    -0.97290945E-002     0.43846420E-001    -0.23174475E+001     0.18377583E+001     0.49714263E-003    -0.45038252E-004
     0.26055272E+000    -0.11665463E-001     0.40928368E-001    -0.22872982E+001     0.17492448E+001     0.52348636E-003    -0.35473659E-003
     0.26092021E+000    -0.13218750E-001     0.38029807E-001    -0.22520964E+001     0.16653654E+001     0.59626357E-003    -0.59617131E-003
     0.26128770E+000    -0.14431909E-001     0.35166845E-001    -0.22117650E+001     0.15861016E+001     0.68395186E-003    -0.77641823E-003
     0.26165520E+000    -0.15323740E-001     0.32344004E-001    -0.21664021E+001     0.15119755E+001     0.76816425E-003    -0.91259079E-003
     0.26202269E+000    -0.15890384E-001     0.29579275E-001    -0.21165053E+001     0.14436295E+001     0.84365585E-003    -0.10218646E-002
     0.26239018E+000    -0.16128449E-001     0.26917392E-001    -0.20628347E+001     0.13815337E+001     0.91331847E-003    -0.11158480E-002
     0.26275768E+000    -0.16058710E-001     0.24418527E-001    -0.20062075E+001     0.13259052E+001     0.98296454E-003    -0.11989673E-002
     0.26312517E+000    -0.15729430E-001     0.22134490E-001    -0.19472791E+001     0.12767665E+001     0.10563112E-002    -0.12691516E-002
     0.26349266E+000    -0.15201972E-001     0.20096732E-001    -0.18864163E+001     0.12342473E+001     0.11308881E-002    -0.13219873E-002
     0.26386016E+000    -0.14541335E-001     0.18319681E-001    -0.18239834E+001     0.11989599E+001     0.11987153E-002    -0.13574014E-002
     0.26422765E+000    -0.13816685E-001     0.16800051E-001    -0.17609629E+001     0.11719310E+001     0.12528013E-002    -0.13830901E-002
     0.26459514E+000    -0.13094160E-001     0.15508401E-001    -0.16993265E+001     0.11539511E+001     0.12937601E-002    -0.14107846E-002
     0.26496264E+000    -0.12418625E-001     0.14390829E-001    -0.16417574E+001     0.11447793E+001     0.13304943E-002    -0.14487425E-002
     0.26533013E+000    -0.11801668E-001     0.13387411E-001    -0.15908278E+001     0.11427504E+001     0.13750051E-002    -0.14969239E-002
     0.26569762E+000    -0.11228857E-001     0.12454290E-001    -0.15480836E+001     0.11450787E+001     0.14359377E-002    -0.15475799E-002
     0.26606512E+000    -0.10681989E-001     0.11569816E-001    -0.15136063E+001     0.11487313E+001     0.15149086E-002    -0.15897880E-002
     0.26643261E+000    -0.10152564E-001     0.10716906E-001    -0.14863345E+001     0.11512802E+001     0.16069797E-002    -0.16145876E-002
     0.26680010E+000    -0.96255965E-002     0.98659332E-002    -0.14647590E+001     0.11511441E+001     0.17040427E-002    -0.16179145E-002
     0.26716760E+000    -0.90545675E-002     0.89911788E-002    -0.14473043E+001     0.11473264E+001     0.17986356E-002    -0.16003538E-002
     0.26753509E+000    -0.83696987E-002     0.81085051E-002    -0.14323005E+001     0.11392704E+001     0.18859353E-002    -0.15646514E-002
     0.26790258E+000    -0.75210813E-002     0.72887751E-002    -0.14180616E+001     0.11270046E+001     0.19631529E-002    -0.15132407E-002
     0.26827008E+000    -0.65169095E-002     0.66291419E-002    -0.14032610E+001     0.11111079E+001     0.20276607E-002    -0.14475879E-002
     0.26863757E+000    -0.54267975E-002     0.62063621E-002    -0.13871081E+001     0.10922530E+001     0.20756638E-002    -0.13692346E-002
     0.26900506E+000    -0.43532818E-002     0.60432295E-002    -0.13689630E+001     0.10708528E+001     0.21022277E-002    -0.12815759E-002
     0.26937256E+000    -0.33907129E-002     0.61028006E-002    -0.13478713E+001     0.10473494E+001     0.21029646E-002    -0.11912673E-002
     0.26974005E+000    -0.25927986E-002     0.63104959E-002    -0.13227232E+001     0.10228040E+001     0.20767319E-002    -0.11077887E-002
     0.27010754E+000    -0.19656132E-002     0.65890586E-002    -0.12929246E+001     0.99900777E+000     0.20272919E-002    -0.10408035E-002
     0.27047503E+000    -0.14845341E-002     0.68832312E-002    -0.12588576E+001     0.97796980E+000     0.19625057E-002    -0.99706164E-003
     0.27084253E+000    -0.11170410E-002     0.71634550E-002    -0.12218045E+001     0.96130831E+000     0.18917601E-002    -0.97879450E-003
     0.27121002E+000    -0.83526329E-003     0.74153677E-002    -0.11835910E+001     0.94990713E+000     0.18232012E-002    -0.98415231E-003
     0.27157751E+000    -0.61404351E-003     0.76297705E-002    -0.11462011E+001     0.94380031E+000     0.17621221E-002    -0.10092196E-002
     0.27194501E+000    -0.42429707E-003     0.78045938E-002    -0.11113984E+001     0.94220361E+000     0.17112978E-002    -0.10502662E-002
     0.27231250E+000    -0.23700580E-003     0.79544079E-002    -0.10803810E+001     0.94371843E+000     0.16725740E-002    -0.11046578E-002
     0.27267999E+000    -0.38380978E-004     0.81105707E-002    -0.10535871E+001     0.94670843E+000     0.16481433E-002    -0.11703278E-002
     0.27304749E+000     0.16004094E-003     0.83065503E-002    -0.10307711E+001     0.94971632E+000     0.16409789E-002    -0.12446850E-002
     0.27341498E+000     0.32598319E-003     0.85609746E-002    -0.10113146E+001     0.95169177E+000     0.16543361E-002    -0.13232849E-002
     0.27378247E+000     0.41915387E-003     0.88696130E-002    -0.99451964E+000     0.95191275E+000     0.16898332E-002    -0.13990845E-002
     0.27414997E+000     0.40261765E-003     0.92051618E-002    -0.97963299E+000     0.94978554E+000     0.17450240E-002    -0.14639145E-002
     0.27451746E+000     0.25208212E-003     0.95181374E-002    -0.96567162E+000     0.94485304E+000     0.18130732E-002    -0.15119273E-002
     0.27488495E+000    -0.29981755E-004     0.97396167E-002    -0.95140415E+000     0.93706509E+000     0.18854693E-002    -0.15421268E-002
     0.27525245E+000    -0.39683555E-003     0.97981625E-002    -0.93566454E+000     0.92698133E+000     0.19555401E-002    -0.15579441E-002
     0.27561994E+000    -0.75672951E-003     0.96541582E-002    -0.91775194E+000     0.91562353E+000     0.20203144E-002    -0.15647473E-002
     0.27598743E+000    -0.10025842E-002     0.93278067E-002    -0.89758209E+000     0.90408092E+000     0.20802485E-002    -0.15672438E-002
     0.27635493E+000    -0.10541038E-002     0.88963656E-002    -0.87553191E+000     0.89316044E+000     0.21376677E-002    -0.15679839E-002
     0.27672242E+000    -0.88438338E-003     0.84646875E-002    -0.85213364E+000     0.88324965E+000     0.21949852E-002    -0.15671469E-002
     0.27708991E+000    -0.52029717E-003     0.81296744E-002    -0.82778966E+000     0.87440774E+000     0.22532133E-002    -0.15632614E-002
     0.27745741E+000    -0.22604241E-004     0.79570611E-002    -0.80265102E+000     0.86660963E+000     0.23110545E-002    -0.15548756E-002
     0.27782490E+000     0.53773857E-003     0.79787980E-002    -0.77671791E+000     0.85996728E+000     0.23656250E-002    -0.15429245E-002
     0.27819239E+000     0.10910671E-002     0.82021895E-002    -0.75003986E+000     0.85477566E+000     0.24154667E-002    -0.15319158E-002
     0.27855989E+000     0.15697439E-002     0.86139243E-002    -0.72284975E+000     0.85142135E+000     0.24640802E-002    -0.15278317E-002
     0.27892738E+000     0.19127626E-002     0.91760558E-002    -0.69561895E+000     0.85026313E+000     0.25207372E-002    -0.15331263E-002
     0.27929487E+000     0.20800399E-002     0.98262292E-002    -0.66906947E+000     0.85148267E+000     0.25966651E-002    -0.15418670E-002
     0.27966237E+000     0.20671514E-002     0.10491727E-001    -0.64407993E+000     0.85489991E+000     0.26975201E-002    -0.15389467E-002
     0.28002986E+000     0.19068891E-002     0.11114480E-001    -0.62144275E+000     0.85986869E+000     0.28163027E-002    -0.15061156E-002
     0.28039735E+000     0.16502578E-002     0.11672733E-001    -0.60157569E+000     0.86536906E+000     0.29331198E-002    -0.14332170E-002
     0.28076485E+000     0.13354475E-002     0.12181614E-001    -0.58434763E+000     0.87028204E+000     0.30250606E-002    -0.13266211E-002
     0.28113234E+000     0.96726578E-003     0.12669987E-001    -0.56912198E+000     0.87372886E+000     0.30799622E-002    -0.12062809E-002
     0.28149983E+000     0.52078807E-003     0.13151847E-001    -0.55502671E+000     0.87530153E+000     0.31022839E-002    -0.10928064E-002
     0.28186733E+000    -0.37847710E-004     0.13611105E-001    -0.54130787E+000     0.87502398E+000     0.31066130E-002    -0.99576106E-003
     0.28223482E+000    -0.72908975E-003     0.14004625E-001    -0.52750850E+000     0.87306414E+000     0.31058046E-002    -0.91195757E-003
     0.28260231E+000    -0.15476047E-002     0.14276436E-001    -0.51333811E+000     0.86944553E+000     0.31034896E-002    -0.83267387E-003
     0.28296981E+000    -0.24603897E-002     0.14371740E-001    -0.49836572E+000     0.86400844E+000     0.30949649E-002    -0.75251415E-003
     0.28333730E+000    -0.34073923E-002     0.14248295E-001    -0.48180639E+000     0.85665902E+000     0.30735876E-002    -0.67346688E-003
     0.28370479E+000    -0.43055115E-002     0.13891941E-001    -0.46259490E+000     0.84772916E+000     0.30368135E-002    -0.60278891E-003
     0.28407229E+000    -0.50664788E-002     0.13331833E-001    -0.43974316E+000     0.83818321E+000     0.29879996E-002    -0.54795387E-003
     0.28443978E+000    -0.56253642E-002     0.12638750E-001    -0.41276919E+000     0.82949358E+000     0.29341680E-002    -0.51281325E-003
     0.28480727E+000    -0.59601616E-002     0.11903237E-001    -0.38191554E+000     0.82324557E+000     0.28824541E-002    -0.49686755E-003
     0.28517477E+000    -0.60919584E-002     0.11209115E-001    -0.34804503E+000     0.82073222E+000     0.28376854E-002    -0.49692349E-003
     0.28554226E+000    -0.60721533E-002     0.10615092E-001    -0.31235171E+000     0.82275346E+000     0.28018772E-002    -0.50946991E-003
     0.28590975E+000    -0.59646695E-002     0.10146135E-001    -0.27609252E+000     0.82962197E+000     0.27753404E-002    -0.53253376E-003
     0.28627724E+000    -0.58267948E-002     0.97947891E-002    -0.24041876E+000     0.84125307E+000     0.27587190E-002    -0.56620496E-003
     0.28664474E+000    -0.56942047E-002     0.95332163E-002    -0.20626032E+000     0.85726338E+000     0.27548212E-002    -0.61146704E-003
     0.28701223E+000    -0.55770534E-002     0.93314391E-002    -0.17421875E+000     0.87711112E+000     0.27690187E-002    -0.66794382E-003
     0.28737972E+000    -0.54686066E-002     0.91725039E-002    -0.14453078E+000     0.90033132E+000     0.28078593E-002    -0.73197742E-003
     0.28774722E+000    -0.53605048E-002     0.90570017E-002    -0.11722157E+000     0.92680136E+000     0.28767695E-002    -0.79617385E-003
     0.28811471E+000    -0.52551425E-002     0.89961297E-002    -0.92453228E-001     0.95685344E+000     0.29781161E-002    -0.85039540E-003
     0.28848220E+000    -0.51686870E-002     0.89998640E-002    -0.70901929E-001     0.99111548E+000     0.31101931E-002    -0.88345646E-003
     0.28884970E+000    -0.51261379E-002     0.90682777E-002    -0.53986138E-001     0.10301357E+001     0.32671369E-002    -0.88498909E-003
     0.28921719E+000    -0.51540800E-002     0.91884004E-002    -0.43882656E-001     0.10739013E+001     0.34397711E-002    -0.84701627E-003
     0.28958468E+000    -0.52741020E-002     0.93346035E-002    -0.43295010E-001     0.11213129E+001     0.36169343E-002    -0.76462125E-003
     0.28995218E+000    -0.54968870E-002     0.94712896E-002    -0.54879320E-001     0.11697149E+001     0.37863233E-002    -0.63585586E-003
     0.29031967E+000    -0.58173072E-002     0.95583875E-002    -0.80275399E-001     0.12147443E+001     0.39346511E-002    -0.46195190E-003
     0.29068716E+000    -0.62125857E-002     0.95598936E-002    -0.11894796E+000     0.12508723E+001     0.40481634E-002    -0.24838270E-003
     0.29105466E+000    -0.66462818E-002     0.94531469E-002    -0.16743824E+000     0.12728255E+001     0.41145046E-002    -0.58977889E-005
     0.29142215E+000    -0.70779609E-002     0.92336286E-002    -0.21976714E+000     0.12774433E+001     0.41255641E-002     0.24991080E-003
     0.29178964E+000    -0.74729580E-002     0.89118175E-002    -0.26912523E+000     0.12648959E+001     0.40797758E-002     0.50100153E-003
     0.29215714E+000    -0.78058311E-002     0.85056813E-002    -0.30994767E+000     0.12384299E+001     0.39825740E-002     0.73027860E-003
     0.29252463E+000    -0.80580366E-002     0.80360615E-002    -0.33916834E+000     0.12029172E+001     0.38449396E-002     0.92451257E-003
     0.29289212E+000    -0.82160502E-002     0.75268528E-002    -0.35623488E+000     0.11632346E+001     0.36809105E-002     0.10758819E-002
     0.29325962E+000    -0.82729853E-002     0.70055648E-002    -0.36233906E+000     0.11232384E+001     0.35050790E-002     0.11820889E-002
     0.29362711E+000    -0.82310729E-002     0.65010131E-002    -0.35949793E+000     0.10854474E+001     0.33306905E-002     0.12455439E-002
     0.29399460E+000    -0.81020398E-002     0.60391300E-002    -0.34984870E+000     0.10511956E+001     0.31684525E-002     0.12721815E-002
     0.29436210E+000    -0.79048031E-002     0.56390921E-002    -0.33524995E+000     0.10209809E+001     0.30258505E-002     0.12702202E-002
     0.29472959E+000    -0.76613154E-002     0.53115304E-002    -0.31714388E+000     0.99482896E+000     0.29068221E-002     0.12488466E-002
     0.29509708E+000    -0.73926359E-002     0.50596216E-002    -0.29659264E+000     0.97257438E+000     0.28119429E-002     0.12168215E-002
     0.29546458E+000    -0.71172056E-002     0.48815995E-002    -0.27440647E+000     0.95402330E+000     0.27392420E-002     0.11813671E-002
     0.29583207E+000    -0.68508140E-002     0.47724617E-002    -0.25128675E+000     0.93898842E+000     0.26853110E-002     0.11476906E-002
     0.29619956E+000    -0.66065074E-002     0.47248479E-002    -0.22790723E+000     0.92722627E+000     0.26462754E-002     0.11190657E-002
     0.29656706E+000    -0.63945599E-002     0.47303287E-002    -0.20489166E+000     0.91835504E+000     0.26184705E-002     0.10972300E-002
     0.29693455E+000    -0.62237731E-002     0.47805145E-002    -0.18271897E+000     0.91183884E+000     0.25987729E-002     0.10829283E-002
     0.29730204E+000    -0.61033315E-002     0.48660994E-002    -0.16164184E+000     0.90706414E+000     0.25845785E-002     0.10763923E-002
     0.29766954E+000    -0.60425668E-002     0.49740859E-002    -0.14168411E+000     0.90345620E+000     0.25735924E-002     0.10775628E-002
     0.29803703E+000    -0.60476901E-002     0.50861200E-002    -0.12271095E+000     0.90055908E+000     0.25636792E-002     0.10860620E-002
     0.29840452E+000    -0.61177968E-002     0.51801641E-002    -0.10451234E+000     0.89804608E+000     0.25529080E-002     0.11010984E-002
     0.29877202E+000    -0.62429954E-002     0.52346131E-002    -0.86846048E-001     0.89568728E+000     0.25397185E-002     0.11215109E-002
     0.29913951E+000    -0.64051982E-002     0.52324856E-002    -0.69434019E-001     0.89332754E+000     0.25229711E-002     0.11459752E-002
     0.29950700E+000    -0.65804729E-002     0.51645944E-002    -0.51949933E-001     0.89090483E+000     0.25017702E-002     0.11731092E-002
     0.29987450E+000    -0.67424126E-002     0.50317352E-002    -0.34039508E-001     0.88849333E+000     0.24753460E-002     0.12012579E-002
     0.30024199E+000    -0.68665078E-002     0.48455048E-002    -0.15381904E-001     0.88633126E+000     0.24433606E-002     0.12282105E-002
     0.30060948E+000    -0.69349110E-002     0.46270559E-002     0.42333641E-002     0.88480581E+000     0.24065230E-002     0.12513617E-002
     0.30097698E+000    -0.69405636E-002     0.44035699E-002     0.24847957E-001     0.88439793E+000     0.23669577E-002     0.12684498E-002
     0.30134447E+000    -0.68894901E-002     0.42025845E-002     0.46311986E-001     0.88561207E+000     0.23279298E-002     0.12784678E-002
     0.30171196E+000    -0.67996860E-002     0.40451606E-002     0.68287275E-001     0.88891591E+000     0.22929940E-002     0.12822293E-002
     0.30207945E+000    -0.66958323E-002     0.39405326E-002     0.90253112E-001     0.89469059E+000     0.22649548E-002     0.12823051E-002
     0.30244695E+000    -0.66017504E-002     0.38851848E-002     0.11150905E+000     0.90316694E+000     0.22450747E-002     0.12823902E-002
     0.30281444E+000    -0.65344993E-002     0.38666836E-002     0.13120483E+000     0.91433070E+000     0.22327771E-002     0.12864135E-002
     0.30318193E+000    -0.65026998E-002     0.38693282E-002     0.14843931E+000     0.92782155E+000     0.22258066E-002     0.12977174E-002
     0.30354943E+000    -0.65082793E-002     0.38781457E-002     0.16243459E+000     0.94288890E+000     0.22206556E-002     0.13184738E-002
     0.30391692E+000    -0.65488138E-002     0.38801539E-002     0.17273373E+000     0.95845650E+000     0.22130779E-002     0.13493081E-002
     0.30428441E+000    -0.66185796E-002     0.38643906E-002     0.17934645E+000     0.97329366E+000     0.21986933E-002     0.13890241E-002
     0.30465191E+000    -0.67087324E-002     0.38225491E-002     0.18279366E+000     0.98624397E+000     0.21738204E-002     0.14345192E-002
     0.30501940E+000    -0.68081897E-002     0.37504141E-002     0.18404140E+000     0.99645751E+000     0.21364426E-002     0.14812000E-002
     0.30538689E+000    -0.69058833E-002     0.36487074E-002     0.18432642E+000     0.10035841E+001     0.20868554E-002     0.15240035E-002
     0.30575439E+000    -0.69933014E-002     0.35221293E-002     0.18488188E+000     0.10078700E+001     0.20275920E-002     0.15586616E-002
     0.30612188E+000    -0.70657056E-002     0.33769956E-002     0.18662127E+000     0.10100857E+001     0.19626717E-002     0.15826831E-002
     0.30648937E+000    -0.71215340E-002     0.32189589E-002     0.18990781E+000     0.10112664E+001     0.18964976E-002     0.15957899E-002
     0.30685687E+000    -0.71607604E-002     0.30519307E-002     0.19452883E+000     0.10123608E+001     0.18326823E-002     0.15997620E-002
     0.30722436E+000    -0.71833463E-002     0.28783616E-002     0.19988594E+000     0.10139510E+001     0.17730650E-002     0.15976545E-002
     0.30759185E+000    -0.71885766E-002     0.27002618E-002     0.20529048E+000     0.10161622E+001     0.17173436E-002     0.15924907E-002
     0.30795935E+000    -0.71753308E-002     0.25200540E-002     0.21021378E+000     0.10187639E+001     0.16636670E-002     0.15859741E-002
     0.30832684E+000    -0.71426249E-002     0.23407553E-002     0.21439290E+000     0.10213680E+001     0.16099154E-002     0.15779786E-002
     0.30869433E+000    -0.70897747E-002     0.21658624E-002     0.21778983E+000     0.10236000E+001     0.15548269E-002     0.15670183E-002
     0.30906183E+000    -0.70164110E-002     0.19996159E-002     0.22048466E+000     0.10251658E+001     0.14984207E-002     0.15511334E-002
     0.30942932E+000    -0.69231316E-002     0.18474512E-002     0.22260225E+000     0.10258229E+001     0.14418741E-002     0.15286228E-002
     0.30979681E+000    -0.68127247E-002     0.17156516E-002     0.22431969E+000     0.10253349E+001     0.13871725E-002     0.14985299E-002
     0.31016431E+000    -0.66908576E-002     0.16099575E-002     0.22592127E+000     0.10234847E+001     0.13366135E-002     0.14609214E-002
     0.31053180E+000    -0.65656349E-002     0.15341256E-002     0.22781760E+000     0.10201622E+001     0.12922256E-002     0.14168751E-002
     0.31089929E+000    -0.64467285E-002     0.14891935E-002     0.23047003E+000     0.10154570E+001     0.12552946E-002     0.13681485E-002
     0.31126679E+000    -0.63447963E-002     0.14729627E-002     0.23424969E+000     0.10096647E+001     0.12261466E-002     0.13166482E-002
     0.31163428E+000    -0.62706972E-002     0.14789674E-002     0.23933330E+000     0.10031815E+001     0.12042592E-002     0.12638361E-002
     0.31200177E+000    -0.62334526E-002     0.14953828E-002     0.24571207E+000     0.99636223E+000     0.11887562E-002     0.12102565E-002
     0.31236927E+000    -0.62369017E-002     0.15053849E-002     0.25328997E+000     0.98944541E+000     0.11792082E-002     0.11554886E-002
     0.31273676E+000    -0.62765549E-002     0.14900330E-002     0.26197999E+000     0.98257462E+000     0.11763461E-002     0.10987484E-002
     0.31310425E+000    -0.63386280E-002     0.14331074E-002     0.27173547E+000     0.97586369E+000     0.11821496E-002     0.10399464E-002
     0.31347175E+000    -0.64022159E-002     0.13259959E-002     0.28252756E+000     0.96943940E+000     0.11990915E-002     0.98057199E-003
     0.31383924E+000    -0.64440049E-002     0.11706165E-002     0.29431650E+000     0.96344560E+000     0.12289243E-002     0.92379671E-003
     0.31420673E+000    -0.64438337E-002     0.97925470E-003     0.30704173E+000     0.95803523E+000     0.12717350E-002     0.87372186E-003
     0.31457423E+000    -0.63891193E-002     0.77148620E-003     0.32061610E+000     0.95337233E+000     0.13257541E-002     0.83427109E-003
     0.31494172E+000    -0.62767723E-002     0.56955210E-003     0.33490394E+000     0.94963325E+000     0.13878302E-002     0.80834194E-003
     0.31530921E+000    -0.61125018E-002     0.39399951E-003     0.34968998E+000     0.94698114E+000     0.14541305E-002     0.79746580E-003
     0.31567671E+000    -0.59085256E-002     0.26077536E-003     0.36467128E+000     0.94550868E+000     0.15207281E-002     0.80182123E-003
     0.31604420E+000    -0.56808890E-002     0.17990760E-003     0.37949701E+000     0.94517701E+000     0.15840535E-002     0.82038202E-003
     0.31641169E+000    -0.54470949E-002     0.15529071E-003     0.39384863E+000     0.94579030E+000     0.16412917E-002     0.85118473E-003
     0.31677918E+000    -0.52242061E-002     0.18503591E-003     0.40752474E+000     0.94702747E+000     0.16906401E-002     0.89179171E-003
     0.31714668E+000    -0.50272379E-002     0.26207075E-003     0.42049078E+000     0.94851978E+000     0.17312308E-002     0.93983117E-003
     0.31751417E+000    -0.48676007E-002     0.37506890E-003     0.43287339E+000     0.94993926E+000     0.17627317E-002     0.99328613E-003
     0.31788166E+000    -0.47517365E-002     0.51006442E-003     0.44491000E+000     0.95106009E+000     0.17849847E-002     0.10503512E-002
     0.31824916E+000    -0.46805948E-002     0.65276096E-003     0.45688657E+000     0.95177704E+000     0.17980550E-002     0.11091183E-002
     0.31861665E+000    -0.46504279E-002     0.79080180E-003     0.46909168E+000     0.95209390E+000     0.18026254E-002     0.11675776E-002
     0.31898414E+000    -0.46545232E-002     0.91508787E-003     0.48179195E+000     0.95210631E+000     0.18002535E-002     0.12241098E-002
     0.31935164E+000    -0.46849431E-002     0.10199512E-002     0.49521555E+000     0.95199073E+000     0.17930993E-002     0.12781359E-002
     0.31971913E+000    -0.47337248E-002     0.11027396E-002     0.50953354E+000     0.95199436E+000     0.17831873E-002     0.13304302E-002
     0.32008662E+000    -0.47937032E-002     0.11633099E-002     0.52484116E+000     0.95241905E+000     0.17715982E-002     0.13828812E-002
     0.32045412E+000    -0.48592325E-002     0.12033764E-002     0.54114398E+000     0.95360021E+000     0.17579441E-002     0.14378231E-002
     0.32082161E+000    -0.49266388E-002     0.12254957E-002     0.55834817E+000     0.95588352E+000     0.17402774E-002     0.14971964E-002
     0.32118910E+000    -0.49940103E-002     0.12318889E-002     0.57625366E+000     0.95959748E+000     0.17154253E-002     0.15617721E-002
     0.32155660E+000    -0.50602973E-002     0.12236673E-002     0.59455437E+000     0.96501863E+000     0.16796629E-002     0.16306233E-002
     0.32192409E+000    -0.51241990E-002     0.12008471E-002     0.61285274E+000     0.97233209E+000     0.16295658E-002     0.17009821E-002
     0.32229158E+000    -0.51834150E-002     0.11630367E-002     0.63069322E+000     0.98159558E+000     0.15628184E-002     0.17685212E-002
     0.32265908E+000    -0.52345265E-002     0.11103481E-002     0.64761451E+000     0.99271783E+000     0.14787581E-002     0.18279575E-002
     0.32302657E+000    -0.52733965E-002     0.10441351E-002     0.66321299E+000     0.10054636E+001     0.13785560E-002     0.18737504E-002
     0.32339406E+000    -0.52958527E-002     0.96740649E-003     0.67720079E+000     0.10194930E+001     0.12651245E-002     0.19006746E-002
     0.32376156E+000    -0.52985062E-002     0.88489284E-003     0.68943604E+000     0.10344288E+001     0.11429627E-002     0.19042149E-002
     0.32412905E+000    -0.52795929E-002     0.80270168E-003     0.69990980E+000     0.10499315E+001     0.10180813E-002     0.18809309E-002
     0.32449654E+000    -0.52396035E-002     0.72750789E-003     0.70869340E+000     0.10657499E+001     0.89791564E-003     0.18290097E-002
     0.32486404E+000    -0.51813757E-002     0.66543848E-003     0.71587163E+000     0.10817291E+001     0.79092308E-003     0.17490287E-002
     0.32523153E+000    -0.51095092E-002     0.62108988E-003     0.72149229E+000     0.10977807E+001     0.70561338E-003     0.16446165E-002
     0.32559902E+000    -0.50293696E-002     0.59712264E-003     0.72554807E+000     0.11138379E+001     0.64912332E-003     0.15225259E-002
     0.32596652E+000    -0.49462052E-002     0.59451054E-003     0.72798570E+000     0.11298187E+001     0.62584429E-003     0.13918529E-002
     0.32633401E+000    -0.48647304E-002     0.61310790E-003     0.72872555E+000     0.11456075E+001     0.63666220E-003     0.12626140E-002
     0.32670150E+000    -0.47891359E-002     0.65213475E-003     0.72767741E+000     0.11610498E+001     0.67903716E-003     0.11442050E-002
     0.32706900E+000    -0.47232825E-002     0.71042613E-003     0.72474862E+000     0.11759479E+001     0.74775401E-003     0.10442114E-002
     0.32743649E+000    -0.46709308E-002     0.78649002E-003     0.71985227E+000     0.11900497E+001     0.83599399E-003     0.96778285E-003
     0.32780398E+000    -0.46359808E-002     0.87838230E-003     0.71292808E+000     0.12030318E+001     0.93639965E-003     0.91756264E-003
     0.32817148E+000    -0.46226199E-002     0.98331495E-003     0.70398256E+000     0.12144937E+001     0.10418931E-002     0.89402131E-003
     0.32853897E+000    -0.46351045E-002     0.10970273E-002     0.69313796E+000     0.12239793E+001     0.11461331E-002     0.89595972E-003
     0.32890646E+000    -0.46769353E-002     0.12132720E-002     0.68066586E+000     0.12310309E+001     0.12436706E-002     0.92093752E-003
     0.32927396E+000    -0.47495785E-002     0.13239642E-002     0.66698429E+000     0.12352584E+001     0.13300036E-002     0.96551564E-003
     0.32964145E+000    -0.48513663E-002     0.14202745E-002     0.65261819E+000     0.12363939E+001     0.14017148E-002     0.10253922E-002
     0.33000894E+000    -0.49772696E-002     0.14943316E-002     0.63814223E+000     0.12343177E+001     0.14567270E-002     0.10956141E-002
     0.33037644E+000    -0.51197533E-002     0.15407672E-002     0.62412555E+000     0.12290552E+001     0.14945413E-002     0.11709847E-002
     0.33074393E+000    -0.52703117E-002     0.15574542E-002     0.61108713E+000     0.12207548E+001     0.15162821E-002     0.12466250E-002
     0.33111142E+000    -0.54210109E-002     0.15452828E-002     0.59946511E+000     0.12096514E+001     0.15244775E-002     0.13185293E-002
     0.33147892E+000    -0.55655255E-002     0.15072630E-002     0.58960848E+000     0.11960185E+001     0.15226338E-002     0.13839731E-002
     0.33184641E+000    -0.56994797E-002     0.14474062E-002     0.58179886E+000     0.11801258E+001     0.15147132E-002     0.14417233E-002
     0.33221390E+000    -0.58201858E-002     0.13697960E-002     0.57629488E+000     0.11622243E+001     0.15045873E-002     0.14920595E-002
     0.33258139E+000    -0.59260573E-002     0.12781028E-002     0.57337342E+000     0.11425698E+001     0.14955115E-002     0.15366061E-002
     0.33294889E+000    -0.60160451E-002     0.11755758E-002     0.57334002E+000     0.11214730E+001     0.14896927E-002     0.15779687E-002
     0.33331638E+000    -0.60893665E-002     0.10653202E-002     0.57649706E+000     0.10993485E+001     0.14880476E-002     0.16192180E-002
     0.33368387E+000    -0.61455805E-002     0.95056261E-003     0.58308111E+000     0.10767337E+001     0.14902200E-002     0.16633381E-002
     0.33405137E+000    -0.61848539E-002     0.83468715E-003     0.59319562E+000     0.10542652E+001     0.14948338E-002     0.17127814E-002
     0.33441886E+000    -0.62081846E-002     0.72100496E-003     0.60676509E+000     0.10326196E+001     0.14998750E-002     0.17692315E-002
     0.33478635E+000    -0.62174205E-002     0.61238170E-003     0.62352542E+000     0.10124391E+001     0.15030638E-002     0.18335844E-002
     0.33515385E+000    -0.62150447E-002     0.51089762E-003     0.64304968E+000     0.99426292E+000     0.15021122E-002     0.19060782E-002
     0.33552134E+000    -0.62038130E-002     0.41766413E-003     0.66479841E+000     0.97847992E+000     0.14948278E-002     0.19864647E-002
     0.33588883E+000    -0.61863582E-002     0.33282653E-003     0.68818036E+000     0.96530640E+000     0.14790931E-002     0.20741279E-002
     0.33625633E+000    -0.61648362E-002     0.25573007E-003     0.71261264E+000     0.95478863E+000     0.14527928E-002     0.21680873E-002
     0.33662382E+000    -0.61406733E-002     0.18522554E-003     0.73757266E+000     0.94682506E+000     0.14137844E-002     0.22668809E-002
     0.33699131E+000    -0.61144860E-002     0.12006890E-003     0.76263665E+000     0.94120359E+000     0.13599990E-002     0.23683779E-002
     0.33735881E+000    -0.60862262E-002     0.59297407E-004     0.78750109E+000     0.93764797E+000     0.12897189E-002     0.24696332E-002
     0.33772630E+000    -0.60554899E-002     0.24331176E-005     0.81198496E+000     0.93586641E+000     0.12019905E-002     0.25669142E-002
     0.33809379E+000    -0.60218211E-002    -0.50541529E-004     0.83601388E+000     0.93559476E+000     0.10970359E-002     0.26559887E-002
     0.33846129E+000    -0.59848640E-002    -0.99333841E-004     0.85959042E+000     0.93662776E+000     0.97648763E-003     0.27326438E-002
     0.33882878E+000    -0.59443650E-002    -0.14344750E-003     0.88275674E+000     0.93883404E+000     0.84332374E-003     0.27932891E-002
     0.33919627E+000    -0.59001609E-002    -0.18216715E-003     0.90555753E+000     0.94215403E+000     0.70151158E-003     0.28354548E-002
     0.33956377E+000    -0.58522824E-002    -0.21450175E-003     0.92801045E+000     0.94658281E+000     0.55547960E-003     0.28580518E-002
     0.33993126E+000    -0.58011576E-002    -0.23924349E-003     0.95008982E+000     0.95214393E+000     0.40956963E-003     0.28613734E-002
     0.34029875E+000    -0.57477616E-002    -0.25521627E-003     0.97172572E+000     0.95886206E+000     0.26757570E-003     0.28468926E-002
     0.34066625E+000    -0.56935429E-002    -0.26161334E-003     0.99281555E+000     0.96674253E+000     0.13241736E-003     0.28169233E-002
     0.34103374E+000    -0.56401078E-002    -0.25821115E-003     0.10132416E+001     0.97576249E+000     0.59764961E-005     0.27741986E-002
     0.34140123E+000    -0.55888231E-002    -0.24529608E-003     0.10328864E+001     0.98587383E+000    -0.11087190E-003     0.27214326E-002
     0.34176873E+000    -0.55405772E-002    -0.22331689E-003     0.10516396E+001     0.99701298E+000    -0.21803735E-003     0.26609688E-002
     0.34213622E+000    -0.54958593E-002    -0.19244590E-003     0.10693948E+001     0.10091099E+001    -0.31587892E-003     0.25946118E-002
     0.34250371E+000    -0.54551468E-002    -0.15229107E-003     0.10860394E+001     0.10220888E+001    -0.40489320E-003     0.25236623E-002
     0.34287121E+000    -0.54194383E-002    -0.10193348E-003     0.11014471E+001     0.10358594E+001    -0.48553496E-003     0.24490760E-002
     0.34323870E+000    -0.53906986E-002    -0.40325231E-004     0.11154772E+001     0.10503002E+001    -0.55818493E-003     0.23716219E-002
     0.34360619E+000    -0.53720100E-002     0.33061178E-004     0.11279866E+001     0.10652431E+001    -0.62319396E-003     0.22919597E-002
     0.34397369E+000    -0.53673225E-002     0.11753924E-003     0.11388503E+001     0.10804639E+001    -0.68091877E-003     0.22106408E-002
     0.34434118E+000    -0.53808303E-002     0.21070147E-003     0.11479863E+001     0.10956836E+001    -0.73171158E-003     0.21280821E-002
     0.34470867E+000    -0.54161228E-002     0.30827514E-003     0.11553803E+001     0.11105813E+001    -0.77587498E-003     0.20445551E-002
     0.34507617E+000    -0.54753200E-002     0.40441028E-003     0.11611045E+001     0.11248175E+001    -0.81360435E-003     0.19601996E-002
     0.34544366E+000    -0.55584010E-002     0.49235895E-003     0.11653267E+001     0.11380656E+001    -0.84492332E-003     0.18750618E-002
     0.34581115E+000    -0.56628865E-002     0.56542290E-003     0.11683050E+001     0.11500472E+001    -0.86961609E-003     0.17891744E-002
     0.34617865E+000    -0.57839775E-002     0.61798941E-003     0.11703673E+001     0.11605630E+001    -0.88718974E-003     0.17027000E-002
     0.34654614E+000    -0.59151703E-002     0.64642882E-003     0.11718789E+001     0.11695112E+001    -0.89693028E-003     0.16161232E-002
     0.34691363E+000    -0.60492449E-002     0.64961314E-003     0.11732071E+001     0.11768907E+001    -0.89809835E-003     0.15304148E-002
     0.34728113E+000    -0.61793819E-002     0.62888829E-003     0.11746917E+001     0.11827884E+001    -0.89023389E-003     0.14470542E-002
     0.34764862E+000    -0.63000835E-002     0.58750617E-003     0.11766273E+001     0.11873604E+001    -0.87345034E-003     0.13678462E-002
     0.34801611E+000    -0.64076324E-002     0.52972817E-003     0.11792570E+001     0.11908148E+001    -0.84857148E-003     0.12945730E-002
     0.34838360E+000    -0.65000150E-002     0.45992819E-003     0.11827692E+001     0.11934015E+001    -0.81703098E-003     0.12286220E-002
     0.34875110E+000    -0.65764466E-002     0.38198215E-003     0.11872915E+001     0.11954067E+001    -0.78057589E-003     0.11707500E-002
     0.34911859E+000    -0.66367621E-002     0.29906894E-003     0.11928775E+001     0.11971444E+001    -0.74090951E-003     0.11210673E-002
     0.34948608E+000    -0.66809194E-002     0.21382732E-003     0.11994917E+001     0.11989382E+001    -0.69941920E-003     0.10792144E-002
     0.34985358E+000    -0.67087568E-002     0.12870275E-003     0.12070004E+001     0.12010919E+001    -0.65706943E-003     0.10446246E-002
     0.35022107E+000    -0.67200151E-002     0.46304594E-004     0.12151770E+001     0.12038523E+001    -0.61445360E-003     0.10167604E-002
     0.35058856E+000    -0.67145486E-002    -0.30346527E-004     0.12237249E+001     0.12073753E+001    -0.57193831E-003     0.99525083E-003
     0.35095606E+000    -0.66926312E-002    -0.97725430E-004     0.12323155E+001     0.12117025E+001    -0.52982154E-003     0.97991969E-003
     0.35132355E+000    -0.66552909E-002    -0.15186347E-003     0.12406334E+001     0.12167578E+001    -0.48844963E-003     0.97073678E-003
     0.35169104E+000    -0.66046262E-002    -0.18856524E-003     0.12484198E+001     0.12223612E+001    -0.44827412E-003     0.96773829E-003
     0.35205854E+000    -0.65440457E-002    -0.20378926E-003     0.12555051E+001     0.12282614E+001    -0.40985863E-003     0.97095300E-003
     0.35242603E+000    -0.64783401E-002    -0.19417021E-003     0.12618255E+001     0.12341760E+001    -0.37385738E-003     0.98035140E-003
     0.35279352E+000    -0.64135020E-002    -0.15759308E-003     0.12674200E+001     0.12398354E+001    -0.34098405E-003     0.99581969E-003
     0.35316102E+000    -0.63562740E-002    -0.93674267E-004     0.12724111E+001     0.12450183E+001    -0.31198420E-003     0.10171551E-002
     0.35352851E+000    -0.63135016E-002    -0.40115025E-005     0.12769727E+001     0.12495738E+001    -0.28762302E-003     0.10440756E-002
     0.35389600E+000    -0.62914357E-002     0.10786505E-003     0.12812946E+001     0.12534267E+001    -0.26869687E-003     0.10762273E-002
     0.35426350E+000    -0.62951352E-002     0.23681339E-003     0.12855523E+001     0.12565656E+001    -0.25606394E-003     0.11131687E-002
     0.35463099E+000    -0.63280697E-002     0.37657414E-003     0.12898881E+001     0.12590215E+001    -0.25066911E-003     0.11543118E-002
     0.35499848E+000    -0.63919484E-002     0.52031888E-003     0.12944070E+001     0.12608428E+001    -0.25352678E-003     0.11988300E-002
     0.35536598E+000    -0.64867405E-002     0.66115362E-003     0.12991853E+001     0.12620761E+001    -0.26563714E-003     0.12455662E-002
     0.35573347E+000    -0.66108179E-002     0.79252207E-003     0.13042852E+001     0.12627565E+001    -0.28784229E-003     0.12929887E-002
     0.35610096E+000    -0.67611473E-002     0.90850063E-003     0.13097701E+001     0.12629088E+001    -0.32066173E-003     0.13392292E-002
     0.35646846E+000    -0.69334734E-002     0.10040167E-002     0.13157145E+001     0.12625560E+001    -0.36415946E-003     0.13821999E-002
     0.35683595E+000    -0.71224768E-002     0.10750465E-002     0.13222062E+001     0.12617319E+001    -0.41788049E-003     0.14197577E-002
     0.35720344E+000    -0.73219317E-002     0.11188451E-002     0.13293412E+001     0.12604917E+001    -0.48086285E-003     0.14498665E-002
     0.35757094E+000    -0.75249328E-002     0.11342273E-002     0.13372137E+001     0.12589184E+001    -0.55170199E-003     0.14707245E-002
     0.35793843E+000    -0.77242647E-002     0.11218579E-002     0.13459039E+001     0.12571237E+001    -0.62863449E-003     0.14808480E-002
     0.35830592E+000    -0.79129535E-002     0.10844525E-002     0.13554671E+001     0.12552429E+001    -0.70961735E-003     0.14791245E-002
     0.35867342E+000    -0.80849674E-002     0.10267631E-002     0.13659246E+001     0.12534262E+001    -0.79239932E-003     0.14648556E-002
     0.35904091E+000    -0.82359464E-002     0.95525250E-003     0.13772598E+001     0.12518260E+001    -0.87459696E-003     0.14378019E-002
     0.35940840E+000    -0.83637905E-002     0.87743824E-003     0.13894194E+001     0.12505839E+001    -0.95379104E-003     0.13982235E-002
     0.35977590E+000    -0.84689335E-002     0.80099809E-003     0.14023198E+001     0.12498192E+001    -0.10276485E-002     0.13468973E-002
     0.36014339E+000    -0.85542040E-002     0.73281484E-003     0.14158577E+001     0.12496205E+001    -0.10940584E-002     0.12850927E-002
     0.36051088E+000    -0.86242856E-002     0.67817315E-003     0.14299233E+001     0.12500432E+001    -0.11512588E-002     0.12144976E-002
     0.36087838E+000    -0.86848994E-002     0.64028164E-003     0.14444125E+001     0.12511132E+001    -0.11979313E-002     0.11371034E-002
     0.36124587E+000    -0.87418993E-002     0.62020301E-003     0.14592365E+001     0.12528347E+001    -0.12332477E-002     0.10550675E-002
     0.36161336E+000    -0.88004787E-002     0.61716846E-003     0.14743248E+001     0.12552012E+001    -0.12568684E-002     0.97057597E-003
     0.36198086E+000    -0.88646379E-002     0.62916554E-003     0.14896244E+001     0.12582059E+001    -0.12688991E-002     0.88572511E-003
     0.36234835E+000    -0.89369904E-002     0.65363946E-003     0.15050934E+001     0.12618496E+001    -0.12698208E-002     0.80243193E-003
     0.36271584E+000    -0.90188979E-002     0.68814115E-003     0.15206922E+001     0.12661442E+001    -0.12604065E-002     0.72237634E-003
     0.36308333E+000    -0.91108529E-002     0.73078682E-003     0.15363755E+001     0.12711116E+001    -0.12416358E-002     0.64697287E-003
     0.36345083E+000    -0.92129792E-002     0.78045451E-003     0.15520849E+001     0.12767789E+001    -0.12146150E-002     0.57736801E-003
     0.36381832E+000    -0.93255089E-002     0.83671676E-003     0.15677454E+001     0.12831720E+001    -0.11805074E-002     0.51445947E-003
     0.36418581E+000    -0.94491254E-002     0.89957413E-003     0.15832638E+001     0.12903068E+001    -0.11404810E-002     0.45893336E-003
     0.36455331E+000    -0.95851113E-002     0.96909111E-003     0.15985313E+001     0.12981815E+001    -0.10956790E-002     0.41131237E-003
     0.36492080E+000    -0.97353029E-002     0.10450388E-002     0.16134286E+001     0.13067687E+001    -0.10472167E-002     0.37200411E-003
     0.36528829E+000    -0.99018933E-002     0.11266246E-002     0.16278340E+001     0.13160104E+001    -0.99620255E-003     0.34133684E-003
     0.36565579E+000    -0.10087150E-001     0.12123554E-002     0.16416342E+001     0.13258150E+001    -0.94377376E-003     0.31957173E-003
     0.36602328E+000    -0.10293119E-001     0.13000450E-002     0.16547357E+001     0.13360594E+001    -0.89113302E-003     0.30688716E-003
     0.36639077E+000    -0.10521384E-001     0.13869462E-002     0.16670761E+001     0.13465953E+001    -0.83957087E-003     0.30333816E-003
     0.36675827E+000    -0.10772922E-001     0.14699587E-002     0.16786312E+001     0.13572601E+001    -0.79046384E-003     0.30880097E-003
     0.36712576E+000    -0.11048073E-001     0.15458486E-002     0.16894192E+001     0.13678893E+001    -0.74524353E-003     0.32291529E-003
     0.36749325E+000    -0.11346601E-001     0.16114190E-002     0.16994981E+001     0.13783301E+001    -0.70533754E-003     0.34503680E-003
     0.36786075E+000    -0.11667786E-001     0.16636040E-002     0.17089600E+001     0.13884523E+001    -0.67208700E-003     0.37421046E-003
     0.36822824E+000    -0.12010494E-001     0.16994978E-002     0.17179217E+001     0.13981563E+001    -0.64664748E-003     0.40917452E-003
     0.36859573E+000    -0.12373187E-001     0.17163665E-002     0.17265142E+001     0.14073772E+001    -0.62988491E-003     0.44840454E-003
     0.36896323E+000    -0.12753901E-001     0.17117032E-002     0.17348725E+001     0.14160858E+001    -0.62228505E-003     0.49020315E-003
     0.36933072E+000    -0.13150228E-001     0.16833598E-002     0.17431257E+001     0.14242874E+001    -0.62390097E-003     0.53283031E-003
     0.36969821E+000    -0.13559399E-001     0.16297332E-002     0.17513879E+001     0.14320173E+001    -0.63435959E-003     0.57465266E-003
     0.37006571E+000    -0.13978503E-001     0.15499156E-002     0.17597488E+001     0.14393354E+001    -0.65293257E-003     0.61427875E-003
     0.37043320E+000    -0.14404808E-001     0.14436922E-002     0.17682668E+001     0.14463156E+001    -0.67865564E-003     0.65064924E-003
     0.37080069E+000    -0.14836032E-001     0.13113360E-002     0.17769647E+001     0.14530309E+001    -0.71046563E-003     0.68306690E-003
     0.37116819E+000    -0.15270438E-001     0.11532781E-002     0.17858353E+001     0.14595361E+001    -0.74732479E-003     0.71117229E-003
     0.37153568E+000    -0.15706720E-001     0.96980869E-003     0.17948563E+001     0.14658546E+001    -0.78831412E-003     0.73488388E-003
     0.37190317E+000    -0.16143751E-001     0.76093036E-003     0.18040127E+001     0.14719766E+001    -0.83269210E-003     0.75432407E-003
     0.37227067E+000    -0.16580350E-001     0.52638093E-003     0.18133149E+001     0.14778729E+001    -0.87992643E-003     0.76974632E-003
     0.37263816E+000    -0.17015125E-001     0.26576178E-003     0.18228031E+001     0.14835152E+001    -0.92971044E-003     0.78146954E-003
     0.37300565E+000    -0.17446422E-001    -0.21306524E-004     0.18325390E+001     0.14888924E+001    -0.98197570E-003     0.78981774E-003
     0.37337315E+000    -0.17872355E-001    -0.33505264E-003     0.18425912E+001     0.14940170E+001    -0.10369090E-002     0.79505523E-003
     0.37374064E+000    -0.18290868E-001    -0.67546587E-003     0.18530236E+001     0.14989222E+001    -0.10949767E-002     0.79730085E-003
     0.37410813E+000    -0.18699819E-001    -0.10422488E-002     0.18638890E+001     0.15036547E+001    -0.11569479E-002     0.79639498E-003
     0.37447563E+000    -0.19097057E-001    -0.14348019E-002     0.18752283E+001     0.15082684E+001    -0.12238871E-002     0.79168279E-003
     0.37484312E+000    -0.19480492E-001    -0.18522302E-002     0.18870710E+001     0.15128197E+001    -0.12970339E-002     0.78167578E-003
     0.37521061E+000    -0.19848152E-001    -0.22933645E-002     0.18994384E+001     0.15173651E+001    -0.13773961E-002     0.76360047E-003
     0.37557811E+000    -0.20198233E-001    -0.27567926E-002     0.19123448E+001     0.15219602E+001    -0.14647738E-002     0.73304014E-003
     0.37594560E+000    -0.20529133E-001    -0.32408960E-002     0.19257996E+001     0.15266594E+001    -0.15560378E-002     0.68434829E-003
     0.37631309E+000    -0.20839483E-001    -0.37438907E-002     0.19398081E+001     0.15315167E+001    -0.16433896E-002     0.61300755E-003
     0.37668059E+000    -0.21128163E-001    -0.42638696E-002     0.19543717E+001     0.15365854E+001    -0.17151722E-002     0.52011561E-003
     0.37704808E+000    -0.21394311E-001    -0.47988455E-002     0.19694885E+001     0.15419191E+001    -0.17615772E-002     0.41531669E-003
     0.37741557E+000    -0.21637329E-001    -0.53467932E-002     0.19851527E+001     0.15475715E+001    -0.17815029E-002     0.31287752E-003
     0.37778307E+000    -0.21856877E-001    -0.59056896E-002     0.20013546E+001     0.15535971E+001    -0.17827184E-002     0.22336313E-003
     0.37815056E+000    -0.22052857E-001    -0.64735505E-002     0.20180802E+001     0.15600503E+001    -0.17755706E-002     0.14962353E-003
     0.37851805E+000    -0.22225405E-001    -0.70484638E-002     0.20353106E+001     0.15669861E+001    -0.17676838E-002     0.89050656E-004
     0.37888554E+000    -0.22374863E-001    -0.76286179E-002     0.20530217E+001     0.15744591E+001    -0.17628527E-002     0.37348631E-004
     0.37925304E+000    -0.22501762E-001    -0.82123253E-002     0.20711838E+001     0.15825234E+001    -0.17621931E-002    -0.92960584E-005
     0.37962053E+000    -0.22606789E-001    -0.87980414E-002     0.20897612E+001     0.15912318E+001    -0.17654746E-002    -0.53615733E-004
     0.37998802E+000    -0.22690768E-001    -0.93843779E-002     0.21087119E+001     0.16006350E+001    -0.17719626E-002    -0.97373401E-004
     0.38035552E+000    -0.22754627E-001    -0.99701119E-002     0.21279877E+001     0.16107807E+001    -0.17808301E-002    -0.14164063E-003
     0.38072301E+000    -0.22799372E-001    -0.10554190E-001     0.21475338E+001     0.16217129E+001    -0.17913199E-002    -0.18704142E-003
     0.38109050E+000    -0.22826067E-001    -0.11135728E-001     0.21672896E+001     0.16334707E+001    -0.18027913E-002    -0.23392320E-003
     0.38145800E+000    -0.22835805E-001    -0.11714010E-001     0.21871884E+001     0.16460870E+001    -0.18147185E-002    -0.28246647E-003
     0.38182549E+000    -0.22829688E-001    -0.12288481E-001     0.22071584E+001     0.16595881E+001    -0.18266741E-002    -0.33275212E-003
     0.38219298E+000    -0.22808812E-001    -0.12858738E-001     0.22271236E+001     0.16739923E+001    -0.18383087E-002    -0.38480205E-003
     0.38256048E+000    -0.22774243E-001    -0.13424524E-001     0.22470042E+001     0.16893090E+001    -0.18493339E-002    -0.43860326E-003
     0.38292797E+000    -0.22727012E-001    -0.13985713E-001     0.22667185E+001     0.17055383E+001    -0.18595071E-002    -0.49412216E-003
     0.38329546E+000    -0.22668094E-001    -0.14542301E-001     0.22861837E+001     0.17226703E+001    -0.18686211E-002    -0.55131285E-003
     0.38366296E+000    -0.22598407E-001    -0.15094392E-001     0.23053173E+001     0.17406847E+001    -0.18764949E-002    -0.61012187E-003
     0.38403045E+000    -0.22518797E-001    -0.15642188E-001     0.23240390E+001     0.17595509E+001    -0.18829673E-002    -0.67049074E-003
     0.38439794E+000    -0.22430039E-001    -0.16185978E-001     0.23422720E+001     0.17792284E+001    -0.18878922E-002    -0.73235730E-003
     0.38476544E+000    -0.22332828E-001    -0.16726124E-001     0.23599442E+001     0.17996668E+001    -0.18911349E-002    -0.79565616E-003
     0.38513293E+000    -0.22227778E-001    -0.17263051E-001     0.23769902E+001     0.18208070E+001    -0.18925695E-002    -0.86031875E-003
     0.38550042E+000    -0.22115421E-001    -0.17797239E-001     0.23933517E+001     0.18425819E+001    -0.18920768E-002    -0.92627311E-003
     0.38586792E+000    -0.21996204E-001    -0.18329213E-001     0.24089794E+001     0.18649177E+001    -0.18895430E-002    -0.99344347E-003
     0.38623541E+000    -0.21870493E-001    -0.18859534E-001     0.24238331E+001     0.18877352E+001    -0.18848587E-002    -0.10617498E-002
     0.38660290E+000    -0.21738568E-001    -0.19388791E-001     0.24378824E+001     0.19109513E+001    -0.18779185E-002    -0.11311073E-002
     0.38697040E+000    -0.21600629E-001    -0.19917595E-001     0.24511073E+001     0.19344802E+001    -0.18686204E-002    -0.12014260E-002
     0.38733789E+000    -0.21456793E-001    -0.20446570E-001     0.24634978E+001     0.19582352E+001    -0.18568659E-002    -0.12726099E-002
     0.38770538E+000    -0.21307100E-001    -0.20976353E-001     0.24750536E+001     0.19821298E+001    -0.18425597E-002    -0.13445573E-002
     0.38807288E+000    -0.21151509E-001    -0.21507582E-001     0.24857842E+001     0.20060790E+001    -0.18256105E-002    -0.14171595E-002
     0.38844037E+000    -0.20989901E-001    -0.22040896E-001     0.24957073E+001     0.20300005E+001    -0.18059310E-002    -0.14903011E-002
     0.38880786E+000    -0.20822084E-001    -0.22576928E-001     0.25048489E+001     0.20538154E+001    -0.17834384E-002    -0.15638597E-002
     0.38917536E+000    -0.20647786E-001    -0.23116302E-001     0.25132417E+001     0.20774492E+001    -0.17580550E-002    -0.16377052E-002
     0.38954285E+000    -0.20466665E-001    -0.23659629E-001     0.25209244E+001     0.21008322E+001    -0.17297092E-002    -0.17117002E-002
     0.38991034E+000    -0.20278302E-001    -0.24207502E-001     0.25279406E+001     0.21238998E+001    -0.16983355E-002    -0.17857002E-002
     0.39027784E+000    -0.20082206E-001    -0.24760493E-001     0.25343378E+001     0.21465923E+001    -0.16638761E-002    -0.18595527E-002
     0.39064533E+000    -0.19877811E-001    -0.25319151E-001     0.25401661E+001     0.21688554E+001    -0.16262810E-002    -0.19330985E-002
     0.39101282E+000    -0.19664479E-001    -0.25883992E-001     0.25454777E+001     0.21906395E+001    -0.15855095E-002    -0.20061715E-002
     0.39138032E+000    -0.19441498E-001    -0.26455504E-001     0.25503256E+001     0.22118996E+001    -0.15415305E-002    -0.20785989E-002
     0.39174781E+000    -0.19208080E-001    -0.27034132E-001     0.25547631E+001     0.22325945E+001    -0.14943238E-002    -0.21502023E-002
     0.39211530E+000    -0.18963365E-001    -0.27620281E-001     0.25588428E+001     0.22526864E+001    -0.14438806E-002    -0.22207978E-002
     0.39248280E+000    -0.18706416E-001    -0.28214308E-001     0.25626160E+001     0.22721402E+001    -0.13902046E-002    -0.22901973E-002
     0.39285029E+000    -0.18436222E-001    -0.28816515E-001     0.25661323E+001     0.22909226E+001    -0.13333125E-002    -0.23582090E-002
     0.39321778E+000    -0.18151696E-001    -0.29427145E-001     0.25694386E+001     0.23090013E+001    -0.12732348E-002    -0.24246387E-002
     0.39358528E+000    -0.17851673E-001    -0.30046370E-001     0.25725788E+001     0.23263441E+001    -0.12100163E-002    -0.24892907E-002
     0.39395277E+000    -0.17534914E-001    -0.30674290E-001     0.25755935E+001     0.23429180E+001    -0.11437167E-002    -0.25519693E-002
     0.39432026E+000    -0.17200103E-001    -0.31310918E-001     0.25785188E+001     0.23586885E+001    -0.10744110E-002    -0.26124800E-002
     0.39468775E+000    -0.16845851E-001    -0.31956177E-001     0.25813860E+001     0.23736181E+001    -0.10021892E-002    -0.26706308E-002
     0.39505525E+000    -0.16470695E-001    -0.32609883E-001     0.25842210E+001     0.23876656E+001    -0.92715705E-003    -0.27262340E-002
     0.39542274E+000    -0.16073103E-001    -0.33271737E-001     0.25870429E+001     0.24007851E+001    -0.84943560E-003    -0.27791072E-002
     0.39579023E+000    -0.15651476E-001    -0.33941315E-001     0.25898630E+001     0.24129249E+001    -0.76916085E-003    -0.28290752E-002
     0.39615773E+000    -0.15204155E-001    -0.34618053E-001     0.25926834E+001     0.24240267E+001    -0.68648340E-003    -0.28759717E-002
     0.39652522E+000    -0.14729424E-001    -0.35301231E-001     0.25954951E+001     0.24340245E+001    -0.60156776E-003    -0.29196400E-002
     0.39689271E+000    -0.14225523E-001    -0.35989965E-001     0.25982751E+001     0.24428438E+001    -0.51459155E-003    -0.29599353E-002
     0.39726021E+000    -0.13690656E-001    -0.36683187E-001     0.26009841E+001     0.24504017E+001    -0.42574446E-003    -0.29967256E-002
     0.39762770E+000    -0.13123004E-001    -0.37379632E-001     0.26035622E+001     0.24566064E+001    -0.33522712E-003    -0.30298928E-002
     0.39799519E+000    -0.12520740E-001    -0.38077822E-001     0.26059247E+001     0.24613582E+001    -0.24324973E-003    -0.30593344E-002
     0.39836269E+000    -0.11882048E-001    -0.38776053E-001     0.26079559E+001     0.24645513E+001    -0.15003069E-003    -0.30849637E-002
     0.39873018E+000    -0.11205147E-001    -0.39472380E-001     0.26095034E+001     0.24660773E+001    -0.55794939E-004    -0.31067112E-002
     0.39909767E+000    -0.10488310E-001    -0.40164602E-001     0.26103699E+001     0.24658308E+001     0.39227619E-004    -0.31245248E-002
     0.39946517E+000    -0.97298985E-002    -0.40850256E-001     0.26103061E+001     0.24637182E+001     0.13480388E-003    -0.31383707E-002
     0.39983266E+000    -0.89283917E-002    -0.41526602E-001     0.26090026E+001     0.24596708E+001     0.23069927E-003    -0.31482330E-002
     0.40020015E+000    -0.80824229E-002    -0.42190622E-001     0.26060842E+001     0.24536628E+001     0.32667954E-003    -0.31541140E-002
     0.40056765E+000    -0.71908193E-002    -0.42839018E-001     0.26011077E+001     0.24457353E+001     0.42251247E-003    -0.31560342E-002
     0.40093514E+000    -0.62526442E-002    -0.43468214E-001     0.25935669E+001     0.24360267E+001     0.51796959E-003    -0.31540316E-002
     0.40130263E+000    -0.52672426E-002    -0.44074369E-001     0.25829086E+001     0.24248079E+001     0.61282782E-003    -0.31481611E-002
     0.40167013E+000    -0.42342882E-002    -0.44653388E-001     0.25685654E+001     0.24125193E+001     0.70687098E-003    -0.31384940E-002
     0.40203762E+000    -0.31538322E-002    -0.45200952E-001     0.25500077E+001     0.23998018E+001     0.79989122E-003    -0.31251169E-002
     0.40240511E+000    -0.20263512E-002    -0.45712546E-001     0.25268184E+001     0.23875122E+001     0.89169028E-003    -0.31081307E-002
     0.40277261E+000    -0.85279364E-003    -0.46183507E-001     0.24987843E+001     0.23767076E+001     0.98208067E-003    -0.30876493E-002
     0.40314010E+000     0.36537678E-003    -0.46609067E-001     0.24659907E+001     0.23685881E+001     0.10708866E-002    -0.30637985E-002
     0.40350759E+000     0.16261436E-002    -0.46984422E-001     0.24288974E+001     0.23643899E+001     0.11579447E-002    -0.30367144E-002
     0.40387509E+000     0.29269073E-002    -0.47304801E-001     0.23883661E+001     0.23652380E+001     0.12431050E-002    -0.30065426E-002
     0.40424258E+000     0.42644646E-002    -0.47565540E-001     0.23456181E+001     0.23719849E+001     0.13262309E-002    -0.29734358E-002
     0.40461007E+000     0.56349996E-002    -0.47762175E-001     0.23021163E+001     0.23850755E+001     0.14071998E-002    -0.29375535E-002
     0.40497757E+000     0.70340888E-002    -0.47890528E-001     0.22593916E+001     0.24044757E+001     0.14859032E-002    -0.28990596E-002
     0.40534506E+000     0.84567210E-002    -0.47946803E-001     0.22188558E+001     0.24296889E+001     0.15622467E-002    -0.28581218E-002
     0.40571255E+000     0.98973348E-002    -0.47927681E-001     0.21816458E+001     0.24598509E+001     0.16361497E-002    -0.28149098E-002
     0.40608005E+000     0.11349872E-001    -0.47830410E-001     0.21485340E+001     0.24938754E+001     0.17075454E-002    -0.27695942E-002
     0.40644754E+000     0.12807849E-001    -0.47652886E-001     0.21199112E+001     0.25306071E+001     0.17763799E-002    -0.27223455E-002
     0.40681503E+000     0.14264444E-001    -0.47393731E-001     0.20958299E+001     0.25689506E+001     0.18426124E-002    -0.26733327E-002
     0.40718253E+000     0.15712596E-001    -0.47052345E-001     0.20760828E+001     0.26079562E+001     0.19062141E-002    -0.26227226E-002
     0.40755002E+000     0.17145121E-001    -0.46628954E-001     0.20602903E+001     0.26468618E+001     0.19671677E-002    -0.25706788E-002
     0.40791751E+000     0.18554830E-001    -0.46124632E-001     0.20479804E+001     0.26850986E+001     0.20254670E-002    -0.25173610E-002
     0.40828501E+000     0.19934652E-001    -0.45541295E-001     0.20386509E+001     0.27222736E+001     0.20811157E-002    -0.24629240E-002
     0.40865250E+000     0.21277763E-001    -0.44881689E-001     0.20318128E+001     0.27581415E+001     0.21341267E-002    -0.24075176E-002
     0.40901999E+000     0.22577698E-001    -0.44149341E-001     0.20270161E+001     0.27925720E+001     0.21845218E-002    -0.23512856E-002
     0.40938748E+000     0.23828469E-001    -0.43348501E-001     0.20238625E+001     0.28255200E+001     0.22323304E-002    -0.22943661E-002
     0.40975498E+000     0.25024654E-001    -0.42484058E-001     0.20220101E+001     0.28570006E+001     0.22775889E-002    -0.22368903E-002
     0.41012247E+000     0.26161484E-001    -0.41561445E-001     0.20211710E+001     0.28870682E+001     0.23203400E-002    -0.21789831E-002
     0.41048996E+000     0.27234898E-001    -0.40586537E-001     0.20211068E+001     0.29158018E+001     0.23606319E-002    -0.21207624E-002
     0.41085746E+000     0.28241593E-001    -0.39565531E-001     0.20216227E+001     0.29432934E+001     0.23985175E-002    -0.20623393E-002
     0.41122495E+000     0.29179037E-001    -0.38504838E-001     0.20225609E+001     0.29696408E+001     0.24340541E-002    -0.20038180E-002
     0.41159244E+000     0.30045476E-001    -0.37410963E-001     0.20237948E+001     0.29949417E+001     0.24673021E-002    -0.19452959E-002
     0.41195994E+000     0.30839913E-001    -0.36290397E-001     0.20252233E+001     0.30192910E+001     0.24983250E-002    -0.18868636E-002
     0.41232743E+000     0.31562077E-001    -0.35149523E-001     0.20267663E+001     0.30427783E+001     0.25271886E-002    -0.18286051E-002
     0.41269492E+000     0.32212372E-001    -0.33994514E-001     0.20283606E+001     0.30654870E+001     0.25539602E-002    -0.17705978E-002
     0.41306242E+000     0.32791820E-001    -0.32831270E-001     0.20299567E+001     0.30874941E+001     0.25787089E-002    -0.17129131E-002
     0.41342991E+000     0.33301996E-001    -0.31665343E-001     0.20315162E+001     0.31088698E+001     0.26015040E-002    -0.16556159E-002
     0.41379740E+000     0.33744951E-001    -0.30501894E-001     0.20330091E+001     0.31296776E+001     0.26224159E-002    -0.15987658E-002
     0.41416490E+000     0.34123142E-001    -0.29345655E-001     0.20344126E+001     0.31499753E+001     0.26415146E-002    -0.15424166E-002
     0.41453239E+000     0.34439357E-001    -0.28200908E-001     0.20357094E+001     0.31698147E+001     0.26588701E-002    -0.14866166E-002
     0.41489988E+000     0.34696643E-001    -0.27071471E-001     0.20368865E+001     0.31892424E+001     0.26745518E-002    -0.14314095E-002
     0.41526738E+000     0.34898235E-001    -0.25960702E-001     0.20379344E+001     0.32083005E+001     0.26886284E-002    -0.13768338E-002
     0.41563487E+000     0.35047499E-001    -0.24871503E-001     0.20388461E+001     0.32270265E+001     0.27011675E-002    -0.13229239E-002
     0.41600236E+000     0.35147873E-001    -0.23806341E-001     0.20396169E+001     0.32454545E+001     0.27122356E-002    -0.12697097E-002
     0.41636986E+000     0.35202813E-001    -0.22767265E-001     0.20402438E+001     0.32636146E+001     0.27218978E-002    -0.12172173E-002
     0.41673735E+000     0.35215755E-001    -0.21755935E-001     0.20407249E+001     0.32815343E+001     0.27302178E-002    -0.11654690E-002
     0.41710484E+000     0.35190076E-001    -0.20773650E-001     0.20410594E+001     0.32992382E+001     0.27372575E-002    -0.11144839E-002
     0.41747234E+000     0.35129061E-001    -0.19821380E-001     0.20412472E+001     0.33167482E+001     0.27430775E-002    -0.10642776E-002
     0.41783983E+000     0.35035885E-001    -0.18899795E-001     0.20412888E+001     0.33340844E+001     0.27477362E-002    -0.10148630E-002
     0.41820732E+000     0.34913587E-001    -0.18009300E-001     0.20411849E+001     0.33512647E+001     0.27512905E-002    -0.96625013E-003
     0.41857482E+000     0.34765063E-001    -0.17150064E-001     0.20409368E+001     0.33683052E+001     0.27537954E-002    -0.91844656E-003
     0.41894231E+000     0.34593049E-001    -0.16322047E-001     0.20405458E+001     0.33852207E+001     0.27553039E-002    -0.87145757E-003
     0.41930980E+000     0.34400121E-001    -0.15525034E-001     0.20400134E+001     0.34020243E+001     0.27558673E-002    -0.82528632E-003
     0.41967730E+000     0.34188693E-001    -0.14758655E-001     0.20393412E+001     0.34187282E+001     0.27555348E-002    -0.77993405E-003
     0.42004479E+000     0.33961012E-001    -0.14022413E-001     0.20385306E+001     0.34353430E+001     0.27543540E-002    -0.73540027E-003
     0.42041228E+000     0.33719164E-001    -0.13315705E-001     0.20375834E+001     0.34518788E+001     0.27523703E-002    -0.69168288E-003
     0.42077978E+000     0.33465077E-001    -0.12637839E-001     0.20365009E+001     0.34683446E+001     0.27496276E-002    -0.64877835E-003
     0.42114727E+000     0.33200526E-001    -0.11988056E-001     0.20352848E+001     0.34847483E+001     0.27461679E-002    -0.60668189E-003
     0.42151476E+000     0.32927142E-001    -0.11365541E-001     0.20339363E+001     0.35010976E+001     0.27420312E-002    -0.56538753E-003
     0.42188226E+000     0.32646414E-001    -0.10769442E-001     0.20324570E+001     0.35173991E+001     0.27372561E-002    -0.52488827E-003
     0.42224975E+000     0.32359703E-001    -0.10198876E-001     0.20308479E+001     0.35336589E+001     0.27318794E-002    -0.48517621E-003
     0.42261724E+000     0.32068242E-001    -0.96529466E-002     0.20291104E+001     0.35498828E+001     0.27259362E-002    -0.44624262E-003
     0.42298474E+000     0.31773153E-001    -0.91307451E-002     0.20272454E+001     0.35660759E+001     0.27194600E-002    -0.40807808E-003
     0.42335223E+000     0.31475446E-001    -0.86313639E-002     0.20252540E+001     0.35822428E+001     0.27124828E-002    -0.37067254E-003
     0.42371972E+000     0.31176032E-001    -0.81539003E-002     0.20231371E+001     0.35983878E+001     0.27050352E-002    -0.33401541E-003
     0.42408722E+000     0.30875732E-001    -0.76974621E-002     0.20208955E+001     0.36145148E+001     0.26971462E-002    -0.29809566E-003
     0.42445471E+000     0.30575276E-001    -0.72611725E-002     0.20185299E+001     0.36306274E+001     0.26888435E-002    -0.26290184E-003
     0.42482220E+000     0.30275321E-001    -0.68441728E-002     0.20160410E+001     0.36467289E+001     0.26801535E-002    -0.22842221E-003
     0.42518969E+000     0.29976447E-001    -0.64456259E-002     0.20134294E+001     0.36628222E+001     0.26711011E-002    -0.19464475E-003
     0.42555719E+000     0.29679172E-001    -0.60647182E-002     0.20106954E+001     0.36789101E+001     0.26617104E-002    -0.16155723E-003
     0.42592468E+000     0.29383949E-001    -0.57006610E-002     0.20078395E+001     0.36949950E+001     0.26520037E-002    -0.12914725E-003
     0.42629217E+000     0.29091181E-001    -0.53526920E-002     0.20048621E+001     0.37110791E+001     0.26420028E-002    -0.97402313E-004
     0.42665967E+000     0.28801216E-001    -0.50200760E-002     0.20017634E+001     0.37271647E+001     0.26317279E-002    -0.66309831E-004
     0.42702716E+000     0.28514362E-001    -0.47021049E-002     0.19985435E+001     0.37432534E+001     0.26211985E-002    -0.35857175E-004
     0.42739465E+000     0.28230881E-001    -0.43980986E-002     0.19952027E+001     0.37593471E+001     0.26104329E-002    -0.60317130E-005
     0.42776215E+000     0.27951000E-001    -0.41074043E-002     0.19917410E+001     0.37754472E+001     0.25994486E-002     0.23179170E-004
     0.42812964E+000     0.27674913E-001    -0.38293963E-002     0.19881585E+001     0.37915552E+001     0.25882619E-002     0.51788040E-004
     0.42849713E+000     0.27402782E-001    -0.35634761E-002     0.19844549E+001     0.38076722E+001     0.25768887E-002     0.79807392E-004
     0.42886463E+000     0.27134743E-001    -0.33090711E-002     0.19806304E+001     0.38237995E+001     0.25653436E-002     0.10724963E-003
     0.42923212E+000     0.26870907E-001    -0.30656344E-002     0.19766847E+001     0.38399380E+001     0.25536407E-002     0.13412705E-003
     0.42959961E+000     0.26611365E-001    -0.28326440E-002     0.19726176E+001     0.38560887E+001     0.25417933E-002     0.16045181E-003
     0.42996711E+000     0.26356184E-001    -0.26096019E-002     0.19684290E+001     0.38722522E+001     0.25298139E-002     0.18623595E-003
     0.43033460E+000     0.26105419E-001    -0.23960337E-002     0.19641184E+001     0.38884293E+001     0.25177144E-002     0.21149133E-003
     0.43070209E+000     0.25859104E-001    -0.21914869E-002     0.19596858E+001     0.39046205E+001     0.25055060E-002     0.23622967E-003
     0.43106959E+000     0.25617264E-001    -0.19955309E-002     0.19551305E+001     0.39208265E+001     0.24931993E-002     0.26046250E-003
     0.43143708E+000     0.25379908E-001    -0.18077557E-002     0.19504524E+001     0.39370475E+001     0.24808043E-002     0.28420118E-003
     0.43180457E+000     0.25147037E-001    -0.16277712E-002     0.19456510E+001     0.39532840E+001     0.24683305E-002     0.30745688E-003
     0.43217207E+000     0.24918640E-001    -0.14552060E-002     0.19407258E+001     0.39695361E+001     0.24557868E-002     0.33024057E-003
     0.43253956E+000     0.24694698E-001    -0.12897072E-002     0.19356763E+001     0.39858042E+001     0.24431815E-002     0.35256304E-003
     0.43290705E+000     0.24475187E-001    -0.11309389E-002     0.19305021E+001     0.40020883E+001     0.24305228E-002     0.37443485E-003
     0.43327455E+000     0.24260073E-001    -0.97858181E-003     0.19252026E+001     0.40183886E+001     0.24178179E-002     0.39586639E-003
     0.43364204E+000     0.24049320E-001    -0.83233228E-003     0.19197773E+001     0.40347049E+001     0.24050740E-002     0.41686782E-003
     0.43400953E+000     0.23842883E-001    -0.69190167E-003     0.19142256E+001     0.40510373E+001     0.23922978E-002     0.43744911E-003
     0.43437703E+000     0.23640718E-001    -0.55701554E-003     0.19085468E+001     0.40673857E+001     0.23794954E-002     0.45762002E-003
     0.43474452E+000     0.23442773E-001    -0.42741299E-003     0.19027405E+001     0.40837498E+001     0.23666728E-002     0.47739009E-003
     0.43511201E+000     0.23248996E-001    -0.30284595E-003     0.18968059E+001     0.41001296E+001     0.23538355E-002     0.49676867E-003
     0.43547951E+000     0.23059330E-001    -0.18307857E-003     0.18907424E+001     0.41165247E+001     0.23409887E-002     0.51576491E-003
     0.43584700E+000     0.22873718E-001    -0.67886592E-004     0.18845493E+001     0.41329348E+001     0.23281372E-002     0.53438774E-003
     0.43621449E+000     0.22692101E-001     0.42943256E-004     0.18782260E+001     0.41493596E+001     0.23152858E-002     0.55264588E-003
     0.43658199E+000     0.22514418E-001     0.14961380E-003     0.18717718E+001     0.41657987E+001     0.23024387E-002     0.57054789E-003
     0.43694948E+000     0.22340608E-001     0.25231796E-003     0.18651859E+001     0.41822517E+001     0.22895998E-002     0.58810209E-003
     0.43731697E+000     0.22170609E-001     0.35123927E-003     0.18584676E+001     0.41987180E+001     0.22767732E-002     0.60531663E-003
     0.43768447E+000     0.22004358E-001     0.44655236E-003     0.18516162E+001     0.42151972E+001     0.22639621E-002     0.62219946E-003
     0.43805196E+000     0.21841793E-001     0.53842342E-003     0.18446310E+001     0.42316886E+001     0.22511701E-002     0.63875833E-003
     0.43841945E+000     0.21682850E-001     0.62701061E-003     0.18375112E+001     0.42481918E+001     0.22384001E-002     0.65500083E-003
     0.43878695E+000     0.21527467E-001     0.71246454E-003     0.18302561E+001     0.42647060E+001     0.22256551E-002     0.67093434E-003
     0.43915444E+000     0.21375583E-001     0.79492859E-003     0.18228649E+001     0.42812306E+001     0.22129378E-002     0.68656608E-003
     0.43952193E+000     0.21227135E-001     0.87453934E-003     0.18153368E+001     0.42977649E+001     0.22002508E-002     0.70190307E-003
     0.43988943E+000     0.21082062E-001     0.95142689E-003     0.18076711E+001     0.43143081E+001     0.21875962E-002     0.71695218E-003
     0.44025692E+000     0.20940304E-001     0.10257152E-002     0.17998670E+001     0.43308596E+001     0.21749765E-002     0.73172010E-003
     0.44062441E+000     0.20801801E-001     0.10975225E-002     0.17919237E+001     0.43474183E+001     0.21623935E-002     0.74621335E-003
     0.44099190E+000     0.20666493E-001     0.11669614E-002     0.17838405E+001     0.43639837E+001     0.21498491E-002     0.76043830E-003
     0.44135940E+000     0.20534324E-001     0.12341393E-002     0.17756164E+001     0.43805547E+001     0.21373451E-002     0.77440115E-003
     0.44172689E+000     0.20405236E-001     0.12991588E-002     0.17672509E+001     0.43971304E+001     0.21248832E-002     0.78810794E-003
     0.44209438E+000     0.20279174E-001     0.13621176E-002     0.17587430E+001     0.44137100E+001     0.21124647E-002     0.80156457E-003
     0.44246188E+000     0.20156081E-001     0.14231091E-002     0.17500921E+001     0.44302924E+001     0.21000912E-002     0.81477679E-003
     0.44282937E+000     0.20035905E-001     0.14822224E-002     0.17412972E+001     0.44468767E+001     0.20877637E-002     0.82775018E-003
     0.44319686E+000     0.19918592E-001     0.15395426E-002     0.17323577E+001     0.44634618E+001     0.20754835E-002     0.84049022E-003
     0.44356436E+000     0.19804091E-001     0.15951511E-002     0.17232728E+001     0.44800467E+001     0.20632517E-002     0.85300221E-003
     0.44393185E+000     0.19692352E-001     0.16491255E-002     0.17140416E+001     0.44966303E+001     0.20510691E-002     0.86529135E-003
     0.44429934E+000     0.19583324E-001     0.17015402E-002     0.17046634E+001     0.45132115E+001     0.20389367E-002     0.87736267E-003
     0.44466684E+000     0.19476960E-001     0.17524663E-002     0.16951375E+001     0.45297891E+001     0.20268553E-002     0.88922111E-003
     0.44503433E+000     0.19373213E-001     0.18019716E-002     0.16854630E+001     0.45463620E+001     0.20148255E-002     0.90087147E-003
     0.44540182E+000     0.19272036E-001     0.18501214E-002     0.16756392E+001     0.45629290E+001     0.20028480E-002     0.91231840E-003
     0.44576932E+000     0.19173386E-001     0.18969779E-002     0.16656654E+001     0.45794889E+001     0.19909234E-002     0.92356648E-003
     0.44613681E+000     0.19077218E-001     0.19426008E-002     0.16555408E+001     0.45960404E+001     0.19790521E-002     0.93462014E-003
     0.44650430E+000     0.18983490E-001     0.19870473E-002     0.16452647E+001     0.46125822E+001     0.19672347E-002     0.94548369E-003
     0.44687180E+000     0.18892160E-001     0.20303721E-002     0.16348364E+001     0.46291130E+001     0.19554714E-002     0.95616137E-003
     0.44723929E+000     0.18803189E-001     0.20726279E-002     0.16242551E+001     0.46456315E+001     0.19437625E-002     0.96665727E-003
     0.44760678E+000     0.18716537E-001     0.21138651E-002     0.16135201E+001     0.46621363E+001     0.19321085E-002     0.97697540E-003
     0.44797428E+000     0.18632166E-001     0.21541322E-002     0.16026307E+001     0.46786261E+001     0.19205094E-002     0.98711965E-003
     0.44834177E+000     0.18550039E-001     0.21934755E-002     0.15915862E+001     0.46950994E+001     0.19089654E-002     0.99709384E-003
     0.44870926E+000     0.18470121E-001     0.22319397E-002     0.15803860E+001     0.47115548E+001     0.18974767E-002     0.10069017E-002
     0.44907676E+000     0.18392376E-001     0.22695679E-002     0.15690294E+001     0.47279909E+001     0.18860434E-002     0.10165467E-002
     0.44944425E+000     0.18316772E-001     0.23064013E-002     0.15575156E+001     0.47444061E+001     0.18746654E-002     0.10260325E-002
     0.44981174E+000     0.18243274E-001     0.23424796E-002     0.15458442E+001     0.47607990E+001     0.18633429E-002     0.10353625E-002
     0.45017924E+000     0.18171852E-001     0.23778411E-002     0.15340144E+001     0.47771679E+001     0.18520758E-002     0.10445400E-002
     0.45054673E+000     0.18102475E-001     0.24125226E-002     0.15220256E+001     0.47935114E+001     0.18408640E-002     0.10535684E-002
     0.45091422E+000     0.18035113E-001     0.24465597E-002     0.15098773E+001     0.48098279E+001     0.18297074E-002     0.10624506E-002
     0.45128172E+000     0.17969737E-001     0.24799865E-002     0.14975688E+001     0.48261157E+001     0.18186060E-002     0.10711900E-002
     0.45164921E+000     0.17906319E-001     0.25128362E-002     0.14850996E+001     0.48423732E+001     0.18075595E-002     0.10797894E-002
     0.45201670E+000     0.17844833E-001     0.25451407E-002     0.14724691E+001     0.48585987E+001     0.17965679E-002     0.10882518E-002
     0.45238420E+000     0.17785253E-001     0.25769307E-002     0.14596767E+001     0.48747907E+001     0.17856309E-002     0.10965801E-002
     0.45275169E+000     0.17727554E-001     0.26082362E-002     0.14467221E+001     0.48909473E+001     0.17747483E-002     0.11047770E-002
     0.45311918E+000     0.17671710E-001     0.26390859E-002     0.14336046E+001     0.49070668E+001     0.17639199E-002     0.11128454E-002
     0.45348668E+000     0.17617700E-001     0.26695078E-002     0.14203238E+001     0.49231476E+001     0.17531454E-002     0.11207878E-002
     0.45385417E+000     0.17565501E-001     0.26995290E-002     0.14068792E+001     0.49391877E+001     0.17424246E-002     0.11286069E-002
     0.45422166E+000     0.17515092E-001     0.27291757E-002     0.13932704E+001     0.49551855E+001     0.17317571E-002     0.11363051E-002
     0.45458916E+000     0.17466450E-001     0.27584733E-002     0.13794970E+001     0.49711391E+001     0.17211428E-002     0.11438849E-002
     0.45495665E+000     0.17419558E-001     0.27874466E-002     0.13655585E+001     0.49870467E+001     0.17105811E-002     0.11513488E-002
     0.45532414E+000     0.17374395E-001     0.28161197E-002     0.13514546E+001     0.50029063E+001     0.17000719E-002     0.11586991E-002
     0.45569163E+000     0.17330943E-001     0.28445159E-002     0.13371849E+001     0.50187162E+001     0.16896148E-002     0.11659380E-002
     0.45605913E+000     0.17289186E-001     0.28726581E-002     0.13227492E+001     0.50344745E+001     0.16792095E-002     0.11730678E-002
     0.45642662E+000     0.17249105E-001     0.29005684E-002     0.13081470E+001     0.50501791E+001     0.16688555E-002     0.11800907E-002
     0.45679411E+000     0.17210686E-001     0.29282684E-002     0.12933780E+001     0.50658282E+001     0.16585524E-002     0.11870087E-002
     0.45716161E+000     0.17173913E-001     0.29557795E-002     0.12784422E+001     0.50814198E+001     0.16483000E-002     0.11938240E-002
     0.45752910E+000     0.17138771E-001     0.29831222E-002     0.12633391E+001     0.50969518E+001     0.16380979E-002     0.12005386E-002
     0.45789659E+000     0.17105248E-001     0.30103167E-002     0.12480686E+001     0.51124225E+001     0.16279455E-002     0.12071543E-002
     0.45826409E+000     0.17073329E-001     0.30373830E-002     0.12326305E+001     0.51278296E+001     0.16178425E-002     0.12136733E-002
     0.45863158E+000     0.17043004E-001     0.30643404E-002     0.12170247E+001     0.51431711E+001     0.16077886E-002     0.12200972E-002
     0.45899907E+000     0.17014260E-001     0.30912081E-002     0.12012510E+001     0.51584451E+001     0.15977832E-002     0.12264280E-002
     0.45936657E+000     0.16987086E-001     0.31180047E-002     0.11853094E+001     0.51736494E+001     0.15878260E-002     0.12326674E-002
     0.45973406E+000     0.16961473E-001     0.31447489E-002     0.11691996E+001     0.51887820E+001     0.15779166E-002     0.12388172E-002
     0.46010155E+000     0.16937411E-001     0.31714586E-002     0.11529218E+001     0.52038407E+001     0.15680544E-002     0.12448791E-002
     0.46046905E+000     0.16914892E-001     0.31981520E-002     0.11364759E+001     0.52188234E+001     0.15582391E-002     0.12508547E-002
     0.46083654E+000     0.16893907E-001     0.32248467E-002     0.11198619E+001     0.52337279E+001     0.15484703E-002     0.12567456E-002
     0.46120403E+000     0.16874449E-001     0.32515602E-002     0.11030799E+001     0.52485522E+001     0.15387474E-002     0.12625534E-002
     0.46157153E+000     0.16856511E-001     0.32783099E-002     0.10861300E+001     0.52632941E+001     0.15290701E-002     0.12682797E-002
     0.46193902E+000     0.16840088E-001     0.33051130E-002     0.10690121E+001     0.52779513E+001     0.15194379E-002     0.12739260E-002
     0.46230651E+000     0.16825175E-001     0.33319864E-002     0.10517266E+001     0.52925217E+001     0.15098503E-002     0.12794937E-002
     0.46267401E+000     0.16811766E-001     0.33589473E-002     0.10342736E+001     0.53070030E+001     0.15003070E-002     0.12849842E-002
     0.46304150E+000     0.16799857E-001     0.33860124E-002     0.10166533E+001     0.53213931E+001     0.14908074E-002     0.12903990E-002
     0.46340899E+000     0.16789446E-001     0.34131987E-002     0.99886590E+000     0.53356898E+001     0.14813511E-002     0.12957395E-002
     0.46377649E+000     0.16780530E-001     0.34405227E-002     0.98091175E+000     0.53498906E+001     0.14719377E-002     0.13010068E-002
     0.46414398E+000     0.16773107E-001     0.34680014E-002     0.96279113E+000     0.53639935E+001     0.14625667E-002     0.13062025E-002
     0.46451147E+000     0.16767176E-001     0.34956515E-002     0.94450440E+000     0.53779962E+001     0.14532377E-002     0.13113276E-002
     0.46487897E+000     0.16762735E-001     0.35234898E-002     0.92605194E+000     0.53918963E+001     0.14439501E-002     0.13163836E-002
     0.46524646E+000     0.16759786E-001     0.35515331E-002     0.90743419E+000     0.54056916E+001     0.14347036E-002     0.13213715E-002
     0.46561395E+000     0.16758329E-001     0.35797983E-002     0.88865160E+000     0.54193797E+001     0.14254978E-002     0.13262925E-002
     0.46598145E+000     0.16758366E-001     0.36083025E-002     0.86970467E+000     0.54329585E+001     0.14163321E-002     0.13311479E-002
     0.46634894E+000     0.16759898E-001     0.36370628E-002     0.85059393E+000     0.54464256E+001     0.14072061E-002     0.13359387E-002
     0.46671643E+000     0.16762929E-001     0.36660964E-002     0.83131997E+000     0.54597786E+001     0.13981194E-002     0.13406661E-002
     0.46708393E+000     0.16767462E-001     0.36954209E-002     0.81188338E+000     0.54730153E+001     0.13890715E-002     0.13453311E-002
     0.46745142E+000     0.16773501E-001     0.37250537E-002     0.79228483E+000     0.54861333E+001     0.13800620E-002     0.13499347E-002
     0.46781891E+000     0.16781051E-001     0.37550127E-002     0.77252500E+000     0.54991303E+001     0.13710905E-002     0.13544781E-002
     0.46818641E+000     0.16790119E-001     0.37853160E-002     0.75260462E+000     0.55120040E+001     0.13621564E-002     0.13589621E-002
     0.46855390E+000     0.16800710E-001     0.38159819E-002     0.73252447E+000     0.55247520E+001     0.13532595E-002     0.13633878E-002
     0.46892139E+000     0.16812832E-001     0.38470290E-002     0.71228535E+000     0.55373720E+001     0.13443992E-002     0.13677562E-002
     0.46928889E+000     0.16826492E-001     0.38784762E-002     0.69188812E+000     0.55498617E+001     0.13355750E-002     0.13720681E-002
     0.46965638E+000     0.16841700E-001     0.39103427E-002     0.67133367E+000     0.55622187E+001     0.13267867E-002     0.13763244E-002
     0.47002387E+000     0.16858465E-001     0.39426481E-002     0.65062292E+000     0.55744408E+001     0.13180337E-002     0.13805262E-002
     0.47039137E+000     0.16876796E-001     0.39754124E-002     0.62975687E+000     0.55865254E+001     0.13093157E-002     0.13846742E-002
     0.47075886E+000     0.16896705E-001     0.40086561E-002     0.60873651E+000     0.55984704E+001     0.13006321E-002     0.13887692E-002
     0.47112635E+000     0.16918205E-001     0.40424000E-002     0.58756292E+000     0.56102734E+001     0.12919826E-002     0.13928122E-002
     0.47149384E+000     0.16941306E-001     0.40766654E-002     0.56623719E+000     0.56219321E+001     0.12833668E-002     0.13968039E-002
     0.47186134E+000     0.16966024E-001     0.41114742E-002     0.54476047E+000     0.56334442E+001     0.12747843E-002     0.14007452E-002
     0.47222883E+000     0.16992373E-001     0.41468488E-002     0.52313393E+000     0.56448073E+001     0.12662346E-002     0.14046367E-002
     0.47259632E+000     0.17020367E-001     0.41828122E-002     0.50135882E+000     0.56560191E+001     0.12577173E-002     0.14084793E-002
     0.47296382E+000     0.17050023E-001     0.42193879E-002     0.47943640E+000     0.56670774E+001     0.12492320E-002     0.14122736E-002
     0.47333131E+000     0.17081359E-001     0.42566002E-002     0.45736798E+000     0.56779798E+001     0.12407784E-002     0.14160205E-002
     0.47369880E+000     0.17114391E-001     0.42944740E-002     0.43515492E+000     0.56887241E+001     0.12323560E-002     0.14197206E-002
     0.47406630E+000     0.17149140E-001     0.43330351E-002     0.41279863E+000     0.56993080E+001     0.12239644E-002     0.14233746E-002
     0.47443379E+000     0.17185625E-001     0.43723099E-002     0.39030054E+000     0.57097292E+001     0.12156033E-002     0.14269831E-002
     0.47480128E+000     0.17223867E-001     0.44123256E-002     0.36766214E+000     0.57199855E+001     0.12072722E-002     0.14305469E-002
     0.47516878E+000     0.17263888E-001     0.44531104E-002     0.34488497E+000     0.57300747E+001     0.11989708E-002     0.14340666E-002
     0.47553627E+000     0.17305712E-001     0.44946934E-002     0.32197058E+000     0.57399945E+001     0.11906986E-002     0.14375428E-002
     0.47590376E+000     0.17349363E-001     0.45371047E-002     0.29892061E+000     0.57497428E+001     0.11824554E-002     0.14409761E-002
     0.47627126E+000     0.17394866E-001     0.45803752E-002     0.27573671E+000     0.57593173E+001     0.11742407E-002     0.14443671E-002
     0.47663875E+000     0.17442247E-001     0.46245371E-002     0.25242057E+000     0.57687158E+001     0.11660541E-002     0.14477164E-002
     0.47700624E+000     0.17491536E-001     0.46696238E-002     0.22897395E+000     0.57779364E+001     0.11578953E-002     0.14510246E-002
     0.47737374E+000     0.17542760E-001     0.47156698E-002     0.20539863E+000     0.57869767E+001     0.11497639E-002     0.14542922E-002
     0.47774123E+000     0.17595950E-001     0.47627108E-002     0.18169644E+000     0.57958347E+001     0.11416595E-002     0.14575198E-002
     0.47810872E+000     0.17651137E-001     0.48107840E-002     0.15786926E+000     0.58045082E+001     0.11335818E-002     0.14607079E-002
     0.47847622E+000     0.17708356E-001     0.48599279E-002     0.13391898E+000     0.58129953E+001     0.11255304E-002     0.14638570E-002
     0.47884371E+000     0.17767639E-001     0.49101826E-002     0.10984758E+000     0.58212939E+001     0.11175050E-002     0.14669676E-002
     0.47921120E+000     0.17829024E-001     0.49615898E-002     0.85657049E-001     0.58294019E+001     0.11095053E-002     0.14700403E-002
     0.47957870E+000     0.17892547E-001     0.50141928E-002     0.61349421E-001     0.58373174E+001     0.11015308E-002     0.14730755E-002
     0.47994619E+000     0.17958247E-001     0.50680368E-002     0.36926777E-001     0.58450383E+001     0.10935812E-002     0.14760737E-002
     0.48031368E+000     0.18026166E-001     0.51231686E-002     0.12391238E-001     0.58525628E+001     0.10856562E-002     0.14790353E-002
     0.48068118E+000     0.18096345E-001     0.51796374E-002    -0.12255038E-001     0.58598889E+001     0.10777554E-002     0.14819608E-002
     0.48104867E+000     0.18168828E-001     0.52374941E-002    -0.37009851E-001     0.58670148E+001     0.10698786E-002     0.14848507E-002
     0.48141616E+000     0.18243661E-001     0.52967921E-002    -0.61870962E-001     0.58739385E+001     0.10620253E-002     0.14877053E-002
     0.48178366E+000     0.18320892E-001     0.53575870E-002    -0.86836094E-001     0.58806582E+001     0.10541953E-002     0.14905252E-002
     0.48215115E+000     0.18400571E-001     0.54199370E-002    -0.11190293E+000     0.58871722E+001     0.10463882E-002     0.14933106E-002
     0.48251864E+000     0.18482748E-001     0.54839027E-002    -0.13706912E+000     0.58934787E+001     0.10386037E-002     0.14960620E-002
     0.48288614E+000     0.18567479E-001     0.55495478E-002    -0.16233227E+000     0.58995760E+001     0.10308414E-002     0.14987799E-002
     0.48325363E+000     0.18654818E-001     0.56169386E-002    -0.18768995E+000     0.59054623E+001     0.10231012E-002     0.15014645E-002
     0.48362112E+000     0.18744823E-001     0.56861450E-002    -0.21313970E+000     0.59111361E+001     0.10153826E-002     0.15041162E-002
     0.48398862E+000     0.18837555E-001     0.57572398E-002    -0.23867902E+000     0.59165956E+001     0.10076854E-002     0.15067355E-002
     0.48435611E+000     0.18933077E-001     0.58302995E-002    -0.26430537E+000     0.59218393E+001     0.10000092E-002     0.15093226E-002
     0.48472360E+000     0.19031455E-001     0.59054043E-002    -0.29001619E+000     0.59268657E+001     0.99235369E-003     0.15118779E-002
     0.48509110E+000     0.19132755E-001     0.59826384E-002    -0.31580888E+000     0.59316732E+001     0.98471867E-003     0.15144018E-002
     0.48545859E+000     0.19237049E-001     0.60620902E-002    -0.34168079E+000     0.59362604E+001     0.97710378E-003     0.15168945E-002
     0.48582608E+000     0.19344409E-001     0.61438527E-002    -0.36762927E+000     0.59406259E+001     0.96950874E-003     0.15193565E-002
     0.48619358E+000     0.19454913E-001     0.62280235E-002    -0.39365161E+000     0.59447682E+001     0.96193327E-003     0.15217879E-002
     0.48656107E+000     0.19568640E-001     0.63147054E-002    -0.41974509E+000     0.59486861E+001     0.95437706E-003     0.15241892E-002
     0.48692856E+000     0.19685672E-001     0.64040066E-002    -0.44590694E+000     0.59523782E+001     0.94683984E-003     0.15265606E-002
     0.48729605E+000     0.19806095E-001     0.64960410E-002    -0.47213438E+000     0.59558432E+001     0.93932132E-003     0.15289024E-002
     0.48766355E+000     0.19929997E-001     0.65909287E-002    -0.49842460E+000     0.59590800E+001     0.93182124E-003     0.15312148E-002
     0.48803104E+000     0.20057473E-001     0.66887965E-002    -0.52477474E+000     0.59620875E+001     0.92433930E-003     0.15334983E-002
     0.48839853E+000     0.20188617E-001     0.67897779E-002    -0.55118195E+000     0.59648643E+001     0.91687525E-003     0.15357529E-002
     0.48876603E+000     0.20323531E-001     0.68940142E-002    -0.57764333E+000     0.59674096E+001     0.90942881E-003     0.15379791E-002
     0.48913352E+000     0.20462318E-001     0.70016545E-002    -0.60415596E+000     0.59697223E+001     0.90199972E-003     0.15401770E-002
     0.48950101E+000     0.20605086E-001     0.71128565E-002    -0.63071689E+000     0.59718014E+001     0.89458772E-003     0.15423468E-002
     0.48986851E+000     0.20751949E-001     0.72277871E-002    -0.65732317E+000     0.59736459E+001     0.88719253E-003     0.15444890E-002
     0.49023600E+000     0.20903021E-001     0.73466230E-002    -0.68397181E+000     0.59752551E+001     0.87981392E-003     0.15466036E-002
     0.49060349E+000     0.21058426E-001     0.74695514E-002    -0.71065979E+000     0.59766280E+001     0.87245161E-003     0.15486909E-002
     0.49097099E+000     0.21218288E-001     0.75967709E-002    -0.73738411E+000     0.59777639E+001     0.86510537E-003     0.15507511E-002
     0.49133848E+000     0.21382740E-001     0.77284919E-002    -0.76414171E+000     0.59786620E+001     0.85777495E-003     0.15527844E-002
     0.49170597E+000     0.21551915E-001     0.78649383E-002    -0.79092953E+000     0.59793218E+001     0.85046009E-003     0.15547911E-002
     0.49207347E+000     0.21725957E-001     0.80063475E-002    -0.81774449E+000     0.59797425E+001     0.84316056E-003     0.15567714E-002
     0.49244096E+000     0.21905010E-001     0.81529722E-002    -0.84458351E+000     0.59799236E+001     0.83587612E-003     0.15587254E-002
     0.49280845E+000     0.22089227E-001     0.83050814E-002    -0.87144348E+000     0.59798645E+001     0.82860652E-003     0.15606534E-002
     0.49317595E+000     0.22278765E-001     0.84629612E-002    -0.89832127E+000     0.59795649E+001     0.82135155E-003     0.15625555E-002
     0.49354344E+000     0.22473786E-001     0.86269170E-002    -0.92521376E+000     0.59790243E+001     0.81411096E-003     0.15644319E-002
     0.49391093E+000     0.22674460E-001     0.87972742E-002    -0.95211781E+000     0.59782423E+001     0.80688452E-003     0.15662829E-002
     0.49427843E+000     0.22880961E-001     0.89743803E-002    -0.97903027E+000     0.59772187E+001     0.79967202E-003     0.15681085E-002
     0.49464592E+000     0.23093469E-001     0.91586065E-002    -0.10059480E+001     0.59759531E+001     0.79247323E-003     0.15699089E-002
     0.49501341E+000     0.23312171E-001     0.93503497E-002    -0.10328678E+001     0.59744454E+001     0.78528792E-003     0.15716843E-002
     0.49538091E+000     0.23537259E-001     0.95500347E-002    -0.10597865E+001     0.59726955E+001     0.77811589E-003     0.15734349E-002
     0.49574840E+000     0.23768931E-001     0.97581164E-002    -0.10867009E+001     0.59707033E+001     0.77095691E-003     0.15751608E-002
     0.49611589E+000     0.24007389E-001     0.99750825E-002    -0.11136079E+001     0.59684687E+001     0.76381078E-003     0.15768622E-002
     0.49648339E+000     0.24252844E-001     0.10201456E-001    -0.11405043E+001     0.59659917E+001     0.75667729E-003     0.15785391E-002
     0.49685088E+000     0.24505509E-001     0.10437799E-001    -0.11673868E+001     0.59632725E+001     0.74955623E-003     0.15801918E-002
     0.49721837E+000     0.24765602E-001     0.10684716E-001    -0.11942524E+001     0.59603112E+001     0.74244739E-003     0.15818204E-002
     0.49758587E+000     0.25033345E-001     0.10942855E-001    -0.12210978E+001     0.59571080E+001     0.73535058E-003     0.15834249E-002
     0.49795336E+000     0.25308965E-001     0.11212918E-001    -0.12479199E+001     0.59536631E+001     0.72826559E-003     0.15850056E-002
     0.49832085E+000     0.25592689E-001     0.11495656E-001    -0.12747154E+001     0.59499768E+001     0.72119224E-003     0.15865625E-002
     0.49868835E+000     0.25884746E-001     0.11791885E-001    -0.13014812E+001     0.59460495E+001     0.71413032E-003     0.15880958E-002
     0.49905584E+000     0.26185365E-001     0.12102481E-001    -0.13282142E+001     0.59418816E+001     0.70707965E-003     0.15896056E-002
     0.49942333E+000     0.26494770E-001     0.12428394E-001    -0.13549112E+001     0.59374736E+001     0.70004004E-003     0.15910920E-002
     0.49979083E+000     0.26813185E-001     0.12770652E-001    -0.13815690E+001     0.59328259E+001     0.69301131E-003     0.15925550E-002
     0.50015832E+000     0.27140821E-001     0.13130365E-001    -0.14081846E+001     0.59279393E+001     0.68599327E-003     0.15939949E-002
     0.50052581E+000     0.27477883E-001     0.13508739E-001    -0.14347547E+001     0.59228142E+001     0.67898573E-003     0.15954116E-002
     0.50089331E+000     0.27824558E-001     0.13907080E-001    -0.14612763E+001     0.59174515E+001     0.67198854E-003     0.15968053E-002
     0.50126080E+000     0.28181013E-001     0.14326809E-001    -0.14877462E+001     0.59118518E+001     0.66500150E-003     0.15981760E-002
     0.50162829E+000     0.28547391E-001     0.14769466E-001    -0.15141614E+001     0.59060159E+001     0.65802444E-003     0.15995239E-002
     0.50199578E+000     0.28923798E-001     0.15236731E-001    -0.15405189E+001     0.58999447E+001     0.65105720E-003     0.16008491E-002
     0.50236328E+000     0.29310302E-001     0.15730428E-001    -0.15668155E+001     0.58936391E+001     0.64409961E-003     0.16021515E-002
     0.50273077E+000     0.29706914E-001     0.16252547E-001    -0.15930482E+001     0.58871000E+001     0.63715151E-003     0.16034314E-002
     0.50309826E+000     0.30113581E-001     0.16805256E-001    -0.16192140E+001     0.58803285E+001     0.63021272E-003     0.16046887E-002
     0.50346576E+000     0.30530167E-001     0.17390920E-001    -0.16453100E+001     0.58733255E+001     0.62328309E-003     0.16059235E-002
     0.50383325E+000     0.30956439E-001     0.18012120E-001    -0.16713331E+001     0.58660923E+001     0.61636247E-003     0.16071359E-002
     0.50420074E+000     0.31392039E-001     0.18671674E-001    -0.16972804E+001     0.58586299E+001     0.60945070E-003     0.16083260E-002
     0.50456824E+000     0.31836459E-001     0.19372660E-001    -0.17231489E+001     0.58509396E+001     0.60254762E-003     0.16094937E-002
     0.50493573E+000     0.32289011E-001     0.20118437E-001    -0.17489358E+001     0.58430226E+001     0.59565308E-003     0.16106393E-002
     0.50530322E+000     0.32748786E-001     0.20912678E-001    -0.17746382E+001     0.58348803E+001     0.58876694E-003     0.16117626E-002
     0.50567072E+000     0.33214606E-001     0.21759387E-001    -0.18002532E+001     0.58265140E+001     0.58188906E-003     0.16128638E-002
     0.50603821E+000     0.33684970E-001     0.22662935E-001    -0.18257780E+001     0.58179250E+001     0.57501928E-003     0.16139429E-002
     0.50640570E+000     0.34157985E-001     0.23628083E-001    -0.18512098E+001     0.58091149E+001     0.56815747E-003     0.16150000E-002
     0.50677320E+000     0.34631286E-001     0.24660009E-001    -0.18765458E+001     0.58000852E+001     0.56130350E-003     0.16160351E-002
     0.50714069E+000     0.35101938E-001     0.25764334E-001    -0.19017834E+001     0.57908373E+001     0.55445721E-003     0.16170481E-002
     0.50750818E+000     0.35566322E-001     0.26947140E-001    -0.19269198E+001     0.57813729E+001     0.54761849E-003     0.16180393E-002
     0.50787568E+000     0.36019995E-001     0.28214977E-001    -0.19519523E+001     0.57716935E+001     0.54078720E-003     0.16190085E-002
     0.50824317E+000     0.36457527E-001     0.29574866E-001    -0.19768783E+001     0.57618010E+001     0.53396322E-003     0.16199559E-002
     0.50861066E+000     0.36872311E-001     0.31034279E-001    -0.20016951E+001     0.57516969E+001     0.52714641E-003     0.16208814E-002
     0.50897816E+000     0.37256331E-001     0.32601086E-001    -0.20264003E+001     0.57413830E+001     0.52033665E-003     0.16217850E-002
     0.50934565E+000     0.37599901E-001     0.34283477E-001    -0.20509913E+001     0.57308612E+001     0.51353382E-003     0.16226669E-002
     0.50971314E+000     0.37891365E-001     0.36089823E-001    -0.20754656E+001     0.57201332E+001     0.50673781E-003     0.16235270E-002
     0.51008064E+000     0.38116751E-001     0.38028469E-001    -0.20998207E+001     0.57092010E+001     0.49994849E-003     0.16243653E-002
     0.51044813E+000     0.38259393E-001     0.40107438E-001    -0.21240543E+001     0.56980664E+001     0.49316575E-003     0.16251818E-002
     0.51081562E+000     0.38299529E-001     0.42334007E-001    -0.21481638E+001     0.56867314E+001     0.48638949E-003     0.16259766E-002
     0.51118312E+000     0.38213884E-001     0.44714134E-001    -0.21721470E+001     0.56751980E+001     0.47961958E-003     0.16267496E-002
     0.51155061E+000     0.37975279E-001     0.47251684E-001    -0.21960016E+001     0.56634682E+001     0.47285593E-003     0.16275009E-002
     0.51191810E+000     0.37552321E-001     0.49947422E-001    -0.22197253E+001     0.56515440E+001     0.46609842E-003     0.16282304E-002
     0.51228560E+000     0.36909233E-001     0.52797734E-001    -0.22433159E+001     0.56394276E+001     0.45934696E-003     0.16289382E-002
     0.51265309E+000     0.36005950E-001     0.55793048E-001    -0.22667712E+001     0.56271210E+001     0.45260145E-003     0.16296243E-002
     0.51302058E+000     0.34798627E-001     0.58915967E-001    -0.22900890E+001     0.56146264E+001     0.44586178E-003     0.16302887E-002
     0.51338808E+000     0.33240722E-001     0.62139159E-001    -0.23132674E+001     0.56019461E+001     0.43912787E-003     0.16309313E-002
     0.51375557E+000     0.31284889E-001     0.65423160E-001    -0.23363041E+001     0.55890820E+001     0.43239962E-003     0.16315521E-002
     0.51412306E+000     0.28885856E-001     0.68714330E-001    -0.23591973E+001     0.55760367E+001     0.42567693E-003     0.16321512E-002
     0.51449056E+000     0.26004449E-001     0.71943377E-001    -0.23819448E+001     0.55628122E+001     0.41895973E-003     0.16327285E-002
     0.51485805E+000     0.22612750E-001     0.75024974E-001    -0.24045449E+001     0.55494109E+001     0.41224792E-003     0.16332840E-002
     0.51522554E+000     0.18700113E-001     0.77859142E-001    -0.24269957E+001     0.55358351E+001     0.40554142E-003     0.16338178E-002
     0.51559304E+000     0.14279436E-001     0.80335001E-001    -0.24492952E+001     0.55220871E+001     0.39884015E-003     0.16343297E-002
     0.51596053E+000     0.93926468E-002     0.82337301E-001    -0.24714418E+001     0.55081693E+001     0.39214402E-003     0.16348197E-002
     0.51632802E+000     0.41140647E-002     0.83755628E-001    -0.24934336E+001     0.54940841E+001     0.38545298E-003     0.16352880E-002
     0.51669552E+000    -0.14497503E-002     0.84495455E-001    -0.25152691E+001     0.54798338E+001     0.37876693E-003     0.16357343E-002
     0.51706301E+000    -0.71646500E-002     0.84489440E-001    -0.25369464E+001     0.54654209E+001     0.37208580E-003     0.16361587E-002
     0.51743050E+000    -0.12878167E-001     0.83706816E-001    -0.25584641E+001     0.54508479E+001     0.36540953E-003     0.16365612E-002
     0.51779799E+000    -0.18432342E-001     0.82158747E-001    -0.25798206E+001     0.54361172E+001     0.35873806E-003     0.16369417E-002
     0.51816549E+000    -0.23677997E-001     0.79898235E-001    -0.26010144E+001     0.54212313E+001     0.35207130E-003     0.16373002E-002
     0.51853298E+000    -0.28487823E-001     0.77014451E-001    -0.26220439E+001     0.54061926E+001     0.34540920E-003     0.16376367E-002
     0.51890047E+000    -0.32765945E-001     0.73622665E-001    -0.26429079E+001     0.53910037E+001     0.33875171E-003     0.16379511E-002
     0.51926797E+000    -0.36452613E-001     0.69851935E-001    -0.26636049E+001     0.53756670E+001     0.33209876E-003     0.16382435E-002
     0.51963546E+000    -0.39523904E-001     0.65832929E-001    -0.26841336E+001     0.53601852E+001     0.32545029E-003     0.16385137E-002
     0.52000295E+000    -0.41987423E-001     0.61687767E-001    -0.27044927E+001     0.53445607E+001     0.31880625E-003     0.16387617E-002
     0.52037045E+000    -0.43875541E-001     0.57522979E-001    -0.27246810E+001     0.53287962E+001     0.31216659E-003     0.16389876E-002
     0.52073794E+000    -0.45237779E-001     0.53425743E-001    -0.27446974E+001     0.53128941E+001     0.30553127E-003     0.16391912E-002
     0.52110543E+000    -0.46133587E-001     0.49462965E-001    -0.27645406E+001     0.52968571E+001     0.29890023E-003     0.16393725E-002
     0.52147293E+000    -0.46626305E-001     0.45682437E-001    -0.27842096E+001     0.52806877E+001     0.29227343E-003     0.16395314E-002
     0.52184042E+000    -0.46778610E-001     0.42115228E-001    -0.28037034E+001     0.52643884E+001     0.28565083E-003     0.16396680E-002
     0.52220791E+000    -0.46649444E-001     0.38778640E-001    -0.28230210E+001     0.52479620E+001     0.27903239E-003     0.16397821E-002
     0.52257541E+000    -0.46292190E-001     0.35679219E-001    -0.28421614E+001     0.52314110E+001     0.27241807E-003     0.16398738E-002
     0.52294290E+000    -0.45753833E-001     0.32815507E-001    -0.28611237E+001     0.52147379E+001     0.26580783E-003     0.16399429E-002
     0.52331039E+000    -0.45074799E-001     0.30180400E-001    -0.28799071E+001     0.51979454E+001     0.25920165E-003     0.16399895E-002
     0.52367789E+000    -0.44289238E-001     0.27763051E-001    -0.28985108E+001     0.51810361E+001     0.25259949E-003     0.16400135E-002
     0.52404538E+000    -0.43425562E-001     0.25550344E-001    -0.29169340E+001     0.51640125E+001     0.24600132E-003     0.16400147E-002
     0.52441287E+000    -0.42507107E-001     0.23528003E-001    -0.29351759E+001     0.51468773E+001     0.23940713E-003     0.16399932E-002
     0.52478037E+000    -0.41552812E-001     0.21681383E-001    -0.29532359E+001     0.51296331E+001     0.23281687E-003     0.16399490E-002
     0.52514786E+000    -0.40577885E-001     0.19996021E-001    -0.29711135E+001     0.51122825E+001     0.22623055E-003     0.16398819E-002
     0.52551535E+000    -0.39594409E-001     0.18457995E-001    -0.29888079E+001     0.50948281E+001     0.21964812E-003     0.16397919E-002
     0.52588285E+000    -0.38611877E-001     0.17054153E-001    -0.30063187E+001     0.50772724E+001     0.21306959E-003     0.16396789E-002
     0.52625034E+000    -0.37637655E-001     0.15772235E-001    -0.30236453E+001     0.50596180E+001     0.20649493E-003     0.16395429E-002
     0.52661783E+000    -0.36677379E-001     0.14600923E-001    -0.30407874E+001     0.50418675E+001     0.19992413E-003     0.16393838E-002
     0.52698533E+000    -0.35735281E-001     0.13529850E-001    -0.30577444E+001     0.50240236E+001     0.19335718E-003     0.16392016E-002
     0.52735282E+000    -0.34814465E-001     0.12549571E-001    -0.30745161E+001     0.50060887E+001     0.18679408E-003     0.16389962E-002
     0.52772031E+000    -0.33917135E-001     0.11651517E-001    -0.30911021E+001     0.49880654E+001     0.18023482E-003     0.16387675E-002
     0.52808781E+000    -0.33044776E-001     0.10827936E-001    -0.31075022E+001     0.49699562E+001     0.17367940E-003     0.16385154E-002
     0.52845530E+000    -0.32198305E-001     0.10071834E-001    -0.31237160E+001     0.49517638E+001     0.16712781E-003     0.16382400E-002
     0.52882279E+000    -0.31378195E-001     0.93769066E-002    -0.31397434E+001     0.49334906E+001     0.16058007E-003     0.16379411E-002
     0.52919029E+000    -0.30584571E-001     0.87374785E-002    -0.31555842E+001     0.49151392E+001     0.15403617E-003     0.16376187E-002
     0.52955778E+000    -0.29817290E-001     0.81484428E-002    -0.31712383E+001     0.48967119E+001     0.14749612E-003     0.16372727E-002
     0.52992527E+000    -0.29076005E-001     0.76052053E-002    -0.31867057E+001     0.48782115E+001     0.14095993E-003     0.16369030E-002
     0.53029277E+000    -0.28360216E-001     0.71036320E-002    -0.32019862E+001     0.48596403E+001     0.13442762E-003     0.16365096E-002
     0.53066026E+000    -0.27669309E-001     0.66400024E-002    -0.32170799E+001     0.48410007E+001     0.12789919E-003     0.16360924E-002
     0.53102775E+000    -0.27002592E-001     0.62109661E-002    -0.32319868E+001     0.48222953E+001     0.12137466E-003     0.16356513E-002
     0.53139525E+000    -0.26359315E-001     0.58135040E-002    -0.32467070E+001     0.48035265E+001     0.11485405E-003     0.16351863E-002
     0.53176274E+000    -0.25738695E-001     0.54448936E-002    -0.32612405E+001     0.47846967E+001     0.10833738E-003     0.16346972E-002
     0.53213023E+000    -0.25139930E-001     0.51026774E-002    -0.32755876E+001     0.47658084E+001     0.10182468E-003     0.16341841E-002
     0.53249773E+000    -0.24562212E-001     0.47846355E-002    -0.32897484E+001     0.47468638E+001     0.95315969E-004     0.16336468E-002
     0.53286522E+000    -0.24004734E-001     0.44887602E-002    -0.33037231E+001     0.47278654E+001     0.88811274E-004     0.16330853E-002
     0.53323271E+000    -0.23466700E-001     0.42132338E-002    -0.33175119E+001     0.47088155E+001     0.82310628E-004     0.16324995E-002
     0.53360020E+000    -0.22947331E-001     0.39564094E-002    -0.33311152E+001     0.46897165E+001     0.75814062E-004     0.16318893E-002
     0.53396770E+000    -0.22445865E-001     0.37167924E-002    -0.33445333E+001     0.46705707E+001     0.69321612E-004     0.16312547E-002
     0.53433519E+000    -0.21961565E-001     0.34930256E-002    -0.33577664E+001     0.46513804E+001     0.62833316E-004     0.16305955E-002
     0.53470268E+000    -0.21493717E-001     0.32838747E-002    -0.33708151E+001     0.46321478E+001     0.56349212E-004     0.16299118E-002
     0.53507018E+000    -0.21041631E-001     0.30882163E-002    -0.33836796E+001     0.46128752E+001     0.49869342E-004     0.16292033E-002
     0.53543767E+000    -0.20604648E-001     0.29050263E-002    -0.33963604E+001     0.45935649E+001     0.43393752E-004     0.16284702E-002
     0.53580516E+000    -0.20182130E-001     0.27333706E-002    -0.34088581E+001     0.45742191E+001     0.36922487E-004     0.16277122E-002
     0.53617266E+000    -0.19773471E-001     0.25723959E-002    -0.34211731E+001     0.45548400E+001     0.30455597E-004     0.16269293E-002
     0.53654015E+000    -0.19378088E-001     0.24213217E-002    -0.34333059E+001     0.45354297E+001     0.23993134E-004     0.16261215E-002
     0.53690764E+000    -0.18995423E-001     0.22794339E-002    -0.34452570E+001     0.45159904E+001     0.17535150E-004     0.16252886E-002
     0.53727514E+000    -0.18624946E-001     0.21460779E-002    -0.34570272E+001     0.44965243E+001     0.11081701E-004     0.16244306E-002
     0.53764263E+000    -0.18266149E-001     0.20206530E-002    -0.34686169E+001     0.44770334E+001     0.46328476E-005     0.16235474E-002
     0.53801012E+000    -0.17918548E-001     0.19026078E-002    -0.34800268E+001     0.44575198E+001    -0.18113512E-005     0.16226389E-002
     0.53837762E+000    -0.17581682E-001     0.17914354E-002    -0.34912576E+001     0.44379856E+001    -0.82508319E-005     0.16217051E-002
     0.53874511E+000    -0.17255111E-001     0.16866690E-002    -0.35023100E+001     0.44184328E+001    -0.14685529E-004     0.16207459E-002
     0.53911260E+000    -0.16938415E-001     0.15878789E-002    -0.35131847E+001     0.43988635E+001    -0.21115375E-004     0.16197611E-002
     0.53948010E+000    -0.16631197E-001     0.14946688E-002    -0.35238823E+001     0.43792796E+001    -0.27540300E-004     0.16187508E-002
     0.53984759E+000    -0.16333074E-001     0.14066729E-002    -0.35344038E+001     0.43596831E+001    -0.33960231E-004     0.16177149E-002
     0.54021508E+000    -0.16043686E-001     0.13235532E-002    -0.35447498E+001     0.43400760E+001    -0.40375093E-004     0.16166532E-002
     0.54058258E+000    -0.15762685E-001     0.12449972E-002    -0.35549211E+001     0.43204601E+001    -0.46784810E-004     0.16155658E-002
     0.54095007E+000    -0.15489744E-001     0.11707157E-002    -0.35649186E+001     0.43008373E+001    -0.53189303E-004     0.16144525E-002
     0.54131756E+000    -0.15224549E-001     0.11004407E-002    -0.35747432E+001     0.42812096E+001    -0.59588489E-004     0.16133132E-002
     0.54168506E+000    -0.14966800E-001     0.10339237E-002    -0.35843957E+001     0.42615788E+001    -0.65982284E-004     0.16121479E-002
     0.54205255E+000    -0.14716213E-001     0.97093416E-003    -0.35938769E+001     0.42419466E+001    -0.72370603E-004     0.16109565E-002
     0.54242004E+000    -0.14472516E-001     0.91125796E-003    -0.36031878E+001     0.42223149E+001    -0.78753357E-004     0.16097390E-002
     0.54278754E+000    -0.14235450E-001     0.85469602E-003    -0.36123293E+001     0.42026855E+001    -0.85130454E-004     0.16084952E-002
     0.54315503E+000    -0.14004768E-001     0.80106314E-003    -0.36213023E+001     0.41830601E+001    -0.91501802E-004     0.16072252E-002
     0.54352252E+000    -0.13780233E-001     0.75018689E-003    -0.36301079E+001     0.41634403E+001    -0.97867306E-004     0.16059287E-002
     0.54389002E+000    -0.13561621E-001     0.70190662E-003    -0.36387469E+001     0.41438280E+001    -0.10422687E-003     0.16046058E-002
     0.54425751E+000    -0.13348716E-001     0.65607251E-003    -0.36472203E+001     0.41242247E+001    -0.11058039E-003     0.16032564E-002
     0.54462500E+000    -0.13141314E-001     0.61254476E-003    -0.36555293E+001     0.41046321E+001    -0.11692776E-003     0.16018804E-002
     0.54499250E+000    -0.12939217E-001     0.57119283E-003    -0.36636747E+001     0.40850519E+001    -0.12326889E-003     0.16004777E-002
     0.54535999E+000    -0.12742238E-001     0.53189470E-003    -0.36716576E+001     0.40654855E+001    -0.12960366E-003     0.15990484E-002
     0.54572748E+000    -0.12550199E-001     0.49453630E-003    -0.36794790E+001     0.40459347E+001    -0.13593196E-003     0.15975922E-002
     0.54609498E+000    -0.12362927E-001     0.45901084E-003    -0.36871401E+001     0.40264008E+001    -0.14225369E-003     0.15961091E-002
     0.54646247E+000    -0.12180258E-001     0.42521835E-003    -0.36946419E+001     0.40068855E+001    -0.14856873E-003     0.15945992E-002
     0.54682996E+000    -0.12002037E-001     0.39306513E-003    -0.37019854E+001     0.39873901E+001    -0.15487696E-003     0.15930622E-002
     0.54719746E+000    -0.11828111E-001     0.36246335E-003    -0.37091718E+001     0.39679163E+001    -0.16117828E-003     0.15914982E-002
     0.54756495E+000    -0.11658339E-001     0.33333058E-003    -0.37162021E+001     0.39484653E+001    -0.16747254E-003     0.15899071E-002
     0.54793244E+000    -0.11492581E-001     0.30558943E-003    -0.37230776E+001     0.39290387E+001    -0.17375965E-003     0.15882887E-002
     0.54829994E+000    -0.11330705E-001     0.27916723E-003    -0.37297993E+001     0.39096378E+001    -0.18003946E-003     0.15866432E-002
     0.54866743E+000    -0.11172586E-001     0.25399565E-003    -0.37363683E+001     0.38902639E+001    -0.18631186E-003     0.15849703E-002
     0.54903492E+000    -0.11018102E-001     0.23001042E-003    -0.37427858E+001     0.38709185E+001    -0.19257672E-003     0.15832701E-002
     0.54940241E+000    -0.10867136E-001     0.20715109E-003    -0.37490529E+001     0.38516027E+001    -0.19883389E-003     0.15815424E-002
     0.54976991E+000    -0.10719576E-001     0.18536073E-003    -0.37551708E+001     0.38323180E+001    -0.20508326E-003     0.15797872E-002
     0.55013740E+000    -0.10575316E-001     0.16458568E-003    -0.37611407E+001     0.38130655E+001    -0.21132469E-003     0.15780046E-002
     0.55050489E+000    -0.10434252E-001     0.14477542E-003    -0.37669638E+001     0.37938465E+001    -0.21755804E-003     0.15761943E-002
     0.55087239E+000    -0.10296287E-001     0.12588225E-003    -0.37726412E+001     0.37746622E+001    -0.22378316E-003     0.15743563E-002
     0.55123988E+000    -0.10161323E-001     0.10786119E-003    -0.37781741E+001     0.37555137E+001    -0.22999993E-003     0.15724907E-002
     0.55160737E+000    -0.10029271E-001     0.90669790E-004    -0.37835637E+001     0.37364024E+001    -0.23620819E-003     0.15705973E-002
     0.55197487E+000    -0.99000430E-002     0.74267932E-004    -0.37888112E+001     0.37173292E+001    -0.24240780E-003     0.15686761E-002
     0.55234236E+000    -0.97735538E-002     0.58617720E-004    -0.37939178E+001     0.36982953E+001    -0.24859861E-003     0.15667271E-002
     0.55270985E+000    -0.96497227E-002     0.43683324E-004    -0.37988847E+001     0.36793018E+001    -0.25478047E-003     0.15647501E-002
     0.55307735E+000    -0.95284716E-002     0.29430858E-004    -0.38037131E+001     0.36603498E+001    -0.26095324E-003     0.15627452E-002
     0.55344484E+000    -0.94097251E-002     0.15828254E-004    -0.38084043E+001     0.36414403E+001    -0.26711675E-003     0.15607123E-002
     0.55381233E+000    -0.92934110E-002     0.28451547E-005    -0.38129594E+001     0.36225743E+001    -0.27327086E-003     0.15586513E-002
     0.55417983E+000    -0.91794595E-002    -0.95471897E-005    -0.38173797E+001     0.36037528E+001    -0.27941540E-003     0.15565623E-002
     0.55454732E+000    -0.90678035E-002    -0.21376021E-004    -0.38216664E+001     0.35849768E+001    -0.28555022E-003     0.15544451E-002
     0.55491481E+000    -0.89583781E-002    -0.32667162E-004    -0.38258208E+001     0.35662473E+001    -0.29167516E-003     0.15522998E-002
     0.55528231E+000    -0.88511211E-002    -0.43445101E-004    -0.38298439E+001     0.35475651E+001    -0.29779004E-003     0.15501263E-002
     0.55564980E+000    -0.87459722E-002    -0.53733067E-004    -0.38337372E+001     0.35289312E+001    -0.30389472E-003     0.15479245E-002
     0.55601729E+000    -0.86428734E-002    -0.63553108E-004    -0.38375017E+001     0.35103465E+001    -0.30998901E-003     0.15456945E-002
     0.55638479E+000    -0.85417687E-002    -0.72926156E-004    -0.38411388E+001     0.34918118E+001    -0.31607276E-003     0.15434362E-002
     0.55675228E+000    -0.84426042E-002    -0.81872095E-004    -0.38446496E+001     0.34733280E+001    -0.32214578E-003     0.15411495E-002
     0.55711977E+000    -0.83453275E-002    -0.90409813E-004    -0.38480354E+001     0.34548958E+001    -0.32820792E-003     0.15388345E-002
     0.55748727E+000    -0.82498885E-002    -0.98557267E-004    -0.38512974E+001     0.34365162E+001    -0.33425899E-003     0.15364910E-002
     0.55785476E+000    -0.81562383E-002    -0.10633153E-003    -0.38544369E+001     0.34181898E+001    -0.34029882E-003     0.15341192E-002
     0.55822225E+000    -0.80643302E-002    -0.11374884E-003    -0.38574551E+001     0.33999175E+001    -0.34632723E-003     0.15317189E-002
     0.55858975E+000    -0.79741185E-002    -0.12082466E-003    -0.38603531E+001     0.33816998E+001    -0.35234405E-003     0.15292902E-002
     0.55895724E+000    -0.78855596E-002    -0.12757368E-003    -0.38631322E+001     0.33635377E+001    -0.35834908E-003     0.15268329E-002
     0.55932473E+000    -0.77986108E-002    -0.13400992E-003    -0.38657937E+001     0.33454317E+001    -0.36434216E-003     0.15243472E-002
     0.55969223E+000    -0.77132313E-002    -0.14014672E-003    -0.38683388E+001     0.33273826E+001    -0.37032310E-003     0.15218329E-002
     0.56005972E+000    -0.76293813E-002    -0.14599678E-003    -0.38707686E+001     0.33093910E+001    -0.37629170E-003     0.15192901E-002
     0.56042721E+000    -0.75470223E-002    -0.15157222E-003    -0.38730844E+001     0.32914575E+001    -0.38224779E-003     0.15167188E-002
     0.56079471E+000    -0.74661174E-002    -0.15688459E-003    -0.38752874E+001     0.32735828E+001    -0.38819117E-003     0.15141189E-002
     0.56116220E+000    -0.73866304E-002    -0.16194490E-003    -0.38773789E+001     0.32557674E+001    -0.39412166E-003     0.15114904E-002
     0.56152969E+000    -0.73085266E-002    -0.16676367E-003    -0.38793599E+001     0.32380119E+001    -0.40003906E-003     0.15088334E-002
     0.56189719E+000    -0.72317722E-002    -0.17135091E-003    -0.38812318E+001     0.32203169E+001    -0.40594319E-003     0.15061478E-002
     0.56226468E+000    -0.71563345E-002    -0.17571620E-003    -0.38829956E+001     0.32026830E+001    -0.41183383E-003     0.15034336E-002
     0.56263217E+000    -0.70821820E-002    -0.17986869E-003    -0.38846527E+001     0.31851107E+001    -0.41771081E-003     0.15006908E-002
     0.56299967E+000    -0.70092838E-002    -0.18381709E-003    -0.38862042E+001     0.31676004E+001    -0.42357392E-003     0.14979195E-002
     0.56336716E+000    -0.69376104E-002    -0.18756975E-003    -0.38876513E+001     0.31501526E+001    -0.42942296E-003     0.14951196E-002
     0.56373465E+000    -0.68671328E-002    -0.19113463E-003    -0.38889951E+001     0.31327679E+001    -0.43525774E-003     0.14922911E-002
     0.56410214E+000    -0.67978231E-002    -0.19451935E-003    -0.38902369E+001     0.31154467E+001    -0.44107806E-003     0.14894341E-002
     0.56446964E+000    -0.67296542E-002    -0.19773120E-003    -0.38913777E+001     0.30981895E+001    -0.44688370E-003     0.14865486E-002
     0.56483713E+000    -0.66625998E-002    -0.20077714E-003    -0.38924189E+001     0.30809965E+001    -0.45267447E-003     0.14836345E-002
     0.56520462E+000    -0.65966344E-002    -0.20366383E-003    -0.38933614E+001     0.30638684E+001    -0.45845016E-003     0.14806919E-002
     0.56557212E+000    -0.65317332E-002    -0.20639765E-003    -0.38942066E+001     0.30468054E+001    -0.46421057E-003     0.14777208E-002
     0.56593961E+000    -0.64678721E-002    -0.20898469E-003    -0.38949555E+001     0.30298079E+001    -0.46995550E-003     0.14747213E-002
     0.56630710E+000    -0.64050279E-002    -0.21143080E-003    -0.38956093E+001     0.30128763E+001    -0.47568472E-003     0.14716933E-002
     0.56667460E+000    -0.63431778E-002    -0.21374158E-003    -0.38961691E+001     0.29960109E+001    -0.48139804E-003     0.14686369E-002
     0.56704209E+000    -0.62822998E-002    -0.21592237E-003    -0.38966360E+001     0.29792121E+001    -0.48709524E-003     0.14655521E-002
     0.56740958E+000    -0.62223725E-002    -0.21797831E-003    -0.38970113E+001     0.29624802E+001    -0.49277611E-003     0.14624390E-002
     0.56777708E+000    -0.61633752E-002    -0.21991432E-003    -0.38972959E+001     0.29458154E+001    -0.49844045E-003     0.14592975E-002
     0.56814457E+000    -0.61052876E-002    -0.22173511E-003    -0.38974910E+001     0.29292181E+001    -0.50408803E-003     0.14561277E-002
     0.56851206E+000    -0.60480901E-002    -0.22344519E-003    -0.38975977E+001     0.29126885E+001    -0.50971865E-003     0.14529297E-002
     0.56887956E+000    -0.59917637E-002    -0.22504889E-003    -0.38976171E+001     0.28962270E+001    -0.51533209E-003     0.14497035E-002
     0.56924705E+000    -0.59362897E-002    -0.22655037E-003    -0.38975504E+001     0.28798336E+001    -0.52092814E-003     0.14464491E-002
     0.56961454E+000    -0.58816501E-002    -0.22795362E-003    -0.38973985E+001     0.28635087E+001    -0.52650657E-003     0.14431667E-002
     0.56998204E+000    -0.58278273E-002    -0.22926244E-003    -0.38971625E+001     0.28472526E+001    -0.53206718E-003     0.14398561E-002
     0.57034953E+000    -0.57748044E-002    -0.23048052E-003    -0.38968436E+001     0.28310653E+001    -0.53760975E-003     0.14365176E-002
     0.57071702E+000    -0.57225645E-002    -0.23161137E-003    -0.38964428E+001     0.28149470E+001    -0.54313405E-003     0.14331511E-002
     0.57108452E+000    -0.56710917E-002    -0.23265837E-003    -0.38959612E+001     0.27988981E+001    -0.54863988E-003     0.14297567E-002
     0.57145201E+000    -0.56203700E-002    -0.23362476E-003    -0.38953998E+001     0.27829186E+001    -0.55412700E-003     0.14263344E-002
     0.57181950E+000    -0.55703843E-002    -0.23451366E-003    -0.38947596E+001     0.27670087E+001    -0.55959521E-003     0.14228844E-002
     0.57218700E+000    -0.55211195E-002    -0.23532806E-003    -0.38940416E+001     0.27511685E+001    -0.56504429E-003     0.14194067E-002
     0.57255449E+000    -0.54725611E-002    -0.23607083E-003    -0.38932470E+001     0.27353981E+001    -0.57047401E-003     0.14159013E-002
     0.57292198E+000    -0.54246950E-002    -0.23674474E-003    -0.38923767E+001     0.27196978E+001    -0.57588415E-003     0.14123684E-002
     0.57328948E+000    -0.53775074E-002    -0.23735244E-003    -0.38914317E+001     0.27040675E+001    -0.58127449E-003     0.14088080E-002
     0.57365697E+000    -0.53309848E-002    -0.23789647E-003    -0.38904131E+001     0.26885075E+001    -0.58664482E-003     0.14052202E-002
     0.57402446E+000    -0.52851142E-002    -0.23837930E-003    -0.38893218E+001     0.26730177E+001    -0.59199491E-003     0.14016051E-002
     0.57439196E+000    -0.52398827E-002    -0.23880327E-003    -0.38881589E+001     0.26575983E+001    -0.59732454E-003     0.13979627E-002
     0.57475945E+000    -0.51952780E-002    -0.23917066E-003    -0.38869252E+001     0.26422493E+001    -0.60263348E-003     0.13942932E-002
     0.57512694E+000    -0.51512879E-002    -0.23948364E-003    -0.38856218E+001     0.26269709E+001    -0.60792153E-003     0.13905965E-002
     0.57549444E+000    -0.51079005E-002    -0.23974431E-003    -0.38842497E+001     0.26117629E+001    -0.61318844E-003     0.13868730E-002
     0.57586193E+000    -0.50651044E-002    -0.23995468E-003    -0.38828097E+001     0.25966255E+001    -0.61843402E-003     0.13831225E-002
     0.57622942E+000    -0.50228883E-002    -0.24011671E-003    -0.38813029E+001     0.25815588E+001    -0.62365802E-003     0.13793452E-002
     0.57659692E+000    -0.49812413E-002    -0.24023224E-003    -0.38797302E+001     0.25665627E+001    -0.62886024E-003     0.13755413E-002
     0.57696441E+000    -0.49401525E-002    -0.24030309E-003    -0.38780925E+001     0.25516372E+001    -0.63404045E-003     0.13717108E-002
     0.57733190E+000    -0.48996116E-002    -0.24033098E-003    -0.38763908E+001     0.25367823E+001    -0.63919843E-003     0.13678538E-002
     0.57769940E+000    -0.48596084E-002    -0.24031758E-003    -0.38746259E+001     0.25219981E+001    -0.64433396E-003     0.13639704E-002
     0.57806689E+000    -0.48201330E-002    -0.24026448E-003    -0.38727987E+001     0.25072845E+001    -0.64944682E-003     0.13600608E-002
     0.57843438E+000    -0.47811755E-002    -0.24017324E-003    -0.38709103E+001     0.24926414E+001    -0.65453679E-003     0.13561251E-002
     0.57880188E+000    -0.47427266E-002    -0.24004533E-003    -0.38689614E+001     0.24780690E+001    -0.65960365E-003     0.13521634E-002
     0.57916937E+000    -0.47047770E-002    -0.23988220E-003    -0.38669529E+001     0.24635671E+001    -0.66464718E-003     0.13481757E-002
     0.57953686E+000    -0.46673176E-002    -0.23968521E-003    -0.38648858E+001     0.24491356E+001    -0.66966716E-003     0.13441623E-002
     0.57990435E+000    -0.46303396E-002    -0.23945571E-003    -0.38627609E+001     0.24347746E+001    -0.67466338E-003     0.13401233E-002
     0.58027185E+000    -0.45938344E-002    -0.23919496E-003    -0.38605790E+001     0.24204839E+001    -0.67963562E-003     0.13360588E-002
     0.58063934E+000    -0.45577936E-002    -0.23890421E-003    -0.38583410E+001     0.24062635E+001    -0.68458365E-003     0.13319688E-002
     0.58100683E+000    -0.45222089E-002    -0.23858463E-003    -0.38560478E+001     0.23921134E+001    -0.68950727E-003     0.13278537E-002
     0.58137433E+000    -0.44870723E-002    -0.23823739E-003    -0.38537001E+001     0.23780333E+001    -0.69440626E-003     0.13237134E-002
     0.58174182E+000    -0.44523759E-002    -0.23786357E-003    -0.38512988E+001     0.23640233E+001    -0.69928040E-003     0.13195482E-002
     0.58210931E+000    -0.44181120E-002    -0.23746425E-003    -0.38488448E+001     0.23500833E+001    -0.70412949E-003     0.13153582E-002
     0.58247681E+000    -0.43842732E-002    -0.23704046E-003    -0.38463388E+001     0.23362130E+001    -0.70895330E-003     0.13111435E-002
     0.58284430E+000    -0.43508520E-002    -0.23659317E-003    -0.38437817E+001     0.23224126E+001    -0.71375163E-003     0.13069043E-002
     0.58321179E+000    -0.43178414E-002    -0.23612335E-003    -0.38411742E+001     0.23086817E+001    -0.71852426E-003     0.13026408E-002
     0.58357929E+000    -0.42852342E-002    -0.23563191E-003    -0.38385171E+001     0.22950203E+001    -0.72327099E-003     0.12983531E-002
     0.58394678E+000    -0.42530237E-002    -0.23511975E-003    -0.38358113E+001     0.22814283E+001    -0.72799161E-003     0.12940413E-002
     0.58431427E+000    -0.42212030E-002    -0.23458772E-003    -0.38330574E+001     0.22679055E+001    -0.73268590E-003     0.12897056E-002
     0.58468177E+000    -0.41897657E-002    -0.23403663E-003    -0.38302562E+001     0.22544519E+001    -0.73735367E-003     0.12853463E-002
     0.58504926E+000    -0.41587053E-002    -0.23346730E-003    -0.38274086E+001     0.22410671E+001    -0.74199471E-003     0.12809634E-002
     0.58541675E+000    -0.41280156E-002    -0.23288049E-003    -0.38245152E+001     0.22277512E+001    -0.74660881E-003     0.12765571E-002
     0.58578425E+000    -0.40976903E-002    -0.23227694E-003    -0.38215768E+001     0.22145039E+001    -0.75119577E-003     0.12721277E-002
     0.58615174E+000    -0.40677234E-002    -0.23165736E-003    -0.38185941E+001     0.22013252E+001    -0.75575539E-003     0.12676752E-002
     0.58651923E+000    -0.40381091E-002    -0.23102245E-003    -0.38155678E+001     0.21882147E+001    -0.76028747E-003     0.12631999E-002
     0.58688673E+000    -0.40088416E-002    -0.23037286E-003    -0.38124987E+001     0.21751724E+001    -0.76479181E-003     0.12587020E-002
     0.58725422E+000    -0.39799152E-002    -0.22970925E-003    -0.38093875E+001     0.21621981E+001    -0.76926822E-003     0.12541816E-002
     0.58762171E+000    -0.39513245E-002    -0.22903223E-003    -0.38062349E+001     0.21492917E+001    -0.77371649E-003     0.12496389E-002
     0.58798921E+000    -0.39230639E-002    -0.22834241E-003    -0.38030415E+001     0.21364528E+001    -0.77813644E-003     0.12450741E-002
     0.58835670E+000    -0.38951283E-002    -0.22764035E-003    -0.37998081E+001     0.21236814E+001    -0.78252788E-003     0.12404875E-002
     0.58872419E+000    -0.38675123E-002    -0.22692662E-003    -0.37965353E+001     0.21109772E+001    -0.78689061E-003     0.12358791E-002
     0.58909169E+000    -0.38402110E-002    -0.22620176E-003    -0.37932238E+001     0.20983401E+001    -0.79122445E-003     0.12312493E-002
     0.58945918E+000    -0.38132193E-002    -0.22546628E-003    -0.37898743E+001     0.20857699E+001    -0.79552920E-003     0.12265981E-002
     0.58982667E+000    -0.37865324E-002    -0.22472068E-003    -0.37864874E+001     0.20732663E+001    -0.79980469E-003     0.12219259E-002
     0.59019417E+000    -0.37601455E-002    -0.22396546E-003    -0.37830638E+001     0.20608292E+001    -0.80405072E-003     0.12172328E-002
     0.59056166E+000    -0.37340539E-002    -0.22320107E-003    -0.37796041E+001     0.20484583E+001    -0.80826713E-003     0.12125190E-002
     0.59092915E+000    -0.37082530E-002    -0.22242798E-003    -0.37761089E+001     0.20361535E+001    -0.81245373E-003     0.12077848E-002
     0.59129665E+000    -0.36827384E-002    -0.22164661E-003    -0.37725790E+001     0.20239145E+001    -0.81661034E-003     0.12030304E-002
     0.59166414E+000    -0.36575055E-002    -0.22085738E-003    -0.37690148E+001     0.20117411E+001    -0.82073679E-003     0.11982559E-002
     0.59203163E+000    -0.36325501E-002    -0.22006071E-003    -0.37654171E+001     0.19996331E+001    -0.82483290E-003     0.11934616E-002
     0.59239913E+000    -0.36078680E-002    -0.21925698E-003    -0.37617864E+001     0.19875903E+001    -0.82889851E-003     0.11886478E-002
     0.59276662E+000    -0.35834550E-002    -0.21844657E-003    -0.37581233E+001     0.19756124E+001    -0.83293345E-003     0.11838146E-002
     0.59313411E+000    -0.35593070E-002    -0.21762986E-003    -0.37544284E+001     0.19636992E+001    -0.83693755E-003     0.11789623E-002
     0.59350161E+000    -0.35354201E-002    -0.21680718E-003    -0.37507023E+001     0.19518505E+001    -0.84091064E-003     0.11740910E-002
     0.59386910E+000    -0.35117903E-002    -0.21597889E-003    -0.37469456E+001     0.19400660E+001    -0.84485257E-003     0.11692012E-002
     0.59423659E+000    -0.34884138E-002    -0.21514531E-003    -0.37431588E+001     0.19283456E+001    -0.84876317E-003     0.11642929E-002
     0.59460409E+000    -0.34652868E-002    -0.21430676E-003    -0.37393426E+001     0.19166889E+001    -0.85264229E-003     0.11593664E-002
     0.59497158E+000    -0.34424057E-002    -0.21346355E-003    -0.37354974E+001     0.19050957E+001    -0.85648977E-003     0.11544219E-002
     0.59533907E+000    -0.34197667E-002    -0.21261598E-003    -0.37316238E+001     0.18935658E+001    -0.86030547E-003     0.11494598E-002
     0.59570656E+000    -0.33973664E-002    -0.21176432E-003    -0.37277224E+001     0.18820990E+001    -0.86408922E-003     0.11444802E-002
     0.59607406E+000    -0.33752013E-002    -0.21090886E-003    -0.37237938E+001     0.18706949E+001    -0.86784090E-003     0.11394834E-002
     0.59644155E+000    -0.33532680E-002    -0.21004987E-003    -0.37198383E+001     0.18593534E+001    -0.87156034E-003     0.11344696E-002
     0.59680904E+000    -0.33315630E-002    -0.20918759E-003    -0.37158567E+001     0.18480742E+001    -0.87524741E-003     0.11294390E-002
     0.59717654E+000    -0.33100831E-002    -0.20832229E-003    -0.37118493E+001     0.18368570E+001    -0.87890197E-003     0.11243921E-002
     0.59754403E+000    -0.32888251E-002    -0.20745419E-003    -0.37078167E+001     0.18257016E+001    -0.88252389E-003     0.11193289E-002
     0.59791152E+000    -0.32677857E-002    -0.20658354E-003    -0.37037594E+001     0.18146078E+001    -0.88611303E-003     0.11142497E-002
     0.59827902E+000    -0.32469620E-002    -0.20571056E-003    -0.36996779E+001     0.18035752E+001    -0.88966925E-003     0.11091549E-002
     0.59864651E+000    -0.32263507E-002    -0.20483546E-003    -0.36955727E+001     0.17926036E+001    -0.89319244E-003     0.11040446E-002
     0.59901400E+000    -0.32059490E-002    -0.20395845E-003    -0.36914443E+001     0.17816928E+001    -0.89668246E-003     0.10989191E-002
     0.59938150E+000    -0.31857538E-002    -0.20307974E-003    -0.36872932E+001     0.17708424E+001    -0.90013920E-003     0.10937788E-002
     0.59974899E+000    -0.31657623E-002    -0.20219951E-003    -0.36831198E+001     0.17600523E+001    -0.90356253E-003     0.10886237E-002
     0.60011648E+000    -0.31459716E-002    -0.20131795E-003    -0.36789246E+001     0.17493221E+001    -0.90695234E-003     0.10834543E-002
     0.60048398E+000    -0.31263789E-002    -0.20043526E-003    -0.36747081E+001     0.17386517E+001    -0.91030852E-003     0.10782708E-002
     0.60085147E+000    -0.31069815E-002    -0.19955159E-003    -0.36704708E+001     0.17280407E+001    -0.91363094E-003     0.10730735E-002
     0.60121896E+000    -0.30877768E-002    -0.19866713E-003    -0.36662130E+001     0.17174888E+001    -0.91691951E-003     0.10678625E-002
     0.60158646E+000    -0.30687620E-002    -0.19778203E-003    -0.36619353E+001     0.17069958E+001    -0.92017413E-003     0.10626383E-002
     0.60195395E+000    -0.30499345E-002    -0.19689645E-003    -0.36576380E+001     0.16965615E+001    -0.92339468E-003     0.10574011E-002
     0.60232144E+000    -0.30312918E-002    -0.19601054E-003    -0.36533216E+001     0.16861855E+001    -0.92658108E-003     0.10521511E-002
     0.60268894E+000    -0.30128315E-002    -0.19512445E-003    -0.36489866E+001     0.16758676E+001    -0.92973322E-003     0.10468886E-002
     0.60305643E+000    -0.29945509E-002    -0.19423832E-003    -0.36446333E+001     0.16656076E+001    -0.93285101E-003     0.10416139E-002
     0.60342392E+000    -0.29764478E-002    -0.19335228E-003    -0.36402623E+001     0.16554051E+001    -0.93593437E-003     0.10363274E-002
     0.60379142E+000    -0.29585197E-002    -0.19246647E-003    -0.36358738E+001     0.16452598E+001    -0.93898321E-003     0.10310292E-002
     0.60415891E+000    -0.29407642E-002    -0.19158101E-003    -0.36314683E+001     0.16351715E+001    -0.94199744E-003     0.10257197E-002
     0.60452640E+000    -0.29231792E-002    -0.19069603E-003    -0.36270462E+001     0.16251400E+001    -0.94497699E-003     0.10203991E-002
     0.60489390E+000    -0.29057623E-002    -0.18981164E-003    -0.36226079E+001     0.16151650E+001    -0.94792178E-003     0.10150677E-002
     0.60526139E+000    -0.28885113E-002    -0.18892795E-003    -0.36181538E+001     0.16052461E+001    -0.95083174E-003     0.10097258E-002
     0.60562888E+000    -0.28714240E-002    -0.18804508E-003    -0.36136843E+001     0.15953831E+001    -0.95370680E-003     0.10043738E-002
     0.60599638E+000    -0.28544983E-002    -0.18716313E-003    -0.36091998E+001     0.15855757E+001    -0.95654688E-003     0.99901179E-003
     0.60636387E+000    -0.28377320E-002    -0.18628220E-003    -0.36047006E+001     0.15758237E+001    -0.95935194E-003     0.99364018E-003
     0.60673136E+000    -0.28211232E-002    -0.18540239E-003    -0.36001871E+001     0.15661268E+001    -0.96212190E-003     0.98825923E-003
     0.60709886E+000    -0.28046697E-002    -0.18452380E-003    -0.35956596E+001     0.15564847E+001    -0.96485671E-003     0.98286924E-003
     0.60746635E+000    -0.27883695E-002    -0.18364651E-003    -0.35911186E+001     0.15468971E+001    -0.96755632E-003     0.97747049E-003
     0.60783384E+000    -0.27722207E-002    -0.18277061E-003    -0.35865644E+001     0.15373638E+001    -0.97022068E-003     0.97206327E-003
     0.60820134E+000    -0.27562214E-002    -0.18189618E-003    -0.35819973E+001     0.15278844E+001    -0.97284975E-003     0.96664788E-003
     0.60856883E+000    -0.27403695E-002    -0.18102331E-003    -0.35774178E+001     0.15184588E+001    -0.97544347E-003     0.96122461E-003
     0.60893632E+000    -0.27246633E-002    -0.18015207E-003    -0.35728260E+001     0.15090866E+001    -0.97800181E-003     0.95579376E-003
     0.60930382E+000    -0.27091010E-002    -0.17928254E-003    -0.35682225E+001     0.14997675E+001    -0.98052473E-003     0.95035561E-003
     0.60967131E+000    -0.26936806E-002    -0.17841479E-003    -0.35636074E+001     0.14905014E+001    -0.98301220E-003     0.94491047E-003
     0.61003880E+000    -0.26784003E-002    -0.17754889E-003    -0.35589812E+001     0.14812878E+001    -0.98546419E-003     0.93945862E-003
     0.61040629E+000    -0.26632586E-002    -0.17668491E-003    -0.35543441E+001     0.14721266E+001    -0.98788068E-003     0.93400036E-003
     0.61077379E+000    -0.26482535E-002    -0.17582290E-003    -0.35496965E+001     0.14630174E+001    -0.99026163E-003     0.92853599E-003
     0.61114128E+000    -0.26333834E-002    -0.17496294E-003    -0.35450387E+001     0.14539600E+001    -0.99260704E-003     0.92306581E-003
     0.61150877E+000    -0.26186467E-002    -0.17410507E-003    -0.35403710E+001     0.14449541E+001    -0.99491689E-003     0.91759010E-003
     0.61187627E+000    -0.26040416E-002    -0.17324936E-003    -0.35356937E+001     0.14359995E+001    -0.99719115E-003     0.91210917E-003
     0.61224376E+000    -0.25895666E-002    -0.17239586E-003    -0.35310071E+001     0.14270958E+001    -0.99942983E-003     0.90662331E-003
     0.61261125E+000    -0.25752201E-002    -0.17154462E-003    -0.35263115E+001     0.14182428E+001    -0.10016329E-002     0.90113281E-003
     0.61297875E+000    -0.25610004E-002    -0.17069569E-003    -0.35216072E+001     0.14094402E+001    -0.10038004E-002     0.89563798E-003
     0.61334624E+000    -0.25469061E-002    -0.16984912E-003    -0.35168945E+001     0.14006878E+001    -0.10059323E-002     0.89013910E-003
     0.61371373E+000    -0.25329356E-002    -0.16900496E-003    -0.35121737E+001     0.13919852E+001    -0.10080286E-002     0.88463648E-003
     0.61408123E+000    -0.25190874E-002    -0.16816324E-003    -0.35074450E+001     0.13833323E+001    -0.10100894E-002     0.87913041E-003
     0.61444872E+000    -0.25053601E-002    -0.16732401E-003    -0.35027088E+001     0.13747286E+001    -0.10121145E-002     0.87362118E-003
     0.61481621E+000    -0.24917522E-002    -0.16648732E-003    -0.34979653E+001     0.13661741E+001    -0.10141041E-002     0.86810909E-003
     0.61518371E+000    -0.24782622E-002    -0.16565319E-003    -0.34932147E+001     0.13576683E+001    -0.10160582E-002     0.86259444E-003
     0.61555120E+000    -0.24648888E-002    -0.16482167E-003    -0.34884574E+001     0.13492111E+001    -0.10179767E-002     0.85707751E-003
     0.61591869E+000    -0.24516305E-002    -0.16399279E-003    -0.34836936E+001     0.13408021E+001    -0.10198598E-002     0.85155860E-003
     0.61628619E+000    -0.24384860E-002    -0.16316658E-003    -0.34789236E+001     0.13324412E+001    -0.10217074E-002     0.84603801E-003
     0.61665368E+000    -0.24254540E-002    -0.16234307E-003    -0.34741476E+001     0.13241279E+001    -0.10235196E-002     0.84051603E-003
     0.61702117E+000    -0.24125331E-002    -0.16152230E-003    -0.34693658E+001     0.13158621E+001    -0.10252963E-002     0.83499294E-003
     0.61738867E+000    -0.23997221E-002    -0.16070429E-003    -0.34645786E+001     0.13076435E+001    -0.10270377E-002     0.82946905E-003
     0.61775616E+000    -0.23870196E-002    -0.15988907E-003    -0.34597861E+001     0.12994718E+001    -0.10287438E-002     0.82394463E-003
     0.61812365E+000    -0.23744243E-002    -0.15907667E-003    -0.34549887E+001     0.12913468E+001    -0.10304146E-002     0.81841999E-003
     0.61849115E+000    -0.23619351E-002    -0.15826712E-003    -0.34501864E+001     0.12832683E+001    -0.10320502E-002     0.81289541E-003
     0.61885864E+000    -0.23495507E-002    -0.15746042E-003    -0.34453796E+001     0.12752358E+001    -0.10336506E-002     0.80737117E-003
     0.61922613E+000    -0.23372698E-002    -0.15665661E-003    -0.34405686E+001     0.12672492E+001    -0.10352159E-002     0.80184758E-003
     0.61959363E+000    -0.23250914E-002    -0.15585571E-003    -0.34357534E+001     0.12593083E+001    -0.10367461E-002     0.79632490E-003
     0.61996112E+000    -0.23130142E-002    -0.15505774E-003    -0.34309344E+001     0.12514127E+001    -0.10382414E-002     0.79080344E-003
     0.62032861E+000    -0.23010370E-002    -0.15426271E-003    -0.34261118E+001     0.12435622E+001    -0.10397016E-002     0.78528346E-003
     0.62069611E+000    -0.22891588E-002    -0.15347065E-003    -0.34212857E+001     0.12357566E+001    -0.10411270E-002     0.77976526E-003
     0.62106360E+000    -0.22773784E-002    -0.15268157E-003    -0.34164565E+001     0.12279955E+001    -0.10425177E-002     0.77424912E-003
     0.62143109E+000    -0.22656946E-002    -0.15189548E-003    -0.34116242E+001     0.12202788E+001    -0.10438735E-002     0.76873532E-003
     0.62179859E+000    -0.22541065E-002    -0.15111240E-003    -0.34067892E+001     0.12126061E+001    -0.10451948E-002     0.76322414E-003
     0.62216608E+000    -0.22426128E-002    -0.15033234E-003    -0.34019516E+001     0.12049773E+001    -0.10464814E-002     0.75771586E-003
     0.62253357E+000    -0.22312127E-002    -0.14955532E-003    -0.33971116E+001     0.11973920E+001    -0.10477336E-002     0.75221075E-003
     0.62290107E+000    -0.22199050E-002    -0.14878134E-003    -0.33922694E+001     0.11898501E+001    -0.10489513E-002     0.74670909E-003
     0.62326856E+000    -0.22086886E-002    -0.14801043E-003    -0.33874252E+001     0.11823512E+001    -0.10501348E-002     0.74121116E-003
     0.62363605E+000    -0.21975626E-002    -0.14724258E-003    -0.33825792E+001     0.11748952E+001    -0.10512840E-002     0.73571723E-003
     0.62400355E+000    -0.21865260E-002    -0.14647780E-003    -0.33777316E+001     0.11674817E+001    -0.10523991E-002     0.73022756E-003
     0.62437104E+000    -0.21755778E-002    -0.14571611E-003    -0.33728826E+001     0.11601105E+001    -0.10534801E-002     0.72474244E-003
     0.62473853E+000    -0.21647170E-002    -0.14495752E-003    -0.33680323E+001     0.11527814E+001    -0.10545272E-002     0.71926213E-003
     0.62510603E+000    -0.21539426E-002    -0.14420202E-003    -0.33631810E+001     0.11454941E+001    -0.10555405E-002     0.71378690E-003
     0.62547352E+000    -0.21432538E-002    -0.14344963E-003    -0.33583288E+001     0.11382483E+001    -0.10565200E-002     0.70831701E-003
     0.62584101E+000    -0.21326495E-002    -0.14270035E-003    -0.33534759E+001     0.11310440E+001    -0.10574660E-002     0.70285272E-003
     0.62620850E+000    -0.21221289E-002    -0.14195418E-003    -0.33486224E+001     0.11238807E+001    -0.10583784E-002     0.69739430E-003
     0.62657600E+000    -0.21116910E-002    -0.14121114E-003    -0.33437686E+001     0.11167582E+001    -0.10592574E-002     0.69194202E-003
     0.62694349E+000    -0.21013350E-002    -0.14047122E-003    -0.33389145E+001     0.11096764E+001    -0.10601032E-002     0.68649611E-003
     0.62731098E+000    -0.20910600E-002    -0.13973442E-003    -0.33340604E+001     0.11026349E+001    -0.10609158E-002     0.68105686E-003
     0.62767848E+000    -0.20808651E-002    -0.13900075E-003    -0.33292065E+001     0.10956335E+001    -0.10616953E-002     0.67562450E-003
     0.62804597E+000    -0.20707494E-002    -0.13827021E-003    -0.33243528E+001     0.10886720E+001    -0.10624420E-002     0.67019930E-003
     0.62841346E+000    -0.20607121E-002    -0.13754280E-003    -0.33194995E+001     0.10817502E+001    -0.10631559E-002     0.66478150E-003
     0.62878096E+000    -0.20507524E-002    -0.13681852E-003    -0.33146469E+001     0.10748678E+001    -0.10638371E-002     0.65937135E-003
     0.62914845E+000    -0.20408694E-002    -0.13609738E-003    -0.33097950E+001     0.10680246E+001    -0.10644858E-002     0.65396910E-003
     0.62951594E+000    -0.20310623E-002    -0.13537936E-003    -0.33049439E+001     0.10612203E+001    -0.10651021E-002     0.64857500E-003
     0.62988344E+000    -0.20213304E-002    -0.13466448E-003    -0.33000939E+001     0.10544547E+001    -0.10656862E-002     0.64318929E-003
     0.63025093E+000    -0.20116729E-002    -0.13395272E-003    -0.32952451E+001     0.10477276E+001    -0.10662381E-002     0.63781221E-003
     0.63061842E+000    -0.20020888E-002    -0.13324409E-003    -0.32903976E+001     0.10410387E+001    -0.10667581E-002     0.63244400E-003
     0.63098592E+000    -0.19925776E-002    -0.13253859E-003    -0.32855516E+001     0.10343879E+001    -0.10672462E-002     0.62708489E-003
     0.63135341E+000    -0.19831384E-002    -0.13183621E-003    -0.32807072E+001     0.10277749E+001    -0.10677027E-002     0.62173513E-003
     0.63172090E+000    -0.19737705E-002    -0.13113695E-003    -0.32758645E+001     0.10211994E+001    -0.10681277E-002     0.61639494E-003
     0.63208840E+000    -0.19644732E-002    -0.13044080E-003    -0.32710236E+001     0.10146612E+001    -0.10685212E-002     0.61106456E-003
     0.63245589E+000    -0.19552456E-002    -0.12974777E-003    -0.32661848E+001     0.10081602E+001    -0.10688836E-002     0.60574421E-003
     0.63282338E+000    -0.19460872E-002    -0.12905784E-003    -0.32613481E+001     0.10016961E+001    -0.10692148E-002     0.60043412E-003
     0.63319088E+000    -0.19369972E-002    -0.12837102E-003    -0.32565136E+001     0.99526859E+000    -0.10695152E-002     0.59513452E-003
     0.63355837E+000    -0.19279748E-002    -0.12768729E-003    -0.32516815E+001     0.98887756E+000    -0.10697848E-002     0.58984562E-003
     0.63392586E+000    -0.19190194E-002    -0.12700666E-003    -0.32468519E+001     0.98252275E+000    -0.10700238E-002     0.58456764E-003
     0.63429336E+000    -0.19101304E-002    -0.12632912E-003    -0.32420250E+001     0.97620394E+000    -0.10702324E-002     0.57930081E-003
     0.63466085E+000    -0.19013070E-002    -0.12565466E-003    -0.32372007E+001     0.96992092E+000    -0.10704107E-002     0.57404533E-003
     0.63502834E+000    -0.18925485E-002    -0.12498328E-003    -0.32323794E+001     0.96367346E+000    -0.10705589E-002     0.56880142E-003
     0.63539584E+000    -0.18838544E-002    -0.12431497E-003    -0.32275609E+001     0.95746135E+000    -0.10706772E-002     0.56356929E-003
     0.63576333E+000    -0.18752240E-002    -0.12364972E-003    -0.32227456E+001     0.95128438E+000    -0.10707658E-002     0.55834914E-003
     0.63613082E+000    -0.18666566E-002    -0.12298752E-003    -0.32179335E+001     0.94514234E+000    -0.10708247E-002     0.55314119E-003
     0.63649832E+000    -0.18581515E-002    -0.12232838E-003    -0.32131246E+001     0.93903500E+000    -0.10708542E-002     0.54794563E-003
     0.63686581E+000    -0.18497083E-002    -0.12167228E-003    -0.32083192E+001     0.93296216E+000    -0.10708545E-002     0.54276266E-003
     0.63723330E+000    -0.18413263E-002    -0.12101921E-003    -0.32035172E+001     0.92692361E+000    -0.10708258E-002     0.53759248E-003
     0.63760080E+000    -0.18330047E-002    -0.12036917E-003    -0.31987189E+001     0.92091914E+000    -0.10707681E-002     0.53243529E-003
     0.63796829E+000    -0.18247432E-002    -0.11972215E-003    -0.31939243E+001     0.91494853E+000    -0.10706818E-002     0.52729128E-003
     0.63833578E+000    -0.18165410E-002    -0.11907814E-003    -0.31891335E+001     0.90901159E+000    -0.10705670E-002     0.52216064E-003
     0.63870328E+000    -0.18083976E-002    -0.11843713E-003    -0.31843466E+001     0.90310811E+000    -0.10704238E-002     0.51704355E-003
     0.63907077E+000    -0.18003124E-002    -0.11779911E-003    -0.31795637E+001     0.89723788E+000    -0.10702524E-002     0.51194021E-003
     0.63943826E+000    -0.17922848E-002    -0.11716408E-003    -0.31747849E+001     0.89140069E+000    -0.10700532E-002     0.50685079E-003
     0.63980576E+000    -0.17843143E-002    -0.11653203E-003    -0.31700103E+001     0.88559635E+000    -0.10698261E-002     0.50177548E-003
     0.64017325E+000    -0.17764004E-002    -0.11590294E-003    -0.31652400E+001     0.87982466E+000    -0.10695714E-002     0.49671444E-003
     0.64054074E+000    -0.17685423E-002    -0.11527681E-003    -0.31604740E+001     0.87408541E+000    -0.10692894E-002     0.49166787E-003
     0.64090824E+000    -0.17607398E-002    -0.11465363E-003    -0.31557126E+001     0.86837841E+000    -0.10689802E-002     0.48663592E-003
     0.64127573E+000    -0.17529921E-002    -0.11403339E-003    -0.31509556E+001     0.86270345E+000    -0.10686439E-002     0.48161877E-003
     0.64164322E+000    -0.17452987E-002    -0.11341607E-003    -0.31462033E+001     0.85706034E+000    -0.10682809E-002     0.47661659E-003
     0.64201071E+000    -0.17376592E-002    -0.11280168E-003    -0.31414557E+001     0.85144889E+000    -0.10678912E-002     0.47162954E-003
     0.64237821E+000    -0.17300730E-002    -0.11219019E-003    -0.31367129E+001     0.84586889E+000    -0.10674751E-002     0.46665778E-003
     0.64274570E+000    -0.17225397E-002    -0.11158161E-003    -0.31319750E+001     0.84032016E+000    -0.10670328E-002     0.46170147E-003
     0.64311319E+000    -0.17150586E-002    -0.11097591E-003    -0.31272420E+001     0.83480250E+000    -0.10665645E-002     0.45676077E-003
     0.64348069E+000    -0.17076293E-002    -0.11037309E-003    -0.31225141E+001     0.82931573E+000    -0.10660703E-002     0.45183583E-003
     0.64384818E+000    -0.17002514E-002    -0.10977314E-003    -0.31177912E+001     0.82385964E+000    -0.10655505E-002     0.44692681E-003
     0.64421567E+000    -0.16929243E-002    -0.10917604E-003    -0.31130736E+001     0.81843406E+000    -0.10650053E-002     0.44203384E-003
     0.64458317E+000    -0.16856476E-002    -0.10858179E-003    -0.31083612E+001     0.81303879E+000    -0.10644349E-002     0.43715709E-003
     0.64495066E+000    -0.16784207E-002    -0.10799038E-003    -0.31036541E+001     0.80767365E+000    -0.10638394E-002     0.43229669E-003
     0.64531815E+000    -0.16712433E-002    -0.10740180E-003    -0.30989524E+001     0.80233845E+000    -0.10632192E-002     0.42745278E-003
     0.64568565E+000    -0.16641148E-002    -0.10681603E-003    -0.30942562E+001     0.79703301E+000    -0.10625743E-002     0.42262550E-003
     0.64605314E+000    -0.16570348E-002    -0.10623306E-003    -0.30895655E+001     0.79175713E+000    -0.10619050E-002     0.41781499E-003
     0.64642063E+000    -0.16500028E-002    -0.10565289E-003    -0.30848804E+001     0.78651065E+000    -0.10612115E-002     0.41302138E-003
     0.64678813E+000    -0.16430185E-002    -0.10507549E-003    -0.30802010E+001     0.78129338E+000    -0.10604941E-002     0.40824480E-003
     0.64715562E+000    -0.16360813E-002    -0.10450087E-003    -0.30755273E+001     0.77610513E+000    -0.10597528E-002     0.40348538E-003
     0.64752311E+000    -0.16291908E-002    -0.10392901E-003    -0.30708594E+001     0.77094574E+000    -0.10589880E-002     0.39874324E-003
     0.64789061E+000    -0.16223466E-002    -0.10335989E-003    -0.30661973E+001     0.76581501E+000    -0.10581998E-002     0.39401851E-003
     0.64825810E+000    -0.16155483E-002    -0.10279351E-003    -0.30615411E+001     0.76071277E+000    -0.10573884E-002     0.38931130E-003
     0.64862559E+000    -0.16087954E-002    -0.10222986E-003    -0.30568910E+001     0.75563886E+000    -0.10565541E-002     0.38462174E-003
     0.64899309E+000    -0.16020875E-002    -0.10166892E-003    -0.30522468E+001     0.75059308E+000    -0.10556971E-002     0.37994994E-003
     0.64936058E+000    -0.15954243E-002    -0.10111068E-003    -0.30476087E+001     0.74557527E+000    -0.10548175E-002     0.37529600E-003
     0.64972807E+000    -0.15888053E-002    -0.10055514E-003    -0.30429767E+001     0.74058525E+000    -0.10539156E-002     0.37066005E-003
     0.65009557E+000    -0.15822301E-002    -0.10000227E-003    -0.30383510E+001     0.73562286E+000    -0.10529916E-002     0.36604219E-003
     0.65046306E+000    -0.15756983E-002    -0.99452071E-004    -0.30337315E+001     0.73068792E+000    -0.10520457E-002     0.36144252E-003
     0.65083055E+000    -0.15692095E-002    -0.98904528E-004    -0.30291182E+001     0.72578026E+000    -0.10510781E-002     0.35686114E-003
     0.65119805E+000    -0.15627633E-002    -0.98359630E-004    -0.30245114E+001     0.72089972E+000    -0.10500890E-002     0.35229815E-003
     0.65156554E+000    -0.15563595E-002    -0.97817364E-004    -0.30199109E+001     0.71604611E+000    -0.10490787E-002     0.34775366E-003
     0.65193303E+000    -0.15499975E-002    -0.97277720E-004    -0.30153168E+001     0.71121929E+000    -0.10480473E-002     0.34322775E-003
     0.65230053E+000    -0.15436769E-002    -0.96740686E-004    -0.30107293E+001     0.70641908E+000    -0.10469951E-002     0.33872052E-003
     0.65266802E+000    -0.15373976E-002    -0.96206249E-004    -0.30061483E+001     0.70164532E+000    -0.10459222E-002     0.33423206E-003
     0.65303551E+000    -0.15311589E-002    -0.95674399E-004    -0.30015738E+001     0.69689784E+000    -0.10448289E-002     0.32976245E-003
     0.65340301E+000    -0.15249607E-002    -0.95145123E-004    -0.29970060E+001     0.69217648E+000    -0.10437154E-002     0.32531178E-003
     0.65377050E+000    -0.15188025E-002    -0.94618409E-004    -0.29924449E+001     0.68748108E+000    -0.10425819E-002     0.32088012E-003
     0.65413799E+000    -0.15126841E-002    -0.94094247E-004    -0.29878905E+001     0.68281148E+000    -0.10414286E-002     0.31646757E-003
     0.65450549E+000    -0.15066049E-002    -0.93572624E-004    -0.29833428E+001     0.67816752E+000    -0.10402558E-002     0.31207419E-003
     0.65487298E+000    -0.15005648E-002    -0.93053528E-004    -0.29788020E+001     0.67354904E+000    -0.10390636E-002     0.30770007E-003
     0.65524047E+000    -0.14945633E-002    -0.92536948E-004    -0.29742679E+001     0.66895588E+000    -0.10378522E-002     0.30334527E-003
     0.65560797E+000    -0.14886001E-002    -0.92022872E-004    -0.29697408E+001     0.66438789E+000    -0.10366219E-002     0.29900986E-003
     0.65597546E+000    -0.14826749E-002    -0.91511288E-004    -0.29652205E+001     0.65984491E+000    -0.10353729E-002     0.29469392E-003
     0.65634295E+000    -0.14767874E-002    -0.91002185E-004    -0.29607072E+001     0.65532679E+000    -0.10341053E-002     0.29039750E-003
     0.65671044E+000    -0.14709371E-002    -0.90495550E-004    -0.29562009E+001     0.65083336E+000    -0.10328194E-002     0.28612067E-003
     0.65707794E+000    -0.14651239E-002    -0.89991372E-004    -0.29517016E+001     0.64636449E+000    -0.10315155E-002     0.28186349E-003
     0.65744543E+000    -0.14593474E-002    -0.89489639E-004    -0.29472094E+001     0.64192001E+000    -0.10301936E-002     0.27762602E-003
     0.65781292E+000    -0.14536072E-002    -0.88990340E-004    -0.29427243E+001     0.63749978E+000    -0.10288541E-002     0.27340831E-003
     0.65818042E+000    -0.14479031E-002    -0.88493463E-004    -0.29382462E+001     0.63310365E+000    -0.10274971E-002     0.26921042E-003
     0.65854791E+000    -0.14422347E-002    -0.87998996E-004    -0.29337754E+001     0.62873146E+000    -0.10261228E-002     0.26503240E-003
     0.65891540E+000    -0.14366018E-002    -0.87506927E-004    -0.29293117E+001     0.62438308E+000    -0.10247315E-002     0.26087430E-003
     0.65928290E+000    -0.14310040E-002    -0.87017245E-004    -0.29248552E+001     0.62005834E+000    -0.10233233E-002     0.25673616E-003
     0.65965039E+000    -0.14254410E-002    -0.86529938E-004    -0.29204060E+001     0.61575711E+000    -0.10218985E-002     0.25261803E-003
     0.66001788E+000    -0.14199126E-002    -0.86044995E-004    -0.29159641E+001     0.61147925E+000    -0.10204573E-002     0.24851995E-003
     0.66038538E+000    -0.14144184E-002    -0.85562403E-004    -0.29115294E+001     0.60722460E+000    -0.10189998E-002     0.24444197E-003
     0.66075287E+000    -0.14089581E-002    -0.85082152E-004    -0.29071021E+001     0.60299302E+000    -0.10175263E-002     0.24038412E-003
     0.66112036E+000    -0.14035316E-002    -0.84604230E-004    -0.29026822E+001     0.59878437E+000    -0.10160370E-002     0.23634643E-003
     0.66148786E+000    -0.13981384E-002    -0.84128625E-004    -0.28982696E+001     0.59459851E+000    -0.10145321E-002     0.23232894E-003
     0.66185535E+000    -0.13927784E-002    -0.83655326E-004    -0.28938644E+001     0.59043531E+000    -0.10130118E-002     0.22833169E-003
     0.66222284E+000    -0.13874511E-002    -0.83184321E-004    -0.28894667E+001     0.58629461E+000    -0.10114763E-002     0.22435470E-003
     0.66259034E+000    -0.13821564E-002    -0.82715598E-004    -0.28850764E+001     0.58217628E+000    -0.10099257E-002     0.22039799E-003
     0.66295783E+000    -0.13768940E-002    -0.82249148E-004    -0.28806936E+001     0.57808018E+000    -0.10083604E-002     0.21646161E-003
     0.66332532E+000    -0.13716637E-002    -0.81784957E-004    -0.28763183E+001     0.57400618E+000    -0.10067805E-002     0.21254556E-003
     0.66369282E+000    -0.13664650E-002    -0.81323015E-004    -0.28719506E+001     0.56995414E+000    -0.10051861E-002     0.20864987E-003
     0.66406031E+000    -0.13612979E-002    -0.80863310E-004    -0.28675903E+001     0.56592392E+000    -0.10035776E-002     0.20477456E-003
     0.66442780E+000    -0.13561619E-002    -0.80405831E-004    -0.28632377E+001     0.56191539E+000    -0.10019550E-002     0.20091965E-003
     0.66479530E+000    -0.13510570E-002    -0.79950567E-004    -0.28588926E+001     0.55792842E+000    -0.10003187E-002     0.19708515E-003
     0.66516279E+000    -0.13459827E-002    -0.79497507E-004    -0.28545551E+001     0.55396287E+000    -0.99866872E-003     0.19327108E-003
     0.66553028E+000    -0.13409390E-002    -0.79046639E-004    -0.28502253E+001     0.55001861E+000    -0.99700535E-003     0.18947744E-003
     0.66589778E+000    -0.13359254E-002    -0.78597952E-004    -0.28459030E+001     0.54609551E+000    -0.99532877E-003     0.18570426E-003
     0.66626527E+000    -0.13309418E-002    -0.78151435E-004    -0.28415885E+001     0.54219344E+000    -0.99363916E-003     0.18195153E-003
     0.66663276E+000    -0.13259879E-002    -0.77707077E-004    -0.28372816E+001     0.53831227E+000    -0.99193673E-003     0.17821927E-003
     0.66700026E+000    -0.13210635E-002    -0.77264866E-004    -0.28329824E+001     0.53445188E+000    -0.99022166E-003     0.17450748E-003
     0.66736775E+000    -0.13161683E-002    -0.76824793E-004    -0.28286909E+001     0.53061213E+000    -0.98849414E-003     0.17081615E-003
     0.66773524E+000    -0.13113021E-002    -0.76386845E-004    -0.28244072E+001     0.52679290E+000    -0.98675438E-003     0.16714530E-003
     0.66810274E+000    -0.13064647E-002    -0.75951012E-004    -0.28201312E+001     0.52299406E+000    -0.98500255E-003     0.16349492E-003
     0.66847023E+000    -0.13016559E-002    -0.75517284E-004    -0.28158629E+001     0.51921549E+000    -0.98323885E-003     0.15986500E-003
     0.66883772E+000    -0.12968753E-002    -0.75085648E-004    -0.28116024E+001     0.51545706E+000    -0.98146346E-003     0.15625555E-003
     0.66920522E+000    -0.12921228E-002    -0.74656095E-004    -0.28073496E+001     0.51171865E+000    -0.97967657E-003     0.15266656E-003
     0.66957271E+000    -0.12873982E-002    -0.74228613E-004    -0.28031047E+001     0.50800014E+000    -0.97787837E-003     0.14909802E-003
     0.66994020E+000    -0.12827012E-002    -0.73803192E-004    -0.27988676E+001     0.50430140E+000    -0.97606905E-003     0.14554992E-003
     0.67030770E+000    -0.12780316E-002    -0.73379821E-004    -0.27946382E+001     0.50062232E+000    -0.97424878E-003     0.14202225E-003
     0.67067519E+000    -0.12733892E-002    -0.72958489E-004    -0.27904167E+001     0.49696276E+000    -0.97241775E-003     0.13851500E-003
     0.67104268E+000    -0.12687738E-002    -0.72539187E-004    -0.27862031E+001     0.49332263E+000    -0.97057614E-003     0.13502815E-003
     0.67141018E+000    -0.12641851E-002    -0.72121902E-004    -0.27819973E+001     0.48970179E+000    -0.96872414E-003     0.13156169E-003
     0.67177767E+000    -0.12596230E-002    -0.71706625E-004    -0.27777993E+001     0.48610012E+000    -0.96686191E-003     0.12811560E-003
     0.67214516E+000    -0.12550873E-002    -0.71293345E-004    -0.27736092E+001     0.48251752E+000    -0.96498965E-003     0.12468987E-003
     0.67251265E+000    -0.12505777E-002    -0.70882052E-004    -0.27694269E+001     0.47895386E+000    -0.96310753E-003     0.12128446E-003
     0.67288015E+000    -0.12460940E-002    -0.70472735E-004    -0.27652526E+001     0.47540903E+000    -0.96121572E-003     0.11789937E-003
     0.67324764E+000    -0.12416360E-002    -0.70065384E-004    -0.27610861E+001     0.47188291E+000    -0.95931441E-003     0.11453457E-003
     0.67361513E+000    -0.12372035E-002    -0.69659989E-004    -0.27569276E+001     0.46837539E+000    -0.95740375E-003     0.11119003E-003
     0.67398263E+000    -0.12327964E-002    -0.69256539E-004    -0.27527769E+001     0.46488636E+000    -0.95548394E-003     0.10786573E-003
     0.67435012E+000    -0.12284144E-002    -0.68855024E-004    -0.27486341E+001     0.46141570E+000    -0.95355514E-003     0.10456164E-003
     0.67471761E+000    -0.12240574E-002    -0.68455434E-004    -0.27444993E+001     0.45796330E+000    -0.95161752E-003     0.10127773E-003
     0.67508511E+000    -0.12197250E-002    -0.68057759E-004    -0.27403724E+001     0.45452906E+000    -0.94967125E-003     0.98013968E-004
     0.67545260E+000    -0.12154173E-002    -0.67661988E-004    -0.27362534E+001     0.45111285E+000    -0.94771650E-003     0.94770331E-004
     0.67582009E+000    -0.12111339E-002    -0.67268112E-004    -0.27321423E+001     0.44771457E+000    -0.94575343E-003     0.91546783E-004
     0.67618759E+000    -0.12068746E-002    -0.66876121E-004    -0.27280392E+001     0.44433412E+000    -0.94378222E-003     0.88343289E-004
     0.67655508E+000    -0.12026394E-002    -0.66486004E-004    -0.27239440E+001     0.44097137E+000    -0.94180303E-003     0.85159815E-004
     0.67692257E+000    -0.11984279E-002    -0.66097752E-004    -0.27198567E+001     0.43762624E+000    -0.93981602E-003     0.81996323E-004
     0.67729007E+000    -0.11942401E-002    -0.65711355E-004    -0.27157774E+001     0.43429860E+000    -0.93782136E-003     0.78852778E-004
     0.67765756E+000    -0.11900757E-002    -0.65326803E-004    -0.27117061E+001     0.43098835E+000    -0.93581920E-003     0.75729139E-004
     0.67802505E+000    -0.11859345E-002    -0.64944086E-004    -0.27076426E+001     0.42769539E+000    -0.93380971E-003     0.72625367E-004
     0.67839255E+000    -0.11818165E-002    -0.64563195E-004    -0.27035872E+001     0.42441962E+000    -0.93179305E-003     0.69541422E-004
     0.67876004E+000    -0.11777213E-002    -0.64184119E-004    -0.26995397E+001     0.42116092E+000    -0.92976937E-003     0.66477260E-004
     0.67912753E+000    -0.11736489E-002    -0.63806850E-004    -0.26955001E+001     0.41791920E+000    -0.92773883E-003     0.63432839E-004
     0.67949503E+000    -0.11695990E-002    -0.63431377E-004    -0.26914686E+001     0.41469435E+000    -0.92570158E-003     0.60408115E-004
     0.67986252E+000    -0.11655716E-002    -0.63057692E-004    -0.26874449E+001     0.41148627E+000    -0.92365779E-003     0.57403041E-004
     0.68023001E+000    -0.11615663E-002    -0.62685784E-004    -0.26834293E+001     0.40829486E+000    -0.92160760E-003     0.54417572E-004
     0.68059751E+000    -0.11575831E-002    -0.62315644E-004    -0.26794216E+001     0.40512002E+000    -0.91955116E-003     0.51451661E-004
     0.68096500E+000    -0.11536218E-002    -0.61947262E-004    -0.26754218E+001     0.40196164E+000    -0.91748863E-003     0.48505257E-004
     0.68133249E+000    -0.11496823E-002    -0.61580630E-004    -0.26714300E+001     0.39881964E+000    -0.91542015E-003     0.45578313E-004
     0.68169999E+000    -0.11457643E-002    -0.61215738E-004    -0.26674462E+001     0.39569391E+000    -0.91334588E-003     0.42670778E-004
     0.68206748E+000    -0.11418677E-002    -0.60852577E-004    -0.26634703E+001     0.39258435E+000    -0.91126596E-003     0.39782600E-004
     0.68243497E+000    -0.11379923E-002    -0.60491137E-004    -0.26595024E+001     0.38949086E+000    -0.90918053E-003     0.36913727E-004
     0.68280247E+000    -0.11341380E-002    -0.60131410E-004    -0.26555424E+001     0.38641336E+000    -0.90708974E-003     0.34064105E-004
     0.68316996E+000    -0.11303047E-002    -0.59773386E-004    -0.26515904E+001     0.38335173E+000    -0.90499374E-003     0.31233682E-004
     0.68353745E+000    -0.11264921E-002    -0.59417056E-004    -0.26476464E+001     0.38030590E+000    -0.90289266E-003     0.28422401E-004
     0.68390495E+000    -0.11227002E-002    -0.59062411E-004    -0.26437103E+001     0.37727576E+000    -0.90078664E-003     0.25630207E-004
     0.68427244E+000    -0.11189287E-002    -0.58709442E-004    -0.26397821E+001     0.37426121E+000    -0.89867583E-003     0.22857043E-004
     0.68463993E+000    -0.11151775E-002    -0.58358140E-004    -0.26358619E+001     0.37126217E+000    -0.89656036E-003     0.20102852E-004
     0.68500743E+000    -0.11114465E-002    -0.58008497E-004    -0.26319496E+001     0.36827854E+000    -0.89444037E-003     0.17367575E-004
     0.68537492E+000    -0.11077356E-002    -0.57660503E-004    -0.26280452E+001     0.36531024E+000    -0.89231600E-003     0.14651154E-004
     0.68574241E+000    -0.11040445E-002    -0.57314149E-004    -0.26241488E+001     0.36235716E+000    -0.89018738E-003     0.11953528E-004
     0.68610991E+000    -0.11003731E-002    -0.56969428E-004    -0.26202603E+001     0.35941921E+000    -0.88805464E-003     0.92746376E-005
     0.68647740E+000    -0.10967213E-002    -0.56626329E-004    -0.26163797E+001     0.35649632E+000    -0.88591791E-003     0.66144206E-005
     0.68684489E+000    -0.10930890E-002    -0.56284845E-004    -0.26125071E+001     0.35358837E+000    -0.88377733E-003     0.39728154E-005
     0.68721239E+000    -0.10894760E-002    -0.55944967E-004    -0.26086423E+001     0.35069530E+000    -0.88163302E-003     0.13497592E-005
     0.68757988E+000    -0.10858821E-002    -0.55606686E-004    -0.26047855E+001     0.34781701E+000    -0.87948512E-003    -0.12548112E-005
     0.68794737E+000    -0.10823073E-002    -0.55269993E-004    -0.26009366E+001     0.34495340E+000    -0.87733375E-003    -0.38409600E-005
     0.68831486E+000    -0.10787513E-002    -0.54934881E-004    -0.25970956E+001     0.34210440E+000    -0.87517903E-003    -0.64087517E-005
     0.68868236E+000    -0.10752141E-002    -0.54601341E-004    -0.25932624E+001     0.33926991E+000    -0.87302109E-003    -0.89582517E-005
     0.68904985E+000    -0.10716956E-002    -0.54269364E-004    -0.25894372E+001     0.33644986E+000    -0.87086006E-003    -0.11489526E-004
     0.68941734E+000    -0.10681955E-002    -0.53938942E-004    -0.25856198E+001     0.33364415E+000    -0.86869605E-003    -0.14002640E-004
     0.68978484E+000    -0.10647137E-002    -0.53610066E-004    -0.25818103E+001     0.33085269E+000    -0.86652919E-003    -0.16497663E-004
     0.69015233E+000    -0.10612502E-002    -0.53282729E-004    -0.25780087E+001     0.32807541E+000    -0.86435959E-003    -0.18974660E-004
     0.69051982E+000    -0.10578048E-002    -0.52956923E-004    -0.25742149E+001     0.32531222E+000    -0.86218738E-003    -0.21433701E-004
     0.69088732E+000    -0.10543774E-002    -0.52632638E-004    -0.25704290E+001     0.32256304E+000    -0.86001267E-003    -0.23874853E-004
     0.69125481E+000    -0.10509677E-002    -0.52309867E-004    -0.25666510E+001     0.31982778E+000    -0.85783557E-003    -0.26298187E-004
     0.69162230E+000    -0.10475758E-002    -0.51988602E-004    -0.25628807E+001     0.31710635E+000    -0.85565621E-003    -0.28703772E-004
     0.69198980E+000    -0.10442015E-002    -0.51668835E-004    -0.25591184E+001     0.31439869E+000    -0.85347469E-003    -0.31091677E-004
     0.69235729E+000    -0.10408446E-002    -0.51350558E-004    -0.25553638E+001     0.31170471E+000    -0.85129113E-003    -0.33461974E-004
     0.69272478E+000    -0.10375051E-002    -0.51033762E-004    -0.25516170E+001     0.30902432E+000    -0.84910565E-003    -0.35814734E-004
     0.69309228E+000    -0.10341828E-002    -0.50718441E-004    -0.25478781E+001     0.30635745E+000    -0.84691833E-003    -0.38150027E-004
     0.69345977E+000    -0.10308776E-002    -0.50404585E-004    -0.25441470E+001     0.30370402E+000    -0.84472931E-003    -0.40467927E-004
     0.69382726E+000    -0.10275893E-002    -0.50092188E-004    -0.25404236E+001     0.30106394E+000    -0.84253868E-003    -0.42768504E-004
     0.69419476E+000    -0.10243179E-002    -0.49781241E-004    -0.25367081E+001     0.29843714E+000    -0.84034656E-003    -0.45051833E-004
     0.69456225E+000    -0.10210633E-002    -0.49471737E-004    -0.25330003E+001     0.29582354E+000    -0.83815304E-003    -0.47317986E-004
     0.69492974E+000    -0.10178253E-002    -0.49163668E-004    -0.25293003E+001     0.29322307E+000    -0.83595823E-003    -0.49567036E-004
     0.69529724E+000    -0.10146037E-002    -0.48857026E-004    -0.25256080E+001     0.29063564E+000    -0.83376224E-003    -0.51799057E-004
     0.69566473E+000    -0.10113986E-002    -0.48551804E-004    -0.25219235E+001     0.28806118E+000    -0.83156516E-003    -0.54014123E-004
     0.69603222E+000    -0.10082098E-002    -0.48247994E-004    -0.25182467E+001     0.28549961E+000    -0.82936710E-003    -0.56212310E-004
     0.69639972E+000    -0.10050371E-002    -0.47945589E-004    -0.25145777E+001     0.28295086E+000    -0.82716815E-003    -0.58393690E-004
     0.69676721E+000    -0.10018804E-002    -0.47644581E-004    -0.25109164E+001     0.28041485E+000    -0.82496842E-003    -0.60558341E-004
     0.69713470E+000    -0.99873976E-003    -0.47344963E-004    -0.25072628E+001     0.27789151E+000    -0.82276799E-003    -0.62706336E-004
     0.69750220E+000    -0.99561491E-003    -0.47046727E-004    -0.25036169E+001     0.27538076E+000    -0.82056698E-003    -0.64837751E-004
     0.69786969E+000    -0.99250579E-003    -0.46749866E-004    -0.24999786E+001     0.27288253E+000    -0.81836546E-003    -0.66952663E-004
     0.69823718E+000    -0.98941228E-003    -0.46454373E-004    -0.24963481E+001     0.27039675E+000    -0.81616355E-003    -0.69051147E-004
     0.69860468E+000    -0.98633429E-003    -0.46160240E-004    -0.24927252E+001     0.26792334E+000    -0.81396132E-003    -0.71133280E-004
     0.69897217E+000    -0.98327170E-003    -0.45867460E-004    -0.24891100E+001     0.26546223E+000    -0.81175887E-003    -0.73199138E-004
     0.69933966E+000    -0.98022441E-003    -0.45576026E-004    -0.24855025E+001     0.26301335E+000    -0.80955629E-003    -0.75248798E-004
     0.69970716E+000    -0.97719233E-003    -0.45285931E-004    -0.24819025E+001     0.26057663E+000    -0.80735366E-003    -0.77282336E-004
     0.70007465E+000    -0.97417533E-003    -0.44997168E-004    -0.24783103E+001     0.25815200E+000    -0.80515109E-003    -0.79299831E-004
     0.70044214E+000    -0.97117333E-003    -0.44709729E-004    -0.24747256E+001     0.25573939E+000    -0.80294865E-003    -0.81301359E-004
     0.70080964E+000    -0.96818621E-003    -0.44423608E-004    -0.24711485E+001     0.25333872E+000    -0.80074644E-003    -0.83286998E-004
     0.70117713E+000    -0.96521389E-003    -0.44138798E-004    -0.24675790E+001     0.25094993E+000    -0.79854453E-003    -0.85256826E-004
     0.70154462E+000    -0.96225626E-003    -0.43855291E-004    -0.24640171E+001     0.24857295E+000    -0.79634301E-003    -0.87210920E-004
     0.70191212E+000    -0.95931321E-003    -0.43573081E-004    -0.24604628E+001     0.24620771E+000    -0.79414196E-003    -0.89149357E-004
     0.70227961E+000    -0.95638467E-003    -0.43292161E-004    -0.24569161E+001     0.24385414E+000    -0.79194146E-003    -0.91072217E-004
     0.70264710E+000    -0.95347051E-003    -0.43012523E-004    -0.24533768E+001     0.24151218E+000    -0.78974161E-003    -0.92979577E-004
     0.70301459E+000    -0.95057066E-003    -0.42734162E-004    -0.24498452E+001     0.23918175E+000    -0.78754246E-003    -0.94871516E-004
     0.70338209E+000    -0.94768502E-003    -0.42457071E-004    -0.24463210E+001     0.23686279E+000    -0.78534411E-003    -0.96748112E-004
     0.70374958E+000    -0.94481348E-003    -0.42181242E-004    -0.24428044E+001     0.23455524E+000    -0.78314664E-003    -0.98609442E-004
     0.70411707E+000    -0.94195596E-003    -0.41906670E-004    -0.24392952E+001     0.23225903E+000    -0.78095011E-003    -0.10045559E-003
     0.70448457E+000    -0.93911236E-003    -0.41633346E-004    -0.24357936E+001     0.22997409E+000    -0.77875460E-003    -0.10228662E-003
     0.70485206E+000    -0.93628260E-003    -0.41361266E-004    -0.24322994E+001     0.22770036E+000    -0.77656020E-003    -0.10410263E-003
     0.70521955E+000    -0.93346657E-003    -0.41090422E-004    -0.24288127E+001     0.22543778E+000    -0.77436696E-003    -0.10590369E-003
     0.70558705E+000    -0.93066419E-003    -0.40820807E-004    -0.24253335E+001     0.22318627E+000    -0.77217497E-003    -0.10768987E-003
     0.70595454E+000    -0.92787537E-003    -0.40552416E-004    -0.24218617E+001     0.22094578E+000    -0.76998430E-003    -0.10946126E-003
     0.70632203E+000    -0.92510003E-003    -0.40285242E-004    -0.24183973E+001     0.21871624E+000    -0.76779501E-003    -0.11121794E-003
     0.70668953E+000    -0.92233806E-003    -0.40019278E-004    -0.24149403E+001     0.21649759E+000    -0.76560718E-003    -0.11295998E-003
     0.70705702E+000    -0.91958938E-003    -0.39754518E-004    -0.24114908E+001     0.21428976E+000    -0.76342088E-003    -0.11468747E-003
     0.70742451E+000    -0.91685392E-003    -0.39490956E-004    -0.24080486E+001     0.21209271E+000    -0.76123617E-003    -0.11640047E-003
     0.70779201E+000    -0.91413157E-003    -0.39228585E-004    -0.24046138E+001     0.20990635E+000    -0.75905312E-003    -0.11809908E-003
     0.70815950E+000    -0.91142226E-003    -0.38967399E-004    -0.24011863E+001     0.20773064E+000    -0.75687179E-003    -0.11978336E-003
     0.70852699E+000    -0.90872589E-003    -0.38707392E-004    -0.23977663E+001     0.20556551E+000    -0.75469226E-003    -0.12145340E-003
     0.70889449E+000    -0.90604240E-003    -0.38448558E-004    -0.23943535E+001     0.20341089E+000    -0.75251458E-003    -0.12310928E-003
     0.70926198E+000    -0.90337168E-003    -0.38190890E-004    -0.23909481E+001     0.20126674E+000    -0.75033883E-003    -0.12475107E-003
     0.70962947E+000    -0.90071367E-003    -0.37934382E-004    -0.23875500E+001     0.19913299E+000    -0.74816505E-003    -0.12637886E-003
     0.70999697E+000    -0.89806827E-003    -0.37679029E-004    -0.23841592E+001     0.19700958E+000    -0.74599331E-003    -0.12799272E-003
     0.71036446E+000    -0.89543541E-003    -0.37424824E-004    -0.23807756E+001     0.19489646E+000    -0.74382368E-003    -0.12959272E-003
     0.71073195E+000    -0.89281500E-003    -0.37171762E-004    -0.23773994E+001     0.19279355E+000    -0.74165621E-003    -0.13117896E-003
     0.71109945E+000    -0.89020697E-003    -0.36919835E-004    -0.23740304E+001     0.19070082E+000    -0.73949095E-003    -0.13275150E-003
     0.71146694E+000    -0.88761123E-003    -0.36669039E-004    -0.23706686E+001     0.18861819E+000    -0.73732798E-003    -0.13431043E-003
     0.71183443E+000    -0.88502771E-003    -0.36419367E-004    -0.23673141E+001     0.18654561E+000    -0.73516734E-003    -0.13585581E-003
     0.71220193E+000    -0.88245633E-003    -0.36170814E-004    -0.23639668E+001     0.18448303E+000    -0.73300910E-003    -0.13738774E-003
     0.71256942E+000    -0.87989701E-003    -0.35923373E-004    -0.23606267E+001     0.18243038E+000    -0.73085330E-003    -0.13890629E-003
     0.71293691E+000    -0.87734967E-003    -0.35677039E-004    -0.23572938E+001     0.18038761E+000    -0.72870000E-003    -0.14041153E-003
     0.71330441E+000    -0.87481425E-003    -0.35431806E-004    -0.23539680E+001     0.17835467E+000    -0.72654925E-003    -0.14190354E-003
     0.71367190E+000    -0.87229065E-003    -0.35187668E-004    -0.23506495E+001     0.17633149E+000    -0.72440111E-003    -0.14338241E-003
     0.71403939E+000    -0.86977881E-003    -0.34944620E-004    -0.23473380E+001     0.17431803E+000    -0.72225563E-003    -0.14484820E-003
     0.71440689E+000    -0.86727866E-003    -0.34702656E-004    -0.23440337E+001     0.17231423E+000    -0.72011286E-003    -0.14630100E-003
     0.71477438E+000    -0.86479011E-003    -0.34461770E-004    -0.23407366E+001     0.17032004E+000    -0.71797286E-003    -0.14774088E-003
     0.71514187E+000    -0.86231310E-003    -0.34221957E-004    -0.23374465E+001     0.16833539E+000    -0.71583565E-003    -0.14916792E-003
     0.71550937E+000    -0.85984755E-003    -0.33983211E-004    -0.23341635E+001     0.16636024E+000    -0.71370131E-003    -0.15058219E-003
     0.71587686E+000    -0.85739339E-003    -0.33745526E-004    -0.23308876E+001     0.16439453E+000    -0.71156988E-003    -0.15198378E-003
     0.71624435E+000    -0.85495056E-003    -0.33508898E-004    -0.23276188E+001     0.16243822E+000    -0.70944139E-003    -0.15337275E-003
     0.71661185E+000    -0.85251897E-003    -0.33273319E-004    -0.23243570E+001     0.16049124E+000    -0.70731591E-003    -0.15474919E-003
     0.71697934E+000    -0.85009855E-003    -0.33038786E-004    -0.23211022E+001     0.15855354E+000    -0.70519347E-003    -0.15611316E-003
     0.71734683E+000    -0.84768925E-003    -0.32805293E-004    -0.23178545E+001     0.15662508E+000    -0.70307412E-003    -0.15746476E-003
     0.71771433E+000    -0.84529099E-003    -0.32572834E-004    -0.23146138E+001     0.15470580E+000    -0.70095790E-003    -0.15880405E-003
     0.71808182E+000    -0.84290369E-003    -0.32341403E-004    -0.23113801E+001     0.15279564E+000    -0.69884486E-003    -0.16013110E-003
     0.71844931E+000    -0.84052730E-003    -0.32110997E-004    -0.23081533E+001     0.15089457E+000    -0.69673504E-003    -0.16144599E-003
     0.71881680E+000    -0.83816174E-003    -0.31881608E-004    -0.23049335E+001     0.14900252E+000    -0.69462848E-003    -0.16274881E-003
     0.71918430E+000    -0.83580695E-003    -0.31653233E-004    -0.23017207E+001     0.14711945E+000    -0.69252522E-003    -0.16403961E-003
     0.71955179E+000    -0.83346286E-003    -0.31425865E-004    -0.22985148E+001     0.14524531E+000    -0.69042530E-003    -0.16531849E-003
     0.71991928E+000    -0.83112940E-003    -0.31199500E-004    -0.22953158E+001     0.14338005E+000    -0.68832876E-003    -0.16658550E-003
     0.72028678E+000    -0.82880651E-003    -0.30974132E-004    -0.22921237E+001     0.14152361E+000    -0.68623565E-003    -0.16784073E-003
     0.72065427E+000    -0.82649413E-003    -0.30749757E-004    -0.22889385E+001     0.13967595E+000    -0.68414599E-003    -0.16908425E-003
     0.72102176E+000    -0.82419218E-003    -0.30526368E-004    -0.22857602E+001     0.13783702E+000    -0.68205983E-003    -0.17031613E-003
     0.72138926E+000    -0.82190061E-003    -0.30303962E-004    -0.22825887E+001     0.13600677E+000    -0.67997721E-003    -0.17153645E-003
     0.72175675E+000    -0.81961936E-003    -0.30082533E-004    -0.22794241E+001     0.13418516E+000    -0.67789815E-003    -0.17274528E-003
     0.72212424E+000    -0.81734835E-003    -0.29862075E-004    -0.22762663E+001     0.13237213E+000    -0.67582270E-003    -0.17394269E-003
     0.72249174E+000    -0.81508752E-003    -0.29642585E-004    -0.22731154E+001     0.13056764E+000    -0.67375089E-003    -0.17512876E-003
     0.72285923E+000    -0.81283683E-003    -0.29424056E-004    -0.22699712E+001     0.12877163E+000    -0.67168275E-003    -0.17630355E-003
     0.72322672E+000    -0.81059619E-003    -0.29206485E-004    -0.22668339E+001     0.12698407E+000    -0.66961832E-003    -0.17746715E-003
     0.72359422E+000    -0.80836555E-003    -0.28989866E-004    -0.22637033E+001     0.12520491E+000    -0.66755763E-003    -0.17861962E-003
     0.72396171E+000    -0.80614486E-003    -0.28774194E-004    -0.22605794E+001     0.12343410E+000    -0.66550071E-003    -0.17976103E-003
     0.72432920E+000    -0.80393405E-003    -0.28559465E-004    -0.22574623E+001     0.12167159E+000    -0.66344760E-003    -0.18089146E-003
     0.72469670E+000    -0.80173305E-003    -0.28345673E-004    -0.22543520E+001     0.11991734E+000    -0.66139832E-003    -0.18201098E-003
     0.72506419E+000    -0.79954182E-003    -0.28132814E-004    -0.22512483E+001     0.11817130E+000    -0.65935291E-003    -0.18311966E-003
     0.72543168E+000    -0.79736029E-003    -0.27920883E-004    -0.22481514E+001     0.11643343E+000    -0.65731139E-003    -0.18421756E-003
     0.72579918E+000    -0.79518840E-003    -0.27709875E-004    -0.22450611E+001     0.11470368E+000    -0.65527380E-003    -0.18530477E-003
     0.72616667E+000    -0.79302611E-003    -0.27499786E-004    -0.22419775E+001     0.11298201E+000    -0.65324016E-003    -0.18638135E-003
     0.72653416E+000    -0.79087334E-003    -0.27290611E-004    -0.22389006E+001     0.11126837E+000    -0.65121050E-003    -0.18744737E-003
     0.72690166E+000    -0.78873004E-003    -0.27082345E-004    -0.22358303E+001     0.10956272E+000    -0.64918485E-003    -0.18850289E-003
     0.72726915E+000    -0.78659615E-003    -0.26874984E-004    -0.22327666E+001     0.10786502E+000    -0.64716323E-003    -0.18954800E-003
     0.72763664E+000    -0.78447163E-003    -0.26668523E-004    -0.22297095E+001     0.10617522E+000    -0.64514568E-003    -0.19058275E-003
     0.72800414E+000    -0.78235641E-003    -0.26462957E-004    -0.22266591E+001     0.10449327E+000    -0.64313222E-003    -0.19160723E-003
     0.72837163E+000    -0.78025043E-003    -0.26258282E-004    -0.22236152E+001     0.10281915E+000    -0.64112286E-003    -0.19262149E-003
     0.72873912E+000    -0.77815365E-003    -0.26054493E-004    -0.22205778E+001     0.10115279E+000    -0.63911765E-003    -0.19362560E-003
     0.72910662E+000    -0.77606601E-003    -0.25851587E-004    -0.22175471E+001     0.99494170E-001    -0.63711659E-003    -0.19461964E-003
     0.72947411E+000    -0.77398745E-003    -0.25649557E-004    -0.22145228E+001     0.97843235E-001    -0.63511972E-003    -0.19560366E-003
     0.72984160E+000    -0.77191793E-003    -0.25448401E-004    -0.22115051E+001     0.96199946E-001    -0.63312706E-003    -0.19657775E-003
     0.73020910E+000    -0.76985738E-003    -0.25248113E-004    -0.22084939E+001     0.94564261E-001    -0.63113862E-003    -0.19754196E-003
     0.73057659E+000    -0.76780575E-003    -0.25048689E-004    -0.22054892E+001     0.92936140E-001    -0.62915444E-003    -0.19849636E-003
     0.73094408E+000    -0.76576300E-003    -0.24850125E-004    -0.22024909E+001     0.91315541E-001    -0.62717454E-003    -0.19944102E-003
     0.73131158E+000    -0.76372906E-003    -0.24652417E-004    -0.21994991E+001     0.89702423E-001    -0.62519892E-003    -0.20037600E-003
     0.73167907E+000    -0.76170390E-003    -0.24455559E-004    -0.21965138E+001     0.88096746E-001    -0.62322762E-003    -0.20130138E-003
     0.73204656E+000    -0.75968745E-003    -0.24259548E-004    -0.21935349E+001     0.86498469E-001    -0.62126066E-003    -0.20221721E-003
     0.73241406E+000    -0.75767967E-003    -0.24064380E-004    -0.21905624E+001     0.84907553E-001    -0.61929805E-003    -0.20312357E-003
     0.73278155E+000    -0.75568050E-003    -0.23870050E-004    -0.21875963E+001     0.83323957E-001    -0.61733981E-003    -0.20402051E-003
     0.73314904E+000    -0.75368989E-003    -0.23676554E-004    -0.21846366E+001     0.81747641E-001    -0.61538596E-003    -0.20490811E-003
     0.73351654E+000    -0.75170781E-003    -0.23483888E-004    -0.21816832E+001     0.80178567E-001    -0.61343652E-003    -0.20578642E-003
     0.73388403E+000    -0.74973418E-003    -0.23292048E-004    -0.21787362E+001     0.78616695E-001    -0.61149151E-003    -0.20665551E-003
     0.73425152E+000    -0.74776898E-003    -0.23101029E-004    -0.21757956E+001     0.77061987E-001    -0.60955095E-003    -0.20751545E-003
