#      omega [at.u.] x,real,pade [at.u.] x,imag,pade [at.u.] y,real,pade [at.u.] y,imag,pade [at.u.] z,real,pade [at.u.] z,imag,pade [at.u.]
     0.00000000E+000     0.70765348E-004     0.10030189E-016     0.14439458E+002    -0.15245887E-014     0.30584250E-004    -0.73953053E-018
     0.36749325E-003     0.70761240E-004    -0.44260291E-007     0.14439755E+002     0.30689637E-002     0.30583839E-004    -0.80152348E-008
     0.73498651E-003     0.70748915E-004    -0.88551450E-007     0.14440647E+002     0.61389280E-002     0.30582607E-004    -0.16031550E-007
     0.11024798E-002     0.70728367E-004    -0.13290310E-006     0.14442135E+002     0.92108944E-002     0.30580554E-004    -0.24050024E-007
     0.14699730E-002     0.70699583E-004    -0.17734378E-006     0.14444218E+002     0.12285866E-001     0.30577678E-004    -0.32071735E-007
     0.18374663E-002     0.70662545E-004    -0.22190162E-006     0.14446898E+002     0.15364850E-001     0.30573979E-004    -0.40097759E-007
     0.22049595E-002     0.70617228E-004    -0.26660448E-006     0.14450174E+002     0.18448855E-001     0.30569456E-004    -0.48129176E-007
     0.25724528E-002     0.70563602E-004    -0.31147994E-006     0.14454050E+002     0.21538897E-001     0.30564109E-004    -0.56167064E-007
     0.29399460E-002     0.70501629E-004    -0.35655568E-006     0.14458525E+002     0.24635994E-001     0.30557935E-004    -0.64212506E-007
     0.33074393E-002     0.70431267E-004    -0.40185990E-006     0.14463601E+002     0.27741175E-001     0.30550934E-004    -0.72266585E-007
     0.36749325E-002     0.70352465E-004    -0.44742174E-006     0.14469280E+002     0.30855472E-001     0.30543103E-004    -0.80330384E-007
     0.40424258E-002     0.70265166E-004    -0.49327151E-006     0.14475563E+002     0.33979929E-001     0.30534441E-004    -0.88404989E-007
     0.44099190E-002     0.70169311E-004    -0.53944048E-006     0.14482454E+002     0.37115598E-001     0.30524945E-004    -0.96491485E-007
     0.47774123E-002     0.70064832E-004    -0.58596029E-006     0.14489954E+002     0.40263541E-001     0.30514614E-004    -0.10459096E-006
     0.51449056E-002     0.69951656E-004    -0.63286270E-006     0.14498065E+002     0.43424832E-001     0.30503444E-004    -0.11270450E-006
     0.55123988E-002     0.69829704E-004    -0.68017971E-006     0.14506792E+002     0.46600559E-001     0.30491433E-004    -0.12083319E-006
     0.58798921E-002     0.69698891E-004    -0.72794378E-006     0.14516135E+002     0.49791822E-001     0.30478579E-004    -0.12897814E-006
     0.62473853E-002     0.69559125E-004    -0.77618804E-006     0.14526100E+002     0.52999736E-001     0.30464877E-004    -0.13714044E-006
     0.66148786E-002     0.69410307E-004    -0.82494610E-006     0.14536688E+002     0.56225432E-001     0.30450325E-004    -0.14532117E-006
     0.69823718E-002     0.69252333E-004    -0.87425192E-006     0.14547904E+002     0.59470058E-001     0.30434919E-004    -0.15352146E-006
     0.73498651E-002     0.69085089E-004    -0.92413974E-006     0.14559752E+002     0.62734782E-001     0.30418655E-004    -0.16174238E-006
     0.77173583E-002     0.68908456E-004    -0.97464472E-006     0.14572236E+002     0.66020788E-001     0.30401530E-004    -0.16998505E-006
     0.80848516E-002     0.68722306E-004    -0.10258035E-005     0.14585359E+002     0.69329284E-001     0.30383538E-004    -0.17825056E-006
     0.84523448E-002     0.68526503E-004    -0.10776544E-005     0.14599127E+002     0.72661498E-001     0.30364677E-004    -0.18654002E-006
     0.88198381E-002     0.68320907E-004    -0.11302367E-005     0.14613545E+002     0.76018683E-001     0.30344941E-004    -0.19485455E-006
     0.91873314E-002     0.68105366E-004    -0.11835904E-005     0.14628617E+002     0.79402116E-001     0.30324325E-004    -0.20319523E-006
     0.95548246E-002     0.67879725E-004    -0.12377566E-005     0.14644349E+002     0.82813101E-001     0.30302826E-004    -0.21156319E-006
     0.99223179E-002     0.67643817E-004    -0.12927769E-005     0.14660746E+002     0.86252968E-001     0.30280436E-004    -0.21995954E-006
     0.10289811E-001     0.67397468E-004    -0.13486940E-005     0.14677815E+002     0.89723078E-001     0.30257151E-004    -0.22838538E-006
     0.10657304E-001     0.67140494E-004    -0.14055524E-005     0.14695561E+002     0.93224822E-001     0.30232966E-004    -0.23684183E-006
     0.11024798E-001     0.66872701E-004    -0.14633983E-005     0.14713991E+002     0.96759624E-001     0.30207875E-004    -0.24532999E-006
     0.11392291E-001     0.66593889E-004    -0.15222803E-005     0.14733111E+002     0.10032894E+000     0.30181871E-004    -0.25385098E-006
     0.11759784E-001     0.66303846E-004    -0.15822479E-005     0.14752929E+002     0.10393428E+000     0.30154948E-004    -0.26240592E-006
     0.12127277E-001     0.66002353E-004    -0.16433521E-005     0.14773452E+002     0.10757715E+000     0.30127100E-004    -0.27099590E-006
     0.12494771E-001     0.65689178E-004    -0.17056448E-005     0.14794687E+002     0.11125914E+000     0.30098321E-004    -0.27962205E-006
     0.12862264E-001     0.65364080E-004    -0.17691801E-005     0.14816642E+002     0.11498187E+000     0.30068603E-004    -0.28828546E-006
     0.13229757E-001     0.65026805E-004    -0.18340141E-005     0.14839326E+002     0.11874698E+000     0.30037940E-004    -0.29698723E-006
     0.13597250E-001     0.64677089E-004    -0.19002056E-005     0.14862747E+002     0.12255620E+000     0.30006324E-004    -0.30572848E-006
     0.13964744E-001     0.64314656E-004    -0.19678151E-005     0.14886914E+002     0.12641126E+000     0.29973748E-004    -0.31451029E-006
     0.14332237E-001     0.63939219E-004    -0.20369057E-005     0.14911836E+002     0.13031399E+000     0.29940204E-004    -0.32333374E-006
     0.14699730E-001     0.63550477E-004    -0.21075428E-005     0.14937523E+002     0.13426623E+000     0.29905684E-004    -0.33219993E-006
     0.15067223E-001     0.63148116E-004    -0.21797941E-005     0.14963985E+002     0.13826990E+000     0.29870181E-004    -0.34110993E-006
     0.15434717E-001     0.62731808E-004    -0.22537300E-005     0.14991231E+002     0.14232699E+000     0.29833686E-004    -0.35006479E-006
     0.15802210E-001     0.62301212E-004    -0.23294241E-005     0.15019274E+002     0.14643953E+000     0.29796190E-004    -0.35906557E-006
     0.16169703E-001     0.61855971E-004    -0.24069531E-005     0.15048124E+002     0.15060962E+000     0.29757686E-004    -0.36811331E-006
     0.16537196E-001     0.61395714E-004    -0.24863969E-005     0.15077793E+002     0.15483944E+000     0.29718163E-004    -0.37720905E-006
     0.16904690E-001     0.60920053E-004    -0.25678382E-005     0.15108292E+002     0.15913124E+000     0.29677615E-004    -0.38635379E-006
     0.17272183E-001     0.60428584E-004    -0.26513631E-005     0.15139635E+002     0.16348734E+000     0.29636030E-004    -0.39554854E-006
     0.17639676E-001     0.59920886E-004    -0.27370611E-005     0.15171834E+002     0.16791013E+000     0.29593400E-004    -0.40479427E-006
     0.18007169E-001     0.59396516E-004    -0.28250260E-005     0.15204902E+002     0.17240211E+000     0.29549715E-004    -0.41409193E-006
     0.18374663E-001     0.58855017E-004    -0.29153560E-005     0.15238854E+002     0.17696585E+000     0.29504966E-004    -0.42344244E-006
     0.18742156E-001     0.58295908E-004    -0.30081542E-005     0.15273704E+002     0.18160402E+000     0.29459143E-004    -0.43284671E-006
     0.19109649E-001     0.57718690E-004    -0.31035285E-005     0.15309467E+002     0.18631939E+000     0.29412235E-004    -0.44230560E-006
     0.19477142E-001     0.57122842E-004    -0.32015916E-005     0.15346159E+002     0.19111481E+000     0.29364232E-004    -0.45181994E-006
     0.19844636E-001     0.56507820E-004    -0.33024611E-005     0.15383795E+002     0.19599328E+000     0.29315125E-004    -0.46139053E-006
     0.20212129E-001     0.55873057E-004    -0.34062597E-005     0.15422393E+002     0.20095788E+000     0.29264903E-004    -0.47101813E-006
     0.20579622E-001     0.55217960E-004    -0.35131164E-005     0.15461969E+002     0.20601181E+000     0.29213555E-004    -0.48070343E-006
     0.20947115E-001     0.54541911E-004    -0.36231666E-005     0.15502542E+002     0.21115842E+000     0.29161070E-004    -0.49044711E-006
     0.21314609E-001     0.53844262E-004    -0.37365532E-005     0.15544130E+002     0.21640118E+000     0.29107438E-004    -0.50024975E-006
     0.21682102E-001     0.53124342E-004    -0.38534260E-005     0.15586752E+002     0.22174369E+000     0.29052648E-004    -0.51011189E-006
     0.22049595E-001     0.52381445E-004    -0.39739423E-005     0.15630429E+002     0.22718970E+000     0.28996689E-004    -0.52003401E-006
     0.22417088E-001     0.51614840E-004    -0.40982668E-005     0.15675182E+002     0.23274314E+000     0.28939549E-004    -0.53001650E-006
     0.22784582E-001     0.50823757E-004    -0.42265717E-005     0.15721032E+002     0.23840808E+000     0.28881218E-004    -0.54005967E-006
     0.23152075E-001     0.50007397E-004    -0.43590376E-005     0.15768001E+002     0.24418876E+000     0.28821685E-004    -0.55016374E-006
     0.23519568E-001     0.49164918E-004    -0.44958541E-005     0.15816113E+002     0.25008963E+000     0.28760938E-004    -0.56032882E-006
     0.23887062E-001     0.48295444E-004    -0.46372216E-005     0.15865391E+002     0.25611529E+000     0.28698966E-004    -0.57055494E-006
     0.24254555E-001     0.47398055E-004    -0.47833515E-005     0.15915862E+002     0.26227059E+000     0.28635758E-004    -0.58084198E-006
     0.24622048E-001     0.46471792E-004    -0.49344675E-005     0.15967550E+002     0.26856057E+000     0.28571303E-004    -0.59118973E-006
     0.24989541E-001     0.45515647E-004    -0.50908052E-005     0.16020484E+002     0.27499050E+000     0.28505590E-004    -0.60159780E-006
     0.25357035E-001     0.44528571E-004    -0.52526133E-005     0.16074690E+002     0.28156589E+000     0.28438608E-004    -0.61206566E-006
     0.25724528E-001     0.43509461E-004    -0.54201539E-005     0.16130199E+002     0.28829252E+000     0.28370346E-004    -0.62259263E-006
     0.26092021E-001     0.42457164E-004    -0.55937038E-005     0.16187040E+002     0.29517642E+000     0.28300794E-004    -0.63317782E-006
     0.26459514E-001     0.41370471E-004    -0.57735549E-005     0.16245246E+002     0.30222392E+000     0.28229941E-004    -0.64382015E-006
     0.26827008E-001     0.40248114E-004    -0.59600161E-005     0.16304849E+002     0.30944166E+000     0.28157777E-004    -0.65451832E-006
     0.27194501E-001     0.39088764E-004    -0.61534145E-005     0.16365883E+002     0.31683659E+000     0.28084292E-004    -0.66527080E-006
     0.27561994E-001     0.37891024E-004    -0.63540964E-005     0.16428383E+002     0.32441600E+000     0.28009477E-004    -0.67607576E-006
     0.27929487E-001     0.36653433E-004    -0.65624286E-005     0.16492388E+002     0.33218756E+000     0.27933322E-004    -0.68693115E-006
     0.28296981E-001     0.35374452E-004    -0.67788002E-005     0.16557934E+002     0.34015932E+000     0.27855819E-004    -0.69783456E-006
     0.28664474E-001     0.34052468E-004    -0.70036236E-005     0.16625063E+002     0.34833973E+000     0.27776959E-004    -0.70878326E-006
     0.29031967E-001     0.32685784E-004    -0.72373362E-005     0.16693816E+002     0.35673769E+000     0.27696736E-004    -0.71977414E-006
     0.29399460E-001     0.31272619E-004    -0.74804020E-005     0.16764237E+002     0.36536258E+000     0.27615141E-004    -0.73080372E-006
     0.29766954E-001     0.29811095E-004    -0.77333143E-005     0.16836372E+002     0.37422424E+000     0.27532169E-004    -0.74186804E-006
     0.30134447E-001     0.28299240E-004    -0.79965972E-005     0.16910267E+002     0.38333308E+000     0.27447813E-004    -0.75296269E-006
     0.30501940E-001     0.26734974E-004    -0.82708085E-005     0.16985972E+002     0.39270005E+000     0.27362071E-004    -0.76408271E-006
     0.30869433E-001     0.25116107E-004    -0.85565423E-005     0.17063539E+002     0.40233672E+000     0.27274937E-004    -0.77522259E-006
     0.31236927E-001     0.23440332E-004    -0.88544322E-005     0.17143022E+002     0.41225529E+000     0.27186410E-004    -0.78637619E-006
     0.31604420E-001     0.21705216E-004    -0.91651542E-005     0.17224478E+002     0.42246866E+000     0.27096489E-004    -0.79753669E-006
     0.31971913E-001     0.19908191E-004    -0.94894295E-005     0.17307964E+002     0.43299048E+000     0.27005173E-004    -0.80869653E-006
     0.32339406E-001     0.18046549E-004    -0.98280280E-005     0.17393544E+002     0.44383518E+000     0.26912465E-004    -0.81984732E-006
     0.32706900E-001     0.16117428E-004    -0.10181772E-004     0.17481281E+002     0.45501804E+000     0.26818367E-004    -0.83097980E-006
     0.33074393E-001     0.14117804E-004    -0.10551542E-004     0.17571244E+002     0.46655526E+000     0.26722885E-004    -0.84208372E-006
     0.33441886E-001     0.12044478E-004    -0.10938278E-004     0.17663502E+002     0.47846401E+000     0.26626027E-004    -0.85314777E-006
     0.33809379E-001     0.98940649E-005    -0.11342989E-004     0.17758131E+002     0.49076252E+000     0.26527802E-004    -0.86415948E-006
     0.34176873E-001     0.76629811E-005    -0.11766757E-004     0.17855208E+002     0.50347016E+000     0.26428221E-004    -0.87510508E-006
     0.34544366E-001     0.53474289E-005    -0.12210742E-004     0.17954814E+002     0.51660751E+000     0.26327301E-004    -0.88596942E-006
     0.34911859E-001     0.29433820E-005    -0.12676193E-004     0.18057036E+002     0.53019647E+000     0.26225058E-004    -0.89673581E-006
     0.35279352E-001     0.44656875E-006    -0.13164451E-004     0.18161964E+002     0.54426036E+000     0.26121514E-004    -0.90738587E-006
     0.35646846E-001    -0.21475454E-005    -0.13676960E-004     0.18269692E+002     0.55882404E+000     0.26016694E-004    -0.91789936E-006
     0.36014339E-001    -0.48437779E-005    -0.14215275E-004     0.18380319E+002     0.57391402E+000     0.25910626E-004    -0.92825402E-006
     0.36381832E-001    -0.76472512E-005    -0.14781071E-004     0.18493952E+002     0.58955863E+000     0.25803343E-004    -0.93842535E-006
     0.36749325E-001    -0.10563417E-004    -0.15376158E-004     0.18610699E+002     0.60578811E+000     0.25694884E-004    -0.94838638E-006
     0.37116819E-001    -0.13598081E-004    -0.16002491E-004     0.18730678E+002     0.62263486E+000     0.25585291E-004    -0.95810743E-006
     0.37484312E-001    -0.16757433E-004    -0.16662184E-004     0.18854012E+002     0.64013354E+000     0.25474614E-004    -0.96755583E-006
     0.37851805E-001    -0.20048073E-004    -0.17357530E-004     0.18980829E+002     0.65832131E+000     0.25362908E-004    -0.97669560E-006
     0.38219298E-001    -0.23477048E-004    -0.18091011E-004     0.19111267E+002     0.67723808E+000     0.25250236E-004    -0.98548715E-006
     0.38586792E-001    -0.27051887E-004    -0.18865325E-004     0.19245471E+002     0.69692669E+000     0.25136668E-004    -0.99388684E-006
     0.38954285E-001    -0.30780644E-004    -0.19683400E-004     0.19383593E+002     0.71743324E+000     0.25022281E-004    -0.10018466E-005
     0.39321778E-001    -0.34671939E-004    -0.20548424E-004     0.19525796E+002     0.73880735E+000     0.24907166E-004    -0.10093134E-005
     0.39689271E-001    -0.38735011E-004    -0.21463869E-004     0.19672251E+002     0.76110255E+000     0.24791419E-004    -0.10162287E-005
     0.40056765E-001    -0.42979770E-004    -0.22433525E-004     0.19823142E+002     0.78437659E+000     0.24675150E-004    -0.10225280E-005
     0.40424258E-001    -0.47416856E-004    -0.23461532E-004     0.19978660E+002     0.80869189E+000     0.24558482E-004    -0.10281401E-005
     0.40791751E-001    -0.52057705E-004    -0.24552421E-004     0.20139013E+002     0.83411601E+000     0.24441549E-004    -0.10329862E-005
     0.41159244E-001    -0.56914620E-004    -0.25711154E-004     0.20304418E+002     0.86072216E+000     0.24324504E-004    -0.10369790E-005
     0.41526738E-001    -0.62000853E-004    -0.26943176E-004     0.20475109E+002     0.88858977E+000     0.24207513E-004    -0.10400223E-005
     0.41894231E-001    -0.67330697E-004    -0.28254471E-004     0.20651335E+002     0.91780518E+000     0.24090762E-004    -0.10420092E-005
     0.42261724E-001    -0.72919582E-004    -0.29651622E-004     0.20833359E+002     0.94846235E+000     0.23974459E-004    -0.10428211E-005
     0.42629217E-001    -0.78784192E-004    -0.31141892E-004     0.21021466E+002     0.98066370E+000     0.23858831E-004    -0.10423267E-005
     0.42996711E-001    -0.84942583E-004    -0.32733300E-004     0.21215957E+002     0.10145210E+001     0.23744132E-004    -0.10403799E-005
     0.43364204E-001    -0.91414326E-004    -0.34434720E-004     0.21417158E+002     0.10501566E+001     0.23630645E-004    -0.10368180E-005
     0.43731697E-001    -0.98220658E-004    -0.36255991E-004     0.21625416E+002     0.10877045E+001     0.23518681E-004    -0.10314603E-005
     0.44099190E-001    -0.10538466E-003    -0.38208042E-004     0.21841104E+002     0.11273115E+001     0.23408586E-004    -0.10241048E-005
     0.44466684E-001    -0.11293143E-003    -0.40303033E-004     0.22064623E+002     0.11691393E+001     0.23300744E-004    -0.10145264E-005
     0.44834177E-001    -0.12088836E-003    -0.42554524E-004     0.22296404E+002     0.12133659E+001     0.23195582E-004    -0.10024729E-005
     0.45201670E-001    -0.12928531E-003    -0.44977672E-004     0.22536914E+002     0.12601877E+001     0.23093572E-004    -0.98766247E-006
     0.45569163E-001    -0.13815494E-003    -0.47589451E-004     0.22786653E+002     0.13098220E+001     0.22995238E-004    -0.96977856E-006
     0.45936657E-001    -0.14753302E-003    -0.50408918E-004     0.23046166E+002     0.13625095E+001     0.22901165E-004    -0.94846578E-006
     0.46304150E-001    -0.15745877E-003    -0.53457522E-004     0.23316039E+002     0.14185177E+001     0.22812001E-004    -0.92332412E-006
     0.46671643E-001    -0.16797528E-003    -0.56759463E-004     0.23596909E+002     0.14781443E+001     0.22728467E-004    -0.89390261E-006
     0.47039137E-001    -0.17912997E-003    -0.60342117E-004     0.23889470E+002     0.15417216E+001     0.22651367E-004    -0.85969179E-006
     0.47406630E-001    -0.19097516E-003    -0.64236541E-004     0.24194473E+002     0.16096213E+001     0.22581596E-004    -0.82011498E-006
     0.47774123E-001    -0.20356861E-003    -0.68478063E-004     0.24512740E+002     0.16822605E+001     0.22520153E-004    -0.77451795E-006
     0.48141616E-001    -0.21697428E-003    -0.73106996E-004     0.24845167E+002     0.17601082E+001     0.22468153E-004    -0.72215683E-006
     0.48509110E-001    -0.23126307E-003    -0.78169484E-004     0.25192734E+002     0.18436935E+001     0.22426842E-004    -0.66218374E-006
     0.48876603E-001    -0.24651382E-003    -0.83718519E-004     0.25556517E+002     0.19336153E+001     0.22397616E-004    -0.59362984E-006
     0.49244096E-001    -0.26281428E-003    -0.89815166E-004     0.25937695E+002     0.20305529E+001     0.22382037E-004    -0.51538500E-006
     0.49611589E-001    -0.28026242E-003    -0.96530047E-004     0.26337567E+002     0.21352800E+001     0.22381861E-004    -0.42617362E-006
     0.49979083E-001    -0.29896780E-003    -0.10394515E-003     0.26757566E+002     0.22486810E+001     0.22399056E-004    -0.32452554E-006
     0.50346576E-001    -0.31905322E-003    -0.11215603E-003     0.27199277E+002     0.23717696E+001     0.22435842E-004    -0.20874090E-006
     0.50714069E-001    -0.34065663E-003    -0.12127454E-003     0.27664453E+002     0.25057131E+001     0.22494717E-004    -0.76847623E-007
     0.51081562E-001    -0.36393336E-003    -0.13143213E-003     0.28155042E+002     0.26518605E+001     0.22578502E-004     0.73450395E-007
     0.51449056E-001    -0.38905866E-003    -0.14278407E-003     0.28673213E+002     0.28117777E+001     0.22690383E-004     0.24483670E-006
     0.51816549E-001    -0.41623071E-003    -0.15551461E-003     0.29221383E+002     0.29872900E+001     0.22833973E-004     0.44046034E-006
     0.52184042E-001    -0.44567403E-003    -0.16984354E-003     0.29802256E+002     0.31805355E+001     0.23013363E-004     0.66403243E-006
     0.52551535E-001    -0.47764350E-003    -0.18603443E-003     0.30418862E+002     0.33940310E+001     0.23233205E-004     0.91994647E-006
     0.52919029E-001    -0.51242890E-003    -0.20440521E-003     0.31074603E+002     0.36307546E+001     0.23498787E-004     0.12134290E-005
     0.53286522E-001    -0.55036005E-003    -0.22534162E-003     0.31773309E+002     0.38942493E+001     0.23816134E-004     0.15507294E-005
     0.53654015E-001    -0.59181266E-003    -0.24931472E-003     0.32519296E+002     0.41887556E+001     0.24192116E-004     0.19393615E-005
     0.54021508E-001    -0.63721457E-003    -0.27690358E-003     0.33317439E+002     0.45193796E+001     0.24634571E-004     0.23884114E-005
     0.54389002E-001    -0.68705235E-003    -0.30882511E-003     0.34173248E+002     0.48923106E+001     0.25152448E-004     0.29089355E-005
     0.54756495E-001    -0.74187764E-003    -0.34597340E-003     0.35092951E+002     0.53151022E+001     0.25755951E-004     0.35144755E-005
     0.55123988E-001    -0.80231223E-003    -0.38947227E-003     0.36083583E+002     0.57970410E+001     0.26456702E-004     0.42217336E-005
     0.55491481E-001    -0.86905006E-003    -0.44074584E-003     0.37153071E+002     0.63496324E+001     0.27267888E-004     0.50514630E-005
     0.55858975E-001    -0.94285275E-003    -0.50161397E-003     0.38310298E+002     0.69872462E+001     0.28204380E-004     0.60296515E-005
     0.56226468E-001    -0.10245327E-002    -0.57442260E-003     0.39565133E+002     0.77279824E+001     0.29282772E-004     0.71891092E-005
     0.56593961E-001    -0.11149133E-002    -0.66222252E-003     0.40928364E+002     0.85948402E+001     0.30521261E-004     0.85716126E-005
     0.56961454E-001    -0.12147470E-002    -0.76901584E-003     0.42411470E+002     0.96173068E+001     0.31939212E-004     0.10230821E-004
     0.57328948E-001    -0.13245584E-002    -0.90009627E-003     0.44026071E+002     0.10833529E+002     0.33556140E-004     0.12236259E-004
     0.57696441E-001    -0.14443522E-002    -0.10625169E-002     0.45782809E+002     0.12293286E+002     0.35389635E-004     0.14678776E-004
     0.58063934E-001    -0.15730794E-002    -0.12657239E-002     0.47689178E+002     0.14062040E+002     0.37451358E-004     0.17677977E-004
     0.58431427E-001    -0.17076711E-002    -0.15223881E-002     0.49745485E+002     0.16226394E+002     0.39739577E-004     0.21392233E-004
     0.58798921E-001    -0.18412992E-002    -0.18494138E-002     0.51937443E+002     0.18901184E+002     0.42225505E-004     0.26031690E-004
     0.59166414E-001    -0.19602756E-002    -0.22689456E-002     0.54222787E+002     0.22238040E+002     0.44828614E-004     0.31873932E-004
     0.59533907E-001    -0.20386231E-002    -0.28087307E-002     0.56507473E+002     0.26433841E+002     0.47372750E-004     0.39279378E-004
     0.59901400E-001    -0.20289401E-002    -0.35000453E-002     0.58604506E+002     0.31733736E+002     0.49510254E-004     0.48696515E-004
     0.60268894E-001    -0.18483709E-002    -0.43687589E-002     0.60166679E+002     0.38414295E+002     0.50598113E-004     0.60630203E-004
     0.60636387E-001    -0.13616198E-002    -0.54101104E-002     0.60589894E+002     0.46713374E+002     0.49520355E-004     0.75511212E-004
     0.61003880E-001    -0.37540388E-003    -0.65320721E-002     0.58916048E+002     0.56644317E+002     0.44511072E-004     0.93351915E-004
     0.61371373E-001     0.13099399E-002    -0.74608921E-002     0.53861421E+002     0.67626977E+002     0.33212376E-004     0.11306472E-003
     0.61738867E-001     0.37115136E-002    -0.76716623E-002     0.44254021E+002     0.78017156E+002     0.13491770E-004     0.13159926E-003
     0.62106360E-001     0.63477377E-002    -0.65607788E-002     0.30093692E+002     0.85078652E+002    -0.14594366E-004     0.14391284E-003
     0.62473853E-001     0.81864729E-002    -0.40350248E-002     0.13559278E+002     0.86223319E+002    -0.46966019E-004     0.14529357E-003
     0.62841346E-001     0.83687610E-002    -0.96694549E-003    -0.16740530E+001     0.81006101E+002    -0.76846120E-004     0.13503642E-003
     0.63208840E-001     0.70691461E-002     0.14123963E-002    -0.12766003E+002     0.71529595E+002    -0.99092317E-004     0.11710433E-003
     0.63576333E-001     0.52223686E-002     0.25617769E-002    -0.19086234E+002     0.60691057E+002    -0.11265612E-003     0.96827318E-004
     0.63943826E-001     0.36019461E-002     0.27387941E-002    -0.21573588E+002     0.50529697E+002    -0.11931505E-003     0.77900879E-004
     0.64311319E-001     0.24700271E-002     0.24291154E-002    -0.21552501E+002     0.41922406E+002    -0.12149834E-003     0.61905735E-004
     0.64678813E-001     0.17737989E-002     0.19770116E-002    -0.20099830E+002     0.35001829E+002    -0.12117789E-003     0.49099796E-004
     0.65046306E-001     0.13774544E-002     0.15457880E-002    -0.17924291E+002     0.29582327E+002    -0.11967903E-003     0.39171915E-004
     0.65413799E-001     0.11640441E-002     0.11889218E-002    -0.15445290E+002     0.25399366E+002    -0.11781389E-003     0.31653704E-004
     0.65781292E-001     0.10549981E-002     0.91086599E-003    -0.12897306E+002     0.22208912E+002    -0.11605246E-003     0.26107798E-004
     0.66148786E-001     0.10028048E-002     0.69896480E-003    -0.10409456E+002     0.19816784E+002    -0.11467317E-003     0.22201799E-004
     0.66516279E-001     0.98069360E-003     0.53690639E-003    -0.80583670E+001     0.18079165E+002    -0.11388376E-003     0.19715619E-004
     0.66883772E-001     0.97518582E-003     0.40996450E-003    -0.59032671E+001     0.16891509E+002    -0.11391455E-003     0.18508967E-004
     0.67251265E-001     0.98094555E-003     0.30727643E-003    -0.40100641E+001     0.16169315E+002    -0.11509309E-003     0.18450596E-004
     0.67618759E-001     0.99671255E-003     0.22245733E-003    -0.24633193E+001     0.15817524E+002    -0.11788117E-003     0.19283175E-004
     0.67986252E-001     0.10224147E-002     0.15294675E-003    -0.13516717E+001     0.15688904E+002    -0.12278519E-003     0.20421816E-004
     0.68353745E-001     0.10572518E-002     0.98976600E-004    -0.70535158E+000     0.15558077E+002    -0.13002060E-003     0.20829691E-004
     0.68721239E-001     0.10981289E-002     0.61881022E-004    -0.40647116E+000     0.15174806E+002    -0.13903810E-003     0.19305517E-004
     0.69088732E-001     0.11396508E-002     0.41258317E-004    -0.18469886E+000     0.14410360E+002    -0.14849851E-003     0.15253958E-004
     0.69456225E-001     0.11768176E-002     0.33273518E-004     0.23137298E+000     0.13348422E+002    -0.15706122E-003     0.91644220E-005
     0.69823718E-001     0.12077210E-002     0.32255875E-004     0.96104445E+000     0.12194043E+002    -0.16418312E-003     0.21385698E-005
     0.70191212E-001     0.12334405E-002     0.33354648E-004     0.19737782E+001     0.11123246E+002    -0.17010509E-003    -0.48945028E-005
     0.70558705E-001     0.12563851E-002     0.33515484E-004     0.31800407E+001     0.10223886E+002    -0.17537319E-003    -0.11484547E-004
     0.70926198E-001     0.12791902E-002     0.31018080E-004     0.44974259E+001     0.95159542E+001    -0.18049197E-003    -0.17547227E-004
     0.71293691E-001     0.13045897E-002     0.24826604E-004     0.58708785E+001     0.89870564E+001    -0.18582360E-003    -0.23173304E-004
     0.71661185E-001     0.13358415E-002     0.14392523E-004     0.72699640E+001     0.86155165E+001    -0.19160868E-003    -0.28507255E-004
     0.72028678E-001     0.13772744E-002     0.14642804E-006     0.86809405E+001     0.83809147E+001    -0.19801333E-003    -0.33694013E-004
     0.72396171E-001     0.14343882E-002    -0.15125328E-004     0.10100048E+002     0.82676931E+001    -0.20517071E-003    -0.38862781E-004
     0.72763664E-001     0.15123604E-002    -0.24253889E-004     0.11528983E+002     0.82657932E+001    -0.21321390E-003    -0.44128514E-004
     0.73131158E-001     0.16117696E-002    -0.15004729E-004     0.12971995E+002     0.83702068E+001    -0.22230468E-003    -0.49605334E-004
     0.73498651E-001     0.17234894E-002     0.25453018E-004     0.14433959E+002     0.85800469E+001    -0.23265997E-003    -0.55435981E-004
     0.73866144E-001     0.18297160E-002     0.10129526E-003     0.15919189E+002     0.88970726E+001    -0.24456781E-003    -0.61848837E-004
     0.74233637E-001     0.19136709E-002     0.20326117E-003     0.17431527E+002     0.93234737E+001    -0.25836085E-003    -0.69250690E-004
     0.74601131E-001     0.19687530E-002     0.31377244E-003     0.18977168E+002     0.98597841E+001    -0.27428676E-003    -0.78319988E-004
     0.74968624E-001     0.20006101E-002     0.41548280E-003     0.20570583E+002     0.10506465E+002    -0.29225696E-003    -0.89961504E-004
     0.75336117E-001     0.20243475E-002     0.49844178E-003     0.22238316E+002     0.11272848E+002    -0.31167690E-003    -0.10497041E-003
     0.75703610E-001     0.20576296E-002     0.56451268E-003     0.24012524E+002     0.12187924E+002    -0.33169917E-003    -0.12360546E-003
     0.76071104E-001     0.21123335E-002     0.62523952E-003     0.25918588E+002     0.13301013E+002    -0.35180253E-003    -0.14557276E-003
     0.76438597E-001     0.21914399E-002     0.69475155E-003     0.27970704E+002     0.14674756E+002    -0.37217719E-003    -0.17050576E-003
     0.76806090E-001     0.22918096E-002     0.78442112E-003     0.30175340E+002     0.16384081E+002    -0.39364800E-003    -0.19860525E-003
     0.77173583E-001     0.24084795E-002     0.90178110E-003     0.32531193E+002     0.18523879E+002    -0.41714747E-003    -0.23108668E-003
     0.77541077E-001     0.25374927E-002     0.10524835E-002     0.35020901E+002     0.21218604E+002    -0.44303916E-003    -0.27014265E-003
     0.77908570E-001     0.26761574E-002     0.12432390E-002     0.37595865E+002     0.24630798E+002    -0.47073279E-003    -0.31859654E-003
     0.78276063E-001     0.28213060E-002     0.14839931E-002     0.40151373E+002     0.28968995E+002    -0.49851747E-003    -0.37969570E-003
     0.78643556E-001     0.29665405E-002     0.17890514E-002     0.42483668E+002     0.34490196E+002    -0.52318131E-003    -0.45706376E-003
     0.79011050E-001     0.30982778E-002     0.21773600E-002     0.44219869E+002     0.41480798E+002    -0.53918474E-003    -0.55441711E-003
     0.79378543E-001     0.31895026E-002     0.26707561E-002     0.44719263E+002     0.50181149E+002    -0.53747902E-003    -0.67448309E-003
     0.79746036E-001     0.31913487E-002     0.32861701E-002     0.42977586E+002     0.60592429E+002    -0.50452514E-003    -0.81641861E-003
     0.80113529E-001     0.30288694E-002     0.40159480E-002     0.37659612E+002     0.72100898E+002    -0.42306734E-003    -0.97113691E-003
     0.80481023E-001     0.26177999E-002     0.47989819E-002     0.27541838E+002     0.82996418E+002    -0.27792279E-003    -0.11155373E-002
     0.80848516E-001     0.19144567E-002     0.55109566E-002     0.12597689E+002     0.90424584E+002    -0.69732442E-004    -0.12121274E-002
     0.81216009E-001     0.96554685E-003     0.60125656E-002    -0.49301557E+001     0.91641913E+002     0.17128516E-003    -0.12252692E-002
     0.81583502E-001    -0.11403143E-003     0.62281421E-002    -0.21182660E+002     0.86114536E+002     0.39392057E-003    -0.11486012E-002
     0.81950996E-001    -0.12205223E-002     0.61527672E-002    -0.33120037E+002     0.76014009E+002     0.55811747E-003    -0.10114969E-002
     0.82318489E-001    -0.22766990E-002     0.57917906E-002    -0.40028569E+002     0.64404744E+002     0.65488177E-003    -0.85494329E-003
     0.82685982E-001    -0.31842279E-002     0.51609208E-002    -0.42885622E+002     0.53466576E+002     0.69772329E-003    -0.70786980E-003
     0.83053475E-001    -0.38410588E-002     0.43422326E-002    -0.43099934E+002     0.44137504E+002     0.70573419E-003    -0.58240240E-003
     0.83420969E-001    -0.42155684E-002     0.34714964E-002    -0.41817935E+002     0.36549460E+002     0.69417059E-003    -0.47980173E-003
     0.83788462E-001    -0.43617846E-002     0.26613345E-002    -0.39783828E+002     0.30491615E+002     0.67255176E-003    -0.39694429E-003
     0.84155955E-001    -0.43673203E-002     0.19572528E-002    -0.37427898E+002     0.25675905E+002     0.64611841E-003    -0.33011599E-003
     0.84523448E-001    -0.43030290E-002     0.13503717E-002    -0.34986941E+002     0.21840764E+002     0.61782491E-003    -0.27628222E-003
     0.84890942E-001    -0.42064830E-002     0.80899439E-003    -0.32588515E+002     0.18773097E+002     0.58956018E-003    -0.23301742E-003
     0.85258435E-001    -0.40870480E-002     0.30003990E-003    -0.30297739E+002     0.16304861E+002     0.56255719E-003    -0.19822314E-003
     0.85625928E-001    -0.39337664E-002    -0.20194311E-003    -0.28143363E+002     0.14305722E+002     0.53749194E-003    -0.17006620E-003
     0.85993421E-001    -0.37193395E-002    -0.70875737E-003    -0.26133371E+002     0.12675697E+002     0.51460982E-003    -0.14704248E-003
     0.86360915E-001    -0.34051676E-002    -0.12078953E-002    -0.24264394E+002     0.11338537E+002     0.49390242E-003    -0.12799628E-003
     0.86728408E-001    -0.29591108E-002    -0.16496386E-002    -0.22527273E+002     0.10236268E+002     0.47525151E-003    -0.11206925E-003
     0.87095901E-001    -0.23914404E-002    -0.19518727E-002    -0.20910325E+002     0.93248852E+001     0.45851404E-003    -0.98625738E-004
     0.87463394E-001    -0.17814834E-002    -0.20462915E-002    -0.19401217E+002     0.85710218E+001     0.44356456E-003    -0.87183514E-004
     0.87830888E-001    -0.12452628E-002    -0.19384406E-002    -0.17988002E+002     0.79493899E+001     0.43031322E-003    -0.77355483E-004
     0.88198381E-001    -0.86152354E-003    -0.17083303E-002    -0.16659606E+002     0.74407639E+001     0.41870780E-003    -0.68797971E-004
     0.88565874E-001    -0.63845544E-003    -0.14520847E-002    -0.15405820E+002     0.70303874E+001     0.40871394E-003    -0.61160757E-004
     0.88933367E-001    -0.53688639E-003    -0.12363108E-002    -0.14216719E+002     0.67069848E+001     0.40025628E-003    -0.54057644E-004
     0.89300861E-001    -0.50262739E-003    -0.10890725E-002    -0.13081888E+002     0.64629188E+001     0.39314243E-003    -0.47111472E-004
     0.89668354E-001    -0.48753861E-003    -0.10057170E-002    -0.11990644E+002     0.62954422E+001     0.38707255E-003    -0.40074342E-004
     0.90035847E-001    -0.46486758E-003    -0.96135766E-003    -0.10933828E+002     0.62075068E+001     0.38178011E-003    -0.32881155E-004
     0.90403340E-001    -0.43326661E-003    -0.93185426E-003    -0.99056729E+001     0.62071425E+001     0.37715346E-003    -0.25542971E-004
     0.90770834E-001    -0.40280965E-003    -0.90912325E-003    -0.89047077E+001     0.63067185E+001     0.37321712E-003    -0.18001299E-004
     0.91138327E-001    -0.37815305E-003    -0.89747878E-003    -0.79348509E+001     0.65232350E+001     0.37004192E-003    -0.10056776E-004
     0.91505820E-001    -0.35553156E-003    -0.90163142E-003    -0.70082488E+001     0.68790125E+001     0.36766185E-003    -0.13445587E-005
     0.91873314E-001    -0.32910747E-003    -0.92219881E-003    -0.61506903E+001     0.74012028E+001     0.36597696E-003     0.86904857E-005
     0.92240807E-001    -0.29376454E-003    -0.95913389E-003    -0.54099065E+001     0.81176904E+001     0.36458493E-003     0.20787269E-004
     0.92608300E-001    -0.24106760E-003    -0.10125892E-002    -0.48656147E+001     0.90450330E+001     0.36255044E-003     0.35723570E-004
     0.92975793E-001    -0.15801195E-003    -0.10761752E-002    -0.46346133E+001     0.10162167E+002     0.35824136E-003     0.53963403E-004
     0.93343287E-001    -0.35540538E-004    -0.11321482E-002    -0.48525156E+001     0.11369618E+002     0.34935672E-003     0.75134443E-004
     0.93710780E-001     0.12202984E-003    -0.11580099E-002    -0.56102767E+001     0.12460219E+002     0.33329620E-003     0.97312144E-004
     0.94078273E-001     0.29810642E-003    -0.11373904E-002    -0.68614380E+001     0.13154045E+002     0.30840702E-003     0.11633044E-003
     0.94445766E-001     0.47043638E-003    -0.10643050E-002    -0.83740108E+001     0.13215606E+002     0.27628770E-003     0.12648895E-003
     0.94813260E-001     0.61610380E-003    -0.94429092E-003    -0.97937769E+001     0.12591205E+002     0.24293917E-003     0.12394686E-003
     0.95180753E-001     0.71820334E-003    -0.79418506E-003    -0.10811206E+002     0.11457494E+002     0.21581950E-003     0.11019729E-003
     0.95548246E-001     0.77197257E-003    -0.63622926E-003    -0.11308390E+002     0.10110586E+002     0.19904269E-003     0.91130104E-004
     0.95915739E-001     0.78480840E-003    -0.48929399E-003    -0.11350802E+002     0.87974217E+001     0.19187337E-003     0.72809597E-004
     0.96283233E-001     0.77038758E-003    -0.36293226E-003    -0.11076210E+002     0.76448227E+001     0.19085937E-003     0.58516999E-004
     0.96650726E-001     0.74104027E-003    -0.25768610E-003    -0.10609592E+002     0.66868287E+001     0.19262093E-003     0.48616442E-004
     0.97018219E-001     0.70417169E-003    -0.17009756E-003    -0.10037431E+002     0.59131272E+001     0.19524635E-003     0.42074172E-004
     0.97385712E-001     0.66360331E-003    -0.96506842E-004    -0.94132591E+001     0.53003866E+001     0.19808994E-003     0.37866537E-004
     0.97753206E-001     0.62123661E-003    -0.33501027E-004    -0.87696608E+001     0.48252261E+001     0.20102242E-003     0.35437648E-004
     0.98120699E-001     0.57711079E-003     0.21780206E-004    -0.81268769E+001     0.44676330E+001     0.20397480E-003     0.34567127E-004
     0.98488192E-001     0.53023381E-003     0.70684406E-004    -0.74977704E+001     0.42117169E+001     0.20681389E-003     0.35183529E-004
     0.98855685E-001     0.47993635E-003     0.11355527E-003    -0.68913631E+001     0.40458229E+001     0.20932120E-003     0.37266080E-004
     0.99223179E-001     0.42534447E-003     0.15097875E-003    -0.63157977E+001     0.39617640E+001     0.21117480E-003     0.40770840E-004
     0.99590672E-001     0.36383662E-003     0.18264705E-003    -0.57803443E+001     0.39529409E+001     0.21196212E-003     0.45523530E-004
     0.99958165E-001     0.29251064E-003     0.20465758E-003    -0.52955532E+001     0.40120209E+001     0.21130686E-003     0.51111244E-004
     0.10032566E+000     0.21232739E-003     0.21024013E-003    -0.48717639E+001     0.41304266E+001     0.20911586E-003     0.56944128E-004
     0.10069315E+000     0.12871879E-003     0.19469822E-003    -0.45201464E+001     0.43007273E+001     0.20566155E-003     0.62617763E-004
     0.10106064E+000     0.46422576E-004     0.15649433E-003    -0.42601728E+001     0.45148511E+001     0.20115532E-003     0.68193939E-004
     0.10142814E+000    -0.30662056E-004     0.90900455E-004    -0.41232860E+001     0.47483146E+001     0.19522909E-003     0.73784536E-004
     0.10179563E+000    -0.89524781E-004    -0.96427835E-005    -0.41326971E+001     0.49408084E+001     0.18721255E-003     0.78766033E-004
     0.10216312E+000    -0.10536742E-003    -0.14077715E-003    -0.42618444E+001     0.50068432E+001     0.17714789E-003     0.81723145E-004
     0.10253062E+000    -0.57783075E-004    -0.27617550E-003    -0.44181947E+001     0.48924347E+001     0.16634878E-003     0.81506893E-004
     0.10289811E+000     0.51414253E-004    -0.37724129E-003    -0.44943521E+001     0.46245455E+001     0.15660960E-003     0.78271379E-004
     0.10326560E+000     0.19417942E-003    -0.41239447E-003    -0.44375273E+001     0.42874905E+001     0.14898362E-003     0.73208651E-004
     0.10363310E+000     0.32678221E-003    -0.37470921E-003    -0.42607340E+001     0.39594479E+001     0.14351047E-003     0.67560042E-004
     0.10400059E+000     0.41206180E-003    -0.28684222E-003    -0.40066203E+001     0.36787027E+001     0.13969042E-003     0.62056856E-004
     0.10436808E+000     0.43738553E-003    -0.18632627E-003    -0.37125300E+001     0.34485371E+001     0.13700455E-003     0.56884119E-004
     0.10473558E+000     0.41417507E-003    -0.10477386E-003    -0.33957445E+001     0.32580863E+001     0.13525395E-003     0.51972418E-004
     0.10510307E+000     0.36461667E-003    -0.57055566E-004    -0.30580169E+001     0.31012696E+001     0.13450043E-003     0.47422672E-004
     0.10547056E+000     0.30852993E-003    -0.43566680E-004    -0.26992133E+001     0.29820905E+001     0.13467501E-003     0.43606213E-004
     0.10583806E+000     0.25858532E-003    -0.58109724E-004    -0.23251770E+001     0.29081515E+001     0.13536606E-003     0.40862878E-004
     0.10620555E+000     0.22140666E-003    -0.93177627E-004    -0.19464120E+001     0.28842179E+001     0.13596875E-003     0.39209760E-004
     0.10657304E+000     0.19936698E-003    -0.14236742E-003    -0.15741863E+001     0.29108060E+001     0.13597253E-003     0.38280405E-004
     0.10694054E+000     0.19252605E-003    -0.20213994E-003    -0.12180413E+001     0.29858026E+001     0.13521120E-003     0.37475519E-004
     0.10730803E+000     0.20180866E-003    -0.27255395E-003    -0.88564585E+000     0.31074909E+001     0.13394282E-003     0.36275414E-004
     0.10767552E+000     0.23262949E-003    -0.35530022E-003    -0.58650328E+000     0.32769098E+001     0.13263497E-003     0.34527003E-004
     0.10804302E+000     0.29654442E-003    -0.44886324E-003    -0.33827361E+000     0.34945862E+001     0.13159169E-003     0.32414287E-004
     0.10841051E+000     0.40907509E-003    -0.54248259E-003    -0.16818154E+000     0.37497525E+001     0.13081712E-003     0.30124694E-004
     0.10877800E+000     0.58266438E-003    -0.61112527E-003    -0.10271585E+000     0.40090055E+001     0.13024692E-003     0.27618834E-004
     0.10914550E+000     0.81380254E-003    -0.61557764E-003    -0.14659643E+000     0.42153849E+001     0.13001424E-003     0.24746694E-004
     0.10951299E+000     0.10684870E-002    -0.51596866E-003    -0.26109359E+000     0.43085721E+001     0.13045792E-003     0.21512832E-004
     0.10988048E+000     0.12838002E-002    -0.30059628E-003    -0.36682561E+000     0.42657963E+001     0.13190642E-003     0.18218846E-004
     0.11024798E+000     0.13994795E-002    -0.49830276E-005    -0.38827698E+000     0.41267084E+001     0.13442934E-003     0.15361447E-004
     0.11061547E+000     0.13938426E-002     0.30598428E-003    -0.30033508E+000     0.39660769E+001     0.13779363E-003     0.13360299E-004
     0.11098296E+000     0.12893021E-002     0.57547865E-003    -0.12958158E+000     0.38456830E+001     0.14167085E-003     0.12406309E-004
     0.11135046E+000     0.11302880E-002     0.77944629E-003     0.74433337E-001     0.37906387E+001     0.14582054E-003     0.12574951E-004
     0.11171795E+000     0.95376038E-003     0.92785029E-003     0.26656626E+000     0.37902494E+001     0.15004332E-003     0.13999954E-004
     0.11208544E+000     0.76765288E-003     0.10451762E-002     0.42581143E+000     0.38110938E+001     0.15400266E-003     0.16869645E-004
     0.11245294E+000     0.55231314E-003     0.11368799E-002     0.56359819E+000     0.38217532E+001     0.15717031E-003     0.21226920E-004
     0.11282043E+000     0.29827482E-003     0.11717583E-002     0.70754527E+000     0.38178021E+001     0.15902992E-003     0.26851531E-004
     0.11318792E+000     0.39728980E-004     0.11174110E-002     0.87020214E+000     0.38199118E+001     0.15920440E-003     0.33459346E-004
     0.11355542E+000    -0.17167668E-003     0.98341507E-003     0.10373431E+001     0.38461282E+001     0.15718991E-003     0.40797985E-004
     0.11392291E+000    -0.31055718E-003     0.81038430E-003     0.11856261E+001     0.38904388E+001     0.15219259E-003     0.48184210E-004
     0.11429040E+000    -0.38280064E-003     0.63589379E-003     0.13087477E+001     0.39268101E+001     0.14380194E-003     0.54053501E-004
     0.11465790E+000    -0.40749754E-003     0.48009593E-003     0.14279403E+001     0.39341387E+001     0.13290655E-003     0.56616617E-004
     0.11502539E+000    -0.40298425E-003     0.34900972E-003     0.15745081E+001     0.39186595E+001     0.12135998E-003     0.55156950E-004
     0.11539288E+000    -0.38285833E-003     0.24183204E-003     0.17621625E+001     0.39084517E+001     0.11067011E-003     0.50151251E-004
     0.11576038E+000    -0.35732576E-003     0.15396268E-003     0.19803481E+001     0.39292323E+001     0.10157790E-003     0.42313364E-004
     0.11612787E+000    -0.33133790E-003     0.76321997E-004     0.22081481E+001     0.39900845E+001     0.94572001E-004     0.32176694E-004
     0.11649536E+000    -0.29924294E-003     0.67582259E-006     0.24291002E+001     0.40850772E+001     0.90109241E-004     0.20360164E-004
     0.11686285E+000    -0.24880910E-003    -0.67983677E-004     0.26389720E+001     0.42023935E+001     0.88359881E-004     0.76386100E-005
     0.11723035E+000    -0.17920513E-003    -0.10852565E-003     0.28456653E+001     0.43356354E+001     0.89093547E-004    -0.53689755E-005
     0.11759784E+000    -0.11497168E-003    -0.10205719E-003     0.30615095E+001     0.44925444E+001     0.91914712E-004    -0.18505777E-004
     0.11796533E+000    -0.94935944E-004    -0.56425927E-004     0.32902537E+001     0.46975063E+001     0.96723304E-004    -0.32141166E-004
     0.11833283E+000    -0.14466872E-003    -0.82700686E-005     0.35120613E+001     0.49834545E+001     0.10421309E-003    -0.46822177E-004
     0.11870032E+000    -0.26342941E-003    -0.40354273E-005     0.36763825E+001     0.53712816E+001     0.11603190E-003    -0.62500804E-004
     0.11906781E+000    -0.42819909E-003    -0.87762985E-004     0.37117658E+001     0.58448992E+001     0.13430042E-003    -0.77642793E-004
     0.11943531E+000    -0.59178405E-003    -0.29778393E-003     0.35556818E+001     0.63337286E+001     0.16034295E-003    -0.88668133E-004
     0.11980280E+000    -0.67475108E-003    -0.65075928E-003     0.32015963E+001     0.67223171E+001     0.19275701E-003    -0.90577779E-004
     0.12017029E+000    -0.57486037E-003    -0.11100613E-002     0.27303009E+001     0.69082036E+001     0.22626731E-003    -0.79620902E-004
     0.12053779E+000    -0.20838986E-003    -0.15600300E-002     0.22706868E+001     0.68729750E+001     0.25368326E-003    -0.56508943E-004
     0.12090528E+000     0.41964999E-003    -0.18160459E-002     0.19143736E+001     0.66806945E+001     0.27015118E-003    -0.26476640E-004
     0.12127277E+000     0.11515967E-002    -0.17096397E-002     0.16848637E+001     0.64106999E+001     0.27540294E-003     0.42248160E-005
     0.12164027E+000     0.17188025E-002    -0.12354865E-002     0.15692533E+001     0.61184741E+001     0.27228539E-003     0.31671137E-004
     0.12200776E+000     0.19311332E-002    -0.60271226E-003     0.15414858E+001     0.58382145E+001     0.26379712E-003     0.54814066E-004
     0.12237525E+000     0.18252137E-002    -0.73031717E-004     0.15689417E+001     0.55816052E+001     0.25153330E-003     0.73719217E-004
     0.12274275E+000     0.15867969E-002     0.23709534E-003     0.16301778E+001     0.53366653E+001     0.23636107E-003     0.88020688E-004
     0.12311024E+000     0.13720842E-002     0.37297114E-003     0.17285207E+001     0.50876972E+001     0.21957610E-003     0.97028605E-004
     0.12347773E+000     0.12328047E-002     0.43096428E-003     0.18803233E+001     0.48359431E+001     0.20307271E-003     0.10057428E-003
     0.12384523E+000     0.11523238E-002     0.47640888E-003     0.20955351E+001     0.45991297E+001     0.18877125E-003     0.99492075E-004
     0.12421272E+000     0.11006118E-002     0.53222562E-003     0.23693548E+001     0.43991929E+001     0.17783539E-003     0.95468174E-004
     0.12458021E+000     0.10583402E-002     0.60130999E-003     0.26852939E+001     0.42502360E+001     0.17030686E-003     0.90247512E-004
     0.12494771E+000     0.10137810E-002     0.68201229E-003     0.30257346E+001     0.41536200E+001     0.16554740E-003     0.84930909E-004
     0.12531520E+000     0.95970272E-003     0.76924615E-003     0.33815688E+001     0.41037939E+001     0.16292321E-003     0.79962535E-004
     0.12568269E+000     0.89560812E-003     0.85848745E-003     0.37515926E+001     0.40991268E+001     0.16207460E-003     0.75550266E-004
     0.12605019E+000     0.82189917E-003     0.95216188E-003     0.41328524E+001     0.41450280E+001     0.16275068E-003     0.71926614E-004
     0.12641768E+000     0.73074521E-003     0.10549751E-002     0.45158194E+001     0.42462652E+001     0.16467900E-003     0.69280348E-004
     0.12678517E+000     0.60688907E-003     0.11635902E-002     0.48905255E+001     0.44018841E+001     0.16767047E-003     0.67715943E-004
     0.12715267E+000     0.43610579E-003     0.12608645E-002     0.52515862E+001     0.46108544E+001     0.17167812E-003     0.67428389E-004
     0.12752016E+000     0.21746953E-003     0.13169317E-002     0.55924559E+001     0.48779326E+001     0.17661260E-003     0.68871323E-004
     0.12788765E+000    -0.25017104E-004     0.13026854E-002     0.58979211E+001     0.52091161E+001     0.18205637E-003     0.72689575E-004
     0.12825515E+000    -0.24810263E-003     0.12146259E-002     0.61447030E+001     0.56044996E+001     0.18710129E-003     0.79449934E-004
     0.12862264E+000    -0.42077915E-003     0.10845451E-002     0.63024209E+001     0.60547726E+001     0.19036212E-003     0.89303045E-004
     0.12899013E+000    -0.55051310E-003     0.95249700E-003     0.63343008E+001     0.65308531E+001     0.19018808E-003     0.10160822E-003
     0.12935763E+000    -0.67065820E-003     0.83008094E-003     0.62153027E+001     0.69698026E+001     0.18521390E-003     0.11464593E-003
     0.12972512E+000    -0.80310322E-003     0.69468972E-003     0.59676319E+001     0.72855057E+001     0.17521502E-003     0.12581592E-003
     0.13009261E+000    -0.93760682E-003     0.51891057E-003     0.56753233E+001     0.74164270E+001     0.16171285E-003     0.13261096E-003
     0.13046011E+000    -0.10494029E-002     0.29839578E-003     0.54474575E+001     0.73699864E+001     0.14760789E-003     0.13394633E-003
     0.13082760E+000    -0.11275636E-002     0.45354393E-004     0.53608036E+001     0.72178429E+001     0.13578914E-003     0.13084367E-003
     0.13119509E+000    -0.11782459E-002    -0.23788064E-003     0.54304883E+001     0.70541084E+001     0.12762369E-003     0.12577230E-003
     0.13156258E+000    -0.12009240E-002    -0.57419525E-003     0.56169474E+001     0.69523058E+001     0.12254349E-003     0.12105759E-003
     0.13193008E+000    -0.11560048E-002    -0.99678271E-003     0.58554873E+001     0.69407688E+001     0.11899831E-003     0.11771580E-003
     0.13229757E+000    -0.95592080E-003    -0.15013211E-002     0.60895174E+001     0.70048685E+001     0.11570441E-003     0.11554428E-003
     0.13266506E+000    -0.51024571E-003    -0.19983342E-002     0.62879846E+001     0.71043077E+001     0.11210309E-003     0.11393748E-003
     0.13303256E+000     0.19074552E-003    -0.23238279E-002     0.64534922E+001     0.71883930E+001     0.10808968E-003     0.11238177E-003
     0.13340005E+000     0.10277045E-002    -0.23287543E-002     0.66287002E+001     0.72197658E+001     0.10380405E-003     0.11053484E-003
     0.13376754E+000     0.18044078E-002    -0.19796496E-002     0.68767068E+001     0.72065740E+001     0.99470992E-004     0.10832351E-003
     0.13413504E+000     0.23600906E-002    -0.13686170E-002     0.72362515E+001     0.72019043E+001     0.95125274E-004     0.10586501E-003
     0.13450253E+000     0.26268928E-002    -0.63621417E-003     0.77028103E+001     0.72667557E+001     0.90594852E-004     0.10318295E-003
     0.13487002E+000     0.26051639E-002     0.90537599E-004     0.82448212E+001     0.74445308E+001     0.85607987E-004     0.10014505E-003
     0.13523752E+000     0.23313820E-002     0.70236138E-003     0.88203802E+001     0.77588778E+001     0.79797256E-004     0.96251867E-004
     0.13560501E+000     0.18836572E-002     0.11032831E-002     0.93846925E+001     0.82153727E+001     0.73225962E-004     0.90362493E-004
     0.13597250E+000     0.13904203E-002     0.12416914E-002     0.98976722E+001     0.88032768E+001     0.67164225E-004     0.81320515E-004
     0.13634000E+000     0.99449907E-003     0.11496125E-002     0.10328337E+002     0.95032842E+001     0.63756455E-004     0.69153482E-004
     0.13670749E+000     0.79121837E-003     0.93673833E-003     0.10648928E+002     0.10291906E+002     0.64976295E-004     0.55364948E-004
     0.13707498E+000     0.79113359E-003     0.74361645E-003     0.10832262E+002     0.11131714E+002     0.71823725E-004     0.42953580E-004
     0.13744248E+000     0.91590897E-003     0.68444870E-003     0.10868475E+002     0.11963068E+002     0.82471223E-004     0.35869576E-004
     0.13780997E+000     0.10333195E-002     0.78635312E-003     0.10786741E+002     0.12719165E+002     0.91402009E-004     0.35193985E-004
     0.13817746E+000     0.10486946E-002     0.97354368E-003     0.10657446E+002     0.13356479E+002     0.94419164E-004     0.36015326E-004
     0.13854496E+000     0.96858346E-003     0.11537509E-002     0.10571544E+002     0.13879972E+002     0.94038475E-004     0.32124358E-004
     0.13891245E+000     0.84195300E-003     0.13039432E-002     0.10606515E+002     0.14348992E+002     0.96639453E-004     0.22694296E-004
     0.13927994E+000     0.67839275E-003     0.14416761E-002     0.10796628E+002     0.14858500E+002     0.10616293E-003     0.12036228E-004
     0.13964744E+000     0.45519924E-003     0.15595313E-002     0.11124873E+002     0.15506976E+002     0.12216382E-003     0.52967322E-005
     0.14001493E+000     0.16505311E-003     0.16188561E-002     0.11538424E+002     0.16372439E+002     0.14135172E-003     0.56768738E-005
     0.14038242E+000    -0.17063865E-003     0.15793364E-002     0.11970909E+002     0.17513456E+002     0.15969212E-003     0.13659933E-004
     0.14074992E+000    -0.51289127E-003     0.14086862E-002     0.12340376E+002     0.18989746E+002     0.17423492E-003     0.27652788E-004
     0.14111741E+000    -0.79492440E-003     0.10820353E-002     0.12511576E+002     0.20858287E+002     0.18367610E-003     0.45705604E-004
     0.14148490E+000    -0.90923406E-003     0.62194808E-003     0.12274615E+002     0.23110118E+002     0.18711963E-003     0.66515529E-004
     0.14185240E+000    -0.76530913E-003     0.15376317E-003     0.11404926E+002     0.25593014E+002     0.18304781E-003     0.88329185E-004
     0.14221989E+000    -0.40334797E-003    -0.13354257E-003     0.97908248E+001     0.28015456E+002     0.17061394E-003     0.10762445E-003
     0.14258738E+000    -0.15896493E-004    -0.14330783E-003     0.75160460E+001     0.30072829E+002     0.15172110E-003     0.12034685E-003
     0.14295488E+000     0.20519574E-003     0.25520569E-004     0.47952320E+001     0.31593749E+002     0.13052298E-003     0.12473769E-003
     0.14332237E+000     0.23767716E-003     0.17849026E-003     0.18197516E+001     0.32560940E+002     0.11045701E-003     0.12201775E-003
     0.14368986E+000     0.20963622E-003     0.21522575E-003    -0.13300710E+001     0.32989641E+002     0.92561438E-004     0.11392860E-003
     0.14405736E+000     0.23795461E-003     0.18554972E-003    -0.45983130E+001     0.32800078E+002     0.77297962E-004     0.10057915E-003
     0.14442485E+000     0.32730000E-003     0.18520721E-003    -0.77962970E+001     0.31880447E+002     0.66859178E-004     0.81942145E-004
     0.14479234E+000     0.41448777E-003     0.24740374E-003    -0.10633389E+002     0.30267796E+002     0.63791993E-004     0.60379127E-004
     0.14515984E+000     0.45575969E-003     0.34308038E-003    -0.12893522E+002     0.28172421E+002     0.68154745E-004     0.39573903E-004
     0.14552733E+000     0.44877329E-003     0.43422936E-003    -0.14514192E+002     0.25852126E+002     0.77945647E-004     0.21595154E-004
     0.14589482E+000     0.41152465E-003     0.49911393E-003    -0.15538071E+002     0.23520511E+002     0.91672632E-004     0.66117648E-005
     0.14626232E+000     0.36568221E-003     0.53296126E-003    -0.16060549E+002     0.21340703E+002     0.10913122E-003    -0.52196146E-005
     0.14662981E+000     0.32708997E-003     0.54292508E-003    -0.16223128E+002     0.19423035E+002     0.13018800E-003    -0.12738040E-004
     0.14699730E+000     0.30304330E-003     0.53995672E-003    -0.16186665E+002     0.17794974E+002     0.15363968E-003    -0.14493350E-004
     0.14736479E+000     0.29523673E-003     0.53483329E-003    -0.16072826E+002     0.16412070E+002     0.17759018E-003    -0.99706958E-005
     0.14773229E+000     0.30030245E-003     0.53853224E-003    -0.15948782E+002     0.15211345E+002     0.20073683E-003     0.66479519E-006
     0.14809978E+000     0.30641251E-003     0.55902254E-003    -0.15856756E+002     0.14131097E+002     0.22194759E-003     0.18090231E-004
     0.14846727E+000     0.29671811E-003     0.59042555E-003    -0.15815629E+002     0.13092047E+002     0.23795879E-003     0.43189039E-004
     0.14883477E+000     0.26845290E-003     0.61218200E-003    -0.15786775E+002     0.12010777E+002     0.24361709E-003     0.73310723E-004
     0.14920226E+000     0.24084051E-003     0.61343654E-003    -0.15677754E+002     0.10858557E+002     0.23717712E-003     0.10096435E-003
     0.14956975E+000     0.23096151E-003     0.60842754E-003    -0.15408830E+002     0.96881125E+001     0.22405584E-003     0.11981049E-003
     0.14993725E+000     0.23218010E-003     0.61883322E-003    -0.14967670E+002     0.85870187E+001     0.21168609E-003     0.13065667E-003
     0.15030474E+000     0.22009784E-003     0.64873263E-003    -0.14398097E+002     0.76174989E+001     0.20263392E-003     0.13844486E-003
     0.15067223E+000     0.17649245E-003     0.67597895E-003    -0.13758073E+002     0.67987378E+001     0.19524712E-003     0.14613154E-003
     0.15103973E+000     0.11170317E-003     0.66885121E-003    -0.13092911E+002     0.61218172E+001     0.18804173E-003     0.15378266E-003
     0.15140722E+000     0.61113475E-004     0.61658850E-003    -0.12430929E+002     0.55684934E+001     0.18109968E-003     0.16126532E-003
     0.15177471E+000     0.56106612E-004     0.54137611E-003    -0.11789691E+002     0.51206433E+001     0.17447436E-003     0.16960769E-003
     0.15214221E+000     0.10001272E-003     0.48089649E-003    -0.11181578E+002     0.47608105E+001     0.16678023E-003     0.18009236E-003
     0.15250970E+000     0.16819297E-003     0.46088755E-003    -0.10614248E+002     0.44706637E+001     0.15526123E-003     0.19265723E-003
     0.15287719E+000     0.22867535E-003     0.47933125E-003    -0.10089333E+002     0.42323816E+001     0.13717293E-003     0.20473737E-003
     0.15324469E+000     0.26601942E-003     0.51323708E-003    -0.96034575E+001     0.40312763E+001     0.11208601E-003     0.21149178E-003
     0.15361218E+000     0.28946218E-003     0.54004554E-003    -0.91503172E+001     0.38563779E+001     0.83586516E-004     0.20831035E-003
     0.15397967E+000     0.32303298E-003     0.55567818E-003    -0.87209761E+001     0.37008426E+001     0.57959295E-004     0.19423466E-003
     0.15434717E+000     0.38714299E-003     0.58059303E-003    -0.83057657E+001     0.35645798E+001     0.40367229E-004     0.17269977E-003
     0.15471466E+000     0.47913863E-003     0.65232227E-003    -0.78999976E+001     0.34539499E+001     0.32432117E-004     0.14894136E-003
     0.15508215E+000     0.56120890E-003     0.80313241E-003    -0.75070953E+001     0.33757127E+001     0.32814446E-004     0.12730513E-003
     0.15544965E+000     0.56986209E-003     0.10279328E-002    -0.71353631E+001     0.33318449E+001     0.38789916E-004     0.11037676E-003
     0.15581714E+000     0.45762215E-003     0.12675919E-002    -0.67941114E+001     0.33193469E+001     0.47237979E-004     0.99063404E-004
     0.15618463E+000     0.23744353E-003     0.14430742E-002    -0.64928735E+001     0.33305625E+001     0.55330259E-004     0.92727043E-004
     0.15655213E+000    -0.29577188E-004     0.15141247E-002    -0.62394071E+001     0.33503895E+001     0.61198462E-004     0.89589665E-004
     0.15691962E+000    -0.28578821E-003     0.14917137E-002    -0.60314928E+001     0.33560339E+001     0.64294110E-004     0.87406734E-004
     0.15728711E+000    -0.50458911E-003     0.14101914E-002    -0.58495768E+001     0.33279513E+001     0.65417166E-004     0.84241688E-004
     0.15765461E+000    -0.69032287E-003     0.12998019E-002    -0.56645743E+001     0.32654555E+001     0.66227770E-004     0.79239089E-004
     0.15802210E+000    -0.86340586E-003     0.11665555E-002    -0.54575177E+001     0.31871313E+001     0.68269390E-004     0.72802806E-004
     0.15838959E+000    -0.10333155E-002     0.98866189E-003    -0.52289208E+001     0.31141917E+001     0.72326904E-004     0.66014285E-004
     0.15875709E+000    -0.11770510E-002     0.73562650E-003    -0.49904784E+001     0.30559943E+001     0.78419178E-004     0.60051104E-004
     0.15912458E+000    -0.12368771E-002     0.40084787E-003    -0.47509336E+001     0.30090597E+001     0.85924127E-004     0.55861408E-004
     0.15949207E+000    -0.11497569E-002     0.32664958E-004    -0.45084833E+001     0.29669506E+001     0.93786563E-004     0.53822146E-004
     0.15985957E+000    -0.90203837E-003    -0.27431805E-003    -0.42551354E+001     0.29306906E+001     0.10102437E-003     0.53585908E-004
     0.16022706E+000    -0.55212238E-003    -0.43806215E-003    -0.39867550E+001     0.29093578E+001     0.10715605E-003     0.54415769E-004
     0.16059455E+000    -0.19158832E-003    -0.43756201E-003    -0.37071071E+001     0.29125763E+001     0.11215864E-003     0.55610772E-004
     0.16096205E+000     0.10948266E-003    -0.30600695E-003    -0.34238146E+001     0.29450816E+001     0.11625134E-003     0.56625790E-004
     0.16132954E+000     0.31893661E-003    -0.89639036E-004    -0.31435370E+001     0.30079049E+001     0.11982493E-003     0.57048502E-004
     0.16169703E+000     0.42052508E-003     0.17042976E-003    -0.28719774E+001     0.31017040E+001     0.12344412E-003     0.56658433E-004
     0.16206453E+000     0.41073525E-003     0.42510698E-003    -0.26163040E+001     0.32267133E+001     0.12776391E-003     0.55532937E-004
     0.16243202E+000     0.31692508E-003     0.63047279E-003    -0.23854312E+001     0.33805227E+001     0.13338461E-003     0.54082377E-004
     0.16279951E+000     0.17814696E-003     0.77570721E-003    -0.21889141E+001     0.35564451E+001     0.14071455E-003     0.53046832E-004
     0.16316700E+000     0.12991355E-004     0.86802753E-003    -0.20346571E+001     0.37411885E+001     0.14976516E-003     0.53473434E-004
     0.16353450E+000    -0.17208273E-003     0.90353438E-003    -0.19221328E+001     0.39145869E+001     0.15983447E-003     0.56513185E-004
     0.16390199E+000    -0.35877938E-003     0.87120287E-003    -0.18363738E+001     0.40581023E+001     0.16931913E-003     0.62800557E-004
     0.16426948E+000    -0.51788903E-003     0.77300711E-003    -0.17528796E+001     0.41658746E+001     0.17627082E-003     0.71628482E-004
     0.16463698E+000    -0.62517210E-003     0.62672166E-003    -0.16484164E+001     0.42466965E+001     0.17967544E-003     0.80989268E-004
     0.16500447E+000    -0.66605697E-003     0.45768080E-003    -0.15076324E+001     0.43192359E+001     0.18006961E-003     0.88742773E-004
     0.16537196E+000    -0.63699393E-003     0.29825812E-003    -0.13252281E+001     0.44065905E+001     0.17901579E-003     0.93543772E-004
     0.16573946E+000    -0.55463866E-003     0.18104600E-003    -0.11050491E+001     0.45319261E+001     0.17844808E-003     0.95010077E-004
     0.16610695E+000    -0.45221387E-003     0.12083758E-003    -0.85879667E+000     0.47174046E+001     0.18027750E-003     0.93649041E-004
     0.16647444E+000    -0.35987820E-003     0.10910532E-003    -0.60812582E+000     0.49826121E+001     0.18616071E-003     0.90738822E-004
     0.16684194E+000    -0.29158490E-003     0.12779366E-003    -0.38564606E+000     0.53381933E+001     0.19736376E-003     0.88390940E-004
     0.16720943E+000    -0.25164146E-003     0.16414320E-003    -0.22947300E+000     0.57784236E+001     0.21413790E-003     0.89749669E-004
     0.16757692E+000    -0.24832234E-003     0.20658705E-003    -0.17252771E+000     0.62796853E+001     0.23463240E-003     0.98275586E-004
     0.16794442E+000    -0.28779204E-003     0.22881729E-003    -0.23445806E+000     0.68072477E+001     0.25482257E-003     0.11596765E-003
     0.16831191E+000    -0.35079403E-003     0.19515177E-003    -0.42192152E+000     0.73227454E+001     0.26996949E-003     0.14204799E-003
     0.16867940E+000    -0.38800815E-003     0.88954495E-004    -0.72997213E+000     0.77840351E+001     0.27664818E-003     0.17302494E-003
     0.16904690E+000    -0.34031959E-003    -0.66182043E-004    -0.11327755E+001     0.81453587E+001     0.27433104E-003     0.20421891E-003
     0.16941439E+000    -0.16928089E-003    -0.20145206E-003    -0.15724707E+001     0.83768398E+001     0.26534803E-003     0.23217792E-003
     0.16978188E+000     0.10645126E-003    -0.22026256E-003    -0.19772614E+001     0.84966696E+001     0.25291334E-003     0.25616885E-003
     0.17014938E+000     0.39159711E-003    -0.50356107E-004    -0.23101164E+001     0.85708846E+001     0.23893163E-003     0.27752018E-003
     0.17051687E+000     0.54884265E-003     0.29428316E-003    -0.25940204E+001     0.86665096E+001     0.22329124E-003     0.29777152E-003
     0.17088436E+000     0.47999074E-003     0.70123315E-003    -0.28867445E+001     0.88099187E+001     0.20469218E-003     0.31724158E-003
     0.17125186E+000     0.18627611E-003     0.10194360E-002    -0.32433859E+001     0.89838149E+001     0.18197396E-003     0.33465261E-003
     0.17161935E+000    -0.23917133E-003     0.11352545E-002    -0.36964980E+001     0.91426828E+001     0.15537493E-003     0.34771549E-003
     0.17198684E+000    -0.65720736E-003     0.10154777E-002    -0.42466445E+001     0.92287917E+001     0.12707861E-003     0.35460119E-003
     0.17235434E+000    -0.94270471E-003     0.71950876E-003    -0.48597068E+001     0.91937740E+001     0.10032221E-003     0.35561646E-003
     0.17272183E+000    -0.10467370E-002     0.36236548E-003    -0.54830260E+001     0.90194285E+001     0.77081723E-004     0.35358265E-003
     0.17308932E+000    -0.10008618E-002     0.37127306E-004    -0.60716583E+001     0.87164566E+001     0.56132946E-004     0.35174881E-003
     0.17345682E+000    -0.85781554E-003    -0.21921170E-003    -0.65990990E+001     0.83054823E+001     0.33989022E-004     0.35060893E-003
     0.17382431E+000    -0.65247607E-003    -0.39548285E-003    -0.70493677E+001     0.78029001E+001     0.84563159E-005     0.34713239E-003
     0.17419180E+000    -0.41430017E-003    -0.47856574E-003    -0.74043825E+001     0.72214298E+001    -0.18998063E-004     0.33760110E-003
     0.17455930E+000    -0.18510538E-003    -0.46311663E-003    -0.76406426E+001     0.65821038E+001    -0.44548059E-004     0.32078902E-003
     0.17492679E+000    -0.85911178E-005    -0.36864790E-003    -0.77418883E+001     0.59221119E+001    -0.64889596E-004     0.29831279E-003
     0.17529428E+000     0.88917408E-004    -0.23601324E-003    -0.77126233E+001     0.52844888E+001    -0.78594254E-004     0.27290399E-003
     0.17566178E+000     0.10872826E-003    -0.11361338E-003    -0.75750852E+001     0.47022478E+001    -0.85673660E-004     0.24705099E-003
     0.17602927E+000     0.80606228E-004    -0.37014525E-004    -0.73577503E+001     0.41935189E+001    -0.86905255E-004     0.22270488E-003
     0.17639676E+000     0.44833324E-004    -0.13744905E-004    -0.70879491E+001     0.37647681E+001    -0.83564956E-004     0.20128394E-003
     0.17676426E+000     0.33388710E-004    -0.27508744E-004    -0.67893613E+001     0.34146070E+001    -0.77289463E-004     0.18355715E-003
     0.17713175E+000     0.59548190E-004    -0.47298579E-004    -0.64812429E+001     0.31362907E+001    -0.69799944E-004     0.16944644E-003
     0.17749924E+000     0.11004072E-003    -0.43356839E-004    -0.61777061E+001     0.29191435E+001    -0.62355665E-004     0.15799210E-003
     0.17786673E+000     0.15580720E-003    -0.97242199E-005    -0.58865214E+001     0.27510976E+001    -0.55174305E-004     0.14785932E-003
     0.17823423E+000     0.18046996E-003     0.36279412E-004    -0.56099191E+001     0.26222153E+001    -0.47506265E-004     0.13826878E-003
     0.17860172E+000     0.18794050E-003     0.79562193E-004    -0.53481748E+001     0.25268859E+001    -0.38497265E-004     0.12941900E-003
     0.17896921E+000     0.18377763E-003     0.11728406E-003    -0.51034227E+001     0.24620329E+001    -0.27840761E-004     0.12198527E-003
     0.17933671E+000     0.16732964E-003     0.14546214E-003    -0.48799071E+001     0.24234172E+001    -0.15623306E-004     0.11656714E-003
     0.17970420E+000     0.14362849E-003     0.15390142E-003    -0.46813204E+001     0.24039242E+001    -0.19943024E-005     0.11371338E-003
     0.18007169E+000     0.12844009E-003     0.13850014E-003    -0.45085191E+001     0.23946721E+001     0.12787080E-004     0.11414946E-003
     0.18043919E+000     0.13707816E-003     0.10894483E-003    -0.43585899E+001     0.23866111E+001     0.28093583E-004     0.11877020E-003
     0.18080668E+000     0.17503644E-003     0.82278962E-004    -0.42245175E+001     0.23729166E+001     0.42772108E-004     0.12844849E-003
     0.18117417E+000     0.23705499E-003     0.76688082E-004    -0.40969889E+001     0.23517075E+001     0.55008797E-004     0.14382176E-003
     0.18154167E+000     0.30459891E-003     0.10455399E-003    -0.39683416E+001     0.23267756E+001     0.62203160E-004     0.16482322E-003
     0.18190916E+000     0.35323741E-003     0.15815009E-003    -0.38360342E+001     0.23045994E+001     0.61248385E-004     0.18995646E-003
     0.18227665E+000     0.37772420E-003     0.21052387E-003    -0.37020477E+001     0.22897304E+001     0.49427137E-004     0.21571103E-003
     0.18264415E+000     0.40253852E-003     0.24641141E-003    -0.35690706E+001     0.22833587E+001     0.25817067E-004     0.23655972E-003
     0.18301164E+000     0.45288013E-003     0.28541832E-003    -0.34384678E+001     0.22854803E+001    -0.70470235E-005     0.24592884E-003
     0.18337913E+000     0.52184059E-003     0.36352601E-003    -0.33111739E+001     0.22963884E+001    -0.41897449E-004     0.23888130E-003
     0.18374663E+000     0.57197195E-003     0.49790665E-003    -0.31884091E+001     0.23163095E+001    -0.68383962E-004     0.21648446E-003
     0.18411412E+000     0.56264088E-003     0.67098452E-003    -0.30713834E+001     0.23452034E+001    -0.79337125E-004     0.18724053E-003
     0.18448161E+000     0.47637462E-003     0.84124623E-003    -0.29613612E+001     0.23832306E+001    -0.75572442E-004     0.16167223E-003
     0.18484911E+000     0.32618137E-003     0.96805198E-003    -0.28605571E+001     0.24307002E+001    -0.63740399E-004     0.14608533E-003
     0.18521660E+000     0.14172603E-003     0.10295194E-002    -0.27726081E+001     0.24866735E+001    -0.51551841E-004     0.14112825E-003
     0.18558409E+000    -0.47343809E-004     0.10198962E-002    -0.27011438E+001     0.25475257E+001    -0.44651120E-004     0.14323843E-003
     0.18595159E+000    -0.21095889E-003     0.94095419E-003    -0.26477155E+001     0.26076675E+001    -0.45040379E-004     0.14686185E-003
     0.18631908E+000    -0.31435354E-003     0.81078607E-003    -0.26117011E+001     0.26610393E+001    -0.50945876E-004     0.14706006E-003
     0.18668657E+000    -0.33824422E-003     0.67485896E-003    -0.25903280E+001     0.27010286E+001    -0.58368993E-004     0.14158220E-003
     0.18705407E+000    -0.30544397E-003     0.58153941E-003    -0.25771385E+001     0.27210147E+001    -0.63523753E-004     0.13119258E-003
     0.18742156E+000    -0.26342422E-003     0.54120523E-003    -0.25606945E+001     0.27172262E+001    -0.64422550E-004     0.11826793E-003
     0.18778905E+000    -0.23976220E-003     0.52995426E-003    -0.25263810E+001     0.26934736E+001    -0.60854840E-004     0.10516320E-003
     0.18815655E+000    -0.23453542E-003     0.52575237E-003    -0.24632642E+001     0.26634241E+001    -0.53495650E-004     0.93449733E-004
     0.18852404E+000    -0.24242451E-003     0.51885970E-003    -0.23711142E+001     0.26454065E+001    -0.43141239E-004     0.84091802E-004
     0.18889153E+000    -0.25852026E-003     0.50082804E-003    -0.22601530E+001     0.26535682E+001    -0.30681265E-004     0.77902903E-004
     0.18925903E+000    -0.27099058E-003     0.46469570E-003    -0.21447591E+001     0.26932459E+001    -0.17473965E-004     0.75397527E-004
     0.18962652E+000    -0.26321603E-003     0.41395277E-003    -0.20372147E+001     0.27624264E+001    -0.51007229E-005     0.76130548E-004
     0.18999401E+000    -0.22346769E-003     0.36279581E-003    -0.19454811E+001     0.28561472E+001     0.56771448E-005     0.78642988E-004
     0.19036151E+000    -0.14632218E-003     0.33116733E-003    -0.18746709E+001     0.29696588E+001     0.15617182E-004     0.81619824E-004
     0.19072900E+000    -0.35065784E-004     0.35083756E-003    -0.18294405E+001     0.30988534E+001     0.26162048E-004     0.85270475E-004
     0.19109649E+000     0.73693346E-004     0.46416447E-003    -0.18152889E+001     0.32387619E+001     0.37652321E-004     0.91169021E-004
     0.19146399E+000     0.88470724E-004     0.67836815E-003    -0.18379733E+001     0.33815533E+001     0.48701756E-004     0.10048488E-003
     0.19183148E+000    -0.86058162E-004     0.89633855E-003    -0.19013890E+001     0.35154700E+001     0.57562818E-004     0.11271379E-003
     0.19219897E+000    -0.42273799E-003     0.93945743E-003    -0.20049218E+001     0.36250452E+001     0.63731538E-004     0.12641820E-003
     0.19256647E+000    -0.73114129E-003     0.71067917E-003    -0.21399280E+001     0.36926685E+001     0.67855770E-004     0.14080831E-003
     0.19293396E+000    -0.81123851E-003     0.31257119E-003    -0.22860379E+001     0.37044474E+001     0.70500958E-004     0.15616272E-003
     0.19330145E+000    -0.62582640E-003    -0.49660728E-004    -0.24141486E+001     0.36608767E+001     0.71466514E-004     0.17319120E-003
     0.19366894E+000    -0.27977923E-003    -0.24416553E-003    -0.25003876E+001     0.35820521E+001     0.69700330E-004     0.19243389E-003
     0.19403644E+000     0.11044434E-003    -0.24895177E-003    -0.25400544E+001     0.34976783E+001     0.63421160E-004     0.21357888E-003
     0.19440393E+000     0.46895252E-003    -0.85087689E-004    -0.25469449E+001     0.34298859E+001     0.50930265E-004     0.23484278E-003
     0.19477142E+000     0.73984787E-003     0.21668537E-003    -0.25403153E+001     0.33853491E+001     0.31828941E-004     0.25326428E-003
     0.19513892E+000     0.87993121E-003     0.61007011E-003    -0.25342005E+001     0.33605713E+001     0.76381470E-005     0.26588133E-003
     0.19550641E+000     0.86889747E-003     0.10371356E-002    -0.25372041E+001     0.33498231E+001    -0.18546660E-004     0.27102874E-003
     0.19587390E+000     0.70984708E-003     0.14406902E-002    -0.25567327E+001     0.33458415E+001    -0.43239316E-004     0.26917521E-003
     0.19624140E+000     0.42503050E-003     0.17705077E-002    -0.25973793E+001     0.33359499E+001    -0.64165523E-004     0.26264864E-003
     0.19660889E+000     0.53047970E-004     0.19873654E-002    -0.26538856E+001     0.33044359E+001    -0.81108289E-004     0.25417268E-003
     0.19697638E+000    -0.34973648E-003     0.20696191E-002    -0.27105682E+001     0.32425986E+001    -0.95326979E-004     0.24539544E-003
     0.19734388E+000    -0.71993565E-003     0.20335780E-002    -0.27505334E+001     0.31540936E+001    -0.10825042E-003     0.23646445E-003
     0.19771137E+000    -0.10260234E-002     0.19311714E-002    -0.27636717E+001     0.30506222E+001    -0.12048622E-003     0.22662556E-003
     0.19807886E+000    -0.12825854E-002     0.18062891E-002    -0.27479459E+001     0.29457348E+001    -0.13166384E-003     0.21518701E-003
     0.19844636E+000    -0.15184406E-002     0.16670203E-002    -0.27081589E+001     0.28512457E+001    -0.14101346E-003     0.20212064E-003
     0.19881385E+000    -0.17461562E-002     0.14964167E-002    -0.26547668E+001     0.27740708E+001    -0.14805582E-003     0.18786877E-003
     0.19918134E+000    -0.19524572E-002     0.12744617E-002    -0.26001198E+001     0.27123390E+001    -0.15256525E-003     0.17272010E-003
     0.19954884E+000    -0.21048863E-002     0.99968137E-003    -0.25504579E+001     0.26554591E+001    -0.15392750E-003     0.15690869E-003
     0.19991633E+000    -0.21723564E-002     0.69827574E-003    -0.25002345E+001     0.25925912E+001    -0.15131411E-003     0.14142262E-003
     0.20028382E+000    -0.21434104E-002     0.41850348E-003    -0.24371182E+001     0.25228886E+001    -0.14464456E-003     0.12794060E-003
     0.20065132E+000    -0.20425782E-002     0.21742392E-003    -0.23533567E+001     0.24559954E+001    -0.13478648E-003     0.11794769E-003
     0.20101881E+000    -0.19391054E-002     0.12976504E-003    -0.22510509E+001     0.24032996E+001    -0.12300905E-003     0.11237740E-003
     0.20138630E+000    -0.19224693E-002     0.12955849E-003    -0.21382539E+001     0.23706731E+001    -0.11073707E-003     0.11180152E-003
     0.20175380E+000    -0.20471849E-002     0.12331111E-003    -0.20229723E+001     0.23576081E+001    -0.99649674E-004     0.11648269E-003
     0.20212129E+000    -0.22855240E-002    -0.73505802E-005    -0.19095048E+001     0.23597651E+001    -0.91824692E-004     0.12614641E-003
     0.20248878E+000    -0.25311033E-002    -0.33867473E-003    -0.17971056E+001     0.23727676E+001    -0.89601107E-004     0.13935498E-003
     0.20285628E+000    -0.26444257E-002    -0.86710224E-003    -0.16817139E+001     0.23962914E+001    -0.94466600E-004     0.15295021E-003
     0.20322377E+000    -0.25004410E-002    -0.15038309E-002    -0.15607642E+001     0.24354063E+001    -0.10538709E-003     0.16307824E-003
     0.20359126E+000    -0.20347576E-002    -0.20849126E-002    -0.14371580E+001     0.24971227E+001    -0.11899042E-003     0.16764473E-003
     0.20395876E+000    -0.12955120E-002    -0.24081552E-002    -0.13183349E+001     0.25854142E+001    -0.13179181E-003     0.16721929E-003
     0.20432625E+000    -0.47192039E-003    -0.23210788E-002    -0.12121075E+001     0.27000163E+001    -0.14157834E-003     0.16398712E-003
     0.20469374E+000     0.16539477E-003    -0.18308404E-002    -0.11248905E+001     0.28390786E+001    -0.14758984E-003     0.16098125E-003
     0.20506124E+000     0.41114609E-003    -0.11275371E-002    -0.10636856E+001     0.30003063E+001    -0.15104348E-003     0.16165343E-003
     0.20542873E+000     0.22890187E-003    -0.47783200E-003    -0.10370314E+001     0.31785023E+001    -0.15568580E-003     0.16858866E-003
     0.20579622E+000    -0.26334897E-003    -0.10741556E-003    -0.10525225E+001     0.33633762E+001    -0.16738467E-003     0.18167848E-003
     0.20616372E+000    -0.83983612E-003    -0.13982213E-003    -0.11132498E+001     0.35397668E+001    -0.19231447E-003     0.19611885E-003
     0.20653121E+000    -0.12293803E-002    -0.53034154E-003    -0.12139165E+001     0.36899337E+001    -0.23264106E-003     0.20195316E-003
     0.20689870E+000    -0.12622549E-002    -0.10522068E-002    -0.13379987E+001     0.38002514E+001    -0.28228887E-003     0.18852173E-003
     0.20726620E+000    -0.98436653E-003    -0.14418055E-002    -0.14627083E+001     0.38706963E+001    -0.32858240E-003     0.15162272E-003
     0.20763369E+000    -0.58880566E-003    -0.15701163E-002    -0.15721646E+001     0.39162351E+001    -0.35924304E-003     0.96128417E-004
     0.20800118E+000    -0.26335015E-003    -0.14709388E-002    -0.16661507E+001     0.39557523E+001    -0.36790033E-003     0.32417353E-004
     0.20836868E+000    -0.10589221E-003    -0.12643669E-002    -0.17556038E+001     0.39992844E+001    -0.35499553E-003    -0.28766549E-004
     0.20873617E+000    -0.11931872E-003    -0.10816131E-002    -0.18507809E+001     0.40457315E+001    -0.32572046E-003    -0.79903846E-004
     0.20910366E+000    -0.22976131E-003    -0.10185346E-002    -0.19554201E+001     0.40909763E+001    -0.28668754E-003    -0.11802695E-003
     0.20947115E+000    -0.31988248E-003    -0.10895685E-002    -0.20718822E+001     0.41339051E+001    -0.24300366E-003    -0.14346704E-003
     0.20983865E+000    -0.31377285E-003    -0.12106684E-002    -0.22066127E+001     0.41719227E+001    -0.19762740E-003    -0.15736898E-003
     0.21020614E+000    -0.25284114E-003    -0.12863445E-002    -0.23655169E+001     0.41944490E+001    -0.15258956E-003    -0.16039016E-003
     0.21057363E+000    -0.23733478E-003    -0.13339103E-002    -0.25452708E+001     0.41857976E+001    -0.11001963E-003    -0.15299522E-003
     0.21094113E+000    -0.26850123E-003    -0.14730997E-002    -0.27318797E+001     0.41343380E+001    -0.72235214E-004    -0.13596583E-003
     0.21130862E+000    -0.20006686E-003    -0.17494476E-002    -0.29063715E+001     0.40382715E+001    -0.41795704E-004    -0.11071665E-003
     0.21167611E+000     0.86388537E-004    -0.20234272E-002    -0.30512169E+001     0.39061921E+001    -0.20974264E-004    -0.80077813E-004
     0.21204361E+000     0.51661613E-003    -0.21177119E-002    -0.31557686E+001     0.37548698E+001    -0.10201134E-004    -0.47850324E-004
     0.21241110E+000     0.91826401E-003    -0.20096844E-002    -0.32200410E+001     0.36039856E+001    -0.80287891E-005    -0.16787803E-004
     0.21277859E+000     0.12001341E-002    -0.17987278E-002    -0.32544045E+001     0.34695431E+001    -0.13109784E-004     0.11924447E-004
     0.21314609E+000     0.13683187E-002    -0.15785568E-002    -0.32759963E+001     0.33587280E+001    -0.24858061E-004     0.36976440E-004
     0.21351358E+000     0.14658636E-002    -0.14031023E-002    -0.33024284E+001     0.32667304E+001    -0.41828162E-004     0.56291371E-004
     0.21388107E+000     0.15545631E-002    -0.12929525E-002    -0.33430394E+001     0.31786058E+001    -0.60734373E-004     0.68886019E-004
     0.21424857E+000     0.17001584E-002    -0.12187887E-002    -0.33938131E+001     0.30785475E+001    -0.78434986E-004     0.76788087E-004
     0.21461606E+000     0.19268602E-002    -0.11040188E-002    -0.34421458E+001     0.29597493E+001    -0.95009364E-004     0.83585933E-004
     0.21498355E+000     0.21907247E-002    -0.87357912E-003    -0.34766889E+001     0.28258572E+001    -0.11364618E-003     0.90737303E-004
     0.21535105E+000     0.24030734E-002    -0.50267271E-003    -0.34930125E+001     0.26851116E+001    -0.13753514E-003     0.95967870E-004
     0.21571854E+000     0.24754044E-002    -0.31900387E-004    -0.34928593E+001     0.25440428E+001    -0.16700330E-003     0.94467477E-004
     0.21608603E+000     0.23614020E-002     0.44602859E-003    -0.34796851E+001     0.24045488E+001    -0.19801397E-003     0.81780752E-004
     0.21645353E+000     0.20858934E-002     0.82564863E-003    -0.34544525E+001     0.22657242E+001    -0.22363501E-003     0.57662729E-004
     0.21682102E+000     0.17357401E-002     0.10452536E-002    -0.34152524E+001     0.21278917E+001    -0.23867814E-003     0.26864262E-004
     0.21718851E+000     0.14063926E-002     0.11147823E-002    -0.33604685E+001     0.19942572E+001    -0.24239214E-003    -0.42637880E-005
     0.21755601E+000     0.11545861E-002     0.10915485E-002    -0.32910251E+001     0.18690146E+001    -0.23749901E-003    -0.30962018E-004
     0.21792350E+000     0.98813987E-003     0.10411007E-002    -0.32099285E+001     0.17551433E+001    -0.22811776E-003    -0.51139880E-004
     0.21829099E+000     0.87937129E-003     0.10082425E-002    -0.31208083E+001     0.16536540E+001    -0.21817352E-003    -0.65128450E-004
     0.21865849E+000     0.79089818E-003     0.10074720E-002    -0.30266504E+001     0.15638578E+001    -0.21043892E-003    -0.75032311E-004
     0.21902598E+000     0.69071112E-003     0.10344088E-002    -0.29290279E+001     0.14843107E+001    -0.20584806E-003    -0.83916038E-004
     0.21939347E+000     0.54880014E-003     0.10696312E-002    -0.28282698E+001     0.14139381E+001    -0.20316314E-003    -0.94515503E-004
     0.21976097E+000     0.34729322E-003     0.10664901E-002    -0.27241978E+001     0.13524997E+001    -0.19978227E-003    -0.10773894E-003
     0.22012846E+000     0.11408198E-003     0.96180639E-003    -0.26166925E+001     0.13005732E+001    -0.19365357E-003    -0.12241051E-003
     0.22049595E+000    -0.69025741E-004     0.72725119E-003    -0.25061896E+001     0.12594090E+001    -0.18441351E-003    -0.13679168E-003
     0.22086345E+000    -0.11514733E-003     0.40606205E-003    -0.23941298E+001     0.12304617E+001    -0.17258576E-003    -0.15002605E-003
     0.22123094E+000     0.12207919E-004     0.90429442E-004    -0.22830084E+001     0.12146364E+001    -0.15827986E-003    -0.16192407E-003
     0.22159843E+000     0.28623120E-003    -0.12811337E-003    -0.21758949E+001     0.12116488E+001    -0.14103309E-003    -0.17196305E-003
     0.22196593E+000     0.63843653E-003    -0.19452525E-003    -0.20756585E+001     0.12198081E+001    -0.12041813E-003    -0.17882502E-003
     0.22233342E+000     0.99349884E-003    -0.10034961E-003    -0.19842002E+001     0.12362521E+001    -0.96666935E-004    -0.18038504E-003
     0.22270091E+000     0.12965266E-002     0.13448888E-003    -0.19018039E+001     0.12575530E+001    -0.71446366E-004    -0.17396306E-003
     0.22306841E+000     0.15091293E-002     0.48971097E-003    -0.18268563E+001     0.12809214E+001    -0.48701917E-004    -0.15742858E-003
     0.22343590E+000     0.15832876E-002     0.94439615E-003    -0.17567746E+001     0.13054987E+001    -0.34414822E-004    -0.13127468E-003
     0.22380339E+000     0.14592301E-002     0.14436817E-002    -0.16897132E+001     0.13323832E+001    -0.34234433E-004    -0.10044490E-003
     0.22417088E+000     0.11095135E-002     0.18818357E-002    -0.16255327E+001     0.13634534E+001    -0.49637148E-004    -0.73288220E-004
     0.22453838E+000     0.58093220E-003     0.21439784E-002    -0.15658029E+001     0.14001190E+001    -0.76550682E-004    -0.57284646E-004
     0.22490587E+000    -0.25362702E-004     0.21628329E-002    -0.15131450E+001     0.14421966E+001    -0.10813801E-003    -0.55762268E-004
     0.22527336E+000    -0.59829228E-003     0.19238187E-002    -0.14696585E+001     0.14873960E+001    -0.13826832E-003    -0.68510419E-004
     0.22564086E+000    -0.10250665E-002     0.14513506E-002    -0.14351998E+001     0.15324849E+001    -0.16203668E-003    -0.94202586E-004
     0.22600835E+000    -0.11958723E-002     0.82500366E-003    -0.14074894E+001     0.15757965E+001    -0.17391236E-003    -0.13057440E-003
     0.22637584E+000    -0.10470551E-002     0.19168257E-003    -0.13847701E+001     0.16184808E+001    -0.16798096E-003    -0.17161308E-003
     0.22674334E+000    -0.61474749E-003    -0.27304694E-003    -0.13684189E+001     0.16624183E+001    -0.14226168E-003    -0.20646334E-003
     0.22711083E+000    -0.41144481E-004    -0.44702525E-003    -0.13622361E+001     0.17065712E+001    -0.10310241E-003    -0.22352203E-003
     0.22747832E+000     0.49281626E-003    -0.32433264E-003    -0.13685996E+001     0.17456014E+001    -0.64362239E-004    -0.21805824E-003
     0.22784582E+000     0.85576748E-003     0.32235462E-006    -0.13848783E+001     0.17725604E+001    -0.39302281E-004    -0.19655812E-003
     0.22821331E+000     0.10009155E-002     0.39559434E-003    -0.14037017E+001     0.17836792E+001    -0.32161310E-004    -0.17176312E-003
     0.22858080E+000     0.95488606E-003     0.74120975E-003    -0.14170781E+001     0.17807007E+001    -0.38041881E-004    -0.15367262E-003
     0.22894830E+000     0.80018111E-003     0.95613597E-003    -0.14199792E+001     0.17690251E+001    -0.48943933E-004    -0.14535588E-003
     0.22931579E+000     0.64897524E-003     0.10250597E-002    -0.14108369E+001     0.17549270E+001    -0.59120256E-004    -0.14463429E-003
     0.22968328E+000     0.59657675E-003     0.10086185E-002    -0.13907557E+001     0.17441525E+001    -0.66630430E-004    -0.14794177E-003
     0.23005078E+000     0.67377332E-003     0.10179372E-002    -0.13628153E+001     0.17412314E+001    -0.71942047E-004    -0.15283371E-003
     0.23041827E+000     0.82511063E-003     0.11623807E-002    -0.13313565E+001     0.17491361E+001    -0.76282491E-004    -0.15838932E-003
     0.23078576E+000     0.92333847E-003     0.14899083E-002    -0.13015654E+001     0.17692790E+001    -0.80720680E-004    -0.16503932E-003
     0.23115326E+000     0.82700471E-003     0.19436616E-002    -0.12794228E+001     0.18011657E+001    -0.85204754E-004    -0.17415491E-003
     0.23152075E+000     0.46153276E-003     0.23731828E-002    -0.12711101E+001     0.18414410E+001    -0.87999513E-004    -0.18669436E-003
     0.23188824E+000    -0.12873386E-003     0.26032103E-002    -0.12812134E+001     0.18833330E+001    -0.86638729E-004    -0.20168586E-003
     0.23225574E+000    -0.79138315E-003     0.25227918E-002    -0.13104826E+001     0.19176702E+001    -0.79981213E-004    -0.21611792E-003
     0.23262323E+000    -0.13384526E-002     0.21399562E-002    -0.13545757E+001     0.19354364E+001    -0.69699800E-004    -0.22680944E-003
     0.23299072E+000    -0.16286811E-002     0.15675960E-002    -0.14046620E+001     0.19308985E+001    -0.59370561E-004    -0.23304537E-003
     0.23335822E+000    -0.16093150E-002     0.96950379E-003    -0.14501669E+001     0.19039654E+001    -0.51435282E-004    -0.23704288E-003
     0.23372571E+000    -0.13209681E-002     0.50637288E-003    -0.14827946E+001     0.18599771E+001    -0.45546299E-004    -0.24139403E-003
     0.23409320E+000    -0.87870086E-003     0.29036972E-003    -0.14990243E+001     0.18064652E+001    -0.40099308E-004    -0.24687769E-003
     0.23446070E+000    -0.43546031E-003     0.35847559E-003    -0.14990942E+001     0.17496792E+001    -0.34249376E-004    -0.25297634E-003
     0.23482819E+000    -0.14378501E-003     0.66404298E-003    -0.14844051E+001     0.16938966E+001    -0.28028376E-004    -0.25933120E-003
     0.23519568E+000    -0.11153234E-003     0.10796327E-002    -0.14566061E+001     0.16426877E+001    -0.21458879E-004    -0.26610030E-003
     0.23556318E+000    -0.35127039E-003     0.14314099E-002    -0.14183378E+001     0.15992240E+001    -0.14140907E-004    -0.27347671E-003
     0.23593067E+000    -0.76279460E-003     0.15760020E-002    -0.13732754E+001     0.15652599E+001    -0.54297337E-005    -0.28124941E-003
     0.23629816E+000    -0.11867451E-002     0.14732455E-002    -0.13249063E+001     0.15406400E+001     0.51614567E-005    -0.28866982E-003
     0.23666566E+000    -0.14969861E-002     0.11882122E-002    -0.12754411E+001     0.15240888E+001     0.17562638E-004    -0.29463407E-003
     0.23703315E+000    -0.16526411E-002     0.82355852E-003    -0.12257740E+001     0.15143876E+001     0.30933717E-004    -0.29808193E-003
     0.23740064E+000    -0.16770809E-002     0.44939505E-003    -0.11761530E+001     0.15110410E+001     0.43629184E-004    -0.29853465E-003
     0.23776814E+000    -0.16002279E-002     0.84105376E-004    -0.11269317E+001     0.15143413E+001     0.53645909E-004    -0.29687294E-003
     0.23813563E+000    -0.14180424E-002    -0.27239040E-003    -0.10792037E+001     0.15250328E+001     0.60024072E-004    -0.29553308E-003
     0.23850312E+000    -0.11015741E-002    -0.59064171E-003    -0.10351590E+001     0.15435024E+001     0.63979093E-004    -0.29704364E-003
     0.23887062E+000    -0.64612377E-003    -0.79802551E-003    -0.99756912E+000     0.15687656E+001     0.68033458E-004    -0.30218752E-003
     0.23923811E+000    -0.10777354E-003    -0.82095387E-003    -0.96847689E+000     0.15983780E+001     0.74084755E-004    -0.30996163E-003
     0.23960560E+000     0.42090182E-003    -0.63868518E-003    -0.94861377E+000     0.16295994E+001     0.82651496E-004    -0.31903957E-003
     0.23997309E+000     0.86714882E-003    -0.28198190E-003    -0.93835655E+000     0.16600315E+001     0.93687939E-004    -0.32877013E-003
     0.24034059E+000     0.11916691E-002     0.21126027E-003    -0.93821709E+000     0.16863975E+001     0.10745091E-003    -0.33882843E-003
     0.24070808E+000     0.13583856E-002     0.81047575E-003    -0.94690608E+000     0.17036851E+001     0.12433164E-003    -0.34860837E-003
     0.24107557E+000     0.13249725E-002     0.14673703E-002    -0.95920536E+000     0.17074384E+001     0.14448193E-003    -0.35743712E-003
     0.24144307E+000     0.10689372E-002     0.21042831E-002    -0.96736403E+000     0.16974407E+001     0.16828040E-003    -0.36481718E-003
     0.24181056E+000     0.61016672E-003     0.26349339E-002    -0.96537536E+000     0.16784041E+001     0.19671454E-003    -0.36952742E-003
     0.24217805E+000     0.76737688E-005     0.29947792E-002    -0.95179148E+000     0.16567635E+001     0.23011994E-003    -0.36862043E-003
     0.24254555E+000    -0.66522876E-003     0.31583049E-002    -0.92870506E+000     0.16369507E+001     0.26616647E-003    -0.35851011E-003
     0.24291304E+000    -0.13485083E-002     0.31285677E-002    -0.89862279E+000     0.16203659E+001     0.30000215E-003    -0.33783437E-003
     0.24328053E+000    -0.19944717E-002     0.29110160E-002    -0.86239014E+000     0.16070872E+001     0.32718870E-003    -0.30862527E-003
     0.24364803E+000    -0.25428718E-002     0.25153378E-002    -0.81950306E+000     0.15979967E+001     0.34576201E-003    -0.27409966E-003
     0.24401552E+000    -0.29244100E-002     0.19894128E-002    -0.76969416E+000     0.15954849E+001     0.35487162E-003    -0.23653134E-003
     0.24438301E+000    -0.31099962E-002     0.14268210E-002    -0.71420848E+000     0.16027292E+001     0.35295422E-003    -0.19831702E-003
     0.24475051E+000    -0.31438279E-002     0.91043595E-003    -0.65607247E+000     0.16224403E+001     0.33897268E-003    -0.16394431E-003
     0.24511800E+000    -0.30981687E-002     0.45015184E-003    -0.59952660E+000     0.16559218E+001     0.31518755E-003    -0.13885257E-003
     0.24548549E+000    -0.29910717E-002     0.53237435E-006    -0.54920384E+000     0.17027396E+001     0.28687663E-003    -0.12585475E-003
     0.24585299E+000    -0.27692887E-002    -0.45337157E-003    -0.50950338E+000     0.17608097E+001     0.25874296E-003    -0.12418574E-003
     0.24622048E+000    -0.23771585E-002    -0.84611691E-003    -0.48427832E+000     0.18264456E+001     0.23317276E-003    -0.13226535E-003
     0.24658797E+000    -0.18278757E-002    -0.10610987E-002    -0.47628966E+000     0.18939562E+001     0.21199791E-003    -0.14947630E-003
     0.24695547E+000    -0.12304444E-002    -0.99816108E-003    -0.48547622E+000     0.19555133E+001     0.19798980E-003    -0.17502851E-003
     0.24732296E+000    -0.76141769E-003    -0.65219314E-003    -0.50666370E+000     0.20031880E+001     0.19411973E-003    -0.20656713E-003
     0.24769045E+000    -0.56803707E-003    -0.15185205E-003    -0.52969989E+000     0.20333538E+001     0.20216338E-003    -0.24034034E-003
     0.24805795E+000    -0.66622097E-003     0.30636526E-003    -0.54383666E+000     0.20499136E+001     0.22220414E-003    -0.27227699E-003
     0.24842544E+000    -0.94044698E-003     0.58305796E-003    -0.54340095E+000     0.20626886E+001     0.25307324E-003    -0.29870261E-003
     0.24879293E+000    -0.12379560E-002     0.65941151E-003    -0.53000791E+000     0.20822038E+001     0.29267170E-003    -0.31619497E-003
     0.24916043E+000    -0.14571807E-002     0.60687050E-003    -0.51044151E+000     0.21152687E+001     0.33723061E-003    -0.32154117E-003
     0.24952792E+000    -0.15756619E-002     0.51953158E-003    -0.49296620E+000     0.21636887E+001     0.38038064E-003    -0.31348912E-003
     0.24989541E+000    -0.16270429E-002     0.46174625E-003    -0.48460887E+000     0.22253849E+001     0.41492362E-003    -0.29590039E-003
     0.25026291E+000    -0.16579466E-002     0.45426243E-003    -0.49017119E+000     0.22962605E+001     0.43823329E-003    -0.27810863E-003
     0.25063040E+000    -0.17017376E-002     0.49568952E-003    -0.51257141E+000     0.23715842E+001     0.45655832E-003    -0.26931115E-003
     0.25099789E+000    -0.17872916E-002     0.58308185E-003    -0.55367274E+000     0.24462590E+001     0.48251230E-003    -0.27053543E-003
     0.25136539E+000    -0.19544879E-002     0.70283332E-003    -0.61436220E+000     0.25139581E+001     0.52613975E-003    -0.27149197E-003
     0.25173288E+000    -0.22448663E-002     0.80825534E-003    -0.69274143E+000     0.25665812E+001     0.58623072E-003    -0.25611654E-003
     0.25210037E+000    -0.26668270E-002     0.81392571E-003    -0.78162252E+000     0.25964965E+001     0.64909505E-003    -0.21355074E-003
     0.25246787E+000    -0.31589563E-002     0.63036476E-003    -0.86910605E+000     0.26013979E+001     0.69703913E-003    -0.14647123E-003
     0.25283536E+000    -0.36006445E-002     0.23102987E-003    -0.94397476E+000     0.25872660E+001     0.72073803E-003    -0.68779559E-004
     0.25320285E+000    -0.38875086E-002    -0.31779062E-003    -0.10018664E+001     0.25653721E+001     0.72364643E-003     0.61134840E-005
     0.25357035E+000    -0.39966611E-002    -0.91100963E-003    -0.10463932E+001     0.25455254E+001     0.71467063E-003     0.73956489E-004
     0.25393784E+000    -0.39723001E-002    -0.14816155E-002    -0.10847942E+001     0.25316851E+001     0.69891907E-003     0.13787082E-003
     0.25430533E+000    -0.38637441E-002    -0.20230653E-002    -0.11228499E+001     0.25227051E+001     0.67519750E-003     0.20148876E-003
     0.25467283E+000    -0.36842506E-002    -0.25571833E-002    -0.11630564E+001     0.25159134E+001     0.63909200E-003     0.26464465E-003
     0.25504032E+000    -0.34133428E-002    -0.30949388E-002    -0.12062161E+001     0.25096134E+001     0.58637931E-003     0.32288059E-003
     0.25540781E+000    -0.30192724E-002    -0.36197439E-002    -0.12534897E+001     0.25026250E+001     0.51541092E-003     0.36778512E-003
     0.25577530E+000    -0.24786502E-002    -0.40877793E-002    -0.13062173E+001     0.24926152E+001     0.43051578E-003     0.38840085E-003
     0.25614280E+000    -0.17923040E-002    -0.44344036E-002    -0.13641926E+001     0.24760402E+001     0.34436890E-003     0.37662462E-003
     0.25651029E+000    -0.10002279E-002    -0.45897920E-002    -0.14249749E+001     0.24498469E+001     0.27430633E-003     0.33405707E-003
     0.25687778E+000    -0.18425490E-003    -0.45079172E-002    -0.14849790E+001     0.24127881E+001     0.23351196E-003     0.27335560E-003
     0.25724528E+000     0.55488196E-003    -0.41929977E-002    -0.15407923E+001     0.23652939E+001     0.22437500E-003     0.21183682E-003
     0.25761277E+000     0.11337006E-002    -0.36998685E-002    -0.15896519E+001     0.23088057E+001     0.23940594E-003     0.16283022E-003
     0.25798026E+000     0.15083098E-002    -0.31112884E-002    -0.16294562E+001     0.22453807E+001     0.26751642E-003     0.13161604E-003
     0.25834776E+000     0.16772662E-002    -0.25130786E-002    -0.16587249E+001     0.21775048E+001     0.29970827E-003     0.11709252E-003
     0.25871525E+000     0.16740112E-002    -0.19747644E-002    -0.16765634E+001     0.21081220E+001     0.33104379E-003     0.11575777E-003
     0.25908274E+000     0.15510336E-002    -0.15369011E-002    -0.16830702E+001     0.20408011E+001     0.35947857E-003     0.12476330E-003
     0.25945024E+000     0.13605331E-002    -0.12114065E-002    -0.16801460E+001     0.19791609E+001     0.38350622E-003     0.14266057E-003
     0.25981773E+000     0.11432994E-002    -0.99299775E-003    -0.16714545E+001     0.19254166E+001     0.40063592E-003     0.16798393E-003
     0.26018522E+000     0.92938849E-003    -0.87071958E-003    -0.16610347E+001     0.18794496E+001     0.40813626E-003     0.19718167E-003
     0.26055272E+000     0.74520378E-003    -0.83152669E-003    -0.16517702E+001     0.18393269E+001     0.40582748E-003     0.22428470E-003
     0.26092021E+000     0.61675403E-003    -0.85402707E-003    -0.16449056E+001     0.18025715E+001     0.39838526E-003     0.24382996E-003
     0.26128770E+000     0.56074897E-003    -0.90271769E-003    -0.16405072E+001     0.17670470E+001     0.39386998E-003     0.25525824E-003
     0.26165520E+000     0.57195399E-003    -0.93593078E-003    -0.16380698E+001     0.17311326E+001     0.39872511E-003     0.26426202E-003
     0.26202269E+000     0.62300845E-003    -0.92274620E-003    -0.16367963E+001     0.16935301E+001     0.41397992E-003     0.27951342E-003
     0.26239018E+000     0.67605843E-003    -0.85263163E-003    -0.16354799E+001     0.16531061E+001     0.43555038E-003     0.30868298E-003
     0.26275768E+000     0.69330924E-003    -0.73637034E-003    -0.16321985E+001     0.16091618E+001     0.45603269E-003     0.35696451E-003
     0.26312517E+000     0.64704811E-003    -0.60658156E-003    -0.16244630E+001     0.15622086E+001     0.46513428E-003     0.42656894E-003
     0.26349266E+000     0.53568313E-003    -0.51158088E-003    -0.16103108E+001     0.15144645E+001     0.44973349E-003     0.51441311E-003
     0.26386016E+000     0.39377400E-003    -0.49212535E-003    -0.15896307E+001     0.14690778E+001     0.39721430E-003     0.60837333E-003
     0.26422765E+000     0.27730543E-003    -0.55384323E-003    -0.15642967E+001     0.14284159E+001     0.30351520E-003     0.68720745E-003
     0.26459514E+000     0.22988730E-003    -0.66155522E-003    -0.15368364E+001     0.13929769E+001     0.18015386E-003     0.72912195E-003
     0.26496264E+000     0.25684994E-003    -0.76296300E-003    -0.15089148E+001     0.13618253E+001     0.50774258E-004     0.72495394E-003
     0.26533013E+000     0.32795071E-003    -0.82327399E-003    -0.14809115E+001     0.13338572E+001    -0.63168760E-004     0.68292972E-003
     0.26569762E+000     0.40570318E-003    -0.84338190E-003    -0.14525479E+001     0.13086283E+001    -0.15359525E-003     0.61881622E-003
     0.26606512E+000     0.47549295E-003    -0.84830092E-003    -0.14236053E+001     0.12863242E+001    -0.22275131E-003     0.54325045E-003
     0.26643261E+000     0.55357765E-003    -0.85701032E-003    -0.13941569E+001     0.12674484E+001    -0.27333436E-003     0.45962480E-003
     0.26680010E+000     0.66725324E-003    -0.85847682E-003    -0.13646325E+001     0.12527336E+001    -0.30444396E-003     0.36981299E-003
     0.26716760E+000     0.82299911E-003    -0.81413990E-003    -0.13361150E+001     0.12430258E+001    -0.31403816E-003     0.27787499E-003
     0.26753509E+000     0.98957478E-003    -0.68612377E-003    -0.13106006E+001     0.12387213E+001    -0.30145483E-003     0.18960783E-003
     0.26790258E+000     0.11104705E-002    -0.46797497E-003    -0.12906547E+001     0.12389474E+001    -0.26803850E-003     0.11153186E-003
     0.26827008E+000     0.11350827E-002    -0.19448262E-003    -0.12783642E+001     0.12411722E+001    -0.21781402E-003     0.50275255E-004
     0.26863757E+000     0.10459270E-002     0.74573692E-004    -0.12741689E+001     0.12417735E+001    -0.15820351E-003     0.10828206E-004
     0.26900506E+000     0.86484462E-003     0.28400072E-003    -0.12764278E+001     0.12373877E+001    -0.98901031E-004    -0.60374546E-005
     0.26937256E+000     0.63663339E-003     0.40603470E-003    -0.12821272E+001     0.12261841E+001    -0.48575444E-004    -0.49324768E-005
     0.26974005E+000     0.40403739E-003     0.44265525E-003    -0.12882495E+001     0.12081692E+001    -0.11311267E-004     0.59896733E-005
     0.27010754E+000     0.19352191E-003     0.41016316E-003    -0.12927421E+001     0.11844227E+001     0.14436354E-004     0.19288077E-004
     0.27047503E+000     0.19712767E-004     0.32403497E-003    -0.12944812E+001     0.11561335E+001     0.33015740E-004     0.31736830E-004
     0.27084253E+000    -0.10380448E-003     0.19871836E-003    -0.12926989E+001     0.11242900E+001     0.47336257E-004     0.43933599E-004
     0.27121002E+000    -0.16473607E-003     0.56868962E-004    -0.12867129E+001     0.10899468E+001     0.57239333E-004     0.56913613E-004
     0.27157751E+000    -0.16429268E-003    -0.69698634E-004    -0.12761316E+001     0.10544033E+001     0.61343260E-004     0.69516082E-004
     0.27194501E+000    -0.12469657E-003    -0.15435346E-003    -0.12610847E+001     0.10190100E+001     0.59821693E-004     0.78684314E-004
     0.27231250E+000    -0.79232860E-004    -0.19137998E-003    -0.12421804E+001     0.98485985E+000     0.55429201E-004     0.81739288E-004
     0.27267999E+000    -0.53785381E-004    -0.19627150E-003    -0.12202875E+001     0.95261985E+000     0.52361028E-004     0.78279837E-004
     0.27304749E+000    -0.57251961E-004    -0.19332418E-003    -0.11963076E+001     0.92251048E+000     0.54374566E-004     0.70552180E-004
     0.27341498E+000    -0.82945843E-004    -0.20445965E-003    -0.11709849E+001     0.89437766E+000     0.63297662E-004     0.62669638E-004
     0.27378247E+000    -0.11271117E-003    -0.24232106E-003    -0.11447709E+001     0.86783237E+000     0.78240459E-004     0.59193099E-004
     0.27414997E+000    -0.12416559E-003    -0.30388885E-003    -0.11177673E+001     0.84244171E+000     0.95717802E-004     0.63452726E-004
     0.27451746E+000    -0.10406695E-003    -0.37074416E-003    -0.10897833E+001     0.81793037E+000     0.11078797E-003     0.76119342E-004
     0.27488495E+000    -0.57127315E-004    -0.42216978E-003    -0.10605062E+001     0.79430800E+000     0.11905522E-003     0.94738577E-004
     0.27525245E+000     0.83411007E-006    -0.44961414E-003    -0.10297031E+001     0.77185597E+000     0.11858818E-003     0.11489532E-003
     0.27561994E+000     0.57247192E-004    -0.45778922E-003    -0.99734523E+000     0.75100826E+000     0.11029186E-003     0.13240643E-003
     0.27598743E+000     0.10960254E-003    -0.45486820E-003    -0.96363502E+000     0.73221822E+000     0.96610521E-004     0.14475424E-003
     0.27635493E+000     0.16179261E-003    -0.44368199E-003    -0.92898045E+000     0.71585636E+000     0.80090503E-004     0.15095205E-003
     0.27672242E+000     0.21650582E-003    -0.41978877E-003    -0.89394530E+000     0.70212932E+000     0.62945003E-004     0.15075145E-003
     0.27708991E+000     0.26918186E-003    -0.37562575E-003    -0.85916946E+000     0.69101963E+000     0.47376869E-004     0.14427381E-003
     0.27745741E+000     0.30704098E-003    -0.30852252E-003    -0.82526923E+000     0.68226758E+000     0.35880838E-004     0.13236719E-003
     0.27782490E+000     0.31589043E-003    -0.22747526E-003    -0.79274660E+000     0.67539201E+000     0.30797818E-004     0.11733158E-003
     0.27819239E+000     0.29121542E-003    -0.15123389E-003    -0.76190589E+000     0.66972946E+000     0.32938276E-004     0.10296817E-003
     0.27855989E+000     0.24346062E-003    -0.96953428E-004    -0.73276224E+000     0.66451150E+000     0.40419167E-004     0.93082465E-004
     0.27892738E+000     0.19149036E-003    -0.68684527E-004    -0.70498486E+000     0.65901611E+000     0.49299166E-004     0.89298528E-004
     0.27929487E+000     0.14911309E-003    -0.55786175E-004    -0.67795261E+000     0.65275300E+000     0.55876995E-004     0.90215860E-004
     0.27966237E+000     0.11570471E-003    -0.42905581E-004    -0.65092225E+000     0.64557462E+000     0.58733233E-004     0.92723868E-004
     0.28002986E+000     0.78775476E-004    -0.23350556E-004    -0.62321125E+000     0.63765812E+000     0.58918209E-004     0.94278798E-004
     0.28039735E+000     0.25988850E-004    -0.45585433E-005    -0.59431336E+000     0.62940863E+000     0.58401284E-004     0.94287705E-004
     0.28076485E+000    -0.44155340E-004    -0.19170159E-005    -0.56394446E+000     0.62134494E+000     0.58269015E-004     0.93709887E-004
     0.28113234E+000    -0.12103723E-003    -0.27834154E-004    -0.53202976E+000     0.61399509E+000     0.58123569E-004     0.93566788E-004
     0.28149983E+000    -0.18837041E-003    -0.85051810E-004    -0.49865074E+000     0.60783530E+000     0.56851163E-004     0.93792559E-004
     0.28186733E+000    -0.23166336E-003    -0.16672911E-003    -0.46400459E+000     0.60327538E+000     0.53817016E-004     0.93181200E-004
     0.28223482E+000    -0.24252561E-003    -0.26040937E-003    -0.42839270E+000     0.60063932E+000     0.49595676E-004     0.90178599E-004
     0.28260231E+000    -0.21927672E-003    -0.35260980E-003    -0.39219245E+000     0.60011974E+000     0.45886697E-004     0.83918217E-004
     0.28296981E+000    -0.16488034E-003    -0.43171783E-003    -0.35578344E+000     0.60174663E+000     0.44688666E-004     0.74849084E-004
     0.28333730E+000    -0.84600882E-004    -0.48802324E-003    -0.31945446E+000     0.60541394E+000     0.47325161E-004     0.64517425E-004
     0.28370479E+000     0.14025610E-004    -0.51238439E-003    -0.28334273E+000     0.61096898E+000     0.54048672E-004     0.54777998E-004
     0.28407229E+000     0.11918153E-003    -0.49673785E-003    -0.24744974E+000     0.61832861E+000     0.64334100E-004     0.47152878E-004
     0.28443978E+000     0.21384063E-003    -0.43746282E-003    -0.21174034E+000     0.62755384E+000     0.77376158E-004     0.42737905E-004
     0.28480727E+000     0.27806634E-003    -0.33941640E-003    -0.17626495E+000     0.63882467E+000     0.92272181E-004     0.42492214E-004
     0.28517477E+000     0.29418728E-003    -0.21813217E-003    -0.14121342E+000     0.65233708E+000     0.10774763E-003     0.47430434E-004
     0.28554226E+000     0.25349061E-003    -0.98490212E-004    -0.10687532E+000     0.66821432E+000     0.12173807E-003     0.58330106E-004
     0.28590975E+000     0.16192374E-003    -0.85756605E-005    -0.73573956E-001     0.68649023E+000     0.13134681E-003     0.74983372E-004
     0.28627724E+000     0.40755400E-004     0.30305445E-004    -0.41640769E-001     0.70712761E+000     0.13350090E-003     0.95440427E-004
     0.28664474E+000    -0.80329837E-004     0.12612207E-004    -0.11413706E-001     0.73001029E+000     0.12619372E-003     0.11582471E-003
     0.28701223E+000    -0.17529397E-003    -0.49292712E-004     0.16796895E-001     0.75491503E+000     0.10979771E-003     0.13110553E-003
     0.28737972E+000    -0.23250707E-003    -0.13223334E-003     0.42779307E-001     0.78151781E+000     0.87698528E-004     0.13680177E-003
     0.28774722E+000    -0.25734353E-003    -0.21538189E-003     0.66482161E-001     0.80945446E+000     0.65539754E-004     0.13095976E-003
     0.28811471E+000    -0.26367378E-003    -0.29115305E-003     0.88039089E-001     0.83841241E+000     0.49117852E-004     0.11511743E-003
     0.28848220E+000    -0.25998869E-003    -0.36479153E-003     0.10775454E+000     0.86824247E+000     0.42278871E-004     0.93449933E-004
     0.28884970E+000    -0.24259060E-003    -0.44278954E-003     0.12602242E+000     0.89909190E+000     0.46216671E-004     0.70985882E-004
     0.28921719E+000    -0.20186617E-003    -0.52206725E-003     0.14312890E+000     0.93150211E+000     0.59930724E-004     0.52342343E-004
     0.28958468E+000    -0.13344809E-003    -0.59022060E-003     0.15897306E+000     0.96635409E+000     0.80793453E-004     0.41162535E-004
     0.28995218E+000    -0.42823358E-004    -0.63374903E-003     0.17285536E+000     0.10046192E+001     0.10498342E-003     0.39679759E-004
     0.29031967E+000     0.57927839E-004    -0.64465009E-003     0.18345578E+000     0.10470262E+001     0.12811049E-003     0.48287305E-004
     0.29068716E+000     0.15511041E-003    -0.62173522E-003     0.18897971E+000     0.10937877E+001     0.14612277E-003     0.65407483E-004
     0.29105466E+000     0.23642001E-003    -0.56945520E-003     0.18737224E+000     0.11444399E+001     0.15624616E-003     0.87894504E-004
     0.29142215E+000     0.29275882E-003    -0.49653505E-003     0.17652789E+000     0.11977579E+001     0.15757635E-003     0.11194751E-003
     0.29178964E+000     0.31962571E-003    -0.41402824E-003     0.15449022E+000     0.12516794E+001     0.15101441E-003     0.13424573E-003
     0.29215714E+000     0.31711198E-003    -0.33277071E-003     0.11972447E+000     0.13031912E+001     0.13843980E-003     0.15280852E-003
     0.29252463E+000     0.28826609E-003    -0.26187090E-003     0.71605962E-001     0.13482649E+001     0.12145171E-003     0.16694930E-003
     0.29289212E+000     0.23772633E-003    -0.20928532E-003     0.11142861E-001     0.13821287E+001     0.10068708E-003     0.17611470E-003
     0.29325962E+000     0.17272822E-003    -0.18274330E-003    -0.58404560E-001     0.14001647E+001     0.76670476E-004     0.17862210E-003
     0.29362711E+000     0.10529799E-003    -0.18768922E-003    -0.13161917E+000     0.13992917E+001     0.51645293E-004     0.17194699E-003
     0.29399460E+000     0.50979737E-004    -0.22227198E-003    -0.20204656E+000     0.13790952E+001     0.30368752E-004     0.15488466E-003
     0.29436210E+000     0.22068478E-004    -0.27498276E-003    -0.26382846E+000     0.13419281E+001     0.18482117E-004     0.12977700E-003
     0.29472959E+000     0.20726455E-004    -0.32972719E-003    -0.31289811E+000     0.12919961E+001     0.19397110E-004     0.10255105E-003
     0.29509708E+000     0.39300191E-004    -0.37488121E-003    -0.34728911E+000     0.12341533E+001     0.32187308E-004     0.80196718E-004
     0.29546458E+000     0.67673544E-004    -0.40792008E-003    -0.36683487E+000     0.11730076E+001     0.52101528E-004     0.67565356E-004
     0.29583207E+000     0.10026642E-003    -0.43235156E-003    -0.37267648E+000     0.11124242E+001     0.73050963E-004     0.65708361E-004
     0.29619956E+000     0.13722674E-003    -0.45157948E-003    -0.36676497E+000     0.10553049E+001     0.90156845E-004     0.72383137E-004
     0.29656706E+000     0.18114079E-003    -0.46532821E-003    -0.35141466E+000     0.10035672E+001     0.10101756E-003     0.83783337E-004
     0.29693455E+000     0.23333162E-003    -0.46981602E-003    -0.32896151E+000     0.95827305E+000     0.10559789E-003     0.96233638E-004
     0.29730204E+000     0.29191916E-003    -0.45988280E-003    -0.30156208E+000     0.91982464E+000     0.10538325E-003     0.10717819E-003
     0.29766954E+000     0.35169690E-003    -0.43130806E-003    -0.27111522E+000     0.88814556E+000     0.10243111E-003     0.11546611E-003
     0.29803703E+000     0.40507139E-003    -0.38248645E-003    -0.23924388E+000     0.86279796E+000     0.98595078E-004     0.12117689E-003
     0.29840452E+000     0.44339809E-003    -0.31551791E-003    -0.20726796E+000     0.84304862E+000     0.95021955E-004     0.12514526E-003
     0.29877202E+000     0.45884386E-003    -0.23699628E-003    -0.17614171E+000     0.82794125E+000     0.92035828E-004     0.12835358E-003
     0.29913951E+000     0.44723316E-003    -0.15781251E-003    -0.14639056E+000     0.81642583E+000     0.89406549E-004     0.13147402E-003
     0.29950700E+000     0.41096556E-003    -0.90582826E-004    -0.11811414E+000     0.80754349E+000     0.86757133E-004     0.13476558E-003
     0.29987450E+000     0.35951270E-003    -0.44863057E-004    -0.91103376E-001     0.80060657E+000     0.83810188E-004     0.13824515E-003
     0.30024199E+000     0.30604298E-003    -0.22942747E-004    -0.65058778E-001     0.79528152E+000     0.80396532E-004     0.14187747E-003
     0.30060948E+000     0.26192381E-003    -0.19215545E-004    -0.39817660E-001     0.79150985E+000     0.76367184E-004     0.14563856E-003
     0.30097698E+000     0.23249239E-003    -0.23340914E-004    -0.15463926E-001     0.78929642E+000     0.71533725E-004     0.14949296E-003
     0.30134447E+000     0.21602871E-003    -0.24932614E-004     0.77465903E-002     0.78848982E+000     0.65641594E-004     0.15334700E-003
     0.30171196E+000     0.20562872E-003    -0.17416098E-004     0.29594271E-001     0.78869223E+000     0.58369060E-004     0.15697233E-003
     0.30207945E+000     0.19262738E-003     0.20411650E-006     0.50100165E-001     0.78935341E+000     0.49396397E-004     0.15990656E-003
     0.30244695E+000     0.17000930E-003     0.23915135E-004     0.69596811E-001     0.78998387E+000     0.38571401E-004     0.16140255E-003
     0.30281444E+000     0.13448595E-003     0.46884989E-004     0.88628155E-001     0.79035318E+000     0.26119577E-004     0.16050625E-003
     0.30318193E+000     0.86832976E-004     0.61942070E-004     0.10774870E+000     0.79056273E+000     0.12797128E-004     0.15628075E-003
     0.30354943E+000     0.31088555E-004     0.63367004E-004     0.12734002E+000     0.79097222E+000    -0.10357115E-006     0.14812430E-003
     0.30391692E+000    -0.26570399E-004     0.47896618E-004     0.14753140E+000     0.79204570E+000    -0.10947660E-004     0.13608610E-003
     0.30428441E+000    -0.78972441E-004     0.15329684E-004     0.16823113E+000     0.79421551E+000    -0.18144709E-004     0.12104782E-003
     0.30465191E+000    -0.11935770E-003    -0.31104658E-004     0.18920461E+000     0.79782159E+000    -0.20617186E-004     0.10464620E-003
     0.30501940E+000    -0.14322860E-003    -0.85064850E-004     0.21012908E+000     0.80310920E+000    -0.18162783E-004     0.88930438E-004
     0.30538689E+000    -0.15006001E-003    -0.13874053E-003     0.23060967E+000     0.81022942E+000    -0.11591010E-004     0.75876131E-004
     0.30575439E+000    -0.14361688E-003    -0.18563987E-003     0.25019309E+000     0.81921432E+000    -0.26195044E-005     0.66864853E-004
     0.30612188E+000    -0.13011268E-003    -0.22310608E-003     0.26841084E+000     0.82994954E+000     0.65128076E-005     0.62201005E-004
     0.30648937E+000    -0.11494115E-003    -0.25284525E-003     0.28483973E+000     0.84218087E+000     0.13779441E-004     0.60878036E-004
     0.30685687E+000    -0.99951226E-004    -0.27886601E-003     0.29913822E+000     0.85555549E+000     0.18229930E-004     0.60947692E-004
     0.30722436E+000    -0.83148441E-004    -0.30402069E-003     0.31104110E+000     0.86965642E+000     0.20367096E-004     0.60523454E-004
     0.30759185E+000    -0.61150883E-004    -0.32751840E-003     0.32034781E+000     0.88399347E+000     0.21595813E-004     0.58764901E-004
     0.30795935E+000    -0.32662658E-004    -0.34524140E-003     0.32696074E+000     0.89797168E+000     0.23141177E-004     0.56043450E-004
     0.30832684E+000    -0.41059409E-006    -0.35258868E-003     0.33098018E+000     0.91091092E+000     0.25343694E-004     0.53252047E-004
     0.30869433E+000     0.29734467E-004    -0.34769858E-003     0.33277927E+000     0.92216639E+000     0.27771768E-004     0.50975484E-004
     0.30906183E+000     0.51588307E-004    -0.33288774E-003     0.33296146E+000     0.93129992E+000     0.29812189E-004     0.49156960E-004
     0.30942932E+000     0.61436522E-004    -0.31370202E-003     0.33219110E+000     0.93817845E+000     0.31158531E-004     0.47297086E-004
     0.30979681E+000     0.59254304E-004    -0.29657265E-003     0.33100176E+000     0.94291931E+000     0.31935364E-004     0.44823412E-004
     0.31016431E+000     0.48141098E-004    -0.28658972E-003     0.32970669E+000     0.94572105E+000     0.32584347E-004     0.41329833E-004
     0.31053180E+000     0.32759219E-004    -0.28638645E-003     0.32845504E+000     0.94669274E+000     0.33730045E-004     0.36668496E-004
     0.31089929E+000     0.17825407E-004    -0.29623240E-003     0.32738737E+000     0.94577859E+000     0.36070929E-004     0.31014443E-004
     0.31126679E+000     0.73058036E-005    -0.31474315E-003     0.32680063E+000     0.94281715E+000     0.40215724E-004     0.24916249E-004
     0.31163428E+000     0.42639131E-005    -0.33947867E-003     0.32722887E+000     0.93771039E+000     0.46468630E-004     0.19237104E-004
     0.31200177E+000     0.10840365E-004    -0.36714452E-003     0.32937896E+000     0.93061942E+000     0.54675828E-004     0.14958204E-004
     0.31236927E+000     0.27960926E-004    -0.39367107E-003     0.33393505E+000     0.92207354E+000     0.64211027E-004     0.12925431E-004
     0.31273676E+000     0.54838632E-004    -0.41459391E-003     0.34132991E+000     0.91292081E+000     0.74093381E-004     0.13626853E-004
     0.31310425E+000     0.88647216E-004    -0.42589626E-003     0.35160254E+000     0.90414647E+000     0.83205171E-004     0.17056092E-004
     0.31347175E+000     0.12475976E-003    -0.42513570E-003     0.36439525E+000     0.89665992E+000     0.90557210E-004     0.22713050E-004
     0.31383924E+000     0.15776020E-003    -0.41238353E-003     0.37905420E+000     0.89114050E+000     0.95501048E-004     0.29755929E-004
     0.31420673E+000     0.18299740E-003    -0.39037126E-003     0.39476282E+000     0.88796711E+000     0.97798579E-004     0.37221633E-004
     0.31457423E+000     0.19795914E-003    -0.36356996E-003     0.41066173E+000     0.88720691E+000     0.97571688E-004     0.44193881E-004
     0.31494172E+000     0.20273282E-003    -0.33661089E-003     0.42594914E+000     0.88863192E+000     0.95233815E-004     0.49891564E-004
     0.31530921E+000     0.19938232E-003    -0.31285840E-003     0.43997411E+000     0.89175439E+000     0.91445178E-004     0.53747786E-004
     0.31567671E+000     0.19066671E-003    -0.29376458E-003     0.45232617E+000     0.89589369E+000     0.87032700E-004     0.55521605E-004
     0.31604420E+000     0.17875795E-003    -0.27918079E-003     0.46289941E+000     0.90028708E+000     0.82810485E-004     0.55385885E-004
     0.31641169E+000     0.16455932E-003    -0.26838557E-003     0.47189669E+000     0.90422955E+000     0.79322391E-004     0.53882900E-004
     0.31677918E+000     0.14797442E-003    -0.26122933E-003     0.47975988E+000     0.90719819E+000     0.76633424E-004     0.51680055E-004
     0.31714668E+000     0.12893198E-003    -0.25863020E-003     0.48705078E+000     0.90891654E+000     0.74344297E-004     0.49189961E-004
     0.31751417E+000     0.10836889E-003    -0.26205659E-003     0.49433315E+000     0.90934588E+000     0.71912885E-004     0.46273825E-004
     0.31788166E+000     0.88389494E-004    -0.27246180E-003     0.50209727E+000     0.90863048E+000     0.69144191E-004     0.42278073E-004
     0.31824916E+000     0.71567113E-004    -0.28954283E-003     0.51073222E+000     0.90704124E+000     0.66517542E-004     0.36462313E-004
     0.31861665E+000     0.60018371E-004    -0.31177584E-003     0.52051638E+000     0.90494298E+000     0.65069263E-004     0.28560432E-004
     0.31898414E+000     0.54868128E-004    -0.33702187E-003     0.53159649E+000     0.90277269E+000     0.65877366E-004     0.19061212E-004
     0.31935164E+000     0.56298787E-004    -0.36319899E-003     0.54395577E+000     0.90099958E+000     0.69526208E-004     0.90030683E-005
     0.31971913E+000     0.63970022E-004    -0.38860101E-003     0.55739887E+000     0.90005629E+000     0.75924429E-004    -0.52700612E-006
     0.32008662E+000     0.77373056E-004    -0.41175718E-003     0.57157776E+000     0.90025982E+000     0.84529466E-004    -0.88098289E-005
     0.32045412E+000     0.95764625E-004    -0.43112579E-003     0.58605974E+000     0.90175385E+000     0.94738938E-004    -0.15592527E-004
     0.32082161E+000     0.11773421E-003    -0.44511819E-003     0.60041628E+000     0.90449445E+000     0.10617097E-003    -0.20907547E-004
     0.32118910E+000     0.14091367E-003    -0.45269815E-003     0.61430371E+000     0.90828277E+000     0.11871370E-003    -0.24809829E-004
     0.32155660E+000     0.16238126E-003    -0.45420446E-003     0.62751169E+000     0.91282975E+000     0.13240945E-003    -0.27208907E-004
     0.32192409E+000     0.17975429E-003    -0.45164258E-003     0.63997035E+000     0.91782766E+000     0.14731952E-003    -0.27833442E-004
     0.32229158E+000     0.19226135E-003    -0.44799626E-003     0.65172443E+000     0.92300460E+000     0.16344607E-003    -0.26240868E-004
     0.32265908E+000     0.20098076E-003    -0.44591950E-003     0.66289461E+000     0.92815052E+000     0.18065721E-003    -0.21795610E-004
     0.32302657E+000     0.20807193E-003    -0.44668627E-003     0.67364725E+000     0.93311940E+000     0.19852795E-003    -0.13661708E-004
     0.32339406E+000     0.21557526E-003    -0.45003541E-003     0.68418316E+000     0.93782701E+000     0.21611444E-003    -0.93640252E-006
     0.32376156E+000     0.22458228E-003    -0.45485911E-003     0.69473361E+000     0.94226501E+000     0.23181060E-003     0.17007658E-004
     0.32412905E+000     0.23520671E-003    -0.46012661E-003     0.70553640E+000     0.94652984E+000     0.24346644E-003     0.40058693E-004
     0.32449654E+000     0.24716006E-003    -0.46538475E-003     0.71677876E+000     0.95083709E+000     0.24883824E-003     0.67003666E-004
     0.32486404E+000     0.26034855E-003    -0.47062819E-003     0.72852926E+000     0.95549053E+000     0.24624776E-003     0.95501719E-004
     0.32523153E+000     0.27506169E-003    -0.47585238E-003     0.74069943E+000     0.96080779E+000     0.23517925E-003     0.12248115E-003
     0.32559902E+000     0.29177077E-003    -0.48071513E-003     0.75305849E+000     0.96703635E+000     0.21655002E-003     0.14483457E-003
     0.32596652E+000     0.31080044E-003    -0.48447179E-003     0.76529086E+000     0.97429636E+000     0.19254321E-003     0.16014915E-003
     0.32633401E+000     0.33205578E-003    -0.48612023E-003     0.77706766E+000     0.98256495E+000     0.16607917E-003     0.16721234E-003
     0.32670150E+000     0.35485861E-003    -0.48468763E-003     0.78810842E+000     0.99169411E+000     0.14013104E-003     0.16614411E-003
     0.32706900E+000     0.37796922E-003    -0.47963619E-003     0.79822511E+000     0.10014474E+001     0.11712054E-003     0.15815946E-003
     0.32743649E+000     0.39992463E-003    -0.47126353E-003     0.80735001E+000     0.10115482E+001     0.98565579E-004     0.14509077E-003
     0.32780398E+000     0.41969434E-003    -0.46080896E-003     0.81554478E+000     0.10217401E+001     0.85042577E-004     0.12885208E-003
     0.32817148E+000     0.43735828E-003    -0.45000991E-003     0.82297875E+000     0.10318538E+001     0.76426682E-004     0.11102166E-003
     0.32853897E+000     0.45433331E-003    -0.44017958E-003     0.82986714E+000     0.10418614E+001     0.72281025E-004     0.92675256E-004
     0.32890646E+000     0.47285068E-003    -0.43126880E-003     0.83637845E+000     0.10518885E+001     0.72198506E-004     0.74496702E-004
     0.32927396E+000     0.49484243E-003    -0.42149584E-003     0.84254273E+000     0.10621664E+001     0.75929378E-004     0.57041676E-004
     0.32964145E+000     0.52080637E-003    -0.40783982E-003     0.84820065E+000     0.10729319E+001     0.83276782E-004     0.40951009E-004
     0.33000894E+000     0.54926864E-003    -0.38717409E-003     0.85302077E+000     0.10843088E+001     0.93893883E-004     0.26980947E-004
     0.33037644E+000     0.57709366E-003    -0.35743912E-003     0.85658607E+000     0.10962165E+001     0.10714405E-003     0.15865469E-004
     0.33074393E+000     0.60037779E-003    -0.31829922E-003     0.85852251E+000     0.11083424E+001     0.12210404E-003     0.81160572E-005
     0.33111142E+000     0.61539428E-003    -0.27113191E-003     0.85862458E+000     0.11201945E+001     0.13770161E-003     0.38640613E-005
     0.33147892E+000     0.61920018E-003    -0.21861353E-003     0.85692928E+000     0.11312189E+001     0.15293076E-003     0.28154342E-005
     0.33184641E+000     0.60988068E-003    -0.16427691E-003     0.85370727E+000     0.11409387E+001     0.16705882E-003     0.43455274E-005
     0.33221390E+000     0.58666004E-003    -0.11221620E-003     0.84937595E+000     0.11490566E+001     0.17973373E-003     0.76990016E-005
     0.33258139E+000     0.55008395E-003    -0.66839904E-004     0.84437654E+000     0.11554828E+001     0.19094793E-003     0.12199773E-004
     0.33294889E+000     0.50225881E-003    -0.32457763E-004     0.83907178E+000     0.11602871E+001     0.20089960E-003     0.17376912E-004
     0.33331638E+000     0.44691849E-003    -0.12608055E-004     0.83370311E+000     0.11636128E+001     0.20983741E-003     0.22976890E-004
     0.33368387E+000     0.38907037E-003    -0.92956827E-005     0.82840828E+000     0.11656018E+001     0.21795642E-003     0.28896120E-004
     0.33405137E+000     0.33420006E-003    -0.22491961E-004     0.82326665E+000     0.11663625E+001     0.22536715E-003     0.35088476E-004
     0.33441886E+000     0.28731335E-003    -0.50158027E-004     0.81833190E+000     0.11659772E+001     0.23212725E-003     0.41494878E-004
     0.33478635E+000     0.25219853E-003    -0.88752456E-004     0.81363300E+000     0.11645151E+001     0.23830298E-003     0.48024826E-004
     0.33515385E+000     0.23111649E-003    -0.13392824E-003     0.80915844E+000     0.11620223E+001     0.24401688E-003     0.54593500E-004
     0.33552134E+000     0.22483881E-003    -0.18111631E-003     0.80485789E+000     0.11584824E+001     0.24944594E-003     0.61187584E-004
     0.33588883E+000     0.23280003E-003    -0.22589725E-003     0.80068509E+000     0.11537759E+001     0.25476201E-003     0.67914783E-004
     0.33625633E+000     0.25320376E-003    -0.26427379E-003     0.79667575E+000     0.11476749E+001     0.26004035E-003     0.74996642E-004
     0.33662382E+000     0.28311475E-003    -0.29299957E-003     0.79302584E+000     0.11398968E+001     0.26518602E-003     0.82691962E-004
     0.33699131E+000     0.31869258E-003    -0.30998635E-003     0.79012678E+000     0.11302083E+001     0.26992641E-003     0.91178241E-004
     0.33735881E+000     0.35567140E-003    -0.31464042E-003     0.78853018E+000     0.11185402E+001     0.27388563E-003     0.10044776E-003
     0.33772630E+000     0.39001534E-003    -0.30793087E-003     0.78884686E+000     0.11050669E+001     0.27671145E-003     0.11027003E-003
     0.33809379E+000     0.41853981E-003    -0.29210736E-003     0.79161622E+000     0.10902150E+001     0.27820047E-003     0.12023737E-003
     0.33846129E+000     0.43929299E-003    -0.27015842E-003     0.79719409E+000     0.10746000E+001     0.27837378E-003     0.12987212E-003
     0.33882878E+000     0.45161123E-003    -0.24520091E-003     0.80569445E+000     0.10589196E+001     0.27748090E-003     0.13875488E-003
     0.33919627E+000     0.45589335E-003    -0.21998223E-003     0.81699388E+000     0.10438416E+001     0.27593621E-003     0.14663170E-003
     0.33956377E+000     0.45321840E-003    -0.19660389E-003     0.83078345E+000     0.10299200E+001     0.27421175E-003     0.15347004E-003
     0.33993126E+000     0.44495664E-003    -0.17648667E-003     0.84664243E+000     0.10175509E+001     0.27272048E-003     0.15945086E-003
     0.34029875E+000     0.43250119E-003    -0.16051177E-003     0.86411078E+000     0.10069666E+001     0.27172359E-003     0.16490348E-003
     0.34066625E+000     0.41717853E-003    -0.14921207E-003     0.88274639E+000     0.99825661E+000     0.27128643E-003     0.17020404E-003
     0.34103374E+000     0.40029858E-003    -0.14288342E-003     0.90216197E+000     0.99140193E+000     0.27129566E-003     0.17566723E-003
     0.34140123E+000     0.38322627E-003    -0.14155338E-003     0.92204191E+000     0.98631318E+000     0.27153525E-003     0.18146574E-003
     0.34176873E+000     0.36734854E-003    -0.14485248E-003     0.94214334E+000     0.98286367E+000     0.27179913E-003     0.18761149E-003
     0.34213622E+000     0.35388797E-003    -0.15191563E-003     0.96228805E+000     0.98091331E+000     0.27199417E-003     0.19401779E-003
     0.34250371E+000     0.34362933E-003    -0.16143724E-003     0.98235231E+000     0.98032356E+000     0.27217395E-003     0.20062431E-003
     0.34287121E+000     0.33669767E-003    -0.17191378E-003     0.10022587E+001     0.98096784E+000     0.27246603E-003     0.20751915E-003
     0.34323870E+000     0.33250553E-003    -0.18199934E-003     0.10219691E+001     0.98274230E+000     0.27291740E-003     0.21497305E-003
     0.34360619E+000     0.32990354E-003    -0.19084906E-003     0.10414736E+001     0.98557833E+000     0.27334847E-003     0.22334074E-003
     0.34397369E+000     0.32748964E-003    -0.19834372E-003     0.10607720E+001     0.98945253E+000     0.27331862E-003     0.23287132E-003
     0.34434118E+000     0.32399459E-003    -0.20513604E-003     0.10798484E+001     0.99438721E+000     0.27224127E-003     0.24353928E-003
     0.34470867E+000     0.31864907E-003    -0.21250201E-003     0.10986471E+001     0.10004371E+001     0.26958775E-003     0.25500007E-003
     0.34507617E+000     0.31143422E-003    -0.22202535E-003     0.11170563E+001     0.10076637E+001     0.26506386E-003     0.26669219E-003
     0.34544366E+000     0.30313862E-003    -0.23519967E-003     0.11349083E+001     0.10161041E+001     0.25867127E-003     0.27801860E-003
     0.34581115E+000     0.29520975E-003    -0.25307144E-003     0.11519946E+001     0.10257439E+001     0.25064349E-003     0.28850763E-003
     0.34617865E+000     0.28947262E-003    -0.27602647E-003     0.11680916E+001     0.10365013E+001     0.24131189E-003     0.29788591E-003
     0.34654614E+000     0.28783078E-003    -0.30374318E-003     0.11829908E+001     0.10482254E+001     0.23097631E-003     0.30605231E-003
     0.34691363E+000     0.29203259E-003    -0.33525446E-003     0.11965230E+001     0.10607077E+001     0.21983525E-003     0.31298812E-003
     0.34728113E+000     0.30350900E-003    -0.36903936E-003     0.12085745E+001     0.10737013E+001     0.20799397E-003     0.31865849E-003
     0.34764862E+000     0.32323501E-003    -0.40311025E-003     0.12190920E+001     0.10869421E+001     0.19553109E-003     0.32295457E-003
     0.34801611E+000     0.35157506E-003    -0.43512338E-003     0.12280805E+001     0.11001665E+001     0.18257976E-003     0.32569948E-003
     0.34838360E+000     0.38812526E-003    -0.46256568E-003     0.12355960E+001     0.11131250E+001     0.16937915E-003     0.32670656E-003
     0.34875110E+000     0.43161605E-003    -0.48304182E-003     0.12417378E+001     0.11255906E+001     0.15627361E-003     0.32585449E-003
     0.34911859E+000     0.47994997E-003    -0.49462879E-003     0.12466402E+001     0.11373658E+001     0.14366660E-003     0.32314273E-003
     0.34948608E+000     0.53041705E-003    -0.49621336E-003     0.12504646E+001     0.11482866E+001     0.13195517E-003     0.31870778E-003
     0.34985358E+000     0.58007017E-003    -0.48770906E-003     0.12533892E+001     0.11582251E+001     0.12147277E-003     0.31280304E-003
     0.35022107E+000     0.62617967E-003    -0.47007080E-003     0.12556006E+001     0.11670886E+001     0.11245546E-003     0.30575960E-003
     0.35058856E+000     0.66664584E-003    -0.44508454E-003     0.12572854E+001     0.11748148E+001     0.10502978E-003     0.29794592E-003
     0.35095606E+000     0.70025215E-003    -0.41498600E-003     0.12586279E+001     0.11813642E+001     0.99211579E-004     0.28973314E-003
     0.35132355E+000     0.72669356E-003    -0.38202099E-003     0.12598130E+001     0.11867145E+001     0.94909689E-004     0.28146058E-003
     0.35169104E+000     0.74639021E-003    -0.34807577E-003     0.12610343E+001     0.11908596E+001     0.91940892E-004     0.27339602E-003
     0.35205854E+000     0.76016351E-003    -0.31447417E-003     0.12625013E+001     0.11938197E+001     0.90068399E-004     0.26569839E-003
     0.35242603E+000     0.76888744E-003    -0.28197961E-003     0.12644387E+001     0.11956575E+001     0.89064987E-004     0.25840433E-003
     0.35279352E+000     0.77322729E-003    -0.25097517E-003     0.12670724E+001     0.11964970E+001     0.88779685E-004     0.25145872E-003
     0.35316102E+000     0.77354630E-003    -0.22173848E-003     0.12706012E+001     0.11965327E+001     0.89172652E-004     0.24478605E-003
     0.35352851E+000     0.76999987E-003    -0.19469513E-003     0.12751638E+001     0.11960221E+001     0.90293180E-004     0.23837055E-003
     0.35389600E+000     0.76276285E-003    -0.17054366E-003     0.12808103E+001     0.11952591E+001     0.92207562E-004     0.23230129E-003
     0.35426350E+000     0.75228070E-003    -0.15020194E-003     0.12874905E+001     0.11945348E+001     0.94914662E-004     0.22675555E-003
     0.35463099E+000     0.73943171E-003    -0.13460414E-003     0.12950629E+001     0.11940958E+001     0.98295159E-004     0.22192889E-003
     0.35499848E+000     0.72553481E-003    -0.12443727E-003     0.13033218E+001     0.11941124E+001     0.10212072E-003     0.21794938E-003
     0.35536598E+000     0.71220733E-003    -0.11991805E-003     0.13120352E+001     0.11946635E+001     0.10611603E-003     0.21481957E-003
     0.35573347E+000     0.70112983E-003    -0.12067946E-003     0.13209831E+001     0.11957400E+001     0.11004091E-003     0.21241113E-003
     0.35610096E+000     0.69379377E-003    -0.12578707E-003     0.13299875E+001     0.11972628E+001     0.11375486E-003     0.21050817E-003
     0.35646846E+000     0.69129564E-003    -0.13386391E-003     0.13389307E+001     0.11991102E+001     0.11724220E-003     0.20887447E-003
     0.35683595E+000     0.69421435E-003    -0.14328025E-003     0.13477596E+001     0.12011478E+001     0.12059765E-003     0.20731679E-003
     0.35720344E+000     0.70258109E-003    -0.15236045E-003     0.13564770E+001     0.12032535E+001     0.12398625E-003     0.20572677E-003
     0.35757094E+000     0.71592921E-003    -0.15956740E-003     0.13651251E+001     0.12053352E+001     0.12759388E-003     0.20409700E-003
     0.35793843E+000     0.73339931E-003    -0.16363869E-003     0.13737652E+001     0.12073375E+001     0.13158030E-003     0.20251414E-003
     0.35830592E+000     0.75387011E-003    -0.16366441E-003     0.13824595E+001     0.12092388E+001     0.13604193E-003     0.20113451E-003
     0.35867342E+000     0.77608793E-003    -0.15910981E-003     0.13912589E+001     0.12110412E+001     0.14098891E-003     0.20014779E-003
     0.35904091E+000     0.79877439E-003    -0.14979742E-003     0.14001985E+001     0.12127592E+001     0.14633898E-003     0.19973483E-003
     0.35940840E+000     0.82070379E-003    -0.13587056E-003     0.14092986E+001     0.12144093E+001     0.15192975E-003     0.20002550E-003
     0.35977590E+000     0.84075787E-003    -0.11775811E-003     0.14185701E+001     0.12160032E+001     0.15754988E-003     0.20106396E-003
     0.36014339E+000     0.85797657E-003    -0.96147513E-004     0.14280204E+001     0.12175463E+001     0.16298656E-003     0.20279126E-003
     0.36051088E+000     0.87162028E-003    -0.71952939E-004     0.14376575E+001     0.12190371E+001     0.16807960E-003     0.20505485E-003
     0.36087838E+000     0.88123967E-003    -0.46256475E-004     0.14474947E+001     0.12204688E+001     0.17276491E-003     0.20764803E-003
     0.36124587E+000     0.88672858E-003    -0.20211068E-004     0.14575535E+001     0.12218322E+001     0.17708956E-003     0.21036950E-003
     0.36161336E+000     0.88833220E-003     0.50817325E-005     0.14678664E+001     0.12231186E+001     0.18118989E-003     0.21308226E-003
     0.36198086E+000     0.88660001E-003     0.28687953E-004     0.14784789E+001     0.12243265E+001     0.18523971E-003     0.21574882E-003
     0.36234835E+000     0.88229757E-003     0.49921915E-004     0.14894479E+001     0.12254684E+001     0.18938922E-003     0.21842970E-003
     0.36271584E+000     0.87630506E-003     0.68380644E-004     0.15008362E+001     0.12265782E+001     0.19371846E-003     0.22124783E-003
     0.36308333E+000     0.86952546E-003     0.83940990E-004     0.15127029E+001     0.12277160E+001     0.19822168E-003     0.22433548E-003
     0.36345083E+000     0.86281064E-003     0.96736454E-004     0.15250913E+001     0.12289668E+001     0.20282482E-003     0.22778556E-003
     0.36381832E+000     0.85690009E-003     0.10712492E-003     0.15380177E+001     0.12304338E+001     0.20742558E-003     0.23162461E-003
     0.36418581E+000     0.85236511E-003     0.11564695E-003     0.15514639E+001     0.12322263E+001     0.21193836E-003     0.23581458E-003
     0.36455331E+000     0.84955909E-003     0.12296710E-003     0.15653766E+001     0.12344448E+001     0.21632730E-003     0.24027892E-003
     0.36492080E+000     0.84858482E-003     0.12979309E-003     0.15796736E+001     0.12371674E+001     0.22061730E-003     0.24494034E-003
     0.36528829E+000     0.84929508E-003     0.13677877E-003     0.15942556E+001     0.12404396E+001     0.22488236E-003     0.24975600E-003
     0.36565579E+000     0.85133787E-003     0.14442977E-003     0.16090212E+001     0.12442714E+001     0.22921831E-003     0.25473904E-003
     0.36602328E+000     0.85424332E-003     0.15303707E-003     0.16238815E+001     0.12486416E+001     0.23371046E-003     0.25996239E-003
     0.36639077E+000     0.85753294E-003     0.16265983E-003     0.16387711E+001     0.12535073E+001     0.23840548E-003     0.26554697E-003
     0.36675827E+000     0.86082196E-003     0.17316284E-003     0.16536524E+001     0.12588179E+001     0.24329301E-003     0.27163996E-003
     0.36712576E+000     0.86388709E-003     0.18429668E-003     0.16685139E+001     0.12645282E+001     0.24829800E-003     0.27838877E-003
     0.36749325E+000     0.86668505E-003     0.19579532E-003     0.16833616E+001     0.12706090E+001     0.25328331E-003     0.28591445E-003
     0.36786075E+000     0.86932282E-003     0.20746489E-003     0.16982078E+001     0.12770513E+001     0.25806219E-003     0.29428723E-003
     0.36822824E+000     0.87199319E-003     0.21924401E-003     0.17130597E+001     0.12838655E+001     0.26242006E-003     0.30350796E-003
     0.36859573E+000     0.87489316E-003     0.23122683E-003     0.17279106E+001     0.12910739E+001     0.26614217E-003     0.31349917E-003
     0.36896323E+000     0.87814152E-003     0.24364804E-003     0.17427362E+001     0.12987022E+001     0.26904301E-003     0.32410600E-003
     0.36933072E+000     0.88170869E-003     0.25683308E-003     0.17574956E+001     0.13067695E+001     0.27099572E-003     0.33510645E-003
     0.36969821E+000     0.88537005E-003     0.27111800E-003     0.17721365E+001     0.13152817E+001     0.27196035E-003     0.34623234E-003
     0.37006571E+000     0.88869616E-003     0.28674557E-003     0.17866023E+001     0.13242279E+001     0.27200710E-003     0.35720446E-003
     0.37043320E+000     0.89109533E-003     0.30375161E-003     0.18008398E+001     0.13335810E+001     0.27132516E-003     0.36778291E-003
     0.37080069E+000     0.89192049E-003     0.32186915E-003     0.18148040E+001     0.13433006E+001     0.27020513E-003     0.37782610E-003
     0.37116819E+000     0.89063477E-003     0.34049177E-003     0.18284618E+001     0.13533379E+001     0.26898717E-003     0.38734136E-003
     0.37153568E+000     0.88699807E-003     0.35873720E-003     0.18417924E+001     0.13636405E+001     0.26798043E-003     0.39650371E-003
     0.37190317E+000     0.88120493E-003     0.37562127E-003     0.18547866E+001     0.13741558E+001     0.26737757E-003     0.40562522E-003
     0.37227067E+000     0.87390315E-003     0.39029735E-003     0.18674448E+001     0.13848341E+001     0.26719843E-003     0.41507846E-003
     0.37263816E+000     0.86606986E-003     0.40227048E-003     0.18797747E+001     0.13956301E+001     0.26728643E-003     0.42520181E-003
     0.37300565E+000     0.85879287E-003     0.41150131E-003     0.18917897E+001     0.14065032E+001     0.26735614E-003     0.43622320E-003
     0.37337315E+000     0.85304834E-003     0.41837285E-003     0.19035064E+001     0.14174179E+001     0.26706692E-003     0.44822590E-003
     0.37374064E+000     0.84955159E-003     0.42355954E-003     0.19149438E+001     0.14283433E+001     0.26609256E-003     0.46115708E-003
     0.37410813E+000     0.84870661E-003     0.42786735E-003     0.19261222E+001     0.14392522E+001     0.26416801E-003     0.47486301E-003
     0.37447563E+000     0.85063370E-003     0.43210030E-003     0.19370627E+001     0.14501209E+001     0.26110920E-003     0.48913189E-003
     0.37484312E+000     0.85523703E-003     0.43697688E-003     0.19477867E+001     0.14609282E+001     0.25681246E-003     0.50373104E-003
     0.37521061E+000     0.86227894E-003     0.44309358E-003     0.19583157E+001     0.14716549E+001     0.25124261E-003     0.51843324E-003
     0.37557811E+000     0.87144252E-003     0.45092149E-003     0.19686716E+001     0.14822838E+001     0.24441695E-003     0.53303213E-003
     0.37594560E+000     0.88237641E-003     0.46082057E-003     0.19788763E+001     0.14927985E+001     0.23639000E-003     0.54734946E-003
     0.37631309E+000     0.89472283E-003     0.47306074E-003     0.19889524E+001     0.15031839E+001     0.22724056E-003     0.56123678E-003
     0.37668059E+000     0.90813274E-003     0.48784324E-003     0.19989232E+001     0.15134254E+001     0.21706195E-003     0.57457417E-003
     0.37704808E+000     0.92227218E-003     0.50531915E-003     0.20088125E+001     0.15235090E+001     0.20595476E-003     0.58726745E-003
     0.37741557E+000     0.93682312E-003     0.52560427E-003     0.20186459E+001     0.15334211E+001     0.19402195E-003     0.59924492E-003
     0.37778307E+000     0.95148100E-003     0.54879023E-003     0.20284501E+001     0.15431487E+001     0.18136547E-003     0.61045406E-003
     0.37815056E+000     0.96595067E-003     0.57495249E-003     0.20382537E+001     0.15526790E+001     0.16808404E-003     0.62085857E-003
     0.37851805E+000     0.97994130E-003     0.60415569E-003     0.20480878E+001     0.15619997E+001     0.15427179E-003     0.63043567E-003
     0.37888554E+000     0.99316112E-003     0.63645690E-003     0.20579858E+001     0.15710995E+001     0.14001743E-003     0.63917385E-003
     0.37925304E+000     0.10053118E-002     0.67190706E-003     0.20679843E+001     0.15799676E+001     0.12540380E-003     0.64707089E-003
     0.37962053E+000     0.10160833E-002     0.71055101E-003     0.20781235E+001     0.15885948E+001     0.11050768E-003     0.65413220E-003
     0.37998802E+000     0.10251480E-002     0.75242605E-003     0.20884474E+001     0.15969733E+001     0.95399795E-004     0.66036943E-003
     0.38035552E+000     0.10321558E-002     0.79755921E-003     0.20990047E+001     0.16050976E+001     0.80144913E-004     0.66579925E-003
     0.38072301E+000     0.10367287E-002     0.84596313E-003     0.21098488E+001     0.16129652E+001     0.64802036E-004     0.67044233E-003
     0.38109050E+000     0.10384564E-002     0.89763038E-003     0.21210389E+001     0.16205774E+001     0.49424641E-004     0.67432250E-003
     0.38145800E+000     0.10368915E-002     0.95252616E-003     0.21326397E+001     0.16279404E+001     0.34060955E-004     0.67746599E-003
     0.38182549E+000     0.10315460E-002     0.10105790E-002     0.21447225E+001     0.16350667E+001     0.18754248E-004     0.67990083E-003
     0.38219298E+000     0.10218890E-002     0.10716696E-002     0.21573652E+001     0.16419768E+001     0.35431412E-005     0.68165630E-003
     0.38256048E+000     0.10073455E-002     0.11356168E-002     0.21706519E+001     0.16487011E+001    -0.11538083E-004     0.68276245E-003
     0.38292797E+000     0.98729872E-003     0.12021624E-002     0.21846733E+001     0.16552821E+001    -0.26459176E-004     0.68324982E-003
     0.38329546E+000     0.96109482E-003     0.12709518E-002     0.21995258E+001     0.16617776E+001    -0.41193621E-004     0.68314899E-003
     0.38366296E+000     0.92805267E-003     0.13415145E-002     0.22153097E+001     0.16682630E+001    -0.55718337E-004     0.68249043E-003
     0.38403045E+000     0.88747953E-003     0.14132421E-002     0.22321279E+001     0.16748353E+001    -0.70013403E-004     0.68130421E-003
     0.38439794E+000     0.83869404E-003     0.14853666E-002     0.22500822E+001     0.16816165E+001    -0.84061784E-004     0.67961987E-003
     0.38476544E+000     0.78105801E-003     0.15569406E-002     0.22692688E+001     0.16887570E+001    -0.97849078E-004     0.67746624E-003
     0.38513293E+000     0.71401789E-003     0.16268222E-002     0.22897726E+001     0.16964387E+001    -0.11136328E-003     0.67487134E-003
     0.38550042E+000     0.63715640E-003     0.16936685E-002     0.23116594E+001     0.17048774E+001    -0.12459453E-003     0.67186231E-003
     0.38586792E+000     0.55025315E-003     0.17559410E-002     0.23349658E+001     0.17143237E+001    -0.13753496E-003     0.66846530E-003
     0.38623541E+000     0.45335157E-003     0.18119307E-002     0.23596883E+001     0.17250607E+001    -0.15017842E-003     0.66470549E-003
     0.38660290E+000     0.34682694E-003     0.18598033E-002     0.23857705E+001     0.17373996E+001    -0.16252036E-003     0.66060700E-003
     0.38697040E+000     0.23144763E-003     0.18976722E-002     0.24130902E+001     0.17516695E+001    -0.17455764E-003     0.65619292E-003
     0.38733789E+000     0.10841963E-003     0.19236959E-002     0.24414479E+001     0.17682033E+001    -0.18628835E-003     0.65148525E-003
     0.38770538E+000    -0.20597035E-004     0.19361980E-002     0.24705578E+001     0.17873175E+001    -0.19771171E-003     0.64650498E-003
     0.38807288E+000    -0.15351041E-003     0.19338003E-002     0.25000458E+001     0.18092872E+001    -0.20882792E-003     0.64127204E-003
     0.38844037E+000    -0.28786414E-003     0.19155534E-002     0.25294542E+001     0.18343185E+001    -0.21963801E-003     0.63580534E-003
     0.38880786E+000    -0.42095112E-003     0.18810484E-002     0.25582579E+001     0.18625204E+001    -0.23014381E-003     0.63012280E-003
     0.38917536E+000    -0.54996559E-003     0.18304899E-002     0.25858896E+001     0.18938815E+001    -0.24034778E-003     0.62424138E-003
     0.38954285E+000    -0.67217813E-003     0.17647168E-002     0.26117755E+001     0.19282553E+001    -0.25025293E-003     0.61817710E-003
     0.38991034E+000    -0.78511154E-003     0.16851629E-002     0.26353751E+001     0.19653569E+001    -0.25986278E-003     0.61194507E-003
     0.39027784E+000    -0.88669477E-003     0.15937609E-002     0.26562222E+001     0.20047763E+001    -0.26918126E-003     0.60555955E-003
     0.39064533E+000    -0.97537482E-003     0.14928039E-002     0.26739596E+001     0.20460035E+001    -0.27821264E-003     0.59903396E-003
     0.39101282E+000    -0.10501750E-002     0.13847818E-002     0.26883625E+001     0.20884655E+001    -0.28696149E-003     0.59238092E-003
     0.39138032E+000    -0.11106971E-002     0.12722174E-002     0.26993477E+001     0.21315681E+001    -0.29543260E-003     0.58561230E-003
     0.39174781E+000    -0.11570745E-002     0.11575195E-002     0.27069684E+001     0.21747362E+001    -0.30363098E-003     0.57873925E-003
     0.39211530E+000    -0.11898893E-002     0.10428689E-002     0.27113963E+001     0.22174490E+001    -0.31156176E-003     0.57177223E-003
     0.39248280E+000    -0.12100693E-002     0.93014164E-003     0.27128951E+001     0.22592642E+001    -0.31923021E-003     0.56472106E-003
     0.39285029E+000    -0.12187806E-002     0.82087049E-003     0.27117908E+001     0.22998317E+001    -0.32664166E-003     0.55759493E-003
     0.39321778E+000    -0.12173256E-002     0.71623923E-003     0.27084428E+001     0.23388965E+001    -0.33380150E-003     0.55040244E-003
     0.39358528E+000    -0.12070571E-002     0.61710143E-003     0.27032177E+001     0.23762943E+001    -0.34071516E-003     0.54315167E-003
     0.39395277E+000    -0.11893095E-002     0.52401578E-003     0.26964701E+001     0.24119398E+001    -0.34738805E-003     0.53585015E-003
     0.39432026E+000    -0.11653494E-002     0.43728990E-003     0.26885278E+001     0.24458140E+001    -0.35382559E-003     0.52850494E-003
     0.39468775E+000    -0.11363432E-002     0.35702685E-003     0.26796836E+001     0.24779489E+001    -0.36003315E-003     0.52112261E-003
     0.39505525E+000    -0.11033385E-002     0.28316983E-003     0.26701914E+001     0.25084144E+001    -0.36601607E-003     0.51370932E-003
     0.39542274E+000    -0.10672575E-002     0.21554261E-003     0.26602657E+001     0.25373056E+001    -0.37177963E-003     0.50627082E-003
     0.39579023E+000    -0.10288977E-002     0.15388419E-003     0.26500831E+001     0.25647335E+001    -0.37732904E-003     0.49881246E-003
     0.39615773E+000    -0.98893842E-003     0.97877477E-004     0.26397861E+001     0.25908163E+001    -0.38266942E-003     0.49133925E-003
     0.39652522E+000    -0.94795009E-003     0.47172099E-004     0.26294870E+001     0.26156741E+001    -0.38780584E-003     0.48385583E-003
     0.39689271E+000    -0.90640588E-003     0.14020299E-005     0.26192719E+001     0.26394244E+001    -0.39274325E-003     0.47636655E-003
     0.39726021E+000    -0.86469323E-003    -0.39801240E-004     0.26092053E+001     0.26621792E+001    -0.39748650E-003     0.46887545E-003
     0.39762770E+000    -0.82312539E-003    -0.76799209E-004     0.25993336E+001     0.26840436E+001    -0.40204038E-003     0.46138629E-003
     0.39799519E+000    -0.78195222E-003    -0.10993982E-003     0.25896886E+001     0.27051143E+001    -0.40640953E-003     0.45390257E-003
     0.39836269E+000    -0.74136996E-003    -0.13955318E-003     0.25802904E+001     0.27254796E+001    -0.41059852E-003     0.44642754E-003
     0.39873018E+000    -0.70152994E-003    -0.16594907E-003     0.25711498E+001     0.27452195E+001    -0.41461180E-003     0.43896422E-003
     0.39909767E+000    -0.66254616E-003    -0.18941568E-003     0.25622708E+001     0.27644058E+001    -0.41845371E-003     0.43151543E-003
     0.39946517E+000    -0.62450188E-003    -0.21021936E-003     0.25536514E+001     0.27831026E+001    -0.42212850E-003     0.42408377E-003
     0.39983266E+000    -0.58745518E-003    -0.22860493E-003     0.25452861E+001     0.28013669E+001    -0.42564028E-003     0.41667166E-003
     0.40020015E+000    -0.55144367E-003    -0.24479653E-003     0.25371659E+001     0.28192495E+001    -0.42899309E-003     0.40928135E-003
     0.40056765E+000    -0.51648847E-003    -0.25899868E-003     0.25292800E+001     0.28367950E+001    -0.43219084E-003     0.40191491E-003
     0.40093514E+000    -0.48259748E-003    -0.27139750E-003     0.25216162E+001     0.28540431E+001    -0.43523734E-003     0.39457426E-003
     0.40130263E+000    -0.44976814E-003    -0.28216210E-003     0.25141613E+001     0.28710284E+001    -0.43813630E-003     0.38726120E-003
     0.40167013E+000    -0.41798969E-003    -0.29144583E-003     0.25069015E+001     0.28877818E+001    -0.44089133E-003     0.37997737E-003
     0.40203762E+000    -0.38724501E-003    -0.29938768E-003     0.24998231E+001     0.29043302E+001    -0.44350593E-003     0.37272430E-003
     0.40240511E+000    -0.35751212E-003    -0.30611344E-003     0.24929124E+001     0.29206974E+001    -0.44598352E-003     0.36550338E-003
     0.40277261E+000    -0.32876547E-003    -0.31173699E-003     0.24861560E+001     0.29369041E+001    -0.44832739E-003     0.35831592E-003
     0.40314010E+000    -0.30097689E-003    -0.31636132E-003     0.24795405E+001     0.29529688E+001    -0.45054077E-003     0.35116313E-003
     0.40350759E+000    -0.27411641E-003    -0.32007963E-003     0.24730536E+001     0.29689075E+001    -0.45262678E-003     0.34404609E-003
     0.40387509E+000    -0.24815293E-003    -0.32297620E-003     0.24666830E+001     0.29847343E+001    -0.45458845E-003     0.33696582E-003
     0.40424258E+000    -0.22305472E-003    -0.32512732E-003     0.24604172E+001     0.30004618E+001    -0.45642874E-003     0.32992326E-003
     0.40461007E+000    -0.19878982E-003    -0.32660202E-003     0.24542453E+001     0.30161009E+001    -0.45815051E-003     0.32291926E-003
     0.40497757E+000    -0.17532641E-003    -0.32746281E-003     0.24481568E+001     0.30316610E+001    -0.45975653E-003     0.31595461E-003
     0.40534506E+000    -0.15263300E-003    -0.32776630E-003     0.24421419E+001     0.30471507E+001    -0.46124950E-003     0.30903003E-003
     0.40571255E+000    -0.13067866E-003    -0.32756379E-003     0.24361913E+001     0.30625773E+001    -0.46263205E-003     0.30214617E-003
     0.40608005E+000    -0.10943314E-003    -0.32690181E-003     0.24302965E+001     0.30779474E+001    -0.46390671E-003     0.29530362E-003
     0.40644754E+000    -0.88867019E-004    -0.32582253E-003     0.24244491E+001     0.30932666E+001    -0.46507597E-003     0.28850295E-003
     0.40681503E+000    -0.68951732E-004    -0.32436427E-003     0.24186415E+001     0.31085400E+001    -0.46614222E-003     0.28174464E-003
     0.40718253E+000    -0.49659647E-004    -0.32256179E-003     0.24128666E+001     0.31237719E+001    -0.46710780E-003     0.27502913E-003
     0.40755002E+000    -0.30964086E-004    -0.32044669E-003     0.24071175E+001     0.31389662E+001    -0.46797497E-003     0.26835685E-003
     0.40791751E+000    -0.12839348E-004    -0.31804769E-003     0.24013880E+001     0.31541263E+001    -0.46874593E-003     0.26172815E-003
     0.40828501E+000     0.47392981E-005    -0.31539093E-003     0.23956722E+001     0.31692550E+001    -0.46942282E-003     0.25514337E-003
     0.40865250E+000     0.21795615E-004    -0.31250018E-003     0.23899645E+001     0.31843551E+001    -0.47000773E-003     0.24860279E-003
     0.40901999E+000     0.38352416E-004    -0.30939709E-003     0.23842598E+001     0.31994286E+001    -0.47050267E-003     0.24210669E-003
     0.40938748E+000     0.54431580E-004    -0.30610137E-003     0.23785533E+001     0.32144775E+001    -0.47090961E-003     0.23565529E-003
     0.40975498E+000     0.70054084E-004    -0.30263100E-003     0.23728404E+001     0.32295036E+001    -0.47123046E-003     0.22924880E-003
     0.41012247E+000     0.85240026E-004    -0.29900235E-003     0.23671169E+001     0.32445082E+001    -0.47146708E-003     0.22288739E-003
     0.41048996E+000     0.10000866E-003    -0.29523037E-003     0.23613788E+001     0.32594926E+001    -0.47162128E-003     0.21657124E-003
     0.41085746E+000     0.11437841E-003    -0.29132870E-003     0.23556225E+001     0.32744579E+001    -0.47169482E-003     0.21030045E-003
     0.41122495E+000     0.12836694E-003    -0.28730976E-003     0.23498446E+001     0.32894050E+001    -0.47168943E-003     0.20407516E-003
     0.41159244E+000     0.14199115E-003    -0.28318490E-003     0.23440417E+001     0.33043346E+001    -0.47160676E-003     0.19789545E-003
     0.41195994E+000     0.15526723E-003    -0.27896451E-003     0.23382108E+001     0.33192473E+001    -0.47144844E-003     0.19176140E-003
     0.41232743E+000     0.16821067E-003    -0.27465802E-003     0.23323492E+001     0.33341438E+001    -0.47121607E-003     0.18567307E-003
     0.41269492E+000     0.18083631E-003    -0.27027410E-003     0.23264542E+001     0.33490243E+001    -0.47091119E-003     0.17963050E-003
     0.41306242E+000     0.19315839E-003    -0.26582061E-003     0.23205233E+001     0.33638892E+001    -0.47053530E-003     0.17363372E-003
     0.41342991E+000     0.20519054E-003    -0.26130477E-003     0.23145542E+001     0.33787387E+001    -0.47008988E-003     0.16768274E-003
     0.41379740E+000     0.21694581E-003    -0.25673314E-003     0.23085447E+001     0.33935731E+001    -0.46957635E-003     0.16177758E-003
     0.41416490E+000     0.22843675E-003    -0.25211173E-003     0.23024927E+001     0.34083924E+001    -0.46899613E-003     0.15591821E-003
     0.41453239E+000     0.23967537E-003    -0.24744600E-003     0.22963964E+001     0.34231966E+001    -0.46835058E-003     0.15010463E-003
     0.41489988E+000     0.25067322E-003    -0.24274094E-003     0.22902539E+001     0.34379858E+001    -0.46764104E-003     0.14433681E-003
     0.41526738E+000     0.26144138E-003    -0.23800110E-003     0.22840636E+001     0.34527600E+001    -0.46686881E-003     0.13861470E-003
     0.41563487E+000     0.27199051E-003    -0.23323060E-003     0.22778239E+001     0.34675190E+001    -0.46603517E-003     0.13293826E-003
     0.41600236E+000     0.28233083E-003    -0.22843322E-003     0.22715332E+001     0.34822626E+001    -0.46514138E-003     0.12730743E-003
     0.41636986E+000     0.29247220E-003    -0.22361237E-003     0.22651903E+001     0.34969909E+001    -0.46418864E-003     0.12172216E-003
     0.41673735E+000     0.30242410E-003    -0.21877115E-003     0.22587937E+001     0.35117035E+001    -0.46317818E-003     0.11618236E-003
     0.41710484E+000     0.31219567E-003    -0.21391237E-003     0.22523423E+001     0.35264002E+001    -0.46211114E-003     0.11068797E-003
     0.41747234E+000     0.32179570E-003    -0.20903857E-003     0.22458348E+001     0.35410809E+001    -0.46098869E-003     0.10523890E-003
     0.41783983E+000     0.33123269E-003    -0.20415205E-003     0.22392702E+001     0.35557453E+001    -0.45981195E-003     0.99835059E-004
     0.41820732E+000     0.34051484E-003    -0.19925487E-003     0.22326474E+001     0.35703931E+001    -0.45858203E-003     0.94476351E-004
     0.41857482E+000     0.34965006E-003    -0.19434888E-003     0.22259655E+001     0.35850240E+001    -0.45730000E-003     0.89162676E-004
     0.41894231E+000     0.35864601E-003    -0.18943573E-003     0.22192234E+001     0.35996377E+001    -0.45596694E-003     0.83893926E-004
     0.41930980E+000     0.36751010E-003    -0.18451691E-003     0.22124205E+001     0.36142340E+001    -0.45458389E-003     0.78669991E-004
     0.41967730E+000     0.37624951E-003    -0.17959371E-003     0.22055557E+001     0.36288124E+001    -0.45315188E-003     0.73490753E-004
     0.42004479E+000     0.38487118E-003    -0.17466730E-003     0.21986284E+001     0.36433727E+001    -0.45167191E-003     0.68356090E-004
     0.42041228E+000     0.39338188E-003    -0.16973868E-003     0.21916379E+001     0.36579146E+001    -0.45014498E-003     0.63265877E-004
     0.42077978E+000     0.40178816E-003    -0.16480872E-003     0.21845833E+001     0.36724376E+001    -0.44857207E-003     0.58219984E-004
     0.42114727E+000     0.41009639E-003    -0.15987816E-003     0.21774640E+001     0.36869415E+001    -0.44695413E-003     0.53218273E-004
     0.42151476E+000     0.41831278E-003    -0.15494766E-003     0.21702794E+001     0.37014259E+001    -0.44529211E-003     0.48260608E-004
     0.42188226E+000     0.42644336E-003    -0.15001772E-003     0.21630290E+001     0.37158904E+001    -0.44358695E-003     0.43346843E-004
     0.42224975E+000     0.43449404E-003    -0.14508878E-003     0.21557121E+001     0.37303346E+001    -0.44183956E-003     0.38476831E-004
     0.42261724E+000     0.44247057E-003    -0.14016116E-003     0.21483281E+001     0.37447583E+001    -0.44005085E-003     0.33650421E-004
     0.42298474E+000     0.45037859E-003    -0.13523510E-003     0.21408767E+001     0.37591610E+001    -0.43822171E-003     0.28867456E-004
     0.42335223E+000     0.45822359E-003    -0.13031077E-003     0.21333572E+001     0.37735423E+001    -0.43635304E-003     0.24127776E-004
     0.42371972E+000     0.46601097E-003    -0.12538825E-003     0.21257693E+001     0.37879020E+001    -0.43444568E-003     0.19431218E-004
     0.42408722E+000     0.47374604E-003    -0.12046755E-003     0.21181124E+001     0.38022395E+001    -0.43250052E-003     0.14777613E-004
     0.42445471E+000     0.48143400E-003    -0.11554861E-003     0.21103862E+001     0.38165546E+001    -0.43051839E-003     0.10166788E-004
     0.42482220E+000     0.48907996E-003    -0.11063131E-003     0.21025902E+001     0.38308468E+001    -0.42850015E-003     0.55985685E-005
     0.42518969E+000     0.49668898E-003    -0.10571547E-003     0.20947240E+001     0.38451158E+001    -0.42644661E-003     0.10727735E-005
     0.42555719E+000     0.50426603E-003    -0.10080085E-003     0.20867874E+001     0.38593613E+001    -0.42435860E-003    -0.34107814E-005
     0.42592468E+000     0.51181602E-003    -0.95887161E-004     0.20787798E+001     0.38735827E+001    -0.42223694E-003    -0.78522844E-005
     0.42629217E+000     0.51934382E-003    -0.90974055E-004     0.20707010E+001     0.38877798E+001    -0.42008242E-003    -0.12251928E-004
     0.42665967E+000     0.52685424E-003    -0.86061142E-004     0.20625507E+001     0.39019522E+001    -0.41789586E-003    -0.16609909E-004
     0.42702716E+000     0.53435208E-003    -0.81147984E-004     0.20543284E+001     0.39160994E+001    -0.41567803E-003    -0.20926429E-004
     0.42739465E+000     0.54184207E-003    -0.76234098E-004     0.20460340E+001     0.39302211E+001    -0.41342973E-003    -0.25201692E-004
     0.42776215E+000     0.54932895E-003    -0.71318962E-004     0.20376672E+001     0.39443170E+001    -0.41115173E-003    -0.29435909E-004
     0.42812964E+000     0.55681743E-003    -0.66402009E-004     0.20292276E+001     0.39583866E+001    -0.40884480E-003    -0.33629292E-004
     0.42849713E+000     0.56431221E-003    -0.61482639E-004     0.20207150E+001     0.39724295E+001    -0.40650971E-003    -0.37782059E-004
     0.42886463E+000     0.57181801E-003    -0.56560209E-004     0.20121290E+001     0.39864455E+001    -0.40414721E-003    -0.41894434E-004
     0.42923212E+000     0.57933953E-003    -0.51634046E-004     0.20034696E+001     0.40004340E+001    -0.40175806E-003    -0.45966642E-004
     0.42959961E+000     0.58688149E-003    -0.46703437E-004     0.19947364E+001     0.40143947E+001    -0.39934301E-003    -0.49998915E-004
     0.42996711E+000     0.59444865E-003    -0.41767639E-004     0.19859292E+001     0.40283273E+001    -0.39690281E-003    -0.53991489E-004
     0.43033460E+000     0.60204578E-003    -0.36825875E-004     0.19770477E+001     0.40422313E+001    -0.39443818E-003    -0.57944604E-004
     0.43070209E+000     0.60967769E-003    -0.31877336E-004     0.19680918E+001     0.40561063E+001    -0.39194988E-003    -0.61858504E-004
     0.43106959E+000     0.61734923E-003    -0.26921184E-004     0.19590613E+001     0.40699520E+001    -0.38943863E-003    -0.65733438E-004
     0.43143708E+000     0.62506532E-003    -0.21956548E-004     0.19499558E+001     0.40837680E+001    -0.38690515E-003    -0.69569660E-004
     0.43180457E+000     0.63283093E-003    -0.16982529E-004     0.19407753E+001     0.40975539E+001    -0.38435018E-003    -0.73367428E-004
     0.43217207E+000     0.64065109E-003    -0.11998198E-004     0.19315195E+001     0.41113093E+001    -0.38177444E-003    -0.77127004E-004
     0.43253956E+000     0.64853093E-003    -0.70025986E-005     0.19221883E+001     0.41250338E+001    -0.37917863E-003    -0.80848656E-004
     0.43290705E+000     0.65647564E-003    -0.19947449E-005     0.19127814E+001     0.41387270E+001    -0.37656349E-003    -0.84532656E-004
     0.43327455E+000     0.66449053E-003     0.30263763E-005     0.19032988E+001     0.41523885E+001    -0.37392972E-003    -0.88179278E-004
     0.43364204E+000     0.67258101E-003     0.80618058E-005     0.18937401E+001     0.41660180E+001    -0.37127802E-003    -0.91788804E-004
     0.43400953E+000     0.68075258E-003     0.13112612E-004     0.18841053E+001     0.41796150E+001    -0.36860912E-003    -0.95361518E-004
     0.43437703E+000     0.68901091E-003     0.18179889E-004     0.18743942E+001     0.41931791E+001    -0.36592372E-003    -0.98897709E-004
     0.43474452E+000     0.69736176E-003     0.23264759E-004     0.18646067E+001     0.42067100E+001    -0.36322252E-003    -0.10239767E-003
     0.43511201E+000     0.70581109E-003     0.28368370E-004     0.18547425E+001     0.42202072E+001    -0.36050622E-003    -0.10586170E-003
     0.43547951E+000     0.71436498E-003     0.33491896E-004     0.18448015E+001     0.42336703E+001    -0.35777553E-003    -0.10929010E-003
     0.43584700E+000     0.72302969E-003     0.38636537E-004     0.18347836E+001     0.42470990E+001    -0.35503115E-003    -0.11268318E-003
     0.43621449E+000     0.73181169E-003     0.43803519E-004     0.18246887E+001     0.42604928E+001    -0.35227377E-003    -0.11604125E-003
     0.43658199E+000     0.74071761E-003     0.48994093E-004     0.18145166E+001     0.42738512E+001    -0.34950411E-003    -0.11936461E-003
     0.43694948E+000     0.74975434E-003     0.54209535E-004     0.18042671E+001     0.42871740E+001    -0.34672284E-003    -0.12265359E-003
     0.43731697E+000     0.75892896E-003     0.59451145E-004     0.17939402E+001     0.43004606E+001    -0.34393068E-003    -0.12590851E-003
     0.43768447E+000     0.76824883E-003     0.64720247E-004     0.17835357E+001     0.43137106E+001    -0.34112832E-003    -0.12912969E-003
     0.43805196E+000     0.77772156E-003     0.70018189E-004     0.17730535E+001     0.43269237E+001    -0.33831646E-003    -0.13231746E-003
     0.43841945E+000     0.78735503E-003     0.75346341E-004     0.17624935E+001     0.43400994E+001    -0.33549579E-003    -0.13547215E-003
     0.43878695E+000     0.79715746E-003     0.80706096E-004     0.17518555E+001     0.43532372E+001    -0.33266702E-003    -0.13859410E-003
     0.43915444E+000     0.80713735E-003     0.86098865E-004     0.17411395E+001     0.43663368E+001    -0.32983084E-003    -0.14168364E-003
     0.43952193E+000     0.81730358E-003     0.91526082E-004     0.17303453E+001     0.43793977E+001    -0.32698795E-003    -0.14474111E-003
     0.43988943E+000     0.82766539E-003     0.96989195E-004     0.17194729E+001     0.43924195E+001    -0.32413906E-003    -0.14776685E-003
     0.44025692E+000     0.83823241E-003     0.10248967E-003     0.17085220E+001     0.44054017E+001    -0.32128485E-003    -0.15076121E-003
     0.44062441E+000     0.84901472E-003     0.10802899E-003     0.16974927E+001     0.44183439E+001    -0.31842604E-003    -0.15372452E-003
     0.44099190E+000     0.86002282E-003     0.11360865E-003     0.16863849E+001     0.44312456E+001    -0.31556332E-003    -0.15665715E-003
     0.44135940E+000     0.87126773E-003     0.11923015E-003     0.16751983E+001     0.44441063E+001    -0.31269741E-003    -0.15955943E-003
     0.44172689E+000     0.88276095E-003     0.12489499E-003     0.16639330E+001     0.44569258E+001    -0.30982900E-003    -0.16243171E-003
     0.44209438E+000     0.89451459E-003     0.13060470E-003     0.16525889E+001     0.44697033E+001    -0.30695880E-003    -0.16527435E-003
     0.44246188E+000     0.90654131E-003     0.13636076E-003     0.16411658E+001     0.44824386E+001    -0.30408752E-003    -0.16808769E-003
     0.44282937E+000     0.91885443E-003     0.14216469E-003     0.16296638E+001     0.44951311E+001    -0.30121588E-003    -0.17087208E-003
     0.44319686E+000     0.93146796E-003     0.14801797E-003     0.16180826E+001     0.45077803E+001    -0.29834459E-003    -0.17362788E-003
     0.44356436E+000     0.94439665E-003     0.15392206E-003     0.16064223E+001     0.45203858E+001    -0.29547435E-003    -0.17635542E-003
     0.44393185E+000     0.95765601E-003     0.15987841E-003     0.15946828E+001     0.45329472E+001    -0.29260590E-003    -0.17905506E-003
     0.44429934E+000     0.97126245E-003     0.16588841E-003     0.15828640E+001     0.45454638E+001    -0.28973994E-003    -0.18172715E-003
     0.44466684E+000     0.98523324E-003     0.17195342E-003     0.15709658E+001     0.45579353E+001    -0.28687720E-003    -0.18437201E-003
     0.44503433E+000     0.99958666E-003     0.17807473E-003     0.15589882E+001     0.45703611E+001    -0.28401840E-003    -0.18699001E-003
     0.44540182E+000     0.10143420E-002     0.18425356E-003     0.15469311E+001     0.45827407E+001    -0.28116427E-003    -0.18958146E-003
     0.44576932E+000     0.10295199E-002     0.19049102E-003     0.15347945E+001     0.45950737E+001    -0.27831554E-003    -0.19214671E-003
     0.44613681E+000     0.10451418E-002     0.19678814E-003     0.15225783E+001     0.46073595E+001    -0.27547294E-003    -0.19468608E-003
     0.44650430E+000     0.10612309E-002     0.20314580E-003     0.15102824E+001     0.46195977E+001    -0.27263720E-003    -0.19719989E-003
     0.44687180E+000     0.10778117E-002     0.20956472E-003     0.14979069E+001     0.46317876E+001    -0.26980905E-003    -0.19968847E-003
     0.44723929E+000     0.10949100E-002     0.21604544E-003     0.14854517E+001     0.46439288E+001    -0.26698925E-003    -0.20215214E-003
     0.44760678E+000     0.11125536E-002     0.22258829E-003     0.14729168E+001     0.46560208E+001    -0.26417852E-003    -0.20459118E-003
     0.44797428E+000     0.11307720E-002     0.22919332E-003     0.14603021E+001     0.46680630E+001    -0.26137762E-003    -0.20700591E-003
     0.44834177E+000     0.11495966E-002     0.23586029E-003     0.14476076E+001     0.46800549E+001    -0.25858728E-003    -0.20939661E-003
     0.44870926E+000     0.11690611E-002     0.24258859E-003     0.14348333E+001     0.46919959E+001    -0.25580825E-003    -0.21176356E-003
     0.44907676E+000     0.11892012E-002     0.24937722E-003     0.14219791E+001     0.47038856E+001    -0.25304129E-003    -0.21410705E-003
     0.44944425E+000     0.12100555E-002     0.25622467E-003     0.14090451E+001     0.47157233E+001    -0.25028714E-003    -0.21642733E-003
     0.44981174E+000     0.12316651E-002     0.26312886E-003     0.13960313E+001     0.47275085E+001    -0.24754655E-003    -0.21872465E-003
     0.45017924E+000     0.12540742E-002     0.27008708E-003     0.13829375E+001     0.47392407E+001    -0.24482029E-003    -0.22099926E-003
     0.45054673E+000     0.12773302E-002     0.27709580E-003     0.13697639E+001     0.47509193E+001    -0.24210909E-003    -0.22325139E-003
     0.45091422E+000     0.13014842E-002     0.28415064E-003     0.13565105E+001     0.47625437E+001    -0.23941372E-003    -0.22548125E-003
     0.45128172E+000     0.13265911E-002     0.29124615E-003     0.13431772E+001     0.47741133E+001    -0.23673494E-003    -0.22768904E-003
     0.45164921E+000     0.13527101E-002     0.29837565E-003     0.13297640E+001     0.47856276E+001    -0.23407349E-003    -0.22987496E-003
     0.45201670E+000     0.13799051E-002     0.30553105E-003     0.13162711E+001     0.47970860E+001    -0.23143013E-003    -0.23203917E-003
     0.45238420E+000     0.14082453E-002     0.31270259E-003     0.13026983E+001     0.48084880E+001    -0.22880561E-003    -0.23418185E-003
     0.45275169E+000     0.14378054E-002     0.31987857E-003     0.12890458E+001     0.48198328E+001    -0.22620068E-003    -0.23630312E-003
     0.45311918E+000     0.14686665E-002     0.32704502E-003     0.12753136E+001     0.48311199E+001    -0.22361610E-003    -0.23840311E-003
     0.45348668E+000     0.15009166E-002     0.33418530E-003     0.12615016E+001     0.48423488E+001    -0.22105260E-003    -0.24048193E-003
     0.45385417E+000     0.15346513E-002     0.34127966E-003     0.12476101E+001     0.48535188E+001    -0.21851093E-003    -0.24253968E-003
     0.45422166E+000     0.15699747E-002     0.34830467E-003     0.12336389E+001     0.48646292E+001    -0.21599183E-003    -0.24457640E-003
     0.45458916E+000     0.16070002E-002     0.35523261E-003     0.12195882E+001     0.48756796E+001    -0.21349602E-003    -0.24659217E-003
     0.45495665E+000     0.16458517E-002     0.36203066E-003     0.12054581E+001     0.48866692E+001    -0.21102424E-003    -0.24858700E-003
     0.45532414E+000     0.16866646E-002     0.36866003E-003     0.11912485E+001     0.48975975E+001    -0.20857720E-003    -0.25056090E-003
     0.45569163E+000     0.17295871E-002     0.37507482E-003     0.11769596E+001     0.49084637E+001    -0.20615562E-003    -0.25251387E-003
     0.45605913E+000     0.17747819E-002     0.38122075E-003     0.11625915E+001     0.49192674E+001    -0.20376019E-003    -0.25444585E-003
     0.45642662E+000     0.18224274E-002     0.38703351E-003     0.11481442E+001     0.49300078E+001    -0.20139161E-003    -0.25635680E-003
     0.45679411E+000     0.18727199E-002     0.39243692E-003     0.11336178E+001     0.49406842E+001    -0.19905056E-003    -0.25824662E-003
     0.45716161E+000     0.19258757E-002     0.39734060E-003     0.11190125E+001     0.49512962E+001    -0.19673771E-003    -0.26011523E-003
     0.45752910E+000     0.19821331E-002     0.40163712E-003     0.11043283E+001     0.49618429E+001    -0.19445371E-003    -0.26196247E-003
     0.45789659E+000     0.20417555E-002     0.40519864E-003     0.10895654E+001     0.49723238E+001    -0.19219921E-003    -0.26378821E-003
     0.45826409E+000     0.21050340E-002     0.40787269E-003     0.10747238E+001     0.49827381E+001    -0.18997483E-003    -0.26559226E-003
     0.45863158E+000     0.21722905E-002     0.40947706E-003     0.10598038E+001     0.49930853E+001    -0.18778117E-003    -0.26737442E-003
     0.45899907E+000     0.22438817E-002     0.40979345E-003     0.10448053E+001     0.50033646E+001    -0.18561884E-003    -0.26913446E-003
     0.45936657E+000     0.23202028E-002     0.40855972E-003     0.10297287E+001     0.50135754E+001    -0.18348839E-003    -0.27087214E-003
     0.45973406E+000     0.24016917E-002     0.40546022E-003     0.10145740E+001     0.50237169E+001    -0.18139038E-003    -0.27258717E-003
     0.46010155E+000     0.24888332E-002     0.40011371E-003     0.99934136E+000     0.50337886E+001    -0.17932532E-003    -0.27427925E-003
     0.46046905E+000     0.25821639E-002     0.39205844E-003     0.98403097E+000     0.50437898E+001    -0.17729373E-003    -0.27594806E-003
     0.46083654E+000     0.26822759E-002     0.38073333E-003     0.96864300E+000     0.50537196E+001    -0.17529607E-003    -0.27759325E-003
     0.46120403E+000     0.27898208E-002     0.36545444E-003     0.95317763E+000     0.50635775E+001    -0.17333280E-003    -0.27921446E-003
     0.46157153E+000     0.29055115E-002     0.34538541E-003     0.93763504E+000     0.50733628E+001    -0.17140433E-003    -0.28081128E-003
     0.46193902E+000     0.30301219E-002     0.31950017E-003     0.92201543E+000     0.50830747E+001    -0.16951105E-003    -0.28238331E-003
     0.46230651E+000     0.31644822E-002     0.28653606E-003     0.90631900E+000     0.50927126E+001    -0.16765331E-003    -0.28393010E-003
     0.46267401E+000     0.33094666E-002     0.24493498E-003     0.89054596E+000     0.51022757E+001    -0.16583145E-003    -0.28545120E-003
     0.46304150E+000     0.34659707E-002     0.19276960E-003     0.87469653E+000     0.51117633E+001    -0.16404575E-003    -0.28694615E-003
     0.46340899E+000     0.36348700E-002     0.12765187E-003     0.85877095E+000     0.51211748E+001    -0.16229647E-003    -0.28841444E-003
     0.46377649E+000     0.38169515E-002     0.46620838E-004     0.84276944E+000     0.51305093E+001    -0.16058382E-003    -0.28985557E-003
     0.46414398E+000     0.40128039E-002    -0.53991740E-004     0.82669225E+000     0.51397662E+001    -0.15890798E-003    -0.29126901E-003
     0.46451147E+000     0.42226447E-002    -0.17871643E-003     0.81053964E+000     0.51489448E+001    -0.15726910E-003    -0.29265423E-003
     0.46487897E+000     0.44460558E-002    -0.33311327E-003     0.79431186E+000     0.51580443E+001    -0.15566726E-003    -0.29401068E-003
     0.46524646E+000     0.46815864E-002    -0.52392859E-003     0.77800920E+000     0.51670640E+001    -0.15410253E-003    -0.29533781E-003
     0.46561395E+000     0.49261747E-002    -0.75919367E-003     0.76163192E+000     0.51760032E+001    -0.15257491E-003    -0.29663503E-003
     0.46598145E+000     0.51743337E-002    -0.10481737E-002     0.74518033E+000     0.51848612E+001    -0.15108440E-003    -0.29790180E-003
     0.46634894E+000     0.54170679E-002    -0.14010069E-002     0.72865472E+000     0.51936371E+001    -0.14963090E-003    -0.29913751E-003
     0.46671643E+000     0.56405560E-002    -0.18277802E-002     0.71205540E+000     0.52023302E+001    -0.14821431E-003    -0.30034160E-003
     0.46708393E+000     0.58248045E-002    -0.23366949E-002     0.69538269E+000     0.52109399E+001    -0.14683446E-003    -0.30151349E-003
     0.46745142E+000     0.59427971E-002    -0.29309664E-002     0.67863692E+000     0.52194654E+001    -0.14549115E-003    -0.30265259E-003
     0.46781891E+000     0.59611342E-002    -0.36043549E-002     0.66181842E+000     0.52279059E+001    -0.14418412E-003    -0.30375833E-003
     0.46818641E+000     0.58435575E-002    -0.43360037E-002     0.64492754E+000     0.52362607E+001    -0.14291309E-003    -0.30483015E-003
     0.46855390E+000     0.55585088E-002    -0.50866450E-002     0.62796464E+000     0.52445290E+001    -0.14167770E-003    -0.30586749E-003
     0.46892139E+000     0.50901439E-002    -0.57995970E-002     0.61093008E+000     0.52527102E+001    -0.14047757E-003    -0.30686980E-003
     0.46928889E+000     0.44489781E-002    -0.64095676E-002     0.59382425E+000     0.52608033E+001    -0.13931228E-003    -0.30783654E-003
     0.46965638E+000     0.36757798E-002    -0.68584845E-002     0.57664754E+000     0.52688077E+001    -0.13818134E-003    -0.30876720E-003
     0.47002387E+000     0.28341532E-002    -0.71119012E-002     0.55940033E+000     0.52767227E+001    -0.13708425E-003    -0.30966127E-003
     0.47039137E+000     0.19940234E-002    -0.71673300E-002     0.54208304E+000     0.52845474E+001    -0.13602045E-003    -0.31051829E-003
     0.47075886E+000     0.12143691E-002    -0.70505707E-002     0.52469609E+000     0.52922812E+001    -0.13498933E-003    -0.31133778E-003
     0.47112635E+000     0.53309573E-003    -0.68037245E-002     0.50723991E+000     0.52999232E+001    -0.13399027E-003    -0.31211932E-003
     0.47149384E+000    -0.33907218E-004    -0.64721451E-002     0.48971494E+000     0.53074727E+001    -0.13302258E-003    -0.31286251E-003
     0.47186134E+000    -0.48765744E-003    -0.60954560E-002     0.47212162E+000     0.53149290E+001    -0.13208557E-003    -0.31356696E-003
     0.47222883E+000    -0.83925768E-003    -0.57037237E-002     0.45446043E+000     0.53222912E+001    -0.13117847E-003    -0.31423232E-003
     0.47259632E+000    -0.11041567E-002    -0.53173543E-002     0.43673182E+000     0.53295587E+001    -0.13030052E-003    -0.31485829E-003
     0.47296382E+000    -0.12983921E-002    -0.49487998E-002     0.41893629E+000     0.53367307E+001    -0.12945092E-003    -0.31544459E-003
     0.47333131E+000    -0.14365974E-002    -0.46047084E-002     0.40107434E+000     0.53438064E+001    -0.12862881E-003    -0.31599096E-003
     0.47369880E+000    -0.15312094E-002    -0.42878407E-002     0.38314646E+000     0.53507851E+001    -0.12783336E-003    -0.31649721E-003
     0.47406630E+000    -0.15923549E-002    -0.39985327E-002     0.36515317E+000     0.53576660E+001    -0.12706366E-003    -0.31696315E-003
     0.47443379E+000    -0.16280627E-002    -0.37357165E-002     0.34709500E+000     0.53644483E+001    -0.12631882E-003    -0.31738867E-003
     0.47480128E+000    -0.16445926E-002    -0.34975907E-002     0.32897249E+000     0.53711313E+001    -0.12559790E-003    -0.31777367E-003
     0.47516878E+000    -0.16467734E-002    -0.32820386E-002     0.31078619E+000     0.53777143E+001    -0.12489998E-003    -0.31811811E-003
     0.47553627E+000    -0.16383065E-002    -0.30868775E-002     0.29253666E+000     0.53841965E+001    -0.12422410E-003    -0.31842196E-003
     0.47590376E+000    -0.16220182E-002    -0.29099990E-002     0.27422447E+000     0.53905772E+001    -0.12356928E-003    -0.31868528E-003
     0.47627126E+000    -0.16000611E-002    -0.27494407E-002     0.25585022E+000     0.53968555E+001    -0.12293457E-003    -0.31890812E-003
     0.47663875E+000    -0.15740732E-002    -0.26034173E-002     0.23741449E+000     0.54030308E+001    -0.12231898E-003    -0.31909062E-003
     0.47700624E+000    -0.15452988E-002    -0.24703281E-002     0.21891789E+000     0.54091023E+001    -0.12172152E-003    -0.31923293E-003
     0.47737374E+000    -0.15146823E-002    -0.23487507E-002     0.20036105E+000     0.54150693E+001    -0.12114122E-003    -0.31933526E-003
     0.47774123E+000    -0.14829392E-002    -0.22374282E-002     0.18174458E+000     0.54209310E+001    -0.12057710E-003    -0.31939784E-003
     0.47810872E+000    -0.14506101E-002    -0.21352538E-002     0.16306915E+000     0.54266868E+001    -0.12002817E-003    -0.31942096E-003
     0.47847622E+000    -0.14181016E-002    -0.20412541E-002     0.14433539E+000     0.54323358E+001    -0.11949348E-003    -0.31940494E-003
     0.47884371E+000    -0.13857180E-002    -0.19545739E-002     0.12554398E+000     0.54378773E+001    -0.11897206E-003    -0.31935015E-003
     0.47921120E+000    -0.13536850E-002    -0.18744612E-002     0.10669559E+000     0.54433106E+001    -0.11846296E-003    -0.31925698E-003
     0.47957870E+000    -0.13221677E-002    -0.18002544E-002     0.87790912E-001     0.54486350E+001    -0.11796525E-003    -0.31912587E-003
     0.47994619E+000    -0.12912850E-002    -0.17313706E-002     0.68830649E-001     0.54538498E+001    -0.11747801E-003    -0.31895730E-003
     0.48031368E+000    -0.12611202E-002    -0.16672952E-002     0.49815512E-001     0.54589543E+001    -0.11700034E-003    -0.31875176E-003
     0.48068118E+000    -0.12317289E-002    -0.16075736E-002     0.30746225E-001     0.54639477E+001    -0.11653135E-003    -0.31850981E-003
     0.48104867E+000    -0.12031461E-002    -0.15518025E-002     0.11623526E-001     0.54688293E+001    -0.11607018E-003    -0.31823200E-003
     0.48141616E+000    -0.11753905E-002    -0.14996244E-002    -0.75518376E-002     0.54735985E+001    -0.11561600E-003    -0.31791894E-003
     0.48178366E+000    -0.11484689E-002    -0.14507208E-002    -0.26779106E-001     0.54782545E+001    -0.11516798E-003    -0.31757125E-003
     0.48215115E+000    -0.11223786E-002    -0.14048080E-002    -0.46057508E-001     0.54827966E+001    -0.11472535E-003    -0.31718958E-003
     0.48251864E+000    -0.10971101E-002    -0.13616324E-002    -0.65386260E-001     0.54872242E+001    -0.11428733E-003    -0.31677462E-003
     0.48288614E+000    -0.10726488E-002    -0.13209668E-002    -0.84764567E-001     0.54915366E+001    -0.11385319E-003    -0.31632704E-003
     0.48325363E+000    -0.10489764E-002    -0.12826076E-002    -0.10419162E+000     0.54957331E+001    -0.11342223E-003    -0.31584759E-003
     0.48362112E+000    -0.10260719E-002    -0.12463713E-002    -0.12366661E+000     0.54998130E+001    -0.11299375E-003    -0.31533698E-003
     0.48398862E+000    -0.10039128E-002    -0.12120929E-002    -0.14318869E+000     0.55037757E+001    -0.11256712E-003    -0.31479597E-003
     0.48435611E+000    -0.98247516E-003    -0.11796231E-002    -0.16275703E+000     0.55076205E+001    -0.11214172E-003    -0.31422533E-003
     0.48472360E+000    -0.96173460E-003    -0.11488272E-002    -0.18237078E+000     0.55113468E+001    -0.11171695E-003    -0.31362583E-003
     0.48509110E+000    -0.94166647E-003    -0.11195826E-002    -0.20202906E+000     0.55149538E+001    -0.11129226E-003    -0.31299826E-003
     0.48545859E+000    -0.92224624E-003    -0.10917784E-002    -0.22173102E+000     0.55184411E+001    -0.11086711E-003    -0.31234343E-003
     0.48582608E+000    -0.90344962E-003    -0.10653134E-002    -0.24147574E+000     0.55218079E+001    -0.11044102E-003    -0.31166213E-003
     0.48619358E+000    -0.88525282E-003    -0.10400954E-002    -0.26126234E+000     0.55250536E+001    -0.11001352E-003    -0.31095517E-003
     0.48656107E+000    -0.86763262E-003    -0.10160404E-002    -0.28108991E+000     0.55281777E+001    -0.10958416E-003    -0.31022338E-003
     0.48692856E+000    -0.85056647E-003    -0.99307132E-003    -0.30095753E+000     0.55311794E+001    -0.10915255E-003    -0.30946755E-003
     0.48729605E+000    -0.83403255E-003    -0.97111767E-003    -0.32086426E+000     0.55340582E+001    -0.10871830E-003    -0.30868851E-003
     0.48766355E+000    -0.81800978E-003    -0.95011474E-003    -0.34080915E+000     0.55368136E+001    -0.10828107E-003    -0.30788707E-003
     0.48803104E+000    -0.80247791E-003    -0.93000307E-003    -0.36079126E+000     0.55394449E+001    -0.10784054E-003    -0.30706404E-003
     0.48839853E+000    -0.78741744E-003    -0.91072794E-003    -0.38080962E+000     0.55419516E+001    -0.10739642E-003    -0.30622023E-003
     0.48876603E+000    -0.77280967E-003    -0.89223888E-003    -0.40086325E+000     0.55443330E+001    -0.10694844E-003    -0.30535644E-003
     0.48913352E+000    -0.75863669E-003    -0.87448933E-003    -0.42095117E+000     0.55465887E+001    -0.10649637E-003    -0.30447346E-003
     0.48950101E+000    -0.74488135E-003    -0.85743625E-003    -0.44107237E+000     0.55487181E+001    -0.10604000E-003    -0.30357209E-003
     0.48986851E+000    -0.73152722E-003    -0.84103981E-003    -0.46122585E+000     0.55507206E+001    -0.10557913E-003    -0.30265309E-003
     0.49023600E+000    -0.71855863E-003    -0.82526308E-003    -0.48141058E+000     0.55525958E+001    -0.10511361E-003    -0.30171725E-003
     0.49060349E+000    -0.70596056E-003    -0.81007180E-003    -0.50162555E+000     0.55543430E+001    -0.10464330E-003    -0.30076531E-003
     0.49097099E+000    -0.69371870E-003    -0.79543416E-003    -0.52186971E+000     0.55559619E+001    -0.10416808E-003    -0.29979803E-003
     0.49133848E+000    -0.68181937E-003    -0.78132055E-003    -0.54214201E+000     0.55574519E+001    -0.10368785E-003    -0.29881613E-003
     0.49170597E+000    -0.67024949E-003    -0.76770339E-003    -0.56244139E+000     0.55588126E+001    -0.10320254E-003    -0.29782035E-003
     0.49207347E+000    -0.65899659E-003    -0.75455701E-003    -0.58276678E+000     0.55600433E+001    -0.10271209E-003    -0.29681138E-003
     0.49244096E+000    -0.64804875E-003    -0.74185740E-003    -0.60311710E+000     0.55611438E+001    -0.10221647E-003    -0.29578992E-003
     0.49280845E+000    -0.63739461E-003    -0.72958217E-003    -0.62349127E+000     0.55621135E+001    -0.10171565E-003    -0.29475665E-003
     0.49317595E+000    -0.62702329E-003    -0.71771036E-003    -0.64388818E+000     0.55629520E+001    -0.10120964E-003    -0.29371224E-003
     0.49354344E+000    -0.61692442E-003    -0.70622236E-003    -0.66430673E+000     0.55636589E+001    -0.10069844E-003    -0.29265733E-003
     0.49391093E+000    -0.60708809E-003    -0.69509977E-003    -0.68474581E+000     0.55642337E+001    -0.10018208E-003    -0.29159255E-003
     0.49427843E+000    -0.59750483E-003    -0.68432537E-003    -0.70520428E+000     0.55646761E+001    -0.99660603E-004    -0.29051853E-003
     0.49464592E+000    -0.58816559E-003    -0.67388296E-003    -0.72568101E+000     0.55649856E+001    -0.99134063E-004    -0.28943586E-003
     0.49501341E+000    -0.57906172E-003    -0.66375733E-003    -0.74617487E+000     0.55651619E+001    -0.98602525E-004    -0.28834514E-003
     0.49538091E+000    -0.57018496E-003    -0.65393418E-003    -0.76668469E+000     0.55652046E+001    -0.98066067E-004    -0.28724692E-003
     0.49574840E+000    -0.56152739E-003    -0.64440004E-003    -0.78720932E+000     0.55651134E+001    -0.97524777E-004    -0.28614176E-003
     0.49611589E+000    -0.55308146E-003    -0.63514223E-003    -0.80774759E+000     0.55648878E+001    -0.96978751E-004    -0.28503020E-003
     0.49648339E+000    -0.54483992E-003    -0.62614878E-003    -0.82829833E+000     0.55645277E+001    -0.96428096E-004    -0.28391276E-003
     0.49685088E+000    -0.53679585E-003    -0.61740841E-003    -0.84886036E+000     0.55640326E+001    -0.95872926E-004    -0.28278994E-003
     0.49721837E+000    -0.52894262E-003    -0.60891046E-003    -0.86943247E+000     0.55634023E+001    -0.95313361E-004    -0.28166222E-003
     0.49758587E+000    -0.52127388E-003    -0.60064486E-003    -0.89001348E+000     0.55626365E+001    -0.94749531E-004    -0.28053009E-003
     0.49795336E+000    -0.51378354E-003    -0.59260209E-003    -0.91060217E+000     0.55617348E+001    -0.94181568E-004    -0.27939399E-003
     0.49832085E+000    -0.50646577E-003    -0.58477312E-003    -0.93119734E+000     0.55606972E+001    -0.93609612E-004    -0.27825437E-003
     0.49868835E+000    -0.49931499E-003    -0.57714943E-003    -0.95179777E+000     0.55595232E+001    -0.93033807E-004    -0.27711164E-003
     0.49905584E+000    -0.49232583E-003    -0.56972291E-003    -0.97240223E+000     0.55582127E+001    -0.92454301E-004    -0.27596623E-003
     0.49942333E+000    -0.48549316E-003    -0.56248590E-003    -0.99300949E+000     0.55567654E+001    -0.91871246E-004    -0.27481852E-003
     0.49979083E+000    -0.47881203E-003    -0.55543111E-003    -0.10136183E+001     0.55551812E+001    -0.91284795E-004    -0.27366890E-003
     0.50015832E+000    -0.47227773E-003    -0.54855163E-003    -0.10342274E+001     0.55534599E+001    -0.90695106E-004    -0.27251772E-003
     0.50052581E+000    -0.46588570E-003    -0.54184089E-003    -0.10548357E+001     0.55516013E+001    -0.90102337E-004    -0.27136535E-003
     0.50089331E+000    -0.45963157E-003    -0.53529263E-003    -0.10754417E+001     0.55496052E+001    -0.89506650E-004    -0.27021212E-003
     0.50126080E+000    -0.45351115E-003    -0.52890092E-003    -0.10960443E+001     0.55474715E+001    -0.88908207E-004    -0.26905835E-003
     0.50162829E+000    -0.44752042E-003    -0.52266009E-003    -0.11166421E+001     0.55452001E+001    -0.88307169E-004    -0.26790435E-003
     0.50199578E+000    -0.44165549E-003    -0.51656477E-003    -0.11372340E+001     0.55427908E+001    -0.87703699E-004    -0.26675043E-003
     0.50236328E+000    -0.43591263E-003    -0.51060980E-003    -0.11578186E+001     0.55402436E+001    -0.87097961E-004    -0.26559687E-003
     0.50273077E+000    -0.43028827E-003    -0.50479031E-003    -0.11783947E+001     0.55375584E+001    -0.86490118E-004    -0.26444394E-003
     0.50309826E+000    -0.42477896E-003    -0.49910161E-003    -0.11989610E+001     0.55347351E+001    -0.85880330E-004    -0.26329191E-003
     0.50346576E+000    -0.41938136E-003    -0.49353925E-003    -0.12195162E+001     0.55317737E+001    -0.85268761E-004    -0.26214102E-003
     0.50383325E+000    -0.41409229E-003    -0.48809896E-003    -0.12400590E+001     0.55286741E+001    -0.84655569E-004    -0.26099152E-003
     0.50420074E+000    -0.40890867E-003    -0.48277669E-003    -0.12605881E+001     0.55254364E+001    -0.84040914E-004    -0.25984363E-003
     0.50456824E+000    -0.40382752E-003    -0.47756854E-003    -0.12811022E+001     0.55220605E+001    -0.83424953E-004    -0.25869757E-003
     0.50493573E+000    -0.39884599E-003    -0.47247079E-003    -0.13016001E+001     0.55185465E+001    -0.82807841E-004    -0.25755355E-003
     0.50530322E+000    -0.39396133E-003    -0.46747988E-003    -0.13220804E+001     0.55148943E+001    -0.82189732E-004    -0.25641176E-003
     0.50567072E+000    -0.38917087E-003    -0.46259240E-003    -0.13425418E+001     0.55111041E+001    -0.81570777E-004    -0.25527240E-003
     0.50603821E+000    -0.38447204E-003    -0.45780510E-003    -0.13629830E+001     0.55071759E+001    -0.80951125E-004    -0.25413565E-003
     0.50640570E+000    -0.37986239E-003    -0.45311483E-003    -0.13834027E+001     0.55031098E+001    -0.80330923E-004    -0.25300167E-003
     0.50677320E+000    -0.37533952E-003    -0.44851862E-003    -0.14037996E+001     0.54989059E+001    -0.79710316E-004    -0.25187062E-003
     0.50714069E+000    -0.37090112E-003    -0.44401357E-003    -0.14241725E+001     0.54945643E+001    -0.79089445E-004    -0.25074267E-003
     0.50750818E+000    -0.36654496E-003    -0.43959694E-003    -0.14445199E+001     0.54900851E+001    -0.78468448E-004    -0.24961795E-003
     0.50787568E+000    -0.36226891E-003    -0.43526607E-003    -0.14648406E+001     0.54854686E+001    -0.77847463E-004    -0.24849661E-003
     0.50824317E+000    -0.35807088E-003    -0.43101842E-003    -0.14851332E+001     0.54807148E+001    -0.77226621E-004    -0.24737876E-003
     0.50861066E+000    -0.35394886E-003    -0.42685155E-003    -0.15053966E+001     0.54758239E+001    -0.76606053E-004    -0.24626455E-003
     0.50897816E+000    -0.34990092E-003    -0.42276312E-003    -0.15256292E+001     0.54707962E+001    -0.75985887E-004    -0.24515407E-003
     0.50934565E+000    -0.34592518E-003    -0.41875086E-003    -0.15458299E+001     0.54656319E+001    -0.75366247E-004    -0.24404745E-003
     0.50971314E+000    -0.34201982E-003    -0.41481261E-003    -0.15659974E+001     0.54603312E+001    -0.74747253E-004    -0.24294479E-003
     0.51008064E+000    -0.33818309E-003    -0.41094629E-003    -0.15861303E+001     0.54548943E+001    -0.74129025E-004    -0.24184618E-003
     0.51044813E+000    -0.33441328E-003    -0.40714987E-003    -0.16062272E+001     0.54493216E+001    -0.73511676E-004    -0.24075171E-003
     0.51081562E+000    -0.33070876E-003    -0.40342143E-003    -0.16262871E+001     0.54436133E+001    -0.72895319E-004    -0.23966148E-003
     0.51118312E+000    -0.32706794E-003    -0.39975911E-003    -0.16463084E+001     0.54377698E+001    -0.72280063E-004    -0.23857555E-003
     0.51155061E+000    -0.32348926E-003    -0.39616111E-003    -0.16662899E+001     0.54317913E+001    -0.71666013E-004    -0.23749402E-003
     0.51191810E+000    -0.31997125E-003    -0.39262570E-003    -0.16862304E+001     0.54256782E+001    -0.71053272E-004    -0.23641694E-003
     0.51228560E+000    -0.31651244E-003    -0.38915121E-003    -0.17061285E+001     0.54194308E+001    -0.70441938E-004    -0.23534438E-003
     0.51265309E+000    -0.31311145E-003    -0.38573603E-003    -0.17259830E+001     0.54130495E+001    -0.69832110E-004    -0.23427640E-003
     0.51302058E+000    -0.30976691E-003    -0.38237862E-003    -0.17457925E+001     0.54065348E+001    -0.69223879E-004    -0.23321306E-003
     0.51338808E+000    -0.30647750E-003    -0.37907748E-003    -0.17655558E+001     0.53998870E+001    -0.68617336E-004    -0.23215442E-003
     0.51375557E+000    -0.30324195E-003    -0.37583116E-003    -0.17852715E+001     0.53931065E+001    -0.68012568E-004    -0.23110051E-003
     0.51412306E+000    -0.30005902E-003    -0.37263826E-003    -0.18049385E+001     0.53861938E+001    -0.67409660E-004    -0.23005139E-003
     0.51449056E+000    -0.29692750E-003    -0.36949744E-003    -0.18245555E+001     0.53791494E+001    -0.66808694E-004    -0.22900710E-003
     0.51485805E+000    -0.29384623E-003    -0.36640739E-003    -0.18441211E+001     0.53719737E+001    -0.66209746E-004    -0.22796767E-003
     0.51522554E+000    -0.29081408E-003    -0.36336686E-003    -0.18636342E+001     0.53646671E+001    -0.65612895E-004    -0.22693313E-003
     0.51559304E+000    -0.28782996E-003    -0.36037463E-003    -0.18830935E+001     0.53572303E+001    -0.65018211E-004    -0.22590352E-003
     0.51596053E+000    -0.28489278E-003    -0.35742953E-003    -0.19024976E+001     0.53496638E+001    -0.64425765E-004    -0.22487887E-003
     0.51632802E+000    -0.28200152E-003    -0.35453040E-003    -0.19218455E+001     0.53419680E+001    -0.63835625E-004    -0.22385920E-003
     0.51669552E+000    -0.27915517E-003    -0.35167616E-003    -0.19411359E+001     0.53341435E+001    -0.63247855E-004    -0.22284453E-003
     0.51706301E+000    -0.27635275E-003    -0.34886573E-003    -0.19603674E+001     0.53261910E+001    -0.62662517E-004    -0.22183489E-003
     0.51743050E+000    -0.27359332E-003    -0.34609809E-003    -0.19795390E+001     0.53181109E+001    -0.62079671E-004    -0.22083028E-003
     0.51779799E+000    -0.27087594E-003    -0.34337223E-003    -0.19986493E+001     0.53099040E+001    -0.61499374E-004    -0.21983073E-003
     0.51816549E+000    -0.26819973E-003    -0.34068719E-003    -0.20176973E+001     0.53015708E+001    -0.60921681E-004    -0.21883624E-003
     0.51853298E+000    -0.26556380E-003    -0.33804202E-003    -0.20366816E+001     0.52931119E+001    -0.60346643E-004    -0.21784683E-003
     0.51890047E+000    -0.26296732E-003    -0.33543583E-003    -0.20556012E+001     0.52845281E+001    -0.59774310E-004    -0.21686250E-003
     0.51926797E+000    -0.26040945E-003    -0.33286772E-003    -0.20744547E+001     0.52758199E+001    -0.59204730E-004    -0.21588326E-003
     0.51963546E+000    -0.25788940E-003    -0.33033685E-003    -0.20932411E+001     0.52669881E+001    -0.58637947E-004    -0.21490912E-003
     0.52000295E+000    -0.25540637E-003    -0.32784238E-003    -0.21119592E+001     0.52580334E+001    -0.58074006E-004    -0.21394007E-003
     0.52037045E+000    -0.25295961E-003    -0.32538351E-003    -0.21306078E+001     0.52489565E+001    -0.57512946E-004    -0.21297612E-003
     0.52073794E+000    -0.25054839E-003    -0.32295947E-003    -0.21491857E+001     0.52397580E+001    -0.56954806E-004    -0.21201726E-003
     0.52110543E+000    -0.24817198E-003    -0.32056949E-003    -0.21676919E+001     0.52304389E+001    -0.56399624E-004    -0.21106350E-003
     0.52147293E+000    -0.24582967E-003    -0.31821284E-003    -0.21861252E+001     0.52209997E+001    -0.55847433E-004    -0.21011483E-003
     0.52184042E+000    -0.24352079E-003    -0.31588880E-003    -0.22044845E+001     0.52114413E+001    -0.55298267E-004    -0.20917124E-003
     0.52220791E+000    -0.24124467E-003    -0.31359669E-003    -0.22227687E+001     0.52017645E+001    -0.54752157E-004    -0.20823273E-003
     0.52257541E+000    -0.23900067E-003    -0.31133584E-003    -0.22409767E+001     0.51919700E+001    -0.54209130E-004    -0.20729929E-003
     0.52294290E+000    -0.23678814E-003    -0.30910558E-003    -0.22591074E+001     0.51820587E+001    -0.53669215E-004    -0.20637092E-003
     0.52331039E+000    -0.23460648E-003    -0.30690528E-003    -0.22771597E+001     0.51720315E+001    -0.53132438E-004    -0.20544759E-003
     0.52367789E+000    -0.23245509E-003    -0.30473432E-003    -0.22951326E+001     0.51618891E+001    -0.52598821E-004    -0.20452930E-003
     0.52404538E+000    -0.23033338E-003    -0.30259212E-003    -0.23130250E+001     0.51516324E+001    -0.52068387E-004    -0.20361604E-003
     0.52441287E+000    -0.22824078E-003    -0.30047807E-003    -0.23308359E+001     0.51412623E+001    -0.51541157E-004    -0.20270779E-003
     0.52478037E+000    -0.22617673E-003    -0.29839161E-003    -0.23485642E+001     0.51307797E+001    -0.51017149E-004    -0.20180454E-003
     0.52514786E+000    -0.22414070E-003    -0.29633220E-003    -0.23662089E+001     0.51201854E+001    -0.50496381E-004    -0.20090628E-003
     0.52551535E+000    -0.22213216E-003    -0.29429929E-003    -0.23837691E+001     0.51094804E+001    -0.49978869E-004    -0.20001299E-003
     0.52588285E+000    -0.22015058E-003    -0.29229236E-003    -0.24012437E+001     0.50986655E+001    -0.49464628E-004    -0.19912465E-003
     0.52625034E+000    -0.21819547E-003    -0.29031090E-003    -0.24186318E+001     0.50877418E+001    -0.48953671E-004    -0.19824124E-003
     0.52661783E+000    -0.21626634E-003    -0.28835441E-003    -0.24359323E+001     0.50767101E+001    -0.48446009E-004    -0.19736276E-003
     0.52698533E+000    -0.21436271E-003    -0.28642242E-003    -0.24531444E+001     0.50655715E+001    -0.47941654E-004    -0.19648917E-003
     0.52735282E+000    -0.21248410E-003    -0.28451446E-003    -0.24702671E+001     0.50543268E+001    -0.47440615E-004    -0.19562047E-003
     0.52772031E+000    -0.21063007E-003    -0.28263006E-003    -0.24872994E+001     0.50429771E+001    -0.46942899E-004    -0.19475663E-003
     0.52808781E+000    -0.20880016E-003    -0.28076878E-003    -0.25042405E+001     0.50315233E+001    -0.46448515E-004    -0.19389763E-003
     0.52845530E+000    -0.20699394E-003    -0.27893018E-003    -0.25210895E+001     0.50199665E+001    -0.45957467E-004    -0.19304346E-003
     0.52882279E+000    -0.20521100E-003    -0.27711385E-003    -0.25378454E+001     0.50083076E+001    -0.45469761E-004    -0.19219408E-003
     0.52919029E+000    -0.20345090E-003    -0.27531937E-003    -0.25545075E+001     0.49965477E+001    -0.44985400E-004    -0.19134948E-003
     0.52955778E+000    -0.20171325E-003    -0.27354634E-003    -0.25710748E+001     0.49846878E+001    -0.44504387E-004    -0.19050965E-003
     0.52992527E+000    -0.19999765E-003    -0.27179436E-003    -0.25875464E+001     0.49727290E+001    -0.44026724E-004    -0.18967454E-003
     0.53029277E+000    -0.19830372E-003    -0.27006305E-003    -0.26039217E+001     0.49606723E+001    -0.43552411E-004    -0.18884416E-003
     0.53066026E+000    -0.19663106E-003    -0.26835204E-003    -0.26201997E+001     0.49485187E+001    -0.43081448E-004    -0.18801846E-003
     0.53102775E+000    -0.19497933E-003    -0.26666097E-003    -0.26363797E+001     0.49362693E+001    -0.42613835E-004    -0.18719743E-003
     0.53139525E+000    -0.19334814E-003    -0.26498948E-003    -0.26524608E+001     0.49239252E+001    -0.42149569E-004    -0.18638104E-003
     0.53176274E+000    -0.19173716E-003    -0.26333722E-003    -0.26684424E+001     0.49114875E+001    -0.41688648E-004    -0.18556928E-003
     0.53213023E+000    -0.19014603E-003    -0.26170386E-003    -0.26843236E+001     0.48989573E+001    -0.41231068E-004    -0.18476212E-003
     0.53249773E+000    -0.18857442E-003    -0.26008906E-003    -0.27001037E+001     0.48863357E+001    -0.40776825E-004    -0.18395953E-003
     0.53286522E+000    -0.18702200E-003    -0.25849250E-003    -0.27157820E+001     0.48736238E+001    -0.40325914E-004    -0.18316149E-003
     0.53323271E+000    -0.18548843E-003    -0.25691387E-003    -0.27313578E+001     0.48608226E+001    -0.39878329E-004    -0.18236797E-003
     0.53360020E+000    -0.18397342E-003    -0.25535287E-003    -0.27468303E+001     0.48479334E+001    -0.39434064E-004    -0.18157896E-003
     0.53396770E+000    -0.18247664E-003    -0.25380918E-003    -0.27621990E+001     0.48349573E+001    -0.38993112E-004    -0.18079442E-003
     0.53433519E+000    -0.18099780E-003    -0.25228252E-003    -0.27774631E+001     0.48218953E+001    -0.38555466E-004    -0.18001434E-003
     0.53470268E+000    -0.17953660E-003    -0.25077260E-003    -0.27926221E+001     0.48087487E+001    -0.38121116E-004    -0.17923869E-003
     0.53507018E+000    -0.17809275E-003    -0.24927914E-003    -0.28076752E+001     0.47955186E+001    -0.37690054E-004    -0.17846744E-003
     0.53543767E+000    -0.17666596E-003    -0.24780187E-003    -0.28226218E+001     0.47822061E+001    -0.37262272E-004    -0.17770057E-003
     0.53580516E+000    -0.17525597E-003    -0.24634052E-003    -0.28374615E+001     0.47688124E+001    -0.36837758E-004    -0.17693805E-003
     0.53617266E+000    -0.17386249E-003    -0.24489482E-003    -0.28521935E+001     0.47553387E+001    -0.36416502E-004    -0.17617986E-003
     0.53654015E+000    -0.17248526E-003    -0.24346453E-003    -0.28668173E+001     0.47417862E+001    -0.35998494E-004    -0.17542598E-003
     0.53690764E+000    -0.17112402E-003    -0.24204939E-003    -0.28813324E+001     0.47281559E+001    -0.35583722E-004    -0.17467637E-003
     0.53727514E+000    -0.16977851E-003    -0.24064915E-003    -0.28957382E+001     0.47144492E+001    -0.35172175E-004    -0.17393102E-003
     0.53764263E+000    -0.16844849E-003    -0.23926359E-003    -0.29100342E+001     0.47006671E+001    -0.34763840E-004    -0.17318990E-003
     0.53801012E+000    -0.16713372E-003    -0.23789245E-003    -0.29242199E+001     0.46868109E+001    -0.34358704E-004    -0.17245298E-003
     0.53837762E+000    -0.16583394E-003    -0.23653553E-003    -0.29382949E+001     0.46728818E+001    -0.33956755E-004    -0.17172024E-003
     0.53874511E+000    -0.16454893E-003    -0.23519258E-003    -0.29522586E+001     0.46588810E+001    -0.33557979E-004    -0.17099166E-003
     0.53911260E+000    -0.16327845E-003    -0.23386340E-003    -0.29661106E+001     0.46448096E+001    -0.33162362E-004    -0.17026721E-003
     0.53948010E+000    -0.16202229E-003    -0.23254777E-003    -0.29798504E+001     0.46306688E+001    -0.32769890E-004    -0.16954686E-003
     0.53984759E+000    -0.16078021E-003    -0.23124547E-003    -0.29934777E+001     0.46164600E+001    -0.32380549E-004    -0.16883059E-003
     0.54021508E+000    -0.15955201E-003    -0.22995631E-003    -0.30069921E+001     0.46021842E+001    -0.31994324E-004    -0.16811837E-003
     0.54058258E+000    -0.15833747E-003    -0.22868007E-003    -0.30203930E+001     0.45878427E+001    -0.31611201E-004    -0.16741019E-003
     0.54095007E+000    -0.15713638E-003    -0.22741658E-003    -0.30336803E+001     0.45734367E+001    -0.31231163E-004    -0.16670601E-003
     0.54131756E+000    -0.15594854E-003    -0.22616562E-003    -0.30468535E+001     0.45589673E+001    -0.30854196E-004    -0.16600581E-003
     0.54168506E+000    -0.15477374E-003    -0.22492702E-003    -0.30599122E+001     0.45444360E+001    -0.30480283E-004    -0.16530957E-003
     0.54205255E+000    -0.15361180E-003    -0.22370058E-003    -0.30728562E+001     0.45298437E+001    -0.30109409E-004    -0.16461726E-003
     0.54242004E+000    -0.15246253E-003    -0.22248613E-003    -0.30856852E+001     0.45151918E+001    -0.29741557E-004    -0.16392886E-003
     0.54278754E+000    -0.15132572E-003    -0.22128349E-003    -0.30983988E+001     0.45004814E+001    -0.29376711E-004    -0.16324434E-003
     0.54315503E+000    -0.15020120E-003    -0.22009248E-003    -0.31109968E+001     0.44857139E+001    -0.29014855E-004    -0.16256368E-003
     0.54352252E+000    -0.14908878E-003    -0.21891293E-003    -0.31234789E+001     0.44708903E+001    -0.28655971E-004    -0.16188686E-003
     0.54389002E+000    -0.14798829E-003    -0.21774469E-003    -0.31358449E+001     0.44560120E+001    -0.28300042E-004    -0.16121384E-003
     0.54425751E+000    -0.14689956E-003    -0.21658757E-003    -0.31480945E+001     0.44410800E+001    -0.27947052E-004    -0.16054461E-003
     0.54462500E+000    -0.14582241E-003    -0.21544143E-003    -0.31602275E+001     0.44260957E+001    -0.27596983E-004    -0.15987915E-003
     0.54499250E+000    -0.14475667E-003    -0.21430610E-003    -0.31722438E+001     0.44110603E+001    -0.27249818E-004    -0.15921742E-003
     0.54535999E+000    -0.14370217E-003    -0.21318143E-003    -0.31841432E+001     0.43959750E+001    -0.26905540E-004    -0.15855941E-003
     0.54572748E+000    -0.14265877E-003    -0.21206728E-003    -0.31959254E+001     0.43808409E+001    -0.26564130E-004    -0.15790509E-003
     0.54609498E+000    -0.14162629E-003    -0.21096348E-003    -0.32075904E+001     0.43656593E+001    -0.26225571E-004    -0.15725444E-003
     0.54646247E+000    -0.14060459E-003    -0.20986989E-003    -0.32191379E+001     0.43504314E+001    -0.25889845E-004    -0.15660744E-003
     0.54682996E+000    -0.13959350E-003    -0.20878638E-003    -0.32305680E+001     0.43351584E+001    -0.25556934E-004    -0.15596406E-003
     0.54719746E+000    -0.13859288E-003    -0.20771280E-003    -0.32418804E+001     0.43198415E+001    -0.25226820E-004    -0.15532427E-003
     0.54756495E+000    -0.13760258E-003    -0.20664902E-003    -0.32530751E+001     0.43044819E+001    -0.24899485E-004    -0.15468806E-003
     0.54793244E+000    -0.13662246E-003    -0.20559489E-003    -0.32641520E+001     0.42890808E+001    -0.24574911E-004    -0.15405541E-003
     0.54829994E+000    -0.13565237E-003    -0.20455029E-003    -0.32751111E+001     0.42736393E+001    -0.24253079E-004    -0.15342628E-003
     0.54866743E+000    -0.13469218E-003    -0.20351509E-003    -0.32859522E+001     0.42581588E+001    -0.23933972E-004    -0.15280067E-003
     0.54903492E+000    -0.13374174E-003    -0.20248915E-003    -0.32966755E+001     0.42426404E+001    -0.23617571E-004    -0.15217853E-003
     0.54940241E+000    -0.13280093E-003    -0.20147236E-003    -0.33072808E+001     0.42270852E+001    -0.23303858E-004    -0.15155986E-003
     0.54976991E+000    -0.13186960E-003    -0.20046460E-003    -0.33177682E+001     0.42114944E+001    -0.22992814E-004    -0.15094464E-003
     0.55013740E+000    -0.13094763E-003    -0.19946573E-003    -0.33281376E+001     0.41958692E+001    -0.22684421E-004    -0.15033282E-003
     0.55050489E+000    -0.13003490E-003    -0.19847564E-003    -0.33383891E+001     0.41802108E+001    -0.22378661E-004    -0.14972441E-003
     0.55087239E+000    -0.12913127E-003    -0.19749423E-003    -0.33485228E+001     0.41645204E+001    -0.22075514E-004    -0.14911937E-003
     0.55123988E+000    -0.12823663E-003    -0.19652136E-003    -0.33585386E+001     0.41487991E+001    -0.21774964E-004    -0.14851768E-003
     0.55160737E+000    -0.12735085E-003    -0.19555694E-003    -0.33684368E+001     0.41330480E+001    -0.21476990E-004    -0.14791933E-003
     0.55197487E+000    -0.12647381E-003    -0.19460084E-003    -0.33782172E+001     0.41172684E+001    -0.21181576E-004    -0.14732428E-003
     0.55234236E+000    -0.12560540E-003    -0.19365296E-003    -0.33878801E+001     0.41014613E+001    -0.20888701E-004    -0.14673252E-003
     0.55270985E+000    -0.12474550E-003    -0.19271321E-003    -0.33974256E+001     0.40856279E+001    -0.20598349E-004    -0.14614403E-003
     0.55307735E+000    -0.12389399E-003    -0.19178146E-003    -0.34068537E+001     0.40697694E+001    -0.20310501E-004    -0.14555879E-003
     0.55344484E+000    -0.12305077E-003    -0.19085762E-003    -0.34161646E+001     0.40538868E+001    -0.20025137E-004    -0.14497677E-003
     0.55381233E+000    -0.12221574E-003    -0.18994159E-003    -0.34253584E+001     0.40379813E+001    -0.19742241E-004    -0.14439795E-003
     0.55417983E+000    -0.12138877E-003    -0.18903326E-003    -0.34344354E+001     0.40220541E+001    -0.19461793E-004    -0.14382232E-003
     0.55454732E+000    -0.12056976E-003    -0.18813255E-003    -0.34433957E+001     0.40061061E+001    -0.19183776E-004    -0.14324985E-003
     0.55491481E+000    -0.11975862E-003    -0.18723935E-003    -0.34522394E+001     0.39901386E+001    -0.18908170E-004    -0.14268052E-003
     0.55528231E+000    -0.11895524E-003    -0.18635358E-003    -0.34609668E+001     0.39741526E+001    -0.18634959E-004    -0.14211432E-003
     0.55564980E+000    -0.11815951E-003    -0.18547513E-003    -0.34695781E+001     0.39581492E+001    -0.18364123E-004    -0.14155122E-003
     0.55601729E+000    -0.11737134E-003    -0.18460392E-003    -0.34780735E+001     0.39421296E+001    -0.18095645E-004    -0.14099119E-003
     0.55638479E+000    -0.11659064E-003    -0.18373986E-003    -0.34864532E+001     0.39260947E+001    -0.17829507E-004    -0.14043424E-003
     0.55675228E+000    -0.11581730E-003    -0.18288286E-003    -0.34947175E+001     0.39100456E+001    -0.17565691E-004    -0.13988032E-003
     0.55711977E+000    -0.11505124E-003    -0.18203284E-003    -0.35028667E+001     0.38939835E+001    -0.17304178E-004    -0.13932942E-003
     0.55748727E+000    -0.11429236E-003    -0.18118970E-003    -0.35109009E+001     0.38779093E+001    -0.17044951E-004    -0.13878153E-003
     0.55785476E+000    -0.11354057E-003    -0.18035338E-003    -0.35188206E+001     0.38618242E+001    -0.16787993E-004    -0.13823662E-003
     0.55822225E+000    -0.11279578E-003    -0.17952377E-003    -0.35266259E+001     0.38457290E+001    -0.16533284E-004    -0.13769468E-003
     0.55858975E+000    -0.11205790E-003    -0.17870081E-003    -0.35343172E+001     0.38296250E+001    -0.16280809E-004    -0.13715568E-003
     0.55895724E+000    -0.11132685E-003    -0.17788441E-003    -0.35418948E+001     0.38135131E+001    -0.16030548E-004    -0.13661961E-003
     0.55932473E+000    -0.11060254E-003    -0.17707450E-003    -0.35493590E+001     0.37973943E+001    -0.15782486E-004    -0.13608644E-003
     0.55969223E+000    -0.10988489E-003    -0.17627099E-003    -0.35567102E+001     0.37812697E+001    -0.15536603E-004    -0.13555617E-003
     0.56005972E+000    -0.10917381E-003    -0.17547382E-003    -0.35639486E+001     0.37651402E+001    -0.15292884E-004    -0.13502876E-003
     0.56042721E+000    -0.10846923E-003    -0.17468291E-003    -0.35710747E+001     0.37490068E+001    -0.15051310E-004    -0.13450420E-003
     0.56079471E+000    -0.10777106E-003    -0.17389818E-003    -0.35780888E+001     0.37328705E+001    -0.14811864E-004    -0.13398248E-003
     0.56116220E+000    -0.10707922E-003    -0.17311957E-003    -0.35849913E+001     0.37167323E+001    -0.14574530E-004    -0.13346357E-003
     0.56152969E+000    -0.10639364E-003    -0.17234699E-003    -0.35917826E+001     0.37005932E+001    -0.14339289E-004    -0.13294746E-003
     0.56189719E+000    -0.10571425E-003    -0.17158039E-003    -0.35984630E+001     0.36844541E+001    -0.14106126E-004    -0.13243412E-003
     0.56226468E+000    -0.10504096E-003    -0.17081969E-003    -0.36050329E+001     0.36683159E+001    -0.13875024E-004    -0.13192355E-003
     0.56263217E+000    -0.10437370E-003    -0.17006483E-003    -0.36114928E+001     0.36521796E+001    -0.13645965E-004    -0.13141572E-003
     0.56299967E+000    -0.10371241E-003    -0.16931574E-003    -0.36178431E+001     0.36360461E+001    -0.13418933E-004    -0.13091061E-003
     0.56336716E+000    -0.10305700E-003    -0.16857235E-003    -0.36240842E+001     0.36199164E+001    -0.13193912E-004    -0.13040822E-003
     0.56373465E+000    -0.10240741E-003    -0.16783459E-003    -0.36302166E+001     0.36037913E+001    -0.12970884E-004    -0.12990851E-003
     0.56410214E+000    -0.10176357E-003    -0.16710242E-003    -0.36362406E+001     0.35876718E+001    -0.12749834E-004    -0.12941147E-003
     0.56446964E+000    -0.10112541E-003    -0.16637575E-003    -0.36421567E+001     0.35715588E+001    -0.12530746E-004    -0.12891709E-003
     0.56483713E+000    -0.10049286E-003    -0.16565454E-003    -0.36479655E+001     0.35554531E+001    -0.12313602E-004    -0.12842535E-003
     0.56520462E+000    -0.99865860E-004    -0.16493871E-003    -0.36536673E+001     0.35393556E+001    -0.12098387E-004    -0.12793623E-003
     0.56557212E+000    -0.99244340E-004    -0.16422822E-003    -0.36592626E+001     0.35232672E+001    -0.11885085E-004    -0.12744972E-003
     0.56593961E+000    -0.98628238E-004    -0.16352299E-003    -0.36647520E+001     0.35071887E+001    -0.11673680E-004    -0.12696579E-003
     0.56630710E+000    -0.98017489E-004    -0.16282298E-003    -0.36701358E+001     0.34911210E+001    -0.11464156E-004    -0.12648444E-003
     0.56667460E+000    -0.97412032E-004    -0.16212813E-003    -0.36754147E+001     0.34750649E+001    -0.11256497E-004    -0.12600564E-003
     0.56704209E+000    -0.96811805E-004    -0.16143838E-003    -0.36805890E+001     0.34590212E+001    -0.11050689E-004    -0.12552938E-003
     0.56740958E+000    -0.96216747E-004    -0.16075367E-003    -0.36856594E+001     0.34429908E+001    -0.10846714E-004    -0.12505564E-003
     0.56777708E+000    -0.95626799E-004    -0.16007394E-003    -0.36906262E+001     0.34269745E+001    -0.10644558E-004    -0.12458441E-003
     0.56814457E+000    -0.95041901E-004    -0.15939916E-003    -0.36954901E+001     0.34109731E+001    -0.10444206E-004    -0.12411567E-003
     0.56851206E+000    -0.94461997E-004    -0.15872925E-003    -0.37002516E+001     0.33949873E+001    -0.10245643E-004    -0.12364940E-003
     0.56887956E+000    -0.93887028E-004    -0.15806418E-003    -0.37049112E+001     0.33790179E+001    -0.10048852E-004    -0.12318559E-003
     0.56924705E+000    -0.93316939E-004    -0.15740389E-003    -0.37094694E+001     0.33630658E+001    -0.98538196E-005    -0.12272423E-003
     0.56961454E+000    -0.92751674E-004    -0.15674832E-003    -0.37139269E+001     0.33471316E+001    -0.96605305E-005    -0.12226529E-003
     0.56998204E+000    -0.92191178E-004    -0.15609743E-003    -0.37182840E+001     0.33312161E+001    -0.94689699E-005    -0.12180877E-003
     0.57034953E+000    -0.91635399E-004    -0.15545117E-003    -0.37225415E+001     0.33153201E+001    -0.92791231E-005    -0.12135464E-003
     0.57071702E+000    -0.91084281E-004    -0.15480949E-003    -0.37266998E+001     0.32994443E+001    -0.90909754E-005    -0.12090289E-003
     0.57108452E+000    -0.90537774E-004    -0.15417234E-003    -0.37307595E+001     0.32835893E+001    -0.89045124E-005    -0.12045351E-003
     0.57145201E+000    -0.89995826E-004    -0.15353967E-003    -0.37347212E+001     0.32677560E+001    -0.87197198E-005    -0.12000648E-003
     0.57181950E+000    -0.89458385E-004    -0.15291145E-003    -0.37385854E+001     0.32519450E+001    -0.85365831E-005    -0.11956179E-003
     0.57218700E+000    -0.88925402E-004    -0.15228761E-003    -0.37423528E+001     0.32361570E+001    -0.83550882E-005    -0.11911941E-003
     0.57255449E+000    -0.88396828E-004    -0.15166812E-003    -0.37460239E+001     0.32203927E+001    -0.81752211E-005    -0.11867935E-003
     0.57292198E+000    -0.87872613E-004    -0.15105293E-003    -0.37495994E+001     0.32046527E+001    -0.79969677E-005    -0.11824158E-003
     0.57328948E+000    -0.87352710E-004    -0.15044200E-003    -0.37530797E+001     0.31889378E+001    -0.78203142E-005    -0.11780608E-003
     0.57365697E+000    -0.86837071E-004    -0.14983529E-003    -0.37564655E+001     0.31732485E+001    -0.76452468E-005    -0.11737285E-003
     0.57402446E+000    -0.86325649E-004    -0.14923274E-003    -0.37597574E+001     0.31575855E+001    -0.74717518E-005    -0.11694187E-003
     0.57439196E+000    -0.85818399E-004    -0.14863433E-003    -0.37629560E+001     0.31419495E+001    -0.72998156E-005    -0.11651312E-003
     0.57475945E+000    -0.85315276E-004    -0.14804000E-003    -0.37660619E+001     0.31263411E+001    -0.71294249E-005    -0.11608659E-003
     0.57512694E+000    -0.84816233E-004    -0.14744972E-003    -0.37690758E+001     0.31107608E+001    -0.69605662E-005    -0.11566227E-003
     0.57549444E+000    -0.84321228E-004    -0.14686344E-003    -0.37719981E+001     0.30952093E+001    -0.67932262E-005    -0.11524014E-003
     0.57586193E+000    -0.83830216E-004    -0.14628114E-003    -0.37748296E+001     0.30796872E+001    -0.66273919E-005    -0.11482019E-003
     0.57622942E+000    -0.83343155E-004    -0.14570275E-003    -0.37775708E+001     0.30641950E+001    -0.64630501E-005    -0.11440241E-003
     0.57659692E+000    -0.82860002E-004    -0.14512826E-003    -0.37802224E+001     0.30487334E+001    -0.63001879E-005    -0.11398678E-003
     0.57696441E+000    -0.82380715E-004    -0.14455761E-003    -0.37827850E+001     0.30333028E+001    -0.61387925E-005    -0.11357328E-003
     0.57733190E+000    -0.81905254E-004    -0.14399077E-003    -0.37852592E+001     0.30179039E+001    -0.59788510E-005    -0.11316191E-003
     0.57769940E+000    -0.81433578E-004    -0.14342771E-003    -0.37876456E+001     0.30025372E+001    -0.58203509E-005    -0.11275266E-003
     0.57806689E+000    -0.80965646E-004    -0.14286838E-003    -0.37899450E+001     0.29872032E+001    -0.56632795E-005    -0.11234550E-003
     0.57843438E+000    -0.80501419E-004    -0.14231276E-003    -0.37921578E+001     0.29719025E+001    -0.55076245E-005    -0.11194042E-003
     0.57880188E+000    -0.80040857E-004    -0.14176080E-003    -0.37942848E+001     0.29566356E+001    -0.53533734E-005    -0.11153742E-003
     0.57916937E+000    -0.79583923E-004    -0.14121246E-003    -0.37963265E+001     0.29414029E+001    -0.52005140E-005    -0.11113647E-003
     0.57953686E+000    -0.79130579E-004    -0.14066773E-003    -0.37982836E+001     0.29262051E+001    -0.50490342E-005    -0.11073758E-003
     0.57990435E+000    -0.78680786E-004    -0.14012655E-003    -0.38001568E+001     0.29110425E+001    -0.48989219E-005    -0.11034071E-003
     0.58027185E+000    -0.78234508E-004    -0.13958889E-003    -0.38019467E+001     0.28959156E+001    -0.47501652E-005    -0.10994587E-003
     0.58063934E+000    -0.77791708E-004    -0.13905473E-003    -0.38036538E+001     0.28808250E+001    -0.46027521E-005    -0.10955303E-003
     0.58100683E+000    -0.77352350E-004    -0.13852403E-003    -0.38052790E+001     0.28657710E+001    -0.44566709E-005    -0.10916219E-003
     0.58137433E+000    -0.76916399E-004    -0.13799675E-003    -0.38068227E+001     0.28507542E+001    -0.43119099E-005    -0.10877334E-003
     0.58174182E+000    -0.76483820E-004    -0.13747286E-003    -0.38082857E+001     0.28357749E+001    -0.41684576E-005    -0.10838645E-003
     0.58210931E+000    -0.76054577E-004    -0.13695234E-003    -0.38096686E+001     0.28208337E+001    -0.40263024E-005    -0.10800152E-003
     0.58247681E+000    -0.75628637E-004    -0.13643514E-003    -0.38109719E+001     0.28059309E+001    -0.38854331E-005    -0.10761854E-003
     0.58284430E+000    -0.75205967E-004    -0.13592125E-003    -0.38121965E+001     0.27910670E+001    -0.37458382E-005    -0.10723749E-003
     0.58321179E+000    -0.74786531E-004    -0.13541062E-003    -0.38133429E+001     0.27762423E+001    -0.36075067E-005    -0.10685837E-003
     0.58357929E+000    -0.74370299E-004    -0.13490323E-003    -0.38144117E+001     0.27614573E+001    -0.34704274E-005    -0.10648116E-003
     0.58394678E+000    -0.73957236E-004    -0.13439904E-003    -0.38154036E+001     0.27467123E+001    -0.33345892E-005    -0.10610584E-003
     0.58431427E+000    -0.73547312E-004    -0.13389804E-003    -0.38163193E+001     0.27320078E+001    -0.31999813E-005    -0.10573241E-003
     0.58468177E+000    -0.73140495E-004    -0.13340018E-003    -0.38171594E+001     0.27173441E+001    -0.30665929E-005    -0.10536086E-003
     0.58504926E+000    -0.72736753E-004    -0.13290544E-003    -0.38179245E+001     0.27027216E+001    -0.29344132E-005    -0.10499117E-003
     0.58541675E+000    -0.72336055E-004    -0.13241379E-003    -0.38186153E+001     0.26881406E+001    -0.28034315E-005    -0.10462333E-003
     0.58578425E+000    -0.71938372E-004    -0.13192521E-003    -0.38192324E+001     0.26736015E+001    -0.26736373E-005    -0.10425734E-003
     0.58615174E+000    -0.71543672E-004    -0.13143965E-003    -0.38197764E+001     0.26591046E+001    -0.25450202E-005    -0.10389317E-003
     0.58651923E+000    -0.71151927E-004    -0.13095711E-003    -0.38202481E+001     0.26446502E+001    -0.24175698E-005    -0.10353082E-003
     0.58688673E+000    -0.70763107E-004    -0.13047755E-003    -0.38206480E+001     0.26302387E+001    -0.22912757E-005    -0.10317028E-003
     0.58725422E+000    -0.70377183E-004    -0.13000094E-003    -0.38209768E+001     0.26158705E+001    -0.21661278E-005    -0.10281154E-003
     0.58762171E+000    -0.69994127E-004    -0.12952726E-003    -0.38212351E+001     0.26015457E+001    -0.20421160E-005    -0.10245458E-003
     0.58798921E+000    -0.69613910E-004    -0.12905647E-003    -0.38214236E+001     0.25872647E+001    -0.19192302E-005    -0.10209939E-003
     0.58835670E+000    -0.69236504E-004    -0.12858857E-003    -0.38215429E+001     0.25730279E+001    -0.17974606E-005    -0.10174597E-003
     0.58872419E+000    -0.68861882E-004    -0.12812351E-003    -0.38215936E+001     0.25588354E+001    -0.16767972E-005    -0.10139430E-003
     0.58909169E+000    -0.68490017E-004    -0.12766127E-003    -0.38215764E+001     0.25446875E+001    -0.15572302E-005    -0.10104437E-003
     0.58945918E+000    -0.68120882E-004    -0.12720184E-003    -0.38214919E+001     0.25305846E+001    -0.14387501E-005    -0.10069617E-003
     0.58982667E+000    -0.67754450E-004    -0.12674518E-003    -0.38213407E+001     0.25165269E+001    -0.13213471E-005    -0.10034969E-003
     0.59019417E+000    -0.67390695E-004    -0.12629127E-003    -0.38211235E+001     0.25025146E+001    -0.12050119E-005    -0.10000492E-003
     0.59056166E+000    -0.67029592E-004    -0.12584008E-003    -0.38208409E+001     0.24885480E+001    -0.10897349E-005    -0.99661852E-004
     0.59092915E+000    -0.66671114E-004    -0.12539160E-003    -0.38204936E+001     0.24746273E+001    -0.97550676E-006    -0.99320473E-004
     0.59129665E+000    -0.66315237E-004    -0.12494579E-003    -0.38200820E+001     0.24607528E+001    -0.86231826E-006    -0.98980772E-004
     0.59166414E+000    -0.65961935E-004    -0.12450264E-003    -0.38196070E+001     0.24469247E+001    -0.75016019E-006    -0.98642740E-004
     0.59203163E+000    -0.65611184E-004    -0.12406213E-003    -0.38190690E+001     0.24331432E+001    -0.63902345E-006    -0.98306367E-004
     0.59239913E+000    -0.65262960E-004    -0.12362422E-003    -0.38184688E+001     0.24194085E+001    -0.52889900E-006    -0.97971642E-004
     0.59276662E+000    -0.64917238E-004    -0.12318890E-003    -0.38178069E+001     0.24057208E+001    -0.41977789E-006    -0.97638556E-004
     0.59313411E+000    -0.64573995E-004    -0.12275614E-003    -0.38170839E+001     0.23920803E+001    -0.31165126E-006    -0.97307098E-004
     0.59350161E+000    -0.64233207E-004    -0.12232593E-003    -0.38163005E+001     0.23784872E+001    -0.20451030E-006    -0.96977259E-004
     0.59386910E+000    -0.63894851E-004    -0.12189824E-003    -0.38154573E+001     0.23649417E+001    -0.98346298E-007    -0.96649029E-004
     0.59423659E+000    -0.63558904E-004    -0.12147305E-003    -0.38145549E+001     0.23514440E+001     0.68493813E-008    -0.96322398E-004
     0.59460409E+000    -0.63225344E-004    -0.12105033E-003    -0.38135939E+001     0.23379942E+001     0.11108530E-006    -0.95997357E-004
     0.59497158E+000    -0.62894148E-004    -0.12063008E-003    -0.38125749E+001     0.23245925E+001     0.21436996E-006    -0.95673896E-004
     0.59533907E+000    -0.62565294E-004    -0.12021226E-003    -0.38114984E+001     0.23112391E+001     0.31671176E-006    -0.95352005E-004
     0.59570656E+000    -0.62238760E-004    -0.11979686E-003    -0.38103652E+001     0.22979340E+001     0.41811904E-006    -0.95031675E-004
     0.59607406E+000    -0.61914525E-004    -0.11938385E-003    -0.38091758E+001     0.22846775E+001     0.51860007E-006    -0.94712897E-004
     0.59644155E+000    -0.61592567E-004    -0.11897322E-003    -0.38079308E+001     0.22714698E+001     0.61816304E-006    -0.94395662E-004
     0.59680904E+000    -0.61272865E-004    -0.11856495E-003    -0.38066308E+001     0.22583108E+001     0.71681606E-006    -0.94079959E-004
     0.59717654E+000    -0.60955398E-004    -0.11815902E-003    -0.38052764E+001     0.22452008E+001     0.81456719E-006    -0.93765780E-004
     0.59754403E+000    -0.60640146E-004    -0.11775540E-003    -0.38038681E+001     0.22321398E+001     0.91142440E-006    -0.93453117E-004
     0.59791152E+000    -0.60327088E-004    -0.11735408E-003    -0.38024066E+001     0.22191280E+001     0.10073956E-005    -0.93141958E-004
     0.59827902E+000    -0.60016204E-004    -0.11695504E-003    -0.38008924E+001     0.22061656E+001     0.11024886E-005    -0.92832297E-004
     0.59864651E+000    -0.59707475E-004    -0.11655826E-003    -0.37993262E+001     0.21932525E+001     0.11967112E-005    -0.92524123E-004
     0.59901400E+000    -0.59400880E-004    -0.11616372E-003    -0.37977084E+001     0.21803889E+001     0.12900710E-005    -0.92217428E-004
     0.59938150E+000    -0.59096400E-004    -0.11577141E-003    -0.37960397E+001     0.21675749E+001     0.13825758E-005    -0.91912203E-004
     0.59974899E+000    -0.58794016E-004    -0.11538130E-003    -0.37943206E+001     0.21548106E+001     0.14742330E-005    -0.91608439E-004
     0.60011648E+000    -0.58493709E-004    -0.11499338E-003    -0.37925518E+001     0.21420960E+001     0.15650502E-005    -0.91306128E-004
     0.60048398E+000    -0.58195461E-004    -0.11460763E-003    -0.37907337E+001     0.21294313E+001     0.16550347E-005    -0.91005261E-004
     0.60085147E+000    -0.57899252E-004    -0.11422403E-003    -0.37888669E+001     0.21168164E+001     0.17441939E-005    -0.90705830E-004
     0.60121896E+000    -0.57605064E-004    -0.11384257E-003    -0.37869521E+001     0.21042515E+001     0.18325352E-005    -0.90407825E-004
     0.60158646E+000    -0.57312879E-004    -0.11346322E-003    -0.37849897E+001     0.20917366E+001     0.19200657E-005    -0.90111238E-004
     0.60195395E+000    -0.57022679E-004    -0.11308598E-003    -0.37829802E+001     0.20792719E+001     0.20067926E-005    -0.89816062E-004
     0.60232144E+000    -0.56734446E-004    -0.11271082E-003    -0.37809244E+001     0.20668572E+001     0.20927230E-005    -0.89522287E-004
     0.60268894E+000    -0.56448164E-004    -0.11233773E-003    -0.37788226E+001     0.20544927E+001     0.21778639E-005    -0.89229905E-004
     0.60305643E+000    -0.56163814E-004    -0.11196669E-003    -0.37766755E+001     0.20421784E+001     0.22622223E-005    -0.88938909E-004
     0.60342392E+000    -0.55881379E-004    -0.11159768E-003    -0.37744835E+001     0.20299144E+001     0.23458051E-005    -0.88649290E-004
     0.60379142E+000    -0.55600842E-004    -0.11123070E-003    -0.37722473E+001     0.20177006E+001     0.24286192E-005    -0.88361039E-004
     0.60415891E+000    -0.55322187E-004    -0.11086572E-003    -0.37699673E+001     0.20055372E+001     0.25106713E-005    -0.88074149E-004
     0.60452640E+000    -0.55045397E-004    -0.11050272E-003    -0.37676441E+001     0.19934241E+001     0.25919681E-005    -0.87788612E-004
     0.60489390E+000    -0.54770456E-004    -0.11014170E-003    -0.37652782E+001     0.19813613E+001     0.26725163E-005    -0.87504419E-004
     0.60526139E+000    -0.54497347E-004    -0.10978263E-003    -0.37628701E+001     0.19693488E+001     0.27523226E-005    -0.87221564E-004
     0.60562888E+000    -0.54226054E-004    -0.10942550E-003    -0.37604203E+001     0.19573868E+001     0.28313934E-005    -0.86940037E-004
     0.60599638E+000    -0.53956562E-004    -0.10907030E-003    -0.37579295E+001     0.19454751E+001     0.29097352E-005    -0.86659832E-004
     0.60636387E+000    -0.53688855E-004    -0.10871701E-003    -0.37553980E+001     0.19336137E+001     0.29873545E-005    -0.86380940E-004
     0.60673136E+000    -0.53422916E-004    -0.10836562E-003    -0.37528264E+001     0.19218028E+001     0.30642576E-005    -0.86103354E-004
     0.60709886E+000    -0.53158732E-004    -0.10801611E-003    -0.37502152E+001     0.19100422E+001     0.31404508E-005    -0.85827066E-004
     0.60746635E+000    -0.52896286E-004    -0.10766846E-003    -0.37475649E+001     0.18983319E+001     0.32159404E-005    -0.85552069E-004
     0.60783384E+000    -0.52635564E-004    -0.10732267E-003    -0.37448760E+001     0.18866719E+001     0.32907326E-005    -0.85278355E-004
     0.60820134E+000    -0.52376551E-004    -0.10697871E-003    -0.37421490E+001     0.18750623E+001     0.33648335E-005    -0.85005916E-004
     0.60856883E+000    -0.52119232E-004    -0.10663658E-003    -0.37393844E+001     0.18635029E+001     0.34382492E-005    -0.84734746E-004
     0.60893632E+000    -0.51863592E-004    -0.10629627E-003    -0.37365826E+001     0.18519938E+001     0.35109857E-005    -0.84464836E-004
     0.60930382E+000    -0.51609618E-004    -0.10595774E-003    -0.37337443E+001     0.18405349E+001     0.35830490E-005    -0.84196179E-004
     0.60967131E+000    -0.51357294E-004    -0.10562100E-003    -0.37308697E+001     0.18291262E+001     0.36544450E-005    -0.83928769E-004
     0.61003880E+000    -0.51106608E-004    -0.10528603E-003    -0.37279595E+001     0.18177676E+001     0.37251796E-005    -0.83662597E-004
     0.61040629E+000    -0.50857544E-004    -0.10495282E-003    -0.37250142E+001     0.18064591E+001     0.37952586E-005    -0.83397658E-004
     0.61077379E+000    -0.50610089E-004    -0.10462135E-003    -0.37220340E+001     0.17952007E+001     0.38646877E-005    -0.83133942E-004
     0.61114128E+000    -0.50364231E-004    -0.10429161E-003    -0.37190196E+001     0.17839924E+001     0.39334727E-005    -0.82871445E-004
     0.61150877E+000    -0.50119954E-004    -0.10396359E-003    -0.37159715E+001     0.17728339E+001     0.40016192E-005    -0.82610157E-004
     0.61187627E+000    -0.49877246E-004    -0.10363727E-003    -0.37128900E+001     0.17617254E+001     0.40691329E-005    -0.82350073E-004
     0.61224376E+000    -0.49636093E-004    -0.10331264E-003    -0.37097756E+001     0.17506667E+001     0.41360192E-005    -0.82091186E-004
     0.61261125E+000    -0.49396483E-004    -0.10298970E-003    -0.37066288E+001     0.17396578E+001     0.42022837E-005    -0.81833488E-004
     0.61297875E+000    -0.49158402E-004    -0.10266841E-003    -0.37034500E+001     0.17286986E+001     0.42679318E-005    -0.81576973E-004
     0.61334624E+000    -0.48921838E-004    -0.10234879E-003    -0.37002398E+001     0.17177890E+001     0.43329690E-005    -0.81321634E-004
     0.61371373E+000    -0.48686778E-004    -0.10203080E-003    -0.36969984E+001     0.17069291E+001     0.43974006E-005    -0.81067464E-004
     0.61408123E+000    -0.48453210E-004    -0.10171445E-003    -0.36937264E+001     0.16961186E+001     0.44612318E-005    -0.80814456E-004
     0.61444872E+000    -0.48221121E-004    -0.10139971E-003    -0.36904242E+001     0.16853576E+001     0.45244681E-005    -0.80562604E-004
     0.61481621E+000    -0.47990499E-004    -0.10108658E-003    -0.36870923E+001     0.16746459E+001     0.45871145E-005    -0.80311901E-004
     0.61518371E+000    -0.47761331E-004    -0.10077504E-003    -0.36837310E+001     0.16639835E+001     0.46491762E-005    -0.80062341E-004
     0.61555120E+000    -0.47533607E-004    -0.10046509E-003    -0.36803408E+001     0.16533702E+001     0.47106584E-005    -0.79813917E-004
     0.61591869E+000    -0.47307313E-004    -0.10015670E-003    -0.36769221E+001     0.16428061E+001     0.47715661E-005    -0.79566622E-004
     0.61628619E+000    -0.47082438E-004    -0.99849880E-004    -0.36734754E+001     0.16322909E+001     0.48319044E-005    -0.79320450E-004
     0.61665368E+000    -0.46858971E-004    -0.99544606E-004    -0.36700010E+001     0.16218247E+001     0.48916782E-005    -0.79075395E-004
     0.61702117E+000    -0.46636900E-004    -0.99240869E-004    -0.36664994E+001     0.16114073E+001     0.49508924E-005    -0.78831450E-004
     0.61738867E+000    -0.46416213E-004    -0.98938658E-004    -0.36629709E+001     0.16010386E+001     0.50095521E-005    -0.78588610E-004
     0.61775616E+000    -0.46196899E-004    -0.98637963E-004    -0.36594161E+001     0.15907185E+001     0.50676619E-005    -0.78346866E-004
     0.61812365E+000    -0.45978948E-004    -0.98338772E-004    -0.36558352E+001     0.15804470E+001     0.51252267E-005    -0.78106214E-004
     0.61849115E+000    -0.45762347E-004    -0.98041075E-004    -0.36522287E+001     0.15702238E+001     0.51822513E-005    -0.77866648E-004
     0.61885864E+000    -0.45547087E-004    -0.97744861E-004    -0.36485969E+001     0.15600490E+001     0.52387403E-005    -0.77628160E-004
     0.61922613E+000    -0.45333156E-004    -0.97450119E-004    -0.36449404E+001     0.15499223E+001     0.52946985E-005    -0.77390746E-004
     0.61959363E+000    -0.45120543E-004    -0.97156840E-004    -0.36412594E+001     0.15398438E+001     0.53501305E-005    -0.77154398E-004
     0.61996112E+000    -0.44909238E-004    -0.96865012E-004    -0.36375543E+001     0.15298132E+001     0.54050408E-005    -0.76919111E-004
     0.62032861E+000    -0.44699231E-004    -0.96574626E-004    -0.36338256E+001     0.15198305E+001     0.54594341E-005    -0.76684879E-004
     0.62069611E+000    -0.44490510E-004    -0.96285671E-004    -0.36300735E+001     0.15098956E+001     0.55133147E-005    -0.76451696E-004
     0.62106360E+000    -0.44283066E-004    -0.95998138E-004    -0.36262986E+001     0.15000082E+001     0.55666873E-005    -0.76219555E-004
     0.62143109E+000    -0.44076889E-004    -0.95712015E-004    -0.36225011E+001     0.14901684E+001     0.56195561E-005    -0.75988452E-004
     0.62179859E+000    -0.43871968E-004    -0.95427294E-004    -0.36186814E+001     0.14803760E+001     0.56719256E-005    -0.75758380E-004
     0.62216608E+000    -0.43668293E-004    -0.95143965E-004    -0.36148399E+001     0.14706308E+001     0.57238002E-005    -0.75529333E-004
     0.62253357E+000    -0.43465855E-004    -0.94862018E-004    -0.36109769E+001     0.14609328E+001     0.57751841E-005    -0.75301307E-004
     0.62290107E+000    -0.43264644E-004    -0.94581442E-004    -0.36070929E+001     0.14512817E+001     0.58260816E-005    -0.75074293E-004
     0.62326856E+000    -0.43064649E-004    -0.94302230E-004    -0.36031881E+001     0.14416776E+001     0.58764970E-005    -0.74848289E-004
     0.62363605E+000    -0.42865862E-004    -0.94024371E-004    -0.35992629E+001     0.14321202E+001     0.59264344E-005    -0.74623286E-004
     0.62400355E+000    -0.42668272E-004    -0.93747856E-004    -0.35953176E+001     0.14226094E+001     0.59758979E-005    -0.74399281E-004
     0.62437104E+000    -0.42471871E-004    -0.93472676E-004    -0.35913527E+001     0.14131451E+001     0.60248918E-005    -0.74176267E-004
     0.62473853E+000    -0.42276650E-004    -0.93198821E-004    -0.35873684E+001     0.14037271E+001     0.60734200E-005    -0.73954239E-004
     0.62510603E+000    -0.42082598E-004    -0.92926282E-004    -0.35833651E+001     0.13943554E+001     0.61214866E-005    -0.73733191E-004
     0.62547352E+000    -0.41889706E-004    -0.92655052E-004    -0.35793431E+001     0.13850297E+001     0.61690956E-005    -0.73513119E-004
     0.62584101E+000    -0.41697967E-004    -0.92385119E-004    -0.35753028E+001     0.13757500E+001     0.62162510E-005    -0.73294015E-004
     0.62620850E+000    -0.41507370E-004    -0.92116476E-004    -0.35712444E+001     0.13665160E+001     0.62629567E-005    -0.73075876E-004
     0.62657600E+000    -0.41317907E-004    -0.91849115E-004    -0.35671684E+001     0.13573278E+001     0.63092166E-005    -0.72858695E-004
     0.62694349E+000    -0.41129569E-004    -0.91583025E-004    -0.35630749E+001     0.13481850E+001     0.63550346E-005    -0.72642468E-004
     0.62731098E+000    -0.40942347E-004    -0.91318199E-004    -0.35589645E+001     0.13390876E+001     0.64004145E-005    -0.72427188E-004
     0.62767848E+000    -0.40756233E-004    -0.91054628E-004    -0.35548373E+001     0.13300354E+001     0.64453600E-005    -0.72212852E-004
     0.62804597E+000    -0.40571218E-004    -0.90792304E-004    -0.35506936E+001     0.13210283E+001     0.64898751E-005    -0.71999453E-004
     0.62841346E+000    -0.40387294E-004    -0.90531218E-004    -0.35465339E+001     0.13120661E+001     0.65339632E-005    -0.71786986E-004
     0.62878096E+000    -0.40204452E-004    -0.90271362E-004    -0.35423584E+001     0.13031487E+001     0.65776283E-005    -0.71575447E-004
     0.62914845E+000    -0.40022684E-004    -0.90012727E-004    -0.35381673E+001     0.12942759E+001     0.66208738E-005    -0.71364830E-004
     0.62951594E+000    -0.39841982E-004    -0.89755306E-004    -0.35339611E+001     0.12854476E+001     0.66637035E-005    -0.71155130E-004
     0.62988344E+000    -0.39662338E-004    -0.89499091E-004    -0.35297399E+001     0.12766636E+001     0.67061209E-005    -0.70946341E-004
     0.63025093E+000    -0.39483743E-004    -0.89244073E-004    -0.35255042E+001     0.12679238E+001     0.67481296E-005    -0.70738460E-004
     0.63061842E+000    -0.39306190E-004    -0.88990244E-004    -0.35212541E+001     0.12592280E+001     0.67897332E-005    -0.70531480E-004
     0.63098592E+000    -0.39129671E-004    -0.88737597E-004    -0.35169900E+001     0.12505761E+001     0.68309350E-005    -0.70325398E-004
     0.63135341E+000    -0.38954177E-004    -0.88486124E-004    -0.35127122E+001     0.12419679E+001     0.68717386E-005    -0.70120208E-004
     0.63172090E+000    -0.38779702E-004    -0.88235817E-004    -0.35084210E+001     0.12334033E+001     0.69121475E-005    -0.69915904E-004
     0.63208840E+000    -0.38606237E-004    -0.87986668E-004    -0.35041165E+001     0.12248820E+001     0.69521649E-005    -0.69712483E-004
     0.63245589E+000    -0.38433775E-004    -0.87738670E-004    -0.34997992E+001     0.12164040E+001     0.69917943E-005    -0.69509940E-004
     0.63282338E+000    -0.38262308E-004    -0.87491815E-004    -0.34954692E+001     0.12079690E+001     0.70310391E-005    -0.69308269E-004
     0.63319088E+000    -0.38091828E-004    -0.87246096E-004    -0.34911269E+001     0.11995770E+001     0.70699025E-005    -0.69107466E-004
     0.63355837E+000    -0.37922330E-004    -0.87001505E-004    -0.34867725E+001     0.11912278E+001     0.71083878E-005    -0.68907526E-004
     0.63392586E+000    -0.37753804E-004    -0.86758035E-004    -0.34824063E+001     0.11829211E+001     0.71464983E-005    -0.68708444E-004
     0.63429336E+000    -0.37586244E-004    -0.86515679E-004    -0.34780285E+001     0.11746569E+001     0.71842372E-005    -0.68510217E-004
     0.63466085E+000    -0.37419643E-004    -0.86274429E-004    -0.34736394E+001     0.11664350E+001     0.72216076E-005    -0.68312838E-004
     0.63502834E+000    -0.37253993E-004    -0.86034279E-004    -0.34692393E+001     0.11582552E+001     0.72586129E-005    -0.68116304E-004
     0.63539584E+000    -0.37089287E-004    -0.85795221E-004    -0.34648285E+001     0.11501174E+001     0.72952560E-005    -0.67920610E-004
     0.63576333E+000    -0.36925519E-004    -0.85557248E-004    -0.34604071E+001     0.11420213E+001     0.73315401E-005    -0.67725751E-004
     0.63613082E+000    -0.36762682E-004    -0.85320353E-004    -0.34559754E+001     0.11339669E+001     0.73674683E-005    -0.67531723E-004
     0.63649832E+000    -0.36600768E-004    -0.85084530E-004    -0.34515337E+001     0.11259540E+001     0.74030437E-005    -0.67338521E-004
     0.63686581E+000    -0.36439770E-004    -0.84849770E-004    -0.34470822E+001     0.11179823E+001     0.74382692E-005    -0.67146141E-004
     0.63723330E+000    -0.36279683E-004    -0.84616069E-004    -0.34426211E+001     0.11100518E+001     0.74731479E-005    -0.66954578E-004
     0.63760080E+000    -0.36120499E-004    -0.84383418E-004    -0.34381508E+001     0.11021623E+001     0.75076827E-005    -0.66763829E-004
     0.63796829E+000    -0.35962212E-004    -0.84151812E-004    -0.34336714E+001     0.10943136E+001     0.75418766E-005    -0.66573887E-004
     0.63833578E+000    -0.35804815E-004    -0.83921243E-004    -0.34291831E+001     0.10865055E+001     0.75757325E-005    -0.66384751E-004
     0.63870328E+000    -0.35648302E-004    -0.83691705E-004    -0.34246863E+001     0.10787379E+001     0.76092533E-005    -0.66196414E-004
     0.63907077E+000    -0.35492666E-004    -0.83463191E-004    -0.34201810E+001     0.10710106E+001     0.76424419E-005    -0.66008872E-004
     0.63943826E+000    -0.35337900E-004    -0.83235696E-004    -0.34156677E+001     0.10633234E+001     0.76753011E-005    -0.65822122E-004
     0.63980576E+000    -0.35184000E-004    -0.83009212E-004    -0.34111463E+001     0.10556762E+001     0.77078337E-005    -0.65636159E-004
     0.64017325E+000    -0.35030957E-004    -0.82783733E-004    -0.34066173E+001     0.10480689E+001     0.77400426E-005    -0.65450979E-004
     0.64054074E+000    -0.34878767E-004    -0.82559253E-004    -0.34020808E+001     0.10405012E+001     0.77719304E-005    -0.65266577E-004
     0.64090824E+000    -0.34727422E-004    -0.82335765E-004    -0.33975370E+001     0.10329729E+001     0.78034999E-005    -0.65082950E-004
     0.64127573E+000    -0.34576917E-004    -0.82113264E-004    -0.33929862E+001     0.10254840E+001     0.78347540E-005    -0.64900093E-004
     0.64164322E+000    -0.34427246E-004    -0.81891744E-004    -0.33884285E+001     0.10180342E+001     0.78656951E-005    -0.64718002E-004
     0.64201071E+000    -0.34278402E-004    -0.81671197E-004    -0.33838642E+001     0.10106234E+001     0.78963261E-005    -0.64536673E-004
     0.64237821E+000    -0.34130381E-004    -0.81451619E-004    -0.33792934E+001     0.10032513E+001     0.79266495E-005    -0.64356103E-004
     0.64274570E+000    -0.33983175E-004    -0.81233003E-004    -0.33747165E+001     0.99591797E+000     0.79566680E-005    -0.64176286E-004
     0.64311319E+000    -0.33836779E-004    -0.81015342E-004    -0.33701335E+001     0.98862306E+000     0.79863842E-005    -0.63997219E-004
     0.64348069E+000    -0.33691188E-004    -0.80798632E-004    -0.33655446E+001     0.98136645E+000     0.80158006E-005    -0.63818899E-004
     0.64384818E+000    -0.33546395E-004    -0.80582867E-004    -0.33609502E+001     0.97414798E+000     0.80449199E-005    -0.63641320E-004
     0.64421567E+000    -0.33402395E-004    -0.80368040E-004    -0.33563503E+001     0.96696747E+000     0.80737445E-005    -0.63464480E-004
     0.64458317E+000    -0.33259182E-004    -0.80154146E-004    -0.33517451E+001     0.95982476E+000     0.81022770E-005    -0.63288373E-004
     0.64495066E+000    -0.33116751E-004    -0.79941178E-004    -0.33471349E+001     0.95271968E+000     0.81305198E-005    -0.63112997E-004
     0.64531815E+000    -0.32975096E-004    -0.79729133E-004    -0.33425198E+001     0.94565206E+000     0.81584754E-005    -0.62938347E-004
     0.64568565E+000    -0.32834212E-004    -0.79518003E-004    -0.33379001E+001     0.93862173E+000     0.81861463E-005    -0.62764420E-004
     0.64605314E+000    -0.32694092E-004    -0.79307783E-004    -0.33332759E+001     0.93162853E+000     0.82135348E-005    -0.62591212E-004
     0.64642063E+000    -0.32554733E-004    -0.79098468E-004    -0.33286473E+001     0.92467228E+000     0.82406434E-005    -0.62418718E-004
     0.64678813E+000    -0.32416128E-004    -0.78890052E-004    -0.33240146E+001     0.91775283E+000     0.82674745E-005    -0.62246936E-004
     0.64715562E+000    -0.32278273E-004    -0.78682530E-004    -0.33193780E+001     0.91087000E+000     0.82940304E-005    -0.62075861E-004
     0.64752311E+000    -0.32141161E-004    -0.78475896E-004    -0.33147375E+001     0.90402363E+000     0.83203134E-005    -0.61905490E-004
     0.64789061E+000    -0.32004788E-004    -0.78270145E-004    -0.33100935E+001     0.89721354E+000     0.83463259E-005    -0.61735819E-004
     0.64825810E+000    -0.31869148E-004    -0.78065272E-004    -0.33054460E+001     0.89043957E+000     0.83720701E-005    -0.61566844E-004
     0.64862559E+000    -0.31734237E-004    -0.77861271E-004    -0.33007953E+001     0.88370156E+000     0.83975484E-005    -0.61398562E-004
     0.64899309E+000    -0.31600050E-004    -0.77658137E-004    -0.32961414E+001     0.87699933E+000     0.84227629E-005    -0.61230969E-004
     0.64936058E+000    -0.31466581E-004    -0.77455865E-004    -0.32914846E+001     0.87033272E+000     0.84477160E-005    -0.61064061E-004
     0.64972807E+000    -0.31333825E-004    -0.77254450E-004    -0.32868251E+001     0.86370157E+000     0.84724099E-005    -0.60897836E-004
     0.65009557E+000    -0.31201778E-004    -0.77053887E-004    -0.32821629E+001     0.85710570E+000     0.84968466E-005    -0.60732288E-004
     0.65046306E+000    -0.31070434E-004    -0.76854170E-004    -0.32774982E+001     0.85054496E+000     0.85210285E-005    -0.60567415E-004
     0.65083055E+000    -0.30939789E-004    -0.76655294E-004    -0.32728313E+001     0.84401917E+000     0.85449577E-005    -0.60403214E-004
     0.65119805E+000    -0.30809838E-004    -0.76457256E-004    -0.32681622E+001     0.83752818E+000     0.85686362E-005    -0.60239680E-004
     0.65156554E+000    -0.30680576E-004    -0.76260048E-004    -0.32634911E+001     0.83107180E+000     0.85920664E-005    -0.60076811E-004
     0.65193303E+000    -0.30551998E-004    -0.76063668E-004    -0.32588182E+001     0.82464989E+000     0.86152501E-005    -0.59914602E-004
     0.65230053E+000    -0.30424100E-004    -0.75868109E-004    -0.32541436E+001     0.81826227E+000     0.86381896E-005    -0.59753051E-004
     0.65266802E+000    -0.30296878E-004    -0.75673367E-004    -0.32494674E+001     0.81190879E+000     0.86608868E-005    -0.59592153E-004
     0.65303551E+000    -0.30170325E-004    -0.75479438E-004    -0.32447898E+001     0.80558927E+000     0.86833439E-005    -0.59431907E-004
     0.65340301E+000    -0.30044439E-004    -0.75286316E-004    -0.32401110E+001     0.79930355E+000     0.87055629E-005    -0.59272307E-004
     0.65377050E+000    -0.29919214E-004    -0.75093996E-004    -0.32354311E+001     0.79305148E+000     0.87275457E-005    -0.59113351E-004
     0.65413799E+000    -0.29794645E-004    -0.74902475E-004    -0.32307501E+001     0.78683288E+000     0.87492944E-005    -0.58955036E-004
     0.65450549E+000    -0.29670730E-004    -0.74711746E-004    -0.32260684E+001     0.78064759E+000     0.87708109E-005    -0.58797358E-004
     0.65487298E+000    -0.29547462E-004    -0.74521807E-004    -0.32213859E+001     0.77449546E+000     0.87920973E-005    -0.58640314E-004
     0.65524047E+000    -0.29424837E-004    -0.74332651E-004    -0.32167029E+001     0.76837631E+000     0.88131554E-005    -0.58483900E-004
     0.65560797E+000    -0.29302852E-004    -0.74144275E-004    -0.32120194E+001     0.76228999E+000     0.88339871E-005    -0.58328114E-004
     0.65597546E+000    -0.29181502E-004    -0.73956674E-004    -0.32073357E+001     0.75623634E+000     0.88545945E-005    -0.58172952E-004
     0.65634295E+000    -0.29060783E-004    -0.73769844E-004    -0.32026517E+001     0.75021520E+000     0.88749793E-005    -0.58018411E-004
     0.65671044E+000    -0.28940690E-004    -0.73583780E-004    -0.31979678E+001     0.74422640E+000     0.88951435E-005    -0.57864488E-004
     0.65707794E+000    -0.28821219E-004    -0.73398477E-004    -0.31932839E+001     0.73826978E+000     0.89150888E-005    -0.57711180E-004
     0.65744543E+000    -0.28702367E-004    -0.73213932E-004    -0.31886002E+001     0.73234519E+000     0.89348173E-005    -0.57558482E-004
     0.65781292E+000    -0.28584128E-004    -0.73030140E-004    -0.31839168E+001     0.72645246E+000     0.89543306E-005    -0.57406394E-004
     0.65818042E+000    -0.28466499E-004    -0.72847096E-004    -0.31792339E+001     0.72059144E+000     0.89736306E-005    -0.57254910E-004
     0.65854791E+000    -0.28349476E-004    -0.72664796E-004    -0.31745515E+001     0.71476197E+000     0.89927190E-005    -0.57104029E-004
     0.65891540E+000    -0.28233055E-004    -0.72483237E-004    -0.31698698E+001     0.70896389E+000     0.90115978E-005    -0.56953746E-004
     0.65928290E+000    -0.28117231E-004    -0.72302414E-004    -0.31651890E+001     0.70319704E+000     0.90302685E-005    -0.56804060E-004
     0.65965039E+000    -0.28002001E-004    -0.72122322E-004    -0.31605090E+001     0.69746127E+000     0.90487331E-005    -0.56654966E-004
     0.66001788E+000    -0.27887361E-004    -0.71942958E-004    -0.31558301E+001     0.69175641E+000     0.90669931E-005    -0.56506463E-004
     0.66038538E+000    -0.27773307E-004    -0.71764317E-004    -0.31511523E+001     0.68608232E+000     0.90850504E-005    -0.56358546E-004
     0.66075287E+000    -0.27659835E-004    -0.71586395E-004    -0.31464758E+001     0.68043883E+000     0.91029066E-005    -0.56211214E-004
     0.66112036E+000    -0.27546942E-004    -0.71409189E-004    -0.31418006E+001     0.67482580E+000     0.91205635E-005    -0.56064462E-004
     0.66148786E+000    -0.27434623E-004    -0.71232694E-004    -0.31371269E+001     0.66924306E+000     0.91380226E-005    -0.55918288E-004
     0.66185535E+000    -0.27322874E-004    -0.71056906E-004    -0.31324548E+001     0.66369046E+000     0.91552857E-005    -0.55772690E-004
     0.66222284E+000    -0.27211692E-004    -0.70881821E-004    -0.31277844E+001     0.65816785E+000     0.91723544E-005    -0.55627663E-004
     0.66259034E+000    -0.27101074E-004    -0.70707436E-004    -0.31231157E+001     0.65267508E+000     0.91892303E-005    -0.55483206E-004
     0.66295783E+000    -0.26991015E-004    -0.70533746E-004    -0.31184489E+001     0.64721198E+000     0.92059151E-005    -0.55339316E-004
     0.66332532E+000    -0.26881512E-004    -0.70360747E-004    -0.31137841E+001     0.64177842E+000     0.92224104E-005    -0.55195989E-004
     0.66369282E+000    -0.26772562E-004    -0.70188436E-004    -0.31091214E+001     0.63637423E+000     0.92387176E-005    -0.55053223E-004
     0.66406031E+000    -0.26664160E-004    -0.70016809E-004    -0.31044609E+001     0.63099927E+000     0.92548385E-005    -0.54911014E-004
     0.66442780E+000    -0.26556303E-004    -0.69845861E-004    -0.30998026E+001     0.62565339E+000     0.92707746E-005    -0.54769361E-004
     0.66479530E+000    -0.26448987E-004    -0.69675590E-004    -0.30951467E+001     0.62033643E+000     0.92865275E-005    -0.54628260E-004
     0.66516279E+000    -0.26342210E-004    -0.69505991E-004    -0.30904933E+001     0.61504824E+000     0.93020985E-005    -0.54487709E-004
     0.66553028E+000    -0.26235967E-004    -0.69337061E-004    -0.30858424E+001     0.60978868E+000     0.93174894E-005    -0.54347704E-004
     0.66589778E+000    -0.26130256E-004    -0.69168796E-004    -0.30811941E+001     0.60455760E+000     0.93327016E-005    -0.54208244E-004
     0.66626527E+000    -0.26025072E-004    -0.69001193E-004    -0.30765486E+001     0.59935485E+000     0.93477366E-005    -0.54069325E-004
     0.66663276E+000    -0.25920412E-004    -0.68834247E-004    -0.30719060E+001     0.59418027E+000     0.93625958E-005    -0.53930944E-004
     0.66700026E+000    -0.25816274E-004    -0.68667955E-004    -0.30672662E+001     0.58903373E+000     0.93772808E-005    -0.53793099E-004
     0.66736775E+000    -0.25712653E-004    -0.68502313E-004    -0.30626294E+001     0.58391508E+000     0.93917930E-005    -0.53655788E-004
     0.66773524E+000    -0.25609546E-004    -0.68337319E-004    -0.30579957E+001     0.57882417E+000     0.94061339E-005    -0.53519007E-004
     0.66810274E+000    -0.25506950E-004    -0.68172968E-004    -0.30533652E+001     0.57376085E+000     0.94203048E-005    -0.53382754E-004
     0.66847023E+000    -0.25404862E-004    -0.68009256E-004    -0.30487379E+001     0.56872498E+000     0.94343073E-005    -0.53247027E-004
     0.66883772E+000    -0.25303279E-004    -0.67846181E-004    -0.30441139E+001     0.56371642E+000     0.94481427E-005    -0.53111822E-004
     0.66920522E+000    -0.25202196E-004    -0.67683739E-004    -0.30394934E+001     0.55873502E+000     0.94618124E-005    -0.52977137E-004
     0.66957271E+000    -0.25101612E-004    -0.67521927E-004    -0.30348763E+001     0.55378064E+000     0.94753177E-005    -0.52842970E-004
     0.66994020E+000    -0.25001523E-004    -0.67360741E-004    -0.30302628E+001     0.54885314E+000     0.94886602E-005    -0.52709318E-004
     0.67030770E+000    -0.24901926E-004    -0.67200177E-004    -0.30256529E+001     0.54395237E+000     0.95018411E-005    -0.52576178E-004
     0.67067519E+000    -0.24802817E-004    -0.67040232E-004    -0.30210467E+001     0.53907819E+000     0.95148618E-005    -0.52443548E-004
     0.67104268E+000    -0.24704194E-004    -0.66880904E-004    -0.30164443E+001     0.53423046E+000     0.95277236E-005    -0.52311426E-004
     0.67141018E+000    -0.24606053E-004    -0.66722188E-004    -0.30118458E+001     0.52940905E+000     0.95404278E-005    -0.52179808E-004
     0.67177767E+000    -0.24508392E-004    -0.66564081E-004    -0.30072512E+001     0.52461380E+000     0.95529758E-005    -0.52048693E-004
     0.67214516E+000    -0.24411207E-004    -0.66406581E-004    -0.30026606E+001     0.51984458E+000     0.95653689E-005    -0.51918078E-004
     0.67251265E+000    -0.24314496E-004    -0.66249683E-004    -0.29980740E+001     0.51510126E+000     0.95776083E-005    -0.51787960E-004
     0.67288015E+000    -0.24218255E-004    -0.66093385E-004    -0.29934916E+001     0.51038369E+000     0.95896954E-005    -0.51658337E-004
     0.67324764E+000    -0.24122482E-004    -0.65937683E-004    -0.29889134E+001     0.50569174E+000     0.96016314E-005    -0.51529206E-004
     0.67361513E+000    -0.24027173E-004    -0.65782575E-004    -0.29843395E+001     0.50102527E+000     0.96134175E-005    -0.51400566E-004
     0.67398263E+000    -0.23932327E-004    -0.65628056E-004    -0.29797699E+001     0.49638414E+000     0.96250551E-005    -0.51272413E-004
     0.67435012E+000    -0.23837939E-004    -0.65474125E-004    -0.29752047E+001     0.49176821E+000     0.96365453E-005    -0.51144746E-004
     0.67471761E+000    -0.23744007E-004    -0.65320777E-004    -0.29706440E+001     0.48717736E+000     0.96478895E-005    -0.51017562E-004
     0.67508511E+000    -0.23650528E-004    -0.65168010E-004    -0.29660878E+001     0.48261145E+000     0.96590887E-005    -0.50890858E-004
     0.67545260E+000    -0.23557500E-004    -0.65015820E-004    -0.29615361E+001     0.47807033E+000     0.96701443E-005    -0.50764633E-004
     0.67582009E+000    -0.23464919E-004    -0.64864205E-004    -0.29569891E+001     0.47355389E+000     0.96810574E-005    -0.50638883E-004
     0.67618759E+000    -0.23372783E-004    -0.64713161E-004    -0.29524469E+001     0.46906198E+000     0.96918291E-005    -0.50513607E-004
     0.67655508E+000    -0.23281089E-004    -0.64562686E-004    -0.29479093E+001     0.46459448E+000     0.97024608E-005    -0.50388803E-004
     0.67692257E+000    -0.23189834E-004    -0.64412777E-004    -0.29433766E+001     0.46015125E+000     0.97129535E-005    -0.50264467E-004
     0.67729007E+000    -0.23099016E-004    -0.64263430E-004    -0.29388488E+001     0.45573216E+000     0.97233084E-005    -0.50140598E-004
     0.67765756E+000    -0.23008631E-004    -0.64114643E-004    -0.29343259E+001     0.45133708E+000     0.97335267E-005    -0.50017194E-004
     0.67802505E+000    -0.22918678E-004    -0.63966412E-004    -0.29298080E+001     0.44696588E+000     0.97436094E-005    -0.49894252E-004
     0.67839255E+000    -0.22829154E-004    -0.63818735E-004    -0.29252951E+001     0.44261843E+000     0.97535578E-005    -0.49771769E-004
     0.67876004E+000    -0.22740056E-004    -0.63671609E-004    -0.29207874E+001     0.43829460E+000     0.97633729E-005    -0.49649745E-004
     0.67912753E+000    -0.22651381E-004    -0.63525031E-004    -0.29162847E+001     0.43399426E+000     0.97730559E-005    -0.49528176E-004
     0.67949503E+000    -0.22563126E-004    -0.63378998E-004    -0.29117873E+001     0.42971729E+000     0.97826078E-005    -0.49407060E-004
     0.67986252E+000    -0.22475290E-004    -0.63233508E-004    -0.29072951E+001     0.42546356E+000     0.97920297E-005    -0.49286396E-004
     0.68023001E+000    -0.22387870E-004    -0.63088557E-004    -0.29028082E+001     0.42123294E+000     0.98013228E-005    -0.49166180E-004
     0.68059751E+000    -0.22300863E-004    -0.62944142E-004    -0.28983266E+001     0.41702531E+000     0.98104880E-005    -0.49046411E-004
     0.68096500E+000    -0.22214266E-004    -0.62800262E-004    -0.28938505E+001     0.41284053E+000     0.98195265E-005    -0.48927087E-004
     0.68133249E+000    -0.22128078E-004    -0.62656913E-004    -0.28893797E+001     0.40867850E+000     0.98284394E-005    -0.48808206E-004
     0.68169999E+000    -0.22042295E-004    -0.62514092E-004    -0.28849145E+001     0.40453907E+000     0.98372275E-005    -0.48689764E-004
     0.68206748E+000    -0.21956916E-004    -0.62371797E-004    -0.28804547E+001     0.40042213E+000     0.98458921E-005    -0.48571761E-004
     0.68243497E+000    -0.21871937E-004    -0.62230024E-004    -0.28760006E+001     0.39632756E+000     0.98544341E-005    -0.48454194E-004
     0.68280247E+000    -0.21787357E-004    -0.62088773E-004    -0.28715521E+001     0.39225523E+000     0.98628546E-005    -0.48337062E-004
     0.68316996E+000    -0.21703172E-004    -0.61948039E-004    -0.28671092E+001     0.38820502E+000     0.98711545E-005    -0.48220361E-004
     0.68353745E+000    -0.21619381E-004    -0.61807820E-004    -0.28626720E+001     0.38417680E+000     0.98793348E-005    -0.48104090E-004
     0.68390495E+000    -0.21535982E-004    -0.61668113E-004    -0.28582406E+001     0.38017047E+000     0.98873966E-005    -0.47988247E-004
     0.68427244E+000    -0.21452971E-004    -0.61528916E-004    -0.28538149E+001     0.37618590E+000     0.98953409E-005    -0.47872830E-004
     0.68463993E+000    -0.21370347E-004    -0.61390226E-004    -0.28493951E+001     0.37222296E+000     0.99031685E-005    -0.47757837E-004
     0.68500743E+000    -0.21288107E-004    -0.61252041E-004    -0.28449811E+001     0.36828155E+000     0.99108805E-005    -0.47643265E-004
     0.68537492E+000    -0.21206249E-004    -0.61114358E-004    -0.28405730E+001     0.36436153E+000     0.99184779E-005    -0.47529113E-004
     0.68574241E+000    -0.21124771E-004    -0.60977174E-004    -0.28361709E+001     0.36046280E+000     0.99259616E-005    -0.47415379E-004
     0.68610991E+000    -0.21043670E-004    -0.60840488E-004    -0.28317747E+001     0.35658524E+000     0.99333325E-005    -0.47302061E-004
     0.68647740E+000    -0.20962944E-004    -0.60704296E-004    -0.28273845E+001     0.35272872E+000     0.99405917E-005    -0.47189157E-004
     0.68684489E+000    -0.20882592E-004    -0.60568596E-004    -0.28230004E+001     0.34889314E+000     0.99477399E-005    -0.47076664E-004
     0.68721239E+000    -0.20802610E-004    -0.60433385E-004    -0.28186224E+001     0.34507838E+000     0.99547781E-005    -0.46964581E-004
     0.68757988E+000    -0.20722996E-004    -0.60298661E-004    -0.28142505E+001     0.34128433E+000     0.99617074E-005    -0.46852907E-004
     0.68794737E+000    -0.20643749E-004    -0.60164422E-004    -0.28098847E+001     0.33751086E+000     0.99685284E-005    -0.46741638E-004
     0.68831486E+000    -0.20564866E-004    -0.60030665E-004    -0.28055251E+001     0.33375786E+000     0.99752422E-005    -0.46630774E-004
     0.68868236E+000    -0.20486345E-004    -0.59897388E-004    -0.28011717E+001     0.33002523E+000     0.99818497E-005    -0.46520312E-004
     0.68904985E+000    -0.20408184E-004    -0.59764588E-004    -0.27968246E+001     0.32631285E+000     0.99883517E-005    -0.46410250E-004
     0.68941734E+000    -0.20330381E-004    -0.59632263E-004    -0.27924837E+001     0.32262061E+000     0.99947491E-005    -0.46300586E-004
     0.68978484E+000    -0.20252933E-004    -0.59500411E-004    -0.27881492E+001     0.31894839E+000     0.10001043E-004    -0.46191319E-004
     0.69015233E+000    -0.20175839E-004    -0.59369029E-004    -0.27838209E+001     0.31529609E+000     0.10007234E-004    -0.46082447E-004
     0.69051982E+000    -0.20099097E-004    -0.59238115E-004    -0.27794991E+001     0.31166359E+000     0.10013322E-004    -0.45973968E-004
     0.69088732E+000    -0.20022704E-004    -0.59107666E-004    -0.27751836E+001     0.30805079E+000     0.10019310E-004    -0.45865879E-004
     0.69125481E+000    -0.19946659E-004    -0.58977681E-004    -0.27708746E+001     0.30445757E+000     0.10025197E-004    -0.45758180E-004
     0.69162230E+000    -0.19870959E-004    -0.58848156E-004    -0.27665720E+001     0.30088384E+000     0.10030985E-004    -0.45650869E-004
     0.69198980E+000    -0.19795602E-004    -0.58719091E-004    -0.27622758E+001     0.29732947E+000     0.10036675E-004    -0.45543942E-004
     0.69235729E+000    -0.19720587E-004    -0.58590482E-004    -0.27579862E+001     0.29379436E+000     0.10042266E-004    -0.45437400E-004
     0.69272478E+000    -0.19645911E-004    -0.58462327E-004    -0.27537031E+001     0.29027840E+000     0.10047760E-004    -0.45331239E-004
     0.69309228E+000    -0.19571573E-004    -0.58334624E-004    -0.27494265E+001     0.28678150E+000     0.10053158E-004    -0.45225459E-004
     0.69345977E+000    -0.19497570E-004    -0.58207370E-004    -0.27451565E+001     0.28330354E+000     0.10058461E-004    -0.45120057E-004
     0.69382726E+000    -0.19423901E-004    -0.58080565E-004    -0.27408931E+001     0.27984441E+000     0.10063669E-004    -0.45015032E-004
     0.69419476E+000    -0.19350563E-004    -0.57954204E-004    -0.27366364E+001     0.27640402E+000     0.10068784E-004    -0.44910381E-004
     0.69456225E+000    -0.19277555E-004    -0.57828287E-004    -0.27323863E+001     0.27298225E+000     0.10073805E-004    -0.44806104E-004
     0.69492974E+000    -0.19204875E-004    -0.57702811E-004    -0.27281428E+001     0.26957901E+000     0.10078734E-004    -0.44702198E-004
     0.69529724E+000    -0.19132521E-004    -0.57577773E-004    -0.27239060E+001     0.26619419E+000     0.10083571E-004    -0.44598662E-004
     0.69566473E+000    -0.19060491E-004    -0.57453173E-004    -0.27196760E+001     0.26282769E+000     0.10088318E-004    -0.44495494E-004
     0.69603222E+000    -0.18988783E-004    -0.57329007E-004    -0.27154526E+001     0.25947940E+000     0.10092975E-004    -0.44392692E-004
     0.69639972E+000    -0.18917396E-004    -0.57205273E-004    -0.27112361E+001     0.25614923E+000     0.10097542E-004    -0.44290255E-004
     0.69676721E+000    -0.18846327E-004    -0.57081970E-004    -0.27070262E+001     0.25283707E+000     0.10102021E-004    -0.44188181E-004
     0.69713470E+000    -0.18775575E-004    -0.56959095E-004    -0.27028232E+001     0.24954283E+000     0.10106412E-004    -0.44086467E-004
     0.69750220E+000    -0.18705137E-004    -0.56836646E-004    -0.26986270E+001     0.24626640E+000     0.10110716E-004    -0.43985114E-004
     0.69786969E+000    -0.18635013E-004    -0.56714622E-004    -0.26944376E+001     0.24300769E+000     0.10114934E-004    -0.43884118E-004
     0.69823718E+000    -0.18565200E-004    -0.56593019E-004    -0.26902551E+001     0.23976659E+000     0.10119067E-004    -0.43783479E-004
     0.69860468E+000    -0.18495697E-004    -0.56471837E-004    -0.26860794E+001     0.23654301E+000     0.10123114E-004    -0.43683194E-004
     0.69897217E+000    -0.18426501E-004    -0.56351073E-004    -0.26819106E+001     0.23333685E+000     0.10127077E-004    -0.43583262E-004
     0.69933966E+000    -0.18357612E-004    -0.56230725E-004    -0.26777486E+001     0.23014801E+000     0.10130957E-004    -0.43483682E-004
     0.69970716E+000    -0.18289027E-004    -0.56110791E-004    -0.26735936E+001     0.22697639E+000     0.10134754E-004    -0.43384451E-004
     0.70007465E+000    -0.18220744E-004    -0.55991269E-004    -0.26694455E+001     0.22382191E+000     0.10138469E-004    -0.43285569E-004
     0.70044214E+000    -0.18152762E-004    -0.55872157E-004    -0.26653044E+001     0.22068446E+000     0.10142103E-004    -0.43187033E-004
     0.70080964E+000    -0.18085080E-004    -0.55753453E-004    -0.26611702E+001     0.21756394E+000     0.10145655E-004    -0.43088842E-004
     0.70117713E+000    -0.18017695E-004    -0.55635156E-004    -0.26570430E+001     0.21446027E+000     0.10149128E-004    -0.42990995E-004
     0.70154462E+000    -0.17950606E-004    -0.55517263E-004    -0.26529228E+001     0.21137335E+000     0.10152522E-004    -0.42893489E-004
     0.70191212E+000    -0.17883811E-004    -0.55399772E-004    -0.26488095E+001     0.20830309E+000     0.10155836E-004    -0.42796324E-004
     0.70227961E+000    -0.17817308E-004    -0.55282682E-004    -0.26447033E+001     0.20524939E+000     0.10159073E-004    -0.42699498E-004
     0.70264710E+000    -0.17751097E-004    -0.55165990E-004    -0.26406041E+001     0.20221216E+000     0.10162232E-004    -0.42603008E-004
     0.70301459E+000    -0.17685174E-004    -0.55049695E-004    -0.26365119E+001     0.19919131E+000     0.10165314E-004    -0.42506855E-004
     0.70338209E+000    -0.17619540E-004    -0.54933795E-004    -0.26324267E+001     0.19618674E+000     0.10168321E-004    -0.42411035E-004
     0.70374958E+000    -0.17554191E-004    -0.54818288E-004    -0.26283487E+001     0.19319837E+000     0.10171252E-004    -0.42315548E-004
     0.70411707E+000    -0.17489127E-004    -0.54703172E-004    -0.26242777E+001     0.19022611E+000     0.10174108E-004    -0.42220393E-004
     0.70448457E+000    -0.17424346E-004    -0.54588445E-004    -0.26202137E+001     0.18726986E+000     0.10176889E-004    -0.42125566E-004
     0.70485206E+000    -0.17359846E-004    -0.54474105E-004    -0.26161569E+001     0.18432953E+000     0.10179598E-004    -0.42031069E-004
     0.70521955E+000    -0.17295626E-004    -0.54360152E-004    -0.26121071E+001     0.18140505E+000     0.10182233E-004    -0.41936897E-004
     0.70558705E+000    -0.17231684E-004    -0.54246582E-004    -0.26080645E+001     0.17849630E+000     0.10184795E-004    -0.41843051E-004
     0.70595454E+000    -0.17168018E-004    -0.54133394E-004    -0.26040290E+001     0.17560322E+000     0.10187286E-004    -0.41749529E-004
     0.70632203E+000    -0.17104628E-004    -0.54020586E-004    -0.26000006E+001     0.17272571E+000     0.10189706E-004    -0.41656329E-004
     0.70668953E+000    -0.17041511E-004    -0.53908156E-004    -0.25959793E+001     0.16986369E+000     0.10192056E-004    -0.41563449E-004
     0.70705702E+000    -0.16978666E-004    -0.53796104E-004    -0.25919652E+001     0.16701706E+000     0.10194335E-004    -0.41470890E-004
     0.70742451E+000    -0.16916092E-004    -0.53684426E-004    -0.25879582E+001     0.16418575E+000     0.10196545E-004    -0.41378648E-004
     0.70779201E+000    -0.16853787E-004    -0.53573121E-004    -0.25839584E+001     0.16136966E+000     0.10198686E-004    -0.41286722E-004
     0.70815950E+000    -0.16791750E-004    -0.53462188E-004    -0.25799657E+001     0.15856871E+000     0.10200758E-004    -0.41195112E-004
     0.70852699E+000    -0.16729979E-004    -0.53351625E-004    -0.25759802E+001     0.15578282E+000     0.10202763E-004    -0.41103815E-004
     0.70889449E+000    -0.16668472E-004    -0.53241430E-004    -0.25720019E+001     0.15301190E+000     0.10204701E-004    -0.41012831E-004
     0.70926198E+000    -0.16607229E-004    -0.53131601E-004    -0.25680308E+001     0.15025586E+000     0.10206573E-004    -0.40922157E-004
     0.70962947E+000    -0.16546247E-004    -0.53022136E-004    -0.25640669E+001     0.14751464E+000     0.10208378E-004    -0.40831793E-004
     0.70999697E+000    -0.16485526E-004    -0.52913035E-004    -0.25601101E+001     0.14478813E+000     0.10210118E-004    -0.40741737E-004
     0.71036446E+000    -0.16425064E-004    -0.52804295E-004    -0.25561606E+001     0.14207627E+000     0.10211793E-004    -0.40651988E-004
     0.71073195E+000    -0.16364860E-004    -0.52695914E-004    -0.25522183E+001     0.13937896E+000     0.10213404E-004    -0.40562544E-004
     0.71109945E+000    -0.16304911E-004    -0.52587892E-004    -0.25482831E+001     0.13669612E+000     0.10214951E-004    -0.40473404E-004
     0.71146694E+000    -0.16245217E-004    -0.52480225E-004    -0.25443552E+001     0.13402769E+000     0.10216435E-004    -0.40384567E-004
     0.71183443E+000    -0.16185777E-004    -0.52372914E-004    -0.25404345E+001     0.13137356E+000     0.10217856E-004    -0.40296031E-004
     0.71220193E+000    -0.16126589E-004    -0.52265955E-004    -0.25365210E+001     0.12873367E+000     0.10219215E-004    -0.40207796E-004
     0.71256942E+000    -0.16067651E-004    -0.52159349E-004    -0.25326148E+001     0.12610794E+000     0.10220512E-004    -0.40119858E-004
     0.71293691E+000    -0.16008963E-004    -0.52053091E-004    -0.25287157E+001     0.12349628E+000     0.10221748E-004    -0.40032218E-004
     0.71330441E+000    -0.15950522E-004    -0.51947183E-004    -0.25248239E+001     0.12089862E+000     0.10222923E-004    -0.39944875E-004
     0.71367190E+000    -0.15892328E-004    -0.51841620E-004    -0.25209394E+001     0.11831488E+000     0.10224038E-004    -0.39857826E-004
     0.71403939E+000    -0.15834379E-004    -0.51736403E-004    -0.25170620E+001     0.11574497E+000     0.10225093E-004    -0.39771070E-004
     0.71440689E+000    -0.15776675E-004    -0.51631530E-004    -0.25131920E+001     0.11318883E+000     0.10226090E-004    -0.39684606E-004
     0.71477438E+000    -0.15719213E-004    -0.51526998E-004    -0.25093291E+001     0.11064638E+000     0.10227027E-004    -0.39598433E-004
     0.71514187E+000    -0.15661992E-004    -0.51422807E-004    -0.25054735E+001     0.10811754E+000     0.10227907E-004    -0.39512550E-004
     0.71550937E+000    -0.15605011E-004    -0.51318955E-004    -0.25016251E+001     0.10560223E+000     0.10228729E-004    -0.39426955E-004
     0.71587686E+000    -0.15548269E-004    -0.51215440E-004    -0.24977840E+001     0.10310037E+000     0.10229494E-004    -0.39341647E-004
     0.71624435E+000    -0.15491765E-004    -0.51112261E-004    -0.24939501E+001     0.10061190E+000     0.10230202E-004    -0.39256625E-004
     0.71661185E+000    -0.15435497E-004    -0.51009417E-004    -0.24901234E+001     0.98136740E-001     0.10230854E-004    -0.39171887E-004
     0.71697934E+000    -0.15379464E-004    -0.50906905E-004    -0.24863040E+001     0.95674810E-001     0.10231450E-004    -0.39087433E-004
     0.71734683E+000    -0.15323664E-004    -0.50804725E-004    -0.24824919E+001     0.93226040E-001     0.10231991E-004    -0.39003260E-004
     0.71771433E+000    -0.15268097E-004    -0.50702874E-004    -0.24786870E+001     0.90790356E-001     0.10232477E-004    -0.38919369E-004
     0.71808182E+000    -0.15212761E-004    -0.50601352E-004    -0.24748893E+001     0.88367684E-001     0.10232909E-004    -0.38835757E-004
     0.71844931E+000    -0.15157655E-004    -0.50500157E-004    -0.24710989E+001     0.85957952E-001     0.10233286E-004    -0.38752423E-004
     0.71881680E+000    -0.15102778E-004    -0.50399287E-004    -0.24673157E+001     0.83561088E-001     0.10233611E-004    -0.38669366E-004
     0.71918430E+000    -0.15048129E-004    -0.50298741E-004    -0.24635397E+001     0.81177020E-001     0.10233882E-004    -0.38586585E-004
     0.71955179E+000    -0.14993706E-004    -0.50198518E-004    -0.24597710E+001     0.78805676E-001     0.10234102E-004    -0.38504079E-004
     0.71991928E+000    -0.14939508E-004    -0.50098616E-004    -0.24560096E+001     0.76446985E-001     0.10234268E-004    -0.38421847E-004
     0.72028678E+000    -0.14885534E-004    -0.49999034E-004    -0.24522553E+001     0.74100877E-001     0.10234384E-004    -0.38339886E-004
     0.72065427E+000    -0.14831783E-004    -0.49899770E-004    -0.24485083E+001     0.71767281E-001     0.10234448E-004    -0.38258197E-004
     0.72102176E+000    -0.14778253E-004    -0.49800822E-004    -0.24447686E+001     0.69446128E-001     0.10234461E-004    -0.38176778E-004
     0.72138926E+000    -0.14724944E-004    -0.49702191E-004    -0.24410360E+001     0.67137347E-001     0.10234424E-004    -0.38095628E-004
     0.72175675E+000    -0.14671854E-004    -0.49603873E-004    -0.24373107E+001     0.64840871E-001     0.10234338E-004    -0.38014745E-004
     0.72212424E+000    -0.14618983E-004    -0.49505868E-004    -0.24335927E+001     0.62556630E-001     0.10234201E-004    -0.37934129E-004
     0.72249174E+000    -0.14566328E-004    -0.49408175E-004    -0.24298818E+001     0.60284556E-001     0.10234016E-004    -0.37853778E-004
     0.72285923E+000    -0.14513890E-004    -0.49310791E-004    -0.24261781E+001     0.58024582E-001     0.10233782E-004    -0.37773691E-004
     0.72322672E+000    -0.14461666E-004    -0.49213716E-004    -0.24224817E+001     0.55776639E-001     0.10233500E-004    -0.37693867E-004
     0.72359422E+000    -0.14409655E-004    -0.49116948E-004    -0.24187925E+001     0.53540661E-001     0.10233170E-004    -0.37614305E-004
     0.72396171E+000    -0.14357858E-004    -0.49020486E-004    -0.24151105E+001     0.51316582E-001     0.10232792E-004    -0.37535004E-004
     0.72432920E+000    -0.14306272E-004    -0.48924329E-004    -0.24114357E+001     0.49104333E-001     0.10232368E-004    -0.37455963E-004
     0.72469670E+000    -0.14254896E-004    -0.48828474E-004    -0.24077681E+001     0.46903851E-001     0.10231897E-004    -0.37377180E-004
     0.72506419E+000    -0.14203729E-004    -0.48732922E-004    -0.24041077E+001     0.44715069E-001     0.10231380E-004    -0.37298655E-004
     0.72543168E+000    -0.14152770E-004    -0.48637670E-004    -0.24004545E+001     0.42537922E-001     0.10230817E-004    -0.37220386E-004
     0.72579918E+000    -0.14102019E-004    -0.48542718E-004    -0.23968085E+001     0.40372346E-001     0.10230209E-004    -0.37142372E-004
     0.72616667E+000    -0.14051473E-004    -0.48448063E-004    -0.23931696E+001     0.38218276E-001     0.10229555E-004    -0.37064612E-004
     0.72653416E+000    -0.14001133E-004    -0.48353706E-004    -0.23895380E+001     0.36075647E-001     0.10228857E-004    -0.36987105E-004
     0.72690166E+000    -0.13950996E-004    -0.48259643E-004    -0.23859135E+001     0.33944397E-001     0.10228115E-004    -0.36909850E-004
     0.72726915E+000    -0.13901062E-004    -0.48165875E-004    -0.23822961E+001     0.31824461E-001     0.10227329E-004    -0.36832847E-004
     0.72763664E+000    -0.13851330E-004    -0.48072399E-004    -0.23786860E+001     0.29715778E-001     0.10226499E-004    -0.36756093E-004
     0.72800414E+000    -0.13801799E-004    -0.47979215E-004    -0.23750830E+001     0.27618285E-001     0.10225627E-004    -0.36679587E-004
     0.72837163E+000    -0.13752467E-004    -0.47886322E-004    -0.23714871E+001     0.25531918E-001     0.10224711E-004    -0.36603330E-004
     0.72873912E+000    -0.13703334E-004    -0.47793717E-004    -0.23678984E+001     0.23456617E-001     0.10223753E-004    -0.36527319E-004
     0.72910662E+000    -0.13654399E-004    -0.47701400E-004    -0.23643169E+001     0.21392320E-001     0.10222753E-004    -0.36451554E-004
     0.72947411E+000    -0.13605661E-004    -0.47609370E-004    -0.23607424E+001     0.19338966E-001     0.10221712E-004    -0.36376033E-004
     0.72984160E+000    -0.13557118E-004    -0.47517625E-004    -0.23571751E+001     0.17296494E-001     0.10220629E-004    -0.36300756E-004
     0.73020910E+000    -0.13508769E-004    -0.47426164E-004    -0.23536149E+001     0.15264844E-001     0.10219505E-004    -0.36225721E-004
     0.73057659E+000    -0.13460615E-004    -0.47334986E-004    -0.23500619E+001     0.13243956E-001     0.10218341E-004    -0.36150928E-004
     0.73094408E+000    -0.13412653E-004    -0.47244090E-004    -0.23465159E+001     0.11233769E-001     0.10217136E-004    -0.36076375E-004
     0.73131158E+000    -0.13364883E-004    -0.47153474E-004    -0.23429770E+001     0.92342248E-002     0.10215892E-004    -0.36002061E-004
     0.73167907E+000    -0.13317303E-004    -0.47063138E-004    -0.23394453E+001     0.72452643E-002     0.10214608E-004    -0.35927986E-004
     0.73204656E+000    -0.13269913E-004    -0.46973079E-004    -0.23359206E+001     0.52668287E-002     0.10213285E-004    -0.35854149E-004
     0.73241406E+000    -0.13222713E-004    -0.46883298E-004    -0.23324030E+001     0.32988596E-002     0.10211923E-004    -0.35780547E-004
     0.73278155E+000    -0.13175699E-004    -0.46793792E-004    -0.23288925E+001     0.13412991E-002     0.10210522E-004    -0.35707182E-004
     0.73314904E+000    -0.13128873E-004    -0.46704561E-004    -0.23253890E+001    -0.60591047E-003     0.10209083E-004    -0.35634050E-004
     0.73351654E+000    -0.13082233E-004    -0.46615603E-004    -0.23218926E+001    -0.25428265E-002     0.10207607E-004    -0.35561152E-004
     0.73388403E+000    -0.13035778E-004    -0.46526917E-004    -0.23184033E+001    -0.44695059E-002     0.10206092E-004    -0.35488487E-004
     0.73425152E+000    -0.12989507E-004    -0.46438503E-004    -0.23149210E+001    -0.63860053E-002     0.10204541E-004    -0.35416053E-004
