#      omega [at.u.] real pol. elem. 1 2 imag pol. elem. 1 2 real pol. elem. 2 2 imag pol. elem. 2 2 real pol. elem. 3 2 imag pol. elem. 3 2
    -0.10866783E+001     0.71700271E-001     0.11182193E-003    -0.12987262E+004    -0.13316679E+000     0.28274286E-001     0.14316489E-004
    -0.10859184E+001     0.71700470E-001     0.33547234E-003    -0.12987314E+004    -0.39950411E+000     0.28274510E-001     0.42949871E-004
    -0.10851585E+001     0.71700863E-001     0.55913740E-003    -0.12987418E+004    -0.66585260E+000     0.28274959E-001     0.71584465E-004
    -0.10843986E+001     0.71701451E-001     0.78282187E-003    -0.12987573E+004    -0.93221973E+000     0.28275633E-001     0.10022107E-003
    -0.10836387E+001     0.71702236E-001     0.10065339E-002    -0.12987781E+004    -0.11986129E+001     0.28276531E-001     0.12886047E-003
    -0.10828788E+001     0.71703218E-001     0.12302832E-002    -0.12988040E+004    -0.14650397E+001     0.28277654E-001     0.15750348E-003
    -0.10821189E+001     0.71704399E-001     0.14540782E-002    -0.12988352E+004    -0.17315075E+001     0.28279002E-001     0.18615089E-003
    -0.10813589E+001     0.71705778E-001     0.16779297E-002    -0.12988715E+004    -0.19980237E+001     0.28280574E-001     0.21480352E-003
    -0.10805990E+001     0.71707354E-001     0.19018490E-002    -0.12989130E+004    -0.22645959E+001     0.28282372E-001     0.24346216E-003
    -0.10798391E+001     0.71709123E-001     0.21258432E-002    -0.12989597E+004    -0.25312314E+001     0.28284394E-001     0.27212762E-003
    -0.10790792E+001     0.71711082E-001     0.23499179E-002    -0.12990116E+004    -0.27979379E+001     0.28286641E-001     0.30080071E-003
    -0.10783193E+001     0.71713235E-001     0.25740784E-002    -0.12990687E+004    -0.30647227E+001     0.28289113E-001     0.32948223E-003
    -0.10775594E+001     0.71715584E-001     0.27983336E-002    -0.12991310E+004    -0.33315933E+001     0.28291811E-001     0.35817301E-003
    -0.10767994E+001     0.71718129E-001     0.30226953E-002    -0.12991985E+004    -0.35985572E+001     0.28294734E-001     0.38687384E-003
    -0.10760395E+001     0.71720870E-001     0.32471741E-002    -0.12992712E+004    -0.38656219E+001     0.28297882E-001     0.41558553E-003
    -0.10752796E+001     0.71723803E-001     0.34717779E-002    -0.12993491E+004    -0.41327949E+001     0.28301257E-001     0.44430890E-003
    -0.10745197E+001     0.71726930E-001     0.36965151E-002    -0.12994322E+004    -0.44000838E+001     0.28304857E-001     0.47304476E-003
    -0.10737598E+001     0.71730248E-001     0.39213964E-002    -0.12995205E+004    -0.46674959E+001     0.28308683E-001     0.50179394E-003
    -0.10729999E+001     0.71733756E-001     0.41464312E-002    -0.12996140E+004    -0.49350389E+001     0.28312735E-001     0.53055725E-003
    -0.10722400E+001     0.71737448E-001     0.43716271E-002    -0.12997127E+004    -0.52027203E+001     0.28317013E-001     0.55933550E-003
    -0.10714800E+001     0.71741325E-001     0.45969883E-002    -0.12998166E+004    -0.54705476E+001     0.28321518E-001     0.58812952E-003
    -0.10707201E+001     0.71745390E-001     0.48225214E-002    -0.12999257E+004    -0.57385283E+001     0.28326250E-001     0.61694013E-003
    -0.10699602E+001     0.71749644E-001     0.50482410E-002    -0.13000400E+004    -0.60066700E+001     0.28331209E-001     0.64576816E-003
    -0.10692003E+001     0.71754081E-001     0.52741586E-002    -0.13001595E+004    -0.62749802E+001     0.28336395E-001     0.67461442E-003
    -0.10684404E+001     0.71758694E-001     0.55002772E-002    -0.13002843E+004    -0.65434667E+001     0.28341809E-001     0.70347976E-003
    -0.10676805E+001     0.71763487E-001     0.57265992E-002    -0.13004143E+004    -0.68121368E+001     0.28347450E-001     0.73236502E-003
    -0.10669206E+001     0.71768464E-001     0.59531334E-002    -0.13005495E+004    -0.70809983E+001     0.28353319E-001     0.76127106E-003
    -0.10661606E+001     0.71773629E-001     0.61798934E-002    -0.13006899E+004    -0.73500586E+001     0.28359417E-001     0.79019870E-003
    -0.10654007E+001     0.71778979E-001     0.64068950E-002    -0.13008355E+004    -0.76193256E+001     0.28365743E-001     0.81914878E-003
    -0.10646408E+001     0.71784504E-001     0.66341477E-002    -0.13009864E+004    -0.78888067E+001     0.28372298E-001     0.84812213E-003
    -0.10638809E+001     0.71790201E-001     0.68616551E-002    -0.13011425E+004    -0.81585096E+001     0.28379082E-001     0.87711962E-003
    -0.10631210E+001     0.71796072E-001     0.70894227E-002    -0.13013038E+004    -0.84284420E+001     0.28386096E-001     0.90614211E-003
    -0.10623611E+001     0.71802118E-001     0.73174621E-002    -0.13014703E+004    -0.86986116E+001     0.28393339E-001     0.93519047E-003
    -0.10616011E+001     0.71808334E-001     0.75457863E-002    -0.13016422E+004    -0.89690261E+001     0.28400813E-001     0.96426554E-003
    -0.10608412E+001     0.71814713E-001     0.77744002E-002    -0.13018192E+004    -0.92396930E+001     0.28408517E-001     0.99336818E-003
    -0.10600813E+001     0.71821256E-001     0.80033056E-002    -0.13020015E+004    -0.95106203E+001     0.28416452E-001     0.10224993E-002
    -0.10593214E+001     0.71827967E-001     0.82325123E-002    -0.13021890E+004    -0.97818156E+001     0.28424618E-001     0.10516597E-002
    -0.10585615E+001     0.71834843E-001     0.84620322E-002    -0.13023818E+004    -0.10053287E+002     0.28433016E-001     0.10808503E-002
    -0.10578016E+001     0.71841885E-001     0.86918719E-002    -0.13025799E+004    -0.10325041E+002     0.28441646E-001     0.11100721E-002
    -0.10570417E+001     0.71849094E-001     0.89220443E-002    -0.13027832E+004    -0.10597087E+002     0.28450508E-001     0.11393258E-002
    -0.10562817E+001     0.71856464E-001     0.91525634E-002    -0.13029917E+004    -0.10869432E+002     0.28459603E-001     0.11686124E-002
    -0.10555218E+001     0.71863989E-001     0.93834361E-002    -0.13032056E+004    -0.11142084E+002     0.28468932E-001     0.11979327E-002
    -0.10547619E+001     0.71871667E-001     0.96146688E-002    -0.13034247E+004    -0.11415051E+002     0.28478494E-001     0.12272877E-002
    -0.10540020E+001     0.71879496E-001     0.98462700E-002    -0.13036491E+004    -0.11688340E+002     0.28488291E-001     0.12566783E-002
    -0.10532421E+001     0.71887472E-001     0.10078248E-001    -0.13038787E+004    -0.11961960E+002     0.28498322E-001     0.12861054E-002
    -0.10524822E+001     0.71895595E-001     0.10310609E-001    -0.13041137E+004    -0.12235918E+002     0.28508588E-001     0.13155699E-002
    -0.10517223E+001     0.71903864E-001     0.10543364E-001    -0.13043539E+004    -0.12510223E+002     0.28519089E-001     0.13450727E-002
    -0.10509623E+001     0.71912276E-001     0.10776522E-001    -0.13045994E+004    -0.12784882E+002     0.28529827E-001     0.13746148E-002
    -0.10502024E+001     0.71920827E-001     0.11010091E-001    -0.13048502E+004    -0.13059903E+002     0.28540802E-001     0.14041971E-002
    -0.10494425E+001     0.71929516E-001     0.11244079E-001    -0.13051063E+004    -0.13335294E+002     0.28552013E-001     0.14338205E-002
    -0.10486826E+001     0.71938342E-001     0.11478493E-001    -0.13053678E+004    -0.13611064E+002     0.28563462E-001     0.14634860E-002
    -0.10479227E+001     0.71947306E-001     0.11713345E-001    -0.13056345E+004    -0.13887220E+002     0.28575149E-001     0.14931946E-002
    -0.10471628E+001     0.71956403E-001     0.11948646E-001    -0.13059065E+004    -0.14163770E+002     0.28587075E-001     0.15229472E-002
    -0.10464028E+001     0.71965628E-001     0.12184408E-001    -0.13061839E+004    -0.14440723E+002     0.28599241E-001     0.15527447E-002
    -0.10456429E+001     0.71974977E-001     0.12420636E-001    -0.13064666E+004    -0.14718086E+002     0.28611646E-001     0.15825882E-002
    -0.10448830E+001     0.71984449E-001     0.12657338E-001    -0.13067546E+004    -0.14995868E+002     0.28624292E-001     0.16124786E-002
    -0.10441231E+001     0.71994042E-001     0.12894523E-001    -0.13070480E+004    -0.15274077E+002     0.28637178E-001     0.16424169E-002
    -0.10433632E+001     0.72003753E-001     0.13132204E-001    -0.13073467E+004    -0.15552721E+002     0.28650306E-001     0.16724042E-002
    -0.10426033E+001     0.72013577E-001     0.13370389E-001    -0.13076507E+004    -0.15831808E+002     0.28663677E-001     0.17024413E-002
    -0.10418434E+001     0.72023511E-001     0.13609086E-001    -0.13079601E+004    -0.16111346E+002     0.28677290E-001     0.17325294E-002
    -0.10410834E+001     0.72033553E-001     0.13848305E-001    -0.13082749E+004    -0.16391344E+002     0.28691147E-001     0.17626695E-002
    -0.10403235E+001     0.72043697E-001     0.14088058E-001    -0.13085950E+004    -0.16671810E+002     0.28705248E-001     0.17928625E-002
    -0.10395636E+001     0.72053937E-001     0.14328350E-001    -0.13089205E+004    -0.16952753E+002     0.28719594E-001     0.18231095E-002
    -0.10388037E+001     0.72064270E-001     0.14569185E-001    -0.13092514E+004    -0.17234180E+002     0.28734186E-001     0.18534116E-002
    -0.10380438E+001     0.72074698E-001     0.14810575E-001    -0.13095876E+004    -0.17516100E+002     0.28749023E-001     0.18837697E-002
    -0.10372839E+001     0.72085217E-001     0.15052530E-001    -0.13099292E+004    -0.17798522E+002     0.28764108E-001     0.19141850E-002
    -0.10365240E+001     0.72095825E-001     0.15295058E-001    -0.13102763E+004    -0.18081454E+002     0.28779440E-001     0.19446586E-002
    -0.10357640E+001     0.72106519E-001     0.15538170E-001    -0.13106287E+004    -0.18364904E+002     0.28795020E-001     0.19751914E-002
    -0.10350041E+001     0.72117295E-001     0.15781878E-001    -0.13109865E+004    -0.18648882E+002     0.28810850E-001     0.20057847E-002
    -0.10342442E+001     0.72128147E-001     0.16026192E-001    -0.13113498E+004    -0.18933394E+002     0.28826929E-001     0.20364394E-002
    -0.10334843E+001     0.72139071E-001     0.16271120E-001    -0.13117184E+004    -0.19218451E+002     0.28843259E-001     0.20671567E-002
    -0.10327244E+001     0.72150062E-001     0.16516673E-001    -0.13120925E+004    -0.19504060E+002     0.28859840E-001     0.20979377E-002
    -0.10319645E+001     0.72161114E-001     0.16762858E-001    -0.13124721E+004    -0.19790231E+002     0.28876673E-001     0.21287836E-002
    -0.10312046E+001     0.72172224E-001     0.17009680E-001    -0.13128570E+004    -0.20076972E+002     0.28893759E-001     0.21596954E-002
    -0.10304446E+001     0.72183393E-001     0.17257153E-001    -0.13132474E+004    -0.20364291E+002     0.28911098E-001     0.21906744E-002
    -0.10296847E+001     0.72194614E-001     0.17505287E-001    -0.13136433E+004    -0.20652198E+002     0.28928692E-001     0.22217216E-002
    -0.10289248E+001     0.72205880E-001     0.17754090E-001    -0.13140446E+004    -0.20940701E+002     0.28946542E-001     0.22528382E-002
    -0.10281649E+001     0.72217190E-001     0.18003571E-001    -0.13144514E+004    -0.21229810E+002     0.28964647E-001     0.22840255E-002
    -0.10274050E+001     0.72228538E-001     0.18253742E-001    -0.13148637E+004    -0.21519532E+002     0.28983009E-001     0.23152845E-002
    -0.10266451E+001     0.72239920E-001     0.18504610E-001    -0.13152815E+004    -0.21809877E+002     0.29001630E-001     0.23466165E-002
    -0.10258851E+001     0.72251332E-001     0.18756185E-001    -0.13157047E+004    -0.22100854E+002     0.29020509E-001     0.23780228E-002
    -0.10251252E+001     0.72262768E-001     0.19008479E-001    -0.13161335E+004    -0.22392472E+002     0.29039647E-001     0.24095045E-002
    -0.10243653E+001     0.72274221E-001     0.19261498E-001    -0.13165678E+004    -0.22684739E+002     0.29059046E-001     0.24410628E-002
    -0.10236054E+001     0.72285691E-001     0.19515251E-001    -0.13170075E+004    -0.22977666E+002     0.29078706E-001     0.24726991E-002
    -0.10228455E+001     0.72297172E-001     0.19769750E-001    -0.13174529E+004    -0.23271260E+002     0.29098629E-001     0.25044145E-002
    -0.10220856E+001     0.72308660E-001     0.20025005E-001    -0.13179037E+004    -0.23565531E+002     0.29118814E-001     0.25362104E-002
    -0.10213257E+001     0.72320148E-001     0.20281028E-001    -0.13183601E+004    -0.23860489E+002     0.29139264E-001     0.25680879E-002
    -0.10205657E+001     0.72331631E-001     0.20537826E-001    -0.13188220E+004    -0.24156143E+002     0.29159979E-001     0.26000485E-002
    -0.10198058E+001     0.72343101E-001     0.20795411E-001    -0.13192895E+004    -0.24452501E+002     0.29180960E-001     0.26320934E-002
    -0.10190459E+001     0.72354555E-001     0.21053790E-001    -0.13197625E+004    -0.24749573E+002     0.29202208E-001     0.26642240E-002
    -0.10182860E+001     0.72365986E-001     0.21312972E-001    -0.13202412E+004    -0.25047369E+002     0.29223723E-001     0.26964415E-002
    -0.10175261E+001     0.72377391E-001     0.21572967E-001    -0.13207254E+004    -0.25345898E+002     0.29245508E-001     0.27287474E-002
    -0.10167662E+001     0.72388765E-001     0.21833788E-001    -0.13212152E+004    -0.25645169E+002     0.29267563E-001     0.27611429E-002
    -0.10160063E+001     0.72400099E-001     0.22095446E-001    -0.13217106E+004    -0.25945193E+002     0.29289889E-001     0.27936295E-002
    -0.10152463E+001     0.72411385E-001     0.22357948E-001    -0.13222116E+004    -0.26245977E+002     0.29312486E-001     0.28262086E-002
    -0.10144864E+001     0.72422619E-001     0.22621301E-001    -0.13227182E+004    -0.26547533E+002     0.29335357E-001     0.28588815E-002
    -0.10137265E+001     0.72433797E-001     0.22885516E-001    -0.13232305E+004    -0.26849869E+002     0.29358502E-001     0.28916497E-002
    -0.10129666E+001     0.72444911E-001     0.23150603E-001    -0.13237484E+004    -0.27152996E+002     0.29381922E-001     0.29245146E-002
    -0.10122067E+001     0.72455959E-001     0.23416572E-001    -0.13242720E+004    -0.27456923E+002     0.29405618E-001     0.29574777E-002
    -0.10114468E+001     0.72466932E-001     0.23683434E-001    -0.13248012E+004    -0.27761660E+002     0.29429592E-001     0.29905404E-002
    -0.10106868E+001     0.72477825E-001     0.23951200E-001    -0.13253361E+004    -0.28067217E+002     0.29453844E-001     0.30237042E-002
    -0.10099269E+001     0.72488631E-001     0.24219879E-001    -0.13258766E+004    -0.28373603E+002     0.29478375E-001     0.30569706E-002
    -0.10091670E+001     0.72499344E-001     0.24489484E-001    -0.13264229E+004    -0.28680830E+002     0.29503187E-001     0.30903412E-002
    -0.10084071E+001     0.72509954E-001     0.24760023E-001    -0.13269749E+004    -0.28988905E+002     0.29528281E-001     0.31238175E-002
    -0.10076472E+001     0.72520454E-001     0.25031506E-001    -0.13275325E+004    -0.29297841E+002     0.29553657E-001     0.31574010E-002
    -0.10068873E+001     0.72530839E-001     0.25303942E-001    -0.13280959E+004    -0.29607647E+002     0.29579318E-001     0.31910932E-002
    -0.10061274E+001     0.72541103E-001     0.25577342E-001    -0.13286650E+004    -0.29918332E+002     0.29605264E-001     0.32248958E-002
    -0.10053674E+001     0.72551238E-001     0.25851718E-001    -0.13292399E+004    -0.30229908E+002     0.29631496E-001     0.32588103E-002
    -0.10046075E+001     0.72561234E-001     0.26127078E-001    -0.13298205E+004    -0.30542385E+002     0.29658016E-001     0.32928384E-002
    -0.10038476E+001     0.72571086E-001     0.26403435E-001    -0.13304068E+004    -0.30855772E+002     0.29684825E-001     0.33269817E-002
    -0.10030877E+001     0.72580782E-001     0.26680794E-001    -0.13309990E+004    -0.31170081E+002     0.29711923E-001     0.33612419E-002
    -0.10023278E+001     0.72590318E-001     0.26959162E-001    -0.13315969E+004    -0.31485322E+002     0.29739313E-001     0.33956206E-002
    -0.10015679E+001     0.72599695E-001     0.27238553E-001    -0.13322006E+004    -0.31801505E+002     0.29766995E-001     0.34301195E-002
    -0.10008080E+001     0.72608904E-001     0.27518984E-001    -0.13328101E+004    -0.32118641E+002     0.29794971E-001     0.34647403E-002
    -0.10000480E+001     0.72617929E-001     0.27800469E-001    -0.13334255E+004    -0.32436741E+002     0.29823241E-001     0.34994848E-002
    -0.99928812E+000     0.72626760E-001     0.28083014E-001    -0.13340467E+004    -0.32755815E+002     0.29851808E-001     0.35343547E-002
    -0.99852821E+000     0.72635387E-001     0.28366627E-001    -0.13346737E+004    -0.33075873E+002     0.29880672E-001     0.35693518E-002
    -0.99776829E+000     0.72643801E-001     0.28651315E-001    -0.13353065E+004    -0.33396928E+002     0.29909835E-001     0.36044778E-002
    -0.99700838E+000     0.72652001E-001     0.28937087E-001    -0.13359453E+004    -0.33718990E+002     0.29939298E-001     0.36397346E-002
    -0.99624846E+000     0.72659977E-001     0.29223957E-001    -0.13365899E+004    -0.34042069E+002     0.29969062E-001     0.36751240E-002
    -0.99548855E+000     0.72667719E-001     0.29511938E-001    -0.13372404E+004    -0.34366178E+002     0.29999128E-001     0.37106478E-002
    -0.99472863E+000     0.72675217E-001     0.29801035E-001    -0.13378968E+004    -0.34691326E+002     0.30029499E-001     0.37463080E-002
    -0.99396872E+000     0.72682463E-001     0.30091260E-001    -0.13385591E+004    -0.35017525E+002     0.30060175E-001     0.37821064E-002
    -0.99320880E+000     0.72689451E-001     0.30382624E-001    -0.13392273E+004    -0.35344786E+002     0.30091157E-001     0.38180449E-002
    -0.99244889E+000     0.72696171E-001     0.30675137E-001    -0.13399015E+004    -0.35673121E+002     0.30122448E-001     0.38541255E-002
    -0.99168897E+000     0.72702616E-001     0.30968813E-001    -0.13405817E+004    -0.36002541E+002     0.30154048E-001     0.38903501E-002
    -0.99092906E+000     0.72708773E-001     0.31263666E-001    -0.13412677E+004    -0.36333058E+002     0.30185958E-001     0.39267207E-002
    -0.99016914E+000     0.72714629E-001     0.31559705E-001    -0.13419598E+004    -0.36664682E+002     0.30218181E-001     0.39632394E-002
    -0.98940923E+000     0.72720172E-001     0.31856937E-001    -0.13426579E+004    -0.36997426E+002     0.30250717E-001     0.39999080E-002
    -0.98864931E+000     0.72725395E-001     0.32155371E-001    -0.13433619E+004    -0.37331301E+002     0.30283567E-001     0.40367288E-002
    -0.98788940E+000     0.72730287E-001     0.32455019E-001    -0.13440720E+004    -0.37666319E+002     0.30316734E-001     0.40737038E-002
    -0.98712948E+000     0.72734839E-001     0.32755889E-001    -0.13447881E+004    -0.38002492E+002     0.30350219E-001     0.41108350E-002
    -0.98636957E+000     0.72739043E-001     0.33057990E-001    -0.13455103E+004    -0.38339831E+002     0.30384023E-001     0.41481246E-002
    -0.98560966E+000     0.72742889E-001     0.33361338E-001    -0.13462385E+004    -0.38678349E+002     0.30418148E-001     0.41855748E-002
    -0.98484974E+000     0.72746364E-001     0.33665942E-001    -0.13469728E+004    -0.39018057E+002     0.30452594E-001     0.42231877E-002
    -0.98408983E+000     0.72749459E-001     0.33971811E-001    -0.13477132E+004    -0.39358968E+002     0.30487364E-001     0.42609655E-002
    -0.98332991E+000     0.72752164E-001     0.34278955E-001    -0.13484596E+004    -0.39701094E+002     0.30522459E-001     0.42989105E-002
    -0.98257000E+000     0.72754472E-001     0.34587392E-001    -0.13492122E+004    -0.40044447E+002     0.30557881E-001     0.43370249E-002
    -0.98181008E+000     0.72756365E-001     0.34897134E-001    -0.13499709E+004    -0.40389040E+002     0.30593630E-001     0.43753110E-002
    -0.98105017E+000     0.72757826E-001     0.35208189E-001    -0.13507358E+004    -0.40734884E+002     0.30629709E-001     0.44137711E-002
    -0.98029025E+000     0.72758847E-001     0.35520563E-001    -0.13515068E+004    -0.41081993E+002     0.30666119E-001     0.44524075E-002
    -0.97953034E+000     0.72759416E-001     0.35834266E-001    -0.13522839E+004    -0.41430379E+002     0.30702861E-001     0.44912225E-002
    -0.97877042E+000     0.72759526E-001     0.36149307E-001    -0.13530673E+004    -0.41780055E+002     0.30739937E-001     0.45302186E-002
    -0.97801051E+000     0.72759166E-001     0.36465703E-001    -0.13538569E+004    -0.42131033E+002     0.30777348E-001     0.45693983E-002
    -0.97725059E+000     0.72758323E-001     0.36783470E-001    -0.13546526E+004    -0.42483326E+002     0.30815097E-001     0.46087638E-002
    -0.97649068E+000     0.72756975E-001     0.37102616E-001    -0.13554546E+004    -0.42836948E+002     0.30853184E-001     0.46483178E-002
    -0.97573076E+000     0.72755108E-001     0.37423146E-001    -0.13562629E+004    -0.43191911E+002     0.30891611E-001     0.46880627E-002
    -0.97497085E+000     0.72752715E-001     0.37745068E-001    -0.13570774E+004    -0.43548228E+002     0.30930380E-001     0.47280010E-002
    -0.97421093E+000     0.72749785E-001     0.38068393E-001    -0.13578982E+004    -0.43905913E+002     0.30969492E-001     0.47681353E-002
    -0.97345102E+000     0.72746306E-001     0.38393135E-001    -0.13587253E+004    -0.44264979E+002     0.31008949E-001     0.48084683E-002
    -0.97269110E+000     0.72742261E-001     0.38719304E-001    -0.13595587E+004    -0.44625439E+002     0.31048752E-001     0.48490024E-002
    -0.97193119E+000     0.72737640E-001     0.39046909E-001    -0.13603984E+004    -0.44987307E+002     0.31088903E-001     0.48897405E-002
    -0.97117127E+000     0.72732434E-001     0.39375964E-001    -0.13612444E+004    -0.45350596E+002     0.31129404E-001     0.49306850E-002
    -0.97041136E+000     0.72726623E-001     0.39706487E-001    -0.13620968E+004    -0.45715321E+002     0.31170256E-001     0.49718389E-002
    -0.96965144E+000     0.72720188E-001     0.40038486E-001    -0.13629556E+004    -0.46081493E+002     0.31211460E-001     0.50132048E-002
    -0.96889153E+000     0.72713110E-001     0.40371967E-001    -0.13638208E+004    -0.46449129E+002     0.31253019E-001     0.50547855E-002
    -0.96813161E+000     0.72705377E-001     0.40706932E-001    -0.13646923E+004    -0.46818241E+002     0.31294934E-001     0.50965838E-002
    -0.96737170E+000     0.72696984E-001     0.41043391E-001    -0.13655703E+004    -0.47188843E+002     0.31337207E-001     0.51386025E-002
    -0.96661178E+000     0.72687922E-001     0.41381361E-001    -0.13664548E+004    -0.47560950E+002     0.31379839E-001     0.51808446E-002
    -0.96585187E+000     0.72678172E-001     0.41720862E-001    -0.13673457E+004    -0.47934577E+002     0.31422832E-001     0.52233129E-002
    -0.96509195E+000     0.72667711E-001     0.42061904E-001    -0.13682430E+004    -0.48309736E+002     0.31466187E-001     0.52660104E-002
    -0.96433204E+000     0.72656522E-001     0.42404491E-001    -0.13691469E+004    -0.48686443E+002     0.31509906E-001     0.53089401E-002
    -0.96357212E+000     0.72644593E-001     0.42748637E-001    -0.13700572E+004    -0.49064713E+002     0.31553991E-001     0.53521050E-002
    -0.96281221E+000     0.72631905E-001     0.43094350E-001    -0.13709741E+004    -0.49444559E+002     0.31598444E-001     0.53955082E-002
    -0.96205229E+000     0.72618443E-001     0.43441640E-001    -0.13718975E+004    -0.49825997E+002     0.31643266E-001     0.54391526E-002
    -0.96129238E+000     0.72604191E-001     0.43790519E-001    -0.13728275E+004    -0.50209042E+002     0.31688458E-001     0.54830415E-002
    -0.96053246E+000     0.72589132E-001     0.44140997E-001    -0.13737641E+004    -0.50593708E+002     0.31734023E-001     0.55271780E-002
    -0.95977255E+000     0.72573250E-001     0.44493086E-001    -0.13747072E+004    -0.50980010E+002     0.31779962E-001     0.55715653E-002
    -0.95901263E+000     0.72556524E-001     0.44846797E-001    -0.13756570E+004    -0.51367965E+002     0.31826277E-001     0.56162065E-002
    -0.95825272E+000     0.72538934E-001     0.45202139E-001    -0.13766134E+004    -0.51757587E+002     0.31872969E-001     0.56611051E-002
    -0.95749280E+000     0.72520463E-001     0.45559119E-001    -0.13775765E+004    -0.52148891E+002     0.31920040E-001     0.57062642E-002
    -0.95673289E+000     0.72501093E-001     0.45917744E-001    -0.13785462E+004    -0.52541893E+002     0.31967492E-001     0.57516873E-002
    -0.95597297E+000     0.72480812E-001     0.46278023E-001    -0.13795226E+004    -0.52936609E+002     0.32015326E-001     0.57973777E-002
    -0.95521306E+000     0.72459602E-001     0.46639968E-001    -0.13805057E+004    -0.53333054E+002     0.32063545E-001     0.58433388E-002
    -0.95445314E+000     0.72437445E-001     0.47003593E-001    -0.13814956E+004    -0.53731244E+002     0.32112149E-001     0.58895740E-002
    -0.95369323E+000     0.72414322E-001     0.47368905E-001    -0.13824922E+004    -0.54131196E+002     0.32161141E-001     0.59360870E-002
    -0.95293331E+000     0.72390214E-001     0.47735918E-001    -0.13834955E+004    -0.54532925E+002     0.32210522E-001     0.59828811E-002
    -0.95217340E+000     0.72365099E-001     0.48104640E-001    -0.13845056E+004    -0.54936447E+002     0.32260294E-001     0.60299601E-002
    -0.95141348E+000     0.72338961E-001     0.48475080E-001    -0.13855226E+004    -0.55341780E+002     0.32310458E-001     0.60773274E-002
    -0.95065357E+000     0.72311780E-001     0.48847250E-001    -0.13865464E+004    -0.55748939E+002     0.32361017E-001     0.61249868E-002
    -0.94989365E+000     0.72283535E-001     0.49221163E-001    -0.13875770E+004    -0.56157940E+002     0.32411971E-001     0.61729419E-002
    -0.94913374E+000     0.72254202E-001     0.49596826E-001    -0.13886144E+004    -0.56568802E+002     0.32463323E-001     0.62211965E-002
    -0.94837382E+000     0.72223764E-001     0.49974247E-001    -0.13896588E+004    -0.56981539E+002     0.32515074E-001     0.62697544E-002
    -0.94761391E+000     0.72192199E-001     0.50353439E-001    -0.13907100E+004    -0.57396171E+002     0.32567227E-001     0.63186193E-002
    -0.94685399E+000     0.72159484E-001     0.50734413E-001    -0.13917682E+004    -0.57812713E+002     0.32619781E-001     0.63677952E-002
    -0.94609408E+000     0.72125595E-001     0.51117176E-001    -0.13928333E+004    -0.58231182E+002     0.32672740E-001     0.64172859E-002
    -0.94533416E+000     0.72090509E-001     0.51501734E-001    -0.13939054E+004    -0.58651597E+002     0.32726105E-001     0.64670954E-002
    -0.94457425E+000     0.72054204E-001     0.51888095E-001    -0.13949845E+004    -0.59073974E+002     0.32779877E-001     0.65172276E-002
    -0.94381433E+000     0.72016663E-001     0.52276264E-001    -0.13960706E+004    -0.59498331E+002     0.32834059E-001     0.65676867E-002
    -0.94305442E+000     0.71977867E-001     0.52666254E-001    -0.13971637E+004    -0.59924686E+002     0.32888652E-001     0.66184767E-002
    -0.94229450E+000     0.71937790E-001     0.53058078E-001    -0.13982638E+004    -0.60353057E+002     0.32943657E-001     0.66696017E-002
    -0.94153459E+000     0.71896407E-001     0.53451743E-001    -0.13993711E+004    -0.60783462E+002     0.32999076E-001     0.67210658E-002
    -0.94077467E+000     0.71853696E-001     0.53847259E-001    -0.14004854E+004    -0.61215918E+002     0.33054911E-001     0.67728734E-002
    -0.94001476E+000     0.71809630E-001     0.54244631E-001    -0.14016068E+004    -0.61650445E+002     0.33111163E-001     0.68250285E-002
    -0.93925484E+000     0.71764188E-001     0.54643866E-001    -0.14027354E+004    -0.62087060E+002     0.33167835E-001     0.68775356E-002
    -0.93849493E+000     0.71717348E-001     0.55044973E-001    -0.14038711E+004    -0.62525783E+002     0.33224927E-001     0.69303990E-002
    -0.93773501E+000     0.71669087E-001     0.55447964E-001    -0.14050140E+004    -0.62966631E+002     0.33282442E-001     0.69836230E-002
    -0.93697510E+000     0.71619378E-001     0.55852850E-001    -0.14061641E+004    -0.63409624E+002     0.33340380E-001     0.70372122E-002
    -0.93621519E+000     0.71568190E-001     0.56259637E-001    -0.14073214E+004    -0.63854781E+002     0.33398744E-001     0.70911709E-002
    -0.93545527E+000     0.71515498E-001     0.56668329E-001    -0.14084860E+004    -0.64302121E+002     0.33457535E-001     0.71455037E-002
    -0.93469536E+000     0.71461279E-001     0.57078933E-001    -0.14096579E+004    -0.64751663E+002     0.33516755E-001     0.72002152E-002
    -0.93393544E+000     0.71405508E-001     0.57491457E-001    -0.14108370E+004    -0.65203427E+002     0.33576405E-001     0.72553100E-002
    -0.93317553E+000     0.71348158E-001     0.57905907E-001    -0.14120235E+004    -0.65657432E+002     0.33636487E-001     0.73107928E-002
    -0.93241561E+000     0.71289205E-001     0.58322293E-001    -0.14132173E+004    -0.66113697E+002     0.33697002E-001     0.73666683E-002
    -0.93165570E+000     0.71228621E-001     0.58740623E-001    -0.14144185E+004    -0.66572244E+002     0.33757952E-001     0.74229412E-002
    -0.93089578E+000     0.71166377E-001     0.59160905E-001    -0.14156270E+004    -0.67033091E+002     0.33819339E-001     0.74796165E-002
    -0.93013587E+000     0.71102441E-001     0.59583144E-001    -0.14168430E+004    -0.67496260E+002     0.33881163E-001     0.75366988E-002
    -0.92937595E+000     0.71036787E-001     0.60007343E-001    -0.14180664E+004    -0.67961770E+002     0.33943427E-001     0.75941932E-002
    -0.92861604E+000     0.70969390E-001     0.60433510E-001    -0.14192972E+004    -0.68429642E+002     0.34006132E-001     0.76521047E-002
    -0.92785612E+000     0.70900218E-001     0.60861651E-001    -0.14205356E+004    -0.68899897E+002     0.34069280E-001     0.77104381E-002
    -0.92709621E+000     0.70829243E-001     0.61291770E-001    -0.14217814E+004    -0.69372555E+002     0.34132871E-001     0.77691987E-002
    -0.92633629E+000     0.70756438E-001     0.61723872E-001    -0.14230348E+004    -0.69847638E+002     0.34196907E-001     0.78283914E-002
    -0.92557638E+000     0.70681773E-001     0.62157962E-001    -0.14242958E+004    -0.70325167E+002     0.34261391E-001     0.78880214E-002
    -0.92481646E+000     0.70605222E-001     0.62594048E-001    -0.14255643E+004    -0.70805163E+002     0.34326322E-001     0.79480939E-002
    -0.92405655E+000     0.70526753E-001     0.63032137E-001    -0.14268404E+004    -0.71287647E+002     0.34391703E-001     0.80086143E-002
    -0.92329663E+000     0.70446332E-001     0.63472236E-001    -0.14281242E+004    -0.71772642E+002     0.34457535E-001     0.80695877E-002
    -0.92253672E+000     0.70363927E-001     0.63914347E-001    -0.14294156E+004    -0.72260168E+002     0.34523820E-001     0.81310196E-002
    -0.92177680E+000     0.70279506E-001     0.64358473E-001    -0.14307147E+004    -0.72750249E+002     0.34590558E-001     0.81929153E-002
    -0.92101689E+000     0.70193039E-001     0.64804615E-001    -0.14320215E+004    -0.73242906E+002     0.34657751E-001     0.82552804E-002
    -0.92025697E+000     0.70104495E-001     0.65252776E-001    -0.14333361E+004    -0.73738162E+002     0.34725400E-001     0.83181203E-002
    -0.91949706E+000     0.70013845E-001     0.65702965E-001    -0.14346584E+004    -0.74236039E+002     0.34793508E-001     0.83814405E-002
    -0.91873714E+000     0.69921054E-001     0.66155185E-001    -0.14359885E+004    -0.74736560E+002     0.34862074E-001     0.84452468E-002
    -0.91797723E+000     0.69826086E-001     0.66609440E-001    -0.14373264E+004    -0.75239749E+002     0.34931100E-001     0.85095448E-002
    -0.91721731E+000     0.69728905E-001     0.67065729E-001    -0.14386722E+004    -0.75745627E+002     0.35000588E-001     0.85743400E-002
    -0.91645740E+000     0.69629481E-001     0.67524051E-001    -0.14400258E+004    -0.76254218E+002     0.35070538E-001     0.86396384E-002
    -0.91569748E+000     0.69527783E-001     0.67984411E-001    -0.14413873E+004    -0.76765546E+002     0.35140952E-001     0.87054458E-002
    -0.91493757E+000     0.69423775E-001     0.68446811E-001    -0.14427567E+004    -0.77279635E+002     0.35211831E-001     0.87717679E-002
    -0.91417765E+000     0.69317423E-001     0.68911252E-001    -0.14441341E+004    -0.77796508E+002     0.35283177E-001     0.88386107E-002
    -0.91341774E+000     0.69208695E-001     0.69377734E-001    -0.14455195E+004    -0.78316189E+002     0.35354990E-001     0.89059802E-002
    -0.91265782E+000     0.69097557E-001     0.69846265E-001    -0.14469129E+004    -0.78838703E+002     0.35427271E-001     0.89738824E-002
    -0.91189791E+000     0.68983969E-001     0.70316848E-001    -0.14483143E+004    -0.79364074E+002     0.35500021E-001     0.90423234E-002
    -0.91113799E+000     0.68867887E-001     0.70789481E-001    -0.14497238E+004    -0.79892326E+002     0.35573242E-001     0.91113093E-002
    -0.91037808E+000     0.68749276E-001     0.71264160E-001    -0.14511413E+004    -0.80423485E+002     0.35646935E-001     0.91808462E-002
    -0.90961816E+000     0.68628097E-001     0.71740880E-001    -0.14525670E+004    -0.80957575E+002     0.35721100E-001     0.92509405E-002
    -0.90885825E+000     0.68504318E-001     0.72219636E-001    -0.14540008E+004    -0.81494621E+002     0.35795739E-001     0.93215983E-002
    -0.90809833E+000     0.68377909E-001     0.72700427E-001    -0.14554428E+004    -0.82034650E+002     0.35870852E-001     0.93928259E-002
    -0.90733842E+000     0.68248832E-001     0.73183261E-001    -0.14568930E+004    -0.82577686E+002     0.35946441E-001     0.94646299E-002
    -0.90657850E+000     0.68117045E-001     0.73668136E-001    -0.14583514E+004    -0.83123756E+002     0.36022506E-001     0.95370166E-002
    -0.90581859E+000     0.67982505E-001     0.74155048E-001    -0.14598181E+004    -0.83672886E+002     0.36099048E-001     0.96099924E-002
    -0.90505867E+000     0.67845177E-001     0.74643990E-001    -0.14612931E+004    -0.84225101E+002     0.36176068E-001     0.96835640E-002
    -0.90429876E+000     0.67705022E-001     0.75134961E-001    -0.14627764E+004    -0.84780429E+002     0.36253567E-001     0.97577378E-002
    -0.90353884E+000     0.67562000E-001     0.75627959E-001    -0.14642681E+004    -0.85338895E+002     0.36331545E-001     0.98325206E-002
    -0.90277893E+000     0.67416069E-001     0.76122977E-001    -0.14657682E+004    -0.85900528E+002     0.36410004E-001     0.99079191E-002
    -0.90201901E+000     0.67267192E-001     0.76620009E-001    -0.14672766E+004    -0.86465353E+002     0.36488944E-001     0.99839399E-002
    -0.90125910E+000     0.67115330E-001     0.77119049E-001    -0.14687935E+004    -0.87033399E+002     0.36568366E-001     0.10060590E-001
    -0.90049918E+000     0.66960447E-001     0.77620097E-001    -0.14703189E+004    -0.87604692E+002     0.36648270E-001     0.10137876E-001
    -0.89973927E+000     0.66802499E-001     0.78123151E-001    -0.14718528E+004    -0.88179261E+002     0.36728657E-001     0.10215805E-001
    -0.89897935E+000     0.66641439E-001     0.78628207E-001    -0.14733952E+004    -0.88757134E+002     0.36809528E-001     0.10294383E-001
    -0.89821944E+000     0.66477221E-001     0.79135255E-001    -0.14749462E+004    -0.89338339E+002     0.36890882E-001     0.10373619E-001
    -0.89745952E+000     0.66309801E-001     0.79644283E-001    -0.14765058E+004    -0.89922904E+002     0.36972722E-001     0.10453518E-001
    -0.89669961E+000     0.66139141E-001     0.80155281E-001    -0.14780740E+004    -0.90510859E+002     0.37055047E-001     0.10534088E-001
    -0.89593969E+000     0.65965201E-001     0.80668240E-001    -0.14796509E+004    -0.91102231E+002     0.37137857E-001     0.10615337E-001
    -0.89517978E+000     0.65787937E-001     0.81183156E-001    -0.14812364E+004    -0.91697050E+002     0.37221154E-001     0.10697270E-001
    -0.89441986E+000     0.65607303E-001     0.81700017E-001    -0.14828307E+004    -0.92295346E+002     0.37304936E-001     0.10779897E-001
    -0.89365995E+000     0.65423254E-001     0.82218815E-001    -0.14844338E+004    -0.92897149E+002     0.37389206E-001     0.10863223E-001
    -0.89290003E+000     0.65235747E-001     0.82739534E-001    -0.14860456E+004    -0.93502488E+002     0.37473963E-001     0.10947256E-001
    -0.89214012E+000     0.65044739E-001     0.83262163E-001    -0.14876663E+004    -0.94111392E+002     0.37559207E-001     0.11032003E-001
    -0.89138020E+000     0.64850188E-001     0.83786693E-001    -0.14892958E+004    -0.94723894E+002     0.37644939E-001     0.11117473E-001
    -0.89062029E+000     0.64652046E-001     0.84313113E-001    -0.14909343E+004    -0.95340023E+002     0.37731159E-001     0.11203672E-001
    -0.88986037E+000     0.64450266E-001     0.84841408E-001    -0.14925816E+004    -0.95959811E+002     0.37817867E-001     0.11290608E-001
    -0.88910046E+000     0.64244805E-001     0.85371563E-001    -0.14942379E+004    -0.96583287E+002     0.37905064E-001     0.11378289E-001
    -0.88834054E+000     0.64035618E-001     0.85903565E-001    -0.14959033E+004    -0.97210485E+002     0.37992748E-001     0.11466722E-001
    -0.88758063E+000     0.63822659E-001     0.86437402E-001    -0.14975776E+004    -0.97841435E+002     0.38080921E-001     0.11555915E-001
    -0.88682072E+000     0.63605876E-001     0.86973058E-001    -0.14992610E+004    -0.98476170E+002     0.38169582E-001     0.11645875E-001
    -0.88606080E+000     0.63385223E-001     0.87510510E-001    -0.15009535E+004    -0.99114722E+002     0.38258732E-001     0.11736611E-001
    -0.88530089E+000     0.63160662E-001     0.88049742E-001    -0.15026551E+004    -0.99757122E+002     0.38348370E-001     0.11828130E-001
    -0.88454097E+000     0.62932145E-001     0.88590743E-001    -0.15043659E+004    -0.10040340E+003     0.38438496E-001     0.11920440E-001
    -0.88378106E+000     0.62699620E-001     0.89133498E-001    -0.15060859E+004    -0.10105360E+003     0.38529111E-001     0.12013549E-001
    -0.88302114E+000     0.62463037E-001     0.89677985E-001    -0.15078151E+004    -0.10170775E+003     0.38620213E-001     0.12107466E-001
    -0.88226123E+000     0.62222348E-001     0.90224185E-001    -0.15095537E+004    -0.10236587E+003     0.38711804E-001     0.12202197E-001
    -0.88150131E+000     0.61977503E-001     0.90772075E-001    -0.15113015E+004    -0.10302802E+003     0.38803882E-001     0.12297751E-001
    -0.88074140E+000     0.61728456E-001     0.91321630E-001    -0.15130586E+004    -0.10369421E+003     0.38896447E-001     0.12394136E-001
    -0.87998148E+000     0.61475165E-001     0.91872833E-001    -0.15148252E+004    -0.10436449E+003     0.38989499E-001     0.12491360E-001
    -0.87922157E+000     0.61217575E-001     0.92425669E-001    -0.15166012E+004    -0.10503888E+003     0.39083039E-001     0.12589432E-001
    -0.87846165E+000     0.60955631E-001     0.92980112E-001    -0.15183866E+004    -0.10571743E+003     0.39177064E-001     0.12688360E-001
    -0.87770174E+000     0.60689283E-001     0.93536131E-001    -0.15201815E+004    -0.10640017E+003     0.39271576E-001     0.12788152E-001
    -0.87694182E+000     0.60418485E-001     0.94093701E-001    -0.15219860E+004    -0.10708713E+003     0.39366573E-001     0.12888815E-001
    -0.87618191E+000     0.60143186E-001     0.94652795E-001    -0.15238000E+004    -0.10777836E+003     0.39462055E-001     0.12990360E-001
    -0.87542199E+000     0.59863340E-001     0.95213386E-001    -0.15256236E+004    -0.10847388E+003     0.39558021E-001     0.13092794E-001
    -0.87466208E+000     0.59578897E-001     0.95775447E-001    -0.15274569E+004    -0.10917373E+003     0.39654472E-001     0.13196125E-001
    -0.87390216E+000     0.59289810E-001     0.96338949E-001    -0.15292998E+004    -0.10987796E+003     0.39751406E-001     0.13300362E-001
    -0.87314225E+000     0.58996031E-001     0.96903869E-001    -0.15311525E+004    -0.11058659E+003     0.39848823E-001     0.13405514E-001
    -0.87238233E+000     0.58697510E-001     0.97470180E-001    -0.15330150E+004    -0.11129966E+003     0.39946722E-001     0.13511589E-001
    -0.87162242E+000     0.58394188E-001     0.98037855E-001    -0.15348872E+004    -0.11201722E+003     0.40045102E-001     0.13618596E-001
    -0.87086250E+000     0.58086013E-001     0.98606859E-001    -0.15367693E+004    -0.11273930E+003     0.40143964E-001     0.13726544E-001
    -0.87010259E+000     0.57772933E-001     0.99177157E-001    -0.15386613E+004    -0.11346594E+003     0.40243305E-001     0.13835441E-001
    -0.86934267E+000     0.57454899E-001     0.99748714E-001    -0.15405631E+004    -0.11419717E+003     0.40343126E-001     0.13945296E-001
    -0.86858276E+000     0.57131861E-001     0.10032150E+000    -0.15424750E+004    -0.11493305E+003     0.40443425E-001     0.14056117E-001
    -0.86782284E+000     0.56803769E-001     0.10089547E+000    -0.15443968E+004    -0.11567359E+003     0.40544202E-001     0.14167915E-001
    -0.86706293E+000     0.56470569E-001     0.10147060E+000    -0.15463287E+004    -0.11641886E+003     0.40645456E-001     0.14280697E-001
    -0.86630301E+000     0.56132213E-001     0.10204685E+000    -0.15482707E+004    -0.11716888E+003     0.40747185E-001     0.14394473E-001
    -0.86554310E+000     0.55788645E-001     0.10262418E+000    -0.15502228E+004    -0.11792369E+003     0.40849390E-001     0.14509252E-001
    -0.86478318E+000     0.55439814E-001     0.10320256E+000    -0.15521850E+004    -0.11868334E+003     0.40952069E-001     0.14625042E-001
    -0.86402327E+000     0.55085669E-001     0.10378194E+000    -0.15541575E+004    -0.11944787E+003     0.41055221E-001     0.14741853E-001
    -0.86326335E+000     0.54726157E-001     0.10436227E+000    -0.15561402E+004    -0.12021732E+003     0.41158845E-001     0.14859694E-001
    -0.86250344E+000     0.54361228E-001     0.10494353E+000    -0.15581332E+004    -0.12099173E+003     0.41262940E-001     0.14978574E-001
    -0.86174352E+000     0.53990831E-001     0.10552566E+000    -0.15601365E+004    -0.12177115E+003     0.41367505E-001     0.15098503E-001
    -0.86098361E+000     0.53614921E-001     0.10610862E+000    -0.15621503E+004    -0.12255561E+003     0.41472540E-001     0.15219489E-001
    -0.86022369E+000     0.53233442E-001     0.10669237E+000    -0.15641744E+004    -0.12334515E+003     0.41578042E-001     0.15341542E-001
    -0.85946378E+000     0.52846341E-001     0.10727686E+000    -0.15662090E+004    -0.12413983E+003     0.41684012E-001     0.15464672E-001
    -0.85870386E+000     0.52453573E-001     0.10786205E+000    -0.15682541E+004    -0.12493969E+003     0.41790447E-001     0.15588888E-001
    -0.85794395E+000     0.52055084E-001     0.10844789E+000    -0.15703098E+004    -0.12574477E+003     0.41897347E-001     0.15714199E-001
    -0.85718403E+000     0.51650820E-001     0.10903433E+000    -0.15723760E+004    -0.12655511E+003     0.42004710E-001     0.15840615E-001
    -0.85642412E+000     0.51240733E-001     0.10962133E+000    -0.15744529E+004    -0.12737076E+003     0.42112536E-001     0.15968146E-001
    -0.85566420E+000     0.50824771E-001     0.11020883E+000    -0.15765405E+004    -0.12819176E+003     0.42220823E-001     0.16096801E-001
    -0.85490429E+000     0.50402878E-001     0.11079678E+000    -0.15786388E+004    -0.12901816E+003     0.42329570E-001     0.16226590E-001
    -0.85414437E+000     0.49975001E-001     0.11138513E+000    -0.15807479E+004    -0.12985001E+003     0.42438776E-001     0.16357523E-001
    -0.85338446E+000     0.49541089E-001     0.11197383E+000    -0.15828678E+004    -0.13068735E+003     0.42548440E-001     0.16489609E-001
    -0.85262454E+000     0.49101091E-001     0.11256281E+000    -0.15849986E+004    -0.13153023E+003     0.42658560E-001     0.16622860E-001
    -0.85186463E+000     0.48654962E-001     0.11315201E+000    -0.15871403E+004    -0.13237870E+003     0.42769136E-001     0.16757283E-001
    -0.85110471E+000     0.48202657E-001     0.11374137E+000    -0.15892929E+004    -0.13323280E+003     0.42880166E-001     0.16892891E-001
    -0.85034480E+000     0.47744125E-001     0.11433085E+000    -0.15914566E+004    -0.13409258E+003     0.42991648E-001     0.17029692E-001
    -0.84958488E+000     0.47279316E-001     0.11492039E+000    -0.15936313E+004    -0.13495809E+003     0.43103583E-001     0.17167697E-001
    -0.84882497E+000     0.46808179E-001     0.11550991E+000    -0.15958172E+004    -0.13582939E+003     0.43215968E-001     0.17306916E-001
    -0.84806505E+000     0.46330666E-001     0.11609937E+000    -0.15980141E+004    -0.13670651E+003     0.43328802E-001     0.17447360E-001
    -0.84730514E+000     0.45846730E-001     0.11668869E+000    -0.16002223E+004    -0.13758950E+003     0.43442084E-001     0.17589038E-001
    -0.84654522E+000     0.45356321E-001     0.11727782E+000    -0.16024417E+004    -0.13847843E+003     0.43555813E-001     0.17731962E-001
    -0.84578531E+000     0.44859388E-001     0.11786669E+000    -0.16046725E+004    -0.13937334E+003     0.43669988E-001     0.17876142E-001
    -0.84502539E+000     0.44355884E-001     0.11845522E+000    -0.16069145E+004    -0.14027428E+003     0.43784608E-001     0.18021589E-001
    -0.84426548E+000     0.43845767E-001     0.11904336E+000    -0.16091680E+004    -0.14118129E+003     0.43899670E-001     0.18168313E-001
    -0.84350556E+000     0.43328989E-001     0.11963103E+000    -0.16114329E+004    -0.14209445E+003     0.44015175E-001     0.18316326E-001
    -0.84274565E+000     0.42805502E-001     0.12021816E+000    -0.16137094E+004    -0.14301379E+003     0.44131121E-001     0.18465637E-001
    -0.84198573E+000     0.42275256E-001     0.12080469E+000    -0.16159973E+004    -0.14393937E+003     0.44247507E-001     0.18616259E-001
    -0.84122582E+000     0.41738203E-001     0.12139054E+000    -0.16182969E+004    -0.14487124E+003     0.44364332E-001     0.18768202E-001
    -0.84046590E+000     0.41194304E-001     0.12197562E+000    -0.16206081E+004    -0.14580947E+003     0.44481595E-001     0.18921478E-001
    -0.83970599E+000     0.40643518E-001     0.12255987E+000    -0.16229310E+004    -0.14675409E+003     0.44599294E-001     0.19076098E-001
    -0.83894607E+000     0.40085800E-001     0.12314320E+000    -0.16252657E+004    -0.14770517E+003     0.44717429E-001     0.19232073E-001
    -0.83818616E+000     0.39521108E-001     0.12372555E+000    -0.16276122E+004    -0.14866276E+003     0.44835998E-001     0.19389415E-001
    -0.83742625E+000     0.38949401E-001     0.12430683E+000    -0.16299705E+004    -0.14962692E+003     0.44955000E-001     0.19548136E-001
    -0.83666633E+000     0.38370634E-001     0.12488697E+000    -0.16323408E+004    -0.15059771E+003     0.45074436E-001     0.19708247E-001
    -0.83590642E+000     0.37784761E-001     0.12546588E+000    -0.16347230E+004    -0.15157518E+003     0.45194302E-001     0.19869761E-001
    -0.83514650E+000     0.37191744E-001     0.12604348E+000    -0.16371173E+004    -0.15255939E+003     0.45314600E-001     0.20032690E-001
    -0.83438659E+000     0.36591546E-001     0.12661968E+000    -0.16395236E+004    -0.15355039E+003     0.45435326E-001     0.20197046E-001
    -0.83362667E+000     0.35984125E-001     0.12719441E+000    -0.16419421E+004    -0.15454825E+003     0.45556482E-001     0.20362840E-001
    -0.83286676E+000     0.35369442E-001     0.12776756E+000    -0.16443727E+004    -0.15555303E+003     0.45678066E-001     0.20530087E-001
    -0.83210684E+000     0.34747457E-001     0.12833907E+000    -0.16468156E+004    -0.15656479E+003     0.45800076E-001     0.20698799E-001
    -0.83134693E+000     0.34118134E-001     0.12890882E+000    -0.16492708E+004    -0.15758358E+003     0.45922513E-001     0.20868987E-001
    -0.83058701E+000     0.33481436E-001     0.12947674E+000    -0.16517383E+004    -0.15860946E+003     0.46045375E-001     0.21040667E-001
    -0.82982710E+000     0.32837329E-001     0.13004273E+000    -0.16542183E+004    -0.15964251E+003     0.46168662E-001     0.21213850E-001
    -0.82906718E+000     0.32185776E-001     0.13060669E+000    -0.16567107E+004    -0.16068277E+003     0.46292373E-001     0.21388550E-001
    -0.82830727E+000     0.31526747E-001     0.13116854E+000    -0.16592156E+004    -0.16173032E+003     0.46416507E-001     0.21564782E-001
    -0.82754735E+000     0.30860210E-001     0.13172817E+000    -0.16617331E+004    -0.16278522E+003     0.46541063E-001     0.21742558E-001
    -0.82678744E+000     0.30186130E-001     0.13228550E+000    -0.16642633E+004    -0.16384753E+003     0.46666041E-001     0.21921892E-001
    -0.82602752E+000     0.29504476E-001     0.13284041E+000    -0.16668062E+004    -0.16491731E+003     0.46791441E-001     0.22102800E-001
    -0.82526761E+000     0.28815215E-001     0.13339282E+000    -0.16693618E+004    -0.16599463E+003     0.46917261E-001     0.22285295E-001
    -0.82450769E+000     0.28118322E-001     0.13394260E+000    -0.16719302E+004    -0.16707956E+003     0.47043501E-001     0.22469392E-001
    -0.82374778E+000     0.27413775E-001     0.13448968E+000    -0.16745116E+004    -0.16817216E+003     0.47170161E-001     0.22655106E-001
    -0.82298786E+000     0.26701545E-001     0.13503394E+000    -0.16771058E+004    -0.16927249E+003     0.47297240E-001     0.22842453E-001
    -0.82222795E+000     0.25981603E-001     0.13557528E+000    -0.16797131E+004    -0.17038064E+003     0.47424737E-001     0.23031447E-001
    -0.82146803E+000     0.25253923E-001     0.13611360E+000    -0.16823334E+004    -0.17149666E+003     0.47552652E-001     0.23222105E-001
    -0.82070812E+000     0.24518477E-001     0.13664878E+000    -0.16849669E+004    -0.17262063E+003     0.47680984E-001     0.23414442E-001
    -0.81994820E+000     0.23775240E-001     0.13718072E+000    -0.16876135E+004    -0.17375261E+003     0.47809734E-001     0.23608475E-001
    -0.81918829E+000     0.23024196E-001     0.13770930E+000    -0.16902734E+004    -0.17489267E+003     0.47938899E-001     0.23804220E-001
    -0.81842837E+000     0.22265330E-001     0.13823440E+000    -0.16929466E+004    -0.17604090E+003     0.48068481E-001     0.24001695E-001
    -0.81766846E+000     0.21498620E-001     0.13875593E+000    -0.16956332E+004    -0.17719734E+003     0.48198478E-001     0.24200916E-001
    -0.81690854E+000     0.20724042E-001     0.13927377E+000    -0.16983332E+004    -0.17836209E+003     0.48328890E-001     0.24401901E-001
    -0.81614863E+000     0.19941583E-001     0.13978778E+000    -0.17010467E+004    -0.17953522E+003     0.48459716E-001     0.24604668E-001
    -0.81538871E+000     0.19151233E-001     0.14029786E+000    -0.17037738E+004    -0.18071679E+003     0.48590957E-001     0.24809235E-001
    -0.81462880E+000     0.18352980E-001     0.14080390E+000    -0.17065145E+004    -0.18190688E+003     0.48722611E-001     0.25015621E-001
    -0.81386888E+000     0.17546809E-001     0.14130576E+000    -0.17092689E+004    -0.18310557E+003     0.48854677E-001     0.25223844E-001
    -0.81310897E+000     0.16732709E-001     0.14180334E+000    -0.17120371E+004    -0.18431294E+003     0.48987156E-001     0.25433925E-001
    -0.81234905E+000     0.15910668E-001     0.14229649E+000    -0.17148191E+004    -0.18552906E+003     0.49120046E-001     0.25645882E-001
    -0.81158914E+000     0.15080685E-001     0.14278511E+000    -0.17176150E+004    -0.18675400E+003     0.49253347E-001     0.25859736E-001
    -0.81082922E+000     0.14242755E-001     0.14326906E+000    -0.17204249E+004    -0.18798786E+003     0.49387058E-001     0.26075508E-001
    -0.81006931E+000     0.13396874E-001     0.14374822E+000    -0.17232489E+004    -0.18923070E+003     0.49521178E-001     0.26293218E-001
    -0.80930939E+000     0.12543041E-001     0.14422246E+000    -0.17260869E+004    -0.19048261E+003     0.49655707E-001     0.26512888E-001
    -0.80854948E+000     0.11681256E-001     0.14469165E+000    -0.17289391E+004    -0.19174367E+003     0.49790642E-001     0.26734539E-001
    -0.80778956E+000     0.10811522E-001     0.14515566E+000    -0.17318056E+004    -0.19301396E+003     0.49925984E-001     0.26958195E-001
    -0.80702965E+000     0.99338415E-002     0.14561436E+000    -0.17346864E+004    -0.19429357E+003     0.50061731E-001     0.27183878E-001
    -0.80626973E+000     0.90482206E-002     0.14606762E+000    -0.17375815E+004    -0.19558257E+003     0.50197882E-001     0.27411611E-001
    -0.80550982E+000     0.81546656E-002     0.14651531E+000    -0.17404911E+004    -0.19688105E+003     0.50334434E-001     0.27641418E-001
    -0.80474990E+000     0.72531830E-002     0.14695729E+000    -0.17434153E+004    -0.19818911E+003     0.50471387E-001     0.27873323E-001
    -0.80398999E+000     0.63437838E-002     0.14739343E+000    -0.17463541E+004    -0.19950681E+003     0.50608739E-001     0.28107352E-001
    -0.80323007E+000     0.54264829E-002     0.14782358E+000    -0.17493075E+004    -0.20083426E+003     0.50746487E-001     0.28343529E-001
    -0.80247016E+000     0.45012945E-002     0.14824761E+000    -0.17522757E+004    -0.20217154E+003     0.50884630E-001     0.28581881E-001
    -0.80171024E+000     0.35682326E-002     0.14866539E+000    -0.17552587E+004    -0.20351874E+003     0.51023166E-001     0.28822435E-001
    -0.80095033E+000     0.26273123E-002     0.14907676E+000    -0.17582566E+004    -0.20487595E+003     0.51162090E-001     0.29065216E-001
    -0.80019041E+000     0.16785535E-002     0.14948158E+000    -0.17612695E+004    -0.20624325E+003     0.51301402E-001     0.29310253E-001
    -0.79943050E+000     0.72198320E-003     0.14987971E+000    -0.17642974E+004    -0.20762075E+003     0.51441097E-001     0.29557575E-001
    -0.79867058E+000    -0.24236740E-003     0.15027100E+000    -0.17673405E+004    -0.20900854E+003     0.51581173E-001     0.29807210E-001
    -0.79791067E+000    -0.12144685E-002     0.15065531E+000    -0.17703987E+004    -0.21040671E+003     0.51721625E-001     0.30059187E-001
    -0.79715075E+000    -0.21942924E-002     0.15103250E+000    -0.17734723E+004    -0.21181535E+003     0.51862449E-001     0.30313538E-001
    -0.79639084E+000    -0.31818103E-002     0.15140241E+000    -0.17765612E+004    -0.21323456E+003     0.52003642E-001     0.30570291E-001
    -0.79563092E+000    -0.41769852E-002     0.15176490E+000    -0.17796655E+004    -0.21466444E+003     0.52145198E-001     0.30829480E-001
    -0.79487101E+000    -0.51797798E-002     0.15211981E+000    -0.17827854E+004    -0.21610509E+003     0.52287112E-001     0.31091136E-001
    -0.79411109E+000    -0.61901537E-002     0.15246700E+000    -0.17859208E+004    -0.21755661E+003     0.52429379E-001     0.31355292E-001
    -0.79335118E+000    -0.72080627E-002     0.15280632E+000    -0.17890720E+004    -0.21901909E+003     0.52571992E-001     0.31621982E-001
    -0.79259126E+000    -0.82334616E-002     0.15313760E+000    -0.17922389E+004    -0.22049264E+003     0.52714946E-001     0.31891239E-001
    -0.79183135E+000    -0.92663053E-002     0.15346070E+000    -0.17954216E+004    -0.22197737E+003     0.52858233E-001     0.32163099E-001
    -0.79107143E+000    -0.10306544E-001     0.15377547E+000    -0.17986202E+004    -0.22347336E+003     0.53001845E-001     0.32437596E-001
    -0.79031152E+000    -0.11354118E-001     0.15408173E+000    -0.18018349E+004    -0.22498074E+003     0.53145775E-001     0.32714768E-001
    -0.78955161E+000    -0.12408968E-001     0.15437934E+000    -0.18050657E+004    -0.22649961E+003     0.53290013E-001     0.32994651E-001
    -0.78879169E+000    -0.13471033E-001     0.15466814E+000    -0.18083126E+004    -0.22803007E+003     0.53434551E-001     0.33277284E-001
    -0.78803178E+000    -0.14540248E-001     0.15494799E+000    -0.18115758E+004    -0.22957224E+003     0.53579378E-001     0.33562704E-001
    -0.78727186E+000    -0.15616551E-001     0.15521871E+000    -0.18148553E+004    -0.23112622E+003     0.53724484E-001     0.33850950E-001
    -0.78651195E+000    -0.16699881E-001     0.15548017E+000    -0.18181512E+004    -0.23269212E+003     0.53869857E-001     0.34142064E-001
    -0.78575203E+000    -0.17790170E-001     0.15573219E+000    -0.18214637E+004    -0.23427006E+003     0.54015486E-001     0.34436084E-001
    -0.78499212E+000    -0.18887345E-001     0.15597462E+000    -0.18247927E+004    -0.23586015E+003     0.54161356E-001     0.34733053E-001
    -0.78423220E+000    -0.19991327E-001     0.15620728E+000    -0.18281385E+004    -0.23746251E+003     0.54307454E-001     0.35033013E-001
    -0.78347229E+000    -0.21102027E-001     0.15643001E+000    -0.18315010E+004    -0.23907725E+003     0.54453766E-001     0.35336007E-001
    -0.78271237E+000    -0.22219361E-001     0.15664265E+000    -0.18348804E+004    -0.24070450E+003     0.54600276E-001     0.35642078E-001
    -0.78195246E+000    -0.23343242E-001     0.15684505E+000    -0.18382768E+004    -0.24234436E+003     0.54746967E-001     0.35951270E-001
    -0.78119254E+000    -0.24473580E-001     0.15703704E+000    -0.18416902E+004    -0.24399696E+003     0.54893821E-001     0.36263630E-001
    -0.78043263E+000    -0.25610282E-001     0.15721845E+000    -0.18451207E+004    -0.24566243E+003     0.55040820E-001     0.36579201E-001
    -0.77967271E+000    -0.26753248E-001     0.15738913E+000    -0.18485685E+004    -0.24734088E+003     0.55187943E-001     0.36898031E-001
    -0.77891280E+000    -0.27902377E-001     0.15754891E+000    -0.18520336E+004    -0.24903244E+003     0.55335171E-001     0.37220167E-001
    -0.77815288E+000    -0.29057561E-001     0.15769762E+000    -0.18555161E+004    -0.25073724E+003     0.55482480E-001     0.37545657E-001
    -0.77739297E+000    -0.30218691E-001     0.15783510E+000    -0.18590161E+004    -0.25245540E+003     0.55629848E-001     0.37874549E-001
    -0.77663305E+000    -0.31385653E-001     0.15796119E+000    -0.18625337E+004    -0.25418706E+003     0.55777250E-001     0.38206892E-001
    -0.77587314E+000    -0.32558334E-001     0.15807573E+000    -0.18660690E+004    -0.25593235E+003     0.55924659E-001     0.38542736E-001
    -0.77511322E+000    -0.33736619E-001     0.15817856E+000    -0.18696221E+004    -0.25769139E+003     0.56072048E-001     0.38882132E-001
    -0.77435331E+000    -0.34920382E-001     0.15826949E+000    -0.18731931E+004    -0.25946432E+003     0.56219389E-001     0.39225130E-001
    -0.77359339E+000    -0.36109490E-001     0.15834838E+000    -0.18767820E+004    -0.26125128E+003     0.56366651E-001     0.39571781E-001
    -0.77283348E+000    -0.37303814E-001     0.15841506E+000    -0.18803891E+004    -0.26305241E+003     0.56513802E-001     0.39922139E-001
    -0.77207356E+000    -0.38503222E-001     0.15846937E+000    -0.18840143E+004    -0.26486784E+003     0.56660809E-001     0.40276254E-001
    -0.77131365E+000    -0.39707569E-001     0.15851113E+000    -0.18876578E+004    -0.26669772E+003     0.56807636E-001     0.40634181E-001
    -0.77055373E+000    -0.40916708E-001     0.15854018E+000    -0.18913197E+004    -0.26854218E+003     0.56954247E-001     0.40995973E-001
    -0.76979382E+000    -0.42130488E-001     0.15855638E+000    -0.18950001E+004    -0.27040137E+003     0.57100604E-001     0.41361683E-001
    -0.76903390E+000    -0.43348757E-001     0.15855955E+000    -0.18986991E+004    -0.27227544E+003     0.57246665E-001     0.41731366E-001
    -0.76827399E+000    -0.44571358E-001     0.15854953E+000    -0.19024167E+004    -0.27416454E+003     0.57392390E-001     0.42105076E-001
    -0.76751407E+000    -0.45798127E-001     0.15852617E+000    -0.19061531E+004    -0.27606880E+003     0.57537733E-001     0.42482868E-001
    -0.76675416E+000    -0.47028900E-001     0.15848932E+000    -0.19099084E+004    -0.27798840E+003     0.57682648E-001     0.42864797E-001
    -0.76599424E+000    -0.48263513E-001     0.15843881E+000    -0.19136827E+004    -0.27992347E+003     0.57827089E-001     0.43250918E-001
    -0.76523433E+000    -0.49501794E-001     0.15837449E+000    -0.19174761E+004    -0.28187417E+003     0.57971003E-001     0.43641287E-001
    -0.76447441E+000    -0.50743563E-001     0.15829619E+000    -0.19212887E+004    -0.28384066E+003     0.58114340E-001     0.44035958E-001
    -0.76371450E+000    -0.51988632E-001     0.15820376E+000    -0.19251205E+004    -0.28582311E+003     0.58257045E-001     0.44434987E-001
    -0.76295458E+000    -0.53236805E-001     0.15809704E+000    -0.19289718E+004    -0.28782166E+003     0.58399061E-001     0.44838430E-001
    -0.76219467E+000    -0.54487892E-001     0.15797590E+000    -0.19328427E+004    -0.28983648E+003     0.58540330E-001     0.45246341E-001
    -0.76143475E+000    -0.55741701E-001     0.15784017E+000    -0.19367331E+004    -0.29186774E+003     0.58680789E-001     0.45658775E-001
    -0.76067484E+000    -0.56998031E-001     0.15768971E+000    -0.19406433E+004    -0.29391560E+003     0.58820377E-001     0.46075787E-001
    -0.75991492E+000    -0.58256673E-001     0.15752437E+000    -0.19445733E+004    -0.29598023E+003     0.58959026E-001     0.46497432E-001
    -0.75915501E+000    -0.59517416E-001     0.15734400E+000    -0.19485233E+004    -0.29806181E+003     0.59096669E-001     0.46923763E-001
    -0.75839509E+000    -0.60780038E-001     0.15714846E+000    -0.19524933E+004    -0.30016050E+003     0.59233235E-001     0.47354833E-001
    -0.75763518E+000    -0.62044315E-001     0.15693760E+000    -0.19564835E+004    -0.30227648E+003     0.59368649E-001     0.47790696E-001
    -0.75687526E+000    -0.63310024E-001     0.15671129E+000    -0.19604940E+004    -0.30440993E+003     0.59502837E-001     0.48231403E-001
    -0.75611535E+000    -0.64576930E-001     0.15646938E+000    -0.19645249E+004    -0.30656103E+003     0.59635720E-001     0.48677005E-001
    -0.75535543E+000    -0.65844792E-001     0.15621175E+000    -0.19685763E+004    -0.30872996E+003     0.59767217E-001     0.49127553E-001
    -0.75459552E+000    -0.67113367E-001     0.15593825E+000    -0.19726483E+004    -0.31091690E+003     0.59897243E-001     0.49583096E-001
    -0.75383560E+000    -0.68382404E-001     0.15564876E+000    -0.19767410E+004    -0.31312205E+003     0.60025713E-001     0.50043682E-001
    -0.75307569E+000    -0.69651651E-001     0.15534317E+000    -0.19808547E+004    -0.31534558E+003     0.60152537E-001     0.50509359E-001
    -0.75231577E+000    -0.70920856E-001     0.15502134E+000    -0.19849892E+004    -0.31758769E+003     0.60277623E-001     0.50980172E-001
    -0.75155586E+000    -0.72189759E-001     0.15468316E+000    -0.19891449E+004    -0.31984857E+003     0.60400876E-001     0.51456164E-001
    -0.75079594E+000    -0.73458093E-001     0.15432850E+000    -0.19933218E+004    -0.32212842E+003     0.60522200E-001     0.51937380E-001
    -0.75003603E+000    -0.74725582E-001     0.15395724E+000    -0.19975200E+004    -0.32442744E+003     0.60641493E-001     0.52423859E-001
    -0.74927611E+000    -0.75991945E-001     0.15356927E+000    -0.20017396E+004    -0.32674583E+003     0.60758652E-001     0.52915641E-001
    -0.74851620E+000    -0.77256888E-001     0.15316449E+000    -0.20059808E+004    -0.32908379E+003     0.60873573E-001     0.53412764E-001
    -0.74775628E+000    -0.78520124E-001     0.15274279E+000    -0.20102437E+004    -0.33144153E+003     0.60986145E-001     0.53915261E-001
    -0.74699637E+000    -0.79781365E-001     0.15230408E+000    -0.20145283E+004    -0.33381925E+003     0.61096258E-001     0.54423166E-001
    -0.74623645E+000    -0.81040312E-001     0.15184826E+000    -0.20188349E+004    -0.33621717E+003     0.61203798E-001     0.54936510E-001
    -0.74547654E+000    -0.82296658E-001     0.15137523E+000    -0.20231636E+004    -0.33863551E+003     0.61308647E-001     0.55455320E-001
    -0.74471662E+000    -0.83550091E-001     0.15088491E+000    -0.20275144E+004    -0.34107447E+003     0.61410686E-001     0.55979622E-001
    -0.74395671E+000    -0.84800297E-001     0.15037721E+000    -0.20318875E+004    -0.34353427E+003     0.61509793E-001     0.56509438E-001
    -0.74319679E+000    -0.86046953E-001     0.14985205E+000    -0.20362830E+004    -0.34601515E+003     0.61605842E-001     0.57044788E-001
    -0.74243688E+000    -0.87289721E-001     0.14930934E+000    -0.20407010E+004    -0.34851732E+003     0.61698706E-001     0.57585688E-001
    -0.74167696E+000    -0.88528265E-001     0.14874904E+000    -0.20451417E+004    -0.35104101E+003     0.61788254E-001     0.58132151E-001
    -0.74091705E+000    -0.89762249E-001     0.14817108E+000    -0.20496052E+004    -0.35358645E+003     0.61874355E-001     0.58684186E-001
    -0.74015714E+000    -0.90991339E-001     0.14757540E+000    -0.20540916E+004    -0.35615388E+003     0.61956871E-001     0.59241801E-001
    -0.73939722E+000    -0.92215183E-001     0.14696194E+000    -0.20586010E+004    -0.35874353E+003     0.62035667E-001     0.59804997E-001
    -0.73863731E+000    -0.93433422E-001     0.14633066E+000    -0.20631337E+004    -0.36135564E+003     0.62110602E-001     0.60373773E-001
    -0.73787739E+000    -0.94645695E-001     0.14568151E+000    -0.20676896E+004    -0.36399046E+003     0.62181534E-001     0.60948122E-001
    -0.73711748E+000    -0.95851637E-001     0.14501446E+000    -0.20722689E+004    -0.36664823E+003     0.62248318E-001     0.61528035E-001
    -0.73635756E+000    -0.97050871E-001     0.14432948E+000    -0.20768718E+004    -0.36932919E+003     0.62310809E-001     0.62113496E-001
    -0.73559765E+000    -0.98243019E-001     0.14362655E+000    -0.20814984E+004    -0.37203361E+003     0.62368858E-001     0.62704488E-001
    -0.73483773E+000    -0.99427697E-001     0.14290565E+000    -0.20861488E+004    -0.37476173E+003     0.62422315E-001     0.63300987E-001
    -0.73407782E+000    -0.10060452E+000     0.14216679E+000    -0.20908232E+004    -0.37751382E+003     0.62471028E-001     0.63902962E-001
    -0.73331790E+000    -0.10177309E+000     0.14140996E+000    -0.20955217E+004    -0.38029014E+003     0.62514844E-001     0.64510380E-001
    -0.73255799E+000    -0.10293302E+000     0.14063517E+000    -0.21002444E+004    -0.38309095E+003     0.62553609E-001     0.65123203E-001
    -0.73179807E+000    -0.10408391E+000     0.13984243E+000    -0.21049914E+004    -0.38591651E+003     0.62587166E-001     0.65741384E-001
    -0.73103816E+000    -0.10522534E+000     0.13903175E+000    -0.21097629E+004    -0.38876712E+003     0.62615359E-001     0.66364874E-001
    -0.73027824E+000    -0.10635690E+000     0.13820317E+000    -0.21145591E+004    -0.39164303E+003     0.62638030E-001     0.66993616E-001
    -0.72951833E+000    -0.10747817E+000     0.13735673E+000    -0.21193800E+004    -0.39454452E+003     0.62655020E-001     0.67627548E-001
    -0.72875841E+000    -0.10858872E+000     0.13649248E+000    -0.21242258E+004    -0.39747189E+003     0.62666171E-001     0.68266601E-001
    -0.72799850E+000    -0.10968812E+000     0.13561047E+000    -0.21290967E+004    -0.40042542E+003     0.62671322E-001     0.68910701E-001
    -0.72723858E+000    -0.11077595E+000     0.13471077E+000    -0.21339927E+004    -0.40340539E+003     0.62670316E-001     0.69559766E-001
    -0.72647867E+000    -0.11185176E+000     0.13379345E+000    -0.21389141E+004    -0.40641211E+003     0.62662992E-001     0.70213710E-001
    -0.72571875E+000    -0.11291511E+000     0.13285859E+000    -0.21438609E+004    -0.40944587E+003     0.62649192E-001     0.70872436E-001
    -0.72495884E+000    -0.11396554E+000     0.13190630E+000    -0.21488333E+004    -0.41250697E+003     0.62628758E-001     0.71535844E-001
    -0.72419892E+000    -0.11500260E+000     0.13093667E+000    -0.21538314E+004    -0.41559571E+003     0.62601533E-001     0.72203824E-001
    -0.72343901E+000    -0.11602582E+000     0.12994982E+000    -0.21588554E+004    -0.41871241E+003     0.62567361E-001     0.72876262E-001
    -0.72267909E+000    -0.11703476E+000     0.12894590E+000    -0.21639055E+004    -0.42185739E+003     0.62526087E-001     0.73553034E-001
    -0.72191918E+000    -0.11802895E+000     0.12792502E+000    -0.21689817E+004    -0.42503095E+003     0.62477561E-001     0.74234009E-001
    -0.72115926E+000    -0.11900791E+000     0.12688735E+000    -0.21740842E+004    -0.42823343E+003     0.62421630E-001     0.74919050E-001
    -0.72039935E+000    -0.11997116E+000     0.12583304E+000    -0.21792132E+004    -0.43146515E+003     0.62358148E-001     0.75608010E-001
    -0.71963943E+000    -0.12091823E+000     0.12476228E+000    -0.21843688E+004    -0.43472643E+003     0.62286970E-001     0.76300737E-001
    -0.71887952E+000    -0.12184865E+000     0.12367526E+000    -0.21895511E+004    -0.43801763E+003     0.62207953E-001     0.76997068E-001
    -0.71811960E+000    -0.12276193E+000     0.12257217E+000    -0.21947603E+004    -0.44133906E+003     0.62120961E-001     0.77696836E-001
    -0.71735969E+000    -0.12365758E+000     0.12145321E+000    -0.21999966E+004    -0.44469109E+003     0.62025859E-001     0.78399863E-001
    -0.71659977E+000    -0.12453511E+000     0.12031864E+000    -0.22052601E+004    -0.44807406E+003     0.61922517E-001     0.79105963E-001
    -0.71583986E+000    -0.12539402E+000     0.11916867E+000    -0.22105509E+004    -0.45148832E+003     0.61810811E-001     0.79814944E-001
    -0.71507994E+000    -0.12623384E+000     0.11800358E+000    -0.22158692E+004    -0.45493424E+003     0.61690621E-001     0.80526604E-001
    -0.71432003E+000    -0.12705404E+000     0.11682363E+000    -0.22212151E+004    -0.45841217E+003     0.61561834E-001     0.81240735E-001
    -0.71356011E+000    -0.12785414E+000     0.11562910E+000    -0.22265889E+004    -0.46192249E+003     0.61424341E-001     0.81957120E-001
    -0.71280020E+000    -0.12863363E+000     0.11442031E+000    -0.22319906E+004    -0.46546557E+003     0.61278041E-001     0.82675532E-001
    -0.71204028E+000    -0.12939201E+000     0.11319757E+000    -0.22374204E+004    -0.46904179E+003     0.61122841E-001     0.83395740E-001
    -0.71128037E+000    -0.13012878E+000     0.11196121E+000    -0.22428785E+004    -0.47265153E+003     0.60958654E-001     0.84117502E-001
    -0.71052045E+000    -0.13084343E+000     0.11071160E+000    -0.22483650E+004    -0.47629519E+003     0.60785402E-001     0.84840570E-001
    -0.70976054E+000    -0.13153548E+000     0.10944910E+000    -0.22538800E+004    -0.47997316E+003     0.60603014E-001     0.85564687E-001
    -0.70900062E+000    -0.13220443E+000     0.10817411E+000    -0.22594238E+004    -0.48368584E+003     0.60411431E-001     0.86289590E-001
    -0.70824071E+000    -0.13284976E+000     0.10688700E+000    -0.22649965E+004    -0.48743364E+003     0.60210602E-001     0.87015007E-001
    -0.70748079E+000    -0.13347099E+000     0.10558823E+000    -0.22705982E+004    -0.49121697E+003     0.60000485E-001     0.87740661E-001
    -0.70672088E+000    -0.13406763E+000     0.10427821E+000    -0.22762292E+004    -0.49503625E+003     0.59781051E-001     0.88466267E-001
    -0.70596096E+000    -0.13463917E+000     0.10295742E+000    -0.22818895E+004    -0.49889191E+003     0.59552281E-001     0.89191532E-001
    -0.70520105E+000    -0.13518514E+000     0.10162632E+000    -0.22875793E+004    -0.50278437E+003     0.59314168E-001     0.89916159E-001
    -0.70444113E+000    -0.13570504E+000     0.10028541E+000    -0.22932988E+004    -0.50671407E+003     0.59066719E-001     0.90639843E-001
    -0.70368122E+000    -0.13619838E+000     0.98935219E-001    -0.22990482E+004    -0.51068147E+003     0.58809951E-001     0.91362275E-001
    -0.70292130E+000    -0.13666471E+000     0.97576282E-001    -0.23048276E+004    -0.51468700E+003     0.58543896E-001     0.92083139E-001
    -0.70216139E+000    -0.13710354E+000     0.96209157E-001    -0.23106371E+004    -0.51873113E+003     0.58268603E-001     0.92802116E-001
    -0.70140147E+000    -0.13751441E+000     0.94834424E-001    -0.23164770E+004    -0.52281432E+003     0.57984131E-001     0.93518881E-001
    -0.70064156E+000    -0.13789688E+000     0.93452688E-001    -0.23223475E+004    -0.52693703E+003     0.57690557E-001     0.94233106E-001
    -0.69988164E+000    -0.13825049E+000     0.92064567E-001    -0.23282486E+004    -0.53109976E+003     0.57387974E-001     0.94944458E-001
    -0.69912173E+000    -0.13857481E+000     0.90670699E-001    -0.23341805E+004    -0.53530299E+003     0.57076491E-001     0.95652603E-001
    -0.69836181E+000    -0.13886940E+000     0.89271752E-001    -0.23401435E+004    -0.53954720E+003     0.56756233E-001     0.96357204E-001
    -0.69760190E+000    -0.13913386E+000     0.87868416E-001    -0.23461376E+004    -0.54383290E+003     0.56427345E-001     0.97057922E-001
    -0.69684198E+000    -0.13936777E+000     0.86461396E-001    -0.23521631E+004    -0.54816060E+003     0.56089989E-001     0.97754418E-001
    -0.69608207E+000    -0.13957076E+000     0.85051413E-001    -0.23582201E+004    -0.55253082E+003     0.55744343E-001     0.98446352E-001
    -0.69532215E+000    -0.13974243E+000     0.83639217E-001    -0.23643088E+004    -0.55694407E+003     0.55390609E-001     0.99133385E-001
    -0.69456224E+000    -0.13988242E+000     0.82225584E-001    -0.23704293E+004    -0.56140090E+003     0.55029004E-001     0.99815180E-001
    -0.69380232E+000    -0.13999039E+000     0.80811308E-001    -0.23765819E+004    -0.56590184E+003     0.54659769E-001     0.10049140E+000
    -0.69304241E+000    -0.14006599E+000     0.79397204E-001    -0.23827667E+004    -0.57044745E+003     0.54283162E-001     0.10116172E+000
    -0.69228249E+000    -0.14010891E+000     0.77984104E-001    -0.23889839E+004    -0.57503829E+003     0.53899465E-001     0.10182580E+000
    -0.69152258E+000    -0.14011886E+000     0.76572861E-001    -0.23952336E+004    -0.57967492E+003     0.53508980E-001     0.10248332E+000
    -0.69076267E+000    -0.14009555E+000     0.75164357E-001    -0.24015161E+004    -0.58435793E+003     0.53112029E-001     0.10313398E+000
    -0.69000275E+000    -0.14003872E+000     0.73759498E-001    -0.24078314E+004    -0.58908789E+003     0.52708958E-001     0.10377745E+000
    -0.68924284E+000    -0.13994814E+000     0.72359205E-001    -0.24141799E+004    -0.59386542E+003     0.52300135E-001     0.10441343E+000
    -0.68848292E+000    -0.13982361E+000     0.70964406E-001    -0.24205616E+004    -0.59869110E+003     0.51885949E-001     0.10504165E+000
    -0.68772301E+000    -0.13966491E+000     0.69576059E-001    -0.24269767E+004    -0.60356558E+003     0.51466813E-001     0.10566181E+000
    -0.68696309E+000    -0.13947188E+000     0.68195145E-001    -0.24334254E+004    -0.60848946E+003     0.51043162E-001     0.10627365E+000
    -0.68620318E+000    -0.13924438E+000     0.66822659E-001    -0.24399078E+004    -0.61346340E+003     0.50615454E-001     0.10687692E+000
    -0.68544326E+000    -0.13898229E+000     0.65459619E-001    -0.24464243E+004    -0.61848804E+003     0.50184169E-001     0.10747137E+000
    -0.68468335E+000    -0.13868552E+000     0.64107063E-001    -0.24529748E+004    -0.62356405E+003     0.49749809E-001     0.10805678E+000
    -0.68392343E+000    -0.13835401E+000     0.62766040E-001    -0.24595596E+004    -0.62869209E+003     0.49312900E-001     0.10863295E+000
    -0.68316352E+000    -0.13798773E+000     0.61437614E-001    -0.24661789E+004    -0.63387285E+003     0.48873990E-001     0.10919969E+000
    -0.68240360E+000    -0.13758668E+000     0.60122869E-001    -0.24728329E+004    -0.63910703E+003     0.48433647E-001     0.10975682E+000
    -0.68164369E+000    -0.13715089E+000     0.58822902E-001    -0.24795217E+004    -0.64439534E+003     0.47992464E-001     0.11030422E+000
    -0.68088377E+000    -0.13668043E+000     0.57538824E-001    -0.24862454E+004    -0.64973850E+003     0.47551052E-001     0.11084174E+000
    -0.68012386E+000    -0.13617538E+000     0.56271762E-001    -0.24930043E+004    -0.65513725E+003     0.47110043E-001     0.11136931E+000
    -0.67936394E+000    -0.13563589E+000     0.55022849E-001    -0.24997985E+004    -0.66059233E+003     0.46670091E-001     0.11188684E+000
    -0.67860403E+000    -0.13506212E+000     0.53793228E-001    -0.25066283E+004    -0.66610450E+003     0.46231868E-001     0.11239430E+000
    -0.67784411E+000    -0.13445425E+000     0.52584057E-001    -0.25134936E+004    -0.67167454E+003     0.45796065E-001     0.11289167E+000
    -0.67708420E+000    -0.13381253E+000     0.51396504E-001    -0.25203948E+004    -0.67730325E+003     0.45363389E-001     0.11337897E+000
    -0.67632428E+000    -0.13313724E+000     0.50231749E-001    -0.25273320E+004    -0.68299142E+003     0.44934567E-001     0.11385624E+000
    -0.67556437E+000    -0.13242868E+000     0.49090970E-001    -0.25343054E+004    -0.68873987E+003     0.44510339E-001     0.11432357E+000
    -0.67480445E+000    -0.13168721E+000     0.47975352E-001    -0.25413150E+004    -0.69454944E+003     0.44091462E-001     0.11478108E+000
    -0.67404454E+000    -0.13091320E+000     0.46886093E-001    -0.25483611E+004    -0.70042097E+003     0.43678703E-001     0.11522892E+000
    -0.67328462E+000    -0.13010710E+000     0.45824384E-001    -0.25554439E+004    -0.70635534E+003     0.43272846E-001     0.11566728E+000
    -0.67252471E+000    -0.12926937E+000     0.44791421E-001    -0.25625634E+004    -0.71235342E+003     0.42874681E-001     0.11609640E+000
    -0.67176479E+000    -0.12840052E+000     0.43788409E-001    -0.25697198E+004    -0.71841612E+003     0.42485012E-001     0.11651655E+000
    -0.67100488E+000    -0.12750109E+000     0.42816549E-001    -0.25769133E+004    -0.72454433E+003     0.42104646E-001     0.11692804E+000
    -0.67024496E+000    -0.12657169E+000     0.41877033E-001    -0.25841439E+004    -0.73073901E+003     0.41734401E-001     0.11733122E+000
    -0.66948505E+000    -0.12561295E+000     0.40971052E-001    -0.25914119E+004    -0.73700109E+003     0.41375097E-001     0.11772651E+000
    -0.66872513E+000    -0.12462554E+000     0.40099794E-001    -0.25987174E+004    -0.74333154E+003     0.41027557E-001     0.11811433E+000
    -0.66796522E+000    -0.12361017E+000     0.39264447E-001    -0.26060605E+004    -0.74973135E+003     0.40692606E-001     0.11849519E+000
    -0.66720530E+000    -0.12256761E+000     0.38466190E-001    -0.26134412E+004    -0.75620152E+003     0.40371067E-001     0.11886962E+000
    -0.66644539E+000    -0.12149866E+000     0.37706189E-001    -0.26208598E+004    -0.76274307E+003     0.40063761E-001     0.11923821E+000
    -0.66568547E+000    -0.12040416E+000     0.36985605E-001    -0.26283164E+004    -0.76935704E+003     0.39771504E-001     0.11960160E+000
    -0.66492556E+000    -0.11928499E+000     0.36305596E-001    -0.26358110E+004    -0.77604450E+003     0.39495105E-001     0.11996047E+000
    -0.66416564E+000    -0.11814210E+000     0.35667301E-001    -0.26433437E+004    -0.78280652E+003     0.39235366E-001     0.12031556E+000
    -0.66340573E+000    -0.11697645E+000     0.35071847E-001    -0.26509146E+004    -0.78964420E+003     0.38993074E-001     0.12066765E+000
    -0.66264581E+000    -0.11578906E+000     0.34520346E-001    -0.26585238E+004    -0.79655866E+003     0.38769006E-001     0.12101758E+000
    -0.66188590E+000    -0.11458101E+000     0.34013895E-001    -0.26661714E+004    -0.80355105E+003     0.38563923E-001     0.12136624E+000
    -0.66112598E+000    -0.11335338E+000     0.33553569E-001    -0.26738574E+004    -0.81062253E+003     0.38378566E-001     0.12171457E+000
    -0.66036607E+000    -0.11210732E+000     0.33140431E-001    -0.26815820E+004    -0.81777427E+003     0.38213660E-001     0.12206357E+000
    -0.65960615E+000    -0.11084402E+000     0.32775524E-001    -0.26893450E+004    -0.82500749E+003     0.38069904E-001     0.12241428E+000
    -0.65884624E+000    -0.10956471E+000     0.32459871E-001    -0.26971466E+004    -0.83232340E+003     0.37947974E-001     0.12276780E+000
    -0.65808632E+000    -0.10827066E+000     0.32194475E-001    -0.27049868E+004    -0.83972327E+003     0.37848518E-001     0.12312529E+000
    -0.65732641E+000    -0.10696318E+000     0.31980320E-001    -0.27128656E+004    -0.84720835E+003     0.37772155E-001     0.12348795E+000
    -0.65656649E+000    -0.10564363E+000     0.31818364E-001    -0.27207830E+004    -0.85477994E+003     0.37719473E-001     0.12385704E+000
    -0.65580658E+000    -0.10431341E+000     0.31709540E-001    -0.27287390E+004    -0.86243936E+003     0.37691023E-001     0.12423387E+000
    -0.65504666E+000    -0.10297395E+000     0.31654763E-001    -0.27367335E+004    -0.87018795E+003     0.37687322E-001     0.12461980E+000
    -0.65428675E+000    -0.10162673E+000     0.31654921E-001    -0.27447665E+004    -0.87802706E+003     0.37708846E-001     0.12501626E+000
    -0.65352683E+000    -0.10027329E+000     0.31710879E-001    -0.27528380E+004    -0.88595808E+003     0.37756030E-001     0.12542471E+000
    -0.65276692E+000    -0.98915201E-001     0.31823468E-001    -0.27609478E+004    -0.89398243E+003     0.37829263E-001     0.12584667E+000
    -0.65200700E+000    -0.97554069E-001     0.31993491E-001    -0.27690960E+004    -0.90210152E+003     0.37928887E-001     0.12628372E+000
    -0.65124709E+000    -0.96191551E-001     0.32221722E-001    -0.27772823E+004    -0.91031683E+003     0.38055197E-001     0.12673748E+000
    -0.65048717E+000    -0.94829345E-001     0.32508907E-001    -0.27855066E+004    -0.91862981E+003     0.38208432E-001     0.12720963E+000
    -0.64972726E+000    -0.93469195E-001     0.32855761E-001    -0.27937689E+004    -0.92704199E+003     0.38388779E-001     0.12770188E+000
    -0.64896734E+000    -0.92112888E-001     0.33262963E-001    -0.28020689E+004    -0.93555488E+003     0.38596363E-001     0.12821602E+000
    -0.64820743E+000    -0.90762254E-001     0.33731164E-001    -0.28104065E+004    -0.94417004E+003     0.38831251E-001     0.12875386E+000
    -0.64744751E+000    -0.89419168E-001     0.34260983E-001    -0.28187815E+004    -0.95288904E+003     0.39093447E-001     0.12931728E+000
    -0.64668760E+000    -0.88085561E-001     0.34853009E-001    -0.28271936E+004    -0.96171347E+003     0.39382884E-001     0.12990820E+000
    -0.64592768E+000    -0.86763420E-001     0.35507784E-001    -0.28356427E+004    -0.97064497E+003     0.39699429E-001     0.13052858E+000
    -0.64516777E+000    -0.85454771E-001     0.36225802E-001    -0.28441283E+004    -0.97968518E+003     0.40042873E-001     0.13118044E+000
    -0.64440785E+000    -0.84161686E-001     0.37007526E-001    -0.28526503E+004    -0.98883576E+003     0.40412931E-001     0.13186582E+000
    -0.64364794E+000    -0.82886290E-001     0.37853378E-001    -0.28612084E+004    -0.99809842E+003     0.40809239E-001     0.13258684E+000
    -0.64288802E+000    -0.81630769E-001     0.38763732E-001    -0.28698021E+004    -0.10074749E+004     0.41231348E-001     0.13334563E+000
    -0.64212811E+000    -0.80397358E-001     0.39738909E-001    -0.28784311E+004    -0.10169669E+004     0.41678722E-001     0.13414437E+000
    -0.64136820E+000    -0.79188332E-001     0.40779182E-001    -0.28870951E+004    -0.10265761E+004     0.42150733E-001     0.13498529E+000
    -0.64060828E+000    -0.78006025E-001     0.41884789E-001    -0.28957937E+004    -0.10363045E+004     0.42646659E-001     0.13587064E+000
    -0.63984837E+000    -0.76852847E-001     0.43055919E-001    -0.29045263E+004    -0.10461537E+004     0.43165677E-001     0.13680273E+000
    -0.63908845E+000    -0.75731281E-001     0.44292689E-001    -0.29132925E+004    -0.10561257E+004     0.43706863E-001     0.13778388E+000
    -0.63832854E+000    -0.74643857E-001     0.45595134E-001    -0.29220918E+004    -0.10662223E+004     0.44269181E-001     0.13881645E+000
    -0.63756862E+000    -0.73593151E-001     0.46963233E-001    -0.29309236E+004    -0.10764454E+004     0.44851487E-001     0.13990282E+000
    -0.63680871E+000    -0.72581813E-001     0.48396908E-001    -0.29397875E+004    -0.10867968E+004     0.45452516E-001     0.14104542E+000
    -0.63604879E+000    -0.71612562E-001     0.49896000E-001    -0.29486828E+004    -0.10972785E+004     0.46070884E-001     0.14224668E+000
    -0.63528888E+000    -0.70688177E-001     0.51460266E-001    -0.29576089E+004    -0.11078925E+004     0.46705079E-001     0.14350906E+000
    -0.63452896E+000    -0.69811511E-001     0.53089388E-001    -0.29665652E+004    -0.11186406E+004     0.47353457E-001     0.14483502E+000
    -0.63376905E+000    -0.68985487E-001     0.54782949E-001    -0.29755509E+004    -0.11295250E+004     0.48014237E-001     0.14622705E+000
    -0.63300913E+000    -0.68213097E-001     0.56540427E-001    -0.29845654E+004    -0.11405476E+004     0.48685499E-001     0.14768764E+000
    -0.63224922E+000    -0.67497395E-001     0.58361196E-001    -0.29936078E+004    -0.11517105E+004     0.49365173E-001     0.14921926E+000
    -0.63148930E+000    -0.66841499E-001     0.60244527E-001    -0.30026774E+004    -0.11630157E+004     0.50051040E-001     0.15082441E+000
    -0.63072939E+000    -0.66248606E-001     0.62189570E-001    -0.30117735E+004    -0.11744652E+004     0.50740722E-001     0.15250556E+000
    -0.62996947E+000    -0.65721976E-001     0.64195338E-001    -0.30208950E+004    -0.11860613E+004     0.51431680E-001     0.15426515E+000
    -0.62920956E+000    -0.65264929E-001     0.66260717E-001    -0.30300412E+004    -0.11978060E+004     0.52121209E-001     0.15610562E+000
    -0.62844964E+000    -0.64880851E-001     0.68384452E-001    -0.30392111E+004    -0.12097015E+004     0.52806433E-001     0.15802936E+000
    -0.62768973E+000    -0.64573196E-001     0.70565133E-001    -0.30484038E+004    -0.12217499E+004     0.53484300E-001     0.16003872E+000
    -0.62692981E+000    -0.64345480E-001     0.72801188E-001    -0.30576182E+004    -0.12339534E+004     0.54151578E-001     0.16213602E+000
    -0.62616990E+000    -0.64201277E-001     0.75090862E-001    -0.30668534E+004    -0.12463142E+004     0.54804851E-001     0.16432348E+000
    -0.62540998E+000    -0.64144206E-001     0.77432218E-001    -0.30761082E+004    -0.12588346E+004     0.55440517E-001     0.16660329E+000
    -0.62465007E+000    -0.64177940E-001     0.79823120E-001    -0.30853816E+004    -0.12715168E+004     0.56054783E-001     0.16897753E+000
    -0.62389015E+000    -0.64306185E-001     0.82261222E-001    -0.30946724E+004    -0.12843632E+004     0.56643664E-001     0.17144821E+000
    -0.62313024E+000    -0.64532676E-001     0.84743957E-001    -0.31039795E+004    -0.12973759E+004     0.57202979E-001     0.17401722E+000
    -0.62237032E+000    -0.64861171E-001     0.87268534E-001    -0.31133015E+004    -0.13105574E+004     0.57728352E-001     0.17668634E+000
    -0.62161041E+000    -0.65295447E-001     0.89831922E-001    -0.31226373E+004    -0.13239099E+004     0.58215209E-001     0.17945722E+000
    -0.62085049E+000    -0.65839295E-001     0.92430834E-001    -0.31319855E+004    -0.13374359E+004     0.58658778E-001     0.18233137E+000
    -0.62009058E+000    -0.66496498E-001     0.95061705E-001    -0.31413448E+004    -0.13511378E+004     0.59054094E-001     0.18531013E+000
    -0.61933066E+000    -0.67270813E-001     0.97720684E-001    -0.31507139E+004    -0.13650180E+004     0.59395994E-001     0.18839468E+000
    -0.61857075E+000    -0.68165960E-001     0.10040364E+000    -0.31600913E+004    -0.13790790E+004     0.59679125E-001     0.19158601E+000
    -0.61781083E+000    -0.69185622E-001     0.10310613E+000    -0.31694755E+004    -0.13933233E+004     0.59897945E-001     0.19488491E+000
    -0.61705092E+000    -0.70333407E-001     0.10582338E+000    -0.31788650E+004    -0.14077533E+004     0.60046729E-001     0.19829195E+000
    -0.61629100E+000    -0.71612829E-001     0.10855030E+000    -0.31882583E+004    -0.14223716E+004     0.60119573E-001     0.20180746E+000
    -0.61553109E+000    -0.73027304E-001     0.11128145E+000    -0.31976538E+004    -0.14371809E+004     0.60110403E-001     0.20543153E+000
    -0.61477117E+000    -0.74580117E-001     0.11401103E+000    -0.32070498E+004    -0.14521838E+004     0.60012982E-001     0.20916399E+000
    -0.61401126E+000    -0.76274380E-001     0.11673287E+000    -0.32164446E+004    -0.14673828E+004     0.59820920E-001     0.21300437E+000
    -0.61325134E+000    -0.78113010E-001     0.11944043E+000    -0.32258366E+004    -0.14827808E+004     0.59527683E-001     0.21695192E+000
    -0.61249143E+000    -0.80098722E-001     0.12212682E+000    -0.32352238E+004    -0.14983804E+004     0.59126608E-001     0.22100558E+000
    -0.61173151E+000    -0.82233993E-001     0.12478473E+000    -0.32446044E+004    -0.15141844E+004     0.58610913E-001     0.22516395E+000
    -0.61097160E+000    -0.84521019E-001     0.12740649E+000    -0.32539766E+004    -0.15301957E+004     0.57973715E-001     0.22942530E+000
    -0.61021168E+000    -0.86961669E-001     0.12998398E+000    -0.32633383E+004    -0.15464172E+004     0.57208043E-001     0.23378753E+000
    -0.60945177E+000    -0.89557457E-001     0.13250873E+000    -0.32726875E+004    -0.15628516E+004     0.56306857E-001     0.23824820E+000
    -0.60869185E+000    -0.92309494E-001     0.13497186E+000    -0.32820222E+004    -0.15795021E+004     0.55263066E-001     0.24280445E+000
    -0.60793194E+000    -0.95218452E-001     0.13736410E+000    -0.32913402E+004    -0.15963716E+004     0.54069548E-001     0.24745306E+000
    -0.60717202E+000    -0.98284525E-001     0.13967583E+000    -0.33006391E+004    -0.16134632E+004     0.52719171E-001     0.25219040E+000
    -0.60641211E+000    -0.10150737E+000     0.14189701E+000    -0.33099169E+004    -0.16307800E+004     0.51204817E-001     0.25701242E+000
    -0.60565219E+000    -0.10488605E+000     0.14401729E+000    -0.33191709E+004    -0.16483252E+004     0.49519400E-001     0.26191465E+000
    -0.60489228E+000    -0.10841901E+000     0.14602597E+000    -0.33283989E+004    -0.16661020E+004     0.47655897E-001     0.26689220E+000
    -0.60413236E+000    -0.11210401E+000     0.14791209E+000    -0.33375981E+004    -0.16841138E+004     0.45607368E-001     0.27193976E+000
    -0.60337245E+000    -0.11593806E+000     0.14966437E+000    -0.33467661E+004    -0.17023639E+004     0.43366985E-001     0.27705157E+000
    -0.60261253E+000    -0.11991742E+000     0.15127131E+000    -0.33558999E+004    -0.17208557E+004     0.40928056E-001     0.28222145E+000
    -0.60185262E+000    -0.12403745E+000     0.15272122E+000    -0.33649969E+004    -0.17395928E+004     0.38284053E-001     0.28744277E+000
    -0.60109270E+000    -0.12829266E+000     0.15400226E+000    -0.33740540E+004    -0.17585787E+004     0.35428639E-001     0.29270848E+000
    -0.60033279E+000    -0.13267662E+000     0.15510255E+000    -0.33830681E+004    -0.17778170E+004     0.32355695E-001     0.29801111E+000
    -0.59957287E+000    -0.13718191E+000     0.15601013E+000    -0.33920361E+004    -0.17973115E+004     0.29059349E-001     0.30334275E+000
    -0.59881296E+000    -0.14180006E+000     0.15671308E+000    -0.34009547E+004    -0.18170660E+004     0.25533998E-001     0.30869512E+000
    -0.59805304E+000    -0.14652152E+000     0.15719964E+000    -0.34098203E+004    -0.18370842E+004     0.21774339E-001     0.31405950E+000
    -0.59729313E+000    -0.15133562E+000     0.15745823E+000    -0.34186294E+004    -0.18573702E+004     0.17775392E-001     0.31942679E+000
    -0.59653321E+000    -0.15623057E+000     0.15747759E+000    -0.34273781E+004    -0.18779280E+004     0.13532526E-001     0.32478755E+000
    -0.59577330E+000    -0.16119337E+000     0.15724684E+000    -0.34360627E+004    -0.18987616E+004     0.90414812E-002     0.33013195E+000
    -0.59501338E+000    -0.16620985E+000     0.15675558E+000    -0.34446789E+004    -0.19198752E+004     0.42983895E-002     0.33544984E+000
    -0.59425347E+000    -0.17126459E+000     0.15599405E+000    -0.34532226E+004    -0.19412731E+004    -0.70020233E-003     0.34073076E+000
    -0.59349355E+000    -0.17634098E+000     0.15495322E+000    -0.34616891E+004    -0.19629597E+004    -0.59573161E-002     0.34596394E+000
    -0.59273364E+000    -0.18142124E+000     0.15362490E+000    -0.34700738E+004    -0.19849392E+004    -0.11475525E-001     0.35113835E+000
    -0.59197373E+000    -0.18648636E+000     0.15200188E+000    -0.34783718E+004    -0.20072163E+004    -0.17256941E-001     0.35624271E+000
    -0.59121381E+000    -0.19151618E+000     0.15007805E+000    -0.34865780E+004    -0.20297954E+004    -0.23303198E-001     0.36126551E+000
    -0.59045390E+000    -0.19648943E+000     0.14784856E+000    -0.34946868E+004    -0.20526812E+004    -0.29615450E-001     0.36619505E+000
    -0.58969398E+000    -0.20138379E+000     0.14530993E+000    -0.35026926E+004    -0.20758785E+004    -0.36194356E-001     0.37101945E+000
    -0.58893407E+000    -0.20617594E+000     0.14246019E+000    -0.35105895E+004    -0.20993919E+004    -0.43040078E-001     0.37572668E+000
    -0.58817415E+000    -0.21084166E+000     0.13929903E+000    -0.35183711E+004    -0.21232263E+004    -0.50152279E-001     0.38030458E+000
    -0.58741424E+000    -0.21535594E+000     0.13582791E+000    -0.35260308E+004    -0.21473867E+004    -0.57530120E-001     0.38474090E+000
    -0.58665432E+000    -0.21969304E+000     0.13205018E+000    -0.35335617E+004    -0.21718778E+004    -0.65172264E-001     0.38902327E+000
    -0.58589441E+000    -0.22382669E+000     0.12797125E+000    -0.35409564E+004    -0.21967047E+004    -0.73076874E-001     0.39313928E+000
    -0.58513449E+000    -0.22773020E+000     0.12359866E+000    -0.35482073E+004    -0.22218723E+004    -0.81241622E-001     0.39707649E+000
    -0.58437458E+000    -0.23137661E+000     0.11894223E+000    -0.35553061E+004    -0.22473855E+004    -0.89663692E-001     0.40082238E+000
    -0.58361466E+000    -0.23473891E+000     0.11401409E+000    -0.35622443E+004    -0.22732494E+004    -0.98339783E-001     0.40436445E+000
    -0.58285475E+000    -0.23779018E+000     0.10882879E+000    -0.35690129E+004    -0.22994687E+004    -0.10726612E+000     0.40769015E+000
    -0.58209483E+000    -0.24050382E+000     0.10340341E+000    -0.35756023E+004    -0.23260484E+004    -0.11643845E+000     0.41078697E+000
    -0.58133492E+000    -0.24285374E+000     0.97757556E-001    -0.35820026E+004    -0.23529931E+004    -0.12585206E+000     0.41364236E+000
    -0.58057500E+000    -0.24481461E+000     0.91913408E-001    -0.35882030E+004    -0.23803074E+004    -0.13550177E+000     0.41624379E+000
    -0.57981509E+000    -0.24636208E+000     0.85895750E-001    -0.35941926E+004    -0.24079958E+004    -0.14538192E+000     0.41857871E+000
    -0.57905517E+000    -0.24747301E+000     0.79731953E-001    -0.35999597E+004    -0.24360626E+004    -0.15548639E+000     0.42063460E+000
    -0.57829526E+000    -0.24812573E+000     0.73451951E-001    -0.36054920E+004    -0.24645116E+004    -0.16580860E+000     0.42239889E+000
    -0.57753534E+000    -0.24830026E+000     0.67088211E-001    -0.36107767E+004    -0.24933466E+004    -0.17634144E+000     0.42385903E+000
    -0.57677543E+000    -0.24797859E+000     0.60675668E-001    -0.36158002E+004    -0.25225710E+004    -0.18707734E+000     0.42500243E+000
    -0.57601551E+000    -0.24714494E+000     0.54251624E-001    -0.36205485E+004    -0.25521876E+004    -0.19800820E+000     0.42581647E+000
    -0.57525560E+000    -0.24578602E+000     0.47855626E-001    -0.36250070E+004    -0.25821991E+004    -0.20912535E+000     0.42628852E+000
    -0.57449568E+000    -0.24389121E+000     0.41529342E-001    -0.36291601E+004    -0.26126074E+004    -0.22041956E+000     0.42640588E+000
    -0.57373577E+000    -0.24145288E+000     0.35316396E-001    -0.36329921E+004    -0.26434139E+004    -0.23188098E+000     0.42615584E+000
    -0.57297585E+000    -0.23846657E+000     0.29262198E-001    -0.36364864E+004    -0.26746194E+004    -0.24349910E+000     0.42552567E+000
    -0.57221594E+000    -0.23493126E+000     0.23413733E-001    -0.36396259E+004    -0.27062239E+004    -0.25526272E+000     0.42450258E+000
    -0.57145602E+000    -0.23084955E+000     0.17819335E-001    -0.36423928E+004    -0.27382269E+004    -0.26715985E+000     0.42307382E+000
    -0.57069611E+000    -0.22622787E+000     0.12528442E-001    -0.36447690E+004    -0.27706267E+004    -0.27917774E+000     0.42122663E+000
    -0.56993619E+000    -0.22107669E+000     0.75913303E-002    -0.36467358E+004    -0.28034210E+004    -0.29130272E+000     0.41894834E+000
    -0.56917628E+000    -0.21541070E+000     0.30588219E-002    -0.36482742E+004    -0.28366063E+004    -0.30352022E+000     0.41622635E+000
    -0.56841636E+000    -0.20924893E+000    -0.10180221E-002    -0.36493645E+004    -0.28701783E+004    -0.31581468E+000     0.41304823E+000
    -0.56765645E+000    -0.20261492E+000    -0.45882288E-002    -0.36499869E+004    -0.29041314E+004    -0.32816948E+000     0.40940178E+000
    -0.56689653E+000    -0.19553686E+000    -0.76012645E-002    -0.36501214E+004    -0.29384590E+004    -0.34056691E+000     0.40527508E+000
    -0.56613662E+000    -0.18804765E+000    -0.10007399E-001    -0.36497476E+004    -0.29731534E+004    -0.35298809E+000     0.40065662E+000
    -0.56537670E+000    -0.18018504E+000    -0.11758086E-001    -0.36488451E+004    -0.30082053E+004    -0.36541298E+000     0.39553538E+000
    -0.56461679E+000    -0.17199163E+000    -0.12806385E-001    -0.36473936E+004    -0.30436046E+004    -0.37782026E+000     0.38990095E+000
    -0.56385687E+000    -0.16351495E+000    -0.13107374E-001    -0.36453725E+004    -0.30793395E+004    -0.39018741E+000     0.38374363E+000
    -0.56309696E+000    -0.15480742E+000    -0.12618594E-001    -0.36427617E+004    -0.31153971E+004    -0.40249062E+000     0.37705463E+000
    -0.56233704E+000    -0.14592638E+000    -0.11300504E-001    -0.36395411E+004    -0.31517629E+004    -0.41470485E+000     0.36982613E+000
    -0.56157713E+000    -0.13693397E+000    -0.91169637E-002    -0.36356912E+004    -0.31884213E+004    -0.42680381E+000     0.36205148E+000
    -0.56081721E+000    -0.12789710E+000    -0.60357386E-002    -0.36311927E+004    -0.32253552E+004    -0.43876005E+000     0.35372533E+000
    -0.56005730E+000    -0.11888728E+000    -0.20290158E-002    -0.36260268E+004    -0.32625459E+004    -0.45054499E+000     0.34484378E+000
    -0.55929738E+000    -0.10998043E+000     0.29260590E-002    -0.36201757E+004    -0.32999736E+004    -0.46212902E+000     0.33540453E+000
    -0.55853747E+000    -0.10125667E+000     0.88468400E-002    -0.36136221E+004    -0.33376169E+004    -0.47348159E+000     0.32540702E+000
    -0.55777755E+000    -0.92800005E-001     0.15744633E-001    -0.36063495E+004    -0.33754532E+004    -0.48457133E+000     0.31485256E+000
    -0.55701764E+000    -0.84697969E-001     0.23624133E-001    -0.35983427E+004    -0.34134585E+004    -0.49536620E+000     0.30374444E+000
    -0.55625772E+000    -0.77041235E-001     0.32482861E-001    -0.35895874E+004    -0.34516074E+004    -0.50583364E+000     0.29208806E+000
    -0.55549781E+000    -0.69923097E-001     0.42310625E-001    -0.35800706E+004    -0.34898733E+004    -0.51594072E+000     0.27989099E+000
    -0.55473789E+000    -0.63438925E-001     0.53088973E-001    -0.35697806E+004    -0.35282285E+004    -0.52565436E+000     0.26716306E+000
    -0.55397798E+000    -0.57685503E-001     0.64790677E-001    -0.35587073E+004    -0.35666440E+004    -0.53494146E+000     0.25391640E+000
    -0.55321806E+000    -0.52760285E-001     0.77379259E-001    -0.35468422E+004    -0.36050897E+004    -0.54376915E+000     0.24016546E+000
    -0.55245815E+000    -0.48760591E-001     0.90808586E-001    -0.35341786E+004    -0.36435346E+004    -0.55210493E+000     0.22592705E+000
    -0.55169823E+000    -0.45782710E-001     0.10502250E+000    -0.35207116E+004    -0.36819470E+004    -0.55991688E+000     0.21122027E+000
    -0.55093832E+000    -0.43920937E-001     0.11995451E+000    -0.35064383E+004    -0.37202942E+004    -0.56717386E+000     0.19606656E+000
    -0.55017840E+000    -0.43266512E-001     0.13552761E+000    -0.34913581E+004    -0.37585432E+004    -0.57384567E+000     0.18048956E+000
    -0.54941849E+000    -0.43906501E-001     0.15165416E+000    -0.34754726E+004    -0.37966603E+004    -0.57990320E+000     0.16451513E+000
    -0.54865857E+000    -0.45922615E-001     0.16823588E+000    -0.34587856E+004    -0.38346118E+004    -0.58531863E+000     0.14817124E+000
    -0.54789866E+000    -0.49389990E-001     0.18516402E+000    -0.34413036E+004    -0.38723641E+004    -0.59006553E+000     0.13148787E+000
    -0.54713874E+000    -0.54375925E-001     0.20231959E+000    -0.34230355E+004    -0.39098838E+004    -0.59411906E+000     0.11449697E+000
    -0.54637883E+000    -0.60938582E-001     0.21957377E+000    -0.34039925E+004    -0.39471380E+004    -0.59745601E+000     0.97232353E-001
    -0.54561891E+000    -0.69125700E-001     0.23678851E+000    -0.33841887E+004    -0.39840948E+004    -0.60005499E+000     0.79729572E-001
    -0.54485900E+000    -0.78973317E-001     0.25381723E+000    -0.33636404E+004    -0.40207232E+004    -0.60189651E+000     0.62025875E-001
    -0.54409908E+000    -0.90504521E-001     0.27050574E+000    -0.33423664E+004    -0.40569939E+004    -0.60296313E+000     0.44160089E-001
    -0.54333917E+000    -0.10372826E+000     0.28669326E+000    -0.33203874E+004    -0.40928791E+004    -0.60323954E+000     0.26172536E-001
    -0.54257926E+000    -0.11863824E+000     0.30221366E+000    -0.32977267E+004    -0.41283534E+004    -0.60271267E+000     0.81049395E-002
    -0.54181934E+000    -0.13521188E+000     0.31689684E+000    -0.32744087E+004    -0.41633932E+004    -0.60137186E+000    -0.99996724E-002
    -0.54105943E+000    -0.15340941E+000     0.33057027E+000    -0.32504598E+004    -0.41979778E+004    -0.59920897E+000    -0.28097075E-001
    -0.54029951E+000    -0.17317312E+000     0.34306063E+000    -0.32259071E+004    -0.42320892E+004    -0.59621852E+000    -0.46141964E-001
    -0.53953960E+000    -0.19442673E+000     0.35419563E+000    -0.32007786E+004    -0.42657121E+004    -0.59239786E+000    -0.64088098E-001
    -0.53877968E+000    -0.21707493E+000     0.36380598E+000    -0.31751025E+004    -0.42988343E+004    -0.58774731E+000    -0.81888456E-001
    -0.53801977E+000    -0.24100319E+000     0.37172733E+000    -0.31489068E+004    -0.43314463E+004    -0.58227034E+000    -0.99495432E-001
    -0.53725985E+000    -0.26607766E+000     0.37780239E+000    -0.31222188E+004    -0.43635416E+004    -0.57597370E+000    -0.11686106E+000
    -0.53649994E+000    -0.29214536E+000     0.38188313E+000    -0.30950647E+004    -0.43951163E+004    -0.56886762E+000    -0.13393729E+000
    -0.53574002E+000    -0.31903457E+000     0.38383290E+000    -0.30674691E+004    -0.44261687E+004    -0.56096590E+000    -0.15067628E+000
    -0.53498011E+000    -0.34655544E+000     0.38352867E+000    -0.30394549E+004    -0.44566995E+004    -0.55228600E+000    -0.16703075E+000
    -0.53422019E+000    -0.37450082E+000     0.38086322E+000    -0.30110422E+004    -0.44867104E+004    -0.54284916E+000    -0.18295438E+000
    -0.53346028E+000    -0.40264733E+000     0.37574731E+000    -0.29822491E+004    -0.45162044E+004    -0.53268033E+000    -0.19840222E+000
    -0.53270036E+000    -0.43075666E+000     0.36811187E+000    -0.29530907E+004    -0.45451852E+004    -0.52180817E+000    -0.21333115E+000
    -0.53194045E+000    -0.45857710E+000     0.35791002E+000    -0.29235794E+004    -0.45736557E+004    -0.51026490E+000    -0.22770036E+000
    -0.53118053E+000    -0.48584534E+000     0.34511916E+000    -0.28937251E+004    -0.46016186E+004    -0.49808610E+000    -0.24147178E+000
    -0.53042062E+000    -0.51228843E+000     0.32974283E+000    -0.28635350E+004    -0.46290745E+004    -0.48531039E+000    -0.25461061E+000
    -0.52966070E+000    -0.53762606E+000     0.31181265E+000    -0.28330143E+004    -0.46560222E+004    -0.47197906E+000    -0.26708567E+000
    -0.52890079E+000    -0.56157306E+000     0.29138995E+000    -0.28021667E+004    -0.46824576E+004    -0.45813559E+000    -0.27886982E+000
    -0.52814087E+000    -0.58384223E+000     0.26856744E+000    -0.27709947E+004    -0.47083733E+004    -0.44382512E+000    -0.28994026E+000
    -0.52738096E+000    -0.60414737E+000     0.24347056E+000    -0.27395006E+004    -0.47337583E+004    -0.42909376E+000    -0.30027875E+000
    -0.52662104E+000    -0.62220670E+000     0.21625873E+000    -0.27076875E+004    -0.47585972E+004    -0.41398799E+000    -0.30987169E+000
    -0.52586113E+000    -0.63774660E+000     0.18712626E+000    -0.26755597E+004    -0.47828709E+004    -0.39855390E+000    -0.31871015E+000
    -0.52510121E+000    -0.65050555E+000     0.15630297E+000    -0.26431243E+004    -0.48065557E+004    -0.38283650E+000    -0.32678968E+000
    -0.52434130E+000    -0.66023854E+000     0.12405442E+000    -0.26103918E+004    -0.48296240E+004    -0.36687897E+000    -0.33411006E+000
    -0.52358138E+000    -0.66672167E+000     0.90681666E-001    -0.25773775E+004    -0.48520446E+004    -0.35072205E+000    -0.34067490E+000
    -0.52282147E+000    -0.66975702E+000     0.56520455E-001    -0.25441026E+004    -0.48737832E+004    -0.33440341E+000    -0.34649103E+000
    -0.52206155E+000    -0.66917782E+000     0.21939817E-001    -0.25105946E+004    -0.48948034E+004    -0.31795718E+000    -0.35156791E+000
    -0.52130164E+000    -0.66485360E+000    -0.12660099E-001    -0.24768891E+004    -0.49150672E+004    -0.30141357E+000    -0.35591681E+000
    -0.52054172E+000    -0.65669553E+000    -0.46850954E-001    -0.24430299E+004    -0.49345368E+004    -0.28479862E+000    -0.35954998E+000
    -0.51978181E+000    -0.64466153E+000    -0.80180023E-001    -0.24090697E+004    -0.49531758E+004    -0.26813418E+000    -0.36247976E+000
    -0.51902189E+000    -0.62876129E+000    -0.11217490E+000    -0.23750708E+004    -0.49709503E+004    -0.25143794E+000    -0.36471764E+000
    -0.51826198E+000    -0.60906080E+000    -0.14234910E+000    -0.23411053E+004    -0.49878313E+004    -0.23472380E+000    -0.36627334E+000
    -0.51750206E+000    -0.58568636E+000    -0.17020861E+000    -0.23072545E+004    -0.50037960E+004    -0.21800227E+000    -0.36715396E+000
    -0.51674215E+000    -0.55882792E+000    -0.19525928E+000    -0.22736091E+004    -0.50188298E+004    -0.20128112E+000    -0.36736311E+000
    -0.51598223E+000    -0.52874139E+000    -0.21701504E+000    -0.22402683E+004    -0.50329281E+004    -0.18456622E+000    -0.36690027E+000
    -0.51522232E+000    -0.49574997E+000    -0.23500674E+000    -0.22073386E+004    -0.50460980E+004    -0.16786245E+000    -0.36576021E+000
    -0.51446240E+000    -0.46024416E+000    -0.24879159E+000    -0.21749329E+004    -0.50583606E+004    -0.15117484E+000    -0.36393258E+000
    -0.51370249E+000    -0.42268048E+000    -0.25796285E+000    -0.21431684E+004    -0.50697518E+004    -0.13450968E+000    -0.36140168E+000
    -0.51294257E+000    -0.38357865E+000    -0.26215966E+000    -0.21121647E+004    -0.50803241E+004    -0.11787585E+000    -0.35814651E+000
    -0.51218266E+000    -0.34351735E+000    -0.26107672E+000    -0.20820421E+004    -0.50901477E+004    -0.10128609E+000    -0.35414094E+000
    -0.51142274E+000    -0.30312841E+000    -0.25447360E+000    -0.20529184E+004    -0.50993113E+004    -0.84758269E-001    -0.34935418E+000
    -0.51066283E+000    -0.26308963E+000    -0.24218339E+000    -0.20249066E+004    -0.51079223E+004    -0.68316716E-001    -0.34375148E+000
    -0.50990291E+000    -0.22411617E+000    -0.22412056E+000    -0.19981124E+004    -0.51161070E+004    -0.51993390E-001    -0.33729505E+000
    -0.50914300E+000    -0.18695083E+000    -0.20028772E+000    -0.19726307E+004    -0.51240103E+004    -0.35829011E-001    -0.32994519E+000
    -0.50838308E+000    -0.15235320E+000    -0.17078117E+000    -0.19485435E+004    -0.51317946E+004    -0.19874033E-001    -0.32166178E+000
    -0.50762317E+000    -0.12108801E+000    -0.13579525E+000    -0.19259169E+004    -0.51396387E+004    -0.41894650E-002    -0.31240584E+000
    -0.50686325E+000    -0.93912661E-001    -0.95625164E-001    -0.19047984E+004    -0.51477362E+004     0.11152531E-001    -0.30214142E+000
    -0.50610334E+000    -0.71564290E-001    -0.50668521E-001    -0.18852150E+004    -0.51562936E+004     0.26068288E-001    -0.29083769E+000
    -0.50534342E+000    -0.54746239E-001    -0.14253120E-002    -0.18671708E+004    -0.51655275E+004     0.40462606E-001    -0.27847124E+000
    -0.50458351E+000    -0.44114164E-001     0.51503607E-001    -0.18506456E+004    -0.51756624E+004     0.54229087E-001    -0.26502853E+000
    -0.50382359E+000    -0.40261770E-001     0.10741968E+000    -0.18355935E+004    -0.51869278E+004     0.67250929E-001    -0.25050848E+000
    -0.50306368E+000    -0.43706266E-001     0.16553161E+000    -0.18219419E+004    -0.51995550E+004     0.79402225E-001    -0.23492518E+000
    -0.50230376E+000    -0.54873614E-001     0.22496232E+000    -0.18095915E+004    -0.52137747E+004     0.90549856E-001    -0.21831049E+000
    -0.50154385E+000    -0.74083761E-001     0.28475820E+000    -0.17984153E+004    -0.52298135E+004     0.10055603E+000    -0.20071659E+000
    -0.50078393E+000    -0.10153615E+000     0.34390103E+000    -0.17882595E+004    -0.52478911E+004     0.10928149E+000    -0.18221817E+000
    -0.50002402E+000    -0.13729596E+000     0.40132281E+000    -0.17789439E+004    -0.52682181E+004     0.11658940E+000    -0.16291422E+000
    -0.49926410E+000    -0.18128173E+000     0.45592379E+000    -0.17702622E+004    -0.52909925E+004     0.12234989E+000    -0.14292909E+000
    -0.49850419E+000    -0.23325517E+000     0.50659384E+000    -0.17619832E+004    -0.53163981E+004     0.12644511E+000    -0.12241273E+000
    -0.49774427E+000    -0.29281411E+000     0.55223704E+000    -0.17538521E+004    -0.53446018E+004     0.12877470E+000    -0.10153994E+000
    -0.49698436E+000    -0.35938965E+000     0.59179898E+000    -0.17455907E+004    -0.53757515E+004     0.12926137E+000    -0.80508277E-001
    -0.49622444E+000    -0.43224845E+000     0.62429620E+000    -0.17368995E+004    -0.54099743E+004     0.12785640E+000    -0.59534756E-001
    -0.49546453E+000    -0.51050109E+000     0.64884655E+000    -0.17274580E+004    -0.54473743E+004     0.12454473E+000    -0.38851086E-001
    -0.49470461E+000    -0.59311720E+000     0.66469897E+000    -0.17169261E+004    -0.54880307E+004     0.11934909E+000    -0.18697596E-001
    -0.49394470E+000    -0.67894741E+000     0.67126113E+000    -0.17049453E+004    -0.55319959E+004     0.11233312E+000     0.68407111E-003
    -0.49318479E+000    -0.76675194E+000     0.66812288E+000    -0.16911396E+004    -0.55792933E+004     0.10360283E+000     0.19059218E-001
    -0.49242487E+000    -0.85523496E+000     0.65507378E+000    -0.16751164E+004    -0.56299149E+004     0.93306248E-001     0.36208989E-001
    -0.49166496E+000    -0.94308332E+000     0.63211294E+000    -0.16564677E+004    -0.56838190E+004     0.81631019E-001     0.51939429E-001
    -0.49090504E+000    -0.10290076E+001     0.59945004E+000    -0.16347716E+004    -0.57409269E+004     0.68799824E-001     0.66090213E-001
    -0.49014513E+000    -0.11117832E+001     0.55749662E+000    -0.16095935E+004    -0.58011199E+004     0.55063701E-001     0.78542487E-001
    -0.48938521E+000    -0.11902890E+001     0.50684782E+000    -0.15804883E+004    -0.58642354E+004     0.40693430E-001     0.89225272E-001
    -0.48862530E+000    -0.12635405E+001     0.44825518E+000    -0.15470022E+004    -0.59300624E+004     0.25969319E-001     0.98119953E-001
    -0.48786538E+000    -0.13307155E+001     0.38259205E+000    -0.15086769E+004    -0.59983368E+004     0.11169869E-001     0.10526244E+000
    -0.48710547E+000    -0.13911708E+001     0.31081384E+000    -0.14650534E+004    -0.60687359E+004    -0.34401452E-002     0.11074276E+000
    -0.48634555E+000    -0.14444468E+001     0.23391603E+000    -0.14156782E+004    -0.61408726E+004    -0.17621553E-001     0.11470183E+000
    -0.48558564E+000    -0.14902623E+001     0.15289313E+000    -0.13601110E+004    -0.62142899E+004    -0.31172025E-001     0.11732565E+000
    -0.48482572E+000    -0.15284978E+001     0.68701749E-001    -0.12979350E+004    -0.62884556E+004    -0.43936057E-001     0.11883679E+000
    -0.48406581E+000    -0.15591702E+001    -0.17768940E-001    -0.12287690E+004    -0.63627580E+004    -0.55813117E-001     0.11948353E+000
    -0.48330589E+000    -0.15824018E+001    -0.10571696E+000    -0.11522825E+004    -0.64365040E+004    -0.66763436E-001     0.11952704E+000
    -0.48254598E+000    -0.15983854E+001    -0.19443598E+000    -0.10682130E+004    -0.65089194E+004    -0.76810886E-001     0.11922694E+000
    -0.48178606E+000    -0.16073523E+001    -0.28331204E+000    -0.97638485E+003    -0.65791537E+004    -0.86042479E-001     0.11882583E+000
    -0.48102615E+000    -0.16095437E+001    -0.37180962E+000    -0.87672943E+003    -0.66462890E+004    -0.94604022E-001     0.11853366E+000
    -0.48026623E+000    -0.16051928E+001    -0.45944960E+000    -0.76930458E+003    -0.67093552E+004    -0.10269167E+000     0.11851279E+000
    -0.47950632E+000    -0.15945169E+001    -0.54578277E+000    -0.65431225E+003    -0.67673503E+004    -0.11053932E+000     0.11886499E+000
    -0.47874640E+000    -0.15777230E+001    -0.63036373E+000    -0.53211214E+003    -0.68192668E+004    -0.11840233E+000     0.11962168E+000
    -0.47798649E+000    -0.15550256E+001    -0.71273020E+000    -0.40322953E+003    -0.68641233E+004    -0.12653823E+000     0.12073861E+000
    -0.47722657E+000    -0.15266726E+001    -0.79239268E+000    -0.26835538E+003    -0.69009988E+004    -0.13518598E+000     0.12209602E+000
    -0.47646666E+000    -0.14929776E+001    -0.86883801E+000    -0.12833742E+003    -0.69290688E+004    -0.14454535E+000     0.12350475E+000
    -0.47570674E+000    -0.14543493E+001    -0.94154872E+000     0.15838448E+002    -0.69476396E+004    -0.15475830E+000     0.12471808E+000
    -0.47494683E+000    -0.14113140E+001    -0.10100374E+001     0.16307602E+003    -0.69561774E+004    -0.16589410E+000     0.12544870E+000
    -0.47418691E+000    -0.13645230E+001    -0.10738928E+001     0.31220458E+003    -0.69543307E+004    -0.17793951E+000     0.12538943E+000
    -0.47342700E+000    -0.13147406E+001    -0.11328306E+001     0.46201992E+003    -0.69419416E+004    -0.19079500E+000     0.12423603E+000
    -0.47266708E+000    -0.12628110E+001    -0.11867428E+001     0.61132743E+003    -0.69190459E+004    -0.20427709E+000     0.12171052E+000
    -0.47190717E+000    -0.12096043E+001    -0.12357342E+001     0.75898316E+003    -0.68858614E+004    -0.21812701E+000     0.11758325E+000
    -0.47114725E+000    -0.11559469E+001    -0.12801405E+001     0.90392910E+003    -0.68427649E+004    -0.23202488E+000     0.11169230E+000
    -0.47038734E+000    -0.11025441E+001    -0.13205195E+001     0.10452195E+004    -0.67902619E+004    -0.24560901E+000     0.10395888E+000
    -0.46962742E+000    -0.10499043E+001    -0.13576146E+001     0.11820363E+004    -0.67289504E+004    -0.25849904E+000     0.94397325E-001
    -0.46886751E+000    -0.99827677E+000    -0.13922901E+001     0.13136926E+004    -0.66594857E+004    -0.27032200E+000     0.83118674E-001
    -0.46810759E+000    -0.94761296E+000    -0.14254449E+001     0.14396253E+004    -0.65825474E+004    -0.28073922E+000     0.70326706E-001
    -0.46734768E+000    -0.89755775E+000    -0.14579135E+001     0.15593804E+004    -0.64988132E+004    -0.28947204E+000     0.56305862E-001
    -0.46658776E+000    -0.84747613E+000    -0.14903659E+001     0.16725912E+004    -0.64089426E+004    -0.29632351E+000     0.41401227E-001
    -0.46582785E+000    -0.79651323E+000    -0.15232190E+001     0.17789570E+004    -0.63135679E+004    -0.30119325E+000     0.25991766E-001
    -0.46506793E+000    -0.74368246E+000    -0.15565717E+001     0.18782221E+004    -0.62132961E+004    -0.30408301E+000     0.10459258E-001
    -0.46430802E+000    -0.68797198E+000    -0.15901719E+001     0.19701604E+004    -0.61087162E+004    -0.30509125E+000    -0.48434963E-002
    -0.46354810E+000    -0.62845705E+000    -0.16234201E+001     0.20545662E+004    -0.60004106E+004    -0.30439702E+000    -0.19620996E-001
    -0.46278819E+000    -0.56440514E+000    -0.16554095E+001     0.21312518E+004    -0.58889689E+004    -0.30223470E+000    -0.33655817E-001
    -0.46202827E+000    -0.49536179E+000    -0.16849976E+001     0.22000517E+004    -0.57749991E+004    -0.29886340E+000    -0.46818853E-001
    -0.46126836E+000    -0.42120830E+000    -0.17108987E+001     0.22608312E+004    -0.56591357E+004    -0.29453547E+000    -0.59067821E-001
    -0.46050844E+000    -0.34218649E+000    -0.17317886E+001     0.23134990E+004    -0.55420428E+004    -0.28946859E+000    -0.70434907E-001
    -0.45974853E+000    -0.25889050E+000    -0.17464066E+001     0.23580191E+004    -0.54244125E+004    -0.28382517E+000    -0.81006220E-001
    -0.45898861E+000    -0.17222963E+000    -0.17536467E+001     0.23944223E+004    -0.53069581E+004    -0.27770069E+000    -0.90896671E-001
    -0.45822870E+000    -0.83369421E-001    -0.17526291E+001     0.24228154E+004    -0.51904043E+004    -0.27112149E+000    -0.10022392E+000
    -0.45746878E+000     0.63400243E-002    -0.17427482E+001     0.24433862E+004    -0.50754760E+004    -0.26405053E+000    -0.10908432E+000
    -0.45670887E+000     0.95439945E-001    -0.17236974E+001     0.24564074E+004    -0.49628854E+004    -0.25639964E+000    -0.11753264E+000
    -0.45594895E+000     0.18243531E+000    -0.16954717E+001     0.24622365E+004    -0.48533201E+004    -0.24804649E+000    -0.12556658E+000
    -0.45518904E+000     0.26585854E+000    -0.16583548E+001     0.24613154E+004    -0.47474309E+004    -0.23885495E+000    -0.13311644E+000
    -0.45442912E+000     0.34432160E+000    -0.16128942E+001     0.24541678E+004    -0.46458197E+004    -0.22869789E+000    -0.14004028E+000
    -0.45366921E+000     0.41655634E+000    -0.15598709E+001     0.24413962E+004    -0.45490280E+004    -0.21748155E+000    -0.14612534E+000
    -0.45290929E+000     0.48144414E+000    -0.15002683E+001     0.24236778E+004    -0.44575238E+004    -0.20517018E+000    -0.15109635E+000
    -0.45214938E+000     0.53803779E+000    -0.14352409E+001     0.24017581E+004    -0.43716883E+004    -0.19180918E+000    -0.15463140E+000
    -0.45138946E+000     0.58557848E+000    -0.13660881E+001     0.23764431E+004    -0.42918018E+004    -0.17754436E+000    -0.15638565E+000
    -0.45062955E+000     0.62351078E+000    -0.12942285E+001     0.23485887E+004    -0.42180281E+004    -0.16263459E+000    -0.15602191E+000
    -0.44986963E+000     0.65149831E+000    -0.12211783E+001     0.23190854E+004    -0.41503987E+004    -0.14745545E+000    -0.15324646E+000
    -0.44910972E+000     0.66944218E+000    -0.11485277E+001     0.22888385E+004    -0.40887968E+004    -0.13249173E+000    -0.14784740E+000
    -0.44834980E+000     0.67750392E+000    -0.10779154E+001     0.22587417E+004    -0.40329425E+004    -0.11831770E+000    -0.13973208E+000
    -0.44758989E+000     0.67613286E+000    -0.10109933E+001     0.22296423E+004    -0.39823829E+004    -0.10556500E+000    -0.12895995E+000
    -0.44682997E+000     0.66609534E+000    -0.94937808E+000     0.22022997E+004    -0.39364889E+004    -0.94878826E-001    -0.11576674E+000
    -0.44607006E+000     0.64849860E+000    -0.89458169E+000     0.21773364E+004    -0.38944643E+004    -0.86864612E-001    -0.10057583E+000
    -0.44531014E+000     0.62479732E+000    -0.84791950E+000     0.21551867E+004    -0.38553715E+004    -0.82028526E-001    -0.83992833E-001
    -0.44455023E+000     0.59676770E+000    -0.81040066E+000     0.21360499E+004    -0.38181752E+004    -0.80717488E-001    -0.66780040E-001
    -0.44379032E+000     0.56643494E+000    -0.78261514E+000     0.21198544E+004    -0.37818069E+004    -0.83066076E-001    -0.49809472E-001
    -0.44303040E+000     0.53594819E+000    -0.76464170E+000     0.21062438E+004    -0.37452427E+004    -0.88958940E-001    -0.33996481E-001
    -0.44227049E+000     0.50741134E+000    -0.75600551E+000     0.20945900E+004    -0.37075889E+004    -0.98016574E-001    -0.20219919E-001
    -0.44151057E+000     0.48269526E+000    -0.75570883E+000     0.20840370E+004    -0.36681606E+004    -0.10960930E+000    -0.92383847E-002
    -0.44075066E+000     0.46326972E+000    -0.76234220E+000     0.20735714E+004    -0.36265435E+004    -0.12289969E+000    -0.16135546E-002
    -0.43999074E+000     0.45009446E+000    -0.77426112E+000     0.20621095E+004    -0.35826261E+004    -0.13690912E+000     0.23495496E-002
    -0.43923083E+000     0.44359607E+000    -0.78979269E+000     0.20485899E+004    -0.35366008E+004    -0.15060111E+000     0.26383842E-002
    -0.43847091E+000     0.44373470E+000    -0.80742769E+000     0.20320559E+004    -0.34889326E+004    -0.16297312E+000    -0.45918148E-003
    -0.43771100E+000     0.45014085E+000    -0.82595917E+000     0.20117185E+004    -0.34403063E+004    -0.17314821E+000    -0.63766921E-002
    -0.43695108E+000     0.46228762E+000    -0.84454558E+000     0.19869940E+004    -0.33915609E+004    -0.18045670E+000    -0.14320701E-001
    -0.43619117E+000     0.47966171E+000    -0.86269727E+000     0.19575159E+004    -0.33436243E+004    -0.18449743E+000    -0.23349038E-001
    -0.43543125E+000     0.50190463E+000    -0.88020037E+000     0.19231279E+004    -0.32974555E+004    -0.18516773E+000    -0.32467715E-001
    -0.43467134E+000     0.52890810E+000    -0.89699862E+000     0.18838621E+004    -0.32540001E+004    -0.18265526E+000    -0.40733014E-001
    -0.43391142E+000     0.56085787E+000    -0.91305277E+000     0.18399115E+004    -0.32141609E+004    -0.17739127E+000    -0.47342025E-001
    -0.43315151E+000     0.59822456E+000    -0.92819303E+000     0.17916024E+004    -0.31787801E+004    -0.16997321E+000    -0.51695846E-001
    -0.43239159E+000     0.64170078E+000    -0.94197912E+000     0.17393694E+004    -0.31486330E+004    -0.16107122E+000    -0.53424885E-001
    -0.43163168E+000     0.69208478E+000    -0.95358484E+000     0.16837351E+004    -0.31244281E+004    -0.15133559E+000    -0.52373124E-001
    -0.43087176E+000     0.75011777E+000    -0.96172847E+000     0.16252973E+004    -0.31068125E+004    -0.14132205E+000    -0.48545236E-001
    -0.43011185E+000     0.81629263E+000    -0.96466908E+000     0.15647214E+004    -0.30963790E+004    -0.13144890E+000    -0.42025894E-001
    -0.42935193E+000     0.89066287E+000    -0.96028038E+000     0.15027414E+004    -0.30936749E+004    -0.12199697E+000    -0.32885407E-001
    -0.42859202E+000     0.97268413E+000    -0.94619901E+000     0.14401673E+004    -0.30992070E+004    -0.11315915E+000    -0.21091110E-001
    -0.42783210E+000     0.10611171E+001    -0.92003071E+000     0.13779006E+004    -0.31134424E+004    -0.10513742E+000    -0.64488922E-002
    -0.42707219E+000     0.11540119E+001    -0.87958831E+000     0.13169536E+004    -0.31367997E+004    -0.98273163E-001     0.11399802E-001
    -0.42631227E+000     0.12487857E+001    -0.82312815E+000     0.12584715E+004    -0.31696305E+004    -0.93181671E-001     0.32906974E-001
    -0.42555236E+000     0.13423918E+001    -0.74954550E+000     0.12037525E+004    -0.32121860E+004    -0.90851692E-001     0.58470049E-001
    -0.42479244E+000     0.14315618E+001    -0.65848528E+000     0.11542608E+004    -0.32645716E+004    -0.92669297E-001     0.88224672E-001
    -0.42403253E+000     0.15130742E+001    -0.55033176E+000     0.11116252E+004    -0.33266882E+004    -0.10033504E+000     0.12181707E+000
    -0.42327261E+000     0.15839801E+001    -0.42606756E+000     0.10776205E+004    -0.33981665E+004    -0.11566336E+000     0.15821043E+000
    -0.42251270E+000     0.16417094E+001    -0.28703674E+000     0.10541252E+004    -0.34782993E+004    -0.14028104E+000     0.19558530E+000
    -0.42175278E+000     0.16840055E+001    -0.13469761E+000     0.10430580E+004    -0.35659804E+004    -0.17527290E+000     0.23138543E+000
    -0.42099287E+000     0.17086989E+001     0.29519114E-001     0.10462914E+004    -0.36596538E+004    -0.22085022E+000     0.26253427E+000
    -0.42023295E+000     0.17134055E+001     0.20414568E+000     0.10655474E+004    -0.37572787E+004    -0.27612959E+000     0.28580524E+000
    -0.41947304E+000     0.16952982E+001     0.38737139E+000     0.11022721E+004    -0.38563145E+004    -0.33909670E+000     0.29828030E+000
    -0.41871312E+000     0.16511084E+001     0.57656135E+000     0.11574894E+004    -0.39537298E+004    -0.40678670E+000     0.29779339E+000
    -0.41795321E+000     0.15774590E+001     0.76776245E+000     0.12316293E+004    -0.40460517E+004    -0.47565039E+000     0.28324794E+000
    -0.41719329E+000     0.14715144E+001     0.95540816E+000     0.13243357E+004    -0.41294770E+004    -0.54201552E+000     0.25472906E+000
    -0.41643338E+000     0.13317991E+001     0.11324008E+001     0.14342769E+004    -0.42000776E+004    -0.60252026E+000     0.21339718E+000
    -0.41567346E+000     0.11589452E+001     0.12906318E+001     0.15590148E+004    -0.42541236E+004    -0.65441321E+000     0.16122629E+000
    -0.41491355E+000     0.95613200E+000     0.14218405E+001     0.16950138E+004    -0.42885044E+004    -0.69567994E+000     0.10069654E+000
    -0.41415363E+000     0.72909094E+000     0.15185920E+001     0.18378647E+004    -0.43011684E+004    -0.72503404E+000     0.34539331E-001
    -0.41339372E+000     0.48571420E+000     0.15751389E+001     0.19827344E+004    -0.42914397E+004    -0.74185201E+000    -0.34426616E-001
    -0.41263380E+000     0.23541703E+000     0.15880392E+001     0.21249461E+004    -0.42600779E+004    -0.74611734E+000    -0.10338838E+000
    -0.41187389E+000    -0.11609185E-001     0.15565372E+001     0.22605122E+004    -0.42090353E+004    -0.73840211E+000    -0.16960334E+000
    -0.41111397E+000    -0.24522751E+000     0.14827530E+001     0.23864474E+004    -0.41410003E+004    -0.71988852E+000    -0.23047653E+000
    -0.41035406E+000    -0.45630108E+000     0.13716253E+001     0.25007935E+004    -0.40589053E+004    -0.69241259E+000    -0.28369397E+000
    -0.40959414E+000    -0.63767501E+000     0.12304457E+001     0.26024228E+004    -0.39655698E+004    -0.65847275E+000    -0.32744708E+000
    -0.40883423E+000    -0.78490354E+000     0.10678959E+001     0.26907658E+004    -0.38635463E+004    -0.62111022E+000    -0.36072696E+000
    -0.40807431E+000    -0.89635209E+000     0.89280025E+000     0.27655939E+004    -0.37551301E+004    -0.58359809E+000    -0.38357916E+000
    -0.40731440E+000    -0.97256386E+000     0.71312761E+000     0.28269110E+004    -0.36424370E+004    -0.54898633E+000    -0.39717486E+000
    -0.40655448E+000    -0.10152964E+001     0.53574421E+000     0.28749363E+004    -0.35274663E+004    -0.51965352E+000    -0.40363034E+000
    -0.40579457E+000    -0.10269565E+001     0.36690076E+000     0.29101266E+004    -0.34121147E+004    -0.49701805E+000    -0.40563668E+000
    -0.40503465E+000    -0.10108830E+001     0.21279952E+000     0.29331923E+004    -0.32981460E+004    -0.48146965E+000    -0.40604028E+000
    -0.40427474E+000    -0.97218931E+000     0.79445569E-001     0.29450896E+004    -0.31871416E+004    -0.47247399E+000    -0.40750249E+000
    -0.40351482E+000    -0.91830220E+000    -0.28465939E-001     0.29469889E+004    -0.30804536E+004    -0.46873900E+000    -0.41228776E+000
    -0.40275491E+000    -0.85844112E+000    -0.10906386E+000     0.29402298E+004    -0.29791671E+004    -0.46834829E+000    -0.42212653E+000
    -0.40199499E+000    -0.80199738E+000    -0.16423491E+000     0.29262686E+004    -0.28840734E+004    -0.46886813E+000    -0.43805012E+000
    -0.40123508E+000    -0.75655113E+000    -0.19929521E+000     0.29066204E+004    -0.27956494E+004    -0.46753584E+000    -0.46016534E+000
    -0.40047516E+000    -0.72652497E+000    -0.22149320E+000     0.28827897E+004    -0.27140490E+004    -0.46161986E+000    -0.48746874E+000
    -0.39971525E+000    -0.71307428E+000    -0.23811676E+000     0.28561930E+004    -0.26391126E+004    -0.44891498E+000    -0.51784959E+000
    -0.39895533E+000    -0.71508611E+000    -0.25513430E+000     0.28280796E+004    -0.25704050E+004    -0.42823295E+000    -0.54835784E+000
    -0.39819542E+000    -0.73057094E+000    -0.27690736E+000     0.27994681E+004    -0.25072844E+004    -0.39973800E+000    -0.57570945E+000
    -0.39743550E+000    -0.75760691E+000    -0.30684464E+000     0.27711167E+004    -0.24489955E+004    -0.36501483E+000    -0.59693170E+000
    -0.39667559E+000    -0.79438673E+000    -0.34833550E+000     0.27435438E+004    -0.23947627E+004    -0.32680876E+000    -0.61000237E+000
    -0.39591567E+000    -0.83855148E+000    -0.40525478E+000     0.27170916E+004    -0.23438456E+004    -0.28845855E+000    -0.61430306E+000
    -0.39515576E+000    -0.88638161E+000    -0.48177661E+000     0.26919938E+004    -0.22955310E+004    -0.25315197E+000    -0.61072397E+000
    -0.39439585E+000    -0.93226076E+000    -0.58171787E+000     0.26683908E+004    -0.22490766E+004    -0.22323407E+000    -0.60135191E+000
    -0.39363593E+000    -0.96843439E+000    -0.70766160E+000     0.26462631E+004    -0.22036684E+004    -0.19982270E+000    -0.58884356E+000
    -0.39287602E+000    -0.98504555E+000    -0.85979871E+000     0.26253206E+004    -0.21584656E+004    -0.18286011E+000    -0.57576183E+000
    -0.39211610E+000    -0.97081861E+000    -0.10344122E+001     0.26049341E+004    -0.21127530E+004    -0.17146993E+000    -0.56416754E+000
    -0.39135619E+000    -0.91493546E+000    -0.12224922E+001     0.25841955E+004    -0.20661413E+004    -0.16432013E+000    -0.55552792E+000
    -0.39059627E+000    -0.81007643E+000    -0.14095551E+001     0.25621169E+004    -0.20187022E+004    -0.15981958E+000    -0.55074086E+000
    -0.38983636E+000    -0.65558585E+000    -0.15775706E+001     0.25378837E+004    -0.19709482E+004    -0.15625405E+000    -0.55008935E+000
    -0.38907644E+000    -0.45913476E+000    -0.17088552E+001     0.25110407E+004    -0.19236641E+004    -0.15203531E+000    -0.55319061E+000
    -0.38831653E+000    -0.23571956E+000    -0.17905271E+001     0.24815325E+004    -0.18776779E+004    -0.14602695E+000    -0.55913539E+000
    -0.38755661E+000    -0.41628698E-002    -0.18176128E+001     0.24496123E+004    -0.18336813E+004    -0.13771477E+000    -0.56685733E+000
    -0.38679670E+000     0.21742880E+000    -0.17935318E+001     0.24156927E+004    -0.17921570E+004    -0.12705388E+000    -0.57551496E+000
    -0.38603678E+000     0.41537648E+000    -0.17280311E+001     0.23802198E+004    -0.17534076E+004    -0.11410685E+000    -0.58459965E+000
    -0.38527687E+000     0.58208449E+000    -0.16338468E+001     0.23436200E+004    -0.17176336E+004    -0.98803261E-001    -0.59372159E+000
    -0.38451695E+000     0.71572526E+000    -0.15236809E+001     0.23063215E+004    -0.16850013E+004    -0.81022799E-001    -0.60235191E+000
    -0.38375704E+000     0.81900933E+000    -0.14082235E+001     0.22688186E+004    -0.16556530E+004    -0.60843527E-001    -0.60981984E+000
    -0.38299712E+000     0.89776537E+000    -0.12948265E+001     0.22317282E+004    -0.16296455E+004    -0.38629959E-001    -0.61554689E+000
    -0.38223721E+000     0.95904611E+000    -0.11865190E+001     0.21957802E+004    -0.16068356E+004    -0.14850092E-001    -0.61922384E+000
    -0.38147729E+000     0.10085237E+001    -0.10820321E+001     0.21617095E+004    -0.15867737E+004     0.10153734E-001    -0.62071805E+000
    -0.38071738E+000     0.10480175E+001    -0.97762729E+000     0.21300686E+004    -0.15686858E+004     0.36160630E-001    -0.61984447E+000
    -0.37995746E+000     0.10746447E+001    -0.87056408E+000     0.21010441E+004    -0.15515915E+004     0.62868452E-001    -0.61630783E+000
    -0.37919755E+000     0.10829063E+001    -0.76274455E+000     0.20743759E+004    -0.15345268E+004     0.89789961E-001    -0.60987178E+000
    -0.37843763E+000     0.10695028E+001    -0.66175476E+000     0.20494261E+004    -0.15167838E+004     0.11637330E+000    -0.60049664E+000
    -0.37767772E+000     0.10376332E+001    -0.57732722E+000     0.20253856E+004    -0.14980665E+004     0.14214171E+000    -0.58827785E+000
    -0.37691780E+000     0.99668294E+000    -0.51546381E+000     0.20015342E+004    -0.14784819E+004     0.16666494E+000    -0.57333721E+000
    -0.37615789E+000     0.95743358E+000    -0.47530891E+000     0.19774189E+004    -0.14583651E+004     0.18946867E+000    -0.55586432E+000
    -0.37539797E+000     0.92729646E+000    -0.45084674E+000     0.19528529E+004    -0.14380635E+004     0.21009196E+000    -0.53624727E+000
    -0.37463806E+000     0.90894238E+000    -0.43470169E+000     0.19277936E+004    -0.14178258E+004     0.22829405E+000    -0.51506964E+000
    -0.37387814E+000     0.90163426E+000    -0.42067605E+000     0.19022388E+004    -0.13978111E+004     0.24420135E+000    -0.49288163E+000
    -0.37311823E+000     0.90282824E+000    -0.40431637E+000     0.18761876E+004    -0.13781204E+004     0.25819824E+000    -0.46987233E+000
    -0.37235831E+000     0.90883189E+000    -0.38289051E+000     0.18496075E+004    -0.13588166E+004     0.27051534E+000    -0.44570412E+000
    -0.37159840E+000     0.91535457E+000    -0.35595200E+000     0.18224035E+004    -0.13399849E+004     0.28072924E+000    -0.41978915E+000
    -0.37083848E+000     0.91914395E+000    -0.32563375E+000     0.17944705E+004    -0.13218203E+004     0.28765120E+000    -0.39199079E+000
    -0.37007857E+000     0.91966620E+000    -0.29508379E+000     0.17658292E+004    -0.13046182E+004     0.28988863E+000    -0.36323754E+000
    -0.36931865E+000     0.91861332E+000    -0.26596408E+000     0.17366935E+004    -0.12886213E+004     0.28677020E+000    -0.33550040E+000
    -0.36855874E+000     0.91757048E+000    -0.23767272E+000     0.17073545E+004    -0.12738622E+004     0.27903117E+000    -0.31105033E+000
    -0.36779882E+000     0.91639441E+000    -0.20879652E+000     0.16779601E+004    -0.12601812E+004     0.26877472E+000    -0.29134414E+000
    -0.36703891E+000     0.91350091E+000    -0.17900883E+000     0.16483921E+004    -0.12474462E+004     0.25856428E+000    -0.27620733E+000
    -0.36627899E+000     0.90753951E+000    -0.15002986E+000     0.16183961E+004    -0.12358130E+004     0.25015389E+000    -0.26395597E+000
    -0.36551908E+000     0.89958379E+000    -0.12472232E+000     0.15879120E+004    -0.12257763E+004     0.24372846E+000    -0.25239393E+000
    -0.36475916E+000     0.89366069E+000    -0.10400577E+000     0.15573428E+004    -0.12179032E+004     0.23808195E+000    -0.23999020E+000
    -0.36399925E+000     0.89367969E+000    -0.84406790E-001     0.15275013E+004    -0.12124215E+004     0.23154554E+000    -0.22652915E+000
    -0.36323933E+000     0.89930372E+000    -0.59771851E-001     0.14992347E+004    -0.12089954E+004     0.22301908E+000    -0.21280766E+000
    -0.36247942E+000     0.90524191E+000    -0.25788434E-001     0.14730175E+004    -0.12068871E+004     0.21217024E+000    -0.19968237E+000
    -0.36171950E+000     0.90424890E+000     0.17008014E-001     0.14488515E+004    -0.12053459E+004     0.19861893E+000    -0.18774021E+000
    -0.36095959E+000     0.89081701E+000     0.63322582E-001     0.14264820E+004    -0.12038505E+004     0.18160992E+000    -0.17832319E+000
    -0.36019967E+000     0.86372931E+000     0.10520740E+000     0.14056050E+004    -0.12020655E+004     0.16156022E+000    -0.17423075E+000
    -0.35943976E+000     0.82682244E+000     0.13525722E+000     0.13858775E+004    -0.11997527E+004     0.14177324E+000    -0.17787823E+000
    -0.35867984E+000     0.78750073E+000     0.14934922E+000     0.13668963E+004    -0.11968070E+004     0.12716320E+000    -0.18829992E+000
    -0.35791993E+000     0.75461028E+000     0.14764372E+000     0.13482655E+004    -0.11932880E+004     0.12055693E+000    -0.20087103E+000
    -0.35716001E+000     0.73658205E+000     0.13530321E+000     0.13296214E+004    -0.11893974E+004     0.12051240E+000    -0.21039345E+000
    -0.35640010E+000     0.73801603E+000     0.12261862E+000     0.13106479E+004    -0.11855736E+004     0.12246664E+000    -0.21446013E+000
    -0.35564018E+000     0.75589726E+000     0.12156874E+000     0.12913505E+004    -0.11825929E+004     0.12176195E+000    -0.21476217E+000
    -0.35488027E+000     0.77985088E+000     0.13935530E+000     0.12724673E+004    -0.11812589E+004     0.11678347E+000    -0.21590557E+000
    -0.35412035E+000     0.79839913E+000     0.17409380E+000     0.12554374E+004    -0.11816713E+004     0.11029086E+000    -0.22184351E+000
    -0.35336044E+000     0.80675558E+000     0.21823666E+000     0.12416338E+004    -0.11827221E+004     0.10680966E+000    -0.23248080E+000
    -0.35260052E+000     0.80715410E+000     0.26777403E+000     0.12313883E+004    -0.11824764E+004     0.10836403E+000    -0.24463130E+000
    -0.35184061E+000     0.79960535E+000     0.32606767E+000     0.12237588E+004    -0.11792126E+004     0.11396367E+000    -0.25596819E+000
    -0.35108069E+000     0.77448164E+000     0.39521131E+000     0.12171793E+004    -0.11720836E+004     0.12262991E+000    -0.26633885E+000
    -0.35032078E+000     0.71912403E+000     0.46437583E+000     0.12100909E+004    -0.11609992E+004     0.13495695E+000    -0.27564315E+000
    -0.34956086E+000     0.63328282E+000     0.51143540E+000     0.12011024E+004    -0.11463718E+004     0.15166118E+000    -0.28214854E+000
    -0.34880095E+000     0.53523668E+000     0.51883473E+000     0.11890875E+004    -0.11290406E+004     0.17165918E+000    -0.28329366E+000
    -0.34804103E+000     0.45106377E+000     0.48701216E+000     0.11733208E+004    -0.11101015E+004     0.19202121E+000    -0.27775502E+000
    -0.34728112E+000     0.39882732E+000     0.43308000E+000     0.11534175E+004    -0.10907111E+004     0.20972325E+000    -0.26642399E+000
    -0.34652120E+000     0.38106156E+000     0.37965841E+000     0.11292482E+004    -0.10721230E+004     0.22325093E+000    -0.25144904E+000
    -0.34576129E+000     0.38660510E+000     0.34428340E+000     0.11011366E+004    -0.10557177E+004     0.23244168E+000    -0.23449829E+000
    -0.34500138E+000     0.39676720E+000     0.33265251E+000     0.10700656E+004    -0.10426170E+004     0.23679259E+000    -0.21665494E+000
    -0.34424146E+000     0.39515571E+000     0.33562453E+000     0.10372964E+004    -0.10331426E+004     0.23570421E+000    -0.20048128E+000
    -0.34348155E+000     0.37953805E+000     0.33541701E+000     0.10035448E+004    -0.10269349E+004     0.23161222E+000    -0.18926068E+000
    -0.34272163E+000     0.36347785E+000     0.32197616E+000     0.96868113E+003    -0.10238404E+004     0.22904202E+000    -0.18251056E+000
    -0.34196172E+000     0.36104557E+000     0.30253616E+000     0.93238602E+003    -0.10246306E+004     0.22927078E+000    -0.17670882E+000
    -0.34120180E+000     0.37268623E+000     0.29160752E+000     0.89508173E+003    -0.10308754E+004     0.23075750E+000    -0.17053075E+000
    -0.34044189E+000     0.38873595E+000     0.29713169E+000     0.85846219E+003    -0.10442620E+004     0.23364109E+000    -0.16446079E+000
    -0.33968197E+000     0.39888708E+000     0.31970244E+000     0.82562308E+003    -0.10657332E+004     0.23919359E+000    -0.15692641E+000
    -0.33892206E+000     0.39268590E+000     0.35650789E+000     0.80071020E+003    -0.10943550E+004     0.24602622E+000    -0.14476369E+000
    -0.33816214E+000     0.35807400E+000     0.39735546E+000     0.78738959E+003    -0.11262569E+004     0.24981522E+000    -0.12725185E+000
    -0.33740223E+000     0.29018587E+000     0.41972240E+000     0.78615923E+003    -0.11553289E+004     0.24719081E+000    -0.10775651E+000
    -0.33664231E+000     0.20448747E+000     0.39724398E+000     0.79316594E+003    -0.11767398E+004     0.23885089E+000    -0.90884334E-001
    -0.33588240E+000     0.13666057E+000     0.31961340E+000     0.80323052E+003    -0.11900812E+004     0.22853229E+000    -0.78488447E-001
    -0.33512248E+000     0.12489359E+000     0.20559361E+000     0.81402865E+003    -0.11977912E+004     0.21916904E+000    -0.68783133E-001
    -0.33436257E+000     0.18790225E+000     0.99495287E-001     0.82605145E+003    -0.12011766E+004     0.21077442E+000    -0.59022936E-001
    -0.33360265E+000     0.30745256E+000     0.53230917E-001     0.83968946E+003    -0.11994994E+004     0.20145344E+000    -0.47667617E-001
    -0.33284274E+000     0.42731261E+000     0.92087460E-001     0.85412845E+003    -0.11915086E+004     0.18836156E+000    -0.34680406E-001
    -0.33208282E+000     0.49064861E+000     0.18720067E+000     0.86751265E+003    -0.11760745E+004     0.16801740E+000    -0.22526312E-001
    -0.33132291E+000     0.48864245E+000     0.28170548E+000     0.87656042E+003    -0.11531166E+004     0.13888892E+000    -0.17692587E-001
    -0.33056299E+000     0.45225757E+000     0.34492526E+000     0.87796304E+003    -0.11253842E+004     0.10615939E+000    -0.28171139E-001
    -0.32980308E+000     0.40896306E+000     0.37868421E+000     0.87152482E+003    -0.10974481E+004     0.81462094E-001    -0.55667300E-001
    -0.32904316E+000     0.37075770E+000     0.39344642E+000     0.86025804E+003    -0.10717794E+004     0.74158922E-001    -0.92312101E-001
    -0.32828325E+000     0.34053461E+000     0.39819027E+000     0.84653386E+003    -0.10473420E+004     0.85195698E-001    -0.12791423E+000
    -0.32752333E+000     0.31838389E+000     0.39707325E+000     0.82963809E+003    -0.10226973E+004     0.11245091E+000    -0.15649943E+000
    -0.32676342E+000     0.30759296E+000     0.39471374E+000     0.80783464E+003    -0.99903493E+003     0.15542417E+000    -0.17072025E+000
    -0.32600350E+000     0.30695700E+000     0.40224064E+000     0.78157728E+003    -0.97923842E+003     0.20662945E+000    -0.15862307E+000
    -0.32524359E+000     0.30360652E+000     0.42702147E+000     0.75378598E+003    -0.96491826E+003     0.24644789E+000    -0.11572498E+000
    -0.32448367E+000     0.28207130E+000     0.46257777E+000     0.72769198E+003    -0.95491611E+003     0.25538818E+000    -0.55770465E-001
    -0.32372376E+000     0.23747224E+000     0.49146126E+000     0.70442823E+003    -0.94606412E+003     0.23111660E+000    -0.36324744E-002
    -0.32296384E+000     0.18110601E+000     0.49993261E+000     0.68215693E+003    -0.93580081E+003     0.19003723E+000     0.24558894E-001
    -0.32220393E+000     0.12623438E+000     0.48963051E+000     0.65800012E+003    -0.92428697E+003     0.15007801E+000     0.30542845E-001
    -0.32144401E+000     0.75903991E-001     0.46458376E+000     0.63048969E+003    -0.91383003E+003     0.11898434E+000     0.23487960E-001
    -0.32068410E+000     0.35259499E-001     0.42375564E+000     0.60040784E+003    -0.90710485E+003     0.97421712E-001     0.10942486E-001
    -0.31992418E+000     0.12008773E-001     0.37281206E+000     0.57033809E+003    -0.90557080E+003     0.83030805E-001    -0.30646053E-002
    -0.31916427E+000     0.72564212E-002     0.31852105E+000     0.54344399E+003    -0.90855225E+003     0.74508294E-001    -0.17823571E-001
    -0.31840435E+000     0.25173377E-001     0.26537037E+000     0.52181741E+003    -0.91318950E+003     0.72460097E-001    -0.31147049E-001
    -0.31764444E+000     0.69174022E-001     0.22914187E+000     0.50505582E+003    -0.91577644E+003     0.73811167E-001    -0.39824274E-001
    -0.31688452E+000     0.12281384E+000     0.22710801E+000     0.49039226E+003    -0.91364623E+003     0.74884753E-001    -0.46499135E-001
    -0.31612461E+000     0.16344320E+000     0.25397541E+000     0.47357445E+003    -0.90638913E+003     0.79234274E-001    -0.53509198E-001
    -0.31536469E+000     0.18571922E+000     0.29841815E+000     0.45055026E+003    -0.89705612E+003     0.89066055E-001    -0.55112029E-001
    -0.31460478E+000     0.18085601E+000     0.35900929E+000     0.42060855E+003    -0.89151065E+003     0.98073165E-001    -0.46586419E-001
    -0.31384486E+000     0.13029229E+000     0.41548201E+000     0.38788997E+003    -0.89484868E+003     0.98654746E-001    -0.30868784E-001
    -0.31308495E+000     0.46473408E-001     0.42686792E+000     0.35949136E+003    -0.90792300E+003     0.87654104E-001    -0.15166478E-001
    -0.31232503E+000    -0.21779674E-001     0.38390160E+000     0.34160015E+003    -0.92606472E+003     0.67673477E-001    -0.73934091E-002
    -0.31156512E+000    -0.45380794E-001     0.32285442E+000     0.33511478E+003    -0.94134938E+003     0.46807359E-001    -0.10825177E-001
    -0.31080520E+000    -0.36013796E-001     0.27811334E+000     0.33531919E+003    -0.94860978E+003     0.31475026E-001    -0.21185748E-001
    -0.31004529E+000    -0.17510669E-001     0.26111007E+000     0.33775323E+003    -0.94762071E+003     0.21664162E-001    -0.33044185E-001
    -0.30928537E+000    -0.13922286E-001     0.26696397E+000     0.34054755E+003    -0.93830448E+003     0.14976565E-001    -0.44563329E-001
    -0.30852546E+000    -0.38571710E-001     0.27198889E+000     0.34041354E+003    -0.91939979E+003     0.99879629E-002    -0.56231292E-001
    -0.30776554E+000    -0.78879282E-001     0.25253122E+000     0.33213396E+003    -0.89247427E+003     0.78728158E-002    -0.68717388E-001
    -0.30700563E+000    -0.11314450E+000     0.20666150E+000     0.31267700E+003    -0.86255092E+003     0.93521938E-002    -0.78094457E-001
    -0.30624571E+000    -0.13360902E+000     0.14306753E+000     0.28247869E+003    -0.83487436E+003     0.68469389E-002    -0.82948829E-001
    -0.30548580E+000    -0.13511710E+000     0.57705926E-001     0.24428336E+003    -0.81340361E+003    -0.25438255E-002    -0.94046579E-001
    -0.30472588E+000    -0.89664812E-001    -0.43880639E-001     0.20239096E+003    -0.79970107E+003    -0.72142292E-002    -0.11759155E+000
    -0.30396597E+000     0.14869409E-001    -0.11745437E+000     0.16038889E+003    -0.79234606E+003     0.36410235E-002    -0.14518313E+000
    -0.30320605E+000     0.14269840E+000    -0.12790319E+000     0.11963329E+003    -0.78869039E+003     0.28688494E-001    -0.16363875E+000
    -0.30244614E+000     0.24971581E+000    -0.82069388E-001     0.79360190E+002    -0.78616360E+003     0.58020992E-001    -0.16658296E+000
    -0.30168622E+000     0.31462554E+000    -0.13062139E-001     0.36665229E+002    -0.78380206E+003     0.81632314E-001    -0.15586750E+000
    -0.30092631E+000     0.35340590E+000     0.45059082E-001    -0.11138380E+002    -0.78395726E+003     0.93577707E-001    -0.13877501E+000
    -0.30016639E+000     0.40442356E+000     0.10204560E+000    -0.63768466E+002    -0.78983302E+003     0.94500496E-001    -0.12402190E+000
    -0.29940648E+000     0.45409607E+000     0.20806037E+000    -0.12055166E+003    -0.80276724E+003     0.90092417E-001    -0.11673858E+000
    -0.29864656E+000     0.43283277E+000     0.35348158E+000    -0.18277590E+003    -0.82549260E+003     0.87569685E-001    -0.11734063E+000
    -0.29788665E+000     0.32563296E+000     0.46255544E+000    -0.24970922E+003    -0.86505639E+003     0.93659373E-001    -0.11986858E+000
    -0.29712673E+000     0.18249044E+000     0.48609708E+000    -0.31404358E+003    -0.92970666E+003     0.10591335E+000    -0.11209579E+000
    -0.29636682E+000     0.67536141E-001     0.42377027E+000    -0.36159723E+003    -0.10236083E+004     0.10769017E+000    -0.90354525E-001
    -0.29560691E+000     0.24125202E-001     0.31631517E+000    -0.37366378E+003    -0.11425264E+004     0.85872092E-001    -0.73097429E-001
    -0.29484699E+000     0.63454480E-001     0.21108335E+000    -0.33134658E+003    -0.12694029E+004     0.55541896E-001    -0.84557155E-001
    -0.29408708E+000     0.17757304E+000     0.16806853E+000    -0.22587222E+003    -0.13710300E+004     0.48703918E-001    -0.11908205E+000
    -0.29332716E+000     0.29161975E+000     0.23271579E+000    -0.76249836E+002    -0.14061319E+004     0.72248409E-001    -0.14610796E+000
    -0.29256725E+000     0.33327497E+000     0.35796851E+000     0.65857318E+002    -0.13580752E+004     0.10820778E+000    -0.14924315E+000
    -0.29180733E+000     0.30096942E+000     0.48976701E+000     0.15636548E+003    -0.12565171E+004     0.14007461E+000    -0.12690956E+000
    -0.29104742E+000     0.20337972E+000     0.59568480E+000     0.19016028E+003    -0.11430921E+004     0.14839801E+000    -0.84577091E-001
    -0.29028750E+000     0.63685807E-001     0.65233042E+000     0.18366664E+003    -0.10420377E+004     0.12063192E+000    -0.48743780E-001
    -0.28952759E+000    -0.10742283E+000     0.65009036E+000     0.15618750E+003    -0.96034012E+003     0.75637094E-001    -0.49320273E-001
    -0.28876767E+000    -0.28448945E+000     0.55011938E+000     0.12126886E+003    -0.89312747E+003     0.51915150E-001    -0.86090136E-001
    -0.28800776E+000    -0.39330263E+000     0.34856400E+000     0.81973579E+002    -0.83196178E+003     0.70810607E-001    -0.12538915E+000
    -0.28724784E+000    -0.36420840E+000     0.88173778E-001     0.34447815E+002    -0.77382703E+003     0.11491070E+000    -0.12971793E+000
    -0.28648793E+000    -0.13968786E+000    -0.10431047E+000    -0.23570082E+002    -0.72204221E+003     0.14207487E+000    -0.96630562E-001
    -0.28572801E+000     0.15698276E+000    -0.54815680E-001    -0.89611532E+002    -0.68030369E+003     0.13463089E+000    -0.59936972E-001
    -0.28496810E+000     0.28480871E+000     0.18920035E+000    -0.15963015E+003    -0.64925486E+003     0.11039580E+000    -0.43091761E-001
    -0.28420818E+000     0.18407773E+000     0.40806559E+000    -0.23078796E+003    -0.62731087E+003     0.88548374E-001    -0.43200084E-001
    -0.28344827E+000    -0.23219981E-001     0.46488577E+000    -0.30230471E+003    -0.61240930E+003     0.73635905E-001    -0.51827848E-001
    -0.28268835E+000    -0.19509700E+000     0.36133941E+000    -0.37482783E+003    -0.60392579E+003     0.68966099E-001    -0.65496890E-001
    -0.28192844E+000    -0.25135156E+000     0.17544918E+000    -0.44805088E+003    -0.60294649E+003     0.76725270E-001    -0.72615174E-001
    -0.28116852E+000    -0.18217609E+000    -0.61445102E-002    -0.51980258E+003    -0.61008329E+003     0.82913671E-001    -0.66177384E-001
    -0.28040861E+000    -0.13438896E-001    -0.11627181E+000    -0.58731565E+003    -0.62409600E+003     0.80496145E-001    -0.56587052E-001
    -0.27964869E+000     0.19525063E+000    -0.10544888E+000    -0.64873736E+003    -0.64143522E+003     0.72218303E-001    -0.44050723E-001
    -0.27888878E+000     0.35928851E+000     0.38799473E-001    -0.70600159E+003    -0.65720915E+003     0.45029740E-001    -0.33693464E-001
    -0.27812886E+000     0.37222058E+000     0.25235120E+000    -0.76519396E+003    -0.67047698E+003     0.65362976E-002    -0.54594284E-001
    -0.27736895E+000     0.24242249E+000     0.37003873E+000    -0.82992819E+003    -0.68638012E+003    -0.19388495E-002    -0.10600636E+000
    -0.27660903E+000     0.13641290E+000     0.34311341E+000    -0.89746590E+003    -0.70989917E+003     0.33864558E-001    -0.14592225E+000
    -0.27584912E+000     0.13283985E+000     0.30349937E+000    -0.96364513E+003    -0.74072930E+003     0.86153735E-001    -0.14316155E+000
    -0.27508920E+000     0.14054045E+000     0.32490415E+000    -0.10279823E+004    -0.77713644E+003     0.11368332E+000    -0.10159043E+000
    -0.27432929E+000     0.11434049E+000     0.35353077E+000    -0.10906530E+004    -0.81961399E+003     0.97200942E-001    -0.60277981E-001
    -0.27356937E+000     0.67312721E-001     0.39002016E+000    -0.11508415E+004    -0.86909002E+003     0.62824720E-001    -0.51909149E-001
    -0.27280946E+000    -0.65784008E-001     0.40259955E+000    -0.12068670E+004    -0.92728743E+003     0.46549929E-001    -0.68480772E-001
    -0.27204954E+000    -0.23926058E+000     0.25493608E+000    -0.12536675E+004    -0.99523100E+003     0.57917575E-001    -0.75490214E-001
    -0.27128963E+000    -0.26534180E+000    -0.63646008E-001    -0.12851852E+004    -0.10690652E+004     0.67238102E-001    -0.49024676E-001
    -0.27052971E+000    -0.34466243E-001    -0.38255322E+000    -0.12975886E+004    -0.11417783E+004     0.42321660E-001    -0.64759603E-002
    -0.26976980E+000     0.41365903E+000    -0.52901932E+000    -0.12897677E+004    -0.12016981E+004    -0.20728078E-001     0.25545734E-001
    -0.26900988E+000     0.93808226E+000    -0.33236656E+000    -0.12718764E+004    -0.12334873E+004    -0.12039604E+000     0.23546676E-001
    -0.26824997E+000     0.11966578E+001     0.18931787E+000    -0.12692350E+004    -0.12345923E+004    -0.23458739E+000    -0.45259183E-001
    -0.26749005E+000     0.10602050E+001     0.66882557E+000    -0.12991843E+004    -0.12272628E+004    -0.31212848E+000    -0.18903716E+000
    -0.26673014E+000     0.77410455E+000     0.89684034E+000    -0.13532329E+004    -0.12338586E+004    -0.30768549E+000    -0.37243073E+000
    -0.26597022E+000     0.49985415E+000     0.94930107E+000    -0.14169569E+004    -0.12582682E+004    -0.21794460E+000    -0.54322499E+000
    -0.26521031E+000     0.26340361E+000     0.83024635E+000    -0.14847929E+004    -0.12980236E+004    -0.55012350E-001    -0.67739692E+000
    -0.26445039E+000     0.24582446E+000     0.53662782E+000    -0.15549834E+004    -0.13536014E+004     0.18462337E+000    -0.72049449E+000
    -0.26369048E+000     0.58187765E+000     0.38608915E+000    -0.16241003E+004    -0.14281557E+004     0.40113275E+000    -0.61449291E+000
    -0.26293056E+000     0.90951591E+000     0.64619483E+000    -0.16849352E+004    -0.15235592E+004     0.50406689E+000    -0.44422042E+000
    -0.26217065E+000     0.89972581E+000     0.10128237E+001    -0.17291076E+004    -0.16373206E+004     0.51891371E+000    -0.28676498E+000
    -0.26141073E+000     0.72798274E+000     0.11458099E+001    -0.17500402E+004    -0.17634427E+004     0.47700390E+000    -0.16205864E+000
    -0.26065082E+000     0.74777008E+000     0.10619489E+001    -0.17431129E+004    -0.18919156E+004     0.39292009E+000    -0.82303071E-001
    -0.25989090E+000     0.11371759E+001     0.11166414E+001    -0.17149932E+004    -0.20102054E+004     0.29396905E+000    -0.72495296E-001
    -0.25913099E+000     0.16331177E+001     0.17248681E+001    -0.16767060E+004    -0.21241110E+004     0.23182316E+000    -0.11701130E+000
    -0.25837107E+000     0.16357327E+001     0.28856473E+001    -0.16147253E+004    -0.22395699E+004     0.20561982E+000    -0.17351457E+000
    -0.25761116E+000     0.77333627E+000     0.40182564E+001    -0.15236489E+004    -0.23325593E+004     0.19573907E+000    -0.25401447E+000
    -0.25685124E+000    -0.66243396E+000     0.44977075E+001    -0.14301150E+004    -0.23965983E+004     0.25454434E+000    -0.37988273E+000
    -0.25609133E+000    -0.21061221E+001     0.41952966E+001    -0.13348788E+004    -0.24508000E+004     0.44712684E+000    -0.46218607E+000
    -0.25533141E+000    -0.31818490E+001     0.33519733E+001    -0.12269442E+004    -0.24842607E+004     0.69102345E+000    -0.37480578E+000
    -0.25457150E+000    -0.37859705E+001     0.22426563E+001    -0.11259997E+004    -0.24828882E+004     0.83585330E+000    -0.13725939E+000
    -0.25381158E+000    -0.39211469E+001     0.10770971E+001    -0.10624277E+004    -0.24711736E+004     0.80820095E+000     0.14416157E+000
    -0.25305167E+000    -0.35878454E+001    -0.35365453E-001    -0.10051383E+004    -0.25002078E+004     0.62455736E+000     0.33314513E+000
    -0.25229175E+000    -0.27297411E+001    -0.74678926E+000    -0.88461775E+003    -0.25319517E+004     0.40436267E+000     0.35844060E+000
    -0.25153184E+000    -0.18941028E+001    -0.76482920E+000    -0.73737215E+003    -0.24850655E+004     0.27179074E+000     0.25469190E+000
    -0.25077192E+000    -0.14393269E+001    -0.51444897E+000    -0.64092752E+003    -0.23785991E+004     0.28102805E+000     0.15342981E+000
    -0.25001201E+000    -0.12532423E+001    -0.25557341E+000    -0.60406957E+003    -0.22660539E+004     0.33398676E+000     0.15403649E+000
    -0.24925209E+000    -0.12028419E+001    -0.14487902E+000    -0.61068160E+003    -0.21761172E+004     0.32873476E+000     0.20721422E+000
    -0.24849218E+000    -0.92734489E+000    -0.54624048E-001    -0.63121891E+003    -0.21313475E+004     0.27517251E+000     0.23356148E+000
    -0.24773226E+000    -0.69595620E+000     0.62698020E+000    -0.61214089E+003    -0.21134311E+004     0.21976259E+000     0.21629529E+000
    -0.24697235E+000    -0.14855593E+001     0.15074052E+001    -0.56077335E+003    -0.20494324E+004     0.19585085E+000     0.16857530E+000
    -0.24621244E+000    -0.29771398E+001     0.12534522E+001    -0.55498527E+003    -0.19378654E+004     0.21667582E+000     0.12522165E+000
    -0.24545252E+000    -0.37258691E+001    -0.13234021E+000    -0.60960074E+003    -0.18453788E+004     0.26854439E+000     0.11111864E+000
    -0.24469261E+000    -0.33865702E+001    -0.14410591E+001    -0.68198429E+003    -0.18048596E+004     0.33320615E+000     0.15298277E+000
    -0.24393269E+000    -0.26345648E+001    -0.22305535E+001    -0.72494354E+003    -0.18036186E+004     0.34622729E+000     0.25144954E+000
    -0.24317278E+000    -0.17860546E+001    -0.26252941E+001    -0.72388934E+003    -0.17895241E+004     0.28410587E+000     0.33317073E+000
    -0.24241286E+000    -0.90244119E+000    -0.27877482E+001    -0.72639684E+003    -0.17318334E+004     0.19862035E+000     0.35561898E+000
    -0.24165295E+000     0.14580768E+000    -0.26036062E+001    -0.76488517E+003    -0.16652228E+004     0.13630086E+000     0.33958052E+000
    -0.24089303E+000     0.10764780E+001    -0.17532431E+001    -0.82171098E+003    -0.16120822E+004     0.98116950E-001     0.31701115E+000
    -0.24013312E+000     0.12655276E+001    -0.40669543E+000    -0.89038907E+003    -0.15686536E+004     0.73667043E-001     0.29633252E+000
    -0.23937320E+000     0.47927367E+000     0.69898755E+000    -0.96796417E+003    -0.15410018E+004     0.56802208E-001     0.28131002E+000
    -0.23861329E+000    -0.74913313E+000     0.86630955E+000    -0.10467527E+004    -0.15251663E+004     0.41535781E-001     0.27021028E+000
    -0.23785337E+000    -0.15608444E+001     0.24966579E+000    -0.11312322E+004    -0.15181769E+004     0.26926445E-001     0.26204781E+000
    -0.23709346E+000    -0.17892303E+001    -0.59090914E+000    -0.12248690E+004    -0.15274018E+004     0.87020340E-002     0.25461881E+000
    -0.23633354E+000    -0.13735984E+001    -0.14229696E+001    -0.13205098E+004    -0.15649182E+004    -0.10818592E-001     0.24137850E+000
    -0.23557363E+000    -0.32115958E+000    -0.14810555E+001    -0.13996888E+004    -0.16327398E+004    -0.25170443E-001     0.22295482E+000
    -0.23481371E+000     0.76534955E-002    -0.41696638E+000    -0.14497421E+004    -0.17183108E+004    -0.31869809E-001     0.20353853E+000
    -0.23405380E+000    -0.10117863E+001     0.13084416E+000    -0.14694111E+004    -0.18156899E+004    -0.30036441E-001     0.18873238E+000
    -0.23329388E+000    -0.19491062E+001    -0.65291794E+000    -0.14347908E+004    -0.19182640E+004    -0.25658231E-001     0.18703152E+000
    -0.23253397E+000    -0.17874530E+001    -0.19420435E+001    -0.13340881E+004    -0.19696832E+004    -0.38151912E-001     0.19497220E+000
    -0.23177405E+000    -0.63599679E+000    -0.25426843E+001    -0.12342793E+004    -0.19201926E+004    -0.63946217E-001     0.18156336E+000
    -0.23101414E+000     0.25322222E+000    -0.20371967E+001    -0.12140187E+004    -0.18196474E+004    -0.68711268E-001     0.15416808E+000
    -0.23025422E+000     0.31180663E+000    -0.15606519E+001    -0.12572757E+004    -0.17426168E+004    -0.59396409E-001     0.13943530E+000
    -0.22949431E+000     0.45768487E+000    -0.15414916E+001    -0.13193989E+004    -0.17032606E+004    -0.51899848E-001     0.13809434E+000
    -0.22873439E+000     0.93077017E+000    -0.11911114E+001    -0.13767928E+004    -0.16892755E+004    -0.54445791E-001     0.14075913E+000
    -0.22797448E+000     0.90352133E+000    -0.31175451E+000    -0.14229374E+004    -0.16891216E+004    -0.61782722E-001     0.14028249E+000
    -0.22721456E+000     0.50374330E-002     0.19725053E+000    -0.14475447E+004    -0.16942615E+004    -0.75246210E-001     0.13470635E+000
    -0.22645465E+000    -0.96205796E+000    -0.36125881E+000    -0.14481585E+004    -0.16791336E+004    -0.84317758E-001     0.11405027E+000
    -0.22569473E+000    -0.10148278E+001    -0.15216758E+001    -0.14464593E+004    -0.16211211E+004    -0.73898641E-001     0.87824978E-001
    -0.22493482E+000    -0.97531864E-001    -0.22896692E+001    -0.14842430E+004    -0.15227584E+004    -0.35732697E-001     0.76499305E-001
    -0.22417490E+000     0.11068801E+001    -0.20346204E+001    -0.15776159E+004    -0.14263271E+004     0.54783135E-002     0.11523394E+000
    -0.22341499E+000     0.15611461E+001    -0.98918630E+000    -0.17033780E+004    -0.13538883E+004    -0.74896212E-002     0.18334533E+000
    -0.22265507E+000     0.11082544E+001    -0.17382335E+000    -0.18477434E+004    -0.12979529E+004    -0.67550832E-001     0.21977562E+000
    -0.22189516E+000     0.32453149E+000    -0.46432988E-001    -0.20227960E+004    -0.12555060E+004    -0.13065000E+000     0.21433883E+000
    -0.22113524E+000    -0.18887579E+000    -0.59865024E+000    -0.22332444E+004    -0.12526240E+004    -0.17670078E+000     0.18661152E+000
    -0.22037533E+000     0.11668761E-001    -0.13375364E+001    -0.24514593E+004    -0.13069344E+004    -0.20806890E+000     0.15291036E+000
    -0.21961541E+000     0.66355981E+000    -0.15777962E+001    -0.26539495E+004    -0.14045331E+004    -0.23032355E+000     0.11624954E+000
    -0.21885550E+000     0.11431591E+001    -0.14388966E+001    -0.28439786E+004    -0.15315292E+004    -0.24773877E+000     0.79933317E-001
    -0.21809558E+000     0.14840115E+001    -0.12708475E+001    -0.30262584E+004    -0.16972599E+004    -0.26916638E+000     0.31707935E-001
    -0.21733567E+000     0.18891161E+001    -0.11438100E+001    -0.31805012E+004    -0.19140380E+004    -0.26960246E+000    -0.46086677E-001
    -0.21657575E+000     0.25616256E+001    -0.74975602E+000    -0.32790598E+004    -0.21681049E+004    -0.21513211E+000    -0.12366058E+000
    -0.21581584E+000     0.29982118E+001     0.34092011E+000    -0.33140824E+004    -0.24358480E+004    -0.12182939E+000    -0.15269983E+000
    -0.21505592E+000     0.24834658E+001     0.15336219E+001    -0.32694397E+004    -0.26997536E+004    -0.38539185E-001    -0.12431164E+000
    -0.21429601E+000     0.15143554E+001     0.19383111E+001    -0.31434643E+004    -0.28862688E+004     0.13027951E-001    -0.68763877E-001
    -0.21353609E+000     0.92094930E+000     0.18449831E+001    -0.30463047E+004    -0.29515791E+004     0.38196822E-001     0.21737144E-002
    -0.21277618E+000     0.60574401E+000     0.18499740E+001    -0.30671658E+004    -0.29967688E+004     0.23370220E-001     0.85773148E-001
    -0.21201626E+000     0.13855636E+000     0.20086603E+001    -0.31624778E+004    -0.31388235E+004    -0.39463068E-001     0.14781020E+000
    -0.21125635E+000    -0.63048253E+000     0.17732221E+001    -0.32224130E+004    -0.34181424E+004    -0.12030600E+000     0.16814143E+000
    -0.21049643E+000    -0.95762388E+000     0.10432393E+001    -0.31396988E+004    -0.37798064E+004    -0.19873924E+000     0.15383202E+000
    -0.20973652E+000    -0.74015248E+000     0.38660206E+000    -0.28884659E+004    -0.41114956E+004    -0.26713182E+000     0.11316562E+000
    -0.20897660E+000    -0.66406464E-001     0.21000721E+000    -0.25073868E+004    -0.43353324E+004    -0.32510384E+000     0.46556388E-001
    -0.20821669E+000     0.25043794E+000     0.83764357E+000    -0.20698631E+004    -0.43973130E+004    -0.35259066E+000    -0.60006756E-001
    -0.20745677E+000    -0.37684689E+000     0.12305204E+001    -0.16340303E+004    -0.43286976E+004    -0.30063297E+000    -0.17372893E+000
    -0.20669686E+000    -0.79386050E+000     0.57034254E+000    -0.11991010E+004    -0.40806744E+004    -0.19064314E+000    -0.21070011E+000
    -0.20593694E+000    -0.19208006E-002     0.17573419E+000    -0.92940815E+003    -0.36262265E+004    -0.12330036E+000    -0.16501333E+000
    -0.20517703E+000     0.63147634E+000     0.11500139E+001    -0.92064725E+003    -0.31394041E+004    -0.12543029E+000    -0.12640907E+000
    -0.20441711E+000    -0.21955939E+000     0.24121799E+001    -0.10979768E+004    -0.27575887E+004    -0.13891098E+000    -0.12975606E+000
    -0.20365720E+000    -0.19136820E+001     0.22781497E+001    -0.13613864E+004    -0.25151056E+004    -0.12800701E+000    -0.14691352E+000
    -0.20289728E+000    -0.26825292E+001     0.99289247E+000    -0.16383478E+004    -0.23972203E+004    -0.10335148E+000    -0.14516115E+000
    -0.20213737E+000    -0.23785186E+001    -0.23092022E-001    -0.18925486E+004    -0.23573265E+004    -0.94089483E-001    -0.12531132E+000
    -0.20137745E+000    -0.19151997E+001    -0.29951679E+000    -0.21400244E+004    -0.23747129E+004    -0.10648877E+000    -0.11053198E+000
    -0.20061754E+000    -0.18900392E+001    -0.37426260E+000    -0.23638957E+004    -0.24716247E+004    -0.12902427E+000    -0.11329001E+000
    -0.19985762E+000    -0.19582107E+001    -0.76944488E+000    -0.25098316E+004    -0.26176148E+004    -0.14735276E+000    -0.13623281E+000
    -0.19909771E+000    -0.17410787E+001    -0.12765018E+001    -0.26084065E+004    -0.27410186E+004    -0.14856193E+000    -0.16967369E+000
    -0.19833779E+000    -0.13215977E+001    -0.16308825E+001    -0.27150332E+004    -0.28880424E+004    -0.13460319E+000    -0.20036956E+000
    -0.19757788E+000    -0.82792281E+000    -0.18741290E+001    -0.27584080E+004    -0.30942621E+004    -0.11137658E+000    -0.22384006E+000
    -0.19681797E+000    -0.11933605E+000    -0.19432502E+001    -0.26897476E+004    -0.32782863E+004    -0.85408204E-001    -0.24095427E+000
    -0.19605805E+000     0.59556901E+000    -0.15151814E+001    -0.25784249E+004    -0.33543033E+004    -0.52835198E-001    -0.25831262E+000
    -0.19529814E+000     0.88065323E+000    -0.72296386E+000    -0.25324520E+004    -0.33690093E+004    -0.29022174E-002    -0.26390011E+000
    -0.19453822E+000     0.57169414E+000     0.38385296E-001    -0.25391231E+004    -0.34228083E+004     0.47648725E-001    -0.23859953E+000
    -0.19377831E+000    -0.17856625E+000     0.31878598E+000    -0.25096601E+004    -0.35632941E+004     0.73700116E-001    -0.19423912E+000
    -0.19301839E+000    -0.83719400E+000    -0.17360259E+000    -0.23136758E+004    -0.37034325E+004     0.76595963E-001    -0.15363142E+000
    -0.19225848E+000    -0.54747493E+000    -0.93181550E+000    -0.20221261E+004    -0.36440554E+004     0.69269540E-001    -0.12195010E+000
    -0.19149856E+000     0.64854459E-001    -0.75563215E+000    -0.18394804E+004    -0.34000994E+004     0.54747821E-001    -0.95601917E-001
    -0.19073865E+000    -0.49367521E-002    -0.38358066E+000    -0.18251477E+004    -0.31077249E+004     0.33145658E-001    -0.79364828E-001
    -0.18997873E+000    -0.20102737E+000    -0.36837680E+000    -0.19448903E+004    -0.28561600E+004     0.13636658E-001    -0.71354473E-001
    -0.18921882E+000    -0.25880882E+000    -0.46847861E+000    -0.21532943E+004    -0.26906151E+004    -0.92512954E-002    -0.66194025E-001
    -0.18845890E+000    -0.23475824E+000    -0.52641178E+000    -0.23861527E+004    -0.26493920E+004    -0.34848823E-001    -0.73720693E-001
    -0.18769899E+000    -0.23450132E+000    -0.54508508E+000    -0.25351074E+004    -0.27033186E+004    -0.51578529E-001    -0.93162475E-001
    -0.18693907E+000    -0.30258109E+000    -0.61679541E+000    -0.25786968E+004    -0.27208548E+004    -0.53333811E-001    -0.11575938E+000
    -0.18617916E+000    -0.26915302E+000    -0.87447638E+000    -0.26204841E+004    -0.26457174E+004    -0.42453313E-001    -0.12625436E+000
    -0.18541924E+000     0.54252625E-001    -0.10475065E+001    -0.27274076E+004    -0.25236637E+004    -0.42582680E-001    -0.11931595E+000
    -0.18465933E+000     0.43530084E+000    -0.92178376E+000    -0.29070760E+004    -0.24087456E+004    -0.67079706E-001    -0.12591355E+000
    -0.18389941E+000     0.60371430E+000    -0.57058770E+000    -0.31336077E+004    -0.23309625E+004    -0.79551984E-001    -0.17149246E+000
    -0.18313950E+000     0.49516115E+000    -0.30519168E+000    -0.33870094E+004    -0.22911243E+004    -0.36407748E-001    -0.21580455E+000
    -0.18237958E+000     0.39598032E+000    -0.22628837E+000    -0.36571168E+004    -0.22888624E+004     0.22356931E-001    -0.20198838E+000
    -0.18161967E+000     0.33119324E+000    -0.12384425E+000    -0.39322949E+004    -0.23225611E+004     0.41794994E-001    -0.15659700E+000
    -0.18085975E+000     0.19705435E+000    -0.93455397E-001    -0.41966557E+004    -0.23704066E+004     0.26026753E-001    -0.12125510E+000
    -0.18009984E+000     0.14752077E+000    -0.15737344E+000    -0.44855529E+004    -0.23934576E+004    -0.25831434E-002    -0.10754400E+000
    -0.17933992E+000     0.19604704E+000    -0.16785795E+000    -0.48643396E+004    -0.24214363E+004    -0.30285587E-001    -0.11112493E+000
    -0.17858001E+000     0.22273018E+000    -0.98243789E-001    -0.53448212E+004    -0.25261266E+004    -0.52389303E-001    -0.12531441E+000
    -0.17782009E+000     0.19459469E+000    -0.78769682E-002    -0.59000956E+004    -0.27565513E+004    -0.68177317E-001    -0.14509744E+000
    -0.17706018E+000     0.11070348E+000     0.24190036E-001    -0.65175491E+004    -0.31585347E+004    -0.82138327E-001    -0.16796855E+000
    -0.17630026E+000     0.12994361E+000     0.68106157E-002    -0.71461115E+004    -0.38248333E+004    -0.95269567E-001    -0.20209377E+000
    -0.17554035E+000     0.20263421E+000     0.16943434E+000    -0.76366161E+004    -0.48264494E+004    -0.95069337E-001    -0.25122531E+000
    -0.17478043E+000     0.16582883E-001     0.47598348E+000    -0.77596287E+004    -0.61257870E+004    -0.68818068E-001    -0.30509795E+000
    -0.17402052E+000    -0.47840859E+000     0.54403412E+000    -0.73213160E+004    -0.74722626E+004    -0.15610817E-001    -0.34230510E+000
    -0.17326060E+000    -0.93676933E+000     0.17895133E+000    -0.63942721E+004    -0.85450774E+004     0.40260919E-001    -0.35014559E+000
    -0.17250069E+000    -0.10217861E+001    -0.51188704E+000    -0.51594840E+004    -0.91716124E+004     0.86124928E-001    -0.35066957E+000
    -0.17174077E+000    -0.40549218E+000    -0.10789642E+001    -0.38971740E+004    -0.92204735E+004     0.14030181E+000    -0.34432944E+000
    -0.17098086E+000     0.41687725E+000    -0.76386401E+000    -0.29844313E+004    -0.88892009E+004     0.19242973E+000    -0.31523350E+000
    -0.17022094E+000     0.42985984E+000     0.48190773E-001    -0.23718597E+004    -0.86140624E+004     0.22911878E+000    -0.27374383E+000
    -0.16946103E+000    -0.17390983E+000     0.27193972E+000    -0.16294057E+004    -0.84207768E+004     0.25577818E+000    -0.22596956E+000
    -0.16870111E+000    -0.44732531E+000    -0.41154686E-001    -0.75122997E+003    -0.78316694E+004     0.26621729E+000    -0.16442088E+000
    -0.16794120E+000    -0.35271823E+000    -0.21236642E+000    -0.22851915E+003    -0.68245962E+004     0.24081404E+000    -0.10534673E+000
    -0.16718128E+000    -0.32517768E+000    -0.16110685E+000    -0.22858739E+003    -0.57607838E+004     0.19557491E+000    -0.81377001E-001
    -0.16642137E+000    -0.45193279E+000    -0.13747546E+000    -0.63116760E+003    -0.49520043E+004     0.16676216E+000    -0.86783375E-001
    -0.16566145E+000    -0.64598134E+000    -0.27036316E+000    -0.11424933E+004    -0.45092537E+004     0.16079361E+000    -0.93627826E-001
    -0.16490154E+000    -0.70132678E+000    -0.61012553E+000    -0.15408762E+004    -0.43033514E+004     0.16407346E+000    -0.87652649E-001
    -0.16414162E+000    -0.45893899E+000    -0.93793824E+000    -0.17749848E+004    -0.41353682E+004     0.16006793E+000    -0.69999750E-001
    -0.16338171E+000    -0.28107618E-001    -0.10186554E+001    -0.19575759E+004    -0.38483932E+004     0.14246088E+000    -0.56139587E-001
    -0.16262179E+000     0.37390536E+000    -0.80540419E+000    -0.22719594E+004    -0.34722486E+004     0.12378906E+000    -0.54698687E-001
    -0.16186188E+000     0.59732274E+000    -0.31390808E+000    -0.27475345E+004    -0.31557171E+004     0.11212306E+000    -0.58100692E-001
    -0.16110196E+000     0.36401585E+000     0.29286585E+000    -0.33098193E+004    -0.29659650E+004     0.10492207E+000    -0.59421976E-001
    -0.16034205E+000    -0.32902975E+000     0.58632470E+000    -0.38942094E+004    -0.29072909E+004     0.96640524E-001    -0.57725498E-001
    -0.15958213E+000    -0.10830045E+001     0.20087274E+000    -0.44424822E+004    -0.29567678E+004     0.83891813E-001    -0.56789815E-001
    -0.15882222E+000    -0.12374711E+001    -0.57128043E+000    -0.49431709E+004    -0.30463735E+004     0.68198146E-001    -0.62366284E-001
    -0.15806230E+000    -0.94481507E+000    -0.10838297E+001    -0.54291580E+004    -0.31773732E+004     0.57049905E-001    -0.75293621E-001
    -0.15730239E+000    -0.57903594E+000    -0.13765741E+001    -0.58390369E+004    -0.33252892E+004     0.53501459E-001    -0.87630638E-001
    -0.15654247E+000    -0.78397297E-001    -0.15164379E+001    -0.62417863E+004    -0.33507509E+004     0.48659341E-001    -0.93980139E-001
    -0.15578256E+000     0.44345366E+000    -0.12689170E+001    -0.68193015E+004    -0.33202787E+004     0.33650521E-001    -0.10550157E+000
    -0.15502264E+000     0.54753211E+000    -0.78875654E+000    -0.75627676E+004    -0.33860613E+004     0.19503413E-001    -0.13803464E+000
    -0.15426273E+000     0.37017612E+000    -0.57003022E+000    -0.83925950E+004    -0.35927528E+004     0.31862826E-001    -0.18816789E+000
    -0.15350281E+000     0.27183201E+000    -0.52479899E+000    -0.92735100E+004    -0.39038555E+004     0.83643483E-001    -0.22259691E+000
    -0.15274290E+000     0.18876440E+000    -0.46985883E+000    -0.10266239E+005    -0.43103837E+004     0.14011614E+000    -0.21193283E+000
    -0.15198298E+000     0.58782064E-001    -0.51719293E+000    -0.11428665E+005    -0.49001009E+004     0.16753170E+000    -0.18410194E+000
    -0.15122307E+000     0.77833032E-001    -0.66870598E+000    -0.12748346E+005    -0.58199407E+004     0.18165067E+000    -0.16488718E+000
    -0.15046315E+000     0.21176415E+000    -0.67618585E+000    -0.14116164E+005    -0.72281444E+004     0.19685186E+000    -0.14905381E+000
    -0.14970324E+000     0.23293911E+000    -0.61608204E+000    -0.15261186E+005    -0.92510499E+004     0.21886017E+000    -0.13132321E+000
    -0.14894332E+000     0.25592484E+000    -0.62704525E+000    -0.15771004E+005    -0.11651234E+005     0.24483231E+000    -0.84924622E-001
    -0.14818341E+000     0.30686491E+000    -0.58813543E+000    -0.15849842E+005    -0.13872344E+005     0.22434287E+000    -0.20495877E-001
    -0.14742350E+000     0.30866356E+000    -0.56424029E+000    -0.16058757E+005    -0.16185557E+005     0.17322251E+000     0.99850383E-002
    -0.14666358E+000     0.35528386E+000    -0.57021699E+000    -0.16235689E+005    -0.19229436E+005     0.12237118E+000     0.99093464E-002
    -0.14590367E+000     0.45670470E+000    -0.51646351E+000    -0.15581771E+005    -0.23424028E+005     0.83678730E-001    -0.12823897E-001
    -0.14514375E+000     0.51530115E+000    -0.33379540E+000    -0.12861979E+005    -0.28233169E+005     0.61959800E-001    -0.47911459E-001
    -0.14438384E+000     0.37146493E+000    -0.13834965E+000    -0.75295091E+004    -0.32013128E+005     0.63393986E-001    -0.91108420E-001
    -0.14362392E+000     0.22595682E+000    -0.15072162E+000    -0.82225820E+003    -0.32986380E+005     0.91732437E-001    -0.12162735E+000
    -0.14286401E+000     0.14190471E+000     0.66339400E-001     0.54512531E+004    -0.31320933E+005     0.13093600E+000    -0.12998542E+000
    -0.14210409E+000    -0.56711650E+000     0.71407977E-001     0.10356782E+005    -0.27337182E+005     0.16995799E+000    -0.10923163E+000
    -0.14134418E+000    -0.89804715E+000    -0.83952544E+000     0.12430669E+005    -0.22260320E+005     0.18212699E+000    -0.67403939E-001
    -0.14058426E+000    -0.32468044E+000    -0.15296872E+001     0.12201301E+005    -0.18315882E+005     0.16599985E+000    -0.31421230E-001
    -0.13982435E+000     0.38027991E+000    -0.15905594E+001     0.11332195E+005    -0.15917494E+005     0.13238253E+000    -0.15536589E-001
    -0.13906443E+000     0.83216475E+000    -0.13251636E+001     0.10676784E+005    -0.14565256E+005     0.10434960E+000    -0.27635627E-001
    -0.13830452E+000     0.10768057E+001    -0.97737463E+000     0.10623162E+005    -0.13565104E+005     0.10179657E+000    -0.41555663E-001
    -0.13754460E+000     0.97294416E+000    -0.59532089E+000     0.10861530E+005    -0.12204211E+005     0.93429110E-001    -0.36278457E-001
    -0.13678469E+000     0.72891634E+000    -0.78600030E+000     0.10711509E+005    -0.10486814E+005     0.70898749E-001    -0.49642349E-001
    -0.13602477E+000     0.12387512E+001    -0.11774750E+001     0.99811846E+004    -0.89140288E+004     0.67831587E-001    -0.76309803E-001
    -0.13526486E+000     0.22070605E+001    -0.72147227E+000     0.88826560E+004    -0.78003283E+004     0.78635571E-001    -0.93246719E-001
    -0.13450494E+000     0.25407545E+001     0.61380869E+000     0.77258980E+004    -0.72739964E+004     0.88863535E-001    -0.10145000E+000
    -0.13374503E+000     0.16938636E+001     0.19656569E+001     0.68759516E+004    -0.72091929E+004     0.97779436E-001    -0.10754810E+000
    -0.13298511E+000     0.44773602E-001     0.22370230E+001     0.64470904E+004    -0.71790253E+004     0.10682915E+000    -0.11182983E+000
    -0.13222520E+000    -0.10315211E+001     0.13294395E+001     0.60579695E+004    -0.69853788E+004     0.11426301E+000    -0.11485901E+000
    -0.13146528E+000    -0.11897521E+001     0.40802237E+000     0.55697399E+004    -0.69656480E+004     0.12098824E+000    -0.12127989E+000
    -0.13070537E+000    -0.10665098E+001    -0.19080051E+000     0.53763260E+004    -0.72676275E+004     0.13644669E+000    -0.13163474E+000
    -0.12994545E+000    -0.82525357E+000    -0.62653076E+000     0.57897035E+004    -0.73845925E+004     0.16438108E+000    -0.13000072E+000
    -0.12918554E+000    -0.54965772E+000    -0.88299091E+000     0.62893298E+004    -0.67774121E+004     0.18495577E+000    -0.10812111E+000
    -0.12842562E+000    -0.29235032E+000    -0.11214818E+001     0.62341440E+004    -0.58130978E+004     0.18551432E+000    -0.83316886E-001
    -0.12766571E+000     0.13176477E+000    -0.12836202E+001     0.57247216E+004    -0.50061361E+004     0.17521026E+000    -0.69772443E-001
    -0.12690579E+000     0.55445494E+000    -0.11778456E+001     0.50180128E+004    -0.44678270E+004     0.16508926E+000    -0.67166956E-001
    -0.12614588E+000     0.80300244E+000    -0.96527466E+000     0.42406822E+004    -0.41679284E+004     0.15902405E+000    -0.70966425E-001
    -0.12538596E+000     0.95390004E+000    -0.76985531E+000     0.34596535E+004    -0.40999282E+004     0.15823208E+000    -0.79140849E-001
    -0.12462605E+000     0.10544334E+001    -0.58765916E+000     0.27347245E+004    -0.42345158E+004     0.16499500E+000    -0.89933640E-001
    -0.12386613E+000     0.11402287E+001    -0.45319299E+000     0.21165411E+004    -0.45838230E+004     0.18327013E+000    -0.99934520E-001
    -0.12310622E+000     0.13512847E+001    -0.34778195E+000     0.17323289E+004    -0.50873387E+004     0.21470505E+000    -0.97965922E-001
    -0.12234630E+000     0.18013633E+001     0.11456502E+000     0.15701119E+004    -0.55978674E+004     0.24737684E+000    -0.74044683E-001
    -0.12158639E+000     0.16233459E+001     0.12969379E+001     0.15833888E+004    -0.61561360E+004     0.26802394E+000    -0.30486690E-001
    -0.12082647E+000     0.26783533E+000     0.17575321E+001     0.19790727E+004    -0.67251918E+004     0.26333043E+000     0.29621692E-001
    -0.12006656E+000    -0.61704892E+000     0.96348728E+000     0.28621858E+004    -0.68789168E+004     0.21436412E+000     0.80358471E-001
    -0.11930664E+000    -0.53488569E+000     0.20485274E+000     0.36323020E+004    -0.61739236E+004     0.14868516E+000     0.82803599E-001
    -0.11854673E+000    -0.20623468E+000    -0.82109202E-002     0.36226738E+004    -0.52028082E+004     0.10895384E+000     0.54150896E-001
    -0.11778681E+000    -0.93428306E-001     0.72006659E-001     0.31833867E+004    -0.45935145E+004     0.92459734E-001     0.24401343E-001
    -0.11702690E+000    -0.21004635E+000     0.83132114E-001     0.27364525E+004    -0.42623898E+004     0.86475634E-001    -0.23521386E-002
    -0.11626698E+000    -0.30936299E+000    -0.52027922E-001     0.22993386E+004    -0.40243678E+004     0.90303615E-001    -0.27946439E-001
    -0.11550707E+000    -0.36174333E+000    -0.21555116E+000     0.18340005E+004    -0.39111263E+004     0.10493121E+000    -0.47714986E-001
    -0.11474715E+000    -0.39049835E+000    -0.44489664E+000     0.14655952E+004    -0.39310705E+004     0.12669596E+000    -0.56162155E-001
    -0.11398724E+000    -0.30627890E+000    -0.76817766E+000     0.12139838E+004    -0.38978343E+004     0.14683497E+000    -0.49147430E-001
    -0.11322732E+000     0.29467636E-001    -0.10818476E+001     0.89373965E+003    -0.38205149E+004     0.15454669E+000    -0.34585028E-001
    -0.11246741E+000     0.54266382E+000    -0.11086465E+001     0.57375844E+003    -0.38206013E+004     0.15273904E+000    -0.22421002E-001
    -0.11170749E+000     0.94185613E+000    -0.89903690E+000     0.26657511E+003    -0.37888336E+004     0.14566096E+000    -0.15274655E-001
    -0.11094758E+000     0.12768467E+001    -0.54215156E+000    -0.14295313E+003    -0.38524772E+004     0.13723243E+000    -0.13962746E-001
    -0.11018766E+000     0.13661528E+001     0.50347873E-001    -0.38851326E+003    -0.41500027E+004     0.13018698E+000    -0.17490305E-001
    -0.10942775E+000     0.99965931E+000     0.53500587E+000    -0.22987142E+003    -0.42975187E+004     0.12701829E+000    -0.23992245E-001
    -0.10866783E+000     0.52434942E+000     0.58232329E+000    -0.10750679E+003    -0.39339718E+004     0.12757541E+000    -0.29688428E-001
    -0.10790792E+000     0.27379604E+000     0.40582791E+000    -0.41772588E+003    -0.34095043E+004     0.12915276E+000    -0.33863452E-001
    -0.10714800E+000     0.20269497E+000     0.23711974E+000    -0.10217929E+004    -0.30484976E+004     0.13136380E+000    -0.37060007E-001
    -0.10638809E+000     0.21556256E+000     0.11609094E+000    -0.17543068E+004    -0.28901900E+004     0.13247579E+000    -0.38819779E-001
    -0.10562817E+000     0.29207098E+000     0.48788976E-001    -0.25342091E+004    -0.29424489E+004     0.13116791E+000    -0.42527866E-001
    -0.10486826E+000     0.40361365E+000     0.86495276E-001    -0.32707413E+004    -0.31946721E+004     0.13116009E+000    -0.50527039E-001
    -0.10410834E+000     0.43079378E+000     0.26082886E+000    -0.39181973E+004    -0.36026722E+004     0.13524265E+000    -0.60443979E-001
    -0.10334843E+000     0.23170018E+000     0.41507634E+000    -0.44031134E+004    -0.42058478E+004     0.14385424E+000    -0.71240268E-001
    -0.10258851E+000    -0.40321273E-001     0.30185101E+000    -0.44371632E+004    -0.48548484E+004     0.16026359E+000    -0.79856663E-001
    -0.10182860E+000    -0.90655991E-001     0.26928944E-001    -0.41398377E+004    -0.49536142E+004     0.18090481E+000    -0.77754480E-001
    -0.10106868E+000     0.46542207E-001    -0.14954418E+000    -0.42519292E+004    -0.45221400E+004     0.19475665E+000    -0.67310416E-001
    -0.10030877E+000     0.21809529E+000    -0.20509424E+000    -0.48832282E+004    -0.41255697E+004     0.20239463E+000    -0.56159262E-001
    -0.99548855E-001     0.37382332E+000    -0.17447361E+000    -0.58302570E+004    -0.39507590E+004     0.20470182E+000    -0.44928870E-001
    -0.98788940E-001     0.49281642E+000    -0.10125911E+000    -0.69893927E+004    -0.40680380E+004     0.20139034E+000    -0.37253485E-001
    -0.98029025E-001     0.59309414E+000    -0.33407461E-002    -0.82754922E+004    -0.45427660E+004     0.19548437E+000    -0.35578632E-001
    -0.97269110E-001     0.68321328E+000     0.12480490E+000    -0.96036322E+004    -0.54718326E+004     0.18921556E+000    -0.40429112E-001
    -0.96509195E-001     0.76188951E+000     0.30450118E+000    -0.10795998E+005    -0.70219351E+004     0.18369669E+000    -0.53914813E-001
    -0.95749280E-001     0.79203286E+000     0.56591760E+000    -0.11374836E+005    -0.93623348E+004     0.18591724E+000    -0.83180634E-001
    -0.94989365E-001     0.67851923E+000     0.88996582E+000    -0.10349100E+005    -0.12080908E+005     0.22048520E+000    -0.12171200E+000
    -0.94229450E-001     0.37703371E+000     0.11307368E+001    -0.74796401E+004    -0.13263342E+005     0.28814794E+000    -0.12613106E+000
    -0.93469536E-001     0.20575487E-001     0.11634855E+001    -0.50509776E+004    -0.11778673E+005     0.33829768E+000    -0.87048289E-001
    -0.92709621E-001    -0.21463468E+000     0.10487789E+001    -0.47558741E+004    -0.93435803E+004     0.35569815E+000    -0.43831683E-001
    -0.91949706E-001    -0.31235029E+000     0.95279247E+000    -0.59709217E+004    -0.75363451E+004     0.35941013E+000    -0.13696864E-001
    -0.91189791E-001    -0.36422489E+000     0.93114325E+000    -0.77854778E+004    -0.65634863E+004     0.36277612E+000     0.65527201E-002
    -0.90429876E-001    -0.42608429E+000     0.97558359E+000    -0.98140028E+004    -0.62072557E+004     0.36927944E+000     0.22736232E-001
    -0.89669961E-001    -0.49362412E+000     0.10577831E+001    -0.11965445E+005    -0.62886663E+004     0.37879344E+000     0.37675533E-001
    -0.88910046E-001    -0.55457358E+000     0.13046681E+001    -0.14267293E+005    -0.67160362E+004     0.39176801E+000     0.51951807E-001
    -0.88150131E-001    -0.92607792E+000     0.18105011E+001    -0.16802864E+005    -0.74889383E+004     0.41029697E+000     0.67033897E-001
    -0.87390216E-001    -0.19521471E+001     0.21258317E+001    -0.19662520E+005    -0.86919732E+004     0.43553586E+000     0.86027871E-001
    -0.86630301E-001    -0.31816729E+001     0.16113559E+001    -0.22941928E+005    -0.10484605E+005     0.46797079E+000     0.11202126E+000
    -0.85870386E-001    -0.39138238E+001     0.57834416E+000    -0.26746688E+005    -0.13147716E+005     0.50857014E+000     0.14908473E+000
    -0.85110471E-001    -0.42605164E+001    -0.49328452E+000    -0.31154002E+005    -0.17178210E+005     0.55820976E+000     0.20440867E+000
    -0.84350556E-001    -0.44645803E+001    -0.16429852E+001    -0.36081165E+005    -0.23447118E+005     0.61461504E+000     0.29051230E+000
    -0.83590642E-001    -0.44341986E+001    -0.31318663E+001    -0.40895643E+005    -0.33434219E+005     0.66715311E+000     0.42549541E+000
    -0.82830727E-001    -0.36015001E+001    -0.49387513E+001    -0.43226890E+005    -0.49353255E+005     0.68635841E+000     0.63537891E+000
    -0.82070812E-001    -0.16740571E+001    -0.61973684E+001    -0.36089140E+005    -0.71984846E+005     0.58387876E+000     0.93230139E+000
    -0.81310897E-001     0.64847168E+000    -0.62598317E+001    -0.98211268E+004    -0.90718266E+005     0.23178902E+000     0.11810121E+001
    -0.80550982E-001     0.25281068E+001    -0.51011421E+001     0.24703558E+005    -0.84999148E+005    -0.23276836E+000     0.11127106E+001
    -0.79791067E-001     0.32446942E+001    -0.34851433E+001     0.42457339E+005    -0.62244056E+005    -0.48465963E+000     0.81738338E+000
    -0.79031152E-001     0.31761880E+001    -0.22767016E+001     0.44316597E+005    -0.42105805E+005    -0.52765400E+000     0.54864910E+000
    -0.78271237E-001     0.28867335E+001    -0.15292214E+001     0.40179810E+005    -0.29025206E+005    -0.48790748E+000     0.37069245E+000
    -0.77511322E-001     0.25871436E+001    -0.10709635E+001     0.34876914E+005    -0.21050012E+005    -0.43235366E+000     0.26090109E+000
    -0.76751407E-001     0.23297029E+001    -0.79027984E+000     0.29892127E+005    -0.16151627E+005    -0.38345832E+000     0.19008610E+000
    -0.75991492E-001     0.21462156E+001    -0.62428024E+000     0.25540433E+005    -0.13070457E+005    -0.34223039E+000     0.13774243E+000
    -0.75231577E-001     0.20589756E+001    -0.48357255E+000     0.21794812E+005    -0.11061977E+005    -0.30272255E+000     0.98307879E-001
    -0.74471662E-001     0.19889520E+001    -0.27835878E+000     0.18464188E+005    -0.96725292E+004    -0.26690127E+000     0.72938087E-001
    -0.73711748E-001     0.18193681E+001    -0.66118888E-001     0.15325215E+005    -0.87597385E+004    -0.23923530E+000     0.56787625E-001
    -0.72951833E-001     0.15891930E+001     0.23761141E-001     0.12296782E+005    -0.83107228E+004    -0.21875422E+000     0.44172678E-001
    -0.72191918E-001     0.14256108E+001     0.80082984E-002     0.93398521E+004    -0.83166146E+004    -0.20319708E+000     0.32675898E-001
    -0.71432003E-001     0.13393647E+001    -0.20351728E-001     0.64238609E+004    -0.88251483E+004    -0.19110237E+000     0.21030519E-001
    -0.70672088E-001     0.12869672E+001    -0.31723893E-001     0.36039557E+004    -0.99739034E+004    -0.18104068E+000     0.78543991E-002
    -0.69912173E-001     0.12384834E+001    -0.30256540E-001     0.12017435E+004    -0.11905254E+005    -0.17010757E+000    -0.80584376E-002
    -0.69152258E-001     0.11719562E+001    -0.35244796E-001    -0.12481890E+003    -0.14223763E+005    -0.15324429E+000    -0.24219609E-001
    -0.68392343E-001     0.10885946E+001    -0.87415802E-001    -0.65802100E+003    -0.15524975E+005    -0.13148640E+000    -0.31207104E-001
    -0.67632428E-001     0.10267552E+001    -0.20824758E+000    -0.24017776E+004    -0.15805547E+005    -0.11714436E+000    -0.28258832E-001
    -0.66872513E-001     0.10067715E+001    -0.39523270E+000    -0.59461749E+004    -0.16910341E+005    -0.11341030E+000    -0.26003910E-001
    -0.66112598E-001     0.10398384E+001    -0.68776069E+000    -0.10625551E+005    -0.20000432E+005    -0.11561461E+000    -0.29525223E-001
    -0.65352683E-001     0.12222065E+001    -0.11936917E+001    -0.15842245E+005    -0.25983052E+005    -0.12057942E+000    -0.40399043E-001
    -0.64592768E-001     0.19195733E+001    -0.20059599E+001    -0.20508486E+005    -0.36415489E+005    -0.12537994E+000    -0.61430542E-001
    -0.63832854E-001     0.40017873E+001    -0.26536433E+001    -0.21163456E+005    -0.53359453E+005    -0.12244095E+000    -0.96644222E-001
    -0.63072939E-001     0.75396945E+001    -0.61157852E+000    -0.93360571E+004    -0.75243653E+005    -0.94093356E-001    -0.14261063E+000
    -0.62313024E-001     0.74324508E+001     0.52200101E+001     0.20698386E+005    -0.86555998E+005    -0.28074893E-001    -0.16731624E+000
    -0.61553109E-001     0.23875819E+001     0.76048249E+001     0.49630377E+005    -0.73096350E+005     0.36040693E-001    -0.14067184E+000
    -0.60793194E-001    -0.10056582E+001     0.58250653E+001     0.60189777E+005    -0.50864330E+005     0.61959288E-001    -0.95440495E-001
    -0.60033279E-001    -0.19690165E+001     0.37508058E+001     0.59270497E+005    -0.34022427E+005     0.63749414E-001    -0.61193961E-001
    -0.59273364E-001    -0.19676653E+001     0.23876554E+001     0.54918725E+005    -0.23400466E+005     0.58135858E-001    -0.39766284E-001
    -0.58513449E-001    -0.17188249E+001     0.15727583E+001     0.50247213E+005    -0.16799679E+005     0.51619200E-001    -0.26624245E-001
    -0.57753534E-001    -0.14471407E+001     0.10805034E+001     0.46089244E+005    -0.12562532E+005     0.45955954E-001    -0.18338138E-001
    -0.56993619E-001    -0.12094304E+001     0.77199112E+000     0.42564545E+005    -0.97268178E+004     0.41414853E-001    -0.12917200E-001
    -0.56233704E-001    -0.10134690E+001     0.57059525E+000     0.39605513E+005    -0.77519011E+004     0.37872437E-001    -0.92442728E-002
    -0.55473789E-001    -0.85435378E+000     0.43402748E+000     0.37112194E+005    -0.63272170E+004     0.35135953E-001    -0.66789389E-002
    -0.54713874E-001    -0.72507168E+000     0.33824658E+000     0.34993670E+005    -0.52677855E+004     0.33029770E-001    -0.48408565E-002
    -0.53953960E-001    -0.61932051E+000     0.26907214E+000     0.33176106E+005    -0.44591705E+004     0.31412354E-001    -0.34956337E-002
    -0.53194045E-001    -0.53204266E+000     0.21782708E+000     0.31601638E+005    -0.38280067E+004     0.30174138E-001    -0.24937370E-002
    -0.52434130E-001    -0.45932752E+000     0.17901718E+000     0.30225309E+005    -0.33257155E+004     0.29231322E-001    -0.17367531E-002
    -0.51674215E-001    -0.39818262E+000     0.14905390E+000     0.29012114E+005    -0.29191894E+004     0.28519854E-001    -0.11581012E-002
    -0.50914300E-001    -0.34631599E+000     0.12552725E+000     0.27934605E+005    -0.25852780E+004     0.27990556E-001    -0.71162753E-003
    -0.50154385E-001    -0.30196156E+000     0.10677791E+000     0.26971060E+005    -0.23074194E+004     0.27605424E-001    -0.36464522E-003
    -0.49394470E-001    -0.26374710E+000     0.91637596E-001     0.26104120E+005    -0.20735215E+004     0.27334871E-001    -0.93562578E-004
    -0.48634555E-001    -0.23059655E+000     0.79267179E-001     0.25319778E+005    -0.18745926E+004     0.27155695E-001     0.11893538E-003
    -0.47874640E-001    -0.20165802E+000     0.69052979E-001     0.24606619E+005    -0.17038362E+004     0.27049568E-001     0.28574748E-003
    -0.47114725E-001    -0.17625090E+000     0.60538851E-001     0.23955262E+005    -0.15560384E+004     0.27001918E-001     0.41661111E-003
    -0.46354810E-001    -0.15382651E+000     0.53380710E-001     0.23357923E+005    -0.14271451E+004     0.27001086E-001     0.51896477E-003
    -0.45594895E-001    -0.13393877E+000     0.47315517E-001     0.22808098E+005    -0.13139657E+004     0.27037692E-001     0.59855161E-003
    -0.44834980E-001    -0.11622213E+000     0.42139724E-001     0.22300310E+005    -0.12139605E+004     0.27104153E-001     0.65984848E-003
    -0.44075066E-001    -0.10037476E+000     0.37694042E-001     0.21829911E+005    -0.11250876E+004     0.27194309E-001     0.70637532E-003
    -0.43315151E-001    -0.86145698E-001     0.33852537E-001     0.21392935E+005    -0.10456898E+004     0.27303138E-001     0.74092139E-003
    -0.42555236E-001    -0.73324883E-001     0.30514702E-001     0.20985976E+005    -0.97441005E+003     0.27426531E-001     0.76571251E-003
    -0.41795321E-001    -0.61735407E-001     0.27599620E-001     0.20606089E+005    -0.91012858E+003     0.27561117E-001     0.78253624E-003
    -0.41035406E-001    -0.51227413E-001     0.25041619E-001     0.20250720E+005    -0.85191432E+003     0.27704125E-001     0.79283648E-003
    -0.40275491E-001    -0.41673277E-001     0.22787009E-001     0.19917638E+005    -0.79898776E+003     0.27853269E-001     0.79778558E-003
    -0.39515576E-001    -0.32963752E-001     0.20791577E-001     0.19604889E+005    -0.75069213E+003     0.28006666E-001     0.79833994E-003
    -0.38755661E-001    -0.25004876E-001     0.19018677E-001     0.19310749E+005    -0.70647066E+003     0.28162761E-001     0.79528310E-003
    -0.37995746E-001    -0.17715459E-001     0.17437759E-001     0.19033697E+005    -0.66584873E+003     0.28320269E-001     0.78925938E-003
    -0.37235831E-001    -0.11025066E-001     0.16023204E-001     0.18772382E+005    -0.62841963E+003     0.28478131E-001     0.78080042E-003
    -0.36475916E-001    -0.48723398E-002     0.14753409E-001     0.18525601E+005    -0.59383306E+003     0.28635474E-001     0.77034618E-003
    -0.35716001E-001     0.79637596E-003     0.13610065E-001     0.18292277E+005    -0.56178593E+003     0.28791579E-001     0.75826174E-003
    -0.34956086E-001     0.60281653E-002     0.12577593E-001     0.18071446E+005    -0.53201482E+003     0.28945858E-001     0.74485066E-003
    -0.34196172E-001     0.10864479E-001     0.11642666E-001     0.17862242E+005    -0.50428984E+003     0.29097830E-001     0.73036585E-003
    -0.33436257E-001     0.15341933E-001     0.10793835E-001     0.17663883E+005    -0.47840957E+003     0.29247104E-001     0.71501829E-003
    -0.32676342E-001     0.19492971E-001     0.10021234E-001     0.17475661E+005    -0.45419685E+003     0.29393366E-001     0.69898421E-003
    -0.31916427E-001     0.23346412E-001     0.93163271E-002     0.17296937E+005    -0.43149533E+003     0.29536365E-001     0.68241087E-003
    -0.31156512E-001     0.26927925E-001     0.86716985E-002     0.17127129E+005    -0.41016653E+003     0.29675901E-001     0.66542133E-003
    -0.30396597E-001     0.30260437E-001     0.80808811E-002     0.16965706E+005    -0.39008742E+003     0.29811823E-001     0.64811844E-003
    -0.29636682E-001     0.33364471E-001     0.75382225E-002     0.16812186E+005    -0.37114834E+003     0.29944014E-001     0.63058810E-003
    -0.28876767E-001     0.36258443E-001     0.70387604E-002     0.16666126E+005    -0.35325127E+003     0.30072389E-001     0.61290190E-003
    -0.28116852E-001     0.38958914E-001     0.65781265E-002     0.16527122E+005    -0.33630833E+003     0.30196890E-001     0.59511938E-003
    -0.27356937E-001     0.41480810E-001     0.61524705E-002     0.16394804E+005    -0.32024052E+003     0.30317481E-001     0.57728998E-003
    -0.26597022E-001     0.43837601E-001     0.57583844E-002     0.16268830E+005    -0.30497663E+003     0.30434143E-001     0.55945452E-003
    -0.25837107E-001     0.46041475E-001     0.53928453E-002     0.16148888E+005    -0.29045231E+003     0.30546872E-001     0.54164655E-003
    -0.25077192E-001     0.48103467E-001     0.50531640E-002     0.16034687E+005    -0.27660928E+003     0.30655679E-001     0.52389346E-003
    -0.24317278E-001     0.50033593E-001     0.47369411E-002     0.15925963E+005    -0.26339460E+003     0.30760581E-001     0.50621741E-003
    -0.23557363E-001     0.51840955E-001     0.44420293E-002     0.15822468E+005    -0.25076007E+003     0.30861608E-001     0.48863608E-003
    -0.22797448E-001     0.53533837E-001     0.41665031E-002     0.15723976E+005    -0.23866174E+003     0.30958791E-001     0.47116342E-003
    -0.22037533E-001     0.55119792E-001     0.39086337E-002     0.15630276E+005    -0.22705940E+003     0.31052172E-001     0.45381013E-003
    -0.21277618E-001     0.56605710E-001     0.36668666E-002     0.15541174E+005    -0.21591619E+003     0.31141794E-001     0.43658419E-003
    -0.20517703E-001     0.57997884E-001     0.34398043E-002     0.15456489E+005    -0.20519828E+003     0.31227702E-001     0.41949125E-003
    -0.19757788E-001     0.59302060E-001     0.32261829E-002     0.15376055E+005    -0.19487451E+003     0.31309945E-001     0.40253497E-003
    -0.18997873E-001     0.60523494E-001     0.30248546E-002     0.15299716E+005    -0.18491613E+003     0.31388573E-001     0.38571733E-003
    -0.18237958E-001     0.61666998E-001     0.28347767E-002     0.15227328E+005    -0.17529657E+003     0.31463637E-001     0.36903889E-003
    -0.17478043E-001     0.62736974E-001     0.26549958E-002     0.15158758E+005    -0.16599120E+003     0.31535188E-001     0.35249898E-003
    -0.16718128E-001     0.63737466E-001     0.24846356E-002     0.15093883E+005    -0.15697715E+003     0.31603276E-001     0.33609588E-003
    -0.15958213E-001     0.64672188E-001     0.23229043E-002     0.15032587E+005    -0.14823313E+003     0.31667951E-001     0.31982703E-003
    -0.15198298E-001     0.65544531E-001     0.21690847E-002     0.14974765E+005    -0.13973930E+003     0.31729263E-001     0.30368911E-003
    -0.14438384E-001     0.66357602E-001     0.20225095E-002     0.14920318E+005    -0.13147709E+003     0.31787259E-001     0.28767817E-003
    -0.13678469E-001     0.67114249E-001     0.18825624E-002     0.14869154E+005    -0.12342910E+003     0.31841986E-001     0.27178976E-003
    -0.12918554E-001     0.67817079E-001     0.17486788E-002     0.14821190E+005    -0.11557899E+003     0.31893489E-001     0.25601894E-003
    -0.12158639E-001     0.68468473E-001     0.16203306E-002     0.14776348E+005    -0.10791136E+003     0.31941810E-001     0.24036042E-003
    -0.11398724E-001     0.69070614E-001     0.14970308E-002     0.14734555E+005    -0.10041168E+003     0.31986991E-001     0.22480861E-003
    -0.10638809E-001     0.69625484E-001     0.13783292E-002     0.14695747E+005    -0.93066202E+002     0.32029071E-001     0.20935761E-003
    -0.98788940E-002     0.70134885E-001     0.12637995E-002     0.14659861E+005    -0.85861853E+002     0.32068086E-001     0.19400135E-003
    -0.91189791E-002     0.70600460E-001     0.11530429E-002     0.14626845E+005    -0.78786206E+002     0.32104070E-001     0.17873355E-003
    -0.83590642E-002     0.71023691E-001     0.10456910E-002     0.14596646E+005    -0.71827393E+002     0.32137056E-001     0.16354781E-003
    -0.75991492E-002     0.71405905E-001     0.94139684E-003     0.14569220E+005    -0.64974048E+002     0.32167073E-001     0.14843759E-003
    -0.68392343E-002     0.71748290E-001     0.83982242E-003     0.14544525E+005    -0.58215254E+002     0.32194149E-001     0.13339626E-003
    -0.60793194E-002     0.72051911E-001     0.74065166E-003     0.14522525E+005    -0.51540491E+002     0.32218308E-001     0.11841711E-003
    -0.53194045E-002     0.72317695E-001     0.64359226E-003     0.14503188E+005    -0.44939586E+002     0.32239572E-001     0.10349334E-003
    -0.45594895E-002     0.72546444E-001     0.54835093E-003     0.14486485E+005    -0.38402670E+002     0.32257961E-001     0.88618134E-004
    -0.37995746E-002     0.72738852E-001     0.45464303E-003     0.14472392E+005    -0.31920134E+002     0.32273493E-001     0.73784614E-004
    -0.30396597E-002     0.72895502E-001     0.36220182E-003     0.14460889E+005    -0.25482587E+002     0.32286180E-001     0.58985884E-004
    -0.22797448E-002     0.73016864E-001     0.27076651E-003     0.14451960E+005    -0.19080818E+002     0.32296036E-001     0.44215014E-004
    -0.15198298E-002     0.73103304E-001     0.18008262E-003     0.14445591E+005    -0.12705761E+002     0.32303070E-001     0.29465054E-004
    -0.75991492E-003     0.73155078E-001     0.89908366E-004     0.14441773E+005    -0.63484518E+001     0.32307287E-001     0.14729038E-004
     0.00000000E+000     0.73172324E-001     0.41531251E-014     0.14440501E+005     0.28084529E-012     0.32308692E-001     0.12978516E-014
     0.75991492E-003     0.73155078E-001    -0.89908366E-004     0.14441773E+005     0.63484518E+001     0.32307287E-001    -0.14729038E-004
     0.15198298E-002     0.73103304E-001    -0.18008262E-003     0.14445591E+005     0.12705761E+002     0.32303070E-001    -0.29465054E-004
     0.22797448E-002     0.73016864E-001    -0.27076651E-003     0.14451960E+005     0.19080818E+002     0.32296036E-001    -0.44215014E-004
     0.30396597E-002     0.72895502E-001    -0.36220182E-003     0.14460889E+005     0.25482587E+002     0.32286180E-001    -0.58985884E-004
     0.37995746E-002     0.72738852E-001    -0.45464303E-003     0.14472392E+005     0.31920134E+002     0.32273493E-001    -0.73784614E-004
     0.45594895E-002     0.72546444E-001    -0.54835093E-003     0.14486485E+005     0.38402670E+002     0.32257961E-001    -0.88618134E-004
     0.53194045E-002     0.72317695E-001    -0.64359226E-003     0.14503188E+005     0.44939586E+002     0.32239572E-001    -0.10349334E-003
     0.60793194E-002     0.72051911E-001    -0.74065166E-003     0.14522525E+005     0.51540491E+002     0.32218308E-001    -0.11841711E-003
     0.68392343E-002     0.71748290E-001    -0.83982242E-003     0.14544525E+005     0.58215254E+002     0.32194149E-001    -0.13339626E-003
     0.75991492E-002     0.71405905E-001    -0.94139684E-003     0.14569220E+005     0.64974048E+002     0.32167073E-001    -0.14843759E-003
     0.83590642E-002     0.71023691E-001    -0.10456910E-002     0.14596646E+005     0.71827393E+002     0.32137056E-001    -0.16354781E-003
     0.91189791E-002     0.70600460E-001    -0.11530429E-002     0.14626845E+005     0.78786206E+002     0.32104070E-001    -0.17873355E-003
     0.98788940E-002     0.70134885E-001    -0.12637995E-002     0.14659861E+005     0.85861853E+002     0.32068086E-001    -0.19400135E-003
     0.10638809E-001     0.69625484E-001    -0.13783292E-002     0.14695747E+005     0.93066202E+002     0.32029071E-001    -0.20935761E-003
     0.11398724E-001     0.69070614E-001    -0.14970308E-002     0.14734555E+005     0.10041168E+003     0.31986991E-001    -0.22480861E-003
     0.12158639E-001     0.68468473E-001    -0.16203306E-002     0.14776348E+005     0.10791136E+003     0.31941810E-001    -0.24036042E-003
     0.12918554E-001     0.67817079E-001    -0.17486788E-002     0.14821190E+005     0.11557899E+003     0.31893489E-001    -0.25601894E-003
     0.13678469E-001     0.67114249E-001    -0.18825624E-002     0.14869154E+005     0.12342910E+003     0.31841986E-001    -0.27178976E-003
     0.14438384E-001     0.66357602E-001    -0.20225095E-002     0.14920318E+005     0.13147709E+003     0.31787259E-001    -0.28767817E-003
     0.15198298E-001     0.65544531E-001    -0.21690847E-002     0.14974765E+005     0.13973930E+003     0.31729263E-001    -0.30368911E-003
     0.15958213E-001     0.64672188E-001    -0.23229043E-002     0.15032587E+005     0.14823313E+003     0.31667951E-001    -0.31982703E-003
     0.16718128E-001     0.63737466E-001    -0.24846356E-002     0.15093883E+005     0.15697715E+003     0.31603276E-001    -0.33609588E-003
     0.17478043E-001     0.62736974E-001    -0.26549958E-002     0.15158758E+005     0.16599120E+003     0.31535188E-001    -0.35249898E-003
     0.18237958E-001     0.61666998E-001    -0.28347767E-002     0.15227328E+005     0.17529657E+003     0.31463637E-001    -0.36903889E-003
     0.18997873E-001     0.60523494E-001    -0.30248546E-002     0.15299716E+005     0.18491613E+003     0.31388573E-001    -0.38571733E-003
     0.19757788E-001     0.59302060E-001    -0.32261829E-002     0.15376055E+005     0.19487451E+003     0.31309945E-001    -0.40253497E-003
     0.20517703E-001     0.57997884E-001    -0.34398043E-002     0.15456489E+005     0.20519828E+003     0.31227702E-001    -0.41949125E-003
     0.21277618E-001     0.56605710E-001    -0.36668666E-002     0.15541174E+005     0.21591619E+003     0.31141794E-001    -0.43658419E-003
     0.22037533E-001     0.55119792E-001    -0.39086337E-002     0.15630276E+005     0.22705940E+003     0.31052172E-001    -0.45381013E-003
     0.22797448E-001     0.53533837E-001    -0.41665031E-002     0.15723976E+005     0.23866174E+003     0.30958791E-001    -0.47116342E-003
     0.23557363E-001     0.51840955E-001    -0.44420293E-002     0.15822468E+005     0.25076007E+003     0.30861608E-001    -0.48863608E-003
     0.24317278E-001     0.50033593E-001    -0.47369411E-002     0.15925963E+005     0.26339460E+003     0.30760581E-001    -0.50621741E-003
     0.25077192E-001     0.48103467E-001    -0.50531640E-002     0.16034687E+005     0.27660928E+003     0.30655679E-001    -0.52389346E-003
     0.25837107E-001     0.46041475E-001    -0.53928453E-002     0.16148888E+005     0.29045231E+003     0.30546872E-001    -0.54164655E-003
     0.26597022E-001     0.43837601E-001    -0.57583844E-002     0.16268830E+005     0.30497663E+003     0.30434143E-001    -0.55945452E-003
     0.27356937E-001     0.41480810E-001    -0.61524705E-002     0.16394804E+005     0.32024052E+003     0.30317481E-001    -0.57728998E-003
     0.28116852E-001     0.38958914E-001    -0.65781265E-002     0.16527122E+005     0.33630833E+003     0.30196890E-001    -0.59511938E-003
     0.28876767E-001     0.36258443E-001    -0.70387604E-002     0.16666126E+005     0.35325127E+003     0.30072389E-001    -0.61290190E-003
     0.29636682E-001     0.33364471E-001    -0.75382225E-002     0.16812186E+005     0.37114834E+003     0.29944014E-001    -0.63058810E-003
     0.30396597E-001     0.30260437E-001    -0.80808811E-002     0.16965706E+005     0.39008742E+003     0.29811823E-001    -0.64811844E-003
     0.31156512E-001     0.26927925E-001    -0.86716985E-002     0.17127129E+005     0.41016653E+003     0.29675901E-001    -0.66542133E-003
     0.31916427E-001     0.23346412E-001    -0.93163271E-002     0.17296937E+005     0.43149533E+003     0.29536365E-001    -0.68241087E-003
     0.32676342E-001     0.19492971E-001    -0.10021234E-001     0.17475661E+005     0.45419685E+003     0.29393366E-001    -0.69898421E-003
     0.33436257E-001     0.15341933E-001    -0.10793835E-001     0.17663883E+005     0.47840957E+003     0.29247104E-001    -0.71501829E-003
     0.34196172E-001     0.10864479E-001    -0.11642666E-001     0.17862242E+005     0.50428984E+003     0.29097830E-001    -0.73036585E-003
     0.34956086E-001     0.60281653E-002    -0.12577593E-001     0.18071446E+005     0.53201482E+003     0.28945858E-001    -0.74485066E-003
     0.35716001E-001     0.79637596E-003    -0.13610065E-001     0.18292277E+005     0.56178593E+003     0.28791579E-001    -0.75826174E-003
     0.36475916E-001    -0.48723398E-002    -0.14753409E-001     0.18525601E+005     0.59383306E+003     0.28635474E-001    -0.77034618E-003
     0.37235831E-001    -0.11025066E-001    -0.16023204E-001     0.18772382E+005     0.62841963E+003     0.28478131E-001    -0.78080042E-003
     0.37995746E-001    -0.17715459E-001    -0.17437759E-001     0.19033697E+005     0.66584873E+003     0.28320269E-001    -0.78925938E-003
     0.38755661E-001    -0.25004876E-001    -0.19018677E-001     0.19310749E+005     0.70647066E+003     0.28162761E-001    -0.79528310E-003
     0.39515576E-001    -0.32963752E-001    -0.20791577E-001     0.19604889E+005     0.75069213E+003     0.28006666E-001    -0.79833994E-003
     0.40275491E-001    -0.41673277E-001    -0.22787009E-001     0.19917638E+005     0.79898776E+003     0.27853269E-001    -0.79778558E-003
     0.41035406E-001    -0.51227413E-001    -0.25041619E-001     0.20250720E+005     0.85191432E+003     0.27704125E-001    -0.79283648E-003
     0.41795321E-001    -0.61735407E-001    -0.27599620E-001     0.20606089E+005     0.91012858E+003     0.27561117E-001    -0.78253624E-003
     0.42555236E-001    -0.73324883E-001    -0.30514702E-001     0.20985976E+005     0.97441005E+003     0.27426531E-001    -0.76571251E-003
     0.43315151E-001    -0.86145698E-001    -0.33852537E-001     0.21392935E+005     0.10456898E+004     0.27303138E-001    -0.74092139E-003
     0.44075066E-001    -0.10037476E+000    -0.37694042E-001     0.21829911E+005     0.11250876E+004     0.27194309E-001    -0.70637532E-003
     0.44834980E-001    -0.11622213E+000    -0.42139724E-001     0.22300310E+005     0.12139605E+004     0.27104153E-001    -0.65984848E-003
     0.45594895E-001    -0.13393877E+000    -0.47315517E-001     0.22808098E+005     0.13139657E+004     0.27037692E-001    -0.59855161E-003
     0.46354810E-001    -0.15382651E+000    -0.53380710E-001     0.23357923E+005     0.14271451E+004     0.27001086E-001    -0.51896477E-003
     0.47114725E-001    -0.17625090E+000    -0.60538851E-001     0.23955262E+005     0.15560384E+004     0.27001918E-001    -0.41661111E-003
     0.47874640E-001    -0.20165802E+000    -0.69052979E-001     0.24606619E+005     0.17038362E+004     0.27049568E-001    -0.28574748E-003
     0.48634555E-001    -0.23059655E+000    -0.79267179E-001     0.25319778E+005     0.18745926E+004     0.27155695E-001    -0.11893538E-003
     0.49394470E-001    -0.26374710E+000    -0.91637596E-001     0.26104120E+005     0.20735215E+004     0.27334871E-001     0.93562578E-004
     0.50154385E-001    -0.30196156E+000    -0.10677791E+000     0.26971060E+005     0.23074194E+004     0.27605424E-001     0.36464522E-003
     0.50914300E-001    -0.34631599E+000    -0.12552725E+000     0.27934605E+005     0.25852780E+004     0.27990556E-001     0.71162753E-003
     0.51674215E-001    -0.39818262E+000    -0.14905390E+000     0.29012114E+005     0.29191894E+004     0.28519854E-001     0.11581012E-002
     0.52434130E-001    -0.45932752E+000    -0.17901718E+000     0.30225309E+005     0.33257155E+004     0.29231322E-001     0.17367531E-002
     0.53194045E-001    -0.53204266E+000    -0.21782708E+000     0.31601638E+005     0.38280067E+004     0.30174138E-001     0.24937370E-002
     0.53953960E-001    -0.61932051E+000    -0.26907214E+000     0.33176106E+005     0.44591705E+004     0.31412354E-001     0.34956337E-002
     0.54713874E-001    -0.72507168E+000    -0.33824658E+000     0.34993670E+005     0.52677855E+004     0.33029770E-001     0.48408565E-002
     0.55473789E-001    -0.85435378E+000    -0.43402748E+000     0.37112194E+005     0.63272170E+004     0.35135953E-001     0.66789389E-002
     0.56233704E-001    -0.10134690E+001    -0.57059525E+000     0.39605513E+005     0.77519011E+004     0.37872437E-001     0.92442728E-002
     0.56993619E-001    -0.12094304E+001    -0.77199112E+000     0.42564545E+005     0.97268178E+004     0.41414853E-001     0.12917200E-001
     0.57753534E-001    -0.14471407E+001    -0.10805034E+001     0.46089244E+005     0.12562532E+005     0.45955954E-001     0.18338138E-001
     0.58513449E-001    -0.17188249E+001    -0.15727583E+001     0.50247213E+005     0.16799679E+005     0.51619200E-001     0.26624245E-001
     0.59273364E-001    -0.19676653E+001    -0.23876554E+001     0.54918725E+005     0.23400466E+005     0.58135858E-001     0.39766284E-001
     0.60033279E-001    -0.19690165E+001    -0.37508058E+001     0.59270497E+005     0.34022427E+005     0.63749414E-001     0.61193961E-001
     0.60793194E-001    -0.10056582E+001    -0.58250653E+001     0.60189777E+005     0.50864330E+005     0.61959288E-001     0.95440495E-001
     0.61553109E-001     0.23875819E+001    -0.76048249E+001     0.49630377E+005     0.73096350E+005     0.36040693E-001     0.14067184E+000
     0.62313024E-001     0.74324508E+001    -0.52200101E+001     0.20698386E+005     0.86555998E+005    -0.28074893E-001     0.16731624E+000
     0.63072939E-001     0.75396945E+001     0.61157852E+000    -0.93360571E+004     0.75243653E+005    -0.94093356E-001     0.14261063E+000
     0.63832854E-001     0.40017873E+001     0.26536433E+001    -0.21163456E+005     0.53359453E+005    -0.12244095E+000     0.96644222E-001
     0.64592768E-001     0.19195733E+001     0.20059599E+001    -0.20508486E+005     0.36415489E+005    -0.12537994E+000     0.61430542E-001
     0.65352683E-001     0.12222065E+001     0.11936917E+001    -0.15842245E+005     0.25983052E+005    -0.12057942E+000     0.40399043E-001
     0.66112598E-001     0.10398384E+001     0.68776069E+000    -0.10625551E+005     0.20000432E+005    -0.11561461E+000     0.29525223E-001
     0.66872513E-001     0.10067715E+001     0.39523270E+000    -0.59461749E+004     0.16910341E+005    -0.11341030E+000     0.26003910E-001
     0.67632428E-001     0.10267552E+001     0.20824758E+000    -0.24017776E+004     0.15805547E+005    -0.11714436E+000     0.28258832E-001
     0.68392343E-001     0.10885946E+001     0.87415802E-001    -0.65802100E+003     0.15524975E+005    -0.13148640E+000     0.31207104E-001
     0.69152258E-001     0.11719562E+001     0.35244796E-001    -0.12481890E+003     0.14223763E+005    -0.15324429E+000     0.24219609E-001
     0.69912173E-001     0.12384834E+001     0.30256540E-001     0.12017435E+004     0.11905254E+005    -0.17010757E+000     0.80584376E-002
     0.70672088E-001     0.12869672E+001     0.31723893E-001     0.36039557E+004     0.99739034E+004    -0.18104068E+000    -0.78543991E-002
     0.71432003E-001     0.13393647E+001     0.20351728E-001     0.64238609E+004     0.88251483E+004    -0.19110237E+000    -0.21030519E-001
     0.72191918E-001     0.14256108E+001    -0.80082984E-002     0.93398521E+004     0.83166146E+004    -0.20319708E+000    -0.32675898E-001
     0.72951833E-001     0.15891930E+001    -0.23761141E-001     0.12296782E+005     0.83107228E+004    -0.21875422E+000    -0.44172678E-001
     0.73711748E-001     0.18193681E+001     0.66118888E-001     0.15325215E+005     0.87597385E+004    -0.23923530E+000    -0.56787625E-001
     0.74471662E-001     0.19889520E+001     0.27835878E+000     0.18464188E+005     0.96725292E+004    -0.26690127E+000    -0.72938087E-001
     0.75231577E-001     0.20589756E+001     0.48357255E+000     0.21794812E+005     0.11061977E+005    -0.30272255E+000    -0.98307879E-001
     0.75991492E-001     0.21462156E+001     0.62428024E+000     0.25540433E+005     0.13070457E+005    -0.34223039E+000    -0.13774243E+000
     0.76751407E-001     0.23297029E+001     0.79027984E+000     0.29892127E+005     0.16151627E+005    -0.38345832E+000    -0.19008610E+000
     0.77511322E-001     0.25871436E+001     0.10709635E+001     0.34876914E+005     0.21050012E+005    -0.43235366E+000    -0.26090109E+000
     0.78271237E-001     0.28867335E+001     0.15292214E+001     0.40179810E+005     0.29025206E+005    -0.48790748E+000    -0.37069245E+000
     0.79031152E-001     0.31761880E+001     0.22767016E+001     0.44316597E+005     0.42105805E+005    -0.52765400E+000    -0.54864910E+000
     0.79791067E-001     0.32446942E+001     0.34851433E+001     0.42457339E+005     0.62244056E+005    -0.48465963E+000    -0.81738338E+000
     0.80550982E-001     0.25281068E+001     0.51011421E+001     0.24703558E+005     0.84999148E+005    -0.23276836E+000    -0.11127106E+001
     0.81310897E-001     0.64847168E+000     0.62598317E+001    -0.98211268E+004     0.90718266E+005     0.23178902E+000    -0.11810121E+001
     0.82070812E-001    -0.16740571E+001     0.61973684E+001    -0.36089140E+005     0.71984846E+005     0.58387876E+000    -0.93230139E+000
     0.82830727E-001    -0.36015001E+001     0.49387513E+001    -0.43226890E+005     0.49353255E+005     0.68635841E+000    -0.63537891E+000
     0.83590642E-001    -0.44341986E+001     0.31318663E+001    -0.40895643E+005     0.33434219E+005     0.66715311E+000    -0.42549541E+000
     0.84350556E-001    -0.44645803E+001     0.16429852E+001    -0.36081165E+005     0.23447118E+005     0.61461504E+000    -0.29051230E+000
     0.85110471E-001    -0.42605164E+001     0.49328452E+000    -0.31154002E+005     0.17178210E+005     0.55820976E+000    -0.20440867E+000
     0.85870386E-001    -0.39138238E+001    -0.57834416E+000    -0.26746688E+005     0.13147716E+005     0.50857014E+000    -0.14908473E+000
     0.86630301E-001    -0.31816729E+001    -0.16113559E+001    -0.22941928E+005     0.10484605E+005     0.46797079E+000    -0.11202126E+000
     0.87390216E-001    -0.19521471E+001    -0.21258317E+001    -0.19662520E+005     0.86919732E+004     0.43553586E+000    -0.86027871E-001
     0.88150131E-001    -0.92607792E+000    -0.18105011E+001    -0.16802864E+005     0.74889383E+004     0.41029697E+000    -0.67033897E-001
     0.88910046E-001    -0.55457358E+000    -0.13046681E+001    -0.14267293E+005     0.67160362E+004     0.39176801E+000    -0.51951807E-001
     0.89669961E-001    -0.49362412E+000    -0.10577831E+001    -0.11965445E+005     0.62886663E+004     0.37879344E+000    -0.37675533E-001
     0.90429876E-001    -0.42608429E+000    -0.97558359E+000    -0.98140028E+004     0.62072557E+004     0.36927944E+000    -0.22736232E-001
     0.91189791E-001    -0.36422489E+000    -0.93114325E+000    -0.77854778E+004     0.65634863E+004     0.36277612E+000    -0.65527201E-002
     0.91949706E-001    -0.31235029E+000    -0.95279247E+000    -0.59709217E+004     0.75363451E+004     0.35941013E+000     0.13696864E-001
     0.92709621E-001    -0.21463468E+000    -0.10487789E+001    -0.47558741E+004     0.93435803E+004     0.35569815E+000     0.43831683E-001
     0.93469536E-001     0.20575487E-001    -0.11634855E+001    -0.50509776E+004     0.11778673E+005     0.33829768E+000     0.87048289E-001
     0.94229450E-001     0.37703371E+000    -0.11307368E+001    -0.74796401E+004     0.13263342E+005     0.28814794E+000     0.12613106E+000
     0.94989365E-001     0.67851923E+000    -0.88996582E+000    -0.10349100E+005     0.12080908E+005     0.22048520E+000     0.12171200E+000
     0.95749280E-001     0.79203286E+000    -0.56591760E+000    -0.11374836E+005     0.93623348E+004     0.18591724E+000     0.83180634E-001
     0.96509195E-001     0.76188951E+000    -0.30450118E+000    -0.10795998E+005     0.70219351E+004     0.18369669E+000     0.53914813E-001
     0.97269110E-001     0.68321328E+000    -0.12480490E+000    -0.96036322E+004     0.54718326E+004     0.18921556E+000     0.40429112E-001
     0.98029025E-001     0.59309414E+000     0.33407461E-002    -0.82754922E+004     0.45427660E+004     0.19548437E+000     0.35578632E-001
     0.98788940E-001     0.49281642E+000     0.10125911E+000    -0.69893927E+004     0.40680380E+004     0.20139034E+000     0.37253485E-001
     0.99548855E-001     0.37382332E+000     0.17447361E+000    -0.58302570E+004     0.39507590E+004     0.20470182E+000     0.44928870E-001
     0.10030877E+000     0.21809529E+000     0.20509424E+000    -0.48832282E+004     0.41255697E+004     0.20239463E+000     0.56159262E-001
     0.10106868E+000     0.46542207E-001     0.14954418E+000    -0.42519292E+004     0.45221400E+004     0.19475665E+000     0.67310416E-001
     0.10182860E+000    -0.90655991E-001    -0.26928944E-001    -0.41398377E+004     0.49536142E+004     0.18090481E+000     0.77754480E-001
     0.10258851E+000    -0.40321273E-001    -0.30185101E+000    -0.44371632E+004     0.48548484E+004     0.16026359E+000     0.79856663E-001
     0.10334843E+000     0.23170018E+000    -0.41507634E+000    -0.44031134E+004     0.42058478E+004     0.14385424E+000     0.71240268E-001
     0.10410834E+000     0.43079378E+000    -0.26082886E+000    -0.39181973E+004     0.36026722E+004     0.13524265E+000     0.60443979E-001
     0.10486826E+000     0.40361365E+000    -0.86495276E-001    -0.32707413E+004     0.31946721E+004     0.13116009E+000     0.50527039E-001
     0.10562817E+000     0.29207098E+000    -0.48788976E-001    -0.25342091E+004     0.29424489E+004     0.13116791E+000     0.42527866E-001
     0.10638809E+000     0.21556256E+000    -0.11609094E+000    -0.17543068E+004     0.28901900E+004     0.13247579E+000     0.38819779E-001
     0.10714800E+000     0.20269497E+000    -0.23711974E+000    -0.10217929E+004     0.30484976E+004     0.13136380E+000     0.37060007E-001
     0.10790792E+000     0.27379604E+000    -0.40582791E+000    -0.41772588E+003     0.34095043E+004     0.12915276E+000     0.33863452E-001
     0.10866783E+000     0.52434942E+000    -0.58232329E+000    -0.10750679E+003     0.39339718E+004     0.12757541E+000     0.29688428E-001
     0.10942775E+000     0.99965931E+000    -0.53500587E+000    -0.22987142E+003     0.42975187E+004     0.12701829E+000     0.23992245E-001
     0.11018766E+000     0.13661528E+001    -0.50347873E-001    -0.38851326E+003     0.41500027E+004     0.13018698E+000     0.17490305E-001
     0.11094758E+000     0.12768467E+001     0.54215156E+000    -0.14295313E+003     0.38524772E+004     0.13723243E+000     0.13962746E-001
     0.11170749E+000     0.94185613E+000     0.89903690E+000     0.26657511E+003     0.37888336E+004     0.14566096E+000     0.15274655E-001
     0.11246741E+000     0.54266382E+000     0.11086465E+001     0.57375844E+003     0.38206013E+004     0.15273904E+000     0.22421002E-001
     0.11322732E+000     0.29467636E-001     0.10818476E+001     0.89373965E+003     0.38205149E+004     0.15454669E+000     0.34585028E-001
     0.11398724E+000    -0.30627890E+000     0.76817766E+000     0.12139838E+004     0.38978343E+004     0.14683497E+000     0.49147430E-001
     0.11474715E+000    -0.39049835E+000     0.44489664E+000     0.14655952E+004     0.39310705E+004     0.12669596E+000     0.56162155E-001
     0.11550707E+000    -0.36174333E+000     0.21555116E+000     0.18340005E+004     0.39111263E+004     0.10493121E+000     0.47714986E-001
     0.11626698E+000    -0.30936299E+000     0.52027922E-001     0.22993386E+004     0.40243678E+004     0.90303615E-001     0.27946439E-001
     0.11702690E+000    -0.21004635E+000    -0.83132114E-001     0.27364525E+004     0.42623898E+004     0.86475634E-001     0.23521386E-002
     0.11778681E+000    -0.93428306E-001    -0.72006659E-001     0.31833867E+004     0.45935145E+004     0.92459734E-001    -0.24401343E-001
     0.11854673E+000    -0.20623468E+000     0.82109202E-002     0.36226738E+004     0.52028082E+004     0.10895384E+000    -0.54150896E-001
     0.11930664E+000    -0.53488569E+000    -0.20485274E+000     0.36323020E+004     0.61739236E+004     0.14868516E+000    -0.82803599E-001
     0.12006656E+000    -0.61704892E+000    -0.96348728E+000     0.28621858E+004     0.68789168E+004     0.21436412E+000    -0.80358471E-001
     0.12082647E+000     0.26783533E+000    -0.17575321E+001     0.19790727E+004     0.67251918E+004     0.26333043E+000    -0.29621692E-001
     0.12158639E+000     0.16233459E+001    -0.12969379E+001     0.15833888E+004     0.61561360E+004     0.26802394E+000     0.30486690E-001
     0.12234630E+000     0.18013633E+001    -0.11456502E+000     0.15701119E+004     0.55978674E+004     0.24737684E+000     0.74044683E-001
     0.12310622E+000     0.13512847E+001     0.34778195E+000     0.17323289E+004     0.50873387E+004     0.21470505E+000     0.97965922E-001
     0.12386613E+000     0.11402287E+001     0.45319299E+000     0.21165411E+004     0.45838230E+004     0.18327013E+000     0.99934520E-001
     0.12462605E+000     0.10544334E+001     0.58765916E+000     0.27347245E+004     0.42345158E+004     0.16499500E+000     0.89933640E-001
     0.12538596E+000     0.95390004E+000     0.76985531E+000     0.34596535E+004     0.40999282E+004     0.15823208E+000     0.79140849E-001
     0.12614588E+000     0.80300244E+000     0.96527466E+000     0.42406822E+004     0.41679284E+004     0.15902405E+000     0.70966425E-001
     0.12690579E+000     0.55445494E+000     0.11778456E+001     0.50180128E+004     0.44678270E+004     0.16508926E+000     0.67166956E-001
     0.12766571E+000     0.13176477E+000     0.12836202E+001     0.57247216E+004     0.50061361E+004     0.17521026E+000     0.69772443E-001
     0.12842562E+000    -0.29235032E+000     0.11214818E+001     0.62341440E+004     0.58130978E+004     0.18551432E+000     0.83316886E-001
     0.12918554E+000    -0.54965772E+000     0.88299091E+000     0.62893298E+004     0.67774121E+004     0.18495577E+000     0.10812111E+000
     0.12994545E+000    -0.82525357E+000     0.62653076E+000     0.57897035E+004     0.73845925E+004     0.16438108E+000     0.13000072E+000
     0.13070537E+000    -0.10665098E+001     0.19080051E+000     0.53763260E+004     0.72676275E+004     0.13644669E+000     0.13163474E+000
     0.13146528E+000    -0.11897521E+001    -0.40802237E+000     0.55697399E+004     0.69656480E+004     0.12098824E+000     0.12127989E+000
     0.13222520E+000    -0.10315211E+001    -0.13294395E+001     0.60579695E+004     0.69853788E+004     0.11426301E+000     0.11485901E+000
     0.13298511E+000     0.44773602E-001    -0.22370230E+001     0.64470904E+004     0.71790253E+004     0.10682915E+000     0.11182983E+000
     0.13374503E+000     0.16938636E+001    -0.19656569E+001     0.68759516E+004     0.72091929E+004     0.97779436E-001     0.10754810E+000
     0.13450494E+000     0.25407545E+001    -0.61380869E+000     0.77258980E+004     0.72739964E+004     0.88863535E-001     0.10145000E+000
     0.13526486E+000     0.22070605E+001     0.72147227E+000     0.88826560E+004     0.78003283E+004     0.78635571E-001     0.93246719E-001
     0.13602477E+000     0.12387512E+001     0.11774750E+001     0.99811846E+004     0.89140288E+004     0.67831587E-001     0.76309803E-001
     0.13678469E+000     0.72891634E+000     0.78600030E+000     0.10711509E+005     0.10486814E+005     0.70898749E-001     0.49642349E-001
     0.13754460E+000     0.97294416E+000     0.59532089E+000     0.10861530E+005     0.12204211E+005     0.93429110E-001     0.36278457E-001
     0.13830452E+000     0.10768057E+001     0.97737463E+000     0.10623162E+005     0.13565104E+005     0.10179657E+000     0.41555663E-001
     0.13906443E+000     0.83216475E+000     0.13251636E+001     0.10676784E+005     0.14565256E+005     0.10434960E+000     0.27635627E-001
     0.13982435E+000     0.38027991E+000     0.15905594E+001     0.11332195E+005     0.15917494E+005     0.13238253E+000     0.15536589E-001
     0.14058426E+000    -0.32468044E+000     0.15296872E+001     0.12201301E+005     0.18315882E+005     0.16599985E+000     0.31421230E-001
     0.14134418E+000    -0.89804715E+000     0.83952544E+000     0.12430669E+005     0.22260320E+005     0.18212699E+000     0.67403939E-001
     0.14210409E+000    -0.56711650E+000    -0.71407977E-001     0.10356782E+005     0.27337182E+005     0.16995799E+000     0.10923163E+000
     0.14286401E+000     0.14190471E+000    -0.66339400E-001     0.54512531E+004     0.31320933E+005     0.13093600E+000     0.12998542E+000
     0.14362392E+000     0.22595682E+000     0.15072162E+000    -0.82225820E+003     0.32986380E+005     0.91732437E-001     0.12162735E+000
     0.14438384E+000     0.37146493E+000     0.13834965E+000    -0.75295091E+004     0.32013128E+005     0.63393986E-001     0.91108420E-001
     0.14514375E+000     0.51530115E+000     0.33379540E+000    -0.12861979E+005     0.28233169E+005     0.61959800E-001     0.47911459E-001
     0.14590367E+000     0.45670470E+000     0.51646351E+000    -0.15581771E+005     0.23424028E+005     0.83678730E-001     0.12823897E-001
     0.14666358E+000     0.35528386E+000     0.57021699E+000    -0.16235689E+005     0.19229436E+005     0.12237118E+000    -0.99093464E-002
     0.14742350E+000     0.30866356E+000     0.56424029E+000    -0.16058757E+005     0.16185557E+005     0.17322251E+000    -0.99850383E-002
     0.14818341E+000     0.30686491E+000     0.58813543E+000    -0.15849842E+005     0.13872344E+005     0.22434287E+000     0.20495877E-001
     0.14894332E+000     0.25592484E+000     0.62704525E+000    -0.15771004E+005     0.11651234E+005     0.24483231E+000     0.84924622E-001
     0.14970324E+000     0.23293911E+000     0.61608204E+000    -0.15261186E+005     0.92510499E+004     0.21886017E+000     0.13132321E+000
     0.15046315E+000     0.21176415E+000     0.67618585E+000    -0.14116164E+005     0.72281444E+004     0.19685186E+000     0.14905381E+000
     0.15122307E+000     0.77833032E-001     0.66870598E+000    -0.12748346E+005     0.58199407E+004     0.18165067E+000     0.16488718E+000
     0.15198298E+000     0.58782064E-001     0.51719293E+000    -0.11428665E+005     0.49001009E+004     0.16753170E+000     0.18410194E+000
     0.15274290E+000     0.18876440E+000     0.46985883E+000    -0.10266239E+005     0.43103837E+004     0.14011614E+000     0.21193283E+000
     0.15350281E+000     0.27183201E+000     0.52479899E+000    -0.92735100E+004     0.39038555E+004     0.83643483E-001     0.22259691E+000
     0.15426273E+000     0.37017612E+000     0.57003022E+000    -0.83925950E+004     0.35927528E+004     0.31862826E-001     0.18816789E+000
     0.15502264E+000     0.54753211E+000     0.78875654E+000    -0.75627676E+004     0.33860613E+004     0.19503413E-001     0.13803464E+000
     0.15578256E+000     0.44345366E+000     0.12689170E+001    -0.68193015E+004     0.33202787E+004     0.33650521E-001     0.10550157E+000
     0.15654247E+000    -0.78397297E-001     0.15164379E+001    -0.62417863E+004     0.33507509E+004     0.48659341E-001     0.93980139E-001
     0.15730239E+000    -0.57903594E+000     0.13765741E+001    -0.58390369E+004     0.33252892E+004     0.53501459E-001     0.87630638E-001
     0.15806230E+000    -0.94481507E+000     0.10838297E+001    -0.54291580E+004     0.31773732E+004     0.57049905E-001     0.75293621E-001
     0.15882222E+000    -0.12374711E+001     0.57128043E+000    -0.49431709E+004     0.30463735E+004     0.68198146E-001     0.62366284E-001
     0.15958213E+000    -0.10830045E+001    -0.20087274E+000    -0.44424822E+004     0.29567678E+004     0.83891813E-001     0.56789815E-001
     0.16034205E+000    -0.32902975E+000    -0.58632470E+000    -0.38942094E+004     0.29072909E+004     0.96640524E-001     0.57725498E-001
     0.16110196E+000     0.36401585E+000    -0.29286585E+000    -0.33098193E+004     0.29659650E+004     0.10492207E+000     0.59421976E-001
     0.16186188E+000     0.59732274E+000     0.31390808E+000    -0.27475345E+004     0.31557171E+004     0.11212306E+000     0.58100692E-001
     0.16262179E+000     0.37390536E+000     0.80540419E+000    -0.22719594E+004     0.34722486E+004     0.12378906E+000     0.54698687E-001
     0.16338171E+000    -0.28107618E-001     0.10186554E+001    -0.19575759E+004     0.38483932E+004     0.14246088E+000     0.56139587E-001
     0.16414162E+000    -0.45893899E+000     0.93793824E+000    -0.17749848E+004     0.41353682E+004     0.16006793E+000     0.69999750E-001
     0.16490154E+000    -0.70132678E+000     0.61012553E+000    -0.15408762E+004     0.43033514E+004     0.16407346E+000     0.87652649E-001
     0.16566145E+000    -0.64598134E+000     0.27036316E+000    -0.11424933E+004     0.45092537E+004     0.16079361E+000     0.93627826E-001
     0.16642137E+000    -0.45193279E+000     0.13747546E+000    -0.63116760E+003     0.49520043E+004     0.16676216E+000     0.86783375E-001
     0.16718128E+000    -0.32517768E+000     0.16110685E+000    -0.22858739E+003     0.57607838E+004     0.19557491E+000     0.81377001E-001
     0.16794120E+000    -0.35271823E+000     0.21236642E+000    -0.22851915E+003     0.68245962E+004     0.24081404E+000     0.10534673E+000
     0.16870111E+000    -0.44732531E+000     0.41154686E-001    -0.75122997E+003     0.78316694E+004     0.26621729E+000     0.16442088E+000
     0.16946103E+000    -0.17390983E+000    -0.27193972E+000    -0.16294057E+004     0.84207768E+004     0.25577818E+000     0.22596956E+000
     0.17022094E+000     0.42985984E+000    -0.48190773E-001    -0.23718597E+004     0.86140624E+004     0.22911878E+000     0.27374383E+000
     0.17098086E+000     0.41687725E+000     0.76386401E+000    -0.29844313E+004     0.88892009E+004     0.19242973E+000     0.31523350E+000
     0.17174077E+000    -0.40549218E+000     0.10789642E+001    -0.38971740E+004     0.92204735E+004     0.14030181E+000     0.34432944E+000
     0.17250069E+000    -0.10217861E+001     0.51188704E+000    -0.51594840E+004     0.91716124E+004     0.86124928E-001     0.35066957E+000
     0.17326060E+000    -0.93676933E+000    -0.17895133E+000    -0.63942721E+004     0.85450774E+004     0.40260919E-001     0.35014559E+000
     0.17402052E+000    -0.47840859E+000    -0.54403412E+000    -0.73213160E+004     0.74722626E+004    -0.15610817E-001     0.34230510E+000
     0.17478043E+000     0.16582883E-001    -0.47598348E+000    -0.77596287E+004     0.61257870E+004    -0.68818068E-001     0.30509795E+000
     0.17554035E+000     0.20263421E+000    -0.16943434E+000    -0.76366161E+004     0.48264494E+004    -0.95069337E-001     0.25122531E+000
     0.17630026E+000     0.12994361E+000    -0.68106157E-002    -0.71461115E+004     0.38248333E+004    -0.95269567E-001     0.20209377E+000
     0.17706018E+000     0.11070348E+000    -0.24190036E-001    -0.65175491E+004     0.31585347E+004    -0.82138327E-001     0.16796855E+000
     0.17782009E+000     0.19459469E+000     0.78769682E-002    -0.59000956E+004     0.27565513E+004    -0.68177317E-001     0.14509744E+000
     0.17858001E+000     0.22273018E+000     0.98243789E-001    -0.53448212E+004     0.25261266E+004    -0.52389303E-001     0.12531441E+000
     0.17933992E+000     0.19604704E+000     0.16785795E+000    -0.48643396E+004     0.24214363E+004    -0.30285587E-001     0.11112493E+000
     0.18009984E+000     0.14752077E+000     0.15737344E+000    -0.44855529E+004     0.23934576E+004    -0.25831434E-002     0.10754400E+000
     0.18085975E+000     0.19705435E+000     0.93455397E-001    -0.41966557E+004     0.23704066E+004     0.26026753E-001     0.12125510E+000
     0.18161967E+000     0.33119324E+000     0.12384425E+000    -0.39322949E+004     0.23225611E+004     0.41794994E-001     0.15659700E+000
     0.18237958E+000     0.39598032E+000     0.22628837E+000    -0.36571168E+004     0.22888624E+004     0.22356931E-001     0.20198838E+000
     0.18313950E+000     0.49516115E+000     0.30519168E+000    -0.33870094E+004     0.22911243E+004    -0.36407748E-001     0.21580455E+000
     0.18389941E+000     0.60371430E+000     0.57058770E+000    -0.31336077E+004     0.23309625E+004    -0.79551984E-001     0.17149246E+000
     0.18465933E+000     0.43530084E+000     0.92178376E+000    -0.29070760E+004     0.24087456E+004    -0.67079706E-001     0.12591355E+000
     0.18541924E+000     0.54252625E-001     0.10475065E+001    -0.27274076E+004     0.25236637E+004    -0.42582680E-001     0.11931595E+000
     0.18617916E+000    -0.26915302E+000     0.87447638E+000    -0.26204841E+004     0.26457174E+004    -0.42453313E-001     0.12625436E+000
     0.18693907E+000    -0.30258109E+000     0.61679541E+000    -0.25786968E+004     0.27208548E+004    -0.53333811E-001     0.11575938E+000
     0.18769899E+000    -0.23450132E+000     0.54508508E+000    -0.25351074E+004     0.27033186E+004    -0.51578529E-001     0.93162475E-001
     0.18845890E+000    -0.23475824E+000     0.52641178E+000    -0.23861527E+004     0.26493920E+004    -0.34848823E-001     0.73720693E-001
     0.18921882E+000    -0.25880882E+000     0.46847861E+000    -0.21532943E+004     0.26906151E+004    -0.92512954E-002     0.66194025E-001
     0.18997873E+000    -0.20102737E+000     0.36837680E+000    -0.19448903E+004     0.28561600E+004     0.13636658E-001     0.71354473E-001
     0.19073865E+000    -0.49367521E-002     0.38358066E+000    -0.18251477E+004     0.31077249E+004     0.33145658E-001     0.79364828E-001
     0.19149856E+000     0.64854459E-001     0.75563215E+000    -0.18394804E+004     0.34000994E+004     0.54747821E-001     0.95601917E-001
     0.19225848E+000    -0.54747493E+000     0.93181550E+000    -0.20221261E+004     0.36440554E+004     0.69269540E-001     0.12195010E+000
     0.19301839E+000    -0.83719400E+000     0.17360259E+000    -0.23136758E+004     0.37034325E+004     0.76595963E-001     0.15363142E+000
     0.19377831E+000    -0.17856625E+000    -0.31878598E+000    -0.25096601E+004     0.35632941E+004     0.73700116E-001     0.19423912E+000
     0.19453822E+000     0.57169414E+000    -0.38385296E-001    -0.25391231E+004     0.34228083E+004     0.47648725E-001     0.23859953E+000
     0.19529814E+000     0.88065323E+000     0.72296386E+000    -0.25324520E+004     0.33690093E+004    -0.29022174E-002     0.26390011E+000
     0.19605805E+000     0.59556901E+000     0.15151814E+001    -0.25784249E+004     0.33543033E+004    -0.52835198E-001     0.25831262E+000
     0.19681797E+000    -0.11933605E+000     0.19432502E+001    -0.26897476E+004     0.32782863E+004    -0.85408204E-001     0.24095427E+000
     0.19757788E+000    -0.82792281E+000     0.18741290E+001    -0.27584080E+004     0.30942621E+004    -0.11137658E+000     0.22384006E+000
     0.19833779E+000    -0.13215977E+001     0.16308825E+001    -0.27150332E+004     0.28880424E+004    -0.13460319E+000     0.20036956E+000
     0.19909771E+000    -0.17410787E+001     0.12765018E+001    -0.26084065E+004     0.27410186E+004    -0.14856193E+000     0.16967369E+000
     0.19985762E+000    -0.19582107E+001     0.76944488E+000    -0.25098316E+004     0.26176148E+004    -0.14735276E+000     0.13623281E+000
     0.20061754E+000    -0.18900392E+001     0.37426260E+000    -0.23638957E+004     0.24716247E+004    -0.12902427E+000     0.11329001E+000
     0.20137745E+000    -0.19151997E+001     0.29951679E+000    -0.21400244E+004     0.23747129E+004    -0.10648877E+000     0.11053198E+000
     0.20213737E+000    -0.23785186E+001     0.23092022E-001    -0.18925486E+004     0.23573265E+004    -0.94089483E-001     0.12531132E+000
     0.20289728E+000    -0.26825292E+001    -0.99289247E+000    -0.16383478E+004     0.23972203E+004    -0.10335148E+000     0.14516115E+000
     0.20365720E+000    -0.19136820E+001    -0.22781497E+001    -0.13613864E+004     0.25151056E+004    -0.12800701E+000     0.14691352E+000
     0.20441711E+000    -0.21955939E+000    -0.24121799E+001    -0.10979768E+004     0.27575887E+004    -0.13891098E+000     0.12975606E+000
     0.20517703E+000     0.63147634E+000    -0.11500139E+001    -0.92064725E+003     0.31394041E+004    -0.12543029E+000     0.12640907E+000
     0.20593694E+000    -0.19208006E-002    -0.17573419E+000    -0.92940815E+003     0.36262265E+004    -0.12330036E+000     0.16501333E+000
     0.20669686E+000    -0.79386050E+000    -0.57034254E+000    -0.11991010E+004     0.40806744E+004    -0.19064314E+000     0.21070011E+000
     0.20745677E+000    -0.37684689E+000    -0.12305204E+001    -0.16340303E+004     0.43286976E+004    -0.30063297E+000     0.17372893E+000
     0.20821669E+000     0.25043794E+000    -0.83764357E+000    -0.20698631E+004     0.43973130E+004    -0.35259066E+000     0.60006756E-001
     0.20897660E+000    -0.66406464E-001    -0.21000721E+000    -0.25073868E+004     0.43353324E+004    -0.32510384E+000    -0.46556388E-001
     0.20973652E+000    -0.74015248E+000    -0.38660206E+000    -0.28884659E+004     0.41114956E+004    -0.26713182E+000    -0.11316562E+000
     0.21049643E+000    -0.95762388E+000    -0.10432393E+001    -0.31396988E+004     0.37798064E+004    -0.19873924E+000    -0.15383202E+000
     0.21125635E+000    -0.63048253E+000    -0.17732221E+001    -0.32224130E+004     0.34181424E+004    -0.12030600E+000    -0.16814143E+000
     0.21201626E+000     0.13855636E+000    -0.20086603E+001    -0.31624778E+004     0.31388235E+004    -0.39463068E-001    -0.14781020E+000
     0.21277618E+000     0.60574401E+000    -0.18499740E+001    -0.30671658E+004     0.29967688E+004     0.23370220E-001    -0.85773148E-001
     0.21353609E+000     0.92094930E+000    -0.18449831E+001    -0.30463047E+004     0.29515791E+004     0.38196822E-001    -0.21737144E-002
     0.21429601E+000     0.15143554E+001    -0.19383111E+001    -0.31434643E+004     0.28862688E+004     0.13027951E-001     0.68763877E-001
     0.21505592E+000     0.24834658E+001    -0.15336219E+001    -0.32694397E+004     0.26997536E+004    -0.38539185E-001     0.12431164E+000
     0.21581584E+000     0.29982118E+001    -0.34092011E+000    -0.33140824E+004     0.24358480E+004    -0.12182939E+000     0.15269983E+000
     0.21657575E+000     0.25616256E+001     0.74975602E+000    -0.32790598E+004     0.21681049E+004    -0.21513211E+000     0.12366058E+000
     0.21733567E+000     0.18891161E+001     0.11438100E+001    -0.31805012E+004     0.19140380E+004    -0.26960246E+000     0.46086677E-001
     0.21809558E+000     0.14840115E+001     0.12708475E+001    -0.30262584E+004     0.16972599E+004    -0.26916638E+000    -0.31707935E-001
     0.21885550E+000     0.11431591E+001     0.14388966E+001    -0.28439786E+004     0.15315292E+004    -0.24773877E+000    -0.79933317E-001
     0.21961541E+000     0.66355981E+000     0.15777962E+001    -0.26539495E+004     0.14045331E+004    -0.23032355E+000    -0.11624954E+000
     0.22037533E+000     0.11668761E-001     0.13375364E+001    -0.24514593E+004     0.13069344E+004    -0.20806890E+000    -0.15291036E+000
     0.22113524E+000    -0.18887579E+000     0.59865024E+000    -0.22332444E+004     0.12526240E+004    -0.17670078E+000    -0.18661152E+000
     0.22189516E+000     0.32453149E+000     0.46432988E-001    -0.20227960E+004     0.12555060E+004    -0.13065000E+000    -0.21433883E+000
     0.22265507E+000     0.11082544E+001     0.17382335E+000    -0.18477434E+004     0.12979529E+004    -0.67550832E-001    -0.21977562E+000
     0.22341499E+000     0.15611461E+001     0.98918630E+000    -0.17033780E+004     0.13538883E+004    -0.74896212E-002    -0.18334533E+000
     0.22417490E+000     0.11068801E+001     0.20346204E+001    -0.15776159E+004     0.14263271E+004     0.54783135E-002    -0.11523394E+000
     0.22493482E+000    -0.97531864E-001     0.22896692E+001    -0.14842430E+004     0.15227584E+004    -0.35732697E-001    -0.76499305E-001
     0.22569473E+000    -0.10148278E+001     0.15216758E+001    -0.14464593E+004     0.16211211E+004    -0.73898641E-001    -0.87824978E-001
     0.22645465E+000    -0.96205796E+000     0.36125881E+000    -0.14481585E+004     0.16791336E+004    -0.84317758E-001    -0.11405027E+000
     0.22721456E+000     0.50374330E-002    -0.19725053E+000    -0.14475447E+004     0.16942615E+004    -0.75246210E-001    -0.13470635E+000
     0.22797448E+000     0.90352133E+000     0.31175451E+000    -0.14229374E+004     0.16891216E+004    -0.61782722E-001    -0.14028249E+000
     0.22873439E+000     0.93077017E+000     0.11911114E+001    -0.13767928E+004     0.16892755E+004    -0.54445791E-001    -0.14075913E+000
     0.22949431E+000     0.45768487E+000     0.15414916E+001    -0.13193989E+004     0.17032606E+004    -0.51899848E-001    -0.13809434E+000
     0.23025422E+000     0.31180663E+000     0.15606519E+001    -0.12572757E+004     0.17426168E+004    -0.59396409E-001    -0.13943530E+000
     0.23101414E+000     0.25322222E+000     0.20371967E+001    -0.12140187E+004     0.18196474E+004    -0.68711268E-001    -0.15416808E+000
     0.23177405E+000    -0.63599679E+000     0.25426843E+001    -0.12342793E+004     0.19201926E+004    -0.63946217E-001    -0.18156336E+000
     0.23253397E+000    -0.17874530E+001     0.19420435E+001    -0.13340881E+004     0.19696832E+004    -0.38151912E-001    -0.19497220E+000
     0.23329388E+000    -0.19491062E+001     0.65291794E+000    -0.14347908E+004     0.19182640E+004    -0.25658231E-001    -0.18703152E+000
     0.23405380E+000    -0.10117863E+001    -0.13084416E+000    -0.14694111E+004     0.18156899E+004    -0.30036441E-001    -0.18873238E+000
     0.23481371E+000     0.76534955E-002     0.41696638E+000    -0.14497421E+004     0.17183108E+004    -0.31869809E-001    -0.20353853E+000
     0.23557363E+000    -0.32115958E+000     0.14810555E+001    -0.13996888E+004     0.16327398E+004    -0.25170443E-001    -0.22295482E+000
     0.23633354E+000    -0.13735984E+001     0.14229696E+001    -0.13205098E+004     0.15649182E+004    -0.10818592E-001    -0.24137850E+000
     0.23709346E+000    -0.17892303E+001     0.59090914E+000    -0.12248690E+004     0.15274018E+004     0.87020340E-002    -0.25461881E+000
     0.23785337E+000    -0.15608444E+001    -0.24966579E+000    -0.11312322E+004     0.15181769E+004     0.26926445E-001    -0.26204781E+000
     0.23861329E+000    -0.74913313E+000    -0.86630955E+000    -0.10467527E+004     0.15251663E+004     0.41535781E-001    -0.27021028E+000
     0.23937320E+000     0.47927367E+000    -0.69898755E+000    -0.96796417E+003     0.15410018E+004     0.56802208E-001    -0.28131002E+000
     0.24013312E+000     0.12655276E+001     0.40669543E+000    -0.89038907E+003     0.15686536E+004     0.73667043E-001    -0.29633252E+000
     0.24089303E+000     0.10764780E+001     0.17532431E+001    -0.82171098E+003     0.16120822E+004     0.98116950E-001    -0.31701115E+000
     0.24165295E+000     0.14580768E+000     0.26036062E+001    -0.76488517E+003     0.16652228E+004     0.13630086E+000    -0.33958052E+000
     0.24241286E+000    -0.90244119E+000     0.27877482E+001    -0.72639684E+003     0.17318334E+004     0.19862035E+000    -0.35561898E+000
     0.24317278E+000    -0.17860546E+001     0.26252941E+001    -0.72388934E+003     0.17895241E+004     0.28410587E+000    -0.33317073E+000
     0.24393269E+000    -0.26345648E+001     0.22305535E+001    -0.72494354E+003     0.18036186E+004     0.34622729E+000    -0.25144954E+000
     0.24469261E+000    -0.33865702E+001     0.14410591E+001    -0.68198429E+003     0.18048596E+004     0.33320615E+000    -0.15298277E+000
     0.24545252E+000    -0.37258691E+001     0.13234021E+000    -0.60960074E+003     0.18453788E+004     0.26854439E+000    -0.11111864E+000
     0.24621244E+000    -0.29771398E+001    -0.12534522E+001    -0.55498527E+003     0.19378654E+004     0.21667582E+000    -0.12522165E+000
     0.24697235E+000    -0.14855593E+001    -0.15074052E+001    -0.56077335E+003     0.20494324E+004     0.19585085E+000    -0.16857530E+000
     0.24773226E+000    -0.69595620E+000    -0.62698020E+000    -0.61214089E+003     0.21134311E+004     0.21976259E+000    -0.21629529E+000
     0.24849218E+000    -0.92734489E+000     0.54624048E-001    -0.63121891E+003     0.21313475E+004     0.27517251E+000    -0.23356148E+000
     0.24925209E+000    -0.12028419E+001     0.14487902E+000    -0.61068160E+003     0.21761172E+004     0.32873476E+000    -0.20721422E+000
     0.25001201E+000    -0.12532423E+001     0.25557341E+000    -0.60406957E+003     0.22660539E+004     0.33398676E+000    -0.15403649E+000
     0.25077192E+000    -0.14393269E+001     0.51444897E+000    -0.64092752E+003     0.23785991E+004     0.28102805E+000    -0.15342981E+000
     0.25153184E+000    -0.18941028E+001     0.76482920E+000    -0.73737215E+003     0.24850655E+004     0.27179074E+000    -0.25469190E+000
     0.25229175E+000    -0.27297411E+001     0.74678926E+000    -0.88461775E+003     0.25319517E+004     0.40436267E+000    -0.35844060E+000
     0.25305167E+000    -0.35878454E+001     0.35365453E-001    -0.10051383E+004     0.25002078E+004     0.62455736E+000    -0.33314513E+000
     0.25381158E+000    -0.39211469E+001    -0.10770971E+001    -0.10624277E+004     0.24711736E+004     0.80820095E+000    -0.14416157E+000
     0.25457150E+000    -0.37859705E+001    -0.22426563E+001    -0.11259997E+004     0.24828882E+004     0.83585330E+000     0.13725939E+000
     0.25533141E+000    -0.31818490E+001    -0.33519733E+001    -0.12269442E+004     0.24842607E+004     0.69102345E+000     0.37480578E+000
     0.25609133E+000    -0.21061221E+001    -0.41952966E+001    -0.13348788E+004     0.24508000E+004     0.44712684E+000     0.46218607E+000
     0.25685124E+000    -0.66243396E+000    -0.44977075E+001    -0.14301150E+004     0.23965983E+004     0.25454434E+000     0.37988273E+000
     0.25761116E+000     0.77333627E+000    -0.40182564E+001    -0.15236489E+004     0.23325593E+004     0.19573907E+000     0.25401447E+000
     0.25837107E+000     0.16357327E+001    -0.28856473E+001    -0.16147253E+004     0.22395699E+004     0.20561982E+000     0.17351457E+000
     0.25913099E+000     0.16331177E+001    -0.17248681E+001    -0.16767060E+004     0.21241110E+004     0.23182316E+000     0.11701130E+000
     0.25989090E+000     0.11371759E+001    -0.11166414E+001    -0.17149932E+004     0.20102054E+004     0.29396905E+000     0.72495296E-001
     0.26065082E+000     0.74777008E+000    -0.10619489E+001    -0.17431129E+004     0.18919156E+004     0.39292009E+000     0.82303071E-001
     0.26141073E+000     0.72798274E+000    -0.11458099E+001    -0.17500402E+004     0.17634427E+004     0.47700390E+000     0.16205864E+000
     0.26217065E+000     0.89972581E+000    -0.10128237E+001    -0.17291076E+004     0.16373206E+004     0.51891371E+000     0.28676498E+000
     0.26293056E+000     0.90951591E+000    -0.64619483E+000    -0.16849352E+004     0.15235592E+004     0.50406689E+000     0.44422042E+000
     0.26369048E+000     0.58187765E+000    -0.38608915E+000    -0.16241003E+004     0.14281557E+004     0.40113275E+000     0.61449291E+000
     0.26445039E+000     0.24582446E+000    -0.53662782E+000    -0.15549834E+004     0.13536014E+004     0.18462337E+000     0.72049449E+000
     0.26521031E+000     0.26340361E+000    -0.83024635E+000    -0.14847929E+004     0.12980236E+004    -0.55012350E-001     0.67739692E+000
     0.26597022E+000     0.49985415E+000    -0.94930107E+000    -0.14169569E+004     0.12582682E+004    -0.21794460E+000     0.54322499E+000
     0.26673014E+000     0.77410455E+000    -0.89684034E+000    -0.13532329E+004     0.12338586E+004    -0.30768549E+000     0.37243073E+000
     0.26749005E+000     0.10602050E+001    -0.66882557E+000    -0.12991843E+004     0.12272628E+004    -0.31212848E+000     0.18903716E+000
     0.26824997E+000     0.11966578E+001    -0.18931787E+000    -0.12692350E+004     0.12345923E+004    -0.23458739E+000     0.45259183E-001
     0.26900988E+000     0.93808226E+000     0.33236656E+000    -0.12718764E+004     0.12334873E+004    -0.12039604E+000    -0.23546676E-001
     0.26976980E+000     0.41365903E+000     0.52901932E+000    -0.12897677E+004     0.12016981E+004    -0.20728078E-001    -0.25545734E-001
     0.27052971E+000    -0.34466243E-001     0.38255322E+000    -0.12975886E+004     0.11417783E+004     0.42321660E-001     0.64759603E-002
     0.27128963E+000    -0.26534180E+000     0.63646008E-001    -0.12851852E+004     0.10690652E+004     0.67238102E-001     0.49024676E-001
     0.27204954E+000    -0.23926058E+000    -0.25493608E+000    -0.12536675E+004     0.99523100E+003     0.57917575E-001     0.75490214E-001
     0.27280946E+000    -0.65784008E-001    -0.40259955E+000    -0.12068670E+004     0.92728743E+003     0.46549929E-001     0.68480772E-001
     0.27356937E+000     0.67312721E-001    -0.39002016E+000    -0.11508415E+004     0.86909002E+003     0.62824720E-001     0.51909149E-001
     0.27432929E+000     0.11434049E+000    -0.35353077E+000    -0.10906530E+004     0.81961399E+003     0.97200942E-001     0.60277981E-001
     0.27508920E+000     0.14054045E+000    -0.32490415E+000    -0.10279823E+004     0.77713644E+003     0.11368332E+000     0.10159043E+000
     0.27584912E+000     0.13283985E+000    -0.30349937E+000    -0.96364513E+003     0.74072930E+003     0.86153735E-001     0.14316155E+000
     0.27660903E+000     0.13641290E+000    -0.34311341E+000    -0.89746590E+003     0.70989917E+003     0.33864558E-001     0.14592225E+000
     0.27736895E+000     0.24242249E+000    -0.37003873E+000    -0.82992819E+003     0.68638012E+003    -0.19388495E-002     0.10600636E+000
     0.27812886E+000     0.37222058E+000    -0.25235120E+000    -0.76519396E+003     0.67047698E+003     0.65362976E-002     0.54594284E-001
     0.27888878E+000     0.35928851E+000    -0.38799473E-001    -0.70600159E+003     0.65720915E+003     0.45029740E-001     0.33693464E-001
     0.27964869E+000     0.19525063E+000     0.10544888E+000    -0.64873736E+003     0.64143522E+003     0.72218303E-001     0.44050723E-001
     0.28040861E+000    -0.13438896E-001     0.11627181E+000    -0.58731565E+003     0.62409600E+003     0.80496145E-001     0.56587052E-001
     0.28116852E+000    -0.18217609E+000     0.61445102E-002    -0.51980258E+003     0.61008329E+003     0.82913671E-001     0.66177384E-001
     0.28192844E+000    -0.25135156E+000    -0.17544918E+000    -0.44805088E+003     0.60294649E+003     0.76725270E-001     0.72615174E-001
     0.28268835E+000    -0.19509700E+000    -0.36133941E+000    -0.37482783E+003     0.60392579E+003     0.68966099E-001     0.65496890E-001
     0.28344827E+000    -0.23219981E-001    -0.46488577E+000    -0.30230471E+003     0.61240930E+003     0.73635905E-001     0.51827848E-001
     0.28420818E+000     0.18407773E+000    -0.40806559E+000    -0.23078796E+003     0.62731087E+003     0.88548374E-001     0.43200084E-001
     0.28496810E+000     0.28480871E+000    -0.18920035E+000    -0.15963015E+003     0.64925486E+003     0.11039580E+000     0.43091761E-001
     0.28572801E+000     0.15698276E+000     0.54815680E-001    -0.89611532E+002     0.68030369E+003     0.13463089E+000     0.59936972E-001
     0.28648793E+000    -0.13968786E+000     0.10431047E+000    -0.23570082E+002     0.72204221E+003     0.14207487E+000     0.96630562E-001
     0.28724784E+000    -0.36420840E+000    -0.88173778E-001     0.34447815E+002     0.77382703E+003     0.11491070E+000     0.12971793E+000
     0.28800776E+000    -0.39330263E+000    -0.34856400E+000     0.81973579E+002     0.83196178E+003     0.70810607E-001     0.12538915E+000
     0.28876767E+000    -0.28448945E+000    -0.55011938E+000     0.12126886E+003     0.89312747E+003     0.51915150E-001     0.86090136E-001
     0.28952759E+000    -0.10742283E+000    -0.65009036E+000     0.15618750E+003     0.96034012E+003     0.75637094E-001     0.49320273E-001
     0.29028750E+000     0.63685807E-001    -0.65233042E+000     0.18366664E+003     0.10420377E+004     0.12063192E+000     0.48743780E-001
     0.29104742E+000     0.20337972E+000    -0.59568480E+000     0.19016028E+003     0.11430921E+004     0.14839801E+000     0.84577091E-001
     0.29180733E+000     0.30096942E+000    -0.48976701E+000     0.15636548E+003     0.12565171E+004     0.14007461E+000     0.12690956E+000
     0.29256725E+000     0.33327497E+000    -0.35796851E+000     0.65857318E+002     0.13580752E+004     0.10820778E+000     0.14924315E+000
     0.29332716E+000     0.29161975E+000    -0.23271579E+000    -0.76249836E+002     0.14061319E+004     0.72248409E-001     0.14610796E+000
     0.29408708E+000     0.17757304E+000    -0.16806853E+000    -0.22587222E+003     0.13710300E+004     0.48703918E-001     0.11908205E+000
     0.29484699E+000     0.63454480E-001    -0.21108335E+000    -0.33134658E+003     0.12694029E+004     0.55541896E-001     0.84557155E-001
     0.29560691E+000     0.24125202E-001    -0.31631517E+000    -0.37366378E+003     0.11425264E+004     0.85872092E-001     0.73097429E-001
     0.29636682E+000     0.67536141E-001    -0.42377027E+000    -0.36159723E+003     0.10236083E+004     0.10769017E+000     0.90354525E-001
     0.29712673E+000     0.18249044E+000    -0.48609708E+000    -0.31404358E+003     0.92970666E+003     0.10591335E+000     0.11209579E+000
     0.29788665E+000     0.32563296E+000    -0.46255544E+000    -0.24970922E+003     0.86505639E+003     0.93659373E-001     0.11986858E+000
     0.29864656E+000     0.43283277E+000    -0.35348158E+000    -0.18277590E+003     0.82549260E+003     0.87569685E-001     0.11734063E+000
     0.29940648E+000     0.45409607E+000    -0.20806037E+000    -0.12055166E+003     0.80276724E+003     0.90092417E-001     0.11673858E+000
     0.30016639E+000     0.40442356E+000    -0.10204560E+000    -0.63768466E+002     0.78983302E+003     0.94500496E-001     0.12402190E+000
     0.30092631E+000     0.35340590E+000    -0.45059082E-001    -0.11138380E+002     0.78395726E+003     0.93577707E-001     0.13877501E+000
     0.30168622E+000     0.31462554E+000     0.13062139E-001     0.36665229E+002     0.78380206E+003     0.81632314E-001     0.15586750E+000
     0.30244614E+000     0.24971581E+000     0.82069388E-001     0.79360190E+002     0.78616360E+003     0.58020992E-001     0.16658296E+000
     0.30320605E+000     0.14269840E+000     0.12790319E+000     0.11963329E+003     0.78869039E+003     0.28688494E-001     0.16363875E+000
     0.30396597E+000     0.14869409E-001     0.11745437E+000     0.16038889E+003     0.79234606E+003     0.36410235E-002     0.14518313E+000
     0.30472588E+000    -0.89664812E-001     0.43880639E-001     0.20239096E+003     0.79970107E+003    -0.72142292E-002     0.11759155E+000
     0.30548580E+000    -0.13511710E+000    -0.57705926E-001     0.24428336E+003     0.81340361E+003    -0.25438255E-002     0.94046579E-001
     0.30624571E+000    -0.13360902E+000    -0.14306753E+000     0.28247869E+003     0.83487436E+003     0.68469389E-002     0.82948829E-001
     0.30700563E+000    -0.11314450E+000    -0.20666150E+000     0.31267700E+003     0.86255092E+003     0.93521938E-002     0.78094457E-001
     0.30776554E+000    -0.78879282E-001    -0.25253122E+000     0.33213396E+003     0.89247427E+003     0.78728158E-002     0.68717388E-001
     0.30852546E+000    -0.38571710E-001    -0.27198889E+000     0.34041354E+003     0.91939979E+003     0.99879629E-002     0.56231292E-001
     0.30928537E+000    -0.13922286E-001    -0.26696397E+000     0.34054755E+003     0.93830448E+003     0.14976565E-001     0.44563329E-001
     0.31004529E+000    -0.17510669E-001    -0.26111007E+000     0.33775323E+003     0.94762071E+003     0.21664162E-001     0.33044185E-001
     0.31080520E+000    -0.36013796E-001    -0.27811334E+000     0.33531919E+003     0.94860978E+003     0.31475026E-001     0.21185748E-001
     0.31156512E+000    -0.45380794E-001    -0.32285442E+000     0.33511478E+003     0.94134938E+003     0.46807359E-001     0.10825177E-001
     0.31232503E+000    -0.21779674E-001    -0.38390160E+000     0.34160015E+003     0.92606472E+003     0.67673477E-001     0.73934091E-002
     0.31308495E+000     0.46473408E-001    -0.42686792E+000     0.35949136E+003     0.90792300E+003     0.87654104E-001     0.15166478E-001
     0.31384486E+000     0.13029229E+000    -0.41548201E+000     0.38788997E+003     0.89484868E+003     0.98654746E-001     0.30868784E-001
     0.31460478E+000     0.18085601E+000    -0.35900929E+000     0.42060855E+003     0.89151065E+003     0.98073165E-001     0.46586419E-001
     0.31536469E+000     0.18571922E+000    -0.29841815E+000     0.45055026E+003     0.89705612E+003     0.89066055E-001     0.55112029E-001
     0.31612461E+000     0.16344320E+000    -0.25397541E+000     0.47357445E+003     0.90638913E+003     0.79234274E-001     0.53509198E-001
     0.31688452E+000     0.12281384E+000    -0.22710801E+000     0.49039226E+003     0.91364623E+003     0.74884753E-001     0.46499135E-001
     0.31764444E+000     0.69174022E-001    -0.22914187E+000     0.50505582E+003     0.91577644E+003     0.73811167E-001     0.39824274E-001
     0.31840435E+000     0.25173377E-001    -0.26537037E+000     0.52181741E+003     0.91318950E+003     0.72460097E-001     0.31147049E-001
     0.31916427E+000     0.72564212E-002    -0.31852105E+000     0.54344399E+003     0.90855225E+003     0.74508294E-001     0.17823571E-001
     0.31992418E+000     0.12008773E-001    -0.37281206E+000     0.57033809E+003     0.90557080E+003     0.83030805E-001     0.30646053E-002
     0.32068410E+000     0.35259499E-001    -0.42375564E+000     0.60040784E+003     0.90710485E+003     0.97421712E-001    -0.10942486E-001
     0.32144401E+000     0.75903991E-001    -0.46458376E+000     0.63048969E+003     0.91383003E+003     0.11898434E+000    -0.23487960E-001
     0.32220393E+000     0.12623438E+000    -0.48963051E+000     0.65800012E+003     0.92428697E+003     0.15007801E+000    -0.30542845E-001
     0.32296384E+000     0.18110601E+000    -0.49993261E+000     0.68215693E+003     0.93580081E+003     0.19003723E+000    -0.24558894E-001
     0.32372376E+000     0.23747224E+000    -0.49146126E+000     0.70442823E+003     0.94606412E+003     0.23111660E+000     0.36324744E-002
     0.32448367E+000     0.28207130E+000    -0.46257777E+000     0.72769198E+003     0.95491611E+003     0.25538818E+000     0.55770465E-001
     0.32524359E+000     0.30360652E+000    -0.42702147E+000     0.75378598E+003     0.96491826E+003     0.24644789E+000     0.11572498E+000
     0.32600350E+000     0.30695700E+000    -0.40224064E+000     0.78157728E+003     0.97923842E+003     0.20662945E+000     0.15862307E+000
     0.32676342E+000     0.30759296E+000    -0.39471374E+000     0.80783464E+003     0.99903493E+003     0.15542417E+000     0.17072025E+000
     0.32752333E+000     0.31838389E+000    -0.39707325E+000     0.82963809E+003     0.10226973E+004     0.11245091E+000     0.15649943E+000
     0.32828325E+000     0.34053461E+000    -0.39819027E+000     0.84653386E+003     0.10473420E+004     0.85195698E-001     0.12791423E+000
     0.32904316E+000     0.37075770E+000    -0.39344642E+000     0.86025804E+003     0.10717794E+004     0.74158922E-001     0.92312101E-001
     0.32980308E+000     0.40896306E+000    -0.37868421E+000     0.87152482E+003     0.10974481E+004     0.81462094E-001     0.55667300E-001
     0.33056299E+000     0.45225757E+000    -0.34492526E+000     0.87796304E+003     0.11253842E+004     0.10615939E+000     0.28171139E-001
     0.33132291E+000     0.48864245E+000    -0.28170548E+000     0.87656042E+003     0.11531166E+004     0.13888892E+000     0.17692587E-001
     0.33208282E+000     0.49064861E+000    -0.18720067E+000     0.86751265E+003     0.11760745E+004     0.16801740E+000     0.22526312E-001
     0.33284274E+000     0.42731261E+000    -0.92087460E-001     0.85412845E+003     0.11915086E+004     0.18836156E+000     0.34680406E-001
     0.33360265E+000     0.30745256E+000    -0.53230917E-001     0.83968946E+003     0.11994994E+004     0.20145344E+000     0.47667617E-001
     0.33436257E+000     0.18790225E+000    -0.99495287E-001     0.82605145E+003     0.12011766E+004     0.21077442E+000     0.59022936E-001
     0.33512248E+000     0.12489359E+000    -0.20559361E+000     0.81402865E+003     0.11977912E+004     0.21916904E+000     0.68783133E-001
     0.33588240E+000     0.13666057E+000    -0.31961340E+000     0.80323052E+003     0.11900812E+004     0.22853229E+000     0.78488447E-001
     0.33664231E+000     0.20448747E+000    -0.39724398E+000     0.79316594E+003     0.11767398E+004     0.23885089E+000     0.90884334E-001
     0.33740223E+000     0.29018587E+000    -0.41972240E+000     0.78615923E+003     0.11553289E+004     0.24719081E+000     0.10775651E+000
     0.33816214E+000     0.35807400E+000    -0.39735546E+000     0.78738959E+003     0.11262569E+004     0.24981522E+000     0.12725185E+000
     0.33892206E+000     0.39268590E+000    -0.35650789E+000     0.80071020E+003     0.10943550E+004     0.24602622E+000     0.14476369E+000
     0.33968197E+000     0.39888708E+000    -0.31970244E+000     0.82562308E+003     0.10657332E+004     0.23919359E+000     0.15692641E+000
     0.34044189E+000     0.38873595E+000    -0.29713169E+000     0.85846219E+003     0.10442620E+004     0.23364109E+000     0.16446079E+000
     0.34120180E+000     0.37268623E+000    -0.29160752E+000     0.89508173E+003     0.10308754E+004     0.23075750E+000     0.17053075E+000
     0.34196172E+000     0.36104557E+000    -0.30253616E+000     0.93238602E+003     0.10246306E+004     0.22927078E+000     0.17670882E+000
     0.34272163E+000     0.36347785E+000    -0.32197616E+000     0.96868113E+003     0.10238404E+004     0.22904202E+000     0.18251056E+000
     0.34348155E+000     0.37953805E+000    -0.33541701E+000     0.10035448E+004     0.10269349E+004     0.23161222E+000     0.18926068E+000
     0.34424146E+000     0.39515571E+000    -0.33562453E+000     0.10372964E+004     0.10331426E+004     0.23570421E+000     0.20048128E+000
     0.34500138E+000     0.39676720E+000    -0.33265251E+000     0.10700656E+004     0.10426170E+004     0.23679259E+000     0.21665494E+000
     0.34576129E+000     0.38660510E+000    -0.34428340E+000     0.11011366E+004     0.10557177E+004     0.23244168E+000     0.23449829E+000
     0.34652120E+000     0.38106156E+000    -0.37965841E+000     0.11292482E+004     0.10721230E+004     0.22325093E+000     0.25144904E+000
     0.34728112E+000     0.39882732E+000    -0.43308000E+000     0.11534175E+004     0.10907111E+004     0.20972325E+000     0.26642399E+000
     0.34804103E+000     0.45106377E+000    -0.48701216E+000     0.11733208E+004     0.11101015E+004     0.19202121E+000     0.27775502E+000
     0.34880095E+000     0.53523668E+000    -0.51883473E+000     0.11890875E+004     0.11290406E+004     0.17165918E+000     0.28329366E+000
     0.34956086E+000     0.63328282E+000    -0.51143540E+000     0.12011024E+004     0.11463718E+004     0.15166118E+000     0.28214854E+000
     0.35032078E+000     0.71912403E+000    -0.46437583E+000     0.12100909E+004     0.11609992E+004     0.13495695E+000     0.27564315E+000
     0.35108069E+000     0.77448164E+000    -0.39521131E+000     0.12171793E+004     0.11720836E+004     0.12262991E+000     0.26633885E+000
     0.35184061E+000     0.79960535E+000    -0.32606767E+000     0.12237588E+004     0.11792126E+004     0.11396367E+000     0.25596819E+000
     0.35260052E+000     0.80715410E+000    -0.26777403E+000     0.12313883E+004     0.11824764E+004     0.10836403E+000     0.24463130E+000
     0.35336044E+000     0.80675558E+000    -0.21823666E+000     0.12416338E+004     0.11827221E+004     0.10680966E+000     0.23248080E+000
     0.35412035E+000     0.79839913E+000    -0.17409380E+000     0.12554374E+004     0.11816713E+004     0.11029086E+000     0.22184351E+000
     0.35488027E+000     0.77985088E+000    -0.13935530E+000     0.12724673E+004     0.11812589E+004     0.11678347E+000     0.21590557E+000
     0.35564018E+000     0.75589726E+000    -0.12156874E+000     0.12913505E+004     0.11825929E+004     0.12176195E+000     0.21476217E+000
     0.35640010E+000     0.73801603E+000    -0.12261862E+000     0.13106479E+004     0.11855736E+004     0.12246664E+000     0.21446013E+000
     0.35716001E+000     0.73658205E+000    -0.13530321E+000     0.13296214E+004     0.11893974E+004     0.12051240E+000     0.21039345E+000
     0.35791993E+000     0.75461028E+000    -0.14764372E+000     0.13482655E+004     0.11932880E+004     0.12055693E+000     0.20087103E+000
     0.35867984E+000     0.78750073E+000    -0.14934922E+000     0.13668963E+004     0.11968070E+004     0.12716320E+000     0.18829992E+000
     0.35943976E+000     0.82682244E+000    -0.13525722E+000     0.13858775E+004     0.11997527E+004     0.14177324E+000     0.17787823E+000
     0.36019967E+000     0.86372931E+000    -0.10520740E+000     0.14056050E+004     0.12020655E+004     0.16156022E+000     0.17423075E+000
     0.36095959E+000     0.89081701E+000    -0.63322582E-001     0.14264820E+004     0.12038505E+004     0.18160992E+000     0.17832319E+000
     0.36171950E+000     0.90424890E+000    -0.17008014E-001     0.14488515E+004     0.12053459E+004     0.19861893E+000     0.18774021E+000
     0.36247942E+000     0.90524191E+000     0.25788434E-001     0.14730175E+004     0.12068871E+004     0.21217024E+000     0.19968237E+000
     0.36323933E+000     0.89930372E+000     0.59771851E-001     0.14992347E+004     0.12089954E+004     0.22301908E+000     0.21280766E+000
     0.36399925E+000     0.89367969E+000     0.84406790E-001     0.15275013E+004     0.12124215E+004     0.23154554E+000     0.22652915E+000
     0.36475916E+000     0.89366069E+000     0.10400577E+000     0.15573428E+004     0.12179032E+004     0.23808195E+000     0.23999020E+000
     0.36551908E+000     0.89958379E+000     0.12472232E+000     0.15879120E+004     0.12257763E+004     0.24372846E+000     0.25239393E+000
     0.36627899E+000     0.90753951E+000     0.15002986E+000     0.16183961E+004     0.12358130E+004     0.25015389E+000     0.26395597E+000
     0.36703891E+000     0.91350091E+000     0.17900883E+000     0.16483921E+004     0.12474462E+004     0.25856428E+000     0.27620733E+000
     0.36779882E+000     0.91639441E+000     0.20879652E+000     0.16779601E+004     0.12601812E+004     0.26877472E+000     0.29134414E+000
     0.36855874E+000     0.91757048E+000     0.23767272E+000     0.17073545E+004     0.12738622E+004     0.27903117E+000     0.31105033E+000
     0.36931865E+000     0.91861332E+000     0.26596408E+000     0.17366935E+004     0.12886213E+004     0.28677020E+000     0.33550040E+000
     0.37007857E+000     0.91966620E+000     0.29508379E+000     0.17658292E+004     0.13046182E+004     0.28988863E+000     0.36323754E+000
     0.37083848E+000     0.91914395E+000     0.32563375E+000     0.17944705E+004     0.13218203E+004     0.28765120E+000     0.39199079E+000
     0.37159840E+000     0.91535457E+000     0.35595200E+000     0.18224035E+004     0.13399849E+004     0.28072924E+000     0.41978915E+000
     0.37235831E+000     0.90883189E+000     0.38289051E+000     0.18496075E+004     0.13588166E+004     0.27051534E+000     0.44570412E+000
     0.37311823E+000     0.90282824E+000     0.40431637E+000     0.18761876E+004     0.13781204E+004     0.25819824E+000     0.46987233E+000
     0.37387814E+000     0.90163426E+000     0.42067605E+000     0.19022388E+004     0.13978111E+004     0.24420135E+000     0.49288163E+000
     0.37463806E+000     0.90894238E+000     0.43470169E+000     0.19277936E+004     0.14178258E+004     0.22829405E+000     0.51506964E+000
     0.37539797E+000     0.92729646E+000     0.45084674E+000     0.19528529E+004     0.14380635E+004     0.21009196E+000     0.53624727E+000
     0.37615789E+000     0.95743358E+000     0.47530891E+000     0.19774189E+004     0.14583651E+004     0.18946867E+000     0.55586432E+000
     0.37691780E+000     0.99668294E+000     0.51546381E+000     0.20015342E+004     0.14784819E+004     0.16666494E+000     0.57333721E+000
     0.37767772E+000     0.10376332E+001     0.57732722E+000     0.20253856E+004     0.14980665E+004     0.14214171E+000     0.58827785E+000
     0.37843763E+000     0.10695028E+001     0.66175476E+000     0.20494261E+004     0.15167838E+004     0.11637330E+000     0.60049664E+000
     0.37919755E+000     0.10829063E+001     0.76274455E+000     0.20743759E+004     0.15345268E+004     0.89789961E-001     0.60987178E+000
     0.37995746E+000     0.10746447E+001     0.87056408E+000     0.21010441E+004     0.15515915E+004     0.62868452E-001     0.61630783E+000
     0.38071738E+000     0.10480175E+001     0.97762729E+000     0.21300686E+004     0.15686858E+004     0.36160630E-001     0.61984447E+000
     0.38147729E+000     0.10085237E+001     0.10820321E+001     0.21617095E+004     0.15867737E+004     0.10153734E-001     0.62071805E+000
     0.38223721E+000     0.95904611E+000     0.11865190E+001     0.21957802E+004     0.16068356E+004    -0.14850092E-001     0.61922384E+000
     0.38299712E+000     0.89776537E+000     0.12948265E+001     0.22317282E+004     0.16296455E+004    -0.38629959E-001     0.61554689E+000
     0.38375704E+000     0.81900933E+000     0.14082235E+001     0.22688186E+004     0.16556530E+004    -0.60843527E-001     0.60981984E+000
     0.38451695E+000     0.71572526E+000     0.15236809E+001     0.23063215E+004     0.16850013E+004    -0.81022799E-001     0.60235191E+000
     0.38527687E+000     0.58208449E+000     0.16338468E+001     0.23436200E+004     0.17176336E+004    -0.98803261E-001     0.59372159E+000
     0.38603678E+000     0.41537648E+000     0.17280311E+001     0.23802198E+004     0.17534076E+004    -0.11410685E+000     0.58459965E+000
     0.38679670E+000     0.21742880E+000     0.17935318E+001     0.24156927E+004     0.17921570E+004    -0.12705388E+000     0.57551496E+000
     0.38755661E+000    -0.41628698E-002     0.18176128E+001     0.24496123E+004     0.18336813E+004    -0.13771477E+000     0.56685733E+000
     0.38831653E+000    -0.23571956E+000     0.17905271E+001     0.24815325E+004     0.18776779E+004    -0.14602695E+000     0.55913539E+000
     0.38907644E+000    -0.45913476E+000     0.17088552E+001     0.25110407E+004     0.19236641E+004    -0.15203531E+000     0.55319061E+000
     0.38983636E+000    -0.65558585E+000     0.15775706E+001     0.25378837E+004     0.19709482E+004    -0.15625405E+000     0.55008935E+000
     0.39059627E+000    -0.81007643E+000     0.14095551E+001     0.25621169E+004     0.20187022E+004    -0.15981958E+000     0.55074086E+000
     0.39135619E+000    -0.91493546E+000     0.12224922E+001     0.25841955E+004     0.20661413E+004    -0.16432013E+000     0.55552792E+000
     0.39211610E+000    -0.97081861E+000     0.10344122E+001     0.26049341E+004     0.21127530E+004    -0.17146993E+000     0.56416754E+000
     0.39287602E+000    -0.98504555E+000     0.85979871E+000     0.26253206E+004     0.21584656E+004    -0.18286011E+000     0.57576183E+000
     0.39363593E+000    -0.96843439E+000     0.70766160E+000     0.26462631E+004     0.22036684E+004    -0.19982270E+000     0.58884356E+000
     0.39439585E+000    -0.93226076E+000     0.58171787E+000     0.26683908E+004     0.22490766E+004    -0.22323407E+000     0.60135191E+000
     0.39515576E+000    -0.88638161E+000     0.48177661E+000     0.26919938E+004     0.22955310E+004    -0.25315197E+000     0.61072397E+000
     0.39591567E+000    -0.83855148E+000     0.40525478E+000     0.27170916E+004     0.23438456E+004    -0.28845855E+000     0.61430306E+000
     0.39667559E+000    -0.79438673E+000     0.34833550E+000     0.27435438E+004     0.23947627E+004    -0.32680876E+000     0.61000237E+000
     0.39743550E+000    -0.75760691E+000     0.30684464E+000     0.27711167E+004     0.24489955E+004    -0.36501483E+000     0.59693170E+000
     0.39819542E+000    -0.73057094E+000     0.27690736E+000     0.27994681E+004     0.25072844E+004    -0.39973800E+000     0.57570945E+000
     0.39895533E+000    -0.71508611E+000     0.25513430E+000     0.28280796E+004     0.25704050E+004    -0.42823295E+000     0.54835784E+000
     0.39971525E+000    -0.71307428E+000     0.23811676E+000     0.28561930E+004     0.26391126E+004    -0.44891498E+000     0.51784959E+000
     0.40047516E+000    -0.72652497E+000     0.22149320E+000     0.28827897E+004     0.27140490E+004    -0.46161986E+000     0.48746874E+000
     0.40123508E+000    -0.75655113E+000     0.19929521E+000     0.29066204E+004     0.27956494E+004    -0.46753584E+000     0.46016534E+000
     0.40199499E+000    -0.80199738E+000     0.16423491E+000     0.29262686E+004     0.28840734E+004    -0.46886813E+000     0.43805012E+000
     0.40275491E+000    -0.85844112E+000     0.10906386E+000     0.29402298E+004     0.29791671E+004    -0.46834829E+000     0.42212653E+000
     0.40351482E+000    -0.91830220E+000     0.28465939E-001     0.29469889E+004     0.30804536E+004    -0.46873900E+000     0.41228776E+000
     0.40427474E+000    -0.97218931E+000    -0.79445569E-001     0.29450896E+004     0.31871416E+004    -0.47247399E+000     0.40750249E+000
     0.40503465E+000    -0.10108830E+001    -0.21279952E+000     0.29331923E+004     0.32981460E+004    -0.48146965E+000     0.40604028E+000
     0.40579457E+000    -0.10269565E+001    -0.36690076E+000     0.29101266E+004     0.34121147E+004    -0.49701805E+000     0.40563668E+000
     0.40655448E+000    -0.10152964E+001    -0.53574421E+000     0.28749363E+004     0.35274663E+004    -0.51965352E+000     0.40363034E+000
     0.40731440E+000    -0.97256386E+000    -0.71312761E+000     0.28269110E+004     0.36424370E+004    -0.54898633E+000     0.39717486E+000
     0.40807431E+000    -0.89635209E+000    -0.89280025E+000     0.27655939E+004     0.37551301E+004    -0.58359809E+000     0.38357916E+000
     0.40883423E+000    -0.78490354E+000    -0.10678959E+001     0.26907658E+004     0.38635463E+004    -0.62111022E+000     0.36072696E+000
     0.40959414E+000    -0.63767501E+000    -0.12304457E+001     0.26024228E+004     0.39655698E+004    -0.65847275E+000     0.32744708E+000
     0.41035406E+000    -0.45630108E+000    -0.13716253E+001     0.25007935E+004     0.40589053E+004    -0.69241259E+000     0.28369397E+000
     0.41111397E+000    -0.24522751E+000    -0.14827530E+001     0.23864474E+004     0.41410003E+004    -0.71988852E+000     0.23047653E+000
     0.41187389E+000    -0.11609185E-001    -0.15565372E+001     0.22605122E+004     0.42090353E+004    -0.73840211E+000     0.16960334E+000
     0.41263380E+000     0.23541703E+000    -0.15880392E+001     0.21249461E+004     0.42600779E+004    -0.74611734E+000     0.10338838E+000
     0.41339372E+000     0.48571420E+000    -0.15751389E+001     0.19827344E+004     0.42914397E+004    -0.74185201E+000     0.34426616E-001
     0.41415363E+000     0.72909094E+000    -0.15185920E+001     0.18378647E+004     0.43011684E+004    -0.72503404E+000    -0.34539331E-001
     0.41491355E+000     0.95613200E+000    -0.14218405E+001     0.16950138E+004     0.42885044E+004    -0.69567994E+000    -0.10069654E+000
     0.41567346E+000     0.11589452E+001    -0.12906318E+001     0.15590148E+004     0.42541236E+004    -0.65441321E+000    -0.16122629E+000
     0.41643338E+000     0.13317991E+001    -0.11324008E+001     0.14342769E+004     0.42000776E+004    -0.60252026E+000    -0.21339718E+000
     0.41719329E+000     0.14715144E+001    -0.95540816E+000     0.13243357E+004     0.41294770E+004    -0.54201552E+000    -0.25472906E+000
     0.41795321E+000     0.15774590E+001    -0.76776245E+000     0.12316293E+004     0.40460517E+004    -0.47565039E+000    -0.28324794E+000
     0.41871312E+000     0.16511084E+001    -0.57656135E+000     0.11574894E+004     0.39537298E+004    -0.40678670E+000    -0.29779339E+000
     0.41947304E+000     0.16952982E+001    -0.38737139E+000     0.11022721E+004     0.38563145E+004    -0.33909670E+000    -0.29828030E+000
     0.42023295E+000     0.17134055E+001    -0.20414568E+000     0.10655474E+004     0.37572787E+004    -0.27612959E+000    -0.28580524E+000
     0.42099287E+000     0.17086989E+001    -0.29519114E-001     0.10462914E+004     0.36596538E+004    -0.22085022E+000    -0.26253427E+000
     0.42175278E+000     0.16840055E+001     0.13469761E+000     0.10430580E+004     0.35659804E+004    -0.17527290E+000    -0.23138543E+000
     0.42251270E+000     0.16417094E+001     0.28703674E+000     0.10541252E+004     0.34782993E+004    -0.14028104E+000    -0.19558530E+000
     0.42327261E+000     0.15839801E+001     0.42606756E+000     0.10776205E+004     0.33981665E+004    -0.11566336E+000    -0.15821043E+000
     0.42403253E+000     0.15130742E+001     0.55033176E+000     0.11116252E+004     0.33266882E+004    -0.10033504E+000    -0.12181707E+000
     0.42479244E+000     0.14315618E+001     0.65848528E+000     0.11542608E+004     0.32645716E+004    -0.92669297E-001    -0.88224672E-001
     0.42555236E+000     0.13423918E+001     0.74954550E+000     0.12037525E+004     0.32121860E+004    -0.90851692E-001    -0.58470049E-001
     0.42631227E+000     0.12487857E+001     0.82312815E+000     0.12584715E+004     0.31696305E+004    -0.93181671E-001    -0.32906974E-001
     0.42707219E+000     0.11540119E+001     0.87958831E+000     0.13169536E+004     0.31367997E+004    -0.98273163E-001    -0.11399802E-001
     0.42783210E+000     0.10611171E+001     0.92003071E+000     0.13779006E+004     0.31134424E+004    -0.10513742E+000     0.64488922E-002
     0.42859202E+000     0.97268413E+000     0.94619901E+000     0.14401673E+004     0.30992070E+004    -0.11315915E+000     0.21091110E-001
     0.42935193E+000     0.89066287E+000     0.96028038E+000     0.15027414E+004     0.30936749E+004    -0.12199697E+000     0.32885407E-001
     0.43011185E+000     0.81629263E+000     0.96466908E+000     0.15647214E+004     0.30963790E+004    -0.13144890E+000     0.42025894E-001
     0.43087176E+000     0.75011777E+000     0.96172847E+000     0.16252973E+004     0.31068125E+004    -0.14132205E+000     0.48545236E-001
     0.43163168E+000     0.69208478E+000     0.95358484E+000     0.16837351E+004     0.31244281E+004    -0.15133559E+000     0.52373124E-001
     0.43239159E+000     0.64170078E+000     0.94197912E+000     0.17393694E+004     0.31486330E+004    -0.16107122E+000     0.53424885E-001
     0.43315151E+000     0.59822456E+000     0.92819303E+000     0.17916024E+004     0.31787801E+004    -0.16997321E+000     0.51695846E-001
     0.43391142E+000     0.56085787E+000     0.91305277E+000     0.18399115E+004     0.32141609E+004    -0.17739127E+000     0.47342025E-001
     0.43467134E+000     0.52890810E+000     0.89699862E+000     0.18838621E+004     0.32540001E+004    -0.18265526E+000     0.40733014E-001
     0.43543125E+000     0.50190463E+000     0.88020037E+000     0.19231279E+004     0.32974555E+004    -0.18516773E+000     0.32467715E-001
     0.43619117E+000     0.47966171E+000     0.86269727E+000     0.19575159E+004     0.33436243E+004    -0.18449743E+000     0.23349038E-001
     0.43695108E+000     0.46228762E+000     0.84454558E+000     0.19869940E+004     0.33915609E+004    -0.18045670E+000     0.14320701E-001
     0.43771100E+000     0.45014085E+000     0.82595917E+000     0.20117185E+004     0.34403063E+004    -0.17314821E+000     0.63766921E-002
     0.43847091E+000     0.44373470E+000     0.80742769E+000     0.20320559E+004     0.34889326E+004    -0.16297312E+000     0.45918148E-003
     0.43923083E+000     0.44359607E+000     0.78979269E+000     0.20485899E+004     0.35366008E+004    -0.15060111E+000    -0.26383842E-002
     0.43999074E+000     0.45009446E+000     0.77426112E+000     0.20621095E+004     0.35826261E+004    -0.13690912E+000    -0.23495496E-002
     0.44075066E+000     0.46326972E+000     0.76234220E+000     0.20735714E+004     0.36265435E+004    -0.12289969E+000     0.16135546E-002
     0.44151057E+000     0.48269526E+000     0.75570883E+000     0.20840370E+004     0.36681606E+004    -0.10960930E+000     0.92383847E-002
     0.44227049E+000     0.50741134E+000     0.75600551E+000     0.20945900E+004     0.37075889E+004    -0.98016574E-001     0.20219919E-001
     0.44303040E+000     0.53594819E+000     0.76464170E+000     0.21062438E+004     0.37452427E+004    -0.88958940E-001     0.33996481E-001
     0.44379032E+000     0.56643494E+000     0.78261514E+000     0.21198544E+004     0.37818069E+004    -0.83066076E-001     0.49809472E-001
     0.44455023E+000     0.59676770E+000     0.81040066E+000     0.21360499E+004     0.38181752E+004    -0.80717488E-001     0.66780040E-001
     0.44531014E+000     0.62479732E+000     0.84791950E+000     0.21551867E+004     0.38553715E+004    -0.82028526E-001     0.83992833E-001
     0.44607006E+000     0.64849860E+000     0.89458169E+000     0.21773364E+004     0.38944643E+004    -0.86864612E-001     0.10057583E+000
     0.44682997E+000     0.66609534E+000     0.94937808E+000     0.22022997E+004     0.39364889E+004    -0.94878826E-001     0.11576674E+000
     0.44758989E+000     0.67613286E+000     0.10109933E+001     0.22296423E+004     0.39823829E+004    -0.10556500E+000     0.12895995E+000
     0.44834980E+000     0.67750392E+000     0.10779154E+001     0.22587417E+004     0.40329425E+004    -0.11831770E+000     0.13973208E+000
     0.44910972E+000     0.66944218E+000     0.11485277E+001     0.22888385E+004     0.40887968E+004    -0.13249173E+000     0.14784740E+000
     0.44986963E+000     0.65149831E+000     0.12211783E+001     0.23190854E+004     0.41503987E+004    -0.14745545E+000     0.15324646E+000
     0.45062955E+000     0.62351078E+000     0.12942285E+001     0.23485887E+004     0.42180281E+004    -0.16263459E+000     0.15602191E+000
     0.45138946E+000     0.58557848E+000     0.13660881E+001     0.23764431E+004     0.42918018E+004    -0.17754436E+000     0.15638565E+000
     0.45214938E+000     0.53803779E+000     0.14352409E+001     0.24017581E+004     0.43716883E+004    -0.19180918E+000     0.15463140E+000
     0.45290929E+000     0.48144414E+000     0.15002683E+001     0.24236778E+004     0.44575238E+004    -0.20517018E+000     0.15109635E+000
     0.45366921E+000     0.41655634E+000     0.15598709E+001     0.24413962E+004     0.45490280E+004    -0.21748155E+000     0.14612534E+000
     0.45442912E+000     0.34432160E+000     0.16128942E+001     0.24541678E+004     0.46458197E+004    -0.22869789E+000     0.14004028E+000
     0.45518904E+000     0.26585854E+000     0.16583548E+001     0.24613154E+004     0.47474309E+004    -0.23885495E+000     0.13311644E+000
     0.45594895E+000     0.18243531E+000     0.16954717E+001     0.24622365E+004     0.48533201E+004    -0.24804649E+000     0.12556658E+000
     0.45670887E+000     0.95439945E-001     0.17236974E+001     0.24564074E+004     0.49628854E+004    -0.25639964E+000     0.11753264E+000
     0.45746878E+000     0.63400243E-002     0.17427482E+001     0.24433862E+004     0.50754760E+004    -0.26405053E+000     0.10908432E+000
     0.45822870E+000    -0.83369421E-001     0.17526291E+001     0.24228154E+004     0.51904043E+004    -0.27112149E+000     0.10022392E+000
     0.45898861E+000    -0.17222963E+000     0.17536467E+001     0.23944223E+004     0.53069581E+004    -0.27770069E+000     0.90896671E-001
     0.45974853E+000    -0.25889050E+000     0.17464066E+001     0.23580191E+004     0.54244125E+004    -0.28382517E+000     0.81006220E-001
     0.46050844E+000    -0.34218649E+000     0.17317886E+001     0.23134990E+004     0.55420428E+004    -0.28946859E+000     0.70434907E-001
     0.46126836E+000    -0.42120830E+000     0.17108987E+001     0.22608312E+004     0.56591357E+004    -0.29453547E+000     0.59067821E-001
     0.46202827E+000    -0.49536179E+000     0.16849976E+001     0.22000517E+004     0.57749991E+004    -0.29886340E+000     0.46818853E-001
     0.46278819E+000    -0.56440514E+000     0.16554095E+001     0.21312518E+004     0.58889689E+004    -0.30223470E+000     0.33655817E-001
     0.46354810E+000    -0.62845705E+000     0.16234201E+001     0.20545662E+004     0.60004106E+004    -0.30439702E+000     0.19620996E-001
     0.46430802E+000    -0.68797198E+000     0.15901719E+001     0.19701604E+004     0.61087162E+004    -0.30509125E+000     0.48434963E-002
     0.46506793E+000    -0.74368246E+000     0.15565717E+001     0.18782221E+004     0.62132961E+004    -0.30408301E+000    -0.10459258E-001
     0.46582785E+000    -0.79651323E+000     0.15232190E+001     0.17789570E+004     0.63135679E+004    -0.30119325E+000    -0.25991766E-001
     0.46658776E+000    -0.84747613E+000     0.14903659E+001     0.16725912E+004     0.64089426E+004    -0.29632351E+000    -0.41401227E-001
     0.46734768E+000    -0.89755775E+000     0.14579135E+001     0.15593804E+004     0.64988132E+004    -0.28947204E+000    -0.56305862E-001
     0.46810759E+000    -0.94761296E+000     0.14254449E+001     0.14396253E+004     0.65825474E+004    -0.28073922E+000    -0.70326706E-001
     0.46886751E+000    -0.99827677E+000     0.13922901E+001     0.13136926E+004     0.66594857E+004    -0.27032200E+000    -0.83118674E-001
     0.46962742E+000    -0.10499043E+001     0.13576146E+001     0.11820363E+004     0.67289504E+004    -0.25849904E+000    -0.94397325E-001
     0.47038734E+000    -0.11025441E+001     0.13205195E+001     0.10452195E+004     0.67902619E+004    -0.24560901E+000    -0.10395888E+000
     0.47114725E+000    -0.11559469E+001     0.12801405E+001     0.90392910E+003     0.68427649E+004    -0.23202488E+000    -0.11169230E+000
     0.47190717E+000    -0.12096043E+001     0.12357342E+001     0.75898316E+003     0.68858614E+004    -0.21812701E+000    -0.11758325E+000
     0.47266708E+000    -0.12628110E+001     0.11867428E+001     0.61132743E+003     0.69190459E+004    -0.20427709E+000    -0.12171052E+000
     0.47342700E+000    -0.13147406E+001     0.11328306E+001     0.46201992E+003     0.69419416E+004    -0.19079500E+000    -0.12423603E+000
     0.47418691E+000    -0.13645230E+001     0.10738928E+001     0.31220458E+003     0.69543307E+004    -0.17793951E+000    -0.12538943E+000
     0.47494683E+000    -0.14113140E+001     0.10100374E+001     0.16307602E+003     0.69561774E+004    -0.16589410E+000    -0.12544870E+000
     0.47570674E+000    -0.14543493E+001     0.94154872E+000     0.15838448E+002     0.69476396E+004    -0.15475830E+000    -0.12471808E+000
     0.47646666E+000    -0.14929776E+001     0.86883801E+000    -0.12833742E+003     0.69290688E+004    -0.14454535E+000    -0.12350475E+000
     0.47722657E+000    -0.15266726E+001     0.79239268E+000    -0.26835538E+003     0.69009988E+004    -0.13518598E+000    -0.12209602E+000
     0.47798649E+000    -0.15550256E+001     0.71273020E+000    -0.40322953E+003     0.68641233E+004    -0.12653823E+000    -0.12073861E+000
     0.47874640E+000    -0.15777230E+001     0.63036373E+000    -0.53211214E+003     0.68192668E+004    -0.11840233E+000    -0.11962168E+000
     0.47950632E+000    -0.15945169E+001     0.54578277E+000    -0.65431225E+003     0.67673503E+004    -0.11053932E+000    -0.11886499E+000
     0.48026623E+000    -0.16051928E+001     0.45944960E+000    -0.76930458E+003     0.67093552E+004    -0.10269167E+000    -0.11851279E+000
     0.48102615E+000    -0.16095437E+001     0.37180962E+000    -0.87672943E+003     0.66462890E+004    -0.94604022E-001    -0.11853366E+000
     0.48178606E+000    -0.16073523E+001     0.28331204E+000    -0.97638485E+003     0.65791537E+004    -0.86042479E-001    -0.11882583E+000
     0.48254598E+000    -0.15983854E+001     0.19443598E+000    -0.10682130E+004     0.65089194E+004    -0.76810886E-001    -0.11922694E+000
     0.48330589E+000    -0.15824018E+001     0.10571696E+000    -0.11522825E+004     0.64365040E+004    -0.66763436E-001    -0.11952704E+000
     0.48406581E+000    -0.15591702E+001     0.17768940E-001    -0.12287690E+004     0.63627580E+004    -0.55813117E-001    -0.11948353E+000
     0.48482572E+000    -0.15284978E+001    -0.68701749E-001    -0.12979350E+004     0.62884556E+004    -0.43936057E-001    -0.11883679E+000
     0.48558564E+000    -0.14902623E+001    -0.15289313E+000    -0.13601110E+004     0.62142899E+004    -0.31172025E-001    -0.11732565E+000
     0.48634555E+000    -0.14444468E+001    -0.23391603E+000    -0.14156782E+004     0.61408726E+004    -0.17621553E-001    -0.11470183E+000
     0.48710547E+000    -0.13911708E+001    -0.31081384E+000    -0.14650534E+004     0.60687359E+004    -0.34401452E-002    -0.11074276E+000
     0.48786538E+000    -0.13307155E+001    -0.38259205E+000    -0.15086769E+004     0.59983368E+004     0.11169869E-001    -0.10526244E+000
     0.48862530E+000    -0.12635405E+001    -0.44825518E+000    -0.15470022E+004     0.59300624E+004     0.25969319E-001    -0.98119953E-001
     0.48938521E+000    -0.11902890E+001    -0.50684782E+000    -0.15804883E+004     0.58642354E+004     0.40693430E-001    -0.89225272E-001
     0.49014513E+000    -0.11117832E+001    -0.55749662E+000    -0.16095935E+004     0.58011199E+004     0.55063701E-001    -0.78542487E-001
     0.49090504E+000    -0.10290076E+001    -0.59945004E+000    -0.16347716E+004     0.57409269E+004     0.68799824E-001    -0.66090213E-001
     0.49166496E+000    -0.94308332E+000    -0.63211294E+000    -0.16564677E+004     0.56838190E+004     0.81631019E-001    -0.51939429E-001
     0.49242487E+000    -0.85523496E+000    -0.65507378E+000    -0.16751164E+004     0.56299149E+004     0.93306248E-001    -0.36208989E-001
     0.49318479E+000    -0.76675194E+000    -0.66812288E+000    -0.16911396E+004     0.55792933E+004     0.10360283E+000    -0.19059218E-001
     0.49394470E+000    -0.67894741E+000    -0.67126113E+000    -0.17049453E+004     0.55319959E+004     0.11233312E+000    -0.68407111E-003
     0.49470461E+000    -0.59311720E+000    -0.66469897E+000    -0.17169261E+004     0.54880307E+004     0.11934909E+000     0.18697596E-001
     0.49546453E+000    -0.51050109E+000    -0.64884655E+000    -0.17274580E+004     0.54473743E+004     0.12454473E+000     0.38851086E-001
     0.49622444E+000    -0.43224845E+000    -0.62429620E+000    -0.17368995E+004     0.54099743E+004     0.12785640E+000     0.59534756E-001
     0.49698436E+000    -0.35938965E+000    -0.59179898E+000    -0.17455907E+004     0.53757515E+004     0.12926137E+000     0.80508277E-001
     0.49774427E+000    -0.29281411E+000    -0.55223704E+000    -0.17538521E+004     0.53446018E+004     0.12877470E+000     0.10153994E+000
     0.49850419E+000    -0.23325517E+000    -0.50659384E+000    -0.17619832E+004     0.53163981E+004     0.12644511E+000     0.12241273E+000
     0.49926410E+000    -0.18128173E+000    -0.45592379E+000    -0.17702622E+004     0.52909925E+004     0.12234989E+000     0.14292909E+000
     0.50002402E+000    -0.13729596E+000    -0.40132281E+000    -0.17789439E+004     0.52682181E+004     0.11658940E+000     0.16291422E+000
     0.50078393E+000    -0.10153615E+000    -0.34390103E+000    -0.17882595E+004     0.52478911E+004     0.10928149E+000     0.18221817E+000
     0.50154385E+000    -0.74083761E-001    -0.28475820E+000    -0.17984153E+004     0.52298135E+004     0.10055603E+000     0.20071659E+000
     0.50230376E+000    -0.54873614E-001    -0.22496232E+000    -0.18095915E+004     0.52137747E+004     0.90549856E-001     0.21831049E+000
     0.50306368E+000    -0.43706266E-001    -0.16553161E+000    -0.18219419E+004     0.51995550E+004     0.79402225E-001     0.23492518E+000
     0.50382359E+000    -0.40261770E-001    -0.10741968E+000    -0.18355935E+004     0.51869278E+004     0.67250929E-001     0.25050848E+000
     0.50458351E+000    -0.44114164E-001    -0.51503607E-001    -0.18506456E+004     0.51756624E+004     0.54229087E-001     0.26502853E+000
     0.50534342E+000    -0.54746239E-001     0.14253120E-002    -0.18671708E+004     0.51655275E+004     0.40462606E-001     0.27847124E+000
     0.50610334E+000    -0.71564290E-001     0.50668521E-001    -0.18852150E+004     0.51562936E+004     0.26068288E-001     0.29083769E+000
     0.50686325E+000    -0.93912661E-001     0.95625164E-001    -0.19047984E+004     0.51477362E+004     0.11152531E-001     0.30214142E+000
     0.50762317E+000    -0.12108801E+000     0.13579525E+000    -0.19259169E+004     0.51396387E+004    -0.41894650E-002     0.31240584E+000
     0.50838308E+000    -0.15235320E+000     0.17078117E+000    -0.19485435E+004     0.51317946E+004    -0.19874033E-001     0.32166178E+000
     0.50914300E+000    -0.18695083E+000     0.20028772E+000    -0.19726307E+004     0.51240103E+004    -0.35829011E-001     0.32994519E+000
     0.50990291E+000    -0.22411617E+000     0.22412056E+000    -0.19981124E+004     0.51161070E+004    -0.51993390E-001     0.33729505E+000
     0.51066283E+000    -0.26308963E+000     0.24218339E+000    -0.20249066E+004     0.51079223E+004    -0.68316716E-001     0.34375148E+000
     0.51142274E+000    -0.30312841E+000     0.25447360E+000    -0.20529184E+004     0.50993113E+004    -0.84758269E-001     0.34935418E+000
     0.51218266E+000    -0.34351735E+000     0.26107672E+000    -0.20820421E+004     0.50901477E+004    -0.10128609E+000     0.35414094E+000
     0.51294257E+000    -0.38357865E+000     0.26215966E+000    -0.21121647E+004     0.50803241E+004    -0.11787585E+000     0.35814651E+000
     0.51370249E+000    -0.42268048E+000     0.25796285E+000    -0.21431684E+004     0.50697518E+004    -0.13450968E+000     0.36140168E+000
     0.51446240E+000    -0.46024416E+000     0.24879159E+000    -0.21749329E+004     0.50583606E+004    -0.15117484E+000     0.36393258E+000
     0.51522232E+000    -0.49574997E+000     0.23500674E+000    -0.22073386E+004     0.50460980E+004    -0.16786245E+000     0.36576021E+000
     0.51598223E+000    -0.52874139E+000     0.21701504E+000    -0.22402683E+004     0.50329281E+004    -0.18456622E+000     0.36690027E+000
     0.51674215E+000    -0.55882792E+000     0.19525928E+000    -0.22736091E+004     0.50188298E+004    -0.20128112E+000     0.36736311E+000
     0.51750206E+000    -0.58568636E+000     0.17020861E+000    -0.23072545E+004     0.50037960E+004    -0.21800227E+000     0.36715396E+000
     0.51826198E+000    -0.60906080E+000     0.14234910E+000    -0.23411053E+004     0.49878313E+004    -0.23472380E+000     0.36627334E+000
     0.51902189E+000    -0.62876129E+000     0.11217490E+000    -0.23750708E+004     0.49709503E+004    -0.25143794E+000     0.36471764E+000
     0.51978181E+000    -0.64466153E+000     0.80180023E-001    -0.24090697E+004     0.49531758E+004    -0.26813418E+000     0.36247976E+000
     0.52054172E+000    -0.65669553E+000     0.46850954E-001    -0.24430299E+004     0.49345368E+004    -0.28479862E+000     0.35954998E+000
     0.52130164E+000    -0.66485360E+000     0.12660099E-001    -0.24768891E+004     0.49150672E+004    -0.30141357E+000     0.35591681E+000
     0.52206155E+000    -0.66917782E+000    -0.21939817E-001    -0.25105946E+004     0.48948034E+004    -0.31795718E+000     0.35156791E+000
     0.52282147E+000    -0.66975702E+000    -0.56520455E-001    -0.25441026E+004     0.48737832E+004    -0.33440341E+000     0.34649103E+000
     0.52358138E+000    -0.66672167E+000    -0.90681666E-001    -0.25773775E+004     0.48520446E+004    -0.35072205E+000     0.34067490E+000
     0.52434130E+000    -0.66023854E+000    -0.12405442E+000    -0.26103918E+004     0.48296240E+004    -0.36687897E+000     0.33411006E+000
     0.52510121E+000    -0.65050555E+000    -0.15630297E+000    -0.26431243E+004     0.48065557E+004    -0.38283650E+000     0.32678968E+000
     0.52586113E+000    -0.63774660E+000    -0.18712626E+000    -0.26755597E+004     0.47828709E+004    -0.39855390E+000     0.31871015E+000
     0.52662104E+000    -0.62220670E+000    -0.21625873E+000    -0.27076875E+004     0.47585972E+004    -0.41398799E+000     0.30987169E+000
     0.52738096E+000    -0.60414737E+000    -0.24347056E+000    -0.27395006E+004     0.47337583E+004    -0.42909376E+000     0.30027875E+000
     0.52814087E+000    -0.58384223E+000    -0.26856744E+000    -0.27709947E+004     0.47083733E+004    -0.44382512E+000     0.28994026E+000
     0.52890079E+000    -0.56157306E+000    -0.29138995E+000    -0.28021667E+004     0.46824576E+004    -0.45813559E+000     0.27886982E+000
     0.52966070E+000    -0.53762606E+000    -0.31181265E+000    -0.28330143E+004     0.46560222E+004    -0.47197906E+000     0.26708567E+000
     0.53042062E+000    -0.51228843E+000    -0.32974283E+000    -0.28635350E+004     0.46290745E+004    -0.48531039E+000     0.25461061E+000
     0.53118053E+000    -0.48584534E+000    -0.34511916E+000    -0.28937251E+004     0.46016186E+004    -0.49808610E+000     0.24147178E+000
     0.53194045E+000    -0.45857710E+000    -0.35791002E+000    -0.29235794E+004     0.45736557E+004    -0.51026490E+000     0.22770036E+000
     0.53270036E+000    -0.43075666E+000    -0.36811187E+000    -0.29530907E+004     0.45451852E+004    -0.52180817E+000     0.21333115E+000
     0.53346028E+000    -0.40264733E+000    -0.37574731E+000    -0.29822491E+004     0.45162044E+004    -0.53268033E+000     0.19840222E+000
     0.53422019E+000    -0.37450082E+000    -0.38086322E+000    -0.30110422E+004     0.44867104E+004    -0.54284916E+000     0.18295438E+000
     0.53498011E+000    -0.34655544E+000    -0.38352867E+000    -0.30394549E+004     0.44566995E+004    -0.55228600E+000     0.16703075E+000
     0.53574002E+000    -0.31903457E+000    -0.38383290E+000    -0.30674691E+004     0.44261687E+004    -0.56096590E+000     0.15067628E+000
     0.53649994E+000    -0.29214536E+000    -0.38188313E+000    -0.30950647E+004     0.43951163E+004    -0.56886762E+000     0.13393729E+000
     0.53725985E+000    -0.26607766E+000    -0.37780239E+000    -0.31222188E+004     0.43635416E+004    -0.57597370E+000     0.11686106E+000
     0.53801977E+000    -0.24100319E+000    -0.37172733E+000    -0.31489068E+004     0.43314463E+004    -0.58227034E+000     0.99495432E-001
     0.53877968E+000    -0.21707493E+000    -0.36380598E+000    -0.31751025E+004     0.42988343E+004    -0.58774731E+000     0.81888456E-001
     0.53953960E+000    -0.19442673E+000    -0.35419563E+000    -0.32007786E+004     0.42657121E+004    -0.59239786E+000     0.64088098E-001
     0.54029951E+000    -0.17317312E+000    -0.34306063E+000    -0.32259071E+004     0.42320892E+004    -0.59621852E+000     0.46141964E-001
     0.54105943E+000    -0.15340941E+000    -0.33057027E+000    -0.32504598E+004     0.41979778E+004    -0.59920897E+000     0.28097075E-001
     0.54181934E+000    -0.13521188E+000    -0.31689684E+000    -0.32744087E+004     0.41633932E+004    -0.60137186E+000     0.99996724E-002
     0.54257926E+000    -0.11863824E+000    -0.30221366E+000    -0.32977267E+004     0.41283534E+004    -0.60271267E+000    -0.81049395E-002
     0.54333917E+000    -0.10372826E+000    -0.28669326E+000    -0.33203874E+004     0.40928791E+004    -0.60323954E+000    -0.26172536E-001
     0.54409908E+000    -0.90504521E-001    -0.27050574E+000    -0.33423664E+004     0.40569939E+004    -0.60296313E+000    -0.44160089E-001
     0.54485900E+000    -0.78973317E-001    -0.25381723E+000    -0.33636404E+004     0.40207232E+004    -0.60189651E+000    -0.62025875E-001
     0.54561891E+000    -0.69125700E-001    -0.23678851E+000    -0.33841887E+004     0.39840948E+004    -0.60005499E+000    -0.79729572E-001
     0.54637883E+000    -0.60938582E-001    -0.21957377E+000    -0.34039925E+004     0.39471380E+004    -0.59745601E+000    -0.97232353E-001
     0.54713874E+000    -0.54375925E-001    -0.20231959E+000    -0.34230355E+004     0.39098838E+004    -0.59411906E+000    -0.11449697E+000
     0.54789866E+000    -0.49389990E-001    -0.18516402E+000    -0.34413036E+004     0.38723641E+004    -0.59006553E+000    -0.13148787E+000
     0.54865857E+000    -0.45922615E-001    -0.16823588E+000    -0.34587856E+004     0.38346118E+004    -0.58531863E+000    -0.14817124E+000
     0.54941849E+000    -0.43906501E-001    -0.15165416E+000    -0.34754726E+004     0.37966603E+004    -0.57990320E+000    -0.16451513E+000
     0.55017840E+000    -0.43266512E-001    -0.13552761E+000    -0.34913581E+004     0.37585432E+004    -0.57384567E+000    -0.18048956E+000
     0.55093832E+000    -0.43920937E-001    -0.11995451E+000    -0.35064383E+004     0.37202942E+004    -0.56717386E+000    -0.19606656E+000
     0.55169823E+000    -0.45782710E-001    -0.10502250E+000    -0.35207116E+004     0.36819470E+004    -0.55991688E+000    -0.21122027E+000
     0.55245815E+000    -0.48760591E-001    -0.90808586E-001    -0.35341786E+004     0.36435346E+004    -0.55210493E+000    -0.22592705E+000
     0.55321806E+000    -0.52760285E-001    -0.77379259E-001    -0.35468422E+004     0.36050897E+004    -0.54376915E+000    -0.24016546E+000
     0.55397798E+000    -0.57685503E-001    -0.64790677E-001    -0.35587073E+004     0.35666440E+004    -0.53494146E+000    -0.25391640E+000
     0.55473789E+000    -0.63438925E-001    -0.53088973E-001    -0.35697806E+004     0.35282285E+004    -0.52565436E+000    -0.26716306E+000
     0.55549781E+000    -0.69923097E-001    -0.42310625E-001    -0.35800706E+004     0.34898733E+004    -0.51594072E+000    -0.27989099E+000
     0.55625772E+000    -0.77041235E-001    -0.32482861E-001    -0.35895874E+004     0.34516074E+004    -0.50583364E+000    -0.29208806E+000
     0.55701764E+000    -0.84697969E-001    -0.23624133E-001    -0.35983427E+004     0.34134585E+004    -0.49536620E+000    -0.30374444E+000
     0.55777755E+000    -0.92800005E-001    -0.15744633E-001    -0.36063495E+004     0.33754532E+004    -0.48457133E+000    -0.31485256E+000
     0.55853747E+000    -0.10125667E+000    -0.88468400E-002    -0.36136221E+004     0.33376169E+004    -0.47348159E+000    -0.32540702E+000
     0.55929738E+000    -0.10998043E+000    -0.29260590E-002    -0.36201757E+004     0.32999736E+004    -0.46212902E+000    -0.33540453E+000
     0.56005730E+000    -0.11888728E+000     0.20290158E-002    -0.36260268E+004     0.32625459E+004    -0.45054499E+000    -0.34484378E+000
     0.56081721E+000    -0.12789710E+000     0.60357386E-002    -0.36311927E+004     0.32253552E+004    -0.43876005E+000    -0.35372533E+000
     0.56157713E+000    -0.13693397E+000     0.91169637E-002    -0.36356912E+004     0.31884213E+004    -0.42680381E+000    -0.36205148E+000
     0.56233704E+000    -0.14592638E+000     0.11300504E-001    -0.36395411E+004     0.31517629E+004    -0.41470485E+000    -0.36982613E+000
     0.56309696E+000    -0.15480742E+000     0.12618594E-001    -0.36427617E+004     0.31153971E+004    -0.40249062E+000    -0.37705463E+000
     0.56385687E+000    -0.16351495E+000     0.13107374E-001    -0.36453725E+004     0.30793395E+004    -0.39018741E+000    -0.38374363E+000
     0.56461679E+000    -0.17199163E+000     0.12806385E-001    -0.36473936E+004     0.30436046E+004    -0.37782026E+000    -0.38990095E+000
     0.56537670E+000    -0.18018504E+000     0.11758086E-001    -0.36488451E+004     0.30082053E+004    -0.36541298E+000    -0.39553538E+000
     0.56613662E+000    -0.18804765E+000     0.10007399E-001    -0.36497476E+004     0.29731534E+004    -0.35298809E+000    -0.40065662E+000
     0.56689653E+000    -0.19553686E+000     0.76012645E-002    -0.36501214E+004     0.29384590E+004    -0.34056691E+000    -0.40527508E+000
     0.56765645E+000    -0.20261492E+000     0.45882288E-002    -0.36499869E+004     0.29041314E+004    -0.32816948E+000    -0.40940178E+000
     0.56841636E+000    -0.20924893E+000     0.10180221E-002    -0.36493645E+004     0.28701783E+004    -0.31581468E+000    -0.41304823E+000
     0.56917628E+000    -0.21541070E+000    -0.30588219E-002    -0.36482742E+004     0.28366063E+004    -0.30352022E+000    -0.41622635E+000
     0.56993619E+000    -0.22107669E+000    -0.75913303E-002    -0.36467358E+004     0.28034210E+004    -0.29130272E+000    -0.41894834E+000
     0.57069611E+000    -0.22622787E+000    -0.12528442E-001    -0.36447690E+004     0.27706267E+004    -0.27917774E+000    -0.42122663E+000
     0.57145602E+000    -0.23084955E+000    -0.17819335E-001    -0.36423928E+004     0.27382269E+004    -0.26715985E+000    -0.42307382E+000
     0.57221594E+000    -0.23493126E+000    -0.23413733E-001    -0.36396259E+004     0.27062239E+004    -0.25526272E+000    -0.42450258E+000
     0.57297585E+000    -0.23846657E+000    -0.29262198E-001    -0.36364864E+004     0.26746194E+004    -0.24349910E+000    -0.42552567E+000
     0.57373577E+000    -0.24145288E+000    -0.35316396E-001    -0.36329921E+004     0.26434139E+004    -0.23188098E+000    -0.42615584E+000
     0.57449568E+000    -0.24389121E+000    -0.41529342E-001    -0.36291601E+004     0.26126074E+004    -0.22041956E+000    -0.42640588E+000
     0.57525560E+000    -0.24578602E+000    -0.47855626E-001    -0.36250070E+004     0.25821991E+004    -0.20912535E+000    -0.42628852E+000
     0.57601551E+000    -0.24714494E+000    -0.54251624E-001    -0.36205485E+004     0.25521876E+004    -0.19800820E+000    -0.42581647E+000
     0.57677543E+000    -0.24797859E+000    -0.60675668E-001    -0.36158002E+004     0.25225710E+004    -0.18707734E+000    -0.42500243E+000
     0.57753534E+000    -0.24830026E+000    -0.67088211E-001    -0.36107767E+004     0.24933466E+004    -0.17634144E+000    -0.42385903E+000
     0.57829526E+000    -0.24812573E+000    -0.73451951E-001    -0.36054920E+004     0.24645116E+004    -0.16580860E+000    -0.42239889E+000
     0.57905517E+000    -0.24747301E+000    -0.79731953E-001    -0.35999597E+004     0.24360626E+004    -0.15548639E+000    -0.42063460E+000
     0.57981509E+000    -0.24636208E+000    -0.85895750E-001    -0.35941926E+004     0.24079958E+004    -0.14538192E+000    -0.41857871E+000
     0.58057500E+000    -0.24481461E+000    -0.91913408E-001    -0.35882030E+004     0.23803074E+004    -0.13550177E+000    -0.41624379E+000
     0.58133492E+000    -0.24285374E+000    -0.97757556E-001    -0.35820026E+004     0.23529931E+004    -0.12585206E+000    -0.41364236E+000
     0.58209483E+000    -0.24050382E+000    -0.10340341E+000    -0.35756023E+004     0.23260484E+004    -0.11643845E+000    -0.41078697E+000
     0.58285475E+000    -0.23779018E+000    -0.10882879E+000    -0.35690129E+004     0.22994687E+004    -0.10726612E+000    -0.40769015E+000
     0.58361466E+000    -0.23473891E+000    -0.11401409E+000    -0.35622443E+004     0.22732494E+004    -0.98339783E-001    -0.40436445E+000
     0.58437458E+000    -0.23137661E+000    -0.11894223E+000    -0.35553061E+004     0.22473855E+004    -0.89663692E-001    -0.40082238E+000
     0.58513449E+000    -0.22773020E+000    -0.12359866E+000    -0.35482073E+004     0.22218723E+004    -0.81241622E-001    -0.39707649E+000
     0.58589441E+000    -0.22382669E+000    -0.12797125E+000    -0.35409564E+004     0.21967047E+004    -0.73076874E-001    -0.39313928E+000
     0.58665432E+000    -0.21969304E+000    -0.13205018E+000    -0.35335617E+004     0.21718778E+004    -0.65172264E-001    -0.38902327E+000
     0.58741424E+000    -0.21535594E+000    -0.13582791E+000    -0.35260308E+004     0.21473867E+004    -0.57530120E-001    -0.38474090E+000
     0.58817415E+000    -0.21084166E+000    -0.13929903E+000    -0.35183711E+004     0.21232263E+004    -0.50152279E-001    -0.38030458E+000
     0.58893407E+000    -0.20617594E+000    -0.14246019E+000    -0.35105895E+004     0.20993919E+004    -0.43040078E-001    -0.37572668E+000
     0.58969398E+000    -0.20138379E+000    -0.14530993E+000    -0.35026926E+004     0.20758785E+004    -0.36194356E-001    -0.37101945E+000
     0.59045390E+000    -0.19648943E+000    -0.14784856E+000    -0.34946868E+004     0.20526812E+004    -0.29615450E-001    -0.36619505E+000
     0.59121381E+000    -0.19151618E+000    -0.15007805E+000    -0.34865780E+004     0.20297954E+004    -0.23303198E-001    -0.36126551E+000
     0.59197373E+000    -0.18648636E+000    -0.15200188E+000    -0.34783718E+004     0.20072163E+004    -0.17256941E-001    -0.35624271E+000
     0.59273364E+000    -0.18142124E+000    -0.15362490E+000    -0.34700738E+004     0.19849392E+004    -0.11475525E-001    -0.35113835E+000
     0.59349355E+000    -0.17634098E+000    -0.15495322E+000    -0.34616891E+004     0.19629597E+004    -0.59573161E-002    -0.34596394E+000
     0.59425347E+000    -0.17126459E+000    -0.15599405E+000    -0.34532226E+004     0.19412731E+004    -0.70020233E-003    -0.34073076E+000
     0.59501338E+000    -0.16620985E+000    -0.15675558E+000    -0.34446789E+004     0.19198752E+004     0.42983895E-002    -0.33544984E+000
     0.59577330E+000    -0.16119337E+000    -0.15724684E+000    -0.34360627E+004     0.18987616E+004     0.90414812E-002    -0.33013195E+000
     0.59653321E+000    -0.15623057E+000    -0.15747759E+000    -0.34273781E+004     0.18779280E+004     0.13532526E-001    -0.32478755E+000
     0.59729313E+000    -0.15133562E+000    -0.15745823E+000    -0.34186294E+004     0.18573702E+004     0.17775392E-001    -0.31942679E+000
     0.59805304E+000    -0.14652152E+000    -0.15719964E+000    -0.34098203E+004     0.18370842E+004     0.21774339E-001    -0.31405950E+000
     0.59881296E+000    -0.14180006E+000    -0.15671308E+000    -0.34009547E+004     0.18170660E+004     0.25533998E-001    -0.30869512E+000
     0.59957287E+000    -0.13718191E+000    -0.15601013E+000    -0.33920361E+004     0.17973115E+004     0.29059349E-001    -0.30334275E+000
     0.60033279E+000    -0.13267662E+000    -0.15510255E+000    -0.33830681E+004     0.17778170E+004     0.32355695E-001    -0.29801111E+000
     0.60109270E+000    -0.12829266E+000    -0.15400226E+000    -0.33740540E+004     0.17585787E+004     0.35428639E-001    -0.29270848E+000
     0.60185262E+000    -0.12403745E+000    -0.15272122E+000    -0.33649969E+004     0.17395928E+004     0.38284053E-001    -0.28744277E+000
     0.60261253E+000    -0.11991742E+000    -0.15127131E+000    -0.33558999E+004     0.17208557E+004     0.40928056E-001    -0.28222145E+000
     0.60337245E+000    -0.11593806E+000    -0.14966437E+000    -0.33467661E+004     0.17023639E+004     0.43366985E-001    -0.27705157E+000
     0.60413236E+000    -0.11210401E+000    -0.14791209E+000    -0.33375981E+004     0.16841138E+004     0.45607368E-001    -0.27193976E+000
     0.60489228E+000    -0.10841901E+000    -0.14602597E+000    -0.33283989E+004     0.16661020E+004     0.47655897E-001    -0.26689220E+000
     0.60565219E+000    -0.10488605E+000    -0.14401729E+000    -0.33191709E+004     0.16483252E+004     0.49519400E-001    -0.26191465E+000
     0.60641211E+000    -0.10150737E+000    -0.14189701E+000    -0.33099169E+004     0.16307800E+004     0.51204817E-001    -0.25701242E+000
     0.60717202E+000    -0.98284525E-001    -0.13967583E+000    -0.33006391E+004     0.16134632E+004     0.52719171E-001    -0.25219040E+000
     0.60793194E+000    -0.95218452E-001    -0.13736410E+000    -0.32913402E+004     0.15963716E+004     0.54069548E-001    -0.24745306E+000
     0.60869185E+000    -0.92309494E-001    -0.13497186E+000    -0.32820222E+004     0.15795021E+004     0.55263066E-001    -0.24280445E+000
     0.60945177E+000    -0.89557457E-001    -0.13250873E+000    -0.32726875E+004     0.15628516E+004     0.56306857E-001    -0.23824820E+000
     0.61021168E+000    -0.86961669E-001    -0.12998398E+000    -0.32633383E+004     0.15464172E+004     0.57208043E-001    -0.23378753E+000
     0.61097160E+000    -0.84521019E-001    -0.12740649E+000    -0.32539766E+004     0.15301957E+004     0.57973715E-001    -0.22942530E+000
     0.61173151E+000    -0.82233993E-001    -0.12478473E+000    -0.32446044E+004     0.15141844E+004     0.58610913E-001    -0.22516395E+000
     0.61249143E+000    -0.80098722E-001    -0.12212682E+000    -0.32352238E+004     0.14983804E+004     0.59126608E-001    -0.22100558E+000
     0.61325134E+000    -0.78113010E-001    -0.11944043E+000    -0.32258366E+004     0.14827808E+004     0.59527683E-001    -0.21695192E+000
     0.61401126E+000    -0.76274380E-001    -0.11673287E+000    -0.32164446E+004     0.14673828E+004     0.59820920E-001    -0.21300437E+000
     0.61477117E+000    -0.74580117E-001    -0.11401103E+000    -0.32070498E+004     0.14521838E+004     0.60012982E-001    -0.20916399E+000
     0.61553109E+000    -0.73027304E-001    -0.11128145E+000    -0.31976538E+004     0.14371809E+004     0.60110403E-001    -0.20543153E+000
     0.61629100E+000    -0.71612829E-001    -0.10855030E+000    -0.31882583E+004     0.14223716E+004     0.60119573E-001    -0.20180746E+000
     0.61705092E+000    -0.70333407E-001    -0.10582338E+000    -0.31788650E+004     0.14077533E+004     0.60046729E-001    -0.19829195E+000
     0.61781083E+000    -0.69185622E-001    -0.10310613E+000    -0.31694755E+004     0.13933233E+004     0.59897945E-001    -0.19488491E+000
     0.61857075E+000    -0.68165960E-001    -0.10040364E+000    -0.31600913E+004     0.13790790E+004     0.59679125E-001    -0.19158601E+000
     0.61933066E+000    -0.67270813E-001    -0.97720684E-001    -0.31507139E+004     0.13650180E+004     0.59395994E-001    -0.18839468E+000
     0.62009058E+000    -0.66496498E-001    -0.95061705E-001    -0.31413448E+004     0.13511378E+004     0.59054094E-001    -0.18531013E+000
     0.62085049E+000    -0.65839295E-001    -0.92430834E-001    -0.31319855E+004     0.13374359E+004     0.58658778E-001    -0.18233137E+000
     0.62161041E+000    -0.65295447E-001    -0.89831922E-001    -0.31226373E+004     0.13239099E+004     0.58215209E-001    -0.17945722E+000
     0.62237032E+000    -0.64861171E-001    -0.87268534E-001    -0.31133015E+004     0.13105574E+004     0.57728352E-001    -0.17668634E+000
     0.62313024E+000    -0.64532676E-001    -0.84743957E-001    -0.31039795E+004     0.12973759E+004     0.57202979E-001    -0.17401722E+000
     0.62389015E+000    -0.64306185E-001    -0.82261222E-001    -0.30946724E+004     0.12843632E+004     0.56643664E-001    -0.17144821E+000
     0.62465007E+000    -0.64177940E-001    -0.79823120E-001    -0.30853816E+004     0.12715168E+004     0.56054783E-001    -0.16897753E+000
     0.62540998E+000    -0.64144206E-001    -0.77432218E-001    -0.30761082E+004     0.12588346E+004     0.55440517E-001    -0.16660329E+000
     0.62616990E+000    -0.64201277E-001    -0.75090862E-001    -0.30668534E+004     0.12463142E+004     0.54804851E-001    -0.16432348E+000
     0.62692981E+000    -0.64345480E-001    -0.72801188E-001    -0.30576182E+004     0.12339534E+004     0.54151578E-001    -0.16213602E+000
     0.62768973E+000    -0.64573196E-001    -0.70565133E-001    -0.30484038E+004     0.12217499E+004     0.53484300E-001    -0.16003872E+000
     0.62844964E+000    -0.64880851E-001    -0.68384452E-001    -0.30392111E+004     0.12097015E+004     0.52806433E-001    -0.15802936E+000
     0.62920956E+000    -0.65264929E-001    -0.66260717E-001    -0.30300412E+004     0.11978060E+004     0.52121209E-001    -0.15610562E+000
     0.62996947E+000    -0.65721976E-001    -0.64195338E-001    -0.30208950E+004     0.11860613E+004     0.51431680E-001    -0.15426515E+000
     0.63072939E+000    -0.66248606E-001    -0.62189570E-001    -0.30117735E+004     0.11744652E+004     0.50740722E-001    -0.15250556E+000
     0.63148930E+000    -0.66841499E-001    -0.60244527E-001    -0.30026774E+004     0.11630157E+004     0.50051040E-001    -0.15082441E+000
     0.63224922E+000    -0.67497395E-001    -0.58361196E-001    -0.29936078E+004     0.11517105E+004     0.49365173E-001    -0.14921926E+000
     0.63300913E+000    -0.68213097E-001    -0.56540427E-001    -0.29845654E+004     0.11405476E+004     0.48685499E-001    -0.14768764E+000
     0.63376905E+000    -0.68985487E-001    -0.54782949E-001    -0.29755509E+004     0.11295250E+004     0.48014237E-001    -0.14622705E+000
     0.63452896E+000    -0.69811511E-001    -0.53089388E-001    -0.29665652E+004     0.11186406E+004     0.47353457E-001    -0.14483502E+000
     0.63528888E+000    -0.70688177E-001    -0.51460266E-001    -0.29576089E+004     0.11078925E+004     0.46705079E-001    -0.14350906E+000
     0.63604879E+000    -0.71612562E-001    -0.49896000E-001    -0.29486828E+004     0.10972785E+004     0.46070884E-001    -0.14224668E+000
     0.63680871E+000    -0.72581813E-001    -0.48396908E-001    -0.29397875E+004     0.10867968E+004     0.45452516E-001    -0.14104542E+000
     0.63756862E+000    -0.73593151E-001    -0.46963233E-001    -0.29309236E+004     0.10764454E+004     0.44851487E-001    -0.13990282E+000
     0.63832854E+000    -0.74643857E-001    -0.45595134E-001    -0.29220918E+004     0.10662223E+004     0.44269181E-001    -0.13881645E+000
     0.63908845E+000    -0.75731281E-001    -0.44292689E-001    -0.29132925E+004     0.10561257E+004     0.43706863E-001    -0.13778388E+000
     0.63984837E+000    -0.76852847E-001    -0.43055919E-001    -0.29045263E+004     0.10461537E+004     0.43165677E-001    -0.13680273E+000
     0.64060828E+000    -0.78006025E-001    -0.41884789E-001    -0.28957937E+004     0.10363045E+004     0.42646659E-001    -0.13587064E+000
     0.64136820E+000    -0.79188332E-001    -0.40779182E-001    -0.28870951E+004     0.10265761E+004     0.42150733E-001    -0.13498529E+000
     0.64212811E+000    -0.80397358E-001    -0.39738909E-001    -0.28784311E+004     0.10169669E+004     0.41678722E-001    -0.13414437E+000
     0.64288802E+000    -0.81630769E-001    -0.38763732E-001    -0.28698021E+004     0.10074749E+004     0.41231348E-001    -0.13334563E+000
     0.64364794E+000    -0.82886290E-001    -0.37853378E-001    -0.28612084E+004     0.99809842E+003     0.40809239E-001    -0.13258684E+000
     0.64440785E+000    -0.84161686E-001    -0.37007526E-001    -0.28526503E+004     0.98883576E+003     0.40412931E-001    -0.13186582E+000
     0.64516777E+000    -0.85454771E-001    -0.36225802E-001    -0.28441283E+004     0.97968518E+003     0.40042873E-001    -0.13118044E+000
     0.64592768E+000    -0.86763420E-001    -0.35507784E-001    -0.28356427E+004     0.97064497E+003     0.39699429E-001    -0.13052858E+000
     0.64668760E+000    -0.88085561E-001    -0.34853009E-001    -0.28271936E+004     0.96171347E+003     0.39382884E-001    -0.12990820E+000
     0.64744751E+000    -0.89419168E-001    -0.34260983E-001    -0.28187815E+004     0.95288904E+003     0.39093447E-001    -0.12931728E+000
     0.64820743E+000    -0.90762254E-001    -0.33731164E-001    -0.28104065E+004     0.94417004E+003     0.38831251E-001    -0.12875386E+000
     0.64896734E+000    -0.92112888E-001    -0.33262963E-001    -0.28020689E+004     0.93555488E+003     0.38596363E-001    -0.12821602E+000
     0.64972726E+000    -0.93469195E-001    -0.32855761E-001    -0.27937689E+004     0.92704199E+003     0.38388779E-001    -0.12770188E+000
     0.65048717E+000    -0.94829345E-001    -0.32508907E-001    -0.27855066E+004     0.91862981E+003     0.38208432E-001    -0.12720963E+000
     0.65124709E+000    -0.96191551E-001    -0.32221722E-001    -0.27772823E+004     0.91031683E+003     0.38055197E-001    -0.12673748E+000
     0.65200700E+000    -0.97554069E-001    -0.31993491E-001    -0.27690960E+004     0.90210152E+003     0.37928887E-001    -0.12628372E+000
     0.65276692E+000    -0.98915201E-001    -0.31823468E-001    -0.27609478E+004     0.89398243E+003     0.37829263E-001    -0.12584667E+000
     0.65352683E+000    -0.10027329E+000    -0.31710879E-001    -0.27528380E+004     0.88595808E+003     0.37756030E-001    -0.12542471E+000
     0.65428675E+000    -0.10162673E+000    -0.31654921E-001    -0.27447665E+004     0.87802706E+003     0.37708846E-001    -0.12501626E+000
     0.65504666E+000    -0.10297395E+000    -0.31654763E-001    -0.27367335E+004     0.87018795E+003     0.37687322E-001    -0.12461980E+000
     0.65580658E+000    -0.10431341E+000    -0.31709540E-001    -0.27287390E+004     0.86243936E+003     0.37691023E-001    -0.12423387E+000
     0.65656649E+000    -0.10564363E+000    -0.31818364E-001    -0.27207830E+004     0.85477994E+003     0.37719473E-001    -0.12385704E+000
     0.65732641E+000    -0.10696318E+000    -0.31980320E-001    -0.27128656E+004     0.84720835E+003     0.37772155E-001    -0.12348795E+000
     0.65808632E+000    -0.10827066E+000    -0.32194475E-001    -0.27049868E+004     0.83972327E+003     0.37848518E-001    -0.12312529E+000
     0.65884624E+000    -0.10956471E+000    -0.32459871E-001    -0.26971466E+004     0.83232340E+003     0.37947974E-001    -0.12276780E+000
     0.65960615E+000    -0.11084402E+000    -0.32775524E-001    -0.26893450E+004     0.82500749E+003     0.38069904E-001    -0.12241428E+000
     0.66036607E+000    -0.11210732E+000    -0.33140431E-001    -0.26815820E+004     0.81777427E+003     0.38213660E-001    -0.12206357E+000
     0.66112598E+000    -0.11335338E+000    -0.33553569E-001    -0.26738574E+004     0.81062253E+003     0.38378566E-001    -0.12171457E+000
     0.66188590E+000    -0.11458101E+000    -0.34013895E-001    -0.26661714E+004     0.80355105E+003     0.38563923E-001    -0.12136624E+000
     0.66264581E+000    -0.11578906E+000    -0.34520346E-001    -0.26585238E+004     0.79655866E+003     0.38769006E-001    -0.12101758E+000
     0.66340573E+000    -0.11697645E+000    -0.35071847E-001    -0.26509146E+004     0.78964420E+003     0.38993074E-001    -0.12066765E+000
     0.66416564E+000    -0.11814210E+000    -0.35667301E-001    -0.26433437E+004     0.78280652E+003     0.39235366E-001    -0.12031556E+000
     0.66492556E+000    -0.11928499E+000    -0.36305596E-001    -0.26358110E+004     0.77604450E+003     0.39495105E-001    -0.11996047E+000
     0.66568547E+000    -0.12040416E+000    -0.36985605E-001    -0.26283164E+004     0.76935704E+003     0.39771504E-001    -0.11960160E+000
     0.66644539E+000    -0.12149866E+000    -0.37706189E-001    -0.26208598E+004     0.76274307E+003     0.40063761E-001    -0.11923821E+000
     0.66720530E+000    -0.12256761E+000    -0.38466190E-001    -0.26134412E+004     0.75620152E+003     0.40371067E-001    -0.11886962E+000
     0.66796522E+000    -0.12361017E+000    -0.39264447E-001    -0.26060605E+004     0.74973135E+003     0.40692606E-001    -0.11849519E+000
     0.66872513E+000    -0.12462554E+000    -0.40099794E-001    -0.25987174E+004     0.74333154E+003     0.41027557E-001    -0.11811433E+000
     0.66948505E+000    -0.12561295E+000    -0.40971052E-001    -0.25914119E+004     0.73700109E+003     0.41375097E-001    -0.11772651E+000
     0.67024496E+000    -0.12657169E+000    -0.41877033E-001    -0.25841439E+004     0.73073901E+003     0.41734401E-001    -0.11733122E+000
     0.67100488E+000    -0.12750109E+000    -0.42816549E-001    -0.25769133E+004     0.72454433E+003     0.42104646E-001    -0.11692804E+000
     0.67176479E+000    -0.12840052E+000    -0.43788409E-001    -0.25697198E+004     0.71841612E+003     0.42485012E-001    -0.11651655E+000
     0.67252471E+000    -0.12926937E+000    -0.44791421E-001    -0.25625634E+004     0.71235342E+003     0.42874681E-001    -0.11609640E+000
     0.67328462E+000    -0.13010710E+000    -0.45824384E-001    -0.25554439E+004     0.70635534E+003     0.43272846E-001    -0.11566728E+000
     0.67404454E+000    -0.13091320E+000    -0.46886093E-001    -0.25483611E+004     0.70042097E+003     0.43678703E-001    -0.11522892E+000
     0.67480445E+000    -0.13168721E+000    -0.47975352E-001    -0.25413150E+004     0.69454944E+003     0.44091462E-001    -0.11478108E+000
     0.67556437E+000    -0.13242868E+000    -0.49090970E-001    -0.25343054E+004     0.68873987E+003     0.44510339E-001    -0.11432357E+000
     0.67632428E+000    -0.13313724E+000    -0.50231749E-001    -0.25273320E+004     0.68299142E+003     0.44934567E-001    -0.11385624E+000
     0.67708420E+000    -0.13381253E+000    -0.51396504E-001    -0.25203948E+004     0.67730325E+003     0.45363389E-001    -0.11337897E+000
     0.67784411E+000    -0.13445425E+000    -0.52584057E-001    -0.25134936E+004     0.67167454E+003     0.45796065E-001    -0.11289167E+000
     0.67860403E+000    -0.13506212E+000    -0.53793228E-001    -0.25066283E+004     0.66610450E+003     0.46231868E-001    -0.11239430E+000
     0.67936394E+000    -0.13563589E+000    -0.55022849E-001    -0.24997985E+004     0.66059233E+003     0.46670091E-001    -0.11188684E+000
     0.68012386E+000    -0.13617538E+000    -0.56271762E-001    -0.24930043E+004     0.65513725E+003     0.47110043E-001    -0.11136931E+000
     0.68088377E+000    -0.13668043E+000    -0.57538824E-001    -0.24862454E+004     0.64973850E+003     0.47551052E-001    -0.11084174E+000
     0.68164369E+000    -0.13715089E+000    -0.58822902E-001    -0.24795217E+004     0.64439534E+003     0.47992464E-001    -0.11030422E+000
     0.68240360E+000    -0.13758668E+000    -0.60122869E-001    -0.24728329E+004     0.63910703E+003     0.48433647E-001    -0.10975682E+000
     0.68316352E+000    -0.13798773E+000    -0.61437614E-001    -0.24661789E+004     0.63387285E+003     0.48873990E-001    -0.10919969E+000
     0.68392343E+000    -0.13835401E+000    -0.62766040E-001    -0.24595596E+004     0.62869209E+003     0.49312900E-001    -0.10863295E+000
     0.68468335E+000    -0.13868552E+000    -0.64107063E-001    -0.24529748E+004     0.62356405E+003     0.49749809E-001    -0.10805678E+000
     0.68544326E+000    -0.13898229E+000    -0.65459619E-001    -0.24464243E+004     0.61848804E+003     0.50184169E-001    -0.10747137E+000
     0.68620318E+000    -0.13924438E+000    -0.66822659E-001    -0.24399078E+004     0.61346340E+003     0.50615454E-001    -0.10687692E+000
     0.68696309E+000    -0.13947188E+000    -0.68195145E-001    -0.24334254E+004     0.60848946E+003     0.51043162E-001    -0.10627365E+000
     0.68772301E+000    -0.13966491E+000    -0.69576059E-001    -0.24269767E+004     0.60356558E+003     0.51466813E-001    -0.10566181E+000
     0.68848292E+000    -0.13982361E+000    -0.70964406E-001    -0.24205616E+004     0.59869110E+003     0.51885949E-001    -0.10504165E+000
     0.68924284E+000    -0.13994814E+000    -0.72359205E-001    -0.24141799E+004     0.59386542E+003     0.52300135E-001    -0.10441343E+000
     0.69000275E+000    -0.14003872E+000    -0.73759498E-001    -0.24078314E+004     0.58908789E+003     0.52708958E-001    -0.10377745E+000
     0.69076267E+000    -0.14009555E+000    -0.75164357E-001    -0.24015161E+004     0.58435793E+003     0.53112029E-001    -0.10313398E+000
     0.69152258E+000    -0.14011886E+000    -0.76572861E-001    -0.23952336E+004     0.57967492E+003     0.53508980E-001    -0.10248332E+000
     0.69228249E+000    -0.14010891E+000    -0.77984104E-001    -0.23889839E+004     0.57503829E+003     0.53899465E-001    -0.10182580E+000
     0.69304241E+000    -0.14006599E+000    -0.79397204E-001    -0.23827667E+004     0.57044745E+003     0.54283162E-001    -0.10116172E+000
     0.69380232E+000    -0.13999039E+000    -0.80811308E-001    -0.23765819E+004     0.56590184E+003     0.54659769E-001    -0.10049140E+000
     0.69456224E+000    -0.13988242E+000    -0.82225584E-001    -0.23704293E+004     0.56140090E+003     0.55029004E-001    -0.99815180E-001
     0.69532215E+000    -0.13974243E+000    -0.83639217E-001    -0.23643088E+004     0.55694407E+003     0.55390609E-001    -0.99133385E-001
     0.69608207E+000    -0.13957076E+000    -0.85051413E-001    -0.23582201E+004     0.55253082E+003     0.55744343E-001    -0.98446352E-001
     0.69684198E+000    -0.13936777E+000    -0.86461396E-001    -0.23521631E+004     0.54816060E+003     0.56089989E-001    -0.97754418E-001
     0.69760190E+000    -0.13913386E+000    -0.87868416E-001    -0.23461376E+004     0.54383290E+003     0.56427345E-001    -0.97057922E-001
     0.69836181E+000    -0.13886940E+000    -0.89271752E-001    -0.23401435E+004     0.53954720E+003     0.56756233E-001    -0.96357204E-001
     0.69912173E+000    -0.13857481E+000    -0.90670699E-001    -0.23341805E+004     0.53530299E+003     0.57076491E-001    -0.95652603E-001
     0.69988164E+000    -0.13825049E+000    -0.92064567E-001    -0.23282486E+004     0.53109976E+003     0.57387974E-001    -0.94944458E-001
     0.70064156E+000    -0.13789688E+000    -0.93452688E-001    -0.23223475E+004     0.52693703E+003     0.57690557E-001    -0.94233106E-001
     0.70140147E+000    -0.13751441E+000    -0.94834424E-001    -0.23164770E+004     0.52281432E+003     0.57984131E-001    -0.93518881E-001
     0.70216139E+000    -0.13710354E+000    -0.96209157E-001    -0.23106371E+004     0.51873113E+003     0.58268603E-001    -0.92802116E-001
     0.70292130E+000    -0.13666471E+000    -0.97576282E-001    -0.23048276E+004     0.51468700E+003     0.58543896E-001    -0.92083139E-001
     0.70368122E+000    -0.13619838E+000    -0.98935219E-001    -0.22990482E+004     0.51068147E+003     0.58809951E-001    -0.91362275E-001
     0.70444113E+000    -0.13570504E+000    -0.10028541E+000    -0.22932988E+004     0.50671407E+003     0.59066719E-001    -0.90639843E-001
     0.70520105E+000    -0.13518514E+000    -0.10162632E+000    -0.22875793E+004     0.50278437E+003     0.59314168E-001    -0.89916159E-001
     0.70596096E+000    -0.13463917E+000    -0.10295742E+000    -0.22818895E+004     0.49889191E+003     0.59552281E-001    -0.89191532E-001
     0.70672088E+000    -0.13406763E+000    -0.10427821E+000    -0.22762292E+004     0.49503625E+003     0.59781051E-001    -0.88466267E-001
     0.70748079E+000    -0.13347099E+000    -0.10558823E+000    -0.22705982E+004     0.49121697E+003     0.60000485E-001    -0.87740661E-001
     0.70824071E+000    -0.13284976E+000    -0.10688700E+000    -0.22649965E+004     0.48743364E+003     0.60210602E-001    -0.87015007E-001
     0.70900062E+000    -0.13220443E+000    -0.10817411E+000    -0.22594238E+004     0.48368584E+003     0.60411431E-001    -0.86289590E-001
     0.70976054E+000    -0.13153548E+000    -0.10944910E+000    -0.22538800E+004     0.47997316E+003     0.60603014E-001    -0.85564687E-001
     0.71052045E+000    -0.13084343E+000    -0.11071160E+000    -0.22483650E+004     0.47629519E+003     0.60785402E-001    -0.84840570E-001
     0.71128037E+000    -0.13012878E+000    -0.11196121E+000    -0.22428785E+004     0.47265153E+003     0.60958654E-001    -0.84117502E-001
     0.71204028E+000    -0.12939201E+000    -0.11319757E+000    -0.22374204E+004     0.46904179E+003     0.61122841E-001    -0.83395740E-001
     0.71280020E+000    -0.12863363E+000    -0.11442031E+000    -0.22319906E+004     0.46546557E+003     0.61278041E-001    -0.82675532E-001
     0.71356011E+000    -0.12785414E+000    -0.11562910E+000    -0.22265889E+004     0.46192249E+003     0.61424341E-001    -0.81957120E-001
     0.71432003E+000    -0.12705404E+000    -0.11682363E+000    -0.22212151E+004     0.45841217E+003     0.61561834E-001    -0.81240735E-001
     0.71507994E+000    -0.12623384E+000    -0.11800358E+000    -0.22158692E+004     0.45493424E+003     0.61690621E-001    -0.80526604E-001
     0.71583986E+000    -0.12539402E+000    -0.11916867E+000    -0.22105509E+004     0.45148832E+003     0.61810811E-001    -0.79814944E-001
     0.71659977E+000    -0.12453511E+000    -0.12031864E+000    -0.22052601E+004     0.44807406E+003     0.61922517E-001    -0.79105963E-001
     0.71735969E+000    -0.12365758E+000    -0.12145321E+000    -0.21999966E+004     0.44469109E+003     0.62025859E-001    -0.78399863E-001
     0.71811960E+000    -0.12276193E+000    -0.12257217E+000    -0.21947603E+004     0.44133906E+003     0.62120961E-001    -0.77696836E-001
     0.71887952E+000    -0.12184865E+000    -0.12367526E+000    -0.21895511E+004     0.43801763E+003     0.62207953E-001    -0.76997068E-001
     0.71963943E+000    -0.12091823E+000    -0.12476228E+000    -0.21843688E+004     0.43472643E+003     0.62286970E-001    -0.76300737E-001
     0.72039935E+000    -0.11997116E+000    -0.12583304E+000    -0.21792132E+004     0.43146515E+003     0.62358148E-001    -0.75608010E-001
     0.72115926E+000    -0.11900791E+000    -0.12688735E+000    -0.21740842E+004     0.42823343E+003     0.62421630E-001    -0.74919050E-001
     0.72191918E+000    -0.11802895E+000    -0.12792502E+000    -0.21689817E+004     0.42503095E+003     0.62477561E-001    -0.74234009E-001
     0.72267909E+000    -0.11703476E+000    -0.12894590E+000    -0.21639055E+004     0.42185739E+003     0.62526087E-001    -0.73553034E-001
     0.72343901E+000    -0.11602582E+000    -0.12994982E+000    -0.21588554E+004     0.41871241E+003     0.62567361E-001    -0.72876262E-001
     0.72419892E+000    -0.11500260E+000    -0.13093667E+000    -0.21538314E+004     0.41559571E+003     0.62601533E-001    -0.72203824E-001
     0.72495884E+000    -0.11396554E+000    -0.13190630E+000    -0.21488333E+004     0.41250697E+003     0.62628758E-001    -0.71535844E-001
     0.72571875E+000    -0.11291511E+000    -0.13285859E+000    -0.21438609E+004     0.40944587E+003     0.62649192E-001    -0.70872436E-001
     0.72647867E+000    -0.11185176E+000    -0.13379345E+000    -0.21389141E+004     0.40641211E+003     0.62662992E-001    -0.70213710E-001
     0.72723858E+000    -0.11077595E+000    -0.13471077E+000    -0.21339927E+004     0.40340539E+003     0.62670316E-001    -0.69559766E-001
     0.72799850E+000    -0.10968812E+000    -0.13561047E+000    -0.21290967E+004     0.40042542E+003     0.62671322E-001    -0.68910701E-001
     0.72875841E+000    -0.10858872E+000    -0.13649248E+000    -0.21242258E+004     0.39747189E+003     0.62666171E-001    -0.68266601E-001
     0.72951833E+000    -0.10747817E+000    -0.13735673E+000    -0.21193800E+004     0.39454452E+003     0.62655020E-001    -0.67627548E-001
     0.73027824E+000    -0.10635690E+000    -0.13820317E+000    -0.21145591E+004     0.39164303E+003     0.62638030E-001    -0.66993616E-001
     0.73103816E+000    -0.10522534E+000    -0.13903175E+000    -0.21097629E+004     0.38876712E+003     0.62615359E-001    -0.66364874E-001
     0.73179807E+000    -0.10408391E+000    -0.13984243E+000    -0.21049914E+004     0.38591651E+003     0.62587166E-001    -0.65741384E-001
     0.73255799E+000    -0.10293302E+000    -0.14063517E+000    -0.21002444E+004     0.38309095E+003     0.62553609E-001    -0.65123203E-001
     0.73331790E+000    -0.10177309E+000    -0.14140996E+000    -0.20955217E+004     0.38029014E+003     0.62514844E-001    -0.64510380E-001
     0.73407782E+000    -0.10060452E+000    -0.14216679E+000    -0.20908232E+004     0.37751382E+003     0.62471028E-001    -0.63902962E-001
     0.73483773E+000    -0.99427697E-001    -0.14290565E+000    -0.20861488E+004     0.37476173E+003     0.62422315E-001    -0.63300987E-001
     0.73559765E+000    -0.98243019E-001    -0.14362655E+000    -0.20814984E+004     0.37203361E+003     0.62368858E-001    -0.62704488E-001
     0.73635756E+000    -0.97050871E-001    -0.14432948E+000    -0.20768718E+004     0.36932919E+003     0.62310809E-001    -0.62113496E-001
     0.73711748E+000    -0.95851637E-001    -0.14501446E+000    -0.20722689E+004     0.36664823E+003     0.62248318E-001    -0.61528035E-001
     0.73787739E+000    -0.94645695E-001    -0.14568151E+000    -0.20676896E+004     0.36399046E+003     0.62181534E-001    -0.60948122E-001
     0.73863731E+000    -0.93433422E-001    -0.14633066E+000    -0.20631337E+004     0.36135564E+003     0.62110602E-001    -0.60373773E-001
     0.73939722E+000    -0.92215183E-001    -0.14696194E+000    -0.20586010E+004     0.35874353E+003     0.62035667E-001    -0.59804997E-001
     0.74015714E+000    -0.90991339E-001    -0.14757540E+000    -0.20540916E+004     0.35615388E+003     0.61956871E-001    -0.59241801E-001
     0.74091705E+000    -0.89762249E-001    -0.14817108E+000    -0.20496052E+004     0.35358645E+003     0.61874355E-001    -0.58684186E-001
     0.74167696E+000    -0.88528265E-001    -0.14874904E+000    -0.20451417E+004     0.35104101E+003     0.61788254E-001    -0.58132151E-001
     0.74243688E+000    -0.87289721E-001    -0.14930934E+000    -0.20407010E+004     0.34851732E+003     0.61698706E-001    -0.57585688E-001
     0.74319679E+000    -0.86046953E-001    -0.14985205E+000    -0.20362830E+004     0.34601515E+003     0.61605842E-001    -0.57044788E-001
     0.74395671E+000    -0.84800297E-001    -0.15037721E+000    -0.20318875E+004     0.34353427E+003     0.61509793E-001    -0.56509438E-001
     0.74471662E+000    -0.83550091E-001    -0.15088491E+000    -0.20275144E+004     0.34107447E+003     0.61410686E-001    -0.55979622E-001
     0.74547654E+000    -0.82296658E-001    -0.15137523E+000    -0.20231636E+004     0.33863551E+003     0.61308647E-001    -0.55455320E-001
     0.74623645E+000    -0.81040312E-001    -0.15184826E+000    -0.20188349E+004     0.33621717E+003     0.61203798E-001    -0.54936510E-001
     0.74699637E+000    -0.79781365E-001    -0.15230408E+000    -0.20145283E+004     0.33381925E+003     0.61096258E-001    -0.54423166E-001
     0.74775628E+000    -0.78520124E-001    -0.15274279E+000    -0.20102437E+004     0.33144153E+003     0.60986145E-001    -0.53915261E-001
     0.74851620E+000    -0.77256888E-001    -0.15316449E+000    -0.20059808E+004     0.32908379E+003     0.60873573E-001    -0.53412764E-001
     0.74927611E+000    -0.75991945E-001    -0.15356927E+000    -0.20017396E+004     0.32674583E+003     0.60758652E-001    -0.52915641E-001
     0.75003603E+000    -0.74725582E-001    -0.15395724E+000    -0.19975200E+004     0.32442744E+003     0.60641493E-001    -0.52423859E-001
     0.75079594E+000    -0.73458093E-001    -0.15432850E+000    -0.19933218E+004     0.32212842E+003     0.60522200E-001    -0.51937380E-001
     0.75155586E+000    -0.72189759E-001    -0.15468316E+000    -0.19891449E+004     0.31984857E+003     0.60400876E-001    -0.51456164E-001
     0.75231577E+000    -0.70920856E-001    -0.15502134E+000    -0.19849892E+004     0.31758769E+003     0.60277623E-001    -0.50980172E-001
     0.75307569E+000    -0.69651651E-001    -0.15534317E+000    -0.19808547E+004     0.31534558E+003     0.60152537E-001    -0.50509359E-001
     0.75383560E+000    -0.68382404E-001    -0.15564876E+000    -0.19767410E+004     0.31312205E+003     0.60025713E-001    -0.50043682E-001
     0.75459552E+000    -0.67113367E-001    -0.15593825E+000    -0.19726483E+004     0.31091690E+003     0.59897243E-001    -0.49583096E-001
     0.75535543E+000    -0.65844792E-001    -0.15621175E+000    -0.19685763E+004     0.30872996E+003     0.59767217E-001    -0.49127553E-001
     0.75611535E+000    -0.64576930E-001    -0.15646938E+000    -0.19645249E+004     0.30656103E+003     0.59635720E-001    -0.48677005E-001
     0.75687526E+000    -0.63310024E-001    -0.15671129E+000    -0.19604940E+004     0.30440993E+003     0.59502837E-001    -0.48231403E-001
     0.75763518E+000    -0.62044315E-001    -0.15693760E+000    -0.19564835E+004     0.30227648E+003     0.59368649E-001    -0.47790696E-001
     0.75839509E+000    -0.60780038E-001    -0.15714846E+000    -0.19524933E+004     0.30016050E+003     0.59233235E-001    -0.47354833E-001
     0.75915501E+000    -0.59517416E-001    -0.15734400E+000    -0.19485233E+004     0.29806181E+003     0.59096669E-001    -0.46923763E-001
     0.75991492E+000    -0.58256673E-001    -0.15752437E+000    -0.19445733E+004     0.29598023E+003     0.58959026E-001    -0.46497432E-001
     0.76067484E+000    -0.56998031E-001    -0.15768971E+000    -0.19406433E+004     0.29391560E+003     0.58820377E-001    -0.46075787E-001
     0.76143475E+000    -0.55741701E-001    -0.15784017E+000    -0.19367331E+004     0.29186774E+003     0.58680789E-001    -0.45658775E-001
     0.76219467E+000    -0.54487892E-001    -0.15797590E+000    -0.19328427E+004     0.28983648E+003     0.58540330E-001    -0.45246341E-001
     0.76295458E+000    -0.53236805E-001    -0.15809704E+000    -0.19289718E+004     0.28782166E+003     0.58399061E-001    -0.44838430E-001
     0.76371450E+000    -0.51988632E-001    -0.15820376E+000    -0.19251205E+004     0.28582311E+003     0.58257045E-001    -0.44434987E-001
     0.76447441E+000    -0.50743563E-001    -0.15829619E+000    -0.19212887E+004     0.28384066E+003     0.58114340E-001    -0.44035958E-001
     0.76523433E+000    -0.49501794E-001    -0.15837449E+000    -0.19174761E+004     0.28187417E+003     0.57971003E-001    -0.43641287E-001
     0.76599424E+000    -0.48263513E-001    -0.15843881E+000    -0.19136827E+004     0.27992347E+003     0.57827089E-001    -0.43250918E-001
     0.76675416E+000    -0.47028900E-001    -0.15848932E+000    -0.19099084E+004     0.27798840E+003     0.57682648E-001    -0.42864797E-001
     0.76751407E+000    -0.45798127E-001    -0.15852617E+000    -0.19061531E+004     0.27606880E+003     0.57537733E-001    -0.42482868E-001
     0.76827399E+000    -0.44571358E-001    -0.15854953E+000    -0.19024167E+004     0.27416454E+003     0.57392390E-001    -0.42105076E-001
     0.76903390E+000    -0.43348757E-001    -0.15855955E+000    -0.18986991E+004     0.27227544E+003     0.57246665E-001    -0.41731366E-001
     0.76979382E+000    -0.42130488E-001    -0.15855638E+000    -0.18950001E+004     0.27040137E+003     0.57100604E-001    -0.41361683E-001
     0.77055373E+000    -0.40916708E-001    -0.15854018E+000    -0.18913197E+004     0.26854218E+003     0.56954247E-001    -0.40995973E-001
     0.77131365E+000    -0.39707569E-001    -0.15851113E+000    -0.18876578E+004     0.26669772E+003     0.56807636E-001    -0.40634181E-001
     0.77207356E+000    -0.38503222E-001    -0.15846937E+000    -0.18840143E+004     0.26486784E+003     0.56660809E-001    -0.40276254E-001
     0.77283348E+000    -0.37303814E-001    -0.15841506E+000    -0.18803891E+004     0.26305241E+003     0.56513802E-001    -0.39922139E-001
     0.77359339E+000    -0.36109490E-001    -0.15834838E+000    -0.18767820E+004     0.26125128E+003     0.56366651E-001    -0.39571781E-001
     0.77435331E+000    -0.34920382E-001    -0.15826949E+000    -0.18731931E+004     0.25946432E+003     0.56219389E-001    -0.39225130E-001
     0.77511322E+000    -0.33736619E-001    -0.15817856E+000    -0.18696221E+004     0.25769139E+003     0.56072048E-001    -0.38882132E-001
     0.77587314E+000    -0.32558334E-001    -0.15807573E+000    -0.18660690E+004     0.25593235E+003     0.55924659E-001    -0.38542736E-001
     0.77663305E+000    -0.31385653E-001    -0.15796119E+000    -0.18625337E+004     0.25418706E+003     0.55777250E-001    -0.38206892E-001
     0.77739297E+000    -0.30218691E-001    -0.15783510E+000    -0.18590161E+004     0.25245540E+003     0.55629848E-001    -0.37874549E-001
     0.77815288E+000    -0.29057561E-001    -0.15769762E+000    -0.18555161E+004     0.25073724E+003     0.55482480E-001    -0.37545657E-001
     0.77891280E+000    -0.27902377E-001    -0.15754891E+000    -0.18520336E+004     0.24903244E+003     0.55335171E-001    -0.37220167E-001
     0.77967271E+000    -0.26753248E-001    -0.15738913E+000    -0.18485685E+004     0.24734088E+003     0.55187943E-001    -0.36898031E-001
     0.78043263E+000    -0.25610282E-001    -0.15721845E+000    -0.18451207E+004     0.24566243E+003     0.55040820E-001    -0.36579201E-001
     0.78119254E+000    -0.24473580E-001    -0.15703704E+000    -0.18416902E+004     0.24399696E+003     0.54893821E-001    -0.36263630E-001
     0.78195246E+000    -0.23343242E-001    -0.15684505E+000    -0.18382768E+004     0.24234436E+003     0.54746967E-001    -0.35951270E-001
     0.78271237E+000    -0.22219361E-001    -0.15664265E+000    -0.18348804E+004     0.24070450E+003     0.54600276E-001    -0.35642078E-001
     0.78347229E+000    -0.21102027E-001    -0.15643001E+000    -0.18315010E+004     0.23907725E+003     0.54453766E-001    -0.35336007E-001
     0.78423220E+000    -0.19991327E-001    -0.15620728E+000    -0.18281385E+004     0.23746251E+003     0.54307454E-001    -0.35033013E-001
     0.78499212E+000    -0.18887345E-001    -0.15597462E+000    -0.18247927E+004     0.23586015E+003     0.54161356E-001    -0.34733053E-001
     0.78575203E+000    -0.17790170E-001    -0.15573219E+000    -0.18214637E+004     0.23427006E+003     0.54015486E-001    -0.34436084E-001
     0.78651195E+000    -0.16699881E-001    -0.15548017E+000    -0.18181512E+004     0.23269212E+003     0.53869857E-001    -0.34142064E-001
     0.78727186E+000    -0.15616551E-001    -0.15521871E+000    -0.18148553E+004     0.23112622E+003     0.53724484E-001    -0.33850950E-001
     0.78803178E+000    -0.14540248E-001    -0.15494799E+000    -0.18115758E+004     0.22957224E+003     0.53579378E-001    -0.33562704E-001
     0.78879169E+000    -0.13471033E-001    -0.15466814E+000    -0.18083126E+004     0.22803007E+003     0.53434551E-001    -0.33277284E-001
     0.78955161E+000    -0.12408968E-001    -0.15437934E+000    -0.18050657E+004     0.22649961E+003     0.53290013E-001    -0.32994651E-001
     0.79031152E+000    -0.11354118E-001    -0.15408173E+000    -0.18018349E+004     0.22498074E+003     0.53145775E-001    -0.32714768E-001
     0.79107143E+000    -0.10306544E-001    -0.15377547E+000    -0.17986202E+004     0.22347336E+003     0.53001845E-001    -0.32437596E-001
     0.79183135E+000    -0.92663053E-002    -0.15346070E+000    -0.17954216E+004     0.22197737E+003     0.52858233E-001    -0.32163099E-001
     0.79259126E+000    -0.82334616E-002    -0.15313760E+000    -0.17922389E+004     0.22049264E+003     0.52714946E-001    -0.31891239E-001
     0.79335118E+000    -0.72080627E-002    -0.15280632E+000    -0.17890720E+004     0.21901909E+003     0.52571992E-001    -0.31621982E-001
     0.79411109E+000    -0.61901537E-002    -0.15246700E+000    -0.17859208E+004     0.21755661E+003     0.52429379E-001    -0.31355292E-001
     0.79487101E+000    -0.51797798E-002    -0.15211981E+000    -0.17827854E+004     0.21610509E+003     0.52287112E-001    -0.31091136E-001
     0.79563092E+000    -0.41769852E-002    -0.15176490E+000    -0.17796655E+004     0.21466444E+003     0.52145198E-001    -0.30829480E-001
     0.79639084E+000    -0.31818103E-002    -0.15140241E+000    -0.17765612E+004     0.21323456E+003     0.52003642E-001    -0.30570291E-001
     0.79715075E+000    -0.21942924E-002    -0.15103250E+000    -0.17734723E+004     0.21181535E+003     0.51862449E-001    -0.30313538E-001
     0.79791067E+000    -0.12144685E-002    -0.15065531E+000    -0.17703987E+004     0.21040671E+003     0.51721625E-001    -0.30059187E-001
     0.79867058E+000    -0.24236740E-003    -0.15027100E+000    -0.17673405E+004     0.20900854E+003     0.51581173E-001    -0.29807210E-001
     0.79943050E+000     0.72198320E-003    -0.14987971E+000    -0.17642974E+004     0.20762075E+003     0.51441097E-001    -0.29557575E-001
     0.80019041E+000     0.16785535E-002    -0.14948158E+000    -0.17612695E+004     0.20624325E+003     0.51301402E-001    -0.29310253E-001
     0.80095033E+000     0.26273123E-002    -0.14907676E+000    -0.17582566E+004     0.20487595E+003     0.51162090E-001    -0.29065216E-001
     0.80171024E+000     0.35682326E-002    -0.14866539E+000    -0.17552587E+004     0.20351874E+003     0.51023166E-001    -0.28822435E-001
     0.80247016E+000     0.45012945E-002    -0.14824761E+000    -0.17522757E+004     0.20217154E+003     0.50884630E-001    -0.28581881E-001
     0.80323007E+000     0.54264829E-002    -0.14782358E+000    -0.17493075E+004     0.20083426E+003     0.50746487E-001    -0.28343529E-001
     0.80398999E+000     0.63437838E-002    -0.14739343E+000    -0.17463541E+004     0.19950681E+003     0.50608739E-001    -0.28107352E-001
     0.80474990E+000     0.72531830E-002    -0.14695729E+000    -0.17434153E+004     0.19818911E+003     0.50471387E-001    -0.27873323E-001
     0.80550982E+000     0.81546656E-002    -0.14651531E+000    -0.17404911E+004     0.19688105E+003     0.50334434E-001    -0.27641418E-001
     0.80626973E+000     0.90482206E-002    -0.14606762E+000    -0.17375815E+004     0.19558257E+003     0.50197882E-001    -0.27411611E-001
     0.80702965E+000     0.99338415E-002    -0.14561436E+000    -0.17346864E+004     0.19429357E+003     0.50061731E-001    -0.27183878E-001
     0.80778956E+000     0.10811522E-001    -0.14515566E+000    -0.17318056E+004     0.19301396E+003     0.49925984E-001    -0.26958195E-001
     0.80854948E+000     0.11681256E-001    -0.14469165E+000    -0.17289391E+004     0.19174367E+003     0.49790642E-001    -0.26734539E-001
     0.80930939E+000     0.12543041E-001    -0.14422246E+000    -0.17260869E+004     0.19048261E+003     0.49655707E-001    -0.26512888E-001
     0.81006931E+000     0.13396874E-001    -0.14374822E+000    -0.17232489E+004     0.18923070E+003     0.49521178E-001    -0.26293218E-001
     0.81082922E+000     0.14242755E-001    -0.14326906E+000    -0.17204249E+004     0.18798786E+003     0.49387058E-001    -0.26075508E-001
     0.81158914E+000     0.15080685E-001    -0.14278511E+000    -0.17176150E+004     0.18675400E+003     0.49253347E-001    -0.25859736E-001
     0.81234905E+000     0.15910668E-001    -0.14229649E+000    -0.17148191E+004     0.18552906E+003     0.49120046E-001    -0.25645882E-001
     0.81310897E+000     0.16732709E-001    -0.14180334E+000    -0.17120371E+004     0.18431294E+003     0.48987156E-001    -0.25433925E-001
     0.81386888E+000     0.17546809E-001    -0.14130576E+000    -0.17092689E+004     0.18310557E+003     0.48854677E-001    -0.25223844E-001
     0.81462880E+000     0.18352980E-001    -0.14080390E+000    -0.17065145E+004     0.18190688E+003     0.48722611E-001    -0.25015621E-001
     0.81538871E+000     0.19151233E-001    -0.14029786E+000    -0.17037738E+004     0.18071679E+003     0.48590957E-001    -0.24809235E-001
     0.81614863E+000     0.19941583E-001    -0.13978778E+000    -0.17010467E+004     0.17953522E+003     0.48459716E-001    -0.24604668E-001
     0.81690854E+000     0.20724042E-001    -0.13927377E+000    -0.16983332E+004     0.17836209E+003     0.48328890E-001    -0.24401901E-001
     0.81766846E+000     0.21498620E-001    -0.13875593E+000    -0.16956332E+004     0.17719734E+003     0.48198478E-001    -0.24200916E-001
     0.81842837E+000     0.22265330E-001    -0.13823440E+000    -0.16929466E+004     0.17604090E+003     0.48068481E-001    -0.24001695E-001
     0.81918829E+000     0.23024196E-001    -0.13770930E+000    -0.16902734E+004     0.17489267E+003     0.47938899E-001    -0.23804220E-001
     0.81994820E+000     0.23775240E-001    -0.13718072E+000    -0.16876135E+004     0.17375261E+003     0.47809734E-001    -0.23608475E-001
     0.82070812E+000     0.24518477E-001    -0.13664878E+000    -0.16849669E+004     0.17262063E+003     0.47680984E-001    -0.23414442E-001
     0.82146803E+000     0.25253923E-001    -0.13611360E+000    -0.16823334E+004     0.17149666E+003     0.47552652E-001    -0.23222105E-001
     0.82222795E+000     0.25981603E-001    -0.13557528E+000    -0.16797131E+004     0.17038064E+003     0.47424737E-001    -0.23031447E-001
     0.82298786E+000     0.26701545E-001    -0.13503394E+000    -0.16771058E+004     0.16927249E+003     0.47297240E-001    -0.22842453E-001
     0.82374778E+000     0.27413775E-001    -0.13448968E+000    -0.16745116E+004     0.16817216E+003     0.47170161E-001    -0.22655106E-001
     0.82450769E+000     0.28118322E-001    -0.13394260E+000    -0.16719302E+004     0.16707956E+003     0.47043501E-001    -0.22469392E-001
     0.82526761E+000     0.28815215E-001    -0.13339282E+000    -0.16693618E+004     0.16599463E+003     0.46917261E-001    -0.22285295E-001
     0.82602752E+000     0.29504476E-001    -0.13284041E+000    -0.16668062E+004     0.16491731E+003     0.46791441E-001    -0.22102800E-001
     0.82678744E+000     0.30186130E-001    -0.13228550E+000    -0.16642633E+004     0.16384753E+003     0.46666041E-001    -0.21921892E-001
     0.82754735E+000     0.30860210E-001    -0.13172817E+000    -0.16617331E+004     0.16278522E+003     0.46541063E-001    -0.21742558E-001
     0.82830727E+000     0.31526747E-001    -0.13116854E+000    -0.16592156E+004     0.16173032E+003     0.46416507E-001    -0.21564782E-001
     0.82906718E+000     0.32185776E-001    -0.13060669E+000    -0.16567107E+004     0.16068277E+003     0.46292373E-001    -0.21388550E-001
     0.82982710E+000     0.32837329E-001    -0.13004273E+000    -0.16542183E+004     0.15964251E+003     0.46168662E-001    -0.21213850E-001
     0.83058701E+000     0.33481436E-001    -0.12947674E+000    -0.16517383E+004     0.15860946E+003     0.46045375E-001    -0.21040667E-001
     0.83134693E+000     0.34118134E-001    -0.12890882E+000    -0.16492708E+004     0.15758358E+003     0.45922513E-001    -0.20868987E-001
     0.83210684E+000     0.34747457E-001    -0.12833907E+000    -0.16468156E+004     0.15656479E+003     0.45800076E-001    -0.20698799E-001
     0.83286676E+000     0.35369442E-001    -0.12776756E+000    -0.16443727E+004     0.15555303E+003     0.45678066E-001    -0.20530087E-001
     0.83362667E+000     0.35984125E-001    -0.12719441E+000    -0.16419421E+004     0.15454825E+003     0.45556482E-001    -0.20362840E-001
     0.83438659E+000     0.36591546E-001    -0.12661968E+000    -0.16395236E+004     0.15355039E+003     0.45435326E-001    -0.20197046E-001
     0.83514650E+000     0.37191744E-001    -0.12604348E+000    -0.16371173E+004     0.15255939E+003     0.45314600E-001    -0.20032690E-001
     0.83590642E+000     0.37784761E-001    -0.12546588E+000    -0.16347230E+004     0.15157518E+003     0.45194302E-001    -0.19869761E-001
     0.83666633E+000     0.38370634E-001    -0.12488697E+000    -0.16323408E+004     0.15059771E+003     0.45074436E-001    -0.19708247E-001
     0.83742625E+000     0.38949401E-001    -0.12430683E+000    -0.16299705E+004     0.14962692E+003     0.44955000E-001    -0.19548136E-001
     0.83818616E+000     0.39521108E-001    -0.12372555E+000    -0.16276122E+004     0.14866276E+003     0.44835998E-001    -0.19389415E-001
     0.83894607E+000     0.40085800E-001    -0.12314320E+000    -0.16252657E+004     0.14770517E+003     0.44717429E-001    -0.19232073E-001
     0.83970599E+000     0.40643518E-001    -0.12255987E+000    -0.16229310E+004     0.14675409E+003     0.44599294E-001    -0.19076098E-001
     0.84046590E+000     0.41194304E-001    -0.12197562E+000    -0.16206081E+004     0.14580947E+003     0.44481595E-001    -0.18921478E-001
     0.84122582E+000     0.41738203E-001    -0.12139054E+000    -0.16182969E+004     0.14487124E+003     0.44364332E-001    -0.18768202E-001
     0.84198573E+000     0.42275256E-001    -0.12080469E+000    -0.16159973E+004     0.14393937E+003     0.44247507E-001    -0.18616259E-001
     0.84274565E+000     0.42805502E-001    -0.12021816E+000    -0.16137094E+004     0.14301379E+003     0.44131121E-001    -0.18465637E-001
     0.84350556E+000     0.43328989E-001    -0.11963103E+000    -0.16114329E+004     0.14209445E+003     0.44015175E-001    -0.18316326E-001
     0.84426548E+000     0.43845767E-001    -0.11904336E+000    -0.16091680E+004     0.14118129E+003     0.43899670E-001    -0.18168313E-001
     0.84502539E+000     0.44355884E-001    -0.11845522E+000    -0.16069145E+004     0.14027428E+003     0.43784608E-001    -0.18021589E-001
     0.84578531E+000     0.44859388E-001    -0.11786669E+000    -0.16046725E+004     0.13937334E+003     0.43669988E-001    -0.17876142E-001
     0.84654522E+000     0.45356321E-001    -0.11727782E+000    -0.16024417E+004     0.13847843E+003     0.43555813E-001    -0.17731962E-001
     0.84730514E+000     0.45846730E-001    -0.11668869E+000    -0.16002223E+004     0.13758950E+003     0.43442084E-001    -0.17589038E-001
     0.84806505E+000     0.46330666E-001    -0.11609937E+000    -0.15980141E+004     0.13670651E+003     0.43328802E-001    -0.17447360E-001
     0.84882497E+000     0.46808179E-001    -0.11550991E+000    -0.15958172E+004     0.13582939E+003     0.43215968E-001    -0.17306916E-001
     0.84958488E+000     0.47279316E-001    -0.11492039E+000    -0.15936313E+004     0.13495809E+003     0.43103583E-001    -0.17167697E-001
     0.85034480E+000     0.47744125E-001    -0.11433085E+000    -0.15914566E+004     0.13409258E+003     0.42991648E-001    -0.17029692E-001
     0.85110471E+000     0.48202657E-001    -0.11374137E+000    -0.15892929E+004     0.13323280E+003     0.42880166E-001    -0.16892891E-001
     0.85186463E+000     0.48654962E-001    -0.11315201E+000    -0.15871403E+004     0.13237870E+003     0.42769136E-001    -0.16757283E-001
     0.85262454E+000     0.49101091E-001    -0.11256281E+000    -0.15849986E+004     0.13153023E+003     0.42658560E-001    -0.16622860E-001
     0.85338446E+000     0.49541089E-001    -0.11197383E+000    -0.15828678E+004     0.13068735E+003     0.42548440E-001    -0.16489609E-001
     0.85414437E+000     0.49975001E-001    -0.11138513E+000    -0.15807479E+004     0.12985001E+003     0.42438776E-001    -0.16357523E-001
     0.85490429E+000     0.50402878E-001    -0.11079678E+000    -0.15786388E+004     0.12901816E+003     0.42329570E-001    -0.16226590E-001
     0.85566420E+000     0.50824771E-001    -0.11020883E+000    -0.15765405E+004     0.12819176E+003     0.42220823E-001    -0.16096801E-001
     0.85642412E+000     0.51240733E-001    -0.10962133E+000    -0.15744529E+004     0.12737076E+003     0.42112536E-001    -0.15968146E-001
     0.85718403E+000     0.51650820E-001    -0.10903433E+000    -0.15723760E+004     0.12655511E+003     0.42004710E-001    -0.15840615E-001
     0.85794395E+000     0.52055084E-001    -0.10844789E+000    -0.15703098E+004     0.12574477E+003     0.41897347E-001    -0.15714199E-001
     0.85870386E+000     0.52453573E-001    -0.10786205E+000    -0.15682541E+004     0.12493969E+003     0.41790447E-001    -0.15588888E-001
     0.85946378E+000     0.52846341E-001    -0.10727686E+000    -0.15662090E+004     0.12413983E+003     0.41684012E-001    -0.15464672E-001
     0.86022369E+000     0.53233442E-001    -0.10669237E+000    -0.15641744E+004     0.12334515E+003     0.41578042E-001    -0.15341542E-001
     0.86098361E+000     0.53614921E-001    -0.10610862E+000    -0.15621503E+004     0.12255561E+003     0.41472540E-001    -0.15219489E-001
     0.86174352E+000     0.53990831E-001    -0.10552566E+000    -0.15601365E+004     0.12177115E+003     0.41367505E-001    -0.15098503E-001
     0.86250344E+000     0.54361228E-001    -0.10494353E+000    -0.15581332E+004     0.12099173E+003     0.41262940E-001    -0.14978574E-001
     0.86326335E+000     0.54726157E-001    -0.10436227E+000    -0.15561402E+004     0.12021732E+003     0.41158845E-001    -0.14859694E-001
     0.86402327E+000     0.55085669E-001    -0.10378194E+000    -0.15541575E+004     0.11944787E+003     0.41055221E-001    -0.14741853E-001
     0.86478318E+000     0.55439814E-001    -0.10320256E+000    -0.15521850E+004     0.11868334E+003     0.40952069E-001    -0.14625042E-001
     0.86554310E+000     0.55788645E-001    -0.10262418E+000    -0.15502228E+004     0.11792369E+003     0.40849390E-001    -0.14509252E-001
     0.86630301E+000     0.56132213E-001    -0.10204685E+000    -0.15482707E+004     0.11716888E+003     0.40747185E-001    -0.14394473E-001
     0.86706293E+000     0.56470569E-001    -0.10147060E+000    -0.15463287E+004     0.11641886E+003     0.40645456E-001    -0.14280697E-001
     0.86782284E+000     0.56803769E-001    -0.10089547E+000    -0.15443968E+004     0.11567359E+003     0.40544202E-001    -0.14167915E-001
     0.86858276E+000     0.57131861E-001    -0.10032150E+000    -0.15424750E+004     0.11493305E+003     0.40443425E-001    -0.14056117E-001
     0.86934267E+000     0.57454899E-001    -0.99748714E-001    -0.15405631E+004     0.11419717E+003     0.40343126E-001    -0.13945296E-001
     0.87010259E+000     0.57772933E-001    -0.99177157E-001    -0.15386613E+004     0.11346594E+003     0.40243305E-001    -0.13835441E-001
     0.87086250E+000     0.58086013E-001    -0.98606859E-001    -0.15367693E+004     0.11273930E+003     0.40143964E-001    -0.13726544E-001
     0.87162242E+000     0.58394188E-001    -0.98037855E-001    -0.15348872E+004     0.11201722E+003     0.40045102E-001    -0.13618596E-001
     0.87238233E+000     0.58697510E-001    -0.97470180E-001    -0.15330150E+004     0.11129966E+003     0.39946722E-001    -0.13511589E-001
     0.87314225E+000     0.58996031E-001    -0.96903869E-001    -0.15311525E+004     0.11058659E+003     0.39848823E-001    -0.13405514E-001
     0.87390216E+000     0.59289810E-001    -0.96338949E-001    -0.15292998E+004     0.10987796E+003     0.39751406E-001    -0.13300362E-001
     0.87466208E+000     0.59578897E-001    -0.95775447E-001    -0.15274569E+004     0.10917373E+003     0.39654472E-001    -0.13196125E-001
     0.87542199E+000     0.59863340E-001    -0.95213386E-001    -0.15256236E+004     0.10847388E+003     0.39558021E-001    -0.13092794E-001
     0.87618191E+000     0.60143186E-001    -0.94652795E-001    -0.15238000E+004     0.10777836E+003     0.39462055E-001    -0.12990360E-001
     0.87694182E+000     0.60418485E-001    -0.94093701E-001    -0.15219860E+004     0.10708713E+003     0.39366573E-001    -0.12888815E-001
     0.87770174E+000     0.60689283E-001    -0.93536131E-001    -0.15201815E+004     0.10640017E+003     0.39271576E-001    -0.12788152E-001
     0.87846165E+000     0.60955631E-001    -0.92980112E-001    -0.15183866E+004     0.10571743E+003     0.39177064E-001    -0.12688360E-001
     0.87922157E+000     0.61217575E-001    -0.92425669E-001    -0.15166012E+004     0.10503888E+003     0.39083039E-001    -0.12589432E-001
     0.87998148E+000     0.61475165E-001    -0.91872833E-001    -0.15148252E+004     0.10436449E+003     0.38989499E-001    -0.12491360E-001
     0.88074140E+000     0.61728456E-001    -0.91321630E-001    -0.15130586E+004     0.10369421E+003     0.38896447E-001    -0.12394136E-001
     0.88150131E+000     0.61977503E-001    -0.90772075E-001    -0.15113015E+004     0.10302802E+003     0.38803882E-001    -0.12297751E-001
     0.88226123E+000     0.62222348E-001    -0.90224185E-001    -0.15095537E+004     0.10236587E+003     0.38711804E-001    -0.12202197E-001
     0.88302114E+000     0.62463037E-001    -0.89677985E-001    -0.15078151E+004     0.10170775E+003     0.38620213E-001    -0.12107466E-001
     0.88378106E+000     0.62699620E-001    -0.89133498E-001    -0.15060859E+004     0.10105360E+003     0.38529111E-001    -0.12013549E-001
     0.88454097E+000     0.62932145E-001    -0.88590743E-001    -0.15043659E+004     0.10040340E+003     0.38438496E-001    -0.11920440E-001
     0.88530089E+000     0.63160662E-001    -0.88049742E-001    -0.15026551E+004     0.99757122E+002     0.38348370E-001    -0.11828130E-001
     0.88606080E+000     0.63385223E-001    -0.87510510E-001    -0.15009535E+004     0.99114722E+002     0.38258732E-001    -0.11736611E-001
     0.88682072E+000     0.63605876E-001    -0.86973058E-001    -0.14992610E+004     0.98476170E+002     0.38169582E-001    -0.11645875E-001
     0.88758063E+000     0.63822659E-001    -0.86437402E-001    -0.14975776E+004     0.97841435E+002     0.38080921E-001    -0.11555915E-001
     0.88834054E+000     0.64035618E-001    -0.85903565E-001    -0.14959033E+004     0.97210485E+002     0.37992748E-001    -0.11466722E-001
     0.88910046E+000     0.64244805E-001    -0.85371563E-001    -0.14942379E+004     0.96583287E+002     0.37905064E-001    -0.11378289E-001
     0.88986037E+000     0.64450266E-001    -0.84841408E-001    -0.14925816E+004     0.95959811E+002     0.37817867E-001    -0.11290608E-001
     0.89062029E+000     0.64652046E-001    -0.84313113E-001    -0.14909343E+004     0.95340023E+002     0.37731159E-001    -0.11203672E-001
     0.89138020E+000     0.64850188E-001    -0.83786693E-001    -0.14892958E+004     0.94723894E+002     0.37644939E-001    -0.11117473E-001
     0.89214012E+000     0.65044739E-001    -0.83262163E-001    -0.14876663E+004     0.94111392E+002     0.37559207E-001    -0.11032003E-001
     0.89290003E+000     0.65235747E-001    -0.82739534E-001    -0.14860456E+004     0.93502488E+002     0.37473963E-001    -0.10947256E-001
     0.89365995E+000     0.65423254E-001    -0.82218815E-001    -0.14844338E+004     0.92897149E+002     0.37389206E-001    -0.10863223E-001
     0.89441986E+000     0.65607303E-001    -0.81700017E-001    -0.14828307E+004     0.92295346E+002     0.37304936E-001    -0.10779897E-001
     0.89517978E+000     0.65787937E-001    -0.81183156E-001    -0.14812364E+004     0.91697050E+002     0.37221154E-001    -0.10697270E-001
     0.89593969E+000     0.65965201E-001    -0.80668240E-001    -0.14796509E+004     0.91102231E+002     0.37137857E-001    -0.10615337E-001
     0.89669961E+000     0.66139141E-001    -0.80155281E-001    -0.14780740E+004     0.90510859E+002     0.37055047E-001    -0.10534088E-001
     0.89745952E+000     0.66309801E-001    -0.79644283E-001    -0.14765058E+004     0.89922904E+002     0.36972722E-001    -0.10453518E-001
     0.89821944E+000     0.66477221E-001    -0.79135255E-001    -0.14749462E+004     0.89338339E+002     0.36890882E-001    -0.10373619E-001
     0.89897935E+000     0.66641439E-001    -0.78628207E-001    -0.14733952E+004     0.88757134E+002     0.36809528E-001    -0.10294383E-001
     0.89973927E+000     0.66802499E-001    -0.78123151E-001    -0.14718528E+004     0.88179261E+002     0.36728657E-001    -0.10215805E-001
     0.90049918E+000     0.66960447E-001    -0.77620097E-001    -0.14703189E+004     0.87604692E+002     0.36648270E-001    -0.10137876E-001
     0.90125910E+000     0.67115330E-001    -0.77119049E-001    -0.14687935E+004     0.87033399E+002     0.36568366E-001    -0.10060590E-001
     0.90201901E+000     0.67267192E-001    -0.76620009E-001    -0.14672766E+004     0.86465353E+002     0.36488944E-001    -0.99839399E-002
     0.90277893E+000     0.67416069E-001    -0.76122977E-001    -0.14657682E+004     0.85900528E+002     0.36410004E-001    -0.99079191E-002
     0.90353884E+000     0.67562000E-001    -0.75627959E-001    -0.14642681E+004     0.85338895E+002     0.36331545E-001    -0.98325206E-002
     0.90429876E+000     0.67705022E-001    -0.75134961E-001    -0.14627764E+004     0.84780429E+002     0.36253567E-001    -0.97577378E-002
     0.90505867E+000     0.67845177E-001    -0.74643990E-001    -0.14612931E+004     0.84225101E+002     0.36176068E-001    -0.96835640E-002
     0.90581859E+000     0.67982505E-001    -0.74155048E-001    -0.14598181E+004     0.83672886E+002     0.36099048E-001    -0.96099924E-002
     0.90657850E+000     0.68117045E-001    -0.73668136E-001    -0.14583514E+004     0.83123756E+002     0.36022506E-001    -0.95370166E-002
     0.90733842E+000     0.68248832E-001    -0.73183261E-001    -0.14568930E+004     0.82577686E+002     0.35946441E-001    -0.94646299E-002
     0.90809833E+000     0.68377909E-001    -0.72700427E-001    -0.14554428E+004     0.82034650E+002     0.35870852E-001    -0.93928259E-002
     0.90885825E+000     0.68504318E-001    -0.72219636E-001    -0.14540008E+004     0.81494621E+002     0.35795739E-001    -0.93215983E-002
     0.90961816E+000     0.68628097E-001    -0.71740880E-001    -0.14525670E+004     0.80957575E+002     0.35721100E-001    -0.92509405E-002
     0.91037808E+000     0.68749276E-001    -0.71264160E-001    -0.14511413E+004     0.80423485E+002     0.35646935E-001    -0.91808462E-002
     0.91113799E+000     0.68867887E-001    -0.70789481E-001    -0.14497238E+004     0.79892326E+002     0.35573242E-001    -0.91113093E-002
     0.91189791E+000     0.68983969E-001    -0.70316848E-001    -0.14483143E+004     0.79364074E+002     0.35500021E-001    -0.90423234E-002
     0.91265782E+000     0.69097557E-001    -0.69846265E-001    -0.14469129E+004     0.78838703E+002     0.35427271E-001    -0.89738824E-002
     0.91341774E+000     0.69208695E-001    -0.69377734E-001    -0.14455195E+004     0.78316189E+002     0.35354990E-001    -0.89059802E-002
     0.91417765E+000     0.69317423E-001    -0.68911252E-001    -0.14441341E+004     0.77796508E+002     0.35283177E-001    -0.88386107E-002
     0.91493757E+000     0.69423775E-001    -0.68446811E-001    -0.14427567E+004     0.77279635E+002     0.35211831E-001    -0.87717679E-002
     0.91569748E+000     0.69527783E-001    -0.67984411E-001    -0.14413873E+004     0.76765546E+002     0.35140952E-001    -0.87054458E-002
     0.91645740E+000     0.69629481E-001    -0.67524051E-001    -0.14400258E+004     0.76254218E+002     0.35070538E-001    -0.86396384E-002
     0.91721731E+000     0.69728905E-001    -0.67065729E-001    -0.14386722E+004     0.75745627E+002     0.35000588E-001    -0.85743400E-002
     0.91797723E+000     0.69826086E-001    -0.66609440E-001    -0.14373264E+004     0.75239749E+002     0.34931100E-001    -0.85095448E-002
     0.91873714E+000     0.69921054E-001    -0.66155185E-001    -0.14359885E+004     0.74736560E+002     0.34862074E-001    -0.84452468E-002
     0.91949706E+000     0.70013845E-001    -0.65702965E-001    -0.14346584E+004     0.74236039E+002     0.34793508E-001    -0.83814405E-002
     0.92025697E+000     0.70104495E-001    -0.65252776E-001    -0.14333361E+004     0.73738162E+002     0.34725400E-001    -0.83181203E-002
     0.92101689E+000     0.70193039E-001    -0.64804615E-001    -0.14320215E+004     0.73242906E+002     0.34657751E-001    -0.82552804E-002
     0.92177680E+000     0.70279506E-001    -0.64358473E-001    -0.14307147E+004     0.72750249E+002     0.34590558E-001    -0.81929153E-002
     0.92253672E+000     0.70363927E-001    -0.63914347E-001    -0.14294156E+004     0.72260168E+002     0.34523820E-001    -0.81310196E-002
     0.92329663E+000     0.70446332E-001    -0.63472236E-001    -0.14281242E+004     0.71772642E+002     0.34457535E-001    -0.80695877E-002
     0.92405655E+000     0.70526753E-001    -0.63032137E-001    -0.14268404E+004     0.71287647E+002     0.34391703E-001    -0.80086143E-002
     0.92481646E+000     0.70605222E-001    -0.62594048E-001    -0.14255643E+004     0.70805163E+002     0.34326322E-001    -0.79480939E-002
     0.92557638E+000     0.70681773E-001    -0.62157962E-001    -0.14242958E+004     0.70325167E+002     0.34261391E-001    -0.78880214E-002
     0.92633629E+000     0.70756438E-001    -0.61723872E-001    -0.14230348E+004     0.69847638E+002     0.34196907E-001    -0.78283914E-002
     0.92709621E+000     0.70829243E-001    -0.61291770E-001    -0.14217814E+004     0.69372555E+002     0.34132871E-001    -0.77691987E-002
     0.92785612E+000     0.70900218E-001    -0.60861651E-001    -0.14205356E+004     0.68899897E+002     0.34069280E-001    -0.77104381E-002
     0.92861604E+000     0.70969390E-001    -0.60433510E-001    -0.14192972E+004     0.68429642E+002     0.34006132E-001    -0.76521047E-002
     0.92937595E+000     0.71036787E-001    -0.60007343E-001    -0.14180664E+004     0.67961770E+002     0.33943427E-001    -0.75941932E-002
     0.93013587E+000     0.71102441E-001    -0.59583144E-001    -0.14168430E+004     0.67496260E+002     0.33881163E-001    -0.75366988E-002
     0.93089578E+000     0.71166377E-001    -0.59160905E-001    -0.14156270E+004     0.67033091E+002     0.33819339E-001    -0.74796165E-002
     0.93165570E+000     0.71228621E-001    -0.58740623E-001    -0.14144185E+004     0.66572244E+002     0.33757952E-001    -0.74229412E-002
     0.93241561E+000     0.71289205E-001    -0.58322293E-001    -0.14132173E+004     0.66113697E+002     0.33697002E-001    -0.73666683E-002
     0.93317553E+000     0.71348158E-001    -0.57905907E-001    -0.14120235E+004     0.65657432E+002     0.33636487E-001    -0.73107928E-002
     0.93393544E+000     0.71405508E-001    -0.57491457E-001    -0.14108370E+004     0.65203427E+002     0.33576405E-001    -0.72553100E-002
     0.93469536E+000     0.71461279E-001    -0.57078933E-001    -0.14096579E+004     0.64751663E+002     0.33516755E-001    -0.72002152E-002
     0.93545527E+000     0.71515498E-001    -0.56668329E-001    -0.14084860E+004     0.64302121E+002     0.33457535E-001    -0.71455037E-002
     0.93621519E+000     0.71568190E-001    -0.56259637E-001    -0.14073214E+004     0.63854781E+002     0.33398744E-001    -0.70911709E-002
     0.93697510E+000     0.71619378E-001    -0.55852850E-001    -0.14061641E+004     0.63409624E+002     0.33340380E-001    -0.70372122E-002
     0.93773501E+000     0.71669087E-001    -0.55447964E-001    -0.14050140E+004     0.62966631E+002     0.33282442E-001    -0.69836230E-002
     0.93849493E+000     0.71717348E-001    -0.55044973E-001    -0.14038711E+004     0.62525783E+002     0.33224927E-001    -0.69303990E-002
     0.93925484E+000     0.71764188E-001    -0.54643866E-001    -0.14027354E+004     0.62087060E+002     0.33167835E-001    -0.68775356E-002
     0.94001476E+000     0.71809630E-001    -0.54244631E-001    -0.14016068E+004     0.61650445E+002     0.33111163E-001    -0.68250285E-002
     0.94077467E+000     0.71853696E-001    -0.53847259E-001    -0.14004854E+004     0.61215918E+002     0.33054911E-001    -0.67728734E-002
     0.94153459E+000     0.71896407E-001    -0.53451743E-001    -0.13993711E+004     0.60783462E+002     0.32999076E-001    -0.67210658E-002
     0.94229450E+000     0.71937790E-001    -0.53058078E-001    -0.13982638E+004     0.60353057E+002     0.32943657E-001    -0.66696017E-002
     0.94305442E+000     0.71977867E-001    -0.52666254E-001    -0.13971637E+004     0.59924686E+002     0.32888652E-001    -0.66184767E-002
     0.94381433E+000     0.72016663E-001    -0.52276264E-001    -0.13960706E+004     0.59498331E+002     0.32834059E-001    -0.65676867E-002
     0.94457425E+000     0.72054204E-001    -0.51888095E-001    -0.13949845E+004     0.59073974E+002     0.32779877E-001    -0.65172276E-002
     0.94533416E+000     0.72090509E-001    -0.51501734E-001    -0.13939054E+004     0.58651597E+002     0.32726105E-001    -0.64670954E-002
     0.94609408E+000     0.72125595E-001    -0.51117176E-001    -0.13928333E+004     0.58231182E+002     0.32672740E-001    -0.64172859E-002
     0.94685399E+000     0.72159484E-001    -0.50734413E-001    -0.13917682E+004     0.57812713E+002     0.32619781E-001    -0.63677952E-002
     0.94761391E+000     0.72192199E-001    -0.50353439E-001    -0.13907100E+004     0.57396171E+002     0.32567227E-001    -0.63186193E-002
     0.94837382E+000     0.72223764E-001    -0.49974247E-001    -0.13896588E+004     0.56981539E+002     0.32515074E-001    -0.62697544E-002
     0.94913374E+000     0.72254202E-001    -0.49596826E-001    -0.13886144E+004     0.56568802E+002     0.32463323E-001    -0.62211965E-002
     0.94989365E+000     0.72283535E-001    -0.49221163E-001    -0.13875770E+004     0.56157940E+002     0.32411971E-001    -0.61729419E-002
     0.95065357E+000     0.72311780E-001    -0.48847250E-001    -0.13865464E+004     0.55748939E+002     0.32361017E-001    -0.61249868E-002
     0.95141348E+000     0.72338961E-001    -0.48475080E-001    -0.13855226E+004     0.55341780E+002     0.32310458E-001    -0.60773274E-002
     0.95217340E+000     0.72365099E-001    -0.48104640E-001    -0.13845056E+004     0.54936447E+002     0.32260294E-001    -0.60299601E-002
     0.95293331E+000     0.72390214E-001    -0.47735918E-001    -0.13834955E+004     0.54532925E+002     0.32210522E-001    -0.59828811E-002
     0.95369323E+000     0.72414322E-001    -0.47368905E-001    -0.13824922E+004     0.54131196E+002     0.32161141E-001    -0.59360870E-002
     0.95445314E+000     0.72437445E-001    -0.47003593E-001    -0.13814956E+004     0.53731244E+002     0.32112149E-001    -0.58895740E-002
     0.95521306E+000     0.72459602E-001    -0.46639968E-001    -0.13805057E+004     0.53333054E+002     0.32063545E-001    -0.58433388E-002
     0.95597297E+000     0.72480812E-001    -0.46278023E-001    -0.13795226E+004     0.52936609E+002     0.32015326E-001    -0.57973777E-002
     0.95673289E+000     0.72501093E-001    -0.45917744E-001    -0.13785462E+004     0.52541893E+002     0.31967492E-001    -0.57516873E-002
     0.95749280E+000     0.72520463E-001    -0.45559119E-001    -0.13775765E+004     0.52148891E+002     0.31920040E-001    -0.57062642E-002
     0.95825272E+000     0.72538934E-001    -0.45202139E-001    -0.13766134E+004     0.51757587E+002     0.31872969E-001    -0.56611051E-002
     0.95901263E+000     0.72556524E-001    -0.44846797E-001    -0.13756570E+004     0.51367965E+002     0.31826277E-001    -0.56162065E-002
     0.95977255E+000     0.72573250E-001    -0.44493086E-001    -0.13747072E+004     0.50980010E+002     0.31779962E-001    -0.55715653E-002
     0.96053246E+000     0.72589132E-001    -0.44140997E-001    -0.13737641E+004     0.50593708E+002     0.31734023E-001    -0.55271780E-002
     0.96129238E+000     0.72604191E-001    -0.43790519E-001    -0.13728275E+004     0.50209042E+002     0.31688458E-001    -0.54830415E-002
     0.96205229E+000     0.72618443E-001    -0.43441640E-001    -0.13718975E+004     0.49825997E+002     0.31643266E-001    -0.54391526E-002
     0.96281221E+000     0.72631905E-001    -0.43094350E-001    -0.13709741E+004     0.49444559E+002     0.31598444E-001    -0.53955082E-002
     0.96357212E+000     0.72644593E-001    -0.42748637E-001    -0.13700572E+004     0.49064713E+002     0.31553991E-001    -0.53521050E-002
     0.96433204E+000     0.72656522E-001    -0.42404491E-001    -0.13691469E+004     0.48686443E+002     0.31509906E-001    -0.53089401E-002
     0.96509195E+000     0.72667711E-001    -0.42061904E-001    -0.13682430E+004     0.48309736E+002     0.31466187E-001    -0.52660104E-002
     0.96585187E+000     0.72678172E-001    -0.41720862E-001    -0.13673457E+004     0.47934577E+002     0.31422832E-001    -0.52233129E-002
     0.96661178E+000     0.72687922E-001    -0.41381361E-001    -0.13664548E+004     0.47560950E+002     0.31379839E-001    -0.51808446E-002
     0.96737170E+000     0.72696984E-001    -0.41043391E-001    -0.13655703E+004     0.47188843E+002     0.31337207E-001    -0.51386025E-002
     0.96813161E+000     0.72705377E-001    -0.40706932E-001    -0.13646923E+004     0.46818241E+002     0.31294934E-001    -0.50965838E-002
     0.96889153E+000     0.72713110E-001    -0.40371967E-001    -0.13638208E+004     0.46449129E+002     0.31253019E-001    -0.50547855E-002
     0.96965144E+000     0.72720188E-001    -0.40038486E-001    -0.13629556E+004     0.46081493E+002     0.31211460E-001    -0.50132048E-002
     0.97041136E+000     0.72726623E-001    -0.39706487E-001    -0.13620968E+004     0.45715321E+002     0.31170256E-001    -0.49718389E-002
     0.97117127E+000     0.72732434E-001    -0.39375964E-001    -0.13612444E+004     0.45350596E+002     0.31129404E-001    -0.49306850E-002
     0.97193119E+000     0.72737640E-001    -0.39046909E-001    -0.13603984E+004     0.44987307E+002     0.31088903E-001    -0.48897405E-002
     0.97269110E+000     0.72742261E-001    -0.38719304E-001    -0.13595587E+004     0.44625439E+002     0.31048752E-001    -0.48490024E-002
     0.97345102E+000     0.72746306E-001    -0.38393135E-001    -0.13587253E+004     0.44264979E+002     0.31008949E-001    -0.48084683E-002
     0.97421093E+000     0.72749785E-001    -0.38068393E-001    -0.13578982E+004     0.43905913E+002     0.30969492E-001    -0.47681353E-002
     0.97497085E+000     0.72752715E-001    -0.37745068E-001    -0.13570774E+004     0.43548228E+002     0.30930380E-001    -0.47280010E-002
     0.97573076E+000     0.72755108E-001    -0.37423146E-001    -0.13562629E+004     0.43191911E+002     0.30891611E-001    -0.46880627E-002
     0.97649068E+000     0.72756975E-001    -0.37102616E-001    -0.13554546E+004     0.42836948E+002     0.30853184E-001    -0.46483178E-002
     0.97725059E+000     0.72758323E-001    -0.36783470E-001    -0.13546526E+004     0.42483326E+002     0.30815097E-001    -0.46087638E-002
     0.97801051E+000     0.72759166E-001    -0.36465703E-001    -0.13538569E+004     0.42131033E+002     0.30777348E-001    -0.45693983E-002
     0.97877042E+000     0.72759526E-001    -0.36149307E-001    -0.13530673E+004     0.41780055E+002     0.30739937E-001    -0.45302186E-002
     0.97953034E+000     0.72759416E-001    -0.35834266E-001    -0.13522839E+004     0.41430379E+002     0.30702861E-001    -0.44912225E-002
     0.98029025E+000     0.72758847E-001    -0.35520563E-001    -0.13515068E+004     0.41081993E+002     0.30666119E-001    -0.44524075E-002
     0.98105017E+000     0.72757826E-001    -0.35208189E-001    -0.13507358E+004     0.40734884E+002     0.30629709E-001    -0.44137711E-002
     0.98181008E+000     0.72756365E-001    -0.34897134E-001    -0.13499709E+004     0.40389040E+002     0.30593630E-001    -0.43753110E-002
     0.98257000E+000     0.72754472E-001    -0.34587392E-001    -0.13492122E+004     0.40044447E+002     0.30557881E-001    -0.43370249E-002
     0.98332991E+000     0.72752164E-001    -0.34278955E-001    -0.13484596E+004     0.39701094E+002     0.30522459E-001    -0.42989105E-002
     0.98408983E+000     0.72749459E-001    -0.33971811E-001    -0.13477132E+004     0.39358968E+002     0.30487364E-001    -0.42609655E-002
     0.98484974E+000     0.72746364E-001    -0.33665942E-001    -0.13469728E+004     0.39018057E+002     0.30452594E-001    -0.42231877E-002
     0.98560966E+000     0.72742889E-001    -0.33361338E-001    -0.13462385E+004     0.38678349E+002     0.30418148E-001    -0.41855748E-002
     0.98636957E+000     0.72739043E-001    -0.33057990E-001    -0.13455103E+004     0.38339831E+002     0.30384023E-001    -0.41481246E-002
     0.98712948E+000     0.72734839E-001    -0.32755889E-001    -0.13447881E+004     0.38002492E+002     0.30350219E-001    -0.41108350E-002
     0.98788940E+000     0.72730287E-001    -0.32455019E-001    -0.13440720E+004     0.37666319E+002     0.30316734E-001    -0.40737038E-002
     0.98864931E+000     0.72725395E-001    -0.32155371E-001    -0.13433619E+004     0.37331301E+002     0.30283567E-001    -0.40367288E-002
     0.98940923E+000     0.72720172E-001    -0.31856937E-001    -0.13426579E+004     0.36997426E+002     0.30250717E-001    -0.39999080E-002
     0.99016914E+000     0.72714629E-001    -0.31559705E-001    -0.13419598E+004     0.36664682E+002     0.30218181E-001    -0.39632394E-002
     0.99092906E+000     0.72708773E-001    -0.31263666E-001    -0.13412677E+004     0.36333058E+002     0.30185958E-001    -0.39267207E-002
     0.99168897E+000     0.72702616E-001    -0.30968813E-001    -0.13405817E+004     0.36002541E+002     0.30154048E-001    -0.38903501E-002
     0.99244889E+000     0.72696171E-001    -0.30675137E-001    -0.13399015E+004     0.35673121E+002     0.30122448E-001    -0.38541255E-002
     0.99320880E+000     0.72689451E-001    -0.30382624E-001    -0.13392273E+004     0.35344786E+002     0.30091157E-001    -0.38180449E-002
     0.99396872E+000     0.72682463E-001    -0.30091260E-001    -0.13385591E+004     0.35017525E+002     0.30060175E-001    -0.37821064E-002
     0.99472863E+000     0.72675217E-001    -0.29801035E-001    -0.13378968E+004     0.34691326E+002     0.30029499E-001    -0.37463080E-002
     0.99548855E+000     0.72667719E-001    -0.29511938E-001    -0.13372404E+004     0.34366178E+002     0.29999128E-001    -0.37106478E-002
     0.99624846E+000     0.72659977E-001    -0.29223957E-001    -0.13365899E+004     0.34042069E+002     0.29969062E-001    -0.36751240E-002
     0.99700838E+000     0.72652001E-001    -0.28937087E-001    -0.13359453E+004     0.33718990E+002     0.29939298E-001    -0.36397346E-002
     0.99776829E+000     0.72643801E-001    -0.28651315E-001    -0.13353065E+004     0.33396928E+002     0.29909835E-001    -0.36044778E-002
     0.99852821E+000     0.72635387E-001    -0.28366627E-001    -0.13346737E+004     0.33075873E+002     0.29880672E-001    -0.35693518E-002
     0.99928812E+000     0.72626760E-001    -0.28083014E-001    -0.13340467E+004     0.32755815E+002     0.29851808E-001    -0.35343547E-002
     0.10000480E+001     0.72617929E-001    -0.27800469E-001    -0.13334255E+004     0.32436741E+002     0.29823241E-001    -0.34994848E-002
     0.10008080E+001     0.72608904E-001    -0.27518984E-001    -0.13328101E+004     0.32118641E+002     0.29794971E-001    -0.34647403E-002
     0.10015679E+001     0.72599695E-001    -0.27238553E-001    -0.13322006E+004     0.31801505E+002     0.29766995E-001    -0.34301195E-002
     0.10023278E+001     0.72590318E-001    -0.26959162E-001    -0.13315969E+004     0.31485322E+002     0.29739313E-001    -0.33956206E-002
     0.10030877E+001     0.72580782E-001    -0.26680794E-001    -0.13309990E+004     0.31170081E+002     0.29711923E-001    -0.33612419E-002
     0.10038476E+001     0.72571086E-001    -0.26403435E-001    -0.13304068E+004     0.30855772E+002     0.29684825E-001    -0.33269817E-002
     0.10046075E+001     0.72561234E-001    -0.26127078E-001    -0.13298205E+004     0.30542385E+002     0.29658016E-001    -0.32928384E-002
     0.10053674E+001     0.72551238E-001    -0.25851718E-001    -0.13292399E+004     0.30229908E+002     0.29631496E-001    -0.32588103E-002
     0.10061274E+001     0.72541103E-001    -0.25577342E-001    -0.13286650E+004     0.29918332E+002     0.29605264E-001    -0.32248958E-002
     0.10068873E+001     0.72530839E-001    -0.25303942E-001    -0.13280959E+004     0.29607647E+002     0.29579318E-001    -0.31910932E-002
     0.10076472E+001     0.72520454E-001    -0.25031506E-001    -0.13275325E+004     0.29297841E+002     0.29553657E-001    -0.31574010E-002
     0.10084071E+001     0.72509954E-001    -0.24760023E-001    -0.13269749E+004     0.28988905E+002     0.29528281E-001    -0.31238175E-002
     0.10091670E+001     0.72499344E-001    -0.24489484E-001    -0.13264229E+004     0.28680830E+002     0.29503187E-001    -0.30903412E-002
     0.10099269E+001     0.72488631E-001    -0.24219879E-001    -0.13258766E+004     0.28373603E+002     0.29478375E-001    -0.30569706E-002
     0.10106868E+001     0.72477825E-001    -0.23951200E-001    -0.13253361E+004     0.28067217E+002     0.29453844E-001    -0.30237042E-002
     0.10114468E+001     0.72466932E-001    -0.23683434E-001    -0.13248012E+004     0.27761660E+002     0.29429592E-001    -0.29905404E-002
     0.10122067E+001     0.72455959E-001    -0.23416572E-001    -0.13242720E+004     0.27456923E+002     0.29405618E-001    -0.29574777E-002
     0.10129666E+001     0.72444911E-001    -0.23150603E-001    -0.13237484E+004     0.27152996E+002     0.29381922E-001    -0.29245146E-002
     0.10137265E+001     0.72433797E-001    -0.22885516E-001    -0.13232305E+004     0.26849869E+002     0.29358502E-001    -0.28916497E-002
     0.10144864E+001     0.72422619E-001    -0.22621301E-001    -0.13227182E+004     0.26547533E+002     0.29335357E-001    -0.28588815E-002
     0.10152463E+001     0.72411385E-001    -0.22357948E-001    -0.13222116E+004     0.26245977E+002     0.29312486E-001    -0.28262086E-002
     0.10160063E+001     0.72400099E-001    -0.22095446E-001    -0.13217106E+004     0.25945193E+002     0.29289889E-001    -0.27936295E-002
     0.10167662E+001     0.72388765E-001    -0.21833788E-001    -0.13212152E+004     0.25645169E+002     0.29267563E-001    -0.27611429E-002
     0.10175261E+001     0.72377391E-001    -0.21572967E-001    -0.13207254E+004     0.25345898E+002     0.29245508E-001    -0.27287474E-002
     0.10182860E+001     0.72365986E-001    -0.21312972E-001    -0.13202412E+004     0.25047369E+002     0.29223723E-001    -0.26964415E-002
     0.10190459E+001     0.72354555E-001    -0.21053790E-001    -0.13197625E+004     0.24749573E+002     0.29202208E-001    -0.26642240E-002
     0.10198058E+001     0.72343101E-001    -0.20795411E-001    -0.13192895E+004     0.24452501E+002     0.29180960E-001    -0.26320934E-002
     0.10205657E+001     0.72331631E-001    -0.20537826E-001    -0.13188220E+004     0.24156143E+002     0.29159979E-001    -0.26000485E-002
     0.10213257E+001     0.72320148E-001    -0.20281028E-001    -0.13183601E+004     0.23860489E+002     0.29139264E-001    -0.25680879E-002
     0.10220856E+001     0.72308660E-001    -0.20025005E-001    -0.13179037E+004     0.23565531E+002     0.29118814E-001    -0.25362104E-002
     0.10228455E+001     0.72297172E-001    -0.19769750E-001    -0.13174529E+004     0.23271260E+002     0.29098629E-001    -0.25044145E-002
     0.10236054E+001     0.72285691E-001    -0.19515251E-001    -0.13170075E+004     0.22977666E+002     0.29078706E-001    -0.24726991E-002
     0.10243653E+001     0.72274221E-001    -0.19261498E-001    -0.13165678E+004     0.22684739E+002     0.29059046E-001    -0.24410628E-002
     0.10251252E+001     0.72262768E-001    -0.19008479E-001    -0.13161335E+004     0.22392472E+002     0.29039647E-001    -0.24095045E-002
     0.10258851E+001     0.72251332E-001    -0.18756185E-001    -0.13157047E+004     0.22100854E+002     0.29020509E-001    -0.23780228E-002
     0.10266451E+001     0.72239920E-001    -0.18504610E-001    -0.13152815E+004     0.21809877E+002     0.29001630E-001    -0.23466165E-002
     0.10274050E+001     0.72228538E-001    -0.18253742E-001    -0.13148637E+004     0.21519532E+002     0.28983009E-001    -0.23152845E-002
     0.10281649E+001     0.72217190E-001    -0.18003571E-001    -0.13144514E+004     0.21229810E+002     0.28964647E-001    -0.22840255E-002
     0.10289248E+001     0.72205880E-001    -0.17754090E-001    -0.13140446E+004     0.20940701E+002     0.28946542E-001    -0.22528382E-002
     0.10296847E+001     0.72194614E-001    -0.17505287E-001    -0.13136433E+004     0.20652198E+002     0.28928692E-001    -0.22217216E-002
     0.10304446E+001     0.72183393E-001    -0.17257153E-001    -0.13132474E+004     0.20364291E+002     0.28911098E-001    -0.21906744E-002
     0.10312046E+001     0.72172224E-001    -0.17009680E-001    -0.13128570E+004     0.20076972E+002     0.28893759E-001    -0.21596954E-002
     0.10319645E+001     0.72161114E-001    -0.16762858E-001    -0.13124721E+004     0.19790231E+002     0.28876673E-001    -0.21287836E-002
     0.10327244E+001     0.72150062E-001    -0.16516673E-001    -0.13120925E+004     0.19504060E+002     0.28859840E-001    -0.20979377E-002
     0.10334843E+001     0.72139071E-001    -0.16271120E-001    -0.13117184E+004     0.19218451E+002     0.28843259E-001    -0.20671567E-002
     0.10342442E+001     0.72128147E-001    -0.16026192E-001    -0.13113498E+004     0.18933394E+002     0.28826929E-001    -0.20364394E-002
     0.10350041E+001     0.72117295E-001    -0.15781878E-001    -0.13109865E+004     0.18648882E+002     0.28810850E-001    -0.20057847E-002
     0.10357640E+001     0.72106519E-001    -0.15538170E-001    -0.13106287E+004     0.18364904E+002     0.28795020E-001    -0.19751914E-002
     0.10365240E+001     0.72095825E-001    -0.15295058E-001    -0.13102763E+004     0.18081454E+002     0.28779440E-001    -0.19446586E-002
     0.10372839E+001     0.72085217E-001    -0.15052530E-001    -0.13099292E+004     0.17798522E+002     0.28764108E-001    -0.19141850E-002
     0.10380438E+001     0.72074698E-001    -0.14810575E-001    -0.13095876E+004     0.17516100E+002     0.28749023E-001    -0.18837697E-002
     0.10388037E+001     0.72064270E-001    -0.14569185E-001    -0.13092514E+004     0.17234180E+002     0.28734186E-001    -0.18534116E-002
     0.10395636E+001     0.72053937E-001    -0.14328350E-001    -0.13089205E+004     0.16952753E+002     0.28719594E-001    -0.18231095E-002
     0.10403235E+001     0.72043697E-001    -0.14088058E-001    -0.13085950E+004     0.16671810E+002     0.28705248E-001    -0.17928625E-002
     0.10410834E+001     0.72033553E-001    -0.13848305E-001    -0.13082749E+004     0.16391344E+002     0.28691147E-001    -0.17626695E-002
     0.10418434E+001     0.72023511E-001    -0.13609086E-001    -0.13079601E+004     0.16111346E+002     0.28677290E-001    -0.17325294E-002
     0.10426033E+001     0.72013577E-001    -0.13370389E-001    -0.13076507E+004     0.15831808E+002     0.28663677E-001    -0.17024413E-002
     0.10433632E+001     0.72003753E-001    -0.13132204E-001    -0.13073467E+004     0.15552721E+002     0.28650306E-001    -0.16724042E-002
     0.10441231E+001     0.71994042E-001    -0.12894523E-001    -0.13070480E+004     0.15274077E+002     0.28637178E-001    -0.16424169E-002
     0.10448830E+001     0.71984449E-001    -0.12657338E-001    -0.13067546E+004     0.14995868E+002     0.28624292E-001    -0.16124786E-002
     0.10456429E+001     0.71974977E-001    -0.12420636E-001    -0.13064666E+004     0.14718086E+002     0.28611646E-001    -0.15825882E-002
     0.10464028E+001     0.71965628E-001    -0.12184408E-001    -0.13061839E+004     0.14440723E+002     0.28599241E-001    -0.15527447E-002
     0.10471628E+001     0.71956403E-001    -0.11948646E-001    -0.13059065E+004     0.14163770E+002     0.28587075E-001    -0.15229472E-002
     0.10479227E+001     0.71947306E-001    -0.11713345E-001    -0.13056345E+004     0.13887220E+002     0.28575149E-001    -0.14931946E-002
     0.10486826E+001     0.71938342E-001    -0.11478493E-001    -0.13053678E+004     0.13611064E+002     0.28563462E-001    -0.14634860E-002
     0.10494425E+001     0.71929516E-001    -0.11244079E-001    -0.13051063E+004     0.13335294E+002     0.28552013E-001    -0.14338205E-002
     0.10502024E+001     0.71920827E-001    -0.11010091E-001    -0.13048502E+004     0.13059903E+002     0.28540802E-001    -0.14041971E-002
     0.10509623E+001     0.71912276E-001    -0.10776522E-001    -0.13045994E+004     0.12784882E+002     0.28529827E-001    -0.13746148E-002
     0.10517223E+001     0.71903864E-001    -0.10543364E-001    -0.13043539E+004     0.12510223E+002     0.28519089E-001    -0.13450727E-002
     0.10524822E+001     0.71895595E-001    -0.10310609E-001    -0.13041137E+004     0.12235918E+002     0.28508588E-001    -0.13155699E-002
     0.10532421E+001     0.71887472E-001    -0.10078248E-001    -0.13038787E+004     0.11961960E+002     0.28498322E-001    -0.12861054E-002
     0.10540020E+001     0.71879496E-001    -0.98462700E-002    -0.13036491E+004     0.11688340E+002     0.28488291E-001    -0.12566783E-002
     0.10547619E+001     0.71871667E-001    -0.96146688E-002    -0.13034247E+004     0.11415051E+002     0.28478494E-001    -0.12272877E-002
     0.10555218E+001     0.71863989E-001    -0.93834361E-002    -0.13032056E+004     0.11142084E+002     0.28468932E-001    -0.11979327E-002
     0.10562817E+001     0.71856464E-001    -0.91525634E-002    -0.13029917E+004     0.10869432E+002     0.28459603E-001    -0.11686124E-002
     0.10570417E+001     0.71849094E-001    -0.89220443E-002    -0.13027832E+004     0.10597087E+002     0.28450508E-001    -0.11393258E-002
     0.10578016E+001     0.71841885E-001    -0.86918719E-002    -0.13025799E+004     0.10325041E+002     0.28441646E-001    -0.11100721E-002
     0.10585615E+001     0.71834843E-001    -0.84620322E-002    -0.13023818E+004     0.10053287E+002     0.28433016E-001    -0.10808503E-002
     0.10593214E+001     0.71827967E-001    -0.82325123E-002    -0.13021890E+004     0.97818156E+001     0.28424618E-001    -0.10516597E-002
     0.10600813E+001     0.71821256E-001    -0.80033056E-002    -0.13020015E+004     0.95106203E+001     0.28416452E-001    -0.10224993E-002
     0.10608412E+001     0.71814713E-001    -0.77744002E-002    -0.13018192E+004     0.92396930E+001     0.28408517E-001    -0.99336818E-003
     0.10616011E+001     0.71808334E-001    -0.75457863E-002    -0.13016422E+004     0.89690261E+001     0.28400813E-001    -0.96426554E-003
     0.10623611E+001     0.71802118E-001    -0.73174621E-002    -0.13014703E+004     0.86986116E+001     0.28393339E-001    -0.93519047E-003
     0.10631210E+001     0.71796072E-001    -0.70894227E-002    -0.13013038E+004     0.84284420E+001     0.28386096E-001    -0.90614211E-003
     0.10638809E+001     0.71790201E-001    -0.68616551E-002    -0.13011425E+004     0.81585096E+001     0.28379082E-001    -0.87711962E-003
     0.10646408E+001     0.71784504E-001    -0.66341477E-002    -0.13009864E+004     0.78888067E+001     0.28372298E-001    -0.84812213E-003
     0.10654007E+001     0.71778979E-001    -0.64068950E-002    -0.13008355E+004     0.76193256E+001     0.28365743E-001    -0.81914878E-003
     0.10661606E+001     0.71773629E-001    -0.61798934E-002    -0.13006899E+004     0.73500586E+001     0.28359417E-001    -0.79019870E-003
     0.10669206E+001     0.71768464E-001    -0.59531334E-002    -0.13005495E+004     0.70809983E+001     0.28353319E-001    -0.76127106E-003
     0.10676805E+001     0.71763487E-001    -0.57265992E-002    -0.13004143E+004     0.68121368E+001     0.28347450E-001    -0.73236502E-003
     0.10684404E+001     0.71758694E-001    -0.55002772E-002    -0.13002843E+004     0.65434667E+001     0.28341809E-001    -0.70347976E-003
     0.10692003E+001     0.71754081E-001    -0.52741586E-002    -0.13001595E+004     0.62749802E+001     0.28336395E-001    -0.67461442E-003
     0.10699602E+001     0.71749644E-001    -0.50482410E-002    -0.13000400E+004     0.60066700E+001     0.28331209E-001    -0.64576816E-003
     0.10707201E+001     0.71745390E-001    -0.48225214E-002    -0.12999257E+004     0.57385283E+001     0.28326250E-001    -0.61694013E-003
     0.10714800E+001     0.71741325E-001    -0.45969883E-002    -0.12998166E+004     0.54705476E+001     0.28321518E-001    -0.58812952E-003
     0.10722400E+001     0.71737448E-001    -0.43716271E-002    -0.12997127E+004     0.52027203E+001     0.28317013E-001    -0.55933550E-003
     0.10729999E+001     0.71733756E-001    -0.41464312E-002    -0.12996140E+004     0.49350389E+001     0.28312735E-001    -0.53055725E-003
     0.10737598E+001     0.71730248E-001    -0.39213964E-002    -0.12995205E+004     0.46674959E+001     0.28308683E-001    -0.50179394E-003
     0.10745197E+001     0.71726930E-001    -0.36965151E-002    -0.12994322E+004     0.44000838E+001     0.28304857E-001    -0.47304476E-003
     0.10752796E+001     0.71723803E-001    -0.34717779E-002    -0.12993491E+004     0.41327949E+001     0.28301257E-001    -0.44430890E-003
     0.10760395E+001     0.71720870E-001    -0.32471741E-002    -0.12992712E+004     0.38656219E+001     0.28297882E-001    -0.41558553E-003
     0.10767994E+001     0.71718129E-001    -0.30226953E-002    -0.12991985E+004     0.35985572E+001     0.28294734E-001    -0.38687384E-003
     0.10775594E+001     0.71715584E-001    -0.27983336E-002    -0.12991310E+004     0.33315933E+001     0.28291811E-001    -0.35817301E-003
     0.10783193E+001     0.71713235E-001    -0.25740784E-002    -0.12990687E+004     0.30647227E+001     0.28289113E-001    -0.32948223E-003
     0.10790792E+001     0.71711082E-001    -0.23499179E-002    -0.12990116E+004     0.27979379E+001     0.28286641E-001    -0.30080071E-003
     0.10798391E+001     0.71709123E-001    -0.21258432E-002    -0.12989597E+004     0.25312314E+001     0.28284394E-001    -0.27212762E-003
     0.10805990E+001     0.71707354E-001    -0.19018490E-002    -0.12989130E+004     0.22645959E+001     0.28282372E-001    -0.24346216E-003
     0.10813589E+001     0.71705778E-001    -0.16779297E-002    -0.12988715E+004     0.19980237E+001     0.28280574E-001    -0.21480352E-003
     0.10821189E+001     0.71704399E-001    -0.14540782E-002    -0.12988352E+004     0.17315075E+001     0.28279002E-001    -0.18615089E-003
     0.10828788E+001     0.71703218E-001    -0.12302832E-002    -0.12988040E+004     0.14650397E+001     0.28277654E-001    -0.15750348E-003
     0.10836387E+001     0.71702236E-001    -0.10065339E-002    -0.12987781E+004     0.11986129E+001     0.28276531E-001    -0.12886047E-003
     0.10843986E+001     0.71701451E-001    -0.78282187E-003    -0.12987573E+004     0.93221973E+000     0.28275633E-001    -0.10022107E-003
     0.10851585E+001     0.71700863E-001    -0.55913740E-003    -0.12987418E+004     0.66585260E+000     0.28274959E-001    -0.71584465E-004
     0.10859184E+001     0.71700470E-001    -0.33547234E-003    -0.12987314E+004     0.39950411E+000     0.28274510E-001    -0.42949871E-004
     0.10866783E+001     0.71700271E-001    -0.11182193E-003    -0.12987262E+004     0.13316679E+000     0.28274286E-001    -0.14316489E-004
