#      omega [at.u.]    re,pade,pol. 1 2    im,pade,pol. 1 2    re,pade,pol. 2 2    im,pade,pol. 2 2    re,pade,pol. 3 2    im,pade,pol. 3 2
     0.00000000E+000     0.73172324E-001     0.41531251E-014     0.14440501E+005     0.28084529E-012     0.32308692E-001     0.12978516E-014
     0.36749325E-003     0.73168291E-001    -0.43462511E-004     0.14440798E+005     0.30695514E+001     0.32308364E-001    -0.71225007E-005
     0.73498651E-003     0.73156191E-001    -0.86956157E-004     0.14441691E+005     0.61401037E+001     0.32307378E-001    -0.14245791E-004
     0.11024798E-002     0.73136019E-001    -0.13051049E-003     0.14443178E+005     0.92126589E+001     0.32305734E-001    -0.21370660E-004
     0.14699730E-002     0.73107762E-001    -0.17415340E-003     0.14445262E+005     0.12288220E+002     0.32303433E-001    -0.28497895E-004
     0.18374663E-002     0.73071402E-001    -0.21791186E-003     0.14447942E+005     0.15367795E+002     0.32300473E-001    -0.35628285E-004
     0.22049595E-002     0.73026915E-001    -0.26181274E-003     0.14451220E+005     0.18452393E+002     0.32296854E-001    -0.42762616E-004
     0.25724528E-002     0.72974270E-001    -0.30588344E-003     0.14455096E+005     0.21543029E+002     0.32292575E-001    -0.49901678E-004
     0.29399460E-002     0.72913430E-001    -0.35015222E-003     0.14459571E+005     0.24640723E+002     0.32287635E-001    -0.57046257E-004
     0.33074393E-002     0.72844350E-001    -0.39464819E-003     0.14464648E+005     0.27746503E+002     0.32282033E-001    -0.64197139E-004
     0.36749325E-002     0.72766983E-001    -0.43940084E-003     0.14470329E+005     0.30861403E+002     0.32275768E-001    -0.71355109E-004
     0.40424258E-002     0.72681276E-001    -0.48443966E-003     0.14476614E+005     0.33986466E+002     0.32268839E-001    -0.78520950E-004
     0.44099190E-002     0.72587167E-001    -0.52979424E-003     0.14483506E+005     0.37122744E+002     0.32261244E-001    -0.85695443E-004
     0.47774123E-002     0.72484590E-001    -0.57549463E-003     0.14491007E+005     0.40271300E+002     0.32252981E-001    -0.92879370E-004
     0.51449056E-002     0.72373472E-001    -0.62157187E-003     0.14499120E+005     0.43433210E+002     0.32244049E-001    -0.10007351E-003
     0.55123988E-002     0.72253733E-001    -0.66805836E-003     0.14507848E+005     0.46609559E+002     0.32234445E-001    -0.10727863E-003
     0.58798921E-002     0.72125289E-001    -0.71498749E-003     0.14517194E+005     0.49801450E+002     0.32224168E-001    -0.11449552E-003
     0.62473853E-002     0.71988050E-001    -0.76239270E-003     0.14527160E+005     0.53009997E+002     0.32213215E-001    -0.12172495E-003
     0.66148786E-002     0.71841919E-001    -0.81030673E-003     0.14537751E+005     0.56236332E+002     0.32201584E-001    -0.12896768E-003
     0.69823718E-002     0.71686792E-001    -0.85876213E-003     0.14548969E+005     0.59481603E+002     0.32189273E-001    -0.13622449E-003
     0.73498651E-002     0.71522557E-001    -0.90779248E-003     0.14560819E+005     0.62746978E+002     0.32176278E-001    -0.14349614E-003
     0.77173583E-002     0.71349094E-001    -0.95743333E-003     0.14573305E+005     0.66033644E+002     0.32162598E-001    -0.15078338E-003
     0.80848516E-002     0.71166277E-001    -0.10077221E-002     0.14586432E+005     0.69342806E+002     0.32148228E-001    -0.15808698E-003
     0.84523448E-002     0.70973973E-001    -0.10586971E-002     0.14600203E+005     0.72675694E+002     0.32133167E-001    -0.16540768E-003
     0.88198381E-002     0.70772042E-001    -0.11103969E-002     0.14614623E+005     0.76033562E+002     0.32117411E-001    -0.17274624E-003
     0.91873314E-002     0.70560337E-001    -0.11628605E-002     0.14629698E+005     0.79417687E+002     0.32100956E-001    -0.18010339E-003
     0.95548246E-002     0.70338702E-001    -0.12161275E-002     0.14645433E+005     0.82829372E+002     0.32083800E-001    -0.18747987E-003
     0.99223179E-002     0.70106972E-001    -0.12702388E-002     0.14661834E+005     0.86269949E+002     0.32065938E-001    -0.19487641E-003
     0.10289811E-001     0.69864974E-001    -0.13252372E-002     0.14678906E+005     0.89740779E+002     0.32047367E-001    -0.20229372E-003
     0.10657304E-001     0.69612526E-001    -0.13811671E-002     0.14696656E+005     0.93243255E+002     0.32028083E-001    -0.20973252E-003
     0.11024798E-001     0.69349436E-001    -0.14380746E-002     0.14715090E+005     0.96778800E+002     0.32008082E-001    -0.21719351E-003
     0.11392291E-001     0.69075507E-001    -0.14960073E-002     0.14734214E+005     0.10034887E+003     0.31987361E-001    -0.22467739E-003
     0.11759784E-001     0.68790529E-001    -0.15550142E-002     0.14754036E+005     0.10395497E+003     0.31965914E-001    -0.23218484E-003
     0.12127277E-001     0.68494283E-001    -0.16151453E-002     0.14774563E+005     0.10759863E+003     0.31943737E-001    -0.23971653E-003
     0.12494771E-001     0.68186542E-001    -0.16764522E-002     0.14795803E+005     0.11128141E+003     0.31920826E-001    -0.24727313E-003
     0.12862264E-001     0.67867066E-001    -0.17389880E-002     0.14817763E+005     0.11500494E+003     0.31897177E-001    -0.25485527E-003
     0.13229757E-001     0.67535602E-001    -0.18028089E-002     0.14840451E+005     0.11877088E+003     0.31872784E-001    -0.26246358E-003
     0.13597250E-001     0.67191891E-001    -0.18679734E-002     0.14863877E+005     0.12258093E+003     0.31847644E-001    -0.27009868E-003
     0.13964744E-001     0.66835658E-001    -0.19345419E-002     0.14888049E+005     0.12643685E+003     0.31821750E-001    -0.27776116E-003
     0.14332237E-001     0.66466620E-001    -0.20025765E-002     0.14912976E+005     0.13034044E+003     0.31795099E-001    -0.28545159E-003
     0.14699730E-001     0.66084479E-001    -0.20721413E-002     0.14938668E+005     0.13429357E+003     0.31767684E-001    -0.29317053E-003
     0.15067223E-001     0.65688923E-001    -0.21433033E-002     0.14965136E+005     0.13829815E+003     0.31739502E-001    -0.30091849E-003
     0.15434717E-001     0.65279627E-001    -0.22161330E-002     0.14992388E+005     0.14235616E+003     0.31710546E-001    -0.30869600E-003
     0.15802210E-001     0.64856254E-001    -0.22907037E-002     0.15020437E+005     0.14646965E+003     0.31680811E-001    -0.31650351E-003
     0.16169703E-001     0.64418452E-001    -0.23670911E-002     0.15049293E+005     0.15064071E+003     0.31650291E-001    -0.32434147E-003
     0.16537196E-001     0.63965852E-001    -0.24453734E-002     0.15078968E+005     0.15487151E+003     0.31618982E-001    -0.33221029E-003
     0.16904690E-001     0.63498071E-001    -0.25256314E-002     0.15109474E+005     0.15916432E+003     0.31586878E-001    -0.34011034E-003
     0.17272183E-001     0.63014708E-001    -0.26079497E-002     0.15140824E+005     0.16352145E+003     0.31553973E-001    -0.34804197E-003
     0.17639676E-001     0.62515341E-001    -0.26924177E-002     0.15173029E+005     0.16794530E+003     0.31520261E-001    -0.35600547E-003
     0.18007169E-001     0.61999535E-001    -0.27791297E-002     0.15206105E+005     0.17243836E+003     0.31485736E-001    -0.36400108E-003
     0.18374663E-001     0.61466834E-001    -0.28681845E-002     0.15240065E+005     0.17700321E+003     0.31450394E-001    -0.37202900E-003
     0.18742156E-001     0.60916764E-001    -0.29596851E-002     0.15274922E+005     0.18164252E+003     0.31414228E-001    -0.38008938E-003
     0.19109649E-001     0.60348832E-001    -0.30537384E-002     0.15310693E+005     0.18635905E+003     0.31377232E-001    -0.38818231E-003
     0.19477142E-001     0.59762521E-001    -0.31504559E-002     0.15347393E+005     0.19115567E+003     0.31339402E-001    -0.39630782E-003
     0.19844636E-001     0.59157293E-001    -0.32499541E-002     0.15385037E+005     0.19603536E+003     0.31300730E-001    -0.40446585E-003
     0.20212129E-001     0.58532586E-001    -0.33523549E-002     0.15423643E+005     0.20100122E+003     0.31261211E-001    -0.41265629E-003
     0.20579622E-001     0.57887814E-001    -0.34577865E-002     0.15463228E+005     0.20605645E+003     0.31220840E-001    -0.42087894E-003
     0.20947115E-001     0.57222364E-001    -0.35663827E-002     0.15503810E+005     0.21120439E+003     0.31179610E-001    -0.42913353E-003
     0.21314609E-001     0.56535598E-001    -0.36782840E-002     0.15545408E+005     0.21644851E+003     0.31137517E-001    -0.43741967E-003
     0.21682102E-001     0.55826848E-001    -0.37936374E-002     0.15588040E+005     0.22179242E+003     0.31094556E-001    -0.44573689E-003
     0.22049595E-001     0.55095416E-001    -0.39125973E-002     0.15631727E+005     0.22723989E+003     0.31050720E-001    -0.45408461E-003
     0.22417088E-001     0.54340574E-001    -0.40353261E-002     0.15676490E+005     0.23279481E+003     0.31006004E-001    -0.46246212E-003
     0.22784582E-001     0.53561558E-001    -0.41619949E-002     0.15722350E+005     0.23846129E+003     0.30960404E-001    -0.47086859E-003
     0.23152075E-001     0.52757575E-001    -0.42927840E-002     0.15769330E+005     0.24424355E+003     0.30913915E-001    -0.47930306E-003
     0.23519568E-001     0.51927790E-001    -0.44278830E-002     0.15817453E+005     0.25014604E+003     0.30866531E-001    -0.48776441E-003
     0.23887062E-001     0.51071336E-001    -0.45674916E-002     0.15866743E+005     0.25617338E+003     0.30818250E-001    -0.49625136E-003
     0.24254555E-001     0.50187301E-001    -0.47118201E-002     0.15917225E+005     0.26233042E+003     0.30769066E-001    -0.50476246E-003
     0.24622048E-001     0.49274735E-001    -0.48610903E-002     0.15968926E+005     0.26862218E+003     0.30718977E-001    -0.51329607E-003
     0.24989541E-001     0.48332642E-001    -0.50155358E-002     0.16021872E+005     0.27505395E+003     0.30667977E-001    -0.52185034E-003
     0.25357035E-001     0.47359978E-001    -0.51754030E-002     0.16076091E+005     0.28163125E+003     0.30616066E-001    -0.53042323E-003
     0.25724528E-001     0.46355654E-001    -0.53409517E-002     0.16131613E+005     0.28835985E+003     0.30563239E-001    -0.53901242E-003
     0.26092021E-001     0.45318525E-001    -0.55124563E-002     0.16188469E+005     0.29524578E+003     0.30509495E-001    -0.54761536E-003
     0.26459514E-001     0.44247392E-001    -0.56902066E-002     0.16246688E+005     0.30229539E+003     0.30454833E-001    -0.55622922E-003
     0.26827008E-001     0.43140999E-001    -0.58745090E-002     0.16306306E+005     0.30951531E+003     0.30399251E-001    -0.56485086E-003
     0.27194501E-001     0.41998029E-001    -0.60656876E-002     0.16367354E+005     0.31691250E+003     0.30342749E-001    -0.57347681E-003
     0.27561994E-001     0.40817099E-001    -0.62640855E-002     0.16429870E+005     0.32449425E+003     0.30285327E-001    -0.58210326E-003
     0.27929487E-001     0.39596757E-001    -0.64700663E-002     0.16493891E+005     0.33226823E+003     0.30226988E-001    -0.59072601E-003
     0.28296981E-001     0.38335480E-001    -0.66840154E-002     0.16559454E+005     0.34024250E+003     0.30167732E-001    -0.59934044E-003
     0.28664474E-001     0.37031667E-001    -0.69063413E-002     0.16626599E+005     0.34842552E+003     0.30107562E-001    -0.60794149E-003
     0.29031967E-001     0.35683636E-001    -0.71374776E-002     0.16695370E+005     0.35682619E+003     0.30046484E-001    -0.61652362E-003
     0.29399460E-001     0.34289619E-001    -0.73778847E-002     0.16765809E+005     0.36545388E+003     0.29984502E-001    -0.62508074E-003
     0.29766954E-001     0.32847754E-001    -0.76280525E-002     0.16837962E+005     0.37431847E+003     0.29921622E-001    -0.63360621E-003
     0.30134447E-001     0.31356085E-001    -0.78885021E-002     0.16911876E+005     0.38343034E+003     0.29857852E-001    -0.64209275E-003
     0.30501940E-001     0.29812550E-001    -0.81597875E-002     0.16987601E+005     0.39280047E+003     0.29793201E-001    -0.65053242E-003
     0.30869433E-001     0.28214980E-001    -0.84424983E-002     0.17065188E+005     0.40244041E+003     0.29727681E-001    -0.65891654E-003
     0.31236927E-001     0.26561086E-001    -0.87372621E-002     0.17144693E+005     0.41236240E+003     0.29661304E-001    -0.66723564E-003
     0.31604420E-001     0.24848456E-001    -0.90447487E-002     0.17226170E+005     0.42257934E+003     0.29594084E-001    -0.67547937E-003
     0.31971913E-001     0.23074544E-001    -0.93656731E-002     0.17309679E+005     0.43310488E+003     0.29526038E-001    -0.68363644E-003
     0.32339406E-001     0.21236662E-001    -0.97007990E-002     0.17395282E+005     0.44395345E+003     0.29457185E-001    -0.69169456E-003
     0.32706900E-001     0.19331973E-001    -0.10050942E-001     0.17483043E+005     0.45514035E+003     0.29387546E-001    -0.69964029E-003
     0.33074393E-001     0.17357477E-001    -0.10416975E-001     0.17573030E+005     0.46668179E+003     0.29317145E-001    -0.70745899E-003
     0.33441886E-001     0.15310001E-001    -0.10799832E-001     0.17665314E+005     0.47859496E+003     0.29246009E-001    -0.71513471E-003
     0.33809379E-001     0.13186189E-001    -0.11200512E-001     0.17759969E+005     0.49089808E+003     0.29174168E-001    -0.72265002E-003
     0.34176873E-001     0.10982484E-001    -0.11620088E-001     0.17857073E+005     0.50361055E+003     0.29101656E-001    -0.72998594E-003
     0.34544366E-001     0.86951206E-002    -0.12059714E-001     0.17956708E+005     0.51675295E+003     0.29028509E-001    -0.73712175E-003
     0.34911859E-001     0.63201038E-002    -0.12520626E-001     0.18058960E+005     0.53034721E+003     0.28954770E-001    -0.74403485E-003
     0.35279352E-001     0.38531973E-002    -0.13004155E-001     0.18163918E+005     0.54441666E+003     0.28880484E-001    -0.75070057E-003
     0.35646846E-001     0.12899033E-002    -0.13511735E-001     0.18271677E+005     0.55898616E+003     0.28805703E-001    -0.75709200E-003
     0.36014339E-001    -0.13745570E-002    -0.14044907E-001     0.18382337E+005     0.57408227E+003     0.28730481E-001    -0.76317976E-003
     0.36381832E-001    -0.41452654E-002    -0.14605334E-001     0.18496004E+005     0.58973331E+003     0.28654881E-001    -0.76893174E-003
     0.36749325E-001    -0.70276300E-002    -0.15194812E-001     0.18612786E+005     0.60596956E+003     0.28578972E-001    -0.77431287E-003
     0.37116819E-001    -0.10027410E-001    -0.15815279E-001     0.18732802E+005     0.62282342E+003     0.28502827E-001    -0.77928482E-003
     0.37484312E-001    -0.13150745E-001    -0.16468836E-001     0.18856173E+005     0.64032960E+003     0.28426531E-001    -0.78380566E-003
     0.37851805E-001    -0.16404181E-001    -0.17157754E-001     0.18983030E+005     0.65852528E+003     0.28350173E-001    -0.78782951E-003
     0.38219298E-001    -0.19794707E-001    -0.17884499E-001     0.19113509E+005     0.67745039E+003     0.28273853E-001    -0.79130616E-003
     0.38586792E-001    -0.23329792E-001    -0.18651745E-001     0.19247756E+005     0.69714782E+003     0.28197681E-001    -0.79418057E-003
     0.38954285E-001    -0.27017425E-001    -0.19462395E-001     0.19385922E+005     0.71766368E+003     0.28121777E-001    -0.79639245E-003
     0.39321778E-001    -0.30866158E-001    -0.20319612E-001     0.19528171E+005     0.73904766E+003     0.28046273E-001    -0.79787562E-003
     0.39689271E-001    -0.34885156E-001    -0.21226841E-001     0.19674675E+005     0.76135330E+003     0.27971314E-001    -0.79855746E-003
     0.40056765E-001    -0.39084248E-001    -0.22187841E-001     0.19825616E+005     0.78463841E+003     0.27897059E-001    -0.79835816E-003
     0.40424258E-001    -0.43473987E-001    -0.23206717E-001     0.19981187E+005     0.80896547E+003     0.27823682E-001    -0.79718999E-003
     0.40791751E-001    -0.48065719E-001    -0.24287962E-001     0.20141594E+005     0.83440208E+003     0.27751375E-001    -0.79495639E-003
     0.41159244E-001    -0.52871646E-001    -0.25436496E-001     0.20307057E+005     0.86102151E+003     0.27680346E-001    -0.79155099E-003
     0.41526738E-001    -0.57904917E-001    -0.26657718E-001     0.20477808E+005     0.88890327E+003     0.27610826E-001    -0.78685654E-003
     0.41894231E-001    -0.63179710E-001    -0.27957562E-001     0.20654096E+005     0.91813377E+003     0.27543069E-001    -0.78074358E-003
     0.42261724E-001    -0.68711333E-001    -0.29342560E-001     0.20836186E+005     0.94880704E+003     0.27477351E-001    -0.77306910E-003
     0.42629217E-001    -0.74516335E-001    -0.30819911E-001     0.21024362E+005     0.98102560E+003     0.27413977E-001    -0.76367488E-003
     0.42996711E-001    -0.80612627E-001    -0.32397571E-001     0.21218926E+005     0.10149014E+004     0.27353281E-001    -0.75238570E-003
     0.43364204E-001    -0.87019618E-001    -0.34084339E-001     0.21420202E+005     0.10505567E+004     0.27295633E-001    -0.73900727E-003
     0.43731697E-001    -0.93758373E-001    -0.35889972E-001     0.21628540E+005     0.10881257E+004     0.27241436E-001    -0.72332383E-003
     0.44099190E-001    -0.10085178E+000    -0.37825301E-001     0.21844312E+005     0.11277556E+004     0.27191136E-001    -0.70509550E-003
     0.44466684E-001    -0.10832475E+000    -0.39902383E-001     0.22067919E+005     0.11696079E+004     0.27145222E-001    -0.68405516E-003
     0.44834177E-001    -0.11620443E+000    -0.42134662E-001     0.22299794E+005     0.12138610E+004     0.27104237E-001    -0.65990492E-003
     0.45201670E-001    -0.12452045E+000    -0.44537164E-001     0.22540401E+005     0.12607114E+004     0.27068774E-001    -0.63231203E-003
     0.45569163E-001    -0.13330520E+000    -0.47126715E-001     0.22790244E+005     0.13103766E+004     0.27039492E-001    -0.60090420E-003
     0.45936657E-001    -0.14259415E+000    -0.49922206E-001     0.23049867E+005     0.13630976E+004     0.27017118E-001    -0.56526414E-003
     0.46304150E-001    -0.15242619E+000    -0.52944897E-001     0.23319856E+005     0.14191422E+004     0.27002454E-001    -0.52492328E-003
     0.46671643E-001    -0.16284406E+000    -0.56218773E-001     0.23600849E+005     0.14788085E+004     0.26996389E-001    -0.47935444E-003
     0.47039137E-001    -0.17389480E+000    -0.59770966E-001     0.23893541E+005     0.15424290E+004     0.26999908E-001    -0.42796327E-003
     0.47406630E-001    -0.18563025E+000    -0.63632252E-001     0.24198683E+005     0.16103759E+004     0.27014104E-001    -0.37007828E-003
     0.47774123E-001    -0.19810772E+000    -0.67837643E-001     0.24517098E+005     0.16830668E+004     0.27040188E-001    -0.30493908E-003
     0.48141616E-001    -0.21139061E+000    -0.72427084E-001     0.24849683E+005     0.17609713E+004     0.27079511E-001    -0.23168261E-003
     0.48509110E-001    -0.22554923E+000    -0.77446297E-001     0.25197419E+005     0.18446192E+004     0.27133573E-001    -0.14932680E-003
     0.48876603E-001    -0.24066173E+000    -0.82947783E-001     0.25561381E+005     0.19346099E+004     0.27204048E-001    -0.56751215E-004
     0.49244096E-001    -0.25681512E+000    -0.88992037E-001     0.25942752E+005     0.20316238E+004     0.27292806E-001     0.47325999E-004
     0.49611589E-001    -0.27410651E+000    -0.95649019E-001     0.26342832E+005     0.21364357E+004     0.27401936E-001     0.16437564E-003
     0.49979083E-001    -0.29264450E+000    -0.10299994E+000     0.26763054E+005     0.22499309E+004     0.27533779E-001     0.29609053E-003
     0.50346576E-001    -0.31255083E+000    -0.11113945E+000     0.27205004E+005     0.23731248E+004     0.27690960E-001     0.44442545E-003
     0.50714069E-001    -0.33396224E+000    -0.12017830E+000     0.27670439E+005     0.25071862E+004     0.27876429E-001     0.61164538E-003
     0.51081562E-001    -0.35703268E+000    -0.13024670E+000     0.28161309E+005     0.26534661E+004     0.28093505E-001     0.80038443E-003
     0.51449056E-001    -0.38193583E+000    -0.14149839E+000     0.28679783E+005     0.28135328E+004     0.28345933E-001     0.10137178E-002
     0.51816549E-001    -0.40886811E+000    -0.15411582E+000     0.29228283E+005     0.29892145E+004     0.28637939E-001     0.12552503E-002
     0.52184042E-001    -0.43805201E+000    -0.16831659E+000     0.29809515E+005     0.31826527E+004     0.28974308E-001     0.15292262E-002
     0.52551535E-001    -0.46974009E+000    -0.18436164E+000     0.30426513E+005     0.33963684E+004     0.29360459E-001     0.18406655E-002
     0.52919029E-001    -0.50421949E+000    -0.20256569E+000     0.31082683E+005     0.36333446E+004     0.29802547E-001     0.21955349E-002
     0.53286522E-001    -0.54181702E+000    -0.22331059E+000     0.31781858E+005     0.38971308E+004     0.30307567E-001     0.26009633E-002
     0.53654015E-001    -0.58290490E+000    -0.24706256E+000     0.32528362E+005     0.41919751E+004     0.30883481E-001     0.30655155E-002
     0.54021508E-001    -0.62790700E+000    -0.27439473E+000     0.33327075E+005     0.45229934E+004     0.31539360E-001     0.35995417E-002
     0.54389002E-001    -0.67730538E+000    -0.30601654E+000     0.34183513E+005     0.48963869E+004     0.32285540E-001     0.42156284E-002
     0.54756495E-001    -0.73164651E+000    -0.34281275E+000     0.35103912E+005     0.53197245E+004     0.33133796E-001     0.49291827E-002
     0.55123988E-001    -0.79154635E+000    -0.38589537E+000     0.36095316E+005     0.58023124E+004     0.34097517E-001     0.57591977E-002
     0.55491481E-001    -0.85769233E+000    -0.43667342E+000     0.37165660E+005     0.63556809E+004     0.35191879E-001     0.67292622E-002
     0.55858975E-001    -0.93083894E+000    -0.49694737E+000     0.38323839E+005     0.69942322E+004     0.36433979E-001     0.78689023E-002
     0.56226468E-001    -0.10117911E+001    -0.56903803E+000     0.39579730E+005     0.77361089E+004     0.37842881E-001     0.92153815E-002
     0.56593961E-001    -0.11013644E+001    -0.65596328E+000     0.40944131E+005     0.86043659E+004     0.39439478E-001     0.10816131E-001
     0.56961454E-001    -0.12003049E+001    -0.76168186E+000     0.42428524E+005     0.96285646E+004     0.41245997E-001     0.12732057E-001
     0.57328948E-001    -0.13091328E+001    -0.89142978E+000     0.44044529E+005     0.10846951E+005     0.43284851E-001     0.15042055E-001
     0.57696441E-001    -0.14278543E+001    -0.10521828E+001     0.45802769E+005     0.12309439E+005     0.45576273E-001     0.17849193E-001
     0.58063934E-001    -0.15554332E+001    -0.12532829E+001     0.47710691E+005     0.14081671E+005     0.48133773E-001     0.21289142E-001
     0.58431427E-001    -0.16888343E+001    -0.15072597E+001     0.49768502E+005     0.16250491E+005     0.50955667E-001     0.25541515E-001
     0.58798921E-001    -0.18213026E+001    -0.18308270E+001     0.51961717E+005     0.18931059E+005     0.54009559E-001     0.30844597E-001
     0.59166414E-001    -0.19392949E+001    -0.22458739E+001     0.54247699E+005     0.22275414E+005     0.57204313E-001     0.37513075E-001
     0.59533907E-001    -0.20171085E+001    -0.27798146E+001     0.56531723E+005     0.26480917E+005     0.60340225E-001     0.45955407E-001
     0.59901400E-001    -0.20078484E+001    -0.34635168E+001     0.58625592E+005     0.31793166E+005     0.63022903E-001     0.56679552E-001
     0.60268894E-001    -0.18295710E+001    -0.43224218E+001     0.60180076E+005     0.38488830E+005     0.64522802E-001     0.70256583E-001
     0.60636387E-001    -0.13485675E+001    -0.53515259E+001     0.60587997E+005     0.46804723E+005     0.63574134E-001     0.87171861E-001
     0.61003880E-001    -0.37413198E+000    -0.64593196E+001     0.58887499E+005     0.56750482E+005     0.58175672E-001     0.10743327E+000
     0.61371373E-001     0.12898502E+001    -0.73746456E+001     0.53792828E+005     0.67737696E+005     0.45660671E-001     0.12979787E+000
     0.61738867E-001     0.36576110E+001    -0.75793896E+001     0.44137390E+005     0.78110051E+005     0.23630625E-001     0.15079880E+000
     0.62106360E-001     0.62507211E+001    -0.64815208E+001     0.29938907E+005     0.85124226E+005    -0.78182014E-002     0.16472836E+000
     0.62473853E-001     0.80527487E+001    -0.39966514E+001     0.13398184E+005     0.86203820E+005    -0.44038852E-001     0.16628630E+000
     0.62841346E-001     0.82268118E+001    -0.98839080E+000    -0.18054855E+004     0.80931204E+005    -0.77370395E-001     0.15472325E+000
     0.63208840E-001     0.69535913E+001     0.13382567E+001    -0.12850377E+005     0.71427395E+005    -0.10203431E+000     0.13454400E+000
     0.63576333E-001     0.51510124E+001     0.24610018E+001    -0.19127095E+005     0.60587293E+005    -0.11687542E+000     0.11176480E+000
     0.63943826E-001     0.35722045E+001     0.26361721E+001    -0.21583568E+005     0.50438235E+005    -0.12391094E+000     0.90545123E-001
     0.64311319E-001     0.24700456E+001     0.23382661E+001    -0.21543827E+005     0.41847378E+005    -0.12588205E+000     0.72661614E-001
     0.64678813E-001     0.17918284E+001     0.19020800E+001    -0.20081175E+005     0.34942450E+005    -0.12501073E+000     0.58404152E-001
     0.65046306E-001     0.14050912E+001     0.14860432E+001    -0.17900994E+005     0.29536155E+005    -0.12278963E+000     0.47424592E-001
     0.65413799E-001     0.11961087E+001     0.11419457E+001    -0.15420407E+005     0.25363830E+005    -0.12013350E+000     0.39200569E-001
     0.65781292E-001     0.10885556E+001     0.87405567E+000    -0.12872531E+005     0.22181845E+005    -0.11757347E+000     0.33247972E-001
     0.66148786E-001     0.10362976E+001     0.67006129E+000    -0.10385762E+005     0.19796525E+005    -0.11542884E+000     0.29204329E-001
     0.66516279E-001     0.10133680E+001     0.51410265E+000    -0.80364283E+004     0.18064477E+005    -0.11394668E+000     0.26836274E-001
     0.66883772E-001     0.10067477E+001     0.39187522E+000    -0.58837431E+004     0.16881413E+005    -0.11341155E+000     0.25999835E-001
     0.67251265E-001     0.10113476E+001     0.29287580E+000    -0.39937788E+004     0.16162805E+005    -0.11423461E+000     0.26552575E-001
     0.67618759E-001     0.10260157E+001     0.21100335E+000    -0.24512223E+004     0.15813133E+005    -0.11699558E+000     0.28185003E-001
     0.67986252E-001     0.10507060E+001     0.14390172E+000    -0.13443158E+004     0.15684258E+005    -0.12232566E+000     0.30170530E-001
     0.68353745E-001     0.10846015E+001     0.91933294E-001    -0.70177513E+003     0.15550084E+005    -0.13048332E+000     0.31215835E-001
     0.68721239E-001     0.11245807E+001     0.56491279E-001    -0.40345225E+003     0.15161236E+005    -0.14076404E+000     0.29830592E-001
     0.69088732E-001     0.11652571E+001     0.37183227E-001    -0.17808972E+003     0.14391785E+005    -0.15148237E+000     0.25294244E-001
     0.69456225E-001     0.12016849E+001     0.30190657E-001     0.24401133E+003     0.13327893E+005    -0.16096650E+000     0.18240807E-001
     0.69823718E-001     0.12320115E+001     0.29898308E-001     0.97956315E+003     0.12174777E+005    -0.16854623E+000     0.10055459E-001
     0.70191212E-001     0.12573380E+001     0.31524062E-001     0.19966424E+004     0.11107102E+005    -0.17452273E+000     0.18989753E-002
     0.70558705E-001     0.12800695E+001     0.32062800E-001     0.32056434E+004     0.10211412E+005    -0.17957008E+000    -0.56650066E-002
     0.70926198E-001     0.13028362E+001     0.29816792E-001     0.45246255E+004     0.95069883E+004    -0.18430731E+000    -0.12526309E-001
     0.71293691E-001     0.13283835E+001     0.23755152E-001     0.58990182E+004     0.89812012E+004    -0.18917446E+000    -0.18791620E-001
     0.71661185E-001     0.13600082E+001     0.13332019E-001     0.72987362E+004     0.86123742E+004    -0.19445801E+000    -0.24634439E-001
     0.72028678E-001     0.14021098E+001    -0.99852124E-003     0.87102558E+004     0.83801738E+004    -0.20034806E+000    -0.30229106E-001
     0.72396171E-001     0.14602779E+001    -0.16371342E-001     0.10129945E+005     0.82691483E+004    -0.20698781E+000    -0.35730501E-001
     0.72763664E-001     0.15397435E+001    -0.25454878E-001     0.11559572E+005     0.82693411E+004    -0.21451119E+000    -0.41274945E-001
     0.73131158E-001     0.16410098E+001    -0.15808870E-001     0.13003424E+005     0.83758356E+004    -0.22307363E+000    -0.46993869E-001
     0.73498651E-001     0.17547261E+001     0.25491762E-001     0.14466394E+005     0.85878229E+004    -0.23287835E+000    -0.53042681E-001
     0.73866144E-001     0.18628943E+001     0.10249470E+000     0.15952804E+005     0.89071240E+004    -0.24419160E+000    -0.59654754E-001
     0.74233637E-001     0.19487668E+001     0.20573101E+000     0.17466515E+005     0.93359714E+004    -0.25731759E+000    -0.67227334E-001
     0.74601131E-001     0.20059465E+001     0.31756719E+000     0.19013786E+005     0.98749400E+004    -0.27247843E+000    -0.76406357E-001
     0.74968624E-001     0.20402567E+001     0.42081290E+000     0.20609213E+005     0.10524596E+005    -0.28958386E+000    -0.88042494E-001
     0.75336117E-001     0.20668039E+001     0.50577041E+000     0.22279462E+005     0.11294509E+005    -0.30807837E+000    -0.10288083E+000
     0.75703610E-001     0.21030874E+001     0.57447382E+000     0.24056688E+005     0.12214005E+005    -0.32717758E+000    -0.12116927E+000
     0.76071104E-001     0.21608077E+001     0.63847540E+000     0.25966170E+005     0.13332729E+005    -0.34640540E+000    -0.14264421E+000
     0.76438597E-001     0.22428855E+001     0.71183900E+000     0.28021991E+005     0.14713653E+005    -0.36595982E+000    -0.16697856E+000
     0.76806090E-001     0.23462350E+001     0.80592414E+000     0.30230482E+005     0.16432162E+005    -0.38664714E+000    -0.19439658E+000
     0.77173583E-001     0.24659894E+001     0.92837136E+000     0.32590057E+005     0.18583789E+005    -0.40937050E+000    -0.22611347E+000
     0.77541077E-001     0.25982499E+001     0.10850771E+001     0.35082795E+005     0.21293824E+005    -0.43446600E+000    -0.26429646E+000
     0.77908570E-001     0.27402783E+001     0.12831157E+001     0.37659094E+005     0.24725848E+005    -0.46132840E+000    -0.31172201E+000
     0.78276063E-001     0.28887008E+001     0.15328953E+001     0.40212453E+005     0.29089610E+005    -0.48824976E+000    -0.37157385E+000
     0.78643556E-001     0.30366774E+001     0.18492682E+001     0.42535975E+005     0.34643241E+005    -0.51204347E+000    -0.44739551E+000
     0.79011050E-001     0.31698060E+001     0.22517592E+001     0.44251530E+005     0.41673327E+005    -0.52722861E+000    -0.54280339E+000
     0.79378543E-001     0.32596692E+001     0.27626280E+001     0.44710465E+005     0.50417439E+005    -0.52487322E+000    -0.66040443E+000
     0.79746036E-001     0.32552570E+001     0.33985892E+001     0.42898925E+005     0.60867131E+005    -0.49165810E+000    -0.79923080E+000
     0.80113529E-001     0.30790083E+001     0.41502794E+001     0.37476512E+005     0.72387453E+005    -0.41071496E+000    -0.95013375E+000
     0.80481023E-001     0.26448992E+001     0.49526346E+001     0.27233415E+005     0.83237114E+005    -0.26744895E+000    -0.10901946E+001
     0.80848516E-001     0.19105989E+001     0.56759814E+001     0.12188843E+005     0.90542921E+005    -0.63095074E-001    -0.11826455E+001
     0.81216009E-001     0.92799325E+000     0.61775861E+001    -0.53574076E+004     0.91590897E+005     0.17215375E+000    -0.11931558E+001
     0.81583502E-001    -0.18224875E+000     0.63828345E+001    -0.21534464E+005     0.85918105E+005     0.38824468E+000    -0.11164581E+001
     0.81950996E-001    -0.13134921E+001     0.62902624E+001    -0.33350114E+005     0.75744839E+005     0.54676770E+000    -0.98181484E+000
     0.82318489E-001    -0.23877359E+001     0.59080862E+001    -0.40145472E+005     0.64130165E+005     0.63967578E+000    -0.82909833E+000
     0.82685982E-001    -0.33063504E+001     0.52545760E+001    -0.42922129E+005     0.53223073E+005     0.68045076E+000    -0.68609744E+000
     0.83053475E-001    -0.39681532E+001     0.44145414E+001    -0.43087973E+005     0.43935927E+005     0.68768486E+000    -0.56429524E+000
     0.83420969E-001    -0.43437464E+001     0.35253518E+001    -0.41780088E+005     0.36387642E+005     0.67612060E+000    -0.46475491E+000
     0.83788462E-001    -0.44893378E+001     0.26995221E+001    -0.39733851E+005     0.30363068E+005     0.65492045E+000    -0.38438448E+000
     0.84155955E-001    -0.44937422E+001     0.19815925E+001    -0.37373559E+005     0.25573842E+005     0.62912058E+000    -0.31956818E+000
     0.84523448E-001    -0.44281615E+001     0.13616889E+001    -0.34932455E+005     0.21759396E+005     0.60156478E+000    -0.26736445E+000
     0.84890942E-001    -0.43300431E+001     0.80733600E+000    -0.32536069E+005     0.18707807E+005     0.57407882E+000    -0.22542142E+000
     0.85258435E-001    -0.42083205E+001     0.28486698E+000    -0.30248366E+005     0.16252068E+005     0.54785712E+000    -0.19169859E+000
     0.85625928E-001    -0.40512712E+001    -0.23153950E+000    -0.28097444E+005     0.14262684E+005     0.52355150E+000    -0.16440957E+000
     0.85993421E-001    -0.38304361E+001    -0.75361438E+000    -0.26090937E+005     0.12640323E+005     0.50139291E+000    -0.14208903E+000
     0.86360915E-001    -0.35058469E+001    -0.12678681E+001    -0.24225285E+005     0.11309233E+005     0.48136578E+000    -0.12361334E+000
     0.86728408E-001    -0.30446053E+001    -0.17222993E+001    -0.22491242E+005     0.10211817E+005     0.46334988E+000    -0.10814986E+000
     0.87095901E-001    -0.24581803E+001    -0.20318152E+001    -0.20877096E+005     0.93043563E+004     0.44720325E+000    -0.95082850E-001
     0.87463394E-001    -0.18293990E+001    -0.21265354E+001    -0.19370510E+005     0.85536988E+004     0.43280280E+000    -0.83944907E-001
     0.87830888E-001    -0.12780188E+001    -0.20134606E+001    -0.17959553E+005     0.79347185E+004     0.42006071E+000    -0.74359878E-001
     0.88198381E-001    -0.88428645E+000    -0.17759409E+001    -0.16633172E+005     0.74283115E+004     0.40892544E+000    -0.65993054E-001
     0.88565874E-001    -0.65550586E+000    -0.15130050E+001    -0.15381176E+005     0.70198136E+004     0.39936249E+000    -0.58503497E-001
     0.88933367E-001    -0.55051413E+000    -0.12926803E+001    -0.14193651E+005     0.66980250E+004     0.39129787E+000    -0.51515886E-001
     0.89300861E-001    -0.51307807E+000    -0.11429839E+001    -0.13060191E+005     0.64553836E+004     0.38454533E+000    -0.44664082E-001
     0.89668354E-001    -0.49371899E+000    -0.10580482E+001    -0.11970131E+005     0.62892225E+004     0.37881667E+000    -0.37706338E-001
     0.90035847E-001    -0.46567596E+000    -0.10113429E+001    -0.10914351E+005     0.62025645E+004     0.37385765E+000    -0.30574869E-001
     0.90403340E-001    -0.42877718E+000    -0.97781439E+000    -0.98871358E+004     0.62034931E+004     0.36956356E+000    -0.23271324E-001
     0.90770834E-001    -0.39435676E+000    -0.94972171E+000    -0.88870651E+004     0.63044244E+004     0.36595936E+000    -0.15725961E-001
     0.91138327E-001    -0.36753964E+000    -0.93234631E+000    -0.79181226E+004     0.65224088E+004     0.36311187E+000    -0.77281134E-002
     0.91505820E-001    -0.34434801E+000    -0.93118708E+000    -0.69925532E+004     0.68798182E+004     0.36104688E+000     0.10997162E-002
     0.91873314E-001    -0.31853197E+000    -0.94728828E+000    -0.61363017E+004     0.74038363E+004     0.35964852E+000     0.11327675E-001
     0.92240807E-001    -0.28455452E+000    -0.98084092E+000    -0.53973337E+004     0.81223155E+004     0.35848400E+000     0.23708577E-001
     0.92608300E-001    -0.23350630E+000    -0.10321062E+001    -0.48556769E+004     0.90516267E+004     0.35656763E+000     0.39020730E-001
     0.92975793E-001    -0.15187324E+000    -0.10945966E+001    -0.46284165E+004     0.10170225E+005     0.35220251E+000     0.57694975E-001
     0.93343287E-001    -0.30174814E-001    -0.11502205E+001    -0.48511252E+004     0.11377801E+005     0.34303451E+000     0.79272984E-001
     0.93710780E-001     0.12743454E+000    -0.11759191E+001    -0.56140159E+004     0.12466311E+005     0.32647131E+000     0.10169590E+000
     0.94078273E-001     0.30407722E+000    -0.11548095E+001    -0.68692063E+004     0.13155545E+005     0.30097439E+000     0.12067516E+000
     0.94445766E-001     0.47701265E+000    -0.10808783E+001    -0.83831383E+004     0.13210812E+005     0.26833169E+000     0.13049838E+000
     0.94813260E-001     0.62323284E+000    -0.95994799E+000    -0.98008221E+004     0.12580375E+005     0.23468675E+000     0.12745408E+000
     0.95180753E-001     0.72602347E+000    -0.80881661E+000    -0.10813722E+005     0.11442965E+005     0.20750017E+000     0.11320915E+000
     0.95548246E-001     0.78050170E+000    -0.64945788E+000    -0.11306013E+005     0.10095245E+005     0.19078558E+000     0.93751043E-001
     0.95915739E-001     0.79370526E+000    -0.50075287E+000    -0.11344593E+005     0.87832243E+004     0.18370445E+000     0.75141719E-001
     0.96283233E-001     0.77910704E+000    -0.37254777E+000    -0.11067514E+005     0.76325876E+004     0.18275578E+000     0.60610389E-001
     0.96650726E-001     0.74909959E+000    -0.26570228E+000    -0.10599478E+005     0.66766860E+004     0.18456339E+000     0.50474736E-001
     0.97018219E-001     0.71131250E+000    -0.17692880E+000    -0.10026618E+005     0.59049219E+004     0.18723970E+000     0.43684837E-001
     0.97385712E-001     0.66979881E+000    -0.10254762E+000    -0.94022010E+004     0.52938910E+004     0.19015557E+000     0.39224267E-001
     0.97753206E-001     0.62657184E+000    -0.39029899E-001    -0.87586434E+004     0.48202219E+004     0.19318286E+000     0.36549220E-001
     0.98120699E-001     0.58169043E+000     0.16576536E-001    -0.81160842E+004     0.44639384E+004     0.19624516E+000     0.35444875E-001
     0.98488192E-001     0.53416068E+000     0.65668189E-001    -0.74873320E+004     0.42091969E+004     0.19920164E+000     0.35837533E-001
     0.98855685E-001     0.48331219E+000     0.10863052E+000    -0.68813967E+004     0.40443854E+004     0.20183043E+000     0.37699494E-001
     0.99223179E-001     0.42824587E+000     0.14607795E+000    -0.63064439E+004     0.39613368E+004     0.20381183E+000     0.40978579E-001
     0.99590672E-001     0.36632054E+000     0.17769039E+000    -0.57717799E+004     0.39534288E+004     0.20474153E+000     0.45494216E-001
     0.99958165E-001     0.29466104E+000     0.19954237E+000    -0.52879627E+004     0.40132653E+004     0.20425596E+000     0.50833123E-001
     0.10032566E+000     0.21428123E+000     0.20489492E+000    -0.48652870E+004     0.41322169E+004     0.20227391E+000     0.56413726E-001
     0.10069315E+000     0.13060122E+000     0.18911857E+000    -0.45148941E+004     0.43028615E+004     0.19907199E+000     0.61844115E-001
     0.10106064E+000     0.48305969E-001     0.15066340E+000    -0.42563330E+004     0.45170950E+004     0.19486161E+000     0.67192582E-001
     0.10142814E+000    -0.28652831E-001     0.84735486E-001    -0.41210940E+004     0.47501809E+004     0.18928542E+000     0.72575307E-001
     0.10179563E+000    -0.87126417E-001    -0.16153191E-001    -0.41320724E+004     0.49414441E+004     0.18169298E+000     0.77393994E-001
     0.10216312E+000    -0.10232191E+000    -0.14744413E+000    -0.42619814E+004     0.50054350E+004     0.17212295E+000     0.80288732E-001
     0.10253062E+000    -0.53982884E-001    -0.28270602E+000    -0.44177976E+004     0.48889399E+004     0.16183265E+000     0.80160953E-001
     0.10289811E+000     0.55940392E-001    -0.38333388E+000    -0.44924990E+004     0.46198105E+004     0.15253085E+000     0.77160429E-001
     0.10326560E+000     0.19924519E+000    -0.41777875E+000    -0.44341344E+004     0.42825593E+004     0.14521262E+000     0.72420365E-001
     0.10363310E+000     0.33206215E+000    -0.37929935E+000    -0.42562540E+004     0.39549612E+004     0.13990786E+000     0.67112889E-001
     0.10400059E+000     0.41731515E+000    -0.29080372E+000    -0.40015656E+004     0.36748218E+004     0.13613558E+000     0.61915682E-001
     0.10436808E+000     0.44261724E+000    -0.18988522E+000    -0.37072088E+004     0.34451544E+004     0.13341034E+000     0.56975040E-001
     0.10473558E+000     0.41955186E+000    -0.10801031E+000    -0.33902355E+004     0.32550754E+004     0.13157957E+000     0.52200614E-001
     0.10510307E+000     0.37028919E+000    -0.59883843E-001    -0.30523102E+004     0.30986216E+004     0.13075361E+000     0.47698625E-001
     0.10547056E+000     0.31457350E+000    -0.45836135E-001    -0.26933491E+004     0.29798753E+004     0.13089705E+000     0.43865520E-001
     0.10583806E+000     0.26503813E+000    -0.59637692E-001    -0.23192642E+004     0.29064227E+004     0.13161461E+000     0.41070646E-001
     0.10620555E+000     0.22826212E+000    -0.93717858E-001    -0.19405808E+004     0.28829732E+004     0.13230845E+000     0.39359139E-001
     0.10657304E+000     0.20651749E+000    -0.14162033E+000    -0.15685493E+004     0.29099970E+004     0.13246897E+000     0.38395368E-001
     0.10694054E+000     0.19974427E+000    -0.19980822E+000    -0.12126779E+004     0.29853602E+004     0.13191745E+000     0.37615907E-001
     0.10730803E+000     0.20877088E+000    -0.26836641E+000    -0.88061151E+003     0.31073558E+004     0.13087752E+000     0.36531672E-001
     0.10767552E+000     0.23890814E+000    -0.34898922E+000    -0.58187277E+003     0.32770406E+004     0.12976503E+000     0.34997100E-001
     0.10804302E+000     0.30152412E+000    -0.44015867E+000    -0.33417999E+003     0.34949045E+004     0.12883506E+000     0.33172147E-001
     0.10841051E+000     0.41181654E+000    -0.53121663E+000    -0.16477489E+003     0.37500524E+004     0.12806404E+000     0.31199088E-001
     0.10877800E+000     0.58183753E+000    -0.59751201E+000    -0.10003271E+003     0.40089229E+004     0.12738523E+000     0.28988136E-001
     0.10914550E+000     0.80787245E+000    -0.60060962E+000    -0.14440864E+003     0.42144920E+004     0.12695160E+000     0.26344662E-001
     0.10951299E+000     0.10562932E+001    -0.50167055E+000    -0.25885157E+003     0.43066213E+004     0.12713990E+000     0.23241719E-001
     0.10988048E+000     0.12653232E+001    -0.28971030E+000    -0.36387537E+003     0.42629907E+004     0.12832967E+000     0.19972802E-001
     0.11024798E+000     0.13761435E+001    -0.83066645E-004    -0.38427739E+003     0.41236530E+004     0.13063609E+000     0.17058383E-001
     0.11061547E+000     0.13680591E+001     0.30325750E+000    -0.29543022E+003     0.39633919E+004     0.13384389E+000     0.14961006E-001
     0.11098296E+000     0.12638220E+001     0.56455554E+000    -0.12421515E+003     0.38436965E+004     0.13761121E+000     0.13909690E-001
     0.11135046E+000     0.11078549E+001     0.76069819E+000     0.79783599E+002     0.37893250E+004     0.14166489E+000     0.13994047E-001
     0.11171795E+000     0.93693748E+000     0.90256416E+000     0.27159902E+003     0.37893032E+004     0.14577606E+000     0.15331537E-001
     0.11208544E+000     0.75843510E+000     0.10156061E+001     0.43055367E+003     0.38101209E+004     0.14960191E+000     0.18074466E-001
     0.11245294E+000     0.55167045E+000     0.11059038E+001     0.56836536E+003     0.38205694E+004     0.15264242E+000     0.22230993E-001
     0.11282043E+000     0.30602218E+000     0.11423889E+001     0.71262549E+003     0.38165765E+004     0.15443189E+000     0.27578110E-001
     0.11318792E+000     0.54524271E-001     0.10923912E+001     0.87558110E+003     0.38189457E+004     0.15463574E+000     0.33862577E-001
     0.11355542E+000    -0.15225327E+000     0.96462538E+000     0.10427734E+004     0.38455350E+004     0.15276338E+000     0.40881668E-001
     0.11392291E+000    -0.28934086E+000     0.79830167E+000     0.11909103E+004     0.38900542E+004     0.14801207E+000     0.47995238E-001
     0.11429040E+000    -0.36218680E+000     0.62969662E+000     0.13139600E+004     0.39263753E+004     0.13994754E+000     0.53673722E-001
     0.11465790E+000    -0.38891149E+000     0.47824055E+000     0.14333841E+004     0.39336010E+004     0.12942165E+000     0.56154020E-001
     0.11502539E+000    -0.38685556E+000     0.34990460E+000     0.15804120E+004     0.39182775E+004     0.11823751E+000     0.54722657E-001
     0.11539288E+000    -0.36892050E+000     0.24426624E+000     0.17684660E+004     0.39085709E+004     0.10786378E+000     0.49828603E-001
     0.11576038E+000    -0.34497359E+000     0.15726091E+000     0.19867916E+004     0.39300413E+004     0.99031330E-001     0.42148512E-001
     0.11612787E+000    -0.31990789E+000     0.80378701E-001     0.22144594E+004     0.39915724E+004     0.92238958E-001     0.32191378E-001
     0.11649536E+000    -0.28838712E+000     0.59292853E-002     0.24351098E+004     0.40871062E+004     0.87956845E-001     0.20567008E-001
     0.11686285E+000    -0.23888172E+000    -0.60936959E-001     0.26446632E+004     0.42048055E+004     0.86365561E-001     0.80495335E-002
     0.11723035E+000    -0.17121834E+000    -0.99626869E-001     0.28511492E+004     0.43383831E+004     0.87241738E-001    -0.47377539E-002
     0.11759784E+000    -0.10988223E+000    -0.92255360E-001     0.30668971E+004     0.44957944E+004     0.90193461E-001    -0.17629604E-001
     0.11796533E+000    -0.92760552E-001    -0.47311762E-001     0.32954374E+004     0.47016285E+004     0.95119569E-001    -0.30982070E-001
     0.11833283E+000    -0.14426372E+000    -0.11377127E-002     0.35165169E+004     0.49888045E+004     0.10270345E+000    -0.45323462E-001
     0.11870032E+000    -0.26302551E+000     0.80895943E-003     0.36791760E+004     0.53778278E+004     0.11456491E+000    -0.60585433E-001
     0.11906781E+000    -0.42605955E+000    -0.84440587E-001     0.37118679E+004     0.58518523E+004     0.13277061E+000    -0.75225689E-001
     0.11943531E+000    -0.58657015E+000    -0.29422493E+000     0.35526413E+004     0.63394325E+004     0.15856793E+000    -0.85696550E-001
     0.11980280E+000    -0.66603032E+000    -0.64406282E+000     0.31963217E+004     0.67248526E+004     0.19049238E+000    -0.87102017E-001
     0.12017029E+000    -0.56437063E+000    -0.10964572E+001     0.27250029E+004     0.69067256E+004     0.22329575E+000    -0.75846464E-001
     0.12053779E+000    -0.20120340E+000    -0.15368637E+001     0.22674667E+004     0.68684276E+004     0.24993395E+000    -0.52747904E-001
     0.12090528E+000     0.41630286E+000    -0.17848943E+001     0.19139647E+004     0.66748742E+004     0.26573178E+000    -0.23014475E-001
     0.12127277E+000     0.11323998E+001    -0.16776779E+001     0.16868516E+004     0.64049942E+004     0.27052045E+000     0.72252401E-002
     0.12164027E+000     0.16847649E+001    -0.12126434E+001     0.15728601E+004     0.61135704E+004     0.26714683E+000     0.34171115E-001
     0.12200776E+000     0.18898817E+001    -0.59566656E+000     0.15459301E+004     0.58342775E+004     0.25855786E+000     0.56848081E-001
     0.12237525E+000     0.17860022E+001    -0.81600919E-001     0.15736365E+004     0.55783672E+004     0.24629621E+000     0.75346135E-001
     0.12274275E+000     0.15552991E+001     0.21793274E+000     0.16349671E+004     0.53336413E+004     0.23119366E+000     0.89304096E-001
     0.12311024E+000     0.13494256E+001     0.34865100E+000     0.17336714E+004     0.50845761E+004     0.21452047E+000     0.98031698E-001
     0.12347773E+000     0.12177610E+001     0.40496217E+000     0.18862187E+004     0.48327962E+004     0.19814968E+000     0.10135767E+000
     0.12384523E+000     0.11433869E+001     0.45034459E+000     0.21023672E+004     0.45963396E+004     0.18398085E+000     0.10011055E+000
     0.12421272E+000     0.10968944E+001     0.50694905E+000     0.23769656E+004     0.43971877E+004     0.17315673E+000     0.95959724E-001
     0.12458021E+000     0.10591662E+001     0.57785181E+000     0.26932906E+004     0.42492111E+004     0.16571472E+000     0.90620859E-001
     0.12494771E+000     0.10179766E+001     0.66145916E+000     0.30337667E+004     0.41534731E+004     0.16103457E+000     0.85174574E-001
     0.12531520E+000     0.96546768E+000     0.75215217E+000     0.33895176E+004     0.41043189E+004     0.15850484E+000     0.80066983E-001
     0.12568269E+000     0.90094976E+000     0.84433809E+000     0.37594898E+004     0.41002381E+004     0.15777516E+000     0.75520641E-001
     0.12605019E+000     0.82522668E+000     0.93944500E+000     0.41406885E+004     0.41467722E+004     0.15859240E+000     0.71780744E-001
     0.12641768E+000     0.73120285E+000     0.10412496E+001     0.45234916E+004     0.42486877E+004     0.16067835E+000     0.69045221E-001
     0.12678517E+000     0.60509765E+000     0.11455687E+001     0.48979208E+004     0.44049969E+004     0.16383336E+000     0.67427357E-001
     0.12715267E+000     0.43509765E+000     0.12353496E+001     0.52585596E+004     0.46147025E+004     0.16799112E+000     0.67124546E-001
     0.12752016E+000     0.22281876E+000     0.12827374E+001     0.55987329E+004     0.48825391E+004     0.17304169E+000     0.68576623E-001
     0.12788765E+000    -0.68724434E-002     0.12626654E+001     0.59031242E+004     0.52143344E+004     0.17856125E+000     0.72400788E-001
     0.12825515E+000    -0.21320277E+000     0.11758363E+001     0.61484933E+004     0.56099796E+004     0.18365754E+000     0.79138072E-001
     0.12862264E+000    -0.37017570E+000     0.10553859E+001     0.63045264E+004     0.60599971E+004     0.18697583E+000     0.88932608E-001
     0.12899013E+000    -0.48949942E+000     0.93897806E+000     0.63345931E+004     0.65350211E+004     0.18689048E+000     0.10116272E+000
     0.12935763E+000    -0.60578628E+000     0.83442004E+000     0.62141384E+004     0.69718458E+004     0.18203666E+000     0.11414102E+000
     0.12972512E+000    -0.73998028E+000     0.71644391E+000     0.59661435E+004     0.72845348E+004     0.17216234E+000     0.12528738E+000
     0.13009261E+000    -0.88066624E+000     0.55652246E+000     0.56751648E+004     0.74124025E+004     0.15875266E+000     0.13208218E+000
     0.13046011E+000    -0.10024539E+001     0.34950924E+000     0.54499781E+004     0.73638774E+004     0.14469515E+000     0.13339790E+000
     0.13082760E+000    -0.10934947E+001     0.10658106E+000     0.53664683E+004     0.72111180E+004     0.13290902E+000     0.13021338E+000
     0.13119509E+000    -0.11584481E+001    -0.17037422E+000     0.54389432E+004     0.70480478E+004     0.12482177E+000     0.12499253E+000
     0.13156258E+000    -0.11955305E+001    -0.50383619E+000     0.56273476E+004     0.69475700E+004     0.11991707E+000     0.12010767E+000
     0.13193008E+000    -0.11644900E+001    -0.92634423E+000     0.58670805E+004     0.69373530E+004     0.11664730E+000     0.11665798E+000
     0.13229757E+000    -0.97743867E+000    -0.14329597E+001     0.61019651E+004     0.70024866E+004     0.11365442E+000     0.11451087E+000
     0.13266506E+000    -0.54399406E+000    -0.19336039E+001     0.63012864E+004     0.71027035E+004     0.11026033E+000     0.11304530E+000
     0.13303256E+000     0.14511578E+000    -0.22640790E+001     0.64678948E+004     0.71874618E+004     0.10628725E+000     0.11163047E+000
     0.13340005E+000     0.97024979E+000    -0.22758194E+001     0.66445963E+004     0.72197341E+004     0.10192175E+000     0.10978856E+000
     0.13376754E+000     0.17356268E+001    -0.19360154E+001     0.68942851E+004     0.72080840E+004     0.97512545E-001     0.10738746E+000
     0.13413504E+000     0.22813280E+001    -0.13368599E+001     0.72552111E+004     0.72056742E+004     0.93209141E-001     0.10458212E+000
     0.13450253E+000     0.25400264E+001    -0.61861952E+000     0.77225435E+004     0.72732158E+004     0.88892388E-001     0.10147144E+000
     0.13487002E+000     0.25124250E+001     0.91735127E-001     0.82646948E+004     0.74538300E+004     0.84294767E-001     0.97981625E-001
     0.13523752E+000     0.22357518E+001     0.68484420E+000     0.88398013E+004     0.77710086E+004     0.79054818E-001     0.93632580E-001
     0.13560501E+000     0.17892533E+001     0.10650584E+001     0.94030891E+004     0.82301943E+004     0.73285108E-001     0.87301412E-001
     0.13597250E+000     0.13025446E+001     0.11815443E+001     0.99145312E+004     0.88205073E+004     0.68340223E-001     0.77904669E-001
     0.13634000E+000     0.91997995E+000     0.10675890E+001     0.10343222E+005     0.95225537E+004     0.66436135E-001     0.65639824E-001
     0.13670749E+000     0.73867413E+000     0.83589019E+000     0.10661406E+005     0.10312731E+005     0.69512713E-001     0.52298773E-001
     0.13707498E+000     0.76876047E+000     0.63269492E+000     0.10841966E+005     0.11153317E+005     0.78266759E-001     0.41196605E-001
     0.13744248E+000     0.92590640E+000     0.57769718E+000     0.10875425E+005     0.11984317E+005     0.90288004E-001     0.36297350E-001
     0.13780997E+000     0.10678971E+001     0.69684190E+000     0.10791698E+005     0.12738860E+005     0.99628913E-001     0.38204115E-001
     0.13817746E+000     0.10948156E+001     0.90506777E+000     0.10662007E+005     0.13373933E+005     0.10216883E+000     0.41438682E-001
     0.13854496E+000     0.10176473E+001     0.11015945E+001     0.10577700E+005     0.13895661E+005     0.10074350E+000     0.39548348E-001
     0.13891245E+000     0.89286257E+000     0.12629948E+001     0.10615705E+005     0.14364669E+005     0.10195784E+000     0.31687217E-001
     0.13927994E+000     0.73290046E+000     0.14115843E+001     0.10809007E+005     0.14876507E+005     0.10987441E+000     0.22174331E-001
     0.13964744E+000     0.51259420E+000     0.15437523E+001     0.11139366E+005     0.15529285E+005     0.12414079E+000     0.16149387E-001
     0.14001493E+000     0.22017618E+000     0.16206011E+001     0.11553418E+005     0.16400173E+005     0.14156487E+000     0.16798180E-001
     0.14038242E+000    -0.12557371E+000     0.15979518E+001     0.11984892E+005     0.17547191E+005     0.15824338E+000     0.24605039E-001
     0.14074992E+000    -0.48480618E+000     0.14389047E+001     0.12351782E+005     0.19030118E+005     0.17137345E+000     0.38051507E-001
     0.14111741E+000    -0.78744930E+000     0.11156208E+001     0.12518030E+005     0.20905846E+005     0.17972654E+000     0.55337069E-001
     0.14148490E+000    -0.92200135E+000     0.64982138E+000     0.12272799E+005     0.23164230E+005     0.18237988E+000     0.75278435E-001
     0.14185240E+000    -0.79420255E+000     0.16769160E+000     0.11391786E+005     0.25651037E+005     0.17778961E+000     0.96151489E-001
     0.14221989E+000    -0.44101164E+000    -0.13969051E+000     0.97650973E+004     0.28073491E+005     0.16517355E+000     0.11446650E+000
     0.14258738E+000    -0.52445612E-001    -0.17206058E+000     0.74783007E+004     0.30127461E+005     0.14651055E+000     0.12633575E+000
     0.14295488E+000     0.18007760E+000    -0.23347288E-001     0.47464160E+004     0.31642756E+005     0.12585551E+000     0.13025900E+000
     0.14332237E+000     0.23191164E+000     0.11646611E+000     0.17599630E+004     0.32602184E+005     0.10633886E+000     0.12757948E+000
     0.14368986E+000     0.22732168E+000     0.14969071E+000    -0.14007156E+004     0.33018998E+005     0.88703734E-001     0.11989261E+000
     0.14405736E+000     0.27838430E+000     0.12740821E+000    -0.46762325E+004     0.32811703E+005     0.73335736E-001     0.10704678E+000
     0.14442485E+000     0.38387679E+000     0.14368574E+000    -0.78732571E+004     0.31871362E+005     0.62506775E-001     0.88864046E-001
     0.14479234E+000     0.47701700E+000     0.22588677E+000    -0.10700820E+005     0.30241026E+005     0.58800187E-001     0.67669576E-001
     0.14515984E+000     0.51578428E+000     0.33876303E+000    -0.12946839E+005     0.28134636E+005     0.62233526E-001     0.47056028E-001
     0.14552733E+000     0.50236682E+000     0.44203958E+000    -0.14552926E+005     0.25809885E+005     0.70840787E-001     0.28892496E-001
     0.14589482E+000     0.45795860E+000     0.51513046E+000    -0.15564058E+005     0.23478774E+005     0.83331109E-001     0.13173295E-001
     0.14626232E+000     0.40503534E+000     0.55505220E+000    -0.16076850E+005     0.21302782E+005     0.99780287E-001     0.26280897E-004
     0.14662981E+000     0.35889752E+000     0.56975747E+000    -0.16233400E+005     0.19390353E+005     0.12030495E+000    -0.93032439E-002
     0.14699730E+000     0.32638583E+000     0.56970136E+000    -0.16194048E+005     0.17767082E+005     0.14395253E+000    -0.13229946E-001
     0.14736479E+000     0.30985090E+000     0.56476610E+000    -0.16079191E+005     0.16387613E+005     0.16913868E+000    -0.10945921E-001
     0.14773229E+000     0.30739760E+000     0.56595092E+000    -0.15955059E+005     0.15188932E+005     0.19474912E+000    -0.19773824E-002
     0.14809978E+000     0.30812292E+000     0.58236127E+000    -0.15863367E+005     0.14109245E+005     0.21929016E+000     0.15227845E-001
     0.14846727E+000     0.29506863E+000     0.60915224E+000    -0.15822080E+005     0.13069080E+005     0.23836839E+000     0.42040855E-001
     0.14883477E+000     0.26529698E+000     0.62613454E+000    -0.15791312E+005     0.11985737E+005     0.24552777E+000     0.75184242E-001
     0.14920226E+000     0.23833383E+000     0.62296920E+000    -0.15678340E+005     0.10832205E+005     0.23872769E+000     0.10571479E+000
     0.14956975E+000     0.23129013E+000     0.61516639E+000    -0.15404647E+005     0.96624727E+004     0.22424965E+000     0.12634030E+000
     0.14993725E+000     0.23636702E+000     0.62592012E+000    -0.14959428E+005     0.85639561E+004     0.21047178E+000     0.13791152E+000
     0.15030474E+000     0.22664248E+000     0.65973916E+000    -0.14387207E+005     0.75979088E+004     0.20040044E+000     0.14580910E+000
     0.15067223E+000     0.18142409E+000     0.69256953E+000    -0.13745845E+005     0.67826637E+004     0.19248019E+000     0.15339651E+000
     0.15103973E+000     0.11093895E+000     0.68931152E+000    -0.13080256E+005     0.61088827E+004     0.18514626E+000     0.16105809E+000
     0.15140722E+000     0.52980527E-001     0.63710638E+000    -0.12418399E+005     0.55582278E+004     0.17828193E+000     0.16886478E+000
     0.15177471E+000     0.41524884E-001     0.55846042E+000    -0.11777626E+005     0.51126041E+004     0.17169384E+000     0.17791307E+000
     0.15214221E+000     0.81124798E-001     0.49240815E+000    -0.11170190E+005     0.47545834E+004     0.16375766E+000     0.18943420E+000
     0.15250970E+000     0.14754935E+000     0.46573785E+000    -0.10603630E+005     0.44658593E+004     0.15150956E+000     0.20320734E+000
     0.15287719E+000     0.20928263E+000     0.47746542E+000    -0.10079473E+005     0.42286783E+004     0.13207365E+000     0.21637614E+000
     0.15324469E+000     0.25093057E+000     0.50624054E+000    -0.95942959E+004     0.40284354E+004     0.10510462E+000     0.22370436E+000
     0.15361218E+000     0.28063329E+000     0.53117808E+000    -0.91417717E+004     0.38542253E+004     0.74572939E-001     0.22031378E+000
     0.15397967E+000     0.32046496E+000     0.54904942E+000    -0.87129467E+004     0.36992617E+004     0.47223930E-001     0.20533387E+000
     0.15434717E+000     0.38860548E+000     0.58012535E+000    -0.82981627E+004     0.35635491E+004     0.28455866E-001     0.18252759E+000
     0.15471466E+000     0.48026987E+000     0.66063162E+000    -0.78928222E+004     0.34534932E+004     0.19875764E-001     0.15744591E+000
     0.15508215E+000     0.55620102E+000     0.82029208E+000    -0.75004293E+004     0.33758301E+004     0.20002850E-001     0.13462519E+000
     0.15544965E+000     0.55312403E+000     0.10505597E+001    -0.71293319E+004     0.33324520E+004     0.25950133E-001     0.11671590E+000
     0.15581714E+000     0.42618094E+000     0.12894528E+001    -0.67888210E+004     0.33203003E+004     0.34479587E-001     0.10460010E+000
     0.15618463E+000     0.19206842E+000     0.14576228E+001    -0.64884358E+004     0.33316245E+004     0.42717640E-001     0.97595279E-001
     0.15655213E+000    -0.85698431E-001     0.15166227E+001    -0.62357756E+004     0.33511855E+004     0.48783083E-001     0.93906877E-001
     0.15691962E+000    -0.34880439E+000     0.14793367E+001    -0.60283974E+004     0.33561818E+004     0.52108018E-001     0.91292421E-001
     0.15728711E+000    -0.57072148E+000     0.13814322E+001    -0.58464861E+004     0.33273103E+004     0.53464588E-001     0.87811702E-001
     0.15765461E+000    -0.75630547E+000     0.12539288E+001    -0.56610047E+004     0.32642951E+004     0.54487798E-001     0.82600254E-001
     0.15802210E+000    -0.92647759E+000     0.11026157E+001    -0.54533444E+004     0.31858987E+004     0.56696071E-001     0.76048646E-001
     0.15838959E+000    -0.10901029E+001     0.90472772E+000    -0.52243125E+004     0.31131857E+004     0.60850987E-001     0.69218167E-001
     0.15875709E+000    -0.12217542E+001     0.62932262E+000    -0.49856623E+004     0.30552570E+004     0.66952600E-001     0.63256537E-001
     0.15912458E+000    -0.12600263E+001     0.27185524E+000    -0.47459945E+004     0.30084738E+004     0.74373760E-001     0.59072029E-001
     0.15949207E+000    -0.11397158E+001    -0.11356992E+000    -0.45033417E+004     0.29664333E+004     0.82078098E-001     0.57003474E-001
     0.15985957E+000    -0.85001573E+000    -0.42502319E+000    -0.42496776E+004     0.29302854E+004     0.89118179E-001     0.56689771E-001
     0.16022706E+000    -0.45710966E+000    -0.57663883E+000    -0.39809464E+004     0.29091719E+004     0.95032792E-001     0.57404642E-001
     0.16059455E+000    -0.60525525E-001    -0.54961858E+000    -0.37009685E+004     0.29126743E+004     0.99796221E-001     0.58451926E-001
     0.16096205E+000     0.26583303E+000    -0.38249150E+000    -0.34173317E+004     0.29455010E+004     0.10362763E+000     0.59268209E-001
     0.16132954E+000     0.48916286E+000    -0.12555602E+000    -0.31366732E+004     0.30087439E+004     0.10694700E+000     0.59419024E-001
     0.16169703E+000     0.59235282E+000     0.17713377E+000    -0.28647826E+004     0.31031312E+004     0.11036917E+000     0.58692214E-001
     0.16206453E+000     0.57123487E+000     0.47208739E+000    -0.26089742E+004     0.32288372E+004     0.11458731E+000     0.57212135E-001
     0.16243202E+000     0.45553413E+000     0.71027287E+000    -0.23782046E+004     0.33832747E+004     0.12020473E+000     0.55458264E-001
     0.16279951E+000     0.28927418E+000     0.87854350E+000    -0.21819274E+004     0.35595819E+004     0.12759118E+000     0.54240958E-001
     0.16316700E+000     0.95178381E-001     0.98512468E+000    -0.20278168E+004     0.37443930E+004     0.13667017E+000     0.54662704E-001
     0.16353450E+000    -0.11853491E+000     0.10280359E+001    -0.19150946E+004     0.39176662E+004     0.14659683E+000     0.57868920E-001
     0.16390199E+000    -0.33299241E+000     0.99727399E+000    -0.18286964E+004     0.40611561E+004     0.15562840E+000     0.64367315E-001
     0.16426948E+000    -0.51833196E+000     0.89528553E+000    -0.17442705E+004     0.41692564E+004     0.16180229E+000     0.73228706E-001
     0.16463698E+000    -0.64948158E+000     0.74026215E+000    -0.16387849E+004     0.42508189E+004     0.16425164E+000     0.82274934E-001
     0.16500447E+000    -0.71097838E+000     0.55816849E+000    -0.14970228E+004     0.43244981E+004     0.16370799E+000     0.89338647E-001
     0.16537196E+000    -0.69840676E+000     0.38215983E+000    -0.13137676E+004     0.44133612E+004     0.16186512E+000     0.93147453E-001
     0.16573946E+000    -0.62761055E+000     0.24598301E+000    -0.10929382E+004     0.45405837E+004     0.16070224E+000     0.93398772E-001
     0.16610695E+000    -0.53130742E+000     0.16596681E+000    -0.84636096E+003     0.47283455E+004     0.16214623E+000     0.90624330E-001
     0.16647444E+000    -0.43974019E+000     0.13551096E+000    -0.59590925E+003     0.49961851E+004     0.16792423E+000     0.86089852E-001
     0.16684194E+000    -0.36799359E+000     0.13857703E+000    -0.37439289E+003     0.53545048E+004     0.17945321E+000     0.81957546E-001
     0.16720943E+000    -0.32288326E+000     0.16358582E+000    -0.21994280E+003     0.57972269E+004     0.19711925E+000     0.81568750E-001
     0.16757692E+000    -0.31557193E+000     0.19791606E+000    -0.16526490E+003     0.63004102E+004     0.21905047E+000     0.88681825E-001
     0.16794442E+000    -0.35320920E+000     0.21228911E+000    -0.22962571E+003     0.68292311E+004     0.24099127E+000     0.10553690E+000
     0.16831191E+000    -0.41468477E+000     0.16855473E+000    -0.41941529E+003     0.73454692E+004     0.25786703E+000     0.13137990E+000
     0.16867940E+000    -0.44762947E+000     0.50167286E-001    -0.72954792E+003     0.78071025E+004     0.26603571E+000     0.16252235E+000
     0.16904690E+000    -0.39094544E+000    -0.11690027E+000    -0.11339886E+004     0.81685429E+004     0.26498528E+000     0.19409226E+000
     0.16941439E+000    -0.20629994E+000    -0.26045122E+000    -0.15746956E+004     0.84003331E+004     0.25710062E+000     0.22262937E+000
     0.16978188E+000     0.85013025E-001    -0.28096784E+000    -0.19800770E+004     0.85213550E+004     0.24549491E+000     0.24740857E+000
     0.17014938E+000     0.38319763E+000    -0.10562192E+000    -0.23139761E+004     0.85980344E+004     0.23195801E+000     0.26959925E+000
     0.17051687E+000     0.54675789E+000     0.24872204E+000    -0.26002602E+004     0.86970658E+004     0.21645766E+000     0.29049718E+000
     0.17088436E+000     0.47624146E+000     0.66445080E+000    -0.28973007E+004     0.88441236E+004     0.19793200E+000     0.31032402E+000
     0.17125186E+000     0.17533280E+000     0.98566073E+000    -0.32603977E+004     0.90210098E+004     0.17546234E+000     0.32790331E+000
     0.17161935E+000    -0.25775066E+000     0.10966474E+001    -0.37219744E+004     0.91812328E+004     0.14939166E+000     0.34119318E+000
     0.17198684E+000    -0.67895332E+000     0.96619241E+000    -0.42819668E+004     0.92661906E+004     0.12181554E+000     0.34864116E+000
     0.17235434E+000    -0.96159241E+000     0.65792201E+000    -0.49054398E+004     0.92270345E+004     0.95684308E-001     0.35074368E+000
     0.17272183E+000    -0.10581382E+001     0.28936768E+000    -0.55389489E+004     0.90452007E+004     0.72546691E-001     0.35026559E+000
     0.17308932E+000    -0.10008183E+001    -0.46052210E-001    -0.61365002E+004     0.87309605E+004     0.50854682E-001     0.35004146E+000
     0.17345682E+000    -0.84165926E+000    -0.31017905E+000    -0.66698892E+004     0.83047974E+004     0.27208532E-001     0.34998287E+000
     0.17382431E+000    -0.61579781E+000    -0.48904835E+000    -0.71209054E+004     0.77840083E+004    -0.10083311E-003     0.34671567E+000
     0.17419180E+000    -0.35533676E+000    -0.56672745E+000    -0.74695958E+004     0.71839003E+004    -0.29066284E-001     0.33660264E+000
     0.17455930E+000    -0.10668103E+000    -0.53724913E+000    -0.76925706E+004     0.65293901E+004    -0.55553652E-001     0.31877241E+000
     0.17492679E+000     0.82312835E-001    -0.42275058E+000    -0.77763288E+004     0.58607332E+004    -0.76231851E-001     0.29523065E+000
     0.17529428E+000     0.18377146E+000    -0.26850754E+000    -0.77291627E+004     0.52215677E+004    -0.89833465E-001     0.26898476E+000
     0.17566178E+000     0.20018668E+000    -0.12697854E+000    -0.75762304E+004     0.46434334E+004    -0.96598592E-001     0.24264350E+000
     0.17602927E+000     0.16429850E+000    -0.36045652E-001    -0.73473428E+004     0.41422322E+004    -0.97514169E-001     0.21815589E+000
     0.17639676E+000     0.11946702E+000    -0.31259016E-002    -0.70699488E+004     0.37224146E+004    -0.94018937E-001     0.19686069E+000
     0.17676426E+000     0.99170613E-001    -0.10526677E-001    -0.67671284E+004     0.33812032E+004    -0.87852220E-001     0.17939076E+000
     0.17713175E+000     0.11688300E+000    -0.26278664E-001    -0.64573949E+004     0.31109892E+004    -0.80750546E-001     0.16550221E+000
     0.17749924E+000     0.15948732E+000    -0.20435813E-001    -0.61540362E+004     0.29007098E+004    -0.73887072E-001     0.15410055E+000
     0.17786673E+000     0.19857568E+000     0.13200813E-001    -0.58641438E+004     0.27381896E+004    -0.67338920E-001     0.14381987E+000
     0.17823423E+000     0.21837341E+000     0.58169901E-001    -0.55894442E+004     0.26136207E+004    -0.60267825E-001     0.13395929E+000
     0.17860172E+000     0.22267967E+000     0.10062433E+000    -0.53299298E+004     0.25215337E+004    -0.51847550E-001     0.12480561E+000
     0.17896921E+000     0.21598507E+000     0.13856756E+000    -0.50875105E+004     0.24589403E+004    -0.41851512E-001     0.11703125E+000
     0.17933671E+000     0.19627384E+000     0.16767618E+000    -0.48661707E+004     0.24216692E+004    -0.30391918E-001     0.11116643E+000
     0.17970420E+000     0.16811267E+000     0.17639630E+000    -0.46693071E+004     0.24028562E+004    -0.17584778E-001     0.10771670E+000
     0.18007169E+000     0.14817256E+000     0.15952347E+000    -0.44977044E+004     0.23939831E+004    -0.36776637E-002     0.10741258E+000
     0.18043919E+000     0.15316129E+000     0.12681732E+000    -0.43485992E+004     0.23862819E+004     0.10654634E-001     0.11112283E+000
     0.18080668E+000     0.18940162E+000     0.96467770E-001    -0.42151725E+004     0.23729804E+004     0.24224926E-001     0.11960297E+000
     0.18117417E+000     0.25120970E+000     0.88001025E-001    -0.40881878E+004     0.23521655E+004     0.35284197E-001     0.13332163E+000
     0.18154167E+000     0.31872998E+000     0.11416107E+000    -0.39600021E+004     0.23276232E+004     0.41404531E-001     0.15208044E+000
     0.18190916E+000     0.36663172E+000     0.16617030E+000    -0.38280948E+004     0.23058421E+004     0.39700131E-001     0.17432335E+000
     0.18227665E+000     0.39043579E+000     0.21577213E+000    -0.36944560E+004     0.22913810E+004     0.27707168E-001     0.19650528E+000
     0.18264415E+000     0.41635792E+000     0.24799579E+000    -0.35617930E+004     0.22854762E+004     0.49187861E-002     0.21308369E+000
     0.18301164E+000     0.47021151E+000     0.28434948E+000    -0.34315651E+004     0.22881470E+004    -0.25413016E-001     0.21780001E+000
     0.18337913E+000     0.54380258E+000     0.36245692E+000    -0.33048011E+004     0.22996060E+004    -0.55458608E-001     0.20689503E+000
     0.18374663E+000     0.59769552E+000     0.49956706E+000    -0.31827195E+004     0.23199377E+004    -0.75587946E-001     0.18311419E+000
     0.18411412E+000     0.58992827E+000     0.67691632E+000    -0.30664048E+004     0.23490028E+004    -0.80699223E-001     0.15548472E+000
     0.18448161E+000     0.50278745E+000     0.85146779E+000    -0.29569616E+004     0.23870043E+004    -0.73245466E-001     0.13321602E+000
     0.18484911E+000     0.34984768E+000     0.98139622E+000    -0.28565460E+004     0.24343957E+004    -0.59894501E-001     0.12082256E+000
     0.18521660E+000     0.16172426E+000     0.10441399E+001    -0.27688699E+004     0.24903548E+004    -0.47351103E-001     0.11799591E+000
     0.18558409E+000    -0.30738431E-001     0.10337596E+001    -0.26976678E+004     0.25512517E+004    -0.40234276E-001     0.12116322E+000
     0.18595159E+000    -0.19611648E+000     0.95266314E+000    -0.26445289E+004     0.26114467E+004    -0.39944395E-001     0.12525023E+000
     0.18631908E+000    -0.29904272E+000     0.82079237E+000    -0.26088338E+004     0.26648355E+004    -0.44570682E-001     0.12593472E+000
     0.18668657E+000    -0.32173644E+000     0.68547875E+000    -0.25878086E+004     0.27047660E+004    -0.50399534E-001     0.12145282E+000
     0.18705407E+000    -0.28969000E+000     0.59456732E+000    -0.25749546E+004     0.27245388E+004    -0.54149439E-001     0.11266679E+000
     0.18742156E+000    -0.25113166E+000     0.55564716E+000    -0.25586901E+004     0.27203515E+004    -0.54173846E-001     0.10167685E+000
     0.18778905E+000    -0.23157096E+000     0.54293443E+000    -0.25242423E+004     0.26961393E+004    -0.50287223E-001     0.90485426E-001
     0.18815655E+000    -0.22880090E+000     0.53507214E+000    -0.24606789E+004     0.26658095E+004    -0.42992047E-001     0.80451104E-001
     0.18852404E+000    -0.23680588E+000     0.52389811E+000    -0.23679585E+004     0.26478430E+004    -0.32878358E-001     0.72504150E-001
     0.18889153E+000    -0.25076843E+000     0.50203237E+000    -0.22565213E+004     0.26563539E+004    -0.20711290E-001     0.67552771E-001
     0.18925903E+000    -0.25889705E+000     0.46347912E+000    -0.21408447E+004     0.26965289E+004    -0.78672733E-002     0.66223181E-001
     0.18962652E+000    -0.24493468E+000     0.41311097E+000    -0.20331835E+004     0.27662425E+004     0.39726898E-002     0.68066960E-001
     0.18999401E+000    -0.19838823E+000     0.36678871E+000    -0.19414652E+004     0.28605036E+004     0.14025404E-001     0.71506913E-001
     0.19036151E+000    -0.11668892E+000     0.34589152E+000    -0.18708216E+004     0.29745403E+004     0.23150240E-001     0.75151309E-001
     0.19072900E+000    -0.78976526E-002     0.38151895E+000    -0.18259315E+004     0.31041544E+004     0.32874810E-001     0.79237924E-001
     0.19109649E+000     0.86719191E-001     0.51112889E+000    -0.18122209E+004     0.32442453E+004     0.43550985E-001     0.85346663E-001
     0.19146399E+000     0.75212977E-001     0.73287054E+000    -0.18352607E+004     0.33869292E+004     0.53860212E-001     0.94579246E-001
     0.19183148E+000    -0.13001618E+000     0.94079135E+000    -0.18987639E+004     0.35205563E+004     0.62259496E-001     0.10643578E+000
     0.19219897E+000    -0.48764882E+000     0.95611601E+000    -0.20020794E+004     0.36298409E+004     0.68438606E-001     0.11971235E+000
     0.19256647E+000    -0.79753346E+000     0.69374170E+000    -0.21366017E+004     0.36972423E+004     0.72981059E-001     0.13398310E+000
     0.19293396E+000    -0.86314845E+000     0.27061218E+000    -0.22818416E+004     0.37089404E+004     0.76118772E-001     0.14973351E+000
     0.19330145E+000    -0.65868279E+000    -0.10295198E+000    -0.24086323E+004     0.36658375E+004     0.77284361E-001     0.16758925E+000
     0.19366894E+000    -0.29744771E+000    -0.29887533E+000    -0.24935948E+004     0.35884790E+004     0.75207767E-001     0.18782041E+000
     0.19403644E+000     0.10118714E+000    -0.30069243E+000    -0.25328138E+004     0.35063765E+004     0.68082874E-001     0.20977630E+000
     0.19440393E+000     0.46091949E+000    -0.13441844E+000    -0.25403879E+004     0.34409463E+004     0.54380935E-001     0.23138905E+000
     0.19477142E+000     0.72808783E+000     0.16404330E+000    -0.25353487E+004     0.33983326E+004     0.33981029E-001     0.24955064E+000
     0.19513892E+000     0.86558639E+000     0.54570850E+000    -0.25315235E+004     0.33748014E+004     0.87166851E-002     0.26128092E+000
     0.19550641E+000     0.85957768E+000     0.95573109E+000    -0.25373662E+004     0.33642314E+004    -0.17959823E-001     0.26505329E+000
     0.19587390E+000     0.71485772E+000     0.13435713E+001    -0.25596691E+004     0.33588368E+004    -0.42298298E-001     0.26175250E+000
     0.19624140E+000     0.45033542E+000     0.16641487E+001    -0.26018370E+004     0.33459986E+004    -0.62127435E-001     0.25426970E+000
     0.19660889E+000     0.99333291E-001     0.18789509E+001    -0.26576568E+004     0.33111517E+004    -0.77729086E-001     0.24567385E+000
     0.19697638E+000    -0.28455750E+000     0.19633933E+001    -0.27117385E+004     0.32471915E+004    -0.90940672E-001     0.23749468E+000
     0.19734388E+000    -0.63705315E+000     0.19314013E+001    -0.27484868E+004     0.31585064E+004    -0.10346673E+000     0.22943801E+000
     0.19771137E+000    -0.92551823E+000     0.18353912E+001    -0.27589002E+004     0.30564924E+004    -0.11582597E+000     0.22034735E+000
     0.19807886E+000    -0.11654518E+001     0.17195947E+001    -0.27414821E+004     0.29541258E+004    -0.12742263E+000     0.20934462E+000
     0.19844636E+000    -0.13856973E+001     0.15905248E+001    -0.27013678E+004     0.28626639E+004    -0.13728892E+000     0.19634285E+000
     0.19881385E+000    -0.15956630E+001     0.14308595E+001    -0.26491975E+004     0.27882521E+004    -0.14474381E+000     0.18176956E+000
     0.19918134E+000    -0.17789565E+001     0.12257827E+001    -0.25969688E+004     0.27280741E+004    -0.14931115E+000     0.16599392E+000
     0.19954884E+000    -0.19072487E+001     0.98244703E+000    -0.25499065E+004     0.26710370E+004    -0.15014949E+000     0.14953893E+000
     0.19991633E+000    -0.19617194E+001     0.73013327E+000    -0.25014775E+004     0.26066877E+004    -0.14645342E+000     0.13386976E+000
     0.20028382E+000    -0.19435479E+001     0.51003049E+000    -0.24391034E+004     0.25349261E+004    -0.13855190E+000     0.12108718E+000
     0.20065132E+000    -0.18845069E+001     0.36480819E+000    -0.23552952E+004     0.24656926E+004    -0.12799381E+000     0.11272585E+000
     0.20101881E+000    -0.18520491E+001     0.30937772E+000    -0.22521568E+004     0.24101522E+004    -0.11666443E+000     0.10929556E+000
     0.20138630E+000    -0.19182826E+001     0.29911345E+000    -0.21371783E+004     0.23740822E+004    -0.10626094E+000     0.11061582E+000
     0.20175380E+000    -0.21066746E+001     0.23919251E+000    -0.20176851E+004     0.23574979E+004    -0.98277665E-001     0.11612170E+000
     0.20212129E+000    -0.23669563E+001     0.36168424E-001    -0.18977917E+004     0.23570414E+004    -0.94158854E-001     0.12487599E+000
     0.20248878E+000    -0.25989053E+001    -0.35522167E+000    -0.17772465E+004     0.23691363E+004    -0.95284755E-001     0.13521627E+000
     0.20285628E+000    -0.26867219E+001    -0.92154966E+000    -0.16526493E+004     0.23935640E+004    -0.10225047E+000     0.14436134E+000
     0.20322377E+000    -0.25199433E+001    -0.15842964E+001    -0.15214917E+004     0.24349975E+004    -0.11363045E+000     0.14912370E+000
     0.20359126E+000    -0.20336860E+001    -0.21905978E+001    -0.13857814E+004     0.25003865E+004    -0.12599233E+000     0.14778143E+000
     0.20395876E+000    -0.12710000E+001    -0.25426281E+001    -0.12516505E+004     0.25949721E+004    -0.13545447E+000     0.14106522E+000
     0.20432625E+000    -0.41528430E+000    -0.24907213E+001    -0.11265923E+004     0.27212961E+004    -0.13907906E+000     0.13189902E+000
     0.20469374E+000     0.27521271E+000    -0.20414822E+001    -0.10187651E+004     0.28806162E+004    -0.13596951E+000     0.12479100E+000
     0.20506124E+000     0.60977440E+000    -0.13695899E+001    -0.93836697E+003     0.30726373E+004    -0.12816063E+000     0.12449692E+000
     0.20542873E+000     0.55091950E+000    -0.71055216E+000    -0.89763604E+003     0.32932651E+004    -0.12045515E+000     0.13434748E+000
     0.20579622E+000     0.18546747E+000    -0.26175371E+000    -0.90901203E+003     0.35327698E+004    -0.11988757E+000     0.15495605E+000
     0.20616372E+000    -0.31342824E+000    -0.15212096E+000    -0.98229495E+003     0.37745075E+004    -0.13453287E+000     0.18206423E+000
     0.20653121E+000    -0.70807631E+000    -0.38904063E+000    -0.11193013E+004     0.39949757E+004    -0.16915505E+000     0.20516004E+000
     0.20689870E+000    -0.80187176E+000    -0.80751033E+000    -0.13074009E+004     0.41701389E+004    -0.21998799E+000     0.21133653E+000
     0.20726620E+000    -0.57346132E+000    -0.11500704E+001    -0.15212995E+004     0.42882161E+004    -0.27507641E+000     0.19286217E+000
     0.20763369E+000    -0.18269911E+000    -0.12326172E+001    -0.17373699E+004     0.43561374E+004    -0.32061983E+000     0.15122481E+000
     0.20800118E+000     0.15006841E+000    -0.10369416E+001    -0.19474369E+004     0.43897349E+004    -0.34716957E+000     0.95102497E-001
     0.20836868E+000     0.26757143E+000    -0.68308051E+000    -0.21568924E+004     0.43970328E+004    -0.35217426E+000     0.35775053E-001
     0.20873617E+000     0.12977561E+000    -0.34599286E+000    -0.23696904E+004     0.43726532E+004    -0.33950862E+000    -0.17375444E-001
     0.20910366E+000    -0.18816660E+000    -0.17657960E+000    -0.25780325E+004     0.43084548E+004    -0.31634793E+000    -0.60152993E-001
     0.20947115E+000    -0.53957562E+000    -0.23297319E+000    -0.27680643E+004     0.42053840E+004    -0.28860056E+000    -0.93465100E-001
     0.20983865E+000    -0.79948508E+000    -0.46185777E+000    -0.29306263E+004     0.40718136E+004    -0.25857079E+000    -0.11996280E+000
     0.21020614E+000    -0.93223356E+000    -0.77206381E+000    -0.30616497E+004     0.39153592E+004    -0.22618312E+000    -0.14105272E+000
     0.21057363E+000    -0.95267242E+000    -0.11185425E+001    -0.31562546E+004     0.37426160E+004    -0.19117106E+000    -0.15660873E+000
     0.21094113E+000    -0.84713735E+000    -0.14863518E+001    -0.32094761E+004     0.35643891E+004    -0.15377117E+000    -0.16589445E+000
     0.21130862E+000    -0.58373490E+000    -0.18130964E+001    -0.32219173E+004     0.33951517E+004    -0.11468228E+000    -0.16795525E+000
     0.21167611E+000    -0.20486712E+000    -0.19957801E+001    -0.32010719E+004     0.32479270E+004    -0.75085112E-001    -0.16177518E+000
     0.21204361E+000     0.16290066E+000    -0.20047995E+001    -0.31589151E+004     0.31313036E+004    -0.36701350E-001    -0.14631594E+000
     0.21241110E+000     0.42925626E+000    -0.19237110E+001    -0.31095955E+004     0.30483826E+004    -0.23783812E-002    -0.12064648E+000
     0.21277859E+000     0.60674333E+000    -0.18496229E+001    -0.30669338E+004     0.29965156E+004     0.23503110E-001    -0.85518445E-001
     0.21314609E+000     0.75096223E+000    -0.18213188E+001    -0.30425664E+004     0.29683876E+004     0.37185284E-001    -0.44959356E-001
     0.21351358E+000     0.90970687E+000    -0.18422653E+001    -0.30451555E+004     0.29524898E+004     0.38462968E-001    -0.45478309E-002
     0.21388107E+000     0.11316316E+001    -0.18984477E+001    -0.30779475E+004     0.29330866E+004     0.30242981E-001     0.32201443E-001
     0.21424857E+000     0.14626786E+001    -0.19387382E+001    -0.31350288E+004     0.28935109E+004     0.15364099E-001     0.64816104E-001
     0.21461606E+000     0.19067289E+001    -0.18722575E+001    -0.32015433E+004     0.28231886E+004    -0.52532671E-002     0.94002575E-001
     0.21498355E+000     0.23933083E+001    -0.16114602E+001    -0.32600631E+004     0.27224463E+004    -0.32330278E-001     0.11975860E+000
     0.21535105E+000     0.27944457E+001    -0.11340681E+001    -0.32984170E+004     0.26008621E+004    -0.67118490E-001     0.14031039E+000
     0.21571854E+000     0.29893084E+001    -0.51272109E+000    -0.33135646E+004     0.24706168E+004    -0.10961619E+000     0.15178036E+000
     0.21608603E+000     0.29319400E+001     0.11597952E+000    -0.33090767E+004     0.23397435E+004    -0.15651960E+000     0.14975743E+000
     0.21645353E+000     0.26732265E+001     0.62187670E+000    -0.32889658E+004     0.22106123E+004    -0.20163011E+000     0.13250881E+000
     0.21682102E+000     0.23267675E+001     0.94410159E+000    -0.32542383E+004     0.20837340E+004    -0.23880481E+000     0.10203862E+000
     0.21718851E+000     0.20002468E+001     0.11073320E+001    -0.32045082E+004     0.19611658E+004    -0.26364860E+000     0.62852865E-001
     0.21755601E+000     0.17465047E+001     0.11831771E+001    -0.31405500E+004     0.18462312E+004    -0.27430821E+000     0.21210389E-001
     0.21792350E+000     0.15592976E+001     0.12399838E+001    -0.30648021E+004     0.17419150E+004    -0.27273927E+000    -0.16537829E-001
     0.21829099E+000     0.14009736E+001     0.13105270E+001    -0.29808041E+004     0.16498993E+004    -0.26392126E+000    -0.46785768E-001
     0.21865849E+000     0.12383233E+001     0.13933388E+001    -0.28922986E+004     0.15699964E+004    -0.25311364E+000    -0.69709840E-001
     0.21902598E+000     0.10540801E+001     0.14777055E+001    -0.28018859E+004     0.15003266E+004    -0.24352046E+000    -0.88180346E-001
     0.21939347E+000     0.82925349E+000     0.15519967E+001    -0.27102287E+004     0.14386023E+004    -0.23533303E+000    -0.10553580E+000
     0.21976097E+000     0.54205827E+000     0.15782811E+001    -0.26164794E+004     0.13834427E+004    -0.22675208E+000    -0.12337511E+000
     0.22012846E+000     0.21312151E+000     0.14873069E+001    -0.25192438E+004     0.13349664E+004    -0.21628600E+000    -0.14127113E+000
     0.22049595E+000    -0.68957253E-001     0.12403429E+001    -0.24176123E+004     0.12948365E+004    -0.20373133E+000    -0.15845755E+000
     0.22086345E+000    -0.20654942E+000     0.88137982E+000    -0.23121901E+004     0.12656923E+004    -0.18914571E+000    -0.17488390E+000
     0.22123094E+000    -0.15871062E+000     0.50392183E+000    -0.22055790E+004     0.12498569E+004    -0.17189094E+000    -0.19062399E+000
     0.22159843E+000     0.58598782E-001     0.19705133E+000    -0.21017845E+004     0.12479600E+004    -0.15088489E+000    -0.20496429E+000
     0.22196593E+000     0.39567309E+000     0.26277357E-001    -0.20047919E+004     0.12582982E+004    -0.12538610E+000    -0.21613190E+000
     0.22233342E+000     0.78349445E+000     0.27495725E-001    -0.19170146E+004     0.12773145E+004    -0.95691464E-001    -0.22164392E+000
     0.22270091E+000     0.11507172E+001     0.20524462E+000    -0.18383699E+004     0.13010687E+004    -0.63492378E-001    -0.21890353E+000
     0.22306841E+000     0.14332843E+001     0.54529754E+000    -0.17667039E+004     0.13271467E+004    -0.32025872E-001    -0.20581685E+000
     0.22343590E+000     0.15631075E+001     0.10187898E+001    -0.16996647E+004     0.13555959E+004    -0.62865437E-002    -0.18170189E+000
     0.22380339E+000     0.14669239E+001     0.15566179E+001    -0.16364799E+004     0.13879989E+004     0.75826465E-002    -0.14922515E+000
     0.22417088E+000     0.11120492E+001     0.20303534E+001    -0.15782178E+004     0.14258794E+004     0.55873184E-002    -0.11557419E+000
     0.22453838E+000     0.56131073E+000     0.23009633E+001    -0.15272626E+004     0.14698217E+004    -0.10559414E-001    -0.89598821E-001
     0.22490587E+000    -0.50783509E-001     0.23010513E+001    -0.14868760E+004     0.15187759E+004    -0.33848881E-001    -0.76903963E-001
     0.22527336E+000    -0.59459931E+000     0.20474608E+001    -0.14600672E+004     0.15691568E+004    -0.56089645E-001    -0.77251080E-001
     0.22564086E+000    -0.97670814E+000     0.15991897E+001    -0.14473142E+004     0.16151171E+004    -0.72160001E-001    -0.86129125E-001
     0.22600835E+000    -0.11304856E+001     0.10375440E+001    -0.14450809E+004     0.16512161E+004    -0.81122961E-001    -0.98514720E-001
     0.22637584E+000    -0.10197708E+001     0.47110087E+000    -0.14475332E+004     0.16754103E+004    -0.84274820E-001    -0.11137239E+000
     0.22674334E+000    -0.66324393E+000     0.27058491E-001    -0.14497790E+004     0.16889251E+004    -0.82727673E-001    -0.12330576E+000
     0.22711083E+000    -0.14980091E+000    -0.18654383E+000    -0.14487509E+004     0.16940138E+004    -0.77255304E-001    -0.13274488E+000
     0.22747832E+000     0.38392557E+000    -0.12723400E+000    -0.14422149E+004     0.16932700E+004    -0.69933992E-001    -0.13815027E+000
     0.22784582E+000     0.80319106E+000     0.16911005E+000    -0.14290245E+004     0.16901298E+004    -0.63541860E-001    -0.14004872E+000
     0.22821331E+000     0.10138161E+001     0.60205336E+000    -0.14100266E+004     0.16879144E+004    -0.59078612E-001    -0.14054614E+000
     0.22858080E+000     0.99479813E+000     0.10377781E+001    -0.13871604E+004     0.16882774E+004    -0.55706911E-001    -0.14080475E+000
     0.22894830E+000     0.80613483E+000     0.13601365E+001    -0.13616454E+004     0.16915406E+004    -0.52915026E-001    -0.14038800E+000
     0.22931579E+000     0.56127011E+000     0.15176476E+001    -0.13337330E+004     0.16982936E+004    -0.51608747E-001    -0.13891701E+000
     0.22968328E+000     0.37426960E+000     0.15431281E+001    -0.13038429E+004     0.17100473E+004    -0.52946671E-001    -0.13747464E+000
     0.23005078E+000     0.30534429E+000     0.15355014E+001    -0.12734257E+004     0.17287055E+004    -0.56731334E-001    -0.13792843E+000
     0.23041827E+000     0.32722962E+000     0.16106605E+001    -0.12451095E+004     0.17558727E+004    -0.61638294E-001    -0.14136003E+000
     0.23078576E+000     0.32789971E+000     0.18352335E+001    -0.12227090E+004     0.17924054E+004    -0.66423155E-001    -0.14811342E+000
     0.23115326E+000     0.16461528E+000     0.21682951E+001    -0.12114710E+004     0.18376403E+004    -0.69556928E-001    -0.15856682E+000
     0.23152075E+000    -0.24045281E+000     0.24600737E+001    -0.12175882E+004     0.18875533E+004    -0.68434065E-001    -0.17207763E+000
     0.23188824E+000    -0.83000151E+000     0.25343718E+001    -0.12451663E+004     0.19332278E+004    -0.60904231E-001    -0.18537910E+000
     0.23225574E+000    -0.14338832E+001     0.23007086E+001    -0.12918371E+004     0.19630510E+004    -0.48190722E-001    -0.19367905E+000
     0.23262323E+000    -0.18710699E+001     0.18033175E+001    -0.13478703E+004     0.19686283E+004    -0.35341328E-001    -0.19456147E+000
     0.23299072E+000    -0.20361433E+001     0.11719484E+001    -0.14006972E+004     0.19491401E+004    -0.27467915E-001    -0.19050769E+000
     0.23335822E+000    -0.19057829E+001     0.55096999E+000    -0.14405741E+004     0.19104933E+004    -0.25707592E-001    -0.18652673E+000
     0.23372571E+000    -0.15132559E+001     0.74168702E-001    -0.14631881E+004     0.18614989E+004    -0.27623256E-001    -0.18594384E+000
     0.23409320E+000    -0.94693576E+000    -0.13790254E+000    -0.14694036E+004     0.18102718E+004    -0.30296446E-001    -0.18925023E+000
     0.23446070E+000    -0.36645660E+000    -0.65855944E-002    -0.14633144E+004     0.17616679E+004    -0.31974943E-001    -0.19557962E+000
     0.23482819E+000     0.16544168E-001     0.43866287E+000    -0.14490556E+004     0.17165887E+004    -0.31824043E-001    -0.20389068E+000
     0.23519568E+000     0.36271166E-001     0.10180884E+001    -0.14282846E+004     0.16740024E+004    -0.29558333E-001    -0.21318047E+000
     0.23556318E+000    -0.30752648E+000     0.14721699E+001    -0.14005834E+004     0.16338331E+004    -0.25317536E-001    -0.22268608E+000
     0.23593067E+000    -0.83921324E+000     0.16191566E+001    -0.13657055E+004     0.15976670E+004    -0.19306812E-001    -0.23196907E+000
     0.23629816E+000    -0.13340429E+001     0.14517155E+001    -0.13247110E+004     0.15674569E+004    -0.11636680E-001    -0.24060229E+000
     0.23666566E+000    -0.16551644E+001     0.10891875E+001    -0.12795641E+004     0.15445072E+004    -0.26074782E-002    -0.24802675E+000
     0.23703315E+000    -0.17838769E+001     0.66148434E+000    -0.12325914E+004     0.15292103E+004     0.71046218E-002    -0.25382765E+000
     0.23740064E+000    -0.17599595E+001     0.23921830E+000    -0.11860105E+004     0.15209264E+004     0.16599384E-001    -0.25804519E+000
     0.23776814E+000    -0.16128382E+001    -0.16072937E+000    -0.11412791E+004     0.15181916E+004     0.25120637E-001    -0.26131606E+000
     0.23813563E+000    -0.13344672E+001    -0.52669313E+000    -0.10988407E+004     0.15194435E+004     0.32534887E-001    -0.26465785E+000
     0.23850312E+000    -0.90574800E+000    -0.80974260E+000    -0.10585032E+004     0.15235182E+004     0.39445186E-001    -0.26879911E+000
     0.23887062E+000    -0.34556058E+000    -0.92724545E+000    -0.10197636E+004     0.15296569E+004     0.46553429E-001    -0.27373230E+000
     0.23923811E+000     0.26546903E+000    -0.80753473E+000    -0.98185426E+003     0.15375738E+004     0.54011344E-001    -0.27917113E+000
     0.23960560E+000     0.80783781E+000    -0.43785792E+000    -0.94403745E+003     0.15477672E+004     0.61659870E-001    -0.28527536E+000
     0.23997309E+000     0.11758844E+001     0.12489496E+000    -0.90640684E+003     0.15614041E+004     0.69770170E-001    -0.29263259E+000
     0.24034059E+000     0.13133011E+001     0.78640485E+000    -0.87028672E+003     0.15792158E+004     0.79256436E-001    -0.30155372E+000
     0.24070808E+000     0.12109803E+001     0.14485799E+001    -0.83715125E+003     0.16005026E+004     0.91089862E-001    -0.31166957E+000
     0.24107557E+000     0.89806816E+000     0.20221288E+001    -0.80715805E+003     0.16239421E+004     0.10581796E+000    -0.32237376E+000
     0.24144307E+000     0.44021111E+000     0.24421532E+001    -0.77955140E+003     0.16493693E+004     0.12396407E+000    -0.33333844E+000
     0.24181056E+000    -0.79922111E-001     0.26889625E+001    -0.75464354E+003     0.16779400E+004     0.14676652E+000    -0.34410172E+000
     0.24217805E+000    -0.59462571E+000     0.27851840E+001    -0.73484385E+003     0.17101862E+004     0.17604151E+000    -0.35283946E+000
     0.24254555E+000    -0.10674818E+001     0.27746609E+001    -0.72335989E+003     0.17438893E+004     0.21260766E+000    -0.35561931E+000
     0.24291304E+000    -0.14964082E+001     0.27015992E+001    -0.72129920E+003     0.17738329E+004     0.25434283E+000    -0.34750181E+000
     0.24328053E+000    -0.19057985E+001     0.25872403E+001    -0.72531546E+003     0.17943142E+004     0.29583370E+000    -0.32499508E+000
     0.24364803E+000    -0.23175012E+001     0.24176752E+001    -0.72821676E+003     0.18030547E+004     0.32979003E+000    -0.28789843E+000
     0.24401552E+000    -0.27247432E+001     0.21655716E+001    -0.72270351E+003     0.18032487E+004     0.34893430E+000    -0.24010025E+000
     0.24438301E+000    -0.31040800E+001     0.18172340E+001    -0.70522524E+003     0.18018847E+004     0.34846401E+000    -0.18971490E+000
     0.24475051E+000    -0.34340410E+001     0.13610854E+001    -0.67697109E+003     0.18061348E+004     0.32914765E+000    -0.14719902E+000
     0.24511800E+000    -0.36701924E+001     0.77424199E+000    -0.64224112E+003     0.18208951E+004     0.29830209E+000    -0.12052066E+000
     0.24548549E+000    -0.37198862E+001     0.65602810E-001    -0.60650030E+003     0.18483778E+004     0.26576039E+000    -0.11085098E+000
     0.24585299E+000    -0.34883259E+001    -0.66868481E+000    -0.57543960E+003     0.18885341E+004     0.23787110E+000    -0.11394110E+000
     0.24622048E+000    -0.29630288E+001    -0.12638079E+001    -0.55467791E+003     0.19390514E+004     0.21627232E+000    -0.12555150E+000
     0.24658797E+000    -0.22455237E+001    -0.15686131E+001    -0.54895521E+003     0.19947078E+004     0.20158004E+000    -0.14389409E+000
     0.24695547E+000    -0.15160740E+001    -0.15178493E+001    -0.55991109E+003     0.20472478E+004     0.19585714E+000    -0.16742046E+000
     0.24732296E+000    -0.96505006E+000    -0.11680311E+001    -0.58339359E+003     0.20877702E+004     0.20120410E+000    -0.19251671E+000
     0.24769045E+000    -0.70637052E+000    -0.68211700E+000    -0.60951824E+003     0.21116893E+004     0.21735203E+000    -0.21423481E+000
     0.24805795E+000    -0.72218790E+000    -0.24671132E+000    -0.62746465E+003     0.21224224E+004     0.24146669E+000    -0.22863529E+000
     0.24842544E+000    -0.89157768E+000     0.24742781E-001    -0.63181477E+003     0.21296001E+004     0.26984351E+000    -0.23371939E+000
     0.24879293E+000    -0.10748854E+001     0.12942351E+000    -0.62481734E+003     0.21430528E+004     0.29879987E+000    -0.22851956E+000
     0.24916043E+000    -0.11876491E+001     0.14400780E+000    -0.61336930E+003     0.21680055E+004     0.32380269E+000    -0.21268689E+000
     0.24952792E+000    -0.12268242E+001     0.15947853E+000    -0.60445002E+003     0.22045761E+004     0.33877705E+000    -0.18811424E+000
     0.24989541E+000    -0.12435371E+001     0.22441587E+000    -0.60268922E+003     0.22501838E+004     0.33795057E+000    -0.16130048E+000
     0.25026291E+000    -0.12893414E+001     0.33424413E+000    -0.61062568E+003     0.23018692E+004     0.32010550E+000    -0.14326308E+000
     0.25063040E+000    -0.13868249E+001     0.46353357E+000    -0.63001540E+003     0.23570147E+004     0.29187335E+000    -0.14552291E+000
     0.25099789E+000    -0.15416112E+001     0.59495190E+000    -0.66274092E+003     0.24127378E+004     0.26720924E+000    -0.17440656E+000
     0.25136539E+000    -0.17647982E+001     0.71770257E+000    -0.71060772E+003     0.24646058E+004     0.26306303E+000    -0.22668413E+000
     0.25173288E+000    -0.20775052E+001     0.80683118E+000    -0.77343083E+003     0.25057986E+004     0.29252505E+000    -0.28869408E+000
     0.25210037E+000    -0.24882905E+001     0.80644035E+000    -0.84617246E+003     0.25287454E+004     0.35827973E+000    -0.34094945E+000
     0.25246787E+000    -0.29555069E+001     0.64756866E+000    -0.91833516E+003     0.25297947E+004     0.45185724E+000    -0.36676896E+000
     0.25283536E+000    -0.33865868E+001     0.30533040E+000    -0.97829334E+003     0.25134371E+004     0.55982023E+000    -0.35709014E+000
     0.25320285E+000    -0.36994031E+001    -0.17276075E+000    -0.10202227E+004     0.24912033E+004     0.66835260E+000    -0.30815710E+000
     0.25357035E+000    -0.38729597E+001    -0.71246857E+000    -0.10476108E+004     0.24751506E+004     0.76226533E+000    -0.22013070E+000
     0.25393784E+000    -0.39284055E+001    -0.12692274E+001    -0.10704747E+004     0.24711819E+004     0.82569871E+000    -0.10012388E+000
     0.25430533E+000    -0.38830894E+001    -0.18327035E+001    -0.10989216E+004     0.24769116E+004     0.84758287E+000     0.37079697E-001
     0.25467283E+000    -0.37337852E+001    -0.23978447E+001    -0.11377529E+004     0.24848211E+004     0.82556968E+000     0.17411948E+000
     0.25504032E+000    -0.34711575E+001    -0.29463462E+001    -0.11855691E+004     0.24877873E+004     0.76378681E+000     0.29640036E+000
     0.25540781E+000    -0.30943287E+001    -0.34524973E+001    -0.12380100E+004     0.24824168E+004     0.66905298E+000     0.39186312E+000
     0.25577530E+000    -0.26079103E+001    -0.38919173E+001    -0.12910319E+004     0.24685114E+004     0.55215340E+000     0.44912053E+000
     0.25614280E+000    -0.20175818E+001    -0.42365469E+001    -0.13417755E+004     0.24475204E+004     0.43061455E+000     0.46114773E+000
     0.25651029E+000    -0.13391572E+001    -0.44495788E+001    -0.13888685E+004     0.24220166E+004     0.32505491E+000     0.43161935E+000
     0.25687778E+000    -0.60908152E+000    -0.44947664E+001    -0.14332900E+004     0.23945785E+004     0.25031858E+000     0.37533634E+000
     0.25724528E+000     0.11777319E+000    -0.43504272E+001    -0.14777375E+004     0.23655640E+004     0.20958376E+000     0.31119551E+000
     0.25761277E+000     0.77597245E+000    -0.40164048E+001    -0.15238538E+004     0.23323995E+004     0.19572043E+000     0.25378934E+000
     0.25798026E+000     0.12964574E+001    -0.35203988E+001    -0.15700440E+004     0.22918112E+004     0.19733035E+000     0.20912338E+000
     0.25834776E+000     0.16223590E+001    -0.29248067E+001    -0.16122738E+004     0.22429101E+004     0.20504454E+000     0.17540749E+000
     0.25871525E+000     0.17330019E+001    -0.23177754E+001    -0.16470450E+004     0.21881553E+004     0.21515888E+000     0.14723918E+000
     0.25908274E+000     0.16545017E+001    -0.17856263E+001    -0.16737157E+004     0.21315128E+004     0.22942399E+000     0.12047493E+000
     0.25945024E+000     0.14478592E+001    -0.13877264E+001    -0.16943547E+004     0.20757566E+004     0.25198604E+000     0.95086934E-001
     0.25981773E+000     0.11885747E+001    -0.11465781E+001    -0.17117526E+004     0.20210966E+004     0.28585566E+000     0.75230754E-001
     0.26018522E+000     0.94805932E+000    -0.10483850E+001    -0.17273290E+004     0.19657736E+004     0.33027937E+000     0.67346356E-001
     0.26055272E+000     0.77777583E+000    -0.10511426E+001    -0.17403321E+004     0.19078956E+004     0.37982561E+000     0.76688432E-001
     0.26092021E+000     0.70019931E+000    -0.10996502E+001    -0.17487357E+004     0.18470471E+004     0.42686347E+000     0.10391515E+000
     0.26128770E+000     0.70964161E+000    -0.11410131E+001    -0.17508538E+004     0.17844582E+004     0.46602594E+000     0.14557620E+000
     0.26165520E+000     0.77893591E+000    -0.11353339E+001    -0.17461971E+004     0.17219821E+004     0.49551108E+000     0.19803844E+000
     0.26202269E+000     0.86810665E+000    -0.10619783E+001    -0.17351846E+004     0.16611287E+004     0.51454885E+000     0.25960108E+000
     0.26239018E+000     0.93375243E+000    -0.92186425E+000    -0.17184805E+004     0.16028848E+004     0.52144598E+000     0.32937847E+000
     0.26275768E+000     0.93722760E+000    -0.73708428E+000    -0.16967221E+004     0.15480087E+004     0.51369500E+000     0.40614650E+000
     0.26312517E+000     0.85423381E+000    -0.55041067E+000    -0.16706262E+004     0.14971965E+004     0.48787219E+000     0.48814781E+000
     0.26349266E+000     0.68996049E+000    -0.41786386E+000    -0.16410826E+004     0.14509988E+004     0.43893705E+000     0.57167144E+000
     0.26386016E+000     0.48801623E+000    -0.38456481E+000    -0.16090861E+004     0.14097076E+004     0.36188879E+000     0.64808629E+000
     0.26422765E+000     0.31405052E+000    -0.45654473E+000    -0.15756151E+004     0.13733377E+004     0.25724831E+000     0.70333561E+000
     0.26459514E+000     0.22029076E+000    -0.59598007E+000    -0.15415347E+004     0.13416623E+004     0.13601204E+000     0.72395029E+000
     0.26496264E+000     0.22032101E+000    -0.74611258E+000    -0.15075006E+004     0.13142783E+004     0.16579394E-001     0.70647347E+000
     0.26533013E+000     0.29309133E+000    -0.86323770E+000    -0.14738985E+004     0.12907577E+004    -0.86258799E-001     0.65979418E+000
     0.26569762E+000     0.40584969E+000    -0.93034046E+000    -0.14409236E+004     0.12708144E+004    -0.16854163E+000     0.59647608E+000
     0.26606512E+000     0.53331900E+000    -0.95061890E+000    -0.14087275E+004     0.12543522E+004    -0.23306767E+000     0.52364293E+000
     0.26643261E+000     0.66465704E+000    -0.93402515E+000    -0.13775150E+004     0.12414642E+004    -0.28150067E+000     0.44287075E+000
     0.26680010E+000     0.80044938E+000    -0.88471475E+000    -0.13476964E+004     0.12324657E+004    -0.31195119E+000     0.35541007E+000
     0.26716760E+000     0.94147137E+000    -0.79435414E+000    -0.13201809E+004     0.12277714E+004    -0.32158787E+000     0.26529928E+000
     0.26753509E+000     0.10753679E+001    -0.64733616E+000    -0.12965683E+004     0.12274375E+004    -0.30952880E+000     0.17887755E+000
     0.26790258E+000     0.11724742E+001    -0.43590971E+000    -0.12789017E+004     0.12305379E+004    -0.27796728E+000     0.10283990E+000
     0.26827008E+000     0.11954538E+001    -0.17426894E+000    -0.12689011E+004     0.12348028E+004    -0.23178615E+000     0.42414517E-001
     0.26863757E+000     0.11178124E+001     0.98340282E-001    -0.12669989E+004     0.12369281E+004    -0.17733497E+000     0.32786754E-003
     0.26900506E+000     0.94094440E+000     0.32981763E+000    -0.12717814E+004     0.12335792E+004    -0.12111855E+000    -0.23350489E-001
     0.26937256E+000     0.69726680E+000     0.47802422E+000    -0.12802998E+004     0.12225828E+004    -0.68750148E-001    -0.30905696E-001
     0.26974005E+000     0.43443657E+000     0.52889021E+000    -0.12891314E+004     0.12035617E+004    -0.23966242E-001    -0.26314328E-001
     0.27010754E+000     0.19218877E+000     0.49540430E+000    -0.12954827E+004     0.11776519E+004     0.11906515E-001    -0.13808432E-001
     0.27047503E+000    -0.86948416E-002     0.40063947E+000    -0.12976716E+004     0.11466971E+004     0.39025377E-001     0.35916955E-002
     0.27084253E+000    -0.15954550E+000     0.26372852E+000    -0.12950006E+004     0.11125771E+004     0.57383565E-001     0.23908393E-001
     0.27121002E+000    -0.25324877E+000     0.10059824E+000    -0.12874391E+004     0.10768820E+004     0.66490538E-001     0.44762496E-001
     0.27157751E+000    -0.28414934E+000    -0.68524970E-001    -0.12753098E+004     0.10407969E+004     0.66646315E-001     0.62645484E-001
     0.27194501E+000    -0.25599166E+000    -0.21878898E+000    -0.12590114E+004     0.10051759E+004     0.60303115E-001     0.73862411E-001
     0.27231250E+000    -0.18550892E+000    -0.32944284E+000    -0.12389485E+004     0.97075462E+003     0.52038877E-001     0.76445389E-001
     0.27267999E+000    -0.96841075E-001    -0.39172468E+000    -0.12156839E+004     0.93821141E+003     0.46895577E-001     0.71429150E-001
     0.27304749E+000    -0.13290029E-001    -0.40994547E+000    -0.11899928E+004     0.90798397E+003     0.48333839E-001     0.62441666E-001
     0.27341498E+000     0.48949583E-001    -0.39876480E+000    -0.11626638E+004     0.88013117E+003     0.57198970E-001     0.54143778E-001
     0.27378247E+000     0.86028000E-001    -0.37752115E+000    -0.11342692E+004     0.85443550E+003     0.71905752E-001     0.50709414E-001
     0.27414997E+000     0.10661197E+000    -0.35997357E+000    -0.11051129E+004     0.83061795E+003     0.89160343E-001     0.54986266E-001
     0.27451746E+000     0.12205872E+000    -0.34733962E+000    -0.10753307E+004     0.80848023E+003     0.10453494E+000     0.68035888E-001
     0.27488495E+000     0.13554158E+000    -0.33381167E+000    -0.10450184E+004     0.78791602E+003     0.11320614E+000     0.88470220E-001
     0.27525245E+000     0.14239004E+000    -0.31763119E+000    -0.10142846E+004     0.76883886E+003     0.11153909E+000     0.11216802E+000
     0.27561994E+000     0.13882571E+000    -0.30510331E+000    -0.98320609E+003     0.75113056E+003     0.98773601E-001     0.13345188E+000
     0.27598743E+000     0.12917875E+000    -0.30579050E+000    -0.95176062E+003     0.73468482E+003     0.77306113E-001     0.14720822E+000
     0.27635493E+000     0.12639148E+000    -0.32387125E+000    -0.91984254E+003     0.71952286E+003     0.51545317E-001     0.15037442E+000
     0.27672242E+000     0.14513740E+000    -0.35187887E+000    -0.88741087E+003     0.70586535E+003     0.26515582E-001     0.14226464E+000
     0.27708991E+000     0.19197949E+000    -0.37210238E+000    -0.85467826E+003     0.69403170E+003     0.69217260E-002     0.12429551E+000
     0.27745741E+000     0.25978412E+000    -0.36500232E+000    -0.82215121E+003     0.68418969E+003    -0.34371382E-002     0.99730238E-001
     0.27782490E+000     0.32959056E+000    -0.31889251E+000    -0.79044995E+003     0.67615090E+003    -0.24532609E-002     0.73485901E-001
     0.27819239E+000     0.37820272E+000    -0.23591462E+000    -0.76003897E+003     0.66936000E+003     0.91726713E-002     0.51270543E-001
     0.27855989E+000     0.38793663E+000    -0.13173175E+000    -0.73102770E+003     0.66305302E+003     0.27536626E-001     0.37584516E-001
     0.27892738E+000     0.35379210E+000    -0.28660840E-001    -0.70310133E+003     0.65649048E+003     0.46956628E-001     0.33702462E-001
     0.27929487E+000     0.28365631E+000     0.54141149E-001    -0.67559055E+003     0.64919679E+003     0.62597844E-001     0.37337763E-001
     0.27966237E+000     0.19159315E+000     0.10683342E+000    -0.64768299E+003     0.64112418E+003     0.72488488E-001     0.44323216E-001
     0.28002986E+000     0.90358275E-001     0.12749627E+000    -0.61869863E+003     0.63263961E+003     0.77653877E-001     0.51115211E-001
     0.28039735E+000    -0.10451680E-001     0.11706564E+000    -0.58827136E+003     0.62434047E+003     0.80428488E-001     0.56442112E-001
     0.28076485E+000    -0.10205374E+000     0.77541966E-001    -0.55635792E+003     0.61683585E+003     0.82285872E-001     0.61010351E-001
     0.28113234E+000    -0.17608880E+000     0.13516852E-001    -0.52313435E+003     0.61061282E+003     0.82954056E-001     0.65710480E-001
     0.28149983E+000    -0.22660187E+000    -0.68008056E-001    -0.48888060E+003     0.60600652E+003     0.81407399E-001     0.70100788E-001
     0.28186733E+000    -0.25021084E+000    -0.15971235E+000    -0.45391230E+003     0.60322392E+003     0.77517200E-001     0.72524084E-001
     0.28223482E+000    -0.24448499E+000    -0.25423778E+000    -0.41855361E+003     0.60236315E+003     0.72735220E-001     0.71488917E-001
     0.28260231E+000    -0.20800005E+000    -0.34265448E+000    -0.38311027E+003     0.60341384E+003     0.69346676E-001     0.66933646E-001
     0.28296981E+000    -0.14231877E+000    -0.41428383E+000    -0.34782267E+003     0.60626632E+003     0.69056739E-001     0.60331636E-001
     0.28333730E+000    -0.53278011E-001    -0.45839991E+000    -0.31281713E+003     0.61075562E+003     0.72145526E-001     0.53643122E-001
     0.28370479E+000     0.48976714E-001    -0.46602654E+000    -0.27808872E+003     0.61673897E+003     0.77845702E-001     0.48152810E-001
     0.28407229E+000     0.15026435E+000    -0.43163666E+000    -0.24354040E+003     0.62417640E+003     0.85367638E-001     0.44235371E-001
     0.28443978E+000     0.23331807E+000    -0.35527370E+000    -0.20906961E+003     0.63316803E+003     0.94478710E-001     0.42014901E-001
     0.28480727E+000     0.27999181E+000    -0.24455929E+000    -0.17465367E+003     0.64392557E+003     0.10523252E+000     0.42068709E-001
     0.28517477E+000     0.27485192E+000    -0.11603608E+000    -0.14039039E+003     0.65670790E+003     0.11727520E+000     0.45556290E-001
     0.28554226E+000     0.21055613E+000     0.53481788E-002    -0.10649936E+003     0.67176351E+003     0.12929098E+000     0.53756043E-001
     0.28590975E+000     0.93640467E-001     0.91053098E-001    -0.73311269E+002     0.68928761E+003     0.13889975E+000     0.67278218E-001
     0.28627724E+000    -0.53719788E-001     0.11844782E+000    -0.41252372E+002     0.70937840E+003     0.14312586E+000     0.85275450E-001
     0.28664474E+000    -0.19972888E+000     0.80428299E-001    -0.10809370E+002     0.73198636E+003     0.13940689E+000     0.10501892E+000
     0.28701223E+000    -0.31489573E+000    -0.11576952E-001     0.17542459E+002     0.75687083E+003     0.12687234E+000     0.12221441E+000
     0.28737972E+000    -0.38281633E+000    -0.13393721E+000     0.43452594E+002     0.78359557E+003     0.10731559E+000     0.13224478E+000
     0.28774722E+000    -0.40301234E+000    -0.26254820E+000     0.66825016E+002     0.81160566E+003     0.85114389E-001     0.13200629E+000
     0.28811471E+000    -0.38456742E+000    -0.38176898E+000     0.87894158E+002     0.84040491E+003     0.65793893E-001     0.12131299E+000
     0.28848220E+000    -0.33704068E+000    -0.48448728E+000     0.10716647E+003     0.86978030E+003     0.54050308E-001     0.10289140E+000
     0.28884970E+000    -0.26735521E+000    -0.56634510E+000     0.12521607E+003     0.89996391E+003     0.52503626E-001     0.81233723E-001
     0.28921719E+000    -0.18296585E+000    -0.62302667E+000     0.14240511E+003     0.93165228E+003     0.61404520E-001     0.61351370E-001
     0.28958468E+000    -0.93608090E-001    -0.65311986E+000     0.15862068E+003     0.96586685E+003     0.78746848E-001     0.47771055E-001
     0.28995218E+000    -0.79362858E-002    -0.66037831E+000     0.17311304E+003     0.10036852E+004     0.10067908E+000     0.43577325E-001
     0.29031967E+000     0.70219204E-001    -0.65097014E+000     0.18449312E+003     0.10459236E+004     0.12240324E+000     0.49665297E-001
     0.29068716E+000     0.14100719E+000    -0.62891527E+000     0.19087218E+003     0.10928738E+004     0.13939115E+000     0.64576410E-001
     0.29105466E+000     0.20455105E+000    -0.59489636E+000     0.19006016E+003     0.11441377E+004     0.14849043E+000     0.85006713E-001
     0.29142215E+000     0.25855072E+000    -0.54884956E+000     0.17975669E+003     0.11985166E+004     0.14858364E+000     0.10679404E+000
     0.29178964E+000     0.29938788E+000    -0.49266367E+000     0.15775332E+003     0.12538787E+004     0.14062325E+000     0.12609401E+000
     0.29215714E+000     0.32454962E+000    -0.43022255E+000     0.12226067E+003     0.13069800E+004     0.12696910E+000     0.14036847E+000
     0.29252463E+000     0.33332954E+000    -0.36548157E+000     0.72519435E+002     0.13533692E+004     0.11024582E+000     0.14867002E+000
     0.29289212E+000     0.32520153E+000    -0.30154459E+000     0.96911578E+001     0.13877416E+004     0.92479947E-001     0.15099823E+000
     0.29325962E+000     0.29861173E+000    -0.24250556E+000    -0.62440466E+002     0.14050857E+004     0.75228140E-001     0.14741389E+000
     0.29362711E+000     0.25314616E+000    -0.19571410E+000    -0.13774340E+003     0.14023489E+004     0.60331348E-001     0.13794369E+000
     0.29399460E+000     0.19358556E+000    -0.17028581E+000    -0.20923207E+003     0.13795993E+004     0.50205581E-001     0.12333909E+000
     0.29436210E+000     0.13076174E+000    -0.17182093E+000    -0.27095217E+003     0.13398465E+004     0.47188535E-001     0.10582568E+000
     0.29472959E+000     0.77121037E-001    -0.19847172E+000    -0.31911988E+003     0.12877933E+004     0.52319696E-001     0.89071865E-001
     0.29509708E+000     0.41013894E-001    -0.24245503E+000    -0.35219491E+003     0.12284846E+004     0.64352710E-001     0.77105686E-001
     0.29546458E+000     0.25009639E-001    -0.29506557E+000    -0.37036885E+003     0.11664608E+004     0.79860523E-001     0.72654273E-001
     0.29583207E+000     0.28607666E-001    -0.34990954E+000    -0.37497573E+003     0.11053942E+004     0.94551352E-001     0.76016343E-001
     0.29619956E+000     0.51152436E-001    -0.40219766E+000    -0.36799947E+003     0.10479964E+004     0.10492354E+000     0.85161580E-001
     0.29656706E+000     0.91913676E-001    -0.44669003E+000    -0.35169554E+003     0.99607729E+003     0.10933297E+000     0.96778752E-001
     0.29693455E+000     0.14837061E+000    -0.47737595E+000    -0.32833879E+003     0.95068332E+003     0.10816204E+000     0.10758217E+000
     0.29730204E+000     0.21530141E+000    -0.48905059E+000    -0.30008089E+003     0.91224090E+003     0.10326100E+000     0.11531913E+000
     0.29766954E+000     0.28560032E+000    -0.47891223E+000    -0.26886138E+003     0.88066799E+003     0.97048305E-001     0.11920270E+000
     0.29803703E+000     0.35169420E+000    -0.44693087E+000    -0.23633072E+003     0.85547019E+003     0.91659845E-001     0.11978653E+000
     0.29840452E+000     0.40632079E+000    -0.39555756E+000    -0.20378056E+003     0.83584592E+003     0.88389221E-001     0.11846693E+000
     0.29877202E+000     0.44299967E+000    -0.32991752E+000    -0.17209265E+003     0.82081275E+003     0.87528334E-001     0.11684070E+000
     0.29913951E+000     0.45748714E+000    -0.25820361E+000    -0.14172514E+003     0.80935773E+003     0.88592441E-001     0.11617833E+000
     0.29950700E+000     0.45019518E+000    -0.19048985E+000    -0.11276252E+003     0.80059738E+003     0.90733010E-001     0.11721227E+000
     0.29987450E+000     0.42731317E+000    -0.13513633E+000    -0.85045145E+002     0.79390485E+003     0.93062478E-001     0.12022099E+000
     0.30024199E+000     0.39846540E+000    -0.94904833E-001    -0.58353891E+002     0.78894711E+003     0.94759263E-001     0.12519957E+000
     0.30060948E+000     0.37190279E+000    -0.66123709E-001    -0.32578265E+002     0.78560240E+003     0.95039848E-001     0.13192859E+000
     0.30097698E+000     0.35078006E+000    -0.41687711E-001    -0.77847572E+001     0.78379409E+003     0.93167916E-001     0.13992747E+000
     0.30134447E+000     0.33287650E+000    -0.15383550E-001     0.15848677E+002     0.78333309E+003     0.88573097E-001     0.14841606E+000
     0.30171196E+000     0.31306161E+000     0.15348509E-001     0.38187278E+002     0.78386197E+003     0.81006632E-001     0.15638606E+000
     0.30207945E+000     0.28631002E+000     0.49149272E-001     0.59281629E+002     0.78493328E+003     0.70628146E-001     0.16276436E+000
     0.30244695E+000     0.24962338E+000     0.82137649E-001     0.79403692E+002     0.78616632E+003     0.57991291E-001     0.16658799E+000
     0.30281444E+000     0.20250627E+000     0.10960842E+000     0.98960936E+002     0.78737641E+003     0.43960351E-001     0.16713241E+000
     0.30318193E+000     0.14660332E+000     0.12718532E+000     0.11835786E+003     0.78860475E+003     0.29612490E-001     0.16397885E+000
     0.30354943E+000     0.85212263E-001     0.13141141E+000     0.13789149E+003     0.79005918E+003     0.16168611E-001     0.15706255E+000
     0.30391692E+000     0.22951421E-001     0.12016439E+000     0.15771769E+003     0.79202782E+003     0.49124057E-002     0.14676861E+000
     0.30428441E+000    -0.34600677E-001     0.93252354E-001     0.17786762E+003     0.79481977E+003    -0.30113818E-002     0.13403791E+000
     0.30465191E+000    -0.81814887E-001     0.53132682E-001     0.19826815E+003     0.79874606E+003    -0.69217915E-002     0.12032209E+000
     0.30501940E+000    -0.11470994E+000     0.49698029E-002     0.21873433E+003     0.80411275E+003    -0.68771188E-002     0.10729978E+000
     0.30538689E+000    -0.13258320E+000    -0.44787409E-001     0.23894436E+003     0.81118529E+003    -0.37357844E-002     0.96457522E-001
     0.30575439E+000    -0.13812427E+000    -0.90858418E-001     0.25844203E+003     0.82011548E+003     0.10116469E-002     0.88689154E-001
     0.30612188E+000    -0.13560788E+000    -0.13090742E+000     0.27669801E+003     0.83087273E+003     0.56083623E-002     0.83990237E-001
     0.30648937E+000    -0.12849088E+000    -0.16533168E+000     0.29320553E+003     0.84323030E+003     0.86054033E-002     0.81367639E-001
     0.30685687E+000    -0.11820404E+000    -0.19548791E+000     0.30755371E+003     0.85681070E+003     0.94858115E-002     0.79198592E-001
     0.30722436E+000    -0.10469435E+000    -0.22195914E+000     0.31944785E+003     0.87114397E+003     0.88754431E-002     0.76040977E-001
     0.30759185E+000    -0.87826717E-001    -0.24403019E+000     0.32870223E+003     0.88569357E+003     0.80317531E-002     0.71361249E-001
     0.30795935E+000    -0.68441244E-001    -0.26031563E+000     0.33525571E+003     0.89985381E+003     0.79825980E-002     0.65577339E-001
     0.30832684E+000    -0.48559419E-001    -0.26976493E+000     0.33922742E+003     0.91296955E+003     0.90376110E-002     0.59466803E-001
     0.30869433E+000    -0.30943627E-001    -0.27243901E+000     0.34096858E+003     0.92442124E+003     0.10944899E-001     0.53551880E-001
     0.30906183E+000    -0.18326159E-001    -0.26988242E+000     0.34104089E+003     0.93375528E+003     0.13348597E-001     0.47918203E-001
     0.30942932E+000    -0.12498546E-001    -0.26499627E+000     0.34009761E+003     0.94078053E+003     0.16091538E-001     0.42407172E-001
     0.30979681E+000    -0.13594766E-001    -0.26131218E+000     0.33872105E+003     0.94556034E+003     0.19232244E-001     0.36857391E-001
     0.31016431E+000    -0.20028342E-001    -0.26191908E+000     0.33730653E+003     0.94829552E+003     0.22939490E-001     0.31199113E-001
     0.31053180E+000    -0.29161135E-001    -0.26868569E+000     0.33605984E+003     0.94915918E+003     0.27440301E-001     0.25449414E-001
     0.31089929E+000    -0.38151154E-001    -0.28222214E+000     0.33511654E+003     0.94817821E+003     0.33026601E-001     0.19743896E-001
     0.31126679E+000    -0.44313500E-001    -0.30230642E+000     0.33471906E+003     0.94524243E+003     0.40004200E-001     0.14432217E-001
     0.31163428E+000    -0.44947840E-001    -0.32806685E+000     0.33533817E+003     0.94025563E+003     0.48525868E-001     0.10126821E-001
     0.31200177E+000    -0.37259438E-001    -0.35758254E+000     0.33764133E+003     0.93334757E+003     0.58390994E-001     0.75989292E-002
     0.31236927E+000    -0.18977999E-001    -0.38733987E+000     0.34230433E+003     0.92501062E+003     0.68949967E-001     0.75303729E-002
     0.31273676E+000     0.10414617E-001    -0.41234839E+000     0.34977188E+003     0.91606805E+003     0.79202728E-001     0.10233980E-001
     0.31310425E+000     0.48627396E-001    -0.42733494E+000     0.36010111E+003     0.90749760E+003     0.88070055E-001     0.15497181E-001
     0.31347175E+000     0.90567842E-001    -0.42863640E+000     0.37294674E+003     0.90021536E+003     0.94696129E-001     0.22641648E-001
     0.31383924E+000     0.12974648E+000    -0.41577709E+000     0.38765461E+003     0.89491205E+003     0.98616626E-001     0.30742437E-001
     0.31420673E+000     0.16049324E+000    -0.39172788E+000     0.40339719E+003     0.89197085E+003     0.99746539E-001     0.38842608E-001
     0.31457423E+000     0.17978468E+000    -0.36161495E+000     0.41930459E+003     0.89145053E+003     0.98296881E-001     0.46052682E-001
     0.31494172E+000     0.18771281E+000    -0.33063412E+000     0.43457607E+003     0.89310792E+003     0.94746613E-001     0.51584348E-001
     0.31530921E+000     0.18651628E+000    -0.30234361E+000     0.44857544E+003     0.89644645E+003     0.89859784E-001     0.54839495E-001
     0.31567671E+000     0.17890669E+000    -0.27813064E+000     0.46091088E+003     0.90079371E+003     0.84629099E-001     0.55579727E-001
     0.31604420E+000     0.16667187E+000    -0.25790526E+000     0.47148292E+003     0.90541192E+003     0.80064810E-001     0.54071871E-001
     0.31641169E+000     0.15026677E+000    -0.24144202E+000     0.48047696E+003     0.90962392E+003     0.76869061E-001     0.51063898E-001
     0.31677918E+000     0.12952553E+000    -0.22947337E+000     0.48829600E+003     0.91291809E+003     0.75158329E-001     0.47507335E-001
     0.31714668E+000     0.10493149E+000    -0.22377644E+000     0.49545809E+003     0.91500111E+003     0.74450099E-001     0.44105897E-001
     0.31751417E+000     0.78443023E-001    -0.22617901E+000     0.50249695E+003     0.91579282E+003     0.74008736E-001     0.40959191E-001
     0.31788166E+000     0.53180489E-001    -0.23727223E+000     0.50989617E+003     0.91538460E+003     0.73366600E-001     0.37582140E-001
     0.31824916E+000     0.32220992E-001    -0.25585382E+000     0.51806053E+003     0.91399580E+003     0.72647636E-001     0.33316527E-001
     0.31861665E+000     0.17439311E-001    -0.27946093E+000     0.52730111E+003     0.91194743E+003     0.72455781E-001     0.27821448E-001
     0.31898414E+000     0.91533593E-002    -0.30548485E+000     0.53781034E+003     0.90964172E+003     0.73456523E-001     0.21270733E-001
     0.31935164E+000     0.66187208E-002    -0.33207411E+000     0.54963126E+003     0.90752290E+003     0.76013294E-001     0.14166393E-001
     0.31971913E+000     0.88802623E-002    -0.35836950E+000     0.56264651E+003     0.90601513E+003     0.80124530E-001     0.69939030E-002
     0.32008662E+000     0.15417146E-001    -0.38410954E+000     0.57660269E+003     0.90546009E+003     0.85622821E-001     0.27752473E-006
     0.32045412E+000     0.26241553E-001    -0.40897523E+000     0.59115947E+003     0.90607776E+003     0.92433320E-001    -0.67891917E-002
     0.32082161E+000     0.41460434E-001    -0.43216838E+000     0.60594191E+003     0.90795459E+003     0.10070812E+000    -0.13380512E-001
     0.32118910E+000     0.60703730E-001    -0.45256405E+000     0.62058490E+003     0.91104840E+003     0.11077247E+000    -0.19604519E-001
     0.32155660E+000     0.82974019E-001    -0.46929513E+000     0.63477127E+003     0.91520123E+003     0.12295844E+000    -0.25029104E-001
     0.32192409E+000     0.10709786E+000    -0.48218554E+000     0.64826688E+003     0.92016100E+003     0.13746438E+000    -0.28997993E-001
     0.32229158E+000     0.13234383E+000    -0.49156971E+000     0.66094960E+003     0.92561505E+003     0.15429620E+000    -0.30690264E-001
     0.32265908E+000     0.15858206E+000    -0.49765516E+000     0.67282576E+003     0.93123342E+003     0.17321159E+000    -0.29126121E-001
     0.32302657E+000     0.18581038E+000    -0.50004294E+000     0.68403199E+003     0.93671619E+003     0.19356910E+000    -0.23185633E-001
     0.32339406E+000     0.21346544E+000    -0.49786527E+000     0.69482281E+003     0.94184330E+003     0.21411581E+000    -0.11787071E-001
     0.32376156E+000     0.24010946E+000    -0.49045501E+000     0.70553754E+003     0.94652626E+003     0.23289784E+000     0.57159301E-002
     0.32412905E+000     0.26376106E+000    -0.47804145E+000     0.71653595E+003     0.95084830E+003     0.24748723E+000     0.29058848E-001
     0.32449654E+000     0.28263840E+000    -0.46197569E+000     0.72810912E+003     0.95506605E+003     0.25553890E+000     0.56790477E-001
     0.32486404E+000     0.29581313E+000    -0.44438189E+000     0.74039754E+003     0.95955752E+003     0.25545693E+000     0.86403856E-001
     0.32523153E+000     0.30343993E+000    -0.42753788E+000     0.75335185E+003     0.96473257E+003     0.24686643E+000     0.11484668E+000
     0.32559902E+000     0.30660147E+000    -0.41334847E+000     0.76674666E+003     0.97094209E+003     0.23071468E+000     0.13918981E+000
     0.32596652E+000     0.30699472E+000    -0.40304006E+000     0.78023100E+003     0.97841262E+003     0.20902057E+000     0.15721385E+000
     0.32633401E+000     0.30659217E+000    -0.39701039E+000     0.79339392E+003     0.98721184E+003     0.18439735E+000     0.16777208E+000
     0.32670150E+000     0.30726564E+000    -0.39478990E+000     0.80583441E+003     0.99724025E+003     0.15948557E+000     0.17087380E+000
     0.32706900E+000     0.31037880E+000    -0.39519078E+000     0.81723271E+003     0.10082494E+004     0.13643639E+000     0.16747808E+000
     0.32743649E+000     0.31650414E+000    -0.39670557E+000     0.82741348E+003     0.10198932E+004     0.11659746E+000     0.15905697E+000
     0.32780398E+000     0.32546704E+000    -0.39802007E+000     0.83637998E+003     0.10318129E+004     0.10051029E+000     0.14708519E+000
     0.32817148E+000     0.33672857E+000    -0.39834398E+000     0.84429658E+003     0.10437363E+004     0.88203184E-001     0.13267113E+000
     0.32853897E+000     0.34985361E+000    -0.39735614E+000     0.85141314E+003     0.10555564E+004     0.79610513E-001     0.11649102E+000
     0.32890646E+000     0.36474430E+000    -0.39484780E+000     0.85795105E+003     0.10673544E+004     0.74870712E-001     0.99022934E-001
     0.32927396E+000     0.38152036E+000    -0.39035996E+000     0.86399195E+003     0.10793499E+004     0.74331750E-001     0.80892195E-001
     0.32964145E+000     0.40020656E+000    -0.38306074E+000     0.86941303E+003     0.10917911E+004     0.78293593E-001     0.63078464E-001
     0.33000894E+000     0.42048453E+000    -0.37185837E+000     0.87389807E+003     0.11048236E+004     0.86684446E-001     0.46854185E-001
     0.33037644E+000     0.44159993E+000    -0.35555285E+000     0.87702536E+003     0.11183857E+004     0.98873167E-001     0.33510128E-001
     0.33074393E+000     0.46227664E+000    -0.33290194E+000     0.87840365E+003     0.11321724E+004     0.11370252E+000     0.24023837E-001
     0.33111142E+000     0.48046768E+000    -0.30274516E+000     0.87780540E+003     0.11456866E+004     0.12971217E+000     0.18813303E-001
     0.33147892E+000     0.49305418E+000    -0.26447943E+000     0.87524546E+003     0.11583568E+004     0.14546025E+000     0.17661538E-001
     0.33184641E+000     0.49593152E+000    -0.21895290E+000     0.87097580E+003     0.11696753E+004     0.15982451E+000     0.19834091E-001
     0.33221390E+000     0.48488962E+000    -0.16934970E+000     0.86540516E+003     0.11793000E+004     0.17217108E+000     0.24332821E-001
     0.33258139E+000     0.45717879E+000    -0.12134045E+000     0.85898584E+003     0.11870860E+004     0.18234712E+000     0.30167462E-001
     0.33294889E+000     0.41302892E+000    -0.82059738E-001     0.85211856E+003     0.11930491E+004     0.19054755E+000     0.36539730E-001
     0.33331638E+000     0.35623877E+000    -0.58205895E-001     0.84510828E+003     0.11972953E+004     0.19714814E+000     0.42909254E-001
     0.33368387E+000     0.29346088E+000    -0.54141057E-001     0.83817124E+003     0.11999588E+004     0.20257167E+000     0.48972821E-001
     0.33405137E+000     0.23255847E+000    -0.70827656E-001     0.83146453E+003     0.12011747E+004     0.20721007E+000     0.54603823E-001
     0.33441886E+000     0.18081184E+000    -0.10588436E+000     0.82510234E+003     0.12010838E+004     0.21139880E+000     0.59790484E-001
     0.33478635E+000     0.14361899E+000    -0.15447501E+000     0.81914306E+003     0.11998351E+004     0.21542336E+000     0.64598968E-001
     0.33515385E+000     0.12392370E+000    -0.21050836E+000     0.81356542E+003     0.11975589E+004     0.21952765E+000     0.69168870E-001
     0.33552134E+000     0.12224639E+000    -0.26772254E+000     0.80827138E+003     0.11943074E+004     0.22389815E+000     0.73725441E-001
     0.33588883E+000     0.13704571E+000    -0.32047145E+000     0.80314162E+003     0.11899953E+004     0.22861781E+000     0.78578010E-001
     0.33625633E+000     0.16518921E+000    -0.36424068E+000     0.79813515E+003     0.11843866E+004     0.23360958E+000     0.84077800E-001
     0.33662382E+000     0.20245638E+000    -0.39599540E+000     0.79339189E+003     0.11771526E+004     0.23860656E+000     0.90530774E-001
     0.33699131E+000     0.24410320E+000    -0.41440106E+000     0.78928536E+003     0.11679946E+004     0.24318150E+000     0.98091756E-001
     0.33735881E+000     0.28550294E+000    -0.41985715E+000     0.78639031E+003     0.11567851E+004     0.24684060E+000     0.10668558E+000
     0.33772630E+000     0.32277854E+000    -0.41426562E+000     0.78536819E+003     0.11436692E+004     0.24915198E+000     0.11599271E+000
     0.33809379E+000     0.35327343E+000    -0.40054008E+000     0.78681302E+003     0.11290820E+004     0.24986370E+000     0.12550667E+000
     0.33846129E+000     0.37573614E+000    -0.38197414E+000     0.79111687E+003     0.11136777E+004     0.24897591E+000     0.13464286E+000
     0.33882878E+000     0.39019222E+000    -0.36164109E+000     0.79839987E+003     0.10982053E+004     0.24675086E+000     0.14286886E+000
     0.33919627E+000     0.39758056E+000    -0.34197685E+000     0.80851625E+003     0.10833779E+004     0.24365768E+000     0.14982528E+000
     0.33956377E+000     0.39929715E+000    -0.32462338E+000     0.82111698E+003     0.10697762E+004     0.24026117E+000     0.15540513E+000
     0.33993126E+000     0.39680022E+000    -0.31051658E+000     0.83573618E+003     0.10578033E+004     0.23708169E+000     0.15976364E+000
     0.34029875E+000     0.39138798E+000    -0.30012129E+000     0.85187200E+003     0.10476829E+004     0.23447079E+000     0.16324913E+000
     0.34066625E+000     0.38418011E+000    -0.29367556E+000     0.86904586E+003     0.10394864E+004     0.23254756E+000     0.16627589E+000
     0.34103374E+000     0.37624512E+000    -0.29131747E+000     0.88683720E+003     0.10331695E+004     0.23122045E+000     0.16918529E+000
     0.34140123E+000     0.36874665E+000    -0.29303341E+000     0.90489945E+003     0.10286084E+004     0.23028709E+000     0.17214857E+000
     0.34176873E+000     0.36296752E+000    -0.29846846E+000     0.92296476E+003     0.10256288E+004     0.22957382E+000     0.17515296E+000
     0.34213622E+000     0.36013333E+000    -0.30673238E+000     0.94084355E+003     0.10240311E+004     0.22905401E+000     0.17808469E+000
     0.34250371E+000     0.36107183E+000    -0.31636146E+000     0.95842131E+003     0.10236110E+004     0.22888044E+000     0.18087852E+000
     0.34287121E+000     0.36585281E+000    -0.32553758E+000     0.97565197E+003     0.10241813E+004     0.22929739E+000     0.18365836E+000
     0.34323870E+000     0.37359865E+000    -0.33254334E+000     0.99254529E+003     0.10255917E+004     0.23046360E+000     0.18677829E+000
     0.34360619E+000     0.38260719E+000    -0.33630109E+000     0.10091462E+004     0.10277450E+004     0.23228403E+000     0.19071736E+000
     0.34397369E+000     0.39079455E+000    -0.33677180E+000     0.10255070E+004     0.10306050E+004     0.23436168E+000     0.19587273E+000
     0.34434118E+000     0.39630822E+000    -0.33503251E+000     0.10416585E+004     0.10341895E+004     0.23611260E+000     0.20237176E+000
     0.34470867E+000     0.39807605E+000    -0.33299551E+000     0.10575857E+004     0.10385502E+004     0.23697879E+000     0.21001814E+000
     0.34507617E+000     0.39609841E+000    -0.33289295E+000     0.10732178E+004     0.10437435E+004     0.23660936E+000     0.21839656E+000
     0.34544366E+000     0.39142390E+000    -0.33672794E+000     0.10884344E+004     0.10497997E+004     0.23491233E+000     0.22705558E+000
     0.34581115E+000     0.38588179E+000    -0.34586114E+000     0.11030857E+004     0.10567017E+004     0.23197574E+000     0.23565271E+000
     0.34617865E+000     0.38170792E+000    -0.36080391E+000     0.11170198E+004     0.10643771E+004     0.22793529E+000     0.24399378E+000
     0.34654614E+000     0.38118524E+000    -0.38119467E+000     0.11301073E+004     0.10727058E+004     0.22287602E+000     0.25197769E+000
     0.34691363E+000     0.38635945E+000    -0.40588652E+000     0.11422567E+004     0.10815376E+004     0.21681073E+000     0.25950702E+000
     0.34728113E+000     0.39882755E+000    -0.43308039E+000     0.11534176E+004     0.10907113E+004     0.20972314E+000     0.26642409E+000
     0.34764862E+000     0.41956737E+000    -0.46047830E+000     0.11635743E+004     0.11000696E+004     0.20163476E+000     0.27249934E+000
     0.34801611E+000     0.44878663E+000    -0.48547154E+000     0.11727351E+004     0.11094662E+004     0.19265734E+000     0.27746500E+000
     0.34838360E+000     0.48580600E+000    -0.50539158E+000     0.11809234E+004     0.11187650E+004     0.18301280E+000     0.28107030E+000
     0.34875110E+000     0.52902203E+000    -0.51783134E+000     0.11881738E+004     0.11278350E+004     0.17302087E+000     0.28313690E+000
     0.34911859E+000     0.57600388E+000    -0.52100492E+000     0.11945339E+004     0.11365463E+004     0.16306155E+000     0.28360135E+000
     0.34948608E+000     0.62375681E+000    -0.51407555E+000     0.12000694E+004     0.11447696E+004     0.15352025E+000     0.28253638E+000
     0.34985358E+000     0.66914107E+000    -0.49735866E+000     0.12048695E+004     0.11523805E+004     0.14472599E+000     0.28014305E+000
     0.35022107E+000     0.70937600E+000    -0.47231472E+000     0.12090474E+004     0.11592678E+004     0.13689918E+000     0.27671145E+000
     0.35058856E+000     0.74250845E+000    -0.44129300E+000     0.12127380E+004     0.11653403E+004     0.13012634E+000     0.27255865E+000
     0.35095606E+000     0.76770908E+000    -0.40706587E+000     0.12160908E+004     0.11705313E+004     0.12437058E+000     0.26796219E+000
     0.35132355E+000     0.78529953E+000    -0.37227252E+000     0.12192660E+004     0.11747991E+004     0.11951510E+000     0.26310866E+000
     0.35169104E+000     0.79649854E+000    -0.33893158E+000     0.12224321E+004     0.11781263E+004     0.11542812E+000     0.25807252E+000
     0.35205854E+000     0.80296886E+000    -0.30816291E+000     0.12257675E+004     0.11805240E+004     0.11203154E+000     0.25283427E+000
     0.35242603E+000     0.80631071E+000    -0.28018748E+000     0.12294579E+004     0.11820398E+004     0.10935058E+000     0.24733802E+000
     0.35279352E+000     0.80765869E+000    -0.25458187E+000     0.12336877E+004     0.11827698E+004     0.10752057E+000     0.24157476E+000
     0.35316102E+000     0.80749577E+000    -0.23068285E+000     0.12386197E+004     0.11828655E+004     0.10673670E+000     0.23566086E+000
     0.35352851E+000     0.80571928E+000    -0.20799613E+000     0.12443700E+004     0.11825292E+004     0.10715558E+000     0.22987315E+000
     0.35389600E+000     0.80190647E+000    -0.18647518E+000     0.12509852E+004     0.11819944E+004     0.10878429E+000     0.22461275E+000
     0.35426350E+000     0.79566664E+000    -0.16659393E+000     0.12584309E+004     0.11814948E+004     0.11140716E+000     0.22029937E+000
     0.35463099E+000     0.78695268E+000    -0.14921517E+000     0.12665979E+004     0.11812304E+004     0.11459026E+000     0.21723251E+000
     0.35499848E+000     0.77623633E+000    -0.13532193E+000     0.12753241E+004     0.11813411E+004     0.11777092E+000     0.21547562E+000
     0.35536598E+000     0.76450784E+000    -0.12571145E+000     0.12844239E+004     0.11818934E+004     0.12040083E+000     0.21481138E+000
     0.35573347E+000     0.75312054E+000    -0.12074838E+000     0.12937202E+004     0.11828829E+004     0.12208855E+000     0.21478442E+000
     0.35610096E+000     0.74354432E+000    -0.12023989E+000     0.13030688E+004     0.11842489E+004     0.12269253E+000     0.21480941E+000
     0.35646846E+000     0.73710701E+000    -0.12344802E+000     0.13123722E+004     0.11858966E+004     0.12234365E+000     0.21430149E+000
     0.35683595E+000     0.73478852E+000    -0.12921210E+000     0.13215826E+004     0.11877205E+004     0.12140746E+000     0.21278931E+000
     0.35720344E+000     0.73710176E+000    -0.13613394E+000     0.13306934E+004     0.11896237E+004     0.12041094E+000     0.20999208E+000
     0.35757094E+000     0.74406658E+000    -0.14277741E+000     0.13397264E+004     0.11915285E+004     0.11995538E+000     0.20586002E+000
     0.35793843E+000     0.75526465E+000    -0.14784367E+000     0.13487178E+004     0.11933792E+004     0.12062566E+000     0.20058363E+000
     0.35830592E+000     0.76995044E+000    -0.15029277E+000     0.13577080E+004     0.11951381E+004     0.12290071E+000     0.19457315E+000
     0.35867342E+000     0.78718274E+000    -0.14939757E+000     0.13667377E+004     0.11967794E+004     0.12707267E+000     0.18840529E+000
     0.35904091E+000     0.80593892E+000    -0.14473833E+000     0.13758481E+004     0.11982852E+004     0.13318920E+000     0.18273709E+000
     0.35940840E+000     0.82518945E+000    -0.13616817E+000     0.13850824E+004     0.11996438E+004     0.14103637E+000     0.17819631E+000
     0.35977590E+000     0.84393837E+000    -0.12378336E+000     0.13944869E+004     0.12008515E+004     0.15017473E+000     0.17527017E+000
     0.36014339E+000     0.86125673E+000    -0.10791334E+000     0.14041091E+004     0.12019146E+004     0.16002686E+000     0.17422167E+000
     0.36051088E+000     0.87633378E+000    -0.89116848E-001     0.14139947E+004     0.12028489E+004     0.16999591E+000     0.17505992E+000
     0.36087838E+000     0.88854677E+000    -0.68157384E-001     0.14241851E+004     0.12036784E+004     0.17958043E+000     0.17757448E+000
     0.36124587E+000     0.89752772E+000    -0.45942128E-001     0.14347174E+004     0.12044323E+004     0.18845049E+000     0.18142054E+000
     0.36161336E+000     0.90320167E+000    -0.23431748E-001     0.14456259E+004     0.12051433E+004     0.19646482E+000     0.18622290E+000
     0.36198086E+000     0.90578629E+000    -0.15425420E-002     0.14569449E+004     0.12058497E+004     0.20363288E+000     0.19166221E+000
     0.36234835E+000     0.90575885E+000     0.18940933E-001     0.14687084E+004     0.12065986E+004     0.21004553E+000     0.19751861E+000
     0.36271584E+000     0.90380182E+000     0.37436620E-001     0.14809466E+004     0.12074507E+004     0.21580603E+000     0.20366786E+000
     0.36308333E+000     0.90073187E+000     0.53619776E-001     0.14936793E+004     0.12084820E+004     0.22098647E+000     0.21004449E+000
     0.36345083E+000     0.89741101E+000     0.67459056E-001     0.15069067E+004     0.12097814E+004     0.22561921E+000     0.21659565E+000
     0.36381832E+000     0.89464042E+000     0.79223155E-001     0.15206024E+004     0.12114430E+004     0.22971739E+000     0.22324775E+000
     0.36418581E+000     0.89304796E+000     0.89444054E-001     0.15347105E+004     0.12135547E+004     0.23330820E+000     0.22989735E+000
     0.36455331E+000     0.89299245E+000     0.98829644E-001     0.15491483E+004     0.12161858E+004     0.23646178E+000     0.23642610E+000
     0.36492080E+000     0.89451299E+000     0.10813435E+000     0.15638153E+004     0.12193772E+004     0.23930397E+000     0.24273033E+000
     0.36528829E+000     0.89734526E+000     0.11801496E+000     0.15786055E+004     0.12231361E+004     0.24200951E+000     0.24875299E+000
     0.36565579E+000     0.90100721E+000     0.12891050E+000     0.15934209E+004     0.12274366E+004     0.24477915E+000     0.25450754E+000
     0.36602328E+000     0.90493166E+000     0.14098193E+000     0.16081834E+004     0.12322267E+004     0.24780799E+000     0.26008805E+000
     0.36639077E+000     0.90860529E+000     0.15412739E+000     0.16228420E+004     0.12374386E+004     0.25125253E+000     0.26566454E+000
     0.36675827E+000     0.91167188E+000     0.16806111E+000     0.16373755E+004     0.12430013E+004     0.25520236E+000     0.27146546E+000
     0.36712576E+000     0.91397527E+000     0.18242280E+000     0.16517887E+004     0.12488523E+004     0.25966043E+000     0.27775040E+000
     0.36749325E+000     0.91554260E+000     0.19687921E+000     0.16661057E+004     0.12549464E+004     0.26453453E+000     0.28477683E+000
     0.36786075E+000     0.91652852E+000     0.21119253E+000     0.16803587E+004     0.12612602E+004     0.26964178E+000     0.29276508E+000
     0.36822824E+000     0.91714659E+000     0.22524859E+000     0.16945782E+004     0.12677915E+004     0.27472623E+000     0.30186666E+000
     0.36859573E+000     0.91760752E+000     0.23905265E+000     0.17087841E+004     0.12745543E+004     0.27948767E+000     0.31214074E+000
     0.36896323E+000     0.91807308E+000     0.25270563E+000     0.17229810E+004     0.12815711E+004     0.28361842E+000     0.32354266E+000
     0.36933072E+000     0.91862525E+000     0.26637158E+000     0.17371573E+004     0.12888645E+004     0.28684328E+000     0.33592795E+000
     0.36969821E+000     0.91924668E+000     0.28024104E+000     0.17512880E+004     0.12964501E+004     0.28895539E+000     0.34907352E+000
     0.37006571E+000     0.91980848E+000     0.29448947E+000     0.17653405E+004     0.13043317E+004     0.28983930E+000     0.36271296E+000
     0.37043320E+000     0.92006700E+000     0.30922494E+000     0.17792803E+004     0.13125002E+004     0.28947492E+000     0.37657789E+000
     0.37080069E+000     0.91968004E+000     0.32441917E+000     0.17930769E+004     0.13209348E+004     0.28792231E+000     0.39043413E+000
     0.37116819E+000     0.91826622E+000     0.33982473E+000     0.18067069E+004     0.13296061E+004     0.28529372E+000     0.40410409E+000
     0.37153568E+000     0.91553840E+000     0.35490849E+000     0.18201565E+004     0.13384803E+004     0.28172271E+000     0.41747239E+000
     0.37190317E+000     0.91151847E+000     0.36887597E+000     0.18334212E+004     0.13475221E+004     0.27733880E+000     0.43047787E+000
     0.37227067E+000     0.90675405E+000     0.38088199E+000     0.18465046E+004     0.13566983E+004     0.27225196E+000     0.44309842E+000
     0.37263816E+000     0.90234546E+000     0.39042800E+000     0.18594172E+004     0.13659792E+004     0.26654671E+000     0.45533462E+000
     0.37300565E+000     0.89962625E+000     0.39772517E+000     0.18721740E+004     0.13753398E+004     0.26028332E+000     0.46719626E+000
     0.37337315E+000     0.89963078E+000     0.40370666E+000     0.18847929E+004     0.13847602E+004     0.25350281E+000     0.47869328E+000
     0.37374064E+000     0.90273238E+000     0.40964478E+000     0.18972935E+004     0.13942253E+004     0.24623304E+000     0.48983087E+000
     0.37410813E+000     0.90867321E+000     0.41668348E+000     0.19096957E+004     0.14037245E+004     0.23849432E+000     0.50060772E+000
     0.37447563E+000     0.91684657E+000     0.42558739E+000     0.19220190E+004     0.14132509E+004     0.23030384E+000     0.51101633E+000
     0.37484312E+000     0.92657793E+000     0.43674018E+000     0.19342822E+004     0.14228010E+004     0.22167861E+000     0.52104434E+000
     0.37521061E+000     0.93728222E+000     0.45026293E+000     0.19465025E+004     0.14323737E+004     0.21263728E+000     0.53067622E+000
     0.37557811E+000     0.94850919E+000     0.46613869E+000     0.19586962E+004     0.14419702E+004     0.20320099E+000     0.53989492E+000
     0.37594560E+000     0.95992985E+000     0.48429889E+000     0.19708779E+004     0.14515935E+004     0.19339359E+000     0.54868333E+000
     0.37631309E+000     0.97130433E+000     0.50467093E+000     0.19830612E+004     0.14612477E+004     0.18324141E+000     0.55702537E+000
     0.37668059E+000     0.98245049E+000     0.52719966E+000     0.19952584E+004     0.14709385E+004     0.17277284E+000     0.56490679E+000
     0.37704808E+000     0.99321921E+000     0.55185426E+000     0.20074805E+004     0.14806722E+004     0.16201781E+000     0.57231569E+000
     0.37741557E+000     0.10034767E+001     0.57862825E+000     0.20197379E+004     0.14904560E+004     0.15100720E+000     0.57924284E+000
     0.37778307E+000     0.10130920E+001     0.60753651E+000     0.20320401E+004     0.15002983E+004     0.13977232E+000     0.58568174E+000
     0.37815056E+000     0.10219286E+001     0.63861150E+000     0.20443964E+004     0.15102076E+004     0.12834445E+000     0.59162866E+000
     0.37851805E+000     0.10298377E+001     0.67189923E+000     0.20568156E+004     0.15201936E+004     0.11675443E+000     0.59708246E+000
     0.37888554E+000     0.10366532E+001     0.70745538E+000     0.20693066E+004     0.15302664E+004     0.10503230E+000     0.60204447E+000
     0.37925304E+000     0.10421878E+001     0.74534141E+000     0.20818788E+004     0.15404365E+004     0.93207066E-001     0.60651826E+000
     0.37962053E+000     0.10462292E+001     0.78562063E+000     0.20945422E+004     0.15507147E+004     0.81306496E-001     0.61050940E+000
     0.37998802E+000     0.10485359E+001     0.82835384E+000     0.21073078E+004     0.15611116E+004     0.69356957E-001     0.61402520E+000
     0.38035552E+000     0.10488345E+001     0.87359444E+000     0.21201875E+004     0.15716372E+004     0.57383326E-001     0.61707453E+000
     0.38072301E+000     0.10468160E+001     0.92138278E+000     0.21331939E+004     0.15823000E+004     0.45408930E-001     0.61966753E+000
     0.38109050E+000     0.10421325E+001     0.97173936E+000     0.21463398E+004     0.15931070E+004     0.33455519E-001     0.62181545E+000
     0.38145800E+000     0.10343950E+001     0.10246567E+001     0.21596377E+004     0.16040631E+004     0.21543267E-001     0.62353042E+000
     0.38182549E+000     0.10231711E+001     0.10800900E+001     0.21730983E+004     0.16151715E+004     0.96907928E-002     0.62482527E+000
     0.38219298E+000     0.10079845E+001     0.11379453E+001     0.21867300E+004     0.16264344E+004    -0.20848025E-002     0.62571339E+000
     0.38256048E+000     0.98831604E+000     0.11980664E+001     0.22005386E+004     0.16378539E+004    -0.13767884E-001     0.62620855E+000
     0.38292797E+000     0.96360734E+000     0.12602200E+001     0.22145272E+004     0.16494335E+004    -0.25344226E-001     0.62632483E+000
     0.38329546E+000     0.93326767E+000     0.13240781E+001     0.22286968E+004     0.16611787E+004    -0.36800944E-001     0.62607643E+000
     0.38366296E+000     0.89668559E+000     0.13892004E+001     0.22430476E+004     0.16730977E+004    -0.48126427E-001     0.62547765E+000
     0.38403045E+000     0.85324603E+000     0.14550152E+001     0.22575794E+004     0.16852011E+004    -0.59310266E-001     0.62454274E+000
     0.38439794E+000     0.80235420E+000     0.15208018E+001     0.22722923E+004     0.16975021E+004    -0.70343179E-001     0.62328586E+000
     0.38476544E+000     0.74346723E+000     0.15856759E+001     0.22871876E+004     0.17100159E+004    -0.81216942E-001     0.62172105E+000
     0.38513293E+000     0.67613395E+000     0.16485803E+001     0.23022672E+004     0.17227591E+004    -0.91924318E-001     0.61986209E+000
     0.38550042E+000     0.60004242E+000     0.17082846E+001     0.23175341E+004     0.17357493E+004    -0.10245899E+000     0.61772255E+000
     0.38586792E+000     0.51507363E+000     0.17633982E+001     0.23329919E+004     0.17490053E+004    -0.11281547E+000     0.61531570E+000
     0.38623541E+000     0.42135800E+000     0.18123990E+001     0.23486447E+004     0.17625466E+004    -0.12298910E+000     0.61265450E+000
     0.38660290E+000     0.31932941E+000     0.18536826E+001     0.23644970E+004     0.17763936E+004    -0.13297591E+000     0.60975159E+000
     0.38697040E+000     0.20976967E+000     0.18856310E+001     0.23805532E+004     0.17905674E+004    -0.14277261E+000     0.60661922E+000
     0.38733789E+000     0.93835121E-001     0.19067024E+001     0.23968178E+004     0.18050904E+004    -0.15237652E+000     0.60326933E+000
     0.38770538E+000    -0.26943360E-001     0.19155332E+001     0.24132948E+004     0.18199857E+004    -0.16178554E+000     0.59971344E+000
     0.38807288E+000    -0.15069342E+000     0.19110461E+001     0.24299878E+004     0.18352779E+004    -0.17099807E+000     0.59596271E+000
     0.38844037E+000    -0.27527063E+000     0.18925509E+001     0.24469001E+004     0.18509927E+004    -0.18001299E+000     0.59202795E+000
     0.38880786E+000    -0.39836180E+000     0.18598221E+001     0.24640340E+004     0.18671575E+004    -0.18882959E+000     0.58791954E+000
     0.38917536E+000    -0.51761358E+000     0.18131441E+001     0.24813911E+004     0.18838013E+004    -0.19744757E+000     0.58364752E+000
     0.38954285E+000    -0.63077251E+000     0.17533114E+001     0.24989719E+004     0.19009548E+004    -0.20586698E+000     0.57922155E+000
     0.38991034E+000    -0.73581961E+000     0.16815842E+001     0.25167757E+004     0.19186506E+004    -0.21408817E+000     0.57465090E+000
     0.39027784E+000    -0.83108287E+000     0.15996035E+001     0.25348005E+004     0.19369235E+004    -0.22211181E+000     0.56994452E+000
     0.39064533E+000    -0.91531486E+000     0.15092772E+001     0.25530425E+004     0.19558102E+004    -0.22993881E+000     0.56511098E+000
     0.39101282E+000    -0.98772888E+000     0.14126528E+001     0.25714962E+004     0.19753500E+004    -0.23757032E+000     0.56015850E+000
     0.39138032E+000    -0.10479940E+001     0.13117925E+001     0.25901537E+004     0.19955845E+004    -0.24500769E+000     0.55509499E+000
     0.39174781E+000    -0.10961950E+001     0.12086642E+001     0.26090047E+004     0.20165578E+004    -0.25225248E+000     0.54992802E+000
     0.39211530E+000    -0.11327678E+001     0.11050564E+001     0.26280360E+004     0.20383166E+004    -0.25930639E+000     0.54466483E+000
     0.39248280E+000    -0.11584213E+001     0.10025218E+001     0.26472311E+004     0.20609104E+004    -0.26617127E+000     0.53931239E+000
     0.39285029E+000    -0.11740560E+001     0.90234858E+000     0.26665695E+004     0.20843914E+004    -0.27284913E+000     0.53387733E+000
     0.39321778E+000    -0.11806878E+001     0.80555498E+000     0.26860266E+004     0.21088143E+004    -0.27934206E+000     0.52836603E+000
     0.39358528E+000    -0.11793828E+001     0.71290181E+000     0.27055726E+004     0.21342369E+004    -0.28565227E+000     0.52278457E+000
     0.39395277E+000    -0.11712041E+001     0.62491734E+000     0.27251722E+004     0.21607193E+004    -0.29178205E+000     0.51713878E+000
     0.39432026E+000    -0.11571733E+001     0.54192883E+000     0.27447838E+004     0.21883241E+004    -0.29773376E+000     0.51143423E+000
     0.39468775E+000    -0.11382432E+001     0.46409648E+000     0.27643586E+004     0.22171161E+004    -0.30350983E+000     0.50567624E+000
     0.39505525E+000    -0.11152821E+001     0.39144667E+000     0.27838398E+004     0.22471619E+004    -0.30911274E+000     0.49986989E+000
     0.39542274E+000    -0.10890662E+001     0.32390253E+000     0.28031615E+004     0.22785293E+004    -0.31454502E+000     0.49402004E+000
     0.39579023E+000    -0.10602776E+001     0.26131076E+000     0.28222479E+004     0.23112869E+004    -0.31980923E+000     0.48813132E+000
     0.39615773E+000    -0.10295080E+001     0.20346420E+000     0.28410122E+004     0.23455027E+004    -0.32490795E+000     0.48220818E+000
     0.39652522E+000    -0.99726391E+000     0.15012030E+000     0.28593557E+004     0.23812439E+004    -0.32984381E+000     0.47625482E+000
     0.39689271E+000    -0.96397452E+000     0.10101574E+000     0.28771664E+004     0.24185746E+004    -0.33461942E+000     0.47027529E+000
     0.39726021E+000    -0.92999952E+000     0.55877781E-001     0.28943182E+004     0.24575549E+004    -0.33923743E+000     0.46427344E+000
     0.39762770E+000    -0.89563750E+000     0.14432685E-001     0.29106698E+004     0.24982385E+004    -0.34370047E+000     0.45825294E+000
     0.39799519E+000    -0.86113392E+000    -0.23588089E-001     0.29260644E+004     0.25406708E+004    -0.34801118E+000     0.45221730E+000
     0.39836269E+000    -0.82668846E+000    -0.58443596E-001     0.29403285E+004     0.25848858E+004    -0.35217222E+000     0.44616984E+000
     0.39873018E+000    -0.79246178E+000    -0.90380557E-001     0.29532721E+004     0.26309034E+004    -0.35618620E+000     0.44011376E+000
     0.39909767E+000    -0.75858145E+000    -0.11963162E+000     0.29646890E+004     0.26787256E+004    -0.36005574E+000     0.43405210E+000
     0.39946517E+000    -0.72514728E+000    -0.14641448E+000     0.29743571E+004     0.27283331E+004    -0.36378346E+000     0.42798774E+000
     0.39983266E+000    -0.69223583E+000    -0.17093156E+000     0.29820405E+004     0.27796809E+004    -0.36737193E+000     0.42192345E+000
     0.40020015E+000    -0.65990433E+000    -0.19337020E+000     0.29874916E+004     0.28326941E+004    -0.37082374E+000     0.41586184E+000
     0.40056765E+000    -0.62819405E+000    -0.21390313E+000     0.29904541E+004     0.28872639E+004    -0.37414143E+000     0.40980543E+000
     0.40093514E+000    -0.59713314E+000    -0.23268907E+000     0.29906683E+004     0.29432428E+004    -0.37732754E+000     0.40375658E+000
     0.40130263E+000    -0.56673899E+000    -0.24987358E+000     0.29878759E+004     0.30004416E+004    -0.38038455E+000     0.39771758E+000
     0.40167013E+000    -0.53702027E+000    -0.26558988E+000     0.29818275E+004     0.30586263E+004    -0.38331496E+000     0.39169057E+000
     0.40203762E+000    -0.50797861E+000    -0.27995974E+000     0.29722903E+004     0.31175159E+004    -0.38612122E+000     0.38567761E+000
     0.40240511E+000    -0.47961000E+000    -0.29309433E+000     0.29590575E+004     0.31767828E+004    -0.38880574E+000     0.37968065E+000
     0.40277261E+000    -0.45190594E+000    -0.30509508E+000     0.29419580E+004     0.32360537E+004    -0.39137093E+000     0.37370156E+000
     0.40314010E+000    -0.42485441E+000    -0.31605449E+000     0.29208666E+004     0.32949140E+004    -0.39381916E+000     0.36774208E+000
     0.40350759E+000    -0.39844068E+000    -0.32605690E+000     0.28957142E+004     0.33529138E+004    -0.39615275E+000     0.36180390E+000
     0.40387509E+000    -0.37264796E+000    -0.33517920E+000     0.28664962E+004     0.34095768E+004    -0.39837402E+000     0.35588862E+000
     0.40424258E+000    -0.34745790E+000    -0.34349148E+000     0.28332809E+004     0.34644121E+004    -0.40048524E+000     0.34999774E+000
     0.40461007E+000    -0.32285109E+000    -0.35105765E+000     0.27962137E+004     0.35169271E+004    -0.40248865E+000     0.34413270E+000
     0.40497757E+000    -0.29880736E+000    -0.35793599E+000     0.27555198E+004     0.35666427E+004    -0.40438648E+000     0.33829487E+000
     0.40534506E+000    -0.27530611E+000    -0.36417970E+000     0.27115023E+004     0.36131097E+004    -0.40618089E+000     0.33248552E+000
     0.40571255E+000    -0.25232651E+000    -0.36983732E+000     0.26645373E+004     0.36559235E+004    -0.40787405E+000     0.32670589E+000
     0.40608005E+000    -0.22984770E+000    -0.37495316E+000     0.26150650E+004     0.36947396E+004    -0.40946807E+000     0.32095714E+000
     0.40644754E+000    -0.20784894E+000    -0.37956773E+000     0.25635773E+004     0.37292847E+004    -0.41096503E+000     0.31524035E+000
     0.40681503E+000    -0.18630970E+000    -0.38371803E+000     0.25106028E+004     0.37593665E+004    -0.41236700E+000     0.30955657E+000
     0.40718253E+000    -0.16520978E+000    -0.38743792E+000     0.24566907E+004     0.37848788E+004    -0.41367600E+000     0.30390677E+000
     0.40755002E+000    -0.14452934E+000    -0.39075837E+000     0.24023928E+004     0.38058027E+004    -0.41489402E+000     0.29829188E+000
     0.40791751E+000    -0.12424901E+000    -0.39370774E+000     0.23482478E+004     0.38222039E+004    -0.41602302E+000     0.29271278E+000
     0.40828501E+000    -0.10434984E+000    -0.39631198E+000     0.22947649E+004     0.38342267E+004    -0.41706493E+000     0.28717027E+000
     0.40865250E+000    -0.84813388E-001    -0.39859491E+000     0.22424119E+004     0.38420842E+004    -0.41802166E+000     0.28166515E+000
     0.40901999E+000    -0.65621696E-001    -0.40057833E+000     0.21916044E+004     0.38460473E+004    -0.41889508E+000     0.27619813E+000
     0.40938748E+000    -0.46757319E-001    -0.40228226E+000     0.21426996E+004     0.38464318E+004    -0.41968702E+000     0.27076990E+000
     0.40975498E+000    -0.28203306E-001    -0.40372506E+000     0.20959919E+004     0.38435854E+004    -0.42039930E+000     0.26538110E+000
     0.41012247E+000    -0.99432020E-002    -0.40492358E+000     0.20517126E+004     0.38378750E+004    -0.42103370E+000     0.26003232E+000
     0.41048996E+000     0.80389636E-002    -0.40589329E+000     0.20100314E+004     0.38296748E+004    -0.42159197E+000     0.25472414E+000
     0.41085746E+000     0.25758693E-001    -0.40664839E+000     0.19710605E+004     0.38193565E+004    -0.42207583E+000     0.24945707E+000
     0.41122495E+000     0.43231032E-001    -0.40720193E+000     0.19348593E+004     0.38072806E+004    -0.42248697E+000     0.24423160E+000
     0.41159244E+000     0.60470594E-001    -0.40756589E+000     0.19014409E+004     0.37937894E+004    -0.42282708E+000     0.23904818E+000
     0.41195994E+000     0.77491569E-001    -0.40775126E+000     0.18707791E+004     0.37792026E+004    -0.42309778E+000     0.23390724E+000
     0.41232743E+000     0.94307756E-001    -0.40776815E+000     0.18428144E+004     0.37638137E+004    -0.42330068E+000     0.22880915E+000
     0.41269492E+000     0.11093257E+000    -0.40762581E+000     0.18174611E+004     0.37478879E+004    -0.42343738E+000     0.22375428E+000
     0.41306242E+000     0.12737908E+000    -0.40733274E+000     0.17946130E+004     0.37316621E+004    -0.42350943E+000     0.21874295E+000
     0.41342991E+000     0.14366001E+000    -0.40689674E+000     0.17741493E+004     0.37153444E+004    -0.42351835E+000     0.21377546E+000
     0.41379740E+000     0.15978779E+000    -0.40632492E+000     0.17559387E+004     0.36991156E+004    -0.42346567E+000     0.20885208E+000
     0.41416490E+000     0.17577453E+000    -0.40562380E+000     0.17398441E+004     0.36831306E+004    -0.42335285E+000     0.20397306E+000
     0.41453239E+000     0.19163210E+000    -0.40479934E+000     0.17257256E+004     0.36675205E+004    -0.42318136E+000     0.19913862E+000
     0.41489988E+000     0.20737210E+000    -0.40385694E+000     0.17134435E+004     0.36523943E+004    -0.42295262E+000     0.19434895E+000
     0.41526738E+000     0.22300592E+000    -0.40280155E+000     0.17028602E+004     0.36378413E+004    -0.42266803E+000     0.18960422E+000
     0.41563487E+000     0.23854474E+000    -0.40163760E+000     0.16938424E+004     0.36239334E+004    -0.42232899E+000     0.18490459E+000
     0.41600236E+000     0.25399954E+000    -0.40036914E+000     0.16862615E+004     0.36107268E+004    -0.42193685E+000     0.18025019E+000
     0.41636986E+000     0.26938117E+000    -0.39899977E+000     0.16799953E+004     0.35982644E+004    -0.42149294E+000     0.17564112E+000
     0.41673735E+000     0.28470029E+000    -0.39753272E+000     0.16749281E+004     0.35865774E+004    -0.42099858E+000     0.17107746E+000
     0.41710484E+000     0.29996748E+000    -0.39597086E+000     0.16709510E+004     0.35756872E+004    -0.42045505E+000     0.16655930E+000
     0.41747234E+000     0.31519320E+000    -0.39431670E+000     0.16679622E+004     0.35656064E+004    -0.41986362E+000     0.16208668E+000
     0.41783983E+000     0.33038781E+000    -0.39257242E+000     0.16658671E+004     0.35563408E+004    -0.41922554E+000     0.15765963E+000
     0.41820732E+000     0.34556163E+000    -0.39073989E+000     0.16645775E+004     0.35478901E+004    -0.41854202E+000     0.15327818E+000
     0.41857482E+000     0.36072492E+000    -0.38882066E+000     0.16640122E+004     0.35402493E+004    -0.41781427E+000     0.14894231E+000
     0.41894231E+000     0.37588794E+000    -0.38681599E+000     0.16640961E+004     0.35334093E+004    -0.41704347E+000     0.14465201E+000
     0.41930980E+000     0.39106093E+000    -0.38472685E+000     0.16647602E+004     0.35273579E+004    -0.41623077E+000     0.14040726E+000
     0.41967730E+000     0.40625414E+000    -0.38255394E+000     0.16659410E+004     0.35220801E+004    -0.41537732E+000     0.13620801E+000
     0.42004479E+000     0.42147787E+000    -0.38029767E+000     0.16675806E+004     0.35175595E+004    -0.41448424E+000     0.13205419E+000
     0.42041228E+000     0.43674247E+000    -0.37795819E+000     0.16696255E+004     0.35137777E+004    -0.41355262E+000     0.12794574E+000
     0.42077978E+000     0.45205839E+000    -0.37553538E+000     0.16720272E+004     0.35107155E+004    -0.41258354E+000     0.12388257E+000
     0.42114727E+000     0.46743615E+000    -0.37302885E+000     0.16747413E+004     0.35083530E+004    -0.41157806E+000     0.11986458E+000
     0.42151476E+000     0.48288641E+000    -0.37043795E+000     0.16777270E+004     0.35066698E+004    -0.41053722E+000     0.11589166E+000
     0.42188226E+000     0.49841998E+000    -0.36776175E+000     0.16809474E+004     0.35056454E+004    -0.40946205E+000     0.11196369E+000
     0.42224975E+000     0.51404782E+000    -0.36499905E+000     0.16843687E+004     0.35052592E+004    -0.40835355E+000     0.10808054E+000
     0.42261724E+000     0.52978112E+000    -0.36214839E+000     0.16879602E+004     0.35054908E+004    -0.40721269E+000     0.10424206E+000
     0.42298474E+000     0.54563124E+000    -0.35920800E+000     0.16916938E+004     0.35063200E+004    -0.40604046E+000     0.10044811E+000
     0.42335223E+000     0.56160982E+000    -0.35617585E+000     0.16955439E+004     0.35077270E+004    -0.40483780E+000     0.96698517E-001
     0.42371972E+000     0.57772875E+000    -0.35304958E+000     0.16994873E+004     0.35096926E+004    -0.40360563E+000     0.92993112E-001
     0.42408722E+000     0.59400023E+000    -0.34982654E+000     0.17035027E+004     0.35121979E+004    -0.40234489E+000     0.89331714E-001
     0.42445471E+000     0.61043679E+000    -0.34650375E+000     0.17075708E+004     0.35152247E+004    -0.40105645E+000     0.85714134E-001
     0.42482220E+000     0.62705131E+000    -0.34307789E+000     0.17116740E+004     0.35187552E+004    -0.39974122E+000     0.82140175E-001
     0.42518969E+000     0.64385707E+000    -0.33954530E+000     0.17157961E+004     0.35227725E+004    -0.39840004E+000     0.78609632E-001
     0.42555719E+000     0.66086778E+000    -0.33590191E+000     0.17199225E+004     0.35272599E+004    -0.39703377E+000     0.75122293E-001
     0.42592468E+000     0.67809760E+000    -0.33214331E+000     0.17240399E+004     0.35322017E+004    -0.39564325E+000     0.71677937E-001
     0.42629217E+000     0.69556121E+000    -0.32826461E+000     0.17281359E+004     0.35375826E+004    -0.39422928E+000     0.68276339E-001
     0.42665967E+000     0.71327381E+000    -0.32426052E+000     0.17321995E+004     0.35433880E+004    -0.39279268E+000     0.64917265E-001
     0.42702716E+000     0.73125122E+000    -0.32012525E+000     0.17362203E+004     0.35496038E+004    -0.39133422E+000     0.61600477E-001
     0.42739465E+000     0.74950986E+000    -0.31585252E+000     0.17401891E+004     0.35562164E+004    -0.38985468E+000     0.58325728E-001
     0.42776215E+000     0.76806685E+000    -0.31143547E+000     0.17440973E+004     0.35632130E+004    -0.38835481E+000     0.55092769E-001
     0.42812964E+000     0.78694005E+000    -0.30686669E+000     0.17479370E+004     0.35705813E+004    -0.38683536E+000     0.51901343E-001
     0.42849713E+000     0.80614811E+000    -0.30213812E+000     0.17517009E+004     0.35783093E+004    -0.38529706E+000     0.48751189E-001
     0.42886463E+000     0.82571052E+000    -0.29724101E+000     0.17553826E+004     0.35863858E+004    -0.38374061E+000     0.45642041E-001
     0.42923212E+000     0.84564771E+000    -0.29216588E+000     0.17589757E+004     0.35947999E+004    -0.38216671E+000     0.42573628E-001
     0.42959961E+000     0.86598110E+000    -0.28690243E+000     0.17624749E+004     0.36035411E+004    -0.38057606E+000     0.39545676E-001
     0.42996711E+000     0.88673316E+000    -0.28143951E+000     0.17658747E+004     0.36125997E+004    -0.37896933E+000     0.36557906E-001
     0.43033460E+000     0.90792752E+000    -0.27576501E+000     0.17691705E+004     0.36219660E+004    -0.37734716E+000     0.33610034E-001
     0.43070209E+000     0.92958905E+000    -0.26986577E+000     0.17723578E+004     0.36316310E+004    -0.37571021E+000     0.30701774E-001
     0.43106959E+000     0.95174394E+000    -0.26372750E+000     0.17754325E+004     0.36415861E+004    -0.37405911E+000     0.27832837E-001
     0.43143708E+000     0.97441981E+000    -0.25733468E+000     0.17783907E+004     0.36518227E+004    -0.37239448E+000     0.25002928E-001
     0.43180457E+000     0.99764586E+000    -0.25067041E+000     0.17812289E+004     0.36623331E+004    -0.37071692E+000     0.22211751E-001
     0.43217207E+000     0.10214529E+001    -0.24371631E+000     0.17839436E+004     0.36731095E+004    -0.36902703E+000     0.19459007E-001
     0.43253956E+000     0.10458736E+001    -0.23645233E+000     0.17865318E+004     0.36841447E+004    -0.36732540E+000     0.16744395E-001
     0.43290705E+000     0.10709426E+001    -0.22885662E+000     0.17889906E+004     0.36954316E+004    -0.36561259E+000     0.14067611E-001
     0.43327455E+000     0.10966964E+001    -0.22090532E+000     0.17913172E+004     0.37069636E+004    -0.36388915E+000     0.11428347E-001
     0.43364204E+000     0.11231741E+001    -0.21257232E+000     0.17935089E+004     0.37187341E+004    -0.36215564E+000     0.88262952E-002
     0.43400953E+000     0.11504170E+001    -0.20382908E+000     0.17955633E+004     0.37307369E+004    -0.36041260E+000     0.62611451E-002
     0.43437703E+000     0.11784691E+001    -0.19464430E+000     0.17974781E+004     0.37429662E+004    -0.35866054E+000     0.37325843E-002
     0.43474452E+000     0.12073773E+001    -0.18498363E+000     0.17992510E+004     0.37554162E+004    -0.35689997E+000     0.12402989E-002
     0.43511201E+000     0.12371915E+001    -0.17480934E+000     0.18008800E+004     0.37680814E+004    -0.35513140E+000    -0.12160264E-002
     0.43547951E+000     0.12679650E+001    -0.16407988E+000     0.18023628E+004     0.37809566E+004    -0.35335532E+000    -0.36367085E-002
     0.43584700E+000     0.12997548E+001    -0.15274946E+000     0.18036977E+004     0.37940366E+004    -0.35157221E+000    -0.60220649E-002
     0.43621449E+000     0.13326217E+001    -0.14076753E+000     0.18048827E+004     0.38073165E+004    -0.34978254E+000    -0.83724146E-002
     0.43658199E+000     0.13666306E+001    -0.12807816E+000     0.18059159E+004     0.38207917E+004    -0.34798676E+000    -0.10688077E-001
     0.43694948E+000     0.14018513E+001    -0.11461941E+000     0.18067957E+004     0.38344575E+004    -0.34618532E+000    -0.12969373E-001
     0.43731697E+000     0.14383583E+001    -0.10032252E+000     0.18075203E+004     0.38483095E+004    -0.34437867E+000    -0.15216624E-001
     0.43768447E+000     0.14762316E+001    -0.85110991E-001     0.18080880E+004     0.38623435E+004    -0.34256723E+000    -0.17430151E-001
     0.43805196E+000     0.15155570E+001    -0.68899626E-001     0.18084972E+004     0.38765554E+004    -0.34075142E+000    -0.19610275E-001
     0.43841945E+000     0.15564265E+001    -0.51593269E-001     0.18087462E+004     0.38909411E+004    -0.33893165E+000    -0.21757320E-001
     0.43878695E+000     0.15989389E+001    -0.33085451E-001     0.18088336E+004     0.39054968E+004    -0.33710832E+000    -0.23871606E-001
     0.43915444E+000     0.16432004E+001    -0.13256773E-001     0.18087578E+004     0.39202186E+004    -0.33528182E+000    -0.25953458E-001
     0.43952193E+000     0.16893248E+001     0.80269652E-002     0.18085172E+004     0.39351031E+004    -0.33345253E+000    -0.28003196E-001
     0.43988943E+000     0.17374346E+001     0.30916960E-001     0.18081103E+004     0.39501466E+004    -0.33162082E+000    -0.30021143E-001
     0.44025692E+000     0.17876609E+001     0.55583968E-001     0.18075356E+004     0.39653456E+004    -0.32978706E+000    -0.32007620E-001
     0.44062441E+000     0.18401446E+001     0.82221320E-001     0.18067918E+004     0.39806968E+004    -0.32795160E+000    -0.33962949E-001
     0.44099190E+000     0.18950363E+001     0.11104848E+000     0.18058772E+004     0.39961969E+004    -0.32611479E+000    -0.35887451E-001
     0.44135940E+000     0.19524972E+001     0.14231522E+000     0.18047904E+004     0.40118426E+004    -0.32427696E+000    -0.37781445E-001
     0.44172689E+000     0.20126989E+001     0.17630661E+000     0.18035300E+004     0.40276309E+004    -0.32243845E+000    -0.39645252E-001
     0.44209438E+000     0.20758240E+001     0.21334889E+000     0.18020945E+004     0.40435587E+004    -0.32059957E+000    -0.41479191E-001
     0.44246188E+000     0.21420651E+001     0.25381652E+000     0.18004824E+004     0.40596229E+004    -0.31876065E+000    -0.43283578E-001
     0.44282937E+000     0.22116249E+001     0.29814047E+000     0.17986924E+004     0.40758206E+004    -0.31692198E+000    -0.45058732E-001
     0.44319686E+000     0.22847138E+001     0.34681831E+000     0.17967230E+004     0.40921488E+004    -0.31508386E+000    -0.46804969E-001
     0.44356436E+000     0.23615482E+001     0.40042609E+000     0.17945727E+004     0.41086048E+004    -0.31324658E+000    -0.48522603E-001
     0.44393185E+000     0.24423460E+001     0.45963268E+000     0.17922401E+004     0.41251857E+004    -0.31141042E+000    -0.50211949E-001
     0.44429934E+000     0.25273212E+001     0.52521695E+000     0.17897237E+004     0.41418887E+004    -0.30957567E+000    -0.51873319E-001
     0.44466684E+000     0.26166744E+001     0.59808833E+000     0.17870221E+004     0.41587111E+004    -0.30774258E+000    -0.53507025E-001
     0.44503433E+000     0.27105808E+001     0.67931129E+000     0.17841338E+004     0.41756502E+004    -0.30591142E+000    -0.55113376E-001
     0.44540182E+000     0.28091714E+001     0.77013461E+000     0.17810574E+004     0.41927033E+004    -0.30408245E+000    -0.56692683E-001
     0.44576932E+000     0.29125065E+001     0.87202589E+000     0.17777914E+004     0.42098677E+004    -0.30225590E+000    -0.58245251E-001
     0.44613681E+000     0.30205389E+001     0.98671177E+000     0.17743343E+004     0.42271409E+004    -0.30043202E+000    -0.59771387E-001
     0.44650430E+000     0.31330613E+001     0.11162243E+001     0.17706848E+004     0.42445202E+004    -0.29861104E+000    -0.61271396E-001
     0.44687180E+000     0.32496320E+001     0.12629522E+001     0.17668412E+004     0.42620030E+004    -0.29679319E+000    -0.62745579E-001
     0.44723929E+000     0.33694720E+001     0.14296959E+001     0.17628021E+004     0.42795867E+004    -0.29497869E+000    -0.64194237E-001
     0.44760678E+000     0.34913213E+001     0.16197198E+001     0.17585661E+004     0.42972689E+004    -0.29316776E+000    -0.65617671E-001
     0.44797428E+000     0.36132411E+001     0.18367938E+001     0.17541317E+004     0.43150468E+004    -0.29136059E+000    -0.67016178E-001
     0.44834177E+000     0.37323447E+001     0.20852050E+001     0.17494973E+004     0.43329180E+004    -0.28955740E+000    -0.68390053E-001
     0.44870926E+000     0.38444376E+001     0.23697091E+001     0.17446616E+004     0.43508800E+004    -0.28775838E+000    -0.69739591E-001
     0.44907676E+000     0.39435523E+001     0.26953696E+001     0.17396229E+004     0.43689301E+004    -0.28596372E+000    -0.71065083E-001
     0.44944425E+000     0.40213727E+001     0.30672046E+001     0.17343798E+004     0.43870658E+004    -0.28417361E+000    -0.72366820E-001
     0.44981174E+000     0.40665806E+001     0.34895209E+001     0.17289308E+004     0.44052846E+004    -0.28238821E+000    -0.73645090E-001
     0.45017924E+000     0.40642312E+001     0.39647792E+001     0.17232744E+004     0.44235839E+004    -0.28060772E+000    -0.74900179E-001
     0.45054673E+000     0.39953933E+001     0.44918215E+001     0.17174092E+004     0.44419612E+004    -0.27883228E+000    -0.76132372E-001
     0.45091422E+000     0.38375027E+001     0.50633717E+001     0.17113335E+004     0.44604138E+004    -0.27706208E+000    -0.77341951E-001
     0.45128172E+000     0.35661058E+001     0.56629878E+001     0.17050460E+004     0.44789393E+004    -0.27529726E+000    -0.78529196E-001
     0.45164921E+000     0.31587691E+001     0.62622203E+001     0.16985450E+004     0.44975350E+004    -0.27353797E+000    -0.79694386E-001
     0.45201670E+000     0.26015338E+001     0.68195664E+001     0.16918292E+004     0.45161983E+004    -0.27178437E+000    -0.80837796E-001
     0.45238420E+000     0.18969903E+001     0.72834503E+001     0.16848971E+004     0.45349266E+004    -0.27003660E+000    -0.81959700E-001
     0.45275169E+000     0.10709624E+001     0.76008539E+001     0.16777470E+004     0.45537173E+004    -0.26829479E+000    -0.83060371E-001
     0.45311918E+000     0.17331472E+000     0.77304915E+001     0.16703776E+004     0.45725677E+004    -0.26655907E+000    -0.84140077E-001
     0.45348668E+000    -0.73014999E+000     0.76555164E+001     0.16627874E+004     0.45914751E+004    -0.26482958E+000    -0.85199086E-001
     0.45385417E+000    -0.15728217E+001     0.73891145E+001     0.16549750E+004     0.46104369E+004    -0.26310644E+000    -0.86237664E-001
     0.45422166E+000    -0.23026784E+001     0.69697132E+001     0.16469387E+004     0.46294503E+004    -0.26138976E+000    -0.87256073E-001
     0.45458916E+000    -0.28910339E+001     0.64487344E+001     0.16386773E+004     0.46485126E+004    -0.25967967E+000    -0.88254574E-001
     0.45495665E+000    -0.33324285E+001     0.58774251E+001     0.16301891E+004     0.46676210E+004    -0.25797626E+000    -0.89233426E-001
     0.45532414E+000    -0.36384335E+001     0.52979073E+001     0.16214729E+004     0.46867727E+004    -0.25627966E+000    -0.90192884E-001
     0.45569163E+000    -0.38297757E+001     0.47397790E+001     0.16125272E+004     0.47059650E+004    -0.25458996E+000    -0.91133204E-001
     0.45605913E+000    -0.39298618E+001     0.42208026E+001     0.16033505E+004     0.47251949E+004    -0.25290726E+000    -0.92054636E-001
     0.45642662E+000    -0.39607342E+001     0.37495166E+001     0.15939415E+004     0.47444597E+004    -0.25123165E+000    -0.92957430E-001
     0.45679411E+000    -0.39411683E+001     0.33281674E+001     0.15842988E+004     0.47637564E+004    -0.24956322E+000    -0.93841833E-001
     0.45716161E+000    -0.38861821E+001     0.29551747E+001     0.15744209E+004     0.47830820E+004    -0.24790206E+000    -0.94708090E-001
     0.45752910E+000    -0.38072923E+001     0.26269133E+001     0.15643066E+004     0.48024337E+004    -0.24624826E+000    -0.95556444E-001
     0.45789659E+000    -0.37130710E+001     0.23388765E+001     0.15539546E+004     0.48218084E+004    -0.24460189E+000    -0.96387135E-001
     0.45826409E+000    -0.36097570E+001     0.20863759E+001     0.15433634E+004     0.48412030E+004    -0.24296303E+000    -0.97200400E-001
     0.45863158E+000    -0.35018070E+001     0.18649252E+001     0.15325318E+004     0.48606147E+004    -0.24133175E+000    -0.97996476E-001
     0.45899907E+000    -0.33923494E+001     0.16704280E+001     0.15214585E+004     0.48800401E+004    -0.23970812E+000    -0.98775596E-001
     0.45936657E+000    -0.32835392E+001     0.14992461E+001     0.15101423E+004     0.48994763E+004    -0.23809221E+000    -0.99537990E-001
     0.45973406E+000    -0.31768256E+001     0.13482042E+001     0.14985820E+004     0.49189200E+004    -0.23648407E+000    -0.10028389E+000
     0.46010155E+000    -0.30731520E+001     0.12145606E+001     0.14867763E+004     0.49383681E+004    -0.23488378E+000    -0.10101352E+000
     0.46046905E+000    -0.29731014E+001     0.10959628E+001     0.14747240E+004     0.49578173E+004    -0.23329137E+000    -0.10172710E+000
     0.46083654E+000    -0.28770026E+001     0.99039943E+000     0.14624241E+004     0.49772644E+004    -0.23170692E+000    -0.10242485E+000
     0.46120403E+000    -0.27850065E+001     0.89615373E+000     0.14498753E+004     0.49967060E+004    -0.23013046E+000    -0.10310701E+000
     0.46157153E+000    -0.26971416E+001     0.81176025E+000     0.14370767E+004     0.50161388E+004    -0.22856205E+000    -0.10377377E+000
     0.46193902E+000    -0.26133528E+001     0.73596719E+000     0.14240271E+004     0.50355594E+004    -0.22700172E+000    -0.10442536E+000
     0.46230651E+000    -0.25335304E+001     0.66770356E+000     0.14107256E+004     0.50549644E+004    -0.22544953E+000    -0.10506199E+000
     0.46267401E+000    -0.24575295E+001     0.60605128E+000     0.13971711E+004     0.50743504E+004    -0.22390551E+000    -0.10568388E+000
     0.46304150E+000    -0.23851844E+001     0.55022144E+000     0.13833627E+004     0.50937138E+004    -0.22236969E+000    -0.10629122E+000
     0.46340899E+000    -0.23163187E+001     0.49953444E+000     0.13692995E+004     0.51130512E+004    -0.22084212E+000    -0.10688422E+000
     0.46377649E+000    -0.22507523E+001     0.45340320E+000     0.13549806E+004     0.51323589E+004    -0.21932282E+000    -0.10746309E+000
     0.46414398E+000    -0.21883058E+001     0.41131921E+000     0.13404053E+004     0.51516334E+004    -0.21781182E+000    -0.10802804E+000
     0.46451147E+000    -0.21288040E+001     0.37284071E+000     0.13255726E+004     0.51708710E+004    -0.21630915E+000    -0.10857925E+000
     0.46487897E+000    -0.20720780E+001     0.33758286E+000     0.13104819E+004     0.51900680E+004    -0.21481483E+000    -0.10911692E+000
     0.46524646E+000    -0.20179663E+001     0.30520945E+000     0.12951324E+004     0.52092208E+004    -0.21332889E+000    -0.10964126E+000
     0.46561395E+000    -0.19663154E+001     0.27542594E+000     0.12795236E+004     0.52283255E+004    -0.21185134E+000    -0.11015244E+000
     0.46598145E+000    -0.19169806E+001     0.24797360E+000     0.12636548E+004     0.52473785E+004    -0.21038220E+000    -0.11065067E+000
     0.46634894E+000    -0.18698255E+001     0.22262451E+000     0.12475254E+004     0.52663758E+004    -0.20892150E+000    -0.11113613E+000
     0.46671643E+000    -0.18247221E+001     0.19917739E+000     0.12311351E+004     0.52853136E+004    -0.20746923E+000    -0.11160901E+000
     0.46708393E+000    -0.17815506E+001     0.17745404E+000     0.12144832E+004     0.53041880E+004    -0.20602542E+000    -0.11206949E+000
     0.46745142E+000    -0.17401990E+001     0.15729625E+000     0.11975695E+004     0.53229951E+004    -0.20459007E+000    -0.11251775E+000
     0.46781891E+000    -0.17005624E+001     0.13856330E+000     0.11803936E+004     0.53417310E+004    -0.20316320E+000    -0.11295397E+000
     0.46818641E+000    -0.16625430E+001     0.12112964E+000     0.11629552E+004     0.53603916E+004    -0.20174480E+000    -0.11337833E+000
     0.46855390E+000    -0.16260495E+001     0.10488308E+000     0.11452541E+004     0.53789729E+004    -0.20033488E+000    -0.11379101E+000
     0.46892139E+000    -0.15909967E+001     0.89723091E-001     0.11272901E+004     0.53974708E+004    -0.19893345E+000    -0.11419217E+000
     0.46928889E+000    -0.15573050E+001     0.75559427E-001     0.11090632E+004     0.54158814E+004    -0.19754050E+000    -0.11458199E+000
     0.46965638E+000    -0.15249002E+001     0.62310901E-001     0.10905733E+004     0.54342004E+004    -0.19615604E+000    -0.11496065E+000
     0.47002387E+000    -0.14937130E+001     0.49904327E-001     0.10718205E+004     0.54524237E+004    -0.19478005E+000    -0.11532829E+000
     0.47039137E+000    -0.14636784E+001     0.38273603E-001     0.10528049E+004     0.54705472E+004    -0.19341255E+000    -0.11568510E+000
     0.47075886E+000    -0.14347360E+001     0.27358915E-001     0.10335266E+004     0.54885666E+004    -0.19205351E+000    -0.11603123E+000
     0.47112635E+000    -0.14068292E+001     0.17106038E-001     0.10139858E+004     0.55064778E+004    -0.19070294E+000    -0.11636685E+000
     0.47149384E+000    -0.13799049E+001     0.74657281E-002     0.99418299E+003     0.55242764E+004    -0.18936083E+000    -0.11669210E+000
     0.47186134E+000    -0.13539136E+001    -0.16068115E-002     0.97411841E+003     0.55419583E+004    -0.18802717E+000    -0.11700717E+000
     0.47222883E+000    -0.13288088E+001    -0.10152400E-001     0.95379256E+003     0.55595190E+004    -0.18670194E+000    -0.11731218E+000
     0.47259632E+000    -0.13045469E+001    -0.18208290E-001     0.93320597E+003     0.55769544E+004    -0.18538513E+000    -0.11760731E+000
     0.47296382E+000    -0.12810870E+001    -0.25808537E-001     0.91235926E+003     0.55942600E+004    -0.18407673E+000    -0.11789269E+000
     0.47333131E+000    -0.12583909E+001    -0.32984314E-001     0.89125310E+003     0.56114316E+004    -0.18277673E+000    -0.11816849E+000
     0.47369880E+000    -0.12364223E+001    -0.39764204E-001     0.86988826E+003     0.56284648E+004    -0.18148510E+000    -0.11843485E+000
     0.47406630E+000    -0.12151476E+001    -0.46174445E-001     0.84826559E+003     0.56453551E+004    -0.18020184E+000    -0.11869191E+000
     0.47443379E+000    -0.11945347E+001    -0.52239162E-001     0.82638602E+003     0.56620983E+004    -0.17892692E+000    -0.11893982E+000
     0.47480128E+000    -0.11745537E+001    -0.57980566E-001     0.80425056E+003     0.56786898E+004    -0.17766032E+000    -0.11917871E+000
     0.47516878E+000    -0.11551764E+001    -0.63419126E-001     0.78186030E+003     0.56951253E+004    -0.17640203E+000    -0.11940874E+000
     0.47553627E+000    -0.11363760E+001    -0.68573739E-001     0.75921642E+003     0.57114004E+004    -0.17515201E+000    -0.11963004E+000
     0.47590376E+000    -0.11181275E+001    -0.73461863E-001     0.73632019E+003     0.57275107E+004    -0.17391026E+000    -0.11984274E+000
     0.47627126E+000    -0.11004071E+001    -0.78099653E-001     0.71317294E+003     0.57434517E+004    -0.17267674E+000    -0.12004698E+000
     0.47663875E+000    -0.10831924E+001    -0.82502071E-001     0.68977613E+003     0.57592190E+004    -0.17145143E+000    -0.12024290E+000
     0.47700624E+000    -0.10664622E+001    -0.86682991E-001     0.66613128E+003     0.57748081E+004    -0.17023430E+000    -0.12043062E+000
     0.47737374E+000    -0.10501965E+001    -0.90655292E-001     0.64224000E+003     0.57902147E+004    -0.16902534E+000    -0.12061028E+000
     0.47774123E+000    -0.10343763E+001    -0.94430943E-001     0.61810400E+003     0.58054344E+004    -0.16782451E+000    -0.12078200E+000
     0.47810872E+000    -0.10189837E+001    -0.98021078E-001     0.59372508E+003     0.58204626E+004    -0.16663178E+000    -0.12094591E+000
     0.47847622E+000    -0.10040016E+001    -0.10143606E+000     0.56910513E+003     0.58352951E+004    -0.16544713E+000    -0.12110213E+000
     0.47884371E+000    -0.98941386E+000    -0.10468556E+000     0.54424612E+003     0.58499274E+004    -0.16427052E+000    -0.12125079E+000
     0.47921120E+000    -0.97520519E+000    -0.10777859E+000     0.51915012E+003     0.58643551E+004    -0.16310194E+000    -0.12139202E+000
     0.47957870E+000    -0.96136104E+000    -0.11072357E+000     0.49381931E+003     0.58785739E+004    -0.16194133E+000    -0.12152592E+000
     0.47994619E+000    -0.94786758E+000    -0.11352837E+000     0.46825594E+003     0.58925794E+004    -0.16078869E+000    -0.12165262E+000
     0.48031368E+000    -0.93471167E+000    -0.11620035E+000     0.44246237E+003     0.59063674E+004    -0.15964397E+000    -0.12177223E+000
     0.48068118E+000    -0.92188084E+000    -0.11874640E+000     0.41644103E+003     0.59199334E+004    -0.15850713E+000    -0.12188487E+000
     0.48104867E+000    -0.90936318E+000    -0.12117298E+000     0.39019447E+003     0.59332732E+004    -0.15737816E+000    -0.12199066E+000
     0.48141616E+000    -0.89714737E+000    -0.12348616E+000     0.36372532E+003     0.59463826E+004    -0.15625701E+000    -0.12208970E+000
     0.48178366E+000    -0.88522263E+000    -0.12569161E+000     0.33703632E+003     0.59592574E+004    -0.15514365E+000    -0.12218211E+000
     0.48215115E+000    -0.87357867E+000    -0.12779468E+000     0.31013029E+003     0.59718933E+004    -0.15403804E+000    -0.12226799E+000
     0.48251864E+000    -0.86220570E+000    -0.12980039E+000     0.28301013E+003     0.59842862E+004    -0.15294015E+000    -0.12234745E+000
     0.48288614E+000    -0.85109435E+000    -0.13171346E+000     0.25567888E+003     0.59964320E+004    -0.15184995E+000    -0.12242061E+000
     0.48325363E+000    -0.84023570E+000    -0.13353834E+000     0.22813962E+003     0.60083267E+004    -0.15076740E+000    -0.12248756E+000
     0.48362112E+000    -0.82962120E+000    -0.13527921E+000     0.20039556E+003     0.60199661E+004    -0.14969245E+000    -0.12254841E+000
     0.48398862E+000    -0.81924272E+000    -0.13694004E+000     0.17244998E+003     0.60313463E+004    -0.14862509E+000    -0.12260326E+000
     0.48435611E+000    -0.80909244E+000    -0.13852454E+000     0.14430628E+003     0.60424634E+004    -0.14756525E+000    -0.12265220E+000
     0.48472360E+000    -0.79916292E+000    -0.14003622E+000     0.11596793E+003     0.60533134E+004    -0.14651292E+000    -0.12269535E+000
     0.48509110E+000    -0.78944702E+000    -0.14147843E+000     0.87438488E+002     0.60638925E+004    -0.14546805E+000    -0.12273280E+000
     0.48545859E+000    -0.77993790E+000    -0.14285428E+000     0.58721618E+002     0.60741971E+004    -0.14443060E+000    -0.12276464E+000
     0.48582608E+000    -0.77062903E+000    -0.14416676E+000     0.29821066E+002     0.60842232E+004    -0.14340054E+000    -0.12279096E+000
     0.48619358E+000    -0.76151413E+000    -0.14541867E+000     0.74066610E+000     0.60939673E+004    -0.14237782E+000    -0.12281188E+000
     0.48656107E+000    -0.75258719E+000    -0.14661267E+000    -0.28515660E+002     0.61034257E+004    -0.14136241E+000    -0.12282746E+000
     0.48692856E+000    -0.74384244E+000    -0.14775129E+000    -0.57943902E+002     0.61125950E+004    -0.14035426E+000    -0.12283782E+000
     0.48729605E+000    -0.73527436E+000    -0.14883692E+000    -0.87539966E+002     0.61214717E+004    -0.13935334E+000    -0.12284303E+000
     0.48766355E+000    -0.72687762E+000    -0.14987182E+000    -0.11729968E+003     0.61300523E+004    -0.13835961E+000    -0.12284319E+000
     0.48803104E+000    -0.71864715E+000    -0.15085815E+000    -0.14721877E+003     0.61383336E+004    -0.13737303E+000    -0.12283838E+000
     0.48839853E+000    -0.71057802E+000    -0.15179794E+000    -0.17729290E+003     0.61463123E+004    -0.13639355E+000    -0.12282870E+000
     0.48876603E+000    -0.70266554E+000    -0.15269315E+000    -0.20751765E+003     0.61539852E+004    -0.13542113E+000    -0.12281422E+000
     0.48913352E+000    -0.69490519E+000    -0.15354561E+000    -0.23788852E+003     0.61613493E+004    -0.13445575E+000    -0.12279502E+000
     0.48950101E+000    -0.68729260E+000    -0.15435707E+000    -0.26840094E+003     0.61684015E+004    -0.13349734E+000    -0.12277121E+000
     0.48986851E+000    -0.67982359E+000    -0.15512921E+000    -0.29905025E+003     0.61751390E+004    -0.13254588E+000    -0.12274284E+000
     0.49023600E+000    -0.67249413E+000    -0.15586362E+000    -0.32983172E+003     0.61815588E+004    -0.13160132E+000    -0.12271001E+000
     0.49060349E+000    -0.66530034E+000    -0.15656181E+000    -0.36074058E+003     0.61876583E+004    -0.13066362E+000    -0.12267279E+000
     0.49097099E+000    -0.65823849E+000    -0.15722522E+000    -0.39177194E+003     0.61934349E+004    -0.12973274E+000    -0.12263127E+000
     0.49133848E+000    -0.65130497E+000    -0.15785522E+000    -0.42292089E+003     0.61988858E+004    -0.12880864E+000    -0.12258551E+000
     0.49170597E+000    -0.64449631E+000    -0.15845312E+000    -0.45418243E+003     0.62040088E+004    -0.12789127E+000    -0.12253560E+000
     0.49207347E+000    -0.63780917E+000    -0.15902018E+000    -0.48555149E+003     0.62088014E+004    -0.12698060E+000    -0.12248161E+000
     0.49244096E+000    -0.63124031E+000    -0.15955759E+000    -0.51702298E+003     0.62132614E+004    -0.12607658E+000    -0.12242362E+000
     0.49280845E+000    -0.62478664E+000    -0.16006648E+000    -0.54859171E+003     0.62173866E+004    -0.12517918E+000    -0.12236169E+000
     0.49317595E+000    -0.61844514E+000    -0.16054795E+000    -0.58025246E+003     0.62211749E+004    -0.12428834E+000    -0.12229590E+000
     0.49354344E+000    -0.61221291E+000    -0.16100303E+000    -0.61199993E+003     0.62246244E+004    -0.12340403E+000    -0.12222632E+000
     0.49391093E+000    -0.60608716E+000    -0.16143271E+000    -0.64382882E+003     0.62277333E+004    -0.12252621E+000    -0.12215302E+000
     0.49427843E+000    -0.60006517E+000    -0.16183796E+000    -0.67573372E+003     0.62304998E+004    -0.12165483E+000    -0.12207607E+000
     0.49464592E+000    -0.59414434E+000    -0.16221967E+000    -0.70770923E+003     0.62329223E+004    -0.12078985E+000    -0.12199554E+000
     0.49501341E+000    -0.58832214E+000    -0.16257872E+000    -0.73974987E+003     0.62349992E+004    -0.11993123E+000    -0.12191148E+000
     0.49538091E+000    -0.58259613E+000    -0.16291594E+000    -0.77185015E+003     0.62367292E+004    -0.11907894E+000    -0.12182398E+000
     0.49574840E+000    -0.57696395E+000    -0.16323213E+000    -0.80400452E+003     0.62381111E+004    -0.11823292E+000    -0.12173309E+000
     0.49611589E+000    -0.57142331E+000    -0.16352805E+000    -0.83620741E+003     0.62391435E+004    -0.11739313E+000    -0.12163888E+000
     0.49648339E+000    -0.56597201E+000    -0.16380443E+000    -0.86845322E+003     0.62398254E+004    -0.11655954E+000    -0.12154141E+000
     0.49685088E+000    -0.56060790E+000    -0.16406198E+000    -0.90073631E+003     0.62401560E+004    -0.11573210E+000    -0.12144075E+000
     0.49721837E+000    -0.55532891E+000    -0.16430137E+000    -0.93305104E+003     0.62401344E+004    -0.11491077E+000    -0.12133695E+000
     0.49758587E+000    -0.55013304E+000    -0.16452324E+000    -0.96539172E+003     0.62397598E+004    -0.11409552E+000    -0.12123007E+000
     0.49795336E+000    -0.54501835E+000    -0.16472823E+000    -0.99775266E+003     0.62390317E+004    -0.11328629E+000    -0.12112018E+000
     0.49832085E+000    -0.53998296E+000    -0.16491691E+000    -0.10301282E+004     0.62379497E+004    -0.11248304E+000    -0.12100733E+000
     0.49868835E+000    -0.53502503E+000    -0.16508986E+000    -0.10625125E+004     0.62365134E+004    -0.11168574E+000    -0.12089158E+000
     0.49905584E+000    -0.53014281E+000    -0.16524764E+000    -0.10948999E+004     0.62347225E+004    -0.11089435E+000    -0.12077299E+000
     0.49942333E+000    -0.52533459E+000    -0.16539076E+000    -0.11272847E+004     0.62325770E+004    -0.11010882E+000    -0.12065161E+000
     0.49979083E+000    -0.52059869E+000    -0.16551974E+000    -0.11596611E+004     0.62300768E+004    -0.10932912E+000    -0.12052750E+000
     0.50015832E+000    -0.51593350E+000    -0.16563506E+000    -0.11920234E+004     0.62272222E+004    -0.10855519E+000    -0.12040072E+000
     0.50052581E+000    -0.51133747E+000    -0.16573719E+000    -0.12243659E+004     0.62240133E+004    -0.10778701E+000    -0.12027131E+000
     0.50089331E+000    -0.50680908E+000    -0.16582659E+000    -0.12566828E+004     0.62204507E+004    -0.10702453E+000    -0.12013933E+000
     0.50126080E+000    -0.50234684E+000    -0.16590367E+000    -0.12889684E+004     0.62165346E+004    -0.10626770E+000    -0.12000484E+000
     0.50162829E+000    -0.49794933E+000    -0.16596887E+000    -0.13212170E+004     0.62122659E+004    -0.10551650E+000    -0.11986787E+000
     0.50199578E+000    -0.49361517E+000    -0.16602258E+000    -0.13534230E+004     0.62076452E+004    -0.10477088E+000    -0.11972849E+000
     0.50236328E+000    -0.48934300E+000    -0.16606520E+000    -0.13855806E+004     0.62026735E+004    -0.10403080E+000    -0.11958675E+000
     0.50273077E+000    -0.48513151E+000    -0.16609708E+000    -0.14176843E+004     0.61973516E+004    -0.10329622E+000    -0.11944269E+000
     0.50309826E+000    -0.48097942E+000    -0.16611860E+000    -0.14497284E+004     0.61916807E+004    -0.10256710E+000    -0.11929635E+000
     0.50346576E+000    -0.47688550E+000    -0.16613009E+000    -0.14817072E+004     0.61856620E+004    -0.10184340E+000    -0.11914780E+000
     0.50383325E+000    -0.47284855E+000    -0.16613189E+000    -0.15136154E+004     0.61792968E+004    -0.10112508E+000    -0.11899707E+000
     0.50420074E+000    -0.46886739E+000    -0.16612432E+000    -0.15454473E+004     0.61725867E+004    -0.10041210E+000    -0.11884422E+000
     0.50456824E+000    -0.46494089E+000    -0.16610770E+000    -0.15771975E+004     0.61655331E+004    -0.99704432E-001    -0.11868928E+000
     0.50493573E+000    -0.46106794E+000    -0.16608231E+000    -0.16088605E+004     0.61581378E+004    -0.99002025E-001    -0.11853230E+000
     0.50530322E+000    -0.45724745E+000    -0.16604845E+000    -0.16404309E+004     0.61504025E+004    -0.98304844E-001    -0.11837333E+000
     0.50567072E+000    -0.45347839E+000    -0.16600640E+000    -0.16719034E+004     0.61423291E+004    -0.97612851E-001    -0.11821241E+000
     0.50603821E+000    -0.44975973E+000    -0.16595642E+000    -0.17032727E+004     0.61339197E+004    -0.96926007E-001    -0.11804958E+000
     0.50640570E+000    -0.44609048E+000    -0.16589878E+000    -0.17345335E+004     0.61251764E+004    -0.96244274E-001    -0.11788488E+000
     0.50677320E+000    -0.44246968E+000    -0.16583372E+000    -0.17656807E+004     0.61161014E+004    -0.95567614E-001    -0.11771836E+000
     0.50714069E+000    -0.43889637E+000    -0.16576148E+000    -0.17967091E+004     0.61066971E+004    -0.94895990E-001    -0.11755006E+000
     0.50750818E+000    -0.43536964E+000    -0.16568231E+000    -0.18276137E+004     0.60969658E+004    -0.94229363E-001    -0.11738002E+000
     0.50787568E+000    -0.43188861E+000    -0.16559641E+000    -0.18583894E+004     0.60869101E+004    -0.93567697E-001    -0.11720827E+000
     0.50824317E+000    -0.42845239E+000    -0.16550402E+000    -0.18890313E+004     0.60765327E+004    -0.92910954E-001    -0.11703485E+000
     0.50861066E+000    -0.42506015E+000    -0.16540534E+000    -0.19195345E+004     0.60658362E+004    -0.92259097E-001    -0.11685982E+000
     0.50897816E+000    -0.42171105E+000    -0.16530058E+000    -0.19498942E+004     0.60548235E+004    -0.91612090E-001    -0.11668319E+000
     0.50934565E+000    -0.41840428E+000    -0.16518993E+000    -0.19801057E+004     0.60434976E+004    -0.90969896E-001    -0.11650501E+000
     0.50971314E+000    -0.41513907E+000    -0.16507358E+000    -0.20101643E+004     0.60318614E+004    -0.90332478E-001    -0.11632532E+000
     0.51008064E+000    -0.41191464E+000    -0.16495172E+000    -0.20400655E+004     0.60199180E+004    -0.89699801E-001    -0.11614415E+000
     0.51044813E+000    -0.40873024E+000    -0.16482452E+000    -0.20698047E+004     0.60076706E+004    -0.89071827E-001    -0.11596154E+000
     0.51081562E+000    -0.40558516E+000    -0.16469216E+000    -0.20993775E+004     0.59951225E+004    -0.88448523E-001    -0.11577752E+000
     0.51118312E+000    -0.40247867E+000    -0.16455481E+000    -0.21287796E+004     0.59822770E+004    -0.87829851E-001    -0.11559213E+000
     0.51155061E+000    -0.39941008E+000    -0.16441261E+000    -0.21580067E+004     0.59691375E+004    -0.87215777E-001    -0.11540540E+000
     0.51191810E+000    -0.39637871E+000    -0.16426575E+000    -0.21870546E+004     0.59557076E+004    -0.86606265E-001    -0.11521736E+000
     0.51228560E+000    -0.39338391E+000    -0.16411435E+000    -0.22159193E+004     0.59419908E+004    -0.86001281E-001    -0.11502806E+000
     0.51265309E+000    -0.39042503E+000    -0.16395857E+000    -0.22445968E+004     0.59279908E+004    -0.85400790E-001    -0.11483751E+000
     0.51302058E+000    -0.38750143E+000    -0.16379855E+000    -0.22730832E+004     0.59137113E+004    -0.84804757E-001    -0.11464575E+000
     0.51338808E+000    -0.38461251E+000    -0.16363444E+000    -0.23013745E+004     0.58991560E+004    -0.84213148E-001    -0.11445282E+000
     0.51375557E+000    -0.38175765E+000    -0.16346635E+000    -0.23294673E+004     0.58843289E+004    -0.83625929E-001    -0.11425874E+000
     0.51412306E+000    -0.37893628E+000    -0.16329442E+000    -0.23573577E+004     0.58692337E+004    -0.83043066E-001    -0.11406354E+000
     0.51449056E+000    -0.37614781E+000    -0.16311878E+000    -0.23850423E+004     0.58538746E+004    -0.82464525E-001    -0.11386726E+000
     0.51485805E+000    -0.37339170E+000    -0.16293954E+000    -0.24125176E+004     0.58382554E+004    -0.81890274E-001    -0.11366992E+000
     0.51522554E+000    -0.37066738E+000    -0.16275683E+000    -0.24397804E+004     0.58223804E+004    -0.81320278E-001    -0.11347156E+000
     0.51559304E+000    -0.36797433E+000    -0.16257075E+000    -0.24668273E+004     0.58062535E+004    -0.80754505E-001    -0.11327219E+000
     0.51596053E+000    -0.36531202E+000    -0.16238142E+000    -0.24936552E+004     0.57898789E+004    -0.80192921E-001    -0.11307186E+000
     0.51632802E+000    -0.36267994E+000    -0.16218895E+000    -0.25202611E+004     0.57732609E+004    -0.79635495E-001    -0.11287058E+000
     0.51669552E+000    -0.36007759E+000    -0.16199343E+000    -0.25466420E+004     0.57564038E+004    -0.79082194E-001    -0.11266838E+000
     0.51706301E+000    -0.35750448E+000    -0.16179497E+000    -0.25727952E+004     0.57393117E+004    -0.78532986E-001    -0.11246530E+000
     0.51743050E+000    -0.35496014E+000    -0.16159367E+000    -0.25987177E+004     0.57219891E+004    -0.77987839E-001    -0.11226135E+000
     0.51779799E+000    -0.35244409E+000    -0.16138962E+000    -0.26244071E+004     0.57044403E+004    -0.77446721E-001    -0.11205657E+000
     0.51816549E+000    -0.34995587E+000    -0.16118292E+000    -0.26498608E+004     0.56866697E+004    -0.76909601E-001    -0.11185097E+000
     0.51853298E+000    -0.34749505E+000    -0.16097364E+000    -0.26750762E+004     0.56686816E+004    -0.76376447E-001    -0.11164459E+000
     0.51890047E+000    -0.34506117E+000    -0.16076189E+000    -0.27000512E+004     0.56504806E+004    -0.75847229E-001    -0.11143745E+000
     0.51926797E+000    -0.34265382E+000    -0.16054773E+000    -0.27247834E+004     0.56320711E+004    -0.75321915E-001    -0.11122957E+000
     0.51963546E+000    -0.34027256E+000    -0.16033127E+000    -0.27492707E+004     0.56134577E+004    -0.74800475E-001    -0.11102097E+000
     0.52000295E+000    -0.33791700E+000    -0.16011256E+000    -0.27735110E+004     0.55946447E+004    -0.74282879E-001    -0.11081168E+000
     0.52037045E+000    -0.33558673E+000    -0.15989170E+000    -0.27975025E+004     0.55756367E+004    -0.73769096E-001    -0.11060173E+000
     0.52073794E+000    -0.33328135E+000    -0.15966875E+000    -0.28212433E+004     0.55564382E+004    -0.73259097E-001    -0.11039113E+000
     0.52110543E+000    -0.33100048E+000    -0.15944379E+000    -0.28447316E+004     0.55370539E+004    -0.72752851E-001    -0.11017991E+000
     0.52147293E+000    -0.32874375E+000    -0.15921689E+000    -0.28679658E+004     0.55174882E+004    -0.72250329E-001    -0.10996809E+000
     0.52184042E+000    -0.32651077E+000    -0.15898811E+000    -0.28909444E+004     0.54977456E+004    -0.71751502E-001    -0.10975569E+000
     0.52220791E+000    -0.32430120E+000    -0.15875753E+000    -0.29136660E+004     0.54778308E+004    -0.71256341E-001    -0.10954273E+000
     0.52257541E+000    -0.32211467E+000    -0.15852521E+000    -0.29361291E+004     0.54577483E+004    -0.70764816E-001    -0.10932924E+000
     0.52294290E+000    -0.31995083E+000    -0.15829120E+000    -0.29583325E+004     0.54375026E+004    -0.70276899E-001    -0.10911523E+000
     0.52331039E+000    -0.31780935E+000    -0.15805558E+000    -0.29802751E+004     0.54170982E+004    -0.69792562E-001    -0.10890072E+000
     0.52367789E+000    -0.31568990E+000    -0.15781840E+000    -0.30019559E+004     0.53965398E+004    -0.69311776E-001    -0.10868574E+000
     0.52404538E+000    -0.31359214E+000    -0.15757971E+000    -0.30233737E+004     0.53758318E+004    -0.68834514E-001    -0.10847030E+000
     0.52441287E+000    -0.31151576E+000    -0.15733959E+000    -0.30445279E+004     0.53549788E+004    -0.68360747E-001    -0.10825442E+000
     0.52478037E+000    -0.30946043E+000    -0.15709807E+000    -0.30654175E+004     0.53339852E+004    -0.67890447E-001    -0.10803813E+000
     0.52514786E+000    -0.30742586E+000    -0.15685521E+000    -0.30860420E+004     0.53128556E+004    -0.67423588E-001    -0.10782143E+000
     0.52551535E+000    -0.30541173E+000    -0.15661106E+000    -0.31064006E+004     0.52915945E+004    -0.66960142E-001    -0.10760436E+000
     0.52588285E+000    -0.30341777E+000    -0.15636568E+000    -0.31264929E+004     0.52702061E+004    -0.66500082E-001    -0.10738692E+000
     0.52625034E+000    -0.30144366E+000    -0.15611911E+000    -0.31463184E+004     0.52486951E+004    -0.66043382E-001    -0.10716913E+000
     0.52661783E+000    -0.29948913E+000    -0.15587140E+000    -0.31658769E+004     0.52270658E+004    -0.65590013E-001    -0.10695102E+000
     0.52698533E+000    -0.29755390E+000    -0.15562259E+000    -0.31851680E+004     0.52053226E+004    -0.65139952E-001    -0.10673259E+000
     0.52735282E+000    -0.29563769E+000    -0.15537274E+000    -0.32041916E+004     0.51834698E+004    -0.64693170E-001    -0.10651387E+000
     0.52772031E+000    -0.29374024E+000    -0.15512187E+000    -0.32229476E+004     0.51615118E+004    -0.64249642E-001    -0.10629487E+000
     0.52808781E+000    -0.29186128E+000    -0.15487005E+000    -0.32414359E+004     0.51394529E+004    -0.63809342E-001    -0.10607561E+000
     0.52845530E+000    -0.29000055E+000    -0.15461730E+000    -0.32596567E+004     0.51172973E+004    -0.63372245E-001    -0.10585610E+000
     0.52882279E+000    -0.28815780E+000    -0.15436366E+000    -0.32776101E+004     0.50950493E+004    -0.62938325E-001    -0.10563636E+000
     0.52919029E+000    -0.28633278E+000    -0.15410919E+000    -0.32952962E+004     0.50727130E+004    -0.62507558E-001    -0.10541640E+000
     0.52955778E+000    -0.28452524E+000    -0.15385390E+000    -0.33127155E+004     0.50502927E+004    -0.62079917E-001    -0.10519625E+000
     0.52992527E+000    -0.28273495E+000    -0.15359785E+000    -0.33298682E+004     0.50277924E+004    -0.61655378E-001    -0.10497590E+000
     0.53029277E+000    -0.28096166E+000    -0.15334106E+000    -0.33467549E+004     0.50052162E+004    -0.61233917E-001    -0.10475539E+000
     0.53066026E+000    -0.27920515E+000    -0.15308358E+000    -0.33633759E+004     0.49825683E+004    -0.60815509E-001    -0.10453472E+000
     0.53102775E+000    -0.27746519E+000    -0.15282543E+000    -0.33797320E+004     0.49598525E+004    -0.60400130E-001    -0.10431391E+000
     0.53139525E+000    -0.27574155E+000    -0.15256665E+000    -0.33958236E+004     0.49370729E+004    -0.59987756E-001    -0.10409297E+000
     0.53176274E+000    -0.27403402E+000    -0.15230727E+000    -0.34116516E+004     0.49142333E+004    -0.59578363E-001    -0.10387191E+000
     0.53213023E+000    -0.27234238E+000    -0.15204733E+000    -0.34272168E+004     0.48913377E+004    -0.59171927E-001    -0.10365076E+000
     0.53249773E+000    -0.27066642E+000    -0.15178684E+000    -0.34425198E+004     0.48683899E+004    -0.58768425E-001    -0.10342951E+000
     0.53286522E+000    -0.26900593E+000    -0.15152585E+000    -0.34575618E+004     0.48453936E+004    -0.58367834E-001    -0.10320819E+000
     0.53323271E+000    -0.26736071E+000    -0.15126438E+000    -0.34723435E+004     0.48223526E+004    -0.57970130E-001    -0.10298680E+000
     0.53360020E+000    -0.26573056E+000    -0.15100246E+000    -0.34868660E+004     0.47992707E+004    -0.57575290E-001    -0.10276536E+000
     0.53396770E+000    -0.26411527E+000    -0.15074012E+000    -0.35011304E+004     0.47761513E+004    -0.57183293E-001    -0.10254389E+000
     0.53433519E+000    -0.26251466E+000    -0.15047738E+000    -0.35151378E+004     0.47529982E+004    -0.56794115E-001    -0.10232238E+000
     0.53470268E+000    -0.26092854E+000    -0.15021427E+000    -0.35288893E+004     0.47298149E+004    -0.56407734E-001    -0.10210087E+000
     0.53507018E+000    -0.25935672E+000    -0.14995082E+000    -0.35423863E+004     0.47066049E+004    -0.56024127E-001    -0.10187934E+000
     0.53543767E+000    -0.25779901E+000    -0.14968704E+000    -0.35556298E+004     0.46833715E+004    -0.55643273E-001    -0.10165783E+000
     0.53580516E+000    -0.25625523E+000    -0.14942297E+000    -0.35686214E+004     0.46601183E+004    -0.55265150E-001    -0.10143633E+000
     0.53617266E+000    -0.25472522E+000    -0.14915863E+000    -0.35813623E+004     0.46368486E+004    -0.54889737E-001    -0.10121487E+000
     0.53654015E+000    -0.25320878E+000    -0.14889404E+000    -0.35938540E+004     0.46135655E+004    -0.54517011E-001    -0.10099344E+000
     0.53690764E+000    -0.25170576E+000    -0.14862921E+000    -0.36060979E+004     0.45902725E+004    -0.54146952E-001    -0.10077207E+000
     0.53727514E+000    -0.25021598E+000    -0.14836418E+000    -0.36180955E+004     0.45669726E+004    -0.53779538E-001    -0.10055075E+000
     0.53764263E+000    -0.24873927E+000    -0.14809897E+000    -0.36298483E+004     0.45436690E+004    -0.53414748E-001    -0.10032951E+000
     0.53801012E+000    -0.24727548E+000    -0.14783359E+000    -0.36413579E+004     0.45203648E+004    -0.53052562E-001    -0.10010835E+000
     0.53837762E+000    -0.24582444E+000    -0.14756807E+000    -0.36526259E+004     0.44970629E+004    -0.52692959E-001    -0.99887278E-001
     0.53874511E+000    -0.24438600E+000    -0.14730241E+000    -0.36636539E+004     0.44737665E+004    -0.52335918E-001    -0.99666308E-001
     0.53911260E+000    -0.24296000E+000    -0.14703666E+000    -0.36744437E+004     0.44504783E+004    -0.51981420E-001    -0.99445447E-001
     0.53948010E+000    -0.24154628E+000    -0.14677081E+000    -0.36849970E+004     0.44272013E+004    -0.51629444E-001    -0.99224705E-001
     0.53984759E+000    -0.24014471E+000    -0.14650489E+000    -0.36953154E+004     0.44039382E+004    -0.51279970E-001    -0.99004092E-001
     0.54021508E+000    -0.23875512E+000    -0.14623892E+000    -0.37054007E+004     0.43806918E+004    -0.50932978E-001    -0.98783615E-001
     0.54058258E+000    -0.23737737E+000    -0.14597292E+000    -0.37152548E+004     0.43574649E+004    -0.50588449E-001    -0.98563283E-001
     0.54095007E+000    -0.23601133E+000    -0.14570689E+000    -0.37248794E+004     0.43342600E+004    -0.50246364E-001    -0.98343105E-001
     0.54131756E+000    -0.23465685E+000    -0.14544086E+000    -0.37342765E+004     0.43110798E+004    -0.49906702E-001    -0.98123090E-001
     0.54168506E+000    -0.23331379E+000    -0.14517484E+000    -0.37434478E+004     0.42879268E+004    -0.49569445E-001    -0.97903245E-001
     0.54205255E+000    -0.23198201E+000    -0.14490885E+000    -0.37523953E+004     0.42648034E+004    -0.49234575E-001    -0.97683579E-001
     0.54242004E+000    -0.23066139E+000    -0.14464290E+000    -0.37611209E+004     0.42417122E+004    -0.48902071E-001    -0.97464099E-001
     0.54278754E+000    -0.22935179E+000    -0.14437701E+000    -0.37696265E+004     0.42186556E+004    -0.48571916E-001    -0.97244813E-001
     0.54315503E+000    -0.22805308E+000    -0.14411119E+000    -0.37779141E+004     0.41956357E+004    -0.48244090E-001    -0.97025729E-001
     0.54352252E+000    -0.22676513E+000    -0.14384545E+000    -0.37859856E+004     0.41726550E+004    -0.47918576E-001    -0.96806853E-001
     0.54389002E+000    -0.22548781E+000    -0.14357981E+000    -0.37938431E+004     0.41497156E+004    -0.47595355E-001    -0.96588194E-001
     0.54425751E+000    -0.22422101E+000    -0.14331429E+000    -0.38014884E+004     0.41268198E+004    -0.47274410E-001    -0.96369758E-001
     0.54462500E+000    -0.22296460E+000    -0.14304888E+000    -0.38089238E+004     0.41039696E+004    -0.46955722E-001    -0.96151552E-001
     0.54499250E+000    -0.22171846E+000    -0.14278361E+000    -0.38161511E+004     0.40811671E+004    -0.46639273E-001    -0.95933583E-001
     0.54535999E+000    -0.22048247E+000    -0.14251849E+000    -0.38231724E+004     0.40584144E+004    -0.46325047E-001    -0.95715859E-001
     0.54572748E+000    -0.21925652E+000    -0.14225353E+000    -0.38299898E+004     0.40357133E+004    -0.46013024E-001    -0.95498384E-001
     0.54609498E+000    -0.21804048E+000    -0.14198874E+000    -0.38366053E+004     0.40130659E+004    -0.45703189E-001    -0.95281166E-001
     0.54646247E+000    -0.21683426E+000    -0.14172413E+000    -0.38430211E+004     0.39904740E+004    -0.45395524E-001    -0.95064211E-001
     0.54682996E+000    -0.21563773E+000    -0.14145972E+000    -0.38492390E+004     0.39679395E+004    -0.45090012E-001    -0.94847526E-001
     0.54719746E+000    -0.21445078E+000    -0.14119551E+000    -0.38552614E+004     0.39454640E+004    -0.44786636E-001    -0.94631115E-001
     0.54756495E+000    -0.21327332E+000    -0.14093151E+000    -0.38610901E+004     0.39230494E+004    -0.44485379E-001    -0.94414985E-001
     0.54793244E+000    -0.21210523E+000    -0.14066774E+000    -0.38667274E+004     0.39006972E+004    -0.44186225E-001    -0.94199142E-001
     0.54829994E+000    -0.21094640E+000    -0.14040420E+000    -0.38721753E+004     0.38784093E+004    -0.43889157E-001    -0.93983592E-001
     0.54866743E+000    -0.20979674E+000    -0.14014090E+000    -0.38774360E+004     0.38561870E+004    -0.43594159E-001    -0.93768339E-001
     0.54903492E+000    -0.20865614E+000    -0.13987785E+000    -0.38825114E+004     0.38340320E+004    -0.43301215E-001    -0.93553390E-001
     0.54940241E+000    -0.20752451E+000    -0.13961507E+000    -0.38874038E+004     0.38119458E+004    -0.43010308E-001    -0.93338750E-001
     0.54976991E+000    -0.20640173E+000    -0.13935255E+000    -0.38921152E+004     0.37899298E+004    -0.42721423E-001    -0.93124423E-001
     0.55013740E+000    -0.20528773E+000    -0.13909031E+000    -0.38966477E+004     0.37679855E+004    -0.42434544E-001    -0.92910415E-001
     0.55050489E+000    -0.20418239E+000    -0.13882836E+000    -0.39010035E+004     0.37461141E+004    -0.42149655E-001    -0.92696730E-001
     0.55087239E+000    -0.20308563E+000    -0.13856671E+000    -0.39051845E+004     0.37243170E+004    -0.41866740E-001    -0.92483375E-001
     0.55123988E+000    -0.20199736E+000    -0.13830535E+000    -0.39091930E+004     0.37025955E+004    -0.41585785E-001    -0.92270352E-001
     0.55160737E+000    -0.20091747E+000    -0.13804430E+000    -0.39130309E+004     0.36809508E+004    -0.41306774E-001    -0.92057668E-001
     0.55197487E+000    -0.19984589E+000    -0.13778358E+000    -0.39167005E+004     0.36593841E+004    -0.41029692E-001    -0.91845326E-001
     0.55234236E+000    -0.19878251E+000    -0.13752317E+000    -0.39202037E+004     0.36378965E+004    -0.40754524E-001    -0.91633330E-001
     0.55270985E+000    -0.19772726E+000    -0.13726310E+000    -0.39235427E+004     0.36164893E+004    -0.40481254E-001    -0.91421686E-001
     0.55307735E+000    -0.19668004E+000    -0.13700336E+000    -0.39267195E+004     0.35951634E+004    -0.40209869E-001    -0.91210398E-001
     0.55344484E+000    -0.19564078E+000    -0.13674397E+000    -0.39297361E+004     0.35739198E+004    -0.39940353E-001    -0.90999468E-001
     0.55381233E+000    -0.19460938E+000    -0.13648493E+000    -0.39325947E+004     0.35527597E+004    -0.39672692E-001    -0.90788902E-001
     0.55417983E+000    -0.19358577E+000    -0.13622625E+000    -0.39352972E+004     0.35316839E+004    -0.39406872E-001    -0.90578704E-001
     0.55454732E+000    -0.19256985E+000    -0.13596793E+000    -0.39378458E+004     0.35106933E+004    -0.39142878E-001    -0.90368877E-001
     0.55491481E+000    -0.19156156E+000    -0.13570998E+000    -0.39402424E+004     0.34897888E+004    -0.38880696E-001    -0.90159424E-001
     0.55528231E+000    -0.19056081E+000    -0.13545240E+000    -0.39424891E+004     0.34689714E+004    -0.38620312E-001    -0.89950351E-001
     0.55564980E+000    -0.18956752E+000    -0.13519521E+000    -0.39445879E+004     0.34482418E+004    -0.38361713E-001    -0.89741659E-001
     0.55601729E+000    -0.18858162E+000    -0.13493840E+000    -0.39465408E+004     0.34276007E+004    -0.38104884E-001    -0.89533353E-001
     0.55638479E+000    -0.18760302E+000    -0.13468198E+000    -0.39483497E+004     0.34070489E+004    -0.37849811E-001    -0.89325436E-001
     0.55675228E+000    -0.18663166E+000    -0.13442595E+000    -0.39500167E+004     0.33865872E+004    -0.37596482E-001    -0.89117911E-001
     0.55711977E+000    -0.18566746E+000    -0.13417033E+000    -0.39515437E+004     0.33662162E+004    -0.37344882E-001    -0.88910781E-001
     0.55748727E+000    -0.18471034E+000    -0.13391511E+000    -0.39529326E+004     0.33459366E+004    -0.37094999E-001    -0.88704050E-001
     0.55785476E+000    -0.18376023E+000    -0.13366031E+000    -0.39541855E+004     0.33257490E+004    -0.36846818E-001    -0.88497721E-001
     0.55822225E+000    -0.18281707E+000    -0.13340592E+000    -0.39553043E+004     0.33056539E+004    -0.36600328E-001    -0.88291796E-001
     0.55858975E+000    -0.18188078E+000    -0.13315194E+000    -0.39562908E+004     0.32856519E+004    -0.36355514E-001    -0.88086279E-001
     0.55895724E+000    -0.18095129E+000    -0.13289839E+000    -0.39571470E+004     0.32657435E+004    -0.36112364E-001    -0.87881172E-001
     0.55932473E+000    -0.18002853E+000    -0.13264527E+000    -0.39578747E+004     0.32459293E+004    -0.35870866E-001    -0.87676478E-001
     0.55969223E+000    -0.17911243E+000    -0.13239258E+000    -0.39584759E+004     0.32262097E+004    -0.35631006E-001    -0.87472200E-001
     0.56005972E+000    -0.17820294E+000    -0.13214033E+000    -0.39589524E+004     0.32065851E+004    -0.35392772E-001    -0.87268340E-001
     0.56042721E+000    -0.17729997E+000    -0.13188851E+000    -0.39593061E+004     0.31870560E+004    -0.35156151E-001    -0.87064900E-001
     0.56079471E+000    -0.17640348E+000    -0.13163714E+000    -0.39595387E+004     0.31676227E+004    -0.34921131E-001    -0.86861884E-001
     0.56116220E+000    -0.17551338E+000    -0.13138621E+000    -0.39596522E+004     0.31482855E+004    -0.34687700E-001    -0.86659294E-001
     0.56152969E+000    -0.17462963E+000    -0.13113574E+000    -0.39596483E+004     0.31290449E+004    -0.34455846E-001    -0.86457131E-001
     0.56189719E+000    -0.17375216E+000    -0.13088571E+000    -0.39595288E+004     0.31099012E+004    -0.34225556E-001    -0.86255399E-001
     0.56226468E+000    -0.17288090E+000    -0.13063615E+000    -0.39592955E+004     0.30908545E+004    -0.33996819E-001    -0.86054099E-001
     0.56263217E+000    -0.17201579E+000    -0.13038704E+000    -0.39589502E+004     0.30719052E+004    -0.33769622E-001    -0.85853233E-001
     0.56299967E+000    -0.17115678E+000    -0.13013839E+000    -0.39584945E+004     0.30530535E+004    -0.33543955E-001    -0.85652803E-001
     0.56336716E+000    -0.17030380E+000    -0.12989021E+000    -0.39579303E+004     0.30342996E+004    -0.33319804E-001    -0.85452812E-001
     0.56373465E+000    -0.16945680E+000    -0.12964250E+000    -0.39572592E+004     0.30156437E+004    -0.33097159E-001    -0.85253262E-001
     0.56410214E+000    -0.16861572E+000    -0.12939525E+000    -0.39564830E+004     0.29970860E+004    -0.32876009E-001    -0.85054153E-001
     0.56446964E+000    -0.16778050E+000    -0.12914849E+000    -0.39556032E+004     0.29786266E+004    -0.32656341E-001    -0.84855489E-001
     0.56483713E+000    -0.16695109E+000    -0.12890219E+000    -0.39546217E+004     0.29602657E+004    -0.32438145E-001    -0.84657270E-001
     0.56520462E+000    -0.16612742E+000    -0.12865638E+000    -0.39535400E+004     0.29420032E+004    -0.32221409E-001    -0.84459499E-001
     0.56557212E+000    -0.16530945E+000    -0.12841104E+000    -0.39523597E+004     0.29238395E+004    -0.32006122E-001    -0.84262177E-001
     0.56593961E+000    -0.16449712E+000    -0.12816619E+000    -0.39510825E+004     0.29057744E+004    -0.31792273E-001    -0.84065305E-001
     0.56630710E+000    -0.16369038E+000    -0.12792182E+000    -0.39497100E+004     0.28878080E+004    -0.31579852E-001    -0.83868885E-001
     0.56667460E+000    -0.16288916E+000    -0.12767794E+000    -0.39482438E+004     0.28699404E+004    -0.31368847E-001    -0.83672919E-001
     0.56704209E+000    -0.16209343E+000    -0.12743455E+000    -0.39466854E+004     0.28521716E+004    -0.31159248E-001    -0.83477408E-001
     0.56740958E+000    -0.16130313E+000    -0.12719165E+000    -0.39450364E+004     0.28345016E+004    -0.30951044E-001    -0.83282354E-001
     0.56777708E+000    -0.16051821E+000    -0.12694924E+000    -0.39432983E+004     0.28169303E+004    -0.30744225E-001    -0.83087757E-001
     0.56814457E+000    -0.15973862E+000    -0.12670733E+000    -0.39414727E+004     0.27994577E+004    -0.30538779E-001    -0.82893618E-001
     0.56851206E+000    -0.15896430E+000    -0.12646591E+000    -0.39395610E+004     0.27820838E+004    -0.30334698E-001    -0.82699940E-001
     0.56887956E+000    -0.15819522E+000    -0.12622499E+000    -0.39375647E+004     0.27648085E+004    -0.30131970E-001    -0.82506723E-001
     0.56924705E+000    -0.15743131E+000    -0.12598457E+000    -0.39354853E+004     0.27476316E+004    -0.29930585E-001    -0.82313969E-001
     0.56961454E+000    -0.15667254E+000    -0.12574465E+000    -0.39333243E+004     0.27305532E+004    -0.29730533E-001    -0.82121678E-001
     0.56998204E+000    -0.15591885E+000    -0.12550523E+000    -0.39310830E+004     0.27135730E+004    -0.29531804E-001    -0.81929851E-001
     0.57034953E+000    -0.15517020E+000    -0.12526632E+000    -0.39287629E+004     0.26966909E+004    -0.29334388E-001    -0.81738489E-001
     0.57071702E+000    -0.15442654E+000    -0.12502791E+000    -0.39263655E+004     0.26799069E+004    -0.29138275E-001    -0.81547594E-001
     0.57108452E+000    -0.15368783E+000    -0.12479001E+000    -0.39238920E+004     0.26632206E+004    -0.28943456E-001    -0.81357166E-001
     0.57145201E+000    -0.15295402E+000    -0.12455261E+000    -0.39213439E+004     0.26466321E+004    -0.28749921E-001    -0.81167206E-001
     0.57181950E+000    -0.15222507E+000    -0.12431572E+000    -0.39187225E+004     0.26301410E+004    -0.28557659E-001    -0.80977715E-001
     0.57218700E+000    -0.15150093E+000    -0.12407935E+000    -0.39160291E+004     0.26137472E+004    -0.28366662E-001    -0.80788694E-001
     0.57255449E+000    -0.15078155E+000    -0.12384348E+000    -0.39132651E+004     0.25974505E+004    -0.28176920E-001    -0.80600142E-001
     0.57292198E+000    -0.15006691E+000    -0.12360813E+000    -0.39104318E+004     0.25812507E+004    -0.27988424E-001    -0.80412062E-001
     0.57328948E+000    -0.14935695E+000    -0.12337329E+000    -0.39075304E+004     0.25651475E+004    -0.27801164E-001    -0.80224453E-001
     0.57365697E+000    -0.14865162E+000    -0.12313896E+000    -0.39045623E+004     0.25491407E+004    -0.27615131E-001    -0.80037316E-001
     0.57402446E+000    -0.14795090E+000    -0.12290514E+000    -0.39015287E+004     0.25332300E+004    -0.27430317E-001    -0.79850652E-001
     0.57439196E+000    -0.14725474E+000    -0.12267184E+000    -0.38984308E+004     0.25174152E+004    -0.27246711E-001    -0.79664462E-001
     0.57475945E+000    -0.14656310E+000    -0.12243906E+000    -0.38952698E+004     0.25016960E+004    -0.27064305E-001    -0.79478745E-001
     0.57512694E+000    -0.14587593E+000    -0.12220679E+000    -0.38920471E+004     0.24860722E+004    -0.26883089E-001    -0.79293502E-001
     0.57549444E+000    -0.14519320E+000    -0.12197504E+000    -0.38887637E+004     0.24705434E+004    -0.26703056E-001    -0.79108733E-001
     0.57586193E+000    -0.14451487E+000    -0.12174381E+000    -0.38854208E+004     0.24551094E+004    -0.26524196E-001    -0.78924440E-001
     0.57622942E+000    -0.14384090E+000    -0.12151309E+000    -0.38820197E+004     0.24397698E+004    -0.26346501E-001    -0.78740622E-001
     0.57659692E+000    -0.14317126E+000    -0.12128289E+000    -0.38785614E+004     0.24245243E+004    -0.26169962E-001    -0.78557279E-001
     0.57696441E+000    -0.14250590E+000    -0.12105322E+000    -0.38750471E+004     0.24093727E+004    -0.25994570E-001    -0.78374412E-001
     0.57733190E+000    -0.14184478E+000    -0.12082406E+000    -0.38714779E+004     0.23943145E+004    -0.25820316E-001    -0.78192022E-001
     0.57769940E+000    -0.14118788E+000    -0.12059542E+000    -0.38678549E+004     0.23793495E+004    -0.25647194E-001    -0.78010107E-001
     0.57806689E+000    -0.14053515E+000    -0.12036730E+000    -0.38641792E+004     0.23644773E+004    -0.25475193E-001    -0.77828670E-001
     0.57843438E+000    -0.13988655E+000    -0.12013970E+000    -0.38604519E+004     0.23496975E+004    -0.25304306E-001    -0.77647708E-001
     0.57880188E+000    -0.13924206E+000    -0.11991262E+000    -0.38566740E+004     0.23350099E+004    -0.25134524E-001    -0.77467224E-001
     0.57916937E+000    -0.13860163E+000    -0.11968606E+000    -0.38528466E+004     0.23204140E+004    -0.24965840E-001    -0.77287216E-001
     0.57953686E+000    -0.13796524E+000    -0.11946003E+000    -0.38489707E+004     0.23059094E+004    -0.24798245E-001    -0.77107685E-001
     0.57990435E+000    -0.13733284E+000    -0.11923451E+000    -0.38450473E+004     0.22914959E+004    -0.24631731E-001    -0.76928632E-001
     0.58027185E+000    -0.13670440E+000    -0.11900952E+000    -0.38410774E+004     0.22771730E+004    -0.24466291E-001    -0.76750055E-001
     0.58063934E+000    -0.13607989E+000    -0.11878504E+000    -0.38370621E+004     0.22629403E+004    -0.24301916E-001    -0.76571955E-001
     0.58100683E+000    -0.13545928E+000    -0.11856109E+000    -0.38330022E+004     0.22487974E+004    -0.24138598E-001    -0.76394332E-001
     0.58137433E+000    -0.13484253E+000    -0.11833766E+000    -0.38288988E+004     0.22347440E+004    -0.23976331E-001    -0.76217185E-001
     0.58174182E+000    -0.13422960E+000    -0.11811475E+000    -0.38247528E+004     0.22207797E+004    -0.23815105E-001    -0.76040516E-001
     0.58210931E+000    -0.13362048E+000    -0.11789236E+000    -0.38205651E+004     0.22069040E+004    -0.23654914E-001    -0.75864323E-001
     0.58247681E+000    -0.13301512E+000    -0.11767049E+000    -0.38163367E+004     0.21931166E+004    -0.23495750E-001    -0.75688606E-001
     0.58284430E+000    -0.13241349E+000    -0.11744914E+000    -0.38120684E+004     0.21794170E+004    -0.23337605E-001    -0.75513365E-001
     0.58321179E+000    -0.13181557E+000    -0.11722831E+000    -0.38077612E+004     0.21658048E+004    -0.23180472E-001    -0.75338601E-001
     0.58357929E+000    -0.13122131E+000    -0.11700801E+000    -0.38034159E+004     0.21522796E+004    -0.23024343E-001    -0.75164312E-001
     0.58394678E+000    -0.13063070E+000    -0.11678822E+000    -0.37990334E+004     0.21388410E+004    -0.22869212E-001    -0.74990499E-001
     0.58431427E+000    -0.13004370E+000    -0.11656896E+000    -0.37946146E+004     0.21254885E+004    -0.22715070E-001    -0.74817162E-001
     0.58468177E+000    -0.12946028E+000    -0.11635021E+000    -0.37901602E+004     0.21122218E+004    -0.22561911E-001    -0.74644299E-001
     0.58504926E+000    -0.12888041E+000    -0.11613198E+000    -0.37856712E+004     0.20990403E+004    -0.22409728E-001    -0.74471911E-001
     0.58541675E+000    -0.12830406E+000    -0.11591428E+000    -0.37811483E+004     0.20859438E+004    -0.22258513E-001    -0.74299997E-001
     0.58578425E+000    -0.12773120E+000    -0.11569709E+000    -0.37765924E+004     0.20729316E+004    -0.22108260E-001    -0.74128557E-001
     0.58615174E+000    -0.12716181E+000    -0.11548042E+000    -0.37720042E+004     0.20600035E+004    -0.21958961E-001    -0.73957591E-001
     0.58651923E+000    -0.12659585E+000    -0.11526427E+000    -0.37673846E+004     0.20471589E+004    -0.21810609E-001    -0.73787098E-001
     0.58688673E+000    -0.12603330E+000    -0.11504863E+000    -0.37627342E+004     0.20343974E+004    -0.21663199E-001    -0.73617078E-001
     0.58725422E+000    -0.12547413E+000    -0.11483351E+000    -0.37580540E+004     0.20217185E+004    -0.21516721E-001    -0.73447531E-001
     0.58762171E+000    -0.12491831E+000    -0.11461891E+000    -0.37533445E+004     0.20091219E+004    -0.21371171E-001    -0.73278455E-001
     0.58798921E+000    -0.12436581E+000    -0.11440483E+000    -0.37486065E+004     0.19966071E+004    -0.21226542E-001    -0.73109851E-001
     0.58835670E+000    -0.12381662E+000    -0.11419126E+000    -0.37438408E+004     0.19841736E+004    -0.21082826E-001    -0.72941718E-001
     0.58872419E+000    -0.12327069E+000    -0.11397821E+000    -0.37390481E+004     0.19718209E+004    -0.20940017E-001    -0.72774055E-001
     0.58909169E+000    -0.12272801E+000    -0.11376567E+000    -0.37342291E+004     0.19595487E+004    -0.20798108E-001    -0.72606862E-001
     0.58945918E+000    -0.12218855E+000    -0.11355365E+000    -0.37293844E+004     0.19473565E+004    -0.20657094E-001    -0.72440139E-001
     0.58982667E+000    -0.12165228E+000    -0.11334214E+000    -0.37245148E+004     0.19352437E+004    -0.20516968E-001    -0.72273884E-001
     0.59019417E+000    -0.12111918E+000    -0.11313115E+000    -0.37196209E+004     0.19232101E+004    -0.20377722E-001    -0.72108098E-001
     0.59056166E+000    -0.12058923E+000    -0.11292066E+000    -0.37147034E+004     0.19112550E+004    -0.20239352E-001    -0.71942780E-001
     0.59092915E+000    -0.12006238E+000    -0.11271069E+000    -0.37097629E+004     0.18993781E+004    -0.20101850E-001    -0.71777928E-001
     0.59129665E+000    -0.11953864E+000    -0.11250123E+000    -0.37048001E+004     0.18875789E+004    -0.19965210E-001    -0.71613543E-001
     0.59166414E+000    -0.11901796E+000    -0.11229228E+000    -0.36998155E+004     0.18758569E+004    -0.19829427E-001    -0.71449624E-001
     0.59203163E+000    -0.11850032E+000    -0.11208384E+000    -0.36948099E+004     0.18642117E+004    -0.19694494E-001    -0.71286170E-001
     0.59239913E+000    -0.11798570E+000    -0.11187591E+000    -0.36897839E+004     0.18526429E+004    -0.19560405E-001    -0.71123181E-001
     0.59276662E+000    -0.11747408E+000    -0.11166849E+000    -0.36847379E+004     0.18411499E+004    -0.19427153E-001    -0.70960655E-001
     0.59313411E+000    -0.11696543E+000    -0.11146158E+000    -0.36796727E+004     0.18297324E+004    -0.19294734E-001    -0.70798593E-001
     0.59350161E+000    -0.11645973E+000    -0.11125517E+000    -0.36745887E+004     0.18183897E+004    -0.19163141E-001    -0.70636993E-001
     0.59386910E+000    -0.11595696E+000    -0.11104928E+000    -0.36694867E+004     0.18071216E+004    -0.19032368E-001    -0.70475855E-001
     0.59423659E+000    -0.11545709E+000    -0.11084388E+000    -0.36643670E+004     0.17959276E+004    -0.18902409E-001    -0.70315178E-001
     0.59460409E+000    -0.11496010E+000    -0.11063899E+000    -0.36592303E+004     0.17848071E+004    -0.18773259E-001    -0.70154961E-001
     0.59497158E+000    -0.11446597E+000    -0.11043461E+000    -0.36540772E+004     0.17737598E+004    -0.18644911E-001    -0.69995204E-001
     0.59533907E+000    -0.11397468E+000    -0.11023073E+000    -0.36489081E+004     0.17627852E+004    -0.18517361E-001    -0.69835906E-001
     0.59570656E+000    -0.11348620E+000    -0.11002735E+000    -0.36437236E+004     0.17518828E+004    -0.18390602E-001    -0.69677065E-001
     0.59607406E+000    -0.11300051E+000    -0.10982447E+000    -0.36385242E+004     0.17410521E+004    -0.18264628E-001    -0.69518682E-001
     0.59644155E+000    -0.11251760E+000    -0.10962210E+000    -0.36333104E+004     0.17302928E+004    -0.18139435E-001    -0.69360755E-001
     0.59680904E+000    -0.11203743E+000    -0.10942022E+000    -0.36280827E+004     0.17196044E+004    -0.18015017E-001    -0.69203284E-001
     0.59717654E+000    -0.11156000E+000    -0.10921885E+000    -0.36228417E+004     0.17089864E+004    -0.17891368E-001    -0.69046267E-001
     0.59754403E+000    -0.11108527E+000    -0.10901797E+000    -0.36175877E+004     0.16984383E+004    -0.17768482E-001    -0.68889705E-001
     0.59791152E+000    -0.11061323E+000    -0.10881759E+000    -0.36123213E+004     0.16879598E+004    -0.17646355E-001    -0.68733595E-001
     0.59827902E+000    -0.11014385E+000    -0.10861770E+000    -0.36070429E+004     0.16775504E+004    -0.17524981E-001    -0.68577938E-001
     0.59864651E+000    -0.10967713E+000    -0.10841832E+000    -0.36017530E+004     0.16672095E+004    -0.17404355E-001    -0.68422732E-001
     0.59901400E+000    -0.10921303E+000    -0.10821942E+000    -0.35964520E+004     0.16569369E+004    -0.17284471E-001    -0.68267977E-001
     0.59938150E+000    -0.10875153E+000    -0.10802102E+000    -0.35911404E+004     0.16467320E+004    -0.17165324E-001    -0.68113671E-001
     0.59974899E+000    -0.10829263E+000    -0.10782312E+000    -0.35858187E+004     0.16365944E+004    -0.17046909E-001    -0.67959814E-001
     0.60011648E+000    -0.10783629E+000    -0.10762571E+000    -0.35804872E+004     0.16265236E+004    -0.16929222E-001    -0.67806405E-001
     0.60048398E+000    -0.10738250E+000    -0.10742878E+000    -0.35751464E+004     0.16165193E+004    -0.16812256E-001    -0.67653443E-001
     0.60085147E+000    -0.10693124E+000    -0.10723235E+000    -0.35697967E+004     0.16065809E+004    -0.16696006E-001    -0.67500927E-001
     0.60121896E+000    -0.10648249E+000    -0.10703641E+000    -0.35644385E+004     0.15967081E+004    -0.16580469E-001    -0.67348856E-001
     0.60158646E+000    -0.10603624E+000    -0.10684095E+000    -0.35590721E+004     0.15869004E+004    -0.16465638E-001    -0.67197229E-001
     0.60195395E+000    -0.10559245E+000    -0.10664599E+000    -0.35536981E+004     0.15771573E+004    -0.16351509E-001    -0.67046046E-001
     0.60232144E+000    -0.10515112E+000    -0.10645151E+000    -0.35483168E+004     0.15674785E+004    -0.16238077E-001    -0.66895305E-001
     0.60268894E+000    -0.10471223E+000    -0.10625751E+000    -0.35429285E+004     0.15578635E+004    -0.16125337E-001    -0.66745005E-001
     0.60305643E+000    -0.10427576E+000    -0.10606400E+000    -0.35375336E+004     0.15483119E+004    -0.16013284E-001    -0.66595145E-001
     0.60342392E+000    -0.10384169E+000    -0.10587097E+000    -0.35321326E+004     0.15388232E+004    -0.15901913E-001    -0.66445725E-001
     0.60379142E+000    -0.10341000E+000    -0.10567843E+000    -0.35267257E+004     0.15293970E+004    -0.15791220E-001    -0.66296744E-001
     0.60415891E+000    -0.10298067E+000    -0.10548637E+000    -0.35213134E+004     0.15200329E+004    -0.15681200E-001    -0.66148200E-001
     0.60452640E+000    -0.10255370E+000    -0.10529478E+000    -0.35158959E+004     0.15107305E+004    -0.15571849E-001    -0.66000092E-001
     0.60489390E+000    -0.10212905E+000    -0.10510368E+000    -0.35104736E+004     0.15014894E+004    -0.15463160E-001    -0.65852420E-001
     0.60526139E+000    -0.10170673E+000    -0.10491305E+000    -0.35050469E+004     0.14923091E+004    -0.15355131E-001    -0.65705182E-001
     0.60562888E+000    -0.10128669E+000    -0.10472291E+000    -0.34996160E+004     0.14831892E+004    -0.15247757E-001    -0.65558378E-001
     0.60599638E+000    -0.10086894E+000    -0.10453323E+000    -0.34941813E+004     0.14741293E+004    -0.15141032E-001    -0.65412007E-001
     0.60636387E+000    -0.10045346E+000    -0.10434404E+000    -0.34887432E+004     0.14651290E+004    -0.15034952E-001    -0.65266067E-001
     0.60673136E+000    -0.10004022E+000    -0.10415532E+000    -0.34833019E+004     0.14561879E+004    -0.14929514E-001    -0.65120557E-001
     0.60709886E+000    -0.99629210E-001    -0.10396707E+000    -0.34778577E+004     0.14473055E+004    -0.14824712E-001    -0.64975477E-001
     0.60746635E+000    -0.99220419E-001    -0.10377929E+000    -0.34724110E+004     0.14384816E+004    -0.14720542E-001    -0.64830825E-001
     0.60783384E+000    -0.98813826E-001    -0.10359199E+000    -0.34669620E+004     0.14297156E+004    -0.14617000E-001    -0.64686601E-001
     0.60820134E+000    -0.98409418E-001    -0.10340515E+000    -0.34615110E+004     0.14210071E+004    -0.14514082E-001    -0.64542803E-001
     0.60856883E+000    -0.98007178E-001    -0.10321878E+000    -0.34560583E+004     0.14123558E+004    -0.14411782E-001    -0.64399430E-001
     0.60893632E+000    -0.97607090E-001    -0.10303289E+000    -0.34506042E+004     0.14037612E+004    -0.14310098E-001    -0.64256482E-001
     0.60930382E+000    -0.97209140E-001    -0.10284745E+000    -0.34451490E+004     0.13952231E+004    -0.14209024E-001    -0.64113957E-001
     0.60967131E+000    -0.96813311E-001    -0.10266249E+000    -0.34396930E+004     0.13867408E+004    -0.14108557E-001    -0.63971854E-001
     0.61003880E+000    -0.96419590E-001    -0.10247799E+000    -0.34342363E+004     0.13783142E+004    -0.14008692E-001    -0.63830172E-001
     0.61040629E+000    -0.96027961E-001    -0.10229395E+000    -0.34287793E+004     0.13699427E+004    -0.13909425E-001    -0.63688910E-001
     0.61077379E+000    -0.95638409E-001    -0.10211037E+000    -0.34233221E+004     0.13616261E+004    -0.13810752E-001    -0.63548067E-001
     0.61114128E+000    -0.95250920E-001    -0.10192726E+000    -0.34178652E+004     0.13533638E+004    -0.13712669E-001    -0.63407642E-001
     0.61150877E+000    -0.94865478E-001    -0.10174461E+000    -0.34124087E+004     0.13451556E+004    -0.13615173E-001    -0.63267633E-001
     0.61187627E+000    -0.94482071E-001    -0.10156241E+000    -0.34069528E+004     0.13370010E+004    -0.13518258E-001    -0.63128041E-001
     0.61224376E+000    -0.94100683E-001    -0.10138067E+000    -0.34014978E+004     0.13288997E+004    -0.13421921E-001    -0.62988863E-001
     0.61261125E+000    -0.93721300E-001    -0.10119939E+000    -0.33960439E+004     0.13208512E+004    -0.13326159E-001    -0.62850099E-001
     0.61297875E+000    -0.93343908E-001    -0.10101857E+000    -0.33905914E+004     0.13128553E+004    -0.13230966E-001    -0.62711747E-001
     0.61334624E+000    -0.92968493E-001    -0.10083820E+000    -0.33851404E+004     0.13049115E+004    -0.13136340E-001    -0.62573806E-001
     0.61371373E+000    -0.92595043E-001    -0.10065829E+000    -0.33796913E+004     0.12970195E+004    -0.13042276E-001    -0.62436276E-001
     0.61408123E+000    -0.92223542E-001    -0.10047882E+000    -0.33742441E+004     0.12891789E+004    -0.12948771E-001    -0.62299155E-001
     0.61444872E+000    -0.91853977E-001    -0.10029981E+000    -0.33687991E+004     0.12813893E+004    -0.12855821E-001    -0.62162443E-001
     0.61481621E+000    -0.91486335E-001    -0.10012125E+000    -0.33633566E+004     0.12736504E+004    -0.12763422E-001    -0.62026137E-001
     0.61518371E+000    -0.91120604E-001    -0.99943140E-001    -0.33579167E+004     0.12659618E+004    -0.12671570E-001    -0.61890237E-001
     0.61555120E+000    -0.90756768E-001    -0.99765476E-001    -0.33524796E+004     0.12583231E+004    -0.12580262E-001    -0.61754742E-001
     0.61591869E+000    -0.90394816E-001    -0.99588260E-001    -0.33470455E+004     0.12507341E+004    -0.12489494E-001    -0.61619651E-001
     0.61628619E+000    -0.90034735E-001    -0.99411489E-001    -0.33416146E+004     0.12431942E+004    -0.12399262E-001    -0.61484962E-001
     0.61665368E+000    -0.89676511E-001    -0.99235162E-001    -0.33361871E+004     0.12357033E+004    -0.12309563E-001    -0.61350675E-001
     0.61702117E+000    -0.89320133E-001    -0.99059280E-001    -0.33307632E+004     0.12282609E+004    -0.12220393E-001    -0.61216789E-001
     0.61738867E+000    -0.88965586E-001    -0.98883839E-001    -0.33253431E+004     0.12208666E+004    -0.12131749E-001    -0.61083301E-001
     0.61775616E+000    -0.88612860E-001    -0.98708840E-001    -0.33199268E+004     0.12135202E+004    -0.12043626E-001    -0.60950212E-001
     0.61812365E+000    -0.88261941E-001    -0.98534282E-001    -0.33145147E+004     0.12062213E+004    -0.11956022E-001    -0.60817520E-001
     0.61849115E+000    -0.87912818E-001    -0.98360162E-001    -0.33091069E+004     0.11989696E+004    -0.11868933E-001    -0.60685223E-001
     0.61885864E+000    -0.87565477E-001    -0.98186480E-001    -0.33037034E+004     0.11917646E+004    -0.11782356E-001    -0.60553322E-001
     0.61922613E+000    -0.87219908E-001    -0.98013235E-001    -0.32983046E+004     0.11846062E+004    -0.11696286E-001    -0.60421814E-001
     0.61959363E+000    -0.86876098E-001    -0.97840426E-001    -0.32929106E+004     0.11774938E+004    -0.11610722E-001    -0.60290699E-001
     0.61996112E+000    -0.86534034E-001    -0.97668051E-001    -0.32875214E+004     0.11704273E+004    -0.11525659E-001    -0.60159976E-001
     0.62032861E+000    -0.86193707E-001    -0.97496109E-001    -0.32821374E+004     0.11634062E+004    -0.11441094E-001    -0.60029642E-001
     0.62069611E+000    -0.85855103E-001    -0.97324600E-001    -0.32767585E+004     0.11564303E+004    -0.11357023E-001    -0.59899698E-001
     0.62106360E+000    -0.85518211E-001    -0.97153522E-001    -0.32713850E+004     0.11494993E+004    -0.11273444E-001    -0.59770142E-001
     0.62143109E+000    -0.85183020E-001    -0.96982874E-001    -0.32660170E+004     0.11426127E+004    -0.11190353E-001    -0.59640973E-001
     0.62179859E+000    -0.84849519E-001    -0.96812655E-001    -0.32606546E+004     0.11357702E+004    -0.11107746E-001    -0.59512190E-001
     0.62216608E+000    -0.84517696E-001    -0.96642864E-001    -0.32552980E+004     0.11289717E+004    -0.11025622E-001    -0.59383792E-001
     0.62253357E+000    -0.84187540E-001    -0.96473499E-001    -0.32499474E+004     0.11222167E+004    -0.10943975E-001    -0.59255777E-001
     0.62290107E+000    -0.83859040E-001    -0.96304559E-001    -0.32446028E+004     0.11155049E+004    -0.10862804E-001    -0.59128145E-001
     0.62326856E+000    -0.83532184E-001    -0.96136044E-001    -0.32392643E+004     0.11088360E+004    -0.10782105E-001    -0.59000894E-001
     0.62363605E+000    -0.83206963E-001    -0.95967952E-001    -0.32339322E+004     0.11022097E+004    -0.10701875E-001    -0.58874024E-001
     0.62400355E+000    -0.82883365E-001    -0.95800283E-001    -0.32286064E+004     0.10956257E+004    -0.10622111E-001    -0.58747532E-001
     0.62437104E+000    -0.82561380E-001    -0.95633034E-001    -0.32232873E+004     0.10890836E+004    -0.10542809E-001    -0.58621419E-001
     0.62473853E+000    -0.82240997E-001    -0.95466205E-001    -0.32179747E+004     0.10825833E+004    -0.10463968E-001    -0.58495682E-001
     0.62510603E+000    -0.81922205E-001    -0.95299794E-001    -0.32126690E+004     0.10761243E+004    -0.10385582E-001    -0.58370321E-001
     0.62547352E+000    -0.81604994E-001    -0.95133801E-001    -0.32073701E+004     0.10697064E+004    -0.10307651E-001    -0.58245335E-001
     0.62584101E+000    -0.81289354E-001    -0.94968225E-001    -0.32020783E+004     0.10633293E+004    -0.10230170E-001    -0.58120722E-001
     0.62620850E+000    -0.80975275E-001    -0.94803064E-001    -0.31967935E+004     0.10569927E+004    -0.10153136E-001    -0.57996482E-001
     0.62657600E+000    -0.80662745E-001    -0.94638317E-001    -0.31915159E+004     0.10506962E+004    -0.10076548E-001    -0.57872613E-001
     0.62694349E+000    -0.80351756E-001    -0.94473983E-001    -0.31862457E+004     0.10444396E+004    -0.10000401E-001    -0.57749114E-001
     0.62731098E+000    -0.80042297E-001    -0.94310060E-001    -0.31809829E+004     0.10382227E+004    -0.99246930E-002    -0.57625984E-001
     0.62767848E+000    -0.79734359E-001    -0.94146549E-001    -0.31757275E+004     0.10320450E+004    -0.98494210E-002    -0.57503222E-001
     0.62804597E+000    -0.79427930E-001    -0.93983447E-001    -0.31704798E+004     0.10259064E+004    -0.97745821E-002    -0.57380827E-001
     0.62841346E+000    -0.79123003E-001    -0.93820754E-001    -0.31652398E+004     0.10198066E+004    -0.97001735E-002    -0.57258797E-001
     0.62878096E+000    -0.78819566E-001    -0.93658468E-001    -0.31600076E+004     0.10137452E+004    -0.96261923E-002    -0.57137132E-001
     0.62914845E+000    -0.78517611E-001    -0.93496588E-001    -0.31547832E+004     0.10077219E+004    -0.95526359E-002    -0.57015831E-001
     0.62951594E+000    -0.78217127E-001    -0.93335114E-001    -0.31495668E+004     0.10017366E+004    -0.94795013E-002    -0.56894891E-001
     0.62988344E+000    -0.77918106E-001    -0.93174043E-001    -0.31443585E+004     0.99578897E+003    -0.94067859E-002    -0.56774313E-001
     0.63025093E+000    -0.77620538E-001    -0.93013376E-001    -0.31391583E+004     0.98987866E+003    -0.93344868E-002    -0.56654095E-001
     0.63061842E+000    -0.77324414E-001    -0.92853110E-001    -0.31339663E+004     0.98400544E+003    -0.92626014E-002    -0.56534236E-001
     0.63098592E+000    -0.77029724E-001    -0.92693244E-001    -0.31287826E+004     0.97816904E+003    -0.91911270E-002    -0.56414735E-001
     0.63135341E+000    -0.76736459E-001    -0.92533779E-001    -0.31236072E+004     0.97236919E+003    -0.91200609E-002    -0.56295591E-001
     0.63172090E+000    -0.76444611E-001    -0.92374711E-001    -0.31184403E+004     0.96660562E+003    -0.90494005E-002    -0.56176802E-001
     0.63208840E+000    -0.76154171E-001    -0.92216041E-001    -0.31132820E+004     0.96087808E+003    -0.89791431E-002    -0.56058367E-001
     0.63245589E+000    -0.75865128E-001    -0.92057768E-001    -0.31081322E+004     0.95518630E+003    -0.89092860E-002    -0.55940286E-001
     0.63282338E+000    -0.75577475E-001    -0.91899889E-001    -0.31029910E+004     0.94953002E+003    -0.88398268E-002    -0.55822558E-001
     0.63319088E+000    -0.75291203E-001    -0.91742404E-001    -0.30978586E+004     0.94390898E+003    -0.87707627E-002    -0.55705180E-001
     0.63355837E+000    -0.75006303E-001    -0.91585313E-001    -0.30927350E+004     0.93832294E+003    -0.87020914E-002    -0.55588153E-001
     0.63392586E+000    -0.74722767E-001    -0.91428612E-001    -0.30876202E+004     0.93277162E+003    -0.86338101E-002    -0.55471475E-001
     0.63429336E+000    -0.74440585E-001    -0.91272303E-001    -0.30825144E+004     0.92725479E+003    -0.85659165E-002    -0.55355144E-001
     0.63466085E+000    -0.74159750E-001    -0.91116383E-001    -0.30774175E+004     0.92177219E+003    -0.84984079E-002    -0.55239160E-001
     0.63502834E+000    -0.73880252E-001    -0.90960852E-001    -0.30723297E+004     0.91632358E+003    -0.84312819E-002    -0.55123522E-001
     0.63539584E+000    -0.73602085E-001    -0.90805708E-001    -0.30672509E+004     0.91090870E+003    -0.83645361E-002    -0.55008229E-001
     0.63576333E+000    -0.73325238E-001    -0.90650950E-001    -0.30621813E+004     0.90552732E+003    -0.82981679E-002    -0.54893279E-001
     0.63613082E+000    -0.73049704E-001    -0.90496577E-001    -0.30571209E+004     0.90017918E+003    -0.82321750E-002    -0.54778671E-001
     0.63649832E+000    -0.72775476E-001    -0.90342589E-001    -0.30520697E+004     0.89486406E+003    -0.81665550E-002    -0.54664405E-001
     0.63686581E+000    -0.72502544E-001    -0.90188983E-001    -0.30470279E+004     0.88958170E+003    -0.81013053E-002    -0.54550479E-001
     0.63723330E+000    -0.72230901E-001    -0.90035759E-001    -0.30419954E+004     0.88433188E+003    -0.80364238E-002    -0.54436892E-001
     0.63760080E+000    -0.71960538E-001    -0.89882916E-001    -0.30369723E+004     0.87911436E+003    -0.79719080E-002    -0.54323643E-001
     0.63796829E+000    -0.71691449E-001    -0.89730453E-001    -0.30319587E+004     0.87392890E+003    -0.79077555E-002    -0.54210731E-001
     0.63833578E+000    -0.71423624E-001    -0.89578368E-001    -0.30269545E+004     0.86877527E+003    -0.78439640E-002    -0.54098155E-001
     0.63870328E+000    -0.71157057E-001    -0.89426661E-001    -0.30219599E+004     0.86365325E+003    -0.77805313E-002    -0.53985914E-001
     0.63907077E+000    -0.70891739E-001    -0.89275331E-001    -0.30169749E+004     0.85856260E+003    -0.77174550E-002    -0.53874007E-001
     0.63943826E+000    -0.70627662E-001    -0.89124375E-001    -0.30119995E+004     0.85350309E+003    -0.76547329E-002    -0.53762432E-001
     0.63980576E+000    -0.70364820E-001    -0.88973794E-001    -0.30070338E+004     0.84847451E+003    -0.75923627E-002    -0.53651188E-001
     0.64017325E+000    -0.70103205E-001    -0.88823587E-001    -0.30020777E+004     0.84347663E+003    -0.75303421E-002    -0.53540275E-001
     0.64054074E+000    -0.69842809E-001    -0.88673751E-001    -0.29971314E+004     0.83850923E+003    -0.74686689E-002    -0.53429692E-001
     0.64090824E+000    -0.69583624E-001    -0.88524287E-001    -0.29921949E+004     0.83357209E+003    -0.74073410E-002    -0.53319437E-001
     0.64127573E+000    -0.69325644E-001    -0.88375192E-001    -0.29872682E+004     0.82866498E+003    -0.73463560E-002    -0.53209509E-001
     0.64164322E+000    -0.69068861E-001    -0.88226467E-001    -0.29823513E+004     0.82378770E+003    -0.72857120E-002    -0.53099907E-001
     0.64201071E+000    -0.68813267E-001    -0.88078109E-001    -0.29774443E+004     0.81894003E+003    -0.72254065E-002    -0.52990631E-001
     0.64237821E+000    -0.68558856E-001    -0.87930118E-001    -0.29725472E+004     0.81412176E+003    -0.71654377E-002    -0.52881679E-001
     0.64274570E+000    -0.68305620E-001    -0.87782493E-001    -0.29676601E+004     0.80933267E+003    -0.71058032E-002    -0.52773049E-001
     0.64311319E+000    -0.68053553E-001    -0.87635233E-001    -0.29627829E+004     0.80457256E+003    -0.70465010E-002    -0.52664742E-001
     0.64348069E+000    -0.67802647E-001    -0.87488336E-001    -0.29579157E+004     0.79984121E+003    -0.69875289E-002    -0.52556755E-001
     0.64384818E+000    -0.67552895E-001    -0.87341802E-001    -0.29530585E+004     0.79513842E+003    -0.69288850E-002    -0.52449089E-001
     0.64421567E+000    -0.67304291E-001    -0.87195629E-001    -0.29482114E+004     0.79046399E+003    -0.68705671E-002    -0.52341741E-001
     0.64458317E+000    -0.67056826E-001    -0.87049817E-001    -0.29433743E+004     0.78581771E+003    -0.68125731E-002    -0.52234711E-001
     0.64495066E+000    -0.66810496E-001    -0.86904364E-001    -0.29385473E+004     0.78119938E+003    -0.67549011E-002    -0.52127998E-001
     0.64531815E+000    -0.66565292E-001    -0.86759270E-001    -0.29337305E+004     0.77660880E+003    -0.66975489E-002    -0.52021600E-001
     0.64568565E+000    -0.66321208E-001    -0.86614533E-001    -0.29289238E+004     0.77204577E+003    -0.66405146E-002    -0.51915517E-001
     0.64605314E+000    -0.66078238E-001    -0.86470153E-001    -0.29241272E+004     0.76751010E+003    -0.65837963E-002    -0.51809748E-001
     0.64642063E+000    -0.65836375E-001    -0.86326127E-001    -0.29193409E+004     0.76300158E+003    -0.65273918E-002    -0.51704291E-001
     0.64678813E+000    -0.65595611E-001    -0.86182456E-001    -0.29145647E+004     0.75852003E+003    -0.64712992E-002    -0.51599145E-001
     0.64715562E+000    -0.65355942E-001    -0.86039138E-001    -0.29097988E+004     0.75406525E+003    -0.64155166E-002    -0.51494311E-001
     0.64752311E+000    -0.65117359E-001    -0.85896173E-001    -0.29050430E+004     0.74963705E+003    -0.63600421E-002    -0.51389785E-001
     0.64789061E+000    -0.64879857E-001    -0.85753558E-001    -0.29002976E+004     0.74523524E+003    -0.63048736E-002    -0.51285568E-001
     0.64825810E+000    -0.64643430E-001    -0.85611294E-001    -0.28955624E+004     0.74085964E+003    -0.62500093E-002    -0.51181659E-001
     0.64862559E+000    -0.64408071E-001    -0.85469378E-001    -0.28908374E+004     0.73651005E+003    -0.61954473E-002    -0.51078056E-001
     0.64899309E+000    -0.64173773E-001    -0.85327811E-001    -0.28861228E+004     0.73218629E+003    -0.61411858E-002    -0.50974758E-001
     0.64936058E+000    -0.63940531E-001    -0.85186591E-001    -0.28814185E+004     0.72788818E+003    -0.60872227E-002    -0.50871765E-001
     0.64972807E+000    -0.63708338E-001    -0.85045717E-001    -0.28767245E+004     0.72361553E+003    -0.60335563E-002    -0.50769075E-001
     0.65009557E+000    -0.63477189E-001    -0.84905188E-001    -0.28720408E+004     0.71936817E+003    -0.59801847E-002    -0.50666687E-001
     0.65046306E+000    -0.63247076E-001    -0.84765003E-001    -0.28673675E+004     0.71514591E+003    -0.59271061E-002    -0.50564601E-001
     0.65083055E+000    -0.63017995E-001    -0.84625161E-001    -0.28627045E+004     0.71094858E+003    -0.58743187E-002    -0.50462815E-001
     0.65119805E+000    -0.62789938E-001    -0.84485661E-001    -0.28580519E+004     0.70677600E+003    -0.58218207E-002    -0.50361328E-001
     0.65156554E+000    -0.62562901E-001    -0.84346502E-001    -0.28534096E+004     0.70262799E+003    -0.57696101E-002    -0.50260140E-001
     0.65193303E+000    -0.62336876E-001    -0.84207683E-001    -0.28487777E+004     0.69850438E+003    -0.57176854E-002    -0.50159249E-001
     0.65230053E+000    -0.62111859E-001    -0.84069203E-001    -0.28441562E+004     0.69440500E+003    -0.56660447E-002    -0.50058654E-001
     0.65266802E+000    -0.61887843E-001    -0.83931061E-001    -0.28395451E+004     0.69032967E+003    -0.56146862E-002    -0.49958355E-001
     0.65303551E+000    -0.61664823E-001    -0.83793257E-001    -0.28349444E+004     0.68627824E+003    -0.55636082E-002    -0.49858350E-001
     0.65340301E+000    -0.61442792E-001    -0.83655788E-001    -0.28303540E+004     0.68225051E+003    -0.55128090E-002    -0.49758638E-001
     0.65377050E+000    -0.61221746E-001    -0.83518654E-001    -0.28257741E+004     0.67824634E+003    -0.54622869E-002    -0.49659219E-001
     0.65413799E+000    -0.61001678E-001    -0.83381854E-001    -0.28212046E+004     0.67426556E+003    -0.54120400E-002    -0.49560091E-001
     0.65450549E+000    -0.60782583E-001    -0.83245388E-001    -0.28166455E+004     0.67030799E+003    -0.53620669E-002    -0.49461253E-001
     0.65487298E+000    -0.60564455E-001    -0.83109253E-001    -0.28120968E+004     0.66637348E+003    -0.53123657E-002    -0.49362705E-001
     0.65524047E+000    -0.60347288E-001    -0.82973450E-001    -0.28075585E+004     0.66246186E+003    -0.52629347E-002    -0.49264445E-001
     0.65560797E+000    -0.60131078E-001    -0.82837976E-001    -0.28030306E+004     0.65857298E+003    -0.52137724E-002    -0.49166473E-001
     0.65597546E+000    -0.59915819E-001    -0.82702832E-001    -0.27985131E+004     0.65470667E+003    -0.51648771E-002    -0.49068787E-001
     0.65634295E+000    -0.59701504E-001    -0.82568016E-001    -0.27940061E+004     0.65086277E+003    -0.51162471E-002    -0.48971387E-001
     0.65671044E+000    -0.59488130E-001    -0.82433528E-001    -0.27895094E+004     0.64704113E+003    -0.50678808E-002    -0.48874272E-001
     0.65707794E+000    -0.59275690E-001    -0.82299365E-001    -0.27850232E+004     0.64324160E+003    -0.50197766E-002    -0.48777440E-001
     0.65744543E+000    -0.59064179E-001    -0.82165528E-001    -0.27805474E+004     0.63946401E+003    -0.49719330E-002    -0.48680890E-001
     0.65781292E+000    -0.58853593E-001    -0.82032016E-001    -0.27760820E+004     0.63570822E+003    -0.49243482E-002    -0.48584623E-001
     0.65818042E+000    -0.58643925E-001    -0.81898826E-001    -0.27716270E+004     0.63197406E+003    -0.48770207E-002    -0.48488636E-001
     0.65854791E+000    -0.58435170E-001    -0.81765959E-001    -0.27671823E+004     0.62826140E+003    -0.48299490E-002    -0.48392929E-001
     0.65891540E+000    -0.58227324E-001    -0.81633414E-001    -0.27627481E+004     0.62457008E+003    -0.47831314E-002    -0.48297501E-001
     0.65928290E+000    -0.58020381E-001    -0.81501189E-001    -0.27583243E+004     0.62089995E+003    -0.47365665E-002    -0.48202350E-001
     0.65965039E+000    -0.57814336E-001    -0.81369284E-001    -0.27539109E+004     0.61725086E+003    -0.46902527E-002    -0.48107477E-001
     0.66001788E+000    -0.57609184E-001    -0.81237697E-001    -0.27495078E+004     0.61362267E+003    -0.46441885E-002    -0.48012880E-001
     0.66038538E+000    -0.57404920E-001    -0.81106428E-001    -0.27451152E+004     0.61001524E+003    -0.45983723E-002    -0.47918557E-001
     0.66075287E+000    -0.57201539E-001    -0.80975476E-001    -0.27407329E+004     0.60642841E+003    -0.45528026E-002    -0.47824509E-001
     0.66112036E+000    -0.56999036E-001    -0.80844840E-001    -0.27363609E+004     0.60286205E+003    -0.45074781E-002    -0.47730735E-001
     0.66148786E+000    -0.56797407E-001    -0.80714519E-001    -0.27319993E+004     0.59931601E+003    -0.44623970E-002    -0.47637232E-001
     0.66185535E+000    -0.56596646E-001    -0.80584511E-001    -0.27276481E+004     0.59579015E+003    -0.44175581E-002    -0.47544001E-001
     0.66222284E+000    -0.56396748E-001    -0.80454817E-001    -0.27233072E+004     0.59228433E+003    -0.43729598E-002    -0.47451040E-001
     0.66259034E+000    -0.56197709E-001    -0.80325435E-001    -0.27189766E+004     0.58879842E+003    -0.43286007E-002    -0.47358349E-001
     0.66295783E+000    -0.55999524E-001    -0.80196363E-001    -0.27146564E+004     0.58533228E+003    -0.42844793E-002    -0.47265926E-001
     0.66332532E+000    -0.55802188E-001    -0.80067603E-001    -0.27103465E+004     0.58188577E+003    -0.42405942E-002    -0.47173771E-001
     0.66369282E+000    -0.55605696E-001    -0.79939151E-001    -0.27060469E+004     0.57845875E+003    -0.41969439E-002    -0.47081883E-001
     0.66406031E+000    -0.55410044E-001    -0.79811008E-001    -0.27017576E+004     0.57505109E+003    -0.41535271E-002    -0.46990261E-001
     0.66442780E+000    -0.55215227E-001    -0.79683173E-001    -0.26974785E+004     0.57166266E+003    -0.41103423E-002    -0.46898904E-001
     0.66479530E+000    -0.55021241E-001    -0.79555644E-001    -0.26932098E+004     0.56829332E+003    -0.40673882E-002    -0.46807811E-001
     0.66516279E+000    -0.54828081E-001    -0.79428421E-001    -0.26889513E+004     0.56494295E+003    -0.40246634E-002    -0.46716980E-001
     0.66553028E+000    -0.54635742E-001    -0.79301502E-001    -0.26847031E+004     0.56161141E+003    -0.39821664E-002    -0.46626413E-001
     0.66589778E+000    -0.54444219E-001    -0.79174888E-001    -0.26804651E+004     0.55829858E+003    -0.39398960E-002    -0.46536106E-001
     0.66626527E+000    -0.54253510E-001    -0.79048577E-001    -0.26762373E+004     0.55500432E+003    -0.38978507E-002    -0.46446060E-001
     0.66663276E+000    -0.54063608E-001    -0.78922567E-001    -0.26720197E+004     0.55172851E+003    -0.38560292E-002    -0.46356274E-001
     0.66700026E+000    -0.53874509E-001    -0.78796859E-001    -0.26678124E+004     0.54847102E+003    -0.38144302E-002    -0.46266746E-001
     0.66736775E+000    -0.53686210E-001    -0.78671452E-001    -0.26636153E+004     0.54523173E+003    -0.37730523E-002    -0.46177477E-001
     0.66773524E+000    -0.53498706E-001    -0.78546343E-001    -0.26594283E+004     0.54201051E+003    -0.37318943E-002    -0.46088464E-001
     0.66810274E+000    -0.53311991E-001    -0.78421533E-001    -0.26552515E+004     0.53880724E+003    -0.36909547E-002    -0.45999707E-001
     0.66847023E+000    -0.53126063E-001    -0.78297021E-001    -0.26510848E+004     0.53562180E+003    -0.36502324E-002    -0.45911205E-001
     0.66883772E+000    -0.52940917E-001    -0.78172806E-001    -0.26469283E+004     0.53245407E+003    -0.36097259E-002    -0.45822958E-001
     0.66920522E+000    -0.52756548E-001    -0.78048887E-001    -0.26427819E+004     0.52930392E+003    -0.35694341E-002    -0.45734964E-001
     0.66957271E+000    -0.52572953E-001    -0.77925262E-001    -0.26386456E+004     0.52617123E+003    -0.35293557E-002    -0.45647223E-001
     0.66994020E+000    -0.52390127E-001    -0.77801932E-001    -0.26345194E+004     0.52305590E+003    -0.34894893E-002    -0.45559733E-001
     0.67030770E+000    -0.52208066E-001    -0.77678895E-001    -0.26304033E+004     0.51995779E+003    -0.34498337E-002    -0.45472495E-001
     0.67067519E+000    -0.52026765E-001    -0.77556151E-001    -0.26262973E+004     0.51687680E+003    -0.34103876E-002    -0.45385506E-001
     0.67104268E+000    -0.51846222E-001    -0.77433698E-001    -0.26222013E+004     0.51381280E+003    -0.33711499E-002    -0.45298767E-001
     0.67141018E+000    -0.51666431E-001    -0.77311536E-001    -0.26181153E+004     0.51076569E+003    -0.33321193E-002    -0.45212275E-001
     0.67177767E+000    -0.51487389E-001    -0.77189663E-001    -0.26140394E+004     0.50773534E+003    -0.32932946E-002    -0.45126031E-001
     0.67214516E+000    -0.51309091E-001    -0.77068080E-001    -0.26099734E+004     0.50472165E+003    -0.32546745E-002    -0.45040034E-001
     0.67251265E+000    -0.51131534E-001    -0.76946784E-001    -0.26059175E+004     0.50172450E+003    -0.32162578E-002    -0.44954283E-001
     0.67288015E+000    -0.50954714E-001    -0.76825776E-001    -0.26018715E+004     0.49874378E+003    -0.31780433E-002    -0.44868776E-001
     0.67324764E+000    -0.50778626E-001    -0.76705055E-001    -0.25978354E+004     0.49577939E+003    -0.31400299E-002    -0.44783514E-001
     0.67361513E+000    -0.50603267E-001    -0.76584619E-001    -0.25938093E+004     0.49283120E+003    -0.31022164E-002    -0.44698494E-001
     0.67398263E+000    -0.50428634E-001    -0.76464468E-001    -0.25897931E+004     0.48989912E+003    -0.30646015E-002    -0.44613717E-001
     0.67435012E+000    -0.50254721E-001    -0.76344600E-001    -0.25857868E+004     0.48698303E+003    -0.30271841E-002    -0.44529182E-001
     0.67471761E+000    -0.50081525E-001    -0.76225016E-001    -0.25817904E+004     0.48408282E+003    -0.29899631E-002    -0.44444888E-001
     0.67508511E+000    -0.49909043E-001    -0.76105714E-001    -0.25778038E+004     0.48119840E+003    -0.29529372E-002    -0.44360833E-001
     0.67545260E+000    -0.49737271E-001    -0.75986693E-001    -0.25738271E+004     0.47832965E+003    -0.29161054E-002    -0.44277017E-001
     0.67582009E+000    -0.49566204E-001    -0.75867953E-001    -0.25698602E+004     0.47547647E+003    -0.28794665E-002    -0.44193440E-001
     0.67618759E+000    -0.49395840E-001    -0.75749492E-001    -0.25659032E+004     0.47263876E+003    -0.28430194E-002    -0.44110100E-001
     0.67655508E+000    -0.49226174E-001    -0.75631311E-001    -0.25619559E+004     0.46981641E+003    -0.28067630E-002    -0.44026997E-001
     0.67692257E+000    -0.49057202E-001    -0.75513407E-001    -0.25580183E+004     0.46700932E+003    -0.27706960E-002    -0.43944130E-001
     0.67729007E+000    -0.48888922E-001    -0.75395781E-001    -0.25540906E+004     0.46421738E+003    -0.27348175E-002    -0.43861497E-001
     0.67765756E+000    -0.48721329E-001    -0.75278431E-001    -0.25501725E+004     0.46144051E+003    -0.26991263E-002    -0.43779099E-001
     0.67802505E+000    -0.48554420E-001    -0.75161357E-001    -0.25462642E+004     0.45867860E+003    -0.26636214E-002    -0.43696934E-001
     0.67839255E+000    -0.48388191E-001    -0.75044558E-001    -0.25423656E+004     0.45593154E+003    -0.26283016E-002    -0.43615002E-001
     0.67876004E+000    -0.48222639E-001    -0.74928032E-001    -0.25384766E+004     0.45319924E+003    -0.25931658E-002    -0.43533302E-001
     0.67912753E+000    -0.48057760E-001    -0.74811780E-001    -0.25345973E+004     0.45048161E+003    -0.25582131E-002    -0.43451833E-001
     0.67949503E+000    -0.47893551E-001    -0.74695800E-001    -0.25307277E+004     0.44777854E+003    -0.25234423E-002    -0.43370594E-001
     0.67986252E+000    -0.47730008E-001    -0.74580092E-001    -0.25268676E+004     0.44508994E+003    -0.24888524E-002    -0.43289584E-001
     0.68023001E+000    -0.47567127E-001    -0.74464655E-001    -0.25230172E+004     0.44241571E+003    -0.24544422E-002    -0.43208803E-001
     0.68059751E+000    -0.47404906E-001    -0.74349487E-001    -0.25191763E+004     0.43975576E+003    -0.24202109E-002    -0.43128250E-001
     0.68096500E+000    -0.47243340E-001    -0.74234589E-001    -0.25153450E+004     0.43711000E+003    -0.23861573E-002    -0.43047924E-001
     0.68133249E+000    -0.47082427E-001    -0.74119959E-001    -0.25115232E+004     0.43447833E+003    -0.23522804E-002    -0.42967824E-001
     0.68169999E+000    -0.46922163E-001    -0.74005597E-001    -0.25077109E+004     0.43186065E+003    -0.23185792E-002    -0.42887950E-001
     0.68206748E+000    -0.46762544E-001    -0.73891501E-001    -0.25039081E+004     0.42925689E+003    -0.22850527E-002    -0.42808301E-001
     0.68243497E+000    -0.46603568E-001    -0.73777671E-001    -0.25001148E+004     0.42666694E+003    -0.22516998E-002    -0.42728876E-001
     0.68280247E+000    -0.46445230E-001    -0.73664107E-001    -0.24963310E+004     0.42409071E+003    -0.22185196E-002    -0.42649673E-001
     0.68316996E+000    -0.46287528E-001    -0.73550807E-001    -0.24925565E+004     0.42152812E+003    -0.21855111E-002    -0.42570694E-001
     0.68353745E+000    -0.46130459E-001    -0.73437771E-001    -0.24887915E+004     0.41897907E+003    -0.21526732E-002    -0.42491936E-001
     0.68390495E+000    -0.45974019E-001    -0.73324998E-001    -0.24850359E+004     0.41644348E+003    -0.21200050E-002    -0.42413399E-001
     0.68427244E+000    -0.45818204E-001    -0.73212487E-001    -0.24812896E+004     0.41392126E+003    -0.20875056E-002    -0.42335082E-001
     0.68463993E+000    -0.45663012E-001    -0.73100237E-001    -0.24775527E+004     0.41141233E+003    -0.20551738E-002    -0.42256984E-001
     0.68500743E+000    -0.45508440E-001    -0.72988248E-001    -0.24738251E+004     0.40891659E+003    -0.20230089E-002    -0.42179106E-001
     0.68537492E+000    -0.45354484E-001    -0.72876519E-001    -0.24701068E+004     0.40643396E+003    -0.19910098E-002    -0.42101445E-001
     0.68574241E+000    -0.45201141E-001    -0.72765049E-001    -0.24663978E+004     0.40396435E+003    -0.19591755E-002    -0.42024001E-001
     0.68610991E+000    -0.45048408E-001    -0.72653837E-001    -0.24626981E+004     0.40150768E+003    -0.19275052E-002    -0.41946774E-001
     0.68647740E+000    -0.44896282E-001    -0.72542882E-001    -0.24590075E+004     0.39906387E+003    -0.18959978E-002    -0.41869762E-001
     0.68684489E+000    -0.44744760E-001    -0.72432185E-001    -0.24553262E+004     0.39663284E+003    -0.18646525E-002    -0.41792966E-001
     0.68721239E+000    -0.44593839E-001    -0.72321743E-001    -0.24516541E+004     0.39421449E+003    -0.18334683E-002    -0.41716383E-001
     0.68757988E+000    -0.44443515E-001    -0.72211557E-001    -0.24479912E+004     0.39180875E+003    -0.18024443E-002    -0.41640014E-001
     0.68794737E+000    -0.44293786E-001    -0.72101625E-001    -0.24443374E+004     0.38941554E+003    -0.17715796E-002    -0.41563858E-001
     0.68831486E+000    -0.44144649E-001    -0.71991947E-001    -0.24406928E+004     0.38703477E+003    -0.17408733E-002    -0.41487914E-001
     0.68868236E+000    -0.43996100E-001    -0.71882522E-001    -0.24370572E+004     0.38466637E+003    -0.17103245E-002    -0.41412181E-001
     0.68904985E+000    -0.43848137E-001    -0.71773349E-001    -0.24334308E+004     0.38231025E+003    -0.16799322E-002    -0.41336659E-001
     0.68941734E+000    -0.43700757E-001    -0.71664428E-001    -0.24298134E+004     0.37996635E+003    -0.16496957E-002    -0.41261346E-001
     0.68978484E+000    -0.43553957E-001    -0.71555758E-001    -0.24262050E+004     0.37763457E+003    -0.16196139E-002    -0.41186243E-001
     0.69015233E+000    -0.43407733E-001    -0.71447338E-001    -0.24226057E+004     0.37531484E+003    -0.15896860E-002    -0.41111348E-001
     0.69051982E+000    -0.43262083E-001    -0.71339167E-001    -0.24190153E+004     0.37300708E+003    -0.15599112E-002    -0.41036661E-001
     0.69088732E+000    -0.43117005E-001    -0.71231245E-001    -0.24154339E+004     0.37071123E+003    -0.15302886E-002    -0.40962181E-001
     0.69125481E+000    -0.42972494E-001    -0.71123570E-001    -0.24118615E+004     0.36842719E+003    -0.15008173E-002    -0.40887907E-001
     0.69162230E+000    -0.42828549E-001    -0.71016143E-001    -0.24082980E+004     0.36615490E+003    -0.14714965E-002    -0.40813839E-001
     0.69198980E+000    -0.42685167E-001    -0.70908963E-001    -0.24047434E+004     0.36389428E+003    -0.14423252E-002    -0.40739976E-001
     0.69235729E+000    -0.42542344E-001    -0.70802028E-001    -0.24011977E+004     0.36164525E+003    -0.14133028E-002    -0.40666317E-001
     0.69272478E+000    -0.42400078E-001    -0.70695338E-001    -0.23976609E+004     0.35940775E+003    -0.13844282E-002    -0.40592861E-001
     0.69309228E+000    -0.42258366E-001    -0.70588892E-001    -0.23941328E+004     0.35718169E+003    -0.13557008E-002    -0.40519608E-001
     0.69345977E+000    -0.42117206E-001    -0.70482690E-001    -0.23906136E+004     0.35496701E+003    -0.13271195E-002    -0.40446557E-001
     0.69382726E+000    -0.41976594E-001    -0.70376731E-001    -0.23871032E+004     0.35276363E+003    -0.12986838E-002    -0.40373708E-001
     0.69419476E+000    -0.41836528E-001    -0.70271014E-001    -0.23836016E+004     0.35057149E+003    -0.12703926E-002    -0.40301059E-001
     0.69456225E+000    -0.41697006E-001    -0.70165538E-001    -0.23801087E+004     0.34839051E+003    -0.12422452E-002    -0.40228611E-001
     0.69492974E+000    -0.41558023E-001    -0.70060303E-001    -0.23766245E+004     0.34622061E+003    -0.12142409E-002    -0.40156361E-001
     0.69529724E+000    -0.41419579E-001    -0.69955309E-001    -0.23731491E+004     0.34406174E+003    -0.11863787E-002    -0.40084311E-001
     0.69566473E+000    -0.41281670E-001    -0.69850553E-001    -0.23696823E+004     0.34191382E+003    -0.11586579E-002    -0.40012458E-001
     0.69603222E+000    -0.41144293E-001    -0.69746036E-001    -0.23662241E+004     0.33977678E+003    -0.11310777E-002    -0.39940803E-001
     0.69639972E+000    -0.41007447E-001    -0.69641758E-001    -0.23627746E+004     0.33765055E+003    -0.11036372E-002    -0.39869344E-001
     0.69676721E+000    -0.40871127E-001    -0.69537716E-001    -0.23593338E+004     0.33553507E+003    -0.10763359E-002    -0.39798082E-001
     0.69713470E+000    -0.40735333E-001    -0.69433911E-001    -0.23559015E+004     0.33343026E+003    -0.10491727E-002    -0.39727014E-001
     0.69750220E+000    -0.40600060E-001    -0.69330342E-001    -0.23524777E+004     0.33133607E+003    -0.10221471E-002    -0.39656142E-001
     0.69786969E+000    -0.40465307E-001    -0.69227008E-001    -0.23490625E+004     0.32925242E+003    -0.99525810E-003    -0.39585463E-001
     0.69823718E+000    -0.40331071E-001    -0.69123909E-001    -0.23456558E+004     0.32717924E+003    -0.96850507E-003    -0.39514978E-001
     0.69860468E+000    -0.40197350E-001    -0.69021043E-001    -0.23422576E+004     0.32511648E+003    -0.94188723E-003    -0.39444685E-001
     0.69897217E+000    -0.40064140E-001    -0.68918411E-001    -0.23388679E+004     0.32306406E+003    -0.91540381E-003    -0.39374584E-001
     0.69933966E+000    -0.39931440E-001    -0.68816011E-001    -0.23354867E+004     0.32102193E+003    -0.88905408E-003    -0.39304675E-001
     0.69970716E+000    -0.39799247E-001    -0.68713843E-001    -0.23321138E+004     0.31899002E+003    -0.86283727E-003    -0.39234956E-001
     0.70007465E+000    -0.39667558E-001    -0.68611905E-001    -0.23287494E+004     0.31696826E+003    -0.83675266E-003    -0.39165428E-001
     0.70044214E+000    -0.39536372E-001    -0.68510199E-001    -0.23253933E+004     0.31495659E+003    -0.81079951E-003    -0.39096089E-001
     0.70080964E+000    -0.39405685E-001    -0.68408722E-001    -0.23220457E+004     0.31295495E+003    -0.78497709E-003    -0.39026938E-001
     0.70117713E+000    -0.39275495E-001    -0.68307475E-001    -0.23187063E+004     0.31096327E+003    -0.75928468E-003    -0.38957976E-001
     0.70154462E+000    -0.39145800E-001    -0.68206455E-001    -0.23153752E+004     0.30898150E+003    -0.73372155E-003    -0.38889201E-001
     0.70191212E+000    -0.39016597E-001    -0.68105664E-001    -0.23120525E+004     0.30700958E+003    -0.70828698E-003    -0.38820613E-001
     0.70227961E+000    -0.38887884E-001    -0.68005100E-001    -0.23087380E+004     0.30504743E+003    -0.68298027E-003    -0.38752212E-001
     0.70264710E+000    -0.38759659E-001    -0.67904762E-001    -0.23054318E+004     0.30309501E+003    -0.65780071E-003    -0.38683996E-001
     0.70301459E+000    -0.38631920E-001    -0.67804650E-001    -0.23021337E+004     0.30115225E+003    -0.63274759E-003    -0.38615964E-001
     0.70338209E+000    -0.38504663E-001    -0.67704763E-001    -0.22988439E+004     0.29921909E+003    -0.60782022E-003    -0.38548118E-001
     0.70374958E+000    -0.38377886E-001    -0.67605101E-001    -0.22955622E+004     0.29729547E+003    -0.58301790E-003    -0.38480455E-001
     0.70411707E+000    -0.38251588E-001    -0.67505662E-001    -0.22922887E+004     0.29538134E+003    -0.55833994E-003    -0.38412975E-001
     0.70448457E+000    -0.38125767E-001    -0.67406447E-001    -0.22890234E+004     0.29347663E+003    -0.53378567E-003    -0.38345677E-001
     0.70485206E+000    -0.38000418E-001    -0.67307455E-001    -0.22857661E+004     0.29158129E+003    -0.50935438E-003    -0.38278561E-001
     0.70521955E+000    -0.37875541E-001    -0.67208684E-001    -0.22825169E+004     0.28969527E+003    -0.48504542E-003    -0.38211627E-001
     0.70558705E+000    -0.37751134E-001    -0.67110135E-001    -0.22792758E+004     0.28781849E+003    -0.46085811E-003    -0.38144873E-001
     0.70595454E+000    -0.37627193E-001    -0.67011806E-001    -0.22760427E+004     0.28595091E+003    -0.43679177E-003    -0.38078299E-001
     0.70632203E+000    -0.37503717E-001    -0.66913697E-001    -0.22728177E+004     0.28409247E+003    -0.41284575E-003    -0.38011904E-001
     0.70668953E+000    -0.37380703E-001    -0.66815808E-001    -0.22696006E+004     0.28224312E+003    -0.38901939E-003    -0.37945689E-001
     0.70705702E+000    -0.37258150E-001    -0.66718137E-001    -0.22663915E+004     0.28040279E+003    -0.36531202E-003    -0.37879651E-001
     0.70742451E+000    -0.37136055E-001    -0.66620685E-001    -0.22631903E+004     0.27857144E+003    -0.34172300E-003    -0.37813791E-001
     0.70779201E+000    -0.37014416E-001    -0.66523450E-001    -0.22599971E+004     0.27674901E+003    -0.31825168E-003    -0.37748108E-001
     0.70815950E+000    -0.36893230E-001    -0.66426432E-001    -0.22568118E+004     0.27493544E+003    -0.29489741E-003    -0.37682602E-001
     0.70852699E+000    -0.36772496E-001    -0.66329630E-001    -0.22536344E+004     0.27313069E+003    -0.27165957E-003    -0.37617271E-001
     0.70889449E+000    -0.36652212E-001    -0.66233044E-001    -0.22504648E+004     0.27133469E+003    -0.24853750E-003    -0.37552115E-001
     0.70926198E+000    -0.36532375E-001    -0.66136673E-001    -0.22473030E+004     0.26954740E+003    -0.22553058E-003    -0.37487134E-001
     0.70962947E+000    -0.36412983E-001    -0.66040516E-001    -0.22441491E+004     0.26776875E+003    -0.20263819E-003    -0.37422327E-001
     0.70999697E+000    -0.36294034E-001    -0.65944573E-001    -0.22410029E+004     0.26599871E+003    -0.17985969E-003    -0.37357694E-001
     0.71036446E+000    -0.36175526E-001    -0.65848843E-001    -0.22378645E+004     0.26423722E+003    -0.15719447E-003    -0.37293233E-001
     0.71073195E+000    -0.36057457E-001    -0.65753326E-001    -0.22347339E+004     0.26248422E+003    -0.13464191E-003    -0.37228945E-001
     0.71109945E+000    -0.35939825E-001    -0.65658020E-001    -0.22316110E+004     0.26073967E+003    -0.11220140E-003    -0.37164828E-001
     0.71146694E+000    -0.35822628E-001    -0.65562926E-001    -0.22284958E+004     0.25900351E+003    -0.89872330E-004    -0.37100882E-001
     0.71183443E+000    -0.35705864E-001    -0.65468043E-001    -0.22253883E+004     0.25727569E+003    -0.67654096E-004    -0.37037107E-001
     0.71220193E+000    -0.35589530E-001    -0.65373369E-001    -0.22222884E+004     0.25555617E+003    -0.45546098E-004    -0.36973502E-001
     0.71256942E+000    -0.35473625E-001    -0.65278906E-001    -0.22191961E+004     0.25384489E+003    -0.23547737E-004    -0.36910066E-001
     0.71293691E+000    -0.35358147E-001    -0.65184651E-001    -0.22161115E+004     0.25214181E+003    -0.16584208E-005    -0.36846799E-001
     0.71330441E+000    -0.35243093E-001    -0.65090605E-001    -0.22130345E+004     0.25044687E+003     0.20122442E-004    -0.36783700E-001
     0.71367190E+000    -0.35128463E-001    -0.64996766E-001    -0.22099650E+004     0.24876003E+003     0.41795436E-004    -0.36720769E-001
     0.71403939E+000    -0.35014253E-001    -0.64903134E-001    -0.22069031E+004     0.24708123E+003     0.63361146E-004    -0.36658005E-001
     0.71440689E+000    -0.34900462E-001    -0.64809709E-001    -0.22038486E+004     0.24541044E+003     0.84820150E-004    -0.36595408E-001
     0.71477438E+000    -0.34787087E-001    -0.64716490E-001    -0.22008017E+004     0.24374759E+003     0.10617302E-003    -0.36532976E-001
     0.71514187E+000    -0.34674128E-001    -0.64623476E-001    -0.21977623E+004     0.24209266E+003     0.12742034E-003    -0.36470710E-001
     0.71550937E+000    -0.34561582E-001    -0.64530667E-001    -0.21947303E+004     0.24044558E+003     0.14856266E-003    -0.36408609E-001
     0.71587686E+000    -0.34449446E-001    -0.64438062E-001    -0.21917058E+004     0.23880631E+003     0.16960056E-003    -0.36346672E-001
     0.71624435E+000    -0.34337720E-001    -0.64345661E-001    -0.21886887E+004     0.23717481E+003     0.19053460E-003    -0.36284899E-001
     0.71661185E+000    -0.34226401E-001    -0.64253463E-001    -0.21856790E+004     0.23555102E+003     0.21136533E-003    -0.36223290E-001
     0.71697934E+000    -0.34115488E-001    -0.64161468E-001    -0.21826766E+004     0.23393491E+003     0.23209331E-003    -0.36161843E-001
     0.71734683E+000    -0.34004978E-001    -0.64069674E-001    -0.21796816E+004     0.23232642E+003     0.25271909E-003    -0.36100558E-001
     0.71771433E+000    -0.33894870E-001    -0.63978081E-001    -0.21766939E+004     0.23072552E+003     0.27324322E-003    -0.36039434E-001
     0.71808182E+000    -0.33785162E-001    -0.63886689E-001    -0.21737135E+004     0.22913216E+003     0.29366624E-003    -0.35978472E-001
     0.71844931E+000    -0.33675851E-001    -0.63795498E-001    -0.21707404E+004     0.22754629E+003     0.31398870E-003    -0.35917670E-001
     0.71881680E+000    -0.33566937E-001    -0.63704506E-001    -0.21677746E+004     0.22596787E+003     0.33421113E-003    -0.35857029E-001
     0.71918430E+000    -0.33458417E-001    -0.63613713E-001    -0.21648160E+004     0.22439685E+003     0.35433407E-003    -0.35796546E-001
     0.71955179E+000    -0.33350290E-001    -0.63523118E-001    -0.21618646E+004     0.22283320E+003     0.37435804E-003    -0.35736223E-001
     0.71991928E+000    -0.33242553E-001    -0.63432722E-001    -0.21589204E+004     0.22127687E+003     0.39428359E-003    -0.35676058E-001
     0.72028678E+000    -0.33135205E-001    -0.63342522E-001    -0.21559834E+004     0.21972781E+003     0.41411122E-003    -0.35616051E-001
     0.72065427E+000    -0.33028245E-001    -0.63252520E-001    -0.21530536E+004     0.21818598E+003     0.43384147E-003    -0.35556201E-001
     0.72102176E+000    -0.32921670E-001    -0.63162713E-001    -0.21501309E+004     0.21665135E+003     0.45347485E-003    -0.35496508E-001
     0.72138926E+000    -0.32815478E-001    -0.63073103E-001    -0.21472153E+004     0.21512386E+003     0.47301187E-003    -0.35436971E-001
     0.72175675E+000    -0.32709669E-001    -0.62983687E-001    -0.21443067E+004     0.21360348E+003     0.49245306E-003    -0.35377590E-001
     0.72212424E+000    -0.32604239E-001    -0.62894466E-001    -0.21414053E+004     0.21209017E+003     0.51179892E-003    -0.35318364E-001
     0.72249174E+000    -0.32499188E-001    -0.62805439E-001    -0.21385109E+004     0.21058388E+003     0.53104995E-003    -0.35259293E-001
     0.72285923E+000    -0.32394514E-001    -0.62716606E-001    -0.21356235E+004     0.20908458E+003     0.55020666E-003    -0.35200377E-001
     0.72322672E+000    -0.32290214E-001    -0.62627965E-001    -0.21327432E+004     0.20759221E+003     0.56926955E-003    -0.35141613E-001
     0.72359422E+000    -0.32186288E-001    -0.62539517E-001    -0.21298698E+004     0.20610676E+003     0.58823911E-003    -0.35083004E-001
     0.72396171E+000    -0.32082734E-001    -0.62451261E-001    -0.21270034E+004     0.20462816E+003     0.60711584E-003    -0.35024546E-001
     0.72432920E+000    -0.31979549E-001    -0.62363195E-001    -0.21241439E+004     0.20315639E+003     0.62590024E-003    -0.34966241E-001
     0.72469670E+000    -0.31876733E-001    -0.62275321E-001    -0.21212913E+004     0.20169140E+003     0.64459278E-003    -0.34908088E-001
     0.72506419E+000    -0.31774283E-001    -0.62187637E-001    -0.21184457E+004     0.20023315E+003     0.66319396E-003    -0.34850086E-001
     0.72543168E+000    -0.31672198E-001    -0.62100142E-001    -0.21156069E+004     0.19878161E+003     0.68170425E-003    -0.34792234E-001
     0.72579918E+000    -0.31570477E-001    -0.62012837E-001    -0.21127750E+004     0.19733674E+003     0.70012414E-003    -0.34734533E-001
     0.72616667E+000    -0.31469117E-001    -0.61925720E-001    -0.21099499E+004     0.19589849E+003     0.71845410E-003    -0.34676981E-001
     0.72653416E+000    -0.31368117E-001    -0.61838792E-001    -0.21071317E+004     0.19446684E+003     0.73669461E-003    -0.34619579E-001
     0.72690166E+000    -0.31267476E-001    -0.61752051E-001    -0.21043202E+004     0.19304174E+003     0.75484614E-003    -0.34562325E-001
     0.72726915E+000    -0.31167191E-001    -0.61665496E-001    -0.21015156E+004     0.19162315E+003     0.77290915E-003    -0.34505219E-001
     0.72763664E+000    -0.31067262E-001    -0.61579129E-001    -0.20987176E+004     0.19021104E+003     0.79088410E-003    -0.34448261E-001
     0.72800414E+000    -0.30967686E-001    -0.61492947E-001    -0.20959265E+004     0.18880537E+003     0.80877148E-003    -0.34391451E-001
     0.72837163E+000    -0.30868462E-001    -0.61406951E-001    -0.20931420E+004     0.18740610E+003     0.82657172E-003    -0.34334787E-001
     0.72873912E+000    -0.30769589E-001    -0.61321140E-001    -0.20903642E+004     0.18601320E+003     0.84428529E-003    -0.34278269E-001
     0.72910662E+000    -0.30671065E-001    -0.61235513E-001    -0.20875931E+004     0.18462663E+003     0.86191264E-003    -0.34221897E-001
     0.72947411E+000    -0.30572888E-001    -0.61150070E-001    -0.20848287E+004     0.18324636E+003     0.87945423E-003    -0.34165670E-001
     0.72984160E+000    -0.30475056E-001    -0.61064810E-001    -0.20820709E+004     0.18187234E+003     0.89691050E-003    -0.34109588E-001
     0.73020910E+000    -0.30377569E-001    -0.60979734E-001    -0.20793197E+004     0.18050455E+003     0.91428191E-003    -0.34053651E-001
     0.73057659E+000    -0.30280425E-001    -0.60894839E-001    -0.20765751E+004     0.17914294E+003     0.93156888E-003    -0.33997857E-001
     0.73094408E+000    -0.30183622E-001    -0.60810127E-001    -0.20738371E+004     0.17778749E+003     0.94877187E-003    -0.33942207E-001
     0.73131158E+000    -0.30087159E-001    -0.60725596E-001    -0.20711057E+004     0.17643815E+003     0.96589130E-003    -0.33886699E-001
     0.73167907E+000    -0.29991034E-001    -0.60641245E-001    -0.20683807E+004     0.17509490E+003     0.98292763E-003    -0.33831334E-001
     0.73204656E+000    -0.29895245E-001    -0.60557075E-001    -0.20656623E+004     0.17375769E+003     0.99988127E-003    -0.33776111E-001
     0.73241406E+000    -0.29799792E-001    -0.60473085E-001    -0.20629504E+004     0.17242650E+003     0.10167527E-002    -0.33721029E-001
     0.73278155E+000    -0.29704673E-001    -0.60389274E-001    -0.20602450E+004     0.17110129E+003     0.10335422E-002    -0.33666089E-001
     0.73314904E+000    -0.29609886E-001    -0.60305642E-001    -0.20575460E+004     0.16978203E+003     0.10502504E-002    -0.33611289E-001
     0.73351654E+000    -0.29515429E-001    -0.60222188E-001    -0.20548535E+004     0.16846868E+003     0.10668776E-002    -0.33556629E-001
     0.73388403E+000    -0.29421302E-001    -0.60138912E-001    -0.20521674E+004     0.16716121E+003     0.10834243E-002    -0.33502109E-001
     0.73425152E+000    -0.29327503E-001    -0.60055814E-001    -0.20494876E+004     0.16585958E+003     0.10998908E-002    -0.33447727E-001
