srun: warning: can't honor --ntasks-per-node set to 16 which doesn't match the requested tasks 64 and -mpack, which forces min number of nodes to 1
CPU_SET_HEX_STR_SIZE: 257, Size of mstr: 257
cpu-bind=MASK - cn0170, task 48  0 [1645301]: mask |BBBBBBBB|--------|--------|--------|--------|--------|--------|--------|--------|BBBB----|--------|--------||||--------|--------|--------|--------|--------|--------|--------|--------|--------|--------|--------|--------| set
CPU_SET_HEX_STR_SIZE: 257, Size of mstr: 257
cpu-bind=MASK - cn0170, task 49  1 [1645302]: mask |--------|--------|--------|BBBBBBBB|--------|--------|--------|--------|--------|----BBBB|--------|--------||||--------|--------|--------|--------|--------|--------|--------|--------|--------|--------|--------|--------| set
CPU_SET_HEX_STR_SIZE: 257, Size of mstr: 257
cpu-bind=MASK - cn0170, task 50  2 [1645303]: mask |--------|BBBB----|--------|--------|--------|--------|BBBBBBBB|--------|--------|--------|--------|--------||||--------|--------|--------|--------|--------|--------|--------|--------|--------|--------|--------|--------| set
CPU_SET_HEX_STR_SIZE: 257, Size of mstr: 257
cpu-bind=MASK - cn0170, task 51  3 [1645304]: mask |--------|----BBBB|--------|--------|--------|--------|--------|--------|--------|--------|BBBBBBBB|--------||||--------|--------|--------|--------|--------|--------|--------|--------|--------|--------|--------|--------| set
CPU_SET_HEX_STR_SIZE: 257, Size of mstr: 257
cpu-bind=MASK - cn0170, task 52  4 [1645305]: mask |--------|--------|--------|--------|BBBBBBBB|--------|--------|BBBB----|--------|--------|--------|--------||||--------|--------|--------|--------|--------|--------|--------|--------|--------|--------|--------|--------| set
CPU_SET_HEX_STR_SIZE: 257, Size of mstr: 257
cpu-bind=MASK - cn0170, task 53  5 [1645306]: mask |--------|--------|BBBBBBBB|--------|--------|--------|--------|----BBBB|--------|--------|--------|--------||||--------|--------|--------|--------|--------|--------|--------|--------|--------|--------|--------|--------| set
CPU_SET_HEX_STR_SIZE: 257, Size of mstr: 257
cpu-bind=MASK - cn0170, task 54  6 [1645307]: mask |--------|--------|--------|--------|--------|BBBB----|--------|--------|--------|--------|--------|BBBBBBBB||||--------|--------|--------|--------|--------|--------|--------|--------|--------|--------|--------|--------| set
CPU_SET_HEX_STR_SIZE: 257, Size of mstr: 257
cpu-bind=MASK - cn0169, task 32  0 [1528160]: mask |BBBBBBBB|--------|--------|--------|--------|--------|--------|--------|--------|BBBB----|--------|--------||||--------|--------|--------|--------|--------|--------|--------|--------|--------|--------|--------|--------| set
CPU_SET_HEX_STR_SIZE: 257, Size of mstr: 257
cpu-bind=MASK - cn0170, task 55  7 [1645308]: mask |--------|--------|--------|--------|--------|----BBBB|--------|--------|BBBBBBBB|--------|--------|--------||||--------|--------|--------|--------|--------|--------|--------|--------|--------|--------|--------|--------| set
CPU_SET_HEX_STR_SIZE: 257, Size of mstr: 257
cpu-bind=MASK - cn0169, task 33  1 [1528161]: mask |--------|--------|--------|BBBBBBBB|--------|--------|--------|--------|--------|----BBBB|--------|--------||||--------|--------|--------|--------|--------|--------|--------|--------|--------|--------|--------|--------| set
CPU_SET_HEX_STR_SIZE: 257, Size of mstr: 257
cpu-bind=MASK - cn0170, task 56  8 [1645309]: mask |--------|--------|--------|--------|--------|--------|--------|--------|--------|--------|--------|--------||||BBBBBBBB|--------|--------|--------|--------|--------|--------|--------|--------|BBBB----|--------|--------| set
CPU_SET_HEX_STR_SIZE: 257, Size of mstr: 257
cpu-bind=MASK - cn0169, task 34  2 [1528162]: mask |--------|BBBB----|--------|--------|--------|--------|BBBBBBBB|--------|--------|--------|--------|--------||||--------|--------|--------|--------|--------|--------|--------|--------|--------|--------|--------|--------| set
CPU_SET_HEX_STR_SIZE: 257, Size of mstr: 257
cpu-bind=MASK - cn0170, task 57  9 [1645310]: mask |--------|--------|--------|--------|--------|--------|--------|--------|--------|--------|--------|--------||||--------|--------|--------|BBBBBBBB|--------|--------|--------|--------|--------|----BBBB|--------|--------| set
CPU_SET_HEX_STR_SIZE: 257, Size of mstr: 257
cpu-bind=MASK - cn0169, task 35  3 [1528163]: mask |--------|----BBBB|--------|--------|--------|--------|--------|--------|--------|--------|BBBBBBBB|--------||||--------|--------|--------|--------|--------|--------|--------|--------|--------|--------|--------|--------| set
CPU_SET_HEX_STR_SIZE: 257, Size of mstr: 257
cpu-bind=MASK - cn0170, task 58 10 [1645311]: mask |--------|--------|--------|--------|--------|--------|--------|--------|--------|--------|--------|--------||||--------|BBBB----|--------|--------|--------|--------|BBBBBBBB|--------|--------|--------|--------|--------| set
CPU_SET_HEX_STR_SIZE: 257, Size of mstr: 257
cpu-bind=MASK - cn0169, task 36  4 [1528164]: mask |--------|--------|--------|--------|BBBBBBBB|--------|--------|BBBB----|--------|--------|--------|--------||||--------|--------|--------|--------|--------|--------|--------|--------|--------|--------|--------|--------| set
CPU_SET_HEX_STR_SIZE: 257, Size of mstr: 257
cpu-bind=MASK - cn0170, task 59 11 [1645312]: mask |--------|--------|--------|--------|--------|--------|--------|--------|--------|--------|--------|--------||||--------|----BBBB|--------|--------|--------|--------|--------|--------|--------|--------|BBBBBBBB|--------| set
CPU_SET_HEX_STR_SIZE: 257, Size of mstr: 257
cpu-bind=MASK - cn0170, task 60 12 [1645313]: mask |--------|--------|--------|--------|--------|--------|--------|--------|--------|--------|--------|--------||||--------|--------|--------|--------|BBBBBBBB|--------|--------|BBBB----|--------|--------|--------|--------| set
CPU_SET_HEX_STR_SIZE: 257, Size of mstr: 257
cpu-bind=MASK - cn0169, task 37  5 [1528165]: mask |--------|--------|BBBBBBBB|--------|--------|--------|--------|----BBBB|--------|--------|--------|--------||||--------|--------|--------|--------|--------|--------|--------|--------|--------|--------|--------|--------| set
CPU_SET_HEX_STR_SIZE: 257, Size of mstr: 257
cpu-bind=MASK - cn0170, task 61 13 [1645314]: mask |--------|--------|--------|--------|--------|--------|--------|--------|--------|--------|--------|--------||||--------|--------|BBBBBBBB|--------|--------|--------|--------|----BBBB|--------|--------|--------|--------| set
CPU_SET_HEX_STR_SIZE: 257, Size of mstr: 257
cpu-bind=MASK - cn0169, task 38  6 [1528166]: mask |--------|--------|--------|--------|--------|BBBB----|--------|--------|--------|--------|--------|BBBBBBBB||||--------|--------|--------|--------|--------|--------|--------|--------|--------|--------|--------|--------| set
CPU_SET_HEX_STR_SIZE: 257, Size of mstr: 257
cpu-bind=MASK - cn0170, task 62 14 [1645315]: mask |--------|--------|--------|--------|--------|--------|--------|--------|--------|--------|--------|--------||||--------|--------|--------|--------|--------|BBBB----|--------|--------|--------|--------|--------|BBBBBBBB| set
CPU_SET_HEX_STR_SIZE: 257, Size of mstr: 257
cpu-bind=MASK - cn0169, task 39  7 [1528167]: mask |--------|--------|--------|--------|--------|----BBBB|--------|--------|BBBBBBBB|--------|--------|--------||||--------|--------|--------|--------|--------|--------|--------|--------|--------|--------|--------|--------| set
CPU_SET_HEX_STR_SIZE: 257, Size of mstr: 257
cpu-bind=MASK - cn0169, task 40  8 [1528168]: mask |--------|--------|--------|--------|--------|--------|--------|--------|--------|--------|--------|--------||||BBBBBBBB|--------|--------|--------|--------|--------|--------|--------|--------|BBBB----|--------|--------| set
CPU_SET_HEX_STR_SIZE: 257, Size of mstr: 257
cpu-bind=MASK - cn0169, task 41  9 [1528169]: mask |--------|--------|--------|--------|--------|--------|--------|--------|--------|--------|--------|--------||||--------|--------|--------|BBBBBBBB|--------|--------|--------|--------|--------|----BBBB|--------|--------| set
CPU_SET_HEX_STR_SIZE: 257, Size of mstr: 257
cpu-bind=MASK - cn0169, task 42 10 [1528170]: mask |--------|--------|--------|--------|--------|--------|--------|--------|--------|--------|--------|--------||||--------|BBBB----|--------|--------|--------|--------|BBBBBBBB|--------|--------|--------|--------|--------| set
CPU_SET_HEX_STR_SIZE: 257, Size of mstr: 257
cpu-bind=MASK - cn0169, task 43 11 [1528171]: mask |--------|--------|--------|--------|--------|--------|--------|--------|--------|--------|--------|--------||||--------|----BBBB|--------|--------|--------|--------|--------|--------|--------|--------|BBBBBBBB|--------| set
CPU_SET_HEX_STR_SIZE: 257, Size of mstr: 257
cpu-bind=MASK - cn0169, task 44 12 [1528172]: mask |--------|--------|--------|--------|--------|--------|--------|--------|--------|--------|--------|--------||||--------|--------|--------|--------|BBBBBBBB|--------|--------|BBBB----|--------|--------|--------|--------| set
CPU_SET_HEX_STR_SIZE: 257, Size of mstr: 257
cpu-bind=MASK - cn0169, task 45 13 [1528173]: mask |--------|--------|--------|--------|--------|--------|--------|--------|--------|--------|--------|--------||||--------|--------|BBBBBBBB|--------|--------|--------|--------|----BBBB|--------|--------|--------|--------| set
CPU_SET_HEX_STR_SIZE: 257, Size of mstr: 257
cpu-bind=MASK - cn0169, task 46 14 [1528174]: mask |--------|--------|--------|--------|--------|--------|--------|--------|--------|--------|--------|--------||||--------|--------|--------|--------|--------|BBBB----|--------|--------|--------|--------|--------|BBBBBBBB| set
CPU_SET_HEX_STR_SIZE: 257, Size of mstr: 257
cpu-bind=MASK - cn0170, task 63 15 [1645316]: mask |--------|--------|--------|--------|--------|--------|--------|--------|--------|--------|--------|--------||||--------|--------|--------|--------|--------|----BBBB|--------|--------|BBBBBBBB|--------|--------|--------| set
CPU_SET_HEX_STR_SIZE: 257, Size of mstr: 257
cpu-bind=MASK - cn0169, task 47 15 [1528175]: mask |--------|--------|--------|--------|--------|--------|--------|--------|--------|--------|--------|--------||||--------|--------|--------|--------|--------|----BBBB|--------|--------|BBBBBBBB|--------|--------|--------| set
CPU_SET_HEX_STR_SIZE: 257, Size of mstr: 257
cpu-bind=MASK - cn0152, task 16  0 [1870138]: mask |BBBBBBBB|--------|--------|--------|--------|--------|--------|--------|--------|BBBB----|--------|--------||||--------|--------|--------|--------|--------|--------|--------|--------|--------|--------|--------|--------| set
CPU_SET_HEX_STR_SIZE: 257, Size of mstr: 257
cpu-bind=MASK - cn0152, task 17  1 [1870139]: mask |--------|--------|--------|BBBBBBBB|--------|--------|--------|--------|--------|----BBBB|--------|--------||||--------|--------|--------|--------|--------|--------|--------|--------|--------|--------|--------|--------| set
CPU_SET_HEX_STR_SIZE: 257, Size of mstr: 257
cpu-bind=MASK - cn0152, task 18  2 [1870140]: mask |--------|BBBB----|--------|--------|--------|--------|BBBBBBBB|--------|--------|--------|--------|--------||||--------|--------|--------|--------|--------|--------|--------|--------|--------|--------|--------|--------| set
CPU_SET_HEX_STR_SIZE: 257, Size of mstr: 257
cpu-bind=MASK - cn0152, task 19  3 [1870141]: mask |--------|----BBBB|--------|--------|--------|--------|--------|--------|--------|--------|BBBBBBBB|--------||||--------|--------|--------|--------|--------|--------|--------|--------|--------|--------|--------|--------| set
CPU_SET_HEX_STR_SIZE: 257, Size of mstr: 257
cpu-bind=MASK - cn0152, task 20  4 [1870142]: mask |--------|--------|--------|--------|BBBBBBBB|--------|--------|BBBB----|--------|--------|--------|--------||||--------|--------|--------|--------|--------|--------|--------|--------|--------|--------|--------|--------| set
CPU_SET_HEX_STR_SIZE: 257, Size of mstr: 257
cpu-bind=MASK - cn0152, task 21  5 [1870143]: mask |--------|--------|BBBBBBBB|--------|--------|--------|--------|----BBBB|--------|--------|--------|--------||||--------|--------|--------|--------|--------|--------|--------|--------|--------|--------|--------|--------| set
CPU_SET_HEX_STR_SIZE: 257, Size of mstr: 257
cpu-bind=MASK - cn0152, task 22  6 [1870144]: mask |--------|--------|--------|--------|--------|BBBB----|--------|--------|--------|--------|--------|BBBBBBBB||||--------|--------|--------|--------|--------|--------|--------|--------|--------|--------|--------|--------| set
CPU_SET_HEX_STR_SIZE: 257, Size of mstr: 257
cpu-bind=MASK - cn0152, task 23  7 [1870145]: mask |--------|--------|--------|--------|--------|----BBBB|--------|--------|BBBBBBBB|--------|--------|--------||||--------|--------|--------|--------|--------|--------|--------|--------|--------|--------|--------|--------| set
CPU_SET_HEX_STR_SIZE: 257, Size of mstr: 257
cpu-bind=MASK - cn0152, task 24  8 [1870146]: mask |--------|--------|--------|--------|--------|--------|--------|--------|--------|--------|--------|--------||||BBBBBBBB|--------|--------|--------|--------|--------|--------|--------|--------|BBBB----|--------|--------| set
CPU_SET_HEX_STR_SIZE: 257, Size of mstr: 257
cpu-bind=MASK - cn0152, task 25  9 [1870147]: mask |--------|--------|--------|--------|--------|--------|--------|--------|--------|--------|--------|--------||||--------|--------|--------|BBBBBBBB|--------|--------|--------|--------|--------|----BBBB|--------|--------| set
CPU_SET_HEX_STR_SIZE: 257, Size of mstr: 257
cpu-bind=MASK - cn0152, task 26 10 [1870148]: mask |--------|--------|--------|--------|--------|--------|--------|--------|--------|--------|--------|--------||||--------|BBBB----|--------|--------|--------|--------|BBBBBBBB|--------|--------|--------|--------|--------| set
CPU_SET_HEX_STR_SIZE: 257, Size of mstr: 257
cpu-bind=MASK - cn0152, task 27 11 [1870149]: mask |--------|--------|--------|--------|--------|--------|--------|--------|--------|--------|--------|--------||||--------|----BBBB|--------|--------|--------|--------|--------|--------|--------|--------|BBBBBBBB|--------| set
CPU_SET_HEX_STR_SIZE: 257, Size of mstr: 257
cpu-bind=MASK - cn0152, task 28 12 [1870150]: mask |--------|--------|--------|--------|--------|--------|--------|--------|--------|--------|--------|--------||||--------|--------|--------|--------|BBBBBBBB|--------|--------|BBBB----|--------|--------|--------|--------| set
CPU_SET_HEX_STR_SIZE: 257, Size of mstr: 257
cpu-bind=MASK - cn0146, task  0  0 [1704779]: mask |BBBBBBBB|--------|--------|--------|--------|--------|--------|--------|--------|BBBB----|--------|--------||||--------|--------|--------|--------|--------|--------|--------|--------|--------|--------|--------|--------| set
CPU_SET_HEX_STR_SIZE: 257, Size of mstr: 257
cpu-bind=MASK - cn0152, task 29 13 [1870151]: mask |--------|--------|--------|--------|--------|--------|--------|--------|--------|--------|--------|--------||||--------|--------|BBBBBBBB|--------|--------|--------|--------|----BBBB|--------|--------|--------|--------| set
CPU_SET_HEX_STR_SIZE: 257, Size of mstr: 257
cpu-bind=MASK - cn0152, task 30 14 [1870152]: mask |--------|--------|--------|--------|--------|--------|--------|--------|--------|--------|--------|--------||||--------|--------|--------|--------|--------|BBBB----|--------|--------|--------|--------|--------|BBBBBBBB| set
CPU_SET_HEX_STR_SIZE: 257, Size of mstr: 257
cpu-bind=MASK - cn0146, task  1  1 [1704780]: mask |--------|--------|--------|BBBBBBBB|--------|--------|--------|--------|--------|----BBBB|--------|--------||||--------|--------|--------|--------|--------|--------|--------|--------|--------|--------|--------|--------| set
CPU_SET_HEX_STR_SIZE: 257, Size of mstr: 257
cpu-bind=MASK - cn0146, task  2  2 [1704781]: mask |--------|BBBB----|--------|--------|--------|--------|BBBBBBBB|--------|--------|--------|--------|--------||||--------|--------|--------|--------|--------|--------|--------|--------|--------|--------|--------|--------| set
CPU_SET_HEX_STR_SIZE: 257, Size of mstr: 257
cpu-bind=MASK - cn0146, task  3  3 [1704782]: mask |--------|----BBBB|--------|--------|--------|--------|--------|--------|--------|--------|BBBBBBBB|--------||||--------|--------|--------|--------|--------|--------|--------|--------|--------|--------|--------|--------| set
CPU_SET_HEX_STR_SIZE: 257, Size of mstr: 257
cpu-bind=MASK - cn0146, task  4  4 [1704783]: mask |--------|--------|--------|--------|BBBBBBBB|--------|--------|BBBB----|--------|--------|--------|--------||||--------|--------|--------|--------|--------|--------|--------|--------|--------|--------|--------|--------| set
CPU_SET_HEX_STR_SIZE: 257, Size of mstr: 257
cpu-bind=MASK - cn0146, task  5  5 [1704784]: mask |--------|--------|BBBBBBBB|--------|--------|--------|--------|----BBBB|--------|--------|--------|--------||||--------|--------|--------|--------|--------|--------|--------|--------|--------|--------|--------|--------| set
CPU_SET_HEX_STR_SIZE: 257, Size of mstr: 257
cpu-bind=MASK - cn0146, task  6  6 [1704785]: mask |--------|--------|--------|--------|--------|BBBB----|--------|--------|--------|--------|--------|BBBBBBBB||||--------|--------|--------|--------|--------|--------|--------|--------|--------|--------|--------|--------| set
CPU_SET_HEX_STR_SIZE: 257, Size of mstr: 257
cpu-bind=MASK - cn0146, task  7  7 [1704786]: mask |--------|--------|--------|--------|--------|----BBBB|--------|--------|BBBBBBBB|--------|--------|--------||||--------|--------|--------|--------|--------|--------|--------|--------|--------|--------|--------|--------| set
CPU_SET_HEX_STR_SIZE: 257, Size of mstr: 257
cpu-bind=MASK - cn0152, task 31 15 [1870153]: mask |--------|--------|--------|--------|--------|--------|--------|--------|--------|--------|--------|--------||||--------|--------|--------|--------|--------|----BBBB|--------|--------|BBBBBBBB|--------|--------|--------| set
CPU_SET_HEX_STR_SIZE: 257, Size of mstr: 257
cpu-bind=MASK - cn0146, task  8  8 [1704787]: mask |--------|--------|--------|--------|--------|--------|--------|--------|--------|--------|--------|--------||||BBBBBBBB|--------|--------|--------|--------|--------|--------|--------|--------|BBBB----|--------|--------| set
CPU_SET_HEX_STR_SIZE: 257, Size of mstr: 257
cpu-bind=MASK - cn0146, task  9  9 [1704788]: mask |--------|--------|--------|--------|--------|--------|--------|--------|--------|--------|--------|--------||||--------|--------|--------|BBBBBBBB|--------|--------|--------|--------|--------|----BBBB|--------|--------| set
CPU_SET_HEX_STR_SIZE: 257, Size of mstr: 257
cpu-bind=MASK - cn0146, task 10 10 [1704789]: mask |--------|--------|--------|--------|--------|--------|--------|--------|--------|--------|--------|--------||||--------|BBBB----|--------|--------|--------|--------|BBBBBBBB|--------|--------|--------|--------|--------| set
CPU_SET_HEX_STR_SIZE: 257, Size of mstr: 257
cpu-bind=MASK - cn0146, task 11 11 [1704790]: mask |--------|--------|--------|--------|--------|--------|--------|--------|--------|--------|--------|--------||||--------|----BBBB|--------|--------|--------|--------|--------|--------|--------|--------|BBBBBBBB|--------| set
CPU_SET_HEX_STR_SIZE: 257, Size of mstr: 257
cpu-bind=MASK - cn0146, task 12 12 [1704791]: mask |--------|--------|--------|--------|--------|--------|--------|--------|--------|--------|--------|--------||||--------|--------|--------|--------|BBBBBBBB|--------|--------|BBBB----|--------|--------|--------|--------| set
CPU_SET_HEX_STR_SIZE: 257, Size of mstr: 257
cpu-bind=MASK - cn0146, task 13 13 [1704792]: mask |--------|--------|--------|--------|--------|--------|--------|--------|--------|--------|--------|--------||||--------|--------|BBBBBBBB|--------|--------|--------|--------|----BBBB|--------|--------|--------|--------| set
CPU_SET_HEX_STR_SIZE: 257, Size of mstr: 257
cpu-bind=MASK - cn0146, task 14 14 [1704793]: mask |--------|--------|--------|--------|--------|--------|--------|--------|--------|--------|--------|--------||||--------|--------|--------|--------|--------|BBBB----|--------|--------|--------|--------|--------|BBBBBBBB| set
CPU_SET_HEX_STR_SIZE: 257, Size of mstr: 257
cpu-bind=MASK - cn0146, task 15 15 [1704794]: mask |--------|--------|--------|--------|--------|--------|--------|--------|--------|--------|--------|--------||||--------|--------|--------|--------|--------|----BBBB|--------|--------|BBBBBBBB|--------|--------|--------| set
 DBCSR| CPU Multiplication driver                                           XSMM (U)
 DBCSR| Multrec recursion limit                                              512 (U)
 DBCSR| Multiplication stack size                                           1000 (D)
 DBCSR| Maximum elements for images                                    UNLIMITED (U)
 DBCSR| Multiplicative factor virtual images                                   1 (U)
 DBCSR| Use multiplication densification                                       T (D)
 DBCSR| Multiplication size stacks                                             3 (U)
 DBCSR| Use memory pool for CPU allocation                                     F (U)
 DBCSR| Number of 3D layers                                               SINGLE (U)
 DBCSR| Use MPI memory allocation                                              F (U)
 DBCSR| Use RMA algorithm                                                      F (U)
 DBCSR| Use Communication thread                                               T (U)
 DBCSR| Communication thread load                                             45 (D)
 DBCSR| MPI: My process id                                                     0
 DBCSR| MPI: Number of processes                                              64
 DBCSR| OMP: Current number of threads                                        12
 DBCSR| OMP: Max number of threads                                            12
 DBCSR| Split modifier for TAS multiplication algorithm                  1.0E+00 (U)


  **** **** ******  **  PROGRAM STARTED AT               2026-09-30 15:04:45.334
 ***** ** ***  *** **   PROGRAM STARTED ON                                cn0146
 **    ****   ******    PROGRAM STARTED BY                              metdyn07
 ***** **    ** ** **   PROGRAM PROCESS ID                               1704779
  **** **  *******  **  PROGRAM STARTED IN /scratch/hpc-prf-metdyn/metdyn07_Rita
                                           j/project-max-rtbse/g0w0_rtbse_compar
                                           ison_tuned/16/conv_new_30_09/w_30

 CP2K| version string:                 CP2K version 2026.2 (Development Version)
 CP2K| source code revision number:                                   0005d2399e
 CP2K| cp2kflags: omp libint fftw3 libxc elpa parallel scalapack mpi_f08 cosma l
 CP2K|            ibxs libxsmm plumed2 spglib openblas sirius libvori libbqb lib
 CP2K|            bvdwxc hdf5 greenx
 CP2K| is freely available from                            https://www.cp2k.org/
 CP2K| Program compiled at                                   2026-09-14 14:10:14
 CP2K| Program compiled on                                                login4
 CP2K| Program compiled for                                               x86_64
 CP2K| Data directory path    /pc2/groups/hpc-prf-metdyn/metdyn07_Ritaj/implemen
 CP2K| Input file name                                                 input.inp

 GLOBAL| Force Environment number                                              1
 GLOBAL| Basis set file name             BASIS_GTH_MOLOPT_AUG_for_excited_states
 GLOBAL| Potential file name                                      GTH_POTENTIALS
 GLOBAL| MM Potential file name                                     MM_POTENTIAL
 GLOBAL| Coordinate file name                                          struc.xyz
 GLOBAL| Method name                                                        CP2K
 GLOBAL| Project name                                                      rec_4
 GLOBAL| Run type                                                 RT_PROPAGATION
 GLOBAL| FFT library                                                       FFTW3
 GLOBAL| Diagonalization library                                            ELPA
 GLOBAL| Cholesky decomposition library                                ScaLAPACK
 GLOBAL| DGEMM library                                                      BLAS
 GLOBAL| Minimum number of eigenvectors for ELPA usage                        64
 GLOBAL| Orthonormality check for eigenvectors                          DISABLED
 GLOBAL| Matrix multiplication library                                     COSMA
 GLOBAL| All-to-all communication in single precision                          F
 GLOBAL| Grid backend                                                       AUTO
 GLOBAL| Global print level                                               MEDIUM
 GLOBAL| MPI I/O enabled                                                       T
 GLOBAL| Total number of message passing processes                            64
 GLOBAL| Number of distributed systems (nodes)                                 4
 GLOBAL| Number of threads for this process                                   12
 GLOBAL| This output is from process                                           0
 GLOBAL| OpenMP stack size per thread (OMP_STACKSIZE)                    default
 GLOBAL| CPU model name                          AMD EPYC 9655 96-Core Processor
 GLOBAL| CPUID                                                              1003
 GLOBAL| Compiled for CPUID                                                    0

 *** HINT in environment.F:968 :: The compiler target (generic) used to ***
 *** build this binary does not enable all instruction-set extensions   ***
 *** available on this CPU (x86_avx512). Consider reconfiguring and     ***
 *** rebuilding CP2K for this target system to enable them.             ***


 MEMORY| system memory details [Kb]
 MEMORY|                        rank 0           min           max       average
 MEMORY| MemTotal            791001512     791001512     791062976     791016898
 MEMORY| MemFree             760465136     760465136     763256588     762135509
 MEMORY| Buffers                  1980          1980          2140          2100
 MEMORY| Cached                5038796       2540428       5038796       3830266
 MEMORY| Slab                  2063096       1630376       2063096       1781268
 MEMORY| SReclaimable           675944        435320        675944        524014
 MEMORY| MemLikelyFree       766181856     765486512     768110312     766491889


 *** Fundamental physical constants (SI units) ***

 *** Literature: B. J. Mohr and B. N. Taylor,
 ***             CODATA recommended values of the fundamental physical
 ***             constants: 2006, Web Version 5.1
 ***             http://physics.nist.gov/constants

 Speed of light in vacuum [m/s]                             2.99792458000000E+08
 Magnetic constant or permeability of vacuum [N/A**2]       1.25663706143592E-06
 Electric constant or permittivity of vacuum [F/m]          8.85418781762039E-12
 Planck constant (h) [J*s]                                  6.62606896000000E-34
 Planck constant (h-bar) [J*s]                              1.05457162825177E-34
 Elementary charge [C]                                      1.60217648700000E-19
 Electron mass [kg]                                         9.10938215000000E-31
 Electron g factor [ ]                                     -2.00231930436220E+00
 Proton mass [kg]                                           1.67262163700000E-27
 Fine-structure constant                                    7.29735253760000E-03
 Rydberg constant [1/m]                                     1.09737315685270E+07
 Avogadro constant [1/mol]                                  6.02214179000000E+23
 Boltzmann constant [J/K]                                   1.38065040000000E-23
 Atomic mass unit [kg]                                      1.66053878200000E-27
 Bohr radius [m]                                            5.29177208590000E-11

 *** Conversion factors ***

 [u] -> [a.u.]                                              1.82288848426455E+03
 [Angstrom] -> [Bohr] = [a.u.]                              1.88972613288564E+00
 [a.u.] = [Bohr] -> [Angstrom]                              5.29177208590000E-01
 [a.u.] -> [s]                                              2.41888432650478E-17
 [a.u.] -> [fs]                                             2.41888432650478E-02
 [a.u.] -> [J]                                              4.35974393937059E-18
 [a.u.] -> [N]                                              8.23872205491840E-08
 [a.u.] -> [K]                                              3.15774647902944E+05
 [a.u.] -> [kJ/mol]                                         2.62549961709828E+03
 [a.u.] -> [kcal/mol]                                       6.27509468713739E+02
 [a.u.] -> [Pa]                                             2.94210107994716E+13
 [a.u.] -> [bar]                                            2.94210107994716E+08
 [a.u.] -> [atm]                                            2.90362800883016E+08
 [a.u.] -> [eV]                                             2.72113838565563E+01
 [a.u.] -> [Hz]                                             6.57968392072181E+15
 [a.u.] -> [1/cm] (wave numbers)                            2.19474631370540E+05
 [a.u./Bohr**2] -> [1/cm]                                   5.14048714338585E+03
 

 CELL| Volume [angstrom^3]:                                         17503.266165
 CELL| Vector a [angstrom]:      19.190     0.000     0.000   |a| =    19.190000
 CELL| Vector b [angstrom]:       0.000    78.970     0.000   |b| =    78.970000
 CELL| Vector c [angstrom]:       0.000     0.000    11.550   |c| =    11.550000
 CELL| Angle (b,c), alpha [degree]:                                    90.000000
 CELL| Angle (a,c), beta  [degree]:                                    90.000000
 CELL| Angle (a,b), gamma [degree]:                                    90.000000
 CELL| Numerically orthorhombic:                                             YES
 CELL| Periodicity                                                          NONE

 CELL_REF| Volume [angstrom^3]:                                     17503.266165
 CELL_REF| Vector a [angstrom    19.190     0.000     0.000   |a| =    19.190000
 CELL_REF| Vector b [angstrom     0.000    78.970     0.000   |b| =    78.970000
 CELL_REF| Vector c [angstrom     0.000     0.000    11.550   |c| =    11.550000
 CELL_REF| Angle (b,c), alpha [degree]:                                90.000000
 CELL_REF| Angle (a,c), beta  [degree]:                                90.000000
 CELL_REF| Angle (a,b), gamma [degree]:                                90.000000
 CELL_REF| Numerically orthorhombic:                                         YES
 CELL_REF| Periodicity                                                      NONE

 GENERATE|  Preliminary Number of Bonds generated:                             0
 GENERATE|  Achieved consistency in connectivity generation.

 *******************************************************************************
 *******************************************************************************
 **                                                                           **
 **     #####                         ##              ##                      **
 **    ##   ##            ##          ##              ##                      **
 **   ##     ##                       ##            ######                    **
 **   ##     ##  ##   ##  ##   #####  ##  ##   ####   ##    #####    #####    **
 **   ##     ##  ##   ##  ##  ##      ## ##   ##      ##   ##   ##  ##   ##   **
 **   ##  ## ##  ##   ##  ##  ##      ####     ###    ##   ######   ######    **
 **    ##  ###   ##   ##  ##  ##      ## ##      ##   ##   ##       ##        **
 **     #######   #####   ##   #####  ##  ##  ####    ##    #####   ##        **
 **           ##                                                    ##        **
 **                                                                           **
 **                                                ... make the atoms dance   **
 **                                                                           **
 **            Copyright (C) by CP2K developers group (2000-2026)             **
 **                      J. Chem. Phys. 152, 194103 (2020)                    **
 **                                                                           **
 *******************************************************************************

 DFT| Spin restricted Kohn-Sham (RKS) calculation                            RKS
 DFT| Multiplicity                                                             1
 DFT| Number of spin states                                                    1
 DFT| Charge                                                                   0
 DFT| Self-interaction correction (SIC)                                       NO
 DFT| Cutoffs: density                                              1.000000E-10
 DFT|          gradient                                             1.000000E-10
 DFT|          tau                                                  1.000000E-10
 DFT|          cutoff_smoothing_range                               0.000000E+00
 DFT| XC density smoothing                                                  NONE
 DFT| XC derivatives                                                          PW

 FUNCTIONAL| PBE:
 FUNCTIONAL| J.P.Perdew, K.Burke, M.Ernzerhof, Phys. Rev. Letter, vol. 77, n 18,
 FUNCTIONAL|  pp. 3865-3868, (1996) {spin unpolarized}                          


 QS| Method:                                                                 GPW
 QS| Density plane wave grid type                        NON-SPHERICAL FULLSPACE
 QS| Number of grid levels:                                                    4
 QS| Density cutoff [a.u.]:                                                300.0
 QS| Multi grid cutoff [a.u.]: 1) grid level                               300.0
 QS|                           2) grid level                               100.0
 QS|                           3) grid level                                33.3
 QS|                           4) grid level                                11.1
 QS| Grid level progression factor:                                          3.0
 QS| Relative density cutoff [a.u.]:                                        30.0
 QS| Interaction thresholds: eps_pgf_orb:                                3.2E-08
 QS|                         eps_filter_matrix:                          0.0E+00
 QS|                         eps_core_charge:                            1.0E-17
 QS|                         eps_rho_gspace:                             1.0E-15
 QS|                         eps_rho_rspace:                             1.0E-15
 QS|                         eps_gvg_rspace:                             3.2E-08
 QS|                         eps_ppl:                                    1.0E-02
 QS|                         eps_ppnl:                                   3.2E-10


 ATOMIC KIND INFORMATION

  1. Atomic kind: H                                     Number of atoms:      72

     Orbital Basis Set                                 aug-SZV-MOLOPT-GTH-tier-2

       Number of orbital shell sets:                                           1
       Number of orbital shells:                                               4
       Number of primitive Cartesian functions:                                7
       Number of Cartesian basis functions:                                    6
       Number of spherical basis functions:                                    6
       Norm type:                                                              2

       Normalised Cartesian orbitals:

                        Set   Shell   Orbital            Exponent    Coefficient

                          1       1    2s                0.050000       0.000000
                                                         0.082193      -0.014019
                                                         0.239116      -0.107525
                                                         0.450000       0.000000
                                                         0.791502      -0.258419
                                                         2.680223      -0.177618
                                                        10.068468      -0.133023

                          1       2    3s                0.050000       0.064974
                                                         0.082193       0.029198
                                                         0.239116      -0.007574
                                                         0.450000      -0.090795
                                                         0.791502      -0.025739
                                                         2.680223       0.000002
                                                        10.068468       0.000000

                          1       3    4s                0.050000      -0.067626
                                                         0.082193       0.244167
                                                         0.239116      -0.094768
                                                         0.450000      -0.043967
                                                         0.791502      -0.043572
                                                         2.680223      -0.153771
                                                        10.068468       0.000000

                          1       4    3px               0.050000       0.038628
                                                         0.082193      -0.015554
                                                         0.239116       0.034455
                                                         0.450000       0.013474
                                                         0.791502      -0.005076
                                                         2.680223       0.028739
                                                        10.068468       0.000000
                          1       4    3py               0.050000       0.038628
                                                         0.082193      -0.015554
                                                         0.239116       0.034455
                                                         0.450000       0.013474
                                                         0.791502      -0.005076
                                                         2.680223       0.028739
                                                        10.068468       0.000000
                          1       4    3pz               0.050000       0.038628
                                                         0.082193      -0.015554
                                                         0.239116       0.034455
                                                         0.450000       0.013474
                                                         0.791502      -0.005076
                                                         2.680223       0.028739
                                                        10.068468       0.000000

     RI Auxiliary Basis Set             RI_aug-SZV-MOLOPT-GTH-tier-2_N_RI_005_s_

       Number of orbital shell sets:                                           3
       Number of orbital shells:                                               3
       Number of primitive Cartesian functions:                                3
       Number of Cartesian basis functions:                                    5
       Number of spherical basis functions:                                    5
       Norm type:                                                              2

       Normalised Cartesian orbitals:

                        Set   Shell   Orbital            Exponent    Coefficient

                          1       1    1s                0.184491       0.200628

                          2       1    2s                3.030559       1.637013

                          3       1    3px               0.610174       0.768701
                          3       1    3py               0.610174       0.768701
                          3       1    3pz               0.610174       0.768701

       Atomic covalent radius [Angstrom]:                                  0.320

       Atomic van der Waals radius [Angstrom]:                             1.090

     GTH Potential information for                                    GTH-PBE-q1

       Description:                       Goedecker-Teter-Hutter pseudopotential
                                           Goedecker et al., PRB 54, 1703 (1996)
                                          Hartwigsen et al., PRB 58, 3641 (1998)
                                                      Krack, TCA 114, 145 (2005)

       Gaussian exponent of the core charge distribution:              12.500000
       Electronic configuration (s p d ...):                                   1

       Parameters of the local part of the GTH pseudopotential:

                          rloc        C1          C2          C3          C4
                        0.200000   -4.178900    0.724463

  2. Atomic kind: C                                     Number of atoms:     224

     Orbital Basis Set                                 aug-SZV-MOLOPT-GTH-tier-2

       Number of orbital shell sets:                                           1
       Number of orbital shells:                                               5
       Number of primitive Cartesian functions:                                6
       Number of Cartesian basis functions:                                   14
       Number of spherical basis functions:                                   13
       Norm type:                                                              2

       Normalised Cartesian orbitals:

                        Set   Shell   Orbital            Exponent    Coefficient

                          1       1    2s                0.070000       0.000000
                                                         0.128212      -0.022789
                                                         0.348157      -0.219794
                                                         0.769911      -0.209686
                                                         2.113016       0.213043
                                                         5.605331       0.322515

                          1       2    3s                0.070000       0.133509
                                                         0.128212      -0.041206
                                                         0.348157      -0.081784
                                                         0.769911      -0.003005
                                                         2.113016       0.000000
                                                         5.605331       0.000000

                          1       3    3px               0.070000       0.000000
                                                         0.128212      -0.027849
                                                         0.348157      -0.139743
                                                         0.769911      -0.374851
                                                         2.113016      -0.642521
                                                         5.605331      -0.703879
                          1       3    3py               0.070000       0.000000
                                                         0.128212      -0.027849
                                                         0.348157      -0.139743
                                                         0.769911      -0.374851
                                                         2.113016      -0.642521
                                                         5.605331      -0.703879
                          1       3    3pz               0.070000       0.000000
                                                         0.128212      -0.027849
                                                         0.348157      -0.139743
                                                         0.769911      -0.374851
                                                         2.113016      -0.642521
                                                         5.605331      -0.703879

                          1       4    4px               0.070000       0.033242
                                                         0.128212       0.023307
                                                         0.348157       0.113522
                                                         0.769911      -0.094955
                                                         2.113016       0.000000
                                                         5.605331       0.000000
                          1       4    4py               0.070000       0.033242
                                                         0.128212       0.023307
                                                         0.348157       0.113522
                                                         0.769911      -0.094955
                                                         2.113016       0.000000
                                                         5.605331       0.000000
                          1       4    4pz               0.070000       0.033242
                                                         0.128212       0.023307
                                                         0.348157       0.113522
                                                         0.769911      -0.094955
                                                         2.113016       0.000000
                                                         5.605331       0.000000

                          1       5    4dx2              0.070000      -0.000111
                                                         0.128212       0.037828
                                                         0.348157       0.043639
                                                         0.769911       0.120124
                                                         2.113016       0.000000
                                                         5.605331       0.000000
                          1       5    4dxy              0.070000      -0.000193
                                                         0.128212       0.065520
                                                         0.348157       0.075585
                                                         0.769911       0.208061
                                                         2.113016       0.000000
                                                         5.605331       0.000000
                          1       5    4dxz              0.070000      -0.000193
                                                         0.128212       0.065520
                                                         0.348157       0.075585
                                                         0.769911       0.208061
                                                         2.113016       0.000000
                                                         5.605331       0.000000
                          1       5    4dy2              0.070000      -0.000111
                                                         0.128212       0.037828
                                                         0.348157       0.043639
                                                         0.769911       0.120124
                                                         2.113016       0.000000
                                                         5.605331       0.000000
                          1       5    4dyz              0.070000      -0.000193
                                                         0.128212       0.065520
                                                         0.348157       0.075585
                                                         0.769911       0.208061
                                                         2.113016       0.000000
                                                         5.605331       0.000000
                          1       5    4dz2              0.070000      -0.000111
                                                         0.128212       0.037828
                                                         0.348157       0.043639
                                                         0.769911       0.120124
                                                         2.113016       0.000000
                                                         5.605331       0.000000

     RI Auxiliary Basis Set             RI_aug-SZV-MOLOPT-GTH-tier-2_N_RI_030_s_

       Number of orbital shell sets:                                          10
       Number of orbital shells:                                              10
       Number of primitive Cartesian functions:                               10
       Number of Cartesian basis functions:                                   35
       Number of spherical basis functions:                                   30
       Norm type:                                                              2

       Normalised Cartesian orbitals:

                        Set   Shell   Orbital            Exponent    Coefficient

                          1       1    1s                0.191848       0.206599

                          2       1    2s                0.736300       0.566502

                          3       1    3s                2.917592       1.591031

                          4       1    4s                9.448168       3.840792

                          5       1    5px               0.281885       0.292772
                          5       1    5py               0.281885       0.292772
                          5       1    5pz               0.281885       0.292772

                          6       1    6px               0.984576       1.397983
                          6       1    6py               0.984576       1.397983
                          6       1    6pz               0.984576       1.397983

                          7       1    7px               2.475409       4.425871
                          7       1    7py               2.475409       4.425871
                          7       1    7pz               2.475409       4.425871

                          8       1    8dx2              0.347629       0.259037
                          8       1    8dxy              0.347629       0.448666
                          8       1    8dxz              0.347629       0.448666
                          8       1    8dy2              0.347629       0.259037
                          8       1    8dyz              0.347629       0.448666
                          8       1    8dz2              0.347629       0.259037

                          9       1    9dx2              1.822216       4.703911
                          9       1    9dxy              1.822216       8.147414
                          9       1    9dxz              1.822216       8.147414
                          9       1    9dy2              1.822216       4.703911
                          9       1    9dyz              1.822216       8.147414
                          9       1    9dz2              1.822216       4.703911

                         10       1   10fx3              0.497967       0.306659
                         10       1   10fx2y             0.497967       0.685710
                         10       1   10fx2z             0.497967       0.685710
                         10       1   10fxy2             0.497967       0.685710
                         10       1   10fxyz             0.497967       1.187685
                         10       1   10fxz2             0.497967       0.685710
                         10       1   10fy3              0.497967       0.306659
                         10       1   10fy2z             0.497967       0.685710
                         10       1   10fyz2             0.497967       0.685710
                         10       1   10fz3              0.497967       0.306659

       Atomic covalent radius [Angstrom]:                                  0.770

       Atomic van der Waals radius [Angstrom]:                             1.700

     GTH Potential information for                                    GTH-PBE-q4

       Description:                       Goedecker-Teter-Hutter pseudopotential
                                           Goedecker et al., PRB 54, 1703 (1996)
                                          Hartwigsen et al., PRB 58, 3641 (1998)
                                                      Krack, TCA 114, 145 (2005)

       Gaussian exponent of the core charge distribution:               4.364419
       Electronic configuration (s p d ...):                               2   2

       Parameters of the local part of the GTH pseudopotential:

                          rloc        C1          C2          C3          C4
                        0.338471   -8.803674    1.339211

       Parameters of the non-local part of the GTH pseudopotential:

                   l      r(l)      h(i,j,l)

                   0    0.302576    9.622487
                   1    0.291507


 MOLECULE KIND INFORMATION


 All atoms are their own molecule, skipping detailed information


 TOTAL NUMBERS AND MAXIMUM NUMBERS

  Total number of            - Atomic kinds:                                   2
                             - Atoms:                                        296
                             - Shell sets:                                   296
                             - Shells:                                      1408
                             - Primitive Cartesian functions:               1848
                             - Cartesian basis functions:                   3568
                             - Spherical basis functions:                   3344

  Maximum angular momentum of- Orbital basis functions:                        2
                             - Local part of the GTH pseudopotential:          2
                             - Non-local part of the GTH pseudopotential:      0


 MODULE QUICKSTEP: ATOMIC COORDINATES IN ANGSTROM

   Atom Kind Element         X             Y             Z       Z(eff)     Mass
      1    1 H     1     12.035671      4.997654      5.775000   1.0000   1.0079
      2    1 H     1      7.154329      4.997654      5.775000   1.0000   1.0079
      3    1 H     1      9.595000      5.308900      5.001956   1.0000   1.0079
      4    1 H     1      9.595000      5.308900      6.548044   1.0000   1.0079
      5    2 C     6      9.595000      6.081944      5.775000   4.0000  12.0107
      6    2 C     6     12.035671      6.090904      5.775000   4.0000  12.0107
      7    2 C     6      7.154329      6.090904      5.775000   4.0000  12.0107
      8    1 H     1      4.998191      6.305607      5.775000   1.0000   1.0079
      9    1 H     1     14.191809      6.305607      5.775000   1.0000   1.0079
     10    2 C     6     10.818523      6.795129      5.775000   4.0000  12.0107
     11    2 C     6      8.371477      6.795129      5.775000   4.0000  12.0107
     12    2 C     6     13.230017      6.825375      5.775000   4.0000  12.0107
     13    2 C     6      5.959983      6.825375      5.775000   4.0000  12.0107
     14    2 C     6     13.230017      8.183729      5.775000   4.0000  12.0107
     15    2 C     6      5.959983      8.183729      5.775000   4.0000  12.0107
     16    2 C     6      8.371477      8.213974      5.775000   4.0000  12.0107
     17    2 C     6     10.818523      8.213974      5.775000   4.0000  12.0107
     18    1 H     1      4.998191      8.703496      5.775000   1.0000   1.0079
     19    1 H     1     14.191809      8.703496      5.775000   1.0000   1.0079
     20    2 C     6     12.035671      8.918199      5.775000   4.0000  12.0107
     21    2 C     6      7.154329      8.918199      5.775000   4.0000  12.0107
     22    2 C     6      9.595000      8.927159      5.775000   4.0000  12.0107
     23    2 C     6      9.595000     10.346004      5.775000   4.0000  12.0107
     24    2 C     6      7.154329     10.354964      5.775000   4.0000  12.0107
     25    2 C     6     12.035671     10.354964      5.775000   4.0000  12.0107
     26    1 H     1     14.191809     10.569667      5.775000   1.0000   1.0079
     27    1 H     1      4.998191     10.569667      5.775000   1.0000   1.0079
     28    2 C     6     10.818523     11.059189      5.775000   4.0000  12.0107
     29    2 C     6      8.371477     11.059189      5.775000   4.0000  12.0107
     30    2 C     6      5.959983     11.089434      5.775000   4.0000  12.0107
     31    2 C     6     13.230017     11.089434      5.775000   4.0000  12.0107
     32    2 C     6     13.230017     12.447789      5.775000   4.0000  12.0107
     33    2 C     6      5.959983     12.447789      5.775000   4.0000  12.0107
     34    2 C     6      8.371477     12.478034      5.775000   4.0000  12.0107
     35    2 C     6     10.818523     12.478034      5.775000   4.0000  12.0107
     36    1 H     1      4.998191     12.967556      5.775000   1.0000   1.0079
     37    1 H     1     14.191809     12.967556      5.775000   1.0000   1.0079
     38    2 C     6     12.035671     13.182259      5.775000   4.0000  12.0107
     39    2 C     6      7.154329     13.182259      5.775000   4.0000  12.0107
     40    2 C     6      9.595000     13.191219      5.775000   4.0000  12.0107
     41    2 C     6      9.595000     14.610064      5.775000   4.0000  12.0107
     42    2 C     6      7.154329     14.619024      5.775000   4.0000  12.0107
     43    2 C     6     12.035671     14.619024      5.775000   4.0000  12.0107
     44    1 H     1     14.191809     14.833727      5.775000   1.0000   1.0079
     45    1 H     1      4.998191     14.833727      5.775000   1.0000   1.0079
     46    2 C     6     10.818523     15.323249      5.775000   4.0000  12.0107
     47    2 C     6      8.371477     15.323249      5.775000   4.0000  12.0107
     48    2 C     6      5.959983     15.353494      5.775000   4.0000  12.0107
     49    2 C     6     13.230017     15.353494      5.775000   4.0000  12.0107
     50    2 C     6     13.230017     16.711848      5.775000   4.0000  12.0107
     51    2 C     6      5.959983     16.711848      5.775000   4.0000  12.0107
     52    2 C     6     10.818523     16.742094      5.775000   4.0000  12.0107
     53    2 C     6      8.371477     16.742094      5.775000   4.0000  12.0107
     54    1 H     1     14.191809     17.231616      5.775000   1.0000   1.0079
     55    1 H     1      4.998191     17.231616      5.775000   1.0000   1.0079
     56    2 C     6     12.035671     17.446319      5.775000   4.0000  12.0107
     57    2 C     6      7.154329     17.446319      5.775000   4.0000  12.0107
     58    2 C     6      9.595000     17.455279      5.775000   4.0000  12.0107
     59    2 C     6      9.595000     18.874124      5.775000   4.0000  12.0107
     60    2 C     6      7.154329     18.883084      5.775000   4.0000  12.0107
     61    2 C     6     12.035671     18.883084      5.775000   4.0000  12.0107
     62    1 H     1      4.998191     19.097787      5.775000   1.0000   1.0079
     63    1 H     1     14.191809     19.097787      5.775000   1.0000   1.0079
     64    2 C     6     10.818523     19.587309      5.775000   4.0000  12.0107
     65    2 C     6      8.371477     19.587309      5.775000   4.0000  12.0107
     66    2 C     6     13.230017     19.617554      5.775000   4.0000  12.0107
     67    2 C     6      5.959983     19.617554      5.775000   4.0000  12.0107
     68    2 C     6      5.959983     20.975908      5.775000   4.0000  12.0107
     69    2 C     6     13.230017     20.975908      5.775000   4.0000  12.0107
     70    2 C     6      8.371477     21.006154      5.775000   4.0000  12.0107
     71    2 C     6     10.818523     21.006154      5.775000   4.0000  12.0107
     72    1 H     1      4.998191     21.495676      5.775000   1.0000   1.0079
     73    1 H     1     14.191809     21.495676      5.775000   1.0000   1.0079
     74    2 C     6     12.035671     21.710379      5.775000   4.0000  12.0107
     75    2 C     6      7.154329     21.710379      5.775000   4.0000  12.0107
     76    2 C     6      9.595000     21.719338      5.775000   4.0000  12.0107
     77    2 C     6      9.595000     23.138183      5.775000   4.0000  12.0107
     78    2 C     6     12.035671     23.147143      5.775000   4.0000  12.0107
     79    2 C     6      7.154329     23.147143      5.775000   4.0000  12.0107
     80    1 H     1      4.998191     23.361846      5.775000   1.0000   1.0079
     81    1 H     1     14.191809     23.361846      5.775000   1.0000   1.0079
     82    2 C     6     10.818523     23.851368      5.775000   4.0000  12.0107
     83    2 C     6      8.371477     23.851368      5.775000   4.0000  12.0107
     84    2 C     6      5.959983     23.881614      5.775000   4.0000  12.0107
     85    2 C     6     13.230017     23.881614      5.775000   4.0000  12.0107
     86    2 C     6     13.230017     25.239968      5.775000   4.0000  12.0107
     87    2 C     6      5.959983     25.239968      5.775000   4.0000  12.0107
     88    2 C     6      8.371477     25.270213      5.775000   4.0000  12.0107
     89    2 C     6     10.818523     25.270213      5.775000   4.0000  12.0107
     90    1 H     1      4.998191     25.759735      5.775000   1.0000   1.0079
     91    1 H     1     14.191809     25.759735      5.775000   1.0000   1.0079
     92    2 C     6      7.154329     25.974438      5.775000   4.0000  12.0107
     93    2 C     6     12.035671     25.974438      5.775000   4.0000  12.0107
     94    2 C     6      9.595000     25.983398      5.775000   4.0000  12.0107
     95    2 C     6      9.595000     27.402243      5.775000   4.0000  12.0107
     96    2 C     6      7.154329     27.411203      5.775000   4.0000  12.0107
     97    2 C     6     12.035671     27.411203      5.775000   4.0000  12.0107
     98    1 H     1     14.191809     27.625906      5.775000   1.0000   1.0079
     99    1 H     1      4.998191     27.625906      5.775000   1.0000   1.0079
    100    2 C     6     10.818523     28.115428      5.775000   4.0000  12.0107
    101    2 C     6      8.371477     28.115428      5.775000   4.0000  12.0107
    102    2 C     6      5.959983     28.145673      5.775000   4.0000  12.0107
    103    2 C     6     13.230017     28.145673      5.775000   4.0000  12.0107
    104    2 C     6     13.230017     29.504028      5.775000   4.0000  12.0107
    105    2 C     6      5.959983     29.504028      5.775000   4.0000  12.0107
    106    2 C     6      8.371477     29.534273      5.775000   4.0000  12.0107
    107    2 C     6     10.818523     29.534273      5.775000   4.0000  12.0107
    108    1 H     1      4.998191     30.023795      5.775000   1.0000   1.0079
    109    1 H     1     14.191809     30.023795      5.775000   1.0000   1.0079
    110    2 C     6      7.154329     30.238498      5.775000   4.0000  12.0107
    111    2 C     6     12.035671     30.238498      5.775000   4.0000  12.0107
    112    2 C     6      9.595000     30.247458      5.775000   4.0000  12.0107
    113    2 C     6      9.595000     31.666303      5.775000   4.0000  12.0107
    114    2 C     6      7.154329     31.675263      5.775000   4.0000  12.0107
    115    2 C     6     12.035671     31.675263      5.775000   4.0000  12.0107
    116    1 H     1      4.998191     31.889966      5.775000   1.0000   1.0079
    117    1 H     1     14.191809     31.889966      5.775000   1.0000   1.0079
    118    2 C     6      8.371477     32.379488      5.775000   4.0000  12.0107
    119    2 C     6     10.818523     32.379488      5.775000   4.0000  12.0107
    120    2 C     6     13.230017     32.409733      5.775000   4.0000  12.0107
    121    2 C     6      5.959983     32.409733      5.775000   4.0000  12.0107
    122    2 C     6     13.230017     33.768087      5.775000   4.0000  12.0107
    123    2 C     6      5.959983     33.768087      5.775000   4.0000  12.0107
    124    2 C     6     10.818523     33.798333      5.775000   4.0000  12.0107
    125    2 C     6      8.371477     33.798333      5.775000   4.0000  12.0107
    126    1 H     1     14.191809     34.287855      5.775000   1.0000   1.0079
    127    1 H     1      4.998191     34.287855      5.775000   1.0000   1.0079
    128    2 C     6      7.154329     34.502558      5.775000   4.0000  12.0107
    129    2 C     6     12.035671     34.502558      5.775000   4.0000  12.0107
    130    2 C     6      9.595000     34.511518      5.775000   4.0000  12.0107
    131    2 C     6      9.595000     35.930363      5.775000   4.0000  12.0107
    132    2 C     6     12.035671     35.939323      5.775000   4.0000  12.0107
    133    2 C     6      7.154329     35.939323      5.775000   4.0000  12.0107
    134    1 H     1      4.998191     36.154026      5.775000   1.0000   1.0079
    135    1 H     1     14.191809     36.154026      5.775000   1.0000   1.0079
    136    2 C     6      8.371477     36.643548      5.775000   4.0000  12.0107
    137    2 C     6     10.818523     36.643548      5.775000   4.0000  12.0107
    138    2 C     6      5.959983     36.673793      5.775000   4.0000  12.0107
    139    2 C     6     13.230017     36.673793      5.775000   4.0000  12.0107
    140    2 C     6     13.230017     38.032147      5.775000   4.0000  12.0107
    141    2 C     6      5.959983     38.032147      5.775000   4.0000  12.0107
    142    2 C     6      8.371477     38.062393      5.775000   4.0000  12.0107
    143    2 C     6     10.818523     38.062393      5.775000   4.0000  12.0107
    144    1 H     1     14.191809     38.551915      5.775000   1.0000   1.0079
    145    1 H     1      4.998191     38.551915      5.775000   1.0000   1.0079
    146    2 C     6     12.035671     38.766618      5.775000   4.0000  12.0107
    147    2 C     6      7.154329     38.766618      5.775000   4.0000  12.0107
    148    2 C     6      9.595000     38.775577      5.775000   4.0000  12.0107
    149    2 C     6      9.595000     40.194422      5.775000   4.0000  12.0107
    150    2 C     6     12.035671     40.203382      5.775000   4.0000  12.0107
    151    2 C     6      7.154329     40.203382      5.775000   4.0000  12.0107
    152    1 H     1     14.191809     40.418085      5.775000   1.0000   1.0079
    153    1 H     1      4.998191     40.418085      5.775000   1.0000   1.0079
    154    2 C     6      8.371477     40.907607      5.775000   4.0000  12.0107
    155    2 C     6     10.818523     40.907607      5.775000   4.0000  12.0107
    156    2 C     6     13.230017     40.937853      5.775000   4.0000  12.0107
    157    2 C     6      5.959983     40.937853      5.775000   4.0000  12.0107
    158    2 C     6     13.230017     42.296207      5.775000   4.0000  12.0107
    159    2 C     6      5.959983     42.296207      5.775000   4.0000  12.0107
    160    2 C     6     10.818523     42.326452      5.775000   4.0000  12.0107
    161    2 C     6      8.371477     42.326452      5.775000   4.0000  12.0107
    162    1 H     1      4.998191     42.815974      5.775000   1.0000   1.0079
    163    1 H     1     14.191809     42.815974      5.775000   1.0000   1.0079
    164    2 C     6     12.035671     43.030677      5.775000   4.0000  12.0107
    165    2 C     6      7.154329     43.030677      5.775000   4.0000  12.0107
    166    2 C     6      9.595000     43.039637      5.775000   4.0000  12.0107
    167    2 C     6      9.595000     44.458482      5.775000   4.0000  12.0107
    168    2 C     6      7.154329     44.467442      5.775000   4.0000  12.0107
    169    2 C     6     12.035671     44.467442      5.775000   4.0000  12.0107
    170    1 H     1     14.191809     44.682145      5.775000   1.0000   1.0079
    171    1 H     1      4.998191     44.682145      5.775000   1.0000   1.0079
    172    2 C     6     10.818523     45.171667      5.775000   4.0000  12.0107
    173    2 C     6      8.371477     45.171667      5.775000   4.0000  12.0107
    174    2 C     6     13.230017     45.201913      5.775000   4.0000  12.0107
    175    2 C     6      5.959983     45.201913      5.775000   4.0000  12.0107
    176    2 C     6     13.230017     46.560267      5.775000   4.0000  12.0107
    177    2 C     6      5.959983     46.560267      5.775000   4.0000  12.0107
    178    2 C     6      8.371477     46.590512      5.775000   4.0000  12.0107
    179    2 C     6     10.818523     46.590512      5.775000   4.0000  12.0107
    180    1 H     1      4.998191     47.080034      5.775000   1.0000   1.0079
    181    1 H     1     14.191809     47.080034      5.775000   1.0000   1.0079
    182    2 C     6     12.035671     47.294737      5.775000   4.0000  12.0107
    183    2 C     6      7.154329     47.294737      5.775000   4.0000  12.0107
    184    2 C     6      9.595000     47.303697      5.775000   4.0000  12.0107
    185    2 C     6      9.595000     48.722542      5.775000   4.0000  12.0107
    186    2 C     6      7.154329     48.731502      5.775000   4.0000  12.0107
    187    2 C     6     12.035671     48.731502      5.775000   4.0000  12.0107
    188    1 H     1     14.191809     48.946205      5.775000   1.0000   1.0079
    189    1 H     1      4.998191     48.946205      5.775000   1.0000   1.0079
    190    2 C     6     10.818523     49.435727      5.775000   4.0000  12.0107
    191    2 C     6      8.371477     49.435727      5.775000   4.0000  12.0107
    192    2 C     6      5.959983     49.465972      5.775000   4.0000  12.0107
    193    2 C     6     13.230017     49.465972      5.775000   4.0000  12.0107
    194    2 C     6     13.230017     50.824327      5.775000   4.0000  12.0107
    195    2 C     6      5.959983     50.824327      5.775000   4.0000  12.0107
    196    2 C     6     10.818523     50.854572      5.775000   4.0000  12.0107
    197    2 C     6      8.371477     50.854572      5.775000   4.0000  12.0107
    198    1 H     1     14.191809     51.344094      5.775000   1.0000   1.0079
    199    1 H     1      4.998191     51.344094      5.775000   1.0000   1.0079
    200    2 C     6      7.154329     51.558797      5.775000   4.0000  12.0107
    201    2 C     6     12.035671     51.558797      5.775000   4.0000  12.0107
    202    2 C     6      9.595000     51.567757      5.775000   4.0000  12.0107
    203    2 C     6      9.595000     52.986602      5.775000   4.0000  12.0107
    204    2 C     6     12.035671     52.995562      5.775000   4.0000  12.0107
    205    2 C     6      7.154329     52.995562      5.775000   4.0000  12.0107
    206    1 H     1      4.998191     53.210265      5.775000   1.0000   1.0079
    207    1 H     1     14.191809     53.210265      5.775000   1.0000   1.0079
    208    2 C     6     10.818523     53.699787      5.775000   4.0000  12.0107
    209    2 C     6      8.371477     53.699787      5.775000   4.0000  12.0107
    210    2 C     6     13.230017     53.730032      5.775000   4.0000  12.0107
    211    2 C     6      5.959983     53.730032      5.775000   4.0000  12.0107
    212    2 C     6     13.230017     55.088386      5.775000   4.0000  12.0107
    213    2 C     6      5.959983     55.088386      5.775000   4.0000  12.0107
    214    2 C     6     10.818523     55.118632      5.775000   4.0000  12.0107
    215    2 C     6      8.371477     55.118632      5.775000   4.0000  12.0107
    216    1 H     1      4.998191     55.608154      5.775000   1.0000   1.0079
    217    1 H     1     14.191809     55.608154      5.775000   1.0000   1.0079
    218    2 C     6      7.154329     55.822857      5.775000   4.0000  12.0107
    219    2 C     6     12.035671     55.822857      5.775000   4.0000  12.0107
    220    2 C     6      9.595000     55.831817      5.775000   4.0000  12.0107
    221    2 C     6      9.595000     57.250662      5.775000   4.0000  12.0107
    222    2 C     6      7.154329     57.259621      5.775000   4.0000  12.0107
    223    2 C     6     12.035671     57.259621      5.775000   4.0000  12.0107
    224    1 H     1      4.998191     57.474324      5.775000   1.0000   1.0079
    225    1 H     1     14.191809     57.474324      5.775000   1.0000   1.0079
    226    2 C     6      8.371477     57.963846      5.775000   4.0000  12.0107
    227    2 C     6     10.818523     57.963846      5.775000   4.0000  12.0107
    228    2 C     6     13.230017     57.994092      5.775000   4.0000  12.0107
    229    2 C     6      5.959983     57.994092      5.775000   4.0000  12.0107
    230    2 C     6      5.959983     59.352446      5.775000   4.0000  12.0107
    231    2 C     6     13.230017     59.352446      5.775000   4.0000  12.0107
    232    2 C     6     10.818523     59.382691      5.775000   4.0000  12.0107
    233    2 C     6      8.371477     59.382691      5.775000   4.0000  12.0107
    234    1 H     1     14.191809     59.872213      5.775000   1.0000   1.0079
    235    1 H     1      4.998191     59.872213      5.775000   1.0000   1.0079
    236    2 C     6     12.035671     60.086916      5.775000   4.0000  12.0107
    237    2 C     6      7.154329     60.086916      5.775000   4.0000  12.0107
    238    2 C     6      9.595000     60.095876      5.775000   4.0000  12.0107
    239    2 C     6      9.595000     61.514721      5.775000   4.0000  12.0107
    240    2 C     6      7.154329     61.523681      5.775000   4.0000  12.0107
    241    2 C     6     12.035671     61.523681      5.775000   4.0000  12.0107
    242    1 H     1     14.191809     61.738384      5.775000   1.0000   1.0079
    243    1 H     1      4.998191     61.738384      5.775000   1.0000   1.0079
    244    2 C     6      8.371477     62.227906      5.775000   4.0000  12.0107
    245    2 C     6     10.818523     62.227906      5.775000   4.0000  12.0107
    246    2 C     6     13.230017     62.258152      5.775000   4.0000  12.0107
    247    2 C     6      5.959983     62.258152      5.775000   4.0000  12.0107
    248    2 C     6     13.230017     63.616506      5.775000   4.0000  12.0107
    249    2 C     6      5.959983     63.616506      5.775000   4.0000  12.0107
    250    2 C     6     10.818523     63.646751      5.775000   4.0000  12.0107
    251    2 C     6      8.371477     63.646751      5.775000   4.0000  12.0107
    252    1 H     1     14.191809     64.136273      5.775000   1.0000   1.0079
    253    1 H     1      4.998191     64.136273      5.775000   1.0000   1.0079
    254    2 C     6     12.035671     64.350976      5.775000   4.0000  12.0107
    255    2 C     6      7.154329     64.350976      5.775000   4.0000  12.0107
    256    2 C     6      9.595000     64.359936      5.775000   4.0000  12.0107
    257    2 C     6      9.595000     65.778781      5.775000   4.0000  12.0107
    258    2 C     6     12.035671     65.787741      5.775000   4.0000  12.0107
    259    2 C     6      7.154329     65.787741      5.775000   4.0000  12.0107
    260    1 H     1     14.191809     66.002444      5.775000   1.0000   1.0079
    261    1 H     1      4.998191     66.002444      5.775000   1.0000   1.0079
    262    2 C     6     10.818523     66.491966      5.775000   4.0000  12.0107
    263    2 C     6      8.371477     66.491966      5.775000   4.0000  12.0107
    264    2 C     6     13.230017     66.522211      5.775000   4.0000  12.0107
    265    2 C     6      5.959983     66.522211      5.775000   4.0000  12.0107
    266    2 C     6      5.959983     67.880566      5.775000   4.0000  12.0107
    267    2 C     6     13.230017     67.880566      5.775000   4.0000  12.0107
    268    2 C     6     10.818523     67.910811      5.775000   4.0000  12.0107
    269    2 C     6      8.371477     67.910811      5.775000   4.0000  12.0107
    270    1 H     1     14.191809     68.400333      5.775000   1.0000   1.0079
    271    1 H     1      4.998191     68.400333      5.775000   1.0000   1.0079
    272    2 C     6      7.154329     68.615036      5.775000   4.0000  12.0107
    273    2 C     6     12.035671     68.615036      5.775000   4.0000  12.0107
    274    2 C     6      9.595000     68.623996      5.775000   4.0000  12.0107
    275    2 C     6      9.595000     70.042841      5.775000   4.0000  12.0107
    276    2 C     6      7.154329     70.051801      5.775000   4.0000  12.0107
    277    2 C     6     12.035671     70.051801      5.775000   4.0000  12.0107
    278    1 H     1      4.998191     70.266504      5.775000   1.0000   1.0079
    279    1 H     1     14.191809     70.266504      5.775000   1.0000   1.0079
    280    2 C     6     10.818523     70.756026      5.775000   4.0000  12.0107
    281    2 C     6      8.371477     70.756026      5.775000   4.0000  12.0107
    282    2 C     6      5.959983     70.786271      5.775000   4.0000  12.0107
    283    2 C     6     13.230017     70.786271      5.775000   4.0000  12.0107
    284    2 C     6      5.959983     72.144625      5.775000   4.0000  12.0107
    285    2 C     6     13.230017     72.144625      5.775000   4.0000  12.0107
    286    2 C     6      8.371477     72.174871      5.775000   4.0000  12.0107
    287    2 C     6     10.818523     72.174871      5.775000   4.0000  12.0107
    288    1 H     1     14.191809     72.664393      5.775000   1.0000   1.0079
    289    1 H     1      4.998191     72.664393      5.775000   1.0000   1.0079
    290    2 C     6      7.154329     72.879096      5.775000   4.0000  12.0107
    291    2 C     6     12.035671     72.879096      5.775000   4.0000  12.0107
    292    2 C     6      9.595000     72.888056      5.775000   4.0000  12.0107
    293    1 H     1      9.595000     73.661100      6.548044   1.0000   1.0079
    294    1 H     1      9.595000     73.661100      5.001956   1.0000   1.0079
    295    1 H     1     12.035671     73.972346      5.775000   1.0000   1.0079
    296    1 H     1      7.154329     73.972346      5.775000   1.0000   1.0079



 SCF PARAMETERS         Density guess:                                   RESTART
                        --------------------------------------------------------
                        max_scf:                                             300
                        max_scf_history:                                       0
                        max_diis:                                              4
                        --------------------------------------------------------
                        eps_scf:                                        1.00E-07
                        eps_scf_history:                                0.00E+00
                        eps_diis:                                       1.00E-01
                        eps_eigval:                                     1.00E-05
                        --------------------------------------------------------
                        level_shift [a.u.]:                             0.000000
                        SCF update method:                                MIXING
                        added MOs                                       100    0
                        --------------------------------------------------------
                        Mixing method:                            BROYDEN_MIXING
                                                charge density mixing in g-space
                        --------------------------------------------------------
                        No outer SCF

 PW_GRID| Information for grid number                                          1
 PW_GRID| Grid distributed over                                    64 processors
 PW_GRID| Real space group dimensions                                    64    1
 PW_GRID| the grid is blocked:                                                NO
 PW_GRID| Cutoff [a.u.]                                                    300.0
 PW_GRID| spherical cutoff:                                                   NO
 PW_GRID|   Bounds   1           -144     143                Points:         288
 PW_GRID|   Bounds   2           -594     593                Points:        1188
 PW_GRID|   Bounds   3            -90      89                Points:         180
 PW_GRID| Volume element (a.u.^3)  0.1918E-02     Volume (a.u.^3)    118117.8964
 PW_GRID| Grid span                                                    FULLSPACE
 PW_GRID|   Distribution                         Average         Max         Min
 PW_GRID|   G-Vectors                           962280.0      962496      962208
 PW_GRID|   G-Rays                                3341.2        3342        3341
 PW_GRID|   Real Space Points                   962280.0     1069200      855360

 PW_GRID| Information for grid number                                          2
 PW_GRID| Number of the reference grid                                         1
 PW_GRID| Grid distributed over                                    64 processors
 PW_GRID| Real space group dimensions                                    64    1
 PW_GRID| the grid is blocked:                                                NO
 PW_GRID| Cutoff [a.u.]                                                    100.0
 PW_GRID| spherical cutoff:                                                   NO
 PW_GRID|   Bounds   1            -90      89                Points:         180
 PW_GRID|   Bounds   2           -337     337                Points:         675
 PW_GRID|   Bounds   3            -50      49                Points:         100
 PW_GRID| Volume element (a.u.^3)  0.9722E-02     Volume (a.u.^3)    118117.8964
 PW_GRID| Grid span                                                    FULLSPACE
 PW_GRID|   Distribution                         Average         Max         Min
 PW_GRID|   G-Vectors                           189843.8      192060      186840
 PW_GRID|   G-Rays                                1054.7        1067        1038
 PW_GRID|   Real Space Points                   189843.8      202500      135000

 PW_GRID| Information for grid number                                          3
 PW_GRID| Number of the reference grid                                         1
 PW_GRID| Grid distributed over                                    64 processors
 PW_GRID| Real space group dimensions                                    64    1
 PW_GRID| the grid is blocked:                                                NO
 PW_GRID| Cutoff [a.u.]                                                     33.3
 PW_GRID| spherical cutoff:                                                   NO
 PW_GRID|   Bounds   1            -48      47                Points:          96
 PW_GRID|   Bounds   2           -200     199                Points:         400
 PW_GRID|   Bounds   3            -30      29                Points:          60
 PW_GRID| Volume element (a.u.^3)  0.5127E-01     Volume (a.u.^3)    118117.8964
 PW_GRID| Grid span                                                    FULLSPACE
 PW_GRID|   Distribution                         Average         Max         Min
 PW_GRID|   G-Vectors                            36000.0       37152       35040
 PW_GRID|   G-Rays                                 375.0         387         365
 PW_GRID|   Real Space Points                    36000.0       48000       24000

 PW_GRID| Information for grid number                                          4
 PW_GRID| Number of the reference grid                                         1
 PW_GRID| Grid distributed over                                    64 processors
 PW_GRID| Real space group dimensions                                     8    8
 PW_GRID| the grid is blocked:                                                NO
 PW_GRID| Cutoff [a.u.]                                                     11.1
 PW_GRID| spherical cutoff:                                                   NO
 PW_GRID|   Bounds   1            -30      29                Points:          60
 PW_GRID|   Bounds   2           -112     112                Points:         225
 PW_GRID|   Bounds   3            -18      17                Points:          36
 PW_GRID| Volume element (a.u.^3)  0.2430         Volume (a.u.^3)    118117.8964
 PW_GRID| Grid span                                                    FULLSPACE
 PW_GRID|   Distribution                         Average         Max         Min
 PW_GRID|   G-Vectors                             7593.8        8340        7140
 PW_GRID|   G-Rays                                 126.6         139         119
 PW_GRID|   Real Space Points                     7593.8        8352        7056

 POISSON| Solver                                             MULTIPOLE (Bloechl)
 POISSON| Periodicity                                                       NONE

 RS_GRID| Information for grid number                                          1
 RS_GRID|   Bounds   1           -144     143                Points:         288
 RS_GRID|   Bounds   2           -594     593                Points:        1188
 RS_GRID|   Bounds   3            -90      89                Points:         180
 RS_GRID| Real space distribution over                                  4 groups
 RS_GRID| Real space distribution along direction                              1
 RS_GRID| Border size                                                         30
 RS_GRID| Real space distribution over                                 16 groups
 RS_GRID| Real space distribution along direction                              2
 RS_GRID| Border size                                                         30
 RS_GRID|   Distribution                         Average         Max         Min
 RS_GRID|   Planes                                 132.0         132         132
 RS_GRID|   Distribution                         Average         Max         Min
 RS_GRID|   Planes                                 134.2         135         134

 RS_GRID| Information for grid number                                          2
 RS_GRID|   Bounds   1            -90      89                Points:         180
 RS_GRID|   Bounds   2           -337     337                Points:         675
 RS_GRID|   Bounds   3            -50      49                Points:         100
 RS_GRID| Real space distribution over                                  4 groups
 RS_GRID| Real space distribution along direction                              1
 RS_GRID| Border size                                                         33
 RS_GRID| Real space distribution over                                 16 groups
 RS_GRID| Real space distribution along direction                              2
 RS_GRID| Border size                                                         33
 RS_GRID|   Distribution                         Average         Max         Min
 RS_GRID|   Planes                                 111.0         111         111
 RS_GRID|   Distribution                         Average         Max         Min
 RS_GRID|   Planes                                 108.2         109         108

 RS_GRID| Information for grid number                                          3
 RS_GRID|   Bounds   1            -48      47                Points:          96
 RS_GRID|   Bounds   2           -200     199                Points:         400
 RS_GRID|   Bounds   3            -30      29                Points:          60
 RS_GRID| Real space fully replicated
 RS_GRID| Group size                                                           1

 RS_GRID| Information for grid number                                          4
 RS_GRID|   Bounds   1            -30      29                Points:          60
 RS_GRID|   Bounds   2           -112     112                Points:         225
 RS_GRID|   Bounds   3            -18      17                Points:          36
 RS_GRID| Real space fully replicated
 RS_GRID| Group size                                                           1

 *** WARNING in emd/rt_bse_linearized.F:131 :: Linearized RT-BSE is under ***
 *** active development. Make sure you understand the method and validate ***
 *** results before using it for production calculations.                 ***


 Extrapolation method: initial_guess

 *** WARNING in qs_initial_guess.F:312 :: User requested to restart the    ***
 *** wavefunction from the file named: rec_4-RESTART.wfn. This file does   ***
 *** not exist. Please check the existence of the file or change properly  ***
 *** the value of the keyword WFN_RESTART_FILE_NAME. Calculation continues ***
 *** using ATOMIC GUESS.                                                   ***


 Atomic guess: The first density matrix is obtained in terms of atomic orbitals
               and electronic configurations assigned to each atomic kind

 Guess for atomic kind: H

 Electronic structure
    Total number of core electrons                                          0.00
    Total number of valence electrons                                       1.00
    Total number of electrons                                               1.00
    Multiplicity                                                   not specified
    S      1.00


 *******************************************************************************
                  Iteration          Convergence                     Energy [au]
 *******************************************************************************
                          1        0.309524E-02                  -0.417828613492
                          2        0.397171E-03                  -0.417845979898
                          3        0.350877E-04                  -0.417846294368
                          4        0.929317E-09                  -0.417846297422

 Energy components [Hartree]           Total Energy ::           -0.417846297422
                                        Band Energy ::           -0.196148543103
                                     Kinetic Energy ::            0.486531132430
                                   Potential Energy ::           -0.904377429852
                                      Virial (-V/T) ::            1.858827461532
                                        Core Energy ::           -0.470733162945
                                          XC Energy ::           -0.242450390891
                                     Coulomb Energy ::            0.295337256414
                       Total Pseudopotential Energy ::           -0.978038883002
                       Local Pseudopotential Energy ::           -0.978038883002
                    Nonlocal Pseudopotential Energy ::            0.000000000000
                                        Confinement ::            0.207745876267

 Orbital energies  State     L     Occupation   Energy[a.u.]          Energy[eV]

                       1     0          1.000      -0.196149           -5.337473


 Total Electron Density at R=0:                                         0.282919

 Guess for atomic kind: C

 Electronic structure
    Total number of core electrons                                          2.00
    Total number of valence electrons                                       4.00
    Total number of electrons                                               6.00
    Multiplicity                                                   not specified
    S   [  2.00] 2.00
    P      2.00


 *******************************************************************************
                  Iteration          Convergence                     Energy [au]
 *******************************************************************************
                          1        0.988758E-01                  -5.245867139855
                          2        0.702567E-01                  -5.249950338066
                          3        0.324324E-03                  -5.254466662830
                          4        0.763974E-05                  -5.254466744799
                          5        0.410505E-05                  -5.254466744830
                          6        0.282419E-05                  -5.254466744837
                          7        0.925356E-08                  -5.254466744843

 Energy components [Hartree]           Total Energy ::           -5.254466744843
                                        Band Energy ::           -1.295684616135
                                     Kinetic Energy ::            3.559613956185
                                   Potential Energy ::           -8.814080701028
                                      Virial (-V/T) ::            2.476133875617
                                        Core Energy ::           -8.257747528207
                                          XC Energy ::           -1.378022926287
                                     Coulomb Energy ::            4.381303709651
                       Total Pseudopotential Energy ::          -11.853169988044
                       Local Pseudopotential Energy ::          -12.322682182621
                    Nonlocal Pseudopotential Energy ::            0.469512194577
                                        Confinement ::            0.358085036523

 Orbital energies  State     L     Occupation   Energy[a.u.]          Energy[eV]

                       1     0          2.000      -0.472377          -12.854028

                       1     1          2.000      -0.175465           -4.774658


 Total Electron Density at R=0:                                         0.011027
 Re-scaling the density matrix to get the right number of electrons
                  # Electrons              Trace(P)               Scaling factor
                          968               968.000                        1.000

 Number of electrons:                                                        968
 Number of occupied orbitals:                                                484
 Number of molecular orbitals:                                               584

 Number of orbital functions:                                               3344
 Number of independent orbital functions:                                   3344


 SCF WAVEFUNCTION OPTIMIZATION

  Step     Update method      Time    Convergence         Total energy    Change
  ------------------------------------------------------------------------------
  Decoupling Energy:                                              -0.0028876020
     1 NoMix/Diag. 0.40E+00    0.8     0.94910287     -1311.1395343047 -1.31E+03
  Decoupling Energy:                                              -0.0022534637
     2 Broy./Diag. 0.40E+00    0.8     0.19491717     -1204.0451339198  1.07E+02
  Decoupling Energy:                                              -0.0011479733
     3 Broy./Diag. 0.40E+00    0.8     0.10758900     -1283.1138882534 -7.91E+01
  Decoupling Energy:                                              -0.0006563711
     4 Broy./Diag. 0.40E+00    0.8     0.01824868     -1313.3129543963 -3.02E+01
  Decoupling Energy:                                              -0.0002891048
     5 Broy./Diag. 0.40E+00    0.9     0.00711993     -1314.9780384451 -1.67E+00
  Decoupling Energy:                                              -0.0001472561
     6 Broy./Diag. 0.40E+00    0.8     0.00388810     -1315.2262801780 -2.48E-01
  Decoupling Energy:                                              -0.0000426164
     7 Broy./Diag. 0.40E+00    0.8     0.00329055     -1315.4342944608 -2.08E-01
  Decoupling Energy:                                              -0.0000241761
     8 Broy./Diag. 0.40E+00    0.8     0.00245099     -1316.1234083604 -6.89E-01
  Decoupling Energy:                                              -0.0000597435
     9 Broy./Diag. 0.40E+00    0.8     0.00261520     -1316.7475066680 -6.24E-01
  Decoupling Energy:                                              -0.0000881745
    10 Broy./Diag. 0.40E+00    0.8     0.00096742     -1317.0747230607 -3.27E-01
  Decoupling Energy:                                              -0.0001143658
    11 Broy./Diag. 0.40E+00    0.8     0.00151458     -1317.0434295405  3.13E-02
  Decoupling Energy:                                              -0.0001390577
    12 Broy./Diag. 0.40E+00    0.8     0.00121307     -1317.0081334075  3.53E-02
  Decoupling Energy:                                              -0.0001596560
    13 Broy./Diag. 0.40E+00    0.8     0.00045528     -1317.0514754023 -4.33E-02
  Decoupling Energy:                                              -0.0001871964
    14 Broy./Diag. 0.40E+00    0.8     0.00035065     -1317.1108088186 -5.93E-02
  Decoupling Energy:                                              -0.0002028792
    15 Broy./Diag. 0.40E+00    0.8     0.00017109     -1317.1328036793 -2.20E-02
  Decoupling Energy:                                              -0.0002074788
    16 Broy./Diag. 0.40E+00    1.0     0.00008636     -1317.1150807687  1.77E-02
  Decoupling Energy:                                              -0.0002089935
    17 Broy./Diag. 0.40E+00    1.0     0.00008994     -1317.0961427348  1.89E-02
  Decoupling Energy:                                              -0.0002087980
    18 Broy./Diag. 0.40E+00    0.8     0.00009044     -1317.0909277625  5.21E-03
  Decoupling Energy:                                              -0.0002077636
    19 Broy./Diag. 0.40E+00    0.8     0.00011250     -1317.0915287739 -6.01E-04
  Decoupling Energy:                                              -0.0002068424
    20 Broy./Diag. 0.40E+00    0.8     0.00009134     -1317.0891176111  2.41E-03
  Decoupling Energy:                                              -0.0002059786
    21 Broy./Diag. 0.40E+00    0.8     0.00007160     -1317.0859699402  3.15E-03
  Decoupling Energy:                                              -0.0002048266
    22 Broy./Diag. 0.40E+00    0.9     0.00007936     -1317.0839593600  2.01E-03
  Decoupling Energy:                                              -0.0002036472
    23 Broy./Diag. 0.40E+00    0.9     0.00006304     -1317.0837856035  1.74E-04
  Decoupling Energy:                                              -0.0002025535
    24 Broy./Diag. 0.40E+00    0.8     0.00004571     -1317.0845460299 -7.60E-04
  Decoupling Energy:                                              -0.0002016279
    25 Broy./Diag. 0.40E+00    0.8     0.00002976     -1317.0848759478 -3.30E-04
  Decoupling Energy:                                              -0.0002011852
    26 Broy./Diag. 0.40E+00    0.8     0.00001317     -1317.0844638099  4.12E-04
  Decoupling Energy:                                              -0.0002009206
    27 Broy./Diag. 0.40E+00    0.8     0.00001066     -1317.0840597381  4.04E-04
  Decoupling Energy:                                              -0.0002008199
    28 Broy./Diag. 0.40E+00    0.8     0.00000615     -1317.0840802461 -2.05E-05
  Decoupling Energy:                                              -0.0002007880
    29 Broy./Diag. 0.40E+00    0.8     0.00000384     -1317.0842957285 -2.15E-04
  Decoupling Energy:                                              -0.0002007940
    30 Broy./Diag. 0.40E+00    0.8     0.00000406     -1317.0844142000 -1.18E-04
  Decoupling Energy:                                              -0.0002008225
    31 Broy./Diag. 0.40E+00    0.8     0.00000332     -1317.0843591716  5.50E-05
  Decoupling Energy:                                              -0.0002008753
    32 Broy./Diag. 0.40E+00    0.8     0.00000336     -1317.0842455112  1.14E-04
  Decoupling Energy:                                              -0.0002009308
    33 Broy./Diag. 0.40E+00    0.8     0.00000273     -1317.0841728260  7.27E-05
  Decoupling Energy:                                              -0.0002009661
    34 Broy./Diag. 0.40E+00    0.8     0.00000147     -1317.0841670531  5.77E-06
  Decoupling Energy:                                              -0.0002009932
    35 Broy./Diag. 0.40E+00    0.8     0.00000106     -1317.0841810157 -1.40E-05
  Decoupling Energy:                                              -0.0002010126
    36 Broy./Diag. 0.40E+00    0.8     0.00000073     -1317.0841797583  1.26E-06
  Decoupling Energy:                                              -0.0002010284
    37 Broy./Diag. 0.40E+00    0.8     0.00000060     -1317.0841695239  1.02E-05
  Decoupling Energy:                                              -0.0002010404
    38 Broy./Diag. 0.40E+00    0.8     0.00000043     -1317.0841631371  6.39E-06
  Decoupling Energy:                                              -0.0002010470
    39 Broy./Diag. 0.40E+00    0.8     0.00000020     -1317.0841646854 -1.55E-06
  Decoupling Energy:                                              -0.0002010504
    40 Broy./Diag. 0.40E+00    0.8     0.00000014     -1317.0841697952 -5.11E-06
  Decoupling Energy:                                              -0.0002010510
    41 Broy./Diag. 0.40E+00    0.8     0.00000009     -1317.0841726685 -2.87E-06

  *** SCF run converged in    41 steps ***


  Electronic density on regular grids:       -968.0000000000       -0.0000000000
  Core density on regular grids:              968.0000000000       -0.0000000000
  Total charge density on r-space grids:       -0.0000000000
  Total charge density g-space grids:          -0.0000000000

  Overlap energy of the core charge distribution:               0.00007702240928
  Self energy of the core charge distribution:              -3088.59590063400356
  Core Hamiltonian energy:                                    978.79995086417512
  Hartree energy:                                            1210.91545419457861
  Exchange-correlation energy:                               -418.20375411564419

  Total energy:                                             -1317.08417266848483

 !-----------------------------------------------------------------------------!
                     Mulliken Population Analysis

 #  Atom  Element  Kind  Atomic population                           Net charge
       1     H        1          0.781373                              0.218627
       2     H        1          0.781373                              0.218627
       3     H        1          0.700389                              0.299611
       4     H        1          0.700389                              0.299611
       5     C        2          4.615459                             -0.615459
       6     C        2          4.201312                             -0.201312
       7     C        2          4.201312                             -0.201312
       8     H        1          0.768192                              0.231808
       9     H        1          0.768192                              0.231808
      10     C        2          4.049779                             -0.049779
      11     C        2          4.049779                             -0.049779
      12     C        2          4.245088                             -0.245088
      13     C        2          4.245088                             -0.245088
      14     C        2          4.161971                             -0.161971
      15     C        2          4.161971                             -0.161971
      16     C        2          3.963297                              0.036703
      17     C        2          3.963297                              0.036703
      18     H        1          0.809862                              0.190138
      19     H        1          0.809862                              0.190138
      20     C        2          4.083398                             -0.083398
      21     C        2          4.083398                             -0.083398
      22     C        2          3.965439                              0.034561
      23     C        2          3.966272                              0.033728
      24     C        2          4.059512                             -0.059512
      25     C        2          4.059512                             -0.059512
      26     H        1          0.804074                              0.195926
      27     H        1          0.804074                              0.195926
      28     C        2          3.981111                              0.018889
      29     C        2          3.981111                              0.018889
      30     C        2          4.137841                             -0.137841
      31     C        2          4.137841                             -0.137841
      32     C        2          4.140502                             -0.140502
      33     C        2          4.140502                             -0.140502
      34     C        2          3.983449                              0.016551
      35     C        2          3.983449                              0.016551
      36     H        1          0.813322                              0.186678
      37     H        1          0.813322                              0.186678
      38     C        2          4.069050                             -0.069050
      39     C        2          4.069050                             -0.069050
      40     C        2          3.969602                              0.030398
      41     C        2          3.971393                              0.028607
      42     C        2          4.068787                             -0.068787
      43     C        2          4.068787                             -0.068787
      44     H        1          0.812737                              0.187263
      45     H        1          0.812737                              0.187263
      46     C        2          3.986131                              0.013869
      47     C        2          3.986131                              0.013869
      48     C        2          4.139299                             -0.139299
      49     C        2          4.139299                             -0.139299
      50     C        2          4.140362                             -0.140362
      51     C        2          4.140362                             -0.140362
      52     C        2          3.986500                              0.013500
      53     C        2          3.986500                              0.013500
      54     H        1          0.813630                              0.186370
      55     H        1          0.813630                              0.186370
      56     C        2          4.071016                             -0.071016
      57     C        2          4.071016                             -0.071016
      58     C        2          3.972208                              0.027792
      59     C        2          3.972689                              0.027311
      60     C        2          4.070894                             -0.070894
      61     C        2          4.070894                             -0.070894
      62     H        1          0.813479                              0.186521
      63     H        1          0.813479                              0.186521
      64     C        2          3.987314                              0.012686
      65     C        2          3.987314                              0.012686
      66     C        2          4.140105                             -0.140105
      67     C        2          4.140105                             -0.140105
      68     C        2          4.140494                             -0.140494
      69     C        2          4.140494                             -0.140494
      70     C        2          3.987382                              0.012618
      71     C        2          3.987382                              0.012618
      72     H        1          0.813712                              0.186288
      73     H        1          0.813712                              0.186288
      74     C        2          4.071525                             -0.071525
      75     C        2          4.071525                             -0.071525
      76     C        2          3.972867                              0.027133
      77     C        2          3.973045                              0.026955
      78     C        2          4.071465                             -0.071465
      79     C        2          4.071465                             -0.071465
      80     H        1          0.813629                              0.186371
      81     H        1          0.813629                              0.186371
      82     C        2          3.987629                              0.012371
      83     C        2          3.987629                              0.012371
      84     C        2          4.140342                             -0.140342
      85     C        2          4.140342                             -0.140342
      86     C        2          4.140507                             -0.140507
      87     C        2          4.140507                             -0.140507
      88     C        2          3.987633                              0.012367
      89     C        2          3.987633                              0.012367
      90     H        1          0.813719                              0.186281
      91     H        1          0.813719                              0.186281
      92     C        2          4.071652                             -0.071652
      93     C        2          4.071652                             -0.071652
      94     C        2          3.973053                              0.026947
      95     C        2          3.973137                              0.026863
      96     C        2          4.071621                             -0.071621
      97     C        2          4.071621                             -0.071621
      98     H        1          0.813667                              0.186333
      99     H        1          0.813667                              0.186333
     100     C        2          3.987707                              0.012293
     101     C        2          3.987707                              0.012293
     102     C        2          4.140407                             -0.140407
     103     C        2          4.140407                             -0.140407
     104     C        2          4.140489                             -0.140489
     105     C        2          4.140489                             -0.140489
     106     C        2          3.987703                              0.012297
     107     C        2          3.987703                              0.012297
     108     H        1          0.813709                              0.186291
     109     H        1          0.813709                              0.186291
     110     C        2          4.071677                             -0.071677
     111     C        2          4.071677                             -0.071677
     112     C        2          3.973110                              0.026890
     113     C        2          3.973156                              0.026844
     114     C        2          4.071662                             -0.071662
     115     C        2          4.071662                             -0.071662
     116     H        1          0.813678                              0.186322
     117     H        1          0.813678                              0.186322
     118     C        2          3.987724                              0.012276
     119     C        2          3.987724                              0.012276
     120     C        2          4.140428                             -0.140428
     121     C        2          4.140428                             -0.140428
     122     C        2          4.140469                             -0.140469
     123     C        2          4.140469                             -0.140469
     124     C        2          3.987722                              0.012278
     125     C        2          3.987722                              0.012278
     126     H        1          0.813699                              0.186301
     127     H        1          0.813699                              0.186301
     128     C        2          4.071677                             -0.071677
     129     C        2          4.071677                             -0.071677
     130     C        2          3.973132                              0.026868
     131     C        2          3.973154                              0.026846
     132     C        2          4.071672                             -0.071672
     133     C        2          4.071672                             -0.071672
     134     H        1          0.813685                              0.186315
     135     H        1          0.813685                              0.186315
     136     C        2          3.987727                              0.012273
     137     C        2          3.987727                              0.012273
     138     C        2          4.140441                             -0.140441
     139     C        2          4.140441                             -0.140441
     140     C        2          4.140453                             -0.140453
     141     C        2          4.140453                             -0.140453
     142     C        2          3.987726                              0.012274
     143     C        2          3.987726                              0.012274
     144     H        1          0.813691                              0.186309
     145     H        1          0.813691                              0.186309
     146     C        2          4.071675                             -0.071675
     147     C        2          4.071675                             -0.071675
     148     C        2          3.973145                              0.026855
     149     C        2          3.973145                              0.026855
     150     C        2          4.071675                             -0.071675
     151     C        2          4.071675                             -0.071675
     152     H        1          0.813691                              0.186309
     153     H        1          0.813691                              0.186309
     154     C        2          3.987726                              0.012274
     155     C        2          3.987726                              0.012274
     156     C        2          4.140453                             -0.140453
     157     C        2          4.140453                             -0.140453
     158     C        2          4.140441                             -0.140441
     159     C        2          4.140441                             -0.140441
     160     C        2          3.987727                              0.012273
     161     C        2          3.987727                              0.012273
     162     H        1          0.813685                              0.186315
     163     H        1          0.813685                              0.186315
     164     C        2          4.071672                             -0.071672
     165     C        2          4.071672                             -0.071672
     166     C        2          3.973154                              0.026846
     167     C        2          3.973132                              0.026868
     168     C        2          4.071677                             -0.071677
     169     C        2          4.071677                             -0.071677
     170     H        1          0.813699                              0.186301
     171     H        1          0.813699                              0.186301
     172     C        2          3.987722                              0.012278
     173     C        2          3.987722                              0.012278
     174     C        2          4.140469                             -0.140469
     175     C        2          4.140469                             -0.140469
     176     C        2          4.140428                             -0.140428
     177     C        2          4.140428                             -0.140428
     178     C        2          3.987724                              0.012276
     179     C        2          3.987724                              0.012276
     180     H        1          0.813678                              0.186322
     181     H        1          0.813678                              0.186322
     182     C        2          4.071662                             -0.071662
     183     C        2          4.071662                             -0.071662
     184     C        2          3.973156                              0.026844
     185     C        2          3.973110                              0.026890
     186     C        2          4.071677                             -0.071677
     187     C        2          4.071677                             -0.071677
     188     H        1          0.813709                              0.186291
     189     H        1          0.813709                              0.186291
     190     C        2          3.987703                              0.012297
     191     C        2          3.987703                              0.012297
     192     C        2          4.140489                             -0.140489
     193     C        2          4.140489                             -0.140489
     194     C        2          4.140407                             -0.140407
     195     C        2          4.140407                             -0.140407
     196     C        2          3.987707                              0.012293
     197     C        2          3.987707                              0.012293
     198     H        1          0.813667                              0.186333
     199     H        1          0.813667                              0.186333
     200     C        2          4.071621                             -0.071621
     201     C        2          4.071621                             -0.071621
     202     C        2          3.973137                              0.026863
     203     C        2          3.973053                              0.026947
     204     C        2          4.071652                             -0.071652
     205     C        2          4.071652                             -0.071652
     206     H        1          0.813719                              0.186281
     207     H        1          0.813719                              0.186281
     208     C        2          3.987633                              0.012367
     209     C        2          3.987633                              0.012367
     210     C        2          4.140507                             -0.140507
     211     C        2          4.140507                             -0.140507
     212     C        2          4.140342                             -0.140342
     213     C        2          4.140342                             -0.140342
     214     C        2          3.987629                              0.012371
     215     C        2          3.987629                              0.012371
     216     H        1          0.813629                              0.186371
     217     H        1          0.813629                              0.186371
     218     C        2          4.071465                             -0.071465
     219     C        2          4.071465                             -0.071465
     220     C        2          3.973045                              0.026955
     221     C        2          3.972867                              0.027133
     222     C        2          4.071525                             -0.071525
     223     C        2          4.071525                             -0.071525
     224     H        1          0.813712                              0.186288
     225     H        1          0.813712                              0.186288
     226     C        2          3.987382                              0.012618
     227     C        2          3.987382                              0.012618
     228     C        2          4.140494                             -0.140494
     229     C        2          4.140494                             -0.140494
     230     C        2          4.140105                             -0.140105
     231     C        2          4.140105                             -0.140105
     232     C        2          3.987314                              0.012686
     233     C        2          3.987314                              0.012686
     234     H        1          0.813479                              0.186521
     235     H        1          0.813479                              0.186521
     236     C        2          4.070894                             -0.070894
     237     C        2          4.070894                             -0.070894
     238     C        2          3.972689                              0.027311
     239     C        2          3.972208                              0.027792
     240     C        2          4.071016                             -0.071016
     241     C        2          4.071016                             -0.071016
     242     H        1          0.813630                              0.186370
     243     H        1          0.813630                              0.186370
     244     C        2          3.986500                              0.013500
     245     C        2          3.986500                              0.013500
     246     C        2          4.140362                             -0.140362
     247     C        2          4.140362                             -0.140362
     248     C        2          4.139299                             -0.139299
     249     C        2          4.139299                             -0.139299
     250     C        2          3.986131                              0.013869
     251     C        2          3.986131                              0.013869
     252     H        1          0.812737                              0.187263
     253     H        1          0.812737                              0.187263
     254     C        2          4.068787                             -0.068787
     255     C        2          4.068787                             -0.068787
     256     C        2          3.971393                              0.028607
     257     C        2          3.969602                              0.030398
     258     C        2          4.069050                             -0.069050
     259     C        2          4.069050                             -0.069050
     260     H        1          0.813322                              0.186678
     261     H        1          0.813322                              0.186678
     262     C        2          3.983449                              0.016551
     263     C        2          3.983449                              0.016551
     264     C        2          4.140502                             -0.140502
     265     C        2          4.140502                             -0.140502
     266     C        2          4.137841                             -0.137841
     267     C        2          4.137841                             -0.137841
     268     C        2          3.981111                              0.018889
     269     C        2          3.981111                              0.018889
     270     H        1          0.804074                              0.195926
     271     H        1          0.804074                              0.195926
     272     C        2          4.059512                             -0.059512
     273     C        2          4.059512                             -0.059512
     274     C        2          3.966272                              0.033728
     275     C        2          3.965439                              0.034561
     276     C        2          4.083398                             -0.083398
     277     C        2          4.083398                             -0.083398
     278     H        1          0.809862                              0.190138
     279     H        1          0.809862                              0.190138
     280     C        2          3.963297                              0.036703
     281     C        2          3.963297                              0.036703
     282     C        2          4.161971                             -0.161971
     283     C        2          4.161971                             -0.161971
     284     C        2          4.245088                             -0.245088
     285     C        2          4.245088                             -0.245088
     286     C        2          4.049779                             -0.049779
     287     C        2          4.049779                             -0.049779
     288     H        1          0.768192                              0.231808
     289     H        1          0.768192                              0.231808
     290     C        2          4.201312                             -0.201312
     291     C        2          4.201312                             -0.201312
     292     C        2          4.615459                             -0.615459
     293     H        1          0.700389                              0.299611
     294     H        1          0.700389                              0.299611
     295     H        1          0.781373                              0.218627
     296     H        1          0.781373                              0.218627
 # Total charge                            968.000000                 -0.000000

 !-----------------------------------------------------------------------------!

 !-----------------------------------------------------------------------------!
                           Hirshfeld Charges

  #Atom  Element  Kind  Ref Charge     Population                    Net charge
      1       H      1       1.000          0.549                         0.451
      2       H      1       1.000          0.549                         0.451
      3       H      1       1.000          0.553                         0.447
      4       H      1       1.000          0.553                         0.447
      5       C      2       4.000          4.781                        -0.781
      6       C      2       4.000          4.470                        -0.470
      7       C      2       4.000          4.470                        -0.470
      8       H      1       1.000          0.551                         0.449
      9       H      1       1.000          0.551                         0.449
     10       C      2       4.000          4.006                        -0.006
     11       C      2       4.000          4.006                        -0.006
     12       C      2       4.000          4.446                        -0.446
     13       C      2       4.000          4.446                        -0.446
     14       C      2       4.000          4.455                        -0.455
     15       C      2       4.000          4.455                        -0.455
     16       C      2       4.000          4.007                        -0.007
     17       C      2       4.000          4.007                        -0.007
     18       H      1       1.000          0.555                         0.445
     19       H      1       1.000          0.555                         0.445
     20       C      2       4.000          3.995                         0.005
     21       C      2       4.000          3.995                         0.005
     22       C      2       4.000          4.003                        -0.003
     23       C      2       4.000          4.007                        -0.007
     24       C      2       4.000          3.999                         0.001
     25       C      2       4.000          3.999                         0.001
     26       H      1       1.000          0.555                         0.445
     27       H      1       1.000          0.555                         0.445
     28       C      2       4.000          4.000                        -0.000
     29       C      2       4.000          4.000                        -0.000
     30       C      2       4.000          4.444                        -0.444
     31       C      2       4.000          4.444                        -0.444
     32       C      2       4.000          4.447                        -0.447
     33       C      2       4.000          4.447                        -0.447
     34       C      2       4.000          4.001                        -0.001
     35       C      2       4.000          4.001                        -0.001
     36       H      1       1.000          0.555                         0.445
     37       H      1       1.000          0.555                         0.445
     38       C      2       4.000          3.997                         0.003
     39       C      2       4.000          3.997                         0.003
     40       C      2       4.000          4.001                        -0.001
     41       C      2       4.000          4.002                        -0.002
     42       C      2       4.000          3.998                         0.002
     43       C      2       4.000          3.998                         0.002
     44       H      1       1.000          0.555                         0.445
     45       H      1       1.000          0.555                         0.445
     46       C      2       4.000          4.000                        -0.000
     47       C      2       4.000          4.000                        -0.000
     48       C      2       4.000          4.445                        -0.445
     49       C      2       4.000          4.445                        -0.445
     50       C      2       4.000          4.445                        -0.445
     51       C      2       4.000          4.445                        -0.445
     52       C      2       4.000          4.000                        -0.000
     53       C      2       4.000          4.000                        -0.000
     54       H      1       1.000          0.555                         0.445
     55       H      1       1.000          0.555                         0.445
     56       C      2       4.000          3.998                         0.002
     57       C      2       4.000          3.998                         0.002
     58       C      2       4.000          4.001                        -0.001
     59       C      2       4.000          4.002                        -0.002
     60       C      2       4.000          3.998                         0.002
     61       C      2       4.000          3.998                         0.002
     62       H      1       1.000          0.555                         0.445
     63       H      1       1.000          0.555                         0.445
     64       C      2       4.000          4.000                        -0.000
     65       C      2       4.000          4.000                        -0.000
     66       C      2       4.000          4.445                        -0.445
     67       C      2       4.000          4.445                        -0.445
     68       C      2       4.000          4.445                        -0.445
     69       C      2       4.000          4.445                        -0.445
     70       C      2       4.000          4.000                         0.000
     71       C      2       4.000          4.000                         0.000
     72       H      1       1.000          0.555                         0.445
     73       H      1       1.000          0.555                         0.445
     74       C      2       4.000          3.998                         0.002
     75       C      2       4.000          3.998                         0.002
     76       C      2       4.000          4.001                        -0.001
     77       C      2       4.000          4.001                        -0.001
     78       C      2       4.000          3.998                         0.002
     79       C      2       4.000          3.998                         0.002
     80       H      1       1.000          0.555                         0.445
     81       H      1       1.000          0.555                         0.445
     82       C      2       4.000          4.000                        -0.000
     83       C      2       4.000          4.000                        -0.000
     84       C      2       4.000          4.445                        -0.445
     85       C      2       4.000          4.445                        -0.445
     86       C      2       4.000          4.445                        -0.445
     87       C      2       4.000          4.445                        -0.445
     88       C      2       4.000          4.000                         0.000
     89       C      2       4.000          4.000                         0.000
     90       H      1       1.000          0.555                         0.445
     91       H      1       1.000          0.555                         0.445
     92       C      2       4.000          3.998                         0.002
     93       C      2       4.000          3.998                         0.002
     94       C      2       4.000          4.001                        -0.001
     95       C      2       4.000          4.001                        -0.001
     96       C      2       4.000          3.998                         0.002
     97       C      2       4.000          3.998                         0.002
     98       H      1       1.000          0.555                         0.445
     99       H      1       1.000          0.555                         0.445
    100       C      2       4.000          4.000                         0.000
    101       C      2       4.000          4.000                         0.000
    102       C      2       4.000          4.445                        -0.445
    103       C      2       4.000          4.445                        -0.445
    104       C      2       4.000          4.445                        -0.445
    105       C      2       4.000          4.445                        -0.445
    106       C      2       4.000          4.000                         0.000
    107       C      2       4.000          4.000                         0.000
    108       H      1       1.000          0.555                         0.445
    109       H      1       1.000          0.555                         0.445
    110       C      2       4.000          3.998                         0.002
    111       C      2       4.000          3.998                         0.002
    112       C      2       4.000          4.001                        -0.001
    113       C      2       4.000          4.001                        -0.001
    114       C      2       4.000          3.998                         0.002
    115       C      2       4.000          3.998                         0.002
    116       H      1       1.000          0.555                         0.445
    117       H      1       1.000          0.555                         0.445
    118       C      2       4.000          4.000                         0.000
    119       C      2       4.000          4.000                         0.000
    120       C      2       4.000          4.445                        -0.445
    121       C      2       4.000          4.445                        -0.445
    122       C      2       4.000          4.445                        -0.445
    123       C      2       4.000          4.445                        -0.445
    124       C      2       4.000          4.000                         0.000
    125       C      2       4.000          4.000                         0.000
    126       H      1       1.000          0.555                         0.445
    127       H      1       1.000          0.555                         0.445
    128       C      2       4.000          3.998                         0.002
    129       C      2       4.000          3.998                         0.002
    130       C      2       4.000          4.001                        -0.001
    131       C      2       4.000          4.001                        -0.001
    132       C      2       4.000          3.998                         0.002
    133       C      2       4.000          3.998                         0.002
    134       H      1       1.000          0.555                         0.445
    135       H      1       1.000          0.555                         0.445
    136       C      2       4.000          4.000                         0.000
    137       C      2       4.000          4.000                         0.000
    138       C      2       4.000          4.445                        -0.445
    139       C      2       4.000          4.445                        -0.445
    140       C      2       4.000          4.445                        -0.445
    141       C      2       4.000          4.445                        -0.445
    142       C      2       4.000          4.000                         0.000
    143       C      2       4.000          4.000                         0.000
    144       H      1       1.000          0.555                         0.445
    145       H      1       1.000          0.555                         0.445
    146       C      2       4.000          3.998                         0.002
    147       C      2       4.000          3.998                         0.002
    148       C      2       4.000          4.001                        -0.001
    149       C      2       4.000          4.001                        -0.001
    150       C      2       4.000          3.998                         0.002
    151       C      2       4.000          3.998                         0.002
    152       H      1       1.000          0.555                         0.445
    153       H      1       1.000          0.555                         0.445
    154       C      2       4.000          4.000                         0.000
    155       C      2       4.000          4.000                         0.000
    156       C      2       4.000          4.445                        -0.445
    157       C      2       4.000          4.445                        -0.445
    158       C      2       4.000          4.445                        -0.445
    159       C      2       4.000          4.445                        -0.445
    160       C      2       4.000          4.000                         0.000
    161       C      2       4.000          4.000                         0.000
    162       H      1       1.000          0.555                         0.445
    163       H      1       1.000          0.555                         0.445
    164       C      2       4.000          3.998                         0.002
    165       C      2       4.000          3.998                         0.002
    166       C      2       4.000          4.001                        -0.001
    167       C      2       4.000          4.001                        -0.001
    168       C      2       4.000          3.998                         0.002
    169       C      2       4.000          3.998                         0.002
    170       H      1       1.000          0.555                         0.445
    171       H      1       1.000          0.555                         0.445
    172       C      2       4.000          4.000                         0.000
    173       C      2       4.000          4.000                         0.000
    174       C      2       4.000          4.445                        -0.445
    175       C      2       4.000          4.445                        -0.445
    176       C      2       4.000          4.445                        -0.445
    177       C      2       4.000          4.445                        -0.445
    178       C      2       4.000          4.000                         0.000
    179       C      2       4.000          4.000                         0.000
    180       H      1       1.000          0.555                         0.445
    181       H      1       1.000          0.555                         0.445
    182       C      2       4.000          3.998                         0.002
    183       C      2       4.000          3.998                         0.002
    184       C      2       4.000          4.001                        -0.001
    185       C      2       4.000          4.001                        -0.001
    186       C      2       4.000          3.998                         0.002
    187       C      2       4.000          3.998                         0.002
    188       H      1       1.000          0.555                         0.445
    189       H      1       1.000          0.555                         0.445
    190       C      2       4.000          4.000                         0.000
    191       C      2       4.000          4.000                         0.000
    192       C      2       4.000          4.445                        -0.445
    193       C      2       4.000          4.445                        -0.445
    194       C      2       4.000          4.445                        -0.445
    195       C      2       4.000          4.445                        -0.445
    196       C      2       4.000          4.000                         0.000
    197       C      2       4.000          4.000                         0.000
    198       H      1       1.000          0.555                         0.445
    199       H      1       1.000          0.555                         0.445
    200       C      2       4.000          3.998                         0.002
    201       C      2       4.000          3.998                         0.002
    202       C      2       4.000          4.001                        -0.001
    203       C      2       4.000          4.001                        -0.001
    204       C      2       4.000          3.998                         0.002
    205       C      2       4.000          3.998                         0.002
    206       H      1       1.000          0.555                         0.445
    207       H      1       1.000          0.555                         0.445
    208       C      2       4.000          4.000                         0.000
    209       C      2       4.000          4.000                         0.000
    210       C      2       4.000          4.445                        -0.445
    211       C      2       4.000          4.445                        -0.445
    212       C      2       4.000          4.445                        -0.445
    213       C      2       4.000          4.445                        -0.445
    214       C      2       4.000          4.000                        -0.000
    215       C      2       4.000          4.000                        -0.000
    216       H      1       1.000          0.555                         0.445
    217       H      1       1.000          0.555                         0.445
    218       C      2       4.000          3.998                         0.002
    219       C      2       4.000          3.998                         0.002
    220       C      2       4.000          4.001                        -0.001
    221       C      2       4.000          4.001                        -0.001
    222       C      2       4.000          3.998                         0.002
    223       C      2       4.000          3.998                         0.002
    224       H      1       1.000          0.555                         0.445
    225       H      1       1.000          0.555                         0.445
    226       C      2       4.000          4.000                         0.000
    227       C      2       4.000          4.000                         0.000
    228       C      2       4.000          4.445                        -0.445
    229       C      2       4.000          4.445                        -0.445
    230       C      2       4.000          4.445                        -0.445
    231       C      2       4.000          4.445                        -0.445
    232       C      2       4.000          4.000                        -0.000
    233       C      2       4.000          4.000                        -0.000
    234       H      1       1.000          0.555                         0.445
    235       H      1       1.000          0.555                         0.445
    236       C      2       4.000          3.998                         0.002
    237       C      2       4.000          3.998                         0.002
    238       C      2       4.000          4.002                        -0.002
    239       C      2       4.000          4.001                        -0.001
    240       C      2       4.000          3.998                         0.002
    241       C      2       4.000          3.998                         0.002
    242       H      1       1.000          0.555                         0.445
    243       H      1       1.000          0.555                         0.445
    244       C      2       4.000          4.000                        -0.000
    245       C      2       4.000          4.000                        -0.000
    246       C      2       4.000          4.445                        -0.445
    247       C      2       4.000          4.445                        -0.445
    248       C      2       4.000          4.445                        -0.445
    249       C      2       4.000          4.445                        -0.445
    250       C      2       4.000          4.000                        -0.000
    251       C      2       4.000          4.000                        -0.000
    252       H      1       1.000          0.555                         0.445
    253       H      1       1.000          0.555                         0.445
    254       C      2       4.000          3.998                         0.002
    255       C      2       4.000          3.998                         0.002
    256       C      2       4.000          4.002                        -0.002
    257       C      2       4.000          4.001                        -0.001
    258       C      2       4.000          3.997                         0.003
    259       C      2       4.000          3.997                         0.003
    260       H      1       1.000          0.555                         0.445
    261       H      1       1.000          0.555                         0.445
    262       C      2       4.000          4.001                        -0.001
    263       C      2       4.000          4.001                        -0.001
    264       C      2       4.000          4.447                        -0.447
    265       C      2       4.000          4.447                        -0.447
    266       C      2       4.000          4.444                        -0.444
    267       C      2       4.000          4.444                        -0.444
    268       C      2       4.000          4.000                        -0.000
    269       C      2       4.000          4.000                        -0.000
    270       H      1       1.000          0.555                         0.445
    271       H      1       1.000          0.555                         0.445
    272       C      2       4.000          3.999                         0.001
    273       C      2       4.000          3.999                         0.001
    274       C      2       4.000          4.007                        -0.007
    275       C      2       4.000          4.003                        -0.003
    276       C      2       4.000          3.995                         0.005
    277       C      2       4.000          3.995                         0.005
    278       H      1       1.000          0.555                         0.445
    279       H      1       1.000          0.555                         0.445
    280       C      2       4.000          4.007                        -0.007
    281       C      2       4.000          4.007                        -0.007
    282       C      2       4.000          4.455                        -0.455
    283       C      2       4.000          4.455                        -0.455
    284       C      2       4.000          4.446                        -0.446
    285       C      2       4.000          4.446                        -0.446
    286       C      2       4.000          4.006                        -0.006
    287       C      2       4.000          4.006                        -0.006
    288       H      1       1.000          0.551                         0.449
    289       H      1       1.000          0.551                         0.449
    290       C      2       4.000          4.470                        -0.470
    291       C      2       4.000          4.470                        -0.470
    292       C      2       4.000          4.781                        -0.781
    293       H      1       1.000          0.553                         0.447
    294       H      1       1.000          0.553                         0.447
    295       H      1       1.000          0.549                         0.451
    296       H      1       1.000          0.549                         0.451

  Total Charge                                                            0.173
 !-----------------------------------------------------------------------------!
  
 -------------------------------------------------------------------------------
 -                                                                             -
 -                          BANDSTRUCTURE CALCULATION                          -
 -                                                                             -
 -------------------------------------------------------------------------------
  
 Number of occupied molecular orbitals (MOs) = Number of occupied bands      484
 Number of unoccupied (= virtual) MOs = Number of unoccupied bands          2860
 Number of Gaussian basis functions for MOs                                 3344
  
 -------------------------------------------------------------------------------
 -                                                                             -
 -                                GW CALCULATION                               -
 -                                                                             -
 -------------------------------------------------------------------------------
  
 Input: Number of time/freq. points                                           30
 Input: ω_max for fitting Σ(iω) (eV)                                        10.0
 Input: Filter threshold for sparse tensor operations                    1.0E-10
 Input: Apply Hedin shift                                                      F
 Detected: Available memory per MPI process                              40.0 GB
 
 Input: RI-RS Tikhonov regularization                                   1.00E-08
 Input: AO grid hard cutoff radius                                        7.00 Å
 Input: MPI ranks per atom in Z_lP solve                                      -1
 Input: Keep sparsity in χ/G/W panels                                          T
 Input: GW flavour                                                          G0W0
 
 Input: RI-RS grid optimization activated                                      T
 Input: Element: H, number of points per atom:                                27
 Input: Element: C, number of points per atom:                                67
 Input: Cutoff radius for atomic clusters                                  3.0 Å
 Input: Maximum grid optimization iterations                                 200
 
 Cutoff radius for the truncated Coulomb operator in RI metric:            7.0 Å
 Regularization parameter of RI                                          0.0E+00
 Regularization parameter of minimax grids                               1.0E-06
  
 Number of auxiliary Gaussian basis functions for χ, ε, W                   7080
  Decoupling Energy:                                              -0.0002010343
 
 SCF direct band gap (eV)                                                   1.56
 Max. SCF eigval diff. (eV)                                               247.06
 E-Range for minimax grid                                                 158.77
 Number of Padé parameters for analytic continuation:                         16
 
 RI-RS basis radii (Å):
     Kind  Elem     r_AO (Å)     r_RI (Å)
        1    H        11.3560        5.9118
        2    C         9.5975        5.7974
 
 Started RI-RS grid optimization
 RI-RS grid optimization completed, execution time:                      200.5 s
 Normalized 3C error:                                                    1.7E-06
 Maximum absolute 3C error:                                              2.0E-02
 Total grid points used for RI-RS:                                         16952
 
 RI-RS grid row-blocks of Φ_μ(r_l)                                           744
 RI-RS grid points per block (max)                                            32
 
 Percentage of non-zero matrix elements in Φ_μ(r_l)                      20.58 %
 
 RI-RS memory estimate per MPI process:
   Available memory per process (system)                                47.70 GB
   Required for Z_lP (dense upper bound; actual is sparser)              0.02 GB
   Required for χ, W, Σ panels (peak per panel step)                     0.14 GB
   Required for Z_lP solve peak (D_local+φ, worst-case atom)             0.42 GB
   Worst-case local-grid number of grid points:                             6082
   Worst-case memory D_local:                                            0.30 GB
 
 Started computing Z_lP
 Per-kind maximum RI-RS sphere cutoff (Å):
   Kind   cutoff (Å)
     H        12.9118
     C        12.7974
 
 Computed Z_lP (MPI rank 0) for atom          1 /  5,    Execution time    0.8 s
 Computed Z_lP (MPI rank 0) for atom          2 /  5,    Execution time    0.7 s
 Computed Z_lP (MPI rank 0) for atom          3 /  5,    Execution time    0.8 s
 Computed Z_lP (MPI rank 0) for atom          4 /  5,    Execution time    0.3 s
 Computed Z_lP (MPI rank 0) for atom          5 /  5,    Execution time    0.4 s
 Computed Z_lP (all MPI ranks) for all atoms,            Execution time    3.2 s

 Memory per MPI process after computing Z_lP:
 Available memory per MPI process                               47.7 GB
 Used memory per MPI process                                     1.8 GB
 Number of batches for χ, Σ matrices                                           1
 
 Percentage of non-zero matrix elements in Z_lP                          36.63 %
 Percentage of non-zero matrix elements in G_ll', χ_ll', W_ll'          100.00 %
 Percentage of non-zero matrix elements in χ_PQ for time point 1        100.00 %
 
 Computed χ(iτ,k=0) for time point            1 / 30,    Execution time    0.5 s
 Computed χ(iτ,k=0) for time point            2 / 30,    Execution time    0.4 s
 Computed χ(iτ,k=0) for time point            3 / 30,    Execution time    0.4 s
 Computed χ(iτ,k=0) for time point            4 / 30,    Execution time    0.4 s
 Computed χ(iτ,k=0) for time point            5 / 30,    Execution time    0.4 s
 Computed χ(iτ,k=0) for time point            6 / 30,    Execution time    0.4 s
 Computed χ(iτ,k=0) for time point            7 / 30,    Execution time    0.4 s
 Computed χ(iτ,k=0) for time point            8 / 30,    Execution time    0.4 s
 Computed χ(iτ,k=0) for time point            9 / 30,    Execution time    0.4 s
 Computed χ(iτ,k=0) for time point           10 / 30,    Execution time    0.4 s
 Computed χ(iτ,k=0) for time point           11 / 30,    Execution time    0.4 s
 Computed χ(iτ,k=0) for time point           12 / 30,    Execution time    0.4 s
 Computed χ(iτ,k=0) for time point           13 / 30,    Execution time    0.4 s
 Computed χ(iτ,k=0) for time point           14 / 30,    Execution time    0.4 s
 Computed χ(iτ,k=0) for time point           15 / 30,    Execution time    0.4 s
 Computed χ(iτ,k=0) for time point           16 / 30,    Execution time    0.4 s
 Computed χ(iτ,k=0) for time point           17 / 30,    Execution time    0.4 s
 Computed χ(iτ,k=0) for time point           18 / 30,    Execution time    0.4 s
 Computed χ(iτ,k=0) for time point           19 / 30,    Execution time    0.4 s
 Computed χ(iτ,k=0) for time point           20 / 30,    Execution time    0.4 s
 Computed χ(iτ,k=0) for time point           21 / 30,    Execution time    0.3 s
 Computed χ(iτ,k=0) for time point           22 / 30,    Execution time    0.3 s
 Computed χ(iτ,k=0) for time point           23 / 30,    Execution time    0.3 s
 Computed χ(iτ,k=0) for time point           24 / 30,    Execution time    0.3 s
 Computed χ(iτ,k=0) for time point           25 / 30,    Execution time    0.3 s
 Computed χ(iτ,k=0) for time point           26 / 30,    Execution time    0.3 s
 Computed χ(iτ,k=0) for time point           27 / 30,    Execution time    0.1 s
 Computed χ(iτ,k=0) for time point           28 / 30,    Execution time    0.1 s
 Computed χ(iτ,k=0) for time point           29 / 30,    Execution time    0.1 s
 Computed χ(iτ,k=0) for time point           30 / 30,    Execution time    0.1 s
 
 Computed W(iτ),                                         Execution time   20.6 s
 Computed W(0),                                          Execution time    0.1 s
 
 Computed Σ^x(k=0),                                      Execution time    0.7 s
 
 Computed Σ^c(iτ) for time point              1 / 30,    Execution time    0.6 s
 Computed Σ^c(iτ) for time point              2 / 30,    Execution time    0.6 s
 Computed Σ^c(iτ) for time point              3 / 30,    Execution time    0.5 s
 Computed Σ^c(iτ) for time point              4 / 30,    Execution time    0.6 s
 Computed Σ^c(iτ) for time point              5 / 30,    Execution time    0.6 s
 Computed Σ^c(iτ) for time point              6 / 30,    Execution time    0.6 s
 Computed Σ^c(iτ) for time point              7 / 30,    Execution time    0.5 s
 Computed Σ^c(iτ) for time point              8 / 30,    Execution time    0.5 s
 Computed Σ^c(iτ) for time point              9 / 30,    Execution time    0.5 s
 Computed Σ^c(iτ) for time point             10 / 30,    Execution time    0.5 s
 Computed Σ^c(iτ) for time point             11 / 30,    Execution time    0.5 s
 Computed Σ^c(iτ) for time point             12 / 30,    Execution time    0.5 s
 Computed Σ^c(iτ) for time point             13 / 30,    Execution time    0.5 s
 Computed Σ^c(iτ) for time point             14 / 30,    Execution time    0.5 s
 Computed Σ^c(iτ) for time point             15 / 30,    Execution time    0.5 s
 Computed Σ^c(iτ) for time point             16 / 30,    Execution time    0.5 s
 Computed Σ^c(iτ) for time point             17 / 30,    Execution time    0.5 s
 Computed Σ^c(iτ) for time point             18 / 30,    Execution time    0.5 s
 Computed Σ^c(iτ) for time point             19 / 30,    Execution time    0.5 s
 Computed Σ^c(iτ) for time point             20 / 30,    Execution time    0.5 s
 Computed Σ^c(iτ) for time point             21 / 30,    Execution time    0.5 s
 Computed Σ^c(iτ) for time point             22 / 30,    Execution time    0.5 s
 Computed Σ^c(iτ) for time point             23 / 30,    Execution time    0.5 s
 Computed Σ^c(iτ) for time point             24 / 30,    Execution time    0.5 s
 Computed Σ^c(iτ) for time point             25 / 30,    Execution time    0.6 s
 Computed Σ^c(iτ) for time point             26 / 30,    Execution time    0.4 s
 Computed Σ^c(iτ) for time point             27 / 30,    Execution time    0.1 s
 Computed Σ^c(iτ) for time point             28 / 30,    Execution time    0.1 s
 Computed Σ^c(iτ) for time point             29 / 30,    Execution time    0.1 s
 Computed Σ^c(iτ) for time point             30 / 30,    Execution time    0.1 s
 
 SCF valence band maximum (eV):                                           -4.616
 SCF conduction band minimum (eV):                                        -3.060
 SCF indirect band gap (eV):                                               1.556
 SCF direct band gap (eV):                                                 1.556
 
 G0W0 valence band maximum (eV):                                          -5.055
 G0W0 conduction band minimum (eV):                                       -1.754
 G0W0 indirect band gap (eV):                                              3.301
 G0W0 direct band gap (eV):                                                3.301
 
 Hartree-Fock with SCF orbitals valence band maximum (eV):                -5.165
 Hartree-Fock with SCF orbitals conduction band minimum (eV)               0.499
 Hartree-Fock with SCF orbitals indirect band gap (eV):                    5.664
 Hartree-Fock with SCF orbitals direct band gap (eV):                      5.664

 ENERGY| Total FORCE_EVAL ( QS ) energy [hartree]          -1317.084172668484825

 *** HINT in emd/rt_bse_linearized.F:440 :: ENFORCE_MAX_DT enabled. ***
 *** Resetting TIMESTEP to          69.9301 as and STEPS to 2860.   ***

 
 /-----------------------------------------------------------------------------\
 |                                                                             |
 |              Linearized Real Time Bethe-Salpeter Propagation                |
 |                                                                             |
 \-----------------------------------------------------------------------------/
 
 Apply delta pulse                                                             T

 Use Tamm-Dancoff                                                              T
 TDA first-peak shift active                                                   F

 Estimated maximum timestep within stability region [as]:                69.9415
 Applied timestep [as]:                                                  69.9301
 Number of propagation steps:                                               2860
 Total propagation time [as]:                                        200000.0000
 Estimated FFT frequency resolution without interpolation [eV]:         0.020678
 Nyquist frequency [eV]:                                               29.570021
 Estimated maximum oscillation frequency (gap-based) [eV]:             26.618006
 GW flavor for computing GW eigenvalues used in RT-BSE:                     G0W0
 Active-window occupied energy cutoff [eV]:                               10.000
 Active-window virtual energy cutoff [eV]:                                10.000
 First active occupied MO index:                                             160
 Last active virtual MO index:                                               977
 Number of active MOs:                                                       818
 Spin 1 first active MO, E - E_HOMO (KS) [eV]:                            -9.984
 Spin 1 last active MO, E - E_LUMO (KS) [eV]:                              9.993
 Spin 1 first active MO, E - E_HOMO (QP) [eV]:                           -10.008
 Spin 1 last active MO, E - E_LUMO (QP) [eV]:                             10.301
 Precomputed RT-BSE RI-RS V_aux kernel,                  Execution time    0.2 s
 
 W0CUT| Cutoff radius, negative = off [angstrom]                         30.0000
 W0CUT| Retained block fraction                                         0.675966
 W0CUT| Retained Frobenius norm                                   1.89986024E+07
 Precomputed RT-BSE RI-RS W0_grid kernel,                Execution time    0.4 s
 
 RTBSE| Applying delta pulse
 RTBSE| Delta pulse elements (a.u.) :   -0.0000E+000  -0.1000E-002  -0.0000E+000
 RTBSE| Metric difference after delta kick                       0.60781366E-002
 RTBSE| Estimated runtime for propagation [s]                           4772.450
 RTBSE|
 RTBSE| Simulation step   Step time [s]                          Electron number
 RTBSE|               0           1.669                               0.650E+003
 RTBSE|               1           1.645                               0.650E+003
 RTBSE|               2           1.577                               0.650E+003
 RTBSE|               3           1.596                               0.650E+003
 RTBSE|               4           1.619                               0.650E+003
 RTBSE|               5           1.637                               0.650E+003
 RTBSE|               6           1.561                               0.650E+003
 RTBSE|               7           1.575                               0.650E+003
 RTBSE|               8           1.600                               0.650E+003
 RTBSE|               9           1.544                               0.650E+003
 RTBSE|              10           1.541                               0.650E+003
 RTBSE|              11           1.565                               0.650E+003
 RTBSE|              12           1.593                               0.650E+003
 RTBSE|              13           1.714                               0.650E+003
 RTBSE|              14           1.666                               0.650E+003
 RTBSE|              15           1.569                               0.650E+003
 RTBSE|              16           1.634                               0.650E+003
 RTBSE|              17           1.585                               0.650E+003
 RTBSE|              18           1.556                               0.650E+003
 RTBSE|              19           1.544                               0.650E+003
 RTBSE|              20           1.587                               0.650E+003
 RTBSE|              21           1.531                               0.650E+003
 RTBSE|              22           1.538                               0.650E+003
 RTBSE|              23           1.549                               0.650E+003
 RTBSE|              24           1.558                               0.650E+003
 RTBSE|              25           1.535                               0.650E+003
 RTBSE|              26           1.699                               0.650E+003
 RTBSE|              27           1.550                               0.650E+003
 RTBSE|              28           1.606                               0.650E+003
 RTBSE|              29           1.569                               0.650E+003
 RTBSE|              30           1.582                               0.650E+003
 RTBSE|              31           1.534                               0.650E+003
 RTBSE|              32           1.592                               0.650E+003
 RTBSE|              33           1.557                               0.650E+003
 RTBSE|              34           1.531                               0.650E+003
 RTBSE|              35           1.773                               0.650E+003
 RTBSE|              36           1.577                               0.650E+003
 RTBSE|              37           1.562                               0.650E+003
 RTBSE|              38           1.543                               0.650E+003
 RTBSE|              39           1.592                               0.650E+003
 RTBSE|              40           1.517                               0.650E+003
 RTBSE|              41           1.553                               0.650E+003
 RTBSE|              42           1.560                               0.650E+003
 RTBSE|              43           1.578                               0.650E+003
 RTBSE|              44           1.602                               0.650E+003
 RTBSE|              45           1.640                               0.650E+003
 RTBSE|              46           1.533                               0.650E+003
 RTBSE|              47           1.592                               0.650E+003
 RTBSE|              48           1.542                               0.650E+003
 RTBSE|              49           1.559                               0.650E+003
 RTBSE|              50           1.593                               0.650E+003
 RTBSE|              51           1.933                               0.650E+003
 RTBSE|              52           1.561                               0.650E+003
 RTBSE|              53           1.597                               0.650E+003
 RTBSE|              54           1.556                               0.650E+003
 RTBSE|              55           1.549                               0.650E+003
 RTBSE|              56           1.538                               0.650E+003
 RTBSE|              57           1.607                               0.650E+003
 RTBSE|              58           1.550                               0.650E+003
 RTBSE|              59           1.560                               0.650E+003
 RTBSE|              60           1.530                               0.650E+003
 RTBSE|              61           1.569                               0.650E+003
 RTBSE|              62           1.549                               0.650E+003
 RTBSE|              63           1.527                               0.650E+003
 RTBSE|              64           1.680                               0.650E+003
 RTBSE|              65           1.573                               0.650E+003
 RTBSE|              66           1.542                               0.650E+003
 RTBSE|              67           1.576                               0.650E+003
 RTBSE|              68           1.574                               0.650E+003
 RTBSE|              69           1.602                               0.650E+003
 RTBSE|              70           1.588                               0.650E+003
 RTBSE|              71           1.517                               0.650E+003
 RTBSE|              72           1.533                               0.650E+003
 RTBSE|              73           1.693                               0.650E+003
 RTBSE|              74           1.579                               0.650E+003
 RTBSE|              75           1.573                               0.650E+003
 RTBSE|              76           1.530                               0.650E+003
 RTBSE|              77           1.557                               0.650E+003
 RTBSE|              78           1.564                               0.650E+003
 RTBSE|              79           1.531                               0.650E+003
 RTBSE|              80           1.532                               0.650E+003
 RTBSE|              81           1.531                               0.650E+003
 RTBSE|              82           1.550                               0.650E+003
 RTBSE|              83           1.583                               0.650E+003
 RTBSE|              84           1.571                               0.650E+003
 RTBSE|              85           1.530                               0.650E+003
 RTBSE|              86           1.543                               0.650E+003
 RTBSE|              87           1.574                               0.650E+003
 RTBSE|              88           1.579                               0.650E+003
 RTBSE|              89           1.756                               0.650E+003
 RTBSE|              90           1.578                               0.650E+003
 RTBSE|              91           1.539                               0.650E+003
 RTBSE|              92           1.657                               0.650E+003
 RTBSE|              93           1.589                               0.650E+003
 RTBSE|              94           1.537                               0.650E+003
 RTBSE|              95           1.535                               0.650E+003
 RTBSE|              96           1.540                               0.650E+003
 RTBSE|              97           1.554                               0.650E+003
 RTBSE|              98           1.583                               0.650E+003
 RTBSE|              99           1.534                               0.650E+003
 RTBSE|             100           1.558                               0.650E+003
 RTBSE|             101           1.577                               0.650E+003
 RTBSE|             102           1.757                               0.650E+003
 RTBSE|             103           1.529                               0.650E+003
 RTBSE|             104           1.549                               0.650E+003
 RTBSE|             105           1.611                               0.650E+003
 RTBSE|             106           1.590                               0.650E+003
 RTBSE|             107           1.587                               0.650E+003
 RTBSE|             108           1.726                               0.650E+003
 RTBSE|             109           1.529                               0.650E+003
 RTBSE|             110           1.524                               0.650E+003
 RTBSE|             111           1.663                               0.650E+003
 RTBSE|             112           1.532                               0.650E+003
 RTBSE|             113           1.529                               0.650E+003
 RTBSE|             114           1.555                               0.650E+003
 RTBSE|             115           1.548                               0.650E+003
 RTBSE|             116           1.607                               0.650E+003
 RTBSE|             117           1.541                               0.650E+003
 RTBSE|             118           1.524                               0.650E+003
 RTBSE|             119           1.571                               0.650E+003
 RTBSE|             120           1.542                               0.650E+003
 RTBSE|             121           1.607                               0.650E+003
 RTBSE|             122           1.539                               0.650E+003
 RTBSE|             123           1.533                               0.650E+003
 RTBSE|             124           1.589                               0.650E+003
 RTBSE|             125           1.546                               0.650E+003
 RTBSE|             126           1.550                               0.650E+003
 RTBSE|             127           1.772                               0.650E+003
 RTBSE|             128           1.617                               0.650E+003
 RTBSE|             129           1.559                               0.650E+003
 RTBSE|             130           1.552                               0.650E+003
 RTBSE|             131           1.590                               0.650E+003
 RTBSE|             132           1.550                               0.650E+003
 RTBSE|             133           1.535                               0.650E+003
 RTBSE|             134           1.538                               0.650E+003
 RTBSE|             135           1.545                               0.650E+003
 RTBSE|             136           1.540                               0.650E+003
 RTBSE|             137           1.597                               0.650E+003
 RTBSE|             138           1.582                               0.650E+003
 RTBSE|             139           1.526                               0.650E+003
 RTBSE|             140           1.712                               0.650E+003
 RTBSE|             141           1.527                               0.650E+003
 RTBSE|             142           1.535                               0.650E+003
 RTBSE|             143           1.538                               0.650E+003
 RTBSE|             144           1.565                               0.650E+003
 RTBSE|             145           1.559                               0.650E+003
 RTBSE|             146           1.552                               0.650E+003
 RTBSE|             147           1.524                               0.650E+003
 RTBSE|             148           1.551                               0.650E+003
 RTBSE|             149           1.795                               0.650E+003
 RTBSE|             150           1.594                               0.650E+003
 RTBSE|             151           1.603                               0.650E+003
 RTBSE|             152           1.606                               0.650E+003
 RTBSE|             153           1.536                               0.650E+003
 RTBSE|             154           1.552                               0.650E+003
 RTBSE|             155           1.555                               0.650E+003
 RTBSE|             156           1.534                               0.650E+003
 RTBSE|             157           1.544                               0.650E+003
 RTBSE|             158           1.544                               0.650E+003
 RTBSE|             159           1.675                               0.650E+003
 RTBSE|             160           1.552                               0.650E+003
 RTBSE|             161           1.555                               0.650E+003
 RTBSE|             162           1.536                               0.650E+003
 RTBSE|             163           1.573                               0.650E+003
 RTBSE|             164           1.687                               0.650E+003
 RTBSE|             165           1.826                               0.650E+003
 RTBSE|             166           1.540                               0.650E+003
 RTBSE|             167           1.616                               0.650E+003
 RTBSE|             168           1.525                               0.650E+003
 RTBSE|             169           1.538                               0.650E+003
 RTBSE|             170           1.597                               0.650E+003
 RTBSE|             171           1.528                               0.650E+003
 RTBSE|             172           1.521                               0.650E+003
 RTBSE|             173           1.523                               0.650E+003
 RTBSE|             174           1.528                               0.650E+003
 RTBSE|             175           1.540                               0.650E+003
 RTBSE|             176           1.547                               0.650E+003
 RTBSE|             177           1.544                               0.650E+003
 RTBSE|             178           1.665                               0.650E+003
 RTBSE|             179           1.532                               0.650E+003
 RTBSE|             180           1.529                               0.650E+003
 RTBSE|             181           1.556                               0.650E+003
 RTBSE|             182           1.679                               0.650E+003
 RTBSE|             183           1.676                               0.650E+003
 RTBSE|             184           1.529                               0.650E+003
 RTBSE|             185           1.529                               0.650E+003
 RTBSE|             186           1.769                               0.650E+003
 RTBSE|             187           1.541                               0.650E+003
 RTBSE|             188           1.551                               0.650E+003
 RTBSE|             189           1.546                               0.650E+003
 RTBSE|             190           1.584                               0.650E+003
 RTBSE|             191           1.587                               0.650E+003
 RTBSE|             192           1.563                               0.650E+003
 RTBSE|             193           1.529                               0.650E+003
 RTBSE|             194           1.584                               0.650E+003
 RTBSE|             195           1.526                               0.650E+003
 RTBSE|             196           1.521                               0.650E+003
 RTBSE|             197           1.582                               0.650E+003
 RTBSE|             198           1.573                               0.650E+003
 RTBSE|             199           1.563                               0.650E+003
 RTBSE|             200           1.527                               0.650E+003
 RTBSE|             201           1.604                               0.650E+003
 RTBSE|             202           1.738                               0.650E+003
 RTBSE|             203           1.526                               0.650E+003
 RTBSE|             204           1.520                               0.650E+003
 RTBSE|             205           1.572                               0.650E+003
 RTBSE|             206           1.578                               0.650E+003
 RTBSE|             207           1.535                               0.650E+003
 RTBSE|             208           1.533                               0.650E+003
 RTBSE|             209           1.523                               0.650E+003
 RTBSE|             210           1.518                               0.650E+003
 RTBSE|             211           1.525                               0.650E+003
 RTBSE|             212           1.521                               0.650E+003
 RTBSE|             213           1.571                               0.650E+003
 RTBSE|             214           1.611                               0.650E+003
 RTBSE|             215           1.565                               0.650E+003
 RTBSE|             216           1.829                               0.650E+003
 RTBSE|             217           1.622                               0.650E+003
 RTBSE|             218           1.531                               0.650E+003
 RTBSE|             219           1.533                               0.650E+003
 RTBSE|             220           1.605                               0.650E+003
 RTBSE|             221           1.793                               0.650E+003
 RTBSE|             222           1.586                               0.650E+003
 RTBSE|             223           1.518                               0.650E+003
 RTBSE|             224           1.652                               0.650E+003
 RTBSE|             225           1.597                               0.650E+003
 RTBSE|             226           1.537                               0.650E+003
 RTBSE|             227           1.528                               0.650E+003
 RTBSE|             228           1.573                               0.650E+003
 RTBSE|             229           1.558                               0.650E+003
 RTBSE|             230           1.518                               0.650E+003
 RTBSE|             231           1.522                               0.650E+003
 RTBSE|             232           1.588                               0.650E+003
 RTBSE|             233           1.536                               0.650E+003
 RTBSE|             234           1.557                               0.650E+003
 RTBSE|             235           1.515                               0.650E+003
 RTBSE|             236           1.532                               0.650E+003
 RTBSE|             237           1.523                               0.650E+003
 RTBSE|             238           1.526                               0.650E+003
 RTBSE|             239           1.542                               0.650E+003
 RTBSE|             240           1.754                               0.650E+003
 RTBSE|             241           1.529                               0.650E+003
 RTBSE|             242           1.520                               0.650E+003
 RTBSE|             243           1.540                               0.650E+003
 RTBSE|             244           1.547                               0.650E+003
 RTBSE|             245           1.624                               0.650E+003
 RTBSE|             246           1.543                               0.650E+003
 RTBSE|             247           1.530                               0.650E+003
 RTBSE|             248           1.541                               0.650E+003
 RTBSE|             249           1.612                               0.650E+003
 RTBSE|             250           1.600                               0.650E+003
 RTBSE|             251           1.556                               0.650E+003
 RTBSE|             252           1.518                               0.650E+003
 RTBSE|             253           1.610                               0.650E+003
 RTBSE|             254           1.728                               0.650E+003
 RTBSE|             255           1.548                               0.650E+003
 RTBSE|             256           1.512                               0.650E+003
 RTBSE|             257           1.523                               0.650E+003
 RTBSE|             258           1.594                               0.650E+003
 RTBSE|             259           1.592                               0.650E+003
 RTBSE|             260           1.549                               0.650E+003
 RTBSE|             261           1.551                               0.650E+003
 RTBSE|             262           1.737                               0.650E+003
 RTBSE|             263           1.526                               0.650E+003
 RTBSE|             264           1.550                               0.650E+003
 RTBSE|             265           1.520                               0.650E+003
 RTBSE|             266           1.530                               0.650E+003
 RTBSE|             267           1.518                               0.650E+003
 RTBSE|             268           1.557                               0.650E+003
 RTBSE|             269           1.524                               0.650E+003
 RTBSE|             270           1.539                               0.650E+003
 RTBSE|             271           1.518                               0.650E+003
 RTBSE|             272           1.529                               0.650E+003
 RTBSE|             273           1.649                               0.650E+003
 RTBSE|             274           1.521                               0.650E+003
 RTBSE|             275           1.522                               0.650E+003
 RTBSE|             276           1.561                               0.650E+003
 RTBSE|             277           1.549                               0.650E+003
 RTBSE|             278           1.841                               0.650E+003
 RTBSE|             279           1.676                               0.650E+003
 RTBSE|             280           1.547                               0.650E+003
 RTBSE|             281           1.578                               0.650E+003
 RTBSE|             282           1.585                               0.650E+003
 RTBSE|             283           1.551                               0.650E+003
 RTBSE|             284           1.531                               0.650E+003
 RTBSE|             285           1.583                               0.650E+003
 RTBSE|             286           1.558                               0.650E+003
 RTBSE|             287           1.520                               0.650E+003
 RTBSE|             288           1.529                               0.650E+003
 RTBSE|             289           1.594                               0.650E+003
 RTBSE|             290           1.535                               0.650E+003
 RTBSE|             291           1.522                               0.650E+003
 RTBSE|             292           1.697                               0.650E+003
 RTBSE|             293           1.601                               0.650E+003
 RTBSE|             294           1.526                               0.650E+003
 RTBSE|             295           1.524                               0.650E+003
 RTBSE|             296           1.577                               0.650E+003
 RTBSE|             297           1.575                               0.650E+003
 RTBSE|             298           1.528                               0.650E+003
 RTBSE|             299           1.520                               0.650E+003
 RTBSE|             300           1.678                               0.650E+003
 RTBSE|             301           1.526                               0.650E+003
 RTBSE|             302           1.535                               0.650E+003
 RTBSE|             303           1.544                               0.650E+003
 RTBSE|             304           1.522                               0.650E+003
 RTBSE|             305           1.521                               0.650E+003
 RTBSE|             306           1.560                               0.650E+003
 RTBSE|             307           1.535                               0.650E+003
 RTBSE|             308           1.575                               0.650E+003
 RTBSE|             309           1.565                               0.650E+003
 RTBSE|             310           1.536                               0.650E+003
 RTBSE|             311           1.538                               0.650E+003
 RTBSE|             312           1.578                               0.650E+003
 RTBSE|             313           1.526                               0.650E+003
 RTBSE|             314           1.522                               0.650E+003
 RTBSE|             315           1.554                               0.650E+003
 RTBSE|             316           1.647                               0.650E+003
 RTBSE|             317           1.722                               0.650E+003
 RTBSE|             318           1.551                               0.650E+003
 RTBSE|             319           1.674                               0.650E+003
 RTBSE|             320           1.554                               0.650E+003
 RTBSE|             321           1.575                               0.650E+003
 RTBSE|             322           1.540                               0.650E+003
 RTBSE|             323           1.543                               0.650E+003
 RTBSE|             324           1.575                               0.650E+003
 RTBSE|             325           1.588                               0.650E+003
 RTBSE|             326           1.524                               0.650E+003
 RTBSE|             327           1.535                               0.650E+003
 RTBSE|             328           1.595                               0.650E+003
 RTBSE|             329           1.537                               0.650E+003
 RTBSE|             330           1.745                               0.650E+003
 RTBSE|             331           1.530                               0.650E+003
 RTBSE|             332           1.525                               0.650E+003
 RTBSE|             333           1.524                               0.650E+003
 RTBSE|             334           1.563                               0.650E+003
 RTBSE|             335           1.627                               0.650E+003
 RTBSE|             336           1.649                               0.650E+003
 RTBSE|             337           1.510                               0.650E+003
 RTBSE|             338           1.704                               0.650E+003
 RTBSE|             339           1.570                               0.650E+003
 RTBSE|             340           1.536                               0.650E+003
 RTBSE|             341           1.520                               0.650E+003
 RTBSE|             342           1.579                               0.650E+003
 RTBSE|             343           1.524                               0.650E+003
 RTBSE|             344           1.553                               0.650E+003
 RTBSE|             345           1.514                               0.650E+003
 RTBSE|             346           1.550                               0.650E+003
 RTBSE|             347           1.539                               0.650E+003
 RTBSE|             348           1.550                               0.650E+003
 RTBSE|             349           1.586                               0.650E+003
 RTBSE|             350           1.652                               0.650E+003
 RTBSE|             351           1.557                               0.650E+003
 RTBSE|             352           1.525                               0.650E+003
 RTBSE|             353           1.583                               0.650E+003
 RTBSE|             354           1.718                               0.650E+003
 RTBSE|             355           1.648                               0.650E+003
 RTBSE|             356           1.597                               0.650E+003
 RTBSE|             357           1.551                               0.650E+003
 RTBSE|             358           1.535                               0.650E+003
 RTBSE|             359           1.598                               0.650E+003
 RTBSE|             360           1.533                               0.650E+003
 RTBSE|             361           1.531                               0.650E+003
 RTBSE|             362           1.526                               0.650E+003
 RTBSE|             363           1.526                               0.650E+003
 RTBSE|             364           1.519                               0.650E+003
 RTBSE|             365           1.538                               0.650E+003
 RTBSE|             366           1.553                               0.650E+003
 RTBSE|             367           1.532                               0.650E+003
 RTBSE|             368           1.703                               0.650E+003
 RTBSE|             369           1.570                               0.650E+003
 RTBSE|             370           1.557                               0.650E+003
 RTBSE|             371           1.547                               0.650E+003
 RTBSE|             372           1.568                               0.650E+003
 RTBSE|             373           1.594                               0.650E+003
 RTBSE|             374           1.554                               0.650E+003
 RTBSE|             375           1.517                               0.650E+003
 RTBSE|             376           1.762                               0.650E+003
 RTBSE|             377           1.527                               0.650E+003
 RTBSE|             378           1.536                               0.650E+003
 RTBSE|             379           1.528                               0.650E+003
 RTBSE|             380           1.585                               0.650E+003
 RTBSE|             381           1.558                               0.650E+003
 RTBSE|             382           1.532                               0.650E+003
 RTBSE|             383           1.570                               0.650E+003
 RTBSE|             384           1.641                               0.650E+003
 RTBSE|             385           1.531                               0.650E+003
 RTBSE|             386           1.539                               0.650E+003
 RTBSE|             387           1.688                               0.650E+003
 RTBSE|             388           1.544                               0.650E+003
 RTBSE|             389           1.530                               0.650E+003
 RTBSE|             390           1.589                               0.650E+003
 RTBSE|             391           1.562                               0.650E+003
 RTBSE|             392           1.869                               0.650E+003
 RTBSE|             393           1.627                               0.650E+003
 RTBSE|             394           1.525                               0.650E+003
 RTBSE|             395           1.541                               0.650E+003
 RTBSE|             396           1.525                               0.650E+003
 RTBSE|             397           1.527                               0.650E+003
 RTBSE|             398           1.529                               0.650E+003
 RTBSE|             399           1.524                               0.650E+003
 RTBSE|             400           1.584                               0.650E+003
 RTBSE|             401           1.556                               0.650E+003
 RTBSE|             402           1.571                               0.650E+003
 RTBSE|             403           1.550                               0.650E+003
 RTBSE|             404           1.558                               0.650E+003
 RTBSE|             405           1.518                               0.650E+003
 RTBSE|             406           1.829                               0.650E+003
 RTBSE|             407           1.531                               0.650E+003
 RTBSE|             408           1.510                               0.650E+003
 RTBSE|             409           1.521                               0.650E+003
 RTBSE|             410           1.571                               0.650E+003
 RTBSE|             411           1.612                               0.650E+003
 RTBSE|             412           1.588                               0.650E+003
 RTBSE|             413           1.525                               0.650E+003
 RTBSE|             414           1.684                               0.650E+003
 RTBSE|             415           1.602                               0.650E+003
 RTBSE|             416           1.606                               0.650E+003
 RTBSE|             417           1.657                               0.650E+003
 RTBSE|             418           1.536                               0.650E+003
 RTBSE|             419           1.538                               0.650E+003
 RTBSE|             420           1.604                               0.650E+003
 RTBSE|             421           1.523                               0.650E+003
 RTBSE|             422           1.533                               0.650E+003
 RTBSE|             423           1.539                               0.650E+003
 RTBSE|             424           1.527                               0.650E+003
 RTBSE|             425           1.526                               0.650E+003
 RTBSE|             426           1.539                               0.650E+003
 RTBSE|             427           1.528                               0.650E+003
 RTBSE|             428           1.528                               0.650E+003
 RTBSE|             429           1.540                               0.650E+003
 RTBSE|             430           1.656                               0.650E+003
 RTBSE|             431           1.667                               0.650E+003
 RTBSE|             432           1.583                               0.650E+003
 RTBSE|             433           1.634                               0.650E+003
 RTBSE|             434           1.523                               0.650E+003
 RTBSE|             435           1.574                               0.650E+003
 RTBSE|             436           1.535                               0.650E+003
 RTBSE|             437           1.524                               0.650E+003
 RTBSE|             438           1.535                               0.650E+003
 RTBSE|             439           1.533                               0.650E+003
 RTBSE|             440           1.528                               0.650E+003
 RTBSE|             441           1.560                               0.650E+003
 RTBSE|             442           1.554                               0.650E+003
 RTBSE|             443           1.572                               0.650E+003
 RTBSE|             444           1.822                               0.650E+003
 RTBSE|             445           1.520                               0.650E+003
 RTBSE|             446           1.542                               0.650E+003
 RTBSE|             447           1.576                               0.650E+003
 RTBSE|             448           1.559                               0.650E+003
 RTBSE|             449           1.733                               0.650E+003
 RTBSE|             450           1.670                               0.650E+003
 RTBSE|             451           1.600                               0.650E+003
 RTBSE|             452           1.702                               0.650E+003
 RTBSE|             453           1.540                               0.650E+003
 RTBSE|             454           1.573                               0.650E+003
 RTBSE|             455           1.541                               0.650E+003
 RTBSE|             456           1.525                               0.650E+003
 RTBSE|             457           1.514                               0.650E+003
 RTBSE|             458           1.560                               0.650E+003
 RTBSE|             459           1.534                               0.650E+003
 RTBSE|             460           1.549                               0.650E+003
 RTBSE|             461           1.545                               0.650E+003
 RTBSE|             462           1.575                               0.650E+003
 RTBSE|             463           1.594                               0.650E+003
 RTBSE|             464           1.518                               0.650E+003
 RTBSE|             465           1.527                               0.650E+003
 RTBSE|             466           1.579                               0.650E+003
 RTBSE|             467           1.538                               0.650E+003
 RTBSE|             468           1.778                               0.650E+003
 RTBSE|             469           1.526                               0.650E+003
 RTBSE|             470           1.526                               0.650E+003
 RTBSE|             471           1.547                               0.650E+003
 RTBSE|             472           1.523                               0.650E+003
 RTBSE|             473           1.554                               0.650E+003
 RTBSE|             474           1.560                               0.650E+003
 RTBSE|             475           1.570                               0.650E+003
 RTBSE|             476           1.525                               0.650E+003
 RTBSE|             477           1.533                               0.650E+003
 RTBSE|             478           1.555                               0.650E+003
 RTBSE|             479           1.554                               0.650E+003
 RTBSE|             480           1.547                               0.650E+003
 RTBSE|             481           1.540                               0.650E+003
 RTBSE|             482           1.716                               0.650E+003
 RTBSE|             483           1.529                               0.650E+003
 RTBSE|             484           1.575                               0.650E+003
 RTBSE|             485           1.614                               0.650E+003
 RTBSE|             486           1.573                               0.650E+003
 RTBSE|             487           1.580                               0.650E+003
 RTBSE|             488           1.564                               0.650E+003
 RTBSE|             489           1.521                               0.650E+003
 RTBSE|             490           1.756                               0.650E+003
 RTBSE|             491           1.533                               0.650E+003
 RTBSE|             492           1.570                               0.650E+003
 RTBSE|             493           1.601                               0.650E+003
 RTBSE|             494           1.559                               0.650E+003
 RTBSE|             495           1.529                               0.650E+003
 RTBSE|             496           1.536                               0.650E+003
 RTBSE|             497           1.596                               0.650E+003
 RTBSE|             498           1.535                               0.650E+003
 RTBSE|             499           1.528                               0.650E+003
 RTBSE|             500           1.528                               0.650E+003
 RTBSE|             501           1.636                               0.650E+003
 RTBSE|             502           1.533                               0.650E+003
 RTBSE|             503           1.520                               0.650E+003
 RTBSE|             504           1.530                               0.650E+003
 RTBSE|             505           1.549                               0.650E+003
 RTBSE|             506           1.928                               0.650E+003
 RTBSE|             507           1.639                               0.650E+003
 RTBSE|             508           1.527                               0.650E+003
 RTBSE|             509           1.572                               0.650E+003
 RTBSE|             510           1.533                               0.650E+003
 RTBSE|             511           1.547                               0.650E+003
 RTBSE|             512           1.607                               0.650E+003
 RTBSE|             513           1.540                               0.650E+003
 RTBSE|             514           1.529                               0.650E+003
 RTBSE|             515           1.540                               0.650E+003
 RTBSE|             516           1.588                               0.650E+003
 RTBSE|             517           1.561                               0.650E+003
 RTBSE|             518           1.582                               0.650E+003
 RTBSE|             519           1.562                               0.650E+003
 RTBSE|             520           1.676                               0.650E+003
 RTBSE|             521           1.571                               0.650E+003
 RTBSE|             522           1.532                               0.650E+003
 RTBSE|             523           1.589                               0.650E+003
 RTBSE|             524           1.601                               0.650E+003
 RTBSE|             525           1.573                               0.650E+003
 RTBSE|             526           1.524                               0.650E+003
 RTBSE|             527           1.576                               0.650E+003
 RTBSE|             528           1.664                               0.650E+003
 RTBSE|             529           1.528                               0.650E+003
 RTBSE|             530           1.545                               0.650E+003
 RTBSE|             531           1.530                               0.650E+003
 RTBSE|             532           1.529                               0.650E+003
 RTBSE|             533           1.524                               0.650E+003
 RTBSE|             534           1.545                               0.650E+003
 RTBSE|             535           1.538                               0.650E+003
 RTBSE|             536           1.533                               0.650E+003
 RTBSE|             537           1.584                               0.650E+003
 RTBSE|             538           1.566                               0.650E+003
 RTBSE|             539           1.572                               0.650E+003
 RTBSE|             540           1.534                               0.650E+003
 RTBSE|             541           1.555                               0.650E+003
 RTBSE|             542           1.526                               0.650E+003
 RTBSE|             543           1.559                               0.650E+003
 RTBSE|             544           1.795                               0.650E+003
 RTBSE|             545           1.586                               0.650E+003
 RTBSE|             546           1.530                               0.650E+003
 RTBSE|             547           1.662                               0.650E+003
 RTBSE|             548           1.584                               0.650E+003
 RTBSE|             549           1.541                               0.650E+003
 RTBSE|             550           1.544                               0.650E+003
 RTBSE|             551           1.537                               0.650E+003
 RTBSE|             552           1.555                               0.650E+003
 RTBSE|             553           1.595                               0.650E+003
 RTBSE|             554           1.555                               0.650E+003
 RTBSE|             555           1.595                               0.650E+003
 RTBSE|             556           1.651                               0.650E+003
 RTBSE|             557           1.528                               0.650E+003
 RTBSE|             558           1.769                               0.650E+003
 RTBSE|             559           1.571                               0.650E+003
 RTBSE|             560           1.522                               0.650E+003
 RTBSE|             561           1.580                               0.650E+003
 RTBSE|             562           1.531                               0.650E+003
 RTBSE|             563           1.728                               0.650E+003
 RTBSE|             564           1.538                               0.650E+003
 RTBSE|             565           1.536                               0.650E+003
 RTBSE|             566           1.644                               0.650E+003
 RTBSE|             567           1.544                               0.650E+003
 RTBSE|             568           1.613                               0.650E+003
 RTBSE|             569           1.557                               0.650E+003
 RTBSE|             570           1.535                               0.650E+003
 RTBSE|             571           1.538                               0.650E+003
 RTBSE|             572           1.595                               0.650E+003
 RTBSE|             573           1.533                               0.650E+003
 RTBSE|             574           1.559                               0.650E+003
 RTBSE|             575           1.593                               0.650E+003
 RTBSE|             576           1.605                               0.650E+003
 RTBSE|             577           1.528                               0.650E+003
 RTBSE|             578           1.528                               0.650E+003
 RTBSE|             579           1.597                               0.650E+003
 RTBSE|             580           1.555                               0.650E+003
 RTBSE|             581           1.535                               0.650E+003
 RTBSE|             582           1.783                               0.650E+003
 RTBSE|             583           1.529                               0.650E+003
 RTBSE|             584           1.532                               0.650E+003
 RTBSE|             585           1.643                               0.650E+003
 RTBSE|             586           1.632                               0.650E+003
 RTBSE|             587           1.601                               0.650E+003
 RTBSE|             588           1.533                               0.650E+003
 RTBSE|             589           1.637                               0.650E+003
 RTBSE|             590           1.528                               0.650E+003
 RTBSE|             591           1.525                               0.650E+003
 RTBSE|             592           1.524                               0.650E+003
 RTBSE|             593           1.552                               0.650E+003
 RTBSE|             594           1.528                               0.650E+003
 RTBSE|             595           1.673                               0.650E+003
 RTBSE|             596           1.554                               0.650E+003
 RTBSE|             597           1.535                               0.650E+003
 RTBSE|             598           1.520                               0.650E+003
 RTBSE|             599           1.603                               0.650E+003
 RTBSE|             600           1.577                               0.650E+003
 RTBSE|             601           1.590                               0.650E+003
 RTBSE|             602           1.534                               0.650E+003
 RTBSE|             603           1.567                               0.650E+003
 RTBSE|             604           1.780                               0.650E+003
 RTBSE|             605           1.564                               0.650E+003
 RTBSE|             606           1.585                               0.650E+003
 RTBSE|             607           1.602                               0.650E+003
 RTBSE|             608           1.540                               0.650E+003
 RTBSE|             609           1.548                               0.650E+003
 RTBSE|             610           1.576                               0.650E+003
 RTBSE|             611           1.535                               0.650E+003
 RTBSE|             612           1.540                               0.650E+003
 RTBSE|             613           1.532                               0.650E+003
 RTBSE|             614           1.564                               0.650E+003
 RTBSE|             615           1.626                               0.650E+003
 RTBSE|             616           1.542                               0.650E+003
 RTBSE|             617           1.549                               0.650E+003
 RTBSE|             618           1.638                               0.650E+003
 RTBSE|             619           1.668                               0.650E+003
 RTBSE|             620           1.909                               0.650E+003
 RTBSE|             621           1.563                               0.650E+003
 RTBSE|             622           1.555                               0.650E+003
 RTBSE|             623           1.593                               0.650E+003
 RTBSE|             624           1.539                               0.650E+003
 RTBSE|             625           1.529                               0.650E+003
 RTBSE|             626           1.534                               0.650E+003
 RTBSE|             627           1.528                               0.650E+003
 RTBSE|             628           1.533                               0.650E+003
 RTBSE|             629           1.531                               0.650E+003
 RTBSE|             630           1.580                               0.650E+003
 RTBSE|             631           1.599                               0.650E+003
 RTBSE|             632           1.565                               0.650E+003
 RTBSE|             633           1.703                               0.650E+003
 RTBSE|             634           1.596                               0.650E+003
 RTBSE|             635           1.527                               0.650E+003
 RTBSE|             636           1.554                               0.650E+003
 RTBSE|             637           1.591                               0.650E+003
 RTBSE|             638           1.608                               0.650E+003
 RTBSE|             639           1.552                               0.650E+003
 RTBSE|             640           1.525                               0.650E+003
 RTBSE|             641           1.701                               0.650E+003
 RTBSE|             642           1.563                               0.650E+003
 RTBSE|             643           1.535                               0.650E+003
 RTBSE|             644           1.539                               0.650E+003
 RTBSE|             645           1.532                               0.650E+003
 RTBSE|             646           1.530                               0.650E+003
 RTBSE|             647           1.578                               0.650E+003
 RTBSE|             648           1.541                               0.650E+003
 RTBSE|             649           1.571                               0.650E+003
 RTBSE|             650           1.579                               0.650E+003
 RTBSE|             651           1.549                               0.650E+003
 RTBSE|             652           1.556                               0.650E+003
 RTBSE|             653           1.577                               0.650E+003
 RTBSE|             654           1.602                               0.650E+003
 RTBSE|             655           1.568                               0.650E+003
 RTBSE|             656           1.547                               0.650E+003
 RTBSE|             657           1.760                               0.650E+003
 RTBSE|             658           1.668                               0.650E+003
 RTBSE|             659           1.538                               0.650E+003
 RTBSE|             660           1.633                               0.650E+003
 RTBSE|             661           1.608                               0.650E+003
 RTBSE|             662           1.571                               0.650E+003
 RTBSE|             663           1.564                               0.650E+003
 RTBSE|             664           1.551                               0.650E+003
 RTBSE|             665           1.583                               0.650E+003
 RTBSE|             666           1.530                               0.650E+003
 RTBSE|             667           1.537                               0.650E+003
 RTBSE|             668           1.592                               0.650E+003
 RTBSE|             669           1.600                               0.650E+003
 RTBSE|             670           1.535                               0.650E+003
 RTBSE|             671           1.728                               0.650E+003
 RTBSE|             672           1.602                               0.650E+003
 RTBSE|             673           1.531                               0.650E+003
 RTBSE|             674           1.531                               0.650E+003
 RTBSE|             675           1.564                               0.650E+003
 RTBSE|             676           1.643                               0.650E+003
 RTBSE|             677           1.638                               0.650E+003
 RTBSE|             678           1.545                               0.650E+003
 RTBSE|             679           1.751                               0.650E+003
 RTBSE|             680           1.547                               0.650E+003
 RTBSE|             681           1.531                               0.650E+003
 RTBSE|             682           1.591                               0.650E+003
 RTBSE|             683           1.532                               0.650E+003
 RTBSE|             684           1.538                               0.650E+003
 RTBSE|             685           1.568                               0.650E+003
 RTBSE|             686           1.609                               0.650E+003
 RTBSE|             687           1.582                               0.650E+003
 RTBSE|             688           1.570                               0.650E+003
 RTBSE|             689           1.535                               0.650E+003
 RTBSE|             690           1.588                               0.650E+003
 RTBSE|             691           1.530                               0.650E+003
 RTBSE|             692           1.545                               0.650E+003
 RTBSE|             693           1.609                               0.650E+003
 RTBSE|             694           1.563                               0.650E+003
 RTBSE|             695           1.676                               0.650E+003
 RTBSE|             696           1.731                               0.650E+003
 RTBSE|             697           1.547                               0.650E+003
 RTBSE|             698           1.569                               0.650E+003
 RTBSE|             699           1.590                               0.650E+003
 RTBSE|             700           1.586                               0.650E+003
 RTBSE|             701           1.572                               0.650E+003
 RTBSE|             702           1.546                               0.650E+003
 RTBSE|             703           1.583                               0.650E+003
 RTBSE|             704           1.532                               0.650E+003
 RTBSE|             705           1.531                               0.650E+003
 RTBSE|             706           1.569                               0.650E+003
 RTBSE|             707           1.554                               0.650E+003
 RTBSE|             708           1.533                               0.650E+003
 RTBSE|             709           1.693                               0.650E+003
 RTBSE|             710           1.595                               0.650E+003
 RTBSE|             711           1.548                               0.650E+003
 RTBSE|             712           1.584                               0.650E+003
 RTBSE|             713           1.542                               0.650E+003
 RTBSE|             714           1.629                               0.650E+003
 RTBSE|             715           1.539                               0.650E+003
 RTBSE|             716           1.546                               0.650E+003
 RTBSE|             717           1.741                               0.650E+003
 RTBSE|             718           1.539                               0.650E+003
 RTBSE|             719           1.571                               0.650E+003
 RTBSE|             720           1.587                               0.650E+003
 RTBSE|             721           1.565                               0.650E+003
 RTBSE|             722           1.528                               0.650E+003
 RTBSE|             723           1.635                               0.650E+003
 RTBSE|             724           1.554                               0.650E+003
 RTBSE|             725           1.599                               0.650E+003
 RTBSE|             726           1.544                               0.650E+003
 RTBSE|             727           1.528                               0.650E+003
 RTBSE|             728           1.696                               0.650E+003
 RTBSE|             729           1.540                               0.650E+003
 RTBSE|             730           1.543                               0.650E+003
 RTBSE|             731           1.600                               0.650E+003
 RTBSE|             732           1.597                               0.650E+003
 RTBSE|             733           1.916                               0.650E+003
 RTBSE|             734           1.597                               0.650E+003
 RTBSE|             735           1.545                               0.650E+003
 RTBSE|             736           1.573                               0.650E+003
 RTBSE|             737           1.544                               0.650E+003
 RTBSE|             738           1.543                               0.650E+003
 RTBSE|             739           1.555                               0.650E+003
 RTBSE|             740           1.594                               0.650E+003
 RTBSE|             741           1.551                               0.650E+003
 RTBSE|             742           1.546                               0.650E+003
 RTBSE|             743           1.535                               0.650E+003
 RTBSE|             744           1.621                               0.650E+003
 RTBSE|             745           1.541                               0.650E+003
 RTBSE|             746           1.679                               0.650E+003
 RTBSE|             747           1.555                               0.650E+003
 RTBSE|             748           1.536                               0.650E+003
 RTBSE|             749           1.546                               0.650E+003
 RTBSE|             750           1.587                               0.650E+003
 RTBSE|             751           1.568                               0.650E+003
 RTBSE|             752           1.582                               0.650E+003
 RTBSE|             753           1.609                               0.650E+003
 RTBSE|             754           1.562                               0.650E+003
 RTBSE|             755           1.738                               0.650E+003
 RTBSE|             756           1.603                               0.650E+003
 RTBSE|             757           1.616                               0.650E+003
 RTBSE|             758           1.545                               0.650E+003
 RTBSE|             759           1.573                               0.650E+003
 RTBSE|             760           1.546                               0.650E+003
 RTBSE|             761           1.532                               0.650E+003
 RTBSE|             762           1.589                               0.650E+003
 RTBSE|             763           1.581                               0.650E+003
 RTBSE|             764           1.582                               0.650E+003
 RTBSE|             765           1.565                               0.650E+003
 RTBSE|             766           1.604                               0.650E+003
 RTBSE|             767           1.538                               0.650E+003
 RTBSE|             768           1.531                               0.650E+003
 RTBSE|             769           1.540                               0.650E+003
 RTBSE|             770           1.648                               0.650E+003
 RTBSE|             771           1.693                               0.650E+003
 RTBSE|             772           1.611                               0.650E+003
 RTBSE|             773           1.561                               0.650E+003
 RTBSE|             774           1.656                               0.650E+003
 RTBSE|             775           1.597                               0.650E+003
 RTBSE|             776           1.541                               0.650E+003
 RTBSE|             777           1.535                               0.650E+003
 RTBSE|             778           1.539                               0.650E+003
 RTBSE|             779           1.541                               0.650E+003
 RTBSE|             780           1.532                               0.650E+003
 RTBSE|             781           1.550                               0.650E+003
 RTBSE|             782           1.572                               0.650E+003
 RTBSE|             783           1.549                               0.650E+003
 RTBSE|             784           1.696                               0.650E+003
 RTBSE|             785           1.605                               0.650E+003
 RTBSE|             786           1.583                               0.650E+003
 RTBSE|             787           1.651                               0.650E+003
 RTBSE|             788           1.654                               0.650E+003
 RTBSE|             789           1.789                               0.650E+003
 RTBSE|             790           1.603                               0.650E+003
 RTBSE|             791           1.566                               0.650E+003
 RTBSE|             792           1.689                               0.650E+003
 RTBSE|             793           1.601                               0.650E+003
 RTBSE|             794           1.580                               0.650E+003
 RTBSE|             795           1.546                               0.650E+003
 RTBSE|             796           1.534                               0.650E+003
 RTBSE|             797           1.595                               0.650E+003
 RTBSE|             798           1.555                               0.650E+003
 RTBSE|             799           1.538                               0.650E+003
 RTBSE|             800           1.544                               0.650E+003
 RTBSE|             801           1.554                               0.650E+003
 RTBSE|             802           1.574                               0.650E+003
 RTBSE|             803           1.595                               0.650E+003
 RTBSE|             804           1.542                               0.650E+003
 RTBSE|             805           1.529                               0.650E+003
 RTBSE|             806           1.574                               0.650E+003
 RTBSE|             807           1.547                               0.650E+003
 RTBSE|             808           1.774                               0.650E+003
 RTBSE|             809           1.525                               0.650E+003
 RTBSE|             810           1.534                               0.650E+003
 RTBSE|             811           1.550                               0.650E+003
 RTBSE|             812           1.527                               0.650E+003
 RTBSE|             813           1.548                               0.650E+003
 RTBSE|             814           1.534                               0.650E+003
 RTBSE|             815           1.531                               0.650E+003
 RTBSE|             816           1.527                               0.650E+003
 RTBSE|             817           1.524                               0.650E+003
 RTBSE|             818           1.530                               0.650E+003
 RTBSE|             819           1.611                               0.650E+003
 RTBSE|             820           1.588                               0.650E+003
 RTBSE|             821           1.615                               0.650E+003
 RTBSE|             822           1.695                               0.650E+003
 RTBSE|             823           1.588                               0.650E+003
 RTBSE|             824           1.576                               0.650E+003
 RTBSE|             825           1.602                               0.650E+003
 RTBSE|             826           1.606                               0.650E+003
 RTBSE|             827           1.584                               0.650E+003
 RTBSE|             828           1.538                               0.650E+003
 RTBSE|             829           1.594                               0.650E+003
 RTBSE|             830           1.764                               0.650E+003
 RTBSE|             831           1.528                               0.650E+003
 RTBSE|             832           1.609                               0.650E+003
 RTBSE|             833           1.586                               0.650E+003
 RTBSE|             834           1.578                               0.650E+003
 RTBSE|             835           1.545                               0.650E+003
 RTBSE|             836           1.593                               0.650E+003
 RTBSE|             837           1.531                               0.650E+003
 RTBSE|             838           1.541                               0.650E+003
 RTBSE|             839           1.545                               0.650E+003
 RTBSE|             840           1.537                               0.650E+003
 RTBSE|             841           1.625                               0.650E+003
 RTBSE|             842           1.534                               0.650E+003
 RTBSE|             843           1.542                               0.650E+003
 RTBSE|             844           1.529                               0.650E+003
 RTBSE|             845           1.533                               0.650E+003
 RTBSE|             846           1.937                               0.650E+003
 RTBSE|             847           1.534                               0.650E+003
 RTBSE|             848           1.531                               0.650E+003
 RTBSE|             849           1.581                               0.650E+003
 RTBSE|             850           1.588                               0.650E+003
 RTBSE|             851           1.603                               0.650E+003
 RTBSE|             852           1.555                               0.650E+003
 RTBSE|             853           1.578                               0.650E+003
 RTBSE|             854           1.621                               0.650E+003
 RTBSE|             855           1.568                               0.650E+003
 RTBSE|             856           1.571                               0.650E+003
 RTBSE|             857           1.672                               0.650E+003
 RTBSE|             858           1.576                               0.650E+003
 RTBSE|             859           1.531                               0.650E+003
 RTBSE|             860           1.707                               0.650E+003
 RTBSE|             861           1.539                               0.650E+003
 RTBSE|             862           1.554                               0.650E+003
 RTBSE|             863           1.603                               0.650E+003
 RTBSE|             864           1.593                               0.650E+003
 RTBSE|             865           1.567                               0.650E+003
 RTBSE|             866           1.532                               0.650E+003
 RTBSE|             867           1.571                               0.650E+003
 RTBSE|             868           1.677                               0.650E+003
 RTBSE|             869           1.543                               0.650E+003
 RTBSE|             870           1.539                               0.650E+003
 RTBSE|             871           1.550                               0.650E+003
 RTBSE|             872           1.531                               0.650E+003
 RTBSE|             873           1.551                               0.650E+003
 RTBSE|             874           1.536                               0.650E+003
 RTBSE|             875           1.537                               0.650E+003
 RTBSE|             876           1.545                               0.650E+003
 RTBSE|             877           1.540                               0.650E+003
 RTBSE|             878           1.544                               0.650E+003
 RTBSE|             879           1.547                               0.650E+003
 RTBSE|             880           1.540                               0.650E+003
 RTBSE|             881           1.530                               0.650E+003
 RTBSE|             882           1.587                               0.650E+003
 RTBSE|             883           1.662                               0.650E+003
 RTBSE|             884           1.674                               0.650E+003
 RTBSE|             885           1.533                               0.650E+003
 RTBSE|             886           1.625                               0.650E+003
 RTBSE|             887           1.679                               0.650E+003
 RTBSE|             888           1.630                               0.650E+003
 RTBSE|             889           1.612                               0.650E+003
 RTBSE|             890           1.541                               0.650E+003
 RTBSE|             891           1.571                               0.650E+003
 RTBSE|             892           1.615                               0.650E+003
 RTBSE|             893           1.534                               0.650E+003
 RTBSE|             894           1.551                               0.650E+003
 RTBSE|             895           1.571                               0.650E+003
 RTBSE|             896           1.569                               0.650E+003
 RTBSE|             897           1.561                               0.650E+003
 RTBSE|             898           1.770                               0.650E+003
 RTBSE|             899           1.539                               0.650E+003
 RTBSE|             900           1.540                               0.650E+003
 RTBSE|             901           1.551                               0.650E+003
 RTBSE|             902           1.674                               0.650E+003
 RTBSE|             903           1.648                               0.650E+003
 RTBSE|             904           1.540                               0.650E+003
 RTBSE|             905           1.540                               0.650E+003
 RTBSE|             906           1.675                               0.650E+003
 RTBSE|             907           1.552                               0.650E+003
 RTBSE|             908           1.544                               0.650E+003
 RTBSE|             909           1.546                               0.650E+003
 RTBSE|             910           1.540                               0.650E+003
 RTBSE|             911           1.559                               0.650E+003
 RTBSE|             912           1.530                               0.650E+003
 RTBSE|             913           1.592                               0.650E+003
 RTBSE|             914           1.589                               0.650E+003
 RTBSE|             915           1.555                               0.650E+003
 RTBSE|             916           1.557                               0.650E+003
 RTBSE|             917           1.601                               0.650E+003
 RTBSE|             918           1.538                               0.650E+003
 RTBSE|             919           1.535                               0.650E+003
 RTBSE|             920           1.608                               0.650E+003
 RTBSE|             921           1.801                               0.650E+003
 RTBSE|             922           1.599                               0.650E+003
 RTBSE|             923           1.533                               0.650E+003
 RTBSE|             924           1.598                               0.650E+003
 RTBSE|             925           1.677                               0.650E+003
 RTBSE|             926           1.634                               0.650E+003
 RTBSE|             927           1.536                               0.650E+003
 RTBSE|             928           1.543                               0.650E+003
 RTBSE|             929           1.557                               0.650E+003
 RTBSE|             930           1.541                               0.650E+003
 RTBSE|             931           1.536                               0.650E+003
 RTBSE|             932           1.567                               0.650E+003
 RTBSE|             933           1.540                               0.650E+003
 RTBSE|             934           1.540                               0.650E+003
 RTBSE|             935           1.683                               0.650E+003
 RTBSE|             936           1.541                               0.650E+003
 RTBSE|             937           1.537                               0.650E+003
 RTBSE|             938           1.534                               0.650E+003
 RTBSE|             939           1.573                               0.650E+003
 RTBSE|             940           1.561                               0.650E+003
 RTBSE|             941           1.536                               0.650E+003
 RTBSE|             942           1.538                               0.650E+003
 RTBSE|             943           1.532                               0.650E+003
 RTBSE|             944           1.788                               0.650E+003
 RTBSE|             945           1.590                               0.650E+003
 RTBSE|             946           1.569                               0.650E+003
 RTBSE|             947           1.558                               0.650E+003
 RTBSE|             948           1.531                               0.650E+003
 RTBSE|             949           1.590                               0.650E+003
 RTBSE|             950           1.534                               0.650E+003
 RTBSE|             951           1.545                               0.650E+003
 RTBSE|             952           1.558                               0.650E+003
 RTBSE|             953           1.614                               0.650E+003
 RTBSE|             954           1.681                               0.650E+003
 RTBSE|             955           1.603                               0.650E+003
 RTBSE|             956           1.700                               0.650E+003
 RTBSE|             957           1.567                               0.650E+003
 RTBSE|             958           1.627                               0.650E+003
 RTBSE|             959           1.922                               0.650E+003
 RTBSE|             960           1.529                               0.650E+003
 RTBSE|             961           1.546                               0.650E+003
 RTBSE|             962           1.567                               0.650E+003
 RTBSE|             963           1.549                               0.650E+003
 RTBSE|             964           1.550                               0.650E+003
 RTBSE|             965           1.553                               0.650E+003
 RTBSE|             966           1.530                               0.650E+003
 RTBSE|             967           1.529                               0.650E+003
 RTBSE|             968           1.538                               0.650E+003
 RTBSE|             969           1.530                               0.650E+003
 RTBSE|             970           1.568                               0.650E+003
 RTBSE|             971           1.542                               0.650E+003
 RTBSE|             972           1.534                               0.650E+003
 RTBSE|             973           1.680                               0.650E+003
 RTBSE|             974           1.545                               0.650E+003
 RTBSE|             975           1.547                               0.650E+003
 RTBSE|             976           1.627                               0.650E+003
 RTBSE|             977           1.623                               0.650E+003
 RTBSE|             978           1.560                               0.650E+003
 RTBSE|             979           1.531                               0.650E+003
 RTBSE|             980           1.592                               0.650E+003
 RTBSE|             981           1.668                               0.650E+003
 RTBSE|             982           1.538                               0.650E+003
 RTBSE|             983           1.535                               0.650E+003
 RTBSE|             984           1.599                               0.650E+003
 RTBSE|             985           1.581                               0.650E+003
 RTBSE|             986           1.580                               0.650E+003
 RTBSE|             987           1.604                               0.650E+003
 RTBSE|             988           1.700                               0.650E+003
 RTBSE|             989           1.595                               0.650E+003
 RTBSE|             990           1.583                               0.650E+003
 RTBSE|             991           1.610                               0.650E+003
 RTBSE|             992           1.637                               0.650E+003
 RTBSE|             993           1.544                               0.650E+003
 RTBSE|             994           1.536                               0.650E+003
 RTBSE|             995           1.541                               0.650E+003
 RTBSE|             996           1.675                               0.650E+003
 RTBSE|             997           1.668                               0.650E+003
 RTBSE|             998           1.545                               0.650E+003
 RTBSE|             999           1.545                               0.650E+003
 RTBSE|            1000           1.660                               0.650E+003
 RTBSE|            1001           1.561                               0.650E+003
 RTBSE|            1002           1.546                               0.650E+003
 RTBSE|            1003           1.552                               0.650E+003
 RTBSE|            1004           1.536                               0.650E+003
 RTBSE|            1005           1.544                               0.650E+003
 RTBSE|            1006           1.537                               0.650E+003
 RTBSE|            1007           1.604                               0.650E+003
 RTBSE|            1008           1.628                               0.650E+003
 RTBSE|            1009           1.583                               0.650E+003
 RTBSE|            1010           1.541                               0.650E+003
 RTBSE|            1011           1.803                               0.650E+003
 RTBSE|            1012           1.542                               0.650E+003
 RTBSE|            1013           1.551                               0.650E+003
 RTBSE|            1014           1.569                               0.650E+003
 RTBSE|            1015           1.654                               0.650E+003
 RTBSE|            1016           1.703                               0.650E+003
 RTBSE|            1017           1.596                               0.650E+003
 RTBSE|            1018           1.612                               0.650E+003
 RTBSE|            1019           1.722                               0.650E+003
 RTBSE|            1020           1.568                               0.650E+003
 RTBSE|            1021           1.622                               0.650E+003
 RTBSE|            1022           1.557                               0.650E+003
 RTBSE|            1023           1.547                               0.650E+003
 RTBSE|            1024           1.565                               0.650E+003
 RTBSE|            1025           1.568                               0.650E+003
 RTBSE|            1026           1.554                               0.650E+003
 RTBSE|            1027           1.552                               0.650E+003
 RTBSE|            1028           1.551                               0.650E+003
 RTBSE|            1029           1.549                               0.650E+003
 RTBSE|            1030           1.541                               0.650E+003
 RTBSE|            1031           1.544                               0.650E+003
 RTBSE|            1032           1.544                               0.650E+003
 RTBSE|            1033           1.549                               0.650E+003
 RTBSE|            1034           1.812                               0.650E+003
 RTBSE|            1035           1.554                               0.650E+003
 RTBSE|            1036           1.536                               0.650E+003
 RTBSE|            1037           1.557                               0.650E+003
 RTBSE|            1038           1.614                               0.650E+003
 RTBSE|            1039           1.610                               0.650E+003
 RTBSE|            1040           1.548                               0.650E+003
 RTBSE|            1041           1.549                               0.650E+003
 RTBSE|            1042           1.588                               0.650E+003
 RTBSE|            1043           1.546                               0.650E+003
 RTBSE|            1044           1.536                               0.650E+003
 RTBSE|            1045           1.566                               0.650E+003
 RTBSE|            1046           1.553                               0.650E+003
 RTBSE|            1047           1.555                               0.650E+003
 RTBSE|            1048           1.712                               0.650E+003
 RTBSE|            1049           1.623                               0.650E+003
 RTBSE|            1050           1.561                               0.650E+003
 RTBSE|            1051           1.591                               0.650E+003
 RTBSE|            1052           1.648                               0.650E+003
 RTBSE|            1053           1.597                               0.650E+003
 RTBSE|            1054           1.561                               0.650E+003
 RTBSE|            1055           1.613                               0.650E+003
 RTBSE|            1056           1.747                               0.650E+003
 RTBSE|            1057           1.619                               0.650E+003
 RTBSE|            1058           1.554                               0.650E+003
 RTBSE|            1059           1.591                               0.650E+003
 RTBSE|            1060           1.547                               0.650E+003
 RTBSE|            1061           1.548                               0.650E+003
 RTBSE|            1062           1.549                               0.650E+003
 RTBSE|            1063           1.542                               0.650E+003
 RTBSE|            1064           1.554                               0.650E+003
 RTBSE|            1065           1.539                               0.650E+003
 RTBSE|            1066           1.549                               0.650E+003
 RTBSE|            1067           1.674                               0.650E+003
 RTBSE|            1068           1.557                               0.650E+003
 RTBSE|            1069           1.582                               0.650E+003
 RTBSE|            1070           1.609                               0.650E+003
 RTBSE|            1071           1.663                               0.650E+003
 RTBSE|            1072           1.820                               0.650E+003
 RTBSE|            1073           1.596                               0.650E+003
 RTBSE|            1074           1.549                               0.650E+003
 RTBSE|            1075           1.569                               0.650E+003
 RTBSE|            1076           1.560                               0.650E+003
 RTBSE|            1077           1.564                               0.650E+003
 RTBSE|            1078           1.626                               0.650E+003
 RTBSE|            1079           1.616                               0.650E+003
 RTBSE|            1080           1.572                               0.650E+003
 RTBSE|            1081           1.550                               0.650E+003
 RTBSE|            1082           1.650                               0.650E+003
 RTBSE|            1083           1.569                               0.650E+003
 RTBSE|            1084           1.541                               0.650E+003
 RTBSE|            1085           1.548                               0.650E+003
 RTBSE|            1086           1.711                               0.650E+003
 RTBSE|            1087           1.597                               0.650E+003
 RTBSE|            1088           1.557                               0.650E+003
 RTBSE|            1089           1.606                               0.650E+003
 RTBSE|            1090           1.568                               0.650E+003
 RTBSE|            1091           1.602                               0.650E+003
 RTBSE|            1092           1.540                               0.650E+003
 RTBSE|            1093           1.546                               0.650E+003
 RTBSE|            1094           1.705                               0.650E+003
 RTBSE|            1095           1.557                               0.650E+003
 RTBSE|            1096           1.562                               0.650E+003
 RTBSE|            1097           1.547                               0.650E+003
 RTBSE|            1098           1.537                               0.650E+003
 RTBSE|            1099           1.547                               0.650E+003
 RTBSE|            1100           1.576                               0.650E+003
 RTBSE|            1101           1.616                               0.650E+003
 RTBSE|            1102           1.599                               0.650E+003
 RTBSE|            1103           1.554                               0.650E+003
 RTBSE|            1104           1.549                               0.650E+003
 RTBSE|            1105           1.604                               0.650E+003
 RTBSE|            1106           1.544                               0.650E+003
 RTBSE|            1107           1.538                               0.650E+003
 RTBSE|            1108           1.558                               0.650E+003
 RTBSE|            1109           1.679                               0.650E+003
 RTBSE|            1110           1.763                               0.650E+003
 RTBSE|            1111           1.614                               0.650E+003
 RTBSE|            1112           1.539                               0.650E+003
 RTBSE|            1113           1.707                               0.650E+003
 RTBSE|            1114           1.606                               0.650E+003
 RTBSE|            1115           1.545                               0.650E+003
 RTBSE|            1116           1.552                               0.650E+003
 RTBSE|            1117           1.544                               0.650E+003
 RTBSE|            1118           1.555                               0.650E+003
 RTBSE|            1119           1.542                               0.650E+003
 RTBSE|            1120           1.574                               0.650E+003
 RTBSE|            1121           1.606                               0.650E+003
 RTBSE|            1122           1.590                               0.650E+003
 RTBSE|            1123           1.740                               0.650E+003
 RTBSE|            1124           1.582                               0.650E+003
 RTBSE|            1125           1.588                               0.650E+003
 RTBSE|            1126           1.590                               0.650E+003
 RTBSE|            1127           1.541                               0.650E+003
 RTBSE|            1128           1.740                               0.650E+003
 RTBSE|            1129           1.558                               0.650E+003
 RTBSE|            1130           1.560                               0.650E+003
 RTBSE|            1131           1.724                               0.650E+003
 RTBSE|            1132           1.702                               0.650E+003
 RTBSE|            1133           1.536                               0.650E+003
 RTBSE|            1134           1.614                               0.650E+003
 RTBSE|            1135           1.534                               0.650E+003
 RTBSE|            1136           1.583                               0.650E+003
 RTBSE|            1137           1.535                               0.650E+003
 RTBSE|            1138           1.558                               0.650E+003
 RTBSE|            1139           1.606                               0.650E+003
 RTBSE|            1140           1.594                               0.650E+003
 RTBSE|            1141           1.613                               0.650E+003
 RTBSE|            1142           1.590                               0.650E+003
 RTBSE|            1143           1.588                               0.650E+003
 RTBSE|            1144           1.595                               0.650E+003
 RTBSE|            1145           1.553                               0.650E+003
 RTBSE|            1146           1.799                               0.650E+003
 RTBSE|            1147           1.798                               0.650E+003
 RTBSE|            1148           1.551                               0.650E+003
 RTBSE|            1149           1.551                               0.650E+003
 RTBSE|            1150           1.585                               0.650E+003
 RTBSE|            1151           1.562                               0.650E+003
 RTBSE|            1152           1.550                               0.650E+003
 RTBSE|            1153           1.559                               0.650E+003
 RTBSE|            1154           1.605                               0.650E+003
 RTBSE|            1155           1.543                               0.650E+003
 RTBSE|            1156           1.541                               0.650E+003
 RTBSE|            1157           1.612                               0.650E+003
 RTBSE|            1158           1.569                               0.650E+003
 RTBSE|            1159           1.547                               0.650E+003
 RTBSE|            1160           1.544                               0.650E+003
 RTBSE|            1161           1.765                               0.650E+003
 RTBSE|            1162           1.581                               0.650E+003
 RTBSE|            1163           1.568                               0.650E+003
 RTBSE|            1164           1.582                               0.650E+003
 RTBSE|            1165           1.634                               0.650E+003
 RTBSE|            1166           1.574                               0.650E+003
 RTBSE|            1167           1.541                               0.650E+003
 RTBSE|            1168           1.575                               0.650E+003
 RTBSE|            1169           1.793                               0.650E+003
 RTBSE|            1170           1.644                               0.650E+003
 RTBSE|            1171           1.570                               0.650E+003
 RTBSE|            1172           1.584                               0.650E+003
 RTBSE|            1173           1.598                               0.650E+003
 RTBSE|            1174           1.627                               0.650E+003
 RTBSE|            1175           1.560                               0.650E+003
 RTBSE|            1176           1.564                               0.650E+003
 RTBSE|            1177           1.554                               0.650E+003
 RTBSE|            1178           1.557                               0.650E+003
 RTBSE|            1179           1.630                               0.650E+003
 RTBSE|            1180           1.561                               0.650E+003
 RTBSE|            1181           1.543                               0.650E+003
 RTBSE|            1182           1.551                               0.650E+003
 RTBSE|            1183           1.551                               0.650E+003
 RTBSE|            1184           1.885                               0.650E+003
 RTBSE|            1185           1.656                               0.650E+003
 RTBSE|            1186           1.588                               0.650E+003
 RTBSE|            1187           1.589                               0.650E+003
 RTBSE|            1188           1.545                               0.650E+003
 RTBSE|            1189           1.605                               0.650E+003
 RTBSE|            1190           1.554                               0.650E+003
 RTBSE|            1191           1.556                               0.650E+003
 RTBSE|            1192           1.618                               0.650E+003
 RTBSE|            1193           1.555                               0.650E+003
 RTBSE|            1194           1.541                               0.650E+003
 RTBSE|            1195           1.589                               0.650E+003
 RTBSE|            1196           1.582                               0.650E+003
 RTBSE|            1197           1.544                               0.650E+003
 RTBSE|            1198           1.695                               0.650E+003
 RTBSE|            1199           1.573                               0.650E+003
 RTBSE|            1200           1.581                               0.650E+003
 RTBSE|            1201           1.623                               0.650E+003
 RTBSE|            1202           1.576                               0.650E+003
 RTBSE|            1203           1.628                               0.650E+003
 RTBSE|            1204           1.544                               0.650E+003
 RTBSE|            1205           1.553                               0.650E+003
 RTBSE|            1206           1.749                               0.650E+003
 RTBSE|            1207           1.546                               0.650E+003
 RTBSE|            1208           1.539                               0.650E+003
 RTBSE|            1209           1.539                               0.650E+003
 RTBSE|            1210           1.542                               0.650E+003
 RTBSE|            1211           1.575                               0.650E+003
 RTBSE|            1212           1.529                               0.650E+003
 RTBSE|            1213           1.538                               0.650E+003
 RTBSE|            1214           1.549                               0.650E+003
 RTBSE|            1215           1.552                               0.650E+003
 RTBSE|            1216           1.547                               0.650E+003
 RTBSE|            1217           1.568                               0.650E+003
 RTBSE|            1218           1.542                               0.650E+003
 RTBSE|            1219           1.576                               0.650E+003
 RTBSE|            1220           1.566                               0.650E+003
 RTBSE|            1221           1.713                               0.650E+003
 RTBSE|            1222           1.683                               0.650E+003
 RTBSE|            1223           1.660                               0.650E+003
 RTBSE|            1224           1.567                               0.650E+003
 RTBSE|            1225           1.699                               0.650E+003
 RTBSE|            1226           1.557                               0.650E+003
 RTBSE|            1227           1.595                               0.650E+003
 RTBSE|            1228           1.552                               0.650E+003
 RTBSE|            1229           1.551                               0.650E+003
 RTBSE|            1230           1.563                               0.650E+003
 RTBSE|            1231           1.601                               0.650E+003
 RTBSE|            1232           1.561                               0.650E+003
 RTBSE|            1233           1.594                               0.650E+003
 RTBSE|            1234           1.674                               0.650E+003
 RTBSE|            1235           1.584                               0.650E+003
 RTBSE|            1236           1.799                               0.650E+003
 RTBSE|            1237           1.598                               0.650E+003
 RTBSE|            1238           1.554                               0.650E+003
 RTBSE|            1239           1.575                               0.650E+003
 RTBSE|            1240           1.656                               0.650E+003
 RTBSE|            1241           1.665                               0.650E+003
 RTBSE|            1242           1.554                               0.650E+003
 RTBSE|            1243           1.549                               0.650E+003
 RTBSE|            1244           1.665                               0.650E+003
 RTBSE|            1245           1.566                               0.650E+003
 RTBSE|            1246           1.552                               0.650E+003
 RTBSE|            1247           1.543                               0.650E+003
 RTBSE|            1248           1.540                               0.650E+003
 RTBSE|            1249           1.561                               0.650E+003
 RTBSE|            1250           1.546                               0.650E+003
 RTBSE|            1251           1.562                               0.650E+003
 RTBSE|            1252           1.596                               0.650E+003
 RTBSE|            1253           1.564                               0.650E+003
 RTBSE|            1254           1.623                               0.650E+003
 RTBSE|            1255           1.587                               0.650E+003
 RTBSE|            1256           1.617                               0.650E+003
 RTBSE|            1257           1.565                               0.650E+003
 RTBSE|            1258           1.613                               0.650E+003
 RTBSE|            1259           1.779                               0.650E+003
 RTBSE|            1260           1.587                               0.650E+003
 RTBSE|            1261           1.622                               0.650E+003
 RTBSE|            1262           1.550                               0.650E+003
 RTBSE|            1263           1.573                               0.650E+003
 RTBSE|            1264           1.609                               0.650E+003
 RTBSE|            1265           1.595                               0.650E+003
 RTBSE|            1266           1.589                               0.650E+003
 RTBSE|            1267           1.545                               0.650E+003
 RTBSE|            1268           1.551                               0.650E+003
 RTBSE|            1269           1.597                               0.650E+003
 RTBSE|            1270           1.590                               0.650E+003
 RTBSE|            1271           1.556                               0.650E+003
 RTBSE|            1272           1.549                               0.650E+003
 RTBSE|            1273           1.704                               0.650E+003
 RTBSE|            1274           1.552                               0.650E+003
 RTBSE|            1275           1.540                               0.650E+003
 RTBSE|            1276           1.562                               0.650E+003
 RTBSE|            1277           1.550                               0.650E+003
 RTBSE|            1278           1.576                               0.650E+003
 RTBSE|            1279           1.542                               0.650E+003
 RTBSE|            1280           1.556                               0.650E+003
 RTBSE|            1281           1.571                               0.650E+003
 RTBSE|            1282           1.748                               0.650E+003
 RTBSE|            1283           1.551                               0.650E+003
 RTBSE|            1284           1.557                               0.650E+003
 RTBSE|            1285           1.643                               0.650E+003
 RTBSE|            1286           1.647                               0.650E+003
 RTBSE|            1287           1.584                               0.650E+003
 RTBSE|            1288           1.554                               0.650E+003
 RTBSE|            1289           1.625                               0.650E+003
 RTBSE|            1290           1.573                               0.650E+003
 RTBSE|            1291           1.575                               0.650E+003
 RTBSE|            1292           1.650                               0.650E+003
 RTBSE|            1293           1.549                               0.650E+003
 RTBSE|            1294           1.599                               0.650E+003
 RTBSE|            1295           1.574                               0.650E+003
 RTBSE|            1296           1.773                               0.650E+003
 RTBSE|            1297           1.803                               0.650E+003
 RTBSE|            1298           1.549                               0.650E+003
 RTBSE|            1299           1.591                               0.650E+003
 RTBSE|            1300           1.591                               0.650E+003
 RTBSE|            1301           1.561                               0.650E+003
 RTBSE|            1302           1.563                               0.650E+003
 RTBSE|            1303           1.542                               0.650E+003
 RTBSE|            1304           1.544                               0.650E+003
 RTBSE|            1305           1.543                               0.650E+003
 RTBSE|            1306           1.542                               0.650E+003
 RTBSE|            1307           1.592                               0.650E+003
 RTBSE|            1308           1.543                               0.650E+003
 RTBSE|            1309           1.546                               0.650E+003
 RTBSE|            1310           1.536                               0.650E+003
 RTBSE|            1311           1.712                               0.650E+003
 RTBSE|            1312           1.537                               0.650E+003
 RTBSE|            1313           1.550                               0.650E+003
 RTBSE|            1314           1.581                               0.650E+003
 RTBSE|            1315           1.573                               0.650E+003
 RTBSE|            1316           1.580                               0.650E+003
 RTBSE|            1317           1.621                               0.650E+003
 RTBSE|            1318           1.642                               0.650E+003
 RTBSE|            1319           1.713                               0.650E+003
 RTBSE|            1320           1.658                               0.650E+003
 RTBSE|            1321           1.636                               0.650E+003
 RTBSE|            1322           1.578                               0.650E+003
 RTBSE|            1323           1.554                               0.650E+003
 RTBSE|            1324           1.615                               0.650E+003
 RTBSE|            1325           1.551                               0.650E+003
 RTBSE|            1326           1.563                               0.650E+003
 RTBSE|            1327           1.609                               0.650E+003
 RTBSE|            1328           1.579                               0.650E+003
 RTBSE|            1329           1.591                               0.650E+003
 RTBSE|            1330           1.553                               0.650E+003
 RTBSE|            1331           1.595                               0.650E+003
 RTBSE|            1332           1.563                               0.650E+003
 RTBSE|            1333           1.548                               0.650E+003
 RTBSE|            1334           1.687                               0.650E+003
 RTBSE|            1335           1.650                               0.650E+003
 RTBSE|            1336           1.549                               0.650E+003
 RTBSE|            1337           1.544                               0.650E+003
 RTBSE|            1338           1.671                               0.650E+003
 RTBSE|            1339           1.577                               0.650E+003
 RTBSE|            1340           1.554                               0.650E+003
 RTBSE|            1341           1.549                               0.650E+003
 RTBSE|            1342           1.541                               0.650E+003
 RTBSE|            1343           1.548                               0.650E+003
 RTBSE|            1344           1.548                               0.650E+003
 RTBSE|            1345           1.590                               0.650E+003
 RTBSE|            1346           1.545                               0.650E+003
 RTBSE|            1347           1.540                               0.650E+003
 RTBSE|            1348           1.720                               0.650E+003
 RTBSE|            1349           1.712                               0.650E+003
 RTBSE|            1350           1.619                               0.650E+003
 RTBSE|            1351           1.711                               0.650E+003
 RTBSE|            1352           1.649                               0.650E+003
 RTBSE|            1353           1.744                               0.650E+003
 RTBSE|            1354           1.607                               0.650E+003
 RTBSE|            1355           1.559                               0.650E+003
 RTBSE|            1356           1.701                               0.650E+003
 RTBSE|            1357           1.570                               0.650E+003
 RTBSE|            1358           1.625                               0.650E+003
 RTBSE|            1359           1.549                               0.650E+003
 RTBSE|            1360           1.550                               0.650E+003
 RTBSE|            1361           1.602                               0.650E+003
 RTBSE|            1362           1.544                               0.650E+003
 RTBSE|            1363           1.572                               0.650E+003
 RTBSE|            1364           1.551                               0.650E+003
 RTBSE|            1365           1.573                               0.650E+003
 RTBSE|            1366           1.560                               0.650E+003
 RTBSE|            1367           1.582                               0.650E+003
 RTBSE|            1368           1.558                               0.650E+003
 RTBSE|            1369           1.540                               0.650E+003
 RTBSE|            1370           1.563                               0.650E+003
 RTBSE|            1371           1.678                               0.650E+003
 RTBSE|            1372           1.695                               0.650E+003
 RTBSE|            1373           1.548                               0.650E+003
 RTBSE|            1374           1.551                               0.650E+003
 RTBSE|            1375           1.575                               0.650E+003
 RTBSE|            1376           1.566                               0.650E+003
 RTBSE|            1377           1.558                               0.650E+003
 RTBSE|            1378           1.554                               0.650E+003
 RTBSE|            1379           1.561                               0.650E+003
 RTBSE|            1380           1.585                               0.650E+003
 RTBSE|            1381           1.627                               0.650E+003
 RTBSE|            1382           1.656                               0.650E+003
 RTBSE|            1383           1.570                               0.650E+003
 RTBSE|            1384           1.628                               0.650E+003
 RTBSE|            1385           1.574                               0.650E+003
 RTBSE|            1386           1.681                               0.650E+003
 RTBSE|            1387           1.541                               0.650E+003
 RTBSE|            1388           1.692                               0.650E+003
 RTBSE|            1389           1.591                               0.650E+003
 RTBSE|            1390           1.642                               0.650E+003
 RTBSE|            1391           1.548                               0.650E+003
 RTBSE|            1392           1.618                               0.650E+003
 RTBSE|            1393           1.784                               0.650E+003
 RTBSE|            1394           1.554                               0.650E+003
 RTBSE|            1395           1.543                               0.650E+003
 RTBSE|            1396           1.553                               0.650E+003
 RTBSE|            1397           1.543                               0.650E+003
 RTBSE|            1398           1.546                               0.650E+003
 RTBSE|            1399           1.584                               0.650E+003
 RTBSE|            1400           1.559                               0.650E+003
 RTBSE|            1401           1.551                               0.650E+003
 RTBSE|            1402           1.549                               0.650E+003
 RTBSE|            1403           1.552                               0.650E+003
 RTBSE|            1404           1.615                               0.650E+003
 RTBSE|            1405           1.585                               0.650E+003
 RTBSE|            1406           1.549                               0.650E+003
 RTBSE|            1407           1.564                               0.650E+003
 RTBSE|            1408           1.615                               0.650E+003
 RTBSE|            1409           1.914                               0.650E+003
 RTBSE|            1410           1.632                               0.650E+003
 RTBSE|            1411           1.632                               0.650E+003
 RTBSE|            1412           1.616                               0.650E+003
 RTBSE|            1413           1.627                               0.650E+003
 RTBSE|            1414           1.565                               0.650E+003
 RTBSE|            1415           1.593                               0.650E+003
 RTBSE|            1416           1.542                               0.650E+003
 RTBSE|            1417           1.580                               0.650E+003
 RTBSE|            1418           1.584                               0.650E+003
 RTBSE|            1419           1.645                               0.650E+003
 RTBSE|            1420           1.600                               0.650E+003
 RTBSE|            1421           1.632                               0.650E+003
 RTBSE|            1422           1.552                               0.650E+003
 RTBSE|            1423           1.764                               0.650E+003
 RTBSE|            1424           1.541                               0.650E+003
 RTBSE|            1425           1.550                               0.650E+003
 RTBSE|            1426           1.562                               0.650E+003
 RTBSE|            1427           1.582                               0.650E+003
 RTBSE|            1428           1.546                               0.650E+003
 RTBSE|            1429           1.547                               0.650E+003
 RTBSE|            1430           1.559                               0.650E+003
 RTBSE|            1431           1.656                               0.650E+003
 RTBSE|            1432           1.568                               0.650E+003
 RTBSE|            1433           1.558                               0.650E+003
 RTBSE|            1434           1.557                               0.650E+003
 RTBSE|            1435           1.547                               0.650E+003
 RTBSE|            1436           1.571                               0.650E+003
 RTBSE|            1437           1.544                               0.650E+003
 RTBSE|            1438           1.562                               0.650E+003
 RTBSE|            1439           1.568                               0.650E+003
 RTBSE|            1440           1.557                               0.650E+003
 RTBSE|            1441           1.607                               0.650E+003
 RTBSE|            1442           1.647                               0.650E+003
 RTBSE|            1443           1.656                               0.650E+003
 RTBSE|            1444           1.545                               0.650E+003
 RTBSE|            1445           1.582                               0.650E+003
 RTBSE|            1446           1.854                               0.650E+003
 RTBSE|            1447           1.556                               0.650E+003
 RTBSE|            1448           1.546                               0.650E+003
 RTBSE|            1449           1.629                               0.650E+003
 RTBSE|            1450           1.606                               0.650E+003
 RTBSE|            1451           1.663                               0.650E+003
 RTBSE|            1452           1.617                               0.650E+003
 RTBSE|            1453           1.550                               0.650E+003
 RTBSE|            1454           1.578                               0.650E+003
 RTBSE|            1455           1.573                               0.650E+003
 RTBSE|            1456           1.537                               0.650E+003
 RTBSE|            1457           1.562                               0.650E+003
 RTBSE|            1458           1.552                               0.650E+003
 RTBSE|            1459           1.547                               0.650E+003
 RTBSE|            1460           1.543                               0.650E+003
 RTBSE|            1461           1.800                               0.650E+003
 RTBSE|            1462           1.547                               0.650E+003
 RTBSE|            1463           1.592                               0.650E+003
 RTBSE|            1464           1.564                               0.650E+003
 RTBSE|            1465           1.695                               0.650E+003
 RTBSE|            1466           1.551                               0.650E+003
 RTBSE|            1467           1.564                               0.650E+003
 RTBSE|            1468           1.687                               0.650E+003
 RTBSE|            1469           1.556                               0.650E+003
 RTBSE|            1470           1.576                               0.650E+003
 RTBSE|            1471           1.601                               0.650E+003
 RTBSE|            1472           1.652                               0.650E+003
 RTBSE|            1473           1.593                               0.650E+003
 RTBSE|            1474           1.546                               0.650E+003
 RTBSE|            1475           1.638                               0.650E+003
 RTBSE|            1476           1.570                               0.650E+003
 RTBSE|            1477           1.552                               0.650E+003
 RTBSE|            1478           1.552                               0.650E+003
 RTBSE|            1479           1.571                               0.650E+003
 RTBSE|            1480           1.555                               0.650E+003
 RTBSE|            1481           1.554                               0.650E+003
 RTBSE|            1482           1.613                               0.650E+003
 RTBSE|            1483           1.582                               0.650E+003
 RTBSE|            1484           1.785                               0.650E+003
 RTBSE|            1485           1.608                               0.650E+003
 RTBSE|            1486           1.598                               0.650E+003
 RTBSE|            1487           1.584                               0.650E+003
 RTBSE|            1488           1.617                               0.650E+003
 RTBSE|            1489           1.557                               0.650E+003
 RTBSE|            1490           1.547                               0.650E+003
 RTBSE|            1491           1.553                               0.650E+003
 RTBSE|            1492           1.558                               0.650E+003
 RTBSE|            1493           1.556                               0.650E+003
 RTBSE|            1494           1.557                               0.650E+003
 RTBSE|            1495           1.564                               0.650E+003
 RTBSE|            1496           1.559                               0.650E+003
 RTBSE|            1497           1.686                               0.650E+003
 RTBSE|            1498           1.552                               0.650E+003
 RTBSE|            1499           1.556                               0.650E+003
 RTBSE|            1500           1.550                               0.650E+003
 RTBSE|            1501           1.597                               0.650E+003
 RTBSE|            1502           1.641                               0.650E+003
 RTBSE|            1503           1.628                               0.650E+003
 RTBSE|            1504           1.644                               0.650E+003
 RTBSE|            1505           1.568                               0.650E+003
 RTBSE|            1506           1.791                               0.650E+003
 RTBSE|            1507           1.643                               0.650E+003
 RTBSE|            1508           1.559                               0.650E+003
 RTBSE|            1509           1.550                               0.650E+003
 RTBSE|            1510           1.552                               0.650E+003
 RTBSE|            1511           1.556                               0.650E+003
 RTBSE|            1512           1.553                               0.650E+003
 RTBSE|            1513           1.559                               0.650E+003
 RTBSE|            1514           1.595                               0.650E+003
 RTBSE|            1515           1.943                               0.650E+003
 RTBSE|            1516           1.741                               0.650E+003
 RTBSE|            1517           1.597                               0.650E+003
 RTBSE|            1518           1.648                               0.650E+003
 RTBSE|            1519           1.560                               0.650E+003
 RTBSE|            1520           1.802                               0.650E+003
 RTBSE|            1521           1.779                               0.650E+003
 RTBSE|            1522           1.550                               0.650E+003
 RTBSE|            1523           1.545                               0.650E+003
 RTBSE|            1524           1.579                               0.650E+003
 RTBSE|            1525           1.572                               0.650E+003
 RTBSE|            1526           1.550                               0.650E+003
 RTBSE|            1527           1.554                               0.650E+003
 RTBSE|            1528           1.542                               0.650E+003
 RTBSE|            1529           1.546                               0.650E+003
 RTBSE|            1530           1.558                               0.650E+003
 RTBSE|            1531           1.542                               0.650E+003
 RTBSE|            1532           1.637                               0.650E+003
 RTBSE|            1533           1.692                               0.650E+003
 RTBSE|            1534           1.736                               0.650E+003
 RTBSE|            1535           1.569                               0.650E+003
 RTBSE|            1536           1.612                               0.650E+003
 RTBSE|            1537           1.541                               0.650E+003
 RTBSE|            1538           1.585                               0.650E+003
 RTBSE|            1539           1.602                               0.650E+003
 RTBSE|            1540           1.544                               0.650E+003
 RTBSE|            1541           1.539                               0.650E+003
 RTBSE|            1542           1.547                               0.650E+003
 RTBSE|            1543           1.687                               0.650E+003
 RTBSE|            1544           1.570                               0.650E+003
 RTBSE|            1545           1.593                               0.650E+003
 RTBSE|            1546           1.583                               0.650E+003
 RTBSE|            1547           1.573                               0.650E+003
 RTBSE|            1548           1.562                               0.650E+003
 RTBSE|            1549           1.565                               0.650E+003
 RTBSE|            1550           1.602                               0.650E+003
 RTBSE|            1551           1.609                               0.650E+003
 RTBSE|            1552           1.545                               0.650E+003
 RTBSE|            1553           1.565                               0.650E+003
 RTBSE|            1554           1.610                               0.650E+003
 RTBSE|            1555           1.540                               0.650E+003
 RTBSE|            1556           1.546                               0.650E+003
 RTBSE|            1557           1.554                               0.650E+003
 RTBSE|            1558           1.777                               0.650E+003
 RTBSE|            1559           1.536                               0.650E+003
 RTBSE|            1560           1.550                               0.650E+003
 RTBSE|            1561           1.591                               0.650E+003
 RTBSE|            1562           1.650                               0.650E+003
 RTBSE|            1563           1.613                               0.650E+003
 RTBSE|            1564           1.666                               0.650E+003
 RTBSE|            1565           1.622                               0.650E+003
 RTBSE|            1566           1.581                               0.650E+003
 RTBSE|            1567           1.618                               0.650E+003
 RTBSE|            1568           1.594                               0.650E+003
 RTBSE|            1569           1.588                               0.650E+003
 RTBSE|            1570           1.550                               0.650E+003
 RTBSE|            1571           1.546                               0.650E+003
 RTBSE|            1572           1.797                               0.650E+003
 RTBSE|            1573           1.552                               0.650E+003
 RTBSE|            1574           1.546                               0.650E+003
 RTBSE|            1575           1.576                               0.650E+003
 RTBSE|            1576           1.665                               0.650E+003
 RTBSE|            1577           1.706                               0.650E+003
 RTBSE|            1578           1.616                               0.650E+003
 RTBSE|            1579           1.555                               0.650E+003
 RTBSE|            1580           1.704                               0.650E+003
 RTBSE|            1581           1.615                               0.650E+003
 RTBSE|            1582           1.580                               0.650E+003
 RTBSE|            1583           1.594                               0.650E+003
 RTBSE|            1584           1.584                               0.650E+003
 RTBSE|            1585           1.580                               0.650E+003
 RTBSE|            1586           1.598                               0.650E+003
 RTBSE|            1587           1.547                               0.650E+003
 RTBSE|            1588           1.559                               0.650E+003
 RTBSE|            1589           1.556                               0.650E+003
 RTBSE|            1590           1.551                               0.650E+003
 RTBSE|            1591           1.567                               0.650E+003
 RTBSE|            1592           1.546                               0.650E+003
 RTBSE|            1593           1.568                               0.650E+003
 RTBSE|            1594           1.608                               0.650E+003
 RTBSE|            1595           1.723                               0.650E+003
 RTBSE|            1596           1.716                               0.650E+003
 RTBSE|            1597           1.604                               0.650E+003
 RTBSE|            1598           1.555                               0.650E+003
 RTBSE|            1599           1.622                               0.650E+003
 RTBSE|            1600           1.574                               0.650E+003
 RTBSE|            1601           1.554                               0.650E+003
 RTBSE|            1602           1.562                               0.650E+003
 RTBSE|            1603           1.556                               0.650E+003
 RTBSE|            1604           1.560                               0.650E+003
 RTBSE|            1605           1.547                               0.650E+003
 RTBSE|            1606           1.587                               0.650E+003
 RTBSE|            1607           1.546                               0.650E+003
 RTBSE|            1608           1.538                               0.650E+003
 RTBSE|            1609           1.753                               0.650E+003
 RTBSE|            1610           1.602                               0.650E+003
 RTBSE|            1611           1.548                               0.650E+003
 RTBSE|            1612           1.548                               0.650E+003
 RTBSE|            1613           1.648                               0.650E+003
 RTBSE|            1614           1.605                               0.650E+003
 RTBSE|            1615           1.568                               0.650E+003
 RTBSE|            1616           1.592                               0.650E+003
 RTBSE|            1617           1.595                               0.650E+003
 RTBSE|            1618           1.798                               0.650E+003
 RTBSE|            1619           1.558                               0.650E+003
 RTBSE|            1620           1.624                               0.650E+003
 RTBSE|            1621           1.554                               0.650E+003
 RTBSE|            1622           1.548                               0.650E+003
 RTBSE|            1623           1.578                               0.650E+003
 RTBSE|            1624           1.559                               0.650E+003
 RTBSE|            1625           1.617                               0.650E+003
 RTBSE|            1626           1.587                               0.650E+003
 RTBSE|            1627           1.580                               0.650E+003
 RTBSE|            1628           1.751                               0.650E+003
 RTBSE|            1629           1.577                               0.650E+003
 RTBSE|            1630           1.549                               0.650E+003
 RTBSE|            1631           1.600                               0.650E+003
 RTBSE|            1632           1.635                               0.650E+003
 RTBSE|            1633           1.896                               0.650E+003
 RTBSE|            1634           1.542                               0.650E+003
 RTBSE|            1635           1.555                               0.650E+003
 RTBSE|            1636           1.572                               0.650E+003
 RTBSE|            1637           1.575                               0.650E+003
 RTBSE|            1638           1.557                               0.650E+003
 RTBSE|            1639           1.553                               0.650E+003
 RTBSE|            1640           1.609                               0.650E+003
 RTBSE|            1641           1.600                               0.650E+003
 RTBSE|            1642           1.568                               0.650E+003
 RTBSE|            1643           1.556                               0.650E+003
 RTBSE|            1644           1.618                               0.650E+003
 RTBSE|            1645           1.553                               0.650E+003
 RTBSE|            1646           1.552                               0.650E+003
 RTBSE|            1647           1.694                               0.650E+003
 RTBSE|            1648           1.557                               0.650E+003
 RTBSE|            1649           1.604                               0.650E+003
 RTBSE|            1650           1.620                               0.650E+003
 RTBSE|            1651           1.582                               0.650E+003
 RTBSE|            1652           1.581                               0.650E+003
 RTBSE|            1653           1.607                               0.650E+003
 RTBSE|            1654           1.546                               0.650E+003
 RTBSE|            1655           1.722                               0.650E+003
 RTBSE|            1656           1.576                               0.650E+003
 RTBSE|            1657           1.588                               0.650E+003
 RTBSE|            1658           1.594                               0.650E+003
 RTBSE|            1659           1.634                               0.650E+003
 RTBSE|            1660           1.584                               0.650E+003
 RTBSE|            1661           1.552                               0.650E+003
 RTBSE|            1662           1.627                               0.650E+003
 RTBSE|            1663           1.556                               0.650E+003
 RTBSE|            1664           1.559                               0.650E+003
 RTBSE|            1665           1.565                               0.650E+003
 RTBSE|            1666           1.557                               0.650E+003
 RTBSE|            1667           1.546                               0.650E+003
 RTBSE|            1668           1.557                               0.650E+003
 RTBSE|            1669           1.567                               0.650E+003
 RTBSE|            1670           1.662                               0.650E+003
 RTBSE|            1671           1.672                               0.650E+003
 RTBSE|            1672           1.587                               0.650E+003
 RTBSE|            1673           1.594                               0.650E+003
 RTBSE|            1674           1.671                               0.650E+003
 RTBSE|            1675           1.559                               0.650E+003
 RTBSE|            1676           1.588                               0.650E+003
 RTBSE|            1677           1.549                               0.650E+003
 RTBSE|            1678           1.549                               0.650E+003
 RTBSE|            1679           1.557                               0.650E+003
 RTBSE|            1680           1.549                               0.650E+003
 RTBSE|            1681           1.577                               0.650E+003
 RTBSE|            1682           1.576                               0.650E+003
 RTBSE|            1683           1.595                               0.650E+003
 RTBSE|            1684           1.848                               0.650E+003
 RTBSE|            1685           1.579                               0.650E+003
 RTBSE|            1686           1.571                               0.650E+003
 RTBSE|            1687           1.612                               0.650E+003
 RTBSE|            1688           1.591                               0.650E+003
 RTBSE|            1689           1.816                               0.650E+003
 RTBSE|            1690           1.638                               0.650E+003
 RTBSE|            1691           1.568                               0.650E+003
 RTBSE|            1692           1.674                               0.650E+003
 RTBSE|            1693           1.627                               0.650E+003
 RTBSE|            1694           1.567                               0.650E+003
 RTBSE|            1695           1.559                               0.650E+003
 RTBSE|            1696           1.559                               0.650E+003
 RTBSE|            1697           1.580                               0.650E+003
 RTBSE|            1698           1.553                               0.650E+003
 RTBSE|            1699           1.557                               0.650E+003
 RTBSE|            1700           1.574                               0.650E+003
 RTBSE|            1701           1.574                               0.650E+003
 RTBSE|            1702           1.567                               0.650E+003
 RTBSE|            1703           1.608                               0.650E+003
 RTBSE|            1704           1.620                               0.650E+003
 RTBSE|            1705           1.564                               0.650E+003
 RTBSE|            1706           1.588                               0.650E+003
 RTBSE|            1707           1.680                               0.650E+003
 RTBSE|            1708           1.701                               0.650E+003
 RTBSE|            1709           1.550                               0.650E+003
 RTBSE|            1710           1.564                               0.650E+003
 RTBSE|            1711           1.585                               0.650E+003
 RTBSE|            1712           1.551                               0.650E+003
 RTBSE|            1713           1.555                               0.650E+003
 RTBSE|            1714           1.559                               0.650E+003
 RTBSE|            1715           1.550                               0.650E+003
 RTBSE|            1716           1.613                               0.650E+003
 RTBSE|            1717           1.637                               0.650E+003
 RTBSE|            1718           1.612                               0.650E+003
 RTBSE|            1719           1.560                               0.650E+003
 RTBSE|            1720           1.642                               0.650E+003
 RTBSE|            1721           1.719                               0.650E+003
 RTBSE|            1722           1.588                               0.650E+003
 RTBSE|            1723           1.550                               0.650E+003
 RTBSE|            1724           1.557                               0.650E+003
 RTBSE|            1725           1.616                               0.650E+003
 RTBSE|            1726           1.615                               0.650E+003
 RTBSE|            1727           1.549                               0.650E+003
 RTBSE|            1728           1.554                               0.650E+003
 RTBSE|            1729           1.552                               0.650E+003
 RTBSE|            1730           1.783                               0.650E+003
 RTBSE|            1731           1.560                               0.650E+003
 RTBSE|            1732           1.561                               0.650E+003
 RTBSE|            1733           1.566                               0.650E+003
 RTBSE|            1734           1.575                               0.650E+003
 RTBSE|            1735           1.629                               0.650E+003
 RTBSE|            1736           1.547                               0.650E+003
 RTBSE|            1737           1.561                               0.650E+003
 RTBSE|            1738           1.616                               0.650E+003
 RTBSE|            1739           1.560                               0.650E+003
 RTBSE|            1740           1.660                               0.650E+003
 RTBSE|            1741           1.564                               0.650E+003
 RTBSE|            1742           1.552                               0.650E+003
 RTBSE|            1743           1.558                               0.650E+003
 RTBSE|            1744           1.558                               0.650E+003
 RTBSE|            1745           1.906                               0.650E+003
 RTBSE|            1746           1.616                               0.650E+003
 RTBSE|            1747           1.605                               0.650E+003
 RTBSE|            1748           1.582                               0.650E+003
 RTBSE|            1749           1.642                               0.650E+003
 RTBSE|            1750           1.600                               0.650E+003
 RTBSE|            1751           1.566                               0.650E+003
 RTBSE|            1752           1.655                               0.650E+003
 RTBSE|            1753           1.588                               0.650E+003
 RTBSE|            1754           1.547                               0.650E+003
 RTBSE|            1755           1.615                               0.650E+003
 RTBSE|            1756           1.579                               0.650E+003
 RTBSE|            1757           1.558                               0.650E+003
 RTBSE|            1758           1.550                               0.650E+003
 RTBSE|            1759           1.701                               0.650E+003
 RTBSE|            1760           1.550                               0.650E+003
 RTBSE|            1761           1.554                               0.650E+003
 RTBSE|            1762           1.595                               0.650E+003
 RTBSE|            1763           1.598                               0.650E+003
 RTBSE|            1764           1.598                               0.650E+003
 RTBSE|            1765           1.631                               0.650E+003
 RTBSE|            1766           1.581                               0.650E+003
 RTBSE|            1767           1.713                               0.650E+003
 RTBSE|            1768           1.619                               0.650E+003
 RTBSE|            1769           1.549                               0.650E+003
 RTBSE|            1770           1.560                               0.650E+003
 RTBSE|            1771           1.554                               0.650E+003
 RTBSE|            1772           1.589                               0.650E+003
 RTBSE|            1773           1.559                               0.650E+003
 RTBSE|            1774           1.579                               0.650E+003
 RTBSE|            1775           1.569                               0.650E+003
 RTBSE|            1776           1.586                               0.650E+003
 RTBSE|            1777           1.580                               0.650E+003
 RTBSE|            1778           1.643                               0.650E+003
 RTBSE|            1779           1.557                               0.650E+003
 RTBSE|            1780           1.555                               0.650E+003
 RTBSE|            1781           1.604                               0.650E+003
 RTBSE|            1782           1.757                               0.650E+003
 RTBSE|            1783           1.790                               0.650E+003
 RTBSE|            1784           1.613                               0.650E+003
 RTBSE|            1785           1.557                               0.650E+003
 RTBSE|            1786           1.691                               0.650E+003
 RTBSE|            1787           1.581                               0.650E+003
 RTBSE|            1788           1.549                               0.650E+003
 RTBSE|            1789           1.545                               0.650E+003
 RTBSE|            1790           1.553                               0.650E+003
 RTBSE|            1791           1.554                               0.650E+003
 RTBSE|            1792           1.544                               0.650E+003
 RTBSE|            1793           1.586                               0.650E+003
 RTBSE|            1794           1.567                               0.650E+003
 RTBSE|            1795           1.575                               0.650E+003
 RTBSE|            1796           1.836                               0.650E+003
 RTBSE|            1797           1.595                               0.650E+003
 RTBSE|            1798           1.561                               0.650E+003
 RTBSE|            1799           1.582                               0.650E+003
 RTBSE|            1800           1.610                               0.650E+003
 RTBSE|            1801           1.759                               0.650E+003
 RTBSE|            1802           1.562                               0.650E+003
 RTBSE|            1803           1.558                               0.650E+003
 RTBSE|            1804           1.702                               0.650E+003
 RTBSE|            1805           1.572                               0.650E+003
 RTBSE|            1806           1.616                               0.650E+003
 RTBSE|            1807           1.594                               0.650E+003
 RTBSE|            1808           1.553                               0.650E+003
 RTBSE|            1809           1.577                               0.650E+003
 RTBSE|            1810           1.584                               0.650E+003
 RTBSE|            1811           1.557                               0.650E+003
 RTBSE|            1812           1.572                               0.650E+003
 RTBSE|            1813           1.564                               0.650E+003
 RTBSE|            1814           1.564                               0.650E+003
 RTBSE|            1815           1.662                               0.650E+003
 RTBSE|            1816           1.642                               0.650E+003
 RTBSE|            1817           1.582                               0.650E+003
 RTBSE|            1818           1.604                               0.650E+003
 RTBSE|            1819           1.672                               0.650E+003
 RTBSE|            1820           1.766                               0.650E+003
 RTBSE|            1821           1.560                               0.650E+003
 RTBSE|            1822           1.564                               0.650E+003
 RTBSE|            1823           1.586                               0.650E+003
 RTBSE|            1824           1.577                               0.650E+003
 RTBSE|            1825           1.562                               0.650E+003
 RTBSE|            1826           1.576                               0.650E+003
 RTBSE|            1827           1.583                               0.650E+003
 RTBSE|            1828           1.616                               0.650E+003
 RTBSE|            1829           1.557                               0.650E+003
 RTBSE|            1830           1.583                               0.650E+003
 RTBSE|            1831           1.620                               0.650E+003
 RTBSE|            1832           1.567                               0.650E+003
 RTBSE|            1833           1.695                               0.650E+003
 RTBSE|            1834           1.578                               0.650E+003
 RTBSE|            1835           1.557                               0.650E+003
 RTBSE|            1836           1.646                               0.650E+003
 RTBSE|            1837           1.618                               0.650E+003
 RTBSE|            1838           1.597                               0.650E+003
 RTBSE|            1839           1.552                               0.650E+003
 RTBSE|            1840           1.620                               0.650E+003
 RTBSE|            1841           1.561                               0.650E+003
 RTBSE|            1842           1.778                               0.650E+003
 RTBSE|            1843           1.555                               0.650E+003
 RTBSE|            1844           1.589                               0.650E+003
 RTBSE|            1845           1.639                               0.650E+003
 RTBSE|            1846           1.598                               0.650E+003
 RTBSE|            1847           1.553                               0.650E+003
 RTBSE|            1848           1.628                               0.650E+003
 RTBSE|            1849           1.625                               0.650E+003
 RTBSE|            1850           1.603                               0.650E+003
 RTBSE|            1851           1.553                               0.650E+003
 RTBSE|            1852           1.686                               0.650E+003
 RTBSE|            1853           1.574                               0.650E+003
 RTBSE|            1854           1.559                               0.650E+003
 RTBSE|            1855           1.566                               0.650E+003
 RTBSE|            1856           1.736                               0.650E+003
 RTBSE|            1857           1.797                               0.650E+003
 RTBSE|            1858           1.613                               0.650E+003
 RTBSE|            1859           1.572                               0.650E+003
 RTBSE|            1860           1.590                               0.650E+003
 RTBSE|            1861           1.628                               0.650E+003
 RTBSE|            1862           1.558                               0.650E+003
 RTBSE|            1863           1.554                               0.650E+003
 RTBSE|            1864           1.552                               0.650E+003
 RTBSE|            1865           1.578                               0.650E+003
 RTBSE|            1866           1.574                               0.650E+003
 RTBSE|            1867           1.616                               0.650E+003
 RTBSE|            1868           1.576                               0.650E+003
 RTBSE|            1869           1.558                               0.650E+003
 RTBSE|            1870           1.622                               0.650E+003
 RTBSE|            1871           1.708                               0.650E+003
 RTBSE|            1872           1.554                               0.650E+003
 RTBSE|            1873           1.559                               0.650E+003
 RTBSE|            1874           1.630                               0.650E+003
 RTBSE|            1875           1.609                               0.650E+003
 RTBSE|            1876           1.643                               0.650E+003
 RTBSE|            1877           1.559                               0.650E+003
 RTBSE|            1878           1.557                               0.650E+003
 RTBSE|            1879           1.730                               0.650E+003
 RTBSE|            1880           1.583                               0.650E+003
 RTBSE|            1881           1.585                               0.650E+003
 RTBSE|            1882           1.624                               0.650E+003
 RTBSE|            1883           1.559                               0.650E+003
 RTBSE|            1884           1.586                               0.650E+003
 RTBSE|            1885           1.618                               0.650E+003
 RTBSE|            1886           1.563                               0.650E+003
 RTBSE|            1887           1.564                               0.650E+003
 RTBSE|            1888           1.551                               0.650E+003
 RTBSE|            1889           1.630                               0.650E+003
 RTBSE|            1890           1.593                               0.650E+003
 RTBSE|            1891           1.557                               0.650E+003
 RTBSE|            1892           1.555                               0.650E+003
 RTBSE|            1893           1.618                               0.650E+003
 RTBSE|            1894           1.779                               0.650E+003
 RTBSE|            1895           1.550                               0.650E+003
 RTBSE|            1896           1.600                               0.650E+003
 RTBSE|            1897           1.687                               0.650E+003
 RTBSE|            1898           1.631                               0.650E+003
 RTBSE|            1899           1.566                               0.650E+003
 RTBSE|            1900           1.626                               0.650E+003
 RTBSE|            1901           1.574                               0.650E+003
 RTBSE|            1902           1.560                               0.650E+003
 RTBSE|            1903           1.557                               0.650E+003
 RTBSE|            1904           1.559                               0.650E+003
 RTBSE|            1905           1.592                               0.650E+003
 RTBSE|            1906           1.575                               0.650E+003
 RTBSE|            1907           1.604                               0.650E+003
 RTBSE|            1908           1.798                               0.650E+003
 RTBSE|            1909           1.560                               0.650E+003
 RTBSE|            1910           1.558                               0.650E+003
 RTBSE|            1911           1.655                               0.650E+003
 RTBSE|            1912           1.685                               0.650E+003
 RTBSE|            1913           1.659                               0.650E+003
 RTBSE|            1914           1.604                               0.650E+003
 RTBSE|            1915           1.618                               0.650E+003
 RTBSE|            1916           1.680                               0.650E+003
 RTBSE|            1917           1.578                               0.650E+003
 RTBSE|            1918           1.638                               0.650E+003
 RTBSE|            1919           1.614                               0.650E+003
 RTBSE|            1920           1.619                               0.650E+003
 RTBSE|            1921           1.585                               0.650E+003
 RTBSE|            1922           1.561                               0.650E+003
 RTBSE|            1923           1.593                               0.650E+003
 RTBSE|            1924           1.558                               0.650E+003
 RTBSE|            1925           1.562                               0.650E+003
 RTBSE|            1926           1.593                               0.650E+003
 RTBSE|            1927           1.603                               0.650E+003
 RTBSE|            1928           1.622                               0.650E+003
 RTBSE|            1929           1.560                               0.650E+003
 RTBSE|            1930           1.569                               0.650E+003
 RTBSE|            1931           1.833                               0.650E+003
 RTBSE|            1932           1.546                               0.650E+003
 RTBSE|            1933           1.557                               0.650E+003
 RTBSE|            1934           1.557                               0.650E+003
 RTBSE|            1935           1.576                               0.650E+003
 RTBSE|            1936           1.552                               0.650E+003
 RTBSE|            1937           1.559                               0.650E+003
 RTBSE|            1938           1.632                               0.650E+003
 RTBSE|            1939           1.592                               0.650E+003
 RTBSE|            1940           1.555                               0.650E+003
 RTBSE|            1941           1.549                               0.650E+003
 RTBSE|            1942           1.628                               0.650E+003
 RTBSE|            1943           1.559                               0.650E+003
 RTBSE|            1944           1.555                               0.650E+003
 RTBSE|            1945           1.684                               0.650E+003
 RTBSE|            1946           1.559                               0.650E+003
 RTBSE|            1947           1.555                               0.650E+003
 RTBSE|            1948           1.591                               0.650E+003
 RTBSE|            1949           1.622                               0.650E+003
 RTBSE|            1950           1.630                               0.650E+003
 RTBSE|            1951           1.566                               0.650E+003
 RTBSE|            1952           1.629                               0.650E+003
 RTBSE|            1953           1.758                               0.650E+003
 RTBSE|            1954           1.653                               0.650E+003
 RTBSE|            1955           1.632                               0.650E+003
 RTBSE|            1956           1.558                               0.650E+003
 RTBSE|            1957           1.570                               0.650E+003
 RTBSE|            1958           1.635                               0.650E+003
 RTBSE|            1959           1.595                               0.650E+003
 RTBSE|            1960           1.576                               0.650E+003
 RTBSE|            1961           1.591                               0.650E+003
 RTBSE|            1962           1.560                               0.650E+003
 RTBSE|            1963           1.557                               0.650E+003
 RTBSE|            1964           1.673                               0.650E+003
 RTBSE|            1965           1.550                               0.650E+003
 RTBSE|            1966           1.555                               0.650E+003
 RTBSE|            1967           1.570                               0.650E+003
 RTBSE|            1968           1.769                               0.650E+003
 RTBSE|            1969           1.879                               0.650E+003
 RTBSE|            1970           1.567                               0.650E+003
 RTBSE|            1971           1.561                               0.650E+003
 RTBSE|            1972           1.655                               0.650E+003
 RTBSE|            1973           1.566                               0.650E+003
 RTBSE|            1974           1.567                               0.650E+003
 RTBSE|            1975           1.546                               0.650E+003
 RTBSE|            1976           1.562                               0.650E+003
 RTBSE|            1977           1.558                               0.650E+003
 RTBSE|            1978           1.548                               0.650E+003
 RTBSE|            1979           1.563                               0.650E+003
 RTBSE|            1980           1.556                               0.650E+003
 RTBSE|            1981           1.568                               0.650E+003
 RTBSE|            1982           1.768                               0.650E+003
 RTBSE|            1983           1.601                               0.650E+003
 RTBSE|            1984           1.585                               0.650E+003
 RTBSE|            1985           1.635                               0.650E+003
 RTBSE|            1986           1.598                               0.650E+003
 RTBSE|            1987           1.655                               0.650E+003
 RTBSE|            1988           1.595                               0.650E+003
 RTBSE|            1989           1.573                               0.650E+003
 RTBSE|            1990           1.670                               0.650E+003
 RTBSE|            1991           1.587                               0.650E+003
 RTBSE|            1992           1.562                               0.650E+003
 RTBSE|            1993           1.557                               0.650E+003
 RTBSE|            1994           1.552                               0.650E+003
 RTBSE|            1995           1.556                               0.650E+003
 RTBSE|            1996           1.545                               0.650E+003
 RTBSE|            1997           1.553                               0.650E+003
 RTBSE|            1998           1.572                               0.650E+003
 RTBSE|            1999           1.565                               0.650E+003
 RTBSE|            2000           1.572                               0.650E+003
 RTBSE|            2001           1.604                               0.650E+003
 RTBSE|            2002           1.601                               0.650E+003
 RTBSE|            2003           1.553                               0.650E+003
 RTBSE|            2004           1.569                               0.650E+003
 RTBSE|            2005           1.748                               0.650E+003
 RTBSE|            2006           1.663                               0.650E+003
 RTBSE|            2007           1.550                               0.650E+003
 RTBSE|            2008           1.548                               0.650E+003
 RTBSE|            2009           1.651                               0.650E+003
 RTBSE|            2010           1.565                               0.650E+003
 RTBSE|            2011           1.556                               0.650E+003
 RTBSE|            2012           1.558                               0.650E+003
 RTBSE|            2013           1.556                               0.650E+003
 RTBSE|            2014           1.597                               0.650E+003
 RTBSE|            2015           1.628                               0.650E+003
 RTBSE|            2016           1.663                               0.650E+003
 RTBSE|            2017           1.591                               0.650E+003
 RTBSE|            2018           1.608                               0.650E+003
 RTBSE|            2019           1.658                               0.650E+003
 RTBSE|            2020           1.834                               0.650E+003
 RTBSE|            2021           1.552                               0.650E+003
 RTBSE|            2022           1.642                               0.650E+003
 RTBSE|            2023           1.561                               0.650E+003
 RTBSE|            2024           1.692                               0.650E+003
 RTBSE|            2025           1.563                               0.650E+003
 RTBSE|            2026           1.554                               0.650E+003
 RTBSE|            2027           1.698                               0.650E+003
 RTBSE|            2028           1.557                               0.650E+003
 RTBSE|            2029           1.568                               0.650E+003
 RTBSE|            2030           1.561                               0.650E+003
 RTBSE|            2031           1.602                               0.650E+003
 RTBSE|            2032           1.592                               0.650E+003
 RTBSE|            2033           1.590                               0.650E+003
 RTBSE|            2034           1.565                               0.650E+003
 RTBSE|            2035           1.602                               0.650E+003
 RTBSE|            2036           1.553                               0.650E+003
 RTBSE|            2037           1.555                               0.650E+003
 RTBSE|            2038           1.571                               0.650E+003
 RTBSE|            2039           1.556                               0.650E+003
 RTBSE|            2040           1.556                               0.650E+003
 RTBSE|            2041           1.562                               0.650E+003
 RTBSE|            2042           1.563                               0.650E+003
 RTBSE|            2043           1.778                               0.650E+003
 RTBSE|            2044           1.553                               0.650E+003
 RTBSE|            2045           1.567                               0.650E+003
 RTBSE|            2046           1.608                               0.650E+003
 RTBSE|            2047           1.596                               0.650E+003
 RTBSE|            2048           1.619                               0.650E+003
 RTBSE|            2049           1.664                               0.650E+003
 RTBSE|            2050           1.623                               0.650E+003
 RTBSE|            2051           1.565                               0.650E+003
 RTBSE|            2052           1.608                               0.650E+003
 RTBSE|            2053           1.607                               0.650E+003
 RTBSE|            2054           1.599                               0.650E+003
 RTBSE|            2055           1.561                               0.650E+003
 RTBSE|            2056           1.552                               0.650E+003
 RTBSE|            2057           1.711                               0.650E+003
 RTBSE|            2058           1.562                               0.650E+003
 RTBSE|            2059           1.558                               0.650E+003
 RTBSE|            2060           1.594                               0.650E+003
 RTBSE|            2061           1.574                               0.650E+003
 RTBSE|            2062           1.573                               0.650E+003
 RTBSE|            2063           1.587                               0.650E+003
 RTBSE|            2064           1.573                               0.650E+003
 RTBSE|            2065           1.780                               0.650E+003
 RTBSE|            2066           1.561                               0.650E+003
 RTBSE|            2067           1.595                               0.650E+003
 RTBSE|            2068           1.554                               0.650E+003
 RTBSE|            2069           1.545                               0.650E+003
 RTBSE|            2070           1.555                               0.650E+003
 RTBSE|            2071           1.543                               0.650E+003
 RTBSE|            2072           1.560                               0.650E+003
 RTBSE|            2073           1.555                               0.650E+003
 RTBSE|            2074           1.560                               0.650E+003
 RTBSE|            2075           1.549                               0.650E+003
 RTBSE|            2076           1.661                               0.650E+003
 RTBSE|            2077           1.606                               0.650E+003
 RTBSE|            2078           1.621                               0.650E+003
 RTBSE|            2079           1.579                               0.650E+003
 RTBSE|            2080           1.947                               0.650E+003
 RTBSE|            2081           1.688                               0.650E+003
 RTBSE|            2082           1.611                               0.650E+003
 RTBSE|            2083           1.590                               0.650E+003
 RTBSE|            2084           1.602                               0.650E+003
 RTBSE|            2085           1.639                               0.650E+003
 RTBSE|            2086           1.557                               0.650E+003
 RTBSE|            2087           1.567                               0.650E+003
 RTBSE|            2088           1.557                               0.650E+003
 RTBSE|            2089           1.573                               0.650E+003
 RTBSE|            2090           1.564                               0.650E+003
 RTBSE|            2091           1.591                               0.650E+003
 RTBSE|            2092           1.563                               0.650E+003
 RTBSE|            2093           1.560                               0.650E+003
 RTBSE|            2094           1.752                               0.650E+003
 RTBSE|            2095           1.588                               0.650E+003
 RTBSE|            2096           1.588                               0.650E+003
 RTBSE|            2097           1.567                               0.650E+003
 RTBSE|            2098           1.599                               0.650E+003
 RTBSE|            2099           1.604                               0.650E+003
 RTBSE|            2100           1.565                               0.650E+003
 RTBSE|            2101           1.581                               0.650E+003
 RTBSE|            2102           1.714                               0.650E+003
 RTBSE|            2103           1.575                               0.650E+003
 RTBSE|            2104           1.555                               0.650E+003
 RTBSE|            2105           1.555                               0.650E+003
 RTBSE|            2106           1.547                               0.650E+003
 RTBSE|            2107           1.581                               0.650E+003
 RTBSE|            2108           1.552                               0.650E+003
 RTBSE|            2109           1.603                               0.650E+003
 RTBSE|            2110           1.618                               0.650E+003
 RTBSE|            2111           1.653                               0.650E+003
 RTBSE|            2112           1.602                               0.650E+003
 RTBSE|            2113           1.630                               0.650E+003
 RTBSE|            2114           1.562                               0.650E+003
 RTBSE|            2115           1.670                               0.650E+003
 RTBSE|            2116           1.592                               0.650E+003
 RTBSE|            2117           1.819                               0.650E+003
 RTBSE|            2118           1.581                               0.650E+003
 RTBSE|            2119           1.586                               0.650E+003
 RTBSE|            2120           1.566                               0.650E+003
 RTBSE|            2121           1.668                               0.650E+003
 RTBSE|            2122           1.576                               0.650E+003
 RTBSE|            2123           1.566                               0.650E+003
 RTBSE|            2124           1.557                               0.650E+003
 RTBSE|            2125           1.614                               0.650E+003
 RTBSE|            2126           1.604                               0.650E+003
 RTBSE|            2127           1.574                               0.650E+003
 RTBSE|            2128           1.599                               0.650E+003
 RTBSE|            2129           1.614                               0.650E+003
 RTBSE|            2130           1.560                               0.650E+003
 RTBSE|            2131           1.779                               0.650E+003
 RTBSE|            2132           1.564                               0.650E+003
 RTBSE|            2133           1.557                               0.650E+003
 RTBSE|            2134           1.597                               0.650E+003
 RTBSE|            2135           1.657                               0.650E+003
 RTBSE|            2136           1.685                               0.650E+003
 RTBSE|            2137           1.558                               0.650E+003
 RTBSE|            2138           1.556                               0.650E+003
 RTBSE|            2139           1.698                               0.650E+003
 RTBSE|            2140           1.721                               0.650E+003
 RTBSE|            2141           1.631                               0.650E+003
 RTBSE|            2142           1.619                               0.650E+003
 RTBSE|            2143           1.617                               0.650E+003
 RTBSE|            2144           1.649                               0.650E+003
 RTBSE|            2145           1.558                               0.650E+003
 RTBSE|            2146           1.590                               0.650E+003
 RTBSE|            2147           1.575                               0.650E+003
 RTBSE|            2148           1.637                               0.650E+003
 RTBSE|            2149           1.584                               0.650E+003
 RTBSE|            2150           1.562                               0.650E+003
 RTBSE|            2151           1.600                               0.650E+003
 RTBSE|            2152           1.550                               0.650E+003
 RTBSE|            2153           1.574                               0.650E+003
 RTBSE|            2154           1.728                               0.650E+003
 RTBSE|            2155           1.723                               0.650E+003
 RTBSE|            2156           1.637                               0.650E+003
 RTBSE|            2157           1.566                               0.650E+003
 RTBSE|            2158           1.563                               0.650E+003
 RTBSE|            2159           1.617                               0.650E+003
 RTBSE|            2160           1.564                               0.650E+003
 RTBSE|            2161           1.548                               0.650E+003
 RTBSE|            2162           1.557                               0.650E+003
 RTBSE|            2163           1.553                               0.650E+003
 RTBSE|            2164           1.549                               0.650E+003
 RTBSE|            2165           1.589                               0.650E+003
 RTBSE|            2166           1.558                               0.650E+003
 RTBSE|            2167           1.569                               0.650E+003
 RTBSE|            2168           1.703                               0.650E+003
 RTBSE|            2169           1.568                               0.650E+003
 RTBSE|            2170           1.571                               0.650E+003
 RTBSE|            2171           1.656                               0.650E+003
 RTBSE|            2172           1.664                               0.650E+003
 RTBSE|            2173           1.610                               0.650E+003
 RTBSE|            2174           1.552                               0.650E+003
 RTBSE|            2175           1.643                               0.650E+003
 RTBSE|            2176           1.714                               0.650E+003
 RTBSE|            2177           1.635                               0.650E+003
 RTBSE|            2178           1.569                               0.650E+003
 RTBSE|            2179           1.588                               0.650E+003
 RTBSE|            2180           1.617                               0.650E+003
 RTBSE|            2181           1.616                               0.650E+003
 RTBSE|            2182           1.565                               0.650E+003
 RTBSE|            2183           1.617                               0.650E+003
 RTBSE|            2184           1.571                               0.650E+003
 RTBSE|            2185           1.563                               0.650E+003
 RTBSE|            2186           1.634                               0.650E+003
 RTBSE|            2187           1.717                               0.650E+003
 RTBSE|            2188           1.571                               0.650E+003
 RTBSE|            2189           1.562                               0.650E+003
 RTBSE|            2190           1.635                               0.650E+003
 RTBSE|            2191           1.756                               0.650E+003
 RTBSE|            2192           1.794                               0.650E+003
 RTBSE|            2193           1.551                               0.650E+003
 RTBSE|            2194           1.557                               0.650E+003
 RTBSE|            2195           1.577                               0.650E+003
 RTBSE|            2196           1.555                               0.650E+003
 RTBSE|            2197           1.561                               0.650E+003
 RTBSE|            2198           1.560                               0.650E+003
 RTBSE|            2199           1.557                               0.650E+003
 RTBSE|            2200           1.556                               0.650E+003
 RTBSE|            2201           1.616                               0.650E+003
 RTBSE|            2202           1.638                               0.650E+003
 RTBSE|            2203           1.592                               0.650E+003
 RTBSE|            2204           1.571                               0.650E+003
 RTBSE|            2205           1.761                               0.650E+003
 RTBSE|            2206           1.568                               0.650E+003
 RTBSE|            2207           1.556                               0.650E+003
 RTBSE|            2208           1.551                               0.650E+003
 RTBSE|            2209           1.567                               0.650E+003
 RTBSE|            2210           1.583                               0.650E+003
 RTBSE|            2211           1.559                               0.650E+003
 RTBSE|            2212           1.606                               0.650E+003
 RTBSE|            2213           1.587                               0.650E+003
 RTBSE|            2214           1.686                               0.650E+003
 RTBSE|            2215           1.567                               0.650E+003
 RTBSE|            2216           1.604                               0.650E+003
 RTBSE|            2217           1.629                               0.650E+003
 RTBSE|            2218           1.603                               0.650E+003
 RTBSE|            2219           1.587                               0.650E+003
 RTBSE|            2220           1.554                               0.650E+003
 RTBSE|            2221           1.615                               0.650E+003
 RTBSE|            2222           1.565                               0.650E+003
 RTBSE|            2223           1.558                               0.650E+003
 RTBSE|            2224           1.574                               0.650E+003
 RTBSE|            2225           1.561                               0.650E+003
 RTBSE|            2226           1.550                               0.650E+003
 RTBSE|            2227           1.564                               0.650E+003
 RTBSE|            2228           1.653                               0.650E+003
 RTBSE|            2229           1.719                               0.650E+003
 RTBSE|            2230           1.558                               0.650E+003
 RTBSE|            2231           1.582                               0.650E+003
 RTBSE|            2232           1.749                               0.650E+003
 RTBSE|            2233           1.648                               0.650E+003
 RTBSE|            2234           1.606                               0.650E+003
 RTBSE|            2235           1.570                               0.650E+003
 RTBSE|            2236           1.621                               0.650E+003
 RTBSE|            2237           1.586                               0.650E+003
 RTBSE|            2238           1.553                               0.650E+003
 RTBSE|            2239           1.552                               0.650E+003
 RTBSE|            2240           1.589                               0.650E+003
 RTBSE|            2241           1.564                               0.650E+003
 RTBSE|            2242           1.559                               0.650E+003
 RTBSE|            2243           1.781                               0.650E+003
 RTBSE|            2244           1.554                               0.650E+003
 RTBSE|            2245           1.618                               0.650E+003
 RTBSE|            2246           1.615                               0.650E+003
 RTBSE|            2247           1.683                               0.650E+003
 RTBSE|            2248           1.728                               0.650E+003
 RTBSE|            2249           1.645                               0.650E+003
 RTBSE|            2250           1.557                               0.650E+003
 RTBSE|            2251           1.754                               0.650E+003
 RTBSE|            2252           1.572                               0.650E+003
 RTBSE|            2253           1.559                               0.650E+003
 RTBSE|            2254           1.557                               0.650E+003
 RTBSE|            2255           1.563                               0.650E+003
 RTBSE|            2256           1.587                               0.650E+003
 RTBSE|            2257           1.546                               0.650E+003
 RTBSE|            2258           1.563                               0.650E+003
 RTBSE|            2259           1.567                               0.650E+003
 RTBSE|            2260           1.555                               0.650E+003
 RTBSE|            2261           1.593                               0.650E+003
 RTBSE|            2262           1.596                               0.650E+003
 RTBSE|            2263           1.599                               0.650E+003
 RTBSE|            2264           1.622                               0.650E+003
 RTBSE|            2265           1.653                               0.650E+003
 RTBSE|            2266           1.758                               0.650E+003
 RTBSE|            2267           1.604                               0.650E+003
 RTBSE|            2268           1.557                               0.650E+003
 RTBSE|            2269           1.566                               0.650E+003
 RTBSE|            2270           1.565                               0.650E+003
 RTBSE|            2271           1.566                               0.650E+003
 RTBSE|            2272           1.558                               0.650E+003
 RTBSE|            2273           1.548                               0.650E+003
 RTBSE|            2274           1.556                               0.650E+003
 RTBSE|            2275           1.549                               0.650E+003
 RTBSE|            2276           1.552                               0.650E+003
 RTBSE|            2277           1.582                               0.650E+003
 RTBSE|            2278           1.566                               0.650E+003
 RTBSE|            2279           1.573                               0.650E+003
 RTBSE|            2280           1.769                               0.650E+003
 RTBSE|            2281           1.632                               0.650E+003
 RTBSE|            2282           1.548                               0.650E+003
 RTBSE|            2283           1.623                               0.650E+003
 RTBSE|            2284           1.603                               0.650E+003
 RTBSE|            2285           1.572                               0.650E+003
 RTBSE|            2286           1.556                               0.650E+003
 RTBSE|            2287           1.548                               0.650E+003
 RTBSE|            2288           1.754                               0.650E+003
 RTBSE|            2289           1.589                               0.650E+003
 RTBSE|            2290           1.561                               0.650E+003
 RTBSE|            2291           1.565                               0.650E+003
 RTBSE|            2292           1.601                               0.650E+003
 RTBSE|            2293           1.611                               0.650E+003
 RTBSE|            2294           1.590                               0.650E+003
 RTBSE|            2295           1.575                               0.650E+003
 RTBSE|            2296           1.664                               0.650E+003
 RTBSE|            2297           1.565                               0.650E+003
 RTBSE|            2298           1.573                               0.650E+003
 RTBSE|            2299           1.659                               0.650E+003
 RTBSE|            2300           1.574                               0.650E+003
 RTBSE|            2301           1.556                               0.650E+003
 RTBSE|            2302           1.578                               0.650E+003
 RTBSE|            2303           1.746                               0.650E+003
 RTBSE|            2304           1.770                               0.650E+003
 RTBSE|            2305           1.560                               0.650E+003
 RTBSE|            2306           1.566                               0.650E+003
 RTBSE|            2307           1.584                               0.650E+003
 RTBSE|            2308           1.573                               0.650E+003
 RTBSE|            2309           1.555                               0.650E+003
 RTBSE|            2310           1.576                               0.650E+003
 RTBSE|            2311           1.591                               0.650E+003
 RTBSE|            2312           1.631                               0.650E+003
 RTBSE|            2313           1.589                               0.650E+003
 RTBSE|            2314           1.598                               0.650E+003
 RTBSE|            2315           1.601                               0.650E+003
 RTBSE|            2316           1.581                               0.650E+003
 RTBSE|            2317           1.687                               0.650E+003
 RTBSE|            2318           1.561                               0.650E+003
 RTBSE|            2319           1.557                               0.650E+003
 RTBSE|            2320           1.582                               0.650E+003
 RTBSE|            2321           1.565                               0.650E+003
 RTBSE|            2322           1.663                               0.650E+003
 RTBSE|            2323           1.614                               0.650E+003
 RTBSE|            2324           1.573                               0.650E+003
 RTBSE|            2325           1.563                               0.650E+003
 RTBSE|            2326           1.715                               0.650E+003
 RTBSE|            2327           1.618                               0.650E+003
 RTBSE|            2328           1.568                               0.650E+003
 RTBSE|            2329           1.570                               0.650E+003
 RTBSE|            2330           1.611                               0.650E+003
 RTBSE|            2331           1.579                               0.650E+003
 RTBSE|            2332           1.565                               0.650E+003
 RTBSE|            2333           1.571                               0.650E+003
 RTBSE|            2334           1.556                               0.650E+003
 RTBSE|            2335           1.553                               0.650E+003
 RTBSE|            2336           1.578                               0.650E+003
 RTBSE|            2337           1.559                               0.650E+003
 RTBSE|            2338           1.557                               0.650E+003
 RTBSE|            2339           1.568                               0.650E+003
 RTBSE|            2340           1.650                               0.650E+003
 RTBSE|            2341           1.715                               0.650E+003
 RTBSE|            2342           1.589                               0.650E+003
 RTBSE|            2343           1.563                               0.650E+003
 RTBSE|            2344           1.709                               0.650E+003
 RTBSE|            2345           1.606                               0.650E+003
 RTBSE|            2346           1.624                               0.650E+003
 RTBSE|            2347           1.584                               0.650E+003
 RTBSE|            2348           1.552                               0.650E+003
 RTBSE|            2349           1.620                               0.650E+003
 RTBSE|            2350           1.564                               0.650E+003
 RTBSE|            2351           1.557                               0.650E+003
 RTBSE|            2352           1.632                               0.650E+003
 RTBSE|            2353           1.604                               0.650E+003
 RTBSE|            2354           1.581                               0.650E+003
 RTBSE|            2355           1.830                               0.650E+003
 RTBSE|            2356           1.593                               0.650E+003
 RTBSE|            2357           1.587                               0.650E+003
 RTBSE|            2358           1.641                               0.650E+003
 RTBSE|            2359           1.685                               0.650E+003
 RTBSE|            2360           1.633                               0.650E+003
 RTBSE|            2361           1.586                               0.650E+003
 RTBSE|            2362           1.567                               0.650E+003
 RTBSE|            2363           1.704                               0.650E+003
 RTBSE|            2364           1.560                               0.650E+003
 RTBSE|            2365           1.559                               0.650E+003
 RTBSE|            2366           1.558                               0.650E+003
 RTBSE|            2367           1.560                               0.650E+003
 RTBSE|            2368           1.583                               0.650E+003
 RTBSE|            2369           1.557                               0.650E+003
 RTBSE|            2370           1.571                               0.650E+003
 RTBSE|            2371           1.570                               0.650E+003
 RTBSE|            2372           1.562                               0.650E+003
 RTBSE|            2373           1.600                               0.650E+003
 RTBSE|            2374           1.613                               0.650E+003
 RTBSE|            2375           1.587                               0.650E+003
 RTBSE|            2376           1.559                               0.650E+003
 RTBSE|            2377           1.603                               0.650E+003
 RTBSE|            2378           1.822                               0.650E+003
 RTBSE|            2379           1.617                               0.650E+003
 RTBSE|            2380           1.564                               0.650E+003
 RTBSE|            2381           1.590                               0.650E+003
 RTBSE|            2382           1.647                               0.650E+003
 RTBSE|            2383           1.626                               0.650E+003
 RTBSE|            2384           1.559                               0.650E+003
 RTBSE|            2385           1.553                               0.650E+003
 RTBSE|            2386           1.598                               0.650E+003
 RTBSE|            2387           1.560                               0.650E+003
 RTBSE|            2388           1.563                               0.650E+003
 RTBSE|            2389           1.631                               0.650E+003
 RTBSE|            2390           1.624                               0.650E+003
 RTBSE|            2391           1.558                               0.650E+003
 RTBSE|            2392           1.662                               0.650E+003
 RTBSE|            2393           1.615                               0.650E+003
 RTBSE|            2394           1.572                               0.650E+003
 RTBSE|            2395           1.608                               0.650E+003
 RTBSE|            2396           1.592                               0.650E+003
 RTBSE|            2397           1.579                               0.650E+003
 RTBSE|            2398           1.565                               0.650E+003
 RTBSE|            2399           1.554                               0.650E+003
 RTBSE|            2400           1.787                               0.650E+003
 RTBSE|            2401           1.571                               0.650E+003
 RTBSE|            2402           1.573                               0.650E+003
 RTBSE|            2403           1.556                               0.650E+003
 RTBSE|            2404           1.612                               0.650E+003
 RTBSE|            2405           1.595                               0.650E+003
 RTBSE|            2406           1.569                               0.650E+003
 RTBSE|            2407           1.572                               0.650E+003
 RTBSE|            2408           1.606                               0.650E+003
 RTBSE|            2409           1.550                               0.650E+003
 RTBSE|            2410           1.562                               0.650E+003
 RTBSE|            2411           1.715                               0.650E+003
 RTBSE|            2412           1.604                               0.650E+003
 RTBSE|            2413           1.656                               0.650E+003
 RTBSE|            2414           1.574                               0.650E+003
 RTBSE|            2415           1.753                               0.650E+003
 RTBSE|            2416           1.781                               0.650E+003
 RTBSE|            2417           1.558                               0.650E+003
 RTBSE|            2418           1.568                               0.650E+003
 RTBSE|            2419           1.620                               0.650E+003
 RTBSE|            2420           1.640                               0.650E+003
 RTBSE|            2421           1.561                               0.650E+003
 RTBSE|            2422           1.565                               0.650E+003
 RTBSE|            2423           1.603                               0.650E+003
 RTBSE|            2424           1.564                               0.650E+003
 RTBSE|            2425           1.561                               0.650E+003
 RTBSE|            2426           1.599                               0.650E+003
 RTBSE|            2427           1.560                               0.650E+003
 RTBSE|            2428           1.559                               0.650E+003
 RTBSE|            2429           1.707                               0.650E+003
 RTBSE|            2430           1.934                               0.650E+003
 RTBSE|            2431           1.559                               0.650E+003
 RTBSE|            2432           1.613                               0.650E+003
 RTBSE|            2433           1.637                               0.650E+003
 RTBSE|            2434           1.636                               0.650E+003
 RTBSE|            2435           1.588                               0.650E+003
 RTBSE|            2436           1.565                               0.650E+003
 RTBSE|            2437           1.710                               0.650E+003
 RTBSE|            2438           1.561                               0.650E+003
 RTBSE|            2439           1.556                               0.650E+003
 RTBSE|            2440           1.579                               0.650E+003
 RTBSE|            2441           1.632                               0.650E+003
 RTBSE|            2442           1.631                               0.650E+003
 RTBSE|            2443           1.619                               0.650E+003
 RTBSE|            2444           1.651                               0.650E+003
 RTBSE|            2445           1.580                               0.650E+003
 RTBSE|            2446           1.648                               0.650E+003
 RTBSE|            2447           1.583                               0.650E+003
 RTBSE|            2448           1.586                               0.650E+003
 RTBSE|            2449           1.621                               0.650E+003
 RTBSE|            2450           1.600                               0.650E+003
 RTBSE|            2451           1.574                               0.650E+003
 RTBSE|            2452           1.722                               0.650E+003
 RTBSE|            2453           1.650                               0.650E+003
 RTBSE|            2454           1.565                               0.650E+003
 RTBSE|            2455           1.564                               0.650E+003
 RTBSE|            2456           1.676                               0.650E+003
 RTBSE|            2457           1.566                               0.650E+003
 RTBSE|            2458           1.548                               0.650E+003
 RTBSE|            2459           1.558                               0.650E+003
 RTBSE|            2460           1.563                               0.650E+003
 RTBSE|            2461           1.567                               0.650E+003
 RTBSE|            2462           1.557                               0.650E+003
 RTBSE|            2463           1.601                               0.650E+003
 RTBSE|            2464           1.586                               0.650E+003
 RTBSE|            2465           1.644                               0.650E+003
 RTBSE|            2466           1.821                               0.650E+003
 RTBSE|            2467           1.566                               0.650E+003
 RTBSE|            2468           1.608                               0.650E+003
 RTBSE|            2469           1.588                               0.650E+003
 RTBSE|            2470           1.683                               0.650E+003
 RTBSE|            2471           1.722                               0.650E+003
 RTBSE|            2472           1.578                               0.650E+003
 RTBSE|            2473           1.555                               0.650E+003
 RTBSE|            2474           1.716                               0.650E+003
 RTBSE|            2475           1.626                               0.650E+003
 RTBSE|            2476           1.604                               0.650E+003
 RTBSE|            2477           1.570                               0.650E+003
 RTBSE|            2478           1.610                               0.650E+003
 RTBSE|            2479           1.649                               0.650E+003
 RTBSE|            2480           1.586                               0.650E+003
 RTBSE|            2481           1.582                               0.650E+003
 RTBSE|            2482           1.565                               0.650E+003
 RTBSE|            2483           1.612                               0.650E+003
 RTBSE|            2484           1.571                               0.650E+003
 RTBSE|            2485           1.588                               0.650E+003
 RTBSE|            2486           1.556                               0.650E+003
 RTBSE|            2487           1.555                               0.650E+003
 RTBSE|            2488           1.567                               0.650E+003
 RTBSE|            2489           1.689                               0.650E+003
 RTBSE|            2490           1.713                               0.650E+003
 RTBSE|            2491           1.549                               0.650E+003
 RTBSE|            2492           1.552                               0.650E+003
 RTBSE|            2493           1.586                               0.650E+003
 RTBSE|            2494           1.576                               0.650E+003
 RTBSE|            2495           1.591                               0.650E+003
 RTBSE|            2496           1.596                               0.650E+003
 RTBSE|            2497           1.584                               0.650E+003
 RTBSE|            2498           1.576                               0.650E+003
 RTBSE|            2499           1.606                               0.650E+003
 RTBSE|            2500           1.592                               0.650E+003
 RTBSE|            2501           1.632                               0.650E+003
 RTBSE|            2502           1.583                               0.650E+003
 RTBSE|            2503           1.713                               0.650E+003
 RTBSE|            2504           1.577                               0.650E+003
 RTBSE|            2505           1.589                               0.650E+003
 RTBSE|            2506           1.602                               0.650E+003
 RTBSE|            2507           1.577                               0.650E+003
 RTBSE|            2508           1.652                               0.650E+003
 RTBSE|            2509           1.603                               0.650E+003
 RTBSE|            2510           1.614                               0.650E+003
 RTBSE|            2511           1.783                               0.650E+003
 RTBSE|            2512           1.632                               0.650E+003
 RTBSE|            2513           1.571                               0.650E+003
 RTBSE|            2514           1.616                               0.650E+003
 RTBSE|            2515           1.552                               0.650E+003
 RTBSE|            2516           1.591                               0.650E+003
 RTBSE|            2517           1.552                               0.650E+003
 RTBSE|            2518           1.550                               0.650E+003
 RTBSE|            2519           1.557                               0.650E+003
 RTBSE|            2520           1.555                               0.650E+003
 RTBSE|            2521           1.551                               0.650E+003
 RTBSE|            2522           1.645                               0.650E+003
 RTBSE|            2523           1.565                               0.650E+003
 RTBSE|            2524           1.555                               0.650E+003
 RTBSE|            2525           1.562                               0.650E+003
 RTBSE|            2526           1.829                               0.650E+003
 RTBSE|            2527           1.808                               0.650E+003
 RTBSE|            2528           1.588                               0.650E+003
 RTBSE|            2529           1.565                               0.650E+003
 RTBSE|            2530           1.667                               0.650E+003
 RTBSE|            2531           1.600                               0.650E+003
 RTBSE|            2532           1.550                               0.650E+003
 RTBSE|            2533           1.555                               0.650E+003
 RTBSE|            2534           1.598                               0.650E+003
 RTBSE|            2535           1.548                               0.650E+003
 RTBSE|            2536           1.559                               0.650E+003
 RTBSE|            2537           1.593                               0.650E+003
 RTBSE|            2538           1.559                               0.650E+003
 RTBSE|            2539           1.550                               0.650E+003
 RTBSE|            2540           1.575                               0.650E+003
 RTBSE|            2541           1.767                               0.650E+003
 RTBSE|            2542           1.646                               0.650E+003
 RTBSE|            2543           1.597                               0.650E+003
 RTBSE|            2544           1.593                               0.650E+003
 RTBSE|            2545           1.666                               0.650E+003
 RTBSE|            2546           1.556                               0.650E+003
 RTBSE|            2547           1.555                               0.650E+003
 RTBSE|            2548           1.553                               0.650E+003
 RTBSE|            2549           1.699                               0.650E+003
 RTBSE|            2550           1.574                               0.650E+003
 RTBSE|            2551           1.563                               0.650E+003
 RTBSE|            2552           1.552                               0.650E+003
 RTBSE|            2553           1.553                               0.650E+003
 RTBSE|            2554           1.583                               0.650E+003
 RTBSE|            2555           1.561                               0.650E+003
 RTBSE|            2556           1.581                               0.650E+003
 RTBSE|            2557           1.563                               0.650E+003
 RTBSE|            2558           1.584                               0.650E+003
 RTBSE|            2559           1.627                               0.650E+003
 RTBSE|            2560           1.576                               0.650E+003
 RTBSE|            2561           1.571                               0.650E+003
 RTBSE|            2562           1.585                               0.650E+003
 RTBSE|            2563           1.665                               0.650E+003
 RTBSE|            2564           1.775                               0.650E+003
 RTBSE|            2565           1.560                               0.650E+003
 RTBSE|            2566           1.602                               0.650E+003
 RTBSE|            2567           1.677                               0.650E+003
 RTBSE|            2568           1.599                               0.650E+003
 RTBSE|            2569           1.583                               0.650E+003
 RTBSE|            2570           1.560                               0.650E+003
 RTBSE|            2571           1.561                               0.650E+003
 RTBSE|            2572           1.587                               0.650E+003
 RTBSE|            2573           1.627                               0.650E+003
 RTBSE|            2574           1.631                               0.650E+003
 RTBSE|            2575           1.641                               0.650E+003
 RTBSE|            2576           1.599                               0.650E+003
 RTBSE|            2577           1.556                               0.650E+003
 RTBSE|            2578           1.808                               0.650E+003
 RTBSE|            2579           1.560                               0.650E+003
 RTBSE|            2580           1.563                               0.650E+003
 RTBSE|            2581           1.582                               0.650E+003
 RTBSE|            2582           1.762                               0.650E+003
 RTBSE|            2583           1.558                               0.650E+003
 RTBSE|            2584           1.565                               0.650E+003
 RTBSE|            2585           1.566                               0.650E+003
 RTBSE|            2586           1.712                               0.650E+003
 RTBSE|            2587           1.564                               0.650E+003
 RTBSE|            2588           1.579                               0.650E+003
 RTBSE|            2589           1.639                               0.650E+003
 RTBSE|            2590           1.591                               0.650E+003
 RTBSE|            2591           1.619                               0.650E+003
 RTBSE|            2592           1.622                               0.650E+003
 RTBSE|            2593           1.611                               0.650E+003
 RTBSE|            2594           1.572                               0.650E+003
 RTBSE|            2595           1.623                               0.650E+003
 RTBSE|            2596           1.597                               0.650E+003
 RTBSE|            2597           1.576                               0.650E+003
 RTBSE|            2598           1.559                               0.650E+003
 RTBSE|            2599           1.582                               0.650E+003
 RTBSE|            2600           1.580                               0.650E+003
 RTBSE|            2601           1.786                               0.650E+003
 RTBSE|            2602           1.627                               0.650E+003
 RTBSE|            2603           1.593                               0.650E+003
 RTBSE|            2604           1.598                               0.650E+003
 RTBSE|            2605           1.582                               0.650E+003
 RTBSE|            2606           1.659                               0.650E+003
 RTBSE|            2607           1.602                               0.650E+003
 RTBSE|            2608           1.559                               0.650E+003
 RTBSE|            2609           1.566                               0.650E+003
 RTBSE|            2610           1.595                               0.650E+003
 RTBSE|            2611           1.555                               0.650E+003
 RTBSE|            2612           1.602                               0.650E+003
 RTBSE|            2613           1.569                               0.650E+003
 RTBSE|            2614           1.569                               0.650E+003
 RTBSE|            2615           1.730                               0.650E+003
 RTBSE|            2616           1.563                               0.650E+003
 RTBSE|            2617           1.566                               0.650E+003
 RTBSE|            2618           1.598                               0.650E+003
 RTBSE|            2619           1.641                               0.650E+003
 RTBSE|            2620           1.608                               0.650E+003
 RTBSE|            2621           1.596                               0.650E+003
 RTBSE|            2622           1.767                               0.650E+003
 RTBSE|            2623           1.726                               0.650E+003
 RTBSE|            2624           1.582                               0.650E+003
 RTBSE|            2625           1.640                               0.650E+003
 RTBSE|            2626           1.561                               0.650E+003
 RTBSE|            2627           1.560                               0.650E+003
 RTBSE|            2628           1.583                               0.650E+003
 RTBSE|            2629           1.566                               0.650E+003
 RTBSE|            2630           1.571                               0.650E+003
 RTBSE|            2631           1.568                               0.650E+003
 RTBSE|            2632           1.569                               0.650E+003
 RTBSE|            2633           1.626                               0.650E+003
 RTBSE|            2634           1.715                               0.650E+003
 RTBSE|            2635           1.602                               0.650E+003
 RTBSE|            2636           1.582                               0.650E+003
 RTBSE|            2637           1.579                               0.650E+003
 RTBSE|            2638           2.003                               0.650E+003
 RTBSE|            2639           1.589                               0.650E+003
 RTBSE|            2640           1.592                               0.650E+003
 RTBSE|            2641           1.584                               0.650E+003
 RTBSE|            2642           1.714                               0.650E+003
 RTBSE|            2643           1.573                               0.650E+003
 RTBSE|            2644           1.562                               0.650E+003
 RTBSE|            2645           1.570                               0.650E+003
 RTBSE|            2646           1.565                               0.650E+003
 RTBSE|            2647           1.564                               0.650E+003
 RTBSE|            2648           1.559                               0.650E+003
 RTBSE|            2649           1.603                               0.650E+003
 RTBSE|            2650           1.628                               0.650E+003
 RTBSE|            2651           1.682                               0.650E+003
 RTBSE|            2652           1.870                               0.650E+003
 RTBSE|            2653           1.563                               0.650E+003
 RTBSE|            2654           1.664                               0.650E+003
 RTBSE|            2655           1.566                               0.650E+003
 RTBSE|            2656           1.615                               0.650E+003
 RTBSE|            2657           1.564                               0.650E+003
 RTBSE|            2658           1.573                               0.650E+003
 RTBSE|            2659           1.691                               0.650E+003
 RTBSE|            2660           1.567                               0.650E+003
 RTBSE|            2661           1.590                               0.650E+003
 RTBSE|            2662           1.580                               0.650E+003
 RTBSE|            2663           1.581                               0.650E+003
 RTBSE|            2664           1.626                               0.650E+003
 RTBSE|            2665           1.579                               0.650E+003
 RTBSE|            2666           1.569                               0.650E+003
 RTBSE|            2667           1.613                               0.650E+003
 RTBSE|            2668           1.580                               0.650E+003
 RTBSE|            2669           1.569                               0.650E+003
 RTBSE|            2670           1.584                               0.650E+003
 RTBSE|            2671           1.610                               0.650E+003
 RTBSE|            2672           1.627                               0.650E+003
 RTBSE|            2673           1.580                               0.650E+003
 RTBSE|            2674           1.589                               0.650E+003
 RTBSE|            2675           1.823                               0.650E+003
 RTBSE|            2676           1.557                               0.650E+003
 RTBSE|            2677           1.562                               0.650E+003
 RTBSE|            2678           1.691                               0.650E+003
 RTBSE|            2679           1.566                               0.650E+003
 RTBSE|            2680           1.594                               0.650E+003
 RTBSE|            2681           1.693                               0.650E+003
 RTBSE|            2682           1.631                               0.650E+003
 RTBSE|            2683           1.559                               0.650E+003
 RTBSE|            2684           1.667                               0.650E+003
 RTBSE|            2685           1.573                               0.650E+003
 RTBSE|            2686           1.597                               0.650E+003
 RTBSE|            2687           1.564                               0.650E+003
 RTBSE|            2688           1.563                               0.650E+003
 RTBSE|            2689           1.837                               0.650E+003
 RTBSE|            2690           1.562                               0.650E+003
 RTBSE|            2691           1.553                               0.650E+003
 RTBSE|            2692           1.603                               0.650E+003
 RTBSE|            2693           1.814                               0.650E+003
 RTBSE|            2694           1.635                               0.650E+003
 RTBSE|            2695           1.566                               0.650E+003
 RTBSE|            2696           1.695                               0.650E+003
 RTBSE|            2697           1.589                               0.650E+003
 RTBSE|            2698           1.570                               0.650E+003
 RTBSE|            2699           1.556                               0.650E+003
 RTBSE|            2700           1.560                               0.650E+003
 RTBSE|            2701           1.556                               0.650E+003
 RTBSE|            2702           1.569                               0.650E+003
 RTBSE|            2703           1.559                               0.650E+003
 RTBSE|            2704           1.615                               0.650E+003
 RTBSE|            2705           1.620                               0.650E+003
 RTBSE|            2706           1.565                               0.650E+003
 RTBSE|            2707           1.588                               0.650E+003
 RTBSE|            2708           1.623                               0.650E+003
 RTBSE|            2709           1.552                               0.650E+003
 RTBSE|            2710           1.621                               0.650E+003
 RTBSE|            2711           1.630                               0.650E+003
 RTBSE|            2712           1.876                               0.650E+003
 RTBSE|            2713           1.576                               0.650E+003
 RTBSE|            2714           1.595                               0.650E+003
 RTBSE|            2715           1.630                               0.650E+003
 RTBSE|            2716           1.575                               0.650E+003
 RTBSE|            2717           1.566                               0.650E+003
 RTBSE|            2718           1.576                               0.650E+003
 RTBSE|            2719           1.558                               0.650E+003
 RTBSE|            2720           1.573                               0.650E+003
 RTBSE|            2721           1.558                               0.650E+003
 RTBSE|            2722           1.572                               0.650E+003
 RTBSE|            2723           1.590                               0.650E+003
 RTBSE|            2724           1.571                               0.650E+003
 RTBSE|            2725           1.618                               0.650E+003
 RTBSE|            2726           1.774                               0.650E+003
 RTBSE|            2727           1.575                               0.650E+003
 RTBSE|            2728           1.572                               0.650E+003
 RTBSE|            2729           1.657                               0.650E+003
 RTBSE|            2730           1.613                               0.650E+003
 RTBSE|            2731           1.560                               0.650E+003
 RTBSE|            2732           1.566                               0.650E+003
 RTBSE|            2733           1.569                               0.650E+003
 RTBSE|            2734           1.808                               0.650E+003
 RTBSE|            2735           1.586                               0.650E+003
 RTBSE|            2736           1.584                               0.650E+003
 RTBSE|            2737           1.602                               0.650E+003
 RTBSE|            2738           1.604                               0.650E+003
 RTBSE|            2739           1.589                               0.650E+003
 RTBSE|            2740           1.641                               0.650E+003
 RTBSE|            2741           1.606                               0.650E+003
 RTBSE|            2742           1.609                               0.650E+003
 RTBSE|            2743           1.609                               0.650E+003
 RTBSE|            2744           1.610                               0.650E+003
 RTBSE|            2745           1.665                               0.650E+003
 RTBSE|            2746           1.598                               0.650E+003
 RTBSE|            2747           1.573                               0.650E+003
 RTBSE|            2748           1.593                               0.650E+003
 RTBSE|            2749           1.903                               0.650E+003
 RTBSE|            2750           1.571                               0.650E+003
 RTBSE|            2751           1.569                               0.650E+003
 RTBSE|            2752           1.594                               0.650E+003
 RTBSE|            2753           1.579                               0.650E+003
 RTBSE|            2754           1.573                               0.650E+003
 RTBSE|            2755           1.607                               0.650E+003
 RTBSE|            2756           1.637                               0.650E+003
 RTBSE|            2757           1.571                               0.650E+003
 RTBSE|            2758           1.562                               0.650E+003
 RTBSE|            2759           1.611                               0.650E+003
 RTBSE|            2760           1.582                               0.650E+003
 RTBSE|            2761           1.567                               0.650E+003
 RTBSE|            2762           1.565                               0.650E+003
 RTBSE|            2763           1.686                               0.650E+003
 RTBSE|            2764           1.593                               0.650E+003
 RTBSE|            2765           1.563                               0.650E+003
 RTBSE|            2766           1.576                               0.650E+003
 RTBSE|            2767           1.586                               0.650E+003
 RTBSE|            2768           1.581                               0.650E+003
 RTBSE|            2769           1.580                               0.650E+003
 RTBSE|            2770           1.665                               0.650E+003
 RTBSE|            2771           1.746                               0.650E+003
 RTBSE|            2772           1.622                               0.650E+003
 RTBSE|            2773           1.702                               0.650E+003
 RTBSE|            2774           1.645                               0.650E+003
 RTBSE|            2775           1.564                               0.650E+003
 RTBSE|            2776           1.583                               0.650E+003
 RTBSE|            2777           1.614                               0.650E+003
 RTBSE|            2778           1.574                               0.650E+003
 RTBSE|            2779           1.561                               0.650E+003
 RTBSE|            2780           1.573                               0.650E+003
 RTBSE|            2781           1.569                               0.650E+003
 RTBSE|            2782           1.601                               0.650E+003
 RTBSE|            2783           1.572                               0.650E+003
 RTBSE|            2784           1.578                               0.650E+003
 RTBSE|            2785           1.560                               0.650E+003
 RTBSE|            2786           1.816                               0.650E+003
 RTBSE|            2787           1.627                               0.650E+003
 RTBSE|            2788           1.575                               0.650E+003
 RTBSE|            2789           1.673                               0.650E+003
 RTBSE|            2790           1.610                               0.650E+003
 RTBSE|            2791           1.570                               0.650E+003
 RTBSE|            2792           1.571                               0.650E+003
 RTBSE|            2793           1.556                               0.650E+003
 RTBSE|            2794           1.565                               0.650E+003
 RTBSE|            2795           1.558                               0.650E+003
 RTBSE|            2796           1.561                               0.650E+003
 RTBSE|            2797           1.583                               0.650E+003
 RTBSE|            2798           1.569                               0.650E+003
 RTBSE|            2799           1.566                               0.650E+003
 RTBSE|            2800           1.738                               0.650E+003
 RTBSE|            2801           1.665                               0.650E+003
 RTBSE|            2802           1.607                               0.650E+003
 RTBSE|            2803           1.639                               0.650E+003
 RTBSE|            2804           1.647                               0.650E+003
 RTBSE|            2805           1.835                               0.650E+003
 RTBSE|            2806           1.564                               0.650E+003
 RTBSE|            2807           1.619                               0.650E+003
 RTBSE|            2808           1.702                               0.650E+003
 RTBSE|            2809           1.565                               0.650E+003
 RTBSE|            2810           1.571                               0.650E+003
 RTBSE|            2811           1.554                               0.650E+003
 RTBSE|            2812           1.564                               0.650E+003
 RTBSE|            2813           1.579                               0.650E+003
 RTBSE|            2814           1.564                               0.650E+003
 RTBSE|            2815           1.582                               0.650E+003
 RTBSE|            2816           1.619                               0.650E+003
 RTBSE|            2817           1.589                               0.650E+003
 RTBSE|            2818           1.592                               0.650E+003
 RTBSE|            2819           1.577                               0.650E+003
 RTBSE|            2820           1.588                               0.650E+003
 RTBSE|            2821           1.568                               0.650E+003
 RTBSE|            2822           1.572                               0.650E+003
 RTBSE|            2823           1.799                               0.650E+003
 RTBSE|            2824           1.561                               0.650E+003
 RTBSE|            2825           1.567                               0.650E+003
 RTBSE|            2826           1.568                               0.650E+003
 RTBSE|            2827           1.567                               0.650E+003
 RTBSE|            2828           1.578                               0.650E+003
 RTBSE|            2829           1.576                               0.650E+003
 RTBSE|            2830           1.589                               0.650E+003
 RTBSE|            2831           1.594                               0.650E+003
 RTBSE|            2832           1.610                               0.650E+003
 RTBSE|            2833           1.557                               0.650E+003
 RTBSE|            2834           1.585                               0.650E+003
 RTBSE|            2835           1.644                               0.650E+003
 RTBSE|            2836           1.601                               0.650E+003
 RTBSE|            2837           1.654                               0.650E+003
 RTBSE|            2838           1.782                               0.650E+003
 RTBSE|            2839           1.558                               0.650E+003
 RTBSE|            2840           1.615                               0.650E+003
 RTBSE|            2841           1.630                               0.650E+003
 RTBSE|            2842           1.609                               0.650E+003
 RTBSE|            2843           1.559                               0.650E+003
 RTBSE|            2844           1.565                               0.650E+003
 RTBSE|            2845           1.744                               0.650E+003
 RTBSE|            2846           1.595                               0.650E+003
 RTBSE|            2847           1.601                               0.650E+003
 RTBSE|            2848           1.619                               0.650E+003
 RTBSE|            2849           1.575                               0.650E+003
 RTBSE|            2850           1.594                               0.650E+003
 RTBSE|            2851           1.629                               0.650E+003
 RTBSE|            2852           1.568                               0.650E+003
 RTBSE|            2853           1.559                               0.650E+003
 RTBSE|            2854           1.562                               0.650E+003
 RTBSE|            2855           1.565                               0.650E+003
 RTBSE|            2856           1.669                               0.650E+003
 RTBSE|            2857           1.566                               0.650E+003
 RTBSE|            2858           1.565                               0.650E+003
 RTBSE|            2859           1.577                               0.650E+003
  GREENX FT_PADE| n_pade, n_fit, window [eV]   484     968     0.0000    19.9960
  GREENX FT_PADE| n_pade, n_fit, window [eV]   484     968     0.0000    19.9960
  GREENX FT_PADE| n_pade, n_fit, window [eV]   484     968     0.0000    19.9960
 STATIC_POL|         spin  element Re [a.u.]              Im [a.u.]
 STATIC_POL|            1    1,  2      7.3024366689E-002      1.0186910632E-015
 STATIC_POL|            1    2,  2      1.4437849188E+004     -6.0181133579E-013
 STATIC_POL|            1    3,  2      2.9809656038E-002     -7.8360851015E-017

 -------------------------------------------------------------------------------
 -                                                                             -
 -                                DBCSR STATISTICS                             -
 -                                                                             -
 -------------------------------------------------------------------------------
 COUNTER                                    TOTAL       BLAS       SMM       ACC
 flops     6 x     6 x    72            235923840       0.0%    100.0%      0.0%     
 flops     6 x     6 x    96            629130240       0.0%    100.0%      0.0%     
 flops     6 x     6 x    64           1048550400       0.0%    100.0%      0.0%     
 flops     5 x     5 x     3           1115736300       0.0%    100.0%      0.0%     
 flops     3 x     5 x     5           1342732500       0.0%    100.0%      0.0%     
 flops     6 x    13 x    72           1566661824       0.0%    100.0%      0.0%     
 flops    13 x     6 x    72           1574030016       0.0%    100.0%      0.0%     
 flops     3 x     5 x     3           1957015260       0.0%    100.0%      0.0%     
 flops     3 x     3 x     5           2565362070       0.0%    100.0%      0.0%     
 flops     5 x     5 x    27           3163715550       0.0%    100.0%      0.0%     
 flops    27 x     5 x     5           3959354250       0.0%    100.0%      0.0%     
 flops     6 x    13 x    96           4177764864       0.0%    100.0%      0.0%     
 flops    13 x     6 x    96           4197413376       0.0%    100.0%      0.0%     
 flops    27 x     5 x     3           5364042750       0.0%    100.0%      0.0%     
 flops     3 x     5 x    27           6395209200       0.0%    100.0%      0.0%     
 flops     6 x    13 x    64           6962941440       0.0%    100.0%      0.0%     
 flops    13 x     6 x    64           6995688960       0.0%    100.0%      0.0%     
 flops     3 x    27 x     5           7509155220       0.0%    100.0%      0.0%     
 flops    27 x     3 x     5           7567831620       0.0%    100.0%      0.0%     
 flops    13 x    13 x    72          10596381120       0.0%    100.0%      0.0%     
 flops    27 x     5 x    27          17837397990       0.0%    100.0%      0.0%     
 flops     5 x    30 x     3          21587519700       0.0%    100.0%      0.0%     
 flops    27 x    27 x     5          22156650090       0.0%    100.0%      0.0%     
 flops    30 x     5 x     3          23053238100       0.0%    100.0%      0.0%     
 flops     3 x    30 x     5          26326606500       0.0%    100.0%      0.0%     
 flops     5 x     5 x    32          28227843200       0.0%    100.0%      0.0%     
 flops    13 x    13 x    96          28257016320       0.0%    100.0%      0.0%     
 flops     3 x     5 x    30          28850058900       0.0%    100.0%      0.0%     
 flops    32 x     5 x     5          31997632000       0.0%    100.0%      0.0%     
 flops     3 x    30 x     3          41868789840       0.0%    100.0%      0.0%     
 flops    32 x     5 x     3          44590363200       0.0%    100.0%      0.0%     
 flops    13 x    13 x    64          47095027200       0.0%    100.0%      0.0%     
 flops     3 x     5 x    32          53693425920       0.0%    100.0%      0.0%     
 flops     3 x     3 x    30          54356638140       0.0%    100.0%      0.0%     
 flops    32 x     3 x     5          55884503040       0.0%    100.0%      0.0%     
 flops     3 x    32 x     5          60832566720       0.0%    100.0%      0.0%     
 flops     5 x    30 x    27          61496342100       0.0%    100.0%      0.0%     
 flops    30 x     5 x    27          65207421900       0.0%    100.0%      0.0%     
 flops    27 x    30 x     5          77350617900       0.0%    100.0%      0.0%     
 flops    27 x     5 x    30          84254863500       0.0%    100.0%      0.0%     
 flops    27 x    30 x     3         115578094860       0.0%    100.0%      0.0%     
 flops     3 x    30 x    27         132753023820       0.0%    100.0%      0.0%     
 flops    32 x     5 x    27         142253634240       0.0%    100.0%      0.0%     
 flops    27 x     5 x    32         151063297920       0.0%    100.0%      0.0%     
 flops     3 x    27 x    30         158280062040       0.0%    100.0%      0.0%     
 flops    27 x     3 x    30         159818120820       0.0%    100.0%      0.0%     
 flops    32 x    27 x     5         163619887680       0.0%    100.0%      0.0%     
 flops    27 x    32 x     5         179538672960       0.0%    100.0%      0.0%     
 flops    27 x    30 x    27         371936441520       0.0%    100.0%      0.0%     
 flops    30 x    30 x     3         444958007400       0.0%    100.0%      0.0%     
 flops    27 x    27 x    30         465393731220       0.0%    100.0%      0.0%     
 flops     5 x    30 x    32         539006275200       0.0%    100.0%      0.0%     
 flops     3 x    30 x    30         557666181000       0.0%    100.0%      0.0%     
 flops    30 x     5 x    32         568080134400       0.0%    100.0%      0.0%     
 flops    32 x    30 x     5         625705152000       0.0%    100.0%      0.0%     
 flops    32 x     5 x    30         671397187200       0.0%    100.0%      0.0%     
 flops     6 x     6 x     3         687702450024       0.0%    100.0%      0.0%     
 flops     3 x     6 x     6         761574559536       0.0%    100.0%      0.0%     
 flops     3 x     6 x     3         801436403952       0.0%    100.0%      0.0%     
 flops     3 x     3 x     6         804987580032       0.0%    100.0%      0.0%     
 flops    32 x    30 x     3         944091083520       0.0%    100.0%      0.0%     
 flops     3 x    30 x    32        1095850730880       0.0%    100.0%      0.0%     
 flops    32 x     3 x    30        1180753125120       0.0%    100.0%      0.0%     
 flops    32 x     5 x    32        1182250813440       0.0%    100.0%      0.0%     
 flops     3 x    32 x    30        1262965184640       0.0%    100.0%      0.0%     
 flops    30 x    30 x    27        1264797163800       0.0%    100.0%      0.0%     
 flops    32 x    32 x     5        1325349672960       0.0%    100.0%      0.0%     
 flops    27 x    30 x    30        1628268933600       0.0%    100.0%      0.0%     
 flops     6 x     6 x    27        1908758098800       0.0%    100.0%      0.0%     
 flops    27 x     6 x     6        2171161450512       0.0%    100.0%      0.0%     
 flops     3 x     6 x    27        2172843732708       0.0%    100.0%      0.0%     
 flops     3 x    27 x     6        2182247021088       0.0%    100.0%      0.0%     
 flops    27 x     6 x     3        2190488043384       0.0%    100.0%      0.0%     
 flops    27 x     3 x     6        2200343470200       0.0%    100.0%      0.0%     
 flops    32 x    30 x    27        2935540362240       0.0%    100.0%      0.0%     
 flops    27 x    30 x    32        3099878657280       0.0%    100.0%      0.0%     
 flops    32 x    27 x    30        3438764668800       0.0%    100.0%      0.0%     
 flops    27 x    32 x    30        3715250613120       0.0%    100.0%      0.0%     
 flops     6 x    13 x     3        5031935847432       0.0%    100.0%      0.0%     
 flops     3 x    13 x     6        5134066262208       0.0%    100.0%      0.0%     
 flops    27 x     6 x    27        6021154638936       0.0%    100.0%      0.0%     
 flops    27 x    27 x     6        6047503352496       0.0%    100.0%      0.0%     
 flops    13 x     6 x     3        6418496713356       0.0%    100.0%      0.0%     
 flops     3 x     6 x    13        7013200457016       0.0%    100.0%      0.0%     
 flops     3 x    13 x     3        7567941310488       0.0%    100.0%      0.0%     
 flops     3 x     3 x    13        7602041015010       0.0%    100.0%      0.0%     
 flops    30 x    30 x    32       10827655315200       0.0%    100.0%      0.0%     
 flops    32 x    30 x    30       12975193958400       0.0%    100.0%      0.0%     
 flops     6 x    13 x    27       13761634752216       0.0%    100.0%      0.0%     
 flops    27 x    13 x     6       14636546506296       0.0%    100.0%      0.0%     
 flops    13 x     6 x    27       16884925239312       0.0%    100.0%      0.0%     
 flops    32 x     6 x     3       17027809267968       0.0%    100.0%      0.0%     
 flops    32 x     3 x     6       17100894253824       0.0%    100.0%      0.0%     
 flops    27 x     6 x    13       18732536089488       0.0%    100.0%      0.0%     
 flops     3 x    13 x    27       19457126914914       0.0%    100.0%      0.0%     
 flops     3 x    27 x    13       19544599386936       0.0%    100.0%      0.0%     
 flops    27 x    13 x     3       20629085662224       0.0%    100.0%      0.0%     
 flops    27 x     3 x    13       20723653701036       0.0%    100.0%      0.0%     
 flops     6 x     6 x    32       20740347371520       0.0%    100.0%      0.0%     
 flops    32 x     6 x     6       21733310868480       0.0%    100.0%      0.0%     
 flops     3 x     6 x    32       22906035915264       0.0%    100.0%      0.0%     
 flops     3 x    32 x     6       23000411669760       0.0%    100.0%      0.0%     
 flops    32 x    30 x    32       23999604572160       0.0%    100.0%      0.0%     
 flops    32 x    32 x    30       27435352596480       0.0%    100.0%      0.0%     
 flops    32 x     6 x    27       46472240916864       0.0%    100.0%      0.0%     
 flops    32 x    27 x     6       46669455870336       0.0%    100.0%      0.0%     
 flops     3 x    13 x    13       47278525427094       0.0%    100.0%      0.0%     
 flops    13 x    13 x     3       47294176477548       0.0%    100.0%      0.0%     
 flops    27 x    13 x    27       53746245534852       0.0%    100.0%      0.0%     
 flops    27 x    27 x    13       53989046976150       0.0%    100.0%      0.0%     
 flops    27 x     6 x    32       63008801935488       0.0%    100.0%      0.0%     
 flops    27 x    32 x     6       63273968792064       0.0%    100.0%      0.0%     
 flops    13 x    13 x    27      122720575537638       0.0%    100.0%      0.0%     
 flops    27 x    13 x    13      126282991789890       0.0%    100.0%      0.0%     
 flops    32 x    13 x     6      146511676127232       0.0%    100.0%      0.0%     
 flops     6 x    13 x    32      150203599039104       0.0%    100.0%      0.0%     
 flops    32 x    13 x     3      160808349901056       0.0%    100.0%      0.0%     
 flops    32 x     3 x    13      161505884247552       0.0%    100.0%      0.0%     
 flops    13 x     6 x    32      174963331480704       0.0%    100.0%      0.0%     
 flops    32 x     6 x    13      181200858488832       0.0%    100.0%      0.0%     
 flops     3 x    13 x    32      195509382926208       0.0%    100.0%      0.0%     
 flops     3 x    32 x    13      196327870352640       0.0%    100.0%      0.0%     
 flops    32 x    13 x    27      416174031965952       0.0%    100.0%      0.0%     
 flops    32 x    27 x    13      417978659187648       0.0%    100.0%      0.0%     
 flops    32 x     6 x    32      490150087606272       0.0%    100.0%      0.0%     
 flops    32 x    32 x     6      492128329494528       0.0%    100.0%      0.0%     
 flops    27 x    13 x    32      536376805982784       0.0%    100.0%      0.0%     
 flops    27 x    32 x    13      538671289747968       0.0%    100.0%      0.0%     
 flops    32 x    13 x    13     1221521608809216       0.0%    100.0%      0.0%     
 flops    13 x    13 x    32     1276034646719040       0.0%    100.0%      0.0%     
 flops    32 x    13 x    32     4183130886072320       0.0%    100.0%      0.0%     
 flops    32 x    32 x    13     4200098145830912       0.0%    100.0%      0.0%     
 flops inhomo. stacks                           0       0.0%      0.0%      0.0%
 flops total                        16.248341E+15       0.0%    100.0%      0.0%
 flops max/rank                    264.654380E+12       0.0%    100.0%      0.0%
 matmuls inhomo. stacks                         0       0.0%      0.0%      0.0%
 matmuls total                      1569529269426       0.0%    100.0%      0.0%
 number of processed stacks            7974710152       0.0%    100.0%      0.0%
 average stack size                                     0.0     196.8       0.0
 marketing flops                   114.710674E+15
 -------------------------------------------------------------------------------
 # multiplications                         114929
 max memory usage/rank               7.039349E+09
 # max total images/rank                        1
 # max 3D layers                                1
 # MPI messages exchanged               102976384
 MPI messages size (bytes):
  total size                       488.146723E+12
  min size                           0.000000E+00
  max size                          37.914632E+06
  average size                       4.740376E+06
 MPI breakdown and total messages size (bytes):
             size <=      128               34916                        0
       128 < size <=     8192                  28                    37856
      8192 < size <=    32768                   0                        0
     32768 < size <=   131072                 147                 16748592
    131072 < size <=  4194304            72000621          104317959572008
   4194304 < size <= 16777216            20655040          132163487075816
  16777216 < size                        10285632          250159594690096
 -------------------------------------------------------------------------------
 -                                                                             -
 -                      DBCSR MESSAGE PASSING PERFORMANCE                      -
 -                                                                             -
 -------------------------------------------------------------------------------
 ROUTINE             CALLS      AVE VOLUME [Bytes]
 MP_Bcast              133                     12.
 MP_Allreduce       460119                     77.
 MP_Alltoall        942593                 369267.
 MP_ISend          5617118                1360657.
 MP_IRecv          5615532                1363072.
 -------------------------------------------------------------------------------

 -------------------------------------------------------------------------------
 -                                                                             -
 -                                GRID STATISTICS                              -
 -                                                                             -
 -------------------------------------------------------------------------------
 LP    KERNEL             BACKEND                              COUNT     PERCENT
 3     collocate ortho    CPU                                  92064      24.65%
 3     integrate ortho    CPU                                  92064      24.65%
 4     collocate ortho    CPU                                  70686      18.93%
 4     integrate ortho    CPU                                  70686      18.93%
 2     collocate ortho    CPU                                  23520       6.30%
 2     integrate ortho    CPU                                  23520       6.30%
 0     collocate general  CPU                                    592       0.16%
 0     integrate general  CPU                                    296       0.08%
 -------------------------------------------------------------------------------

 -------------------------------------------------------------------------------
 -                                                                             -
 -                          OFFLOAD MEMPOOL STATISTICS                         -
 -                                                                             -
 -------------------------------------------------------------------------------
 Memory consumption                Number of allocations  Used [MiB]  Size [MiB]
 Host                                                  6          55           0
 -------------------------------------------------------------------------------

 MEMORY| Estimated peak process memory [MiB]                                2507

 -------------------------------------------------------------------------------
 ----                             MULTIGRID INFO                            ----
 -------------------------------------------------------------------------------
 count for grid        1:         339148          cutoff [a.u.]          300.00
 count for grid        2:         297089          cutoff [a.u.]          100.00
 count for grid        3:         335548          cutoff [a.u.]           33.33
 count for grid        4:         204615          cutoff [a.u.]           11.11
 total gridlevel count  :        1176400

 -------------------------------------------------------------------------------
 -                                                                             -
 -                         MESSAGE PASSING PERFORMANCE                         -
 -                                                                             -
 -------------------------------------------------------------------------------

 ROUTINE             CALLS      AVE VOLUME [Bytes]
 MP_Group               24
 MP_Bcast              278                 201477.
 MP_Allreduce       116353                  76425.
 MP_Sync                50
 MP_Alltoall           931               36208356.
 MP_SendRecv          5292                 225408.
 MP_ISendRecv         5292                 225408.
 MP_Wait              9245
 MP_comm_split          12
 MP_ISend             3448                 896076.
 MP_IRecv             3448                 896331.
 -------------------------------------------------------------------------------


 -------------------------------------------------------------------------------
 -                                                                             -
 -                           R E F E R E N C E S                               -
 -                                                                             -
 -------------------------------------------------------------------------------
 
 CP2K version 2026.2 (Development Version), the CP2K developers group (2026).
 CP2K is freely available from https://www.cp2k.org/ .
 
 M. Iannuzzi, J. Wilhelm, F. Stein, A. Bussy, H. Elgabarty, D. Golze, A. Hehn, 
 M. Graml, S. Marek, B. Sertcan Gökmen, C. Schran, H. Forbert, R. Z. 
 Khaliullin, A. Kozhevnikov, M. Taillefumier, R. Meli, V. V. Rybkin, M. Brehm, 
 R. Schade, O. Schütt, J. V. Pototschnig, H. Mirhosseini, A. Knüpfer, D. Marx, 
 M. Krack, J. Hutter, T. D. Kühne.
 J. Phys. Chem. B 130, 1237-1310 (2026).
 The CP2K Program Package Made Simple.
 https://doi.org/10.1021/acs.jpcb.5c05851

 M. Graml, K. Zollner, D. Hernangómez-Pérez, P. E. Faria Junior, J. Wilhelm.
 J. Chem. Theory Comput. 20, 2202-2208 (2024).
 Low-scaling GW algorithm applied to twisted transition-metal dichalcogenide 
 heterobilayers.
 https://doi.org/10.1021/acs.jctc.3c01230

 T. D. Kühne, M. Iannuzzi, M. Del Ben, V. V. Rybkin, P. Seewald, F. Stein, T. 
 Laino, R. Z. Khaliullin, O. Schütt, F. Schiffmann, D. Golze, J. Wilhelm, S. 
 Chulkov, M. H. Bani-Hashemian, V. Weber, U. Borstnik, M. Taillefumier, A. S. 
 Jakobovits, A. Lazzaro, H. Pabst, T. Müller, R. Schade, M. Guidon, S. 
 Andermatt, N. Holmberg, G. K. Schenter, A. Hehn, A. Bussy, F. Belleflamme, G. 
 Tabacchi, A. Glöß, M. Lass, I. Bethune, C. J. Mundy, C. Plessl, M. Watkins, 
 J. VandeVondele, M. Krack, J. Hutter.
 J. Chem. Phys. 152, 194103 (2020).
 CP2K: An electronic structure and molecular dynamics software package - 
 Quickstep: Efficient and accurate electronic structure calculations.
 https://doi.org/10.1063/5.0007045

 O. Schuett, P. Messmer, J. Hutter, J. VandeVondele.
 Electronic Structure Calculations on Graphics Processing Units, 173-190 (2016).
 GPU-Accelerated Sparse Matrix-Matrix Multiplication for Linear Scaling Density 
 Functional Theory.
 https://doi.org/10.1002/9781118670712.ch8

 A. Heinecke, G. Henry, M. Hutchinson, H. Pabst.
 Proceedings of Intl. Supercomputing Conference, 981-991 (2016).
 LIBXSMM: Accelerating Small Matrix Multiplications by Runtime Code Generation.
 https://doi.org/10.1109/SC.2016.83

 U. Borstnik, J. VandeVondele, V. Weber, J. Hutter.
 Parallel Comput. 40, 47-58 (2014).
 Sparse matrix multiplication: The distributed block-compressed sparse row 
 library.
 https://doi.org/10.1016/j.parco.2014.03.012

 A. Marek, V. Blum, R. Johanni, V. Havu, B. Lang, T. Auckenthaler, A. Heinecke, 
 H. Bungartz, H. Lederer.
 J. Phys. Condens. Matter 26, 213201 (2014).
 The ELPA library: scalable parallel eigenvalue solutions for electronic 
 structure theory and computational science.
 https://doi.org/10.1088/0953-8984/26/21/213201

 J. VandeVondele, J. Hutter.
 J. Chem. Phys. 127, 114105 (2007).
 Gaussian basis sets for accurate calculations on molecular systems in gas and 
 condensed phases.
 https://doi.org/10.1063/1.2770708

 J. VandeVondele, M. Krack, F. Mohamed, M. Parrinello, T. Chassaing, J. Hutter.
 Comput. Phys. Commun. 167, 103-128 (2005).
 QUICKSTEP: Fast and accurate density functional calculations using a mixed 
 Gaussian and plane waves approach.
 https://doi.org/10.1016/j.cpc.2004.12.014

 M. Krack.
 Theor. Chem. Acc. 114, 145-152 (2005).
 Pseudopotentials for H to Kr optimized for gradient-corrected 
 exchange-correlation functionals.
 https://doi.org/10.1007/s00214-005-0655-y

 M. Frigo, S. G. Johnson.
 Proc. IEEE 93, 216-231 (2005).
 The design and implementation of FFTW3.
 https://doi.org/10.1109/JPROC.2004.840301

 C. Hartwigsen, S. Goedecker, J. Hutter.
 Phys. Rev. B 58, 3641-3662 (1998).
 Relativistic separable dual-space Gaussian pseudopotentials from H to Rn.
 https://doi.org/10.1103/PhysRevB.58.3641

 G. Lippert, J. Hutter, M. Parrinello.
 Mol. Phys. 92, 477-487 (1997).
 A hybrid Gaussian and plane wave density functional scheme.
 https://doi.org/10.1080/002689797170220

 S. Goedecker, M. Teter, J. Hutter.
 Phys. Rev. B 54, 1703-1710 (1996).
 Separable dual-space Gaussian pseudopotentials.
 https://doi.org/10.1103/PhysRevB.54.1703

 J. P. Perdew, K. Burke, M. Ernzerhof.
 Phys. Rev. Lett. 77, 3865-3868 (1996).
 Generalized gradient approximation made simple.
 https://doi.org/10.1103/PhysRevLett.77.3865

 P. E. Blöchl.
 J. Chem. Phys. 103, 7422-7428 (1995).
 Electrostatic decoupling of periodic images of plane‐wave‐expanded 
 densities and derived atomic point charges.
 https://doi.org/10.1063/1.470314

 R. H. Byrd, P. H. Lu, J. Nocedal, C. Y. Zhu.
 SIAM J. Sci. Comput. 16, 1190-1208 (1995).
 A Limited Memory Algorithm for Bound Constrained Optimization.
 https://doi.org/10.1137/0916069

 C. G. Broyden.
 Math. Comput. 19, 577-593 (1965).
 A class of methods for solving nonlinear simultaneous equations.
 https://doi.org/10.1090/S0025-5718-1965-0198670-6


 -------------------------------------------------------------------------------
 -                                                                             -
 -                                T I M I N G                                  -
 -                                                                             -
 -------------------------------------------------------------------------------
 SUBROUTINE                       CALLS  ASD         SELF TIME        TOTAL TIME
                                MAXIMUM       AVERAGE  MAXIMUM  AVERAGE  MAXIMUM
 CP2K                                 1  1.0    0.037    0.074 4880.120 4880.675
 run_propagation_linearized_bse       1  2.0    0.198    0.755 4879.349 4879.849
 solve_rk4_timestep                2860  3.0    0.197    0.325 4555.689 4556.654
 build_shared_sex_and_hartree     11440  4.0    0.264    0.367 3626.187 3628.907
 compute_sigma_ri_rs_complex      11440  5.0    0.158    0.192 2999.200 3004.738
 compute_sigma_ri_rs              22880  6.0    1.062    1.183 2992.242 2996.039
 dbcsr_multiply_generic          114929  7.8    6.720    7.339 2775.127 2826.175
 dbcsr_contract_ABA               45761  7.0    0.461    0.605 2573.874 2621.428
 multiply_cannon                 114929  8.8   13.350   16.067 2049.427 2177.989
 multiply_cannon_loop            114929  9.8   13.138   14.773 1876.295 2014.180
 mp_waitall_1                   9200145 12.0 1149.425 1360.941 1149.425 1360.941
 parallel_gemm_fm_cosma          183571  6.0 1232.291 1242.932 1232.291 1242.932
 multiply_cannon_metrocomm3      919432 10.8    1.812    2.031  652.854  990.443
 update_effective_ham_MO          11440  4.0    0.459    0.704  929.123  932.145
 multiply_cannon_multrec         919432 10.8  747.929  925.241  749.919  927.163
 transform_ao_to_mo_covariant_c   22880  5.0    0.169    0.205  618.806  621.894
 transform_mo_to_ao_contravaria   22881  5.0    0.132    0.169  602.280  607.867
 make_m2s                        229858  8.8    3.350    3.599  462.924  497.898
 make_images                     229858  9.8   49.681   59.967  455.820  490.887
 make_images_data                229858 10.8    2.856    3.260  319.720  365.020
 hybrid_alltoall_any             275770 11.3   17.779  136.865  296.139  350.242
 multiply_cannon_metrocomm1      919432 10.8    1.949    2.132  204.622  334.893
 compute_hartree_ri_rs_from_dia   11440  5.0    0.160    0.197  328.823  331.004
 hartree_potential_from_diag_ri   22880  6.0   23.068   27.832  323.766  326.845
 calculate_norms                1837232 10.8  245.436  306.653  245.436  306.653
 qs_energies                          1  3.0    0.005    0.010  292.116  292.149
 mp_sum_l                        345038  8.8  168.308  273.148  168.308  273.148
 copy_dbcsr_to_fm                 45908  7.0    0.761    0.879  213.957  259.427
 qs_energies_properties               1  4.0    0.002    0.005  256.400  256.430
 post_scf_bandstructure               1  5.0    0.003    0.011  256.398  256.429
 gw                                   1  6.0    0.001    0.004  254.479  254.509
 gw_calc_non_periodic_ri_rs           1  7.0    0.002    0.003  253.063  253.183
 dbcsr_complete_redistribute      69025  8.0   54.404   61.467  223.729  232.129
 ri_rs_grid_assembler                 1  8.0    0.002    0.004  200.435  200.544
 optimize_ri_rs_grid                  1  9.0    6.023    7.257  200.404  200.516
 evaluate_rirs_grid_cluster        1005 10.0  154.972  192.736  154.972  192.736
 buffer_matrices_ensure_size     229858  9.8   85.362  140.030   85.362  140.030
 make_images_sizes               229858 10.8    0.267    0.324   59.915  130.165
 mp_alltoall_i44                 229858 11.8   59.648  129.842   59.648  129.842
 mp_alltoall_i22                 114937  9.0   70.210  121.384   70.210  121.384
 mp_sum_dv                        91872  7.0   80.194  119.719   80.194  119.719
 dbcsr_desymmetrize_deep          45912  8.0    8.780   11.392   61.466  107.258
 hadamard_product_inplace         22880  7.0   86.477   99.385   86.553   99.455
 copy_fm_to_dbcsr                 23117  7.0    0.151    0.184   85.287   90.670
 mp_sum_d                         24002  4.1   43.321   86.272   43.321   86.272
 mp_allgather_i34                114929  9.8   57.308   82.949   57.308   82.949
 dbcsr_finalize                  231417  8.9    1.672    1.939   51.267   62.935
 mp_alltoall_d11v                344895  9.4   56.054   58.964   56.054   58.964
 dbcsr_merge_all                 185171  9.9   13.276   16.083   45.810   56.968
 dbcsr_set                        92180  8.5    0.144    0.171   39.005   50.682
 dbcsr_zero                       92180  9.5   38.861   50.526   38.861   50.526
 mp_cart_sub                      91831  9.0   43.855   44.046   43.855   44.046
 dbcsr_add_wm_from_matrix         23093  9.0   22.359   31.473   33.874   38.485
 scf_env_do_scf                       1  4.0    0.001    0.001   33.680   33.695
 scf_env_do_scf_inner_loop           41  5.0    0.003    0.006   33.679   33.695
 dbcsr_copy                      275944  8.5   27.011   29.852   28.483   31.371
 make_images_pack                229858 10.8   14.972   25.154   16.106   26.112
 dbcsr_fill_wm_from_matrix        23093 10.0   10.936   21.350   11.084   21.530
 compute_W                            1  8.0    0.001    0.001   20.665   20.688
 tree_to_linear_d                 69046 11.0   11.906   18.379   11.906   18.379
 dbcsr_scale_anytype              46785  8.6   14.083   16.564   15.684   17.928
 compute_Sigma_c_and_QP_energie       1  8.0    0.000    0.000   17.899   17.908
 mp_cart_create                   45938  9.0   12.548   16.938   12.548   16.938
 dbcsr_data_copy_aa2              92414 11.0    9.774   16.145    9.774   16.145
 compute_fm_W_freq                   30  9.0    0.001    0.001   15.174   15.191
 compute_Sigma_c                      1  9.0    0.001    0.002   14.454   14.455
 cp_fm_to_cfm                     91525  6.0    8.967   14.264    8.967   14.264
 cp_cfm_to_fm                     80085  5.6    9.339   14.250    9.339   14.250
 qs_scf_new_mos                      41  6.0    0.001    0.001   14.150   14.157
 eigensolver_symm                    41  7.0    0.004    0.005   13.822   13.828
 mp_alltoall_i11v                252987  9.0   12.915   13.751   12.915   13.751
 contract_grid_panels_sigma_c        30 10.0    0.003    0.003   12.156   12.179
 cp_fm_diag_elpa                     45  8.0    0.000    0.000   12.125   12.129
 cp_fm_diag_elpa_base                45  9.0   12.039   12.094   12.114   12.116
 dbcsr_sort_data                  91986 10.8    8.909   12.080    8.909   12.080
 qs_ks_build_kohn_sham_matrix        42  8.0    0.008    0.012   11.468   11.475
 cp_fm_write_formatted             5720  3.0    9.672   10.179    9.951   11.447
 qs_ks_update_qs_env                 41  6.0    0.000    0.001   11.346   11.350
 rebuild_ks_matrix                   41  7.0    0.000    0.000   11.337   11.341
 setup_rec_index_2d              229858  9.8    9.088   10.694    9.088   10.694
 cp_fm_write_unformatted           5725  3.0    8.365    8.858    8.685   10.267
 fft_wrap_pw1pw2                    748 11.1    0.008    0.011    9.957   10.091
 get_mat_chi_Gamma_tau                1  8.0    0.000    0.002    9.985    9.986
 fft_wrap_pw1pw2_300                496 12.4    0.513    0.702    9.414    9.556
 dbcsr_create_new               1127044  9.6    5.858    6.546    8.030    9.020
 copy_dbcsr_to_fm_bc              45908  8.0    6.739    8.655    6.966    8.912
 fft3d_ps                           748 13.1    2.129    2.511    8.551    8.848
 contract_grid_panels                31  9.0    0.002    0.002    8.408    8.462
 dbcsr_special_finalize          229858 10.8    0.413    0.486    7.377    7.801
 quick_finalize                  275770 11.5    1.229    1.343    7.254    7.619
 multiply_cannon_metrocomm2      804503 10.8    2.287    2.502    5.989    7.135
 dbcsr_sort_indices              552107 11.7    6.512    6.918    6.512    6.918
 cp_cfm_transpose                 22880  5.0    3.739    6.823    3.739    6.823
 qs_vxc_create                       42  9.0    0.002    0.004    6.542    6.581
 xc_vxc_pw_create                    41 10.0    0.099    0.121    6.541    6.580
 copy_fm_to_dbcsr_bc              23117  8.0    2.120    2.943    4.641    6.206
 mp_alltoall_z22v                   748 15.1    5.537    6.177    5.537    6.177
 qs_rho_update_rho_low               42  6.0    0.001    0.001    6.089    6.094
 calculate_rho_elec                  42  7.0    0.083    0.096    6.089    6.094
 cp_fm_trace_a0b0t0               17166  3.0    0.424    0.660    3.909    5.718
 print_ft                             1  3.0    0.003    0.030    5.506    5.690
 greenx_refine_ft                     3  4.0    5.503    5.687    5.503    5.687
 cp_cfm_scale_and_add             88673  5.0    3.281    5.302    3.281    5.302
 multiply_cannon_metrocomm4      804503 10.8    2.017    2.356    4.336    5.229
 mp_send_dv                       11446  4.0    0.546    5.219    0.546    5.219
 mp_isend_dv                    2765678 12.2    4.239    5.082    4.239    5.082
 xc_pw_derive                       246 12.0    0.001    0.002    4.868    5.031
 cp_fm_transpose                  17167  3.0    1.610    4.784    1.610    4.784
 dbcsr_mm_multrec_init           114929  9.8    0.207    0.273    3.956    4.658
 dbcsr_iterator_start           1104677  9.9    2.601    3.115    3.762    4.456
 dbcsr_mm_csr_init               114929 10.8    1.500    1.777    3.749    4.447
 dbcsr_new_transposed             68925  8.7    0.839    0.895    3.619    4.219
 cp_fm_cholesky_invert               31 10.0    4.112    4.120    4.112    4.120
 dbcsr_work_destroy_all          460941 10.9    2.251    2.682    3.214    3.904
 build_G_ao                         121  9.5    0.001    0.002    3.803    3.884
 dbcsr_make_index_list           229858  9.8    3.442    3.854    3.442    3.854
 x_to_yz                            372 14.2    0.575    0.691    3.600    3.811
 dbcsr_get_diag                   22880  7.0    3.098    3.632    3.132    3.670
 xc_pw_divergence                    41 11.0    0.001    0.001    3.317    3.470
 mp_recv_dv                      137428  4.0    0.054    3.464    0.054    3.464
 compute_QP_energies                  1  9.0    0.000    0.000    3.446    3.452
 dbcsr_work_create               460941  9.9    2.216    2.524    2.960    3.448
 density_rs2pw                       42  8.0    0.001    0.002    3.060    3.426
 compute_Z_lP                         1  8.0    0.000    0.001    3.328    3.330
 compute_Z_lP_standard                1  9.0    0.004    0.006    3.328    3.330
 G_occ_vir                          121 10.5    0.094    0.111    3.199    3.286
 dbcsr_reserve_all_blocks         23120  9.0    0.087    0.114    2.140    3.222
 sum_up_and_integrate                42  9.0    0.001    0.001    3.175    3.181
 dbcsr_make_untransposed_blocks  138003  8.8    1.843    2.209    2.818    3.176
 integrate_v_rspace                  42 10.0    0.001    0.001    3.163    3.170
 xc_rho_set_and_dset_create          41 11.0    0.083    0.125    3.057    3.169
 dbcsr_destroy                  1081049  8.8    1.700    1.979    2.656    3.160
 grid_collocate_task_list            42  8.0    2.860    3.159    2.860    3.159
 dbcsr_reserve_blocks             23134 10.0    1.973    3.045    2.055    3.130
 yz_to_x                            292 14.1    0.235    0.286    2.738    3.123
 mp_irecv_dv                    2764623 12.2    2.091    3.049    2.091    3.049
 dbcsr_data_new                 5234517 10.2    2.541    2.968    2.541    2.968
 to_Gamma_and_mo_real                62 10.0    0.004    0.004    2.935    2.937
 setup_buffer_matrices           229858  9.8    0.863    1.101    2.238    2.822
 mp_isend_iv                    3038325 11.8    2.211    2.820    2.211    2.820
 dbcsr_data_release             8615439 10.7    2.418    2.814    2.418    2.814
 mask_mo_block_cfm                34320  5.0    1.343    2.802    1.343    2.802
 dbcsr_iterator_stop            1104677  9.9    1.622    2.336    1.829    2.545
 fill_hash_tables                114929 11.8    2.025    2.543    2.025    2.543
 cp_fm_cholesky_decompose            33 10.0    2.242    2.454    2.242    2.454
 multiply_cannon_multrec_finali  114929 11.8    0.235    0.280    1.990    2.320
 gspace_mixing                       40  6.0    0.077    0.088    2.233    2.233
 dbcsr_mm_multrec_finalize       114929 12.8    1.317    1.542    1.755    2.071
 potential_pw2rs                     42 11.0    0.010    0.012    2.047    2.050
 dbcsr_scale_d                    22912  7.0    0.040    0.049    1.581    1.748
 mp_irecv_iv                    3037532 11.8    1.355    1.742    1.355    1.742
 cp_fm_symm                          41  8.0    1.696    1.704    1.696    1.704
 dbcsr_make_index_exist         1127044 10.6    1.383    1.592    1.383    1.592
 mp_sum_iv                       114951  9.8    1.246    1.559    1.246    1.559
 transfer_rs2pw                     170  9.0    0.002    0.002    1.167    1.524
 compute_d_lp                         6 10.0    0.773    0.958    1.193    1.484
 create_and_init_bs_env_for_gw        1  7.0    0.000    0.000    1.415    1.468
 dbcsr_iterator_seek            1104677 10.9    1.160    1.422    1.160    1.422
 broyden_mixing                      40  7.0    1.112    1.316    1.338    1.371
 transpose_index_local            68925  9.7    0.376    0.416    1.220    1.367
 qs_ks_ddapc                         42  9.0    0.001    0.001    1.319    1.359
 mp_waitany                        3420 12.5    0.949    1.300    0.949    1.300
 mp_comm_free                    137827  9.0    1.009    1.278    1.009    1.278
 dbcsr_distribution_new          414526  8.8    1.077    1.262    1.077    1.262
 eval_bandstructure_properties        1  6.0    0.000    0.000    1.255    1.255
 merge_index                     185171 10.9    1.016    1.169    1.016    1.169
 grid_integrate_task_list            42 11.0    1.019    1.064    1.019    1.064
 get_electron_number_MO            2860  3.0    0.019    0.026    0.701    1.022
 transfer_rs2pw_300                  44  9.9    0.122    0.161    0.639    1.016
 dbcsr_make_dbcsr_index          553082 11.7    0.949    1.015    0.949    1.015
 qs_energies_init_hamiltonians        1  4.0    0.004    0.012    0.983    0.984
 transfer_pw2rs                     169 12.0    0.001    0.001    0.978    0.980
 qs_env_update_s_mstruct              1  5.0    0.000    0.000    0.946    0.968
 cp_cfm_geeig                         1  7.0    0.000    0.000    0.929    0.931
 init_scf_run                         1  4.0    0.001    0.002    0.926    0.926
 release_dbcsr_topology_and_mat   68643  7.0    0.106    0.141    0.553    0.812
 cp_fm_uplo_to_full                 106 10.0    0.536    0.811    0.536    0.811
 setup_time_and_frequency_minim       1  8.0    0.001    0.003    0.753    0.806
 build_minimax_time_frequency_g       1  9.0    0.000    0.000    0.752    0.804
 fit_l_sq_weights                     3 10.0    0.752    0.803    0.752    0.803
 mp_sync                             50  9.8    0.356    0.767    0.356    0.767
 cp_ddapc_init                        1  6.0    0.000    0.000    0.741    0.766
 cp_ddapc_create                      1  7.0    0.001    0.001    0.741    0.766
 compute_Sigma_x                      1  8.0    0.000    0.000    0.732    0.754
 cp_cfm_heevd                         1  8.0    0.000    0.000    0.714    0.714
 cp_cfm_heevd_base                    1  9.0    0.714    0.714    0.714    0.714
 build_gram_jacobi_blas               6 10.0    0.296    0.341    0.630    0.684
 create_and_init_bs_env               1  6.0    0.001    0.001    0.660    0.666
 compute_fm_chi_Gamma_freq           30  9.0    0.001    0.001    0.649    0.663
 hadamard_product                    91 10.7    0.438    0.512    0.559    0.624
 abc_contract_xsmm               105788 10.2    0.473    0.618    0.473    0.618
 diagonalize_ks_matrix                1  7.0    0.000    0.000    0.607    0.608
 cp_fm_geeig_canon                    1  8.0    0.000    0.000    0.607    0.608
 xc_functional_eval                  41 12.0    0.000    0.001    0.537    0.607
 pbe_lda_eval                        41 13.0    0.536    0.607    0.536    0.607
 cp_ddapc_apply_CD                   42 10.0    0.002    0.012    0.577    0.591
 dbcsr_switch_data_area          574717 11.1    0.340    0.389    0.488    0.570
 cp_fm_create                     34803  6.0    0.334    0.562    0.334    0.562
 setup_square_topology            45886  7.0    0.334    0.440    0.462    0.557
 compute_V_MinvVsqrt                  1  9.0    0.001    0.003    0.525    0.530
 build_phi_on_sphere                  6 10.0    0.028    0.033    0.482    0.506
 multrec_filtering                91946 13.8    0.374    0.504    0.374    0.504
 transfer_pw2rs_300                  43 12.9    0.131    0.174    0.466    0.501
 cp_fm_geeig                          1 10.0    0.000    0.000    0.501    0.501
 RI_2c_integral_mat                   4  7.2    0.002    0.004    0.462    0.485
 evaluate_ao_on_points              850 11.0    0.460    0.484    0.460    0.484
 compute_Z_lP_standard_dpotrf         6 10.0    0.464    0.476    0.464    0.476
 ewald_ddapc_pot                      1  8.0    0.371    0.455    0.464    0.466
 pw_integral_ab_c1d_c1d_gs           84 10.5    0.276    0.314    0.368    0.448
 get_RI_basis                         1  8.0    0.000    0.001    0.431    0.434
 compute_Minv_Gamma                   1  9.0    0.001    0.004    0.428    0.432
 initialize_sex_selfenergy            1  3.0    0.000    0.000    0.406    0.407
 rt_bse_ri_rs_ensure_W0_grid          1  4.0    0.000    0.000    0.406    0.407
 dbcsr_make_index_local_row      229858  9.8    0.292    0.399    0.292    0.399
 pw_scatter_p                       414 13.3    0.311    0.397    0.311    0.397
 fft_wrap_pw1pw2_100                 84 11.5    0.016    0.022    0.360    0.383
 pw_gather_p                        334 12.8    0.345    0.381    0.345    0.381
 parallel_gemm_cfm                   16  6.5    0.000    0.000    0.363    0.366
 parallel_gemm_cfm_cosma             16  7.5    0.363    0.366    0.363    0.366
 mp_sum_dm                           42  7.9    0.257    0.365    0.257    0.365
 pw_poisson_solve                    42  9.0    0.001    0.001    0.357    0.365
 compute_d_lp_dgemm                3718 11.0    0.286    0.361    0.286    0.361
 mp_max_l                            22  1.8    0.185    0.361    0.185    0.361
 build_gram_jacobi_blas_dsyrk         6 11.0    0.334    0.356    0.334    0.356
 dbcsr_get_data_size_used        231083  9.9    0.277    0.332    0.277    0.332
 mp_bcast_dm                          2 11.5    0.221    0.328    0.221    0.328
 dbcsr_mm_sched_init             114929 11.8    0.174    0.243    0.225    0.325
 extract_masked_blocks              244 10.6    0.204    0.263    0.245    0.324
 compute_proj_mo_on_kind              1  7.0    0.001    0.002    0.318    0.318
 build_2c_integrals                   4  8.2    0.092    0.254    0.306    0.314
 qs_init_subsys                       1  2.0    0.014    0.040    0.310    0.314
 qs_env_setup                         1  3.0    0.004    0.014    0.290    0.308
 qs_env_rebuild_pw_env                2  4.0    0.000    0.000    0.279    0.301
 pw_env_rebuild                       1  5.0    0.006    0.013    0.278    0.301
 transfer_rs2pw_40                   42 10.0    0.111    0.128    0.289    0.301
 dbcsr_get_local_cols            114929  8.8    0.263    0.300    0.263    0.300
 ddapc_eval_AmI                       1  8.0    0.019    0.023    0.274    0.300
 pw_copy                            667 11.6    0.284    0.297    0.284    0.297
 modify_hartree_pot                  42 11.0    0.238    0.293    0.238    0.293
 transfer_pw2rs_40                   42 13.0    0.126    0.141    0.272    0.288
 pw_grid_setup                        4  6.0    0.000    0.000    0.261    0.286
 pw_grid_setup_internal               4  7.0    0.002    0.002    0.261    0.286
 dbcsr_get_local_rows            114929  8.8    0.249    0.283    0.249    0.283
 dbcsr_add_d                        931 10.0    0.001    0.001    0.255    0.276
 dbcsr_add_anytype                  931 11.0    0.145    0.164    0.254    0.275
 pw_derive                          372 12.3    0.240    0.267    0.240    0.267
 transfer_rs2pw_100                  42 10.0    0.037    0.048    0.164    0.251
 scf_env_initial_rho_setup            1  5.0    0.000    0.000    0.239    0.249
 mp_sendrecv_dv                    5292 11.0    0.222    0.247    0.222    0.247
 extract_grid_panel                 122 10.5    0.142    0.205    0.168    0.244
 initialize_hartree_potential         1  3.0    0.000    0.000    0.224    0.225
 rt_bse_ri_rs_ensure_V_grid           1  4.0    0.000    0.000    0.224    0.225
 calculate_dm_sparse                 41  7.0    0.001    0.001    0.208    0.214
 cp_dbcsr_plus_fm_fm_t               41  8.0    0.001    0.001    0.206    0.212
 transfer_pw2rs_100                  42 13.0    0.041    0.048    0.188    0.206
 cp_fm_scale_and_add                935  9.9    0.183    0.206    0.183    0.206
 Fourier_transform_w_to_t            30  9.0    0.001    0.001    0.180    0.202
 parser_read_line                 21084  4.0    0.002    0.002    0.156    0.186
 parser_read_line_low                26  5.1    0.001    0.020    0.154    0.184
 broadcast_input_information         26  6.1    0.011    0.026    0.154    0.184
 fill_fm_Sigma_c_Gamma_time           1 10.0    0.000    0.000    0.181    0.181
 collect_used_col_blocks             92 10.7    0.002    0.003    0.119    0.179
 cp_cfm_zscale                    22880  5.0    0.097    0.168    0.097    0.168
 calculate_rho_core                   1  6.0    0.010    0.018    0.141    0.167
 gw_3c_ctx_create                     2 10.0    0.002    0.150    0.056    0.155
 create_qs_kind_set                   1  2.0    0.000    0.000    0.143    0.153
 read_qs_kind                         2  3.0    0.023    0.027    0.143    0.153
 get_ddapc                           42 11.0    0.001    0.001    0.141    0.152
 rs_gather_matrices                  42 11.0    0.002    0.004    0.096    0.147
 pw_poisson_set                      43  9.9    0.001    0.001    0.138    0.146
 cp_cfm_triangular_multiply           3  8.0    0.143    0.144    0.143    0.144
 initialize_rtbse_env                 1  3.0    0.136    0.137    0.142    0.143
 compute_V_xc                         1  8.0    0.000    0.000    0.137    0.143
 build_A_matrix                       1  9.0    0.102    0.135    0.102    0.135
 dbcsr_get_global_row_map        114929  8.8    0.107    0.134    0.107    0.134
 mp_bcast_am_src                     26  7.1    0.093    0.134    0.093    0.134
 dbcsr_binary_write                   1 10.0    0.131    0.133    0.132    0.133
 pw_copy_from_array                 414 13.3    0.117    0.133    0.117    0.133
 scf_post_calculation_gpw             1  4.0    0.000    0.000    0.118    0.120
 write_available_results              1  5.0    0.000    0.000    0.117    0.120
 write_mo_free_results                1  6.0    0.005    0.009    0.116    0.120
 get_ddapc-charges                   42 12.0    0.018    0.020    0.112    0.114
 initialize_moments                   1  3.0    0.001    0.001    0.113    0.113
 fft_wrap_pw1pw2_40                  84 11.5    0.003    0.004    0.101    0.111
 pw_copy_to_array                   334 12.8    0.092    0.107    0.092    0.107
 pw_axpy                            415 10.3    0.098    0.103    0.098    0.103
 dbcsr_get_global_col_map        114929  8.8    0.077    0.101    0.077    0.101
 fm_write                             1  9.0    0.000    0.003    0.077    0.098
 pw_grid_sort                         4  8.0    0.058    0.059    0.088    0.097
 fft_wrap_pw1pw2_20                  84 11.5    0.001    0.001    0.074    0.096
 dbcsr_mm_sched_finalize         114929 13.8    0.064    0.096    0.064    0.096
 cp_fm_triangular_multiply            3 11.0    0.095    0.096    0.095    0.096
 dbcsr_mm_hostdrv_init           114929 12.8    0.050    0.089    0.050    0.089
 build_b_vector                      42 13.0    0.068    0.087    0.068    0.087
 compute_Z_lP_standard_dpotrs         6 10.0    0.074    0.086    0.074    0.086
 pw_grid_remap                        4  8.0    0.002    0.002    0.074    0.081
 transfer_rs2pw_20                   42 10.0    0.029    0.032    0.073    0.081
 mp_sum_im3                           5  9.2    0.072    0.079    0.072    0.079
 transform_ao_to_mo_covariant_f       6  4.0    0.000    0.000    0.075    0.076
 qs_create_task_list                  1  6.0    0.003    0.012    0.064    0.071
 generate_qs_task_list                1  7.0    0.003    0.004    0.061    0.069
 mp_bcast_b_src                      87  8.6    0.021    0.066    0.021    0.066
 distribute_tasks                     1  8.0    0.000    0.001    0.057    0.066
 cp_cfm_cholesky_decompose            2  8.0    0.063    0.065    0.063    0.065
 mp_bcast_iv_src                     26  7.1    0.025    0.065    0.025    0.065
 cp_fm_gemm                           3  9.0    0.063    0.064    0.063    0.064
 read_gw_input_parameters             1  8.0    0.000    0.001    0.059    0.062
 xz_to_yz                            42 12.0    0.002    0.025    0.037    0.058
 pw_zero                            206 11.4    0.052    0.058    0.052    0.058
 mixing_init                          1  6.0    0.054    0.057    0.057    0.057
 rs_scatter_matrices                 42  8.0    0.002    0.003    0.048    0.057
 topology_control                     1  2.0    0.004    0.009    0.052    0.056
 mp_alltoall_z11v                    84 14.5    0.050    0.055    0.050    0.055
 calculate_hirshfeld_normalizat       1  7.0    0.030    0.041    0.052    0.055
 coordinate_control                   1  3.0    0.001    0.002    0.040    0.055
 coordinate_control_READ_COORDI       1  4.0    0.001    0.003    0.039    0.054
 read_coordinate_xyz                  1  5.0    0.001    0.001    0.037    0.054
 transfer_pw2rs_20                   42 13.0    0.019    0.021    0.051    0.054
 apply_delta_pulse_MO                 1  3.0    0.000    0.000    0.053    0.053
 propagate_density                    1  4.0    0.000    0.000    0.053    0.053
 bch_propagate                        1  5.0    0.000    0.001    0.053    0.053
 read_rirs_grid_opt                   1  9.0    0.049    0.052    0.049    0.052
 hirshfeld_integration                1  7.0    0.030    0.039    0.049    0.049
 ab_contract                     180712  9.0    0.046    0.049    0.046    0.049
 mp_isend_dm3                       684 12.5    0.030    0.047    0.030    0.047
 create_product_matrix              334 10.6    0.004    0.005    0.017    0.046
 write_mo_set_to_restart             41  6.0    0.001    0.004    0.011    0.045
 write_mo_set_low                     3  7.0    0.000    0.000    0.010    0.044
 mp_sum_im                            8  7.5    0.044    0.044    0.044    0.044
 create_local_tasks                   1  9.0    0.000    0.000    0.038    0.043
 mp_alltoall_l11v                     1 10.0    0.038    0.043    0.038    0.043
 sort_shells                          4  9.0    0.030    0.038    0.030    0.038
 rs_grid_zero                        87 13.8    0.036    0.038    0.036    0.038
 cp_cfm_triangular_invert             1  8.0    0.036    0.038    0.036    0.038
 cp_fm_to_fm_matrix                 201 10.4    0.027    0.037    0.027    0.037
 build_grid_cache                     1  9.0    0.022    0.022    0.029    0.037
 build_core_hamiltonian_matrix        1  5.0    0.002    0.007    0.028    0.035
 build_2c_coulomb_matrix_kp           1 10.0    0.000    0.000    0.030    0.033
 check_positive_definite_overla       1  7.0    0.000    0.000    0.031    0.033
 lattice_sum                          1 11.0    0.000    0.000    0.030    0.032
 cp_fm_triangular_invert              1 11.0    0.030    0.031    0.030    0.031
 cp_fm_copy_general                   4  8.2    0.000    0.000    0.028    0.030
 mp_bcast_i_src                     104  7.1    0.024    0.029    0.024    0.029
 dbcsr_dot                           83  9.0    0.005    0.005    0.012    0.029
 mp_max_i                           619  1.8    0.021    0.028    0.021    0.028
 mp_mem_avail_per_rank_GB             4  9.8    0.001    0.001    0.015    0.028
 mp_comm_split_type                   4 10.8    0.015    0.027    0.015    0.027
 create_tensors                       1  8.0    0.000    0.000    0.026    0.027
 mp_sum_i                           409  9.9    0.017    0.026    0.017    0.026
 compute_v_transl                     1 12.0    0.023    0.025    0.023    0.025
 yz_to_xz                            42 15.0    0.002    0.006    0.018    0.023
 dbcsr_filter_anytype               203 10.0    0.004    0.006    0.018    0.022
 get_current_loads                   12 10.0    0.000    0.000    0.018    0.022
 connectivity_control                 1  3.0    0.001    0.003    0.008    0.021
 calculate_first_density_matrix       1  6.0    0.000    0.003    0.010    0.020
 mp_comm_split_direct                 8 13.6    0.014    0.020    0.014    0.020
 check_gw_input                       1  9.0    0.000    0.000    0.010    0.020
 resolve_memory_per_proc              1 10.0    0.000    0.000    0.010    0.020
 calculate_atomic_block_dm            1  7.0    0.001    0.003    0.007    0.019
 load_balance_distributed             2  9.0    0.000    0.001    0.015    0.019
 cp_fm_start_copy_general             4  9.2    0.010    0.011    0.016    0.019
 compute_load_list                    4 10.0    0.000    0.000    0.015    0.019
 create_3c_t                          2  9.0    0.001    0.003    0.018    0.018
 self_consistency_check              41  6.0    0.000    0.000    0.014    0.018
 build_overlap_matrix_low             1  6.0    0.011    0.016    0.012    0.018
 cp_sm_mix                           41  7.0    0.003    0.004    0.014    0.018
 mp_maxloc_dv                      1519  1.0    0.017    0.018    0.017    0.018
 dbt_distribution_new_expert         10 11.5    0.000    0.000    0.016    0.017
 mp_max_d                           249  9.6    0.013    0.017    0.013    0.017
 get_parameters_from_qs_env           1  7.0    0.000    0.000    0.011    0.017
 mp_alltoall_l                       13 10.9    0.010    0.017    0.010    0.017
 fm_add_on_diag                      60 10.0    0.016    0.017    0.016    0.017
 create_fm_W_MIC_time                 1  9.0    0.000    0.000    0.012    0.016
 cube_transpose_2                    42 12.0    0.001    0.001    0.006    0.016
 pw_multiply_with                    42 10.0    0.015    0.015    0.015    0.015
 read_rirs_grid_file                  2 10.0    0.007    0.015    0.007    0.015
 dbcsr_crop_matrix                   82 11.0    0.001    0.002    0.013    0.015
 analyt_conti_and_print               1 10.0    0.002    0.008    0.008    0.015
 pw_scale                           165 10.8    0.010    0.014    0.010    0.014
 reserve_blocks_within_radius         1  5.0    0.009    0.012    0.011    0.014
 cube_transpose_1                    42 15.0    0.001    0.007    0.004    0.014
 cp_fm_redistribute_start            45  9.0    0.000    0.000    0.010    0.014
 dbt_tas_distribution_new            10 12.5    0.005    0.005    0.013    0.014
 cfm_ikp_from_fm_Gamma                3  7.3    0.011    0.013    0.011    0.013
 cp_fm_finish_copy_general            4  9.2    0.010    0.010    0.012    0.013
 mulliken_population_analysis         1  7.0    0.000    0.000    0.006    0.013
 mp_rank_compare                    748 14.1    0.012    0.013    0.012    0.013
 atomic_basis_at_grid_point           1  8.0    0.001    0.002    0.011    0.013
 topology_generate_bond               1  4.0    0.000    0.000    0.005    0.013
 rs_grid_create_descriptor            4  6.0    0.000    0.000    0.007    0.012
 build_local_moment_matrix            2  4.0    0.010    0.012    0.010    0.012
 dbcsr_copy_submatrix                82 12.0    0.002    0.006    0.010    0.012
 mp_irecv_dm3                       684 12.5    0.005    0.012    0.005    0.012
 topology_generate_bond_3             1  5.0    0.002    0.005    0.004    0.012
 print_matrix_occupation              3  9.0    0.000    0.000    0.007    0.011
 pw_grid_assign                       4  8.0    0.008    0.010    0.011    0.011
 evaluate_core_matrix_traces         41  7.0    0.000    0.000    0.009    0.011
 create_3c_tensor                     2 10.0    0.001    0.003    0.010    0.010
 calculate_ptrace_kp                 82  8.0    0.000    0.000    0.009    0.010
 mp_comm_size                     18242  4.5    0.008    0.010    0.008    0.010
 check_for_restart_files              1  8.0    0.009    0.010    0.009    0.010
 xc_pw_smooth                        41 11.0    0.000    0.000    0.007    0.010
 build_core_ppl                       1  6.0    0.007    0.010    0.007    0.010
 dbt_pgrid_create_expert             13 11.9    0.001    0.002    0.007    0.010
 allocate_and_fill_fm_ks_fm_s         1  7.0    0.000    0.000    0.009    0.010
 dbt_tas_create_split                 6 13.2    0.000    0.000    0.008    0.008
 classify_z_lp_atoms                  1 10.0    0.003    0.003    0.006    0.008
 dbt_tas_create_split_rows_or_c       6 14.2    0.000    0.000    0.008    0.008
 create_2c_t                          1  9.0    0.000    0.000    0.008    0.008
 fill_phi_for_atom                    5  9.0    0.000    0.000    0.007    0.008
 mp_comm_rank                     18242  4.5    0.007    0.008    0.007    0.008
 mp_allgather_l                      13 10.9    0.007    0.008    0.007    0.008
 create_2c_tensor                     3 10.0    0.000    0.000    0.008    0.008
 store_Z_lP_columns                   6 10.0    0.005    0.008    0.005    0.008
 dbcsr_make_images_dense             82 11.0    0.000    0.000    0.007    0.008
 build_fist_neighbor_lists            1  6.0    0.001    0.003    0.003    0.007
 dbcsr_make_dense_low                82 12.0    0.000    0.001    0.006    0.007
 mpools_rebuild_fm_pools              1  4.0    0.001    0.002    0.005    0.007
 cp_cfm_norm                          7  5.7    0.002    0.007    0.002    0.007
 mp_bcast_av                        760  1.0    0.005    0.006    0.005    0.006
 make_dense_data                     82 13.0    0.003    0.005    0.006    0.006
 calculate_ecore_overlap              1  5.0    0.000    0.000    0.004    0.006
 pw_grid_distribute                   4  8.0    0.002    0.003    0.005    0.006
 distribute_molecules_2d              2  7.5    0.002    0.006    0.002    0.006
 populate_C_active                    1  3.0    0.000    0.000    0.003    0.006
 mp_min_d                             5 10.0    0.003    0.006    0.003    0.006
 cp_fm_to_fm_submat_general           1  4.0    0.003    0.006    0.003    0.006
 allocate_matrices                    1  9.0    0.002    0.005    0.002    0.005
 continuation_pade                   53 11.0    0.000    0.000    0.002    0.005
 build_kinetic_matrix_low             1  6.0    0.003    0.005    0.003    0.005
 connectivity_control_check_ele       1  4.0    0.002    0.005    0.002    0.005
 qs_scf_ensure_work_matrices          1  4.0    0.000    0.001    0.003    0.005
 mp_isendrecv_dv                   5292 14.0    0.003    0.005    0.003    0.005
 get_sigma_c_newton_pade             53 12.0    0.002    0.005    0.002    0.005
 lattice_sum_R_to_k                   8 12.0    0.004    0.005    0.004    0.005
 cp_fm_set_all                       24  5.3    0.004    0.005    0.004    0.005
 scf_c_read_parameters                1  3.0    0.002    0.005    0.002    0.005
 pw_pool_create_pw                 1303 10.8    0.003    0.003    0.004    0.005
 build_neighbor_lists                 1  7.0    0.002    0.004    0.002    0.004
 restraint_control                    1  3.0    0.001    0.002    0.004    0.004
 dbt_create_new                       5 11.0    0.000    0.000    0.004    0.004
 get_fft_scratch                    749 14.1    0.004    0.004    0.004    0.004
 mp_bcast_i                           6 15.2    0.004    0.004    0.004    0.004
 print_ri_rs_memory_estimate          1  8.0    0.003    0.003    0.004    0.004
 mp_allgather_i                      10 10.4    0.003    0.004    0.003    0.004
 scf_c_create                         1  3.0    0.001    0.004    0.001    0.004
 mp_sum_lv                          138  2.2    0.003    0.003    0.003    0.003
 build_core_ppnl                      1  6.0    0.002    0.003    0.002    0.003
 initialize_singleparticle_hami       1  3.0    0.000    0.000    0.003    0.003
 grid_free_task_list                  1  2.0    0.002    0.003    0.002    0.003
 rs_grid_create                       6  6.7    0.001    0.003    0.001    0.003
 qs_scf_post_charges                  1  5.0    0.001    0.003    0.001    0.003
 ddapc_eval_gfunc                     1  8.0    0.002    0.003    0.002    0.003
 write_mo_dependent_results           1  6.0    0.001    0.003    0.001    0.003
 mp_sum_b                           188 10.8    0.003    0.003    0.003    0.003
 dbcsr_frobenius_norm                 1  5.0    0.002    0.002    0.003    0.003
 cp_dbcsr_alloc_block_from_nbl       14  7.1    0.000    0.000    0.002    0.002
 calculate_atom                       2  8.0    0.000    0.000    0.001    0.002
 calculate_atom_restricted            2  9.0    0.001    0.002    0.001    0.002
 distribution_3d_create               1 10.0    0.000    0.000    0.002    0.002
 pw_poisson_rebuild                  42 10.0    0.002    0.002    0.002    0.002
 external_control                    41  6.0    0.000    0.000    0.002    0.002
 atom_int_setup                       2  8.0    0.001    0.002    0.001    0.002
 pw_pool_give_back_pw              1461 10.8    0.001    0.002    0.001    0.002
 metadyn_read                         1  2.0    0.000    0.002    0.000    0.002
 build_qs_neighbor_lists              1  5.0    0.000    0.001    0.001    0.002
 distribution_2d_create               2 11.0    0.001    0.001    0.002    0.002
 write_particle_distances             1  3.0    0.002    0.002    0.002    0.002
 time_to_freq                         1 10.0    0.001    0.002    0.001    0.002
 mp_cart_get                        791 14.1    0.001    0.002    0.001    0.002
 compute_max_radius                   1  6.0    0.001    0.001    0.001    0.001
 allocate_blocks_v_L                  2 12.0    0.001    0.001    0.001    0.001
 pw_create_c1d                      757 11.6    0.001    0.001    0.001    0.001
 setup_kpoints_DOS_large_cell_G       1  7.0    0.000    0.000    0.001    0.001
 allocate_blocks_v_kp                 1 12.0    0.001    0.001    0.001    0.001
 mp_bcast_iv                        149  2.9    0.001    0.001    0.001    0.001
 qs_scf_write_mos                    42  6.0    0.001    0.001    0.001    0.001
 dbcsr_index_compact                152 11.4    0.001    0.001    0.001    0.001
 topology_connectivity_pack           1  3.0    0.000    0.000    0.001    0.001
 dbcsr_copy_into_existing             1  7.0    0.001    0.001    0.001    0.001
 get_n_ao_in_sphere                 592 10.0    0.001    0.001    0.001    0.001
 grid_create_task_list                1  8.0    0.001    0.001    0.001    0.001
 init_cube_info                       4  6.0    0.001    0.001    0.001    0.001
 get_rpa_minimax_coeff_larger_g       1 10.0    0.000    0.001    0.000    0.001
 mp_alltoall_i                        1 13.0    0.001    0.001    0.001    0.001
 allocate_tmp                         1 11.0    0.000    0.000    0.001    0.001
 set_blocks_to_matrix_v_kp            1 12.0    0.001    0.001    0.001    0.001
 mp_comm_dup                         10 11.9    0.001    0.001    0.001    0.001
 init_interaction_radii               3  7.3    0.000    0.001    0.000    0.001
 topology_connectivity_pack_5         1  4.0    0.000    0.001    0.000    0.001
 kpoint_init_cell_index_simple        1  8.0    0.000    0.000    0.001    0.001
 kpoint_init_cell_index               1  9.0    0.000    0.001    0.001    0.001
 cp_fm_to_fm_columns                  3  7.0    0.001    0.001    0.001    0.001
 scf_c_write_parameters               1  3.0    0.000    0.001    0.000    0.001
 distribute_molecules_1d              2  7.0    0.000    0.001    0.000    0.001
 topology_generate_bond_2             1  5.0    0.000    0.001    0.000    0.001
 optimize_load_list                   2 10.0    0.000    0.000    0.000    0.001
 multi_fft                            1  4.0    0.001    0.001    0.001    0.001
 read_smeagol_control                 1  3.0    0.000    0.001    0.000    0.001
 mixing_allocate                      1  4.0    0.000    0.001    0.000    0.001
 qs_scf_ensure_mos                    1  4.0    0.000    0.000    0.000    0.001
 pw_create_r3d                      751 11.7    0.000    0.001    0.000    0.001
 mp_max_iv                            1 10.0    0.000    0.001    0.000    0.001
 build_3c_neighbor_lists              1 10.0    0.000    0.000    0.000    0.001
 wfi_create                           1  3.0    0.000    0.001    0.000    0.001
 compute_xkp                          3  9.3    0.000    0.001    0.000    0.001
 calculate_atom_vxc_lda              11 10.0    0.000    0.001    0.000    0.001
 write_qs_particle_coordinates        1  3.0    0.000    0.001    0.000    0.001
 build_neighbor_lists_RPA_2c_nl       4  8.2    0.000    0.000    0.000    0.000
 build_neighbor_lists_sap_ppnl        1  6.0    0.000    0.000    0.000    0.000
 qs_scf_loop_print                   41  6.0    0.000    0.000    0.000    0.000
 mp_sum_partial_im                    2 11.0    0.000    0.000    0.000    0.000
 bs_env_release                       1  2.0    0.000    0.000    0.000    0.000
 create_mat_munu                      1 10.0    0.000    0.000    0.000    0.000
 dbt_tas_create_new                   5 12.0    0.000    0.000    0.000    0.000
 cp_cfm_to_cfm_columns                1  8.0    0.000    0.000    0.000    0.000
 write_orbpop                         1  8.0    0.000    0.000    0.000    0.000
 de_init_bs_env                       1  8.0    0.000    0.000    0.000    0.000
 set_mo_occupation_2                 41  7.0    0.000    0.000    0.000    0.000
 delete_unnecessary_files             1  9.0    0.000    0.000    0.000    0.000
 build_neighbor_lists_sac_ppl         1  6.0    0.000    0.000    0.000    0.000
 topology_constraint_pack             1  3.0    0.000    0.000    0.000    0.000
 dbcsr_make_dists_dense              41 10.0    0.000    0.000    0.000    0.000
 kpoint_initialize                    1  2.0    0.000    0.000    0.000    0.000
 build_neighbor_lists_GW_3c_nl_       1 11.0    0.000    0.000    0.000    0.000
 safe_delete                         60 10.0    0.000    0.000    0.000    0.000
 topology_constraint_pack_5           1  4.0    0.000    0.000    0.000    0.000
 build_neighbor_lists_GW_3c_nl_       1 11.0    0.000    0.000    0.000    0.000
 deallocate_blocks_v_L                2 12.0    0.000    0.000    0.000    0.000
 qs_efield_local_operator            42  9.0    0.000    0.000    0.000    0.000
 fft3d_s                              1  2.0    0.000    0.000    0.000    0.000
 print_Z_lP_progress                  7 10.0    0.000    0.000    0.000    0.000
 scale_rows_by_diag                  12 10.0    0.000    0.000    0.000    0.000
 offload_create_buffer                8  7.8    0.000    0.000    0.000    0.000
 set_mo_occupation_1                 42  8.0    0.000    0.000    0.000    0.000
 dbt_destroy                          5  3.0    0.000    0.000    0.000    0.000
 load_balance_replicated              1  9.0    0.000    0.000    0.000    0.000
 init_scf_loop                        1  5.0    0.000    0.000    0.000    0.000
 topology_generate_bond_4             1  5.0    0.000    0.000    0.000    0.000
 set_parallelization_parameters       1  9.0    0.000    0.000    0.000    0.000
 mp_max_r                             1  2.0    0.000    0.000    0.000    0.000
 dbcsr_index_prune_deleted          103 12.1    0.000    0.000    0.000    0.000
 mp_bcast_i3                          2 11.0    0.000    0.000    0.000    0.000
 wfs_update                           1  4.0    0.000    0.000    0.000    0.000
 write_qs_kind_set                    1  3.0    0.000    0.000    0.000    0.000
 qs_env_rebuild_rho                   1  6.0    0.000    0.000    0.000    0.000
 correct_obvious_fitting_fails        1 11.0    0.000    0.000    0.000    0.000
 qs_rho_rebuild                       1  7.0    0.000    0.000    0.000    0.000
 dbcsr_verify_matrix                 41  9.0    0.000    0.000    0.000    0.000
 build_neighbor_lists_sab_core        1  6.0    0.000    0.000    0.000    0.000
 deallocate_blocks_v_kp               1 12.0    0.000    0.000    0.000    0.000
 topology_connectivity_pack_12        1  4.0    0.000    0.000    0.000    0.000
 atom2d_build                         8  9.0    0.000    0.000    0.000    0.000
 qs_scf_post_kubo_transport           1  7.0    0.000    0.000    0.000    0.000
 pw_grid_allocate                     4  8.0    0.000    0.000    0.000    0.000
 contract2                           15  9.0    0.000    0.000    0.000    0.000
 get_all_VBM_CBM_bandgaps             1 10.0    0.000    0.000    0.000    0.000
 build_neighbor_lists_sab_orb         1  6.0    0.000    0.000    0.000    0.000
 distribution_3d_destroy              1  9.0    0.000    0.000    0.000    0.000
 build_neighbor_lists_sab_orb_s       1 11.0    0.000    0.000    0.000    0.000
 mp_mem_used_per_rank_GB              2  9.5    0.000    0.000    0.000    0.000
 check_scf_gw_level_ordering          1 11.0    0.000    0.000    0.000    0.000
 mp_sum_root_iv                       2 11.0    0.000    0.000    0.000    0.000
 cp_fm_redistribute_end              45  9.0    0.000    0.000    0.000    0.000
 init_harris_env                      1  3.0    0.000    0.000    0.000    0.000
 dbt_distribution_destroy            10 11.5    0.000    0.000    0.000    0.000
 init_qs_kind_set                     1  3.0    0.000    0.000    0.000    0.000
 check_for_derivatives               41 11.0    0.000    0.000    0.000    0.000
 init_qs_kind                         2  4.0    0.000    0.000    0.000    0.000
 mp_bcast_av_src                      1  7.0    0.000    0.000    0.000    0.000
 cp_ddapc_apply_RF                   42 10.0    0.000    0.000    0.000    0.000
 read_rirs_input                      1  9.0    0.000    0.000    0.000    0.000
 print_header_and_input_paramet       1  8.0    0.000    0.000    0.000    0.000
 build_neighbor_lists_sab_all         1  6.0    0.000    0.000    0.000    0.000
 topology_molecules_check             1  4.0    0.000    0.000    0.000    0.000
 get_exp_minimax_coeff_gw             1 10.0    0.000    0.000    0.000    0.000
 initialize_maximum_timestep          1  3.0    0.000    0.000    0.000    0.000
 mp_cart_coords                     320  9.8    0.000    0.000    0.000    0.000
 init_orb_basis_set                   4  5.0    0.000    0.000    0.000    0.000
 print_atomic_charges                42 13.0    0.000    0.000    0.000    0.000
 topology_constraint_pack_6           1  4.0    0.000    0.000    0.000    0.000
 check_diag                          45  8.0    0.000    0.000    0.000    0.000
 write_band_edges                     3  7.0    0.000    0.000    0.000    0.000
 topology_constraint_pack_7           1  4.0    0.000    0.000    0.000    0.000
 write_dft_control                    1  3.0    0.000    0.000    0.000    0.000
 mp_bcast_im                          8 10.2    0.000    0.000    0.000    0.000
 qs_ks_did_change                    43  6.0    0.000    0.000    0.000    0.000
 check_generate_mol                   1  6.0    0.000    0.000    0.000    0.000
 topology_coordinate_pack             1  3.0    0.000    0.000    0.000    0.000
 mp_min_lv                            4  8.0    0.000    0.000    0.000    0.000
 resolve_grid_panels                  4  9.2    0.000    0.000    0.000    0.000
 mp_max_lv                            4  8.0    0.000    0.000    0.000    0.000
 qs_efield_berry_phase               42  9.0    0.000    0.000    0.000    0.000
 topology_generate_bond_1             1  5.0    0.000    0.000    0.000    0.000
 mp_min_i                             4  6.0    0.000    0.000    0.000    0.000
 cp_fm_scale                          2  6.5    0.000    0.000    0.000    0.000
 atom_ppint_setup                     2  8.0    0.000    0.000    0.000    0.000
 get_basis_offsets                    1  9.0    0.000    0.000    0.000    0.000
 create_grid_atom                     2  8.0    0.000    0.000    0.000    0.000
 topology_generate_onfo               1  4.0    0.000    0.000    0.000    0.000
 init_cphi_and_sphi                   4  6.0    0.000    0.000    0.000    0.000
 set_RI_basis_function_indices        1  9.0    0.000    0.000    0.000    0.000
 cp_fm_cleanup_copy_general           4  9.2    0.000    0.000    0.000    0.000
 initialize_density_matrix            1  3.0    0.000    0.000    0.000    0.000
 scf_env_cleanup                      1  4.0    0.000    0.000    0.000    0.000
 qs_scf_print_scf_summary             1  6.0    0.000    0.000    0.000    0.000
 qs_scf_initial_info                  1  5.0    0.000    0.000    0.000    0.000
 lpt_assign_atoms                     1 10.0    0.000    0.000    0.000    0.000
 topology_connectivity_pack_4         1  4.0    0.000    0.000    0.000    0.000
 topology_generate_molecule           1  4.0    0.000    0.000    0.000    0.000
 mp_sum_lm3                           1  2.0    0.000    0.000    0.000    0.000
 topology_set_atm_mass                1  4.0    0.000    0.000    0.000    0.000
 cp_result_value_p_reallocate         4  7.8    0.000    0.000    0.000    0.000
 fix_atom_control                     1  3.0    0.000    0.000    0.000    0.000
 make_basic_distribution              2  8.5    0.000    0.000    0.000    0.000
 mp_dims_create                       4 10.5    0.000    0.000    0.000    0.000
 balance_global_list                  2 11.0    0.000    0.000    0.000    0.000
 reallocate_ft_traces                 1  4.0    0.000    0.000    0.000    0.000
 create_destination_list              2 10.0    0.000    0.000    0.000    0.000
 deallocate_tmp                       1 11.0    0.000    0.000    0.000    0.000
 spatial_atom_order                   1  9.0    0.000    0.000    0.000    0.000
 read_qs_section                      1  3.0    0.000    0.000    0.000    0.000
 topology_coordinate_pack_11          1  4.0    0.000    0.000    0.000    0.000
 topology_connectivity_pack_2         1  4.0    0.000    0.000    0.000    0.000
 mp_cart_rank                        72 13.0    0.000    0.000    0.000    0.000
 write_qs_control                     1  3.0    0.000    0.000    0.000    0.000
 topology_connectivity_pack_14        1  4.0    0.000    0.000    0.000    0.000
 setup_AO_and_RI_basis_set            1  8.0    0.000    0.000    0.000    0.000
 topology_connectivity_pack_7         1  4.0    0.000    0.000    0.000    0.000
 xc_libxc_check_functional            2  4.0    0.000    0.000    0.000    0.000
 print_gw_rirs_input                  1  9.0    0.000    0.000    0.000    0.000
 mp_sum_r                             1  2.0    0.000    0.000    0.000    0.000
 qs_scf_post_local_energy             1  7.0    0.000    0.000    0.000    0.000
 read_bandstructure_input_param       1  7.0    0.000    0.000    0.000    0.000
 topology_coordinate_pack_1           1  4.0    0.000    0.000    0.000    0.000
 scf_env_release                      1  2.0    0.000    0.000    0.000    0.000
 precompute_ri_rs_radii               1  8.0    0.000    0.000    0.000    0.000
 get_VBM_CBM_bandgaps                 3 11.0    0.000    0.000    0.000    0.000
 determine_active_mo_window           1  3.0    0.000    0.000    0.000    0.000
 read_tddfpt2_control                 1  3.0    0.000    0.000    0.000    0.000
 topology_connectivity_pack_10        1  4.0    0.000    0.000    0.000    0.000
 offload_free_buffer                  8  3.5    0.000    0.000    0.000    0.000
 mp_max_rv                            1  2.0    0.000    0.000    0.000    0.000
 sort_neighbor_lists                  1  7.0    0.000    0.000    0.000    0.000
 mp_min_rv                            1  2.0    0.000    0.000    0.000    0.000
 wfi_extrapolate                      1  6.0    0.000    0.000    0.000    0.000
 mp_sum_rv                            1  2.0    0.000    0.000    0.000    0.000
 write_molecule_kind_set              1  3.0    0.000    0.000    0.000    0.000
 topology_connectivity_pack_9         1  4.0    0.000    0.000    0.000    0.000
 resp_fit                             1  6.0    0.000    0.000    0.000    0.000
 topology_generate_bond_6             1  5.0    0.000    0.000    0.000    0.000
 topology_connectivity_pack_11        1  4.0    0.000    0.000    0.000    0.000
 topology_connectivity_pack_13        1  4.0    0.000    0.000    0.000    0.000
 check_cp2k_input                     1  2.0    0.000    0.000    0.000    0.000
 scf_env_create                       1  4.0    0.000    0.000    0.000    0.000
 init_evGW0                           1  9.0    0.000    0.000    0.000    0.000
 diag                                 5  9.0    0.000    0.000    0.000    0.000
 dump_info_core_hamiltonian           1  6.0    0.000    0.000    0.000    0.000
 cp_result_value_copy                 6  8.5    0.000    0.000    0.000    0.000
 fist_neighbor_init                   1  8.0    0.000    0.000    0.000    0.000
 cp_result_release                    1  2.0    0.000    0.000    0.000    0.000
 sg_erf                               5  9.0    0.000    0.000    0.000    0.000
 topology_coordinate_pack_7a          1  4.0    0.000    0.000    0.000    0.000
 cp_result_value_release             10  6.3    0.000    0.000    0.000    0.000
 create_local_fixd_list               1  4.0    0.000    0.000    0.000    0.000
 topology_generate_molecule_PAR       1  5.0    0.000    0.000    0.000    0.000
 ps_implicit_release                  2  4.0    0.000    0.000    0.000    0.000
 write_symmetry                       1  3.0    0.000    0.000    0.000    0.000
 print_sphere_cutoff_table            1 10.0    0.000    0.000    0.000    0.000
 topology_coordinate_pack_5           1  4.0    0.000    0.000    0.000    0.000
 allocate_GW_eigenvalues              1  8.0    0.000    0.000    0.000    0.000
 grid_create_basis_set                2  8.0    0.000    0.000    0.000    0.000
 wannier90_interface                  1  5.0    0.000    0.000    0.000    0.000
 topology_connectivity_pack_6         1  4.0    0.000    0.000    0.000    0.000
 topology_constraint_pack_2           1  4.0    0.000    0.000    0.000    0.000
 topology_muc                         1  4.0    0.000    0.000    0.000    0.000
 calculate_ecore_self                 1  5.0    0.000    0.000    0.000    0.000
 read_topology_section                1  3.0    0.000    0.000    0.000    0.000
 linres_calculation_low               1  5.0    0.000    0.000    0.000    0.000
 qs_scf_post_ps_implicit              1  7.0    0.000    0.000    0.000    0.000
 qs_scf_post_transport                1  7.0    0.000    0.000    0.000    0.000
 topology_constraint_pack_3           1  4.0    0.000    0.000    0.000    0.000
 topology_coordinate_pack_4           1  4.0    0.000    0.000    0.000    0.000
 print_header                         1  7.0    0.000    0.000    0.000    0.000
 contract2add                        10  9.0    0.000    0.000    0.000    0.000
 setup_kpoints_chi_eps_W              1  9.0    0.000    0.000    0.000    0.000
 set_heuristic_parameters             2  7.5    0.000    0.000    0.000    0.000
 atom2d_cleanup                       8  9.0    0.000    0.000    0.000    0.000
 ec_env_release                       1  2.0    0.000    0.000    0.000    0.000
 topology_constraint_pack_1           1  4.0    0.000    0.000    0.000    0.000
 read_mgrid_section                   1  3.0    0.000    0.000    0.000    0.000
 topology_connectivity_pack_1         1  4.0    0.000    0.000    0.000    0.000
 mp_isend_im2                         8 10.2    0.000    0.000    0.000    0.000
 qs_scf_post_elf                      1  5.0    0.000    0.000    0.000    0.000
 allocate_qs_energy                   1  3.0    0.000    0.000    0.000    0.000
 topology_connectivity_pack_14_       1  4.0    0.000    0.000    0.000    0.000
 transport_current                    1  8.0    0.000    0.000    0.000    0.000
 get_factor_and_xyz_min_max           1 12.0    0.000    0.000    0.000    0.000
 external_c_potential                 1  5.0    0.000    0.000    0.000    0.000
 init_ec_env                          1  2.0    0.000    0.000    0.000    0.000
 grid_free_basis_set                  2  2.0    0.000    0.000    0.000    0.000
 wfn_mix                              1  5.0    0.000    0.000    0.000    0.000
 read_binary_coordinates              1  3.0    0.000    0.000    0.000    0.000
 read_evgw0_input                     1  9.0    0.000    0.000    0.000    0.000
 cp_result_value_init                 4  7.8    0.000    0.000    0.000    0.000
 mp_irecv_im2                         8 10.2    0.000    0.000    0.000    0.000
 cp_result_value_create              10  8.6    0.000    0.000    0.000    0.000
 write_structure_data                 1  3.0    0.000    0.000    0.000    0.000
 get_i_j_atoms                        2 10.0    0.000    0.000    0.000    0.000
 plan_grid_panels                     1 10.0    0.000    0.000    0.000    0.000
 write_ks_matrix_csr                  1  7.0    0.000    0.000    0.000    0.000
 topology_connectivity_pack_3         1  4.0    0.000    0.000    0.000    0.000
 print_cutoff_radius_input            4 10.0    0.000    0.000    0.000    0.000
 write_gto_basis_sets                 1  3.0    0.000    0.000    0.000    0.000
 write_hcore_matrix_csr               1  7.0    0.000    0.000    0.000    0.000
 qs_scf_post_moments                  1  5.0    0.000    0.000    0.000    0.000
 topology_connectivity_pack_8         1  4.0    0.000    0.000    0.000    0.000
 qs_scf_post_xray                     1  5.0    0.000    0.000    0.000    0.000
 rt_bse_ri_rs_ensure_grid             2  5.0    0.000    0.000    0.000    0.000
 write_adjacency_matrix               1  7.0    0.000    0.000    0.000    0.000
 qs_scf_post_efg                      1  5.0    0.000    0.000    0.000    0.000
 write_p_matrix_csr                   1  7.0    0.000    0.000    0.000    0.000
 topology_connectivity_pack_12_       1  4.0    0.000    0.000    0.000    0.000
 qs_scf_post_molopt                   1  5.0    0.000    0.000    0.000    0.000
 qs_scf_post_epr                      1  5.0    0.000    0.000    0.000    0.000
 write_dm_binary_restart              1  7.0    0.000    0.000    0.000    0.000
 write_s_matrix_csr                   1  7.0    0.000    0.000    0.000    0.000
 add_external_potential               1  3.0    0.000    0.000    0.000    0.000
 qs_scf_post_local_stress             1  7.0    0.000    0.000    0.000    0.000
 topology_coordinate_pack_6           1  4.0    0.000    0.000    0.000    0.000
 topology_coordinate_pack_3           1  4.0    0.000    0.000    0.000    0.000
 topology_coordinate_pack_89          1  4.0    0.000    0.000    0.000    0.000
 qs_scf_post_et                       1  5.0    0.000    0.000    0.000    0.000
 write_mos_molden                     1  7.0    0.000    0.000    0.000    0.000
 calculate_ecore_efield               1  5.0    0.000    0.000    0.000    0.000
 square_mesh                          2 11.0    0.000    0.000    0.000    0.000
 topology_coordinate_pack_7b          1  4.0    0.000    0.000    0.000    0.000
 tddfpt2_control_release              2  2.0    0.000    0.000    0.000    0.000
 handle_ext_restart                   1  3.0    0.000    0.000    0.000    0.000
 reset_and_clean_bs_env               1  9.0    0.000    0.000    0.000    0.000
 read_auto_ri_input                   1  9.0    0.000    0.000    0.000    0.000
 topology_generate_bend               1  4.0    0.000    0.000    0.000    0.000
 auto_ri_release                      1  3.0    0.000    0.000    0.000    0.000
 atom_relint_setup                    2  8.0    0.000    0.000    0.000    0.000
 topology_connectivity_pack_11_       1  4.0    0.000    0.000    0.000    0.000
 tddfpt2_control_create               2  3.0    0.000    0.000    0.000    0.000
 topology_connectivity_pack_13_       1  4.0    0.000    0.000    0.000    0.000
 excited_state_energy                 1  4.0    0.000    0.000    0.000    0.000
 external_e_potential                 1  5.0    0.000    0.000    0.000    0.000
 smeagol_control_release              1  2.0    0.000    0.000    0.000    0.000
 topology_connectivity_pack_1.1       1  4.0    0.000    0.000    0.000    0.000
 rescale_forces                       1  3.0    0.000    0.000    0.000    0.000
 topology_generate_bond_7             1  5.0    0.000    0.000    0.000    0.000
 fp_env_read                          1  2.0    0.000    0.000    0.000    0.000
 external_read_density                1  5.0    0.000    0.000    0.000    0.000
 compute_matrix_w                     1  4.0    0.000    0.000    0.000    0.000
 topology_coordinate_pack_2           1  4.0    0.000    0.000    0.000    0.000
 smeagol_control_create               1  3.0    0.000    0.000    0.000    0.000
 topology_generate_dihe               1  4.0    0.000    0.000    0.000    0.000
 check_qs_kind_set                    1  3.0    0.000    0.000    0.000    0.000
 topology_generate_impr               1  4.0    0.000    0.000    0.000    0.000
 fp_env_write                         1  2.0    0.000    0.000    0.000    0.000
 topology_generate_ub                 1  4.0    0.000    0.000    0.000    0.000
 cp_result_create                     1  2.0    0.000    0.000    0.000    0.000
 topology_coordinate_pack_10          1  4.0    0.000    0.000    0.000    0.000
 pw_env_create                        1  5.0    0.000    0.000    0.000    0.000
 topology_constraint_pack_4           1  4.0    0.000    0.000    0.000    0.000
 cleanup_scf_loop                     1  6.0    0.000    0.000    0.000    0.000
 -------------------------------------------------------------------------------

 The number of warnings for this run is : 2
 
 -------------------------------------------------------------------------------
  **** **** ******  **  PROGRAM ENDED AT                 2026-09-30 16:26:08.542
 ***** ** ***  *** **   PROGRAM RAN ON                                    cn0146
 **    ****   ******    PROGRAM RAN BY                                  metdyn07
 ***** **    ** ** **   PROGRAM PROCESS ID                               1704779
  **** **  *******  **  PROGRAM STOPPED IN /scratch/hpc-prf-metdyn/metdyn07_Rita
                                           j/project-max-rtbse/g0w0_rtbse_compar
                                           ison_tuned/16/conv_new_30_09/w_30
