srun: warning: can't honor --ntasks-per-node set to 16 which doesn't match the requested tasks 64 and -mpack, which forces min number of nodes to 1
CPU_SET_HEX_STR_SIZE: 257, Size of mstr: 257
cpu-bind=MASK - cn0721, task 48  0 [1670217]: mask |BBBBBBBB|--------|--------|--------|--------|--------|--------|--------|--------|BBBB----|--------|--------||||--------|--------|--------|--------|--------|--------|--------|--------|--------|--------|--------|--------| set
CPU_SET_HEX_STR_SIZE: 257, Size of mstr: 257
cpu-bind=MASK - cn0701, task  0  0 [2332909]: mask |BBBBBBBB|--------|--------|--------|--------|--------|--------|--------|--------|BBBB----|--------|--------||||--------|--------|--------|--------|--------|--------|--------|--------|--------|--------|--------|--------| set
CPU_SET_HEX_STR_SIZE: 257, Size of mstr: 257
cpu-bind=MASK - cn0701, task  1  1 [2332910]: mask |--------|--------|--------|BBBBBBBB|--------|--------|--------|--------|--------|----BBBB|--------|--------||||--------|--------|--------|--------|--------|--------|--------|--------|--------|--------|--------|--------| set
CPU_SET_HEX_STR_SIZE: 257, Size of mstr: 257
cpu-bind=MASK - cn0701, task  2  2 [2332911]: mask |--------|BBBB----|--------|--------|--------|--------|BBBBBBBB|--------|--------|--------|--------|--------||||--------|--------|--------|--------|--------|--------|--------|--------|--------|--------|--------|--------| set
CPU_SET_HEX_STR_SIZE: 257, Size of mstr: 257
cpu-bind=MASK - cn0701, task  3  3 [2332912]: mask |--------|----BBBB|--------|--------|--------|--------|--------|--------|--------|--------|BBBBBBBB|--------||||--------|--------|--------|--------|--------|--------|--------|--------|--------|--------|--------|--------| set
CPU_SET_HEX_STR_SIZE: 257, Size of mstr: 257
cpu-bind=MASK - cn0701, task  4  4 [2332913]: mask |--------|--------|--------|--------|BBBBBBBB|--------|--------|BBBB----|--------|--------|--------|--------||||--------|--------|--------|--------|--------|--------|--------|--------|--------|--------|--------|--------| set
CPU_SET_HEX_STR_SIZE: 257, Size of mstr: 257
cpu-bind=MASK - cn0701, task  5  5 [2332914]: mask |--------|--------|BBBBBBBB|--------|--------|--------|--------|----BBBB|--------|--------|--------|--------||||--------|--------|--------|--------|--------|--------|--------|--------|--------|--------|--------|--------| set
CPU_SET_HEX_STR_SIZE: 257, Size of mstr: 257
cpu-bind=MASK - cn0701, task  6  6 [2332915]: mask |--------|--------|--------|--------|--------|BBBB----|--------|--------|--------|--------|--------|BBBBBBBB||||--------|--------|--------|--------|--------|--------|--------|--------|--------|--------|--------|--------| set
CPU_SET_HEX_STR_SIZE: 257, Size of mstr: 257
cpu-bind=MASK - cn0701, task  7  7 [2332916]: mask |--------|--------|--------|--------|--------|----BBBB|--------|--------|BBBBBBBB|--------|--------|--------||||--------|--------|--------|--------|--------|--------|--------|--------|--------|--------|--------|--------| set
CPU_SET_HEX_STR_SIZE: 257, Size of mstr: 257
cpu-bind=MASK - cn0701, task  8  8 [2332917]: mask |--------|--------|--------|--------|--------|--------|--------|--------|--------|--------|--------|--------||||BBBBBBBB|--------|--------|--------|--------|--------|--------|--------|--------|BBBB----|--------|--------| set
CPU_SET_HEX_STR_SIZE: 257, Size of mstr: 257
cpu-bind=MASK - cn0701, task  9  9 [2332918]: mask |--------|--------|--------|--------|--------|--------|--------|--------|--------|--------|--------|--------||||--------|--------|--------|BBBBBBBB|--------|--------|--------|--------|--------|----BBBB|--------|--------| set
CPU_SET_HEX_STR_SIZE: 257, Size of mstr: 257
cpu-bind=MASK - cn0717, task 16  0 [1828285]: mask |BBBBBBBB|--------|--------|--------|--------|--------|--------|--------|--------|BBBB----|--------|--------||||--------|--------|--------|--------|--------|--------|--------|--------|--------|--------|--------|--------| set
CPU_SET_HEX_STR_SIZE: 257, Size of mstr: 257
cpu-bind=MASK - cn0721, task 49  1 [1670218]: mask |--------|--------|--------|BBBBBBBB|--------|--------|--------|--------|--------|----BBBB|--------|--------||||--------|--------|--------|--------|--------|--------|--------|--------|--------|--------|--------|--------| set
CPU_SET_HEX_STR_SIZE: 257, Size of mstr: 257
cpu-bind=MASK - cn0701, task 10 10 [2332919]: mask |--------|--------|--------|--------|--------|--------|--------|--------|--------|--------|--------|--------||||--------|BBBB----|--------|--------|--------|--------|BBBBBBBB|--------|--------|--------|--------|--------| set
CPU_SET_HEX_STR_SIZE: 257, Size of mstr: 257
cpu-bind=MASK - cn0717, task 17  1 [1828286]: mask |--------|--------|--------|BBBBBBBB|--------|--------|--------|--------|--------|----BBBB|--------|--------||||--------|--------|--------|--------|--------|--------|--------|--------|--------|--------|--------|--------| set
CPU_SET_HEX_STR_SIZE: 257, Size of mstr: 257
cpu-bind=MASK - cn0721, task 50  2 [1670219]: mask |--------|BBBB----|--------|--------|--------|--------|BBBBBBBB|--------|--------|--------|--------|--------||||--------|--------|--------|--------|--------|--------|--------|--------|--------|--------|--------|--------| set
CPU_SET_HEX_STR_SIZE: 257, Size of mstr: 257
cpu-bind=MASK - cn0701, task 11 11 [2332920]: mask |--------|--------|--------|--------|--------|--------|--------|--------|--------|--------|--------|--------||||--------|----BBBB|--------|--------|--------|--------|--------|--------|--------|--------|BBBBBBBB|--------| set
CPU_SET_HEX_STR_SIZE: 257, Size of mstr: 257
cpu-bind=MASK - cn0717, task 18  2 [1828287]: mask |--------|BBBB----|--------|--------|--------|--------|BBBBBBBB|--------|--------|--------|--------|--------||||--------|--------|--------|--------|--------|--------|--------|--------|--------|--------|--------|--------| set
CPU_SET_HEX_STR_SIZE: 257, Size of mstr: 257
cpu-bind=MASK - cn0721, task 51  3 [1670220]: mask |--------|----BBBB|--------|--------|--------|--------|--------|--------|--------|--------|BBBBBBBB|--------||||--------|--------|--------|--------|--------|--------|--------|--------|--------|--------|--------|--------| set
CPU_SET_HEX_STR_SIZE: 257, Size of mstr: 257
cpu-bind=MASK - cn0701, task 12 12 [2332921]: mask |--------|--------|--------|--------|--------|--------|--------|--------|--------|--------|--------|--------||||--------|--------|--------|--------|BBBBBBBB|--------|--------|BBBB----|--------|--------|--------|--------| set
CPU_SET_HEX_STR_SIZE: 257, Size of mstr: 257
cpu-bind=MASK - cn0717, task 19  3 [1828288]: mask |--------|----BBBB|--------|--------|--------|--------|--------|--------|--------|--------|BBBBBBBB|--------||||--------|--------|--------|--------|--------|--------|--------|--------|--------|--------|--------|--------| set
CPU_SET_HEX_STR_SIZE: 257, Size of mstr: 257
cpu-bind=MASK - cn0721, task 52  4 [1670221]: mask |--------|--------|--------|--------|BBBBBBBB|--------|--------|BBBB----|--------|--------|--------|--------||||--------|--------|--------|--------|--------|--------|--------|--------|--------|--------|--------|--------| set
CPU_SET_HEX_STR_SIZE: 257, Size of mstr: 257
cpu-bind=MASK - cn0701, task 13 13 [2332922]: mask |--------|--------|--------|--------|--------|--------|--------|--------|--------|--------|--------|--------||||--------|--------|BBBBBBBB|--------|--------|--------|--------|----BBBB|--------|--------|--------|--------| set
CPU_SET_HEX_STR_SIZE: 257, Size of mstr: 257
cpu-bind=MASK - cn0721, task 53  5 [1670222]: mask |--------|--------|BBBBBBBB|--------|--------|--------|--------|----BBBB|--------|--------|--------|--------||||--------|--------|--------|--------|--------|--------|--------|--------|--------|--------|--------|--------| set
CPU_SET_HEX_STR_SIZE: 257, Size of mstr: 257
cpu-bind=MASK - cn0717, task 20  4 [1828289]: mask |--------|--------|--------|--------|BBBBBBBB|--------|--------|BBBB----|--------|--------|--------|--------||||--------|--------|--------|--------|--------|--------|--------|--------|--------|--------|--------|--------| set
CPU_SET_HEX_STR_SIZE: 257, Size of mstr: 257
cpu-bind=MASK - cn0721, task 54  6 [1670223]: mask |--------|--------|--------|--------|--------|BBBB----|--------|--------|--------|--------|--------|BBBBBBBB||||--------|--------|--------|--------|--------|--------|--------|--------|--------|--------|--------|--------| set
CPU_SET_HEX_STR_SIZE: 257, Size of mstr: 257
cpu-bind=MASK - cn0701, task 14 14 [2332923]: mask |--------|--------|--------|--------|--------|--------|--------|--------|--------|--------|--------|--------||||--------|--------|--------|--------|--------|BBBB----|--------|--------|--------|--------|--------|BBBBBBBB| set
CPU_SET_HEX_STR_SIZE: 257, Size of mstr: 257
cpu-bind=MASK - cn0721, task 55  7 [1670224]: mask |--------|--------|--------|--------|--------|----BBBB|--------|--------|BBBBBBBB|--------|--------|--------||||--------|--------|--------|--------|--------|--------|--------|--------|--------|--------|--------|--------| set
CPU_SET_HEX_STR_SIZE: 257, Size of mstr: 257
cpu-bind=MASK - cn0717, task 21  5 [1828290]: mask |--------|--------|BBBBBBBB|--------|--------|--------|--------|----BBBB|--------|--------|--------|--------||||--------|--------|--------|--------|--------|--------|--------|--------|--------|--------|--------|--------| set
CPU_SET_HEX_STR_SIZE: 257, Size of mstr: 257
cpu-bind=MASK - cn0721, task 56  8 [1670225]: mask |--------|--------|--------|--------|--------|--------|--------|--------|--------|--------|--------|--------||||BBBBBBBB|--------|--------|--------|--------|--------|--------|--------|--------|BBBB----|--------|--------| set
CPU_SET_HEX_STR_SIZE: 257, Size of mstr: 257
cpu-bind=MASK - cn0717, task 22  6 [1828291]: mask |--------|--------|--------|--------|--------|BBBB----|--------|--------|--------|--------|--------|BBBBBBBB||||--------|--------|--------|--------|--------|--------|--------|--------|--------|--------|--------|--------| set
CPU_SET_HEX_STR_SIZE: 257, Size of mstr: 257
cpu-bind=MASK - cn0717, task 23  7 [1828292]: mask |--------|--------|--------|--------|--------|----BBBB|--------|--------|BBBBBBBB|--------|--------|--------||||--------|--------|--------|--------|--------|--------|--------|--------|--------|--------|--------|--------| set
CPU_SET_HEX_STR_SIZE: 257, Size of mstr: 257
cpu-bind=MASK - cn0721, task 57  9 [1670226]: mask |--------|--------|--------|--------|--------|--------|--------|--------|--------|--------|--------|--------||||--------|--------|--------|BBBBBBBB|--------|--------|--------|--------|--------|----BBBB|--------|--------| set
CPU_SET_HEX_STR_SIZE: 257, Size of mstr: 257
cpu-bind=MASK - cn0721, task 58 10 [1670227]: mask |--------|--------|--------|--------|--------|--------|--------|--------|--------|--------|--------|--------||||--------|BBBB----|--------|--------|--------|--------|BBBBBBBB|--------|--------|--------|--------|--------| set
CPU_SET_HEX_STR_SIZE: 257, Size of mstr: 257
cpu-bind=MASK - cn0717, task 24  8 [1828293]: mask |--------|--------|--------|--------|--------|--------|--------|--------|--------|--------|--------|--------||||BBBBBBBB|--------|--------|--------|--------|--------|--------|--------|--------|BBBB----|--------|--------| set
CPU_SET_HEX_STR_SIZE: 257, Size of mstr: 257
cpu-bind=MASK - cn0721, task 59 11 [1670228]: mask |--------|--------|--------|--------|--------|--------|--------|--------|--------|--------|--------|--------||||--------|----BBBB|--------|--------|--------|--------|--------|--------|--------|--------|BBBBBBBB|--------| set
CPU_SET_HEX_STR_SIZE: 257, Size of mstr: 257
cpu-bind=MASK - cn0717, task 25  9 [1828294]: mask |--------|--------|--------|--------|--------|--------|--------|--------|--------|--------|--------|--------||||--------|--------|--------|BBBBBBBB|--------|--------|--------|--------|--------|----BBBB|--------|--------| set
CPU_SET_HEX_STR_SIZE: 257, Size of mstr: 257
cpu-bind=MASK - cn0721, task 60 12 [1670229]: mask |--------|--------|--------|--------|--------|--------|--------|--------|--------|--------|--------|--------||||--------|--------|--------|--------|BBBBBBBB|--------|--------|BBBB----|--------|--------|--------|--------| set
CPU_SET_HEX_STR_SIZE: 257, Size of mstr: 257
cpu-bind=MASK - cn0717, task 26 10 [1828295]: mask |--------|--------|--------|--------|--------|--------|--------|--------|--------|--------|--------|--------||||--------|BBBB----|--------|--------|--------|--------|BBBBBBBB|--------|--------|--------|--------|--------| set
CPU_SET_HEX_STR_SIZE: 257, Size of mstr: 257
cpu-bind=MASK - cn0701, task 15 15 [2332924]: mask |--------|--------|--------|--------|--------|--------|--------|--------|--------|--------|--------|--------||||--------|--------|--------|--------|--------|----BBBB|--------|--------|BBBBBBBB|--------|--------|--------| set
CPU_SET_HEX_STR_SIZE: 257, Size of mstr: 257
cpu-bind=MASK - cn0721, task 61 13 [1670230]: mask |--------|--------|--------|--------|--------|--------|--------|--------|--------|--------|--------|--------||||--------|--------|BBBBBBBB|--------|--------|--------|--------|----BBBB|--------|--------|--------|--------| set
CPU_SET_HEX_STR_SIZE: 257, Size of mstr: 257
cpu-bind=MASK - cn0717, task 27 11 [1828296]: mask |--------|--------|--------|--------|--------|--------|--------|--------|--------|--------|--------|--------||||--------|----BBBB|--------|--------|--------|--------|--------|--------|--------|--------|BBBBBBBB|--------| set
CPU_SET_HEX_STR_SIZE: 257, Size of mstr: 257
cpu-bind=MASK - cn0721, task 62 14 [1670231]: mask |--------|--------|--------|--------|--------|--------|--------|--------|--------|--------|--------|--------||||--------|--------|--------|--------|--------|BBBB----|--------|--------|--------|--------|--------|BBBBBBBB| set
CPU_SET_HEX_STR_SIZE: 257, Size of mstr: 257
cpu-bind=MASK - cn0717, task 28 12 [1828297]: mask |--------|--------|--------|--------|--------|--------|--------|--------|--------|--------|--------|--------||||--------|--------|--------|--------|BBBBBBBB|--------|--------|BBBB----|--------|--------|--------|--------| set
CPU_SET_HEX_STR_SIZE: 257, Size of mstr: 257
cpu-bind=MASK - cn0717, task 29 13 [1828298]: mask |--------|--------|--------|--------|--------|--------|--------|--------|--------|--------|--------|--------||||--------|--------|BBBBBBBB|--------|--------|--------|--------|----BBBB|--------|--------|--------|--------| set
CPU_SET_HEX_STR_SIZE: 257, Size of mstr: 257
cpu-bind=MASK - cn0717, task 30 14 [1828299]: mask |--------|--------|--------|--------|--------|--------|--------|--------|--------|--------|--------|--------||||--------|--------|--------|--------|--------|BBBB----|--------|--------|--------|--------|--------|BBBBBBBB| set
CPU_SET_HEX_STR_SIZE: 257, Size of mstr: 257
cpu-bind=MASK - cn0721, task 63 15 [1670232]: mask |--------|--------|--------|--------|--------|--------|--------|--------|--------|--------|--------|--------||||--------|--------|--------|--------|--------|----BBBB|--------|--------|BBBBBBBB|--------|--------|--------| set
CPU_SET_HEX_STR_SIZE: 257, Size of mstr: 257
cpu-bind=MASK - cn0717, task 31 15 [1828300]: mask |--------|--------|--------|--------|--------|--------|--------|--------|--------|--------|--------|--------||||--------|--------|--------|--------|--------|----BBBB|--------|--------|BBBBBBBB|--------|--------|--------| set
CPU_SET_HEX_STR_SIZE: 257, Size of mstr: 257
cpu-bind=MASK - cn0719, task 32  0 [2194819]: mask |BBBBBBBB|--------|--------|--------|--------|--------|--------|--------|--------|BBBB----|--------|--------||||--------|--------|--------|--------|--------|--------|--------|--------|--------|--------|--------|--------| set
CPU_SET_HEX_STR_SIZE: 257, Size of mstr: 257
cpu-bind=MASK - cn0719, task 33  1 [2194820]: mask |--------|--------|--------|BBBBBBBB|--------|--------|--------|--------|--------|----BBBB|--------|--------||||--------|--------|--------|--------|--------|--------|--------|--------|--------|--------|--------|--------| set
CPU_SET_HEX_STR_SIZE: 257, Size of mstr: 257
cpu-bind=MASK - cn0719, task 34  2 [2194821]: mask |--------|BBBB----|--------|--------|--------|--------|BBBBBBBB|--------|--------|--------|--------|--------||||--------|--------|--------|--------|--------|--------|--------|--------|--------|--------|--------|--------| set
CPU_SET_HEX_STR_SIZE: 257, Size of mstr: 257
cpu-bind=MASK - cn0719, task 35  3 [2194822]: mask |--------|----BBBB|--------|--------|--------|--------|--------|--------|--------|--------|BBBBBBBB|--------||||--------|--------|--------|--------|--------|--------|--------|--------|--------|--------|--------|--------| set
CPU_SET_HEX_STR_SIZE: 257, Size of mstr: 257
cpu-bind=MASK - cn0719, task 36  4 [2194823]: mask |--------|--------|--------|--------|BBBBBBBB|--------|--------|BBBB----|--------|--------|--------|--------||||--------|--------|--------|--------|--------|--------|--------|--------|--------|--------|--------|--------| set
CPU_SET_HEX_STR_SIZE: 257, Size of mstr: 257
cpu-bind=MASK - cn0719, task 37  5 [2194824]: mask |--------|--------|BBBBBBBB|--------|--------|--------|--------|----BBBB|--------|--------|--------|--------||||--------|--------|--------|--------|--------|--------|--------|--------|--------|--------|--------|--------| set
CPU_SET_HEX_STR_SIZE: 257, Size of mstr: 257
cpu-bind=MASK - cn0719, task 38  6 [2194825]: mask |--------|--------|--------|--------|--------|BBBB----|--------|--------|--------|--------|--------|BBBBBBBB||||--------|--------|--------|--------|--------|--------|--------|--------|--------|--------|--------|--------| set
CPU_SET_HEX_STR_SIZE: 257, Size of mstr: 257
cpu-bind=MASK - cn0719, task 39  7 [2194826]: mask |--------|--------|--------|--------|--------|----BBBB|--------|--------|BBBBBBBB|--------|--------|--------||||--------|--------|--------|--------|--------|--------|--------|--------|--------|--------|--------|--------| set
CPU_SET_HEX_STR_SIZE: 257, Size of mstr: 257
cpu-bind=MASK - cn0719, task 40  8 [2194827]: mask |--------|--------|--------|--------|--------|--------|--------|--------|--------|--------|--------|--------||||BBBBBBBB|--------|--------|--------|--------|--------|--------|--------|--------|BBBB----|--------|--------| set
CPU_SET_HEX_STR_SIZE: 257, Size of mstr: 257
cpu-bind=MASK - cn0719, task 41  9 [2194828]: mask |--------|--------|--------|--------|--------|--------|--------|--------|--------|--------|--------|--------||||--------|--------|--------|BBBBBBBB|--------|--------|--------|--------|--------|----BBBB|--------|--------| set
CPU_SET_HEX_STR_SIZE: 257, Size of mstr: 257
cpu-bind=MASK - cn0719, task 42 10 [2194829]: mask |--------|--------|--------|--------|--------|--------|--------|--------|--------|--------|--------|--------||||--------|BBBB----|--------|--------|--------|--------|BBBBBBBB|--------|--------|--------|--------|--------| set
CPU_SET_HEX_STR_SIZE: 257, Size of mstr: 257
cpu-bind=MASK - cn0719, task 43 11 [2194830]: mask |--------|--------|--------|--------|--------|--------|--------|--------|--------|--------|--------|--------||||--------|----BBBB|--------|--------|--------|--------|--------|--------|--------|--------|BBBBBBBB|--------| set
CPU_SET_HEX_STR_SIZE: 257, Size of mstr: 257
cpu-bind=MASK - cn0719, task 44 12 [2194831]: mask |--------|--------|--------|--------|--------|--------|--------|--------|--------|--------|--------|--------||||--------|--------|--------|--------|BBBBBBBB|--------|--------|BBBB----|--------|--------|--------|--------| set
CPU_SET_HEX_STR_SIZE: 257, Size of mstr: 257
cpu-bind=MASK - cn0719, task 45 13 [2194832]: mask |--------|--------|--------|--------|--------|--------|--------|--------|--------|--------|--------|--------||||--------|--------|BBBBBBBB|--------|--------|--------|--------|----BBBB|--------|--------|--------|--------| set
CPU_SET_HEX_STR_SIZE: 257, Size of mstr: 257
cpu-bind=MASK - cn0719, task 46 14 [2194833]: mask |--------|--------|--------|--------|--------|--------|--------|--------|--------|--------|--------|--------||||--------|--------|--------|--------|--------|BBBB----|--------|--------|--------|--------|--------|BBBBBBBB| set
CPU_SET_HEX_STR_SIZE: 257, Size of mstr: 257
cpu-bind=MASK - cn0719, task 47 15 [2194834]: mask |--------|--------|--------|--------|--------|--------|--------|--------|--------|--------|--------|--------||||--------|--------|--------|--------|--------|----BBBB|--------|--------|BBBBBBBB|--------|--------|--------| set
 DBCSR| CPU Multiplication driver                                           XSMM (U)
 DBCSR| Multrec recursion limit                                              512 (U)
 DBCSR| Multiplication stack size                                           1000 (D)
 DBCSR| Maximum elements for images                                    UNLIMITED (U)
 DBCSR| Multiplicative factor virtual images                                   1 (U)
 DBCSR| Use multiplication densification                                       T (D)
 DBCSR| Multiplication size stacks                                             3 (U)
 DBCSR| Use memory pool for CPU allocation                                     F (U)
 DBCSR| Number of 3D layers                                               SINGLE (U)
 DBCSR| Use MPI memory allocation                                              F (U)
 DBCSR| Use RMA algorithm                                                      F (U)
 DBCSR| Use Communication thread                                               T (U)
 DBCSR| Communication thread load                                             45 (D)
 DBCSR| MPI: My process id                                                     0
 DBCSR| MPI: Number of processes                                              64
 DBCSR| OMP: Current number of threads                                        12
 DBCSR| OMP: Max number of threads                                            12
 DBCSR| Split modifier for TAS multiplication algorithm                  1.0E+00 (U)


  **** **** ******  **  PROGRAM STARTED AT               2026-09-30 14:51:33.963
 ***** ** ***  *** **   PROGRAM STARTED ON                                cn0701
 **    ****   ******    PROGRAM STARTED BY                              metdyn07
 ***** **    ** ** **   PROGRAM PROCESS ID                               2332909
  **** **  *******  **  PROGRAM STARTED IN /scratch/hpc-prf-metdyn/metdyn07_Rita
                                           j/project-max-rtbse/g0w0_rtbse_compar
                                           ison_tuned/4/rirs_opt/gterm

 CP2K| version string:                 CP2K version 2026.2 (Development Version)
 CP2K| source code revision number:                                   0005d2399e
 CP2K| cp2kflags: omp libint fftw3 libxc elpa parallel scalapack mpi_f08 cosma l
 CP2K|            ibxs libxsmm plumed2 spglib openblas sirius libvori libbqb lib
 CP2K|            bvdwxc hdf5 greenx
 CP2K| is freely available from                            https://www.cp2k.org/
 CP2K| Program compiled at                                   2026-09-14 14:10:14
 CP2K| Program compiled on                                                login4
 CP2K| Program compiled for                                               x86_64
 CP2K| Data directory path    /pc2/groups/hpc-prf-metdyn/metdyn07_Ritaj/implemen
 CP2K| Input file name                                                 input.inp

 GLOBAL| Force Environment number                                              1
 GLOBAL| Basis set file name             BASIS_GTH_MOLOPT_AUG_for_excited_states
 GLOBAL| Potential file name                                      GTH_POTENTIALS
 GLOBAL| MM Potential file name                                     MM_POTENTIAL
 GLOBAL| Coordinate file name                                          struc.xyz
 GLOBAL| Method name                                                        CP2K
 GLOBAL| Project name                                                      rec_4
 GLOBAL| Run type                                                 RT_PROPAGATION
 GLOBAL| FFT library                                                       FFTW3
 GLOBAL| Diagonalization library                                            ELPA
 GLOBAL| Cholesky decomposition library                                ScaLAPACK
 GLOBAL| DGEMM library                                                      BLAS
 GLOBAL| Minimum number of eigenvectors for ELPA usage                        64
 GLOBAL| Orthonormality check for eigenvectors                          DISABLED
 GLOBAL| Matrix multiplication library                                     COSMA
 GLOBAL| All-to-all communication in single precision                          F
 GLOBAL| Grid backend                                                       AUTO
 GLOBAL| Global print level                                               MEDIUM
 GLOBAL| MPI I/O enabled                                                       T
 GLOBAL| Total number of message passing processes                            64
 GLOBAL| Number of distributed systems (nodes)                                 4
 GLOBAL| Number of threads for this process                                   12
 GLOBAL| This output is from process                                           0
 GLOBAL| OpenMP stack size per thread (OMP_STACKSIZE)                    default
 GLOBAL| CPU model name                          AMD EPYC 9655 96-Core Processor
 GLOBAL| CPUID                                                              1003
 GLOBAL| Compiled for CPUID                                                    0

 *** HINT in environment.F:968 :: The compiler target (generic) used to ***
 *** build this binary does not enable all instruction-set extensions   ***
 *** available on this CPU (x86_avx512). Consider reconfiguring and     ***
 *** rebuilding CP2K for this target system to enable them.             ***


 MEMORY| system memory details [Kb]
 MEMORY|                        rank 0           min           max       average
 MEMORY| MemTotal            791033988     791033964     791034012     791033990
 MEMORY| MemFree             748181288     748181288     755444592     752969833
 MEMORY| Buffers                  1068             0          2140          1276
 MEMORY| Cached               13398200       6548872      13398200       9348949
 MEMORY| Slab                  2845904       2627164       2845904       2728641
 MEMORY| SReclaimable          1215396       1040632       1215396       1133011
 MEMORY| MemLikelyFree       762795952     762795952     764010560     763453069


 *** Fundamental physical constants (SI units) ***

 *** Literature: B. J. Mohr and B. N. Taylor,
 ***             CODATA recommended values of the fundamental physical
 ***             constants: 2006, Web Version 5.1
 ***             http://physics.nist.gov/constants

 Speed of light in vacuum [m/s]                             2.99792458000000E+08
 Magnetic constant or permeability of vacuum [N/A**2]       1.25663706143592E-06
 Electric constant or permittivity of vacuum [F/m]          8.85418781762039E-12
 Planck constant (h) [J*s]                                  6.62606896000000E-34
 Planck constant (h-bar) [J*s]                              1.05457162825177E-34
 Elementary charge [C]                                      1.60217648700000E-19
 Electron mass [kg]                                         9.10938215000000E-31
 Electron g factor [ ]                                     -2.00231930436220E+00
 Proton mass [kg]                                           1.67262163700000E-27
 Fine-structure constant                                    7.29735253760000E-03
 Rydberg constant [1/m]                                     1.09737315685270E+07
 Avogadro constant [1/mol]                                  6.02214179000000E+23
 Boltzmann constant [J/K]                                   1.38065040000000E-23
 Atomic mass unit [kg]                                      1.66053878200000E-27
 Bohr radius [m]                                            5.29177208590000E-11

 *** Conversion factors ***

 [u] -> [a.u.]                                              1.82288848426455E+03
 [Angstrom] -> [Bohr] = [a.u.]                              1.88972613288564E+00
 [a.u.] = [Bohr] -> [Angstrom]                              5.29177208590000E-01
 [a.u.] -> [s]                                              2.41888432650478E-17
 [a.u.] -> [fs]                                             2.41888432650478E-02
 [a.u.] -> [J]                                              4.35974393937059E-18
 [a.u.] -> [N]                                              8.23872205491840E-08
 [a.u.] -> [K]                                              3.15774647902944E+05
 [a.u.] -> [kJ/mol]                                         2.62549961709828E+03
 [a.u.] -> [kcal/mol]                                       6.27509468713739E+02
 [a.u.] -> [Pa]                                             2.94210107994716E+13
 [a.u.] -> [bar]                                            2.94210107994716E+08
 [a.u.] -> [atm]                                            2.90362800883016E+08
 [a.u.] -> [eV]                                             2.72113838565563E+01
 [a.u.] -> [Hz]                                             6.57968392072181E+15
 [a.u.] -> [1/cm] (wave numbers)                            2.19474631370540E+05
 [a.u./Bohr**2] -> [1/cm]                                   5.14048714338585E+03
 

 CELL| Volume [angstrom^3]:                                          6163.933545
 CELL| Vector a [angstrom]:      19.190     0.000     0.000   |a| =    19.190000
 CELL| Vector b [angstrom]:       0.000    27.810     0.000   |b| =    27.810000
 CELL| Vector c [angstrom]:       0.000     0.000    11.550   |c| =    11.550000
 CELL| Angle (b,c), alpha [degree]:                                    90.000000
 CELL| Angle (a,c), beta  [degree]:                                    90.000000
 CELL| Angle (a,b), gamma [degree]:                                    90.000000
 CELL| Numerically orthorhombic:                                             YES
 CELL| Periodicity                                                          NONE

 CELL_REF| Volume [angstrom^3]:                                      6163.933545
 CELL_REF| Vector a [angstrom    19.190     0.000     0.000   |a| =    19.190000
 CELL_REF| Vector b [angstrom     0.000    27.810     0.000   |b| =    27.810000
 CELL_REF| Vector c [angstrom     0.000     0.000    11.550   |c| =    11.550000
 CELL_REF| Angle (b,c), alpha [degree]:                                90.000000
 CELL_REF| Angle (a,c), beta  [degree]:                                90.000000
 CELL_REF| Angle (a,b), gamma [degree]:                                90.000000
 CELL_REF| Numerically orthorhombic:                                         YES
 CELL_REF| Periodicity                                                      NONE

 GENERATE|  Preliminary Number of Bonds generated:                             0
 GENERATE|  Achieved consistency in connectivity generation.

 *******************************************************************************
 *******************************************************************************
 **                                                                           **
 **     #####                         ##              ##                      **
 **    ##   ##            ##          ##              ##                      **
 **   ##     ##                       ##            ######                    **
 **   ##     ##  ##   ##  ##   #####  ##  ##   ####   ##    #####    #####    **
 **   ##     ##  ##   ##  ##  ##      ## ##   ##      ##   ##   ##  ##   ##   **
 **   ##  ## ##  ##   ##  ##  ##      ####     ###    ##   ######   ######    **
 **    ##  ###   ##   ##  ##  ##      ## ##      ##   ##   ##       ##        **
 **     #######   #####   ##   #####  ##  ##  ####    ##    #####   ##        **
 **           ##                                                    ##        **
 **                                                                           **
 **                                                ... make the atoms dance   **
 **                                                                           **
 **            Copyright (C) by CP2K developers group (2000-2026)             **
 **                      J. Chem. Phys. 152, 194103 (2020)                    **
 **                                                                           **
 *******************************************************************************

 DFT| Spin restricted Kohn-Sham (RKS) calculation                            RKS
 DFT| Multiplicity                                                             1
 DFT| Number of spin states                                                    1
 DFT| Charge                                                                   0
 DFT| Self-interaction correction (SIC)                                       NO
 DFT| Cutoffs: density                                              1.000000E-10
 DFT|          gradient                                             1.000000E-10
 DFT|          tau                                                  1.000000E-10
 DFT|          cutoff_smoothing_range                               0.000000E+00
 DFT| XC density smoothing                                                  NONE
 DFT| XC derivatives                                                          PW

 FUNCTIONAL| PBE:
 FUNCTIONAL| J.P.Perdew, K.Burke, M.Ernzerhof, Phys. Rev. Letter, vol. 77, n 18,
 FUNCTIONAL|  pp. 3865-3868, (1996) {spin unpolarized}                          


 QS| Method:                                                                 GPW
 QS| Density plane wave grid type                        NON-SPHERICAL FULLSPACE
 QS| Number of grid levels:                                                    4
 QS| Density cutoff [a.u.]:                                                300.0
 QS| Multi grid cutoff [a.u.]: 1) grid level                               300.0
 QS|                           2) grid level                               100.0
 QS|                           3) grid level                                33.3
 QS|                           4) grid level                                11.1
 QS| Grid level progression factor:                                          3.0
 QS| Relative density cutoff [a.u.]:                                        30.0
 QS| Interaction thresholds: eps_pgf_orb:                                3.2E-08
 QS|                         eps_filter_matrix:                          0.0E+00
 QS|                         eps_core_charge:                            1.0E-17
 QS|                         eps_rho_gspace:                             1.0E-15
 QS|                         eps_rho_rspace:                             1.0E-15
 QS|                         eps_gvg_rspace:                             3.2E-08
 QS|                         eps_ppl:                                    1.0E-02
 QS|                         eps_ppnl:                                   3.2E-10


 ATOMIC KIND INFORMATION

  1. Atomic kind: C                                     Number of atoms:      56

     Orbital Basis Set                                 aug-SZV-MOLOPT-GTH-tier-2

       Number of orbital shell sets:                                           1
       Number of orbital shells:                                               5
       Number of primitive Cartesian functions:                                6
       Number of Cartesian basis functions:                                   14
       Number of spherical basis functions:                                   13
       Norm type:                                                              2

       Normalised Cartesian orbitals:

                        Set   Shell   Orbital            Exponent    Coefficient

                          1       1    2s                0.070000       0.000000
                                                         0.128212      -0.022789
                                                         0.348157      -0.219794
                                                         0.769911      -0.209686
                                                         2.113016       0.213043
                                                         5.605331       0.322515

                          1       2    3s                0.070000       0.133509
                                                         0.128212      -0.041206
                                                         0.348157      -0.081784
                                                         0.769911      -0.003005
                                                         2.113016       0.000000
                                                         5.605331       0.000000

                          1       3    3px               0.070000       0.000000
                                                         0.128212      -0.027849
                                                         0.348157      -0.139743
                                                         0.769911      -0.374851
                                                         2.113016      -0.642521
                                                         5.605331      -0.703879
                          1       3    3py               0.070000       0.000000
                                                         0.128212      -0.027849
                                                         0.348157      -0.139743
                                                         0.769911      -0.374851
                                                         2.113016      -0.642521
                                                         5.605331      -0.703879
                          1       3    3pz               0.070000       0.000000
                                                         0.128212      -0.027849
                                                         0.348157      -0.139743
                                                         0.769911      -0.374851
                                                         2.113016      -0.642521
                                                         5.605331      -0.703879

                          1       4    4px               0.070000       0.033242
                                                         0.128212       0.023307
                                                         0.348157       0.113522
                                                         0.769911      -0.094955
                                                         2.113016       0.000000
                                                         5.605331       0.000000
                          1       4    4py               0.070000       0.033242
                                                         0.128212       0.023307
                                                         0.348157       0.113522
                                                         0.769911      -0.094955
                                                         2.113016       0.000000
                                                         5.605331       0.000000
                          1       4    4pz               0.070000       0.033242
                                                         0.128212       0.023307
                                                         0.348157       0.113522
                                                         0.769911      -0.094955
                                                         2.113016       0.000000
                                                         5.605331       0.000000

                          1       5    4dx2              0.070000      -0.000111
                                                         0.128212       0.037828
                                                         0.348157       0.043639
                                                         0.769911       0.120124
                                                         2.113016       0.000000
                                                         5.605331       0.000000
                          1       5    4dxy              0.070000      -0.000193
                                                         0.128212       0.065520
                                                         0.348157       0.075585
                                                         0.769911       0.208061
                                                         2.113016       0.000000
                                                         5.605331       0.000000
                          1       5    4dxz              0.070000      -0.000193
                                                         0.128212       0.065520
                                                         0.348157       0.075585
                                                         0.769911       0.208061
                                                         2.113016       0.000000
                                                         5.605331       0.000000
                          1       5    4dy2              0.070000      -0.000111
                                                         0.128212       0.037828
                                                         0.348157       0.043639
                                                         0.769911       0.120124
                                                         2.113016       0.000000
                                                         5.605331       0.000000
                          1       5    4dyz              0.070000      -0.000193
                                                         0.128212       0.065520
                                                         0.348157       0.075585
                                                         0.769911       0.208061
                                                         2.113016       0.000000
                                                         5.605331       0.000000
                          1       5    4dz2              0.070000      -0.000111
                                                         0.128212       0.037828
                                                         0.348157       0.043639
                                                         0.769911       0.120124
                                                         2.113016       0.000000
                                                         5.605331       0.000000

     RI Auxiliary Basis Set             RI_aug-SZV-MOLOPT-GTH-tier-2_N_RI_030_s_

       Number of orbital shell sets:                                          10
       Number of orbital shells:                                              10
       Number of primitive Cartesian functions:                               10
       Number of Cartesian basis functions:                                   35
       Number of spherical basis functions:                                   30
       Norm type:                                                              2

       Normalised Cartesian orbitals:

                        Set   Shell   Orbital            Exponent    Coefficient

                          1       1    1s                0.191848       0.206599

                          2       1    2s                0.736300       0.566502

                          3       1    3s                2.917592       1.591031

                          4       1    4s                9.448168       3.840792

                          5       1    5px               0.281885       0.292772
                          5       1    5py               0.281885       0.292772
                          5       1    5pz               0.281885       0.292772

                          6       1    6px               0.984576       1.397983
                          6       1    6py               0.984576       1.397983
                          6       1    6pz               0.984576       1.397983

                          7       1    7px               2.475409       4.425871
                          7       1    7py               2.475409       4.425871
                          7       1    7pz               2.475409       4.425871

                          8       1    8dx2              0.347629       0.259037
                          8       1    8dxy              0.347629       0.448666
                          8       1    8dxz              0.347629       0.448666
                          8       1    8dy2              0.347629       0.259037
                          8       1    8dyz              0.347629       0.448666
                          8       1    8dz2              0.347629       0.259037

                          9       1    9dx2              1.822216       4.703911
                          9       1    9dxy              1.822216       8.147414
                          9       1    9dxz              1.822216       8.147414
                          9       1    9dy2              1.822216       4.703911
                          9       1    9dyz              1.822216       8.147414
                          9       1    9dz2              1.822216       4.703911

                         10       1   10fx3              0.497967       0.306659
                         10       1   10fx2y             0.497967       0.685710
                         10       1   10fx2z             0.497967       0.685710
                         10       1   10fxy2             0.497967       0.685710
                         10       1   10fxyz             0.497967       1.187685
                         10       1   10fxz2             0.497967       0.685710
                         10       1   10fy3              0.497967       0.306659
                         10       1   10fy2z             0.497967       0.685710
                         10       1   10fyz2             0.497967       0.685710
                         10       1   10fz3              0.497967       0.306659

       Atomic covalent radius [Angstrom]:                                  0.770

       Atomic van der Waals radius [Angstrom]:                             1.700

     GTH Potential information for                                    GTH-PBE-q4

       Description:                       Goedecker-Teter-Hutter pseudopotential
                                           Goedecker et al., PRB 54, 1703 (1996)
                                          Hartwigsen et al., PRB 58, 3641 (1998)
                                                      Krack, TCA 114, 145 (2005)

       Gaussian exponent of the core charge distribution:               4.364419
       Electronic configuration (s p d ...):                               2   2

       Parameters of the local part of the GTH pseudopotential:

                          rloc        C1          C2          C3          C4
                        0.338471   -8.803674    1.339211

       Parameters of the non-local part of the GTH pseudopotential:

                   l      r(l)      h(i,j,l)

                   0    0.302576    9.622487
                   1    0.291507

  2. Atomic kind: H                                     Number of atoms:      24

     Orbital Basis Set                                 aug-SZV-MOLOPT-GTH-tier-2

       Number of orbital shell sets:                                           1
       Number of orbital shells:                                               4
       Number of primitive Cartesian functions:                                7
       Number of Cartesian basis functions:                                    6
       Number of spherical basis functions:                                    6
       Norm type:                                                              2

       Normalised Cartesian orbitals:

                        Set   Shell   Orbital            Exponent    Coefficient

                          1       1    2s                0.050000       0.000000
                                                         0.082193      -0.014019
                                                         0.239116      -0.107525
                                                         0.450000       0.000000
                                                         0.791502      -0.258419
                                                         2.680223      -0.177618
                                                        10.068468      -0.133023

                          1       2    3s                0.050000       0.064974
                                                         0.082193       0.029198
                                                         0.239116      -0.007574
                                                         0.450000      -0.090795
                                                         0.791502      -0.025739
                                                         2.680223       0.000002
                                                        10.068468       0.000000

                          1       3    4s                0.050000      -0.067626
                                                         0.082193       0.244167
                                                         0.239116      -0.094768
                                                         0.450000      -0.043967
                                                         0.791502      -0.043572
                                                         2.680223      -0.153771
                                                        10.068468       0.000000

                          1       4    3px               0.050000       0.038628
                                                         0.082193      -0.015554
                                                         0.239116       0.034455
                                                         0.450000       0.013474
                                                         0.791502      -0.005076
                                                         2.680223       0.028739
                                                        10.068468       0.000000
                          1       4    3py               0.050000       0.038628
                                                         0.082193      -0.015554
                                                         0.239116       0.034455
                                                         0.450000       0.013474
                                                         0.791502      -0.005076
                                                         2.680223       0.028739
                                                        10.068468       0.000000
                          1       4    3pz               0.050000       0.038628
                                                         0.082193      -0.015554
                                                         0.239116       0.034455
                                                         0.450000       0.013474
                                                         0.791502      -0.005076
                                                         2.680223       0.028739
                                                        10.068468       0.000000

     RI Auxiliary Basis Set             RI_aug-SZV-MOLOPT-GTH-tier-2_N_RI_005_s_

       Number of orbital shell sets:                                           3
       Number of orbital shells:                                               3
       Number of primitive Cartesian functions:                                3
       Number of Cartesian basis functions:                                    5
       Number of spherical basis functions:                                    5
       Norm type:                                                              2

       Normalised Cartesian orbitals:

                        Set   Shell   Orbital            Exponent    Coefficient

                          1       1    1s                0.184491       0.200628

                          2       1    2s                3.030559       1.637013

                          3       1    3px               0.610174       0.768701
                          3       1    3py               0.610174       0.768701
                          3       1    3pz               0.610174       0.768701

       Atomic covalent radius [Angstrom]:                                  0.320

       Atomic van der Waals radius [Angstrom]:                             1.090

     GTH Potential information for                                    GTH-PBE-q1

       Description:                       Goedecker-Teter-Hutter pseudopotential
                                           Goedecker et al., PRB 54, 1703 (1996)
                                          Hartwigsen et al., PRB 58, 3641 (1998)
                                                      Krack, TCA 114, 145 (2005)

       Gaussian exponent of the core charge distribution:              12.500000
       Electronic configuration (s p d ...):                                   1

       Parameters of the local part of the GTH pseudopotential:

                          rloc        C1          C2          C3          C4
                        0.200000   -4.178900    0.724463


 MOLECULE KIND INFORMATION


 All atoms are their own molecule, skipping detailed information


 TOTAL NUMBERS AND MAXIMUM NUMBERS

  Total number of            - Atomic kinds:                                   2
                             - Atoms:                                         80
                             - Shell sets:                                    80
                             - Shells:                                       376
                             - Primitive Cartesian functions:                504
                             - Cartesian basis functions:                    928
                             - Spherical basis functions:                    872

  Maximum angular momentum of- Orbital basis functions:                        2
                             - Local part of the GTH pseudopotential:          2
                             - Non-local part of the GTH pseudopotential:      0


 MODULE QUICKSTEP: ATOMIC COORDINATES IN ANGSTROM

   Atom Kind Element         X             Y             Z       Z(eff)     Mass
      1    1 C     6      5.959983      8.188087      5.775000   4.0000  12.0107
      2    1 C     6      7.154329      8.922558      5.775000   4.0000  12.0107
      3    1 C     6      8.371477      8.218333      5.775000   4.0000  12.0107
      4    1 C     6      9.595000      8.931518      5.775000   4.0000  12.0107
      5    1 C     6     10.818523      8.218333      5.775000   4.0000  12.0107
      6    1 C     6     12.035671      8.922558      5.775000   4.0000  12.0107
      7    1 C     6     13.230017      8.188087      5.775000   4.0000  12.0107
      8    1 C     6      5.959983     11.093793      5.775000   4.0000  12.0107
      9    1 C     6      5.959983     12.452147      5.775000   4.0000  12.0107
     10    1 C     6      7.154329     10.359323      5.775000   4.0000  12.0107
     11    1 C     6      7.154329     13.186618      5.775000   4.0000  12.0107
     12    1 C     6      8.371477     11.063548      5.775000   4.0000  12.0107
     13    1 C     6      8.371477     12.482393      5.775000   4.0000  12.0107
     14    1 C     6      9.595000     10.350363      5.775000   4.0000  12.0107
     15    1 C     6      9.595000     13.195578      5.775000   4.0000  12.0107
     16    1 C     6     10.818523     11.063548      5.775000   4.0000  12.0107
     17    1 C     6     10.818523     12.482393      5.775000   4.0000  12.0107
     18    1 C     6     12.035671     10.359323      5.775000   4.0000  12.0107
     19    1 C     6     12.035671     13.186618      5.775000   4.0000  12.0107
     20    1 C     6     13.230017     11.093793      5.775000   4.0000  12.0107
     21    1 C     6     13.230017     12.452147      5.775000   4.0000  12.0107
     22    1 C     6      5.959983     15.357853      5.775000   4.0000  12.0107
     23    1 C     6      5.959983     16.716207      5.775000   4.0000  12.0107
     24    1 C     6      7.154329     14.623382      5.775000   4.0000  12.0107
     25    1 C     6      7.154329     17.450677      5.775000   4.0000  12.0107
     26    1 C     6      8.371477     15.327607      5.775000   4.0000  12.0107
     27    1 C     6      8.371477     16.746452      5.775000   4.0000  12.0107
     28    1 C     6      9.595000     14.614422      5.775000   4.0000  12.0107
     29    1 C     6      9.595000     17.459637      5.775000   4.0000  12.0107
     30    1 C     6     10.818523     15.327607      5.775000   4.0000  12.0107
     31    1 C     6     10.818523     16.746452      5.775000   4.0000  12.0107
     32    1 C     6     12.035671     14.623382      5.775000   4.0000  12.0107
     33    1 C     6     12.035671     17.450677      5.775000   4.0000  12.0107
     34    1 C     6     13.230017     15.357853      5.775000   4.0000  12.0107
     35    1 C     6     13.230017     16.716207      5.775000   4.0000  12.0107
     36    1 C     6      5.959983     19.621913      5.775000   4.0000  12.0107
     37    1 C     6      7.154329     18.887442      5.775000   4.0000  12.0107
     38    1 C     6      8.371477     19.591667      5.775000   4.0000  12.0107
     39    1 C     6      9.595000     18.878482      5.775000   4.0000  12.0107
     40    1 C     6     10.818523     19.591667      5.775000   4.0000  12.0107
     41    1 C     6     12.035671     18.887442      5.775000   4.0000  12.0107
     42    1 C     6     13.230017     19.621913      5.775000   4.0000  12.0107
     43    2 H     1      4.998191      6.309966      5.775000   1.0000   1.0079
     44    2 H     1      4.998191      8.707855      5.775000   1.0000   1.0079
     45    2 H     1     14.191809      6.309966      5.775000   1.0000   1.0079
     46    2 H     1     14.191809      8.707855      5.775000   1.0000   1.0079
     47    2 H     1      4.998191     10.574026      5.775000   1.0000   1.0079
     48    2 H     1      4.998191     12.971915      5.775000   1.0000   1.0079
     49    2 H     1     14.191809     10.574026      5.775000   1.0000   1.0079
     50    2 H     1     14.191809     12.971915      5.775000   1.0000   1.0079
     51    2 H     1      4.998191     14.838085      5.775000   1.0000   1.0079
     52    2 H     1      4.998191     17.235974      5.775000   1.0000   1.0079
     53    2 H     1     14.191809     14.838085      5.775000   1.0000   1.0079
     54    2 H     1     14.191809     17.235974      5.775000   1.0000   1.0079
     55    2 H     1      4.998191     19.102145      5.775000   1.0000   1.0079
     56    2 H     1      4.998191     21.500034      5.775000   1.0000   1.0079
     57    2 H     1     14.191809     19.102145      5.775000   1.0000   1.0079
     58    2 H     1     14.191809     21.500034      5.775000   1.0000   1.0079
     59    1 C     6      5.959983      6.829733      5.775000   4.0000  12.0107
     60    1 C     6     13.230017      6.829733      5.775000   4.0000  12.0107
     61    1 C     6      5.959983     20.980267      5.775000   4.0000  12.0107
     62    1 C     6     13.230017     20.980267      5.775000   4.0000  12.0107
     63    1 C     6      7.154329      6.095263      5.775000   4.0000  12.0107
     64    1 C     6      8.371477      6.799488      5.775000   4.0000  12.0107
     65    1 C     6      9.595000      6.086303      5.775000   4.0000  12.0107
     66    1 C     6     10.818523      6.799488      5.775000   4.0000  12.0107
     67    1 C     6     12.035671      6.095263      5.775000   4.0000  12.0107
     68    1 C     6      7.154329     21.714737      5.775000   4.0000  12.0107
     69    1 C     6      8.371477     21.010512      5.775000   4.0000  12.0107
     70    1 C     6      9.595000     21.723697      5.775000   4.0000  12.0107
     71    1 C     6     10.818523     21.010512      5.775000   4.0000  12.0107
     72    1 C     6     12.035671     21.714737      5.775000   4.0000  12.0107
     73    2 H     1      7.154329      5.002013      5.775000   1.0000   1.0079
     74    2 H     1      9.595000      5.313258      6.548044   1.0000   1.0079
     75    2 H     1      9.595000      5.313258      5.001956   1.0000   1.0079
     76    2 H     1     12.035671      5.002013      5.775000   1.0000   1.0079
     77    2 H     1      7.154329     22.807987      5.775000   1.0000   1.0079
     78    2 H     1      9.595000     22.496742      6.548044   1.0000   1.0079
     79    2 H     1      9.595000     22.496742      5.001956   1.0000   1.0079
     80    2 H     1     12.035671     22.807987      5.775000   1.0000   1.0079



 SCF PARAMETERS         Density guess:                                   RESTART
                        --------------------------------------------------------
                        max_scf:                                             300
                        max_scf_history:                                       0
                        max_diis:                                              4
                        --------------------------------------------------------
                        eps_scf:                                        1.00E-07
                        eps_scf_history:                                0.00E+00
                        eps_diis:                                       1.00E-01
                        eps_eigval:                                     1.00E-05
                        --------------------------------------------------------
                        level_shift [a.u.]:                             0.000000
                        SCF update method:                                MIXING
                        added MOs                                       100    0
                        --------------------------------------------------------
                        Mixing method:                            BROYDEN_MIXING
                                                charge density mixing in g-space
                        --------------------------------------------------------
                        No outer SCF

 PW_GRID| Information for grid number                                          1
 PW_GRID| Grid distributed over                                    64 processors
 PW_GRID| Real space group dimensions                                    64    1
 PW_GRID| the grid is blocked:                                                NO
 PW_GRID| Cutoff [a.u.]                                                    300.0
 PW_GRID| spherical cutoff:                                                   NO
 PW_GRID|   Bounds   1           -144     143                Points:         288
 PW_GRID|   Bounds   2           -216     215                Points:         432
 PW_GRID|   Bounds   3            -90      89                Points:         180
 PW_GRID| Volume element (a.u.^3)  0.1857E-02     Volume (a.u.^3)     41596.2859
 PW_GRID| Grid span                                                    FULLSPACE
 PW_GRID|   Distribution                         Average         Max         Min
 PW_GRID|   G-Vectors                           349920.0      349920      349920
 PW_GRID|   G-Rays                                1215.0        1215        1215
 PW_GRID|   Real Space Points                   349920.0      388800      311040

 PW_GRID| Information for grid number                                          2
 PW_GRID| Number of the reference grid                                         1
 PW_GRID| Grid distributed over                                    64 processors
 PW_GRID| Real space group dimensions                                    64    1
 PW_GRID| the grid is blocked:                                                NO
 PW_GRID| Cutoff [a.u.]                                                    100.0
 PW_GRID| spherical cutoff:                                                   NO
 PW_GRID|   Bounds   1            -90      89                Points:         180
 PW_GRID|   Bounds   2           -120     119                Points:         240
 PW_GRID|   Bounds   3            -50      49                Points:         100
 PW_GRID| Volume element (a.u.^3)  0.9629E-02     Volume (a.u.^3)     41596.2859
 PW_GRID| Grid span                                                    FULLSPACE
 PW_GRID|   Distribution                         Average         Max         Min
 PW_GRID|   G-Vectors                            67500.0       69480       64620
 PW_GRID|   G-Rays                                 375.0         386         359
 PW_GRID|   Real Space Points                    67500.0       72000       48000

 PW_GRID| Information for grid number                                          3
 PW_GRID| Number of the reference grid                                         1
 PW_GRID| Grid distributed over                                    64 processors
 PW_GRID| Real space group dimensions                                    64    1
 PW_GRID| the grid is blocked:                                                NO
 PW_GRID| Cutoff [a.u.]                                                     33.3
 PW_GRID| spherical cutoff:                                                   NO
 PW_GRID|   Bounds   1            -48      47                Points:          96
 PW_GRID|   Bounds   2            -72      71                Points:         144
 PW_GRID|   Bounds   3            -30      29                Points:          60
 PW_GRID| Volume element (a.u.^3)  0.5015E-01     Volume (a.u.^3)     41596.2859
 PW_GRID| Grid span                                                    FULLSPACE
 PW_GRID|   Distribution                         Average         Max         Min
 PW_GRID|   G-Vectors                            12960.0       13440       12480
 PW_GRID|   G-Rays                                 135.0         140         130
 PW_GRID|   Real Space Points                    12960.0       17280        8640

 PW_GRID| Information for grid number                                          4
 PW_GRID| Number of the reference grid                                         1
 PW_GRID| Grid distributed over                                    64 processors
 PW_GRID| Real space group dimensions                                     8    8
 PW_GRID| the grid is blocked:                                                NO
 PW_GRID| Cutoff [a.u.]                                                     11.1
 PW_GRID| spherical cutoff:                                                   NO
 PW_GRID|   Bounds   1            -30      29                Points:          60
 PW_GRID|   Bounds   2            -40      39                Points:          80
 PW_GRID|   Bounds   3            -18      17                Points:          36
 PW_GRID| Volume element (a.u.^3)  0.2407         Volume (a.u.^3)     41596.2859
 PW_GRID| Grid span                                                    FULLSPACE
 PW_GRID|   Distribution                         Average         Max         Min
 PW_GRID|   G-Vectors                             2700.0        2880        2520
 PW_GRID|   G-Rays                                  45.0          48          42
 PW_GRID|   Real Space Points                     2700.0        2880        2520

 POISSON| Solver                                             MULTIPOLE (Bloechl)
 POISSON| Periodicity                                                       NONE

 RS_GRID| Information for grid number                                          1
 RS_GRID|   Bounds   1           -144     143                Points:         288
 RS_GRID|   Bounds   2           -216     215                Points:         432
 RS_GRID|   Bounds   3            -90      89                Points:         180
 RS_GRID| Real space distribution over                                  8 groups
 RS_GRID| Real space distribution along direction                              1
 RS_GRID| Border size                                                         30
 RS_GRID| Real space distribution over                                  8 groups
 RS_GRID| Real space distribution along direction                              2
 RS_GRID| Border size                                                         30
 RS_GRID|   Distribution                         Average         Max         Min
 RS_GRID|   Planes                                  96.0          96          96
 RS_GRID|   Distribution                         Average         Max         Min
 RS_GRID|   Planes                                 114.0         114         114

 RS_GRID| Information for grid number                                          2
 RS_GRID|   Bounds   1            -90      89                Points:         180
 RS_GRID|   Bounds   2           -120     119                Points:         240
 RS_GRID|   Bounds   3            -50      49                Points:         100
 RS_GRID| Real space distribution over                                  8 groups
 RS_GRID| Real space distribution along direction                              1
 RS_GRID| Border size                                                         33
 RS_GRID| Real space distribution over                                  8 groups
 RS_GRID| Real space distribution along direction                              2
 RS_GRID| Border size                                                         33
 RS_GRID|   Distribution                         Average         Max         Min
 RS_GRID|   Planes                                  88.5          89          88
 RS_GRID|   Distribution                         Average         Max         Min
 RS_GRID|   Planes                                  96.0          96          96

 RS_GRID| Information for grid number                                          3
 RS_GRID|   Bounds   1            -48      47                Points:          96
 RS_GRID|   Bounds   2            -72      71                Points:         144
 RS_GRID|   Bounds   3            -30      29                Points:          60
 RS_GRID| Real space fully replicated
 RS_GRID| Group size                                                           1

 RS_GRID| Information for grid number                                          4
 RS_GRID|   Bounds   1            -30      29                Points:          60
 RS_GRID|   Bounds   2            -40      39                Points:          80
 RS_GRID|   Bounds   3            -18      17                Points:          36
 RS_GRID| Real space fully replicated
 RS_GRID| Group size                                                           1

 *** WARNING in emd/rt_bse_linearized.F:131 :: Linearized RT-BSE is under ***
 *** active development. Make sure you understand the method and validate ***
 *** results before using it for production calculations.                 ***


 Extrapolation method: initial_guess

 *** WARNING in qs_initial_guess.F:312 :: User requested to restart the    ***
 *** wavefunction from the file named: rec_4-RESTART.wfn. This file does   ***
 *** not exist. Please check the existence of the file or change properly  ***
 *** the value of the keyword WFN_RESTART_FILE_NAME. Calculation continues ***
 *** using ATOMIC GUESS.                                                   ***


 Atomic guess: The first density matrix is obtained in terms of atomic orbitals
               and electronic configurations assigned to each atomic kind

 Guess for atomic kind: C

 Electronic structure
    Total number of core electrons                                          2.00
    Total number of valence electrons                                       4.00
    Total number of electrons                                               6.00
    Multiplicity                                                   not specified
    S   [  2.00] 2.00
    P      2.00


 *******************************************************************************
                  Iteration          Convergence                     Energy [au]
 *******************************************************************************
                          1        0.988758E-01                  -5.245867139855
                          2        0.702567E-01                  -5.249950338066
                          3        0.324324E-03                  -5.254466662830
                          4        0.763974E-05                  -5.254466744799
                          5        0.410505E-05                  -5.254466744830
                          6        0.282419E-05                  -5.254466744837
                          7        0.925356E-08                  -5.254466744843

 Energy components [Hartree]           Total Energy ::           -5.254466744843
                                        Band Energy ::           -1.295684616135
                                     Kinetic Energy ::            3.559613956185
                                   Potential Energy ::           -8.814080701028
                                      Virial (-V/T) ::            2.476133875617
                                        Core Energy ::           -8.257747528207
                                          XC Energy ::           -1.378022926287
                                     Coulomb Energy ::            4.381303709651
                       Total Pseudopotential Energy ::          -11.853169988044
                       Local Pseudopotential Energy ::          -12.322682182621
                    Nonlocal Pseudopotential Energy ::            0.469512194577
                                        Confinement ::            0.358085036523

 Orbital energies  State     L     Occupation   Energy[a.u.]          Energy[eV]

                       1     0          2.000      -0.472377          -12.854028

                       1     1          2.000      -0.175465           -4.774658


 Total Electron Density at R=0:                                         0.011027

 Guess for atomic kind: H

 Electronic structure
    Total number of core electrons                                          0.00
    Total number of valence electrons                                       1.00
    Total number of electrons                                               1.00
    Multiplicity                                                   not specified
    S      1.00


 *******************************************************************************
                  Iteration          Convergence                     Energy [au]
 *******************************************************************************
                          1        0.309524E-02                  -0.417828613492
                          2        0.397171E-03                  -0.417845979898
                          3        0.350877E-04                  -0.417846294368
                          4        0.929317E-09                  -0.417846297422

 Energy components [Hartree]           Total Energy ::           -0.417846297422
                                        Band Energy ::           -0.196148543103
                                     Kinetic Energy ::            0.486531132430
                                   Potential Energy ::           -0.904377429852
                                      Virial (-V/T) ::            1.858827461532
                                        Core Energy ::           -0.470733162945
                                          XC Energy ::           -0.242450390891
                                     Coulomb Energy ::            0.295337256414
                       Total Pseudopotential Energy ::           -0.978038883002
                       Local Pseudopotential Energy ::           -0.978038883002
                    Nonlocal Pseudopotential Energy ::            0.000000000000
                                        Confinement ::            0.207745876267

 Orbital energies  State     L     Occupation   Energy[a.u.]          Energy[eV]

                       1     0          1.000      -0.196149           -5.337473


 Total Electron Density at R=0:                                         0.282919
 Re-scaling the density matrix to get the right number of electrons
                  # Electrons              Trace(P)               Scaling factor
                          248               248.000                        1.000

 Number of electrons:                                                        248
 Number of occupied orbitals:                                                124
 Number of molecular orbitals:                                               224

 Number of orbital functions:                                                872
 Number of independent orbital functions:                                    872


 SCF WAVEFUNCTION OPTIMIZATION

  Step     Update method      Time    Convergence         Total energy    Change
  ------------------------------------------------------------------------------
  Decoupling Energy:                                              -0.0008237577
     1 NoMix/Diag. 0.40E+00    0.3     0.94917722      -330.6649882221 -3.31E+02
  Decoupling Energy:                                              -0.0006564493
     2 Broy./Diag. 0.40E+00    0.3     0.19485631      -302.6670296672  2.80E+01
  Decoupling Energy:                                              -0.0003544633
     3 Broy./Diag. 0.40E+00    0.3     0.10346071      -323.3336366376 -2.07E+01
  Decoupling Energy:                                              -0.0002004961
     4 Broy./Diag. 0.40E+00    0.3     0.02036725      -331.5460943054 -8.21E+00
  Decoupling Energy:                                              -0.0000947675
     5 Broy./Diag. 0.40E+00    0.3     0.00639030      -332.2439125740 -6.98E-01
  Decoupling Energy:                                              -0.0000461349
     6 Broy./Diag. 0.40E+00    0.3     0.00417358      -332.2729839437 -2.91E-02
  Decoupling Energy:                                              -0.0000193394
     7 Broy./Diag. 0.40E+00    0.2     0.00344444      -332.3146707219 -4.17E-02
  Decoupling Energy:                                              -0.0000280961
     8 Broy./Diag. 0.40E+00    0.3     0.00376963      -332.5335741488 -2.19E-01
  Decoupling Energy:                                              -0.0000434162
     9 Broy./Diag. 0.40E+00    0.3     0.00164970      -332.7425876498 -2.09E-01
  Decoupling Energy:                                              -0.0000516477
    10 Broy./Diag. 0.40E+00    0.3     0.00141768      -332.7948316897 -5.22E-02
  Decoupling Energy:                                              -0.0000562452
    11 Broy./Diag. 0.40E+00    0.2     0.00167940      -332.7571595079  3.77E-02
  Decoupling Energy:                                              -0.0000584916
    12 Broy./Diag. 0.40E+00    0.4     0.00125733      -332.7333889917  2.38E-02
  Decoupling Energy:                                              -0.0000621840
    13 Broy./Diag. 0.40E+00    0.3     0.00055792      -332.7455464319 -1.22E-02
  Decoupling Energy:                                              -0.0000654379
    14 Broy./Diag. 0.40E+00    0.3     0.00016570      -332.7602067766 -1.47E-02
  Decoupling Energy:                                              -0.0000678061
    15 Broy./Diag. 0.40E+00    0.4     0.00018443      -332.7568522829  3.35E-03
  Decoupling Energy:                                              -0.0000685138
    16 Broy./Diag. 0.40E+00    0.5     0.00016802      -332.7498509915  7.00E-03
  Decoupling Energy:                                              -0.0000687771
    17 Broy./Diag. 0.40E+00    0.7     0.00014686      -332.7470799473  2.77E-03
  Decoupling Energy:                                              -0.0000687673
    18 Broy./Diag. 0.40E+00    0.4     0.00011973      -332.7475043972 -4.24E-04
  Decoupling Energy:                                              -0.0000686843
    19 Broy./Diag. 0.40E+00    0.3     0.00015078      -332.7478835680 -3.79E-04
  Decoupling Energy:                                              -0.0000686364
    20 Broy./Diag. 0.40E+00    0.4     0.00011585      -332.7470806494  8.03E-04
  Decoupling Energy:                                              -0.0000685589
    21 Broy./Diag. 0.40E+00    0.3     0.00009509      -332.7465153594  5.65E-04
  Decoupling Energy:                                              -0.0000684385
    22 Broy./Diag. 0.40E+00    0.3     0.00004392      -332.7469800918 -4.65E-04
  Decoupling Energy:                                              -0.0000683203
    23 Broy./Diag. 0.40E+00    0.3     0.00001901      -332.7477626451 -7.83E-04
  Decoupling Energy:                                              -0.0000682252
    24 Broy./Diag. 0.40E+00    0.3     0.00001520      -332.7480725714 -3.10E-04
  Decoupling Energy:                                              -0.0000681671
    25 Broy./Diag. 0.40E+00    0.3     0.00001267      -332.7479843324  8.82E-05
  Decoupling Energy:                                              -0.0000681349
    26 Broy./Diag. 0.40E+00    0.3     0.00000952      -332.7478234385  1.61E-04
  Decoupling Energy:                                              -0.0000681165
    27 Broy./Diag. 0.40E+00    0.3     0.00000700      -332.7477851145  3.83E-05
  Decoupling Energy:                                              -0.0000681008
    28 Broy./Diag. 0.40E+00    0.2     0.00000530      -332.7478396465 -5.45E-05
  Decoupling Energy:                                              -0.0000680863
    29 Broy./Diag. 0.40E+00    0.3     0.00000341      -332.7478955412 -5.59E-05
  Decoupling Energy:                                              -0.0000680729
    30 Broy./Diag. 0.40E+00    0.3     0.00000275      -332.7478976251 -2.08E-06
  Decoupling Energy:                                              -0.0000680654
    31 Broy./Diag. 0.40E+00    0.3     0.00000175      -332.7478613792  3.62E-05
  Decoupling Energy:                                              -0.0000680624
    32 Broy./Diag. 0.40E+00    0.4     0.00000106      -332.7478330991  2.83E-05
  Decoupling Energy:                                              -0.0000680631
    33 Broy./Diag. 0.40E+00    0.4     0.00000061      -332.7478273858  5.71E-06
  Decoupling Energy:                                              -0.0000680647
    34 Broy./Diag. 0.40E+00    0.5     0.00000034      -332.7478307638 -3.38E-06
  Decoupling Energy:                                              -0.0000680663
    35 Broy./Diag. 0.40E+00    0.5     0.00000027      -332.7478308417 -7.79E-08
  Decoupling Energy:                                              -0.0000680677
    36 Broy./Diag. 0.40E+00    0.5     0.00000028      -332.7478271036  3.74E-06
  Decoupling Energy:                                              -0.0000680688
    37 Broy./Diag. 0.40E+00    0.4     0.00000026      -332.7478234709  3.63E-06
  Decoupling Energy:                                              -0.0000680695
    38 Broy./Diag. 0.40E+00    0.3     0.00000015      -332.7478225905  8.80E-07
  Decoupling Energy:                                              -0.0000680703
    39 Broy./Diag. 0.40E+00    0.3     0.00000012      -332.7478234053 -8.15E-07
  Decoupling Energy:                                              -0.0000680710
    40 Broy./Diag. 0.40E+00    0.3     0.00000007      -332.7478244010 -9.96E-07

  *** SCF run converged in    40 steps ***


  Electronic density on regular grids:       -248.0000000000       -0.0000000000
  Core density on regular grids:              248.0000000000       -0.0000000000
  Total charge density on r-space grids:       -0.0000000000
  Total charge density g-space grids:          -0.0000000000

  Overlap energy of the core charge distribution:               0.00002075616060
  Self energy of the core charge distribution:               -780.61181891171725
  Core Hamiltonian energy:                                    247.82443611973537
  Hartree energy:                                             306.72187445319548
  Exchange-correlation energy:                               -106.68233681837415

  Total energy:                                              -332.74782440100006

 !-----------------------------------------------------------------------------!
                     Mulliken Population Analysis

 #  Atom  Element  Kind  Atomic population                           Net charge
       1     C        1          4.161671                             -0.161671
       2     C        1          4.082569                             -0.082569
       3     C        1          3.962796                              0.037204
       4     C        1          3.965077                              0.034923
       5     C        1          3.962796                              0.037204
       6     C        1          4.082569                             -0.082569
       7     C        1          4.161671                             -0.161671
       8     C        1          4.137798                             -0.137798
       9     C        1          4.139386                             -0.139386
      10     C        1          4.058845                             -0.058845
      11     C        1          4.066164                             -0.066164
      12     C        1          3.979981                              0.020019
      13     C        1          3.981931                              0.018069
      14     C        1          3.965433                              0.034567
      15     C        1          3.967951                              0.032049
      16     C        1          3.979981                              0.020019
      17     C        1          3.981931                              0.018069
      18     C        1          4.058845                             -0.058845
      19     C        1          4.066164                             -0.066164
      20     C        1          4.137798                             -0.137798
      21     C        1          4.139386                             -0.139386
      22     C        1          4.139386                             -0.139386
      23     C        1          4.137798                             -0.137798
      24     C        1          4.066164                             -0.066164
      25     C        1          4.058845                             -0.058845
      26     C        1          3.981931                              0.018069
      27     C        1          3.979981                              0.020019
      28     C        1          3.967951                              0.032049
      29     C        1          3.965433                              0.034567
      30     C        1          3.981931                              0.018069
      31     C        1          3.979981                              0.020019
      32     C        1          4.066164                             -0.066164
      33     C        1          4.058845                             -0.058845
      34     C        1          4.139386                             -0.139386
      35     C        1          4.137798                             -0.137798
      36     C        1          4.161671                             -0.161671
      37     C        1          4.082569                             -0.082569
      38     C        1          3.962796                              0.037204
      39     C        1          3.965077                              0.034923
      40     C        1          3.962796                              0.037204
      41     C        1          4.082569                             -0.082569
      42     C        1          4.161671                             -0.161671
      43     H        2          0.768279                              0.231721
      44     H        2          0.809640                              0.190360
      45     H        2          0.768279                              0.231721
      46     H        2          0.809640                              0.190360
      47     H        2          0.804023                              0.195977
      48     H        2          0.812381                              0.187619
      49     H        2          0.804023                              0.195977
      50     H        2          0.812381                              0.187619
      51     H        2          0.812381                              0.187619
      52     H        2          0.804023                              0.195977
      53     H        2          0.812381                              0.187619
      54     H        2          0.804023                              0.195977
      55     H        2          0.809640                              0.190360
      56     H        2          0.768279                              0.231721
      57     H        2          0.809640                              0.190360
      58     H        2          0.768279                              0.231721
      59     C        1          4.245210                             -0.245210
      60     C        1          4.245210                             -0.245210
      61     C        1          4.245210                             -0.245210
      62     C        1          4.245210                             -0.245210
      63     C        1          4.201320                             -0.201320
      64     C        1          4.049304                             -0.049304
      65     C        1          4.615175                             -0.615175
      66     C        1          4.049304                             -0.049304
      67     C        1          4.201320                             -0.201320
      68     C        1          4.201320                             -0.201320
      69     C        1          4.049304                             -0.049304
      70     C        1          4.615175                             -0.615175
      71     C        1          4.049304                             -0.049304
      72     C        1          4.201320                             -0.201320
      73     H        2          0.781466                              0.218534
      74     H        2          0.700418                              0.299582
      75     H        2          0.700418                              0.299582
      76     H        2          0.781466                              0.218534
      77     H        2          0.781466                              0.218534
      78     H        2          0.700418                              0.299582
      79     H        2          0.700418                              0.299582
      80     H        2          0.781466                              0.218534
 # Total charge                            248.000000                 -0.000000

 !-----------------------------------------------------------------------------!

 !-----------------------------------------------------------------------------!
                           Hirshfeld Charges

  #Atom  Element  Kind  Ref Charge     Population                    Net charge
      1       C      1       4.000          4.455                        -0.455
      2       C      1       4.000          3.995                         0.005
      3       C      1       4.000          4.007                        -0.007
      4       C      1       4.000          4.003                        -0.003
      5       C      1       4.000          4.007                        -0.007
      6       C      1       4.000          3.995                         0.005
      7       C      1       4.000          4.455                        -0.455
      8       C      1       4.000          4.445                        -0.445
      9       C      1       4.000          4.447                        -0.447
     10       C      1       4.000          3.999                         0.001
     11       C      1       4.000          3.998                         0.002
     12       C      1       4.000          4.000                        -0.000
     13       C      1       4.000          4.001                        -0.001
     14       C      1       4.000          4.007                        -0.007
     15       C      1       4.000          4.002                        -0.002
     16       C      1       4.000          4.000                        -0.000
     17       C      1       4.000          4.001                        -0.001
     18       C      1       4.000          3.999                         0.001
     19       C      1       4.000          3.998                         0.002
     20       C      1       4.000          4.445                        -0.445
     21       C      1       4.000          4.447                        -0.447
     22       C      1       4.000          4.447                        -0.447
     23       C      1       4.000          4.445                        -0.445
     24       C      1       4.000          3.998                         0.002
     25       C      1       4.000          3.999                         0.001
     26       C      1       4.000          4.001                        -0.001
     27       C      1       4.000          4.000                        -0.000
     28       C      1       4.000          4.002                        -0.002
     29       C      1       4.000          4.007                        -0.007
     30       C      1       4.000          4.001                        -0.001
     31       C      1       4.000          4.000                        -0.000
     32       C      1       4.000          3.998                         0.002
     33       C      1       4.000          3.999                         0.001
     34       C      1       4.000          4.447                        -0.447
     35       C      1       4.000          4.445                        -0.445
     36       C      1       4.000          4.455                        -0.455
     37       C      1       4.000          3.995                         0.005
     38       C      1       4.000          4.007                        -0.007
     39       C      1       4.000          4.003                        -0.003
     40       C      1       4.000          4.007                        -0.007
     41       C      1       4.000          3.995                         0.005
     42       C      1       4.000          4.455                        -0.455
     43       H      2       1.000          0.551                         0.449
     44       H      2       1.000          0.555                         0.445
     45       H      2       1.000          0.551                         0.449
     46       H      2       1.000          0.555                         0.445
     47       H      2       1.000          0.555                         0.445
     48       H      2       1.000          0.555                         0.445
     49       H      2       1.000          0.555                         0.445
     50       H      2       1.000          0.555                         0.445
     51       H      2       1.000          0.555                         0.445
     52       H      2       1.000          0.555                         0.445
     53       H      2       1.000          0.555                         0.445
     54       H      2       1.000          0.555                         0.445
     55       H      2       1.000          0.555                         0.445
     56       H      2       1.000          0.551                         0.449
     57       H      2       1.000          0.555                         0.445
     58       H      2       1.000          0.551                         0.449
     59       C      1       4.000          4.446                        -0.446
     60       C      1       4.000          4.446                        -0.446
     61       C      1       4.000          4.446                        -0.446
     62       C      1       4.000          4.446                        -0.446
     63       C      1       4.000          4.470                        -0.470
     64       C      1       4.000          4.006                        -0.006
     65       C      1       4.000          4.781                        -0.781
     66       C      1       4.000          4.006                        -0.006
     67       C      1       4.000          4.470                        -0.470
     68       C      1       4.000          4.470                        -0.470
     69       C      1       4.000          4.006                        -0.006
     70       C      1       4.000          4.781                        -0.781
     71       C      1       4.000          4.006                        -0.006
     72       C      1       4.000          4.470                        -0.470
     73       H      2       1.000          0.549                         0.451
     74       H      2       1.000          0.553                         0.447
     75       H      2       1.000          0.553                         0.447
     76       H      2       1.000          0.549                         0.451
     77       H      2       1.000          0.549                         0.451
     78       H      2       1.000          0.553                         0.447
     79       H      2       1.000          0.553                         0.447
     80       H      2       1.000          0.549                         0.451

  Total Charge                                                            0.061
 !-----------------------------------------------------------------------------!
  
 -------------------------------------------------------------------------------
 -                                                                             -
 -                          BANDSTRUCTURE CALCULATION                          -
 -                                                                             -
 -------------------------------------------------------------------------------
  
 Number of occupied molecular orbitals (MOs) = Number of occupied bands      124
 Number of unoccupied (= virtual) MOs = Number of unoccupied bands           748
 Number of Gaussian basis functions for MOs                                  872
  
 -------------------------------------------------------------------------------
 -                                                                             -
 -                                GW CALCULATION                               -
 -                                                                             -
 -------------------------------------------------------------------------------
  
 Input: Number of time/freq. points                                           30
 Input: ω_max for fitting Σ(iω) (eV)                                        10.0
 Input: Filter threshold for sparse tensor operations                    1.0E-10
 Input: Apply Hedin shift                                                      F
 Detected: Available memory per MPI process                              39.7 GB
 
 Input: RI-RS Tikhonov regularization                                   1.00E-08
 Input: AO grid hard cutoff radius                                        7.00 Å
 Input: MPI ranks per atom in Z_lP solve                                      -1
 Input: Keep sparsity in χ/G/W panels                                          T
 Input: GW flavour                                                          G0W0
 
 Input: RI-RS grid optimization activated                                      T
 Input: Element: C, number of points per atom:                                67
 Input: Element: H, number of points per atom:                                27
 Input: Cutoff radius for atomic clusters                                  3.0 Å
 Input: Maximum grid optimization iterations                                 200
 
 Cutoff radius for the truncated Coulomb operator in RI metric:            7.0 Å
 Regularization parameter of RI                                          0.0E+00
 Regularization parameter of minimax grids                               1.0E-06
  
 Number of auxiliary Gaussian basis functions for χ, ε, W                   1800
  Decoupling Energy:                                              -0.0000680722
 
 SCF direct band gap (eV)                                                   1.84
 Max. SCF eigval diff. (eV)                                               246.91
 E-Range for minimax grid                                                 133.86
 Number of Padé parameters for analytic continuation:                         16
 
 RI-RS basis radii (Å):
     Kind  Elem     r_AO (Å)     r_RI (Å)
        1    C         9.5975        5.7974
        2    H        11.3560        5.9118
 
 Started RI-RS grid optimization
 RI-RS grid optimization completed, execution time:                       97.0 s
 Normalized 3C error:                                                    1.5E-06
 Maximum absolute 3C error:                                              1.5E-02
 Total grid points used for RI-RS:                                          4400
 
 RI-RS grid row-blocks of Φ_μ(r_l)                                           192
 RI-RS grid points per block (max)                                            32
 
 Percentage of non-zero matrix elements in Φ_μ(r_l)                      65.79 %
 
 RI-RS memory estimate per MPI process:
   Available memory per process (system)                                48.20 GB
   Required for Z_lP (dense upper bound; actual is sparser)              0.00 GB
   Required for χ, W, Σ panels (peak per panel step)                     0.01 GB
   Required for Z_lP solve peak (D_local+φ, worst-case atom)             0.20 GB
   Worst-case local-grid number of grid points:                             4397
   Worst-case memory D_local:                                            0.15 GB
 
 Started computing Z_lP
 Per-kind maximum RI-RS sphere cutoff (Å):
   Kind   cutoff (Å)
     C        12.7974
     H        12.9118
 
 Computed Z_lP (MPI rank 0) for atom          1 /  1,    Execution time    0.4 s
 Computed Z_lP (all MPI ranks) for all atoms,            Execution time    0.6 s

 Memory per MPI process after computing Z_lP:
 Available memory per MPI process                               48.2 GB
 Used memory per MPI process                                     1.0 GB
 Number of batches for χ, Σ matrices                                           1
 
 Percentage of non-zero matrix elements in Z_lP                          95.75 %
 Percentage of non-zero matrix elements in G_ll', χ_ll', W_ll'          100.00 %
 Percentage of non-zero matrix elements in χ_PQ for time point 1        100.00 %
 
 Computed χ(iτ,k=0) for time point            1 / 30,    Execution time    0.1 s
 Computed χ(iτ,k=0) for time point            2 / 30,    Execution time    0.1 s
 Computed χ(iτ,k=0) for time point            3 / 30,    Execution time    0.1 s
 Computed χ(iτ,k=0) for time point            4 / 30,    Execution time    0.1 s
 Computed χ(iτ,k=0) for time point            5 / 30,    Execution time    0.1 s
 Computed χ(iτ,k=0) for time point            6 / 30,    Execution time    0.1 s
 Computed χ(iτ,k=0) for time point            7 / 30,    Execution time    0.1 s
 Computed χ(iτ,k=0) for time point            8 / 30,    Execution time    0.0 s
 Computed χ(iτ,k=0) for time point            9 / 30,    Execution time    0.0 s
 Computed χ(iτ,k=0) for time point           10 / 30,    Execution time    0.2 s
 Computed χ(iτ,k=0) for time point           11 / 30,    Execution time    0.4 s
 Computed χ(iτ,k=0) for time point           12 / 30,    Execution time    0.1 s
 Computed χ(iτ,k=0) for time point           13 / 30,    Execution time    0.1 s
 Computed χ(iτ,k=0) for time point           14 / 30,    Execution time    0.0 s
 Computed χ(iτ,k=0) for time point           15 / 30,    Execution time    0.0 s
 Computed χ(iτ,k=0) for time point           16 / 30,    Execution time    0.0 s
 Computed χ(iτ,k=0) for time point           17 / 30,    Execution time    0.1 s
 Computed χ(iτ,k=0) for time point           18 / 30,    Execution time    0.0 s
 Computed χ(iτ,k=0) for time point           19 / 30,    Execution time    0.0 s
 Computed χ(iτ,k=0) for time point           20 / 30,    Execution time    0.0 s
 Computed χ(iτ,k=0) for time point           21 / 30,    Execution time    0.1 s
 Computed χ(iτ,k=0) for time point           22 / 30,    Execution time    0.1 s
 Computed χ(iτ,k=0) for time point           23 / 30,    Execution time    0.0 s
 Computed χ(iτ,k=0) for time point           24 / 30,    Execution time    0.0 s
 Computed χ(iτ,k=0) for time point           25 / 30,    Execution time    0.0 s
 Computed χ(iτ,k=0) for time point           26 / 30,    Execution time    0.1 s
 Computed χ(iτ,k=0) for time point           27 / 30,    Execution time    0.0 s
 Computed χ(iτ,k=0) for time point           28 / 30,    Execution time    0.0 s
 Computed χ(iτ,k=0) for time point           29 / 30,    Execution time    0.1 s
 Computed χ(iτ,k=0) for time point           30 / 30,    Execution time    0.0 s
 
 Computed W(iτ),                                         Execution time    3.8 s
 Computed W(0),                                          Execution time    0.0 s
 
 Computed Σ^x(k=0),                                      Execution time    0.1 s
 
 Computed Σ^c(iτ) for time point              1 / 30,    Execution time    0.1 s
 Computed Σ^c(iτ) for time point              2 / 30,    Execution time    0.1 s
 Computed Σ^c(iτ) for time point              3 / 30,    Execution time    0.1 s
 Computed Σ^c(iτ) for time point              4 / 30,    Execution time    0.1 s
 Computed Σ^c(iτ) for time point              5 / 30,    Execution time    0.1 s
 Computed Σ^c(iτ) for time point              6 / 30,    Execution time    0.1 s
 Computed Σ^c(iτ) for time point              7 / 30,    Execution time    0.1 s
 Computed Σ^c(iτ) for time point              8 / 30,    Execution time    0.1 s
 Computed Σ^c(iτ) for time point              9 / 30,    Execution time    0.1 s
 Computed Σ^c(iτ) for time point             10 / 30,    Execution time    0.1 s
 Computed Σ^c(iτ) for time point             11 / 30,    Execution time    0.1 s
 Computed Σ^c(iτ) for time point             12 / 30,    Execution time    0.1 s
 Computed Σ^c(iτ) for time point             13 / 30,    Execution time    0.1 s
 Computed Σ^c(iτ) for time point             14 / 30,    Execution time    0.1 s
 Computed Σ^c(iτ) for time point             15 / 30,    Execution time    0.1 s
 Computed Σ^c(iτ) for time point             16 / 30,    Execution time    0.1 s
 Computed Σ^c(iτ) for time point             17 / 30,    Execution time    0.1 s
 Computed Σ^c(iτ) for time point             18 / 30,    Execution time    0.1 s
 Computed Σ^c(iτ) for time point             19 / 30,    Execution time    0.1 s
 Computed Σ^c(iτ) for time point             20 / 30,    Execution time    0.1 s
 Computed Σ^c(iτ) for time point             21 / 30,    Execution time    0.1 s
 Computed Σ^c(iτ) for time point             22 / 30,    Execution time    0.0 s
 Computed Σ^c(iτ) for time point             23 / 30,    Execution time    0.0 s
 Computed Σ^c(iτ) for time point             24 / 30,    Execution time    0.0 s
 Computed Σ^c(iτ) for time point             25 / 30,    Execution time    0.0 s
 Computed Σ^c(iτ) for time point             26 / 30,    Execution time    0.0 s
 Computed Σ^c(iτ) for time point             27 / 30,    Execution time    0.0 s
 Computed Σ^c(iτ) for time point             28 / 30,    Execution time    0.0 s
 Computed Σ^c(iτ) for time point             29 / 30,    Execution time    0.0 s
 Computed Σ^c(iτ) for time point             30 / 30,    Execution time    0.0 s
 
 SCF valence band maximum (eV):                                           -4.586
 SCF conduction band minimum (eV):                                        -2.741
 SCF indirect band gap (eV):                                               1.845
 SCF direct band gap (eV):                                                 1.845
 
 G0W0 valence band maximum (eV):                                          -5.335
 G0W0 conduction band minimum (eV):                                       -1.067
 G0W0 indirect band gap (eV):                                              4.268
 G0W0 direct band gap (eV):                                                4.268
 
 Hartree-Fock with SCF orbitals valence band maximum (eV):                -5.452
 Hartree-Fock with SCF orbitals conduction band minimum (eV)               1.047
 Hartree-Fock with SCF orbitals indirect band gap (eV):                    6.499
 Hartree-Fock with SCF orbitals direct band gap (eV):                      6.499

 ENERGY| Total FORCE_EVAL ( QS ) energy [hartree]           -332.747824401000059

 *** HINT in emd/rt_bse_linearized.F:440 :: ENFORCE_MAX_DT enabled. ***
 *** Resetting TIMESTEP to          73.8552 as and STEPS to 2708.   ***

 
 /-----------------------------------------------------------------------------\
 |                                                                             |
 |              Linearized Real Time Bethe-Salpeter Propagation                |
 |                                                                             |
 \-----------------------------------------------------------------------------/
 
 Apply delta pulse                                                             T

 Use Tamm-Dancoff                                                              T
 TDA first-peak shift active                                                   F

 Estimated maximum timestep within stability region [as]:                73.8728
 Applied timestep [as]:                                                  73.8552
 Number of propagation steps:                                               2708
 Total propagation time [as]:                                        200000.0000
 Estimated FFT frequency resolution without interpolation [eV]:         0.020678
 Nyquist frequency [eV]:                                               27.998468
 Estimated maximum oscillation frequency (gap-based) [eV]:             25.201483
 GW flavor for computing GW eigenvalues used in RT-BSE:                     G0W0
 Active-window occupied energy cutoff [eV]:                               10.000
 Active-window virtual energy cutoff [eV]:                                10.000
 First active occupied MO index:                                              40
 Last active virtual MO index:                                               272
 Number of active MOs:                                                       233
 Spin 1 first active MO, E - E_HOMO (KS) [eV]:                            -9.876
 Spin 1 last active MO, E - E_LUMO (KS) [eV]:                              9.986
 Spin 1 first active MO, E - E_HOMO (QP) [eV]:                           -10.319
 Spin 1 last active MO, E - E_LUMO (QP) [eV]:                             10.247
 Precomputed RT-BSE RI-RS V_aux kernel,                  Execution time    0.1 s
 
 W0CUT| Cutoff radius, negative = off [angstrom]                         50.0000
 W0CUT| Retained block fraction                                         1.000000
 W0CUT| Retained Frobenius norm                                   3.04428441E+06
 Precomputed RT-BSE RI-RS W0_grid kernel,                Execution time    0.1 s
 
 RTBSE| Applying delta pulse
 RTBSE| Delta pulse elements (a.u.) :   -0.0000E+000  -0.1000E-002  -0.0000E+000
 RTBSE| Metric difference after delta kick                       0.41667574E-002
 RTBSE| Estimated runtime for propagation [s]                           1651.087
 RTBSE|
 RTBSE| Simulation step   Step time [s]                          Electron number
 RTBSE|               0           0.610                               0.170E+003
 RTBSE|               1           0.313                               0.170E+003
 RTBSE|               2           0.572                               0.170E+003
 RTBSE|               3           0.324                               0.170E+003
 RTBSE|               4           0.315                               0.170E+003
 RTBSE|               5           0.280                               0.170E+003
 RTBSE|               6           0.273                               0.170E+003
 RTBSE|               7           0.254                               0.170E+003
 RTBSE|               8           0.417                               0.170E+003
 RTBSE|               9           0.278                               0.170E+003
 RTBSE|              10           0.241                               0.170E+003
 RTBSE|              11           0.246                               0.170E+003
 RTBSE|              12           0.244                               0.170E+003
 RTBSE|              13           0.242                               0.170E+003
 RTBSE|              14           0.240                               0.170E+003
 RTBSE|              15           0.241                               0.170E+003
 RTBSE|              16           0.242                               0.170E+003
 RTBSE|              17           0.242                               0.170E+003
 RTBSE|              18           0.266                               0.170E+003
 RTBSE|              19           0.298                               0.170E+003
 RTBSE|              20           0.258                               0.170E+003
 RTBSE|              21           0.275                               0.170E+003
 RTBSE|              22           0.272                               0.170E+003
 RTBSE|              23           0.283                               0.170E+003
 RTBSE|              24           0.299                               0.170E+003
 RTBSE|              25           0.299                               0.170E+003
 RTBSE|              26           0.318                               0.170E+003
 RTBSE|              27           0.306                               0.170E+003
 RTBSE|              28           0.275                               0.170E+003
 RTBSE|              29           0.289                               0.170E+003
 RTBSE|              30           0.271                               0.170E+003
 RTBSE|              31           0.271                               0.170E+003
 RTBSE|              32           0.274                               0.170E+003
 RTBSE|              33           0.270                               0.170E+003
 RTBSE|              34           0.266                               0.170E+003
 RTBSE|              35           0.263                               0.170E+003
 RTBSE|              36           0.261                               0.170E+003
 RTBSE|              37           0.243                               0.170E+003
 RTBSE|              38           0.247                               0.170E+003
 RTBSE|              39           0.303                               0.170E+003
 RTBSE|              40           0.261                               0.170E+003
 RTBSE|              41           0.370                               0.170E+003
 RTBSE|              42           0.303                               0.170E+003
 RTBSE|              43           0.285                               0.170E+003
 RTBSE|              44           0.296                               0.170E+003
 RTBSE|              45           0.309                               0.170E+003
 RTBSE|              46           0.338                               0.170E+003
 RTBSE|              47           0.290                               0.170E+003
 RTBSE|              48           0.272                               0.170E+003
 RTBSE|              49           0.279                               0.170E+003
 RTBSE|              50           0.262                               0.170E+003
 RTBSE|              51           0.272                               0.170E+003
 RTBSE|              52           0.266                               0.170E+003
 RTBSE|              53           0.270                               0.170E+003
 RTBSE|              54           0.266                               0.170E+003
 RTBSE|              55           0.263                               0.170E+003
 RTBSE|              56           0.251                               0.170E+003
 RTBSE|              57           0.241                               0.170E+003
 RTBSE|              58           0.238                               0.170E+003
 RTBSE|              59           0.240                               0.170E+003
 RTBSE|              60           0.242                               0.170E+003
 RTBSE|              61           0.239                               0.170E+003
 RTBSE|              62           0.239                               0.170E+003
 RTBSE|              63           0.244                               0.170E+003
 RTBSE|              64           0.240                               0.170E+003
 RTBSE|              65           0.241                               0.170E+003
 RTBSE|              66           0.243                               0.170E+003
 RTBSE|              67           0.240                               0.170E+003
 RTBSE|              68           0.244                               0.170E+003
 RTBSE|              69           0.257                               0.170E+003
 RTBSE|              70           0.262                               0.170E+003
 RTBSE|              71           0.272                               0.170E+003
 RTBSE|              72           0.345                               0.170E+003
 RTBSE|              73           0.391                               0.170E+003
 RTBSE|              74           0.447                               0.170E+003
 RTBSE|              75           0.676                               0.170E+003
 RTBSE|              76           0.313                               0.170E+003
 RTBSE|              77           0.315                               0.170E+003
 RTBSE|              78           0.294                               0.170E+003
 RTBSE|              79           0.287                               0.170E+003
 RTBSE|              80           0.301                               0.170E+003
 RTBSE|              81           0.258                               0.170E+003
 RTBSE|              82           0.254                               0.170E+003
 RTBSE|              83           0.249                               0.170E+003
 RTBSE|              84           0.245                               0.170E+003
 RTBSE|              85           0.239                               0.170E+003
 RTBSE|              86           0.240                               0.170E+003
 RTBSE|              87           0.242                               0.170E+003
 RTBSE|              88           0.265                               0.170E+003
 RTBSE|              89           0.265                               0.170E+003
 RTBSE|              90           0.260                               0.170E+003
 RTBSE|              91           0.336                               0.170E+003
 RTBSE|              92           0.402                               0.170E+003
 RTBSE|              93           0.442                               0.170E+003
 RTBSE|              94           0.506                               0.170E+003
 RTBSE|              95           0.287                               0.170E+003
 RTBSE|              96           0.331                               0.170E+003
 RTBSE|              97           0.313                               0.170E+003
 RTBSE|              98           0.294                               0.170E+003
 RTBSE|              99           0.303                               0.170E+003
 RTBSE|             100           0.446                               0.170E+003
 RTBSE|             101           0.331                               0.170E+003
 RTBSE|             102           0.279                               0.170E+003
 RTBSE|             103           0.277                               0.170E+003
 RTBSE|             104           0.241                               0.170E+003
 RTBSE|             105           0.240                               0.170E+003
 RTBSE|             106           0.239                               0.170E+003
 RTBSE|             107           0.239                               0.170E+003
 RTBSE|             108           0.241                               0.170E+003
 RTBSE|             109           0.252                               0.170E+003
 RTBSE|             110           0.272                               0.170E+003
 RTBSE|             111           0.244                               0.170E+003
 RTBSE|             112           0.300                               0.170E+003
 RTBSE|             113           0.339                               0.170E+003
 RTBSE|             114           0.250                               0.170E+003
 RTBSE|             115           0.259                               0.170E+003
 RTBSE|             116           0.273                               0.170E+003
 RTBSE|             117           0.270                               0.170E+003
 RTBSE|             118           0.286                               0.170E+003
 RTBSE|             119           0.295                               0.170E+003
 RTBSE|             120           0.299                               0.170E+003
 RTBSE|             121           0.326                               0.170E+003
 RTBSE|             122           0.314                               0.170E+003
 RTBSE|             123           0.274                               0.170E+003
 RTBSE|             124           0.275                               0.170E+003
 RTBSE|             125           0.268                               0.170E+003
 RTBSE|             126           0.268                               0.170E+003
 RTBSE|             127           0.270                               0.170E+003
 RTBSE|             128           0.250                               0.170E+003
 RTBSE|             129           0.259                               0.170E+003
 RTBSE|             130           0.259                               0.170E+003
 RTBSE|             131           0.257                               0.170E+003
 RTBSE|             132           0.258                               0.170E+003
 RTBSE|             133           0.246                               0.170E+003
 RTBSE|             134           0.246                               0.170E+003
 RTBSE|             135           0.254                               0.170E+003
 RTBSE|             136           0.258                               0.170E+003
 RTBSE|             137           0.262                               0.170E+003
 RTBSE|             138           0.285                               0.170E+003
 RTBSE|             139           0.279                               0.170E+003
 RTBSE|             140           0.294                               0.170E+003
 RTBSE|             141           0.302                               0.170E+003
 RTBSE|             142           0.322                               0.170E+003
 RTBSE|             143           0.309                               0.170E+003
 RTBSE|             144           0.276                               0.170E+003
 RTBSE|             145           0.298                               0.170E+003
 RTBSE|             146           0.269                               0.170E+003
 RTBSE|             147           0.270                               0.170E+003
 RTBSE|             148           0.270                               0.170E+003
 RTBSE|             149           0.267                               0.170E+003
 RTBSE|             150           0.257                               0.170E+003
 RTBSE|             151           0.257                               0.170E+003
 RTBSE|             152           0.259                               0.170E+003
 RTBSE|             153           0.246                               0.170E+003
 RTBSE|             154           0.243                               0.170E+003
 RTBSE|             155           0.238                               0.170E+003
 RTBSE|             156           0.240                               0.170E+003
 RTBSE|             157           0.245                               0.170E+003
 RTBSE|             158           0.250                               0.170E+003
 RTBSE|             159           0.247                               0.170E+003
 RTBSE|             160           0.243                               0.170E+003
 RTBSE|             161           0.243                               0.170E+003
 RTBSE|             162           0.240                               0.170E+003
 RTBSE|             163           0.239                               0.170E+003
 RTBSE|             164           0.246                               0.170E+003
 RTBSE|             165           0.257                               0.170E+003
 RTBSE|             166           0.260                               0.170E+003
 RTBSE|             167           0.259                               0.170E+003
 RTBSE|             168           0.299                               0.170E+003
 RTBSE|             169           0.375                               0.170E+003
 RTBSE|             170           0.473                               0.170E+003
 RTBSE|             171           0.603                               0.170E+003
 RTBSE|             172           0.305                               0.170E+003
 RTBSE|             173           0.331                               0.170E+003
 RTBSE|             174           0.297                               0.170E+003
 RTBSE|             175           0.283                               0.170E+003
 RTBSE|             176           0.319                               0.170E+003
 RTBSE|             177           0.337                               0.170E+003
 RTBSE|             178           0.284                               0.170E+003
 RTBSE|             179           0.261                               0.170E+003
 RTBSE|             180           0.274                               0.170E+003
 RTBSE|             181           0.243                               0.170E+003
 RTBSE|             182           0.241                               0.170E+003
 RTBSE|             183           0.246                               0.170E+003
 RTBSE|             184           0.258                               0.170E+003
 RTBSE|             185           0.261                               0.170E+003
 RTBSE|             186           0.262                               0.170E+003
 RTBSE|             187           0.341                               0.170E+003
 RTBSE|             188           0.388                               0.170E+003
 RTBSE|             189           0.467                               0.170E+003
 RTBSE|             190           0.671                               0.170E+003
 RTBSE|             191           0.361                               0.170E+003
 RTBSE|             192           0.450                               0.170E+003
 RTBSE|             193           0.285                               0.170E+003
 RTBSE|             194           0.336                               0.170E+003
 RTBSE|             195           0.393                               0.170E+003
 RTBSE|             196           0.252                               0.170E+003
 RTBSE|             197           0.248                               0.170E+003
 RTBSE|             198           0.361                               0.170E+003
 RTBSE|             199           0.288                               0.170E+003
 RTBSE|             200           0.244                               0.170E+003
 RTBSE|             201           0.249                               0.170E+003
 RTBSE|             202           0.275                               0.170E+003
 RTBSE|             203           0.243                               0.170E+003
 RTBSE|             204           0.246                               0.170E+003
 RTBSE|             205           0.248                               0.170E+003
 RTBSE|             206           0.432                               0.170E+003
 RTBSE|             207           0.263                               0.170E+003
 RTBSE|             208           0.265                               0.170E+003
 RTBSE|             209           0.267                               0.170E+003
 RTBSE|             210           0.283                               0.170E+003
 RTBSE|             211           0.292                               0.170E+003
 RTBSE|             212           0.536                               0.170E+003
 RTBSE|             213           0.497                               0.170E+003
 RTBSE|             214           0.320                               0.170E+003
 RTBSE|             215           0.281                               0.170E+003
 RTBSE|             216           0.281                               0.170E+003
 RTBSE|             217           0.270                               0.170E+003
 RTBSE|             218           0.270                               0.170E+003
 RTBSE|             219           0.270                               0.170E+003
 RTBSE|             220           0.266                               0.170E+003
 RTBSE|             221           0.270                               0.170E+003
 RTBSE|             222           0.298                               0.170E+003
 RTBSE|             223           0.263                               0.170E+003
 RTBSE|             224           0.246                               0.170E+003
 RTBSE|             225           0.241                               0.170E+003
 RTBSE|             226           0.248                               0.170E+003
 RTBSE|             227           0.260                               0.170E+003
 RTBSE|             228           0.261                               0.170E+003
 RTBSE|             229           0.265                               0.170E+003
 RTBSE|             230           0.282                               0.170E+003
 RTBSE|             231           0.282                               0.170E+003
 RTBSE|             232           0.289                               0.170E+003
 RTBSE|             233           0.301                               0.170E+003
 RTBSE|             234           0.344                               0.170E+003
 RTBSE|             235           0.304                               0.170E+003
 RTBSE|             236           0.272                               0.170E+003
 RTBSE|             237           0.282                               0.170E+003
 RTBSE|             238           0.265                               0.170E+003
 RTBSE|             239           0.266                               0.170E+003
 RTBSE|             240           0.276                               0.170E+003
 RTBSE|             241           0.265                               0.170E+003
 RTBSE|             242           0.260                               0.170E+003
 RTBSE|             243           0.261                               0.170E+003
 RTBSE|             244           0.266                               0.170E+003
 RTBSE|             245           0.260                               0.170E+003
 RTBSE|             246           0.250                               0.170E+003
 RTBSE|             247           0.242                               0.170E+003
 RTBSE|             248           0.245                               0.170E+003
 RTBSE|             249           0.245                               0.170E+003
 RTBSE|             250           0.243                               0.170E+003
 RTBSE|             251           0.242                               0.170E+003
 RTBSE|             252           0.241                               0.170E+003
 RTBSE|             253           0.244                               0.170E+003
 RTBSE|             254           0.241                               0.170E+003
 RTBSE|             255           0.241                               0.170E+003
 RTBSE|             256           0.247                               0.170E+003
 RTBSE|             257           0.254                               0.170E+003
 RTBSE|             258           0.267                               0.170E+003
 RTBSE|             259           0.277                               0.170E+003
 RTBSE|             260           0.323                               0.170E+003
 RTBSE|             261           0.389                               0.170E+003
 RTBSE|             262           0.426                               0.170E+003
 RTBSE|             263           0.655                               0.170E+003
 RTBSE|             264           0.299                               0.170E+003
 RTBSE|             265           0.317                               0.170E+003
 RTBSE|             266           0.293                               0.170E+003
 RTBSE|             267           0.286                               0.170E+003
 RTBSE|             268           0.309                               0.170E+003
 RTBSE|             269           0.265                               0.170E+003
 RTBSE|             270           0.253                               0.170E+003
 RTBSE|             271           0.248                               0.170E+003
 RTBSE|             272           0.251                               0.170E+003
 RTBSE|             273           0.245                               0.170E+003
 RTBSE|             274           0.243                               0.170E+003
 RTBSE|             275           0.242                               0.170E+003
 RTBSE|             276           0.255                               0.170E+003
 RTBSE|             277           0.404                               0.170E+003
 RTBSE|             278           0.289                               0.170E+003
 RTBSE|             279           0.354                               0.170E+003
 RTBSE|             280           0.414                               0.170E+003
 RTBSE|             281           0.431                               0.170E+003
 RTBSE|             282           0.541                               0.170E+003
 RTBSE|             283           0.303                               0.170E+003
 RTBSE|             284           0.325                               0.170E+003
 RTBSE|             285           0.298                               0.170E+003
 RTBSE|             286           0.286                               0.170E+003
 RTBSE|             287           0.308                               0.170E+003
 RTBSE|             288           0.266                               0.170E+003
 RTBSE|             289           0.263                               0.170E+003
 RTBSE|             290           0.258                               0.170E+003
 RTBSE|             291           0.251                               0.170E+003
 RTBSE|             292           0.247                               0.170E+003
 RTBSE|             293           0.243                               0.170E+003
 RTBSE|             294           0.241                               0.170E+003
 RTBSE|             295           0.243                               0.170E+003
 RTBSE|             296           0.241                               0.170E+003
 RTBSE|             297           0.244                               0.170E+003
 RTBSE|             298           0.242                               0.170E+003
 RTBSE|             299           0.242                               0.170E+003
 RTBSE|             300           0.243                               0.170E+003
 RTBSE|             301           0.241                               0.170E+003
 RTBSE|             302           0.260                               0.170E+003
 RTBSE|             303           0.260                               0.170E+003
 RTBSE|             304           0.259                               0.170E+003
 RTBSE|             305           0.458                               0.170E+003
 RTBSE|             306           0.289                               0.170E+003
 RTBSE|             307           0.297                               0.170E+003
 RTBSE|             308           0.347                               0.170E+003
 RTBSE|             309           0.416                               0.170E+003
 RTBSE|             310           0.280                               0.170E+003
 RTBSE|             311           0.273                               0.170E+003
 RTBSE|             312           0.293                               0.170E+003
 RTBSE|             313           0.299                               0.170E+003
 RTBSE|             314           0.262                               0.170E+003
 RTBSE|             315           0.297                               0.170E+003
 RTBSE|             316           0.259                               0.170E+003
 RTBSE|             317           0.257                               0.170E+003
 RTBSE|             318           0.263                               0.170E+003
 RTBSE|             319           0.256                               0.170E+003
 RTBSE|             320           0.247                               0.170E+003
 RTBSE|             321           0.242                               0.170E+003
 RTBSE|             322           0.251                               0.170E+003
 RTBSE|             323           0.261                               0.170E+003
 RTBSE|             324           0.261                               0.170E+003
 RTBSE|             325           0.288                               0.170E+003
 RTBSE|             326           0.284                               0.170E+003
 RTBSE|             327           0.291                               0.170E+003
 RTBSE|             328           0.302                               0.170E+003
 RTBSE|             329           0.274                               0.170E+003
 RTBSE|             330           0.319                               0.170E+003
 RTBSE|             331           0.320                               0.170E+003
 RTBSE|             332           0.280                               0.170E+003
 RTBSE|             333           0.282                               0.170E+003
 RTBSE|             334           0.271                               0.170E+003
 RTBSE|             335           0.266                               0.170E+003
 RTBSE|             336           0.274                               0.170E+003
 RTBSE|             337           0.263                               0.170E+003
 RTBSE|             338           0.260                               0.170E+003
 RTBSE|             339           0.265                               0.170E+003
 RTBSE|             340           0.262                               0.170E+003
 RTBSE|             341           0.256                               0.170E+003
 RTBSE|             342           0.243                               0.170E+003
 RTBSE|             343           0.244                               0.170E+003
 RTBSE|             344           0.246                               0.170E+003
 RTBSE|             345           0.244                               0.170E+003
 RTBSE|             346           0.246                               0.170E+003
 RTBSE|             347           0.244                               0.170E+003
 RTBSE|             348           0.241                               0.170E+003
 RTBSE|             349           0.252                               0.170E+003
 RTBSE|             350           0.257                               0.170E+003
 RTBSE|             351           0.242                               0.170E+003
 RTBSE|             352           0.244                               0.170E+003
 RTBSE|             353           0.255                               0.170E+003
 RTBSE|             354           0.261                               0.170E+003
 RTBSE|             355           0.260                               0.170E+003
 RTBSE|             356           0.299                               0.170E+003
 RTBSE|             357           0.373                               0.170E+003
 RTBSE|             358           0.439                               0.170E+003
 RTBSE|             359           0.511                               0.170E+003
 RTBSE|             360           0.408                               0.170E+003
 RTBSE|             361           0.321                               0.170E+003
 RTBSE|             362           0.319                               0.170E+003
 RTBSE|             363           0.324                               0.170E+003
 RTBSE|             364           0.303                               0.170E+003
 RTBSE|             365           0.334                               0.170E+003
 RTBSE|             366           0.348                               0.170E+003
 RTBSE|             367           0.248                               0.170E+003
 RTBSE|             368           0.296                               0.170E+003
 RTBSE|             369           0.323                               0.170E+003
 RTBSE|             370           0.286                               0.170E+003
 RTBSE|             371           0.255                               0.170E+003
 RTBSE|             372           0.336                               0.170E+003
 RTBSE|             373           0.366                               0.170E+003
 RTBSE|             374           0.345                               0.170E+003
 RTBSE|             375           0.461                               0.170E+003
 RTBSE|             376           0.488                               0.170E+003
 RTBSE|             377           0.552                               0.170E+003
 RTBSE|             378           0.334                               0.170E+003
 RTBSE|             379           0.338                               0.170E+003
 RTBSE|             380           0.288                               0.170E+003
 RTBSE|             381           0.298                               0.170E+003
 RTBSE|             382           0.278                               0.170E+003
 RTBSE|             383           0.416                               0.170E+003
 RTBSE|             384           0.293                               0.170E+003
 RTBSE|             385           0.254                               0.170E+003
 RTBSE|             386           0.311                               0.170E+003
 RTBSE|             387           0.243                               0.170E+003
 RTBSE|             388           0.244                               0.170E+003
 RTBSE|             389           0.243                               0.170E+003
 RTBSE|             390           0.279                               0.170E+003
 RTBSE|             391           0.253                               0.170E+003
 RTBSE|             392           0.243                               0.170E+003
 RTBSE|             393           0.246                               0.170E+003
 RTBSE|             394           0.245                               0.170E+003
 RTBSE|             395           0.257                               0.170E+003
 RTBSE|             396           0.261                               0.170E+003
 RTBSE|             397           0.263                               0.170E+003
 RTBSE|             398           0.274                               0.170E+003
 RTBSE|             399           0.279                               0.170E+003
 RTBSE|             400           0.293                               0.170E+003
 RTBSE|             401           0.299                               0.170E+003
 RTBSE|             402           0.307                               0.170E+003
 RTBSE|             403           0.336                               0.170E+003
 RTBSE|             404           0.276                               0.170E+003
 RTBSE|             405           0.386                               0.170E+003
 RTBSE|             406           0.317                               0.170E+003
 RTBSE|             407           0.278                               0.170E+003
 RTBSE|             408           0.423                               0.170E+003
 RTBSE|             409           0.282                               0.170E+003
 RTBSE|             410           0.261                               0.170E+003
 RTBSE|             411           0.261                               0.170E+003
 RTBSE|             412           0.259                               0.170E+003
 RTBSE|             413           0.261                               0.170E+003
 RTBSE|             414           0.265                               0.170E+003
 RTBSE|             415           0.260                               0.170E+003
 RTBSE|             416           0.468                               0.170E+003
 RTBSE|             417           0.365                               0.170E+003
 RTBSE|             418           0.299                               0.170E+003
 RTBSE|             419           0.300                               0.170E+003
 RTBSE|             420           0.310                               0.170E+003
 RTBSE|             421           0.329                               0.170E+003
 RTBSE|             422           0.291                               0.170E+003
 RTBSE|             423           0.291                               0.170E+003
 RTBSE|             424           0.306                               0.170E+003
 RTBSE|             425           0.278                               0.170E+003
 RTBSE|             426           0.273                               0.170E+003
 RTBSE|             427           0.269                               0.170E+003
 RTBSE|             428           0.262                               0.170E+003
 RTBSE|             429           0.262                               0.170E+003
 RTBSE|             430           0.262                               0.170E+003
 RTBSE|             431           0.257                               0.170E+003
 RTBSE|             432           0.244                               0.170E+003
 RTBSE|             433           0.246                               0.170E+003
 RTBSE|             434           0.243                               0.170E+003
 RTBSE|             435           0.249                               0.170E+003
 RTBSE|             436           0.248                               0.170E+003
 RTBSE|             437           0.243                               0.170E+003
 RTBSE|             438           0.241                               0.170E+003
 RTBSE|             439           0.244                               0.170E+003
 RTBSE|             440           0.242                               0.170E+003
 RTBSE|             441           0.249                               0.170E+003
 RTBSE|             442           0.243                               0.170E+003
 RTBSE|             443           0.254                               0.170E+003
 RTBSE|             444           0.262                               0.170E+003
 RTBSE|             445           0.262                               0.170E+003
 RTBSE|             446           0.270                               0.170E+003
 RTBSE|             447           0.345                               0.170E+003
 RTBSE|             448           0.427                               0.170E+003
 RTBSE|             449           0.471                               0.170E+003
 RTBSE|             450           0.515                               0.170E+003
 RTBSE|             451           0.320                               0.170E+003
 RTBSE|             452           0.315                               0.170E+003
 RTBSE|             453           0.307                               0.170E+003
 RTBSE|             454           0.297                               0.170E+003
 RTBSE|             455           0.302                               0.170E+003
 RTBSE|             456           0.262                               0.170E+003
 RTBSE|             457           0.256                               0.170E+003
 RTBSE|             458           0.264                               0.170E+003
 RTBSE|             459           0.258                               0.170E+003
 RTBSE|             460           0.248                               0.170E+003
 RTBSE|             461           0.239                               0.170E+003
 RTBSE|             462           0.245                               0.170E+003
 RTBSE|             463           0.255                               0.170E+003
 RTBSE|             464           0.262                               0.170E+003
 RTBSE|             465           0.263                               0.170E+003
 RTBSE|             466           0.347                               0.170E+003
 RTBSE|             467           0.403                               0.170E+003
 RTBSE|             468           0.475                               0.170E+003
 RTBSE|             469           0.565                               0.170E+003
 RTBSE|             470           0.300                               0.170E+003
 RTBSE|             471           0.323                               0.170E+003
 RTBSE|             472           0.299                               0.170E+003
 RTBSE|             473           0.461                               0.170E+003
 RTBSE|             474           0.452                               0.170E+003
 RTBSE|             475           0.253                               0.170E+003
 RTBSE|             476           0.253                               0.170E+003
 RTBSE|             477           0.249                               0.170E+003
 RTBSE|             478           0.254                               0.170E+003
 RTBSE|             479           0.259                               0.170E+003
 RTBSE|             480           0.243                               0.170E+003
 RTBSE|             481           0.247                               0.170E+003
 RTBSE|             482           0.243                               0.170E+003
 RTBSE|             483           0.241                               0.170E+003
 RTBSE|             484           0.245                               0.170E+003
 RTBSE|             485           0.241                               0.170E+003
 RTBSE|             486           0.242                               0.170E+003
 RTBSE|             487           0.241                               0.170E+003
 RTBSE|             488           0.255                               0.170E+003
 RTBSE|             489           0.260                               0.170E+003
 RTBSE|             490           0.264                               0.170E+003
 RTBSE|             491           0.289                               0.170E+003
 RTBSE|             492           0.294                               0.170E+003
 RTBSE|             493           0.297                               0.170E+003
 RTBSE|             494           0.302                               0.170E+003
 RTBSE|             495           0.320                               0.170E+003
 RTBSE|             496           0.314                               0.170E+003
 RTBSE|             497           0.277                               0.170E+003
 RTBSE|             498           0.290                               0.170E+003
 RTBSE|             499           0.279                               0.170E+003
 RTBSE|             500           0.271                               0.170E+003
 RTBSE|             501           0.267                               0.170E+003
 RTBSE|             502           0.269                               0.170E+003
 RTBSE|             503           0.264                               0.170E+003
 RTBSE|             504           0.262                               0.170E+003
 RTBSE|             505           0.258                               0.170E+003
 RTBSE|             506           0.397                               0.170E+003
 RTBSE|             507           0.283                               0.170E+003
 RTBSE|             508           0.258                               0.170E+003
 RTBSE|             509           0.261                               0.170E+003
 RTBSE|             510           0.299                               0.170E+003
 RTBSE|             511           0.282                               0.170E+003
 RTBSE|             512           0.288                               0.170E+003
 RTBSE|             513           0.299                               0.170E+003
 RTBSE|             514           0.337                               0.170E+003
 RTBSE|             515           0.319                               0.170E+003
 RTBSE|             516           0.265                               0.170E+003
 RTBSE|             517           0.322                               0.170E+003
 RTBSE|             518           0.287                               0.170E+003
 RTBSE|             519           0.269                               0.170E+003
 RTBSE|             520           0.269                               0.170E+003
 RTBSE|             521           0.265                               0.170E+003
 RTBSE|             522           0.257                               0.170E+003
 RTBSE|             523           0.262                               0.170E+003
 RTBSE|             524           0.265                               0.170E+003
 RTBSE|             525           0.258                               0.170E+003
 RTBSE|             526           0.269                               0.170E+003
 RTBSE|             527           0.253                               0.170E+003
 RTBSE|             528           0.242                               0.170E+003
 RTBSE|             529           0.243                               0.170E+003
 RTBSE|             530           0.244                               0.170E+003
 RTBSE|             531           0.246                               0.170E+003
 RTBSE|             532           0.263                               0.170E+003
 RTBSE|             533           0.264                               0.170E+003
 RTBSE|             534           0.242                               0.170E+003
 RTBSE|             535           0.240                               0.170E+003
 RTBSE|             536           0.291                               0.170E+003
 RTBSE|             537           0.330                               0.170E+003
 RTBSE|             538           0.252                               0.170E+003
 RTBSE|             539           0.302                               0.170E+003
 RTBSE|             540           0.375                               0.170E+003
 RTBSE|             541           0.326                               0.170E+003
 RTBSE|             542           0.398                               0.170E+003
 RTBSE|             543           0.516                               0.170E+003
 RTBSE|             544           0.584                               0.170E+003
 RTBSE|             545           0.372                               0.170E+003
 RTBSE|             546           0.318                               0.170E+003
 RTBSE|             547           0.320                               0.170E+003
 RTBSE|             548           0.294                               0.170E+003
 RTBSE|             549           0.300                               0.170E+003
 RTBSE|             550           0.262                               0.170E+003
 RTBSE|             551           0.261                               0.170E+003
 RTBSE|             552           0.249                               0.170E+003
 RTBSE|             553           0.245                               0.170E+003
 RTBSE|             554           0.318                               0.170E+003
 RTBSE|             555           0.319                               0.170E+003
 RTBSE|             556           0.250                               0.170E+003
 RTBSE|             557           0.263                               0.170E+003
 RTBSE|             558           0.354                               0.170E+003
 RTBSE|             559           0.348                               0.170E+003
 RTBSE|             560           0.402                               0.170E+003
 RTBSE|             561           0.463                               0.170E+003
 RTBSE|             562           0.632                               0.170E+003
 RTBSE|             563           0.306                               0.170E+003
 RTBSE|             564           0.308                               0.170E+003
 RTBSE|             565           0.307                               0.170E+003
 RTBSE|             566           0.277                               0.170E+003
 RTBSE|             567           0.303                               0.170E+003
 RTBSE|             568           0.270                               0.170E+003
 RTBSE|             569           0.249                               0.170E+003
 RTBSE|             570           0.250                               0.170E+003
 RTBSE|             571           0.247                               0.170E+003
 RTBSE|             572           0.248                               0.170E+003
 RTBSE|             573           0.245                               0.170E+003
 RTBSE|             574           0.271                               0.170E+003
 RTBSE|             575           0.241                               0.170E+003
 RTBSE|             576           0.241                               0.170E+003
 RTBSE|             577           0.242                               0.170E+003
 RTBSE|             578           0.246                               0.170E+003
 RTBSE|             579           0.242                               0.170E+003
 RTBSE|             580           0.253                               0.170E+003
 RTBSE|             581           0.273                               0.170E+003
 RTBSE|             582           0.254                               0.170E+003
 RTBSE|             583           0.259                               0.170E+003
 RTBSE|             584           0.264                               0.170E+003
 RTBSE|             585           0.282                               0.170E+003
 RTBSE|             586           0.282                               0.170E+003
 RTBSE|             587           0.293                               0.170E+003
 RTBSE|             588           0.295                               0.170E+003
 RTBSE|             589           0.312                               0.170E+003
 RTBSE|             590           0.335                               0.170E+003
 RTBSE|             591           0.271                               0.170E+003
 RTBSE|             592           0.317                               0.170E+003
 RTBSE|             593           0.285                               0.170E+003
 RTBSE|             594           0.274                               0.170E+003
 RTBSE|             595           0.267                               0.170E+003
 RTBSE|             596           0.271                               0.170E+003
 RTBSE|             597           0.259                               0.170E+003
 RTBSE|             598           0.261                               0.170E+003
 RTBSE|             599           0.258                               0.170E+003
 RTBSE|             600           0.253                               0.170E+003
 RTBSE|             601           0.244                               0.170E+003
 RTBSE|             602           0.253                               0.170E+003
 RTBSE|             603           0.258                               0.170E+003
 RTBSE|             604           0.264                               0.170E+003
 RTBSE|             605           0.277                               0.170E+003
 RTBSE|             606           0.275                               0.170E+003
 RTBSE|             607           0.292                               0.170E+003
 RTBSE|             608           0.331                               0.170E+003
 RTBSE|             609           0.309                               0.170E+003
 RTBSE|             610           0.310                               0.170E+003
 RTBSE|             611           0.503                               0.170E+003
 RTBSE|             612           0.362                               0.170E+003
 RTBSE|             613           0.268                               0.170E+003
 RTBSE|             614           0.276                               0.170E+003
 RTBSE|             615           0.272                               0.170E+003
 RTBSE|             616           0.264                               0.170E+003
 RTBSE|             617           0.258                               0.170E+003
 RTBSE|             618           0.448                               0.170E+003
 RTBSE|             619           0.249                               0.170E+003
 RTBSE|             620           0.239                               0.170E+003
 RTBSE|             621           0.242                               0.170E+003
 RTBSE|             622           0.241                               0.170E+003
 RTBSE|             623           0.242                               0.170E+003
 RTBSE|             624           0.240                               0.170E+003
 RTBSE|             625           0.240                               0.170E+003
 RTBSE|             626           0.241                               0.170E+003
 RTBSE|             627           0.247                               0.170E+003
 RTBSE|             628           0.274                               0.170E+003
 RTBSE|             629           0.246                               0.170E+003
 RTBSE|             630           0.249                               0.170E+003
 RTBSE|             631           0.256                               0.170E+003
 RTBSE|             632           0.261                               0.170E+003
 RTBSE|             633           0.259                               0.170E+003
 RTBSE|             634           0.326                               0.170E+003
 RTBSE|             635           0.353                               0.170E+003
 RTBSE|             636           0.450                               0.170E+003
 RTBSE|             637           0.531                               0.170E+003
 RTBSE|             638           0.343                               0.170E+003
 RTBSE|             639           0.325                               0.170E+003
 RTBSE|             640           0.307                               0.170E+003
 RTBSE|             641           0.287                               0.170E+003
 RTBSE|             642           0.301                               0.170E+003
 RTBSE|             643           0.279                               0.170E+003
 RTBSE|             644           0.252                               0.170E+003
 RTBSE|             645           0.250                               0.170E+003
 RTBSE|             646           0.257                               0.170E+003
 RTBSE|             647           0.246                               0.170E+003
 RTBSE|             648           0.242                               0.170E+003
 RTBSE|             649           0.258                               0.170E+003
 RTBSE|             650           0.264                               0.170E+003
 RTBSE|             651           0.260                               0.170E+003
 RTBSE|             652           0.260                               0.170E+003
 RTBSE|             653           0.293                               0.170E+003
 RTBSE|             654           0.347                               0.170E+003
 RTBSE|             655           0.459                               0.170E+003
 RTBSE|             656           0.457                               0.170E+003
 RTBSE|             657           0.511                               0.170E+003
 RTBSE|             658           0.291                               0.170E+003
 RTBSE|             659           0.312                               0.170E+003
 RTBSE|             660           0.308                               0.170E+003
 RTBSE|             661           0.291                               0.170E+003
 RTBSE|             662           0.306                               0.170E+003
 RTBSE|             663           0.259                               0.170E+003
 RTBSE|             664           0.256                               0.170E+003
 RTBSE|             665           0.251                               0.170E+003
 RTBSE|             666           0.246                               0.170E+003
 RTBSE|             667           0.244                               0.170E+003
 RTBSE|             668           0.241                               0.170E+003
 RTBSE|             669           0.243                               0.170E+003
 RTBSE|             670           0.243                               0.170E+003
 RTBSE|             671           0.244                               0.170E+003
 RTBSE|             672           0.241                               0.170E+003
 RTBSE|             673           0.247                               0.170E+003
 RTBSE|             674           0.247                               0.170E+003
 RTBSE|             675           0.249                               0.170E+003
 RTBSE|             676           0.257                               0.170E+003
 RTBSE|             677           0.263                               0.170E+003
 RTBSE|             678           0.436                               0.170E+003
 RTBSE|             679           0.286                               0.170E+003
 RTBSE|             680           0.285                               0.170E+003
 RTBSE|             681           0.294                               0.170E+003
 RTBSE|             682           0.306                               0.170E+003
 RTBSE|             683           0.344                               0.170E+003
 RTBSE|             684           0.345                               0.170E+003
 RTBSE|             685           0.284                               0.170E+003
 RTBSE|             686           0.284                               0.170E+003
 RTBSE|             687           0.276                               0.170E+003
 RTBSE|             688           0.269                               0.170E+003
 RTBSE|             689           0.277                               0.170E+003
 RTBSE|             690           0.270                               0.170E+003
 RTBSE|             691           0.261                               0.170E+003
 RTBSE|             692           0.260                               0.170E+003
 RTBSE|             693           0.261                               0.170E+003
 RTBSE|             694           0.257                               0.170E+003
 RTBSE|             695           0.264                               0.170E+003
 RTBSE|             696           0.261                               0.170E+003
 RTBSE|             697           0.266                               0.170E+003
 RTBSE|             698           0.269                               0.170E+003
 RTBSE|             699           0.281                               0.170E+003
 RTBSE|             700           0.283                               0.170E+003
 RTBSE|             701           0.298                               0.170E+003
 RTBSE|             702           0.298                               0.170E+003
 RTBSE|             703           0.341                               0.170E+003
 RTBSE|             704           0.324                               0.170E+003
 RTBSE|             705           0.283                               0.170E+003
 RTBSE|             706           0.389                               0.170E+003
 RTBSE|             707           0.286                               0.170E+003
 RTBSE|             708           0.275                               0.170E+003
 RTBSE|             709           0.634                               0.170E+003
 RTBSE|             710           0.287                               0.170E+003
 RTBSE|             711           0.294                               0.170E+003
 RTBSE|             712           0.371                               0.170E+003
 RTBSE|             713           0.262                               0.170E+003
 RTBSE|             714           0.240                               0.170E+003
 RTBSE|             715           0.252                               0.170E+003
 RTBSE|             716           0.367                               0.170E+003
 RTBSE|             717           0.251                               0.170E+003
 RTBSE|             718           0.246                               0.170E+003
 RTBSE|             719           0.305                               0.170E+003
 RTBSE|             720           0.332                               0.170E+003
 RTBSE|             721           0.245                               0.170E+003
 RTBSE|             722           0.249                               0.170E+003
 RTBSE|             723           0.273                               0.170E+003
 RTBSE|             724           0.260                               0.170E+003
 RTBSE|             725           0.273                               0.170E+003
 RTBSE|             726           0.465                               0.170E+003
 RTBSE|             727           0.434                               0.170E+003
 RTBSE|             728           0.525                               0.170E+003
 RTBSE|             729           0.560                               0.170E+003
 RTBSE|             730           0.299                               0.170E+003
 RTBSE|             731           0.310                               0.170E+003
 RTBSE|             732           0.290                               0.170E+003
 RTBSE|             733           0.288                               0.170E+003
 RTBSE|             734           0.299                               0.170E+003
 RTBSE|             735           0.261                               0.170E+003
 RTBSE|             736           0.263                               0.170E+003
 RTBSE|             737           0.251                               0.170E+003
 RTBSE|             738           0.253                               0.170E+003
 RTBSE|             739           0.250                               0.170E+003
 RTBSE|             740           0.246                               0.170E+003
 RTBSE|             741           0.252                               0.170E+003
 RTBSE|             742           0.256                               0.170E+003
 RTBSE|             743           0.265                               0.170E+003
 RTBSE|             744           0.263                               0.170E+003
 RTBSE|             745           0.339                               0.170E+003
 RTBSE|             746           0.402                               0.170E+003
 RTBSE|             747           0.467                               0.170E+003
 RTBSE|             748           0.682                               0.170E+003
 RTBSE|             749           0.312                               0.170E+003
 RTBSE|             750           0.306                               0.170E+003
 RTBSE|             751           0.306                               0.170E+003
 RTBSE|             752           0.290                               0.170E+003
 RTBSE|             753           0.305                               0.170E+003
 RTBSE|             754           0.258                               0.170E+003
 RTBSE|             755           0.253                               0.170E+003
 RTBSE|             756           0.253                               0.170E+003
 RTBSE|             757           0.257                               0.170E+003
 RTBSE|             758           0.255                               0.170E+003
 RTBSE|             759           0.250                               0.170E+003
 RTBSE|             760           0.240                               0.170E+003
 RTBSE|             761           0.249                               0.170E+003
 RTBSE|             762           0.252                               0.170E+003
 RTBSE|             763           0.244                               0.170E+003
 RTBSE|             764           0.243                               0.170E+003
 RTBSE|             765           0.245                               0.170E+003
 RTBSE|             766           0.248                               0.170E+003
 RTBSE|             767           0.250                               0.170E+003
 RTBSE|             768           0.259                               0.170E+003
 RTBSE|             769           0.261                               0.170E+003
 RTBSE|             770           0.272                               0.170E+003
 RTBSE|             771           0.278                               0.170E+003
 RTBSE|             772           0.287                               0.170E+003
 RTBSE|             773           0.296                               0.170E+003
 RTBSE|             774           0.308                               0.170E+003
 RTBSE|             775           0.329                               0.170E+003
 RTBSE|             776           0.374                               0.170E+003
 RTBSE|             777           0.377                               0.170E+003
 RTBSE|             778           0.285                               0.170E+003
 RTBSE|             779           0.266                               0.170E+003
 RTBSE|             780           0.270                               0.170E+003
 RTBSE|             781           0.280                               0.170E+003
 RTBSE|             782           0.306                               0.170E+003
 RTBSE|             783           0.263                               0.170E+003
 RTBSE|             784           0.269                               0.170E+003
 RTBSE|             785           0.254                               0.170E+003
 RTBSE|             786           0.253                               0.170E+003
 RTBSE|             787           0.258                               0.170E+003
 RTBSE|             788           0.265                               0.170E+003
 RTBSE|             789           0.262                               0.170E+003
 RTBSE|             790           0.282                               0.170E+003
 RTBSE|             791           0.274                               0.170E+003
 RTBSE|             792           0.294                               0.170E+003
 RTBSE|             793           0.304                               0.170E+003
 RTBSE|             794           0.368                               0.170E+003
 RTBSE|             795           0.324                               0.170E+003
 RTBSE|             796           0.286                               0.170E+003
 RTBSE|             797           0.283                               0.170E+003
 RTBSE|             798           0.278                               0.170E+003
 RTBSE|             799           0.276                               0.170E+003
 RTBSE|             800           0.274                               0.170E+003
 RTBSE|             801           0.268                               0.170E+003
 RTBSE|             802           0.259                               0.170E+003
 RTBSE|             803           0.263                               0.170E+003
 RTBSE|             804           0.266                               0.170E+003
 RTBSE|             805           0.259                               0.170E+003
 RTBSE|             806           0.247                               0.170E+003
 RTBSE|             807           0.244                               0.170E+003
 RTBSE|             808           0.252                               0.170E+003
 RTBSE|             809           0.283                               0.170E+003
 RTBSE|             810           0.254                               0.170E+003
 RTBSE|             811           0.246                               0.170E+003
 RTBSE|             812           0.248                               0.170E+003
 RTBSE|             813           0.425                               0.170E+003
 RTBSE|             814           0.253                               0.170E+003
 RTBSE|             815           0.247                               0.170E+003
 RTBSE|             816           0.259                               0.170E+003
 RTBSE|             817           0.277                               0.170E+003
 RTBSE|             818           0.269                               0.170E+003
 RTBSE|             819           0.323                               0.170E+003
 RTBSE|             820           0.550                               0.170E+003
 RTBSE|             821           0.406                               0.170E+003
 RTBSE|             822           0.569                               0.170E+003
 RTBSE|             823           0.300                               0.170E+003
 RTBSE|             824           0.337                               0.170E+003
 RTBSE|             825           0.301                               0.170E+003
 RTBSE|             826           0.299                               0.170E+003
 RTBSE|             827           0.334                               0.170E+003
 RTBSE|             828           0.264                               0.170E+003
 RTBSE|             829           0.255                               0.170E+003
 RTBSE|             830           0.252                               0.170E+003
 RTBSE|             831           0.251                               0.170E+003
 RTBSE|             832           0.251                               0.170E+003
 RTBSE|             833           0.252                               0.170E+003
 RTBSE|             834           0.248                               0.170E+003
 RTBSE|             835           0.250                               0.170E+003
 RTBSE|             836           0.260                               0.170E+003
 RTBSE|             837           0.263                               0.170E+003
 RTBSE|             838           0.298                               0.170E+003
 RTBSE|             839           0.350                               0.170E+003
 RTBSE|             840           0.451                               0.170E+003
 RTBSE|             841           0.482                               0.170E+003
 RTBSE|             842           0.472                               0.170E+003
 RTBSE|             843           0.332                               0.170E+003
 RTBSE|             844           0.313                               0.170E+003
 RTBSE|             845           0.293                               0.170E+003
 RTBSE|             846           0.290                               0.170E+003
 RTBSE|             847           0.307                               0.170E+003
 RTBSE|             848           0.269                               0.170E+003
 RTBSE|             849           0.257                               0.170E+003
 RTBSE|             850           0.250                               0.170E+003
 RTBSE|             851           0.252                               0.170E+003
 RTBSE|             852           0.254                               0.170E+003
 RTBSE|             853           0.251                               0.170E+003
 RTBSE|             854           0.249                               0.170E+003
 RTBSE|             855           0.251                               0.170E+003
 RTBSE|             856           0.245                               0.170E+003
 RTBSE|             857           0.246                               0.170E+003
 RTBSE|             858           0.244                               0.170E+003
 RTBSE|             859           0.246                               0.170E+003
 RTBSE|             860           0.253                               0.170E+003
 RTBSE|             861           0.276                               0.170E+003
 RTBSE|             862           0.267                               0.170E+003
 RTBSE|             863           0.264                               0.170E+003
 RTBSE|             864           0.281                               0.170E+003
 RTBSE|             865           0.300                               0.170E+003
 RTBSE|             866           0.305                               0.170E+003
 RTBSE|             867           0.308                               0.170E+003
 RTBSE|             868           0.320                               0.170E+003
 RTBSE|             869           0.326                               0.170E+003
 RTBSE|             870           0.297                               0.170E+003
 RTBSE|             871           0.300                               0.170E+003
 RTBSE|             872           0.289                               0.170E+003
 RTBSE|             873           0.272                               0.170E+003
 RTBSE|             874           0.314                               0.170E+003
 RTBSE|             875           0.327                               0.170E+003
 RTBSE|             876           0.268                               0.170E+003
 RTBSE|             877           0.451                               0.170E+003
 RTBSE|             878           0.327                               0.170E+003
 RTBSE|             879           0.248                               0.170E+003
 RTBSE|             880           0.369                               0.170E+003
 RTBSE|             881           0.312                               0.170E+003
 RTBSE|             882           0.285                               0.170E+003
 RTBSE|             883           0.362                               0.170E+003
 RTBSE|             884           0.330                               0.170E+003
 RTBSE|             885           0.299                               0.170E+003
 RTBSE|             886           0.317                               0.170E+003
 RTBSE|             887           0.355                               0.170E+003
 RTBSE|             888           0.281                               0.170E+003
 RTBSE|             889           0.279                               0.170E+003
 RTBSE|             890           0.278                               0.170E+003
 RTBSE|             891           0.274                               0.170E+003
 RTBSE|             892           0.279                               0.170E+003
 RTBSE|             893           0.293                               0.170E+003
 RTBSE|             894           0.342                               0.170E+003
 RTBSE|             895           0.265                               0.170E+003
 RTBSE|             896           0.287                               0.170E+003
 RTBSE|             897           0.344                               0.170E+003
 RTBSE|             898           0.252                               0.170E+003
 RTBSE|             899           0.248                               0.170E+003
 RTBSE|             900           0.252                               0.170E+003
 RTBSE|             901           0.314                               0.170E+003
 RTBSE|             902           0.247                               0.170E+003
 RTBSE|             903           0.248                               0.170E+003
 RTBSE|             904           0.255                               0.170E+003
 RTBSE|             905           0.246                               0.170E+003
 RTBSE|             906           0.243                               0.170E+003
 RTBSE|             907           0.250                               0.170E+003
 RTBSE|             908           0.257                               0.170E+003
 RTBSE|             909           0.457                               0.170E+003
 RTBSE|             910           0.301                               0.170E+003
 RTBSE|             911           0.410                               0.170E+003
 RTBSE|             912           0.532                               0.170E+003
 RTBSE|             913           0.608                               0.170E+003
 RTBSE|             914           0.337                               0.170E+003
 RTBSE|             915           0.316                               0.170E+003
 RTBSE|             916           0.335                               0.170E+003
 RTBSE|             917           0.292                               0.170E+003
 RTBSE|             918           0.280                               0.170E+003
 RTBSE|             919           0.308                               0.170E+003
 RTBSE|             920           0.257                               0.170E+003
 RTBSE|             921           0.254                               0.170E+003
 RTBSE|             922           0.253                               0.170E+003
 RTBSE|             923           0.248                               0.170E+003
 RTBSE|             924           0.244                               0.170E+003
 RTBSE|             925           0.259                               0.170E+003
 RTBSE|             926           0.262                               0.170E+003
 RTBSE|             927           0.266                               0.170E+003
 RTBSE|             928           0.266                               0.170E+003
 RTBSE|             929           0.269                               0.170E+003
 RTBSE|             930           0.313                               0.170E+003
 RTBSE|             931           0.418                               0.170E+003
 RTBSE|             932           0.444                               0.170E+003
 RTBSE|             933           0.546                               0.170E+003
 RTBSE|             934           0.311                               0.170E+003
 RTBSE|             935           0.332                               0.170E+003
 RTBSE|             936           0.300                               0.170E+003
 RTBSE|             937           0.295                               0.170E+003
 RTBSE|             938           0.309                               0.170E+003
 RTBSE|             939           0.279                               0.170E+003
 RTBSE|             940           0.255                               0.170E+003
 RTBSE|             941           0.255                               0.170E+003
 RTBSE|             942           0.251                               0.170E+003
 RTBSE|             943           0.246                               0.170E+003
 RTBSE|             944           0.249                               0.170E+003
 RTBSE|             945           0.249                               0.170E+003
 RTBSE|             946           0.248                               0.170E+003
 RTBSE|             947           0.258                               0.170E+003
 RTBSE|             948           0.258                               0.170E+003
 RTBSE|             949           0.247                               0.170E+003
 RTBSE|             950           0.251                               0.170E+003
 RTBSE|             951           0.247                               0.170E+003
 RTBSE|             952           0.253                               0.170E+003
 RTBSE|             953           0.265                               0.170E+003
 RTBSE|             954           0.267                               0.170E+003
 RTBSE|             955           0.274                               0.170E+003
 RTBSE|             956           0.286                               0.170E+003
 RTBSE|             957           0.287                               0.170E+003
 RTBSE|             958           0.299                               0.170E+003
 RTBSE|             959           0.323                               0.170E+003
 RTBSE|             960           0.322                               0.170E+003
 RTBSE|             961           0.336                               0.170E+003
 RTBSE|             962           0.279                               0.170E+003
 RTBSE|             963           0.281                               0.170E+003
 RTBSE|             964           0.279                               0.170E+003
 RTBSE|             965           0.284                               0.170E+003
 RTBSE|             966           0.269                               0.170E+003
 RTBSE|             967           0.268                               0.170E+003
 RTBSE|             968           0.267                               0.170E+003
 RTBSE|             969           0.266                               0.170E+003
 RTBSE|             970           0.266                               0.170E+003
 RTBSE|             971           0.252                               0.170E+003
 RTBSE|             972           0.254                               0.170E+003
 RTBSE|             973           0.260                               0.170E+003
 RTBSE|             974           0.267                               0.170E+003
 RTBSE|             975           0.271                               0.170E+003
 RTBSE|             976           0.290                               0.170E+003
 RTBSE|             977           0.317                               0.170E+003
 RTBSE|             978           0.303                               0.170E+003
 RTBSE|             979           0.298                               0.170E+003
 RTBSE|             980           0.316                               0.170E+003
 RTBSE|             981           0.300                               0.170E+003
 RTBSE|             982           0.297                               0.170E+003
 RTBSE|             983           0.314                               0.170E+003
 RTBSE|             984           0.276                               0.170E+003
 RTBSE|             985           0.269                               0.170E+003
 RTBSE|             986           0.276                               0.170E+003
 RTBSE|             987           0.265                               0.170E+003
 RTBSE|             988           0.269                               0.170E+003
 RTBSE|             989           0.270                               0.170E+003
 RTBSE|             990           0.260                               0.170E+003
 RTBSE|             991           0.252                               0.170E+003
 RTBSE|             992           0.248                               0.170E+003
 RTBSE|             993           0.247                               0.170E+003
 RTBSE|             994           0.251                               0.170E+003
 RTBSE|             995           0.285                               0.170E+003
 RTBSE|             996           0.246                               0.170E+003
 RTBSE|             997           0.247                               0.170E+003
 RTBSE|             998           0.253                               0.170E+003
 RTBSE|             999           0.247                               0.170E+003
 RTBSE|            1000           0.243                               0.170E+003
 RTBSE|            1001           0.253                               0.170E+003
 RTBSE|            1002           0.255                               0.170E+003
 RTBSE|            1003           0.265                               0.170E+003
 RTBSE|            1004           0.267                               0.170E+003
 RTBSE|            1005           0.289                               0.170E+003
 RTBSE|            1006           0.345                               0.170E+003
 RTBSE|            1007           0.432                               0.170E+003
 RTBSE|            1008           0.459                               0.170E+003
 RTBSE|            1009           0.530                               0.170E+003
 RTBSE|            1010           0.367                               0.170E+003
 RTBSE|            1011           0.319                               0.170E+003
 RTBSE|            1012           0.485                               0.170E+003
 RTBSE|            1013           0.302                               0.170E+003
 RTBSE|            1014           0.262                               0.170E+003
 RTBSE|            1015           0.266                               0.170E+003
 RTBSE|            1016           0.264                               0.170E+003
 RTBSE|            1017           0.255                               0.170E+003
 RTBSE|            1018           0.245                               0.170E+003
 RTBSE|            1019           0.430                               0.170E+003
 RTBSE|            1020           0.341                               0.170E+003
 RTBSE|            1021           0.295                               0.170E+003
 RTBSE|            1022           0.272                               0.170E+003
 RTBSE|            1023           0.342                               0.170E+003
 RTBSE|            1024           0.423                               0.170E+003
 RTBSE|            1025           0.459                               0.170E+003
 RTBSE|            1026           0.602                               0.170E+003
 RTBSE|            1027           0.299                               0.170E+003
 RTBSE|            1028           0.303                               0.170E+003
 RTBSE|            1029           0.298                               0.170E+003
 RTBSE|            1030           0.290                               0.170E+003
 RTBSE|            1031           0.309                               0.170E+003
 RTBSE|            1032           0.280                               0.170E+003
 RTBSE|            1033           0.277                               0.170E+003
 RTBSE|            1034           0.256                               0.170E+003
 RTBSE|            1035           0.265                               0.170E+003
 RTBSE|            1036           0.313                               0.170E+003
 RTBSE|            1037           0.295                               0.170E+003
 RTBSE|            1038           0.246                               0.170E+003
 RTBSE|            1039           0.244                               0.170E+003
 RTBSE|            1040           0.381                               0.170E+003
 RTBSE|            1041           0.253                               0.170E+003
 RTBSE|            1042           0.249                               0.170E+003
 RTBSE|            1043           0.339                               0.170E+003
 RTBSE|            1044           0.305                               0.170E+003
 RTBSE|            1045           0.263                               0.170E+003
 RTBSE|            1046           0.268                               0.170E+003
 RTBSE|            1047           0.375                               0.170E+003
 RTBSE|            1048           0.285                               0.170E+003
 RTBSE|            1049           0.309                               0.170E+003
 RTBSE|            1050           0.348                               0.170E+003
 RTBSE|            1051           0.333                               0.170E+003
 RTBSE|            1052           0.301                               0.170E+003
 RTBSE|            1053           0.284                               0.170E+003
 RTBSE|            1054           0.277                               0.170E+003
 RTBSE|            1055           0.273                               0.170E+003
 RTBSE|            1056           0.333                               0.170E+003
 RTBSE|            1057           0.344                               0.170E+003
 RTBSE|            1058           0.279                               0.170E+003
 RTBSE|            1059           0.266                               0.170E+003
 RTBSE|            1060           0.326                               0.170E+003
 RTBSE|            1061           0.251                               0.170E+003
 RTBSE|            1062           0.255                               0.170E+003
 RTBSE|            1063           0.268                               0.170E+003
 RTBSE|            1064           0.330                               0.170E+003
 RTBSE|            1065           0.274                               0.170E+003
 RTBSE|            1066           0.287                               0.170E+003
 RTBSE|            1067           0.296                               0.170E+003
 RTBSE|            1068           0.307                               0.170E+003
 RTBSE|            1069           0.314                               0.170E+003
 RTBSE|            1070           0.339                               0.170E+003
 RTBSE|            1071           0.306                               0.170E+003
 RTBSE|            1072           0.276                               0.170E+003
 RTBSE|            1073           0.292                               0.170E+003
 RTBSE|            1074           0.274                               0.170E+003
 RTBSE|            1075           0.473                               0.170E+003
 RTBSE|            1076           0.370                               0.170E+003
 RTBSE|            1077           0.262                               0.170E+003
 RTBSE|            1078           0.270                               0.170E+003
 RTBSE|            1079           0.270                               0.170E+003
 RTBSE|            1080           0.265                               0.170E+003
 RTBSE|            1081           0.249                               0.170E+003
 RTBSE|            1082           0.246                               0.170E+003
 RTBSE|            1083           0.246                               0.170E+003
 RTBSE|            1084           0.251                               0.170E+003
 RTBSE|            1085           0.250                               0.170E+003
 RTBSE|            1086           0.246                               0.170E+003
 RTBSE|            1087           0.251                               0.170E+003
 RTBSE|            1088           0.255                               0.170E+003
 RTBSE|            1089           0.246                               0.170E+003
 RTBSE|            1090           0.247                               0.170E+003
 RTBSE|            1091           0.262                               0.170E+003
 RTBSE|            1092           0.275                               0.170E+003
 RTBSE|            1093           0.282                               0.170E+003
 RTBSE|            1094           0.344                               0.170E+003
 RTBSE|            1095           0.409                               0.170E+003
 RTBSE|            1096           0.428                               0.170E+003
 RTBSE|            1097           0.627                               0.170E+003
 RTBSE|            1098           0.298                               0.170E+003
 RTBSE|            1099           0.330                               0.170E+003
 RTBSE|            1100           0.312                               0.170E+003
 RTBSE|            1101           0.288                               0.170E+003
 RTBSE|            1102           0.313                               0.170E+003
 RTBSE|            1103           0.277                               0.170E+003
 RTBSE|            1104           0.261                               0.170E+003
 RTBSE|            1105           0.436                               0.170E+003
 RTBSE|            1106           0.258                               0.170E+003
 RTBSE|            1107           0.246                               0.170E+003
 RTBSE|            1108           0.247                               0.170E+003
 RTBSE|            1109           0.288                               0.170E+003
 RTBSE|            1110           0.269                               0.170E+003
 RTBSE|            1111           0.265                               0.170E+003
 RTBSE|            1112           0.304                               0.170E+003
 RTBSE|            1113           0.419                               0.170E+003
 RTBSE|            1114           0.398                               0.170E+003
 RTBSE|            1115           0.507                               0.170E+003
 RTBSE|            1116           0.472                               0.170E+003
 RTBSE|            1117           0.340                               0.170E+003
 RTBSE|            1118           0.320                               0.170E+003
 RTBSE|            1119           0.302                               0.170E+003
 RTBSE|            1120           0.311                               0.170E+003
 RTBSE|            1121           0.293                               0.170E+003
 RTBSE|            1122           0.273                               0.170E+003
 RTBSE|            1123           0.261                               0.170E+003
 RTBSE|            1124           0.258                               0.170E+003
 RTBSE|            1125           0.247                               0.170E+003
 RTBSE|            1126           0.250                               0.170E+003
 RTBSE|            1127           0.248                               0.170E+003
 RTBSE|            1128           0.249                               0.170E+003
 RTBSE|            1129           0.250                               0.170E+003
 RTBSE|            1130           0.248                               0.170E+003
 RTBSE|            1131           0.247                               0.170E+003
 RTBSE|            1132           0.250                               0.170E+003
 RTBSE|            1133           0.246                               0.170E+003
 RTBSE|            1134           0.254                               0.170E+003
 RTBSE|            1135           0.250                               0.170E+003
 RTBSE|            1136           0.260                               0.170E+003
 RTBSE|            1137           0.269                               0.170E+003
 RTBSE|            1138           0.263                               0.170E+003
 RTBSE|            1139           0.288                               0.170E+003
 RTBSE|            1140           0.288                               0.170E+003
 RTBSE|            1141           0.293                               0.170E+003
 RTBSE|            1142           0.305                               0.170E+003
 RTBSE|            1143           0.316                               0.170E+003
 RTBSE|            1144           0.341                               0.170E+003
 RTBSE|            1145           0.292                               0.170E+003
 RTBSE|            1146           0.300                               0.170E+003
 RTBSE|            1147           0.284                               0.170E+003
 RTBSE|            1148           0.277                               0.170E+003
 RTBSE|            1149           0.277                               0.170E+003
 RTBSE|            1150           0.273                               0.170E+003
 RTBSE|            1151           0.270                               0.170E+003
 RTBSE|            1152           0.269                               0.170E+003
 RTBSE|            1153           0.284                               0.170E+003
 RTBSE|            1154           0.255                               0.170E+003
 RTBSE|            1155           0.253                               0.170E+003
 RTBSE|            1156           0.260                               0.170E+003
 RTBSE|            1157           0.266                               0.170E+003
 RTBSE|            1158           0.275                               0.170E+003
 RTBSE|            1159           0.289                               0.170E+003
 RTBSE|            1160           0.288                               0.170E+003
 RTBSE|            1161           0.295                               0.170E+003
 RTBSE|            1162           0.299                               0.170E+003
 RTBSE|            1163           0.313                               0.170E+003
 RTBSE|            1164           0.341                               0.170E+003
 RTBSE|            1165           0.285                               0.170E+003
 RTBSE|            1166           0.275                               0.170E+003
 RTBSE|            1167           0.284                               0.170E+003
 RTBSE|            1168           0.271                               0.170E+003
 RTBSE|            1169           0.280                               0.170E+003
 RTBSE|            1170           0.272                               0.170E+003
 RTBSE|            1171           0.262                               0.170E+003
 RTBSE|            1172           0.280                               0.170E+003
 RTBSE|            1173           0.262                               0.170E+003
 RTBSE|            1174           0.259                               0.170E+003
 RTBSE|            1175           0.247                               0.170E+003
 RTBSE|            1176           0.279                               0.170E+003
 RTBSE|            1177           0.251                               0.170E+003
 RTBSE|            1178           0.248                               0.170E+003
 RTBSE|            1179           0.250                               0.170E+003
 RTBSE|            1180           0.256                               0.170E+003
 RTBSE|            1181           0.260                               0.170E+003
 RTBSE|            1182           0.255                               0.170E+003
 RTBSE|            1183           0.273                               0.170E+003
 RTBSE|            1184           0.252                               0.170E+003
 RTBSE|            1185           0.257                               0.170E+003
 RTBSE|            1186           0.270                               0.170E+003
 RTBSE|            1187           0.265                               0.170E+003
 RTBSE|            1188           0.290                               0.170E+003
 RTBSE|            1189           0.339                               0.170E+003
 RTBSE|            1190           0.450                               0.170E+003
 RTBSE|            1191           0.459                               0.170E+003
 RTBSE|            1192           0.538                               0.170E+003
 RTBSE|            1193           0.308                               0.170E+003
 RTBSE|            1194           0.316                               0.170E+003
 RTBSE|            1195           0.306                               0.170E+003
 RTBSE|            1196           0.296                               0.170E+003
 RTBSE|            1197           0.292                               0.170E+003
 RTBSE|            1198           0.263                               0.170E+003
 RTBSE|            1199           0.259                               0.170E+003
 RTBSE|            1200           0.256                               0.170E+003
 RTBSE|            1201           0.253                               0.170E+003
 RTBSE|            1202           0.250                               0.170E+003
 RTBSE|            1203           0.267                               0.170E+003
 RTBSE|            1204           0.260                               0.170E+003
 RTBSE|            1205           0.268                               0.170E+003
 RTBSE|            1206           0.288                               0.170E+003
 RTBSE|            1207           0.394                               0.170E+003
 RTBSE|            1208           0.402                               0.170E+003
 RTBSE|            1209           0.629                               0.170E+003
 RTBSE|            1210           0.631                               0.170E+003
 RTBSE|            1211           0.454                               0.170E+003
 RTBSE|            1212           0.342                               0.170E+003
 RTBSE|            1213           0.328                               0.170E+003
 RTBSE|            1214           0.486                               0.170E+003
 RTBSE|            1215           0.328                               0.170E+003
 RTBSE|            1216           0.264                               0.170E+003
 RTBSE|            1217           0.295                               0.170E+003
 RTBSE|            1218           0.251                               0.170E+003
 RTBSE|            1219           0.250                               0.170E+003
 RTBSE|            1220           0.244                               0.170E+003
 RTBSE|            1221           0.255                               0.170E+003
 RTBSE|            1222           0.268                               0.170E+003
 RTBSE|            1223           0.277                               0.170E+003
 RTBSE|            1224           0.315                               0.170E+003
 RTBSE|            1225           0.245                               0.170E+003
 RTBSE|            1226           0.315                               0.170E+003
 RTBSE|            1227           0.269                               0.170E+003
 RTBSE|            1228           0.262                               0.170E+003
 RTBSE|            1229           0.267                               0.170E+003
 RTBSE|            1230           0.348                               0.170E+003
 RTBSE|            1231           0.330                               0.170E+003
 RTBSE|            1232           0.330                               0.170E+003
 RTBSE|            1233           0.310                               0.170E+003
 RTBSE|            1234           0.329                               0.170E+003
 RTBSE|            1235           0.298                               0.170E+003
 RTBSE|            1236           0.288                               0.170E+003
 RTBSE|            1237           0.294                               0.170E+003
 RTBSE|            1238           0.278                               0.170E+003
 RTBSE|            1239           0.284                               0.170E+003
 RTBSE|            1240           0.274                               0.170E+003
 RTBSE|            1241           0.262                               0.170E+003
 RTBSE|            1242           0.265                               0.170E+003
 RTBSE|            1243           0.265                               0.170E+003
 RTBSE|            1244           0.270                               0.170E+003
 RTBSE|            1245           0.258                               0.170E+003
 RTBSE|            1246           0.258                               0.170E+003
 RTBSE|            1247           0.264                               0.170E+003
 RTBSE|            1248           0.268                               0.170E+003
 RTBSE|            1249           0.277                               0.170E+003
 RTBSE|            1250           0.272                               0.170E+003
 RTBSE|            1251           0.290                               0.170E+003
 RTBSE|            1252           0.309                               0.170E+003
 RTBSE|            1253           0.310                               0.170E+003
 RTBSE|            1254           0.342                               0.170E+003
 RTBSE|            1255           0.301                               0.170E+003
 RTBSE|            1256           0.289                               0.170E+003
 RTBSE|            1257           0.300                               0.170E+003
 RTBSE|            1258           0.274                               0.170E+003
 RTBSE|            1259           0.302                               0.170E+003
 RTBSE|            1260           0.273                               0.170E+003
 RTBSE|            1261           0.261                               0.170E+003
 RTBSE|            1262           0.265                               0.170E+003
 RTBSE|            1263           0.265                               0.170E+003
 RTBSE|            1264           0.262                               0.170E+003
 RTBSE|            1265           0.246                               0.170E+003
 RTBSE|            1266           0.246                               0.170E+003
 RTBSE|            1267           0.250                               0.170E+003
 RTBSE|            1268           0.253                               0.170E+003
 RTBSE|            1269           0.249                               0.170E+003
 RTBSE|            1270           0.252                               0.170E+003
 RTBSE|            1271           0.250                               0.170E+003
 RTBSE|            1272           0.251                               0.170E+003
 RTBSE|            1273           0.253                               0.170E+003
 RTBSE|            1274           0.252                               0.170E+003
 RTBSE|            1275           0.258                               0.170E+003
 RTBSE|            1276           0.435                               0.170E+003
 RTBSE|            1277           0.270                               0.170E+003
 RTBSE|            1278           0.292                               0.170E+003
 RTBSE|            1279           0.340                               0.170E+003
 RTBSE|            1280           0.451                               0.170E+003
 RTBSE|            1281           0.478                               0.170E+003
 RTBSE|            1282           0.442                               0.170E+003
 RTBSE|            1283           0.310                               0.170E+003
 RTBSE|            1284           0.328                               0.170E+003
 RTBSE|            1285           0.301                               0.170E+003
 RTBSE|            1286           0.293                               0.170E+003
 RTBSE|            1287           0.303                               0.170E+003
 RTBSE|            1288           0.254                               0.170E+003
 RTBSE|            1289           0.252                               0.170E+003
 RTBSE|            1290           0.267                               0.170E+003
 RTBSE|            1291           0.260                               0.170E+003
 RTBSE|            1292           0.261                               0.170E+003
 RTBSE|            1293           0.253                               0.170E+003
 RTBSE|            1294           0.254                               0.170E+003
 RTBSE|            1295           0.264                               0.170E+003
 RTBSE|            1296           0.265                               0.170E+003
 RTBSE|            1297           0.269                               0.170E+003
 RTBSE|            1298           0.364                               0.170E+003
 RTBSE|            1299           0.412                               0.170E+003
 RTBSE|            1300           0.442                               0.170E+003
 RTBSE|            1301           0.548                               0.170E+003
 RTBSE|            1302           0.314                               0.170E+003
 RTBSE|            1303           0.464                               0.170E+003
 RTBSE|            1304           0.404                               0.170E+003
 RTBSE|            1305           0.340                               0.170E+003
 RTBSE|            1306           0.301                               0.170E+003
 RTBSE|            1307           0.260                               0.170E+003
 RTBSE|            1308           0.258                               0.170E+003
 RTBSE|            1309           0.256                               0.170E+003
 RTBSE|            1310           0.258                               0.170E+003
 RTBSE|            1311           0.283                               0.170E+003
 RTBSE|            1312           0.251                               0.170E+003
 RTBSE|            1313           0.258                               0.170E+003
 RTBSE|            1314           0.298                               0.170E+003
 RTBSE|            1315           0.307                               0.170E+003
 RTBSE|            1316           0.278                               0.170E+003
 RTBSE|            1317           0.250                               0.170E+003
 RTBSE|            1318           0.246                               0.170E+003
 RTBSE|            1319           0.256                               0.170E+003
 RTBSE|            1320           0.259                               0.170E+003
 RTBSE|            1321           0.267                               0.170E+003
 RTBSE|            1322           0.281                               0.170E+003
 RTBSE|            1323           0.304                               0.170E+003
 RTBSE|            1324           0.285                               0.170E+003
 RTBSE|            1325           0.310                               0.170E+003
 RTBSE|            1326           0.309                               0.170E+003
 RTBSE|            1327           0.298                               0.170E+003
 RTBSE|            1328           0.315                               0.170E+003
 RTBSE|            1329           0.279                               0.170E+003
 RTBSE|            1330           0.306                               0.170E+003
 RTBSE|            1331           0.282                               0.170E+003
 RTBSE|            1332           0.277                               0.170E+003
 RTBSE|            1333           0.280                               0.170E+003
 RTBSE|            1334           0.271                               0.170E+003
 RTBSE|            1335           0.263                               0.170E+003
 RTBSE|            1336           0.269                               0.170E+003
 RTBSE|            1337           0.266                               0.170E+003
 RTBSE|            1338           0.262                               0.170E+003
 RTBSE|            1339           0.247                               0.170E+003
 RTBSE|            1340           0.260                               0.170E+003
 RTBSE|            1341           0.266                               0.170E+003
 RTBSE|            1342           0.271                               0.170E+003
 RTBSE|            1343           0.284                               0.170E+003
 RTBSE|            1344           0.283                               0.170E+003
 RTBSE|            1345           0.299                               0.170E+003
 RTBSE|            1346           0.316                               0.170E+003
 RTBSE|            1347           0.316                               0.170E+003
 RTBSE|            1348           0.331                               0.170E+003
 RTBSE|            1349           0.272                               0.170E+003
 RTBSE|            1350           0.286                               0.170E+003
 RTBSE|            1351           0.277                               0.170E+003
 RTBSE|            1352           0.277                               0.170E+003
 RTBSE|            1353           0.277                               0.170E+003
 RTBSE|            1354           0.272                               0.170E+003
 RTBSE|            1355           0.263                               0.170E+003
 RTBSE|            1356           0.266                               0.170E+003
 RTBSE|            1357           0.268                               0.170E+003
 RTBSE|            1358           0.277                               0.170E+003
 RTBSE|            1359           0.250                               0.170E+003
 RTBSE|            1360           0.245                               0.170E+003
 RTBSE|            1361           0.244                               0.170E+003
 RTBSE|            1362           0.248                               0.170E+003
 RTBSE|            1363           0.252                               0.170E+003
 RTBSE|            1364           0.251                               0.170E+003
 RTBSE|            1365           0.247                               0.170E+003
 RTBSE|            1366           0.248                               0.170E+003
 RTBSE|            1367           0.246                               0.170E+003
 RTBSE|            1368           0.245                               0.170E+003
 RTBSE|            1369           0.255                               0.170E+003
 RTBSE|            1370           0.271                               0.170E+003
 RTBSE|            1371           0.272                               0.170E+003
 RTBSE|            1372           0.272                               0.170E+003
 RTBSE|            1373           0.358                               0.170E+003
 RTBSE|            1374           0.424                               0.170E+003
 RTBSE|            1375           0.453                               0.170E+003
 RTBSE|            1376           0.592                               0.170E+003
 RTBSE|            1377           0.320                               0.170E+003
 RTBSE|            1378           0.325                               0.170E+003
 RTBSE|            1379           0.371                               0.170E+003
 RTBSE|            1380           0.343                               0.170E+003
 RTBSE|            1381           0.288                               0.170E+003
 RTBSE|            1382           0.312                               0.170E+003
 RTBSE|            1383           0.302                               0.170E+003
 RTBSE|            1384           0.255                               0.170E+003
 RTBSE|            1385           0.269                               0.170E+003
 RTBSE|            1386           0.343                               0.170E+003
 RTBSE|            1387           0.300                               0.170E+003
 RTBSE|            1388           0.266                               0.170E+003
 RTBSE|            1389           0.369                               0.170E+003
 RTBSE|            1390           0.397                               0.170E+003
 RTBSE|            1391           0.478                               0.170E+003
 RTBSE|            1392           0.464                               0.170E+003
 RTBSE|            1393           0.596                               0.170E+003
 RTBSE|            1394           0.342                               0.170E+003
 RTBSE|            1395           0.330                               0.170E+003
 RTBSE|            1396           0.370                               0.170E+003
 RTBSE|            1397           0.318                               0.170E+003
 RTBSE|            1398           0.272                               0.170E+003
 RTBSE|            1399           0.269                               0.170E+003
 RTBSE|            1400           0.261                               0.170E+003
 RTBSE|            1401           0.328                               0.170E+003
 RTBSE|            1402           0.283                               0.170E+003
 RTBSE|            1403           0.318                               0.170E+003
 RTBSE|            1404           0.250                               0.170E+003
 RTBSE|            1405           0.245                               0.170E+003
 RTBSE|            1406           0.480                               0.170E+003
 RTBSE|            1407           0.250                               0.170E+003
 RTBSE|            1408           0.254                               0.170E+003
 RTBSE|            1409           0.266                               0.170E+003
 RTBSE|            1410           0.270                               0.170E+003
 RTBSE|            1411           0.267                               0.170E+003
 RTBSE|            1412           0.266                               0.170E+003
 RTBSE|            1413           0.466                               0.170E+003
 RTBSE|            1414           0.294                               0.170E+003
 RTBSE|            1415           0.315                               0.170E+003
 RTBSE|            1416           0.322                               0.170E+003
 RTBSE|            1417           0.342                               0.170E+003
 RTBSE|            1418           0.288                               0.170E+003
 RTBSE|            1419           0.291                               0.170E+003
 RTBSE|            1420           0.295                               0.170E+003
 RTBSE|            1421           0.301                               0.170E+003
 RTBSE|            1422           0.278                               0.170E+003
 RTBSE|            1423           0.269                               0.170E+003
 RTBSE|            1424           0.269                               0.170E+003
 RTBSE|            1425           0.268                               0.170E+003
 RTBSE|            1426           0.272                               0.170E+003
 RTBSE|            1427           0.264                               0.170E+003
 RTBSE|            1428           0.246                               0.170E+003
 RTBSE|            1429           0.257                               0.170E+003
 RTBSE|            1430           0.262                               0.170E+003
 RTBSE|            1431           0.265                               0.170E+003
 RTBSE|            1432           0.284                               0.170E+003
 RTBSE|            1433           0.277                               0.170E+003
 RTBSE|            1434           0.304                               0.170E+003
 RTBSE|            1435           0.303                               0.170E+003
 RTBSE|            1436           0.313                               0.170E+003
 RTBSE|            1437           0.350                               0.170E+003
 RTBSE|            1438           0.294                               0.170E+003
 RTBSE|            1439           0.273                               0.170E+003
 RTBSE|            1440           0.290                               0.170E+003
 RTBSE|            1441           0.280                               0.170E+003
 RTBSE|            1442           0.296                               0.170E+003
 RTBSE|            1443           0.280                               0.170E+003
 RTBSE|            1444           0.274                               0.170E+003
 RTBSE|            1445           0.266                               0.170E+003
 RTBSE|            1446           0.266                               0.170E+003
 RTBSE|            1447           0.261                               0.170E+003
 RTBSE|            1448           0.249                               0.170E+003
 RTBSE|            1449           0.249                               0.170E+003
 RTBSE|            1450           0.245                               0.170E+003
 RTBSE|            1451           0.251                               0.170E+003
 RTBSE|            1452           0.250                               0.170E+003
 RTBSE|            1453           0.244                               0.170E+003
 RTBSE|            1454           0.254                               0.170E+003
 RTBSE|            1455           0.255                               0.170E+003
 RTBSE|            1456           0.262                               0.170E+003
 RTBSE|            1457           0.249                               0.170E+003
 RTBSE|            1458           0.250                               0.170E+003
 RTBSE|            1459           0.254                               0.170E+003
 RTBSE|            1460           0.274                               0.170E+003
 RTBSE|            1461           0.296                               0.170E+003
 RTBSE|            1462           0.334                               0.170E+003
 RTBSE|            1463           0.360                               0.170E+003
 RTBSE|            1464           0.442                               0.170E+003
 RTBSE|            1465           0.500                               0.170E+003
 RTBSE|            1466           0.415                               0.170E+003
 RTBSE|            1467           0.319                               0.170E+003
 RTBSE|            1468           0.316                               0.170E+003
 RTBSE|            1469           0.306                               0.170E+003
 RTBSE|            1470           0.311                               0.170E+003
 RTBSE|            1471           0.288                               0.170E+003
 RTBSE|            1472           0.440                               0.170E+003
 RTBSE|            1473           0.260                               0.170E+003
 RTBSE|            1474           0.260                               0.170E+003
 RTBSE|            1475           0.256                               0.170E+003
 RTBSE|            1476           0.257                               0.170E+003
 RTBSE|            1477           0.271                               0.170E+003
 RTBSE|            1478           0.269                               0.170E+003
 RTBSE|            1479           0.266                               0.170E+003
 RTBSE|            1480           0.293                               0.170E+003
 RTBSE|            1481           0.346                               0.170E+003
 RTBSE|            1482           0.451                               0.170E+003
 RTBSE|            1483           0.496                               0.170E+003
 RTBSE|            1484           0.544                               0.170E+003
 RTBSE|            1485           0.335                               0.170E+003
 RTBSE|            1486           0.325                               0.170E+003
 RTBSE|            1487           0.290                               0.170E+003
 RTBSE|            1488           0.300                               0.170E+003
 RTBSE|            1489           0.289                               0.170E+003
 RTBSE|            1490           0.256                               0.170E+003
 RTBSE|            1491           0.249                               0.170E+003
 RTBSE|            1492           0.257                               0.170E+003
 RTBSE|            1493           0.251                               0.170E+003
 RTBSE|            1494           0.253                               0.170E+003
 RTBSE|            1495           0.261                               0.170E+003
 RTBSE|            1496           0.253                               0.170E+003
 RTBSE|            1497           0.256                               0.170E+003
 RTBSE|            1498           0.251                               0.170E+003
 RTBSE|            1499           0.250                               0.170E+003
 RTBSE|            1500           0.255                               0.170E+003
 RTBSE|            1501           0.256                               0.170E+003
 RTBSE|            1502           0.412                               0.170E+003
 RTBSE|            1503           0.301                               0.170E+003
 RTBSE|            1504           0.265                               0.170E+003
 RTBSE|            1505           0.279                               0.170E+003
 RTBSE|            1506           0.391                               0.170E+003
 RTBSE|            1507           0.338                               0.170E+003
 RTBSE|            1508           0.325                               0.170E+003
 RTBSE|            1509           0.371                               0.170E+003
 RTBSE|            1510           0.301                               0.170E+003
 RTBSE|            1511           0.273                               0.170E+003
 RTBSE|            1512           0.333                               0.170E+003
 RTBSE|            1513           0.285                               0.170E+003
 RTBSE|            1514           0.270                               0.170E+003
 RTBSE|            1515           0.278                               0.170E+003
 RTBSE|            1516           0.273                               0.170E+003
 RTBSE|            1517           0.268                               0.170E+003
 RTBSE|            1518           0.261                               0.170E+003
 RTBSE|            1519           0.268                               0.170E+003
 RTBSE|            1520           0.271                               0.170E+003
 RTBSE|            1521           0.262                               0.170E+003
 RTBSE|            1522           0.264                               0.170E+003
 RTBSE|            1523           0.275                               0.170E+003
 RTBSE|            1524           0.268                               0.170E+003
 RTBSE|            1525           0.271                               0.170E+003
 RTBSE|            1526           0.281                               0.170E+003
 RTBSE|            1527           0.296                               0.170E+003
 RTBSE|            1528           0.298                               0.170E+003
 RTBSE|            1529           0.312                               0.170E+003
 RTBSE|            1530           0.332                               0.170E+003
 RTBSE|            1531           0.315                               0.170E+003
 RTBSE|            1532           0.278                               0.170E+003
 RTBSE|            1533           0.290                               0.170E+003
 RTBSE|            1534           0.270                               0.170E+003
 RTBSE|            1535           0.275                               0.170E+003
 RTBSE|            1536           0.290                               0.170E+003
 RTBSE|            1537           0.265                               0.170E+003
 RTBSE|            1538           0.273                               0.170E+003
 RTBSE|            1539           0.285                               0.170E+003
 RTBSE|            1540           0.267                               0.170E+003
 RTBSE|            1541           0.248                               0.170E+003
 RTBSE|            1542           0.260                               0.170E+003
 RTBSE|            1543           0.306                               0.170E+003
 RTBSE|            1544           0.266                               0.170E+003
 RTBSE|            1545           0.256                               0.170E+003
 RTBSE|            1546           0.252                               0.170E+003
 RTBSE|            1547           0.297                               0.170E+003
 RTBSE|            1548           0.270                               0.170E+003
 RTBSE|            1549           0.250                               0.170E+003
 RTBSE|            1550           0.248                               0.170E+003
 RTBSE|            1551           0.290                               0.170E+003
 RTBSE|            1552           0.334                               0.170E+003
 RTBSE|            1553           0.264                               0.170E+003
 RTBSE|            1554           0.322                               0.170E+003
 RTBSE|            1555           0.471                               0.170E+003
 RTBSE|            1556           0.449                               0.170E+003
 RTBSE|            1557           0.677                               0.170E+003
 RTBSE|            1558           0.312                               0.170E+003
 RTBSE|            1559           0.352                               0.170E+003
 RTBSE|            1560           0.353                               0.170E+003
 RTBSE|            1561           0.369                               0.170E+003
 RTBSE|            1562           0.298                               0.170E+003
 RTBSE|            1563           0.304                               0.170E+003
 RTBSE|            1564           0.267                               0.170E+003
 RTBSE|            1565           0.259                               0.170E+003
 RTBSE|            1566           0.262                               0.170E+003
 RTBSE|            1567           0.249                               0.170E+003
 RTBSE|            1568           0.256                               0.170E+003
 RTBSE|            1569           0.272                               0.170E+003
 RTBSE|            1570           0.359                               0.170E+003
 RTBSE|            1571           0.285                               0.170E+003
 RTBSE|            1572           0.352                               0.170E+003
 RTBSE|            1573           0.477                               0.170E+003
 RTBSE|            1574           0.515                               0.170E+003
 RTBSE|            1575           0.583                               0.170E+003
 RTBSE|            1576           0.332                               0.170E+003
 RTBSE|            1577           0.303                               0.170E+003
 RTBSE|            1578           0.289                               0.170E+003
 RTBSE|            1579           0.323                               0.170E+003
 RTBSE|            1580           0.281                               0.170E+003
 RTBSE|            1581           0.263                               0.170E+003
 RTBSE|            1582           0.260                               0.170E+003
 RTBSE|            1583           0.267                               0.170E+003
 RTBSE|            1584           0.287                               0.170E+003
 RTBSE|            1585           0.259                               0.170E+003
 RTBSE|            1586           0.253                               0.170E+003
 RTBSE|            1587           0.253                               0.170E+003
 RTBSE|            1588           0.249                               0.170E+003
 RTBSE|            1589           0.254                               0.170E+003
 RTBSE|            1590           0.253                               0.170E+003
 RTBSE|            1591           0.259                               0.170E+003
 RTBSE|            1592           0.254                               0.170E+003
 RTBSE|            1593           0.259                               0.170E+003
 RTBSE|            1594           0.271                               0.170E+003
 RTBSE|            1595           0.270                               0.170E+003
 RTBSE|            1596           0.287                               0.170E+003
 RTBSE|            1597           0.289                               0.170E+003
 RTBSE|            1598           0.287                               0.170E+003
 RTBSE|            1599           0.302                               0.170E+003
 RTBSE|            1600           0.356                               0.170E+003
 RTBSE|            1601           0.429                               0.170E+003
 RTBSE|            1602           0.279                               0.170E+003
 RTBSE|            1603           0.424                               0.170E+003
 RTBSE|            1604           0.306                               0.170E+003
 RTBSE|            1605           0.273                               0.170E+003
 RTBSE|            1606           0.289                               0.170E+003
 RTBSE|            1607           0.278                               0.170E+003
 RTBSE|            1608           0.269                               0.170E+003
 RTBSE|            1609           0.267                               0.170E+003
 RTBSE|            1610           0.271                               0.170E+003
 RTBSE|            1611           0.454                               0.170E+003
 RTBSE|            1612           0.353                               0.170E+003
 RTBSE|            1613           0.267                               0.170E+003
 RTBSE|            1614           0.273                               0.170E+003
 RTBSE|            1615           0.280                               0.170E+003
 RTBSE|            1616           0.299                               0.170E+003
 RTBSE|            1617           0.318                               0.170E+003
 RTBSE|            1618           0.342                               0.170E+003
 RTBSE|            1619           0.335                               0.170E+003
 RTBSE|            1620           0.269                               0.170E+003
 RTBSE|            1621           0.277                               0.170E+003
 RTBSE|            1622           0.278                               0.170E+003
 RTBSE|            1623           0.281                               0.170E+003
 RTBSE|            1624           0.278                               0.170E+003
 RTBSE|            1625           0.275                               0.170E+003
 RTBSE|            1626           0.267                               0.170E+003
 RTBSE|            1627           0.267                               0.170E+003
 RTBSE|            1628           0.271                               0.170E+003
 RTBSE|            1629           0.263                               0.170E+003
 RTBSE|            1630           0.253                               0.170E+003
 RTBSE|            1631           0.251                               0.170E+003
 RTBSE|            1632           0.246                               0.170E+003
 RTBSE|            1633           0.249                               0.170E+003
 RTBSE|            1634           0.256                               0.170E+003
 RTBSE|            1635           0.249                               0.170E+003
 RTBSE|            1636           0.247                               0.170E+003
 RTBSE|            1637           0.244                               0.170E+003
 RTBSE|            1638           0.250                               0.170E+003
 RTBSE|            1639           0.255                               0.170E+003
 RTBSE|            1640           0.249                               0.170E+003
 RTBSE|            1641           0.255                               0.170E+003
 RTBSE|            1642           0.276                               0.170E+003
 RTBSE|            1643           0.267                               0.170E+003
 RTBSE|            1644           0.300                               0.170E+003
 RTBSE|            1645           0.367                               0.170E+003
 RTBSE|            1646           0.453                               0.170E+003
 RTBSE|            1647           0.466                               0.170E+003
 RTBSE|            1648           0.509                               0.170E+003
 RTBSE|            1649           0.319                               0.170E+003
 RTBSE|            1650           0.329                               0.170E+003
 RTBSE|            1651           0.311                               0.170E+003
 RTBSE|            1652           0.334                               0.170E+003
 RTBSE|            1653           0.292                               0.170E+003
 RTBSE|            1654           0.261                               0.170E+003
 RTBSE|            1655           0.264                               0.170E+003
 RTBSE|            1656           0.260                               0.170E+003
 RTBSE|            1657           0.263                               0.170E+003
 RTBSE|            1658           0.260                               0.170E+003
 RTBSE|            1659           0.256                               0.170E+003
 RTBSE|            1660           0.266                               0.170E+003
 RTBSE|            1661           0.274                               0.170E+003
 RTBSE|            1662           0.279                               0.170E+003
 RTBSE|            1663           0.361                               0.170E+003
 RTBSE|            1664           0.410                               0.170E+003
 RTBSE|            1665           0.467                               0.170E+003
 RTBSE|            1666           0.558                               0.170E+003
 RTBSE|            1667           0.476                               0.170E+003
 RTBSE|            1668           0.430                               0.170E+003
 RTBSE|            1669           0.301                               0.170E+003
 RTBSE|            1670           0.313                               0.170E+003
 RTBSE|            1671           0.297                               0.170E+003
 RTBSE|            1672           0.256                               0.170E+003
 RTBSE|            1673           0.256                               0.170E+003
 RTBSE|            1674           0.247                               0.170E+003
 RTBSE|            1675           0.253                               0.170E+003
 RTBSE|            1676           0.263                               0.170E+003
 RTBSE|            1677           0.250                               0.170E+003
 RTBSE|            1678           0.256                               0.170E+003
 RTBSE|            1679           0.250                               0.170E+003
 RTBSE|            1680           0.251                               0.170E+003
 RTBSE|            1681           0.250                               0.170E+003
 RTBSE|            1682           0.250                               0.170E+003
 RTBSE|            1683           0.254                               0.170E+003
 RTBSE|            1684           0.271                               0.170E+003
 RTBSE|            1685           0.263                               0.170E+003
 RTBSE|            1686           0.273                               0.170E+003
 RTBSE|            1687           0.273                               0.170E+003
 RTBSE|            1688           0.281                               0.170E+003
 RTBSE|            1689           0.295                               0.170E+003
 RTBSE|            1690           0.308                               0.170E+003
 RTBSE|            1691           0.307                               0.170E+003
 RTBSE|            1692           0.335                               0.170E+003
 RTBSE|            1693           0.317                               0.170E+003
 RTBSE|            1694           0.287                               0.170E+003
 RTBSE|            1695           0.283                               0.170E+003
 RTBSE|            1696           0.267                               0.170E+003
 RTBSE|            1697           0.278                               0.170E+003
 RTBSE|            1698           0.269                               0.170E+003
 RTBSE|            1699           0.430                               0.170E+003
 RTBSE|            1700           0.307                               0.170E+003
 RTBSE|            1701           0.266                               0.170E+003
 RTBSE|            1702           0.265                               0.170E+003
 RTBSE|            1703           0.319                               0.170E+003
 RTBSE|            1704           0.275                               0.170E+003
 RTBSE|            1705           0.267                               0.170E+003
 RTBSE|            1706           0.343                               0.170E+003
 RTBSE|            1707           0.280                               0.170E+003
 RTBSE|            1708           0.302                               0.170E+003
 RTBSE|            1709           0.337                               0.170E+003
 RTBSE|            1710           0.365                               0.170E+003
 RTBSE|            1711           0.321                               0.170E+003
 RTBSE|            1712           0.388                               0.170E+003
 RTBSE|            1713           0.296                               0.170E+003
 RTBSE|            1714           0.282                               0.170E+003
 RTBSE|            1715           0.360                               0.170E+003
 RTBSE|            1716           0.292                               0.170E+003
 RTBSE|            1717           0.278                               0.170E+003
 RTBSE|            1718           0.359                               0.170E+003
 RTBSE|            1719           0.272                               0.170E+003
 RTBSE|            1720           0.262                               0.170E+003
 RTBSE|            1721           0.249                               0.170E+003
 RTBSE|            1722           0.343                               0.170E+003
 RTBSE|            1723           0.275                               0.170E+003
 RTBSE|            1724           0.247                               0.170E+003
 RTBSE|            1725           0.258                               0.170E+003
 RTBSE|            1726           0.306                               0.170E+003
 RTBSE|            1727           0.256                               0.170E+003
 RTBSE|            1728           0.254                               0.170E+003
 RTBSE|            1729           0.304                               0.170E+003
 RTBSE|            1730           0.254                               0.170E+003
 RTBSE|            1731           0.257                               0.170E+003
 RTBSE|            1732           0.280                               0.170E+003
 RTBSE|            1733           0.384                               0.170E+003
 RTBSE|            1734           0.311                               0.170E+003
 RTBSE|            1735           0.394                               0.170E+003
 RTBSE|            1736           0.456                               0.170E+003
 RTBSE|            1737           0.442                               0.170E+003
 RTBSE|            1738           0.430                               0.170E+003
 RTBSE|            1739           0.335                               0.170E+003
 RTBSE|            1740           0.342                               0.170E+003
 RTBSE|            1741           0.371                               0.170E+003
 RTBSE|            1742           0.315                               0.170E+003
 RTBSE|            1743           0.289                               0.170E+003
 RTBSE|            1744           0.264                               0.170E+003
 RTBSE|            1745           0.263                               0.170E+003
 RTBSE|            1746           0.262                               0.170E+003
 RTBSE|            1747           0.256                               0.170E+003
 RTBSE|            1748           0.272                               0.170E+003
 RTBSE|            1749           0.268                               0.170E+003
 RTBSE|            1750           0.270                               0.170E+003
 RTBSE|            1751           0.269                               0.170E+003
 RTBSE|            1752           0.271                               0.170E+003
 RTBSE|            1753           0.366                               0.170E+003
 RTBSE|            1754           0.416                               0.170E+003
 RTBSE|            1755           0.450                               0.170E+003
 RTBSE|            1756           0.571                               0.170E+003
 RTBSE|            1757           0.335                               0.170E+003
 RTBSE|            1758           0.319                               0.170E+003
 RTBSE|            1759           0.307                               0.170E+003
 RTBSE|            1760           0.296                               0.170E+003
 RTBSE|            1761           0.319                               0.170E+003
 RTBSE|            1762           0.266                               0.170E+003
 RTBSE|            1763           0.261                               0.170E+003
 RTBSE|            1764           0.290                               0.170E+003
 RTBSE|            1765           0.260                               0.170E+003
 RTBSE|            1766           0.255                               0.170E+003
 RTBSE|            1767           0.255                               0.170E+003
 RTBSE|            1768           0.254                               0.170E+003
 RTBSE|            1769           0.269                               0.170E+003
 RTBSE|            1770           0.279                               0.170E+003
 RTBSE|            1771           0.255                               0.170E+003
 RTBSE|            1772           0.255                               0.170E+003
 RTBSE|            1773           0.252                               0.170E+003
 RTBSE|            1774           0.254                               0.170E+003
 RTBSE|            1775           0.268                               0.170E+003
 RTBSE|            1776           0.270                               0.170E+003
 RTBSE|            1777           0.265                               0.170E+003
 RTBSE|            1778           0.288                               0.170E+003
 RTBSE|            1779           0.292                               0.170E+003
 RTBSE|            1780           0.296                               0.170E+003
 RTBSE|            1781           0.344                               0.170E+003
 RTBSE|            1782           0.326                               0.170E+003
 RTBSE|            1783           0.335                               0.170E+003
 RTBSE|            1784           0.283                               0.170E+003
 RTBSE|            1785           0.282                               0.170E+003
 RTBSE|            1786           0.273                               0.170E+003
 RTBSE|            1787           0.271                               0.170E+003
 RTBSE|            1788           0.283                               0.170E+003
 RTBSE|            1789           0.269                               0.170E+003
 RTBSE|            1790           0.265                               0.170E+003
 RTBSE|            1791           0.267                               0.170E+003
 RTBSE|            1792           0.272                               0.170E+003
 RTBSE|            1793           0.257                               0.170E+003
 RTBSE|            1794           0.255                               0.170E+003
 RTBSE|            1795           0.263                               0.170E+003
 RTBSE|            1796           0.274                               0.170E+003
 RTBSE|            1797           0.314                               0.170E+003
 RTBSE|            1798           0.293                               0.170E+003
 RTBSE|            1799           0.291                               0.170E+003
 RTBSE|            1800           0.303                               0.170E+003
 RTBSE|            1801           0.538                               0.170E+003
 RTBSE|            1802           0.435                               0.170E+003
 RTBSE|            1803           0.300                               0.170E+003
 RTBSE|            1804           0.297                               0.170E+003
 RTBSE|            1805           0.275                               0.170E+003
 RTBSE|            1806           0.286                               0.170E+003
 RTBSE|            1807           0.480                               0.170E+003
 RTBSE|            1808           0.270                               0.170E+003
 RTBSE|            1809           0.266                               0.170E+003
 RTBSE|            1810           0.263                               0.170E+003
 RTBSE|            1811           0.254                               0.170E+003
 RTBSE|            1812           0.258                               0.170E+003
 RTBSE|            1813           0.257                               0.170E+003
 RTBSE|            1814           0.271                               0.170E+003
 RTBSE|            1815           0.290                               0.170E+003
 RTBSE|            1816           0.253                               0.170E+003
 RTBSE|            1817           0.261                               0.170E+003
 RTBSE|            1818           0.253                               0.170E+003
 RTBSE|            1819           0.259                               0.170E+003
 RTBSE|            1820           0.253                               0.170E+003
 RTBSE|            1821           0.257                               0.170E+003
 RTBSE|            1822           0.271                               0.170E+003
 RTBSE|            1823           0.279                               0.170E+003
 RTBSE|            1824           0.273                               0.170E+003
 RTBSE|            1825           0.360                               0.170E+003
 RTBSE|            1826           0.412                               0.170E+003
 RTBSE|            1827           0.440                               0.170E+003
 RTBSE|            1828           0.564                               0.170E+003
 RTBSE|            1829           0.292                               0.170E+003
 RTBSE|            1830           0.336                               0.170E+003
 RTBSE|            1831           0.300                               0.170E+003
 RTBSE|            1832           0.296                               0.170E+003
 RTBSE|            1833           0.315                               0.170E+003
 RTBSE|            1834           0.280                               0.170E+003
 RTBSE|            1835           0.278                               0.170E+003
 RTBSE|            1836           0.275                               0.170E+003
 RTBSE|            1837           0.263                               0.170E+003
 RTBSE|            1838           0.255                               0.170E+003
 RTBSE|            1839           0.253                               0.170E+003
 RTBSE|            1840           0.259                               0.170E+003
 RTBSE|            1841           0.273                               0.170E+003
 RTBSE|            1842           0.273                               0.170E+003
 RTBSE|            1843           0.290                               0.170E+003
 RTBSE|            1844           0.383                               0.170E+003
 RTBSE|            1845           0.438                               0.170E+003
 RTBSE|            1846           0.496                               0.170E+003
 RTBSE|            1847           0.525                               0.170E+003
 RTBSE|            1848           0.343                               0.170E+003
 RTBSE|            1849           0.316                               0.170E+003
 RTBSE|            1850           0.305                               0.170E+003
 RTBSE|            1851           0.304                               0.170E+003
 RTBSE|            1852           0.298                               0.170E+003
 RTBSE|            1853           0.262                               0.170E+003
 RTBSE|            1854           0.269                               0.170E+003
 RTBSE|            1855           0.257                               0.170E+003
 RTBSE|            1856           0.263                               0.170E+003
 RTBSE|            1857           0.251                               0.170E+003
 RTBSE|            1858           0.253                               0.170E+003
 RTBSE|            1859           0.257                               0.170E+003
 RTBSE|            1860           0.279                               0.170E+003
 RTBSE|            1861           0.257                               0.170E+003
 RTBSE|            1862           0.254                               0.170E+003
 RTBSE|            1863           0.258                               0.170E+003
 RTBSE|            1864           0.491                               0.170E+003
 RTBSE|            1865           0.276                               0.170E+003
 RTBSE|            1866           0.267                               0.170E+003
 RTBSE|            1867           0.325                               0.170E+003
 RTBSE|            1868           0.316                               0.170E+003
 RTBSE|            1869           0.300                               0.170E+003
 RTBSE|            1870           0.350                               0.170E+003
 RTBSE|            1871           0.358                               0.170E+003
 RTBSE|            1872           0.344                               0.170E+003
 RTBSE|            1873           0.345                               0.170E+003
 RTBSE|            1874           0.283                               0.170E+003
 RTBSE|            1875           0.326                               0.170E+003
 RTBSE|            1876           0.323                               0.170E+003
 RTBSE|            1877           0.281                               0.170E+003
 RTBSE|            1878           0.315                               0.170E+003
 RTBSE|            1879           0.276                               0.170E+003
 RTBSE|            1880           0.318                               0.170E+003
 RTBSE|            1881           0.282                               0.170E+003
 RTBSE|            1882           0.252                               0.170E+003
 RTBSE|            1883           0.342                               0.170E+003
 RTBSE|            1884           0.268                               0.170E+003
 RTBSE|            1885           0.320                               0.170E+003
 RTBSE|            1886           0.290                               0.170E+003
 RTBSE|            1887           0.287                               0.170E+003
 RTBSE|            1888           0.354                               0.170E+003
 RTBSE|            1889           0.324                               0.170E+003
 RTBSE|            1890           0.336                               0.170E+003
 RTBSE|            1891           0.394                               0.170E+003
 RTBSE|            1892           0.352                               0.170E+003
 RTBSE|            1893           0.537                               0.170E+003
 RTBSE|            1894           0.321                               0.170E+003
 RTBSE|            1895           0.295                               0.170E+003
 RTBSE|            1896           0.270                               0.170E+003
 RTBSE|            1897           0.274                               0.170E+003
 RTBSE|            1898           0.283                               0.170E+003
 RTBSE|            1899           0.346                               0.170E+003
 RTBSE|            1900           0.322                               0.170E+003
 RTBSE|            1901           0.287                               0.170E+003
 RTBSE|            1902           0.253                               0.170E+003
 RTBSE|            1903           0.322                               0.170E+003
 RTBSE|            1904           0.264                               0.170E+003
 RTBSE|            1905           0.248                               0.170E+003
 RTBSE|            1906           0.249                               0.170E+003
 RTBSE|            1907           0.248                               0.170E+003
 RTBSE|            1908           0.249                               0.170E+003
 RTBSE|            1909           0.261                               0.170E+003
 RTBSE|            1910           0.276                               0.170E+003
 RTBSE|            1911           0.280                               0.170E+003
 RTBSE|            1912           0.342                               0.170E+003
 RTBSE|            1913           0.394                               0.170E+003
 RTBSE|            1914           0.404                               0.170E+003
 RTBSE|            1915           0.403                               0.170E+003
 RTBSE|            1916           0.544                               0.170E+003
 RTBSE|            1917           0.311                               0.170E+003
 RTBSE|            1918           0.316                               0.170E+003
 RTBSE|            1919           0.303                               0.170E+003
 RTBSE|            1920           0.292                               0.170E+003
 RTBSE|            1921           0.306                               0.170E+003
 RTBSE|            1922           0.270                               0.170E+003
 RTBSE|            1923           0.257                               0.170E+003
 RTBSE|            1924           0.254                               0.170E+003
 RTBSE|            1925           0.247                               0.170E+003
 RTBSE|            1926           0.255                               0.170E+003
 RTBSE|            1927           0.254                               0.170E+003
 RTBSE|            1928           0.256                               0.170E+003
 RTBSE|            1929           0.266                               0.170E+003
 RTBSE|            1930           0.263                               0.170E+003
 RTBSE|            1931           0.285                               0.170E+003
 RTBSE|            1932           0.383                               0.170E+003
 RTBSE|            1933           0.416                               0.170E+003
 RTBSE|            1934           0.464                               0.170E+003
 RTBSE|            1935           0.592                               0.170E+003
 RTBSE|            1936           0.314                               0.170E+003
 RTBSE|            1937           0.318                               0.170E+003
 RTBSE|            1938           0.305                               0.170E+003
 RTBSE|            1939           0.305                               0.170E+003
 RTBSE|            1940           0.316                               0.170E+003
 RTBSE|            1941           0.264                               0.170E+003
 RTBSE|            1942           0.262                               0.170E+003
 RTBSE|            1943           0.256                               0.170E+003
 RTBSE|            1944           0.252                               0.170E+003
 RTBSE|            1945           0.249                               0.170E+003
 RTBSE|            1946           0.247                               0.170E+003
 RTBSE|            1947           0.245                               0.170E+003
 RTBSE|            1948           0.251                               0.170E+003
 RTBSE|            1949           0.254                               0.170E+003
 RTBSE|            1950           0.259                               0.170E+003
 RTBSE|            1951           0.244                               0.170E+003
 RTBSE|            1952           0.254                               0.170E+003
 RTBSE|            1953           0.261                               0.170E+003
 RTBSE|            1954           0.259                               0.170E+003
 RTBSE|            1955           0.263                               0.170E+003
 RTBSE|            1956           0.275                               0.170E+003
 RTBSE|            1957           0.287                               0.170E+003
 RTBSE|            1958           0.298                               0.170E+003
 RTBSE|            1959           0.303                               0.170E+003
 RTBSE|            1960           0.348                               0.170E+003
 RTBSE|            1961           0.414                               0.170E+003
 RTBSE|            1962           0.307                               0.170E+003
 RTBSE|            1963           0.288                               0.170E+003
 RTBSE|            1964           0.314                               0.170E+003
 RTBSE|            1965           0.309                               0.170E+003
 RTBSE|            1966           0.281                               0.170E+003
 RTBSE|            1967           0.284                               0.170E+003
 RTBSE|            1968           0.268                               0.170E+003
 RTBSE|            1969           0.265                               0.170E+003
 RTBSE|            1970           0.264                               0.170E+003
 RTBSE|            1971           0.262                               0.170E+003
 RTBSE|            1972           0.248                               0.170E+003
 RTBSE|            1973           0.253                               0.170E+003
 RTBSE|            1974           0.269                               0.170E+003
 RTBSE|            1975           0.273                               0.170E+003
 RTBSE|            1976           0.318                               0.170E+003
 RTBSE|            1977           0.296                               0.170E+003
 RTBSE|            1978           0.300                               0.170E+003
 RTBSE|            1979           0.305                               0.170E+003
 RTBSE|            1980           0.317                               0.170E+003
 RTBSE|            1981           0.345                               0.170E+003
 RTBSE|            1982           0.297                               0.170E+003
 RTBSE|            1983           0.297                               0.170E+003
 RTBSE|            1984           0.282                               0.170E+003
 RTBSE|            1985           0.289                               0.170E+003
 RTBSE|            1986           0.282                               0.170E+003
 RTBSE|            1987           0.270                               0.170E+003
 RTBSE|            1988           0.265                               0.170E+003
 RTBSE|            1989           0.267                               0.170E+003
 RTBSE|            1990           0.273                               0.170E+003
 RTBSE|            1991           0.262                               0.170E+003
 RTBSE|            1992           0.276                               0.170E+003
 RTBSE|            1993           0.254                               0.170E+003
 RTBSE|            1994           0.251                               0.170E+003
 RTBSE|            1995           0.252                               0.170E+003
 RTBSE|            1996           0.431                               0.170E+003
 RTBSE|            1997           0.258                               0.170E+003
 RTBSE|            1998           0.251                               0.170E+003
 RTBSE|            1999           0.266                               0.170E+003
 RTBSE|            2000           0.439                               0.170E+003
 RTBSE|            2001           0.274                               0.170E+003
 RTBSE|            2002           0.273                               0.170E+003
 RTBSE|            2003           0.270                               0.170E+003
 RTBSE|            2004           0.352                               0.170E+003
 RTBSE|            2005           0.416                               0.170E+003
 RTBSE|            2006           0.430                               0.170E+003
 RTBSE|            2007           0.599                               0.170E+003
 RTBSE|            2008           0.317                               0.170E+003
 RTBSE|            2009           0.359                               0.170E+003
 RTBSE|            2010           0.292                               0.170E+003
 RTBSE|            2011           0.290                               0.170E+003
 RTBSE|            2012           0.322                               0.170E+003
 RTBSE|            2013           0.270                               0.170E+003
 RTBSE|            2014           0.262                               0.170E+003
 RTBSE|            2015           0.251                               0.170E+003
 RTBSE|            2016           0.261                               0.170E+003
 RTBSE|            2017           0.254                               0.170E+003
 RTBSE|            2018           0.258                               0.170E+003
 RTBSE|            2019           0.248                               0.170E+003
 RTBSE|            2020           0.267                               0.170E+003
 RTBSE|            2021           0.270                               0.170E+003
 RTBSE|            2022           0.294                               0.170E+003
 RTBSE|            2023           0.344                               0.170E+003
 RTBSE|            2024           0.398                               0.170E+003
 RTBSE|            2025           0.483                               0.170E+003
 RTBSE|            2026           0.605                               0.170E+003
 RTBSE|            2027           0.373                               0.170E+003
 RTBSE|            2028           0.323                               0.170E+003
 RTBSE|            2029           0.307                               0.170E+003
 RTBSE|            2030           0.408                               0.170E+003
 RTBSE|            2031           0.285                               0.170E+003
 RTBSE|            2032           0.256                               0.170E+003
 RTBSE|            2033           0.327                               0.170E+003
 RTBSE|            2034           0.265                               0.170E+003
 RTBSE|            2035           0.258                               0.170E+003
 RTBSE|            2036           0.254                               0.170E+003
 RTBSE|            2037           0.317                               0.170E+003
 RTBSE|            2038           0.243                               0.170E+003
 RTBSE|            2039           0.256                               0.170E+003
 RTBSE|            2040           0.272                               0.170E+003
 RTBSE|            2041           0.275                               0.170E+003
 RTBSE|            2042           0.251                               0.170E+003
 RTBSE|            2043           0.255                               0.170E+003
 RTBSE|            2044           0.343                               0.170E+003
 RTBSE|            2045           0.268                               0.170E+003
 RTBSE|            2046           0.280                               0.170E+003
 RTBSE|            2047           0.292                               0.170E+003
 RTBSE|            2048           0.281                               0.170E+003
 RTBSE|            2049           0.323                               0.170E+003
 RTBSE|            2050           0.315                               0.170E+003
 RTBSE|            2051           0.433                               0.170E+003
 RTBSE|            2052           0.342                               0.170E+003
 RTBSE|            2053           0.283                               0.170E+003
 RTBSE|            2054           0.299                               0.170E+003
 RTBSE|            2055           0.325                               0.170E+003
 RTBSE|            2056           0.275                               0.170E+003
 RTBSE|            2057           0.281                               0.170E+003
 RTBSE|            2058           0.476                               0.170E+003
 RTBSE|            2059           0.275                               0.170E+003
 RTBSE|            2060           0.260                               0.170E+003
 RTBSE|            2061           0.277                               0.170E+003
 RTBSE|            2062           0.280                               0.170E+003
 RTBSE|            2063           0.278                               0.170E+003
 RTBSE|            2064           0.273                               0.170E+003
 RTBSE|            2065           0.292                               0.170E+003
 RTBSE|            2066           0.292                               0.170E+003
 RTBSE|            2067           0.309                               0.170E+003
 RTBSE|            2068           0.307                               0.170E+003
 RTBSE|            2069           0.322                               0.170E+003
 RTBSE|            2070           0.333                               0.170E+003
 RTBSE|            2071           0.293                               0.170E+003
 RTBSE|            2072           0.376                               0.170E+003
 RTBSE|            2073           0.298                               0.170E+003
 RTBSE|            2074           0.272                               0.170E+003
 RTBSE|            2075           0.284                               0.170E+003
 RTBSE|            2076           0.276                               0.170E+003
 RTBSE|            2077           0.262                               0.170E+003
 RTBSE|            2078           0.278                               0.170E+003
 RTBSE|            2079           0.266                               0.170E+003
 RTBSE|            2080           0.253                               0.170E+003
 RTBSE|            2081           0.249                               0.170E+003
 RTBSE|            2082           0.252                               0.170E+003
 RTBSE|            2083           0.252                               0.170E+003
 RTBSE|            2084           0.253                               0.170E+003
 RTBSE|            2085           0.255                               0.170E+003
 RTBSE|            2086           0.252                               0.170E+003
 RTBSE|            2087           0.254                               0.170E+003
 RTBSE|            2088           0.264                               0.170E+003
 RTBSE|            2089           0.263                               0.170E+003
 RTBSE|            2090           0.446                               0.170E+003
 RTBSE|            2091           0.272                               0.170E+003
 RTBSE|            2092           0.273                               0.170E+003
 RTBSE|            2093           0.414                               0.170E+003
 RTBSE|            2094           0.442                               0.170E+003
 RTBSE|            2095           0.486                               0.170E+003
 RTBSE|            2096           0.532                               0.170E+003
 RTBSE|            2097           0.380                               0.170E+003
 RTBSE|            2098           0.337                               0.170E+003
 RTBSE|            2099           0.288                               0.170E+003
 RTBSE|            2100           0.302                               0.170E+003
 RTBSE|            2101           0.329                               0.170E+003
 RTBSE|            2102           0.290                               0.170E+003
 RTBSE|            2103           0.262                               0.170E+003
 RTBSE|            2104           0.278                               0.170E+003
 RTBSE|            2105           0.268                               0.170E+003
 RTBSE|            2106           0.251                               0.170E+003
 RTBSE|            2107           0.265                               0.170E+003
 RTBSE|            2108           0.256                               0.170E+003
 RTBSE|            2109           0.263                               0.170E+003
 RTBSE|            2110           0.272                               0.170E+003
 RTBSE|            2111           0.275                               0.170E+003
 RTBSE|            2112           0.276                               0.170E+003
 RTBSE|            2113           0.374                               0.170E+003
 RTBSE|            2114           0.474                               0.170E+003
 RTBSE|            2115           0.486                               0.170E+003
 RTBSE|            2116           0.498                               0.170E+003
 RTBSE|            2117           0.350                               0.170E+003
 RTBSE|            2118           0.323                               0.170E+003
 RTBSE|            2119           0.310                               0.170E+003
 RTBSE|            2120           0.322                               0.170E+003
 RTBSE|            2121           0.288                               0.170E+003
 RTBSE|            2122           0.257                               0.170E+003
 RTBSE|            2123           0.258                               0.170E+003
 RTBSE|            2124           0.258                               0.170E+003
 RTBSE|            2125           0.269                               0.170E+003
 RTBSE|            2126           0.257                               0.170E+003
 RTBSE|            2127           0.250                               0.170E+003
 RTBSE|            2128           0.257                               0.170E+003
 RTBSE|            2129           0.251                               0.170E+003
 RTBSE|            2130           0.262                               0.170E+003
 RTBSE|            2131           0.247                               0.170E+003
 RTBSE|            2132           0.254                               0.170E+003
 RTBSE|            2133           0.250                               0.170E+003
 RTBSE|            2134           0.254                               0.170E+003
 RTBSE|            2135           0.266                               0.170E+003
 RTBSE|            2136           0.268                               0.170E+003
 RTBSE|            2137           0.266                               0.170E+003
 RTBSE|            2138           0.299                               0.170E+003
 RTBSE|            2139           0.303                               0.170E+003
 RTBSE|            2140           0.317                               0.170E+003
 RTBSE|            2141           0.312                               0.170E+003
 RTBSE|            2142           0.356                               0.170E+003
 RTBSE|            2143           0.300                               0.170E+003
 RTBSE|            2144           0.283                               0.170E+003
 RTBSE|            2145           0.286                               0.170E+003
 RTBSE|            2146           0.276                               0.170E+003
 RTBSE|            2147           0.278                               0.170E+003
 RTBSE|            2148           0.278                               0.170E+003
 RTBSE|            2149           0.276                               0.170E+003
 RTBSE|            2150           0.271                               0.170E+003
 RTBSE|            2151           0.268                               0.170E+003
 RTBSE|            2152           0.274                               0.170E+003
 RTBSE|            2153           0.255                               0.170E+003
 RTBSE|            2154           0.258                               0.170E+003
 RTBSE|            2155           0.267                               0.170E+003
 RTBSE|            2156           0.268                               0.170E+003
 RTBSE|            2157           0.311                               0.170E+003
 RTBSE|            2158           0.286                               0.170E+003
 RTBSE|            2159           0.301                               0.170E+003
 RTBSE|            2160           0.317                               0.170E+003
 RTBSE|            2161           0.350                               0.170E+003
 RTBSE|            2162           0.357                               0.170E+003
 RTBSE|            2163           0.294                               0.170E+003
 RTBSE|            2164           0.283                               0.170E+003
 RTBSE|            2165           0.286                               0.170E+003
 RTBSE|            2166           0.276                               0.170E+003
 RTBSE|            2167           0.283                               0.170E+003
 RTBSE|            2168           0.271                               0.170E+003
 RTBSE|            2169           0.269                               0.170E+003
 RTBSE|            2170           0.264                               0.170E+003
 RTBSE|            2171           0.265                               0.170E+003
 RTBSE|            2172           0.290                               0.170E+003
 RTBSE|            2173           0.261                               0.170E+003
 RTBSE|            2174           0.244                               0.170E+003
 RTBSE|            2175           0.250                               0.170E+003
 RTBSE|            2176           0.258                               0.170E+003
 RTBSE|            2177           0.254                               0.170E+003
 RTBSE|            2178           0.248                               0.170E+003
 RTBSE|            2179           0.246                               0.170E+003
 RTBSE|            2180           0.253                               0.170E+003
 RTBSE|            2181           0.255                               0.170E+003
 RTBSE|            2182           0.242                               0.170E+003
 RTBSE|            2183           0.254                               0.170E+003
 RTBSE|            2184           0.265                               0.170E+003
 RTBSE|            2185           0.265                               0.170E+003
 RTBSE|            2186           0.280                               0.170E+003
 RTBSE|            2187           0.355                               0.170E+003
 RTBSE|            2188           0.431                               0.170E+003
 RTBSE|            2189           0.607                               0.170E+003
 RTBSE|            2190           0.421                               0.170E+003
 RTBSE|            2191           0.514                               0.170E+003
 RTBSE|            2192           0.318                               0.170E+003
 RTBSE|            2193           0.323                               0.170E+003
 RTBSE|            2194           0.530                               0.170E+003
 RTBSE|            2195           0.312                               0.170E+003
 RTBSE|            2196           0.314                               0.170E+003
 RTBSE|            2197           0.347                               0.170E+003
 RTBSE|            2198           0.250                               0.170E+003
 RTBSE|            2199           0.295                               0.170E+003
 RTBSE|            2200           0.269                               0.170E+003
 RTBSE|            2201           0.304                               0.170E+003
 RTBSE|            2202           0.279                               0.170E+003
 RTBSE|            2203           0.398                               0.170E+003
 RTBSE|            2204           0.473                               0.170E+003
 RTBSE|            2205           0.415                               0.170E+003
 RTBSE|            2206           0.591                               0.170E+003
 RTBSE|            2207           0.316                               0.170E+003
 RTBSE|            2208           0.401                               0.170E+003
 RTBSE|            2209           0.318                               0.170E+003
 RTBSE|            2210           0.287                               0.170E+003
 RTBSE|            2211           0.358                               0.170E+003
 RTBSE|            2212           0.257                               0.170E+003
 RTBSE|            2213           0.333                               0.170E+003
 RTBSE|            2214           0.253                               0.170E+003
 RTBSE|            2215           0.358                               0.170E+003
 RTBSE|            2216           0.247                               0.170E+003
 RTBSE|            2217           0.246                               0.170E+003
 RTBSE|            2218           0.304                               0.170E+003
 RTBSE|            2219           0.255                               0.170E+003
 RTBSE|            2220           0.250                               0.170E+003
 RTBSE|            2221           0.250                               0.170E+003
 RTBSE|            2222           0.251                               0.170E+003
 RTBSE|            2223           0.255                               0.170E+003
 RTBSE|            2224           0.274                               0.170E+003
 RTBSE|            2225           0.271                               0.170E+003
 RTBSE|            2226           0.272                               0.170E+003
 RTBSE|            2227           0.276                               0.170E+003
 RTBSE|            2228           0.281                               0.170E+003
 RTBSE|            2229           0.291                               0.170E+003
 RTBSE|            2230           0.305                               0.170E+003
 RTBSE|            2231           0.311                               0.170E+003
 RTBSE|            2232           0.352                               0.170E+003
 RTBSE|            2233           0.309                               0.170E+003
 RTBSE|            2234           0.276                               0.170E+003
 RTBSE|            2235           0.301                               0.170E+003
 RTBSE|            2236           0.286                               0.170E+003
 RTBSE|            2237           0.276                               0.170E+003
 RTBSE|            2238           0.281                               0.170E+003
 RTBSE|            2239           0.273                               0.170E+003
 RTBSE|            2240           0.277                               0.170E+003
 RTBSE|            2241           0.268                               0.170E+003
 RTBSE|            2242           0.261                               0.170E+003
 RTBSE|            2243           0.248                               0.170E+003
 RTBSE|            2244           0.268                               0.170E+003
 RTBSE|            2245           0.271                               0.170E+003
 RTBSE|            2246           0.263                               0.170E+003
 RTBSE|            2247           0.294                               0.170E+003
 RTBSE|            2248           0.286                               0.170E+003
 RTBSE|            2249           0.315                               0.170E+003
 RTBSE|            2250           0.314                               0.170E+003
 RTBSE|            2251           0.323                               0.170E+003
 RTBSE|            2252           0.337                               0.170E+003
 RTBSE|            2253           0.285                               0.170E+003
 RTBSE|            2254           0.482                               0.170E+003
 RTBSE|            2255           0.365                               0.170E+003
 RTBSE|            2256           0.286                               0.170E+003
 RTBSE|            2257           0.279                               0.170E+003
 RTBSE|            2258           0.274                               0.170E+003
 RTBSE|            2259           0.262                               0.170E+003
 RTBSE|            2260           0.270                               0.170E+003
 RTBSE|            2261           0.269                               0.170E+003
 RTBSE|            2262           0.263                               0.170E+003
 RTBSE|            2263           0.251                               0.170E+003
 RTBSE|            2264           0.255                               0.170E+003
 RTBSE|            2265           0.259                               0.170E+003
 RTBSE|            2266           0.256                               0.170E+003
 RTBSE|            2267           0.253                               0.170E+003
 RTBSE|            2268           0.254                               0.170E+003
 RTBSE|            2269           0.260                               0.170E+003
 RTBSE|            2270           0.262                               0.170E+003
 RTBSE|            2271           0.265                               0.170E+003
 RTBSE|            2272           0.264                               0.170E+003
 RTBSE|            2273           0.277                               0.170E+003
 RTBSE|            2274           0.278                               0.170E+003
 RTBSE|            2275           0.336                               0.170E+003
 RTBSE|            2276           0.404                               0.170E+003
 RTBSE|            2277           0.476                               0.170E+003
 RTBSE|            2278           0.581                               0.170E+003
 RTBSE|            2279           0.302                               0.170E+003
 RTBSE|            2280           0.351                               0.170E+003
 RTBSE|            2281           0.320                               0.170E+003
 RTBSE|            2282           0.294                               0.170E+003
 RTBSE|            2283           0.474                               0.170E+003
 RTBSE|            2284           0.305                               0.170E+003
 RTBSE|            2285           0.257                               0.170E+003
 RTBSE|            2286           0.269                               0.170E+003
 RTBSE|            2287           0.282                               0.170E+003
 RTBSE|            2288           0.250                               0.170E+003
 RTBSE|            2289           0.267                               0.170E+003
 RTBSE|            2290           0.295                               0.170E+003
 RTBSE|            2291           0.311                               0.170E+003
 RTBSE|            2292           0.291                               0.170E+003
 RTBSE|            2293           0.296                               0.170E+003
 RTBSE|            2294           0.442                               0.170E+003
 RTBSE|            2295           0.377                               0.170E+003
 RTBSE|            2296           0.566                               0.170E+003
 RTBSE|            2297           0.412                               0.170E+003
 RTBSE|            2298           0.326                               0.170E+003
 RTBSE|            2299           0.336                               0.170E+003
 RTBSE|            2300           0.283                               0.170E+003
 RTBSE|            2301           0.310                               0.170E+003
 RTBSE|            2302           0.281                               0.170E+003
 RTBSE|            2303           0.259                               0.170E+003
 RTBSE|            2304           0.262                               0.170E+003
 RTBSE|            2305           0.259                               0.170E+003
 RTBSE|            2306           0.254                               0.170E+003
 RTBSE|            2307           0.246                               0.170E+003
 RTBSE|            2308           0.251                               0.170E+003
 RTBSE|            2309           0.255                               0.170E+003
 RTBSE|            2310           0.255                               0.170E+003
 RTBSE|            2311           0.249                               0.170E+003
 RTBSE|            2312           0.250                               0.170E+003
 RTBSE|            2313           0.262                               0.170E+003
 RTBSE|            2314           0.260                               0.170E+003
 RTBSE|            2315           0.251                               0.170E+003
 RTBSE|            2316           0.269                               0.170E+003
 RTBSE|            2317           0.278                               0.170E+003
 RTBSE|            2318           0.270                               0.170E+003
 RTBSE|            2319           0.298                               0.170E+003
 RTBSE|            2320           0.294                               0.170E+003
 RTBSE|            2321           0.293                               0.170E+003
 RTBSE|            2322           0.312                               0.170E+003
 RTBSE|            2323           0.346                               0.170E+003
 RTBSE|            2324           0.337                               0.170E+003
 RTBSE|            2325           0.275                               0.170E+003
 RTBSE|            2326           0.280                               0.170E+003
 RTBSE|            2327           0.280                               0.170E+003
 RTBSE|            2328           0.288                               0.170E+003
 RTBSE|            2329           0.295                               0.170E+003
 RTBSE|            2330           0.279                               0.170E+003
 RTBSE|            2331           0.272                               0.170E+003
 RTBSE|            2332           0.281                               0.170E+003
 RTBSE|            2333           0.272                               0.170E+003
 RTBSE|            2334           0.265                               0.170E+003
 RTBSE|            2335           0.279                               0.170E+003
 RTBSE|            2336           0.277                               0.170E+003
 RTBSE|            2337           0.266                               0.170E+003
 RTBSE|            2338           0.291                               0.170E+003
 RTBSE|            2339           0.284                               0.170E+003
 RTBSE|            2340           0.303                               0.170E+003
 RTBSE|            2341           0.323                               0.170E+003
 RTBSE|            2342           0.314                               0.170E+003
 RTBSE|            2343           0.350                               0.170E+003
 RTBSE|            2344           0.297                               0.170E+003
 RTBSE|            2345           0.293                               0.170E+003
 RTBSE|            2346           0.298                               0.170E+003
 RTBSE|            2347           0.283                               0.170E+003
 RTBSE|            2348           0.279                               0.170E+003
 RTBSE|            2349           0.294                               0.170E+003
 RTBSE|            2350           0.276                               0.170E+003
 RTBSE|            2351           0.266                               0.170E+003
 RTBSE|            2352           0.277                               0.170E+003
 RTBSE|            2353           0.279                               0.170E+003
 RTBSE|            2354           0.255                               0.170E+003
 RTBSE|            2355           0.278                               0.170E+003
 RTBSE|            2356           0.251                               0.170E+003
 RTBSE|            2357           0.268                               0.170E+003
 RTBSE|            2358           0.275                               0.170E+003
 RTBSE|            2359           0.309                               0.170E+003
 RTBSE|            2360           0.264                               0.170E+003
 RTBSE|            2361           0.257                               0.170E+003
 RTBSE|            2362           0.255                               0.170E+003
 RTBSE|            2363           0.296                               0.170E+003
 RTBSE|            2364           0.294                               0.170E+003
 RTBSE|            2365           0.293                               0.170E+003
 RTBSE|            2366           0.342                               0.170E+003
 RTBSE|            2367           0.447                               0.170E+003
 RTBSE|            2368           0.494                               0.170E+003
 RTBSE|            2369           0.690                               0.170E+003
 RTBSE|            2370           0.346                               0.170E+003
 RTBSE|            2371           0.362                               0.170E+003
 RTBSE|            2372           0.354                               0.170E+003
 RTBSE|            2373           0.321                               0.170E+003
 RTBSE|            2374           0.314                               0.170E+003
 RTBSE|            2375           0.267                               0.170E+003
 RTBSE|            2376           0.359                               0.170E+003
 RTBSE|            2377           0.256                               0.170E+003
 RTBSE|            2378           0.257                               0.170E+003
 RTBSE|            2379           0.255                               0.170E+003
 RTBSE|            2380           0.322                               0.170E+003
 RTBSE|            2381           0.298                               0.170E+003
 RTBSE|            2382           0.277                               0.170E+003
 RTBSE|            2383           0.326                               0.170E+003
 RTBSE|            2384           0.589                               0.170E+003
 RTBSE|            2385           0.651                               0.170E+003
 RTBSE|            2386           0.710                               0.170E+003
 RTBSE|            2387           0.340                               0.170E+003
 RTBSE|            2388           0.305                               0.170E+003
 RTBSE|            2389           0.290                               0.170E+003
 RTBSE|            2390           0.331                               0.170E+003
 RTBSE|            2391           0.273                               0.170E+003
 RTBSE|            2392           0.272                               0.170E+003
 RTBSE|            2393           0.266                               0.170E+003
 RTBSE|            2394           0.264                               0.170E+003
 RTBSE|            2395           0.266                               0.170E+003
 RTBSE|            2396           0.296                               0.170E+003
 RTBSE|            2397           0.316                               0.170E+003
 RTBSE|            2398           0.255                               0.170E+003
 RTBSE|            2399           0.267                               0.170E+003
 RTBSE|            2400           0.254                               0.170E+003
 RTBSE|            2401           0.249                               0.170E+003
 RTBSE|            2402           0.247                               0.170E+003
 RTBSE|            2403           0.252                               0.170E+003
 RTBSE|            2404           0.253                               0.170E+003
 RTBSE|            2405           0.267                               0.170E+003
 RTBSE|            2406           0.278                               0.170E+003
 RTBSE|            2407           0.287                               0.170E+003
 RTBSE|            2408           0.297                               0.170E+003
 RTBSE|            2409           0.308                               0.170E+003
 RTBSE|            2410           0.312                               0.170E+003
 RTBSE|            2411           0.315                               0.170E+003
 RTBSE|            2412           0.344                               0.170E+003
 RTBSE|            2413           0.296                               0.170E+003
 RTBSE|            2414           0.287                               0.170E+003
 RTBSE|            2415           0.296                               0.170E+003
 RTBSE|            2416           0.282                               0.170E+003
 RTBSE|            2417           0.277                               0.170E+003
 RTBSE|            2418           0.297                               0.170E+003
 RTBSE|            2419           0.280                               0.170E+003
 RTBSE|            2420           0.279                               0.170E+003
 RTBSE|            2421           0.274                               0.170E+003
 RTBSE|            2422           0.259                               0.170E+003
 RTBSE|            2423           0.262                               0.170E+003
 RTBSE|            2424           0.267                               0.170E+003
 RTBSE|            2425           0.274                               0.170E+003
 RTBSE|            2426           0.279                               0.170E+003
 RTBSE|            2427           0.299                               0.170E+003
 RTBSE|            2428           0.292                               0.170E+003
 RTBSE|            2429           0.312                               0.170E+003
 RTBSE|            2430           0.316                               0.170E+003
 RTBSE|            2431           0.339                               0.170E+003
 RTBSE|            2432           0.314                               0.170E+003
 RTBSE|            2433           0.287                               0.170E+003
 RTBSE|            2434           0.294                               0.170E+003
 RTBSE|            2435           0.279                               0.170E+003
 RTBSE|            2436           0.277                               0.170E+003
 RTBSE|            2437           0.277                               0.170E+003
 RTBSE|            2438           0.279                               0.170E+003
 RTBSE|            2439           0.271                               0.170E+003
 RTBSE|            2440           0.277                               0.170E+003
 RTBSE|            2441           0.273                               0.170E+003
 RTBSE|            2442           0.252                               0.170E+003
 RTBSE|            2443           0.253                               0.170E+003
 RTBSE|            2444           0.252                               0.170E+003
 RTBSE|            2445           0.242                               0.170E+003
 RTBSE|            2446           0.259                               0.170E+003
 RTBSE|            2447           0.253                               0.170E+003
 RTBSE|            2448           0.258                               0.170E+003
 RTBSE|            2449           0.257                               0.170E+003
 RTBSE|            2450           0.378                               0.170E+003
 RTBSE|            2451           0.284                               0.170E+003
 RTBSE|            2452           0.254                               0.170E+003
 RTBSE|            2453           0.286                               0.170E+003
 RTBSE|            2454           0.284                               0.170E+003
 RTBSE|            2455           0.303                               0.170E+003
 RTBSE|            2456           0.392                               0.170E+003
 RTBSE|            2457           0.426                               0.170E+003
 RTBSE|            2458           0.453                               0.170E+003
 RTBSE|            2459           0.526                               0.170E+003
 RTBSE|            2460           0.331                               0.170E+003
 RTBSE|            2461           0.308                               0.170E+003
 RTBSE|            2462           0.305                               0.170E+003
 RTBSE|            2463           0.337                               0.170E+003
 RTBSE|            2464           0.283                               0.170E+003
 RTBSE|            2465           0.265                               0.170E+003
 RTBSE|            2466           0.261                               0.170E+003
 RTBSE|            2467           0.276                               0.170E+003
 RTBSE|            2468           0.258                               0.170E+003
 RTBSE|            2469           0.253                               0.170E+003
 RTBSE|            2470           0.255                               0.170E+003
 RTBSE|            2471           0.268                               0.170E+003
 RTBSE|            2472           0.281                               0.170E+003
 RTBSE|            2473           0.272                               0.170E+003
 RTBSE|            2474           0.370                               0.170E+003
 RTBSE|            2475           0.411                               0.170E+003
 RTBSE|            2476           0.465                               0.170E+003
 RTBSE|            2477           0.709                               0.170E+003
 RTBSE|            2478           0.450                               0.170E+003
 RTBSE|            2479           0.343                               0.170E+003
 RTBSE|            2480           0.290                               0.170E+003
 RTBSE|            2481           0.329                               0.170E+003
 RTBSE|            2482           0.274                               0.170E+003
 RTBSE|            2483           0.312                               0.170E+003
 RTBSE|            2484           0.364                               0.170E+003
 RTBSE|            2485           0.293                               0.170E+003
 RTBSE|            2486           0.251                               0.170E+003
 RTBSE|            2487           0.253                               0.170E+003
 RTBSE|            2488           0.257                               0.170E+003
 RTBSE|            2489           0.259                               0.170E+003
 RTBSE|            2490           0.256                               0.170E+003
 RTBSE|            2491           0.258                               0.170E+003
 RTBSE|            2492           0.255                               0.170E+003
 RTBSE|            2493           0.251                               0.170E+003
 RTBSE|            2494           0.262                               0.170E+003
 RTBSE|            2495           0.280                               0.170E+003
 RTBSE|            2496           0.268                               0.170E+003
 RTBSE|            2497           0.282                               0.170E+003
 RTBSE|            2498           0.293                               0.170E+003
 RTBSE|            2499           0.284                               0.170E+003
 RTBSE|            2500           0.308                               0.170E+003
 RTBSE|            2501           0.299                               0.170E+003
 RTBSE|            2502           0.318                               0.170E+003
 RTBSE|            2503           0.355                               0.170E+003
 RTBSE|            2504           0.312                               0.170E+003
 RTBSE|            2505           0.291                               0.170E+003
 RTBSE|            2506           0.292                               0.170E+003
 RTBSE|            2507           0.288                               0.170E+003
 RTBSE|            2508           0.283                               0.170E+003
 RTBSE|            2509           0.271                               0.170E+003
 RTBSE|            2510           0.267                               0.170E+003
 RTBSE|            2511           0.295                               0.170E+003
 RTBSE|            2512           0.275                               0.170E+003
 RTBSE|            2513           0.274                               0.170E+003
 RTBSE|            2514           0.261                               0.170E+003
 RTBSE|            2515           0.313                               0.170E+003
 RTBSE|            2516           0.273                               0.170E+003
 RTBSE|            2517           0.301                               0.170E+003
 RTBSE|            2518           0.330                               0.170E+003
 RTBSE|            2519           0.295                               0.170E+003
 RTBSE|            2520           0.304                               0.170E+003
 RTBSE|            2521           0.353                               0.170E+003
 RTBSE|            2522           0.334                               0.170E+003
 RTBSE|            2523           0.307                               0.170E+003
 RTBSE|            2524           0.295                               0.170E+003
 RTBSE|            2525           0.321                               0.170E+003
 RTBSE|            2526           0.336                               0.170E+003
 RTBSE|            2527           0.280                               0.170E+003
 RTBSE|            2528           0.334                               0.170E+003
 RTBSE|            2529           0.312                               0.170E+003
 RTBSE|            2530           0.277                               0.170E+003
 RTBSE|            2531           0.268                               0.170E+003
 RTBSE|            2532           0.301                               0.170E+003
 RTBSE|            2533           0.289                               0.170E+003
 RTBSE|            2534           0.255                               0.170E+003
 RTBSE|            2535           0.365                               0.170E+003
 RTBSE|            2536           0.254                               0.170E+003
 RTBSE|            2537           0.247                               0.170E+003
 RTBSE|            2538           0.251                               0.170E+003
 RTBSE|            2539           0.264                               0.170E+003
 RTBSE|            2540           0.256                               0.170E+003
 RTBSE|            2541           0.262                               0.170E+003
 RTBSE|            2542           0.267                               0.170E+003
 RTBSE|            2543           0.283                               0.170E+003
 RTBSE|            2544           0.279                               0.170E+003
 RTBSE|            2545           0.316                               0.170E+003
 RTBSE|            2546           0.375                               0.170E+003
 RTBSE|            2547           0.608                               0.170E+003
 RTBSE|            2548           0.600                               0.170E+003
 RTBSE|            2549           0.361                               0.170E+003
 RTBSE|            2550           0.328                               0.170E+003
 RTBSE|            2551           0.352                               0.170E+003
 RTBSE|            2552           0.306                               0.170E+003
 RTBSE|            2553           0.298                               0.170E+003
 RTBSE|            2554           0.280                               0.170E+003
 RTBSE|            2555           0.279                               0.170E+003
 RTBSE|            2556           0.260                               0.170E+003
 RTBSE|            2557           0.249                               0.170E+003
 RTBSE|            2558           0.253                               0.170E+003
 RTBSE|            2559           0.253                               0.170E+003
 RTBSE|            2560           0.293                               0.170E+003
 RTBSE|            2561           0.278                               0.170E+003
 RTBSE|            2562           0.275                               0.170E+003
 RTBSE|            2563           0.330                               0.170E+003
 RTBSE|            2564           0.400                               0.170E+003
 RTBSE|            2565           0.491                               0.170E+003
 RTBSE|            2566           0.720                               0.170E+003
 RTBSE|            2567           0.309                               0.170E+003
 RTBSE|            2568           0.326                               0.170E+003
 RTBSE|            2569           0.317                               0.170E+003
 RTBSE|            2570           0.312                               0.170E+003
 RTBSE|            2571           0.300                               0.170E+003
 RTBSE|            2572           0.263                               0.170E+003
 RTBSE|            2573           0.454                               0.170E+003
 RTBSE|            2574           0.287                               0.170E+003
 RTBSE|            2575           0.251                               0.170E+003
 RTBSE|            2576           0.252                               0.170E+003
 RTBSE|            2577           0.252                               0.170E+003
 RTBSE|            2578           0.249                               0.170E+003
 RTBSE|            2579           0.266                               0.170E+003
 RTBSE|            2580           0.252                               0.170E+003
 RTBSE|            2581           0.443                               0.170E+003
 RTBSE|            2582           0.263                               0.170E+003
 RTBSE|            2583           0.272                               0.170E+003
 RTBSE|            2584           0.271                               0.170E+003
 RTBSE|            2585           0.276                               0.170E+003
 RTBSE|            2586           0.286                               0.170E+003
 RTBSE|            2587           0.285                               0.170E+003
 RTBSE|            2588           0.296                               0.170E+003
 RTBSE|            2589           0.310                               0.170E+003
 RTBSE|            2590           0.325                               0.170E+003
 RTBSE|            2591           0.359                               0.170E+003
 RTBSE|            2592           0.288                               0.170E+003
 RTBSE|            2593           0.294                               0.170E+003
 RTBSE|            2594           0.299                               0.170E+003
 RTBSE|            2595           0.279                               0.170E+003
 RTBSE|            2596           0.275                               0.170E+003
 RTBSE|            2597           0.281                               0.170E+003
 RTBSE|            2598           0.273                               0.170E+003
 RTBSE|            2599           0.269                               0.170E+003
 RTBSE|            2600           0.276                               0.170E+003
 RTBSE|            2601           0.262                               0.170E+003
 RTBSE|            2602           0.265                               0.170E+003
 RTBSE|            2603           0.269                               0.170E+003
 RTBSE|            2604           0.267                               0.170E+003
 RTBSE|            2605           0.262                               0.170E+003
 RTBSE|            2606           0.291                               0.170E+003
 RTBSE|            2607           0.292                               0.170E+003
 RTBSE|            2608           0.307                               0.170E+003
 RTBSE|            2609           0.304                               0.170E+003
 RTBSE|            2610           0.335                               0.170E+003
 RTBSE|            2611           0.340                               0.170E+003
 RTBSE|            2612           0.296                               0.170E+003
 RTBSE|            2613           0.310                               0.170E+003
 RTBSE|            2614           0.293                               0.170E+003
 RTBSE|            2615           0.284                               0.170E+003
 RTBSE|            2616           0.279                               0.170E+003
 RTBSE|            2617           0.288                               0.170E+003
 RTBSE|            2618           0.264                               0.170E+003
 RTBSE|            2619           0.262                               0.170E+003
 RTBSE|            2620           0.280                               0.170E+003
 RTBSE|            2621           0.252                               0.170E+003
 RTBSE|            2622           0.257                               0.170E+003
 RTBSE|            2623           0.250                               0.170E+003
 RTBSE|            2624           0.262                               0.170E+003
 RTBSE|            2625           0.278                               0.170E+003
 RTBSE|            2626           0.258                               0.170E+003
 RTBSE|            2627           0.253                               0.170E+003
 RTBSE|            2628           0.256                               0.170E+003
 RTBSE|            2629           0.273                               0.170E+003
 RTBSE|            2630           0.254                               0.170E+003
 RTBSE|            2631           0.261                               0.170E+003
 RTBSE|            2632           0.261                               0.170E+003
 RTBSE|            2633           0.273                               0.170E+003
 RTBSE|            2634           0.279                               0.170E+003
 RTBSE|            2635           0.340                               0.170E+003
 RTBSE|            2636           0.384                               0.170E+003
 RTBSE|            2637           0.458                               0.170E+003
 RTBSE|            2638           0.652                               0.170E+003
 RTBSE|            2639           0.315                               0.170E+003
 RTBSE|            2640           0.321                               0.170E+003
 RTBSE|            2641           0.327                               0.170E+003
 RTBSE|            2642           0.438                               0.170E+003
 RTBSE|            2643           0.319                               0.170E+003
 RTBSE|            2644           0.268                               0.170E+003
 RTBSE|            2645           0.266                               0.170E+003
 RTBSE|            2646           0.284                               0.170E+003
 RTBSE|            2647           0.258                               0.170E+003
 RTBSE|            2648           0.248                               0.170E+003
 RTBSE|            2649           0.253                               0.170E+003
 RTBSE|            2650           0.260                               0.170E+003
 RTBSE|            2651           0.276                               0.170E+003
 RTBSE|            2652           0.272                               0.170E+003
 RTBSE|            2653           0.332                               0.170E+003
 RTBSE|            2654           0.434                               0.170E+003
 RTBSE|            2655           0.474                               0.170E+003
 RTBSE|            2656           0.578                               0.170E+003
 RTBSE|            2657           0.322                               0.170E+003
 RTBSE|            2658           0.356                               0.170E+003
 RTBSE|            2659           0.323                               0.170E+003
 RTBSE|            2660           0.293                               0.170E+003
 RTBSE|            2661           0.321                               0.170E+003
 RTBSE|            2662           0.263                               0.170E+003
 RTBSE|            2663           0.259                               0.170E+003
 RTBSE|            2664           0.251                               0.170E+003
 RTBSE|            2665           0.259                               0.170E+003
 RTBSE|            2666           0.257                               0.170E+003
 RTBSE|            2667           0.256                               0.170E+003
 RTBSE|            2668           0.253                               0.170E+003
 RTBSE|            2669           0.250                               0.170E+003
 RTBSE|            2670           0.275                               0.170E+003
 RTBSE|            2671           0.256                               0.170E+003
 RTBSE|            2672           0.421                               0.170E+003
 RTBSE|            2673           0.417                               0.170E+003
 RTBSE|            2674           0.267                               0.170E+003
 RTBSE|            2675           0.281                               0.170E+003
 RTBSE|            2676           0.322                               0.170E+003
 RTBSE|            2677           0.298                               0.170E+003
 RTBSE|            2678           0.399                               0.170E+003
 RTBSE|            2679           0.369                               0.170E+003
 RTBSE|            2680           0.298                               0.170E+003
 RTBSE|            2681           0.388                               0.170E+003
 RTBSE|            2682           0.292                               0.170E+003
 RTBSE|            2683           0.280                               0.170E+003
 RTBSE|            2684           0.354                               0.170E+003
 RTBSE|            2685           0.291                               0.170E+003
 RTBSE|            2686           0.286                               0.170E+003
 RTBSE|            2687           0.314                               0.170E+003
 RTBSE|            2688           0.280                               0.170E+003
 RTBSE|            2689           0.272                               0.170E+003
 RTBSE|            2690           0.291                               0.170E+003
 RTBSE|            2691           0.263                               0.170E+003
 RTBSE|            2692           0.255                               0.170E+003
 RTBSE|            2693           0.338                               0.170E+003
 RTBSE|            2694           0.261                               0.170E+003
 RTBSE|            2695           0.281                               0.170E+003
 RTBSE|            2696           0.279                               0.170E+003
 RTBSE|            2697           0.286                               0.170E+003
 RTBSE|            2698           0.358                               0.170E+003
 RTBSE|            2699           0.315                               0.170E+003
 RTBSE|            2700           0.328                               0.170E+003
 RTBSE|            2701           0.378                               0.170E+003
 RTBSE|            2702           0.283                               0.170E+003
 RTBSE|            2703           0.286                               0.170E+003
 RTBSE|            2704           0.288                               0.170E+003
 RTBSE|            2705           0.303                               0.170E+003
 RTBSE|            2706           0.287                               0.170E+003
 RTBSE|            2707           0.275                               0.170E+003
  GREENX FT_PADE| n_pade, n_fit, window [eV]   484     968     0.0000    19.9960
  GREENX FT_PADE| n_pade, n_fit, window [eV]   484     968     0.0000    19.9960
  GREENX FT_PADE| n_pade, n_fit, window [eV]   484     968     0.0000    19.9960
 STATIC_POL|         spin  element Re [a.u.]              Im [a.u.]
 STATIC_POL|            1    1,  2      3.7257895247E-002      4.2621594053E-015
 STATIC_POL|            1    2,  2      1.9785679316E+003     -1.4777821388E-013
 STATIC_POL|            1    3,  2      3.2052984582E-002     -3.2197118969E-016

 -------------------------------------------------------------------------------
 -                                                                             -
 -                                DBCSR STATISTICS                             -
 -                                                                             -
 -------------------------------------------------------------------------------
 COUNTER                                    TOTAL       BLAS       SMM       ACC
 flops     5 x     5 x     3             95483400       0.0%    100.0%      0.0%     
 flops     3 x     5 x     5             97112400       0.0%    100.0%      0.0%     
 flops     3 x     5 x     3            130907520       0.0%    100.0%      0.0%     
 flops     3 x     3 x     5            144863550       0.0%    100.0%      0.0%     
 flops     5 x     5 x    27            343680300       0.0%    100.0%      0.0%     
 flops    27 x     5 x     5            354663900       0.0%    100.0%      0.0%     
 flops     3 x     5 x    27            490258170       0.0%    100.0%      0.0%     
 flops    27 x     5 x     3            497845440       0.0%    100.0%      0.0%     
 flops     3 x    27 x     5            527386140       0.0%    100.0%      0.0%     
 flops    27 x     3 x     5            564732000       0.0%    100.0%      0.0%     
 flops     5 x    30 x     3           1340912700       0.0%    100.0%      0.0%     
 flops     3 x    30 x     5           1422256500       0.0%    100.0%      0.0%     
 flops    30 x     5 x     3           1462455900       0.0%    100.0%      0.0%     
 flops     3 x     5 x    30           1557199800       0.0%    100.0%      0.0%     
 flops    27 x     5 x    27           1869403860       0.0%    100.0%      0.0%     
 flops     3 x    30 x     3           2025875340       0.0%    100.0%      0.0%     
 flops    27 x    27 x     5           2055780000       0.0%    100.0%      0.0%     
 flops     5 x     5 x    32           2173596800       0.0%    100.0%      0.0%     
 flops    32 x     5 x     5           2199140800       0.0%    100.0%      0.0%     
 flops     3 x     3 x    30           2290205880       0.0%    100.0%      0.0%     
 flops    32 x     5 x     3           2835530880       0.0%    100.0%      0.0%     
 flops     3 x     5 x    32           3087342720       0.0%    100.0%      0.0%     
 flops    32 x     3 x     5           3123377280       0.0%    100.0%      0.0%     
 flops     3 x    32 x     5           3271872000       0.0%    100.0%      0.0%     
 flops     5 x    30 x    27           4845428100       0.0%    100.0%      0.0%     
 flops    27 x    30 x     5           5190382800       0.0%    100.0%      0.0%     
 flops    30 x     5 x    27           5328973800       0.0%    100.0%      0.0%     
 flops    27 x     5 x    30           5753478600       0.0%    100.0%      0.0%     
 flops     3 x    30 x    27           7634321280       0.0%    100.0%      0.0%     
 flops    27 x    30 x     3           7717791780       0.0%    100.0%      0.0%     
 flops     3 x    27 x    30           8448342120       0.0%    100.0%      0.0%     
 flops    27 x     3 x    30           8988744960       0.0%    100.0%      0.0%     
 flops    32 x     5 x    27          10599232320       0.0%    100.0%      0.0%     
 flops    32 x    27 x     5          11369946240       0.0%    100.0%      0.0%     
 flops    27 x     5 x    32          11785452480       0.0%    100.0%      0.0%     
 flops    27 x    32 x     5          12757824000       0.0%    100.0%      0.0%     
 flops    30 x    30 x     3          20538117000       0.0%    100.0%      0.0%     
 flops     3 x    30 x    30          23030816400       0.0%    100.0%      0.0%     
 flops    27 x    30 x    27          29149079580       0.0%    100.0%      0.0%     
 flops     5 x    30 x    32          30460588800       0.0%    100.0%      0.0%     
 flops    32 x    30 x     5          32195875200       0.0%    100.0%      0.0%     
 flops    30 x     5 x    32          32339548800       0.0%    100.0%      0.0%     
 flops    27 x    27 x    30          33161918400       0.0%    100.0%      0.0%     
 flops    32 x     5 x    30          34227907200       0.0%    100.0%      0.0%     
 flops    32 x    30 x     3          43827770880       0.0%    100.0%      0.0%     
 flops     3 x    30 x    32          46287290880       0.0%    100.0%      0.0%     
 flops    32 x     3 x    30          49689083520       0.0%    100.0%      0.0%     
 flops     3 x    32 x    30          50293330560       0.0%    100.0%      0.0%     
 flops     3 x     6 x     6          66226735296       0.0%    100.0%      0.0%     
 flops    32 x     5 x    32          66645770240       0.0%    100.0%      0.0%     
 flops    32 x    32 x     5          70559907840       0.0%    100.0%      0.0%     
 flops    30 x    30 x    27          75125734200       0.0%    100.0%      0.0%     
 flops     3 x     6 x     3          77045592960       0.0%    100.0%      0.0%     
 flops     3 x     3 x     6          77268677220       0.0%    100.0%      0.0%     
 flops    27 x    30 x    30          85089754800       0.0%    100.0%      0.0%     
 flops     6 x     6 x     3          95830700616       0.0%    100.0%      0.0%     
 flops    32 x    30 x    27         165160632960       0.0%    100.0%      0.0%     
 flops    27 x    30 x    32         176810584320       0.0%    100.0%      0.0%     
 flops    32 x    27 x    30         183313964160       0.0%    100.0%      0.0%     
 flops    27 x    32 x    30         197388472320       0.0%    100.0%      0.0%     
 flops    27 x     6 x     6         234565703280       0.0%    100.0%      0.0%     
 flops     3 x     6 x    27         272900177028       0.0%    100.0%      0.0%     
 flops     3 x    27 x     6         273669506280       0.0%    100.0%      0.0%     
 flops    27 x     6 x     3         297187992036       0.0%    100.0%      0.0%     
 flops    27 x     3 x     6         298031263272       0.0%    100.0%      0.0%     
 flops     6 x     6 x    27         328869454320       0.0%    100.0%      0.0%     
 flops     3 x    13 x     6         334841641992       0.0%    100.0%      0.0%     
 flops    30 x    30 x    32         453192652800       0.0%    100.0%      0.0%     
 flops     3 x     6 x    13         471558869496       0.0%    100.0%      0.0%     
 flops    32 x    30 x    30         506243635200       0.0%    100.0%      0.0%     
 flops     6 x    13 x     3         540996812928       0.0%    100.0%      0.0%     
 flops     3 x    13 x     3         548541586242       0.0%    100.0%      0.0%     
 flops     3 x     3 x    13         550186365924       0.0%    100.0%      0.0%     
 flops    13 x     6 x     3         677288690208       0.0%    100.0%      0.0%     
 flops    32 x    30 x    32         997761331200       0.0%    100.0%      0.0%     
 flops    27 x     6 x    27        1052650802844       0.0%    100.0%      0.0%     
 flops    27 x    27 x     6        1055566056348       0.0%    100.0%      0.0%     
 flops    32 x    32 x    30        1091161006080       0.0%    100.0%      0.0%     
 flops    27 x    13 x     6        1185946936200       0.0%    100.0%      0.0%     
 flops    27 x     6 x    13        1533461424768       0.0%    100.0%      0.0%     
 flops    32 x     6 x     3        1643744070144       0.0%    100.0%      0.0%     
 flops    32 x     3 x     6        1648495833984       0.0%    100.0%      0.0%     
 flops     3 x    13 x    27        1783905415812       0.0%    100.0%      0.0%     
 flops     3 x    27 x    13        1789162486722       0.0%    100.0%      0.0%     
 flops     6 x    13 x    27        1798031402388       0.0%    100.0%      0.0%     
 flops    32 x     6 x     6        1840111626240       0.0%    100.0%      0.0%     
 flops    27 x    13 x     3        2115908399358       0.0%    100.0%      0.0%     
 flops    27 x     3 x    13        2122095791556       0.0%    100.0%      0.0%     
 flops     3 x     6 x    32        2140842553344       0.0%    100.0%      0.0%     
 flops    13 x     6 x    27        2144497423068       0.0%    100.0%      0.0%     
 flops     3 x    32 x     6        2146892957568       0.0%    100.0%      0.0%     
 flops     3 x    13 x    13        2384219070012       0.0%    100.0%      0.0%     
 flops     6 x     6 x    32        2911114685952       0.0%    100.0%      0.0%     
 flops    13 x    13 x     3        3897487047246       0.0%    100.0%      0.0%     
 flops    32 x     6 x    27        5822171903232       0.0%    100.0%      0.0%     
 flops    32 x    27 x     6        5838572368512       0.0%    100.0%      0.0%     
 flops    27 x    13 x    27        6881109648894       0.0%    100.0%      0.0%     
 flops    27 x    27 x    13        6900878803572       0.0%    100.0%      0.0%     
 flops    27 x    13 x    13        7753272154056       0.0%    100.0%      0.0%     
 flops    27 x     6 x    32        8257808435328       0.0%    100.0%      0.0%     
 flops    27 x    32 x     6        8280703104768       0.0%    100.0%      0.0%     
 flops    32 x    13 x     6        9303495581952       0.0%    100.0%      0.0%     
 flops    32 x     6 x    13       11677044577536       0.0%    100.0%      0.0%     
 flops    32 x    13 x     3       11703140796672       0.0%    100.0%      0.0%     
 flops    32 x     3 x    13       11738089636416       0.0%    100.0%      0.0%     
 flops    13 x    13 x    27       11985358831056       0.0%    100.0%      0.0%     
 flops     3 x    13 x    32       13584523060992       0.0%    100.0%      0.0%     
 flops     3 x    32 x    13       13624229421504       0.0%    100.0%      0.0%     
 flops     6 x    13 x    32       16080227943936       0.0%    100.0%      0.0%     
 flops    13 x     6 x    32       18446463439872       0.0%    100.0%      0.0%     
 flops    32 x    13 x    27       38059346841984       0.0%    100.0%      0.0%     
 flops    32 x    27 x    13       38171081901888       0.0%    100.0%      0.0%     
 flops    32 x     6 x    32       45673692635136       0.0%    100.0%      0.0%     
 flops    32 x    32 x     6       45802701385728       0.0%    100.0%      0.0%     
 flops    27 x    13 x    32       52399316676096       0.0%    100.0%      0.0%     
 flops    27 x    32 x    13       52548804824256       0.0%    100.0%      0.0%     
 flops    32 x    13 x    13       59039534483072       0.0%    100.0%      0.0%     
 flops    13 x    13 x    32      102560694649920       0.0%    100.0%      0.0%     
 flops    32 x    13 x    32      289819098822656       0.0%    100.0%      0.0%     
 flops    32 x    32 x    13      290662834681856       0.0%    100.0%      0.0%     
 flops inhomo. stacks                           0       0.0%      0.0%      0.0%
 flops total                         1.227581E+15       0.0%    100.0%      0.0%
 flops max/rank                     20.831097E+12       0.0%    100.0%      0.0%
 matmuls inhomo. stacks                         0       0.0%      0.0%      0.0%
 matmuls total                       122498840385       0.0%    100.0%      0.0%
 number of processed stacks            4639039778       0.0%    100.0%      0.0%
 average stack size                                     0.0      26.4       0.0
 marketing flops                     1.912926E+15
 -------------------------------------------------------------------------------
 # multiplications                         108848
 max memory usage/rank               5.631586E+09
 # max total images/rank                        1
 # max 3D layers                                1
 # MPI messages exchanged                97527808
 MPI messages size (bytes):
  total size                        52.397527E+12
  min size                           0.000000E+00
  max size                           2.681928E+06
  average size                     537.257312E+03
 MPI breakdown and total messages size (bytes):
             size <=      128               41314                        0
       128 < size <=     8192                 147                   498400
      8192 < size <=    32768               31451                876886528
     32768 < size <=   131072             9752624             926932617856
    131072 < size <=  4194304            87702272           51417968363608
   4194304 < size <= 16777216                   0                        0
  16777216 < size                               0                        0
 -------------------------------------------------------------------------------
 -                                                                             -
 -                      DBCSR MESSAGE PASSING PERFORMANCE                      -
 -                                                                             -
 -------------------------------------------------------------------------------
 ROUTINE             CALLS      AVE VOLUME [Bytes]
 MP_Bcast              121                     12.
 MP_Allreduce       435771                     24.
 MP_Alltoall        892709                  44917.
 MP_ISend          5311448                 165815.
 MP_IRecv          5311216                 161132.
 -------------------------------------------------------------------------------

 -------------------------------------------------------------------------------
 -                                                                             -
 -                                GRID STATISTICS                              -
 -                                                                             -
 -------------------------------------------------------------------------------
 LP    KERNEL             BACKEND                              COUNT     PERCENT
 4     collocate ortho    CPU                                  33497      38.04%
 4     integrate ortho    CPU                                  33497      38.04%
 3     collocate ortho    CPU                                   6888       7.82%
 3     integrate ortho    CPU                                   6888       7.82%
 2     collocate ortho    CPU                                   3526       4.00%
 2     integrate ortho    CPU                                   3526       4.00%
 0     collocate general  CPU                                    160       0.18%
 0     integrate general  CPU                                     80       0.09%
 -------------------------------------------------------------------------------

 -------------------------------------------------------------------------------
 -                                                                             -
 -                          OFFLOAD MEMPOOL STATISTICS                         -
 -                                                                             -
 -------------------------------------------------------------------------------
 Memory consumption                Number of allocations  Used [MiB]  Size [MiB]
 Host                                                  6          30           0
 -------------------------------------------------------------------------------

 MEMORY| Estimated peak process memory [MiB]                                1073

 -------------------------------------------------------------------------------
 ----                             MULTIGRID INFO                            ----
 -------------------------------------------------------------------------------
 count for grid        1:         300664          cutoff [a.u.]          300.00
 count for grid        2:         247049          cutoff [a.u.]          100.00
 count for grid        3:         255028          cutoff [a.u.]           33.33
 count for grid        4:         143033          cutoff [a.u.]           11.11
 total gridlevel count  :         945774

 -------------------------------------------------------------------------------
 -                                                                             -
 -                         MESSAGE PASSING PERFORMANCE                         -
 -                                                                             -
 -------------------------------------------------------------------------------

 ROUTINE             CALLS      AVE VOLUME [Bytes]
 MP_Group               24
 MP_Bcast              276                 202937.
 MP_Allreduce       110257                  19708.
 MP_Sync                49
 MP_Alltoall           909               12773213.
 MP_SendRecv          5166                  80640.
 MP_ISendRecv         5166                  80640.
 MP_Wait              8183
 MP_comm_split          12
 MP_ISend             2360                 812774.
 MP_IRecv             2360                 812906.
 -------------------------------------------------------------------------------


 -------------------------------------------------------------------------------
 -                                                                             -
 -                           R E F E R E N C E S                               -
 -                                                                             -
 -------------------------------------------------------------------------------
 
 CP2K version 2026.2 (Development Version), the CP2K developers group (2026).
 CP2K is freely available from https://www.cp2k.org/ .
 
 M. Iannuzzi, J. Wilhelm, F. Stein, A. Bussy, H. Elgabarty, D. Golze, A. Hehn, 
 M. Graml, S. Marek, B. Sertcan Gökmen, C. Schran, H. Forbert, R. Z. 
 Khaliullin, A. Kozhevnikov, M. Taillefumier, R. Meli, V. V. Rybkin, M. Brehm, 
 R. Schade, O. Schütt, J. V. Pototschnig, H. Mirhosseini, A. Knüpfer, D. Marx, 
 M. Krack, J. Hutter, T. D. Kühne.
 J. Phys. Chem. B 130, 1237-1310 (2026).
 The CP2K Program Package Made Simple.
 https://doi.org/10.1021/acs.jpcb.5c05851

 M. Graml, K. Zollner, D. Hernangómez-Pérez, P. E. Faria Junior, J. Wilhelm.
 J. Chem. Theory Comput. 20, 2202-2208 (2024).
 Low-scaling GW algorithm applied to twisted transition-metal dichalcogenide 
 heterobilayers.
 https://doi.org/10.1021/acs.jctc.3c01230

 T. D. Kühne, M. Iannuzzi, M. Del Ben, V. V. Rybkin, P. Seewald, F. Stein, T. 
 Laino, R. Z. Khaliullin, O. Schütt, F. Schiffmann, D. Golze, J. Wilhelm, S. 
 Chulkov, M. H. Bani-Hashemian, V. Weber, U. Borstnik, M. Taillefumier, A. S. 
 Jakobovits, A. Lazzaro, H. Pabst, T. Müller, R. Schade, M. Guidon, S. 
 Andermatt, N. Holmberg, G. K. Schenter, A. Hehn, A. Bussy, F. Belleflamme, G. 
 Tabacchi, A. Glöß, M. Lass, I. Bethune, C. J. Mundy, C. Plessl, M. Watkins, 
 J. VandeVondele, M. Krack, J. Hutter.
 J. Chem. Phys. 152, 194103 (2020).
 CP2K: An electronic structure and molecular dynamics software package - 
 Quickstep: Efficient and accurate electronic structure calculations.
 https://doi.org/10.1063/5.0007045

 O. Schuett, P. Messmer, J. Hutter, J. VandeVondele.
 Electronic Structure Calculations on Graphics Processing Units, 173-190 (2016).
 GPU-Accelerated Sparse Matrix-Matrix Multiplication for Linear Scaling Density 
 Functional Theory.
 https://doi.org/10.1002/9781118670712.ch8

 A. Heinecke, G. Henry, M. Hutchinson, H. Pabst.
 Proceedings of Intl. Supercomputing Conference, 981-991 (2016).
 LIBXSMM: Accelerating Small Matrix Multiplications by Runtime Code Generation.
 https://doi.org/10.1109/SC.2016.83

 U. Borstnik, J. VandeVondele, V. Weber, J. Hutter.
 Parallel Comput. 40, 47-58 (2014).
 Sparse matrix multiplication: The distributed block-compressed sparse row 
 library.
 https://doi.org/10.1016/j.parco.2014.03.012

 A. Marek, V. Blum, R. Johanni, V. Havu, B. Lang, T. Auckenthaler, A. Heinecke, 
 H. Bungartz, H. Lederer.
 J. Phys. Condens. Matter 26, 213201 (2014).
 The ELPA library: scalable parallel eigenvalue solutions for electronic 
 structure theory and computational science.
 https://doi.org/10.1088/0953-8984/26/21/213201

 J. VandeVondele, J. Hutter.
 J. Chem. Phys. 127, 114105 (2007).
 Gaussian basis sets for accurate calculations on molecular systems in gas and 
 condensed phases.
 https://doi.org/10.1063/1.2770708

 J. VandeVondele, M. Krack, F. Mohamed, M. Parrinello, T. Chassaing, J. Hutter.
 Comput. Phys. Commun. 167, 103-128 (2005).
 QUICKSTEP: Fast and accurate density functional calculations using a mixed 
 Gaussian and plane waves approach.
 https://doi.org/10.1016/j.cpc.2004.12.014

 M. Krack.
 Theor. Chem. Acc. 114, 145-152 (2005).
 Pseudopotentials for H to Kr optimized for gradient-corrected 
 exchange-correlation functionals.
 https://doi.org/10.1007/s00214-005-0655-y

 M. Frigo, S. G. Johnson.
 Proc. IEEE 93, 216-231 (2005).
 The design and implementation of FFTW3.
 https://doi.org/10.1109/JPROC.2004.840301

 C. Hartwigsen, S. Goedecker, J. Hutter.
 Phys. Rev. B 58, 3641-3662 (1998).
 Relativistic separable dual-space Gaussian pseudopotentials from H to Rn.
 https://doi.org/10.1103/PhysRevB.58.3641

 G. Lippert, J. Hutter, M. Parrinello.
 Mol. Phys. 92, 477-487 (1997).
 A hybrid Gaussian and plane wave density functional scheme.
 https://doi.org/10.1080/002689797170220

 S. Goedecker, M. Teter, J. Hutter.
 Phys. Rev. B 54, 1703-1710 (1996).
 Separable dual-space Gaussian pseudopotentials.
 https://doi.org/10.1103/PhysRevB.54.1703

 J. P. Perdew, K. Burke, M. Ernzerhof.
 Phys. Rev. Lett. 77, 3865-3868 (1996).
 Generalized gradient approximation made simple.
 https://doi.org/10.1103/PhysRevLett.77.3865

 P. E. Blöchl.
 J. Chem. Phys. 103, 7422-7428 (1995).
 Electrostatic decoupling of periodic images of plane‐wave‐expanded 
 densities and derived atomic point charges.
 https://doi.org/10.1063/1.470314

 R. H. Byrd, P. H. Lu, J. Nocedal, C. Y. Zhu.
 SIAM J. Sci. Comput. 16, 1190-1208 (1995).
 A Limited Memory Algorithm for Bound Constrained Optimization.
 https://doi.org/10.1137/0916069

 C. G. Broyden.
 Math. Comput. 19, 577-593 (1965).
 A class of methods for solving nonlinear simultaneous equations.
 https://doi.org/10.1090/S0025-5718-1965-0198670-6


 -------------------------------------------------------------------------------
 -                                                                             -
 -                                T I M I N G                                  -
 -                                                                             -
 -------------------------------------------------------------------------------
 SUBROUTINE                       CALLS  ASD         SELF TIME        TOTAL TIME
                                MAXIMUM       AVERAGE  MAXIMUM  AVERAGE  MAXIMUM
 CP2K                                 1  1.0    0.016    0.032  950.553  950.680
 run_propagation_linearized_bse       1  2.0    0.123    0.510  949.952  950.139
 solve_rk4_timestep                2708  3.0    0.036    0.054  810.537  810.804
 build_shared_sex_and_hartree     10832  4.0    0.063    0.093  626.565  627.376
 compute_sigma_ri_rs_complex      10832  5.0    0.069    0.093  463.228  464.201
 compute_sigma_ri_rs              21664  6.0    0.359    0.536  462.673  463.810
 dbcsr_multiply_generic          108848  7.8    2.265    2.582  437.016  444.062
 dbcsr_contract_ABA               43329  7.0    0.152    0.167  378.306  384.167
 multiply_cannon                 108848  8.8    4.847    5.217  275.853  298.744
 multiply_cannon_loop            108848  9.8    7.080    8.637  249.549  273.202
 parallel_gemm_fm_cosma          173841  6.0  238.260  240.351  238.260  240.351
 update_effective_ham_MO          10832  4.0    0.098    0.137  183.918  185.540
 multiply_cannon_multrec         870784 10.8  138.699  163.945  139.467  164.408
 mp_waitall_1                   8713691 12.0  116.792  142.453  116.792  142.453
 transform_ao_to_mo_covariant_c   21664  5.0    0.050    0.063  130.159  131.471
 qs_energies                          1  3.0    0.004    0.014  122.371  122.388
 compute_hartree_ri_rs_from_dia   10832  5.0    0.073    0.086  111.824  112.071
 hartree_potential_from_diag_ri   21664  6.0    2.610    3.892  111.541  111.804
 qs_energies_properties               1  4.0    0.002    0.006  108.293  108.309
 post_scf_bandstructure               1  5.0    0.002    0.007  108.291  108.309
 gw                                   1  6.0    0.001    0.005  107.760  107.779
 gw_calc_non_periodic_ri_rs           1  7.0    0.002    0.003  106.683  106.761
 transform_mo_to_ao_contravaria   21665  5.0    0.045    0.060  104.102  105.756
 make_m2s                        217696  8.8    1.167    1.707  101.124  104.331
 make_images                     217696  9.8   14.457   21.796   98.812  102.052
 ri_rs_grid_assembler                 1  8.0    0.000    0.002   96.942   97.020
 optimize_ri_rs_grid                  1  9.0    1.614    3.285   96.929   97.011
 mp_sum_d                         22774  4.1   59.826   96.601   59.826   96.601
 evaluate_rirs_grid_cluster         402 10.0   36.780   93.159   36.780   93.159
 dbcsr_complete_redistribute      65374  8.0    5.019    6.407   84.284   86.704
 copy_dbcsr_to_fm                 43475  7.0    0.300    0.374   78.100   82.879
 multiply_cannon_metrocomm1      870784 10.8    0.950    1.118   35.803   72.645
 multiply_cannon_metrocomm3      870784 10.8    0.824    0.873   31.858   66.332
 make_images_data                217696 10.8    1.559    1.653   55.820   63.336
 mp_sum_l                        326794  8.8   40.407   51.534   40.407   51.534
 hybrid_alltoall_any             261175 11.3    2.399    8.658   45.053   50.818
 calculate_norms                1739952 10.8   30.058   40.238   30.058   40.238
 mp_sum_dv                        87006  7.0   27.533   31.749   27.533   31.749
 make_images_sizes               217696 10.8    0.095    0.109   20.528   28.129
 mp_alltoall_i44                 217696 11.8   20.433   28.026   20.433   28.026
 mp_cart_sub                      86965  9.0   27.621   27.763   27.621   27.763
 mp_alltoall_i22                 108853  9.0   16.028   23.945   16.028   23.945
 copy_fm_to_dbcsr                 21899  7.0    0.058    0.081   21.061   23.557
 mp_alltoall_d11v                326641  9.4   20.232   22.118   20.232   22.118
 buffer_matrices_ensure_size     217696  9.8    8.677   21.591    8.677   21.591
 mp_alltoall_i11v                239601  9.0   15.742   16.659   15.742   16.659
 dbcsr_desymmetrize_deep          43479  8.0    1.157    1.854   11.989   16.585
 mp_allgather_i34                108848  9.8    8.749   14.982    8.749   14.982
 scf_env_do_scf                       1  4.0    0.000    0.001   13.485   13.487
 scf_env_do_scf_inner_loop           40  5.0    0.002    0.005   13.485   13.487
 dbcsr_finalize                  219246  8.9    0.871    0.944   10.305   11.693
 make_images_pack                217696 10.8    3.565    7.730    4.594    8.627
 dbcsr_merge_all                 175429  9.9    3.658    4.133    7.296    8.346
 hadamard_product_inplace         21664  7.0    5.513    6.784    5.534    6.808
 dbcsr_add_wm_from_matrix         21868  9.0    3.210    5.168    4.726    6.066
 mp_cart_create                   43505  9.0    5.240    5.959    5.240    5.959
 qs_ks_build_kohn_sham_matrix        41  8.0    0.006    0.010    5.831    5.839
 qs_ks_update_qs_env                 40  6.0    0.001    0.001    5.791    5.799
 rebuild_ks_matrix                   40  7.0    0.000    0.000    5.783    5.790
 fft_wrap_pw1pw2                    730 11.1    0.005    0.007    5.653    5.744
 print_ft                             1  3.0    0.002    0.031    5.341    5.588
 greenx_refine_ft                     3  4.0    5.338    5.586    5.338    5.586
 fft_wrap_pw1pw2_300                484 12.4    0.264    0.399    5.299    5.392
 cp_fm_write_formatted             5416  3.0    5.143    5.280    5.155    5.361
 fft3d_ps                           730 13.1    1.102    1.385    5.118    5.328
 dbcsr_copy                      261346  8.5    2.031    4.213    2.529    4.757
 cp_fm_write_unformatted           5420  3.0    4.210    4.339    4.227    4.498
 mp_alltoall_z22v                   730 15.1    3.721    4.181    3.721    4.181
 multiply_cannon_metrocomm2      761936 10.8    1.297    1.652    2.847    4.109
 qs_scf_new_mos                      40  6.0    0.001    0.001    3.910    3.931
 compute_W                            1  8.0    0.000    0.000    3.771    3.788
 dbcsr_fill_wm_from_matrix        21868 10.0    1.200    3.669    1.310    3.766
 eigensolver_symm                    40  7.0    0.002    0.003    3.699    3.702
 dbcsr_create_new               1067436  9.6    2.202    2.585    2.928    3.614
 cp_fm_diag_elpa                     44  8.0    0.000    0.000    3.569    3.576
 cp_fm_diag_elpa_base                44  9.0    3.533    3.553    3.556    3.557
 qs_vxc_create                       41  9.0    0.001    0.002    3.468    3.483
 xc_vxc_pw_create                    40 10.0    0.032    0.036    3.467    3.482
 dbcsr_iterator_start           1046275  9.9    2.156    2.696    2.723    3.428
 mp_isend_dv                    2614181 12.2    1.396    3.393    1.396    3.393
 compute_Sigma_c_and_QP_energie       1  8.0    0.000    0.000    3.033    3.043
 qs_rho_update_rho_low               41  6.0    0.000    0.001    2.843    2.844
 calculate_rho_elec                  41  7.0    0.027    0.030    2.843    2.844
 compute_fm_W_freq                   30  9.0    0.000    0.001    2.827    2.838
 multiply_cannon_metrocomm4      761936 10.8    1.136    1.343    2.436    2.805
 xc_pw_derive                       240 12.0    0.001    0.001    2.712    2.759
 dbcsr_set                        87311  8.5    0.041    0.057    2.231    2.700
 dbcsr_zero                       87311  9.5    2.190    2.660    2.190    2.660
 x_to_yz                            363 14.2    0.168    0.225    2.323    2.582
 dbcsr_scale_anytype              44353  8.6    0.896    1.347    2.270    2.522
 dbcsr_work_destroy_all          436604 10.9    1.365    1.613    2.006    2.448
 dbcsr_sort_data                  87115 10.8    1.257    2.163    1.257    2.163
 mp_isend_iv                    2873167 11.8    1.516    2.107    1.516    2.107
 get_mat_chi_Gamma_tau                1  8.0    0.000    0.001    2.103    2.103
 dbcsr_iterator_stop            1046275  9.9    1.604    1.847    1.766    2.017
 tree_to_linear_d                 65396 11.0    1.267    1.955    1.267    1.955
 multiply_cannon_multrec_finali  108848 11.8    0.086    0.116    0.768    1.953
 contract_grid_panels                31  9.0    0.001    0.001    1.910    1.936
 dbcsr_mm_multrec_finalize       108848 12.8    0.336    0.464    0.682    1.871
 setup_rec_index_2d              217696  9.8    1.458    1.848    1.458    1.848
 compute_Sigma_c                      1  9.0    0.000    0.001    1.836    1.836
 yz_to_x                            285 14.1    0.062    0.076    1.624    1.830
 cp_cfm_transpose                 21664  5.0    0.954    1.817    0.954    1.817
 xc_pw_divergence                    40 11.0    0.001    0.001    1.776    1.814
 dbcsr_data_release             8160270 10.7    1.550    1.790    1.550    1.790
 dbcsr_work_create               436604  9.9    1.157    1.298    1.559    1.762
 density_rs2pw                       41  8.0    0.001    0.002    1.657    1.757
 dbcsr_special_finalize          217696 10.8    0.146    0.159    1.662    1.744
 copy_dbcsr_to_fm_bc              43475  8.0    0.851    1.469    1.042    1.677
 xc_rho_set_and_dset_create          40 11.0    0.026    0.033    1.632    1.676
 sum_up_and_integrate                41  9.0    0.001    0.001    1.668    1.674
 integrate_v_rspace                  41 10.0    0.001    0.001    1.663    1.670
 quick_finalize                  261175 11.5    0.437    0.475    1.571    1.643
 dbcsr_mm_sched_finalize         108848 13.8    0.291    1.610    0.291    1.610
 contract_grid_panels_sigma_c        30 10.0    0.001    0.001    1.554    1.557
 dbcsr_data_new                 4958242 10.2    1.386    1.537    1.386    1.537
 dbcsr_make_untransposed_blocks  130705  8.8    0.684    0.822    1.426    1.519
 dbcsr_destroy                  1023875  8.8    0.896    1.005    1.370    1.498
 dbcsr_new_transposed             65276  8.7    0.347    0.395    1.168    1.483
 dbcsr_mm_multrec_init           108848  9.8    0.062    0.076    1.010    1.434
 cp_fm_trace_a0b0t0               16254  3.0    0.045    0.092    1.040    1.426
 dbcsr_mm_csr_init               108848 10.8    0.658    0.790    0.949    1.368
 dbcsr_sort_indices              522782 11.8    1.120    1.340    1.120    1.340
 potential_pw2rs                     41 11.0    0.004    0.005    1.288    1.296
 grid_collocate_task_list            41  8.0    1.103    1.205    1.103    1.205
 compute_QP_energies                  1  9.0    0.000    0.000    1.197    1.201
 dbcsr_data_copy_aa2              87525 11.0    0.483    1.199    0.483    1.199
 mp_irecv_iv                    2873051 11.8    0.733    1.188    0.733    1.188
 create_and_init_bs_env_for_gw        1  7.0    0.000    0.000    1.076    1.161
 cp_cfm_to_fm                     75829  5.6    0.473    1.154    0.473    1.154
 to_Gamma_and_mo_real                62 10.0    0.001    0.002    1.119    1.119
 dbcsr_make_index_list           217696  9.8    1.049    1.118    1.049    1.118
 setup_buffer_matrices           217696  9.8    0.283    0.434    0.749    1.099
 cp_fm_transpose                  16255  3.0    0.367    1.046    0.367    1.046
 copy_fm_to_dbcsr_bc              21899  8.0    0.290    0.425    0.735    1.026
 gspace_mixing                       39  6.0    0.026    0.029    1.010    1.010
 mp_irecv_dv                    2613565 12.2    0.541    1.001    0.541    1.001
 get_electron_number_MO            2708  3.0    0.006    0.009    0.424    0.830
 setup_time_and_frequency_minim       1  8.0    0.001    0.002    0.745    0.830
 build_minimax_time_frequency_g       1  9.0    0.000    0.001    0.745    0.830
 fit_l_sq_weights                     3 10.0    0.743    0.828    0.743    0.828
 dbcsr_iterator_seek            1046275 10.9    0.567    0.797    0.567    0.797
 cp_fm_to_cfm                     86661  6.0    0.407    0.758    0.407    0.758
 transfer_rs2pw                     166  9.0    0.001    0.002    0.653    0.752
 dbcsr_scale_d                    21696  7.0    0.021    0.030    0.660    0.727
 transfer_pw2rs                     165 12.0    0.000    0.001    0.668    0.676
 compute_Z_lP                         1  8.0    0.000    0.000    0.659    0.675
 compute_Z_lP_standard                1  9.0    0.001    0.002    0.659    0.675
 mp_waitany                        2332 12.5    0.585    0.674    0.585    0.674
 mp_sum_iv                       108871  9.8    0.543    0.670    0.543    0.670
 dbcsr_make_index_exist         1067436 10.6    0.435    0.624    0.435    0.624
 qs_ks_ddapc                         41  9.0    0.000    0.000    0.546    0.559
 fill_hash_tables                108848 11.8    0.229    0.554    0.229    0.554
 cp_fm_cholesky_invert               31 10.0    0.533    0.543    0.533    0.543
 broyden_mixing                      39  7.0    0.438    0.522    0.496    0.540
 mp_comm_free                    130528  9.0    0.447    0.527    0.447    0.527
 build_G_ao                         121  9.5    0.000    0.001    0.444    0.471
 transpose_index_local            65276  9.7    0.094    0.122    0.238    0.458
 mp_sync                             49  9.8    0.216    0.390    0.216    0.390
 dbcsr_reserve_all_blocks         21902  9.0    0.041    0.065    0.210    0.389
 mp_recv_dv                       97543  4.0    0.006    0.387    0.006    0.387
 eval_bandstructure_properties        1  6.0    0.000    0.000    0.383    0.384
 dbcsr_get_diag                   21664  7.0    0.268    0.359    0.290    0.380
 transfer_rs2pw_300                  43  9.9    0.063    0.073    0.263    0.365
 merge_index                     175429 10.9    0.325    0.363    0.325    0.363
 G_occ_vir                          121 10.5    0.005    0.008    0.333    0.361
 cp_fm_cholesky_decompose            33 10.0    0.315    0.345    0.315    0.345
 dbcsr_reserve_blocks             21916 10.0    0.153    0.323    0.170    0.337
 dbcsr_distribution_new          392629  8.8    0.253    0.334    0.253    0.334
 mp_bcast_dm                          2 11.5    0.243    0.333    0.243    0.333
 mp_max_l                            22  1.8    0.251    0.328    0.251    0.328
 init_scf_run                         1  4.0    0.001    0.002    0.325    0.326
 cp_cfm_geeig                         1  7.0    0.000    0.000    0.321    0.321
 grid_integrate_task_list            41 11.0    0.289    0.316    0.289    0.316
 release_dbcsr_topology_and_mat   64995  7.0    0.054    0.065    0.277    0.308
 compute_d_lp                         2 10.0    0.109    0.196    0.166    0.303
 cp_cfm_scale_and_add             83959  5.0    0.167    0.290    0.167    0.290
 dbcsr_switch_data_area          544307 11.1    0.174    0.198    0.246    0.286
 cp_cfm_heevd                         1  8.0    0.000    0.000    0.284    0.285
 cp_cfm_heevd_base                    1  9.0    0.284    0.285    0.284    0.285
 transfer_pw2rs_100                  41 13.0    0.026    0.040    0.215    0.255
 transfer_rs2pw_100                  41 10.0    0.024    0.030    0.200    0.247
 transfer_pw2rs_300                  42 12.9    0.065    0.083    0.217    0.243
 xc_functional_eval                  40 12.0    0.000    0.001    0.207    0.239
 pbe_lda_eval                        40 13.0    0.207    0.239    0.207    0.239
 compute_fm_chi_Gamma_freq           30  9.0    0.000    0.001    0.221    0.238
 abc_contract_xsmm                42981 10.1    0.092    0.237    0.092    0.237
 dbcsr_make_dbcsr_index          523876 11.7    0.206    0.236    0.206    0.236
 RI_2c_integral_mat                   4  7.2    0.001    0.002    0.220    0.229
 fft_wrap_pw1pw2_100                 82 11.5    0.006    0.008    0.192    0.208
 cp_fm_symm                          40  8.0    0.197    0.204    0.197    0.204
 transfer_pw2rs_40                   41 13.0    0.042    0.046    0.159    0.193
 qs_energies_init_hamiltonians        1  4.0    0.003    0.011    0.189    0.189
 get_RI_basis                         1  8.0    0.000    0.001    0.188    0.189
 compute_Minv_Gamma                   1  9.0    0.001    0.003    0.185    0.187
 gw_3c_ctx_create                     2 10.0    0.002    0.142    0.100    0.182
 qs_env_update_s_mstruct              1  5.0    0.000    0.000    0.171    0.181
 transfer_rs2pw_40                   41 10.0    0.033    0.040    0.150    0.173
 cp_fm_uplo_to_full                 105 10.0    0.064    0.165    0.064    0.165
 mp_sendrecv_dv                    5166 11.0    0.142    0.162    0.142    0.162
 compute_Sigma_x                      1  8.0    0.000    0.000    0.154    0.162
 build_2c_integrals                   4  8.2    0.010    0.155    0.158    0.161
 mp_send_dv                       10836  4.0    0.024    0.159    0.024    0.159
 compute_V_MinvVsqrt                  1  9.0    0.001    0.002    0.156    0.159
 cp_fm_create                     32977  6.1    0.112    0.155    0.112    0.155
 dbcsr_get_local_cols            108848  8.8    0.075    0.155    0.075    0.155
 create_and_init_bs_env               1  6.0    0.001    0.001    0.145    0.151
 parser_read_line                 20868  4.0    0.002    0.002    0.136    0.147
 parser_read_line_low                26  5.1    0.001    0.019    0.134    0.145
 broadcast_input_information         26  6.1    0.011    0.026    0.133    0.144
 qs_init_subsys                       1  2.0    0.006    0.021    0.132    0.133
 qs_env_setup                         1  3.0    0.001    0.002    0.124    0.132
 qs_env_rebuild_pw_env                2  4.0    0.000    0.000    0.121    0.131
 pw_env_rebuild                       1  5.0    0.001    0.004    0.121    0.130
 dbcsr_get_local_rows            108848  8.8    0.076    0.129    0.076    0.129
 create_qs_kind_set                   1  2.0    0.000    0.000    0.125    0.129
 read_qs_kind                         2  3.0    0.021    0.029    0.125    0.129
 pw_poisson_solve                    41  9.0    0.000    0.001    0.119    0.127
 pw_integral_ab_c1d_c1d_gs           82 10.5    0.092    0.105    0.118    0.127
 pw_grid_setup                        4  6.0    0.000    0.001    0.113    0.123
 pw_grid_setup_internal               4  7.0    0.001    0.001    0.113    0.123
 scf_env_initial_rho_setup            1  5.0    0.000    0.001    0.118    0.122
 diagonalize_ks_matrix                1  7.0    0.000    0.000    0.121    0.121
 cp_fm_geeig_canon                    1  8.0    0.000    0.000    0.121    0.121
 setup_square_topology            43454  7.0    0.070    0.089    0.101    0.121
 pw_gather_p                        326 12.8    0.112    0.121    0.112    0.121
 cp_ddapc_apply_CD                   41 10.0    0.001    0.003    0.109    0.114
 dbcsr_binary_write                   1 10.0    0.097    0.112    0.098    0.112
 rs_gather_matrices                  41 11.0    0.001    0.002    0.085    0.110
 calculate_dm_sparse                 40  7.0    0.000    0.000    0.107    0.109
 cp_dbcsr_plus_fm_fm_t               40  8.0    0.001    0.001    0.106    0.108
 calculate_rho_core                   1  6.0    0.004    0.008    0.095    0.106
 build_phi_on_sphere                  2 10.0    0.003    0.005    0.058    0.104
 initialize_sex_selfenergy            1  3.0    0.000    0.000    0.104    0.104
 rt_bse_ri_rs_ensure_W0_grid          1  4.0    0.000    0.000    0.104    0.104
 evaluate_ao_on_points              161 11.0    0.057    0.103    0.057    0.103
 fft_wrap_pw1pw2_40                  82 11.5    0.001    0.001    0.097    0.101
 dbcsr_make_index_local_row      217696  9.8    0.087    0.100    0.087    0.100
 mp_bcast_am_src                     26  7.1    0.078    0.100    0.078    0.100
 pw_scatter_p                       404 13.3    0.080    0.098    0.080    0.098
 build_gram_jacobi_blas               2 10.0    0.044    0.060    0.068    0.092
 dbcsr_get_data_size_used        218908  9.9    0.076    0.089    0.076    0.089
 multrec_filtering                87082 13.8    0.055    0.089    0.055    0.089
 parallel_gemm_cfm                   14  6.6    0.000    0.000    0.085    0.085
 parallel_gemm_cfm_cosma             14  7.6    0.084    0.085    0.084    0.085
 initialize_hartree_potential         1  3.0    0.000    0.000    0.084    0.085
 rt_bse_ri_rs_ensure_V_grid           1  4.0    0.000    0.000    0.084    0.085
 pw_copy                            651 11.6    0.075    0.082    0.075    0.082
 dbcsr_mm_sched_init             108848 11.8    0.047    0.057    0.062    0.082
 transfer_pw2rs_20                   41 13.0    0.008    0.009    0.077    0.082
 collect_used_col_blocks             92 10.7    0.001    0.001    0.057    0.080
 compute_d_lp_dgemm                 760 11.0    0.042    0.078    0.042    0.078
 fill_fm_Sigma_c_Gamma_time           1 10.0    0.000    0.000    0.075    0.075
 cp_fm_geeig                          1 10.0    0.000    0.000    0.075    0.075
 compute_Z_lP_standard_dpotrf         2 10.0    0.055    0.074    0.055    0.074
 extract_grid_panel                 122 10.5    0.028    0.064    0.037    0.072
 scf_post_calculation_gpw             1  4.0    0.000    0.000    0.071    0.072
 initialize_rtbse_env                 1  3.0    0.067    0.067    0.071    0.071
 write_available_results              1  5.0    0.000    0.001    0.069    0.071
 write_mo_free_results                1  6.0    0.002    0.005    0.068    0.071
 read_gw_input_parameters             1  8.0    0.000    0.000    0.068    0.070
 read_rirs_grid_opt                   1  9.0    0.056    0.069    0.056    0.069
 initialize_moments                   1  3.0    0.001    0.002    0.066    0.067
 pw_derive                          363 12.3    0.060    0.065    0.060    0.065
 compute_proj_mo_on_kind              1  7.0    0.000    0.000    0.062    0.063
 fft_wrap_pw1pw2_20                  82 11.5    0.000    0.001    0.060    0.061
 dbcsr_add_d                        931 10.0    0.001    0.001    0.052    0.058
 dbcsr_add_anytype                  931 11.0    0.010    0.019    0.051    0.057
 mp_sum_i                           409  9.9    0.033    0.056    0.033    0.056
 mp_bcast_i_src                     104  7.1    0.033    0.053    0.033    0.053
 compute_V_xc                         1  8.0    0.000    0.000    0.050    0.051
 mp_sum_dm                           41  7.9    0.031    0.049    0.031    0.049
 mp_alltoall_z11v                    82 14.5    0.046    0.048    0.046    0.048
 qs_create_task_list                  1  6.0    0.000    0.002    0.042    0.048
 generate_qs_task_list                1  7.0    0.001    0.001    0.041    0.048
 distribute_tasks                     1  8.0    0.000    0.000    0.041    0.047
 extract_masked_blocks              244 10.6    0.017    0.025    0.028    0.046
 dbcsr_get_global_row_map        108848  8.8    0.027    0.045    0.027    0.045
 cp_ddapc_init                        1  6.0    0.000    0.000    0.033    0.045
 cp_ddapc_create                      1  7.0    0.000    0.000    0.033    0.045
 pw_poisson_set                      42  9.9    0.000    0.001    0.037    0.045
 mp_maxloc_dv                      1517  1.0    0.043    0.044    0.043    0.044
 transfer_rs2pw_20                   41 10.0    0.015    0.016    0.039    0.043
 mask_mo_block_cfm                32496  5.0    0.021    0.043    0.021    0.043
 pw_copy_to_array                   326 12.8    0.033    0.041    0.033    0.041
 hadamard_product                    91 10.7    0.022    0.027    0.034    0.040
 rs_scatter_matrices                 41  8.0    0.001    0.001    0.035    0.040
 transform_ao_to_mo_covariant_f       6  4.0    0.000    0.000    0.039    0.040
 pw_copy_from_array                 404 13.3    0.033    0.039    0.033    0.039
 topology_control                     1  2.0    0.001    0.003    0.039    0.039
 coordinate_control                   1  3.0    0.001    0.001    0.034    0.039
 coordinate_control_READ_COORDI       1  4.0    0.000    0.001    0.033    0.038
 read_coordinate_xyz                  1  5.0    0.000    0.000    0.033    0.038
 mp_mem_avail_per_rank_GB             4  9.8    0.001    0.001    0.028    0.037
 get_ddapc                           41 11.0    0.001    0.001    0.032    0.037
 create_local_tasks                   1  9.0    0.000    0.000    0.033    0.036
 mp_alltoall_l11v                     1 10.0    0.033    0.036    0.033    0.036
 mp_comm_split_type                   4 10.8    0.028    0.036    0.028    0.036
 pw_grid_remap                        4  8.0    0.001    0.001    0.033    0.034
 mp_sum_im3                           5  9.2    0.032    0.034    0.032    0.034
 build_gram_jacobi_blas_dsyrk         2 11.0    0.024    0.034    0.024    0.034
 mp_isend_dm3                       996 12.5    0.014    0.033    0.014    0.033
 modify_hartree_pot                  41 11.0    0.021    0.033    0.021    0.033
 dbcsr_get_global_col_map        108848  8.8    0.024    0.033    0.024    0.033
 mp_bcast_b_src                      85  8.6    0.013    0.032    0.013    0.032
 pw_axpy                            405 10.3    0.030    0.032    0.030    0.032
 cp_cfm_zscale                    21664  5.0    0.020    0.032    0.020    0.032
 mp_sum_im                            8  7.5    0.029    0.030    0.029    0.030
 pw_grid_sort                         4  8.0    0.019    0.020    0.027    0.029
 build_grid_cache                     1  9.0    0.003    0.003    0.012    0.028
 hirshfeld_integration                1  7.0    0.014    0.023    0.028    0.028
 apply_delta_pulse_MO                 1  3.0    0.000    0.000    0.028    0.028
 propagate_density                    1  4.0    0.000    0.000    0.027    0.028
 bch_propagate                        1  5.0    0.000    0.000    0.027    0.028
 xz_to_yz                            41 12.0    0.001    0.001    0.027    0.027
 build_core_hamiltonian_matrix        1  5.0    0.001    0.002    0.011    0.027
 rs_grid_zero                        85 13.8    0.022    0.027    0.022    0.027
 calculate_hirshfeld_normalizat       1  7.0    0.014    0.023    0.025    0.027
 fm_write                             1  9.0    0.000    0.002    0.011    0.027
 read_rirs_grid_file                  2 10.0    0.009    0.025    0.009    0.025
 dbcsr_mm_hostdrv_init           108848 12.8    0.015    0.025    0.015    0.025
 ddapc_eval_AmI                       1  8.0    0.002    0.002    0.012    0.024
 yz_to_xz                            41 15.0    0.001    0.001    0.021    0.022
 cp_cfm_cholesky_decompose            2  8.0    0.021    0.022    0.021    0.022
 mp_max_i                           607  1.8    0.020    0.022    0.020    0.022
 mixing_init                          1  6.0    0.020    0.021    0.021    0.021
 mp_comm_split_direct                 8 13.6    0.015    0.021    0.015    0.021
 ewald_ddapc_pot                      1  8.0    0.010    0.020    0.020    0.021
 mp_bcast_iv_src                     26  7.1    0.011    0.020    0.011    0.020
 get_parameters_from_qs_env           1  7.0    0.000    0.000    0.013    0.019
 pw_zero                            201 11.4    0.015    0.019    0.015    0.019
 cp_fm_redistribute_start            44  9.0    0.000    0.000    0.013    0.019
 check_gw_input                       1  9.0    0.000    0.000    0.012    0.019
 resolve_memory_per_proc              1 10.0    0.000    0.000    0.012    0.019
 dbcsr_dot                           81  9.0    0.001    0.002    0.014    0.018
 compute_Z_lP_standard_dpotrs         2 10.0    0.011    0.018    0.011    0.018
 get_ddapc-charges                   41 12.0    0.002    0.003    0.015    0.017
 build_overlap_matrix_low             1  6.0    0.005    0.015    0.006    0.016
 create_tensors                       1  8.0    0.000    0.000    0.016    0.016
 mp_max_d                           248  9.6    0.012    0.015    0.012    0.015
 mulliken_population_analysis         1  7.0    0.000    0.000    0.011    0.015
 create_product_matrix              334 10.6    0.001    0.001    0.005    0.015
 calculate_first_density_matrix       1  6.0    0.000    0.001    0.011    0.015
 cp_cfm_triangular_multiply           3  8.0    0.013    0.014    0.013    0.014
 calculate_atomic_block_dm            1  7.0    0.001    0.005    0.010    0.014
 dbt_distribution_new_expert         10 11.5    0.000    0.000    0.010    0.011
 create_3c_t                          2  9.0    0.001    0.001    0.011    0.011
 mp_rank_compare                    730 14.1    0.010    0.011    0.010    0.011
 self_consistency_check              40  6.0    0.000    0.000    0.007    0.010
 cp_sm_mix                           40  7.0    0.001    0.003    0.007    0.010
 sort_shells                          4  9.0    0.008    0.010    0.008    0.010
 dbcsr_filter_anytype               202 10.0    0.001    0.001    0.005    0.010
 load_balance_distributed             2  9.0    0.000    0.000    0.007    0.009
 evaluate_core_matrix_traces         40  7.0    0.000    0.000    0.008    0.009
 calculate_ptrace_kp                 80  8.0    0.000    0.000    0.008    0.009
 connectivity_control                 1  3.0    0.001    0.003    0.003    0.009
 dbt_tas_distribution_new            10 12.5    0.003    0.004    0.008    0.009
 restraint_control                    1  3.0    0.001    0.003    0.007    0.009
 check_for_restart_files              1  8.0    0.008    0.009    0.008    0.009
 Fourier_transform_w_to_t            30  9.0    0.000    0.001    0.007    0.009
 cp_fm_scale_and_add                935  9.9    0.007    0.009    0.007    0.009
 mp_irecv_dm3                       996 12.5    0.003    0.009    0.003    0.009
 build_b_vector                      41 13.0    0.006    0.008    0.006    0.008
 cp_cfm_triangular_invert             1  8.0    0.008    0.008    0.008    0.008
 pw_multiply_with                    41 10.0    0.006    0.008    0.006    0.008
 dbcsr_crop_matrix                   80 11.0    0.000    0.001    0.007    0.008
 get_current_loads                   12 10.0    0.000    0.000    0.005    0.008
 mp_sum_lv                          126  2.2    0.007    0.008    0.007    0.008
 analyt_conti_and_print               1 10.0    0.002    0.006    0.004    0.007
 compute_load_list                    4 10.0    0.000    0.000    0.005    0.007
 dbt_pgrid_create_expert             13 11.9    0.001    0.002    0.005    0.007
 cp_fm_gemm                           3  9.0    0.007    0.007    0.007    0.007
 check_positive_definite_overla       1  7.0    0.000    0.000    0.006    0.007
 mp_alltoall_l                       13 10.9    0.004    0.007    0.004    0.007
 mp_bcast_av                        759  1.0    0.005    0.006    0.005    0.006
 create_3c_tensor                     2 10.0    0.001    0.002    0.006    0.006
 mp_comm_size                     17306  4.6    0.005    0.006    0.005    0.006
 delete_unnecessary_files             1  9.0    0.000    0.000    0.000    0.006
 qs_scf_ensure_work_matrices          1  4.0    0.000    0.000    0.004    0.006
 safe_delete                         60 10.0    0.000    0.006    0.000    0.006
 dbcsr_copy_submatrix                80 12.0    0.001    0.001    0.005    0.006
 write_mo_set_to_restart             40  6.0    0.000    0.003    0.004    0.006
 print_matrix_occupation              3  9.0    0.000    0.000    0.003    0.005
 create_2c_t                          1  9.0    0.000    0.000    0.005    0.005
 cp_fm_triangular_multiply            3 11.0    0.005    0.005    0.005    0.005
 create_2c_tensor                     3 10.0    0.000    0.000    0.005    0.005
 dbt_tas_create_split                 6 13.2    0.000    0.001    0.005    0.005
 dbt_tas_create_split_rows_or_c       6 14.2    0.000    0.000    0.005    0.005
 qs_scf_post_charges                  1  5.0    0.002    0.005    0.002    0.005
 mp_comm_rank                     17306  4.6    0.004    0.005    0.004    0.005
 mp_isendrecv_dv                   5166 14.0    0.003    0.005    0.003    0.005
 topology_generate_bond               1  4.0    0.000    0.000    0.002    0.005
 pw_grid_assign                       4  8.0    0.004    0.005    0.005    0.005
 cp_fm_to_fm_matrix                 200 10.4    0.002    0.005    0.002    0.005
 write_mo_dependent_results           1  6.0    0.001    0.004    0.001    0.004
 cp_fm_copy_general                   4  8.2    0.000    0.000    0.002    0.004
 calculate_ecore_overlap              1  5.0    0.000    0.000    0.003    0.004
 write_mo_set_low                     2  7.0    0.000    0.000    0.004    0.004
 build_core_ppl                       1  6.0    0.002    0.004    0.002    0.004
 pw_scale                           161 10.8    0.003    0.004    0.003    0.004
 rs_grid_create_descriptor            4  6.0    0.000    0.000    0.003    0.004
 get_fft_scratch                    731 14.1    0.004    0.004    0.004    0.004
 atomic_basis_at_grid_point           1  8.0    0.000    0.000    0.004    0.004
 allocate_and_fill_fm_ks_fm_s         1  7.0    0.000    0.000    0.004    0.004
 cp_fm_start_copy_general             4  9.2    0.001    0.001    0.002    0.004
 pw_grid_distribute                   4  8.0    0.001    0.001    0.003    0.004
 mp_sum_b                           187 10.8    0.004    0.004    0.004    0.004
 topology_generate_bond_3             1  5.0    0.001    0.002    0.001    0.004
 classify_z_lp_atoms                  1 10.0    0.000    0.000    0.002    0.004
 build_kinetic_matrix_low             1  6.0    0.001    0.003    0.001    0.004
 cp_fm_triangular_invert              1 11.0    0.003    0.003    0.003    0.003
 build_2c_coulomb_matrix_kp           1 10.0    0.000    0.000    0.003    0.003
 dbt_create_new                       5 11.0    0.000    0.000    0.002    0.003
 build_A_matrix                       1  9.0    0.002    0.003    0.002    0.003
 mp_allgather_i                      10 10.4    0.001    0.003    0.001    0.003
 lattice_sum                          1 11.0    0.000    0.000    0.002    0.003
 cube_transpose_1                    41 15.0    0.000    0.001    0.003    0.003
 cfm_ikp_from_fm_Gamma                3  7.3    0.001    0.003    0.001    0.003
 ab_contract                      14212  9.2    0.003    0.003    0.003    0.003
 cube_transpose_2                    41 12.0    0.000    0.001    0.003    0.003
 pw_pool_create_pw                 1272 10.8    0.002    0.002    0.002    0.003
 allocate_matrices                    1  9.0    0.001    0.002    0.002    0.003
 dbcsr_make_images_dense             80 11.0    0.000    0.000    0.002    0.003
 compute_v_transl                     1 12.0    0.002    0.003    0.002    0.003
 grid_free_task_list                  1  2.0    0.002    0.003    0.002    0.003
 fill_phi_for_atom                    2  9.0    0.000    0.000    0.001    0.003
 mp_min_d                             5 10.0    0.001    0.003    0.001    0.003
 calculate_atom                       2  8.0    0.000    0.000    0.001    0.003
 calculate_atom_restricted            2  9.0    0.001    0.002    0.001    0.003
 atom_int_setup                       2  8.0    0.001    0.002    0.001    0.003
 optimize_load_list                   2 10.0    0.000    0.000    0.002    0.003
 dbcsr_make_dense_low                80 12.0    0.000    0.000    0.001    0.002
 create_fm_W_MIC_time                 1  9.0    0.000    0.001    0.001    0.002
 xc_pw_smooth                        40 11.0    0.000    0.000    0.002    0.002
 scf_c_read_parameters                1  3.0    0.001    0.002    0.001    0.002
 build_fist_neighbor_lists            1  6.0    0.000    0.001    0.001    0.002
 mp_bcast_i                           6 15.2    0.002    0.002    0.002    0.002
 external_control                    40  6.0    0.000    0.000    0.002    0.002
 make_dense_data                     80 13.0    0.000    0.001    0.001    0.002
 read_smeagol_control                 1  3.0    0.000    0.002    0.000    0.002
 build_local_moment_matrix            2  4.0    0.002    0.002    0.002    0.002
 mp_bcast_i3                          2 11.0    0.002    0.002    0.002    0.002
 mpools_rebuild_fm_pools              1  4.0    0.000    0.000    0.001    0.002
 build_core_ppnl                      1  6.0    0.001    0.002    0.001    0.002
 write_dft_control                    1  3.0    0.000    0.002    0.000    0.002
 populate_C_active                    1  3.0    0.000    0.000    0.001    0.002
 cp_fm_to_fm_submat_general           1  4.0    0.001    0.002    0.001    0.002
 pw_poisson_rebuild                  41 10.0    0.001    0.002    0.001    0.002
 continuation_pade                   14 11.0    0.000    0.001    0.001    0.002
 get_rpa_minimax_coeff_larger_g       1 10.0    0.001    0.002    0.001    0.002
 compute_max_radius                   1  6.0    0.001    0.002    0.001    0.002
 store_Z_lP_columns                   2 10.0    0.001    0.001    0.001    0.001
 build_neighbor_lists                 1  7.0    0.001    0.001    0.001    0.001
 ddapc_eval_gfunc                     1  8.0    0.001    0.001    0.001    0.001
 pw_pool_give_back_pw              1426 10.8    0.001    0.001    0.001    0.001
 qs_scf_print_scf_summary             1  6.0    0.000    0.001    0.000    0.001
 mp_cart_get                        773 14.1    0.001    0.001    0.001    0.001
 mp_allgather_l                      13 10.9    0.001    0.001    0.001    0.001
 mp_comm_dup                         10 11.9    0.001    0.001    0.001    0.001
 fm_add_on_diag                      60 10.0    0.001    0.001    0.001    0.001
 get_sigma_c_newton_pade             14 12.0    0.001    0.001    0.001    0.001
 mp_bcast_iv                        137  3.0    0.001    0.001    0.001    0.001
 distribution_3d_create               1 10.0    0.000    0.000    0.001    0.001
 reserve_blocks_within_radius         1  5.0    0.001    0.001    0.001    0.001
 init_cube_info                       4  6.0    0.001    0.001    0.001    0.001
 qs_scf_write_mos                    41  6.0    0.001    0.001    0.001    0.001
 print_ri_rs_memory_estimate          1  8.0    0.000    0.000    0.001    0.001
 wfi_create                           1  3.0    0.000    0.001    0.000    0.001
 pw_create_c1d                      739 11.6    0.000    0.001    0.000    0.001
 distribute_molecules_2d              2  7.5    0.000    0.001    0.000    0.001
 scf_c_write_parameters               1  3.0    0.000    0.001    0.000    0.001
 topology_generate_bond_2             1  5.0    0.000    0.001    0.000    0.001
 cp_fm_finish_copy_general            4  9.2    0.001    0.001    0.001    0.001
 build_qs_neighbor_lists              1  5.0    0.000    0.000    0.000    0.001
 cp_dbcsr_alloc_block_from_nbl       14  7.1    0.000    0.000    0.001    0.001
 setup_kpoints_DOS_large_cell_G       1  7.0    0.000    0.000    0.001    0.001
 distribution_2d_create               2 11.0    0.000    0.001    0.001    0.001
 topology_connectivity_pack           1  3.0    0.000    0.000    0.000    0.001
 kpoint_init_cell_index_simple        1  8.0    0.000    0.000    0.001    0.001
 kpoint_init_cell_index               1  9.0    0.000    0.000    0.000    0.001
 calculate_atom_vxc_lda              11 10.0    0.000    0.001    0.000    0.001
 connectivity_control_check_ele       1  4.0    0.000    0.001    0.000    0.001
 mp_sum_partial_im                    2 11.0    0.000    0.001    0.000    0.001
 fix_atom_control                     1  3.0    0.000    0.001    0.000    0.001
 topology_connectivity_pack_5         1  4.0    0.000    0.001    0.000    0.001
 mp_max_iv                            1 10.0    0.000    0.001    0.000    0.001
 scale_rows_by_diag                   4 10.0    0.000    0.001    0.000    0.001
 cp_cfm_norm                          6  5.7    0.001    0.001    0.001    0.001
 grid_create_task_list                1  8.0    0.000    0.001    0.000    0.001
 compute_xkp                          3  9.3    0.000    0.001    0.000    0.001
 write_particle_distances             1  3.0    0.000    0.001    0.000    0.001
 init_interaction_radii               3  7.3    0.000    0.001    0.000    0.001
 multi_fft                            1  4.0    0.000    0.001    0.000    0.001
 pw_create_r3d                      733 11.7    0.000    0.001    0.000    0.001
 get_exp_minimax_coeff_gw             1 10.0    0.000    0.001    0.000    0.001
 cp_fm_set_all                       24  5.3    0.000    0.001    0.000    0.001
 determine_active_mo_window           1  3.0    0.000    0.001    0.000    0.001
 fft3d_s                              1  2.0    0.000    0.000    0.000    0.001
 qs_scf_initial_info                  1  5.0    0.000    0.000    0.000    0.000
 dbcsr_index_compact                152 11.4    0.000    0.000    0.000    0.000
 get_all_VBM_CBM_bandgaps             1 10.0    0.000    0.000    0.000    0.000
 wfs_update                           1  4.0    0.000    0.000    0.000    0.000
 check_scf_gw_level_ordering          1 11.0    0.000    0.000    0.000    0.000
 qs_scf_loop_print                   40  6.0    0.000    0.000    0.000    0.000
 bs_env_release                       1  2.0    0.000    0.000    0.000    0.000
 distribute_molecules_1d              2  7.0    0.000    0.000    0.000    0.000
 time_to_freq                         1 10.0    0.000    0.000    0.000    0.000
 dbcsr_make_dists_dense              40 10.0    0.000    0.000    0.000    0.000
 scf_c_create                         1  3.0    0.000    0.000    0.000    0.000
 mixing_allocate                      1  4.0    0.000    0.000    0.000    0.000
 dbcsr_frobenius_norm                 1  5.0    0.000    0.000    0.000    0.000
 create_mat_munu                      1 10.0    0.000    0.000    0.000    0.000
 qs_efield_local_operator            41  9.0    0.000    0.000    0.000    0.000
 dbcsr_copy_into_existing             1  7.0    0.000    0.000    0.000    0.000
 load_balance_replicated              1  9.0    0.000    0.000    0.000    0.000
 init_scf_loop                        1  5.0    0.000    0.000    0.000    0.000
 dbt_destroy                          5  3.0    0.000    0.000    0.000    0.000
 resolve_grid_panels                  4  9.2    0.000    0.000    0.000    0.000
 set_mo_occupation_2                 40  7.0    0.000    0.000    0.000    0.000
 lattice_sum_R_to_k                   8 12.0    0.000    0.000    0.000    0.000
 write_qs_kind_set                    1  3.0    0.000    0.000    0.000    0.000
 pw_grid_allocate                     4  8.0    0.000    0.000    0.000    0.000
 mp_max_r                             1  2.0    0.000    0.000    0.000    0.000
 initialize_singleparticle_hami       1  3.0    0.000    0.000    0.000    0.000
 mp_mem_used_per_rank_GB              2  9.5    0.000    0.000    0.000    0.000
 build_neighbor_lists_sab_orb         1  6.0    0.000    0.000    0.000    0.000
 rs_grid_create                       6  6.7    0.000    0.000    0.000    0.000
 qs_scf_ensure_mos                    1  4.0    0.000    0.000    0.000    0.000
 resp_fit                             1  6.0    0.000    0.000    0.000    0.000
 offload_create_buffer                8  7.8    0.000    0.000    0.000    0.000
 allocate_blocks_v_L                  2 12.0    0.000    0.000    0.000    0.000
 write_qs_particle_coordinates        1  3.0    0.000    0.000    0.000    0.000
 cp_fm_to_fm_columns                  3  7.0    0.000    0.000    0.000    0.000
 allocate_blocks_v_kp                 1 12.0    0.000    0.000    0.000    0.000
 de_init_bs_env                       1  8.0    0.000    0.000    0.000    0.000
 qs_scf_post_kubo_transport           1  7.0    0.000    0.000    0.000    0.000
 qs_env_rebuild_rho                   1  6.0    0.000    0.000    0.000    0.000
 kpoint_initialize                    1  2.0    0.000    0.000    0.000    0.000
 set_mo_occupation_1                 41  8.0    0.000    0.000    0.000    0.000
 qs_rho_rebuild                       1  7.0    0.000    0.000    0.000    0.000
 get_n_ao_in_sphere                 160 10.0    0.000    0.000    0.000    0.000
 dbt_tas_create_new                   5 12.0    0.000    0.000    0.000    0.000
 write_orbpop                         1  8.0    0.000    0.000    0.000    0.000
 topology_generate_bond_4             1  5.0    0.000    0.000    0.000    0.000
 mp_sum_root_iv                       2 11.0    0.000    0.000    0.000    0.000
 build_3c_neighbor_lists              1 10.0    0.000    0.000    0.000    0.000
 dbcsr_index_prune_deleted          102 12.1    0.000    0.000    0.000    0.000
 contract2                           15  9.0    0.000    0.000    0.000    0.000
 build_neighbor_lists_sap_ppnl        1  6.0    0.000    0.000    0.000    0.000
 build_neighbor_lists_RPA_2c_nl       4  8.2    0.000    0.000    0.000    0.000
 mp_alltoall_i                        1 13.0    0.000    0.000    0.000    0.000
 topology_generate_molecule           1  4.0    0.000    0.000    0.000    0.000
 set_parallelization_parameters       1  9.0    0.000    0.000    0.000    0.000
 init_qs_kind_set                     1  3.0    0.000    0.000    0.000    0.000
 allocate_tmp                         1 11.0    0.000    0.000    0.000    0.000
 init_qs_kind                         2  4.0    0.000    0.000    0.000    0.000
 init_orb_basis_set                   4  5.0    0.000    0.000    0.000    0.000
 distribution_3d_destroy              1  9.0    0.000    0.000    0.000    0.000
 print_Z_lP_progress                  3 10.0    0.000    0.000    0.000    0.000
 metadyn_read                         1  2.0    0.000    0.000    0.000    0.000
 build_neighbor_lists_sac_ppl         1  6.0    0.000    0.000    0.000    0.000
 topology_generate_molecule_PAR       1  5.0    0.000    0.000    0.000    0.000
 cp_cfm_to_cfm_columns                1  8.0    0.000    0.000    0.000    0.000
 create_destination_list              2 10.0    0.000    0.000    0.000    0.000
 topology_molecules_check             1  4.0    0.000    0.000    0.000    0.000
 dbcsr_verify_matrix                 40  9.0    0.000    0.000    0.000    0.000
 initialize_maximum_timestep          1  3.0    0.000    0.000    0.000    0.000
 mp_cart_coords                     320  9.8    0.000    0.000    0.000    0.000
 mp_min_lv                            4  8.0    0.000    0.000    0.000    0.000
 check_generate_mol                   1  6.0    0.000    0.000    0.000    0.000
 init_cphi_and_sphi                   4  6.0    0.000    0.000    0.000    0.000
 atom2d_build                         8  9.0    0.000    0.000    0.000    0.000
 check_for_derivatives               40 11.0    0.000    0.000    0.000    0.000
 build_neighbor_lists_sab_core        1  6.0    0.000    0.000    0.000    0.000
 dbt_distribution_destroy            10 11.5    0.000    0.000    0.000    0.000
 mp_max_lv                            4  8.0    0.000    0.000    0.000    0.000
 build_neighbor_lists_GW_3c_nl_       1 11.0    0.000    0.000    0.000    0.000
 reallocate_ft_traces                 1  4.0    0.000    0.000    0.000    0.000
 check_diag                          44  8.0    0.000    0.000    0.000    0.000
 atom_ppint_setup                     2  8.0    0.000    0.000    0.000    0.000
 print_atomic_charges                41 13.0    0.000    0.000    0.000    0.000
 qs_ks_did_change                    42  6.0    0.000    0.000    0.000    0.000
 mp_min_i                             4  6.0    0.000    0.000    0.000    0.000
 mp_bcast_im                          8 10.2    0.000    0.000    0.000    0.000
 write_band_edges                     3  7.0    0.000    0.000    0.000    0.000
 print_header_and_input_paramet       1  8.0    0.000    0.000    0.000    0.000
 set_blocks_to_matrix_v_kp            1 12.0    0.000    0.000    0.000    0.000
 cp_ddapc_apply_RF                   41 10.0    0.000    0.000    0.000    0.000
 qs_efield_berry_phase               41  9.0    0.000    0.000    0.000    0.000
 build_neighbor_lists_GW_3c_nl_       1 11.0    0.000    0.000    0.000    0.000
 mp_sum_lm3                           1  2.0    0.000    0.000    0.000    0.000
 cp_fm_redistribute_end              44  9.0    0.000    0.000    0.000    0.000
 cp_result_value_p_reallocate         4  7.8    0.000    0.000    0.000    0.000
 scf_env_cleanup                      1  4.0    0.000    0.000    0.000    0.000
 build_neighbor_lists_sab_all         1  6.0    0.000    0.000    0.000    0.000
 create_grid_atom                     2  8.0    0.000    0.000    0.000    0.000
 balance_global_list                  2 11.0    0.000    0.000    0.000    0.000
 topology_coordinate_pack             1  3.0    0.000    0.000    0.000    0.000
 mp_cart_rank                        72 13.0    0.000    0.000    0.000    0.000
 write_qs_control                     1  3.0    0.000    0.000    0.000    0.000
 build_neighbor_lists_sab_orb_s       1 11.0    0.000    0.000    0.000    0.000
 read_bandstructure_input_param       1  7.0    0.000    0.000    0.000    0.000
 ps_implicit_release                  2  4.0    0.000    0.000    0.000    0.000
 read_qs_section                      1  3.0    0.000    0.000    0.000    0.000
 make_basic_distribution              2  8.5    0.000    0.000    0.000    0.000
 topology_connectivity_pack_2         1  4.0    0.000    0.000    0.000    0.000
 topology_connectivity_pack_4         1  4.0    0.000    0.000    0.000    0.000
 plan_grid_panels                     1 10.0    0.000    0.000    0.000    0.000
 print_gw_rirs_input                  1  9.0    0.000    0.000    0.000    0.000
 init_ec_env                          1  2.0    0.000    0.000    0.000    0.000
 xc_libxc_check_functional            2  4.0    0.000    0.000    0.000    0.000
 topology_generate_bond_1             1  5.0    0.000    0.000    0.000    0.000
 mp_sum_r                             1  2.0    0.000    0.000    0.000    0.000
 mp_dims_create                       4 10.5    0.000    0.000    0.000    0.000
 sg_erf                               5  9.0    0.000    0.000    0.000    0.000
 get_basis_offsets                    1  9.0    0.000    0.000    0.000    0.000
 deallocate_blocks_v_L                2 12.0    0.000    0.000    0.000    0.000
 set_RI_basis_function_indices        1  9.0    0.000    0.000    0.000    0.000
 topology_connectivity_pack_1         1  4.0    0.000    0.000    0.000    0.000
 mp_min_rv                            1  2.0    0.000    0.000    0.000    0.000
 precompute_ri_rs_radii               1  8.0    0.000    0.000    0.000    0.000
 topology_connectivity_pack_11        1  4.0    0.000    0.000    0.000    0.000
 read_tddfpt2_control                 1  3.0    0.000    0.000    0.000    0.000
 mp_max_rv                            1  2.0    0.000    0.000    0.000    0.000
 dump_info_core_hamiltonian           1  6.0    0.000    0.000    0.000    0.000
 topology_constraint_pack             1  3.0    0.000    0.000    0.000    0.000
 mp_sum_rv                            1  2.0    0.000    0.000    0.000    0.000
 mp_bcast_av_src                      1  7.0    0.000    0.000    0.000    0.000
 lpt_assign_atoms                     1 10.0    0.000    0.000    0.000    0.000
 topology_set_atm_mass                1  4.0    0.000    0.000    0.000    0.000
 wfi_extrapolate                      1  6.0    0.000    0.000    0.000    0.000
 topology_connectivity_pack_7         1  4.0    0.000    0.000    0.000    0.000
 grid_free_basis_set                  2  2.0    0.000    0.000    0.000    0.000
 cp_fm_cleanup_copy_general           4  9.2    0.000    0.000    0.000    0.000
 sort_neighbor_lists                  1  7.0    0.000    0.000    0.000    0.000
 scf_env_release                      1  2.0    0.000    0.000    0.000    0.000
 offload_free_buffer                  8  3.5    0.000    0.000    0.000    0.000
 check_cp2k_input                     1  2.0    0.000    0.000    0.000    0.000
 spatial_atom_order                   1  9.0    0.000    0.000    0.000    0.000
 topology_generate_onfo               1  4.0    0.000    0.000    0.000    0.000
 diag                                 5  9.0    0.000    0.000    0.000    0.000
 get_factor_and_xyz_min_max           1 12.0    0.000    0.000    0.000    0.000
 qs_scf_post_transport                1  7.0    0.000    0.000    0.000    0.000
 initialize_density_matrix            1  3.0    0.000    0.000    0.000    0.000
 topology_connectivity_pack_10        1  4.0    0.000    0.000    0.000    0.000
 write_molecule_kind_set              1  3.0    0.000    0.000    0.000    0.000
 print_sphere_cutoff_table            1 10.0    0.000    0.000    0.000    0.000
 get_VBM_CBM_bandgaps                 3 11.0    0.000    0.000    0.000    0.000
 scf_env_create                       1  4.0    0.000    0.000    0.000    0.000
 setup_kpoints_chi_eps_W              1  9.0    0.000    0.000    0.000    0.000
 correct_obvious_fitting_fails        1 11.0    0.000    0.000    0.000    0.000
 fist_neighbor_init                   1  8.0    0.000    0.000    0.000    0.000
 setup_AO_and_RI_basis_set            1  8.0    0.000    0.000    0.000    0.000
 calculate_ecore_self                 1  5.0    0.000    0.000    0.000    0.000
 init_evGW0                           1  9.0    0.000    0.000    0.000    0.000
 topology_connectivity_pack_14        1  4.0    0.000    0.000    0.000    0.000
 topology_connectivity_pack_3         1  4.0    0.000    0.000    0.000    0.000
 grid_create_basis_set                2  8.0    0.000    0.000    0.000    0.000
 topology_coordinate_pack_7a          1  4.0    0.000    0.000    0.000    0.000
 topology_constraint_pack_1           1  4.0    0.000    0.000    0.000    0.000
 topology_connectivity_pack_13        1  4.0    0.000    0.000    0.000    0.000
 read_topology_section                1  3.0    0.000    0.000    0.000    0.000
 cp_result_value_release             10  6.3    0.000    0.000    0.000    0.000
 cp_result_value_copy                 6  8.5    0.000    0.000    0.000    0.000
 external_c_potential                 1  5.0    0.000    0.000    0.000    0.000
 print_header                         1  7.0    0.000    0.000    0.000    0.000
 topology_connectivity_pack_6         1  4.0    0.000    0.000    0.000    0.000
 topology_constraint_pack_6           1  4.0    0.000    0.000    0.000    0.000
 write_symmetry                       1  3.0    0.000    0.000    0.000    0.000
 qs_scf_post_ps_implicit              1  7.0    0.000    0.000    0.000    0.000
 topology_generate_bond_6             1  5.0    0.000    0.000    0.000    0.000
 topology_connectivity_pack_12        1  4.0    0.000    0.000    0.000    0.000
 contract2add                        10  9.0    0.000    0.000    0.000    0.000
 deallocate_blocks_v_kp               1 12.0    0.000    0.000    0.000    0.000
 cp_result_release                    1  2.0    0.000    0.000    0.000    0.000
 topology_connectivity_pack_9         1  4.0    0.000    0.000    0.000    0.000
 cp_result_value_create              10  8.6    0.000    0.000    0.000    0.000
 read_mgrid_section                   1  3.0    0.000    0.000    0.000    0.000
 set_heuristic_parameters             2  7.5    0.000    0.000    0.000    0.000
 ec_env_release                       1  2.0    0.000    0.000    0.000    0.000
 topology_coordinate_pack_89          1  4.0    0.000    0.000    0.000    0.000
 topology_coordinate_pack_1           1  4.0    0.000    0.000    0.000    0.000
 qs_scf_post_elf                      1  5.0    0.000    0.000    0.000    0.000
 init_harris_env                      1  3.0    0.000    0.000    0.000    0.000
 read_rirs_input                      1  9.0    0.000    0.000    0.000    0.000
 linres_calculation_low               1  5.0    0.000    0.000    0.000    0.000
 topology_coordinate_pack_11          1  4.0    0.000    0.000    0.000    0.000
 topology_connectivity_pack_8         1  4.0    0.000    0.000    0.000    0.000
 cp_fm_scale                          2  6.5    0.000    0.000    0.000    0.000
 atom2d_cleanup                       8  9.0    0.000    0.000    0.000    0.000
 transport_current                    1  8.0    0.000    0.000    0.000    0.000
 allocate_GW_eigenvalues              1  8.0    0.000    0.000    0.000    0.000
 deallocate_tmp                       1 11.0    0.000    0.000    0.000    0.000
 read_binary_coordinates              1  3.0    0.000    0.000    0.000    0.000
 read_evgw0_input                     1  9.0    0.000    0.000    0.000    0.000
 get_i_j_atoms                        2 10.0    0.000    0.000    0.000    0.000
 topology_constraint_pack_5           1  4.0    0.000    0.000    0.000    0.000
 print_cutoff_radius_input            4 10.0    0.000    0.000    0.000    0.000
 write_structure_data                 1  3.0    0.000    0.000    0.000    0.000
 cp_result_value_init                 4  7.8    0.000    0.000    0.000    0.000
 mp_isend_im2                         8 10.2    0.000    0.000    0.000    0.000
 create_local_fixd_list               1  4.0    0.000    0.000    0.000    0.000
 wfn_mix                              1  5.0    0.000    0.000    0.000    0.000
 topology_coordinate_pack_5           1  4.0    0.000    0.000    0.000    0.000
 topology_constraint_pack_2           1  4.0    0.000    0.000    0.000    0.000
 topology_constraint_pack_3           1  4.0    0.000    0.000    0.000    0.000
 qs_scf_post_efg                      1  5.0    0.000    0.000    0.000    0.000
 topology_connectivity_pack_12_       1  4.0    0.000    0.000    0.000    0.000
 write_ks_matrix_csr                  1  7.0    0.000    0.000    0.000    0.000
 topology_connectivity_pack_13_       1  4.0    0.000    0.000    0.000    0.000
 write_gto_basis_sets                 1  3.0    0.000    0.000    0.000    0.000
 write_p_matrix_csr                   1  7.0    0.000    0.000    0.000    0.000
 write_s_matrix_csr                   1  7.0    0.000    0.000    0.000    0.000
 qs_scf_post_moments                  1  5.0    0.000    0.000    0.000    0.000
 qs_scf_post_local_energy             1  7.0    0.000    0.000    0.000    0.000
 qs_scf_post_xray                     1  5.0    0.000    0.000    0.000    0.000
 qs_scf_post_epr                      1  5.0    0.000    0.000    0.000    0.000
 qs_scf_post_molopt                   1  5.0    0.000    0.000    0.000    0.000
 write_adjacency_matrix               1  7.0    0.000    0.000    0.000    0.000
 write_hcore_matrix_csr               1  7.0    0.000    0.000    0.000    0.000
 allocate_qs_energy                   1  3.0    0.000    0.000    0.000    0.000
 qs_scf_post_local_stress             1  7.0    0.000    0.000    0.000    0.000
 write_dm_binary_restart              1  7.0    0.000    0.000    0.000    0.000
 read_auto_ri_input                   1  9.0    0.000    0.000    0.000    0.000
 square_mesh                          2 11.0    0.000    0.000    0.000    0.000
 mp_irecv_im2                         8 10.2    0.000    0.000    0.000    0.000
 qs_scf_post_et                       1  5.0    0.000    0.000    0.000    0.000
 topology_coordinate_pack_3           1  4.0    0.000    0.000    0.000    0.000
 topology_muc                         1  4.0    0.000    0.000    0.000    0.000
 tddfpt2_control_create               2  3.0    0.000    0.000    0.000    0.000
 write_mos_molden                     1  7.0    0.000    0.000    0.000    0.000
 handle_ext_restart                   1  3.0    0.000    0.000    0.000    0.000
 add_external_potential               1  3.0    0.000    0.000    0.000    0.000
 topology_connectivity_pack_1.1       1  4.0    0.000    0.000    0.000    0.000
 wannier90_interface                  1  5.0    0.000    0.000    0.000    0.000
 atom_relint_setup                    2  8.0    0.000    0.000    0.000    0.000
 topology_generate_bend               1  4.0    0.000    0.000    0.000    0.000
 external_e_potential                 1  5.0    0.000    0.000    0.000    0.000
 tddfpt2_control_release              2  2.0    0.000    0.000    0.000    0.000
 auto_ri_release                      1  3.0    0.000    0.000    0.000    0.000
 calculate_ecore_efield               1  5.0    0.000    0.000    0.000    0.000
 topology_coordinate_pack_6           1  4.0    0.000    0.000    0.000    0.000
 topology_constraint_pack_7           1  4.0    0.000    0.000    0.000    0.000
 rt_bse_ri_rs_ensure_grid             2  5.0    0.000    0.000    0.000    0.000
 compute_matrix_w                     1  4.0    0.000    0.000    0.000    0.000
 topology_connectivity_pack_14_       1  4.0    0.000    0.000    0.000    0.000
 topology_connectivity_pack_11_       1  4.0    0.000    0.000    0.000    0.000
 pw_env_create                        1  5.0    0.000    0.000    0.000    0.000
 smeagol_control_release              1  2.0    0.000    0.000    0.000    0.000
 fp_env_read                          1  2.0    0.000    0.000    0.000    0.000
 topology_generate_ub                 1  4.0    0.000    0.000    0.000    0.000
 reset_and_clean_bs_env               1  9.0    0.000    0.000    0.000    0.000
 external_read_density                1  5.0    0.000    0.000    0.000    0.000
 excited_state_energy                 1  4.0    0.000    0.000    0.000    0.000
 topology_generate_bond_7             1  5.0    0.000    0.000    0.000    0.000
 cp_result_create                     1  2.0    0.000    0.000    0.000    0.000
 rescale_forces                       1  3.0    0.000    0.000    0.000    0.000
 check_qs_kind_set                    1  3.0    0.000    0.000    0.000    0.000
 topology_coordinate_pack_7b          1  4.0    0.000    0.000    0.000    0.000
 topology_coordinate_pack_4           1  4.0    0.000    0.000    0.000    0.000
 smeagol_control_create               1  3.0    0.000    0.000    0.000    0.000
 topology_coordinate_pack_2           1  4.0    0.000    0.000    0.000    0.000
 topology_generate_impr               1  4.0    0.000    0.000    0.000    0.000
 topology_generate_dihe               1  4.0    0.000    0.000    0.000    0.000
 fp_env_write                         1  2.0    0.000    0.000    0.000    0.000
 topology_constraint_pack_4           1  4.0    0.000    0.000    0.000    0.000
 topology_coordinate_pack_10          1  4.0    0.000    0.000    0.000    0.000
 cleanup_scf_loop                     1  6.0    0.000    0.000    0.000    0.000
 -------------------------------------------------------------------------------

 The number of warnings for this run is : 2
 
 -------------------------------------------------------------------------------
  **** **** ******  **  PROGRAM ENDED AT                 2026-09-30 15:07:27.937
 ***** ** ***  *** **   PROGRAM RAN ON                                    cn0701
 **    ****   ******    PROGRAM RAN BY                                  metdyn07
 ***** **    ** ** **   PROGRAM PROCESS ID                               2332909
  **** **  *******  **  PROGRAM STOPPED IN /scratch/hpc-prf-metdyn/metdyn07_Rita
                                           j/project-max-rtbse/g0w0_rtbse_compar
                                           ison_tuned/4/rirs_opt/gterm
