#      omega [at.u.] x,real,pade [at.u.] x,imag,pade [at.u.] y,real,pade [at.u.] y,imag,pade [at.u.] z,real,pade [at.u.] z,imag,pade [at.u.]
     0.00000000E+000     0.70727945E-004     0.69741157E-017     0.14439311E+002     0.72217360E-015     0.30672770E-004    -0.19100457E-018
     0.36749325E-003     0.70723834E-004    -0.44302678E-007     0.14439608E+002     0.30688264E-002     0.30672362E-004    -0.79986360E-008
     0.73498651E-003     0.70711499E-004    -0.88635407E-007     0.14440501E+002     0.61386533E-002     0.30671138E-004    -0.15998344E-007
     0.11024798E-002     0.70690933E-004    -0.13302734E-006     0.14441988E+002     0.92104821E-002     0.30669099E-004    -0.24000195E-007
     0.14699730E-002     0.70662122E-004    -0.17750673E-006     0.14444071E+002     0.12285316E-001     0.30666242E-004    -0.32005261E-007
     0.18374663E-002     0.70625047E-004    -0.22210188E-006     0.14446750E+002     0.15364162E-001     0.30662568E-004    -0.40014613E-007
     0.22049595E-002     0.70579684E-004    -0.26684131E-006     0.14450027E+002     0.18448028E-001     0.30658076E-004    -0.48029324E-007
     0.25724528E-002     0.70526001E-004    -0.31175366E-006     0.14453902E+002     0.21537930E-001     0.30652764E-004    -0.56050465E-007
     0.29399460E-002     0.70463961E-004    -0.35686765E-006     0.14458377E+002     0.24634887E-001     0.30646632E-004    -0.64079113E-007
     0.33074393E-002     0.70393522E-004    -0.40221233E-006     0.14463453E+002     0.27739927E-001     0.30639677E-004    -0.72116342E-007
     0.36749325E-002     0.70314634E-004    -0.44781745E-006     0.14469131E+002     0.30854082E-001     0.30631899E-004    -0.80163228E-007
     0.40424258E-002     0.70227243E-004    -0.49371339E-006     0.14475415E+002     0.33978396E-001     0.30623295E-004    -0.88220847E-007
     0.44099190E-002     0.70131288E-004    -0.53993067E-006     0.14482305E+002     0.37113921E-001     0.30613863E-004    -0.96290277E-007
     0.47774123E-002     0.70026704E-004    -0.58649966E-006     0.14489805E+002     0.40261719E-001     0.30603601E-004    -0.10437260E-006
     0.51449056E-002     0.69913418E-004    -0.63345079E-006     0.14497916E+002     0.43422864E-001     0.30592506E-004    -0.11246889E-006
     0.55123988E-002     0.69791349E-004    -0.68081495E-006     0.14506642E+002     0.46598443E-001     0.30580576E-004    -0.12058024E-006
     0.58798921E-002     0.69660412E-004    -0.72862393E-006     0.14515985E+002     0.49789556E-001     0.30567808E-004    -0.12870772E-006
     0.62473853E-002     0.69520514E-004    -0.77691058E-006     0.14525949E+002     0.52997319E-001     0.30554198E-004    -0.13685244E-006
     0.66148786E-002     0.69371554E-004    -0.82570865E-006     0.14536537E+002     0.56222862E-001     0.30539744E-004    -0.14501547E-006
     0.69823718E-002     0.69213426E-004    -0.87505287E-006     0.14547753E+002     0.59467333E-001     0.30524441E-004    -0.15319792E-006
     0.73498651E-002     0.69046018E-004    -0.92497897E-006     0.14559600E+002     0.62731899E-001     0.30508287E-004    -0.16140086E-006
     0.77173583E-002     0.68869208E-004    -0.97552368E-006     0.14572083E+002     0.66017746E-001     0.30491277E-004    -0.16962540E-006
     0.80848516E-002     0.68682872E-004    -0.10267246E-005     0.14585206E+002     0.69326080E-001     0.30473407E-004    -0.17787262E-006
     0.84523448E-002     0.68486874E-004    -0.10786201E-005     0.14598973E+002     0.72658130E-001     0.30454672E-004    -0.18614363E-006
     0.88198381E-002     0.68281074E-004    -0.11312488E-005     0.14613390E+002     0.76015149E-001     0.30435069E-004    -0.19443953E-006
     0.91873314E-002     0.68065322E-004    -0.11846501E-005     0.14628462E+002     0.79398412E-001     0.30414593E-004    -0.20276140E-006
     0.95548246E-002     0.67839461E-004    -0.12388643E-005     0.14644193E+002     0.82809224E-001     0.30393238E-004    -0.21111036E-006
     0.99223179E-002     0.67603325E-004    -0.12939330E-005     0.14660589E+002     0.86248915E-001     0.30370999E-004    -0.21948751E-006
     0.10289811E-001     0.67356739E-004    -0.13498989E-005     0.14677657E+002     0.89718847E-001     0.30347871E-004    -0.22789394E-006
     0.10657304E-001     0.67099519E-004    -0.14068068E-005     0.14695402E+002     0.93220409E-001     0.30323849E-004    -0.23633076E-006
     0.11024798E-001     0.66831472E-004    -0.14647030E-005     0.14713831E+002     0.96755026E-001     0.30298927E-004    -0.24479907E-006
     0.11392291E-001     0.66552397E-004    -0.15236353E-005     0.14732951E+002     0.10032416E+000     0.30273099E-004    -0.25329998E-006
     0.11759784E-001     0.66262083E-004    -0.15836526E-005     0.14752768E+002     0.10392929E+000     0.30246358E-004    -0.26183457E-006
     0.12127277E-001     0.65960309E-004    -0.16448054E-005     0.14773290E+002     0.10757197E+000     0.30218699E-004    -0.27040397E-006
     0.12494771E-001     0.65646843E-004    -0.17071459E-005     0.14794524E+002     0.11125376E+000     0.30190114E-004    -0.27900925E-006
     0.12862264E-001     0.65321442E-004    -0.17707287E-005     0.14816478E+002     0.11497628E+000     0.30160598E-004    -0.28765153E-006
     0.13229757E-001     0.64983854E-004    -0.18356113E-005     0.14839160E+002     0.11874119E+000     0.30130142E-004    -0.29633189E-006
     0.13597250E-001     0.64633813E-004    -0.19018531E-005     0.14862580E+002     0.12255018E+000     0.30098741E-004    -0.30505143E-006
     0.13964744E-001     0.64271045E-004    -0.19695157E-005     0.14886746E+002     0.12640503E+000     0.30066385E-004    -0.31381122E-006
     0.14332237E-001     0.63895263E-004    -0.20386617E-005     0.14911667E+002     0.13030752E+000     0.30033069E-004    -0.32261235E-006
     0.14699730E-001     0.63506168E-004    -0.21093560E-005     0.14937352E+002     0.13425953E+000     0.29998784E-004    -0.33145588E-006
     0.15067223E-001     0.63103444E-004    -0.21816661E-005     0.14963812E+002     0.13826297E+000     0.29963522E-004    -0.34034287E-006
     0.15434717E-001     0.62686766E-004    -0.22556624E-005     0.14991058E+002     0.14231981E+000     0.29927276E-004    -0.34927438E-006
     0.15802210E-001     0.62255792E-004    -0.23314178E-005     0.15019099E+002     0.14643210E+000     0.29890035E-004    -0.35825144E-006
     0.16169703E-001     0.61810166E-004    -0.24090078E-005     0.15047948E+002     0.15060194E+000     0.29851794E-004    -0.36727509E-006
     0.16537196E-001     0.61349515E-004    -0.24885106E-005     0.15077615E+002     0.15483149E+000     0.29812541E-004    -0.37634634E-006
     0.16904690E-001     0.60873451E-004    -0.25700081E-005     0.15108113E+002     0.15912302E+000     0.29772269E-004    -0.38546620E-006
     0.17272183E-001     0.60381568E-004    -0.26535865E-005     0.15139454E+002     0.16347883E+000     0.29730969E-004    -0.39463565E-006
     0.17639676E-001     0.59873443E-004    -0.27393367E-005     0.15171651E+002     0.16790134E+000     0.29688631E-004    -0.40385564E-006
     0.18007169E-001     0.59348634E-004    -0.28273538E-005     0.15204718E+002     0.17239302E+000     0.29645246E-004    -0.41312713E-006
     0.18374663E-001     0.58806683E-004    -0.29177370E-005     0.15238668E+002     0.17695646E+000     0.29600804E-004    -0.42245102E-006
     0.18742156E-001     0.58247111E-004    -0.30105895E-005     0.15273516E+002     0.18159431E+000     0.29555295E-004    -0.43182819E-006
     0.19109649E-001     0.57669418E-004    -0.31060192E-005     0.15309277E+002     0.18630936E+000     0.29508710E-004    -0.44125950E-006
     0.19477142E-001     0.57073085E-004    -0.32041385E-005     0.15345967E+002     0.19110445E+000     0.29461038E-004    -0.45074577E-006
     0.19844636E-001     0.56457568E-004    -0.33050647E-005     0.15383601E+002     0.19598257E+000     0.29412270E-004    -0.46028778E-006
     0.20212129E-001     0.55822298E-004    -0.34089205E-005     0.15422196E+002     0.20094681E+000     0.29362395E-004    -0.46988626E-006
     0.20579622E-001     0.55166683E-004    -0.35158349E-005     0.15461770E+002     0.20600038E+000     0.29311402E-004    -0.47954190E-006
     0.20947115E-001     0.54490105E-004    -0.36259434E-005     0.15502340E+002     0.21114661E+000     0.29259281E-004    -0.48925536E-006
     0.21314609E-001     0.53791918E-004    -0.37393887E-005     0.15543926E+002     0.21638897E+000     0.29206021E-004    -0.49902721E-006
     0.21682102E-001     0.53071449E-004    -0.38563201E-005     0.15586546E+002     0.22173107E+000     0.29151612E-004    -0.50885797E-006
     0.22049595E-001     0.52327993E-004    -0.39768940E-005     0.15630221E+002     0.22717667E+000     0.29096042E-004    -0.51874808E-006
     0.22417088E-001     0.51560817E-004    -0.41012749E-005     0.15674971E+002     0.23272967E+000     0.29039302E-004    -0.52869794E-006
     0.22784582E-001     0.50769151E-004    -0.42296355E-005     0.15720818E+002     0.23839416E+000     0.28981378E-004    -0.53870781E-006
     0.23152075E-001     0.49952195E-004    -0.43621574E-005     0.15767784E+002     0.24417438E+000     0.28922262E-004    -0.54877791E-006
     0.23519568E-001     0.49109108E-004    -0.44990316E-005     0.15815893E+002     0.25007475E+000     0.28861941E-004    -0.55890834E-006
     0.23887062E-001     0.48239015E-004    -0.46404590E-005     0.15865169E+002     0.25609992E+000     0.28800405E-004    -0.56909909E-006
     0.24254555E-001     0.47340999E-004    -0.47866507E-005     0.15915636E+002     0.26225470E+000     0.28737643E-004    -0.57935003E-006
     0.24622048E-001     0.46414099E-004    -0.49378289E-005     0.15967321E+002     0.26854413E+000     0.28673643E-004    -0.58966092E-006
     0.24989541E-001     0.45457311E-004    -0.50942281E-005     0.16020252E+002     0.27497350E+000     0.28608396E-004    -0.60003135E-006
     0.25357035E-001     0.44469581E-004    -0.52560964E-005     0.16074455E+002     0.28154831E+000     0.28541889E-004    -0.61046078E-006
     0.25724528E-001     0.43449809E-004    -0.54236957E-005     0.16129960E+002     0.28827433E+000     0.28474113E-004    -0.62094850E-006
     0.26092021E-001     0.42396841E-004    -0.55973027E-005     0.16186798E+002     0.29515760E+000     0.28405058E-004    -0.63149359E-006
     0.26459514E-001     0.41309467E-004    -0.57772100E-005     0.16245000E+002     0.30220444E+000     0.28334712E-004    -0.64209496E-006
     0.26827008E-001     0.40186421E-004    -0.59637269E-005     0.16304599E+002     0.30942150E+000     0.28263066E-004    -0.65275127E-006
     0.27194501E-001     0.39026373E-004    -0.61571806E-005     0.16365628E+002     0.31681571E+000     0.28190110E-004    -0.66346096E-006
     0.27561994E-001     0.37827931E-004    -0.63579169E-005     0.16428125E+002     0.32439438E+000     0.28115836E-004    -0.67422220E-006
     0.27929487E-001     0.36589632E-004    -0.65663020E-005     0.16492125E+002     0.33216517E+000     0.28040233E-004    -0.68503289E-006
     0.28296981E-001     0.35309939E-004    -0.67827231E-005     0.16557667E+002     0.34013612E+000     0.27963294E-004    -0.69589059E-006
     0.28664474E-001     0.33987240E-004    -0.70075909E-005     0.16624791E+002     0.34831569E+000     0.27885010E-004    -0.70679256E-006
     0.29031967E-001     0.32619838E-004    -0.72413413E-005     0.16693540E+002     0.35671278E+000     0.27805374E-004    -0.71773566E-006
     0.29399460E-001     0.31205949E-004    -0.74844379E-005     0.16763956E+002     0.36533674E+000     0.27724379E-004    -0.72871635E-006
     0.29766954E-001     0.29743697E-004    -0.77373740E-005     0.16836085E+002     0.37419745E+000     0.27642020E-004    -0.73973067E-006
     0.30134447E-001     0.28231107E-004    -0.80006750E-005     0.16909974E+002     0.38330528E+000     0.27558290E-004    -0.75077416E-006
     0.30501940E-001     0.26666103E-004    -0.82748994E-005     0.16985674E+002     0.39267120E+000     0.27473186E-004    -0.76184184E-006
     0.30869433E-001     0.25046497E-004    -0.85606414E-005     0.17063236E+002     0.40230677E+000     0.27386705E-004    -0.77292816E-006
     0.31236927E-001     0.23369983E-004    -0.88585335E-005     0.17142713E+002     0.41222418E+000     0.27298844E-004    -0.78402696E-006
     0.31604420E-001     0.21634130E-004    -0.91692504E-005     0.17224162E+002     0.42243635E+000     0.27209602E-004    -0.79513138E-006
     0.31971913E-001     0.19836372E-004    -0.94935124E-005     0.17307642E+002     0.43295690E+000     0.27118980E-004    -0.80623381E-006
     0.32339406E-001     0.17974001E-004    -0.98320885E-005     0.17393215E+002     0.44380027E+000     0.27026980E-004    -0.81732584E-006
     0.32706900E-001     0.16044158E-004    -0.10185800E-004     0.17480945E+002     0.45498173E+000     0.26933605E-004    -0.82839816E-006
     0.33074393E-001     0.14043820E-004    -0.10555526E-004     0.17570901E+002     0.46651748E+000     0.26838861E-004    -0.83944049E-006
     0.33441886E-001     0.11969790E-004    -0.10942206E-004     0.17663152E+002     0.47842468E+000     0.26742756E-004    -0.85044148E-006
     0.33809379E-001     0.98186848E-005    -0.11346848E-004     0.17757772E+002     0.49072157E+000     0.26645300E-004    -0.86138861E-006
     0.34176873E-001     0.75869240E-005    -0.11770536E-004     0.17854841E+002     0.50342749E+000     0.26546505E-004    -0.87226810E-006
     0.34544366E-001     0.52707145E-005    -0.12214428E-004     0.17954439E+002     0.51656304E+000     0.26446386E-004    -0.88306474E-006
     0.34911859E-001     0.28660348E-005    -0.12679769E-004     0.18056652E+002     0.53015009E+000     0.26344962E-004    -0.89376180E-006
     0.35279352E-001     0.36861746E-006    -0.13167898E-004     0.18161570E+002     0.54421197E+000     0.26242253E-004    -0.90434086E-006
     0.35646846E-001    -0.22260690E-005    -0.13680255E-004     0.18269288E+002     0.55877353E+000     0.26138285E-004    -0.91478164E-006
     0.36014339E-001    -0.49228395E-005    -0.14218393E-004     0.18379906E+002     0.57386127E+000     0.26033087E-004    -0.92506185E-006
     0.36381832E-001    -0.77268132E-005    -0.14783985E-004     0.18493528E+002     0.58950351E+000     0.25926693E-004    -0.93515694E-006
     0.36749325E-001    -0.10643437E-004    -0.15378839E-004     0.18610264E+002     0.60573048E+000     0.25819141E-004    -0.94503989E-006
     0.37116819E-001    -0.13678512E-004    -0.16004908E-004     0.18730232E+002     0.62257456E+000     0.25710474E-004    -0.95468099E-006
     0.37484312E-001    -0.16838218E-004    -0.16664304E-004     0.18853553E+002     0.64007041E+000     0.25600742E-004    -0.96404753E-006
     0.37851805E-001    -0.20129150E-004    -0.17359316E-004     0.18980358E+002     0.65825519E+000     0.25490001E-004    -0.97310350E-006
     0.38219298E-001    -0.23558347E-004    -0.18092423E-004     0.19110783E+002     0.67716877E+000     0.25378314E-004    -0.98180925E-006
     0.38586792E-001    -0.27133328E-004    -0.18866317E-004     0.19244973E+002     0.69685400E+000     0.25265751E-004    -0.99012112E-006
     0.38954285E-001    -0.30862140E-004    -0.19683920E-004     0.19383080E+002     0.71735694E+000     0.25152391E-004    -0.99799099E-006
     0.39321778E-001    -0.34753393E-004    -0.20548417E-004     0.19525268E+002     0.73872721E+000     0.25038323E-004    -0.10053658E-005
     0.39689271E-001    -0.38816317E-004    -0.21463274E-004     0.19671708E+002     0.76101831E+000     0.24923646E-004    -0.10121871E-005
     0.40056765E-001    -0.43060806E-004    -0.22432276E-004     0.19822581E+002     0.78428797E+000     0.24808470E-004    -0.10183902E-005
     0.40424258E-001    -0.47497488E-004    -0.23459555E-004     0.19978082E+002     0.80859860E+000     0.24692916E-004    -0.10239040E-005
     0.40791751E-001    -0.52137781E-004    -0.24549632E-004     0.20138416E+002     0.83401771E+000     0.24577122E-004    -0.10286495E-005
     0.41159244E-001    -0.56993974E-004    -0.25707460E-004     0.20303802E+002     0.86061849E+000     0.24461239E-004    -0.10325397E-005
     0.41526738E-001    -0.62079302E-004    -0.26938473E-004     0.20474472E+002     0.88848034E+000     0.24345434E-004    -0.10354781E-005
     0.41894231E-001    -0.67408039E-004    -0.28248643E-004     0.20650676E+002     0.91768957E+000     0.24229895E-004    -0.10373580E-005
     0.42261724E-001    -0.72995594E-004    -0.29644543E-004     0.20832677E+002     0.94834009E+000     0.24114827E-004    -0.10380608E-005
     0.42629217E-001    -0.78858628E-004    -0.31133421E-004     0.21020760E+002     0.98053427E+000     0.24000461E-004    -0.10374551E-005
     0.42996711E-001    -0.85015168E-004    -0.32723283E-004     0.21215226E+002     0.10143839E+001     0.23887051E-004    -0.10353949E-005
     0.43364204E-001    -0.91484754E-004    -0.34422986E-004     0.21416400E+002     0.10500112E+001     0.23774879E-004    -0.10317178E-005
     0.43731697E-001    -0.98288588E-004    -0.36242347E-004     0.21624629E+002     0.10875499E+001     0.23664256E-004    -0.10262428E-005
     0.44099190E-001    -0.10544971E-003    -0.38192270E-004     0.21840286E+002     0.11271472E+001     0.23555531E-004    -0.10187683E-005
     0.44466684E-001    -0.11299320E-003    -0.40284890E-004     0.22063773E+002     0.11689644E+001     0.23449086E-004    -0.10090692E-005
     0.44834177E-001    -0.12094637E-003    -0.42533738E-004     0.22295520E+002     0.12131795E+001     0.23345350E-004    -0.99689368E-006
     0.45201670E-001    -0.12933906E-003    -0.44953937E-004     0.22535993E+002     0.12599887E+001     0.23244793E-004    -0.98195985E-006
     0.45569163E-001    -0.13820386E-003    -0.47562423E-004     0.22785693E+002     0.13096093E+001     0.23147943E-004    -0.96395159E-006
     0.45936657E-001    -0.14757648E-003    -0.50378213E-004     0.23045164E+002     0.13622819E+001     0.23055383E-004    -0.94251379E-006
     0.46304150E-001    -0.15749606E-003    -0.53422706E-004     0.23314992E+002     0.14182737E+001     0.22967761E-004    -0.91724682E-006
     0.46671643E-001    -0.16800562E-003    -0.56720047E-004     0.23595815E+002     0.14778824E+001     0.22885799E-004    -0.88770017E-006
     0.47039137E-001    -0.17915250E-003    -0.60297549E-004     0.23888324E+002     0.15414399E+001     0.22810301E-004    -0.85336491E-006
     0.47406630E-001    -0.19098891E-003    -0.64186193E-004     0.24193273E+002     0.16093179E+001     0.22742162E-004    -0.81366501E-006
     0.47774123E-001    -0.20357249E-003    -0.68421224E-004     0.24511481E+002     0.16819331E+001     0.22682381E-004    -0.76794701E-006
     0.48141616E-001    -0.21696708E-003    -0.73042855E-004     0.24843845E+002     0.17597542E+001     0.22632073E-004    -0.71546797E-006
     0.48509110E-001    -0.23124345E-003    -0.78097116E-004     0.25191344E+002     0.18433101E+001     0.22592483E-004    -0.65538111E-006
     0.48876603E-001    -0.24648025E-003    -0.83636865E-004     0.25555053E+002     0.19331991E+001     0.22565006E-004    -0.58671888E-006
     0.49244096E-001    -0.26276507E-003    -0.89723012E-004     0.25936151E+002     0.20301000E+001     0.22551206E-004    -0.50837273E-006
     0.49611589E-001    -0.28019566E-003    -0.96425997E-004     0.26335937E+002     0.21347863E+001     0.22552834E-004    -0.41906890E-006
     0.49979083E-001    -0.29888134E-003    -0.10382759E-003     0.26755842E+002     0.22481413E+001     0.22571861E-004    -0.31733945E-006
     0.50346576E-001    -0.31894464E-003    -0.11202309E-003     0.27197451E+002     0.23711782E+001     0.22610502E-004    -0.20148717E-006
     0.50714069E-001    -0.34052321E-003    -0.12112404E-003     0.27662515E+002     0.25050633E+001     0.22671255E-004    -0.69543150E-007
     0.51081562E-001    -0.36377202E-003    -0.13126153E-003     0.28152983E+002     0.26511445E+001     0.22756936E-004     0.80784879E-007
     0.51449056E-001    -0.38886592E-003    -0.14259040E-003     0.28671021E+002     0.28109863E+001     0.22870733E-004     0.25217586E-006
     0.51816549E-001    -0.41600262E-003    -0.15529438E-003     0.29219045E+002     0.29864125E+001     0.23016249E-004     0.44777328E-006
     0.52184042E-001    -0.44540613E-003    -0.16959261E-003     0.29799757E+002     0.31795593E+001     0.23197577E-004     0.67128148E-006
     0.52551535E-001    -0.47733070E-003    -0.18574791E-003     0.30416186E+002     0.33929410E+001     0.23419359E-004     0.92708572E-006
     0.52919029E-001    -0.51206542E-003    -0.20407725E-003     0.31071732E+002     0.36295329E+001     0.23686879E-004     0.12204024E-005
     0.53286522E-001    -0.54993930E-003    -0.22496521E-003     0.31770221E+002     0.38928744E+001     0.24006154E-004     0.15574687E-005
     0.53654015E-001    -0.59132713E-003    -0.24888143E-003     0.32515968E+002     0.41872016E+001     0.24384046E-004     0.19457828E-005
     0.54021508E-001    -0.63665569E-003    -0.27640315E-003     0.33313844E+002     0.45176150E+001     0.24828382E-004     0.23944120E-005
     0.54389002E-001    -0.68641035E-003    -0.30824500E-003     0.34169355E+002     0.48902969E+001     0.25348097E-004     0.29143886E-005
     0.54756495E-001    -0.74114140E-003    -0.34529821E-003     0.35088725E+002     0.53127919E+001     0.25953384E-004     0.35192244E-005
     0.55123988E-001    -0.80146912E-003    -0.38868293E-003     0.36078985E+002     0.57943752E+001     0.26655848E-004     0.42255836E-005
     0.55491481E-001    -0.86808584E-003    -0.43981850E-003     0.37148057E+002     0.63465376E+001     0.27468657E-004     0.50541708E-005
     0.55858975E-001    -0.94175148E-003    -0.50051863E-003     0.38304818E+002     0.69836298E+001     0.28406661E-004     0.60309111E-005
     0.56226468E-001    -0.10232769E-002    -0.57312117E-003     0.39559133E+002     0.77237266E+001     0.29486434E-004     0.71885336E-005
     0.56593961E-001    -0.11134841E-002    -0.66066618E-003     0.40921785E+002     0.85897938E+001     0.30726152E-004     0.85687087E-005
     0.56961454E-001    -0.12131251E-002    -0.76714154E-003     0.42404252E+002     0.96112743E+001     0.32145161E-004     0.10224956E-004
     0.57328948E-001    -0.13227259E-002    -0.89782180E-003     0.44018158E+002     0.10826255E+002     0.33762971E-004     0.12226614E-004
     0.57696441E-001    -0.14422959E-002    -0.10597342E-002     0.45774157E+002     0.12284435E+002     0.35597184E-004     0.14664285E-004
     0.58063934E-001    -0.15707972E-002    -0.12622903E-002     0.47679776E+002     0.14051169E+002     0.37659515E-004     0.17657240E-004
     0.58431427E-001    -0.17051837E-002    -0.15181140E-002     0.49735387E+002     0.16212911E+002     0.39948369E-004     0.21363406E-004
     0.58798921E-001    -0.18386713E-002    -0.18440489E-002     0.51926830E+002     0.18884305E+002     0.42435236E-004     0.25992335E-004
     0.59166414E-001    -0.19576542E-002    -0.22621630E-002     0.54212078E+002     0.22216732E+002     0.45040134E-004     0.31820846E-004
     0.59533907E-001    -0.20363037E-002    -0.28001196E-002     0.56497520E+002     0.26406784E+002     0.47587921E-004     0.39208425E-004
     0.59901400E-001    -0.20274783E-002    -0.34891313E-002     0.58596922E+002     0.31699349E+002     0.49732756E-004     0.48602577E-004
     0.60268894E-001    -0.18487500E-002    -0.43551069E-002     0.60164350E+002     0.38370972E+002     0.50834730E-004     0.60507554E-004
     0.60636387E-001    -0.13654457E-002    -0.53936177E-002     0.60597642E+002     0.46660217E+002     0.49782729E-004     0.75354972E-004
     0.61003880E-001    -0.38494117E-003    -0.65136089E-002     0.58941024E+002     0.56582853E+002     0.44817162E-004     0.93161704E-004
     0.61371373E-001     0.12924125E-002    -0.74432806E-002     0.53911948E+002     0.67564058E+002     0.33584957E-004     0.11285128E-003
     0.61738867E-001     0.36857480E-002    -0.76601330E-002     0.44334760E+002     0.77967360E+002     0.13949179E-004     0.13139105E-003
     0.62106360E-001     0.63182370E-002    -0.65607355E-002     0.30197604E+002     0.85060912E+002    -0.14055566E-004     0.14375194E-003
     0.62473853E-001     0.81616624E-002    -0.40467942E-002     0.13665161E+002     0.86248585E+002    -0.46379916E-004     0.14521234E-003
     0.62841346E-001     0.83543311E-002    -0.98393930E-003    -0.15897204E+001     0.81067240E+002    -0.76258230E-004     0.13503450E-003
     0.63208840E-001     0.70636292E-002     0.13976415E-002    -0.12714184E+002     0.71607561E+002    -0.98530345E-004     0.11715536E-003
     0.63576333E-001     0.52208407E-002     0.25520438E-002    -0.19063982E+002     0.60768692E+002    -0.11212337E-003     0.96902963E-004
     0.63943826E-001     0.36008535E-002     0.27331405E-002    -0.21572049E+002     0.50597944E+002    -0.11880229E-003     0.77983763E-004
     0.64311319E-001     0.24680511E-002     0.24258166E-002    -0.21563254E+002     0.41978771E+002    -0.12099452E-003     0.61988765E-004
     0.64678813E-001     0.17708015E-002     0.19748660E-002    -0.20116946E+002     0.35047108E+002    -0.12067431E-003     0.49181679E-004
     0.65046306E-001     0.13736358E-002     0.15441744E-002    -0.17944148E+002     0.29618405E+002    -0.11916980E-003     0.39253873E-004
     0.65413799E-001     0.11596104E-002     0.11875640E-002    -0.15465854E+002     0.25428202E+002    -0.11729518E-003     0.31737783E-004
     0.65781292E-001     0.10500861E-002     0.90965442E-003    -0.12917506E+002     0.22232193E+002    -0.11552184E-003     0.26196154E-004
     0.66148786E-001     0.99748524E-003     0.69786291E-003    -0.10428773E+002     0.19835867E+002    -0.11412902E-003     0.22296506E-004
     0.66516279E-001     0.97498735E-003     0.53590781E-003    -0.80765932E+001     0.18095122E+002    -0.11332498E-003     0.19818717E-004
     0.66883772E-001     0.96907647E-003     0.40907252E-003    -0.59203676E+001     0.16905199E+002    -0.11334046E-003     0.18622562E-004
     0.67251265E-001     0.97438729E-003     0.30649404E-003    -0.40261184E+001     0.16181456E+002    -0.11450356E-003     0.18576957E-004
     0.67618759E-001     0.98963095E-003     0.22177951E-003    -0.24785182E+001     0.15828752E+002    -0.11727690E-003     0.19424678E-004
     0.67986252E-001     0.10147057E-002     0.15234393E-003    -0.13663717E+001     0.15699783E+002    -0.12216821E-003     0.20580468E-004
     0.68353745E-001     0.10487971E-002     0.98369250E-004    -0.72014568E+000     0.15569008E+002    -0.12939431E-003     0.21005963E-004
     0.68721239E-001     0.10888380E-002     0.61130733E-004    -0.42212544E+000     0.15185808E+002    -0.13840607E-003     0.19496912E-004
     0.69088732E-001     0.11295017E-002     0.40202277E-004    -0.20182922E+000     0.14420956E+002    -0.14786185E-003     0.15455073E-004
     0.69456225E-001     0.11658517E-002     0.31781408E-004     0.21263203E+000     0.13357901E+002    -0.15641678E-003     0.93695497E-005
     0.69823718E-001     0.11959980E-002     0.30257309E-004     0.94099565E+000     0.12201873E+002    -0.16352468E-003     0.23445774E-005
     0.70191212E-001     0.12209981E-002     0.30825906E-004     0.19528582E+001     0.11129231E+002    -0.16942584E-003    -0.46875285E-005
     0.70558705E-001     0.12432249E-002     0.30453114E-004     0.31585945E+001     0.10228079E+002    -0.17466724E-003    -0.11274353E-004
     0.70926198E-001     0.12652791E-002     0.27419588E-004     0.44756459E+001     0.95185029E+001    -0.17975457E-003    -0.17330571E-004
     0.71293691E-001     0.12898656E-002     0.20680606E-004     0.58488290E+001     0.89881141E+001    -0.18505080E-003    -0.22946617E-004
     0.71661185E-001     0.13202162E-002     0.96737504E-005     0.72476227E+001     0.86151987E+001    -0.19079691E-003    -0.28266861E-004
     0.72028678E-001     0.13606335E-002    -0.51893577E-005     0.86582314E+001     0.83792864E+001    -0.19715908E-003    -0.33436119E-004
     0.72396171E-001     0.14165895E-002    -0.21150595E-004     0.10076862E+002     0.82647670E+001    -0.20427026E-003    -0.38583355E-004
     0.72763664E-001     0.14932378E-002    -0.31084428E-004     0.11505192E+002     0.82615309E+001    -0.21226318E-003    -0.43823102E-004
     0.73131158E-001     0.15911496E-002    -0.22814278E-004     0.12947457E+002     0.83645192E+001    -0.22129911E-003    -0.49268818E-004
     0.73498651E-001     0.17012193E-002     0.16435336E-004     0.14408527E+002     0.85727939E+001    -0.23159432E-003    -0.55062229E-004
     0.73866144E-001     0.18056803E-002     0.90812907E-004     0.15892712E+002     0.88880635E+001    -0.24343620E-003    -0.61430207E-004
     0.74233637E-001     0.18877744E-002     0.19106230E-003     0.17403851E+002     0.93124686E+001    -0.25715700E-003    -0.68777363E-004
     0.74601131E-001     0.19408801E-002     0.29961913E-003     0.18948119E+002     0.98464903E+001    -0.27300467E-003    -0.77779380E-004
     0.74968624E-001     0.19705795E-002     0.39912768E-003     0.20539947E+002     0.10490511E+002    -0.29089206E-003    -0.89338333E-004
     0.75336117E-001     0.19918825E-002     0.47957108E-003     0.22205834E+002     0.11253722E+002    -0.31022659E-003    -0.10424770E-003
     0.75703610E-001     0.20223682E-002     0.54267500E-003     0.23977926E+002     0.12164914E+002    -0.33016195E-003    -0.12276540E-003
     0.76071104E-001     0.20738675E-002     0.59979251E-003     0.25881650E+002     0.13273171E+002    -0.35017646E-003    -0.14459635E-003
     0.76438597E-001     0.21493556E-002     0.66482708E-003     0.27931268E+002     0.14640859E+002    -0.37045825E-003    -0.16937100E-003
     0.76806090E-001     0.22457205E-002     0.74888770E-003     0.30133346E+002     0.16342527E+002    -0.39182899E-003    -0.19728307E-003
     0.77173583E-001     0.23580614E-002     0.85918637E-003     0.32486787E+002     0.18472518E+002    -0.41522001E-003    -0.22953462E-003
     0.77541077E-001     0.24825382E-002     0.10009609E-002     0.34974677E+002     0.21154533E+002    -0.44100007E-003    -0.26829885E-003
     0.77908570E-001     0.26166897E-002     0.11803711E-002     0.37549307E+002     0.24550160E+002    -0.46859398E-003    -0.31637574E-003
     0.78276063E-001     0.27578028E-002     0.14066447E-002     0.40107583E+002     0.28866843E+002    -0.49631962E-003    -0.37698693E-003
     0.78643556E-001     0.29003395E-002     0.16932127E-002     0.42448585E+002     0.34360617E+002    -0.52101489E-003    -0.45373140E-003
     0.79011050E-001     0.30322585E-002     0.20581057E-002     0.44204147E+002     0.41317785E+002    -0.53722221E-003    -0.55031274E-003
     0.79378543E-001     0.31291239E-002     0.25225710E-002     0.44740660E+002     0.49981306E+002    -0.53601746E-003    -0.66948488E-003
     0.79746036E-001     0.31459465E-002     0.31041243E-002     0.43062406E+002     0.60361175E+002    -0.50401948E-003    -0.81052468E-003
     0.80113529E-001     0.30125350E-002     0.37983663E-002     0.37838626E+002     0.71862982E+002    -0.42408965E-003    -0.96463033E-003
     0.80481023E-001     0.26480839E-002     0.45516671E-002     0.27833023E+002     0.82804927E+002    -0.28093023E-003    -0.11091531E-002
     0.80848516E-001     0.20067456E-002     0.52506217E-002     0.12976777E+002     0.90349569E+002    -0.74624503E-004    -0.12069562E-002
     0.81216009E-001     0.11244746E-002     0.57643699E-002    -0.45402190E+001     0.91725780E+002     0.16541234E-003    -0.12221623E-002
     0.81583502E-001     0.10135581E-003     0.60158926E-002    -0.20869700E+002     0.86333356E+002     0.38829364E-003    -0.11475545E-002
     0.81950996E-001    -0.96823397E-003     0.59895704E-002    -0.32926835E+002     0.76298128E+002     0.55350624E-003    -0.10117972E-002
     0.82318489E-001    -0.20069935E-002     0.56785323E-002    -0.39945880E+002     0.64689891E+002     0.65139718E-003    -0.85580575E-003
     0.82685982E-001    -0.29104141E-002     0.50909379E-002    -0.42881291E+002     0.53718135E+002     0.69512541E-003    -0.70880244E-003
     0.83053475E-001    -0.35692689E-002     0.43070883E-002    -0.43142872E+002     0.44345436E+002     0.70373112E-003    -0.58319674E-003
     0.83420969E-001    -0.39469291E-002     0.34646687E-002    -0.41886158E+002     0.36716144E+002     0.69253778E-003    -0.48040841E-003
     0.83788462E-001    -0.40951197E-002     0.26793192E-002    -0.39863870E+002     0.30623558E+002     0.67114241E-003    -0.39737875E-003
     0.84155955E-001    -0.41009742E-002     0.19992828E-002    -0.37512119E+002     0.25779934E+002     0.64484177E-003    -0.33041223E-003
     0.84523448E-001    -0.40358576E-002     0.14178871E-002    -0.35071241E+002     0.21922747E+002     0.61662556E-003    -0.27647593E-003
     0.84890942E-001    -0.39385247E-002     0.90526585E-003    -0.32670851E+002     0.18837710E+002     0.58840526E-003    -0.23314072E-003
     0.85258435E-001    -0.38203012E-002     0.42987282E-003    -0.30377244E+002     0.16355700E+002     0.56142861E-003    -0.19830238E-003
     0.85625928E-001    -0.36733213E-002    -0.32779652E-004    -0.28219826E+002     0.14345502E+002     0.53638041E-003    -0.17012122E-003
     0.85993421E-001    -0.34747880E-002    -0.49502773E-003    -0.26206951E+002     0.12706434E+002     0.51351049E-003    -0.14708747E-003
     0.86360915E-001    -0.31914146E-002    -0.94810678E-003    -0.24335443E+002     0.11361704E+002     0.49281225E-003    -0.12804145E-003
     0.86728408E-001    -0.27944062E-002    -0.13507984E-002    -0.22596246E+002     0.10252904E+002     0.47416808E-003    -0.11212227E-003
     0.87095901E-001    -0.22905482E-002    -0.16325277E-002    -0.20977728E+002     0.93356810E+001     0.45743485E-003    -0.98692806E-004
     0.87463394E-001    -0.17468840E-002    -0.17323711E-002    -0.19467579E+002     0.85763733E+001     0.44248662E-003    -0.87270404E-004
     0.87830888E-001    -0.12649277E-002    -0.16525420E-002    -0.18053859E+002     0.79494268E+001     0.42923311E-003    -0.77468592E-004
     0.88198381E-001    -0.91590570E-003    -0.14619987E-002    -0.16725499E+002     0.74353557E+001     0.41762216E-003    -0.68945014E-004
     0.88565874E-001    -0.70886064E-003    -0.12464206E-002    -0.15472286E+002     0.70191235E+001     0.40761996E-003    -0.61350968E-004
     0.88933367E-001    -0.60902989E-003    -0.10665812E-002    -0.14284273E+002     0.66891296E+001     0.39915175E-003    -0.54301872E-004
     0.89300861E-001    -0.56620478E-003    -0.94819246E-003    -0.13150980E+002     0.64373418E+001     0.39202547E-003    -0.47422734E-004
     0.89668354E-001    -0.53486810E-003    -0.88526868E-003    -0.12061591E+002     0.62605261E+001     0.38594142E-003    -0.40469303E-004
     0.90035847E-001    -0.49061795E-003    -0.85125324E-003    -0.11006702E+002     0.61610209E+001     0.38063402E-003    -0.33382537E-004
     0.90403340E-001    -0.43538398E-003    -0.82049073E-003    -0.99801124E+001     0.61460598E+001     0.37599493E-003    -0.26182355E-004
     0.90770834E-001    -0.38313720E-003    -0.78469074E-003    -0.89795710E+001     0.62269748E+001     0.37205605E-003    -0.18822013E-004
     0.91138327E-001    -0.34187801E-003    -0.74912667E-003    -0.80075763E+001     0.64194700E+001     0.36890207E-003    -0.11117124E-004
     0.91505820E-001    -0.31067812E-003    -0.71940660E-003    -0.70737411E+001     0.67444325E+001     0.36659232E-003    -0.27210002E-005
     0.91873314E-001    -0.28750207E-003    -0.69688526E-003    -0.61994887E+001     0.72279153E+001     0.36507265E-003     0.69031679E-005
     0.92240807E-001    -0.27309627E-003    -0.68384875E-003    -0.54254800E+001     0.78983281E+001     0.36402050E-003     0.18487689E-004
     0.92608300E-001    -0.26603985E-003    -0.68748801E-003    -0.48213037E+001     0.87772345E+001     0.36262703E-003     0.32847196E-004
     0.92975793E-001    -0.25685231E-003    -0.71561010E-003    -0.44928707E+001     0.98578907E+001     0.35942245E-003     0.50589242E-004
     0.93343287E-001    -0.22875401E-003    -0.76883413E-003    -0.45729358E+001     0.11068716E+002     0.35221887E-003     0.71675383E-004
     0.93710780E-001    -0.16399274E-003    -0.83537176E-003    -0.51736150E+001     0.12238479E+002     0.33826042E-003     0.94717315E-004
     0.94078273E-001    -0.53666674E-004    -0.89066032E-003    -0.63031813E+001     0.13105933E+002     0.31519295E-003     0.11601372E-003
     0.94445766E-001     0.92395535E-004    -0.90583812E-003    -0.77962386E+001     0.13404101E+002     0.28347029E-003     0.12961990E-003
     0.94813260E-001     0.24575941E-003    -0.86402708E-003    -0.93244087E+001     0.12998303E+002     0.24841138E-003     0.13041025E-003
     0.95180753E-001     0.37391877E-003    -0.77115941E-003    -0.10533115E+002     0.11990785E+002     0.21812894E-003     0.11845104E-003
     0.95548246E-001     0.45765820E-003    -0.65099428E-003    -0.11228155E+002     0.10664143E+002     0.19815587E-003     0.99313669E-004
     0.95915739E-001     0.49753143E-003    -0.52978724E-003    -0.11426188E+002     0.93006715E+001     0.18868063E-003     0.79776971E-004
     0.96283233E-001     0.50725706E-003    -0.42328713E-003    -0.11255384E+002     0.80681525E+001     0.18633518E-003     0.63950795E-004
     0.96650726E-001     0.50183401E-003    -0.33389714E-003    -0.10850802E+002     0.70261698E+001     0.18742180E-003     0.52634343E-004
     0.97018219E-001     0.48974330E-003    -0.25640943E-003    -0.10312338E+002     0.61755701E+001     0.18972223E-003     0.44887196E-004
     0.97385712E-001     0.47237950E-003    -0.18517595E-003    -0.97042314E+001     0.54961038E+001     0.19241701E-003     0.39642828E-004
     0.97753206E-001     0.44746629E-003    -0.11784576E-003    -0.90663480E+001     0.49638334E+001     0.19529837E-003     0.36283260E-004
     0.98120699E-001     0.41258175E-003    -0.55657794E-004    -0.84234431E+001     0.45567317E+001     0.19826738E-003     0.34533687E-004
     0.98488192E-001     0.36743628E-003    -0.18856215E-005    -0.77907635E+001     0.42564668E+001     0.20119224E-003     0.34275951E-004
     0.98855685E-001     0.31441381E-003     0.40774217E-004    -0.71780336E+001     0.40490979E+001     0.20388588E-003     0.35454772E-004
     0.99223179E-001     0.25645123E-003     0.72260748E-004    -0.65927472E+001     0.39247867E+001     0.20608683E-003     0.38019527E-004
     0.99590672E-001     0.19398859E-003     0.93749347E-004    -0.60426143E+001     0.38764540E+001     0.20745617E-003     0.41841971E-004
     0.99958165E-001     0.12547072E-003     0.10394212E-003    -0.55366066E+001     0.38978430E+001     0.20765712E-003     0.46621365E-004
     0.10032566E+000     0.51318941E-004     0.98426707E-004    -0.50846173E+001     0.39824686E+001     0.20654231E-003     0.51901652E-004
     0.10069315E+000    -0.24489037E-004     0.73397916E-004    -0.46984130E+001     0.41245171E+001     0.20425301E-003     0.57333770E-004
     0.10106064E+000    -0.97897295E-004     0.27082442E-004    -0.43972175E+001     0.43171154E+001     0.20091507E-003     0.62938634E-004
     0.10142814E+000    -0.16485839E-003    -0.44870978E-004    -0.42114120E+001     0.45396601E+001     0.19616742E-003     0.68825590E-004
     0.10179563E+000    -0.21319409E-003    -0.14883412E-003    -0.41674900E+001     0.47396743E+001     0.18928996E-003     0.74489718E-004
     0.10216312E+000    -0.22029745E-003    -0.28053238E-003    -0.42513846E+001     0.48366312E+001     0.18006649E-003     0.78594867E-004
     0.10253062E+000    -0.16695246E-003    -0.41587648E-003    -0.43860055E+001     0.47685384E+001     0.16948068E-003     0.79772486E-004
     0.10289811E+000    -0.53436097E-004    -0.51830151E-003    -0.44679323E+001     0.45440341E+001     0.15928958E-003     0.77708888E-004
     0.10326560E+000     0.94503613E-004    -0.55542016E-003    -0.44341028E+001     0.42338338E+001     0.15088955E-003     0.73282023E-004
     0.10363310E+000     0.23296936E-003    -0.51791761E-003    -0.42842975E+001     0.39145898E+001     0.14470663E-003     0.67793207E-004
     0.10400059E+000     0.32261224E-003    -0.42772096E-003    -0.40537552E+001     0.36299393E+001     0.14038845E-003     0.62211230E-004
     0.10436808E+000     0.34921103E-003    -0.32351690E-003    -0.37783394E+001     0.33885369E+001     0.13737316E-003     0.56885182E-004
     0.10473558E+000     0.32377907E-003    -0.23840789E-003    -0.34764725E+001     0.31822880E+001     0.13538840E-003     0.51789389E-004
     0.10510307E+000     0.26884842E-003    -0.18854202E-003    -0.31512402E+001     0.30056047E+001     0.13446636E-003     0.47013656E-004
     0.10547056E+000     0.20526375E-003    -0.17505486E-003    -0.28031291E+001     0.28617011E+001     0.13454753E-003     0.42920604E-004
     0.10583806E+000     0.14695501E-003    -0.19123327E-003    -0.24377946E+001     0.27567199E+001     0.13524036E-003     0.39863338E-004
     0.10620555E+000     0.10069697E-003    -0.22762561E-003    -0.20647190E+001     0.26934383E+001     0.13594705E-003     0.37889277E-004
     0.10657304E+000     0.66644831E-004    -0.27559154E-003    -0.16930304E+001     0.26697585E+001     0.13613586E-003     0.36658827E-004
     0.10694054E+000     0.40175054E-004    -0.33098109E-003    -0.13281824E+001     0.26801926E+001     0.13559969E-003     0.35557490E-004
     0.10730803E+000     0.16343453E-004    -0.39628818E-003    -0.97004195E+000     0.27193568E+001     0.13459709E-003     0.33984982E-004
     0.10767552E+000    -0.52396023E-005    -0.47873587E-003    -0.61424243E+000     0.27868304E+001     0.13371456E-003     0.31702691E-004
     0.10804302E+000    -0.19047049E-004    -0.58585213E-003    -0.25761354E+000     0.28894565E+001     0.13348047E-003     0.28931001E-004
     0.10841051E+000    -0.15580464E-004    -0.72305952E-003     0.96940456E-001     0.30384848E+001     0.13410542E-003     0.26088282E-004
     0.10877800E+000     0.17829443E-004    -0.89464839E-003     0.43974968E+000     0.32457837E+001     0.13557836E-003     0.23521241E-004
     0.10914550E+000     0.10050619E-003    -0.11042897E-002     0.75412032E+000     0.35229472E+001     0.13785605E-003     0.21524124E-004
     0.10951299E+000     0.26543378E-003    -0.13492696E-002     0.10121418E+001     0.38794953E+001     0.14082280E-003     0.20496270E-004
     0.10988048E+000     0.56082510E-003    -0.16019462E-002     0.11696288E+001     0.43136191E+001     0.14404243E-003     0.20902681E-004
     0.11024798E+000     0.10274243E-002    -0.17845414E-002     0.11695661E+001     0.47939688E+001     0.14663923E-003     0.22893061E-004
     0.11061547E+000     0.16414799E-002    -0.17725153E-002     0.96618508E+000     0.52405301E+001     0.14767008E-003     0.25859874E-004
     0.11098296E+000     0.22714377E-002    -0.14698050E-002     0.57390128E+000     0.55314080E+001     0.14688795E-003     0.28527029E-004
     0.11135046E+000     0.27391331E-002    -0.90743445E-003     0.10241706E+000     0.55666806E+001     0.14515798E-003     0.29803189E-004
     0.11171795E+000     0.29512687E-002    -0.22551121E-003    -0.29010113E+000     0.53494601E+001     0.14386321E-003     0.29687244E-004
     0.11208544E+000     0.29285787E-002     0.45030364E-003    -0.49856257E+000     0.49828005E+001     0.14379444E-003     0.29179771E-004
     0.11245294E+000     0.27204576E-002     0.10629304E-002    -0.51203706E+000     0.45873908E+001     0.14475335E-003     0.29361124E-004
     0.11282043E+000     0.23532512E-002     0.15775970E-002    -0.37658417E+000     0.42426418E+001     0.14603760E-003     0.30780184E-004
     0.11318792E+000     0.18571526E-002     0.19429582E-002    -0.15097466E+000     0.39828556E+001     0.14694344E-003     0.33556036E-004
     0.11355542E+000     0.13012785E-002     0.21147873E-002     0.11238237E+000     0.38116936E+001     0.14676084E-003     0.37639508E-004
     0.11392291E+000     0.77418234E-003     0.20987142E-002     0.37408430E+000     0.37118690E+001     0.14459885E-003     0.42641568E-004
     0.11429040E+000     0.33553027E-003     0.19450442E-002     0.61457870E+000     0.36528851E+001     0.13972992E-003     0.47447467E-004
     0.11465790E+000     0.41850139E-005     0.17085421E-002     0.83923667E+000     0.36051217E+001     0.13235532E-003     0.50480106E-004
     0.11502539E+000    -0.22010344E-003     0.14291539E-002     0.10703132E+001     0.35577652E+001     0.12369601E-003     0.50717158E-004
     0.11539288E+000    -0.34274969E-003     0.11376247E-002     0.13256355E+001     0.35231582E+001     0.11505345E-003     0.48174224E-004
     0.11576038E+000    -0.37449190E-003     0.85958510E-003     0.16048206E+001     0.35221258E+001     0.10715940E-003     0.43307247E-004
     0.11612787E+000    -0.32999850E-003     0.61272810E-003     0.18928899E+001     0.35687868E+001     0.10042181E-003     0.36481467E-004
     0.11649536E+000    -0.22106172E-003     0.40746543E-003     0.21692841E+001     0.36654244E+001     0.95207197E-004     0.28051771E-004
     0.11686285E+000    -0.53217988E-004     0.25556228E-003     0.24150346E+001     0.38019558E+001     0.91749342E-004     0.18464345E-004
     0.11723035E+000     0.16612224E-003     0.17884445E-003     0.26205806E+001     0.39578973E+001     0.90090825E-004     0.81205477E-005
     0.11759784E+000     0.41325043E-003     0.20454158E-003     0.27929025E+001     0.41106387E+001     0.90192649E-004    -0.27016219E-005
     0.11796533E+000     0.64607105E-003     0.34773912E-003     0.29546562E+001     0.42496663E+001     0.91985189E-004    -0.13816835E-004
     0.11833283E+000     0.81862004E-003     0.60331673E-003     0.31304689E+001     0.43870685E+001     0.95361850E-004    -0.25192228E-004
     0.11870032E+000     0.88774411E-003     0.95333580E-003     0.33288184E+001     0.45536163E+001     0.10034438E-003    -0.37078939E-004
     0.11906781E+000     0.80814745E-003     0.13648231E-002     0.35318628E+001     0.47840927E+001     0.10745487E-003    -0.49920642E-004
     0.11943531E+000     0.54046908E-003     0.17765011E-002     0.36945779E+001     0.50992868E+001     0.11798328E-003    -0.63858285E-004
     0.11980280E+000     0.76496951E-004     0.20980937E-002     0.37546315E+001     0.54864541E+001     0.13380345E-003    -0.77997808E-004
     0.12017029E+000    -0.53935627E-003     0.22349306E-002     0.36580812E+001     0.58852454E+001     0.15657724E-003    -0.89784045E-004
     0.12053779E+000    -0.12142400E-002     0.21230842E-002     0.33993017E+001     0.61954693E+001     0.18629736E-003    -0.94977180E-004
     0.12090528E+000    -0.18303353E-002     0.17520655E-002     0.30514007E+001     0.63246452E+001     0.21967058E-003    -0.89138892E-004
     0.12127277E+000    -0.22774294E-002     0.11750716E-002     0.27401926E+001     0.62565178E+001     0.25038280E-003    -0.70729957E-004
     0.12164027E+000    -0.24942379E-002     0.49378928E-003     0.25614036E+001     0.60668788E+001     0.27248920E-003    -0.42785039E-004
     0.12200776E+000    -0.24836380E-002    -0.18840595E-003     0.25261453E+001     0.58597244E+001     0.28349451E-003    -0.10723668E-004
     0.12237525E+000    -0.22852573E-002    -0.80008727E-003     0.25845285E+001     0.56978684E+001     0.28400835E-003     0.20664509E-004
     0.12274275E+000    -0.19470570E-002    -0.12968051E-002     0.26825307E+001     0.55882271E+001     0.27605110E-003     0.48052622E-004
     0.12311024E+000    -0.15246724E-002    -0.16502015E-002     0.27964647E+001     0.55117652E+001     0.26231784E-003     0.69305965E-004
     0.12347773E+000    -0.10826567E-002    -0.18580947E-002     0.29280515E+001     0.54582003E+001     0.24595655E-003     0.83567307E-004
     0.12384523E+000    -0.67399306E-003    -0.19523885E-002     0.30796516E+001     0.54366810E+001     0.22997450E-003     0.91539158E-004
     0.12421272E+000    -0.31849289E-003    -0.19826026E-002     0.32354330E+001     0.54632722E+001     0.21622945E-003     0.95211938E-004
     0.12458021E+000    -0.21480571E-005    -0.19886403E-002     0.33601581E+001     0.55382209E+001     0.20487732E-003     0.96674172E-004
     0.12494771E+000     0.30419062E-003    -0.19824830E-002     0.34195946E+001     0.56279852E+001     0.19507113E-003     0.96897122E-004
     0.12531520E+000     0.61890652E-003    -0.19504276E-002     0.34148991E+001     0.56723219E+001     0.18632431E-003     0.95678004E-004
     0.12568269E+000     0.93824696E-003    -0.18759862E-002     0.33995016E+001     0.56257269E+001     0.17916280E-003     0.92739888E-004
     0.12605019E+000     0.12526540E-002    -0.17564268E-002     0.34472995E+001     0.54992438E+001     0.17443686E-003     0.88673634E-004
     0.12641768E+000     0.15625841E-002    -0.15896914E-002     0.35988260E+001     0.53526068E+001     0.17234394E-003     0.84654863E-004
     0.12678517E+000     0.18641077E-002    -0.13585360E-002     0.38433981E+001     0.52484929E+001     0.17236669E-003     0.81611754E-004
     0.12715267E+000     0.21280262E-002    -0.10465594E-002     0.41425078E+001     0.52213138E+001     0.17385278E-003     0.79930990E-004
     0.12752016E+000     0.23124167E-002    -0.66721383E-003     0.44571517E+001     0.52783243E+001     0.17639610E-003     0.79783259E-004
     0.12788765E+000     0.23968549E-002    -0.26163196E-003     0.47577192E+001     0.54133319E+001     0.17969036E-003     0.81500894E-004
     0.12825515E+000     0.23941543E-002     0.13322462E-003     0.50218170E+001     0.56164083E+001     0.18316823E-003     0.85574498E-004
     0.12862264E+000     0.23282685E-002     0.50833633E-003     0.52271989E+001     0.58764162E+001     0.18581189E-003     0.92360498E-004
     0.12899013E+000     0.22036061E-002     0.87430020E-003     0.53461347E+001     0.61727252E+001     0.18619216E-003     0.10170909E-003
     0.12935763E+000     0.19980857E-002     0.12292221E-002     0.53548282E+001     0.64614500E+001     0.18276206E-003     0.11256998E-003
     0.12972512E+000     0.16907533E-002     0.15359297E-002     0.52579495E+001     0.66761904E+001     0.17455427E-003     0.12275961E-003
     0.13009261E+000     0.12983252E-002     0.17375993E-002     0.51089286E+001     0.67543879E+001     0.16219352E-003     0.12940336E-003
     0.13046011E+000     0.87812380E-003     0.17996967E-002     0.49999809E+001     0.66795031E+001     0.14837716E-003     0.13042249E-003
     0.13082760E+000     0.49468931E-003     0.17311607E-002     0.50144137E+001     0.65006355E+001     0.13670237E-003     0.12615993E-003
     0.13119509E+000     0.19010197E-003     0.15709684E-002     0.51822306E+001     0.63025574E+001     0.12939536E-003     0.11925227E-003
     0.13156258E+000    -0.22219148E-004     0.13640005E-002     0.54801107E+001     0.61575292E+001     0.12627882E-003     0.11262889E-003
     0.13193008E+000    -0.14766128E-003     0.11465338E-002     0.58622768E+001     0.61027960E+001     0.12582894E-003     0.10788571E-003
     0.13229757E+000    -0.19967499E-003     0.94412511E-003     0.62863457E+001     0.61483190E+001     0.12662332E-003     0.10539305E-003
     0.13266506E+000    -0.19446699E-003     0.77477438E-003     0.67181538E+001     0.62916909E+001     0.12767412E-003     0.10516442E-003
     0.13303256E+000    -0.15077811E-003     0.65188920E-003     0.71278557E+001     0.65207396E+001     0.12800501E-003     0.10714392E-003
     0.13340005E+000    -0.92075641E-004     0.58339027E-003     0.74961077E+001     0.68109732E+001     0.12649818E-003     0.11089991E-003
     0.13376754E+000    -0.45534926E-004     0.56682810E-003     0.78236181E+001     0.71370204E+001     0.12216661E-003     0.11541602E-003
     0.13413504E+000    -0.36138847E-004     0.58640405E-003     0.81210831E+001     0.74901086E+001     0.11445828E-003     0.11909232E-003
     0.13450253E+000    -0.79422617E-004     0.61302529E-003     0.83875851E+001     0.78728852E+001     0.10371109E-003     0.11978917E-003
     0.13487002E+000    -0.17079868E-003     0.60909952E-003     0.86101652E+001     0.82768741E+001     0.91871026E-004     0.11544819E-003
     0.13523752E+000    -0.27876195E-003     0.54655433E-003     0.87855857E+001     0.86749183E+001     0.82474972E-004     0.10567984E-003
     0.13560501E+000    -0.35990763E-003     0.42859192E-003     0.89376235E+001     0.90383805E+001     0.78796702E-004     0.93104748E-004
     0.13597250E+000    -0.38949199E-003     0.28741092E-003     0.91118332E+001     0.93634890E+001     0.81000345E-004     0.82307728E-004
     0.13634000E+000    -0.37413956E-003     0.15652535E-003     0.93478283E+001     0.96847155E+001     0.85460558E-004     0.76129001E-004
     0.13670749E+000    -0.33646208E-003     0.49024197E-004     0.96483573E+001     0.10057870E+002     0.88278443E-004     0.73011446E-004
     0.13707498E+000    -0.29336928E-003    -0.41593073E-004     0.99766512E+001     0.10523104E+002     0.89458229E-004     0.69475997E-004
     0.13744248E+000    -0.24609803E-003    -0.12604994E-003     0.10282569E+002     0.11084576E+002     0.91716774E-004     0.65066566E-004
     0.13780997E+000    -0.18804333E-003    -0.20330201E-003     0.10527183E+002     0.11713081E+002     0.95421680E-004     0.62146175E-004
     0.13817746E+000    -0.12452056E-003    -0.26251231E-003     0.10703726E+002     0.12356159E+002     0.98258706E-004     0.61115031E-004
     0.13854496E+000    -0.75797508E-004    -0.30592105E-003     0.10855136E+002     0.12968393E+002     0.99531685E-004     0.59784739E-004
     0.13891245E+000    -0.53639018E-004    -0.35845554E-003     0.11055653E+002     0.13553988E+002     0.10108477E-003     0.57076300E-004
     0.13927994E+000    -0.44150279E-004    -0.44886881E-003     0.11363215E+002     0.14174568E+002     0.10435048E-003     0.54290776E-004
     0.13964744E+000    -0.17215148E-004    -0.58973852E-003     0.11789957E+002     0.14921657E+002     0.10878693E-003     0.53107521E-004
     0.14001493E+000     0.60043894E-004    -0.77751924E-003     0.12298551E+002     0.15886265E+002     0.11274267E-003     0.53931252E-004
     0.14038242E+000     0.22182706E-003    -0.99337176E-003     0.12815292E+002     0.17134556E+002     0.11485264E-003     0.55563634E-004
     0.14074992E+000     0.49521566E-003    -0.11947528E-002     0.13258027E+002     0.18704714E+002     0.11539996E-003     0.55883611E-004
     0.14111741E+000     0.87822569E-003    -0.13223518E-002     0.13542958E+002     0.20637429E+002     0.11678739E-003     0.53786577E-004
     0.14148490E+000     0.13361137E-002    -0.13254595E-002     0.13537864E+002     0.22989683E+002     0.12179552E-003     0.50960272E-004
     0.14185240E+000     0.18140054E-002    -0.11748410E-002     0.13013382E+002     0.25776366E+002     0.13092083E-003     0.51220764E-004
     0.14221989E+000     0.22455529E-002    -0.87079649E-003     0.11663158E+002     0.28870691E+002     0.14152472E-003     0.57999090E-004
     0.14258738E+000     0.25766199E-002    -0.45460105E-003     0.92068160E+001     0.31920096E+002     0.14901673E-003     0.72601516E-004
     0.14295488E+000     0.28027123E-002     0.18072758E-004     0.55831363E+001     0.34343921E+002     0.14772298E-003     0.93644559E-004
     0.14332237E+000     0.29530292E-002     0.53714932E-003     0.11449752E+001     0.35531939E+002     0.13210867E-003     0.11507666E-003
     0.14368986E+000     0.30131865E-002     0.11424571E-002    -0.33849994E+001     0.35199235E+002     0.10229403E-003     0.12569307E-003
     0.14405736E+000     0.28919666E-002     0.18378711E-002    -0.72660870E+001     0.33586711E+002     0.68422865E-004     0.11667428E-003
     0.14442485E+000     0.24970598E-002     0.25201033E-002    -0.10120615E+002     0.31297975E+002     0.44242691E-004     0.90059357E-004
     0.14479234E+000     0.18429656E-002     0.30153984E-002    -0.12030988E+002     0.28918403E+002     0.36775790E-004     0.56314682E-004
     0.14515984E+000     0.10787885E-002     0.32011308E-002    -0.13325728E+002     0.26743286E+002     0.44047054E-004     0.25549562E-004
     0.14552733E+000     0.39238800E-003     0.30996766E-002    -0.14294378E+002     0.24777704E+002     0.59879277E-004     0.23306312E-005
     0.14589482E+000    -0.11993975E-003     0.28413048E-002    -0.15044678E+002     0.22916263E+002     0.79132489E-004    -0.13741279E-004
     0.14626232E+000    -0.48043114E-003     0.25419925E-002    -0.15556390E+002     0.21121619E+002     0.99732439E-004    -0.24778330E-004
     0.14662981E+000    -0.74800417E-003     0.22348886E-002    -0.15827921E+002     0.19450398E+002     0.12177733E-003    -0.32019916E-004
     0.14699730E+000    -0.93905089E-003     0.19069279E-002    -0.15929906E+002     0.17953690E+002     0.14568599E-003    -0.35203962E-004
     0.14736479E+000    -0.10338396E-002     0.15689883E-002    -0.15944089E+002     0.16623766E+002     0.17118487E-003    -0.33455590E-004
     0.14773229E+000    -0.10328262E-002     0.12626709E-002    -0.15921694E+002     0.15426906E+002     0.19778250E-003    -0.25816567E-004
     0.14809978E+000    -0.96810890E-003     0.10166052E-002    -0.15899335E+002     0.14325849E+002     0.22443860E-003    -0.10186657E-004
     0.14846727E+000    -0.87249610E-003     0.83285544E-003    -0.15901299E+002     0.13263370E+002     0.24677300E-003     0.15829423E-004
     0.14883477E+000    -0.76714785E-003     0.70454336E-003    -0.15906587E+002     0.12166915E+002     0.25721634E-003     0.49604771E-004
     0.14920226E+000    -0.66897640E-003     0.62168013E-003    -0.15838191E+002     0.10998735E+002     0.25262923E-003     0.81303981E-004
     0.14956975E+000    -0.58716553E-003     0.56745772E-003    -0.15612511E+002     0.97958852E+001     0.23983904E-003     0.10224783E-003
     0.14993725E+000    -0.51755745E-003     0.52850909E-003    -0.15201520E+002     0.86445322E+001     0.22886411E-003     0.11330869E-003
     0.15030474E+000    -0.45426169E-003     0.50401526E-003    -0.14640815E+002     0.76191245E+001     0.22356319E-003     0.12155919E-003
     0.15067223E+000    -0.40095178E-003     0.49674541E-003    -0.13992586E+002     0.67506143E+001     0.22128723E-003     0.13226654E-003
     0.15103973E+000    -0.36565308E-003     0.50089374E-003    -0.13311305E+002     0.60331097E+001     0.21804156E-003     0.14610386E-003
     0.15140722E+000    -0.34783659E-003     0.50367436E-003    -0.12630448E+002     0.54439671E+001     0.21193028E-003     0.16136260E-003
     0.15177471E+000    -0.33615538E-003     0.49907098E-003    -0.11965272E+002     0.49605466E+001     0.20294813E-003     0.17684577E-003
     0.15214221E+000    -0.32208074E-003     0.49432647E-003    -0.11322602E+002     0.45670274E+001     0.19086793E-003     0.19258869E-003
     0.15250970E+000    -0.31009798E-003     0.49844846E-003    -0.10708220E+002     0.42523283E+001     0.17404393E-003     0.20822201E-003
     0.15287719E+000    -0.31037762E-003     0.50999455E-003    -0.10128225E+002     0.40060055E+001     0.15064254E-003     0.22110813E-003
     0.15324469E+000    -0.32683775E-003     0.51931116E-003    -0.95875099E+001     0.38166834E+001     0.12136633E-003     0.22663822E-003
     0.15361218E+000    -0.35491205E-003     0.51802506E-003    -0.90886169E+001     0.36724040E+001     0.90806958E-004     0.22135866E-003
     0.15397967E+000    -0.38712103E-003     0.50376425E-003    -0.86311454E+001     0.35613356E+001     0.65009258E-004     0.20606641E-003
     0.15434717E+000    -0.41741460E-003     0.47890026E-003    -0.82114313E+001     0.34731567E+001     0.47562069E-004     0.18504394E-003
     0.15471466E+000    -0.44324346E-003     0.44984588E-003    -0.78236475E+001     0.34005673E+001     0.38630624E-004     0.16277348E-003
     0.15508215E+000    -0.47162651E-003     0.42441788E-003    -0.74611175E+001     0.33394994E+001     0.36697639E-004     0.14216844E-003
     0.15544965E+000    -0.52083181E-003     0.39710648E-003    -0.71172670E+001     0.32900828E+001     0.39975521E-004     0.12495899E-003
     0.15581714E+000    -0.59843753E-003     0.33690969E-003    -0.67895928E+001     0.32572039E+001     0.46444268E-004     0.11225847E-003
     0.15618463E+000    -0.67443204E-003     0.20966388E-003    -0.64840898E+001     0.32453346E+001     0.53753980E-004     0.10427386E-003
     0.15655213E+000    -0.69271571E-003     0.17504747E-004    -0.62126302E+001     0.32496654E+001     0.59826717E-004     0.10001864E-003
     0.15691962E+000    -0.61247811E-003    -0.19186326E-003    -0.59818962E+001     0.32523160E+001     0.63567033E-004     0.97668888E-004
     0.15728711E+000    -0.43958890E-003    -0.35310004E-003    -0.57815138E+001     0.32309978E+001     0.65184382E-004     0.95342804E-004
     0.15765461E+000    -0.22368273E-003    -0.42706093E-003    -0.55854952E+001     0.31767622E+001     0.65872235E-004     0.91996398E-004
     0.15802210E+000    -0.17183413E-004    -0.42351159E-003    -0.53702445E+001     0.31017370E+001     0.66840851E-004     0.87774308E-004
     0.15838959E+000     0.16299723E-003    -0.37516669E-003    -0.51288504E+001     0.30268832E+001     0.68514276E-004     0.83445968E-004
     0.15875709E+000     0.32884696E-003    -0.29728825E-003    -0.48672802E+001     0.29668261E+001     0.70521862E-004     0.79569170E-004
     0.15912458E+000     0.48902900E-003    -0.17669406E-003    -0.45932281E+001     0.29271234E+001     0.72228343E-004     0.76032400E-004
     0.15949207E+000     0.62463601E-003     0.10753295E-004    -0.43109036E+001     0.29101022E+001     0.73385679E-004     0.72137423E-004
     0.15985957E+000     0.68690421E-003     0.27005927E-003    -0.40232245E+001     0.29198466E+001     0.74454879E-004     0.67189719E-004
     0.16022706E+000     0.61963081E-003     0.56405914E-003    -0.37363432E+001     0.29619051E+001     0.76258353E-004     0.61059735E-004
     0.16059455E+000     0.39231609E-003     0.81111178E-003    -0.34612204E+001     0.30388107E+001     0.79380662E-004     0.54130225E-004
     0.16096205E+000     0.35466970E-004     0.90331045E-003    -0.32100853E+001     0.31460292E+001     0.84002191E-004     0.46796295E-004
     0.16132954E+000    -0.33477711E-003     0.76111030E-003    -0.29907635E+001     0.32728404E+001     0.90282772E-004     0.39185996E-004
     0.16169703E+000    -0.55653008E-003     0.40976658E-003    -0.28046576E+001     0.34070908E+001     0.98728162E-004     0.31473333E-004
     0.16206453E+000    -0.52648217E-003    -0.12170424E-004    -0.26485859E+001     0.35377375E+001     0.10995970E-003     0.24366543E-004
     0.16243202E+000    -0.26460067E-003    -0.33838200E-003    -0.25145668E+001     0.36551983E+001     0.12414825E-003     0.19047018E-004
     0.16279951E+000     0.11339176E-003    -0.46943112E-003    -0.23893258E+001     0.37555239E+001     0.14089908E-003     0.16706174E-004
     0.16316700E+000     0.47738687E-003    -0.40866186E-003    -0.22603202E+001     0.38444039E+001     0.15947603E-003     0.18468598E-004
     0.16353450E+000     0.75299775E-003    -0.22544548E-003    -0.21233191E+001     0.39330287E+001     0.17852913E-003     0.25557760E-004
     0.16390199E+000     0.93149733E-003     0.85288120E-005    -0.19828232E+001     0.40293920E+001     0.19549037E-003     0.38634573E-004
     0.16426948E+000     0.10385879E-002     0.25414734E-003    -0.18455122E+001     0.41330219E+001     0.20716347E-003     0.56359883E-004
     0.16463698E+000     0.11011644E-002     0.50854363E-003    -0.17118408E+001     0.42367682E+001     0.21179004E-003     0.75211064E-004
     0.16500447E+000     0.11218633E-002     0.79026820E-003    -0.15717108E+001     0.43353209E+001     0.21033204E-003     0.91350179E-004
     0.16537196E+000     0.10711135E-002     0.11090821E-002    -0.14093409E+001     0.44350124E+001     0.20565006E-003     0.10256212E-003
     0.16573946E+000     0.90648320E-003     0.14395619E-002    -0.12150729E+001     0.45555900E+001     0.20083196E-003     0.10863966E-003
     0.16610695E+000     0.60594579E-003     0.17171733E-002    -0.99345270E+000     0.47218144E+001     0.19824446E-003     0.11060391E-003
     0.16647444E+000     0.19926713E-003     0.18597736E-002    -0.76194566E+000     0.49537297E+001     0.19961401E-003     0.11000229E-003
     0.16684194E+000    -0.22230821E-003     0.18157757E-002    -0.54528870E+000     0.52624111E+001     0.20628803E-003     0.10901860E-003
     0.16720943E+000    -0.54651640E-003     0.16118868E-002    -0.37162744E+000     0.56503922E+001     0.21867161E-003     0.11084005E-003
     0.16757692E+000    -0.71005142E-003     0.13449843E-002    -0.27306619E+000     0.61109635E+001     0.23516831E-003     0.11906787E-003
     0.16794442E+000    -0.72923519E-003     0.11239055E-002    -0.28364131E+000     0.66209196E+001     0.25186182E-003     0.13618570E-003
     0.16831191E+000    -0.68726936E-003     0.10201932E-002    -0.42521023E+000     0.71349655E+001     0.26337299E-003     0.16185260E-003
     0.16867940E+000    -0.70448683E-003     0.10218465E-002    -0.68835273E+000     0.75986152E+001     0.26532885E-003     0.19180818E-003
     0.16904690E+000    -0.84856843E-003     0.10077299E-002    -0.10346773E+001     0.79765111E+001     0.25778077E-003     0.21969106E-003
     0.16941439E+000    -0.10382780E-002     0.84130887E-003    -0.14229762E+001     0.82624846E+001     0.24521019E-003     0.24184558E-003
     0.16978188E+000    -0.10920749E-002     0.52507644E-003    -0.18223172E+001     0.84630469E+001     0.23201341E-003     0.25927180E-003
     0.17014938E+000    -0.90364557E-003     0.23605174E-003    -0.22028767E+001     0.85940734E+001     0.21951146E-003     0.27477183E-003
     0.17051687E+000    -0.57150108E-003     0.17982105E-003    -0.25459715E+001     0.86935752E+001     0.20681500E-003     0.29016763E-003
     0.17088436E+000    -0.32891941E-003     0.39622818E-003    -0.28702382E+001     0.88068457E+001     0.19253762E-003     0.30583394E-003
     0.17125186E+000    -0.34678609E-003     0.73321960E-003    -0.32269168E+001     0.89487728E+001     0.17556499E-003     0.32121294E-003
     0.17161935E+000    -0.63174220E-003     0.97946800E-003    -0.36644647E+001     0.90880460E+001     0.15524840E-003     0.33508836E-003
     0.17198684E+000    -0.10565087E-002     0.98520622E-003    -0.41948094E+001     0.91633861E+001     0.13192318E-003     0.34573389E-003
     0.17235434E+000    -0.14341576E-002     0.72158030E-003    -0.47816351E+001     0.91211626E+001     0.10748282E-003     0.35208235E-003
     0.17272183E+000    -0.16133811E-002     0.29138721E-003    -0.53660553E+001     0.89503551E+001     0.83956808E-004     0.35543459E-003
     0.17308932E+000    -0.15652834E-002    -0.14093517E-003    -0.59105576E+001     0.86764435E+001     0.60576910E-004     0.35831921E-003
     0.17345682E+000    -0.13734741E-002    -0.46586770E-003    -0.64095586E+001     0.83228627E+001     0.34030698E-004     0.36059241E-003
     0.17382431E+000    -0.11385821E-002    -0.67591543E-003    -0.68639844E+001     0.78917702E+001     0.26506785E-005     0.35831218E-003
     0.17419180E+000    -0.90201483E-003    -0.81825191E-003    -0.72602178E+001     0.73746603E+001    -0.31034120E-004     0.34713511E-003
     0.17455930E+000    -0.64604535E-003    -0.91733250E-003    -0.75659335E+001     0.67705783E+001    -0.61802027E-004     0.32563361E-003
     0.17492679E+000    -0.35991608E-003    -0.94227179E-003    -0.77404363E+001     0.61042524E+001    -0.84583889E-004     0.29610524E-003
     0.17529428E+000    -0.91905934E-004    -0.86148362E-003    -0.77616284E+001     0.54291496E+001    -0.96890426E-004     0.26337441E-003
     0.17566178E+000     0.93227974E-004    -0.70649385E-003    -0.76439148E+001     0.48024785E+001    -0.99583294E-004     0.23221068E-003
     0.17602927E+000     0.18333070E-003    -0.54816899E-003    -0.74259836E+001     0.42589912E+001    -0.95409151E-004     0.20536144E-003
     0.17639676E+000     0.21992888E-003    -0.43215441E-003    -0.71479738E+001     0.38077355E+001    -0.87097509E-004     0.18362589E-003
     0.17676426E+000     0.25030443E-003    -0.35645396E-003    -0.68398562E+001     0.34431946E+001    -0.76723099E-004     0.16689180E-003
     0.17713175E+000     0.29724219E-003    -0.29459875E-003    -0.65215048E+001     0.31552666E+001    -0.65989218E-004     0.15462776E-003
     0.17749924E+000     0.35914037E-003    -0.21762441E-003    -0.62062405E+001     0.29333757E+001    -0.56300047E-004     0.14570562E-003
     0.17786673E+000     0.41312196E-003    -0.10594198E-003    -0.59032099E+001     0.27673883E+001    -0.48254471E-004     0.13835578E-003
     0.17823423E+000     0.42485485E-003     0.33886402E-004    -0.56187147E+001     0.26480121E+001    -0.41111922E-004     0.13081938E-003
     0.17860172E+000     0.37725786E-003     0.16740603E-003    -0.53575779E+001     0.25667937E+001    -0.33023113E-004     0.12243095E-003
     0.17896921E+000     0.28479810E-003     0.26017704E-003    -0.51240490E+001     0.25148820E+001    -0.22150504E-004     0.11419547E-003
     0.17933671E+000     0.17729759E-003     0.29796042E-003    -0.49204695E+001     0.24813323E+001    -0.78786528E-005     0.10831828E-003
     0.17970420E+000     0.83911006E-004     0.28546794E-003    -0.47439136E+001     0.24543558E+001     0.86659504E-005     0.10700166E-003
     0.18007169E+000     0.24678587E-004     0.24235684E-003    -0.45860865E+001     0.24266888E+001     0.25160051E-004     0.11117825E-003
     0.18043919E+000     0.13276859E-005     0.19379663E-003    -0.44395694E+001     0.23980714E+001     0.39485598E-004     0.12016236E-003
     0.18080668E+000     0.15450412E-005     0.15396444E-003    -0.43023293E+001     0.23696959E+001     0.50739633E-004     0.13264495E-003
     0.18117417E+000     0.14621552E-004     0.12346244E-003    -0.41734606E+001     0.23387187E+001     0.58871210E-004     0.14797386E-003
     0.18154167E+000     0.40117721E-004     0.99679853E-004    -0.40471881E+001     0.23014140E+001     0.63397812E-004     0.16646096E-003
     0.18190916E+000     0.82721387E-004     0.91068518E-004    -0.39146804E+001     0.22598333E+001     0.62339564E-004     0.18833225E-003
     0.18227665E+000     0.13153193E-003     0.11689218E-003    -0.37709912E+001     0.22222272E+001     0.52521205E-004     0.21188180E-003
     0.18264415E+000     0.15282800E-003     0.18050078E-003    -0.36181203E+001     0.21973242E+001     0.31663030E-004     0.23228339E-003
     0.18301164E+000     0.11727379E-003     0.25060696E-003    -0.34621426E+001     0.21896722E+001     0.13484784E-005     0.24259040E-003
     0.18337913E+000     0.30564324E-004     0.27849837E-003    -0.33088804E+001     0.21993303E+001    -0.31367786E-004     0.23755357E-003
     0.18374663E+000    -0.64238623E-004     0.23371121E-003    -0.31615351E+001     0.22245025E+001    -0.56589778E-004     0.21828540E-003
     0.18411412E+000    -0.11527994E-003     0.12725278E-003    -0.30215104E+001     0.22645978E+001    -0.67894081E-004     0.19269967E-003
     0.18448161E+000    -0.96855604E-004    -0.74575203E-008    -0.28915311E+001     0.23207980E+001    -0.66055555E-004     0.17020093E-003
     0.18484911E+000    -0.15580523E-004    -0.10990595E-003    -0.27776068E+001     0.23931103E+001    -0.56888403E-004     0.15652026E-003
     0.18521660E+000     0.11026419E-003    -0.18294815E-003    -0.26870345E+001     0.24767369E+001    -0.47375384E-004     0.15260540E-003
     0.18558409E+000     0.26730689E-003    -0.20926629E-003    -0.26236533E+001     0.25617766E+001    -0.43231554E-004     0.15545454E-003
     0.18595159E+000     0.44333135E-003    -0.17346038E-003    -0.25845912E+001     0.26372522E+001    -0.47053836E-004     0.15936054E-003
     0.18631908E+000     0.60692993E-003    -0.56160353E-004    -0.25615789E+001     0.26961788E+001    -0.57054459E-004     0.15844514E-003
     0.18668657E+000     0.70166869E-003     0.13193371E-003    -0.25454170E+001     0.27374187E+001    -0.68179992E-004     0.14983786E-003
     0.18705407E+000     0.69531750E-003     0.32857204E-003    -0.25294938E+001     0.27636776E+001    -0.75418303E-004     0.13475435E-003
     0.18742156E+000     0.61821591E-003     0.47533908E-003    -0.25102747E+001     0.27784445E+001    -0.76262054E-004     0.11659790E-003
     0.18778905E+000     0.51481318E-003     0.56486545E-003    -0.24858169E+001     0.27843092E+001    -0.70523750E-004     0.98612474E-004
     0.18815655E+000     0.39777857E-003     0.60361817E-003    -0.24540972E+001     0.27830181E+001    -0.59067708E-004     0.83172829E-004
     0.18852404E+000     0.28116626E-003     0.57219901E-003    -0.24121020E+001     0.27766392E+001    -0.43220578E-004     0.72102242E-004
     0.18889153E+000     0.21995892E-003     0.46002987E-003    -0.23561189E+001     0.27692296E+001    -0.24915431E-004     0.66808088E-004
     0.18925903E+000     0.27935452E-003     0.32000209E-003    -0.22836849E+001     0.27681179E+001    -0.68356197E-005     0.67780770E-004
     0.18962652E+000     0.45673499E-003     0.25527199E-003    -0.21967607E+001     0.27828731E+001     0.82167885E-005     0.73815052E-004
     0.18999401E+000     0.66338791E-003     0.32947294E-003    -0.21028729E+001     0.28214190E+001     0.18805647E-004     0.82040763E-004
     0.19036151E+000     0.80150638E-003     0.51322011E-003    -0.20124454E+001     0.28866458E+001     0.25978398E-004     0.89462269E-004
     0.19072900E+000     0.83904778E-003     0.72826815E-003    -0.19349316E+001     0.29770467E+001     0.32579889E-004     0.95093635E-004
     0.19109649E+000     0.80167724E-003     0.91817622E-003    -0.18782279E+001     0.30893244E+001     0.40857302E-004     0.10064792E-003
     0.19146399E+000     0.72768815E-003     0.10615911E-002    -0.18502335E+001     0.32188562E+001     0.50573426E-004     0.10879096E-003
     0.19183148E+000     0.65783536E-003     0.11579611E-002    -0.18593968E+001     0.33579061E+001     0.59558434E-004     0.12077440E-003
     0.19219897E+000     0.62975190E-003     0.12415370E-002    -0.19129551E+001     0.34930723E+001     0.65735567E-004     0.13583636E-003
     0.19256647E+000     0.63337778E-003     0.13749365E-002    -0.20113657E+001     0.36041530E+001     0.68378084E-004     0.15235872E-003
     0.19293396E+000     0.59899633E-003     0.15846388E-002    -0.21412371E+001     0.36702666E+001     0.67910561E-004     0.16917868E-003
     0.19330145E+000     0.46181863E-003     0.18170992E-002    -0.22769949E+001     0.36823132E+001     0.64971848E-004     0.18613879E-003
     0.19366894E+000     0.24064135E-003     0.19841425E-002    -0.23937496E+001     0.36490812E+001     0.59390818E-004     0.20372059E-003
     0.19403644E+000     0.26017554E-004     0.20671954E-002    -0.24795117E+001     0.35899751E+001     0.49903037E-004     0.22178448E-003
     0.19440393E+000    -0.13058745E-003     0.21488305E-002    -0.25359448E+001     0.35220988E+001     0.35368013E-004     0.23859420E-003
     0.19477142E+000    -0.29678075E-003     0.23211208E-002    -0.25693330E+001     0.34538936E+001     0.16351435E-004     0.25161215E-003
     0.19513892E+000    -0.61608103E-003     0.25618553E-002    -0.25828150E+001     0.33897240E+001    -0.49099998E-005     0.25933355E-003
     0.19550641E+000    -0.11622996E-002     0.27043105E-002    -0.25787861E+001     0.33369877E+001    -0.26033290E-004     0.26204415E-003
     0.19587390E+000    -0.18296770E-002     0.25643760E-002    -0.25661426E+001     0.33046470E+001    -0.45650626E-004     0.26105609E-003
     0.19624140E+000    -0.23965929E-002     0.21053424E-002    -0.25615355E+001     0.32951278E+001    -0.63439257E-004     0.25776302E-003
     0.19660889E+000    -0.26939823E-002     0.14621126E-002    -0.25828131E+001     0.32976447E+001    -0.79887990E-004     0.25320810E-003
     0.19697638E+000    -0.27032182E-002     0.82148581E-003    -0.26373753E+001     0.32881540E+001    -0.95991286E-004     0.24748045E-003
     0.19734388E+000    -0.25072981E-002     0.29696313E-003    -0.27118792E+001     0.32407177E+001    -0.11203664E-003     0.23954720E-003
     0.19771137E+000    -0.21863280E-002    -0.74008719E-004    -0.27761247E+001     0.31462523E+001    -0.12692523E-003     0.22869092E-003
     0.19807886E+000    -0.18044224E-002    -0.26461343E-003    -0.28030052E+001     0.30200520E+001    -0.13948889E-003     0.21549898E-003
     0.19844636E+000    -0.14537435E-002    -0.26379393E-003    -0.27849551E+001     0.28889197E+001    -0.14953947E-003     0.20087419E-003
     0.19881385E+000    -0.12358078E-002    -0.13013446E-003    -0.27321095E+001     0.27731106E+001    -0.15726486E-003     0.18505533E-003
     0.19918134E+000    -0.11837635E-002     0.10395858E-004    -0.26598489E+001     0.26795547E+001    -0.16231311E-003     0.16784308E-003
     0.19954884E+000    -0.12193177E-002     0.49836170E-004    -0.25795957E+001     0.26058868E+001    -0.16360717E-003     0.14946251E-003
     0.19991633E+000    -0.12114167E-002    -0.86314996E-005    -0.24965736E+001     0.25466438E+001    -0.16002249E-003     0.13119780E-003
     0.20028382E+000    -0.10950232E-002    -0.53645108E-004    -0.24111267E+001     0.24974050E+001    -0.15133790E-003     0.11514649E-003
     0.20065132E+000    -0.92921817E-003     0.31262221E-004    -0.23214052E+001     0.24570640E+001    -0.13854505E-003     0.10333319E-003
     0.20101881E+000    -0.84814399E-003     0.27186982E-003    -0.22269638E+001     0.24276367E+001    -0.12343068E-003     0.97053208E-004
     0.20138630E+000    -0.97169478E-003     0.58168037E-003    -0.21304888E+001     0.24109541E+001    -0.10799048E-003     0.96759286E-004
     0.20175380E+000    -0.13285046E-002     0.79814584E-003    -0.20355729E+001     0.24060163E+001    -0.94137045E-004     0.10233924E-003
     0.20212129E+000    -0.18139013E-002     0.77285469E-003    -0.19441127E+001     0.24097484E+001    -0.83846167E-004     0.11322634E-003
     0.20248878E+000    -0.22445459E-002     0.47757207E-003    -0.18556300E+001     0.24184867E+001    -0.79183474E-004     0.12801670E-003
     0.20285628E+000    -0.24772787E-002     0.14387143E-004    -0.17665877E+001     0.24291948E+001    -0.81644859E-004     0.14400685E-003
     0.20322377E+000    -0.24772914E-002    -0.45510587E-003    -0.16703945E+001     0.24425341E+001    -0.90861612E-004     0.15760229E-003
     0.20359126E+000    -0.23314833E-002    -0.79654558E-003    -0.15614211E+001     0.24656878E+001    -0.10403436E-003     0.16621379E-003
     0.20395876E+000    -0.21961753E-002    -0.99256336E-003    -0.14407463E+001     0.25100898E+001    -0.11761797E-003     0.17005070E-003
     0.20432625E+000    -0.21697871E-002    -0.11636802E-002    -0.13177127E+001     0.25847874E+001    -0.12978720E-003     0.17147743E-003
     0.20469374E+000    -0.21976243E-002    -0.14603826E-002    -0.12055218E+001     0.26914229E+001    -0.14107370E-003     0.17296248E-003
     0.20506124E+000    -0.21102394E-002    -0.19200656E-002    -0.11155397E+001     0.28244235E+001    -0.15371134E-003     0.17573720E-003
     0.20542873E+000    -0.17641098E-002    -0.24166654E-002    -0.10542430E+001     0.29740848E+001    -0.17072449E-003     0.17874425E-003
     0.20579622E+000    -0.11639604E-002    -0.27456403E-002    -0.10220134E+001     0.31294342E+001    -0.19375901E-003     0.17802106E-003
     0.20616372E+000    -0.46430251E-003    -0.27683825E-002    -0.10122846E+001     0.32825900E+001    -0.22053829E-003     0.16871138E-003
     0.20653121E+000     0.13690498E-003    -0.24905448E-002    -0.10156055E+001     0.34350622E+001    -0.24539805E-003     0.14885774E-003
     0.20689870E+000     0.50582817E-003    -0.20310390E-002    -0.10304868E+001     0.35979446E+001    -0.26282882E-003     0.12088538E-003
     0.20726620E+000     0.60906043E-003    -0.15420319E-002    -0.10705619E+001     0.37800387E+001    -0.27028053E-003     0.89730527E-004
     0.20763369E+000     0.48957543E-003    -0.11508348E-002    -0.11568475E+001     0.39736962E+001    -0.26833368E-003     0.60284500E-004
     0.20800118E+000     0.23416905E-003    -0.94651242E-003    -0.13000870E+001     0.41537060E+001    -0.25975740E-003     0.36140925E-004
     0.20836868E+000    -0.28621296E-004    -0.97472857E-003    -0.14893029E+001     0.42922083E+001    -0.24881172E-003     0.18743080E-004
     0.20873617E+000    -0.13872796E-003    -0.11895239E-002    -0.16978656E+001     0.43770510E+001    -0.23968674E-003     0.63237932E-005
     0.20910366E+000     0.64288508E-006    -0.14160374E-002    -0.19016456E+001     0.44170163E+001    -0.23366761E-003    -0.53391086E-005
     0.20947115E+000     0.30600718E-003    -0.14435088E-002    -0.20928251E+001     0.44309804E+001    -0.22818236E-003    -0.19404663E-004
     0.20983865E+000     0.54104318E-003    -0.12068690E-002    -0.22799126E+001     0.44317110E+001    -0.21954344E-003    -0.35511296E-004
     0.21020614E+000     0.50331568E-003    -0.86399865E-003    -0.24754524E+001     0.44161566E+001    -0.20584997E-003    -0.50779638E-004
     0.21057363E+000     0.19482394E-003    -0.67727390E-003    -0.26812243E+001     0.43700550E+001    -0.18770061E-003    -0.61927191E-004
     0.21094113E+000    -0.18044357E-003    -0.80895502E-003    -0.28848223E+001     0.42819563E+001    -0.16753218E-003    -0.66807713E-004
     0.21130862E+000    -0.37792977E-003    -0.12118025E-002    -0.30679664E+001     0.41519209E+001    -0.14840463E-003    -0.64842254E-004
     0.21167611E+000    -0.28042580E-003    -0.16920456E-002    -0.32157055E+001     0.39909515E+001    -0.13371025E-003    -0.56799716E-004
     0.21204361E+000     0.59176248E-004    -0.20643746E-002    -0.33216947E+001     0.38159427E+001    -0.12672126E-003    -0.45938632E-004
     0.21241110E+000     0.50986526E-003    -0.22644702E-002    -0.33891512E+001     0.36433542E+001    -0.12756406E-003    -0.38103588E-004
     0.21277859E+000     0.99626021E-003    -0.23271104E-002    -0.34280402E+001     0.34844378E+001    -0.13133368E-003    -0.37558336E-004
     0.21314609E+000     0.15203357E-002    -0.22615273E-002    -0.34509672E+001     0.33433591E+001    -0.13184655E-003    -0.43088671E-004
     0.21351358E+000     0.20506759E-002    -0.20162658E-002    -0.34693054E+001     0.32174522E+001    -0.12646555E-003    -0.49900840E-004
     0.21388107E+000     0.24855288E-002    -0.15789596E-002    -0.34900676E+001     0.30991820E+001    -0.11647375E-003    -0.53636490E-004
     0.21424857E+000     0.27368283E-002    -0.10238804E-002    -0.35142300E+001     0.29793429E+001    -0.10527640E-003    -0.52205234E-004
     0.21461606E+000     0.27899475E-002    -0.45594435E-003    -0.35368378E+001     0.28508032E+001    -0.96505551E-004    -0.46651081E-004
     0.21498355E+000     0.26874591E-002     0.50108614E-004    -0.35496991E+001     0.27121092E+001    -0.91036600E-004    -0.40303590E-004
     0.21535105E+000     0.24850411E-002     0.46544942E-003    -0.35467817E+001     0.25678700E+001    -0.86302011E-004    -0.34798052E-004
     0.21571854E+000     0.22229468E-002     0.78808494E-003    -0.35274219E+001     0.24241506E+001    -0.80094423E-004    -0.27833343E-004
     0.21608603E+000     0.19295161E-002     0.10199995E-002    -0.34939382E+001     0.22841452E+001    -0.74030287E-004    -0.15793786E-004
     0.21645353E+000     0.16292341E-002     0.11705644E-002    -0.34477717E+001     0.21484550E+001    -0.72886381E-004     0.23390729E-005
     0.21682102E+000     0.13352763E-002     0.12513865E-002    -0.33884619E+001     0.20178371E+001    -0.81472509E-004     0.23464534E-004
     0.21718851E+000     0.10583771E-002     0.12709324E-002    -0.33152809E+001     0.18949099E+001    -0.10168992E-003     0.41440762E-004
     0.21755601E+000     0.80616206E-003     0.12413897E-002    -0.32292658E+001     0.17836367E+001    -0.13112953E-003     0.49783487E-004
     0.21792350E+000     0.57510073E-003     0.11724817E-002    -0.31339068E+001     0.16874788E+001    -0.16392800E-003     0.44550912E-004
     0.21829099E+000     0.35833021E-003     0.10564970E-002    -0.30342255E+001     0.16078146E+001    -0.19319869E-003     0.25661701E-004
     0.21865849E+000     0.17033638E-003     0.87041027E-003    -0.29352644E+001     0.15435521E+001    -0.21326592E-003    -0.36434722E-005
     0.21902598E+000     0.59669066E-004     0.60752314E-003    -0.28409399E+001     0.14915102E+001    -0.22080020E-003    -0.38147123E-004
     0.21939347E+000     0.79388877E-004     0.31129968E-003    -0.27530804E+001     0.14470842E+001    -0.21513653E-003    -0.71865383E-004
     0.21976097E+000     0.23461369E-003     0.59965145E-004    -0.26706938E+001     0.14056090E+001    -0.19846380E-003    -0.99125557E-004
     0.22012846E+000     0.47611365E-003    -0.91562895E-004    -0.25903849E+001     0.13642469E+001    -0.17567053E-003    -0.11620373E-003
     0.22049595E+000     0.74699713E-003    -0.13692591E-003    -0.25081810E+001     0.13231220E+001    -0.15254479E-003    -0.12302678E-003
     0.22086345E+000     0.10140534E-002    -0.93685142E-004    -0.24216238E+001     0.12847251E+001    -0.13272160E-003    -0.12258193E-003
     0.22123094E+000     0.12648344E-002     0.18891062E-004    -0.23306290E+001     0.12520764E+001    -0.11668007E-003    -0.11782411E-003
     0.22159843E+000     0.15044200E-002     0.19097688E-003    -0.22367425E+001     0.12271346E+001    -0.10385449E-003    -0.10966573E-003
     0.22196593E+000     0.17404579E-002     0.43949864E-003    -0.21417718E+001     0.12104841E+001    -0.94837421E-004    -0.97816214E-004
     0.22233342E+000     0.19501953E-002     0.80043602E-003    -0.20470570E+001     0.12020000E+001    -0.91717997E-004    -0.82607919E-004
     0.22270091E+000     0.20726441E-002     0.12900458E-002    -0.19535648E+001     0.12013488E+001    -0.97114519E-004    -0.66390484E-004
     0.22306841E+000     0.20401295E-002     0.18827444E-002    -0.18619006E+001     0.12080290E+001    -0.11206161E-003    -0.54043782E-004
     0.22343590E+000     0.18018094E-002     0.25276639E-002    -0.17720963E+001     0.12217157E+001    -0.13355778E-003    -0.51031300E-004
     0.22380339E+000     0.13139881E-002     0.31599378E-002    -0.16839547E+001     0.12428690E+001    -0.15516092E-003    -0.59341399E-004
     0.22417088E+000     0.53628514E-003     0.36776253E-002    -0.15978761E+001     0.12727603E+001    -0.17138240E-003    -0.76063100E-004
     0.22453838E+000    -0.52334282E-003     0.39154212E-002    -0.15153679E+001     0.13128871E+001    -0.18070514E-003    -0.96632780E-004
     0.22490587E+000    -0.17268734E-002     0.36857989E-002    -0.14391296E+001     0.13643509E+001    -0.18417803E-003    -0.11823026E-003
     0.22527336E+000    -0.27919995E-002     0.29147869E-002    -0.13730215E+001     0.14272074E+001    -0.18273223E-003    -0.13978839E-003
     0.22564086E+000    -0.34315114E-002     0.17463326E-002    -0.13216723E+001     0.14995213E+001    -0.17672687E-003    -0.16031717E-003
     0.22600835E+000    -0.35268414E-002     0.46756721E-003    -0.12891026E+001     0.15765368E+001    -0.16704045E-003    -0.17869814E-003
     0.22637584E+000    -0.31497282E-002    -0.66310870E-003    -0.12765399E+001     0.16512285E+001    -0.15493920E-003    -0.19479764E-003
     0.22674334E+000    -0.24615695E-002    -0.15022410E-002    -0.12812614E+001     0.17168031E+001    -0.14057089E-003    -0.20927340E-003
     0.22711083E+000    -0.16318573E-002    -0.20099765E-002    -0.12980413E+001     0.17691634E+001    -0.12293479E-003    -0.22164419E-003
     0.22747832E+000    -0.79825473E-003    -0.22250817E-002    -0.13215768E+001     0.18069500E+001    -0.10195026E-003    -0.22988156E-003
     0.22784582E+000    -0.34352993E-004    -0.22274168E-002    -0.13471923E+001     0.18300894E+001    -0.79257296E-004    -0.23211223E-003
     0.22821331E+000     0.64097313E-003    -0.20879499E-002    -0.13699813E+001     0.18394969E+001    -0.57327547E-004    -0.22757171E-003
     0.22858080E+000     0.12367210E-002    -0.18636616E-002    -0.13849472E+001     0.18384554E+001    -0.38823158E-004    -0.21653497E-003
     0.22894830E+000     0.18047634E-002    -0.15893601E-002    -0.13893273E+001     0.18331407E+001    -0.26415565E-004    -0.20032806E-003
     0.22931579E+000     0.24174795E-002    -0.12145883E-002    -0.13847780E+001     0.18303343E+001    -0.22394282E-004    -0.18162662E-003
     0.22968328E+000     0.30554538E-002    -0.60151854E-003    -0.13767384E+001     0.18339415E+001    -0.27698615E-004    -0.16451168E-003
     0.23005078E+000     0.35458470E-002     0.34560054E-003    -0.13713237E+001     0.18432094E+001    -0.40748637E-004    -0.15350745E-003
     0.23041827E+000     0.36556336E-002     0.15512009E-002    -0.13719425E+001     0.18537451E+001    -0.57377992E-004    -0.15150123E-003
     0.23078576E+000     0.32550803E-002     0.27805691E-002    -0.13777502E+001     0.18606962E+001    -0.72847625E-004    -0.15821399E-003
     0.23115326E+000     0.23892252E-002     0.37758675E-002    -0.13851301E+001     0.18618613E+001    -0.84271523E-004    -0.17127865E-003
     0.23152075E+000     0.12169872E-002     0.43616501E-002    -0.13906745E+001     0.18582031E+001    -0.90444112E-004    -0.18856703E-003
     0.23188824E+000    -0.58282151E-004     0.44526636E-002    -0.13928158E+001     0.18522979E+001    -0.90067386E-004    -0.20812906E-003
     0.23225574E+000    -0.12066910E-002     0.40570020E-002    -0.13919505E+001     0.18469268E+001    -0.82324912E-004    -0.22652196E-003
     0.23262323E+000    -0.20209233E-002     0.33104431E-002    -0.13901916E+001     0.18440490E+001    -0.69210892E-004    -0.23954991E-003
     0.23299072E+000    -0.24162956E-002     0.24473936E-002    -0.13905945E+001     0.18439194E+001    -0.55758730E-004    -0.24547048E-003
     0.23335822E+000    -0.24705380E-002     0.16788189E-002    -0.13960895E+001     0.18449498E+001    -0.46774478E-004    -0.24698738E-003
     0.23372571E+000    -0.23404147E-002     0.10903624E-002    -0.14088562E+001     0.18438570E+001    -0.43213140E-004    -0.24934592E-003
     0.23409320E+000    -0.21485966E-002     0.65735261E-003    -0.14293103E+001     0.18354941E+001    -0.41966099E-004    -0.25620866E-003
     0.23446070E+000    -0.19467960E-002     0.31792771E-003    -0.14540729E+001     0.18139516E+001    -0.38987003E-004    -0.26767009E-003
     0.23482819E+000    -0.17304890E-002     0.20656390E-004    -0.14754712E+001     0.17762024E+001    -0.31900190E-004    -0.28158646E-003
     0.23519568E+000    -0.14629330E-002    -0.24647708E-003    -0.14851575E+001     0.17250849E+001    -0.20184222E-004    -0.29565255E-003
     0.23556318E+000    -0.11203093E-002    -0.44431969E-003    -0.14787877E+001     0.16675557E+001    -0.40294609E-005    -0.30818378E-003
     0.23593067E+000    -0.73312274E-003    -0.52112512E-003    -0.14567739E+001     0.16102114E+001     0.16351821E-004    -0.31747551E-003
     0.23629816E+000    -0.36562250E-003    -0.46985894E-003    -0.14215215E+001     0.15569428E+001     0.39954900E-004    -0.32113882E-003
     0.23666566E+000    -0.56277383E-004    -0.32613496E-003    -0.13749285E+001     0.15097985E+001     0.63772350E-004    -0.31705397E-003
     0.23703315E+000     0.19200272E-003    -0.11553975E-003    -0.13181063E+001     0.14708555E+001     0.83240704E-004    -0.30541174E-003
     0.23740064E+000     0.36765818E-003     0.16128604E-003    -0.12526472E+001     0.14429879E+001     0.94568850E-004    -0.28954128E-003
     0.23776814E+000     0.42961771E-003     0.48931114E-003    -0.11817621E+001     0.14290988E+001     0.96819295E-004    -0.27435853E-003
     0.23813563E+000     0.34185048E-003     0.80298536E-003    -0.11103030E+001     0.14307173E+001     0.91792999E-004    -0.26400315E-003
     0.23850312E+000     0.13409293E-003     0.10049665E-002    -0.10437245E+001     0.14469283E+001     0.82535511E-004    -0.26088115E-003
     0.23887062E+000    -0.81744223E-004     0.10489199E-002    -0.98642860E+000     0.14742105E+001     0.72352077E-004    -0.26590066E-003
     0.23923811E+000    -0.19716581E-003     0.10060191E-002    -0.94022357E+000     0.15075507E+001     0.64307984E-004    -0.27870438E-003
     0.23960560E+000    -0.22212996E-003     0.10066334E-002    -0.90396443E+000     0.15425384E+001     0.60735410E-004    -0.29819313E-003
     0.23997309E+000    -0.28310873E-003     0.10986623E-002    -0.87494115E+000     0.15772078E+001     0.63576497E-004    -0.32328669E-003
     0.24034059E+000    -0.49357555E-003     0.11767599E-002    -0.85137381E+000     0.16122164E+001     0.75232070E-004    -0.35257647E-003
     0.24070808E+000    -0.81815508E-003     0.10519256E-002    -0.83429232E+000     0.16487902E+001     0.98276342E-004    -0.38320171E-003
     0.24107557E+000    -0.10412521E-002     0.61151867E-003    -0.82690155E+000     0.16855865E+001     0.13412682E-003    -0.41057610E-003
     0.24144307E+000    -0.88035317E-003    -0.39178853E-004    -0.83111366E+000     0.17171669E+001     0.18193601E-003    -0.42919708E-003
     0.24181056E+000    -0.19295683E-003    -0.57374005E-003    -0.84367770E+000     0.17363762E+001     0.23805467E-003    -0.43396611E-003
     0.24217805E+000     0.88098409E-003    -0.62433533E-003    -0.85599085E+000     0.17396369E+001     0.29634195E-003    -0.42198129E-003
     0.24254555E+000     0.19857193E-002    -0.10755343E-004    -0.85876774E+000     0.17302196E+001     0.34996779E-003    -0.39390800E-003
     0.24291304E+000     0.27611286E-002     0.11970771E-002    -0.84715472E+000     0.17163129E+001     0.39379874E-003    -0.35360439E-003
     0.24328053E+000     0.29640997E-002     0.27940332E-002    -0.82217096E+000     0.17065818E+001     0.42585759E-003    -0.30627706E-003
     0.24364803E+000     0.24395015E-002     0.45200902E-002    -0.78906313E+000     0.17068259E+001     0.44728382E-003    -0.25608724E-003
     0.24401552E+000     0.11197833E-002     0.60295623E-002    -0.75459361E+000     0.17186114E+001     0.46045501E-003    -0.20416625E-003
     0.24438301E+000    -0.86504310E-003     0.69083390E-002    -0.72437899E+000     0.17396313E+001     0.46564727E-003    -0.14884122E-003
     0.24475051E+000    -0.31141335E-002     0.68466518E-002    -0.70106664E+000     0.17654455E+001     0.45909755E-003    -0.89293528E-004
     0.24511800E+000    -0.50836610E-002     0.58531551E-002    -0.68402498E+000     0.17919275E+001     0.43590160E-003    -0.29531948E-004
     0.24548549E+000    -0.63795789E-002     0.42802694E-002    -0.67086689E+000     0.18172209E+001     0.39517424E-003     0.22879639E-004
     0.24585299E+000    -0.69511130E-002     0.25814525E-002    -0.65987634E+000     0.18416882E+001     0.34057818E-003     0.61730706E-004
     0.24622048E+000    -0.69931308E-002     0.10386185E-002    -0.65105606E+000     0.18659568E+001     0.27692164E-003     0.83651438E-004
     0.24658797E+000    -0.67128982E-002    -0.28546292E-003    -0.64499558E+000     0.18894091E+001     0.20908145E-003     0.86296081E-004
     0.24695547E+000    -0.62082362E-002    -0.14180500E-002    -0.64138905E+000     0.19104578E+001     0.14343848E-003     0.68385091E-004
     0.24732296E+000    -0.55015649E-002    -0.23522937E-002    -0.63847335E+000     0.19275518E+001     0.87425205E-004     0.32116286E-004
     0.24769045E+000    -0.46380923E-002    -0.30280357E-002    -0.63300212E+000     0.19403276E+001     0.45982687E-004    -0.16148806E-004
     0.24805795E+000    -0.37302953E-002    -0.34095984E-002    -0.62122250E+000     0.19510395E+001     0.18810291E-004    -0.69266940E-004
     0.24842544E+000    -0.28947139E-002    -0.35510433E-002    -0.60133687E+000     0.19648158E+001     0.19113040E-005    -0.12341559E-003
     0.24879293E+000    -0.21674542E-002    -0.35562832E-002    -0.57553937E+000     0.19874117E+001    -0.90184121E-005    -0.17899969E-003
     0.24916043E+000    -0.15089805E-002    -0.34902374E-002    -0.54938899E+000     0.20220323E+001    -0.16462834E-004    -0.24005553E-003
     0.24952792E+000    -0.87467171E-003    -0.33500509E-002    -0.52908125E+000     0.20678760E+001    -0.18402209E-004    -0.31361131E-003
     0.24989541E+000    -0.25999661E-003    -0.31031244E-002    -0.51888791E+000     0.21209902E+001    -0.48943129E-005    -0.40580356E-003
     0.25026291E+000     0.30832899E-003    -0.27270169E-002    -0.51998288E+000     0.21761388E+001     0.40842019E-004    -0.51426819E-003
     0.25063040E+000     0.79442900E-003    -0.22118410E-002    -0.53029174E+000     0.22287275E+001     0.13419638E-003    -0.62325100E-003
     0.25099789E+000     0.11456481E-002    -0.15515229E-002    -0.54533786E+000     0.22768864E+001     0.27934394E-003    -0.70699457E-003
     0.25136539E+000     0.12774277E-002    -0.77135200E-003    -0.56082469E+000     0.23228266E+001     0.46513327E-003    -0.73860212E-003
     0.25173288E+000     0.11088730E-002     0.28879382E-004    -0.57585165E+000     0.23715742E+001     0.66653984E-003    -0.69763067E-003
     0.25210037E+000     0.63779527E-003     0.68893357E-003    -0.59394194E+000     0.24274893E+001     0.84665957E-003    -0.57635921E-003
     0.25246787E+000    -0.26517131E-004     0.10712946E-002    -0.62105172E+000     0.24914858E+001     0.96206528E-003    -0.39011665E-003
     0.25283536E+000    -0.71702116E-003     0.11376791E-002    -0.66268437E+000     0.25609048E+001     0.98242813E-003    -0.18519083E-003
     0.25320285E+000    -0.12949715E-002     0.94521954E-003    -0.72261843E+000     0.26311265E+001     0.91763023E-003    -0.22811077E-004
     0.25357035E+000    -0.16785929E-002     0.59001952E-003    -0.80339856E+000     0.26963676E+001     0.81956462E-003     0.60144441E-004
     0.25393784E+000    -0.18264126E-002     0.18988836E-003    -0.90611334E+000     0.27487729E+001     0.74747317E-003     0.75530939E-004
     0.25430533E+000    -0.17656784E-002    -0.10937861E-003    -0.10278536E+001     0.27783356E+001     0.72993549E-003     0.69703447E-004
     0.25467283E+000    -0.16338671E-002    -0.20353609E-003    -0.11593786E+001     0.27762987E+001     0.75396152E-003     0.89067095E-004
     0.25504032E+000    -0.16086603E-002    -0.13154209E-003    -0.12869261E+001     0.27400717E+001     0.78114500E-003     0.15255204E-003
     0.25540781E+000    -0.17613132E-002    -0.51292440E-004    -0.13975405E+001     0.26748362E+001     0.77636272E-003     0.24528985E-003
     0.25577530E+000    -0.20145757E-002    -0.91897647E-004    -0.14832854E+001     0.25907646E+001     0.72946245E-003     0.33554831E-003
     0.25614280E+000    -0.22474505E-002    -0.25956536E-003    -0.15420372E+001     0.24991229E+001     0.65428025E-003     0.39912412E-003
     0.25651029E+000    -0.24055325E-002    -0.47709878E-003    -0.15762885E+001     0.24097095E+001     0.57210424E-003     0.42962172E-003
     0.25687778E+000    -0.25235334E-002    -0.67254898E-003    -0.15915980E+001     0.23295648E+001     0.49899658E-003     0.43337137E-003
     0.25724528E+000    -0.26871267E-002    -0.84242074E-003    -0.15950408E+001     0.22623846E+001     0.44273887E-003     0.42152772E-003
     0.25761277E+000    -0.29621564E-002    -0.10800462E-002    -0.15937139E+001     0.22085263E+001     0.40393843E-003     0.40523436E-003
     0.25798026E+000    -0.33021154E-002    -0.15384046E-002    -0.15934755E+001     0.21655090E+001     0.37784343E-003     0.39267479E-003
     0.25834776E+000    -0.35128152E-002    -0.23032926E-002    -0.15979402E+001     0.21288491E+001     0.35698751E-003     0.38699648E-003
     0.25871525E+000    -0.33567132E-002    -0.32707179E-002    -0.16077388E+001     0.20933250E+001     0.33483892E-003     0.38591958E-003
     0.25908274E+000    -0.27334069E-002    -0.41679480E-002    -0.16204620E+001     0.20547558E+001     0.30906538E-003     0.38397698E-003
     0.25945024E+000    -0.17686441E-002    -0.47230336E-002    -0.16318518E+001     0.20117336E+001     0.28218756E-003     0.37654420E-003
     0.25981773E+000    -0.72749090E-003    -0.48326442E-002    -0.16380465E+001     0.19662335E+001     0.25897320E-003     0.36283264E-003
     0.26018522E+000     0.15771104E-003    -0.45869729E-002    -0.16378001E+001     0.19225487E+001     0.24281027E-003     0.34566125E-003
     0.26055272E+000     0.79226835E-003    -0.41648311E-002    -0.16335304E+001     0.18849017E+001     0.23397971E-003     0.32877836E-003
     0.26092021E+000     0.12065005E-002    -0.37164298E-002    -0.16304457E+001     0.18547857E+001     0.23064878E-003     0.31425390E-003
     0.26128770E+000     0.14836543E-002    -0.33114732E-002    -0.16339329E+001     0.18295368E+001     0.23143664E-003     0.30176919E-003
     0.26165520E+000     0.16944990E-002    -0.29494129E-002    -0.16465555E+001     0.18031237E+001     0.23766246E-003     0.29059694E-003
     0.26202269E+000     0.18656682E-002    -0.26005194E-002    -0.16663356E+001     0.17688401E+001     0.25250297E-003     0.28324338E-003
     0.26239018E+000     0.19873112E-002    -0.22485956E-002    -0.16873153E+001     0.17225566E+001     0.27648371E-003     0.28654404E-003
     0.26275768E+000     0.20464205E-002    -0.19057485E-002    -0.17023144E+001     0.16647584E+001     0.30399784E-003     0.30767569E-003
     0.26312517E+000     0.20490438E-002    -0.15941952E-002    -0.17063450E+001     0.15999287E+001     0.32497334E-003     0.34918167E-003
     0.26349266E+000     0.20145190E-002    -0.13271621E-002    -0.16982666E+001     0.15337169E+001     0.32906029E-003     0.40759832E-003
     0.26386016E+000     0.19656196E-002    -0.11082470E-002    -0.16797895E+001     0.14702933E+001     0.30859957E-003     0.47473418E-003
     0.26422765E+000     0.19299066E-002    -0.92959134E-003    -0.16533731E+001     0.14116678E+001     0.26024709E-003     0.53953239E-003
     0.26459514E+000     0.19296748E-002    -0.75921735E-003    -0.16209202E+001     0.13585670E+001     0.18569432E-003     0.59026460E-003
     0.26496264E+000     0.19528138E-002    -0.54892207E-003    -0.15837487E+001     0.13114464E+001     0.91334776E-004     0.61651905E-003
     0.26533013E+000     0.19459706E-002    -0.27542919E-003    -0.15430856E+001     0.12707639E+001    -0.12167432E-004     0.61065266E-003
     0.26569762E+000     0.18538470E-002     0.31977200E-004    -0.15002055E+001     0.12367496E+001    -0.11041538E-003     0.57017724E-003
     0.26606512E+000     0.16616455E-002     0.31352173E-003    -0.14561931E+001     0.12094124E+001    -0.18854625E-003     0.50071017E-003
     0.26643261E+000     0.13967973E-002     0.52118849E-003    -0.14119661E+001     0.11888891E+001    -0.23726940E-003     0.41529555E-003
     0.26680010E+000     0.11009100E-002     0.63779682E-003    -0.13687322E+001     0.11755413E+001    -0.25646907E-003     0.32859298E-003
     0.26716760E+000     0.80701615E-003     0.66699320E-003    -0.13283395E+001     0.11694921E+001    -0.25294920E-003     0.25065969E-003
     0.26753509E+000     0.53839422E-003     0.61679267E-003    -0.12930533E+001     0.11699910E+001    -0.23507321E-003     0.18502205E-003
     0.26790258E+000     0.31880367E-003     0.49643689E-003    -0.12648726E+001     0.11751544E+001    -0.20875869E-003     0.13076760E-003
     0.26827008E+000     0.17514636E-003     0.32682675E-003    -0.12448540E+001     0.11822695E+001    -0.17632954E-003     0.85893007E-004
     0.26863757E+000     0.12340595E-003     0.14817706E-003    -0.12328140E+001     0.11884297E+001    -0.13769420E-003     0.50081857E-004
     0.26900506E+000     0.15004684E-003     0.70759953E-005    -0.12274376E+001     0.11911496E+001    -0.93062054E-004     0.25764469E-004
     0.26937256E+000     0.21491963E-003    -0.71700725E-004    -0.12266258E+001     0.11888206E+001    -0.45534475E-004     0.16606192E-004
     0.26974005E+000     0.28028374E-003    -0.97032160E-004    -0.12280549E+001     0.11809798E+001    -0.14258776E-005     0.24534068E-004
     0.27010754E+000     0.33413976E-003    -0.90709543E-004    -0.12298847E+001     0.11681554E+001     0.31566540E-004     0.47738962E-004
     0.27047503E+000     0.38112610E-003    -0.59892682E-004    -0.12311295E+001     0.11511825E+001     0.46629444E-004     0.80163494E-004
     0.27084253E+000     0.41591070E-003     0.37305616E-005    -0.12313011E+001     0.11305565E+001     0.40295738E-004     0.11185983E-003
     0.27121002E+000     0.41408761E-003     0.99991933E-004    -0.12297666E+001     0.11064638E+001     0.15160531E-004     0.13105124E-003
     0.27157751E+000     0.35122314E-003     0.20228224E-003    -0.12255598E+001     0.10793226E+001    -0.19068429E-004     0.12851751E-003
     0.27194501E+000     0.22894808E-003     0.26595008E-003    -0.12177946E+001     0.10501728E+001    -0.48266026E-004     0.10229746E-003
     0.27231250E+000     0.83258848E-004     0.25568704E-003    -0.12062569E+001     0.10205105E+001    -0.59633882E-004     0.59272108E-004
     0.27267999E+000    -0.32144239E-004     0.16982668E-003    -0.11916561E+001     0.99165735E+000    -0.46943771E-004     0.12236695E-004
     0.27304749E+000    -0.75332829E-004     0.43785879E-004    -0.11752761E+001     0.96409830E+000    -0.12270723E-004    -0.25467392E-004
     0.27341498E+000    -0.38230778E-004    -0.68907910E-004    -0.11581933E+001     0.93729578E+000     0.35980459E-004    -0.44603491E-004
     0.27378247E+000     0.51973148E-004    -0.12439054E-003    -0.11406003E+001     0.91017708E+000     0.86924105E-004    -0.42056596E-004
     0.27414997E+000     0.15039596E-003    -0.10712328E-003    -0.11217398E+001     0.88195061E+000     0.13065689E-003    -0.20228225E-004
     0.27451746E+000     0.21681570E-003    -0.30293187E-004    -0.11004333E+001     0.85264957E+000     0.16019986E-003     0.14711185E-004
     0.27488495E+000     0.22907010E-003     0.76677399E-004    -0.10757456E+001     0.82312586E+000     0.17248711E-003     0.54558332E-004
     0.27525245E+000     0.18440384E-003     0.18214038E-003    -0.10474019E+001     0.79465981E+000     0.16892461E-003     0.91176248E-004
     0.27561994E+000     0.94337650E-004     0.26060786E-003    -0.10158531E+001     0.76846689E+000     0.15457321E-003     0.11906216E-003
     0.27598743E+000    -0.20414385E-004     0.29650505E-003    -0.98204666E+000     0.74530964E+000     0.13558543E-003     0.13676372E-003
     0.27635493E+000    -0.13497447E-003     0.28752100E-003    -0.94703323E+000     0.72535507E+000     0.11659122E-003     0.14606697E-003
     0.27672242E+000    -0.22888812E-003     0.24604085E-003    -0.91160950E+000     0.70832469E+000     0.99619929E-004     0.14998418E-003
     0.27708991E+000    -0.29572884E-003     0.19293955E-003    -0.87619832E+000     0.69381634E+000     0.84466970E-004     0.15099505E-003
     0.27745741E+000    -0.34487538E-003     0.14449932E-003    -0.84099437E+000     0.68155020E+000     0.69748264E-004     0.15000630E-003
     0.27782490E+000    -0.39178002E-003     0.10264023E-003    -0.80618784E+000     0.67138396E+000     0.54324028E-004     0.14603322E-003
     0.27819239E+000    -0.44481812E-003     0.56954510E-004    -0.77206343E+000     0.66316858E+000     0.38786716E-004     0.13694031E-003
     0.27855989E+000    -0.49964708E-003    -0.45780052E-005    -0.73893592E+000     0.65661431E+000     0.26044386E-004     0.12128744E-003
     0.27892738E+000    -0.54348149E-003    -0.85787125E-004    -0.70700922E+000     0.65127030E+000     0.20177806E-004     0.10021828E-003
     0.27929487E+000    -0.56414972E-003    -0.17935384E-003    -0.67626930E+000     0.64662355E+000     0.24005744E-004     0.77864803E-004
     0.27966237E+000    -0.55790181E-003    -0.27098291E-003    -0.64648956E+000     0.64224796E+000     0.37047739E-004     0.59590939E-004
     0.28002986E+000    -0.53173758E-003    -0.34765764E-003    -0.61734533E+000     0.63788903E+000     0.55630740E-004     0.49206762E-004
     0.28039735E+000    -0.49903579E-003    -0.40478019E-003    -0.58852607E+000     0.63342104E+000     0.75068457E-004     0.47417244E-004
     0.28076485E+000    -0.47174556E-003    -0.44766598E-003    -0.55973373E+000     0.62875895E+000     0.91892825E-004     0.52513127E-004
     0.28113234E+000    -0.45449021E-003    -0.48729285E-003    -0.53060835E+000     0.62385941E+000     0.10448626E-003     0.62096384E-004
     0.28149983E+000    -0.44347785E-003    -0.53386958E-003    -0.50071517E+000     0.61881246E+000     0.11237421E-003     0.74145331E-004
     0.28186733E+000    -0.42983716E-003    -0.59194938E-003    -0.46963277E+000     0.61391116E+000     0.11548005E-003     0.86980868E-004
     0.28223482E+000    -0.40490937E-003    -0.65962329E-003    -0.43707010E+000     0.60963371E+000     0.11409763E-003     0.98913901E-004
     0.28260231E+000    -0.36340832E-003    -0.73168526E-003    -0.40294373E+000     0.60655990E+000     0.10923859E-003     0.10836627E-003
     0.28296981E+000    -0.30232656E-003    -0.80254087E-003    -0.36739666E+000     0.60526700E+000     0.10265177E-003     0.11444589E-003
     0.28333730E+000    -0.21920109E-003    -0.86525419E-003    -0.33076541E+000     0.60623630E+000     0.96259278E-004     0.11743743E-003
     0.28370479E+000    -0.11427870E-003    -0.90958292E-003    -0.29350953E+000     0.60979376E+000     0.91270199E-004     0.11871770E-003
     0.28407229E+000     0.54083812E-005    -0.92437855E-003    -0.25613324E+000     0.61609907E+000     0.87566806E-004     0.11995412E-003
     0.28443978E+000     0.12620286E-003    -0.90366922E-003    -0.21913153E+000     0.62516803E+000     0.83922201E-004     0.12205379E-003
     0.28480727E+000     0.23344533E-003    -0.85005476E-003    -0.18296441E+000     0.63689568E+000     0.78933166E-004     0.12466727E-003
     0.28517477E+000     0.31696635E-003    -0.77210356E-003    -0.14803839E+000     0.65106588E+000     0.71905202E-004     0.12655367E-003
     0.28554226E+000     0.37163500E-003    -0.67967167E-003    -0.11467793E+000     0.66735198E+000     0.63102665E-004     0.12632174E-003
     0.28590975E+000     0.39495357E-003    -0.58243436E-003    -0.83071048E-001     0.68532124E+000     0.53506759E-004     0.12293945E-003
     0.28627724E+000     0.38665098E-003    -0.49120001E-003    -0.53180163E-001     0.70448303E+000     0.44517264E-004     0.11592049E-003
     0.28664474E+000     0.35088273E-003    -0.41765980E-003    -0.24669464E-001     0.72443788E+000     0.37759420E-004     0.10544393E-003
     0.28701223E+000     0.29725387E-003    -0.37120005E-003     0.30307098E-002     0.74510558E+000     0.34779873E-004     0.92573709E-004
     0.28737972E+000     0.23862793E-003    -0.35595659E-003     0.30461946E-001     0.76687353E+000     0.36353119E-004     0.79257746E-004
     0.28774722E+000     0.18816780E-003    -0.37054059E-003     0.57806366E-001     0.79049848E+000     0.41834735E-004     0.67512586E-004
     0.28811471E+000     0.15795512E-003    -0.40854167E-003     0.84720300E-001     0.81678081E+000     0.49608236E-004     0.58187263E-004
     0.28848220E+000     0.15713556E-003    -0.45773901E-003     0.11045705E+000     0.84622065E+000     0.58530000E-004     0.50753261E-004
     0.28884970E+000     0.18717833E-003    -0.50101547E-003     0.13419266E+000     0.87888030E+000     0.68761634E-004     0.44537368E-004
     0.28921719E+000     0.23817394E-003    -0.52303216E-003     0.15533482E+000     0.91453533E+000     0.81005374E-004     0.39937685E-004
     0.28958468E+000     0.29290943E-003    -0.51907712E-003     0.17360480E+000     0.95301287E+000     0.95181599E-004     0.38190995E-004
     0.28995218E+000     0.33744054E-003    -0.49698322E-003     0.18881693E+000     0.99449419E+000     0.11021395E-003     0.40173120E-004
     0.29031967E+000     0.36862138E-003    -0.46970183E-003     0.20045832E+000     0.10395701E+001     0.12497999E-003     0.45929438E-004
     0.29068716E+000     0.39272824E-003    -0.44586827E-003     0.20728028E+000     0.10889630E+001     0.13882787E-003     0.55412836E-004
     0.29105466E+000     0.41845448E-003    -0.42579592E-003     0.20711859E+000     0.11429700E+001     0.15089792E-003     0.68986987E-004
     0.29142215E+000     0.45085602E-003    -0.40374176E-003     0.19710142E+000     0.12008035E+001     0.15949805E-003     0.86751181E-004
     0.29178964E+000     0.48962672E-003    -0.37228682E-003     0.17428073E+000     0.12600888E+001     0.16256305E-003     0.10769246E-003
     0.29215714E+000     0.52985439E-003    -0.32498396E-003     0.13654394E+000     0.13167714E+001     0.15847532E-003     0.12962723E-003
     0.29252463E+000     0.56211790E-003    -0.25830947E-003     0.83540406E-001     0.13655534E+001     0.14655508E-003     0.14942726E-003
     0.29289212E+000     0.57382351E-003    -0.17578671E-003     0.17338233E-001     0.14008394E+001     0.12776287E-003     0.16322876E-003
     0.29325962E+000     0.55604340E-003    -0.90982365E-004    -0.57489773E-001     0.14180476E+001     0.10565570E-003     0.16757260E-003
     0.29362711E+000     0.51233048E-003    -0.22094394E-004    -0.13461015E+000     0.14148920E+001     0.86032401E-004     0.16169352E-003
     0.29399460E+000     0.45900892E-003     0.20445737E-004    -0.20739777E+000     0.13920009E+001     0.74311228E-004     0.14898830E-003
     0.29436210E+000     0.41417302E-003     0.41423037E-004    -0.27044593E+000     0.13524666E+001     0.72382441E-004     0.13565015E-003
     0.29472959E+000     0.38569084E-003     0.55928458E-004    -0.32033035E+000     0.13006757E+001     0.77765238E-004     0.12725871E-003
     0.29509708E+000     0.36860518E-003     0.77996409E-004    -0.35549871E+000     0.12412319E+001     0.85593918E-004     0.12622527E-003
     0.29546458E+000     0.35135565E-003     0.11314487E-003    -0.37581721E+000     0.11784071E+001     0.91291909E-004     0.13165881E-003
     0.29583207E+000     0.32329948E-003     0.15828310E-003    -0.38222879E+000     0.11159215E+001     0.92094097E-004     0.14068422E-003
     0.29619956E+000     0.27870110E-003     0.20548496E-003    -0.37650246E+000     0.10567498E+001     0.87422965E-004     0.14989122E-003
     0.29656706E+000     0.21743153E-003     0.24597939E-003    -0.36089970E+000     0.10029564E+001     0.78555966E-004     0.15658535E-003
     0.29693455E+000     0.14363261E-003     0.27325095E-003    -0.33778388E+000     0.95570580E+000     0.67634114E-004     0.15957861E-003
     0.29730204E+000     0.62997148E-004     0.28447885E-003    -0.30933033E+000     0.91545330E+000     0.56475006E-004     0.15903327E-003
     0.29766954E+000    -0.19817466E-004     0.27969607E-003    -0.27741524E+000     0.88218897E+000     0.46076864E-004     0.15557082E-003
     0.29803703E+000    -0.10203023E-003     0.25969959E-003    -0.24363627E+000     0.85561352E+000     0.37039646E-004     0.14960714E-003
     0.29840452E+000    -0.18181920E-003     0.22445255E-003    -0.20936749E+000     0.83521078E+000     0.30148337E-004     0.14151545E-003
     0.29877202E+000    -0.25669228E-003     0.17284066E-003    -0.17577244E+000     0.82025248E+000     0.26312322E-004     0.13220682E-003
     0.29913951E+000    -0.32220203E-003     0.10379921E-003    -0.14375215E+000     0.80980348E+000     0.25895896E-004     0.12328964E-003
     0.29950700E+000    -0.37187404E-003     0.18286272E-004    -0.11385936E+000     0.80278617E+000     0.28154349E-004     0.11649326E-003
     0.29987450E+000    -0.39879064E-003    -0.78936590E-004    -0.86245112E-001     0.79812194E+000     0.31354672E-004     0.11279434E-003
     0.30024199E+000    -0.39848943E-003    -0.17900578E-003    -0.60701762E-001     0.79490710E+000     0.33524894E-004     0.11191610E-003
     0.30060948E+000    -0.37175211E-003    -0.27110844E-003    -0.36812220E-001     0.79253659E+000     0.33300139E-004     0.11251016E-003
     0.30097698E+000    -0.32505974E-003    -0.34653816E-003    -0.14137946E-001     0.79070694E+000     0.30359411E-004     0.11280427E-003
     0.30134447E+000    -0.26764038E-003    -0.40199225E-003     0.76539324E-002     0.78930869E+000     0.25335114E-004     0.11125656E-003
     0.30171196E+000    -0.20699262E-003    -0.43943442E-003     0.28778967E-001     0.78829117E+000     0.19433011E-004     0.10690343E-003
     0.30207945E+000    -0.14629325E-003    -0.46266173E-003     0.49410569E-001     0.78759162E+000     0.14083282E-004     0.99396359E-004
     0.30244695E+000    -0.85479718E-004    -0.47340876E-003     0.69755095E-001     0.78716122E+000     0.10775472E-004     0.88949616E-004
     0.30281444E+000    -0.24850059E-004    -0.47000855E-003     0.90052797E-001     0.78703803E+000     0.10949369E-004     0.76409209E-004
     0.30318193E+000     0.31827763E-004    -0.44951013E-003     0.11050846E+000     0.78738196E+000     0.15684113E-004     0.63372936E-004
     0.30354943E+000     0.77162228E-004    -0.41146001E-003     0.13122052E+000     0.78843735E+000     0.25170991E-004     0.52026106E-004
     0.30391692E+000     0.10299250E-003    -0.36045531E-003     0.15216380E+000     0.79046123E+000     0.38351109E-004     0.44504175E-004
     0.30428441E+000     0.10420216E-003    -0.30580379E-003     0.17322173E+000     0.79367230E+000     0.53129391E-004     0.42069880E-004
     0.30465191E+000     0.81202584E-004    -0.25869650E-003     0.19422940E+000     0.79824399E+000     0.67137145E-004     0.44645991E-004
     0.30501940E+000     0.39926916E-004    -0.22857523E-003     0.21499016E+000     0.80432898E+000     0.78590270E-004     0.50983285E-004
     0.30538689E+000    -0.10388885E-004    -0.22053610E-003     0.23524924E+000     0.81207930E+000     0.86803495E-004     0.59299515E-004
     0.30575439E+000    -0.60240542E-004    -0.23483475E-003     0.25464312E+000     0.82162066E+000     0.92209890E-004     0.68057894E-004
     0.30612188E+000    -0.10209352E-003    -0.26822153E-003     0.27267746E+000     0.83296858E+000     0.95898069E-004     0.76608293E-004
     0.30648937E+000    -0.13105865E-003    -0.31588930E-003     0.28878094E+000     0.84592742E+000     0.98777907E-004     0.85379901E-004
     0.30685687E+000    -0.14432198E-003    -0.37287203E-003     0.30243007E+000     0.86003923E+000     0.10079479E-003     0.95360166E-004
     0.30722436E+000    -0.14019074E-003    -0.43440109E-003     0.31329010E+000     0.87461968E+000     0.10083016E-003     0.10708026E-003
     0.30759185E+000    -0.11760826E-003    -0.49539409E-003     0.32131646E+000     0.88886663E+000     0.97493662E-004     0.11989994E-003
     0.30795935E+000    -0.76688731E-004    -0.54978871E-003     0.32679218E+000     0.90200679E+000     0.90174516E-004     0.13224513E-003
     0.30832684E+000    -0.20108056E-004    -0.59080354E-003     0.33029315E+000     0.91345299E+000     0.79439160E-004     0.14258504E-003
     0.30869433E+000     0.45885671E-004    -0.61278934E-003     0.33257070E+000     0.92294100E+000     0.66482030E-004     0.15028527E-003
     0.30906183E+000     0.11237144E-003    -0.61382457E-003     0.33435645E+000     0.93059306E+000     0.52144327E-004     0.15565124E-003
     0.30942932E+000     0.17065117E-003    -0.59702101E-003     0.33614112E+000     0.93685384E+000     0.36314425E-004     0.15915500E-003
     0.30979681E+000     0.21533146E-003    -0.56932409E-003     0.33801931E+000     0.94229107E+000     0.18221224E-004     0.16047070E-003
     0.31016431E+000     0.24564515E-003    -0.53867121E-003     0.33968464E+000     0.94732436E+000    -0.25674553E-005     0.15812888E-003
     0.31053180E+000     0.26469648E-003    -0.51135450E-003     0.34059882E+000     0.95199263E+000    -0.25229442E-004     0.15011553E-003
     0.31089929E+000     0.27764556E-003    -0.49064048E-003     0.34028205E+000     0.95586507E+000    -0.47554726E-004     0.13495360E-003
     0.31126679E+000     0.28982426E-003    -0.47661217E-003     0.33861614E+000     0.95815051E+000    -0.66596930E-004     0.11249514E-003
     0.31163428E+000     0.30527225E-003    -0.46687802E-003     0.33603085E+000     0.95798477E+000    -0.79569288E-004     0.84052621E-004
     0.31200177E+000     0.32599070E-003    -0.45777722E-003     0.33347345E+000     0.95479116E+000    -0.84510061E-004     0.52042015E-004
     0.31236927E+000     0.35200456E-003    -0.44553571E-003     0.33215209E+000     0.94855247E+000    -0.80617429E-004     0.19463836E-004
     0.31273676E+000     0.38184823E-003    -0.42691287E-003     0.33316704E+000     0.93986149E+000    -0.68355563E-004    -0.10629269E-004
     0.31310425E+000     0.41293859E-003    -0.39944450E-003     0.33720773E+000     0.92974114E+000    -0.49366930E-004    -0.35672144E-004
     0.31347175E+000     0.44179123E-003    -0.36170467E-003     0.34443367E+000     0.91935208E+000    -0.26140152E-004    -0.54071589E-004
     0.31383924E+000     0.46439628E-003    -0.31362685E-003     0.35453323E+000     0.90973000E+000    -0.14553789E-005    -0.65482164E-004
     0.31420673E+000     0.47674756E-003    -0.25658800E-003     0.36687870E+000     0.90162728E+000     0.22244095E-004    -0.70761041E-004
     0.31457423E+000     0.47520126E-003    -0.19328086E-003     0.38069731E+000     0.89546170E+000     0.43366533E-004    -0.71608333E-004
     0.31494172E+000     0.45668302E-003    -0.12774918E-003     0.39521018E+000     0.89133947E+000     0.61421910E-004    -0.69996105E-004
     0.31530921E+000     0.41921553E-003    -0.65625859E-004     0.40972414E+000     0.88911268E+000     0.76923736E-004    -0.67557039E-004
     0.31567671E+000     0.36301332E-003    -0.14004420E-004     0.42368661E+000     0.88844094E+000     0.90962349E-004    -0.65144003E-004
     0.31604420E+000     0.29166370E-003     0.19678869E-004     0.43672320E+000     0.88885032E+000     0.10460935E-003    -0.62747387E-004
     0.31641169E+000     0.21243711E-003     0.29722319E-004     0.44866436E+000     0.88979898E+000     0.11843942E-003    -0.59817760E-004
     0.31677918E+000     0.13503772E-003     0.14306916E-004     0.45954975E+000     0.89075355E+000     0.13244302E-003    -0.55794237E-004
     0.31714668E+000     0.69040693E-004    -0.23532910E-004     0.46959935E+000     0.89126089E+000     0.14635336E-003    -0.50458936E-004
     0.31751417E+000     0.21197206E-004    -0.76809320E-004     0.47916092E+000     0.89099336E+000     0.16007418E-003    -0.43856387E-004
     0.31788166E+000    -0.60574832E-005    -0.13693845E-003     0.48865929E+000     0.88976379E+000     0.17380364E-003    -0.35892052E-004
     0.31824916E+000    -0.14288162E-004    -0.19633072E-003     0.49856299E+000     0.88753106E+000     0.18772195E-003    -0.26011261E-004
     0.31861665E+000    -0.73640457E-005    -0.24999088E-003     0.50935340E+000     0.88441831E+000     0.20149529E-003    -0.13293750E-004
     0.31898414E+000     0.10526263E-004    -0.29560880E-003     0.52146706E+000     0.88073489E+000     0.21401312E-003     0.30430988E-005
     0.31935164E+000     0.36108620E-004    -0.33252433E-003     0.53520844E+000     0.87696356E+000     0.22360465E-003     0.23067826E-004
     0.31971913E+000     0.67111066E-004    -0.36048744E-003     0.55067222E+000     0.87368888E+000     0.22861857E-003     0.45880819E-004
     0.32008662E+000     0.10157139E-003    -0.37902649E-003     0.56772069E+000     0.87148861E+000     0.22799601E-003     0.69822426E-004
     0.32045412E+000     0.13711379E-003    -0.38766523E-003     0.58602480E+000     0.87083762E+000     0.22153712E-003     0.92950738E-004
     0.32082161E+000     0.17079858E-003    -0.38663562E-003     0.60513831E+000     0.87205846E+000     0.20984047E-003     0.11349954E-003
     0.32118910E+000     0.19967326E-003    -0.37746529E-003     0.62456680E+000     0.87531716E+000     0.19406461E-003     0.13017867E-003
     0.32155660E+000     0.22168052E-003    -0.36296681E-003     0.64381147E+000     0.88064113E+000     0.17562029E-003     0.14231932E-003
     0.32192409E+000     0.23638723E-003    -0.34655875E-003     0.66239105E+000     0.88793474E+000     0.15583392E-003     0.14986091E-003
     0.32229158E+000     0.24513531E-003    -0.33121146E-003     0.67985913E+000     0.89698166E+000     0.13566158E-003     0.15314653E-003
     0.32265908E+000     0.25049960E-003    -0.31845757E-003     0.69583483E+000     0.90744054E+000     0.11559293E-003     0.15257028E-003
     0.32302657E+000     0.25520107E-003    -0.30788174E-003     0.71005306E+000     0.91885409E+000     0.95825681E-004     0.14824959E-003
     0.32339406E+000     0.26084474E-003    -0.29737246E-003     0.72242065E+000     0.93069210E+000     0.76618722E-004     0.13991796E-003
     0.32376156E+000     0.26700388E-003    -0.28415883E-003     0.73304830E+000     0.94243315E+000     0.58612372E-004     0.12709078E-003
     0.32412905E+000     0.27113522E-003    -0.26628763E-003     0.74222969E+000     0.95366212E+000     0.42957189E-004     0.10938630E-003
     0.32449654E+000     0.26948615E-003    -0.24389290E-003     0.75036522E+000     0.96414138E+000     0.31240556E-004     0.86845599E-004
     0.32486404E+000     0.25864665E-003    -0.21962426E-003     0.75786254E+000     0.97382425E+000     0.25278801E-004     0.60176011E-004
     0.32523153E+000     0.23703460E-003    -0.19800919E-003     0.76505751E+000     0.98281554E+000     0.26814561E-004     0.30906844E-004
     0.32559902E+000     0.20565857E-003    -0.18407310E-003     0.77217545E+000     0.99131104E+000     0.37119277E-004     0.14254125E-005
     0.32596652E+000     0.16791428E-003    -0.18185818E-003     0.77932326E+000     0.99954194E+000     0.56533190E-004    -0.25189844E-004
     0.32633401E+000     0.12863722E-003    -0.19342406E-003     0.78649685E+000     0.10077278E+001     0.84068940E-004    -0.45612908E-004
     0.32670150E+000     0.92901896E-004    -0.21859333E-003     0.79360340E+000     0.10160341E+001     0.11727248E-003    -0.56956247E-004
     0.32706900E+000     0.65042269E-004    -0.25533439E-003     0.80050335E+000     0.10245423E+001     0.15249452E-003    -0.57516890E-004
     0.32743649E+000     0.48133094E-004    -0.30045066E-003     0.80706447E+000     0.10332483E+001     0.18557777E-003    -0.47310409E-004
     0.32780398E+000     0.43906778E-004    -0.35025236E-003     0.81320483E+000     0.10420953E+001     0.21277632E-003    -0.28151464E-004
     0.32817148E+000     0.52941868E-004    -0.40102141E-003     0.81890243E+000     0.10510252E+001     0.23158457E-003    -0.32046840E-005
     0.32853897E+000     0.74917244E-004    -0.44920621E-003     0.82416744E+000     0.10600198E+001     0.24116816E-003     0.23832186E-004
     0.32890646E+000     0.10872019E-003    -0.49142874E-003     0.82899481E+000     0.10691095E+001     0.24227810E-003     0.49591512E-004
     0.32927396E+000     0.15232833E-003    -0.52455605E-003     0.83332563E+000     0.10783464E+001     0.23676143E-003     0.71650439E-004
     0.32964145E+000     0.20267547E-003    -0.54606811E-003     0.83703820E+000     0.10877572E+001     0.22690890E-003     0.88761054E-004
     0.33000894E+000     0.25585641E-003    -0.55463028E-003     0.83997242E+000     0.10973034E+001     0.21487131E-003     0.10072724E-003
     0.33037644E+000     0.30777138E-003    -0.55046783E-003     0.84197341E+000     0.11068664E+001     0.20228691E-003     0.10806035E-003
     0.33074393E+000     0.35489424E-003    -0.53523548E-003     0.84293247E+000     0.11162615E+001     0.19015783E-003     0.11156746E-003
     0.33111142E+000     0.39474742E-003    -0.51148815E-003     0.84280852E+000     0.11252710E+001     0.17893975E-003     0.11199348E-003
     0.33147892E+000     0.42596604E-003    -0.48211526E-003     0.84162748E+000     0.11336756E+001     0.16877856E-003     0.10979406E-003
     0.33184641E+000     0.44814273E-003    -0.44997058E-003     0.83947003E+000     0.11412755E+001     0.15981355E-003     0.10508821E-003
     0.33221390E+000     0.46165774E-003    -0.41767121E-003     0.83645839E+000     0.11479013E+001     0.15244172E-003     0.97809164E-004
     0.33258139E+000     0.46754399E-003    -0.38745743E-003     0.83274405E+000     0.11534222E+001     0.14741928E-003     0.88004999E-004
     0.33294889E+000     0.46735760E-003    -0.36106687E-003     0.82849196E+000     0.11577519E+001     0.14572133E-003     0.76150628E-004
     0.33331638E+000     0.46303357E-003    -0.33961178E-003     0.82386065E+000     0.11608469E+001     0.14820034E-003     0.63294762E-004
     0.33368387E+000     0.45668676E-003    -0.32345234E-003     0.81898507E+000     0.11626925E+001     0.15520614E-003     0.50937808E-004
     0.33405137E+000     0.45029904E-003    -0.31212650E-003     0.81397010E+000     0.11632820E+001     0.16635912E-003     0.40678986E-004
     0.33441886E+000     0.44532729E-003    -0.30447758E-003     0.80889663E+000     0.11625950E+001     0.18059018E-003     0.33787515E-004
     0.33478635E+000     0.44243027E-003    -0.29904808E-003     0.80383678E+000     0.11605821E+001     0.19643320E-003     0.30883128E-004
     0.33515385E+000     0.44152763E-003    -0.29458185E-003     0.79887679E+000     0.11571547E+001     0.21244465E-003     0.31857649E-004
     0.33552134E+000     0.44218361E-003    -0.29033039E-003     0.79414864E+000     0.11521870E+001     0.22757100E-003     0.36059869E-004
     0.33588883E+000     0.44405149E-003    -0.28598009E-003     0.78986517E+000     0.11455381E+001     0.24131361E-003     0.42644269E-004
     0.33625633E+000     0.44707445E-003    -0.28129800E-003     0.78634243E+000     0.11370998E+001     0.25364750E-003     0.50913923E-004
     0.33662382E+000     0.45133207E-003    -0.27577839E-003     0.78398937E+000     0.11268602E+001     0.26477060E-003     0.60511876E-004
     0.33699131E+000     0.45665826E-003    -0.26853946E-003     0.78325720E+000     0.11149562E+001     0.27482432E-003     0.71408974E-004
     0.33735881E+000     0.46227117E-003    -0.25854997E-003     0.78456274E+000     0.11016890E+001     0.28371057E-003     0.83734437E-004
     0.33772630E+000     0.46662868E-003    -0.24509742E-003     0.78821517E+000     0.10874943E+001     0.29106533E-003     0.97551421E-004
     0.33809379E+000     0.46762109E-003    -0.22831194E-003     0.79437291E+000     0.10728807E+001     0.29637377E-003     0.11268310E-003
     0.33846129E+000     0.46309244E-003    -0.20953123E-003     0.80303906E+000     0.10583616E+001     0.29915576E-003     0.12865482E-003
     0.33882878E+000     0.45156370E-003    -0.19131854E-003     0.81408642E+000     0.10444026E+001     0.29913518E-003     0.14475583E-003
     0.33919627E+000     0.43292598E-003    -0.17703334E-003     0.82729526E+000     0.10313921E+001     0.29633538E-003     0.16017317E-003
     0.33956377E+000     0.40882083E-003    -0.17000903E-003     0.84239089E+000     0.10196318E+001     0.29109188E-003     0.17413933E-003
     0.33993126E+000     0.38248506E-003    -0.17258026E-003     0.85907359E+000     0.10093412E+001     0.28400362E-003     0.18605876E-003
     0.34029875E+000     0.35803467E-003    -0.18532771E-003     0.87703884E+000     0.10006697E+001     0.27584147E-003     0.19560252E-003
     0.34066625E+000     0.33942432E-003    -0.20686266E-003     0.89598764E+000     0.99370938E+000     0.26742178E-003     0.20276050E-003
     0.34103374E+000     0.32948913E-003    -0.23424115E-003     0.91562933E+000     0.98850485E+000     0.25946092E-003     0.20783079E-003
     0.34140123E+000     0.32943187E-003    -0.26380189E-003     0.93568136E+000     0.98505700E+000     0.25244837E-003     0.21133549E-003
     0.34176873E+000     0.33887856E-003    -0.29204621E-003     0.95587173E+000     0.98332045E+000     0.24657995E-003     0.21388297E-003
     0.34213622E+000     0.35634600E-003    -0.31622348E-003     0.97594842E+000     0.98319946E+000     0.24176880E-003     0.21601964E-003
     0.34250371E+000     0.37981119E-003    -0.33449873E-003     0.99569611E+000     0.98454915E+000     0.23772269E-003     0.21810887E-003
     0.34287121E+000     0.40711289E-003    -0.34581522E-003     0.10149549E+001     0.98718749E+000     0.23406821E-003     0.22025745E-003
     0.34323870E+000     0.43609331E-003    -0.34968722E-003     0.10336326E+001     0.99091906E+000     0.23050619E-003     0.22230716E-003
     0.34360619E+000     0.46457868E-003    -0.34611846E-003     0.10517031E+001     0.99556419E+000     0.22696792E-003     0.22391735E-003
     0.34397369E+000     0.49038970E-003    -0.33568785E-003     0.10691892E+001     0.10009840E+001     0.22370876E-003     0.22474465E-003
     0.34434118E+000     0.51152201E-003    -0.31968376E-003     0.10861365E+001     0.10070929E+001     0.22127013E-003     0.22466745E-003
     0.34470867E+000     0.52648777E-003    -0.30010323E-003     0.11025853E+001     0.10138571E+001     0.22029672E-003     0.22395221E-003
     0.34507617E+000     0.53466520E-003    -0.27940301E-003     0.11185499E+001     0.10212809E+001     0.22127954E-003     0.22327396E-003
     0.34544366E+000     0.53646080E-003    -0.26004269E-003     0.11340057E+001     0.10293867E+001     0.22433651E-003     0.22357983E-003
     0.34581115E+000     0.53317398E-003    -0.24399635E-003     0.11488878E+001     0.10381945E+001     0.22911162E-003     0.22586057E-003
     0.34617865E+000     0.52661327E-003    -0.23243930E-003     0.11630978E+001     0.10477029E+001     0.23480722E-003     0.23091801E-003
     0.34654614E+000     0.51864450E-003    -0.22571983E-003     0.11765167E+001     0.10578772E+001     0.24031372E-003     0.23919146E-003
     0.34691363E+000     0.51086765E-003    -0.22356563E-003     0.11890200E+001     0.10686437E+001     0.24438609E-003     0.25066714E-003
     0.34728113E+000     0.50451328E-003    -0.22536009E-003     0.12004923E+001     0.10798914E+001     0.24582516E-003     0.26486564E-003
     0.34764862E+000     0.50050473E-003    -0.23032987E-003     0.12108370E+001     0.10914779E+001     0.24363955E-003     0.28089016E-003
     0.34801611E+000     0.49955105E-003    -0.23758645E-003     0.12199832E+001     0.11032351E+001     0.23717898E-003     0.29751918E-003
     0.34838360E+000     0.50215430E-003    -0.24607878E-003     0.12278895E+001     0.11149750E+001     0.22623450E-003     0.31333651E-003
     0.34875110E+000     0.50850052E-003    -0.25457251E-003     0.12345492E+001     0.11264945E+001     0.21109408E-003     0.32689515E-003
     0.34911859E+000     0.51829936E-003    -0.26175540E-003     0.12399951E+001     0.11375815E+001     0.19253385E-003     0.33690152E-003
     0.34948608E+000     0.53069759E-003    -0.26649090E-003     0.12443048E+001     0.11480240E+001     0.17173320E-003     0.34238785E-003
     0.34985358E+000     0.54438085E-003    -0.26813694E-003     0.12476018E+001     0.11576222E+001     0.15012551E-003     0.34283460E-003
     0.35022107E+000     0.55788883E-003    -0.26677422E-003     0.12500534E+001     0.11662000E+001     0.12921849E-003     0.33821963E-003
     0.35058856E+000     0.57004386E-003    -0.26320091E-003     0.12518639E+001     0.11736164E+001     0.11042104E-003     0.32899606E-003
     0.35095606E+000     0.58030865E-003    -0.25865727E-003     0.12532663E+001     0.11797729E+001     0.94900112E-004     0.31601654E-003
     0.35132355E+000     0.58890666E-003    -0.25438438E-003     0.12545128E+001     0.11846181E+001     0.83476855E-004     0.30042250E-003
     0.35169104E+000     0.59665402E-003    -0.25120988E-003     0.12558674E+001     0.11881523E+001     0.76565313E-004     0.28351209E-003
     0.35205854E+000     0.60459560E-003    -0.24933339E-003     0.12575973E+001     0.11904316E+001     0.74157097E-004     0.26659907E-003
     0.35242603E+000     0.61362134E-003    -0.24837242E-003     0.12599611E+001     0.11915753E+001     0.75852801E-004     0.25087755E-003
     0.35279352E+000     0.62421999E-003    -0.24759949E-003     0.12631909E+001     0.11917695E+001     0.80935407E-004     0.23730760E-003
     0.35316102E+000     0.63643118E-003    -0.24623108E-003     0.12674679E+001     0.11912652E+001     0.88476144E-004     0.22653406E-003
     0.35352851E+000     0.64995472E-003    -0.24364436E-003     0.12728962E+001     0.11903631E+001     0.97461098E-004     0.21884747E-003
     0.35389600E+000     0.66432270E-003    -0.23946695E-003     0.12794827E+001     0.11893846E+001     0.10692391E-003     0.21419485E-003
     0.35426350E+000     0.67904680E-003    -0.23355635E-003     0.12871310E+001     0.11886344E+001     0.11606330E-003     0.21224376E-003
     0.35463099E+000     0.69369516E-003    -0.22592542E-003     0.12956536E+001     0.11883606E+001     0.12431906E-003     0.21249107E-003
     0.35499848E+000     0.70790096E-003    -0.21667442E-003     0.13048005E+001     0.11887252E+001     0.13138566E-003     0.21439041E-003
     0.35536598E+000     0.72134007E-003    -0.20596605E-003     0.13142974E+001     0.11897881E+001     0.13716179E-003     0.21746110E-003
     0.35573347E+000     0.73372528E-003    -0.19404112E-003     0.13238861E+001     0.11915102E+001     0.14165723E-003     0.22134652E-003
     0.35610096E+000     0.74484449E-003    -0.18123662E-003     0.13333587E+001     0.11937708E+001     0.14489380E-003     0.22580873E-003
     0.35646846E+000     0.75462645E-003    -0.16795903E-003     0.13425806E+001     0.11963973E+001     0.14683611E-003     0.23066951E-003
     0.35683595E+000     0.76318062E-003    -0.15459777E-003     0.13514989E+001     0.11991989E+001     0.14737558E-003     0.23572525E-003
     0.35720344E+000     0.77076160E-003    -0.14141787E-003     0.13601368E+001     0.12019992E+001     0.14637218E-003     0.24066975E-003
     0.35757094E+000     0.77765985E-003    -0.12850332E-003     0.13685754E+001     0.12046626E+001     0.14374001E-003     0.24505636E-003
     0.35793843E+000     0.78408258E-003    -0.11579719E-003     0.13769279E+001     0.12071076E+001     0.13954840E-003     0.24831877E-003
     0.35830592E+000     0.79010624E-003    -0.10321509E-003     0.13853137E+001     0.12093089E+001     0.13410278E-003     0.24985231E-003
     0.35867342E+000     0.79573399E-003    -0.90749054E-004     0.13938358E+001     0.12112872E+001     0.12797278E-003     0.24913719E-003
     0.35904091E+000     0.80101281E-003    -0.78481515E-004     0.14025675E+001     0.12130935E+001     0.12194976E-003     0.24586851E-003
     0.35940840E+000     0.80611702E-003    -0.66493152E-004     0.14115485E+001     0.12147910E+001     0.11693900E-003     0.24005230E-003
     0.35977590E+000     0.81132416E-003    -0.54726711E-004     0.14207874E+001     0.12164398E+001     0.11381498E-003     0.23203653E-003
     0.36014339E+000     0.81688074E-003    -0.42904848E-004     0.14302700E+001     0.12180861E+001     0.11328079E-003     0.22246861E-003
     0.36051088E+000     0.82282871E-003    -0.30572276E-004     0.14399690E+001     0.12197552E+001     0.11576805E-003     0.21219586E-003
     0.36087838E+000     0.82889459E-003    -0.17261057E-004     0.14498552E+001     0.12214495E+001     0.12139591E-003     0.20214055E-003
     0.36124587E+000     0.83451488E-003    -0.27060757E-005     0.14599087E+001     0.12231499E+001     0.12998644E-003     0.19318190E-003
     0.36161336E+000     0.83900214E-003     0.12994649E-004     0.14701290E+001     0.12248224E+001     0.14111978E-003     0.18606629E-003
     0.36198086E+000     0.84178298E-003     0.29356208E-004     0.14805422E+001     0.12264290E+001     0.15420805E-003     0.18135342E-003
     0.36234835E+000     0.84260291E-003     0.45634012E-004     0.14912018E+001     0.12279418E+001     0.16857153E-003     0.17939558E-003
     0.36271584E+000     0.84161200E-003     0.61043731E-004     0.15021832E+001     0.12293576E+001     0.18350576E-003     0.18034288E-003
     0.36308333E+000     0.83930719E-003     0.74977478E-004     0.15135698E+001     0.12307074E+001     0.19833381E-003     0.18416554E-003
     0.36345083E+000     0.83637423E-003     0.87134227E-004     0.15254360E+001     0.12320588E+001     0.21244165E-003     0.19068440E-003
     0.36381832E+000     0.83350788E-003     0.97535095E-004     0.15378311E+001     0.12335091E+001     0.22529842E-003     0.19960135E-003
     0.36418581E+000     0.83127854E-003     0.10644995E-003     0.15507682E+001     0.12351715E+001     0.23646737E-003     0.21052400E-003
     0.36455331E+000     0.83007387E-003     0.11429092E-003     0.15642213E+001     0.12371585E+001     0.24561489E-003     0.22298368E-003
     0.36492080E+000     0.83010161E-003     0.12152270E-003     0.15781304E+001     0.12395656E+001     0.25252345E-003     0.23645135E-003
     0.36528829E+000     0.83141754E-003     0.12861118E-003     0.15924127E+001     0.12424609E+001     0.25710935E-003     0.25035874E-003
     0.36565579E+000     0.83394551E-003     0.13600155E-003     0.16069763E+001     0.12458801E+001     0.25943973E-003     0.26413119E-003
     0.36602328E+000     0.83747699E-003     0.14409913E-003     0.16217342E+001     0.12498286E+001     0.25973982E-003     0.27723340E-003
     0.36639077E+000     0.84166306E-003     0.15322829E-003     0.16366150E+001     0.12542890E+001     0.25838083E-003     0.28922265E-003
     0.36675827E+000     0.84602849E-003     0.16356410E-003     0.16515685E+001     0.12592319E+001     0.25584400E-003     0.29979828E-003
     0.36712576E+000     0.85003466E-003     0.17505859E-003     0.16665657E+001     0.12646280E+001     0.25266331E-003     0.30883427E-003
     0.36749325E+000     0.85319514E-003     0.18740214E-003     0.16815932E+001     0.12704572E+001     0.24935695E-003     0.31638475E-003
     0.36786075E+000     0.85521519E-003     0.20005670E-003     0.16966432E+001     0.12767143E+001     0.24636228E-003     0.32265882E-003
     0.36822824E+000     0.85610455E-003     0.21237080E-003     0.17117036E+001     0.12834074E+001     0.24398955E-003     0.32797000E-003
     0.36859573E+000     0.85621470E-003     0.22374993E-003     0.17267507E+001     0.12905522E+001     0.24240401E-003     0.33267282E-003
     0.36896323E+000     0.85617730E-003     0.23383006E-003     0.17417462E+001     0.12981621E+001     0.24163825E-003     0.33710250E-003
     0.36933072E+000     0.85675577E-003     0.24259665E-003     0.17566405E+001     0.13062411E+001     0.24162775E-003     0.34153131E-003
     0.36969821E+000     0.85865378E-003     0.25040844E-003     0.17713791E+001     0.13147784E+001     0.24225717E-003     0.34614887E-003
     0.37006571E+000     0.86234064E-003     0.25791728E-003     0.17859095E+001     0.13237480E+001     0.24340479E-003     0.35106584E-003
     0.37043320E+000     0.86794803E-003     0.26591252E-003     0.18001871E+001     0.13331114E+001     0.24497549E-003     0.35633524E-003
     0.37080069E+000     0.87526429E-003     0.27514400E-003     0.18141782E+001     0.13428220E+001     0.24691795E-003     0.36198265E-003
     0.37116819E+000     0.88381472E-003     0.28618049E-003     0.18278609E+001     0.13528297E+001     0.24922597E-003     0.36803789E-003
     0.37153568E+000     0.89298777E-003     0.29933782E-003     0.18412242E+001     0.13630840E+001     0.25192652E-003     0.37456209E-003
     0.37190317E+000     0.90216071E-003     0.31467924E-003     0.18542664E+001     0.13735375E+001     0.25505777E-003     0.38166697E-003
     0.37227067E+000     0.91079227E-003     0.33206645E-003     0.18669930E+001     0.13841463E+001     0.25864055E-003     0.38952384E-003
     0.37263816E+000     0.91847116E-003     0.35123143E-003     0.18794147E+001     0.13948716E+001     0.26264613E-003     0.39836073E-003
     0.37300565E+000     0.92492642E-003     0.37184550E-003     0.18915461E+001     0.14056791E+001     0.26696424E-003     0.40844603E-003
     0.37337315E+000     0.93001275E-003     0.39357262E-003     0.19034041E+001     0.14165392E+001     0.27137612E-003     0.42005722E-003
     0.37374064E+000     0.93368418E-003     0.41610359E-003     0.19150070E+001     0.14274263E+001     0.27553960E-003     0.43343536E-003
     0.37410813E+000     0.93596566E-003     0.43917387E-003     0.19263739E+001     0.14383183E+001     0.27899429E-003     0.44872968E-003
     0.37447563E+000     0.93692782E-003     0.46256944E-003     0.19375244E+001     0.14491965E+001     0.28119350E-003     0.46594176E-003
     0.37484312E+000     0.93666713E-003     0.48612535E-003     0.19484779E+001     0.14600444E+001     0.28156417E-003     0.48488388E-003
     0.37521061E+000     0.93529141E-003     0.50972041E-003     0.19592539E+001     0.14708481E+001     0.27958699E-003     0.50516712E-003
     0.37557811E+000     0.93291014E-003     0.53327045E-003     0.19698714E+001     0.14815952E+001     0.27487917E-003     0.52622922E-003
     0.37594560E+000     0.92962827E-003     0.55672149E-003     0.19803494E+001     0.14922751E+001     0.26725763E-003     0.54740026E-003
     0.37631309E+000     0.92554281E-003     0.58004349E-003     0.19907065E+001     0.15028785E+001     0.25676459E-003     0.56799093E-003
     0.37668059E+000     0.92074103E-003     0.60322512E-003     0.20009612E+001     0.15133970E+001     0.24364990E-003     0.58738011E-003
     0.37704808E+000     0.91529997E-003     0.62626943E-003     0.20111318E+001     0.15238232E+001     0.22831887E-003     0.60508052E-003
     0.37741557E+000     0.90928654E-003     0.64919047E-003     0.20212365E+001     0.15341505E+001     0.21126322E-003     0.62077097E-003
     0.37778307E+000     0.90275807E-003     0.67201066E-003     0.20312937E+001     0.15443728E+001     0.19299409E-003     0.63429609E-003
     0.37815056E+000     0.89576308E-003     0.69475887E-003     0.20413218E+001     0.15544848E+001     0.17398970E-003     0.64564238E-003
     0.37851805E+000     0.88834205E-003     0.71746894E-003     0.20513395E+001     0.15644813E+001     0.15466278E-003     0.65490276E-003
     0.37888554E+000     0.88052823E-003     0.74017869E-003     0.20613658E+001     0.15743578E+001     0.13534635E-003     0.66223960E-003
     0.37925304E+000     0.87234836E-003     0.76292923E-003     0.20714202E+001     0.15841101E+001     0.11629318E-003     0.66785259E-003
     0.37962053E+000     0.86382334E-003     0.78576452E-003     0.20815228E+001     0.15937342E+001     0.97683628E-004     0.67195425E-003
     0.37998802E+000     0.85496879E-003     0.80873119E-003     0.20916946E+001     0.16032268E+001     0.79637389E-004     0.67475318E-003
     0.38035552E+000     0.84579551E-003     0.83187845E-003     0.21019572E+001     0.16125845E+001     0.62226037E-004     0.67644383E-003
     0.38072301E+000     0.83630987E-003     0.85525823E-003     0.21123334E+001     0.16218046E+001     0.45484691E-004     0.67720127E-003
     0.38109050E+000     0.82651408E-003     0.87892535E-003     0.21228473E+001     0.16308846E+001     0.29421906E-004     0.67717928E-003
     0.38145800E+000     0.81640643E-003     0.90293788E-003     0.21335244E+001     0.16398226E+001     0.14027635E-004     0.67651060E-003
     0.38182549E+000     0.80598136E-003     0.92735754E-003     0.21443915E+001     0.16486171E+001    -0.72065183E-006     0.67530834E-003
     0.38219298E+000     0.79522952E-003     0.95225023E-003     0.21554778E+001     0.16572674E+001    -0.14853390E-004     0.67366802E-003
     0.38256048E+000     0.78413775E-003     0.97768666E-003     0.21668139E+001     0.16657735E+001    -0.28405609E-004     0.67166976E-003
     0.38292797E+000     0.77268890E-003     0.10037431E-002     0.21784333E+001     0.16741363E+001    -0.41414587E-004     0.66938039E-003
     0.38329546E+000     0.76086164E-003     0.10305024E-002     0.21903718E+001     0.16823579E+001    -0.53918241E-004     0.66685550E-003
     0.38366296E+000     0.74863014E-003     0.10580546E-002     0.22026683E+001     0.16904418E+001    -0.65954046E-004     0.66414113E-003
     0.38403045E+000     0.73596362E-003     0.10864987E-002     0.22153647E+001     0.16983932E+001    -0.77558352E-004     0.66127531E-003
     0.38439794E+000     0.72282584E-003     0.11159437E-002     0.22285070E+001     0.17062196E+001    -0.88765964E-004     0.65828938E-003
     0.38476544E+000     0.70917432E-003     0.11465105E-002     0.22421449E+001     0.17139306E+001    -0.99609917E-004     0.65520905E-003
     0.38513293E+000     0.69495951E-003     0.11783338E-002     0.22563326E+001     0.17215396E+001    -0.11012138E-003     0.65205529E-003
     0.38550042E+000     0.68012366E-003     0.12115645E-002     0.22711295E+001     0.17290633E+001    -0.12032966E-003     0.64884514E-003
     0.38586792E+000     0.66459945E-003     0.12463725E-002     0.22866001E+001     0.17365234E+001    -0.13026222E-003     0.64559229E-003
     0.38623541E+000     0.64830824E-003     0.12829504E-002     0.23028151E+001     0.17439474E+001    -0.13994478E-003     0.64230759E-003
     0.38660290E+000     0.63115794E-003     0.13215177E-002     0.23198515E+001     0.17513698E+001    -0.14940141E-003     0.63899950E-003
     0.38697040E+000     0.61304030E-003     0.13623256E-002     0.23377931E+001     0.17588334E+001    -0.15865463E-003     0.63567442E-003
     0.38733789E+000     0.59382746E-003     0.14056640E-002     0.23567312E+001     0.17663920E+001    -0.16772554E-003     0.63233696E-003
     0.38770538E+000     0.57336760E-003     0.14518690E-002     0.23767643E+001     0.17741118E+001    -0.17663389E-003     0.62899021E-003
     0.38807288E+000     0.55147928E-003     0.15013329E-002     0.23979987E+001     0.17820745E+001    -0.18539821E-003     0.62563588E-003
     0.38844037E+000     0.52794417E-003     0.15545174E-002     0.24205482E+001     0.17903806E+001    -0.19403589E-003     0.62227451E-003
     0.38880786E+000     0.50249741E-003     0.16119690E-002     0.24445330E+001     0.17991534E+001    -0.20256328E-003     0.61890554E-003
     0.38917536E+000     0.47481487E-003     0.16743404E-002     0.24700789E+001     0.18085435E+001    -0.21099573E-003     0.61552746E-003
     0.38954285E+000     0.44449600E-003     0.17424180E-002     0.24973147E+001     0.18187341E+001    -0.21934769E-003     0.61213786E-003
     0.38991034E+000     0.41104028E-003     0.18171576E-002     0.25263685E+001     0.18299477E+001    -0.22763275E-003     0.60873350E-003
     0.39027784E+000     0.37381465E-003     0.18997330E-002     0.25573624E+001     0.18424523E+001    -0.23586372E-003     0.60531038E-003
     0.39064533E+000     0.33200739E-003     0.19916024E-002     0.25904049E+001     0.18565699E+001    -0.24405261E-003     0.60186375E-003
     0.39101282E+000     0.28456155E-003     0.20945995E-002     0.26255792E+001     0.18726834E+001    -0.25221071E-003     0.59838818E-003
     0.39138032E+000     0.23007676E-003     0.22110622E-002     0.26629287E+001     0.18912442E+001    -0.26034863E-003     0.59487755E-003
     0.39174781E+000     0.16666054E-003     0.23440175E-002     0.27024367E+001     0.19127778E+001    -0.26847626E-003     0.59132507E-003
     0.39211530E+000     0.91696687E-004     0.24974532E-002     0.27440003E+001     0.19378854E+001    -0.27660281E-003     0.58772330E-003
     0.39248280E+000     0.14721722E-005     0.26767264E-002     0.27873985E+001     0.19672396E+001    -0.28473681E-003     0.58406417E-003
     0.39285029E+000    -0.10944716E-003     0.28891966E-002     0.28322536E+001     0.20015706E+001    -0.29288611E-003     0.58033897E-003
     0.39321778E+000    -0.24930932E-003     0.31452335E-002     0.28779898E+001     0.20416374E+001    -0.30105785E-003     0.57653834E-003
     0.39358528E+000    -0.43119278E-003     0.34598795E-002     0.29237914E+001     0.20881801E+001    -0.30925845E-003     0.57265231E-003
     0.39395277E+000    -0.67697291E-003     0.38556808E-002     0.29685692E+001     0.21418488E+001    -0.31749356E-003     0.56867025E-003
     0.39432026E+000    -0.10257536E-002     0.43676550E-002     0.30109475E+001     0.22031077E+001    -0.32576807E-003     0.56458093E-003
     0.39468775E+000    -0.15536010E-002     0.50520466E-002     0.30492848E+001     0.22721188E+001    -0.33408601E-003     0.56037249E-003
     0.39505525E+000    -0.24256459E-002     0.60001760E-002     0.30817451E+001     0.23486176E+001    -0.34245053E-003     0.55603245E-003
     0.39542274E+000    -0.40556553E-002     0.73428024E-002     0.31064285E+001     0.24318052E+001    -0.35086384E-003     0.55154775E-003
     0.39579023E+000    -0.76718448E-002     0.90405987E-002     0.31215607E+001     0.25202878E+001    -0.35932713E-003     0.54690474E-003
     0.39615773E+000    -0.16754292E-001     0.80510419E-002     0.31257184E+001     0.26120973E+001    -0.36784052E-003     0.54208920E-003
     0.39652522E+000    -0.20895708E-001    -0.98254802E-002     0.31180504E+001     0.27048138E+001    -0.37640294E-003     0.53708643E-003
     0.39689271E+000    -0.60528844E-002    -0.13852859E-001     0.30984395E+001     0.27957852E+001    -0.38501212E-003     0.53188122E-003
     0.39726021E+000    -0.95326916E-003    -0.96186776E-002     0.30675600E+001     0.28824096E+001    -0.39366440E-003     0.52645796E-003
     0.39762770E+000     0.46290974E-003    -0.68604491E-002     0.30268064E+001     0.29624188E+001    -0.40235472E-003     0.52080066E-003
     0.39799519E+000     0.93370543E-003    -0.51884874E-002     0.29781110E+001     0.30341020E+001    -0.41107649E-003     0.51489309E-003
     0.39836269E+000     0.11054177E-002    -0.41013522E-002     0.29236950E+001     0.30964245E+001    -0.41982148E-003     0.50871884E-003
     0.39873018E+000     0.11650236E-002    -0.33461479E-002     0.28658126E+001     0.31490322E+001    -0.42857976E-003     0.50226142E-003
     0.39909767E+000     0.11777721E-002    -0.27935177E-002     0.28065394E+001     0.31921616E+001    -0.43733956E-003     0.49550444E-003
     0.39946517E+000     0.11697214E-002    -0.23724538E-002     0.27476317E+001     0.32264944E+001    -0.44608722E-003     0.48843174E-003
     0.39983266E+000     0.11523148E-002    -0.20412568E-002     0.26904614E+001     0.32529959E+001    -0.45480710E-003     0.48102756E-003
     0.40020015E+000     0.11309164E-002    -0.17739992E-002     0.26360130E+001     0.32727694E+001    -0.46348150E-003     0.47327673E-003
     0.40056765E+000     0.11081463E-002    -0.15537778E-002     0.25849224E+001     0.32869406E+001    -0.47209064E-003     0.46516493E-003
     0.40093514E+000     0.10853078E-002    -0.13691288E-002     0.25375362E+001     0.32965779E+001    -0.48061259E-003     0.45667888E-003
     0.40130263E+000     0.10630431E-002    -0.12120160E-002     0.24939781E+001     0.33026456E+001    -0.48902330E-003     0.44780662E-003
     0.40167013E+000     0.10416513E-002    -0.10766446E-002     0.24542095E+001     0.33059815E+001    -0.49729662E-003     0.43853779E-003
     0.40203762E+000     0.10212510E-002    -0.95873428E-003     0.24180818E+001     0.33072926E+001    -0.50540434E-003     0.42886391E-003
     0.40240511E+000     0.10018647E-002    -0.85505652E-003     0.23853779E+001     0.33071620E+001    -0.51331634E-003     0.41877870E-003
     0.40277261E+000     0.98346532E-003    -0.76313128E-003     0.23558434E+001     0.33060614E+001    -0.52100066E-003     0.40827836E-003
     0.40314010E+000     0.96600087E-003    -0.68102255E-003     0.23292083E+001     0.33043659E+001    -0.52842377E-003     0.39736190E-003
     0.40350759E+000     0.94940880E-003    -0.60719729E-003     0.23052026E+001     0.33023693E+001    -0.53555076E-003     0.38603142E-003
     0.40387509E+000     0.93362349E-003    -0.54042601E-003     0.22835659E+001     0.33002986E+001    -0.54234567E-003     0.37429241E-003
     0.40424258E+000     0.91858047E-003    -0.47971131E-003     0.22640533E+001     0.32983262E+001    -0.54877180E-003     0.36215399E-003
     0.40461007E+000     0.90421854E-003    -0.42423567E-003     0.22464384E+001     0.32965806E+001    -0.55479215E-003     0.34962912E-003
     0.40497757E+000     0.89048078E-003    -0.37332268E-003     0.22305145E+001     0.32951561E+001    -0.56036985E-003     0.33673477E-003
     0.40534506E+000     0.87731492E-003    -0.32640793E-003     0.22160948E+001     0.32941194E+001    -0.56546863E-003     0.32349206E-003
     0.40571255E+000     0.86467327E-003    -0.28301673E-003     0.22030114E+001     0.32935160E+001    -0.57005339E-003     0.30992629E-003
     0.40608005E+000     0.85251258E-003    -0.24274698E-003     0.21911142E+001     0.32933750E+001    -0.57409071E-003     0.29606688E-003
     0.40644754E+000     0.84079367E-003    -0.20525583E-003     0.21802695E+001     0.32937130E+001    -0.57754941E-003     0.28194730E-003
     0.40681503E+000     0.82948110E-003    -0.17024915E-003     0.21703583E+001     0.32945367E+001    -0.58040113E-003     0.26760487E-003
     0.40718253E+000     0.81854285E-003    -0.13747315E-003     0.21612749E+001     0.32958460E+001    -0.58262086E-003     0.25308043E-003
     0.40755002E+000     0.80794994E-003    -0.10670771E-003     0.21529258E+001     0.32976352E+001    -0.58418745E-003     0.23841802E-003
     0.40791751E+000     0.79767616E-003    -0.77760984E-004     0.21452278E+001     0.32998947E+001    -0.58508403E-003     0.22366438E-003
     0.40828501E+000     0.78769775E-003    -0.50464975E-004     0.21381072E+001     0.33026123E+001    -0.58529847E-003     0.20886843E-003
     0.40865250E+000     0.77799315E-003    -0.24671952E-004     0.21314985E+001     0.33057738E+001    -0.58482363E-003     0.19408067E-003
     0.40901999E+000     0.76854276E-003    -0.25147582E-006     0.21253436E+001     0.33093639E+001    -0.58365760E-003     0.17935255E-003
     0.40938748E+000     0.75932874E-003     0.22912063E-004     0.21195910E+001     0.33133665E+001    -0.58180382E-003     0.16473575E-003
     0.40975498E+000     0.75033485E-003     0.44921493E-004     0.21141945E+001     0.33177652E+001    -0.57927108E-003     0.15028153E-003
     0.41012247E+000     0.74154622E-003     0.65868587E-004     0.21091133E+001     0.33225437E+001    -0.57607344E-003     0.13604001E-003
     0.41048996E+000     0.73294928E-003     0.85835510E-004     0.21043108E+001     0.33276856E+001    -0.57223002E-003     0.12205949E-003
     0.41085746E+000     0.72453156E-003     0.10489605E-003     0.20997543E+001     0.33331751E+001    -0.56776469E-003     0.10838588E-003
     0.41122495E+000     0.71628164E-003     0.12311664E-003     0.20954146E+001     0.33389968E+001    -0.56270569E-003     0.95062068E-004
     0.41159244E+000     0.70818899E-003     0.14055731E-003     0.20912656E+001     0.33451357E+001    -0.55708518E-003     0.82127477E-004
     0.41195994E+000     0.70024394E-003     0.15727236E-003     0.20872838E+001     0.33515776E+001    -0.55093866E-003     0.69617627E-004
     0.41232743E+000     0.69243754E-003     0.17331112E-003     0.20834479E+001     0.33583088E+001    -0.54430447E-003     0.57563828E-004
     0.41269492E+000     0.68476152E-003     0.18871841E-003     0.20797390E+001     0.33653160E+001    -0.53722313E-003     0.45992955E-004
     0.41306242E+000     0.67720824E-003     0.20353514E-003     0.20761400E+001     0.33725870E+001    -0.52973679E-003     0.34927321E-004
     0.41342991E+000     0.66977059E-003     0.21779866E-003     0.20726353E+001     0.33801096E+001    -0.52188855E-003     0.24384642E-004
     0.41379740E+000     0.66244199E-003     0.23154318E-003     0.20692110E+001     0.33878728E+001    -0.51372197E-003     0.14378088E-004
     0.41416490E+000     0.65521630E-003     0.24480006E-003     0.20658542E+001     0.33958658E+001    -0.50528047E-003     0.49164112E-005
     0.41453239E+000     0.64808780E-003     0.25759814E-003     0.20625536E+001     0.34040784E+001    -0.49660686E-003    -0.39958536E-005
     0.41489988E+000     0.64105117E-003     0.26996395E-003     0.20592987E+001     0.34125011E+001    -0.48774285E-003    -0.12358137E-004
     0.41526738E+000     0.63410141E-003     0.28192196E-003     0.20560797E+001     0.34211248E+001    -0.47872872E-003    -0.20173536E-004
     0.41563487E+000     0.62723388E-003     0.29349478E-003     0.20528882E+001     0.34299407E+001    -0.46960296E-003    -0.27448481E-004
     0.41600236E+000     0.62044418E-003     0.30470333E-003     0.20497161E+001     0.34389409E+001    -0.46040200E-003    -0.34192381E-004
     0.41636986E+000     0.61372823E-003     0.31556696E-003     0.20465561E+001     0.34481174E+001    -0.45116003E-003    -0.40417262E-004
     0.41673735E+000     0.60708217E-003     0.32610367E-003     0.20434015E+001     0.34574632E+001    -0.44190883E-003    -0.46137396E-004
     0.41710484E+000     0.60050237E-003     0.33633013E-003     0.20402463E+001     0.34669711E+001    -0.43267769E-003    -0.51368945E-004
     0.41747234E+000     0.59398541E-003     0.34626190E-003     0.20370848E+001     0.34766348E+001    -0.42349337E-003    -0.56129610E-004
     0.41783983E+000     0.58752807E-003     0.35591344E-003     0.20339117E+001     0.34864478E+001    -0.41438007E-003    -0.60438304E-004
     0.41820732E+000     0.58112729E-003     0.36529825E-003     0.20307224E+001     0.34964045E+001    -0.40535950E-003    -0.64314847E-004
     0.41857482E+000     0.57478021E-003     0.37442892E-003     0.20275123E+001     0.35064991E+001    -0.39645091E-003    -0.67779685E-004
     0.41894231E+000     0.56848409E-003     0.38331724E-003     0.20242774E+001     0.35167264E+001    -0.38767122E-003    -0.70853636E-004
     0.41930980E+000     0.56223634E-003     0.39197423E-003     0.20210138E+001     0.35270814E+001    -0.37903509E-003    -0.73557664E-004
     0.41967730E+000     0.55603451E-003     0.40041020E-003     0.20177181E+001     0.35375592E+001    -0.37055507E-003    -0.75912683E-004
     0.42004479E+000     0.54987627E-003     0.40863485E-003     0.20143869E+001     0.35481554E+001    -0.36224175E-003    -0.77939385E-004
     0.42041228E+000     0.54375939E-003     0.41665726E-003     0.20110171E+001     0.35588656E+001    -0.35410384E-003    -0.79658096E-004
     0.42077978E+000     0.53768177E-003     0.42448596E-003     0.20076059E+001     0.35696858E+001    -0.34614839E-003    -0.81088655E-004
     0.42114727E+000     0.53164138E-003     0.43212899E-003     0.20041506E+001     0.35806119E+001    -0.33838088E-003    -0.82250316E-004
     0.42151476E+000     0.52563631E-003     0.43959388E-003     0.20006487E+001     0.35916403E+001    -0.33080538E-003    -0.83161671E-004
     0.42188226E+000     0.51966472E-003     0.44688776E-003     0.19970978E+001     0.36027675E+001    -0.32342471E-003    -0.83840589E-004
     0.42224975E+000     0.51372486E-003     0.45401733E-003     0.19934957E+001     0.36139900E+001    -0.31624053E-003    -0.84304174E-004
     0.42261724E+000     0.50781503E-003     0.46098891E-003     0.19898403E+001     0.36253046E+001    -0.30925349E-003    -0.84568736E-004
     0.42298474E+000     0.50193363E-003     0.46780848E-003     0.19861296E+001     0.36367083E+001    -0.30246336E-003    -0.84649776E-004
     0.42335223E+000     0.49607912E-003     0.47448166E-003     0.19823618E+001     0.36481980E+001    -0.29586911E-003    -0.84561977E-004
     0.42371972E+000     0.49025001E-003     0.48101379E-003     0.19785350E+001     0.36597709E+001    -0.28946903E-003    -0.84319208E-004
     0.42408722E+000     0.48444487E-003     0.48740991E-003     0.19746476E+001     0.36714244E+001    -0.28326083E-003    -0.83934537E-004
     0.42445471E+000     0.47866234E-003     0.49367478E-003     0.19706981E+001     0.36831557E+001    -0.27724172E-003    -0.83420243E-004
     0.42482220E+000     0.47290110E-003     0.49981292E-003     0.19666848E+001     0.36949625E+001    -0.27140848E-003    -0.82787841E-004
     0.42518969E+000     0.46715988E-003     0.50582860E-003     0.19626062E+001     0.37068424E+001    -0.26575753E-003    -0.82048105E-004
     0.42555719E+000     0.46143745E-003     0.51172589E-003     0.19584612E+001     0.37187929E+001    -0.26028501E-003    -0.81211097E-004
     0.42592468E+000     0.45573263E-003     0.51750861E-003     0.19542482E+001     0.37308120E+001    -0.25498684E-003    -0.80286194E-004
     0.42629217E+000     0.45004428E-003     0.52318041E-003     0.19499660E+001     0.37428974E+001    -0.24985875E-003    -0.79282123E-004
     0.42665967E+000     0.44437130E-003     0.52874475E-003     0.19456134E+001     0.37550472E+001    -0.24489632E-003    -0.78206992E-004
     0.42702716E+000     0.43871263E-003     0.53420492E-003     0.19411892E+001     0.37672593E+001    -0.24009505E-003    -0.77068320E-004
     0.42739465E+000     0.43306723E-003     0.53956403E-003     0.19366922E+001     0.37795318E+001    -0.23545037E-003    -0.75873071E-004
     0.42776215E+000     0.42743410E-003     0.54482504E-003     0.19321214E+001     0.37918629E+001    -0.23095770E-003    -0.74627687E-004
     0.42812964E+000     0.42181229E-003     0.54999077E-003     0.19274757E+001     0.38042508E+001    -0.22661242E-003    -0.73338116E-004
     0.42849713E+000     0.41620085E-003     0.55506388E-003     0.19227541E+001     0.38166937E+001    -0.22240995E-003    -0.72009845E-004
     0.42886463E+000     0.41059887E-003     0.56004692E-003     0.19179556E+001     0.38291900E+001    -0.21834575E-003    -0.70647927E-004
     0.42923212E+000     0.40500547E-003     0.56494230E-003     0.19130792E+001     0.38417381E+001    -0.21441532E-003    -0.69257012E-004
     0.42959961E+000     0.39941980E-003     0.56975232E-003     0.19081239E+001     0.38543363E+001    -0.21061424E-003    -0.67841372E-004
     0.42996711E+000     0.39384102E-003     0.57447916E-003     0.19030889E+001     0.38669831E+001    -0.20693815E-003    -0.66404925E-004
     0.43033460E+000     0.38826832E-003     0.57912489E-003     0.18979732E+001     0.38796770E+001    -0.20338280E-003    -0.64951263E-004
     0.43070209E+000     0.38270093E-003     0.58369149E-003     0.18927761E+001     0.38924165E+001    -0.19994402E-003    -0.63483671E-004
     0.43106959E+000     0.37713807E-003     0.58818084E-003     0.18874965E+001     0.39052003E+001    -0.19661774E-003    -0.62005153E-004
     0.43143708E+000     0.37157899E-003     0.59259471E-003     0.18821337E+001     0.39180269E+001    -0.19340002E-003    -0.60518449E-004
     0.43180457E+000     0.36602299E-003     0.59693481E-003     0.18766870E+001     0.39308950E+001    -0.19028700E-003    -0.59026057E-004
     0.43217207E+000     0.36046934E-003     0.60120274E-003     0.18711554E+001     0.39438033E+001    -0.18727494E-003    -0.57530247E-004
     0.43253956E+000     0.35491737E-003     0.60540003E-003     0.18655381E+001     0.39567504E+001    -0.18436023E-003    -0.56033084E-004
     0.43290705E+000     0.34936640E-003     0.60952815E-003     0.18598346E+001     0.39697351E+001    -0.18153934E-003    -0.54536437E-004
     0.43327455E+000     0.34381579E-003     0.61358846E-003     0.18540438E+001     0.39827561E+001    -0.17880889E-003    -0.53041998E-004
     0.43364204E+000     0.33826488E-003     0.61758228E-003     0.18481652E+001     0.39958122E+001    -0.17616558E-003    -0.51551296E-004
     0.43400953E+000     0.33271308E-003     0.62151086E-003     0.18421980E+001     0.40089022E+001    -0.17360625E-003    -0.50065707E-004
     0.43437703E+000     0.32715976E-003     0.62537537E-003     0.18361415E+001     0.40220249E+001    -0.17112783E-003    -0.48586468E-004
     0.43474452E+000     0.32160435E-003     0.62917692E-003     0.18299949E+001     0.40351791E+001    -0.16872737E-003    -0.47114688E-004
     0.43511201E+000     0.31604626E-003     0.63291659E-003     0.18237575E+001     0.40483637E+001    -0.16640202E-003    -0.45651356E-004
     0.43547951E+000     0.31048493E-003     0.63659536E-003     0.18174287E+001     0.40615775E+001    -0.16414903E-003    -0.44197355E-004
     0.43584700E+000     0.30491983E-003     0.64021418E-003     0.18110078E+001     0.40748195E+001    -0.16196575E-003    -0.42753464E-004
     0.43621449E+000     0.29935041E-003     0.64377395E-003     0.18044941E+001     0.40880885E+001    -0.15984965E-003    -0.41320375E-004
     0.43658199E+000     0.29377615E-003     0.64727550E-003     0.17978869E+001     0.41013834E+001    -0.15779827E-003    -0.39898692E-004
     0.43694948E+000     0.28819655E-003     0.65071964E-003     0.17911855E+001     0.41147031E+001    -0.15580925E-003    -0.38488943E-004
     0.43731697E+000     0.28261112E-003     0.65410711E-003     0.17843894E+001     0.41280466E+001    -0.15388032E-003    -0.37091586E-004
     0.43768447E+000     0.27701936E-003     0.65743860E-003     0.17774979E+001     0.41414128E+001    -0.15200931E-003    -0.35707012E-004
     0.43805196E+000     0.27142082E-003     0.66071479E-003     0.17705103E+001     0.41548005E+001    -0.15019411E-003    -0.34335555E-004
     0.43841945E+000     0.26581504E-003     0.66393627E-003     0.17634259E+001     0.41682089E+001    -0.14843271E-003    -0.32977493E-004
     0.43878695E+000     0.26020156E-003     0.66710363E-003     0.17562443E+001     0.41816368E+001    -0.14672317E-003    -0.31633056E-004
     0.43915444E+000     0.25457996E-003     0.67021740E-003     0.17489647E+001     0.41950832E+001    -0.14506363E-003    -0.30302428E-004
     0.43952193E+000     0.24894982E-003     0.67327808E-003     0.17415865E+001     0.42085470E+001    -0.14345230E-003    -0.28985752E-004
     0.43988943E+000     0.24331072E-003     0.67628612E-003     0.17341092E+001     0.42220273E+001    -0.14188746E-003    -0.27683132E-004
     0.44025692E+000     0.23766228E-003     0.67924195E-003     0.17265321E+001     0.42355229E+001    -0.14036745E-003    -0.26394639E-004
     0.44062441E+000     0.23200409E-003     0.68214596E-003     0.17188546E+001     0.42490329E+001    -0.13889069E-003    -0.25120314E-004
     0.44099190E+000     0.22633580E-003     0.68499850E-003     0.17110762E+001     0.42625563E+001    -0.13745565E-003    -0.23860169E-004
     0.44135940E+000     0.22065702E-003     0.68779989E-003     0.17031962E+001     0.42760920E+001    -0.13606087E-003    -0.22614189E-004
     0.44172689E+000     0.21496743E-003     0.69055042E-003     0.16952141E+001     0.42896390E+001    -0.13470494E-003    -0.21382338E-004
     0.44209438E+000     0.20926667E-003     0.69325036E-003     0.16871293E+001     0.43031963E+001    -0.13338650E-003    -0.20164558E-004
     0.44246188E+000     0.20355441E-003     0.69589993E-003     0.16789412E+001     0.43167629E+001    -0.13210425E-003    -0.18960773E-004
     0.44282937E+000     0.19783034E-003     0.69849933E-003     0.16706493E+001     0.43303377E+001    -0.13085695E-003    -0.17770889E-004
     0.44319686E+000     0.19209416E-003     0.70104874E-003     0.16622530E+001     0.43439198E+001    -0.12964339E-003    -0.16594798E-004
     0.44356436E+000     0.18634558E-003     0.70354829E-003     0.16537517E+001     0.43575081E+001    -0.12846241E-003    -0.15432377E-004
     0.44393185E+000     0.18058430E-003     0.70599811E-003     0.16451449E+001     0.43711015E+001    -0.12731292E-003    -0.14283493E-004
     0.44429934E+000     0.17481007E-003     0.70839828E-003     0.16364322E+001     0.43846991E+001    -0.12619383E-003    -0.13147999E-004
     0.44466684E+000     0.16902262E-003     0.71074887E-003     0.16276128E+001     0.43982999E+001    -0.12510413E-003    -0.12025741E-004
     0.44503433E+000     0.16322171E-003     0.71304993E-003     0.16186863E+001     0.44119028E+001    -0.12404282E-003    -0.10916557E-004
     0.44540182E+000     0.15740712E-003     0.71530146E-003     0.16096523E+001     0.44255067E+001    -0.12300897E-003    -0.98202753E-005
     0.44576932E+000     0.15157861E-003     0.71750346E-003     0.16005100E+001     0.44391106E+001    -0.12200165E-003    -0.87367193E-005
     0.44613681E+000     0.14573598E-003     0.71965591E-003     0.15912591E+001     0.44527136E+001    -0.12101999E-003    -0.76657063E-005
     0.44650430E+000     0.13987905E-003     0.72175874E-003     0.15818991E+001     0.44663145E+001    -0.12006315E-003    -0.66070490E-005
     0.44687180E+000     0.13400762E-003     0.72381189E-003     0.15724294E+001     0.44799122E+001    -0.11913031E-003    -0.55605559E-005
     0.44723929E+000     0.12812152E-003     0.72581526E-003     0.15628495E+001     0.44935058E+001    -0.11822069E-003    -0.45260322E-005
     0.44760678E+000     0.12222061E-003     0.72776873E-003     0.15531590E+001     0.45070942E+001    -0.11733354E-003    -0.35032800E-005
     0.44797428E+000     0.11630474E-003     0.72967217E-003     0.15433574E+001     0.45206762E+001    -0.11646813E-003    -0.24920993E-005
     0.44834177E+000     0.11037379E-003     0.73152542E-003     0.15334441E+001     0.45342509E+001    -0.11562378E-003    -0.14922883E-005
     0.44870926E+000     0.10442763E-003     0.73332831E-003     0.15234188E+001     0.45478172E+001    -0.11479979E-003    -0.50364397E-006
     0.44907676E+000     0.98466170E-004     0.73508064E-003     0.15132810E+001     0.45613739E+001    -0.11399554E-003     0.47403789E-006
     0.44944425E+000     0.92489325E-004     0.73678220E-003     0.15030302E+001     0.45749199E+001    -0.11321039E-003     0.14409619E-005
     0.44981174E+000     0.86497023E-004     0.73843277E-003     0.14926660E+001     0.45884542E+001    -0.11244374E-003     0.23973328E-005
     0.45017924E+000     0.80489207E-004     0.74003209E-003     0.14821879E+001     0.46019757E+001    -0.11169502E-003     0.33433555E-005
     0.45054673E+000     0.74465836E-004     0.74157991E-003     0.14715955E+001     0.46154833E+001    -0.11096367E-003     0.42792343E-005
     0.45091422E+000     0.68426885E-004     0.74307593E-003     0.14608884E+001     0.46289757E+001    -0.11024914E-003     0.52051729E-005
     0.45128172E+000     0.62372342E-004     0.74451988E-003     0.14500662E+001     0.46424520E+001    -0.10955093E-003     0.61213745E-005
     0.45164921E+000     0.56302213E-004     0.74591143E-003     0.14391285E+001     0.46559109E+001    -0.10886853E-003     0.70280409E-005
     0.45201670E+000     0.50216520E-004     0.74725027E-003     0.14280748E+001     0.46693514E+001    -0.10820146E-003     0.79253728E-005
     0.45238420E+000     0.44115301E-004     0.74853606E-003     0.14169048E+001     0.46827722E+001    -0.10754925E-003     0.88135697E-005
     0.45275169E+000     0.37998609E-004     0.74976843E-003     0.14056181E+001     0.46961722E+001    -0.10691146E-003     0.96928293E-005
     0.45311918E+000     0.31866516E-004     0.75094703E-003     0.13942143E+001     0.47095503E+001    -0.10628765E-003     0.10563348E-004
     0.45348668E+000     0.25719110E-004     0.75207148E-003     0.13826931E+001     0.47229053E+001    -0.10567740E-003     0.11425320E-004
     0.45385417E+000     0.19556498E-004     0.75314138E-003     0.13710542E+001     0.47362359E+001    -0.10508030E-003     0.12278939E-004
     0.45422166E+000     0.13378801E-004     0.75415633E-003     0.13592971E+001     0.47495410E+001    -0.10449597E-003     0.13124394E-004
     0.45458916E+000     0.71861630E-005     0.75511592E-003     0.13474215E+001     0.47628195E+001    -0.10392404E-003     0.13961876E-004
     0.45495665E+000     0.97874180E-006     0.75601973E-003     0.13354272E+001     0.47760700E+001    -0.10336412E-003     0.14791570E-004
     0.45532414E+000    -0.52432841E-005     0.75686731E-003     0.13233138E+001     0.47892914E+001    -0.10281588E-003     0.15613661E-004
     0.45569163E+000    -0.11479718E-004     0.75765822E-003     0.13110810E+001     0.48024824E+001    -0.10227897E-003     0.16428333E-004
     0.45605913E+000    -0.17730343E-004     0.75839201E-003     0.12987286E+001     0.48156418E+001    -0.10175306E-003     0.17235764E-004
     0.45642662E+000    -0.23994926E-004     0.75906821E-003     0.12862562E+001     0.48287685E+001    -0.10123783E-003     0.18036134E-004
     0.45679411E+000    -0.30273210E-004     0.75968635E-003     0.12736635E+001     0.48418610E+001    -0.10073298E-003     0.18829619E-004
     0.45716161E+000    -0.36564921E-004     0.76024596E-003     0.12609504E+001     0.48549182E+001    -0.10023820E-003     0.19616392E-004
     0.45752910E+000    -0.42869765E-004     0.76074654E-003     0.12481166E+001     0.48679387E+001    -0.99753212E-004     0.20396625E-004
     0.45789659E+000    -0.49187426E-004     0.76118761E-003     0.12351619E+001     0.48809214E+001    -0.99277727E-004     0.21170487E-004
     0.45826409E+000    -0.55517569E-004     0.76156866E-003     0.12220859E+001     0.48938649E+001    -0.98811478E-004     0.21938146E-004
     0.45863158E+000    -0.61859836E-004     0.76188920E-003     0.12088886E+001     0.49067679E+001    -0.98354202E-004     0.22699766E-004
     0.45899907E+000    -0.68213850E-004     0.76214871E-003     0.11955698E+001     0.49196292E+001    -0.97905644E-004     0.23455510E-004
     0.45936657E+000    -0.74579212E-004     0.76234668E-003     0.11821292E+001     0.49324474E+001    -0.97465558E-004     0.24205539E-004
     0.45973406E+000    -0.80955501E-004     0.76248260E-003     0.11685667E+001     0.49452211E+001    -0.97033704E-004     0.24950010E-004
     0.46010155E+000    -0.87342275E-004     0.76255595E-003     0.11548821E+001     0.49579491E+001    -0.96609850E-004     0.25689081E-004
     0.46046905E+000    -0.93739068E-004     0.76256620E-003     0.11410753E+001     0.49706301E+001    -0.96193771E-004     0.26422905E-004
     0.46083654E+000    -0.10014539E-003     0.76251283E-003     0.11271462E+001     0.49832626E+001    -0.95785248E-004     0.27151635E-004
     0.46120403E+000    -0.10656075E-003     0.76239532E-003     0.11130947E+001     0.49958454E+001    -0.95384070E-004     0.27875419E-004
     0.46157153E+000    -0.11298459E-003     0.76221315E-003     0.10989206E+001     0.50083770E+001    -0.94990031E-004     0.28594406E-004
     0.46193902E+000    -0.11941637E-003     0.76196580E-003     0.10846240E+001     0.50208561E+001    -0.94602929E-004     0.29308742E-004
     0.46230651E+000    -0.12585551E-003     0.76165274E-003     0.10702046E+001     0.50332813E+001    -0.94222572E-004     0.30018571E-004
     0.46267401E+000    -0.13230141E-003     0.76127345E-003     0.10556626E+001     0.50456512E+001    -0.93848769E-004     0.30724034E-004
     0.46304150E+000    -0.13875345E-003     0.76082742E-003     0.10409978E+001     0.50579645E+001    -0.93481337E-004     0.31425271E-004
     0.46340899E+000    -0.14521098E-003     0.76031413E-003     0.10262102E+001     0.50702197E+001    -0.93120097E-004     0.32122421E-004
     0.46377649E+000    -0.15167333E-003     0.75973308E-003     0.10112998E+001     0.50824154E+001    -0.92764875E-004     0.32815620E-004
     0.46414398E+000    -0.15813981E-003     0.75908375E-003     0.99626669E+000     0.50945503E+001    -0.92415502E-004     0.33505001E-004
     0.46451147E+000    -0.16460970E-003     0.75836566E-003     0.98111084E+000     0.51066228E+001    -0.92071812E-004     0.34190698E-004
     0.46487897E+000    -0.17108226E-003     0.75757831E-003     0.96583232E+000     0.51186315E+001    -0.91733646E-004     0.34872842E-004
     0.46524646E+000    -0.17755673E-003     0.75672121E-003     0.95043120E+000     0.51305751E+001    -0.91400846E-004     0.35551561E-004
     0.46561395E+000    -0.18403232E-003     0.75579390E-003     0.93490754E+000     0.51424520E+001    -0.91073260E-004     0.36226983E-004
     0.46598145E+000    -0.19050822E-003     0.75479589E-003     0.91926147E+000     0.51542608E+001    -0.90750739E-004     0.36899234E-004
     0.46634894E+000    -0.19698359E-003     0.75372675E-003     0.90349309E+000     0.51660001E+001    -0.90433138E-004     0.37568438E-004
     0.46671643E+000    -0.20345759E-003     0.75258601E-003     0.88760255E+000     0.51776684E+001    -0.90120314E-004     0.38234717E-004
     0.46708393E+000    -0.20992933E-003     0.75137324E-003     0.87159000E+000     0.51892642E+001    -0.89812130E-004     0.38898194E-004
     0.46745142E+000    -0.21639790E-003     0.75008802E-003     0.85545563E+000     0.52007860E+001    -0.89508450E-004     0.39558986E-004
     0.46781891E+000    -0.22286239E-003     0.74872995E-003     0.83919962E+000     0.52122324E+001    -0.89209142E-004     0.40217213E-004
     0.46818641E+000    -0.22932184E-003     0.74729861E-003     0.82282220E+000     0.52236019E+001    -0.88914076E-004     0.40872992E-004
     0.46855390E+000    -0.23577529E-003     0.74579364E-003     0.80632359E+000     0.52348930E+001    -0.88623126E-004     0.41526437E-004
     0.46892139E+000    -0.24222173E-003     0.74421467E-003     0.78970405E+000     0.52461041E+001    -0.88336168E-004     0.42177662E-004
     0.46928889E+000    -0.24866017E-003     0.74256135E-003     0.77296386E+000     0.52572338E+001    -0.88053081E-004     0.42826781E-004
     0.46965638E+000    -0.25508955E-003     0.74083335E-003     0.75610331E+000     0.52682806E+001    -0.87773746E-004     0.43473905E-004
     0.47002387E+000    -0.26150883E-003     0.73903035E-003     0.73912271E+000     0.52792430E+001    -0.87498047E-004     0.44119143E-004
     0.47039137E+000    -0.26791692E-003     0.73715206E-003     0.72202241E+000     0.52901194E+001    -0.87225869E-004     0.44762606E-004
     0.47075886E+000    -0.27431273E-003     0.73519822E-003     0.70480275E+000     0.53009084E+001    -0.86957101E-004     0.45404400E-004
     0.47112635E+000    -0.28069514E-003     0.73316855E-003     0.68746413E+000     0.53116084E+001    -0.86691631E-004     0.46044632E-004
     0.47149384E+000    -0.28706300E-003     0.73106284E-003     0.67000693E+000     0.53222179E+001    -0.86429353E-004     0.46683408E-004
     0.47186134E+000    -0.29341517E-003     0.72888088E-003     0.65243157E+000     0.53327353E+001    -0.86170160E-004     0.47320832E-004
     0.47222883E+000    -0.29975047E-003     0.72662248E-003     0.63473851E+000     0.53431592E+001    -0.85913946E-004     0.47957009E-004
     0.47259632E+000    -0.30606770E-003     0.72428747E-003     0.61692821E+000     0.53534880E+001    -0.85660611E-004     0.48592039E-004
     0.47296382E+000    -0.31236566E-003     0.72187573E-003     0.59900116E+000     0.53637201E+001    -0.85410051E-004     0.49226025E-004
     0.47333131E+000    -0.31864310E-003     0.71938715E-003     0.58095785E+000     0.53738542E+001    -0.85162168E-004     0.49859068E-004
     0.47369880E+000    -0.32489881E-003     0.71682163E-003     0.56279884E+000     0.53838885E+001    -0.84916863E-004     0.50491266E-004
     0.47406630E+000    -0.33113150E-003     0.71417913E-003     0.54452467E+000     0.53938216E+001    -0.84674039E-004     0.51122718E-004
     0.47443379E+000    -0.33733991E-003     0.71145961E-003     0.52613592E+000     0.54036519E+001    -0.84433599E-004     0.51753523E-004
     0.47480128E+000    -0.34352276E-003     0.70866308E-003     0.50763320E+000     0.54133780E+001    -0.84195451E-004     0.52383777E-004
     0.47516878E+000    -0.34967874E-003     0.70578957E-003     0.48901712E+000     0.54229982E+001    -0.83959499E-004     0.53013576E-004
     0.47553627E+000    -0.35580653E-003     0.70283913E-003     0.47028834E+000     0.54325111E+001    -0.83725653E-004     0.53643017E-004
     0.47590376E+000    -0.36190482E-003     0.69981187E-003     0.45144753E+000     0.54419150E+001    -0.83493819E-004     0.54272193E-004
     0.47627126E+000    -0.36797227E-003     0.69670790E-003     0.43249538E+000     0.54512086E+001    -0.83263907E-004     0.54901198E-004
     0.47663875E+000    -0.37400754E-003     0.69352738E-003     0.41343261E+000     0.54603902E+001    -0.83035828E-004     0.55530127E-004
     0.47700624E+000    -0.38000927E-003     0.69027049E-003     0.39425997E+000     0.54694583E+001    -0.82809493E-004     0.56159071E-004
     0.47737374E+000    -0.38597611E-003     0.68693747E-003     0.37497823E+000     0.54784114E+001    -0.82584812E-004     0.56788122E-004
     0.47774123E+000    -0.39190668E-003     0.68352855E-003     0.35558817E+000     0.54872480E+001    -0.82361699E-004     0.57417373E-004
     0.47810872E+000    -0.39779962E-003     0.68004405E-003     0.33609062E+000     0.54959666E+001    -0.82140066E-004     0.58046913E-004
     0.47847622E+000    -0.40365354E-003     0.67648427E-003     0.31648641E+000     0.55045656E+001    -0.81919826E-004     0.58676833E-004
     0.47884371E+000    -0.40946708E-003     0.67284958E-003     0.29677640E+000     0.55130435E+001    -0.81700893E-004     0.59307222E-004
     0.47921120E+000    -0.41523884E-003     0.66914037E-003     0.27696149E+000     0.55213989E+001    -0.81483181E-004     0.59938169E-004
     0.47957870E+000    -0.42096744E-003     0.66535709E-003     0.25704260E+000     0.55296303E+001    -0.81266605E-004     0.60569764E-004
     0.47994619E+000    -0.42665151E-003     0.66150018E-003     0.23702065E+000     0.55377360E+001    -0.81051078E-004     0.61202094E-004
     0.48031368E+000    -0.43228965E-003     0.65757017E-003     0.21689662E+000     0.55457148E+001    -0.80836516E-004     0.61835247E-004
     0.48068118E+000    -0.43788049E-003     0.65356758E-003     0.19667149E+000     0.55535650E+001    -0.80622834E-004     0.62469311E-004
     0.48104867E+000    -0.44342265E-003     0.64949300E-003     0.17634628E+000     0.55612853E+001    -0.80409946E-004     0.63104371E-004
     0.48141616E+000    -0.44891476E-003     0.64534705E-003     0.15592201E+000     0.55688741E+001    -0.80197767E-004     0.63740514E-004
     0.48178366E+000    -0.45435547E-003     0.64113038E-003     0.13539977E+000     0.55763301E+001    -0.79986212E-004     0.64377827E-004
     0.48215115E+000    -0.45974340E-003     0.63684367E-003     0.11478063E+000     0.55836516E+001    -0.79775196E-004     0.65016394E-004
     0.48251864E+000    -0.46507721E-003     0.63248765E-003     0.94065703E-001     0.55908374E+001    -0.79564634E-004     0.65656302E-004
     0.48288614E+000    -0.47035556E-003     0.62806309E-003     0.73256132E-001     0.55978860E+001    -0.79354440E-004     0.66297634E-004
     0.48325363E+000    -0.47557712E-003     0.62357079E-003     0.52353076E-001     0.56047960E+001    -0.79144527E-004     0.66940476E-004
     0.48362112E+000    -0.48074059E-003     0.61901159E-003     0.31357723E-001     0.56115659E+001    -0.78934810E-004     0.67584912E-004
     0.48398862E+000    -0.48584465E-003     0.61438636E-003     0.10271284E-001     0.56181944E+001    -0.78725202E-004     0.68231026E-004
     0.48435611E+000    -0.49088803E-003     0.60969601E-003    -0.10905006E-001     0.56246801E+001    -0.78515616E-004     0.68878901E-004
     0.48472360E+000    -0.49586944E-003     0.60494150E-003    -0.32169884E-001     0.56310216E+001    -0.78305963E-004     0.69528621E-004
     0.48509110E+000    -0.50078765E-003     0.60012380E-003    -0.53522067E-001     0.56372175E+001    -0.78096156E-004     0.70180269E-004
     0.48545859E+000    -0.50564141E-003     0.59524393E-003    -0.74960244E-001     0.56432666E+001    -0.77886105E-004     0.70833928E-004
     0.48582608E+000    -0.51042951E-003     0.59030295E-003    -0.96483083E-001     0.56491674E+001    -0.77675722E-004     0.71489680E-004
     0.48619358E+000    -0.51515077E-003     0.58530195E-003    -0.11808922E+000     0.56549187E+001    -0.77464915E-004     0.72147608E-004
     0.48656107E+000    -0.51980401E-003     0.58024204E-003    -0.13977729E+000     0.56605191E+001    -0.77253593E-004     0.72807793E-004
     0.48692856E+000    -0.52438808E-003     0.57512439E-003    -0.16154587E+000     0.56659675E+001    -0.77041665E-004     0.73470318E-004
     0.48729605E+000    -0.52890187E-003     0.56995018E-003    -0.18339353E+000     0.56712623E+001    -0.76829037E-004     0.74135265E-004
     0.48766355E+000    -0.53334427E-003     0.56472063E-003    -0.20531883E+000     0.56764026E+001    -0.76615614E-004     0.74802714E-004
     0.48803104E+000    -0.53771424E-003     0.55943699E-003    -0.22732028E+000     0.56813869E+001    -0.76401303E-004     0.75472747E-004
     0.48839853E+000    -0.54201072E-003     0.55410054E-003    -0.24939639E+000     0.56862141E+001    -0.76186006E-004     0.76145446E-004
     0.48876603E+000    -0.54623270E-003     0.54871260E-003    -0.27154564E+000     0.56908829E+001    -0.75969627E-004     0.76820889E-004
     0.48913352E+000    -0.55037921E-003     0.54327451E-003    -0.29376648E+000     0.56953922E+001    -0.75752066E-004     0.77499159E-004
     0.48950101E+000    -0.55444930E-003     0.53778762E-003    -0.31605733E+000     0.56997408E+001    -0.75533224E-004     0.78180336E-004
     0.48986851E+000    -0.55844206E-003     0.53225334E-003    -0.33841662E+000     0.57039276E+001    -0.75312999E-004     0.78864499E-004
     0.49023600E+000    -0.56235660E-003     0.52667309E-003    -0.36084273E+000     0.57079514E+001    -0.75091287E-004     0.79551729E-004
     0.49060349E+000    -0.56619208E-003     0.52104830E-003    -0.38333403E+000     0.57118111E+001    -0.74867986E-004     0.80242105E-004
     0.49097099E+000    -0.56994769E-003     0.51538045E-003    -0.40588885E+000     0.57155055E+001    -0.74642989E-004     0.80935706E-004
     0.49133848E+000    -0.57362265E-003     0.50967103E-003    -0.42850553E+000     0.57190338E+001    -0.74416188E-004     0.81632612E-004
     0.49170597E+000    -0.57721622E-003     0.50392155E-003    -0.45118237E+000     0.57223947E+001    -0.74187474E-004     0.82332901E-004
     0.49207347E+000    -0.58072771E-003     0.49813353E-003    -0.47391764E+000     0.57255873E+001    -0.73956736E-004     0.83036652E-004
     0.49244096E+000    -0.58415644E-003     0.49230854E-003    -0.49670961E+000     0.57286106E+001    -0.73723861E-004     0.83743944E-004
     0.49280845E+000    -0.58750181E-003     0.48644813E-003    -0.51955653E+000     0.57314635E+001    -0.73488734E-004     0.84454854E-004
     0.49317595E+000    -0.59076321E-003     0.48055390E-003    -0.54245660E+000     0.57341452E+001    -0.73251237E-004     0.85169459E-004
     0.49354344E+000    -0.59394012E-003     0.47462744E-003    -0.56540805E+000     0.57366546E+001    -0.73011253E-004     0.85887838E-004
     0.49391093E+000    -0.59703202E-003     0.46867036E-003    -0.58840904E+000     0.57389909E+001    -0.72768660E-004     0.86610067E-004
     0.49427843E+000    -0.60003845E-003     0.46268429E-003    -0.61145775E+000     0.57411532E+001    -0.72523334E-004     0.87336222E-004
     0.49464592E+000    -0.60295900E-003     0.45667086E-003    -0.63455232E+000     0.57431407E+001    -0.72275150E-004     0.88066380E-004
     0.49501341E+000    -0.60579329E-003     0.45063173E-003    -0.65769088E+000     0.57449524E+001    -0.72023979E-004     0.88800616E-004
     0.49538091E+000    -0.60854097E-003     0.44456854E-003    -0.68087155E+000     0.57465876E+001    -0.71769692E-004     0.89539006E-004
     0.49574840E+000    -0.61120175E-003     0.43848296E-003    -0.70409242E+000     0.57480455E+001    -0.71512154E-004     0.90281623E-004
     0.49611589E+000    -0.61377538E-003     0.43237665E-003    -0.72735157E+000     0.57493253E+001    -0.71251230E-004     0.91028543E-004
     0.49648339E+000    -0.61626166E-003     0.42625129E-003    -0.75064706E+000     0.57504263E+001    -0.70986782E-004     0.91779838E-004
     0.49685088E+000    -0.61866040E-003     0.42010854E-003    -0.77397693E+000     0.57513479E+001    -0.70718667E-004     0.92535582E-004
     0.49721837E+000    -0.62097150E-003     0.41395008E-003    -0.79733923E+000     0.57520892E+001    -0.70446743E-004     0.93295846E-004
     0.49758587E+000    -0.62319486E-003     0.40777759E-003    -0.82073197E+000     0.57526497E+001    -0.70170861E-004     0.94060702E-004
     0.49795336E+000    -0.62533044E-003     0.40159274E-003    -0.84415316E+000     0.57530288E+001    -0.69890872E-004     0.94830221E-004
     0.49832085E+000    -0.62737826E-003     0.39539720E-003    -0.86760077E+000     0.57532259E+001    -0.69606621E-004     0.95604472E-004
     0.49868835E+000    -0.62933835E-003     0.38919263E-003    -0.89107280E+000     0.57532403E+001    -0.69317953E-004     0.96383524E-004
     0.49905584E+000    -0.63121080E-003     0.38298070E-003    -0.91456720E+000     0.57530717E+001    -0.69024706E-004     0.97167445E-004
     0.49942333E+000    -0.63299573E-003     0.37676306E-003    -0.93808193E+000     0.57527194E+001    -0.68726718E-004     0.97956303E-004
     0.49979083E+000    -0.63469332E-003     0.37054135E-003    -0.96161493E+000     0.57521830E+001    -0.68423821E-004     0.98750163E-004
     0.50015832E+000    -0.63630378E-003     0.36431722E-003    -0.98516413E+000     0.57514620E+001    -0.68115844E-004     0.99549088E-004
     0.50052581E+000    -0.63782735E-003     0.35809228E-003    -0.10087274E+001     0.57505561E+001    -0.67802613E-004     0.10035314E-003
     0.50089331E+000    -0.63926432E-003     0.35186816E-003    -0.10323028E+001     0.57494649E+001    -0.67483949E-004     0.10116239E-003
     0.50126080E+000    -0.64061502E-003     0.34564645E-003    -0.10558880E+001     0.57481880E+001    -0.67159671E-004     0.10197689E-003
     0.50162829E+000    -0.64187983E-003     0.33942873E-003    -0.10794811E+001     0.57467251E+001    -0.66829591E-004     0.10279670E-003
     0.50199578E+000    -0.64305914E-003     0.33321658E-003    -0.11030799E+001     0.57450759E+001    -0.66493520E-004     0.10362188E-003
     0.50236328E+000    -0.64415339E-003     0.32701155E-003    -0.11266823E+001     0.57432401E+001    -0.66151261E-004     0.10445249E-003
     0.50273077E+000    -0.64516307E-003     0.32081519E-003    -0.11502861E+001     0.57412176E+001    -0.65802617E-004     0.10528857E-003
     0.50309826E+000    -0.64608869E-003     0.31462899E-003    -0.11738892E+001     0.57390081E+001    -0.65447383E-004     0.10613018E-003
     0.50346576E+000    -0.64693080E-003     0.30845448E-003    -0.11974895E+001     0.57366115E+001    -0.65085351E-004     0.10697737E-003
     0.50383325E+000    -0.64768998E-003     0.30229311E-003    -0.12210848E+001     0.57340277E+001    -0.64716307E-004     0.10783019E-003
     0.50420074E+000    -0.64836684E-003     0.29614635E-003    -0.12446730E+001     0.57312566E+001    -0.64340035E-004     0.10868869E-003
     0.50456824E+000    -0.64896205E-003     0.29001563E-003    -0.12682519E+001     0.57282980E+001    -0.63956312E-004     0.10955289E-003
     0.50493573E+000    -0.64947627E-003     0.28390235E-003    -0.12918193E+001     0.57251521E+001    -0.63564909E-004     0.11042286E-003
     0.50530322E+000    -0.64991022E-003     0.27780791E-003    -0.13153732E+001     0.57218187E+001    -0.63165594E-004     0.11129861E-003
     0.50567072E+000    -0.65026464E-003     0.27173366E-003    -0.13389112E+001     0.57182979E+001    -0.62758129E-004     0.11218019E-003
     0.50603821E+000    -0.65054030E-003     0.26568094E-003    -0.13624313E+001     0.57145899E+001    -0.62342269E-004     0.11306763E-003
     0.50640570E+000    -0.65073800E-003     0.25965106E-003    -0.13859313E+001     0.57106946E+001    -0.61917767E-004     0.11396095E-003
     0.50677320E+000    -0.65085855E-003     0.25364529E-003    -0.14094090E+001     0.57066123E+001    -0.61484368E-004     0.11486018E-003
     0.50714069E+000    -0.65090282E-003     0.24766488E-003    -0.14328622E+001     0.57023431E+001    -0.61041811E-004     0.11576534E-003
     0.50750818E+000    -0.65087167E-003     0.24171107E-003    -0.14562889E+001     0.56978873E+001    -0.60589830E-004     0.11667645E-003
     0.50787568E+000    -0.65076600E-003     0.23578505E-003    -0.14796867E+001     0.56932450E+001    -0.60128154E-004     0.11759351E-003
     0.50824317E+000    -0.65058672E-003     0.22988799E-003    -0.15030537E+001     0.56884165E+001    -0.59656505E-004     0.11851654E-003
     0.50861066E+000    -0.65033479E-003     0.22402101E-003    -0.15263875E+001     0.56834022E+001    -0.59174598E-004     0.11944554E-003
     0.50897816E+000    -0.65001116E-003     0.21818523E-003    -0.15496861E+001     0.56782023E+001    -0.58682145E-004     0.12038050E-003
     0.50934565E+000    -0.64961681E-003     0.21238173E-003    -0.15729473E+001     0.56728174E+001    -0.58178847E-004     0.12132142E-003
     0.50971314E+000    -0.64915275E-003     0.20661154E-003    -0.15961689E+001     0.56672476E+001    -0.57664402E-004     0.12226829E-003
     0.51008064E+000    -0.64861998E-003     0.20087569E-003    -0.16193488E+001     0.56614936E+001    -0.57138502E-004     0.12322109E-003
     0.51044813E+000    -0.64801953E-003     0.19517515E-003    -0.16424850E+001     0.56555557E+001    -0.56600831E-004     0.12417979E-003
     0.51081562E+000    -0.64735247E-003     0.18951088E-003    -0.16655752E+001     0.56494346E+001    -0.56051065E-004     0.12514436E-003
     0.51118312E+000    -0.64661984E-003     0.18388379E-003    -0.16886173E+001     0.56431306E+001    -0.55488877E-004     0.12611477E-003
     0.51155061E+000    -0.64582271E-003     0.17829478E-003    -0.17116092E+001     0.56366444E+001    -0.54913930E-004     0.12709097E-003
     0.51191810E+000    -0.64496219E-003     0.17274470E-003    -0.17345489E+001     0.56299766E+001    -0.54325882E-004     0.12807290E-003
     0.51228560E+000    -0.64403935E-003     0.16723437E-003    -0.17574342E+001     0.56231278E+001    -0.53724383E-004     0.12906051E-003
     0.51265309E+000    -0.64305530E-003     0.16176459E-003    -0.17802630E+001     0.56160987E+001    -0.53109078E-004     0.13005374E-003
     0.51302058E+000    -0.64201117E-003     0.15633612E-003    -0.18030333E+001     0.56088900E+001    -0.52479603E-004     0.13105249E-003
     0.51338808E+000    -0.64090807E-003     0.15094968E-003    -0.18257431E+001     0.56015025E+001    -0.51835589E-004     0.13205669E-003
     0.51375557E+000    -0.63974712E-003     0.14560599E-003    -0.18483902E+001     0.55939368E+001    -0.51176657E-004     0.13306624E-003
     0.51412306E+000    -0.63852948E-003     0.14030569E-003    -0.18709726E+001     0.55861937E+001    -0.50502426E-004     0.13408104E-003
     0.51449056E+000    -0.63725626E-003     0.13504943E-003    -0.18934884E+001     0.55782742E+001    -0.49812503E-004     0.13510097E-003
     0.51485805E+000    -0.63592862E-003     0.12983781E-003    -0.19159354E+001     0.55701790E+001    -0.49106492E-004     0.13612590E-003
     0.51522554E+000    -0.63454771E-003     0.12467140E-003    -0.19383118E+001     0.55619091E+001    -0.48383988E-004     0.13715569E-003
     0.51559304E+000    -0.63311466E-003     0.11955075E-003    -0.19606154E+001     0.55534654E+001    -0.47644581E-004     0.13819020E-003
     0.51596053E+000    -0.63163063E-003     0.11447636E-003    -0.19828445E+001     0.55448487E+001    -0.46887852E-004     0.13922926E-003
     0.51632802E+000    -0.63009677E-003     0.10944873E-003    -0.20049969E+001     0.55360601E+001    -0.46113378E-004     0.14027270E-003
     0.51669552E+000    -0.62851423E-003     0.10446831E-003    -0.20270708E+001     0.55271006E+001    -0.45320728E-004     0.14132032E-003
     0.51706301E+000    -0.62688416E-003     0.99535507E-004    -0.20490643E+001     0.55179712E+001    -0.44509466E-004     0.14237192E-003
     0.51743050E+000    -0.62520769E-003     0.94650730E-004    -0.20709755E+001     0.55086730E+001    -0.43679149E-004     0.14342730E-003
     0.51779799E+000    -0.62348599E-003     0.89814342E-004    -0.20928024E+001     0.54992071E+001    -0.42829328E-004     0.14448620E-003
     0.51816549E+000    -0.62172017E-003     0.85026681E-004    -0.21145432E+001     0.54895745E+001    -0.41959551E-004     0.14554838E-003
     0.51853298E+000    -0.61991138E-003     0.80288059E-004    -0.21361962E+001     0.54797765E+001    -0.41069356E-004     0.14661358E-003
     0.51890047E+000    -0.61806076E-003     0.75598759E-004    -0.21577594E+001     0.54698142E+001    -0.40158281E-004     0.14768151E-003
     0.51926797E+000    -0.61616941E-003     0.70959037E-004    -0.21792311E+001     0.54596887E+001    -0.39225857E-004     0.14875187E-003
     0.51963546E+000    -0.61423847E-003     0.66369125E-004    -0.22006094E+001     0.54494014E+001    -0.38271610E-004     0.14982433E-003
     0.52000295E+000    -0.61226904E-003     0.61829228E-004    -0.22218927E+001     0.54389535E+001    -0.37295062E-004     0.15089857E-003
     0.52037045E+000    -0.61026222E-003     0.57339526E-004    -0.22430791E+001     0.54283462E+001    -0.36295735E-004     0.15197421E-003
     0.52073794E+000    -0.60821912E-003     0.52900174E-004    -0.22641670E+001     0.54175809E+001    -0.35273145E-004     0.15305087E-003
     0.52110543E+000    -0.60614082E-003     0.48511303E-004    -0.22851547E+001     0.54066588E+001    -0.34226806E-004     0.15412816E-003
     0.52147293E+000    -0.60402840E-003     0.44173020E-004    -0.23060405E+001     0.53955814E+001    -0.33156231E-004     0.15520564E-003
     0.52184042E+000    -0.60188293E-003     0.39885412E-004    -0.23268227E+001     0.53843499E+001    -0.32060932E-004     0.15628287E-003
     0.52220791E+000    -0.59970546E-003     0.35648538E-004    -0.23474997E+001     0.53729659E+001    -0.30940420E-004     0.15735938E-003
     0.52257541E+000    -0.59749705E-003     0.31462440E-004    -0.23680700E+001     0.53614306E+001    -0.29794207E-004     0.15843466E-003
     0.52294290E+000    -0.59525874E-003     0.27327136E-004    -0.23885319E+001     0.53497456E+001    -0.28621805E-004     0.15950819E-003
     0.52331039E+000    -0.59299154E-003     0.23242624E-004    -0.24088839E+001     0.53379122E+001    -0.27422731E-004     0.16057942E-003
     0.52367789E+000    -0.59069648E-003     0.19208882E-004    -0.24291245E+001     0.53259321E+001    -0.26196501E-004     0.16164778E-003
     0.52404538E+000    -0.58837455E-003     0.15225867E-004    -0.24492521E+001     0.53138066E+001    -0.24942639E-004     0.16271267E-003
     0.52441287E+000    -0.58602676E-003     0.11293518E-004    -0.24692654E+001     0.53015373E+001    -0.23660671E-004     0.16377344E-003
     0.52478037E+000    -0.58365407E-003     0.74117553E-005    -0.24891628E+001     0.52891258E+001    -0.22350131E-004     0.16482943E-003
     0.52514786E+000    -0.58125745E-003     0.35804812E-005    -0.25089429E+001     0.52765735E+001    -0.21010560E-004     0.16587996E-003
     0.52551535E+000    -0.57883787E-003    -0.20041971E-006    -0.25286043E+001     0.52638821E+001    -0.19641509E-004     0.16692431E-003
     0.52588285E+000    -0.57639624E-003    -0.39310795E-005    -0.25481457E+001     0.52510532E+001    -0.18242537E-004     0.16796170E-003
     0.52625034E+000    -0.57393350E-003    -0.76116465E-005    -0.25675657E+001     0.52380884E+001    -0.16813216E-004     0.16899137E-003
     0.52661783E+000    -0.57145057E-003    -0.11242285E-004    -0.25868629E+001     0.52249892E+001    -0.15353133E-004     0.17001250E-003
     0.52698533E+000    -0.56894834E-003    -0.14823175E-004    -0.26060362E+001     0.52117574E+001    -0.13861886E-004     0.17102423E-003
     0.52735282E+000    -0.56642769E-003    -0.18354509E-004    -0.26250843E+001     0.51983946E+001    -0.12339092E-004     0.17202567E-003
     0.52772031E+000    -0.56388950E-003    -0.21836497E-004    -0.26440058E+001     0.51849024E+001    -0.10784386E-004     0.17301591E-003
     0.52808781E+000    -0.56133461E-003    -0.25269359E-004    -0.26627997E+001     0.51712826E+001    -0.91974228E-005     0.17399401E-003
     0.52845530E+000    -0.55876388E-003    -0.28653332E-004    -0.26814647E+001     0.51575369E+001    -0.75778804E-005     0.17495896E-003
     0.52882279E+000    -0.55617812E-003    -0.31988661E-004    -0.26999998E+001     0.51436669E+001    -0.59254599E-005     0.17590976E-003
     0.52919029E+000    -0.55357816E-003    -0.35275607E-004    -0.27184036E+001     0.51296745E+001    -0.42398891E-005     0.17684535E-003
     0.52955778E+000    -0.55096478E-003    -0.38514440E-004    -0.27366753E+001     0.51155612E+001    -0.25209245E-005     0.17776463E-003
     0.52992527E+000    -0.54833877E-003    -0.41705443E-004    -0.27548137E+001     0.51013290E+001    -0.76835315E-006     0.17866649E-003
     0.53029277E+000    -0.54570090E-003    -0.44848906E-004    -0.27728178E+001     0.50869795E+001     0.10180046E-005     0.17954977E-003
     0.53066026E+000    -0.54305192E-003    -0.47945134E-004    -0.27906866E+001     0.50725145E+001     0.28382929E-005     0.18041328E-003
     0.53102775E+000    -0.54039258E-003    -0.50994437E-004    -0.28084191E+001     0.50579358E+001     0.46926177E-005     0.18125579E-003
     0.53139525E+000    -0.53772359E-003    -0.53997138E-004    -0.28260144E+001     0.50432451E+001     0.65810446E-005     0.18207605E-003
     0.53176274E+000    -0.53504566E-003    -0.56953564E-004    -0.28434716E+001     0.50284444E+001     0.85035958E-005     0.18287277E-003
     0.53213023E+000    -0.53235950E-003    -0.59864055E-004    -0.28607897E+001     0.50135353E+001     0.10460248E-004     0.18364464E-003
     0.53249773E+000    -0.52966577E-003    -0.62728955E-004    -0.28779679E+001     0.49985197E+001     0.12450929E-004     0.18439031E-003
     0.53286522E+000    -0.52696515E-003    -0.65548617E-004    -0.28950055E+001     0.49833994E+001     0.14475516E-004     0.18510840E-003
     0.53323271E+000    -0.52425829E-003    -0.68323402E-004    -0.29119016E+001     0.49681762E+001     0.16533832E-004     0.18579752E-003
     0.53360020E+000    -0.52154583E-003    -0.71053675E-004    -0.29286553E+001     0.49528520E+001     0.18625644E-004     0.18645624E-003
     0.53396770E+000    -0.51882838E-003    -0.73739807E-004    -0.29452661E+001     0.49374286E+001     0.20750658E-004     0.18708312E-003
     0.53433519E+000    -0.51610656E-003    -0.76382178E-004    -0.29617332E+001     0.49219078E+001     0.22908521E-004     0.18767668E-003
     0.53470268E+000    -0.51338097E-003    -0.78981170E-004    -0.29780559E+001     0.49062915E+001     0.25098813E-004     0.18823545E-003
     0.53507018E+000    -0.51065217E-003    -0.81537171E-004    -0.29942335E+001     0.48905815E+001     0.27321049E-004     0.18875792E-003
     0.53543767E+000    -0.50792075E-003    -0.84050573E-004    -0.30102655E+001     0.48747797E+001     0.29574672E-004     0.18924259E-003
     0.53580516E+000    -0.50518724E-003    -0.86521774E-004    -0.30261512E+001     0.48588879E+001     0.31859055E-004     0.18968793E-003
     0.53617266E+000    -0.50245220E-003    -0.88951174E-004    -0.30418901E+001     0.48429080E+001     0.34173498E-004     0.19009242E-003
     0.53654015E+000    -0.49971615E-003    -0.91339176E-004    -0.30574817E+001     0.48268418E+001     0.36517221E-004     0.19045454E-003
     0.53690764E+000    -0.49697960E-003    -0.93686188E-004    -0.30729254E+001     0.48106911E+001     0.38889370E-004     0.19077275E-003
     0.53727514E+000    -0.49424305E-003    -0.95992620E-004    -0.30882208E+001     0.47944579E+001     0.41289007E-004     0.19104555E-003
     0.53764263E+000    -0.49150698E-003    -0.98258885E-004    -0.31033674E+001     0.47781440E+001     0.43715117E-004     0.19127141E-003
     0.53801012E+000    -0.48877188E-003    -0.10048540E-003    -0.31183648E+001     0.47617512E+001     0.46166598E-004     0.19144885E-003
     0.53837762E+000    -0.48603820E-003    -0.10267257E-003    -0.31332126E+001     0.47452815E+001     0.48642266E-004     0.19157640E-003
     0.53874511E+000    -0.48330640E-003    -0.10482083E-003    -0.31479105E+001     0.47287365E+001     0.51140852E-004     0.19165260E-003
     0.53911260E+000    -0.48057690E-003    -0.10693060E-003    -0.31624580E+001     0.47121183E+001     0.53661003E-004     0.19167604E-003
     0.53948010E+000    -0.47785014E-003    -0.10900228E-003    -0.31768550E+001     0.46954286E+001     0.56201279E-004     0.19164534E-003
     0.53984759E+000    -0.47512652E-003    -0.11103632E-003    -0.31911011E+001     0.46786692E+001     0.58760155E-004     0.19155915E-003
     0.54021508E+000    -0.47240644E-003    -0.11303312E-003    -0.32051961E+001     0.46618421E+001     0.61336022E-004     0.19141617E-003
     0.54058258E+000    -0.46969030E-003    -0.11499311E-003    -0.32191397E+001     0.46449490E+001     0.63927187E-004     0.19121517E-003
     0.54095007E+000    -0.46697848E-003    -0.11691672E-003    -0.32329317E+001     0.46279918E+001     0.66531875E-004     0.19095494E-003
     0.54131756E+000    -0.46427133E-003    -0.11880437E-003    -0.32465720E+001     0.46109722E+001     0.69148229E-004     0.19063438E-003
     0.54168506E+000    -0.46156921E-003    -0.12065648E-003    -0.32600605E+001     0.45938922E+001     0.71774316E-004     0.19025242E-003
     0.54205255E+000    -0.45887247E-003    -0.12247348E-003    -0.32733969E+001     0.45767535E+001     0.74408125E-004     0.18980809E-003
     0.54242004E+000    -0.45618144E-003    -0.12425578E-003    -0.32865813E+001     0.45595579E+001     0.77047573E-004     0.18930049E-003
     0.54278754E+000    -0.45349645E-003    -0.12600381E-003    -0.32996135E+001     0.45423073E+001     0.79690508E-004     0.18872880E-003
     0.54315503E+000    -0.45081780E-003    -0.12771799E-003    -0.33124935E+001     0.45250033E+001     0.82334714E-004     0.18809230E-003
     0.54352252E+000    -0.44814580E-003    -0.12939874E-003    -0.33252213E+001     0.45076479E+001     0.84977913E-004     0.18739036E-003
     0.54389002E+000    -0.44548073E-003    -0.13104647E-003    -0.33377969E+001     0.44902427E+001     0.87617770E-004     0.18662247E-003
     0.54425751E+000    -0.44282290E-003    -0.13266161E-003    -0.33502202E+001     0.44727896E+001     0.90251902E-004     0.18578820E-003
     0.54462500E+000    -0.44017256E-003    -0.13424456E-003    -0.33624915E+001     0.44552902E+001     0.92877881E-004     0.18488726E-003
     0.54499250E+000    -0.43752998E-003    -0.13579575E-003    -0.33746107E+001     0.44377464E+001     0.95493240E-004     0.18391944E-003
     0.54535999E+000    -0.43489541E-003    -0.13731558E-003    -0.33865780E+001     0.44201599E+001     0.98095479E-004     0.18288468E-003
     0.54572748E+000    -0.43226910E-003    -0.13880446E-003    -0.33983934E+001     0.44025324E+001     0.10068207E-003     0.18178302E-003
     0.54609498E+000    -0.42965129E-003    -0.14026279E-003    -0.34100572E+001     0.43848656E+001     0.10325048E-003     0.18061463E-003
     0.54646247E+000    -0.42704220E-003    -0.14169100E-003    -0.34215694E+001     0.43671612E+001     0.10579816E-003     0.17937983E-003
     0.54682996E+000    -0.42444206E-003    -0.14308947E-003    -0.34329304E+001     0.43494210E+001     0.10832254E-003     0.17807902E-003
     0.54719746E+000    -0.42185107E-003    -0.14445860E-003    -0.34441402E+001     0.43316466E+001     0.11082108E-003     0.17671278E-003
     0.54756495E+000    -0.41926944E-003    -0.14579880E-003    -0.34551993E+001     0.43138396E+001     0.11329124E-003     0.17528178E-003
     0.54793244E+000    -0.41669735E-003    -0.14711046E-003    -0.34661077E+001     0.42960018E+001     0.11573052E-003     0.17378685E-003
     0.54829994E+000    -0.41413501E-003    -0.14839397E-003    -0.34768658E+001     0.42781348E+001     0.11813642E-003     0.17222892E-003
     0.54866743E+000    -0.41158259E-003    -0.14964973E-003    -0.34874739E+001     0.42602403E+001     0.12050650E-003     0.17060909E-003
     0.54903492E+000    -0.40904025E-003    -0.15087811E-003    -0.34979322E+001     0.42423198E+001     0.12283835E-003     0.16892854E-003
     0.54940241E+000    -0.40650817E-003    -0.15207950E-003    -0.35082413E+001     0.42243750E+001     0.12512965E-003     0.16718860E-003
     0.54976991E+000    -0.40398650E-003    -0.15325429E-003    -0.35184013E+001     0.42064074E+001     0.12737809E-003     0.16539071E-003
     0.55013740E+000    -0.40147539E-003    -0.15440285E-003    -0.35284127E+001     0.41884188E+001     0.12958148E-003     0.16353645E-003
     0.55050489E+000    -0.39897499E-003    -0.15552555E-003    -0.35382760E+001     0.41704105E+001     0.13173767E-003     0.16162747E-003
     0.55087239E+000    -0.39648543E-003    -0.15662276E-003    -0.35479914E+001     0.41523842E+001     0.13384461E-003     0.15966556E-003
     0.55123988E+000    -0.39400685E-003    -0.15769486E-003    -0.35575594E+001     0.41343415E+001     0.13590034E-003     0.15765260E-003
     0.55160737E+000    -0.39153936E-003    -0.15874221E-003    -0.35669806E+001     0.41162838E+001     0.13790301E-003     0.15559057E-003
     0.55197487E+000    -0.38908310E-003    -0.15976517E-003    -0.35762553E+001     0.40982127E+001     0.13985085E-003     0.15348155E-003
     0.55234236E+000    -0.38663816E-003    -0.16076409E-003    -0.35853840E+001     0.40801297E+001     0.14174220E-003     0.15132768E-003
     0.55270985E+000    -0.38420465E-003    -0.16173934E-003    -0.35943673E+001     0.40620362E+001     0.14357554E-003     0.14913119E-003
     0.55307735E+000    -0.38178268E-003    -0.16269126E-003    -0.36032057E+001     0.40439338E+001     0.14534944E-003     0.14689437E-003
     0.55344484E+000    -0.37937234E-003    -0.16362020E-003    -0.36118997E+001     0.40258238E+001     0.14706260E-003     0.14461959E-003
     0.55381233E+000    -0.37697373E-003    -0.16452650E-003    -0.36204499E+001     0.40077078E+001     0.14871385E-003     0.14230925E-003
     0.55417983E+000    -0.37458691E-003    -0.16541051E-003    -0.36288568E+001     0.39895871E+001     0.15030214E-003     0.13996581E-003
     0.55454732E+000    -0.37221198E-003    -0.16627256E-003    -0.36371210E+001     0.39714632E+001     0.15182655E-003     0.13759175E-003
     0.55491481E+000    -0.36984901E-003    -0.16711299E-003    -0.36452431E+001     0.39533375E+001     0.15328629E-003     0.13518960E-003
     0.55528231E+000    -0.36749807E-003    -0.16793212E-003    -0.36532238E+001     0.39352113E+001     0.15468069E-003     0.13276189E-003
     0.55564980E+000    -0.36515921E-003    -0.16873028E-003    -0.36610636E+001     0.39170860E+001     0.15600922E-003     0.13031117E-003
     0.55601729E+000    -0.36283251E-003    -0.16950780E-003    -0.36687632E+001     0.38989629E+001     0.15727149E-003     0.12784000E-003
     0.55638479E+000    -0.36051802E-003    -0.17026499E-003    -0.36763232E+001     0.38808434E+001     0.15846721E-003     0.12535092E-003
     0.55675228E+000    -0.35821579E-003    -0.17100217E-003    -0.36837444E+001     0.38627288E+001     0.15959624E-003     0.12284649E-003
     0.55711977E+000    -0.35592586E-003    -0.17171966E-003    -0.36910274E+001     0.38446204E+001     0.16065855E-003     0.12032920E-003
     0.55748727E+000    -0.35364828E-003    -0.17241775E-003    -0.36981728E+001     0.38265195E+001     0.16165424E-003     0.11780157E-003
     0.55785476E+000    -0.35138308E-003    -0.17309675E-003    -0.37051814E+001     0.38084272E+001     0.16258352E-003     0.11526603E-003
     0.55822225E+000    -0.34913031E-003    -0.17375697E-003    -0.37120539E+001     0.37903450E+001     0.16344671E-003     0.11272503E-003
     0.55858975E+000    -0.34688999E-003    -0.17439870E-003    -0.37187911E+001     0.37722740E+001     0.16424426E-003     0.11018093E-003
     0.55895724E+000    -0.34466215E-003    -0.17502223E-003    -0.37253936E+001     0.37542154E+001     0.16497670E-003     0.10763604E-003
     0.55932473E+000    -0.34244682E-003    -0.17562786E-003    -0.37318622E+001     0.37361704E+001     0.16564468E-003     0.10509265E-003
     0.55969223E+000    -0.34024401E-003    -0.17621587E-003    -0.37381977E+001     0.37181402E+001     0.16624892E-003     0.10255295E-003
     0.56005972E+000    -0.33805374E-003    -0.17678655E-003    -0.37444008E+001     0.37001260E+001     0.16679027E-003     0.10001909E-003
     0.56042721E+000    -0.33587603E-003    -0.17734018E-003    -0.37504723E+001     0.36821289E+001     0.16726963E-003     0.97493125E-004
     0.56079471E+000    -0.33371089E-003    -0.17787702E-003    -0.37564130E+001     0.36641500E+001     0.16768799E-003     0.94977063E-004
     0.56116220E+000    -0.33155832E-003    -0.17839736E-003    -0.37622236E+001     0.36461906E+001     0.16804642E-003     0.92472821E-004
     0.56152969E+000    -0.32941833E-003    -0.17890146E-003    -0.37679051E+001     0.36282515E+001     0.16834604E-003     0.89982242E-004
     0.56189719E+000    -0.32729092E-003    -0.17938959E-003    -0.37734582E+001     0.36103341E+001     0.16858806E-003     0.87507087E-004
     0.56226468E+000    -0.32517608E-003    -0.17986201E-003    -0.37788836E+001     0.35924392E+001     0.16877373E-003     0.85049036E-004
     0.56263217E+000    -0.32307383E-003    -0.18031897E-003    -0.37841823E+001     0.35745680E+001     0.16890433E-003     0.82609683E-004
     0.56299967E+000    -0.32098415E-003    -0.18076074E-003    -0.37893551E+001     0.35567215E+001     0.16898123E-003     0.80190542E-004
     0.56336716E+000    -0.31890702E-003    -0.18118757E-003    -0.37944028E+001     0.35389006E+001     0.16900581E-003     0.77793038E-004
     0.56373465E+000    -0.31684245E-003    -0.18159970E-003    -0.37993262E+001     0.35211065E+001     0.16897948E-003     0.75418514E-004
     0.56410214E+000    -0.31479041E-003    -0.18199738E-003    -0.38041263E+001     0.35033401E+001     0.16890370E-003     0.73068225E-004
     0.56446964E+000    -0.31275090E-003    -0.18238085E-003    -0.38088038E+001     0.34856023E+001     0.16877994E-003     0.70743347E-004
     0.56483713E+000    -0.31072389E-003    -0.18275034E-003    -0.38133597E+001     0.34678941E+001     0.16860969E-003     0.68444967E-004
     0.56520462E+000    -0.30870936E-003    -0.18310610E-003    -0.38177947E+001     0.34502164E+001     0.16839445E-003     0.66174094E-004
     0.56557212E+000    -0.30670729E-003    -0.18344836E-003    -0.38221099E+001     0.34325702E+001     0.16813575E-003     0.63931654E-004
     0.56593961E+000    -0.30471766E-003    -0.18377734E-003    -0.38263059E+001     0.34149563E+001     0.16783510E-003     0.61718495E-004
     0.56630710E+000    -0.30274044E-003    -0.18409328E-003    -0.38303839E+001     0.33973757E+001     0.16749403E-003     0.59535388E-004
     0.56667460E+000    -0.30077561E-003    -0.18439638E-003    -0.38343445E+001     0.33798291E+001     0.16711405E-003     0.57383027E-004
     0.56704209E+000    -0.29882312E-003    -0.18468687E-003    -0.38381888E+001     0.33623175E+001     0.16669668E-003     0.55262034E-004
     0.56740958E+000    -0.29688296E-003    -0.18496498E-003    -0.38419176E+001     0.33448416E+001     0.16624343E-003     0.53172958E-004
     0.56777708E+000    -0.29495510E-003    -0.18523090E-003    -0.38455318E+001     0.33274024E+001     0.16575579E-003     0.51116283E-004
     0.56814457E+000    -0.29303948E-003    -0.18548485E-003    -0.38490324E+001     0.33100005E+001     0.16523523E-003     0.49092424E-004
     0.56851206E+000    -0.29113609E-003    -0.18572704E-003    -0.38524201E+001     0.32926369E+001     0.16468322E-003     0.47101732E-004
     0.56887956E+000    -0.28924488E-003    -0.18595768E-003    -0.38556960E+001     0.32753122E+001     0.16410120E-003     0.45144500E-004
     0.56924705E+000    -0.28736581E-003    -0.18617695E-003    -0.38588610E+001     0.32580272E+001     0.16349059E-003     0.43220959E-004
     0.56961454E+000    -0.28549884E-003    -0.18638506E-003    -0.38619159E+001     0.32407827E+001     0.16285277E-003     0.41331286E-004
     0.56998204E+000    -0.28364394E-003    -0.18658221E-003    -0.38648616E+001     0.32235793E+001     0.16218911E-003     0.39475606E-004
     0.57034953E+000    -0.28180106E-003    -0.18676859E-003    -0.38676992E+001     0.32064178E+001     0.16150096E-003     0.37653992E-004
     0.57071702E+000    -0.27997015E-003    -0.18694438E-003    -0.38704295E+001     0.31892990E+001     0.16078963E-003     0.35866469E-004
     0.57108452E+000    -0.27815117E-003    -0.18710978E-003    -0.38730534E+001     0.31722234E+001     0.16005639E-003     0.34113019E-004
     0.57145201E+000    -0.27634408E-003    -0.18726496E-003    -0.38755719E+001     0.31551917E+001     0.15930250E-003     0.32393580E-004
     0.57181950E+000    -0.27454882E-003    -0.18741011E-003    -0.38779859E+001     0.31382046E+001     0.15852918E-003     0.30708050E-004
     0.57218700E+000    -0.27276536E-003    -0.18754541E-003    -0.38802962E+001     0.31212627E+001     0.15773760E-003     0.29056290E-004
     0.57255449E+000    -0.27099363E-003    -0.18767104E-003    -0.38825039E+001     0.31043666E+001     0.15692892E-003     0.27438126E-004
     0.57292198E+000    -0.26923359E-003    -0.18778715E-003    -0.38846098E+001     0.30875170E+001     0.15610426E-003     0.25853352E-004
     0.57328948E+000    -0.26748520E-003    -0.18789394E-003    -0.38866149E+001     0.30707144E+001     0.15526471E-003     0.24301730E-004
     0.57365697E+000    -0.26574839E-003    -0.18799155E-003    -0.38885201E+001     0.30539594E+001     0.15441131E-003     0.22782996E-004
     0.57402446E+000    -0.26402312E-003    -0.18808017E-003    -0.38903263E+001     0.30372526E+001     0.15354508E-003     0.21296860E-004
     0.57439196E+000    -0.26230933E-003    -0.18815995E-003    -0.38920344E+001     0.30205945E+001     0.15266700E-003     0.19843006E-004
     0.57475945E+000    -0.26060697E-003    -0.18823105E-003    -0.38936454E+001     0.30039857E+001     0.15177803E-003     0.18421098E-004
     0.57512694E+000    -0.25891598E-003    -0.18829363E-003    -0.38951602E+001     0.29874266E+001     0.15087907E-003     0.17030781E-004
     0.57549444E+000    -0.25723631E-003    -0.18834785E-003    -0.38965797E+001     0.29709178E+001     0.14997102E-003     0.15671680E-004
     0.57586193E+000    -0.25556791E-003    -0.18839385E-003    -0.38979049E+001     0.29544598E+001     0.14905471E-003     0.14343406E-004
     0.57622942E+000    -0.25391071E-003    -0.18843180E-003    -0.38991365E+001     0.29380531E+001     0.14813097E-003     0.13045553E-004
     0.57659692E+000    -0.25226467E-003    -0.18846183E-003    -0.39002756E+001     0.29216981E+001     0.14720058E-003     0.11777704E-004
     0.57696441E+000    -0.25062972E-003    -0.18848410E-003    -0.39013231E+001     0.29053953E+001     0.14626430E-003     0.10539430E-004
     0.57733190E+000    -0.24900580E-003    -0.18849874E-003    -0.39022799E+001     0.28891451E+001     0.14532285E-003     0.93302912E-005
     0.57769940E+000    -0.24739286E-003    -0.18850590E-003    -0.39031469E+001     0.28729480E+001     0.14437692E-003     0.81498403E-005
     0.57806689E+000    -0.24579084E-003    -0.18850572E-003    -0.39039249E+001     0.28568043E+001     0.14342718E-003     0.69976223E-005
     0.57843438E+000    -0.24419968E-003    -0.18849834E-003    -0.39046150E+001     0.28407145E+001     0.14247425E-003     0.58731759E-005
     0.57880188E+000    -0.24261931E-003    -0.18848389E-003    -0.39052180E+001     0.28246790E+001     0.14151875E-003     0.47760350E-005
     0.57916937E+000    -0.24104969E-003    -0.18846250E-003    -0.39057348E+001     0.28086982E+001     0.14056126E-003     0.37057294E-005
     0.57953686E+000    -0.23949075E-003    -0.18843431E-003    -0.39061664E+001     0.27927723E+001     0.13960232E-003     0.26617861E-005
     0.57990435E+000    -0.23794243E-003    -0.18839943E-003    -0.39065135E+001     0.27769019E+001     0.13864247E-003     0.16437301E-005
     0.58027185E+000    -0.23640467E-003    -0.18835801E-003    -0.39067771E+001     0.27610871E+001     0.13768221E-003     0.65108518E-006
     0.58063934E+000    -0.23487741E-003    -0.18831016E-003    -0.39069582E+001     0.27453284E+001     0.13672201E-003    -0.31662513E-006
     0.58100683E+000    -0.23336059E-003    -0.18825601E-003    -0.39070575E+001     0.27296261E+001     0.13576233E-003    -0.12598769E-005
     0.58137433E+000    -0.23185414E-003    -0.18819567E-003    -0.39070759E+001     0.27139804E+001     0.13480359E-003    -0.21791451E-005
     0.58174182E+000    -0.23035801E-003    -0.18812928E-003    -0.39070144E+001     0.26983918E+001     0.13384622E-003    -0.30749028E-005
     0.58210931E+000    -0.22887213E-003    -0.18805693E-003    -0.39068738E+001     0.26828604E+001     0.13289059E-003    -0.39476210E-005
     0.58247681E+000    -0.22739645E-003    -0.18797875E-003    -0.39066550E+001     0.26673865E+001     0.13193706E-003    -0.47977675E-005
     0.58284430E+000    -0.22593090E-003    -0.18789486E-003    -0.39063589E+001     0.26519705E+001     0.13098600E-003    -0.56258068E-005
     0.58321179E+000    -0.22447542E-003    -0.18780535E-003    -0.39059863E+001     0.26366125E+001     0.13003772E-003    -0.64321996E-005
     0.58357929E+000    -0.22302994E-003    -0.18771035E-003    -0.39055381E+001     0.26213129E+001     0.12909254E-003    -0.72174024E-005
     0.58394678E+000    -0.22159441E-003    -0.18760996E-003    -0.39050151E+001     0.26060718E+001     0.12815074E-003    -0.79818669E-005
     0.58431427E+000    -0.22016876E-003    -0.18750428E-003    -0.39044182E+001     0.25908894E+001     0.12721261E-003    -0.87260399E-005
     0.58468177E+000    -0.21875294E-003    -0.18739342E-003    -0.39037482E+001     0.25757661E+001     0.12627839E-003    -0.94503629E-005
     0.58504926E+000    -0.21734687E-003    -0.18727749E-003    -0.39030061E+001     0.25607019E+001     0.12534833E-003    -0.10155272E-004
     0.58541675E+000    -0.21595050E-003    -0.18715657E-003    -0.39021925E+001     0.25456971E+001     0.12442266E-003    -0.10841197E-004
     0.58578425E+000    -0.21456377E-003    -0.18703079E-003    -0.39013084E+001     0.25307519E+001     0.12350159E-003    -0.11508563E-004
     0.58615174E+000    -0.21318661E-003    -0.18690022E-003    -0.39003546E+001     0.25158665E+001     0.12258532E-003    -0.12157787E-004
     0.58651923E+000    -0.21181897E-003    -0.18676497E-003    -0.38993320E+001     0.25010409E+001     0.12167403E-003    -0.12789281E-004
     0.58688673E+000    -0.21046077E-003    -0.18662513E-003    -0.38982412E+001     0.24862754E+001     0.12076790E-003    -0.13403450E-004
     0.58725422E+000    -0.20911196E-003    -0.18648079E-003    -0.38970832E+001     0.24715702E+001     0.11986708E-003    -0.14000693E-004
     0.58762171E+000    -0.20777248E-003    -0.18633205E-003    -0.38958588E+001     0.24569253E+001     0.11897173E-003    -0.14581402E-004
     0.58798921E+000    -0.20644227E-003    -0.18617899E-003    -0.38945688E+001     0.24423409E+001     0.11808198E-003    -0.15145962E-004
     0.58835670E+000    -0.20512126E-003    -0.18602171E-003    -0.38932140E+001     0.24278171E+001     0.11719796E-003    -0.15694751E-004
     0.58872419E+000    -0.20380939E-003    -0.18586029E-003    -0.38917951E+001     0.24133541E+001     0.11631978E-003    -0.16228140E-004
     0.58909169E+000    -0.20250660E-003    -0.18569482E-003    -0.38903130E+001     0.23989519E+001     0.11544756E-003    -0.16746495E-004
     0.58945918E+000    -0.20121284E-003    -0.18552537E-003    -0.38887685E+001     0.23846106E+001     0.11458139E-003    -0.17250172E-004
     0.58982667E+000    -0.19992803E-003    -0.18535204E-003    -0.38871623E+001     0.23703303E+001     0.11372136E-003    -0.17739523E-004
     0.59019417E+000    -0.19865212E-003    -0.18517491E-003    -0.38854952E+001     0.23561111E+001     0.11286754E-003    -0.18214892E-004
     0.59056166E+000    -0.19738506E-003    -0.18499404E-003    -0.38837680E+001     0.23419532E+001     0.11202002E-003    -0.18676614E-004
     0.59092915E+000    -0.19612677E-003    -0.18480954E-003    -0.38819815E+001     0.23278564E+001     0.11117886E-003    -0.19125022E-004
     0.59129665E+000    -0.19487719E-003    -0.18462146E-003    -0.38801363E+001     0.23138210E+001     0.11034410E-003    -0.19560437E-004
     0.59166414E+000    -0.19363628E-003    -0.18442989E-003    -0.38782334E+001     0.22998469E+001     0.10951582E-003    -0.19983177E-004
     0.59203163E+000    -0.19240397E-003    -0.18423490E-003    -0.38762734E+001     0.22859342E+001     0.10869404E-003    -0.20393551E-004
     0.59239913E+000    -0.19118019E-003    -0.18403657E-003    -0.38742571E+001     0.22720829E+001     0.10787881E-003    -0.20791863E-004
     0.59276662E+000    -0.18996489E-003    -0.18383496E-003    -0.38721851E+001     0.22582932E+001     0.10707015E-003    -0.21178410E-004
     0.59313411E+000    -0.18875802E-003    -0.18363016E-003    -0.38700584E+001     0.22445649E+001     0.10626811E-003    -0.21553481E-004
     0.59350161E+000    -0.18755950E-003    -0.18342222E-003    -0.38678775E+001     0.22308981E+001     0.10547268E-003    -0.21917361E-004
     0.59386910E+000    -0.18636929E-003    -0.18321122E-003    -0.38656432E+001     0.22172928E+001     0.10468391E-003    -0.22270327E-004
     0.59423659E+000    -0.18518733E-003    -0.18299723E-003    -0.38633562E+001     0.22037490E+001     0.10390178E-003    -0.22612650E-004
     0.59460409E+000    -0.18401355E-003    -0.18278031E-003    -0.38610173E+001     0.21902668E+001     0.10312632E-003    -0.22944595E-004
     0.59497158E+000    -0.18284789E-003    -0.18256052E-003    -0.38586271E+001     0.21768460E+001     0.10235752E-003    -0.23266422E-004
     0.59533907E+000    -0.18169031E-003    -0.18233794E-003    -0.38561863E+001     0.21634868E+001     0.10159538E-003    -0.23578384E-004
     0.59570656E+000    -0.18054075E-003    -0.18211262E-003    -0.38536957E+001     0.21501890E+001     0.10083990E-003    -0.23880727E-004
     0.59607406E+000    -0.17939913E-003    -0.18188463E-003    -0.38511559E+001     0.21369526E+001     0.10009108E-003    -0.24173694E-004
     0.59644155E+000    -0.17826542E-003    -0.18165403E-003    -0.38485676E+001     0.21237777E+001     0.99348885E-004    -0.24457520E-004
     0.59680904E+000    -0.17713955E-003    -0.18142088E-003    -0.38459316E+001     0.21106641E+001     0.98613317E-004    -0.24732436E-004
     0.59717654E+000    -0.17602147E-003    -0.18118523E-003    -0.38432484E+001     0.20976119E+001     0.97884353E-004    -0.24998665E-004
     0.59754403E+000    -0.17491112E-003    -0.18094715E-003    -0.38405187E+001     0.20846209E+001     0.97161974E-004    -0.25256428E-004
     0.59791152E+000    -0.17380845E-003    -0.18070669E-003    -0.38377433E+001     0.20716912E+001     0.96446156E-004    -0.25505939E-004
     0.59827902E+000    -0.17271339E-003    -0.18046391E-003    -0.38349227E+001     0.20588226E+001     0.95736873E-004    -0.25747407E-004
     0.59864651E+000    -0.17162590E-003    -0.18021886E-003    -0.38320576E+001     0.20460151E+001     0.95034097E-004    -0.25981036E-004
     0.59901400E+000    -0.17054591E-003    -0.17997160E-003    -0.38291487E+001     0.20332687E+001     0.94337799E-004    -0.26207024E-004
     0.59938150E+000    -0.16947338E-003    -0.17972218E-003    -0.38261966E+001     0.20205832E+001     0.93647945E-004    -0.26425567E-004
     0.59974899E+000    -0.16840826E-003    -0.17947065E-003    -0.38232019E+001     0.20079586E+001     0.92964503E-004    -0.26636853E-004
     0.60011648E+000    -0.16735048E-003    -0.17921707E-003    -0.38201653E+001     0.19953947E+001     0.92287436E-004    -0.26841067E-004
     0.60048398E+000    -0.16629999E-003    -0.17896149E-003    -0.38170874E+001     0.19828916E+001     0.91616708E-004    -0.27038390E-004
     0.60085147E+000    -0.16525674E-003    -0.17870395E-003    -0.38139688E+001     0.19704490E+001     0.90952278E-004    -0.27228998E-004
     0.60121896E+000    -0.16422068E-003    -0.17844450E-003    -0.38108101E+001     0.19580670E+001     0.90294108E-004    -0.27413061E-004
     0.60158646E+000    -0.16319175E-003    -0.17818320E-003    -0.38076119E+001     0.19457453E+001     0.89642156E-004    -0.27590748E-004
     0.60195395E+000    -0.16216991E-003    -0.17792009E-003    -0.38043749E+001     0.19334840E+001     0.88996380E-004    -0.27762220E-004
     0.60232144E+000    -0.16115509E-003    -0.17765521E-003    -0.38010996E+001     0.19212829E+001     0.88356735E-004    -0.27927638E-004
     0.60268894E+000    -0.16014725E-003    -0.17738861E-003    -0.37977866E+001     0.19091418E+001     0.87723177E-004    -0.28087156E-004
     0.60305643E+000    -0.15914634E-003    -0.17712034E-003    -0.37944365E+001     0.18970607E+001     0.87095661E-004    -0.28240926E-004
     0.60342392E+000    -0.15815230E-003    -0.17685044E-003    -0.37910499E+001     0.18850394E+001     0.86474140E-004    -0.28389094E-004
     0.60379142E+000    -0.15716508E-003    -0.17657895E-003    -0.37876274E+001     0.18730778E+001     0.85858567E-004    -0.28531805E-004
     0.60415891E+000    -0.15618464E-003    -0.17630592E-003    -0.37841695E+001     0.18611758E+001     0.85248894E-004    -0.28669199E-004
     0.60452640E+000    -0.15521092E-003    -0.17603139E-003    -0.37806768E+001     0.18493332E+001     0.84645074E-004    -0.28801411E-004
     0.60489390E+000    -0.15424388E-003    -0.17575540E-003    -0.37771498E+001     0.18375500E+001     0.84047056E-004    -0.28928577E-004
     0.60526139E+000    -0.15328346E-003    -0.17547798E-003    -0.37735891E+001     0.18258259E+001     0.83454793E-004    -0.29050824E-004
     0.60562888E+000    -0.15232961E-003    -0.17519919E-003    -0.37699953E+001     0.18141608E+001     0.82868233E-004    -0.29168280E-004
     0.60599638E+000    -0.15138229E-003    -0.17491905E-003    -0.37663689E+001     0.18025547E+001     0.82287328E-004    -0.29281068E-004
     0.60636387E+000    -0.15044145E-003    -0.17463761E-003    -0.37627104E+001     0.17910072E+001     0.81712026E-004    -0.29389308E-004
     0.60673136E+000    -0.14950703E-003    -0.17435491E-003    -0.37590203E+001     0.17795183E+001     0.81142277E-004    -0.29493118E-004
     0.60709886E+000    -0.14857900E-003    -0.17407097E-003    -0.37552993E+001     0.17680879E+001     0.80578029E-004    -0.29592611E-004
     0.60746635E+000    -0.14765730E-003    -0.17378584E-003    -0.37515477E+001     0.17567157E+001     0.80019233E-004    -0.29687899E-004
     0.60783384E+000    -0.14674188E-003    -0.17349956E-003    -0.37477662E+001     0.17454016E+001     0.79465837E-004    -0.29779090E-004
     0.60820134E+000    -0.14583270E-003    -0.17321215E-003    -0.37439552E+001     0.17341455E+001     0.78917789E-004    -0.29866291E-004
     0.60856883E+000    -0.14492972E-003    -0.17292366E-003    -0.37401152E+001     0.17229471E+001     0.78375039E-004    -0.29949603E-004
     0.60893632E+000    -0.14403288E-003    -0.17263411E-003    -0.37362468E+001     0.17118064E+001     0.77837534E-004    -0.30029129E-004
     0.60930382E+000    -0.14314213E-003    -0.17234354E-003    -0.37323504E+001     0.17007230E+001     0.77305224E-004    -0.30104965E-004
     0.60967131E+000    -0.14225745E-003    -0.17205198E-003    -0.37284265E+001     0.16896970E+001     0.76778058E-004    -0.30177206E-004
     0.61003880E+000    -0.14137877E-003    -0.17175947E-003    -0.37244756E+001     0.16787280E+001     0.76255985E-004    -0.30245947E-004
     0.61040629E+000    -0.14050605E-003    -0.17146604E-003    -0.37204983E+001     0.16678159E+001     0.75738952E-004    -0.30311278E-004
     0.61077379E+000    -0.13963926E-003    -0.17117171E-003    -0.37164948E+001     0.16569606E+001     0.75226911E-004    -0.30373286E-004
     0.61114128E+000    -0.13877833E-003    -0.17087652E-003    -0.37124658E+001     0.16461618E+001     0.74719809E-004    -0.30432059E-004
     0.61150877E+000    -0.13792324E-003    -0.17058050E-003    -0.37084117E+001     0.16354193E+001     0.74217597E-004    -0.30487679E-004
     0.61187627E+000    -0.13707393E-003    -0.17028367E-003    -0.37043330E+001     0.16247331E+001     0.73720224E-004    -0.30540229E-004
     0.61224376E+000    -0.13623036E-003    -0.16998607E-003    -0.37002300E+001     0.16141028E+001     0.73227639E-004    -0.30589789E-004
     0.61261125E+000    -0.13539250E-003    -0.16968772E-003    -0.36961033E+001     0.16035283E+001     0.72739794E-004    -0.30636437E-004
     0.61297875E+000    -0.13456029E-003    -0.16938866E-003    -0.36919533E+001     0.15930094E+001     0.72256639E-004    -0.30680247E-004
     0.61334624E+000    -0.13373369E-003    -0.16908890E-003    -0.36877805E+001     0.15825459E+001     0.71778124E-004    -0.30721294E-004
     0.61371373E+000    -0.13291266E-003    -0.16878848E-003    -0.36835852E+001     0.15721377E+001     0.71304200E-004    -0.30759649E-004
     0.61408123E+000    -0.13209717E-003    -0.16848742E-003    -0.36793680E+001     0.15617844E+001     0.70834819E-004    -0.30795384E-004
     0.61444872E+000    -0.13128716E-003    -0.16818575E-003    -0.36751291E+001     0.15514860E+001     0.70369931E-004    -0.30828566E-004
     0.61481621E+000    -0.13048260E-003    -0.16788350E-003    -0.36708691E+001     0.15412422E+001     0.69909490E-004    -0.30859262E-004
     0.61518371E+000    -0.12968344E-003    -0.16758068E-003    -0.36665884E+001     0.15310528E+001     0.69453448E-004    -0.30887537E-004
     0.61555120E+000    -0.12888965E-003    -0.16727733E-003    -0.36622874E+001     0.15209176E+001     0.69001756E-004    -0.30913454E-004
     0.61591869E+000    -0.12810118E-003    -0.16697346E-003    -0.36579664E+001     0.15108364E+001     0.68554369E-004    -0.30937074E-004
     0.61628619E+000    -0.12731799E-003    -0.16666910E-003    -0.36536260E+001     0.15008090E+001     0.68111239E-004    -0.30958459E-004
     0.61665368E+000    -0.12654005E-003    -0.16636428E-003    -0.36492664E+001     0.14908352E+001     0.67672320E-004    -0.30977667E-004
     0.61702117E+000    -0.12576731E-003    -0.16605901E-003    -0.36448881E+001     0.14809148E+001     0.67237566E-004    -0.30994754E-004
     0.61738867E+000    -0.12499974E-003    -0.16575333E-003    -0.36404915E+001     0.14710476E+001     0.66806933E-004    -0.31009777E-004
     0.61775616E+000    -0.12423730E-003    -0.16544724E-003    -0.36360770E+001     0.14612334E+001     0.66380373E-004    -0.31022790E-004
     0.61812365E+000    -0.12347994E-003    -0.16514078E-003    -0.36316448E+001     0.14514719E+001     0.65957844E-004    -0.31033846E-004
     0.61849115E+000    -0.12272763E-003    -0.16483396E-003    -0.36271955E+001     0.14417629E+001     0.65539301E-004    -0.31042997E-004
     0.61885864E+000    -0.12198033E-003    -0.16452681E-003    -0.36227294E+001     0.14321063E+001     0.65124699E-004    -0.31050292E-004
     0.61922613E+000    -0.12123801E-003    -0.16421934E-003    -0.36182468E+001     0.14225018E+001     0.64713995E-004    -0.31055781E-004
     0.61959363E+000    -0.12050062E-003    -0.16391158E-003    -0.36137481E+001     0.14129492E+001     0.64307147E-004    -0.31059512E-004
     0.61996112E+000    -0.11976813E-003    -0.16360354E-003    -0.36092337E+001     0.14034483E+001     0.63904111E-004    -0.31061531E-004
     0.62032861E+000    -0.11904050E-003    -0.16329525E-003    -0.36047039E+001     0.13939988E+001     0.63504846E-004    -0.31061884E-004
     0.62069611E+000    -0.11831770E-003    -0.16298672E-003    -0.36001591E+001     0.13846007E+001     0.63109309E-004    -0.31060616E-004
     0.62106360E+000    -0.11759968E-003    -0.16267797E-003    -0.35955996E+001     0.13752535E+001     0.62717459E-004    -0.31057769E-004
     0.62143109E+000    -0.11688642E-003    -0.16236903E-003    -0.35910258E+001     0.13659572E+001     0.62329256E-004    -0.31053385E-004
     0.62179859E+000    -0.11617787E-003    -0.16205990E-003    -0.35864380E+001     0.13567114E+001     0.61944658E-004    -0.31047507E-004
     0.62216608E+000    -0.11547401E-003    -0.16175060E-003    -0.35818365E+001     0.13475160E+001     0.61563625E-004    -0.31040173E-004
     0.62253357E+000    -0.11477479E-003    -0.16144116E-003    -0.35772216E+001     0.13383708E+001     0.61186118E-004    -0.31031423E-004
     0.62290107E+000    -0.11408018E-003    -0.16113159E-003    -0.35725938E+001     0.13292755E+001     0.60812097E-004    -0.31021295E-004
     0.62326856E+000    -0.11339015E-003    -0.16082191E-003    -0.35679533E+001     0.13202300E+001     0.60441524E-004    -0.31009826E-004
     0.62363605E+000    -0.11270466E-003    -0.16051213E-003    -0.35633003E+001     0.13112339E+001     0.60074360E-004    -0.30997053E-004
     0.62400355E+000    -0.11202367E-003    -0.16020227E-003    -0.35586354E+001     0.13022871E+001     0.59710567E-004    -0.30983010E-004
     0.62437104E+000    -0.11134717E-003    -0.15989234E-003    -0.35539587E+001     0.12933893E+001     0.59350108E-004    -0.30967732E-004
     0.62473853E+000    -0.11067510E-003    -0.15958236E-003    -0.35492705E+001     0.12845404E+001     0.58992944E-004    -0.30951254E-004
     0.62510603E+000    -0.11000743E-003    -0.15927235E-003    -0.35445712E+001     0.12757401E+001     0.58639040E-004    -0.30933607E-004
     0.62547352E+000    -0.10934415E-003    -0.15896232E-003    -0.35398611E+001     0.12669882E+001     0.58288359E-004    -0.30914823E-004
     0.62584101E+000    -0.10868520E-003    -0.15865228E-003    -0.35351404E+001     0.12582844E+001     0.57940865E-004    -0.30894935E-004
     0.62620850E+000    -0.10803056E-003    -0.15834225E-003    -0.35304094E+001     0.12496285E+001     0.57596523E-004    -0.30873971E-004
     0.62657600E+000    -0.10738019E-003    -0.15803224E-003    -0.35256685E+001     0.12410204E+001     0.57255297E-004    -0.30851962E-004
     0.62694349E+000    -0.10673407E-003    -0.15772228E-003    -0.35209179E+001     0.12324597E+001     0.56917152E-004    -0.30828937E-004
     0.62731098E+000    -0.10609216E-003    -0.15741236E-003    -0.35161579E+001     0.12239463E+001     0.56582055E-004    -0.30804924E-004
     0.62767848E+000    -0.10545444E-003    -0.15710250E-003    -0.35113888E+001     0.12154800E+001     0.56249971E-004    -0.30779951E-004
     0.62804597E+000    -0.10482086E-003    -0.15679272E-003    -0.35066109E+001     0.12070604E+001     0.55920866E-004    -0.30754043E-004
     0.62841346E+000    -0.10419140E-003    -0.15648303E-003    -0.35018243E+001     0.11986875E+001     0.55594708E-004    -0.30727229E-004
     0.62878096E+000    -0.10356602E-003    -0.15617344E-003    -0.34970295E+001     0.11903609E+001     0.55271464E-004    -0.30699532E-004
     0.62914845E+000    -0.10294470E-003    -0.15586397E-003    -0.34922266E+001     0.11820804E+001     0.54951101E-004    -0.30670978E-004
     0.62951594E+000    -0.10232741E-003    -0.15555462E-003    -0.34874159E+001     0.11738459E+001     0.54633587E-004    -0.30641591E-004
     0.62988344E+000    -0.10171412E-003    -0.15524541E-003    -0.34825976E+001     0.11656571E+001     0.54318891E-004    -0.30611396E-004
     0.63025093E+000    -0.10110479E-003    -0.15493635E-003    -0.34777721E+001     0.11575137E+001     0.54006981E-004    -0.30580414E-004
     0.63061842E+000    -0.10049940E-003    -0.15462744E-003    -0.34729396E+001     0.11494156E+001     0.53697827E-004    -0.30548669E-004
     0.63098592E+000    -0.99897911E-004    -0.15431871E-003    -0.34681002E+001     0.11413625E+001     0.53391398E-004    -0.30516183E-004
     0.63135341E+000    -0.99300304E-004    -0.15401017E-003    -0.34632544E+001     0.11333542E+001     0.53087663E-004    -0.30482977E-004
     0.63172090E+000    -0.98706546E-004    -0.15370181E-003    -0.34584022E+001     0.11253905E+001     0.52786594E-004    -0.30449072E-004
     0.63208840E+000    -0.98116609E-004    -0.15339366E-003    -0.34535440E+001     0.11174712E+001     0.52488160E-004    -0.30414488E-004
     0.63245589E+000    -0.97530464E-004    -0.15308572E-003    -0.34486799E+001     0.11095960E+001     0.52192332E-004    -0.30379246E-004
     0.63282338E+000    -0.96948082E-004    -0.15277801E-003    -0.34438102E+001     0.11017647E+001     0.51899082E-004    -0.30343365E-004
     0.63319088E+000    -0.96369436E-004    -0.15247052E-003    -0.34389352E+001     0.10939770E+001     0.51608382E-004    -0.30306863E-004
     0.63355837E+000    -0.95794499E-004    -0.15216329E-003    -0.34340550E+001     0.10862329E+001     0.51320203E-004    -0.30269760E-004
     0.63392586E+000    -0.95223242E-004    -0.15185630E-003    -0.34291699E+001     0.10785320E+001     0.51034518E-004    -0.30232074E-004
     0.63429336E+000    -0.94655638E-004    -0.15154958E-003    -0.34242801E+001     0.10708741E+001     0.50751298E-004    -0.30193821E-004
     0.63466085E+000    -0.94091660E-004    -0.15124312E-003    -0.34193858E+001     0.10632591E+001     0.50470519E-004    -0.30155020E-004
     0.63502834E+000    -0.93531282E-004    -0.15093695E-003    -0.34144873E+001     0.10556866E+001     0.50192151E-004    -0.30115686E-004
     0.63539584E+000    -0.92974476E-004    -0.15063106E-003    -0.34095847E+001     0.10481565E+001     0.49916170E-004    -0.30075838E-004
     0.63576333E+000    -0.92421216E-004    -0.15032548E-003    -0.34046782E+001     0.10406686E+001     0.49642549E-004    -0.30035489E-004
     0.63613082E+000    -0.91871476E-004    -0.15002019E-003    -0.33997681E+001     0.10332226E+001     0.49371262E-004    -0.29994657E-004
     0.63649832E+000    -0.91325230E-004    -0.14971522E-003    -0.33948545E+001     0.10258182E+001     0.49102284E-004    -0.29953355E-004
     0.63686581E+000    -0.90782452E-004    -0.14941057E-003    -0.33899376E+001     0.10184554E+001     0.48835591E-004    -0.29911600E-004
     0.63723330E+000    -0.90243116E-004    -0.14910625E-003    -0.33850178E+001     0.10111339E+001     0.48571156E-004    -0.29869405E-004
     0.63760080E+000    -0.89707198E-004    -0.14880227E-003    -0.33800950E+001     0.10038534E+001     0.48308956E-004    -0.29826785E-004
     0.63796829E+000    -0.89174671E-004    -0.14849863E-003    -0.33751696E+001     0.99661380E+000     0.48048966E-004    -0.29783754E-004
     0.63833578E+000    -0.88645511E-004    -0.14819535E-003    -0.33702417E+001     0.98941480E+000     0.47791163E-004    -0.29740324E-004
     0.63870328E+000    -0.88119692E-004    -0.14789242E-003    -0.33653115E+001     0.98225621E+000     0.47535522E-004    -0.29696509E-004
     0.63907077E+000    -0.87597192E-004    -0.14758985E-003    -0.33603792E+001     0.97513783E+000     0.47282022E-004    -0.29652322E-004
     0.63943826E+000    -0.87077984E-004    -0.14728766E-003    -0.33554450E+001     0.96805943E+000     0.47030637E-004    -0.29607775E-004
     0.63980576E+000    -0.86562045E-004    -0.14698585E-003    -0.33505090E+001     0.96102080E+000     0.46781347E-004    -0.29562881E-004
     0.64017325E+000    -0.86049351E-004    -0.14668443E-003    -0.33455714E+001     0.95402173E+000     0.46534128E-004    -0.29517652E-004
     0.64054074E+000    -0.85539878E-004    -0.14638340E-003    -0.33406324E+001     0.94706201E+000     0.46288959E-004    -0.29472098E-004
     0.64090824E+000    -0.85033602E-004    -0.14608276E-003    -0.33356922E+001     0.94014143E+000     0.46045817E-004    -0.29426232E-004
     0.64127573E+000    -0.84530501E-004    -0.14578253E-003    -0.33307510E+001     0.93325977E+000     0.45804680E-004    -0.29380064E-004
     0.64164322E+000    -0.84030550E-004    -0.14548271E-003    -0.33258088E+001     0.92641682E+000     0.45565528E-004    -0.29333606E-004
     0.64201071E+000    -0.83533726E-004    -0.14518331E-003    -0.33208659E+001     0.91961239E+000     0.45328339E-004    -0.29286867E-004
     0.64237821E+000    -0.83040008E-004    -0.14488433E-003    -0.33159224E+001     0.91284625E+000     0.45093092E-004    -0.29239858E-004
     0.64274570E+000    -0.82549372E-004    -0.14458578E-003    -0.33109785E+001     0.90611819E+000     0.44859768E-004    -0.29192590E-004
     0.64311319E+000    -0.82061795E-004    -0.14428766E-003    -0.33060344E+001     0.89942802E+000     0.44628344E-004    -0.29145071E-004
     0.64348069E+000    -0.81577256E-004    -0.14398999E-003    -0.33010901E+001     0.89277552E+000     0.44398803E-004    -0.29097312E-004
     0.64384818E+000    -0.81095732E-004    -0.14369275E-003    -0.32961459E+001     0.88616049E+000     0.44171122E-004    -0.29049322E-004
     0.64421567E+000    -0.80617201E-004    -0.14339597E-003    -0.32912019E+001     0.87958272E+000     0.43945284E-004    -0.29001109E-004
     0.64458317E+000    -0.80141641E-004    -0.14309963E-003    -0.32862583E+001     0.87304201E+000     0.43721268E-004    -0.28952683E-004
     0.64495066E+000    -0.79669032E-004    -0.14280376E-003    -0.32813151E+001     0.86653815E+000     0.43499056E-004    -0.28904053E-004
     0.64531815E+000    -0.79199351E-004    -0.14250835E-003    -0.32763726E+001     0.86007095E+000     0.43278628E-004    -0.28855226E-004
     0.64568565E+000    -0.78732577E-004    -0.14221342E-003    -0.32714308E+001     0.85364019E+000     0.43059967E-004    -0.28806212E-004
     0.64605314E+000    -0.78268689E-004    -0.14191895E-003    -0.32664899E+001     0.84724567E+000     0.42843052E-004    -0.28757018E-004
     0.64642063E+000    -0.77807667E-004    -0.14162496E-003    -0.32615502E+001     0.84088720E+000     0.42627868E-004    -0.28707652E-004
     0.64678813E+000    -0.77349489E-004    -0.14133145E-003    -0.32566115E+001     0.83456458E+000     0.42414394E-004    -0.28658121E-004
     0.64715562E+000    -0.76894135E-004    -0.14103843E-003    -0.32516743E+001     0.82827760E+000     0.42202615E-004    -0.28608434E-004
     0.64752311E+000    -0.76441585E-004    -0.14074590E-003    -0.32467384E+001     0.82202607E+000     0.41992511E-004    -0.28558597E-004
     0.64789061E+000    -0.75991817E-004    -0.14045386E-003    -0.32418042E+001     0.81580978E+000     0.41784067E-004    -0.28508618E-004
     0.64825810E+000    -0.75544813E-004    -0.14016233E-003    -0.32368716E+001     0.80962855E+000     0.41577264E-004    -0.28458504E-004
     0.64862559E+000    -0.75100553E-004    -0.13987129E-003    -0.32319409E+001     0.80348217E+000     0.41372086E-004    -0.28408260E-004
     0.64899309E+000    -0.74659016E-004    -0.13958076E-003    -0.32270122E+001     0.79737044E+000     0.41168515E-004    -0.28357895E-004
     0.64936058E+000    -0.74220182E-004    -0.13929074E-003    -0.32220855E+001     0.79129319E+000     0.40966537E-004    -0.28307414E-004
     0.64972807E+000    -0.73784034E-004    -0.13900123E-003    -0.32171610E+001     0.78525020E+000     0.40766134E-004    -0.28256824E-004
     0.65009557E+000    -0.73350550E-004    -0.13871224E-003    -0.32122389E+001     0.77924129E+000     0.40567290E-004    -0.28206130E-004
     0.65046306E+000    -0.72919713E-004    -0.13842376E-003    -0.32073191E+001     0.77326626E+000     0.40369990E-004    -0.28155340E-004
     0.65083055E+000    -0.72491502E-004    -0.13813581E-003    -0.32024020E+001     0.76732493E+000     0.40174217E-004    -0.28104458E-004
     0.65119805E+000    -0.72065900E-004    -0.13784839E-003    -0.31974874E+001     0.76141709E+000     0.39979956E-004    -0.28053490E-004
     0.65156554E+000    -0.71642888E-004    -0.13756149E-003    -0.31925757E+001     0.75554257E+000     0.39787193E-004    -0.28002443E-004
     0.65193303E+000    -0.71222447E-004    -0.13727513E-003    -0.31876668E+001     0.74970117E+000     0.39595911E-004    -0.27951321E-004
     0.65230053E+000    -0.70804558E-004    -0.13698930E-003    -0.31827609E+001     0.74389271E+000     0.39406095E-004    -0.27900129E-004
     0.65266802E+000    -0.70389204E-004    -0.13670402E-003    -0.31778581E+001     0.73811699E+000     0.39217732E-004    -0.27848874E-004
     0.65303551E+000    -0.69976367E-004    -0.13641927E-003    -0.31729585E+001     0.73237384E+000     0.39030806E-004    -0.27797559E-004
     0.65340301E+000    -0.69566028E-004    -0.13613506E-003    -0.31680622E+001     0.72666305E+000     0.38845303E-004    -0.27746191E-004
     0.65377050E+000    -0.69158170E-004    -0.13585140E-003    -0.31631693E+001     0.72098446E+000     0.38661209E-004    -0.27694772E-004
     0.65413799E+000    -0.68752775E-004    -0.13556829E-003    -0.31582799E+001     0.71533787E+000     0.38478509E-004    -0.27643310E-004
     0.65450549E+000    -0.68349826E-004    -0.13528573E-003    -0.31533941E+001     0.70972310E+000     0.38297190E-004    -0.27591807E-004
     0.65487298E+000    -0.67949305E-004    -0.13500372E-003    -0.31485120E+001     0.70413998E+000     0.38117238E-004    -0.27540268E-004
     0.65524047E+000    -0.67551194E-004    -0.13472227E-003    -0.31436336E+001     0.69858831E+000     0.37938640E-004    -0.27488698E-004
     0.65560797E+000    -0.67155478E-004    -0.13444138E-003    -0.31387592E+001     0.69306791E+000     0.37761382E-004    -0.27437101E-004
     0.65597546E+000    -0.66762139E-004    -0.13416104E-003    -0.31338887E+001     0.68757862E+000     0.37585450E-004    -0.27385481E-004
     0.65634295E+000    -0.66371160E-004    -0.13388127E-003    -0.31290222E+001     0.68212024E+000     0.37410832E-004    -0.27333842E-004
     0.65671044E+000    -0.65982525E-004    -0.13360206E-003    -0.31241599E+001     0.67669260E+000     0.37237515E-004    -0.27282188E-004
     0.65707794E+000    -0.65596217E-004    -0.13332342E-003    -0.31193019E+001     0.67129552E+000     0.37065485E-004    -0.27230522E-004
     0.65744543E+000    -0.65212219E-004    -0.13304535E-003    -0.31144481E+001     0.66592883E+000     0.36894731E-004    -0.27178850E-004
     0.65781292E+000    -0.64830516E-004    -0.13276784E-003    -0.31095988E+001     0.66059235E+000     0.36725240E-004    -0.27127173E-004
     0.65818042E+000    -0.64451090E-004    -0.13249091E-003    -0.31047540E+001     0.65528590E+000     0.36556999E-004    -0.27075496E-004
     0.65854791E+000    -0.64073927E-004    -0.13221455E-003    -0.30999137E+001     0.65000932E+000     0.36389997E-004    -0.27023823E-004
     0.65891540E+000    -0.63699011E-004    -0.13193876E-003    -0.30950780E+001     0.64476242E+000     0.36224220E-004    -0.26972156E-004
     0.65928290E+000    -0.63326324E-004    -0.13166356E-003    -0.30902471E+001     0.63954504E+000     0.36059659E-004    -0.26920498E-004
     0.65965039E+000    -0.62955853E-004    -0.13138893E-003    -0.30854210E+001     0.63435700E+000     0.35896299E-004    -0.26868854E-004
     0.66001788E+000    -0.62587581E-004    -0.13111488E-003    -0.30805998E+001     0.62919814E+000     0.35734131E-004    -0.26817226E-004
     0.66038538E+000    -0.62221493E-004    -0.13084141E-003    -0.30757835E+001     0.62406828E+000     0.35573142E-004    -0.26765617E-004
     0.66075287E+000    -0.61857573E-004    -0.13056852E-003    -0.30709722E+001     0.61896725E+000     0.35413321E-004    -0.26714031E-004
     0.66112036E+000    -0.61495807E-004    -0.13029621E-003    -0.30661661E+001     0.61389489E+000     0.35254657E-004    -0.26662469E-004
     0.66148786E+000    -0.61136180E-004    -0.13002449E-003    -0.30613651E+001     0.60885104E+000     0.35097139E-004    -0.26610935E-004
     0.66185535E+000    -0.60778676E-004    -0.12975336E-003    -0.30565693E+001     0.60383551E+000     0.34940756E-004    -0.26559432E-004
     0.66222284E+000    -0.60423281E-004    -0.12948281E-003    -0.30517789E+001     0.59884816E+000     0.34785496E-004    -0.26507962E-004
     0.66259034E+000    -0.60069981E-004    -0.12921286E-003    -0.30469938E+001     0.59388881E+000     0.34631350E-004    -0.26456529E-004
     0.66295783E+000    -0.59718760E-004    -0.12894349E-003    -0.30422142E+001     0.58895730E+000     0.34478307E-004    -0.26405133E-004
     0.66332532E+000    -0.59369604E-004    -0.12867471E-003    -0.30374400E+001     0.58405346E+000     0.34326356E-004    -0.26353778E-004
     0.66369282E+000    -0.59022499E-004    -0.12840652E-003    -0.30326714E+001     0.57917714E+000     0.34175487E-004    -0.26302467E-004
     0.66406031E+000    -0.58677430E-004    -0.12813892E-003    -0.30279085E+001     0.57432818E+000     0.34025689E-004    -0.26251201E-004
     0.66442780E+000    -0.58334384E-004    -0.12787192E-003    -0.30231512E+001     0.56950641E+000     0.33876953E-004    -0.26199984E-004
     0.66479530E+000    -0.57993347E-004    -0.12760551E-003    -0.30183997E+001     0.56471167E+000     0.33729268E-004    -0.26148816E-004
     0.66516279E+000    -0.57654304E-004    -0.12733970E-003    -0.30136540E+001     0.55994381E+000     0.33582626E-004    -0.26097701E-004
     0.66553028E+000    -0.57317243E-004    -0.12707448E-003    -0.30089142E+001     0.55520266E+000     0.33437015E-004    -0.26046640E-004
     0.66589778E+000    -0.56982148E-004    -0.12680986E-003    -0.30041803E+001     0.55048808E+000     0.33292426E-004    -0.25995635E-004
     0.66626527E+000    -0.56649007E-004    -0.12654583E-003    -0.29994523E+001     0.54579990E+000     0.33148850E-004    -0.25944689E-004
     0.66663276E+000    -0.56317807E-004    -0.12628240E-003    -0.29947304E+001     0.54113797E+000     0.33006278E-004    -0.25893803E-004
     0.66700026E+000    -0.55988533E-004    -0.12601957E-003    -0.29900146E+001     0.53650214E+000     0.32864699E-004    -0.25842980E-004
     0.66736775E+000    -0.55661174E-004    -0.12575733E-003    -0.29853049E+001     0.53189224E+000     0.32724106E-004    -0.25792220E-004
     0.66773524E+000    -0.55335714E-004    -0.12549570E-003    -0.29806015E+001     0.52730814E+000     0.32584488E-004    -0.25741527E-004
     0.66810274E+000    -0.55012143E-004    -0.12523466E-003    -0.29759042E+001     0.52274967E+000     0.32445836E-004    -0.25690901E-004
     0.66847023E+000    -0.54690446E-004    -0.12497423E-003    -0.29712133E+001     0.51821669E+000     0.32308142E-004    -0.25640344E-004
     0.66883772E+000    -0.54370610E-004    -0.12471439E-003    -0.29665286E+001     0.51370904E+000     0.32171398E-004    -0.25589859E-004
     0.66920522E+000    -0.54052624E-004    -0.12445515E-003    -0.29618504E+001     0.50922658E+000     0.32035593E-004    -0.25539446E-004
     0.66957271E+000    -0.53736475E-004    -0.12419651E-003    -0.29571786E+001     0.50476916E+000     0.31900720E-004    -0.25489107E-004
     0.66994020E+000    -0.53422149E-004    -0.12393848E-003    -0.29525133E+001     0.50033662E+000     0.31766771E-004    -0.25438843E-004
     0.67030770E+000    -0.53109635E-004    -0.12368104E-003    -0.29478545E+001     0.49592883E+000     0.31633735E-004    -0.25388657E-004
     0.67067519E+000    -0.52798920E-004    -0.12342421E-003    -0.29432023E+001     0.49154564E+000     0.31501607E-004    -0.25338549E-004
     0.67104268E+000    -0.52489991E-004    -0.12316798E-003    -0.29385566E+001     0.48718689E+000     0.31370376E-004    -0.25288521E-004
     0.67141018E+000    -0.52182838E-004    -0.12291235E-003    -0.29339177E+001     0.48285246E+000     0.31240036E-004    -0.25238574E-004
     0.67177767E+000    -0.51877448E-004    -0.12265732E-003    -0.29292854E+001     0.47854218E+000     0.31110577E-004    -0.25188710E-004
     0.67214516E+000    -0.51573808E-004    -0.12240289E-003    -0.29246599E+001     0.47425593E+000     0.30981992E-004    -0.25138929E-004
     0.67251265E+000    -0.51271908E-004    -0.12214906E-003    -0.29200411E+001     0.46999355E+000     0.30854274E-004    -0.25089233E-004
     0.67288015E+000    -0.50971734E-004    -0.12189584E-003    -0.29154291E+001     0.46575491E+000     0.30727414E-004    -0.25039624E-004
     0.67324764E+000    -0.50673276E-004    -0.12164321E-003    -0.29108240E+001     0.46153986E+000     0.30601404E-004    -0.24990102E-004
     0.67361513E+000    -0.50376522E-004    -0.12139119E-003    -0.29062258E+001     0.45734827E+000     0.30476238E-004    -0.24940668E-004
     0.67398263E+000    -0.50081461E-004    -0.12113977E-003    -0.29016345E+001     0.45318000E+000     0.30351907E-004    -0.24891324E-004
     0.67435012E+000    -0.49788081E-004    -0.12088895E-003    -0.28970502E+001     0.44903491E+000     0.30228404E-004    -0.24842071E-004
     0.67471761E+000    -0.49496370E-004    -0.12063873E-003    -0.28924728E+001     0.44491286E+000     0.30105722E-004    -0.24792909E-004
     0.67508511E+000    -0.49206318E-004    -0.12038911E-003    -0.28879025E+001     0.44081371E+000     0.29983853E-004    -0.24743839E-004
     0.67545260E+000    -0.48917914E-004    -0.12014009E-003    -0.28833393E+001     0.43673734E+000     0.29862791E-004    -0.24694863E-004
     0.67582009E+000    -0.48631146E-004    -0.11989167E-003    -0.28787831E+001     0.43268360E+000     0.29742527E-004    -0.24645982E-004
     0.67618759E+000    -0.48346003E-004    -0.11964385E-003    -0.28742341E+001     0.42865236E+000     0.29623056E-004    -0.24597196E-004
     0.67655508E+000    -0.48062475E-004    -0.11939664E-003    -0.28696922E+001     0.42464348E+000     0.29504369E-004    -0.24548507E-004
     0.67692257E+000    -0.47780551E-004    -0.11915002E-003    -0.28651575E+001     0.42065685E+000     0.29386461E-004    -0.24499914E-004
     0.67729007E+000    -0.47500219E-004    -0.11890400E-003    -0.28606300E+001     0.41669231E+000     0.29269325E-004    -0.24451419E-004
     0.67765756E+000    -0.47221470E-004    -0.11865858E-003    -0.28561097E+001     0.41274974E+000     0.29152952E-004    -0.24403023E-004
     0.67802505E+000    -0.46944293E-004    -0.11841375E-003    -0.28515968E+001     0.40882902E+000     0.29037338E-004    -0.24354727E-004
     0.67839255E+000    -0.46668677E-004    -0.11816953E-003    -0.28470911E+001     0.40493001E+000     0.28922475E-004    -0.24306530E-004
     0.67876004E+000    -0.46394612E-004    -0.11792590E-003    -0.28425927E+001     0.40105258E+000     0.28808357E-004    -0.24258435E-004
     0.67912753E+000    -0.46122088E-004    -0.11768287E-003    -0.28381017E+001     0.39719660E+000     0.28694977E-004    -0.24210441E-004
     0.67949503E+000    -0.45851094E-004    -0.11744044E-003    -0.28336181E+001     0.39336195E+000     0.28582330E-004    -0.24162549E-004
     0.67986252E+000    -0.45581621E-004    -0.11719860E-003    -0.28291419E+001     0.38954851E+000     0.28470408E-004    -0.24114760E-004
     0.68023001E+000    -0.45313658E-004    -0.11695736E-003    -0.28246731E+001     0.38575613E+000     0.28359205E-004    -0.24067074E-004
     0.68059751E+000    -0.45047195E-004    -0.11671672E-003    -0.28202117E+001     0.38198471E+000     0.28248715E-004    -0.24019493E-004
     0.68096500E+000    -0.44782222E-004    -0.11647667E-003    -0.28157579E+001     0.37823411E+000     0.28138933E-004    -0.23972016E-004
     0.68133249E+000    -0.44518730E-004    -0.11623721E-003    -0.28113115E+001     0.37450422E+000     0.28029851E-004    -0.23924644E-004
     0.68169999E+000    -0.44256708E-004    -0.11599834E-003    -0.28068726E+001     0.37079490E+000     0.27921465E-004    -0.23877379E-004
     0.68206748E+000    -0.43996148E-004    -0.11576007E-003    -0.28024413E+001     0.36710604E+000     0.27813768E-004    -0.23830219E-004
     0.68243497E+000    -0.43737039E-004    -0.11552239E-003    -0.27980175E+001     0.36343751E+000     0.27706754E-004    -0.23783166E-004
     0.68280247E+000    -0.43479371E-004    -0.11528531E-003    -0.27936013E+001     0.35978920E+000     0.27600417E-004    -0.23736220E-004
     0.68316996E+000    -0.43223137E-004    -0.11504881E-003    -0.27891927E+001     0.35616099E+000     0.27494752E-004    -0.23689381E-004
     0.68353745E+000    -0.42968325E-004    -0.11481290E-003    -0.27847917E+001     0.35255275E+000     0.27389753E-004    -0.23642651E-004
     0.68390495E+000    -0.42714926E-004    -0.11457758E-003    -0.27803983E+001     0.34896436E+000     0.27285414E-004    -0.23596029E-004
     0.68427244E+000    -0.42462933E-004    -0.11434286E-003    -0.27760126E+001     0.34539572E+000     0.27181731E-004    -0.23549516E-004
     0.68463993E+000    -0.42212334E-004    -0.11410872E-003    -0.27716345E+001     0.34184670E+000     0.27078696E-004    -0.23503112E-004
     0.68500743E+000    -0.41963121E-004    -0.11387516E-003    -0.27672641E+001     0.33831718E+000     0.26976305E-004    -0.23456818E-004
     0.68537492E+000    -0.41715286E-004    -0.11364220E-003    -0.27629015E+001     0.33480705E+000     0.26874553E-004    -0.23410633E-004
     0.68574241E+000    -0.41468818E-004    -0.11340981E-003    -0.27585465E+001     0.33131620E+000     0.26773434E-004    -0.23364559E-004
     0.68610991E+000    -0.41223710E-004    -0.11317802E-003    -0.27541993E+001     0.32784451E+000     0.26672943E-004    -0.23318595E-004
     0.68647740E+000    -0.40979951E-004    -0.11294681E-003    -0.27498598E+001     0.32439186E+000     0.26573074E-004    -0.23272742E-004
     0.68684489E+000    -0.40737535E-004    -0.11271618E-003    -0.27455281E+001     0.32095815E+000     0.26473823E-004    -0.23227000E-004
     0.68721239E+000    -0.40496451E-004    -0.11248613E-003    -0.27412041E+001     0.31754326E+000     0.26375184E-004    -0.23181369E-004
     0.68757988E+000    -0.40256691E-004    -0.11225667E-003    -0.27368879E+001     0.31414707E+000     0.26277152E-004    -0.23135850E-004
     0.68794737E+000    -0.40018247E-004    -0.11202779E-003    -0.27325795E+001     0.31076949E+000     0.26179723E-004    -0.23090443E-004
     0.68831486E+000    -0.39781110E-004    -0.11179948E-003    -0.27282789E+001     0.30741040E+000     0.26082891E-004    -0.23045147E-004
     0.68868236E+000    -0.39545271E-004    -0.11157176E-003    -0.27239862E+001     0.30406968E+000     0.25986651E-004    -0.22999964E-004
     0.68904985E+000    -0.39310723E-004    -0.11134461E-003    -0.27197012E+001     0.30074724E+000     0.25890999E-004    -0.22954893E-004
     0.68941734E+000    -0.39077457E-004    -0.11111804E-003    -0.27154242E+001     0.29744295E+000     0.25795929E-004    -0.22909935E-004
     0.68978484E+000    -0.38845464E-004    -0.11089205E-003    -0.27111549E+001     0.29415672E+000     0.25701438E-004    -0.22865090E-004
     0.69015233E+000    -0.38614736E-004    -0.11066663E-003    -0.27068935E+001     0.29088844E+000     0.25607519E-004    -0.22820358E-004
     0.69051982E+000    -0.38385266E-004    -0.11044179E-003    -0.27026400E+001     0.28763800E+000     0.25514170E-004    -0.22775738E-004
     0.69088732E+000    -0.38157045E-004    -0.11021752E-003    -0.26983944E+001     0.28440530E+000     0.25421384E-004    -0.22731232E-004
     0.69125481E+000    -0.37930065E-004    -0.10999382E-003    -0.26941566E+001     0.28119022E+000     0.25329157E-004    -0.22686839E-004
     0.69162230E+000    -0.37704318E-004    -0.10977070E-003    -0.26899268E+001     0.27799267E+000     0.25237485E-004    -0.22642560E-004
     0.69198980E+000    -0.37479797E-004    -0.10954814E-003    -0.26857048E+001     0.27481254E+000     0.25146364E-004    -0.22598394E-004
     0.69235729E+000    -0.37256493E-004    -0.10932616E-003    -0.26814908E+001     0.27164973E+000     0.25055788E-004    -0.22554341E-004
     0.69272478E+000    -0.37034398E-004    -0.10910474E-003    -0.26772846E+001     0.26850414E+000     0.24965754E-004    -0.22510402E-004
     0.69309228E+000    -0.36813506E-004    -0.10888389E-003    -0.26730864E+001     0.26537567E+000     0.24876257E-004    -0.22466577E-004
     0.69345977E+000    -0.36593808E-004    -0.10866361E-003    -0.26688961E+001     0.26226420E+000     0.24787293E-004    -0.22422866E-004
     0.69382726E+000    -0.36375296E-004    -0.10844389E-003    -0.26647138E+001     0.25916965E+000     0.24698858E-004    -0.22379268E-004
     0.69419476E+000    -0.36157964E-004    -0.10822474E-003    -0.26605394E+001     0.25609192E+000     0.24610947E-004    -0.22335785E-004
     0.69456225E+000    -0.35941803E-004    -0.10800615E-003    -0.26563729E+001     0.25303089E+000     0.24523556E-004    -0.22292415E-004
     0.69492974E+000    -0.35726806E-004    -0.10778813E-003    -0.26522144E+001     0.24998648E+000     0.24436682E-004    -0.22249159E-004
     0.69529724E+000    -0.35512966E-004    -0.10757066E-003    -0.26480638E+001     0.24695859E+000     0.24350319E-004    -0.22206017E-004
     0.69566473E+000    -0.35300276E-004    -0.10735375E-003    -0.26439212E+001     0.24394712E+000     0.24264464E-004    -0.22162989E-004
     0.69603222E+000    -0.35088728E-004    -0.10713741E-003    -0.26397866E+001     0.24095197E+000     0.24179113E-004    -0.22120075E-004
     0.69639972E+000    -0.34878314E-004    -0.10692162E-003    -0.26356599E+001     0.23797305E+000     0.24094262E-004    -0.22077274E-004
     0.69676721E+000    -0.34669028E-004    -0.10670639E-003    -0.26315412E+001     0.23501025E+000     0.24009907E-004    -0.22034588E-004
     0.69713470E+000    -0.34460863E-004    -0.10649171E-003    -0.26274304E+001     0.23206350E+000     0.23926044E-004    -0.21992015E-004
     0.69750220E+000    -0.34253812E-004    -0.10627759E-003    -0.26233276E+001     0.22913268E+000     0.23842669E-004    -0.21949556E-004
     0.69786969E+000    -0.34047867E-004    -0.10606403E-003    -0.26192328E+001     0.22621771E+000     0.23759779E-004    -0.21907211E-004
     0.69823718E+000    -0.33843021E-004    -0.10585101E-003    -0.26151460E+001     0.22331849E+000     0.23677369E-004    -0.21864980E-004
     0.69860468E+000    -0.33639268E-004    -0.10563855E-003    -0.26110671E+001     0.22043493E+000     0.23595437E-004    -0.21822862E-004
     0.69897217E+000    -0.33436601E-004    -0.10542664E-003    -0.26069963E+001     0.21756695E+000     0.23513977E-004    -0.21780857E-004
     0.69933966E+000    -0.33235013E-004    -0.10521527E-003    -0.26029333E+001     0.21471443E+000     0.23432987E-004    -0.21738966E-004
     0.69970716E+000    -0.33034497E-004    -0.10500446E-003    -0.25988784E+001     0.21187731E+000     0.23352463E-004    -0.21697188E-004
     0.70007465E+000    -0.32835046E-004    -0.10479419E-003    -0.25948315E+001     0.20905548E+000     0.23272401E-004    -0.21655524E-004
     0.70044214E+000    -0.32636655E-004    -0.10458446E-003    -0.25907925E+001     0.20624885E+000     0.23192797E-004    -0.21613973E-004
     0.70080964E+000    -0.32439315E-004    -0.10437528E-003    -0.25867615E+001     0.20345734E+000     0.23113649E-004    -0.21572535E-004
     0.70117713E+000    -0.32243022E-004    -0.10416665E-003    -0.25827384E+001     0.20068086E+000     0.23034953E-004    -0.21531210E-004
     0.70154462E+000    -0.32047767E-004    -0.10395855E-003    -0.25787234E+001     0.19791932E+000     0.22956705E-004    -0.21489997E-004
     0.70191212E+000    -0.31853545E-004    -0.10375100E-003    -0.25747163E+001     0.19517262E+000     0.22878901E-004    -0.21448898E-004
     0.70227961E+000    -0.31660349E-004    -0.10354399E-003    -0.25707172E+001     0.19244069E+000     0.22801539E-004    -0.21407911E-004
     0.70264710E+000    -0.31468173E-004    -0.10333751E-003    -0.25667260E+001     0.18972344E+000     0.22724615E-004    -0.21367036E-004
     0.70301459E+000    -0.31277010E-004    -0.10313157E-003    -0.25627429E+001     0.18702078E+000     0.22648125E-004    -0.21326274E-004
     0.70338209E+000    -0.31086855E-004    -0.10292617E-003    -0.25587676E+001     0.18433262E+000     0.22572067E-004    -0.21285624E-004
     0.70374958E+000    -0.30897700E-004    -0.10272131E-003    -0.25548004E+001     0.18165889E+000     0.22496437E-004    -0.21245086E-004
     0.70411707E+000    -0.30709541E-004    -0.10251697E-003    -0.25508411E+001     0.17899949E+000     0.22421231E-004    -0.21204660E-004
     0.70448457E+000    -0.30522370E-004    -0.10231317E-003    -0.25468897E+001     0.17635434E+000     0.22346447E-004    -0.21164346E-004
     0.70485206E+000    -0.30336181E-004    -0.10210990E-003    -0.25429464E+001     0.17372336E+000     0.22272082E-004    -0.21124143E-004
     0.70521955E+000    -0.30150969E-004    -0.10190716E-003    -0.25390109E+001     0.17110647E+000     0.22198132E-004    -0.21084052E-004
     0.70558705E+000    -0.29966727E-004    -0.10170495E-003    -0.25350834E+001     0.16850358E+000     0.22124594E-004    -0.21044072E-004
     0.70595454E+000    -0.29783450E-004    -0.10150327E-003    -0.25311639E+001     0.16591461E+000     0.22051465E-004    -0.21004203E-004
     0.70632203E+000    -0.29601131E-004    -0.10130211E-003    -0.25272522E+001     0.16333948E+000     0.21978743E-004    -0.20964445E-004
     0.70668953E+000    -0.29419765E-004    -0.10110148E-003    -0.25233486E+001     0.16077811E+000     0.21906423E-004    -0.20924798E-004
     0.70705702E+000    -0.29239346E-004    -0.10090137E-003    -0.25194528E+001     0.15823041E+000     0.21834503E-004    -0.20885261E-004
     0.70742451E+000    -0.29059867E-004    -0.10070179E-003    -0.25155649E+001     0.15569632E+000     0.21762980E-004    -0.20845835E-004
     0.70779201E+000    -0.28881324E-004    -0.10050273E-003    -0.25116850E+001     0.15317575E+000     0.21691851E-004    -0.20806519E-004
     0.70815950E+000    -0.28703710E-004    -0.10030418E-003    -0.25078130E+001     0.15066861E+000     0.21621113E-004    -0.20767312E-004
     0.70852699E+000    -0.28527020E-004    -0.10010616E-003    -0.25039489E+001     0.14817484E+000     0.21550764E-004    -0.20728216E-004
     0.70889449E+000    -0.28351248E-004    -0.99908651E-004    -0.25000927E+001     0.14569435E+000     0.21480800E-004    -0.20689229E-004
     0.70926198E+000    -0.28176388E-004    -0.99711660E-004    -0.24962444E+001     0.14322707E+000     0.21411218E-004    -0.20650351E-004
     0.70962947E+000    -0.28002436E-004    -0.99515185E-004    -0.24924039E+001     0.14077292E+000     0.21342016E-004    -0.20611583E-004
     0.70999697E+000    -0.27829385E-004    -0.99319224E-004    -0.24885714E+001     0.13833182E+000     0.21273191E-004    -0.20572923E-004
     0.71036446E+000    -0.27657229E-004    -0.99123775E-004    -0.24847467E+001     0.13590370E+000     0.21204740E-004    -0.20534372E-004
     0.71073195E+000    -0.27485965E-004    -0.98928837E-004    -0.24809299E+001     0.13348848E+000     0.21136660E-004    -0.20495930E-004
     0.71109945E+000    -0.27315585E-004    -0.98734410E-004    -0.24771210E+001     0.13108609E+000     0.21068949E-004    -0.20457596E-004
     0.71146694E+000    -0.27146085E-004    -0.98540491E-004    -0.24733199E+001     0.12869645E+000     0.21001604E-004    -0.20419370E-004
     0.71183443E+000    -0.26977460E-004    -0.98347080E-004    -0.24695266E+001     0.12631949E+000     0.20934623E-004    -0.20381252E-004
     0.71220193E+000    -0.26809704E-004    -0.98154176E-004    -0.24657412E+001     0.12395513E+000     0.20868002E-004    -0.20343241E-004
     0.71256942E+000    -0.26642811E-004    -0.97961776E-004    -0.24619637E+001     0.12160331E+000     0.20801739E-004    -0.20305338E-004
     0.71293691E+000    -0.26476777E-004    -0.97769880E-004    -0.24581939E+001     0.11926394E+000     0.20735831E-004    -0.20267542E-004
     0.71330441E+000    -0.26311597E-004    -0.97578487E-004    -0.24544320E+001     0.11693696E+000     0.20670277E-004    -0.20229853E-004
     0.71367190E+000    -0.26147264E-004    -0.97387594E-004    -0.24506779E+001     0.11462230E+000     0.20605073E-004    -0.20192270E-004
     0.71403939E+000    -0.25983775E-004    -0.97197202E-004    -0.24469315E+001     0.11231988E+000     0.20540216E-004    -0.20154794E-004
     0.71440689E+000    -0.25821125E-004    -0.97007308E-004    -0.24431930E+001     0.11002963E+000     0.20475705E-004    -0.20117424E-004
     0.71477438E+000    -0.25659307E-004    -0.96817912E-004    -0.24394622E+001     0.10775148E+000     0.20411537E-004    -0.20080160E-004
     0.71514187E+000    -0.25498317E-004    -0.96629012E-004    -0.24357393E+001     0.10548537E+000     0.20347709E-004    -0.20043002E-004
     0.71550937E+000    -0.25338150E-004    -0.96440607E-004    -0.24320241E+001     0.10323122E+000     0.20284220E-004    -0.20005949E-004
     0.71587686E+000    -0.25178802E-004    -0.96252695E-004    -0.24283166E+001     0.10098896E+000     0.20221065E-004    -0.19969001E-004
     0.71624435E+000    -0.25020266E-004    -0.96065275E-004    -0.24246169E+001     0.98758527E-001     0.20158244E-004    -0.19932158E-004
     0.71661185E+000    -0.24862540E-004    -0.95878347E-004    -0.24209249E+001     0.96539850E-001     0.20095754E-004    -0.19895420E-004
     0.71697934E+000    -0.24705616E-004    -0.95691908E-004    -0.24172407E+001     0.94332862E-001     0.20033592E-004    -0.19858786E-004
     0.71734683E+000    -0.24549492E-004    -0.95505958E-004    -0.24135641E+001     0.92137495E-001     0.19971756E-004    -0.19822257E-004
     0.71771433E+000    -0.24394161E-004    -0.95320494E-004    -0.24098953E+001     0.89953683E-001     0.19910244E-004    -0.19785831E-004
     0.71808182E+000    -0.24239620E-004    -0.95135517E-004    -0.24062342E+001     0.87781358E-001     0.19849054E-004    -0.19749509E-004
     0.71844931E+000    -0.24085864E-004    -0.94951024E-004    -0.24025808E+001     0.85620455E-001     0.19788183E-004    -0.19713290E-004
     0.71881680E+000    -0.23932887E-004    -0.94767015E-004    -0.23989350E+001     0.83470907E-001     0.19727629E-004    -0.19677175E-004
     0.71918430E+000    -0.23780686E-004    -0.94583487E-004    -0.23952970E+001     0.81332650E-001     0.19667389E-004    -0.19641162E-004
     0.71955179E+000    -0.23629255E-004    -0.94400441E-004    -0.23916665E+001     0.79205619E-001     0.19607463E-004    -0.19605252E-004
     0.71991928E+000    -0.23478590E-004    -0.94217874E-004    -0.23880438E+001     0.77089749E-001     0.19547846E-004    -0.19569444E-004
     0.72028678E+000    -0.23328687E-004    -0.94035785E-004    -0.23844286E+001     0.74984975E-001     0.19488538E-004    -0.19533738E-004
     0.72065427E+000    -0.23179541E-004    -0.93854172E-004    -0.23808211E+001     0.72891235E-001     0.19429536E-004    -0.19498134E-004
     0.72102176E+000    -0.23031148E-004    -0.93673036E-004    -0.23772212E+001     0.70808465E-001     0.19370838E-004    -0.19462632E-004
     0.72138926E+000    -0.22883503E-004    -0.93492374E-004    -0.23736289E+001     0.68736602E-001     0.19312441E-004    -0.19427230E-004
     0.72175675E+000    -0.22736602E-004    -0.93312185E-004    -0.23700443E+001     0.66675584E-001     0.19254345E-004    -0.19391930E-004
     0.72212424E+000    -0.22590440E-004    -0.93132468E-004    -0.23664672E+001     0.64625348E-001     0.19196546E-004    -0.19356730E-004
     0.72249174E+000    -0.22445013E-004    -0.92953221E-004    -0.23628976E+001     0.62585833E-001     0.19139042E-004    -0.19321631E-004
     0.72285923E+000    -0.22300316E-004    -0.92774443E-004    -0.23593357E+001     0.60556977E-001     0.19081833E-004    -0.19286632E-004
     0.72322672E+000    -0.22156346E-004    -0.92596134E-004    -0.23557812E+001     0.58538719E-001     0.19024915E-004    -0.19251733E-004
     0.72359422E+000    -0.22013099E-004    -0.92418291E-004    -0.23522343E+001     0.56531000E-001     0.18968286E-004    -0.19216933E-004
     0.72396171E+000    -0.21870569E-004    -0.92240913E-004    -0.23486950E+001     0.54533758E-001     0.18911945E-004    -0.19182233E-004
     0.72432920E+000    -0.21728753E-004    -0.92064000E-004    -0.23451632E+001     0.52546934E-001     0.18855889E-004    -0.19147632E-004
     0.72469670E+000    -0.21587646E-004    -0.91887550E-004    -0.23416388E+001     0.50570468E-001     0.18800117E-004    -0.19113129E-004
     0.72506419E+000    -0.21447245E-004    -0.91711561E-004    -0.23381220E+001     0.48604301E-001     0.18744627E-004    -0.19078725E-004
     0.72543168E+000    -0.21307545E-004    -0.91536032E-004    -0.23346126E+001     0.46648375E-001     0.18689417E-004    -0.19044419E-004
     0.72579918E+000    -0.21168542E-004    -0.91360963E-004    -0.23311107E+001     0.44702632E-001     0.18634484E-004    -0.19010211E-004
     0.72616667E+000    -0.21030233E-004    -0.91186351E-004    -0.23276163E+001     0.42767012E-001     0.18579828E-004    -0.18976101E-004
     0.72653416E+000    -0.20892612E-004    -0.91012196E-004    -0.23241293E+001     0.40841459E-001     0.18525445E-004    -0.18942088E-004
     0.72690166E+000    -0.20755677E-004    -0.90838496E-004    -0.23206497E+001     0.38925916E-001     0.18471335E-004    -0.18908172E-004
     0.72726915E+000    -0.20619422E-004    -0.90665250E-004    -0.23171776E+001     0.37020325E-001     0.18417495E-004    -0.18874353E-004
     0.72763664E+000    -0.20483845E-004    -0.90492457E-004    -0.23137128E+001     0.35124630E-001     0.18363924E-004    -0.18840630E-004
     0.72800414E+000    -0.20348941E-004    -0.90320115E-004    -0.23102555E+001     0.33238775E-001     0.18310620E-004    -0.18807004E-004
     0.72837163E+000    -0.20214706E-004    -0.90148224E-004    -0.23068055E+001     0.31362703E-001     0.18257580E-004    -0.18773473E-004
     0.72873912E+000    -0.20081137E-004    -0.89976781E-004    -0.23033630E+001     0.29496361E-001     0.18204804E-004    -0.18740038E-004
     0.72910662E+000    -0.19948229E-004    -0.89805786E-004    -0.22999277E+001     0.27639691E-001     0.18152289E-004    -0.18706698E-004
     0.72947411E+000    -0.19815979E-004    -0.89635238E-004    -0.22964998E+001     0.25792640E-001     0.18100034E-004    -0.18673454E-004
     0.72984160E+000    -0.19684383E-004    -0.89465135E-004    -0.22930793E+001     0.23955153E-001     0.18048037E-004    -0.18640304E-004
     0.73020910E+000    -0.19553437E-004    -0.89295475E-004    -0.22896660E+001     0.22127176E-001     0.17996297E-004    -0.18607249E-004
     0.73057659E+000    -0.19423138E-004    -0.89126259E-004    -0.22862601E+001     0.20308655E-001     0.17944810E-004    -0.18574288E-004
     0.73094408E+000    -0.19293482E-004    -0.88957483E-004    -0.22828615E+001     0.18499537E-001     0.17893577E-004    -0.18541421E-004
     0.73131158E+000    -0.19164464E-004    -0.88789148E-004    -0.22794701E+001     0.16699768E-001     0.17842595E-004    -0.18508648E-004
     0.73167907E+000    -0.19036082E-004    -0.88621252E-004    -0.22760860E+001     0.14909296E-001     0.17791862E-004    -0.18475968E-004
     0.73204656E+000    -0.18908332E-004    -0.88453793E-004    -0.22727092E+001     0.13128069E-001     0.17741377E-004    -0.18443381E-004
     0.73241406E+000    -0.18781209E-004    -0.88286771E-004    -0.22693396E+001     0.11356034E-001     0.17691139E-004    -0.18410886E-004
     0.73278155E+000    -0.18654711E-004    -0.88120184E-004    -0.22659772E+001     0.95931389E-002     0.17641145E-004    -0.18378485E-004
     0.73314904E+000    -0.18528835E-004    -0.87954031E-004    -0.22626221E+001     0.78393331E-002     0.17591394E-004    -0.18346175E-004
     0.73351654E+000    -0.18403575E-004    -0.87788311E-004    -0.22592741E+001     0.60945651E-002     0.17541884E-004    -0.18313958E-004
     0.73388403E+000    -0.18278930E-004    -0.87623022E-004    -0.22559333E+001     0.43587840E-002     0.17492615E-004    -0.18281832E-004
     0.73425152E+000    -0.18154894E-004    -0.87458164E-004    -0.22525997E+001     0.26319395E-002     0.17443583E-004    -0.18249797E-004
