cpu-bind=MASK - n2lcn0150, task  0  0 [572354]: mask 0x|BBBBBBBB|BBBBBBBB||--------|--------||--------|--------||--------|--------||||--------|--------||--------|--------||--------|--------||--------|--------| set
cpu-bind=MASK - n2lcn0150, task  1  1 [572355]: mask 0x|--------|--------||BBBBBBBB|BBBBBBBB||--------|--------||--------|--------||||--------|--------||--------|--------||--------|--------||--------|--------| set
cpu-bind=MASK - n2lcn0150, task  2  2 [572356]: mask 0x|--------|--------||--------|--------||BBBBBBBB|BBBBBBBB||--------|--------||||--------|--------||--------|--------||--------|--------||--------|--------| set
cpu-bind=MASK - n2lcn0150, task  3  3 [572357]: mask 0x|--------|--------||--------|--------||--------|--------||BBBBBBBB|BBBBBBBB||||--------|--------||--------|--------||--------|--------||--------|--------| set
cpu-bind=MASK - n2lcn0157, task 48  0 [580172]: mask 0x|BBBBBBBB|BBBBBBBB||--------|--------||--------|--------||--------|--------||||--------|--------||--------|--------||--------|--------||--------|--------| set
cpu-bind=MASK - n2lcn0154, task 32  0 [498851]: mask 0x|BBBBBBBB|BBBBBBBB||--------|--------||--------|--------||--------|--------||||--------|--------||--------|--------||--------|--------||--------|--------| set
cpu-bind=MASK - n2lcn0150, task  4  4 [572358]: mask 0x|--------|--------||--------|--------||--------|--------||--------|--------||||BBBBBBBB|BBBBBBBB||--------|--------||--------|--------||--------|--------| set
cpu-bind=MASK - n2lcn0155, task 40  0 [659713]: mask 0x|BBBBBBBB|BBBBBBBB||--------|--------||--------|--------||--------|--------||||--------|--------||--------|--------||--------|--------||--------|--------| set
cpu-bind=MASK - n2lcn0157, task 49  1 [580173]: mask 0x|--------|--------||BBBBBBBB|BBBBBBBB||--------|--------||--------|--------||||--------|--------||--------|--------||--------|--------||--------|--------| set
cpu-bind=MASK - n2lcn0162, task 80  0 [674982]: mask 0x|BBBBBBBB|BBBBBBBB||--------|--------||--------|--------||--------|--------||||--------|--------||--------|--------||--------|--------||--------|--------| set
cpu-bind=MASK - n2lcn0154, task 33  1 [498852]: mask 0x|--------|--------||BBBBBBBB|BBBBBBBB||--------|--------||--------|--------||||--------|--------||--------|--------||--------|--------||--------|--------| set
cpu-bind=MASK - n2lcn0155, task 41  1 [659714]: mask 0x|--------|--------||BBBBBBBB|BBBBBBBB||--------|--------||--------|--------||||--------|--------||--------|--------||--------|--------||--------|--------| set
cpu-bind=MASK - n2lcn0150, task  5  5 [572359]: mask 0x|--------|--------||--------|--------||--------|--------||--------|--------||||--------|--------||BBBBBBBB|BBBBBBBB||--------|--------||--------|--------| set
cpu-bind=MASK - n2lcn0157, task 50  2 [580174]: mask 0x|--------|--------||--------|--------||BBBBBBBB|BBBBBBBB||--------|--------||||--------|--------||--------|--------||--------|--------||--------|--------| set
cpu-bind=MASK - n2lcn0162, task 81  1 [674983]: mask 0x|--------|--------||BBBBBBBB|BBBBBBBB||--------|--------||--------|--------||||--------|--------||--------|--------||--------|--------||--------|--------| set
cpu-bind=MASK - n2lcn0154, task 34  2 [498853]: mask 0x|--------|--------||--------|--------||BBBBBBBB|BBBBBBBB||--------|--------||||--------|--------||--------|--------||--------|--------||--------|--------| set
cpu-bind=MASK - n2lcn0152, task 16  0 [658865]: mask 0x|BBBBBBBB|BBBBBBBB||--------|--------||--------|--------||--------|--------||||--------|--------||--------|--------||--------|--------||--------|--------| set
cpu-bind=MASK - n2lcn0155, task 42  2 [659715]: mask 0x|--------|--------||--------|--------||BBBBBBBB|BBBBBBBB||--------|--------||||--------|--------||--------|--------||--------|--------||--------|--------| set
cpu-bind=MASK - n2lcn0150, task  6  6 [572360]: mask 0x|--------|--------||--------|--------||--------|--------||--------|--------||||--------|--------||--------|--------||BBBBBBBB|BBBBBBBB||--------|--------| set
cpu-bind=MASK - n2lcn0162, task 82  2 [674984]: mask 0x|--------|--------||--------|--------||BBBBBBBB|BBBBBBBB||--------|--------||||--------|--------||--------|--------||--------|--------||--------|--------| set
cpu-bind=MASK - n2lcn0157, task 51  3 [580175]: mask 0x|--------|--------||--------|--------||--------|--------||BBBBBBBB|BBBBBBBB||||--------|--------||--------|--------||--------|--------||--------|--------| set
cpu-bind=MASK - n2lcn0154, task 35  3 [498854]: mask 0x|--------|--------||--------|--------||--------|--------||BBBBBBBB|BBBBBBBB||||--------|--------||--------|--------||--------|--------||--------|--------| set
cpu-bind=MASK - n2lcn0151, task  8  0 [500291]: mask 0x|BBBBBBBB|BBBBBBBB||--------|--------||--------|--------||--------|--------||||--------|--------||--------|--------||--------|--------||--------|--------| set
cpu-bind=MASK - n2lcn0152, task 17  1 [658866]: mask 0x|--------|--------||BBBBBBBB|BBBBBBBB||--------|--------||--------|--------||||--------|--------||--------|--------||--------|--------||--------|--------| set
cpu-bind=MASK - n2lcn0155, task 43  3 [659716]: mask 0x|--------|--------||--------|--------||--------|--------||BBBBBBBB|BBBBBBBB||||--------|--------||--------|--------||--------|--------||--------|--------| set
cpu-bind=MASK - n2lcn0162, task 83  3 [674985]: mask 0x|--------|--------||--------|--------||--------|--------||BBBBBBBB|BBBBBBBB||||--------|--------||--------|--------||--------|--------||--------|--------| set
cpu-bind=MASK - n2lcn0151, task  9  1 [500292]: mask 0x|--------|--------||BBBBBBBB|BBBBBBBB||--------|--------||--------|--------||||--------|--------||--------|--------||--------|--------||--------|--------| set
cpu-bind=MASK - n2lcn0154, task 36  4 [498855]: mask 0x|--------|--------||--------|--------||--------|--------||--------|--------||||BBBBBBBB|BBBBBBBB||--------|--------||--------|--------||--------|--------| set
cpu-bind=MASK - n2lcn0157, task 52  4 [580176]: mask 0x|--------|--------||--------|--------||--------|--------||--------|--------||||BBBBBBBB|BBBBBBBB||--------|--------||--------|--------||--------|--------| set
cpu-bind=MASK - n2lcn0152, task 18  2 [658867]: mask 0x|--------|--------||--------|--------||BBBBBBBB|BBBBBBBB||--------|--------||||--------|--------||--------|--------||--------|--------||--------|--------| set
cpu-bind=MASK - n2lcn0155, task 44  4 [659717]: mask 0x|--------|--------||--------|--------||--------|--------||--------|--------||||BBBBBBBB|BBBBBBBB||--------|--------||--------|--------||--------|--------| set
cpu-bind=MASK - n2lcn0162, task 84  4 [674986]: mask 0x|--------|--------||--------|--------||--------|--------||--------|--------||||BBBBBBBB|BBBBBBBB||--------|--------||--------|--------||--------|--------| set
cpu-bind=MASK - n2lcn0151, task 10  2 [500293]: mask 0x|--------|--------||--------|--------||BBBBBBBB|BBBBBBBB||--------|--------||||--------|--------||--------|--------||--------|--------||--------|--------| set
cpu-bind=MASK - n2lcn0157, task 53  5 [580177]: mask 0x|--------|--------||--------|--------||--------|--------||--------|--------||||--------|--------||BBBBBBBB|BBBBBBBB||--------|--------||--------|--------| set
cpu-bind=MASK - n2lcn0154, task 37  5 [498856]: mask 0x|--------|--------||--------|--------||--------|--------||--------|--------||||--------|--------||BBBBBBBB|BBBBBBBB||--------|--------||--------|--------| set
cpu-bind=MASK - n2lcn0162, task 85  5 [674987]: mask 0x|--------|--------||--------|--------||--------|--------||--------|--------||||--------|--------||BBBBBBBB|BBBBBBBB||--------|--------||--------|--------| set
cpu-bind=MASK - n2lcn0151, task 11  3 [500294]: mask 0x|--------|--------||--------|--------||--------|--------||BBBBBBBB|BBBBBBBB||||--------|--------||--------|--------||--------|--------||--------|--------| set
cpu-bind=MASK - n2lcn0155, task 45  5 [659718]: mask 0x|--------|--------||--------|--------||--------|--------||--------|--------||||--------|--------||BBBBBBBB|BBBBBBBB||--------|--------||--------|--------| set
cpu-bind=MASK - n2lcn0152, task 19  3 [658868]: mask 0x|--------|--------||--------|--------||--------|--------||BBBBBBBB|BBBBBBBB||||--------|--------||--------|--------||--------|--------||--------|--------| set
cpu-bind=MASK - n2lcn0157, task 54  6 [580178]: mask 0x|--------|--------||--------|--------||--------|--------||--------|--------||||--------|--------||--------|--------||BBBBBBBB|BBBBBBBB||--------|--------| set
cpu-bind=MASK - n2lcn0154, task 38  6 [498857]: mask 0x|--------|--------||--------|--------||--------|--------||--------|--------||||--------|--------||--------|--------||BBBBBBBB|BBBBBBBB||--------|--------| set
cpu-bind=MASK - n2lcn0162, task 86  6 [674988]: mask 0x|--------|--------||--------|--------||--------|--------||--------|--------||||--------|--------||--------|--------||BBBBBBBB|BBBBBBBB||--------|--------| set
cpu-bind=MASK - n2lcn0151, task 12  4 [500295]: mask 0x|--------|--------||--------|--------||--------|--------||--------|--------||||BBBBBBBB|BBBBBBBB||--------|--------||--------|--------||--------|--------| set
cpu-bind=MASK - n2lcn0155, task 46  6 [659719]: mask 0x|--------|--------||--------|--------||--------|--------||--------|--------||||--------|--------||--------|--------||BBBBBBBB|BBBBBBBB||--------|--------| set
cpu-bind=MASK - n2lcn0152, task 20  4 [658869]: mask 0x|--------|--------||--------|--------||--------|--------||--------|--------||||BBBBBBBB|BBBBBBBB||--------|--------||--------|--------||--------|--------| set
cpu-bind=MASK - n2lcn0151, task 13  5 [500296]: mask 0x|--------|--------||--------|--------||--------|--------||--------|--------||||--------|--------||BBBBBBBB|BBBBBBBB||--------|--------||--------|--------| set
cpu-bind=MASK - n2lcn0152, task 21  5 [658870]: mask 0x|--------|--------||--------|--------||--------|--------||--------|--------||||--------|--------||BBBBBBBB|BBBBBBBB||--------|--------||--------|--------| set
cpu-bind=MASK - n2lcn0151, task 14  6 [500297]: mask 0x|--------|--------||--------|--------||--------|--------||--------|--------||||--------|--------||--------|--------||BBBBBBBB|BBBBBBBB||--------|--------| set
cpu-bind=MASK - n2lcn0152, task 22  6 [658871]: mask 0x|--------|--------||--------|--------||--------|--------||--------|--------||||--------|--------||--------|--------||BBBBBBBB|BBBBBBBB||--------|--------| set
cpu-bind=MASK - n2lcn0150, task  7  7 [572361]: mask 0x|--------|--------||--------|--------||--------|--------||--------|--------||||--------|--------||--------|--------||--------|--------||BBBBBBBB|BBBBBBBB| set
cpu-bind=MASK - n2lcn0154, task 39  7 [498858]: mask 0x|--------|--------||--------|--------||--------|--------||--------|--------||||--------|--------||--------|--------||--------|--------||BBBBBBBB|BBBBBBBB| set
cpu-bind=MASK - n2lcn0157, task 55  7 [580179]: mask 0x|--------|--------||--------|--------||--------|--------||--------|--------||||--------|--------||--------|--------||--------|--------||BBBBBBBB|BBBBBBBB| set
cpu-bind=MASK - n2lcn0155, task 47  7 [659720]: mask 0x|--------|--------||--------|--------||--------|--------||--------|--------||||--------|--------||--------|--------||--------|--------||BBBBBBBB|BBBBBBBB| set
cpu-bind=MASK - n2lcn0162, task 87  7 [674989]: mask 0x|--------|--------||--------|--------||--------|--------||--------|--------||||--------|--------||--------|--------||--------|--------||BBBBBBBB|BBBBBBBB| set
cpu-bind=MASK - n2lcn0151, task 15  7 [500298]: mask 0x|--------|--------||--------|--------||--------|--------||--------|--------||||--------|--------||--------|--------||--------|--------||BBBBBBBB|BBBBBBBB| set
cpu-bind=MASK - n2lcn0152, task 23  7 [658872]: mask 0x|--------|--------||--------|--------||--------|--------||--------|--------||||--------|--------||--------|--------||--------|--------||BBBBBBBB|BBBBBBBB| set
cpu-bind=MASK - n2lcn0158, task 56  0 [918381]: mask 0x|BBBBBBBB|BBBBBBBB||--------|--------||--------|--------||--------|--------||||--------|--------||--------|--------||--------|--------||--------|--------| set
cpu-bind=MASK - n2lcn0158, task 57  1 [918382]: mask 0x|--------|--------||BBBBBBBB|BBBBBBBB||--------|--------||--------|--------||||--------|--------||--------|--------||--------|--------||--------|--------| set
cpu-bind=MASK - n2lcn0158, task 58  2 [918383]: mask 0x|--------|--------||--------|--------||BBBBBBBB|BBBBBBBB||--------|--------||||--------|--------||--------|--------||--------|--------||--------|--------| set
cpu-bind=MASK - n2lcn0158, task 59  3 [918384]: mask 0x|--------|--------||--------|--------||--------|--------||BBBBBBBB|BBBBBBBB||||--------|--------||--------|--------||--------|--------||--------|--------| set
cpu-bind=MASK - n2lcn0158, task 60  4 [918385]: mask 0x|--------|--------||--------|--------||--------|--------||--------|--------||||BBBBBBBB|BBBBBBBB||--------|--------||--------|--------||--------|--------| set
cpu-bind=MASK - n2lcn0158, task 61  5 [918386]: mask 0x|--------|--------||--------|--------||--------|--------||--------|--------||||--------|--------||BBBBBBBB|BBBBBBBB||--------|--------||--------|--------| set
cpu-bind=MASK - n2lcn0158, task 62  6 [918387]: mask 0x|--------|--------||--------|--------||--------|--------||--------|--------||||--------|--------||--------|--------||BBBBBBBB|BBBBBBBB||--------|--------| set
cpu-bind=MASK - n2lcn0153, task 24  0 [875533]: mask 0x|BBBBBBBB|BBBBBBBB||--------|--------||--------|--------||--------|--------||||--------|--------||--------|--------||--------|--------||--------|--------| set
cpu-bind=MASK - n2lcn0153, task 25  1 [875534]: mask 0x|--------|--------||BBBBBBBB|BBBBBBBB||--------|--------||--------|--------||||--------|--------||--------|--------||--------|--------||--------|--------| set
cpu-bind=MASK - n2lcn0153, task 26  2 [875535]: mask 0x|--------|--------||--------|--------||BBBBBBBB|BBBBBBBB||--------|--------||||--------|--------||--------|--------||--------|--------||--------|--------| set
cpu-bind=MASK - n2lcn0153, task 27  3 [875536]: mask 0x|--------|--------||--------|--------||--------|--------||BBBBBBBB|BBBBBBBB||||--------|--------||--------|--------||--------|--------||--------|--------| set
cpu-bind=MASK - n2lcn0153, task 28  4 [875537]: mask 0x|--------|--------||--------|--------||--------|--------||--------|--------||||BBBBBBBB|BBBBBBBB||--------|--------||--------|--------||--------|--------| set
cpu-bind=MASK - n2lcn0158, task 63  7 [918388]: mask 0x|--------|--------||--------|--------||--------|--------||--------|--------||||--------|--------||--------|--------||--------|--------||BBBBBBBB|BBBBBBBB| set
cpu-bind=MASK - n2lcn0153, task 29  5 [875538]: mask 0x|--------|--------||--------|--------||--------|--------||--------|--------||||--------|--------||BBBBBBBB|BBBBBBBB||--------|--------||--------|--------| set
cpu-bind=MASK - n2lcn0153, task 30  6 [875539]: mask 0x|--------|--------||--------|--------||--------|--------||--------|--------||||--------|--------||--------|--------||BBBBBBBB|BBBBBBBB||--------|--------| set
cpu-bind=MASK - n2lcn0160, task 64  0 [661066]: mask 0x|BBBBBBBB|BBBBBBBB||--------|--------||--------|--------||--------|--------||||--------|--------||--------|--------||--------|--------||--------|--------| set
cpu-bind=MASK - n2lcn0160, task 65  1 [661067]: mask 0x|--------|--------||BBBBBBBB|BBBBBBBB||--------|--------||--------|--------||||--------|--------||--------|--------||--------|--------||--------|--------| set
cpu-bind=MASK - n2lcn0153, task 31  7 [875540]: mask 0x|--------|--------||--------|--------||--------|--------||--------|--------||||--------|--------||--------|--------||--------|--------||BBBBBBBB|BBBBBBBB| set
cpu-bind=MASK - n2lcn0160, task 66  2 [661068]: mask 0x|--------|--------||--------|--------||BBBBBBBB|BBBBBBBB||--------|--------||||--------|--------||--------|--------||--------|--------||--------|--------| set
cpu-bind=MASK - n2lcn0160, task 67  3 [661069]: mask 0x|--------|--------||--------|--------||--------|--------||BBBBBBBB|BBBBBBBB||||--------|--------||--------|--------||--------|--------||--------|--------| set
cpu-bind=MASK - n2lcn0160, task 68  4 [661070]: mask 0x|--------|--------||--------|--------||--------|--------||--------|--------||||BBBBBBBB|BBBBBBBB||--------|--------||--------|--------||--------|--------| set
cpu-bind=MASK - n2lcn0160, task 69  5 [661071]: mask 0x|--------|--------||--------|--------||--------|--------||--------|--------||||--------|--------||BBBBBBBB|BBBBBBBB||--------|--------||--------|--------| set
cpu-bind=MASK - n2lcn0160, task 70  6 [661072]: mask 0x|--------|--------||--------|--------||--------|--------||--------|--------||||--------|--------||--------|--------||BBBBBBBB|BBBBBBBB||--------|--------| set
cpu-bind=MASK - n2lcn0160, task 71  7 [661073]: mask 0x|--------|--------||--------|--------||--------|--------||--------|--------||||--------|--------||--------|--------||--------|--------||BBBBBBBB|BBBBBBBB| set
cpu-bind=MASK - n2lcn0163, task 88  0 [590532]: mask 0x|BBBBBBBB|BBBBBBBB||--------|--------||--------|--------||--------|--------||||--------|--------||--------|--------||--------|--------||--------|--------| set
cpu-bind=MASK - n2lcn0163, task 89  1 [590533]: mask 0x|--------|--------||BBBBBBBB|BBBBBBBB||--------|--------||--------|--------||||--------|--------||--------|--------||--------|--------||--------|--------| set
cpu-bind=MASK - n2lcn0163, task 90  2 [590534]: mask 0x|--------|--------||--------|--------||BBBBBBBB|BBBBBBBB||--------|--------||||--------|--------||--------|--------||--------|--------||--------|--------| set
cpu-bind=MASK - n2lcn0163, task 91  3 [590535]: mask 0x|--------|--------||--------|--------||--------|--------||BBBBBBBB|BBBBBBBB||||--------|--------||--------|--------||--------|--------||--------|--------| set
cpu-bind=MASK - n2lcn0163, task 92  4 [590536]: mask 0x|--------|--------||--------|--------||--------|--------||--------|--------||||BBBBBBBB|BBBBBBBB||--------|--------||--------|--------||--------|--------| set
cpu-bind=MASK - n2lcn0163, task 93  5 [590537]: mask 0x|--------|--------||--------|--------||--------|--------||--------|--------||||--------|--------||BBBBBBBB|BBBBBBBB||--------|--------||--------|--------| set
cpu-bind=MASK - n2lcn0163, task 94  6 [590538]: mask 0x|--------|--------||--------|--------||--------|--------||--------|--------||||--------|--------||--------|--------||BBBBBBBB|BBBBBBBB||--------|--------| set
cpu-bind=MASK - n2lcn0163, task 95  7 [590539]: mask 0x|--------|--------||--------|--------||--------|--------||--------|--------||||--------|--------||--------|--------||--------|--------||BBBBBBBB|BBBBBBBB| set
cpu-bind=MASK - n2lcn0161, task 72  0 [701704]: mask 0x|BBBBBBBB|BBBBBBBB||--------|--------||--------|--------||--------|--------||||--------|--------||--------|--------||--------|--------||--------|--------| set
cpu-bind=MASK - n2lcn0161, task 73  1 [701705]: mask 0x|--------|--------||BBBBBBBB|BBBBBBBB||--------|--------||--------|--------||||--------|--------||--------|--------||--------|--------||--------|--------| set
cpu-bind=MASK - n2lcn0161, task 74  2 [701706]: mask 0x|--------|--------||--------|--------||BBBBBBBB|BBBBBBBB||--------|--------||||--------|--------||--------|--------||--------|--------||--------|--------| set
cpu-bind=MASK - n2lcn0161, task 75  3 [701707]: mask 0x|--------|--------||--------|--------||--------|--------||BBBBBBBB|BBBBBBBB||||--------|--------||--------|--------||--------|--------||--------|--------| set
cpu-bind=MASK - n2lcn0161, task 76  4 [701708]: mask 0x|--------|--------||--------|--------||--------|--------||--------|--------||||BBBBBBBB|BBBBBBBB||--------|--------||--------|--------||--------|--------| set
cpu-bind=MASK - n2lcn0161, task 77  5 [701709]: mask 0x|--------|--------||--------|--------||--------|--------||--------|--------||||--------|--------||BBBBBBBB|BBBBBBBB||--------|--------||--------|--------| set
cpu-bind=MASK - n2lcn0161, task 78  6 [701710]: mask 0x|--------|--------||--------|--------||--------|--------||--------|--------||||--------|--------||--------|--------||BBBBBBBB|BBBBBBBB||--------|--------| set
cpu-bind=MASK - n2lcn0161, task 79  7 [701711]: mask 0x|--------|--------||--------|--------||--------|--------||--------|--------||||--------|--------||--------|--------||--------|--------||BBBBBBBB|BBBBBBBB| set
 DBCSR| CPU Multiplication driver                                           XSMM (U)
 DBCSR| Multrec recursion limit                                              512 (U)
 DBCSR| Multiplication stack size                                           1000 (D)
 DBCSR| Maximum elements for images                                    UNLIMITED (U)
 DBCSR| Multiplicative factor virtual images                                   1 (U)
 DBCSR| Use multiplication densification                                       T (D)
 DBCSR| Multiplication size stacks                                             3 (U)
 DBCSR| Use memory pool for CPU allocation                                     F (U)
 DBCSR| Number of 3D layers                                               SINGLE (U)
 DBCSR| Use MPI memory allocation                                              F (U)
 DBCSR| Use RMA algorithm                                                      F (U)
 DBCSR| Use Communication thread                                               T (U)
 DBCSR| Communication thread load                                             30 (D)
 DBCSR| MPI: My process id                                                     0
 DBCSR| MPI: Number of processes                                              96
 DBCSR| OMP: Current number of threads                                        16
 DBCSR| OMP: Max number of threads                                            16
 DBCSR| Split modifier for TAS multiplication algorithm                  1.0E+00 (U)


  **** **** ******  **  PROGRAM STARTED AT               2026-09-24 10:31:40.479
 ***** ** ***  *** **   PROGRAM STARTED ON                             n2lcn0150
 **    ****   ******    PROGRAM STARTED BY                              metdyn07
 ***** **    ** ** **   PROGRAM PROCESS ID                                572354
  **** **  *******  **  PROGRAM STARTED IN /scratch/hpc-prf-metdyn/metdyn07_Rita
                                           j/otus/max-nanographene/128

 CP2K| version string:                 CP2K version 2026.2 (Development Version)
 CP2K| source code revision number:                                   0005d2399e
 CP2K| cp2kflags: omp libint fftw3 libxc elpa parallel scalapack mpi_f08 cosma l
 CP2K|            ibxs libxsmm plumed2 spglib openblas sirius libvori libbqb lib
 CP2K|            bvdwxc hdf5 greenx
 CP2K| is freely available from                            https://www.cp2k.org/
 CP2K| Program compiled at                                   2026-09-14 14:16:23
 CP2K| Program compiled on                                              n2login5
 CP2K| Program compiled for                                               x86_64
 CP2K| Data directory path    /pc2/groups/hpc-prf-metdyn/metdyn07_Ritaj/implemen
 CP2K| Input file name                                                 input.inp

 GLOBAL| Force Environment number                                              1
 GLOBAL| Basis set file name             BASIS_GTH_MOLOPT_AUG_for_excited_states
 GLOBAL| Potential file name                                      GTH_POTENTIALS
 GLOBAL| MM Potential file name                                     MM_POTENTIAL
 GLOBAL| Coordinate file name                                          struc.xyz
 GLOBAL| Method name                                                        CP2K
 GLOBAL| Project name                                                      rec_4
 GLOBAL| Run type                                                 RT_PROPAGATION
 GLOBAL| FFT library                                                       FFTW3
 GLOBAL| Diagonalization library                                            ELPA
 GLOBAL| Cholesky decomposition library                                ScaLAPACK
 GLOBAL| DGEMM library                                                      BLAS
 GLOBAL| Minimum number of eigenvectors for ELPA usage                        64
 GLOBAL| Orthonormality check for eigenvectors                          DISABLED
 GLOBAL| Matrix multiplication library                                     COSMA
 GLOBAL| All-to-all communication in single precision                          F
 GLOBAL| Grid backend                                                       AUTO
 GLOBAL| Global print level                                               MEDIUM
 GLOBAL| MPI I/O enabled                                                       T
 GLOBAL| Total number of message passing processes                            96
 GLOBAL| Number of distributed systems (nodes)                                12
 GLOBAL| Number of threads for this process                                   16
 GLOBAL| This output is from process                                           0
 GLOBAL| OpenMP stack size per thread (OMP_STACKSIZE)                    default
 GLOBAL| CPU model name                          AMD EPYC 7763 64-Core Processor
 GLOBAL| CPUID                                                              1002
 GLOBAL| Compiled for CPUID                                                    0

 *** HINT in environment.F:968 :: The compiler target (generic) used to ***
 *** build this binary does not enable all instruction-set extensions   ***
 *** available on this CPU (x86_avx2). Consider reconfiguring and       ***
 *** rebuilding CP2K for this target system to enable them.             ***


 MEMORY| system memory details [Kb]
 MEMORY|                        rank 0           min           max       average
 MEMORY| MemTotal           1056620516    1056620456    1056625016    1056620866
 MEMORY| MemFree            1042347336    1041642604    1044394652    1042561010
 MEMORY| Buffers                391080         24820        413228        335720
 MEMORY| Cached                7441100       6351868       8014864       7410350
 MEMORY| Slab                  1813812       1262916       2053452       1630783
 MEMORY| SReclaimable           469712        271412        689372        430081
 MEMORY| MemLikelyFree      1050649228    1050337260    1051084748    1050737161


 *** Fundamental physical constants (SI units) ***

 *** Literature: B. J. Mohr and B. N. Taylor,
 ***             CODATA recommended values of the fundamental physical
 ***             constants: 2006, Web Version 5.1
 ***             http://physics.nist.gov/constants

 Speed of light in vacuum [m/s]                             2.99792458000000E+08
 Magnetic constant or permeability of vacuum [N/A**2]       1.25663706143592E-06
 Electric constant or permittivity of vacuum [F/m]          8.85418781762039E-12
 Planck constant (h) [J*s]                                  6.62606896000000E-34
 Planck constant (h-bar) [J*s]                              1.05457162825177E-34
 Elementary charge [C]                                      1.60217648700000E-19
 Electron mass [kg]                                         9.10938215000000E-31
 Electron g factor [ ]                                     -2.00231930436220E+00
 Proton mass [kg]                                           1.67262163700000E-27
 Fine-structure constant                                    7.29735253760000E-03
 Rydberg constant [1/m]                                     1.09737315685270E+07
 Avogadro constant [1/mol]                                  6.02214179000000E+23
 Boltzmann constant [J/K]                                   1.38065040000000E-23
 Atomic mass unit [kg]                                      1.66053878200000E-27
 Bohr radius [m]                                            5.29177208590000E-11

 *** Conversion factors ***

 [u] -> [a.u.]                                              1.82288848426455E+03
 [Angstrom] -> [Bohr] = [a.u.]                              1.88972613288564E+00
 [a.u.] = [Bohr] -> [Angstrom]                              5.29177208590000E-01
 [a.u.] -> [s]                                              2.41888432650478E-17
 [a.u.] -> [fs]                                             2.41888432650478E-02
 [a.u.] -> [J]                                              4.35974393937059E-18
 [a.u.] -> [N]                                              8.23872205491840E-08
 [a.u.] -> [K]                                              3.15774647902944E+05
 [a.u.] -> [kJ/mol]                                         2.62549961709828E+03
 [a.u.] -> [kcal/mol]                                       6.27509468713739E+02
 [a.u.] -> [Pa]                                             2.94210107994716E+13
 [a.u.] -> [bar]                                            2.94210107994716E+08
 [a.u.] -> [atm]                                            2.90362800883016E+08
 [a.u.] -> [eV]                                             2.72113838565563E+01
 [a.u.] -> [Hz]                                             6.57968392072181E+15
 [a.u.] -> [1/cm] (wave numbers)                            2.19474631370540E+05
 [a.u./Bohr**2] -> [1/cm]                                   5.14048714338585E+03
 

 CELL| Volume [angstrom^3]:                                        123356.246475
 CELL| Vector a [angstrom]:      19.190     0.000     0.000   |a| =    19.190000
 CELL| Vector b [angstrom]:       0.000   556.550     0.000   |b| =   556.550000
 CELL| Vector c [angstrom]:       0.000     0.000    11.550   |c| =    11.550000
 CELL| Angle (b,c), alpha [degree]:                                    90.000000
 CELL| Angle (a,c), beta  [degree]:                                    90.000000
 CELL| Angle (a,b), gamma [degree]:                                    90.000000
 CELL| Numerically orthorhombic:                                             YES
 CELL| Periodicity                                                          NONE

 CELL_REF| Volume [angstrom^3]:                                    123356.246475
 CELL_REF| Vector a [angstrom    19.190     0.000     0.000   |a| =    19.190000
 CELL_REF| Vector b [angstrom     0.000   556.550     0.000   |b| =   556.550000
 CELL_REF| Vector c [angstrom     0.000     0.000    11.550   |c| =    11.550000
 CELL_REF| Angle (b,c), alpha [degree]:                                90.000000
 CELL_REF| Angle (a,c), beta  [degree]:                                90.000000
 CELL_REF| Angle (a,b), gamma [degree]:                                90.000000
 CELL_REF| Numerically orthorhombic:                                         YES
 CELL_REF| Periodicity                                                      NONE

 GENERATE|  Preliminary Number of Bonds generated:                             0
 GENERATE|  Achieved consistency in connectivity generation.

 PW_GRID| Information for grid number                                          1
 PW_GRID| Cutoff [a.u.]                                                      0.0
 PW_GRID| spherical cutoff:                                                   NO
 PW_GRID|   Bounds   1              0      49                Points:          50
 PW_GRID|   Bounds   2              0      49                Points:          50
 PW_GRID|   Bounds   3              0      49                Points:          50
 PW_GRID| Volume element (a.u.^3)   6.660         Volume (a.u.^3)    832449.2241
 PW_GRID| Grid span                                                    HALFSPACE

 *******************************************************************************
 *******************************************************************************
 **                                                                           **
 **     #####                         ##              ##                      **
 **    ##   ##            ##          ##              ##                      **
 **   ##     ##                       ##            ######                    **
 **   ##     ##  ##   ##  ##   #####  ##  ##   ####   ##    #####    #####    **
 **   ##     ##  ##   ##  ##  ##      ## ##   ##      ##   ##   ##  ##   ##   **
 **   ##  ## ##  ##   ##  ##  ##      ####     ###    ##   ######   ######    **
 **    ##  ###   ##   ##  ##  ##      ## ##      ##   ##   ##       ##        **
 **     #######   #####   ##   #####  ##  ##  ####    ##    #####   ##        **
 **           ##                                                    ##        **
 **                                                                           **
 **                                                ... make the atoms dance   **
 **                                                                           **
 **            Copyright (C) by CP2K developers group (2000-2026)             **
 **                      J. Chem. Phys. 152, 194103 (2020)                    **
 **                                                                           **
 *******************************************************************************

 DFT| Spin restricted Kohn-Sham (RKS) calculation                            RKS
 DFT| Multiplicity                                                             1
 DFT| Number of spin states                                                    1
 DFT| Charge                                                                   0
 DFT| Self-interaction correction (SIC)                                       NO
 DFT| Cutoffs: density                                              1.000000E-10
 DFT|          gradient                                             1.000000E-10
 DFT|          tau                                                  1.000000E-10
 DFT|          cutoff_smoothing_range                               0.000000E+00
 DFT| XC density smoothing                                                  NONE
 DFT| XC derivatives                                                          PW

 FUNCTIONAL| PBE:
 FUNCTIONAL| J.P.Perdew, K.Burke, M.Ernzerhof, Phys. Rev. Letter, vol. 77, n 18,
 FUNCTIONAL|  pp. 3865-3868, (1996) {spin unpolarized}                          


 QS| Method:                                                                 GPW
 QS| Density plane wave grid type                        NON-SPHERICAL FULLSPACE
 QS| Number of grid levels:                                                    4
 QS| Density cutoff [a.u.]:                                                300.0
 QS| Multi grid cutoff [a.u.]: 1) grid level                               300.0
 QS|                           2) grid level                               100.0
 QS|                           3) grid level                                33.3
 QS|                           4) grid level                                11.1
 QS| Grid level progression factor:                                          3.0
 QS| Relative density cutoff [a.u.]:                                        30.0
 QS| Interaction thresholds: eps_pgf_orb:                                3.2E-08
 QS|                         eps_filter_matrix:                          0.0E+00
 QS|                         eps_core_charge:                            1.0E-17
 QS|                         eps_rho_gspace:                             1.0E-15
 QS|                         eps_rho_rspace:                             1.0E-15
 QS|                         eps_gvg_rspace:                             3.2E-08
 QS|                         eps_ppl:                                    1.0E-02
 QS|                         eps_ppnl:                                   3.2E-10


 ATOMIC KIND INFORMATION

  1. Atomic kind: H                                     Number of atoms:     520

     Orbital Basis Set                                 aug-SZV-MOLOPT-GTH-tier-2

       Number of orbital shell sets:                                           1
       Number of orbital shells:                                               4
       Number of primitive Cartesian functions:                                7
       Number of Cartesian basis functions:                                    6
       Number of spherical basis functions:                                    6
       Norm type:                                                              2

       Normalised Cartesian orbitals:

                        Set   Shell   Orbital            Exponent    Coefficient

                          1       1    2s                0.050000       0.000000
                                                         0.082193      -0.014019
                                                         0.239116      -0.107525
                                                         0.450000       0.000000
                                                         0.791502      -0.258419
                                                         2.680223      -0.177618
                                                        10.068468      -0.133023

                          1       2    3s                0.050000       0.064974
                                                         0.082193       0.029198
                                                         0.239116      -0.007574
                                                         0.450000      -0.090795
                                                         0.791502      -0.025739
                                                         2.680223       0.000002
                                                        10.068468       0.000000

                          1       3    4s                0.050000      -0.067626
                                                         0.082193       0.244167
                                                         0.239116      -0.094768
                                                         0.450000      -0.043967
                                                         0.791502      -0.043572
                                                         2.680223      -0.153771
                                                        10.068468       0.000000

                          1       4    3px               0.050000       0.038628
                                                         0.082193      -0.015554
                                                         0.239116       0.034455
                                                         0.450000       0.013474
                                                         0.791502      -0.005076
                                                         2.680223       0.028739
                                                        10.068468       0.000000
                          1       4    3py               0.050000       0.038628
                                                         0.082193      -0.015554
                                                         0.239116       0.034455
                                                         0.450000       0.013474
                                                         0.791502      -0.005076
                                                         2.680223       0.028739
                                                        10.068468       0.000000
                          1       4    3pz               0.050000       0.038628
                                                         0.082193      -0.015554
                                                         0.239116       0.034455
                                                         0.450000       0.013474
                                                         0.791502      -0.005076
                                                         2.680223       0.028739
                                                        10.068468       0.000000

     RI Auxiliary Basis Set             RI_aug-SZV-MOLOPT-GTH-tier-2_N_RI_005_s_

       Number of orbital shell sets:                                           3
       Number of orbital shells:                                               3
       Number of primitive Cartesian functions:                                3
       Number of Cartesian basis functions:                                    5
       Number of spherical basis functions:                                    5
       Norm type:                                                              2

       Normalised Cartesian orbitals:

                        Set   Shell   Orbital            Exponent    Coefficient

                          1       1    1s                0.184491       0.200628

                          2       1    2s                3.030559       1.637013

                          3       1    3px               0.610174       0.768701
                          3       1    3py               0.610174       0.768701
                          3       1    3pz               0.610174       0.768701

       Atomic covalent radius [Angstrom]:                                  0.320

       Atomic van der Waals radius [Angstrom]:                             1.090

     GTH Potential information for                                    GTH-PBE-q1

       Description:                       Goedecker-Teter-Hutter pseudopotential
                                           Goedecker et al., PRB 54, 1703 (1996)
                                          Hartwigsen et al., PRB 58, 3641 (1998)
                                                      Krack, TCA 114, 145 (2005)

       Gaussian exponent of the core charge distribution:              12.500000
       Electronic configuration (s p d ...):                                   1

       Parameters of the local part of the GTH pseudopotential:

                          rloc        C1          C2          C3          C4
                        0.200000   -4.178900    0.724463

  2. Atomic kind: C                                     Number of atoms:    1792

     Orbital Basis Set                                 aug-SZV-MOLOPT-GTH-tier-2

       Number of orbital shell sets:                                           1
       Number of orbital shells:                                               5
       Number of primitive Cartesian functions:                                6
       Number of Cartesian basis functions:                                   14
       Number of spherical basis functions:                                   13
       Norm type:                                                              2

       Normalised Cartesian orbitals:

                        Set   Shell   Orbital            Exponent    Coefficient

                          1       1    2s                0.070000       0.000000
                                                         0.128212      -0.022789
                                                         0.348157      -0.219794
                                                         0.769911      -0.209686
                                                         2.113016       0.213043
                                                         5.605331       0.322515

                          1       2    3s                0.070000       0.133509
                                                         0.128212      -0.041206
                                                         0.348157      -0.081784
                                                         0.769911      -0.003005
                                                         2.113016       0.000000
                                                         5.605331       0.000000

                          1       3    3px               0.070000       0.000000
                                                         0.128212      -0.027849
                                                         0.348157      -0.139743
                                                         0.769911      -0.374851
                                                         2.113016      -0.642521
                                                         5.605331      -0.703879
                          1       3    3py               0.070000       0.000000
                                                         0.128212      -0.027849
                                                         0.348157      -0.139743
                                                         0.769911      -0.374851
                                                         2.113016      -0.642521
                                                         5.605331      -0.703879
                          1       3    3pz               0.070000       0.000000
                                                         0.128212      -0.027849
                                                         0.348157      -0.139743
                                                         0.769911      -0.374851
                                                         2.113016      -0.642521
                                                         5.605331      -0.703879

                          1       4    4px               0.070000       0.033242
                                                         0.128212       0.023307
                                                         0.348157       0.113522
                                                         0.769911      -0.094955
                                                         2.113016       0.000000
                                                         5.605331       0.000000
                          1       4    4py               0.070000       0.033242
                                                         0.128212       0.023307
                                                         0.348157       0.113522
                                                         0.769911      -0.094955
                                                         2.113016       0.000000
                                                         5.605331       0.000000
                          1       4    4pz               0.070000       0.033242
                                                         0.128212       0.023307
                                                         0.348157       0.113522
                                                         0.769911      -0.094955
                                                         2.113016       0.000000
                                                         5.605331       0.000000

                          1       5    4dx2              0.070000      -0.000111
                                                         0.128212       0.037828
                                                         0.348157       0.043639
                                                         0.769911       0.120124
                                                         2.113016       0.000000
                                                         5.605331       0.000000
                          1       5    4dxy              0.070000      -0.000193
                                                         0.128212       0.065520
                                                         0.348157       0.075585
                                                         0.769911       0.208061
                                                         2.113016       0.000000
                                                         5.605331       0.000000
                          1       5    4dxz              0.070000      -0.000193
                                                         0.128212       0.065520
                                                         0.348157       0.075585
                                                         0.769911       0.208061
                                                         2.113016       0.000000
                                                         5.605331       0.000000
                          1       5    4dy2              0.070000      -0.000111
                                                         0.128212       0.037828
                                                         0.348157       0.043639
                                                         0.769911       0.120124
                                                         2.113016       0.000000
                                                         5.605331       0.000000
                          1       5    4dyz              0.070000      -0.000193
                                                         0.128212       0.065520
                                                         0.348157       0.075585
                                                         0.769911       0.208061
                                                         2.113016       0.000000
                                                         5.605331       0.000000
                          1       5    4dz2              0.070000      -0.000111
                                                         0.128212       0.037828
                                                         0.348157       0.043639
                                                         0.769911       0.120124
                                                         2.113016       0.000000
                                                         5.605331       0.000000

     RI Auxiliary Basis Set             RI_aug-SZV-MOLOPT-GTH-tier-2_N_RI_030_s_

       Number of orbital shell sets:                                          10
       Number of orbital shells:                                              10
       Number of primitive Cartesian functions:                               10
       Number of Cartesian basis functions:                                   35
       Number of spherical basis functions:                                   30
       Norm type:                                                              2

       Normalised Cartesian orbitals:

                        Set   Shell   Orbital            Exponent    Coefficient

                          1       1    1s                0.191848       0.206599

                          2       1    2s                0.736300       0.566502

                          3       1    3s                2.917592       1.591031

                          4       1    4s                9.448168       3.840792

                          5       1    5px               0.281885       0.292772
                          5       1    5py               0.281885       0.292772
                          5       1    5pz               0.281885       0.292772

                          6       1    6px               0.984576       1.397983
                          6       1    6py               0.984576       1.397983
                          6       1    6pz               0.984576       1.397983

                          7       1    7px               2.475409       4.425871
                          7       1    7py               2.475409       4.425871
                          7       1    7pz               2.475409       4.425871

                          8       1    8dx2              0.347629       0.259037
                          8       1    8dxy              0.347629       0.448666
                          8       1    8dxz              0.347629       0.448666
                          8       1    8dy2              0.347629       0.259037
                          8       1    8dyz              0.347629       0.448666
                          8       1    8dz2              0.347629       0.259037

                          9       1    9dx2              1.822216       4.703911
                          9       1    9dxy              1.822216       8.147414
                          9       1    9dxz              1.822216       8.147414
                          9       1    9dy2              1.822216       4.703911
                          9       1    9dyz              1.822216       8.147414
                          9       1    9dz2              1.822216       4.703911

                         10       1   10fx3              0.497967       0.306659
                         10       1   10fx2y             0.497967       0.685710
                         10       1   10fx2z             0.497967       0.685710
                         10       1   10fxy2             0.497967       0.685710
                         10       1   10fxyz             0.497967       1.187685
                         10       1   10fxz2             0.497967       0.685710
                         10       1   10fy3              0.497967       0.306659
                         10       1   10fy2z             0.497967       0.685710
                         10       1   10fyz2             0.497967       0.685710
                         10       1   10fz3              0.497967       0.306659

       Atomic covalent radius [Angstrom]:                                  0.770

       Atomic van der Waals radius [Angstrom]:                             1.700

     GTH Potential information for                                    GTH-PBE-q4

       Description:                       Goedecker-Teter-Hutter pseudopotential
                                           Goedecker et al., PRB 54, 1703 (1996)
                                          Hartwigsen et al., PRB 58, 3641 (1998)
                                                      Krack, TCA 114, 145 (2005)

       Gaussian exponent of the core charge distribution:               4.364419
       Electronic configuration (s p d ...):                               2   2

       Parameters of the local part of the GTH pseudopotential:

                          rloc        C1          C2          C3          C4
                        0.338471   -8.803674    1.339211

       Parameters of the non-local part of the GTH pseudopotential:

                   l      r(l)      h(i,j,l)

                   0    0.302576    9.622487
                   1    0.291507


 MOLECULE KIND INFORMATION


 All atoms are their own molecule, skipping detailed information


 TOTAL NUMBERS AND MAXIMUM NUMBERS

  Total number of            - Atomic kinds:                                   2
                             - Atoms:                                       2312
                             - Shell sets:                                  2312
                             - Shells:                                     11040
                             - Primitive Cartesian functions:              14392
                             - Cartesian basis functions:                  28208
                             - Spherical basis functions:                  26416

  Maximum angular momentum of- Orbital basis functions:                        2
                             - Local part of the GTH pseudopotential:          2
                             - Non-local part of the GTH pseudopotential:      0


 MODULE QUICKSTEP: ATOMIC COORDINATES IN ANGSTROM

   Atom Kind Element         X             Y             Z       Z(eff)     Mass
      1    1 H     1     12.035671      5.000308      5.775000   1.0000   1.0079
      2    1 H     1      7.154329      5.000308      5.775000   1.0000   1.0079
      3    1 H     1      9.595000      5.311554      6.548044   1.0000   1.0079
      4    1 H     1      9.595000      5.311554      5.001956   1.0000   1.0079
      5    2 C     6      9.595000      6.084598      5.775000   4.0000  12.0107
      6    2 C     6     12.035671      6.093558      5.775000   4.0000  12.0107
      7    2 C     6      7.154329      6.093558      5.775000   4.0000  12.0107
      8    1 H     1      4.998191      6.308261      5.775000   1.0000   1.0079
      9    1 H     1     14.191809      6.308261      5.775000   1.0000   1.0079
     10    2 C     6      8.371477      6.797783      5.775000   4.0000  12.0107
     11    2 C     6     10.818523      6.797783      5.775000   4.0000  12.0107
     12    2 C     6      5.959983      6.828028      5.775000   4.0000  12.0107
     13    2 C     6     13.230017      6.828028      5.775000   4.0000  12.0107
     14    2 C     6     13.230017      8.186383      5.775000   4.0000  12.0107
     15    2 C     6      5.959983      8.186383      5.775000   4.0000  12.0107
     16    2 C     6     10.818523      8.216628      5.775000   4.0000  12.0107
     17    2 C     6      8.371477      8.216628      5.775000   4.0000  12.0107
     18    1 H     1      4.998191      8.706150      5.775000   1.0000   1.0079
     19    1 H     1     14.191809      8.706150      5.775000   1.0000   1.0079
     20    2 C     6      7.154329      8.920853      5.775000   4.0000  12.0107
     21    2 C     6     12.035671      8.920853      5.775000   4.0000  12.0107
     22    2 C     6      9.595000      8.929813      5.775000   4.0000  12.0107
     23    2 C     6      9.595000     10.348658      5.775000   4.0000  12.0107
     24    2 C     6      7.154329     10.357618      5.775000   4.0000  12.0107
     25    2 C     6     12.035671     10.357618      5.775000   4.0000  12.0107
     26    1 H     1      4.998191     10.572321      5.775000   1.0000   1.0079
     27    1 H     1     14.191809     10.572321      5.775000   1.0000   1.0079
     28    2 C     6     10.818523     11.061843      5.775000   4.0000  12.0107
     29    2 C     6      8.371477     11.061843      5.775000   4.0000  12.0107
     30    2 C     6      5.959983     11.092088      5.775000   4.0000  12.0107
     31    2 C     6     13.230017     11.092088      5.775000   4.0000  12.0107
     32    2 C     6     13.230017     12.450442      5.775000   4.0000  12.0107
     33    2 C     6      5.959983     12.450442      5.775000   4.0000  12.0107
     34    2 C     6      8.371477     12.480688      5.775000   4.0000  12.0107
     35    2 C     6     10.818523     12.480688      5.775000   4.0000  12.0107
     36    1 H     1     14.191809     12.970210      5.775000   1.0000   1.0079
     37    1 H     1      4.998191     12.970210      5.775000   1.0000   1.0079
     38    2 C     6      7.154329     13.184913      5.775000   4.0000  12.0107
     39    2 C     6     12.035671     13.184913      5.775000   4.0000  12.0107
     40    2 C     6      9.595000     13.193873      5.775000   4.0000  12.0107
     41    2 C     6      9.595000     14.612718      5.775000   4.0000  12.0107
     42    2 C     6      7.154329     14.621678      5.775000   4.0000  12.0107
     43    2 C     6     12.035671     14.621678      5.775000   4.0000  12.0107
     44    1 H     1     14.191809     14.836381      5.775000   1.0000   1.0079
     45    1 H     1      4.998191     14.836381      5.775000   1.0000   1.0079
     46    2 C     6     10.818523     15.325903      5.775000   4.0000  12.0107
     47    2 C     6      8.371477     15.325903      5.775000   4.0000  12.0107
     48    2 C     6      5.959983     15.356148      5.775000   4.0000  12.0107
     49    2 C     6     13.230017     15.356148      5.775000   4.0000  12.0107
     50    2 C     6     13.230017     16.714502      5.775000   4.0000  12.0107
     51    2 C     6      5.959983     16.714502      5.775000   4.0000  12.0107
     52    2 C     6      8.371477     16.744748      5.775000   4.0000  12.0107
     53    2 C     6     10.818523     16.744748      5.775000   4.0000  12.0107
     54    1 H     1      4.998191     17.234270      5.775000   1.0000   1.0079
     55    1 H     1     14.191809     17.234270      5.775000   1.0000   1.0079
     56    2 C     6     12.035671     17.448973      5.775000   4.0000  12.0107
     57    2 C     6      7.154329     17.448973      5.775000   4.0000  12.0107
     58    2 C     6      9.595000     17.457932      5.775000   4.0000  12.0107
     59    2 C     6      9.595000     18.876777      5.775000   4.0000  12.0107
     60    2 C     6      7.154329     18.885737      5.775000   4.0000  12.0107
     61    2 C     6     12.035671     18.885737      5.775000   4.0000  12.0107
     62    1 H     1     14.191809     19.100440      5.775000   1.0000   1.0079
     63    1 H     1      4.998191     19.100440      5.775000   1.0000   1.0079
     64    2 C     6      8.371477     19.589962      5.775000   4.0000  12.0107
     65    2 C     6     10.818523     19.589962      5.775000   4.0000  12.0107
     66    2 C     6     13.230017     19.620208      5.775000   4.0000  12.0107
     67    2 C     6      5.959983     19.620208      5.775000   4.0000  12.0107
     68    2 C     6     13.230017     20.978562      5.775000   4.0000  12.0107
     69    2 C     6      5.959983     20.978562      5.775000   4.0000  12.0107
     70    2 C     6      8.371477     21.008807      5.775000   4.0000  12.0107
     71    2 C     6     10.818523     21.008807      5.775000   4.0000  12.0107
     72    1 H     1     14.191809     21.498329      5.775000   1.0000   1.0079
     73    1 H     1      4.998191     21.498329      5.775000   1.0000   1.0079
     74    2 C     6      7.154329     21.713032      5.775000   4.0000  12.0107
     75    2 C     6     12.035671     21.713032      5.775000   4.0000  12.0107
     76    2 C     6      9.595000     21.721992      5.775000   4.0000  12.0107
     77    2 C     6      9.595000     23.140837      5.775000   4.0000  12.0107
     78    2 C     6     12.035671     23.149797      5.775000   4.0000  12.0107
     79    2 C     6      7.154329     23.149797      5.775000   4.0000  12.0107
     80    1 H     1     14.191809     23.364500      5.775000   1.0000   1.0079
     81    1 H     1      4.998191     23.364500      5.775000   1.0000   1.0079
     82    2 C     6      8.371477     23.854022      5.775000   4.0000  12.0107
     83    2 C     6     10.818523     23.854022      5.775000   4.0000  12.0107
     84    2 C     6      5.959983     23.884268      5.775000   4.0000  12.0107
     85    2 C     6     13.230017     23.884268      5.775000   4.0000  12.0107
     86    2 C     6      5.959983     25.242622      5.775000   4.0000  12.0107
     87    2 C     6     13.230017     25.242622      5.775000   4.0000  12.0107
     88    2 C     6      8.371477     25.272867      5.775000   4.0000  12.0107
     89    2 C     6     10.818523     25.272867      5.775000   4.0000  12.0107
     90    1 H     1      4.998191     25.762389      5.775000   1.0000   1.0079
     91    1 H     1     14.191809     25.762389      5.775000   1.0000   1.0079
     92    2 C     6      7.154329     25.977092      5.775000   4.0000  12.0107
     93    2 C     6     12.035671     25.977092      5.775000   4.0000  12.0107
     94    2 C     6      9.595000     25.986052      5.775000   4.0000  12.0107
     95    2 C     6      9.595000     27.404897      5.775000   4.0000  12.0107
     96    2 C     6     12.035671     27.413857      5.775000   4.0000  12.0107
     97    2 C     6      7.154329     27.413857      5.775000   4.0000  12.0107
     98    1 H     1     14.191809     27.628560      5.775000   1.0000   1.0079
     99    1 H     1      4.998191     27.628560      5.775000   1.0000   1.0079
    100    2 C     6     10.818523     28.118082      5.775000   4.0000  12.0107
    101    2 C     6      8.371477     28.118082      5.775000   4.0000  12.0107
    102    2 C     6     13.230017     28.148327      5.775000   4.0000  12.0107
    103    2 C     6      5.959983     28.148327      5.775000   4.0000  12.0107
    104    2 C     6      5.959983     29.506682      5.775000   4.0000  12.0107
    105    2 C     6     13.230017     29.506682      5.775000   4.0000  12.0107
    106    2 C     6      8.371477     29.536927      5.775000   4.0000  12.0107
    107    2 C     6     10.818523     29.536927      5.775000   4.0000  12.0107
    108    1 H     1      4.998191     30.026449      5.775000   1.0000   1.0079
    109    1 H     1     14.191809     30.026449      5.775000   1.0000   1.0079
    110    2 C     6      7.154329     30.241152      5.775000   4.0000  12.0107
    111    2 C     6     12.035671     30.241152      5.775000   4.0000  12.0107
    112    2 C     6      9.595000     30.250112      5.775000   4.0000  12.0107
    113    2 C     6      9.595000     31.668957      5.775000   4.0000  12.0107
    114    2 C     6      7.154329     31.677917      5.775000   4.0000  12.0107
    115    2 C     6     12.035671     31.677917      5.775000   4.0000  12.0107
    116    1 H     1     14.191809     31.892620      5.775000   1.0000   1.0079
    117    1 H     1      4.998191     31.892620      5.775000   1.0000   1.0079
    118    2 C     6     10.818523     32.382142      5.775000   4.0000  12.0107
    119    2 C     6      8.371477     32.382142      5.775000   4.0000  12.0107
    120    2 C     6     13.230017     32.412387      5.775000   4.0000  12.0107
    121    2 C     6      5.959983     32.412387      5.775000   4.0000  12.0107
    122    2 C     6      5.959983     33.770741      5.775000   4.0000  12.0107
    123    2 C     6     13.230017     33.770741      5.775000   4.0000  12.0107
    124    2 C     6     10.818523     33.800987      5.775000   4.0000  12.0107
    125    2 C     6      8.371477     33.800987      5.775000   4.0000  12.0107
    126    1 H     1     14.191809     34.290509      5.775000   1.0000   1.0079
    127    1 H     1      4.998191     34.290509      5.775000   1.0000   1.0079
    128    2 C     6      7.154329     34.505212      5.775000   4.0000  12.0107
    129    2 C     6     12.035671     34.505212      5.775000   4.0000  12.0107
    130    2 C     6      9.595000     34.514172      5.775000   4.0000  12.0107
    131    2 C     6      9.595000     35.933017      5.775000   4.0000  12.0107
    132    2 C     6      7.154329     35.941976      5.775000   4.0000  12.0107
    133    2 C     6     12.035671     35.941976      5.775000   4.0000  12.0107
    134    1 H     1     14.191809     36.156679      5.775000   1.0000   1.0079
    135    1 H     1      4.998191     36.156679      5.775000   1.0000   1.0079
    136    2 C     6     10.818523     36.646201      5.775000   4.0000  12.0107
    137    2 C     6      8.371477     36.646201      5.775000   4.0000  12.0107
    138    2 C     6     13.230017     36.676447      5.775000   4.0000  12.0107
    139    2 C     6      5.959983     36.676447      5.775000   4.0000  12.0107
    140    2 C     6     13.230017     38.034801      5.775000   4.0000  12.0107
    141    2 C     6      5.959983     38.034801      5.775000   4.0000  12.0107
    142    2 C     6      8.371477     38.065046      5.775000   4.0000  12.0107
    143    2 C     6     10.818523     38.065046      5.775000   4.0000  12.0107
    144    1 H     1     14.191809     38.554568      5.775000   1.0000   1.0079
    145    1 H     1      4.998191     38.554568      5.775000   1.0000   1.0079
    146    2 C     6      7.154329     38.769271      5.775000   4.0000  12.0107
    147    2 C     6     12.035671     38.769271      5.775000   4.0000  12.0107
    148    2 C     6      9.595000     38.778231      5.775000   4.0000  12.0107
    149    2 C     6      9.595000     40.197076      5.775000   4.0000  12.0107
    150    2 C     6     12.035671     40.206036      5.775000   4.0000  12.0107
    151    2 C     6      7.154329     40.206036      5.775000   4.0000  12.0107
    152    1 H     1      4.998191     40.420739      5.775000   1.0000   1.0079
    153    1 H     1     14.191809     40.420739      5.775000   1.0000   1.0079
    154    2 C     6     10.818523     40.910261      5.775000   4.0000  12.0107
    155    2 C     6      8.371477     40.910261      5.775000   4.0000  12.0107
    156    2 C     6     13.230017     40.940507      5.775000   4.0000  12.0107
    157    2 C     6      5.959983     40.940507      5.775000   4.0000  12.0107
    158    2 C     6      5.959983     42.298861      5.775000   4.0000  12.0107
    159    2 C     6     13.230017     42.298861      5.775000   4.0000  12.0107
    160    2 C     6      8.371477     42.329106      5.775000   4.0000  12.0107
    161    2 C     6     10.818523     42.329106      5.775000   4.0000  12.0107
    162    1 H     1     14.191809     42.818628      5.775000   1.0000   1.0079
    163    1 H     1      4.998191     42.818628      5.775000   1.0000   1.0079
    164    2 C     6     12.035671     43.033331      5.775000   4.0000  12.0107
    165    2 C     6      7.154329     43.033331      5.775000   4.0000  12.0107
    166    2 C     6      9.595000     43.042291      5.775000   4.0000  12.0107
    167    2 C     6      9.595000     44.461136      5.775000   4.0000  12.0107
    168    2 C     6     12.035671     44.470096      5.775000   4.0000  12.0107
    169    2 C     6      7.154329     44.470096      5.775000   4.0000  12.0107
    170    1 H     1      4.998191     44.684799      5.775000   1.0000   1.0079
    171    1 H     1     14.191809     44.684799      5.775000   1.0000   1.0079
    172    2 C     6      8.371477     45.174321      5.775000   4.0000  12.0107
    173    2 C     6     10.818523     45.174321      5.775000   4.0000  12.0107
    174    2 C     6      5.959983     45.204566      5.775000   4.0000  12.0107
    175    2 C     6     13.230017     45.204566      5.775000   4.0000  12.0107
    176    2 C     6     13.230017     46.562921      5.775000   4.0000  12.0107
    177    2 C     6      5.959983     46.562921      5.775000   4.0000  12.0107
    178    2 C     6      8.371477     46.593166      5.775000   4.0000  12.0107
    179    2 C     6     10.818523     46.593166      5.775000   4.0000  12.0107
    180    1 H     1     14.191809     47.082688      5.775000   1.0000   1.0079
    181    1 H     1      4.998191     47.082688      5.775000   1.0000   1.0079
    182    2 C     6     12.035671     47.297391      5.775000   4.0000  12.0107
    183    2 C     6      7.154329     47.297391      5.775000   4.0000  12.0107
    184    2 C     6      9.595000     47.306351      5.775000   4.0000  12.0107
    185    2 C     6      9.595000     48.725196      5.775000   4.0000  12.0107
    186    2 C     6     12.035671     48.734156      5.775000   4.0000  12.0107
    187    2 C     6      7.154329     48.734156      5.775000   4.0000  12.0107
    188    1 H     1      4.998191     48.948859      5.775000   1.0000   1.0079
    189    1 H     1     14.191809     48.948859      5.775000   1.0000   1.0079
    190    2 C     6     10.818523     49.438381      5.775000   4.0000  12.0107
    191    2 C     6      8.371477     49.438381      5.775000   4.0000  12.0107
    192    2 C     6      5.959983     49.468626      5.775000   4.0000  12.0107
    193    2 C     6     13.230017     49.468626      5.775000   4.0000  12.0107
    194    2 C     6      5.959983     50.826980      5.775000   4.0000  12.0107
    195    2 C     6     13.230017     50.826980      5.775000   4.0000  12.0107
    196    2 C     6     10.818523     50.857226      5.775000   4.0000  12.0107
    197    2 C     6      8.371477     50.857226      5.775000   4.0000  12.0107
    198    1 H     1     14.191809     51.346748      5.775000   1.0000   1.0079
    199    1 H     1      4.998191     51.346748      5.775000   1.0000   1.0079
    200    2 C     6     12.035671     51.561451      5.775000   4.0000  12.0107
    201    2 C     6      7.154329     51.561451      5.775000   4.0000  12.0107
    202    2 C     6      9.595000     51.570411      5.775000   4.0000  12.0107
    203    2 C     6      9.595000     52.989256      5.775000   4.0000  12.0107
    204    2 C     6      7.154329     52.998216      5.775000   4.0000  12.0107
    205    2 C     6     12.035671     52.998216      5.775000   4.0000  12.0107
    206    1 H     1     14.191809     53.212918      5.775000   1.0000   1.0079
    207    1 H     1      4.998191     53.212918      5.775000   1.0000   1.0079
    208    2 C     6      8.371477     53.702440      5.775000   4.0000  12.0107
    209    2 C     6     10.818523     53.702440      5.775000   4.0000  12.0107
    210    2 C     6      5.959983     53.732686      5.775000   4.0000  12.0107
    211    2 C     6     13.230017     53.732686      5.775000   4.0000  12.0107
    212    2 C     6     13.230017     55.091040      5.775000   4.0000  12.0107
    213    2 C     6      5.959983     55.091040      5.775000   4.0000  12.0107
    214    2 C     6     10.818523     55.121285      5.775000   4.0000  12.0107
    215    2 C     6      8.371477     55.121285      5.775000   4.0000  12.0107
    216    1 H     1     14.191809     55.610807      5.775000   1.0000   1.0079
    217    1 H     1      4.998191     55.610807      5.775000   1.0000   1.0079
    218    2 C     6      7.154329     55.825510      5.775000   4.0000  12.0107
    219    2 C     6     12.035671     55.825510      5.775000   4.0000  12.0107
    220    2 C     6      9.595000     55.834470      5.775000   4.0000  12.0107
    221    2 C     6      9.595000     57.253315      5.775000   4.0000  12.0107
    222    2 C     6     12.035671     57.262275      5.775000   4.0000  12.0107
    223    2 C     6      7.154329     57.262275      5.775000   4.0000  12.0107
    224    1 H     1      4.998191     57.476978      5.775000   1.0000   1.0079
    225    1 H     1     14.191809     57.476978      5.775000   1.0000   1.0079
    226    2 C     6      8.371477     57.966500      5.775000   4.0000  12.0107
    227    2 C     6     10.818523     57.966500      5.775000   4.0000  12.0107
    228    2 C     6     13.230017     57.996746      5.775000   4.0000  12.0107
    229    2 C     6      5.959983     57.996746      5.775000   4.0000  12.0107
    230    2 C     6      5.959983     59.355100      5.775000   4.0000  12.0107
    231    2 C     6     13.230017     59.355100      5.775000   4.0000  12.0107
    232    2 C     6     10.818523     59.385345      5.775000   4.0000  12.0107
    233    2 C     6      8.371477     59.385345      5.775000   4.0000  12.0107
    234    1 H     1     14.191809     59.874867      5.775000   1.0000   1.0079
    235    1 H     1      4.998191     59.874867      5.775000   1.0000   1.0079
    236    2 C     6     12.035671     60.089570      5.775000   4.0000  12.0107
    237    2 C     6      7.154329     60.089570      5.775000   4.0000  12.0107
    238    2 C     6      9.595000     60.098530      5.775000   4.0000  12.0107
    239    2 C     6      9.595000     61.517375      5.775000   4.0000  12.0107
    240    2 C     6     12.035671     61.526335      5.775000   4.0000  12.0107
    241    2 C     6      7.154329     61.526335      5.775000   4.0000  12.0107
    242    1 H     1     14.191809     61.741038      5.775000   1.0000   1.0079
    243    1 H     1      4.998191     61.741038      5.775000   1.0000   1.0079
    244    2 C     6     10.818523     62.230560      5.775000   4.0000  12.0107
    245    2 C     6      8.371477     62.230560      5.775000   4.0000  12.0107
    246    2 C     6     13.230017     62.260805      5.775000   4.0000  12.0107
    247    2 C     6      5.959983     62.260805      5.775000   4.0000  12.0107
    248    2 C     6      5.959983     63.619160      5.775000   4.0000  12.0107
    249    2 C     6     13.230017     63.619160      5.775000   4.0000  12.0107
    250    2 C     6     10.818523     63.649405      5.775000   4.0000  12.0107
    251    2 C     6      8.371477     63.649405      5.775000   4.0000  12.0107
    252    1 H     1      4.998191     64.138927      5.775000   1.0000   1.0079
    253    1 H     1     14.191809     64.138927      5.775000   1.0000   1.0079
    254    2 C     6     12.035671     64.353630      5.775000   4.0000  12.0107
    255    2 C     6      7.154329     64.353630      5.775000   4.0000  12.0107
    256    2 C     6      9.595000     64.362590      5.775000   4.0000  12.0107
    257    2 C     6      9.595000     65.781435      5.775000   4.0000  12.0107
    258    2 C     6     12.035671     65.790395      5.775000   4.0000  12.0107
    259    2 C     6      7.154329     65.790395      5.775000   4.0000  12.0107
    260    1 H     1      4.998191     66.005098      5.775000   1.0000   1.0079
    261    1 H     1     14.191809     66.005098      5.775000   1.0000   1.0079
    262    2 C     6     10.818523     66.494620      5.775000   4.0000  12.0107
    263    2 C     6      8.371477     66.494620      5.775000   4.0000  12.0107
    264    2 C     6     13.230017     66.524865      5.775000   4.0000  12.0107
    265    2 C     6      5.959983     66.524865      5.775000   4.0000  12.0107
    266    2 C     6      5.959983     67.883219      5.775000   4.0000  12.0107
    267    2 C     6     13.230017     67.883219      5.775000   4.0000  12.0107
    268    2 C     6      8.371477     67.913465      5.775000   4.0000  12.0107
    269    2 C     6     10.818523     67.913465      5.775000   4.0000  12.0107
    270    1 H     1      4.998191     68.402987      5.775000   1.0000   1.0079
    271    1 H     1     14.191809     68.402987      5.775000   1.0000   1.0079
    272    2 C     6      7.154329     68.617690      5.775000   4.0000  12.0107
    273    2 C     6     12.035671     68.617690      5.775000   4.0000  12.0107
    274    2 C     6      9.595000     68.626650      5.775000   4.0000  12.0107
    275    2 C     6      9.595000     70.045495      5.775000   4.0000  12.0107
    276    2 C     6     12.035671     70.054455      5.775000   4.0000  12.0107
    277    2 C     6      7.154329     70.054455      5.775000   4.0000  12.0107
    278    1 H     1     14.191809     70.269157      5.775000   1.0000   1.0079
    279    1 H     1      4.998191     70.269157      5.775000   1.0000   1.0079
    280    2 C     6     10.818523     70.758679      5.775000   4.0000  12.0107
    281    2 C     6      8.371477     70.758679      5.775000   4.0000  12.0107
    282    2 C     6      5.959983     70.788925      5.775000   4.0000  12.0107
    283    2 C     6     13.230017     70.788925      5.775000   4.0000  12.0107
    284    2 C     6     13.230017     72.147279      5.775000   4.0000  12.0107
    285    2 C     6      5.959983     72.147279      5.775000   4.0000  12.0107
    286    2 C     6     10.818523     72.177525      5.775000   4.0000  12.0107
    287    2 C     6      8.371477     72.177525      5.775000   4.0000  12.0107
    288    1 H     1     14.191809     72.667046      5.775000   1.0000   1.0079
    289    1 H     1      4.998191     72.667046      5.775000   1.0000   1.0079
    290    2 C     6      7.154329     72.881749      5.775000   4.0000  12.0107
    291    2 C     6     12.035671     72.881749      5.775000   4.0000  12.0107
    292    2 C     6      9.595000     72.890709      5.775000   4.0000  12.0107
    293    2 C     6      9.595000     74.309554      5.775000   4.0000  12.0107
    294    2 C     6     12.035671     74.318514      5.775000   4.0000  12.0107
    295    2 C     6      7.154329     74.318514      5.775000   4.0000  12.0107
    296    1 H     1      4.998191     74.533217      5.775000   1.0000   1.0079
    297    1 H     1     14.191809     74.533217      5.775000   1.0000   1.0079
    298    2 C     6     10.818523     75.022739      5.775000   4.0000  12.0107
    299    2 C     6      8.371477     75.022739      5.775000   4.0000  12.0107
    300    2 C     6      5.959983     75.052985      5.775000   4.0000  12.0107
    301    2 C     6     13.230017     75.052985      5.775000   4.0000  12.0107
    302    2 C     6     13.230017     76.411339      5.775000   4.0000  12.0107
    303    2 C     6      5.959983     76.411339      5.775000   4.0000  12.0107
    304    2 C     6      8.371477     76.441584      5.775000   4.0000  12.0107
    305    2 C     6     10.818523     76.441584      5.775000   4.0000  12.0107
    306    1 H     1     14.191809     76.931106      5.775000   1.0000   1.0079
    307    1 H     1      4.998191     76.931106      5.775000   1.0000   1.0079
    308    2 C     6     12.035671     77.145809      5.775000   4.0000  12.0107
    309    2 C     6      7.154329     77.145809      5.775000   4.0000  12.0107
    310    2 C     6      9.595000     77.154769      5.775000   4.0000  12.0107
    311    2 C     6      9.595000     78.573614      5.775000   4.0000  12.0107
    312    2 C     6      7.154329     78.582574      5.775000   4.0000  12.0107
    313    2 C     6     12.035671     78.582574      5.775000   4.0000  12.0107
    314    1 H     1      4.998191     78.797277      5.775000   1.0000   1.0079
    315    1 H     1     14.191809     78.797277      5.775000   1.0000   1.0079
    316    2 C     6      8.371477     79.286799      5.775000   4.0000  12.0107
    317    2 C     6     10.818523     79.286799      5.775000   4.0000  12.0107
    318    2 C     6      5.959983     79.317044      5.775000   4.0000  12.0107
    319    2 C     6     13.230017     79.317044      5.775000   4.0000  12.0107
    320    2 C     6     13.230017     80.675399      5.775000   4.0000  12.0107
    321    2 C     6      5.959983     80.675399      5.775000   4.0000  12.0107
    322    2 C     6     10.818523     80.705644      5.775000   4.0000  12.0107
    323    2 C     6      8.371477     80.705644      5.775000   4.0000  12.0107
    324    1 H     1      4.998191     81.195166      5.775000   1.0000   1.0079
    325    1 H     1     14.191809     81.195166      5.775000   1.0000   1.0079
    326    2 C     6     12.035671     81.409869      5.775000   4.0000  12.0107
    327    2 C     6      7.154329     81.409869      5.775000   4.0000  12.0107
    328    2 C     6      9.595000     81.418829      5.775000   4.0000  12.0107
    329    2 C     6      9.595000     82.837674      5.775000   4.0000  12.0107
    330    2 C     6      7.154329     82.846634      5.775000   4.0000  12.0107
    331    2 C     6     12.035671     82.846634      5.775000   4.0000  12.0107
    332    1 H     1     14.191809     83.061337      5.775000   1.0000   1.0079
    333    1 H     1      4.998191     83.061337      5.775000   1.0000   1.0079
    334    2 C     6      8.371477     83.550859      5.775000   4.0000  12.0107
    335    2 C     6     10.818523     83.550859      5.775000   4.0000  12.0107
    336    2 C     6      5.959983     83.581104      5.775000   4.0000  12.0107
    337    2 C     6     13.230017     83.581104      5.775000   4.0000  12.0107
    338    2 C     6      5.959983     84.939458      5.775000   4.0000  12.0107
    339    2 C     6     13.230017     84.939458      5.775000   4.0000  12.0107
    340    2 C     6      8.371477     84.969704      5.775000   4.0000  12.0107
    341    2 C     6     10.818523     84.969704      5.775000   4.0000  12.0107
    342    1 H     1      4.998191     85.459226      5.775000   1.0000   1.0079
    343    1 H     1     14.191809     85.459226      5.775000   1.0000   1.0079
    344    2 C     6      7.154329     85.673929      5.775000   4.0000  12.0107
    345    2 C     6     12.035671     85.673929      5.775000   4.0000  12.0107
    346    2 C     6      9.595000     85.682889      5.775000   4.0000  12.0107
    347    2 C     6      9.595000     87.101734      5.775000   4.0000  12.0107
    348    2 C     6      7.154329     87.110694      5.775000   4.0000  12.0107
    349    2 C     6     12.035671     87.110694      5.775000   4.0000  12.0107
    350    1 H     1     14.191809     87.325396      5.775000   1.0000   1.0079
    351    1 H     1      4.998191     87.325396      5.775000   1.0000   1.0079
    352    2 C     6     10.818523     87.814918      5.775000   4.0000  12.0107
    353    2 C     6      8.371477     87.814918      5.775000   4.0000  12.0107
    354    2 C     6      5.959983     87.845164      5.775000   4.0000  12.0107
    355    2 C     6     13.230017     87.845164      5.775000   4.0000  12.0107
    356    2 C     6     13.230017     89.203518      5.775000   4.0000  12.0107
    357    2 C     6      5.959983     89.203518      5.775000   4.0000  12.0107
    358    2 C     6     10.818523     89.233764      5.775000   4.0000  12.0107
    359    2 C     6      8.371477     89.233764      5.775000   4.0000  12.0107
    360    1 H     1      4.998191     89.723285      5.775000   1.0000   1.0079
    361    1 H     1     14.191809     89.723285      5.775000   1.0000   1.0079
    362    2 C     6     12.035671     89.937988      5.775000   4.0000  12.0107
    363    2 C     6      7.154329     89.937988      5.775000   4.0000  12.0107
    364    2 C     6      9.595000     89.946948      5.775000   4.0000  12.0107
    365    2 C     6      9.595000     91.365793      5.775000   4.0000  12.0107
    366    2 C     6     12.035671     91.374753      5.775000   4.0000  12.0107
    367    2 C     6      7.154329     91.374753      5.775000   4.0000  12.0107
    368    1 H     1     14.191809     91.589456      5.775000   1.0000   1.0079
    369    1 H     1      4.998191     91.589456      5.775000   1.0000   1.0079
    370    2 C     6     10.818523     92.078978      5.775000   4.0000  12.0107
    371    2 C     6      8.371477     92.078978      5.775000   4.0000  12.0107
    372    2 C     6      5.959983     92.109224      5.775000   4.0000  12.0107
    373    2 C     6     13.230017     92.109224      5.775000   4.0000  12.0107
    374    2 C     6      5.959983     93.467578      5.775000   4.0000  12.0107
    375    2 C     6     13.230017     93.467578      5.775000   4.0000  12.0107
    376    2 C     6      8.371477     93.497823      5.775000   4.0000  12.0107
    377    2 C     6     10.818523     93.497823      5.775000   4.0000  12.0107
    378    1 H     1     14.191809     93.987345      5.775000   1.0000   1.0079
    379    1 H     1      4.998191     93.987345      5.775000   1.0000   1.0079
    380    2 C     6     12.035671     94.202048      5.775000   4.0000  12.0107
    381    2 C     6      7.154329     94.202048      5.775000   4.0000  12.0107
    382    2 C     6      9.595000     94.211008      5.775000   4.0000  12.0107
    383    2 C     6      9.595000     95.629853      5.775000   4.0000  12.0107
    384    2 C     6      7.154329     95.638813      5.775000   4.0000  12.0107
    385    2 C     6     12.035671     95.638813      5.775000   4.0000  12.0107
    386    1 H     1      4.998191     95.853516      5.775000   1.0000   1.0079
    387    1 H     1     14.191809     95.853516      5.775000   1.0000   1.0079
    388    2 C     6     10.818523     96.343038      5.775000   4.0000  12.0107
    389    2 C     6      8.371477     96.343038      5.775000   4.0000  12.0107
    390    2 C     6     13.230017     96.373283      5.775000   4.0000  12.0107
    391    2 C     6      5.959983     96.373283      5.775000   4.0000  12.0107
    392    2 C     6     13.230017     97.731638      5.775000   4.0000  12.0107
    393    2 C     6      5.959983     97.731638      5.775000   4.0000  12.0107
    394    2 C     6     10.818523     97.761883      5.775000   4.0000  12.0107
    395    2 C     6      8.371477     97.761883      5.775000   4.0000  12.0107
    396    1 H     1     14.191809     98.251405      5.775000   1.0000   1.0079
    397    1 H     1      4.998191     98.251405      5.775000   1.0000   1.0079
    398    2 C     6      7.154329     98.466108      5.775000   4.0000  12.0107
    399    2 C     6     12.035671     98.466108      5.775000   4.0000  12.0107
    400    2 C     6      9.595000     98.475068      5.775000   4.0000  12.0107
    401    2 C     6      9.595000     99.893913      5.775000   4.0000  12.0107
    402    2 C     6      7.154329     99.902873      5.775000   4.0000  12.0107
    403    2 C     6     12.035671     99.902873      5.775000   4.0000  12.0107
    404    1 H     1     14.191809    100.117576      5.775000   1.0000   1.0079
    405    1 H     1      4.998191    100.117576      5.775000   1.0000   1.0079
    406    2 C     6     10.818523    100.607098      5.775000   4.0000  12.0107
    407    2 C     6      8.371477    100.607098      5.775000   4.0000  12.0107
    408    2 C     6      5.959983    100.637343      5.775000   4.0000  12.0107
    409    2 C     6     13.230017    100.637343      5.775000   4.0000  12.0107
    410    2 C     6      5.959983    101.995697      5.775000   4.0000  12.0107
    411    2 C     6     13.230017    101.995697      5.775000   4.0000  12.0107
    412    2 C     6      8.371477    102.025943      5.775000   4.0000  12.0107
    413    2 C     6     10.818523    102.025943      5.775000   4.0000  12.0107
    414    1 H     1     14.191809    102.515465      5.775000   1.0000   1.0079
    415    1 H     1      4.998191    102.515465      5.775000   1.0000   1.0079
    416    2 C     6     12.035671    102.730168      5.775000   4.0000  12.0107
    417    2 C     6      7.154329    102.730168      5.775000   4.0000  12.0107
    418    2 C     6      9.595000    102.739128      5.775000   4.0000  12.0107
    419    2 C     6      9.595000    104.157973      5.775000   4.0000  12.0107
    420    2 C     6     12.035671    104.166933      5.775000   4.0000  12.0107
    421    2 C     6      7.154329    104.166933      5.775000   4.0000  12.0107
    422    1 H     1      4.998191    104.381635      5.775000   1.0000   1.0079
    423    1 H     1     14.191809    104.381635      5.775000   1.0000   1.0079
    424    2 C     6     10.818523    104.871157      5.775000   4.0000  12.0107
    425    2 C     6      8.371477    104.871157      5.775000   4.0000  12.0107
    426    2 C     6     13.230017    104.901403      5.775000   4.0000  12.0107
    427    2 C     6      5.959983    104.901403      5.775000   4.0000  12.0107
    428    2 C     6      5.959983    106.259757      5.775000   4.0000  12.0107
    429    2 C     6     13.230017    106.259757      5.775000   4.0000  12.0107
    430    2 C     6      8.371477    106.290003      5.775000   4.0000  12.0107
    431    2 C     6     10.818523    106.290003      5.775000   4.0000  12.0107
    432    1 H     1      4.998191    106.779524      5.775000   1.0000   1.0079
    433    1 H     1     14.191809    106.779524      5.775000   1.0000   1.0079
    434    2 C     6      7.154329    106.994227      5.775000   4.0000  12.0107
    435    2 C     6     12.035671    106.994227      5.775000   4.0000  12.0107
    436    2 C     6      9.595000    107.003187      5.775000   4.0000  12.0107
    437    2 C     6      9.595000    108.422032      5.775000   4.0000  12.0107
    438    2 C     6     12.035671    108.430992      5.775000   4.0000  12.0107
    439    2 C     6      7.154329    108.430992      5.775000   4.0000  12.0107
    440    1 H     1     14.191809    108.645695      5.775000   1.0000   1.0079
    441    1 H     1      4.998191    108.645695      5.775000   1.0000   1.0079
    442    2 C     6     10.818523    109.135217      5.775000   4.0000  12.0107
    443    2 C     6      8.371477    109.135217      5.775000   4.0000  12.0107
    444    2 C     6      5.959983    109.165463      5.775000   4.0000  12.0107
    445    2 C     6     13.230017    109.165463      5.775000   4.0000  12.0107
    446    2 C     6     13.230017    110.523817      5.775000   4.0000  12.0107
    447    2 C     6      5.959983    110.523817      5.775000   4.0000  12.0107
    448    2 C     6     10.818523    110.554062      5.775000   4.0000  12.0107
    449    2 C     6      8.371477    110.554062      5.775000   4.0000  12.0107
    450    1 H     1      4.998191    111.043584      5.775000   1.0000   1.0079
    451    1 H     1     14.191809    111.043584      5.775000   1.0000   1.0079
    452    2 C     6      7.154329    111.258287      5.775000   4.0000  12.0107
    453    2 C     6     12.035671    111.258287      5.775000   4.0000  12.0107
    454    2 C     6      9.595000    111.267247      5.775000   4.0000  12.0107
    455    2 C     6      9.595000    112.686092      5.775000   4.0000  12.0107
    456    2 C     6      7.154329    112.695052      5.775000   4.0000  12.0107
    457    2 C     6     12.035671    112.695052      5.775000   4.0000  12.0107
    458    1 H     1     14.191809    112.909755      5.775000   1.0000   1.0079
    459    1 H     1      4.998191    112.909755      5.775000   1.0000   1.0079
    460    2 C     6     10.818523    113.399277      5.775000   4.0000  12.0107
    461    2 C     6      8.371477    113.399277      5.775000   4.0000  12.0107
    462    2 C     6      5.959983    113.429522      5.775000   4.0000  12.0107
    463    2 C     6     13.230017    113.429522      5.775000   4.0000  12.0107
    464    2 C     6     13.230017    114.787877      5.775000   4.0000  12.0107
    465    2 C     6      5.959983    114.787877      5.775000   4.0000  12.0107
    466    2 C     6      8.371477    114.818122      5.775000   4.0000  12.0107
    467    2 C     6     10.818523    114.818122      5.775000   4.0000  12.0107
    468    1 H     1      4.998191    115.307644      5.775000   1.0000   1.0079
    469    1 H     1     14.191809    115.307644      5.775000   1.0000   1.0079
    470    2 C     6      7.154329    115.522347      5.775000   4.0000  12.0107
    471    2 C     6     12.035671    115.522347      5.775000   4.0000  12.0107
    472    2 C     6      9.595000    115.531307      5.775000   4.0000  12.0107
    473    2 C     6      9.595000    116.950152      5.775000   4.0000  12.0107
    474    2 C     6     12.035671    116.959112      5.775000   4.0000  12.0107
    475    2 C     6      7.154329    116.959112      5.775000   4.0000  12.0107
    476    1 H     1     14.191809    117.173815      5.775000   1.0000   1.0079
    477    1 H     1      4.998191    117.173815      5.775000   1.0000   1.0079
    478    2 C     6      8.371477    117.663337      5.775000   4.0000  12.0107
    479    2 C     6     10.818523    117.663337      5.775000   4.0000  12.0107
    480    2 C     6     13.230017    117.693582      5.775000   4.0000  12.0107
    481    2 C     6      5.959983    117.693582      5.775000   4.0000  12.0107
    482    2 C     6     13.230017    119.051936      5.775000   4.0000  12.0107
    483    2 C     6      5.959983    119.051936      5.775000   4.0000  12.0107
    484    2 C     6      8.371477    119.082182      5.775000   4.0000  12.0107
    485    2 C     6     10.818523    119.082182      5.775000   4.0000  12.0107
    486    1 H     1      4.998191    119.571704      5.775000   1.0000   1.0079
    487    1 H     1     14.191809    119.571704      5.775000   1.0000   1.0079
    488    2 C     6     12.035671    119.786407      5.775000   4.0000  12.0107
    489    2 C     6      7.154329    119.786407      5.775000   4.0000  12.0107
    490    2 C     6      9.595000    119.795367      5.775000   4.0000  12.0107
    491    2 C     6      9.595000    121.214212      5.775000   4.0000  12.0107
    492    2 C     6     12.035671    121.223172      5.775000   4.0000  12.0107
    493    2 C     6      7.154329    121.223172      5.775000   4.0000  12.0107
    494    1 H     1      4.998191    121.437874      5.775000   1.0000   1.0079
    495    1 H     1     14.191809    121.437874      5.775000   1.0000   1.0079
    496    2 C     6     10.818523    121.927396      5.775000   4.0000  12.0107
    497    2 C     6      8.371477    121.927396      5.775000   4.0000  12.0107
    498    2 C     6      5.959983    121.957642      5.775000   4.0000  12.0107
    499    2 C     6     13.230017    121.957642      5.775000   4.0000  12.0107
    500    2 C     6     13.230017    123.315996      5.775000   4.0000  12.0107
    501    2 C     6      5.959983    123.315996      5.775000   4.0000  12.0107
    502    2 C     6      8.371477    123.346242      5.775000   4.0000  12.0107
    503    2 C     6     10.818523    123.346242      5.775000   4.0000  12.0107
    504    1 H     1     14.191809    123.835763      5.775000   1.0000   1.0079
    505    1 H     1      4.998191    123.835763      5.775000   1.0000   1.0079
    506    2 C     6     12.035671    124.050466      5.775000   4.0000  12.0107
    507    2 C     6      7.154329    124.050466      5.775000   4.0000  12.0107
    508    2 C     6      9.595000    124.059426      5.775000   4.0000  12.0107
    509    2 C     6      9.595000    125.478271      5.775000   4.0000  12.0107
    510    2 C     6     12.035671    125.487231      5.775000   4.0000  12.0107
    511    2 C     6      7.154329    125.487231      5.775000   4.0000  12.0107
    512    1 H     1     14.191809    125.701934      5.775000   1.0000   1.0079
    513    1 H     1      4.998191    125.701934      5.775000   1.0000   1.0079
    514    2 C     6     10.818523    126.191456      5.775000   4.0000  12.0107
    515    2 C     6      8.371477    126.191456      5.775000   4.0000  12.0107
    516    2 C     6      5.959983    126.221702      5.775000   4.0000  12.0107
    517    2 C     6     13.230017    126.221702      5.775000   4.0000  12.0107
    518    2 C     6     13.230017    127.580056      5.775000   4.0000  12.0107
    519    2 C     6      5.959983    127.580056      5.775000   4.0000  12.0107
    520    2 C     6      8.371477    127.610301      5.775000   4.0000  12.0107
    521    2 C     6     10.818523    127.610301      5.775000   4.0000  12.0107
    522    1 H     1      4.998191    128.099823      5.775000   1.0000   1.0079
    523    1 H     1     14.191809    128.099823      5.775000   1.0000   1.0079
    524    2 C     6     12.035671    128.314526      5.775000   4.0000  12.0107
    525    2 C     6      7.154329    128.314526      5.775000   4.0000  12.0107
    526    2 C     6      9.595000    128.323486      5.775000   4.0000  12.0107
    527    2 C     6      9.595000    129.742331      5.775000   4.0000  12.0107
    528    2 C     6      7.154329    129.751291      5.775000   4.0000  12.0107
    529    2 C     6     12.035671    129.751291      5.775000   4.0000  12.0107
    530    1 H     1     14.191809    129.965994      5.775000   1.0000   1.0079
    531    1 H     1      4.998191    129.965994      5.775000   1.0000   1.0079
    532    2 C     6      8.371477    130.455516      5.775000   4.0000  12.0107
    533    2 C     6     10.818523    130.455516      5.775000   4.0000  12.0107
    534    2 C     6      5.959983    130.485761      5.775000   4.0000  12.0107
    535    2 C     6     13.230017    130.485761      5.775000   4.0000  12.0107
    536    2 C     6     13.230017    131.844116      5.775000   4.0000  12.0107
    537    2 C     6      5.959983    131.844116      5.775000   4.0000  12.0107
    538    2 C     6     10.818523    131.874361      5.775000   4.0000  12.0107
    539    2 C     6      8.371477    131.874361      5.775000   4.0000  12.0107
    540    1 H     1      4.998191    132.363883      5.775000   1.0000   1.0079
    541    1 H     1     14.191809    132.363883      5.775000   1.0000   1.0079
    542    2 C     6     12.035671    132.578586      5.775000   4.0000  12.0107
    543    2 C     6      7.154329    132.578586      5.775000   4.0000  12.0107
    544    2 C     6      9.595000    132.587546      5.775000   4.0000  12.0107
    545    2 C     6      9.595000    134.006391      5.775000   4.0000  12.0107
    546    2 C     6     12.035671    134.015351      5.775000   4.0000  12.0107
    547    2 C     6      7.154329    134.015351      5.775000   4.0000  12.0107
    548    1 H     1      4.998191    134.230054      5.775000   1.0000   1.0079
    549    1 H     1     14.191809    134.230054      5.775000   1.0000   1.0079
    550    2 C     6     10.818523    134.719576      5.775000   4.0000  12.0107
    551    2 C     6      8.371477    134.719576      5.775000   4.0000  12.0107
    552    2 C     6     13.230017    134.749821      5.775000   4.0000  12.0107
    553    2 C     6      5.959983    134.749821      5.775000   4.0000  12.0107
    554    2 C     6     13.230017    136.108175      5.775000   4.0000  12.0107
    555    2 C     6      5.959983    136.108175      5.775000   4.0000  12.0107
    556    2 C     6     10.818523    136.138421      5.775000   4.0000  12.0107
    557    2 C     6      8.371477    136.138421      5.775000   4.0000  12.0107
    558    1 H     1     14.191809    136.627943      5.775000   1.0000   1.0079
    559    1 H     1      4.998191    136.627943      5.775000   1.0000   1.0079
    560    2 C     6     12.035671    136.842646      5.775000   4.0000  12.0107
    561    2 C     6      7.154329    136.842646      5.775000   4.0000  12.0107
    562    2 C     6      9.595000    136.851606      5.775000   4.0000  12.0107
    563    2 C     6      9.595000    138.270451      5.775000   4.0000  12.0107
    564    2 C     6      7.154329    138.279411      5.775000   4.0000  12.0107
    565    2 C     6     12.035671    138.279411      5.775000   4.0000  12.0107
    566    1 H     1     14.191809    138.494113      5.775000   1.0000   1.0079
    567    1 H     1      4.998191    138.494113      5.775000   1.0000   1.0079
    568    2 C     6      8.371477    138.983635      5.775000   4.0000  12.0107
    569    2 C     6     10.818523    138.983635      5.775000   4.0000  12.0107
    570    2 C     6     13.230017    139.013881      5.775000   4.0000  12.0107
    571    2 C     6      5.959983    139.013881      5.775000   4.0000  12.0107
    572    2 C     6      5.959983    140.372235      5.775000   4.0000  12.0107
    573    2 C     6     13.230017    140.372235      5.775000   4.0000  12.0107
    574    2 C     6     10.818523    140.402481      5.775000   4.0000  12.0107
    575    2 C     6      8.371477    140.402481      5.775000   4.0000  12.0107
    576    1 H     1      4.998191    140.892003      5.775000   1.0000   1.0079
    577    1 H     1     14.191809    140.892003      5.775000   1.0000   1.0079
    578    2 C     6     12.035671    141.106705      5.775000   4.0000  12.0107
    579    2 C     6      7.154329    141.106705      5.775000   4.0000  12.0107
    580    2 C     6      9.595000    141.115665      5.775000   4.0000  12.0107
    581    2 C     6      9.595000    142.534510      5.775000   4.0000  12.0107
    582    2 C     6     12.035671    142.543470      5.775000   4.0000  12.0107
    583    2 C     6      7.154329    142.543470      5.775000   4.0000  12.0107
    584    1 H     1     14.191809    142.758173      5.775000   1.0000   1.0079
    585    1 H     1      4.998191    142.758173      5.775000   1.0000   1.0079
    586    2 C     6     10.818523    143.247695      5.775000   4.0000  12.0107
    587    2 C     6      8.371477    143.247695      5.775000   4.0000  12.0107
    588    2 C     6      5.959983    143.277941      5.775000   4.0000  12.0107
    589    2 C     6     13.230017    143.277941      5.775000   4.0000  12.0107
    590    2 C     6      5.959983    144.636295      5.775000   4.0000  12.0107
    591    2 C     6     13.230017    144.636295      5.775000   4.0000  12.0107
    592    2 C     6     10.818523    144.666540      5.775000   4.0000  12.0107
    593    2 C     6      8.371477    144.666540      5.775000   4.0000  12.0107
    594    1 H     1     14.191809    145.156062      5.775000   1.0000   1.0079
    595    1 H     1      4.998191    145.156062      5.775000   1.0000   1.0079
    596    2 C     6      7.154329    145.370765      5.775000   4.0000  12.0107
    597    2 C     6     12.035671    145.370765      5.775000   4.0000  12.0107
    598    2 C     6      9.595000    145.379725      5.775000   4.0000  12.0107
    599    2 C     6      9.595000    146.798570      5.775000   4.0000  12.0107
    600    2 C     6     12.035671    146.807530      5.775000   4.0000  12.0107
    601    2 C     6      7.154329    146.807530      5.775000   4.0000  12.0107
    602    1 H     1      4.998191    147.022233      5.775000   1.0000   1.0079
    603    1 H     1     14.191809    147.022233      5.775000   1.0000   1.0079
    604    2 C     6      8.371477    147.511755      5.775000   4.0000  12.0107
    605    2 C     6     10.818523    147.511755      5.775000   4.0000  12.0107
    606    2 C     6     13.230017    147.542000      5.775000   4.0000  12.0107
    607    2 C     6      5.959983    147.542000      5.775000   4.0000  12.0107
    608    2 C     6      5.959983    148.900355      5.775000   4.0000  12.0107
    609    2 C     6     13.230017    148.900355      5.775000   4.0000  12.0107
    610    2 C     6     10.818523    148.930600      5.775000   4.0000  12.0107
    611    2 C     6      8.371477    148.930600      5.775000   4.0000  12.0107
    612    1 H     1     14.191809    149.420122      5.775000   1.0000   1.0079
    613    1 H     1      4.998191    149.420122      5.775000   1.0000   1.0079
    614    2 C     6     12.035671    149.634825      5.775000   4.0000  12.0107
    615    2 C     6      7.154329    149.634825      5.775000   4.0000  12.0107
    616    2 C     6      9.595000    149.643785      5.775000   4.0000  12.0107
    617    2 C     6      9.595000    151.062630      5.775000   4.0000  12.0107
    618    2 C     6     12.035671    151.071590      5.775000   4.0000  12.0107
    619    2 C     6      7.154329    151.071590      5.775000   4.0000  12.0107
    620    1 H     1     14.191809    151.286293      5.775000   1.0000   1.0079
    621    1 H     1      4.998191    151.286293      5.775000   1.0000   1.0079
    622    2 C     6      8.371477    151.775815      5.775000   4.0000  12.0107
    623    2 C     6     10.818523    151.775815      5.775000   4.0000  12.0107
    624    2 C     6     13.230017    151.806060      5.775000   4.0000  12.0107
    625    2 C     6      5.959983    151.806060      5.775000   4.0000  12.0107
    626    2 C     6     13.230017    153.164414      5.775000   4.0000  12.0107
    627    2 C     6      5.959983    153.164414      5.775000   4.0000  12.0107
    628    2 C     6      8.371477    153.194660      5.775000   4.0000  12.0107
    629    2 C     6     10.818523    153.194660      5.775000   4.0000  12.0107
    630    1 H     1      4.998191    153.684182      5.775000   1.0000   1.0079
    631    1 H     1     14.191809    153.684182      5.775000   1.0000   1.0079
    632    2 C     6     12.035671    153.898885      5.775000   4.0000  12.0107
    633    2 C     6      7.154329    153.898885      5.775000   4.0000  12.0107
    634    2 C     6      9.595000    153.907845      5.775000   4.0000  12.0107
    635    2 C     6      9.595000    155.326690      5.775000   4.0000  12.0107
    636    2 C     6      7.154329    155.335650      5.775000   4.0000  12.0107
    637    2 C     6     12.035671    155.335650      5.775000   4.0000  12.0107
    638    1 H     1      4.998191    155.550353      5.775000   1.0000   1.0079
    639    1 H     1     14.191809    155.550353      5.775000   1.0000   1.0079
    640    2 C     6      8.371477    156.039874      5.775000   4.0000  12.0107
    641    2 C     6     10.818523    156.039874      5.775000   4.0000  12.0107
    642    2 C     6      5.959983    156.070120      5.775000   4.0000  12.0107
    643    2 C     6     13.230017    156.070120      5.775000   4.0000  12.0107
    644    2 C     6     13.230017    157.428474      5.775000   4.0000  12.0107
    645    2 C     6      5.959983    157.428474      5.775000   4.0000  12.0107
    646    2 C     6      8.371477    157.458720      5.775000   4.0000  12.0107
    647    2 C     6     10.818523    157.458720      5.775000   4.0000  12.0107
    648    1 H     1     14.191809    157.948242      5.775000   1.0000   1.0079
    649    1 H     1      4.998191    157.948242      5.775000   1.0000   1.0079
    650    2 C     6      7.154329    158.162944      5.775000   4.0000  12.0107
    651    2 C     6     12.035671    158.162944      5.775000   4.0000  12.0107
    652    2 C     6      9.595000    158.171904      5.775000   4.0000  12.0107
    653    2 C     6      9.595000    159.590749      5.775000   4.0000  12.0107
    654    2 C     6     12.035671    159.599709      5.775000   4.0000  12.0107
    655    2 C     6      7.154329    159.599709      5.775000   4.0000  12.0107
    656    1 H     1     14.191809    159.814412      5.775000   1.0000   1.0079
    657    1 H     1      4.998191    159.814412      5.775000   1.0000   1.0079
    658    2 C     6      8.371477    160.303934      5.775000   4.0000  12.0107
    659    2 C     6     10.818523    160.303934      5.775000   4.0000  12.0107
    660    2 C     6     13.230017    160.334180      5.775000   4.0000  12.0107
    661    2 C     6      5.959983    160.334180      5.775000   4.0000  12.0107
    662    2 C     6      5.959983    161.692534      5.775000   4.0000  12.0107
    663    2 C     6     13.230017    161.692534      5.775000   4.0000  12.0107
    664    2 C     6      8.371477    161.722779      5.775000   4.0000  12.0107
    665    2 C     6     10.818523    161.722779      5.775000   4.0000  12.0107
    666    1 H     1      4.998191    162.212301      5.775000   1.0000   1.0079
    667    1 H     1     14.191809    162.212301      5.775000   1.0000   1.0079
    668    2 C     6     12.035671    162.427004      5.775000   4.0000  12.0107
    669    2 C     6      7.154329    162.427004      5.775000   4.0000  12.0107
    670    2 C     6      9.595000    162.435964      5.775000   4.0000  12.0107
    671    2 C     6      9.595000    163.854809      5.775000   4.0000  12.0107
    672    2 C     6     12.035671    163.863769      5.775000   4.0000  12.0107
    673    2 C     6      7.154329    163.863769      5.775000   4.0000  12.0107
    674    1 H     1      4.998191    164.078472      5.775000   1.0000   1.0079
    675    1 H     1     14.191809    164.078472      5.775000   1.0000   1.0079
    676    2 C     6      8.371477    164.567994      5.775000   4.0000  12.0107
    677    2 C     6     10.818523    164.567994      5.775000   4.0000  12.0107
    678    2 C     6     13.230017    164.598239      5.775000   4.0000  12.0107
    679    2 C     6      5.959983    164.598239      5.775000   4.0000  12.0107
    680    2 C     6      5.959983    165.956594      5.775000   4.0000  12.0107
    681    2 C     6     13.230017    165.956594      5.775000   4.0000  12.0107
    682    2 C     6     10.818523    165.986839      5.775000   4.0000  12.0107
    683    2 C     6      8.371477    165.986839      5.775000   4.0000  12.0107
    684    1 H     1      4.998191    166.476361      5.775000   1.0000   1.0079
    685    1 H     1     14.191809    166.476361      5.775000   1.0000   1.0079
    686    2 C     6     12.035671    166.691064      5.775000   4.0000  12.0107
    687    2 C     6      7.154329    166.691064      5.775000   4.0000  12.0107
    688    2 C     6      9.595000    166.700024      5.775000   4.0000  12.0107
    689    2 C     6      9.595000    168.118869      5.775000   4.0000  12.0107
    690    2 C     6      7.154329    168.127829      5.775000   4.0000  12.0107
    691    2 C     6     12.035671    168.127829      5.775000   4.0000  12.0107
    692    1 H     1     14.191809    168.342532      5.775000   1.0000   1.0079
    693    1 H     1      4.998191    168.342532      5.775000   1.0000   1.0079
    694    2 C     6     10.818523    168.832054      5.775000   4.0000  12.0107
    695    2 C     6      8.371477    168.832054      5.775000   4.0000  12.0107
    696    2 C     6      5.959983    168.862299      5.775000   4.0000  12.0107
    697    2 C     6     13.230017    168.862299      5.775000   4.0000  12.0107
    698    2 C     6     13.230017    170.220653      5.775000   4.0000  12.0107
    699    2 C     6      5.959983    170.220653      5.775000   4.0000  12.0107
    700    2 C     6     10.818523    170.250899      5.775000   4.0000  12.0107
    701    2 C     6      8.371477    170.250899      5.775000   4.0000  12.0107
    702    1 H     1     14.191809    170.740421      5.775000   1.0000   1.0079
    703    1 H     1      4.998191    170.740421      5.775000   1.0000   1.0079
    704    2 C     6      7.154329    170.955124      5.775000   4.0000  12.0107
    705    2 C     6     12.035671    170.955124      5.775000   4.0000  12.0107
    706    2 C     6      9.595000    170.964084      5.775000   4.0000  12.0107
    707    2 C     6      9.595000    172.382929      5.775000   4.0000  12.0107
    708    2 C     6     12.035671    172.391889      5.775000   4.0000  12.0107
    709    2 C     6      7.154329    172.391889      5.775000   4.0000  12.0107
    710    1 H     1      4.998191    172.606592      5.775000   1.0000   1.0079
    711    1 H     1     14.191809    172.606592      5.775000   1.0000   1.0079
    712    2 C     6      8.371477    173.096113      5.775000   4.0000  12.0107
    713    2 C     6     10.818523    173.096113      5.775000   4.0000  12.0107
    714    2 C     6     13.230017    173.126359      5.775000   4.0000  12.0107
    715    2 C     6      5.959983    173.126359      5.775000   4.0000  12.0107
    716    2 C     6      5.959983    174.484713      5.775000   4.0000  12.0107
    717    2 C     6     13.230017    174.484713      5.775000   4.0000  12.0107
    718    2 C     6     10.818523    174.514959      5.775000   4.0000  12.0107
    719    2 C     6      8.371477    174.514959      5.775000   4.0000  12.0107
    720    1 H     1      4.998191    175.004481      5.775000   1.0000   1.0079
    721    1 H     1     14.191809    175.004481      5.775000   1.0000   1.0079
    722    2 C     6      7.154329    175.219183      5.775000   4.0000  12.0107
    723    2 C     6     12.035671    175.219183      5.775000   4.0000  12.0107
    724    2 C     6      9.595000    175.228143      5.775000   4.0000  12.0107
    725    2 C     6      9.595000    176.646988      5.775000   4.0000  12.0107
    726    2 C     6     12.035671    176.655948      5.775000   4.0000  12.0107
    727    2 C     6      7.154329    176.655948      5.775000   4.0000  12.0107
    728    1 H     1     14.191809    176.870651      5.775000   1.0000   1.0079
    729    1 H     1      4.998191    176.870651      5.775000   1.0000   1.0079
    730    2 C     6      8.371477    177.360173      5.775000   4.0000  12.0107
    731    2 C     6     10.818523    177.360173      5.775000   4.0000  12.0107
    732    2 C     6     13.230017    177.390419      5.775000   4.0000  12.0107
    733    2 C     6      5.959983    177.390419      5.775000   4.0000  12.0107
    734    2 C     6     13.230017    178.748773      5.775000   4.0000  12.0107
    735    2 C     6      5.959983    178.748773      5.775000   4.0000  12.0107
    736    2 C     6      8.371477    178.779018      5.775000   4.0000  12.0107
    737    2 C     6     10.818523    178.779018      5.775000   4.0000  12.0107
    738    1 H     1      4.998191    179.268540      5.775000   1.0000   1.0079
    739    1 H     1     14.191809    179.268540      5.775000   1.0000   1.0079
    740    2 C     6     12.035671    179.483243      5.775000   4.0000  12.0107
    741    2 C     6      7.154329    179.483243      5.775000   4.0000  12.0107
    742    2 C     6      9.595000    179.492203      5.775000   4.0000  12.0107
    743    2 C     6      9.595000    180.911048      5.775000   4.0000  12.0107
    744    2 C     6      7.154329    180.920008      5.775000   4.0000  12.0107
    745    2 C     6     12.035671    180.920008      5.775000   4.0000  12.0107
    746    1 H     1      4.998191    181.134711      5.775000   1.0000   1.0079
    747    1 H     1     14.191809    181.134711      5.775000   1.0000   1.0079
    748    2 C     6      8.371477    181.624233      5.775000   4.0000  12.0107
    749    2 C     6     10.818523    181.624233      5.775000   4.0000  12.0107
    750    2 C     6     13.230017    181.654478      5.775000   4.0000  12.0107
    751    2 C     6      5.959983    181.654478      5.775000   4.0000  12.0107
    752    2 C     6     13.230017    183.012833      5.775000   4.0000  12.0107
    753    2 C     6      5.959983    183.012833      5.775000   4.0000  12.0107
    754    2 C     6      8.371477    183.043078      5.775000   4.0000  12.0107
    755    2 C     6     10.818523    183.043078      5.775000   4.0000  12.0107
    756    1 H     1      4.998191    183.532600      5.775000   1.0000   1.0079
    757    1 H     1     14.191809    183.532600      5.775000   1.0000   1.0079
    758    2 C     6      7.154329    183.747303      5.775000   4.0000  12.0107
    759    2 C     6     12.035671    183.747303      5.775000   4.0000  12.0107
    760    2 C     6      9.595000    183.756263      5.775000   4.0000  12.0107
    761    2 C     6      9.595000    185.175108      5.775000   4.0000  12.0107
    762    2 C     6     12.035671    185.184068      5.775000   4.0000  12.0107
    763    2 C     6      7.154329    185.184068      5.775000   4.0000  12.0107
    764    1 H     1     14.191809    185.398771      5.775000   1.0000   1.0079
    765    1 H     1      4.998191    185.398771      5.775000   1.0000   1.0079
    766    2 C     6      8.371477    185.888293      5.775000   4.0000  12.0107
    767    2 C     6     10.818523    185.888293      5.775000   4.0000  12.0107
    768    2 C     6     13.230017    185.918538      5.775000   4.0000  12.0107
    769    2 C     6      5.959983    185.918538      5.775000   4.0000  12.0107
    770    2 C     6      5.959983    187.276892      5.775000   4.0000  12.0107
    771    2 C     6     13.230017    187.276892      5.775000   4.0000  12.0107
    772    2 C     6      8.371477    187.307138      5.775000   4.0000  12.0107
    773    2 C     6     10.818523    187.307138      5.775000   4.0000  12.0107
    774    1 H     1     14.191809    187.796660      5.775000   1.0000   1.0079
    775    1 H     1      4.998191    187.796660      5.775000   1.0000   1.0079
    776    2 C     6     12.035671    188.011363      5.775000   4.0000  12.0107
    777    2 C     6      7.154329    188.011363      5.775000   4.0000  12.0107
    778    2 C     6      9.595000    188.020323      5.775000   4.0000  12.0107
    779    2 C     6      9.595000    189.439168      5.775000   4.0000  12.0107
    780    2 C     6      7.154329    189.448128      5.775000   4.0000  12.0107
    781    2 C     6     12.035671    189.448128      5.775000   4.0000  12.0107
    782    1 H     1      4.998191    189.662831      5.775000   1.0000   1.0079
    783    1 H     1     14.191809    189.662831      5.775000   1.0000   1.0079
    784    2 C     6     10.818523    190.152352      5.775000   4.0000  12.0107
    785    2 C     6      8.371477    190.152352      5.775000   4.0000  12.0107
    786    2 C     6      5.959983    190.182598      5.775000   4.0000  12.0107
    787    2 C     6     13.230017    190.182598      5.775000   4.0000  12.0107
    788    2 C     6     13.230017    191.540952      5.775000   4.0000  12.0107
    789    2 C     6      5.959983    191.540952      5.775000   4.0000  12.0107
    790    2 C     6      8.371477    191.571198      5.775000   4.0000  12.0107
    791    2 C     6     10.818523    191.571198      5.775000   4.0000  12.0107
    792    1 H     1      4.998191    192.060720      5.775000   1.0000   1.0079
    793    1 H     1     14.191809    192.060720      5.775000   1.0000   1.0079
    794    2 C     6      7.154329    192.275422      5.775000   4.0000  12.0107
    795    2 C     6     12.035671    192.275422      5.775000   4.0000  12.0107
    796    2 C     6      9.595000    192.284382      5.775000   4.0000  12.0107
    797    2 C     6      9.595000    193.703227      5.775000   4.0000  12.0107
    798    2 C     6      7.154329    193.712187      5.775000   4.0000  12.0107
    799    2 C     6     12.035671    193.712187      5.775000   4.0000  12.0107
    800    1 H     1     14.191809    193.926890      5.775000   1.0000   1.0079
    801    1 H     1      4.998191    193.926890      5.775000   1.0000   1.0079
    802    2 C     6     10.818523    194.416412      5.775000   4.0000  12.0107
    803    2 C     6      8.371477    194.416412      5.775000   4.0000  12.0107
    804    2 C     6     13.230017    194.446658      5.775000   4.0000  12.0107
    805    2 C     6      5.959983    194.446658      5.775000   4.0000  12.0107
    806    2 C     6     13.230017    195.805012      5.775000   4.0000  12.0107
    807    2 C     6      5.959983    195.805012      5.775000   4.0000  12.0107
    808    2 C     6     10.818523    195.835257      5.775000   4.0000  12.0107
    809    2 C     6      8.371477    195.835257      5.775000   4.0000  12.0107
    810    1 H     1     14.191809    196.324779      5.775000   1.0000   1.0079
    811    1 H     1      4.998191    196.324779      5.775000   1.0000   1.0079
    812    2 C     6      7.154329    196.539482      5.775000   4.0000  12.0107
    813    2 C     6     12.035671    196.539482      5.775000   4.0000  12.0107
    814    2 C     6      9.595000    196.548442      5.775000   4.0000  12.0107
    815    2 C     6      9.595000    197.967287      5.775000   4.0000  12.0107
    816    2 C     6     12.035671    197.976247      5.775000   4.0000  12.0107
    817    2 C     6      7.154329    197.976247      5.775000   4.0000  12.0107
    818    1 H     1     14.191809    198.190950      5.775000   1.0000   1.0079
    819    1 H     1      4.998191    198.190950      5.775000   1.0000   1.0079
    820    2 C     6     10.818523    198.680472      5.775000   4.0000  12.0107
    821    2 C     6      8.371477    198.680472      5.775000   4.0000  12.0107
    822    2 C     6      5.959983    198.710717      5.775000   4.0000  12.0107
    823    2 C     6     13.230017    198.710717      5.775000   4.0000  12.0107
    824    2 C     6      5.959983    200.069072      5.775000   4.0000  12.0107
    825    2 C     6     13.230017    200.069072      5.775000   4.0000  12.0107
    826    2 C     6     10.818523    200.099317      5.775000   4.0000  12.0107
    827    2 C     6      8.371477    200.099317      5.775000   4.0000  12.0107
    828    1 H     1      4.998191    200.588839      5.775000   1.0000   1.0079
    829    1 H     1     14.191809    200.588839      5.775000   1.0000   1.0079
    830    2 C     6      7.154329    200.803542      5.775000   4.0000  12.0107
    831    2 C     6     12.035671    200.803542      5.775000   4.0000  12.0107
    832    2 C     6      9.595000    200.812502      5.775000   4.0000  12.0107
    833    2 C     6      9.595000    202.231347      5.775000   4.0000  12.0107
    834    2 C     6      7.154329    202.240307      5.775000   4.0000  12.0107
    835    2 C     6     12.035671    202.240307      5.775000   4.0000  12.0107
    836    1 H     1      4.998191    202.455010      5.775000   1.0000   1.0079
    837    1 H     1     14.191809    202.455010      5.775000   1.0000   1.0079
    838    2 C     6     10.818523    202.944532      5.775000   4.0000  12.0107
    839    2 C     6      8.371477    202.944532      5.775000   4.0000  12.0107
    840    2 C     6     13.230017    202.974777      5.775000   4.0000  12.0107
    841    2 C     6      5.959983    202.974777      5.775000   4.0000  12.0107
    842    2 C     6     13.230017    204.333131      5.775000   4.0000  12.0107
    843    2 C     6      5.959983    204.333131      5.775000   4.0000  12.0107
    844    2 C     6      8.371477    204.363377      5.775000   4.0000  12.0107
    845    2 C     6     10.818523    204.363377      5.775000   4.0000  12.0107
    846    1 H     1      4.998191    204.852899      5.775000   1.0000   1.0079
    847    1 H     1     14.191809    204.852899      5.775000   1.0000   1.0079
    848    2 C     6     12.035671    205.067602      5.775000   4.0000  12.0107
    849    2 C     6      7.154329    205.067602      5.775000   4.0000  12.0107
    850    2 C     6      9.595000    205.076562      5.775000   4.0000  12.0107
    851    2 C     6      9.595000    206.495407      5.775000   4.0000  12.0107
    852    2 C     6      7.154329    206.504367      5.775000   4.0000  12.0107
    853    2 C     6     12.035671    206.504367      5.775000   4.0000  12.0107
    854    1 H     1      4.998191    206.719070      5.775000   1.0000   1.0079
    855    1 H     1     14.191809    206.719070      5.775000   1.0000   1.0079
    856    2 C     6     10.818523    207.208591      5.775000   4.0000  12.0107
    857    2 C     6      8.371477    207.208591      5.775000   4.0000  12.0107
    858    2 C     6      5.959983    207.238837      5.775000   4.0000  12.0107
    859    2 C     6     13.230017    207.238837      5.775000   4.0000  12.0107
    860    2 C     6     13.230017    208.597191      5.775000   4.0000  12.0107
    861    2 C     6      5.959983    208.597191      5.775000   4.0000  12.0107
    862    2 C     6      8.371477    208.627437      5.775000   4.0000  12.0107
    863    2 C     6     10.818523    208.627437      5.775000   4.0000  12.0107
    864    1 H     1      4.998191    209.116959      5.775000   1.0000   1.0079
    865    1 H     1     14.191809    209.116959      5.775000   1.0000   1.0079
    866    2 C     6     12.035671    209.331661      5.775000   4.0000  12.0107
    867    2 C     6      7.154329    209.331661      5.775000   4.0000  12.0107
    868    2 C     6      9.595000    209.340621      5.775000   4.0000  12.0107
    869    2 C     6      9.595000    210.759466      5.775000   4.0000  12.0107
    870    2 C     6      7.154329    210.768426      5.775000   4.0000  12.0107
    871    2 C     6     12.035671    210.768426      5.775000   4.0000  12.0107
    872    1 H     1      4.998191    210.983129      5.775000   1.0000   1.0079
    873    1 H     1     14.191809    210.983129      5.775000   1.0000   1.0079
    874    2 C     6      8.371477    211.472651      5.775000   4.0000  12.0107
    875    2 C     6     10.818523    211.472651      5.775000   4.0000  12.0107
    876    2 C     6     13.230017    211.502897      5.775000   4.0000  12.0107
    877    2 C     6      5.959983    211.502897      5.775000   4.0000  12.0107
    878    2 C     6      5.959983    212.861251      5.775000   4.0000  12.0107
    879    2 C     6     13.230017    212.861251      5.775000   4.0000  12.0107
    880    2 C     6      8.371477    212.891496      5.775000   4.0000  12.0107
    881    2 C     6     10.818523    212.891496      5.775000   4.0000  12.0107
    882    1 H     1      4.998191    213.381018      5.775000   1.0000   1.0079
    883    1 H     1     14.191809    213.381018      5.775000   1.0000   1.0079
    884    2 C     6      7.154329    213.595721      5.775000   4.0000  12.0107
    885    2 C     6     12.035671    213.595721      5.775000   4.0000  12.0107
    886    2 C     6      9.595000    213.604681      5.775000   4.0000  12.0107
    887    2 C     6      9.595000    215.023526      5.775000   4.0000  12.0107
    888    2 C     6     12.035671    215.032486      5.775000   4.0000  12.0107
    889    2 C     6      7.154329    215.032486      5.775000   4.0000  12.0107
    890    1 H     1     14.191809    215.247189      5.775000   1.0000   1.0079
    891    1 H     1      4.998191    215.247189      5.775000   1.0000   1.0079
    892    2 C     6      8.371477    215.736711      5.775000   4.0000  12.0107
    893    2 C     6     10.818523    215.736711      5.775000   4.0000  12.0107
    894    2 C     6      5.959983    215.766956      5.775000   4.0000  12.0107
    895    2 C     6     13.230017    215.766956      5.775000   4.0000  12.0107
    896    2 C     6      5.959983    217.125311      5.775000   4.0000  12.0107
    897    2 C     6     13.230017    217.125311      5.775000   4.0000  12.0107
    898    2 C     6     10.818523    217.155556      5.775000   4.0000  12.0107
    899    2 C     6      8.371477    217.155556      5.775000   4.0000  12.0107
    900    1 H     1     14.191809    217.645078      5.775000   1.0000   1.0079
    901    1 H     1      4.998191    217.645078      5.775000   1.0000   1.0079
    902    2 C     6      7.154329    217.859781      5.775000   4.0000  12.0107
    903    2 C     6     12.035671    217.859781      5.775000   4.0000  12.0107
    904    2 C     6      9.595000    217.868741      5.775000   4.0000  12.0107
    905    2 C     6      9.595000    219.287586      5.775000   4.0000  12.0107
    906    2 C     6     12.035671    219.296546      5.775000   4.0000  12.0107
    907    2 C     6      7.154329    219.296546      5.775000   4.0000  12.0107
    908    1 H     1      4.998191    219.511249      5.775000   1.0000   1.0079
    909    1 H     1     14.191809    219.511249      5.775000   1.0000   1.0079
    910    2 C     6     10.818523    220.000771      5.775000   4.0000  12.0107
    911    2 C     6      8.371477    220.000771      5.775000   4.0000  12.0107
    912    2 C     6      5.959983    220.031016      5.775000   4.0000  12.0107
    913    2 C     6     13.230017    220.031016      5.775000   4.0000  12.0107
    914    2 C     6     13.230017    221.389370      5.775000   4.0000  12.0107
    915    2 C     6      5.959983    221.389370      5.775000   4.0000  12.0107
    916    2 C     6     10.818523    221.419616      5.775000   4.0000  12.0107
    917    2 C     6      8.371477    221.419616      5.775000   4.0000  12.0107
    918    1 H     1     14.191809    221.909138      5.775000   1.0000   1.0079
    919    1 H     1      4.998191    221.909138      5.775000   1.0000   1.0079
    920    2 C     6      7.154329    222.123841      5.775000   4.0000  12.0107
    921    2 C     6     12.035671    222.123841      5.775000   4.0000  12.0107
    922    2 C     6      9.595000    222.132801      5.775000   4.0000  12.0107
    923    2 C     6      9.595000    223.551646      5.775000   4.0000  12.0107
    924    2 C     6      7.154329    223.560606      5.775000   4.0000  12.0107
    925    2 C     6     12.035671    223.560606      5.775000   4.0000  12.0107
    926    1 H     1      4.998191    223.775309      5.775000   1.0000   1.0079
    927    1 H     1     14.191809    223.775309      5.775000   1.0000   1.0079
    928    2 C     6     10.818523    224.264830      5.775000   4.0000  12.0107
    929    2 C     6      8.371477    224.264830      5.775000   4.0000  12.0107
    930    2 C     6      5.959983    224.295076      5.775000   4.0000  12.0107
    931    2 C     6     13.230017    224.295076      5.775000   4.0000  12.0107
    932    2 C     6     13.230017    225.653430      5.775000   4.0000  12.0107
    933    2 C     6      5.959983    225.653430      5.775000   4.0000  12.0107
    934    2 C     6     10.818523    225.683676      5.775000   4.0000  12.0107
    935    2 C     6      8.371477    225.683676      5.775000   4.0000  12.0107
    936    1 H     1     14.191809    226.173198      5.775000   1.0000   1.0079
    937    1 H     1      4.998191    226.173198      5.775000   1.0000   1.0079
    938    2 C     6      7.154329    226.387900      5.775000   4.0000  12.0107
    939    2 C     6     12.035671    226.387900      5.775000   4.0000  12.0107
    940    2 C     6      9.595000    226.396860      5.775000   4.0000  12.0107
    941    2 C     6      9.595000    227.815705      5.775000   4.0000  12.0107
    942    2 C     6     12.035671    227.824665      5.775000   4.0000  12.0107
    943    2 C     6      7.154329    227.824665      5.775000   4.0000  12.0107
    944    1 H     1     14.191809    228.039368      5.775000   1.0000   1.0079
    945    1 H     1      4.998191    228.039368      5.775000   1.0000   1.0079
    946    2 C     6      8.371477    228.528890      5.775000   4.0000  12.0107
    947    2 C     6     10.818523    228.528890      5.775000   4.0000  12.0107
    948    2 C     6      5.959983    228.559136      5.775000   4.0000  12.0107
    949    2 C     6     13.230017    228.559136      5.775000   4.0000  12.0107
    950    2 C     6     13.230017    229.917490      5.775000   4.0000  12.0107
    951    2 C     6      5.959983    229.917490      5.775000   4.0000  12.0107
    952    2 C     6      8.371477    229.947735      5.775000   4.0000  12.0107
    953    2 C     6     10.818523    229.947735      5.775000   4.0000  12.0107
    954    1 H     1      4.998191    230.437257      5.775000   1.0000   1.0079
    955    1 H     1     14.191809    230.437257      5.775000   1.0000   1.0079
    956    2 C     6      7.154329    230.651960      5.775000   4.0000  12.0107
    957    2 C     6     12.035671    230.651960      5.775000   4.0000  12.0107
    958    2 C     6      9.595000    230.660920      5.775000   4.0000  12.0107
    959    2 C     6      9.595000    232.079765      5.775000   4.0000  12.0107
    960    2 C     6      7.154329    232.088725      5.775000   4.0000  12.0107
    961    2 C     6     12.035671    232.088725      5.775000   4.0000  12.0107
    962    1 H     1      4.998191    232.303428      5.775000   1.0000   1.0079
    963    1 H     1     14.191809    232.303428      5.775000   1.0000   1.0079
    964    2 C     6      8.371477    232.792950      5.775000   4.0000  12.0107
    965    2 C     6     10.818523    232.792950      5.775000   4.0000  12.0107
    966    2 C     6      5.959983    232.823195      5.775000   4.0000  12.0107
    967    2 C     6     13.230017    232.823195      5.775000   4.0000  12.0107
    968    2 C     6      5.959983    234.181550      5.775000   4.0000  12.0107
    969    2 C     6     13.230017    234.181550      5.775000   4.0000  12.0107
    970    2 C     6      8.371477    234.211795      5.775000   4.0000  12.0107
    971    2 C     6     10.818523    234.211795      5.775000   4.0000  12.0107
    972    1 H     1     14.191809    234.701317      5.775000   1.0000   1.0079
    973    1 H     1      4.998191    234.701317      5.775000   1.0000   1.0079
    974    2 C     6     12.035671    234.916020      5.775000   4.0000  12.0107
    975    2 C     6      7.154329    234.916020      5.775000   4.0000  12.0107
    976    2 C     6      9.595000    234.924980      5.775000   4.0000  12.0107
    977    2 C     6      9.595000    236.343825      5.775000   4.0000  12.0107
    978    2 C     6      7.154329    236.352785      5.775000   4.0000  12.0107
    979    2 C     6     12.035671    236.352785      5.775000   4.0000  12.0107
    980    1 H     1      4.998191    236.567488      5.775000   1.0000   1.0079
    981    1 H     1     14.191809    236.567488      5.775000   1.0000   1.0079
    982    2 C     6     10.818523    237.057010      5.775000   4.0000  12.0107
    983    2 C     6      8.371477    237.057010      5.775000   4.0000  12.0107
    984    2 C     6      5.959983    237.087255      5.775000   4.0000  12.0107
    985    2 C     6     13.230017    237.087255      5.775000   4.0000  12.0107
    986    2 C     6      5.959983    238.445609      5.775000   4.0000  12.0107
    987    2 C     6     13.230017    238.445609      5.775000   4.0000  12.0107
    988    2 C     6      8.371477    238.475855      5.775000   4.0000  12.0107
    989    2 C     6     10.818523    238.475855      5.775000   4.0000  12.0107
    990    1 H     1      4.998191    238.965377      5.775000   1.0000   1.0079
    991    1 H     1     14.191809    238.965377      5.775000   1.0000   1.0079
    992    2 C     6     12.035671    239.180080      5.775000   4.0000  12.0107
    993    2 C     6      7.154329    239.180080      5.775000   4.0000  12.0107
    994    2 C     6      9.595000    239.189040      5.775000   4.0000  12.0107
    995    2 C     6      9.595000    240.607885      5.775000   4.0000  12.0107
    996    2 C     6     12.035671    240.616845      5.775000   4.0000  12.0107
    997    2 C     6      7.154329    240.616845      5.775000   4.0000  12.0107
    998    1 H     1     14.191809    240.831548      5.775000   1.0000   1.0079
    999    1 H     1      4.998191    240.831548      5.775000   1.0000   1.0079
   1000    2 C     6     10.818523    241.321070      5.775000   4.0000  12.0107
   1001    2 C     6      8.371477    241.321070      5.775000   4.0000  12.0107
   1002    2 C     6      5.959983    241.351315      5.775000   4.0000  12.0107
   1003    2 C     6     13.230017    241.351315      5.775000   4.0000  12.0107
   1004    2 C     6     13.230017    242.709669      5.775000   4.0000  12.0107
   1005    2 C     6      5.959983    242.709669      5.775000   4.0000  12.0107
   1006    2 C     6     10.818523    242.739915      5.775000   4.0000  12.0107
   1007    2 C     6      8.371477    242.739915      5.775000   4.0000  12.0107
   1008    1 H     1     14.191809    243.229437      5.775000   1.0000   1.0079
   1009    1 H     1      4.998191    243.229437      5.775000   1.0000   1.0079
   1010    2 C     6      7.154329    243.444139      5.775000   4.0000  12.0107
   1011    2 C     6     12.035671    243.444139      5.775000   4.0000  12.0107
   1012    2 C     6      9.595000    243.453099      5.775000   4.0000  12.0107
   1013    2 C     6      9.595000    244.871944      5.775000   4.0000  12.0107
   1014    2 C     6      7.154329    244.880904      5.775000   4.0000  12.0107
   1015    2 C     6     12.035671    244.880904      5.775000   4.0000  12.0107
   1016    1 H     1     14.191809    245.095607      5.775000   1.0000   1.0079
   1017    1 H     1      4.998191    245.095607      5.775000   1.0000   1.0079
   1018    2 C     6     10.818523    245.585129      5.775000   4.0000  12.0107
   1019    2 C     6      8.371477    245.585129      5.775000   4.0000  12.0107
   1020    2 C     6     13.230017    245.615375      5.775000   4.0000  12.0107
   1021    2 C     6      5.959983    245.615375      5.775000   4.0000  12.0107
   1022    2 C     6      5.959983    246.973729      5.775000   4.0000  12.0107
   1023    2 C     6     13.230017    246.973729      5.775000   4.0000  12.0107
   1024    2 C     6     10.818523    247.003974      5.775000   4.0000  12.0107
   1025    2 C     6      8.371477    247.003974      5.775000   4.0000  12.0107
   1026    1 H     1     14.191809    247.493496      5.775000   1.0000   1.0079
   1027    1 H     1      4.998191    247.493496      5.775000   1.0000   1.0079
   1028    2 C     6      7.154329    247.708199      5.775000   4.0000  12.0107
   1029    2 C     6     12.035671    247.708199      5.775000   4.0000  12.0107
   1030    2 C     6      9.595000    247.717159      5.775000   4.0000  12.0107
   1031    2 C     6      9.595000    249.136004      5.775000   4.0000  12.0107
   1032    2 C     6      7.154329    249.144964      5.775000   4.0000  12.0107
   1033    2 C     6     12.035671    249.144964      5.775000   4.0000  12.0107
   1034    1 H     1      4.998191    249.359667      5.775000   1.0000   1.0079
   1035    1 H     1     14.191809    249.359667      5.775000   1.0000   1.0079
   1036    2 C     6      8.371477    249.849189      5.775000   4.0000  12.0107
   1037    2 C     6     10.818523    249.849189      5.775000   4.0000  12.0107
   1038    2 C     6      5.959983    249.879434      5.775000   4.0000  12.0107
   1039    2 C     6     13.230017    249.879434      5.775000   4.0000  12.0107
   1040    2 C     6      5.959983    251.237789      5.775000   4.0000  12.0107
   1041    2 C     6     13.230017    251.237789      5.775000   4.0000  12.0107
   1042    2 C     6     10.818523    251.268034      5.775000   4.0000  12.0107
   1043    2 C     6      8.371477    251.268034      5.775000   4.0000  12.0107
   1044    1 H     1      4.998191    251.757556      5.775000   1.0000   1.0079
   1045    1 H     1     14.191809    251.757556      5.775000   1.0000   1.0079
   1046    2 C     6     12.035671    251.972259      5.775000   4.0000  12.0107
   1047    2 C     6      7.154329    251.972259      5.775000   4.0000  12.0107
   1048    2 C     6      9.595000    251.981219      5.775000   4.0000  12.0107
   1049    2 C     6      9.595000    253.400064      5.775000   4.0000  12.0107
   1050    2 C     6      7.154329    253.409024      5.775000   4.0000  12.0107
   1051    2 C     6     12.035671    253.409024      5.775000   4.0000  12.0107
   1052    1 H     1      4.998191    253.623727      5.775000   1.0000   1.0079
   1053    1 H     1     14.191809    253.623727      5.775000   1.0000   1.0079
   1054    2 C     6     10.818523    254.113249      5.775000   4.0000  12.0107
   1055    2 C     6      8.371477    254.113249      5.775000   4.0000  12.0107
   1056    2 C     6     13.230017    254.143494      5.775000   4.0000  12.0107
   1057    2 C     6      5.959983    254.143494      5.775000   4.0000  12.0107
   1058    2 C     6      5.959983    255.501848      5.775000   4.0000  12.0107
   1059    2 C     6     13.230017    255.501848      5.775000   4.0000  12.0107
   1060    2 C     6     10.818523    255.532094      5.775000   4.0000  12.0107
   1061    2 C     6      8.371477    255.532094      5.775000   4.0000  12.0107
   1062    1 H     1     14.191809    256.021616      5.775000   1.0000   1.0079
   1063    1 H     1      4.998191    256.021616      5.775000   1.0000   1.0079
   1064    2 C     6     12.035671    256.236319      5.775000   4.0000  12.0107
   1065    2 C     6      7.154329    256.236319      5.775000   4.0000  12.0107
   1066    2 C     6      9.595000    256.245279      5.775000   4.0000  12.0107
   1067    2 C     6      9.595000    257.664124      5.775000   4.0000  12.0107
   1068    2 C     6     12.035671    257.673084      5.775000   4.0000  12.0107
   1069    2 C     6      7.154329    257.673084      5.775000   4.0000  12.0107
   1070    1 H     1     14.191809    257.887787      5.775000   1.0000   1.0079
   1071    1 H     1      4.998191    257.887787      5.775000   1.0000   1.0079
   1072    2 C     6     10.818523    258.377309      5.775000   4.0000  12.0107
   1073    2 C     6      8.371477    258.377309      5.775000   4.0000  12.0107
   1074    2 C     6      5.959983    258.407554      5.775000   4.0000  12.0107
   1075    2 C     6     13.230017    258.407554      5.775000   4.0000  12.0107
   1076    2 C     6     13.230017    259.765908      5.775000   4.0000  12.0107
   1077    2 C     6      5.959983    259.765908      5.775000   4.0000  12.0107
   1078    2 C     6      8.371477    259.796154      5.775000   4.0000  12.0107
   1079    2 C     6     10.818523    259.796154      5.775000   4.0000  12.0107
   1080    1 H     1     14.191809    260.285676      5.775000   1.0000   1.0079
   1081    1 H     1      4.998191    260.285676      5.775000   1.0000   1.0079
   1082    2 C     6     12.035671    260.500379      5.775000   4.0000  12.0107
   1083    2 C     6      7.154329    260.500379      5.775000   4.0000  12.0107
   1084    2 C     6      9.595000    260.509338      5.775000   4.0000  12.0107
   1085    2 C     6      9.595000    261.928183      5.775000   4.0000  12.0107
   1086    2 C     6     12.035671    261.937143      5.775000   4.0000  12.0107
   1087    2 C     6      7.154329    261.937143      5.775000   4.0000  12.0107
   1088    1 H     1     14.191809    262.151846      5.775000   1.0000   1.0079
   1089    1 H     1      4.998191    262.151846      5.775000   1.0000   1.0079
   1090    2 C     6      8.371477    262.641368      5.775000   4.0000  12.0107
   1091    2 C     6     10.818523    262.641368      5.775000   4.0000  12.0107
   1092    2 C     6     13.230017    262.671614      5.775000   4.0000  12.0107
   1093    2 C     6      5.959983    262.671614      5.775000   4.0000  12.0107
   1094    2 C     6     13.230017    264.029968      5.775000   4.0000  12.0107
   1095    2 C     6      5.959983    264.029968      5.775000   4.0000  12.0107
   1096    2 C     6      8.371477    264.060213      5.775000   4.0000  12.0107
   1097    2 C     6     10.818523    264.060213      5.775000   4.0000  12.0107
   1098    1 H     1     14.191809    264.549735      5.775000   1.0000   1.0079
   1099    1 H     1      4.998191    264.549735      5.775000   1.0000   1.0079
   1100    2 C     6     12.035671    264.764438      5.775000   4.0000  12.0107
   1101    2 C     6      7.154329    264.764438      5.775000   4.0000  12.0107
   1102    2 C     6      9.595000    264.773398      5.775000   4.0000  12.0107
   1103    2 C     6      9.595000    266.192243      5.775000   4.0000  12.0107
   1104    2 C     6      7.154329    266.201203      5.775000   4.0000  12.0107
   1105    2 C     6     12.035671    266.201203      5.775000   4.0000  12.0107
   1106    1 H     1     14.191809    266.415906      5.775000   1.0000   1.0079
   1107    1 H     1      4.998191    266.415906      5.775000   1.0000   1.0079
   1108    2 C     6      8.371477    266.905428      5.775000   4.0000  12.0107
   1109    2 C     6     10.818523    266.905428      5.775000   4.0000  12.0107
   1110    2 C     6     13.230017    266.935673      5.775000   4.0000  12.0107
   1111    2 C     6      5.959983    266.935673      5.775000   4.0000  12.0107
   1112    2 C     6     13.230017    268.294028      5.775000   4.0000  12.0107
   1113    2 C     6      5.959983    268.294028      5.775000   4.0000  12.0107
   1114    2 C     6      8.371477    268.324273      5.775000   4.0000  12.0107
   1115    2 C     6     10.818523    268.324273      5.775000   4.0000  12.0107
   1116    1 H     1     14.191809    268.813795      5.775000   1.0000   1.0079
   1117    1 H     1      4.998191    268.813795      5.775000   1.0000   1.0079
   1118    2 C     6     12.035671    269.028498      5.775000   4.0000  12.0107
   1119    2 C     6      7.154329    269.028498      5.775000   4.0000  12.0107
   1120    2 C     6      9.595000    269.037458      5.775000   4.0000  12.0107
   1121    2 C     6      9.595000    270.456303      5.775000   4.0000  12.0107
   1122    2 C     6     12.035671    270.465263      5.775000   4.0000  12.0107
   1123    2 C     6      7.154329    270.465263      5.775000   4.0000  12.0107
   1124    1 H     1     14.191809    270.679966      5.775000   1.0000   1.0079
   1125    1 H     1      4.998191    270.679966      5.775000   1.0000   1.0079
   1126    2 C     6     10.818523    271.169488      5.775000   4.0000  12.0107
   1127    2 C     6      8.371477    271.169488      5.775000   4.0000  12.0107
   1128    2 C     6     13.230017    271.199733      5.775000   4.0000  12.0107
   1129    2 C     6      5.959983    271.199733      5.775000   4.0000  12.0107
   1130    2 C     6      5.959983    272.558087      5.775000   4.0000  12.0107
   1131    2 C     6     13.230017    272.558087      5.775000   4.0000  12.0107
   1132    2 C     6     10.818523    272.588333      5.775000   4.0000  12.0107
   1133    2 C     6      8.371477    272.588333      5.775000   4.0000  12.0107
   1134    1 H     1     14.191809    273.077855      5.775000   1.0000   1.0079
   1135    1 H     1      4.998191    273.077855      5.775000   1.0000   1.0079
   1136    2 C     6      7.154329    273.292558      5.775000   4.0000  12.0107
   1137    2 C     6     12.035671    273.292558      5.775000   4.0000  12.0107
   1138    2 C     6      9.595000    273.301518      5.775000   4.0000  12.0107
   1139    2 C     6      9.595000    274.720363      5.775000   4.0000  12.0107
   1140    2 C     6      7.154329    274.729323      5.775000   4.0000  12.0107
   1141    2 C     6     12.035671    274.729323      5.775000   4.0000  12.0107
   1142    1 H     1      4.998191    274.944026      5.775000   1.0000   1.0079
   1143    1 H     1     14.191809    274.944026      5.775000   1.0000   1.0079
   1144    2 C     6     10.818523    275.433548      5.775000   4.0000  12.0107
   1145    2 C     6      8.371477    275.433548      5.775000   4.0000  12.0107
   1146    2 C     6     13.230017    275.463793      5.775000   4.0000  12.0107
   1147    2 C     6      5.959983    275.463793      5.775000   4.0000  12.0107
   1148    2 C     6      5.959983    276.822147      5.775000   4.0000  12.0107
   1149    2 C     6     13.230017    276.822147      5.775000   4.0000  12.0107
   1150    2 C     6     10.818523    276.852393      5.775000   4.0000  12.0107
   1151    2 C     6      8.371477    276.852393      5.775000   4.0000  12.0107
   1152    1 H     1     14.191809    277.341915      5.775000   1.0000   1.0079
   1153    1 H     1      4.998191    277.341915      5.775000   1.0000   1.0079
   1154    2 C     6     12.035671    277.556618      5.775000   4.0000  12.0107
   1155    2 C     6      7.154329    277.556618      5.775000   4.0000  12.0107
   1156    2 C     6      9.595000    277.565577      5.775000   4.0000  12.0107
   1157    2 C     6      9.595000    278.984422      5.775000   4.0000  12.0107
   1158    2 C     6      7.154329    278.993382      5.775000   4.0000  12.0107
   1159    2 C     6     12.035671    278.993382      5.775000   4.0000  12.0107
   1160    1 H     1     14.191809    279.208085      5.775000   1.0000   1.0079
   1161    1 H     1      4.998191    279.208085      5.775000   1.0000   1.0079
   1162    2 C     6     10.818523    279.697607      5.775000   4.0000  12.0107
   1163    2 C     6      8.371477    279.697607      5.775000   4.0000  12.0107
   1164    2 C     6      5.959983    279.727853      5.775000   4.0000  12.0107
   1165    2 C     6     13.230017    279.727853      5.775000   4.0000  12.0107
   1166    2 C     6      5.959983    281.086207      5.775000   4.0000  12.0107
   1167    2 C     6     13.230017    281.086207      5.775000   4.0000  12.0107
   1168    2 C     6      8.371477    281.116452      5.775000   4.0000  12.0107
   1169    2 C     6     10.818523    281.116452      5.775000   4.0000  12.0107
   1170    1 H     1     14.191809    281.605974      5.775000   1.0000   1.0079
   1171    1 H     1      4.998191    281.605974      5.775000   1.0000   1.0079
   1172    2 C     6     12.035671    281.820677      5.775000   4.0000  12.0107
   1173    2 C     6      7.154329    281.820677      5.775000   4.0000  12.0107
   1174    2 C     6      9.595000    281.829637      5.775000   4.0000  12.0107
   1175    2 C     6      9.595000    283.248482      5.775000   4.0000  12.0107
   1176    2 C     6      7.154329    283.257442      5.775000   4.0000  12.0107
   1177    2 C     6     12.035671    283.257442      5.775000   4.0000  12.0107
   1178    1 H     1      4.998191    283.472145      5.775000   1.0000   1.0079
   1179    1 H     1     14.191809    283.472145      5.775000   1.0000   1.0079
   1180    2 C     6     10.818523    283.961667      5.775000   4.0000  12.0107
   1181    2 C     6      8.371477    283.961667      5.775000   4.0000  12.0107
   1182    2 C     6     13.230017    283.991913      5.775000   4.0000  12.0107
   1183    2 C     6      5.959983    283.991913      5.775000   4.0000  12.0107
   1184    2 C     6      5.959983    285.350267      5.775000   4.0000  12.0107
   1185    2 C     6     13.230017    285.350267      5.775000   4.0000  12.0107
   1186    2 C     6     10.818523    285.380512      5.775000   4.0000  12.0107
   1187    2 C     6      8.371477    285.380512      5.775000   4.0000  12.0107
   1188    1 H     1      4.998191    285.870034      5.775000   1.0000   1.0079
   1189    1 H     1     14.191809    285.870034      5.775000   1.0000   1.0079
   1190    2 C     6     12.035671    286.084737      5.775000   4.0000  12.0107
   1191    2 C     6      7.154329    286.084737      5.775000   4.0000  12.0107
   1192    2 C     6      9.595000    286.093697      5.775000   4.0000  12.0107
   1193    2 C     6      9.595000    287.512542      5.775000   4.0000  12.0107
   1194    2 C     6     12.035671    287.521502      5.775000   4.0000  12.0107
   1195    2 C     6      7.154329    287.521502      5.775000   4.0000  12.0107
   1196    1 H     1      4.998191    287.736205      5.775000   1.0000   1.0079
   1197    1 H     1     14.191809    287.736205      5.775000   1.0000   1.0079
   1198    2 C     6     10.818523    288.225727      5.775000   4.0000  12.0107
   1199    2 C     6      8.371477    288.225727      5.775000   4.0000  12.0107
   1200    2 C     6     13.230017    288.255972      5.775000   4.0000  12.0107
   1201    2 C     6      5.959983    288.255972      5.775000   4.0000  12.0107
   1202    2 C     6      5.959983    289.614327      5.775000   4.0000  12.0107
   1203    2 C     6     13.230017    289.614327      5.775000   4.0000  12.0107
   1204    2 C     6     10.818523    289.644572      5.775000   4.0000  12.0107
   1205    2 C     6      8.371477    289.644572      5.775000   4.0000  12.0107
   1206    1 H     1      4.998191    290.134094      5.775000   1.0000   1.0079
   1207    1 H     1     14.191809    290.134094      5.775000   1.0000   1.0079
   1208    2 C     6      7.154329    290.348797      5.775000   4.0000  12.0107
   1209    2 C     6     12.035671    290.348797      5.775000   4.0000  12.0107
   1210    2 C     6      9.595000    290.357757      5.775000   4.0000  12.0107
   1211    2 C     6      9.595000    291.776602      5.775000   4.0000  12.0107
   1212    2 C     6      7.154329    291.785562      5.775000   4.0000  12.0107
   1213    2 C     6     12.035671    291.785562      5.775000   4.0000  12.0107
   1214    1 H     1     14.191809    292.000265      5.775000   1.0000   1.0079
   1215    1 H     1      4.998191    292.000265      5.775000   1.0000   1.0079
   1216    2 C     6     10.818523    292.489787      5.775000   4.0000  12.0107
   1217    2 C     6      8.371477    292.489787      5.775000   4.0000  12.0107
   1218    2 C     6     13.230017    292.520032      5.775000   4.0000  12.0107
   1219    2 C     6      5.959983    292.520032      5.775000   4.0000  12.0107
   1220    2 C     6     13.230017    293.878386      5.775000   4.0000  12.0107
   1221    2 C     6      5.959983    293.878386      5.775000   4.0000  12.0107
   1222    2 C     6     10.818523    293.908632      5.775000   4.0000  12.0107
   1223    2 C     6      8.371477    293.908632      5.775000   4.0000  12.0107
   1224    1 H     1     14.191809    294.398154      5.775000   1.0000   1.0079
   1225    1 H     1      4.998191    294.398154      5.775000   1.0000   1.0079
   1226    2 C     6     12.035671    294.612857      5.775000   4.0000  12.0107
   1227    2 C     6      7.154329    294.612857      5.775000   4.0000  12.0107
   1228    2 C     6      9.595000    294.621817      5.775000   4.0000  12.0107
   1229    2 C     6      9.595000    296.040662      5.775000   4.0000  12.0107
   1230    2 C     6     12.035671    296.049622      5.775000   4.0000  12.0107
   1231    2 C     6      7.154329    296.049622      5.775000   4.0000  12.0107
   1232    1 H     1      4.998191    296.264324      5.775000   1.0000   1.0079
   1233    1 H     1     14.191809    296.264324      5.775000   1.0000   1.0079
   1234    2 C     6      8.371477    296.753846      5.775000   4.0000  12.0107
   1235    2 C     6     10.818523    296.753846      5.775000   4.0000  12.0107
   1236    2 C     6      5.959983    296.784092      5.775000   4.0000  12.0107
   1237    2 C     6     13.230017    296.784092      5.775000   4.0000  12.0107
   1238    2 C     6     13.230017    298.142446      5.775000   4.0000  12.0107
   1239    2 C     6      5.959983    298.142446      5.775000   4.0000  12.0107
   1240    2 C     6     10.818523    298.172691      5.775000   4.0000  12.0107
   1241    2 C     6      8.371477    298.172691      5.775000   4.0000  12.0107
   1242    1 H     1     14.191809    298.662213      5.775000   1.0000   1.0079
   1243    1 H     1      4.998191    298.662213      5.775000   1.0000   1.0079
   1244    2 C     6     12.035671    298.876916      5.775000   4.0000  12.0107
   1245    2 C     6      7.154329    298.876916      5.775000   4.0000  12.0107
   1246    2 C     6      9.595000    298.885876      5.775000   4.0000  12.0107
   1247    2 C     6      9.595000    300.304721      5.775000   4.0000  12.0107
   1248    2 C     6     12.035671    300.313681      5.775000   4.0000  12.0107
   1249    2 C     6      7.154329    300.313681      5.775000   4.0000  12.0107
   1250    1 H     1     14.191809    300.528384      5.775000   1.0000   1.0079
   1251    1 H     1      4.998191    300.528384      5.775000   1.0000   1.0079
   1252    2 C     6     10.818523    301.017906      5.775000   4.0000  12.0107
   1253    2 C     6      8.371477    301.017906      5.775000   4.0000  12.0107
   1254    2 C     6     13.230017    301.048152      5.775000   4.0000  12.0107
   1255    2 C     6      5.959983    301.048152      5.775000   4.0000  12.0107
   1256    2 C     6      5.959983    302.406506      5.775000   4.0000  12.0107
   1257    2 C     6     13.230017    302.406506      5.775000   4.0000  12.0107
   1258    2 C     6     10.818523    302.436751      5.775000   4.0000  12.0107
   1259    2 C     6      8.371477    302.436751      5.775000   4.0000  12.0107
   1260    1 H     1      4.998191    302.926273      5.775000   1.0000   1.0079
   1261    1 H     1     14.191809    302.926273      5.775000   1.0000   1.0079
   1262    2 C     6      7.154329    303.140976      5.775000   4.0000  12.0107
   1263    2 C     6     12.035671    303.140976      5.775000   4.0000  12.0107
   1264    2 C     6      9.595000    303.149936      5.775000   4.0000  12.0107
   1265    2 C     6      9.595000    304.568781      5.775000   4.0000  12.0107
   1266    2 C     6     12.035671    304.577741      5.775000   4.0000  12.0107
   1267    2 C     6      7.154329    304.577741      5.775000   4.0000  12.0107
   1268    1 H     1      4.998191    304.792444      5.775000   1.0000   1.0079
   1269    1 H     1     14.191809    304.792444      5.775000   1.0000   1.0079
   1270    2 C     6      8.371477    305.281966      5.775000   4.0000  12.0107
   1271    2 C     6     10.818523    305.281966      5.775000   4.0000  12.0107
   1272    2 C     6      5.959983    305.312211      5.775000   4.0000  12.0107
   1273    2 C     6     13.230017    305.312211      5.775000   4.0000  12.0107
   1274    2 C     6      5.959983    306.670566      5.775000   4.0000  12.0107
   1275    2 C     6     13.230017    306.670566      5.775000   4.0000  12.0107
   1276    2 C     6      8.371477    306.700811      5.775000   4.0000  12.0107
   1277    2 C     6     10.818523    306.700811      5.775000   4.0000  12.0107
   1278    1 H     1     14.191809    307.190333      5.775000   1.0000   1.0079
   1279    1 H     1      4.998191    307.190333      5.775000   1.0000   1.0079
   1280    2 C     6     12.035671    307.405036      5.775000   4.0000  12.0107
   1281    2 C     6      7.154329    307.405036      5.775000   4.0000  12.0107
   1282    2 C     6      9.595000    307.413996      5.775000   4.0000  12.0107
   1283    2 C     6      9.595000    308.832841      5.775000   4.0000  12.0107
   1284    2 C     6      7.154329    308.841801      5.775000   4.0000  12.0107
   1285    2 C     6     12.035671    308.841801      5.775000   4.0000  12.0107
   1286    1 H     1      4.998191    309.056504      5.775000   1.0000   1.0079
   1287    1 H     1     14.191809    309.056504      5.775000   1.0000   1.0079
   1288    2 C     6      8.371477    309.546026      5.775000   4.0000  12.0107
   1289    2 C     6     10.818523    309.546026      5.775000   4.0000  12.0107
   1290    2 C     6      5.959983    309.576271      5.775000   4.0000  12.0107
   1291    2 C     6     13.230017    309.576271      5.775000   4.0000  12.0107
   1292    2 C     6      5.959983    310.934625      5.775000   4.0000  12.0107
   1293    2 C     6     13.230017    310.934625      5.775000   4.0000  12.0107
   1294    2 C     6     10.818523    310.964871      5.775000   4.0000  12.0107
   1295    2 C     6      8.371477    310.964871      5.775000   4.0000  12.0107
   1296    1 H     1     14.191809    311.454393      5.775000   1.0000   1.0079
   1297    1 H     1      4.998191    311.454393      5.775000   1.0000   1.0079
   1298    2 C     6     12.035671    311.669096      5.775000   4.0000  12.0107
   1299    2 C     6      7.154329    311.669096      5.775000   4.0000  12.0107
   1300    2 C     6      9.595000    311.678056      5.775000   4.0000  12.0107
   1301    2 C     6      9.595000    313.096901      5.775000   4.0000  12.0107
   1302    2 C     6      7.154329    313.105861      5.775000   4.0000  12.0107
   1303    2 C     6     12.035671    313.105861      5.775000   4.0000  12.0107
   1304    1 H     1     14.191809    313.320563      5.775000   1.0000   1.0079
   1305    1 H     1      4.998191    313.320563      5.775000   1.0000   1.0079
   1306    2 C     6     10.818523    313.810085      5.775000   4.0000  12.0107
   1307    2 C     6      8.371477    313.810085      5.775000   4.0000  12.0107
   1308    2 C     6      5.959983    313.840331      5.775000   4.0000  12.0107
   1309    2 C     6     13.230017    313.840331      5.775000   4.0000  12.0107
   1310    2 C     6     13.230017    315.198685      5.775000   4.0000  12.0107
   1311    2 C     6      5.959983    315.198685      5.775000   4.0000  12.0107
   1312    2 C     6      8.371477    315.228930      5.775000   4.0000  12.0107
   1313    2 C     6     10.818523    315.228930      5.775000   4.0000  12.0107
   1314    1 H     1     14.191809    315.718452      5.775000   1.0000   1.0079
   1315    1 H     1      4.998191    315.718452      5.775000   1.0000   1.0079
   1316    2 C     6      7.154329    315.933155      5.775000   4.0000  12.0107
   1317    2 C     6     12.035671    315.933155      5.775000   4.0000  12.0107
   1318    2 C     6      9.595000    315.942115      5.775000   4.0000  12.0107
   1319    2 C     6      9.595000    317.360960      5.775000   4.0000  12.0107
   1320    2 C     6     12.035671    317.369920      5.775000   4.0000  12.0107
   1321    2 C     6      7.154329    317.369920      5.775000   4.0000  12.0107
   1322    1 H     1      4.998191    317.584623      5.775000   1.0000   1.0079
   1323    1 H     1     14.191809    317.584623      5.775000   1.0000   1.0079
   1324    2 C     6      8.371477    318.074145      5.775000   4.0000  12.0107
   1325    2 C     6     10.818523    318.074145      5.775000   4.0000  12.0107
   1326    2 C     6     13.230017    318.104391      5.775000   4.0000  12.0107
   1327    2 C     6      5.959983    318.104391      5.775000   4.0000  12.0107
   1328    2 C     6     13.230017    319.462745      5.775000   4.0000  12.0107
   1329    2 C     6      5.959983    319.462745      5.775000   4.0000  12.0107
   1330    2 C     6     10.818523    319.492990      5.775000   4.0000  12.0107
   1331    2 C     6      8.371477    319.492990      5.775000   4.0000  12.0107
   1332    1 H     1     14.191809    319.982512      5.775000   1.0000   1.0079
   1333    1 H     1      4.998191    319.982512      5.775000   1.0000   1.0079
   1334    2 C     6      7.154329    320.197215      5.775000   4.0000  12.0107
   1335    2 C     6     12.035671    320.197215      5.775000   4.0000  12.0107
   1336    2 C     6      9.595000    320.206175      5.775000   4.0000  12.0107
   1337    2 C     6      9.595000    321.625020      5.775000   4.0000  12.0107
   1338    2 C     6     12.035671    321.633980      5.775000   4.0000  12.0107
   1339    2 C     6      7.154329    321.633980      5.775000   4.0000  12.0107
   1340    1 H     1     14.191809    321.848683      5.775000   1.0000   1.0079
   1341    1 H     1      4.998191    321.848683      5.775000   1.0000   1.0079
   1342    2 C     6      8.371477    322.338205      5.775000   4.0000  12.0107
   1343    2 C     6     10.818523    322.338205      5.775000   4.0000  12.0107
   1344    2 C     6     13.230017    322.368450      5.775000   4.0000  12.0107
   1345    2 C     6      5.959983    322.368450      5.775000   4.0000  12.0107
   1346    2 C     6      5.959983    323.726805      5.775000   4.0000  12.0107
   1347    2 C     6     13.230017    323.726805      5.775000   4.0000  12.0107
   1348    2 C     6     10.818523    323.757050      5.775000   4.0000  12.0107
   1349    2 C     6      8.371477    323.757050      5.775000   4.0000  12.0107
   1350    1 H     1     14.191809    324.246572      5.775000   1.0000   1.0079
   1351    1 H     1      4.998191    324.246572      5.775000   1.0000   1.0079
   1352    2 C     6     12.035671    324.461275      5.775000   4.0000  12.0107
   1353    2 C     6      7.154329    324.461275      5.775000   4.0000  12.0107
   1354    2 C     6      9.595000    324.470235      5.775000   4.0000  12.0107
   1355    2 C     6      9.595000    325.889080      5.775000   4.0000  12.0107
   1356    2 C     6     12.035671    325.898040      5.775000   4.0000  12.0107
   1357    2 C     6      7.154329    325.898040      5.775000   4.0000  12.0107
   1358    1 H     1     14.191809    326.112743      5.775000   1.0000   1.0079
   1359    1 H     1      4.998191    326.112743      5.775000   1.0000   1.0079
   1360    2 C     6     10.818523    326.602265      5.775000   4.0000  12.0107
   1361    2 C     6      8.371477    326.602265      5.775000   4.0000  12.0107
   1362    2 C     6      5.959983    326.632510      5.775000   4.0000  12.0107
   1363    2 C     6     13.230017    326.632510      5.775000   4.0000  12.0107
   1364    2 C     6      5.959983    327.990864      5.775000   4.0000  12.0107
   1365    2 C     6     13.230017    327.990864      5.775000   4.0000  12.0107
   1366    2 C     6     10.818523    328.021110      5.775000   4.0000  12.0107
   1367    2 C     6      8.371477    328.021110      5.775000   4.0000  12.0107
   1368    1 H     1     14.191809    328.510632      5.775000   1.0000   1.0079
   1369    1 H     1      4.998191    328.510632      5.775000   1.0000   1.0079
   1370    2 C     6      7.154329    328.725335      5.775000   4.0000  12.0107
   1371    2 C     6     12.035671    328.725335      5.775000   4.0000  12.0107
   1372    2 C     6      9.595000    328.734295      5.775000   4.0000  12.0107
   1373    2 C     6      9.595000    330.153140      5.775000   4.0000  12.0107
   1374    2 C     6     12.035671    330.162100      5.775000   4.0000  12.0107
   1375    2 C     6      7.154329    330.162100      5.775000   4.0000  12.0107
   1376    1 H     1     14.191809    330.376802      5.775000   1.0000   1.0079
   1377    1 H     1      4.998191    330.376802      5.775000   1.0000   1.0079
   1378    2 C     6      8.371477    330.866324      5.775000   4.0000  12.0107
   1379    2 C     6     10.818523    330.866324      5.775000   4.0000  12.0107
   1380    2 C     6      5.959983    330.896570      5.775000   4.0000  12.0107
   1381    2 C     6     13.230017    330.896570      5.775000   4.0000  12.0107
   1382    2 C     6     13.230017    332.254924      5.775000   4.0000  12.0107
   1383    2 C     6      5.959983    332.254924      5.775000   4.0000  12.0107
   1384    2 C     6     10.818523    332.285170      5.775000   4.0000  12.0107
   1385    2 C     6      8.371477    332.285170      5.775000   4.0000  12.0107
   1386    1 H     1     14.191809    332.774691      5.775000   1.0000   1.0079
   1387    1 H     1      4.998191    332.774691      5.775000   1.0000   1.0079
   1388    2 C     6     12.035671    332.989394      5.775000   4.0000  12.0107
   1389    2 C     6      7.154329    332.989394      5.775000   4.0000  12.0107
   1390    2 C     6      9.595000    332.998354      5.775000   4.0000  12.0107
   1391    2 C     6      9.595000    334.417199      5.775000   4.0000  12.0107
   1392    2 C     6      7.154329    334.426159      5.775000   4.0000  12.0107
   1393    2 C     6     12.035671    334.426159      5.775000   4.0000  12.0107
   1394    1 H     1      4.998191    334.640862      5.775000   1.0000   1.0079
   1395    1 H     1     14.191809    334.640862      5.775000   1.0000   1.0079
   1396    2 C     6      8.371477    335.130384      5.775000   4.0000  12.0107
   1397    2 C     6     10.818523    335.130384      5.775000   4.0000  12.0107
   1398    2 C     6     13.230017    335.160630      5.775000   4.0000  12.0107
   1399    2 C     6      5.959983    335.160630      5.775000   4.0000  12.0107
   1400    2 C     6      5.959983    336.518984      5.775000   4.0000  12.0107
   1401    2 C     6     13.230017    336.518984      5.775000   4.0000  12.0107
   1402    2 C     6     10.818523    336.549229      5.775000   4.0000  12.0107
   1403    2 C     6      8.371477    336.549229      5.775000   4.0000  12.0107
   1404    1 H     1      4.998191    337.038751      5.775000   1.0000   1.0079
   1405    1 H     1     14.191809    337.038751      5.775000   1.0000   1.0079
   1406    2 C     6      7.154329    337.253454      5.775000   4.0000  12.0107
   1407    2 C     6     12.035671    337.253454      5.775000   4.0000  12.0107
   1408    2 C     6      9.595000    337.262414      5.775000   4.0000  12.0107
   1409    2 C     6      9.595000    338.681259      5.775000   4.0000  12.0107
   1410    2 C     6     12.035671    338.690219      5.775000   4.0000  12.0107
   1411    2 C     6      7.154329    338.690219      5.775000   4.0000  12.0107
   1412    1 H     1      4.998191    338.904922      5.775000   1.0000   1.0079
   1413    1 H     1     14.191809    338.904922      5.775000   1.0000   1.0079
   1414    2 C     6      8.371477    339.394444      5.775000   4.0000  12.0107
   1415    2 C     6     10.818523    339.394444      5.775000   4.0000  12.0107
   1416    2 C     6      5.959983    339.424689      5.775000   4.0000  12.0107
   1417    2 C     6     13.230017    339.424689      5.775000   4.0000  12.0107
   1418    2 C     6     13.230017    340.783044      5.775000   4.0000  12.0107
   1419    2 C     6      5.959983    340.783044      5.775000   4.0000  12.0107
   1420    2 C     6     10.818523    340.813289      5.775000   4.0000  12.0107
   1421    2 C     6      8.371477    340.813289      5.775000   4.0000  12.0107
   1422    1 H     1     14.191809    341.302811      5.775000   1.0000   1.0079
   1423    1 H     1      4.998191    341.302811      5.775000   1.0000   1.0079
   1424    2 C     6     12.035671    341.517514      5.775000   4.0000  12.0107
   1425    2 C     6      7.154329    341.517514      5.775000   4.0000  12.0107
   1426    2 C     6      9.595000    341.526474      5.775000   4.0000  12.0107
   1427    2 C     6      9.595000    342.945319      5.775000   4.0000  12.0107
   1428    2 C     6      7.154329    342.954279      5.775000   4.0000  12.0107
   1429    2 C     6     12.035671    342.954279      5.775000   4.0000  12.0107
   1430    1 H     1      4.998191    343.168982      5.775000   1.0000   1.0079
   1431    1 H     1     14.191809    343.168982      5.775000   1.0000   1.0079
   1432    2 C     6     10.818523    343.658504      5.775000   4.0000  12.0107
   1433    2 C     6      8.371477    343.658504      5.775000   4.0000  12.0107
   1434    2 C     6     13.230017    343.688749      5.775000   4.0000  12.0107
   1435    2 C     6      5.959983    343.688749      5.775000   4.0000  12.0107
   1436    2 C     6      5.959983    345.047103      5.775000   4.0000  12.0107
   1437    2 C     6     13.230017    345.047103      5.775000   4.0000  12.0107
   1438    2 C     6     10.818523    345.077349      5.775000   4.0000  12.0107
   1439    2 C     6      8.371477    345.077349      5.775000   4.0000  12.0107
   1440    1 H     1      4.998191    345.566871      5.775000   1.0000   1.0079
   1441    1 H     1     14.191809    345.566871      5.775000   1.0000   1.0079
   1442    2 C     6     12.035671    345.781574      5.775000   4.0000  12.0107
   1443    2 C     6      7.154329    345.781574      5.775000   4.0000  12.0107
   1444    2 C     6      9.595000    345.790534      5.775000   4.0000  12.0107
   1445    2 C     6      9.595000    347.209379      5.775000   4.0000  12.0107
   1446    2 C     6     12.035671    347.218339      5.775000   4.0000  12.0107
   1447    2 C     6      7.154329    347.218339      5.775000   4.0000  12.0107
   1448    1 H     1      4.998191    347.433041      5.775000   1.0000   1.0079
   1449    1 H     1     14.191809    347.433041      5.775000   1.0000   1.0079
   1450    2 C     6      8.371477    347.922563      5.775000   4.0000  12.0107
   1451    2 C     6     10.818523    347.922563      5.775000   4.0000  12.0107
   1452    2 C     6     13.230017    347.952809      5.775000   4.0000  12.0107
   1453    2 C     6      5.959983    347.952809      5.775000   4.0000  12.0107
   1454    2 C     6     13.230017    349.311163      5.775000   4.0000  12.0107
   1455    2 C     6      5.959983    349.311163      5.775000   4.0000  12.0107
   1456    2 C     6      8.371477    349.341409      5.775000   4.0000  12.0107
   1457    2 C     6     10.818523    349.341409      5.775000   4.0000  12.0107
   1458    1 H     1      4.998191    349.830930      5.775000   1.0000   1.0079
   1459    1 H     1     14.191809    349.830930      5.775000   1.0000   1.0079
   1460    2 C     6     12.035671    350.045633      5.775000   4.0000  12.0107
   1461    2 C     6      7.154329    350.045633      5.775000   4.0000  12.0107
   1462    2 C     6      9.595000    350.054593      5.775000   4.0000  12.0107
   1463    2 C     6      9.595000    351.473438      5.775000   4.0000  12.0107
   1464    2 C     6     12.035671    351.482398      5.775000   4.0000  12.0107
   1465    2 C     6      7.154329    351.482398      5.775000   4.0000  12.0107
   1466    1 H     1      4.998191    351.697101      5.775000   1.0000   1.0079
   1467    1 H     1     14.191809    351.697101      5.775000   1.0000   1.0079
   1468    2 C     6     10.818523    352.186623      5.775000   4.0000  12.0107
   1469    2 C     6      8.371477    352.186623      5.775000   4.0000  12.0107
   1470    2 C     6      5.959983    352.216869      5.775000   4.0000  12.0107
   1471    2 C     6     13.230017    352.216869      5.775000   4.0000  12.0107
   1472    2 C     6      5.959983    353.575223      5.775000   4.0000  12.0107
   1473    2 C     6     13.230017    353.575223      5.775000   4.0000  12.0107
   1474    2 C     6      8.371477    353.605468      5.775000   4.0000  12.0107
   1475    2 C     6     10.818523    353.605468      5.775000   4.0000  12.0107
   1476    1 H     1      4.998191    354.094990      5.775000   1.0000   1.0079
   1477    1 H     1     14.191809    354.094990      5.775000   1.0000   1.0079
   1478    2 C     6     12.035671    354.309693      5.775000   4.0000  12.0107
   1479    2 C     6      7.154329    354.309693      5.775000   4.0000  12.0107
   1480    2 C     6      9.595000    354.318653      5.775000   4.0000  12.0107
   1481    2 C     6      9.595000    355.737498      5.775000   4.0000  12.0107
   1482    2 C     6     12.035671    355.746458      5.775000   4.0000  12.0107
   1483    2 C     6      7.154329    355.746458      5.775000   4.0000  12.0107
   1484    1 H     1      4.998191    355.961161      5.775000   1.0000   1.0079
   1485    1 H     1     14.191809    355.961161      5.775000   1.0000   1.0079
   1486    2 C     6     10.818523    356.450683      5.775000   4.0000  12.0107
   1487    2 C     6      8.371477    356.450683      5.775000   4.0000  12.0107
   1488    2 C     6     13.230017    356.480928      5.775000   4.0000  12.0107
   1489    2 C     6      5.959983    356.480928      5.775000   4.0000  12.0107
   1490    2 C     6     13.230017    357.839283      5.775000   4.0000  12.0107
   1491    2 C     6      5.959983    357.839283      5.775000   4.0000  12.0107
   1492    2 C     6      8.371477    357.869528      5.775000   4.0000  12.0107
   1493    2 C     6     10.818523    357.869528      5.775000   4.0000  12.0107
   1494    1 H     1      4.998191    358.359050      5.775000   1.0000   1.0079
   1495    1 H     1     14.191809    358.359050      5.775000   1.0000   1.0079
   1496    2 C     6     12.035671    358.573753      5.775000   4.0000  12.0107
   1497    2 C     6      7.154329    358.573753      5.775000   4.0000  12.0107
   1498    2 C     6      9.595000    358.582713      5.775000   4.0000  12.0107
   1499    2 C     6      9.595000    360.001558      5.775000   4.0000  12.0107
   1500    2 C     6      7.154329    360.010518      5.775000   4.0000  12.0107
   1501    2 C     6     12.035671    360.010518      5.775000   4.0000  12.0107
   1502    1 H     1     14.191809    360.225221      5.775000   1.0000   1.0079
   1503    1 H     1      4.998191    360.225221      5.775000   1.0000   1.0079
   1504    2 C     6      8.371477    360.714743      5.775000   4.0000  12.0107
   1505    2 C     6     10.818523    360.714743      5.775000   4.0000  12.0107
   1506    2 C     6     13.230017    360.744988      5.775000   4.0000  12.0107
   1507    2 C     6      5.959983    360.744988      5.775000   4.0000  12.0107
   1508    2 C     6      5.959983    362.103342      5.775000   4.0000  12.0107
   1509    2 C     6     13.230017    362.103342      5.775000   4.0000  12.0107
   1510    2 C     6      8.371477    362.133588      5.775000   4.0000  12.0107
   1511    2 C     6     10.818523    362.133588      5.775000   4.0000  12.0107
   1512    1 H     1     14.191809    362.623110      5.775000   1.0000   1.0079
   1513    1 H     1      4.998191    362.623110      5.775000   1.0000   1.0079
   1514    2 C     6      7.154329    362.837813      5.775000   4.0000  12.0107
   1515    2 C     6     12.035671    362.837813      5.775000   4.0000  12.0107
   1516    2 C     6      9.595000    362.846773      5.775000   4.0000  12.0107
   1517    2 C     6      9.595000    364.265618      5.775000   4.0000  12.0107
   1518    2 C     6     12.035671    364.274578      5.775000   4.0000  12.0107
   1519    2 C     6      7.154329    364.274578      5.775000   4.0000  12.0107
   1520    1 H     1     14.191809    364.489280      5.775000   1.0000   1.0079
   1521    1 H     1      4.998191    364.489280      5.775000   1.0000   1.0079
   1522    2 C     6     10.818523    364.978802      5.775000   4.0000  12.0107
   1523    2 C     6      8.371477    364.978802      5.775000   4.0000  12.0107
   1524    2 C     6     13.230017    365.009048      5.775000   4.0000  12.0107
   1525    2 C     6      5.959983    365.009048      5.775000   4.0000  12.0107
   1526    2 C     6     13.230017    366.367402      5.775000   4.0000  12.0107
   1527    2 C     6      5.959983    366.367402      5.775000   4.0000  12.0107
   1528    2 C     6     10.818523    366.397648      5.775000   4.0000  12.0107
   1529    2 C     6      8.371477    366.397648      5.775000   4.0000  12.0107
   1530    1 H     1     14.191809    366.887169      5.775000   1.0000   1.0079
   1531    1 H     1      4.998191    366.887169      5.775000   1.0000   1.0079
   1532    2 C     6     12.035671    367.101872      5.775000   4.0000  12.0107
   1533    2 C     6      7.154329    367.101872      5.775000   4.0000  12.0107
   1534    2 C     6      9.595000    367.110832      5.775000   4.0000  12.0107
   1535    2 C     6      9.595000    368.529677      5.775000   4.0000  12.0107
   1536    2 C     6      7.154329    368.538637      5.775000   4.0000  12.0107
   1537    2 C     6     12.035671    368.538637      5.775000   4.0000  12.0107
   1538    1 H     1     14.191809    368.753340      5.775000   1.0000   1.0079
   1539    1 H     1      4.998191    368.753340      5.775000   1.0000   1.0079
   1540    2 C     6     10.818523    369.242862      5.775000   4.0000  12.0107
   1541    2 C     6      8.371477    369.242862      5.775000   4.0000  12.0107
   1542    2 C     6     13.230017    369.273108      5.775000   4.0000  12.0107
   1543    2 C     6      5.959983    369.273108      5.775000   4.0000  12.0107
   1544    2 C     6     13.230017    370.631462      5.775000   4.0000  12.0107
   1545    2 C     6      5.959983    370.631462      5.775000   4.0000  12.0107
   1546    2 C     6      8.371477    370.661707      5.775000   4.0000  12.0107
   1547    2 C     6     10.818523    370.661707      5.775000   4.0000  12.0107
   1548    1 H     1     14.191809    371.151229      5.775000   1.0000   1.0079
   1549    1 H     1      4.998191    371.151229      5.775000   1.0000   1.0079
   1550    2 C     6     12.035671    371.365932      5.775000   4.0000  12.0107
   1551    2 C     6      7.154329    371.365932      5.775000   4.0000  12.0107
   1552    2 C     6      9.595000    371.374892      5.775000   4.0000  12.0107
   1553    2 C     6      9.595000    372.793737      5.775000   4.0000  12.0107
   1554    2 C     6     12.035671    372.802697      5.775000   4.0000  12.0107
   1555    2 C     6      7.154329    372.802697      5.775000   4.0000  12.0107
   1556    1 H     1     14.191809    373.017400      5.775000   1.0000   1.0079
   1557    1 H     1      4.998191    373.017400      5.775000   1.0000   1.0079
   1558    2 C     6     10.818523    373.506922      5.775000   4.0000  12.0107
   1559    2 C     6      8.371477    373.506922      5.775000   4.0000  12.0107
   1560    2 C     6     13.230017    373.537167      5.775000   4.0000  12.0107
   1561    2 C     6      5.959983    373.537167      5.775000   4.0000  12.0107
   1562    2 C     6      5.959983    374.895522      5.775000   4.0000  12.0107
   1563    2 C     6     13.230017    374.895522      5.775000   4.0000  12.0107
   1564    2 C     6      8.371477    374.925767      5.775000   4.0000  12.0107
   1565    2 C     6     10.818523    374.925767      5.775000   4.0000  12.0107
   1566    1 H     1      4.998191    375.415289      5.775000   1.0000   1.0079
   1567    1 H     1     14.191809    375.415289      5.775000   1.0000   1.0079
   1568    2 C     6      7.154329    375.629992      5.775000   4.0000  12.0107
   1569    2 C     6     12.035671    375.629992      5.775000   4.0000  12.0107
   1570    2 C     6      9.595000    375.638952      5.775000   4.0000  12.0107
   1571    2 C     6      9.595000    377.057797      5.775000   4.0000  12.0107
   1572    2 C     6      7.154329    377.066757      5.775000   4.0000  12.0107
   1573    2 C     6     12.035671    377.066757      5.775000   4.0000  12.0107
   1574    1 H     1      4.998191    377.281460      5.775000   1.0000   1.0079
   1575    1 H     1     14.191809    377.281460      5.775000   1.0000   1.0079
   1576    2 C     6      8.371477    377.770982      5.775000   4.0000  12.0107
   1577    2 C     6     10.818523    377.770982      5.775000   4.0000  12.0107
   1578    2 C     6     13.230017    377.801227      5.775000   4.0000  12.0107
   1579    2 C     6      5.959983    377.801227      5.775000   4.0000  12.0107
   1580    2 C     6      5.959983    379.159581      5.775000   4.0000  12.0107
   1581    2 C     6     13.230017    379.159581      5.775000   4.0000  12.0107
   1582    2 C     6     10.818523    379.189827      5.775000   4.0000  12.0107
   1583    2 C     6      8.371477    379.189827      5.775000   4.0000  12.0107
   1584    1 H     1      4.998191    379.679349      5.775000   1.0000   1.0079
   1585    1 H     1     14.191809    379.679349      5.775000   1.0000   1.0079
   1586    2 C     6     12.035671    379.894052      5.775000   4.0000  12.0107
   1587    2 C     6      7.154329    379.894052      5.775000   4.0000  12.0107
   1588    2 C     6      9.595000    379.903012      5.775000   4.0000  12.0107
   1589    2 C     6      9.595000    381.321857      5.775000   4.0000  12.0107
   1590    2 C     6      7.154329    381.330817      5.775000   4.0000  12.0107
   1591    2 C     6     12.035671    381.330817      5.775000   4.0000  12.0107
   1592    1 H     1      4.998191    381.545519      5.775000   1.0000   1.0079
   1593    1 H     1     14.191809    381.545519      5.775000   1.0000   1.0079
   1594    2 C     6      8.371477    382.035041      5.775000   4.0000  12.0107
   1595    2 C     6     10.818523    382.035041      5.775000   4.0000  12.0107
   1596    2 C     6     13.230017    382.065287      5.775000   4.0000  12.0107
   1597    2 C     6      5.959983    382.065287      5.775000   4.0000  12.0107
   1598    2 C     6      5.959983    383.423641      5.775000   4.0000  12.0107
   1599    2 C     6     13.230017    383.423641      5.775000   4.0000  12.0107
   1600    2 C     6     10.818523    383.453887      5.775000   4.0000  12.0107
   1601    2 C     6      8.371477    383.453887      5.775000   4.0000  12.0107
   1602    1 H     1     14.191809    383.943408      5.775000   1.0000   1.0079
   1603    1 H     1      4.998191    383.943408      5.775000   1.0000   1.0079
   1604    2 C     6     12.035671    384.158111      5.775000   4.0000  12.0107
   1605    2 C     6      7.154329    384.158111      5.775000   4.0000  12.0107
   1606    2 C     6      9.595000    384.167071      5.775000   4.0000  12.0107
   1607    2 C     6      9.595000    385.585916      5.775000   4.0000  12.0107
   1608    2 C     6     12.035671    385.594876      5.775000   4.0000  12.0107
   1609    2 C     6      7.154329    385.594876      5.775000   4.0000  12.0107
   1610    1 H     1      4.998191    385.809579      5.775000   1.0000   1.0079
   1611    1 H     1     14.191809    385.809579      5.775000   1.0000   1.0079
   1612    2 C     6      8.371477    386.299101      5.775000   4.0000  12.0107
   1613    2 C     6     10.818523    386.299101      5.775000   4.0000  12.0107
   1614    2 C     6     13.230017    386.329347      5.775000   4.0000  12.0107
   1615    2 C     6      5.959983    386.329347      5.775000   4.0000  12.0107
   1616    2 C     6     13.230017    387.687701      5.775000   4.0000  12.0107
   1617    2 C     6      5.959983    387.687701      5.775000   4.0000  12.0107
   1618    2 C     6     10.818523    387.717946      5.775000   4.0000  12.0107
   1619    2 C     6      8.371477    387.717946      5.775000   4.0000  12.0107
   1620    1 H     1     14.191809    388.207468      5.775000   1.0000   1.0079
   1621    1 H     1      4.998191    388.207468      5.775000   1.0000   1.0079
   1622    2 C     6      7.154329    388.422171      5.775000   4.0000  12.0107
   1623    2 C     6     12.035671    388.422171      5.775000   4.0000  12.0107
   1624    2 C     6      9.595000    388.431131      5.775000   4.0000  12.0107
   1625    2 C     6      9.595000    389.849976      5.775000   4.0000  12.0107
   1626    2 C     6      7.154329    389.858936      5.775000   4.0000  12.0107
   1627    2 C     6     12.035671    389.858936      5.775000   4.0000  12.0107
   1628    1 H     1     14.191809    390.073639      5.775000   1.0000   1.0079
   1629    1 H     1      4.998191    390.073639      5.775000   1.0000   1.0079
   1630    2 C     6     10.818523    390.563161      5.775000   4.0000  12.0107
   1631    2 C     6      8.371477    390.563161      5.775000   4.0000  12.0107
   1632    2 C     6      5.959983    390.593406      5.775000   4.0000  12.0107
   1633    2 C     6     13.230017    390.593406      5.775000   4.0000  12.0107
   1634    2 C     6     13.230017    391.951761      5.775000   4.0000  12.0107
   1635    2 C     6      5.959983    391.951761      5.775000   4.0000  12.0107
   1636    2 C     6      8.371477    391.982006      5.775000   4.0000  12.0107
   1637    2 C     6     10.818523    391.982006      5.775000   4.0000  12.0107
   1638    1 H     1     14.191809    392.471528      5.775000   1.0000   1.0079
   1639    1 H     1      4.998191    392.471528      5.775000   1.0000   1.0079
   1640    2 C     6      7.154329    392.686231      5.775000   4.0000  12.0107
   1641    2 C     6     12.035671    392.686231      5.775000   4.0000  12.0107
   1642    2 C     6      9.595000    392.695191      5.775000   4.0000  12.0107
   1643    2 C     6      9.595000    394.114036      5.775000   4.0000  12.0107
   1644    2 C     6     12.035671    394.122996      5.775000   4.0000  12.0107
   1645    2 C     6      7.154329    394.122996      5.775000   4.0000  12.0107
   1646    1 H     1      4.998191    394.337699      5.775000   1.0000   1.0079
   1647    1 H     1     14.191809    394.337699      5.775000   1.0000   1.0079
   1648    2 C     6      8.371477    394.827221      5.775000   4.0000  12.0107
   1649    2 C     6     10.818523    394.827221      5.775000   4.0000  12.0107
   1650    2 C     6     13.230017    394.857466      5.775000   4.0000  12.0107
   1651    2 C     6      5.959983    394.857466      5.775000   4.0000  12.0107
   1652    2 C     6     13.230017    396.215820      5.775000   4.0000  12.0107
   1653    2 C     6      5.959983    396.215820      5.775000   4.0000  12.0107
   1654    2 C     6      8.371477    396.246066      5.775000   4.0000  12.0107
   1655    2 C     6     10.818523    396.246066      5.775000   4.0000  12.0107
   1656    1 H     1      4.998191    396.735588      5.775000   1.0000   1.0079
   1657    1 H     1     14.191809    396.735588      5.775000   1.0000   1.0079
   1658    2 C     6     12.035671    396.950291      5.775000   4.0000  12.0107
   1659    2 C     6      7.154329    396.950291      5.775000   4.0000  12.0107
   1660    2 C     6      9.595000    396.959251      5.775000   4.0000  12.0107
   1661    2 C     6      9.595000    398.378096      5.775000   4.0000  12.0107
   1662    2 C     6      7.154329    398.387056      5.775000   4.0000  12.0107
   1663    2 C     6     12.035671    398.387056      5.775000   4.0000  12.0107
   1664    1 H     1     14.191809    398.601758      5.775000   1.0000   1.0079
   1665    1 H     1      4.998191    398.601758      5.775000   1.0000   1.0079
   1666    2 C     6     10.818523    399.091280      5.775000   4.0000  12.0107
   1667    2 C     6      8.371477    399.091280      5.775000   4.0000  12.0107
   1668    2 C     6     13.230017    399.121526      5.775000   4.0000  12.0107
   1669    2 C     6      5.959983    399.121526      5.775000   4.0000  12.0107
   1670    2 C     6     13.230017    400.479880      5.775000   4.0000  12.0107
   1671    2 C     6      5.959983    400.479880      5.775000   4.0000  12.0107
   1672    2 C     6     10.818523    400.510126      5.775000   4.0000  12.0107
   1673    2 C     6      8.371477    400.510126      5.775000   4.0000  12.0107
   1674    1 H     1      4.998191    400.999647      5.775000   1.0000   1.0079
   1675    1 H     1     14.191809    400.999647      5.775000   1.0000   1.0079
   1676    2 C     6      7.154329    401.214350      5.775000   4.0000  12.0107
   1677    2 C     6     12.035671    401.214350      5.775000   4.0000  12.0107
   1678    2 C     6      9.595000    401.223310      5.775000   4.0000  12.0107
   1679    2 C     6      9.595000    402.642155      5.775000   4.0000  12.0107
   1680    2 C     6      7.154329    402.651115      5.775000   4.0000  12.0107
   1681    2 C     6     12.035671    402.651115      5.775000   4.0000  12.0107
   1682    1 H     1      4.998191    402.865818      5.775000   1.0000   1.0079
   1683    1 H     1     14.191809    402.865818      5.775000   1.0000   1.0079
   1684    2 C     6      8.371477    403.355340      5.775000   4.0000  12.0107
   1685    2 C     6     10.818523    403.355340      5.775000   4.0000  12.0107
   1686    2 C     6     13.230017    403.385586      5.775000   4.0000  12.0107
   1687    2 C     6      5.959983    403.385586      5.775000   4.0000  12.0107
   1688    2 C     6     13.230017    404.743940      5.775000   4.0000  12.0107
   1689    2 C     6      5.959983    404.743940      5.775000   4.0000  12.0107
   1690    2 C     6      8.371477    404.774185      5.775000   4.0000  12.0107
   1691    2 C     6     10.818523    404.774185      5.775000   4.0000  12.0107
   1692    1 H     1      4.998191    405.263707      5.775000   1.0000   1.0079
   1693    1 H     1     14.191809    405.263707      5.775000   1.0000   1.0079
   1694    2 C     6      7.154329    405.478410      5.775000   4.0000  12.0107
   1695    2 C     6     12.035671    405.478410      5.775000   4.0000  12.0107
   1696    2 C     6      9.595000    405.487370      5.775000   4.0000  12.0107
   1697    2 C     6      9.595000    406.906215      5.775000   4.0000  12.0107
   1698    2 C     6      7.154329    406.915175      5.775000   4.0000  12.0107
   1699    2 C     6     12.035671    406.915175      5.775000   4.0000  12.0107
   1700    1 H     1     14.191809    407.129878      5.775000   1.0000   1.0079
   1701    1 H     1      4.998191    407.129878      5.775000   1.0000   1.0079
   1702    2 C     6      8.371477    407.619400      5.775000   4.0000  12.0107
   1703    2 C     6     10.818523    407.619400      5.775000   4.0000  12.0107
   1704    2 C     6      5.959983    407.649645      5.775000   4.0000  12.0107
   1705    2 C     6     13.230017    407.649645      5.775000   4.0000  12.0107
   1706    2 C     6     13.230017    409.008000      5.775000   4.0000  12.0107
   1707    2 C     6      5.959983    409.008000      5.775000   4.0000  12.0107
   1708    2 C     6     10.818523    409.038245      5.775000   4.0000  12.0107
   1709    2 C     6      8.371477    409.038245      5.775000   4.0000  12.0107
   1710    1 H     1      4.998191    409.527767      5.775000   1.0000   1.0079
   1711    1 H     1     14.191809    409.527767      5.775000   1.0000   1.0079
   1712    2 C     6     12.035671    409.742470      5.775000   4.0000  12.0107
   1713    2 C     6      7.154329    409.742470      5.775000   4.0000  12.0107
   1714    2 C     6      9.595000    409.751430      5.775000   4.0000  12.0107
   1715    2 C     6      9.595000    411.170275      5.775000   4.0000  12.0107
   1716    2 C     6     12.035671    411.179235      5.775000   4.0000  12.0107
   1717    2 C     6      7.154329    411.179235      5.775000   4.0000  12.0107
   1718    1 H     1      4.998191    411.393938      5.775000   1.0000   1.0079
   1719    1 H     1     14.191809    411.393938      5.775000   1.0000   1.0079
   1720    2 C     6      8.371477    411.883460      5.775000   4.0000  12.0107
   1721    2 C     6     10.818523    411.883460      5.775000   4.0000  12.0107
   1722    2 C     6     13.230017    411.913705      5.775000   4.0000  12.0107
   1723    2 C     6      5.959983    411.913705      5.775000   4.0000  12.0107
   1724    2 C     6      5.959983    413.272059      5.775000   4.0000  12.0107
   1725    2 C     6     13.230017    413.272059      5.775000   4.0000  12.0107
   1726    2 C     6      8.371477    413.302305      5.775000   4.0000  12.0107
   1727    2 C     6     10.818523    413.302305      5.775000   4.0000  12.0107
   1728    1 H     1      4.998191    413.791827      5.775000   1.0000   1.0079
   1729    1 H     1     14.191809    413.791827      5.775000   1.0000   1.0079
   1730    2 C     6     12.035671    414.006530      5.775000   4.0000  12.0107
   1731    2 C     6      7.154329    414.006530      5.775000   4.0000  12.0107
   1732    2 C     6      9.595000    414.015490      5.775000   4.0000  12.0107
   1733    2 C     6      9.595000    415.434335      5.775000   4.0000  12.0107
   1734    2 C     6      7.154329    415.443295      5.775000   4.0000  12.0107
   1735    2 C     6     12.035671    415.443295      5.775000   4.0000  12.0107
   1736    1 H     1      4.998191    415.657997      5.775000   1.0000   1.0079
   1737    1 H     1     14.191809    415.657997      5.775000   1.0000   1.0079
   1738    2 C     6     10.818523    416.147519      5.775000   4.0000  12.0107
   1739    2 C     6      8.371477    416.147519      5.775000   4.0000  12.0107
   1740    2 C     6     13.230017    416.177765      5.775000   4.0000  12.0107
   1741    2 C     6      5.959983    416.177765      5.775000   4.0000  12.0107
   1742    2 C     6     13.230017    417.536119      5.775000   4.0000  12.0107
   1743    2 C     6      5.959983    417.536119      5.775000   4.0000  12.0107
   1744    2 C     6      8.371477    417.566365      5.775000   4.0000  12.0107
   1745    2 C     6     10.818523    417.566365      5.775000   4.0000  12.0107
   1746    1 H     1     14.191809    418.055887      5.775000   1.0000   1.0079
   1747    1 H     1      4.998191    418.055887      5.775000   1.0000   1.0079
   1748    2 C     6     12.035671    418.270589      5.775000   4.0000  12.0107
   1749    2 C     6      7.154329    418.270589      5.775000   4.0000  12.0107
   1750    2 C     6      9.595000    418.279549      5.775000   4.0000  12.0107
   1751    2 C     6      9.595000    419.698394      5.775000   4.0000  12.0107
   1752    2 C     6      7.154329    419.707354      5.775000   4.0000  12.0107
   1753    2 C     6     12.035671    419.707354      5.775000   4.0000  12.0107
   1754    1 H     1      4.998191    419.922057      5.775000   1.0000   1.0079
   1755    1 H     1     14.191809    419.922057      5.775000   1.0000   1.0079
   1756    2 C     6      8.371477    420.411579      5.775000   4.0000  12.0107
   1757    2 C     6     10.818523    420.411579      5.775000   4.0000  12.0107
   1758    2 C     6     13.230017    420.441825      5.775000   4.0000  12.0107
   1759    2 C     6      5.959983    420.441825      5.775000   4.0000  12.0107
   1760    2 C     6      5.959983    421.800179      5.775000   4.0000  12.0107
   1761    2 C     6     13.230017    421.800179      5.775000   4.0000  12.0107
   1762    2 C     6     10.818523    421.830424      5.775000   4.0000  12.0107
   1763    2 C     6      8.371477    421.830424      5.775000   4.0000  12.0107
   1764    1 H     1     14.191809    422.319946      5.775000   1.0000   1.0079
   1765    1 H     1      4.998191    422.319946      5.775000   1.0000   1.0079
   1766    2 C     6      7.154329    422.534649      5.775000   4.0000  12.0107
   1767    2 C     6     12.035671    422.534649      5.775000   4.0000  12.0107
   1768    2 C     6      9.595000    422.543609      5.775000   4.0000  12.0107
   1769    2 C     6      9.595000    423.962454      5.775000   4.0000  12.0107
   1770    2 C     6     12.035671    423.971414      5.775000   4.0000  12.0107
   1771    2 C     6      7.154329    423.971414      5.775000   4.0000  12.0107
   1772    1 H     1     14.191809    424.186117      5.775000   1.0000   1.0079
   1773    1 H     1      4.998191    424.186117      5.775000   1.0000   1.0079
   1774    2 C     6     10.818523    424.675639      5.775000   4.0000  12.0107
   1775    2 C     6      8.371477    424.675639      5.775000   4.0000  12.0107
   1776    2 C     6     13.230017    424.705884      5.775000   4.0000  12.0107
   1777    2 C     6      5.959983    424.705884      5.775000   4.0000  12.0107
   1778    2 C     6      5.959983    426.064239      5.775000   4.0000  12.0107
   1779    2 C     6     13.230017    426.064239      5.775000   4.0000  12.0107
   1780    2 C     6      8.371477    426.094484      5.775000   4.0000  12.0107
   1781    2 C     6     10.818523    426.094484      5.775000   4.0000  12.0107
   1782    1 H     1     14.191809    426.584006      5.775000   1.0000   1.0079
   1783    1 H     1      4.998191    426.584006      5.775000   1.0000   1.0079
   1784    2 C     6     12.035671    426.798709      5.775000   4.0000  12.0107
   1785    2 C     6      7.154329    426.798709      5.775000   4.0000  12.0107
   1786    2 C     6      9.595000    426.807669      5.775000   4.0000  12.0107
   1787    2 C     6      9.595000    428.226514      5.775000   4.0000  12.0107
   1788    2 C     6     12.035671    428.235474      5.775000   4.0000  12.0107
   1789    2 C     6      7.154329    428.235474      5.775000   4.0000  12.0107
   1790    1 H     1      4.998191    428.450177      5.775000   1.0000   1.0079
   1791    1 H     1     14.191809    428.450177      5.775000   1.0000   1.0079
   1792    2 C     6     10.818523    428.939699      5.775000   4.0000  12.0107
   1793    2 C     6      8.371477    428.939699      5.775000   4.0000  12.0107
   1794    2 C     6      5.959983    428.969944      5.775000   4.0000  12.0107
   1795    2 C     6     13.230017    428.969944      5.775000   4.0000  12.0107
   1796    2 C     6     13.230017    430.328298      5.775000   4.0000  12.0107
   1797    2 C     6      5.959983    430.328298      5.775000   4.0000  12.0107
   1798    2 C     6     10.818523    430.358544      5.775000   4.0000  12.0107
   1799    2 C     6      8.371477    430.358544      5.775000   4.0000  12.0107
   1800    1 H     1      4.998191    430.848066      5.775000   1.0000   1.0079
   1801    1 H     1     14.191809    430.848066      5.775000   1.0000   1.0079
   1802    2 C     6     12.035671    431.062769      5.775000   4.0000  12.0107
   1803    2 C     6      7.154329    431.062769      5.775000   4.0000  12.0107
   1804    2 C     6      9.595000    431.071729      5.775000   4.0000  12.0107
   1805    2 C     6      9.595000    432.490574      5.775000   4.0000  12.0107
   1806    2 C     6     12.035671    432.499534      5.775000   4.0000  12.0107
   1807    2 C     6      7.154329    432.499534      5.775000   4.0000  12.0107
   1808    1 H     1     14.191809    432.714237      5.775000   1.0000   1.0079
   1809    1 H     1      4.998191    432.714237      5.775000   1.0000   1.0079
   1810    2 C     6     10.818523    433.203758      5.775000   4.0000  12.0107
   1811    2 C     6      8.371477    433.203758      5.775000   4.0000  12.0107
   1812    2 C     6     13.230017    433.234004      5.775000   4.0000  12.0107
   1813    2 C     6      5.959983    433.234004      5.775000   4.0000  12.0107
   1814    2 C     6     13.230017    434.592358      5.775000   4.0000  12.0107
   1815    2 C     6      5.959983    434.592358      5.775000   4.0000  12.0107
   1816    2 C     6      8.371477    434.622604      5.775000   4.0000  12.0107
   1817    2 C     6     10.818523    434.622604      5.775000   4.0000  12.0107
   1818    1 H     1     14.191809    435.112126      5.775000   1.0000   1.0079
   1819    1 H     1      4.998191    435.112126      5.775000   1.0000   1.0079
   1820    2 C     6     12.035671    435.326828      5.775000   4.0000  12.0107
   1821    2 C     6      7.154329    435.326828      5.775000   4.0000  12.0107
   1822    2 C     6      9.595000    435.335788      5.775000   4.0000  12.0107
   1823    2 C     6      9.595000    436.754633      5.775000   4.0000  12.0107
   1824    2 C     6     12.035671    436.763593      5.775000   4.0000  12.0107
   1825    2 C     6      7.154329    436.763593      5.775000   4.0000  12.0107
   1826    1 H     1     14.191809    436.978296      5.775000   1.0000   1.0079
   1827    1 H     1      4.998191    436.978296      5.775000   1.0000   1.0079
   1828    2 C     6      8.371477    437.467818      5.775000   4.0000  12.0107
   1829    2 C     6     10.818523    437.467818      5.775000   4.0000  12.0107
   1830    2 C     6      5.959983    437.498064      5.775000   4.0000  12.0107
   1831    2 C     6     13.230017    437.498064      5.775000   4.0000  12.0107
   1832    2 C     6     13.230017    438.856418      5.775000   4.0000  12.0107
   1833    2 C     6      5.959983    438.856418      5.775000   4.0000  12.0107
   1834    2 C     6      8.371477    438.886663      5.775000   4.0000  12.0107
   1835    2 C     6     10.818523    438.886663      5.775000   4.0000  12.0107
   1836    1 H     1     14.191809    439.376185      5.775000   1.0000   1.0079
   1837    1 H     1      4.998191    439.376185      5.775000   1.0000   1.0079
   1838    2 C     6     12.035671    439.590888      5.775000   4.0000  12.0107
   1839    2 C     6      7.154329    439.590888      5.775000   4.0000  12.0107
   1840    2 C     6      9.595000    439.599848      5.775000   4.0000  12.0107
   1841    2 C     6      9.595000    441.018693      5.775000   4.0000  12.0107
   1842    2 C     6     12.035671    441.027653      5.775000   4.0000  12.0107
   1843    2 C     6      7.154329    441.027653      5.775000   4.0000  12.0107
   1844    1 H     1     14.191809    441.242356      5.775000   1.0000   1.0079
   1845    1 H     1      4.998191    441.242356      5.775000   1.0000   1.0079
   1846    2 C     6      8.371477    441.731878      5.775000   4.0000  12.0107
   1847    2 C     6     10.818523    441.731878      5.775000   4.0000  12.0107
   1848    2 C     6      5.959983    441.762123      5.775000   4.0000  12.0107
   1849    2 C     6     13.230017    441.762123      5.775000   4.0000  12.0107
   1850    2 C     6     13.230017    443.120478      5.775000   4.0000  12.0107
   1851    2 C     6      5.959983    443.120478      5.775000   4.0000  12.0107
   1852    2 C     6      8.371477    443.150723      5.775000   4.0000  12.0107
   1853    2 C     6     10.818523    443.150723      5.775000   4.0000  12.0107
   1854    1 H     1      4.998191    443.640245      5.775000   1.0000   1.0079
   1855    1 H     1     14.191809    443.640245      5.775000   1.0000   1.0079
   1856    2 C     6      7.154329    443.854948      5.775000   4.0000  12.0107
   1857    2 C     6     12.035671    443.854948      5.775000   4.0000  12.0107
   1858    2 C     6      9.595000    443.863908      5.775000   4.0000  12.0107
   1859    2 C     6      9.595000    445.282753      5.775000   4.0000  12.0107
   1860    2 C     6     12.035671    445.291713      5.775000   4.0000  12.0107
   1861    2 C     6      7.154329    445.291713      5.775000   4.0000  12.0107
   1862    1 H     1     14.191809    445.506416      5.775000   1.0000   1.0079
   1863    1 H     1      4.998191    445.506416      5.775000   1.0000   1.0079
   1864    2 C     6     10.818523    445.995938      5.775000   4.0000  12.0107
   1865    2 C     6      8.371477    445.995938      5.775000   4.0000  12.0107
   1866    2 C     6     13.230017    446.026183      5.775000   4.0000  12.0107
   1867    2 C     6      5.959983    446.026183      5.775000   4.0000  12.0107
   1868    2 C     6     13.230017    447.384537      5.775000   4.0000  12.0107
   1869    2 C     6      5.959983    447.384537      5.775000   4.0000  12.0107
   1870    2 C     6     10.818523    447.414783      5.775000   4.0000  12.0107
   1871    2 C     6      8.371477    447.414783      5.775000   4.0000  12.0107
   1872    1 H     1     14.191809    447.904305      5.775000   1.0000   1.0079
   1873    1 H     1      4.998191    447.904305      5.775000   1.0000   1.0079
   1874    2 C     6     12.035671    448.119008      5.775000   4.0000  12.0107
   1875    2 C     6      7.154329    448.119008      5.775000   4.0000  12.0107
   1876    2 C     6      9.595000    448.127968      5.775000   4.0000  12.0107
   1877    2 C     6      9.595000    449.546813      5.775000   4.0000  12.0107
   1878    2 C     6     12.035671    449.555773      5.775000   4.0000  12.0107
   1879    2 C     6      7.154329    449.555773      5.775000   4.0000  12.0107
   1880    1 H     1      4.998191    449.770476      5.775000   1.0000   1.0079
   1881    1 H     1     14.191809    449.770476      5.775000   1.0000   1.0079
   1882    2 C     6      8.371477    450.259997      5.775000   4.0000  12.0107
   1883    2 C     6     10.818523    450.259997      5.775000   4.0000  12.0107
   1884    2 C     6      5.959983    450.290243      5.775000   4.0000  12.0107
   1885    2 C     6     13.230017    450.290243      5.775000   4.0000  12.0107
   1886    2 C     6      5.959983    451.648597      5.775000   4.0000  12.0107
   1887    2 C     6     13.230017    451.648597      5.775000   4.0000  12.0107
   1888    2 C     6      8.371477    451.678843      5.775000   4.0000  12.0107
   1889    2 C     6     10.818523    451.678843      5.775000   4.0000  12.0107
   1890    1 H     1      4.998191    452.168365      5.775000   1.0000   1.0079
   1891    1 H     1     14.191809    452.168365      5.775000   1.0000   1.0079
   1892    2 C     6      7.154329    452.383067      5.775000   4.0000  12.0107
   1893    2 C     6     12.035671    452.383067      5.775000   4.0000  12.0107
   1894    2 C     6      9.595000    452.392027      5.775000   4.0000  12.0107
   1895    2 C     6      9.595000    453.810872      5.775000   4.0000  12.0107
   1896    2 C     6      7.154329    453.819832      5.775000   4.0000  12.0107
   1897    2 C     6     12.035671    453.819832      5.775000   4.0000  12.0107
   1898    1 H     1      4.998191    454.034535      5.775000   1.0000   1.0079
   1899    1 H     1     14.191809    454.034535      5.775000   1.0000   1.0079
   1900    2 C     6     10.818523    454.524057      5.775000   4.0000  12.0107
   1901    2 C     6      8.371477    454.524057      5.775000   4.0000  12.0107
   1902    2 C     6     13.230017    454.554303      5.775000   4.0000  12.0107
   1903    2 C     6      5.959983    454.554303      5.775000   4.0000  12.0107
   1904    2 C     6     13.230017    455.912657      5.775000   4.0000  12.0107
   1905    2 C     6      5.959983    455.912657      5.775000   4.0000  12.0107
   1906    2 C     6     10.818523    455.942902      5.775000   4.0000  12.0107
   1907    2 C     6      8.371477    455.942902      5.775000   4.0000  12.0107
   1908    1 H     1      4.998191    456.432424      5.775000   1.0000   1.0079
   1909    1 H     1     14.191809    456.432424      5.775000   1.0000   1.0079
   1910    2 C     6      7.154329    456.647127      5.775000   4.0000  12.0107
   1911    2 C     6     12.035671    456.647127      5.775000   4.0000  12.0107
   1912    2 C     6      9.595000    456.656087      5.775000   4.0000  12.0107
   1913    2 C     6      9.595000    458.074932      5.775000   4.0000  12.0107
   1914    2 C     6      7.154329    458.083892      5.775000   4.0000  12.0107
   1915    2 C     6     12.035671    458.083892      5.775000   4.0000  12.0107
   1916    1 H     1     14.191809    458.298595      5.775000   1.0000   1.0079
   1917    1 H     1      4.998191    458.298595      5.775000   1.0000   1.0079
   1918    2 C     6      8.371477    458.788117      5.775000   4.0000  12.0107
   1919    2 C     6     10.818523    458.788117      5.775000   4.0000  12.0107
   1920    2 C     6      5.959983    458.818362      5.775000   4.0000  12.0107
   1921    2 C     6     13.230017    458.818362      5.775000   4.0000  12.0107
   1922    2 C     6      5.959983    460.176717      5.775000   4.0000  12.0107
   1923    2 C     6     13.230017    460.176717      5.775000   4.0000  12.0107
   1924    2 C     6     10.818523    460.206962      5.775000   4.0000  12.0107
   1925    2 C     6      8.371477    460.206962      5.775000   4.0000  12.0107
   1926    1 H     1      4.998191    460.696484      5.775000   1.0000   1.0079
   1927    1 H     1     14.191809    460.696484      5.775000   1.0000   1.0079
   1928    2 C     6      7.154329    460.911187      5.775000   4.0000  12.0107
   1929    2 C     6     12.035671    460.911187      5.775000   4.0000  12.0107
   1930    2 C     6      9.595000    460.920147      5.775000   4.0000  12.0107
   1931    2 C     6      9.595000    462.338992      5.775000   4.0000  12.0107
   1932    2 C     6     12.035671    462.347952      5.775000   4.0000  12.0107
   1933    2 C     6      7.154329    462.347952      5.775000   4.0000  12.0107
   1934    1 H     1     14.191809    462.562655      5.775000   1.0000   1.0079
   1935    1 H     1      4.998191    462.562655      5.775000   1.0000   1.0079
   1936    2 C     6     10.818523    463.052177      5.775000   4.0000  12.0107
   1937    2 C     6      8.371477    463.052177      5.775000   4.0000  12.0107
   1938    2 C     6     13.230017    463.082422      5.775000   4.0000  12.0107
   1939    2 C     6      5.959983    463.082422      5.775000   4.0000  12.0107
   1940    2 C     6     13.230017    464.440776      5.775000   4.0000  12.0107
   1941    2 C     6      5.959983    464.440776      5.775000   4.0000  12.0107
   1942    2 C     6      8.371477    464.471022      5.775000   4.0000  12.0107
   1943    2 C     6     10.818523    464.471022      5.775000   4.0000  12.0107
   1944    1 H     1     14.191809    464.960544      5.775000   1.0000   1.0079
   1945    1 H     1      4.998191    464.960544      5.775000   1.0000   1.0079
   1946    2 C     6     12.035671    465.175247      5.775000   4.0000  12.0107
   1947    2 C     6      7.154329    465.175247      5.775000   4.0000  12.0107
   1948    2 C     6      9.595000    465.184207      5.775000   4.0000  12.0107
   1949    2 C     6      9.595000    466.603052      5.775000   4.0000  12.0107
   1950    2 C     6     12.035671    466.612012      5.775000   4.0000  12.0107
   1951    2 C     6      7.154329    466.612012      5.775000   4.0000  12.0107
   1952    1 H     1      4.998191    466.826715      5.775000   1.0000   1.0079
   1953    1 H     1     14.191809    466.826715      5.775000   1.0000   1.0079
   1954    2 C     6     10.818523    467.316236      5.775000   4.0000  12.0107
   1955    2 C     6      8.371477    467.316236      5.775000   4.0000  12.0107
   1956    2 C     6      5.959983    467.346482      5.775000   4.0000  12.0107
   1957    2 C     6     13.230017    467.346482      5.775000   4.0000  12.0107
   1958    2 C     6      5.959983    468.704836      5.775000   4.0000  12.0107
   1959    2 C     6     13.230017    468.704836      5.775000   4.0000  12.0107
   1960    2 C     6     10.818523    468.735082      5.775000   4.0000  12.0107
   1961    2 C     6      8.371477    468.735082      5.775000   4.0000  12.0107
   1962    1 H     1     14.191809    469.224604      5.775000   1.0000   1.0079
   1963    1 H     1      4.998191    469.224604      5.775000   1.0000   1.0079
   1964    2 C     6      7.154329    469.439306      5.775000   4.0000  12.0107
   1965    2 C     6     12.035671    469.439306      5.775000   4.0000  12.0107
   1966    2 C     6      9.595000    469.448266      5.775000   4.0000  12.0107
   1967    2 C     6      9.595000    470.867111      5.775000   4.0000  12.0107
   1968    2 C     6      7.154329    470.876071      5.775000   4.0000  12.0107
   1969    2 C     6     12.035671    470.876071      5.775000   4.0000  12.0107
   1970    1 H     1      4.998191    471.090774      5.775000   1.0000   1.0079
   1971    1 H     1     14.191809    471.090774      5.775000   1.0000   1.0079
   1972    2 C     6      8.371477    471.580296      5.775000   4.0000  12.0107
   1973    2 C     6     10.818523    471.580296      5.775000   4.0000  12.0107
   1974    2 C     6      5.959983    471.610542      5.775000   4.0000  12.0107
   1975    2 C     6     13.230017    471.610542      5.775000   4.0000  12.0107
   1976    2 C     6     13.230017    472.968896      5.775000   4.0000  12.0107
   1977    2 C     6      5.959983    472.968896      5.775000   4.0000  12.0107
   1978    2 C     6     10.818523    472.999141      5.775000   4.0000  12.0107
   1979    2 C     6      8.371477    472.999141      5.775000   4.0000  12.0107
   1980    1 H     1      4.998191    473.488663      5.775000   1.0000   1.0079
   1981    1 H     1     14.191809    473.488663      5.775000   1.0000   1.0079
   1982    2 C     6     12.035671    473.703366      5.775000   4.0000  12.0107
   1983    2 C     6      7.154329    473.703366      5.775000   4.0000  12.0107
   1984    2 C     6      9.595000    473.712326      5.775000   4.0000  12.0107
   1985    2 C     6      9.595000    475.131171      5.775000   4.0000  12.0107
   1986    2 C     6     12.035671    475.140131      5.775000   4.0000  12.0107
   1987    2 C     6      7.154329    475.140131      5.775000   4.0000  12.0107
   1988    1 H     1      4.998191    475.354834      5.775000   1.0000   1.0079
   1989    1 H     1     14.191809    475.354834      5.775000   1.0000   1.0079
   1990    2 C     6     10.818523    475.844356      5.775000   4.0000  12.0107
   1991    2 C     6      8.371477    475.844356      5.775000   4.0000  12.0107
   1992    2 C     6     13.230017    475.874601      5.775000   4.0000  12.0107
   1993    2 C     6      5.959983    475.874601      5.775000   4.0000  12.0107
   1994    2 C     6      5.959983    477.232956      5.775000   4.0000  12.0107
   1995    2 C     6     13.230017    477.232956      5.775000   4.0000  12.0107
   1996    2 C     6     10.818523    477.263201      5.775000   4.0000  12.0107
   1997    2 C     6      8.371477    477.263201      5.775000   4.0000  12.0107
   1998    1 H     1     14.191809    477.752723      5.775000   1.0000   1.0079
   1999    1 H     1      4.998191    477.752723      5.775000   1.0000   1.0079
   2000    2 C     6      7.154329    477.967426      5.775000   4.0000  12.0107
   2001    2 C     6     12.035671    477.967426      5.775000   4.0000  12.0107
   2002    2 C     6      9.595000    477.976386      5.775000   4.0000  12.0107
   2003    2 C     6      9.595000    479.395231      5.775000   4.0000  12.0107
   2004    2 C     6      7.154329    479.404191      5.775000   4.0000  12.0107
   2005    2 C     6     12.035671    479.404191      5.775000   4.0000  12.0107
   2006    1 H     1      4.998191    479.618894      5.775000   1.0000   1.0079
   2007    1 H     1     14.191809    479.618894      5.775000   1.0000   1.0079
   2008    2 C     6     10.818523    480.108416      5.775000   4.0000  12.0107
   2009    2 C     6      8.371477    480.108416      5.775000   4.0000  12.0107
   2010    2 C     6      5.959983    480.138661      5.775000   4.0000  12.0107
   2011    2 C     6     13.230017    480.138661      5.775000   4.0000  12.0107
   2012    2 C     6      5.959983    481.497015      5.775000   4.0000  12.0107
   2013    2 C     6     13.230017    481.497015      5.775000   4.0000  12.0107
   2014    2 C     6     10.818523    481.527261      5.775000   4.0000  12.0107
   2015    2 C     6      8.371477    481.527261      5.775000   4.0000  12.0107
   2016    1 H     1     14.191809    482.016783      5.775000   1.0000   1.0079
   2017    1 H     1      4.998191    482.016783      5.775000   1.0000   1.0079
   2018    2 C     6     12.035671    482.231486      5.775000   4.0000  12.0107
   2019    2 C     6      7.154329    482.231486      5.775000   4.0000  12.0107
   2020    2 C     6      9.595000    482.240446      5.775000   4.0000  12.0107
   2021    2 C     6      9.595000    483.659291      5.775000   4.0000  12.0107
   2022    2 C     6     12.035671    483.668251      5.775000   4.0000  12.0107
   2023    2 C     6      7.154329    483.668251      5.775000   4.0000  12.0107
   2024    1 H     1     14.191809    483.882954      5.775000   1.0000   1.0079
   2025    1 H     1      4.998191    483.882954      5.775000   1.0000   1.0079
   2026    2 C     6      8.371477    484.372475      5.775000   4.0000  12.0107
   2027    2 C     6     10.818523    484.372475      5.775000   4.0000  12.0107
   2028    2 C     6     13.230017    484.402721      5.775000   4.0000  12.0107
   2029    2 C     6      5.959983    484.402721      5.775000   4.0000  12.0107
   2030    2 C     6      5.959983    485.761075      5.775000   4.0000  12.0107
   2031    2 C     6     13.230017    485.761075      5.775000   4.0000  12.0107
   2032    2 C     6     10.818523    485.791321      5.775000   4.0000  12.0107
   2033    2 C     6      8.371477    485.791321      5.775000   4.0000  12.0107
   2034    1 H     1     14.191809    486.280843      5.775000   1.0000   1.0079
   2035    1 H     1      4.998191    486.280843      5.775000   1.0000   1.0079
   2036    2 C     6      7.154329    486.495545      5.775000   4.0000  12.0107
   2037    2 C     6     12.035671    486.495545      5.775000   4.0000  12.0107
   2038    2 C     6      9.595000    486.504505      5.775000   4.0000  12.0107
   2039    2 C     6      9.595000    487.923350      5.775000   4.0000  12.0107
   2040    2 C     6      7.154329    487.932310      5.775000   4.0000  12.0107
   2041    2 C     6     12.035671    487.932310      5.775000   4.0000  12.0107
   2042    1 H     1      4.998191    488.147013      5.775000   1.0000   1.0079
   2043    1 H     1     14.191809    488.147013      5.775000   1.0000   1.0079
   2044    2 C     6      8.371477    488.636535      5.775000   4.0000  12.0107
   2045    2 C     6     10.818523    488.636535      5.775000   4.0000  12.0107
   2046    2 C     6     13.230017    488.666781      5.775000   4.0000  12.0107
   2047    2 C     6      5.959983    488.666781      5.775000   4.0000  12.0107
   2048    2 C     6      5.959983    490.025135      5.775000   4.0000  12.0107
   2049    2 C     6     13.230017    490.025135      5.775000   4.0000  12.0107
   2050    2 C     6      8.371477    490.055380      5.775000   4.0000  12.0107
   2051    2 C     6     10.818523    490.055380      5.775000   4.0000  12.0107
   2052    1 H     1      4.998191    490.544902      5.775000   1.0000   1.0079
   2053    1 H     1     14.191809    490.544902      5.775000   1.0000   1.0079
   2054    2 C     6     12.035671    490.759605      5.775000   4.0000  12.0107
   2055    2 C     6      7.154329    490.759605      5.775000   4.0000  12.0107
   2056    2 C     6      9.595000    490.768565      5.775000   4.0000  12.0107
   2057    2 C     6      9.595000    492.187410      5.775000   4.0000  12.0107
   2058    2 C     6      7.154329    492.196370      5.775000   4.0000  12.0107
   2059    2 C     6     12.035671    492.196370      5.775000   4.0000  12.0107
   2060    1 H     1     14.191809    492.411073      5.775000   1.0000   1.0079
   2061    1 H     1      4.998191    492.411073      5.775000   1.0000   1.0079
   2062    2 C     6     10.818523    492.900595      5.775000   4.0000  12.0107
   2063    2 C     6      8.371477    492.900595      5.775000   4.0000  12.0107
   2064    2 C     6     13.230017    492.930840      5.775000   4.0000  12.0107
   2065    2 C     6      5.959983    492.930840      5.775000   4.0000  12.0107
   2066    2 C     6      5.959983    494.289195      5.775000   4.0000  12.0107
   2067    2 C     6     13.230017    494.289195      5.775000   4.0000  12.0107
   2068    2 C     6     10.818523    494.319440      5.775000   4.0000  12.0107
   2069    2 C     6      8.371477    494.319440      5.775000   4.0000  12.0107
   2070    1 H     1      4.998191    494.808962      5.775000   1.0000   1.0079
   2071    1 H     1     14.191809    494.808962      5.775000   1.0000   1.0079
   2072    2 C     6      7.154329    495.023665      5.775000   4.0000  12.0107
   2073    2 C     6     12.035671    495.023665      5.775000   4.0000  12.0107
   2074    2 C     6      9.595000    495.032625      5.775000   4.0000  12.0107
   2075    2 C     6      9.595000    496.451470      5.775000   4.0000  12.0107
   2076    2 C     6      7.154329    496.460430      5.775000   4.0000  12.0107
   2077    2 C     6     12.035671    496.460430      5.775000   4.0000  12.0107
   2078    1 H     1     14.191809    496.675133      5.775000   1.0000   1.0079
   2079    1 H     1      4.998191    496.675133      5.775000   1.0000   1.0079
   2080    2 C     6     10.818523    497.164655      5.775000   4.0000  12.0107
   2081    2 C     6      8.371477    497.164655      5.775000   4.0000  12.0107
   2082    2 C     6     13.230017    497.194900      5.775000   4.0000  12.0107
   2083    2 C     6      5.959983    497.194900      5.775000   4.0000  12.0107
   2084    2 C     6     13.230017    498.553254      5.775000   4.0000  12.0107
   2085    2 C     6      5.959983    498.553254      5.775000   4.0000  12.0107
   2086    2 C     6      8.371477    498.583500      5.775000   4.0000  12.0107
   2087    2 C     6     10.818523    498.583500      5.775000   4.0000  12.0107
   2088    1 H     1      4.998191    499.073022      5.775000   1.0000   1.0079
   2089    1 H     1     14.191809    499.073022      5.775000   1.0000   1.0079
   2090    2 C     6     12.035671    499.287725      5.775000   4.0000  12.0107
   2091    2 C     6      7.154329    499.287725      5.775000   4.0000  12.0107
   2092    2 C     6      9.595000    499.296685      5.775000   4.0000  12.0107
   2093    2 C     6      9.595000    500.715530      5.775000   4.0000  12.0107
   2094    2 C     6     12.035671    500.724490      5.775000   4.0000  12.0107
   2095    2 C     6      7.154329    500.724490      5.775000   4.0000  12.0107
   2096    1 H     1      4.998191    500.939193      5.775000   1.0000   1.0079
   2097    1 H     1     14.191809    500.939193      5.775000   1.0000   1.0079
   2098    2 C     6      8.371477    501.428715      5.775000   4.0000  12.0107
   2099    2 C     6     10.818523    501.428715      5.775000   4.0000  12.0107
   2100    2 C     6     13.230017    501.458960      5.775000   4.0000  12.0107
   2101    2 C     6      5.959983    501.458960      5.775000   4.0000  12.0107
   2102    2 C     6     13.230017    502.817314      5.775000   4.0000  12.0107
   2103    2 C     6      5.959983    502.817314      5.775000   4.0000  12.0107
   2104    2 C     6      8.371477    502.847560      5.775000   4.0000  12.0107
   2105    2 C     6     10.818523    502.847560      5.775000   4.0000  12.0107
   2106    1 H     1     14.191809    503.337082      5.775000   1.0000   1.0079
   2107    1 H     1      4.998191    503.337082      5.775000   1.0000   1.0079
   2108    2 C     6      7.154329    503.551784      5.775000   4.0000  12.0107
   2109    2 C     6     12.035671    503.551784      5.775000   4.0000  12.0107
   2110    2 C     6      9.595000    503.560744      5.775000   4.0000  12.0107
   2111    2 C     6      9.595000    504.979589      5.775000   4.0000  12.0107
   2112    2 C     6     12.035671    504.988549      5.775000   4.0000  12.0107
   2113    2 C     6      7.154329    504.988549      5.775000   4.0000  12.0107
   2114    1 H     1      4.998191    505.203252      5.775000   1.0000   1.0079
   2115    1 H     1     14.191809    505.203252      5.775000   1.0000   1.0079
   2116    2 C     6      8.371477    505.692774      5.775000   4.0000  12.0107
   2117    2 C     6     10.818523    505.692774      5.775000   4.0000  12.0107
   2118    2 C     6     13.230017    505.723020      5.775000   4.0000  12.0107
   2119    2 C     6      5.959983    505.723020      5.775000   4.0000  12.0107
   2120    2 C     6      5.959983    507.081374      5.775000   4.0000  12.0107
   2121    2 C     6     13.230017    507.081374      5.775000   4.0000  12.0107
   2122    2 C     6     10.818523    507.111619      5.775000   4.0000  12.0107
   2123    2 C     6      8.371477    507.111619      5.775000   4.0000  12.0107
   2124    1 H     1      4.998191    507.601141      5.775000   1.0000   1.0079
   2125    1 H     1     14.191809    507.601141      5.775000   1.0000   1.0079
   2126    2 C     6     12.035671    507.815844      5.775000   4.0000  12.0107
   2127    2 C     6      7.154329    507.815844      5.775000   4.0000  12.0107
   2128    2 C     6      9.595000    507.824804      5.775000   4.0000  12.0107
   2129    2 C     6      9.595000    509.243649      5.775000   4.0000  12.0107
   2130    2 C     6      7.154329    509.252609      5.775000   4.0000  12.0107
   2131    2 C     6     12.035671    509.252609      5.775000   4.0000  12.0107
   2132    1 H     1      4.998191    509.467312      5.775000   1.0000   1.0079
   2133    1 H     1     14.191809    509.467312      5.775000   1.0000   1.0079
   2134    2 C     6      8.371477    509.956834      5.775000   4.0000  12.0107
   2135    2 C     6     10.818523    509.956834      5.775000   4.0000  12.0107
   2136    2 C     6      5.959983    509.987079      5.775000   4.0000  12.0107
   2137    2 C     6     13.230017    509.987079      5.775000   4.0000  12.0107
   2138    2 C     6     13.230017    511.345434      5.775000   4.0000  12.0107
   2139    2 C     6      5.959983    511.345434      5.775000   4.0000  12.0107
   2140    2 C     6     10.818523    511.375679      5.775000   4.0000  12.0107
   2141    2 C     6      8.371477    511.375679      5.775000   4.0000  12.0107
   2142    1 H     1     14.191809    511.865201      5.775000   1.0000   1.0079
   2143    1 H     1      4.998191    511.865201      5.775000   1.0000   1.0079
   2144    2 C     6     12.035671    512.079904      5.775000   4.0000  12.0107
   2145    2 C     6      7.154329    512.079904      5.775000   4.0000  12.0107
   2146    2 C     6      9.595000    512.088864      5.775000   4.0000  12.0107
   2147    2 C     6      9.595000    513.507709      5.775000   4.0000  12.0107
   2148    2 C     6      7.154329    513.516669      5.775000   4.0000  12.0107
   2149    2 C     6     12.035671    513.516669      5.775000   4.0000  12.0107
   2150    1 H     1     14.191809    513.731372      5.775000   1.0000   1.0079
   2151    1 H     1      4.998191    513.731372      5.775000   1.0000   1.0079
   2152    2 C     6      8.371477    514.220894      5.775000   4.0000  12.0107
   2153    2 C     6     10.818523    514.220894      5.775000   4.0000  12.0107
   2154    2 C     6      5.959983    514.251139      5.775000   4.0000  12.0107
   2155    2 C     6     13.230017    514.251139      5.775000   4.0000  12.0107
   2156    2 C     6     13.230017    515.609493      5.775000   4.0000  12.0107
   2157    2 C     6      5.959983    515.609493      5.775000   4.0000  12.0107
   2158    2 C     6      8.371477    515.639739      5.775000   4.0000  12.0107
   2159    2 C     6     10.818523    515.639739      5.775000   4.0000  12.0107
   2160    1 H     1     14.191809    516.129261      5.775000   1.0000   1.0079
   2161    1 H     1      4.998191    516.129261      5.775000   1.0000   1.0079
   2162    2 C     6     12.035671    516.343964      5.775000   4.0000  12.0107
   2163    2 C     6      7.154329    516.343964      5.775000   4.0000  12.0107
   2164    2 C     6      9.595000    516.352924      5.775000   4.0000  12.0107
   2165    2 C     6      9.595000    517.771769      5.775000   4.0000  12.0107
   2166    2 C     6     12.035671    517.780729      5.775000   4.0000  12.0107
   2167    2 C     6      7.154329    517.780729      5.775000   4.0000  12.0107
   2168    1 H     1     14.191809    517.995432      5.775000   1.0000   1.0079
   2169    1 H     1      4.998191    517.995432      5.775000   1.0000   1.0079
   2170    2 C     6     10.818523    518.484954      5.775000   4.0000  12.0107
   2171    2 C     6      8.371477    518.484954      5.775000   4.0000  12.0107
   2172    2 C     6      5.959983    518.515199      5.775000   4.0000  12.0107
   2173    2 C     6     13.230017    518.515199      5.775000   4.0000  12.0107
   2174    2 C     6     13.230017    519.873553      5.775000   4.0000  12.0107
   2175    2 C     6      5.959983    519.873553      5.775000   4.0000  12.0107
   2176    2 C     6     10.818523    519.903799      5.775000   4.0000  12.0107
   2177    2 C     6      8.371477    519.903799      5.775000   4.0000  12.0107
   2178    1 H     1      4.998191    520.393321      5.775000   1.0000   1.0079
   2179    1 H     1     14.191809    520.393321      5.775000   1.0000   1.0079
   2180    2 C     6     12.035671    520.608024      5.775000   4.0000  12.0107
   2181    2 C     6      7.154329    520.608024      5.775000   4.0000  12.0107
   2182    2 C     6      9.595000    520.616983      5.775000   4.0000  12.0107
   2183    2 C     6      9.595000    522.035828      5.775000   4.0000  12.0107
   2184    2 C     6      7.154329    522.044788      5.775000   4.0000  12.0107
   2185    2 C     6     12.035671    522.044788      5.775000   4.0000  12.0107
   2186    1 H     1      4.998191    522.259491      5.775000   1.0000   1.0079
   2187    1 H     1     14.191809    522.259491      5.775000   1.0000   1.0079
   2188    2 C     6      8.371477    522.749013      5.775000   4.0000  12.0107
   2189    2 C     6     10.818523    522.749013      5.775000   4.0000  12.0107
   2190    2 C     6     13.230017    522.779259      5.775000   4.0000  12.0107
   2191    2 C     6      5.959983    522.779259      5.775000   4.0000  12.0107
   2192    2 C     6      5.959983    524.137613      5.775000   4.0000  12.0107
   2193    2 C     6     13.230017    524.137613      5.775000   4.0000  12.0107
   2194    2 C     6      8.371477    524.167858      5.775000   4.0000  12.0107
   2195    2 C     6     10.818523    524.167858      5.775000   4.0000  12.0107
   2196    1 H     1     14.191809    524.657380      5.775000   1.0000   1.0079
   2197    1 H     1      4.998191    524.657380      5.775000   1.0000   1.0079
   2198    2 C     6     12.035671    524.872083      5.775000   4.0000  12.0107
   2199    2 C     6      7.154329    524.872083      5.775000   4.0000  12.0107
   2200    2 C     6      9.595000    524.881043      5.775000   4.0000  12.0107
   2201    2 C     6      9.595000    526.299888      5.775000   4.0000  12.0107
   2202    2 C     6      7.154329    526.308848      5.775000   4.0000  12.0107
   2203    2 C     6     12.035671    526.308848      5.775000   4.0000  12.0107
   2204    1 H     1      4.998191    526.523551      5.775000   1.0000   1.0079
   2205    1 H     1     14.191809    526.523551      5.775000   1.0000   1.0079
   2206    2 C     6      8.371477    527.013073      5.775000   4.0000  12.0107
   2207    2 C     6     10.818523    527.013073      5.775000   4.0000  12.0107
   2208    2 C     6      5.959983    527.043318      5.775000   4.0000  12.0107
   2209    2 C     6     13.230017    527.043318      5.775000   4.0000  12.0107
   2210    2 C     6     13.230017    528.401673      5.775000   4.0000  12.0107
   2211    2 C     6      5.959983    528.401673      5.775000   4.0000  12.0107
   2212    2 C     6     10.818523    528.431918      5.775000   4.0000  12.0107
   2213    2 C     6      8.371477    528.431918      5.775000   4.0000  12.0107
   2214    1 H     1     14.191809    528.921440      5.775000   1.0000   1.0079
   2215    1 H     1      4.998191    528.921440      5.775000   1.0000   1.0079
   2216    2 C     6     12.035671    529.136143      5.775000   4.0000  12.0107
   2217    2 C     6      7.154329    529.136143      5.775000   4.0000  12.0107
   2218    2 C     6      9.595000    529.145103      5.775000   4.0000  12.0107
   2219    2 C     6      9.595000    530.563948      5.775000   4.0000  12.0107
   2220    2 C     6      7.154329    530.572908      5.775000   4.0000  12.0107
   2221    2 C     6     12.035671    530.572908      5.775000   4.0000  12.0107
   2222    1 H     1      4.998191    530.787611      5.775000   1.0000   1.0079
   2223    1 H     1     14.191809    530.787611      5.775000   1.0000   1.0079
   2224    2 C     6      8.371477    531.277133      5.775000   4.0000  12.0107
   2225    2 C     6     10.818523    531.277133      5.775000   4.0000  12.0107
   2226    2 C     6     13.230017    531.307378      5.775000   4.0000  12.0107
   2227    2 C     6      5.959983    531.307378      5.775000   4.0000  12.0107
   2228    2 C     6      5.959983    532.665732      5.775000   4.0000  12.0107
   2229    2 C     6     13.230017    532.665732      5.775000   4.0000  12.0107
   2230    2 C     6     10.818523    532.695978      5.775000   4.0000  12.0107
   2231    2 C     6      8.371477    532.695978      5.775000   4.0000  12.0107
   2232    1 H     1      4.998191    533.185500      5.775000   1.0000   1.0079
   2233    1 H     1     14.191809    533.185500      5.775000   1.0000   1.0079
   2234    2 C     6     12.035671    533.400203      5.775000   4.0000  12.0107
   2235    2 C     6      7.154329    533.400203      5.775000   4.0000  12.0107
   2236    2 C     6      9.595000    533.409163      5.775000   4.0000  12.0107
   2237    2 C     6      9.595000    534.828008      5.775000   4.0000  12.0107
   2238    2 C     6      7.154329    534.836968      5.775000   4.0000  12.0107
   2239    2 C     6     12.035671    534.836968      5.775000   4.0000  12.0107
   2240    1 H     1      4.998191    535.051671      5.775000   1.0000   1.0079
   2241    1 H     1     14.191809    535.051671      5.775000   1.0000   1.0079
   2242    2 C     6      8.371477    535.541193      5.775000   4.0000  12.0107
   2243    2 C     6     10.818523    535.541193      5.775000   4.0000  12.0107
   2244    2 C     6      5.959983    535.571438      5.775000   4.0000  12.0107
   2245    2 C     6     13.230017    535.571438      5.775000   4.0000  12.0107
   2246    2 C     6     13.230017    536.929792      5.775000   4.0000  12.0107
   2247    2 C     6      5.959983    536.929792      5.775000   4.0000  12.0107
   2248    2 C     6      8.371477    536.960038      5.775000   4.0000  12.0107
   2249    2 C     6     10.818523    536.960038      5.775000   4.0000  12.0107
   2250    1 H     1     14.191809    537.449560      5.775000   1.0000   1.0079
   2251    1 H     1      4.998191    537.449560      5.775000   1.0000   1.0079
   2252    2 C     6     12.035671    537.664263      5.775000   4.0000  12.0107
   2253    2 C     6      7.154329    537.664263      5.775000   4.0000  12.0107
   2254    2 C     6      9.595000    537.673222      5.775000   4.0000  12.0107
   2255    2 C     6      9.595000    539.092067      5.775000   4.0000  12.0107
   2256    2 C     6     12.035671    539.101027      5.775000   4.0000  12.0107
   2257    2 C     6      7.154329    539.101027      5.775000   4.0000  12.0107
   2258    1 H     1     14.191809    539.315730      5.775000   1.0000   1.0079
   2259    1 H     1      4.998191    539.315730      5.775000   1.0000   1.0079
   2260    2 C     6     10.818523    539.805252      5.775000   4.0000  12.0107
   2261    2 C     6      8.371477    539.805252      5.775000   4.0000  12.0107
   2262    2 C     6      5.959983    539.835498      5.775000   4.0000  12.0107
   2263    2 C     6     13.230017    539.835498      5.775000   4.0000  12.0107
   2264    2 C     6     13.230017    541.193852      5.775000   4.0000  12.0107
   2265    2 C     6      5.959983    541.193852      5.775000   4.0000  12.0107
   2266    2 C     6      8.371477    541.224097      5.775000   4.0000  12.0107
   2267    2 C     6     10.818523    541.224097      5.775000   4.0000  12.0107
   2268    1 H     1      4.998191    541.713619      5.775000   1.0000   1.0079
   2269    1 H     1     14.191809    541.713619      5.775000   1.0000   1.0079
   2270    2 C     6      7.154329    541.928322      5.775000   4.0000  12.0107
   2271    2 C     6     12.035671    541.928322      5.775000   4.0000  12.0107
   2272    2 C     6      9.595000    541.937282      5.775000   4.0000  12.0107
   2273    2 C     6      9.595000    543.356127      5.775000   4.0000  12.0107
   2274    2 C     6     12.035671    543.365087      5.775000   4.0000  12.0107
   2275    2 C     6      7.154329    543.365087      5.775000   4.0000  12.0107
   2276    1 H     1      4.998191    543.579790      5.775000   1.0000   1.0079
   2277    1 H     1     14.191809    543.579790      5.775000   1.0000   1.0079
   2278    2 C     6      8.371477    544.069312      5.775000   4.0000  12.0107
   2279    2 C     6     10.818523    544.069312      5.775000   4.0000  12.0107
   2280    2 C     6     13.230017    544.099557      5.775000   4.0000  12.0107
   2281    2 C     6      5.959983    544.099557      5.775000   4.0000  12.0107
   2282    2 C     6      5.959983    545.457912      5.775000   4.0000  12.0107
   2283    2 C     6     13.230017    545.457912      5.775000   4.0000  12.0107
   2284    2 C     6     10.818523    545.488157      5.775000   4.0000  12.0107
   2285    2 C     6      8.371477    545.488157      5.775000   4.0000  12.0107
   2286    1 H     1     14.191809    545.977679      5.775000   1.0000   1.0079
   2287    1 H     1      4.998191    545.977679      5.775000   1.0000   1.0079
   2288    2 C     6     12.035671    546.192382      5.775000   4.0000  12.0107
   2289    2 C     6      7.154329    546.192382      5.775000   4.0000  12.0107
   2290    2 C     6      9.595000    546.201342      5.775000   4.0000  12.0107
   2291    2 C     6      9.595000    547.620187      5.775000   4.0000  12.0107
   2292    2 C     6      7.154329    547.629147      5.775000   4.0000  12.0107
   2293    2 C     6     12.035671    547.629147      5.775000   4.0000  12.0107
   2294    1 H     1     14.191809    547.843850      5.775000   1.0000   1.0079
   2295    1 H     1      4.998191    547.843850      5.775000   1.0000   1.0079
   2296    2 C     6     10.818523    548.333372      5.775000   4.0000  12.0107
   2297    2 C     6      8.371477    548.333372      5.775000   4.0000  12.0107
   2298    2 C     6      5.959983    548.363617      5.775000   4.0000  12.0107
   2299    2 C     6     13.230017    548.363617      5.775000   4.0000  12.0107
   2300    2 C     6      5.959983    549.721971      5.775000   4.0000  12.0107
   2301    2 C     6     13.230017    549.721971      5.775000   4.0000  12.0107
   2302    2 C     6     10.818523    549.752217      5.775000   4.0000  12.0107
   2303    2 C     6      8.371477    549.752217      5.775000   4.0000  12.0107
   2304    1 H     1     14.191809    550.241739      5.775000   1.0000   1.0079
   2305    1 H     1      4.998191    550.241739      5.775000   1.0000   1.0079
   2306    2 C     6      7.154329    550.456442      5.775000   4.0000  12.0107
   2307    2 C     6     12.035671    550.456442      5.775000   4.0000  12.0107
   2308    2 C     6      9.595000    550.465402      5.775000   4.0000  12.0107
   2309    1 H     1      9.595000    551.238446      6.548044   1.0000   1.0079
   2310    1 H     1      9.595000    551.238446      5.001956   1.0000   1.0079
   2311    1 H     1      7.154329    551.549692      5.775000   1.0000   1.0079
   2312    1 H     1     12.035671    551.549692      5.775000   1.0000   1.0079



 SCF PARAMETERS         Density guess:                                   RESTART
                        --------------------------------------------------------
                        max_scf:                                             300
                        max_scf_history:                                       0
                        max_diis:                                              4
                        --------------------------------------------------------
                        eps_scf:                                        1.00E-07
                        eps_scf_history:                                0.00E+00
                        eps_diis:                                       1.00E-01
                        eps_eigval:                                     1.00E-05
                        --------------------------------------------------------
                        level_shift [a.u.]:                             0.000000
                        SCF update method:                                MIXING
                        added MOs                                       100    0
                        --------------------------------------------------------
                        Mixing method:                            BROYDEN_MIXING
                                                charge density mixing in g-space
                        --------------------------------------------------------
                        No outer SCF

 PW_GRID| Information for grid number                                          2
 PW_GRID| Grid distributed over                                    96 processors
 PW_GRID| Real space group dimensions                                    96    1
 PW_GRID| the grid is blocked:                                                NO
 PW_GRID| Cutoff [a.u.]                                                    300.0
 PW_GRID| spherical cutoff:                                                   NO
 PW_GRID|   Bounds   1           -144     143                Points:         288
 PW_GRID|   Bounds   2          -4158    4157                Points:        8316
 PW_GRID|   Bounds   3            -90      89                Points:         180
 PW_GRID| Volume element (a.u.^3)  0.1931E-02     Volume (a.u.^3)    832449.2241
 PW_GRID| Grid span                                                    FULLSPACE
 PW_GRID|   Distribution                         Average         Max         Min
 PW_GRID|   G-Vectors                          4490640.0     4490784     4490496
 PW_GRID|   G-Rays                               15592.5       15593       15592
 PW_GRID|   Real Space Points                  4490640.0     4490640     4490640

 PW_GRID| Information for grid number                                          3
 PW_GRID| Number of the reference grid                                         2
 PW_GRID| Grid distributed over                                    96 processors
 PW_GRID| Real space group dimensions                                    96    1
 PW_GRID| the grid is blocked:                                                NO
 PW_GRID| Cutoff [a.u.]                                                    100.0
 PW_GRID| spherical cutoff:                                                   NO
 PW_GRID|   Bounds   1            -90      89                Points:         180
 PW_GRID|   Bounds   2          -2376    2375                Points:        4752
 PW_GRID|   Bounds   3            -50      49                Points:         100
 PW_GRID| Volume element (a.u.^3)  0.9732E-02     Volume (a.u.^3)    832449.2241
 PW_GRID| Grid span                                                    FULLSPACE
 PW_GRID|   Distribution                         Average         Max         Min
 PW_GRID|   G-Vectors                           891000.0      961560      854640
 PW_GRID|   G-Rays                                4950.0        5342        4748
 PW_GRID|   Real Space Points                   891000.0      950400      475200

 PW_GRID| Information for grid number                                          4
 PW_GRID| Number of the reference grid                                         2
 PW_GRID| Grid distributed over                                    96 processors
 PW_GRID| Real space group dimensions                                    96    1
 PW_GRID| the grid is blocked:                                                NO
 PW_GRID| Cutoff [a.u.]                                                     33.3
 PW_GRID| spherical cutoff:                                                   NO
 PW_GRID|   Bounds   1            -48      47                Points:          96
 PW_GRID|   Bounds   2          -1386    1385                Points:        2772
 PW_GRID|   Bounds   3            -30      29                Points:          60
 PW_GRID| Volume element (a.u.^3)  0.5214E-01     Volume (a.u.^3)    832449.2241
 PW_GRID| Grid span                                                    FULLSPACE
 PW_GRID|   Distribution                         Average         Max         Min
 PW_GRID|   G-Vectors                           166320.0      167232      165216
 PW_GRID|   G-Rays                                1732.5        1742        1721
 PW_GRID|   Real Space Points                   166320.0      166320      166320

 PW_GRID| Information for grid number                                          5
 PW_GRID| Number of the reference grid                                         2
 PW_GRID| Grid distributed over                                    96 processors
 PW_GRID| Real space group dimensions                                     8   12
 PW_GRID| the grid is blocked:                                                NO
 PW_GRID| Cutoff [a.u.]                                                     11.1
 PW_GRID| spherical cutoff:                                                   NO
 PW_GRID|   Bounds   1            -30      29                Points:          60
 PW_GRID|   Bounds   2           -792     791                Points:        1584
 PW_GRID|   Bounds   3            -18      17                Points:          36
 PW_GRID| Volume element (a.u.^3)  0.2433         Volume (a.u.^3)    832449.2241
 PW_GRID| Grid span                                                    FULLSPACE
 PW_GRID|   Distribution                         Average         Max         Min
 PW_GRID|   G-Vectors                            35640.0       36120       34680
 PW_GRID|   G-Rays                                 594.0         602         578
 PW_GRID|   Real Space Points                    35640.0       38016       33264

 POISSON| Solver                                             MULTIPOLE (Bloechl)
 POISSON| Periodicity                                                       NONE

 RS_GRID| Information for grid number                                          2
 RS_GRID|   Bounds   1           -144     143                Points:         288
 RS_GRID|   Bounds   2          -4158    4157                Points:        8316
 RS_GRID|   Bounds   3            -90      89                Points:         180
 RS_GRID| Real space distribution over                                 96 groups
 RS_GRID| Real space distribution along direction                              2
 RS_GRID| Border size                                                         30
 RS_GRID|   Distribution                         Average         Max         Min
 RS_GRID|   Planes                                 146.6         147         146

 RS_GRID| Information for grid number                                          3
 RS_GRID|   Bounds   1            -90      89                Points:         180
 RS_GRID|   Bounds   2          -2376    2375                Points:        4752
 RS_GRID|   Bounds   3            -50      49                Points:         100
 RS_GRID| Real space distribution over                                 96 groups
 RS_GRID| Real space distribution along direction                              2
 RS_GRID| Border size                                                         33
 RS_GRID|   Distribution                         Average         Max         Min
 RS_GRID|   Planes                                 115.5         116         115

 RS_GRID| Information for grid number                                          4
 RS_GRID|   Bounds   1            -48      47                Points:          96
 RS_GRID|   Bounds   2          -1386    1385                Points:        2772
 RS_GRID|   Bounds   3            -30      29                Points:          60
 RS_GRID| Real space fully replicated
 RS_GRID| Group size                                                           1

 RS_GRID| Information for grid number                                          5
 RS_GRID|   Bounds   1            -30      29                Points:          60
 RS_GRID|   Bounds   2           -792     791                Points:        1584
 RS_GRID|   Bounds   3            -18      17                Points:          36
 RS_GRID| Real space fully replicated
 RS_GRID| Group size                                                           1

 *** WARNING in emd/rt_bse_linearized.F:131 :: Linearized RT-BSE is under ***
 *** active development. Make sure you understand the method and validate ***
 *** results before using it for production calculations.                 ***


 Extrapolation method: initial_guess

 Number of electrons:                                                       7688
 Number of occupied orbitals:                                               3844
 Number of molecular orbitals:                                              3944

 Number of orbital functions:                                              26416
 Number of independent orbital functions:                                  26416


 SCF WAVEFUNCTION OPTIMIZATION

  Step     Update method      Time    Convergence         Total energy    Change
  ------------------------------------------------------------------------------
  Decoupling Energy:                                              -0.5906631228
     1 NoMix/Diag. 0.40E+00   59.1     0.00000039    -10504.3894702870 -1.05E+04
  Decoupling Energy:                                              -0.5906627329
     2 Broy./Diag. 0.40E+00   57.4     0.00000020    -10504.3894910903 -2.08E-05
  Decoupling Energy:                                              -0.5906623737
     3 Broy./Diag. 0.40E+00   57.2     0.00000004    -10504.3894781000  1.30E-05

  *** SCF run converged in     3 steps ***


  Electronic density on regular grids:      -7688.0000000001       -0.0000000001
  Core density on regular grids:             7688.0000000000       -0.0000000000
  Total charge density on r-space grids:       -0.0000000001
  Total charge density g-space grids:          -0.0000000001

  Overlap energy of the core charge distribution:               0.00060217406300
  Self energy of the core charge distribution:             -24629.78066337534256
  Core Hamiltonian energy:                                   7801.80295937290794
  Hartree energy:                                            9649.56745750395930
  Exchange-correlation energy:                              -3325.97983377557603

  Total energy:                                            -10504.38947809998899

 !-----------------------------------------------------------------------------!
                     Mulliken Population Analysis

 #  Atom  Element  Kind  Atomic population                           Net charge
       1     H        1          0.787647                              0.212353
       2     H        1          0.787647                              0.212353
       3     H        1          0.694702                              0.305298
       4     H        1          0.694702                              0.305298
       5     C        2          4.622122                             -0.622122
       6     C        2          4.193704                             -0.193704
       7     C        2          4.193704                             -0.193704
       8     H        1          0.761042                              0.238958
       9     H        1          0.761042                              0.238958
      10     C        2          4.041126                             -0.041126
      11     C        2          4.041126                             -0.041126
      12     C        2          4.253655                             -0.253655
      13     C        2          4.253655                             -0.253655
      14     C        2          4.178039                             -0.178039
      15     C        2          4.178039                             -0.178039
      16     C        2          3.954576                              0.045424
      17     C        2          3.954576                              0.045424
      18     H        1          0.797669                              0.202331
      19     H        1          0.797669                              0.202331
      20     C        2          4.101729                             -0.101729
      21     C        2          4.101729                             -0.101729
      22     C        2          3.930319                              0.069681
      23     C        2          3.954797                              0.045203
      24     C        2          4.069991                             -0.069991
      25     C        2          4.069991                             -0.069991
      26     H        1          0.787484                              0.212516
      27     H        1          0.787484                              0.212516
      28     C        2          3.965144                              0.034856
      29     C        2          3.965144                              0.034856
      30     C        2          4.168913                             -0.168913
      31     C        2          4.168913                             -0.168913
      32     C        2          4.178963                             -0.178963
      33     C        2          4.178963                             -0.178963
      34     C        2          3.965634                              0.034366
      35     C        2          3.965634                              0.034366
      36     H        1          0.793389                              0.206611
      37     H        1          0.793389                              0.206611
      38     C        2          4.086216                             -0.086216
      39     C        2          4.086216                             -0.086216
      40     C        2          3.941915                              0.058085
      41     C        2          3.952205                              0.047795
      42     C        2          4.082652                             -0.082652
      43     C        2          4.082652                             -0.082652
      44     H        1          0.788938                              0.211062
      45     H        1          0.788938                              0.211062
      46     C        2          3.965808                              0.034192
      47     C        2          3.965808                              0.034192
      48     C        2          4.181612                             -0.181612
      49     C        2          4.181612                             -0.181612
      50     C        2          4.185990                             -0.185990
      51     C        2          4.185990                             -0.185990
      52     C        2          3.965466                              0.034534
      53     C        2          3.965466                              0.034534
      54     H        1          0.789798                              0.210202
      55     H        1          0.789798                              0.210202
      56     C        2          4.084936                             -0.084936
      57     C        2          4.084936                             -0.084936
      58     C        2          3.951276                              0.048724
      59     C        2          3.952256                              0.047744
      60     C        2          4.085067                             -0.085067
      61     C        2          4.085067                             -0.085067
      62     H        1          0.789562                              0.210438
      63     H        1          0.789562                              0.210438
      64     C        2          3.967513                              0.032487
      65     C        2          3.967513                              0.032487
      66     C        2          4.181763                             -0.181763
      67     C        2          4.181763                             -0.181763
      68     C        2          4.182491                             -0.182491
      69     C        2          4.182491                             -0.182491
      70     C        2          3.967430                              0.032570
      71     C        2          3.967430                              0.032570
      72     H        1          0.791356                              0.208644
      73     H        1          0.791356                              0.208644
      74     C        2          4.081650                             -0.081650
      75     C        2          4.081650                             -0.081650
      76     C        2          3.957762                              0.042238
      77     C        2          3.954604                              0.045396
      78     C        2          4.083176                             -0.083176
      79     C        2          4.083176                             -0.083176
      80     H        1          0.792641                              0.207359
      81     H        1          0.792641                              0.207359
      82     C        2          3.970427                              0.029573
      83     C        2          3.970427                              0.029573
      84     C        2          4.175884                             -0.175884
      85     C        2          4.175884                             -0.175884
      86     C        2          4.175312                             -0.175312
      87     C        2          4.175312                             -0.175312
      88     C        2          3.970418                              0.029582
      89     C        2          3.970418                              0.029582
      90     H        1          0.794311                              0.205689
      91     H        1          0.794311                              0.205689
      92     C        2          4.078879                             -0.078879
      93     C        2          4.078879                             -0.078879
      94     C        2          3.961805                              0.038195
      95     C        2          3.958975                              0.041025
      96     C        2          4.080494                             -0.080494
      97     C        2          4.080494                             -0.080494
      98     H        1          0.795241                              0.204759
      99     H        1          0.795241                              0.204759
     100     C        2          3.972811                              0.027189
     101     C        2          3.972811                              0.027189
     102     C        2          4.170788                             -0.170788
     103     C        2          4.170788                             -0.170788
     104     C        2          4.170660                             -0.170660
     105     C        2          4.170660                             -0.170660
     106     C        2          3.972681                              0.027319
     107     C        2          3.972681                              0.027319
     108     H        1          0.796031                              0.203969
     109     H        1          0.796031                              0.203969
     110     C        2          4.077842                             -0.077842
     111     C        2          4.077842                             -0.077842
     112     C        2          3.963768                              0.036232
     113     C        2          3.962746                              0.037254
     114     C        2          4.078731                             -0.078731
     115     C        2          4.078731                             -0.078731
     116     H        1          0.796130                              0.203870
     117     H        1          0.796130                              0.203870
     118     C        2          3.973672                              0.026328
     119     C        2          3.973672                              0.026328
     120     C        2          4.169158                             -0.169158
     121     C        2          4.169158                             -0.169158
     122     C        2          4.169646                             -0.169646
     123     C        2          4.169646                             -0.169646
     124     C        2          3.973600                              0.026400
     125     C        2          3.973600                              0.026400
     126     H        1          0.796210                              0.203790
     127     H        1          0.796210                              0.203790
     128     C        2          4.078117                             -0.078117
     129     C        2          4.078117                             -0.078117
     130     C        2          3.964083                              0.035917
     131     C        2          3.964337                              0.035663
     132     C        2          4.078203                             -0.078203
     133     C        2          4.078203                             -0.078203
     134     H        1          0.795868                              0.204132
     135     H        1          0.795868                              0.204132
     136     C        2          3.973408                              0.026592
     137     C        2          3.973408                              0.026592
     138     C        2          4.170171                             -0.170171
     139     C        2          4.170171                             -0.170171
     140     C        2          4.170520                             -0.170520
     141     C        2          4.170520                             -0.170520
     142     C        2          3.973399                              0.026601
     143     C        2          3.973399                              0.026601
     144     H        1          0.795683                              0.204317
     145     H        1          0.795683                              0.204317
     146     C        2          4.078891                             -0.078891
     147     C        2          4.078891                             -0.078891
     148     C        2          3.963205                              0.036795
     149     C        2          3.963869                              0.036131
     150     C        2          4.078553                             -0.078553
     151     C        2          4.078553                             -0.078553
     152     H        1          0.795378                              0.204622
     153     H        1          0.795378                              0.204622
     154     C        2          3.972738                              0.027262
     155     C        2          3.972738                              0.027262
     156     C        2          4.171722                             -0.171722
     157     C        2          4.171722                             -0.171722
     158     C        2          4.171701                             -0.171701
     159     C        2          4.171701                             -0.171701
     160     C        2          3.972787                              0.027213
     161     C        2          3.972787                              0.027213
     162     H        1          0.795177                              0.204823
     163     H        1          0.795177                              0.204823
     164     C        2          4.079563                             -0.079563
     165     C        2          4.079563                             -0.079563
     166     C        2          3.961959                              0.038041
     167     C        2          3.962479                              0.037521
     168     C        2          4.079184                             -0.079184
     169     C        2          4.079184                             -0.079184
     170     H        1          0.795066                              0.204934
     171     H        1          0.795066                              0.204934
     172     C        2          3.972172                              0.027828
     173     C        2          3.972172                              0.027828
     174     C        2          4.172707                             -0.172707
     175     C        2          4.172707                             -0.172707
     176     C        2          4.172520                             -0.172520
     177     C        2          4.172520                             -0.172520
     178     C        2          3.972243                              0.027757
     179     C        2          3.972243                              0.027757
     180     H        1          0.794930                              0.205070
     181     H        1          0.794930                              0.205070
     182     C        2          4.079867                             -0.079867
     183     C        2          4.079867                             -0.079867
     184     C        2          3.961113                              0.038887
     185     C        2          3.961330                              0.038670
     186     C        2          4.079638                             -0.079638
     187     C        2          4.079638                             -0.079638
     188     H        1          0.794946                              0.205054
     189     H        1          0.794946                              0.205054
     190     C        2          3.971931                              0.028069
     191     C        2          3.971931                              0.028069
     192     C        2          4.172975                             -0.172975
     193     C        2          4.172975                             -0.172975
     194     C        2          4.172835                             -0.172835
     195     C        2          4.172835                             -0.172835
     196     C        2          3.971971                              0.028029
     197     C        2          3.971971                              0.028029
     198     H        1          0.794892                              0.205108
     199     H        1          0.794892                              0.205108
     200     C        2          4.079851                             -0.079851
     201     C        2          4.079851                             -0.079851
     202     C        2          3.960906                              0.039094
     203     C        2          3.960910                              0.039090
     204     C        2          4.079808                             -0.079808
     205     C        2          4.079808                             -0.079808
     206     H        1          0.794931                              0.205069
     207     H        1          0.794931                              0.205069
     208     C        2          3.971975                              0.028025
     209     C        2          3.971975                              0.028025
     210     C        2          4.172816                             -0.172816
     211     C        2          4.172816                             -0.172816
     212     C        2          4.172783                             -0.172783
     213     C        2          4.172783                             -0.172783
     214     C        2          3.971972                              0.028028
     215     C        2          3.971972                              0.028028
     216     H        1          0.794950                              0.205050
     217     H        1          0.794950                              0.205050
     218     C        2          4.079688                             -0.079688
     219     C        2          4.079688                             -0.079688
     220     C        2          3.961167                              0.038833
     221     C        2          3.961073                              0.038927
     222     C        2          4.079763                             -0.079763
     223     C        2          4.079763                             -0.079763
     224     H        1          0.794971                              0.205029
     225     H        1          0.794971                              0.205029
     226     C        2          3.972145                              0.027855
     227     C        2          3.972145                              0.027855
     228     C        2          4.172516                             -0.172516
     229     C        2          4.172516                             -0.172516
     230     C        2          4.172562                             -0.172562
     231     C        2          4.172562                             -0.172562
     232     C        2          3.972129                              0.027871
     233     C        2          3.972129                              0.027871
     234     H        1          0.795025                              0.204975
     235     H        1          0.795025                              0.204975
     236     C        2          4.079540                             -0.079540
     237     C        2          4.079540                             -0.079540
     238     C        2          3.961547                              0.038453
     239     C        2          3.961437                              0.038563
     240     C        2          4.079634                             -0.079634
     241     C        2          4.079634                             -0.079634
     242     H        1          0.795031                              0.204969
     243     H        1          0.795031                              0.204969
     244     C        2          3.972305                              0.027695
     245     C        2          3.972305                              0.027695
     246     C        2          4.172278                             -0.172278
     247     C        2          4.172278                             -0.172278
     248     C        2          4.172328                             -0.172328
     249     C        2          4.172328                             -0.172328
     250     C        2          3.972288                              0.027712
     251     C        2          3.972288                              0.027712
     252     H        1          0.795086                              0.204914
     253     H        1          0.795086                              0.204914
     254     C        2          4.079457                             -0.079457
     255     C        2          4.079457                             -0.079457
     256     C        2          3.961799                              0.038201
     257     C        2          3.961722                              0.038278
     258     C        2          4.079513                             -0.079513
     259     C        2          4.079513                             -0.079513
     260     H        1          0.795085                              0.204915
     261     H        1          0.795085                              0.204915
     262     C        2          3.972383                              0.027617
     263     C        2          3.972383                              0.027617
     264     C        2          4.172168                             -0.172168
     265     C        2          4.172168                             -0.172168
     266     C        2          4.172189                             -0.172189
     267     C        2          4.172189                             -0.172189
     268     C        2          3.972373                              0.027627
     269     C        2          3.972373                              0.027627
     270     H        1          0.795118                              0.204882
     271     H        1          0.795118                              0.204882
     272     C        2          4.079437                             -0.079437
     273     C        2          4.079437                             -0.079437
     274     C        2          3.961855                              0.038145
     275     C        2          3.961831                              0.038169
     276     C        2          4.079450                             -0.079450
     277     C        2          4.079450                             -0.079450
     278     H        1          0.795112                              0.204888
     279     H        1          0.795112                              0.204888
     280     C        2          3.972376                              0.027624
     281     C        2          3.972376                              0.027624
     282     C        2          4.172164                             -0.172164
     283     C        2          4.172164                             -0.172164
     284     C        2          4.172167                             -0.172167
     285     C        2          4.172167                             -0.172167
     286     C        2          3.972376                              0.027624
     287     C        2          3.972376                              0.027624
     288     H        1          0.795119                              0.204881
     289     H        1          0.795119                              0.204881
     290     C        2          4.079460                             -0.079460
     291     C        2          4.079460                             -0.079460
     292     C        2          3.961779                              0.038221
     293     C        2          3.961799                              0.038201
     294     C        2          4.079449                             -0.079449
     295     C        2          4.079449                             -0.079449
     296     H        1          0.795110                              0.204890
     297     H        1          0.795110                              0.204890
     298     C        2          3.972329                              0.027671
     299     C        2          3.972329                              0.027671
     300     C        2          4.172223                             -0.172223
     301     C        2          4.172223                             -0.172223
     302     C        2          4.172218                             -0.172218
     303     C        2          4.172218                             -0.172218
     304     C        2          3.972332                              0.027668
     305     C        2          3.972332                              0.027668
     306     H        1          0.795102                              0.204898
     307     H        1          0.795102                              0.204898
     308     C        2          4.079498                             -0.079498
     309     C        2          4.079498                             -0.079498
     310     C        2          3.961679                              0.038321
     311     C        2          3.961711                              0.038289
     312     C        2          4.079474                             -0.079474
     313     C        2          4.079474                             -0.079474
     314     H        1          0.795092                              0.204908
     315     H        1          0.795092                              0.204908
     316     C        2          3.972285                              0.027715
     317     C        2          3.972285                              0.027715
     318     C        2          4.172294                             -0.172294
     319     C        2          4.172294                             -0.172294
     320     C        2          4.172287                             -0.172287
     321     C        2          4.172287                             -0.172287
     322     C        2          3.972288                              0.027712
     323     C        2          3.972288                              0.027712
     324     H        1          0.795082                              0.204918
     325     H        1          0.795082                              0.204918
     326     C        2          4.079523                             -0.079523
     327     C        2          4.079523                             -0.079523
     328     C        2          3.961619                              0.038381
     329     C        2          3.961643                              0.038357
     330     C        2          4.079503                             -0.079503
     331     C        2          4.079503                             -0.079503
     332     H        1          0.795074                              0.204926
     333     H        1          0.795074                              0.204926
     334     C        2          3.972264                              0.027736
     335     C        2          3.972264                              0.027736
     336     C        2          4.172336                             -0.172336
     337     C        2          4.172336                             -0.172336
     338     C        2          4.172333                             -0.172333
     339     C        2          4.172333                             -0.172333
     340     C        2          3.972267                              0.027733
     341     C        2          3.972267                              0.027733
     342     H        1          0.795068                              0.204932
     343     H        1          0.795068                              0.204932
     344     C        2          4.079530                             -0.079530
     345     C        2          4.079530                             -0.079530
     346     C        2          3.961601                              0.038399
     347     C        2          3.961614                              0.038386
     348     C        2          4.079527                             -0.079527
     349     C        2          4.079527                             -0.079527
     350     H        1          0.795066                              0.204934
     351     H        1          0.795066                              0.204934
     352     C        2          3.972265                              0.027735
     353     C        2          3.972265                              0.027735
     354     C        2          4.172339                             -0.172339
     355     C        2          4.172339                             -0.172339
     356     C        2          4.172341                             -0.172341
     357     C        2          4.172341                             -0.172341
     358     C        2          3.972267                              0.027733
     359     C        2          3.972267                              0.027733
     360     H        1          0.795066                              0.204934
     361     H        1          0.795066                              0.204934
     362     C        2          4.079529                             -0.079529
     363     C        2          4.079529                             -0.079529
     364     C        2          3.961614                              0.038386
     365     C        2          3.961613                              0.038387
     366     C        2          4.079534                             -0.079534
     367     C        2          4.079534                             -0.079534
     368     H        1          0.795066                              0.204934
     369     H        1          0.795066                              0.204934
     370     C        2          3.972277                              0.027723
     371     C        2          3.972277                              0.027723
     372     C        2          4.172322                             -0.172322
     373     C        2          4.172322                             -0.172322
     374     C        2          4.172322                             -0.172322
     375     C        2          4.172322                             -0.172322
     376     C        2          3.972276                              0.027724
     377     C        2          3.972276                              0.027724
     378     H        1          0.795071                              0.204929
     379     H        1          0.795071                              0.204929
     380     C        2          4.079522                             -0.079522
     381     C        2          4.079522                             -0.079522
     382     C        2          3.961643                              0.038357
     383     C        2          3.961631                              0.038369
     384     C        2          4.079523                             -0.079523
     385     C        2          4.079523                             -0.079523
     386     H        1          0.795071                              0.204929
     387     H        1          0.795071                              0.204929
     388     C        2          3.972290                              0.027710
     389     C        2          3.972290                              0.027710
     390     C        2          4.172303                             -0.172303
     391     C        2          4.172303                             -0.172303
     392     C        2          4.172302                             -0.172302
     393     C        2          4.172302                             -0.172302
     394     C        2          3.972287                              0.027713
     395     C        2          3.972287                              0.027713
     396     H        1          0.795077                              0.204923
     397     H        1          0.795077                              0.204923
     398     C        2          4.079509                             -0.079509
     399     C        2          4.079509                             -0.079509
     400     C        2          3.961661                              0.038339
     401     C        2          3.961653                              0.038347
     402     C        2          4.079513                             -0.079513
     403     C        2          4.079513                             -0.079513
     404     H        1          0.795077                              0.204923
     405     H        1          0.795077                              0.204923
     406     C        2          3.972294                              0.027706
     407     C        2          3.972294                              0.027706
     408     C        2          4.172288                             -0.172288
     409     C        2          4.172288                             -0.172288
     410     C        2          4.172292                             -0.172292
     411     C        2          4.172292                             -0.172292
     412     C        2          3.972294                              0.027706
     413     C        2          3.972294                              0.027706
     414     H        1          0.795080                              0.204920
     415     H        1          0.795080                              0.204920
     416     C        2          4.079504                             -0.079504
     417     C        2          4.079504                             -0.079504
     418     C        2          3.961663                              0.038337
     419     C        2          3.961663                              0.038337
     420     C        2          4.079510                             -0.079510
     421     C        2          4.079510                             -0.079510
     422     H        1          0.795080                              0.204920
     423     H        1          0.795080                              0.204920
     424     C        2          3.972294                              0.027706
     425     C        2          3.972294                              0.027706
     426     C        2          4.172285                             -0.172285
     427     C        2          4.172285                             -0.172285
     428     C        2          4.172287                             -0.172287
     429     C        2          4.172287                             -0.172287
     430     C        2          3.972294                              0.027706
     431     C        2          3.972294                              0.027706
     432     H        1          0.795081                              0.204919
     433     H        1          0.795081                              0.204919
     434     C        2          4.079509                             -0.079509
     435     C        2          4.079509                             -0.079509
     436     C        2          3.961659                              0.038341
     437     C        2          3.961659                              0.038341
     438     C        2          4.079507                             -0.079507
     439     C        2          4.079507                             -0.079507
     440     H        1          0.795079                              0.204921
     441     H        1          0.795079                              0.204921
     442     C        2          3.972292                              0.027708
     443     C        2          3.972292                              0.027708
     444     C        2          4.172292                             -0.172292
     445     C        2          4.172292                             -0.172292
     446     C        2          4.172290                             -0.172290
     447     C        2          4.172290                             -0.172290
     448     C        2          3.972291                              0.027709
     449     C        2          3.972291                              0.027709
     450     H        1          0.795081                              0.204919
     451     H        1          0.795081                              0.204919
     452     C        2          4.079510                             -0.079510
     453     C        2          4.079510                             -0.079510
     454     C        2          3.961658                              0.038342
     455     C        2          3.961658                              0.038342
     456     C        2          4.079505                             -0.079505
     457     C        2          4.079505                             -0.079505
     458     H        1          0.795078                              0.204922
     459     H        1          0.795078                              0.204922
     460     C        2          3.972289                              0.027711
     461     C        2          3.972289                              0.027711
     462     C        2          4.172298                             -0.172298
     463     C        2          4.172298                             -0.172298
     464     C        2          4.172298                             -0.172298
     465     C        2          4.172298                             -0.172298
     466     C        2          3.972289                              0.027711
     467     C        2          3.972289                              0.027711
     468     H        1          0.795078                              0.204922
     469     H        1          0.795078                              0.204922
     470     C        2          4.079509                             -0.079509
     471     C        2          4.079509                             -0.079509
     472     C        2          3.961651                              0.038349
     473     C        2          3.961656                              0.038344
     474     C        2          4.079511                             -0.079511
     475     C        2          4.079511                             -0.079511
     476     H        1          0.795078                              0.204922
     477     H        1          0.795078                              0.204922
     478     C        2          3.972287                              0.027713
     479     C        2          3.972287                              0.027713
     480     C        2          4.172299                             -0.172299
     481     C        2          4.172299                             -0.172299
     482     C        2          4.172301                             -0.172301
     483     C        2          4.172301                             -0.172301
     484     C        2          3.972288                              0.027712
     485     C        2          3.972288                              0.027712
     486     H        1          0.795077                              0.204923
     487     H        1          0.795077                              0.204923
     488     C        2          4.079513                             -0.079513
     489     C        2          4.079513                             -0.079513
     490     C        2          3.961646                              0.038354
     491     C        2          3.961649                              0.038351
     492     C        2          4.079515                             -0.079515
     493     C        2          4.079515                             -0.079515
     494     H        1          0.795077                              0.204923
     495     H        1          0.795077                              0.204923
     496     C        2          3.972287                              0.027713
     497     C        2          3.972287                              0.027713
     498     C        2          4.172299                             -0.172299
     499     C        2          4.172299                             -0.172299
     500     C        2          4.172299                             -0.172299
     501     C        2          4.172299                             -0.172299
     502     C        2          3.972287                              0.027713
     503     C        2          3.972287                              0.027713
     504     H        1          0.795077                              0.204923
     505     H        1          0.795077                              0.204923
     506     C        2          4.079515                             -0.079515
     507     C        2          4.079515                             -0.079515
     508     C        2          3.961651                              0.038349
     509     C        2          3.961648                              0.038352
     510     C        2          4.079511                             -0.079511
     511     C        2          4.079511                             -0.079511
     512     H        1          0.795076                              0.204924
     513     H        1          0.795076                              0.204924
     514     C        2          3.972288                              0.027712
     515     C        2          3.972288                              0.027712
     516     C        2          4.172300                             -0.172300
     517     C        2          4.172300                             -0.172300
     518     C        2          4.172299                             -0.172299
     519     C        2          4.172299                             -0.172299
     520     C        2          3.972287                              0.027713
     521     C        2          3.972287                              0.027713
     522     H        1          0.795078                              0.204922
     523     H        1          0.795078                              0.204922
     524     C        2          4.079510                             -0.079510
     525     C        2          4.079510                             -0.079510
     526     C        2          3.961653                              0.038347
     527     C        2          3.961653                              0.038347
     528     C        2          4.079510                             -0.079510
     529     C        2          4.079510                             -0.079510
     530     H        1          0.795077                              0.204923
     531     H        1          0.795077                              0.204923
     532     C        2          3.972288                              0.027712
     533     C        2          3.972288                              0.027712
     534     C        2          4.172297                             -0.172297
     535     C        2          4.172297                             -0.172297
     536     C        2          4.172299                             -0.172299
     537     C        2          4.172299                             -0.172299
     538     C        2          3.972289                              0.027711
     539     C        2          3.972289                              0.027711
     540     H        1          0.795077                              0.204923
     541     H        1          0.795077                              0.204923
     542     C        2          4.079509                             -0.079509
     543     C        2          4.079509                             -0.079509
     544     C        2          3.961651                              0.038349
     545     C        2          3.961654                              0.038346
     546     C        2          4.079514                             -0.079514
     547     C        2          4.079514                             -0.079514
     548     H        1          0.795078                              0.204922
     549     H        1          0.795078                              0.204922
     550     C        2          3.972288                              0.027712
     551     C        2          3.972288                              0.027712
     552     C        2          4.172295                             -0.172295
     553     C        2          4.172295                             -0.172295
     554     C        2          4.172296                             -0.172296
     555     C        2          4.172296                             -0.172296
     556     C        2          3.972289                              0.027711
     557     C        2          3.972289                              0.027711
     558     H        1          0.795078                              0.204922
     559     H        1          0.795078                              0.204922
     560     C        2          4.079513                             -0.079513
     561     C        2          4.079513                             -0.079513
     562     C        2          3.961651                              0.038349
     563     C        2          3.961650                              0.038350
     564     C        2          4.079512                             -0.079512
     565     C        2          4.079512                             -0.079512
     566     H        1          0.795077                              0.204923
     567     H        1          0.795077                              0.204923
     568     C        2          3.972289                              0.027711
     569     C        2          3.972289                              0.027711
     570     C        2          4.172297                             -0.172297
     571     C        2          4.172297                             -0.172297
     572     C        2          4.172295                             -0.172295
     573     C        2          4.172295                             -0.172295
     574     C        2          3.972288                              0.027712
     575     C        2          3.972288                              0.027712
     576     H        1          0.795079                              0.204921
     577     H        1          0.795079                              0.204921
     578     C        2          4.079512                             -0.079512
     579     C        2          4.079512                             -0.079512
     580     C        2          3.961656                              0.038344
     581     C        2          3.961653                              0.038347
     582     C        2          4.079508                             -0.079508
     583     C        2          4.079508                             -0.079508
     584     H        1          0.795077                              0.204923
     585     H        1          0.795077                              0.204923
     586     C        2          3.972289                              0.027711
     587     C        2          3.972289                              0.027711
     588     C        2          4.172298                             -0.172298
     589     C        2          4.172298                             -0.172298
     590     C        2          4.172298                             -0.172298
     591     C        2          4.172298                             -0.172298
     592     C        2          3.972289                              0.027711
     593     C        2          3.972289                              0.027711
     594     H        1          0.795078                              0.204922
     595     H        1          0.795078                              0.204922
     596     C        2          4.079508                             -0.079508
     597     C        2          4.079508                             -0.079508
     598     C        2          3.961653                              0.038347
     599     C        2          3.961656                              0.038344
     600     C        2          4.079511                             -0.079511
     601     C        2          4.079511                             -0.079511
     602     H        1          0.795078                              0.204922
     603     H        1          0.795078                              0.204922
     604     C        2          3.972288                              0.027712
     605     C        2          3.972288                              0.027712
     606     C        2          4.172296                             -0.172296
     607     C        2          4.172296                             -0.172296
     608     C        2          4.172298                             -0.172298
     609     C        2          4.172298                             -0.172298
     610     C        2          3.972289                              0.027711
     611     C        2          3.972289                              0.027711
     612     H        1          0.795077                              0.204923
     613     H        1          0.795077                              0.204923
     614     C        2          4.079511                             -0.079511
     615     C        2          4.079511                             -0.079511
     616     C        2          3.961649                              0.038351
     617     C        2          3.961651                              0.038349
     618     C        2          4.079514                             -0.079514
     619     C        2          4.079514                             -0.079514
     620     H        1          0.795077                              0.204923
     621     H        1          0.795078                              0.204922
     622     C        2          3.972288                              0.027712
     623     C        2          3.972288                              0.027712
     624     C        2          4.172296                             -0.172296
     625     C        2          4.172296                             -0.172296
     626     C        2          4.172296                             -0.172296
     627     C        2          4.172296                             -0.172296
     628     C        2          3.972288                              0.027712
     629     C        2          3.972288                              0.027712
     630     H        1          0.795078                              0.204922
     631     H        1          0.795078                              0.204922
     632     C        2          4.079514                             -0.079514
     633     C        2          4.079514                             -0.079514
     634     C        2          3.961653                              0.038347
     635     C        2          3.961651                              0.038349
     636     C        2          4.079509                             -0.079509
     637     C        2          4.079509                             -0.079509
     638     H        1          0.795077                              0.204923
     639     H        1          0.795077                              0.204923
     640     C        2          3.972289                              0.027711
     641     C        2          3.972289                              0.027711
     642     C        2          4.172299                             -0.172299
     643     C        2          4.172299                             -0.172299
     644     C        2          4.172297                             -0.172297
     645     C        2          4.172297                             -0.172297
     646     C        2          3.972288                              0.027712
     647     C        2          3.972288                              0.027712
     648     H        1          0.795078                              0.204922
     649     H        1          0.795078                              0.204922
     650     C        2          4.079510                             -0.079510
     651     C        2          4.079510                             -0.079510
     652     C        2          3.961654                              0.038346
     653     C        2          3.961654                              0.038346
     654     C        2          4.079509                             -0.079509
     655     C        2          4.079509                             -0.079509
     656     H        1          0.795078                              0.204922
     657     H        1          0.795078                              0.204922
     658     C        2          3.972288                              0.027712
     659     C        2          3.972288                              0.027712
     660     C        2          4.172297                             -0.172297
     661     C        2          4.172297                             -0.172297
     662     C        2          4.172299                             -0.172299
     663     C        2          4.172299                             -0.172299
     664     C        2          3.972289                              0.027711
     665     C        2          3.972289                              0.027711
     666     H        1          0.795077                              0.204923
     667     H        1          0.795077                              0.204923
     668     C        2          4.079509                             -0.079509
     669     C        2          4.079509                             -0.079509
     670     C        2          3.961651                              0.038349
     671     C        2          3.961654                              0.038346
     672     C        2          4.079514                             -0.079514
     673     C        2          4.079514                             -0.079514
     674     H        1          0.795078                              0.204922
     675     H        1          0.795078                              0.204922
     676     C        2          3.972288                              0.027712
     677     C        2          3.972288                              0.027712
     678     C        2          4.172295                             -0.172295
     679     C        2          4.172295                             -0.172295
     680     C        2          4.172296                             -0.172296
     681     C        2          4.172296                             -0.172296
     682     C        2          3.972288                              0.027712
     683     C        2          3.972288                              0.027712
     684     H        1          0.795078                              0.204922
     685     H        1          0.795078                              0.204922
     686     C        2          4.079513                             -0.079513
     687     C        2          4.079513                             -0.079513
     688     C        2          3.961651                              0.038349
     689     C        2          3.961650                              0.038350
     690     C        2          4.079512                             -0.079512
     691     C        2          4.079512                             -0.079512
     692     H        1          0.795077                              0.204923
     693     H        1          0.795077                              0.204923
     694     C        2          3.972289                              0.027711
     695     C        2          3.972289                              0.027711
     696     C        2          4.172297                             -0.172297
     697     C        2          4.172297                             -0.172297
     698     C        2          4.172295                             -0.172295
     699     C        2          4.172295                             -0.172295
     700     C        2          3.972288                              0.027712
     701     C        2          3.972288                              0.027712
     702     H        1          0.795078                              0.204922
     703     H        1          0.795078                              0.204922
     704     C        2          4.079512                             -0.079512
     705     C        2          4.079512                             -0.079512
     706     C        2          3.961655                              0.038345
     707     C        2          3.961653                              0.038347
     708     C        2          4.079508                             -0.079508
     709     C        2          4.079508                             -0.079508
     710     H        1          0.795077                              0.204923
     711     H        1          0.795077                              0.204923
     712     C        2          3.972289                              0.027711
     713     C        2          3.972289                              0.027711
     714     C        2          4.172298                             -0.172298
     715     C        2          4.172298                             -0.172298
     716     C        2          4.172298                             -0.172298
     717     C        2          4.172298                             -0.172298
     718     C        2          3.972289                              0.027711
     719     C        2          3.972289                              0.027711
     720     H        1          0.795078                              0.204922
     721     H        1          0.795078                              0.204922
     722     C        2          4.079508                             -0.079508
     723     C        2          4.079508                             -0.079508
     724     C        2          3.961653                              0.038347
     725     C        2          3.961656                              0.038344
     726     C        2          4.079511                             -0.079511
     727     C        2          4.079511                             -0.079511
     728     H        1          0.795078                              0.204922
     729     H        1          0.795078                              0.204922
     730     C        2          3.972288                              0.027712
     731     C        2          3.972288                              0.027712
     732     C        2          4.172295                             -0.172295
     733     C        2          4.172295                             -0.172295
     734     C        2          4.172298                             -0.172298
     735     C        2          4.172298                             -0.172298
     736     C        2          3.972289                              0.027711
     737     C        2          3.972289                              0.027711
     738     H        1          0.795077                              0.204923
     739     H        1          0.795077                              0.204923
     740     C        2          4.079511                             -0.079511
     741     C        2          4.079511                             -0.079511
     742     C        2          3.961650                              0.038350
     743     C        2          3.961651                              0.038349
     744     C        2          4.079513                             -0.079513
     745     C        2          4.079513                             -0.079513
     746     H        1          0.795078                              0.204922
     747     H        1          0.795078                              0.204922
     748     C        2          3.972288                              0.027712
     749     C        2          3.972288                              0.027712
     750     C        2          4.172296                             -0.172296
     751     C        2          4.172296                             -0.172296
     752     C        2          4.172295                             -0.172295
     753     C        2          4.172295                             -0.172295
     754     C        2          3.972288                              0.027712
     755     C        2          3.972288                              0.027712
     756     H        1          0.795078                              0.204922
     757     H        1          0.795078                              0.204922
     758     C        2          4.079514                             -0.079514
     759     C        2          4.079514                             -0.079514
     760     C        2          3.961654                              0.038346
     761     C        2          3.961651                              0.038349
     762     C        2          4.079509                             -0.079509
     763     C        2          4.079509                             -0.079509
     764     H        1          0.795077                              0.204923
     765     H        1          0.795077                              0.204923
     766     C        2          3.972289                              0.027711
     767     C        2          3.972289                              0.027711
     768     C        2          4.172298                             -0.172298
     769     C        2          4.172298                             -0.172298
     770     C        2          4.172296                             -0.172296
     771     C        2          4.172296                             -0.172296
     772     C        2          3.972288                              0.027712
     773     C        2          3.972288                              0.027712
     774     H        1          0.795078                              0.204922
     775     H        1          0.795078                              0.204922
     776     C        2          4.079509                             -0.079509
     777     C        2          4.079509                             -0.079509
     778     C        2          3.961655                              0.038345
     779     C        2          3.961655                              0.038345
     780     C        2          4.079509                             -0.079509
     781     C        2          4.079509                             -0.079509
     782     H        1          0.795078                              0.204922
     783     H        1          0.795078                              0.204922
     784     C        2          3.972288                              0.027712
     785     C        2          3.972288                              0.027712
     786     C        2          4.172296                             -0.172296
     787     C        2          4.172296                             -0.172296
     788     C        2          4.172298                             -0.172298
     789     C        2          4.172298                             -0.172298
     790     C        2          3.972289                              0.027711
     791     C        2          3.972289                              0.027711
     792     H        1          0.795077                              0.204923
     793     H        1          0.795077                              0.204923
     794     C        2          4.079509                             -0.079509
     795     C        2          4.079509                             -0.079509
     796     C        2          3.961651                              0.038349
     797     C        2          3.961654                              0.038346
     798     C        2          4.079513                             -0.079513
     799     C        2          4.079513                             -0.079513
     800     H        1          0.795078                              0.204922
     801     H        1          0.795078                              0.204922
     802     C        2          3.972288                              0.027712
     803     C        2          3.972288                              0.027712
     804     C        2          4.172295                             -0.172295
     805     C        2          4.172295                             -0.172295
     806     C        2          4.172296                             -0.172296
     807     C        2          4.172296                             -0.172296
     808     C        2          3.972288                              0.027712
     809     C        2          3.972288                              0.027712
     810     H        1          0.795078                              0.204922
     811     H        1          0.795078                              0.204922
     812     C        2          4.079513                             -0.079513
     813     C        2          4.079513                             -0.079513
     814     C        2          3.961651                              0.038349
     815     C        2          3.961650                              0.038350
     816     C        2          4.079511                             -0.079511
     817     C        2          4.079511                             -0.079511
     818     H        1          0.795077                              0.204923
     819     H        1          0.795077                              0.204923
     820     C        2          3.972289                              0.027711
     821     C        2          3.972289                              0.027711
     822     C        2          4.172297                             -0.172297
     823     C        2          4.172297                             -0.172297
     824     C        2          4.172295                             -0.172295
     825     C        2          4.172295                             -0.172295
     826     C        2          3.972288                              0.027712
     827     C        2          3.972288                              0.027712
     828     H        1          0.795078                              0.204922
     829     H        1          0.795078                              0.204922
     830     C        2          4.079512                             -0.079512
     831     C        2          4.079512                             -0.079512
     832     C        2          3.961655                              0.038345
     833     C        2          3.961653                              0.038347
     834     C        2          4.079508                             -0.079508
     835     C        2          4.079508                             -0.079508
     836     H        1          0.795077                              0.204923
     837     H        1          0.795077                              0.204923
     838     C        2          3.972289                              0.027711
     839     C        2          3.972289                              0.027711
     840     C        2          4.172298                             -0.172298
     841     C        2          4.172298                             -0.172298
     842     C        2          4.172298                             -0.172298
     843     C        2          4.172298                             -0.172298
     844     C        2          3.972289                              0.027711
     845     C        2          3.972289                              0.027711
     846     H        1          0.795078                              0.204922
     847     H        1          0.795078                              0.204922
     848     C        2          4.079508                             -0.079508
     849     C        2          4.079508                             -0.079508
     850     C        2          3.961653                              0.038347
     851     C        2          3.961655                              0.038345
     852     C        2          4.079512                             -0.079512
     853     C        2          4.079512                             -0.079512
     854     H        1          0.795078                              0.204922
     855     H        1          0.795078                              0.204922
     856     C        2          3.972288                              0.027712
     857     C        2          3.972288                              0.027712
     858     C        2          4.172295                             -0.172295
     859     C        2          4.172295                             -0.172295
     860     C        2          4.172298                             -0.172298
     861     C        2          4.172298                             -0.172298
     862     C        2          3.972289                              0.027711
     863     C        2          3.972289                              0.027711
     864     H        1          0.795077                              0.204923
     865     H        1          0.795077                              0.204923
     866     C        2          4.079511                             -0.079511
     867     C        2          4.079511                             -0.079511
     868     C        2          3.961650                              0.038350
     869     C        2          3.961651                              0.038349
     870     C        2          4.079513                             -0.079513
     871     C        2          4.079513                             -0.079513
     872     H        1          0.795078                              0.204922
     873     H        1          0.795078                              0.204922
     874     C        2          3.972288                              0.027712
     875     C        2          3.972288                              0.027712
     876     C        2          4.172296                             -0.172296
     877     C        2          4.172296                             -0.172296
     878     C        2          4.172295                             -0.172295
     879     C        2          4.172295                             -0.172295
     880     C        2          3.972288                              0.027712
     881     C        2          3.972288                              0.027712
     882     H        1          0.795078                              0.204922
     883     H        1          0.795078                              0.204922
     884     C        2          4.079513                             -0.079513
     885     C        2          4.079513                             -0.079513
     886     C        2          3.961654                              0.038346
     887     C        2          3.961651                              0.038349
     888     C        2          4.079509                             -0.079509
     889     C        2          4.079509                             -0.079509
     890     H        1          0.795077                              0.204923
     891     H        1          0.795077                              0.204923
     892     C        2          3.972289                              0.027711
     893     C        2          3.972289                              0.027711
     894     C        2          4.172298                             -0.172298
     895     C        2          4.172298                             -0.172298
     896     C        2          4.172296                             -0.172296
     897     C        2          4.172296                             -0.172296
     898     C        2          3.972288                              0.027712
     899     C        2          3.972288                              0.027712
     900     H        1          0.795078                              0.204922
     901     H        1          0.795078                              0.204922
     902     C        2          4.079509                             -0.079509
     903     C        2          4.079509                             -0.079509
     904     C        2          3.961655                              0.038345
     905     C        2          3.961655                              0.038345
     906     C        2          4.079509                             -0.079509
     907     C        2          4.079509                             -0.079509
     908     H        1          0.795078                              0.204922
     909     H        1          0.795078                              0.204922
     910     C        2          3.972288                              0.027712
     911     C        2          3.972288                              0.027712
     912     C        2          4.172296                             -0.172296
     913     C        2          4.172296                             -0.172296
     914     C        2          4.172298                             -0.172298
     915     C        2          4.172298                             -0.172298
     916     C        2          3.972289                              0.027711
     917     C        2          3.972289                              0.027711
     918     H        1          0.795077                              0.204923
     919     H        1          0.795077                              0.204923
     920     C        2          4.079509                             -0.079509
     921     C        2          4.079509                             -0.079509
     922     C        2          3.961651                              0.038349
     923     C        2          3.961654                              0.038346
     924     C        2          4.079513                             -0.079513
     925     C        2          4.079513                             -0.079513
     926     H        1          0.795078                              0.204922
     927     H        1          0.795078                              0.204922
     928     C        2          3.972288                              0.027712
     929     C        2          3.972288                              0.027712
     930     C        2          4.172295                             -0.172295
     931     C        2          4.172295                             -0.172295
     932     C        2          4.172296                             -0.172296
     933     C        2          4.172296                             -0.172296
     934     C        2          3.972288                              0.027712
     935     C        2          3.972288                              0.027712
     936     H        1          0.795078                              0.204922
     937     H        1          0.795078                              0.204922
     938     C        2          4.079513                             -0.079513
     939     C        2          4.079513                             -0.079513
     940     C        2          3.961651                              0.038349
     941     C        2          3.961650                              0.038350
     942     C        2          4.079511                             -0.079511
     943     C        2          4.079511                             -0.079511
     944     H        1          0.795077                              0.204923
     945     H        1          0.795077                              0.204923
     946     C        2          3.972289                              0.027711
     947     C        2          3.972289                              0.027711
     948     C        2          4.172297                             -0.172297
     949     C        2          4.172297                             -0.172297
     950     C        2          4.172295                             -0.172295
     951     C        2          4.172295                             -0.172295
     952     C        2          3.972288                              0.027712
     953     C        2          3.972288                              0.027712
     954     H        1          0.795078                              0.204922
     955     H        1          0.795078                              0.204922
     956     C        2          4.079512                             -0.079512
     957     C        2          4.079512                             -0.079512
     958     C        2          3.961656                              0.038344
     959     C        2          3.961653                              0.038347
     960     C        2          4.079508                             -0.079508
     961     C        2          4.079508                             -0.079508
     962     H        1          0.795077                              0.204923
     963     H        1          0.795077                              0.204923
     964     C        2          3.972289                              0.027711
     965     C        2          3.972289                              0.027711
     966     C        2          4.172298                             -0.172298
     967     C        2          4.172298                             -0.172298
     968     C        2          4.172298                             -0.172298
     969     C        2          4.172298                             -0.172298
     970     C        2          3.972289                              0.027711
     971     C        2          3.972289                              0.027711
     972     H        1          0.795078                              0.204922
     973     H        1          0.795078                              0.204922
     974     C        2          4.079508                             -0.079508
     975     C        2          4.079508                             -0.079508
     976     C        2          3.961653                              0.038347
     977     C        2          3.961656                              0.038344
     978     C        2          4.079511                             -0.079511
     979     C        2          4.079511                             -0.079511
     980     H        1          0.795078                              0.204922
     981     H        1          0.795078                              0.204922
     982     C        2          3.972288                              0.027712
     983     C        2          3.972288                              0.027712
     984     C        2          4.172295                             -0.172295
     985     C        2          4.172295                             -0.172295
     986     C        2          4.172297                             -0.172297
     987     C        2          4.172297                             -0.172297
     988     C        2          3.972289                              0.027711
     989     C        2          3.972289                              0.027711
     990     H        1          0.795077                              0.204923
     991     H        1          0.795077                              0.204923
     992     C        2          4.079511                             -0.079511
     993     C        2          4.079511                             -0.079511
     994     C        2          3.961650                              0.038350
     995     C        2          3.961651                              0.038349
     996     C        2          4.079513                             -0.079513
     997     C        2          4.079513                             -0.079513
     998     H        1          0.795078                              0.204922
     999     H        1          0.795078                              0.204922
    1000     C        2          3.972288                              0.027712
    1001     C        2          3.972288                              0.027712
    1002     C        2          4.172296                             -0.172296
    1003     C        2          4.172296                             -0.172296
    1004     C        2          4.172295                             -0.172295
    1005     C        2          4.172295                             -0.172295
    1006     C        2          3.972288                              0.027712
    1007     C        2          3.972288                              0.027712
    1008     H        1          0.795078                              0.204922
    1009     H        1          0.795078                              0.204922
    1010     C        2          4.079513                             -0.079513
    1011     C        2          4.079513                             -0.079513
    1012     C        2          3.961654                              0.038346
    1013     C        2          3.961651                              0.038349
    1014     C        2          4.079509                             -0.079509
    1015     C        2          4.079509                             -0.079509
    1016     H        1          0.795077                              0.204923
    1017     H        1          0.795077                              0.204923
    1018     C        2          3.972289                              0.027711
    1019     C        2          3.972289                              0.027711
    1020     C        2          4.172298                             -0.172298
    1021     C        2          4.172298                             -0.172298
    1022     C        2          4.172296                             -0.172296
    1023     C        2          4.172296                             -0.172296
    1024     C        2          3.972288                              0.027712
    1025     C        2          3.972288                              0.027712
    1026     H        1          0.795078                              0.204922
    1027     H        1          0.795078                              0.204922
    1028     C        2          4.079509                             -0.079509
    1029     C        2          4.079509                             -0.079509
    1030     C        2          3.961655                              0.038345
    1031     C        2          3.961655                              0.038345
    1032     C        2          4.079509                             -0.079509
    1033     C        2          4.079509                             -0.079509
    1034     H        1          0.795078                              0.204922
    1035     H        1          0.795078                              0.204922
    1036     C        2          3.972288                              0.027712
    1037     C        2          3.972288                              0.027712
    1038     C        2          4.172296                             -0.172296
    1039     C        2          4.172296                             -0.172296
    1040     C        2          4.172298                             -0.172298
    1041     C        2          4.172298                             -0.172298
    1042     C        2          3.972289                              0.027711
    1043     C        2          3.972289                              0.027711
    1044     H        1          0.795077                              0.204923
    1045     H        1          0.795077                              0.204923
    1046     C        2          4.079509                             -0.079509
    1047     C        2          4.079509                             -0.079509
    1048     C        2          3.961651                              0.038349
    1049     C        2          3.961654                              0.038346
    1050     C        2          4.079513                             -0.079513
    1051     C        2          4.079513                             -0.079513
    1052     H        1          0.795078                              0.204922
    1053     H        1          0.795078                              0.204922
    1054     C        2          3.972288                              0.027712
    1055     C        2          3.972288                              0.027712
    1056     C        2          4.172295                             -0.172295
    1057     C        2          4.172295                             -0.172295
    1058     C        2          4.172296                             -0.172296
    1059     C        2          4.172296                             -0.172296
    1060     C        2          3.972288                              0.027712
    1061     C        2          3.972288                              0.027712
    1062     H        1          0.795078                              0.204922
    1063     H        1          0.795078                              0.204922
    1064     C        2          4.079513                             -0.079513
    1065     C        2          4.079513                             -0.079513
    1066     C        2          3.961651                              0.038349
    1067     C        2          3.961650                              0.038350
    1068     C        2          4.079511                             -0.079511
    1069     C        2          4.079511                             -0.079511
    1070     H        1          0.795077                              0.204923
    1071     H        1          0.795077                              0.204923
    1072     C        2          3.972289                              0.027711
    1073     C        2          3.972289                              0.027711
    1074     C        2          4.172297                             -0.172297
    1075     C        2          4.172297                             -0.172297
    1076     C        2          4.172295                             -0.172295
    1077     C        2          4.172295                             -0.172295
    1078     C        2          3.972288                              0.027712
    1079     C        2          3.972288                              0.027712
    1080     H        1          0.795078                              0.204922
    1081     H        1          0.795078                              0.204922
    1082     C        2          4.079512                             -0.079512
    1083     C        2          4.079512                             -0.079512
    1084     C        2          3.961656                              0.038344
    1085     C        2          3.961653                              0.038347
    1086     C        2          4.079508                             -0.079508
    1087     C        2          4.079508                             -0.079508
    1088     H        1          0.795077                              0.204923
    1089     H        1          0.795077                              0.204923
    1090     C        2          3.972289                              0.027711
    1091     C        2          3.972289                              0.027711
    1092     C        2          4.172298                             -0.172298
    1093     C        2          4.172298                             -0.172298
    1094     C        2          4.172298                             -0.172298
    1095     C        2          4.172298                             -0.172298
    1096     C        2          3.972289                              0.027711
    1097     C        2          3.972289                              0.027711
    1098     H        1          0.795077                              0.204923
    1099     H        1          0.795077                              0.204923
    1100     C        2          4.079508                             -0.079508
    1101     C        2          4.079508                             -0.079508
    1102     C        2          3.961653                              0.038347
    1103     C        2          3.961656                              0.038344
    1104     C        2          4.079512                             -0.079512
    1105     C        2          4.079512                             -0.079512
    1106     H        1          0.795078                              0.204922
    1107     H        1          0.795078                              0.204922
    1108     C        2          3.972288                              0.027712
    1109     C        2          3.972288                              0.027712
    1110     C        2          4.172295                             -0.172295
    1111     C        2          4.172295                             -0.172295
    1112     C        2          4.172297                             -0.172297
    1113     C        2          4.172297                             -0.172297
    1114     C        2          3.972289                              0.027711
    1115     C        2          3.972289                              0.027711
    1116     H        1          0.795077                              0.204923
    1117     H        1          0.795077                              0.204923
    1118     C        2          4.079511                             -0.079511
    1119     C        2          4.079511                             -0.079511
    1120     C        2          3.961650                              0.038350
    1121     C        2          3.961651                              0.038349
    1122     C        2          4.079513                             -0.079513
    1123     C        2          4.079513                             -0.079513
    1124     H        1          0.795078                              0.204922
    1125     H        1          0.795078                              0.204922
    1126     C        2          3.972288                              0.027712
    1127     C        2          3.972288                              0.027712
    1128     C        2          4.172296                             -0.172296
    1129     C        2          4.172296                             -0.172296
    1130     C        2          4.172295                             -0.172295
    1131     C        2          4.172295                             -0.172295
    1132     C        2          3.972288                              0.027712
    1133     C        2          3.972288                              0.027712
    1134     H        1          0.795078                              0.204922
    1135     H        1          0.795078                              0.204922
    1136     C        2          4.079513                             -0.079513
    1137     C        2          4.079513                             -0.079513
    1138     C        2          3.961654                              0.038346
    1139     C        2          3.961651                              0.038349
    1140     C        2          4.079509                             -0.079509
    1141     C        2          4.079509                             -0.079509
    1142     H        1          0.795077                              0.204923
    1143     H        1          0.795077                              0.204923
    1144     C        2          3.972289                              0.027711
    1145     C        2          3.972289                              0.027711
    1146     C        2          4.172298                             -0.172298
    1147     C        2          4.172298                             -0.172298
    1148     C        2          4.172296                             -0.172296
    1149     C        2          4.172296                             -0.172296
    1150     C        2          3.972288                              0.027712
    1151     C        2          3.972288                              0.027712
    1152     H        1          0.795078                              0.204922
    1153     H        1          0.795078                              0.204922
    1154     C        2          4.079509                             -0.079509
    1155     C        2          4.079509                             -0.079509
    1156     C        2          3.961655                              0.038345
    1157     C        2          3.961655                              0.038345
    1158     C        2          4.079509                             -0.079509
    1159     C        2          4.079509                             -0.079509
    1160     H        1          0.795078                              0.204922
    1161     H        1          0.795078                              0.204922
    1162     C        2          3.972288                              0.027712
    1163     C        2          3.972288                              0.027712
    1164     C        2          4.172296                             -0.172296
    1165     C        2          4.172296                             -0.172296
    1166     C        2          4.172298                             -0.172298
    1167     C        2          4.172298                             -0.172298
    1168     C        2          3.972289                              0.027711
    1169     C        2          3.972289                              0.027711
    1170     H        1          0.795077                              0.204923
    1171     H        1          0.795077                              0.204923
    1172     C        2          4.079509                             -0.079509
    1173     C        2          4.079509                             -0.079509
    1174     C        2          3.961651                              0.038349
    1175     C        2          3.961654                              0.038346
    1176     C        2          4.079513                             -0.079513
    1177     C        2          4.079513                             -0.079513
    1178     H        1          0.795078                              0.204922
    1179     H        1          0.795078                              0.204922
    1180     C        2          3.972288                              0.027712
    1181     C        2          3.972288                              0.027712
    1182     C        2          4.172295                             -0.172295
    1183     C        2          4.172295                             -0.172295
    1184     C        2          4.172296                             -0.172296
    1185     C        2          4.172296                             -0.172296
    1186     C        2          3.972288                              0.027712
    1187     C        2          3.972288                              0.027712
    1188     H        1          0.795078                              0.204922
    1189     H        1          0.795078                              0.204922
    1190     C        2          4.079513                             -0.079513
    1191     C        2          4.079513                             -0.079513
    1192     C        2          3.961651                              0.038349
    1193     C        2          3.961650                              0.038350
    1194     C        2          4.079511                             -0.079511
    1195     C        2          4.079511                             -0.079511
    1196     H        1          0.795077                              0.204923
    1197     H        1          0.795077                              0.204923
    1198     C        2          3.972289                              0.027711
    1199     C        2          3.972289                              0.027711
    1200     C        2          4.172297                             -0.172297
    1201     C        2          4.172297                             -0.172297
    1202     C        2          4.172295                             -0.172295
    1203     C        2          4.172295                             -0.172295
    1204     C        2          3.972288                              0.027712
    1205     C        2          3.972288                              0.027712
    1206     H        1          0.795078                              0.204922
    1207     H        1          0.795078                              0.204922
    1208     C        2          4.079512                             -0.079512
    1209     C        2          4.079512                             -0.079512
    1210     C        2          3.961656                              0.038344
    1211     C        2          3.961653                              0.038347
    1212     C        2          4.079508                             -0.079508
    1213     C        2          4.079508                             -0.079508
    1214     H        1          0.795077                              0.204923
    1215     H        1          0.795077                              0.204923
    1216     C        2          3.972289                              0.027711
    1217     C        2          3.972289                              0.027711
    1218     C        2          4.172298                             -0.172298
    1219     C        2          4.172298                             -0.172298
    1220     C        2          4.172298                             -0.172298
    1221     C        2          4.172298                             -0.172298
    1222     C        2          3.972289                              0.027711
    1223     C        2          3.972289                              0.027711
    1224     H        1          0.795077                              0.204923
    1225     H        1          0.795077                              0.204923
    1226     C        2          4.079508                             -0.079508
    1227     C        2          4.079508                             -0.079508
    1228     C        2          3.961653                              0.038347
    1229     C        2          3.961656                              0.038344
    1230     C        2          4.079512                             -0.079512
    1231     C        2          4.079512                             -0.079512
    1232     H        1          0.795078                              0.204922
    1233     H        1          0.795078                              0.204922
    1234     C        2          3.972288                              0.027712
    1235     C        2          3.972288                              0.027712
    1236     C        2          4.172295                             -0.172295
    1237     C        2          4.172295                             -0.172295
    1238     C        2          4.172297                             -0.172297
    1239     C        2          4.172297                             -0.172297
    1240     C        2          3.972289                              0.027711
    1241     C        2          3.972289                              0.027711
    1242     H        1          0.795077                              0.204923
    1243     H        1          0.795077                              0.204923
    1244     C        2          4.079511                             -0.079511
    1245     C        2          4.079511                             -0.079511
    1246     C        2          3.961650                              0.038350
    1247     C        2          3.961651                              0.038349
    1248     C        2          4.079513                             -0.079513
    1249     C        2          4.079513                             -0.079513
    1250     H        1          0.795078                              0.204922
    1251     H        1          0.795078                              0.204922
    1252     C        2          3.972288                              0.027712
    1253     C        2          3.972288                              0.027712
    1254     C        2          4.172296                             -0.172296
    1255     C        2          4.172296                             -0.172296
    1256     C        2          4.172295                             -0.172295
    1257     C        2          4.172295                             -0.172295
    1258     C        2          3.972288                              0.027712
    1259     C        2          3.972288                              0.027712
    1260     H        1          0.795078                              0.204922
    1261     H        1          0.795078                              0.204922
    1262     C        2          4.079513                             -0.079513
    1263     C        2          4.079513                             -0.079513
    1264     C        2          3.961654                              0.038346
    1265     C        2          3.961651                              0.038349
    1266     C        2          4.079509                             -0.079509
    1267     C        2          4.079509                             -0.079509
    1268     H        1          0.795077                              0.204923
    1269     H        1          0.795077                              0.204923
    1270     C        2          3.972289                              0.027711
    1271     C        2          3.972289                              0.027711
    1272     C        2          4.172298                             -0.172298
    1273     C        2          4.172298                             -0.172298
    1274     C        2          4.172296                             -0.172296
    1275     C        2          4.172296                             -0.172296
    1276     C        2          3.972288                              0.027712
    1277     C        2          3.972288                              0.027712
    1278     H        1          0.795078                              0.204922
    1279     H        1          0.795078                              0.204922
    1280     C        2          4.079509                             -0.079509
    1281     C        2          4.079509                             -0.079509
    1282     C        2          3.961655                              0.038345
    1283     C        2          3.961655                              0.038345
    1284     C        2          4.079509                             -0.079509
    1285     C        2          4.079509                             -0.079509
    1286     H        1          0.795078                              0.204922
    1287     H        1          0.795078                              0.204922
    1288     C        2          3.972288                              0.027712
    1289     C        2          3.972288                              0.027712
    1290     C        2          4.172296                             -0.172296
    1291     C        2          4.172296                             -0.172296
    1292     C        2          4.172298                             -0.172298
    1293     C        2          4.172298                             -0.172298
    1294     C        2          3.972289                              0.027711
    1295     C        2          3.972289                              0.027711
    1296     H        1          0.795077                              0.204923
    1297     H        1          0.795077                              0.204923
    1298     C        2          4.079509                             -0.079509
    1299     C        2          4.079509                             -0.079509
    1300     C        2          3.961651                              0.038349
    1301     C        2          3.961654                              0.038346
    1302     C        2          4.079513                             -0.079513
    1303     C        2          4.079513                             -0.079513
    1304     H        1          0.795078                              0.204922
    1305     H        1          0.795078                              0.204922
    1306     C        2          3.972288                              0.027712
    1307     C        2          3.972288                              0.027712
    1308     C        2          4.172295                             -0.172295
    1309     C        2          4.172295                             -0.172295
    1310     C        2          4.172296                             -0.172296
    1311     C        2          4.172296                             -0.172296
    1312     C        2          3.972288                              0.027712
    1313     C        2          3.972288                              0.027712
    1314     H        1          0.795078                              0.204922
    1315     H        1          0.795078                              0.204922
    1316     C        2          4.079513                             -0.079513
    1317     C        2          4.079513                             -0.079513
    1318     C        2          3.961651                              0.038349
    1319     C        2          3.961650                              0.038350
    1320     C        2          4.079511                             -0.079511
    1321     C        2          4.079511                             -0.079511
    1322     H        1          0.795077                              0.204923
    1323     H        1          0.795077                              0.204923
    1324     C        2          3.972289                              0.027711
    1325     C        2          3.972289                              0.027711
    1326     C        2          4.172297                             -0.172297
    1327     C        2          4.172297                             -0.172297
    1328     C        2          4.172295                             -0.172295
    1329     C        2          4.172295                             -0.172295
    1330     C        2          3.972288                              0.027712
    1331     C        2          3.972288                              0.027712
    1332     H        1          0.795078                              0.204922
    1333     H        1          0.795078                              0.204922
    1334     C        2          4.079511                             -0.079511
    1335     C        2          4.079511                             -0.079511
    1336     C        2          3.961656                              0.038344
    1337     C        2          3.961653                              0.038347
    1338     C        2          4.079508                             -0.079508
    1339     C        2          4.079508                             -0.079508
    1340     H        1          0.795078                              0.204922
    1341     H        1          0.795078                              0.204922
    1342     C        2          3.972289                              0.027711
    1343     C        2          3.972289                              0.027711
    1344     C        2          4.172298                             -0.172298
    1345     C        2          4.172298                             -0.172298
    1346     C        2          4.172298                             -0.172298
    1347     C        2          4.172298                             -0.172298
    1348     C        2          3.972289                              0.027711
    1349     C        2          3.972289                              0.027711
    1350     H        1          0.795077                              0.204923
    1351     H        1          0.795077                              0.204923
    1352     C        2          4.079508                             -0.079508
    1353     C        2          4.079508                             -0.079508
    1354     C        2          3.961653                              0.038347
    1355     C        2          3.961656                              0.038344
    1356     C        2          4.079512                             -0.079512
    1357     C        2          4.079512                             -0.079512
    1358     H        1          0.795078                              0.204922
    1359     H        1          0.795078                              0.204922
    1360     C        2          3.972288                              0.027712
    1361     C        2          3.972288                              0.027712
    1362     C        2          4.172295                             -0.172295
    1363     C        2          4.172295                             -0.172295
    1364     C        2          4.172297                             -0.172297
    1365     C        2          4.172297                             -0.172297
    1366     C        2          3.972289                              0.027711
    1367     C        2          3.972289                              0.027711
    1368     H        1          0.795077                              0.204923
    1369     H        1          0.795077                              0.204923
    1370     C        2          4.079511                             -0.079511
    1371     C        2          4.079511                             -0.079511
    1372     C        2          3.961650                              0.038350
    1373     C        2          3.961651                              0.038349
    1374     C        2          4.079513                             -0.079513
    1375     C        2          4.079513                             -0.079513
    1376     H        1          0.795078                              0.204922
    1377     H        1          0.795078                              0.204922
    1378     C        2          3.972288                              0.027712
    1379     C        2          3.972288                              0.027712
    1380     C        2          4.172296                             -0.172296
    1381     C        2          4.172296                             -0.172296
    1382     C        2          4.172295                             -0.172295
    1383     C        2          4.172295                             -0.172295
    1384     C        2          3.972288                              0.027712
    1385     C        2          3.972288                              0.027712
    1386     H        1          0.795078                              0.204922
    1387     H        1          0.795078                              0.204922
    1388     C        2          4.079513                             -0.079513
    1389     C        2          4.079513                             -0.079513
    1390     C        2          3.961654                              0.038346
    1391     C        2          3.961651                              0.038349
    1392     C        2          4.079509                             -0.079509
    1393     C        2          4.079509                             -0.079509
    1394     H        1          0.795077                              0.204923
    1395     H        1          0.795077                              0.204923
    1396     C        2          3.972289                              0.027711
    1397     C        2          3.972289                              0.027711
    1398     C        2          4.172298                             -0.172298
    1399     C        2          4.172298                             -0.172298
    1400     C        2          4.172296                             -0.172296
    1401     C        2          4.172296                             -0.172296
    1402     C        2          3.972288                              0.027712
    1403     C        2          3.972288                              0.027712
    1404     H        1          0.795078                              0.204922
    1405     H        1          0.795078                              0.204922
    1406     C        2          4.079509                             -0.079509
    1407     C        2          4.079509                             -0.079509
    1408     C        2          3.961655                              0.038345
    1409     C        2          3.961655                              0.038345
    1410     C        2          4.079509                             -0.079509
    1411     C        2          4.079509                             -0.079509
    1412     H        1          0.795078                              0.204922
    1413     H        1          0.795078                              0.204922
    1414     C        2          3.972288                              0.027712
    1415     C        2          3.972288                              0.027712
    1416     C        2          4.172296                             -0.172296
    1417     C        2          4.172296                             -0.172296
    1418     C        2          4.172298                             -0.172298
    1419     C        2          4.172298                             -0.172298
    1420     C        2          3.972289                              0.027711
    1421     C        2          3.972289                              0.027711
    1422     H        1          0.795077                              0.204923
    1423     H        1          0.795077                              0.204923
    1424     C        2          4.079509                             -0.079509
    1425     C        2          4.079509                             -0.079509
    1426     C        2          3.961651                              0.038349
    1427     C        2          3.961654                              0.038346
    1428     C        2          4.079513                             -0.079513
    1429     C        2          4.079513                             -0.079513
    1430     H        1          0.795078                              0.204922
    1431     H        1          0.795078                              0.204922
    1432     C        2          3.972288                              0.027712
    1433     C        2          3.972288                              0.027712
    1434     C        2          4.172295                             -0.172295
    1435     C        2          4.172295                             -0.172295
    1436     C        2          4.172296                             -0.172296
    1437     C        2          4.172296                             -0.172296
    1438     C        2          3.972288                              0.027712
    1439     C        2          3.972288                              0.027712
    1440     H        1          0.795078                              0.204922
    1441     H        1          0.795078                              0.204922
    1442     C        2          4.079513                             -0.079513
    1443     C        2          4.079513                             -0.079513
    1444     C        2          3.961651                              0.038349
    1445     C        2          3.961650                              0.038350
    1446     C        2          4.079511                             -0.079511
    1447     C        2          4.079511                             -0.079511
    1448     H        1          0.795077                              0.204923
    1449     H        1          0.795077                              0.204923
    1450     C        2          3.972289                              0.027711
    1451     C        2          3.972289                              0.027711
    1452     C        2          4.172298                             -0.172298
    1453     C        2          4.172298                             -0.172298
    1454     C        2          4.172295                             -0.172295
    1455     C        2          4.172295                             -0.172295
    1456     C        2          3.972288                              0.027712
    1457     C        2          3.972288                              0.027712
    1458     H        1          0.795078                              0.204922
    1459     H        1          0.795078                              0.204922
    1460     C        2          4.079512                             -0.079512
    1461     C        2          4.079512                             -0.079512
    1462     C        2          3.961655                              0.038345
    1463     C        2          3.961653                              0.038347
    1464     C        2          4.079508                             -0.079508
    1465     C        2          4.079508                             -0.079508
    1466     H        1          0.795078                              0.204922
    1467     H        1          0.795078                              0.204922
    1468     C        2          3.972289                              0.027711
    1469     C        2          3.972289                              0.027711
    1470     C        2          4.172298                             -0.172298
    1471     C        2          4.172298                             -0.172298
    1472     C        2          4.172298                             -0.172298
    1473     C        2          4.172298                             -0.172298
    1474     C        2          3.972289                              0.027711
    1475     C        2          3.972289                              0.027711
    1476     H        1          0.795077                              0.204923
    1477     H        1          0.795077                              0.204923
    1478     C        2          4.079508                             -0.079508
    1479     C        2          4.079508                             -0.079508
    1480     C        2          3.961653                              0.038347
    1481     C        2          3.961655                              0.038345
    1482     C        2          4.079512                             -0.079512
    1483     C        2          4.079512                             -0.079512
    1484     H        1          0.795078                              0.204922
    1485     H        1          0.795078                              0.204922
    1486     C        2          3.972288                              0.027712
    1487     C        2          3.972288                              0.027712
    1488     C        2          4.172295                             -0.172295
    1489     C        2          4.172295                             -0.172295
    1490     C        2          4.172297                             -0.172297
    1491     C        2          4.172297                             -0.172297
    1492     C        2          3.972289                              0.027711
    1493     C        2          3.972289                              0.027711
    1494     H        1          0.795077                              0.204923
    1495     H        1          0.795077                              0.204923
    1496     C        2          4.079511                             -0.079511
    1497     C        2          4.079511                             -0.079511
    1498     C        2          3.961650                              0.038350
    1499     C        2          3.961651                              0.038349
    1500     C        2          4.079513                             -0.079513
    1501     C        2          4.079513                             -0.079513
    1502     H        1          0.795078                              0.204922
    1503     H        1          0.795078                              0.204922
    1504     C        2          3.972288                              0.027712
    1505     C        2          3.972288                              0.027712
    1506     C        2          4.172296                             -0.172296
    1507     C        2          4.172296                             -0.172296
    1508     C        2          4.172295                             -0.172295
    1509     C        2          4.172295                             -0.172295
    1510     C        2          3.972288                              0.027712
    1511     C        2          3.972288                              0.027712
    1512     H        1          0.795078                              0.204922
    1513     H        1          0.795078                              0.204922
    1514     C        2          4.079513                             -0.079513
    1515     C        2          4.079513                             -0.079513
    1516     C        2          3.961654                              0.038346
    1517     C        2          3.961651                              0.038349
    1518     C        2          4.079509                             -0.079509
    1519     C        2          4.079509                             -0.079509
    1520     H        1          0.795077                              0.204923
    1521     H        1          0.795077                              0.204923
    1522     C        2          3.972289                              0.027711
    1523     C        2          3.972289                              0.027711
    1524     C        2          4.172298                             -0.172298
    1525     C        2          4.172298                             -0.172298
    1526     C        2          4.172296                             -0.172296
    1527     C        2          4.172296                             -0.172296
    1528     C        2          3.972288                              0.027712
    1529     C        2          3.972288                              0.027712
    1530     H        1          0.795078                              0.204922
    1531     H        1          0.795078                              0.204922
    1532     C        2          4.079509                             -0.079509
    1533     C        2          4.079509                             -0.079509
    1534     C        2          3.961655                              0.038345
    1535     C        2          3.961655                              0.038345
    1536     C        2          4.079509                             -0.079509
    1537     C        2          4.079509                             -0.079509
    1538     H        1          0.795078                              0.204922
    1539     H        1          0.795078                              0.204922
    1540     C        2          3.972288                              0.027712
    1541     C        2          3.972288                              0.027712
    1542     C        2          4.172296                             -0.172296
    1543     C        2          4.172296                             -0.172296
    1544     C        2          4.172298                             -0.172298
    1545     C        2          4.172298                             -0.172298
    1546     C        2          3.972289                              0.027711
    1547     C        2          3.972289                              0.027711
    1548     H        1          0.795077                              0.204923
    1549     H        1          0.795077                              0.204923
    1550     C        2          4.079509                             -0.079509
    1551     C        2          4.079509                             -0.079509
    1552     C        2          3.961651                              0.038349
    1553     C        2          3.961654                              0.038346
    1554     C        2          4.079514                             -0.079514
    1555     C        2          4.079514                             -0.079514
    1556     H        1          0.795078                              0.204922
    1557     H        1          0.795078                              0.204922
    1558     C        2          3.972288                              0.027712
    1559     C        2          3.972288                              0.027712
    1560     C        2          4.172295                             -0.172295
    1561     C        2          4.172295                             -0.172295
    1562     C        2          4.172296                             -0.172296
    1563     C        2          4.172296                             -0.172296
    1564     C        2          3.972288                              0.027712
    1565     C        2          3.972288                              0.027712
    1566     H        1          0.795078                              0.204922
    1567     H        1          0.795078                              0.204922
    1568     C        2          4.079513                             -0.079513
    1569     C        2          4.079513                             -0.079513
    1570     C        2          3.961651                              0.038349
    1571     C        2          3.961650                              0.038350
    1572     C        2          4.079511                             -0.079511
    1573     C        2          4.079511                             -0.079511
    1574     H        1          0.795077                              0.204923
    1575     H        1          0.795077                              0.204923
    1576     C        2          3.972289                              0.027711
    1577     C        2          3.972289                              0.027711
    1578     C        2          4.172298                             -0.172298
    1579     C        2          4.172298                             -0.172298
    1580     C        2          4.172295                             -0.172295
    1581     C        2          4.172295                             -0.172295
    1582     C        2          3.972288                              0.027712
    1583     C        2          3.972288                              0.027712
    1584     H        1          0.795078                              0.204922
    1585     H        1          0.795078                              0.204922
    1586     C        2          4.079511                             -0.079511
    1587     C        2          4.079511                             -0.079511
    1588     C        2          3.961656                              0.038344
    1589     C        2          3.961653                              0.038347
    1590     C        2          4.079508                             -0.079508
    1591     C        2          4.079508                             -0.079508
    1592     H        1          0.795078                              0.204922
    1593     H        1          0.795078                              0.204922
    1594     C        2          3.972289                              0.027711
    1595     C        2          3.972289                              0.027711
    1596     C        2          4.172298                             -0.172298
    1597     C        2          4.172298                             -0.172298
    1598     C        2          4.172298                             -0.172298
    1599     C        2          4.172298                             -0.172298
    1600     C        2          3.972289                              0.027711
    1601     C        2          3.972289                              0.027711
    1602     H        1          0.795077                              0.204923
    1603     H        1          0.795077                              0.204923
    1604     C        2          4.079508                             -0.079508
    1605     C        2          4.079508                             -0.079508
    1606     C        2          3.961653                              0.038347
    1607     C        2          3.961655                              0.038345
    1608     C        2          4.079512                             -0.079512
    1609     C        2          4.079512                             -0.079512
    1610     H        1          0.795078                              0.204922
    1611     H        1          0.795078                              0.204922
    1612     C        2          3.972288                              0.027712
    1613     C        2          3.972288                              0.027712
    1614     C        2          4.172295                             -0.172295
    1615     C        2          4.172295                             -0.172295
    1616     C        2          4.172297                             -0.172297
    1617     C        2          4.172297                             -0.172297
    1618     C        2          3.972289                              0.027711
    1619     C        2          3.972289                              0.027711
    1620     H        1          0.795077                              0.204923
    1621     H        1          0.795077                              0.204923
    1622     C        2          4.079512                             -0.079512
    1623     C        2          4.079512                             -0.079512
    1624     C        2          3.961650                              0.038350
    1625     C        2          3.961651                              0.038349
    1626     C        2          4.079513                             -0.079513
    1627     C        2          4.079513                             -0.079513
    1628     H        1          0.795078                              0.204922
    1629     H        1          0.795078                              0.204922
    1630     C        2          3.972288                              0.027712
    1631     C        2          3.972288                              0.027712
    1632     C        2          4.172296                             -0.172296
    1633     C        2          4.172296                             -0.172296
    1634     C        2          4.172295                             -0.172295
    1635     C        2          4.172295                             -0.172295
    1636     C        2          3.972288                              0.027712
    1637     C        2          3.972288                              0.027712
    1638     H        1          0.795078                              0.204922
    1639     H        1          0.795078                              0.204922
    1640     C        2          4.079514                             -0.079514
    1641     C        2          4.079514                             -0.079514
    1642     C        2          3.961654                              0.038346
    1643     C        2          3.961651                              0.038349
    1644     C        2          4.079509                             -0.079509
    1645     C        2          4.079509                             -0.079509
    1646     H        1          0.795077                              0.204923
    1647     H        1          0.795077                              0.204923
    1648     C        2          3.972289                              0.027711
    1649     C        2          3.972289                              0.027711
    1650     C        2          4.172299                             -0.172299
    1651     C        2          4.172299                             -0.172299
    1652     C        2          4.172297                             -0.172297
    1653     C        2          4.172297                             -0.172297
    1654     C        2          3.972288                              0.027712
    1655     C        2          3.972288                              0.027712
    1656     H        1          0.795078                              0.204922
    1657     H        1          0.795078                              0.204922
    1658     C        2          4.079509                             -0.079509
    1659     C        2          4.079509                             -0.079509
    1660     C        2          3.961654                              0.038346
    1661     C        2          3.961654                              0.038346
    1662     C        2          4.079510                             -0.079510
    1663     C        2          4.079510                             -0.079510
    1664     H        1          0.795078                              0.204922
    1665     H        1          0.795078                              0.204922
    1666     C        2          3.972288                              0.027712
    1667     C        2          3.972288                              0.027712
    1668     C        2          4.172297                             -0.172297
    1669     C        2          4.172297                             -0.172297
    1670     C        2          4.172299                             -0.172299
    1671     C        2          4.172299                             -0.172299
    1672     C        2          3.972289                              0.027711
    1673     C        2          3.972289                              0.027711
    1674     H        1          0.795077                              0.204923
    1675     H        1          0.795077                              0.204923
    1676     C        2          4.079509                             -0.079509
    1677     C        2          4.079509                             -0.079509
    1678     C        2          3.961651                              0.038349
    1679     C        2          3.961653                              0.038347
    1680     C        2          4.079514                             -0.079514
    1681     C        2          4.079514                             -0.079514
    1682     H        1          0.795078                              0.204922
    1683     H        1          0.795078                              0.204922
    1684     C        2          3.972288                              0.027712
    1685     C        2          3.972288                              0.027712
    1686     C        2          4.172296                             -0.172296
    1687     C        2          4.172296                             -0.172296
    1688     C        2          4.172296                             -0.172296
    1689     C        2          4.172296                             -0.172296
    1690     C        2          3.972288                              0.027712
    1691     C        2          3.972288                              0.027712
    1692     H        1          0.795078                              0.204922
    1693     H        1          0.795078                              0.204922
    1694     C        2          4.079514                             -0.079514
    1695     C        2          4.079514                             -0.079514
    1696     C        2          3.961651                              0.038349
    1697     C        2          3.961649                              0.038351
    1698     C        2          4.079511                             -0.079511
    1699     C        2          4.079511                             -0.079511
    1700     H        1          0.795077                              0.204923
    1701     H        1          0.795077                              0.204923
    1702     C        2          3.972289                              0.027711
    1703     C        2          3.972289                              0.027711
    1704     C        2          4.172298                             -0.172298
    1705     C        2          4.172298                             -0.172298
    1706     C        2          4.172296                             -0.172296
    1707     C        2          4.172296                             -0.172296
    1708     C        2          3.972288                              0.027712
    1709     C        2          3.972288                              0.027712
    1710     H        1          0.795078                              0.204922
    1711     H        1          0.795078                              0.204922
    1712     C        2          4.079511                             -0.079511
    1713     C        2          4.079511                             -0.079511
    1714     C        2          3.961656                              0.038344
    1715     C        2          3.961653                              0.038347
    1716     C        2          4.079508                             -0.079508
    1717     C        2          4.079508                             -0.079508
    1718     H        1          0.795078                              0.204922
    1719     H        1          0.795078                              0.204922
    1720     C        2          3.972289                              0.027711
    1721     C        2          3.972289                              0.027711
    1722     C        2          4.172298                             -0.172298
    1723     C        2          4.172298                             -0.172298
    1724     C        2          4.172298                             -0.172298
    1725     C        2          4.172298                             -0.172298
    1726     C        2          3.972289                              0.027711
    1727     C        2          3.972289                              0.027711
    1728     H        1          0.795077                              0.204923
    1729     H        1          0.795077                              0.204923
    1730     C        2          4.079508                             -0.079508
    1731     C        2          4.079508                             -0.079508
    1732     C        2          3.961653                              0.038347
    1733     C        2          3.961656                              0.038344
    1734     C        2          4.079512                             -0.079512
    1735     C        2          4.079512                             -0.079512
    1736     H        1          0.795079                              0.204921
    1737     H        1          0.795079                              0.204921
    1738     C        2          3.972288                              0.027712
    1739     C        2          3.972288                              0.027712
    1740     C        2          4.172295                             -0.172295
    1741     C        2          4.172295                             -0.172295
    1742     C        2          4.172297                             -0.172297
    1743     C        2          4.172297                             -0.172297
    1744     C        2          3.972289                              0.027711
    1745     C        2          3.972289                              0.027711
    1746     H        1          0.795077                              0.204923
    1747     H        1          0.795077                              0.204923
    1748     C        2          4.079512                             -0.079512
    1749     C        2          4.079512                             -0.079512
    1750     C        2          3.961650                              0.038350
    1751     C        2          3.961651                              0.038349
    1752     C        2          4.079513                             -0.079513
    1753     C        2          4.079513                             -0.079513
    1754     H        1          0.795078                              0.204922
    1755     H        1          0.795078                              0.204922
    1756     C        2          3.972289                              0.027711
    1757     C        2          3.972289                              0.027711
    1758     C        2          4.172296                             -0.172296
    1759     C        2          4.172296                             -0.172296
    1760     C        2          4.172295                             -0.172295
    1761     C        2          4.172295                             -0.172295
    1762     C        2          3.972288                              0.027712
    1763     C        2          3.972288                              0.027712
    1764     H        1          0.795078                              0.204922
    1765     H        1          0.795078                              0.204922
    1766     C        2          4.079514                             -0.079514
    1767     C        2          4.079514                             -0.079514
    1768     C        2          3.961654                              0.038346
    1769     C        2          3.961651                              0.038349
    1770     C        2          4.079509                             -0.079509
    1771     C        2          4.079509                             -0.079509
    1772     H        1          0.795077                              0.204923
    1773     H        1          0.795077                              0.204923
    1774     C        2          3.972289                              0.027711
    1775     C        2          3.972289                              0.027711
    1776     C        2          4.172299                             -0.172299
    1777     C        2          4.172299                             -0.172299
    1778     C        2          4.172297                             -0.172297
    1779     C        2          4.172297                             -0.172297
    1780     C        2          3.972288                              0.027712
    1781     C        2          3.972288                              0.027712
    1782     H        1          0.795077                              0.204923
    1783     H        1          0.795077                              0.204923
    1784     C        2          4.079510                             -0.079510
    1785     C        2          4.079510                             -0.079510
    1786     C        2          3.961653                              0.038347
    1787     C        2          3.961653                              0.038347
    1788     C        2          4.079510                             -0.079510
    1789     C        2          4.079510                             -0.079510
    1790     H        1          0.795078                              0.204922
    1791     H        1          0.795078                              0.204922
    1792     C        2          3.972287                              0.027713
    1793     C        2          3.972287                              0.027713
    1794     C        2          4.172299                             -0.172299
    1795     C        2          4.172299                             -0.172299
    1796     C        2          4.172300                             -0.172300
    1797     C        2          4.172300                             -0.172300
    1798     C        2          3.972288                              0.027712
    1799     C        2          3.972288                              0.027712
    1800     H        1          0.795076                              0.204924
    1801     H        1          0.795076                              0.204924
    1802     C        2          4.079511                             -0.079511
    1803     C        2          4.079511                             -0.079511
    1804     C        2          3.961648                              0.038352
    1805     C        2          3.961651                              0.038349
    1806     C        2          4.079515                             -0.079515
    1807     C        2          4.079515                             -0.079515
    1808     H        1          0.795077                              0.204923
    1809     H        1          0.795077                              0.204923
    1810     C        2          3.972287                              0.027713
    1811     C        2          3.972287                              0.027713
    1812     C        2          4.172299                             -0.172299
    1813     C        2          4.172299                             -0.172299
    1814     C        2          4.172299                             -0.172299
    1815     C        2          4.172299                             -0.172299
    1816     C        2          3.972287                              0.027713
    1817     C        2          3.972287                              0.027713
    1818     H        1          0.795077                              0.204923
    1819     H        1          0.795077                              0.204923
    1820     C        2          4.079515                             -0.079515
    1821     C        2          4.079515                             -0.079515
    1822     C        2          3.961649                              0.038351
    1823     C        2          3.961646                              0.038354
    1824     C        2          4.079513                             -0.079513
    1825     C        2          4.079513                             -0.079513
    1826     H        1          0.795077                              0.204923
    1827     H        1          0.795077                              0.204923
    1828     C        2          3.972288                              0.027712
    1829     C        2          3.972288                              0.027712
    1830     C        2          4.172301                             -0.172301
    1831     C        2          4.172301                             -0.172301
    1832     C        2          4.172299                             -0.172299
    1833     C        2          4.172299                             -0.172299
    1834     C        2          3.972287                              0.027713
    1835     C        2          3.972287                              0.027713
    1836     H        1          0.795078                              0.204922
    1837     H        1          0.795078                              0.204922
    1838     C        2          4.079511                             -0.079511
    1839     C        2          4.079511                             -0.079511
    1840     C        2          3.961656                              0.038344
    1841     C        2          3.961651                              0.038349
    1842     C        2          4.079509                             -0.079509
    1843     C        2          4.079509                             -0.079509
    1844     H        1          0.795078                              0.204922
    1845     H        1          0.795078                              0.204922
    1846     C        2          3.972289                              0.027711
    1847     C        2          3.972289                              0.027711
    1848     C        2          4.172298                             -0.172298
    1849     C        2          4.172298                             -0.172298
    1850     C        2          4.172298                             -0.172298
    1851     C        2          4.172298                             -0.172298
    1852     C        2          3.972289                              0.027711
    1853     C        2          3.972289                              0.027711
    1854     H        1          0.795078                              0.204922
    1855     H        1          0.795078                              0.204922
    1856     C        2          4.079505                             -0.079505
    1857     C        2          4.079505                             -0.079505
    1858     C        2          3.961658                              0.038342
    1859     C        2          3.961658                              0.038342
    1860     C        2          4.079510                             -0.079510
    1861     C        2          4.079510                             -0.079510
    1862     H        1          0.795081                              0.204919
    1863     H        1          0.795081                              0.204919
    1864     C        2          3.972291                              0.027709
    1865     C        2          3.972291                              0.027709
    1866     C        2          4.172290                             -0.172290
    1867     C        2          4.172290                             -0.172290
    1868     C        2          4.172292                             -0.172292
    1869     C        2          4.172292                             -0.172292
    1870     C        2          3.972292                              0.027708
    1871     C        2          3.972292                              0.027708
    1872     H        1          0.795079                              0.204921
    1873     H        1          0.795079                              0.204921
    1874     C        2          4.079507                             -0.079507
    1875     C        2          4.079507                             -0.079507
    1876     C        2          3.961659                              0.038341
    1877     C        2          3.961659                              0.038341
    1878     C        2          4.079509                             -0.079509
    1879     C        2          4.079509                             -0.079509
    1880     H        1          0.795081                              0.204919
    1881     H        1          0.795081                              0.204919
    1882     C        2          3.972294                              0.027706
    1883     C        2          3.972294                              0.027706
    1884     C        2          4.172287                             -0.172287
    1885     C        2          4.172287                             -0.172287
    1886     C        2          4.172285                             -0.172285
    1887     C        2          4.172285                             -0.172285
    1888     C        2          3.972294                              0.027706
    1889     C        2          3.972294                              0.027706
    1890     H        1          0.795080                              0.204920
    1891     H        1          0.795080                              0.204920
    1892     C        2          4.079510                             -0.079510
    1893     C        2          4.079510                             -0.079510
    1894     C        2          3.961663                              0.038337
    1895     C        2          3.961663                              0.038337
    1896     C        2          4.079504                             -0.079504
    1897     C        2          4.079504                             -0.079504
    1898     H        1          0.795080                              0.204920
    1899     H        1          0.795080                              0.204920
    1900     C        2          3.972294                              0.027706
    1901     C        2          3.972294                              0.027706
    1902     C        2          4.172292                             -0.172292
    1903     C        2          4.172292                             -0.172292
    1904     C        2          4.172288                             -0.172288
    1905     C        2          4.172288                             -0.172288
    1906     C        2          3.972294                              0.027706
    1907     C        2          3.972294                              0.027706
    1908     H        1          0.795077                              0.204923
    1909     H        1          0.795077                              0.204923
    1910     C        2          4.079513                             -0.079513
    1911     C        2          4.079513                             -0.079513
    1912     C        2          3.961653                              0.038347
    1913     C        2          3.961661                              0.038339
    1914     C        2          4.079509                             -0.079509
    1915     C        2          4.079509                             -0.079509
    1916     H        1          0.795077                              0.204923
    1917     H        1          0.795077                              0.204923
    1918     C        2          3.972287                              0.027713
    1919     C        2          3.972287                              0.027713
    1920     C        2          4.172302                             -0.172302
    1921     C        2          4.172302                             -0.172302
    1922     C        2          4.172303                             -0.172303
    1923     C        2          4.172303                             -0.172303
    1924     C        2          3.972290                              0.027710
    1925     C        2          3.972290                              0.027710
    1926     H        1          0.795071                              0.204929
    1927     H        1          0.795071                              0.204929
    1928     C        2          4.079523                             -0.079523
    1929     C        2          4.079523                             -0.079523
    1930     C        2          3.961631                              0.038369
    1931     C        2          3.961643                              0.038357
    1932     C        2          4.079522                             -0.079522
    1933     C        2          4.079522                             -0.079522
    1934     H        1          0.795071                              0.204929
    1935     H        1          0.795071                              0.204929
    1936     C        2          3.972276                              0.027724
    1937     C        2          3.972276                              0.027724
    1938     C        2          4.172322                             -0.172322
    1939     C        2          4.172322                             -0.172322
    1940     C        2          4.172322                             -0.172322
    1941     C        2          4.172322                             -0.172322
    1942     C        2          3.972277                              0.027723
    1943     C        2          3.972277                              0.027723
    1944     H        1          0.795066                              0.204934
    1945     H        1          0.795066                              0.204934
    1946     C        2          4.079534                             -0.079534
    1947     C        2          4.079534                             -0.079534
    1948     C        2          3.961613                              0.038387
    1949     C        2          3.961614                              0.038386
    1950     C        2          4.079529                             -0.079529
    1951     C        2          4.079529                             -0.079529
    1952     H        1          0.795066                              0.204934
    1953     H        1          0.795066                              0.204934
    1954     C        2          3.972267                              0.027733
    1955     C        2          3.972267                              0.027733
    1956     C        2          4.172341                             -0.172341
    1957     C        2          4.172341                             -0.172341
    1958     C        2          4.172339                             -0.172339
    1959     C        2          4.172339                             -0.172339
    1960     C        2          3.972265                              0.027735
    1961     C        2          3.972265                              0.027735
    1962     H        1          0.795066                              0.204934
    1963     H        1          0.795066                              0.204934
    1964     C        2          4.079527                             -0.079527
    1965     C        2          4.079527                             -0.079527
    1966     C        2          3.961614                              0.038386
    1967     C        2          3.961601                              0.038399
    1968     C        2          4.079530                             -0.079530
    1969     C        2          4.079530                             -0.079530
    1970     H        1          0.795068                              0.204932
    1971     H        1          0.795068                              0.204932
    1972     C        2          3.972267                              0.027733
    1973     C        2          3.972267                              0.027733
    1974     C        2          4.172333                             -0.172333
    1975     C        2          4.172333                             -0.172333
    1976     C        2          4.172336                             -0.172336
    1977     C        2          4.172336                             -0.172336
    1978     C        2          3.972264                              0.027736
    1979     C        2          3.972264                              0.027736
    1980     H        1          0.795074                              0.204926
    1981     H        1          0.795074                              0.204926
    1982     C        2          4.079503                             -0.079503
    1983     C        2          4.079503                             -0.079503
    1984     C        2          3.961643                              0.038357
    1985     C        2          3.961619                              0.038381
    1986     C        2          4.079523                             -0.079523
    1987     C        2          4.079523                             -0.079523
    1988     H        1          0.795082                              0.204918
    1989     H        1          0.795082                              0.204918
    1990     C        2          3.972288                              0.027712
    1991     C        2          3.972288                              0.027712
    1992     C        2          4.172287                             -0.172287
    1993     C        2          4.172287                             -0.172287
    1994     C        2          4.172294                             -0.172294
    1995     C        2          4.172294                             -0.172294
    1996     C        2          3.972285                              0.027715
    1997     C        2          3.972285                              0.027715
    1998     H        1          0.795092                              0.204908
    1999     H        1          0.795092                              0.204908
    2000     C        2          4.079474                             -0.079474
    2001     C        2          4.079474                             -0.079474
    2002     C        2          3.961711                              0.038289
    2003     C        2          3.961679                              0.038321
    2004     C        2          4.079498                             -0.079498
    2005     C        2          4.079498                             -0.079498
    2006     H        1          0.795102                              0.204898
    2007     H        1          0.795102                              0.204898
    2008     C        2          3.972332                              0.027668
    2009     C        2          3.972332                              0.027668
    2010     C        2          4.172218                             -0.172218
    2011     C        2          4.172218                             -0.172218
    2012     C        2          4.172223                             -0.172223
    2013     C        2          4.172223                             -0.172223
    2014     C        2          3.972329                              0.027671
    2015     C        2          3.972329                              0.027671
    2016     H        1          0.795110                              0.204890
    2017     H        1          0.795110                              0.204890
    2018     C        2          4.079449                             -0.079449
    2019     C        2          4.079449                             -0.079449
    2020     C        2          3.961799                              0.038201
    2021     C        2          3.961779                              0.038221
    2022     C        2          4.079460                             -0.079460
    2023     C        2          4.079460                             -0.079460
    2024     H        1          0.795119                              0.204881
    2025     H        1          0.795119                              0.204881
    2026     C        2          3.972376                              0.027624
    2027     C        2          3.972376                              0.027624
    2028     C        2          4.172167                             -0.172167
    2029     C        2          4.172167                             -0.172167
    2030     C        2          4.172164                             -0.172164
    2031     C        2          4.172164                             -0.172164
    2032     C        2          3.972376                              0.027624
    2033     C        2          3.972376                              0.027624
    2034     H        1          0.795112                              0.204888
    2035     H        1          0.795112                              0.204888
    2036     C        2          4.079450                             -0.079450
    2037     C        2          4.079450                             -0.079450
    2038     C        2          3.961831                              0.038169
    2039     C        2          3.961855                              0.038145
    2040     C        2          4.079437                             -0.079437
    2041     C        2          4.079437                             -0.079437
    2042     H        1          0.795118                              0.204882
    2043     H        1          0.795118                              0.204882
    2044     C        2          3.972373                              0.027627
    2045     C        2          3.972373                              0.027627
    2046     C        2          4.172189                             -0.172189
    2047     C        2          4.172189                             -0.172189
    2048     C        2          4.172168                             -0.172168
    2049     C        2          4.172168                             -0.172168
    2050     C        2          3.972383                              0.027617
    2051     C        2          3.972383                              0.027617
    2052     H        1          0.795085                              0.204915
    2053     H        1          0.795085                              0.204915
    2054     C        2          4.079513                             -0.079513
    2055     C        2          4.079513                             -0.079513
    2056     C        2          3.961722                              0.038278
    2057     C        2          3.961799                              0.038201
    2058     C        2          4.079457                             -0.079457
    2059     C        2          4.079457                             -0.079457
    2060     H        1          0.795086                              0.204914
    2061     H        1          0.795086                              0.204914
    2062     C        2          3.972288                              0.027712
    2063     C        2          3.972288                              0.027712
    2064     C        2          4.172328                             -0.172328
    2065     C        2          4.172328                             -0.172328
    2066     C        2          4.172278                             -0.172278
    2067     C        2          4.172278                             -0.172278
    2068     C        2          3.972305                              0.027695
    2069     C        2          3.972305                              0.027695
    2070     H        1          0.795031                              0.204969
    2071     H        1          0.795031                              0.204969
    2072     C        2          4.079634                             -0.079634
    2073     C        2          4.079634                             -0.079634
    2074     C        2          3.961437                              0.038563
    2075     C        2          3.961547                              0.038453
    2076     C        2          4.079540                             -0.079540
    2077     C        2          4.079540                             -0.079540
    2078     H        1          0.795025                              0.204975
    2079     H        1          0.795025                              0.204975
    2080     C        2          3.972129                              0.027871
    2081     C        2          3.972129                              0.027871
    2082     C        2          4.172562                             -0.172562
    2083     C        2          4.172562                             -0.172562
    2084     C        2          4.172516                             -0.172516
    2085     C        2          4.172516                             -0.172516
    2086     C        2          3.972145                              0.027855
    2087     C        2          3.972145                              0.027855
    2088     H        1          0.794971                              0.205029
    2089     H        1          0.794971                              0.205029
    2090     C        2          4.079763                             -0.079763
    2091     C        2          4.079763                             -0.079763
    2092     C        2          3.961073                              0.038927
    2093     C        2          3.961167                              0.038833
    2094     C        2          4.079688                             -0.079688
    2095     C        2          4.079688                             -0.079688
    2096     H        1          0.794950                              0.205050
    2097     H        1          0.794950                              0.205050
    2098     C        2          3.971972                              0.028028
    2099     C        2          3.971972                              0.028028
    2100     C        2          4.172783                             -0.172783
    2101     C        2          4.172783                             -0.172783
    2102     C        2          4.172816                             -0.172816
    2103     C        2          4.172816                             -0.172816
    2104     C        2          3.971975                              0.028025
    2105     C        2          3.971975                              0.028025
    2106     H        1          0.794931                              0.205069
    2107     H        1          0.794931                              0.205069
    2108     C        2          4.079808                             -0.079808
    2109     C        2          4.079808                             -0.079808
    2110     C        2          3.960910                              0.039090
    2111     C        2          3.960906                              0.039094
    2112     C        2          4.079851                             -0.079851
    2113     C        2          4.079851                             -0.079851
    2114     H        1          0.794892                              0.205108
    2115     H        1          0.794892                              0.205108
    2116     C        2          3.971971                              0.028029
    2117     C        2          3.971971                              0.028029
    2118     C        2          4.172835                             -0.172835
    2119     C        2          4.172835                             -0.172835
    2120     C        2          4.172975                             -0.172975
    2121     C        2          4.172975                             -0.172975
    2122     C        2          3.971931                              0.028069
    2123     C        2          3.971931                              0.028069
    2124     H        1          0.794946                              0.205054
    2125     H        1          0.794946                              0.205054
    2126     C        2          4.079638                             -0.079638
    2127     C        2          4.079638                             -0.079638
    2128     C        2          3.961330                              0.038670
    2129     C        2          3.961113                              0.038887
    2130     C        2          4.079867                             -0.079867
    2131     C        2          4.079867                             -0.079867
    2132     H        1          0.794930                              0.205070
    2133     H        1          0.794930                              0.205070
    2134     C        2          3.972243                              0.027757
    2135     C        2          3.972243                              0.027757
    2136     C        2          4.172520                             -0.172520
    2137     C        2          4.172520                             -0.172520
    2138     C        2          4.172707                             -0.172707
    2139     C        2          4.172707                             -0.172707
    2140     C        2          3.972172                              0.027828
    2141     C        2          3.972172                              0.027828
    2142     H        1          0.795066                              0.204934
    2143     H        1          0.795066                              0.204934
    2144     C        2          4.079184                             -0.079184
    2145     C        2          4.079184                             -0.079184
    2146     C        2          3.962479                              0.037521
    2147     C        2          3.961959                              0.038041
    2148     C        2          4.079563                             -0.079563
    2149     C        2          4.079563                             -0.079563
    2150     H        1          0.795177                              0.204823
    2151     H        1          0.795177                              0.204823
    2152     C        2          3.972787                              0.027213
    2153     C        2          3.972787                              0.027213
    2154     C        2          4.171701                             -0.171701
    2155     C        2          4.171701                             -0.171701
    2156     C        2          4.171722                             -0.171722
    2157     C        2          4.171722                             -0.171722
    2158     C        2          3.972738                              0.027262
    2159     C        2          3.972738                              0.027262
    2160     H        1          0.795378                              0.204622
    2161     H        1          0.795378                              0.204622
    2162     C        2          4.078553                             -0.078553
    2163     C        2          4.078553                             -0.078553
    2164     C        2          3.963869                              0.036131
    2165     C        2          3.963205                              0.036795
    2166     C        2          4.078891                             -0.078891
    2167     C        2          4.078891                             -0.078891
    2168     H        1          0.795683                              0.204317
    2169     H        1          0.795683                              0.204317
    2170     C        2          3.973399                              0.026601
    2171     C        2          3.973399                              0.026601
    2172     C        2          4.170520                             -0.170520
    2173     C        2          4.170520                             -0.170520
    2174     C        2          4.170171                             -0.170171
    2175     C        2          4.170171                             -0.170171
    2176     C        2          3.973408                              0.026592
    2177     C        2          3.973408                              0.026592
    2178     H        1          0.795868                              0.204132
    2179     H        1          0.795868                              0.204132
    2180     C        2          4.078203                             -0.078203
    2181     C        2          4.078203                             -0.078203
    2182     C        2          3.964337                              0.035663
    2183     C        2          3.964083                              0.035917
    2184     C        2          4.078117                             -0.078117
    2185     C        2          4.078117                             -0.078117
    2186     H        1          0.796210                              0.203790
    2187     H        1          0.796210                              0.203790
    2188     C        2          3.973600                              0.026400
    2189     C        2          3.973600                              0.026400
    2190     C        2          4.169646                             -0.169646
    2191     C        2          4.169646                             -0.169646
    2192     C        2          4.169158                             -0.169158
    2193     C        2          4.169158                             -0.169158
    2194     C        2          3.973672                              0.026328
    2195     C        2          3.973672                              0.026328
    2196     H        1          0.796130                              0.203870
    2197     H        1          0.796130                              0.203870
    2198     C        2          4.078731                             -0.078731
    2199     C        2          4.078731                             -0.078731
    2200     C        2          3.962746                              0.037254
    2201     C        2          3.963768                              0.036232
    2202     C        2          4.077842                             -0.077842
    2203     C        2          4.077842                             -0.077842
    2204     H        1          0.796031                              0.203969
    2205     H        1          0.796031                              0.203969
    2206     C        2          3.972681                              0.027319
    2207     C        2          3.972681                              0.027319
    2208     C        2          4.170660                             -0.170660
    2209     C        2          4.170660                             -0.170660
    2210     C        2          4.170788                             -0.170788
    2211     C        2          4.170788                             -0.170788
    2212     C        2          3.972811                              0.027189
    2213     C        2          3.972811                              0.027189
    2214     H        1          0.795241                              0.204759
    2215     H        1          0.795241                              0.204759
    2216     C        2          4.080494                             -0.080494
    2217     C        2          4.080494                             -0.080494
    2218     C        2          3.958975                              0.041025
    2219     C        2          3.961805                              0.038195
    2220     C        2          4.078879                             -0.078879
    2221     C        2          4.078879                             -0.078879
    2222     H        1          0.794311                              0.205689
    2223     H        1          0.794311                              0.205689
    2224     C        2          3.970418                              0.029582
    2225     C        2          3.970418                              0.029582
    2226     C        2          4.175312                             -0.175312
    2227     C        2          4.175312                             -0.175312
    2228     C        2          4.175884                             -0.175884
    2229     C        2          4.175884                             -0.175884
    2230     C        2          3.970427                              0.029573
    2231     C        2          3.970427                              0.029573
    2232     H        1          0.792641                              0.207359
    2233     H        1          0.792641                              0.207359
    2234     C        2          4.083176                             -0.083176
    2235     C        2          4.083176                             -0.083176
    2236     C        2          3.954604                              0.045396
    2237     C        2          3.957762                              0.042238
    2238     C        2          4.081650                             -0.081650
    2239     C        2          4.081650                             -0.081650
    2240     H        1          0.791356                              0.208644
    2241     H        1          0.791356                              0.208644
    2242     C        2          3.967430                              0.032570
    2243     C        2          3.967430                              0.032570
    2244     C        2          4.182491                             -0.182491
    2245     C        2          4.182491                             -0.182491
    2246     C        2          4.181764                             -0.181764
    2247     C        2          4.181763                             -0.181763
    2248     C        2          3.967513                              0.032487
    2249     C        2          3.967513                              0.032487
    2250     H        1          0.789562                              0.210438
    2251     H        1          0.789562                              0.210438
    2252     C        2          4.085067                             -0.085067
    2253     C        2          4.085067                             -0.085067
    2254     C        2          3.952256                              0.047744
    2255     C        2          3.951276                              0.048724
    2256     C        2          4.084936                             -0.084936
    2257     C        2          4.084936                             -0.084936
    2258     H        1          0.789798                              0.210202
    2259     H        1          0.789798                              0.210202
    2260     C        2          3.965466                              0.034534
    2261     C        2          3.965466                              0.034534
    2262     C        2          4.185990                             -0.185990
    2263     C        2          4.185990                             -0.185990
    2264     C        2          4.181612                             -0.181612
    2265     C        2          4.181612                             -0.181612
    2266     C        2          3.965808                              0.034192
    2267     C        2          3.965808                              0.034192
    2268     H        1          0.788938                              0.211062
    2269     H        1          0.788938                              0.211062
    2270     C        2          4.082652                             -0.082652
    2271     C        2          4.082652                             -0.082652
    2272     C        2          3.952205                              0.047795
    2273     C        2          3.941915                              0.058085
    2274     C        2          4.086216                             -0.086216
    2275     C        2          4.086216                             -0.086216
    2276     H        1          0.793389                              0.206611
    2277     H        1          0.793389                              0.206611
    2278     C        2          3.965634                              0.034366
    2279     C        2          3.965634                              0.034366
    2280     C        2          4.178963                             -0.178963
    2281     C        2          4.178963                             -0.178963
    2282     C        2          4.168913                             -0.168913
    2283     C        2          4.168913                             -0.168913
    2284     C        2          3.965144                              0.034856
    2285     C        2          3.965144                              0.034856
    2286     H        1          0.787484                              0.212516
    2287     H        1          0.787484                              0.212516
    2288     C        2          4.069991                             -0.069991
    2289     C        2          4.069991                             -0.069991
    2290     C        2          3.954797                              0.045203
    2291     C        2          3.930319                              0.069681
    2292     C        2          4.101729                             -0.101729
    2293     C        2          4.101729                             -0.101729
    2294     H        1          0.797669                              0.202331
    2295     H        1          0.797669                              0.202331
    2296     C        2          3.954576                              0.045424
    2297     C        2          3.954576                              0.045424
    2298     C        2          4.178039                             -0.178039
    2299     C        2          4.178039                             -0.178039
    2300     C        2          4.253655                             -0.253655
    2301     C        2          4.253655                             -0.253655
    2302     C        2          4.041126                             -0.041126
    2303     C        2          4.041126                             -0.041126
    2304     H        1          0.761042                              0.238958
    2305     H        1          0.761042                              0.238958
    2306     C        2          4.193704                             -0.193704
    2307     C        2          4.193704                             -0.193704
    2308     C        2          4.622122                             -0.622122
    2309     H        1          0.694702                              0.305298
    2310     H        1          0.694702                              0.305298
    2311     H        1          0.787647                              0.212353
    2312     H        1          0.787647                              0.212353
 # Total charge                           7688.000000                 -0.000000

 !-----------------------------------------------------------------------------!

 !-----------------------------------------------------------------------------!
                           Hirshfeld Charges

  #Atom  Element  Kind  Ref Charge     Population                    Net charge
      1       H      1       1.000          0.550                         0.450
      2       H      1       1.000          0.550                         0.450
      3       H      1       1.000          0.550                         0.450
      4       H      1       1.000          0.550                         0.450
      5       C      2       4.000          4.772                        -0.772
      6       C      2       4.000          4.471                        -0.471
      7       C      2       4.000          4.471                        -0.471
      8       H      1       1.000          0.549                         0.451
      9       H      1       1.000          0.549                         0.451
     10       C      2       4.000          3.997                         0.003
     11       C      2       4.000          3.997                         0.003
     12       C      2       4.000          4.450                        -0.450
     13       C      2       4.000          4.450                        -0.450
     14       C      2       4.000          4.467                        -0.467
     15       C      2       4.000          4.467                        -0.467
     16       C      2       4.000          3.997                         0.003
     17       C      2       4.000          3.997                         0.003
     18       H      1       1.000          0.554                         0.446
     19       H      1       1.000          0.554                         0.446
     20       C      2       4.000          4.007                        -0.007
     21       C      2       4.000          4.007                        -0.007
     22       C      2       4.000          3.973                         0.027
     23       C      2       4.000          3.983                         0.017
     24       C      2       4.000          4.013                        -0.013
     25       C      2       4.000          4.013                        -0.013
     26       H      1       1.000          0.552                         0.448
     27       H      1       1.000          0.552                         0.448
     28       C      2       4.000          3.983                         0.017
     29       C      2       4.000          3.983                         0.017
     30       C      2       4.000          4.463                        -0.463
     31       C      2       4.000          4.463                        -0.463
     32       C      2       4.000          4.472                        -0.472
     33       C      2       4.000          4.472                        -0.472
     34       C      2       4.000          3.982                         0.018
     35       C      2       4.000          3.982                         0.018
     36       H      1       1.000          0.552                         0.448
     37       H      1       1.000          0.552                         0.448
     38       C      2       4.000          4.014                        -0.014
     39       C      2       4.000          4.014                        -0.014
     40       C      2       4.000          3.968                         0.032
     41       C      2       4.000          3.971                         0.029
     42       C      2       4.000          4.015                        -0.015
     43       C      2       4.000          4.015                        -0.015
     44       H      1       1.000          0.552                         0.448
     45       H      1       1.000          0.552                         0.448
     46       C      2       4.000          3.979                         0.021
     47       C      2       4.000          3.979                         0.021
     48       C      2       4.000          4.472                        -0.472
     49       C      2       4.000          4.472                        -0.472
     50       C      2       4.000          4.474                        -0.474
     51       C      2       4.000          4.474                        -0.474
     52       C      2       4.000          3.979                         0.021
     53       C      2       4.000          3.979                         0.021
     54       H      1       1.000          0.552                         0.448
     55       H      1       1.000          0.552                         0.448
     56       C      2       4.000          4.014                        -0.014
     57       C      2       4.000          4.014                        -0.014
     58       C      2       4.000          3.968                         0.032
     59       C      2       4.000          3.970                         0.030
     60       C      2       4.000          4.014                        -0.014
     61       C      2       4.000          4.014                        -0.014
     62       H      1       1.000          0.552                         0.448
     63       H      1       1.000          0.552                         0.448
     64       C      2       4.000          3.979                         0.021
     65       C      2       4.000          3.979                         0.021
     66       C      2       4.000          4.471                        -0.471
     67       C      2       4.000          4.471                        -0.471
     68       C      2       4.000          4.470                        -0.470
     69       C      2       4.000          4.470                        -0.470
     70       C      2       4.000          3.980                         0.020
     71       C      2       4.000          3.980                         0.020
     72       H      1       1.000          0.552                         0.448
     73       H      1       1.000          0.552                         0.448
     74       C      2       4.000          4.012                        -0.012
     75       C      2       4.000          4.012                        -0.012
     76       C      2       4.000          3.973                         0.027
     77       C      2       4.000          3.974                         0.026
     78       C      2       4.000          4.011                        -0.011
     79       C      2       4.000          4.011                        -0.011
     80       H      1       1.000          0.552                         0.448
     81       H      1       1.000          0.552                         0.448
     82       C      2       4.000          3.982                         0.018
     83       C      2       4.000          3.982                         0.018
     84       C      2       4.000          4.467                        -0.467
     85       C      2       4.000          4.467                        -0.467
     86       C      2       4.000          4.465                        -0.465
     87       C      2       4.000          4.465                        -0.465
     88       C      2       4.000          3.983                         0.017
     89       C      2       4.000          3.983                         0.017
     90       H      1       1.000          0.552                         0.448
     91       H      1       1.000          0.552                         0.448
     92       C      2       4.000          4.008                        -0.008
     93       C      2       4.000          4.008                        -0.008
     94       C      2       4.000          3.978                         0.022
     95       C      2       4.000          3.978                         0.022
     96       C      2       4.000          4.008                        -0.008
     97       C      2       4.000          4.008                        -0.008
     98       H      1       1.000          0.552                         0.448
     99       H      1       1.000          0.552                         0.448
    100       C      2       4.000          3.984                         0.016
    101       C      2       4.000          3.984                         0.016
    102       C      2       4.000          4.463                        -0.463
    103       C      2       4.000          4.463                        -0.463
    104       C      2       4.000          4.462                        -0.462
    105       C      2       4.000          4.462                        -0.462
    106       C      2       4.000          3.985                         0.015
    107       C      2       4.000          3.985                         0.015
    108       H      1       1.000          0.552                         0.448
    109       H      1       1.000          0.552                         0.448
    110       C      2       4.000          4.007                        -0.007
    111       C      2       4.000          4.007                        -0.007
    112       C      2       4.000          3.981                         0.019
    113       C      2       4.000          3.982                         0.018
    114       C      2       4.000          4.007                        -0.007
    115       C      2       4.000          4.007                        -0.007
    116       H      1       1.000          0.552                         0.448
    117       H      1       1.000          0.552                         0.448
    118       C      2       4.000          3.986                         0.014
    119       C      2       4.000          3.986                         0.014
    120       C      2       4.000          4.461                        -0.461
    121       C      2       4.000          4.461                        -0.461
    122       C      2       4.000          4.461                        -0.461
    123       C      2       4.000          4.461                        -0.461
    124       C      2       4.000          3.986                         0.014
    125       C      2       4.000          3.986                         0.014
    126       H      1       1.000          0.552                         0.448
    127       H      1       1.000          0.552                         0.448
    128       C      2       4.000          4.007                        -0.007
    129       C      2       4.000          4.007                        -0.007
    130       C      2       4.000          3.983                         0.017
    131       C      2       4.000          3.983                         0.017
    132       C      2       4.000          4.007                        -0.007
    133       C      2       4.000          4.007                        -0.007
    134       H      1       1.000          0.552                         0.448
    135       H      1       1.000          0.552                         0.448
    136       C      2       4.000          3.986                         0.014
    137       C      2       4.000          3.986                         0.014
    138       C      2       4.000          4.462                        -0.462
    139       C      2       4.000          4.462                        -0.462
    140       C      2       4.000          4.462                        -0.462
    141       C      2       4.000          4.462                        -0.462
    142       C      2       4.000          3.986                         0.014
    143       C      2       4.000          3.986                         0.014
    144       H      1       1.000          0.552                         0.448
    145       H      1       1.000          0.552                         0.448
    146       C      2       4.000          4.007                        -0.007
    147       C      2       4.000          4.007                        -0.007
    148       C      2       4.000          3.982                         0.018
    149       C      2       4.000          3.982                         0.018
    150       C      2       4.000          4.007                        -0.007
    151       C      2       4.000          4.007                        -0.007
    152       H      1       1.000          0.552                         0.448
    153       H      1       1.000          0.552                         0.448
    154       C      2       4.000          3.985                         0.015
    155       C      2       4.000          3.985                         0.015
    156       C      2       4.000          4.463                        -0.463
    157       C      2       4.000          4.463                        -0.463
    158       C      2       4.000          4.463                        -0.463
    159       C      2       4.000          4.463                        -0.463
    160       C      2       4.000          3.985                         0.015
    161       C      2       4.000          3.985                         0.015
    162       H      1       1.000          0.552                         0.448
    163       H      1       1.000          0.552                         0.448
    164       C      2       4.000          4.008                        -0.008
    165       C      2       4.000          4.008                        -0.008
    166       C      2       4.000          3.981                         0.019
    167       C      2       4.000          3.980                         0.020
    168       C      2       4.000          4.008                        -0.008
    169       C      2       4.000          4.008                        -0.008
    170       H      1       1.000          0.552                         0.448
    171       H      1       1.000          0.552                         0.448
    172       C      2       4.000          3.984                         0.016
    173       C      2       4.000          3.984                         0.016
    174       C      2       4.000          4.464                        -0.464
    175       C      2       4.000          4.464                        -0.464
    176       C      2       4.000          4.464                        -0.464
    177       C      2       4.000          4.464                        -0.464
    178       C      2       4.000          3.984                         0.016
    179       C      2       4.000          3.984                         0.016
    180       H      1       1.000          0.552                         0.448
    181       H      1       1.000          0.552                         0.448
    182       C      2       4.000          4.008                        -0.008
    183       C      2       4.000          4.008                        -0.008
    184       C      2       4.000          3.979                         0.021
    185       C      2       4.000          3.979                         0.021
    186       C      2       4.000          4.008                        -0.008
    187       C      2       4.000          4.008                        -0.008
    188       H      1       1.000          0.552                         0.448
    189       H      1       1.000          0.552                         0.448
    190       C      2       4.000          3.984                         0.016
    191       C      2       4.000          3.984                         0.016
    192       C      2       4.000          4.464                        -0.464
    193       C      2       4.000          4.464                        -0.464
    194       C      2       4.000          4.464                        -0.464
    195       C      2       4.000          4.464                        -0.464
    196       C      2       4.000          3.984                         0.016
    197       C      2       4.000          3.984                         0.016
    198       H      1       1.000          0.552                         0.448
    199       H      1       1.000          0.552                         0.448
    200       C      2       4.000          4.008                        -0.008
    201       C      2       4.000          4.008                        -0.008
    202       C      2       4.000          3.979                         0.021
    203       C      2       4.000          3.979                         0.021
    204       C      2       4.000          4.008                        -0.008
    205       C      2       4.000          4.008                        -0.008
    206       H      1       1.000          0.552                         0.448
    207       H      1       1.000          0.552                         0.448
    208       C      2       4.000          3.984                         0.016
    209       C      2       4.000          3.984                         0.016
    210       C      2       4.000          4.464                        -0.464
    211       C      2       4.000          4.464                        -0.464
    212       C      2       4.000          4.464                        -0.464
    213       C      2       4.000          4.464                        -0.464
    214       C      2       4.000          3.984                         0.016
    215       C      2       4.000          3.984                         0.016
    216       H      1       1.000          0.552                         0.448
    217       H      1       1.000          0.552                         0.448
    218       C      2       4.000          4.008                        -0.008
    219       C      2       4.000          4.008                        -0.008
    220       C      2       4.000          3.979                         0.021
    221       C      2       4.000          3.979                         0.021
    222       C      2       4.000          4.008                        -0.008
    223       C      2       4.000          4.008                        -0.008
    224       H      1       1.000          0.552                         0.448
    225       H      1       1.000          0.552                         0.448
    226       C      2       4.000          3.984                         0.016
    227       C      2       4.000          3.984                         0.016
    228       C      2       4.000          4.464                        -0.464
    229       C      2       4.000          4.464                        -0.464
    230       C      2       4.000          4.464                        -0.464
    231       C      2       4.000          4.464                        -0.464
    232       C      2       4.000          3.984                         0.016
    233       C      2       4.000          3.984                         0.016
    234       H      1       1.000          0.552                         0.448
    235       H      1       1.000          0.552                         0.448
    236       C      2       4.000          4.008                        -0.008
    237       C      2       4.000          4.008                        -0.008
    238       C      2       4.000          3.980                         0.020
    239       C      2       4.000          3.980                         0.020
    240       C      2       4.000          4.008                        -0.008
    241       C      2       4.000          4.008                        -0.008
    242       H      1       1.000          0.552                         0.448
    243       H      1       1.000          0.552                         0.448
    244       C      2       4.000          3.984                         0.016
    245       C      2       4.000          3.984                         0.016
    246       C      2       4.000          4.464                        -0.464
    247       C      2       4.000          4.464                        -0.464
    248       C      2       4.000          4.463                        -0.463
    249       C      2       4.000          4.463                        -0.463
    250       C      2       4.000          3.984                         0.016
    251       C      2       4.000          3.984                         0.016
    252       H      1       1.000          0.552                         0.448
    253       H      1       1.000          0.552                         0.448
    254       C      2       4.000          4.008                        -0.008
    255       C      2       4.000          4.008                        -0.008
    256       C      2       4.000          3.980                         0.020
    257       C      2       4.000          3.980                         0.020
    258       C      2       4.000          4.008                        -0.008
    259       C      2       4.000          4.008                        -0.008
    260       H      1       1.000          0.552                         0.448
    261       H      1       1.000          0.552                         0.448
    262       C      2       4.000          3.984                         0.016
    263       C      2       4.000          3.984                         0.016
    264       C      2       4.000          4.463                        -0.463
    265       C      2       4.000          4.463                        -0.463
    266       C      2       4.000          4.463                        -0.463
    267       C      2       4.000          4.463                        -0.463
    268       C      2       4.000          3.984                         0.016
    269       C      2       4.000          3.984                         0.016
    270       H      1       1.000          0.552                         0.448
    271       H      1       1.000          0.552                         0.448
    272       C      2       4.000          4.008                        -0.008
    273       C      2       4.000          4.008                        -0.008
    274       C      2       4.000          3.980                         0.020
    275       C      2       4.000          3.980                         0.020
    276       C      2       4.000          4.008                        -0.008
    277       C      2       4.000          4.008                        -0.008
    278       H      1       1.000          0.552                         0.448
    279       H      1       1.000          0.552                         0.448
    280       C      2       4.000          3.984                         0.016
    281       C      2       4.000          3.984                         0.016
    282       C      2       4.000          4.463                        -0.463
    283       C      2       4.000          4.463                        -0.463
    284       C      2       4.000          4.463                        -0.463
    285       C      2       4.000          4.463                        -0.463
    286       C      2       4.000          3.984                         0.016
    287       C      2       4.000          3.984                         0.016
    288       H      1       1.000          0.552                         0.448
    289       H      1       1.000          0.552                         0.448
    290       C      2       4.000          4.008                        -0.008
    291       C      2       4.000          4.008                        -0.008
    292       C      2       4.000          3.980                         0.020
    293       C      2       4.000          3.980                         0.020
    294       C      2       4.000          4.008                        -0.008
    295       C      2       4.000          4.008                        -0.008
    296       H      1       1.000          0.552                         0.448
    297       H      1       1.000          0.552                         0.448
    298       C      2       4.000          3.984                         0.016
    299       C      2       4.000          3.984                         0.016
    300       C      2       4.000          4.463                        -0.463
    301       C      2       4.000          4.463                        -0.463
    302       C      2       4.000          4.463                        -0.463
    303       C      2       4.000          4.463                        -0.463
    304       C      2       4.000          3.984                         0.016
    305       C      2       4.000          3.984                         0.016
    306       H      1       1.000          0.552                         0.448
    307       H      1       1.000          0.552                         0.448
    308       C      2       4.000          4.008                        -0.008
    309       C      2       4.000          4.008                        -0.008
    310       C      2       4.000          3.980                         0.020
    311       C      2       4.000          3.980                         0.020
    312       C      2       4.000          4.008                        -0.008
    313       C      2       4.000          4.008                        -0.008
    314       H      1       1.000          0.552                         0.448
    315       H      1       1.000          0.552                         0.448
    316       C      2       4.000          3.984                         0.016
    317       C      2       4.000          3.984                         0.016
    318       C      2       4.000          4.463                        -0.463
    319       C      2       4.000          4.463                        -0.463
    320       C      2       4.000          4.463                        -0.463
    321       C      2       4.000          4.463                        -0.463
    322       C      2       4.000          3.984                         0.016
    323       C      2       4.000          3.984                         0.016
    324       H      1       1.000          0.552                         0.448
    325       H      1       1.000          0.552                         0.448
    326       C      2       4.000          4.008                        -0.008
    327       C      2       4.000          4.008                        -0.008
    328       C      2       4.000          3.980                         0.020
    329       C      2       4.000          3.980                         0.020
    330       C      2       4.000          4.008                        -0.008
    331       C      2       4.000          4.008                        -0.008
    332       H      1       1.000          0.552                         0.448
    333       H      1       1.000          0.552                         0.448
    334       C      2       4.000          3.984                         0.016
    335       C      2       4.000          3.984                         0.016
    336       C      2       4.000          4.464                        -0.464
    337       C      2       4.000          4.464                        -0.464
    338       C      2       4.000          4.464                        -0.464
    339       C      2       4.000          4.464                        -0.464
    340       C      2       4.000          3.984                         0.016
    341       C      2       4.000          3.984                         0.016
    342       H      1       1.000          0.552                         0.448
    343       H      1       1.000          0.552                         0.448
    344       C      2       4.000          4.008                        -0.008
    345       C      2       4.000          4.008                        -0.008
    346       C      2       4.000          3.980                         0.020
    347       C      2       4.000          3.980                         0.020
    348       C      2       4.000          4.008                        -0.008
    349       C      2       4.000          4.008                        -0.008
    350       H      1       1.000          0.552                         0.448
    351       H      1       1.000          0.552                         0.448
    352       C      2       4.000          3.984                         0.016
    353       C      2       4.000          3.984                         0.016
    354       C      2       4.000          4.464                        -0.464
    355       C      2       4.000          4.464                        -0.464
    356       C      2       4.000          4.464                        -0.464
    357       C      2       4.000          4.464                        -0.464
    358       C      2       4.000          3.984                         0.016
    359       C      2       4.000          3.984                         0.016
    360       H      1       1.000          0.552                         0.448
    361       H      1       1.000          0.552                         0.448
    362       C      2       4.000          4.008                        -0.008
    363       C      2       4.000          4.008                        -0.008
    364       C      2       4.000          3.980                         0.020
    365       C      2       4.000          3.980                         0.020
    366       C      2       4.000          4.008                        -0.008
    367       C      2       4.000          4.008                        -0.008
    368       H      1       1.000          0.552                         0.448
    369       H      1       1.000          0.552                         0.448
    370       C      2       4.000          3.984                         0.016
    371       C      2       4.000          3.984                         0.016
    372       C      2       4.000          4.464                        -0.464
    373       C      2       4.000          4.464                        -0.464
    374       C      2       4.000          4.464                        -0.464
    375       C      2       4.000          4.464                        -0.464
    376       C      2       4.000          3.984                         0.016
    377       C      2       4.000          3.984                         0.016
    378       H      1       1.000          0.552                         0.448
    379       H      1       1.000          0.552                         0.448
    380       C      2       4.000          4.008                        -0.008
    381       C      2       4.000          4.008                        -0.008
    382       C      2       4.000          3.980                         0.020
    383       C      2       4.000          3.980                         0.020
    384       C      2       4.000          4.008                        -0.008
    385       C      2       4.000          4.008                        -0.008
    386       H      1       1.000          0.552                         0.448
    387       H      1       1.000          0.552                         0.448
    388       C      2       4.000          3.984                         0.016
    389       C      2       4.000          3.984                         0.016
    390       C      2       4.000          4.463                        -0.463
    391       C      2       4.000          4.463                        -0.463
    392       C      2       4.000          4.463                        -0.463
    393       C      2       4.000          4.463                        -0.463
    394       C      2       4.000          3.984                         0.016
    395       C      2       4.000          3.984                         0.016
    396       H      1       1.000          0.552                         0.448
    397       H      1       1.000          0.552                         0.448
    398       C      2       4.000          4.008                        -0.008
    399       C      2       4.000          4.008                        -0.008
    400       C      2       4.000          3.980                         0.020
    401       C      2       4.000          3.980                         0.020
    402       C      2       4.000          4.008                        -0.008
    403       C      2       4.000          4.008                        -0.008
    404       H      1       1.000          0.552                         0.448
    405       H      1       1.000          0.552                         0.448
    406       C      2       4.000          3.984                         0.016
    407       C      2       4.000          3.984                         0.016
    408       C      2       4.000          4.463                        -0.463
    409       C      2       4.000          4.463                        -0.463
    410       C      2       4.000          4.463                        -0.463
    411       C      2       4.000          4.463                        -0.463
    412       C      2       4.000          3.984                         0.016
    413       C      2       4.000          3.984                         0.016
    414       H      1       1.000          0.552                         0.448
    415       H      1       1.000          0.552                         0.448
    416       C      2       4.000          4.008                        -0.008
    417       C      2       4.000          4.008                        -0.008
    418       C      2       4.000          3.980                         0.020
    419       C      2       4.000          3.980                         0.020
    420       C      2       4.000          4.008                        -0.008
    421       C      2       4.000          4.008                        -0.008
    422       H      1       1.000          0.552                         0.448
    423       H      1       1.000          0.552                         0.448
    424       C      2       4.000          3.984                         0.016
    425       C      2       4.000          3.984                         0.016
    426       C      2       4.000          4.463                        -0.463
    427       C      2       4.000          4.463                        -0.463
    428       C      2       4.000          4.463                        -0.463
    429       C      2       4.000          4.463                        -0.463
    430       C      2       4.000          3.984                         0.016
    431       C      2       4.000          3.984                         0.016
    432       H      1       1.000          0.552                         0.448
    433       H      1       1.000          0.552                         0.448
    434       C      2       4.000          4.008                        -0.008
    435       C      2       4.000          4.008                        -0.008
    436       C      2       4.000          3.980                         0.020
    437       C      2       4.000          3.980                         0.020
    438       C      2       4.000          4.008                        -0.008
    439       C      2       4.000          4.008                        -0.008
    440       H      1       1.000          0.552                         0.448
    441       H      1       1.000          0.552                         0.448
    442       C      2       4.000          3.984                         0.016
    443       C      2       4.000          3.984                         0.016
    444       C      2       4.000          4.463                        -0.463
    445       C      2       4.000          4.463                        -0.463
    446       C      2       4.000          4.463                        -0.463
    447       C      2       4.000          4.463                        -0.463
    448       C      2       4.000          3.984                         0.016
    449       C      2       4.000          3.984                         0.016
    450       H      1       1.000          0.552                         0.448
    451       H      1       1.000          0.552                         0.448
    452       C      2       4.000          4.008                        -0.008
    453       C      2       4.000          4.008                        -0.008
    454       C      2       4.000          3.980                         0.020
    455       C      2       4.000          3.980                         0.020
    456       C      2       4.000          4.008                        -0.008
    457       C      2       4.000          4.008                        -0.008
    458       H      1       1.000          0.552                         0.448
    459       H      1       1.000          0.552                         0.448
    460       C      2       4.000          3.984                         0.016
    461       C      2       4.000          3.984                         0.016
    462       C      2       4.000          4.463                        -0.463
    463       C      2       4.000          4.463                        -0.463
    464       C      2       4.000          4.463                        -0.463
    465       C      2       4.000          4.463                        -0.463
    466       C      2       4.000          3.984                         0.016
    467       C      2       4.000          3.984                         0.016
    468       H      1       1.000          0.552                         0.448
    469       H      1       1.000          0.552                         0.448
    470       C      2       4.000          4.008                        -0.008
    471       C      2       4.000          4.008                        -0.008
    472       C      2       4.000          3.980                         0.020
    473       C      2       4.000          3.980                         0.020
    474       C      2       4.000          4.008                        -0.008
    475       C      2       4.000          4.008                        -0.008
    476       H      1       1.000          0.552                         0.448
    477       H      1       1.000          0.552                         0.448
    478       C      2       4.000          3.984                         0.016
    479       C      2       4.000          3.984                         0.016
    480       C      2       4.000          4.463                        -0.463
    481       C      2       4.000          4.463                        -0.463
    482       C      2       4.000          4.463                        -0.463
    483       C      2       4.000          4.463                        -0.463
    484       C      2       4.000          3.984                         0.016
    485       C      2       4.000          3.984                         0.016
    486       H      1       1.000          0.552                         0.448
    487       H      1       1.000          0.552                         0.448
    488       C      2       4.000          4.008                        -0.008
    489       C      2       4.000          4.008                        -0.008
    490       C      2       4.000          3.980                         0.020
    491       C      2       4.000          3.980                         0.020
    492       C      2       4.000          4.008                        -0.008
    493       C      2       4.000          4.008                        -0.008
    494       H      1       1.000          0.552                         0.448
    495       H      1       1.000          0.552                         0.448
    496       C      2       4.000          3.984                         0.016
    497       C      2       4.000          3.984                         0.016
    498       C      2       4.000          4.463                        -0.463
    499       C      2       4.000          4.463                        -0.463
    500       C      2       4.000          4.463                        -0.463
    501       C      2       4.000          4.463                        -0.463
    502       C      2       4.000          3.984                         0.016
    503       C      2       4.000          3.984                         0.016
    504       H      1       1.000          0.552                         0.448
    505       H      1       1.000          0.552                         0.448
    506       C      2       4.000          4.008                        -0.008
    507       C      2       4.000          4.008                        -0.008
    508       C      2       4.000          3.980                         0.020
    509       C      2       4.000          3.980                         0.020
    510       C      2       4.000          4.008                        -0.008
    511       C      2       4.000          4.008                        -0.008
    512       H      1       1.000          0.552                         0.448
    513       H      1       1.000          0.552                         0.448
    514       C      2       4.000          3.984                         0.016
    515       C      2       4.000          3.984                         0.016
    516       C      2       4.000          4.463                        -0.463
    517       C      2       4.000          4.463                        -0.463
    518       C      2       4.000          4.463                        -0.463
    519       C      2       4.000          4.463                        -0.463
    520       C      2       4.000          3.984                         0.016
    521       C      2       4.000          3.984                         0.016
    522       H      1       1.000          0.552                         0.448
    523       H      1       1.000          0.552                         0.448
    524       C      2       4.000          4.008                        -0.008
    525       C      2       4.000          4.008                        -0.008
    526       C      2       4.000          3.980                         0.020
    527       C      2       4.000          3.980                         0.020
    528       C      2       4.000          4.008                        -0.008
    529       C      2       4.000          4.008                        -0.008
    530       H      1       1.000          0.552                         0.448
    531       H      1       1.000          0.552                         0.448
    532       C      2       4.000          3.984                         0.016
    533       C      2       4.000          3.984                         0.016
    534       C      2       4.000          4.463                        -0.463
    535       C      2       4.000          4.463                        -0.463
    536       C      2       4.000          4.463                        -0.463
    537       C      2       4.000          4.463                        -0.463
    538       C      2       4.000          3.984                         0.016
    539       C      2       4.000          3.984                         0.016
    540       H      1       1.000          0.552                         0.448
    541       H      1       1.000          0.552                         0.448
    542       C      2       4.000          4.008                        -0.008
    543       C      2       4.000          4.008                        -0.008
    544       C      2       4.000          3.980                         0.020
    545       C      2       4.000          3.980                         0.020
    546       C      2       4.000          4.008                        -0.008
    547       C      2       4.000          4.008                        -0.008
    548       H      1       1.000          0.552                         0.448
    549       H      1       1.000          0.552                         0.448
    550       C      2       4.000          3.984                         0.016
    551       C      2       4.000          3.984                         0.016
    552       C      2       4.000          4.463                        -0.463
    553       C      2       4.000          4.463                        -0.463
    554       C      2       4.000          4.463                        -0.463
    555       C      2       4.000          4.463                        -0.463
    556       C      2       4.000          3.984                         0.016
    557       C      2       4.000          3.984                         0.016
    558       H      1       1.000          0.552                         0.448
    559       H      1       1.000          0.552                         0.448
    560       C      2       4.000          4.008                        -0.008
    561       C      2       4.000          4.008                        -0.008
    562       C      2       4.000          3.980                         0.020
    563       C      2       4.000          3.980                         0.020
    564       C      2       4.000          4.008                        -0.008
    565       C      2       4.000          4.008                        -0.008
    566       H      1       1.000          0.552                         0.448
    567       H      1       1.000          0.552                         0.448
    568       C      2       4.000          3.984                         0.016
    569       C      2       4.000          3.984                         0.016
    570       C      2       4.000          4.463                        -0.463
    571       C      2       4.000          4.463                        -0.463
    572       C      2       4.000          4.463                        -0.463
    573       C      2       4.000          4.463                        -0.463
    574       C      2       4.000          3.984                         0.016
    575       C      2       4.000          3.984                         0.016
    576       H      1       1.000          0.552                         0.448
    577       H      1       1.000          0.552                         0.448
    578       C      2       4.000          4.008                        -0.008
    579       C      2       4.000          4.008                        -0.008
    580       C      2       4.000          3.980                         0.020
    581       C      2       4.000          3.980                         0.020
    582       C      2       4.000          4.008                        -0.008
    583       C      2       4.000          4.008                        -0.008
    584       H      1       1.000          0.552                         0.448
    585       H      1       1.000          0.552                         0.448
    586       C      2       4.000          3.984                         0.016
    587       C      2       4.000          3.984                         0.016
    588       C      2       4.000          4.463                        -0.463
    589       C      2       4.000          4.463                        -0.463
    590       C      2       4.000          4.463                        -0.463
    591       C      2       4.000          4.463                        -0.463
    592       C      2       4.000          3.984                         0.016
    593       C      2       4.000          3.984                         0.016
    594       H      1       1.000          0.552                         0.448
    595       H      1       1.000          0.552                         0.448
    596       C      2       4.000          4.008                        -0.008
    597       C      2       4.000          4.008                        -0.008
    598       C      2       4.000          3.980                         0.020
    599       C      2       4.000          3.980                         0.020
    600       C      2       4.000          4.008                        -0.008
    601       C      2       4.000          4.008                        -0.008
    602       H      1       1.000          0.552                         0.448
    603       H      1       1.000          0.552                         0.448
    604       C      2       4.000          3.984                         0.016
    605       C      2       4.000          3.984                         0.016
    606       C      2       4.000          4.463                        -0.463
    607       C      2       4.000          4.463                        -0.463
    608       C      2       4.000          4.463                        -0.463
    609       C      2       4.000          4.463                        -0.463
    610       C      2       4.000          3.984                         0.016
    611       C      2       4.000          3.984                         0.016
    612       H      1       1.000          0.552                         0.448
    613       H      1       1.000          0.552                         0.448
    614       C      2       4.000          4.008                        -0.008
    615       C      2       4.000          4.008                        -0.008
    616       C      2       4.000          3.980                         0.020
    617       C      2       4.000          3.980                         0.020
    618       C      2       4.000          4.008                        -0.008
    619       C      2       4.000          4.008                        -0.008
    620       H      1       1.000          0.552                         0.448
    621       H      1       1.000          0.552                         0.448
    622       C      2       4.000          3.984                         0.016
    623       C      2       4.000          3.984                         0.016
    624       C      2       4.000          4.463                        -0.463
    625       C      2       4.000          4.463                        -0.463
    626       C      2       4.000          4.463                        -0.463
    627       C      2       4.000          4.463                        -0.463
    628       C      2       4.000          3.984                         0.016
    629       C      2       4.000          3.984                         0.016
    630       H      1       1.000          0.552                         0.448
    631       H      1       1.000          0.552                         0.448
    632       C      2       4.000          4.008                        -0.008
    633       C      2       4.000          4.008                        -0.008
    634       C      2       4.000          3.980                         0.020
    635       C      2       4.000          3.980                         0.020
    636       C      2       4.000          4.008                        -0.008
    637       C      2       4.000          4.008                        -0.008
    638       H      1       1.000          0.552                         0.448
    639       H      1       1.000          0.552                         0.448
    640       C      2       4.000          3.984                         0.016
    641       C      2       4.000          3.984                         0.016
    642       C      2       4.000          4.463                        -0.463
    643       C      2       4.000          4.463                        -0.463
    644       C      2       4.000          4.463                        -0.463
    645       C      2       4.000          4.463                        -0.463
    646       C      2       4.000          3.984                         0.016
    647       C      2       4.000          3.984                         0.016
    648       H      1       1.000          0.552                         0.448
    649       H      1       1.000          0.552                         0.448
    650       C      2       4.000          4.008                        -0.008
    651       C      2       4.000          4.008                        -0.008
    652       C      2       4.000          3.980                         0.020
    653       C      2       4.000          3.980                         0.020
    654       C      2       4.000          4.008                        -0.008
    655       C      2       4.000          4.008                        -0.008
    656       H      1       1.000          0.552                         0.448
    657       H      1       1.000          0.552                         0.448
    658       C      2       4.000          3.984                         0.016
    659       C      2       4.000          3.984                         0.016
    660       C      2       4.000          4.463                        -0.463
    661       C      2       4.000          4.463                        -0.463
    662       C      2       4.000          4.463                        -0.463
    663       C      2       4.000          4.463                        -0.463
    664       C      2       4.000          3.984                         0.016
    665       C      2       4.000          3.984                         0.016
    666       H      1       1.000          0.552                         0.448
    667       H      1       1.000          0.552                         0.448
    668       C      2       4.000          4.008                        -0.008
    669       C      2       4.000          4.008                        -0.008
    670       C      2       4.000          3.980                         0.020
    671       C      2       4.000          3.980                         0.020
    672       C      2       4.000          4.008                        -0.008
    673       C      2       4.000          4.008                        -0.008
    674       H      1       1.000          0.552                         0.448
    675       H      1       1.000          0.552                         0.448
    676       C      2       4.000          3.984                         0.016
    677       C      2       4.000          3.984                         0.016
    678       C      2       4.000          4.463                        -0.463
    679       C      2       4.000          4.463                        -0.463
    680       C      2       4.000          4.463                        -0.463
    681       C      2       4.000          4.463                        -0.463
    682       C      2       4.000          3.984                         0.016
    683       C      2       4.000          3.984                         0.016
    684       H      1       1.000          0.552                         0.448
    685       H      1       1.000          0.552                         0.448
    686       C      2       4.000          4.008                        -0.008
    687       C      2       4.000          4.008                        -0.008
    688       C      2       4.000          3.980                         0.020
    689       C      2       4.000          3.980                         0.020
    690       C      2       4.000          4.008                        -0.008
    691       C      2       4.000          4.008                        -0.008
    692       H      1       1.000          0.552                         0.448
    693       H      1       1.000          0.552                         0.448
    694       C      2       4.000          3.984                         0.016
    695       C      2       4.000          3.984                         0.016
    696       C      2       4.000          4.463                        -0.463
    697       C      2       4.000          4.463                        -0.463
    698       C      2       4.000          4.463                        -0.463
    699       C      2       4.000          4.463                        -0.463
    700       C      2       4.000          3.984                         0.016
    701       C      2       4.000          3.984                         0.016
    702       H      1       1.000          0.552                         0.448
    703       H      1       1.000          0.552                         0.448
    704       C      2       4.000          4.008                        -0.008
    705       C      2       4.000          4.008                        -0.008
    706       C      2       4.000          3.980                         0.020
    707       C      2       4.000          3.980                         0.020
    708       C      2       4.000          4.008                        -0.008
    709       C      2       4.000          4.008                        -0.008
    710       H      1       1.000          0.552                         0.448
    711       H      1       1.000          0.552                         0.448
    712       C      2       4.000          3.984                         0.016
    713       C      2       4.000          3.984                         0.016
    714       C      2       4.000          4.463                        -0.463
    715       C      2       4.000          4.463                        -0.463
    716       C      2       4.000          4.463                        -0.463
    717       C      2       4.000          4.463                        -0.463
    718       C      2       4.000          3.984                         0.016
    719       C      2       4.000          3.984                         0.016
    720       H      1       1.000          0.552                         0.448
    721       H      1       1.000          0.552                         0.448
    722       C      2       4.000          4.008                        -0.008
    723       C      2       4.000          4.008                        -0.008
    724       C      2       4.000          3.980                         0.020
    725       C      2       4.000          3.980                         0.020
    726       C      2       4.000          4.008                        -0.008
    727       C      2       4.000          4.008                        -0.008
    728       H      1       1.000          0.552                         0.448
    729       H      1       1.000          0.552                         0.448
    730       C      2       4.000          3.984                         0.016
    731       C      2       4.000          3.984                         0.016
    732       C      2       4.000          4.463                        -0.463
    733       C      2       4.000          4.463                        -0.463
    734       C      2       4.000          4.463                        -0.463
    735       C      2       4.000          4.463                        -0.463
    736       C      2       4.000          3.984                         0.016
    737       C      2       4.000          3.984                         0.016
    738       H      1       1.000          0.552                         0.448
    739       H      1       1.000          0.552                         0.448
    740       C      2       4.000          4.008                        -0.008
    741       C      2       4.000          4.008                        -0.008
    742       C      2       4.000          3.980                         0.020
    743       C      2       4.000          3.980                         0.020
    744       C      2       4.000          4.008                        -0.008
    745       C      2       4.000          4.008                        -0.008
    746       H      1       1.000          0.552                         0.448
    747       H      1       1.000          0.552                         0.448
    748       C      2       4.000          3.984                         0.016
    749       C      2       4.000          3.984                         0.016
    750       C      2       4.000          4.463                        -0.463
    751       C      2       4.000          4.463                        -0.463
    752       C      2       4.000          4.463                        -0.463
    753       C      2       4.000          4.463                        -0.463
    754       C      2       4.000          3.984                         0.016
    755       C      2       4.000          3.984                         0.016
    756       H      1       1.000          0.552                         0.448
    757       H      1       1.000          0.552                         0.448
    758       C      2       4.000          4.008                        -0.008
    759       C      2       4.000          4.008                        -0.008
    760       C      2       4.000          3.980                         0.020
    761       C      2       4.000          3.980                         0.020
    762       C      2       4.000          4.008                        -0.008
    763       C      2       4.000          4.008                        -0.008
    764       H      1       1.000          0.552                         0.448
    765       H      1       1.000          0.552                         0.448
    766       C      2       4.000          3.984                         0.016
    767       C      2       4.000          3.984                         0.016
    768       C      2       4.000          4.463                        -0.463
    769       C      2       4.000          4.463                        -0.463
    770       C      2       4.000          4.463                        -0.463
    771       C      2       4.000          4.463                        -0.463
    772       C      2       4.000          3.984                         0.016
    773       C      2       4.000          3.984                         0.016
    774       H      1       1.000          0.552                         0.448
    775       H      1       1.000          0.552                         0.448
    776       C      2       4.000          4.008                        -0.008
    777       C      2       4.000          4.008                        -0.008
    778       C      2       4.000          3.980                         0.020
    779       C      2       4.000          3.980                         0.020
    780       C      2       4.000          4.008                        -0.008
    781       C      2       4.000          4.008                        -0.008
    782       H      1       1.000          0.552                         0.448
    783       H      1       1.000          0.552                         0.448
    784       C      2       4.000          3.984                         0.016
    785       C      2       4.000          3.984                         0.016
    786       C      2       4.000          4.463                        -0.463
    787       C      2       4.000          4.463                        -0.463
    788       C      2       4.000          4.463                        -0.463
    789       C      2       4.000          4.463                        -0.463
    790       C      2       4.000          3.984                         0.016
    791       C      2       4.000          3.984                         0.016
    792       H      1       1.000          0.552                         0.448
    793       H      1       1.000          0.552                         0.448
    794       C      2       4.000          4.008                        -0.008
    795       C      2       4.000          4.008                        -0.008
    796       C      2       4.000          3.980                         0.020
    797       C      2       4.000          3.980                         0.020
    798       C      2       4.000          4.008                        -0.008
    799       C      2       4.000          4.008                        -0.008
    800       H      1       1.000          0.552                         0.448
    801       H      1       1.000          0.552                         0.448
    802       C      2       4.000          3.984                         0.016
    803       C      2       4.000          3.984                         0.016
    804       C      2       4.000          4.463                        -0.463
    805       C      2       4.000          4.463                        -0.463
    806       C      2       4.000          4.463                        -0.463
    807       C      2       4.000          4.463                        -0.463
    808       C      2       4.000          3.984                         0.016
    809       C      2       4.000          3.984                         0.016
    810       H      1       1.000          0.552                         0.448
    811       H      1       1.000          0.552                         0.448
    812       C      2       4.000          4.008                        -0.008
    813       C      2       4.000          4.008                        -0.008
    814       C      2       4.000          3.980                         0.020
    815       C      2       4.000          3.980                         0.020
    816       C      2       4.000          4.008                        -0.008
    817       C      2       4.000          4.008                        -0.008
    818       H      1       1.000          0.552                         0.448
    819       H      1       1.000          0.552                         0.448
    820       C      2       4.000          3.984                         0.016
    821       C      2       4.000          3.984                         0.016
    822       C      2       4.000          4.463                        -0.463
    823       C      2       4.000          4.463                        -0.463
    824       C      2       4.000          4.463                        -0.463
    825       C      2       4.000          4.463                        -0.463
    826       C      2       4.000          3.984                         0.016
    827       C      2       4.000          3.984                         0.016
    828       H      1       1.000          0.552                         0.448
    829       H      1       1.000          0.552                         0.448
    830       C      2       4.000          4.008                        -0.008
    831       C      2       4.000          4.008                        -0.008
    832       C      2       4.000          3.980                         0.020
    833       C      2       4.000          3.980                         0.020
    834       C      2       4.000          4.008                        -0.008
    835       C      2       4.000          4.008                        -0.008
    836       H      1       1.000          0.552                         0.448
    837       H      1       1.000          0.552                         0.448
    838       C      2       4.000          3.984                         0.016
    839       C      2       4.000          3.984                         0.016
    840       C      2       4.000          4.463                        -0.463
    841       C      2       4.000          4.463                        -0.463
    842       C      2       4.000          4.463                        -0.463
    843       C      2       4.000          4.463                        -0.463
    844       C      2       4.000          3.984                         0.016
    845       C      2       4.000          3.984                         0.016
    846       H      1       1.000          0.552                         0.448
    847       H      1       1.000          0.552                         0.448
    848       C      2       4.000          4.008                        -0.008
    849       C      2       4.000          4.008                        -0.008
    850       C      2       4.000          3.980                         0.020
    851       C      2       4.000          3.980                         0.020
    852       C      2       4.000          4.008                        -0.008
    853       C      2       4.000          4.008                        -0.008
    854       H      1       1.000          0.552                         0.448
    855       H      1       1.000          0.552                         0.448
    856       C      2       4.000          3.984                         0.016
    857       C      2       4.000          3.984                         0.016
    858       C      2       4.000          4.463                        -0.463
    859       C      2       4.000          4.463                        -0.463
    860       C      2       4.000          4.463                        -0.463
    861       C      2       4.000          4.463                        -0.463
    862       C      2       4.000          3.984                         0.016
    863       C      2       4.000          3.984                         0.016
    864       H      1       1.000          0.552                         0.448
    865       H      1       1.000          0.552                         0.448
    866       C      2       4.000          4.008                        -0.008
    867       C      2       4.000          4.008                        -0.008
    868       C      2       4.000          3.980                         0.020
    869       C      2       4.000          3.980                         0.020
    870       C      2       4.000          4.008                        -0.008
    871       C      2       4.000          4.008                        -0.008
    872       H      1       1.000          0.552                         0.448
    873       H      1       1.000          0.552                         0.448
    874       C      2       4.000          3.984                         0.016
    875       C      2       4.000          3.984                         0.016
    876       C      2       4.000          4.463                        -0.463
    877       C      2       4.000          4.463                        -0.463
    878       C      2       4.000          4.463                        -0.463
    879       C      2       4.000          4.463                        -0.463
    880       C      2       4.000          3.984                         0.016
    881       C      2       4.000          3.984                         0.016
    882       H      1       1.000          0.552                         0.448
    883       H      1       1.000          0.552                         0.448
    884       C      2       4.000          4.008                        -0.008
    885       C      2       4.000          4.008                        -0.008
    886       C      2       4.000          3.980                         0.020
    887       C      2       4.000          3.980                         0.020
    888       C      2       4.000          4.008                        -0.008
    889       C      2       4.000          4.008                        -0.008
    890       H      1       1.000          0.552                         0.448
    891       H      1       1.000          0.552                         0.448
    892       C      2       4.000          3.984                         0.016
    893       C      2       4.000          3.984                         0.016
    894       C      2       4.000          4.463                        -0.463
    895       C      2       4.000          4.463                        -0.463
    896       C      2       4.000          4.463                        -0.463
    897       C      2       4.000          4.463                        -0.463
    898       C      2       4.000          3.984                         0.016
    899       C      2       4.000          3.984                         0.016
    900       H      1       1.000          0.552                         0.448
    901       H      1       1.000          0.552                         0.448
    902       C      2       4.000          4.008                        -0.008
    903       C      2       4.000          4.008                        -0.008
    904       C      2       4.000          3.980                         0.020
    905       C      2       4.000          3.980                         0.020
    906       C      2       4.000          4.008                        -0.008
    907       C      2       4.000          4.008                        -0.008
    908       H      1       1.000          0.552                         0.448
    909       H      1       1.000          0.552                         0.448
    910       C      2       4.000          3.984                         0.016
    911       C      2       4.000          3.984                         0.016
    912       C      2       4.000          4.463                        -0.463
    913       C      2       4.000          4.463                        -0.463
    914       C      2       4.000          4.463                        -0.463
    915       C      2       4.000          4.463                        -0.463
    916       C      2       4.000          3.984                         0.016
    917       C      2       4.000          3.984                         0.016
    918       H      1       1.000          0.552                         0.448
    919       H      1       1.000          0.552                         0.448
    920       C      2       4.000          4.008                        -0.008
    921       C      2       4.000          4.008                        -0.008
    922       C      2       4.000          3.980                         0.020
    923       C      2       4.000          3.980                         0.020
    924       C      2       4.000          4.008                        -0.008
    925       C      2       4.000          4.008                        -0.008
    926       H      1       1.000          0.552                         0.448
    927       H      1       1.000          0.552                         0.448
    928       C      2       4.000          3.984                         0.016
    929       C      2       4.000          3.984                         0.016
    930       C      2       4.000          4.463                        -0.463
    931       C      2       4.000          4.463                        -0.463
    932       C      2       4.000          4.463                        -0.463
    933       C      2       4.000          4.463                        -0.463
    934       C      2       4.000          3.984                         0.016
    935       C      2       4.000          3.984                         0.016
    936       H      1       1.000          0.552                         0.448
    937       H      1       1.000          0.552                         0.448
    938       C      2       4.000          4.008                        -0.008
    939       C      2       4.000          4.008                        -0.008
    940       C      2       4.000          3.980                         0.020
    941       C      2       4.000          3.980                         0.020
    942       C      2       4.000          4.008                        -0.008
    943       C      2       4.000          4.008                        -0.008
    944       H      1       1.000          0.552                         0.448
    945       H      1       1.000          0.552                         0.448
    946       C      2       4.000          3.984                         0.016
    947       C      2       4.000          3.984                         0.016
    948       C      2       4.000          4.463                        -0.463
    949       C      2       4.000          4.463                        -0.463
    950       C      2       4.000          4.463                        -0.463
    951       C      2       4.000          4.463                        -0.463
    952       C      2       4.000          3.984                         0.016
    953       C      2       4.000          3.984                         0.016
    954       H      1       1.000          0.552                         0.448
    955       H      1       1.000          0.552                         0.448
    956       C      2       4.000          4.008                        -0.008
    957       C      2       4.000          4.008                        -0.008
    958       C      2       4.000          3.980                         0.020
    959       C      2       4.000          3.980                         0.020
    960       C      2       4.000          4.008                        -0.008
    961       C      2       4.000          4.008                        -0.008
    962       H      1       1.000          0.552                         0.448
    963       H      1       1.000          0.552                         0.448
    964       C      2       4.000          3.984                         0.016
    965       C      2       4.000          3.984                         0.016
    966       C      2       4.000          4.463                        -0.463
    967       C      2       4.000          4.463                        -0.463
    968       C      2       4.000          4.463                        -0.463
    969       C      2       4.000          4.463                        -0.463
    970       C      2       4.000          3.984                         0.016
    971       C      2       4.000          3.984                         0.016
    972       H      1       1.000          0.552                         0.448
    973       H      1       1.000          0.552                         0.448
    974       C      2       4.000          4.008                        -0.008
    975       C      2       4.000          4.008                        -0.008
    976       C      2       4.000          3.980                         0.020
    977       C      2       4.000          3.980                         0.020
    978       C      2       4.000          4.008                        -0.008
    979       C      2       4.000          4.008                        -0.008
    980       H      1       1.000          0.552                         0.448
    981       H      1       1.000          0.552                         0.448
    982       C      2       4.000          3.984                         0.016
    983       C      2       4.000          3.984                         0.016
    984       C      2       4.000          4.463                        -0.463
    985       C      2       4.000          4.463                        -0.463
    986       C      2       4.000          4.463                        -0.463
    987       C      2       4.000          4.463                        -0.463
    988       C      2       4.000          3.984                         0.016
    989       C      2       4.000          3.984                         0.016
    990       H      1       1.000          0.552                         0.448
    991       H      1       1.000          0.552                         0.448
    992       C      2       4.000          4.008                        -0.008
    993       C      2       4.000          4.008                        -0.008
    994       C      2       4.000          3.980                         0.020
    995       C      2       4.000          3.980                         0.020
    996       C      2       4.000          4.008                        -0.008
    997       C      2       4.000          4.008                        -0.008
    998       H      1       1.000          0.552                         0.448
    999       H      1       1.000          0.552                         0.448
   1000       C      2       4.000          3.984                         0.016
   1001       C      2       4.000          3.984                         0.016
   1002       C      2       4.000          4.463                        -0.463
   1003       C      2       4.000          4.463                        -0.463
   1004       C      2       4.000          4.463                        -0.463
   1005       C      2       4.000          4.463                        -0.463
   1006       C      2       4.000          3.984                         0.016
   1007       C      2       4.000          3.984                         0.016
   1008       H      1       1.000          0.552                         0.448
   1009       H      1       1.000          0.552                         0.448
   1010       C      2       4.000          4.008                        -0.008
   1011       C      2       4.000          4.008                        -0.008
   1012       C      2       4.000          3.980                         0.020
   1013       C      2       4.000          3.980                         0.020
   1014       C      2       4.000          4.008                        -0.008
   1015       C      2       4.000          4.008                        -0.008
   1016       H      1       1.000          0.552                         0.448
   1017       H      1       1.000          0.552                         0.448
   1018       C      2       4.000          3.984                         0.016
   1019       C      2       4.000          3.984                         0.016
   1020       C      2       4.000          4.463                        -0.463
   1021       C      2       4.000          4.463                        -0.463
   1022       C      2       4.000          4.463                        -0.463
   1023       C      2       4.000          4.463                        -0.463
   1024       C      2       4.000          3.984                         0.016
   1025       C      2       4.000          3.984                         0.016
   1026       H      1       1.000          0.552                         0.448
   1027       H      1       1.000          0.552                         0.448
   1028       C      2       4.000          4.008                        -0.008
   1029       C      2       4.000          4.008                        -0.008
   1030       C      2       4.000          3.980                         0.020
   1031       C      2       4.000          3.980                         0.020
   1032       C      2       4.000          4.008                        -0.008
   1033       C      2       4.000          4.008                        -0.008
   1034       H      1       1.000          0.552                         0.448
   1035       H      1       1.000          0.552                         0.448
   1036       C      2       4.000          3.984                         0.016
   1037       C      2       4.000          3.984                         0.016
   1038       C      2       4.000          4.463                        -0.463
   1039       C      2       4.000          4.463                        -0.463
   1040       C      2       4.000          4.463                        -0.463
   1041       C      2       4.000          4.463                        -0.463
   1042       C      2       4.000          3.984                         0.016
   1043       C      2       4.000          3.984                         0.016
   1044       H      1       1.000          0.552                         0.448
   1045       H      1       1.000          0.552                         0.448
   1046       C      2       4.000          4.008                        -0.008
   1047       C      2       4.000          4.008                        -0.008
   1048       C      2       4.000          3.980                         0.020
   1049       C      2       4.000          3.980                         0.020
   1050       C      2       4.000          4.008                        -0.008
   1051       C      2       4.000          4.008                        -0.008
   1052       H      1       1.000          0.552                         0.448
   1053       H      1       1.000          0.552                         0.448
   1054       C      2       4.000          3.984                         0.016
   1055       C      2       4.000          3.984                         0.016
   1056       C      2       4.000          4.463                        -0.463
   1057       C      2       4.000          4.463                        -0.463
   1058       C      2       4.000          4.463                        -0.463
   1059       C      2       4.000          4.463                        -0.463
   1060       C      2       4.000          3.984                         0.016
   1061       C      2       4.000          3.984                         0.016
   1062       H      1       1.000          0.552                         0.448
   1063       H      1       1.000          0.552                         0.448
   1064       C      2       4.000          4.008                        -0.008
   1065       C      2       4.000          4.008                        -0.008
   1066       C      2       4.000          3.980                         0.020
   1067       C      2       4.000          3.980                         0.020
   1068       C      2       4.000          4.008                        -0.008
   1069       C      2       4.000          4.008                        -0.008
   1070       H      1       1.000          0.552                         0.448
   1071       H      1       1.000          0.552                         0.448
   1072       C      2       4.000          3.984                         0.016
   1073       C      2       4.000          3.984                         0.016
   1074       C      2       4.000          4.463                        -0.463
   1075       C      2       4.000          4.463                        -0.463
   1076       C      2       4.000          4.463                        -0.463
   1077       C      2       4.000          4.463                        -0.463
   1078       C      2       4.000          3.984                         0.016
   1079       C      2       4.000          3.984                         0.016
   1080       H      1       1.000          0.552                         0.448
   1081       H      1       1.000          0.552                         0.448
   1082       C      2       4.000          4.008                        -0.008
   1083       C      2       4.000          4.008                        -0.008
   1084       C      2       4.000          3.980                         0.020
   1085       C      2       4.000          3.980                         0.020
   1086       C      2       4.000          4.008                        -0.008
   1087       C      2       4.000          4.008                        -0.008
   1088       H      1       1.000          0.552                         0.448
   1089       H      1       1.000          0.552                         0.448
   1090       C      2       4.000          3.984                         0.016
   1091       C      2       4.000          3.984                         0.016
   1092       C      2       4.000          4.463                        -0.463
   1093       C      2       4.000          4.463                        -0.463
   1094       C      2       4.000          4.463                        -0.463
   1095       C      2       4.000          4.463                        -0.463
   1096       C      2       4.000          3.984                         0.016
   1097       C      2       4.000          3.984                         0.016
   1098       H      1       1.000          0.552                         0.448
   1099       H      1       1.000          0.552                         0.448
   1100       C      2       4.000          4.008                        -0.008
   1101       C      2       4.000          4.008                        -0.008
   1102       C      2       4.000          3.980                         0.020
   1103       C      2       4.000          3.980                         0.020
   1104       C      2       4.000          4.008                        -0.008
   1105       C      2       4.000          4.008                        -0.008
   1106       H      1       1.000          0.552                         0.448
   1107       H      1       1.000          0.552                         0.448
   1108       C      2       4.000          3.984                         0.016
   1109       C      2       4.000          3.984                         0.016
   1110       C      2       4.000          4.463                        -0.463
   1111       C      2       4.000          4.463                        -0.463
   1112       C      2       4.000          4.463                        -0.463
   1113       C      2       4.000          4.463                        -0.463
   1114       C      2       4.000          3.984                         0.016
   1115       C      2       4.000          3.984                         0.016
   1116       H      1       1.000          0.552                         0.448
   1117       H      1       1.000          0.552                         0.448
   1118       C      2       4.000          4.008                        -0.008
   1119       C      2       4.000          4.008                        -0.008
   1120       C      2       4.000          3.980                         0.020
   1121       C      2       4.000          3.980                         0.020
   1122       C      2       4.000          4.008                        -0.008
   1123       C      2       4.000          4.008                        -0.008
   1124       H      1       1.000          0.552                         0.448
   1125       H      1       1.000          0.552                         0.448
   1126       C      2       4.000          3.984                         0.016
   1127       C      2       4.000          3.984                         0.016
   1128       C      2       4.000          4.463                        -0.463
   1129       C      2       4.000          4.463                        -0.463
   1130       C      2       4.000          4.463                        -0.463
   1131       C      2       4.000          4.463                        -0.463
   1132       C      2       4.000          3.984                         0.016
   1133       C      2       4.000          3.984                         0.016
   1134       H      1       1.000          0.552                         0.448
   1135       H      1       1.000          0.552                         0.448
   1136       C      2       4.000          4.008                        -0.008
   1137       C      2       4.000          4.008                        -0.008
   1138       C      2       4.000          3.980                         0.020
   1139       C      2       4.000          3.980                         0.020
   1140       C      2       4.000          4.008                        -0.008
   1141       C      2       4.000          4.008                        -0.008
   1142       H      1       1.000          0.552                         0.448
   1143       H      1       1.000          0.552                         0.448
   1144       C      2       4.000          3.984                         0.016
   1145       C      2       4.000          3.984                         0.016
   1146       C      2       4.000          4.463                        -0.463
   1147       C      2       4.000          4.463                        -0.463
   1148       C      2       4.000          4.463                        -0.463
   1149       C      2       4.000          4.463                        -0.463
   1150       C      2       4.000          3.984                         0.016
   1151       C      2       4.000          3.984                         0.016
   1152       H      1       1.000          0.552                         0.448
   1153       H      1       1.000          0.552                         0.448
   1154       C      2       4.000          4.008                        -0.008
   1155       C      2       4.000          4.008                        -0.008
   1156       C      2       4.000          3.980                         0.020
   1157       C      2       4.000          3.980                         0.020
   1158       C      2       4.000          4.008                        -0.008
   1159       C      2       4.000          4.008                        -0.008
   1160       H      1       1.000          0.552                         0.448
   1161       H      1       1.000          0.552                         0.448
   1162       C      2       4.000          3.984                         0.016
   1163       C      2       4.000          3.984                         0.016
   1164       C      2       4.000          4.463                        -0.463
   1165       C      2       4.000          4.463                        -0.463
   1166       C      2       4.000          4.463                        -0.463
   1167       C      2       4.000          4.463                        -0.463
   1168       C      2       4.000          3.984                         0.016
   1169       C      2       4.000          3.984                         0.016
   1170       H      1       1.000          0.552                         0.448
   1171       H      1       1.000          0.552                         0.448
   1172       C      2       4.000          4.008                        -0.008
   1173       C      2       4.000          4.008                        -0.008
   1174       C      2       4.000          3.980                         0.020
   1175       C      2       4.000          3.980                         0.020
   1176       C      2       4.000          4.008                        -0.008
   1177       C      2       4.000          4.008                        -0.008
   1178       H      1       1.000          0.552                         0.448
   1179       H      1       1.000          0.552                         0.448
   1180       C      2       4.000          3.984                         0.016
   1181       C      2       4.000          3.984                         0.016
   1182       C      2       4.000          4.463                        -0.463
   1183       C      2       4.000          4.463                        -0.463
   1184       C      2       4.000          4.463                        -0.463
   1185       C      2       4.000          4.463                        -0.463
   1186       C      2       4.000          3.984                         0.016
   1187       C      2       4.000          3.984                         0.016
   1188       H      1       1.000          0.552                         0.448
   1189       H      1       1.000          0.552                         0.448
   1190       C      2       4.000          4.008                        -0.008
   1191       C      2       4.000          4.008                        -0.008
   1192       C      2       4.000          3.980                         0.020
   1193       C      2       4.000          3.980                         0.020
   1194       C      2       4.000          4.008                        -0.008
   1195       C      2       4.000          4.008                        -0.008
   1196       H      1       1.000          0.552                         0.448
   1197       H      1       1.000          0.552                         0.448
   1198       C      2       4.000          3.984                         0.016
   1199       C      2       4.000          3.984                         0.016
   1200       C      2       4.000          4.463                        -0.463
   1201       C      2       4.000          4.463                        -0.463
   1202       C      2       4.000          4.463                        -0.463
   1203       C      2       4.000          4.463                        -0.463
   1204       C      2       4.000          3.984                         0.016
   1205       C      2       4.000          3.984                         0.016
   1206       H      1       1.000          0.552                         0.448
   1207       H      1       1.000          0.552                         0.448
   1208       C      2       4.000          4.008                        -0.008
   1209       C      2       4.000          4.008                        -0.008
   1210       C      2       4.000          3.980                         0.020
   1211       C      2       4.000          3.980                         0.020
   1212       C      2       4.000          4.008                        -0.008
   1213       C      2       4.000          4.008                        -0.008
   1214       H      1       1.000          0.552                         0.448
   1215       H      1       1.000          0.552                         0.448
   1216       C      2       4.000          3.984                         0.016
   1217       C      2       4.000          3.984                         0.016
   1218       C      2       4.000          4.463                        -0.463
   1219       C      2       4.000          4.463                        -0.463
   1220       C      2       4.000          4.463                        -0.463
   1221       C      2       4.000          4.463                        -0.463
   1222       C      2       4.000          3.984                         0.016
   1223       C      2       4.000          3.984                         0.016
   1224       H      1       1.000          0.552                         0.448
   1225       H      1       1.000          0.552                         0.448
   1226       C      2       4.000          4.008                        -0.008
   1227       C      2       4.000          4.008                        -0.008
   1228       C      2       4.000          3.980                         0.020
   1229       C      2       4.000          3.980                         0.020
   1230       C      2       4.000          4.008                        -0.008
   1231       C      2       4.000          4.008                        -0.008
   1232       H      1       1.000          0.552                         0.448
   1233       H      1       1.000          0.552                         0.448
   1234       C      2       4.000          3.984                         0.016
   1235       C      2       4.000          3.984                         0.016
   1236       C      2       4.000          4.463                        -0.463
   1237       C      2       4.000          4.463                        -0.463
   1238       C      2       4.000          4.463                        -0.463
   1239       C      2       4.000          4.463                        -0.463
   1240       C      2       4.000          3.984                         0.016
   1241       C      2       4.000          3.984                         0.016
   1242       H      1       1.000          0.552                         0.448
   1243       H      1       1.000          0.552                         0.448
   1244       C      2       4.000          4.008                        -0.008
   1245       C      2       4.000          4.008                        -0.008
   1246       C      2       4.000          3.980                         0.020
   1247       C      2       4.000          3.980                         0.020
   1248       C      2       4.000          4.008                        -0.008
   1249       C      2       4.000          4.008                        -0.008
   1250       H      1       1.000          0.552                         0.448
   1251       H      1       1.000          0.552                         0.448
   1252       C      2       4.000          3.984                         0.016
   1253       C      2       4.000          3.984                         0.016
   1254       C      2       4.000          4.463                        -0.463
   1255       C      2       4.000          4.463                        -0.463
   1256       C      2       4.000          4.463                        -0.463
   1257       C      2       4.000          4.463                        -0.463
   1258       C      2       4.000          3.984                         0.016
   1259       C      2       4.000          3.984                         0.016
   1260       H      1       1.000          0.552                         0.448
   1261       H      1       1.000          0.552                         0.448
   1262       C      2       4.000          4.008                        -0.008
   1263       C      2       4.000          4.008                        -0.008
   1264       C      2       4.000          3.980                         0.020
   1265       C      2       4.000          3.980                         0.020
   1266       C      2       4.000          4.008                        -0.008
   1267       C      2       4.000          4.008                        -0.008
   1268       H      1       1.000          0.552                         0.448
   1269       H      1       1.000          0.552                         0.448
   1270       C      2       4.000          3.984                         0.016
   1271       C      2       4.000          3.984                         0.016
   1272       C      2       4.000          4.463                        -0.463
   1273       C      2       4.000          4.463                        -0.463
   1274       C      2       4.000          4.463                        -0.463
   1275       C      2       4.000          4.463                        -0.463
   1276       C      2       4.000          3.984                         0.016
   1277       C      2       4.000          3.984                         0.016
   1278       H      1       1.000          0.552                         0.448
   1279       H      1       1.000          0.552                         0.448
   1280       C      2       4.000          4.008                        -0.008
   1281       C      2       4.000          4.008                        -0.008
   1282       C      2       4.000          3.980                         0.020
   1283       C      2       4.000          3.980                         0.020
   1284       C      2       4.000          4.008                        -0.008
   1285       C      2       4.000          4.008                        -0.008
   1286       H      1       1.000          0.552                         0.448
   1287       H      1       1.000          0.552                         0.448
   1288       C      2       4.000          3.984                         0.016
   1289       C      2       4.000          3.984                         0.016
   1290       C      2       4.000          4.463                        -0.463
   1291       C      2       4.000          4.463                        -0.463
   1292       C      2       4.000          4.463                        -0.463
   1293       C      2       4.000          4.463                        -0.463
   1294       C      2       4.000          3.984                         0.016
   1295       C      2       4.000          3.984                         0.016
   1296       H      1       1.000          0.552                         0.448
   1297       H      1       1.000          0.552                         0.448
   1298       C      2       4.000          4.008                        -0.008
   1299       C      2       4.000          4.008                        -0.008
   1300       C      2       4.000          3.980                         0.020
   1301       C      2       4.000          3.980                         0.020
   1302       C      2       4.000          4.008                        -0.008
   1303       C      2       4.000          4.008                        -0.008
   1304       H      1       1.000          0.552                         0.448
   1305       H      1       1.000          0.552                         0.448
   1306       C      2       4.000          3.984                         0.016
   1307       C      2       4.000          3.984                         0.016
   1308       C      2       4.000          4.463                        -0.463
   1309       C      2       4.000          4.463                        -0.463
   1310       C      2       4.000          4.463                        -0.463
   1311       C      2       4.000          4.463                        -0.463
   1312       C      2       4.000          3.984                         0.016
   1313       C      2       4.000          3.984                         0.016
   1314       H      1       1.000          0.552                         0.448
   1315       H      1       1.000          0.552                         0.448
   1316       C      2       4.000          4.008                        -0.008
   1317       C      2       4.000          4.008                        -0.008
   1318       C      2       4.000          3.980                         0.020
   1319       C      2       4.000          3.980                         0.020
   1320       C      2       4.000          4.008                        -0.008
   1321       C      2       4.000          4.008                        -0.008
   1322       H      1       1.000          0.552                         0.448
   1323       H      1       1.000          0.552                         0.448
   1324       C      2       4.000          3.984                         0.016
   1325       C      2       4.000          3.984                         0.016
   1326       C      2       4.000          4.463                        -0.463
   1327       C      2       4.000          4.463                        -0.463
   1328       C      2       4.000          4.463                        -0.463
   1329       C      2       4.000          4.463                        -0.463
   1330       C      2       4.000          3.984                         0.016
   1331       C      2       4.000          3.984                         0.016
   1332       H      1       1.000          0.552                         0.448
   1333       H      1       1.000          0.552                         0.448
   1334       C      2       4.000          4.008                        -0.008
   1335       C      2       4.000          4.008                        -0.008
   1336       C      2       4.000          3.980                         0.020
   1337       C      2       4.000          3.980                         0.020
   1338       C      2       4.000          4.008                        -0.008
   1339       C      2       4.000          4.008                        -0.008
   1340       H      1       1.000          0.552                         0.448
   1341       H      1       1.000          0.552                         0.448
   1342       C      2       4.000          3.984                         0.016
   1343       C      2       4.000          3.984                         0.016
   1344       C      2       4.000          4.463                        -0.463
   1345       C      2       4.000          4.463                        -0.463
   1346       C      2       4.000          4.463                        -0.463
   1347       C      2       4.000          4.463                        -0.463
   1348       C      2       4.000          3.984                         0.016
   1349       C      2       4.000          3.984                         0.016
   1350       H      1       1.000          0.552                         0.448
   1351       H      1       1.000          0.552                         0.448
   1352       C      2       4.000          4.008                        -0.008
   1353       C      2       4.000          4.008                        -0.008
   1354       C      2       4.000          3.980                         0.020
   1355       C      2       4.000          3.980                         0.020
   1356       C      2       4.000          4.008                        -0.008
   1357       C      2       4.000          4.008                        -0.008
   1358       H      1       1.000          0.552                         0.448
   1359       H      1       1.000          0.552                         0.448
   1360       C      2       4.000          3.984                         0.016
   1361       C      2       4.000          3.984                         0.016
   1362       C      2       4.000          4.463                        -0.463
   1363       C      2       4.000          4.463                        -0.463
   1364       C      2       4.000          4.463                        -0.463
   1365       C      2       4.000          4.463                        -0.463
   1366       C      2       4.000          3.984                         0.016
   1367       C      2       4.000          3.984                         0.016
   1368       H      1       1.000          0.552                         0.448
   1369       H      1       1.000          0.552                         0.448
   1370       C      2       4.000          4.008                        -0.008
   1371       C      2       4.000          4.008                        -0.008
   1372       C      2       4.000          3.980                         0.020
   1373       C      2       4.000          3.980                         0.020
   1374       C      2       4.000          4.008                        -0.008
   1375       C      2       4.000          4.008                        -0.008
   1376       H      1       1.000          0.552                         0.448
   1377       H      1       1.000          0.552                         0.448
   1378       C      2       4.000          3.984                         0.016
   1379       C      2       4.000          3.984                         0.016
   1380       C      2       4.000          4.463                        -0.463
   1381       C      2       4.000          4.463                        -0.463
   1382       C      2       4.000          4.463                        -0.463
   1383       C      2       4.000          4.463                        -0.463
   1384       C      2       4.000          3.984                         0.016
   1385       C      2       4.000          3.984                         0.016
   1386       H      1       1.000          0.552                         0.448
   1387       H      1       1.000          0.552                         0.448
   1388       C      2       4.000          4.008                        -0.008
   1389       C      2       4.000          4.008                        -0.008
   1390       C      2       4.000          3.980                         0.020
   1391       C      2       4.000          3.980                         0.020
   1392       C      2       4.000          4.008                        -0.008
   1393       C      2       4.000          4.008                        -0.008
   1394       H      1       1.000          0.552                         0.448
   1395       H      1       1.000          0.552                         0.448
   1396       C      2       4.000          3.984                         0.016
   1397       C      2       4.000          3.984                         0.016
   1398       C      2       4.000          4.463                        -0.463
   1399       C      2       4.000          4.463                        -0.463
   1400       C      2       4.000          4.463                        -0.463
   1401       C      2       4.000          4.463                        -0.463
   1402       C      2       4.000          3.984                         0.016
   1403       C      2       4.000          3.984                         0.016
   1404       H      1       1.000          0.552                         0.448
   1405       H      1       1.000          0.552                         0.448
   1406       C      2       4.000          4.008                        -0.008
   1407       C      2       4.000          4.008                        -0.008
   1408       C      2       4.000          3.980                         0.020
   1409       C      2       4.000          3.980                         0.020
   1410       C      2       4.000          4.008                        -0.008
   1411       C      2       4.000          4.008                        -0.008
   1412       H      1       1.000          0.552                         0.448
   1413       H      1       1.000          0.552                         0.448
   1414       C      2       4.000          3.984                         0.016
   1415       C      2       4.000          3.984                         0.016
   1416       C      2       4.000          4.463                        -0.463
   1417       C      2       4.000          4.463                        -0.463
   1418       C      2       4.000          4.463                        -0.463
   1419       C      2       4.000          4.463                        -0.463
   1420       C      2       4.000          3.984                         0.016
   1421       C      2       4.000          3.984                         0.016
   1422       H      1       1.000          0.552                         0.448
   1423       H      1       1.000          0.552                         0.448
   1424       C      2       4.000          4.008                        -0.008
   1425       C      2       4.000          4.008                        -0.008
   1426       C      2       4.000          3.980                         0.020
   1427       C      2       4.000          3.980                         0.020
   1428       C      2       4.000          4.008                        -0.008
   1429       C      2       4.000          4.008                        -0.008
   1430       H      1       1.000          0.552                         0.448
   1431       H      1       1.000          0.552                         0.448
   1432       C      2       4.000          3.984                         0.016
   1433       C      2       4.000          3.984                         0.016
   1434       C      2       4.000          4.463                        -0.463
   1435       C      2       4.000          4.463                        -0.463
   1436       C      2       4.000          4.463                        -0.463
   1437       C      2       4.000          4.463                        -0.463
   1438       C      2       4.000          3.984                         0.016
   1439       C      2       4.000          3.984                         0.016
   1440       H      1       1.000          0.552                         0.448
   1441       H      1       1.000          0.552                         0.448
   1442       C      2       4.000          4.008                        -0.008
   1443       C      2       4.000          4.008                        -0.008
   1444       C      2       4.000          3.980                         0.020
   1445       C      2       4.000          3.980                         0.020
   1446       C      2       4.000          4.008                        -0.008
   1447       C      2       4.000          4.008                        -0.008
   1448       H      1       1.000          0.552                         0.448
   1449       H      1       1.000          0.552                         0.448
   1450       C      2       4.000          3.984                         0.016
   1451       C      2       4.000          3.984                         0.016
   1452       C      2       4.000          4.463                        -0.463
   1453       C      2       4.000          4.463                        -0.463
   1454       C      2       4.000          4.463                        -0.463
   1455       C      2       4.000          4.463                        -0.463
   1456       C      2       4.000          3.984                         0.016
   1457       C      2       4.000          3.984                         0.016
   1458       H      1       1.000          0.552                         0.448
   1459       H      1       1.000          0.552                         0.448
   1460       C      2       4.000          4.008                        -0.008
   1461       C      2       4.000          4.008                        -0.008
   1462       C      2       4.000          3.980                         0.020
   1463       C      2       4.000          3.980                         0.020
   1464       C      2       4.000          4.008                        -0.008
   1465       C      2       4.000          4.008                        -0.008
   1466       H      1       1.000          0.552                         0.448
   1467       H      1       1.000          0.552                         0.448
   1468       C      2       4.000          3.984                         0.016
   1469       C      2       4.000          3.984                         0.016
   1470       C      2       4.000          4.463                        -0.463
   1471       C      2       4.000          4.463                        -0.463
   1472       C      2       4.000          4.463                        -0.463
   1473       C      2       4.000          4.463                        -0.463
   1474       C      2       4.000          3.984                         0.016
   1475       C      2       4.000          3.984                         0.016
   1476       H      1       1.000          0.552                         0.448
   1477       H      1       1.000          0.552                         0.448
   1478       C      2       4.000          4.008                        -0.008
   1479       C      2       4.000          4.008                        -0.008
   1480       C      2       4.000          3.980                         0.020
   1481       C      2       4.000          3.980                         0.020
   1482       C      2       4.000          4.008                        -0.008
   1483       C      2       4.000          4.008                        -0.008
   1484       H      1       1.000          0.552                         0.448
   1485       H      1       1.000          0.552                         0.448
   1486       C      2       4.000          3.984                         0.016
   1487       C      2       4.000          3.984                         0.016
   1488       C      2       4.000          4.463                        -0.463
   1489       C      2       4.000          4.463                        -0.463
   1490       C      2       4.000          4.463                        -0.463
   1491       C      2       4.000          4.463                        -0.463
   1492       C      2       4.000          3.984                         0.016
   1493       C      2       4.000          3.984                         0.016
   1494       H      1       1.000          0.552                         0.448
   1495       H      1       1.000          0.552                         0.448
   1496       C      2       4.000          4.008                        -0.008
   1497       C      2       4.000          4.008                        -0.008
   1498       C      2       4.000          3.980                         0.020
   1499       C      2       4.000          3.980                         0.020
   1500       C      2       4.000          4.008                        -0.008
   1501       C      2       4.000          4.008                        -0.008
   1502       H      1       1.000          0.552                         0.448
   1503       H      1       1.000          0.552                         0.448
   1504       C      2       4.000          3.984                         0.016
   1505       C      2       4.000          3.984                         0.016
   1506       C      2       4.000          4.463                        -0.463
   1507       C      2       4.000          4.463                        -0.463
   1508       C      2       4.000          4.463                        -0.463
   1509       C      2       4.000          4.463                        -0.463
   1510       C      2       4.000          3.984                         0.016
   1511       C      2       4.000          3.984                         0.016
   1512       H      1       1.000          0.552                         0.448
   1513       H      1       1.000          0.552                         0.448
   1514       C      2       4.000          4.008                        -0.008
   1515       C      2       4.000          4.008                        -0.008
   1516       C      2       4.000          3.980                         0.020
   1517       C      2       4.000          3.980                         0.020
   1518       C      2       4.000          4.008                        -0.008
   1519       C      2       4.000          4.008                        -0.008
   1520       H      1       1.000          0.552                         0.448
   1521       H      1       1.000          0.552                         0.448
   1522       C      2       4.000          3.984                         0.016
   1523       C      2       4.000          3.984                         0.016
   1524       C      2       4.000          4.463                        -0.463
   1525       C      2       4.000          4.463                        -0.463
   1526       C      2       4.000          4.463                        -0.463
   1527       C      2       4.000          4.463                        -0.463
   1528       C      2       4.000          3.984                         0.016
   1529       C      2       4.000          3.984                         0.016
   1530       H      1       1.000          0.552                         0.448
   1531       H      1       1.000          0.552                         0.448
   1532       C      2       4.000          4.008                        -0.008
   1533       C      2       4.000          4.008                        -0.008
   1534       C      2       4.000          3.980                         0.020
   1535       C      2       4.000          3.980                         0.020
   1536       C      2       4.000          4.008                        -0.008
   1537       C      2       4.000          4.008                        -0.008
   1538       H      1       1.000          0.552                         0.448
   1539       H      1       1.000          0.552                         0.448
   1540       C      2       4.000          3.984                         0.016
   1541       C      2       4.000          3.984                         0.016
   1542       C      2       4.000          4.463                        -0.463
   1543       C      2       4.000          4.463                        -0.463
   1544       C      2       4.000          4.463                        -0.463
   1545       C      2       4.000          4.463                        -0.463
   1546       C      2       4.000          3.984                         0.016
   1547       C      2       4.000          3.984                         0.016
   1548       H      1       1.000          0.552                         0.448
   1549       H      1       1.000          0.552                         0.448
   1550       C      2       4.000          4.008                        -0.008
   1551       C      2       4.000          4.008                        -0.008
   1552       C      2       4.000          3.980                         0.020
   1553       C      2       4.000          3.980                         0.020
   1554       C      2       4.000          4.008                        -0.008
   1555       C      2       4.000          4.008                        -0.008
   1556       H      1       1.000          0.552                         0.448
   1557       H      1       1.000          0.552                         0.448
   1558       C      2       4.000          3.984                         0.016
   1559       C      2       4.000          3.984                         0.016
   1560       C      2       4.000          4.463                        -0.463
   1561       C      2       4.000          4.463                        -0.463
   1562       C      2       4.000          4.463                        -0.463
   1563       C      2       4.000          4.463                        -0.463
   1564       C      2       4.000          3.984                         0.016
   1565       C      2       4.000          3.984                         0.016
   1566       H      1       1.000          0.552                         0.448
   1567       H      1       1.000          0.552                         0.448
   1568       C      2       4.000          4.008                        -0.008
   1569       C      2       4.000          4.008                        -0.008
   1570       C      2       4.000          3.980                         0.020
   1571       C      2       4.000          3.980                         0.020
   1572       C      2       4.000          4.008                        -0.008
   1573       C      2       4.000          4.008                        -0.008
   1574       H      1       1.000          0.552                         0.448
   1575       H      1       1.000          0.552                         0.448
   1576       C      2       4.000          3.984                         0.016
   1577       C      2       4.000          3.984                         0.016
   1578       C      2       4.000          4.463                        -0.463
   1579       C      2       4.000          4.463                        -0.463
   1580       C      2       4.000          4.463                        -0.463
   1581       C      2       4.000          4.463                        -0.463
   1582       C      2       4.000          3.984                         0.016
   1583       C      2       4.000          3.984                         0.016
   1584       H      1       1.000          0.552                         0.448
   1585       H      1       1.000          0.552                         0.448
   1586       C      2       4.000          4.008                        -0.008
   1587       C      2       4.000          4.008                        -0.008
   1588       C      2       4.000          3.980                         0.020
   1589       C      2       4.000          3.980                         0.020
   1590       C      2       4.000          4.008                        -0.008
   1591       C      2       4.000          4.008                        -0.008
   1592       H      1       1.000          0.552                         0.448
   1593       H      1       1.000          0.552                         0.448
   1594       C      2       4.000          3.984                         0.016
   1595       C      2       4.000          3.984                         0.016
   1596       C      2       4.000          4.463                        -0.463
   1597       C      2       4.000          4.463                        -0.463
   1598       C      2       4.000          4.463                        -0.463
   1599       C      2       4.000          4.463                        -0.463
   1600       C      2       4.000          3.984                         0.016
   1601       C      2       4.000          3.984                         0.016
   1602       H      1       1.000          0.552                         0.448
   1603       H      1       1.000          0.552                         0.448
   1604       C      2       4.000          4.008                        -0.008
   1605       C      2       4.000          4.008                        -0.008
   1606       C      2       4.000          3.980                         0.020
   1607       C      2       4.000          3.980                         0.020
   1608       C      2       4.000          4.008                        -0.008
   1609       C      2       4.000          4.008                        -0.008
   1610       H      1       1.000          0.552                         0.448
   1611       H      1       1.000          0.552                         0.448
   1612       C      2       4.000          3.984                         0.016
   1613       C      2       4.000          3.984                         0.016
   1614       C      2       4.000          4.463                        -0.463
   1615       C      2       4.000          4.463                        -0.463
   1616       C      2       4.000          4.463                        -0.463
   1617       C      2       4.000          4.463                        -0.463
   1618       C      2       4.000          3.984                         0.016
   1619       C      2       4.000          3.984                         0.016
   1620       H      1       1.000          0.552                         0.448
   1621       H      1       1.000          0.552                         0.448
   1622       C      2       4.000          4.008                        -0.008
   1623       C      2       4.000          4.008                        -0.008
   1624       C      2       4.000          3.980                         0.020
   1625       C      2       4.000          3.980                         0.020
   1626       C      2       4.000          4.008                        -0.008
   1627       C      2       4.000          4.008                        -0.008
   1628       H      1       1.000          0.552                         0.448
   1629       H      1       1.000          0.552                         0.448
   1630       C      2       4.000          3.984                         0.016
   1631       C      2       4.000          3.984                         0.016
   1632       C      2       4.000          4.463                        -0.463
   1633       C      2       4.000          4.463                        -0.463
   1634       C      2       4.000          4.463                        -0.463
   1635       C      2       4.000          4.463                        -0.463
   1636       C      2       4.000          3.984                         0.016
   1637       C      2       4.000          3.984                         0.016
   1638       H      1       1.000          0.552                         0.448
   1639       H      1       1.000          0.552                         0.448
   1640       C      2       4.000          4.008                        -0.008
   1641       C      2       4.000          4.008                        -0.008
   1642       C      2       4.000          3.980                         0.020
   1643       C      2       4.000          3.980                         0.020
   1644       C      2       4.000          4.008                        -0.008
   1645       C      2       4.000          4.008                        -0.008
   1646       H      1       1.000          0.552                         0.448
   1647       H      1       1.000          0.552                         0.448
   1648       C      2       4.000          3.984                         0.016
   1649       C      2       4.000          3.984                         0.016
   1650       C      2       4.000          4.463                        -0.463
   1651       C      2       4.000          4.463                        -0.463
   1652       C      2       4.000          4.463                        -0.463
   1653       C      2       4.000          4.463                        -0.463
   1654       C      2       4.000          3.984                         0.016
   1655       C      2       4.000          3.984                         0.016
   1656       H      1       1.000          0.552                         0.448
   1657       H      1       1.000          0.552                         0.448
   1658       C      2       4.000          4.008                        -0.008
   1659       C      2       4.000          4.008                        -0.008
   1660       C      2       4.000          3.980                         0.020
   1661       C      2       4.000          3.980                         0.020
   1662       C      2       4.000          4.008                        -0.008
   1663       C      2       4.000          4.008                        -0.008
   1664       H      1       1.000          0.552                         0.448
   1665       H      1       1.000          0.552                         0.448
   1666       C      2       4.000          3.984                         0.016
   1667       C      2       4.000          3.984                         0.016
   1668       C      2       4.000          4.463                        -0.463
   1669       C      2       4.000          4.463                        -0.463
   1670       C      2       4.000          4.463                        -0.463
   1671       C      2       4.000          4.463                        -0.463
   1672       C      2       4.000          3.984                         0.016
   1673       C      2       4.000          3.984                         0.016
   1674       H      1       1.000          0.552                         0.448
   1675       H      1       1.000          0.552                         0.448
   1676       C      2       4.000          4.008                        -0.008
   1677       C      2       4.000          4.008                        -0.008
   1678       C      2       4.000          3.980                         0.020
   1679       C      2       4.000          3.980                         0.020
   1680       C      2       4.000          4.008                        -0.008
   1681       C      2       4.000          4.008                        -0.008
   1682       H      1       1.000          0.552                         0.448
   1683       H      1       1.000          0.552                         0.448
   1684       C      2       4.000          3.984                         0.016
   1685       C      2       4.000          3.984                         0.016
   1686       C      2       4.000          4.463                        -0.463
   1687       C      2       4.000          4.463                        -0.463
   1688       C      2       4.000          4.463                        -0.463
   1689       C      2       4.000          4.463                        -0.463
   1690       C      2       4.000          3.984                         0.016
   1691       C      2       4.000          3.984                         0.016
   1692       H      1       1.000          0.552                         0.448
   1693       H      1       1.000          0.552                         0.448
   1694       C      2       4.000          4.008                        -0.008
   1695       C      2       4.000          4.008                        -0.008
   1696       C      2       4.000          3.980                         0.020
   1697       C      2       4.000          3.980                         0.020
   1698       C      2       4.000          4.008                        -0.008
   1699       C      2       4.000          4.008                        -0.008
   1700       H      1       1.000          0.552                         0.448
   1701       H      1       1.000          0.552                         0.448
   1702       C      2       4.000          3.984                         0.016
   1703       C      2       4.000          3.984                         0.016
   1704       C      2       4.000          4.463                        -0.463
   1705       C      2       4.000          4.463                        -0.463
   1706       C      2       4.000          4.463                        -0.463
   1707       C      2       4.000          4.463                        -0.463
   1708       C      2       4.000          3.984                         0.016
   1709       C      2       4.000          3.984                         0.016
   1710       H      1       1.000          0.552                         0.448
   1711       H      1       1.000          0.552                         0.448
   1712       C      2       4.000          4.008                        -0.008
   1713       C      2       4.000          4.008                        -0.008
   1714       C      2       4.000          3.980                         0.020
   1715       C      2       4.000          3.980                         0.020
   1716       C      2       4.000          4.008                        -0.008
   1717       C      2       4.000          4.008                        -0.008
   1718       H      1       1.000          0.552                         0.448
   1719       H      1       1.000          0.552                         0.448
   1720       C      2       4.000          3.984                         0.016
   1721       C      2       4.000          3.984                         0.016
   1722       C      2       4.000          4.463                        -0.463
   1723       C      2       4.000          4.463                        -0.463
   1724       C      2       4.000          4.463                        -0.463
   1725       C      2       4.000          4.463                        -0.463
   1726       C      2       4.000          3.984                         0.016
   1727       C      2       4.000          3.984                         0.016
   1728       H      1       1.000          0.552                         0.448
   1729       H      1       1.000          0.552                         0.448
   1730       C      2       4.000          4.008                        -0.008
   1731       C      2       4.000          4.008                        -0.008
   1732       C      2       4.000          3.980                         0.020
   1733       C      2       4.000          3.980                         0.020
   1734       C      2       4.000          4.008                        -0.008
   1735       C      2       4.000          4.008                        -0.008
   1736       H      1       1.000          0.552                         0.448
   1737       H      1       1.000          0.552                         0.448
   1738       C      2       4.000          3.984                         0.016
   1739       C      2       4.000          3.984                         0.016
   1740       C      2       4.000          4.463                        -0.463
   1741       C      2       4.000          4.463                        -0.463
   1742       C      2       4.000          4.463                        -0.463
   1743       C      2       4.000          4.463                        -0.463
   1744       C      2       4.000          3.984                         0.016
   1745       C      2       4.000          3.984                         0.016
   1746       H      1       1.000          0.552                         0.448
   1747       H      1       1.000          0.552                         0.448
   1748       C      2       4.000          4.008                        -0.008
   1749       C      2       4.000          4.008                        -0.008
   1750       C      2       4.000          3.980                         0.020
   1751       C      2       4.000          3.980                         0.020
   1752       C      2       4.000          4.008                        -0.008
   1753       C      2       4.000          4.008                        -0.008
   1754       H      1       1.000          0.552                         0.448
   1755       H      1       1.000          0.552                         0.448
   1756       C      2       4.000          3.984                         0.016
   1757       C      2       4.000          3.984                         0.016
   1758       C      2       4.000          4.463                        -0.463
   1759       C      2       4.000          4.463                        -0.463
   1760       C      2       4.000          4.463                        -0.463
   1761       C      2       4.000          4.463                        -0.463
   1762       C      2       4.000          3.984                         0.016
   1763       C      2       4.000          3.984                         0.016
   1764       H      1       1.000          0.552                         0.448
   1765       H      1       1.000          0.552                         0.448
   1766       C      2       4.000          4.008                        -0.008
   1767       C      2       4.000          4.008                        -0.008
   1768       C      2       4.000          3.980                         0.020
   1769       C      2       4.000          3.980                         0.020
   1770       C      2       4.000          4.008                        -0.008
   1771       C      2       4.000          4.008                        -0.008
   1772       H      1       1.000          0.552                         0.448
   1773       H      1       1.000          0.552                         0.448
   1774       C      2       4.000          3.984                         0.016
   1775       C      2       4.000          3.984                         0.016
   1776       C      2       4.000          4.463                        -0.463
   1777       C      2       4.000          4.463                        -0.463
   1778       C      2       4.000          4.463                        -0.463
   1779       C      2       4.000          4.463                        -0.463
   1780       C      2       4.000          3.984                         0.016
   1781       C      2       4.000          3.984                         0.016
   1782       H      1       1.000          0.552                         0.448
   1783       H      1       1.000          0.552                         0.448
   1784       C      2       4.000          4.008                        -0.008
   1785       C      2       4.000          4.008                        -0.008
   1786       C      2       4.000          3.980                         0.020
   1787       C      2       4.000          3.980                         0.020
   1788       C      2       4.000          4.008                        -0.008
   1789       C      2       4.000          4.008                        -0.008
   1790       H      1       1.000          0.552                         0.448
   1791       H      1       1.000          0.552                         0.448
   1792       C      2       4.000          3.984                         0.016
   1793       C      2       4.000          3.984                         0.016
   1794       C      2       4.000          4.463                        -0.463
   1795       C      2       4.000          4.463                        -0.463
   1796       C      2       4.000          4.463                        -0.463
   1797       C      2       4.000          4.463                        -0.463
   1798       C      2       4.000          3.984                         0.016
   1799       C      2       4.000          3.984                         0.016
   1800       H      1       1.000          0.552                         0.448
   1801       H      1       1.000          0.552                         0.448
   1802       C      2       4.000          4.008                        -0.008
   1803       C      2       4.000          4.008                        -0.008
   1804       C      2       4.000          3.980                         0.020
   1805       C      2       4.000          3.980                         0.020
   1806       C      2       4.000          4.008                        -0.008
   1807       C      2       4.000          4.008                        -0.008
   1808       H      1       1.000          0.552                         0.448
   1809       H      1       1.000          0.552                         0.448
   1810       C      2       4.000          3.984                         0.016
   1811       C      2       4.000          3.984                         0.016
   1812       C      2       4.000          4.463                        -0.463
   1813       C      2       4.000          4.463                        -0.463
   1814       C      2       4.000          4.463                        -0.463
   1815       C      2       4.000          4.463                        -0.463
   1816       C      2       4.000          3.984                         0.016
   1817       C      2       4.000          3.984                         0.016
   1818       H      1       1.000          0.552                         0.448
   1819       H      1       1.000          0.552                         0.448
   1820       C      2       4.000          4.008                        -0.008
   1821       C      2       4.000          4.008                        -0.008
   1822       C      2       4.000          3.980                         0.020
   1823       C      2       4.000          3.980                         0.020
   1824       C      2       4.000          4.008                        -0.008
   1825       C      2       4.000          4.008                        -0.008
   1826       H      1       1.000          0.552                         0.448
   1827       H      1       1.000          0.552                         0.448
   1828       C      2       4.000          3.984                         0.016
   1829       C      2       4.000          3.984                         0.016
   1830       C      2       4.000          4.463                        -0.463
   1831       C      2       4.000          4.463                        -0.463
   1832       C      2       4.000          4.463                        -0.463
   1833       C      2       4.000          4.463                        -0.463
   1834       C      2       4.000          3.984                         0.016
   1835       C      2       4.000          3.984                         0.016
   1836       H      1       1.000          0.552                         0.448
   1837       H      1       1.000          0.552                         0.448
   1838       C      2       4.000          4.008                        -0.008
   1839       C      2       4.000          4.008                        -0.008
   1840       C      2       4.000          3.980                         0.020
   1841       C      2       4.000          3.980                         0.020
   1842       C      2       4.000          4.008                        -0.008
   1843       C      2       4.000          4.008                        -0.008
   1844       H      1       1.000          0.552                         0.448
   1845       H      1       1.000          0.552                         0.448
   1846       C      2       4.000          3.984                         0.016
   1847       C      2       4.000          3.984                         0.016
   1848       C      2       4.000          4.463                        -0.463
   1849       C      2       4.000          4.463                        -0.463
   1850       C      2       4.000          4.463                        -0.463
   1851       C      2       4.000          4.463                        -0.463
   1852       C      2       4.000          3.984                         0.016
   1853       C      2       4.000          3.984                         0.016
   1854       H      1       1.000          0.552                         0.448
   1855       H      1       1.000          0.552                         0.448
   1856       C      2       4.000          4.008                        -0.008
   1857       C      2       4.000          4.008                        -0.008
   1858       C      2       4.000          3.980                         0.020
   1859       C      2       4.000          3.980                         0.020
   1860       C      2       4.000          4.008                        -0.008
   1861       C      2       4.000          4.008                        -0.008
   1862       H      1       1.000          0.552                         0.448
   1863       H      1       1.000          0.552                         0.448
   1864       C      2       4.000          3.984                         0.016
   1865       C      2       4.000          3.984                         0.016
   1866       C      2       4.000          4.463                        -0.463
   1867       C      2       4.000          4.463                        -0.463
   1868       C      2       4.000          4.463                        -0.463
   1869       C      2       4.000          4.463                        -0.463
   1870       C      2       4.000          3.984                         0.016
   1871       C      2       4.000          3.984                         0.016
   1872       H      1       1.000          0.552                         0.448
   1873       H      1       1.000          0.552                         0.448
   1874       C      2       4.000          4.008                        -0.008
   1875       C      2       4.000          4.008                        -0.008
   1876       C      2       4.000          3.980                         0.020
   1877       C      2       4.000          3.980                         0.020
   1878       C      2       4.000          4.008                        -0.008
   1879       C      2       4.000          4.008                        -0.008
   1880       H      1       1.000          0.552                         0.448
   1881       H      1       1.000          0.552                         0.448
   1882       C      2       4.000          3.984                         0.016
   1883       C      2       4.000          3.984                         0.016
   1884       C      2       4.000          4.463                        -0.463
   1885       C      2       4.000          4.463                        -0.463
   1886       C      2       4.000          4.463                        -0.463
   1887       C      2       4.000          4.463                        -0.463
   1888       C      2       4.000          3.984                         0.016
   1889       C      2       4.000          3.984                         0.016
   1890       H      1       1.000          0.552                         0.448
   1891       H      1       1.000          0.552                         0.448
   1892       C      2       4.000          4.008                        -0.008
   1893       C      2       4.000          4.008                        -0.008
   1894       C      2       4.000          3.980                         0.020
   1895       C      2       4.000          3.980                         0.020
   1896       C      2       4.000          4.008                        -0.008
   1897       C      2       4.000          4.008                        -0.008
   1898       H      1       1.000          0.552                         0.448
   1899       H      1       1.000          0.552                         0.448
   1900       C      2       4.000          3.984                         0.016
   1901       C      2       4.000          3.984                         0.016
   1902       C      2       4.000          4.463                        -0.463
   1903       C      2       4.000          4.463                        -0.463
   1904       C      2       4.000          4.463                        -0.463
   1905       C      2       4.000          4.463                        -0.463
   1906       C      2       4.000          3.984                         0.016
   1907       C      2       4.000          3.984                         0.016
   1908       H      1       1.000          0.552                         0.448
   1909       H      1       1.000          0.552                         0.448
   1910       C      2       4.000          4.008                        -0.008
   1911       C      2       4.000          4.008                        -0.008
   1912       C      2       4.000          3.980                         0.020
   1913       C      2       4.000          3.980                         0.020
   1914       C      2       4.000          4.008                        -0.008
   1915       C      2       4.000          4.008                        -0.008
   1916       H      1       1.000          0.552                         0.448
   1917       H      1       1.000          0.552                         0.448
   1918       C      2       4.000          3.984                         0.016
   1919       C      2       4.000          3.984                         0.016
   1920       C      2       4.000          4.463                        -0.463
   1921       C      2       4.000          4.463                        -0.463
   1922       C      2       4.000          4.463                        -0.463
   1923       C      2       4.000          4.463                        -0.463
   1924       C      2       4.000          3.984                         0.016
   1925       C      2       4.000          3.984                         0.016
   1926       H      1       1.000          0.552                         0.448
   1927       H      1       1.000          0.552                         0.448
   1928       C      2       4.000          4.008                        -0.008
   1929       C      2       4.000          4.008                        -0.008
   1930       C      2       4.000          3.980                         0.020
   1931       C      2       4.000          3.980                         0.020
   1932       C      2       4.000          4.008                        -0.008
   1933       C      2       4.000          4.008                        -0.008
   1934       H      1       1.000          0.552                         0.448
   1935       H      1       1.000          0.552                         0.448
   1936       C      2       4.000          3.984                         0.016
   1937       C      2       4.000          3.984                         0.016
   1938       C      2       4.000          4.464                        -0.464
   1939       C      2       4.000          4.464                        -0.464
   1940       C      2       4.000          4.464                        -0.464
   1941       C      2       4.000          4.464                        -0.464
   1942       C      2       4.000          3.984                         0.016
   1943       C      2       4.000          3.984                         0.016
   1944       H      1       1.000          0.552                         0.448
   1945       H      1       1.000          0.552                         0.448
   1946       C      2       4.000          4.008                        -0.008
   1947       C      2       4.000          4.008                        -0.008
   1948       C      2       4.000          3.980                         0.020
   1949       C      2       4.000          3.980                         0.020
   1950       C      2       4.000          4.008                        -0.008
   1951       C      2       4.000          4.008                        -0.008
   1952       H      1       1.000          0.552                         0.448
   1953       H      1       1.000          0.552                         0.448
   1954       C      2       4.000          3.984                         0.016
   1955       C      2       4.000          3.984                         0.016
   1956       C      2       4.000          4.464                        -0.464
   1957       C      2       4.000          4.464                        -0.464
   1958       C      2       4.000          4.464                        -0.464
   1959       C      2       4.000          4.464                        -0.464
   1960       C      2       4.000          3.984                         0.016
   1961       C      2       4.000          3.984                         0.016
   1962       H      1       1.000          0.552                         0.448
   1963       H      1       1.000          0.552                         0.448
   1964       C      2       4.000          4.008                        -0.008
   1965       C      2       4.000          4.008                        -0.008
   1966       C      2       4.000          3.980                         0.020
   1967       C      2       4.000          3.980                         0.020
   1968       C      2       4.000          4.008                        -0.008
   1969       C      2       4.000          4.008                        -0.008
   1970       H      1       1.000          0.552                         0.448
   1971       H      1       1.000          0.552                         0.448
   1972       C      2       4.000          3.984                         0.016
   1973       C      2       4.000          3.984                         0.016
   1974       C      2       4.000          4.464                        -0.464
   1975       C      2       4.000          4.464                        -0.464
   1976       C      2       4.000          4.464                        -0.464
   1977       C      2       4.000          4.464                        -0.464
   1978       C      2       4.000          3.984                         0.016
   1979       C      2       4.000          3.984                         0.016
   1980       H      1       1.000          0.552                         0.448
   1981       H      1       1.000          0.552                         0.448
   1982       C      2       4.000          4.008                        -0.008
   1983       C      2       4.000          4.008                        -0.008
   1984       C      2       4.000          3.980                         0.020
   1985       C      2       4.000          3.980                         0.020
   1986       C      2       4.000          4.008                        -0.008
   1987       C      2       4.000          4.008                        -0.008
   1988       H      1       1.000          0.552                         0.448
   1989       H      1       1.000          0.552                         0.448
   1990       C      2       4.000          3.984                         0.016
   1991       C      2       4.000          3.984                         0.016
   1992       C      2       4.000          4.463                        -0.463
   1993       C      2       4.000          4.463                        -0.463
   1994       C      2       4.000          4.463                        -0.463
   1995       C      2       4.000          4.463                        -0.463
   1996       C      2       4.000          3.984                         0.016
   1997       C      2       4.000          3.984                         0.016
   1998       H      1       1.000          0.552                         0.448
   1999       H      1       1.000          0.552                         0.448
   2000       C      2       4.000          4.008                        -0.008
   2001       C      2       4.000          4.008                        -0.008
   2002       C      2       4.000          3.980                         0.020
   2003       C      2       4.000          3.980                         0.020
   2004       C      2       4.000          4.008                        -0.008
   2005       C      2       4.000          4.008                        -0.008
   2006       H      1       1.000          0.552                         0.448
   2007       H      1       1.000          0.552                         0.448
   2008       C      2       4.000          3.984                         0.016
   2009       C      2       4.000          3.984                         0.016
   2010       C      2       4.000          4.463                        -0.463
   2011       C      2       4.000          4.463                        -0.463
   2012       C      2       4.000          4.463                        -0.463
   2013       C      2       4.000          4.463                        -0.463
   2014       C      2       4.000          3.984                         0.016
   2015       C      2       4.000          3.984                         0.016
   2016       H      1       1.000          0.552                         0.448
   2017       H      1       1.000          0.552                         0.448
   2018       C      2       4.000          4.008                        -0.008
   2019       C      2       4.000          4.008                        -0.008
   2020       C      2       4.000          3.980                         0.020
   2021       C      2       4.000          3.980                         0.020
   2022       C      2       4.000          4.008                        -0.008
   2023       C      2       4.000          4.008                        -0.008
   2024       H      1       1.000          0.552                         0.448
   2025       H      1       1.000          0.552                         0.448
   2026       C      2       4.000          3.984                         0.016
   2027       C      2       4.000          3.984                         0.016
   2028       C      2       4.000          4.463                        -0.463
   2029       C      2       4.000          4.463                        -0.463
   2030       C      2       4.000          4.463                        -0.463
   2031       C      2       4.000          4.463                        -0.463
   2032       C      2       4.000          3.984                         0.016
   2033       C      2       4.000          3.984                         0.016
   2034       H      1       1.000          0.552                         0.448
   2035       H      1       1.000          0.552                         0.448
   2036       C      2       4.000          4.008                        -0.008
   2037       C      2       4.000          4.008                        -0.008
   2038       C      2       4.000          3.980                         0.020
   2039       C      2       4.000          3.980                         0.020
   2040       C      2       4.000          4.008                        -0.008
   2041       C      2       4.000          4.008                        -0.008
   2042       H      1       1.000          0.552                         0.448
   2043       H      1       1.000          0.552                         0.448
   2044       C      2       4.000          3.984                         0.016
   2045       C      2       4.000          3.984                         0.016
   2046       C      2       4.000          4.463                        -0.463
   2047       C      2       4.000          4.463                        -0.463
   2048       C      2       4.000          4.463                        -0.463
   2049       C      2       4.000          4.463                        -0.463
   2050       C      2       4.000          3.984                         0.016
   2051       C      2       4.000          3.984                         0.016
   2052       H      1       1.000          0.552                         0.448
   2053       H      1       1.000          0.552                         0.448
   2054       C      2       4.000          4.008                        -0.008
   2055       C      2       4.000          4.008                        -0.008
   2056       C      2       4.000          3.980                         0.020
   2057       C      2       4.000          3.980                         0.020
   2058       C      2       4.000          4.008                        -0.008
   2059       C      2       4.000          4.008                        -0.008
   2060       H      1       1.000          0.552                         0.448
   2061       H      1       1.000          0.552                         0.448
   2062       C      2       4.000          3.984                         0.016
   2063       C      2       4.000          3.984                         0.016
   2064       C      2       4.000          4.463                        -0.463
   2065       C      2       4.000          4.463                        -0.463
   2066       C      2       4.000          4.464                        -0.464
   2067       C      2       4.000          4.464                        -0.464
   2068       C      2       4.000          3.984                         0.016
   2069       C      2       4.000          3.984                         0.016
   2070       H      1       1.000          0.552                         0.448
   2071       H      1       1.000          0.552                         0.448
   2072       C      2       4.000          4.008                        -0.008
   2073       C      2       4.000          4.008                        -0.008
   2074       C      2       4.000          3.980                         0.020
   2075       C      2       4.000          3.980                         0.020
   2076       C      2       4.000          4.008                        -0.008
   2077       C      2       4.000          4.008                        -0.008
   2078       H      1       1.000          0.552                         0.448
   2079       H      1       1.000          0.552                         0.448
   2080       C      2       4.000          3.984                         0.016
   2081       C      2       4.000          3.984                         0.016
   2082       C      2       4.000          4.464                        -0.464
   2083       C      2       4.000          4.464                        -0.464
   2084       C      2       4.000          4.464                        -0.464
   2085       C      2       4.000          4.464                        -0.464
   2086       C      2       4.000          3.984                         0.016
   2087       C      2       4.000          3.984                         0.016
   2088       H      1       1.000          0.552                         0.448
   2089       H      1       1.000          0.552                         0.448
   2090       C      2       4.000          4.008                        -0.008
   2091       C      2       4.000          4.008                        -0.008
   2092       C      2       4.000          3.979                         0.021
   2093       C      2       4.000          3.979                         0.021
   2094       C      2       4.000          4.008                        -0.008
   2095       C      2       4.000          4.008                        -0.008
   2096       H      1       1.000          0.552                         0.448
   2097       H      1       1.000          0.552                         0.448
   2098       C      2       4.000          3.984                         0.016
   2099       C      2       4.000          3.984                         0.016
   2100       C      2       4.000          4.464                        -0.464
   2101       C      2       4.000          4.464                        -0.464
   2102       C      2       4.000          4.464                        -0.464
   2103       C      2       4.000          4.464                        -0.464
   2104       C      2       4.000          3.984                         0.016
   2105       C      2       4.000          3.984                         0.016
   2106       H      1       1.000          0.552                         0.448
   2107       H      1       1.000          0.552                         0.448
   2108       C      2       4.000          4.008                        -0.008
   2109       C      2       4.000          4.008                        -0.008
   2110       C      2       4.000          3.979                         0.021
   2111       C      2       4.000          3.979                         0.021
   2112       C      2       4.000          4.008                        -0.008
   2113       C      2       4.000          4.008                        -0.008
   2114       H      1       1.000          0.552                         0.448
   2115       H      1       1.000          0.552                         0.448
   2116       C      2       4.000          3.984                         0.016
   2117       C      2       4.000          3.984                         0.016
   2118       C      2       4.000          4.464                        -0.464
   2119       C      2       4.000          4.464                        -0.464
   2120       C      2       4.000          4.464                        -0.464
   2121       C      2       4.000          4.464                        -0.464
   2122       C      2       4.000          3.984                         0.016
   2123       C      2       4.000          3.984                         0.016
   2124       H      1       1.000          0.552                         0.448
   2125       H      1       1.000          0.552                         0.448
   2126       C      2       4.000          4.008                        -0.008
   2127       C      2       4.000          4.008                        -0.008
   2128       C      2       4.000          3.979                         0.021
   2129       C      2       4.000          3.979                         0.021
   2130       C      2       4.000          4.008                        -0.008
   2131       C      2       4.000          4.008                        -0.008
   2132       H      1       1.000          0.552                         0.448
   2133       H      1       1.000          0.552                         0.448
   2134       C      2       4.000          3.984                         0.016
   2135       C      2       4.000          3.984                         0.016
   2136       C      2       4.000          4.464                        -0.464
   2137       C      2       4.000          4.464                        -0.464
   2138       C      2       4.000          4.464                        -0.464
   2139       C      2       4.000          4.464                        -0.464
   2140       C      2       4.000          3.984                         0.016
   2141       C      2       4.000          3.984                         0.016
   2142       H      1       1.000          0.552                         0.448
   2143       H      1       1.000          0.552                         0.448
   2144       C      2       4.000          4.008                        -0.008
   2145       C      2       4.000          4.008                        -0.008
   2146       C      2       4.000          3.980                         0.020
   2147       C      2       4.000          3.981                         0.019
   2148       C      2       4.000          4.008                        -0.008
   2149       C      2       4.000          4.008                        -0.008
   2150       H      1       1.000          0.552                         0.448
   2151       H      1       1.000          0.552                         0.448
   2152       C      2       4.000          3.985                         0.015
   2153       C      2       4.000          3.985                         0.015
   2154       C      2       4.000          4.463                        -0.463
   2155       C      2       4.000          4.463                        -0.463
   2156       C      2       4.000          4.463                        -0.463
   2157       C      2       4.000          4.463                        -0.463
   2158       C      2       4.000          3.985                         0.015
   2159       C      2       4.000          3.985                         0.015
   2160       H      1       1.000          0.552                         0.448
   2161       H      1       1.000          0.552                         0.448
   2162       C      2       4.000          4.007                        -0.007
   2163       C      2       4.000          4.007                        -0.007
   2164       C      2       4.000          3.982                         0.018
   2165       C      2       4.000          3.982                         0.018
   2166       C      2       4.000          4.007                        -0.007
   2167       C      2       4.000          4.007                        -0.007
   2168       H      1       1.000          0.552                         0.448
   2169       H      1       1.000          0.552                         0.448
   2170       C      2       4.000          3.986                         0.014
   2171       C      2       4.000          3.986                         0.014
   2172       C      2       4.000          4.462                        -0.462
   2173       C      2       4.000          4.462                        -0.462
   2174       C      2       4.000          4.462                        -0.462
   2175       C      2       4.000          4.462                        -0.462
   2176       C      2       4.000          3.986                         0.014
   2177       C      2       4.000          3.986                         0.014
   2178       H      1       1.000          0.552                         0.448
   2179       H      1       1.000          0.552                         0.448
   2180       C      2       4.000          4.007                        -0.007
   2181       C      2       4.000          4.007                        -0.007
   2182       C      2       4.000          3.983                         0.017
   2183       C      2       4.000          3.983                         0.017
   2184       C      2       4.000          4.007                        -0.007
   2185       C      2       4.000          4.007                        -0.007
   2186       H      1       1.000          0.552                         0.448
   2187       H      1       1.000          0.552                         0.448
   2188       C      2       4.000          3.986                         0.014
   2189       C      2       4.000          3.986                         0.014
   2190       C      2       4.000          4.461                        -0.461
   2191       C      2       4.000          4.461                        -0.461
   2192       C      2       4.000          4.461                        -0.461
   2193       C      2       4.000          4.461                        -0.461
   2194       C      2       4.000          3.986                         0.014
   2195       C      2       4.000          3.986                         0.014
   2196       H      1       1.000          0.552                         0.448
   2197       H      1       1.000          0.552                         0.448
   2198       C      2       4.000          4.007                        -0.007
   2199       C      2       4.000          4.007                        -0.007
   2200       C      2       4.000          3.982                         0.018
   2201       C      2       4.000          3.981                         0.019
   2202       C      2       4.000          4.007                        -0.007
   2203       C      2       4.000          4.007                        -0.007
   2204       H      1       1.000          0.552                         0.448
   2205       H      1       1.000          0.552                         0.448
   2206       C      2       4.000          3.985                         0.015
   2207       C      2       4.000          3.985                         0.015
   2208       C      2       4.000          4.462                        -0.462
   2209       C      2       4.000          4.462                        -0.462
   2210       C      2       4.000          4.463                        -0.463
   2211       C      2       4.000          4.463                        -0.463
   2212       C      2       4.000          3.984                         0.016
   2213       C      2       4.000          3.984                         0.016
   2214       H      1       1.000          0.552                         0.448
   2215       H      1       1.000          0.552                         0.448
   2216       C      2       4.000          4.008                        -0.008
   2217       C      2       4.000          4.008                        -0.008
   2218       C      2       4.000          3.978                         0.022
   2219       C      2       4.000          3.978                         0.022
   2220       C      2       4.000          4.008                        -0.008
   2221       C      2       4.000          4.008                        -0.008
   2222       H      1       1.000          0.552                         0.448
   2223       H      1       1.000          0.552                         0.448
   2224       C      2       4.000          3.983                         0.017
   2225       C      2       4.000          3.983                         0.017
   2226       C      2       4.000          4.465                        -0.465
   2227       C      2       4.000          4.465                        -0.465
   2228       C      2       4.000          4.467                        -0.467
   2229       C      2       4.000          4.467                        -0.467
   2230       C      2       4.000          3.982                         0.018
   2231       C      2       4.000          3.982                         0.018
   2232       H      1       1.000          0.552                         0.448
   2233       H      1       1.000          0.552                         0.448
   2234       C      2       4.000          4.011                        -0.011
   2235       C      2       4.000          4.011                        -0.011
   2236       C      2       4.000          3.974                         0.026
   2237       C      2       4.000          3.973                         0.027
   2238       C      2       4.000          4.012                        -0.012
   2239       C      2       4.000          4.012                        -0.012
   2240       H      1       1.000          0.552                         0.448
   2241       H      1       1.000          0.552                         0.448
   2242       C      2       4.000          3.980                         0.020
   2243       C      2       4.000          3.980                         0.020
   2244       C      2       4.000          4.470                        -0.470
   2245       C      2       4.000          4.470                        -0.470
   2246       C      2       4.000          4.471                        -0.471
   2247       C      2       4.000          4.471                        -0.471
   2248       C      2       4.000          3.979                         0.021
   2249       C      2       4.000          3.979                         0.021
   2250       H      1       1.000          0.552                         0.448
   2251       H      1       1.000          0.552                         0.448
   2252       C      2       4.000          4.014                        -0.014
   2253       C      2       4.000          4.014                        -0.014
   2254       C      2       4.000          3.970                         0.030
   2255       C      2       4.000          3.968                         0.032
   2256       C      2       4.000          4.014                        -0.014
   2257       C      2       4.000          4.014                        -0.014
   2258       H      1       1.000          0.552                         0.448
   2259       H      1       1.000          0.552                         0.448
   2260       C      2       4.000          3.979                         0.021
   2261       C      2       4.000          3.979                         0.021
   2262       C      2       4.000          4.474                        -0.474
   2263       C      2       4.000          4.474                        -0.474
   2264       C      2       4.000          4.472                        -0.472
   2265       C      2       4.000          4.472                        -0.472
   2266       C      2       4.000          3.979                         0.021
   2267       C      2       4.000          3.979                         0.021
   2268       H      1       1.000          0.552                         0.448
   2269       H      1       1.000          0.552                         0.448
   2270       C      2       4.000          4.015                        -0.015
   2271       C      2       4.000          4.015                        -0.015
   2272       C      2       4.000          3.971                         0.029
   2273       C      2       4.000          3.968                         0.032
   2274       C      2       4.000          4.014                        -0.014
   2275       C      2       4.000          4.014                        -0.014
   2276       H      1       1.000          0.552                         0.448
   2277       H      1       1.000          0.552                         0.448
   2278       C      2       4.000          3.982                         0.018
   2279       C      2       4.000          3.982                         0.018
   2280       C      2       4.000          4.472                        -0.472
   2281       C      2       4.000          4.472                        -0.472
   2282       C      2       4.000          4.463                        -0.463
   2283       C      2       4.000          4.463                        -0.463
   2284       C      2       4.000          3.983                         0.017
   2285       C      2       4.000          3.983                         0.017
   2286       H      1       1.000          0.552                         0.448
   2287       H      1       1.000          0.552                         0.448
   2288       C      2       4.000          4.013                        -0.013
   2289       C      2       4.000          4.013                        -0.013
   2290       C      2       4.000          3.983                         0.017
   2291       C      2       4.000          3.973                         0.027
   2292       C      2       4.000          4.007                        -0.007
   2293       C      2       4.000          4.007                        -0.007
   2294       H      1       1.000          0.554                         0.446
   2295       H      1       1.000          0.554                         0.446
   2296       C      2       4.000          3.997                         0.003
   2297       C      2       4.000          3.997                         0.003
   2298       C      2       4.000          4.467                        -0.467
   2299       C      2       4.000          4.467                        -0.467
   2300       C      2       4.000          4.450                        -0.450
   2301       C      2       4.000          4.450                        -0.450
   2302       C      2       4.000          3.997                         0.003
   2303       C      2       4.000          3.997                         0.003
   2304       H      1       1.000          0.549                         0.451
   2305       H      1       1.000          0.549                         0.451
   2306       C      2       4.000          4.471                        -0.471
   2307       C      2       4.000          4.471                        -0.471
   2308       C      2       4.000          4.772                        -0.772
   2309       H      1       1.000          0.550                         0.450
   2310       H      1       1.000          0.550                         0.450
   2311       H      1       1.000          0.550                         0.450
   2312       H      1       1.000          0.550                         0.450

  Total Charge                                                            1.159
 !-----------------------------------------------------------------------------!
  
 -------------------------------------------------------------------------------
 -                                                                             -
 -                          BANDSTRUCTURE CALCULATION                          -
 -                                                                             -
 -------------------------------------------------------------------------------
  
 Number of occupied molecular orbitals (MOs) = Number of occupied bands     3844
 Number of unoccupied (= virtual) MOs = Number of unoccupied bands         22572
 Number of Gaussian basis functions for MOs                                26416
  
 -------------------------------------------------------------------------------
 -                                                                             -
 -                                GW CALCULATION                               -
 -                                                                             -
 -------------------------------------------------------------------------------
  
 Input: Number of time/freq. points                                           30
 Input: ω_max for fitting Σ(iω) (eV)                                        10.0
 Input: Filter threshold for sparse tensor operations                    1.0E-10
 Input: Apply Hedin shift                                                      F
 Detected: Available memory per MPI process                             109.6 GB
 
 Input: RI-RS Tikhonov regularization                                   1.00E-08
 Input: AO grid hard cutoff radius                                        7.00 Å
 Input: MPI ranks per atom in Z_lP solve                                      -1
 Input: Keep sparsity in χ/G/W panels                                          T
 Input: GW flavour                                                          G0W0
 
 Input: RI-RS grid optimization activated                                      T
 Input: Element: H, number of points per atom:                                27
 Input: Element: C, number of points per atom:                                67
 Input: Cutoff radius for atomic clusters                                  3.0 Å
 Input: Maximum grid optimization iterations                                 200
 
 Cutoff radius for the truncated Coulomb operator in RI metric:            7.0 Å
 Regularization parameter of RI                                          0.0E+00
 Regularization parameter of minimax grids                               1.0E-06
  
 Number of auxiliary Gaussian basis functions for χ, ε, W                  56360
  Decoupling Energy:                                              -0.5906606998
 
 SCF direct band gap (eV)                                                   1.52
 Max. SCF eigval diff. (eV)                                               247.07
 E-Range for minimax grid                                                 162.25
 Number of Padé parameters for analytic continuation:                         16
 
 RI-RS basis radii (Å):
     Kind  Elem     r_AO (Å)     r_RI (Å)
        1    H        11.3560        5.9118
        2    C         9.5975        5.7974
 
 Started RI-RS grid optimization
 RI-RS grid optimization completed, execution time:                     2270.2 s
 Normalized 3C error:                                                    1.9E-06
 Maximum absolute 3C error:                                              1.8E-02
 Total grid points used for RI-RS:                                        134104
 
 RI-RS grid row-blocks of Φ_μ(r_l)                                          5896
 RI-RS grid points per block (max)                                            32
 
 Percentage of non-zero matrix elements in Φ_μ(r_l)                       2.74 %
 
 RI-RS memory estimate per MPI process:
   Available memory per process (system)                               125.71 GB
   Required for Z_lP (dense upper bound; actual is sparser)              0.63 GB
   Required for χ, W, Σ panels (peak per panel step)                     3.02 GB
   Required for Z_lP solve peak (D_local+φ, worst-case atom)             0.43 GB
   Worst-case local-grid number of grid points:                             6085
   Worst-case memory D_local:                                            0.30 GB
 
 Started computing Z_lP
 Per-kind maximum RI-RS sphere cutoff (Å):
   Kind   cutoff (Å)
     H        12.9118
     C        12.7974
 
 Computed Z_lP (MPI rank 0) for atom          1 / 24,    Execution time    1.2 s
 Computed Z_lP (MPI rank 0) for atom          2 / 24,    Execution time    1.2 s
 Computed Z_lP (MPI rank 0) for atom          3 / 24,    Execution time    1.2 s
 Computed Z_lP (MPI rank 0) for atom          4 / 24,    Execution time    1.2 s
 Computed Z_lP (MPI rank 0) for atom          5 / 24,    Execution time    1.2 s
 Computed Z_lP (MPI rank 0) for atom          6 / 24,    Execution time    1.2 s
 Computed Z_lP (MPI rank 0) for atom          7 / 24,    Execution time    1.2 s
 Computed Z_lP (MPI rank 0) for atom          8 / 24,    Execution time    1.2 s
 Computed Z_lP (MPI rank 0) for atom          9 / 24,    Execution time    1.1 s
 Computed Z_lP (MPI rank 0) for atom         10 / 24,    Execution time    1.1 s
 Computed Z_lP (MPI rank 0) for atom         11 / 24,    Execution time    1.1 s
 Computed Z_lP (MPI rank 0) for atom         12 / 24,    Execution time    1.1 s
 Computed Z_lP (MPI rank 0) for atom         13 / 24,    Execution time    1.1 s
 Computed Z_lP (MPI rank 0) for atom         14 / 24,    Execution time    1.1 s
 Computed Z_lP (MPI rank 0) for atom         15 / 24,    Execution time    1.1 s
 Computed Z_lP (MPI rank 0) for atom         16 / 24,    Execution time    1.1 s
 Computed Z_lP (MPI rank 0) for atom         17 / 24,    Execution time    1.1 s
 Computed Z_lP (MPI rank 0) for atom         18 / 24,    Execution time    1.1 s
 Computed Z_lP (MPI rank 0) for atom         19 / 24,    Execution time    0.7 s
 Computed Z_lP (MPI rank 0) for atom         20 / 24,    Execution time    0.7 s
 Computed Z_lP (MPI rank 0) for atom         21 / 24,    Execution time    0.7 s
 Computed Z_lP (MPI rank 0) for atom         22 / 24,    Execution time    0.7 s
 Computed Z_lP (MPI rank 0) for atom         23 / 24,    Execution time    0.6 s
 Computed Z_lP (MPI rank 0) for atom         24 / 24,    Execution time    0.4 s
 Computed Z_lP (all MPI ranks) for all atoms,            Execution time   24.8 s

 Memory per MPI process after computing Z_lP:
 Available memory per MPI process                              125.7 GB
 Used memory per MPI process                                     9.5 GB
 Number of batches for χ, Σ matrices                                           3
 
 Percentage of non-zero matrix elements in Z_lP                           5.08 %
 Percentage of non-zero matrix elements in G_ll', χ_ll', W_ll'           38.62 %
 Percentage of non-zero matrix elements in χ_PQ for time point 1         24.26 %
 
 Computed χ(iτ,k=0) for time point            1 / 30,    Execution time   15.2 s
 Computed χ(iτ,k=0) for time point            2 / 30,    Execution time   14.2 s
 Computed χ(iτ,k=0) for time point            3 / 30,    Execution time   14.0 s
 Computed χ(iτ,k=0) for time point            4 / 30,    Execution time   13.8 s
 Computed χ(iτ,k=0) for time point            5 / 30,    Execution time   13.8 s
 Computed χ(iτ,k=0) for time point            6 / 30,    Execution time   13.8 s
 Computed χ(iτ,k=0) for time point            7 / 30,    Execution time   13.5 s
 Computed χ(iτ,k=0) for time point            8 / 30,    Execution time   13.7 s
 Computed χ(iτ,k=0) for time point            9 / 30,    Execution time   13.3 s
 Computed χ(iτ,k=0) for time point           10 / 30,    Execution time   13.1 s
 Computed χ(iτ,k=0) for time point           11 / 30,    Execution time   13.0 s
 Computed χ(iτ,k=0) for time point           12 / 30,    Execution time   12.9 s
 Computed χ(iτ,k=0) for time point           13 / 30,    Execution time   12.8 s
 Computed χ(iτ,k=0) for time point           14 / 30,    Execution time   12.9 s
 Computed χ(iτ,k=0) for time point           15 / 30,    Execution time   12.7 s
 Computed χ(iτ,k=0) for time point           16 / 30,    Execution time   12.7 s
 Computed χ(iτ,k=0) for time point           17 / 30,    Execution time   12.7 s
 Computed χ(iτ,k=0) for time point           18 / 30,    Execution time   12.6 s
 Computed χ(iτ,k=0) for time point           19 / 30,    Execution time   12.5 s
 Computed χ(iτ,k=0) for time point           20 / 30,    Execution time   12.4 s
 Computed χ(iτ,k=0) for time point           21 / 30,    Execution time   12.1 s
 Computed χ(iτ,k=0) for time point           22 / 30,    Execution time   11.9 s
 Computed χ(iτ,k=0) for time point           23 / 30,    Execution time   11.3 s
 Computed χ(iτ,k=0) for time point           24 / 30,    Execution time   10.1 s
 Computed χ(iτ,k=0) for time point           25 / 30,    Execution time    9.2 s
 Computed χ(iτ,k=0) for time point           26 / 30,    Execution time    7.7 s
 Computed χ(iτ,k=0) for time point           27 / 30,    Execution time    5.6 s
 Computed χ(iτ,k=0) for time point           28 / 30,    Execution time    5.3 s
 Computed χ(iτ,k=0) for time point           29 / 30,    Execution time    5.3 s
 Computed χ(iτ,k=0) for time point           30 / 30,    Execution time    5.3 s
 
 Computed W(iτ),                                         Execution time 2893.4 s
 Computed W(0),                                          Execution time   16.4 s
 
 Computed Σ^x(k=0),                                      Execution time   42.4 s
 
 Computed Σ^c(iτ) for time point              1 / 30,    Execution time   25.2 s
 Computed Σ^c(iτ) for time point              2 / 30,    Execution time   24.8 s
 Computed Σ^c(iτ) for time point              3 / 30,    Execution time   24.6 s
 Computed Σ^c(iτ) for time point              4 / 30,    Execution time   24.1 s
 Computed Σ^c(iτ) for time point              5 / 30,    Execution time   24.3 s
 Computed Σ^c(iτ) for time point              6 / 30,    Execution time   24.2 s
 Computed Σ^c(iτ) for time point              7 / 30,    Execution time   23.9 s
 Computed Σ^c(iτ) for time point              8 / 30,    Execution time   23.8 s
 Computed Σ^c(iτ) for time point              9 / 30,    Execution time   23.6 s
 Computed Σ^c(iτ) for time point             10 / 30,    Execution time   23.1 s
 Computed Σ^c(iτ) for time point             11 / 30,    Execution time   22.8 s
 Computed Σ^c(iτ) for time point             12 / 30,    Execution time   25.6 s
 Computed Σ^c(iτ) for time point             13 / 30,    Execution time   22.7 s
 Computed Σ^c(iτ) for time point             14 / 30,    Execution time   22.4 s
 Computed Σ^c(iτ) for time point             15 / 30,    Execution time   22.4 s
 Computed Σ^c(iτ) for time point             16 / 30,    Execution time   22.4 s
 Computed Σ^c(iτ) for time point             17 / 30,    Execution time   22.2 s
 Computed Σ^c(iτ) for time point             18 / 30,    Execution time   22.1 s
 Computed Σ^c(iτ) for time point             19 / 30,    Execution time   21.9 s
 Computed Σ^c(iτ) for time point             20 / 30,    Execution time   21.6 s
 Computed Σ^c(iτ) for time point             21 / 30,    Execution time   21.1 s
 Computed Σ^c(iτ) for time point             22 / 30,    Execution time   20.7 s
 Computed Σ^c(iτ) for time point             23 / 30,    Execution time   20.2 s
 Computed Σ^c(iτ) for time point             24 / 30,    Execution time   17.7 s
 Computed Σ^c(iτ) for time point             25 / 30,    Execution time   14.2 s
 Computed Σ^c(iτ) for time point             26 / 30,    Execution time    9.9 s
 Computed Σ^c(iτ) for time point             27 / 30,    Execution time    6.1 s
 Computed Σ^c(iτ) for time point             28 / 30,    Execution time    6.1 s
 Computed Σ^c(iτ) for time point             29 / 30,    Execution time    5.9 s
 Computed Σ^c(iτ) for time point             30 / 30,    Execution time    5.9 s

 *** WARNING in post_scf_bandstructure_utils.F:3142 :: G0W0 reorders the ***
 *** occupied levels: the SCF valence band maximum (SCF HOMO) is level   ***
 *** 3844, whereas the G0W0 valence band maximum (G0W0 HOMO) is level    ***
 *** 3842. The SCF and G0W0 band edges printed below therefore belong to ***
 *** different orbitals; see the eigenvalues in the file                 ***
 *** bandstructure_SCF_and_G0W0.                                         ***

 Compute DOS, LDOS for k-point                1 /  1,    Execution time  236.3 s
 
 SCF valence band maximum (eV):                                           -4.834
 SCF conduction band minimum (eV):                                        -3.311
 SCF indirect band gap (eV):                                               1.523
 SCF direct band gap (eV):                                                 1.523
 
 G0W0 valence band maximum (eV):                                          -5.224
 G0W0 conduction band minimum (eV):                                       -2.050
 G0W0 indirect band gap (eV):                                              3.174
 G0W0 direct band gap (eV):                                                3.174
 
 Hartree-Fock with SCF orbitals valence band maximum (eV):                -5.347
 Hartree-Fock with SCF orbitals conduction band minimum (eV)               0.232
 Hartree-Fock with SCF orbitals indirect band gap (eV):                    5.579
 Hartree-Fock with SCF orbitals direct band gap (eV):                      5.579

 ENERGY| Total FORCE_EVAL ( QS ) energy [hartree]         -10504.389478099988992

 *** HINT in emd/rt_bse_linearized.F:440 :: ENFORCE_MAX_DT enabled. ***
 *** Resetting TIMESTEP to          70.3235 as and STEPS to 2844.   ***

 
 /-----------------------------------------------------------------------------\
 |                                                                             |
 |              Linearized Real Time Bethe-Salpeter Propagation                |
 |                                                                             |
 \-----------------------------------------------------------------------------/
 
 Apply delta pulse                                                             T

 Use Tamm-Dancoff                                                              T
 TDA first-peak shift active                                                   F

 Estimated maximum timestep within stability region [as]:                70.3407
 Applied timestep [as]:                                                  70.3235
 Number of propagation steps:                                               2844
 Total propagation time [as]:                                        200000.0000
 Estimated FFT frequency resolution without interpolation [eV]:         0.020678
 Nyquist frequency [eV]:                                               29.404595
 Estimated maximum oscillation frequency (gap-based) [eV]:             26.466960
 GW flavor for computing GW eigenvalues used in RT-BSE:                     G0W0
 Active-window occupied energy cutoff [eV]:                               10.000
 Active-window virtual energy cutoff [eV]:                                10.000
 First active occupied MO index:                                            1281
 Last active virtual MO index:                                              7552
 Number of active MOs:                                                      6272
 Spin 1 first active MO, E - E_HOMO (KS) [eV]:                            -9.996
 Spin 1 last active MO, E - E_LUMO (KS) [eV]:                              9.999
 Spin 1 first active MO, E - E_HOMO (QP) [eV]:                           -12.490
 Spin 1 last active MO, E - E_LUMO (QP) [eV]:                             10.333
 Precomputed RT-BSE RI-RS V_aux kernel,                  Execution time   26.7 s
 
 W0CUT| Cutoff radius, negative = off [angstrom]                         50.0000
 W0CUT| Retained block fraction                                         0.174222
 W0CUT| Retained Frobenius norm                                   1.31039089E+08
 Precomputed RT-BSE RI-RS W0_grid kernel,                Execution time   33.4 s
 
 RTBSE| Applying delta pulse
 RTBSE| Delta pulse elements (a.u.) :   -0.0000E+000  -0.1000E-002  -0.0000E+000
 RTBSE| Metric difference after delta kick                       0.63489758E-002
 RTBSE| Estimated runtime for propagation [s]                         177895.441
 RTBSE|
 RTBSE| Simulation step   Step time [s]                          Electron number
 RTBSE|               0          62.551                               0.513E+004
 RTBSE|               1          62.431                               0.513E+004
 RTBSE|               2          62.553                               0.513E+004
 RTBSE|               3          62.563                               0.513E+004
 RTBSE|               4          62.615                               0.513E+004
 RTBSE|               5          63.505                               0.513E+004
 RTBSE|               6          62.637                               0.513E+004
 RTBSE|               7          62.689                               0.513E+004
 RTBSE|               8          62.544                               0.513E+004
 RTBSE|               9          62.617                               0.513E+004
 RTBSE|              10          62.553                               0.513E+004
 RTBSE|              11          62.442                               0.513E+004
 RTBSE|              12          62.423                               0.513E+004
 RTBSE|              13          62.543                               0.513E+004
 RTBSE|              14          62.397                               0.513E+004
 RTBSE|              15          62.565                               0.513E+004
 RTBSE|              16          62.584                               0.513E+004
 RTBSE|              17          62.591                               0.513E+004
 RTBSE|              18          62.445                               0.513E+004
 RTBSE|              19          62.501                               0.513E+004
 RTBSE|              20          63.176                               0.513E+004
 RTBSE|              21          62.502                               0.513E+004
 RTBSE|              22          62.569                               0.513E+004
 RTBSE|              23          62.477                               0.513E+004
 RTBSE|              24          62.452                               0.513E+004
 RTBSE|              25          62.752                               0.513E+004
 RTBSE|              26          62.546                               0.513E+004
 RTBSE|              27          62.474                               0.513E+004
 RTBSE|              28          62.582                               0.513E+004
 RTBSE|              29          62.665                               0.513E+004
 RTBSE|              30          62.472                               0.513E+004
 RTBSE|              31          62.600                               0.513E+004
 RTBSE|              32          63.477                               0.513E+004
 RTBSE|              33          62.462                               0.513E+004
 RTBSE|              34          62.620                               0.513E+004
 RTBSE|              35          62.633                               0.513E+004
 RTBSE|              36          62.734                               0.513E+004
 RTBSE|              37          62.632                               0.513E+004
 RTBSE|              38          62.637                               0.513E+004
 RTBSE|              39          62.478                               0.513E+004
 RTBSE|              40          62.651                               0.513E+004
 RTBSE|              41          62.595                               0.513E+004
 RTBSE|              42          62.585                               0.513E+004
 RTBSE|              43          62.541                               0.513E+004
 RTBSE|              44          62.455                               0.513E+004
 RTBSE|              45          62.468                               0.513E+004
 RTBSE|              46          62.692                               0.513E+004
 RTBSE|              47          62.616                               0.513E+004
 RTBSE|              48          62.574                               0.513E+004
 RTBSE|              49          62.727                               0.513E+004
 RTBSE|              50          62.592                               0.513E+004
 RTBSE|              51          62.472                               0.513E+004
 RTBSE|              52          62.686                               0.513E+004
 RTBSE|              53          62.529                               0.513E+004
 RTBSE|              54          62.746                               0.513E+004
 RTBSE|              55          63.433                               0.513E+004
 RTBSE|              56          62.410                               0.513E+004
 RTBSE|              57          62.593                               0.513E+004
 RTBSE|              58          62.547                               0.513E+004
 RTBSE|              59          62.417                               0.513E+004
 RTBSE|              60          62.587                               0.513E+004
 RTBSE|              61          62.538                               0.513E+004
 RTBSE|              62          62.386                               0.513E+004
 RTBSE|              63          62.526                               0.513E+004
 RTBSE|              64          62.586                               0.513E+004
 RTBSE|              65          62.468                               0.513E+004
 RTBSE|              66          62.651                               0.513E+004
 RTBSE|              67          62.608                               0.513E+004
 RTBSE|              68          62.559                               0.513E+004
 RTBSE|              69          62.463                               0.513E+004
 RTBSE|              70          62.540                               0.513E+004
 RTBSE|              71          62.433                               0.513E+004
 RTBSE|              72          62.528                               0.513E+004
 RTBSE|              73          62.628                               0.513E+004
 RTBSE|              74          62.539                               0.513E+004
 RTBSE|              75          62.689                               0.513E+004
 RTBSE|              76          62.555                               0.513E+004
 RTBSE|              77          62.738                               0.513E+004
 RTBSE|              78          63.486                               0.513E+004
 RTBSE|              79          62.560                               0.513E+004
 RTBSE|              80          62.572                               0.513E+004
 RTBSE|              81          62.648                               0.513E+004
 RTBSE|              82          62.498                               0.513E+004
 RTBSE|              83          62.815                               0.513E+004
 RTBSE|              84          62.673                               0.513E+004
 RTBSE|              85          62.541                               0.513E+004
 RTBSE|              86          62.421                               0.513E+004
 RTBSE|              87          62.524                               0.513E+004
 RTBSE|              88          62.552                               0.513E+004
 RTBSE|              89          62.662                               0.513E+004
 RTBSE|              90          62.672                               0.513E+004
 RTBSE|              91          63.393                               0.513E+004
 RTBSE|              92          62.598                               0.513E+004
 RTBSE|              93          62.704                               0.513E+004
 RTBSE|              94          62.662                               0.513E+004
 RTBSE|              95          62.552                               0.513E+004
 RTBSE|              96          62.536                               0.513E+004
 RTBSE|              97          62.683                               0.513E+004
 RTBSE|              98          62.555                               0.513E+004
 RTBSE|              99          62.716                               0.513E+004
 RTBSE|             100          62.590                               0.513E+004
 RTBSE|             101          62.595                               0.513E+004
 RTBSE|             102          62.740                               0.513E+004
 RTBSE|             103          62.661                               0.513E+004
 RTBSE|             104          62.736                               0.513E+004
 RTBSE|             105          62.706                               0.513E+004
 RTBSE|             106          62.418                               0.513E+004
 RTBSE|             107          62.569                               0.513E+004
 RTBSE|             108          62.748                               0.513E+004
 RTBSE|             109          63.830                               0.513E+004
 RTBSE|             110          62.535                               0.513E+004
 RTBSE|             111          62.712                               0.513E+004
 RTBSE|             112          62.734                               0.513E+004
 RTBSE|             113          62.618                               0.513E+004
 RTBSE|             114          62.647                               0.513E+004
 RTBSE|             115          63.248                               0.513E+004
 RTBSE|             116          62.591                               0.513E+004
 RTBSE|             117          62.445                               0.513E+004
 RTBSE|             118          62.735                               0.513E+004
 RTBSE|             119          62.537                               0.513E+004
 RTBSE|             120          62.572                               0.513E+004
 RTBSE|             121          62.666                               0.513E+004
 RTBSE|             122          63.495                               0.513E+004
 RTBSE|             123          62.595                               0.513E+004
 RTBSE|             124          62.567                               0.513E+004
 RTBSE|             125          62.570                               0.513E+004
 RTBSE|             126          62.569                               0.513E+004
 RTBSE|             127          62.563                               0.513E+004
 RTBSE|             128          62.629                               0.513E+004
 RTBSE|             129          62.721                               0.513E+004
 RTBSE|             130          63.554                               0.513E+004
 RTBSE|             131          62.650                               0.513E+004
 RTBSE|             132          62.709                               0.513E+004
 RTBSE|             133          62.701                               0.513E+004
 RTBSE|             134          62.543                               0.513E+004
 RTBSE|             135          62.523                               0.513E+004
 RTBSE|             136          62.709                               0.513E+004
 RTBSE|             137          62.728                               0.513E+004
 RTBSE|             138          62.677                               0.513E+004
 RTBSE|             139          62.546                               0.513E+004
 RTBSE|             140          62.561                               0.513E+004
 RTBSE|             141          62.740                               0.513E+004
 RTBSE|             142          62.535                               0.513E+004
 RTBSE|             143          62.455                               0.513E+004
 RTBSE|             144          62.572                               0.513E+004
 RTBSE|             145          62.609                               0.513E+004
 RTBSE|             146          62.524                               0.513E+004
 RTBSE|             147          62.645                               0.513E+004
 RTBSE|             148          62.592                               0.513E+004
 RTBSE|             149          63.527                               0.513E+004
 RTBSE|             150          62.606                               0.513E+004
 RTBSE|             151          62.546                               0.513E+004
 RTBSE|             152          62.627                               0.513E+004
 RTBSE|             153          62.697                               0.513E+004
 RTBSE|             154          62.746                               0.513E+004
 RTBSE|             155          62.452                               0.513E+004
 RTBSE|             156          62.680                               0.513E+004
 RTBSE|             157          62.723                               0.513E+004
 RTBSE|             158          63.298                               0.513E+004
 RTBSE|             159          62.519                               0.513E+004
 RTBSE|             160          62.499                               0.513E+004
 RTBSE|             161          62.590                               0.513E+004
 RTBSE|             162          62.632                               0.513E+004
 RTBSE|             163          62.660                               0.513E+004
 RTBSE|             164          62.619                               0.513E+004
 RTBSE|             165          62.720                               0.513E+004
 RTBSE|             166          62.581                               0.513E+004
 RTBSE|             167          62.512                               0.513E+004
 RTBSE|             168          62.603                               0.513E+004
 RTBSE|             169          62.648                               0.513E+004
 RTBSE|             170          62.638                               0.513E+004
 RTBSE|             171          62.713                               0.513E+004
 RTBSE|             172          62.561                               0.513E+004
 RTBSE|             173          62.691                               0.513E+004
 RTBSE|             174          62.735                               0.513E+004
 RTBSE|             175          62.650                               0.513E+004
 RTBSE|             176          62.817                               0.513E+004
 RTBSE|             177          62.803                               0.513E+004
 RTBSE|             178          62.689                               0.513E+004
 RTBSE|             179          62.423                               0.513E+004
 RTBSE|             180          62.719                               0.513E+004
 RTBSE|             181          62.708                               0.513E+004
 RTBSE|             182          62.637                               0.513E+004
 RTBSE|             183          62.522                               0.513E+004
 RTBSE|             184          62.539                               0.513E+004
 RTBSE|             185          62.637                               0.513E+004
 RTBSE|             186          62.602                               0.513E+004
 RTBSE|             187          62.627                               0.513E+004
 RTBSE|             188          62.500                               0.513E+004
 RTBSE|             189          62.730                               0.513E+004
 RTBSE|             190          62.752                               0.513E+004
 RTBSE|             191          62.609                               0.513E+004
 RTBSE|             192          62.634                               0.513E+004
 RTBSE|             193          62.763                               0.513E+004
 RTBSE|             194          63.843                               0.513E+004
 RTBSE|             195          62.626                               0.513E+004
 RTBSE|             196          62.750                               0.513E+004
 RTBSE|             197          62.508                               0.513E+004
 RTBSE|             198          62.525                               0.513E+004
 RTBSE|             199          62.483                               0.513E+004
 RTBSE|             200          62.713                               0.513E+004
 RTBSE|             201          62.615                               0.513E+004
 RTBSE|             202          62.643                               0.513E+004
 RTBSE|             203          62.550                               0.513E+004
 RTBSE|             204          62.580                               0.513E+004
 RTBSE|             205          62.684                               0.513E+004
 RTBSE|             206          62.715                               0.513E+004
 RTBSE|             207          62.745                               0.513E+004
 RTBSE|             208          62.678                               0.513E+004
 RTBSE|             209          62.708                               0.513E+004
 RTBSE|             210          63.387                               0.513E+004
 RTBSE|             211          62.656                               0.513E+004
 RTBSE|             212          62.641                               0.513E+004
 RTBSE|             213          62.918                               0.513E+004
 RTBSE|             214          62.730                               0.513E+004
 RTBSE|             215          62.775                               0.513E+004
 RTBSE|             216          62.748                               0.513E+004
 RTBSE|             217          62.710                               0.513E+004
 RTBSE|             218          62.728                               0.513E+004
 RTBSE|             219          62.607                               0.513E+004
 RTBSE|             220          62.764                               0.513E+004
 RTBSE|             221          62.685                               0.513E+004
 RTBSE|             222          62.698                               0.513E+004
 RTBSE|             223          62.656                               0.513E+004
 RTBSE|             224          62.658                               0.513E+004
 RTBSE|             225          62.755                               0.513E+004
 RTBSE|             226          62.680                               0.513E+004
 RTBSE|             227          62.692                               0.513E+004
 RTBSE|             228          62.715                               0.513E+004
 RTBSE|             229          62.609                               0.513E+004
 RTBSE|             230          62.739                               0.513E+004
 RTBSE|             231          62.734                               0.513E+004
 RTBSE|             232          62.686                               0.513E+004
 RTBSE|             233          62.693                               0.513E+004
 RTBSE|             234          62.786                               0.513E+004
 RTBSE|             235          62.634                               0.513E+004
 RTBSE|             236          62.637                               0.513E+004
 RTBSE|             237          62.762                               0.513E+004
 RTBSE|             238          62.796                               0.513E+004
 RTBSE|             239          62.738                               0.513E+004
 RTBSE|             240          62.707                               0.513E+004
 RTBSE|             241          62.690                               0.513E+004
 RTBSE|             242          62.638                               0.513E+004
 RTBSE|             243          62.502                               0.513E+004
 RTBSE|             244          62.830                               0.513E+004
 RTBSE|             245          62.609                               0.513E+004
 RTBSE|             246          62.702                               0.513E+004
 RTBSE|             247          62.635                               0.513E+004
 RTBSE|             248          62.526                               0.513E+004
 RTBSE|             249          62.844                               0.513E+004
 RTBSE|             250          62.784                               0.513E+004
 RTBSE|             251          62.640                               0.513E+004
 RTBSE|             252          62.825                               0.513E+004
 RTBSE|             253          62.740                               0.513E+004
 RTBSE|             254          62.934                               0.513E+004
 RTBSE|             255          62.689                               0.513E+004
 RTBSE|             256          62.732                               0.513E+004
 RTBSE|             257          62.661                               0.513E+004
 RTBSE|             258          63.460                               0.513E+004
 RTBSE|             259          62.853                               0.513E+004
 RTBSE|             260          62.537                               0.513E+004
 RTBSE|             261          62.680                               0.513E+004
 RTBSE|             262          62.553                               0.513E+004
 RTBSE|             263          62.618                               0.513E+004
 RTBSE|             264          62.805                               0.513E+004
 RTBSE|             265          62.551                               0.513E+004
 RTBSE|             266          62.741                               0.513E+004
 RTBSE|             267          62.764                               0.513E+004
 RTBSE|             268          62.702                               0.513E+004
 RTBSE|             269          62.653                               0.513E+004
 RTBSE|             270          62.542                               0.513E+004
 RTBSE|             271          62.591                               0.513E+004
 RTBSE|             272          62.802                               0.513E+004
 RTBSE|             273          62.732                               0.513E+004
 RTBSE|             274          62.660                               0.513E+004
 RTBSE|             275          62.767                               0.513E+004
 RTBSE|             276          62.886                               0.513E+004
 RTBSE|             277          62.614                               0.513E+004
 RTBSE|             278          62.622                               0.513E+004
 RTBSE|             279          62.850                               0.513E+004
 RTBSE|             280          62.692                               0.513E+004
 RTBSE|             281          62.736                               0.513E+004
 RTBSE|             282          62.645                               0.513E+004
 RTBSE|             283          62.680                               0.513E+004
 RTBSE|             284          62.662                               0.513E+004
 RTBSE|             285          63.502                               0.513E+004
 RTBSE|             286          62.588                               0.513E+004
 RTBSE|             287          62.484                               0.513E+004
 RTBSE|             288          62.658                               0.513E+004
 RTBSE|             289          62.789                               0.513E+004
 RTBSE|             290          62.614                               0.513E+004
 RTBSE|             291          63.664                               0.513E+004
 RTBSE|             292          62.715                               0.513E+004
 RTBSE|             293          62.809                               0.513E+004
 RTBSE|             294          62.584                               0.513E+004
 RTBSE|             295          62.627                               0.513E+004
 RTBSE|             296          62.620                               0.513E+004
 RTBSE|             297          62.701                               0.513E+004
 RTBSE|             298          62.624                               0.513E+004
 RTBSE|             299          62.604                               0.513E+004
 RTBSE|             300          62.784                               0.513E+004
 RTBSE|             301          62.799                               0.513E+004
 RTBSE|             302          62.629                               0.513E+004
 RTBSE|             303          62.596                               0.513E+004
 RTBSE|             304          62.572                               0.513E+004
 RTBSE|             305          62.619                               0.513E+004
 RTBSE|             306          62.591                               0.513E+004
 RTBSE|             307          62.767                               0.513E+004
 RTBSE|             308          62.721                               0.513E+004
 RTBSE|             309          62.672                               0.513E+004
 RTBSE|             310          62.703                               0.513E+004
 RTBSE|             311          62.715                               0.513E+004
 RTBSE|             312          62.691                               0.513E+004
 RTBSE|             313          62.675                               0.513E+004
 RTBSE|             314          62.597                               0.513E+004
 RTBSE|             315          62.600                               0.513E+004
 RTBSE|             316          62.719                               0.513E+004
 RTBSE|             317          62.816                               0.513E+004
 RTBSE|             318          62.681                               0.513E+004
 RTBSE|             319          62.616                               0.513E+004
 RTBSE|             320          62.725                               0.513E+004
 RTBSE|             321          62.732                               0.513E+004
 RTBSE|             322          62.637                               0.513E+004
 RTBSE|             323          62.655                               0.513E+004
 RTBSE|             324          62.647                               0.513E+004
 RTBSE|             325          63.930                               0.513E+004
 RTBSE|             326          62.605                               0.513E+004
 RTBSE|             327          62.675                               0.513E+004
 RTBSE|             328          62.753                               0.513E+004
 RTBSE|             329          62.566                               0.513E+004
 RTBSE|             330          62.576                               0.513E+004
 RTBSE|             331          62.852                               0.513E+004
 RTBSE|             332          62.610                               0.513E+004
 RTBSE|             333          62.502                               0.513E+004
 RTBSE|             334          62.640                               0.513E+004
 RTBSE|             335          63.758                               0.513E+004
 RTBSE|             336          62.631                               0.513E+004
 RTBSE|             337          62.640                               0.513E+004
 RTBSE|             338          62.539                               0.513E+004
 RTBSE|             339          62.570                               0.513E+004
 RTBSE|             340          62.600                               0.513E+004
 RTBSE|             341          62.544                               0.513E+004
 RTBSE|             342          62.541                               0.513E+004
 RTBSE|             343          62.557                               0.513E+004
 RTBSE|             344          62.715                               0.513E+004
 RTBSE|             345          62.841                               0.513E+004
 RTBSE|             346          62.685                               0.513E+004
 RTBSE|             347          63.528                               0.513E+004
 RTBSE|             348          62.678                               0.513E+004
 RTBSE|             349          62.639                               0.513E+004
 RTBSE|             350          62.878                               0.513E+004
 RTBSE|             351          62.704                               0.513E+004
 RTBSE|             352          62.669                               0.513E+004
 RTBSE|             353          62.543                               0.513E+004
 RTBSE|             354          62.667                               0.513E+004
 RTBSE|             355          62.564                               0.513E+004
 RTBSE|             356          62.731                               0.513E+004
 RTBSE|             357          62.468                               0.513E+004
 RTBSE|             358          62.630                               0.513E+004
 RTBSE|             359          63.449                               0.513E+004
 RTBSE|             360          62.763                               0.513E+004
 RTBSE|             361          62.792                               0.513E+004
 RTBSE|             362          62.540                               0.513E+004
 RTBSE|             363          62.725                               0.513E+004
 RTBSE|             364          62.645                               0.513E+004
 RTBSE|             365          62.687                               0.513E+004
 RTBSE|             366          62.704                               0.513E+004
 RTBSE|             367          62.564                               0.513E+004
 RTBSE|             368          62.551                               0.513E+004
 RTBSE|             369          63.402                               0.513E+004
 RTBSE|             370          62.523                               0.513E+004
 RTBSE|             371          62.595                               0.513E+004
 RTBSE|             372          62.589                               0.513E+004
 RTBSE|             373          62.697                               0.513E+004
 RTBSE|             374          63.546                               0.513E+004
 RTBSE|             375          62.669                               0.513E+004
 RTBSE|             376          63.248                               0.513E+004
 RTBSE|             377          62.597                               0.513E+004
 RTBSE|             378          62.596                               0.513E+004
 RTBSE|             379          62.772                               0.513E+004
 RTBSE|             380          62.462                               0.513E+004
 RTBSE|             381          62.706                               0.513E+004
 RTBSE|             382          62.575                               0.513E+004
 RTBSE|             383          62.735                               0.513E+004
 RTBSE|             384          62.707                               0.513E+004
 RTBSE|             385          62.729                               0.513E+004
 RTBSE|             386          62.762                               0.513E+004
 RTBSE|             387          62.723                               0.513E+004
 RTBSE|             388          62.697                               0.513E+004
 RTBSE|             389          62.688                               0.513E+004
 RTBSE|             390          62.703                               0.513E+004
 RTBSE|             391          62.834                               0.513E+004
 RTBSE|             392          62.741                               0.513E+004
 RTBSE|             393          62.640                               0.513E+004
 RTBSE|             394          62.720                               0.513E+004
 RTBSE|             395          62.733                               0.513E+004
 RTBSE|             396          62.688                               0.513E+004
 RTBSE|             397          62.434                               0.513E+004
 RTBSE|             398          62.533                               0.513E+004
 RTBSE|             399          62.665                               0.513E+004
 RTBSE|             400          62.701                               0.513E+004
 RTBSE|             401          62.623                               0.513E+004
 RTBSE|             402          62.586                               0.513E+004
 RTBSE|             403          62.649                               0.513E+004
 RTBSE|             404          62.652                               0.513E+004
 RTBSE|             405          62.750                               0.513E+004
 RTBSE|             406          62.638                               0.513E+004
 RTBSE|             407          62.717                               0.513E+004
 RTBSE|             408          62.737                               0.513E+004
 RTBSE|             409          62.604                               0.513E+004
 RTBSE|             410          62.523                               0.513E+004
 RTBSE|             411          62.624                               0.513E+004
 RTBSE|             412          62.630                               0.513E+004
 RTBSE|             413          62.706                               0.513E+004
 RTBSE|             414          63.777                               0.513E+004
 RTBSE|             415          62.677                               0.513E+004
 RTBSE|             416          62.703                               0.513E+004
 RTBSE|             417          62.676                               0.513E+004
 RTBSE|             418          62.727                               0.513E+004
 RTBSE|             419          62.516                               0.513E+004
 RTBSE|             420          62.633                               0.513E+004
 RTBSE|             421          62.642                               0.513E+004
 RTBSE|             422          62.615                               0.513E+004
 RTBSE|             423          62.620                               0.513E+004
 RTBSE|             424          62.502                               0.513E+004
 RTBSE|             425          62.729                               0.513E+004
 RTBSE|             426          62.658                               0.513E+004
 RTBSE|             427          62.618                               0.513E+004
 RTBSE|             428          62.592                               0.513E+004
 RTBSE|             429          62.696                               0.513E+004
 RTBSE|             430          62.558                               0.513E+004
 RTBSE|             431          62.680                               0.513E+004
 RTBSE|             432          62.750                               0.513E+004
 RTBSE|             433          62.604                               0.513E+004
 RTBSE|             434          63.374                               0.513E+004
 RTBSE|             435          62.570                               0.513E+004
 RTBSE|             436          62.625                               0.513E+004
 RTBSE|             437          62.595                               0.513E+004
 RTBSE|             438          62.701                               0.513E+004
 RTBSE|             439          62.803                               0.513E+004
 RTBSE|             440          62.654                               0.513E+004
 RTBSE|             441          62.637                               0.513E+004
 RTBSE|             442          62.649                               0.513E+004
 RTBSE|             443          62.597                               0.513E+004
 RTBSE|             444          62.524                               0.513E+004
 RTBSE|             445          62.717                               0.513E+004
 RTBSE|             446          62.608                               0.513E+004
 RTBSE|             447          62.602                               0.513E+004
 RTBSE|             448          62.753                               0.513E+004
 RTBSE|             449          62.719                               0.513E+004
 RTBSE|             450          62.689                               0.513E+004
 RTBSE|             451          62.681                               0.513E+004
 RTBSE|             452          62.778                               0.513E+004
 RTBSE|             453          62.719                               0.513E+004
 RTBSE|             454          62.685                               0.513E+004
 RTBSE|             455          62.729                               0.513E+004
 RTBSE|             456          62.678                               0.513E+004
 RTBSE|             457          62.684                               0.513E+004
 RTBSE|             458          62.524                               0.513E+004
 RTBSE|             459          62.709                               0.513E+004
 RTBSE|             460          62.803                               0.513E+004
 RTBSE|             461          62.770                               0.513E+004
 RTBSE|             462          62.790                               0.513E+004
 RTBSE|             463          62.697                               0.513E+004
 RTBSE|             464          62.847                               0.513E+004
 RTBSE|             465          63.695                               0.513E+004
 RTBSE|             466          62.634                               0.513E+004
 RTBSE|             467          62.664                               0.513E+004
 RTBSE|             468          62.639                               0.513E+004
 RTBSE|             469          63.206                               0.513E+004
 RTBSE|             470          62.572                               0.513E+004
 RTBSE|             471          62.562                               0.513E+004
 RTBSE|             472          62.590                               0.513E+004
 RTBSE|             473          62.552                               0.513E+004
 RTBSE|             474          62.720                               0.513E+004
 RTBSE|             475          62.681                               0.513E+004
 RTBSE|             476          62.790                               0.513E+004
 RTBSE|             477          62.727                               0.513E+004
 RTBSE|             478          62.761                               0.513E+004
 RTBSE|             479          62.580                               0.513E+004
 RTBSE|             480          62.763                               0.513E+004
 RTBSE|             481          62.691                               0.513E+004
 RTBSE|             482          62.753                               0.513E+004
 RTBSE|             483          62.641                               0.513E+004
 RTBSE|             484          62.716                               0.513E+004
 RTBSE|             485          62.644                               0.513E+004
 RTBSE|             486          63.688                               0.513E+004
 RTBSE|             487          62.800                               0.513E+004
 RTBSE|             488          62.905                               0.513E+004
 RTBSE|             489          62.722                               0.513E+004
 RTBSE|             490          62.610                               0.513E+004
 RTBSE|             491          62.698                               0.513E+004
 RTBSE|             492          62.657                               0.513E+004
 RTBSE|             493          62.658                               0.513E+004
 RTBSE|             494          62.841                               0.513E+004
 RTBSE|             495          62.804                               0.513E+004
 RTBSE|             496          62.540                               0.513E+004
 RTBSE|             497          62.624                               0.513E+004
 RTBSE|             498          62.718                               0.513E+004
 RTBSE|             499          62.724                               0.513E+004
 RTBSE|             500          62.576                               0.513E+004
 RTBSE|             501          62.729                               0.513E+004
 RTBSE|             502          62.654                               0.513E+004
 RTBSE|             503          62.812                               0.513E+004
 RTBSE|             504          62.645                               0.513E+004
 RTBSE|             505          62.653                               0.513E+004
 RTBSE|             506          62.751                               0.513E+004
 RTBSE|             507          62.596                               0.513E+004
 RTBSE|             508          62.539                               0.513E+004
 RTBSE|             509          62.641                               0.513E+004
 RTBSE|             510          62.690                               0.513E+004
 RTBSE|             511          62.482                               0.513E+004
 RTBSE|             512          62.807                               0.513E+004
 RTBSE|             513          62.756                               0.513E+004
 RTBSE|             514          62.710                               0.513E+004
 RTBSE|             515          62.629                               0.513E+004
 RTBSE|             516          62.672                               0.513E+004
 RTBSE|             517          62.682                               0.513E+004
 RTBSE|             518          62.657                               0.513E+004
 RTBSE|             519          62.894                               0.513E+004
 RTBSE|             520          63.327                               0.513E+004
 RTBSE|             521          62.751                               0.513E+004
 RTBSE|             522          62.522                               0.513E+004
 RTBSE|             523          62.738                               0.513E+004
 RTBSE|             524          62.798                               0.513E+004
 RTBSE|             525          62.616                               0.513E+004
 RTBSE|             526          62.624                               0.513E+004
 RTBSE|             527          62.620                               0.513E+004
 RTBSE|             528          62.692                               0.513E+004
 RTBSE|             529          62.838                               0.513E+004
 RTBSE|             530          62.873                               0.513E+004
 RTBSE|             531          62.737                               0.513E+004
 RTBSE|             532          62.845                               0.513E+004
 RTBSE|             533          63.671                               0.513E+004
 RTBSE|             534          62.755                               0.513E+004
 RTBSE|             535          62.778                               0.513E+004
 RTBSE|             536          62.734                               0.513E+004
 RTBSE|             537          62.797                               0.513E+004
 RTBSE|             538          62.724                               0.513E+004
 RTBSE|             539          62.625                               0.513E+004
 RTBSE|             540          62.865                               0.513E+004
 RTBSE|             541          62.732                               0.513E+004
 RTBSE|             542          62.847                               0.513E+004
 RTBSE|             543          62.704                               0.513E+004
 RTBSE|             544          62.701                               0.513E+004
 RTBSE|             545          62.697                               0.513E+004
 RTBSE|             546          62.750                               0.513E+004
 RTBSE|             547          62.809                               0.513E+004
 RTBSE|             548          62.623                               0.513E+004
 RTBSE|             549          62.862                               0.513E+004
 RTBSE|             550          62.681                               0.513E+004
 RTBSE|             551          62.656                               0.513E+004
 RTBSE|             552          62.592                               0.513E+004
 RTBSE|             553          62.673                               0.513E+004
 RTBSE|             554          62.800                               0.513E+004
 RTBSE|             555          62.703                               0.513E+004
 RTBSE|             556          62.589                               0.513E+004
 RTBSE|             557          62.742                               0.513E+004
 RTBSE|             558          62.658                               0.513E+004
 RTBSE|             559          62.822                               0.513E+004
 RTBSE|             560          63.037                               0.513E+004
 RTBSE|             561          62.710                               0.513E+004
 RTBSE|             562          62.807                               0.513E+004
 RTBSE|             563          62.785                               0.513E+004
 RTBSE|             564          62.734                               0.513E+004
 RTBSE|             565          62.780                               0.513E+004
 RTBSE|             566          62.829                               0.513E+004
 RTBSE|             567          62.661                               0.513E+004
 RTBSE|             568          62.679                               0.513E+004
 RTBSE|             569          64.151                               0.513E+004
 RTBSE|             570          62.847                               0.513E+004
 RTBSE|             571          62.797                               0.513E+004
 RTBSE|             572          62.787                               0.513E+004
 RTBSE|             573          63.719                               0.513E+004
 RTBSE|             574          63.491                               0.513E+004
 RTBSE|             575          62.700                               0.513E+004
 RTBSE|             576          62.524                               0.513E+004
 RTBSE|             577          62.738                               0.513E+004
 RTBSE|             578          62.733                               0.513E+004
 RTBSE|             579          62.636                               0.513E+004
 RTBSE|             580          62.608                               0.513E+004
 RTBSE|             581          62.693                               0.513E+004
 RTBSE|             582          62.652                               0.513E+004
 RTBSE|             583          62.471                               0.513E+004
 RTBSE|             584          62.882                               0.513E+004
 RTBSE|             585          62.696                               0.513E+004
 RTBSE|             586          63.392                               0.513E+004
 RTBSE|             587          62.777                               0.513E+004
 RTBSE|             588          62.692                               0.513E+004
 RTBSE|             589          62.536                               0.513E+004
 RTBSE|             590          62.620                               0.513E+004
 RTBSE|             591          62.661                               0.513E+004
 RTBSE|             592          62.764                               0.513E+004
 RTBSE|             593          62.858                               0.513E+004
 RTBSE|             594          62.778                               0.513E+004
 RTBSE|             595          62.712                               0.513E+004
 RTBSE|             596          62.617                               0.513E+004
 RTBSE|             597          62.697                               0.513E+004
 RTBSE|             598          62.496                               0.513E+004
 RTBSE|             599          62.573                               0.513E+004
 RTBSE|             600          62.781                               0.513E+004
 RTBSE|             601          62.755                               0.513E+004
 RTBSE|             602          62.696                               0.513E+004
 RTBSE|             603          62.586                               0.513E+004
 RTBSE|             604          62.589                               0.513E+004
 RTBSE|             605          62.643                               0.513E+004
 RTBSE|             606          62.563                               0.513E+004
 RTBSE|             607          62.623                               0.513E+004
 RTBSE|             608          62.731                               0.513E+004
 RTBSE|             609          62.701                               0.513E+004
 RTBSE|             610          62.558                               0.513E+004
 RTBSE|             611          63.873                               0.513E+004
 RTBSE|             612          62.579                               0.513E+004
 RTBSE|             613          63.219                               0.513E+004
 RTBSE|             614          62.749                               0.513E+004
 RTBSE|             615          62.627                               0.513E+004
 RTBSE|             616          62.691                               0.513E+004
 RTBSE|             617          62.687                               0.513E+004
 RTBSE|             618          62.711                               0.513E+004
 RTBSE|             619          62.782                               0.513E+004
 RTBSE|             620          62.801                               0.513E+004
 RTBSE|             621          62.691                               0.513E+004
 RTBSE|             622          62.666                               0.513E+004
 RTBSE|             623          62.665                               0.513E+004
 RTBSE|             624          62.723                               0.513E+004
 RTBSE|             625          62.598                               0.513E+004
 RTBSE|             626          62.549                               0.513E+004
 RTBSE|             627          62.598                               0.513E+004
 RTBSE|             628          62.625                               0.513E+004
 RTBSE|             629          62.633                               0.513E+004
 RTBSE|             630          62.834                               0.513E+004
 RTBSE|             631          62.679                               0.513E+004
 RTBSE|             632          62.707                               0.513E+004
 RTBSE|             633          62.596                               0.513E+004
 RTBSE|             634          62.525                               0.513E+004
 RTBSE|             635          62.608                               0.513E+004
 RTBSE|             636          62.741                               0.513E+004
 RTBSE|             637          62.659                               0.513E+004
 RTBSE|             638          62.768                               0.513E+004
 RTBSE|             639          62.757                               0.513E+004
 RTBSE|             640          62.839                               0.513E+004
 RTBSE|             641          62.640                               0.513E+004
 RTBSE|             642          62.844                               0.513E+004
 RTBSE|             643          62.679                               0.513E+004
 RTBSE|             644          62.664                               0.513E+004
 RTBSE|             645          62.760                               0.513E+004
 RTBSE|             646          62.721                               0.513E+004
 RTBSE|             647          62.700                               0.513E+004
 RTBSE|             648          62.598                               0.513E+004
 RTBSE|             649          62.781                               0.513E+004
 RTBSE|             650          62.723                               0.513E+004
 RTBSE|             651          62.592                               0.513E+004
 RTBSE|             652          62.739                               0.513E+004
 RTBSE|             653          62.619                               0.513E+004
 RTBSE|             654          62.720                               0.513E+004
 RTBSE|             655          62.722                               0.513E+004
 RTBSE|             656          62.655                               0.513E+004
 RTBSE|             657          62.618                               0.513E+004
 RTBSE|             658          62.845                               0.513E+004
 RTBSE|             659          62.579                               0.513E+004
 RTBSE|             660          62.772                               0.513E+004
 RTBSE|             661          62.538                               0.513E+004
 RTBSE|             662          62.703                               0.513E+004
 RTBSE|             663          62.610                               0.513E+004
 RTBSE|             664          62.648                               0.513E+004
 RTBSE|             665          62.489                               0.513E+004
 RTBSE|             666          62.591                               0.513E+004
 RTBSE|             667          62.583                               0.513E+004
 RTBSE|             668          62.632                               0.513E+004
 RTBSE|             669          62.652                               0.513E+004
 RTBSE|             670          62.661                               0.513E+004
 RTBSE|             671          62.576                               0.513E+004
 RTBSE|             672          62.650                               0.513E+004
 RTBSE|             673          62.559                               0.513E+004
 RTBSE|             674          62.694                               0.513E+004
 RTBSE|             675          62.725                               0.513E+004
 RTBSE|             676          62.736                               0.513E+004
 RTBSE|             677          62.583                               0.513E+004
 RTBSE|             678          62.645                               0.513E+004
 RTBSE|             679          62.598                               0.513E+004
 RTBSE|             680          62.714                               0.513E+004
 RTBSE|             681          62.719                               0.513E+004
 RTBSE|             682          62.830                               0.513E+004
 RTBSE|             683          62.591                               0.513E+004
 RTBSE|             684          62.830                               0.513E+004
 RTBSE|             685          62.820                               0.513E+004
 RTBSE|             686          62.587                               0.513E+004
 RTBSE|             687          62.735                               0.513E+004
 RTBSE|             688          62.750                               0.513E+004
 RTBSE|             689          62.643                               0.513E+004
 RTBSE|             690          62.683                               0.513E+004
 RTBSE|             691          62.757                               0.513E+004
 RTBSE|             692          62.857                               0.513E+004
 RTBSE|             693          62.681                               0.513E+004
 RTBSE|             694          62.591                               0.513E+004
 RTBSE|             695          63.652                               0.513E+004
 RTBSE|             696          62.691                               0.513E+004
 RTBSE|             697          62.798                               0.513E+004
 RTBSE|             698          62.581                               0.513E+004
 RTBSE|             699          62.564                               0.513E+004
 RTBSE|             700          62.579                               0.513E+004
 RTBSE|             701          62.496                               0.513E+004
 RTBSE|             702          62.569                               0.513E+004
 RTBSE|             703          62.609                               0.513E+004
 RTBSE|             704          63.400                               0.513E+004
 RTBSE|             705          62.606                               0.513E+004
 RTBSE|             706          63.325                               0.513E+004
 RTBSE|             707          62.670                               0.513E+004
 RTBSE|             708          62.753                               0.513E+004
 RTBSE|             709          62.889                               0.513E+004
 RTBSE|             710          62.636                               0.513E+004
 RTBSE|             711          62.663                               0.513E+004
 RTBSE|             712          62.725                               0.513E+004
 RTBSE|             713          62.671                               0.513E+004
 RTBSE|             714          62.638                               0.513E+004
 RTBSE|             715          62.565                               0.513E+004
 RTBSE|             716          62.603                               0.513E+004
 RTBSE|             717          62.743                               0.513E+004
 RTBSE|             718          62.672                               0.513E+004
 RTBSE|             719          63.380                               0.513E+004
 RTBSE|             720          62.621                               0.513E+004
 RTBSE|             721          63.893                               0.513E+004
 RTBSE|             722          62.672                               0.513E+004
 RTBSE|             723          62.719                               0.513E+004
 RTBSE|             724          62.661                               0.513E+004
 RTBSE|             725          62.622                               0.513E+004
 RTBSE|             726          62.559                               0.513E+004
 RTBSE|             727          62.762                               0.513E+004
 RTBSE|             728          62.658                               0.513E+004
 RTBSE|             729          62.717                               0.513E+004
 RTBSE|             730          62.609                               0.513E+004
 RTBSE|             731          62.598                               0.513E+004
 RTBSE|             732          62.934                               0.513E+004
 RTBSE|             733          62.767                               0.513E+004
 RTBSE|             734          62.707                               0.513E+004
 RTBSE|             735          62.756                               0.513E+004
 RTBSE|             736          62.831                               0.513E+004
 RTBSE|             737          62.801                               0.513E+004
 RTBSE|             738          62.722                               0.513E+004
 RTBSE|             739          62.695                               0.513E+004
 RTBSE|             740          62.746                               0.513E+004
 RTBSE|             741          62.680                               0.513E+004
 RTBSE|             742          62.696                               0.513E+004
 RTBSE|             743          62.771                               0.513E+004
 RTBSE|             744          62.705                               0.513E+004
 RTBSE|             745          62.659                               0.513E+004
 RTBSE|             746          62.621                               0.513E+004
 RTBSE|             747          62.810                               0.513E+004
 RTBSE|             748          62.671                               0.513E+004
 RTBSE|             749          62.514                               0.513E+004
 RTBSE|             750          63.402                               0.513E+004
 RTBSE|             751          62.726                               0.513E+004
 RTBSE|             752          62.736                               0.513E+004
 RTBSE|             753          62.695                               0.513E+004
 RTBSE|             754          62.728                               0.513E+004
 RTBSE|             755          62.637                               0.513E+004
 RTBSE|             756          62.802                               0.513E+004
 RTBSE|             757          62.722                               0.513E+004
 RTBSE|             758          62.700                               0.513E+004
 RTBSE|             759          62.691                               0.513E+004
 RTBSE|             760          62.776                               0.513E+004
 RTBSE|             761          62.519                               0.513E+004
 RTBSE|             762          62.752                               0.513E+004
 RTBSE|             763          62.745                               0.513E+004
 RTBSE|             764          62.616                               0.513E+004
 RTBSE|             765          62.715                               0.513E+004
 RTBSE|             766          62.545                               0.513E+004
 RTBSE|             767          63.013                               0.513E+004
 RTBSE|             768          62.630                               0.513E+004
 RTBSE|             769          62.696                               0.513E+004
 RTBSE|             770          62.672                               0.513E+004
 RTBSE|             771          62.607                               0.513E+004
 RTBSE|             772          62.675                               0.513E+004
 RTBSE|             773          62.782                               0.513E+004
 RTBSE|             774          62.649                               0.513E+004
 RTBSE|             775          62.622                               0.513E+004
 RTBSE|             776          62.731                               0.513E+004
 RTBSE|             777          62.728                               0.513E+004
 RTBSE|             778          62.606                               0.513E+004
 RTBSE|             779          62.698                               0.513E+004
 RTBSE|             780          62.699                               0.513E+004
 RTBSE|             781          62.648                               0.513E+004
 RTBSE|             782          62.743                               0.513E+004
 RTBSE|             783          62.661                               0.513E+004
 RTBSE|             784          62.616                               0.513E+004
 RTBSE|             785          62.708                               0.513E+004
 RTBSE|             786          62.765                               0.513E+004
 RTBSE|             787          62.713                               0.513E+004
 RTBSE|             788          62.769                               0.513E+004
 RTBSE|             789          62.655                               0.513E+004
 RTBSE|             790          62.640                               0.513E+004
 RTBSE|             791          62.677                               0.513E+004
 RTBSE|             792          62.511                               0.513E+004
 RTBSE|             793          62.706                               0.513E+004
 RTBSE|             794          63.504                               0.513E+004
 RTBSE|             795          62.751                               0.513E+004
 RTBSE|             796          62.703                               0.513E+004
 RTBSE|             797          62.654                               0.513E+004
 RTBSE|             798          62.585                               0.513E+004
 RTBSE|             799          63.565                               0.513E+004
 RTBSE|             800          62.821                               0.513E+004
 RTBSE|             801          62.587                               0.513E+004
 RTBSE|             802          62.719                               0.513E+004
 RTBSE|             803          62.718                               0.513E+004
 RTBSE|             804          62.651                               0.513E+004
 RTBSE|             805          62.665                               0.513E+004
 RTBSE|             806          62.670                               0.513E+004
 RTBSE|             807          62.705                               0.513E+004
 RTBSE|             808          62.701                               0.513E+004
 RTBSE|             809          63.564                               0.513E+004
 RTBSE|             810          62.661                               0.513E+004
 RTBSE|             811          63.408                               0.513E+004
 RTBSE|             812          62.743                               0.513E+004
 RTBSE|             813          62.667                               0.513E+004
 RTBSE|             814          62.820                               0.513E+004
 RTBSE|             815          62.738                               0.513E+004
 RTBSE|             816          62.646                               0.513E+004
 RTBSE|             817          62.693                               0.513E+004
 RTBSE|             818          62.673                               0.513E+004
 RTBSE|             819          62.715                               0.513E+004
 RTBSE|             820          62.607                               0.513E+004
 RTBSE|             821          62.545                               0.513E+004
 RTBSE|             822          62.676                               0.513E+004
 RTBSE|             823          62.582                               0.513E+004
 RTBSE|             824          62.612                               0.513E+004
 RTBSE|             825          62.746                               0.513E+004
 RTBSE|             826          64.370                               0.513E+004
 RTBSE|             827          62.542                               0.513E+004
 RTBSE|             828          62.634                               0.513E+004
 RTBSE|             829          62.602                               0.513E+004
 RTBSE|             830          62.742                               0.513E+004
 RTBSE|             831          62.707                               0.513E+004
 RTBSE|             832          62.717                               0.513E+004
 RTBSE|             833          62.805                               0.513E+004
 RTBSE|             834          62.683                               0.513E+004
 RTBSE|             835          62.759                               0.513E+004
 RTBSE|             836          62.721                               0.513E+004
 RTBSE|             837          62.728                               0.513E+004
 RTBSE|             838          62.671                               0.513E+004
 RTBSE|             839          62.654                               0.513E+004
 RTBSE|             840          62.695                               0.513E+004
 RTBSE|             841          62.750                               0.513E+004
 RTBSE|             842          62.748                               0.513E+004
 RTBSE|             843          62.798                               0.513E+004
 RTBSE|             844          62.726                               0.513E+004
 RTBSE|             845          62.781                               0.513E+004
 RTBSE|             846          62.768                               0.513E+004
 RTBSE|             847          62.727                               0.513E+004
 RTBSE|             848          62.790                               0.513E+004
 RTBSE|             849          62.613                               0.513E+004
 RTBSE|             850          62.748                               0.513E+004
 RTBSE|             851          62.771                               0.513E+004
 RTBSE|             852          62.772                               0.513E+004
 RTBSE|             853          62.637                               0.513E+004
 RTBSE|             854          62.622                               0.513E+004
 RTBSE|             855          62.681                               0.513E+004
 RTBSE|             856          62.797                               0.513E+004
 RTBSE|             857          62.751                               0.513E+004
 RTBSE|             858          62.750                               0.513E+004
 RTBSE|             859          62.646                               0.513E+004
 RTBSE|             860          62.744                               0.513E+004
 RTBSE|             861          62.643                               0.513E+004
 RTBSE|             862          62.506                               0.513E+004
 RTBSE|             863          62.628                               0.513E+004
 RTBSE|             864          62.513                               0.513E+004
 RTBSE|             865          62.728                               0.513E+004
 RTBSE|             866          62.660                               0.513E+004
 RTBSE|             867          62.491                               0.513E+004
 RTBSE|             868          62.592                               0.513E+004
 RTBSE|             869          62.636                               0.513E+004
 RTBSE|             870          62.599                               0.513E+004
 RTBSE|             871          62.659                               0.513E+004
 RTBSE|             872          62.684                               0.513E+004
 RTBSE|             873          62.675                               0.513E+004
 RTBSE|             874          62.713                               0.513E+004
 RTBSE|             875          62.635                               0.513E+004
 RTBSE|             876          62.640                               0.513E+004
 RTBSE|             877          62.716                               0.513E+004
 RTBSE|             878          62.610                               0.513E+004
 RTBSE|             879          62.700                               0.513E+004
 RTBSE|             880          63.517                               0.513E+004
 RTBSE|             881          62.708                               0.513E+004
 RTBSE|             882          62.481                               0.513E+004
 RTBSE|             883          62.720                               0.513E+004
 RTBSE|             884          62.858                               0.513E+004
 RTBSE|             885          62.721                               0.513E+004
 RTBSE|             886          62.628                               0.513E+004
 RTBSE|             887          62.598                               0.513E+004
 RTBSE|             888          62.687                               0.513E+004
 RTBSE|             889          62.641                               0.513E+004
 RTBSE|             890          62.587                               0.513E+004
 RTBSE|             891          62.658                               0.513E+004
 RTBSE|             892          62.686                               0.513E+004
 RTBSE|             893          62.565                               0.513E+004
 RTBSE|             894          62.676                               0.513E+004
 RTBSE|             895          62.928                               0.513E+004
 RTBSE|             896          62.614                               0.513E+004
 RTBSE|             897          62.533                               0.513E+004
 RTBSE|             898          62.741                               0.513E+004
 RTBSE|             899          62.722                               0.513E+004
 RTBSE|             900          62.801                               0.513E+004
 RTBSE|             901          63.469                               0.513E+004
 RTBSE|             902          62.559                               0.513E+004
 RTBSE|             903          62.793                               0.513E+004
 RTBSE|             904          62.669                               0.513E+004
 RTBSE|             905          62.600                               0.513E+004
 RTBSE|             906          62.585                               0.513E+004
 RTBSE|             907          62.655                               0.513E+004
 RTBSE|             908          63.577                               0.513E+004
 RTBSE|             909          62.839                               0.513E+004
 RTBSE|             910          62.644                               0.513E+004
 RTBSE|             911          62.748                               0.513E+004
 RTBSE|             912          62.672                               0.513E+004
 RTBSE|             913          62.666                               0.513E+004
 RTBSE|             914          62.571                               0.513E+004
 RTBSE|             915          62.802                               0.513E+004
 RTBSE|             916          62.592                               0.513E+004
 RTBSE|             917          62.657                               0.513E+004
 RTBSE|             918          62.680                               0.513E+004
 RTBSE|             919          62.737                               0.513E+004
 RTBSE|             920          62.767                               0.513E+004
 RTBSE|             921          62.640                               0.513E+004
 RTBSE|             922          62.761                               0.513E+004
 RTBSE|             923          62.707                               0.513E+004
 RTBSE|             924          63.409                               0.513E+004
 RTBSE|             925          62.661                               0.513E+004
 RTBSE|             926          62.708                               0.513E+004
 RTBSE|             927          63.605                               0.513E+004
 RTBSE|             928          62.800                               0.513E+004
 RTBSE|             929          62.785                               0.513E+004
 RTBSE|             930          62.902                               0.513E+004
 RTBSE|             931          62.584                               0.513E+004
 RTBSE|             932          62.762                               0.513E+004
 RTBSE|             933          62.634                               0.513E+004
 RTBSE|             934          62.623                               0.513E+004
 RTBSE|             935          62.673                               0.513E+004
 RTBSE|             936          62.762                               0.513E+004
 RTBSE|             937          62.575                               0.513E+004
 RTBSE|             938          62.666                               0.513E+004
 RTBSE|             939          62.667                               0.513E+004
 RTBSE|             940          62.660                               0.513E+004
 RTBSE|             941          62.665                               0.513E+004
 RTBSE|             942          62.782                               0.513E+004
 RTBSE|             943          62.631                               0.513E+004
 RTBSE|             944          62.685                               0.513E+004
 RTBSE|             945          62.502                               0.513E+004
 RTBSE|             946          62.681                               0.513E+004
 RTBSE|             947          62.798                               0.513E+004
 RTBSE|             948          62.778                               0.513E+004
 RTBSE|             949          62.613                               0.513E+004
 RTBSE|             950          62.894                               0.513E+004
 RTBSE|             951          62.758                               0.513E+004
 RTBSE|             952          62.631                               0.513E+004
 RTBSE|             953          62.629                               0.513E+004
 RTBSE|             954          62.592                               0.513E+004
 RTBSE|             955          62.710                               0.513E+004
 RTBSE|             956          62.608                               0.513E+004
 RTBSE|             957          62.666                               0.513E+004
 RTBSE|             958          62.755                               0.513E+004
 RTBSE|             959          62.616                               0.513E+004
 RTBSE|             960          62.708                               0.513E+004
 RTBSE|             961          62.606                               0.513E+004
 RTBSE|             962          62.707                               0.513E+004
 RTBSE|             963          62.526                               0.513E+004
 RTBSE|             964          62.506                               0.513E+004
 RTBSE|             965          62.813                               0.513E+004
 RTBSE|             966          62.600                               0.513E+004
 RTBSE|             967          63.364                               0.513E+004
 RTBSE|             968          62.672                               0.513E+004
 RTBSE|             969          62.638                               0.513E+004
 RTBSE|             970          62.643                               0.513E+004
 RTBSE|             971          63.792                               0.513E+004
 RTBSE|             972          62.583                               0.513E+004
 RTBSE|             973          62.659                               0.513E+004
 RTBSE|             974          62.670                               0.513E+004
 RTBSE|             975          62.644                               0.513E+004
 RTBSE|             976          62.651                               0.513E+004
 RTBSE|             977          62.635                               0.513E+004
 RTBSE|             978          62.727                               0.513E+004
 RTBSE|             979          62.650                               0.513E+004
 RTBSE|             980          62.574                               0.513E+004
 RTBSE|             981          62.701                               0.513E+004
 RTBSE|             982          62.783                               0.513E+004
 RTBSE|             983          62.706                               0.513E+004
 RTBSE|             984          62.693                               0.513E+004
 RTBSE|             985          62.677                               0.513E+004
 RTBSE|             986          62.680                               0.513E+004
 RTBSE|             987          62.742                               0.513E+004
 RTBSE|             988          62.659                               0.513E+004
 RTBSE|             989          62.703                               0.513E+004
 RTBSE|             990          62.686                               0.513E+004
 RTBSE|             991          62.605                               0.513E+004
 RTBSE|             992          62.565                               0.513E+004
 RTBSE|             993          62.700                               0.513E+004
 RTBSE|             994          62.602                               0.513E+004
 RTBSE|             995          62.689                               0.513E+004
 RTBSE|             996          62.829                               0.513E+004
 RTBSE|             997          62.607                               0.513E+004
 RTBSE|             998          62.691                               0.513E+004
 RTBSE|             999          62.764                               0.513E+004
 RTBSE|            1000          62.696                               0.513E+004
 RTBSE|            1001          62.707                               0.513E+004
 RTBSE|            1002          62.615                               0.513E+004
 RTBSE|            1003          63.715                               0.513E+004
 RTBSE|            1004          62.781                               0.513E+004
 RTBSE|            1005          62.838                               0.513E+004
 RTBSE|            1006          62.692                               0.513E+004
 RTBSE|            1007          62.810                               0.513E+004
 RTBSE|            1008          62.700                               0.513E+004
 RTBSE|            1009          62.676                               0.513E+004
 RTBSE|            1010          62.835                               0.513E+004
 RTBSE|            1011          62.802                               0.513E+004
 RTBSE|            1012          62.594                               0.513E+004
 RTBSE|            1013          62.728                               0.513E+004
 RTBSE|            1014          62.646                               0.513E+004
 RTBSE|            1015          62.683                               0.513E+004
 RTBSE|            1016          62.637                               0.513E+004
 RTBSE|            1017          62.794                               0.513E+004
 RTBSE|            1018          62.577                               0.513E+004
 RTBSE|            1019          62.684                               0.513E+004
 RTBSE|            1020          62.621                               0.513E+004
 RTBSE|            1021          62.764                               0.513E+004
 RTBSE|            1022          62.769                               0.513E+004
 RTBSE|            1023          62.581                               0.513E+004
 RTBSE|            1024          62.836                               0.513E+004
 RTBSE|            1025          62.769                               0.513E+004
 RTBSE|            1026          62.744                               0.513E+004
 RTBSE|            1027          62.728                               0.513E+004
 RTBSE|            1028          62.646                               0.513E+004
 RTBSE|            1029          62.709                               0.513E+004
 RTBSE|            1030          62.841                               0.513E+004
 RTBSE|            1031          62.747                               0.513E+004
 RTBSE|            1032          62.718                               0.513E+004
 RTBSE|            1033          62.640                               0.513E+004
 RTBSE|            1034          62.813                               0.513E+004
 RTBSE|            1035          62.623                               0.513E+004
 RTBSE|            1036          63.437                               0.513E+004
 RTBSE|            1037          62.693                               0.513E+004
 RTBSE|            1038          62.685                               0.513E+004
 RTBSE|            1039          62.657                               0.513E+004
 RTBSE|            1040          62.694                               0.513E+004
 RTBSE|            1041          62.704                               0.513E+004
 RTBSE|            1042          63.353                               0.513E+004
 RTBSE|            1043          62.509                               0.513E+004
 RTBSE|            1044          62.886                               0.513E+004
 RTBSE|            1045          62.695                               0.513E+004
 RTBSE|            1046          62.712                               0.513E+004
 RTBSE|            1047          62.739                               0.513E+004
 RTBSE|            1048          62.736                               0.513E+004
 RTBSE|            1049          62.721                               0.513E+004
 RTBSE|            1050          62.744                               0.513E+004
 RTBSE|            1051          62.649                               0.513E+004
 RTBSE|            1052          62.664                               0.513E+004
 RTBSE|            1053          62.786                               0.513E+004
 RTBSE|            1054          63.382                               0.513E+004
 RTBSE|            1055          62.791                               0.513E+004
 RTBSE|            1056          62.774                               0.513E+004
 RTBSE|            1057          62.701                               0.513E+004
 RTBSE|            1058          62.794                               0.513E+004
 RTBSE|            1059          62.627                               0.513E+004
 RTBSE|            1060          62.668                               0.513E+004
 RTBSE|            1061          62.740                               0.513E+004
 RTBSE|            1062          62.705                               0.513E+004
 RTBSE|            1063          62.725                               0.513E+004
 RTBSE|            1064          62.721                               0.513E+004
 RTBSE|            1065          62.694                               0.513E+004
 RTBSE|            1066          62.673                               0.513E+004
 RTBSE|            1067          62.720                               0.513E+004
 RTBSE|            1068          62.776                               0.513E+004
 RTBSE|            1069          63.577                               0.513E+004
 RTBSE|            1070          62.727                               0.513E+004
 RTBSE|            1071          62.518                               0.513E+004
 RTBSE|            1072          63.558                               0.513E+004
 RTBSE|            1073          62.653                               0.513E+004
 RTBSE|            1074          62.594                               0.513E+004
 RTBSE|            1075          62.746                               0.513E+004
 RTBSE|            1076          62.654                               0.513E+004
 RTBSE|            1077          62.817                               0.513E+004
 RTBSE|            1078          62.587                               0.513E+004
 RTBSE|            1079          63.656                               0.513E+004
 RTBSE|            1080          62.723                               0.513E+004
 RTBSE|            1081          62.634                               0.513E+004
 RTBSE|            1082          62.653                               0.513E+004
 RTBSE|            1083          62.755                               0.513E+004
 RTBSE|            1084          62.609                               0.513E+004
 RTBSE|            1085          62.635                               0.513E+004
 RTBSE|            1086          62.620                               0.513E+004
 RTBSE|            1087          62.568                               0.513E+004
 RTBSE|            1088          62.652                               0.513E+004
 RTBSE|            1089          62.609                               0.513E+004
 RTBSE|            1090          62.573                               0.513E+004
 RTBSE|            1091          62.590                               0.513E+004
 RTBSE|            1092          62.688                               0.513E+004
 RTBSE|            1093          62.639                               0.513E+004
 RTBSE|            1094          62.662                               0.513E+004
 RTBSE|            1095          62.705                               0.513E+004
 RTBSE|            1096          62.562                               0.513E+004
 RTBSE|            1097          62.653                               0.513E+004
 RTBSE|            1098          62.811                               0.513E+004
 RTBSE|            1099          62.607                               0.513E+004
 RTBSE|            1100          62.687                               0.513E+004
 RTBSE|            1101          62.697                               0.513E+004
 RTBSE|            1102          62.716                               0.513E+004
 RTBSE|            1103          62.708                               0.513E+004
 RTBSE|            1104          63.432                               0.513E+004
 RTBSE|            1105          62.702                               0.513E+004
 RTBSE|            1106          62.681                               0.513E+004
 RTBSE|            1107          62.608                               0.513E+004
 RTBSE|            1108          62.530                               0.513E+004
 RTBSE|            1109          62.505                               0.513E+004
 RTBSE|            1110          62.598                               0.513E+004
 RTBSE|            1111          62.550                               0.513E+004
 RTBSE|            1112          62.516                               0.513E+004
 RTBSE|            1113          62.630                               0.513E+004
 RTBSE|            1114          62.544                               0.513E+004
 RTBSE|            1115          62.469                               0.513E+004
 RTBSE|            1116          62.548                               0.513E+004
 RTBSE|            1117          62.513                               0.513E+004
 RTBSE|            1118          62.502                               0.513E+004
 RTBSE|            1119          62.723                               0.513E+004
 RTBSE|            1120          62.639                               0.513E+004
 RTBSE|            1121          62.585                               0.513E+004
 RTBSE|            1122          62.427                               0.513E+004
 RTBSE|            1123          62.559                               0.513E+004
 RTBSE|            1124          62.480                               0.513E+004
 RTBSE|            1125          62.638                               0.513E+004
 RTBSE|            1126          62.515                               0.513E+004
 RTBSE|            1127          62.559                               0.513E+004
 RTBSE|            1128          62.575                               0.513E+004
 RTBSE|            1129          63.365                               0.513E+004
 RTBSE|            1130          62.595                               0.513E+004
 RTBSE|            1131          62.595                               0.513E+004
 RTBSE|            1132          62.598                               0.513E+004
 RTBSE|            1133          62.540                               0.513E+004
 RTBSE|            1134          62.580                               0.513E+004
 RTBSE|            1135          62.582                               0.513E+004
 RTBSE|            1136          62.563                               0.513E+004
 RTBSE|            1137          62.496                               0.513E+004
 RTBSE|            1138          62.587                               0.513E+004
 RTBSE|            1139          62.616                               0.513E+004
 RTBSE|            1140          62.481                               0.513E+004
 RTBSE|            1141          62.509                               0.513E+004
 RTBSE|            1142          62.677                               0.513E+004
 RTBSE|            1143          62.680                               0.513E+004
 RTBSE|            1144          62.536                               0.513E+004
 RTBSE|            1145          62.533                               0.513E+004
 RTBSE|            1146          62.483                               0.513E+004
 RTBSE|            1147          62.629                               0.513E+004
 RTBSE|            1148          62.579                               0.513E+004
 RTBSE|            1149          62.440                               0.513E+004
 RTBSE|            1150          62.693                               0.513E+004
 RTBSE|            1151          62.516                               0.513E+004
 RTBSE|            1152          62.520                               0.513E+004
 RTBSE|            1153          62.503                               0.513E+004
 RTBSE|            1154          62.490                               0.513E+004
 RTBSE|            1155          62.570                               0.513E+004
 RTBSE|            1156          62.583                               0.513E+004
 RTBSE|            1157          62.438                               0.513E+004
 RTBSE|            1158          62.591                               0.513E+004
 RTBSE|            1159          62.557                               0.513E+004
 RTBSE|            1160          62.725                               0.513E+004
 RTBSE|            1161          62.362                               0.513E+004
 RTBSE|            1162          62.500                               0.513E+004
 RTBSE|            1163          62.466                               0.513E+004
 RTBSE|            1164          62.489                               0.513E+004
 RTBSE|            1165          62.604                               0.513E+004
 RTBSE|            1166          62.538                               0.513E+004
 RTBSE|            1167          62.535                               0.513E+004
 RTBSE|            1168          62.576                               0.513E+004
 RTBSE|            1169          62.712                               0.513E+004
 RTBSE|            1170          62.589                               0.513E+004
 RTBSE|            1171          62.495                               0.513E+004
 RTBSE|            1172          62.386                               0.513E+004
 RTBSE|            1173          62.689                               0.513E+004
 RTBSE|            1174          62.559                               0.513E+004
 RTBSE|            1175          62.544                               0.513E+004
 RTBSE|            1176          62.498                               0.513E+004
 RTBSE|            1177          63.633                               0.513E+004
 RTBSE|            1178          62.571                               0.513E+004
 RTBSE|            1179          62.527                               0.513E+004
 RTBSE|            1180          62.615                               0.513E+004
 RTBSE|            1181          62.525                               0.513E+004
 RTBSE|            1182          62.469                               0.513E+004
 RTBSE|            1183          62.537                               0.513E+004
 RTBSE|            1184          62.479                               0.513E+004
 RTBSE|            1185          62.664                               0.513E+004
 RTBSE|            1186          62.384                               0.513E+004
 RTBSE|            1187          62.537                               0.513E+004
 RTBSE|            1188          62.405                               0.513E+004
 RTBSE|            1189          62.506                               0.513E+004
 RTBSE|            1190          62.395                               0.513E+004
 RTBSE|            1191          62.460                               0.513E+004
 RTBSE|            1192          62.548                               0.513E+004
 RTBSE|            1193          62.526                               0.513E+004
 RTBSE|            1194          62.469                               0.513E+004
 RTBSE|            1195          62.661                               0.513E+004
 RTBSE|            1196          62.627                               0.513E+004
 RTBSE|            1197          62.444                               0.513E+004
 RTBSE|            1198          62.515                               0.513E+004
 RTBSE|            1199          62.521                               0.513E+004
 RTBSE|            1200          62.554                               0.513E+004
 RTBSE|            1201          62.531                               0.513E+004
 RTBSE|            1202          62.776                               0.513E+004
 RTBSE|            1203          62.572                               0.513E+004
 RTBSE|            1204          62.707                               0.513E+004
 RTBSE|            1205          62.545                               0.513E+004
 RTBSE|            1206          62.477                               0.513E+004
 RTBSE|            1207          62.672                               0.513E+004
 RTBSE|            1208          62.633                               0.513E+004
 RTBSE|            1209          62.529                               0.513E+004
 RTBSE|            1210          62.488                               0.513E+004
 RTBSE|            1211          62.460                               0.513E+004
 RTBSE|            1212          62.637                               0.513E+004
 RTBSE|            1213          62.585                               0.513E+004
 RTBSE|            1214          62.562                               0.513E+004
 RTBSE|            1215          62.617                               0.513E+004
 RTBSE|            1216          62.597                               0.513E+004
 RTBSE|            1217          62.421                               0.513E+004
 RTBSE|            1218          62.652                               0.513E+004
 RTBSE|            1219          64.406                               0.513E+004
 RTBSE|            1220          62.694                               0.513E+004
 RTBSE|            1221          62.612                               0.513E+004
 RTBSE|            1222          62.473                               0.513E+004
 RTBSE|            1223          62.651                               0.513E+004
 RTBSE|            1224          62.472                               0.513E+004
 RTBSE|            1225          63.315                               0.513E+004
 RTBSE|            1226          62.560                               0.513E+004
 RTBSE|            1227          62.610                               0.513E+004
 RTBSE|            1228          62.420                               0.513E+004
 RTBSE|            1229          62.640                               0.513E+004
 RTBSE|            1230          62.523                               0.513E+004
 RTBSE|            1231          62.431                               0.513E+004
 RTBSE|            1232          63.226                               0.513E+004
 RTBSE|            1233          62.661                               0.513E+004
 RTBSE|            1234          62.581                               0.513E+004
 RTBSE|            1235          62.597                               0.513E+004
 RTBSE|            1236          62.451                               0.513E+004
 RTBSE|            1237          62.545                               0.513E+004
 RTBSE|            1238          63.495                               0.513E+004
 RTBSE|            1239          62.604                               0.513E+004
 RTBSE|            1240          62.437                               0.513E+004
 RTBSE|            1241          62.438                               0.513E+004
 RTBSE|            1242          62.605                               0.513E+004
 RTBSE|            1243          62.641                               0.513E+004
 RTBSE|            1244          62.481                               0.513E+004
 RTBSE|            1245          62.480                               0.513E+004
 RTBSE|            1246          62.543                               0.513E+004
 RTBSE|            1247          62.495                               0.513E+004
 RTBSE|            1248          63.556                               0.513E+004
 RTBSE|            1249          63.338                               0.513E+004
 RTBSE|            1250          62.648                               0.513E+004
 RTBSE|            1251          62.550                               0.513E+004
 RTBSE|            1252          62.724                               0.513E+004
 RTBSE|            1253          62.501                               0.513E+004
 RTBSE|            1254          62.555                               0.513E+004
 RTBSE|            1255          62.455                               0.513E+004
 RTBSE|            1256          62.680                               0.513E+004
 RTBSE|            1257          62.487                               0.513E+004
 RTBSE|            1258          62.518                               0.513E+004
 RTBSE|            1259          62.613                               0.513E+004
 RTBSE|            1260          62.534                               0.513E+004
 RTBSE|            1261          62.559                               0.513E+004
 RTBSE|            1262          62.576                               0.513E+004
 RTBSE|            1263          62.508                               0.513E+004
 RTBSE|            1264          62.430                               0.513E+004
 RTBSE|            1265          62.539                               0.513E+004
 RTBSE|            1266          62.610                               0.513E+004
 RTBSE|            1267          62.578                               0.513E+004
 RTBSE|            1268          62.469                               0.513E+004
 RTBSE|            1269          62.423                               0.513E+004
 RTBSE|            1270          62.465                               0.513E+004
 RTBSE|            1271          62.458                               0.513E+004
 RTBSE|            1272          62.727                               0.513E+004
 RTBSE|            1273          62.587                               0.513E+004
 RTBSE|            1274          62.448                               0.513E+004
 RTBSE|            1275          62.534                               0.513E+004
 RTBSE|            1276          63.399                               0.513E+004
 RTBSE|            1277          62.630                               0.513E+004
 RTBSE|            1278          62.619                               0.513E+004
 RTBSE|            1279          62.525                               0.513E+004
 RTBSE|            1280          62.432                               0.513E+004
 RTBSE|            1281          62.441                               0.513E+004
 RTBSE|            1282          62.528                               0.513E+004
 RTBSE|            1283          62.569                               0.513E+004
 RTBSE|            1284          62.528                               0.513E+004
 RTBSE|            1285          62.434                               0.513E+004
 RTBSE|            1286          62.721                               0.513E+004
 RTBSE|            1287          62.576                               0.513E+004
 RTBSE|            1288          62.440                               0.513E+004
 RTBSE|            1289          62.510                               0.513E+004
 RTBSE|            1290          62.442                               0.513E+004
 RTBSE|            1291          62.535                               0.513E+004
 RTBSE|            1292          62.548                               0.513E+004
 RTBSE|            1293          62.569                               0.513E+004
 RTBSE|            1294          62.493                               0.513E+004
 RTBSE|            1295          62.561                               0.513E+004
 RTBSE|            1296          63.512                               0.513E+004
 RTBSE|            1297          62.505                               0.513E+004
 RTBSE|            1298          62.667                               0.513E+004
 RTBSE|            1299          62.645                               0.513E+004
 RTBSE|            1300          62.715                               0.513E+004
 RTBSE|            1301          62.625                               0.513E+004
 RTBSE|            1302          62.668                               0.513E+004
 RTBSE|            1303          62.566                               0.513E+004
 RTBSE|            1304          62.542                               0.513E+004
 RTBSE|            1305          62.533                               0.513E+004
 RTBSE|            1306          62.663                               0.513E+004
 RTBSE|            1307          62.460                               0.513E+004
 RTBSE|            1308          62.613                               0.513E+004
 RTBSE|            1309          62.573                               0.513E+004
 RTBSE|            1310          62.422                               0.513E+004
 RTBSE|            1311          62.463                               0.513E+004
 RTBSE|            1312          62.556                               0.513E+004
 RTBSE|            1313          62.444                               0.513E+004
 RTBSE|            1314          62.437                               0.513E+004
 RTBSE|            1315          63.647                               0.513E+004
 RTBSE|            1316          62.464                               0.513E+004
 RTBSE|            1317          62.526                               0.513E+004
 RTBSE|            1318          62.649                               0.513E+004
 RTBSE|            1319          62.407                               0.513E+004
 RTBSE|            1320          62.414                               0.513E+004
 RTBSE|            1321          62.590                               0.513E+004
 RTBSE|            1322          62.484                               0.513E+004
 RTBSE|            1323          62.474                               0.513E+004
 RTBSE|            1324          62.519                               0.513E+004
 RTBSE|            1325          62.631                               0.513E+004
 RTBSE|            1326          62.680                               0.513E+004
 RTBSE|            1327          62.606                               0.513E+004
 RTBSE|            1328          62.511                               0.513E+004
 RTBSE|            1329          62.773                               0.513E+004
 RTBSE|            1330          62.606                               0.513E+004
 RTBSE|            1331          62.653                               0.513E+004
 RTBSE|            1332          62.459                               0.513E+004
 RTBSE|            1333          62.587                               0.513E+004
 RTBSE|            1334          62.654                               0.513E+004
 RTBSE|            1335          63.670                               0.513E+004
 RTBSE|            1336          62.548                               0.513E+004
 RTBSE|            1337          62.563                               0.513E+004
 RTBSE|            1338          62.641                               0.513E+004
 RTBSE|            1339          62.654                               0.513E+004
 RTBSE|            1340          62.533                               0.513E+004
 RTBSE|            1341          62.519                               0.513E+004
 RTBSE|            1342          62.637                               0.513E+004
 RTBSE|            1343          62.592                               0.513E+004
 RTBSE|            1344          62.587                               0.513E+004
 RTBSE|            1345          62.586                               0.513E+004
 RTBSE|            1346          62.587                               0.513E+004
 RTBSE|            1347          62.665                               0.513E+004
 RTBSE|            1348          62.599                               0.513E+004
 RTBSE|            1349          62.653                               0.513E+004
 RTBSE|            1350          62.610                               0.513E+004
 RTBSE|            1351          62.627                               0.513E+004
 RTBSE|            1352          62.504                               0.513E+004
 RTBSE|            1353          62.427                               0.513E+004
 RTBSE|            1354          62.519                               0.513E+004
 RTBSE|            1355          62.611                               0.513E+004
 RTBSE|            1356          62.767                               0.513E+004
 RTBSE|            1357          62.518                               0.513E+004
 RTBSE|            1358          62.521                               0.513E+004
 RTBSE|            1359          62.634                               0.513E+004
 RTBSE|            1360          62.641                               0.513E+004
 RTBSE|            1361          62.654                               0.513E+004
 RTBSE|            1362          62.695                               0.513E+004
 RTBSE|            1363          62.727                               0.513E+004
 RTBSE|            1364          62.547                               0.513E+004
 RTBSE|            1365          62.558                               0.513E+004
 RTBSE|            1366          62.646                               0.513E+004
 RTBSE|            1367          62.589                               0.513E+004
 RTBSE|            1368          62.523                               0.513E+004
 RTBSE|            1369          62.635                               0.513E+004
 RTBSE|            1370          62.602                               0.513E+004
 RTBSE|            1371          62.549                               0.513E+004
 RTBSE|            1372          62.607                               0.513E+004
 RTBSE|            1373          62.583                               0.513E+004
 RTBSE|            1374          62.500                               0.513E+004
 RTBSE|            1375          62.638                               0.513E+004
 RTBSE|            1376          62.568                               0.513E+004
 RTBSE|            1377          62.517                               0.513E+004
 RTBSE|            1378          62.425                               0.513E+004
 RTBSE|            1379          62.475                               0.513E+004
 RTBSE|            1380          62.471                               0.513E+004
 RTBSE|            1381          62.554                               0.513E+004
 RTBSE|            1382          62.673                               0.513E+004
 RTBSE|            1383          62.591                               0.513E+004
 RTBSE|            1384          62.533                               0.513E+004
 RTBSE|            1385          62.555                               0.513E+004
 RTBSE|            1386          62.465                               0.513E+004
 RTBSE|            1387          62.420                               0.513E+004
 RTBSE|            1388          62.548                               0.513E+004
 RTBSE|            1389          62.429                               0.513E+004
 RTBSE|            1390          62.478                               0.513E+004
 RTBSE|            1391          62.319                               0.513E+004
 RTBSE|            1392          62.573                               0.513E+004
 RTBSE|            1393          62.507                               0.513E+004
 RTBSE|            1394          62.362                               0.513E+004
 RTBSE|            1395          63.716                               0.513E+004
 RTBSE|            1396          62.456                               0.513E+004
 RTBSE|            1397          62.415                               0.513E+004
 RTBSE|            1398          62.631                               0.513E+004
 RTBSE|            1399          62.558                               0.513E+004
 RTBSE|            1400          62.556                               0.513E+004
 RTBSE|            1401          62.523                               0.513E+004
 RTBSE|            1402          62.489                               0.513E+004
 RTBSE|            1403          62.389                               0.513E+004
 RTBSE|            1404          62.665                               0.513E+004
 RTBSE|            1405          62.513                               0.513E+004
 RTBSE|            1406          62.520                               0.513E+004
 RTBSE|            1407          62.464                               0.513E+004
 RTBSE|            1408          62.371                               0.513E+004
 RTBSE|            1409          63.152                               0.513E+004
 RTBSE|            1410          62.550                               0.513E+004
 RTBSE|            1411          62.491                               0.513E+004
 RTBSE|            1412          62.548                               0.513E+004
 RTBSE|            1413          62.583                               0.513E+004
 RTBSE|            1414          62.512                               0.513E+004
 RTBSE|            1415          63.101                               0.513E+004
 RTBSE|            1416          62.587                               0.513E+004
 RTBSE|            1417          62.492                               0.513E+004
 RTBSE|            1418          62.573                               0.513E+004
 RTBSE|            1419          62.627                               0.513E+004
 RTBSE|            1420          62.554                               0.513E+004
 RTBSE|            1421          62.538                               0.513E+004
 RTBSE|            1422          62.627                               0.513E+004
 RTBSE|            1423          62.498                               0.513E+004
 RTBSE|            1424          62.659                               0.513E+004
 RTBSE|            1425          62.492                               0.513E+004
 RTBSE|            1426          62.680                               0.513E+004
 RTBSE|            1427          62.512                               0.513E+004
 RTBSE|            1428          62.587                               0.513E+004
 RTBSE|            1429          62.622                               0.513E+004
 RTBSE|            1430          62.649                               0.513E+004
 RTBSE|            1431          62.488                               0.513E+004
 RTBSE|            1432          62.592                               0.513E+004
 RTBSE|            1433          62.734                               0.513E+004
 RTBSE|            1434          62.510                               0.513E+004
 RTBSE|            1435          62.597                               0.513E+004
 RTBSE|            1436          62.460                               0.513E+004
 RTBSE|            1437          62.463                               0.513E+004
 RTBSE|            1438          62.626                               0.513E+004
 RTBSE|            1439          62.527                               0.513E+004
 RTBSE|            1440          62.550                               0.513E+004
 RTBSE|            1441          62.462                               0.513E+004
 RTBSE|            1442          62.527                               0.513E+004
 RTBSE|            1443          62.567                               0.513E+004
 RTBSE|            1444          62.434                               0.513E+004
 RTBSE|            1445          62.525                               0.513E+004
 RTBSE|            1446          62.582                               0.513E+004
 RTBSE|            1447          62.575                               0.513E+004
 RTBSE|            1448          62.600                               0.513E+004
 RTBSE|            1449          62.570                               0.513E+004
 RTBSE|            1450          62.695                               0.513E+004
 RTBSE|            1451          62.678                               0.513E+004
 RTBSE|            1452          62.539                               0.513E+004
 RTBSE|            1453          62.528                               0.513E+004
 RTBSE|            1454          62.559                               0.513E+004
 RTBSE|            1455          62.490                               0.513E+004
 RTBSE|            1456          62.497                               0.513E+004
 RTBSE|            1457          62.454                               0.513E+004
 RTBSE|            1458          62.439                               0.513E+004
 RTBSE|            1459          62.547                               0.513E+004
 RTBSE|            1460          62.410                               0.513E+004
 RTBSE|            1461          62.646                               0.513E+004
 RTBSE|            1462          63.344                               0.513E+004
 RTBSE|            1463          63.353                               0.513E+004
 RTBSE|            1464          63.734                               0.513E+004
 RTBSE|            1465          62.588                               0.513E+004
 RTBSE|            1466          62.488                               0.513E+004
 RTBSE|            1467          62.596                               0.513E+004
 RTBSE|            1468          62.611                               0.513E+004
 RTBSE|            1469          62.536                               0.513E+004
 RTBSE|            1470          62.558                               0.513E+004
 RTBSE|            1471          62.691                               0.513E+004
 RTBSE|            1472          62.661                               0.513E+004
 RTBSE|            1473          62.533                               0.513E+004
 RTBSE|            1474          62.418                               0.513E+004
 RTBSE|            1475          62.504                               0.513E+004
 RTBSE|            1476          62.455                               0.513E+004
 RTBSE|            1477          62.513                               0.513E+004
 RTBSE|            1478          62.363                               0.513E+004
 RTBSE|            1479          62.515                               0.513E+004
 RTBSE|            1480          62.613                               0.513E+004
 RTBSE|            1481          62.532                               0.513E+004
 RTBSE|            1482          62.658                               0.513E+004
 RTBSE|            1483          62.397                               0.513E+004
 RTBSE|            1484          62.534                               0.513E+004
 RTBSE|            1485          62.581                               0.513E+004
 RTBSE|            1486          62.432                               0.513E+004
 RTBSE|            1487          62.513                               0.513E+004
 RTBSE|            1488          62.594                               0.513E+004
 RTBSE|            1489          62.534                               0.513E+004
 RTBSE|            1490          62.517                               0.513E+004
 RTBSE|            1491          62.507                               0.513E+004
 RTBSE|            1492          62.612                               0.513E+004
 RTBSE|            1493          64.638                               0.513E+004
 RTBSE|            1494          62.603                               0.513E+004
 RTBSE|            1495          62.602                               0.513E+004
 RTBSE|            1496          62.553                               0.513E+004
 RTBSE|            1497          62.486                               0.513E+004
 RTBSE|            1498          62.408                               0.513E+004
 RTBSE|            1499          62.563                               0.513E+004
 RTBSE|            1500          63.294                               0.513E+004
 RTBSE|            1501          63.387                               0.513E+004
 RTBSE|            1502          62.414                               0.513E+004
 RTBSE|            1503          62.551                               0.513E+004
 RTBSE|            1504          62.636                               0.513E+004
 RTBSE|            1505          62.584                               0.513E+004
 RTBSE|            1506          62.488                               0.513E+004
 RTBSE|            1507          62.487                               0.513E+004
 RTBSE|            1508          62.437                               0.513E+004
 RTBSE|            1509          62.646                               0.513E+004
 RTBSE|            1510          62.440                               0.513E+004
 RTBSE|            1511          62.655                               0.513E+004
 RTBSE|            1512          62.532                               0.513E+004
 RTBSE|            1513          62.593                               0.513E+004
 RTBSE|            1514          62.613                               0.513E+004
 RTBSE|            1515          62.506                               0.513E+004
 RTBSE|            1516          62.461                               0.513E+004
 RTBSE|            1517          62.631                               0.513E+004
 RTBSE|            1518          62.525                               0.513E+004
 RTBSE|            1519          62.525                               0.513E+004
 RTBSE|            1520          62.541                               0.513E+004
 RTBSE|            1521          62.477                               0.513E+004
 RTBSE|            1522          62.491                               0.513E+004
 RTBSE|            1523          63.533                               0.513E+004
 RTBSE|            1524          62.485                               0.513E+004
 RTBSE|            1525          62.510                               0.513E+004
 RTBSE|            1526          62.451                               0.513E+004
 RTBSE|            1527          62.424                               0.513E+004
 RTBSE|            1528          62.579                               0.513E+004
 RTBSE|            1529          62.401                               0.513E+004
 RTBSE|            1530          62.434                               0.513E+004
 RTBSE|            1531          62.521                               0.513E+004
 RTBSE|            1532          62.486                               0.513E+004
 RTBSE|            1533          62.536                               0.513E+004
 RTBSE|            1534          62.505                               0.513E+004
 RTBSE|            1535          62.527                               0.513E+004
 RTBSE|            1536          62.504                               0.513E+004
 RTBSE|            1537          62.468                               0.513E+004
 RTBSE|            1538          62.447                               0.513E+004
 RTBSE|            1539          62.505                               0.513E+004
 RTBSE|            1540          62.656                               0.513E+004
 RTBSE|            1541          62.478                               0.513E+004
 RTBSE|            1542          62.404                               0.513E+004
 RTBSE|            1543          62.514                               0.513E+004
 RTBSE|            1544          62.529                               0.513E+004
 RTBSE|            1545          62.475                               0.513E+004
 RTBSE|            1546          62.527                               0.513E+004
 RTBSE|            1547          62.618                               0.513E+004
 RTBSE|            1548          62.586                               0.513E+004
 RTBSE|            1549          62.504                               0.513E+004
 RTBSE|            1550          62.598                               0.513E+004
 RTBSE|            1551          62.449                               0.513E+004
 RTBSE|            1552          62.577                               0.513E+004
 RTBSE|            1553          62.605                               0.513E+004
 RTBSE|            1554          62.488                               0.513E+004
 RTBSE|            1555          62.478                               0.513E+004
 RTBSE|            1556          62.440                               0.513E+004
 RTBSE|            1557          62.556                               0.513E+004
 RTBSE|            1558          62.564                               0.513E+004
 RTBSE|            1559          62.716                               0.513E+004
 RTBSE|            1560          62.482                               0.513E+004
 RTBSE|            1561          62.565                               0.513E+004
 RTBSE|            1562          62.482                               0.513E+004
 RTBSE|            1563          62.368                               0.513E+004
 RTBSE|            1564          62.613                               0.513E+004
 RTBSE|            1565          62.484                               0.513E+004
 RTBSE|            1566          62.531                               0.513E+004
 RTBSE|            1567          62.762                               0.513E+004
 RTBSE|            1568          62.984                               0.513E+004
 RTBSE|            1569          62.618                               0.513E+004
 RTBSE|            1570          62.546                               0.513E+004
 RTBSE|            1571          62.698                               0.513E+004
 RTBSE|            1572          62.584                               0.513E+004
 RTBSE|            1573          62.628                               0.513E+004
 RTBSE|            1574          62.597                               0.513E+004
 RTBSE|            1575          62.652                               0.513E+004
 RTBSE|            1576          62.649                               0.513E+004
 RTBSE|            1577          62.798                               0.513E+004
 RTBSE|            1578          62.614                               0.513E+004
 RTBSE|            1579          62.566                               0.513E+004
 RTBSE|            1580          62.565                               0.513E+004
 RTBSE|            1581          62.499                               0.513E+004
 RTBSE|            1582          62.493                               0.513E+004
 RTBSE|            1583          62.538                               0.513E+004
 RTBSE|            1584          62.743                               0.513E+004
 RTBSE|            1585          62.612                               0.513E+004
 RTBSE|            1586          62.530                               0.513E+004
 RTBSE|            1587          62.652                               0.513E+004
 RTBSE|            1588          63.436                               0.513E+004
 RTBSE|            1589          63.342                               0.513E+004
 RTBSE|            1590          62.522                               0.513E+004
 RTBSE|            1591          62.529                               0.513E+004
 RTBSE|            1592          62.649                               0.513E+004
 RTBSE|            1593          62.581                               0.513E+004
 RTBSE|            1594          62.444                               0.513E+004
 RTBSE|            1595          62.567                               0.513E+004
 RTBSE|            1596          62.692                               0.513E+004
 RTBSE|            1597          62.617                               0.513E+004
 RTBSE|            1598          62.479                               0.513E+004
 RTBSE|            1599          62.517                               0.513E+004
 RTBSE|            1600          62.433                               0.513E+004
 RTBSE|            1601          62.390                               0.513E+004
 RTBSE|            1602          62.552                               0.513E+004
 RTBSE|            1603          62.451                               0.513E+004
 RTBSE|            1604          62.568                               0.513E+004
 RTBSE|            1605          62.493                               0.513E+004
 RTBSE|            1606          62.625                               0.513E+004
 RTBSE|            1607          62.733                               0.513E+004
 RTBSE|            1608          62.699                               0.513E+004
 RTBSE|            1609          62.507                               0.513E+004
 RTBSE|            1610          62.671                               0.513E+004
 RTBSE|            1611          62.539                               0.513E+004
 RTBSE|            1612          62.468                               0.513E+004
 RTBSE|            1613          62.727                               0.513E+004
 RTBSE|            1614          62.491                               0.513E+004
 RTBSE|            1615          62.419                               0.513E+004
 RTBSE|            1616          62.521                               0.513E+004
 RTBSE|            1617          62.538                               0.513E+004
 RTBSE|            1618          62.557                               0.513E+004
 RTBSE|            1619          62.422                               0.513E+004
 RTBSE|            1620          62.573                               0.513E+004
 RTBSE|            1621          62.631                               0.513E+004
 RTBSE|            1622          62.458                               0.513E+004
 RTBSE|            1623          62.462                               0.513E+004
 RTBSE|            1624          62.487                               0.513E+004
 RTBSE|            1625          62.544                               0.513E+004
 RTBSE|            1626          62.500                               0.513E+004
 RTBSE|            1627          62.530                               0.513E+004
 RTBSE|            1628          62.380                               0.513E+004
 RTBSE|            1629          62.390                               0.513E+004
 RTBSE|            1630          62.461                               0.513E+004
 RTBSE|            1631          62.517                               0.513E+004
 RTBSE|            1632          62.457                               0.513E+004
 RTBSE|            1633          62.402                               0.513E+004
 RTBSE|            1634          62.365                               0.513E+004
 RTBSE|            1635          62.497                               0.513E+004
 RTBSE|            1636          62.603                               0.513E+004
 RTBSE|            1637          63.697                               0.513E+004
 RTBSE|            1638          62.457                               0.513E+004
 RTBSE|            1639          62.511                               0.513E+004
 RTBSE|            1640          62.519                               0.513E+004
 RTBSE|            1641          62.440                               0.513E+004
 RTBSE|            1642          62.533                               0.513E+004
 RTBSE|            1643          62.409                               0.513E+004
 RTBSE|            1644          62.520                               0.513E+004
 RTBSE|            1645          62.513                               0.513E+004
 RTBSE|            1646          62.466                               0.513E+004
 RTBSE|            1647          62.453                               0.513E+004
 RTBSE|            1648          62.458                               0.513E+004
 RTBSE|            1649          62.447                               0.513E+004
 RTBSE|            1650          62.376                               0.513E+004
 RTBSE|            1651          62.405                               0.513E+004
 RTBSE|            1652          62.433                               0.513E+004
 RTBSE|            1653          62.336                               0.513E+004
 RTBSE|            1654          63.501                               0.513E+004
 RTBSE|            1655          62.401                               0.513E+004
 RTBSE|            1656          62.459                               0.513E+004
 RTBSE|            1657          62.601                               0.513E+004
 RTBSE|            1658          62.426                               0.513E+004
 RTBSE|            1659          62.521                               0.513E+004
 RTBSE|            1660          62.552                               0.513E+004
 RTBSE|            1661          63.070                               0.513E+004
 RTBSE|            1662          62.500                               0.513E+004
 RTBSE|            1663          62.370                               0.513E+004
 RTBSE|            1664          62.578                               0.513E+004
 RTBSE|            1665          62.532                               0.513E+004
 RTBSE|            1666          62.461                               0.513E+004
 RTBSE|            1667          62.476                               0.513E+004
 RTBSE|            1668          62.511                               0.513E+004
 RTBSE|            1669          62.403                               0.513E+004
 RTBSE|            1670          62.426                               0.513E+004
 RTBSE|            1671          62.419                               0.513E+004
 RTBSE|            1672          62.439                               0.513E+004
 RTBSE|            1673          62.499                               0.513E+004
 RTBSE|            1674          62.573                               0.513E+004
 RTBSE|            1675          62.353                               0.513E+004
 RTBSE|            1676          62.457                               0.513E+004
 RTBSE|            1677          62.607                               0.513E+004
 RTBSE|            1678          62.486                               0.513E+004
 RTBSE|            1679          62.616                               0.513E+004
 RTBSE|            1680          62.519                               0.513E+004
 RTBSE|            1681          62.470                               0.513E+004
 RTBSE|            1682          62.583                               0.513E+004
 RTBSE|            1683          62.655                               0.513E+004
 RTBSE|            1684          62.443                               0.513E+004
 RTBSE|            1685          62.534                               0.513E+004
 RTBSE|            1686          62.577                               0.513E+004
 RTBSE|            1687          62.549                               0.513E+004
 RTBSE|            1688          62.533                               0.513E+004
 RTBSE|            1689          62.509                               0.513E+004
 RTBSE|            1690          62.511                               0.513E+004
 RTBSE|            1691          62.628                               0.513E+004
 RTBSE|            1692          62.691                               0.513E+004
 RTBSE|            1693          62.689                               0.513E+004
 RTBSE|            1694          62.448                               0.513E+004
 RTBSE|            1695          62.497                               0.513E+004
 RTBSE|            1696          62.641                               0.513E+004
 RTBSE|            1697          62.526                               0.513E+004
 RTBSE|            1698          62.634                               0.513E+004
 RTBSE|            1699          62.623                               0.513E+004
 RTBSE|            1700          62.475                               0.513E+004
 RTBSE|            1701          63.539                               0.513E+004
 RTBSE|            1702          62.541                               0.513E+004
 RTBSE|            1703          63.649                               0.513E+004
 RTBSE|            1704          62.464                               0.513E+004
 RTBSE|            1705          62.517                               0.513E+004
 RTBSE|            1706          62.485                               0.513E+004
 RTBSE|            1707          62.579                               0.513E+004
 RTBSE|            1708          63.340                               0.513E+004
 RTBSE|            1709          62.414                               0.513E+004
 RTBSE|            1710          62.515                               0.513E+004
 RTBSE|            1711          62.525                               0.513E+004
 RTBSE|            1712          62.663                               0.513E+004
 RTBSE|            1713          63.660                               0.513E+004
 RTBSE|            1714          62.626                               0.513E+004
 RTBSE|            1715          62.493                               0.513E+004
 RTBSE|            1716          62.526                               0.513E+004
 RTBSE|            1717          62.594                               0.513E+004
 RTBSE|            1718          62.594                               0.513E+004
 RTBSE|            1719          62.521                               0.513E+004
 RTBSE|            1720          62.539                               0.513E+004
 RTBSE|            1721          62.458                               0.513E+004
 RTBSE|            1722          62.498                               0.513E+004
 RTBSE|            1723          62.548                               0.513E+004
 RTBSE|            1724          62.490                               0.513E+004
 RTBSE|            1725          62.484                               0.513E+004
 RTBSE|            1726          62.648                               0.513E+004
 RTBSE|            1727          62.459                               0.513E+004
 RTBSE|            1728          62.475                               0.513E+004
 RTBSE|            1729          62.426                               0.513E+004
 RTBSE|            1730          62.384                               0.513E+004
 RTBSE|            1731          62.585                               0.513E+004
 RTBSE|            1732          62.671                               0.513E+004
 RTBSE|            1733          62.426                               0.513E+004
 RTBSE|            1734          62.531                               0.513E+004
 RTBSE|            1735          62.453                               0.513E+004
 RTBSE|            1736          63.330                               0.513E+004
 RTBSE|            1737          63.281                               0.513E+004
 RTBSE|            1738          62.473                               0.513E+004
 RTBSE|            1739          62.528                               0.513E+004
 RTBSE|            1740          62.427                               0.513E+004
 RTBSE|            1741          63.057                               0.513E+004
 RTBSE|            1742          62.584                               0.513E+004
 RTBSE|            1743          62.341                               0.513E+004
 RTBSE|            1744          62.253                               0.513E+004
 RTBSE|            1745          62.460                               0.513E+004
 RTBSE|            1746          62.553                               0.513E+004
 RTBSE|            1747          62.571                               0.513E+004
 RTBSE|            1748          62.273                               0.513E+004
 RTBSE|            1749          62.449                               0.513E+004
 RTBSE|            1750          62.576                               0.513E+004
 RTBSE|            1751          62.395                               0.513E+004
 RTBSE|            1752          62.499                               0.513E+004
 RTBSE|            1753          62.507                               0.513E+004
 RTBSE|            1754          62.431                               0.513E+004
 RTBSE|            1755          62.505                               0.513E+004
 RTBSE|            1756          62.618                               0.513E+004
 RTBSE|            1757          62.544                               0.513E+004
 RTBSE|            1758          62.429                               0.513E+004
 RTBSE|            1759          62.618                               0.513E+004
 RTBSE|            1760          63.107                               0.513E+004
 RTBSE|            1761          62.436                               0.513E+004
 RTBSE|            1762          62.448                               0.513E+004
 RTBSE|            1763          62.449                               0.513E+004
 RTBSE|            1764          62.689                               0.513E+004
 RTBSE|            1765          62.587                               0.513E+004
 RTBSE|            1766          62.311                               0.513E+004
 RTBSE|            1767          62.420                               0.513E+004
 RTBSE|            1768          62.439                               0.513E+004
 RTBSE|            1769          62.446                               0.513E+004
 RTBSE|            1770          62.489                               0.513E+004
 RTBSE|            1771          62.395                               0.513E+004
 RTBSE|            1772          62.438                               0.513E+004
 RTBSE|            1773          62.314                               0.513E+004
 RTBSE|            1774          62.507                               0.513E+004
 RTBSE|            1775          62.424                               0.513E+004
 RTBSE|            1776          62.491                               0.513E+004
 RTBSE|            1777          62.402                               0.513E+004
 RTBSE|            1778          62.506                               0.513E+004
 RTBSE|            1779          62.543                               0.513E+004
 RTBSE|            1780          62.454                               0.513E+004
 RTBSE|            1781          62.515                               0.513E+004
 RTBSE|            1782          62.572                               0.513E+004
 RTBSE|            1783          62.352                               0.513E+004
 RTBSE|            1784          62.368                               0.513E+004
 RTBSE|            1785          62.504                               0.513E+004
 RTBSE|            1786          62.498                               0.513E+004
 RTBSE|            1787          62.630                               0.513E+004
 RTBSE|            1788          62.590                               0.513E+004
 RTBSE|            1789          62.397                               0.513E+004
 RTBSE|            1790          62.344                               0.513E+004
 RTBSE|            1791          62.612                               0.513E+004
 RTBSE|            1792          62.588                               0.513E+004
 RTBSE|            1793          63.431                               0.513E+004
 RTBSE|            1794          62.553                               0.513E+004
 RTBSE|            1795          62.491                               0.513E+004
 RTBSE|            1796          62.599                               0.513E+004
 RTBSE|            1797          62.446                               0.513E+004
 RTBSE|            1798          62.549                               0.513E+004
 RTBSE|            1799          62.510                               0.513E+004
 RTBSE|            1800          62.507                               0.513E+004
 RTBSE|            1801          62.577                               0.513E+004
 RTBSE|            1802          62.469                               0.513E+004
 RTBSE|            1803          62.425                               0.513E+004
 RTBSE|            1804          62.524                               0.513E+004
 RTBSE|            1805          62.423                               0.513E+004
 RTBSE|            1806          62.607                               0.513E+004
 RTBSE|            1807          62.469                               0.513E+004
 RTBSE|            1808          62.337                               0.513E+004
 RTBSE|            1809          62.543                               0.513E+004
 RTBSE|            1810          62.643                               0.513E+004
 RTBSE|            1811          62.532                               0.513E+004
 RTBSE|            1812          62.576                               0.513E+004
 RTBSE|            1813          62.629                               0.513E+004
 RTBSE|            1814          62.524                               0.513E+004
 RTBSE|            1815          62.752                               0.513E+004
 RTBSE|            1816          62.817                               0.513E+004
 RTBSE|            1817          62.365                               0.513E+004
 RTBSE|            1818          62.607                               0.513E+004
 RTBSE|            1819          62.646                               0.513E+004
 RTBSE|            1820          62.473                               0.513E+004
 RTBSE|            1821          62.516                               0.513E+004
 RTBSE|            1822          62.576                               0.513E+004
 RTBSE|            1823          62.658                               0.513E+004
 RTBSE|            1824          62.700                               0.513E+004
 RTBSE|            1825          62.550                               0.513E+004
 RTBSE|            1826          62.454                               0.513E+004
 RTBSE|            1827          62.629                               0.513E+004
 RTBSE|            1828          62.502                               0.513E+004
 RTBSE|            1829          62.540                               0.513E+004
 RTBSE|            1830          62.602                               0.513E+004
 RTBSE|            1831          62.535                               0.513E+004
 RTBSE|            1832          62.508                               0.513E+004
 RTBSE|            1833          62.580                               0.513E+004
 RTBSE|            1834          62.364                               0.513E+004
 RTBSE|            1835          62.515                               0.513E+004
 RTBSE|            1836          62.558                               0.513E+004
 RTBSE|            1837          62.512                               0.513E+004
 RTBSE|            1838          62.594                               0.513E+004
 RTBSE|            1839          62.631                               0.513E+004
 RTBSE|            1840          62.599                               0.513E+004
 RTBSE|            1841          62.591                               0.513E+004
 RTBSE|            1842          62.379                               0.513E+004
 RTBSE|            1843          62.424                               0.513E+004
 RTBSE|            1844          62.703                               0.513E+004
 RTBSE|            1845          62.647                               0.513E+004
 RTBSE|            1846          63.494                               0.513E+004
 RTBSE|            1847          62.734                               0.513E+004
 RTBSE|            1848          62.538                               0.513E+004
 RTBSE|            1849          62.413                               0.513E+004
 RTBSE|            1850          62.581                               0.513E+004
 RTBSE|            1851          62.513                               0.513E+004
 RTBSE|            1852          62.484                               0.513E+004
 RTBSE|            1853          62.554                               0.513E+004
 RTBSE|            1854          62.422                               0.513E+004
 RTBSE|            1855          62.517                               0.513E+004
 RTBSE|            1856          62.627                               0.513E+004
 RTBSE|            1857          62.588                               0.513E+004
 RTBSE|            1858          62.560                               0.513E+004
 RTBSE|            1859          62.396                               0.513E+004
 RTBSE|            1860          62.550                               0.513E+004
 RTBSE|            1861          62.641                               0.513E+004
 RTBSE|            1862          62.609                               0.513E+004
 RTBSE|            1863          62.394                               0.513E+004
 RTBSE|            1864          62.563                               0.513E+004
 RTBSE|            1865          62.576                               0.513E+004
 RTBSE|            1866          62.602                               0.513E+004
 RTBSE|            1867          62.486                               0.513E+004
 RTBSE|            1868          62.564                               0.513E+004
 RTBSE|            1869          62.508                               0.513E+004
 RTBSE|            1870          62.614                               0.513E+004
 RTBSE|            1871          62.425                               0.513E+004
 RTBSE|            1872          62.681                               0.513E+004
 RTBSE|            1873          62.393                               0.513E+004
 RTBSE|            1874          62.601                               0.513E+004
 RTBSE|            1875          62.537                               0.513E+004
 RTBSE|            1876          62.794                               0.513E+004
 RTBSE|            1877          62.526                               0.513E+004
 RTBSE|            1878          62.501                               0.513E+004
 RTBSE|            1879          62.491                               0.513E+004
 RTBSE|            1880          62.389                               0.513E+004
 RTBSE|            1881          62.550                               0.513E+004
 RTBSE|            1882          62.786                               0.513E+004
 RTBSE|            1883          62.499                               0.513E+004
 RTBSE|            1884          63.301                               0.513E+004
 RTBSE|            1885          62.553                               0.513E+004
 RTBSE|            1886          63.501                               0.513E+004
 RTBSE|            1887          63.340                               0.513E+004
ibwarn: [498836] _do_madrpc: recv failed: Connection timed out
ibwarn: [498836] mad_rpc: _do_madrpc failed; dport (Lid 439)
[2026-09-25T21:43:30.813] error: ofed: No error
 RTBSE|            1888          62.421                               0.513E+004
 RTBSE|            1889          62.503                               0.513E+004
 RTBSE|            1890          62.506                               0.513E+004
 RTBSE|            1891          62.358                               0.513E+004
 RTBSE|            1892          62.477                               0.513E+004
 RTBSE|            1893          62.598                               0.513E+004
 RTBSE|            1894          62.604                               0.513E+004
 RTBSE|            1895          62.619                               0.513E+004
 RTBSE|            1896          62.452                               0.513E+004
 RTBSE|            1897          62.522                               0.513E+004
 RTBSE|            1898          62.512                               0.513E+004
 RTBSE|            1899          62.457                               0.513E+004
 RTBSE|            1900          62.537                               0.513E+004
 RTBSE|            1901          62.406                               0.513E+004
 RTBSE|            1902          62.441                               0.513E+004
 RTBSE|            1903          62.552                               0.513E+004
 RTBSE|            1904          62.558                               0.513E+004
 RTBSE|            1905          62.582                               0.513E+004
 RTBSE|            1906          63.827                               0.513E+004
 RTBSE|            1907          62.424                               0.513E+004
 RTBSE|            1908          62.624                               0.513E+004
 RTBSE|            1909          62.581                               0.513E+004
 RTBSE|            1910          62.731                               0.513E+004
 RTBSE|            1911          62.493                               0.513E+004
 RTBSE|            1912          62.471                               0.513E+004
 RTBSE|            1913          62.483                               0.513E+004
 RTBSE|            1914          62.539                               0.513E+004
 RTBSE|            1915          62.491                               0.513E+004
 RTBSE|            1916          63.269                               0.513E+004
 RTBSE|            1917          62.567                               0.513E+004
 RTBSE|            1918          62.521                               0.513E+004
 RTBSE|            1919          62.523                               0.513E+004
 RTBSE|            1920          62.558                               0.513E+004
 RTBSE|            1921          62.505                               0.513E+004
 RTBSE|            1922          63.720                               0.513E+004
 RTBSE|            1923          62.486                               0.513E+004
 RTBSE|            1924          62.684                               0.513E+004
 RTBSE|            1925          62.411                               0.513E+004
 RTBSE|            1926          62.429                               0.513E+004
 RTBSE|            1927          62.423                               0.513E+004
 RTBSE|            1928          62.486                               0.513E+004
 RTBSE|            1929          62.431                               0.513E+004
 RTBSE|            1930          62.475                               0.513E+004
 RTBSE|            1931          63.695                               0.513E+004
 RTBSE|            1932          62.377                               0.513E+004
 RTBSE|            1933          62.544                               0.513E+004
 RTBSE|            1934          62.499                               0.513E+004
 RTBSE|            1935          62.468                               0.513E+004
 RTBSE|            1936          62.542                               0.513E+004
 RTBSE|            1937          62.435                               0.513E+004
 RTBSE|            1938          62.607                               0.513E+004
 RTBSE|            1939          62.642                               0.513E+004
 RTBSE|            1940          62.336                               0.513E+004
 RTBSE|            1941          62.486                               0.513E+004
 RTBSE|            1942          62.528                               0.513E+004
 RTBSE|            1943          62.523                               0.513E+004
 RTBSE|            1944          62.512                               0.513E+004
 RTBSE|            1945          62.559                               0.513E+004
 RTBSE|            1946          63.418                               0.513E+004
 RTBSE|            1947          62.484                               0.513E+004
 RTBSE|            1948          62.618                               0.513E+004
 RTBSE|            1949          62.587                               0.513E+004
 RTBSE|            1950          62.469                               0.513E+004
 RTBSE|            1951          62.555                               0.513E+004
 RTBSE|            1952          62.590                               0.513E+004
 RTBSE|            1953          62.494                               0.513E+004
 RTBSE|            1954          62.476                               0.513E+004
 RTBSE|            1955          62.410                               0.513E+004
 RTBSE|            1956          62.518                               0.513E+004
 RTBSE|            1957          62.503                               0.513E+004
 RTBSE|            1958          62.462                               0.513E+004
 RTBSE|            1959          62.414                               0.513E+004
 RTBSE|            1960          62.430                               0.513E+004
 RTBSE|            1961          62.573                               0.513E+004
 RTBSE|            1962          62.550                               0.513E+004
 RTBSE|            1963          62.461                               0.513E+004
 RTBSE|            1964          62.954                               0.513E+004
 RTBSE|            1965          62.552                               0.513E+004
 RTBSE|            1966          62.708                               0.513E+004
 RTBSE|            1967          62.581                               0.513E+004
 RTBSE|            1968          62.560                               0.513E+004
 RTBSE|            1969          62.516                               0.513E+004
 RTBSE|            1970          62.571                               0.513E+004
 RTBSE|            1971          62.569                               0.513E+004
 RTBSE|            1972          62.479                               0.513E+004
 RTBSE|            1973          62.584                               0.513E+004
 RTBSE|            1974          62.495                               0.513E+004
 RTBSE|            1975          62.567                               0.513E+004
 RTBSE|            1976          62.643                               0.513E+004
 RTBSE|            1977          62.505                               0.513E+004
 RTBSE|            1978          63.315                               0.513E+004
 RTBSE|            1979          62.409                               0.513E+004
 RTBSE|            1980          63.347                               0.513E+004
 RTBSE|            1981          62.649                               0.513E+004
 RTBSE|            1982          62.490                               0.513E+004
 RTBSE|            1983          62.399                               0.513E+004
 RTBSE|            1984          62.477                               0.513E+004
 RTBSE|            1985          62.523                               0.513E+004
 RTBSE|            1986          62.672                               0.513E+004
 RTBSE|            1987          62.649                               0.513E+004
 RTBSE|            1988          62.634                               0.513E+004
 RTBSE|            1989          62.659                               0.513E+004
 RTBSE|            1990          62.660                               0.513E+004
 RTBSE|            1991          62.435                               0.513E+004
 RTBSE|            1992          62.493                               0.513E+004
 RTBSE|            1993          62.448                               0.513E+004
 RTBSE|            1994          62.565                               0.513E+004
 RTBSE|            1995          62.578                               0.513E+004
 RTBSE|            1996          62.728                               0.513E+004
 RTBSE|            1997          62.459                               0.513E+004
 RTBSE|            1998          62.437                               0.513E+004
 RTBSE|            1999          62.523                               0.513E+004
 RTBSE|            2000          62.430                               0.513E+004
 RTBSE|            2001          62.403                               0.513E+004
 RTBSE|            2002          62.385                               0.513E+004
 RTBSE|            2003          62.386                               0.513E+004
 RTBSE|            2004          62.563                               0.513E+004
 RTBSE|            2005          62.469                               0.513E+004
 RTBSE|            2006          62.501                               0.513E+004
 RTBSE|            2007          62.586                               0.513E+004
 RTBSE|            2008          62.519                               0.513E+004
 RTBSE|            2009          62.468                               0.513E+004
 RTBSE|            2010          62.404                               0.513E+004
 RTBSE|            2011          62.250                               0.513E+004
 RTBSE|            2012          62.525                               0.513E+004
 RTBSE|            2013          62.402                               0.513E+004
 RTBSE|            2014          62.422                               0.513E+004
 RTBSE|            2015          62.617                               0.513E+004
 RTBSE|            2016          62.480                               0.513E+004
 RTBSE|            2017          62.485                               0.513E+004
 RTBSE|            2018          62.597                               0.513E+004
 RTBSE|            2019          62.352                               0.513E+004
 RTBSE|            2020          62.486                               0.513E+004
 RTBSE|            2021          62.598                               0.513E+004
 RTBSE|            2022          62.457                               0.513E+004
 RTBSE|            2023          62.414                               0.513E+004
 RTBSE|            2024          63.130                               0.513E+004
 RTBSE|            2025          62.831                               0.513E+004
 RTBSE|            2026          62.491                               0.513E+004
 RTBSE|            2027          62.480                               0.513E+004
 RTBSE|            2028          62.491                               0.513E+004
 RTBSE|            2029          62.570                               0.513E+004
 RTBSE|            2030          62.588                               0.513E+004
 RTBSE|            2031          62.452                               0.513E+004
 RTBSE|            2032          62.467                               0.513E+004
 RTBSE|            2033          62.430                               0.513E+004
 RTBSE|            2034          62.515                               0.513E+004
 RTBSE|            2035          62.499                               0.513E+004
 RTBSE|            2036          62.627                               0.513E+004
 RTBSE|            2037          62.549                               0.513E+004
 RTBSE|            2038          62.599                               0.513E+004
 RTBSE|            2039          62.440                               0.513E+004
 RTBSE|            2040          62.541                               0.513E+004
 RTBSE|            2041          62.471                               0.513E+004
 RTBSE|            2042          62.520                               0.513E+004
 RTBSE|            2043          62.395                               0.513E+004
 RTBSE|            2044          62.448                               0.513E+004
 RTBSE|            2045          62.481                               0.513E+004
 RTBSE|            2046          62.304                               0.513E+004
 RTBSE|            2047          62.497                               0.513E+004
 RTBSE|            2048          62.366                               0.513E+004
 RTBSE|            2049          62.337                               0.513E+004
 RTBSE|            2050          62.528                               0.513E+004
 RTBSE|            2051          62.494                               0.513E+004
 RTBSE|            2052          62.549                               0.513E+004
 RTBSE|            2053          62.638                               0.513E+004
 RTBSE|            2054          62.371                               0.513E+004
 RTBSE|            2055          62.578                               0.513E+004
 RTBSE|            2056          62.475                               0.513E+004
 RTBSE|            2057          62.477                               0.513E+004
 RTBSE|            2058          62.466                               0.513E+004
 RTBSE|            2059          62.465                               0.513E+004
 RTBSE|            2060          62.529                               0.513E+004
 RTBSE|            2061          62.546                               0.513E+004
 RTBSE|            2062          62.394                               0.513E+004
 RTBSE|            2063          62.386                               0.513E+004
 RTBSE|            2064          63.565                               0.513E+004
 RTBSE|            2065          62.560                               0.513E+004
 RTBSE|            2066          62.511                               0.513E+004
 RTBSE|            2067          62.522                               0.513E+004
 RTBSE|            2068          63.423                               0.513E+004
 RTBSE|            2069          62.458                               0.513E+004
 RTBSE|            2070          62.534                               0.513E+004
 RTBSE|            2071          62.449                               0.513E+004
 RTBSE|            2072          62.432                               0.513E+004
 RTBSE|            2073          62.446                               0.513E+004
 RTBSE|            2074          62.454                               0.513E+004
 RTBSE|            2075          62.419                               0.513E+004
 RTBSE|            2076          62.568                               0.513E+004
 RTBSE|            2077          62.452                               0.513E+004
 RTBSE|            2078          62.323                               0.513E+004
 RTBSE|            2079          62.348                               0.513E+004
 RTBSE|            2080          62.443                               0.513E+004
 RTBSE|            2081          62.521                               0.513E+004
 RTBSE|            2082          62.533                               0.513E+004
 RTBSE|            2083          62.520                               0.513E+004
 RTBSE|            2084          62.309                               0.513E+004
 RTBSE|            2085          62.477                               0.513E+004
 RTBSE|            2086          62.472                               0.513E+004
 RTBSE|            2087          62.437                               0.513E+004
 RTBSE|            2088          62.525                               0.513E+004
 RTBSE|            2089          62.475                               0.513E+004
 RTBSE|            2090          62.538                               0.513E+004
 RTBSE|            2091          62.574                               0.513E+004
 RTBSE|            2092          62.467                               0.513E+004
 RTBSE|            2093          62.391                               0.513E+004
 RTBSE|            2094          62.530                               0.513E+004
 RTBSE|            2095          62.473                               0.513E+004
 RTBSE|            2096          62.566                               0.513E+004
 RTBSE|            2097          62.466                               0.513E+004
 RTBSE|            2098          62.467                               0.513E+004
 RTBSE|            2099          62.485                               0.513E+004
 RTBSE|            2100          62.515                               0.513E+004
 RTBSE|            2101          62.473                               0.513E+004
 RTBSE|            2102          63.220                               0.513E+004
 RTBSE|            2103          62.494                               0.513E+004
 RTBSE|            2104          62.495                               0.513E+004
 RTBSE|            2105          62.372                               0.513E+004
 RTBSE|            2106          62.481                               0.513E+004
 RTBSE|            2107          62.472                               0.513E+004
 RTBSE|            2108          62.500                               0.513E+004
 RTBSE|            2109          62.435                               0.513E+004
 RTBSE|            2110          62.545                               0.513E+004
 RTBSE|            2111          62.456                               0.513E+004
 RTBSE|            2112          62.458                               0.513E+004
 RTBSE|            2113          62.389                               0.513E+004
 RTBSE|            2114          62.367                               0.513E+004
 RTBSE|            2115          62.392                               0.513E+004
 RTBSE|            2116          62.676                               0.513E+004
 RTBSE|            2117          62.539                               0.513E+004
 RTBSE|            2118          62.416                               0.513E+004
 RTBSE|            2119          62.407                               0.513E+004
 RTBSE|            2120          62.430                               0.513E+004
 RTBSE|            2121          62.560                               0.513E+004
 RTBSE|            2122          62.838                               0.513E+004
 RTBSE|            2123          63.334                               0.513E+004
 RTBSE|            2124          62.627                               0.513E+004
 RTBSE|            2125          62.502                               0.513E+004
 RTBSE|            2126          62.415                               0.513E+004
 RTBSE|            2127          62.403                               0.513E+004
 RTBSE|            2128          62.567                               0.513E+004
 RTBSE|            2129          62.531                               0.513E+004
 RTBSE|            2130          62.576                               0.513E+004
 RTBSE|            2131          62.571                               0.513E+004
 RTBSE|            2132          62.511                               0.513E+004
 RTBSE|            2133          62.337                               0.513E+004
 RTBSE|            2134          62.460                               0.513E+004
 RTBSE|            2135          62.560                               0.513E+004
 RTBSE|            2136          62.608                               0.513E+004
 RTBSE|            2137          62.479                               0.513E+004
 RTBSE|            2138          62.510                               0.513E+004
 RTBSE|            2139          63.272                               0.513E+004
 RTBSE|            2140          62.573                               0.513E+004
 RTBSE|            2141          62.476                               0.513E+004
 RTBSE|            2142          62.425                               0.513E+004
 RTBSE|            2143          62.512                               0.513E+004
 RTBSE|            2144          62.407                               0.513E+004
 RTBSE|            2145          62.450                               0.513E+004
 RTBSE|            2146          62.385                               0.513E+004
 RTBSE|            2147          62.319                               0.513E+004
 RTBSE|            2148          62.445                               0.513E+004
 RTBSE|            2149          62.467                               0.513E+004
 RTBSE|            2150          62.397                               0.513E+004
 RTBSE|            2151          62.523                               0.513E+004
 RTBSE|            2152          62.571                               0.513E+004
 RTBSE|            2153          62.436                               0.513E+004
 RTBSE|            2154          62.560                               0.513E+004
 RTBSE|            2155          62.597                               0.513E+004
 RTBSE|            2156          62.386                               0.513E+004
 RTBSE|            2157          62.499                               0.513E+004
 RTBSE|            2158          62.424                               0.513E+004
 RTBSE|            2159          62.396                               0.513E+004
 RTBSE|            2160          62.530                               0.513E+004
 RTBSE|            2161          63.514                               0.513E+004
 RTBSE|            2162          62.350                               0.513E+004
 RTBSE|            2163          62.509                               0.513E+004
 RTBSE|            2164          62.444                               0.513E+004
 RTBSE|            2165          62.538                               0.513E+004
 RTBSE|            2166          62.528                               0.513E+004
 RTBSE|            2167          62.489                               0.513E+004
 RTBSE|            2168          62.378                               0.513E+004
 RTBSE|            2169          62.514                               0.513E+004
 RTBSE|            2170          62.658                               0.513E+004
 RTBSE|            2171          62.461                               0.513E+004
 RTBSE|            2172          62.460                               0.513E+004
 RTBSE|            2173          63.232                               0.513E+004
 RTBSE|            2174          62.524                               0.513E+004
 RTBSE|            2175          62.377                               0.513E+004
 RTBSE|            2176          62.510                               0.513E+004
 RTBSE|            2177          62.570                               0.513E+004
 RTBSE|            2178          62.649                               0.513E+004
 RTBSE|            2179          62.622                               0.513E+004
 RTBSE|            2180          62.549                               0.513E+004
 RTBSE|            2181          62.518                               0.513E+004
 RTBSE|            2182          62.616                               0.513E+004
 RTBSE|            2183          62.542                               0.513E+004
 RTBSE|            2184          62.419                               0.513E+004
 RTBSE|            2185          62.585                               0.513E+004
 RTBSE|            2186          62.514                               0.513E+004
 RTBSE|            2187          63.450                               0.513E+004
 RTBSE|            2188          62.572                               0.513E+004
 RTBSE|            2189          62.528                               0.513E+004
 RTBSE|            2190          62.595                               0.513E+004
 RTBSE|            2191          62.543                               0.513E+004
 RTBSE|            2192          62.492                               0.513E+004
 RTBSE|            2193          62.382                               0.513E+004
 RTBSE|            2194          63.438                               0.513E+004
 RTBSE|            2195          62.535                               0.513E+004
 RTBSE|            2196          62.546                               0.513E+004
 RTBSE|            2197          62.511                               0.513E+004
 RTBSE|            2198          62.687                               0.513E+004
 RTBSE|            2199          62.623                               0.513E+004
 RTBSE|            2200          62.531                               0.513E+004
 RTBSE|            2201          62.576                               0.513E+004
 RTBSE|            2202          62.569                               0.513E+004
 RTBSE|            2203          63.198                               0.513E+004
 RTBSE|            2204          62.530                               0.513E+004
 RTBSE|            2205          62.489                               0.513E+004
 RTBSE|            2206          62.479                               0.513E+004
 RTBSE|            2207          62.503                               0.513E+004
 RTBSE|            2208          62.672                               0.513E+004
 RTBSE|            2209          62.511                               0.513E+004
 RTBSE|            2210          62.392                               0.513E+004
 RTBSE|            2211          62.754                               0.513E+004
 RTBSE|            2212          62.498                               0.513E+004
 RTBSE|            2213          62.490                               0.513E+004
 RTBSE|            2214          62.539                               0.513E+004
 RTBSE|            2215          62.515                               0.513E+004
 RTBSE|            2216          62.425                               0.513E+004
 RTBSE|            2217          62.489                               0.513E+004
 RTBSE|            2218          62.579                               0.513E+004
 RTBSE|            2219          62.569                               0.513E+004
 RTBSE|            2220          62.638                               0.513E+004
 RTBSE|            2221          62.480                               0.513E+004
 RTBSE|            2222          62.559                               0.513E+004
 RTBSE|            2223          62.608                               0.513E+004
 RTBSE|            2224          62.446                               0.513E+004
 RTBSE|            2225          62.414                               0.513E+004
 RTBSE|            2226          62.423                               0.513E+004
 RTBSE|            2227          62.493                               0.513E+004
 RTBSE|            2228          62.554                               0.513E+004
 RTBSE|            2229          62.627                               0.513E+004
 RTBSE|            2230          62.541                               0.513E+004
 RTBSE|            2231          62.498                               0.513E+004
 RTBSE|            2232          62.522                               0.513E+004
 RTBSE|            2233          62.447                               0.513E+004
 RTBSE|            2234          62.521                               0.513E+004
 RTBSE|            2235          62.520                               0.513E+004
 RTBSE|            2236          62.418                               0.513E+004
 RTBSE|            2237          62.476                               0.513E+004
 RTBSE|            2238          62.561                               0.513E+004
 RTBSE|            2239          62.563                               0.513E+004
 RTBSE|            2240          62.399                               0.513E+004
 RTBSE|            2241          62.429                               0.513E+004
 RTBSE|            2242          62.558                               0.513E+004
 RTBSE|            2243          62.388                               0.513E+004
 RTBSE|            2244          62.438                               0.513E+004
 RTBSE|            2245          62.474                               0.513E+004
 RTBSE|            2246          62.372                               0.513E+004
 RTBSE|            2247          62.533                               0.513E+004
 RTBSE|            2248          62.506                               0.513E+004
 RTBSE|            2249          62.461                               0.513E+004
 RTBSE|            2250          62.520                               0.513E+004
 RTBSE|            2251          62.682                               0.513E+004
 RTBSE|            2252          62.367                               0.513E+004
 RTBSE|            2253          63.675                               0.513E+004
 RTBSE|            2254          62.465                               0.513E+004
 RTBSE|            2255          62.506                               0.513E+004
 RTBSE|            2256          62.472                               0.513E+004
 RTBSE|            2257          62.497                               0.513E+004
 RTBSE|            2258          62.567                               0.513E+004
 RTBSE|            2259          62.530                               0.513E+004
 RTBSE|            2260          62.396                               0.513E+004
 RTBSE|            2261          62.415                               0.513E+004
 RTBSE|            2262          62.471                               0.513E+004
 RTBSE|            2263          62.609                               0.513E+004
 RTBSE|            2264          62.543                               0.513E+004
 RTBSE|            2265          62.493                               0.513E+004
 RTBSE|            2266          62.542                               0.513E+004
 RTBSE|            2267          62.463                               0.513E+004
 RTBSE|            2268          62.508                               0.513E+004
 RTBSE|            2269          62.648                               0.513E+004
 RTBSE|            2270          62.590                               0.513E+004
 RTBSE|            2271          62.537                               0.513E+004
 RTBSE|            2272          62.358                               0.513E+004
 RTBSE|            2273          62.650                               0.513E+004
 RTBSE|            2274          62.498                               0.513E+004
 RTBSE|            2275          62.728                               0.513E+004
 RTBSE|            2276          62.766                               0.513E+004
 RTBSE|            2277          62.638                               0.513E+004
 RTBSE|            2278          62.578                               0.513E+004
 RTBSE|            2279          62.598                               0.513E+004
 RTBSE|            2280          63.457                               0.513E+004
 RTBSE|            2281          62.771                               0.513E+004
 RTBSE|            2282          62.678                               0.513E+004
 RTBSE|            2283          62.662                               0.513E+004
 RTBSE|            2284          62.486                               0.513E+004
 RTBSE|            2285          62.457                               0.513E+004
 RTBSE|            2286          62.623                               0.513E+004
 RTBSE|            2287          62.551                               0.513E+004
 RTBSE|            2288          63.368                               0.513E+004
 RTBSE|            2289          62.439                               0.513E+004
 RTBSE|            2290          62.402                               0.513E+004
 RTBSE|            2291          62.474                               0.513E+004
 RTBSE|            2292          62.508                               0.513E+004
 RTBSE|            2293          62.581                               0.513E+004
 RTBSE|            2294          62.559                               0.513E+004
 RTBSE|            2295          63.454                               0.513E+004
 RTBSE|            2296          62.537                               0.513E+004
 RTBSE|            2297          62.585                               0.513E+004
 RTBSE|            2298          62.606                               0.513E+004
 RTBSE|            2299          62.484                               0.513E+004
 RTBSE|            2300          62.496                               0.513E+004
 RTBSE|            2301          62.528                               0.513E+004
 RTBSE|            2302          62.457                               0.513E+004
 RTBSE|            2303          62.652                               0.513E+004
 RTBSE|            2304          62.641                               0.513E+004
 RTBSE|            2305          62.584                               0.513E+004
 RTBSE|            2306          62.495                               0.513E+004
 RTBSE|            2307          62.502                               0.513E+004
 RTBSE|            2308          62.580                               0.513E+004
 RTBSE|            2309          62.431                               0.513E+004
 RTBSE|            2310          62.551                               0.513E+004
 RTBSE|            2311          62.550                               0.513E+004
 RTBSE|            2312          62.488                               0.513E+004
 RTBSE|            2313          62.519                               0.513E+004
 RTBSE|            2314          62.594                               0.513E+004
 RTBSE|            2315          62.509                               0.513E+004
 RTBSE|            2316          62.492                               0.513E+004
 RTBSE|            2317          62.556                               0.513E+004
 RTBSE|            2318          62.447                               0.513E+004
 RTBSE|            2319          62.366                               0.513E+004
 RTBSE|            2320          62.492                               0.513E+004
 RTBSE|            2321          62.508                               0.513E+004
 RTBSE|            2322          62.552                               0.513E+004
 RTBSE|            2323          62.434                               0.513E+004
 RTBSE|            2324          62.476                               0.513E+004
 RTBSE|            2325          62.509                               0.513E+004
 RTBSE|            2326          62.613                               0.513E+004
 RTBSE|            2327          62.426                               0.513E+004
 RTBSE|            2328          62.423                               0.513E+004
 RTBSE|            2329          62.491                               0.513E+004
 RTBSE|            2330          62.427                               0.513E+004
 RTBSE|            2331          62.545                               0.513E+004
 RTBSE|            2332          62.481                               0.513E+004
 RTBSE|            2333          62.523                               0.513E+004
 RTBSE|            2334          62.583                               0.513E+004
 RTBSE|            2335          62.447                               0.513E+004
 RTBSE|            2336          62.482                               0.513E+004
 RTBSE|            2337          62.441                               0.513E+004
 RTBSE|            2338          62.457                               0.513E+004
 RTBSE|            2339          63.565                               0.513E+004
 RTBSE|            2340          62.444                               0.513E+004
 RTBSE|            2341          62.427                               0.513E+004
 RTBSE|            2342          62.531                               0.513E+004
 RTBSE|            2343          62.526                               0.513E+004
 RTBSE|            2344          62.579                               0.513E+004
 RTBSE|            2345          62.559                               0.513E+004
 RTBSE|            2346          63.552                               0.513E+004
 RTBSE|            2347          62.375                               0.513E+004
 RTBSE|            2348          62.481                               0.513E+004
 RTBSE|            2349          62.558                               0.513E+004
 RTBSE|            2350          62.554                               0.513E+004
 RTBSE|            2351          62.376                               0.513E+004
 RTBSE|            2352          62.526                               0.513E+004
 RTBSE|            2353          62.450                               0.513E+004
 RTBSE|            2354          62.434                               0.513E+004
 RTBSE|            2355          62.583                               0.513E+004
 RTBSE|            2356          63.372                               0.513E+004
 RTBSE|            2357          62.484                               0.513E+004
 RTBSE|            2358          62.611                               0.513E+004
 RTBSE|            2359          62.472                               0.513E+004
 RTBSE|            2360          62.345                               0.513E+004
 RTBSE|            2361          62.474                               0.513E+004
 RTBSE|            2362          62.460                               0.513E+004
 RTBSE|            2363          62.370                               0.513E+004
 RTBSE|            2364          62.410                               0.513E+004
 RTBSE|            2365          63.262                               0.513E+004
 RTBSE|            2366          62.467                               0.513E+004
 RTBSE|            2367          62.491                               0.513E+004
 RTBSE|            2368          62.427                               0.513E+004
 RTBSE|            2369          63.441                               0.513E+004
 RTBSE|            2370          62.415                               0.513E+004
 RTBSE|            2371          62.417                               0.513E+004
 RTBSE|            2372          62.548                               0.513E+004
 RTBSE|            2373          62.546                               0.513E+004
 RTBSE|            2374          62.630                               0.513E+004
 RTBSE|            2375          62.285                               0.513E+004
 RTBSE|            2376          62.464                               0.513E+004
 RTBSE|            2377          62.456                               0.513E+004
 RTBSE|            2378          62.635                               0.513E+004
 RTBSE|            2379          62.520                               0.513E+004
 RTBSE|            2380          62.380                               0.513E+004
 RTBSE|            2381          62.507                               0.513E+004
 RTBSE|            2382          62.359                               0.513E+004
 RTBSE|            2383          62.488                               0.513E+004
 RTBSE|            2384          62.397                               0.513E+004
 RTBSE|            2385          62.466                               0.513E+004
 RTBSE|            2386          62.692                               0.513E+004
 RTBSE|            2387          62.549                               0.513E+004
 RTBSE|            2388          62.607                               0.513E+004
 RTBSE|            2389          62.478                               0.513E+004
 RTBSE|            2390          62.479                               0.513E+004
 RTBSE|            2391          62.489                               0.513E+004
 RTBSE|            2392          62.465                               0.513E+004
 RTBSE|            2393          62.400                               0.513E+004
 RTBSE|            2394          62.519                               0.513E+004
 RTBSE|            2395          62.549                               0.513E+004
 RTBSE|            2396          62.695                               0.513E+004
 RTBSE|            2397          62.554                               0.513E+004
 RTBSE|            2398          62.423                               0.513E+004
 RTBSE|            2399          62.459                               0.513E+004
 RTBSE|            2400          62.722                               0.513E+004
 RTBSE|            2401          62.490                               0.513E+004
 RTBSE|            2402          62.448                               0.513E+004
 RTBSE|            2403          62.372                               0.513E+004
 RTBSE|            2404          62.511                               0.513E+004
 RTBSE|            2405          62.462                               0.513E+004
 RTBSE|            2406          62.489                               0.513E+004
 RTBSE|            2407          63.213                               0.513E+004
 RTBSE|            2408          63.086                               0.513E+004
 RTBSE|            2409          62.547                               0.513E+004
 RTBSE|            2410          62.435                               0.513E+004
 RTBSE|            2411          62.481                               0.513E+004
 RTBSE|            2412          62.544                               0.513E+004
 RTBSE|            2413          62.502                               0.513E+004
 RTBSE|            2414          62.539                               0.513E+004
 RTBSE|            2415          62.444                               0.513E+004
 RTBSE|            2416          62.695                               0.513E+004
 RTBSE|            2417          62.589                               0.513E+004
 RTBSE|            2418          62.422                               0.513E+004
 RTBSE|            2419          62.488                               0.513E+004
 RTBSE|            2420          62.456                               0.513E+004
 RTBSE|            2421          62.723                               0.513E+004
 RTBSE|            2422          62.473                               0.513E+004
 RTBSE|            2423          62.437                               0.513E+004
 RTBSE|            2424          62.446                               0.513E+004
 RTBSE|            2425          62.337                               0.513E+004
 RTBSE|            2426          62.482                               0.513E+004
 RTBSE|            2427          62.492                               0.513E+004
 RTBSE|            2428          62.668                               0.513E+004
 RTBSE|            2429          62.531                               0.513E+004
 RTBSE|            2430          62.506                               0.513E+004
 RTBSE|            2431          62.510                               0.513E+004
 RTBSE|            2432          62.487                               0.513E+004
 RTBSE|            2433          62.650                               0.513E+004
 RTBSE|            2434          62.563                               0.513E+004
 RTBSE|            2435          62.417                               0.513E+004
 RTBSE|            2436          62.495                               0.513E+004
 RTBSE|            2437          62.517                               0.513E+004
 RTBSE|            2438          62.443                               0.513E+004
 RTBSE|            2439          62.520                               0.513E+004
 RTBSE|            2440          62.506                               0.513E+004
 RTBSE|            2441          62.464                               0.513E+004
 RTBSE|            2442          62.635                               0.513E+004
 RTBSE|            2443          62.457                               0.513E+004
 RTBSE|            2444          62.635                               0.513E+004
 RTBSE|            2445          62.525                               0.513E+004
 RTBSE|            2446          62.496                               0.513E+004
 RTBSE|            2447          62.496                               0.513E+004
 RTBSE|            2448          62.626                               0.513E+004
 RTBSE|            2449          62.428                               0.513E+004
 RTBSE|            2450          62.544                               0.513E+004
 RTBSE|            2451          62.640                               0.513E+004
 RTBSE|            2452          62.566                               0.513E+004
 RTBSE|            2453          62.641                               0.513E+004
 RTBSE|            2454          62.521                               0.513E+004
 RTBSE|            2455          62.494                               0.513E+004
 RTBSE|            2456          62.587                               0.513E+004
 RTBSE|            2457          62.606                               0.513E+004
 RTBSE|            2458          63.492                               0.513E+004
 RTBSE|            2459          62.513                               0.513E+004
 RTBSE|            2460          62.458                               0.513E+004
 RTBSE|            2461          62.344                               0.513E+004
 RTBSE|            2462          62.582                               0.513E+004
 RTBSE|            2463          63.254                               0.513E+004
 RTBSE|            2464          62.434                               0.513E+004
 RTBSE|            2465          62.537                               0.513E+004
 RTBSE|            2466          62.587                               0.513E+004
 RTBSE|            2467          62.590                               0.513E+004
 RTBSE|            2468          62.356                               0.513E+004
 RTBSE|            2469          63.077                               0.513E+004
 RTBSE|            2470          62.483                               0.513E+004
 RTBSE|            2471          62.483                               0.513E+004
 RTBSE|            2472          62.490                               0.513E+004
 RTBSE|            2473          62.607                               0.513E+004
 RTBSE|            2474          62.550                               0.513E+004
 RTBSE|            2475          62.424                               0.513E+004
 RTBSE|            2476          62.532                               0.513E+004
 RTBSE|            2477          62.581                               0.513E+004
 RTBSE|            2478          62.584                               0.513E+004
 RTBSE|            2479          62.517                               0.513E+004
 RTBSE|            2480          63.548                               0.513E+004
 RTBSE|            2481          62.468                               0.513E+004
 RTBSE|            2482          62.609                               0.513E+004
 RTBSE|            2483          62.622                               0.513E+004
 RTBSE|            2484          62.566                               0.513E+004
 RTBSE|            2485          62.526                               0.513E+004
 RTBSE|            2486          62.486                               0.513E+004
 RTBSE|            2487          62.551                               0.513E+004
 RTBSE|            2488          62.554                               0.513E+004
 RTBSE|            2489          63.354                               0.513E+004
 RTBSE|            2490          62.322                               0.513E+004
 RTBSE|            2491          62.523                               0.513E+004
 RTBSE|            2492          62.573                               0.513E+004
 RTBSE|            2493          62.455                               0.513E+004
 RTBSE|            2494          62.792                               0.513E+004
 RTBSE|            2495          62.413                               0.513E+004
 RTBSE|            2496          62.496                               0.513E+004
 RTBSE|            2497          62.476                               0.513E+004
 RTBSE|            2498          62.448                               0.513E+004
 RTBSE|            2499          62.425                               0.513E+004
 RTBSE|            2500          62.491                               0.513E+004
 RTBSE|            2501          62.453                               0.513E+004
 RTBSE|            2502          62.495                               0.513E+004
 RTBSE|            2503          62.544                               0.513E+004
 RTBSE|            2504          62.616                               0.513E+004
 RTBSE|            2505          62.453                               0.513E+004
 RTBSE|            2506          62.593                               0.513E+004
 RTBSE|            2507          62.558                               0.513E+004
 RTBSE|            2508          62.627                               0.513E+004
 RTBSE|            2509          62.390                               0.513E+004
 RTBSE|            2510          62.585                               0.513E+004
 RTBSE|            2511          62.526                               0.513E+004
 RTBSE|            2512          62.553                               0.513E+004
 RTBSE|            2513          62.440                               0.513E+004
 RTBSE|            2514          62.583                               0.513E+004
 RTBSE|            2515          62.460                               0.513E+004
 RTBSE|            2516          62.575                               0.513E+004
 RTBSE|            2517          62.638                               0.513E+004
 RTBSE|            2518          62.558                               0.513E+004
 RTBSE|            2519          62.516                               0.513E+004
 RTBSE|            2520          62.612                               0.513E+004
 RTBSE|            2521          62.659                               0.513E+004
 RTBSE|            2522          62.635                               0.513E+004
 RTBSE|            2523          62.673                               0.513E+004
 RTBSE|            2524          62.715                               0.513E+004
 RTBSE|            2525          62.498                               0.513E+004
 RTBSE|            2526          62.477                               0.513E+004
 RTBSE|            2527          62.590                               0.513E+004
 RTBSE|            2528          62.433                               0.513E+004
 RTBSE|            2529          62.517                               0.513E+004
 RTBSE|            2530          62.597                               0.513E+004
 RTBSE|            2531          62.455                               0.513E+004
 RTBSE|            2532          62.393                               0.513E+004
 RTBSE|            2533          62.679                               0.513E+004
 RTBSE|            2534          62.449                               0.513E+004
 RTBSE|            2535          62.566                               0.513E+004
 RTBSE|            2536          62.425                               0.513E+004
 RTBSE|            2537          62.658                               0.513E+004
 RTBSE|            2538          62.575                               0.513E+004
 RTBSE|            2539          62.589                               0.513E+004
 RTBSE|            2540          62.535                               0.513E+004
 RTBSE|            2541          62.641                               0.513E+004
 RTBSE|            2542          62.642                               0.513E+004
 RTBSE|            2543          62.535                               0.513E+004
 RTBSE|            2544          62.507                               0.513E+004
 RTBSE|            2545          62.482                               0.513E+004
 RTBSE|            2546          62.655                               0.513E+004
 RTBSE|            2547          62.498                               0.513E+004
 RTBSE|            2548          62.649                               0.513E+004
 RTBSE|            2549          62.522                               0.513E+004
 RTBSE|            2550          62.539                               0.513E+004
 RTBSE|            2551          62.608                               0.513E+004
 RTBSE|            2552          62.550                               0.513E+004
 RTBSE|            2553          62.477                               0.513E+004
 RTBSE|            2554          62.598                               0.513E+004
 RTBSE|            2555          62.470                               0.513E+004
 RTBSE|            2556          62.418                               0.513E+004
 RTBSE|            2557          62.449                               0.513E+004
 RTBSE|            2558          62.570                               0.513E+004
 RTBSE|            2559          62.572                               0.513E+004
 RTBSE|            2560          62.585                               0.513E+004
 RTBSE|            2561          62.547                               0.513E+004
 RTBSE|            2562          62.435                               0.513E+004
 RTBSE|            2563          62.737                               0.513E+004
 RTBSE|            2564          62.525                               0.513E+004
 RTBSE|            2565          63.062                               0.513E+004
 RTBSE|            2566          62.509                               0.513E+004
 RTBSE|            2567          62.636                               0.513E+004
 RTBSE|            2568          62.543                               0.513E+004
 RTBSE|            2569          62.625                               0.513E+004
 RTBSE|            2570          62.464                               0.513E+004
 RTBSE|            2571          63.379                               0.513E+004
 RTBSE|            2572          62.416                               0.513E+004
 RTBSE|            2573          62.540                               0.513E+004
 RTBSE|            2574          62.394                               0.513E+004
 RTBSE|            2575          62.500                               0.513E+004
 RTBSE|            2576          62.593                               0.513E+004
 RTBSE|            2577          62.613                               0.513E+004
 RTBSE|            2578          62.550                               0.513E+004
 RTBSE|            2579          62.588                               0.513E+004
 RTBSE|            2580          62.588                               0.513E+004
 RTBSE|            2581          62.480                               0.513E+004
 RTBSE|            2582          62.475                               0.513E+004
 RTBSE|            2583          62.480                               0.513E+004
 RTBSE|            2584          63.619                               0.513E+004
 RTBSE|            2585          62.403                               0.513E+004
 RTBSE|            2586          62.550                               0.513E+004
 RTBSE|            2587          62.504                               0.513E+004
 RTBSE|            2588          62.571                               0.513E+004
 RTBSE|            2589          62.439                               0.513E+004
 RTBSE|            2590          62.435                               0.513E+004
 RTBSE|            2591          62.662                               0.513E+004
 RTBSE|            2592          62.468                               0.513E+004
 RTBSE|            2593          62.699                               0.513E+004
 RTBSE|            2594          63.168                               0.513E+004
 RTBSE|            2595          62.678                               0.513E+004
 RTBSE|            2596          62.540                               0.513E+004
 RTBSE|            2597          62.489                               0.513E+004
 RTBSE|            2598          62.400                               0.513E+004
 RTBSE|            2599          62.551                               0.513E+004
 RTBSE|            2600          62.474                               0.513E+004
 RTBSE|            2601          62.546                               0.513E+004
 RTBSE|            2602          63.003                               0.513E+004
 RTBSE|            2603          62.584                               0.513E+004
 RTBSE|            2604          62.617                               0.513E+004
 RTBSE|            2605          62.459                               0.513E+004
 RTBSE|            2606          62.329                               0.513E+004
 RTBSE|            2607          62.449                               0.513E+004
 RTBSE|            2608          62.497                               0.513E+004
 RTBSE|            2609          62.453                               0.513E+004
 RTBSE|            2610          62.474                               0.513E+004
 RTBSE|            2611          62.641                               0.513E+004
 RTBSE|            2612          62.536                               0.513E+004
 RTBSE|            2613          62.438                               0.513E+004
 RTBSE|            2614          62.591                               0.513E+004
 RTBSE|            2615          62.485                               0.513E+004
 RTBSE|            2616          62.592                               0.513E+004
 RTBSE|            2617          62.407                               0.513E+004
 RTBSE|            2618          62.491                               0.513E+004
 RTBSE|            2619          62.710                               0.513E+004
 RTBSE|            2620          62.543                               0.513E+004
 RTBSE|            2621          62.659                               0.513E+004
 RTBSE|            2622          62.461                               0.513E+004
 RTBSE|            2623          62.479                               0.513E+004
 RTBSE|            2624          62.608                               0.513E+004
 RTBSE|            2625          62.543                               0.513E+004
 RTBSE|            2626          62.564                               0.513E+004
 RTBSE|            2627          62.486                               0.513E+004
 RTBSE|            2628          62.696                               0.513E+004
 RTBSE|            2629          62.562                               0.513E+004
 RTBSE|            2630          62.560                               0.513E+004
 RTBSE|            2631          62.429                               0.513E+004
 RTBSE|            2632          62.549                               0.513E+004
 RTBSE|            2633          62.544                               0.513E+004
 RTBSE|            2634          62.565                               0.513E+004
 RTBSE|            2635          62.566                               0.513E+004
 RTBSE|            2636          62.659                               0.513E+004
 RTBSE|            2637          62.598                               0.513E+004
 RTBSE|            2638          62.445                               0.513E+004
 RTBSE|            2639          62.448                               0.513E+004
 RTBSE|            2640          62.440                               0.513E+004
 RTBSE|            2641          63.804                               0.513E+004
 RTBSE|            2642          62.644                               0.513E+004
 RTBSE|            2643          62.415                               0.513E+004
 RTBSE|            2644          62.548                               0.513E+004
 RTBSE|            2645          62.394                               0.513E+004
 RTBSE|            2646          62.527                               0.513E+004
 RTBSE|            2647          62.438                               0.513E+004
 RTBSE|            2648          62.602                               0.513E+004
 RTBSE|            2649          62.442                               0.513E+004
 RTBSE|            2650          62.453                               0.513E+004
 RTBSE|            2651          63.261                               0.513E+004
 RTBSE|            2652          62.538                               0.513E+004
 RTBSE|            2653          62.490                               0.513E+004
 RTBSE|            2654          62.422                               0.513E+004
 RTBSE|            2655          62.487                               0.513E+004
 RTBSE|            2656          62.427                               0.513E+004
 RTBSE|            2657          62.493                               0.513E+004
 RTBSE|            2658          62.451                               0.513E+004
 RTBSE|            2659          63.111                               0.513E+004
 RTBSE|            2660          62.456                               0.513E+004
 RTBSE|            2661          62.616                               0.513E+004
 RTBSE|            2662          62.262                               0.513E+004
 RTBSE|            2663          62.500                               0.513E+004
 RTBSE|            2664          63.595                               0.513E+004
 RTBSE|            2665          62.576                               0.513E+004
 RTBSE|            2666          62.422                               0.513E+004
 RTBSE|            2667          62.414                               0.513E+004
 RTBSE|            2668          62.575                               0.513E+004
 RTBSE|            2669          62.549                               0.513E+004
 RTBSE|            2670          62.501                               0.513E+004
 RTBSE|            2671          62.418                               0.513E+004
 RTBSE|            2672          62.521                               0.513E+004
 RTBSE|            2673          62.502                               0.513E+004
 RTBSE|            2674          62.802                               0.513E+004
 RTBSE|            2675          62.876                               0.513E+004
 RTBSE|            2676          62.541                               0.513E+004
 RTBSE|            2677          62.395                               0.513E+004
 RTBSE|            2678          62.555                               0.513E+004
 RTBSE|            2679          62.526                               0.513E+004
 RTBSE|            2680          62.516                               0.513E+004
 RTBSE|            2681          63.278                               0.513E+004
 RTBSE|            2682          62.577                               0.513E+004
 RTBSE|            2683          62.392                               0.513E+004
 RTBSE|            2684          62.335                               0.513E+004
 RTBSE|            2685          62.525                               0.513E+004
 RTBSE|            2686          62.448                               0.513E+004
 RTBSE|            2687          62.431                               0.513E+004
 RTBSE|            2688          62.388                               0.513E+004
 RTBSE|            2689          62.517                               0.513E+004
 RTBSE|            2690          62.495                               0.513E+004
 RTBSE|            2691          62.449                               0.513E+004
 RTBSE|            2692          62.519                               0.513E+004
 RTBSE|            2693          62.608                               0.513E+004
 RTBSE|            2694          62.513                               0.513E+004
 RTBSE|            2695          62.651                               0.513E+004
 RTBSE|            2696          62.390                               0.513E+004
 RTBSE|            2697          62.531                               0.513E+004
 RTBSE|            2698          62.489                               0.513E+004
 RTBSE|            2699          62.490                               0.513E+004
 RTBSE|            2700          62.574                               0.513E+004
 RTBSE|            2701          62.702                               0.513E+004
 RTBSE|            2702          62.513                               0.513E+004
 RTBSE|            2703          62.627                               0.513E+004
 RTBSE|            2704          62.488                               0.513E+004
 RTBSE|            2705          62.400                               0.513E+004
 RTBSE|            2706          62.355                               0.513E+004
 RTBSE|            2707          62.465                               0.513E+004
 RTBSE|            2708          62.436                               0.513E+004
 RTBSE|            2709          62.537                               0.513E+004
 RTBSE|            2710          62.461                               0.513E+004
 RTBSE|            2711          62.332                               0.513E+004
 RTBSE|            2712          62.511                               0.513E+004
 RTBSE|            2713          62.600                               0.513E+004
 RTBSE|            2714          62.453                               0.513E+004
 RTBSE|            2715          62.387                               0.513E+004
 RTBSE|            2716          62.542                               0.513E+004
 RTBSE|            2717          62.592                               0.513E+004
 RTBSE|            2718          62.399                               0.513E+004
 RTBSE|            2719          62.492                               0.513E+004
 RTBSE|            2720          62.473                               0.513E+004
 RTBSE|            2721          62.576                               0.513E+004
 RTBSE|            2722          62.428                               0.513E+004
 RTBSE|            2723          62.382                               0.513E+004
 RTBSE|            2724          62.587                               0.513E+004
 RTBSE|            2725          62.494                               0.513E+004
 RTBSE|            2726          62.434                               0.513E+004
 RTBSE|            2727          62.468                               0.513E+004
 RTBSE|            2728          62.331                               0.513E+004
 RTBSE|            2729          62.400                               0.513E+004
 RTBSE|            2730          62.700                               0.513E+004
 RTBSE|            2731          62.586                               0.513E+004
 RTBSE|            2732          62.426                               0.513E+004
 RTBSE|            2733          62.541                               0.513E+004
 RTBSE|            2734          62.431                               0.513E+004
 RTBSE|            2735          62.380                               0.513E+004
 RTBSE|            2736          62.539                               0.513E+004
 RTBSE|            2737          62.662                               0.513E+004
 RTBSE|            2738          62.383                               0.513E+004
 RTBSE|            2739          62.496                               0.513E+004
 RTBSE|            2740          62.543                               0.513E+004
 RTBSE|            2741          62.474                               0.513E+004
 RTBSE|            2742          63.609                               0.513E+004
 RTBSE|            2743          62.540                               0.513E+004
 RTBSE|            2744          62.453                               0.513E+004
 RTBSE|            2745          62.471                               0.513E+004
 RTBSE|            2746          62.475                               0.513E+004
 RTBSE|            2747          62.435                               0.513E+004
 RTBSE|            2748          62.513                               0.513E+004
 RTBSE|            2749          62.592                               0.513E+004
 RTBSE|            2750          62.622                               0.513E+004
 RTBSE|            2751          62.451                               0.513E+004
 RTBSE|            2752          62.372                               0.513E+004
 RTBSE|            2753          62.400                               0.513E+004
 RTBSE|            2754          62.640                               0.513E+004
 RTBSE|            2755          62.553                               0.513E+004
 RTBSE|            2756          62.513                               0.513E+004
 RTBSE|            2757          62.425                               0.513E+004
 RTBSE|            2758          62.303                               0.513E+004
 RTBSE|            2759          62.575                               0.513E+004
 RTBSE|            2760          62.459                               0.513E+004
 RTBSE|            2761          62.457                               0.513E+004
 RTBSE|            2762          62.397                               0.513E+004
 RTBSE|            2763          62.470                               0.513E+004
 RTBSE|            2764          62.475                               0.513E+004
 RTBSE|            2765          62.507                               0.513E+004
 RTBSE|            2766          62.632                               0.513E+004
 RTBSE|            2767          62.593                               0.513E+004
 RTBSE|            2768          62.520                               0.513E+004
 RTBSE|            2769          62.560                               0.513E+004
 RTBSE|            2770          63.494                               0.513E+004
 RTBSE|            2771          62.453                               0.513E+004
 RTBSE|            2772          62.606                               0.513E+004
 RTBSE|            2773          62.577                               0.513E+004
 RTBSE|            2774          62.418                               0.513E+004
 RTBSE|            2775          62.513                               0.513E+004
 RTBSE|            2776          62.438                               0.513E+004
 RTBSE|            2777          62.600                               0.513E+004
 RTBSE|            2778          62.427                               0.513E+004
 RTBSE|            2779          62.524                               0.513E+004
 RTBSE|            2780          62.457                               0.513E+004
 RTBSE|            2781          62.586                               0.513E+004
 RTBSE|            2782          62.454                               0.513E+004
 RTBSE|            2783          63.293                               0.513E+004
 RTBSE|            2784          62.415                               0.513E+004
 RTBSE|            2785          62.357                               0.513E+004
 RTBSE|            2786          62.420                               0.513E+004
 RTBSE|            2787          62.543                               0.513E+004
 RTBSE|            2788          62.373                               0.513E+004
 RTBSE|            2789          62.404                               0.513E+004
 RTBSE|            2790          62.587                               0.513E+004
 RTBSE|            2791          62.493                               0.513E+004
 RTBSE|            2792          62.597                               0.513E+004
 RTBSE|            2793          62.629                               0.513E+004
 RTBSE|            2794          62.424                               0.513E+004
 RTBSE|            2795          62.509                               0.513E+004
 RTBSE|            2796          62.567                               0.513E+004
 RTBSE|            2797          62.613                               0.513E+004
 RTBSE|            2798          62.560                               0.513E+004
 RTBSE|            2799          63.259                               0.513E+004
 RTBSE|            2800          62.525                               0.513E+004
 RTBSE|            2801          62.482                               0.513E+004
 RTBSE|            2802          63.487                               0.513E+004
 RTBSE|            2803          62.361                               0.513E+004
 RTBSE|            2804          62.519                               0.513E+004
 RTBSE|            2805          62.446                               0.513E+004
 RTBSE|            2806          62.530                               0.513E+004
 RTBSE|            2807          62.467                               0.513E+004
 RTBSE|            2808          62.258                               0.513E+004
 RTBSE|            2809          62.562                               0.513E+004
 RTBSE|            2810          62.384                               0.513E+004
 RTBSE|            2811          62.419                               0.513E+004
 RTBSE|            2812          62.499                               0.513E+004
 RTBSE|            2813          62.467                               0.513E+004
 RTBSE|            2814          62.497                               0.513E+004
 RTBSE|            2815          62.475                               0.513E+004
 RTBSE|            2816          62.490                               0.513E+004
 RTBSE|            2817          62.720                               0.513E+004
 RTBSE|            2818          62.580                               0.513E+004
 RTBSE|            2819          62.473                               0.513E+004
 RTBSE|            2820          62.612                               0.513E+004
 RTBSE|            2821          62.450                               0.513E+004
 RTBSE|            2822          62.409                               0.513E+004
 RTBSE|            2823          62.588                               0.513E+004
 RTBSE|            2824          62.515                               0.513E+004
 RTBSE|            2825          62.647                               0.513E+004
 RTBSE|            2826          62.539                               0.513E+004
 RTBSE|            2827          62.478                               0.513E+004
 RTBSE|            2828          62.504                               0.513E+004
 RTBSE|            2829          62.548                               0.513E+004
 RTBSE|            2830          62.411                               0.513E+004
 RTBSE|            2831          62.551                               0.513E+004
 RTBSE|            2832          62.376                               0.513E+004
 RTBSE|            2833          62.671                               0.513E+004
 RTBSE|            2834          62.522                               0.513E+004
 RTBSE|            2835          62.566                               0.513E+004
 RTBSE|            2836          62.512                               0.513E+004
 RTBSE|            2837          62.536                               0.513E+004
 RTBSE|            2838          64.106                               0.513E+004
 RTBSE|            2839          62.535                               0.513E+004
 RTBSE|            2840          62.745                               0.513E+004
 RTBSE|            2841          62.475                               0.513E+004
 RTBSE|            2842          63.627                               0.513E+004
 RTBSE|            2843          62.548                               0.513E+004
  GREENX FT_PADE| n_pade, n_fit, window [eV]   484     968     0.0000    19.9960
  GREENX FT_PADE| n_pade, n_fit, window [eV]   484     968     0.0000    19.9960
  GREENX FT_PADE| n_pade, n_fit, window [eV]   484     968     0.0000    19.9960
 STATIC_POL|         spin  element Re [a.u.]              Im [a.u.]
 STATIC_POL|            1    1,  2     -2.8589725189E+000      1.3514491496E-014
 STATIC_POL|            1    2,  2      1.3947543384E+005      1.8720762191E-011
 STATIC_POL|            1    3,  2      8.4485729668E-001      1.5760339937E-016

 -------------------------------------------------------------------------------
 -                                                                             -
 -                                DBCSR STATISTICS                             -
 -                                                                             -
 -------------------------------------------------------------------------------
 COUNTER                                    TOTAL       BLAS       SMM       ACC
 flops     6 x     6 x   168            422198784       0.0%    100.0%      0.0%     
 flops     6 x     6 x   192           1447538688       0.0%    100.0%      0.0%     
 flops     6 x    13 x   168           3032999424       0.0%    100.0%      0.0%     
 flops    13 x     6 x   168           3035934720       0.0%    100.0%      0.0%     
 flops     6 x    32 x     6           4720370688       0.0%    100.0%      0.0%     
 flops     6 x     6 x   160           8041881600       0.0%    100.0%      0.0%     
 flops     6 x    13 x   192          10398855168       0.0%    100.0%      0.0%     
 flops    13 x     6 x   192          10408919040       0.0%    100.0%      0.0%     
 flops     5 x     5 x     3          12360767850       0.0%    100.0%      0.0%     
 flops    13 x    13 x   168          21542486784       0.0%    100.0%      0.0%     
 flops     3 x     5 x     3          23934741120       0.0%    100.0%      0.0%     
 flops     5 x     5 x    27          33445321200       0.0%    100.0%      0.0%     
 flops    13 x    32 x     6          34968620544       0.0%    100.0%      0.0%     
 flops     6 x    32 x    13          34968620544       0.0%    100.0%      0.0%     
 flops     6 x    13 x   160          57771417600       0.0%    100.0%      0.0%     
 flops    13 x     6 x   160          57827328000       0.0%    100.0%      0.0%     
 flops    27 x     5 x     3          58851397260       0.0%    100.0%      0.0%     
 flops     3 x     3 x     5          59810186250       0.0%    100.0%      0.0%     
 flops    13 x    13 x   192          73859954688       0.0%    100.0%      0.0%     
 flops     3 x     5 x     5          74745635700       0.0%    100.0%      0.0%     
 flops     3 x     5 x    27          82593785970       0.0%    100.0%      0.0%     
 flops    27 x     3 x     5         156172489830       0.0%    100.0%      0.0%     
 flops     3 x    27 x     5         166899586320       0.0%    100.0%      0.0%     
 flops    27 x     5 x    27         202372973370       0.0%    100.0%      0.0%     
 flops    27 x     5 x     5         212356040850       0.0%    100.0%      0.0%     
 flops    13 x    32 x    13         245906259456       0.0%    100.0%      0.0%     
 flops     5 x    30 x     3         266173325100       0.0%    100.0%      0.0%     
 flops    30 x     5 x     3         271891811700       0.0%    100.0%      0.0%     
 flops     5 x     5 x    32         336612345600       0.0%    100.0%      0.0%     
 flops    13 x    13 x   160         410333081600       0.0%    100.0%      0.0%     
 flops    27 x    27 x     5         435692120670       0.0%    100.0%      0.0%     
 flops     3 x    30 x     3         558386807760       0.0%    100.0%      0.0%     
 flops    32 x     5 x     3         575371963200       0.0%    100.0%      0.0%     
 flops     5 x    30 x    27         719664110100       0.0%    100.0%      0.0%     
 flops    30 x     5 x    27         725285153700       0.0%    100.0%      0.0%     
 flops     3 x     5 x    32         766989390720       0.0%    100.0%      0.0%     
 flops     3 x     3 x    30        1334096011260       0.0%    100.0%      0.0%     
 flops    27 x    30 x     3        1375599040200       0.0%    100.0%      0.0%     
 flops    32 x     3 x     5        1384176085440       0.0%    100.0%      0.0%     
 flops     3 x    32 x     5        1520331798720       0.0%    100.0%      0.0%     
 flops     3 x    30 x     5        1669549987800       0.0%    100.0%      0.0%     
 flops     3 x     5 x    30        1767821233500       0.0%    100.0%      0.0%     
 flops    32 x     5 x     5        1792153443200       0.0%    100.0%      0.0%     
 flops     3 x    30 x    27        1859162197320       0.0%    100.0%      0.0%     
 flops    27 x     5 x    32        1900152648000       0.0%    100.0%      0.0%     
 flops    32 x     5 x    27        1948759102080       0.0%    100.0%      0.0%     
 flops    27 x     3 x    30        3470660247780       0.0%    100.0%      0.0%     
 flops     3 x    27 x    30        3676963636800       0.0%    100.0%      0.0%     
 flops    32 x    27 x     5        3860012733120       0.0%    100.0%      0.0%     
 flops    27 x    32 x     5        3971403198720       0.0%    100.0%      0.0%     
 flops    27 x    30 x    27        4562011753560       0.0%    100.0%      0.0%     
 flops    27 x    30 x     5        4730373164700       0.0%    100.0%      0.0%     
 flops    27 x     5 x    30        4932690793200       0.0%    100.0%      0.0%     
 flops    30 x    30 x     3        5856346148400       0.0%    100.0%      0.0%     
 flops     5 x    30 x    32        7224509366400       0.0%    100.0%      0.0%     
 flops    30 x     5 x    32        7276651200000       0.0%    100.0%      0.0%     
 flops     6 x     6 x     3        9321462386064       0.0%    100.0%      0.0%     
 flops    27 x    27 x    30        9563935145400       0.0%    100.0%      0.0%     
 flops     3 x     6 x     3       12752549865900       0.0%    100.0%      0.0%     
 flops     3 x     3 x     6       12841178004612       0.0%    100.0%      0.0%     
 flops    32 x    30 x     3       13353329041920       0.0%    100.0%      0.0%     
 flops    30 x    30 x    27       15612474681000       0.0%    100.0%      0.0%     
 flops     3 x    30 x    32       17159527451520       0.0%    100.0%      0.0%     
 flops    32 x     5 x    32       18161932759040       0.0%    100.0%      0.0%     
 flops     6 x     6 x    27       24024529793736       0.0%    100.0%      0.0%     
 flops    32 x     3 x    30       30778457224320       0.0%    100.0%      0.0%     
 flops    27 x     6 x     3       33153259476024       0.0%    100.0%      0.0%     
 flops     3 x     6 x    27       33204503297556       0.0%    100.0%      0.0%     
 flops    27 x     3 x     6       33370548747300       0.0%    100.0%      0.0%     
 flops     3 x    27 x     6       33415838030736       0.0%    100.0%      0.0%     
 flops     3 x    32 x    30       33433711136640       0.0%    100.0%      0.0%     
 flops    32 x    32 x     5       34996971325440       0.0%    100.0%      0.0%     
 flops     3 x    30 x    30       37587179768400       0.0%    100.0%      0.0%     
 flops    32 x    30 x     5       39927876403200       0.0%    100.0%      0.0%     
 flops    32 x     5 x    30       41586028070400       0.0%    100.0%      0.0%     
 flops     3 x     6 x     6       42496967436840       0.0%    100.0%      0.0%     
 flops    27 x    30 x    32       42568731239040       0.0%    100.0%      0.0%     
 flops    32 x    30 x    27       43731720996480       0.0%    100.0%      0.0%     
 flops     6 x    13 x     3       71848198213740       0.0%    100.0%      0.0%     
 flops    32 x    27 x    30       84780048591360       0.0%    100.0%      0.0%     
 flops    27 x     6 x    27       85418162036244       0.0%    100.0%      0.0%     
 flops    27 x    27 x     6       85929220808604       0.0%    100.0%      0.0%     
 flops    27 x    32 x    30       86961670087680       0.0%    100.0%      0.0%     
 flops    13 x     6 x     3       92531506377960       0.0%    100.0%      0.0%     
 flops    27 x    30 x    30      104718400268400       0.0%    100.0%      0.0%     
 flops    27 x     6 x     6      111013018890048       0.0%    100.0%      0.0%     
 flops     3 x    13 x     3      126857376476766       0.0%    100.0%      0.0%     
 flops     3 x     3 x    13      127762899836598       0.0%    100.0%      0.0%     
 flops    30 x    30 x    32      156225039091200       0.0%    100.0%      0.0%     
 flops     6 x    13 x    27      185835190738860       0.0%    100.0%      0.0%     
 flops    13 x     6 x    27      231271021319832       0.0%    100.0%      0.0%     
 flops    32 x     6 x     3      272686792742784       0.0%    100.0%      0.0%     
 flops    32 x     3 x     6      274678843598208       0.0%    100.0%      0.0%     
 flops     6 x     6 x    32      280159486880256       0.0%    100.0%      0.0%     
 flops     3 x    13 x     6      317345339434032       0.0%    100.0%      0.0%     
 flops     3 x    13 x    27      319925063310840       0.0%    100.0%      0.0%     
 flops     3 x    27 x    13      322101221522886       0.0%    100.0%      0.0%     
 flops    27 x    13 x     3      329545839025260       0.0%    100.0%      0.0%     
 flops    27 x     3 x    13      331772419935918       0.0%    100.0%      0.0%     
 flops     3 x     6 x    32      373589679180672       0.0%    100.0%      0.0%     
 flops     3 x    32 x     6      376078753029888       0.0%    100.0%      0.0%     
 flops    32 x    30 x    32      405479952814080       0.0%    100.0%      0.0%     
 flops     3 x     6 x    13      420661128658680       0.0%    100.0%      0.0%     
 flops    32 x     6 x    27      705829053147264       0.0%    100.0%      0.0%     
 flops    32 x    27 x     6      710576668444032       0.0%    100.0%      0.0%     
 flops    13 x    13 x     3      714223252874508       0.0%    100.0%      0.0%     
 flops    32 x    32 x    30      767112893767680       0.0%    100.0%      0.0%     
 flops    27 x    13 x    27      822523568118642       0.0%    100.0%      0.0%     
 flops    27 x    27 x    13      827816530030308       0.0%    100.0%      0.0%     
 flops    27 x    13 x     6      828988111843632       0.0%    100.0%      0.0%     
 flops    32 x    30 x    30      882885472185600       0.0%    100.0%      0.0%     
 flops    27 x     6 x    32      964993348907136       0.0%    100.0%      0.0%     
 flops    27 x    32 x     6      971061847393536       0.0%    100.0%      0.0%     
 flops    27 x     6 x    13     1062400236780168       0.0%    100.0%      0.0%     
 flops    32 x     6 x     6     1240212885419520       0.0%    100.0%      0.0%     
 flops    13 x    13 x    27     1790907748165926       0.0%    100.0%      0.0%     
 flops     6 x    13 x    32     2146906219386240       0.0%    100.0%      0.0%     
 flops    13 x     6 x    32     2476407456996096       0.0%    100.0%      0.0%     
 flops    32 x    13 x     3     2712264206453568       0.0%    100.0%      0.0%     
 flops    32 x     3 x    13     2732564130850944       0.0%    100.0%      0.0%     
 flops     3 x    13 x    13     3141281789357166       0.0%    100.0%      0.0%     
 flops     3 x    13 x    32     3310409621353536       0.0%    100.0%      0.0%     
 flops     3 x    32 x    13     3333256183203648       0.0%    100.0%      0.0%     
 flops    32 x    13 x    27     6800877210314304       0.0%    100.0%      0.0%     
 flops    32 x    27 x    13     6849711908110656       0.0%    100.0%      0.0%     
 flops    27 x    13 x    13     7933451309484948       0.0%    100.0%      0.0%     
 flops    32 x     6 x    32     7959011042979840       0.0%    100.0%      0.0%     
 flops    32 x    32 x     6     8014825289637888       0.0%    100.0%      0.0%     
 flops    27 x    13 x    32     8549627076956160       0.0%    100.0%      0.0%     
 flops    27 x    32 x    13     8605510654089024       0.0%    100.0%      0.0%     
 flops    32 x    13 x     6     9261277530450816       0.0%    100.0%      0.0%     
 flops    32 x     6 x    13    10946525451134208       0.0%    100.0%      0.0%     
 flops    13 x    13 x    32    19013356042238272       0.0%    100.0%      0.0%     
 flops    32 x    13 x    32    70526529089615872       0.0%    100.0%      0.0%     
 flops    32 x    32 x    13    71036874671706112       0.0%    100.0%      0.0%     
 flops    32 x    13 x    13    81743129265271552       0.0%    100.0%      0.0%     
 flops inhomo. stacks                           0       0.0%      0.0%      0.0%
 flops total                       355.644378E+15       0.0%    100.0%      0.0%
 flops max/rank                      4.218256E+15       0.0%    100.0%      0.0%
 matmuls inhomo. stacks                         0       0.0%      0.0%      0.0%
 matmuls total                     39176980617594       0.0%    100.0%      0.0%
 number of processed stacks           77073343331       0.0%    100.0%      0.0%
 average stack size                                     0.0     508.3       0.0
 marketing flops                    56.380177E+18
 -------------------------------------------------------------------------------
 # multiplications                         115225
 max memory usage/rank              55.856157E+09
 # max total images/rank                        3
 # max 3D layers                                1
 # MPI messages exchanged               475648800
 MPI messages size (bytes):
  total size                        16.048657E+15
  min size                           0.000000E+00
  max size                         386.890048E+06
  average size                      33.740560E+06
 MPI breakdown and total messages size (bytes):
             size <=      128              447429                        0
       128 < size <=     8192               18876                 89371752
      8192 < size <=    32768               10574                185737944
     32768 < size <=   131072               40860               4535640856
    131072 < size <=  4194304           233321580          732550562965976
   4194304 < size <= 16777216            56043770          293899001452488
  16777216 < size                       185765711        15197644837784248
 -------------------------------------------------------------------------------

 *** WARNING in dbcsr_mm.F:301 :: Using a non-square number of MPI ranks ***
 *** might lead to poor performance. Used ranks: 96 Suggested: 100 196   ***

 -------------------------------------------------------------------------------
 -                                                                             -
 -                      DBCSR MESSAGE PASSING PERFORMANCE                      -
 -                                                                             -
 -------------------------------------------------------------------------------
 ROUTINE             CALLS      AVE VOLUME [Bytes]
 MP_Bcast              137                     12.
 MP_Allreduce       461348                    559.
 MP_Alltoall        938269                5353442.
 MP_ISend         13020700               13509689.
 MP_IRecv         13018008               13541769.
 -------------------------------------------------------------------------------

 -------------------------------------------------------------------------------
 -                                                                             -
 -                                GRID STATISTICS                              -
 -                                                                             -
 -------------------------------------------------------------------------------
 LP    KERNEL             BACKEND                              COUNT     PERCENT
 4     collocate ortho    CPU                                  40332      19.71%
 4     integrate ortho    CPU                                  40332      19.71%
 3     collocate ortho    CPU                                  36448      17.81%
 3     integrate ortho    CPU                                  36448      17.81%
 2     collocate ortho    CPU                                  22088      10.79%
 2     integrate ortho    CPU                                  22088      10.79%
 0     collocate general  CPU                                   4624       2.26%
 0     integrate general  CPU                                   2312       1.13%
 -------------------------------------------------------------------------------

 -------------------------------------------------------------------------------
 -                                                                             -
 -                          OFFLOAD MEMPOOL STATISTICS                         -
 -                                                                             -
 -------------------------------------------------------------------------------
 Memory consumption                Number of allocations  Used [MiB]  Size [MiB]
 Host                                                  6         226    22291039
 -------------------------------------------------------------------------------

 MEMORY| Estimated peak process memory [MiB]                               27395

 -------------------------------------------------------------------------------
 ----                             MULTIGRID INFO                            ----
 -------------------------------------------------------------------------------
 count for grid        1:         842460          cutoff [a.u.]          300.00
 count for grid        2:         879841          cutoff [a.u.]          100.00
 count for grid        3:        1203036          cutoff [a.u.]           33.33
 count for grid        4:         843271          cutoff [a.u.]           11.11
 total gridlevel count  :        3768608

 -------------------------------------------------------------------------------
 -                                                                             -
 -                         MESSAGE PASSING PERFORMANCE                         -
 -                                                                             -
 -------------------------------------------------------------------------------

 ROUTINE             CALLS      AVE VOLUME [Bytes]
 MP_Group               25
 MP_Bcast             4167                 214460.
 MP_Allreduce       115285                 610941.
 MP_Sync                12
 MP_Alltoall            95              136812096.
 MP_SendRecv           760                 817344.
 MP_ISendRecv          760                 817344.
 MP_Wait              2680
 MP_comm_split          12
 MP_ISend             1890                 993683.
 MP_IRecv             1890                 993601.
 -------------------------------------------------------------------------------


 -------------------------------------------------------------------------------
 -                                                                             -
 -                           R E F E R E N C E S                               -
 -                                                                             -
 -------------------------------------------------------------------------------
 
 CP2K version 2026.2 (Development Version), the CP2K developers group (2026).
 CP2K is freely available from https://www.cp2k.org/ .
 
 M. Iannuzzi, J. Wilhelm, F. Stein, A. Bussy, H. Elgabarty, D. Golze, A. Hehn, 
 M. Graml, S. Marek, B. Sertcan Gökmen, C. Schran, H. Forbert, R. Z. 
 Khaliullin, A. Kozhevnikov, M. Taillefumier, R. Meli, V. V. Rybkin, M. Brehm, 
 R. Schade, O. Schütt, J. V. Pototschnig, H. Mirhosseini, A. Knüpfer, D. Marx, 
 M. Krack, J. Hutter, T. D. Kühne.
 J. Phys. Chem. B 130, 1237-1310 (2026).
 The CP2K Program Package Made Simple.
 https://doi.org/10.1021/acs.jpcb.5c05851

 M. Graml, K. Zollner, D. Hernangómez-Pérez, P. E. Faria Junior, J. Wilhelm.
 J. Chem. Theory Comput. 20, 2202-2208 (2024).
 Low-scaling GW algorithm applied to twisted transition-metal dichalcogenide 
 heterobilayers.
 https://doi.org/10.1021/acs.jctc.3c01230

 T. D. Kühne, M. Iannuzzi, M. Del Ben, V. V. Rybkin, P. Seewald, F. Stein, T. 
 Laino, R. Z. Khaliullin, O. Schütt, F. Schiffmann, D. Golze, J. Wilhelm, S. 
 Chulkov, M. H. Bani-Hashemian, V. Weber, U. Borstnik, M. Taillefumier, A. S. 
 Jakobovits, A. Lazzaro, H. Pabst, T. Müller, R. Schade, M. Guidon, S. 
 Andermatt, N. Holmberg, G. K. Schenter, A. Hehn, A. Bussy, F. Belleflamme, G. 
 Tabacchi, A. Glöß, M. Lass, I. Bethune, C. J. Mundy, C. Plessl, M. Watkins, 
 J. VandeVondele, M. Krack, J. Hutter.
 J. Chem. Phys. 152, 194103 (2020).
 CP2K: An electronic structure and molecular dynamics software package - 
 Quickstep: Efficient and accurate electronic structure calculations.
 https://doi.org/10.1063/5.0007045

 O. Schuett, P. Messmer, J. Hutter, J. VandeVondele.
 Electronic Structure Calculations on Graphics Processing Units, 173-190 (2016).
 GPU-Accelerated Sparse Matrix-Matrix Multiplication for Linear Scaling Density 
 Functional Theory.
 https://doi.org/10.1002/9781118670712.ch8

 A. Heinecke, G. Henry, M. Hutchinson, H. Pabst.
 Proceedings of Intl. Supercomputing Conference, 981-991 (2016).
 LIBXSMM: Accelerating Small Matrix Multiplications by Runtime Code Generation.
 https://doi.org/10.1109/SC.2016.83

 U. Borstnik, J. VandeVondele, V. Weber, J. Hutter.
 Parallel Comput. 40, 47-58 (2014).
 Sparse matrix multiplication: The distributed block-compressed sparse row 
 library.
 https://doi.org/10.1016/j.parco.2014.03.012

 A. Marek, V. Blum, R. Johanni, V. Havu, B. Lang, T. Auckenthaler, A. Heinecke, 
 H. Bungartz, H. Lederer.
 J. Phys. Condens. Matter 26, 213201 (2014).
 The ELPA library: scalable parallel eigenvalue solutions for electronic 
 structure theory and computational science.
 https://doi.org/10.1088/0953-8984/26/21/213201

 J. VandeVondele, J. Hutter.
 J. Chem. Phys. 127, 114105 (2007).
 Gaussian basis sets for accurate calculations on molecular systems in gas and 
 condensed phases.
 https://doi.org/10.1063/1.2770708

 J. VandeVondele, M. Krack, F. Mohamed, M. Parrinello, T. Chassaing, J. Hutter.
 Comput. Phys. Commun. 167, 103-128 (2005).
 QUICKSTEP: Fast and accurate density functional calculations using a mixed 
 Gaussian and plane waves approach.
 https://doi.org/10.1016/j.cpc.2004.12.014

 M. Krack.
 Theor. Chem. Acc. 114, 145-152 (2005).
 Pseudopotentials for H to Kr optimized for gradient-corrected 
 exchange-correlation functionals.
 https://doi.org/10.1007/s00214-005-0655-y

 M. Frigo, S. G. Johnson.
 Proc. IEEE 93, 216-231 (2005).
 The design and implementation of FFTW3.
 https://doi.org/10.1109/JPROC.2004.840301

 C. Hartwigsen, S. Goedecker, J. Hutter.
 Phys. Rev. B 58, 3641-3662 (1998).
 Relativistic separable dual-space Gaussian pseudopotentials from H to Rn.
 https://doi.org/10.1103/PhysRevB.58.3641

 G. Lippert, J. Hutter, M. Parrinello.
 Mol. Phys. 92, 477-487 (1997).
 A hybrid Gaussian and plane wave density functional scheme.
 https://doi.org/10.1080/002689797170220

 S. Goedecker, M. Teter, J. Hutter.
 Phys. Rev. B 54, 1703-1710 (1996).
 Separable dual-space Gaussian pseudopotentials.
 https://doi.org/10.1103/PhysRevB.54.1703

 J. P. Perdew, K. Burke, M. Ernzerhof.
 Phys. Rev. Lett. 77, 3865-3868 (1996).
 Generalized gradient approximation made simple.
 https://doi.org/10.1103/PhysRevLett.77.3865

 P. E. Blöchl.
 J. Chem. Phys. 103, 7422-7428 (1995).
 Electrostatic decoupling of periodic images of plane‐wave‐expanded 
 densities and derived atomic point charges.
 https://doi.org/10.1063/1.470314

 R. H. Byrd, P. H. Lu, J. Nocedal, C. Y. Zhu.
 SIAM J. Sci. Comput. 16, 1190-1208 (1995).
 A Limited Memory Algorithm for Bound Constrained Optimization.
 https://doi.org/10.1137/0916069

 C. G. Broyden.
 Math. Comput. 19, 577-593 (1965).
 A class of methods for solving nonlinear simultaneous equations.
 https://doi.org/10.1090/S0025-5718-1965-0198670-6


 -------------------------------------------------------------------------------
 -                                                                             -
 -                                T I M I N G                                  -
 -                                                                             -
 -------------------------------------------------------------------------------
 SUBROUTINE                       CALLS  ASD         SELF TIME        TOTAL TIME
                                MAXIMUM       AVERAGE  MAXIMUM  AVERAGE  MAXIMUM
 CP2K                                 1  1.0      0.0      0.1 187071.5 187075.5
 run_propagation_linearized_bse       1  2.0      1.5      5.8 187068.2 187071.9
 solve_rk4_timestep                2844  3.0     10.0     12.5 178279.5 178459.2
 build_shared_sex_and_hartree     11376  4.0      5.8      6.7 118930.6 119141.7
 compute_sigma_ri_rs_complex      11376  5.0      8.6     10.8  96083.0  96144.9
 compute_sigma_ri_rs              22752  6.0      3.7      4.7  95535.7  95598.0
 dbcsr_multiply_generic          115225  7.8     16.3     17.6  87529.7  88736.6
 dbcsr_contract_ABA               45505  7.0      0.7      0.8  85133.1  86298.9
 parallel_gemm_fm_cosma          182472  6.0  80221.8  80452.3  80221.8  80452.3
 multiply_cannon                 115225  8.8     35.4     41.1  68551.7  72012.5
 multiply_cannon_loop            115225  9.8    112.7    186.1  64180.6  66720.6
 update_effective_ham_MO          11376  4.0     14.3     17.0  59330.1  59369.1
 multiply_cannon_multrec        2765400 10.8  36514.6  39939.9  36605.6  40055.2
 transform_ao_to_mo_covariant_c   22752  5.0      0.8      0.9  39833.1  39871.4
 transform_mo_to_ao_contravaria   22753  5.0      0.8      0.9  38436.6  38661.7
 mp_waitall_1                   ******* 12.0  28396.2  33737.7  28396.2  33737.7
 multiply_cannon_metrocomm3     2765400 10.8      6.7      8.1  15372.8  20049.0
 make_m2s                        230450  8.8     14.7     20.2  14021.7  15915.0
 make_images                     230450  9.8   1371.8   1602.3  13946.0  15840.5
 make_images_data                230450 10.8      4.5      5.1   9622.0  11805.6
 hybrid_alltoall_any             276069 11.4    244.1   1948.8   8738.1  11587.1
 calculate_norms                5521776 10.8   7162.6   8075.9   7162.6   8075.9
 qs_energies                          1  3.0      0.0      0.0   7187.9   7188.1
 dbcsr_complete_redistribute      68532  8.0   1897.7   1996.7   6677.3   6866.2
 qs_energies_properties               1  4.0      0.0      0.0   6865.2   6865.3
 post_scf_bandstructure               1  5.0      0.0      0.0   6865.2   6865.3
 gw                                   1  6.0      0.0      0.0   6516.1   6516.2
 gw_calc_non_periodic_ri_rs           1  7.0      0.0      0.0   6482.9   6483.0
 copy_fm_to_dbcsr                 22917  7.0      0.3      0.3   5866.5   6046.0
 multiply_cannon_metrocomm1     2765400 10.8      6.8      7.6   4567.7   5815.4
 mp_sum_l                        346049  8.8   2830.7   4625.0   2830.7   4625.0
 mp_allgather_i34                115225  9.8   2238.5   4361.6   2238.5   4361.6
 mp_alltoall_d11v                342461  9.4   3458.9   3548.9   3458.9   3548.9
 compute_hartree_ri_rs_from_dia   11376  5.0      6.9      8.2   3524.7   3546.8
 hartree_potential_from_diag_ri   22752  6.0    458.7    534.2   3172.8   3200.9
 compute_W                            1  8.0      0.0      0.0   2909.0   2909.8
 mp_isend_dv                    6515931 12.1   1162.8   2879.5   1162.8   2879.5
 multiply_cannon_metrocomm4     2534950 10.8      6.9      7.7    331.2   2477.7
 make_images_sizes               230450 10.8      0.3      0.4    835.0   2384.4
 mp_alltoall_i44                 230450 11.8    834.7   2384.1    834.7   2384.1
 mp_sum_dv                        91284  7.0   1639.5   2377.7   1639.5   2377.7
 copy_dbcsr_to_fm                 45615  7.0      1.9      2.9   1994.9   2342.5
 dbcsr_sort_data                 668542 12.6   2109.2   2331.2   2109.2   2331.2
 ri_rs_grid_assembler                 1  8.0      0.0      0.0   2271.7   2271.8
 dbcsr_finalize                  231534  8.9      5.5      8.1   2033.5   2270.9
 optimize_ri_rs_grid                  1  9.0     42.8     63.5   2270.2   2270.3
 dbcsr_merge_all                 185759  9.9    412.7    471.8   2011.4   2247.6
 evaluate_rirs_grid_cluster        5025 10.0   1330.5   2191.0   1330.5   2191.0
 compute_fm_W_freq                   30  9.0      0.1      0.1   2179.2   2179.6
 buffer_matrices_ensure_size     230450  9.8   1815.7   2039.2   1815.7   2039.2
 dbcsr_special_finalize          576125 10.8      6.3      8.1   1559.6   1676.6
 dbcsr_merge_single_wm           576125 11.8    108.5    152.1   1552.1   1669.5
 mp_sum_d                         23435  4.0    960.4   1516.4    960.4   1516.4
 mp_send_dv                       22765  4.0    752.2   1448.0    752.2   1448.0
 mp_alltoall_i22                 114151  9.0    827.7   1199.2    827.7   1199.2
 hadamard_product_inplace         22752  7.0    972.8   1035.7    972.9   1035.8
 dbcsr_desymmetrize_deep          45619  8.0     59.7     77.4    635.4    926.4
 compute_Sigma_c_and_QP_energie       1  8.0      0.0      0.0    882.2    882.3
 cp_fm_write_unformatted           5691  3.0    218.0    624.7    603.5    778.8
 cp_fm_write_formatted             5688  3.0    226.3    613.2    596.2    768.2
 cp_fm_to_cfm                     91013  6.0    709.1    728.5    709.1    728.5
 make_images_pack                230450 10.8    499.1    645.8    502.6    649.5
 compute_Sigma_c                      1  9.0      0.0      0.0    618.6    618.6
 cp_fm_cholesky_invert               31 10.0    617.5    617.7    617.5    617.7
 dbcsr_copy                      276449  8.5    559.3    600.4    563.9    607.0
 dbcsr_add_wm_from_matrix         23329  9.1    376.5    469.8    491.7    586.3
 tree_to_linear_d                 68550 11.0    461.9    567.4    461.9    567.4
 mp_isend_iv                    6740325 11.8     51.7    527.4     51.7    527.4
 cp_cfm_to_fm                     79637  5.6    501.5    524.8    501.5    524.8
 contract_grid_panels_sigma_c        30 10.0      0.0      0.0    472.0    472.2
 dbcsr_data_copy_aa2              92576 11.0    367.2    432.9    367.2    432.9
 cp_fm_transpose                  17071  3.0    230.3    427.0    230.3    427.0
 dbcsr_set                        91605  8.5      0.2      0.3    356.4    375.5
 dbcsr_zero                       91605  9.5    356.2    375.3    356.2    375.3
 cp_fm_diag_elpa                      7  8.3      0.0      0.0    350.5    350.5
 cp_fm_diag_elpa_base                 7  9.3    349.1    349.7    350.4    350.4
 get_mat_chi_Gamma_tau                1  8.0      0.0      0.0    349.7    349.7
 cp_cfm_transpose                 22752  5.0    275.2    334.8    275.2    334.8
 dbcsr_scale_anytype              46711  8.6    288.9    305.1    292.2    309.7
 mp_recv_dv                     1093124  4.0      3.2    308.9      3.2    308.9
 copy_fm_to_dbcsr_bc              22917  8.0    131.3    138.2    282.0    296.4
 mp_irecv_dv                    6514322 12.1     32.1    293.9     32.1    293.9
 copy_dbcsr_to_fm_bc              45615  8.0    256.3    266.8    257.8    268.3
 mp_sum_iv                       115347  9.8    111.3    267.7    111.3    267.7
 compute_QP_energies                  1  9.0      0.0      0.0    263.6    263.7
 cp_fm_cholesky_decompose            34 10.0    242.8    249.4    242.8    249.4
 build_G_ao                         121  9.5      0.0      0.0    246.9    247.4
 cp_cfm_scale_and_add             88183  5.0    233.6    245.7    233.6    245.7
 contract_grid_panels                31  9.0      0.0      0.0    241.8    242.0
 eval_bandstructure_properties        1  6.0      0.0      0.0    236.4    236.4
 G_occ_vir                          121 10.5      8.9      9.5    218.8    219.8
 cp_cfm_geeig                         1  7.0      0.0      0.0    216.2    216.2
 to_Gamma_and_mo_real                62 10.0      0.1      0.1    206.4    206.4
 cp_cfm_heevd                         1  8.0      0.0      0.0    199.7    199.7
 cp_cfm_heevd_base                    1  9.0    199.7    199.7    199.7    199.7
 mp_alltoall_i11v                251215  9.0    165.2    198.5    165.2    198.5
 cp_fm_trace_a0b0t0               17070  3.0     24.8     29.1     83.7    191.9
 scf_env_do_scf                       1  4.0      0.0      0.0    175.0    175.4
 scf_env_do_scf_inner_loop            3  5.0      0.0      0.0    175.0    175.4
 dbcsr_data_release             ******* 10.7    139.5    174.9    139.5    174.9
 qs_scf_new_mos                       3  6.0      0.0      0.0    163.3    163.4
 eigensolver_symm                     3  7.0      0.0      0.0    162.6    162.6
 dbcsr_reserve_all_blocks         22920  9.0      0.2      0.2    149.9    157.5
 dbcsr_reserve_blocks             22934 10.0    149.5    157.2    149.8    157.4
 dbcsr_fill_wm_from_matrix        23329 10.1    113.9    139.8    114.4    140.4
 multiply_cannon_multrec_finali  115225 11.8      0.7      0.8     91.1    134.3
 dbcsr_mm_multrec_finalize       115225 12.8     32.1     36.0     90.4    133.7
 setup_rec_index_2d              230450  9.8    122.8    129.1    122.8    129.1
 create_and_init_bs_env               1  6.0      0.0      0.0    112.7    112.7
 diagonalize_ks_matrix                1  7.0      0.0      0.0    109.8    109.8
 cp_fm_geeig_canon                    1  8.0      0.0      0.0    109.7    109.7
 dbcsr_destroy                  1773643  9.0      3.7      4.0     88.7    109.7
 multrec_filtering                92284 13.8     58.0    101.3     58.0    101.3
 dbcsr_sort_indices              897767 12.1     92.2     99.3     92.2     99.3
 mask_mo_block_cfm                34128  5.0     68.6     91.0     68.6     91.0
 qs_energies_init_hamiltonians        1  4.0      0.0      0.0     85.4     85.4
 qs_env_update_s_mstruct              1  5.0      0.0      0.0     85.3     85.3
 cp_ddapc_init                        1  6.0      0.0      0.0     84.4     84.4
 cp_ddapc_create                      1  7.0      0.0      0.0     84.4     84.4
 ddapc_eval_AmI                       1  8.0      2.5      2.6     82.8     82.9
 mp_cart_sub                      91245  9.0     74.6     74.8     74.6     74.8
 build_A_matrix                       1  9.0     57.6     67.8     57.6     67.8
 init_scf_run                         1  4.0      0.0      0.0     61.4     61.4
 dbcsr_make_index_list           576125  9.8     58.9     60.6     58.9     60.6
 dbcsr_get_diag                   22752  7.0     51.2     57.4     51.3     57.5
 cp_fm_geeig                          1 10.0      0.0      0.0     57.1     57.1
 compute_Sigma_x                      1  8.0      0.0      0.0     43.2     44.0
 mp_cart_create                   45646  9.0     35.8     43.4     35.8     43.4
 cp_fm_uplo_to_full                  68 10.0     34.9     43.2     34.9     43.2
 dbcsr_create_new               1819610 10.1     21.1     22.0     29.9     38.8
 multiply_cannon_metrocomm2     2419725 10.8      6.0      6.6     27.9     34.2
 initialize_sex_selfenergy            1  3.0      0.0      0.0     33.4     33.4
 rt_bse_ri_rs_ensure_W0_grid          1  4.0      0.0      0.0     33.4     33.4
 create_and_init_bs_env_for_gw        1  7.0      0.0      0.0     33.2     33.3
 mp_sum_dm                            4  7.2     23.0     32.8     23.0     32.8
 dbcsr_make_untransposed_blocks  138439  8.9     21.7     27.3     26.0     31.3
 get_RI_basis                         1  8.0      0.0      0.0     30.4     30.5
 compute_Minv_Gamma                   1  9.0      0.0      0.0     30.4     30.5
 initialize_hartree_potential         1  3.0      0.0      0.0     26.8     26.8
 rt_bse_ri_rs_ensure_V_grid           1  4.0      0.0      0.0     26.8     26.8
 compute_Z_lP                         1  8.0      0.0      0.0     26.7     26.7
 compute_Z_lP_standard                1  9.0      0.0      0.0     26.7     26.7
 get_electron_number_MO            2844  3.0      0.4      0.4     12.6     23.7
 release_dbcsr_topology_and_mat   68259  7.0      0.2      0.2     18.6     22.9
 compute_V_MinvVsqrt                  1  9.0      0.0      0.0     22.5     22.5
 parallel_gemm_cfm                   22  6.4      0.0      0.0     22.3     22.3
 parallel_gemm_cfm_cosma             22  7.4     22.3     22.3     22.3     22.3
 dbcsr_mm_multrec_init           115225  9.8      0.5      0.7     20.8     22.3
 dbcsr_mm_csr_init               115225 10.8      3.8      4.8     20.3     21.7
 dbcsr_data_new                 7023222 10.5     13.8     20.0     13.8     20.0
 compute_proj_mo_on_kind              1  7.0      0.1      0.1     19.8     19.8
 cp_fm_scale_and_add                935  9.9     17.5     17.7     17.5     17.7
 dbcsr_work_destroy_all          807503 11.3      4.3      4.8     13.9     17.6
 Fourier_transform_w_to_t            30  9.0      0.0      0.0     17.0     17.2
 fill_hash_tables                115225 11.8     16.3     17.2     16.3     17.2
 fm_write                             1  9.0      0.0      0.0     15.0     15.8
 dbcsr_new_transposed             68990  8.7      2.6      3.9     14.4     15.6
 dbcsr_make_index_exist         1819610 11.1      6.2     14.6      6.2     14.6
 RI_2c_integral_mat                   4  7.2      0.0      0.0     13.4     14.2
 extract_masked_blocks              732 10.6      9.4     11.9     10.9     13.8
 dbcsr_iterator_start           1104421 10.0      4.3      4.6     12.8     13.5
 compute_fm_chi_Gamma_freq           30  9.0      0.0      0.0     12.5     12.9
 setup_buffer_matrices           230450  9.8      2.3      4.0      9.3     12.9
 abc_contract_xsmm               624433 10.2      7.2     12.1      7.2     12.1
 dbcsr_work_create               807503 10.3      4.3      6.1      8.0     11.7
 hadamard_product                   273 10.7      7.0      7.4     11.0     11.5
 compute_d_lp                        25 10.0      5.3      5.6     10.5     10.8
 dbcsr_make_dbcsr_index          899435 12.1      9.6      9.9      9.6      9.9
 dbcsr_iterator_stop            1104421 10.0      4.0      9.2      4.7      9.8
 qs_ks_build_kohn_sham_matrix         4  8.2      0.0      0.0      9.4      9.7
 print_ft                             1  3.0      0.0      0.2      8.9      9.5
 cp_cfm_triangular_multiply           3  8.0      9.4      9.4      9.4      9.4
 greenx_refine_ft                     3  4.0      8.9      9.3      8.9      9.3
 dbcsr_iterator_seek            1104421 11.0      8.6      9.2      8.6      9.2
 cp_fm_symm                           3  8.0      9.0      9.0      9.0      9.0
 dbcsr_scale_d                    22783  7.0      0.1      0.1      8.1      8.7
 scf_env_initial_rho_setup            1  5.0      0.0      0.0      7.8      7.8
 qs_ks_update_qs_env                  3  6.0      0.0      0.0      7.7      7.7
 rebuild_ks_matrix                    3  7.0      0.0      0.0      7.7      7.7
 merge_index                     185759 10.9      6.5      7.0      6.5      7.0
 mp_irecv_iv                    6738979 11.8      5.5      6.8      5.5      6.8
 cp_cfm_zscale                    22752  5.0      5.6      6.8      5.6      6.8
 cp_fm_create                     34538  6.0      5.5      6.7      5.5      6.7
 build_2c_integrals                   4  8.2      3.7      3.9      6.5      6.7
 dbcsr_add_d                        991 10.1      0.0      0.0      6.1      6.4
 dbcsr_add_anytype                  991 11.1      4.0      4.1      6.1      6.4
 transpose_index_local            68990  9.7      1.2      1.3      5.5      6.2
 calculate_first_density_matrix       1  6.0      0.0      0.0      6.1      6.2
 initialize_moments                   1  3.0      0.0      0.0      5.7      6.0
 cp_fm_gemm                           3  9.0      6.0      6.0      6.0      6.0
 collect_used_col_blocks            276 10.7      0.0      0.0      4.9      5.7
 cp_cfm_cholesky_decompose            2  8.0      5.3      5.3      5.3      5.3
 transform_ao_to_mo_covariant_f       6  4.0      0.0      0.0      5.2      5.2
 build_gram_jacobi_blas              25 10.0      1.2      1.2      5.1      5.2
 fft_wrap_pw1pw2                     64 11.1      0.0      0.0      5.1      5.1
 fft_wrap_pw1pw2_300                 40 12.3      0.2      0.2      4.8      4.8
 initialize_rtbse_env                 1  3.0      4.7      4.7      4.8      4.8
 dbcsr_distribution_new          415725  8.8      4.4      4.7      4.4      4.7
 qs_rho_update_rho_low                4  6.0      0.0      0.0      4.6      4.6
 calculate_rho_elec                   4  7.0      0.1      0.1      4.6      4.6
 cp_fm_triangular_multiply            4 10.2      4.6      4.6      4.6      4.6
 read_mo_set_from_restart             1  7.0      0.1      3.3      4.5      4.5
 compute_Z_lP_standard_dpotrf        25 10.0      4.3      4.4      4.3      4.4
 cp_cfm_triangular_invert             1  8.0      4.4      4.4      4.4      4.4
 mp_bcast_dm_src                   3944  8.0      4.3      4.4      4.3      4.4
 fft3d_ps                            64 13.1      1.3      1.3      4.2      4.3
 build_gram_jacobi_blas_dsyrk        25 11.0      3.9      4.1      3.9      4.1
 compute_d_lp_dgemm               16662 11.0      3.4      3.5      3.4      3.5
 qs_vxc_create                        4  9.2      0.0      0.0      3.1      3.1
 xc_vxc_pw_create                     3 10.0      0.1      0.1      3.1      3.1
 quick_finalize                   45619 10.0      0.6      1.0      2.6      3.1
 qs_ks_ddapc                          4  9.2      0.0      0.0      2.9      2.9
 sum_up_and_integrate                 4  9.2      0.0      0.0      2.9      2.9
 check_positive_definite_overla       1  7.0      0.0      0.0      2.9      2.9
 integrate_v_rspace                   4 10.2      0.0      0.0      2.9      2.9
 cp_fm_triangular_invert              1 11.0      2.8      2.8      2.8      2.8
 build_phi_on_sphere                 25 10.0      0.2      0.3      2.6      2.8
 apply_delta_pulse_MO                 1  3.0      0.0      0.0      2.7      2.7
 propagate_density                    1  4.0      0.0      0.0      2.7      2.7
 bch_propagate                        1  5.0      0.0      0.0      2.7      2.7
 evaluate_ao_on_points             4594 11.0      2.5      2.6      2.5      2.6
 ab_contract                    6220901  8.5      2.5      2.6      2.5      2.6
 mp_alltoall_z22v                    64 15.1      2.5      2.6      2.5      2.6
 cp_fm_copy_general                   4  8.2      0.0      0.0      2.5      2.6
 cp_ddapc_apply_CD                    4 10.2      0.0      0.1      2.5      2.5
 build_2c_coulomb_matrix_kp           1 10.0      0.0      0.0      2.3      2.4
 lattice_sum                          1 11.0      0.0      0.0      2.3      2.4
 dbcsr_make_index_local_row      576125  9.8      2.1      2.4      2.1      2.4
 xc_pw_derive                        18 12.0      0.0      0.0      2.3      2.3
 potential_pw2rs                      4 11.2      0.0      0.0      2.3      2.3
 setup_square_topology            45630  7.0      1.3      1.8      1.7      2.3
 grid_collocate_task_list             4  8.0      2.2      2.3      2.2      2.3
 density_rs2pw                        4  8.0      0.0      0.0      2.2      2.3
 fill_fm_Sigma_c_Gamma_time           1 10.0      0.0      0.0      2.0      2.0
 compute_V_xc                         1  8.0      0.0      0.0      1.7      2.0
 mp_comm_free                    136950  9.0      1.8      1.9      1.8      1.9
 transfer_pw2rs                      17 12.0      0.0      0.0      1.9      1.9
 dbcsr_binary_write                   1 10.0      1.9      1.9      1.9      1.9
 cp_fm_finish_copy_general            4  9.2      1.7      1.7      1.8      1.8
 compute_v_transl                     1 12.0      1.6      1.8      1.7      1.8
 qs_init_subsys                       1  2.0      0.0      0.0      1.7      1.7
 qs_env_setup                         1  3.0      0.0      0.0      1.7      1.7
 qs_env_rebuild_pw_env                2  4.0      0.0      0.0      1.7      1.7
 pw_env_rebuild                       1  5.0      0.0      0.0      1.7      1.7
 extract_grid_panel                 366 10.5      1.3      1.5      1.5      1.7
 pw_grid_setup                        5  5.2      0.0      0.0      1.7      1.7
 pw_grid_setup_internal               5  6.2      0.0      0.0      1.7      1.7
 cp_fm_to_fm_matrix                 164 11.0      1.6      1.6      1.6      1.6
 ewald_ddapc_pot                      1  8.0      0.1      0.1      1.6      1.6
 build_grid_cache                     1  9.0      1.5      1.6      1.5      1.6
 transfer_rs2pw                      18  8.8      0.0      0.0      1.6      1.6
 mp_waitany                        1862 12.2      1.1      1.6      1.1      1.6
 x_to_yz                             30 14.4      0.3      0.3      1.5      1.6
 xc_rho_set_and_dset_create           3 11.0      0.1      0.1      1.5      1.6
 compute_Z_lP_standard_dpotrs        25 10.0      1.4      1.5      1.4      1.5
 xc_pw_divergence                     3 11.0      0.0      0.0      1.5      1.5
 modify_hartree_pot                   4 11.2      1.3      1.5      1.3      1.5
 yz_to_x                             26 13.8      0.2      0.2      1.4      1.5
 make_basis_sm                        1  7.0      0.0      0.0      1.4      1.4
 mp_sync                             12  9.2      0.6      1.4      0.6      1.4
 dbcsr_get_data_size_used        231378  9.9      1.2      1.3      1.2      1.3
 dbcsr_filter_anytype               165 10.2      0.2      0.2      1.1      1.3
 transfer_pw2rs_300                   5 12.4      0.1      0.1      1.0      1.1
 mp_max_l                            22  1.8      0.8      1.1      0.8      1.1
 populate_C_active                    1  3.0      0.0      0.0      0.9      1.1
 cp_fm_to_fm_submat_general           1  4.0      0.9      1.1      0.9      1.1
 scf_post_calculation_gpw             1  4.0      0.0      0.0      0.9      1.1
 write_available_results              1  5.0      0.0      0.0      0.9      1.1
 write_mo_free_results                1  6.0      0.0      0.0      0.9      1.1
 calculate_dm_sparse                  4  7.0      0.0      0.0      0.9      0.9
 cp_dbcsr_plus_fm_fm_t                4  8.0      0.0      0.0      0.9      0.9
 get_ddapc                            4 11.2      0.0      0.0      0.9      0.9
 transfer_rs2pw_300                   6  9.5      0.1      0.1      0.8      0.9
 fm_add_on_diag                      60 10.0      0.8      0.8      0.8      0.8
 get_ddapc-charges                    4 12.2      0.1      0.1      0.8      0.8
 calculate_rho_core                   1  6.0      0.1      0.1      0.8      0.8
 cp_fm_start_copy_general             4  9.2      0.6      0.6      0.7      0.8
 cfm_ikp_from_fm_Gamma                3  7.3      0.7      0.7      0.7      0.7
 eval_pw_TabLR                        1  2.0      0.6      0.6      0.6      0.7
 build_b_vector                       4 13.2      0.4      0.7      0.4      0.7
 create_fm_W_MIC_time                 1  9.0      0.0      0.0      0.7      0.7
 dbcsr_get_local_cols            115225  8.8      0.6      0.7      0.6      0.7
 setup_time_and_frequency_minim       1  8.0      0.0      0.0      0.6      0.7
 build_minimax_time_frequency_g       1  9.0      0.0      0.0      0.6      0.7
 fit_l_sq_weights                     3 10.0      0.6      0.7      0.6      0.7
 pw_grid_sort                         5  7.2      0.4      0.4      0.6      0.6
 pw_integral_ab_c1d_c1d_gs            8 10.8      0.2      0.2      0.4      0.6
 mp_bcast_b_src                      13  8.9      0.2      0.6      0.2      0.6
 dbcsr_get_local_rows            115225  8.8      0.6      0.6      0.6      0.6
 transfer_pw2rs_40                    4 13.2      0.4      0.4      0.5      0.6
 grid_integrate_task_list             4 11.2      0.5      0.6      0.5      0.6
 pw_grid_remap                        4  8.0      0.0      0.0      0.5      0.5
 dbcsr_switch_data_area          345102 10.0      0.3      0.4      0.5      0.5
 mp_sum_im3                           5  9.2      0.5      0.5      0.5      0.5
 mp_bcast_dm                          2 11.5      0.4      0.5      0.4      0.5
 write_mo_set_to_restart              3  6.0      0.0      0.0      0.2      0.5
 mulliken_population_analysis         1  7.0      0.0      0.0      0.3      0.5
 write_mo_set_low                     1  7.0      0.0      0.0      0.2      0.5
 lattice_sum_R_to_k                   8 12.0      0.4      0.4      0.4      0.4
 transfer_rs2pw_40                    4 10.0      0.2      0.2      0.4      0.4
 gspace_mixing                        2  6.0      0.0      0.0      0.4      0.4
 pw_poisson_solve                     4  9.2      0.0      0.0      0.4      0.4
 hirshfeld_integration                1  7.0      0.1      0.1      0.4      0.4
 mixing_init                          1  6.0      0.3      0.4      0.4      0.4
 cp_dbcsr_sm_fm_multiply              1  8.0      0.0      0.0      0.3      0.3
 transfer_pw2rs_100                   4 13.2      0.0      0.0      0.2      0.3
 transfer_rs2pw_100                   4 10.0      0.0      0.0      0.3      0.3
 print_ri_rs_memory_estimate          1  8.0      0.3      0.3      0.3      0.3
 classify_z_lp_atoms                  1 10.0      0.2      0.3      0.3      0.3
 cp_fm_set_all                       25  5.4      0.3      0.3      0.3      0.3
 xc_functional_eval                   3 12.0      0.0      0.0      0.3      0.3
 pbe_lda_eval                         3 13.0      0.3      0.3      0.3      0.3
 pw_scatter_p                        34 13.5      0.3      0.3      0.3      0.3
 gw_3c_ctx_create                     2 10.0      0.0      0.2      0.2      0.3
 mp_isend_dm3                        38 12.2      0.1      0.3      0.1      0.3
 dbcsr_mm_sched_finalize         115225 13.8      0.2      0.3      0.2      0.3
 pw_derive                           30 12.3      0.2      0.3      0.2      0.3
 sort_shells                          5  8.2      0.2      0.3      0.2      0.3
 check_for_restart_files              1  8.0      0.1      0.3      0.1      0.3
 dbcsr_mm_sched_init             115225 11.8      0.2      0.2      0.2      0.3
 reserve_blocks_within_radius         1  5.0      0.2      0.2      0.2      0.3
 mp_sendrecv_dv                     760 11.0      0.2      0.3      0.2      0.3
 pw_gather_p                         30 12.6      0.2      0.2      0.2      0.2
 pw_copy                             61 11.4      0.2      0.2      0.2      0.2
 fft_wrap_pw1pw2_100                  8 11.6      0.0      0.0      0.2      0.2
 mp_sum_im                            8  7.5      0.2      0.2      0.2      0.2
 parser_read_line                 23100  4.2      0.0      0.0      0.2      0.2
 parser_read_line_low                28  5.2      0.0      0.0      0.2      0.2
 analyt_conti_and_print               1 10.0      0.1      0.1      0.1      0.2
 broadcast_input_information         28  6.2      0.0      0.0      0.2      0.2
 calculate_hirshfeld_normalizat       1  7.0      0.1      0.1      0.2      0.2
 pw_poisson_set                       5  9.4      0.0      0.0      0.2      0.2
 create_qs_kind_set                   1  2.0      0.0      0.0      0.2      0.2
 read_qs_kind                         2  3.0      0.0      0.0      0.2      0.2
 dbcsr_get_global_row_map        115225  8.8      0.2      0.2      0.2      0.2
 cp_dbcsr_sm_fm_multiply_core         1  9.0      0.0      0.0      0.2      0.2
 create_tensors                       1  8.0      0.0      0.0      0.2      0.2
 create_3c_t                          2  9.0      0.0      0.0      0.2      0.2
 dbcsr_get_global_col_map        115225  8.8      0.1      0.2      0.1      0.2
 broyden_mixing                       2  7.0      0.1      0.1      0.1      0.1
 create_3c_tensor                     2 10.0      0.0      0.0      0.1      0.1
 build_local_moment_matrix            2  4.0      0.1      0.1      0.1      0.1
 mp_bcast_am_src                     28  7.2      0.1      0.1      0.1      0.1
 mp_sum_i                           407 10.0      0.1      0.1      0.1      0.1
 atomic_basis_at_grid_point           1  8.0      0.0      0.0      0.1      0.1
 dbt_distribution_new_expert         10 11.5      0.0      0.0      0.1      0.1
 check_spline_interp_TabLR            1  3.0      0.0      0.1      0.0      0.1
 mp_allgather_i                      10 10.4      0.1      0.1      0.1      0.1
 dbt_tas_distribution_new            10 12.5      0.1      0.1      0.1      0.1
 create_product_matrix             1002 10.6      0.0      0.0      0.1      0.1
 pw_copy_to_array                    30 12.6      0.1      0.1      0.1      0.1
 mp_irecv_dm3                        38 12.2      0.0      0.1      0.0      0.1
 pw_axpy                             58  7.3      0.1      0.1      0.1      0.1
 fill_phi_for_atom                   25  9.0      0.0      0.0      0.1      0.1
 allocate_blocks_v_L                  2 12.0      0.1      0.1      0.1      0.1
 transfer_rs2pw_20                    4 10.0      0.0      0.0      0.1      0.1
 rs_scatter_matrices                  4  8.0      0.0      0.0      0.1      0.1
 pw_copy_from_array                  34 13.5      0.1      0.1      0.1      0.1
 print_matrix_occupation              3  9.0      0.0      0.0      0.1      0.1
 dbcsr_mm_hostdrv_init           115225 12.8      0.1      0.1      0.1      0.1
 topology_control                     1  2.0      0.0      0.0      0.1      0.1
 store_Z_lP_columns                  25 10.0      0.1      0.1      0.1      0.1
 qs_create_task_list                  1  6.0      0.0      0.0      0.1      0.1
 generate_qs_task_list                1  7.0      0.0      0.0      0.1      0.1
 cp_cfm_norm                         10  5.8      0.1      0.1      0.1      0.1
 mp_max_d                           211  9.9      0.0      0.1      0.0      0.1
 dbt_create_new                       5 11.0      0.0      0.0      0.1      0.1
 transfer_pw2rs_20                    4 13.2      0.0      0.0      0.1      0.1
 self_consistency_check               3  6.0      0.0      0.0      0.0      0.1
 cp_sm_mix                            3  7.0      0.0      0.0      0.0      0.1
 read_gw_input_parameters             1  8.0      0.0      0.0      0.1      0.1
 read_rirs_grid_file                  2 10.0      0.0      0.1      0.0      0.1
 mp_bcast_i_src                     117  7.2      0.1      0.1      0.1      0.1
 pw_grid_distribute                   5  7.2      0.0      0.0      0.1      0.1
 coordinate_control                   1  3.0      0.0      0.0      0.1      0.1
 coordinate_control_READ_COORDI       1  4.0      0.0      0.0      0.1      0.1
 read_coordinate_xyz                  1  5.0      0.0      0.0      0.1      0.1
 allocate_and_fill_fm_ks_fm_s         1  7.0      0.0      0.0      0.1      0.1
 pw_grid_assign                       5  7.2      0.1      0.1      0.1      0.1
 get_n_ao_in_sphere                4624 10.0      0.1      0.1      0.1      0.1
 rs_gather_matrices                   4 11.2      0.0      0.0      0.0      0.1
 read_rirs_grid_opt                   1  9.0      0.1      0.1      0.1      0.1
 build_core_hamiltonian_matrix        1  5.0      0.0      0.0      0.1      0.1
 fft_wrap_pw1pw2_40                   8 11.6      0.0      0.0      0.0      0.1
 mp_mem_avail_per_rank_GB             4  9.8      0.0      0.0      0.0      0.1
 mp_comm_split_type                   4 10.8      0.0      0.1      0.0      0.1
 cp_dbcsr_alloc_block_from_nbl       14  7.1      0.0      0.0      0.1      0.1
 distribute_tasks                     1  8.0      0.0      0.0      0.0      0.1
 mp_min_d                             5 10.0      0.0      0.0      0.0      0.0
 cp_fm_redistribute_start             7  9.3      0.0      0.0      0.0      0.0
 pw_zero                             56  5.4      0.0      0.0      0.0      0.0
 allocate_blocks_v_kp                 1 12.0      0.0      0.0      0.0      0.0
 set_blocks_to_matrix_v_kp            1 12.0      0.0      0.0      0.0      0.0
 allocate_tmp                         1 11.0      0.0      0.0      0.0      0.0
 load_balance_distributed             2  9.0      0.0      0.0      0.0      0.0
 fft_wrap_pw1pw2_20                   8 11.6      0.0      0.0      0.0      0.0
 compute_load_list                    4 10.0      0.0      0.0      0.0      0.0
 get_current_loads                   12 10.0      0.0      0.0      0.0      0.0
 mp_alltoall_l                       13 10.9      0.0      0.0      0.0      0.0
 dbcsr_frobenius_norm                 1  5.0      0.0      0.0      0.0      0.0
 dbt_pgrid_create_expert             13 11.9      0.0      0.0      0.0      0.0
 mp_bcast_iv_src                     28  7.2      0.0      0.0      0.0      0.0
 build_qs_neighbor_lists              1  5.0      0.0      0.0      0.0      0.0
 mp_maxloc_dv                      1519  1.0      0.0      0.0      0.0      0.0
 rs_grid_zero                        11 12.6      0.0      0.0      0.0      0.0
 mp_comm_split_direct                 8 13.6      0.0      0.0      0.0      0.0
 mp_max_i                           632  1.8      0.0      0.0      0.0      0.0
 dbt_tas_create_new                   5 12.0      0.0      0.0      0.0      0.0
 build_core_ppnl                      1  6.0      0.0      0.0      0.0      0.0
 initialize_singleparticle_hami       1  3.0      0.0      0.0      0.0      0.0
 dbcsr_crop_matrix                   23 11.1      0.0      0.0      0.0      0.0
 cp_fm_to_fm_columns                  3  7.0      0.0      0.0      0.0      0.0
 mp_bcast_av_src                      1  7.0      0.0      0.0      0.0      0.0
 pw_integral_ab_r3d_r3d_rs           45  3.0      0.0      0.0      0.0      0.0
 pw_multiply_with                     4 10.2      0.0      0.0      0.0      0.0
 xz_to_yz                             4 12.0      0.0      0.0      0.0      0.0
 get_parameters_from_qs_env           1  7.0      0.0      0.0      0.0      0.0
 cp_cfm_to_cfm_columns                1  8.0      0.0      0.0      0.0      0.0
 create_2c_t                          1  9.0      0.0      0.0      0.0      0.0
 pw_scale                            13 10.8      0.0      0.0      0.0      0.0
 dbcsr_copy_submatrix                23 12.1      0.0      0.0      0.0      0.0
 build_overlap_matrix_low             1  6.0      0.0      0.0      0.0      0.0
 mp_comm_size                     17234  4.1      0.0      0.0      0.0      0.0
 create_2c_tensor                     3 10.0      0.0      0.0      0.0      0.0
 check_gw_input                       1  9.0      0.0      0.0      0.0      0.0
 resolve_memory_per_proc              1 10.0      0.0      0.0      0.0      0.0
 time_to_freq                         1 10.0      0.0      0.0      0.0      0.0
 cube_transpose_2                     4 12.0      0.0      0.0      0.0      0.0
 correct_obvious_fitting_fails        1 11.0      0.0      0.0      0.0      0.0
 build_core_ppl                       1  6.0      0.0      0.0      0.0      0.0
 ddapc_eval_gfunc                     1  8.0      0.0      0.0      0.0      0.0
 dbcsr_make_images_dense              8 11.0      0.0      0.0      0.0      0.0
 build_neighbor_lists_RPA_2c_nl       4  8.2      0.0      0.0      0.0      0.0
 mp_alltoall_i                        1 13.0      0.0      0.0      0.0      0.0
 dbcsr_make_dense_low                20 12.0      0.0      0.0      0.0      0.0
 make_dense_data                     20 13.0      0.0      0.0      0.0      0.0
 build_neighbor_lists_sap_ppnl        1  6.0      0.0      0.0      0.0      0.0
 dbt_tas_create_split                 6 13.2      0.0      0.0      0.0      0.0
 dbt_tas_create_split_rows_or_c       6 14.2      0.0      0.0      0.0      0.0
 connectivity_control                 1  3.0      0.0      0.0      0.0      0.0
 mp_comm_rank                     17234  4.1      0.0      0.0      0.0      0.0
 create_local_tasks                   1  9.0      0.0      0.0      0.0      0.0
 rs_grid_create_descriptor            4  6.0      0.0      0.0      0.0      0.0
 mp_alltoall_l11v                     1 10.0      0.0      0.0      0.0      0.0
 dbcsr_index_compact                152 11.4      0.0      0.0      0.0      0.0
 init_qs_kind_set                     1  3.0      0.0      0.0      0.0      0.0
 init_qs_kind                         2  4.0      0.0      0.0      0.0      0.0
 init_orb_basis_set                   4  5.0      0.0      0.0      0.0      0.0
 build_neighbor_lists_sac_ppl         1  6.0      0.0      0.0      0.0      0.0
 mp_alltoall_z11v                     8 14.6      0.0      0.0      0.0      0.0
 topology_generate_bond               1  4.0      0.0      0.0      0.0      0.0
 delete_unnecessary_files             1  9.0      0.0      0.0      0.0      0.0
 scale_rows_by_diag                  50 10.0      0.0      0.0      0.0      0.0
 safe_delete                         60 10.0      0.0      0.0      0.0      0.0
 pw_pool_give_back_pw               137 10.4      0.0      0.0      0.0      0.0
 build_3c_neighbor_lists              1 10.0      0.0      0.0      0.0      0.0
 get_fft_scratch                     65 13.9      0.0      0.0      0.0      0.0
 mp_bcast_av                        760  1.0      0.0      0.0      0.0      0.0
 scf_c_create                         1  3.0      0.0      0.0      0.0      0.0
 pw_poisson_rebuild                   4 10.2      0.0      0.0      0.0      0.0
 evaluate_core_matrix_traces          3  7.0      0.0      0.0      0.0      0.0
 calculate_ptrace_kp                  6  8.0      0.0      0.0      0.0      0.0
 dbcsr_dot                            6  9.0      0.0      0.0      0.0      0.0
 mp_isendrecv_dv                    760 14.2      0.0      0.0      0.0      0.0
 allocate_matrices                    1  9.0      0.0      0.0      0.0      0.0
 scf_c_read_parameters                1  3.0      0.0      0.0      0.0      0.0
 restraint_control                    1  3.0      0.0      0.0      0.0      0.0
 topology_generate_bond_3             1  5.0      0.0      0.0      0.0      0.0
 build_fist_neighbor_lists            1  6.0      0.0      0.0      0.0      0.0
 build_neighbor_lists                 1  7.0      0.0      0.0      0.0      0.0
 cube_transpose_1                     4 15.2      0.0      0.0      0.0      0.0
 xc_pw_smooth                         3 11.0      0.0      0.0      0.0      0.0
 write_qs_particle_coordinates        1  3.0      0.0      0.0      0.0      0.0
 deallocate_blocks_v_L                2 12.0      0.0      0.0      0.0      0.0
 dbcsr_copy_into_existing             1  7.0      0.0      0.0      0.0      0.0
 qs_scf_print_scf_summary             1  6.0      0.0      0.0      0.0      0.0
 deallocate_blocks_v_kp               1 12.0      0.0      0.0      0.0      0.0
 mp_sum_lv                          142  2.2      0.0      0.0      0.0      0.0
 mp_sum_b                           251 11.6      0.0      0.0      0.0      0.0
 bs_env_release                       1  2.0      0.0      0.0      0.0      0.0
 continuation_pade                  276 11.0      0.0      0.0      0.0      0.0
 yz_to_xz                             4 15.2      0.0      0.0      0.0      0.0
 qs_scf_post_charges                  1  5.0      0.0      0.0      0.0      0.0
 build_neighbor_lists_GW_3c_nl_       1 11.0      0.0      0.0      0.0      0.0
 get_sigma_c_newton_pade            276 12.0      0.0      0.0      0.0      0.0
 mp_bcast_i                           6 15.2      0.0      0.0      0.0      0.0
 grid_free_task_list                  1  2.0      0.0      0.0      0.0      0.0
 calculate_ecore_overlap              1  5.0      0.0      0.0      0.0      0.0
 create_mat_munu                      1 10.0      0.0      0.0      0.0      0.0
 qs_scf_ensure_work_matrices          1  4.0      0.0      0.0      0.0      0.0
 write_mo_dependent_results           1  6.0      0.0      0.0      0.0      0.0
 write_orbpop                         1  8.0      0.0      0.0      0.0      0.0
 distribute_molecules_2d              2  7.5      0.0      0.0      0.0      0.0
 setup_kpoints_DOS_large_cell_G       1  7.0      0.0      0.0      0.0      0.0
 external_control                     3  6.0      0.0      0.0      0.0      0.0
 distribution_3d_create               1 10.0      0.0      0.0      0.0      0.0
 build_neighbor_lists_GW_3c_nl_       1 11.0      0.0      0.0      0.0      0.0
 build_kinetic_matrix_low             1  6.0      0.0      0.0      0.0      0.0
 grid_create_task_list                1  8.0      0.0      0.0      0.0      0.0
 qs_scf_ensure_mos                    1  4.0      0.0      0.0      0.0      0.0
 build_neighbor_lists_sab_core        1  6.0      0.0      0.0      0.0      0.0
 pw_nn_compose_r                     26  3.0      0.0      0.0      0.0      0.0
 distribution_2d_create               2 11.0      0.0      0.0      0.0      0.0
 write_dft_control                    1  3.0      0.0      0.0      0.0      0.0
 pw_pool_create_pw                  131 10.2      0.0      0.0      0.0      0.0
 mp_comm_dup                         10 11.9      0.0      0.0      0.0      0.0
 kpoint_init_cell_index_simple        1  8.0      0.0      0.0      0.0      0.0
 kpoint_init_cell_index               1  9.0      0.0      0.0      0.0      0.0
 optimize_load_list                   2 10.0      0.0      0.0      0.0      0.0
 topology_connectivity_pack           1  3.0      0.0      0.0      0.0      0.0
 mp_rank_compare                     64 14.1      0.0      0.0      0.0      0.0
 get_rpa_minimax_coeff_larger_g       1 10.0      0.0      0.0      0.0      0.0
 mp_bcast_i3                          2 11.0      0.0      0.0      0.0      0.0
 fft3d_s                              1  2.0      0.0      0.0      0.0      0.0
 mp_max_iv                            1 10.0      0.0      0.0      0.0      0.0
 compute_max_radius                   1  6.0      0.0      0.0      0.0      0.0
 compute_xkp                          3  9.3      0.0      0.0      0.0      0.0
 scf_env_release                      1  2.0      0.0      0.0      0.0      0.0
 cp_fm_scale                          2  6.5      0.0      0.0      0.0      0.0
 cp_fm_cleanup_copy_general           4  9.2      0.0      0.0      0.0      0.0
 topology_generate_bond_4             1  5.0      0.0      0.0      0.0      0.0
 mp_bcast_dv_src                      2  8.0      0.0      0.0      0.0      0.0
 mp_bcast_iv                        153  2.9      0.0      0.0      0.0      0.0
 wfs_update                           1  4.0      0.0      0.0      0.0      0.0
 atom2d_build                         8  9.0      0.0      0.0      0.0      0.0
 init_cube_info                       4  6.0      0.0      0.0      0.0      0.0
 initialize_density_matrix            1  3.0      0.0      0.0      0.0      0.0
 de_init_bs_env                       1  8.0      0.0      0.0      0.0      0.0
 multi_fft                            1  4.0      0.0      0.0      0.0      0.0
 linres_calculation_low               1  5.0      0.0      0.0      0.0      0.0
 build_neighbor_lists_sab_orb_s       1 11.0      0.0      0.0      0.0      0.0
 mp_allgather_l                      13 10.9      0.0      0.0      0.0      0.0
 distribute_molecules_1d              2  7.0      0.0      0.0      0.0      0.0
 scf_env_cleanup                      1  4.0      0.0      0.0      0.0      0.0
 mixing_allocate                      1  4.0      0.0      0.0      0.0      0.0
 scf_c_write_parameters               1  3.0      0.0      0.0      0.0      0.0
 print_Z_lP_progress                 26 10.0      0.0      0.0      0.0      0.0
 build_neighbor_lists_sab_orb         1  6.0      0.0      0.0      0.0      0.0
 read_smeagol_control                 1  3.0      0.0      0.0      0.0      0.0
 build_neighbor_lists_sab_all         1  6.0      0.0      0.0      0.0      0.0
 topology_connectivity_pack_2         1  4.0      0.0      0.0      0.0      0.0
 mp_sum_partial_im                    2 11.0      0.0      0.0      0.0      0.0
 topology_generate_bond_1             1  5.0      0.0      0.0      0.0      0.0
 check_generate_mol                   1  6.0      0.0      0.0      0.0      0.0
 dbcsr_index_prune_deleted           38 12.2      0.0      0.0      0.0      0.0
 load_balance_replicated              1  9.0      0.0      0.0      0.0      0.0
 connectivity_control_check_ele       1  4.0      0.0      0.0      0.0      0.0
 deallocate_tmp                       1 11.0      0.0      0.0      0.0      0.0
 pw_create_r3d                       73 10.8      0.0      0.0      0.0      0.0
 set_RI_basis_function_indices        1  9.0      0.0      0.0      0.0      0.0
 get_basis_offsets                    1  9.0      0.0      0.0      0.0      0.0
 topology_coordinate_pack             1  3.0      0.0      0.0      0.0      0.0
 pw_create_c1d                       73 11.6      0.0      0.0      0.0      0.0
 mp_sum_root_iv                       2 11.0      0.0      0.0      0.0      0.0
 qs_env_rebuild_rho                   1  6.0      0.0      0.0      0.0      0.0
 qs_rho_rebuild                       1  7.0      0.0      0.0      0.0      0.0
 topology_set_atm_mass                1  4.0      0.0      0.0      0.0      0.0
 mp_max_r                             1  2.0      0.0      0.0      0.0      0.0
 topology_connectivity_pack_4         1  4.0      0.0      0.0      0.0      0.0
 init_interaction_radii               3  7.3      0.0      0.0      0.0      0.0
 mpools_rebuild_fm_pools              1  4.0      0.0      0.0      0.0      0.0
 topology_connectivity_pack_14        1  4.0      0.0      0.0      0.0      0.0
 write_qs_kind_set                    1  3.0      0.0      0.0      0.0      0.0
 topology_generate_onfo               1  4.0      0.0      0.0      0.0      0.0
 set_parallelization_parameters       1  9.0      0.0      0.0      0.0      0.0
 rs_grid_create                       6  6.7      0.0      0.0      0.0      0.0
 lpt_assign_atoms                     1 10.0      0.0      0.0      0.0      0.0
 offload_create_buffer                8  7.8      0.0      0.0      0.0      0.0
 topology_coordinate_pack_11          1  4.0      0.0      0.0      0.0      0.0
 topology_connectivity_pack_12        1  4.0      0.0      0.0      0.0      0.0
 dbt_destroy                          5  3.0      0.0      0.0      0.0      0.0
 create_local_fixd_list               1  4.0      0.0      0.0      0.0      0.0
 make_basic_distribution              2  8.5      0.0      0.0      0.0      0.0
 topology_connectivity_pack_13        1  4.0      0.0      0.0      0.0      0.0
 setup_AO_and_RI_basis_set            1  8.0      0.0      0.0      0.0      0.0
 topology_connectivity_pack_9         1  4.0      0.0      0.0      0.0      0.0
 get_all_VBM_CBM_bandgaps             1 10.0      0.0      0.0      0.0      0.0
 mp_cart_get                        108 13.8      0.0      0.0      0.0      0.0
 topology_connectivity_pack_11        1  4.0      0.0      0.0      0.0      0.0
 topology_connectivity_pack_10        1  4.0      0.0      0.0      0.0      0.0
 pw_grid_allocate                     5  7.2      0.0      0.0      0.0      0.0
 mp_mem_used_per_rank_GB              2  9.5      0.0      0.0      0.0      0.0
 topology_generate_molecule           1  4.0      0.0      0.0      0.0      0.0
 topology_coordinate_pack_1           1  4.0      0.0      0.0      0.0      0.0
 check_scf_gw_level_ordering          1 11.0      0.0      0.0      0.0      0.0
 topology_generate_bond_6             1  5.0      0.0      0.0      0.0      0.0
 topology_generate_bond_2             1  5.0      0.0      0.0      0.0      0.0
 distribution_3d_destroy              1  9.0      0.0      0.0      0.0      0.0
 qs_scf_write_mos                     4  6.2      0.0      0.0      0.0      0.0
 topology_connectivity_pack_5         1  4.0      0.0      0.0      0.0      0.0
 dbcsr_verify_matrix                  4  9.0      0.0      0.0      0.0      0.0
 dbt_distribution_destroy            10 11.5      0.0      0.0      0.0      0.0
 spatial_atom_order                   1  9.0      0.0      0.0      0.0      0.0
 write_molecule_kind_set              1  3.0      0.0      0.0      0.0      0.0
 topology_molecules_check             1  4.0      0.0      0.0      0.0      0.0
 topology_connectivity_pack_6         1  4.0      0.0      0.0      0.0      0.0
 initialize_maximum_timestep          1  3.0      0.0      0.0      0.0      0.0
 sort_neighbor_lists                  1  7.0      0.0      0.0      0.0      0.0
 dbcsr_make_dists_dense               4 10.0      0.0      0.0      0.0      0.0
 mp_cart_coords                     480  9.8      0.0      0.0      0.0      0.0
 mp_bcast_im                          8 10.2      0.0      0.0      0.0      0.0
 mp_min_lv                            4  8.0      0.0      0.0      0.0      0.0
 mp_max_lv                            4  8.0      0.0      0.0      0.0      0.0
 fix_atom_control                     1  3.0      0.0      0.0      0.0      0.0
 cp_result_value_p_reallocate         4  7.8      0.0      0.0      0.0      0.0
 print_header_and_input_paramet       1  8.0      0.0      0.0      0.0      0.0
 set_mo_occupation_2                  4  7.0      0.0      0.0      0.0      0.0
 get_VBM_CBM_bandgaps                 3 11.0      0.0      0.0      0.0      0.0
 qs_scf_loop_print                    3  6.0      0.0      0.0      0.0      0.0
 cp_result_value_copy                 6  8.5      0.0      0.0      0.0      0.0
 mp_sum_lm3                           1  2.0      0.0      0.0      0.0      0.0
 xc_libxc_check_functional            2  4.0      0.0      0.0      0.0      0.0
 set_mo_occupation_1                  5  7.6      0.0      0.0      0.0      0.0
 reallocate_ft_traces                 1  4.0      0.0      0.0      0.0      0.0
 resolve_grid_panels                  4  9.2      0.0      0.0      0.0      0.0
 create_destination_list              2 10.0      0.0      0.0      0.0      0.0
 qs_scf_initial_info                  1  5.0      0.0      0.0      0.0      0.0
 init_cphi_and_sphi                   4  6.0      0.0      0.0      0.0      0.0
 read_qs_section                      1  3.0      0.0      0.0      0.0      0.0
 precompute_ri_rs_radii               1  8.0      0.0      0.0      0.0      0.0
 mp_cart_rank                       108 13.0      0.0      0.0      0.0      0.0
 determine_active_mo_window           1  3.0      0.0      0.0      0.0      0.0
 write_qs_control                     1  3.0      0.0      0.0      0.0      0.0
 qs_efield_local_operator             4  9.2      0.0      0.0      0.0      0.0
 mp_min_i                             2  6.0      0.0      0.0      0.0      0.0
 mp_sum_r                             1  2.0      0.0      0.0      0.0      0.0
 mp_dims_create                       4 10.5      0.0      0.0      0.0      0.0
 balance_global_list                  2 11.0      0.0      0.0      0.0      0.0
 topology_constraint_pack             1  3.0      0.0      0.0      0.0      0.0
 read_tddfpt2_control                 1  3.0      0.0      0.0      0.0      0.0
 print_gw_rirs_input                  1  9.0      0.0      0.0      0.0      0.0
 topology_connectivity_pack_8         1  4.0      0.0      0.0      0.0      0.0
 read_bandstructure_input_param       1  7.0      0.0      0.0      0.0      0.0
 dump_info_core_hamiltonian           1  6.0      0.0      0.0      0.0      0.0
 mp_sum_rv                            1  2.0      0.0      0.0      0.0      0.0
 cp_fm_redistribute_end               7  9.3      0.0      0.0      0.0      0.0
 write_band_edges                     3  7.0      0.0      0.0      0.0      0.0
 mp_min_rv                            1  2.0      0.0      0.0      0.0      0.0
 mp_max_rv                            1  2.0      0.0      0.0      0.0      0.0
 check_cp2k_input                     1  2.0      0.0      0.0      0.0      0.0
 topology_constraint_pack_1           1  4.0      0.0      0.0      0.0      0.0
 print_sphere_cutoff_table            1 10.0      0.0      0.0      0.0      0.0
 read_topology_section                1  3.0      0.0      0.0      0.0      0.0
 wfi_extrapolate                      1  6.0      0.0      0.0      0.0      0.0
 topology_coordinate_pack_7b          1  4.0      0.0      0.0      0.0      0.0
 setup_kpoints_chi_eps_W              1  9.0      0.0      0.0      0.0      0.0
 offload_free_buffer                  8  3.5      0.0      0.0      0.0      0.0
 init_scf_loop                        1  5.0      0.0      0.0      0.0      0.0
 init_evGW0                           1  9.0      0.0      0.0      0.0      0.0
 resp_fit                             1  6.0      0.0      0.0      0.0      0.0
 check_diag                           7  8.3      0.0      0.0      0.0      0.0
 topology_connectivity_pack_7         1  4.0      0.0      0.0      0.0      0.0
 check_for_derivatives                3 11.0      0.0      0.0      0.0      0.0
 topology_coordinate_pack_7a          1  4.0      0.0      0.0      0.0      0.0
 ec_env_release                       1  2.0      0.0      0.0      0.0      0.0
 rt_bse_ri_rs_ensure_grid             2  5.0      0.0      0.0      0.0      0.0
 get_exp_minimax_coeff_gw             1 10.0      0.0      0.0      0.0      0.0
 topology_generate_molecule_PAR       1  5.0      0.0      0.0      0.0      0.0
 qs_scf_post_kubo_transport           1  7.0      0.0      0.0      0.0      0.0
 read_mgrid_section                   1  3.0      0.0      0.0      0.0      0.0
 topology_connectivity_pack_3         1  4.0      0.0      0.0      0.0      0.0
 reset_and_clean_bs_env               1  9.0      0.0      0.0      0.0      0.0
 plan_grid_panels                     1 10.0      0.0      0.0      0.0      0.0
 print_atomic_charges                 4 13.2      0.0      0.0      0.0      0.0
 set_heuristic_parameters             2  7.5      0.0      0.0      0.0      0.0
 write_particle_distances             1  3.0      0.0      0.0      0.0      0.0
 qs_scf_post_elf                      1  5.0      0.0      0.0      0.0      0.0
 print_header                         1  7.0      0.0      0.0      0.0      0.0
 topology_coordinate_pack_5           1  4.0      0.0      0.0      0.0      0.0
 qs_scf_post_ps_implicit              1  7.0      0.0      0.0      0.0      0.0
 atom2d_cleanup                       8  9.0      0.0      0.0      0.0      0.0
 topology_connectivity_pack_1         1  4.0      0.0      0.0      0.0      0.0
 scf_env_create                       1  4.0      0.0      0.0      0.0      0.0
 topology_coordinate_pack_3           1  4.0      0.0      0.0      0.0      0.0
 qs_ks_did_change                     5  6.0      0.0      0.0      0.0      0.0
 cp_ddapc_apply_RF                    4 10.2      0.0      0.0      0.0      0.0
 mp_sum_dm3                           1  3.0      0.0      0.0      0.0      0.0
 kpoint_initialize                    1  2.0      0.0      0.0      0.0      0.0
 qs_scf_post_transport                1  7.0      0.0      0.0      0.0      0.0
 read_rirs_input                      1  9.0      0.0      0.0      0.0      0.0
 cp_result_value_release             10  6.3      0.0      0.0      0.0      0.0
 cp_result_release                    1  2.0      0.0      0.0      0.0      0.0
 fist_neighbor_init                   1  8.0      0.0      0.0      0.0      0.0
 wfi_create                           1  3.0      0.0      0.0      0.0      0.0
 qs_scf_post_et                       1  5.0      0.0      0.0      0.0      0.0
 calculate_ecore_self                 1  5.0      0.0      0.0      0.0      0.0
 topology_generate_bond_7             1  5.0      0.0      0.0      0.0      0.0
 metadyn_read                         1  2.0      0.0      0.0      0.0      0.0
 grid_free_basis_set                  2  2.0      0.0      0.0      0.0      0.0
 allocate_GW_eigenvalues              1  8.0      0.0      0.0      0.0      0.0
 read_evgw0_input                     1  9.0      0.0      0.0      0.0      0.0
 write_symmetry                       1  3.0      0.0      0.0      0.0      0.0
 grid_create_basis_set                2  8.0      0.0      0.0      0.0      0.0
 write_structure_data                 1  3.0      0.0      0.0      0.0      0.0
 transport_current                    1  8.0      0.0      0.0      0.0      0.0
 mp_isend_im2                         8 10.2      0.0      0.0      0.0      0.0
 topology_coordinate_pack_6           1  4.0      0.0      0.0      0.0      0.0
 qs_efield_berry_phase                4  9.2      0.0      0.0      0.0      0.0
 mp_irecv_im2                         8 10.2      0.0      0.0      0.0      0.0
 get_factor_and_xyz_min_max           1 12.0      0.0      0.0      0.0      0.0
 topology_constraint_pack_7           1  4.0      0.0      0.0      0.0      0.0
 cp_result_value_create              10  8.6      0.0      0.0      0.0      0.0
 external_c_potential                 1  5.0      0.0      0.0      0.0      0.0
 print_cutoff_radius_input            4 10.0      0.0      0.0      0.0      0.0
 write_ks_matrix_csr                  1  7.0      0.0      0.0      0.0      0.0
 write_gto_basis_sets                 1  3.0      0.0      0.0      0.0      0.0
 get_i_j_atoms                        2 10.0      0.0      0.0      0.0      0.0
 qs_scf_post_moments                  1  5.0      0.0      0.0      0.0      0.0
 write_adjacency_matrix               1  7.0      0.0      0.0      0.0      0.0
 qs_scf_post_efg                      1  5.0      0.0      0.0      0.0      0.0
 qs_scf_post_xray                     1  5.0      0.0      0.0      0.0      0.0
 qs_scf_post_molopt                   1  5.0      0.0      0.0      0.0      0.0
 allocate_qs_energy                   1  3.0      0.0      0.0      0.0      0.0
 write_dm_binary_restart              1  7.0      0.0      0.0      0.0      0.0
 wannier90_interface                  1  5.0      0.0      0.0      0.0      0.0
 write_hcore_matrix_csr               1  7.0      0.0      0.0      0.0      0.0
 write_p_matrix_csr                   1  7.0      0.0      0.0      0.0      0.0
 cp_result_value_init                 4  7.8      0.0      0.0      0.0      0.0
 qs_scf_post_epr                      1  5.0      0.0      0.0      0.0      0.0
 read_binary_coordinates              1  3.0      0.0      0.0      0.0      0.0
 qs_scf_post_local_energy             1  7.0      0.0      0.0      0.0      0.0
 write_s_matrix_csr                   1  7.0      0.0      0.0      0.0      0.0
 topology_muc                         1  4.0      0.0      0.0      0.0      0.0
 qs_scf_post_local_stress             1  7.0      0.0      0.0      0.0      0.0
 write_mos_molden                     1  7.0      0.0      0.0      0.0      0.0
 topology_coordinate_pack_89          1  4.0      0.0      0.0      0.0      0.0
 excited_state_energy                 1  4.0      0.0      0.0      0.0      0.0
 add_external_potential               1  3.0      0.0      0.0      0.0      0.0
 ps_implicit_release                  2  4.0      0.0      0.0      0.0      0.0
 handle_ext_restart                   1  3.0      0.0      0.0      0.0      0.0
 calculate_ecore_efield               1  5.0      0.0      0.0      0.0      0.0
 compute_matrix_w                     1  4.0      0.0      0.0      0.0      0.0
 wfn_mix                              1  5.0      0.0      0.0      0.0      0.0
 tddfpt2_control_release              2  2.0      0.0      0.0      0.0      0.0
 square_mesh                          2 11.0      0.0      0.0      0.0      0.0
 read_auto_ri_input                   1  9.0      0.0      0.0      0.0      0.0
 topology_connectivity_pack_13_       1  4.0      0.0      0.0      0.0      0.0
 tddfpt2_control_create               2  3.0      0.0      0.0      0.0      0.0
 topology_connectivity_pack_1.1       1  4.0      0.0      0.0      0.0      0.0
 topology_generate_bend               1  4.0      0.0      0.0      0.0      0.0
 topology_connectivity_pack_14_       1  4.0      0.0      0.0      0.0      0.0
 auto_ri_release                      1  3.0      0.0      0.0      0.0      0.0
 fp_env_read                          1  2.0      0.0      0.0      0.0      0.0
 topology_connectivity_pack_11_       1  4.0      0.0      0.0      0.0      0.0
 rescale_forces                       1  3.0      0.0      0.0      0.0      0.0
 topology_connectivity_pack_12_       1  4.0      0.0      0.0      0.0      0.0
 external_e_potential                 1  5.0      0.0      0.0      0.0      0.0
 init_ec_env                          1  2.0      0.0      0.0      0.0      0.0
 smeagol_control_release              1  2.0      0.0      0.0      0.0      0.0
 check_qs_kind_set                    1  3.0      0.0      0.0      0.0      0.0
 topology_generate_ub                 1  4.0      0.0      0.0      0.0      0.0
 external_read_density                1  5.0      0.0      0.0      0.0      0.0
 topology_constraint_pack_2           1  4.0      0.0      0.0      0.0      0.0
 topology_constraint_pack_6           1  4.0      0.0      0.0      0.0      0.0
 topology_coordinate_pack_2           1  4.0      0.0      0.0      0.0      0.0
 topology_generate_impr               1  4.0      0.0      0.0      0.0      0.0
 smeagol_control_create               1  3.0      0.0      0.0      0.0      0.0
 topology_constraint_pack_5           1  4.0      0.0      0.0      0.0      0.0
 topology_coordinate_pack_4           1  4.0      0.0      0.0      0.0      0.0
 topology_generate_dihe               1  4.0      0.0      0.0      0.0      0.0
 init_harris_env                      1  3.0      0.0      0.0      0.0      0.0
 cp_result_create                     1  2.0      0.0      0.0      0.0      0.0
 topology_constraint_pack_3           1  4.0      0.0      0.0      0.0      0.0
 fp_env_write                         1  2.0      0.0      0.0      0.0      0.0
 cleanup_scf_loop                     1  6.0      0.0      0.0      0.0      0.0
 pw_env_create                        1  5.0      0.0      0.0      0.0      0.0
 topology_coordinate_pack_10          1  4.0      0.0      0.0      0.0      0.0
 topology_constraint_pack_4           1  4.0      0.0      0.0      0.0      0.0
 -------------------------------------------------------------------------------

 The number of warnings for this run is : 3
 
 -------------------------------------------------------------------------------
  **** **** ******  **  PROGRAM ENDED AT                 2026-09-26 14:29:35.575
 ***** ** ***  *** **   PROGRAM RAN ON                                 n2lcn0150
 **    ****   ******    PROGRAM RAN BY                                  metdyn07
 ***** **    ** ** **   PROGRAM PROCESS ID                                572354
  **** **  *******  **  PROGRAM STOPPED IN /scratch/hpc-prf-metdyn/metdyn07_Rita
                                           j/otus/max-nanographene/128
malloc(): unsorted double linked list corrupted
malloc(): unsorted double linked list corrupted
corrupted double-linked list

Program received signal SIGABRT: Process abort signal.

Backtrace for this error:
malloc(): unsorted double linked list corrupted

Program received signal SIGABRT: Process abort signal.

Backtrace for this error:
corrupted double-linked list

Program received signal SIGABRT: Process abort signal.
corrupted double-linked list
malloc(): unsorted double linked list corrupted
corrupted double-linked list

Program received signal SIGABRT: Process abort signal.

Backtrace for this error:
malloc(): unsorted double linked list corrupted

Program received signal SIGABRT: Process abort signal.

Backtrace for this error:
malloc(): unsorted double linked list corrupted

Program received signal SIGABRT: Process abort signal.

Backtrace for this error:
corrupted double-linked list

Program received signal SIGABRT: Process abort signal.

Backtrace for this error:
corrupted double-linked list

Program received signal SIGABRT: Process abort signal.

Backtrace for this error:

Program received signal SIGABRT: Process abort signal.

Backtrace for this error:

Program received signal SIGABRT: Process abort signal.

Backtrace for this error:
malloc(): unsorted double linked list corrupted
malloc(): unsorted double linked list corrupted

Backtrace for this error:
malloc(): unsorted double linked list corrupted
malloc(): unsorted double linked list corrupted
malloc(): unsorted double linked list corrupted

Program received signal SIGABRT: Process abort signal.

Backtrace for this error:
malloc(): unsorted double linked list corrupted

Program received signal SIGABRT: Process abort signal.

Backtrace for this error:
malloc(): unsorted double linked list corrupted

Program received signal SIGABRT: Process abort signal.

Backtrace for this error:

Program received signal SIGABRT: Process abort signal.

Backtrace for this error:
malloc(): unsorted double linked list corrupted

Program received signal SIGABRT: Process abort signal.

Backtrace for this error:
malloc(): unsorted double linked list corrupted

Program received signal SIGABRT: Process abort signal.

Backtrace for this error:

Program received signal SIGABRT: Process abort signal.

Backtrace for this error:

Program received signal SIGABRT: Process abort signal.

Backtrace for this error:

Program received signal SIGABRT: Process abort signal.

Backtrace for this error:

Program received signal SIGABRT: Process abort signal.

Backtrace for this error:

Program received signal SIGABRT: Process abort signal.

Backtrace for this error:
malloc(): unsorted double linked list corrupted

Program received signal SIGABRT: Process abort signal.

Backtrace for this error:
malloc(): unsorted double linked list corrupted

Program received signal SIGABRT: Process abort signal.

Backtrace for this error:
malloc(): unsorted double linked list corrupted

Program received signal SIGABRT: Process abort signal.

Backtrace for this error:
malloc(): unsorted double linked list corrupted

Program received signal SIGABRT: Process abort signal.

Backtrace for this error:
#0  0x1542aebf662f in ???
#1  0x1542aebf65af in ???
#2  0x1542aebc9ee4 in ???
#3  0x1542aec37756 in ???
#4  0x1542aec3ea5b in ???
#5  0x1542aec41e03 in ???
#6  0x1542aec43401 in ???
#0  0x14a9e4fcb62f in ???
#1  0x14a9e4fcb5af in ???
#2  0x14a9e4f9eee4 in ???
#3  0x14a9e500c756 in ???
#4  0x14a9e5013a5b in ???
#5  0x14a9e5016e03 in ???
#6  0x14a9e5018401 in ???
#0  0x151cfd3ad62f in ???
#1  0x151cfd3ad5af in ???
#2  0x151cfd380ee4 in ???
#3  0x151cfd3ee756 in ???
#4  0x151cfd3f5a5b in ???
#5  0x151cfd3f8e03 in ???
#6  0x151cfd3fa401 in ???
#7  0x1542af1f46be in ???
#8  0x1542af0496bc in ???
#9  0x1542ae7e6b39 in ???
#10  0x1542ae7dc0ee in ???
#11  0x1542af047c79 in ???
#12  0x1542af04a8cb in ???
#13  0x1542af04be44 in ???
#14  0x1542af0441d0 in ???
#15  0x1542b07cc8e8 in ???
#7  0x14a9e55c96be in ???
#8  0x14a9e541e6bc in ???
#9  0x14a9e4bbbb39 in ???
#10  0x14a9e4bb10ee in ???
#11  0x14a9e541cc79 in ???
#12  0x14a9e541f8cb in ???
#13  0x14a9e5420e44 in ???
#14  0x14a9e54191d0 in ???
#15  0x14a9e6ba18e8 in ???
#16  0x14a9e6bec791 in ???
#7  0x151cfd9ab6be in ???
#8  0x151cfd8006bc in ???
#9  0x151cfcf9db39 in ???
#10  0x151cfcf930ee in ???
#11  0x151cfd7fec79 in ???
#12  0x151cfd8018cb in ???
#13  0x151cfd802e44 in ???
#14  0x151cfd7fb1d0 in ???
#15  0x151cfef838e8 in ???
#16  0x151cfefce791 in ???
#16  0x1542b0817791 in ???
#17  0x1542bfbe5227 in __message_passing_MOD_mp_world_finalize
	at /pc2/groups/hpc-prf-metdyn/metdyn07_Ritaj/implementation/github/cp2k-noctua/cp2k/src/mpiwrap/message_passing.F:1358
#17  0x14a9f5fb3227 in __message_passing_MOD_mp_world_finalize
	at /pc2/groups/hpc-prf-metdyn/metdyn07_Ritaj/implementation/github/cp2k-noctua/cp2k/src/mpiwrap/message_passing.F:1358
#17  0x151d0e395227 in __message_passing_MOD_mp_world_finalize
	at /pc2/groups/hpc-prf-metdyn/metdyn07_Ritaj/implementation/github/cp2k-noctua/cp2k/src/mpiwrap/message_passing.F:1358
#18  0x14a9f3f70ed4 in __f77_interface_MOD_finalize_cp2k
	at /pc2/groups/hpc-prf-metdyn/metdyn07_Ritaj/implementation/github/cp2k-noctua/cp2k/src/f77_interface.F:389
#18  0x151d0c352ed4 in __f77_interface_MOD_finalize_cp2k
	at /pc2/groups/hpc-prf-metdyn/metdyn07_Ritaj/implementation/github/cp2k-noctua/cp2k/src/f77_interface.F:389
#18  0x1542bdba2ed4 in __f77_interface_MOD_finalize_cp2k
	at /pc2/groups/hpc-prf-metdyn/metdyn07_Ritaj/implementation/github/cp2k-noctua/cp2k/src/f77_interface.F:389
#19  0x404372 in cp2k
	at /pc2/groups/hpc-prf-metdyn/metdyn07_Ritaj/implementation/github/cp2k-noctua/cp2k/src/start/cp2k.F:414
#20  0x4032ce in main
	at /pc2/groups/hpc-prf-metdyn/metdyn07_Ritaj/implementation/github/cp2k-noctua/cp2k/src/start/cp2k.F:44
#19  0x404372 in cp2k
	at /pc2/groups/hpc-prf-metdyn/metdyn07_Ritaj/implementation/github/cp2k-noctua/cp2k/src/start/cp2k.F:414
#20  0x4032ce in main
	at /pc2/groups/hpc-prf-metdyn/metdyn07_Ritaj/implementation/github/cp2k-noctua/cp2k/src/start/cp2k.F:44
#19  0x404372 in cp2k
	at /pc2/groups/hpc-prf-metdyn/metdyn07_Ritaj/implementation/github/cp2k-noctua/cp2k/src/start/cp2k.F:414
#20  0x4032ce in main
	at /pc2/groups/hpc-prf-metdyn/metdyn07_Ritaj/implementation/github/cp2k-noctua/cp2k/src/start/cp2k.F:44
#0  0x1487718ee62f in ???
#1  0x1487718ee5af in ???
#2  0x1487718c1ee4 in ???
#3  0x14877192f756 in ???
#4  0x148771936a5b in ???
#5  0x1487719372eb in ???
#6  0x148771937448 in ???
#7  0x148771938b0f in ???
#8  0x148771da159c in ???
#9  0x148771d108a9 in ???
#10  0x148771d10fc8 in ???
#11  0x1487714deb39 in ???
#12  0x1487714d40ee in ???
#13  0x148771d3fc79 in ???
#14  0x148771d428cb in ???
#15  0x148771d43e44 in ???
#16  0x148771d3c1d0 in ???
#17  0x1487734c48e8 in ???
#18  0x14877350f791 in ???
#0  0x153ad755f62f in ???
#1  0x153ad755f5af in ???
#2  0x153ad7532ee4 in ???
#3  0x153ad75a0756 in ???
#4  0x153ad75a7a5b in ???
#5  0x153ad75a82eb in ???
#6  0x153ad75a94e4 in ???
#0  0x14cae6f2662f in ???
#1  0x14cae6f265af in ???
#2  0x14cae6ef9ee4 in ???
#3  0x14cae6f67756 in ???
#4  0x14cae6f6ea5b in ???
#5  0x14cae6f71e03 in ???
#6  0x14cae6f73401 in ???
#0  0x154e8bbca62f in ???
#1  0x154e8bbca5af in ???
#2  0x154e8bb9dee4 in ???
#3  0x154e8bc0b756 in ???
#4  0x154e8bc12a5b in ???
#5  0x154e8bc132eb in ???
#6  0x154e8bc13448 in ???
#7  0x154e8bc14b0f in ???
#7  0x14cae75246be in ???
#8  0x14cae73796bc in ???
#9  0x14cae6b16b39 in ???
#10  0x14cae6b0c0ee in ???
#11  0x14cae7377c79 in ???
#12  0x14cae737a8cb in ???
#13  0x14cae737be44 in ???
#14  0x14cae73741d0 in ???
#15  0x14cae8afc8e8 in ???
#16  0x14cae8b47791 in ???
#7  0x153ad7a149ff in ???
#8  0x154e8c07d45e in ???
#9  0x154e8bfec8a9 in ???
#10  0x154e8bfecfc8 in ???
#11  0x154e8b7bab39 in ???
#12  0x154e8b7b00ee in ???
#13  0x154e8c01bc79 in ???
#14  0x154e8c01e8cb in ???
#15  0x154e8c01fe44 in ???
#16  0x154e8c0181d0 in ???
#17  0x154e8d7a08e8 in ???
#18  0x154e8d7eb791 in ???
#8  0x153ad7a4cae8 in ???
#9  0x153ad7a12588 in ???
#10  0x153ad79818a9 in ???
#11  0x153ad7981fc8 in ???
#12  0x153ad714fb39 in ???
#13  0x153ad71450ee in ???
#14  0x153ad79b0c79 in ???
#15  0x153ad79b38cb in ???
#16  0x153ad79b4e44 in ???
#17  0x153ad79ad1d0 in ???
#18  0x153ad91358e8 in ???
#19  0x153ad9180791 in ???
#19  0x1487828d6227 in __message_passing_MOD_mp_world_finalize
	at /pc2/groups/hpc-prf-metdyn/metdyn07_Ritaj/implementation/github/cp2k-noctua/cp2k/src/mpiwrap/message_passing.F:1358
#20  0x153ae8547227 in __message_passing_MOD_mp_world_finalize
	at /pc2/groups/hpc-prf-metdyn/metdyn07_Ritaj/implementation/github/cp2k-noctua/cp2k/src/mpiwrap/message_passing.F:1358
#17  0x14caf7f15227 in __message_passing_MOD_mp_world_finalize
	at /pc2/groups/hpc-prf-metdyn/metdyn07_Ritaj/implementation/github/cp2k-noctua/cp2k/src/mpiwrap/message_passing.F:1358
#19  0x154e9cbb2227 in __message_passing_MOD_mp_world_finalize
	at /pc2/groups/hpc-prf-metdyn/metdyn07_Ritaj/implementation/github/cp2k-noctua/cp2k/src/mpiwrap/message_passing.F:1358
#20  0x148780893ed4 in __f77_interface_MOD_finalize_cp2k
	at /pc2/groups/hpc-prf-metdyn/metdyn07_Ritaj/implementation/github/cp2k-noctua/cp2k/src/f77_interface.F:389
#21  0x404372 in cp2k
	at /pc2/groups/hpc-prf-metdyn/metdyn07_Ritaj/implementation/github/cp2k-noctua/cp2k/src/start/cp2k.F:414
#22  0x4032ce in main
	at /pc2/groups/hpc-prf-metdyn/metdyn07_Ritaj/implementation/github/cp2k-noctua/cp2k/src/start/cp2k.F:44
#21  0x153ae6504ed4 in __f77_interface_MOD_finalize_cp2k
	at /pc2/groups/hpc-prf-metdyn/metdyn07_Ritaj/implementation/github/cp2k-noctua/cp2k/src/f77_interface.F:389
#22  0x404372 in cp2k
	at /pc2/groups/hpc-prf-metdyn/metdyn07_Ritaj/implementation/github/cp2k-noctua/cp2k/src/start/cp2k.F:414
#23  0x4032ce in main
	at /pc2/groups/hpc-prf-metdyn/metdyn07_Ritaj/implementation/github/cp2k-noctua/cp2k/src/start/cp2k.F:44
#18  0x14caf5ed2ed4 in __f77_interface_MOD_finalize_cp2k
	at /pc2/groups/hpc-prf-metdyn/metdyn07_Ritaj/implementation/github/cp2k-noctua/cp2k/src/f77_interface.F:389
#20  0x154e9ab6fed4 in __f77_interface_MOD_finalize_cp2k
	at /pc2/groups/hpc-prf-metdyn/metdyn07_Ritaj/implementation/github/cp2k-noctua/cp2k/src/f77_interface.F:389
#19  0x404372 in cp2k
	at /pc2/groups/hpc-prf-metdyn/metdyn07_Ritaj/implementation/github/cp2k-noctua/cp2k/src/start/cp2k.F:414
#20  0x4032ce in main
	at /pc2/groups/hpc-prf-metdyn/metdyn07_Ritaj/implementation/github/cp2k-noctua/cp2k/src/start/cp2k.F:44
#21  0x404372 in cp2k
	at /pc2/groups/hpc-prf-metdyn/metdyn07_Ritaj/implementation/github/cp2k-noctua/cp2k/src/start/cp2k.F:414
#22  0x4032ce in main
	at /pc2/groups/hpc-prf-metdyn/metdyn07_Ritaj/implementation/github/cp2k-noctua/cp2k/src/start/cp2k.F:44
srun: error: n2lcn0157: tasks 51-52,55: Aborted (core dumped)
srun: Terminating StepId=34526257.0
[2026-09-26T14:29:37.213] error: *** STEP 34526257.0 ON n2lcn0150 CANCELLED AT 2026-09-26T14:29:37 DUE TO TASK FAILURE ***
srun: error: n2lcn0158: task 59: Aborted (core dumped)
srun: error: n2lcn0161: tasks 72,77-78: Aborted (core dumped)
srun: error: n2lcn0157: tasks 48-50,53-54: Terminated
srun: error: n2lcn0161: tasks 73-76,79: Terminated
srun: error: n2lcn0154: tasks 33-39: Terminated
srun: error: n2lcn0160: tasks 64-70: Terminated
srun: error: n2lcn0154: task 32: Terminated
srun: error: n2lcn0153: tasks 25-31: Terminated
srun: error: n2lcn0150: tasks 0-7: Terminated
srun: error: n2lcn0160: task 71: Terminated
srun: error: n2lcn0155: tasks 40-47: Terminated
srun: error: n2lcn0153: task 24: Terminated
srun: error: n2lcn0152: tasks 17-23: Terminated
srun: error: n2lcn0158: tasks 56-58,60-63: Terminated
srun: error: n2lcn0151: tasks 9-15: Terminated
srun: error: n2lcn0163: tasks 88-95: Terminated
srun: error: n2lcn0152: task 16: Terminated
srun: error: n2lcn0151: task 8: Terminated
srun: Force Terminated StepId=34526257.0
