#      omega [at.u.]      x,real [at.u.]      x,imag [at.u.]      y,real [at.u.]      y,imag [at.u.]      z,real [at.u.]      z,imag [at.u.]
    -0.10775594E+001    -0.79044174E-003     0.41897488E-017    -0.97391983E+001    -0.51969328E-013    -0.40790888E-003    -0.29842079E-017
    -0.10767994E+001    -0.79044359E-003    -0.14257423E-005    -0.97392180E+001    -0.18782147E-002    -0.40791115E-003    -0.66299216E-006
    -0.10760395E+001    -0.79044913E-003    -0.28515320E-005    -0.97392769E+001    -0.37564828E-002    -0.40791797E-003    -0.13260111E-005
    -0.10752796E+001    -0.79045836E-003    -0.42774044E-005    -0.97393752E+001    -0.56348575E-002    -0.40792934E-003    -0.19890835E-005
    -0.10745197E+001    -0.79047130E-003    -0.57034040E-005    -0.97395128E+001    -0.75133922E-002    -0.40794525E-003    -0.26522362E-005
    -0.10737598E+001    -0.79048794E-003    -0.71295826E-005    -0.97396897E+001    -0.93921403E-002    -0.40796571E-003    -0.33154960E-005
    -0.10729999E+001    -0.79050827E-003    -0.85559854E-005    -0.97399059E+001    -0.11271155E-001    -0.40799072E-003    -0.39788896E-005
    -0.10722400E+001    -0.79053231E-003    -0.99826529E-005    -0.97401614E+001    -0.13150490E-001    -0.40802028E-003    -0.46424439E-005
    -0.10714800E+001    -0.79056005E-003    -0.11409636E-004    -0.97404563E+001    -0.15030198E-001    -0.40805439E-003    -0.53061856E-005
    -0.10707201E+001    -0.79059149E-003    -0.12836980E-004    -0.97407905E+001    -0.16910333E-001    -0.40809305E-003    -0.59701417E-005
    -0.10699602E+001    -0.79062664E-003    -0.14264727E-004    -0.97411640E+001    -0.18790949E-001    -0.40813626E-003    -0.66343389E-005
    -0.10692003E+001    -0.79066549E-003    -0.15692937E-004    -0.97415769E+001    -0.20672098E-001    -0.40818403E-003    -0.72988043E-005
    -0.10684404E+001    -0.79070802E-003    -0.17121654E-004    -0.97420291E+001    -0.22553835E-001    -0.40823636E-003    -0.79635646E-005
    -0.10676805E+001    -0.79075424E-003    -0.18550905E-004    -0.97425207E+001    -0.24436212E-001    -0.40829325E-003    -0.86286469E-005
    -0.10669206E+001    -0.79080416E-003    -0.19980734E-004    -0.97430517E+001    -0.26319284E-001    -0.40835470E-003    -0.92940782E-005
    -0.10661606E+001    -0.79085778E-003    -0.21411197E-004    -0.97436220E+001    -0.28203104E-001    -0.40842071E-003    -0.99598854E-005
    -0.10654007E+001    -0.79091509E-003    -0.22842338E-004    -0.97442317E+001    -0.30087725E-001    -0.40849129E-003    -0.10626096E-004
    -0.10646408E+001    -0.79097609E-003    -0.24274198E-004    -0.97448808E+001    -0.31973202E-001    -0.40856644E-003    -0.11292736E-004
    -0.10638809E+001    -0.79104078E-003    -0.25706825E-004    -0.97455694E+001    -0.33859588E-001    -0.40864617E-003    -0.11959834E-004
    -0.10631210E+001    -0.79110916E-003    -0.27140264E-004    -0.97462973E+001    -0.35746937E-001    -0.40873047E-003    -0.12627416E-004
    -0.10623611E+001    -0.79118123E-003    -0.28574557E-004    -0.97470647E+001    -0.37635302E-001    -0.40881935E-003    -0.13295510E-004
    -0.10616011E+001    -0.79125700E-003    -0.30009750E-004    -0.97478716E+001    -0.39524739E-001    -0.40891281E-003    -0.13964143E-004
    -0.10608412E+001    -0.79133646E-003    -0.31445892E-004    -0.97487179E+001    -0.41415300E-001    -0.40901086E-003    -0.14633343E-004
    -0.10600813E+001    -0.79141961E-003    -0.32883029E-004    -0.97496037E+001    -0.43307040E-001    -0.40911350E-003    -0.15303136E-004
    -0.10593214E+001    -0.79150645E-003    -0.34321210E-004    -0.97505290E+001    -0.45200013E-001    -0.40922074E-003    -0.15973551E-004
    -0.10585615E+001    -0.79159697E-003    -0.35760482E-004    -0.97514938E+001    -0.47094272E-001    -0.40933258E-003    -0.16644615E-004
    -0.10578016E+001    -0.79169117E-003    -0.37200884E-004    -0.97524981E+001    -0.48989874E-001    -0.40944903E-003    -0.17316356E-004
    -0.10570417E+001    -0.79178905E-003    -0.38642455E-004    -0.97535420E+001    -0.50886871E-001    -0.40957008E-003    -0.17988801E-004
    -0.10562817E+001    -0.79189063E-003    -0.40085248E-004    -0.97546255E+001    -0.52785318E-001    -0.40969575E-003    -0.18661979E-004
    -0.10555218E+001    -0.79199589E-003    -0.41529315E-004    -0.97557486E+001    -0.54685270E-001    -0.40982603E-003    -0.19335916E-004
    -0.10547619E+001    -0.79210482E-003    -0.42974696E-004    -0.97569112E+001    -0.56586781E-001    -0.40996095E-003    -0.20010642E-004
    -0.10540020E+001    -0.79221744E-003    -0.44421432E-004    -0.97581135E+001    -0.58489906E-001    -0.41010049E-003    -0.20686183E-004
    -0.10532421E+001    -0.79233374E-003    -0.45869583E-004    -0.97593555E+001    -0.60394700E-001    -0.41024467E-003    -0.21362569E-004
    -0.10524822E+001    -0.79245372E-003    -0.47319201E-004    -0.97606371E+001    -0.62301218E-001    -0.41039349E-003    -0.22039828E-004
    -0.10517223E+001    -0.79257737E-003    -0.48770321E-004    -0.97619584E+001    -0.64209515E-001    -0.41054696E-003    -0.22717987E-004
    -0.10509623E+001    -0.79270468E-003    -0.50222980E-004    -0.97633195E+001    -0.66119645E-001    -0.41070508E-003    -0.23397076E-004
    -0.10502024E+001    -0.79283566E-003    -0.51677227E-004    -0.97647203E+001    -0.68031664E-001    -0.41086787E-003    -0.24077123E-004
    -0.10494425E+001    -0.79297033E-003    -0.53133111E-004    -0.97661609E+001    -0.69945628E-001    -0.41103532E-003    -0.24758156E-004
    -0.10486826E+001    -0.79310867E-003    -0.54590686E-004    -0.97676413E+001    -0.71861592E-001    -0.41120745E-003    -0.25440204E-004
    -0.10479227E+001    -0.79325068E-003    -0.56050009E-004    -0.97691615E+001    -0.73779611E-001    -0.41138426E-003    -0.26123297E-004
    -0.10471628E+001    -0.79339634E-003    -0.57511118E-004    -0.97707215E+001    -0.75699741E-001    -0.41156575E-003    -0.26807463E-004
    -0.10464028E+001    -0.79354567E-003    -0.58974053E-004    -0.97723215E+001    -0.77622037E-001    -0.41175195E-003    -0.27492731E-004
    -0.10456429E+001    -0.79369865E-003    -0.60438862E-004    -0.97739613E+001    -0.79546557E-001    -0.41194285E-003    -0.28179130E-004
    -0.10448830E+001    -0.79385530E-003    -0.61905596E-004    -0.97756411E+001    -0.81473356E-001    -0.41213846E-003    -0.28866691E-004
    -0.10441231E+001    -0.79401561E-003    -0.63374304E-004    -0.97773609E+001    -0.83402489E-001    -0.41233879E-003    -0.29555442E-004
    -0.10433632E+001    -0.79417956E-003    -0.64845028E-004    -0.97791207E+001    -0.85334014E-001    -0.41254385E-003    -0.30245412E-004
    -0.10426033E+001    -0.79434718E-003    -0.66317820E-004    -0.97809205E+001    -0.87267987E-001    -0.41275365E-003    -0.30936633E-004
    -0.10418434E+001    -0.79451845E-003    -0.67792732E-004    -0.97827604E+001    -0.89204465E-001    -0.41296819E-003    -0.31629133E-004
    -0.10410834E+001    -0.79469337E-003    -0.69269812E-004    -0.97846404E+001    -0.91143504E-001    -0.41318748E-003    -0.32322943E-004
    -0.10403235E+001    -0.79487194E-003    -0.70749108E-004    -0.97865606E+001    -0.93085161E-001    -0.41341154E-003    -0.33018093E-004
    -0.10395636E+001    -0.79505416E-003    -0.72230674E-004    -0.97885209E+001    -0.95029493E-001    -0.41364037E-003    -0.33714613E-004
    -0.10388037E+001    -0.79524001E-003    -0.73714561E-004    -0.97905214E+001    -0.96976558E-001    -0.41387399E-003    -0.34412534E-004
    -0.10380438E+001    -0.79542949E-003    -0.75200818E-004    -0.97925622E+001    -0.98926414E-001    -0.41411239E-003    -0.35111887E-004
    -0.10372839E+001    -0.79562259E-003    -0.76689485E-004    -0.97946433E+001    -0.10087912E+000    -0.41435560E-003    -0.35812702E-004
    -0.10365240E+001    -0.79581931E-003    -0.78180603E-004    -0.97967647E+001    -0.10283472E+000    -0.41460361E-003    -0.36515010E-004
    -0.10357640E+001    -0.79601965E-003    -0.79674219E-004    -0.97989264E+001    -0.10479330E+000    -0.41485645E-003    -0.37218842E-004
    -0.10350041E+001    -0.79622362E-003    -0.81170383E-004    -0.98011286E+001    -0.10675489E+000    -0.41511412E-003    -0.37924230E-004
    -0.10342442E+001    -0.79643121E-003    -0.82669148E-004    -0.98033712E+001    -0.10871956E+000    -0.41537663E-003    -0.38631206E-004
    -0.10334843E+001    -0.79664242E-003    -0.84170567E-004    -0.98056543E+001    -0.11068737E+000    -0.41564399E-003    -0.39339801E-004
    -0.10327244E+001    -0.79685724E-003    -0.85674684E-004    -0.98079779E+001    -0.11265838E+000    -0.41591622E-003    -0.40050046E-004
    -0.10319645E+001    -0.79707568E-003    -0.87181543E-004    -0.98103420E+001    -0.11463264E+000    -0.41619333E-003    -0.40761974E-004
    -0.10312046E+001    -0.79729775E-003    -0.88691207E-004    -0.98127468E+001    -0.11661022E+000    -0.41647532E-003    -0.41475618E-004
    -0.10304446E+001    -0.79752343E-003    -0.90203737E-004    -0.98151923E+001    -0.11859117E+000    -0.41676220E-003    -0.42191009E-004
    -0.10296847E+001    -0.79775271E-003    -0.91719185E-004    -0.98176784E+001    -0.12057555E+000    -0.41705400E-003    -0.42908181E-004
    -0.10289248E+001    -0.79798558E-003    -0.93237599E-004    -0.98202053E+001    -0.12256343E+000    -0.41735072E-003    -0.43627165E-004
    -0.10281649E+001    -0.79822205E-003    -0.94759030E-004    -0.98227730E+001    -0.12455486E+000    -0.41765237E-003    -0.44347996E-004
    -0.10274050E+001    -0.79846209E-003    -0.96283528E-004    -0.98253816E+001    -0.12654990E+000    -0.41795897E-003    -0.45070707E-004
    -0.10266451E+001    -0.79870571E-003    -0.97811131E-004    -0.98280310E+001    -0.12854862E+000    -0.41827053E-003    -0.45795330E-004
    -0.10258851E+001    -0.79895290E-003    -0.99341886E-004    -0.98307213E+001    -0.13055107E+000    -0.41858706E-003    -0.46521900E-004
    -0.10251252E+001    -0.79920367E-003    -0.10087586E-003    -0.98334527E+001    -0.13255731E+000    -0.41890858E-003    -0.47250451E-004
    -0.10243653E+001    -0.79945802E-003    -0.10241309E-003    -0.98362251E+001    -0.13456741E+000    -0.41923509E-003    -0.47981017E-004
    -0.10236054E+001    -0.79971593E-003    -0.10395365E-003    -0.98390386E+001    -0.13658143E+000    -0.41956661E-003    -0.48713632E-004
    -0.10228455E+001    -0.79997740E-003    -0.10549757E-003    -0.98418932E+001    -0.13859942E+000    -0.41990316E-003    -0.49448331E-004
    -0.10220856E+001    -0.80024243E-003    -0.10704493E-003    -0.98447890E+001    -0.14062145E+000    -0.42024474E-003    -0.50185148E-004
    -0.10213257E+001    -0.80051101E-003    -0.10859576E-003    -0.98477261E+001    -0.14264759E+000    -0.42059138E-003    -0.50924120E-004
    -0.10205657E+001    -0.80078313E-003    -0.11015012E-003    -0.98507044E+001    -0.14467788E+000    -0.42094309E-003    -0.51665281E-004
    -0.10198058E+001    -0.80105878E-003    -0.11170805E-003    -0.98537242E+001    -0.14671241E+000    -0.42129987E-003    -0.52408666E-004
    -0.10190459E+001    -0.80133798E-003    -0.11326961E-003    -0.98567853E+001    -0.14875122E+000    -0.42166175E-003    -0.53154313E-004
    -0.10182860E+001    -0.80162072E-003    -0.11483488E-003    -0.98598879E+001    -0.15079438E+000    -0.42202874E-003    -0.53902257E-004
    -0.10175261E+001    -0.80190698E-003    -0.11640389E-003    -0.98630321E+001    -0.15284196E+000    -0.42240086E-003    -0.54652533E-004
    -0.10167662E+001    -0.80219676E-003    -0.11797669E-003    -0.98662178E+001    -0.15489401E+000    -0.42277812E-003    -0.55405180E-004
    -0.10160063E+001    -0.80249007E-003    -0.11955335E-003    -0.98694452E+001    -0.15695061E+000    -0.42316053E-003    -0.56160234E-004
    -0.10152463E+001    -0.80278688E-003    -0.12113394E-003    -0.98727143E+001    -0.15901182E+000    -0.42354811E-003    -0.56917733E-004
    -0.10144864E+001    -0.80308717E-003    -0.12271850E-003    -0.98760251E+001    -0.16107769E+000    -0.42394088E-003    -0.57677713E-004
    -0.10137265E+001    -0.80339094E-003    -0.12430707E-003    -0.98793778E+001    -0.16314830E+000    -0.42433886E-003    -0.58440213E-004
    -0.10129666E+001    -0.80369819E-003    -0.12589970E-003    -0.98827724E+001    -0.16522370E+000    -0.42474205E-003    -0.59205271E-004
    -0.10122067E+001    -0.80400893E-003    -0.12749645E-003    -0.98862089E+001    -0.16730397E+000    -0.42515048E-003    -0.59972925E-004
    -0.10114468E+001    -0.80432315E-003    -0.12909738E-003    -0.98896874E+001    -0.16938917E+000    -0.42556416E-003    -0.60743214E-004
    -0.10106868E+001    -0.80464084E-003    -0.13070256E-003    -0.98932080E+001    -0.17147937E+000    -0.42598311E-003    -0.61516178E-004
    -0.10099269E+001    -0.80496200E-003    -0.13231203E-003    -0.98967708E+001    -0.17357463E+000    -0.42640734E-003    -0.62291854E-004
    -0.10091670E+001    -0.80528660E-003    -0.13392587E-003    -0.99003758E+001    -0.17567501E+000    -0.42683688E-003    -0.63070284E-004
    -0.10084071E+001    -0.80561466E-003    -0.13554413E-003    -0.99040230E+001    -0.17778059E+000    -0.42727174E-003    -0.63851507E-004
    -0.10076472E+001    -0.80594615E-003    -0.13716686E-003    -0.99077127E+001    -0.17989143E+000    -0.42771194E-003    -0.64635564E-004
    -0.10068873E+001    -0.80628106E-003    -0.13879413E-003    -0.99114447E+001    -0.18200760E+000    -0.42815750E-003    -0.65422495E-004
    -0.10061274E+001    -0.80661937E-003    -0.14042599E-003    -0.99152192E+001    -0.18412917E+000    -0.42860842E-003    -0.66212341E-004
    -0.10053674E+001    -0.80696109E-003    -0.14206247E-003    -0.99190363E+001    -0.18625619E+000    -0.42906475E-003    -0.67005143E-004
    -0.10046075E+001    -0.80730622E-003    -0.14370366E-003    -0.99228960E+001    -0.18838875E+000    -0.42952648E-003    -0.67800945E-004
    -0.10038476E+001    -0.80765475E-003    -0.14534961E-003    -0.99267984E+001    -0.19052692E+000    -0.42999364E-003    -0.68599786E-004
    -0.10030877E+001    -0.80800666E-003    -0.14700037E-003    -0.99307436E+001    -0.19267075E+000    -0.43046625E-003    -0.69401711E-004
    -0.10023278E+001    -0.80836195E-003    -0.14865602E-003    -0.99347316E+001    -0.19482032E+000    -0.43094433E-003    -0.70206761E-004
    -0.10015679E+001    -0.80872061E-003    -0.15031662E-003    -0.99387626E+001    -0.19697570E+000    -0.43142790E-003    -0.71014980E-004
    -0.10008080E+001    -0.80908261E-003    -0.15198223E-003    -0.99428365E+001    -0.19913695E+000    -0.43191697E-003    -0.71826412E-004
    -0.10000480E+001    -0.80944795E-003    -0.15365289E-003    -0.99469535E+001    -0.20130416E+000    -0.43241157E-003    -0.72641101E-004
    -0.99928812E+000    -0.80981661E-003    -0.15532867E-003    -0.99511137E+001    -0.20347738E+000    -0.43291171E-003    -0.73459090E-004
    -0.99852821E+000    -0.81018860E-003    -0.15700962E-003    -0.99553171E+001    -0.20565670E+000    -0.43341742E-003    -0.74280425E-004
    -0.99776829E+000    -0.81056391E-003    -0.15869580E-003    -0.99595639E+001    -0.20784217E+000    -0.43392872E-003    -0.75105151E-004
    -0.99700838E+000    -0.81094253E-003    -0.16038730E-003    -0.99638540E+001    -0.21003388E+000    -0.43444562E-003    -0.75933314E-004
    -0.99624846E+000    -0.81132445E-003    -0.16208417E-003    -0.99681875E+001    -0.21223190E+000    -0.43496815E-003    -0.76764959E-004
    -0.99548855E+000    -0.81170963E-003    -0.16378647E-003    -0.99725647E+001    -0.21443629E+000    -0.43549633E-003    -0.77600133E-004
    -0.99472863E+000    -0.81209808E-003    -0.16549427E-003    -0.99769854E+001    -0.21664714E+000    -0.43603019E-003    -0.78438883E-004
    -0.99396872E+000    -0.81248977E-003    -0.16720761E-003    -0.99814499E+001    -0.21886451E+000    -0.43656973E-003    -0.79281256E-004
    -0.99320880E+000    -0.81288471E-003    -0.16892656E-003    -0.99859582E+001    -0.22108847E+000    -0.43711498E-003    -0.80127300E-004
    -0.99244889E+000    -0.81328288E-003    -0.17065118E-003    -0.99905103E+001    -0.22331911E+000    -0.43766597E-003    -0.80977063E-004
    -0.99168897E+000    -0.81368428E-003    -0.17238155E-003    -0.99951065E+001    -0.22555650E+000    -0.43822272E-003    -0.81830593E-004
    -0.99092906E+000    -0.81408888E-003    -0.17411774E-003    -0.99997467E+001    -0.22780070E+000    -0.43878525E-003    -0.82687941E-004
    -0.99016914E+000    -0.81449667E-003    -0.17585980E-003    -0.10004431E+002    -0.23005181E+000    -0.43935358E-003    -0.83549155E-004
    -0.98940923E+000    -0.81490763E-003    -0.17760779E-003    -0.10009160E+002    -0.23230989E+000    -0.43992773E-003    -0.84414286E-004
    -0.98864931E+000    -0.81532174E-003    -0.17936178E-003    -0.10013932E+002    -0.23457501E+000    -0.44050773E-003    -0.85283383E-004
    -0.98788940E+000    -0.81573901E-003    -0.18112183E-003    -0.10018750E+002    -0.23684726E+000    -0.44109359E-003    -0.86156499E-004
    -0.98712948E+000    -0.81615942E-003    -0.18288801E-003    -0.10023612E+002    -0.23912672E+000    -0.44168536E-003    -0.87033685E-004
    -0.98636957E+000    -0.81658294E-003    -0.18466039E-003    -0.10028518E+002    -0.24141345E+000    -0.44228303E-003    -0.87914992E-004
    -0.98560966E+000    -0.81700956E-003    -0.18643903E-003    -0.10033469E+002    -0.24370755E+000    -0.44288665E-003    -0.88800474E-004
    -0.98484974E+000    -0.81743928E-003    -0.18822398E-003    -0.10038465E+002    -0.24600908E+000    -0.44349624E-003    -0.89690183E-004
    -0.98408983E+000    -0.81787208E-003    -0.19001533E-003    -0.10043506E+002    -0.24831812E+000    -0.44411181E-003    -0.90584174E-004
    -0.98332991E+000    -0.81830796E-003    -0.19181315E-003    -0.10048592E+002    -0.25063476E+000    -0.44473339E-003    -0.91482499E-004
    -0.98257000E+000    -0.81874688E-003    -0.19361753E-003    -0.10053722E+002    -0.25295907E+000    -0.44536101E-003    -0.92385214E-004
    -0.98181008E+000    -0.81918881E-003    -0.19542852E-003    -0.10058898E+002    -0.25529114E+000    -0.44599469E-003    -0.93292375E-004
    -0.98105017E+000    -0.81963374E-003    -0.19724618E-003    -0.10064120E+002    -0.25763105E+000    -0.44663446E-003    -0.94204037E-004
    -0.98029025E+000    -0.82008165E-003    -0.19907056E-003    -0.10069386E+002    -0.25997887E+000    -0.44728034E-003    -0.95120256E-004
    -0.97953034E+000    -0.82053255E-003    -0.20090175E-003    -0.10074698E+002    -0.26233469E+000    -0.44793236E-003    -0.96041089E-004
    -0.97877042E+000    -0.82098640E-003    -0.20273982E-003    -0.10080056E+002    -0.26469859E+000    -0.44859054E-003    -0.96966594E-004
    -0.97801051E+000    -0.82144319E-003    -0.20458486E-003    -0.10085459E+002    -0.26707065E+000    -0.44925491E-003    -0.97896829E-004
    -0.97725059E+000    -0.82190288E-003    -0.20643692E-003    -0.10090908E+002    -0.26945097E+000    -0.44992549E-003    -0.98831853E-004
    -0.97649068E+000    -0.82236546E-003    -0.20829608E-003    -0.10096403E+002    -0.27183961E+000    -0.45060231E-003    -0.99771725E-004
    -0.97573076E+000    -0.82283090E-003    -0.21016239E-003    -0.10101944E+002    -0.27423666E+000    -0.45128540E-003    -0.10071651E-003
    -0.97497085E+000    -0.82329919E-003    -0.21203592E-003    -0.10107531E+002    -0.27664222E+000    -0.45197478E-003    -0.10166625E-003
    -0.97421093E+000    -0.82377031E-003    -0.21391675E-003    -0.10113164E+002    -0.27905636E+000    -0.45267048E-003    -0.10262103E-003
    -0.97345102E+000    -0.82424425E-003    -0.21580494E-003    -0.10118844E+002    -0.28147917E+000    -0.45337253E-003    -0.10358090E-003
    -0.97269110E+000    -0.82472098E-003    -0.21770059E-003    -0.10124570E+002    -0.28391074E+000    -0.45408095E-003    -0.10454593E-003
    -0.97193119E+000    -0.82520049E-003    -0.21960376E-003    -0.10130342E+002    -0.28635115E+000    -0.45479577E-003    -0.10551617E-003
    -0.97117127E+000    -0.82568274E-003    -0.22151452E-003    -0.10136162E+002    -0.28880050E+000    -0.45551702E-003    -0.10649169E-003
    -0.97041136E+000    -0.82616772E-003    -0.22343293E-003    -0.10142027E+002    -0.29125886E+000    -0.45624473E-003    -0.10747256E-003
    -0.96965144E+000    -0.82665541E-003    -0.22535910E-003    -0.10147940E+002    -0.29372633E+000    -0.45697892E-003    -0.10845884E-003
    -0.96889153E+000    -0.82714578E-003    -0.22729308E-003    -0.10153900E+002    -0.29620300E+000    -0.45771962E-003    -0.10945060E-003
    -0.96813161E+000    -0.82763881E-003    -0.22923497E-003    -0.10159907E+002    -0.29868896E+000    -0.45846686E-003    -0.11044790E-003
    -0.96737170E+000    -0.82813446E-003    -0.23118482E-003    -0.10165960E+002    -0.30118429E+000    -0.45922067E-003    -0.11145081E-003
    -0.96661178E+000    -0.82863272E-003    -0.23314272E-003    -0.10172062E+002    -0.30368909E+000    -0.45998108E-003    -0.11245940E-003
    -0.96585187E+000    -0.82913356E-003    -0.23510875E-003    -0.10178210E+002    -0.30620345E+000    -0.46074811E-003    -0.11347374E-003
    -0.96509195E+000    -0.82963695E-003    -0.23708300E-003    -0.10184407E+002    -0.30872746E+000    -0.46152180E-003    -0.11449390E-003
    -0.96433204E+000    -0.83014284E-003    -0.23906551E-003    -0.10190651E+002    -0.31126122E+000    -0.46230217E-003    -0.11551994E-003
    -0.96357212E+000    -0.83065121E-003    -0.24105637E-003    -0.10196942E+002    -0.31380482E+000    -0.46308926E-003    -0.11655194E-003
    -0.96281221E+000    -0.83116206E-003    -0.24305564E-003    -0.10203282E+002    -0.31635834E+000    -0.46388309E-003    -0.11758997E-003
    -0.96205229E+000    -0.83167536E-003    -0.24506342E-003    -0.10209670E+002    -0.31892190E+000    -0.46468369E-003    -0.11863411E-003
    -0.96129238E+000    -0.83219106E-003    -0.24707980E-003    -0.10216106E+002    -0.32149557E+000    -0.46549109E-003    -0.11968442E-003
    -0.96053246E+000    -0.83270913E-003    -0.24910483E-003    -0.10222590E+002    -0.32407946E+000    -0.46630533E-003    -0.12074099E-003
    -0.95977255E+000    -0.83322955E-003    -0.25113858E-003    -0.10229122E+002    -0.32667367E+000    -0.46712642E-003    -0.12180388E-003
    -0.95901263E+000    -0.83375232E-003    -0.25318116E-003    -0.10235703E+002    -0.32927828E+000    -0.46795441E-003    -0.12287317E-003
    -0.95825272E+000    -0.83427738E-003    -0.25523264E-003    -0.10242333E+002    -0.33189341E+000    -0.46878933E-003    -0.12394894E-003
    -0.95749280E+000    -0.83480470E-003    -0.25729313E-003    -0.10249012E+002    -0.33451914E+000    -0.46963120E-003    -0.12503127E-003
    -0.95673289E+000    -0.83533423E-003    -0.25936267E-003    -0.10255739E+002    -0.33715558E+000    -0.47048005E-003    -0.12612024E-003
    -0.95597297E+000    -0.83586595E-003    -0.26144135E-003    -0.10262516E+002    -0.33980282E+000    -0.47133592E-003    -0.12721591E-003
    -0.95521306E+000    -0.83639984E-003    -0.26352926E-003    -0.10269342E+002    -0.34246098E+000    -0.47219884E-003    -0.12831839E-003
    -0.95445314E+000    -0.83693585E-003    -0.26562647E-003    -0.10276217E+002    -0.34513013E+000    -0.47306883E-003    -0.12942774E-003
    -0.95369323E+000    -0.83747395E-003    -0.26773307E-003    -0.10283141E+002    -0.34781040E+000    -0.47394594E-003    -0.13054404E-003
    -0.95293331E+000    -0.83801411E-003    -0.26984914E-003    -0.10290115E+002    -0.35050188E+000    -0.47483018E-003    -0.13166739E-003
    -0.95217340E+000    -0.83855629E-003    -0.27197476E-003    -0.10297139E+002    -0.35320468E+000    -0.47572160E-003    -0.13279787E-003
    -0.95141348E+000    -0.83910047E-003    -0.27411002E-003    -0.10304213E+002    -0.35591889E+000    -0.47662023E-003    -0.13393555E-003
    -0.95065357E+000    -0.83964661E-003    -0.27625502E-003    -0.10311337E+002    -0.35864463E+000    -0.47752609E-003    -0.13508053E-003
    -0.94989365E+000    -0.84019464E-003    -0.27840985E-003    -0.10318511E+002    -0.36138200E+000    -0.47843922E-003    -0.13623290E-003
    -0.94913374E+000    -0.84074451E-003    -0.28057458E-003    -0.10325735E+002    -0.36413110E+000    -0.47935965E-003    -0.13739273E-003
    -0.94837382E+000    -0.84129620E-003    -0.28274926E-003    -0.10333009E+002    -0.36689205E+000    -0.48028742E-003    -0.13856013E-003
    -0.94761391E+000    -0.84184967E-003    -0.28493399E-003    -0.10340334E+002    -0.36966495E+000    -0.48122256E-003    -0.13973517E-003
    -0.94685399E+000    -0.84240489E-003    -0.28712885E-003    -0.10347710E+002    -0.37244990E+000    -0.48216509E-003    -0.14091796E-003
    -0.94609408E+000    -0.84296183E-003    -0.28933393E-003    -0.10355137E+002    -0.37524703E+000    -0.48311506E-003    -0.14210857E-003
    -0.94533416E+000    -0.84352042E-003    -0.29154932E-003    -0.10362615E+002    -0.37805643E+000    -0.48407249E-003    -0.14330712E-003
    -0.94457425E+000    -0.84408067E-003    -0.29377509E-003    -0.10370144E+002    -0.38087822E+000    -0.48503742E-003    -0.14451368E-003
    -0.94381433E+000    -0.84464252E-003    -0.29601135E-003    -0.10377724E+002    -0.38371251E+000    -0.48600988E-003    -0.14572836E-003
    -0.94305442E+000    -0.84520593E-003    -0.29825821E-003    -0.10385356E+002    -0.38655942E+000    -0.48698990E-003    -0.14695125E-003
    -0.94229450E+000    -0.84577082E-003    -0.30051575E-003    -0.10393039E+002    -0.38941905E+000    -0.48797752E-003    -0.14818245E-003
    -0.94153459E+000    -0.84633716E-003    -0.30278406E-003    -0.10400774E+002    -0.39229152E+000    -0.48897278E-003    -0.14942206E-003
    -0.94077467E+000    -0.84690488E-003    -0.30506321E-003    -0.10408561E+002    -0.39517695E+000    -0.48997570E-003    -0.15067018E-003
    -0.94001476E+000    -0.84747396E-003    -0.30735329E-003    -0.10416400E+002    -0.39807545E+000    -0.49098631E-003    -0.15192690E-003
    -0.93925484E+000    -0.84804434E-003    -0.30965438E-003    -0.10424292E+002    -0.40098713E+000    -0.49200466E-003    -0.15319234E-003
    -0.93849493E+000    -0.84861598E-003    -0.31196658E-003    -0.10432235E+002    -0.40391212E+000    -0.49303078E-003    -0.15446659E-003
    -0.93773501E+000    -0.84918883E-003    -0.31428998E-003    -0.10440231E+002    -0.40685054E+000    -0.49406469E-003    -0.15574975E-003
    -0.93697510E+000    -0.84976284E-003    -0.31662466E-003    -0.10448280E+002    -0.40980249E+000    -0.49510644E-003    -0.15704195E-003
    -0.93621519E+000    -0.85033797E-003    -0.31897073E-003    -0.10456382E+002    -0.41276811E+000    -0.49615606E-003    -0.15834327E-003
    -0.93545527E+000    -0.85091415E-003    -0.32132826E-003    -0.10464537E+002    -0.41574751E+000    -0.49721357E-003    -0.15965383E-003
    -0.93469536E+000    -0.85149135E-003    -0.32369736E-003    -0.10472745E+002    -0.41874082E+000    -0.49827903E-003    -0.16097375E-003
    -0.93393544E+000    -0.85206949E-003    -0.32607812E-003    -0.10481006E+002    -0.42174815E+000    -0.49935245E-003    -0.16230312E-003
    -0.93317553E+000    -0.85264853E-003    -0.32847062E-003    -0.10489321E+002    -0.42476963E+000    -0.50043387E-003    -0.16364207E-003
    -0.93241561E+000    -0.85322840E-003    -0.33087495E-003    -0.10497690E+002    -0.42780539E+000    -0.50152333E-003    -0.16499070E-003
    -0.93165570E+000    -0.85380907E-003    -0.33329121E-003    -0.10506112E+002    -0.43085556E+000    -0.50262087E-003    -0.16634913E-003
    -0.93089578E+000    -0.85439046E-003    -0.33571949E-003    -0.10514588E+002    -0.43392025E+000    -0.50372651E-003    -0.16771748E-003
    -0.93013587E+000    -0.85497255E-003    -0.33815988E-003    -0.10523119E+002    -0.43699959E+000    -0.50484029E-003    -0.16909587E-003
    -0.92937595E+000    -0.85555525E-003    -0.34061249E-003    -0.10531704E+002    -0.44009372E+000    -0.50596224E-003    -0.17048441E-003
    -0.92861604E+000    -0.85613849E-003    -0.34307741E-003    -0.10540344E+002    -0.44320276E+000    -0.50709241E-003    -0.17188322E-003
    -0.92785612E+000    -0.85672223E-003    -0.34555471E-003    -0.10549038E+002    -0.44632684E+000    -0.50823081E-003    -0.17329243E-003
    -0.92709621E+000    -0.85730641E-003    -0.34804450E-003    -0.10557787E+002    -0.44946610E+000    -0.50937749E-003    -0.17471216E-003
    -0.92633629E+000    -0.85789096E-003    -0.35054688E-003    -0.10566591E+002    -0.45262067E+000    -0.51053248E-003    -0.17614253E-003
    -0.92557638E+000    -0.85847583E-003    -0.35306193E-003    -0.10575450E+002    -0.45579067E+000    -0.51169582E-003    -0.17758367E-003
    -0.92481646E+000    -0.85906094E-003    -0.35558976E-003    -0.10584365E+002    -0.45897625E+000    -0.51286754E-003    -0.17903572E-003
    -0.92405655E+000    -0.85964624E-003    -0.35813046E-003    -0.10593336E+002    -0.46217754E+000    -0.51404766E-003    -0.18049879E-003
    -0.92329663E+000    -0.86023166E-003    -0.36068413E-003    -0.10602362E+002    -0.46539467E+000    -0.51523624E-003    -0.18197302E-003
    -0.92253672E+000    -0.86081713E-003    -0.36325085E-003    -0.10611444E+002    -0.46862779E+000    -0.51643329E-003    -0.18345854E-003
    -0.92177680E+000    -0.86140260E-003    -0.36583073E-003    -0.10620583E+002    -0.47187703E+000    -0.51763886E-003    -0.18495549E-003
    -0.92101689E+000    -0.86198798E-003    -0.36842389E-003    -0.10629777E+002    -0.47514253E+000    -0.51885297E-003    -0.18646400E-003
    -0.92025697E+000    -0.86257319E-003    -0.37103039E-003    -0.10639029E+002    -0.47842443E+000    -0.52007566E-003    -0.18798420E-003
    -0.91949706E+000    -0.86315818E-003    -0.37365033E-003    -0.10648337E+002    -0.48172287E+000    -0.52130697E-003    -0.18951625E-003
    -0.91873714E+000    -0.86374287E-003    -0.37628381E-003    -0.10657701E+002    -0.48503800E+000    -0.52254693E-003    -0.19106028E-003
    -0.91797723E+000    -0.86432720E-003    -0.37893094E-003    -0.10667123E+002    -0.48836996E+000    -0.52379556E-003    -0.19261643E-003
    -0.91721731E+000    -0.86491109E-003    -0.38159180E-003    -0.10676603E+002    -0.49171890E+000    -0.52505291E-003    -0.19418484E-003
    -0.91645740E+000    -0.86549446E-003    -0.38426648E-003    -0.10686139E+002    -0.49508496E+000    -0.52631900E-003    -0.19576567E-003
    -0.91569748E+000    -0.86607725E-003    -0.38695509E-003    -0.10695734E+002    -0.49846828E+000    -0.52759388E-003    -0.19735905E-003
    -0.91493757E+000    -0.86665940E-003    -0.38965774E-003    -0.10705386E+002    -0.50186903E+000    -0.52887756E-003    -0.19896515E-003
    -0.91417765E+000    -0.86724081E-003    -0.39237453E-003    -0.10715097E+002    -0.50528734E+000    -0.53017008E-003    -0.20058410E-003
    -0.91341774E+000    -0.86782140E-003    -0.39510557E-003    -0.10724865E+002    -0.50872336E+000    -0.53147148E-003    -0.20221607E-003
    -0.91265782E+000    -0.86840107E-003    -0.39785093E-003    -0.10734693E+002    -0.51217726E+000    -0.53278179E-003    -0.20386121E-003
    -0.91189791E+000    -0.86897977E-003    -0.40061071E-003    -0.10744579E+002    -0.51564918E+000    -0.53410103E-003    -0.20551967E-003
    -0.91113799E+000    -0.86955741E-003    -0.40338502E-003    -0.10754523E+002    -0.51913928E+000    -0.53542924E-003    -0.20719162E-003
    -0.91037808E+000    -0.87013392E-003    -0.40617395E-003    -0.10764527E+002    -0.52264771E+000    -0.53676645E-003    -0.20887722E-003
    -0.90961816E+000    -0.87070920E-003    -0.40897762E-003    -0.10774590E+002    -0.52617463E+000    -0.53811270E-003    -0.21057663E-003
    -0.90885825E+000    -0.87128317E-003    -0.41179611E-003    -0.10784713E+002    -0.52972019E+000    -0.53946800E-003    -0.21229001E-003
    -0.90809833E+000    -0.87185574E-003    -0.41462952E-003    -0.10794896E+002    -0.53328457E+000    -0.54083239E-003    -0.21401752E-003
    -0.90733842E+000    -0.87242684E-003    -0.41747795E-003    -0.10805138E+002    -0.53686791E+000    -0.54220591E-003    -0.21575935E-003
    -0.90657850E+000    -0.87299638E-003    -0.42034150E-003    -0.10815441E+002    -0.54047038E+000    -0.54358857E-003    -0.21751566E-003
    -0.90581859E+000    -0.87356426E-003    -0.42322028E-003    -0.10825804E+002    -0.54409215E+000    -0.54498041E-003    -0.21928663E-003
    -0.90505867E+000    -0.87413040E-003    -0.42611436E-003    -0.10836227E+002    -0.54773337E+000    -0.54638146E-003    -0.22107242E-003
    -0.90429876E+000    -0.87469473E-003    -0.42902388E-003    -0.10846711E+002    -0.55139422E+000    -0.54779174E-003    -0.22287322E-003
    -0.90353884E+000    -0.87525714E-003    -0.43194894E-003    -0.10857257E+002    -0.55507486E+000    -0.54921129E-003    -0.22468921E-003
    -0.90277893E+000    -0.87581753E-003    -0.43488962E-003    -0.10867863E+002    -0.55877545E+000    -0.55064012E-003    -0.22652056E-003
    -0.90201901E+000    -0.87637582E-003    -0.43784603E-003    -0.10878532E+002    -0.56249618E+000    -0.55207828E-003    -0.22836747E-003
    -0.90125910E+000    -0.87693192E-003    -0.44081829E-003    -0.10889261E+002    -0.56623721E+000    -0.55352577E-003    -0.23023011E-003
    -0.90049918E+000    -0.87748571E-003    -0.44380649E-003    -0.10900053E+002    -0.56999871E+000    -0.55498264E-003    -0.23210869E-003
    -0.89973927E+000    -0.87803709E-003    -0.44681073E-003    -0.10910907E+002    -0.57378086E+000    -0.55644890E-003    -0.23400338E-003
    -0.89897935E+000    -0.87858598E-003    -0.44983110E-003    -0.10921823E+002    -0.57758383E+000    -0.55792458E-003    -0.23591438E-003
    -0.89821944E+000    -0.87913226E-003    -0.45286772E-003    -0.10932802E+002    -0.58140780E+000    -0.55940970E-003    -0.23784189E-003
    -0.89745952E+000    -0.87967585E-003    -0.45592065E-003    -0.10943844E+002    -0.58525296E+000    -0.56090428E-003    -0.23978610E-003
    -0.89669961E+000    -0.88021664E-003    -0.45899001E-003    -0.10954949E+002    -0.58911947E+000    -0.56240836E-003    -0.24174722E-003
    -0.89593969E+000    -0.88075457E-003    -0.46207591E-003    -0.10966117E+002    -0.59300752E+000    -0.56392195E-003    -0.24372545E-003
    -0.89517978E+000    -0.88128950E-003    -0.46517846E-003    -0.10977348E+002    -0.59691729E+000    -0.56544507E-003    -0.24572099E-003
    -0.89441986E+000    -0.88182134E-003    -0.46829777E-003    -0.10988644E+002    -0.60084897E+000    -0.56697774E-003    -0.24773406E-003
    -0.89365995E+000    -0.88234996E-003    -0.47143394E-003    -0.11000004E+002    -0.60480275E+000    -0.56851999E-003    -0.24976486E-003
    -0.89290003E+000    -0.88287527E-003    -0.47458705E-003    -0.11011427E+002    -0.60877880E+000    -0.57007184E-003    -0.25181360E-003
    -0.89214012E+000    -0.88339715E-003    -0.47775722E-003    -0.11022916E+002    -0.61277733E+000    -0.57163329E-003    -0.25388051E-003
    -0.89138020E+000    -0.88391551E-003    -0.48094454E-003    -0.11034469E+002    -0.61679852E+000    -0.57320438E-003    -0.25596580E-003
    -0.89062029E+000    -0.88443023E-003    -0.48414912E-003    -0.11046087E+002    -0.62084256E+000    -0.57478511E-003    -0.25806969E-003
    -0.88986037E+000    -0.88494121E-003    -0.48737105E-003    -0.11057770E+002    -0.62490965E+000    -0.57637551E-003    -0.26019241E-003
    -0.88910046E+000    -0.88544834E-003    -0.49061047E-003    -0.11069519E+002    -0.62899998E+000    -0.57797558E-003    -0.26233418E-003
    -0.88834054E+000    -0.88595149E-003    -0.49386746E-003    -0.11081334E+002    -0.63311375E+000    -0.57958535E-003    -0.26449523E-003
    -0.88758063E+000    -0.88645054E-003    -0.49714213E-003    -0.11093215E+002    -0.63725115E+000    -0.58120482E-003    -0.26667580E-003
    -0.88682072E+000    -0.88694539E-003    -0.50043456E-003    -0.11105162E+002    -0.64141240E+000    -0.58283402E-003    -0.26887612E-003
    -0.88606080E+000    -0.88743594E-003    -0.50374487E-003    -0.11117175E+002    -0.64559769E+000    -0.58447294E-003    -0.27109643E-003
    -0.88530089E+000    -0.88792205E-003    -0.50707318E-003    -0.11129256E+002    -0.64980722E+000    -0.58612160E-003    -0.27333697E-003
    -0.88454097E+000    -0.88840358E-003    -0.51041958E-003    -0.11141403E+002    -0.65404120E+000    -0.58778002E-003    -0.27559798E-003
    -0.88378106E+000    -0.88888043E-003    -0.51378416E-003    -0.11153618E+002    -0.65829984E+000    -0.58944819E-003    -0.27787972E-003
    -0.88302114E+000    -0.88935248E-003    -0.51716701E-003    -0.11165901E+002    -0.66258335E+000    -0.59112612E-003    -0.28018243E-003
    -0.88226123E+000    -0.88981963E-003    -0.52056826E-003    -0.11178251E+002    -0.66689194E+000    -0.59281383E-003    -0.28250636E-003
    -0.88150131E+000    -0.89028176E-003    -0.52398801E-003    -0.11190669E+002    -0.67122581E+000    -0.59451131E-003    -0.28485177E-003
    -0.88074140E+000    -0.89073871E-003    -0.52742638E-003    -0.11203156E+002    -0.67558519E+000    -0.59621857E-003    -0.28721892E-003
    -0.87998148E+000    -0.89119036E-003    -0.53088345E-003    -0.11215712E+002    -0.67997030E+000    -0.59793560E-003    -0.28960808E-003
    -0.87922157E+000    -0.89163658E-003    -0.53435933E-003    -0.11228337E+002    -0.68438134E+000    -0.59966242E-003    -0.29201950E-003
    -0.87846165E+000    -0.89207727E-003    -0.53785411E-003    -0.11241030E+002    -0.68881854E+000    -0.60139902E-003    -0.29445347E-003
    -0.87770174E+000    -0.89251230E-003    -0.54136790E-003    -0.11253794E+002    -0.69328212E+000    -0.60314540E-003    -0.29691024E-003
    -0.87694182E+000    -0.89294153E-003    -0.54490081E-003    -0.11266627E+002    -0.69777231E+000    -0.60490154E-003    -0.29939010E-003
    -0.87618191E+000    -0.89336485E-003    -0.54845296E-003    -0.11279530E+002    -0.70228933E+000    -0.60666746E-003    -0.30189333E-003
    -0.87542199E+000    -0.89378210E-003    -0.55202445E-003    -0.11292504E+002    -0.70683341E+000    -0.60844313E-003    -0.30442021E-003
    -0.87466208E+000    -0.89419315E-003    -0.55561537E-003    -0.11305548E+002    -0.71140478E+000    -0.61022856E-003    -0.30697102E-003
    -0.87390216E+000    -0.89459789E-003    -0.55922585E-003    -0.11318663E+002    -0.71600366E+000    -0.61202373E-003    -0.30954606E-003
    -0.87314225E+000    -0.89499617E-003    -0.56285598E-003    -0.11331850E+002    -0.72063031E+000    -0.61382863E-003    -0.31214562E-003
    -0.87238233E+000    -0.89538783E-003    -0.56650589E-003    -0.11345108E+002    -0.72528494E+000    -0.61564325E-003    -0.31476999E-003
    -0.87162242E+000    -0.89577275E-003    -0.57017565E-003    -0.11358438E+002    -0.72996780E+000    -0.61746756E-003    -0.31741947E-003
    -0.87086250E+000    -0.89615077E-003    -0.57386538E-003    -0.11371840E+002    -0.73467914E+000    -0.61930156E-003    -0.32009438E-003
    -0.87010259E+000    -0.89652176E-003    -0.57757517E-003    -0.11385315E+002    -0.73941918E+000    -0.62114522E-003    -0.32279501E-003
    -0.86934267E+000    -0.89688560E-003    -0.58130512E-003    -0.11398862E+002    -0.74418818E+000    -0.62299852E-003    -0.32552168E-003
    -0.86858276E+000    -0.89724215E-003    -0.58505536E-003    -0.11412482E+002    -0.74898637E+000    -0.62486144E-003    -0.32827471E-003
    -0.86782284E+000    -0.89759125E-003    -0.58882600E-003    -0.11426176E+002    -0.75381402E+000    -0.62673395E-003    -0.33105440E-003
    -0.86706293E+000    -0.89793273E-003    -0.59261713E-003    -0.11439943E+002    -0.75867137E+000    -0.62861602E-003    -0.33386110E-003
    -0.86630301E+000    -0.89826648E-003    -0.59642883E-003    -0.11453785E+002    -0.76355868E+000    -0.63050763E-003    -0.33669511E-003
    -0.86554310E+000    -0.89859235E-003    -0.60026123E-003    -0.11467700E+002    -0.76847619E+000    -0.63240874E-003    -0.33955678E-003
    -0.86478318E+000    -0.89891021E-003    -0.60411443E-003    -0.11481691E+002    -0.77342417E+000    -0.63431931E-003    -0.34244643E-003
    -0.86402327E+000    -0.89921991E-003    -0.60798855E-003    -0.11495756E+002    -0.77840288E+000    -0.63623931E-003    -0.34536442E-003
    -0.86326335E+000    -0.89952130E-003    -0.61188371E-003    -0.11509896E+002    -0.78341258E+000    -0.63816870E-003    -0.34831107E-003
    -0.86250344E+000    -0.89981422E-003    -0.61580002E-003    -0.11524113E+002    -0.78845353E+000    -0.64010744E-003    -0.35128673E-003
    -0.86174352E+000    -0.90009849E-003    -0.61973760E-003    -0.11538405E+002    -0.79352601E+000    -0.64205548E-003    -0.35429176E-003
    -0.86098361E+000    -0.90037398E-003    -0.62369653E-003    -0.11552773E+002    -0.79863027E+000    -0.64401277E-003    -0.35732652E-003
    -0.86022369E+000    -0.90064051E-003    -0.62767693E-003    -0.11567218E+002    -0.80376660E+000    -0.64597926E-003    -0.36039135E-003
    -0.85946378E+000    -0.90089794E-003    -0.63167889E-003    -0.11581739E+002    -0.80893526E+000    -0.64795490E-003    -0.36348663E-003
    -0.85870386E+000    -0.90114611E-003    -0.63570252E-003    -0.11596338E+002    -0.81413654E+000    -0.64993963E-003    -0.36661272E-003
    -0.85794395E+000    -0.90138488E-003    -0.63974793E-003    -0.11611015E+002    -0.81937071E+000    -0.65193340E-003    -0.36977000E-003
    -0.85718403E+000    -0.90161410E-003    -0.64381525E-003    -0.11625769E+002    -0.82463806E+000    -0.65393613E-003    -0.37295884E-003
    -0.85642412E+000    -0.90183359E-003    -0.64790459E-003    -0.11640602E+002    -0.82993887E+000    -0.65594777E-003    -0.37617962E-003
    -0.85566420E+000    -0.90204317E-003    -0.65201605E-003    -0.11655513E+002    -0.83527342E+000    -0.65796825E-003    -0.37943272E-003
    -0.85490429E+000    -0.90224270E-003    -0.65614973E-003    -0.11670504E+002    -0.84064201E+000    -0.65999748E-003    -0.38271855E-003
    -0.85414437E+000    -0.90243201E-003    -0.66030575E-003    -0.11685573E+002    -0.84604494E+000    -0.66203541E-003    -0.38603748E-003
    -0.85338446E+000    -0.90261095E-003    -0.66448423E-003    -0.11700722E+002    -0.85148248E+000    -0.66408193E-003    -0.38938993E-003
    -0.85262454E+000    -0.90277936E-003    -0.66868527E-003    -0.11715952E+002    -0.85695495E+000    -0.66613698E-003    -0.39277629E-003
    -0.85186463E+000    -0.90293705E-003    -0.67290901E-003    -0.11731261E+002    -0.86246264E+000    -0.66820047E-003    -0.39619697E-003
    -0.85110471E+000    -0.90308387E-003    -0.67715555E-003    -0.11746652E+002    -0.86800587E+000    -0.67027230E-003    -0.39965239E-003
    -0.85034480E+000    -0.90321965E-003    -0.68142501E-003    -0.11762123E+002    -0.87358492E+000    -0.67235239E-003    -0.40314296E-003
    -0.84958488E+000    -0.90334420E-003    -0.68571751E-003    -0.11777676E+002    -0.87920012E+000    -0.67444062E-003    -0.40666910E-003
    -0.84882497E+000    -0.90345737E-003    -0.69003318E-003    -0.11793311E+002    -0.88485177E+000    -0.67653691E-003    -0.41023125E-003
    -0.84806505E+000    -0.90355897E-003    -0.69437212E-003    -0.11809028E+002    -0.89054019E+000    -0.67864113E-003    -0.41382983E-003
    -0.84730514E+000    -0.90364880E-003    -0.69873447E-003    -0.11824827E+002    -0.89626570E+000    -0.68075319E-003    -0.41746528E-003
    -0.84654522E+000    -0.90372671E-003    -0.70312031E-003    -0.11840710E+002    -0.90202862E+000    -0.68287296E-003    -0.42113804E-003
    -0.84578531E+000    -0.90379251E-003    -0.70752978E-003    -0.11856675E+002    -0.90782928E+000    -0.68500033E-003    -0.42484856E-003
    -0.84502539E+000    -0.90384604E-003    -0.71196299E-003    -0.11872725E+002    -0.91366799E+000    -0.68713516E-003    -0.42859729E-003
    -0.84426548E+000    -0.90388711E-003    -0.71642006E-003    -0.11888858E+002    -0.91954510E+000    -0.68927733E-003    -0.43238468E-003
    -0.84350556E+000    -0.90391556E-003    -0.72090112E-003    -0.11905077E+002    -0.92546093E+000    -0.69142671E-003    -0.43621121E-003
    -0.84274565E+000    -0.90393120E-003    -0.72540631E-003    -0.11921380E+002    -0.93141583E+000    -0.69358315E-003    -0.44007732E-003
    -0.84198573E+000    -0.90393383E-003    -0.72993575E-003    -0.11937768E+002    -0.93741012E+000    -0.69574652E-003    -0.44398351E-003
    -0.84122582E+000    -0.90392327E-003    -0.73448959E-003    -0.11954242E+002    -0.94344416E+000    -0.69791665E-003    -0.44793023E-003
    -0.84046590E+000    -0.90389931E-003    -0.73906792E-003    -0.11970802E+002    -0.94951830E+000    -0.70009339E-003    -0.45191798E-003
    -0.83970599E+000    -0.90386177E-003    -0.74367087E-003    -0.11987448E+002    -0.95563287E+000    -0.70227659E-003    -0.45594724E-003
    -0.83894607E+000    -0.90381048E-003    -0.74829858E-003    -0.12004182E+002    -0.96178824E+000    -0.70446607E-003    -0.46001850E-003
    -0.83818616E+000    -0.90374525E-003    -0.75295117E-003    -0.12021002E+002    -0.96798476E+000    -0.70666167E-003    -0.46413227E-003
    -0.83742625E+000    -0.90366586E-003    -0.75762880E-003    -0.12037911E+002    -0.97422280E+000    -0.70886321E-003    -0.46828904E-003
    -0.83666633E+000    -0.90357214E-003    -0.76233159E-003    -0.12054907E+002    -0.98050271E+000    -0.71107049E-003    -0.47248931E-003
    -0.83590642E+000    -0.90346386E-003    -0.76705969E-003    -0.12071992E+002    -0.98682486E+000    -0.71328333E-003    -0.47673362E-003
    -0.83514650E+000    -0.90334082E-003    -0.77181319E-003    -0.12089166E+002    -0.99318962E+000    -0.71550154E-003    -0.48102246E-003
    -0.83438659E+000    -0.90320285E-003    -0.77659225E-003    -0.12106429E+002    -0.99959738E+000    -0.71772491E-003    -0.48535637E-003
    -0.83362667E+000    -0.90304975E-003    -0.78139700E-003    -0.12123783E+002    -0.10060485E+001    -0.71995323E-003    -0.48973588E-003
    -0.83286676E+000    -0.90288133E-003    -0.78622760E-003    -0.12141226E+002    -0.10125434E+001    -0.72218628E-003    -0.49416151E-003
    -0.83210684E+000    -0.90269736E-003    -0.79108420E-003    -0.12158760E+002    -0.10190824E+001    -0.72442384E-003    -0.49863381E-003
    -0.83134693E+000    -0.90249764E-003    -0.79596695E-003    -0.12176385E+002    -0.10256659E+001    -0.72666568E-003    -0.50315333E-003
    -0.83058701E+000    -0.90228195E-003    -0.80087599E-003    -0.12194102E+002    -0.10322944E+001    -0.72891157E-003    -0.50772062E-003
    -0.82982710E+000    -0.90205009E-003    -0.80581147E-003    -0.12211911E+002    -0.10389681E+001    -0.73116125E-003    -0.51233622E-003
    -0.82906718E+000    -0.90180185E-003    -0.81077355E-003    -0.12229812E+002    -0.10456876E+001    -0.73341447E-003    -0.51700071E-003
    -0.82830727E+000    -0.90153699E-003    -0.81576237E-003    -0.12247806E+002    -0.10524532E+001    -0.73567098E-003    -0.52171465E-003
    -0.82754735E+000    -0.90125531E-003    -0.82077811E-003    -0.12265893E+002    -0.10592654E+001    -0.73793050E-003    -0.52647861E-003
    -0.82678744E+000    -0.90095657E-003    -0.82582091E-003    -0.12284075E+002    -0.10661245E+001    -0.74019276E-003    -0.53129317E-003
    -0.82602752E+000    -0.90064056E-003    -0.83089092E-003    -0.12302350E+002    -0.10730309E+001    -0.74245747E-003    -0.53615891E-003
    -0.82526761E+000    -0.90030707E-003    -0.83598831E-003    -0.12320720E+002    -0.10799852E+001    -0.74472435E-003    -0.54107642E-003
    -0.82450769E+000    -0.89995585E-003    -0.84111326E-003    -0.12339186E+002    -0.10869876E+001    -0.74699308E-003    -0.54604630E-003
    -0.82374778E+000    -0.89958668E-003    -0.84626593E-003    -0.12357747E+002    -0.10940387E+001    -0.74926336E-003    -0.55106915E-003
    -0.82298786E+000    -0.89919932E-003    -0.85144650E-003    -0.12376404E+002    -0.11011389E+001    -0.75153488E-003    -0.55614556E-003
    -0.82222795E+000    -0.89879354E-003    -0.85665513E-003    -0.12395158E+002    -0.11082886E+001    -0.75380730E-003    -0.56127616E-003
    -0.82146803E+000    -0.89836908E-003    -0.86189199E-003    -0.12414009E+002    -0.11154883E+001    -0.75608028E-003    -0.56646156E-003
    -0.82070812E+000    -0.89792572E-003    -0.86715726E-003    -0.12432957E+002    -0.11227384E+001    -0.75835348E-003    -0.57170237E-003
    -0.81994820E+000    -0.89746321E-003    -0.87245112E-003    -0.12452004E+002    -0.11300393E+001    -0.76062654E-003    -0.57699923E-003
    -0.81918829E+000    -0.89698132E-003    -0.87777376E-003    -0.12471149E+002    -0.11373916E+001    -0.76289909E-003    -0.58235277E-003
    -0.81842837E+000    -0.89647978E-003    -0.88312538E-003    -0.12490393E+002    -0.11447957E+001    -0.76517077E-003    -0.58776362E-003
    -0.81766846E+000    -0.89595835E-003    -0.88850614E-003    -0.12509737E+002    -0.11522520E+001    -0.76744117E-003    -0.59323243E-003
    -0.81690854E+000    -0.89541677E-003    -0.89391626E-003    -0.12529181E+002    -0.11597611E+001    -0.76970991E-003    -0.59875985E-003
    -0.81614863E+000    -0.89485478E-003    -0.89935594E-003    -0.12548725E+002    -0.11673234E+001    -0.77197658E-003    -0.60434653E-003
    -0.81538871E+000    -0.89427212E-003    -0.90482538E-003    -0.12568371E+002    -0.11749393E+001    -0.77424075E-003    -0.60999314E-003
    -0.81462880E+000    -0.89366850E-003    -0.91032478E-003    -0.12588118E+002    -0.11826095E+001    -0.77650200E-003    -0.61570032E-003
    -0.81386888E+000    -0.89304365E-003    -0.91585435E-003    -0.12607967E+002    -0.11903343E+001    -0.77875989E-003    -0.62146876E-003
    -0.81310897E+000    -0.89239730E-003    -0.92141429E-003    -0.12627919E+002    -0.11981143E+001    -0.78101395E-003    -0.62729914E-003
    -0.81234905E+000    -0.89172919E-003    -0.92700483E-003    -0.12647974E+002    -0.12059499E+001    -0.78326374E-003    -0.63319212E-003
    -0.81158914E+000    -0.89103901E-003    -0.93262619E-003    -0.12668133E+002    -0.12138418E+001    -0.78550877E-003    -0.63914840E-003
    -0.81082922E+000    -0.89032647E-003    -0.93827859E-003    -0.12688396E+002    -0.12217903E+001    -0.78774855E-003    -0.64516866E-003
    -0.81006931E+000    -0.88959126E-003    -0.94396225E-003    -0.12708763E+002    -0.12297961E+001    -0.78998258E-003    -0.65125361E-003
    -0.80930939E+000    -0.88883311E-003    -0.94967739E-003    -0.12729237E+002    -0.12378596E+001    -0.79221035E-003    -0.65740394E-003
    -0.80854948E+000    -0.88805171E-003    -0.95542424E-003    -0.12749816E+002    -0.12459814E+001    -0.79443133E-003    -0.66362035E-003
    -0.80778956E+000    -0.88724676E-003    -0.96120305E-003    -0.12770501E+002    -0.12541620E+001    -0.79664497E-003    -0.66990357E-003
    -0.80702965E+000    -0.88641795E-003    -0.96701408E-003    -0.12791293E+002    -0.12624019E+001    -0.79885074E-003    -0.67625430E-003
    -0.80626973E+000    -0.88556496E-003    -0.97285758E-003    -0.12812193E+002    -0.12707018E+001    -0.80104805E-003    -0.68267326E-003
    -0.80550982E+000    -0.88468743E-003    -0.97873379E-003    -0.12833201E+002    -0.12790621E+001    -0.80323633E-003    -0.68916119E-003
    -0.80474990E+000    -0.88378506E-003    -0.98464296E-003    -0.12854318E+002    -0.12874835E+001    -0.80541498E-003    -0.69571881E-003
    -0.80398999E+000    -0.88285751E-003    -0.99058536E-003    -0.12875544E+002    -0.12959664E+001    -0.80758339E-003    -0.70234685E-003
    -0.80323007E+000    -0.88190444E-003    -0.99656126E-003    -0.12896880E+002    -0.13045115E+001    -0.80974094E-003    -0.70904605E-003
    -0.80247016E+000    -0.88092550E-003    -0.10025709E-002    -0.12918326E+002    -0.13131193E+001    -0.81188698E-003    -0.71581717E-003
    -0.80171024E+000    -0.87992033E-003    -0.10086147E-002    -0.12939883E+002    -0.13217905E+001    -0.81402086E-003    -0.72266093E-003
    -0.80095033E+000    -0.87888856E-003    -0.10146927E-002    -0.12961552E+002    -0.13305255E+001    -0.81614192E-003    -0.72957811E-003
    -0.80019041E+000    -0.87782983E-003    -0.10208054E-002    -0.12983332E+002    -0.13393251E+001    -0.81824946E-003    -0.73656945E-003
    -0.79943050E+000    -0.87674374E-003    -0.10269530E-002    -0.13005226E+002    -0.13481898E+001    -0.82034277E-003    -0.74363572E-003
    -0.79867058E+000    -0.87562991E-003    -0.10331359E-002    -0.13027233E+002    -0.13571203E+001    -0.82242115E-003    -0.75077768E-003
    -0.79791067E+000    -0.87448794E-003    -0.10393542E-002    -0.13049354E+002    -0.13661171E+001    -0.82448386E-003    -0.75799610E-003
    -0.79715075E+000    -0.87331740E-003    -0.10456084E-002    -0.13071590E+002    -0.13751809E+001    -0.82653013E-003    -0.76529176E-003
    -0.79639084E+000    -0.87211791E-003    -0.10518987E-002    -0.13093941E+002    -0.13843122E+001    -0.82855921E-003    -0.77266542E-003
    -0.79563092E+000    -0.87088904E-003    -0.10582255E-002    -0.13116407E+002    -0.13935119E+001    -0.83057030E-003    -0.78011788E-003
    -0.79487101E+000    -0.86963037E-003    -0.10645890E-002    -0.13138991E+002    -0.14027804E+001    -0.83256260E-003    -0.78764991E-003
    -0.79411109E+000    -0.86834146E-003    -0.10709896E-002    -0.13161691E+002    -0.14121185E+001    -0.83453528E-003    -0.79526230E-003
    -0.79335118E+000    -0.86702188E-003    -0.10774276E-002    -0.13184509E+002    -0.14215268E+001    -0.83648750E-003    -0.80295585E-003
    -0.79259126E+000    -0.86567118E-003    -0.10839035E-002    -0.13207445E+002    -0.14310060E+001    -0.83841840E-003    -0.81073134E-003
    -0.79183135E+000    -0.86428885E-003    -0.10904175E-002    -0.13230501E+002    -0.14405568E+001    -0.84032709E-003    -0.81858958E-003
    -0.79107143E+000    -0.86287441E-003    -0.10969700E-002    -0.13253676E+002    -0.14501798E+001    -0.84221268E-003    -0.82653136E-003
    -0.79031152E+000    -0.86142734E-003    -0.11035613E-002    -0.13276971E+002    -0.14598757E+001    -0.84407424E-003    -0.83455749E-003
    -0.78955161E+000    -0.85994717E-003    -0.11101919E-002    -0.13300387E+002    -0.14696453E+001    -0.84591084E-003    -0.84266877E-003
    -0.78879169E+000    -0.85843338E-003    -0.11168621E-002    -0.13323926E+002    -0.14794892E+001    -0.84772150E-003    -0.85086602E-003
    -0.78803178E+000    -0.85688546E-003    -0.11235722E-002    -0.13347586E+002    -0.14894082E+001    -0.84950525E-003    -0.85915003E-003
    -0.78727186E+000    -0.85530284E-003    -0.11303226E-002    -0.13371369E+002    -0.14994029E+001    -0.85126108E-003    -0.86752163E-003
    -0.78651195E+000    -0.85368498E-003    -0.11371139E-002    -0.13395276E+002    -0.15094742E+001    -0.85298797E-003    -0.87598163E-003
    -0.78575203E+000    -0.85203130E-003    -0.11439462E-002    -0.13419308E+002    -0.15196228E+001    -0.85468486E-003    -0.88453084E-003
    -0.78499212E+000    -0.85034120E-003    -0.11508201E-002    -0.13443464E+002    -0.15298494E+001    -0.85635069E-003    -0.89317009E-003
    -0.78423220E+000    -0.84861408E-003    -0.11577360E-002    -0.13467747E+002    -0.15401547E+001    -0.85798436E-003    -0.90190019E-003
    -0.78347229E+000    -0.84684935E-003    -0.11646942E-002    -0.13492155E+002    -0.15505395E+001    -0.85958475E-003    -0.91072196E-003
    -0.78271237E+000    -0.84504639E-003    -0.11716952E-002    -0.13516691E+002    -0.15610047E+001    -0.86115072E-003    -0.91963623E-003
    -0.78195246E+000    -0.84320454E-003    -0.11787393E-002    -0.13541355E+002    -0.15715510E+001    -0.86268110E-003    -0.92864381E-003
    -0.78119254E+000    -0.84132314E-003    -0.11858272E-002    -0.13566148E+002    -0.15821792E+001    -0.86417471E-003    -0.93774554E-003
    -0.78043263E+000    -0.83940151E-003    -0.11929591E-002    -0.13591069E+002    -0.15928900E+001    -0.86563033E-003    -0.94694223E-003
    -0.77967271E+000    -0.83743894E-003    -0.12001356E-002    -0.13616121E+002    -0.16036844E+001    -0.86704671E-003    -0.95623470E-003
    -0.77891280E+000    -0.83543471E-003    -0.12073571E-002    -0.13641304E+002    -0.16145631E+001    -0.86842259E-003    -0.96562379E-003
    -0.77815288E+000    -0.83338807E-003    -0.12146240E-002    -0.13666618E+002    -0.16255270E+001    -0.86975668E-003    -0.97511031E-003
    -0.77739297E+000    -0.83129828E-003    -0.12219367E-002    -0.13692064E+002    -0.16365769E+001    -0.87104764E-003    -0.98469508E-003
    -0.77663305E+000    -0.82916456E-003    -0.12292959E-002    -0.13717644E+002    -0.16477136E+001    -0.87229415E-003    -0.99437894E-003
    -0.77587314E+000    -0.82698614E-003    -0.12367018E-002    -0.13743357E+002    -0.16589380E+001    -0.87349481E-003    -0.10041627E-002
    -0.77511322E+000    -0.82476219E-003    -0.12441551E-002    -0.13769205E+002    -0.16702511E+001    -0.87464822E-003    -0.10140472E-002
    -0.77435331E+000    -0.82249186E-003    -0.12516562E-002    -0.13795188E+002    -0.16816536E+001    -0.87575295E-003    -0.10240332E-002
    -0.77359339E+000    -0.82017428E-003    -0.12592055E-002    -0.13821307E+002    -0.16931465E+001    -0.87680754E-003    -0.10341215E-002
    -0.77283348E+000    -0.81780857E-003    -0.12668037E-002    -0.13847563E+002    -0.17047306E+001    -0.87781049E-003    -0.10443130E-002
    -0.77207356E+000    -0.81539382E-003    -0.12744511E-002    -0.13873957E+002    -0.17164069E+001    -0.87876028E-003    -0.10546085E-002
    -0.77131365E+000    -0.81292909E-003    -0.12821482E-002    -0.13900489E+002    -0.17281764E+001    -0.87965534E-003    -0.10650087E-002
    -0.77055373E+000    -0.81041343E-003    -0.12898957E-002    -0.13927161E+002    -0.17400398E+001    -0.88049411E-003    -0.10755145E-002
    -0.76979382E+000    -0.80784583E-003    -0.12976939E-002    -0.13953972E+002    -0.17519983E+001    -0.88127495E-003    -0.10861267E-002
    -0.76903390E+000    -0.80522528E-003    -0.13055435E-002    -0.13980924E+002    -0.17640527E+001    -0.88199622E-003    -0.10968461E-002
    -0.76827399E+000    -0.80255072E-003    -0.13134449E-002    -0.14008018E+002    -0.17762040E+001    -0.88265623E-003    -0.11076734E-002
    -0.76751407E+000    -0.79982108E-003    -0.13213986E-002    -0.14035255E+002    -0.17884533E+001    -0.88325325E-003    -0.11186094E-002
    -0.76675416E+000    -0.79703526E-003    -0.13294051E-002    -0.14062635E+002    -0.18008014E+001    -0.88378555E-003    -0.11296550E-002
    -0.76599424E+000    -0.79419213E-003    -0.13374650E-002    -0.14090159E+002    -0.18132494E+001    -0.88425131E-003    -0.11408108E-002
    -0.76523433E+000    -0.79129052E-003    -0.13455788E-002    -0.14117828E+002    -0.18257984E+001    -0.88464874E-003    -0.11520777E-002
    -0.76447441E+000    -0.78832925E-003    -0.13537470E-002    -0.14145643E+002    -0.18384492E+001    -0.88497595E-003    -0.11634564E-002
    -0.76371450E+000    -0.78530708E-003    -0.13619701E-002    -0.14173604E+002    -0.18512031E+001    -0.88523105E-003    -0.11749476E-002
    -0.76295458E+000    -0.78222274E-003    -0.13702487E-002    -0.14201713E+002    -0.18640610E+001    -0.88541211E-003    -0.11865522E-002
    -0.76219467E+000    -0.77907493E-003    -0.13785833E-002    -0.14229971E+002    -0.18770240E+001    -0.88551714E-003    -0.11982707E-002
    -0.76143475E+000    -0.77586232E-003    -0.13869744E-002    -0.14258377E+002    -0.18900932E+001    -0.88554414E-003    -0.12101040E-002
    -0.76067484E+000    -0.77258352E-003    -0.13954225E-002    -0.14286934E+002    -0.19032697E+001    -0.88549105E-003    -0.12220528E-002
    -0.75991492E+000    -0.76923711E-003    -0.14039282E-002    -0.14315642E+002    -0.19165545E+001    -0.88535578E-003    -0.12341176E-002
    -0.75915501E+000    -0.76582166E-003    -0.14124919E-002    -0.14344502E+002    -0.19299489E+001    -0.88513618E-003    -0.12462994E-002
    -0.75839509E+000    -0.76233569E-003    -0.14211142E-002    -0.14373515E+002    -0.19434539E+001    -0.88483008E-003    -0.12585986E-002
    -0.75763518E+000    -0.75877766E-003    -0.14297956E-002    -0.14402682E+002    -0.19570707E+001    -0.88443526E-003    -0.12710160E-002
    -0.75687526E+000    -0.75514598E-003    -0.14385366E-002    -0.14432003E+002    -0.19708004E+001    -0.88394945E-003    -0.12835522E-002
    -0.75611535E+000    -0.75143903E-003    -0.14473377E-002    -0.14461480E+002    -0.19846443E+001    -0.88337034E-003    -0.12962079E-002
    -0.75535543E+000    -0.74765516E-003    -0.14561993E-002    -0.14491113E+002    -0.19986035E+001    -0.88269558E-003    -0.13089836E-002
    -0.75459552E+000    -0.74379268E-003    -0.14651220E-002    -0.14520904E+002    -0.20126792E+001    -0.88192276E-003    -0.13218800E-002
    -0.75383560E+000    -0.73984984E-003    -0.14741062E-002    -0.14550854E+002    -0.20268726E+001    -0.88104944E-003    -0.13348976E-002
    -0.75307569E+000    -0.73582483E-003    -0.14831523E-002    -0.14580962E+002    -0.20411850E+001    -0.88007313E-003    -0.13480370E-002
    -0.75231577E+000    -0.73171580E-003    -0.14922609E-002    -0.14611231E+002    -0.20556176E+001    -0.87899127E-003    -0.13612988E-002
    -0.75155586E+000    -0.72752085E-003    -0.15014324E-002    -0.14641661E+002    -0.20701718E+001    -0.87780128E-003    -0.13746834E-002
    -0.75079594E+000    -0.72323802E-003    -0.15106672E-002    -0.14672253E+002    -0.20848487E+001    -0.87650052E-003    -0.13881913E-002
    -0.75003603E+000    -0.71886530E-003    -0.15199656E-002    -0.14703009E+002    -0.20996496E+001    -0.87508628E-003    -0.14018231E-002
    -0.74927611E+000    -0.71440068E-003    -0.15293281E-002    -0.14733929E+002    -0.21145759E+001    -0.87355582E-003    -0.14155792E-002
    -0.74851620E+000    -0.70984206E-003    -0.15387551E-002    -0.14765014E+002    -0.21296290E+001    -0.87190635E-003    -0.14294599E-002
    -0.74775628E+000    -0.70518725E-003    -0.15482469E-002    -0.14796265E+002    -0.21448100E+001    -0.87013501E-003    -0.14434657E-002
    -0.74699637E+000    -0.70043404E-003    -0.15578038E-002    -0.14827683E+002    -0.21601205E+001    -0.86823891E-003    -0.14575970E-002
    -0.74623645E+000    -0.69558014E-003    -0.15674262E-002    -0.14859270E+002    -0.21755618E+001    -0.86621506E-003    -0.14718540E-002
    -0.74547654E+000    -0.69062323E-003    -0.15771143E-002    -0.14891026E+002    -0.21911353E+001    -0.86406047E-003    -0.14862372E-002
    -0.74471662E+000    -0.68556092E-003    -0.15868683E-002    -0.14922952E+002    -0.22068424E+001    -0.86177205E-003    -0.15007467E-002
    -0.74395671E+000    -0.68039077E-003    -0.15966886E-002    -0.14955049E+002    -0.22226846E+001    -0.85934668E-003    -0.15153827E-002
    -0.74319679E+000    -0.67511027E-003    -0.16065753E-002    -0.14987319E+002    -0.22386632E+001    -0.85678117E-003    -0.15301456E-002
    -0.74243688E+000    -0.66971684E-003    -0.16165286E-002    -0.15019762E+002    -0.22547798E+001    -0.85407227E-003    -0.15450354E-002
    -0.74167696E+000    -0.66420783E-003    -0.16265486E-002    -0.15052380E+002    -0.22710358E+001    -0.85121667E-003    -0.15600522E-002
    -0.74091705E+000    -0.65858055E-003    -0.16366354E-002    -0.15085173E+002    -0.22874328E+001    -0.84821100E-003    -0.15751962E-002
    -0.74015714E+000    -0.65283223E-003    -0.16467891E-002    -0.15118143E+002    -0.23039722E+001    -0.84505184E-003    -0.15904673E-002
    -0.73939722E+000    -0.64696005E-003    -0.16570097E-002    -0.15151290E+002    -0.23206557E+001    -0.84173569E-003    -0.16058655E-002
    -0.73863731E+000    -0.64096109E-003    -0.16672972E-002    -0.15184617E+002    -0.23374848E+001    -0.83825899E-003    -0.16213908E-002
    -0.73787739E+000    -0.63483237E-003    -0.16776515E-002    -0.15218123E+002    -0.23544611E+001    -0.83461814E-003    -0.16370430E-002
    -0.73711748E+000    -0.62857086E-003    -0.16880724E-002    -0.15251811E+002    -0.23715861E+001    -0.83080945E-003    -0.16528220E-002
    -0.73635756E+000    -0.62217345E-003    -0.16985598E-002    -0.15285680E+002    -0.23888616E+001    -0.82682917E-003    -0.16687275E-002
    -0.73559765E+000    -0.61563698E-003    -0.17091135E-002    -0.15319733E+002    -0.24062891E+001    -0.82267350E-003    -0.16847592E-002
    -0.73483773E+000    -0.60895819E-003    -0.17197332E-002    -0.15353971E+002    -0.24238704E+001    -0.81833855E-003    -0.17009169E-002
    -0.73407782E+000    -0.60213378E-003    -0.17304185E-002    -0.15388394E+002    -0.24416070E+001    -0.81382039E-003    -0.17171999E-002
    -0.73331790E+000    -0.59516036E-003    -0.17411691E-002    -0.15423004E+002    -0.24595009E+001    -0.80911500E-003    -0.17336080E-002
    -0.73255799E+000    -0.58803449E-003    -0.17519844E-002    -0.15457802E+002    -0.24775536E+001    -0.80421832E-003    -0.17501405E-002
    -0.73179807E+000    -0.58075260E-003    -0.17628639E-002    -0.15492789E+002    -0.24957669E+001    -0.79912620E-003    -0.17667968E-002
    -0.73103816E+000    -0.57331107E-003    -0.17738071E-002    -0.15527967E+002    -0.25141427E+001    -0.79383442E-003    -0.17835761E-002
    -0.73027824E+000    -0.56570623E-003    -0.17848132E-002    -0.15563336E+002    -0.25326827E+001    -0.78833873E-003    -0.18004778E-002
    -0.72951833E+000    -0.55793432E-003    -0.17958814E-002    -0.15598898E+002    -0.25513888E+001    -0.78263477E-003    -0.18175009E-002
    -0.72875841E+000    -0.54999153E-003    -0.18070109E-002    -0.15634654E+002    -0.25702628E+001    -0.77671814E-003    -0.18346444E-002
    -0.72799850E+000    -0.54187396E-003    -0.18182007E-002    -0.15670606E+002    -0.25893066E+001    -0.77058435E-003    -0.18519074E-002
    -0.72723858E+000    -0.53357766E-003    -0.18294498E-002    -0.15706753E+002    -0.26085222E+001    -0.76422887E-003    -0.18692887E-002
    -0.72647867E+000    -0.52509855E-003    -0.18407571E-002    -0.15743099E+002    -0.26279114E+001    -0.75764709E-003    -0.18867870E-002
    -0.72571875E+000    -0.51643251E-003    -0.18521214E-002    -0.15779644E+002    -0.26474762E+001    -0.75083433E-003    -0.19044010E-002
    -0.72495884E+000    -0.50757536E-003    -0.18635412E-002    -0.15816389E+002    -0.26672187E+001    -0.74378586E-003    -0.19221293E-002
    -0.72419892E+000    -0.49852286E-003    -0.18750151E-002    -0.15853336E+002    -0.26871408E+001    -0.73649688E-003    -0.19399703E-002
    -0.72343901E+000    -0.48927070E-003    -0.18865416E-002    -0.15890486E+002    -0.27072446E+001    -0.72896251E-003    -0.19579223E-002
    -0.72267909E+000    -0.47981448E-003    -0.18981190E-002    -0.15927840E+002    -0.27275321E+001    -0.72117783E-003    -0.19759836E-002
    -0.72191918E+000    -0.47014972E-003    -0.19097456E-002    -0.15965400E+002    -0.27480055E+001    -0.71313785E-003    -0.19941522E-002
    -0.72115926E+000    -0.46027187E-003    -0.19214194E-002    -0.16003167E+002    -0.27686670E+001    -0.70483753E-003    -0.20124261E-002
    -0.72039935E+000    -0.45017631E-003    -0.19331384E-002    -0.16041142E+002    -0.27895186E+001    -0.69627176E-003    -0.20308031E-002
    -0.71963943E+000    -0.43985840E-003    -0.19449003E-002    -0.16079327E+002    -0.28105626E+001    -0.68743538E-003    -0.20492810E-002
    -0.71887952E+000    -0.42931345E-003    -0.19567029E-002    -0.16117723E+002    -0.28318012E+001    -0.67832318E-003    -0.20678573E-002
    -0.71811960E+000    -0.41853668E-003    -0.19685436E-002    -0.16156332E+002    -0.28532367E+001    -0.66892988E-003    -0.20865293E-002
    -0.71735969E+000    -0.40752324E-003    -0.19804198E-002    -0.16195154E+002    -0.28748714E+001    -0.65925018E-003    -0.21052945E-002
    -0.71659977E+000    -0.39626822E-003    -0.19923288E-002    -0.16234192E+002    -0.28967076E+001    -0.64927871E-003    -0.21241498E-002
    -0.71583986E+000    -0.38476669E-003    -0.20042677E-002    -0.16273447E+002    -0.29187477E+001    -0.63901006E-003    -0.21430922E-002
    -0.71507994E+000    -0.37301366E-003    -0.20162332E-002    -0.16312920E+002    -0.29409941E+001    -0.62843880E-003    -0.21621185E-002
    -0.71432003E+000    -0.36100409E-003    -0.20282222E-002    -0.16352612E+002    -0.29634493E+001    -0.61755943E-003    -0.21812253E-002
    -0.71356011E+000    -0.34873291E-003    -0.20402312E-002    -0.16392526E+002    -0.29861157E+001    -0.60636644E-003    -0.22004091E-002
    -0.71280020E+000    -0.33619499E-003    -0.20522565E-002    -0.16432663E+002    -0.30089958E+001    -0.59485428E-003    -0.22196661E-002
    -0.71204028E+000    -0.32338517E-003    -0.20642944E-002    -0.16473023E+002    -0.30320923E+001    -0.58301738E-003    -0.22389924E-002
    -0.71128037E+000    -0.31029827E-003    -0.20763409E-002    -0.16513610E+002    -0.30554077E+001    -0.57085015E-003    -0.22583838E-002
    -0.71052045E+000    -0.29692908E-003    -0.20883917E-002    -0.16554423E+002    -0.30789447E+001    -0.55834698E-003    -0.22778362E-002
    -0.70976054E+000    -0.28327237E-003    -0.21004424E-002    -0.16595466E+002    -0.31027059E+001    -0.54550224E-003    -0.22973448E-002
    -0.70900062E+000    -0.26932287E-003    -0.21124885E-002    -0.16636738E+002    -0.31266941E+001    -0.53231031E-003    -0.23169051E-002
    -0.70824071E+000    -0.25507529E-003    -0.21245252E-002    -0.16678243E+002    -0.31509121E+001    -0.51876556E-003    -0.23365121E-002
    -0.70748079E+000    -0.24052436E-003    -0.21365474E-002    -0.16719981E+002    -0.31753627E+001    -0.50486237E-003    -0.23561607E-002
    -0.70672088E+000    -0.22566481E-003    -0.21485498E-002    -0.16761954E+002    -0.32000487E+001    -0.49059513E-003    -0.23758455E-002
    -0.70596096E+000    -0.21049134E-003    -0.21605270E-002    -0.16804164E+002    -0.32249731E+001    -0.47595824E-003    -0.23955609E-002
    -0.70520105E+000    -0.19499869E-003    -0.21724732E-002    -0.16846613E+002    -0.32501388E+001    -0.46094615E-003    -0.24153011E-002
    -0.70444113E+000    -0.17918160E-003    -0.21843826E-002    -0.16889301E+002    -0.32755489E+001    -0.44555332E-003    -0.24350602E-002
    -0.70368122E+000    -0.16303486E-003    -0.21962489E-002    -0.16932231E+002    -0.33012064E+001    -0.42977425E-003    -0.24548318E-002
    -0.70292130E+000    -0.14655327E-003    -0.22080657E-002    -0.16975404E+002    -0.33271144E+001    -0.41360352E-003    -0.24746093E-002
    -0.70216139E+000    -0.12973166E-003    -0.22198263E-002    -0.17018823E+002    -0.33532762E+001    -0.39703571E-003    -0.24943861E-002
    -0.70140147E+000    -0.11256492E-003    -0.22315238E-002    -0.17062488E+002    -0.33796949E+001    -0.38006553E-003    -0.25141552E-002
    -0.70064156E+000    -0.95047992E-004    -0.22431510E-002    -0.17106401E+002    -0.34063739E+001    -0.36268773E-003    -0.25339092E-002
    -0.69988164E+000    -0.77175864E-004    -0.22547005E-002    -0.17150565E+002    -0.34333165E+001    -0.34489713E-003    -0.25536406E-002
    -0.69912173E+000    -0.58943589E-004    -0.22661646E-002    -0.17194980E+002    -0.34605260E+001    -0.32668868E-003    -0.25733418E-002
    -0.69836181E+000    -0.40346290E-004    -0.22775353E-002    -0.17239649E+002    -0.34880060E+001    -0.30805742E-003    -0.25930047E-002
    -0.69760190E+000    -0.21379181E-004    -0.22888044E-002    -0.17284574E+002    -0.35157600E+001    -0.28899849E-003    -0.26126209E-002
    -0.69684198E+000    -0.20375820E-005    -0.22999632E-002    -0.17329755E+002    -0.35437916E+001    -0.26950717E-003    -0.26321819E-002
    -0.69608207E+000     0.17683079E-004    -0.23110032E-002    -0.17375196E+002    -0.35721044E+001    -0.24957888E-003    -0.26516790E-002
    -0.69532215E+000     0.37787268E-004    -0.23219150E-002    -0.17420897E+002    -0.36007021E+001    -0.22920918E-003    -0.26711030E-002
    -0.69456224E+000     0.58279321E-004    -0.23326895E-002    -0.17466861E+002    -0.36295886E+001    -0.20839378E-003    -0.26904447E-002
    -0.69380232E+000     0.79163453E-004    -0.23433170E-002    -0.17513090E+002    -0.36587678E+001    -0.18712860E-003    -0.27096942E-002
    -0.69304241E+000     0.10044375E-003    -0.23537876E-002    -0.17559584E+002    -0.36882435E+001    -0.16540969E-003    -0.27288420E-002
    -0.69228249E+000     0.12212413E-003    -0.23640910E-002    -0.17606346E+002    -0.37180197E+001    -0.14323334E-003    -0.27478776E-002
    -0.69152258E+000     0.14420836E-003    -0.23742169E-002    -0.17653379E+002    -0.37481006E+001    -0.12059602E-003    -0.27667909E-002
    -0.69076267E+000     0.16670002E-003    -0.23841543E-002    -0.17700683E+002    -0.37784903E+001    -0.97494442E-004    -0.27855711E-002
    -0.69000275E+000     0.18960249E-003    -0.23938922E-002    -0.17748260E+002    -0.38091930E+001    -0.73925546E-004    -0.28042072E-002
    -0.68924284E+000     0.21291898E-003    -0.24034193E-002    -0.17796113E+002    -0.38402131E+001    -0.49886520E-004    -0.28226882E-002
    -0.68848292E+000     0.23665249E-003    -0.24127239E-002    -0.17844243E+002    -0.38715550E+001    -0.25374812E-004    -0.28410026E-002
    -0.68772301E+000     0.26080580E-003    -0.24217941E-002    -0.17892652E+002    -0.39032231E+001    -0.38814990E-006    -0.28591387E-002
    -0.68696309E+000     0.28538143E-003    -0.24306177E-002    -0.17941342E+002    -0.39352220E+001     0.25075452E-004    -0.28770847E-002
    -0.68620318E+000     0.31038171E-003    -0.24391822E-002    -0.17990315E+002    -0.39675564E+001     0.51017675E-004    -0.28948283E-002
    -0.68544326E+000     0.33580869E-003    -0.24474747E-002    -0.18039573E+002    -0.40002310E+001     0.77439884E-004    -0.29123573E-002
    -0.68468335E+000     0.36166415E-003    -0.24554822E-002    -0.18089117E+002    -0.40332506E+001     0.10434311E-003    -0.29296589E-002
    -0.68392343E+000     0.38794960E-003    -0.24631913E-002    -0.18138950E+002    -0.40666203E+001     0.13172806E-003    -0.29467205E-002
    -0.68316352E+000     0.41466627E-003    -0.24705885E-002    -0.18189073E+002    -0.41003449E+001     0.15959504E-003    -0.29635290E-002
    -0.68240360E+000     0.44181510E-003    -0.24776597E-002    -0.18239488E+002    -0.41344296E+001     0.18794403E-003    -0.29800712E-002
    -0.68164369E+000     0.46939665E-003    -0.24843909E-002    -0.18290197E+002    -0.41688797E+001     0.21677459E-003    -0.29963337E-002
    -0.68088377E+000     0.49741121E-003    -0.24907675E-002    -0.18341202E+002    -0.42037004E+001     0.24608592E-003    -0.30123030E-002
    -0.68012386E+000     0.52585872E-003    -0.24967748E-002    -0.18392504E+002    -0.42388971E+001     0.27587677E-003    -0.30279653E-002
    -0.67936394E+000     0.55473877E-003    -0.25023979E-002    -0.18444106E+002    -0.42744755E+001     0.30614549E-003    -0.30433068E-002
    -0.67860403E+000     0.58405060E-003    -0.25076215E-002    -0.18496009E+002    -0.43104411E+001     0.33689000E-003    -0.30583135E-002
    -0.67784411E+000     0.61379307E-003    -0.25124302E-002    -0.18548216E+002    -0.43467995E+001     0.36810774E-003    -0.30729713E-002
    -0.67708420E+000     0.64396464E-003    -0.25168083E-002    -0.18600727E+002    -0.43835568E+001     0.39979572E-003    -0.30872659E-002
    -0.67632428E+000     0.67456342E-003    -0.25207397E-002    -0.18653544E+002    -0.44207188E+001     0.43195049E-003    -0.31011830E-002
    -0.67556437E+000     0.70558708E-003    -0.25242083E-002    -0.18706670E+002    -0.44582916E+001     0.46456808E-003    -0.31147083E-002
    -0.67480445E+000     0.73703288E-003    -0.25271976E-002    -0.18760106E+002    -0.44962813E+001     0.49764407E-003    -0.31278273E-002
    -0.67404454E+000     0.76889760E-003    -0.25296909E-002    -0.18813854E+002    -0.45346943E+001     0.53117352E-003    -0.31405256E-002
    -0.67328462E+000     0.80117760E-003    -0.25316714E-002    -0.18867915E+002    -0.45735369E+001     0.56515099E-003    -0.31527886E-002
    -0.67252471E+000     0.83386875E-003    -0.25331219E-002    -0.18922291E+002    -0.46128157E+001     0.59957052E-003    -0.31646019E-002
    -0.67176479E+000     0.86696651E-003    -0.25340253E-002    -0.18976983E+002    -0.46525374E+001     0.63442564E-003    -0.31759509E-002
    -0.67100488E+000     0.90046580E-003    -0.25343640E-002    -0.19031994E+002    -0.46927086E+001     0.66970934E-003    -0.31868214E-002
    -0.67024496E+000     0.93436108E-003    -0.25341204E-002    -0.19087324E+002    -0.47333363E+001     0.70541409E-003    -0.31971990E-002
    -0.66948505E+000     0.96864631E-003    -0.25332766E-002    -0.19142975E+002    -0.47744274E+001     0.74153182E-003    -0.32070693E-002
    -0.66872513E+000     0.10033149E-002    -0.25318147E-002    -0.19198949E+002    -0.48159892E+001     0.77805391E-003    -0.32164183E-002
    -0.66796522E+000     0.10383598E-002    -0.25297164E-002    -0.19255246E+002    -0.48580289E+001     0.81497121E-003    -0.32252319E-002
    -0.66720530E+000     0.10737733E-002    -0.25269634E-002    -0.19311869E+002    -0.49005538E+001     0.85227403E-003    -0.32334963E-002
    -0.66644539E+000     0.11095472E-002    -0.25235373E-002    -0.19368819E+002    -0.49435715E+001     0.88995215E-003    -0.32411978E-002
    -0.66568547E+000     0.11456728E-002    -0.25194194E-002    -0.19426096E+002    -0.49870896E+001     0.92799477E-003    -0.32483230E-002
    -0.66492556E+000     0.11821406E-002    -0.25145909E-002    -0.19483702E+002    -0.50311159E+001     0.96639061E-003    -0.32548585E-002
    -0.66416564E+000     0.12189408E-002    -0.25090331E-002    -0.19541638E+002    -0.50756583E+001     0.10051278E-002    -0.32607915E-002
    -0.66340573E+000     0.12560628E-002    -0.25027269E-002    -0.19599905E+002    -0.51207248E+001     0.10441940E-002    -0.32661092E-002
    -0.66264581E+000     0.12934954E-002    -0.24956532E-002    -0.19658505E+002    -0.51663237E+001     0.10835763E-002    -0.32707993E-002
    -0.66188590E+000     0.13312267E-002    -0.24877931E-002    -0.19717437E+002    -0.52124632E+001     0.11232613E-002    -0.32748496E-002
    -0.66112598E+000     0.13692444E-002    -0.24791271E-002    -0.19776704E+002    -0.52591517E+001     0.11632352E-002    -0.32782485E-002
    -0.66036607E+000     0.14075353E-002    -0.24696360E-002    -0.19836305E+002    -0.53063978E+001     0.12034834E-002    -0.32809847E-002
    -0.65960615E+000     0.14460856E-002    -0.24593004E-002    -0.19896241E+002    -0.53542103E+001     0.12439912E-002    -0.32830472E-002
    -0.65884624E+000     0.14848809E-002    -0.24481009E-002    -0.19956513E+002    -0.54025980E+001     0.12847433E-002    -0.32844255E-002
    -0.65808632E+000     0.15239059E-002    -0.24360180E-002    -0.20017122E+002    -0.54515699E+001     0.13257237E-002    -0.32851097E-002
    -0.65732641E+000     0.15631447E-002    -0.24230322E-002    -0.20078067E+002    -0.55011350E+001     0.13669164E-002    -0.32850900E-002
    -0.65656649E+000     0.16025807E-002    -0.24091241E-002    -0.20139350E+002    -0.55513026E+001     0.14083046E-002    -0.32843575E-002
    -0.65580658E+000     0.16421965E-002    -0.23942740E-002    -0.20200970E+002    -0.56020821E+001     0.14498715E-002    -0.32829036E-002
    -0.65504666E+000     0.16819738E-002    -0.23784626E-002    -0.20262928E+002    -0.56534830E+001     0.14915994E-002    -0.32807202E-002
    -0.65428675E+000     0.17218936E-002    -0.23616703E-002    -0.20325224E+002    -0.57055150E+001     0.15334708E-002    -0.32777999E-002
    -0.65352683E+000     0.17619361E-002    -0.23438776E-002    -0.20387857E+002    -0.57581879E+001     0.15754675E-002    -0.32741358E-002
    -0.65276692E+000     0.18020808E-002    -0.23250653E-002    -0.20450828E+002    -0.58115115E+001     0.16175711E-002    -0.32697216E-002
    -0.65200700E+000     0.18423059E-002    -0.23052138E-002    -0.20514136E+002    -0.58654960E+001     0.16597630E-002    -0.32645516E-002
    -0.65124709E+000     0.18825892E-002    -0.22843041E-002    -0.20577781E+002    -0.59201515E+001     0.17020242E-002    -0.32586207E-002
    -0.65048717E+000     0.19229072E-002    -0.22623169E-002    -0.20641762E+002    -0.59754883E+001     0.17443356E-002    -0.32519244E-002
    -0.64972726E+000     0.19632358E-002    -0.22392333E-002    -0.20706079E+002    -0.60315170E+001     0.17866779E-002    -0.32444590E-002
    -0.64896734E+000     0.20035497E-002    -0.22150344E-002    -0.20770731E+002    -0.60882480E+001     0.18290314E-002    -0.32362213E-002
    -0.64820743E+000     0.20438227E-002    -0.21897014E-002    -0.20835717E+002    -0.61456921E+001     0.18713766E-002    -0.32272088E-002
    -0.64744751E+000     0.20840276E-002    -0.21632159E-002    -0.20901037E+002    -0.62038601E+001     0.19136937E-002    -0.32174196E-002
    -0.64668760E+000     0.21241361E-002    -0.21355594E-002    -0.20966688E+002    -0.62627631E+001     0.19559627E-002    -0.32068527E-002
    -0.64592768E+000     0.21641187E-002    -0.21067140E-002    -0.21032670E+002    -0.63224120E+001     0.19981639E-002    -0.31955075E-002
    -0.64516777E+000     0.22039451E-002    -0.20766619E-002    -0.21098982E+002    -0.63828181E+001     0.20402773E-002    -0.31833843E-002
    -0.64440785E+000     0.22435835E-002    -0.20453855E-002    -0.21165621E+002    -0.64439928E+001     0.20822830E-002    -0.31704839E-002
    -0.64364794E+000     0.22830010E-002    -0.20128678E-002    -0.21232586E+002    -0.65059475E+001     0.21241610E-002    -0.31568079E-002
    -0.64288802E+000     0.23221637E-002    -0.19790920E-002    -0.21299876E+002    -0.65686938E+001     0.21658917E-002    -0.31423585E-002
    -0.64212811E+000     0.23610362E-002    -0.19440419E-002    -0.21367489E+002    -0.66322434E+001     0.22074553E-002    -0.31271385E-002
    -0.64136820E+000     0.23995818E-002    -0.19077016E-002    -0.21435422E+002    -0.66966082E+001     0.22488323E-002    -0.31111516E-002
    -0.64060828E+000     0.24377625E-002    -0.18700559E-002    -0.21503673E+002    -0.67618000E+001     0.22900032E-002    -0.30944019E-002
    -0.63984837E+000     0.24755390E-002    -0.18310902E-002    -0.21572240E+002    -0.68278309E+001     0.23309489E-002    -0.30768942E-002
    -0.63908845E+000     0.25128706E-002    -0.17907904E-002    -0.21641120E+002    -0.68947131E+001     0.23716502E-002    -0.30586339E-002
    -0.63832854E+000     0.25497149E-002    -0.17491433E-002    -0.21710310E+002    -0.69624588E+001     0.24120886E-002    -0.30396271E-002
    -0.63756862E+000     0.25860283E-002    -0.17061365E-002    -0.21779809E+002    -0.70310806E+001     0.24522455E-002    -0.30198804E-002
    -0.63680871E+000     0.26217655E-002    -0.16617583E-002    -0.21849612E+002    -0.71005907E+001     0.24921027E-002    -0.29994010E-002
    -0.63604879E+000     0.26568798E-002    -0.16159983E-002    -0.21919718E+002    -0.71710020E+001     0.25316423E-002    -0.29781967E-002
    -0.63528888E+000     0.26913225E-002    -0.15688469E-002    -0.21990121E+002    -0.72423270E+001     0.25708468E-002    -0.29562757E-002
    -0.63452896E+000     0.27250439E-002    -0.15202959E-002    -0.22060820E+002    -0.73145786E+001     0.26096990E-002    -0.29336469E-002
    -0.63376905E+000     0.27579922E-002    -0.14703382E-002    -0.22131811E+002    -0.73877697E+001     0.26481820E-002    -0.29103196E-002
    -0.63300913E+000     0.27901141E-002    -0.14189681E-002    -0.22203089E+002    -0.74619133E+001     0.26862794E-002    -0.28863035E-002
    -0.63224922E+000     0.28213547E-002    -0.13661816E-002    -0.22274652E+002    -0.75370227E+001     0.27239753E-002    -0.28616089E-002
    -0.63148930E+000     0.28516571E-002    -0.13119761E-002    -0.22346494E+002    -0.76131109E+001     0.27612539E-002    -0.28362463E-002
    -0.63072939E+000     0.28809630E-002    -0.12563510E-002    -0.22418613E+002    -0.76901915E+001     0.27981001E-002    -0.28102269E-002
    -0.62996947E+000     0.29092122E-002    -0.11993074E-002    -0.22491004E+002    -0.77682778E+001     0.28344992E-002    -0.27835621E-002
    -0.62920956E+000     0.29363429E-002    -0.11408488E-002    -0.22563662E+002    -0.78473834E+001     0.28704369E-002    -0.27562636E-002
    -0.62844964E+000     0.29622917E-002    -0.10809809E-002    -0.22636583E+002    -0.79275219E+001     0.29058993E-002    -0.27283435E-002
    -0.62768973E+000     0.29869936E-002    -0.10197115E-002    -0.22709763E+002    -0.80087073E+001     0.29408731E-002    -0.26998143E-002
    -0.62692981E+000     0.30103818E-002    -0.95705135E-003    -0.22783196E+002    -0.80909533E+001     0.29753453E-002    -0.26706886E-002
    -0.62616990E+000     0.30323882E-002    -0.89301381E-003    -0.22856879E+002    -0.81742741E+001     0.30093035E-002    -0.26409794E-002
    -0.62540998E+000     0.30529431E-002    -0.82761523E-003    -0.22930805E+002    -0.82586837E+001     0.30427357E-002    -0.26107000E-002
    -0.62465007E+000     0.30719754E-002    -0.76087511E-003    -0.23004971E+002    -0.83441965E+001     0.30756305E-002    -0.25798637E-002
    -0.62389015E+000     0.30894129E-002    -0.69281634E-003    -0.23079371E+002    -0.84308269E+001     0.31079768E-002    -0.25484841E-002
    -0.62313024E+000     0.31051822E-002    -0.62346530E-003    -0.23153999E+002    -0.85185896E+001     0.31397641E-002    -0.25165751E-002
    -0.62237032E+000     0.31192087E-002    -0.55285217E-003    -0.23228851E+002    -0.86074992E+001     0.31709823E-002    -0.24841505E-002
    -0.62161041E+000     0.31314171E-002    -0.48101110E-003    -0.23303921E+002    -0.86975708E+001     0.32016218E-002    -0.24512246E-002
    -0.62085049E+000     0.31417315E-002    -0.40798040E-003    -0.23379205E+002    -0.87888194E+001     0.32316734E-002    -0.24178115E-002
    -0.62009058E+000     0.31500754E-002    -0.33380272E-003    -0.23454695E+002    -0.88812603E+001     0.32611286E-002    -0.23839254E-002
    -0.61933066E+000     0.31563721E-002    -0.25852524E-003    -0.23530387E+002    -0.89749091E+001     0.32899790E-002    -0.23495810E-002
    -0.61857075E+000     0.31605449E-002    -0.18219991E-003    -0.23606276E+002    -0.90697816E+001     0.33182170E-002    -0.23147925E-002
    -0.61781083E+000     0.31625174E-002    -0.10488362E-003    -0.23682355E+002    -0.91658938E+001     0.33458354E-002    -0.22795746E-002
    -0.61705092E+000     0.31622139E-002    -0.26638350E-004    -0.23758620E+002    -0.92632620E+001     0.33728273E-002    -0.22439417E-002
    -0.61629100E+000     0.31595594E-002     0.52468716E-004    -0.23835063E+002    -0.93619028E+001     0.33991864E-002    -0.22079085E-002
    -0.61553109E+000     0.31544803E-002     0.13236505E-003    -0.23911681E+002    -0.94618331E+001     0.34249068E-002    -0.21714895E-002
    -0.61477117E+000     0.31469048E-002     0.21297264E-003    -0.23988466E+002    -0.95630703E+001     0.34499832E-002    -0.21346992E-002
    -0.61401126E+000     0.31367628E-002     0.29420786E-003    -0.24065412E+002    -0.96656320E+001     0.34744106E-002    -0.20975522E-002
    -0.61325134E+000     0.31239869E-002     0.37598143E-003    -0.24142515E+002    -0.97695362E+001     0.34981844E-002    -0.20600629E-002
    -0.61249143E+000     0.31085126E-002     0.45819841E-003    -0.24219768E+002    -0.98748016E+001     0.35213008E-002    -0.20222455E-002
    -0.61173151E+000     0.30902788E-002     0.54075822E-003    -0.24297164E+002    -0.99814471E+001     0.35437560E-002    -0.19841144E-002
    -0.61097160E+000     0.30692283E-002     0.62355464E-003    -0.24374699E+002    -0.10089492E+002     0.35655471E-002    -0.19456836E-002
    -0.61021168E+000     0.30453084E-002     0.70647593E-003    -0.24452365E+002    -0.10198957E+002     0.35866714E-002    -0.19069671E-002
    -0.60945177E+000     0.30184712E-002     0.78940495E-003    -0.24530157E+002    -0.10309862E+002     0.36071267E-002    -0.18679784E-002
    -0.60869185E+000     0.29886742E-002     0.87221929E-003    -0.24608067E+002    -0.10422229E+002     0.36269111E-002    -0.18287311E-002
    -0.60793194E+000     0.29558809E-002     0.95479153E-003    -0.24686089E+002    -0.10536080E+002     0.36460235E-002    -0.17892385E-002
    -0.60717202E+000     0.29200616E-002     0.10369895E-002    -0.24764217E+002    -0.10651438E+002     0.36644628E-002    -0.17495132E-002
    -0.60641211E+000     0.28811933E-002     0.11186766E-002    -0.24842443E+002    -0.10768325E+002     0.36822286E-002    -0.17095680E-002
    -0.60565219E+000     0.28392607E-002     0.11997123E-002    -0.24920760E+002    -0.10886766E+002     0.36993207E-002    -0.16694148E-002
    -0.60489228E+000     0.27942566E-002     0.12799525E-002    -0.24999161E+002    -0.11006787E+002     0.37157393E-002    -0.16290655E-002
    -0.60413236E+000     0.27461824E-002     0.13592500E-002    -0.25077636E+002    -0.11128414E+002     0.37314851E-002    -0.15885312E-002
    -0.60337245E+000     0.26950483E-002     0.14374551E-002    -0.25156179E+002    -0.11251672E+002     0.37465588E-002    -0.15478226E-002
    -0.60261253E+000     0.26408743E-002     0.15144163E-002    -0.25234779E+002    -0.11376592E+002     0.37609616E-002    -0.15069497E-002
    -0.60185262E+000     0.25836897E-002     0.15899808E-002    -0.25313428E+002    -0.11503201E+002     0.37746946E-002    -0.14659220E-002
    -0.60109270E+000     0.25235343E-002     0.16639955E-002    -0.25392116E+002    -0.11631529E+002     0.37877594E-002    -0.14247484E-002
    -0.60033279E+000     0.24604581E-002     0.17363074E-002    -0.25470831E+002    -0.11761608E+002     0.38001575E-002    -0.13834368E-002
    -0.59957287E+000     0.23945219E-002     0.18067649E-002    -0.25549563E+002    -0.11893470E+002     0.38118902E-002    -0.13419946E-002
    -0.59881296E+000     0.23257970E-002     0.18752183E-002    -0.25628298E+002    -0.12027149E+002     0.38229591E-002    -0.13004282E-002
    -0.59805304E+000     0.22543655E-002     0.19415209E-002    -0.25707023E+002    -0.12162678E+002     0.38333653E-002    -0.12587433E-002
    -0.59729313E+000     0.21803203E-002     0.20055299E-002    -0.25785725E+002    -0.12300095E+002     0.38431097E-002    -0.12169446E-002
    -0.59653321E+000     0.21037649E-002     0.20671071E-002    -0.25864387E+002    -0.12439436E+002     0.38521930E-002    -0.11750360E-002
    -0.59577330E+000     0.20248131E-002     0.21261202E-002    -0.25942993E+002    -0.12580740E+002     0.38606150E-002    -0.11330204E-002
    -0.59501338E+000     0.19435891E-002     0.21824437E-002    -0.26021524E+002    -0.12724046E+002     0.38683753E-002    -0.10909000E-002
    -0.59425347E+000     0.18602264E-002     0.22359597E-002    -0.26099961E+002    -0.12869395E+002     0.38754724E-002    -0.10486759E-002
    -0.59349355E+000     0.17748680E-002     0.22865588E-002    -0.26178281E+002    -0.13016829E+002     0.38819038E-002    -0.10063483E-002
    -0.59273364E+000     0.16876655E-002     0.23341412E-002    -0.26256462E+002    -0.13166392E+002     0.38876662E-002    -0.96391654E-003
    -0.59197373E+000     0.15987781E-002     0.23786175E-002    -0.26334479E+002    -0.13318128E+002     0.38927547E-002    -0.92137937E-003
    -0.59121381E+000     0.15083726E-002     0.24199093E-002    -0.26412304E+002    -0.13472083E+002     0.38971633E-002    -0.87873463E-003
    -0.59045390E+000     0.14166218E-002     0.24579501E-002    -0.26489908E+002    -0.13628303E+002     0.39008840E-002    -0.83597959E-003
    -0.58969398E+000     0.13237037E-002     0.24926860E-002    -0.26567258E+002    -0.13786836E+002     0.39039074E-002    -0.79311099E-003
    -0.58893407E+000     0.12298010E-002     0.25240764E-002    -0.26644320E+002    -0.13947732E+002     0.39062218E-002    -0.75012522E-003
    -0.58817415E+000     0.11350991E-002     0.25520939E-002    -0.26721058E+002    -0.14111040E+002     0.39078135E-002    -0.70701843E-003
    -0.58741424E+000     0.10397857E-002     0.25767254E-002    -0.26797430E+002    -0.14276810E+002     0.39086664E-002    -0.66378680E-003
    -0.58665432E+000     0.94404919E-003     0.25979719E-002    -0.26873393E+002    -0.14445095E+002     0.39087619E-002    -0.62042669E-003
    -0.58589441E+000     0.84807773E-003     0.26158488E-002    -0.26948902E+002    -0.14615945E+002     0.39080789E-002    -0.57693495E-003
    -0.58513449E+000     0.75205768E-003     0.26303862E-002    -0.27023906E+002    -0.14789412E+002     0.39065932E-002    -0.53330918E-003
    -0.58437458E+000     0.65617251E-003     0.26416281E-002    -0.27098352E+002    -0.14965550E+002     0.39042779E-002    -0.48954804E-003
    -0.58361466E+000     0.56060153E-003     0.26496332E-002    -0.27172182E+002    -0.15144411E+002     0.39011031E-002    -0.44565164E-003
    -0.58285475E+000     0.46551859E-003     0.26544735E-002    -0.27245337E+002    -0.15326048E+002     0.38970356E-002    -0.40162187E-003
    -0.58209483E+000     0.37109090E-003     0.26562347E-002    -0.27317750E+002    -0.15510511E+002     0.38920393E-002    -0.35746285E-003
    -0.58133492E+000     0.27747782E-003     0.26550153E-002    -0.27389353E+002    -0.15697854E+002     0.38860748E-002    -0.31318138E-003
    -0.58057500E+000     0.18482980E-003     0.26509257E-002    -0.27460073E+002    -0.15888125E+002     0.38790996E-002    -0.26878736E-003
    -0.57981509E+000     0.93287372E-004     0.26440876E-002    -0.27529830E+002    -0.16081376E+002     0.38710684E-002    -0.22429432E-003
    -0.57905517E+000     0.29801694E-005     0.26346334E-002    -0.27598544E+002    -0.16277653E+002     0.38619330E-002    -0.17971992E-003
    -0.57829526E+000    -0.85973933E-004     0.26227048E-002    -0.27666127E+002    -0.16477004E+002     0.38516425E-002    -0.13508647E-003
    -0.57753534E+000    -0.17346958E-003     0.26084518E-002    -0.27732487E+002    -0.16679471E+002     0.38401438E-002    -0.90421446E-004
    -0.57677543E+000    -0.25941456E-003     0.25920318E-002    -0.27797529E+002    -0.16885098E+002     0.38273817E-002    -0.45758028E-004
    -0.57601551E+000    -0.34373028E-003     0.25736084E-002    -0.27861151E+002    -0.17093922E+002     0.38132996E-002    -0.11356095E-005
    -0.57525560E+000    -0.42635226E-003     0.25533501E-002    -0.27923249E+002    -0.17305980E+002     0.37978397E-002     0.43399703E-004
    -0.57449568E+000    -0.50723036E-003     0.25314292E-002    -0.27983711E+002    -0.17521303E+002     0.37809440E-002     0.87794628E-004
    -0.57373577E+000    -0.58632895E-003     0.25080205E-002    -0.28042424E+002    -0.17739919E+002     0.37625545E-002     0.13198828E-003
    -0.57297585E+000    -0.66362691E-003     0.24833004E-002    -0.28099268E+002    -0.17961851E+002     0.37426142E-002     0.17591180E-003
    -0.57221594E+000    -0.73911759E-003     0.24574453E-002    -0.28154121E+002    -0.18187120E+002     0.37210681E-002     0.21948805E-003
    -0.57145602E+000    -0.81280858E-003     0.24306309E-002    -0.28206855E+002    -0.18415737E+002     0.36978637E-002     0.26263138E-003
    -0.57069611E+000    -0.88472151E-003     0.24030309E-002    -0.28257340E+002    -0.18647710E+002     0.36729522E-002     0.30524750E-003
    -0.56993619E+000    -0.95489166E-003     0.23748164E-002    -0.28305441E+002    -0.18883042E+002     0.36462894E-002     0.34723341E-003
    -0.56917628E+000    -0.10233675E-002     0.23461545E-002    -0.28351022E+002    -0.19121728E+002     0.36178370E-002     0.38847753E-003
    -0.56841636E+000    -0.10902102E-002     0.23172079E-002    -0.28393942E+002    -0.19363756E+002     0.35875634E-002     0.42885985E-003
    -0.56765645E+000    -0.11554931E-002     0.22881341E-002    -0.28434058E+002    -0.19609108E+002     0.35554449E-002     0.46825231E-003
    -0.56689653E+000    -0.12193012E-002     0.22590848E-002    -0.28471228E+002    -0.19857758E+002     0.35214669E-002     0.50651922E-003
    -0.56613662E+000    -0.12817309E-002     0.22302055E-002    -0.28505303E+002    -0.20109673E+002     0.34856250E-002     0.54351794E-003
    -0.56537670E+000    -0.13428890E-002     0.22016350E-002    -0.28536139E+002    -0.20364811E+002     0.34479259E-002     0.57909957E-003
    -0.56461679E+000    -0.14028926E-002     0.21735050E-002    -0.28563587E+002    -0.20623124E+002     0.34083886E-002     0.61310995E-003
    -0.56385687E+000    -0.14618688E-002     0.21459400E-002    -0.28587501E+002    -0.20884553E+002     0.33670452E-002     0.64539065E-003
    -0.56309696E+000    -0.15199541E-002     0.21190569E-002    -0.28607733E+002    -0.21149035E+002     0.33239416E-002     0.67578016E-003
    -0.56233704E+000    -0.15772943E-002     0.20929651E-002    -0.28624138E+002    -0.21416494E+002     0.32791386E-002     0.70411528E-003
    -0.56157713E+000    -0.16340444E-002     0.20677661E-002    -0.28636572E+002    -0.21686849E+002     0.32327120E-002     0.73023245E-003
    -0.56081721E+000    -0.16903688E-002     0.20435531E-002    -0.28644891E+002    -0.21960009E+002     0.31847535E-002     0.75396936E-003
    -0.56005730E+000    -0.17464410E-002     0.20204113E-002    -0.28648957E+002    -0.22235875E+002     0.31353704E-002     0.77516653E-003
    -0.55929738E+000    -0.18024440E-002     0.19984171E-002    -0.28648633E+002    -0.22514340E+002     0.30846860E-002     0.79366893E-003
    -0.55853747E+000    -0.18585705E-002     0.19776376E-002    -0.28643786E+002    -0.22795289E+002     0.30328394E-002     0.80932774E-003
    -0.55777755E+000    -0.19150232E-002     0.19581307E-002    -0.28634287E+002    -0.23078598E+002     0.29799851E-002     0.82200197E-003
    -0.55701764E+000    -0.19720154E-002     0.19399433E-002    -0.28620010E+002    -0.23364135E+002     0.29262924E-002     0.83156018E-003
    -0.55625772E+000    -0.20297711E-002     0.19231114E-002    -0.28600837E+002    -0.23651760E+002     0.28719445E-002     0.83788206E-003
    -0.55549781E+000    -0.20885253E-002     0.19076585E-002    -0.28576653E+002    -0.23941326E+002     0.28171382E-002     0.84085996E-003
    -0.55473789E+000    -0.21485246E-002     0.18935942E-002    -0.28547350E+002    -0.24232677E+002     0.27620816E-002     0.84040031E-003
    -0.55397798E+000    -0.22100272E-002     0.18809131E-002    -0.28512827E+002    -0.24525649E+002     0.27069941E-002     0.83642491E-003
    -0.55321806E+000    -0.22733031E-002     0.18695927E-002    -0.28472991E+002    -0.24820071E+002     0.26521038E-002     0.82887204E-003
    -0.55245815E+000    -0.23386338E-002     0.18595920E-002    -0.28427754E+002    -0.25115765E+002     0.25976466E-002     0.81769740E-003
    -0.55169823E+000    -0.24063121E-002     0.18508488E-002    -0.28377040E+002    -0.25412543E+002     0.25438642E-002     0.80287484E-003
    -0.55093832E+000    -0.24766417E-002     0.18432781E-002    -0.28320781E+002    -0.25710212E+002     0.24910025E-002     0.78439688E-003
    -0.55017840E+000    -0.25499363E-002     0.18367691E-002    -0.28258920E+002    -0.26008572E+002     0.24393096E-002     0.76227508E-003
    -0.54941849E+000    -0.26265184E-002     0.18311834E-002    -0.28191413E+002    -0.26307417E+002     0.23890340E-002     0.73654002E-003
    -0.54865857E+000    -0.27067181E-002     0.18263519E-002    -0.28118225E+002    -0.26606533E+002     0.23404231E-002     0.70724127E-003
    -0.54789866E+000    -0.27908709E-002     0.18220721E-002    -0.28039338E+002    -0.26905704E+002     0.22937212E-002     0.67444699E-003
    -0.54713874E+000    -0.28793157E-002     0.18181059E-002    -0.27954747E+002    -0.27204707E+002     0.22491678E-002     0.63824343E-003
    -0.54637883E+000    -0.29723924E-002     0.18141766E-002    -0.27864463E+002    -0.27503320E+002     0.22069964E-002     0.59873417E-003
    -0.54561891E+000    -0.30704384E-002     0.18099661E-002    -0.27768515E+002    -0.27801316E+002     0.21674326E-002     0.55603932E-003
    -0.54485900E+000    -0.31737852E-002     0.18051127E-002    -0.27666947E+002    -0.28098471E+002     0.21306934E-002     0.51029449E-003
    -0.54409908E+000    -0.32827541E-002     0.17992086E-002    -0.27559825E+002    -0.28394562E+002     0.20969859E-002     0.46164973E-003
    -0.54333917E+000    -0.33976520E-002     0.17917976E-002    -0.27447231E+002    -0.28689372E+002     0.20665063E-002     0.41026839E-003
    -0.54257926E+000    -0.35187655E-002     0.17823732E-002    -0.27329265E+002    -0.28982691E+002     0.20394393E-002     0.35632595E-003
    -0.54181934E+000    -0.36463551E-002     0.17703773E-002    -0.27206047E+002    -0.29274317E+002     0.20159576E-002     0.30000890E-003
    -0.54105943E+000    -0.37806490E-002     0.17551992E-002    -0.27077715E+002    -0.29564062E+002     0.19962214E-002     0.24151355E-003
    -0.54029951E+000    -0.39218354E-002     0.17361748E-002    -0.26944422E+002    -0.29851755E+002     0.19803783E-002     0.18104504E-003
    -0.53953960E+000    -0.40700551E-002     0.17125877E-002    -0.26806336E+002    -0.30137240E+002     0.19685627E-002     0.11881630E-003
    -0.53877968E+000    -0.42253923E-002     0.16836703E-002    -0.26663637E+002    -0.30420383E+002     0.19608963E-002     0.55047151E-004
    -0.53801977E+000    -0.43878667E-002     0.16486064E-002    -0.26516513E+002    -0.30701073E+002     0.19574877E-002    -0.10036467E-004
    -0.53725985E+000    -0.45574233E-002     0.16065347E-002    -0.26365160E+002    -0.30979223E+002     0.19584323E-002    -0.76203261E-004
    -0.53649994E+000    -0.47339231E-002     0.15565549E-002    -0.26209773E+002    -0.31254773E+002     0.19638125E-002    -0.14321722E-003
    -0.53574002E+000    -0.49171336E-002     0.14977337E-002    -0.26050544E+002    -0.31527685E+002     0.19736975E-002    -0.21083821E-003
    -0.53498011E+000    -0.51067192E-002     0.14291144E-002    -0.25887658E+002    -0.31797953E+002     0.19881430E-002    -0.27882255E-003
    -0.53422019E+000    -0.53022323E-002     0.13497269E-002    -0.25721287E+002    -0.32065589E+002     0.20071913E-002    -0.34692363E-003
    -0.53346028E+000    -0.55031054E-002     0.12586007E-002    -0.25551584E+002    -0.32330632E+002     0.20308709E-002    -0.41489245E-003
    -0.53270036E+000    -0.57086439E-002     0.11547792E-002    -0.25378683E+002    -0.32593136E+002     0.20591962E-002    -0.48247839E-003
    -0.53194045E+000    -0.59180210E-002     0.10373365E-002    -0.25202688E+002    -0.32853171E+002     0.20921672E-002    -0.54942997E-003
    -0.53118053E+000    -0.61302743E-002     0.90539551E-003    -0.25023676E+002    -0.33110813E+002     0.21297689E-002    -0.61549577E-003
    -0.53042062E+000    -0.63443050E-002     0.75814815E-003    -0.24841691E+002    -0.33366143E+002     0.21719716E-002    -0.68042555E-003
    -0.52966070E+000    -0.65588795E-002     0.59487660E-003    -0.24656743E+002    -0.33619234E+002     0.22187300E-002    -0.74397141E-003
    -0.52890079E+000    -0.67726354E-002     0.41497575E-003    -0.24468812E+002    -0.33870145E+002     0.22699838E-002    -0.80588925E-003
    -0.52814087E+000    -0.69840894E-002     0.21797618E-003    -0.24277845E+002    -0.34118915E+002     0.23256571E-002    -0.86594024E-003
    -0.52738096E+000    -0.71916511E-002     0.35670673E-005    -0.24083763E+002    -0.34365551E+002     0.23856595E-002    -0.92389250E-003
    -0.52662104E+000    -0.73936396E-002    -0.22838148E-003    -0.23886466E+002    -0.34610025E+002     0.24498860E-002    -0.97952276E-003
    -0.52586113E+000    -0.75883051E-002    -0.47779751E-003    -0.23685840E+002    -0.34852262E+002     0.25182187E-002    -0.10326181E-002
    -0.52510121E+000    -0.77738552E-002    -0.74438862E-003    -0.23481770E+002    -0.35092136E+002     0.25905273E-002    -0.10829777E-002
    -0.52434130E+000    -0.79484850E-002    -0.10276263E-002    -0.23274146E+002    -0.35329468E+002     0.26666714E-002    -0.11304141E-002
    -0.52358138E+000    -0.81104113E-002    -0.13267346E-002    -0.23062878E+002    -0.35564020E+002     0.27465020E-002    -0.11747551E-002
    -0.52282147E+000    -0.82579112E-002    -0.16406835E-002    -0.22847912E+002    -0.35795499E+002     0.28298643E-002    -0.12158441E-002
    -0.52206155E+000    -0.83893628E-002    -0.19681887E-002    -0.22629242E+002    -0.36023560E+002     0.29165999E-002    -0.12535417E-002
    -0.52130164E+000    -0.85032878E-002    -0.23077175E-002    -0.22406924E+002    -0.36247810E+002     0.30065499E-002    -0.12877252E-002
    -0.52054172E+000    -0.85983958E-002    -0.26575030E-002    -0.22181089E+002    -0.36467821E+002     0.30995580E-002    -0.13182890E-002
    -0.51978181E+000    -0.86736275E-002    -0.30155657E-002    -0.21951960E+002    -0.36683139E+002     0.31954736E-002    -0.13451435E-002
    -0.51902189E+000    -0.87281956E-002    -0.33797438E-002    -0.21719855E+002    -0.36893303E+002     0.32941552E-002    -0.13682140E-002
    -0.51826198E+000    -0.87616229E-002    -0.37477311E-002    -0.21485201E+002    -0.37097864E+002     0.33954734E-002    -0.13874386E-002
    -0.51750206E+000    -0.87737744E-002    -0.41171238E-002    -0.21248535E+002    -0.37296403E+002     0.34993140E-002    -0.14027657E-002
    -0.51674215E+000    -0.87648828E-002    -0.44854729E-002    -0.21010502E+002    -0.37488554E+002     0.36055808E-002    -0.14141505E-002
    -0.51598223E+000    -0.87355657E-002    -0.48503442E-002    -0.20771854E+002    -0.37674028E+002     0.37141977E-002    -0.14215515E-002
    -0.51522232E+000    -0.86868323E-002    -0.52093815E-002    -0.20533442E+002    -0.37852633E+002     0.38251108E-002    -0.14249255E-002
    -0.51446240E+000    -0.86200801E-002    -0.55603735E-002    -0.20296198E+002    -0.38024298E+002     0.39382898E-002    -0.14242227E-002
    -0.51370249E+000    -0.85370801E-002    -0.59013209E-002    -0.20061121E+002    -0.38189090E+002     0.40537279E-002    -0.14193810E-002
    -0.51294257E+000    -0.84399498E-002    -0.62305028E-002    -0.19829257E+002    -0.38347231E+002     0.41714421E-002    -0.14103199E-002
    -0.51218266E+000    -0.83311150E-002    -0.65465403E-002    -0.19601671E+002    -0.38499109E+002     0.42914718E-002    -0.13969334E-002
    -0.51142274E+000    -0.82132601E-002    -0.68484535E-002    -0.19379425E+002    -0.38645287E+002     0.44138762E-002    -0.13790832E-002
    -0.51066283E+000    -0.80892688E-002    -0.71357129E-002    -0.19163545E+002    -0.38786505E+002     0.45387307E-002    -0.13565915E-002
    -0.50990291E+000    -0.79621545E-002    -0.74082816E-002    -0.18955000E+002    -0.38923680E+002     0.46661220E-002    -0.13292328E-002
    -0.50914300E+000    -0.78349838E-002    -0.76666464E-002    -0.18754667E+002    -0.39057901E+002     0.47961407E-002    -0.12967269E-002
    -0.50838308E+000    -0.77107927E-002    -0.79118380E-002    -0.18563312E+002    -0.39190416E+002     0.49288727E-002    -0.12587310E-002
    -0.50762317E+000    -0.75924996E-002    -0.81454390E-002    -0.18381558E+002    -0.39322618E+002     0.50643878E-002    -0.12148329E-002
    -0.50686325E+000    -0.74828137E-002    -0.83695767E-002    -0.18209871E+002    -0.39456031E+002     0.52027260E-002    -0.11645457E-002
    -0.50610334E+000    -0.73841444E-002    -0.85869037E-002    -0.18048536E+002    -0.39592289E+002     0.53438809E-002    -0.11073035E-002
    -0.50534342E+000    -0.72985107E-002    -0.88005629E-002    -0.17897644E+002    -0.39733109E+002     0.54877808E-002    -0.10424604E-002
    -0.50458351E+000    -0.72274554E-002    -0.90141382E-002    -0.17757077E+002    -0.39880276E+002     0.56342666E-002    -0.96929234E-003
    -0.50382359E+000    -0.71719636E-002    -0.92315911E-002    -0.17626500E+002    -0.40035612E+002     0.57830684E-002    -0.88700458E-003
    -0.50306368E+000    -0.71323909E-002    -0.94571842E-002    -0.17505353E+002    -0.40200953E+002     0.59337806E-002    -0.79474380E-003
    -0.50230376E+000    -0.71084010E-002    -0.96953914E-002    -0.17392847E+002    -0.40378123E+002     0.60858369E-002    -0.69161744E-003
    -0.50154385E+000    -0.70989156E-002    -0.99507980E-002    -0.17287963E+002    -0.40568907E+002     0.62384871E-002    -0.57672003E-003
    -0.50078393E+000    -0.71020787E-002    -0.10227991E-001    -0.17189451E+002    -0.40775026E+002     0.63907779E-002    -0.44916719E-003
    -0.50002402E+000    -0.71152367E-002    -0.10531445E-001    -0.17095837E+002    -0.40998107E+002     0.65415389E-002    -0.30813701E-003
    -0.49926410E+000    -0.71349336E-002    -0.10865395E-001    -0.17005429E+002    -0.41239662E+002     0.66893771E-002    -0.15291785E-003
    -0.49850419E+000    -0.71569251E-002    -0.11233723E-001    -0.16916328E+002    -0.41501054E+002     0.68326824E-002     0.17038849E-004
    -0.49774427E+000    -0.71762074E-002    -0.11639825E-001    -0.16826439E+002    -0.41783479E+002     0.69696450E-002     0.20206333E-003
    -0.49698436E+000    -0.71870650E-002    -0.12086496E-001    -0.16733493E+002    -0.42087936E+002     0.70982871E-002     0.40221269E-003
    -0.49622444E+000    -0.71831329E-002    -0.12575809E-001    -0.16635066E+002    -0.42415211E+002     0.72165096E-002     0.61722034E-003
    -0.49546453E+000    -0.71574761E-002    -0.13109001E-001    -0.16528605E+002    -0.42765856E+002     0.73221528E-002     0.84645365E-003
    -0.49470461E+000    -0.71026843E-002    -0.13686370E-001    -0.16411451E+002    -0.43140174E+002     0.74130708E-002     0.10888840E-002
    -0.49394470E+000    -0.70109831E-002    -0.14307169E-001    -0.16280873E+002    -0.43538216E+002     0.74872153E-002     0.13430733E-002
    -0.49318479E+000    -0.68743617E-002    -0.14969520E-001    -0.16134092E+002    -0.43959772E+002     0.75427270E-002     0.16071798E-002
    -0.49242487E+000    -0.66847189E-002    -0.15670327E-001    -0.15968311E+002    -0.44404378E+002     0.75780283E-002     0.18789868E-002
    -0.49166496E+000    -0.64340290E-002    -0.16405209E-001    -0.15780733E+002    -0.44871321E+002     0.75919116E-002     0.21559537E-002
    -0.49090504E+000    -0.61145276E-002    -0.17168451E-001    -0.15568583E+002    -0.45359652E+002     0.75836180E-002     0.24352906E-002
    -0.49014513E+000    -0.57189200E-002    -0.17952968E-001    -0.15329115E+002    -0.45868200E+002     0.75528996E-002     0.27140532E-002
    -0.48938521E+000    -0.52406091E-002    -0.18750312E-001    -0.15059616E+002    -0.46395579E+002     0.75000592E-002     0.29892554E-002
    -0.48862530E+000    -0.46739408E-002    -0.19550700E-001    -0.14757398E+002    -0.46940202E+002     0.74259638E-002     0.32579927E-002
    -0.48786538E+000    -0.40144630E-002    -0.20343100E-001    -0.14419789E+002    -0.47500272E+002     0.73320267E-002     0.35175713E-002
    -0.48710547E+000    -0.32591864E-002    -0.21115360E-001    -0.14044112E+002    -0.48073774E+002     0.72201581E-002     0.37656339E-002
    -0.48634555E+000    -0.24068409E-002    -0.21854394E-001    -0.13627678E+002    -0.48658445E+002     0.70926827E-002     0.40002736E-002
    -0.48558564E+000    -0.14581114E-002    -0.22546427E-001    -0.13167769E+002    -0.49251733E+002     0.69522286E-002     0.42201278E-002
    -0.48482572E+000    -0.41584161E-003    -0.23177301E-001    -0.12661646E+002    -0.49850735E+002     0.68015908E-002     0.44244437E-002
    -0.48406581E+000     0.71480935E-003    -0.23732829E-001    -0.12106573E+002    -0.50452124E+002     0.66435783E-002     0.46131079E-002
    -0.48330589E+000     0.19262700E-002    -0.24199201E-001    -0.11499865E+002    -0.51052076E+002     0.64808532E-002     0.47866350E-002
    -0.48254598E+000     0.32085322E-002    -0.24563428E-001    -0.10838973E+002    -0.51646184E+002     0.63157738E-002     0.49461133E-002
    -0.48178606E+000     0.45492102E-002    -0.24813803E-001    -0.10121602E+002    -0.52229395E+002     0.61502546E-002     0.50931072E-002
    -0.48102615E+000     0.59336915E-002    -0.24940387E-001    -0.93458623E+001    -0.52795967E+002     0.59856551E-002     0.52295223E-002
    -0.48026623E+000     0.73453890E-002    -0.24935471E-001    -0.85104550E+001    -0.53339464E+002     0.58227088E-002     0.53574404E-002
    -0.47950632E+000     0.87660985E-002    -0.24794026E-001    -0.76148744E+001    -0.53852805E+002     0.56615022E-002     0.54789377E-002
    -0.47874640E+000     0.10176464E-001    -0.24514088E-001    -0.66596174E+001    -0.54328371E+002     0.55015079E-002     0.55959021E-002
    -0.47798649E+000     0.11556549E-001    -0.24097078E-001    -0.56463754E+001    -0.54758184E+002     0.53416722E-002     0.57098658E-002
    -0.47722657E+000     0.12886504E-001    -0.23547996E-001    -0.45781877E+001    -0.55134154E+002     0.51805507E-002     0.58218717E-002
    -0.47646666E+000     0.14147303E-001    -0.22875486E-001    -0.34595306E+001    -0.55448374E+002     0.50164796E-002     0.59323886E-002
    -0.47570674E+000     0.15321528E-001    -0.22091721E-001    -0.22963220E+001    -0.55693457E+002     0.48477651E-002     0.60412861E-002
    -0.47494683E+000     0.16394150E-001    -0.21212096E-001    -0.10958267E+001    -0.55862884E+002     0.46728695E-002     0.61478724E-002
    -0.47418691E+000     0.17353245E-001    -0.20254734E-001     0.13353943E+000    -0.55951312E+002     0.44905714E-002     0.62509916E-002
    -0.47342700E+000     0.18190603E-001    -0.19239784E-001     0.13824973E+001    -0.55954835E+002     0.43000800E-002     0.63491681E-002
    -0.47266708E+000     0.18902160E-001    -0.18188580E-001     0.26412599E+001    -0.55871140E+002     0.41010898E-002     0.64407776E-002
    -0.47190717E+000     0.19488214E-001    -0.17122684E-001     0.38999199E+001    -0.55699557E+002     0.38937689E-002     0.65242209E-002
    -0.47114725E+000     0.19953395E-001    -0.16062890E-001     0.51488285E+001    -0.55440987E+002     0.36786863E-002     0.65980761E-002
    -0.47038734E+000     0.20306386E-001    -0.15028249E-001     0.63789227E+001    -0.55097725E+002     0.34566892E-002     0.66612066E-002
    -0.46962742E+000     0.20559408E-001    -0.14035199E-001     0.75819675E+001    -0.54673192E+002     0.32287544E-002     0.67128114E-002
    -0.46886751E+000     0.20727504E-001    -0.13096829E-001     0.87506901E+001    -0.54171637E+002     0.29958341E-002     0.67524105E-002
    -0.46810759E+000     0.20827663E-001    -0.12222357E-001     0.98788018E+001    -0.53597829E+002     0.27587244E-002     0.67797713E-002
    -0.46734768E+000     0.20877845E-001    -0.11416827E-001     0.10960920E+002    -0.52956796E+002     0.25179755E-002     0.67947862E-002
    -0.46658776E+000     0.20895956E-001    -0.10681058E-001     0.11992421E+002    -0.52253633E+002     0.22738585E-002     0.67973232E-002
    -0.46582785E+000     0.20898839E-001    -0.10011861E-001     0.12969255E+002    -0.51493412E+002     0.20263967E-002     0.67870707E-002
    -0.46506793E+000     0.20901363E-001    -0.94024956E-002     0.13887781E+002    -0.50681168E+002     0.17754585E-002     0.67634009E-002
    -0.46430802E+000     0.20915653E-001    -0.88433690E-002     0.14744630E+002    -0.49821975E+002     0.15209028E-002     0.67252738E-002
    -0.46354810E+000     0.20950557E-001    -0.83229034E-002     0.15536653E+002    -0.48921050E+002     0.12627599E-002     0.66711977E-002
    -0.46278819E+000     0.21011379E-001    -0.78285124E-002     0.16260931E+002    -0.47983874E+002     0.10014279E-002     0.65992591E-002
    -0.46202827E+000     0.21099907E-001    -0.73475911E-002     0.16914864E+002    -0.47016281E+002     0.73785800E-003     0.65072234E-002
    -0.46126836E+000     0.21214731E-001    -0.68684242E-002     0.17496290E+002    -0.46024496E+002     0.47370503E-003     0.63927021E-002
    -0.46050844E+000     0.21351793E-001    -0.63809239E-002     0.18003632E+002    -0.45015109E+002     0.21142106E-003     0.62533735E-002
    -0.45974853E+000     0.21505102E-001    -0.58771326E-002     0.18436019E+002    -0.43994987E+002    -0.45726632E-004     0.60872338E-002
    -0.45898861E+000     0.21667525E-001    -0.53514602E-002     0.18793379E+002    -0.42971148E+002    -0.29372128E-003     0.58928531E-002
    -0.45822870E+000     0.21831545E-001    -0.48006592E-002     0.19076473E+002    -0.41950607E+002    -0.52794484E-003     0.56696044E-002
    -0.45746878E+000     0.21989923E-001    -0.42235762E-002     0.19286889E+002    -0.40940217E+002    -0.74339545E-003     0.54178379E-002
    -0.45670887E+000     0.22136180E-001    -0.36207405E-002     0.19426979E+002    -0.39946540E+002    -0.93494981E-003     0.51389791E-002
    -0.45594895E+000     0.22264901E-001    -0.29938646E-002     0.19499779E+002    -0.38975741E+002    -0.10976390E-002     0.48355385E-002
    -0.45518904E+000     0.22371819E-001    -0.23453306E-002     0.19508911E+002    -0.38033523E+002    -0.12269033E-002     0.45110392E-002
    -0.45442912E+000     0.22453740E-001    -0.16777283E-002     0.19458492E+002    -0.37125099E+002    -0.13187974E-002     0.41698768E-002
    -0.45366921E+000     0.22508314E-001    -0.99349191E-003     0.19353057E+002    -0.36255182E+002    -0.13701261E-002     0.38171459E-002
    -0.45290929E+000     0.22533731E-001    -0.29466605E-003     0.19197514E+002    -0.35428000E+002    -0.13785098E-002     0.34584645E-002
    -0.45214938E+000     0.22528366E-001     0.41719006E-003     0.18997114E+002    -0.34647303E+002    -0.13423953E-002     0.30998324E-002
    -0.45138946E+000     0.22490429E-001     0.11409623E-002     0.18757460E+002    -0.33916359E+002    -0.12610428E-002     0.27475419E-002
    -0.45062955E+000     0.22417652E-001     0.18758161E-002     0.18484518E+002    -0.33237927E+002    -0.11345294E-002     0.24081430E-002
    -0.44986963E+000     0.22307040E-001     0.26209189E-002     0.18184640E+002    -0.32614199E+002    -0.96380585E-003     0.20884406E-002
    -0.44910972E+000     0.22154717E-001     0.33750637E-002     0.17864574E+002    -0.32046706E+002    -0.75082851E-003     0.17954834E-002
    -0.44834980E+000     0.21955896E-001     0.41362118E-002     0.17531453E+002    -0.31536189E+002    -0.49876415E-003     0.15364914E-002
    -0.44758989E+000     0.21705021E-001     0.49009816E-002     0.17192744E+002    -0.31082445E+002    -0.21223699E-003     0.13186723E-002
    -0.44682997E+000     0.21396101E-001     0.56641306E-002     0.16856141E+002    -0.30684147E+002     0.10243954E-003     0.11488945E-002
    -0.44607006E+000     0.21023291E-001     0.64181049E-002     0.16529390E+002    -0.30338655E+002     0.43711878E-003     0.10332146E-002
    -0.44531014E+000     0.20581710E-001     0.71527591E-002     0.16220027E+002    -0.30041853E+002     0.78183774E-003     0.97629046E-003
    -0.44455023E+000     0.20068455E-001     0.78553695E-002     0.15935022E+002    -0.29788024E+002     0.11250514E-002     0.98074711E-003
    -0.44379032E+000     0.19483712E-001     0.85110629E-002     0.15680325E+002    -0.29569827E+002     0.14541109E-002     0.10465842E-002
    -0.44303040E+000     0.18831770E-001     0.91037394E-002     0.15460352E+002    -0.29378419E+002     0.17559731E-002     0.11707247E-002
    -0.44227049E+000     0.18121692E-001     0.96174749E-002     0.15277449E+002    -0.29203766E+002     0.20180880E-002     0.13467969E-002
    -0.44151057E+000     0.17367409E-001     0.10038255E-001     0.15131413E+002    -0.29035184E+002     0.22293756E-002     0.15652185E-002
    -0.44075066E+000     0.16587044E-001     0.10355748E-001     0.15019199E+002    -0.28862083E+002     0.23811759E-002     0.18136168E-002
    -0.43999074E+000     0.15801497E-001     0.10564725E-001     0.14934878E+002    -0.28674857E+002     0.24680412E-002     0.20775715E-002
    -0.43923083E+000     0.15032478E-001     0.10665774E-001     0.14869955E+002    -0.28465804E+002     0.24882461E-002     0.23416107E-002
    -0.43847091E+000     0.14300449E-001     0.10665096E-001     0.14814008E+002    -0.28229897E+002     0.24439228E-002     0.25903351E-002
    -0.43771100E+000     0.13622908E-001     0.10573460E-001     0.14755619E+002    -0.27965293E+002     0.23407890E-002     0.28095052E-002
    -0.43695108E+000     0.13013385E-001     0.10404657E-001     0.14683398E+002    -0.27673452E+002     0.21875201E-002     0.29869162E-002
    -0.43619117E+000     0.12481218E-001     0.10173858E-001     0.14586981E+002    -0.27358883E+002     0.19949045E-002     0.31129286E-002
    -0.43543125E+000     0.12031938E-001     0.98962664E-002     0.14457801E+002    -0.27028578E+002     0.17749738E-002     0.31806075E-002
    -0.43467134E+000     0.11667991E-001     0.95861707E-002     0.14289581E+002    -0.26691256E+002     0.15402995E-002     0.31855350E-002
    -0.43391142E+000     0.11389586E-001     0.92563833E-002     0.14078507E+002    -0.26356589E+002     0.13035828E-002     0.31254581E-002
    -0.43315151E+000     0.11195596E-001     0.89179977E-002     0.13823148E+002    -0.26034494E+002     0.10775434E-002     0.29999734E-002
    -0.43239159E+000     0.11084465E-001     0.85804840E-002     0.13524192E+002    -0.25734587E+002     0.87500105E-003     0.28104175E-002
    -0.43163168E+000     0.11055028E-001     0.82521883E-002     0.13184100E+002    -0.25465811E+002     0.70895766E-003     0.25600302E-002
    -0.43087176E+000     0.11106993E-001     0.79412214E-002     0.12806736E+002    -0.25236214E+002     0.59249247E-003     0.22543303E-002
    -0.43011185E+000     0.11240877E-001     0.76565467E-002     0.12397030E+002    -0.25052869E+002     0.53835810E-003     0.19015415E-002
    -0.42935193E+000     0.11457326E-001     0.74089371E-002     0.11960692E+002    -0.24921880E+002     0.55828621E-003     0.15128786E-002
    -0.42859202E+000     0.11755945E-001     0.72114775E-002     0.11503994E+002    -0.24848450E+002     0.66211448E-003     0.11025581E-002
    -0.42783210E+000     0.12133950E-001     0.70794272E-002     0.11033627E+002    -0.24837002E+002     0.85688151E-003     0.68749261E-003
    -0.42707219E+000     0.12584951E-001     0.70294457E-002     0.10556633E+002    -0.24891307E+002     0.11459998E-002     0.28670517E-003
    -0.42631227E+000     0.13098127E-001     0.70783115E-002     0.10080431E+002    -0.25014600E+002     0.15285524E-002    -0.79488099E-004
    -0.42555236E+000     0.13657945E-001     0.72413249E-002     0.96129089E+001    -0.25209660E+002     0.19987308E-002    -0.39052627E-003
    -0.42479244E+000     0.14244536E-001     0.75306102E-002     0.91625730E+001    -0.25478797E+002     0.25454820E-002    -0.62693040E-003
    -0.42403253E+000     0.14834768E-001     0.79535740E-002     0.87387070E+001    -0.25823761E+002     0.31525309E-002    -0.77193196E-003
    -0.42327261E+000     0.15403998E-001     0.85118364E-002     0.83515088E+001    -0.26245551E+002     0.37990209E-002    -0.81329698E-003
    -0.42251270E+000     0.15928271E-001     0.92009865E-002     0.80121760E+001    -0.26744157E+002     0.44609718E-002    -0.74504647E-003
    -0.42175278E+000     0.16386574E-001     0.10011447E-001     0.77329255E+001    -0.27318251E+002     0.51135616E-002    -0.56862121E-003
    -0.42099287E+000     0.16762460E-001     0.10930493E-001     0.75269467E+001    -0.27964843E+002     0.57339489E-002    -0.29304002E-003
    -0.42023295E+000     0.17044353E-001     0.11945027E-001     0.74082957E+001    -0.28678908E+002     0.63040931E-002     0.66199319E-004
    -0.41947304E+000     0.17224044E-001     0.13044210E-001     0.73917390E+001    -0.29452978E+002     0.68129430E-002     0.48938588E-003
    -0.41871312E+000     0.17293615E-001     0.14220729E-001     0.74925359E+001    -0.30276641E+002     0.72575018E-002     0.95560367E-003
    -0.41795321E+000     0.17241829E-001     0.15469712E-001     0.77260851E+001    -0.31135883E+002     0.76425863E-002     0.14458788E-002
    -0.41719329E+000     0.17051696E-001     0.16785133E-001     0.81072615E+001    -0.32012256E+002     0.79794295E-002     0.19459008E-002
    -0.41643338E+000     0.16700828E-001     0.18154777E-001     0.86491790E+001    -0.32881967E+002     0.82834934E-002     0.24479555E-002
    -0.41567346E+000     0.16165269E-001     0.19555850E-001     0.93611510E+001    -0.33715267E+002     0.85719230E-002     0.29519648E-002
    -0.41491355E+000     0.15425914E-001     0.20953492E-001     0.10245869E+002    -0.34476738E+002     0.88609755E-002     0.34657552E-002
    -0.41415363E+000     0.14475275E-001     0.22303509E-001     0.11296292E+002    -0.35127128E+002     0.91635418E-002     0.40047951E-002
    -0.41339372E+000     0.13321790E-001     0.23558925E-001     0.12493240E+002    -0.35627040E+002     0.94866130E-002     0.45915534E-002
    -0.41263380E+000     0.11989679E-001     0.24678161E-001     0.13804934E+002    -0.35942030E+002     0.98284080E-002     0.52543093E-002
    -0.41187389E+000     0.10514095E-001     0.25631800E-001     0.15189280E+002    -0.36047808E+002     0.10175083E-001     0.60248190E-002
    -0.41111397E+000     0.89333600E-002     0.26405276E-001     0.16598680E+002    -0.35933759E+002     0.10497542E-001     0.69340367E-002
    -0.41035406E+000     0.72813997E-002     0.26996550E-001     0.17985894E+002    -0.35603558E+002     0.10749632E-001     0.80054053E-002
    -0.40959414E+000     0.55834062E-002     0.27410045E-001     0.19308997E+002    -0.35072918E+002     0.10869521E-001     0.92461374E-002
    -0.40883423E+000     0.38561896E-002     0.27649684E-001     0.20534160E+002    -0.34365845E+002     0.10785937E-001     0.10638238E-001
    -0.40807431E+000     0.21125695E-002     0.27714014E-001     0.21636297E+002    -0.33511000E+002     0.10429816E-001     0.12132305E-001
    -0.40731440E+000     0.36766510E-003     0.27595167E-001     0.22598547E+002    -0.32539023E+002     0.97498069E-002     0.13647636E-001
    -0.40655448E+000    -0.13553642E-002     0.27281869E-001     0.23411479E+002    -0.31480669E+002     0.87275877E-002     0.15081042E-001
    -0.40579457E+000    -0.30221190E-002     0.26765577E-001     0.24072200E+002    -0.30365283E+002     0.73875296E-002     0.16323733E-001
    -0.40503465E+000    -0.45877095E-002     0.26048118E-001     0.24583126E+002    -0.29219543E+002     0.57963241E-002     0.17281960E-001
    -0.40427474E+000    -0.60020733E-002     0.25148485E-001     0.24950406E+002    -0.28066811E+002     0.40518377E-002     0.17894906E-001
    -0.40351482E+000    -0.72190175E-002     0.24106071E-001     0.25182450E+002    -0.26927363E+002     0.22647070E-002     0.18144282E-001
    -0.40275491E+000    -0.82062853E-002     0.22978394E-001     0.25289211E+002    -0.25819214E+002     0.53855701E-003     0.18053520E-001
    -0.40199499E+000    -0.89530487E-002     0.21833670E-001     0.25282392E+002    -0.24758811E+002    -0.10457068E-002     0.17678180E-001
    -0.40123508E+000    -0.94724011E-002     0.20740976E-001     0.25176150E+002    -0.23760929E+002    -0.24383598E-002     0.17091488E-001
    -0.40047516E+000    -0.97990270E-002     0.19761439E-001     0.24987512E+002    -0.22837725E+002    -0.36215977E-002     0.16369387E-001
    -0.39971525E+000    -0.99842702E-002     0.18942416E-001     0.24735987E+002    -0.21997410E+002    -0.46042209E-002     0.15578498E-001
    -0.39895533E+000    -0.10090956E-001     0.18314462E-001     0.24442388E+002    -0.21243162E+002    -0.54129721E-002     0.14768705E-001
    -0.39819542E+000    -0.10188985E-001     0.17889668E-001     0.24127151E+002    -0.20572638E+002    -0.60830727E-002     0.13970397E-001
    -0.39743550E+000    -0.10351307E-001     0.17660193E-001     0.23808493E+002    -0.19978177E+002    -0.66496779E-002     0.13195526E-001
    -0.39667559E+000    -0.10649332E-001     0.17596795E-001     0.23500634E+002    -0.19447722E+002    -0.71412104E-002     0.12441451E-001
    -0.39591567E+000    -0.11147157E-001     0.17648084E-001     0.23212353E+002    -0.18966510E+002    -0.75751928E-002     0.11696646E-001
    -0.39515576E+000    -0.11894844E-001     0.17741439E-001     0.22946314E+002    -0.18519448E+002    -0.79570313E-002     0.10947144E-001
    -0.39439585E+000    -0.12921592E-001     0.17786121E-001     0.22699624E+002    -0.18093773E+002    -0.82817700E-002     0.10182390E-001
    -0.39363593E+000    -0.14229678E-001     0.17678241E-001     0.22465763E+002    -0.17681205E+002    -0.85380785E-002     0.93991519E-002
    -0.39287602E+000    -0.15789051E-001     0.17306837E-001     0.22237465E+002    -0.17278782E+002    -0.87130786E-002     0.86028211E-002
    -0.39211610E+000    -0.17531291E-001     0.16561455E-001     0.22009611E+002    -0.16887947E+002    -0.87965719E-002     0.78063855E-002
    -0.39135619E+000    -0.19342346E-001     0.15344280E-001     0.21781084E+002    -0.16512175E+002    -0.87839011E-002     0.70280525E-002
    -0.39059627E+000    -0.21057765E-001     0.13591527E-001     0.21554903E+002    -0.16153976E+002    -0.86774955E-002     0.62883806E-002
    -0.38983636E+000    -0.22470505E-001     0.11305126E-001     0.21336567E+002    -0.15812370E+002    -0.84873655E-002     0.56072149E-002
    -0.38907644E+000    -0.23363314E-001     0.85846834E-002     0.21131130E+002    -0.15481797E+002    -0.82304505E-002     0.50005035E-002
    -0.38831653E+000    -0.23567156E-001     0.56373672E-002     0.20940043E+002    -0.15153080E+002    -0.79285381E-002     0.44774741E-002
    -0.38755661E+000    -0.23024794E-001     0.27441827E-002     0.20759148E+002    -0.14816285E+002    -0.76049317E-002     0.40390001E-002
    -0.38679670E+000    -0.21822166E-001     0.18507153E-003     0.20578879E+002    -0.14464376E+002    -0.72806347E-002     0.36777551E-002
    -0.38603678E+000    -0.20162856E-001    -0.18420253E-002     0.20386744E+002    -0.14096003E+002    -0.69710271E-002     0.33802011E-002
    -0.38527687E+000    -0.18298619E-001    -0.32649230E-002     0.20170885E+002    -0.13716189E+002    -0.66839163E-002     0.31299845E-002
    -0.38451695E+000    -0.16456178E-001    -0.41279110E-002     0.19923155E+002    -0.13334894E+002    -0.64196011E-002     0.29118706E-002
    -0.38375704E+000    -0.14793389E-001    -0.45477704E-002     0.19640695E+002    -0.12964419E+002    -0.61730253E-002     0.27149754E-002
    -0.38299712E+000    -0.13391537E-001    -0.46649505E-002     0.19325966E+002    -0.12616727E+002    -0.59372581E-002     0.25341484E-002
    -0.38223721E+000    -0.12271262E-001    -0.46096830E-002     0.18985623E+002    -0.12301373E+002    -0.57069065E-002     0.23690481E-002
    -0.38147729E+000    -0.11415339E-001    -0.44878039E-002     0.18628784E+002    -0.12024363E+002    -0.54800041E-002     0.22214534E-002
    -0.38071738E+000    -0.10786248E-001    -0.43810717E-002     0.18265216E+002    -0.11788018E+002    -0.52575608E-002     0.20922955E-002
    -0.37995746E+000    -0.10333567E-001    -0.43527380E-002     0.17903969E+002    -0.11591654E+002    -0.50413070E-002     0.19801846E-002
    -0.37919755E+000    -0.99931574E-002    -0.44493314E-002     0.17552767E+002    -0.11432610E+002    -0.48314663E-002     0.18821980E-002
    -0.37843763E+000    -0.96859884E-002    -0.46936873E-002     0.17218111E+002    -0.11307073E+002    -0.46262627E-002     0.17958017E-002
    -0.37767772E+000    -0.93265364E-002    -0.50726084E-002     0.16905684E+002    -0.11210283E+002    -0.44230010E-002     0.17198793E-002
    -0.37691780E+000    -0.88443306E-002    -0.55313667E-002     0.16620420E+002    -0.11136143E+002    -0.42187644E-002     0.16542017E-002
    -0.37615789E+000    -0.82086483E-002    -0.59869031E-002     0.16365744E+002    -0.11076783E+002    -0.40093140E-002     0.15991750E-002
    -0.37539797E+000    -0.74382987E-002    -0.63575653E-002     0.16142172E+002    -0.11023057E+002    -0.37878335E-002     0.15583317E-002
    -0.37463806E+000    -0.65875648E-002    -0.65914360E-002     0.15946466E+002    -0.10966424E+002    -0.35474827E-002     0.15427630E-002
    -0.37387814E+000    -0.57186704E-002    -0.66755049E-002     0.15772596E+002    -0.10901274E+002    -0.32891116E-002     0.15722194E-002
    -0.37311823E+000    -0.48803124E-002    -0.66247643E-002     0.15614374E+002    -0.10825855E+002    -0.30290479E-002     0.16681888E-002
    -0.37235831E+000    -0.41021065E-002    -0.64654106E-002     0.15467963E+002    -0.10740856E+002    -0.27991864E-002     0.18413561E-002
    -0.37159840E+000    -0.33988996E-002    -0.62248238E-002     0.15332436E+002    -0.10646524E+002    -0.26371679E-002     0.20819540E-002
    -0.37083848E+000    -0.27746432E-002    -0.59281081E-002     0.15207848E+002    -0.10540284E+002    -0.25724572E-002     0.23593795E-002
    -0.37007857E+000    -0.22245658E-002    -0.55945401E-002     0.15091818E+002    -0.10416697E+002    -0.26156375E-002     0.26301442E-002
    -0.36931865E+000    -0.17406290E-002    -0.52339352E-002     0.14977029E+002    -0.10270527E+002    -0.27538322E-002     0.28500512E-002
    -0.36855874E+000    -0.13191963E-002    -0.48486918E-002     0.14852206E+002    -0.10101152E+002    -0.29535092E-002     0.29877756E-002
    -0.36779882E+000    -0.96372632E-003    -0.44412563E-002     0.14706564E+002    -0.99146919E+001    -0.31720634E-002     0.30347979E-002
    -0.36703891E+000    -0.68052869E-003    -0.40196964E-002     0.14534254E+002    -0.97217636E+001    -0.33735754E-002     0.30047867E-002
    -0.36627899E+000    -0.47319392E-003    -0.35974370E-002     0.14335131E+002    -0.95329677E+001    -0.35388431E-002     0.29227516E-002
    -0.36551908E+000    -0.34012283E-003    -0.31902417E-002     0.14111989E+002    -0.93563345E+001    -0.36649629E-002     0.28124283E-002
    -0.36475916E+000    -0.27386300E-003    -0.28138274E-002     0.13868000E+002    -0.91983655E+001    -0.37582006E-002     0.26891235E-002
    -0.36399925E+000    -0.26033574E-003    -0.24809265E-002     0.13607130E+002    -0.90661613E+001    -0.38261576E-002     0.25592407E-002
    -0.36323933E+000    -0.28038311E-003    -0.21964419E-002     0.13336528E+002    -0.89674634E+001    -0.38730998E-002     0.24240586E-002
    -0.36247942E+000    -0.31591391E-003    -0.19543040E-002     0.13068169E+002    -0.89081665E+001    -0.38994768E-002     0.22840789E-002
    -0.36171950E+000    -0.35741659E-003    -0.17399699E-002     0.12818267E+002    -0.88887672E+001    -0.39036894E-002     0.21412524E-002
    -0.36095959E+000    -0.40824378E-003    -0.15375773E-002     0.12604217E+002    -0.89012262E+001    -0.38835634E-002     0.19994273E-002
    -0.36019967E+000    -0.48396284E-003    -0.13389929E-002     0.12439191E+002    -0.89278632E+001    -0.38372573E-002     0.18647006E-002
    -0.35943976E+000    -0.60541069E-003    -0.11523081E-002     0.12325917E+002    -0.89442666E+001    -0.37648011E-002     0.17458611E-002
    -0.35867984E+000    -0.78510007E-003    -0.10042600E-002     0.12253166E+002    -0.89266582E+001    -0.36704763E-002     0.16536151E-002
    -0.35791993E+000    -0.10136797E-002    -0.93071821E-003     0.12198188E+002    -0.88605420E+001    -0.35646151E-002     0.15977918E-002
    -0.35716001E+000    -0.12573323E-002    -0.95856233E-003     0.12134338E+002    -0.87456739E+001    -0.34632223E-002     0.15833379E-002
    -0.35640010E+000    -0.14693337E-002    -0.10909084E-002     0.12039540E+002    -0.85950739E+001    -0.33847986E-002     0.16067980E-002
    -0.35564018E+000    -0.16077758E-002    -0.13049191E-002     0.11901675E+002    -0.84299508E+001    -0.33448534E-002     0.16553709E-002
    -0.35488027E+000    -0.16481039E-002    -0.15607836E-002     0.11720191E+002    -0.82738235E+001    -0.33506168E-002     0.17102761E-002
    -0.35412035E+000    -0.15869385E-002    -0.18126180E-002     0.11505385E+002    -0.81476339E+001    -0.33998139E-002     0.17530284E-002
    -0.35336044E+000    -0.14432964E-002    -0.20171784E-002     0.11276716E+002    -0.80656421E+001    -0.34841852E-002     0.17698521E-002
    -0.35260052E+000    -0.12587093E-002    -0.21465344E-002     0.11059923E+002    -0.80312067E+001    -0.35936481E-002     0.17516200E-002
    -0.35184061E+000    -0.10853301E-002    -0.22048318E-002     0.10881217E+002    -0.80329451E+001    -0.37175246E-002     0.16917323E-002
    -0.35108069E+000    -0.95771758E-003    -0.22315415E-002     0.10757800E+002    -0.80446847E+001    -0.38434333E-002     0.15855029E-002
    -0.35032078E+000    -0.86916374E-003    -0.22765551E-002     0.10688747E+002    -0.80332142E+001    -0.39570036E-002     0.14316960E-002
    -0.34956086E+000    -0.77956921E-003    -0.23639219E-002     0.10654004E+002    -0.79718554E+001    -0.40432751E-002     0.12333262E-002
    -0.34880095E+000    -0.64881454E-003    -0.24791936E-002     0.10623860E+002    -0.78503830E+001    -0.40866872E-002     0.99801171E-003
    -0.34804103E+000    -0.46179282E-003    -0.25867931E-002     0.10570979E+002    -0.76745654E+001    -0.40726830E-002     0.74213792E-003
    -0.34728112E+000    -0.23040967E-003    -0.26537461E-002     0.10476353E+002    -0.74594685E+001    -0.39980791E-002     0.49192568E-003
    -0.34652120E+000     0.18295710E-004    -0.26642242E-002     0.10329764E+002    -0.72239797E+001    -0.38798506E-002     0.26899008E-003
    -0.34576129E+000     0.25795102E-003    -0.26215625E-002     0.10129366E+002    -0.69873727E+001    -0.37426393E-002     0.71143212E-004
    -0.34500138E+000     0.47308884E-003    -0.25396115E-002     0.98804931E+001    -0.67656548E+001    -0.35904349E-002    -0.12441698E-003
    -0.34424146E+000     0.65934369E-003    -0.24323022E-002     0.95920882E+001    -0.65689160E+001    -0.33942088E-002    -0.32869631E-003
    -0.34348155E+000     0.81788039E-003    -0.23081051E-002     0.92723745E+001    -0.64019802E+001    -0.31202082E-002    -0.50979821E-003
    -0.34272163E+000     0.94894947E-003    -0.21700906E-002     0.89268581E+001    -0.62676073E+001    -0.27774502E-002    -0.60692879E-003
    -0.34196172E+000     0.10481092E-002    -0.20206252E-002     0.85593907E+001    -0.61692335E+001    -0.24264004E-002    -0.58451201E-003
    -0.34120180E+000     0.11080266E-002    -0.18671760E-002     0.81741932E+001    -0.61113732E+001    -0.21333816E-002    -0.46456575E-003
    -0.34044189E+000     0.11243932E-002    -0.17240587E-002     0.77765723E+001    -0.60986011E+001    -0.19237573E-002    -0.30317572E-003
    -0.33968197E+000     0.11007733E-002    -0.16090626E-002     0.73722816E+001    -0.61352529E+001    -0.17790220E-002    -0.14501274E-003
    -0.33892206E+000     0.10499274E-002    -0.15382676E-002     0.69673569E+001    -0.62266634E+001    -0.16671720E-002    -0.74788791E-006
    -0.33816214E+000     0.99229424E-003    -0.15207420E-002     0.65700549E+001    -0.63806484E+001    -0.15721898E-002     0.14274217E-003
    -0.33740223E+000     0.95026565E-003    -0.15545625E-002     0.61947795E+001    -0.66069476E+001    -0.14999883E-002     0.29729433E-003
    -0.33664231E+000     0.94057616E-003    -0.16303992E-002     0.58661064E+001    -0.69128835E+001    -0.14632766E-002     0.45989479E-003
    -0.33588240E+000     0.97767880E-003    -0.17408571E-002     0.56197513E+001    -0.72947705E+001    -0.14686433E-002     0.61804176E-003
    -0.33512248E+000     0.10887489E-002    -0.18734182E-002     0.54961126E+001    -0.77270756E+001    -0.15162634E-002     0.75653753E-003
    -0.33436257E+000     0.13053706E-002    -0.19796898E-002     0.55231796E+001    -0.81566089E+001    -0.15990059E-002     0.85712172E-003
    -0.33360265E+000     0.16099332E-002    -0.19705203E-002     0.56943801E+001    -0.85131144E+001    -0.16952800E-002     0.90405645E-003
    -0.33284274E+000     0.18967217E-002    -0.17842253E-002     0.59597115E+001    -0.87389818E+001    -0.17727576E-002     0.90066050E-003
    -0.33208282E+000     0.20281618E-002    -0.14706840E-002     0.62457052E+001    -0.88189539E+001    -0.18112147E-002     0.87399186E-003
    -0.33132291E+000     0.19516147E-002    -0.11788333E-002     0.64928619E+001    -0.87826947E+001    -0.18179841E-002     0.85289220E-003
    -0.33056299E+000     0.17453375E-002    -0.10415181E-002     0.66792461E+001    -0.86776660E+001    -0.18138279E-002     0.84473060E-003
    -0.32980308E+000     0.15414960E-002    -0.10868849E-002     0.68134828E+001    -0.85379068E+001    -0.18074274E-002     0.83834465E-003
    -0.32904316E+000     0.14330716E-002    -0.12632467E-002     0.69099738E+001    -0.83743805E+001    -0.17870023E-002     0.82709422E-003
    -0.32828325E+000     0.14663544E-002    -0.15019561E-002     0.69737835E+001    -0.81876924E+001    -0.17376279E-002     0.82790819E-003
    -0.32752333E+000     0.16668463E-002    -0.17163395E-002     0.70043760E+001    -0.79785532E+001    -0.16701822E-002     0.87331555E-003
    -0.32676342E+000     0.19965002E-002    -0.17865719E-002     0.69970240E+001    -0.77467894E+001    -0.16270265E-002     0.97569074E-003
    -0.32600350E+000     0.23086636E-002    -0.16440394E-002     0.69398743E+001    -0.74980391E+001    -0.16468220E-002     0.11060905E-002
    -0.32524359E+000     0.24373570E-002    -0.13719737E-002     0.68244341E+001    -0.72505644E+001    -0.17323731E-002     0.12191701E-002
    -0.32448367E+000     0.23429845E-002    -0.11622917E-002     0.66556108E+001    -0.70267068E+001    -0.18589963E-002     0.12860172E-002
    -0.32372376E+000     0.21460370E-002    -0.11694753E-002     0.64496464E+001    -0.68429449E+001    -0.19976023E-002     0.13001744E-002
    -0.32296384E+000     0.20337586E-002    -0.14142040E-002     0.62294472E+001    -0.67051071E+001    -0.21253448E-002     0.12685912E-002
    -0.32220393E+000     0.21565468E-002    -0.17975273E-002     0.60176258E+001    -0.66035983E+001    -0.22267765E-002     0.12068676E-002
    -0.32144401E+000     0.25862862E-002    -0.21480775E-002     0.58221479E+001    -0.65155074E+001    -0.22993097E-002     0.11366736E-002
    -0.32068410E+000     0.32779479E-002    -0.22549627E-002     0.56287744E+001    -0.64244154E+001    -0.23571430E-002     0.10733927E-002
    -0.31992418E+000     0.40274335E-002    -0.19631843E-002     0.54208363E+001    -0.63375139E+001    -0.24194038E-002     0.10132458E-002
    -0.31916427E+000     0.45515185E-002    -0.13133987E-002     0.52020043E+001    -0.62693252E+001    -0.24921646E-002     0.93781282E-003
    -0.31840435E+000     0.46869939E-002    -0.54868341E-003     0.49835158E+001    -0.62174741E+001    -0.25626540E-002     0.82971875E-003
    -0.31764444E+000     0.45075829E-002     0.69227339E-004     0.47603578E+001    -0.61744477E+001    -0.26056633E-002     0.68621804E-003
    -0.31688452E+000     0.42203852E-002     0.44840315E-003     0.45245540E+001    -0.61513507E+001    -0.25976060E-002     0.52479996E-003
    -0.31612461E+000     0.39796070E-002     0.66330629E-003     0.42898721E+001    -0.61628522E+001    -0.25294607E-002     0.37706237E-003
    -0.31536469E+000     0.38170122E-002     0.83488134E-003     0.40772314E+001    -0.62010258E+001    -0.24127425E-002     0.28112738E-003
    -0.31460478E+000     0.36704781E-002     0.10371900E-002     0.38878460E+001    -0.62469222E+001    -0.22930808E-002     0.26677322E-003
    -0.31384486E+000     0.34593314E-002     0.12495403E-002     0.37107050E+001    -0.62957078E+001    -0.22354688E-002     0.31223205E-003
    -0.31308495E+000     0.31724430E-002     0.13924347E-002     0.35427272E+001    -0.63530164E+001    -0.22589084E-002     0.34836561E-003
    -0.31232503E+000     0.28749970E-002     0.14201485E-002     0.33882569E+001    -0.64219810E+001    -0.23233020E-002     0.32572107E-003
    -0.31156512E+000     0.26347041E-002     0.13603972E-002     0.32526696E+001    -0.65012426E+001    -0.23776589E-002     0.24288884E-003
    -0.31080520E+000     0.24686481E-002     0.12693445E-002     0.31381254E+001    -0.65891323E+001    -0.23926659E-002     0.12671227E-003
    -0.31004529E+000     0.23616969E-002     0.11882170E-002     0.30527948E+001    -0.66907612E+001    -0.23658760E-002     0.84732497E-005
    -0.30928537E+000     0.22806616E-002     0.11502382E-002     0.30222253E+001    -0.67976819E+001    -0.23130484E-002    -0.95583273E-004
    -0.30852546E+000     0.21537734E-002     0.11579601E-002     0.30580787E+001    -0.68709958E+001    -0.22440136E-002    -0.18808839E-003
    -0.30776554E+000     0.19192053E-002     0.11231518E-002     0.31374059E+001    -0.68766146E+001    -0.21543286E-002    -0.26574670E-003
    -0.30700563E+000     0.16401762E-002     0.91082001E-003     0.32342448E+001    -0.68031604E+001    -0.20492549E-002    -0.31511089E-003
    -0.30624571E+000     0.15052968E-002     0.50537020E-003     0.33262032E+001    -0.66346191E+001    -0.19361979E-002    -0.32948749E-003
    -0.30548580E+000     0.16361133E-002     0.85172056E-004     0.33636017E+001    -0.63581802E+001    -0.18286335E-002    -0.28136915E-003
    -0.30472588E+000     0.19390617E-002    -0.15848611E-003     0.32846854E+001    -0.60059851E+001    -0.18018416E-002    -0.16151208E-003
    -0.30396597E+000     0.22374635E-002    -0.20467118E-003     0.30652513E+001    -0.56463296E+001    -0.19186433E-002    -0.64742677E-004
    -0.30320605E+000     0.24328395E-002    -0.14268851E-003     0.27260152E+001    -0.53393064E+001    -0.21226206E-002    -0.10440449E-003
    -0.30244614E+000     0.25091347E-002    -0.78417771E-004     0.23063590E+001    -0.51159860E+001    -0.22994009E-002    -0.30306376E-003
    -0.30168622E+000     0.25251982E-002    -0.10655382E-003     0.18422251E+001    -0.49843203E+001    -0.23642422E-002    -0.60957272E-003
    -0.30092631E+000     0.26193893E-002    -0.23889387E-003     0.13610464E+001    -0.49419438E+001    -0.22779939E-002    -0.94141510E-003
    -0.30016639E+000     0.28832249E-002    -0.32251900E-003     0.88391191E+000    -0.49791319E+001    -0.20612391E-002    -0.11993655E-002
    -0.29940648E+000     0.31893863E-002    -0.18421323E-003     0.41822793E+000    -0.50805735E+001    -0.18155431E-002    -0.13286519E-002
    -0.29864656E+000     0.33079659E-002     0.13354106E-003    -0.44765970E-001    -0.52434701E+001    -0.16440130E-002    -0.13874438E-002
    -0.29788665E+000     0.31525872E-002     0.41575277E-003    -0.50654158E+000    -0.54878092E+001    -0.15574865E-002    -0.14870200E-002
    -0.29712673E+000     0.28282900E-002     0.47186923E-003    -0.94761825E+000    -0.58348564E+001    -0.14882340E-002    -0.17179025E-002
    -0.29636682E+000     0.25252052E-002     0.24814264E-003    -0.13454647E+001    -0.63017660E+001    -0.12970604E-002    -0.21293779E-002
    -0.29560691E+000     0.23986506E-002    -0.18462141E-003    -0.16606293E+001    -0.69289414E+001    -0.76530406E-003    -0.26499375E-002
    -0.29484699E+000     0.25277707E-002    -0.71254052E-003    -0.17726161E+001    -0.77541833E+001     0.27961491E-003    -0.29575740E-002
    -0.29408708E+000     0.29610385E-002    -0.12117738E-002    -0.14757377E+001    -0.86883452E+001     0.16353833E-002    -0.25335925E-002
    -0.29332716E+000     0.37041755E-002    -0.14833906E-002    -0.65734742E+000    -0.94125543E+001     0.25486526E-002    -0.12067699E-002
    -0.29256725E+000     0.45573201E-002    -0.12898543E-002     0.44823668E+000    -0.95650711E+001     0.24130884E-002     0.34185600E-003
    -0.29180733E+000     0.51176253E-002    -0.66354091E-003     0.13919980E+001    -0.91300693E+001     0.15385031E-002     0.12987832E-002
    -0.29104742E+000     0.52011486E-002     0.19991106E-004     0.19387986E+001    -0.84069171E+001     0.58421860E-003     0.15398305E-002
    -0.29028750E+000     0.49913806E-002     0.46722463E-003     0.21417407E+001    -0.76571148E+001    -0.10341186E-003     0.13431676E-002
    -0.28952759E+000     0.47213330E-002     0.65704418E-003     0.21269848E+001    -0.69711476E+001    -0.46469337E-003     0.98563898E-003
    -0.28876767E+000     0.44920084E-002     0.66403714E-003     0.19678640E+001    -0.63569909E+001    -0.56484539E-003     0.64173878E-003
    -0.28800776E+000     0.43515595E-002     0.52930546E-003     0.17005184E+001    -0.58187885E+001    -0.49527845E-003     0.39534764E-003
    -0.28724784E+000     0.43660050E-002     0.30757385E-003     0.13576743E+001    -0.53614532E+001    -0.34381679E-003     0.28188590E-003
    -0.28648793E+000     0.45697733E-002     0.11583974E-003     0.96756307E+000    -0.49779842E+001    -0.19232121E-003     0.29249888E-003
    -0.28572801E+000     0.48891595E-002     0.91407780E-004     0.54407960E+000    -0.46578566E+001    -0.89548048E-004     0.38778317E-003
    -0.28496810E+000     0.51496040E-002     0.26682666E-003     0.96651309E-001    -0.43975160E+001    -0.55694773E-004     0.52897567E-003
    -0.28420818E+000     0.52193560E-002     0.53249172E-003    -0.36244387E+000    -0.41912881E+001    -0.98457094E-004     0.68264421E-003
    -0.28344827E+000     0.50690823E-002     0.74401272E-003    -0.82739284E+000    -0.40292291E+001    -0.21794541E-003     0.81884305E-003
    -0.28268835E+000     0.47293343E-002     0.76107457E-003    -0.12969819E+001    -0.39065742E+001    -0.41416287E-003     0.90917252E-003
    -0.28192844E+000     0.43002088E-002     0.44219667E-003    -0.17674395E+001    -0.38191996E+001    -0.68479427E-003     0.90418918E-003
    -0.28116852E+000     0.39800244E-002    -0.31613775E-003    -0.22392319E+001    -0.37609564E+001    -0.97671979E-003     0.73399777E-003
    -0.28040861E+000     0.40514584E-002    -0.15007220E-002    -0.27152531E+001    -0.37321802E+001    -0.11699778E-002     0.37557001E-003
    -0.27964869E+000     0.48194950E-002    -0.29390537E-002    -0.31920869E+001    -0.37349953E+001    -0.11267186E-002    -0.88508273E-004
    -0.27888878E+000     0.65701623E-002    -0.41994055E-002    -0.36658888E+001    -0.37660171E+001    -0.81287524E-003    -0.45837820E-003
    -0.27812886E+000     0.91730215E-002    -0.44722375E-002    -0.41374228E+001    -0.38223757E+001    -0.37974187E-003    -0.58616702E-003
    -0.27736895E+000     0.11640035E-001    -0.32999954E-002    -0.46064114E+001    -0.39044373E+001    -0.33469178E-005    -0.50085667E-003
    -0.27660903E+000     0.13060117E-001    -0.13529493E-002    -0.50710436E+001    -0.40107658E+001     0.24577788E-003    -0.31213224E-003
    -0.27584912E+000     0.13543143E-001     0.42689026E-003    -0.55323530E+001    -0.41401722E+001     0.38350465E-003    -0.10598458E-003
    -0.27508920E+000     0.13732600E-001     0.17265725E-002    -0.59887653E+001    -0.42952321E+001     0.45197398E-003     0.83687449E-004
    -0.27432929E+000     0.14104216E-001     0.28571049E-002    -0.64337801E+001    -0.44724753E+001     0.48261047E-003     0.26215727E-003
    -0.27356937E+000     0.14576501E-001     0.43555155E-002    -0.68704268E+001    -0.46607999E+001     0.47286412E-003     0.45439742E-003
    -0.27280946E+000     0.14537431E-001     0.63952648E-002    -0.73138724E+001    -0.48593563E+001     0.37180385E-003     0.66190093E-003
    -0.27204954E+000     0.13402945E-001     0.84179192E-002    -0.77740055E+001    -0.50825848E+001     0.12760602E-003     0.79730426E-003
    -0.27128963E+000     0.11325652E-001     0.94278017E-002    -0.82490325E+001    -0.53502921E+001    -0.17712344E-003     0.71885583E-003
    -0.27052971E+000     0.93589633E-002     0.88458760E-002    -0.87211282E+001    -0.56832468E+001    -0.32810687E-003     0.44564262E-003
    -0.26976980E+000     0.87948699E-002     0.72667908E-002    -0.91558702E+001    -0.60837824E+001    -0.25920882E-003     0.19379706E-003
    -0.26900988E+000     0.97596476E-002     0.62974175E-002    -0.95295279E+001    -0.65331854E+001    -0.11235881E-003     0.82402919E-004
    -0.26824997E+000     0.10811824E-001     0.66351203E-002    -0.98204859E+001    -0.70154689E+001     0.68748767E-005     0.76739181E-004
    -0.26749005E+000     0.10984940E-001     0.72381567E-002    -0.99960325E+001    -0.74786611E+001     0.62548906E-004     0.15552314E-003
    -0.26673014E+000     0.10922509E-001     0.70142889E-002    -0.10095715E+002    -0.78269070E+001    -0.34494602E-004     0.31896654E-003
    -0.26597022E+000     0.11820276E-001     0.61674962E-002    -0.10245674E+002    -0.80504665E+001    -0.43762135E-003     0.45461412E-003
    -0.26521031E+000     0.14099194E-001     0.57697628E-002    -0.10498224E+002    -0.82511959E+001    -0.12099206E-002     0.27302602E-003
    -0.26445039E+000     0.17338946E-001     0.68849739E-002    -0.10795922E+002    -0.84793235E+001    -0.21861993E-002    -0.59416584E-003
    -0.26369048E+000     0.20322462E-001     0.10163667E-001    -0.11122385E+002    -0.86832851E+001    -0.29031490E-002    -0.24617432E-002
    -0.26293056E+000     0.21570409E-001     0.14990562E-001    -0.11571919E+002    -0.88544928E+001    -0.25316300E-002    -0.53489739E-002
    -0.26217065E+000     0.20789102E-001     0.19978598E-001    -0.12205025E+002    -0.91169338E+001    -0.52416712E-004    -0.84891587E-002
    -0.26141073E+000     0.18415973E-001     0.24457307E-001    -0.12940562E+002    -0.95951890E+001     0.47011331E-002    -0.99777070E-002
    -0.26065082E+000     0.14593371E-001     0.27895230E-001    -0.13658933E+002    -0.10292350E+002     0.97984699E-002    -0.83618202E-002
    -0.25989090E+000     0.10059967E-001     0.29583282E-001    -0.14326709E+002    -0.11166794E+002     0.13121318E-001    -0.45829028E-002
    -0.25913099E+000     0.57424233E-002     0.29754066E-001    -0.14924398E+002    -0.12240694E+002     0.14308501E-001    -0.32623814E-003
    -0.25837107E+000     0.18018046E-002     0.28706230E-001    -0.15364667E+002    -0.13510024E+002     0.13938197E-001     0.33826464E-002
    -0.25761116E+000    -0.14309739E-002     0.26128400E-001    -0.15619837E+002    -0.14874634E+002     0.12803293E-001     0.61693916E-002
    -0.25685124E+000    -0.25764866E-002     0.21967146E-001    -0.15804140E+002    -0.16332119E+002     0.11605128E-001     0.82344215E-002
    -0.25609133E+000    -0.74979802E-004     0.17999641E-001    -0.15906215E+002    -0.18062803E+002     0.10518838E-001     0.10130740E-001
    -0.25533141E+000     0.55274416E-002     0.17319598E-001    -0.15763881E+002    -0.20166969E+002     0.92660503E-002     0.12114478E-001
    -0.25457150E+000     0.11058494E-001     0.21597356E-001    -0.15165784E+002    -0.22805012E+002     0.76360365E-002     0.14221330E-001
    -0.25381158E+000     0.13618020E-001     0.29437873E-001    -0.13405933E+002    -0.26030735E+002     0.51833163E-002     0.16462035E-001
    -0.25305167E+000     0.12447086E-001     0.39054137E-001    -0.96116616E+001    -0.28893638E+002     0.13106128E-002     0.18099157E-001
    -0.25229175E+000     0.69867637E-002     0.49367865E-001    -0.42068473E+001    -0.29584998E+002    -0.34812157E-002     0.17737409E-001
    -0.25153184E+000    -0.37363658E-002     0.59408815E-001     0.76613299E+000    -0.27450318E+002    -0.74025007E-002     0.15066088E-001
    -0.25077192E+000    -0.22426931E-001     0.66084147E-001     0.38361925E+001    -0.23693489E+002    -0.93023086E-002     0.11389736E-001
    -0.25001201E+000    -0.47203079E-001     0.60568717E-001     0.49079507E+001    -0.19702993E+002    -0.94209464E-002     0.80687477E-002
    -0.24925209E+000    -0.65123542E-001     0.39346337E-001     0.45254001E+001    -0.16319623E+002    -0.85892346E-002     0.56703695E-002
    -0.24849218E+000    -0.66585309E-001     0.14225477E-001     0.33395909E+001    -0.13836088E+002    -0.74183048E-002     0.40692531E-002
    -0.24773226E+000    -0.57880721E-001    -0.32984955E-002     0.18431423E+001    -0.12232457E+002    -0.60264257E-002     0.31069943E-002
    -0.24697235E+000    -0.47015772E-001    -0.13974206E-001     0.38072569E+000    -0.11374639E+002    -0.45543239E-002     0.29645615E-002
    -0.24621244E+000    -0.34739471E-001    -0.20300046E-001    -0.79729548E+000    -0.11038529E+002    -0.35730618E-002     0.36957684E-002
    -0.24545252E+000    -0.22016883E-001    -0.20615306E-001    -0.16220181E+001    -0.10907603E+002    -0.36020732E-002     0.46765739E-002
    -0.24469261E+000    -0.12750790E-001    -0.16234651E-001    -0.22546688E+001    -0.10808665E+002    -0.43016710E-002     0.51155963E-002
    -0.24393269E+000    -0.64173236E-002    -0.95019854E-002    -0.27417295E+001    -0.10790289E+002    -0.50182630E-002     0.50311264E-002
    -0.24317278E+000    -0.54200591E-002     0.86414580E-003    -0.29950836E+001    -0.10735891E+002    -0.56657190E-002     0.47408663E-002
    -0.24241286E+000    -0.14636784E-001     0.82079729E-002    -0.31821909E+001    -0.10445306E+002    -0.63776889E-002     0.42185579E-002
    -0.24165295E+000    -0.26613318E-001     0.24633498E-002    -0.35706481E+001    -0.10024057E+002    -0.70369796E-002     0.32385882E-002
    -0.24089303E+000    -0.27538788E-001    -0.11807320E-001    -0.41642856E+001    -0.97141387E+001    -0.72430829E-002     0.17542697E-002
    -0.24013312E+000    -0.17155297E-001    -0.21195505E-001    -0.48323431E+001    -0.96118342E+001    -0.65394395E-002     0.91351635E-004
    -0.23937320E+000    -0.42267430E-002    -0.21071761E-001    -0.54620041E+001    -0.97407462E+001    -0.47725630E-002    -0.89647018E-003
    -0.23861329E+000     0.49347721E-002    -0.13845661E-001    -0.59236590E+001    -0.10083464E+002    -0.28718299E-002    -0.39551006E-003
    -0.23785337E+000     0.77797550E-002    -0.41704209E-002    -0.60704830E+001    -0.10562828E+002    -0.20499585E-002     0.10538833E-002
    -0.23709346E+000     0.57048896E-002     0.37153277E-002    -0.57381112E+001    -0.10921255E+002    -0.24513584E-002     0.23365776E-002
    -0.23633354E+000     0.17184423E-002     0.90283022E-002    -0.51427584E+001    -0.10689385E+002    -0.34307134E-002     0.27501826E-002
    -0.23557363E+000    -0.36144995E-002     0.12797911E-001    -0.49035630E+001    -0.99046772E+001    -0.41631935E-002     0.24015952E-002
    -0.23481371E+000    -0.10656507E-001     0.14010186E-001    -0.51887365E+001    -0.90693850E+001    -0.44108910E-002     0.18518971E-002
    -0.23405380E+000    -0.17569629E-001     0.11366317E-001    -0.57724463E+001    -0.84537194E+001    -0.43729702E-002     0.14073064E-002
    -0.23329388E+000    -0.21971297E-001     0.58584768E-002    -0.64355918E+001    -0.80687530E+001    -0.42418750E-002     0.10919233E-002
    -0.23253397E+000    -0.23332583E-001    -0.38004176E-003    -0.70810755E+001    -0.78289607E+001    -0.40896204E-002     0.84899330E-003
    -0.23177405E+000    -0.22298393E-001    -0.62791949E-002    -0.76826400E+001    -0.76677200E+001    -0.39270962E-002     0.63813179E-003
    -0.23101414E+000    -0.19018355E-001    -0.11126673E-001    -0.82564273E+001    -0.75153677E+001    -0.37357342E-002     0.43482430E-003
    -0.23025422E+000    -0.14226837E-001    -0.13795306E-001    -0.88659128E+001    -0.73607435E+001    -0.34884350E-002     0.25737042E-003
    -0.22949431E+000    -0.94087137E-002    -0.13853316E-001    -0.95441934E+001    -0.72438359E+001    -0.31970076E-002     0.12799450E-003
    -0.22873439E+000    -0.60519754E-002    -0.11982544E-001    -0.10286478E+002    -0.72199764E+001    -0.28531403E-002     0.40695895E-004
    -0.22797448E+000    -0.46778351E-002    -0.96045672E-002    -0.11042854E+002    -0.73297334E+001    -0.24124962E-002     0.38529102E-004
    -0.22721456E+000    -0.48944731E-002    -0.78783069E-002    -0.11758834E+002    -0.75651080E+001    -0.18882596E-002     0.24982772E-003
    -0.22645465E+000    -0.58428788E-002    -0.74337824E-002    -0.12416907E+002    -0.79423790E+001    -0.14480194E-002     0.79427709E-003
    -0.22569473E+000    -0.67838682E-002    -0.83311492E-002    -0.12863019E+002    -0.85221621E+001    -0.13846147E-002     0.16243699E-002
    -0.22493482E+000    -0.67689513E-002    -0.10816178E-001    -0.12820243E+002    -0.90538045E+001    -0.19328918E-002     0.23622346E-002
    -0.22417490E+000    -0.39648153E-002    -0.13683997E-001    -0.12491408E+002    -0.90015289E+001    -0.27942869E-002     0.24860811E-002
    -0.22341499E+000     0.92939036E-003    -0.13773516E-001    -0.12517876E+002    -0.83785461E+001    -0.33560675E-002     0.20922805E-002
    -0.22265507E+000     0.45394020E-002    -0.10831143E-001    -0.13100551E+002    -0.76699474E+001    -0.35106990E-002     0.16400261E-002
    -0.22189516E+000     0.57382262E-002    -0.71867343E-002    -0.14060038E+002    -0.71534609E+001    -0.34572121E-002     0.13204811E-002
    -0.22113524E+000     0.52761286E-002    -0.41977433E-002    -0.15230241E+002    -0.68824756E+001    -0.33249937E-002     0.11301725E-002
    -0.22037533E+000     0.39507393E-002    -0.23364226E-002    -0.16524037E+002    -0.68581340E+001    -0.31627747E-002     0.10568680E-002
    -0.21961541E+000     0.26399132E-002    -0.16263135E-002    -0.17884668E+002    -0.70900933E+001    -0.30187433E-002     0.11104121E-002
    -0.21885550E+000     0.17788619E-002    -0.15178760E-002    -0.19236639E+002    -0.75989173E+001    -0.29801145E-002     0.12869766E-002
    -0.21809558E+000     0.14151675E-002    -0.17527405E-002    -0.20454156E+002    -0.83438092E+001    -0.31648365E-002     0.14813213E-002
    -0.21733567E+000     0.17501277E-002    -0.18872800E-002    -0.21499529E+002    -0.91335056E+001    -0.35246040E-002     0.14452780E-002
    -0.21657575E+000     0.22985099E-002    -0.14187474E-002    -0.22606556E+002    -0.98517831E+001    -0.37491556E-002     0.11391716E-002
    -0.21581584E+000     0.26539357E-002    -0.67113629E-003    -0.24014328E+002    -0.10723954E+002    -0.37277005E-002     0.82473512E-003
    -0.21505592E+000     0.31018616E-002     0.36090557E-003    -0.25680510E+002    -0.12142222E+002    -0.36001525E-002     0.64430888E-003
    -0.21429601E+000     0.31779764E-002     0.22468188E-002    -0.27236279E+002    -0.14458012E+002    -0.34912914E-002     0.57642659E-003
    -0.21353609E+000     0.19281194E-002     0.43361392E-002    -0.27969183E+002    -0.17705457E+002    -0.34504312E-002     0.54618901E-003
    -0.21277618E+000    -0.15204383E-003     0.57060250E-002    -0.27222908E+002    -0.21227864E+002    -0.34518418E-002     0.48366927E-003
    -0.21201626E+000    -0.30267553E-002     0.67849246E-002    -0.25057725E+002    -0.24070804E+002    -0.34371511E-002     0.38217975E-003
    -0.21125635E+000    -0.75848510E-002     0.59843767E-002    -0.21973391E+002    -0.25449789E+002    -0.33830284E-002     0.27178118E-003
    -0.21049643E+000    -0.10862623E-001     0.16869851E-002    -0.19384122E+002    -0.24886589E+002    -0.32759968E-002     0.17248141E-003
    -0.20973652E+000    -0.10955618E-001    -0.32389133E-002    -0.18603920E+002    -0.23838439E+002    -0.30976521E-002     0.14860608E-003
    -0.20897660E+000    -0.92914448E-002    -0.74512712E-002    -0.18742051E+002    -0.24018661E+002    -0.29370379E-002     0.30733937E-003
    -0.20821669E+000    -0.58249459E-002    -0.11116439E-001    -0.17942703E+002    -0.25348813E+002    -0.30263360E-002     0.59366470E-003
    -0.20745677E+000    -0.38832139E-003    -0.12650231E-001    -0.15575093E+002    -0.25931226E+002    -0.33962218E-002     0.68116542E-003
    -0.20669686E+000     0.48161324E-002    -0.11056016E-001    -0.13371265E+002    -0.24668195E+002    -0.37392609E-002     0.44568581E-003
    -0.20593694E+000     0.83978597E-002    -0.78262060E-002    -0.12658937E+002    -0.22768679E+002    -0.38812433E-002     0.58951602E-004
    -0.20517703E+000     0.10727150E-001    -0.35982677E-002    -0.12977958E+002    -0.21559767E+002    -0.38407870E-002    -0.33956691E-003
    -0.20441711E+000     0.10953189E-001     0.18428281E-002    -0.13208185E+002    -0.21322187E+002    -0.36470144E-002    -0.70434095E-003
    -0.20365720E+000     0.77103512E-002     0.64548638E-002    -0.12451657E+002    -0.21208674E+002    -0.32915811E-002    -0.95493060E-003
    -0.20289728E+000     0.32315096E-002     0.74280071E-002    -0.11287742E+002    -0.19888172E+002    -0.28895257E-002    -0.97222543E-003
    -0.20213737E+000     0.82672011E-003     0.63273262E-002    -0.11161961E+002    -0.17573353E+002    -0.26266316E-002    -0.82193163E-003
    -0.20137745E+000    -0.18980588E-003     0.57732844E-002    -0.12366597E+002    -0.15399125E+002    -0.25220289E-002    -0.66571848E-003
    -0.20061754E+000    -0.13080534E-002     0.56556288E-002    -0.14389211E+002    -0.14004138E+002    -0.24887394E-002    -0.57803996E-003
    -0.19985762E+000    -0.26952910E-002     0.53033269E-002    -0.16719776E+002    -0.13490606E+002    -0.24522275E-002    -0.53272330E-003
    -0.19909771E+000    -0.39570838E-002     0.42572350E-002    -0.19016305E+002    -0.13825974E+002    -0.24221891E-002    -0.48287444E-003
    -0.19833779E+000    -0.42818860E-002     0.30535793E-002    -0.20914899E+002    -0.14899969E+002    -0.24285594E-002    -0.45129745E-003
    -0.19757788E+000    -0.45403609E-002     0.26492163E-002    -0.22092665E+002    -0.16278990E+002    -0.24328962E-002    -0.47370865E-003
    -0.19681797E+000    -0.55441111E-002     0.19233119E-002    -0.22867509E+002    -0.17284224E+002    -0.23908541E-002    -0.50602793E-003
    -0.19605805E+000    -0.61968102E-002     0.21034450E-003    -0.24204384E+002    -0.18129661E+002    -0.23382821E-002    -0.50872108E-003
    -0.19529814E+000    -0.59029956E-002    -0.17231585E-002    -0.26187809E+002    -0.20063459E+002    -0.23058028E-002    -0.50176204E-003
    -0.19453822E+000    -0.48308617E-002    -0.35895793E-002    -0.27554034E+002    -0.24091636E+002    -0.22883757E-002    -0.51174462E-003
    -0.19377831E+000    -0.24661901E-002    -0.49998054E-002    -0.25826753E+002    -0.29839679E+002    -0.22605195E-002    -0.54891550E-003
    -0.19301839E+000     0.67221984E-003    -0.41688285E-002    -0.19289958E+002    -0.33533541E+002    -0.21983730E-002    -0.59026490E-003
    -0.19225848E+000     0.16272745E-002    -0.15123402E-002    -0.11985615E+002    -0.31130547E+002    -0.21181902E-002    -0.61120009E-003
    -0.19149856E+000     0.76721202E-003     0.27022437E-005    -0.89111373E+001    -0.25429857E+002    -0.20275817E-002    -0.61706239E-003
    -0.19073865E+000    -0.15079216E-003     0.51066864E-003    -0.94018148E+001    -0.20544127E+002    -0.19295948E-002    -0.59478278E-003
    -0.18997873E+000    -0.10109056E-002     0.49159197E-003    -0.11225075E+002    -0.17340341E+002    -0.18441833E-002    -0.54545682E-003
    -0.18921882E+000    -0.16766717E-002    -0.63766658E-004    -0.13322305E+002    -0.15263908E+002    -0.17797021E-002    -0.47906998E-003
    -0.18845890E+000    -0.18199743E-002    -0.10494169E-002    -0.15488716E+002    -0.13852086E+002    -0.17405576E-002    -0.41099893E-003
    -0.18769899E+000    -0.11467673E-002    -0.20457480E-002    -0.17699187E+002    -0.12899377E+002    -0.17125752E-002    -0.35128384E-003
    -0.18693907E+000     0.16398684E-003    -0.23537104E-002    -0.20007600E+002    -0.12301134E+002    -0.16904586E-002    -0.29150114E-003
    -0.18617916E+000     0.13335620E-002    -0.17769652E-002    -0.22461231E+002    -0.12108919E+002    -0.16786323E-002    -0.23446882E-003
    -0.18541924E+000     0.19045596E-002    -0.80048096E-003    -0.25024454E+002    -0.12396422E+002    -0.16692423E-002    -0.18580157E-003
    -0.18465933E+000     0.19292825E-002     0.10399698E-003    -0.27676119E+002    -0.13278505E+002    -0.16501566E-002    -0.13985098E-003
    -0.18389941E+000     0.17161448E-002     0.70416168E-003    -0.30287031E+002    -0.15068642E+002    -0.16086340E-002    -0.77585884E-004
    -0.18313950E+000     0.15236031E-002     0.11469733E-002    -0.32196149E+002    -0.18157390E+002    -0.15574899E-002     0.58414187E-004
    -0.18237958E+000     0.12221164E-002     0.15605580E-002    -0.31955454E+002    -0.22171122E+002    -0.16180388E-002     0.29024187E-003
    -0.18161967E+000     0.85534417E-003     0.17271227E-002    -0.28701073E+002    -0.24592012E+002    -0.18725385E-002     0.44874709E-003
    -0.18085975E+000     0.57688305E-003     0.18281612E-002    -0.25343852E+002    -0.23019883E+002    -0.21631155E-002     0.40156214E-003
    -0.18009984E+000     0.22594681E-003     0.17024514E-002    -0.24952446E+002    -0.19625327E+002    -0.23580916E-002     0.22175000E-003
    -0.17933992E+000     0.24041191E-003     0.13029948E-002    -0.26875451E+002    -0.16897159E+002    -0.24190371E-002    -0.91928435E-005
    -0.17858001E+000     0.67865132E-003     0.10756658E-002    -0.29860856E+002    -0.15322838E+002    -0.23576334E-002    -0.19467416E-003
    -0.17782009E+000     0.12968442E-002     0.11871364E-002    -0.33313560E+002    -0.14691053E+002    -0.22528770E-002    -0.28976205E-003
    -0.17706018E+000     0.19256532E-002     0.16270525E-002    -0.37098384E+002    -0.14830684E+002    -0.21633121E-002    -0.32271739E-003
    -0.17630026E+000     0.24923778E-002     0.23540302E-002    -0.41219449E+002    -0.15703564E+002    -0.20991928E-002    -0.32703493E-003
    -0.17554035E+000     0.29499075E-002     0.34102104E-002    -0.45770454E+002    -0.17428591E+002    -0.20545252E-002    -0.32176279E-003
    -0.17478043E+000     0.31507143E-002     0.47901872E-002    -0.50838055E+002    -0.20315133E+002    -0.20204987E-002    -0.30711666E-003
    -0.17402052E+000     0.31067892E-002     0.64881038E-002    -0.56450726E+002    -0.24989108E+002    -0.20027059E-002    -0.28053234E-003
    -0.17326060E+000     0.26270446E-002     0.88762886E-002    -0.62245797E+002    -0.32575895E+002    -0.20114301E-002    -0.24464782E-003
    -0.17250069E+000     0.60292031E-003     0.12205415E-001    -0.66695660E+002    -0.44748299E+002    -0.20614961E-002    -0.21499757E-003
    -0.17174077E+000    -0.49236894E-002     0.14757349E-001    -0.65407342E+002    -0.62491019E+002    -0.21583080E-002    -0.22380596E-003
    -0.17098086E+000    -0.12315193E-001     0.11815615E-001    -0.51556998E+002    -0.80918941E+002    -0.22752997E-002    -0.32460089E-003
    -0.17022094E+000    -0.14533035E-001     0.42346837E-002    -0.26532604E+002    -0.86825977E+002    -0.23122402E-002    -0.52441323E-003
    -0.16946103E+000    -0.11150406E-001    -0.75212727E-003    -0.61297803E+001    -0.76128036E+002    -0.22254300E-002    -0.72075732E-003
    -0.16870111E+000    -0.74844551E-002    -0.13712656E-002     0.20852927E+001    -0.61001118E+002    -0.20629350E-002    -0.85510744E-003
    -0.16794120E+000    -0.58992276E-002    -0.32936070E-003     0.30265592E+001    -0.48750165E+002    -0.18631871E-002    -0.91254093E-003
    -0.16718128E+000    -0.57462778E-002     0.50358193E-003     0.92929249E+000    -0.40022557E+002    -0.16645370E-002    -0.88043298E-003
    -0.16642137E+000    -0.61391183E-002     0.75558476E-003    -0.20565317E+001    -0.34049002E+002    -0.15204246E-002    -0.77980441E-003
    -0.16566145E+000    -0.65598711E-002     0.58117739E-003    -0.50170535E+001    -0.29676528E+002    -0.14450678E-002    -0.65656781E-003
    -0.16490154E+000    -0.69510410E-002     0.30759009E-003    -0.79969922E+001    -0.26222668E+002    -0.14342204E-002    -0.55058444E-003
    -0.16414162E+000    -0.75319885E-002    -0.10352679E-003    -0.10942092E+002    -0.23443133E+002    -0.14504653E-002    -0.49252020E-003
    -0.16338171E+000    -0.82485434E-002    -0.90502523E-003    -0.13978083E+002    -0.21056638E+002    -0.14562138E-002    -0.46853081E-003
    -0.16262179E+000    -0.88464502E-002    -0.22648510E-002    -0.17214393E+002    -0.19172420E+002    -0.14428625E-002    -0.45504813E-003
    -0.16186188E+000    -0.89164730E-002    -0.40885967E-002    -0.20463665E+002    -0.17796693E+002    -0.14156955E-002    -0.43587577E-003
    -0.16110196E+000    -0.83597469E-002    -0.60173493E-002    -0.23689430E+002    -0.16751540E+002    -0.13877848E-002    -0.40228075E-003
    -0.16034205E+000    -0.71813606E-002    -0.80246666E-002    -0.26964697E+002    -0.16039126E+002    -0.13764432E-002    -0.36463992E-003
    -0.15958213E+000    -0.50141396E-002    -0.98238972E-002    -0.30164811E+002    -0.15643908E+002    -0.13713035E-002    -0.34373210E-003
    -0.15882222E+000    -0.19622096E-002    -0.10785512E-001    -0.33322588E+002    -0.15398735E+002    -0.13525435E-002    -0.33233710E-003
    -0.15806230E+000     0.17791712E-002    -0.10291545E-001    -0.36502014E+002    -0.15309498E+002    -0.13185037E-002    -0.31499529E-003
    -0.15730239E+000     0.47771922E-002    -0.75322898E-002    -0.39710721E+002    -0.15297466E+002    -0.12774046E-002    -0.28183153E-003
    -0.15654247E+000     0.54852034E-002    -0.40508489E-002    -0.43099097E+002    -0.15344821E+002    -0.12397867E-002    -0.23269979E-003
    -0.15578256E+000     0.44919617E-002    -0.13933206E-002    -0.46688612E+002    -0.15572085E+002    -0.12083208E-002    -0.17230385E-003
    -0.15502264E+000     0.28609597E-002    -0.17598923E-003    -0.50449088E+002    -0.15922822E+002    -0.11835837E-002    -0.95196630E-004
    -0.15426273E+000     0.16288900E-002     0.24042849E-004    -0.54521526E+002    -0.16439114E+002    -0.11812624E-002     0.10930138E-005
    -0.15350281E+000     0.92327176E-003    -0.18024501E-003    -0.58839666E+002    -0.17212054E+002    -0.12178727E-002     0.10401390E-003
    -0.15274290E+000     0.73996572E-003    -0.41894009E-003    -0.63452502E+002    -0.18131294E+002    -0.12996052E-002     0.18112322E-003
    -0.15198298E+000     0.79403363E-003    -0.40013553E-003    -0.68532231E+002    -0.19267376E+002    -0.13941722E-002     0.21029393E-003
    -0.15122307E+000     0.82295444E-003    -0.20401084E-003    -0.74143053E+002    -0.20699458E+002    -0.14877498E-002     0.19839578E-003
    -0.15046315E+000     0.80390759E-003     0.38797291E-004    -0.80457651E+002    -0.22525725E+002    -0.15527003E-002     0.12665285E-003
    -0.14970324E+000     0.78220017E-003     0.33581481E-003    -0.87563716E+002    -0.24961268E+002    -0.15392104E-002     0.32883291E-004
    -0.14894332E+000     0.71946371E-003     0.72307678E-003    -0.95584200E+002    -0.28137612E+002    -0.14562770E-002    -0.27545906E-004
    -0.14818341E+000     0.54035735E-003     0.12375412E-002    -0.10473551E+003    -0.32340427E+002    -0.13353148E-002    -0.29814999E-004
    -0.14742350E+000     0.76815012E-004     0.17443140E-002    -0.11525373E+003    -0.37918171E+002    -0.12035747E-002     0.32674625E-004
    -0.14666358E+000    -0.49483262E-003     0.20449954E-002    -0.12755071E+003    -0.45533961E+002    -0.10838213E-002     0.15413920E-003
    -0.14590367E+000    -0.10604074E-002     0.22954867E-002    -0.14189638E+003    -0.56322621E+002    -0.98299773E-003     0.32956357E-003
    -0.14514375E+000    -0.17101771E-002     0.25688502E-002    -0.15841866E+003    -0.71972303E+002    -0.91125636E-003     0.56216478E-003
    -0.14438384E+000    -0.25620320E-002     0.28775330E-002    -0.17667105E+003    -0.95264915E+002    -0.87265651E-003     0.86293463E-003
    -0.14362392E+000    -0.37477640E-002     0.31642718E-002    -0.19454107E+003    -0.13040946E+003    -0.90239172E-003     0.12775097E-002
    -0.14286401E+000    -0.55402336E-002     0.33922522E-002    -0.20560495E+003    -0.18293732E+003    -0.11203088E-002     0.18217622E-002
    -0.14210409E+000    -0.86319300E-002     0.29612122E-002    -0.19452108E+003    -0.25534159E+003    -0.16863388E-002     0.23915928E-002
    -0.14134418E+000    -0.12729149E-001    -0.29380530E-003    -0.13783354E+003    -0.33230354E+003    -0.26953490E-002     0.26832231E-002
    -0.14058426E+000    -0.14247853E-001    -0.73778221E-002    -0.33823822E+002    -0.36927616E+003    -0.38420221E-002     0.22958540E-002
    -0.13982435E+000    -0.10303960E-001    -0.14518463E-001     0.67711856E+002    -0.33948132E+003    -0.45166449E-002     0.13465391E-002
    -0.13906443E+000    -0.33015073E-002    -0.17757373E-001     0.12542197E+003    -0.27581879E+003    -0.45902579E-002     0.39249384E-003
    -0.13830452E+000     0.35360929E-002    -0.17211475E-001     0.14546959E+003    -0.21462304E+003    -0.43424218E-002    -0.29844418E-003
    -0.13754460E+000     0.87619667E-002    -0.14342623E-001     0.14554876E+003    -0.16681796E+003    -0.40053996E-002    -0.72927330E-003
    -0.13678469E+000     0.12221608E-001    -0.10303407E-001     0.13703629E+003    -0.13201963E+003    -0.36896378E-002    -0.98962507E-003
    -0.13602477E+000     0.13929454E-001    -0.58973035E-002     0.12574654E+003    -0.10716315E+003    -0.34108890E-002    -0.11576792E-002
    -0.13526486E+000     0.14248641E-001    -0.17531851E-002     0.11419449E+003    -0.89200348E+002    -0.31625469E-002    -0.12574812E-002
    -0.13450494E+000     0.13673072E-001     0.19489185E-002     0.10324611E+003    -0.76075512E+002    -0.29545746E-002    -0.13078219E-002
    -0.13374503E+000     0.12379868E-001     0.52787131E-002     0.93254306E+002    -0.66469212E+002    -0.27907011E-002    -0.13321443E-002
    -0.13298511E+000     0.10369039E-001     0.81559858E-002     0.84388672E+002    -0.59394397E+002    -0.26671020E-002    -0.13645941E-002
    -0.13222520E+000     0.77318942E-002     0.10317559E-001     0.76644069E+002    -0.54128031E+002    -0.25249631E-002    -0.14222526E-002
    -0.13146528E+000     0.49700797E-002     0.11551483E-001     0.69845935E+002    -0.50111064E+002    -0.23520302E-002    -0.14294361E-002
    -0.13070537E+000     0.26585716E-002     0.12457405E-001     0.63791011E+002    -0.47221413E+002    -0.22256466E-002    -0.13908609E-002
    -0.12994545E+000     0.48542650E-004     0.14210870E-001     0.58855422E+002    -0.45466343E+002    -0.21324284E-002    -0.13716103E-002
    -0.12918554E+000    -0.52244172E-002     0.15793685E-001     0.55516811E+002    -0.43883196E+002    -0.20218380E-002    -0.13558738E-002
    -0.12842562E+000    -0.12143019E-001     0.13451271E-001     0.52748871E+002    -0.41466849E+002    -0.19156055E-002    -0.13027267E-002
    -0.12766571E+000    -0.16592453E-001     0.74467135E-002     0.49605643E+002    -0.38881395E+002    -0.18455016E-002    -0.12359589E-002
    -0.12690579E+000    -0.17530995E-001     0.67274010E-003     0.46355459E+002    -0.36693741E+002    -0.17969089E-002    -0.11781394E-002
    -0.12614588E+000    -0.15888516E-001    -0.51650331E-002     0.43308228E+002    -0.34827339E+002    -0.17574307E-002    -0.11249686E-002
    -0.12538596E+000    -0.12787903E-001    -0.95791039E-002     0.40494729E+002    -0.33066459E+002    -0.17271707E-002    -0.10732218E-002
    -0.12462605E+000    -0.88994637E-002    -0.12649740E-001     0.37785847E+002    -0.31285504E+002    -0.17046585E-002    -0.10234209E-002
    -0.12386613E+000    -0.45957189E-002    -0.14508264E-001     0.35034963E+002    -0.29482668E+002    -0.16889831E-002    -0.97300707E-003
    -0.12310622E+000    -0.39041262E-004    -0.15327147E-001     0.32148366E+002    -0.27717163E+002    -0.16827171E-002    -0.92049555E-003
    -0.12234630E+000     0.48470931E-002    -0.15133484E-001     0.29075956E+002    -0.26061721E+002    -0.16889419E-002    -0.86632761E-003
    -0.12158639E+000     0.10265752E-001    -0.13579954E-001     0.25797769E+002    -0.24586544E+002    -0.17122747E-002    -0.81331147E-003
    -0.12082647E+000     0.16076328E-001    -0.95119301E-002     0.22304707E+002    -0.23353471E+002    -0.17543669E-002    -0.76940353E-003
    -0.12006656E+000     0.20118042E-001    -0.13997384E-002     0.18583993E+002    -0.22423209E+002    -0.18101320E-002    -0.73967435E-003
    -0.11930664E+000     0.18048469E-001     0.85779793E-002     0.14612636E+002    -0.21875098E+002    -0.18782442E-002    -0.72324970E-003
    -0.11854673E+000     0.11206202E-001     0.14125970E-001     0.10354929E+002    -0.21827999E+002    -0.19628484E-002    -0.72378847E-003
    -0.11778681E+000     0.52250062E-002     0.15754047E-001     0.57586672E+001    -0.22487799E+002    -0.20673719E-002    -0.75123630E-003
    -0.11702690E+000    -0.31802394E-003     0.17045601E-001     0.79919618E+000    -0.24270015E+002    -0.21936958E-002    -0.82459589E-003
    -0.11626698E+000    -0.83094777E-002     0.16576656E-001    -0.42667162E+001    -0.27983612E+002    -0.23306789E-002    -0.98081496E-003
    -0.11550707E+000    -0.16205363E-001     0.10040744E-001    -0.81725593E+001    -0.34786243E+002    -0.24216287E-002    -0.12707550E-002
    -0.11474715E+000    -0.18016254E-001    -0.68859653E-003    -0.74084040E+001    -0.44874501E+002    -0.23155583E-002    -0.17003426E-002
    -0.11398724E+000    -0.12343722E-001    -0.95579292E-002     0.23698154E+001    -0.52864181E+002    -0.18308362E-002    -0.20407957E-002
    -0.11322732E+000    -0.36952611E-002    -0.11363155E-001     0.15465761E+002    -0.49374957E+002    -0.12078235E-002    -0.18980255E-002
    -0.11246741E+000     0.14611392E-002    -0.83235725E-002     0.20466030E+002    -0.38499654E+002    -0.92650024E-003    -0.14443304E-002
    -0.11170749E+000     0.31167548E-002    -0.51846553E-002     0.18222629E+002    -0.29224676E+002    -0.95114323E-003    -0.10576539E-002
    -0.11094758E+000     0.33938687E-002    -0.31479614E-002     0.13307930E+002    -0.23376715E+002    -0.10902756E-002    -0.81544558E-003
    -0.11018766E+000     0.33716364E-002    -0.19000697E-002     0.78500645E+001    -0.20017169E+002    -0.12539434E-002    -0.68023931E-003
    -0.10942775E+000     0.33644482E-002    -0.10258493E-002     0.24729049E+001    -0.18256927E+002    -0.14134743E-002    -0.61546913E-003
    -0.10866783E+000     0.34050195E-002    -0.29421655E-003    -0.27056477E+001    -0.17586850E+002    -0.15623811E-002    -0.59763684E-003
    -0.10790792E+000     0.34875981E-002     0.38717177E-003    -0.77401604E+001    -0.17759124E+002    -0.17052257E-002    -0.61511003E-003
    -0.10714800E+000     0.36821848E-002     0.11127990E-002    -0.12774329E+002    -0.18816218E+002    -0.18503714E-002    -0.67288153E-003
    -0.10638809E+000     0.39834349E-002     0.21486064E-002    -0.17757624E+002    -0.21202748E+002    -0.19945215E-002    -0.79578984E-003
    -0.10562817E+000     0.40993602E-002     0.38045692E-002    -0.21969898E+002    -0.25630393E+002    -0.20993237E-002    -0.10216409E-002
    -0.10486826E+000     0.32578911E-002     0.61755225E-002    -0.23255724E+002    -0.32304751E+002    -0.20524668E-002    -0.13601277E-002
    -0.10410834E+000     0.46385416E-003     0.81628304E-002    -0.18685990E+002    -0.37987949E+002    -0.17054413E-002    -0.16430190E-002
    -0.10334843E+000    -0.32035804E-002     0.77176739E-002    -0.11441021E+002    -0.36404511E+002    -0.12254423E-002    -0.15521779E-002
    -0.10258851E+000    -0.52803792E-002     0.55412996E-002    -0.91933986E+001    -0.29515728E+002    -0.10008639E-002    -0.11945834E-002
    -0.10182860E+000    -0.58329739E-002     0.35502756E-002    -0.11969586E+002    -0.23358655E+002    -0.10265994E-002    -0.87575730E-003
    -0.10106868E+000    -0.57880004E-002     0.21596964E-002    -0.16768171E+002    -0.19442778E+002    -0.11505177E-002    -0.66893965E-003
    -0.10030877E+000    -0.55736673E-002     0.12690208E-002    -0.22076156E+002    -0.17211732E+002    -0.12965053E-002    -0.54686815E-003
    -0.99548855E-001    -0.54574625E-002     0.71446340E-003    -0.27444897E+002    -0.16041333E+002    -0.14392769E-002    -0.47773315E-003
    -0.98788940E-001    -0.54874684E-002     0.26889094E-003    -0.32806159E+002    -0.15569360E+002    -0.15748489E-002    -0.44078667E-003
    -0.98029025E-001    -0.56016960E-002    -0.14708519E-003    -0.38193354E+002    -0.15604280E+002    -0.17056294E-002    -0.42549357E-003
    -0.97269110E-001    -0.57877651E-002    -0.53917536E-003    -0.43659544E+002    -0.16073797E+002    -0.18345568E-002    -0.42816613E-003
    -0.96509195E-001    -0.60756312E-002    -0.91453457E-003    -0.49221278E+002    -0.16929031E+002    -0.19619659E-002    -0.44668712E-003
    -0.95749280E-001    -0.65186080E-002    -0.13217608E-002    -0.54973801E+002    -0.18082468E+002    -0.20910358E-002    -0.47658499E-003
    -0.94989365E-001    -0.71275973E-002    -0.18457933E-002    -0.61178516E+002    -0.19598184E+002    -0.22331614E-002    -0.51917236E-003
    -0.94229450E-001    -0.78939632E-002    -0.25436028E-002    -0.68023056E+002    -0.21834906E+002    -0.23980244E-002    -0.59029506E-003
    -0.93469536E-001    -0.88413252E-002    -0.34814781E-002    -0.75489595E+002    -0.25311015E+002    -0.25844215E-002    -0.71552785E-003
    -0.92709621E-001    -0.10002885E-001    -0.47984951E-002    -0.83319858E+002    -0.30790110E+002    -0.27766933E-002    -0.93029838E-003
    -0.91949706E-001    -0.11330526E-001    -0.67349154E-002    -0.90450218E+002    -0.39421967E+002    -0.29223724E-002    -0.12839825E-002
    -0.91189791E-001    -0.12570083E-001    -0.95360189E-002    -0.93699284E+002    -0.51763027E+002    -0.28741195E-002    -0.17954984E-002
    -0.90429876E-001    -0.13363310E-001    -0.13131304E-001    -0.88454204E+002    -0.63501145E+002    -0.24275532E-002    -0.22582080E-002
    -0.89669961E-001    -0.14058231E-001    -0.17417798E-001    -0.78228330E+002    -0.65433890E+002    -0.17628601E-002    -0.22561533E-002
    -0.88910046E-001    -0.14840764E-001    -0.24045052E-001    -0.73529716E+002    -0.58477603E+002    -0.13614313E-002    -0.18635757E-002
    -0.88150131E-001    -0.12564530E-001    -0.35026258E-001    -0.76799000E+002    -0.49830917E+002    -0.12949425E-002    -0.14245005E-002
    -0.87390216E-001    -0.95595086E-003    -0.47486595E-001    -0.85786953E+002    -0.43520838E+002    -0.14310286E-002    -0.10942776E-002
    -0.86630301E-001     0.19935408E-001    -0.49942340E-001    -0.97828212E+002    -0.40559678E+002    -0.16510994E-002    -0.89136426E-003
    -0.85870386E-001     0.36130870E-001    -0.38902494E-001    -0.11144402E+003    -0.40468450E+002    -0.18954655E-002    -0.78433126E-003
    -0.85110471E-001     0.41889699E-001    -0.25481727E-001    -0.12626895E+003    -0.42674935E+002    -0.21460116E-002    -0.74308079E-003
    -0.84350556E-001     0.42346794E-001    -0.15662724E-001    -0.14249175E+003    -0.46967823E+002    -0.24025717E-002    -0.75015000E-003
    -0.83590642E-001     0.41654926E-001    -0.91982453E-002    -0.16052364E+003    -0.53547634E+002    -0.26708428E-002    -0.79958776E-003
    -0.82830727E-001     0.41528131E-001    -0.46096209E-002    -0.18088198E+003    -0.62959287E+002    -0.29579241E-002    -0.89246386E-003
    -0.82070812E-001     0.42399006E-001    -0.49660975E-003    -0.20430427E+003    -0.76256321E+002    -0.32747005E-002    -0.10376971E-002
    -0.81310897E-001     0.43933195E-001     0.40699549E-002    -0.23154377E+003    -0.95418754E+002    -0.36312243E-002    -0.12578225E-002
    -0.80550982E-001     0.45850448E-001     0.93707214E-002    -0.26320083E+003    -0.12369491E+003    -0.40349348E-002    -0.15890421E-002
    -0.79791067E-001     0.48300987E-001     0.16014445E-001    -0.29916611E+003    -0.16699529E+003    -0.44873617E-002    -0.21010955E-002
    -0.79031152E-001     0.50951005E-001     0.25383933E-001    -0.33571782E+003    -0.23566782E+003    -0.49439230E-002    -0.29186422E-002
    -0.78271237E-001     0.52063464E-001     0.39559652E-001    -0.35789008E+003    -0.34543040E+003    -0.52259967E-002    -0.42283452E-002
    -0.77511322E-001     0.46035372E-001     0.59958114E-001    -0.32075518E+003    -0.50532524E+003    -0.47974501E-002    -0.61389631E-002
    -0.76751407E-001     0.23499634E-001     0.79322551E-001    -0.15179210E+003    -0.65599315E+003    -0.27902761E-002    -0.79419345E-002
    -0.75991492E-001    -0.10152932E-001     0.78312741E-001     0.10383384E+003    -0.64511287E+003     0.25929140E-003    -0.78155369E-002
    -0.75231577E-001    -0.30790223E-001     0.58327965E-001     0.25557846E+003    -0.48609635E+003     0.20739736E-002    -0.59117216E-002
    -0.74471662E-001    -0.35183883E-001     0.38647047E-001     0.27975308E+003    -0.33126634E+003     0.23597293E-002    -0.40501209E-002
    -0.73711748E-001    -0.32744078E-001     0.25493123E-001     0.25110500E+003    -0.22850026E+003     0.20090166E-002    -0.28110579E-002
    -0.72951833E-001    -0.28752577E-001     0.17421088E-001     0.21062375E+003    -0.16549972E+003     0.15147036E-002    -0.20484655E-002
    -0.72191918E-001    -0.24955394E-001     0.12427097E-001     0.17112741E+003    -0.12663226E+003     0.10308359E-002    -0.15756074E-002
    -0.71432003E-001    -0.21725195E-001     0.92089529E-002     0.13542825E+003    -0.10215749E+003     0.59152307E-003    -0.12753950E-002
    -0.70672088E-001    -0.19043706E-001     0.70614444E-002     0.10342541E+003    -0.86579119E+002     0.19510104E-003    -0.10819868E-002
    -0.69912173E-001    -0.16828614E-001     0.55921833E-002     0.74299301E+002    -0.76829017E+002    -0.16846742E-003    -0.95857334E-003
    -0.69152258E-001    -0.14995369E-001     0.45679820E-002     0.47168472E+002    -0.71173378E+002    -0.51091830E-003    -0.88457729E-003
    -0.68392343E-001    -0.13474756E-001     0.38390992E-002     0.21203655E+002    -0.68590460E+002    -0.84283325E-003    -0.84982022E-003
    -0.67632428E-001    -0.12192716E-001     0.32966891E-002    -0.44669104E+001    -0.68561734E+002    -0.11727023E-002    -0.84923774E-003
    -0.66872513E-001    -0.11067292E-001     0.28942011E-002    -0.30643819E+002    -0.71063253E+002    -0.15098627E-002    -0.88140944E-003
    -0.66112598E-001    -0.10047897E-001     0.26309702E-002    -0.57992602E+002    -0.76351580E+002    -0.18628382E-002    -0.95059937E-003
    -0.65352683E-001    -0.91080428E-002     0.25276439E-002    -0.87193280E+002    -0.84919870E+002    -0.22374687E-002    -0.10629538E-002
    -0.64592768E-001    -0.82487620E-002     0.26391688E-002    -0.11900753E+003    -0.97621444E+002    -0.26430257E-002    -0.12250992E-002
    -0.63832854E-001    -0.75562966E-002     0.30665730E-002    -0.15429307E+003    -0.11585115E+003    -0.30947868E-002    -0.14523702E-002
    -0.63072939E-001    -0.73292669E-002     0.38520681E-002    -0.19397952E+003    -0.14187206E+003    -0.36100932E-002    -0.17752739E-002
    -0.62313024E-001    -0.80123311E-002     0.45829132E-002    -0.23894468E+003    -0.17937358E+003    -0.42044853E-002    -0.22469443E-002
    -0.61553109E-001    -0.93037571E-002     0.43183485E-002    -0.28940158E+003    -0.23456645E+003    -0.48798722E-002    -0.29585150E-002
    -0.60793194E-001    -0.10103085E-001     0.31011521E-002    -0.34336493E+003    -0.31797158E+003    -0.55933961E-002    -0.40514797E-002
    -0.60033279E-001    -0.10230673E-001     0.16556142E-002    -0.39101659E+003    -0.44686776E+003    -0.62097756E-002    -0.57281171E-002
    -0.59273364E-001    -0.98435865E-002     0.12161564E-003    -0.40083981E+003    -0.64410893E+003    -0.63446489E-002    -0.82761418E-002
    -0.58513449E-001    -0.86717447E-002    -0.14502536E-002    -0.29198858E+003    -0.90875548E+003    -0.49599256E-002    -0.11709702E-001
    -0.57753534E-001    -0.62666585E-002    -0.21359704E-002     0.32802580E+002    -0.11155151E+004    -0.76749837E-003    -0.14418586E-001
    -0.56993619E-001    -0.43651635E-002    -0.51952848E-003     0.44842864E+003    -0.10401605E+004     0.46300122E-002    -0.13470456E-001
    -0.56233704E-001    -0.47873546E-002     0.99708012E-003     0.66960234E+003    -0.76079560E+003     0.75138738E-002    -0.98584711E-002
    -0.55473789E-001    -0.54494841E-002     0.11075588E-002     0.69735875E+003    -0.50968900E+003     0.78837890E-002    -0.66044857E-002
    -0.54713874E-001    -0.56052634E-002     0.85223221E-003     0.65111747E+003    -0.34485709E+003     0.72900736E-002    -0.44679353E-002
    -0.53953960E-001    -0.55215360E-002     0.64616661E-003     0.59100496E+003    -0.24269840E+003     0.65147109E-002    -0.31440524E-002
    -0.53194045E-001    -0.53702524E-002     0.51516864E-003     0.53529875E+003    -0.17805239E+003     0.57956459E-002    -0.23065965E-002
    -0.52434130E-001    -0.52093778E-002     0.43131151E-003     0.48772351E+003    -0.13548607E+003     0.51815259E-002    -0.17553770E-002
    -0.51674215E-001    -0.50553647E-002     0.37416130E-003     0.44791243E+003    -0.10629668E+003     0.46677431E-002    -0.13775172E-002
    -0.50914300E-001    -0.49119770E-002     0.33241986E-003     0.41460792E+003    -0.85534807E+002     0.42380693E-002    -0.11088372E-002
    -0.50154385E-001    -0.47793082E-002     0.30005639E-003     0.38655467E+003    -0.70291465E+002     0.38762764E-002    -0.91162631E-003
    -0.49394470E-001    -0.46564962E-002     0.27377163E-003     0.36270605E+003    -0.58790985E+002     0.35688287E-002    -0.76287248E-003
    -0.48634555E-001    -0.45425285E-002     0.25167875E-003     0.34223565E+003    -0.49909116E+002     0.33050372E-002    -0.64800999E-003
    -0.47874640E-001    -0.44364664E-002     0.23264194E-003     0.32450124E+003    -0.42909844E+002     0.30765962E-002    -0.55750581E-003
    -0.47114725E-001    -0.43374922E-002     0.21594065E-003     0.30900422E+003    -0.37296680E+002     0.28770576E-002    -0.48493099E-003
    -0.46354810E-001    -0.42449048E-002     0.20109379E-003     0.29535528E+003    -0.32725663E+002     0.27013881E-002    -0.42583286E-003
    -0.45594895E-001    -0.41581025E-002     0.18776458E-003     0.28324793E+003    -0.28952801E+002     0.25456251E-002    -0.37705359E-003
    -0.44834980E-001    -0.40765660E-002     0.17570703E-003     0.27243854E+003    -0.25801319E+002     0.24066195E-002    -0.33630593E-003
    -0.44075066E-001    -0.39998437E-002     0.16473468E-003     0.26273157E+003    -0.23140713E+002     0.22818443E-002    -0.30190164E-003
    -0.43315151E-001    -0.39275397E-002     0.15470166E-003     0.25396859E+003    -0.20872989E+002     0.21692518E-002    -0.27257336E-003
    -0.42555236E-001    -0.38593047E-002     0.14549084E-003     0.24602002E+003    -0.18923440E+002     0.20671682E-002    -0.24735508E-003
    -0.41795321E-001    -0.37948285E-002     0.13700609E-003     0.23877899E+003    -0.17234320E+002     0.19742125E-002    -0.22550027E-003
    -0.41035406E-001    -0.37338341E-002     0.12916713E-003     0.23215663E+003    -0.15760429E+002     0.18892368E-002    -0.20642472E-003
    -0.40275491E-001    -0.36760730E-002     0.12190593E-003     0.22607847E+003    -0.14465986E+002     0.18112792E-002    -0.18966600E-003
    -0.39515576E-001    -0.36213214E-002     0.11516424E-003     0.22048167E+003    -0.13322362E+002     0.17395280E-002    -0.17485424E-003
    -0.38755661E-001    -0.35693769E-002     0.10889156E-003     0.21531284E+003    -0.12306438E+002     0.16732937E-002    -0.16169075E-003
    -0.37995746E-001    -0.35200561E-002     0.10304379E-003     0.21052635E+003    -0.11399370E+002     0.16119870E-002    -0.14993216E-003
    -0.37235831E-001    -0.34731920E-002     0.97582208E-004     0.20608297E+003    -0.10585681E+002     0.15551014E-002    -0.13937856E-003
    -0.36475916E-001    -0.34286322E-002     0.92472633E-004     0.20194878E+003    -0.98525561E+001     0.15021989E-002    -0.12986451E-003
    -0.35716001E-001    -0.33862377E-002     0.87684666E-004     0.19809433E+003    -0.91893138E+001     0.14528992E-002    -0.12125208E-003
    -0.34956086E-001    -0.33458810E-002     0.83191192E-004     0.19449390E+003    -0.85869906E+001     0.14068702E-002    -0.11342556E-003
    -0.34196172E-001    -0.33074450E-002     0.78967941E-004     0.19112497E+003    -0.80380191E+001     0.13638209E-002    -0.10628729E-003
    -0.33436257E-001    -0.32708222E-002     0.74993089E-004     0.18796767E+003    -0.75359737E+001     0.13234951E-002    -0.99754320E-004
    -0.32676342E-001    -0.32359136E-002     0.71246935E-004     0.18500448E+003    -0.70753690E+001     0.12856663E-002    -0.93755873E-004
    -0.31916427E-001    -0.32026278E-002     0.67711673E-004     0.18221984E+003    -0.66514982E+001     0.12501337E-002    -0.88231213E-004
    -0.31156512E-001    -0.31708802E-002     0.64371173E-004     0.17959992E+003    -0.62603036E+001     0.12167185E-002    -0.83127986E-004
    -0.30396597E-001    -0.31405930E-002     0.61210772E-004     0.17713235E+003    -0.58982712E+001     0.11852613E-002    -0.78400857E-004
    -0.29636682E-001    -0.31116937E-002     0.58217109E-004     0.17480607E+003    -0.55623449E+001     0.11556191E-002    -0.74010401E-004
    -0.28876767E-001    -0.30841153E-002     0.55377981E-004     0.17261115E+003    -0.52498558E+001     0.11276636E-002    -0.69922191E-004
    -0.28116852E-001    -0.30577957E-002     0.52682233E-004     0.17053863E+003    -0.49584645E+001     0.11012792E-002    -0.66106053E-004
    -0.27356937E-001    -0.30326769E-002     0.50119649E-004     0.16858044E+003    -0.46861128E+001     0.10763617E-002    -0.62535440E-004
    -0.26597022E-001    -0.30087053E-002     0.47680839E-004     0.16672928E+003    -0.44309833E+001     0.10528166E-002    -0.59186914E-004
    -0.25837107E-001    -0.29858310E-002     0.45357157E-004     0.16497853E+003    -0.41914662E+001     0.10305585E-002    -0.56039713E-004
    -0.25077192E-001    -0.29640071E-002     0.43140672E-004     0.16332216E+003    -0.39661308E+001     0.10095096E-002    -0.53075386E-004
    -0.24317278E-001    -0.29431906E-002     0.41024066E-004     0.16175470E+003    -0.37537014E+001     0.98959920E-003    -0.50277485E-004
    -0.23557363E-001    -0.29233408E-002     0.39000546E-004     0.16027116E+003    -0.35530376E+001     0.97076274E-003    -0.47631302E-004
    -0.22797448E-001    -0.29044201E-002     0.37063809E-004     0.15886699E+003    -0.33631166E+001     0.95294134E-003    -0.45123649E-004
    -0.22037533E-001    -0.28863934E-002     0.35208013E-004     0.15753800E+003    -0.31830186E+001     0.93608115E-003    -0.42742667E-004
    -0.21277618E-001    -0.28692276E-002     0.33427726E-004     0.15628039E+003    -0.30119143E+001     0.92013283E-003    -0.40477660E-004
    -0.20517703E-001    -0.28528923E-002     0.31717876E-004     0.15509066E+003    -0.28490536E+001     0.90505116E-003    -0.38318957E-004
    -0.19757788E-001    -0.28373587E-002     0.30073732E-004     0.15396558E+003    -0.26937566E+001     0.89079463E-003    -0.36257794E-004
    -0.18997873E-001    -0.28226001E-002     0.28490896E-004     0.15290223E+003    -0.25454054E+001     0.87732512E-003    -0.34286200E-004
    -0.18237958E-001    -0.28085915E-002     0.26965273E-004     0.15189787E+003    -0.24034368E+001     0.86460760E-003    -0.32396915E-004
    -0.17478043E-001    -0.27953095E-002     0.25493056E-004     0.15095003E+003    -0.22673362E+001     0.85260982E-003    -0.30583303E-004
    -0.16718128E-001    -0.27827326E-002     0.24070644E-004     0.15005641E+003    -0.21366322E+001     0.84130215E-003    -0.28839288E-004
    -0.15958213E-001    -0.27708405E-002     0.22694595E-004     0.14921489E+003    -0.20108922E+001     0.83065728E-003    -0.27159289E-004
    -0.15198298E-001    -0.27596143E-002     0.21361675E-004     0.14842353E+003    -0.18897175E+001     0.82065012E-003    -0.25538167E-004
    -0.14438384E-001    -0.27490363E-002     0.20068880E-004     0.14768056E+003    -0.17727403E+001     0.81125757E-003    -0.23971178E-004
    -0.13678469E-001    -0.27390903E-002     0.18813373E-004     0.14698432E+003    -0.16596199E+001     0.80245837E-003    -0.22453930E-004
    -0.12918554E-001    -0.27297612E-002     0.17592445E-004     0.14633330E+003    -0.15500403E+001     0.79423301E-003    -0.20982347E-004
    -0.12158639E-001    -0.27210348E-002     0.16403516E-004     0.14572613E+003    -0.14437073E+001     0.78656358E-003    -0.19552635E-004
    -0.11398724E-001    -0.27128982E-002     0.15244125E-004     0.14516153E+003    -0.13403460E+001     0.77943366E-003    -0.18161252E-004
    -0.10638809E-001    -0.27053395E-002     0.14111914E-004     0.14463834E+003    -0.12396995E+001     0.77282822E-003    -0.16804881E-004
    -0.98788940E-002    -0.26983475E-002     0.13004644E-004     0.14415550E+003    -0.11415259E+001     0.76673357E-003    -0.15480407E-004
    -0.91189791E-002    -0.26919121E-002     0.11920197E-004     0.14371205E+003    -0.10455978E+001     0.76113722E-003    -0.14184893E-004
    -0.83590642E-002    -0.26860242E-002     0.10856527E-004     0.14330711E+003    -0.95169985E+000     0.75602788E-003    -0.12915565E-004
    -0.75991492E-002    -0.26806754E-002     0.98116420E-005     0.14293990E+003    -0.85962787E+000     0.75139535E-003    -0.11669787E-004
    -0.68392343E-002    -0.26758581E-002     0.87836220E-005     0.14260971E+003    -0.76918738E+000     0.74723049E-003    -0.10445053E-004
    -0.60793194E-002    -0.26715656E-002     0.77706117E-005     0.14231590E+003    -0.68019247E+000     0.74352516E-003    -0.92389649E-005
    -0.53194045E-002    -0.26677919E-002     0.67708248E-005     0.14205793E+003    -0.59246474E+000     0.74027217E-003    -0.80492209E-005
    -0.45594895E-002    -0.26645318E-002     0.57825208E-005     0.14183531E+003    -0.50583227E+000     0.73746528E-003    -0.68736040E-005
    -0.37995746E-002    -0.26617807E-002     0.48039821E-005     0.14164763E+003    -0.42012866E+000     0.73509914E-003    -0.57099680E-005
    -0.30396597E-002    -0.26595349E-002     0.38335293E-005     0.14149454E+003    -0.33519219E+000     0.73316925E-003    -0.45562271E-005
    -0.22797448E-002    -0.26577914E-002     0.28695231E-005     0.14137576E+003    -0.25086496E+000     0.73167197E-003    -0.34103445E-005
    -0.15198298E-002    -0.26565476E-002     0.19103411E-005     0.14129107E+003    -0.16699205E+000     0.73060448E-003    -0.22703222E-005
    -0.75991492E-003    -0.26558021E-002     0.95436948E-006     0.14124032E+003    -0.83420796E-001     0.72996479E-003    -0.11341907E-005
     0.00000000E+000    -0.26555537E-002    -0.15019854E-017     0.14122342E+003     0.20237277E-013     0.72975169E-003    -0.19565336E-017
     0.75991492E-003    -0.26558021E-002    -0.95436948E-006     0.14124032E+003     0.83420796E-001     0.72996479E-003     0.11341907E-005
     0.15198298E-002    -0.26565476E-002    -0.19103411E-005     0.14129107E+003     0.16699205E+000     0.73060448E-003     0.22703222E-005
     0.22797448E-002    -0.26577914E-002    -0.28695231E-005     0.14137576E+003     0.25086496E+000     0.73167197E-003     0.34103445E-005
     0.30396597E-002    -0.26595349E-002    -0.38335293E-005     0.14149454E+003     0.33519219E+000     0.73316925E-003     0.45562271E-005
     0.37995746E-002    -0.26617807E-002    -0.48039821E-005     0.14164763E+003     0.42012866E+000     0.73509914E-003     0.57099680E-005
     0.45594895E-002    -0.26645318E-002    -0.57825208E-005     0.14183531E+003     0.50583227E+000     0.73746528E-003     0.68736040E-005
     0.53194045E-002    -0.26677919E-002    -0.67708248E-005     0.14205793E+003     0.59246474E+000     0.74027217E-003     0.80492209E-005
     0.60793194E-002    -0.26715656E-002    -0.77706117E-005     0.14231590E+003     0.68019247E+000     0.74352516E-003     0.92389649E-005
     0.68392343E-002    -0.26758581E-002    -0.87836220E-005     0.14260971E+003     0.76918738E+000     0.74723049E-003     0.10445053E-004
     0.75991492E-002    -0.26806754E-002    -0.98116420E-005     0.14293990E+003     0.85962787E+000     0.75139535E-003     0.11669787E-004
     0.83590642E-002    -0.26860242E-002    -0.10856527E-004     0.14330711E+003     0.95169985E+000     0.75602788E-003     0.12915565E-004
     0.91189791E-002    -0.26919121E-002    -0.11920197E-004     0.14371205E+003     0.10455978E+001     0.76113722E-003     0.14184893E-004
     0.98788940E-002    -0.26983475E-002    -0.13004644E-004     0.14415550E+003     0.11415259E+001     0.76673357E-003     0.15480407E-004
     0.10638809E-001    -0.27053395E-002    -0.14111914E-004     0.14463834E+003     0.12396995E+001     0.77282822E-003     0.16804881E-004
     0.11398724E-001    -0.27128982E-002    -0.15244125E-004     0.14516153E+003     0.13403460E+001     0.77943366E-003     0.18161252E-004
     0.12158639E-001    -0.27210348E-002    -0.16403516E-004     0.14572613E+003     0.14437073E+001     0.78656358E-003     0.19552635E-004
     0.12918554E-001    -0.27297612E-002    -0.17592445E-004     0.14633330E+003     0.15500403E+001     0.79423301E-003     0.20982347E-004
     0.13678469E-001    -0.27390903E-002    -0.18813373E-004     0.14698432E+003     0.16596199E+001     0.80245837E-003     0.22453930E-004
     0.14438384E-001    -0.27490363E-002    -0.20068880E-004     0.14768056E+003     0.17727403E+001     0.81125757E-003     0.23971178E-004
     0.15198298E-001    -0.27596143E-002    -0.21361675E-004     0.14842353E+003     0.18897175E+001     0.82065012E-003     0.25538167E-004
     0.15958213E-001    -0.27708405E-002    -0.22694595E-004     0.14921489E+003     0.20108922E+001     0.83065728E-003     0.27159289E-004
     0.16718128E-001    -0.27827326E-002    -0.24070644E-004     0.15005641E+003     0.21366322E+001     0.84130215E-003     0.28839288E-004
     0.17478043E-001    -0.27953095E-002    -0.25493056E-004     0.15095003E+003     0.22673362E+001     0.85260982E-003     0.30583303E-004
     0.18237958E-001    -0.28085915E-002    -0.26965273E-004     0.15189787E+003     0.24034368E+001     0.86460760E-003     0.32396915E-004
     0.18997873E-001    -0.28226001E-002    -0.28490896E-004     0.15290223E+003     0.25454054E+001     0.87732512E-003     0.34286200E-004
     0.19757788E-001    -0.28373587E-002    -0.30073732E-004     0.15396558E+003     0.26937566E+001     0.89079463E-003     0.36257794E-004
     0.20517703E-001    -0.28528923E-002    -0.31717876E-004     0.15509066E+003     0.28490536E+001     0.90505116E-003     0.38318957E-004
     0.21277618E-001    -0.28692276E-002    -0.33427726E-004     0.15628039E+003     0.30119143E+001     0.92013283E-003     0.40477660E-004
     0.22037533E-001    -0.28863934E-002    -0.35208013E-004     0.15753800E+003     0.31830186E+001     0.93608115E-003     0.42742667E-004
     0.22797448E-001    -0.29044201E-002    -0.37063809E-004     0.15886699E+003     0.33631166E+001     0.95294134E-003     0.45123649E-004
     0.23557363E-001    -0.29233408E-002    -0.39000546E-004     0.16027116E+003     0.35530376E+001     0.97076274E-003     0.47631302E-004
     0.24317278E-001    -0.29431906E-002    -0.41024066E-004     0.16175470E+003     0.37537014E+001     0.98959920E-003     0.50277485E-004
     0.25077192E-001    -0.29640071E-002    -0.43140672E-004     0.16332216E+003     0.39661308E+001     0.10095096E-002     0.53075386E-004
     0.25837107E-001    -0.29858310E-002    -0.45357157E-004     0.16497853E+003     0.41914662E+001     0.10305585E-002     0.56039713E-004
     0.26597022E-001    -0.30087053E-002    -0.47680839E-004     0.16672928E+003     0.44309833E+001     0.10528166E-002     0.59186914E-004
     0.27356937E-001    -0.30326769E-002    -0.50119649E-004     0.16858044E+003     0.46861128E+001     0.10763617E-002     0.62535440E-004
     0.28116852E-001    -0.30577957E-002    -0.52682233E-004     0.17053863E+003     0.49584645E+001     0.11012792E-002     0.66106053E-004
     0.28876767E-001    -0.30841153E-002    -0.55377981E-004     0.17261115E+003     0.52498558E+001     0.11276636E-002     0.69922191E-004
     0.29636682E-001    -0.31116937E-002    -0.58217109E-004     0.17480607E+003     0.55623449E+001     0.11556191E-002     0.74010401E-004
     0.30396597E-001    -0.31405930E-002    -0.61210772E-004     0.17713235E+003     0.58982712E+001     0.11852613E-002     0.78400857E-004
     0.31156512E-001    -0.31708802E-002    -0.64371173E-004     0.17959992E+003     0.62603036E+001     0.12167185E-002     0.83127986E-004
     0.31916427E-001    -0.32026278E-002    -0.67711673E-004     0.18221984E+003     0.66514982E+001     0.12501337E-002     0.88231213E-004
     0.32676342E-001    -0.32359136E-002    -0.71246935E-004     0.18500448E+003     0.70753690E+001     0.12856663E-002     0.93755873E-004
     0.33436257E-001    -0.32708222E-002    -0.74993089E-004     0.18796767E+003     0.75359737E+001     0.13234951E-002     0.99754320E-004
     0.34196172E-001    -0.33074450E-002    -0.78967941E-004     0.19112497E+003     0.80380191E+001     0.13638209E-002     0.10628729E-003
     0.34956086E-001    -0.33458810E-002    -0.83191192E-004     0.19449390E+003     0.85869906E+001     0.14068702E-002     0.11342556E-003
     0.35716001E-001    -0.33862377E-002    -0.87684666E-004     0.19809433E+003     0.91893138E+001     0.14528992E-002     0.12125208E-003
     0.36475916E-001    -0.34286322E-002    -0.92472633E-004     0.20194878E+003     0.98525561E+001     0.15021989E-002     0.12986451E-003
     0.37235831E-001    -0.34731920E-002    -0.97582208E-004     0.20608297E+003     0.10585681E+002     0.15551014E-002     0.13937856E-003
     0.37995746E-001    -0.35200561E-002    -0.10304379E-003     0.21052635E+003     0.11399370E+002     0.16119870E-002     0.14993216E-003
     0.38755661E-001    -0.35693769E-002    -0.10889156E-003     0.21531284E+003     0.12306438E+002     0.16732937E-002     0.16169075E-003
     0.39515576E-001    -0.36213214E-002    -0.11516424E-003     0.22048167E+003     0.13322362E+002     0.17395280E-002     0.17485424E-003
     0.40275491E-001    -0.36760730E-002    -0.12190593E-003     0.22607847E+003     0.14465986E+002     0.18112792E-002     0.18966600E-003
     0.41035406E-001    -0.37338341E-002    -0.12916713E-003     0.23215663E+003     0.15760429E+002     0.18892368E-002     0.20642472E-003
     0.41795321E-001    -0.37948285E-002    -0.13700609E-003     0.23877899E+003     0.17234320E+002     0.19742125E-002     0.22550027E-003
     0.42555236E-001    -0.38593047E-002    -0.14549084E-003     0.24602002E+003     0.18923440E+002     0.20671682E-002     0.24735508E-003
     0.43315151E-001    -0.39275397E-002    -0.15470166E-003     0.25396859E+003     0.20872989E+002     0.21692518E-002     0.27257336E-003
     0.44075066E-001    -0.39998437E-002    -0.16473468E-003     0.26273157E+003     0.23140713E+002     0.22818443E-002     0.30190164E-003
     0.44834980E-001    -0.40765660E-002    -0.17570703E-003     0.27243854E+003     0.25801319E+002     0.24066195E-002     0.33630593E-003
     0.45594895E-001    -0.41581025E-002    -0.18776458E-003     0.28324793E+003     0.28952801E+002     0.25456251E-002     0.37705359E-003
     0.46354810E-001    -0.42449048E-002    -0.20109379E-003     0.29535528E+003     0.32725663E+002     0.27013881E-002     0.42583286E-003
     0.47114725E-001    -0.43374922E-002    -0.21594065E-003     0.30900422E+003     0.37296680E+002     0.28770576E-002     0.48493099E-003
     0.47874640E-001    -0.44364664E-002    -0.23264194E-003     0.32450124E+003     0.42909844E+002     0.30765962E-002     0.55750581E-003
     0.48634555E-001    -0.45425285E-002    -0.25167875E-003     0.34223565E+003     0.49909116E+002     0.33050372E-002     0.64800999E-003
     0.49394470E-001    -0.46564962E-002    -0.27377163E-003     0.36270605E+003     0.58790985E+002     0.35688287E-002     0.76287248E-003
     0.50154385E-001    -0.47793082E-002    -0.30005639E-003     0.38655467E+003     0.70291465E+002     0.38762764E-002     0.91162631E-003
     0.50914300E-001    -0.49119770E-002    -0.33241986E-003     0.41460792E+003     0.85534807E+002     0.42380693E-002     0.11088372E-002
     0.51674215E-001    -0.50553647E-002    -0.37416130E-003     0.44791243E+003     0.10629668E+003     0.46677431E-002     0.13775172E-002
     0.52434130E-001    -0.52093778E-002    -0.43131151E-003     0.48772351E+003     0.13548607E+003     0.51815259E-002     0.17553770E-002
     0.53194045E-001    -0.53702524E-002    -0.51516864E-003     0.53529875E+003     0.17805239E+003     0.57956459E-002     0.23065965E-002
     0.53953960E-001    -0.55215360E-002    -0.64616661E-003     0.59100496E+003     0.24269840E+003     0.65147109E-002     0.31440524E-002
     0.54713874E-001    -0.56052634E-002    -0.85223221E-003     0.65111747E+003     0.34485709E+003     0.72900736E-002     0.44679353E-002
     0.55473789E-001    -0.54494841E-002    -0.11075588E-002     0.69735875E+003     0.50968900E+003     0.78837890E-002     0.66044857E-002
     0.56233704E-001    -0.47873546E-002    -0.99708012E-003     0.66960234E+003     0.76079560E+003     0.75138738E-002     0.98584711E-002
     0.56993619E-001    -0.43651635E-002     0.51952848E-003     0.44842864E+003     0.10401605E+004     0.46300122E-002     0.13470456E-001
     0.57753534E-001    -0.62666585E-002     0.21359704E-002     0.32802580E+002     0.11155151E+004    -0.76749837E-003     0.14418586E-001
     0.58513449E-001    -0.86717447E-002     0.14502536E-002    -0.29198858E+003     0.90875548E+003    -0.49599256E-002     0.11709702E-001
     0.59273364E-001    -0.98435865E-002    -0.12161564E-003    -0.40083981E+003     0.64410893E+003    -0.63446489E-002     0.82761418E-002
     0.60033279E-001    -0.10230673E-001    -0.16556142E-002    -0.39101659E+003     0.44686776E+003    -0.62097756E-002     0.57281171E-002
     0.60793194E-001    -0.10103085E-001    -0.31011521E-002    -0.34336493E+003     0.31797158E+003    -0.55933961E-002     0.40514797E-002
     0.61553109E-001    -0.93037571E-002    -0.43183485E-002    -0.28940158E+003     0.23456645E+003    -0.48798722E-002     0.29585150E-002
     0.62313024E-001    -0.80123311E-002    -0.45829132E-002    -0.23894468E+003     0.17937358E+003    -0.42044853E-002     0.22469443E-002
     0.63072939E-001    -0.73292669E-002    -0.38520681E-002    -0.19397952E+003     0.14187206E+003    -0.36100932E-002     0.17752739E-002
     0.63832854E-001    -0.75562966E-002    -0.30665730E-002    -0.15429307E+003     0.11585115E+003    -0.30947868E-002     0.14523702E-002
     0.64592768E-001    -0.82487620E-002    -0.26391688E-002    -0.11900753E+003     0.97621444E+002    -0.26430257E-002     0.12250992E-002
     0.65352683E-001    -0.91080428E-002    -0.25276439E-002    -0.87193280E+002     0.84919870E+002    -0.22374687E-002     0.10629538E-002
     0.66112598E-001    -0.10047897E-001    -0.26309702E-002    -0.57992602E+002     0.76351580E+002    -0.18628382E-002     0.95059937E-003
     0.66872513E-001    -0.11067292E-001    -0.28942011E-002    -0.30643819E+002     0.71063253E+002    -0.15098627E-002     0.88140944E-003
     0.67632428E-001    -0.12192716E-001    -0.32966891E-002    -0.44669104E+001     0.68561734E+002    -0.11727023E-002     0.84923774E-003
     0.68392343E-001    -0.13474756E-001    -0.38390992E-002     0.21203655E+002     0.68590460E+002    -0.84283325E-003     0.84982022E-003
     0.69152258E-001    -0.14995369E-001    -0.45679820E-002     0.47168472E+002     0.71173378E+002    -0.51091830E-003     0.88457729E-003
     0.69912173E-001    -0.16828614E-001    -0.55921833E-002     0.74299301E+002     0.76829017E+002    -0.16846742E-003     0.95857334E-003
     0.70672088E-001    -0.19043706E-001    -0.70614444E-002     0.10342541E+003     0.86579119E+002     0.19510104E-003     0.10819868E-002
     0.71432003E-001    -0.21725195E-001    -0.92089529E-002     0.13542825E+003     0.10215749E+003     0.59152307E-003     0.12753950E-002
     0.72191918E-001    -0.24955394E-001    -0.12427097E-001     0.17112741E+003     0.12663226E+003     0.10308359E-002     0.15756074E-002
     0.72951833E-001    -0.28752577E-001    -0.17421088E-001     0.21062375E+003     0.16549972E+003     0.15147036E-002     0.20484655E-002
     0.73711748E-001    -0.32744078E-001    -0.25493123E-001     0.25110500E+003     0.22850026E+003     0.20090166E-002     0.28110579E-002
     0.74471662E-001    -0.35183883E-001    -0.38647047E-001     0.27975308E+003     0.33126634E+003     0.23597293E-002     0.40501209E-002
     0.75231577E-001    -0.30790223E-001    -0.58327965E-001     0.25557846E+003     0.48609635E+003     0.20739736E-002     0.59117216E-002
     0.75991492E-001    -0.10152932E-001    -0.78312741E-001     0.10383384E+003     0.64511287E+003     0.25929140E-003     0.78155369E-002
     0.76751407E-001     0.23499634E-001    -0.79322551E-001    -0.15179210E+003     0.65599315E+003    -0.27902761E-002     0.79419345E-002
     0.77511322E-001     0.46035372E-001    -0.59958114E-001    -0.32075518E+003     0.50532524E+003    -0.47974501E-002     0.61389631E-002
     0.78271237E-001     0.52063464E-001    -0.39559652E-001    -0.35789008E+003     0.34543040E+003    -0.52259967E-002     0.42283452E-002
     0.79031152E-001     0.50951005E-001    -0.25383933E-001    -0.33571782E+003     0.23566782E+003    -0.49439230E-002     0.29186422E-002
     0.79791067E-001     0.48300987E-001    -0.16014445E-001    -0.29916611E+003     0.16699529E+003    -0.44873617E-002     0.21010955E-002
     0.80550982E-001     0.45850448E-001    -0.93707214E-002    -0.26320083E+003     0.12369491E+003    -0.40349348E-002     0.15890421E-002
     0.81310897E-001     0.43933195E-001    -0.40699549E-002    -0.23154377E+003     0.95418754E+002    -0.36312243E-002     0.12578225E-002
     0.82070812E-001     0.42399006E-001     0.49660975E-003    -0.20430427E+003     0.76256321E+002    -0.32747005E-002     0.10376971E-002
     0.82830727E-001     0.41528131E-001     0.46096209E-002    -0.18088198E+003     0.62959287E+002    -0.29579241E-002     0.89246386E-003
     0.83590642E-001     0.41654926E-001     0.91982453E-002    -0.16052364E+003     0.53547634E+002    -0.26708428E-002     0.79958776E-003
     0.84350556E-001     0.42346794E-001     0.15662724E-001    -0.14249175E+003     0.46967823E+002    -0.24025717E-002     0.75015000E-003
     0.85110471E-001     0.41889699E-001     0.25481727E-001    -0.12626895E+003     0.42674935E+002    -0.21460116E-002     0.74308079E-003
     0.85870386E-001     0.36130870E-001     0.38902494E-001    -0.11144402E+003     0.40468450E+002    -0.18954655E-002     0.78433126E-003
     0.86630301E-001     0.19935408E-001     0.49942340E-001    -0.97828212E+002     0.40559678E+002    -0.16510994E-002     0.89136426E-003
     0.87390216E-001    -0.95595086E-003     0.47486595E-001    -0.85786953E+002     0.43520838E+002    -0.14310286E-002     0.10942776E-002
     0.88150131E-001    -0.12564530E-001     0.35026258E-001    -0.76799000E+002     0.49830917E+002    -0.12949425E-002     0.14245005E-002
     0.88910046E-001    -0.14840764E-001     0.24045052E-001    -0.73529716E+002     0.58477603E+002    -0.13614313E-002     0.18635757E-002
     0.89669961E-001    -0.14058231E-001     0.17417798E-001    -0.78228330E+002     0.65433890E+002    -0.17628601E-002     0.22561533E-002
     0.90429876E-001    -0.13363310E-001     0.13131304E-001    -0.88454204E+002     0.63501145E+002    -0.24275532E-002     0.22582080E-002
     0.91189791E-001    -0.12570083E-001     0.95360189E-002    -0.93699284E+002     0.51763027E+002    -0.28741195E-002     0.17954984E-002
     0.91949706E-001    -0.11330526E-001     0.67349154E-002    -0.90450218E+002     0.39421967E+002    -0.29223724E-002     0.12839825E-002
     0.92709621E-001    -0.10002885E-001     0.47984951E-002    -0.83319858E+002     0.30790110E+002    -0.27766933E-002     0.93029838E-003
     0.93469536E-001    -0.88413252E-002     0.34814781E-002    -0.75489595E+002     0.25311015E+002    -0.25844215E-002     0.71552785E-003
     0.94229450E-001    -0.78939632E-002     0.25436028E-002    -0.68023056E+002     0.21834906E+002    -0.23980244E-002     0.59029506E-003
     0.94989365E-001    -0.71275973E-002     0.18457933E-002    -0.61178516E+002     0.19598184E+002    -0.22331614E-002     0.51917236E-003
     0.95749280E-001    -0.65186080E-002     0.13217608E-002    -0.54973801E+002     0.18082468E+002    -0.20910358E-002     0.47658499E-003
     0.96509195E-001    -0.60756312E-002     0.91453457E-003    -0.49221278E+002     0.16929031E+002    -0.19619659E-002     0.44668712E-003
     0.97269110E-001    -0.57877651E-002     0.53917536E-003    -0.43659544E+002     0.16073797E+002    -0.18345568E-002     0.42816613E-003
     0.98029025E-001    -0.56016960E-002     0.14708519E-003    -0.38193354E+002     0.15604280E+002    -0.17056294E-002     0.42549357E-003
     0.98788940E-001    -0.54874684E-002    -0.26889094E-003    -0.32806159E+002     0.15569360E+002    -0.15748489E-002     0.44078667E-003
     0.99548855E-001    -0.54574625E-002    -0.71446340E-003    -0.27444897E+002     0.16041333E+002    -0.14392769E-002     0.47773315E-003
     0.10030877E+000    -0.55736673E-002    -0.12690208E-002    -0.22076156E+002     0.17211732E+002    -0.12965053E-002     0.54686815E-003
     0.10106868E+000    -0.57880004E-002    -0.21596964E-002    -0.16768171E+002     0.19442778E+002    -0.11505177E-002     0.66893965E-003
     0.10182860E+000    -0.58329739E-002    -0.35502756E-002    -0.11969586E+002     0.23358655E+002    -0.10265994E-002     0.87575730E-003
     0.10258851E+000    -0.52803792E-002    -0.55412996E-002    -0.91933986E+001     0.29515728E+002    -0.10008639E-002     0.11945834E-002
     0.10334843E+000    -0.32035804E-002    -0.77176739E-002    -0.11441021E+002     0.36404511E+002    -0.12254423E-002     0.15521779E-002
     0.10410834E+000     0.46385416E-003    -0.81628304E-002    -0.18685990E+002     0.37987949E+002    -0.17054413E-002     0.16430190E-002
     0.10486826E+000     0.32578911E-002    -0.61755225E-002    -0.23255724E+002     0.32304751E+002    -0.20524668E-002     0.13601277E-002
     0.10562817E+000     0.40993602E-002    -0.38045692E-002    -0.21969898E+002     0.25630393E+002    -0.20993237E-002     0.10216409E-002
     0.10638809E+000     0.39834349E-002    -0.21486064E-002    -0.17757624E+002     0.21202748E+002    -0.19945215E-002     0.79578984E-003
     0.10714800E+000     0.36821848E-002    -0.11127990E-002    -0.12774329E+002     0.18816218E+002    -0.18503714E-002     0.67288153E-003
     0.10790792E+000     0.34875981E-002    -0.38717177E-003    -0.77401604E+001     0.17759124E+002    -0.17052257E-002     0.61511003E-003
     0.10866783E+000     0.34050195E-002     0.29421655E-003    -0.27056477E+001     0.17586850E+002    -0.15623811E-002     0.59763684E-003
     0.10942775E+000     0.33644482E-002     0.10258493E-002     0.24729049E+001     0.18256927E+002    -0.14134743E-002     0.61546913E-003
     0.11018766E+000     0.33716364E-002     0.19000697E-002     0.78500645E+001     0.20017169E+002    -0.12539434E-002     0.68023931E-003
     0.11094758E+000     0.33938687E-002     0.31479614E-002     0.13307930E+002     0.23376715E+002    -0.10902756E-002     0.81544558E-003
     0.11170749E+000     0.31167548E-002     0.51846553E-002     0.18222629E+002     0.29224676E+002    -0.95114323E-003     0.10576539E-002
     0.11246741E+000     0.14611392E-002     0.83235725E-002     0.20466030E+002     0.38499654E+002    -0.92650024E-003     0.14443304E-002
     0.11322732E+000    -0.36952611E-002     0.11363155E-001     0.15465761E+002     0.49374957E+002    -0.12078235E-002     0.18980255E-002
     0.11398724E+000    -0.12343722E-001     0.95579292E-002     0.23698154E+001     0.52864181E+002    -0.18308362E-002     0.20407957E-002
     0.11474715E+000    -0.18016254E-001     0.68859653E-003    -0.74084040E+001     0.44874501E+002    -0.23155583E-002     0.17003426E-002
     0.11550707E+000    -0.16205363E-001    -0.10040744E-001    -0.81725593E+001     0.34786243E+002    -0.24216287E-002     0.12707550E-002
     0.11626698E+000    -0.83094777E-002    -0.16576656E-001    -0.42667162E+001     0.27983612E+002    -0.23306789E-002     0.98081496E-003
     0.11702690E+000    -0.31802394E-003    -0.17045601E-001     0.79919618E+000     0.24270015E+002    -0.21936958E-002     0.82459589E-003
     0.11778681E+000     0.52250062E-002    -0.15754047E-001     0.57586672E+001     0.22487799E+002    -0.20673719E-002     0.75123630E-003
     0.11854673E+000     0.11206202E-001    -0.14125970E-001     0.10354929E+002     0.21827999E+002    -0.19628484E-002     0.72378847E-003
     0.11930664E+000     0.18048469E-001    -0.85779793E-002     0.14612636E+002     0.21875098E+002    -0.18782442E-002     0.72324970E-003
     0.12006656E+000     0.20118042E-001     0.13997384E-002     0.18583993E+002     0.22423209E+002    -0.18101320E-002     0.73967435E-003
     0.12082647E+000     0.16076328E-001     0.95119301E-002     0.22304707E+002     0.23353471E+002    -0.17543669E-002     0.76940353E-003
     0.12158639E+000     0.10265752E-001     0.13579954E-001     0.25797769E+002     0.24586544E+002    -0.17122747E-002     0.81331147E-003
     0.12234630E+000     0.48470931E-002     0.15133484E-001     0.29075956E+002     0.26061721E+002    -0.16889419E-002     0.86632761E-003
     0.12310622E+000    -0.39041262E-004     0.15327147E-001     0.32148366E+002     0.27717163E+002    -0.16827171E-002     0.92049555E-003
     0.12386613E+000    -0.45957189E-002     0.14508264E-001     0.35034963E+002     0.29482668E+002    -0.16889831E-002     0.97300707E-003
     0.12462605E+000    -0.88994637E-002     0.12649740E-001     0.37785847E+002     0.31285504E+002    -0.17046585E-002     0.10234209E-002
     0.12538596E+000    -0.12787903E-001     0.95791039E-002     0.40494729E+002     0.33066459E+002    -0.17271707E-002     0.10732218E-002
     0.12614588E+000    -0.15888516E-001     0.51650331E-002     0.43308228E+002     0.34827339E+002    -0.17574307E-002     0.11249686E-002
     0.12690579E+000    -0.17530995E-001    -0.67274010E-003     0.46355459E+002     0.36693741E+002    -0.17969089E-002     0.11781394E-002
     0.12766571E+000    -0.16592453E-001    -0.74467135E-002     0.49605643E+002     0.38881395E+002    -0.18455016E-002     0.12359589E-002
     0.12842562E+000    -0.12143019E-001    -0.13451271E-001     0.52748871E+002     0.41466849E+002    -0.19156055E-002     0.13027267E-002
     0.12918554E+000    -0.52244172E-002    -0.15793685E-001     0.55516811E+002     0.43883196E+002    -0.20218380E-002     0.13558738E-002
     0.12994545E+000     0.48542650E-004    -0.14210870E-001     0.58855422E+002     0.45466343E+002    -0.21324284E-002     0.13716103E-002
     0.13070537E+000     0.26585716E-002    -0.12457405E-001     0.63791011E+002     0.47221413E+002    -0.22256466E-002     0.13908609E-002
     0.13146528E+000     0.49700797E-002    -0.11551483E-001     0.69845935E+002     0.50111064E+002    -0.23520302E-002     0.14294361E-002
     0.13222520E+000     0.77318942E-002    -0.10317559E-001     0.76644069E+002     0.54128031E+002    -0.25249631E-002     0.14222526E-002
     0.13298511E+000     0.10369039E-001    -0.81559858E-002     0.84388672E+002     0.59394397E+002    -0.26671020E-002     0.13645941E-002
     0.13374503E+000     0.12379868E-001    -0.52787131E-002     0.93254306E+002     0.66469212E+002    -0.27907011E-002     0.13321443E-002
     0.13450494E+000     0.13673072E-001    -0.19489185E-002     0.10324611E+003     0.76075512E+002    -0.29545746E-002     0.13078219E-002
     0.13526486E+000     0.14248641E-001     0.17531851E-002     0.11419449E+003     0.89200348E+002    -0.31625469E-002     0.12574812E-002
     0.13602477E+000     0.13929454E-001     0.58973035E-002     0.12574654E+003     0.10716315E+003    -0.34108890E-002     0.11576792E-002
     0.13678469E+000     0.12221608E-001     0.10303407E-001     0.13703629E+003     0.13201963E+003    -0.36896378E-002     0.98962507E-003
     0.13754460E+000     0.87619667E-002     0.14342623E-001     0.14554876E+003     0.16681796E+003    -0.40053996E-002     0.72927330E-003
     0.13830452E+000     0.35360929E-002     0.17211475E-001     0.14546959E+003     0.21462304E+003    -0.43424218E-002     0.29844418E-003
     0.13906443E+000    -0.33015073E-002     0.17757373E-001     0.12542197E+003     0.27581879E+003    -0.45902579E-002    -0.39249384E-003
     0.13982435E+000    -0.10303960E-001     0.14518463E-001     0.67711856E+002     0.33948132E+003    -0.45166449E-002    -0.13465391E-002
     0.14058426E+000    -0.14247853E-001     0.73778221E-002    -0.33823822E+002     0.36927616E+003    -0.38420221E-002    -0.22958540E-002
     0.14134418E+000    -0.12729149E-001     0.29380530E-003    -0.13783354E+003     0.33230354E+003    -0.26953490E-002    -0.26832231E-002
     0.14210409E+000    -0.86319300E-002    -0.29612122E-002    -0.19452108E+003     0.25534159E+003    -0.16863388E-002    -0.23915928E-002
     0.14286401E+000    -0.55402336E-002    -0.33922522E-002    -0.20560495E+003     0.18293732E+003    -0.11203088E-002    -0.18217622E-002
     0.14362392E+000    -0.37477640E-002    -0.31642718E-002    -0.19454107E+003     0.13040946E+003    -0.90239172E-003    -0.12775097E-002
     0.14438384E+000    -0.25620320E-002    -0.28775330E-002    -0.17667105E+003     0.95264915E+002    -0.87265651E-003    -0.86293463E-003
     0.14514375E+000    -0.17101771E-002    -0.25688502E-002    -0.15841866E+003     0.71972303E+002    -0.91125636E-003    -0.56216478E-003
     0.14590367E+000    -0.10604074E-002    -0.22954867E-002    -0.14189638E+003     0.56322621E+002    -0.98299773E-003    -0.32956357E-003
     0.14666358E+000    -0.49483262E-003    -0.20449954E-002    -0.12755071E+003     0.45533961E+002    -0.10838213E-002    -0.15413920E-003
     0.14742350E+000     0.76815012E-004    -0.17443140E-002    -0.11525373E+003     0.37918171E+002    -0.12035747E-002    -0.32674625E-004
     0.14818341E+000     0.54035735E-003    -0.12375412E-002    -0.10473551E+003     0.32340427E+002    -0.13353148E-002     0.29814999E-004
     0.14894332E+000     0.71946371E-003    -0.72307678E-003    -0.95584200E+002     0.28137612E+002    -0.14562770E-002     0.27545906E-004
     0.14970324E+000     0.78220017E-003    -0.33581481E-003    -0.87563716E+002     0.24961268E+002    -0.15392104E-002    -0.32883291E-004
     0.15046315E+000     0.80390759E-003    -0.38797291E-004    -0.80457651E+002     0.22525725E+002    -0.15527003E-002    -0.12665285E-003
     0.15122307E+000     0.82295444E-003     0.20401084E-003    -0.74143053E+002     0.20699458E+002    -0.14877498E-002    -0.19839578E-003
     0.15198298E+000     0.79403363E-003     0.40013553E-003    -0.68532231E+002     0.19267376E+002    -0.13941722E-002    -0.21029393E-003
     0.15274290E+000     0.73996572E-003     0.41894009E-003    -0.63452502E+002     0.18131294E+002    -0.12996052E-002    -0.18112322E-003
     0.15350281E+000     0.92327176E-003     0.18024501E-003    -0.58839666E+002     0.17212054E+002    -0.12178727E-002    -0.10401390E-003
     0.15426273E+000     0.16288900E-002    -0.24042849E-004    -0.54521526E+002     0.16439114E+002    -0.11812624E-002    -0.10930138E-005
     0.15502264E+000     0.28609597E-002     0.17598923E-003    -0.50449088E+002     0.15922822E+002    -0.11835837E-002     0.95196630E-004
     0.15578256E+000     0.44919617E-002     0.13933206E-002    -0.46688612E+002     0.15572085E+002    -0.12083208E-002     0.17230385E-003
     0.15654247E+000     0.54852034E-002     0.40508489E-002    -0.43099097E+002     0.15344821E+002    -0.12397867E-002     0.23269979E-003
     0.15730239E+000     0.47771922E-002     0.75322898E-002    -0.39710721E+002     0.15297466E+002    -0.12774046E-002     0.28183153E-003
     0.15806230E+000     0.17791712E-002     0.10291545E-001    -0.36502014E+002     0.15309498E+002    -0.13185037E-002     0.31499529E-003
     0.15882222E+000    -0.19622096E-002     0.10785512E-001    -0.33322588E+002     0.15398735E+002    -0.13525435E-002     0.33233710E-003
     0.15958213E+000    -0.50141396E-002     0.98238972E-002    -0.30164811E+002     0.15643908E+002    -0.13713035E-002     0.34373210E-003
     0.16034205E+000    -0.71813606E-002     0.80246666E-002    -0.26964697E+002     0.16039126E+002    -0.13764432E-002     0.36463992E-003
     0.16110196E+000    -0.83597469E-002     0.60173493E-002    -0.23689430E+002     0.16751540E+002    -0.13877848E-002     0.40228075E-003
     0.16186188E+000    -0.89164730E-002     0.40885967E-002    -0.20463665E+002     0.17796693E+002    -0.14156955E-002     0.43587577E-003
     0.16262179E+000    -0.88464502E-002     0.22648510E-002    -0.17214393E+002     0.19172420E+002    -0.14428625E-002     0.45504813E-003
     0.16338171E+000    -0.82485434E-002     0.90502523E-003    -0.13978083E+002     0.21056638E+002    -0.14562138E-002     0.46853081E-003
     0.16414162E+000    -0.75319885E-002     0.10352679E-003    -0.10942092E+002     0.23443133E+002    -0.14504653E-002     0.49252020E-003
     0.16490154E+000    -0.69510410E-002    -0.30759009E-003    -0.79969922E+001     0.26222668E+002    -0.14342204E-002     0.55058444E-003
     0.16566145E+000    -0.65598711E-002    -0.58117739E-003    -0.50170535E+001     0.29676528E+002    -0.14450678E-002     0.65656781E-003
     0.16642137E+000    -0.61391183E-002    -0.75558476E-003    -0.20565317E+001     0.34049002E+002    -0.15204246E-002     0.77980441E-003
     0.16718128E+000    -0.57462778E-002    -0.50358193E-003     0.92929249E+000     0.40022557E+002    -0.16645370E-002     0.88043298E-003
     0.16794120E+000    -0.58992276E-002     0.32936070E-003     0.30265592E+001     0.48750165E+002    -0.18631871E-002     0.91254093E-003
     0.16870111E+000    -0.74844551E-002     0.13712656E-002     0.20852927E+001     0.61001118E+002    -0.20629350E-002     0.85510744E-003
     0.16946103E+000    -0.11150406E-001     0.75212727E-003    -0.61297803E+001     0.76128036E+002    -0.22254300E-002     0.72075732E-003
     0.17022094E+000    -0.14533035E-001    -0.42346837E-002    -0.26532604E+002     0.86825977E+002    -0.23122402E-002     0.52441323E-003
     0.17098086E+000    -0.12315193E-001    -0.11815615E-001    -0.51556998E+002     0.80918941E+002    -0.22752997E-002     0.32460089E-003
     0.17174077E+000    -0.49236894E-002    -0.14757349E-001    -0.65407342E+002     0.62491019E+002    -0.21583080E-002     0.22380596E-003
     0.17250069E+000     0.60292031E-003    -0.12205415E-001    -0.66695660E+002     0.44748299E+002    -0.20614961E-002     0.21499757E-003
     0.17326060E+000     0.26270446E-002    -0.88762886E-002    -0.62245797E+002     0.32575895E+002    -0.20114301E-002     0.24464782E-003
     0.17402052E+000     0.31067892E-002    -0.64881038E-002    -0.56450726E+002     0.24989108E+002    -0.20027059E-002     0.28053234E-003
     0.17478043E+000     0.31507143E-002    -0.47901872E-002    -0.50838055E+002     0.20315133E+002    -0.20204987E-002     0.30711666E-003
     0.17554035E+000     0.29499075E-002    -0.34102104E-002    -0.45770454E+002     0.17428591E+002    -0.20545252E-002     0.32176279E-003
     0.17630026E+000     0.24923778E-002    -0.23540302E-002    -0.41219449E+002     0.15703564E+002    -0.20991928E-002     0.32703493E-003
     0.17706018E+000     0.19256532E-002    -0.16270525E-002    -0.37098384E+002     0.14830684E+002    -0.21633121E-002     0.32271739E-003
     0.17782009E+000     0.12968442E-002    -0.11871364E-002    -0.33313560E+002     0.14691053E+002    -0.22528770E-002     0.28976205E-003
     0.17858001E+000     0.67865132E-003    -0.10756658E-002    -0.29860856E+002     0.15322838E+002    -0.23576334E-002     0.19467416E-003
     0.17933992E+000     0.24041191E-003    -0.13029948E-002    -0.26875451E+002     0.16897159E+002    -0.24190371E-002     0.91928435E-005
     0.18009984E+000     0.22594681E-003    -0.17024514E-002    -0.24952446E+002     0.19625327E+002    -0.23580916E-002    -0.22175000E-003
     0.18085975E+000     0.57688305E-003    -0.18281612E-002    -0.25343852E+002     0.23019883E+002    -0.21631155E-002    -0.40156214E-003
     0.18161967E+000     0.85534417E-003    -0.17271227E-002    -0.28701073E+002     0.24592012E+002    -0.18725385E-002    -0.44874709E-003
     0.18237958E+000     0.12221164E-002    -0.15605580E-002    -0.31955454E+002     0.22171122E+002    -0.16180388E-002    -0.29024187E-003
     0.18313950E+000     0.15236031E-002    -0.11469733E-002    -0.32196149E+002     0.18157390E+002    -0.15574899E-002    -0.58414187E-004
     0.18389941E+000     0.17161448E-002    -0.70416168E-003    -0.30287031E+002     0.15068642E+002    -0.16086340E-002     0.77585884E-004
     0.18465933E+000     0.19292825E-002    -0.10399698E-003    -0.27676119E+002     0.13278505E+002    -0.16501566E-002     0.13985098E-003
     0.18541924E+000     0.19045596E-002     0.80048096E-003    -0.25024454E+002     0.12396422E+002    -0.16692423E-002     0.18580157E-003
     0.18617916E+000     0.13335620E-002     0.17769652E-002    -0.22461231E+002     0.12108919E+002    -0.16786323E-002     0.23446882E-003
     0.18693907E+000     0.16398684E-003     0.23537104E-002    -0.20007600E+002     0.12301134E+002    -0.16904586E-002     0.29150114E-003
     0.18769899E+000    -0.11467673E-002     0.20457480E-002    -0.17699187E+002     0.12899377E+002    -0.17125752E-002     0.35128384E-003
     0.18845890E+000    -0.18199743E-002     0.10494169E-002    -0.15488716E+002     0.13852086E+002    -0.17405576E-002     0.41099893E-003
     0.18921882E+000    -0.16766717E-002     0.63766658E-004    -0.13322305E+002     0.15263908E+002    -0.17797021E-002     0.47906998E-003
     0.18997873E+000    -0.10109056E-002    -0.49159197E-003    -0.11225075E+002     0.17340341E+002    -0.18441833E-002     0.54545682E-003
     0.19073865E+000    -0.15079216E-003    -0.51066864E-003    -0.94018148E+001     0.20544127E+002    -0.19295948E-002     0.59478278E-003
     0.19149856E+000     0.76721202E-003    -0.27022437E-005    -0.89111373E+001     0.25429857E+002    -0.20275817E-002     0.61706239E-003
     0.19225848E+000     0.16272745E-002     0.15123402E-002    -0.11985615E+002     0.31130547E+002    -0.21181902E-002     0.61120009E-003
     0.19301839E+000     0.67221984E-003     0.41688285E-002    -0.19289958E+002     0.33533541E+002    -0.21983730E-002     0.59026490E-003
     0.19377831E+000    -0.24661901E-002     0.49998054E-002    -0.25826753E+002     0.29839679E+002    -0.22605195E-002     0.54891550E-003
     0.19453822E+000    -0.48308617E-002     0.35895793E-002    -0.27554034E+002     0.24091636E+002    -0.22883757E-002     0.51174462E-003
     0.19529814E+000    -0.59029956E-002     0.17231585E-002    -0.26187809E+002     0.20063459E+002    -0.23058028E-002     0.50176204E-003
     0.19605805E+000    -0.61968102E-002    -0.21034450E-003    -0.24204384E+002     0.18129661E+002    -0.23382821E-002     0.50872108E-003
     0.19681797E+000    -0.55441111E-002    -0.19233119E-002    -0.22867509E+002     0.17284224E+002    -0.23908541E-002     0.50602793E-003
     0.19757788E+000    -0.45403609E-002    -0.26492163E-002    -0.22092665E+002     0.16278990E+002    -0.24328962E-002     0.47370865E-003
     0.19833779E+000    -0.42818860E-002    -0.30535793E-002    -0.20914899E+002     0.14899969E+002    -0.24285594E-002     0.45129745E-003
     0.19909771E+000    -0.39570838E-002    -0.42572350E-002    -0.19016305E+002     0.13825974E+002    -0.24221891E-002     0.48287444E-003
     0.19985762E+000    -0.26952910E-002    -0.53033269E-002    -0.16719776E+002     0.13490606E+002    -0.24522275E-002     0.53272330E-003
     0.20061754E+000    -0.13080534E-002    -0.56556288E-002    -0.14389211E+002     0.14004138E+002    -0.24887394E-002     0.57803996E-003
     0.20137745E+000    -0.18980588E-003    -0.57732844E-002    -0.12366597E+002     0.15399125E+002    -0.25220289E-002     0.66571848E-003
     0.20213737E+000     0.82672011E-003    -0.63273262E-002    -0.11161961E+002     0.17573353E+002    -0.26266316E-002     0.82193163E-003
     0.20289728E+000     0.32315096E-002    -0.74280071E-002    -0.11287742E+002     0.19888172E+002    -0.28895257E-002     0.97222543E-003
     0.20365720E+000     0.77103512E-002    -0.64548638E-002    -0.12451657E+002     0.21208674E+002    -0.32915811E-002     0.95493060E-003
     0.20441711E+000     0.10953189E-001    -0.18428281E-002    -0.13208185E+002     0.21322187E+002    -0.36470144E-002     0.70434095E-003
     0.20517703E+000     0.10727150E-001     0.35982677E-002    -0.12977958E+002     0.21559767E+002    -0.38407870E-002     0.33956691E-003
     0.20593694E+000     0.83978597E-002     0.78262060E-002    -0.12658937E+002     0.22768679E+002    -0.38812433E-002    -0.58951602E-004
     0.20669686E+000     0.48161324E-002     0.11056016E-001    -0.13371265E+002     0.24668195E+002    -0.37392609E-002    -0.44568581E-003
     0.20745677E+000    -0.38832139E-003     0.12650231E-001    -0.15575093E+002     0.25931226E+002    -0.33962218E-002    -0.68116542E-003
     0.20821669E+000    -0.58249459E-002     0.11116439E-001    -0.17942703E+002     0.25348813E+002    -0.30263360E-002    -0.59366470E-003
     0.20897660E+000    -0.92914448E-002     0.74512712E-002    -0.18742051E+002     0.24018661E+002    -0.29370379E-002    -0.30733937E-003
     0.20973652E+000    -0.10955618E-001     0.32389133E-002    -0.18603920E+002     0.23838439E+002    -0.30976521E-002    -0.14860608E-003
     0.21049643E+000    -0.10862623E-001    -0.16869851E-002    -0.19384122E+002     0.24886589E+002    -0.32759968E-002    -0.17248141E-003
     0.21125635E+000    -0.75848510E-002    -0.59843767E-002    -0.21973391E+002     0.25449789E+002    -0.33830284E-002    -0.27178118E-003
     0.21201626E+000    -0.30267553E-002    -0.67849246E-002    -0.25057725E+002     0.24070804E+002    -0.34371511E-002    -0.38217975E-003
     0.21277618E+000    -0.15204383E-003    -0.57060250E-002    -0.27222908E+002     0.21227864E+002    -0.34518418E-002    -0.48366927E-003
     0.21353609E+000     0.19281194E-002    -0.43361392E-002    -0.27969183E+002     0.17705457E+002    -0.34504312E-002    -0.54618901E-003
     0.21429601E+000     0.31779764E-002    -0.22468188E-002    -0.27236279E+002     0.14458012E+002    -0.34912914E-002    -0.57642659E-003
     0.21505592E+000     0.31018616E-002    -0.36090557E-003    -0.25680510E+002     0.12142222E+002    -0.36001525E-002    -0.64430888E-003
     0.21581584E+000     0.26539357E-002     0.67113629E-003    -0.24014328E+002     0.10723954E+002    -0.37277005E-002    -0.82473512E-003
     0.21657575E+000     0.22985099E-002     0.14187474E-002    -0.22606556E+002     0.98517831E+001    -0.37491556E-002    -0.11391716E-002
     0.21733567E+000     0.17501277E-002     0.18872800E-002    -0.21499529E+002     0.91335056E+001    -0.35246040E-002    -0.14452780E-002
     0.21809558E+000     0.14151675E-002     0.17527405E-002    -0.20454156E+002     0.83438092E+001    -0.31648365E-002    -0.14813213E-002
     0.21885550E+000     0.17788619E-002     0.15178760E-002    -0.19236639E+002     0.75989173E+001    -0.29801145E-002    -0.12869766E-002
     0.21961541E+000     0.26399132E-002     0.16263135E-002    -0.17884668E+002     0.70900933E+001    -0.30187433E-002    -0.11104121E-002
     0.22037533E+000     0.39507393E-002     0.23364226E-002    -0.16524037E+002     0.68581340E+001    -0.31627747E-002    -0.10568680E-002
     0.22113524E+000     0.52761286E-002     0.41977433E-002    -0.15230241E+002     0.68824756E+001    -0.33249937E-002    -0.11301725E-002
     0.22189516E+000     0.57382262E-002     0.71867343E-002    -0.14060038E+002     0.71534609E+001    -0.34572121E-002    -0.13204811E-002
     0.22265507E+000     0.45394020E-002     0.10831143E-001    -0.13100551E+002     0.76699474E+001    -0.35106990E-002    -0.16400261E-002
     0.22341499E+000     0.92939036E-003     0.13773516E-001    -0.12517876E+002     0.83785461E+001    -0.33560675E-002    -0.20922805E-002
     0.22417490E+000    -0.39648153E-002     0.13683997E-001    -0.12491408E+002     0.90015289E+001    -0.27942869E-002    -0.24860811E-002
     0.22493482E+000    -0.67689513E-002     0.10816178E-001    -0.12820243E+002     0.90538045E+001    -0.19328918E-002    -0.23622346E-002
     0.22569473E+000    -0.67838682E-002     0.83311492E-002    -0.12863019E+002     0.85221621E+001    -0.13846147E-002    -0.16243699E-002
     0.22645465E+000    -0.58428788E-002     0.74337824E-002    -0.12416907E+002     0.79423790E+001    -0.14480194E-002    -0.79427709E-003
     0.22721456E+000    -0.48944731E-002     0.78783069E-002    -0.11758834E+002     0.75651080E+001    -0.18882596E-002    -0.24982772E-003
     0.22797448E+000    -0.46778351E-002     0.96045672E-002    -0.11042854E+002     0.73297334E+001    -0.24124962E-002    -0.38529102E-004
     0.22873439E+000    -0.60519754E-002     0.11982544E-001    -0.10286478E+002     0.72199764E+001    -0.28531403E-002    -0.40695895E-004
     0.22949431E+000    -0.94087137E-002     0.13853316E-001    -0.95441934E+001     0.72438359E+001    -0.31970076E-002    -0.12799450E-003
     0.23025422E+000    -0.14226837E-001     0.13795306E-001    -0.88659128E+001     0.73607435E+001    -0.34884350E-002    -0.25737042E-003
     0.23101414E+000    -0.19018355E-001     0.11126673E-001    -0.82564273E+001     0.75153677E+001    -0.37357342E-002    -0.43482430E-003
     0.23177405E+000    -0.22298393E-001     0.62791949E-002    -0.76826400E+001     0.76677200E+001    -0.39270962E-002    -0.63813179E-003
     0.23253397E+000    -0.23332583E-001     0.38004176E-003    -0.70810755E+001     0.78289607E+001    -0.40896204E-002    -0.84899330E-003
     0.23329388E+000    -0.21971297E-001    -0.58584768E-002    -0.64355918E+001     0.80687530E+001    -0.42418750E-002    -0.10919233E-002
     0.23405380E+000    -0.17569629E-001    -0.11366317E-001    -0.57724463E+001     0.84537194E+001    -0.43729702E-002    -0.14073064E-002
     0.23481371E+000    -0.10656507E-001    -0.14010186E-001    -0.51887365E+001     0.90693850E+001    -0.44108910E-002    -0.18518971E-002
     0.23557363E+000    -0.36144995E-002    -0.12797911E-001    -0.49035630E+001     0.99046772E+001    -0.41631935E-002    -0.24015952E-002
     0.23633354E+000     0.17184423E-002    -0.90283022E-002    -0.51427584E+001     0.10689385E+002    -0.34307134E-002    -0.27501826E-002
     0.23709346E+000     0.57048896E-002    -0.37153277E-002    -0.57381112E+001     0.10921255E+002    -0.24513584E-002    -0.23365776E-002
     0.23785337E+000     0.77797550E-002     0.41704209E-002    -0.60704830E+001     0.10562828E+002    -0.20499585E-002    -0.10538833E-002
     0.23861329E+000     0.49347721E-002     0.13845661E-001    -0.59236590E+001     0.10083464E+002    -0.28718299E-002     0.39551006E-003
     0.23937320E+000    -0.42267430E-002     0.21071761E-001    -0.54620041E+001     0.97407462E+001    -0.47725630E-002     0.89647018E-003
     0.24013312E+000    -0.17155297E-001     0.21195505E-001    -0.48323431E+001     0.96118342E+001    -0.65394395E-002    -0.91351635E-004
     0.24089303E+000    -0.27538788E-001     0.11807320E-001    -0.41642856E+001     0.97141387E+001    -0.72430829E-002    -0.17542697E-002
     0.24165295E+000    -0.26613318E-001    -0.24633498E-002    -0.35706481E+001     0.10024057E+002    -0.70369796E-002    -0.32385882E-002
     0.24241286E+000    -0.14636784E-001    -0.82079729E-002    -0.31821909E+001     0.10445306E+002    -0.63776889E-002    -0.42185579E-002
     0.24317278E+000    -0.54200591E-002    -0.86414580E-003    -0.29950836E+001     0.10735891E+002    -0.56657190E-002    -0.47408663E-002
     0.24393269E+000    -0.64173236E-002     0.95019854E-002    -0.27417295E+001     0.10790289E+002    -0.50182630E-002    -0.50311264E-002
     0.24469261E+000    -0.12750790E-001     0.16234651E-001    -0.22546688E+001     0.10808665E+002    -0.43016710E-002    -0.51155963E-002
     0.24545252E+000    -0.22016883E-001     0.20615306E-001    -0.16220181E+001     0.10907603E+002    -0.36020732E-002    -0.46765739E-002
     0.24621244E+000    -0.34739471E-001     0.20300046E-001    -0.79729548E+000     0.11038529E+002    -0.35730618E-002    -0.36957684E-002
     0.24697235E+000    -0.47015772E-001     0.13974206E-001     0.38072569E+000     0.11374639E+002    -0.45543239E-002    -0.29645615E-002
     0.24773226E+000    -0.57880721E-001     0.32984955E-002     0.18431423E+001     0.12232457E+002    -0.60264257E-002    -0.31069943E-002
     0.24849218E+000    -0.66585309E-001    -0.14225477E-001     0.33395909E+001     0.13836088E+002    -0.74183048E-002    -0.40692531E-002
     0.24925209E+000    -0.65123542E-001    -0.39346337E-001     0.45254001E+001     0.16319623E+002    -0.85892346E-002    -0.56703695E-002
     0.25001201E+000    -0.47203079E-001    -0.60568717E-001     0.49079507E+001     0.19702993E+002    -0.94209464E-002    -0.80687477E-002
     0.25077192E+000    -0.22426931E-001    -0.66084147E-001     0.38361925E+001     0.23693489E+002    -0.93023086E-002    -0.11389736E-001
     0.25153184E+000    -0.37363658E-002    -0.59408815E-001     0.76613299E+000     0.27450318E+002    -0.74025007E-002    -0.15066088E-001
     0.25229175E+000     0.69867637E-002    -0.49367865E-001    -0.42068473E+001     0.29584998E+002    -0.34812157E-002    -0.17737409E-001
     0.25305167E+000     0.12447086E-001    -0.39054137E-001    -0.96116616E+001     0.28893638E+002     0.13106128E-002    -0.18099157E-001
     0.25381158E+000     0.13618020E-001    -0.29437873E-001    -0.13405933E+002     0.26030735E+002     0.51833163E-002    -0.16462035E-001
     0.25457150E+000     0.11058494E-001    -0.21597356E-001    -0.15165784E+002     0.22805012E+002     0.76360365E-002    -0.14221330E-001
     0.25533141E+000     0.55274416E-002    -0.17319598E-001    -0.15763881E+002     0.20166969E+002     0.92660503E-002    -0.12114478E-001
     0.25609133E+000    -0.74979802E-004    -0.17999641E-001    -0.15906215E+002     0.18062803E+002     0.10518838E-001    -0.10130740E-001
     0.25685124E+000    -0.25764866E-002    -0.21967146E-001    -0.15804140E+002     0.16332119E+002     0.11605128E-001    -0.82344215E-002
     0.25761116E+000    -0.14309739E-002    -0.26128400E-001    -0.15619837E+002     0.14874634E+002     0.12803293E-001    -0.61693916E-002
     0.25837107E+000     0.18018046E-002    -0.28706230E-001    -0.15364667E+002     0.13510024E+002     0.13938197E-001    -0.33826464E-002
     0.25913099E+000     0.57424233E-002    -0.29754066E-001    -0.14924398E+002     0.12240694E+002     0.14308501E-001     0.32623814E-003
     0.25989090E+000     0.10059967E-001    -0.29583282E-001    -0.14326709E+002     0.11166794E+002     0.13121318E-001     0.45829028E-002
     0.26065082E+000     0.14593371E-001    -0.27895230E-001    -0.13658933E+002     0.10292350E+002     0.97984699E-002     0.83618202E-002
     0.26141073E+000     0.18415973E-001    -0.24457307E-001    -0.12940562E+002     0.95951890E+001     0.47011331E-002     0.99777070E-002
     0.26217065E+000     0.20789102E-001    -0.19978598E-001    -0.12205025E+002     0.91169338E+001    -0.52416712E-004     0.84891587E-002
     0.26293056E+000     0.21570409E-001    -0.14990562E-001    -0.11571919E+002     0.88544928E+001    -0.25316300E-002     0.53489739E-002
     0.26369048E+000     0.20322462E-001    -0.10163667E-001    -0.11122385E+002     0.86832851E+001    -0.29031490E-002     0.24617432E-002
     0.26445039E+000     0.17338946E-001    -0.68849739E-002    -0.10795922E+002     0.84793235E+001    -0.21861993E-002     0.59416584E-003
     0.26521031E+000     0.14099194E-001    -0.57697628E-002    -0.10498224E+002     0.82511959E+001    -0.12099206E-002    -0.27302602E-003
     0.26597022E+000     0.11820276E-001    -0.61674962E-002    -0.10245674E+002     0.80504665E+001    -0.43762135E-003    -0.45461412E-003
     0.26673014E+000     0.10922509E-001    -0.70142889E-002    -0.10095715E+002     0.78269070E+001    -0.34494602E-004    -0.31896654E-003
     0.26749005E+000     0.10984940E-001    -0.72381567E-002    -0.99960325E+001     0.74786611E+001     0.62548906E-004    -0.15552314E-003
     0.26824997E+000     0.10811824E-001    -0.66351203E-002    -0.98204859E+001     0.70154689E+001     0.68748767E-005    -0.76739181E-004
     0.26900988E+000     0.97596476E-002    -0.62974175E-002    -0.95295279E+001     0.65331854E+001    -0.11235881E-003    -0.82402919E-004
     0.26976980E+000     0.87948699E-002    -0.72667908E-002    -0.91558702E+001     0.60837824E+001    -0.25920882E-003    -0.19379706E-003
     0.27052971E+000     0.93589633E-002    -0.88458760E-002    -0.87211282E+001     0.56832468E+001    -0.32810687E-003    -0.44564262E-003
     0.27128963E+000     0.11325652E-001    -0.94278017E-002    -0.82490325E+001     0.53502921E+001    -0.17712344E-003    -0.71885583E-003
     0.27204954E+000     0.13402945E-001    -0.84179192E-002    -0.77740055E+001     0.50825848E+001     0.12760602E-003    -0.79730426E-003
     0.27280946E+000     0.14537431E-001    -0.63952648E-002    -0.73138724E+001     0.48593563E+001     0.37180385E-003    -0.66190093E-003
     0.27356937E+000     0.14576501E-001    -0.43555155E-002    -0.68704268E+001     0.46607999E+001     0.47286412E-003    -0.45439742E-003
     0.27432929E+000     0.14104216E-001    -0.28571049E-002    -0.64337801E+001     0.44724753E+001     0.48261047E-003    -0.26215727E-003
     0.27508920E+000     0.13732600E-001    -0.17265725E-002    -0.59887653E+001     0.42952321E+001     0.45197398E-003    -0.83687449E-004
     0.27584912E+000     0.13543143E-001    -0.42689026E-003    -0.55323530E+001     0.41401722E+001     0.38350465E-003     0.10598458E-003
     0.27660903E+000     0.13060117E-001     0.13529493E-002    -0.50710436E+001     0.40107658E+001     0.24577788E-003     0.31213224E-003
     0.27736895E+000     0.11640035E-001     0.32999954E-002    -0.46064114E+001     0.39044373E+001    -0.33469178E-005     0.50085667E-003
     0.27812886E+000     0.91730215E-002     0.44722375E-002    -0.41374228E+001     0.38223757E+001    -0.37974187E-003     0.58616702E-003
     0.27888878E+000     0.65701623E-002     0.41994055E-002    -0.36658888E+001     0.37660171E+001    -0.81287524E-003     0.45837820E-003
     0.27964869E+000     0.48194950E-002     0.29390537E-002    -0.31920869E+001     0.37349953E+001    -0.11267186E-002     0.88508273E-004
     0.28040861E+000     0.40514584E-002     0.15007220E-002    -0.27152531E+001     0.37321802E+001    -0.11699778E-002    -0.37557001E-003
     0.28116852E+000     0.39800244E-002     0.31613775E-003    -0.22392319E+001     0.37609564E+001    -0.97671979E-003    -0.73399777E-003
     0.28192844E+000     0.43002088E-002    -0.44219667E-003    -0.17674395E+001     0.38191996E+001    -0.68479427E-003    -0.90418918E-003
     0.28268835E+000     0.47293343E-002    -0.76107457E-003    -0.12969819E+001     0.39065742E+001    -0.41416287E-003    -0.90917252E-003
     0.28344827E+000     0.50690823E-002    -0.74401272E-003    -0.82739284E+000     0.40292291E+001    -0.21794541E-003    -0.81884305E-003
     0.28420818E+000     0.52193560E-002    -0.53249172E-003    -0.36244387E+000     0.41912881E+001    -0.98457094E-004    -0.68264421E-003
     0.28496810E+000     0.51496040E-002    -0.26682666E-003     0.96651309E-001     0.43975160E+001    -0.55694773E-004    -0.52897567E-003
     0.28572801E+000     0.48891595E-002    -0.91407780E-004     0.54407960E+000     0.46578566E+001    -0.89548048E-004    -0.38778317E-003
     0.28648793E+000     0.45697733E-002    -0.11583974E-003     0.96756307E+000     0.49779842E+001    -0.19232121E-003    -0.29249888E-003
     0.28724784E+000     0.43660050E-002    -0.30757385E-003     0.13576743E+001     0.53614532E+001    -0.34381679E-003    -0.28188590E-003
     0.28800776E+000     0.43515595E-002    -0.52930546E-003     0.17005184E+001     0.58187885E+001    -0.49527845E-003    -0.39534764E-003
     0.28876767E+000     0.44920084E-002    -0.66403714E-003     0.19678640E+001     0.63569909E+001    -0.56484539E-003    -0.64173878E-003
     0.28952759E+000     0.47213330E-002    -0.65704418E-003     0.21269848E+001     0.69711476E+001    -0.46469337E-003    -0.98563898E-003
     0.29028750E+000     0.49913806E-002    -0.46722463E-003     0.21417407E+001     0.76571148E+001    -0.10341186E-003    -0.13431676E-002
     0.29104742E+000     0.52011486E-002    -0.19991106E-004     0.19387986E+001     0.84069171E+001     0.58421860E-003    -0.15398305E-002
     0.29180733E+000     0.51176253E-002     0.66354091E-003     0.13919980E+001     0.91300693E+001     0.15385031E-002    -0.12987832E-002
     0.29256725E+000     0.45573201E-002     0.12898543E-002     0.44823668E+000     0.95650711E+001     0.24130884E-002    -0.34185600E-003
     0.29332716E+000     0.37041755E-002     0.14833906E-002    -0.65734742E+000     0.94125543E+001     0.25486526E-002     0.12067699E-002
     0.29408708E+000     0.29610385E-002     0.12117738E-002    -0.14757377E+001     0.86883452E+001     0.16353833E-002     0.25335925E-002
     0.29484699E+000     0.25277707E-002     0.71254052E-003    -0.17726161E+001     0.77541833E+001     0.27961491E-003     0.29575740E-002
     0.29560691E+000     0.23986506E-002     0.18462141E-003    -0.16606293E+001     0.69289414E+001    -0.76530406E-003     0.26499375E-002
     0.29636682E+000     0.25252052E-002    -0.24814264E-003    -0.13454647E+001     0.63017660E+001    -0.12970604E-002     0.21293779E-002
     0.29712673E+000     0.28282900E-002    -0.47186923E-003    -0.94761825E+000     0.58348564E+001    -0.14882340E-002     0.17179025E-002
     0.29788665E+000     0.31525872E-002    -0.41575277E-003    -0.50654158E+000     0.54878092E+001    -0.15574865E-002     0.14870200E-002
     0.29864656E+000     0.33079659E-002    -0.13354106E-003    -0.44765970E-001     0.52434701E+001    -0.16440130E-002     0.13874438E-002
     0.29940648E+000     0.31893863E-002     0.18421323E-003     0.41822793E+000     0.50805735E+001    -0.18155431E-002     0.13286519E-002
     0.30016639E+000     0.28832249E-002     0.32251900E-003     0.88391191E+000     0.49791319E+001    -0.20612391E-002     0.11993655E-002
     0.30092631E+000     0.26193893E-002     0.23889387E-003     0.13610464E+001     0.49419438E+001    -0.22779939E-002     0.94141510E-003
     0.30168622E+000     0.25251982E-002     0.10655382E-003     0.18422251E+001     0.49843203E+001    -0.23642422E-002     0.60957272E-003
     0.30244614E+000     0.25091347E-002     0.78417771E-004     0.23063590E+001     0.51159860E+001    -0.22994009E-002     0.30306376E-003
     0.30320605E+000     0.24328395E-002     0.14268851E-003     0.27260152E+001     0.53393064E+001    -0.21226206E-002     0.10440449E-003
     0.30396597E+000     0.22374635E-002     0.20467118E-003     0.30652513E+001     0.56463296E+001    -0.19186433E-002     0.64742677E-004
     0.30472588E+000     0.19390617E-002     0.15848611E-003     0.32846854E+001     0.60059851E+001    -0.18018416E-002     0.16151208E-003
     0.30548580E+000     0.16361133E-002    -0.85172056E-004     0.33636017E+001     0.63581802E+001    -0.18286335E-002     0.28136915E-003
     0.30624571E+000     0.15052968E-002    -0.50537020E-003     0.33262032E+001     0.66346191E+001    -0.19361979E-002     0.32948749E-003
     0.30700563E+000     0.16401762E-002    -0.91082001E-003     0.32342448E+001     0.68031604E+001    -0.20492549E-002     0.31511089E-003
     0.30776554E+000     0.19192053E-002    -0.11231518E-002     0.31374059E+001     0.68766146E+001    -0.21543286E-002     0.26574670E-003
     0.30852546E+000     0.21537734E-002    -0.11579601E-002     0.30580787E+001     0.68709958E+001    -0.22440136E-002     0.18808839E-003
     0.30928537E+000     0.22806616E-002    -0.11502382E-002     0.30222253E+001     0.67976819E+001    -0.23130484E-002     0.95583273E-004
     0.31004529E+000     0.23616969E-002    -0.11882170E-002     0.30527948E+001     0.66907612E+001    -0.23658760E-002    -0.84732497E-005
     0.31080520E+000     0.24686481E-002    -0.12693445E-002     0.31381254E+001     0.65891323E+001    -0.23926659E-002    -0.12671227E-003
     0.31156512E+000     0.26347041E-002    -0.13603972E-002     0.32526696E+001     0.65012426E+001    -0.23776589E-002    -0.24288884E-003
     0.31232503E+000     0.28749970E-002    -0.14201485E-002     0.33882569E+001     0.64219810E+001    -0.23233020E-002    -0.32572107E-003
     0.31308495E+000     0.31724430E-002    -0.13924347E-002     0.35427272E+001     0.63530164E+001    -0.22589084E-002    -0.34836561E-003
     0.31384486E+000     0.34593314E-002    -0.12495403E-002     0.37107050E+001     0.62957078E+001    -0.22354688E-002    -0.31223205E-003
     0.31460478E+000     0.36704781E-002    -0.10371900E-002     0.38878460E+001     0.62469222E+001    -0.22930808E-002    -0.26677322E-003
     0.31536469E+000     0.38170122E-002    -0.83488134E-003     0.40772314E+001     0.62010258E+001    -0.24127425E-002    -0.28112738E-003
     0.31612461E+000     0.39796070E-002    -0.66330629E-003     0.42898721E+001     0.61628522E+001    -0.25294607E-002    -0.37706237E-003
     0.31688452E+000     0.42203852E-002    -0.44840315E-003     0.45245540E+001     0.61513507E+001    -0.25976060E-002    -0.52479996E-003
     0.31764444E+000     0.45075829E-002    -0.69227339E-004     0.47603578E+001     0.61744477E+001    -0.26056633E-002    -0.68621804E-003
     0.31840435E+000     0.46869939E-002     0.54868341E-003     0.49835158E+001     0.62174741E+001    -0.25626540E-002    -0.82971875E-003
     0.31916427E+000     0.45515185E-002     0.13133987E-002     0.52020043E+001     0.62693252E+001    -0.24921646E-002    -0.93781282E-003
     0.31992418E+000     0.40274335E-002     0.19631843E-002     0.54208363E+001     0.63375139E+001    -0.24194038E-002    -0.10132458E-002
     0.32068410E+000     0.32779479E-002     0.22549627E-002     0.56287744E+001     0.64244154E+001    -0.23571430E-002    -0.10733927E-002
     0.32144401E+000     0.25862862E-002     0.21480775E-002     0.58221479E+001     0.65155074E+001    -0.22993097E-002    -0.11366736E-002
     0.32220393E+000     0.21565468E-002     0.17975273E-002     0.60176258E+001     0.66035983E+001    -0.22267765E-002    -0.12068676E-002
     0.32296384E+000     0.20337586E-002     0.14142040E-002     0.62294472E+001     0.67051071E+001    -0.21253448E-002    -0.12685912E-002
     0.32372376E+000     0.21460370E-002     0.11694753E-002     0.64496464E+001     0.68429449E+001    -0.19976023E-002    -0.13001744E-002
     0.32448367E+000     0.23429845E-002     0.11622917E-002     0.66556108E+001     0.70267068E+001    -0.18589963E-002    -0.12860172E-002
     0.32524359E+000     0.24373570E-002     0.13719737E-002     0.68244341E+001     0.72505644E+001    -0.17323731E-002    -0.12191701E-002
     0.32600350E+000     0.23086636E-002     0.16440394E-002     0.69398743E+001     0.74980391E+001    -0.16468220E-002    -0.11060905E-002
     0.32676342E+000     0.19965002E-002     0.17865719E-002     0.69970240E+001     0.77467894E+001    -0.16270265E-002    -0.97569074E-003
     0.32752333E+000     0.16668463E-002     0.17163395E-002     0.70043760E+001     0.79785532E+001    -0.16701822E-002    -0.87331555E-003
     0.32828325E+000     0.14663544E-002     0.15019561E-002     0.69737835E+001     0.81876924E+001    -0.17376279E-002    -0.82790819E-003
     0.32904316E+000     0.14330716E-002     0.12632467E-002     0.69099738E+001     0.83743805E+001    -0.17870023E-002    -0.82709422E-003
     0.32980308E+000     0.15414960E-002     0.10868849E-002     0.68134828E+001     0.85379068E+001    -0.18074274E-002    -0.83834465E-003
     0.33056299E+000     0.17453375E-002     0.10415181E-002     0.66792461E+001     0.86776660E+001    -0.18138279E-002    -0.84473060E-003
     0.33132291E+000     0.19516147E-002     0.11788333E-002     0.64928619E+001     0.87826947E+001    -0.18179841E-002    -0.85289220E-003
     0.33208282E+000     0.20281618E-002     0.14706840E-002     0.62457052E+001     0.88189539E+001    -0.18112147E-002    -0.87399186E-003
     0.33284274E+000     0.18967217E-002     0.17842253E-002     0.59597115E+001     0.87389818E+001    -0.17727576E-002    -0.90066050E-003
     0.33360265E+000     0.16099332E-002     0.19705203E-002     0.56943801E+001     0.85131144E+001    -0.16952800E-002    -0.90405645E-003
     0.33436257E+000     0.13053706E-002     0.19796898E-002     0.55231796E+001     0.81566089E+001    -0.15990059E-002    -0.85712172E-003
     0.33512248E+000     0.10887489E-002     0.18734182E-002     0.54961126E+001     0.77270756E+001    -0.15162634E-002    -0.75653753E-003
     0.33588240E+000     0.97767880E-003     0.17408571E-002     0.56197513E+001     0.72947705E+001    -0.14686433E-002    -0.61804176E-003
     0.33664231E+000     0.94057616E-003     0.16303992E-002     0.58661064E+001     0.69128835E+001    -0.14632766E-002    -0.45989479E-003
     0.33740223E+000     0.95026565E-003     0.15545625E-002     0.61947795E+001     0.66069476E+001    -0.14999883E-002    -0.29729433E-003
     0.33816214E+000     0.99229424E-003     0.15207420E-002     0.65700549E+001     0.63806484E+001    -0.15721898E-002    -0.14274217E-003
     0.33892206E+000     0.10499274E-002     0.15382676E-002     0.69673569E+001     0.62266634E+001    -0.16671720E-002     0.74788791E-006
     0.33968197E+000     0.11007733E-002     0.16090626E-002     0.73722816E+001     0.61352529E+001    -0.17790220E-002     0.14501274E-003
     0.34044189E+000     0.11243932E-002     0.17240587E-002     0.77765723E+001     0.60986011E+001    -0.19237573E-002     0.30317572E-003
     0.34120180E+000     0.11080266E-002     0.18671760E-002     0.81741932E+001     0.61113732E+001    -0.21333816E-002     0.46456575E-003
     0.34196172E+000     0.10481092E-002     0.20206252E-002     0.85593907E+001     0.61692335E+001    -0.24264004E-002     0.58451201E-003
     0.34272163E+000     0.94894947E-003     0.21700906E-002     0.89268581E+001     0.62676073E+001    -0.27774502E-002     0.60692879E-003
     0.34348155E+000     0.81788039E-003     0.23081051E-002     0.92723745E+001     0.64019802E+001    -0.31202082E-002     0.50979821E-003
     0.34424146E+000     0.65934369E-003     0.24323022E-002     0.95920882E+001     0.65689160E+001    -0.33942088E-002     0.32869631E-003
     0.34500138E+000     0.47308884E-003     0.25396115E-002     0.98804931E+001     0.67656548E+001    -0.35904349E-002     0.12441698E-003
     0.34576129E+000     0.25795102E-003     0.26215625E-002     0.10129366E+002     0.69873727E+001    -0.37426393E-002    -0.71143212E-004
     0.34652120E+000     0.18295710E-004     0.26642242E-002     0.10329764E+002     0.72239797E+001    -0.38798506E-002    -0.26899008E-003
     0.34728112E+000    -0.23040967E-003     0.26537461E-002     0.10476353E+002     0.74594685E+001    -0.39980791E-002    -0.49192568E-003
     0.34804103E+000    -0.46179282E-003     0.25867931E-002     0.10570979E+002     0.76745654E+001    -0.40726830E-002    -0.74213792E-003
     0.34880095E+000    -0.64881454E-003     0.24791936E-002     0.10623860E+002     0.78503830E+001    -0.40866872E-002    -0.99801171E-003
     0.34956086E+000    -0.77956921E-003     0.23639219E-002     0.10654004E+002     0.79718554E+001    -0.40432751E-002    -0.12333262E-002
     0.35032078E+000    -0.86916374E-003     0.22765551E-002     0.10688747E+002     0.80332142E+001    -0.39570036E-002    -0.14316960E-002
     0.35108069E+000    -0.95771758E-003     0.22315415E-002     0.10757800E+002     0.80446847E+001    -0.38434333E-002    -0.15855029E-002
     0.35184061E+000    -0.10853301E-002     0.22048318E-002     0.10881217E+002     0.80329451E+001    -0.37175246E-002    -0.16917323E-002
     0.35260052E+000    -0.12587093E-002     0.21465344E-002     0.11059923E+002     0.80312067E+001    -0.35936481E-002    -0.17516200E-002
     0.35336044E+000    -0.14432964E-002     0.20171784E-002     0.11276716E+002     0.80656421E+001    -0.34841852E-002    -0.17698521E-002
     0.35412035E+000    -0.15869385E-002     0.18126180E-002     0.11505385E+002     0.81476339E+001    -0.33998139E-002    -0.17530284E-002
     0.35488027E+000    -0.16481039E-002     0.15607836E-002     0.11720191E+002     0.82738235E+001    -0.33506168E-002    -0.17102761E-002
     0.35564018E+000    -0.16077758E-002     0.13049191E-002     0.11901675E+002     0.84299508E+001    -0.33448534E-002    -0.16553709E-002
     0.35640010E+000    -0.14693337E-002     0.10909084E-002     0.12039540E+002     0.85950739E+001    -0.33847986E-002    -0.16067980E-002
     0.35716001E+000    -0.12573323E-002     0.95856233E-003     0.12134338E+002     0.87456739E+001    -0.34632223E-002    -0.15833379E-002
     0.35791993E+000    -0.10136797E-002     0.93071821E-003     0.12198188E+002     0.88605420E+001    -0.35646151E-002    -0.15977918E-002
     0.35867984E+000    -0.78510007E-003     0.10042600E-002     0.12253166E+002     0.89266582E+001    -0.36704763E-002    -0.16536151E-002
     0.35943976E+000    -0.60541069E-003     0.11523081E-002     0.12325917E+002     0.89442666E+001    -0.37648011E-002    -0.17458611E-002
     0.36019967E+000    -0.48396284E-003     0.13389929E-002     0.12439191E+002     0.89278632E+001    -0.38372573E-002    -0.18647006E-002
     0.36095959E+000    -0.40824378E-003     0.15375773E-002     0.12604217E+002     0.89012262E+001    -0.38835634E-002    -0.19994273E-002
     0.36171950E+000    -0.35741659E-003     0.17399699E-002     0.12818267E+002     0.88887672E+001    -0.39036894E-002    -0.21412524E-002
     0.36247942E+000    -0.31591391E-003     0.19543040E-002     0.13068169E+002     0.89081665E+001    -0.38994768E-002    -0.22840789E-002
     0.36323933E+000    -0.28038311E-003     0.21964419E-002     0.13336528E+002     0.89674634E+001    -0.38730998E-002    -0.24240586E-002
     0.36399925E+000    -0.26033574E-003     0.24809265E-002     0.13607130E+002     0.90661613E+001    -0.38261576E-002    -0.25592407E-002
     0.36475916E+000    -0.27386300E-003     0.28138274E-002     0.13868000E+002     0.91983655E+001    -0.37582006E-002    -0.26891235E-002
     0.36551908E+000    -0.34012283E-003     0.31902417E-002     0.14111989E+002     0.93563345E+001    -0.36649629E-002    -0.28124283E-002
     0.36627899E+000    -0.47319392E-003     0.35974370E-002     0.14335131E+002     0.95329677E+001    -0.35388431E-002    -0.29227516E-002
     0.36703891E+000    -0.68052869E-003     0.40196964E-002     0.14534254E+002     0.97217636E+001    -0.33735754E-002    -0.30047867E-002
     0.36779882E+000    -0.96372632E-003     0.44412563E-002     0.14706564E+002     0.99146919E+001    -0.31720634E-002    -0.30347979E-002
     0.36855874E+000    -0.13191963E-002     0.48486918E-002     0.14852206E+002     0.10101152E+002    -0.29535092E-002    -0.29877756E-002
     0.36931865E+000    -0.17406290E-002     0.52339352E-002     0.14977029E+002     0.10270527E+002    -0.27538322E-002    -0.28500512E-002
     0.37007857E+000    -0.22245658E-002     0.55945401E-002     0.15091818E+002     0.10416697E+002    -0.26156375E-002    -0.26301442E-002
     0.37083848E+000    -0.27746432E-002     0.59281081E-002     0.15207848E+002     0.10540284E+002    -0.25724572E-002    -0.23593795E-002
     0.37159840E+000    -0.33988996E-002     0.62248238E-002     0.15332436E+002     0.10646524E+002    -0.26371679E-002    -0.20819540E-002
     0.37235831E+000    -0.41021065E-002     0.64654106E-002     0.15467963E+002     0.10740856E+002    -0.27991864E-002    -0.18413561E-002
     0.37311823E+000    -0.48803124E-002     0.66247643E-002     0.15614374E+002     0.10825855E+002    -0.30290479E-002    -0.16681888E-002
     0.37387814E+000    -0.57186704E-002     0.66755049E-002     0.15772596E+002     0.10901274E+002    -0.32891116E-002    -0.15722194E-002
     0.37463806E+000    -0.65875648E-002     0.65914360E-002     0.15946466E+002     0.10966424E+002    -0.35474827E-002    -0.15427630E-002
     0.37539797E+000    -0.74382987E-002     0.63575653E-002     0.16142172E+002     0.11023057E+002    -0.37878335E-002    -0.15583317E-002
     0.37615789E+000    -0.82086483E-002     0.59869031E-002     0.16365744E+002     0.11076783E+002    -0.40093140E-002    -0.15991750E-002
     0.37691780E+000    -0.88443306E-002     0.55313667E-002     0.16620420E+002     0.11136143E+002    -0.42187644E-002    -0.16542017E-002
     0.37767772E+000    -0.93265364E-002     0.50726084E-002     0.16905684E+002     0.11210283E+002    -0.44230010E-002    -0.17198793E-002
     0.37843763E+000    -0.96859884E-002     0.46936873E-002     0.17218111E+002     0.11307073E+002    -0.46262627E-002    -0.17958017E-002
     0.37919755E+000    -0.99931574E-002     0.44493314E-002     0.17552767E+002     0.11432610E+002    -0.48314663E-002    -0.18821980E-002
     0.37995746E+000    -0.10333567E-001     0.43527380E-002     0.17903969E+002     0.11591654E+002    -0.50413070E-002    -0.19801846E-002
     0.38071738E+000    -0.10786248E-001     0.43810717E-002     0.18265216E+002     0.11788018E+002    -0.52575608E-002    -0.20922955E-002
     0.38147729E+000    -0.11415339E-001     0.44878039E-002     0.18628784E+002     0.12024363E+002    -0.54800041E-002    -0.22214534E-002
     0.38223721E+000    -0.12271262E-001     0.46096830E-002     0.18985623E+002     0.12301373E+002    -0.57069065E-002    -0.23690481E-002
     0.38299712E+000    -0.13391537E-001     0.46649505E-002     0.19325966E+002     0.12616727E+002    -0.59372581E-002    -0.25341484E-002
     0.38375704E+000    -0.14793389E-001     0.45477704E-002     0.19640695E+002     0.12964419E+002    -0.61730253E-002    -0.27149754E-002
     0.38451695E+000    -0.16456178E-001     0.41279110E-002     0.19923155E+002     0.13334894E+002    -0.64196011E-002    -0.29118706E-002
     0.38527687E+000    -0.18298619E-001     0.32649230E-002     0.20170885E+002     0.13716189E+002    -0.66839163E-002    -0.31299845E-002
     0.38603678E+000    -0.20162856E-001     0.18420253E-002     0.20386744E+002     0.14096003E+002    -0.69710271E-002    -0.33802011E-002
     0.38679670E+000    -0.21822166E-001    -0.18507153E-003     0.20578879E+002     0.14464376E+002    -0.72806347E-002    -0.36777551E-002
     0.38755661E+000    -0.23024794E-001    -0.27441827E-002     0.20759148E+002     0.14816285E+002    -0.76049317E-002    -0.40390001E-002
     0.38831653E+000    -0.23567156E-001    -0.56373672E-002     0.20940043E+002     0.15153080E+002    -0.79285381E-002    -0.44774741E-002
     0.38907644E+000    -0.23363314E-001    -0.85846834E-002     0.21131130E+002     0.15481797E+002    -0.82304505E-002    -0.50005035E-002
     0.38983636E+000    -0.22470505E-001    -0.11305126E-001     0.21336567E+002     0.15812370E+002    -0.84873655E-002    -0.56072149E-002
     0.39059627E+000    -0.21057765E-001    -0.13591527E-001     0.21554903E+002     0.16153976E+002    -0.86774955E-002    -0.62883806E-002
     0.39135619E+000    -0.19342346E-001    -0.15344280E-001     0.21781084E+002     0.16512175E+002    -0.87839011E-002    -0.70280525E-002
     0.39211610E+000    -0.17531291E-001    -0.16561455E-001     0.22009611E+002     0.16887947E+002    -0.87965719E-002    -0.78063855E-002
     0.39287602E+000    -0.15789051E-001    -0.17306837E-001     0.22237465E+002     0.17278782E+002    -0.87130786E-002    -0.86028211E-002
     0.39363593E+000    -0.14229678E-001    -0.17678241E-001     0.22465763E+002     0.17681205E+002    -0.85380785E-002    -0.93991519E-002
     0.39439585E+000    -0.12921592E-001    -0.17786121E-001     0.22699624E+002     0.18093773E+002    -0.82817700E-002    -0.10182390E-001
     0.39515576E+000    -0.11894844E-001    -0.17741439E-001     0.22946314E+002     0.18519448E+002    -0.79570313E-002    -0.10947144E-001
     0.39591567E+000    -0.11147157E-001    -0.17648084E-001     0.23212353E+002     0.18966510E+002    -0.75751928E-002    -0.11696646E-001
     0.39667559E+000    -0.10649332E-001    -0.17596795E-001     0.23500634E+002     0.19447722E+002    -0.71412104E-002    -0.12441451E-001
     0.39743550E+000    -0.10351307E-001    -0.17660193E-001     0.23808493E+002     0.19978177E+002    -0.66496779E-002    -0.13195526E-001
     0.39819542E+000    -0.10188985E-001    -0.17889668E-001     0.24127151E+002     0.20572638E+002    -0.60830727E-002    -0.13970397E-001
     0.39895533E+000    -0.10090956E-001    -0.18314462E-001     0.24442388E+002     0.21243162E+002    -0.54129721E-002    -0.14768705E-001
     0.39971525E+000    -0.99842702E-002    -0.18942416E-001     0.24735987E+002     0.21997410E+002    -0.46042209E-002    -0.15578498E-001
     0.40047516E+000    -0.97990270E-002    -0.19761439E-001     0.24987512E+002     0.22837725E+002    -0.36215977E-002    -0.16369387E-001
     0.40123508E+000    -0.94724011E-002    -0.20740976E-001     0.25176150E+002     0.23760929E+002    -0.24383598E-002    -0.17091488E-001
     0.40199499E+000    -0.89530487E-002    -0.21833670E-001     0.25282392E+002     0.24758811E+002    -0.10457068E-002    -0.17678180E-001
     0.40275491E+000    -0.82062853E-002    -0.22978394E-001     0.25289211E+002     0.25819214E+002     0.53855701E-003    -0.18053520E-001
     0.40351482E+000    -0.72190175E-002    -0.24106071E-001     0.25182450E+002     0.26927363E+002     0.22647070E-002    -0.18144282E-001
     0.40427474E+000    -0.60020733E-002    -0.25148485E-001     0.24950406E+002     0.28066811E+002     0.40518377E-002    -0.17894906E-001
     0.40503465E+000    -0.45877095E-002    -0.26048118E-001     0.24583126E+002     0.29219543E+002     0.57963241E-002    -0.17281960E-001
     0.40579457E+000    -0.30221190E-002    -0.26765577E-001     0.24072200E+002     0.30365283E+002     0.73875296E-002    -0.16323733E-001
     0.40655448E+000    -0.13553642E-002    -0.27281869E-001     0.23411479E+002     0.31480669E+002     0.87275877E-002    -0.15081042E-001
     0.40731440E+000     0.36766510E-003    -0.27595167E-001     0.22598547E+002     0.32539023E+002     0.97498069E-002    -0.13647636E-001
     0.40807431E+000     0.21125695E-002    -0.27714014E-001     0.21636297E+002     0.33511000E+002     0.10429816E-001    -0.12132305E-001
     0.40883423E+000     0.38561896E-002    -0.27649684E-001     0.20534160E+002     0.34365845E+002     0.10785937E-001    -0.10638238E-001
     0.40959414E+000     0.55834062E-002    -0.27410045E-001     0.19308997E+002     0.35072918E+002     0.10869521E-001    -0.92461374E-002
     0.41035406E+000     0.72813997E-002    -0.26996550E-001     0.17985894E+002     0.35603558E+002     0.10749632E-001    -0.80054053E-002
     0.41111397E+000     0.89333600E-002    -0.26405276E-001     0.16598680E+002     0.35933759E+002     0.10497542E-001    -0.69340367E-002
     0.41187389E+000     0.10514095E-001    -0.25631800E-001     0.15189280E+002     0.36047808E+002     0.10175083E-001    -0.60248190E-002
     0.41263380E+000     0.11989679E-001    -0.24678161E-001     0.13804934E+002     0.35942030E+002     0.98284080E-002    -0.52543093E-002
     0.41339372E+000     0.13321790E-001    -0.23558925E-001     0.12493240E+002     0.35627040E+002     0.94866130E-002    -0.45915534E-002
     0.41415363E+000     0.14475275E-001    -0.22303509E-001     0.11296292E+002     0.35127128E+002     0.91635418E-002    -0.40047951E-002
     0.41491355E+000     0.15425914E-001    -0.20953492E-001     0.10245869E+002     0.34476738E+002     0.88609755E-002    -0.34657552E-002
     0.41567346E+000     0.16165269E-001    -0.19555850E-001     0.93611510E+001     0.33715267E+002     0.85719230E-002    -0.29519648E-002
     0.41643338E+000     0.16700828E-001    -0.18154777E-001     0.86491790E+001     0.32881967E+002     0.82834934E-002    -0.24479555E-002
     0.41719329E+000     0.17051696E-001    -0.16785133E-001     0.81072615E+001     0.32012256E+002     0.79794295E-002    -0.19459008E-002
     0.41795321E+000     0.17241829E-001    -0.15469712E-001     0.77260851E+001     0.31135883E+002     0.76425863E-002    -0.14458788E-002
     0.41871312E+000     0.17293615E-001    -0.14220729E-001     0.74925359E+001     0.30276641E+002     0.72575018E-002    -0.95560367E-003
     0.41947304E+000     0.17224044E-001    -0.13044210E-001     0.73917390E+001     0.29452978E+002     0.68129430E-002    -0.48938588E-003
     0.42023295E+000     0.17044353E-001    -0.11945027E-001     0.74082957E+001     0.28678908E+002     0.63040931E-002    -0.66199319E-004
     0.42099287E+000     0.16762460E-001    -0.10930493E-001     0.75269467E+001     0.27964843E+002     0.57339489E-002     0.29304002E-003
     0.42175278E+000     0.16386574E-001    -0.10011447E-001     0.77329255E+001     0.27318251E+002     0.51135616E-002     0.56862121E-003
     0.42251270E+000     0.15928271E-001    -0.92009865E-002     0.80121760E+001     0.26744157E+002     0.44609718E-002     0.74504647E-003
     0.42327261E+000     0.15403998E-001    -0.85118364E-002     0.83515088E+001     0.26245551E+002     0.37990209E-002     0.81329698E-003
     0.42403253E+000     0.14834768E-001    -0.79535740E-002     0.87387070E+001     0.25823761E+002     0.31525309E-002     0.77193196E-003
     0.42479244E+000     0.14244536E-001    -0.75306102E-002     0.91625730E+001     0.25478797E+002     0.25454820E-002     0.62693040E-003
     0.42555236E+000     0.13657945E-001    -0.72413249E-002     0.96129089E+001     0.25209660E+002     0.19987308E-002     0.39052627E-003
     0.42631227E+000     0.13098127E-001    -0.70783115E-002     0.10080431E+002     0.25014600E+002     0.15285524E-002     0.79488099E-004
     0.42707219E+000     0.12584951E-001    -0.70294457E-002     0.10556633E+002     0.24891307E+002     0.11459998E-002    -0.28670517E-003
     0.42783210E+000     0.12133950E-001    -0.70794272E-002     0.11033627E+002     0.24837002E+002     0.85688151E-003    -0.68749261E-003
     0.42859202E+000     0.11755945E-001    -0.72114775E-002     0.11503994E+002     0.24848450E+002     0.66211448E-003    -0.11025581E-002
     0.42935193E+000     0.11457326E-001    -0.74089371E-002     0.11960692E+002     0.24921880E+002     0.55828621E-003    -0.15128786E-002
     0.43011185E+000     0.11240877E-001    -0.76565467E-002     0.12397030E+002     0.25052869E+002     0.53835810E-003    -0.19015415E-002
     0.43087176E+000     0.11106993E-001    -0.79412214E-002     0.12806736E+002     0.25236214E+002     0.59249247E-003    -0.22543303E-002
     0.43163168E+000     0.11055028E-001    -0.82521883E-002     0.13184100E+002     0.25465811E+002     0.70895766E-003    -0.25600302E-002
     0.43239159E+000     0.11084465E-001    -0.85804840E-002     0.13524192E+002     0.25734587E+002     0.87500105E-003    -0.28104175E-002
     0.43315151E+000     0.11195596E-001    -0.89179977E-002     0.13823148E+002     0.26034494E+002     0.10775434E-002    -0.29999734E-002
     0.43391142E+000     0.11389586E-001    -0.92563833E-002     0.14078507E+002     0.26356589E+002     0.13035828E-002    -0.31254581E-002
     0.43467134E+000     0.11667991E-001    -0.95861707E-002     0.14289581E+002     0.26691256E+002     0.15402995E-002    -0.31855350E-002
     0.43543125E+000     0.12031938E-001    -0.98962664E-002     0.14457801E+002     0.27028578E+002     0.17749738E-002    -0.31806075E-002
     0.43619117E+000     0.12481218E-001    -0.10173858E-001     0.14586981E+002     0.27358883E+002     0.19949045E-002    -0.31129286E-002
     0.43695108E+000     0.13013385E-001    -0.10404657E-001     0.14683398E+002     0.27673452E+002     0.21875201E-002    -0.29869162E-002
     0.43771100E+000     0.13622908E-001    -0.10573460E-001     0.14755619E+002     0.27965293E+002     0.23407890E-002    -0.28095052E-002
     0.43847091E+000     0.14300449E-001    -0.10665096E-001     0.14814008E+002     0.28229897E+002     0.24439228E-002    -0.25903351E-002
     0.43923083E+000     0.15032478E-001    -0.10665774E-001     0.14869955E+002     0.28465804E+002     0.24882461E-002    -0.23416107E-002
     0.43999074E+000     0.15801497E-001    -0.10564725E-001     0.14934878E+002     0.28674857E+002     0.24680412E-002    -0.20775715E-002
     0.44075066E+000     0.16587044E-001    -0.10355748E-001     0.15019199E+002     0.28862083E+002     0.23811759E-002    -0.18136168E-002
     0.44151057E+000     0.17367409E-001    -0.10038255E-001     0.15131413E+002     0.29035184E+002     0.22293756E-002    -0.15652185E-002
     0.44227049E+000     0.18121692E-001    -0.96174749E-002     0.15277449E+002     0.29203766E+002     0.20180880E-002    -0.13467969E-002
     0.44303040E+000     0.18831770E-001    -0.91037394E-002     0.15460352E+002     0.29378419E+002     0.17559731E-002    -0.11707247E-002
     0.44379032E+000     0.19483712E-001    -0.85110629E-002     0.15680325E+002     0.29569827E+002     0.14541109E-002    -0.10465842E-002
     0.44455023E+000     0.20068455E-001    -0.78553695E-002     0.15935022E+002     0.29788024E+002     0.11250514E-002    -0.98074711E-003
     0.44531014E+000     0.20581710E-001    -0.71527591E-002     0.16220027E+002     0.30041853E+002     0.78183774E-003    -0.97629046E-003
     0.44607006E+000     0.21023291E-001    -0.64181049E-002     0.16529390E+002     0.30338655E+002     0.43711878E-003    -0.10332146E-002
     0.44682997E+000     0.21396101E-001    -0.56641306E-002     0.16856141E+002     0.30684147E+002     0.10243954E-003    -0.11488945E-002
     0.44758989E+000     0.21705021E-001    -0.49009816E-002     0.17192744E+002     0.31082445E+002    -0.21223699E-003    -0.13186723E-002
     0.44834980E+000     0.21955896E-001    -0.41362118E-002     0.17531453E+002     0.31536189E+002    -0.49876415E-003    -0.15364914E-002
     0.44910972E+000     0.22154717E-001    -0.33750637E-002     0.17864574E+002     0.32046706E+002    -0.75082851E-003    -0.17954834E-002
     0.44986963E+000     0.22307040E-001    -0.26209189E-002     0.18184640E+002     0.32614199E+002    -0.96380585E-003    -0.20884406E-002
     0.45062955E+000     0.22417652E-001    -0.18758161E-002     0.18484518E+002     0.33237927E+002    -0.11345294E-002    -0.24081430E-002
     0.45138946E+000     0.22490429E-001    -0.11409623E-002     0.18757460E+002     0.33916359E+002    -0.12610428E-002    -0.27475419E-002
     0.45214938E+000     0.22528366E-001    -0.41719006E-003     0.18997114E+002     0.34647303E+002    -0.13423953E-002    -0.30998324E-002
     0.45290929E+000     0.22533731E-001     0.29466605E-003     0.19197514E+002     0.35428000E+002    -0.13785098E-002    -0.34584645E-002
     0.45366921E+000     0.22508314E-001     0.99349191E-003     0.19353057E+002     0.36255182E+002    -0.13701261E-002    -0.38171459E-002
     0.45442912E+000     0.22453740E-001     0.16777283E-002     0.19458492E+002     0.37125099E+002    -0.13187974E-002    -0.41698768E-002
     0.45518904E+000     0.22371819E-001     0.23453306E-002     0.19508911E+002     0.38033523E+002    -0.12269033E-002    -0.45110392E-002
     0.45594895E+000     0.22264901E-001     0.29938646E-002     0.19499779E+002     0.38975741E+002    -0.10976390E-002    -0.48355385E-002
     0.45670887E+000     0.22136180E-001     0.36207405E-002     0.19426979E+002     0.39946540E+002    -0.93494981E-003    -0.51389791E-002
     0.45746878E+000     0.21989923E-001     0.42235762E-002     0.19286889E+002     0.40940217E+002    -0.74339545E-003    -0.54178379E-002
     0.45822870E+000     0.21831545E-001     0.48006592E-002     0.19076473E+002     0.41950607E+002    -0.52794484E-003    -0.56696044E-002
     0.45898861E+000     0.21667525E-001     0.53514602E-002     0.18793379E+002     0.42971148E+002    -0.29372128E-003    -0.58928531E-002
     0.45974853E+000     0.21505102E-001     0.58771326E-002     0.18436019E+002     0.43994987E+002    -0.45726632E-004    -0.60872338E-002
     0.46050844E+000     0.21351793E-001     0.63809239E-002     0.18003632E+002     0.45015109E+002     0.21142106E-003    -0.62533735E-002
     0.46126836E+000     0.21214731E-001     0.68684242E-002     0.17496290E+002     0.46024496E+002     0.47370503E-003    -0.63927021E-002
     0.46202827E+000     0.21099907E-001     0.73475911E-002     0.16914864E+002     0.47016281E+002     0.73785800E-003    -0.65072234E-002
     0.46278819E+000     0.21011379E-001     0.78285124E-002     0.16260931E+002     0.47983874E+002     0.10014279E-002    -0.65992591E-002
     0.46354810E+000     0.20950557E-001     0.83229034E-002     0.15536653E+002     0.48921050E+002     0.12627599E-002    -0.66711977E-002
     0.46430802E+000     0.20915653E-001     0.88433690E-002     0.14744630E+002     0.49821975E+002     0.15209028E-002    -0.67252738E-002
     0.46506793E+000     0.20901363E-001     0.94024956E-002     0.13887781E+002     0.50681168E+002     0.17754585E-002    -0.67634009E-002
     0.46582785E+000     0.20898839E-001     0.10011861E-001     0.12969255E+002     0.51493412E+002     0.20263967E-002    -0.67870707E-002
     0.46658776E+000     0.20895956E-001     0.10681058E-001     0.11992421E+002     0.52253633E+002     0.22738585E-002    -0.67973232E-002
     0.46734768E+000     0.20877845E-001     0.11416827E-001     0.10960920E+002     0.52956796E+002     0.25179755E-002    -0.67947862E-002
     0.46810759E+000     0.20827663E-001     0.12222357E-001     0.98788018E+001     0.53597829E+002     0.27587244E-002    -0.67797713E-002
     0.46886751E+000     0.20727504E-001     0.13096829E-001     0.87506901E+001     0.54171637E+002     0.29958341E-002    -0.67524105E-002
     0.46962742E+000     0.20559408E-001     0.14035199E-001     0.75819675E+001     0.54673192E+002     0.32287544E-002    -0.67128114E-002
     0.47038734E+000     0.20306386E-001     0.15028249E-001     0.63789227E+001     0.55097725E+002     0.34566892E-002    -0.66612066E-002
     0.47114725E+000     0.19953395E-001     0.16062890E-001     0.51488285E+001     0.55440987E+002     0.36786863E-002    -0.65980761E-002
     0.47190717E+000     0.19488214E-001     0.17122684E-001     0.38999199E+001     0.55699557E+002     0.38937689E-002    -0.65242209E-002
     0.47266708E+000     0.18902160E-001     0.18188580E-001     0.26412599E+001     0.55871140E+002     0.41010898E-002    -0.64407776E-002
     0.47342700E+000     0.18190603E-001     0.19239784E-001     0.13824973E+001     0.55954835E+002     0.43000800E-002    -0.63491681E-002
     0.47418691E+000     0.17353245E-001     0.20254734E-001     0.13353943E+000     0.55951312E+002     0.44905714E-002    -0.62509916E-002
     0.47494683E+000     0.16394150E-001     0.21212096E-001    -0.10958267E+001     0.55862884E+002     0.46728695E-002    -0.61478724E-002
     0.47570674E+000     0.15321528E-001     0.22091721E-001    -0.22963220E+001     0.55693457E+002     0.48477651E-002    -0.60412861E-002
     0.47646666E+000     0.14147303E-001     0.22875486E-001    -0.34595306E+001     0.55448374E+002     0.50164796E-002    -0.59323886E-002
     0.47722657E+000     0.12886504E-001     0.23547996E-001    -0.45781877E+001     0.55134154E+002     0.51805507E-002    -0.58218717E-002
     0.47798649E+000     0.11556549E-001     0.24097078E-001    -0.56463754E+001     0.54758184E+002     0.53416722E-002    -0.57098658E-002
     0.47874640E+000     0.10176464E-001     0.24514088E-001    -0.66596174E+001     0.54328371E+002     0.55015079E-002    -0.55959021E-002
     0.47950632E+000     0.87660985E-002     0.24794026E-001    -0.76148744E+001     0.53852805E+002     0.56615022E-002    -0.54789377E-002
     0.48026623E+000     0.73453890E-002     0.24935471E-001    -0.85104550E+001     0.53339464E+002     0.58227088E-002    -0.53574404E-002
     0.48102615E+000     0.59336915E-002     0.24940387E-001    -0.93458623E+001     0.52795967E+002     0.59856551E-002    -0.52295223E-002
     0.48178606E+000     0.45492102E-002     0.24813803E-001    -0.10121602E+002     0.52229395E+002     0.61502546E-002    -0.50931072E-002
     0.48254598E+000     0.32085322E-002     0.24563428E-001    -0.10838973E+002     0.51646184E+002     0.63157738E-002    -0.49461133E-002
     0.48330589E+000     0.19262700E-002     0.24199201E-001    -0.11499865E+002     0.51052076E+002     0.64808532E-002    -0.47866350E-002
     0.48406581E+000     0.71480935E-003     0.23732829E-001    -0.12106573E+002     0.50452124E+002     0.66435783E-002    -0.46131079E-002
     0.48482572E+000    -0.41584161E-003     0.23177301E-001    -0.12661646E+002     0.49850735E+002     0.68015908E-002    -0.44244437E-002
     0.48558564E+000    -0.14581114E-002     0.22546427E-001    -0.13167769E+002     0.49251733E+002     0.69522286E-002    -0.42201278E-002
     0.48634555E+000    -0.24068409E-002     0.21854394E-001    -0.13627678E+002     0.48658445E+002     0.70926827E-002    -0.40002736E-002
     0.48710547E+000    -0.32591864E-002     0.21115360E-001    -0.14044112E+002     0.48073774E+002     0.72201581E-002    -0.37656339E-002
     0.48786538E+000    -0.40144630E-002     0.20343100E-001    -0.14419789E+002     0.47500272E+002     0.73320267E-002    -0.35175713E-002
     0.48862530E+000    -0.46739408E-002     0.19550700E-001    -0.14757398E+002     0.46940202E+002     0.74259638E-002    -0.32579927E-002
     0.48938521E+000    -0.52406091E-002     0.18750312E-001    -0.15059616E+002     0.46395579E+002     0.75000592E-002    -0.29892554E-002
     0.49014513E+000    -0.57189200E-002     0.17952968E-001    -0.15329115E+002     0.45868200E+002     0.75528996E-002    -0.27140532E-002
     0.49090504E+000    -0.61145276E-002     0.17168451E-001    -0.15568583E+002     0.45359652E+002     0.75836180E-002    -0.24352906E-002
     0.49166496E+000    -0.64340290E-002     0.16405209E-001    -0.15780733E+002     0.44871321E+002     0.75919116E-002    -0.21559537E-002
     0.49242487E+000    -0.66847189E-002     0.15670327E-001    -0.15968311E+002     0.44404378E+002     0.75780283E-002    -0.18789868E-002
     0.49318479E+000    -0.68743617E-002     0.14969520E-001    -0.16134092E+002     0.43959772E+002     0.75427270E-002    -0.16071798E-002
     0.49394470E+000    -0.70109831E-002     0.14307169E-001    -0.16280873E+002     0.43538216E+002     0.74872153E-002    -0.13430733E-002
     0.49470461E+000    -0.71026843E-002     0.13686370E-001    -0.16411451E+002     0.43140174E+002     0.74130708E-002    -0.10888840E-002
     0.49546453E+000    -0.71574761E-002     0.13109001E-001    -0.16528605E+002     0.42765856E+002     0.73221528E-002    -0.84645365E-003
     0.49622444E+000    -0.71831329E-002     0.12575809E-001    -0.16635066E+002     0.42415211E+002     0.72165096E-002    -0.61722034E-003
     0.49698436E+000    -0.71870650E-002     0.12086496E-001    -0.16733493E+002     0.42087936E+002     0.70982871E-002    -0.40221269E-003
     0.49774427E+000    -0.71762074E-002     0.11639825E-001    -0.16826439E+002     0.41783479E+002     0.69696450E-002    -0.20206333E-003
     0.49850419E+000    -0.71569251E-002     0.11233723E-001    -0.16916328E+002     0.41501054E+002     0.68326824E-002    -0.17038849E-004
     0.49926410E+000    -0.71349336E-002     0.10865395E-001    -0.17005429E+002     0.41239662E+002     0.66893771E-002     0.15291785E-003
     0.50002402E+000    -0.71152367E-002     0.10531445E-001    -0.17095837E+002     0.40998107E+002     0.65415389E-002     0.30813701E-003
     0.50078393E+000    -0.71020787E-002     0.10227991E-001    -0.17189451E+002     0.40775026E+002     0.63907779E-002     0.44916719E-003
     0.50154385E+000    -0.70989156E-002     0.99507980E-002    -0.17287963E+002     0.40568907E+002     0.62384871E-002     0.57672003E-003
     0.50230376E+000    -0.71084010E-002     0.96953914E-002    -0.17392847E+002     0.40378123E+002     0.60858369E-002     0.69161744E-003
     0.50306368E+000    -0.71323909E-002     0.94571842E-002    -0.17505353E+002     0.40200953E+002     0.59337806E-002     0.79474380E-003
     0.50382359E+000    -0.71719636E-002     0.92315911E-002    -0.17626500E+002     0.40035612E+002     0.57830684E-002     0.88700458E-003
     0.50458351E+000    -0.72274554E-002     0.90141382E-002    -0.17757077E+002     0.39880276E+002     0.56342666E-002     0.96929234E-003
     0.50534342E+000    -0.72985107E-002     0.88005629E-002    -0.17897644E+002     0.39733109E+002     0.54877808E-002     0.10424604E-002
     0.50610334E+000    -0.73841444E-002     0.85869037E-002    -0.18048536E+002     0.39592289E+002     0.53438809E-002     0.11073035E-002
     0.50686325E+000    -0.74828137E-002     0.83695767E-002    -0.18209871E+002     0.39456031E+002     0.52027260E-002     0.11645457E-002
     0.50762317E+000    -0.75924996E-002     0.81454390E-002    -0.18381558E+002     0.39322618E+002     0.50643878E-002     0.12148329E-002
     0.50838308E+000    -0.77107927E-002     0.79118380E-002    -0.18563312E+002     0.39190416E+002     0.49288727E-002     0.12587310E-002
     0.50914300E+000    -0.78349838E-002     0.76666464E-002    -0.18754667E+002     0.39057901E+002     0.47961407E-002     0.12967269E-002
     0.50990291E+000    -0.79621545E-002     0.74082816E-002    -0.18955000E+002     0.38923680E+002     0.46661220E-002     0.13292328E-002
     0.51066283E+000    -0.80892688E-002     0.71357129E-002    -0.19163545E+002     0.38786505E+002     0.45387307E-002     0.13565915E-002
     0.51142274E+000    -0.82132601E-002     0.68484535E-002    -0.19379425E+002     0.38645287E+002     0.44138762E-002     0.13790832E-002
     0.51218266E+000    -0.83311150E-002     0.65465403E-002    -0.19601671E+002     0.38499109E+002     0.42914718E-002     0.13969334E-002
     0.51294257E+000    -0.84399498E-002     0.62305028E-002    -0.19829257E+002     0.38347231E+002     0.41714421E-002     0.14103199E-002
     0.51370249E+000    -0.85370801E-002     0.59013209E-002    -0.20061121E+002     0.38189090E+002     0.40537279E-002     0.14193810E-002
     0.51446240E+000    -0.86200801E-002     0.55603735E-002    -0.20296198E+002     0.38024298E+002     0.39382898E-002     0.14242227E-002
     0.51522232E+000    -0.86868323E-002     0.52093815E-002    -0.20533442E+002     0.37852633E+002     0.38251108E-002     0.14249255E-002
     0.51598223E+000    -0.87355657E-002     0.48503442E-002    -0.20771854E+002     0.37674028E+002     0.37141977E-002     0.14215515E-002
     0.51674215E+000    -0.87648828E-002     0.44854729E-002    -0.21010502E+002     0.37488554E+002     0.36055808E-002     0.14141505E-002
     0.51750206E+000    -0.87737744E-002     0.41171238E-002    -0.21248535E+002     0.37296403E+002     0.34993140E-002     0.14027657E-002
     0.51826198E+000    -0.87616229E-002     0.37477311E-002    -0.21485201E+002     0.37097864E+002     0.33954734E-002     0.13874386E-002
     0.51902189E+000    -0.87281956E-002     0.33797438E-002    -0.21719855E+002     0.36893303E+002     0.32941552E-002     0.13682140E-002
     0.51978181E+000    -0.86736275E-002     0.30155657E-002    -0.21951960E+002     0.36683139E+002     0.31954736E-002     0.13451435E-002
     0.52054172E+000    -0.85983958E-002     0.26575030E-002    -0.22181089E+002     0.36467821E+002     0.30995580E-002     0.13182890E-002
     0.52130164E+000    -0.85032878E-002     0.23077175E-002    -0.22406924E+002     0.36247810E+002     0.30065499E-002     0.12877252E-002
     0.52206155E+000    -0.83893628E-002     0.19681887E-002    -0.22629242E+002     0.36023560E+002     0.29165999E-002     0.12535417E-002
     0.52282147E+000    -0.82579112E-002     0.16406835E-002    -0.22847912E+002     0.35795499E+002     0.28298643E-002     0.12158441E-002
     0.52358138E+000    -0.81104113E-002     0.13267346E-002    -0.23062878E+002     0.35564020E+002     0.27465020E-002     0.11747551E-002
     0.52434130E+000    -0.79484850E-002     0.10276263E-002    -0.23274146E+002     0.35329468E+002     0.26666714E-002     0.11304141E-002
     0.52510121E+000    -0.77738552E-002     0.74438862E-003    -0.23481770E+002     0.35092136E+002     0.25905273E-002     0.10829777E-002
     0.52586113E+000    -0.75883051E-002     0.47779751E-003    -0.23685840E+002     0.34852262E+002     0.25182187E-002     0.10326181E-002
     0.52662104E+000    -0.73936396E-002     0.22838148E-003    -0.23886466E+002     0.34610025E+002     0.24498860E-002     0.97952276E-003
     0.52738096E+000    -0.71916511E-002    -0.35670673E-005    -0.24083763E+002     0.34365551E+002     0.23856595E-002     0.92389250E-003
     0.52814087E+000    -0.69840894E-002    -0.21797618E-003    -0.24277845E+002     0.34118915E+002     0.23256571E-002     0.86594024E-003
     0.52890079E+000    -0.67726354E-002    -0.41497575E-003    -0.24468812E+002     0.33870145E+002     0.22699838E-002     0.80588925E-003
     0.52966070E+000    -0.65588795E-002    -0.59487660E-003    -0.24656743E+002     0.33619234E+002     0.22187300E-002     0.74397141E-003
     0.53042062E+000    -0.63443050E-002    -0.75814815E-003    -0.24841691E+002     0.33366143E+002     0.21719716E-002     0.68042555E-003
     0.53118053E+000    -0.61302743E-002    -0.90539551E-003    -0.25023676E+002     0.33110813E+002     0.21297689E-002     0.61549577E-003
     0.53194045E+000    -0.59180210E-002    -0.10373365E-002    -0.25202688E+002     0.32853171E+002     0.20921672E-002     0.54942997E-003
     0.53270036E+000    -0.57086439E-002    -0.11547792E-002    -0.25378683E+002     0.32593136E+002     0.20591962E-002     0.48247839E-003
     0.53346028E+000    -0.55031054E-002    -0.12586007E-002    -0.25551584E+002     0.32330632E+002     0.20308709E-002     0.41489245E-003
     0.53422019E+000    -0.53022323E-002    -0.13497269E-002    -0.25721287E+002     0.32065589E+002     0.20071913E-002     0.34692363E-003
     0.53498011E+000    -0.51067192E-002    -0.14291144E-002    -0.25887658E+002     0.31797953E+002     0.19881430E-002     0.27882255E-003
     0.53574002E+000    -0.49171336E-002    -0.14977337E-002    -0.26050544E+002     0.31527685E+002     0.19736975E-002     0.21083821E-003
     0.53649994E+000    -0.47339231E-002    -0.15565549E-002    -0.26209773E+002     0.31254773E+002     0.19638125E-002     0.14321722E-003
     0.53725985E+000    -0.45574233E-002    -0.16065347E-002    -0.26365160E+002     0.30979223E+002     0.19584323E-002     0.76203261E-004
     0.53801977E+000    -0.43878667E-002    -0.16486064E-002    -0.26516513E+002     0.30701073E+002     0.19574877E-002     0.10036467E-004
     0.53877968E+000    -0.42253923E-002    -0.16836703E-002    -0.26663637E+002     0.30420383E+002     0.19608963E-002    -0.55047151E-004
     0.53953960E+000    -0.40700551E-002    -0.17125877E-002    -0.26806336E+002     0.30137240E+002     0.19685627E-002    -0.11881630E-003
     0.54029951E+000    -0.39218354E-002    -0.17361748E-002    -0.26944422E+002     0.29851755E+002     0.19803783E-002    -0.18104504E-003
     0.54105943E+000    -0.37806490E-002    -0.17551992E-002    -0.27077715E+002     0.29564062E+002     0.19962214E-002    -0.24151355E-003
     0.54181934E+000    -0.36463551E-002    -0.17703773E-002    -0.27206047E+002     0.29274317E+002     0.20159576E-002    -0.30000890E-003
     0.54257926E+000    -0.35187655E-002    -0.17823732E-002    -0.27329265E+002     0.28982691E+002     0.20394393E-002    -0.35632595E-003
     0.54333917E+000    -0.33976520E-002    -0.17917976E-002    -0.27447231E+002     0.28689372E+002     0.20665063E-002    -0.41026839E-003
     0.54409908E+000    -0.32827541E-002    -0.17992086E-002    -0.27559825E+002     0.28394562E+002     0.20969859E-002    -0.46164973E-003
     0.54485900E+000    -0.31737852E-002    -0.18051127E-002    -0.27666947E+002     0.28098471E+002     0.21306934E-002    -0.51029449E-003
     0.54561891E+000    -0.30704384E-002    -0.18099661E-002    -0.27768515E+002     0.27801316E+002     0.21674326E-002    -0.55603932E-003
     0.54637883E+000    -0.29723924E-002    -0.18141766E-002    -0.27864463E+002     0.27503320E+002     0.22069964E-002    -0.59873417E-003
     0.54713874E+000    -0.28793157E-002    -0.18181059E-002    -0.27954747E+002     0.27204707E+002     0.22491678E-002    -0.63824343E-003
     0.54789866E+000    -0.27908709E-002    -0.18220721E-002    -0.28039338E+002     0.26905704E+002     0.22937212E-002    -0.67444699E-003
     0.54865857E+000    -0.27067181E-002    -0.18263519E-002    -0.28118225E+002     0.26606533E+002     0.23404231E-002    -0.70724127E-003
     0.54941849E+000    -0.26265184E-002    -0.18311834E-002    -0.28191413E+002     0.26307417E+002     0.23890340E-002    -0.73654002E-003
     0.55017840E+000    -0.25499363E-002    -0.18367691E-002    -0.28258920E+002     0.26008572E+002     0.24393096E-002    -0.76227508E-003
     0.55093832E+000    -0.24766417E-002    -0.18432781E-002    -0.28320781E+002     0.25710212E+002     0.24910025E-002    -0.78439688E-003
     0.55169823E+000    -0.24063121E-002    -0.18508488E-002    -0.28377040E+002     0.25412543E+002     0.25438642E-002    -0.80287484E-003
     0.55245815E+000    -0.23386338E-002    -0.18595920E-002    -0.28427754E+002     0.25115765E+002     0.25976466E-002    -0.81769740E-003
     0.55321806E+000    -0.22733031E-002    -0.18695927E-002    -0.28472991E+002     0.24820071E+002     0.26521038E-002    -0.82887204E-003
     0.55397798E+000    -0.22100272E-002    -0.18809131E-002    -0.28512827E+002     0.24525649E+002     0.27069941E-002    -0.83642491E-003
     0.55473789E+000    -0.21485246E-002    -0.18935942E-002    -0.28547350E+002     0.24232677E+002     0.27620816E-002    -0.84040031E-003
     0.55549781E+000    -0.20885253E-002    -0.19076585E-002    -0.28576653E+002     0.23941326E+002     0.28171382E-002    -0.84085996E-003
     0.55625772E+000    -0.20297711E-002    -0.19231114E-002    -0.28600837E+002     0.23651760E+002     0.28719445E-002    -0.83788206E-003
     0.55701764E+000    -0.19720154E-002    -0.19399433E-002    -0.28620010E+002     0.23364135E+002     0.29262924E-002    -0.83156018E-003
     0.55777755E+000    -0.19150232E-002    -0.19581307E-002    -0.28634287E+002     0.23078598E+002     0.29799851E-002    -0.82200197E-003
     0.55853747E+000    -0.18585705E-002    -0.19776376E-002    -0.28643786E+002     0.22795289E+002     0.30328394E-002    -0.80932774E-003
     0.55929738E+000    -0.18024440E-002    -0.19984171E-002    -0.28648633E+002     0.22514340E+002     0.30846860E-002    -0.79366893E-003
     0.56005730E+000    -0.17464410E-002    -0.20204113E-002    -0.28648957E+002     0.22235875E+002     0.31353704E-002    -0.77516653E-003
     0.56081721E+000    -0.16903688E-002    -0.20435531E-002    -0.28644891E+002     0.21960009E+002     0.31847535E-002    -0.75396936E-003
     0.56157713E+000    -0.16340444E-002    -0.20677661E-002    -0.28636572E+002     0.21686849E+002     0.32327120E-002    -0.73023245E-003
     0.56233704E+000    -0.15772943E-002    -0.20929651E-002    -0.28624138E+002     0.21416494E+002     0.32791386E-002    -0.70411528E-003
     0.56309696E+000    -0.15199541E-002    -0.21190569E-002    -0.28607733E+002     0.21149035E+002     0.33239416E-002    -0.67578016E-003
     0.56385687E+000    -0.14618688E-002    -0.21459400E-002    -0.28587501E+002     0.20884553E+002     0.33670452E-002    -0.64539065E-003
     0.56461679E+000    -0.14028926E-002    -0.21735050E-002    -0.28563587E+002     0.20623124E+002     0.34083886E-002    -0.61310995E-003
     0.56537670E+000    -0.13428890E-002    -0.22016350E-002    -0.28536139E+002     0.20364811E+002     0.34479259E-002    -0.57909957E-003
     0.56613662E+000    -0.12817309E-002    -0.22302055E-002    -0.28505303E+002     0.20109673E+002     0.34856250E-002    -0.54351794E-003
     0.56689653E+000    -0.12193012E-002    -0.22590848E-002    -0.28471228E+002     0.19857758E+002     0.35214669E-002    -0.50651922E-003
     0.56765645E+000    -0.11554931E-002    -0.22881341E-002    -0.28434058E+002     0.19609108E+002     0.35554449E-002    -0.46825231E-003
     0.56841636E+000    -0.10902102E-002    -0.23172079E-002    -0.28393942E+002     0.19363756E+002     0.35875634E-002    -0.42885985E-003
     0.56917628E+000    -0.10233675E-002    -0.23461545E-002    -0.28351022E+002     0.19121728E+002     0.36178370E-002    -0.38847753E-003
     0.56993619E+000    -0.95489166E-003    -0.23748164E-002    -0.28305441E+002     0.18883042E+002     0.36462894E-002    -0.34723341E-003
     0.57069611E+000    -0.88472151E-003    -0.24030309E-002    -0.28257340E+002     0.18647710E+002     0.36729522E-002    -0.30524750E-003
     0.57145602E+000    -0.81280858E-003    -0.24306309E-002    -0.28206855E+002     0.18415737E+002     0.36978637E-002    -0.26263138E-003
     0.57221594E+000    -0.73911759E-003    -0.24574453E-002    -0.28154121E+002     0.18187120E+002     0.37210681E-002    -0.21948805E-003
     0.57297585E+000    -0.66362691E-003    -0.24833004E-002    -0.28099268E+002     0.17961851E+002     0.37426142E-002    -0.17591180E-003
     0.57373577E+000    -0.58632895E-003    -0.25080205E-002    -0.28042424E+002     0.17739919E+002     0.37625545E-002    -0.13198828E-003
     0.57449568E+000    -0.50723036E-003    -0.25314292E-002    -0.27983711E+002     0.17521303E+002     0.37809440E-002    -0.87794628E-004
     0.57525560E+000    -0.42635226E-003    -0.25533501E-002    -0.27923249E+002     0.17305980E+002     0.37978397E-002    -0.43399703E-004
     0.57601551E+000    -0.34373028E-003    -0.25736084E-002    -0.27861151E+002     0.17093922E+002     0.38132996E-002     0.11356095E-005
     0.57677543E+000    -0.25941456E-003    -0.25920318E-002    -0.27797529E+002     0.16885098E+002     0.38273817E-002     0.45758028E-004
     0.57753534E+000    -0.17346958E-003    -0.26084518E-002    -0.27732487E+002     0.16679471E+002     0.38401438E-002     0.90421446E-004
     0.57829526E+000    -0.85973933E-004    -0.26227048E-002    -0.27666127E+002     0.16477004E+002     0.38516425E-002     0.13508647E-003
     0.57905517E+000     0.29801694E-005    -0.26346334E-002    -0.27598544E+002     0.16277653E+002     0.38619330E-002     0.17971992E-003
     0.57981509E+000     0.93287372E-004    -0.26440876E-002    -0.27529830E+002     0.16081376E+002     0.38710684E-002     0.22429432E-003
     0.58057500E+000     0.18482980E-003    -0.26509257E-002    -0.27460073E+002     0.15888125E+002     0.38790996E-002     0.26878736E-003
     0.58133492E+000     0.27747782E-003    -0.26550153E-002    -0.27389353E+002     0.15697854E+002     0.38860748E-002     0.31318138E-003
     0.58209483E+000     0.37109090E-003    -0.26562347E-002    -0.27317750E+002     0.15510511E+002     0.38920393E-002     0.35746285E-003
     0.58285475E+000     0.46551859E-003    -0.26544735E-002    -0.27245337E+002     0.15326048E+002     0.38970356E-002     0.40162187E-003
     0.58361466E+000     0.56060153E-003    -0.26496332E-002    -0.27172182E+002     0.15144411E+002     0.39011031E-002     0.44565164E-003
     0.58437458E+000     0.65617251E-003    -0.26416281E-002    -0.27098352E+002     0.14965550E+002     0.39042779E-002     0.48954804E-003
     0.58513449E+000     0.75205768E-003    -0.26303862E-002    -0.27023906E+002     0.14789412E+002     0.39065932E-002     0.53330918E-003
     0.58589441E+000     0.84807773E-003    -0.26158488E-002    -0.26948902E+002     0.14615945E+002     0.39080789E-002     0.57693495E-003
     0.58665432E+000     0.94404919E-003    -0.25979719E-002    -0.26873393E+002     0.14445095E+002     0.39087619E-002     0.62042669E-003
     0.58741424E+000     0.10397857E-002    -0.25767254E-002    -0.26797430E+002     0.14276810E+002     0.39086664E-002     0.66378680E-003
     0.58817415E+000     0.11350991E-002    -0.25520939E-002    -0.26721058E+002     0.14111040E+002     0.39078135E-002     0.70701843E-003
     0.58893407E+000     0.12298010E-002    -0.25240764E-002    -0.26644320E+002     0.13947732E+002     0.39062218E-002     0.75012522E-003
     0.58969398E+000     0.13237037E-002    -0.24926860E-002    -0.26567258E+002     0.13786836E+002     0.39039074E-002     0.79311099E-003
     0.59045390E+000     0.14166218E-002    -0.24579501E-002    -0.26489908E+002     0.13628303E+002     0.39008840E-002     0.83597959E-003
     0.59121381E+000     0.15083726E-002    -0.24199093E-002    -0.26412304E+002     0.13472083E+002     0.38971633E-002     0.87873463E-003
     0.59197373E+000     0.15987781E-002    -0.23786175E-002    -0.26334479E+002     0.13318128E+002     0.38927547E-002     0.92137937E-003
     0.59273364E+000     0.16876655E-002    -0.23341412E-002    -0.26256462E+002     0.13166392E+002     0.38876662E-002     0.96391654E-003
     0.59349355E+000     0.17748680E-002    -0.22865588E-002    -0.26178281E+002     0.13016829E+002     0.38819038E-002     0.10063483E-002
     0.59425347E+000     0.18602264E-002    -0.22359597E-002    -0.26099961E+002     0.12869395E+002     0.38754724E-002     0.10486759E-002
     0.59501338E+000     0.19435891E-002    -0.21824437E-002    -0.26021524E+002     0.12724046E+002     0.38683753E-002     0.10909000E-002
     0.59577330E+000     0.20248131E-002    -0.21261202E-002    -0.25942993E+002     0.12580740E+002     0.38606150E-002     0.11330204E-002
     0.59653321E+000     0.21037649E-002    -0.20671071E-002    -0.25864387E+002     0.12439436E+002     0.38521930E-002     0.11750360E-002
     0.59729313E+000     0.21803203E-002    -0.20055299E-002    -0.25785725E+002     0.12300095E+002     0.38431097E-002     0.12169446E-002
     0.59805304E+000     0.22543655E-002    -0.19415209E-002    -0.25707023E+002     0.12162678E+002     0.38333653E-002     0.12587433E-002
     0.59881296E+000     0.23257970E-002    -0.18752183E-002    -0.25628298E+002     0.12027149E+002     0.38229591E-002     0.13004282E-002
     0.59957287E+000     0.23945219E-002    -0.18067649E-002    -0.25549563E+002     0.11893470E+002     0.38118902E-002     0.13419946E-002
     0.60033279E+000     0.24604581E-002    -0.17363074E-002    -0.25470831E+002     0.11761608E+002     0.38001575E-002     0.13834368E-002
     0.60109270E+000     0.25235343E-002    -0.16639955E-002    -0.25392116E+002     0.11631529E+002     0.37877594E-002     0.14247484E-002
     0.60185262E+000     0.25836897E-002    -0.15899808E-002    -0.25313428E+002     0.11503201E+002     0.37746946E-002     0.14659220E-002
     0.60261253E+000     0.26408743E-002    -0.15144163E-002    -0.25234779E+002     0.11376592E+002     0.37609616E-002     0.15069497E-002
     0.60337245E+000     0.26950483E-002    -0.14374551E-002    -0.25156179E+002     0.11251672E+002     0.37465588E-002     0.15478226E-002
     0.60413236E+000     0.27461824E-002    -0.13592500E-002    -0.25077636E+002     0.11128414E+002     0.37314851E-002     0.15885312E-002
     0.60489228E+000     0.27942566E-002    -0.12799525E-002    -0.24999161E+002     0.11006787E+002     0.37157393E-002     0.16290655E-002
     0.60565219E+000     0.28392607E-002    -0.11997123E-002    -0.24920760E+002     0.10886766E+002     0.36993207E-002     0.16694148E-002
     0.60641211E+000     0.28811933E-002    -0.11186766E-002    -0.24842443E+002     0.10768325E+002     0.36822286E-002     0.17095680E-002
     0.60717202E+000     0.29200616E-002    -0.10369895E-002    -0.24764217E+002     0.10651438E+002     0.36644628E-002     0.17495132E-002
     0.60793194E+000     0.29558809E-002    -0.95479153E-003    -0.24686089E+002     0.10536080E+002     0.36460235E-002     0.17892385E-002
     0.60869185E+000     0.29886742E-002    -0.87221929E-003    -0.24608067E+002     0.10422229E+002     0.36269111E-002     0.18287311E-002
     0.60945177E+000     0.30184712E-002    -0.78940495E-003    -0.24530157E+002     0.10309862E+002     0.36071267E-002     0.18679784E-002
     0.61021168E+000     0.30453084E-002    -0.70647593E-003    -0.24452365E+002     0.10198957E+002     0.35866714E-002     0.19069671E-002
     0.61097160E+000     0.30692283E-002    -0.62355464E-003    -0.24374699E+002     0.10089492E+002     0.35655471E-002     0.19456836E-002
     0.61173151E+000     0.30902788E-002    -0.54075822E-003    -0.24297164E+002     0.99814471E+001     0.35437560E-002     0.19841144E-002
     0.61249143E+000     0.31085126E-002    -0.45819841E-003    -0.24219768E+002     0.98748016E+001     0.35213008E-002     0.20222455E-002
     0.61325134E+000     0.31239869E-002    -0.37598143E-003    -0.24142515E+002     0.97695362E+001     0.34981844E-002     0.20600629E-002
     0.61401126E+000     0.31367628E-002    -0.29420786E-003    -0.24065412E+002     0.96656320E+001     0.34744106E-002     0.20975522E-002
     0.61477117E+000     0.31469048E-002    -0.21297264E-003    -0.23988466E+002     0.95630703E+001     0.34499832E-002     0.21346992E-002
     0.61553109E+000     0.31544803E-002    -0.13236505E-003    -0.23911681E+002     0.94618331E+001     0.34249068E-002     0.21714895E-002
     0.61629100E+000     0.31595594E-002    -0.52468716E-004    -0.23835063E+002     0.93619028E+001     0.33991864E-002     0.22079085E-002
     0.61705092E+000     0.31622139E-002     0.26638350E-004    -0.23758620E+002     0.92632620E+001     0.33728273E-002     0.22439417E-002
     0.61781083E+000     0.31625174E-002     0.10488362E-003    -0.23682355E+002     0.91658938E+001     0.33458354E-002     0.22795746E-002
     0.61857075E+000     0.31605449E-002     0.18219991E-003    -0.23606276E+002     0.90697816E+001     0.33182170E-002     0.23147925E-002
     0.61933066E+000     0.31563721E-002     0.25852524E-003    -0.23530387E+002     0.89749091E+001     0.32899790E-002     0.23495810E-002
     0.62009058E+000     0.31500754E-002     0.33380272E-003    -0.23454695E+002     0.88812603E+001     0.32611286E-002     0.23839254E-002
     0.62085049E+000     0.31417315E-002     0.40798040E-003    -0.23379205E+002     0.87888194E+001     0.32316734E-002     0.24178115E-002
     0.62161041E+000     0.31314171E-002     0.48101110E-003    -0.23303921E+002     0.86975708E+001     0.32016218E-002     0.24512246E-002
     0.62237032E+000     0.31192087E-002     0.55285217E-003    -0.23228851E+002     0.86074992E+001     0.31709823E-002     0.24841505E-002
     0.62313024E+000     0.31051822E-002     0.62346530E-003    -0.23153999E+002     0.85185896E+001     0.31397641E-002     0.25165751E-002
     0.62389015E+000     0.30894129E-002     0.69281634E-003    -0.23079371E+002     0.84308269E+001     0.31079768E-002     0.25484841E-002
     0.62465007E+000     0.30719754E-002     0.76087511E-003    -0.23004971E+002     0.83441965E+001     0.30756305E-002     0.25798637E-002
     0.62540998E+000     0.30529431E-002     0.82761523E-003    -0.22930805E+002     0.82586837E+001     0.30427357E-002     0.26107000E-002
     0.62616990E+000     0.30323882E-002     0.89301381E-003    -0.22856879E+002     0.81742741E+001     0.30093035E-002     0.26409794E-002
     0.62692981E+000     0.30103818E-002     0.95705135E-003    -0.22783196E+002     0.80909533E+001     0.29753453E-002     0.26706886E-002
     0.62768973E+000     0.29869936E-002     0.10197115E-002    -0.22709763E+002     0.80087073E+001     0.29408731E-002     0.26998143E-002
     0.62844964E+000     0.29622917E-002     0.10809809E-002    -0.22636583E+002     0.79275219E+001     0.29058993E-002     0.27283435E-002
     0.62920956E+000     0.29363429E-002     0.11408488E-002    -0.22563662E+002     0.78473834E+001     0.28704369E-002     0.27562636E-002
     0.62996947E+000     0.29092122E-002     0.11993074E-002    -0.22491004E+002     0.77682778E+001     0.28344992E-002     0.27835621E-002
     0.63072939E+000     0.28809630E-002     0.12563510E-002    -0.22418613E+002     0.76901915E+001     0.27981001E-002     0.28102269E-002
     0.63148930E+000     0.28516571E-002     0.13119761E-002    -0.22346494E+002     0.76131109E+001     0.27612539E-002     0.28362463E-002
     0.63224922E+000     0.28213547E-002     0.13661816E-002    -0.22274652E+002     0.75370227E+001     0.27239753E-002     0.28616089E-002
     0.63300913E+000     0.27901141E-002     0.14189681E-002    -0.22203089E+002     0.74619133E+001     0.26862794E-002     0.28863035E-002
     0.63376905E+000     0.27579922E-002     0.14703382E-002    -0.22131811E+002     0.73877697E+001     0.26481820E-002     0.29103196E-002
     0.63452896E+000     0.27250439E-002     0.15202959E-002    -0.22060820E+002     0.73145786E+001     0.26096990E-002     0.29336469E-002
     0.63528888E+000     0.26913225E-002     0.15688469E-002    -0.21990121E+002     0.72423270E+001     0.25708468E-002     0.29562757E-002
     0.63604879E+000     0.26568798E-002     0.16159983E-002    -0.21919718E+002     0.71710020E+001     0.25316423E-002     0.29781967E-002
     0.63680871E+000     0.26217655E-002     0.16617583E-002    -0.21849612E+002     0.71005907E+001     0.24921027E-002     0.29994010E-002
     0.63756862E+000     0.25860283E-002     0.17061365E-002    -0.21779809E+002     0.70310806E+001     0.24522455E-002     0.30198804E-002
     0.63832854E+000     0.25497149E-002     0.17491433E-002    -0.21710310E+002     0.69624588E+001     0.24120886E-002     0.30396271E-002
     0.63908845E+000     0.25128706E-002     0.17907904E-002    -0.21641120E+002     0.68947131E+001     0.23716502E-002     0.30586339E-002
     0.63984837E+000     0.24755390E-002     0.18310902E-002    -0.21572240E+002     0.68278309E+001     0.23309489E-002     0.30768942E-002
     0.64060828E+000     0.24377625E-002     0.18700559E-002    -0.21503673E+002     0.67618000E+001     0.22900032E-002     0.30944019E-002
     0.64136820E+000     0.23995818E-002     0.19077016E-002    -0.21435422E+002     0.66966082E+001     0.22488323E-002     0.31111516E-002
     0.64212811E+000     0.23610362E-002     0.19440419E-002    -0.21367489E+002     0.66322434E+001     0.22074553E-002     0.31271385E-002
     0.64288802E+000     0.23221637E-002     0.19790920E-002    -0.21299876E+002     0.65686938E+001     0.21658917E-002     0.31423585E-002
     0.64364794E+000     0.22830010E-002     0.20128678E-002    -0.21232586E+002     0.65059475E+001     0.21241610E-002     0.31568079E-002
     0.64440785E+000     0.22435835E-002     0.20453855E-002    -0.21165621E+002     0.64439928E+001     0.20822830E-002     0.31704839E-002
     0.64516777E+000     0.22039451E-002     0.20766619E-002    -0.21098982E+002     0.63828181E+001     0.20402773E-002     0.31833843E-002
     0.64592768E+000     0.21641187E-002     0.21067140E-002    -0.21032670E+002     0.63224120E+001     0.19981639E-002     0.31955075E-002
     0.64668760E+000     0.21241361E-002     0.21355594E-002    -0.20966688E+002     0.62627631E+001     0.19559627E-002     0.32068527E-002
     0.64744751E+000     0.20840276E-002     0.21632159E-002    -0.20901037E+002     0.62038601E+001     0.19136937E-002     0.32174196E-002
     0.64820743E+000     0.20438227E-002     0.21897014E-002    -0.20835717E+002     0.61456921E+001     0.18713766E-002     0.32272088E-002
     0.64896734E+000     0.20035497E-002     0.22150344E-002    -0.20770731E+002     0.60882480E+001     0.18290314E-002     0.32362213E-002
     0.64972726E+000     0.19632358E-002     0.22392333E-002    -0.20706079E+002     0.60315170E+001     0.17866779E-002     0.32444590E-002
     0.65048717E+000     0.19229072E-002     0.22623169E-002    -0.20641762E+002     0.59754883E+001     0.17443356E-002     0.32519244E-002
     0.65124709E+000     0.18825892E-002     0.22843041E-002    -0.20577781E+002     0.59201515E+001     0.17020242E-002     0.32586207E-002
     0.65200700E+000     0.18423059E-002     0.23052138E-002    -0.20514136E+002     0.58654960E+001     0.16597630E-002     0.32645516E-002
     0.65276692E+000     0.18020808E-002     0.23250653E-002    -0.20450828E+002     0.58115115E+001     0.16175711E-002     0.32697216E-002
     0.65352683E+000     0.17619361E-002     0.23438776E-002    -0.20387857E+002     0.57581879E+001     0.15754675E-002     0.32741358E-002
     0.65428675E+000     0.17218936E-002     0.23616703E-002    -0.20325224E+002     0.57055150E+001     0.15334708E-002     0.32777999E-002
     0.65504666E+000     0.16819738E-002     0.23784626E-002    -0.20262928E+002     0.56534830E+001     0.14915994E-002     0.32807202E-002
     0.65580658E+000     0.16421965E-002     0.23942740E-002    -0.20200970E+002     0.56020821E+001     0.14498715E-002     0.32829036E-002
     0.65656649E+000     0.16025807E-002     0.24091241E-002    -0.20139350E+002     0.55513026E+001     0.14083046E-002     0.32843575E-002
     0.65732641E+000     0.15631447E-002     0.24230322E-002    -0.20078067E+002     0.55011350E+001     0.13669164E-002     0.32850900E-002
     0.65808632E+000     0.15239059E-002     0.24360180E-002    -0.20017122E+002     0.54515699E+001     0.13257237E-002     0.32851097E-002
     0.65884624E+000     0.14848809E-002     0.24481009E-002    -0.19956513E+002     0.54025980E+001     0.12847433E-002     0.32844255E-002
     0.65960615E+000     0.14460856E-002     0.24593004E-002    -0.19896241E+002     0.53542103E+001     0.12439912E-002     0.32830472E-002
     0.66036607E+000     0.14075353E-002     0.24696360E-002    -0.19836305E+002     0.53063978E+001     0.12034834E-002     0.32809847E-002
     0.66112598E+000     0.13692444E-002     0.24791271E-002    -0.19776704E+002     0.52591517E+001     0.11632352E-002     0.32782485E-002
     0.66188590E+000     0.13312267E-002     0.24877931E-002    -0.19717437E+002     0.52124632E+001     0.11232613E-002     0.32748496E-002
     0.66264581E+000     0.12934954E-002     0.24956532E-002    -0.19658505E+002     0.51663237E+001     0.10835763E-002     0.32707993E-002
     0.66340573E+000     0.12560628E-002     0.25027269E-002    -0.19599905E+002     0.51207248E+001     0.10441940E-002     0.32661092E-002
     0.66416564E+000     0.12189408E-002     0.25090331E-002    -0.19541638E+002     0.50756583E+001     0.10051278E-002     0.32607915E-002
     0.66492556E+000     0.11821406E-002     0.25145909E-002    -0.19483702E+002     0.50311159E+001     0.96639061E-003     0.32548585E-002
     0.66568547E+000     0.11456728E-002     0.25194194E-002    -0.19426096E+002     0.49870896E+001     0.92799477E-003     0.32483230E-002
     0.66644539E+000     0.11095472E-002     0.25235373E-002    -0.19368819E+002     0.49435715E+001     0.88995215E-003     0.32411978E-002
     0.66720530E+000     0.10737733E-002     0.25269634E-002    -0.19311869E+002     0.49005538E+001     0.85227403E-003     0.32334963E-002
     0.66796522E+000     0.10383598E-002     0.25297164E-002    -0.19255246E+002     0.48580289E+001     0.81497121E-003     0.32252319E-002
     0.66872513E+000     0.10033149E-002     0.25318147E-002    -0.19198949E+002     0.48159892E+001     0.77805391E-003     0.32164183E-002
     0.66948505E+000     0.96864631E-003     0.25332766E-002    -0.19142975E+002     0.47744274E+001     0.74153182E-003     0.32070693E-002
     0.67024496E+000     0.93436108E-003     0.25341204E-002    -0.19087324E+002     0.47333363E+001     0.70541409E-003     0.31971990E-002
     0.67100488E+000     0.90046580E-003     0.25343640E-002    -0.19031994E+002     0.46927086E+001     0.66970934E-003     0.31868214E-002
     0.67176479E+000     0.86696651E-003     0.25340253E-002    -0.18976983E+002     0.46525374E+001     0.63442564E-003     0.31759509E-002
     0.67252471E+000     0.83386875E-003     0.25331219E-002    -0.18922291E+002     0.46128157E+001     0.59957052E-003     0.31646019E-002
     0.67328462E+000     0.80117760E-003     0.25316714E-002    -0.18867915E+002     0.45735369E+001     0.56515099E-003     0.31527886E-002
     0.67404454E+000     0.76889760E-003     0.25296909E-002    -0.18813854E+002     0.45346943E+001     0.53117352E-003     0.31405256E-002
     0.67480445E+000     0.73703288E-003     0.25271976E-002    -0.18760106E+002     0.44962813E+001     0.49764407E-003     0.31278273E-002
     0.67556437E+000     0.70558708E-003     0.25242083E-002    -0.18706670E+002     0.44582916E+001     0.46456808E-003     0.31147083E-002
     0.67632428E+000     0.67456342E-003     0.25207397E-002    -0.18653544E+002     0.44207188E+001     0.43195049E-003     0.31011830E-002
     0.67708420E+000     0.64396464E-003     0.25168083E-002    -0.18600727E+002     0.43835568E+001     0.39979572E-003     0.30872659E-002
     0.67784411E+000     0.61379307E-003     0.25124302E-002    -0.18548216E+002     0.43467995E+001     0.36810774E-003     0.30729713E-002
     0.67860403E+000     0.58405060E-003     0.25076215E-002    -0.18496009E+002     0.43104411E+001     0.33689000E-003     0.30583135E-002
     0.67936394E+000     0.55473877E-003     0.25023979E-002    -0.18444106E+002     0.42744755E+001     0.30614549E-003     0.30433068E-002
     0.68012386E+000     0.52585872E-003     0.24967748E-002    -0.18392504E+002     0.42388971E+001     0.27587677E-003     0.30279653E-002
     0.68088377E+000     0.49741121E-003     0.24907675E-002    -0.18341202E+002     0.42037004E+001     0.24608592E-003     0.30123030E-002
     0.68164369E+000     0.46939665E-003     0.24843909E-002    -0.18290197E+002     0.41688797E+001     0.21677459E-003     0.29963337E-002
     0.68240360E+000     0.44181510E-003     0.24776597E-002    -0.18239488E+002     0.41344296E+001     0.18794403E-003     0.29800712E-002
     0.68316352E+000     0.41466627E-003     0.24705885E-002    -0.18189073E+002     0.41003449E+001     0.15959504E-003     0.29635290E-002
     0.68392343E+000     0.38794960E-003     0.24631913E-002    -0.18138950E+002     0.40666203E+001     0.13172806E-003     0.29467205E-002
     0.68468335E+000     0.36166415E-003     0.24554822E-002    -0.18089117E+002     0.40332506E+001     0.10434311E-003     0.29296589E-002
     0.68544326E+000     0.33580869E-003     0.24474747E-002    -0.18039573E+002     0.40002310E+001     0.77439884E-004     0.29123573E-002
     0.68620318E+000     0.31038171E-003     0.24391822E-002    -0.17990315E+002     0.39675564E+001     0.51017675E-004     0.28948283E-002
     0.68696309E+000     0.28538143E-003     0.24306177E-002    -0.17941342E+002     0.39352220E+001     0.25075452E-004     0.28770847E-002
     0.68772301E+000     0.26080580E-003     0.24217941E-002    -0.17892652E+002     0.39032231E+001    -0.38814990E-006     0.28591387E-002
     0.68848292E+000     0.23665249E-003     0.24127239E-002    -0.17844243E+002     0.38715550E+001    -0.25374812E-004     0.28410026E-002
     0.68924284E+000     0.21291898E-003     0.24034193E-002    -0.17796113E+002     0.38402131E+001    -0.49886520E-004     0.28226882E-002
     0.69000275E+000     0.18960249E-003     0.23938922E-002    -0.17748260E+002     0.38091930E+001    -0.73925546E-004     0.28042072E-002
     0.69076267E+000     0.16670002E-003     0.23841543E-002    -0.17700683E+002     0.37784903E+001    -0.97494442E-004     0.27855711E-002
     0.69152258E+000     0.14420836E-003     0.23742169E-002    -0.17653379E+002     0.37481006E+001    -0.12059602E-003     0.27667909E-002
     0.69228249E+000     0.12212413E-003     0.23640910E-002    -0.17606346E+002     0.37180197E+001    -0.14323334E-003     0.27478776E-002
     0.69304241E+000     0.10044375E-003     0.23537876E-002    -0.17559584E+002     0.36882435E+001    -0.16540969E-003     0.27288420E-002
     0.69380232E+000     0.79163453E-004     0.23433170E-002    -0.17513090E+002     0.36587678E+001    -0.18712860E-003     0.27096942E-002
     0.69456224E+000     0.58279321E-004     0.23326895E-002    -0.17466861E+002     0.36295886E+001    -0.20839378E-003     0.26904447E-002
     0.69532215E+000     0.37787268E-004     0.23219150E-002    -0.17420897E+002     0.36007021E+001    -0.22920918E-003     0.26711030E-002
     0.69608207E+000     0.17683079E-004     0.23110032E-002    -0.17375196E+002     0.35721044E+001    -0.24957888E-003     0.26516790E-002
     0.69684198E+000    -0.20375820E-005     0.22999632E-002    -0.17329755E+002     0.35437916E+001    -0.26950717E-003     0.26321819E-002
     0.69760190E+000    -0.21379181E-004     0.22888044E-002    -0.17284574E+002     0.35157600E+001    -0.28899849E-003     0.26126209E-002
     0.69836181E+000    -0.40346290E-004     0.22775353E-002    -0.17239649E+002     0.34880060E+001    -0.30805742E-003     0.25930047E-002
     0.69912173E+000    -0.58943589E-004     0.22661646E-002    -0.17194980E+002     0.34605260E+001    -0.32668868E-003     0.25733418E-002
     0.69988164E+000    -0.77175864E-004     0.22547005E-002    -0.17150565E+002     0.34333165E+001    -0.34489713E-003     0.25536406E-002
     0.70064156E+000    -0.95047992E-004     0.22431510E-002    -0.17106401E+002     0.34063739E+001    -0.36268773E-003     0.25339092E-002
     0.70140147E+000    -0.11256492E-003     0.22315238E-002    -0.17062488E+002     0.33796949E+001    -0.38006553E-003     0.25141552E-002
     0.70216139E+000    -0.12973166E-003     0.22198263E-002    -0.17018823E+002     0.33532762E+001    -0.39703571E-003     0.24943861E-002
     0.70292130E+000    -0.14655327E-003     0.22080657E-002    -0.16975404E+002     0.33271144E+001    -0.41360352E-003     0.24746093E-002
     0.70368122E+000    -0.16303486E-003     0.21962489E-002    -0.16932231E+002     0.33012064E+001    -0.42977425E-003     0.24548318E-002
     0.70444113E+000    -0.17918160E-003     0.21843826E-002    -0.16889301E+002     0.32755489E+001    -0.44555332E-003     0.24350602E-002
     0.70520105E+000    -0.19499869E-003     0.21724732E-002    -0.16846613E+002     0.32501388E+001    -0.46094615E-003     0.24153011E-002
     0.70596096E+000    -0.21049134E-003     0.21605270E-002    -0.16804164E+002     0.32249731E+001    -0.47595824E-003     0.23955609E-002
     0.70672088E+000    -0.22566481E-003     0.21485498E-002    -0.16761954E+002     0.32000487E+001    -0.49059513E-003     0.23758455E-002
     0.70748079E+000    -0.24052436E-003     0.21365474E-002    -0.16719981E+002     0.31753627E+001    -0.50486237E-003     0.23561607E-002
     0.70824071E+000    -0.25507529E-003     0.21245252E-002    -0.16678243E+002     0.31509121E+001    -0.51876556E-003     0.23365121E-002
     0.70900062E+000    -0.26932287E-003     0.21124885E-002    -0.16636738E+002     0.31266941E+001    -0.53231031E-003     0.23169051E-002
     0.70976054E+000    -0.28327237E-003     0.21004424E-002    -0.16595466E+002     0.31027059E+001    -0.54550224E-003     0.22973448E-002
     0.71052045E+000    -0.29692908E-003     0.20883917E-002    -0.16554423E+002     0.30789447E+001    -0.55834698E-003     0.22778362E-002
     0.71128037E+000    -0.31029827E-003     0.20763409E-002    -0.16513610E+002     0.30554077E+001    -0.57085015E-003     0.22583838E-002
     0.71204028E+000    -0.32338517E-003     0.20642944E-002    -0.16473023E+002     0.30320923E+001    -0.58301738E-003     0.22389924E-002
     0.71280020E+000    -0.33619499E-003     0.20522565E-002    -0.16432663E+002     0.30089958E+001    -0.59485428E-003     0.22196661E-002
     0.71356011E+000    -0.34873291E-003     0.20402312E-002    -0.16392526E+002     0.29861157E+001    -0.60636644E-003     0.22004091E-002
     0.71432003E+000    -0.36100409E-003     0.20282222E-002    -0.16352612E+002     0.29634493E+001    -0.61755943E-003     0.21812253E-002
     0.71507994E+000    -0.37301366E-003     0.20162332E-002    -0.16312920E+002     0.29409941E+001    -0.62843880E-003     0.21621185E-002
     0.71583986E+000    -0.38476669E-003     0.20042677E-002    -0.16273447E+002     0.29187477E+001    -0.63901006E-003     0.21430922E-002
     0.71659977E+000    -0.39626822E-003     0.19923288E-002    -0.16234192E+002     0.28967076E+001    -0.64927871E-003     0.21241498E-002
     0.71735969E+000    -0.40752324E-003     0.19804198E-002    -0.16195154E+002     0.28748714E+001    -0.65925018E-003     0.21052945E-002
     0.71811960E+000    -0.41853668E-003     0.19685436E-002    -0.16156332E+002     0.28532367E+001    -0.66892988E-003     0.20865293E-002
     0.71887952E+000    -0.42931345E-003     0.19567029E-002    -0.16117723E+002     0.28318012E+001    -0.67832318E-003     0.20678573E-002
     0.71963943E+000    -0.43985840E-003     0.19449003E-002    -0.16079327E+002     0.28105626E+001    -0.68743538E-003     0.20492810E-002
     0.72039935E+000    -0.45017631E-003     0.19331384E-002    -0.16041142E+002     0.27895186E+001    -0.69627176E-003     0.20308031E-002
     0.72115926E+000    -0.46027187E-003     0.19214194E-002    -0.16003167E+002     0.27686670E+001    -0.70483753E-003     0.20124261E-002
     0.72191918E+000    -0.47014972E-003     0.19097456E-002    -0.15965400E+002     0.27480055E+001    -0.71313785E-003     0.19941522E-002
     0.72267909E+000    -0.47981448E-003     0.18981190E-002    -0.15927840E+002     0.27275321E+001    -0.72117783E-003     0.19759836E-002
     0.72343901E+000    -0.48927070E-003     0.18865416E-002    -0.15890486E+002     0.27072446E+001    -0.72896251E-003     0.19579223E-002
     0.72419892E+000    -0.49852286E-003     0.18750151E-002    -0.15853336E+002     0.26871408E+001    -0.73649688E-003     0.19399703E-002
     0.72495884E+000    -0.50757536E-003     0.18635412E-002    -0.15816389E+002     0.26672187E+001    -0.74378586E-003     0.19221293E-002
     0.72571875E+000    -0.51643251E-003     0.18521214E-002    -0.15779644E+002     0.26474762E+001    -0.75083433E-003     0.19044010E-002
     0.72647867E+000    -0.52509855E-003     0.18407571E-002    -0.15743099E+002     0.26279114E+001    -0.75764709E-003     0.18867870E-002
     0.72723858E+000    -0.53357766E-003     0.18294498E-002    -0.15706753E+002     0.26085222E+001    -0.76422887E-003     0.18692887E-002
     0.72799850E+000    -0.54187396E-003     0.18182007E-002    -0.15670606E+002     0.25893066E+001    -0.77058435E-003     0.18519074E-002
     0.72875841E+000    -0.54999153E-003     0.18070109E-002    -0.15634654E+002     0.25702628E+001    -0.77671814E-003     0.18346444E-002
     0.72951833E+000    -0.55793432E-003     0.17958814E-002    -0.15598898E+002     0.25513888E+001    -0.78263477E-003     0.18175009E-002
     0.73027824E+000    -0.56570623E-003     0.17848132E-002    -0.15563336E+002     0.25326827E+001    -0.78833873E-003     0.18004778E-002
     0.73103816E+000    -0.57331107E-003     0.17738071E-002    -0.15527967E+002     0.25141427E+001    -0.79383442E-003     0.17835761E-002
     0.73179807E+000    -0.58075260E-003     0.17628639E-002    -0.15492789E+002     0.24957669E+001    -0.79912620E-003     0.17667968E-002
     0.73255799E+000    -0.58803449E-003     0.17519844E-002    -0.15457802E+002     0.24775536E+001    -0.80421832E-003     0.17501405E-002
     0.73331790E+000    -0.59516036E-003     0.17411691E-002    -0.15423004E+002     0.24595009E+001    -0.80911500E-003     0.17336080E-002
     0.73407782E+000    -0.60213378E-003     0.17304185E-002    -0.15388394E+002     0.24416070E+001    -0.81382039E-003     0.17171999E-002
     0.73483773E+000    -0.60895819E-003     0.17197332E-002    -0.15353971E+002     0.24238704E+001    -0.81833855E-003     0.17009169E-002
     0.73559765E+000    -0.61563698E-003     0.17091135E-002    -0.15319733E+002     0.24062891E+001    -0.82267350E-003     0.16847592E-002
     0.73635756E+000    -0.62217345E-003     0.16985598E-002    -0.15285680E+002     0.23888616E+001    -0.82682917E-003     0.16687275E-002
     0.73711748E+000    -0.62857086E-003     0.16880724E-002    -0.15251811E+002     0.23715861E+001    -0.83080945E-003     0.16528220E-002
     0.73787739E+000    -0.63483237E-003     0.16776515E-002    -0.15218123E+002     0.23544611E+001    -0.83461814E-003     0.16370430E-002
     0.73863731E+000    -0.64096109E-003     0.16672972E-002    -0.15184617E+002     0.23374848E+001    -0.83825899E-003     0.16213908E-002
     0.73939722E+000    -0.64696005E-003     0.16570097E-002    -0.15151290E+002     0.23206557E+001    -0.84173569E-003     0.16058655E-002
     0.74015714E+000    -0.65283223E-003     0.16467891E-002    -0.15118143E+002     0.23039722E+001    -0.84505184E-003     0.15904673E-002
     0.74091705E+000    -0.65858055E-003     0.16366354E-002    -0.15085173E+002     0.22874328E+001    -0.84821100E-003     0.15751962E-002
     0.74167696E+000    -0.66420783E-003     0.16265486E-002    -0.15052380E+002     0.22710358E+001    -0.85121667E-003     0.15600522E-002
     0.74243688E+000    -0.66971684E-003     0.16165286E-002    -0.15019762E+002     0.22547798E+001    -0.85407227E-003     0.15450354E-002
     0.74319679E+000    -0.67511027E-003     0.16065753E-002    -0.14987319E+002     0.22386632E+001    -0.85678117E-003     0.15301456E-002
     0.74395671E+000    -0.68039077E-003     0.15966886E-002    -0.14955049E+002     0.22226846E+001    -0.85934668E-003     0.15153827E-002
     0.74471662E+000    -0.68556092E-003     0.15868683E-002    -0.14922952E+002     0.22068424E+001    -0.86177205E-003     0.15007467E-002
     0.74547654E+000    -0.69062323E-003     0.15771143E-002    -0.14891026E+002     0.21911353E+001    -0.86406047E-003     0.14862372E-002
     0.74623645E+000    -0.69558014E-003     0.15674262E-002    -0.14859270E+002     0.21755618E+001    -0.86621506E-003     0.14718540E-002
     0.74699637E+000    -0.70043404E-003     0.15578038E-002    -0.14827683E+002     0.21601205E+001    -0.86823891E-003     0.14575970E-002
     0.74775628E+000    -0.70518725E-003     0.15482469E-002    -0.14796265E+002     0.21448100E+001    -0.87013501E-003     0.14434657E-002
     0.74851620E+000    -0.70984206E-003     0.15387551E-002    -0.14765014E+002     0.21296290E+001    -0.87190635E-003     0.14294599E-002
     0.74927611E+000    -0.71440068E-003     0.15293281E-002    -0.14733929E+002     0.21145759E+001    -0.87355582E-003     0.14155792E-002
     0.75003603E+000    -0.71886530E-003     0.15199656E-002    -0.14703009E+002     0.20996496E+001    -0.87508628E-003     0.14018231E-002
     0.75079594E+000    -0.72323802E-003     0.15106672E-002    -0.14672253E+002     0.20848487E+001    -0.87650052E-003     0.13881913E-002
     0.75155586E+000    -0.72752085E-003     0.15014324E-002    -0.14641661E+002     0.20701718E+001    -0.87780128E-003     0.13746834E-002
     0.75231577E+000    -0.73171580E-003     0.14922609E-002    -0.14611231E+002     0.20556176E+001    -0.87899127E-003     0.13612988E-002
     0.75307569E+000    -0.73582483E-003     0.14831523E-002    -0.14580962E+002     0.20411850E+001    -0.88007313E-003     0.13480370E-002
     0.75383560E+000    -0.73984984E-003     0.14741062E-002    -0.14550854E+002     0.20268726E+001    -0.88104944E-003     0.13348976E-002
     0.75459552E+000    -0.74379268E-003     0.14651220E-002    -0.14520904E+002     0.20126792E+001    -0.88192276E-003     0.13218800E-002
     0.75535543E+000    -0.74765516E-003     0.14561993E-002    -0.14491113E+002     0.19986035E+001    -0.88269558E-003     0.13089836E-002
     0.75611535E+000    -0.75143903E-003     0.14473377E-002    -0.14461480E+002     0.19846443E+001    -0.88337034E-003     0.12962079E-002
     0.75687526E+000    -0.75514598E-003     0.14385366E-002    -0.14432003E+002     0.19708004E+001    -0.88394945E-003     0.12835522E-002
     0.75763518E+000    -0.75877766E-003     0.14297956E-002    -0.14402682E+002     0.19570707E+001    -0.88443526E-003     0.12710160E-002
     0.75839509E+000    -0.76233569E-003     0.14211142E-002    -0.14373515E+002     0.19434539E+001    -0.88483008E-003     0.12585986E-002
     0.75915501E+000    -0.76582166E-003     0.14124919E-002    -0.14344502E+002     0.19299489E+001    -0.88513618E-003     0.12462994E-002
     0.75991492E+000    -0.76923711E-003     0.14039282E-002    -0.14315642E+002     0.19165545E+001    -0.88535578E-003     0.12341176E-002
     0.76067484E+000    -0.77258352E-003     0.13954225E-002    -0.14286934E+002     0.19032697E+001    -0.88549105E-003     0.12220528E-002
     0.76143475E+000    -0.77586232E-003     0.13869744E-002    -0.14258377E+002     0.18900932E+001    -0.88554414E-003     0.12101040E-002
     0.76219467E+000    -0.77907493E-003     0.13785833E-002    -0.14229971E+002     0.18770240E+001    -0.88551714E-003     0.11982707E-002
     0.76295458E+000    -0.78222274E-003     0.13702487E-002    -0.14201713E+002     0.18640610E+001    -0.88541211E-003     0.11865522E-002
     0.76371450E+000    -0.78530708E-003     0.13619701E-002    -0.14173604E+002     0.18512031E+001    -0.88523105E-003     0.11749476E-002
     0.76447441E+000    -0.78832925E-003     0.13537470E-002    -0.14145643E+002     0.18384492E+001    -0.88497595E-003     0.11634564E-002
     0.76523433E+000    -0.79129052E-003     0.13455788E-002    -0.14117828E+002     0.18257984E+001    -0.88464874E-003     0.11520777E-002
     0.76599424E+000    -0.79419213E-003     0.13374650E-002    -0.14090159E+002     0.18132494E+001    -0.88425131E-003     0.11408108E-002
     0.76675416E+000    -0.79703526E-003     0.13294051E-002    -0.14062635E+002     0.18008014E+001    -0.88378555E-003     0.11296550E-002
     0.76751407E+000    -0.79982108E-003     0.13213986E-002    -0.14035255E+002     0.17884533E+001    -0.88325325E-003     0.11186094E-002
     0.76827399E+000    -0.80255072E-003     0.13134449E-002    -0.14008018E+002     0.17762040E+001    -0.88265623E-003     0.11076734E-002
     0.76903390E+000    -0.80522528E-003     0.13055435E-002    -0.13980924E+002     0.17640527E+001    -0.88199622E-003     0.10968461E-002
     0.76979382E+000    -0.80784583E-003     0.12976939E-002    -0.13953972E+002     0.17519983E+001    -0.88127495E-003     0.10861267E-002
     0.77055373E+000    -0.81041343E-003     0.12898957E-002    -0.13927161E+002     0.17400398E+001    -0.88049411E-003     0.10755145E-002
     0.77131365E+000    -0.81292909E-003     0.12821482E-002    -0.13900489E+002     0.17281764E+001    -0.87965534E-003     0.10650087E-002
     0.77207356E+000    -0.81539382E-003     0.12744511E-002    -0.13873957E+002     0.17164069E+001    -0.87876028E-003     0.10546085E-002
     0.77283348E+000    -0.81780857E-003     0.12668037E-002    -0.13847563E+002     0.17047306E+001    -0.87781049E-003     0.10443130E-002
     0.77359339E+000    -0.82017428E-003     0.12592055E-002    -0.13821307E+002     0.16931465E+001    -0.87680754E-003     0.10341215E-002
     0.77435331E+000    -0.82249186E-003     0.12516562E-002    -0.13795188E+002     0.16816536E+001    -0.87575295E-003     0.10240332E-002
     0.77511322E+000    -0.82476219E-003     0.12441551E-002    -0.13769205E+002     0.16702511E+001    -0.87464822E-003     0.10140472E-002
     0.77587314E+000    -0.82698614E-003     0.12367018E-002    -0.13743357E+002     0.16589380E+001    -0.87349481E-003     0.10041627E-002
     0.77663305E+000    -0.82916456E-003     0.12292959E-002    -0.13717644E+002     0.16477136E+001    -0.87229415E-003     0.99437894E-003
     0.77739297E+000    -0.83129828E-003     0.12219367E-002    -0.13692064E+002     0.16365769E+001    -0.87104764E-003     0.98469508E-003
     0.77815288E+000    -0.83338807E-003     0.12146240E-002    -0.13666618E+002     0.16255270E+001    -0.86975668E-003     0.97511031E-003
     0.77891280E+000    -0.83543471E-003     0.12073571E-002    -0.13641304E+002     0.16145631E+001    -0.86842259E-003     0.96562379E-003
     0.77967271E+000    -0.83743894E-003     0.12001356E-002    -0.13616121E+002     0.16036844E+001    -0.86704671E-003     0.95623470E-003
     0.78043263E+000    -0.83940151E-003     0.11929591E-002    -0.13591069E+002     0.15928900E+001    -0.86563033E-003     0.94694223E-003
     0.78119254E+000    -0.84132314E-003     0.11858272E-002    -0.13566148E+002     0.15821792E+001    -0.86417471E-003     0.93774554E-003
     0.78195246E+000    -0.84320454E-003     0.11787393E-002    -0.13541355E+002     0.15715510E+001    -0.86268110E-003     0.92864381E-003
     0.78271237E+000    -0.84504639E-003     0.11716952E-002    -0.13516691E+002     0.15610047E+001    -0.86115072E-003     0.91963623E-003
     0.78347229E+000    -0.84684935E-003     0.11646942E-002    -0.13492155E+002     0.15505395E+001    -0.85958475E-003     0.91072196E-003
     0.78423220E+000    -0.84861408E-003     0.11577360E-002    -0.13467747E+002     0.15401547E+001    -0.85798436E-003     0.90190019E-003
     0.78499212E+000    -0.85034120E-003     0.11508201E-002    -0.13443464E+002     0.15298494E+001    -0.85635069E-003     0.89317009E-003
     0.78575203E+000    -0.85203130E-003     0.11439462E-002    -0.13419308E+002     0.15196228E+001    -0.85468486E-003     0.88453084E-003
     0.78651195E+000    -0.85368498E-003     0.11371139E-002    -0.13395276E+002     0.15094742E+001    -0.85298797E-003     0.87598163E-003
     0.78727186E+000    -0.85530284E-003     0.11303226E-002    -0.13371369E+002     0.14994029E+001    -0.85126108E-003     0.86752163E-003
     0.78803178E+000    -0.85688546E-003     0.11235722E-002    -0.13347586E+002     0.14894082E+001    -0.84950525E-003     0.85915003E-003
     0.78879169E+000    -0.85843338E-003     0.11168621E-002    -0.13323926E+002     0.14794892E+001    -0.84772150E-003     0.85086602E-003
     0.78955161E+000    -0.85994717E-003     0.11101919E-002    -0.13300387E+002     0.14696453E+001    -0.84591084E-003     0.84266877E-003
     0.79031152E+000    -0.86142734E-003     0.11035613E-002    -0.13276971E+002     0.14598757E+001    -0.84407424E-003     0.83455749E-003
     0.79107143E+000    -0.86287441E-003     0.10969700E-002    -0.13253676E+002     0.14501798E+001    -0.84221268E-003     0.82653136E-003
     0.79183135E+000    -0.86428885E-003     0.10904175E-002    -0.13230501E+002     0.14405568E+001    -0.84032709E-003     0.81858958E-003
     0.79259126E+000    -0.86567118E-003     0.10839035E-002    -0.13207445E+002     0.14310060E+001    -0.83841840E-003     0.81073134E-003
     0.79335118E+000    -0.86702188E-003     0.10774276E-002    -0.13184509E+002     0.14215268E+001    -0.83648750E-003     0.80295585E-003
     0.79411109E+000    -0.86834146E-003     0.10709896E-002    -0.13161691E+002     0.14121185E+001    -0.83453528E-003     0.79526230E-003
     0.79487101E+000    -0.86963037E-003     0.10645890E-002    -0.13138991E+002     0.14027804E+001    -0.83256260E-003     0.78764991E-003
     0.79563092E+000    -0.87088904E-003     0.10582255E-002    -0.13116407E+002     0.13935119E+001    -0.83057030E-003     0.78011788E-003
     0.79639084E+000    -0.87211791E-003     0.10518987E-002    -0.13093941E+002     0.13843122E+001    -0.82855921E-003     0.77266542E-003
     0.79715075E+000    -0.87331740E-003     0.10456084E-002    -0.13071590E+002     0.13751809E+001    -0.82653013E-003     0.76529176E-003
     0.79791067E+000    -0.87448794E-003     0.10393542E-002    -0.13049354E+002     0.13661171E+001    -0.82448386E-003     0.75799610E-003
     0.79867058E+000    -0.87562991E-003     0.10331359E-002    -0.13027233E+002     0.13571203E+001    -0.82242115E-003     0.75077768E-003
     0.79943050E+000    -0.87674374E-003     0.10269530E-002    -0.13005226E+002     0.13481898E+001    -0.82034277E-003     0.74363572E-003
     0.80019041E+000    -0.87782983E-003     0.10208054E-002    -0.12983332E+002     0.13393251E+001    -0.81824946E-003     0.73656945E-003
     0.80095033E+000    -0.87888856E-003     0.10146927E-002    -0.12961552E+002     0.13305255E+001    -0.81614192E-003     0.72957811E-003
     0.80171024E+000    -0.87992033E-003     0.10086147E-002    -0.12939883E+002     0.13217905E+001    -0.81402086E-003     0.72266093E-003
     0.80247016E+000    -0.88092550E-003     0.10025709E-002    -0.12918326E+002     0.13131193E+001    -0.81188698E-003     0.71581717E-003
     0.80323007E+000    -0.88190444E-003     0.99656126E-003    -0.12896880E+002     0.13045115E+001    -0.80974094E-003     0.70904605E-003
     0.80398999E+000    -0.88285751E-003     0.99058536E-003    -0.12875544E+002     0.12959664E+001    -0.80758339E-003     0.70234685E-003
     0.80474990E+000    -0.88378506E-003     0.98464296E-003    -0.12854318E+002     0.12874835E+001    -0.80541498E-003     0.69571881E-003
     0.80550982E+000    -0.88468743E-003     0.97873379E-003    -0.12833201E+002     0.12790621E+001    -0.80323633E-003     0.68916119E-003
     0.80626973E+000    -0.88556496E-003     0.97285758E-003    -0.12812193E+002     0.12707018E+001    -0.80104805E-003     0.68267326E-003
     0.80702965E+000    -0.88641795E-003     0.96701408E-003    -0.12791293E+002     0.12624019E+001    -0.79885074E-003     0.67625430E-003
     0.80778956E+000    -0.88724676E-003     0.96120305E-003    -0.12770501E+002     0.12541620E+001    -0.79664497E-003     0.66990357E-003
     0.80854948E+000    -0.88805171E-003     0.95542424E-003    -0.12749816E+002     0.12459814E+001    -0.79443133E-003     0.66362035E-003
     0.80930939E+000    -0.88883311E-003     0.94967739E-003    -0.12729237E+002     0.12378596E+001    -0.79221035E-003     0.65740394E-003
     0.81006931E+000    -0.88959126E-003     0.94396225E-003    -0.12708763E+002     0.12297961E+001    -0.78998258E-003     0.65125361E-003
     0.81082922E+000    -0.89032647E-003     0.93827859E-003    -0.12688396E+002     0.12217903E+001    -0.78774855E-003     0.64516866E-003
     0.81158914E+000    -0.89103901E-003     0.93262619E-003    -0.12668133E+002     0.12138418E+001    -0.78550877E-003     0.63914840E-003
     0.81234905E+000    -0.89172919E-003     0.92700483E-003    -0.12647974E+002     0.12059499E+001    -0.78326374E-003     0.63319212E-003
     0.81310897E+000    -0.89239730E-003     0.92141429E-003    -0.12627919E+002     0.11981143E+001    -0.78101395E-003     0.62729914E-003
     0.81386888E+000    -0.89304365E-003     0.91585435E-003    -0.12607967E+002     0.11903343E+001    -0.77875989E-003     0.62146876E-003
     0.81462880E+000    -0.89366850E-003     0.91032478E-003    -0.12588118E+002     0.11826095E+001    -0.77650200E-003     0.61570032E-003
     0.81538871E+000    -0.89427212E-003     0.90482538E-003    -0.12568371E+002     0.11749393E+001    -0.77424075E-003     0.60999314E-003
     0.81614863E+000    -0.89485478E-003     0.89935594E-003    -0.12548725E+002     0.11673234E+001    -0.77197658E-003     0.60434653E-003
     0.81690854E+000    -0.89541677E-003     0.89391626E-003    -0.12529181E+002     0.11597611E+001    -0.76970991E-003     0.59875985E-003
     0.81766846E+000    -0.89595835E-003     0.88850614E-003    -0.12509737E+002     0.11522520E+001    -0.76744117E-003     0.59323243E-003
     0.81842837E+000    -0.89647978E-003     0.88312538E-003    -0.12490393E+002     0.11447957E+001    -0.76517077E-003     0.58776362E-003
     0.81918829E+000    -0.89698132E-003     0.87777376E-003    -0.12471149E+002     0.11373916E+001    -0.76289909E-003     0.58235277E-003
     0.81994820E+000    -0.89746321E-003     0.87245112E-003    -0.12452004E+002     0.11300393E+001    -0.76062654E-003     0.57699923E-003
     0.82070812E+000    -0.89792572E-003     0.86715726E-003    -0.12432957E+002     0.11227384E+001    -0.75835348E-003     0.57170237E-003
     0.82146803E+000    -0.89836908E-003     0.86189199E-003    -0.12414009E+002     0.11154883E+001    -0.75608028E-003     0.56646156E-003
     0.82222795E+000    -0.89879354E-003     0.85665513E-003    -0.12395158E+002     0.11082886E+001    -0.75380730E-003     0.56127616E-003
     0.82298786E+000    -0.89919932E-003     0.85144650E-003    -0.12376404E+002     0.11011389E+001    -0.75153488E-003     0.55614556E-003
     0.82374778E+000    -0.89958668E-003     0.84626593E-003    -0.12357747E+002     0.10940387E+001    -0.74926336E-003     0.55106915E-003
     0.82450769E+000    -0.89995585E-003     0.84111326E-003    -0.12339186E+002     0.10869876E+001    -0.74699308E-003     0.54604630E-003
     0.82526761E+000    -0.90030707E-003     0.83598831E-003    -0.12320720E+002     0.10799852E+001    -0.74472435E-003     0.54107642E-003
     0.82602752E+000    -0.90064056E-003     0.83089092E-003    -0.12302350E+002     0.10730309E+001    -0.74245747E-003     0.53615891E-003
     0.82678744E+000    -0.90095657E-003     0.82582091E-003    -0.12284075E+002     0.10661245E+001    -0.74019276E-003     0.53129317E-003
     0.82754735E+000    -0.90125531E-003     0.82077811E-003    -0.12265893E+002     0.10592654E+001    -0.73793050E-003     0.52647861E-003
     0.82830727E+000    -0.90153699E-003     0.81576237E-003    -0.12247806E+002     0.10524532E+001    -0.73567098E-003     0.52171465E-003
     0.82906718E+000    -0.90180185E-003     0.81077355E-003    -0.12229812E+002     0.10456876E+001    -0.73341447E-003     0.51700071E-003
     0.82982710E+000    -0.90205009E-003     0.80581147E-003    -0.12211911E+002     0.10389681E+001    -0.73116125E-003     0.51233622E-003
     0.83058701E+000    -0.90228195E-003     0.80087599E-003    -0.12194102E+002     0.10322944E+001    -0.72891157E-003     0.50772062E-003
     0.83134693E+000    -0.90249764E-003     0.79596695E-003    -0.12176385E+002     0.10256659E+001    -0.72666568E-003     0.50315333E-003
     0.83210684E+000    -0.90269736E-003     0.79108420E-003    -0.12158760E+002     0.10190824E+001    -0.72442384E-003     0.49863381E-003
     0.83286676E+000    -0.90288133E-003     0.78622760E-003    -0.12141226E+002     0.10125434E+001    -0.72218628E-003     0.49416151E-003
     0.83362667E+000    -0.90304975E-003     0.78139700E-003    -0.12123783E+002     0.10060485E+001    -0.71995323E-003     0.48973588E-003
     0.83438659E+000    -0.90320285E-003     0.77659225E-003    -0.12106429E+002     0.99959738E+000    -0.71772491E-003     0.48535637E-003
     0.83514650E+000    -0.90334082E-003     0.77181319E-003    -0.12089166E+002     0.99318962E+000    -0.71550154E-003     0.48102246E-003
     0.83590642E+000    -0.90346386E-003     0.76705969E-003    -0.12071992E+002     0.98682486E+000    -0.71328333E-003     0.47673362E-003
     0.83666633E+000    -0.90357214E-003     0.76233159E-003    -0.12054907E+002     0.98050271E+000    -0.71107049E-003     0.47248931E-003
     0.83742625E+000    -0.90366586E-003     0.75762880E-003    -0.12037911E+002     0.97422280E+000    -0.70886321E-003     0.46828904E-003
     0.83818616E+000    -0.90374525E-003     0.75295117E-003    -0.12021002E+002     0.96798476E+000    -0.70666167E-003     0.46413227E-003
     0.83894607E+000    -0.90381048E-003     0.74829858E-003    -0.12004182E+002     0.96178824E+000    -0.70446607E-003     0.46001850E-003
     0.83970599E+000    -0.90386177E-003     0.74367087E-003    -0.11987448E+002     0.95563287E+000    -0.70227659E-003     0.45594724E-003
     0.84046590E+000    -0.90389931E-003     0.73906792E-003    -0.11970802E+002     0.94951830E+000    -0.70009339E-003     0.45191798E-003
     0.84122582E+000    -0.90392327E-003     0.73448959E-003    -0.11954242E+002     0.94344416E+000    -0.69791665E-003     0.44793023E-003
     0.84198573E+000    -0.90393383E-003     0.72993575E-003    -0.11937768E+002     0.93741012E+000    -0.69574652E-003     0.44398351E-003
     0.84274565E+000    -0.90393120E-003     0.72540631E-003    -0.11921380E+002     0.93141583E+000    -0.69358315E-003     0.44007732E-003
     0.84350556E+000    -0.90391556E-003     0.72090112E-003    -0.11905077E+002     0.92546093E+000    -0.69142671E-003     0.43621121E-003
     0.84426548E+000    -0.90388711E-003     0.71642006E-003    -0.11888858E+002     0.91954510E+000    -0.68927733E-003     0.43238468E-003
     0.84502539E+000    -0.90384604E-003     0.71196299E-003    -0.11872725E+002     0.91366799E+000    -0.68713516E-003     0.42859729E-003
     0.84578531E+000    -0.90379251E-003     0.70752978E-003    -0.11856675E+002     0.90782928E+000    -0.68500033E-003     0.42484856E-003
     0.84654522E+000    -0.90372671E-003     0.70312031E-003    -0.11840710E+002     0.90202862E+000    -0.68287296E-003     0.42113804E-003
     0.84730514E+000    -0.90364880E-003     0.69873447E-003    -0.11824827E+002     0.89626570E+000    -0.68075319E-003     0.41746528E-003
     0.84806505E+000    -0.90355897E-003     0.69437212E-003    -0.11809028E+002     0.89054019E+000    -0.67864113E-003     0.41382983E-003
     0.84882497E+000    -0.90345737E-003     0.69003318E-003    -0.11793311E+002     0.88485177E+000    -0.67653691E-003     0.41023125E-003
     0.84958488E+000    -0.90334420E-003     0.68571751E-003    -0.11777676E+002     0.87920012E+000    -0.67444062E-003     0.40666910E-003
     0.85034480E+000    -0.90321965E-003     0.68142501E-003    -0.11762123E+002     0.87358492E+000    -0.67235239E-003     0.40314296E-003
     0.85110471E+000    -0.90308387E-003     0.67715555E-003    -0.11746652E+002     0.86800587E+000    -0.67027230E-003     0.39965239E-003
     0.85186463E+000    -0.90293705E-003     0.67290901E-003    -0.11731261E+002     0.86246264E+000    -0.66820047E-003     0.39619697E-003
     0.85262454E+000    -0.90277936E-003     0.66868527E-003    -0.11715952E+002     0.85695495E+000    -0.66613698E-003     0.39277629E-003
     0.85338446E+000    -0.90261095E-003     0.66448423E-003    -0.11700722E+002     0.85148248E+000    -0.66408193E-003     0.38938993E-003
     0.85414437E+000    -0.90243201E-003     0.66030575E-003    -0.11685573E+002     0.84604494E+000    -0.66203541E-003     0.38603748E-003
     0.85490429E+000    -0.90224270E-003     0.65614973E-003    -0.11670504E+002     0.84064201E+000    -0.65999748E-003     0.38271855E-003
     0.85566420E+000    -0.90204317E-003     0.65201605E-003    -0.11655513E+002     0.83527342E+000    -0.65796825E-003     0.37943272E-003
     0.85642412E+000    -0.90183359E-003     0.64790459E-003    -0.11640602E+002     0.82993887E+000    -0.65594777E-003     0.37617962E-003
     0.85718403E+000    -0.90161410E-003     0.64381525E-003    -0.11625769E+002     0.82463806E+000    -0.65393613E-003     0.37295884E-003
     0.85794395E+000    -0.90138488E-003     0.63974793E-003    -0.11611015E+002     0.81937071E+000    -0.65193340E-003     0.36977000E-003
     0.85870386E+000    -0.90114611E-003     0.63570252E-003    -0.11596338E+002     0.81413654E+000    -0.64993963E-003     0.36661272E-003
     0.85946378E+000    -0.90089794E-003     0.63167889E-003    -0.11581739E+002     0.80893526E+000    -0.64795490E-003     0.36348663E-003
     0.86022369E+000    -0.90064051E-003     0.62767693E-003    -0.11567218E+002     0.80376660E+000    -0.64597926E-003     0.36039135E-003
     0.86098361E+000    -0.90037398E-003     0.62369653E-003    -0.11552773E+002     0.79863027E+000    -0.64401277E-003     0.35732652E-003
     0.86174352E+000    -0.90009849E-003     0.61973760E-003    -0.11538405E+002     0.79352601E+000    -0.64205548E-003     0.35429176E-003
     0.86250344E+000    -0.89981422E-003     0.61580002E-003    -0.11524113E+002     0.78845353E+000    -0.64010744E-003     0.35128673E-003
     0.86326335E+000    -0.89952130E-003     0.61188371E-003    -0.11509896E+002     0.78341258E+000    -0.63816870E-003     0.34831107E-003
     0.86402327E+000    -0.89921991E-003     0.60798855E-003    -0.11495756E+002     0.77840288E+000    -0.63623931E-003     0.34536442E-003
     0.86478318E+000    -0.89891021E-003     0.60411443E-003    -0.11481691E+002     0.77342417E+000    -0.63431931E-003     0.34244643E-003
     0.86554310E+000    -0.89859235E-003     0.60026123E-003    -0.11467700E+002     0.76847619E+000    -0.63240874E-003     0.33955678E-003
     0.86630301E+000    -0.89826648E-003     0.59642883E-003    -0.11453785E+002     0.76355868E+000    -0.63050763E-003     0.33669511E-003
     0.86706293E+000    -0.89793273E-003     0.59261713E-003    -0.11439943E+002     0.75867137E+000    -0.62861602E-003     0.33386110E-003
     0.86782284E+000    -0.89759125E-003     0.58882600E-003    -0.11426176E+002     0.75381402E+000    -0.62673395E-003     0.33105440E-003
     0.86858276E+000    -0.89724215E-003     0.58505536E-003    -0.11412482E+002     0.74898637E+000    -0.62486144E-003     0.32827471E-003
     0.86934267E+000    -0.89688560E-003     0.58130512E-003    -0.11398862E+002     0.74418818E+000    -0.62299852E-003     0.32552168E-003
     0.87010259E+000    -0.89652176E-003     0.57757517E-003    -0.11385315E+002     0.73941918E+000    -0.62114522E-003     0.32279501E-003
     0.87086250E+000    -0.89615077E-003     0.57386538E-003    -0.11371840E+002     0.73467914E+000    -0.61930156E-003     0.32009438E-003
     0.87162242E+000    -0.89577275E-003     0.57017565E-003    -0.11358438E+002     0.72996780E+000    -0.61746756E-003     0.31741947E-003
     0.87238233E+000    -0.89538783E-003     0.56650589E-003    -0.11345108E+002     0.72528494E+000    -0.61564325E-003     0.31476999E-003
     0.87314225E+000    -0.89499617E-003     0.56285598E-003    -0.11331850E+002     0.72063031E+000    -0.61382863E-003     0.31214562E-003
     0.87390216E+000    -0.89459789E-003     0.55922585E-003    -0.11318663E+002     0.71600366E+000    -0.61202373E-003     0.30954606E-003
     0.87466208E+000    -0.89419315E-003     0.55561537E-003    -0.11305548E+002     0.71140478E+000    -0.61022856E-003     0.30697102E-003
     0.87542199E+000    -0.89378210E-003     0.55202445E-003    -0.11292504E+002     0.70683341E+000    -0.60844313E-003     0.30442021E-003
     0.87618191E+000    -0.89336485E-003     0.54845296E-003    -0.11279530E+002     0.70228933E+000    -0.60666746E-003     0.30189333E-003
     0.87694182E+000    -0.89294153E-003     0.54490081E-003    -0.11266627E+002     0.69777231E+000    -0.60490154E-003     0.29939010E-003
     0.87770174E+000    -0.89251230E-003     0.54136790E-003    -0.11253794E+002     0.69328212E+000    -0.60314540E-003     0.29691024E-003
     0.87846165E+000    -0.89207727E-003     0.53785411E-003    -0.11241030E+002     0.68881854E+000    -0.60139902E-003     0.29445347E-003
     0.87922157E+000    -0.89163658E-003     0.53435933E-003    -0.11228337E+002     0.68438134E+000    -0.59966242E-003     0.29201950E-003
     0.87998148E+000    -0.89119036E-003     0.53088345E-003    -0.11215712E+002     0.67997030E+000    -0.59793560E-003     0.28960808E-003
     0.88074140E+000    -0.89073871E-003     0.52742638E-003    -0.11203156E+002     0.67558519E+000    -0.59621857E-003     0.28721892E-003
     0.88150131E+000    -0.89028176E-003     0.52398801E-003    -0.11190669E+002     0.67122581E+000    -0.59451131E-003     0.28485177E-003
     0.88226123E+000    -0.88981963E-003     0.52056826E-003    -0.11178251E+002     0.66689194E+000    -0.59281383E-003     0.28250636E-003
     0.88302114E+000    -0.88935248E-003     0.51716701E-003    -0.11165901E+002     0.66258335E+000    -0.59112612E-003     0.28018243E-003
     0.88378106E+000    -0.88888043E-003     0.51378416E-003    -0.11153618E+002     0.65829984E+000    -0.58944819E-003     0.27787972E-003
     0.88454097E+000    -0.88840358E-003     0.51041958E-003    -0.11141403E+002     0.65404120E+000    -0.58778002E-003     0.27559798E-003
     0.88530089E+000    -0.88792205E-003     0.50707318E-003    -0.11129256E+002     0.64980722E+000    -0.58612160E-003     0.27333697E-003
     0.88606080E+000    -0.88743594E-003     0.50374487E-003    -0.11117175E+002     0.64559769E+000    -0.58447294E-003     0.27109643E-003
     0.88682072E+000    -0.88694539E-003     0.50043456E-003    -0.11105162E+002     0.64141240E+000    -0.58283402E-003     0.26887612E-003
     0.88758063E+000    -0.88645054E-003     0.49714213E-003    -0.11093215E+002     0.63725115E+000    -0.58120482E-003     0.26667580E-003
     0.88834054E+000    -0.88595149E-003     0.49386746E-003    -0.11081334E+002     0.63311375E+000    -0.57958535E-003     0.26449523E-003
     0.88910046E+000    -0.88544834E-003     0.49061047E-003    -0.11069519E+002     0.62899998E+000    -0.57797558E-003     0.26233418E-003
     0.88986037E+000    -0.88494121E-003     0.48737105E-003    -0.11057770E+002     0.62490965E+000    -0.57637551E-003     0.26019241E-003
     0.89062029E+000    -0.88443023E-003     0.48414912E-003    -0.11046087E+002     0.62084256E+000    -0.57478511E-003     0.25806969E-003
     0.89138020E+000    -0.88391551E-003     0.48094454E-003    -0.11034469E+002     0.61679852E+000    -0.57320438E-003     0.25596580E-003
     0.89214012E+000    -0.88339715E-003     0.47775722E-003    -0.11022916E+002     0.61277733E+000    -0.57163329E-003     0.25388051E-003
     0.89290003E+000    -0.88287527E-003     0.47458705E-003    -0.11011427E+002     0.60877880E+000    -0.57007184E-003     0.25181360E-003
     0.89365995E+000    -0.88234996E-003     0.47143394E-003    -0.11000004E+002     0.60480275E+000    -0.56851999E-003     0.24976486E-003
     0.89441986E+000    -0.88182134E-003     0.46829777E-003    -0.10988644E+002     0.60084897E+000    -0.56697774E-003     0.24773406E-003
     0.89517978E+000    -0.88128950E-003     0.46517846E-003    -0.10977348E+002     0.59691729E+000    -0.56544507E-003     0.24572099E-003
     0.89593969E+000    -0.88075457E-003     0.46207591E-003    -0.10966117E+002     0.59300752E+000    -0.56392195E-003     0.24372545E-003
     0.89669961E+000    -0.88021664E-003     0.45899001E-003    -0.10954949E+002     0.58911947E+000    -0.56240836E-003     0.24174722E-003
     0.89745952E+000    -0.87967585E-003     0.45592065E-003    -0.10943844E+002     0.58525296E+000    -0.56090428E-003     0.23978610E-003
     0.89821944E+000    -0.87913226E-003     0.45286772E-003    -0.10932802E+002     0.58140780E+000    -0.55940970E-003     0.23784189E-003
     0.89897935E+000    -0.87858598E-003     0.44983110E-003    -0.10921823E+002     0.57758383E+000    -0.55792458E-003     0.23591438E-003
     0.89973927E+000    -0.87803709E-003     0.44681073E-003    -0.10910907E+002     0.57378086E+000    -0.55644890E-003     0.23400338E-003
     0.90049918E+000    -0.87748571E-003     0.44380649E-003    -0.10900053E+002     0.56999871E+000    -0.55498264E-003     0.23210869E-003
     0.90125910E+000    -0.87693192E-003     0.44081829E-003    -0.10889261E+002     0.56623721E+000    -0.55352577E-003     0.23023011E-003
     0.90201901E+000    -0.87637582E-003     0.43784603E-003    -0.10878532E+002     0.56249618E+000    -0.55207828E-003     0.22836747E-003
     0.90277893E+000    -0.87581753E-003     0.43488962E-003    -0.10867863E+002     0.55877545E+000    -0.55064012E-003     0.22652056E-003
     0.90353884E+000    -0.87525714E-003     0.43194894E-003    -0.10857257E+002     0.55507486E+000    -0.54921129E-003     0.22468921E-003
     0.90429876E+000    -0.87469473E-003     0.42902388E-003    -0.10846711E+002     0.55139422E+000    -0.54779174E-003     0.22287322E-003
     0.90505867E+000    -0.87413040E-003     0.42611436E-003    -0.10836227E+002     0.54773337E+000    -0.54638146E-003     0.22107242E-003
     0.90581859E+000    -0.87356426E-003     0.42322028E-003    -0.10825804E+002     0.54409215E+000    -0.54498041E-003     0.21928663E-003
     0.90657850E+000    -0.87299638E-003     0.42034150E-003    -0.10815441E+002     0.54047038E+000    -0.54358857E-003     0.21751566E-003
     0.90733842E+000    -0.87242684E-003     0.41747795E-003    -0.10805138E+002     0.53686791E+000    -0.54220591E-003     0.21575935E-003
     0.90809833E+000    -0.87185574E-003     0.41462952E-003    -0.10794896E+002     0.53328457E+000    -0.54083239E-003     0.21401752E-003
     0.90885825E+000    -0.87128317E-003     0.41179611E-003    -0.10784713E+002     0.52972019E+000    -0.53946800E-003     0.21229001E-003
     0.90961816E+000    -0.87070920E-003     0.40897762E-003    -0.10774590E+002     0.52617463E+000    -0.53811270E-003     0.21057663E-003
     0.91037808E+000    -0.87013392E-003     0.40617395E-003    -0.10764527E+002     0.52264771E+000    -0.53676645E-003     0.20887722E-003
     0.91113799E+000    -0.86955741E-003     0.40338502E-003    -0.10754523E+002     0.51913928E+000    -0.53542924E-003     0.20719162E-003
     0.91189791E+000    -0.86897977E-003     0.40061071E-003    -0.10744579E+002     0.51564918E+000    -0.53410103E-003     0.20551967E-003
     0.91265782E+000    -0.86840107E-003     0.39785093E-003    -0.10734693E+002     0.51217726E+000    -0.53278179E-003     0.20386121E-003
     0.91341774E+000    -0.86782140E-003     0.39510557E-003    -0.10724865E+002     0.50872336E+000    -0.53147148E-003     0.20221607E-003
     0.91417765E+000    -0.86724081E-003     0.39237453E-003    -0.10715097E+002     0.50528734E+000    -0.53017008E-003     0.20058410E-003
     0.91493757E+000    -0.86665940E-003     0.38965774E-003    -0.10705386E+002     0.50186903E+000    -0.52887756E-003     0.19896515E-003
     0.91569748E+000    -0.86607725E-003     0.38695509E-003    -0.10695734E+002     0.49846828E+000    -0.52759388E-003     0.19735905E-003
     0.91645740E+000    -0.86549446E-003     0.38426648E-003    -0.10686139E+002     0.49508496E+000    -0.52631900E-003     0.19576567E-003
     0.91721731E+000    -0.86491109E-003     0.38159180E-003    -0.10676603E+002     0.49171890E+000    -0.52505291E-003     0.19418484E-003
     0.91797723E+000    -0.86432720E-003     0.37893094E-003    -0.10667123E+002     0.48836996E+000    -0.52379556E-003     0.19261643E-003
     0.91873714E+000    -0.86374287E-003     0.37628381E-003    -0.10657701E+002     0.48503800E+000    -0.52254693E-003     0.19106028E-003
     0.91949706E+000    -0.86315818E-003     0.37365033E-003    -0.10648337E+002     0.48172287E+000    -0.52130697E-003     0.18951625E-003
     0.92025697E+000    -0.86257319E-003     0.37103039E-003    -0.10639029E+002     0.47842443E+000    -0.52007566E-003     0.18798420E-003
     0.92101689E+000    -0.86198798E-003     0.36842389E-003    -0.10629777E+002     0.47514253E+000    -0.51885297E-003     0.18646400E-003
     0.92177680E+000    -0.86140260E-003     0.36583073E-003    -0.10620583E+002     0.47187703E+000    -0.51763886E-003     0.18495549E-003
     0.92253672E+000    -0.86081713E-003     0.36325085E-003    -0.10611444E+002     0.46862779E+000    -0.51643329E-003     0.18345854E-003
     0.92329663E+000    -0.86023166E-003     0.36068413E-003    -0.10602362E+002     0.46539467E+000    -0.51523624E-003     0.18197302E-003
     0.92405655E+000    -0.85964624E-003     0.35813046E-003    -0.10593336E+002     0.46217754E+000    -0.51404766E-003     0.18049879E-003
     0.92481646E+000    -0.85906094E-003     0.35558976E-003    -0.10584365E+002     0.45897625E+000    -0.51286754E-003     0.17903572E-003
     0.92557638E+000    -0.85847583E-003     0.35306193E-003    -0.10575450E+002     0.45579067E+000    -0.51169582E-003     0.17758367E-003
     0.92633629E+000    -0.85789096E-003     0.35054688E-003    -0.10566591E+002     0.45262067E+000    -0.51053248E-003     0.17614253E-003
     0.92709621E+000    -0.85730641E-003     0.34804450E-003    -0.10557787E+002     0.44946610E+000    -0.50937749E-003     0.17471216E-003
     0.92785612E+000    -0.85672223E-003     0.34555471E-003    -0.10549038E+002     0.44632684E+000    -0.50823081E-003     0.17329243E-003
     0.92861604E+000    -0.85613849E-003     0.34307741E-003    -0.10540344E+002     0.44320276E+000    -0.50709241E-003     0.17188322E-003
     0.92937595E+000    -0.85555525E-003     0.34061249E-003    -0.10531704E+002     0.44009372E+000    -0.50596224E-003     0.17048441E-003
     0.93013587E+000    -0.85497255E-003     0.33815988E-003    -0.10523119E+002     0.43699959E+000    -0.50484029E-003     0.16909587E-003
     0.93089578E+000    -0.85439046E-003     0.33571949E-003    -0.10514588E+002     0.43392025E+000    -0.50372651E-003     0.16771748E-003
     0.93165570E+000    -0.85380907E-003     0.33329121E-003    -0.10506112E+002     0.43085556E+000    -0.50262087E-003     0.16634913E-003
     0.93241561E+000    -0.85322840E-003     0.33087495E-003    -0.10497690E+002     0.42780539E+000    -0.50152333E-003     0.16499070E-003
     0.93317553E+000    -0.85264853E-003     0.32847062E-003    -0.10489321E+002     0.42476963E+000    -0.50043387E-003     0.16364207E-003
     0.93393544E+000    -0.85206949E-003     0.32607812E-003    -0.10481006E+002     0.42174815E+000    -0.49935245E-003     0.16230312E-003
     0.93469536E+000    -0.85149135E-003     0.32369736E-003    -0.10472745E+002     0.41874082E+000    -0.49827903E-003     0.16097375E-003
     0.93545527E+000    -0.85091415E-003     0.32132826E-003    -0.10464537E+002     0.41574751E+000    -0.49721357E-003     0.15965383E-003
     0.93621519E+000    -0.85033797E-003     0.31897073E-003    -0.10456382E+002     0.41276811E+000    -0.49615606E-003     0.15834327E-003
     0.93697510E+000    -0.84976284E-003     0.31662466E-003    -0.10448280E+002     0.40980249E+000    -0.49510644E-003     0.15704195E-003
     0.93773501E+000    -0.84918883E-003     0.31428998E-003    -0.10440231E+002     0.40685054E+000    -0.49406469E-003     0.15574975E-003
     0.93849493E+000    -0.84861598E-003     0.31196658E-003    -0.10432235E+002     0.40391212E+000    -0.49303078E-003     0.15446659E-003
     0.93925484E+000    -0.84804434E-003     0.30965438E-003    -0.10424292E+002     0.40098713E+000    -0.49200466E-003     0.15319234E-003
     0.94001476E+000    -0.84747396E-003     0.30735329E-003    -0.10416400E+002     0.39807545E+000    -0.49098631E-003     0.15192690E-003
     0.94077467E+000    -0.84690488E-003     0.30506321E-003    -0.10408561E+002     0.39517695E+000    -0.48997570E-003     0.15067018E-003
     0.94153459E+000    -0.84633716E-003     0.30278406E-003    -0.10400774E+002     0.39229152E+000    -0.48897278E-003     0.14942206E-003
     0.94229450E+000    -0.84577082E-003     0.30051575E-003    -0.10393039E+002     0.38941905E+000    -0.48797752E-003     0.14818245E-003
     0.94305442E+000    -0.84520593E-003     0.29825821E-003    -0.10385356E+002     0.38655942E+000    -0.48698990E-003     0.14695125E-003
     0.94381433E+000    -0.84464252E-003     0.29601135E-003    -0.10377724E+002     0.38371251E+000    -0.48600988E-003     0.14572836E-003
     0.94457425E+000    -0.84408067E-003     0.29377509E-003    -0.10370144E+002     0.38087822E+000    -0.48503742E-003     0.14451368E-003
     0.94533416E+000    -0.84352042E-003     0.29154932E-003    -0.10362615E+002     0.37805643E+000    -0.48407249E-003     0.14330712E-003
     0.94609408E+000    -0.84296183E-003     0.28933393E-003    -0.10355137E+002     0.37524703E+000    -0.48311506E-003     0.14210857E-003
     0.94685399E+000    -0.84240489E-003     0.28712885E-003    -0.10347710E+002     0.37244990E+000    -0.48216509E-003     0.14091796E-003
     0.94761391E+000    -0.84184967E-003     0.28493399E-003    -0.10340334E+002     0.36966495E+000    -0.48122256E-003     0.13973517E-003
     0.94837382E+000    -0.84129620E-003     0.28274926E-003    -0.10333009E+002     0.36689205E+000    -0.48028742E-003     0.13856013E-003
     0.94913374E+000    -0.84074451E-003     0.28057458E-003    -0.10325735E+002     0.36413110E+000    -0.47935965E-003     0.13739273E-003
     0.94989365E+000    -0.84019464E-003     0.27840985E-003    -0.10318511E+002     0.36138200E+000    -0.47843922E-003     0.13623290E-003
     0.95065357E+000    -0.83964661E-003     0.27625502E-003    -0.10311337E+002     0.35864463E+000    -0.47752609E-003     0.13508053E-003
     0.95141348E+000    -0.83910047E-003     0.27411002E-003    -0.10304213E+002     0.35591889E+000    -0.47662023E-003     0.13393555E-003
     0.95217340E+000    -0.83855629E-003     0.27197476E-003    -0.10297139E+002     0.35320468E+000    -0.47572160E-003     0.13279787E-003
     0.95293331E+000    -0.83801411E-003     0.26984914E-003    -0.10290115E+002     0.35050188E+000    -0.47483018E-003     0.13166739E-003
     0.95369323E+000    -0.83747395E-003     0.26773307E-003    -0.10283141E+002     0.34781040E+000    -0.47394594E-003     0.13054404E-003
     0.95445314E+000    -0.83693585E-003     0.26562647E-003    -0.10276217E+002     0.34513013E+000    -0.47306883E-003     0.12942774E-003
     0.95521306E+000    -0.83639984E-003     0.26352926E-003    -0.10269342E+002     0.34246098E+000    -0.47219884E-003     0.12831839E-003
     0.95597297E+000    -0.83586595E-003     0.26144135E-003    -0.10262516E+002     0.33980282E+000    -0.47133592E-003     0.12721591E-003
     0.95673289E+000    -0.83533423E-003     0.25936267E-003    -0.10255739E+002     0.33715558E+000    -0.47048005E-003     0.12612024E-003
     0.95749280E+000    -0.83480470E-003     0.25729313E-003    -0.10249012E+002     0.33451914E+000    -0.46963120E-003     0.12503127E-003
     0.95825272E+000    -0.83427738E-003     0.25523264E-003    -0.10242333E+002     0.33189341E+000    -0.46878933E-003     0.12394894E-003
     0.95901263E+000    -0.83375232E-003     0.25318116E-003    -0.10235703E+002     0.32927828E+000    -0.46795441E-003     0.12287317E-003
     0.95977255E+000    -0.83322955E-003     0.25113858E-003    -0.10229122E+002     0.32667367E+000    -0.46712642E-003     0.12180388E-003
     0.96053246E+000    -0.83270913E-003     0.24910483E-003    -0.10222590E+002     0.32407946E+000    -0.46630533E-003     0.12074099E-003
     0.96129238E+000    -0.83219106E-003     0.24707980E-003    -0.10216106E+002     0.32149557E+000    -0.46549109E-003     0.11968442E-003
     0.96205229E+000    -0.83167536E-003     0.24506342E-003    -0.10209670E+002     0.31892190E+000    -0.46468369E-003     0.11863411E-003
     0.96281221E+000    -0.83116206E-003     0.24305564E-003    -0.10203282E+002     0.31635834E+000    -0.46388309E-003     0.11758997E-003
     0.96357212E+000    -0.83065121E-003     0.24105637E-003    -0.10196942E+002     0.31380482E+000    -0.46308926E-003     0.11655194E-003
     0.96433204E+000    -0.83014284E-003     0.23906551E-003    -0.10190651E+002     0.31126122E+000    -0.46230217E-003     0.11551994E-003
     0.96509195E+000    -0.82963695E-003     0.23708300E-003    -0.10184407E+002     0.30872746E+000    -0.46152180E-003     0.11449390E-003
     0.96585187E+000    -0.82913356E-003     0.23510875E-003    -0.10178210E+002     0.30620345E+000    -0.46074811E-003     0.11347374E-003
     0.96661178E+000    -0.82863272E-003     0.23314272E-003    -0.10172062E+002     0.30368909E+000    -0.45998108E-003     0.11245940E-003
     0.96737170E+000    -0.82813446E-003     0.23118482E-003    -0.10165960E+002     0.30118429E+000    -0.45922067E-003     0.11145081E-003
     0.96813161E+000    -0.82763881E-003     0.22923497E-003    -0.10159907E+002     0.29868896E+000    -0.45846686E-003     0.11044790E-003
     0.96889153E+000    -0.82714578E-003     0.22729308E-003    -0.10153900E+002     0.29620300E+000    -0.45771962E-003     0.10945060E-003
     0.96965144E+000    -0.82665541E-003     0.22535910E-003    -0.10147940E+002     0.29372633E+000    -0.45697892E-003     0.10845884E-003
     0.97041136E+000    -0.82616772E-003     0.22343293E-003    -0.10142027E+002     0.29125886E+000    -0.45624473E-003     0.10747256E-003
     0.97117127E+000    -0.82568274E-003     0.22151452E-003    -0.10136162E+002     0.28880050E+000    -0.45551702E-003     0.10649169E-003
     0.97193119E+000    -0.82520049E-003     0.21960376E-003    -0.10130342E+002     0.28635115E+000    -0.45479577E-003     0.10551617E-003
     0.97269110E+000    -0.82472098E-003     0.21770059E-003    -0.10124570E+002     0.28391074E+000    -0.45408095E-003     0.10454593E-003
     0.97345102E+000    -0.82424425E-003     0.21580494E-003    -0.10118844E+002     0.28147917E+000    -0.45337253E-003     0.10358090E-003
     0.97421093E+000    -0.82377031E-003     0.21391675E-003    -0.10113164E+002     0.27905636E+000    -0.45267048E-003     0.10262103E-003
     0.97497085E+000    -0.82329919E-003     0.21203592E-003    -0.10107531E+002     0.27664222E+000    -0.45197478E-003     0.10166625E-003
     0.97573076E+000    -0.82283090E-003     0.21016239E-003    -0.10101944E+002     0.27423666E+000    -0.45128540E-003     0.10071651E-003
     0.97649068E+000    -0.82236546E-003     0.20829608E-003    -0.10096403E+002     0.27183961E+000    -0.45060231E-003     0.99771725E-004
     0.97725059E+000    -0.82190288E-003     0.20643692E-003    -0.10090908E+002     0.26945097E+000    -0.44992549E-003     0.98831853E-004
     0.97801051E+000    -0.82144319E-003     0.20458486E-003    -0.10085459E+002     0.26707065E+000    -0.44925491E-003     0.97896829E-004
     0.97877042E+000    -0.82098640E-003     0.20273982E-003    -0.10080056E+002     0.26469859E+000    -0.44859054E-003     0.96966594E-004
     0.97953034E+000    -0.82053255E-003     0.20090175E-003    -0.10074698E+002     0.26233469E+000    -0.44793236E-003     0.96041089E-004
     0.98029025E+000    -0.82008165E-003     0.19907056E-003    -0.10069386E+002     0.25997887E+000    -0.44728034E-003     0.95120256E-004
     0.98105017E+000    -0.81963374E-003     0.19724618E-003    -0.10064120E+002     0.25763105E+000    -0.44663446E-003     0.94204037E-004
     0.98181008E+000    -0.81918881E-003     0.19542852E-003    -0.10058898E+002     0.25529114E+000    -0.44599469E-003     0.93292375E-004
     0.98257000E+000    -0.81874688E-003     0.19361753E-003    -0.10053722E+002     0.25295907E+000    -0.44536101E-003     0.92385214E-004
     0.98332991E+000    -0.81830796E-003     0.19181315E-003    -0.10048592E+002     0.25063476E+000    -0.44473339E-003     0.91482499E-004
     0.98408983E+000    -0.81787208E-003     0.19001533E-003    -0.10043506E+002     0.24831812E+000    -0.44411181E-003     0.90584174E-004
     0.98484974E+000    -0.81743928E-003     0.18822398E-003    -0.10038465E+002     0.24600908E+000    -0.44349624E-003     0.89690183E-004
     0.98560966E+000    -0.81700956E-003     0.18643903E-003    -0.10033469E+002     0.24370755E+000    -0.44288665E-003     0.88800474E-004
     0.98636957E+000    -0.81658294E-003     0.18466039E-003    -0.10028518E+002     0.24141345E+000    -0.44228303E-003     0.87914992E-004
     0.98712948E+000    -0.81615942E-003     0.18288801E-003    -0.10023612E+002     0.23912672E+000    -0.44168536E-003     0.87033685E-004
     0.98788940E+000    -0.81573901E-003     0.18112183E-003    -0.10018750E+002     0.23684726E+000    -0.44109359E-003     0.86156499E-004
     0.98864931E+000    -0.81532174E-003     0.17936178E-003    -0.10013932E+002     0.23457501E+000    -0.44050773E-003     0.85283383E-004
     0.98940923E+000    -0.81490763E-003     0.17760779E-003    -0.10009160E+002     0.23230989E+000    -0.43992773E-003     0.84414286E-004
     0.99016914E+000    -0.81449667E-003     0.17585980E-003    -0.10004431E+002     0.23005181E+000    -0.43935358E-003     0.83549155E-004
     0.99092906E+000    -0.81408888E-003     0.17411774E-003    -0.99997467E+001     0.22780070E+000    -0.43878525E-003     0.82687941E-004
     0.99168897E+000    -0.81368428E-003     0.17238155E-003    -0.99951065E+001     0.22555650E+000    -0.43822272E-003     0.81830593E-004
     0.99244889E+000    -0.81328288E-003     0.17065118E-003    -0.99905103E+001     0.22331911E+000    -0.43766597E-003     0.80977063E-004
     0.99320880E+000    -0.81288471E-003     0.16892656E-003    -0.99859582E+001     0.22108847E+000    -0.43711498E-003     0.80127300E-004
     0.99396872E+000    -0.81248977E-003     0.16720761E-003    -0.99814499E+001     0.21886451E+000    -0.43656973E-003     0.79281256E-004
     0.99472863E+000    -0.81209808E-003     0.16549427E-003    -0.99769854E+001     0.21664714E+000    -0.43603019E-003     0.78438883E-004
     0.99548855E+000    -0.81170963E-003     0.16378647E-003    -0.99725647E+001     0.21443629E+000    -0.43549633E-003     0.77600133E-004
     0.99624846E+000    -0.81132445E-003     0.16208417E-003    -0.99681875E+001     0.21223190E+000    -0.43496815E-003     0.76764959E-004
     0.99700838E+000    -0.81094253E-003     0.16038730E-003    -0.99638540E+001     0.21003388E+000    -0.43444562E-003     0.75933314E-004
     0.99776829E+000    -0.81056391E-003     0.15869580E-003    -0.99595639E+001     0.20784217E+000    -0.43392872E-003     0.75105151E-004
     0.99852821E+000    -0.81018860E-003     0.15700962E-003    -0.99553171E+001     0.20565670E+000    -0.43341742E-003     0.74280425E-004
     0.99928812E+000    -0.80981661E-003     0.15532867E-003    -0.99511137E+001     0.20347738E+000    -0.43291171E-003     0.73459090E-004
     0.10000480E+001    -0.80944795E-003     0.15365289E-003    -0.99469535E+001     0.20130416E+000    -0.43241157E-003     0.72641101E-004
     0.10008080E+001    -0.80908261E-003     0.15198223E-003    -0.99428365E+001     0.19913695E+000    -0.43191697E-003     0.71826412E-004
     0.10015679E+001    -0.80872061E-003     0.15031662E-003    -0.99387626E+001     0.19697570E+000    -0.43142790E-003     0.71014980E-004
     0.10023278E+001    -0.80836195E-003     0.14865602E-003    -0.99347316E+001     0.19482032E+000    -0.43094433E-003     0.70206761E-004
     0.10030877E+001    -0.80800666E-003     0.14700037E-003    -0.99307436E+001     0.19267075E+000    -0.43046625E-003     0.69401711E-004
     0.10038476E+001    -0.80765475E-003     0.14534961E-003    -0.99267984E+001     0.19052692E+000    -0.42999364E-003     0.68599786E-004
     0.10046075E+001    -0.80730622E-003     0.14370366E-003    -0.99228960E+001     0.18838875E+000    -0.42952648E-003     0.67800945E-004
     0.10053674E+001    -0.80696109E-003     0.14206247E-003    -0.99190363E+001     0.18625619E+000    -0.42906475E-003     0.67005143E-004
     0.10061274E+001    -0.80661937E-003     0.14042599E-003    -0.99152192E+001     0.18412917E+000    -0.42860842E-003     0.66212341E-004
     0.10068873E+001    -0.80628106E-003     0.13879413E-003    -0.99114447E+001     0.18200760E+000    -0.42815750E-003     0.65422495E-004
     0.10076472E+001    -0.80594615E-003     0.13716686E-003    -0.99077127E+001     0.17989143E+000    -0.42771194E-003     0.64635564E-004
     0.10084071E+001    -0.80561466E-003     0.13554413E-003    -0.99040230E+001     0.17778059E+000    -0.42727174E-003     0.63851507E-004
     0.10091670E+001    -0.80528660E-003     0.13392587E-003    -0.99003758E+001     0.17567501E+000    -0.42683688E-003     0.63070284E-004
     0.10099269E+001    -0.80496200E-003     0.13231203E-003    -0.98967708E+001     0.17357463E+000    -0.42640734E-003     0.62291854E-004
     0.10106868E+001    -0.80464084E-003     0.13070256E-003    -0.98932080E+001     0.17147937E+000    -0.42598311E-003     0.61516178E-004
     0.10114468E+001    -0.80432315E-003     0.12909738E-003    -0.98896874E+001     0.16938917E+000    -0.42556416E-003     0.60743214E-004
     0.10122067E+001    -0.80400893E-003     0.12749645E-003    -0.98862089E+001     0.16730397E+000    -0.42515048E-003     0.59972925E-004
     0.10129666E+001    -0.80369819E-003     0.12589970E-003    -0.98827724E+001     0.16522370E+000    -0.42474205E-003     0.59205271E-004
     0.10137265E+001    -0.80339094E-003     0.12430707E-003    -0.98793778E+001     0.16314830E+000    -0.42433886E-003     0.58440213E-004
     0.10144864E+001    -0.80308717E-003     0.12271850E-003    -0.98760251E+001     0.16107769E+000    -0.42394088E-003     0.57677713E-004
     0.10152463E+001    -0.80278688E-003     0.12113394E-003    -0.98727143E+001     0.15901182E+000    -0.42354811E-003     0.56917733E-004
     0.10160063E+001    -0.80249007E-003     0.11955335E-003    -0.98694452E+001     0.15695061E+000    -0.42316053E-003     0.56160234E-004
     0.10167662E+001    -0.80219676E-003     0.11797669E-003    -0.98662178E+001     0.15489401E+000    -0.42277812E-003     0.55405180E-004
     0.10175261E+001    -0.80190698E-003     0.11640389E-003    -0.98630321E+001     0.15284196E+000    -0.42240086E-003     0.54652533E-004
     0.10182860E+001    -0.80162072E-003     0.11483488E-003    -0.98598879E+001     0.15079438E+000    -0.42202874E-003     0.53902257E-004
     0.10190459E+001    -0.80133798E-003     0.11326961E-003    -0.98567853E+001     0.14875122E+000    -0.42166175E-003     0.53154313E-004
     0.10198058E+001    -0.80105878E-003     0.11170805E-003    -0.98537242E+001     0.14671241E+000    -0.42129987E-003     0.52408666E-004
     0.10205657E+001    -0.80078313E-003     0.11015012E-003    -0.98507044E+001     0.14467788E+000    -0.42094309E-003     0.51665281E-004
     0.10213257E+001    -0.80051101E-003     0.10859576E-003    -0.98477261E+001     0.14264759E+000    -0.42059138E-003     0.50924120E-004
     0.10220856E+001    -0.80024243E-003     0.10704493E-003    -0.98447890E+001     0.14062145E+000    -0.42024474E-003     0.50185148E-004
     0.10228455E+001    -0.79997740E-003     0.10549757E-003    -0.98418932E+001     0.13859942E+000    -0.41990316E-003     0.49448331E-004
     0.10236054E+001    -0.79971593E-003     0.10395365E-003    -0.98390386E+001     0.13658143E+000    -0.41956661E-003     0.48713632E-004
     0.10243653E+001    -0.79945802E-003     0.10241309E-003    -0.98362251E+001     0.13456741E+000    -0.41923509E-003     0.47981017E-004
     0.10251252E+001    -0.79920367E-003     0.10087586E-003    -0.98334527E+001     0.13255731E+000    -0.41890858E-003     0.47250451E-004
     0.10258851E+001    -0.79895290E-003     0.99341886E-004    -0.98307213E+001     0.13055107E+000    -0.41858706E-003     0.46521900E-004
     0.10266451E+001    -0.79870571E-003     0.97811131E-004    -0.98280310E+001     0.12854862E+000    -0.41827053E-003     0.45795330E-004
     0.10274050E+001    -0.79846209E-003     0.96283528E-004    -0.98253816E+001     0.12654990E+000    -0.41795897E-003     0.45070707E-004
     0.10281649E+001    -0.79822205E-003     0.94759030E-004    -0.98227730E+001     0.12455486E+000    -0.41765237E-003     0.44347996E-004
     0.10289248E+001    -0.79798558E-003     0.93237599E-004    -0.98202053E+001     0.12256343E+000    -0.41735072E-003     0.43627165E-004
     0.10296847E+001    -0.79775271E-003     0.91719185E-004    -0.98176784E+001     0.12057555E+000    -0.41705400E-003     0.42908181E-004
     0.10304446E+001    -0.79752343E-003     0.90203737E-004    -0.98151923E+001     0.11859117E+000    -0.41676220E-003     0.42191009E-004
     0.10312046E+001    -0.79729775E-003     0.88691207E-004    -0.98127468E+001     0.11661022E+000    -0.41647532E-003     0.41475618E-004
     0.10319645E+001    -0.79707568E-003     0.87181543E-004    -0.98103420E+001     0.11463264E+000    -0.41619333E-003     0.40761974E-004
     0.10327244E+001    -0.79685724E-003     0.85674684E-004    -0.98079779E+001     0.11265838E+000    -0.41591622E-003     0.40050046E-004
     0.10334843E+001    -0.79664242E-003     0.84170567E-004    -0.98056543E+001     0.11068737E+000    -0.41564399E-003     0.39339801E-004
     0.10342442E+001    -0.79643121E-003     0.82669148E-004    -0.98033712E+001     0.10871956E+000    -0.41537663E-003     0.38631206E-004
     0.10350041E+001    -0.79622362E-003     0.81170383E-004    -0.98011286E+001     0.10675489E+000    -0.41511412E-003     0.37924230E-004
     0.10357640E+001    -0.79601965E-003     0.79674219E-004    -0.97989264E+001     0.10479330E+000    -0.41485645E-003     0.37218842E-004
     0.10365240E+001    -0.79581931E-003     0.78180603E-004    -0.97967647E+001     0.10283472E+000    -0.41460361E-003     0.36515010E-004
     0.10372839E+001    -0.79562259E-003     0.76689485E-004    -0.97946433E+001     0.10087912E+000    -0.41435560E-003     0.35812702E-004
     0.10380438E+001    -0.79542949E-003     0.75200818E-004    -0.97925622E+001     0.98926414E-001    -0.41411239E-003     0.35111887E-004
     0.10388037E+001    -0.79524001E-003     0.73714561E-004    -0.97905214E+001     0.96976558E-001    -0.41387399E-003     0.34412534E-004
     0.10395636E+001    -0.79505416E-003     0.72230674E-004    -0.97885209E+001     0.95029493E-001    -0.41364037E-003     0.33714613E-004
     0.10403235E+001    -0.79487194E-003     0.70749108E-004    -0.97865606E+001     0.93085161E-001    -0.41341154E-003     0.33018093E-004
     0.10410834E+001    -0.79469337E-003     0.69269812E-004    -0.97846404E+001     0.91143504E-001    -0.41318748E-003     0.32322943E-004
     0.10418434E+001    -0.79451845E-003     0.67792732E-004    -0.97827604E+001     0.89204465E-001    -0.41296819E-003     0.31629133E-004
     0.10426033E+001    -0.79434718E-003     0.66317820E-004    -0.97809205E+001     0.87267987E-001    -0.41275365E-003     0.30936633E-004
     0.10433632E+001    -0.79417956E-003     0.64845028E-004    -0.97791207E+001     0.85334014E-001    -0.41254385E-003     0.30245412E-004
     0.10441231E+001    -0.79401561E-003     0.63374304E-004    -0.97773609E+001     0.83402489E-001    -0.41233879E-003     0.29555442E-004
     0.10448830E+001    -0.79385530E-003     0.61905596E-004    -0.97756411E+001     0.81473356E-001    -0.41213846E-003     0.28866691E-004
     0.10456429E+001    -0.79369865E-003     0.60438862E-004    -0.97739613E+001     0.79546557E-001    -0.41194285E-003     0.28179130E-004
     0.10464028E+001    -0.79354567E-003     0.58974053E-004    -0.97723215E+001     0.77622037E-001    -0.41175195E-003     0.27492731E-004
     0.10471628E+001    -0.79339634E-003     0.57511118E-004    -0.97707215E+001     0.75699741E-001    -0.41156575E-003     0.26807463E-004
     0.10479227E+001    -0.79325068E-003     0.56050009E-004    -0.97691615E+001     0.73779611E-001    -0.41138426E-003     0.26123297E-004
     0.10486826E+001    -0.79310867E-003     0.54590686E-004    -0.97676413E+001     0.71861592E-001    -0.41120745E-003     0.25440204E-004
     0.10494425E+001    -0.79297033E-003     0.53133111E-004    -0.97661609E+001     0.69945628E-001    -0.41103532E-003     0.24758156E-004
     0.10502024E+001    -0.79283566E-003     0.51677227E-004    -0.97647203E+001     0.68031664E-001    -0.41086787E-003     0.24077123E-004
     0.10509623E+001    -0.79270468E-003     0.50222980E-004    -0.97633195E+001     0.66119645E-001    -0.41070508E-003     0.23397076E-004
     0.10517223E+001    -0.79257737E-003     0.48770321E-004    -0.97619584E+001     0.64209515E-001    -0.41054696E-003     0.22717987E-004
     0.10524822E+001    -0.79245372E-003     0.47319201E-004    -0.97606371E+001     0.62301218E-001    -0.41039349E-003     0.22039828E-004
     0.10532421E+001    -0.79233374E-003     0.45869583E-004    -0.97593555E+001     0.60394700E-001    -0.41024467E-003     0.21362569E-004
     0.10540020E+001    -0.79221744E-003     0.44421432E-004    -0.97581135E+001     0.58489906E-001    -0.41010049E-003     0.20686183E-004
     0.10547619E+001    -0.79210482E-003     0.42974696E-004    -0.97569112E+001     0.56586781E-001    -0.40996095E-003     0.20010642E-004
     0.10555218E+001    -0.79199589E-003     0.41529315E-004    -0.97557486E+001     0.54685270E-001    -0.40982603E-003     0.19335916E-004
     0.10562817E+001    -0.79189063E-003     0.40085248E-004    -0.97546255E+001     0.52785318E-001    -0.40969575E-003     0.18661979E-004
     0.10570417E+001    -0.79178905E-003     0.38642455E-004    -0.97535420E+001     0.50886871E-001    -0.40957008E-003     0.17988801E-004
     0.10578016E+001    -0.79169117E-003     0.37200884E-004    -0.97524981E+001     0.48989874E-001    -0.40944903E-003     0.17316356E-004
     0.10585615E+001    -0.79159697E-003     0.35760482E-004    -0.97514938E+001     0.47094272E-001    -0.40933258E-003     0.16644615E-004
     0.10593214E+001    -0.79150645E-003     0.34321210E-004    -0.97505290E+001     0.45200013E-001    -0.40922074E-003     0.15973551E-004
     0.10600813E+001    -0.79141961E-003     0.32883029E-004    -0.97496037E+001     0.43307040E-001    -0.40911350E-003     0.15303136E-004
     0.10608412E+001    -0.79133646E-003     0.31445892E-004    -0.97487179E+001     0.41415300E-001    -0.40901086E-003     0.14633343E-004
     0.10616011E+001    -0.79125700E-003     0.30009750E-004    -0.97478716E+001     0.39524739E-001    -0.40891281E-003     0.13964143E-004
     0.10623611E+001    -0.79118123E-003     0.28574557E-004    -0.97470647E+001     0.37635302E-001    -0.40881935E-003     0.13295510E-004
     0.10631210E+001    -0.79110916E-003     0.27140264E-004    -0.97462973E+001     0.35746937E-001    -0.40873047E-003     0.12627416E-004
     0.10638809E+001    -0.79104078E-003     0.25706825E-004    -0.97455694E+001     0.33859588E-001    -0.40864617E-003     0.11959834E-004
     0.10646408E+001    -0.79097609E-003     0.24274198E-004    -0.97448808E+001     0.31973202E-001    -0.40856644E-003     0.11292736E-004
     0.10654007E+001    -0.79091509E-003     0.22842338E-004    -0.97442317E+001     0.30087725E-001    -0.40849129E-003     0.10626096E-004
     0.10661606E+001    -0.79085778E-003     0.21411197E-004    -0.97436220E+001     0.28203104E-001    -0.40842071E-003     0.99598854E-005
     0.10669206E+001    -0.79080416E-003     0.19980734E-004    -0.97430517E+001     0.26319284E-001    -0.40835470E-003     0.92940782E-005
     0.10676805E+001    -0.79075424E-003     0.18550905E-004    -0.97425207E+001     0.24436212E-001    -0.40829325E-003     0.86286469E-005
     0.10684404E+001    -0.79070802E-003     0.17121654E-004    -0.97420291E+001     0.22553835E-001    -0.40823636E-003     0.79635646E-005
     0.10692003E+001    -0.79066549E-003     0.15692937E-004    -0.97415769E+001     0.20672098E-001    -0.40818403E-003     0.72988043E-005
     0.10699602E+001    -0.79062664E-003     0.14264727E-004    -0.97411640E+001     0.18790949E-001    -0.40813626E-003     0.66343389E-005
     0.10707201E+001    -0.79059149E-003     0.12836980E-004    -0.97407905E+001     0.16910333E-001    -0.40809305E-003     0.59701417E-005
     0.10714800E+001    -0.79056005E-003     0.11409636E-004    -0.97404563E+001     0.15030198E-001    -0.40805439E-003     0.53061856E-005
     0.10722400E+001    -0.79053231E-003     0.99826529E-005    -0.97401614E+001     0.13150490E-001    -0.40802028E-003     0.46424439E-005
     0.10729999E+001    -0.79050827E-003     0.85559854E-005    -0.97399059E+001     0.11271155E-001    -0.40799072E-003     0.39788896E-005
     0.10737598E+001    -0.79048794E-003     0.71295826E-005    -0.97396897E+001     0.93921403E-002    -0.40796571E-003     0.33154960E-005
     0.10745197E+001    -0.79047130E-003     0.57034040E-005    -0.97395128E+001     0.75133922E-002    -0.40794525E-003     0.26522362E-005
     0.10752796E+001    -0.79045836E-003     0.42774044E-005    -0.97393752E+001     0.56348575E-002    -0.40792934E-003     0.19890835E-005
     0.10760395E+001    -0.79044913E-003     0.28515320E-005    -0.97392769E+001     0.37564828E-002    -0.40791797E-003     0.13260111E-005
     0.10767994E+001    -0.79044359E-003     0.14257423E-005    -0.97392180E+001     0.18782147E-002    -0.40791115E-003     0.66299216E-006
