#      omega [at.u.]    re,pade,pol. 1 2    im,pade,pol. 1 2    re,pade,pol. 2 2    im,pade,pol. 2 2    re,pade,pol. 3 2    im,pade,pol. 3 2
     0.00000000E+000    -0.35066440E+000     0.44593018E-014     0.13169316E+005     0.11202420E-012     0.54380375E+000    -0.58550530E-015
     0.36749325E-003    -0.35066739E+000     0.95665505E-005     0.13169532E+005     0.22538348E+001     0.54381038E+000     0.37871270E-004
     0.73498651E-003    -0.35067636E+000     0.19114767E-004     0.13170178E+005     0.45082381E+001     0.54383029E+000     0.75757609E-004
     0.11024798E-002    -0.35069131E+000     0.28627525E-004     0.13171255E+005     0.67637789E+001     0.54386347E+000     0.11367410E-003
     0.14699730E-002    -0.35071225E+000     0.38088510E-004     0.13172764E+005     0.90210269E+001     0.54390994E+000     0.15163585E-003
     0.18374663E-002    -0.35073920E+000     0.47481579E-004     0.13174704E+005     0.11280553E+002     0.54396970E+000     0.18965801E-003
     0.22049595E-002    -0.35077216E+000     0.56790515E-004     0.13177077E+005     0.13542930E+002     0.54404277E+000     0.22775576E-003
     0.25724528E-002    -0.35081116E+000     0.65999011E-004     0.13179882E+005     0.15808733E+002     0.54412917E+000     0.26594437E-003
     0.29399460E-002    -0.35085622E+000     0.75090669E-004     0.13183121E+005     0.18078538E+002     0.54422892E+000     0.30423917E-003
     0.33074393E-002    -0.35090738E+000     0.84048922E-004     0.13186795E+005     0.20352926E+002     0.54434204E+000     0.34265558E-003
     0.36749325E-002    -0.35096464E+000     0.92856925E-004     0.13190904E+005     0.22632481E+002     0.54446856E+000     0.38120910E-003
     0.40424258E-002    -0.35102807E+000     0.10149747E-003     0.13195449E+005     0.24917788E+002     0.54460851E+000     0.41991538E-003
     0.44099190E-002    -0.35109768E+000     0.10995289E-003     0.13200432E+005     0.27209440E+002     0.54476193E+000     0.45879015E-003
     0.47774123E-002    -0.35117354E+000     0.11820503E-003     0.13205854E+005     0.29508033E+002     0.54492886E+000     0.49784932E-003
     0.51449056E-002    -0.35125567E+000     0.12623539E-003     0.13211717E+005     0.31814167E+002     0.54510932E+000     0.53710893E-003
     0.55123988E-002    -0.35134413E+000     0.13402542E-003     0.13218021E+005     0.34128450E+002     0.54530338E+000     0.57658518E-003
     0.58798921E-002    -0.35143898E+000     0.14155655E-003     0.13224769E+005     0.36451493E+002     0.54551107E+000     0.61629448E-003
     0.62473853E-002    -0.35154027E+000     0.14880993E-003     0.13231963E+005     0.38783916E+002     0.54573245E+000     0.65625341E-003
     0.66148786E-002    -0.35164807E+000     0.15576619E-003     0.13239604E+005     0.41126344E+002     0.54596757E+000     0.69647877E-003
     0.69823718E-002    -0.35176244E+000     0.16240548E-003     0.13247694E+005     0.43479411E+002     0.54621650E+000     0.73698757E-003
     0.73498651E-002    -0.35188345E+000     0.16870765E-003     0.13256237E+005     0.45843759E+002     0.54647929E+000     0.77779708E-003
     0.77173583E-002    -0.35201119E+000     0.17465221E-003     0.13265233E+005     0.48220036E+002     0.54675601E+000     0.81892482E-003
     0.80848516E-002    -0.35214572E+000     0.18021787E-003     0.13274685E+005     0.50608903E+002     0.54704672E+000     0.86038856E-003
     0.84523448E-002    -0.35228714E+000     0.18538217E-003     0.13284596E+005     0.53011026E+002     0.54735151E+000     0.90220638E-003
     0.88198381E-002    -0.35243553E+000     0.19012147E-003     0.13294969E+005     0.55427085E+002     0.54767046E+000     0.94439667E-003
     0.91873314E-002    -0.35259100E+000     0.19441138E-003     0.13305807E+005     0.57857769E+002     0.54800363E+000     0.98697811E-003
     0.95548246E-002    -0.35275363E+000     0.19822735E-003     0.13317111E+005     0.60303777E+002     0.54835112E+000     0.10299698E-002
     0.99223179E-002    -0.35292354E+000     0.20154492E-003     0.13328887E+005     0.62765822E+002     0.54871301E+000     0.10733910E-002
     0.10289811E-001    -0.35310082E+000     0.20433958E-003     0.13341136E+005     0.65244628E+002     0.54908940E+000     0.11172617E-002
     0.10657304E-001    -0.35328561E+000     0.20658633E-003     0.13353862E+005     0.67740933E+002     0.54948039E+000     0.11616019E-002
     0.11024798E-001    -0.35347801E+000     0.20825892E-003     0.13367069E+005     0.70255488E+002     0.54988608E+000     0.12064323E-002
     0.11392291E-001    -0.35367816E+000     0.20932950E-003     0.13380761E+005     0.72789059E+002     0.55030657E+000     0.12517739E-002
     0.11759784E-001    -0.35388618E+000     0.20976885E-003     0.13394940E+005     0.75342427E+002     0.55074198E+000     0.12976482E-002
     0.12127277E-001    -0.35410223E+000     0.20954694E-003     0.13409612E+005     0.77916389E+002     0.55119242E+000     0.13440772E-002
     0.12494771E-001    -0.35432644E+000     0.20863309E-003     0.13424781E+005     0.80511758E+002     0.55165801E+000     0.13910834E-002
     0.12862264E-001    -0.35455896E+000     0.20699573E-003     0.13440450E+005     0.83129365E+002     0.55213888E+000     0.14386898E-002
     0.13229757E-001    -0.35479996E+000     0.20460199E-003     0.13456624E+005     0.85770059E+002     0.55263514E+000     0.14869201E-002
     0.13597250E-001    -0.35504961E+000     0.20141753E-003     0.13473309E+005     0.88434709E+002     0.55314695E+000     0.15357984E-002
     0.13964744E-001    -0.35530806E+000     0.19740649E-003     0.13490508E+005     0.91124201E+002     0.55367444E+000     0.15853495E-002
     0.14332237E-001    -0.35557552E+000     0.19253141E-003     0.13508227E+005     0.93839446E+002     0.55421776E+000     0.16355989E-002
     0.14699730E-001    -0.35585216E+000     0.18675310E-003     0.13526471E+005     0.96581374E+002     0.55477704E+000     0.16865727E-002
     0.15067223E-001    -0.35613819E+000     0.18003076E-003     0.13545245E+005     0.99350938E+002     0.55535246E+000     0.17382977E-002
     0.15434717E-001    -0.35643380E+000     0.17232231E-003     0.13564555E+005     0.10214912E+003     0.55594417E+000     0.17908015E-002
     0.15802210E-001    -0.35673922E+000     0.16358464E-003     0.13584407E+005     0.10497691E+003     0.55655234E+000     0.18441124E-002
     0.16169703E-001    -0.35705465E+000     0.15377352E-003     0.13604806E+005     0.10783535E+003     0.55717714E+000     0.18982596E-002
     0.16537196E-001    -0.35738035E+000     0.14284313E-003     0.13625760E+005     0.11072548E+003     0.55781876E+000     0.19532731E-002
     0.16904690E-001    -0.35771654E+000     0.13074574E-003     0.13647273E+005     0.11364840E+003     0.55847737E+000     0.20091837E-002
     0.17272183E-001    -0.35806349E+000     0.11743126E-003     0.13669354E+005     0.11660522E+003     0.55915317E+000     0.20660233E-002
     0.17639676E-001    -0.35842146E+000     0.10284681E-003     0.13692008E+005     0.11959707E+003     0.55984636E+000     0.21238247E-002
     0.18007169E-001    -0.35879072E+000     0.86936562E-004     0.13715243E+005     0.12262514E+003     0.56055715E+000     0.21826216E-002
     0.18374663E-001    -0.35917157E+000     0.69641839E-004     0.13739066E+005     0.12569064E+003     0.56128575E+000     0.22424490E-002
     0.18742156E-001    -0.35956430E+000     0.50901290E-004     0.13763484E+005     0.12879481E+003     0.56203237E+000     0.23033428E-002
     0.19109649E-001    -0.35996922E+000     0.30650891E-004     0.13788506E+005     0.13193893E+003     0.56279725E+000     0.23653402E-002
     0.19477142E-001    -0.36038666E+000     0.88239522E-005     0.13814140E+005     0.13512432E+003     0.56358063E+000     0.24284795E-002
     0.19844636E-001    -0.36081695E+000    -0.14648721E-004     0.13840393E+005     0.13835235E+003     0.56438273E+000     0.24928005E-002
     0.20212129E-001    -0.36126046E+000    -0.39838889E-004     0.13867274E+005     0.14162441E+003     0.56520383E+000     0.25583439E-002
     0.20579622E-001    -0.36171754E+000    -0.66821315E-004     0.13894792E+005     0.14494195E+003     0.56604417E+000     0.26251523E-002
     0.20947115E-001    -0.36218858E+000    -0.95674410E-004     0.13922957E+005     0.14830646E+003     0.56690403E+000     0.26932696E-002
     0.21314609E-001    -0.36267398E+000    -0.12648067E-003     0.13951778E+005     0.15171949E+003     0.56778369E+000     0.27627410E-002
     0.21682102E-001    -0.36317416E+000    -0.15932668E-003     0.13981264E+005     0.15518262E+003     0.56868343E+000     0.28336136E-002
     0.22049595E-001    -0.36368956E+000    -0.19430309E-003     0.14011425E+005     0.15869750E+003     0.56960356E+000     0.29059361E-002
     0.22417088E-001    -0.36422063E+000    -0.23150500E-003     0.14042273E+005     0.16226581E+003     0.57054437E+000     0.29797590E-002
     0.22784582E-001    -0.36476785E+000    -0.27103246E-003     0.14073817E+005     0.16588933E+003     0.57150619E+000     0.30551346E-002
     0.23152075E-001    -0.36533171E+000    -0.31299078E-003     0.14106069E+005     0.16956984E+003     0.57248935E+000     0.31321171E-002
     0.23519568E-001    -0.36591274E+000    -0.35749084E-003     0.14139041E+005     0.17330925E+003     0.57349419E+000     0.32107628E-002
     0.23887062E-001    -0.36651147E+000    -0.40464939E-003     0.14172744E+005     0.17710947E+003     0.57452106E+000     0.32911303E-002
     0.24254555E-001    -0.36712847E+000    -0.45458942E-003     0.14207190E+005     0.18097254E+003     0.57557032E+000     0.33732801E-002
     0.24622048E-001    -0.36776433E+000    -0.50744039E-003     0.14242392E+005     0.18490052E+003     0.57664236E+000     0.34572755E-002
     0.24989541E-001    -0.36841967E+000    -0.56333841E-003     0.14278363E+005     0.18889559E+003     0.57773756E+000     0.35431819E-002
     0.25357035E-001    -0.36909513E+000    -0.62242665E-003     0.14315117E+005     0.19295996E+003     0.57885632E+000     0.36310675E-002
     0.25724528E-001    -0.36979139E+000    -0.68485551E-003     0.14352668E+005     0.19709597E+003     0.57999907E+000     0.37210033E-002
     0.26092021E-001    -0.37050915E+000    -0.75078286E-003     0.14391029E+005     0.20130602E+003     0.58116623E+000     0.38130630E-002
     0.26459514E-001    -0.37124914E+000    -0.82037474E-003     0.14430216E+005     0.20559261E+003     0.58235826E+000     0.39073235E-002
     0.26827008E-001    -0.37201215E+000    -0.89380648E-003     0.14470244E+005     0.20995833E+003     0.58357562E+000     0.40038648E-002
     0.27194501E-001    -0.37279898E+000    -0.97126359E-003     0.14511130E+005     0.21440587E+003     0.58481878E+000     0.41027702E-002
     0.27561994E-001    -0.37361048E+000    -0.10529422E-002     0.14552888E+005     0.21893804E+003     0.58608825E+000     0.42041268E-002
     0.27929487E-001    -0.37444753E+000    -0.11390494E-002     0.14595538E+005     0.22355774E+003     0.58738454E+000     0.43080252E-002
     0.28296981E-001    -0.37531107E+000    -0.12298042E-002     0.14639095E+005     0.22826801E+003     0.58870818E+000     0.44145599E-002
     0.28664474E-001    -0.37620206E+000    -0.13254380E-002     0.14683579E+005     0.23307198E+003     0.59005974E+000     0.45238297E-002
     0.29031967E-001    -0.37712154E+000    -0.14261957E-002     0.14729008E+005     0.23797294E+003     0.59143977E+000     0.46359376E-002
     0.29399460E-001    -0.37807057E+000    -0.15323363E-002     0.14775401E+005     0.24297430E+003     0.59284888E+000     0.47509916E-002
     0.29766954E-001    -0.37905028E+000    -0.16441337E-002     0.14822780E+005     0.24807961E+003     0.59428768E+000     0.48691040E-002
     0.30134447E-001    -0.38006185E+000    -0.17618781E-002     0.14871164E+005     0.25329259E+003     0.59575682E+000     0.49903926E-002
     0.30501940E-001    -0.38110651E+000    -0.18858770E-002     0.14920575E+005     0.25861709E+003     0.59725695E+000     0.51149806E-002
     0.30869433E-001    -0.38218557E+000    -0.20164566E-002     0.14971036E+005     0.26405715E+003     0.59878877E+000     0.52429970E-002
     0.31236927E-001    -0.38330041E+000    -0.21539632E-002     0.15022569E+005     0.26961697E+003     0.60035299E+000     0.53745766E-002
     0.31604420E-001    -0.38445245E+000    -0.22987648E-002     0.15075200E+005     0.27530094E+003     0.60195036E+000     0.55098609E-002
     0.31971913E-001    -0.38564322E+000    -0.24512524E-002     0.15128952E+005     0.28111367E+003     0.60358165E+000     0.56489981E-002
     0.32339406E-001    -0.38687430E+000    -0.26118409E-002     0.15183852E+005     0.28705993E+003     0.60524766E+000     0.57921436E-002
     0.32706900E-001    -0.38814738E+000    -0.27809709E-002     0.15239927E+005     0.29314474E+003     0.60694923E+000     0.59394606E-002
     0.33074393E-001    -0.38946422E+000    -0.29591106E-002     0.15297204E+005     0.29937336E+003     0.60868722E+000     0.60911200E-002
     0.33441886E-001    -0.39082667E+000    -0.31467586E-002     0.15355712E+005     0.30575126E+003     0.61046254E+000     0.62473019E-002
     0.33809379E-001    -0.39223672E+000    -0.33444466E-002     0.15415481E+005     0.31228420E+003     0.61227612E+000     0.64081949E-002
     0.34176873E-001    -0.39369642E+000    -0.35527416E-002     0.15476542E+005     0.31897821E+003     0.61412894E+000     0.65739977E-002
     0.34544366E-001    -0.39520796E+000    -0.37722484E-002     0.15538927E+005     0.32583958E+003     0.61602203E+000     0.67449192E-002
     0.34911859E-001    -0.39677365E+000    -0.40036131E-002     0.15602671E+005     0.33287496E+003     0.61795644E+000     0.69211792E-002
     0.35279352E-001    -0.39839592E+000    -0.42475251E-002     0.15667808E+005     0.34009128E+003     0.61993328E+000     0.71030091E-002
     0.35646846E-001    -0.40007736E+000    -0.45047213E-002     0.15734374E+005     0.34749584E+003     0.62195369E+000     0.72906530E-002
     0.36014339E-001    -0.40182068E+000    -0.47759897E-002     0.15802407E+005     0.35509630E+003     0.62401889E+000     0.74843678E-002
     0.36381832E-001    -0.40362877E+000    -0.50621729E-002     0.15871946E+005     0.36290072E+003     0.62613012E+000     0.76844247E-002
     0.36749325E-001    -0.40550467E+000    -0.53641729E-002     0.15943032E+005     0.37091757E+003     0.62828870E+000     0.78911101E-002
     0.37116819E-001    -0.40745162E+000    -0.56829560E-002     0.16015708E+005     0.37915577E+003     0.63049599E+000     0.81047262E-002
     0.37484312E-001    -0.40947304E+000    -0.60195583E-002     0.16090017E+005     0.38762470E+003     0.63275341E+000     0.83255923E-002
     0.37851805E-001    -0.41157257E+000    -0.63750916E-002     0.16166007E+005     0.39633424E+003     0.63506246E+000     0.85540464E-002
     0.38219298E-001    -0.41375405E+000    -0.67507503E-002     0.16243726E+005     0.40529484E+003     0.63742471E+000     0.87904456E-002
     0.38586792E-001    -0.41602158E+000    -0.71478177E-002     0.16323223E+005     0.41451749E+003     0.63984178E+000     0.90351683E-002
     0.38954285E-001    -0.41837951E+000    -0.75676742E-002     0.16404551E+005     0.42401379E+003     0.64231538E+000     0.92886154E-002
     0.39321778E-001    -0.42083246E+000    -0.80118051E-002     0.16487765E+005     0.43379601E+003     0.64484730E+000     0.95512118E-002
     0.39689271E-001    -0.42338535E+000    -0.84818100E-002     0.16572922E+005     0.44387712E+003     0.64743942E+000     0.98234082E-002
     0.40056765E-001    -0.42604341E+000    -0.89794135E-002     0.16660082E+005     0.45427082E+003     0.65009370E+000     0.10105683E-001
     0.40424258E-001    -0.42881221E+000    -0.95064764E-002     0.16749307E+005     0.46499164E+003     0.65281221E+000     0.10398545E-001
     0.40791751E-001    -0.43169771E+000    -0.10065009E-001     0.16840664E+005     0.47605495E+003     0.65559710E+000     0.10702535E-001
     0.41159244E-001    -0.43470625E+000    -0.10657182E-001     0.16934219E+005     0.48747704E+003     0.65845065E+000     0.11018227E-001
     0.41526738E-001    -0.43784459E+000    -0.11285347E-001     0.17030045E+005     0.49927522E+003     0.66137525E+000     0.11346234E-001
     0.41894231E-001    -0.44111997E+000    -0.11952048E-001     0.17128217E+005     0.51146783E+003     0.66437341E+000     0.11687208E-001
     0.42261724E-001    -0.44454014E+000    -0.12660044E-001     0.17228814E+005     0.52407438E+003     0.66744776E+000     0.12041846E-001
     0.42629217E-001    -0.44811336E+000    -0.13412329E-001     0.17331918E+005     0.53711562E+003     0.67060108E+000     0.12410890E-001
     0.42996711E-001    -0.45184850E+000    -0.14212156E-001     0.17437617E+005     0.55061362E+003     0.67383631E+000     0.12795133E-001
     0.43364204E-001    -0.45575507E+000    -0.15063058E-001     0.17546000E+005     0.56459191E+003     0.67715653E+000     0.13195424E-001
     0.43731697E-001    -0.45984325E+000    -0.15968881E-001     0.17657165E+005     0.57907555E+003     0.68056498E+000     0.13612670E-001
     0.44099190E-001    -0.46412399E+000    -0.16933814E-001     0.17771211E+005     0.59409131E+003     0.68406512E+000     0.14047845E-001
     0.44466684E-001    -0.46860906E+000    -0.17962428E-001     0.17888244E+005     0.60966776E+003     0.68766055E+000     0.14501990E-001
     0.44834177E-001    -0.47331110E+000    -0.19059714E-001     0.18008377E+005     0.62583547E+003     0.69135512E+000     0.14976224E-001
     0.45201670E-001    -0.47824373E+000    -0.20231126E-001     0.18131726E+005     0.64262713E+003     0.69515288E+000     0.15471748E-001
     0.45569163E-001    -0.48342163E+000    -0.21482637E-001     0.18258417E+005     0.66007779E+003     0.69905813E+000     0.15989855E-001
     0.45936657E-001    -0.48886062E+000    -0.22820788E-001     0.18388579E+005     0.67822501E+003     0.70307540E+000     0.16531935E-001
     0.46304150E-001    -0.49457781E+000    -0.24252759E-001     0.18522351E+005     0.69710913E+003     0.70720954E+000     0.17099487E-001
     0.46671643E-001    -0.50059167E+000    -0.25786438E-001     0.18659879E+005     0.71677351E+003     0.71146564E+000     0.17694128E-001
     0.47039137E-001    -0.50692219E+000    -0.27430503E-001     0.18801319E+005     0.73726478E+003     0.71584915E+000     0.18317602E-001
     0.47406630E-001    -0.51359101E+000    -0.29194513E-001     0.18946833E+005     0.75863319E+003     0.72036584E+000     0.18971798E-001
     0.47774123E-001    -0.52062163E+000    -0.31089012E-001     0.19096596E+005     0.78093293E+003     0.72502186E+000     0.19658758E-001
     0.48141616E-001    -0.52803952E+000    -0.33125652E-001     0.19250792E+005     0.80422252E+003     0.72982376E+000     0.20380696E-001
     0.48509110E-001    -0.53587239E+000    -0.35317320E-001     0.19409616E+005     0.82856524E+003     0.73477851E+000     0.21140015E-001
     0.48876603E-001    -0.54415038E+000    -0.37678298E-001     0.19573277E+005     0.85402958E+003     0.73989356E+000     0.21939325E-001
     0.49244096E-001    -0.55290632E+000    -0.40224437E-001     0.19741995E+005     0.88068982E+003     0.74517686E+000     0.22781468E-001
     0.49611589E-001    -0.56217604E+000    -0.42973356E-001     0.19916006E+005     0.90862658E+003     0.75063693E+000     0.23669538E-001
     0.49979083E-001    -0.57199867E+000    -0.45944679E-001     0.20095562E+005     0.93792754E+003     0.75628285E+000     0.24606912E-001
     0.50346576E-001    -0.58241701E+000    -0.49160295E-001     0.20280930E+005     0.96868815E+003     0.76212438E+000     0.25597280E-001
     0.50714069E-001    -0.59347791E+000    -0.52644667E-001     0.20472397E+005     0.10010125E+004     0.76817200E+000     0.26644682E-001
     0.51081562E-001    -0.60523279E+000    -0.56425185E-001     0.20670269E+005     0.10350144E+004     0.77443694E+000     0.27753544E-001
     0.51449056E-001    -0.61773809E+000    -0.60532576E-001     0.20874875E+005     0.10708182E+004     0.78093128E+000     0.28928727E-001
     0.51816549E-001    -0.63105590E+000    -0.65001375E-001     0.21086567E+005     0.11085603E+004     0.78766805E+000     0.30175579E-001
     0.52184042E-001    -0.64525464E+000    -0.69870480E-001     0.21305722E+005     0.11483905E+004     0.79466127E+000     0.31499988E-001
     0.52551535E-001    -0.66040975E+000    -0.75183798E-001     0.21532747E+005     0.11904736E+004     0.80192609E+000     0.32908459E-001
     0.52919029E-001    -0.67660465E+000    -0.80990997E-001     0.21768079E+005     0.12349911E+004     0.80947889E+000     0.34408180E-001
     0.53286522E-001    -0.69393164E+000    -0.87348392E-001     0.22012190E+005     0.12821437E+004     0.81733740E+000     0.36007121E-001
     0.53654015E-001    -0.71249308E+000    -0.94319990E-001     0.22265590E+005     0.13321533E+004     0.82552084E+000     0.37714129E-001
     0.54021508E-001    -0.73240265E+000    -0.10197872E+000     0.22528829E+005     0.13852661E+004     0.83405008E+000     0.39539048E-001
     0.54389002E-001    -0.75378685E+000    -0.11040789E+000     0.22802505E+005     0.14417558E+004     0.84294781E+000     0.41492858E-001
     0.54756495E-001    -0.77678669E+000    -0.11970292E+000     0.23087263E+005     0.15019275E+004     0.85223875E+000     0.43587831E-001
     0.55123988E-001    -0.80155963E+000    -0.12997341E+000     0.23383808E+005     0.15661219E+004     0.86194989E+000     0.45837717E-001
     0.55491481E-001    -0.82828190E+000    -0.14134560E+000     0.23692905E+005     0.16347204E+004     0.87211068E+000     0.48257963E-001
     0.55858975E-001    -0.85715104E+000    -0.15396535E+000     0.24015389E+005     0.17081516E+004     0.88275342E+000     0.50865963E-001
     0.56226468E-001    -0.88838900E+000    -0.16800173E+000     0.24352173E+005     0.17868977E+004     0.89391351E+000     0.53681364E-001
     0.56593961E-001    -0.92224559E+000    -0.18365135E+000     0.24704255E+005     0.18715038E+004     0.90562985E+000     0.56726414E-001
     0.56961454E-001    -0.95900264E+000    -0.20114362E+000     0.25072730E+005     0.19625869E+004     0.91794527E+000     0.60026388E-001
     0.57328948E-001    -0.99897869E+000    -0.22074721E+000     0.25458802E+005     0.20608484E+004     0.93090705E+000     0.63610086E-001
     0.57696441E-001    -0.10425346E+001    -0.24277793E+000     0.25863796E+005     0.21670881E+004     0.94456742E+000     0.67510435E-001
     0.58063934E-001    -0.10900800E+001    -0.26760851E+000     0.26289177E+005     0.22822210E+004     0.95898427E+000     0.71765208E-001
     0.58431427E-001    -0.11420808E+001    -0.29568062E+000     0.26736563E+005     0.24072982E+004     0.97422188E+000     0.76417898E-001
     0.58798921E-001    -0.11990682E+001    -0.32751993E+000     0.27207748E+005     0.25435314E+004     0.99035174E+000     0.81518773E-001
     0.59166414E-001    -0.12616489E+001    -0.36375494E+000     0.27704726E+005     0.26923236E+004     0.10074536E+001     0.87126164E-001
     0.59533907E-001    -0.13305169E+001    -0.40514067E+000     0.28229718E+005     0.28553059E+004     0.10256166E+001     0.93308049E-001
     0.59901400E-001    -0.14064680E+001    -0.45258869E+000     0.28785204E+005     0.30343836E+004     0.10449405E+001     0.10014400E+000
     0.60268894E-001    -0.14904155E+001    -0.50720541E+000     0.29373958E+005     0.32317927E+004     0.10655375E+001     0.10772758E+000
     0.60636387E-001    -0.15834088E+001    -0.57034117E+000     0.29999091E+005     0.34501706E+004     0.10875336E+001     0.11616941E+000
     0.61003880E-001    -0.16866547E+001    -0.64365366E+000     0.30664100E+005     0.36926454E+004     0.11110710E+001     0.12560089E+000
     0.61371373E-001    -0.18015401E+001    -0.72919044E+000     0.31372923E+005     0.39629474E+004     0.11363103E+001     0.13617901E+000
     0.61738867E-001    -0.19296578E+001    -0.82949694E+000     0.32130002E+005     0.42655521E+004     0.11634332E+001     0.14809246E+000
     0.62106360E-001    -0.20728312E+001    -0.94775908E+000     0.32940356E+005     0.46058634E+004     0.11926453E+001     0.16156939E+000
     0.62473853E-001    -0.22331378E+001    -0.10879929E+001     0.33809654E+005     0.49904498E+004     0.12241799E+001     0.17688754E+000
     0.62841346E-001    -0.24129249E+001    -0.12552985E+001     0.34744308E+005     0.54273517E+004     0.12583012E+001     0.19438734E+000
     0.63208840E-001    -0.26148077E+001    -0.14562034E+001     0.35751550E+005     0.59264857E+004     0.12953079E+001     0.21448916E+000
     0.63576333E-001    -0.28416351E+001    -0.16991294E+001     0.36839515E+005     0.65001785E+004     0.13355368E+001     0.23771611E+000
     0.63943826E-001    -0.30963903E+001    -0.19950323E+001     0.38017290E+005     0.71638798E+004     0.13793647E+001     0.26472445E+000
     0.64311319E-001    -0.33819770E+001    -0.23582843E+001     0.39294910E+005     0.79371204E+004     0.14272085E+001     0.29634451E+000
     0.64678813E-001    -0.37007964E+001    -0.28078967E+001     0.40683243E+005     0.88448103E+004     0.14795201E+001     0.33363611E+000
     0.65046306E-001    -0.40539521E+001    -0.33692173E+001     0.42193652E+005     0.99190079E+004     0.15367726E+001     0.37796398E+000
     0.65413799E-001    -0.44397924E+001    -0.40762815E+001     0.43837268E+005     0.11201339E+005     0.15994291E+001     0.43110115E+000
     0.65781292E-001    -0.48512691E+001    -0.49750342E+001     0.45623535E+005     0.12746307E+005     0.16678820E+001     0.49537016E+000
     0.66148786E-001    -0.52711810E+001    -0.61276321E+001     0.47557452E+005     0.14625789E+005     0.17423360E+001     0.57383514E+000
     0.66516279E-001    -0.56636406E+001    -0.76178679E+001     0.49634472E+005     0.16935016E+005     0.18225934E+001     0.67055767E+000
     0.66883772E-001    -0.59588291E+001    -0.95571182E+001     0.51831213E+005     0.19800172E+005     0.19076616E+001     0.79092257E+000
     0.67251265E-001    -0.60260576E+001    -0.12088344E+002     0.54088769E+005     0.23387031E+005     0.19950492E+001     0.94201074E+000
     0.67618759E-001    -0.56273754E+001    -0.15380746E+002     0.56283314E+005     0.27907960E+005     0.20795241E+001     0.11329092E+001
     0.67986252E-001    -0.43422833E+001    -0.19595816E+002     0.58176221E+005     0.33619219E+005     0.21510046E+001     0.13746232E+001
     0.68353745E-001    -0.14618607E+001    -0.24780284E+002     0.59335844E+005     0.40788098E+005     0.21912417E+001     0.16787385E+001
     0.68721239E-001     0.41051229E+001    -0.30600152E+002     0.59036008E+005     0.49585995E+005     0.21694755E+001     0.20529955E+001
     0.69088732E-001     0.13729612E+002    -0.35812171E+002     0.56189392E+005     0.59837198E+005     0.20394405E+001     0.24908107E+001
     0.69456225E-001     0.28300355E+002    -0.37570078E+002     0.49502216E+005     0.70588871E+005     0.17454308E+001     0.29531636E+001
     0.69823718E-001     0.46298888E+002    -0.31477035E+002     0.38158123E+005     0.79735776E+005     0.12503652E+001     0.33522417E+001
     0.70191212E-001     0.61762164E+002    -0.14291512E+002     0.22989690E+005     0.84441978E+005     0.58486765E+000     0.35674521E+001
     0.70558705E-001     0.66259133E+002     0.11072615E+002     0.69463700E+004     0.82859891E+005    -0.13090346E+000     0.35156162E+001
     0.70926198E-001     0.56283505E+002     0.34990726E+002    -0.64467496E+004     0.75702386E+005    -0.74766707E+000     0.32181366E+001
     0.71293691E-001     0.37159235E+002     0.48843134E+002    -0.15292937E+005     0.65601675E+005    -0.11781513E+001     0.27796278E+001
     0.71661185E-001     0.17473971E+002     0.51363535E+002    -0.19768607E+005     0.55149142E+005    -0.14203490E+001     0.23098709E+001
     0.72028678E-001     0.24511528E+001     0.46575205E+002    -0.21068736E+005     0.45827013E+005    -0.15188675E+001     0.18772748E+001
     0.72396171E-001    -0.69892213E+001     0.38971267E+002    -0.20424850E+005     0.38116461E+005    -0.15251655E+001     0.15087999E+001
     0.72763664E-001    -0.12062225E+002     0.31318199E+002    -0.18728501E+005     0.31963035E+005    -0.14798599E+001     0.12064471E+001
     0.73131158E-001    -0.14333202E+002     0.24760961E+002    -0.16525468E+005     0.27126145E+005    -0.14100491E+001     0.96111367E+000
     0.73498651E-001    -0.15015866E+002     0.19523891E+002    -0.14122705E+005     0.23351024E+005    -0.13318427E+001     0.76031619E+000
     0.73866144E-001    -0.14878969E+002     0.15450115E+002    -0.11689550E+005     0.20424908E+005    -0.12535241E+001     0.59183613E+000
     0.74233637E-001    -0.14354929E+002     0.12287252E+002    -0.93219220E+004     0.18182363E+005    -0.11781555E+001     0.44515179E+000
     0.74601131E-001    -0.13666430E+002     0.98023568E+001    -0.70783670E+004     0.16497487E+005    -0.11052417E+001     0.31172609E+000
     0.74968624E-001    -0.12916769E+002     0.78141007E+001    -0.50026962E+004     0.15273360E+005    -0.10313863E+001     0.18510506E+000
     0.75336117E-001    -0.12144831E+002     0.61940728E+001    -0.31392100E+004     0.14427028E+005    -0.95038225E+000     0.61704757E-001
     0.75703610E-001    -0.11356617E+002     0.48605696E+001    -0.15371819E+004     0.13867218E+005    -0.85388758E+000    -0.57162544E-001
     0.76071104E-001    -0.10547235E+002     0.37740653E+001    -0.23323477E+003     0.13469980E+005    -0.73467318E+000    -0.16273974E+000
     0.76438597E-001    -0.97246728E+001     0.29283657E+001     0.79436451E+003     0.13078537E+005    -0.59351262E+000    -0.23949485E+000
     0.76806090E-001    -0.89273773E+001     0.23239267E+001     0.16632037E+004     0.12560776E+005    -0.44471329E+000    -0.27377534E+000
     0.77173583E-001    -0.82115234E+001     0.19340073E+001     0.25458004E+004     0.11890926E+005    -0.31043814E+000    -0.26574893E+000
     0.77541077E-001    -0.76147220E+001     0.17006962E+001     0.35672423E+004     0.11153125E+005    -0.20627513E+000    -0.23019036E+000
     0.77908570E-001    -0.71389018E+001     0.15632436E+001     0.47561983E+004     0.10459653E+005    -0.13432047E+000    -0.18513051E+000
     0.78276063E-001    -0.67637386E+001     0.14811985E+001     0.60791767E+004     0.98848315E+004    -0.87998386E-001    -0.14266572E+000
     0.78643556E-001    -0.64657759E+001     0.14364550E+001     0.74902148E+004     0.94569728E+004    -0.59042904E-001    -0.10790674E+000
     0.79011050E-001    -0.62282718E+001     0.14255880E+001     0.89551950E+004     0.91772394E+004    -0.40910920E-001    -0.81677903E-001
     0.79378543E-001    -0.60438350E+001     0.14528248E+001     0.10455596E+005     0.90370640E+004    -0.29312391E-001    -0.62994613E-001
     0.79746036E-001    -0.59150936E+001     0.15255126E+001     0.11984846E+005     0.90276393E+004    -0.21701276E-001    -0.50412273E-001
     0.80113529E-001    -0.58558645E+001     0.16499675E+001     0.13543990E+005     0.91438932E+004    -0.16672417E-001    -0.42578963E-001
     0.80481023E-001    -0.58919524E+001     0.18247771E+001     0.15138425E+005     0.93858585E+004    -0.13528121E-001    -0.38401435E-001
     0.80848516E-001    -0.60567494E+001     0.20305625E+001     0.16775650E+005     0.97590678E+004    -0.12020893E-001    -0.37070304E-001
     0.81216009E-001    -0.63752841E+001     0.22230853E+001     0.18463568E+005     0.10274587E+005    -0.12214460E-001    -0.38071292E-001
     0.81583502E-001    -0.68427082E+001     0.23459161E+001     0.20209069E+005     0.10948678E+005    -0.14378526E-001    -0.41251633E-001
     0.81950996E-001    -0.74263268E+001     0.23629317E+001     0.22017162E+005     0.11801771E+005    -0.18772610E-001    -0.46941195E-001
     0.82318489E-001    -0.81028045E+001     0.22687978E+001     0.23891887E+005     0.12856871E+005    -0.25144309E-001    -0.55900222E-001
     0.82685982E-001    -0.88799050E+001     0.20519561E+001     0.25840619E+005     0.14139740E+005    -0.32177219E-001    -0.68480839E-001
     0.83053475E-001    -0.97638068E+001     0.16624131E+001     0.27879893E+005     0.15685944E+005    -0.38349335E-001    -0.82879798E-001
     0.83420969E-001    -0.10717831E+002     0.10348787E+001     0.30034047E+005     0.17556293E+005    -0.45423587E-001    -0.95173000E-001
     0.83788462E-001    -0.11672114E+002     0.13393240E+000     0.32320155E+005     0.19850941E+005    -0.60575662E-001    -0.10436725E+000
     0.84155955E-001    -0.12565705E+002    -0.10435656E+001     0.34727016E+005     0.22712646E+005    -0.91324383E-001    -0.11769830E+000
     0.84523448E-001    -0.13356448E+002    -0.25038614E+001     0.37197095E+005     0.26326038E+005    -0.13759125E+000    -0.14794505E+000
     0.84890942E-001    -0.13994341E+002    -0.42719017E+001     0.39601084E+005     0.30922723E+005    -0.19053865E+000    -0.20514021E+000
     0.85258435E-001    -0.14402153E+002    -0.63810197E+001     0.41685634E+005     0.36780776E+005    -0.23873567E+000    -0.29246438E+000
     0.85625928E-001    -0.14461807E+002    -0.88651089E+001     0.42988230E+005     0.44187757E+005    -0.27288718E+000    -0.40980203E+000
     0.85993421E-001    -0.13983699E+002    -0.11738314E+002     0.42732248E+005     0.53322408E+005    -0.28333356E+000    -0.55824393E+000
     0.86360915E-001    -0.12678584E+002    -0.14924921E+002     0.39764482E+005     0.63987287E+005    -0.25370579E+000    -0.73808126E+000
     0.86728408E-001    -0.10197970E+002    -0.18130174E+002     0.32728451E+005     0.75161497E+005    -0.15889680E+000    -0.93840913E+000
     0.87095901E-001    -0.63348029E+001    -0.20728124E+002     0.20786131E+005     0.84623631E+005     0.23215758E-001    -0.11247889E+001
     0.87463394E-001    -0.13662022E+001    -0.21887157E+002     0.48274091E+004     0.89408031E+005     0.28641555E+000    -0.12431559E+001
     0.87830888E-001     0.38142626E+001    -0.21074087E+002    -0.12060008E+005     0.87586964E+005     0.58240724E+000    -0.12518244E+001
     0.88198381E-001     0.81530501E+001    -0.18509976E+002    -0.26184670E+005     0.79896329E+005     0.84592711E+000    -0.11543515E+001
     0.88565874E-001     0.11082523E+002    -0.14971223E+002    -0.35541196E+005     0.69085840E+005     0.10362198E+001    -0.99286912E+000
     0.88933367E-001     0.12635707E+002    -0.11204231E+002    -0.40295488E+005     0.57882411E+005     0.11496412E+001    -0.81410882E+000
     0.89300861E-001     0.13110696E+002    -0.76230651E+001    -0.41695000E+005     0.47859279E+005     0.12036756E+001    -0.64772295E+000
     0.89668354E-001     0.12770770E+002    -0.43776760E+001    -0.41038050E+005     0.39538179E+005     0.12191056E+001    -0.50552672E+000
     0.90035847E-001     0.11754750E+002    -0.15386840E+001    -0.39276318E+005     0.32872003E+005     0.12119255E+001    -0.38894503E+000
     0.90403340E-001     0.10146164E+002     0.76592455E+000    -0.37004017E+005     0.27604355E+005     0.11925087E+001    -0.29548088E+000
     0.90770834E-001     0.81163006E+001     0.23443804E+001    -0.34557768E+005     0.23447572E+005     0.11675122E+001    -0.22193828E+000
     0.91138327E-001     0.59953111E+001     0.30891514E+001    -0.32112560E+005     0.20151470E+005     0.11416678E+001    -0.16504162E+000
     0.91505820E-001     0.41422777E+001     0.31220114E+001    -0.29751249E+005     0.17521086E+005     0.11182392E+001    -0.12116219E+000
     0.91873314E-001     0.27488170E+001     0.27311294E+001    -0.27509273E+005     0.15411496E+005     0.10988071E+001    -0.86688317E-001
     0.92240807E-001     0.18116472E+001     0.21890766E+001    -0.25398770E+005     0.13715264E+005     0.10836601E+001    -0.58830158E-001
     0.92608300E-001     0.12425797E+001     0.16706571E+001    -0.23419584E+005     0.12351894E+005     0.10727456E+001    -0.35817010E-001
     0.92975793E-001     0.94370584E+000     0.12939376E+001    -0.21564668E+005     0.11261204E+005     0.10662900E+001    -0.16338628E-001
     0.93343287E-001     0.78103001E+000     0.11649220E+001    -0.19823495E+005     0.10399123E+005     0.10646856E+001     0.10784724E-002
     0.93710780E-001     0.53203666E+000     0.13227663E+001    -0.18184460E+005     0.97347293E+004     0.10680761E+001     0.18194910E-001
     0.94078273E-001    -0.47762879E-001     0.16227151E+001    -0.16636614E+005     0.92481590E+004     0.10761762E+001     0.36899701E-001
     0.94445766E-001    -0.10322900E+001     0.17534455E+001    -0.15171133E+005     0.89293816E+004     0.10881885E+001     0.59146534E-001
     0.94813260E-001    -0.22487731E+001     0.14499574E+001    -0.13783153E+005     0.87778169E+004     0.11025880E+001     0.86781777E-001
     0.95180753E-001    -0.34340857E+001     0.64733031E+000    -0.12474920E+005     0.88024271E+004     0.11171307E+001     0.12110196E+000
     0.95548246E-001    -0.44058428E+001    -0.58255497E+000    -0.11261218E+005     0.90211285E+004     0.11292402E+001     0.16265023E+000
     0.95915739E-001    -0.50717590E+001    -0.21692780E+001    -0.10177686E+005     0.94575009E+004     0.11361545E+001     0.21141380E+000
     0.96283233E-001    -0.53312432E+001    -0.40898230E+001    -0.92920612E+004     0.10131020E+005     0.11346432E+001     0.26676338E+000
     0.96650726E-001    -0.49992968E+001    -0.62994530E+001    -0.87147355E+004     0.11033645E+005     0.11208551E+001     0.32686227E+000
     0.97018219E-001    -0.38229557E+001    -0.86137121E+001    -0.85932913E+004     0.12085125E+005     0.10905948E+001     0.38771644E+000
     0.97385712E-001    -0.16089800E+001    -0.10610314E+002    -0.90570223E+004     0.13078271E+005     0.10406483E+001     0.44174070E+000
     0.97753206E-001     0.15335410E+001    -0.11655331E+002    -0.10088716E+005     0.13681753E+005     0.97272087E+000     0.47746846E+000
     0.98120699E-001     0.49870204E+001    -0.11208244E+002    -0.11411842E+005     0.13595690E+005     0.89770913E+000     0.48472848E+000
     0.98488192E-001     0.78087746E+001    -0.92879493E+001    -0.12586177E+005     0.12784542E+005     0.83234357E+000     0.46339858E+000
     0.98855685E-001     0.93113463E+001    -0.65762015E+001    -0.13286168E+005     0.11507806E+005     0.78844182E+000     0.42453236E+000
     0.99223179E-001     0.94639496E+001    -0.39698258E+001    -0.13449522E+005     0.10104908E+005     0.76722720E+000     0.38169165E+000
     0.99590672E-001     0.87566775E+001    -0.20480461E+001    -0.13191864E+005     0.88071171E+004     0.76310551E+000     0.34337465E+000
     0.99958165E-001     0.77657994E+001    -0.90492890E+000    -0.12667750E+005     0.77089942E+004     0.76976065E+000     0.31207184E+000
     0.10032566E+000     0.68498603E+001    -0.35034614E+000    -0.11999014E+005     0.68200925E+004     0.78341921E+000     0.28710294E+000
     0.10069315E+000     0.61404041E+001    -0.16525136E+000    -0.11262562E+005     0.61156984E+004     0.80283924E+000     0.26770629E+000
     0.10106064E+000     0.56652049E+001    -0.20098635E+000    -0.10501422E+005     0.55649478E+004     0.82752683E+000     0.25431284E+000
     0.10142814E+000     0.54329565E+001    -0.36007921E+000    -0.97383005E+004     0.51414440E+004     0.85642005E+000     0.24792289E+000
     0.10179563E+000     0.54523296E+001    -0.55738122E+000    -0.89849274E+004     0.48252937E+004     0.88788603E+000     0.24919589E+000
     0.10216312E+000     0.57208258E+001    -0.69916003E+000    -0.82472092E+004     0.46025454E+004     0.92022509E+000     0.25814963E+000
     0.10253062E+000     0.62025194E+001    -0.68302629E+000    -0.75281012E+004     0.44645103E+004     0.95213850E+000     0.27426608E+000
     0.10289811E+000     0.68141511E+001    -0.42558498E+000    -0.68296871E+004     0.44073847E+004     0.98309497E+000     0.29694502E+000
     0.10326560E+000     0.74493417E+001     0.10654963E+000    -0.61551917E+004     0.44319981E+004     0.10132462E+001     0.32630729E+000
     0.10363310E+000     0.80159505E+001     0.90801261E+000    -0.55114375E+004     0.45434161E+004     0.10425807E+001     0.36386748E+000
     0.10400059E+000     0.84342464E+001     0.19647930E+001    -0.49123218E+004     0.47496667E+004     0.10695014E+001     0.41243814E+000
     0.10436808E+000     0.86143397E+001     0.32546665E+001    -0.43833763E+004     0.50577457E+004     0.10894599E+001     0.47482466E+000
     0.10473558E+000     0.84459751E+001     0.47269382E+001    -0.39651887E+004     0.54640065E+004     0.10945808E+001     0.55133632E+000
     0.10510307E+000     0.78027689E+001     0.62658106E+001    -0.37085800E+004     0.59375851E+004     0.10752661E+001     0.63669448E+000
     0.10547056E+000     0.65987661E+001     0.76418533E+001    -0.36499382E+004     0.64055081E+004     0.10249266E+001     0.71789531E+000
     0.10583806E+000     0.49155574E+001     0.85387662E+001    -0.37678413E+004     0.67674129E+004     0.94738517E+000     0.77709905E+000
     0.10620555E+000     0.30705893E+001     0.87327774E+001    -0.39660620E+004     0.69598747E+004     0.85980256E+000     0.80265468E+000
     0.10657304E+000     0.14629248E+001     0.82779704E+001    -0.41354144E+004     0.70153633E+004     0.78248318E+000     0.79936507E+000
     0.10694054E+000     0.32405109E+000     0.74525645E+001    -0.42442029E+004     0.70305525E+004     0.72369468E+000     0.78384548E+000
     0.10730803E+000    -0.34314366E+000     0.65408568E+001    -0.43542010E+004     0.70719222E+004     0.67652963E+000     0.76956806E+000
     0.10767552E+000    -0.64330436E+000     0.57126933E+001    -0.45547032E+004     0.71131132E+004     0.62858576E+000     0.75721853E+000
     0.10804302E+000    -0.68314538E+000     0.50537715E+001    -0.48724608E+004     0.70477851E+004     0.57437620E+000     0.73636309E+000
     0.10841051E+000    -0.56814470E+000     0.46215848E+001    -0.52238355E+004     0.67765171E+004     0.52144745E+000     0.69631438E+000
     0.10877800E+000    -0.42927957E+000     0.44327297E+001    -0.54681271E+004     0.63011216E+004     0.48433917E+000     0.63729787E+000
     0.10914550E+000    -0.39104220E+000     0.44255026E+001    -0.55155625E+004     0.57215674E+004     0.47257924E+000     0.57043756E+000
     0.10951299E+000    -0.50722623E+000     0.44786244E+001    -0.53682747E+004     0.51512467E+004     0.48601300E+000     0.50896833E+000
     0.10988048E+000    -0.73698448E+000     0.44833306E+001    -0.50804866E+004     0.46578030E+004     0.51838081E+000     0.46215168E+000
     0.11024798E+000    -0.99299068E+000     0.44098603E+001    -0.47105865E+004     0.42619755E+004     0.56153611E+000     0.43466030E+000
     0.11061547E+000    -0.12254291E+001     0.43007450E+001    -0.43012670E+004     0.39590811E+004     0.60733562E+000     0.42778046E+000
     0.11098296E+000    -0.14520384E+001     0.41979531E+001    -0.38791599E+004     0.37352461E+004     0.64801804E+000     0.44030333E+000
     0.11135046E+000    -0.17133243E+001     0.40929629E+001    -0.34587405E+004     0.35747819E+004     0.67616008E+000     0.46831945E+000
     0.11171795E+000    -0.20200712E+001     0.39398079E+001    -0.30456466E+004     0.34638472E+004     0.68590021E+000     0.50413515E+000
     0.11208544E+000    -0.23398422E+001     0.36966258E+001    -0.26395467E+004     0.33921830E+004     0.67618438E+000     0.53658834E+000
     0.11245294E+000    -0.26188956E+001     0.33541413E+001    -0.22356969E+004     0.33543358E+004     0.65376624E+000     0.55503294E+000
     0.11282043E+000    -0.28100205E+001     0.29338315E+001    -0.18273687E+004     0.33523048E+004     0.63162511E+000     0.55591961E+000
     0.11318792E+000    -0.28799785E+001     0.24733635E+001    -0.14115626E+004     0.33963085E+004     0.62155125E+000     0.54570701E+000
     0.11355542E+000    -0.28086161E+001     0.20274327E+001    -0.99382613E+003     0.35006324E+004     0.62785338E+000     0.53646189E+000
     0.11392291E+000    -0.26104119E+001     0.16684583E+001    -0.58870972E+003     0.36786302E+004     0.64702041E+000     0.54000061E+000
     0.11429040E+000    -0.23518280E+001     0.14463236E+001    -0.21926447E+003     0.39402474E+004     0.66962847E+000     0.56490370E+000
     0.11465790E+000    -0.21064730E+001     0.13480766E+001     0.80714195E+002     0.42889509E+004     0.68172581E+000     0.61444800E+000
     0.11502539E+000    -0.18991476E+001     0.13321972E+001     0.26424694E+003     0.47117322E+004     0.66691014E+000     0.68398724E+000
     0.11539288E+000    -0.17213297E+001     0.13895282E+001     0.28017006E+003     0.51605498E+004     0.61052966E+000     0.75834055E+000
     0.11576038E+000    -0.15924328E+001     0.15513631E+001     0.10722070E+003     0.55413091E+004     0.50771182E+000     0.81143497E+000
     0.11612787E+000    -0.16016110E+001     0.18308606E+001    -0.19972762E+003     0.57450671E+004     0.37316673E+000     0.81464417E+000
     0.11649536E+000    -0.18662188E+001     0.21333847E+001    -0.51136176E+003     0.57246129E+004     0.24012222E+000     0.75485500E+000
     0.11686285E+000    -0.23926890E+001     0.22522338E+001    -0.70376281E+003     0.55362651E+004     0.14139507E+000     0.64453919E+000
     0.11723035E+000    -0.29997278E+001     0.20300773E+001    -0.73140105E+003     0.52887968E+004     0.91586150E-001     0.51043931E+000
     0.11759784E+000    -0.34528314E+001     0.15104264E+001    -0.61845092E+003     0.50701840E+004     0.87371543E-001     0.37627948E+000
     0.11796533E+000    -0.36601206E+001     0.87159075E+000    -0.41174256E+003     0.49269869E+004     0.11731866E+000     0.25553889E+000
     0.11833283E+000    -0.36854617E+001     0.23191416E+000    -0.15650908E+003     0.48810745E+004     0.16984789E+000     0.15251960E+000
     0.11870032E+000    -0.35863653E+001    -0.42626447E+000     0.10176762E+003     0.49415967E+004     0.23711451E+000     0.66264501E-001
     0.11906781E+000    -0.32951332E+001    -0.11356846E+001     0.31466700E+003     0.51015938E+004     0.31554556E+000    -0.54741636E-002
     0.11943531E+000    -0.26953469E+001    -0.17895444E+001     0.43834247E+003     0.53333746E+004     0.40431846E+000    -0.63717835E-001
     0.11980280E+000    -0.18093387E+001    -0.21558717E+001     0.44269216E+003     0.55919563E+004     0.50341157E+000    -0.10769645E+000
     0.12017029E+000    -0.87282481E+000    -0.20757896E+001     0.31533664E+003     0.58186311E+004     0.61280034E+000    -0.13521261E+000
     0.12053779E+000    -0.17341183E+000    -0.16343040E+001     0.73961032E+002     0.59411657E+004     0.73173403E+000    -0.14194830E+000
     0.12090528E+000     0.18039741E+000    -0.10837542E+001    -0.21238895E+003     0.58972797E+004     0.85594392E+000    -0.12198653E+000
     0.12127277E+000     0.28031911E+000    -0.62215130E+000    -0.43761900E+003     0.56833068E+004     0.97674602E+000    -0.71869320E-001
     0.12164027E+000     0.26970975E+000    -0.31029717E+000    -0.51882108E+003     0.53682707E+004     0.10847410E+001     0.67911828E-002
     0.12200776E+000     0.26061931E+000    -0.12783965E+000    -0.43876634E+003     0.50495840E+004     0.11733107E+001     0.10952648E+000
     0.12237525E+000     0.32951011E+000    -0.88478522E-002    -0.23509331E+003     0.48031048E+004     0.12377809E+001     0.23242477E+000
     0.12274275E+000     0.49940814E+000     0.14949370E+000     0.31937234E+002     0.46664850E+004     0.12720544E+001     0.37210739E+000
     0.12311024E+000     0.71304574E+000     0.44801924E+000     0.30065745E+003     0.46444853E+004     0.12673720E+001     0.52180966E+000
     0.12347773E+000     0.85020719E+000     0.92151842E+000     0.51757466E+003     0.47151713E+004     0.12159953E+001     0.66748582E+000
     0.12384523E+000     0.80115796E+000     0.15147559E+001     0.64755807E+003     0.48342128E+004     0.11179467E+001     0.78821890E+000
     0.12421272E+000     0.51526676E+000     0.21395391E+001     0.68490956E+003     0.49474637E+004     0.98666492E+000     0.86296112E+000
     0.12458021E+000    -0.45019323E-001     0.27111023E+001     0.65194668E+003     0.50108121E+004     0.84704230E+000     0.88096910E+000
     0.12494771E+000    -0.90630001E+000     0.30770690E+001     0.58430193E+003     0.50005083E+004     0.72600921E+000     0.84729881E+000
     0.12531520E+000    -0.19550974E+001     0.30315943E+001     0.51922984E+003     0.49103560E+004     0.64222274E+000     0.78062419E+000
     0.12568269E+000    -0.29203396E+001     0.24942606E+001     0.49255672E+003     0.47476744E+004     0.59935730E+000     0.70445890E+000
     0.12605019E+000    -0.35475191E+001     0.15951341E+001     0.53637393E+003     0.45352497E+004     0.58853160E+000     0.63567735E+000
     0.12641768E+000    -0.37388471E+001     0.56805986E+000     0.66862386E+003     0.43119277E+004     0.59834519E+000     0.58093318E+000
     0.12678517E+000    -0.35359536E+001    -0.39188727E+000     0.88279139E+003     0.41210752E+004     0.62022750E+000     0.54193179E+000
     0.12715267E+000    -0.30198688E+001    -0.11669707E+001     0.11503121E+004     0.39938526E+004     0.64666384E+000     0.51872774E+000
     0.12752016E+000    -0.22705795E+001    -0.16554731E+001     0.14329725E+004     0.39397105E+004     0.67032593E+000     0.50810582E+000
     0.12788765E+000    -0.14349139E+001    -0.17516882E+001     0.16968030E+004     0.39462075E+004     0.68734693E+000     0.50263431E+000
     0.12825515E+000    -0.75391940E+000    -0.14587023E+001     0.19232097E+004     0.39863428E+004     0.70093309E+000     0.49453009E+000
     0.12862264E+000    -0.41588791E+000    -0.96822004E+000     0.21128432E+004     0.40307823E+004     0.71942774E+000     0.48239947E+000
     0.12899013E+000    -0.41199223E+000    -0.53549133E+000     0.22817576E+004     0.40573682E+004     0.74822196E+000     0.47291394E+000
     0.12935763E+000    -0.58275778E+000    -0.30967840E+000     0.24571537E+004     0.40569632E+004     0.78481729E+000     0.47397542E+000
     0.12972512E+000    -0.75018365E+000    -0.28930090E+000     0.26694294E+004     0.40414549E+004     0.82260704E+000     0.48845288E+000
     0.13009261E+000    -0.81433890E+000    -0.37510107E+000     0.29348467E+004     0.40435199E+004     0.85630774E+000     0.51473633E+000
     0.13046011E+000    -0.77724368E+000    -0.45966617E+000     0.32445934E+004     0.41007797E+004     0.88353941E+000     0.55011779E+000
     0.13082760E+000    -0.70109671E+000    -0.49155767E+000     0.35693958E+004     0.42401794E+004     0.90357162E+000     0.59324772E+000
     0.13119509E+000    -0.64748471E+000    -0.48863245E+000     0.38682713E+004     0.44715566E+004     0.91465906E+000     0.64468572E+000
     0.13156258E+000    -0.62610030E+000    -0.51161379E+000     0.40951074E+004     0.47830894E+004     0.91161787E+000     0.70447418E+000
     0.13193008E+000    -0.57159310E+000    -0.60071912E+000     0.42106663E+004     0.51353755E+004     0.88685289E+000     0.76762229E+000
     0.13229757E+000    -0.39174632E+000    -0.69906783E+000     0.42042342E+004     0.54659748E+004     0.83612867E+000     0.82187252E+000
     0.13266506E+000    -0.89750579E-001    -0.65788498E+000     0.41083975E+004     0.57170327E+004     0.76498732E+000     0.85218690E+000
     0.13303256E+000     0.17483666E+000    -0.37910827E+000     0.39804122E+004     0.58682101E+004     0.68845906E+000     0.84950641E+000
     0.13340005E+000     0.20578610E+000     0.51531455E-001     0.38639548E+004     0.59348888E+004     0.62425294E+000     0.81533937E+000
     0.13376754E+000    -0.46846876E-001     0.41512132E+000     0.37786522E+004     0.59380464E+004     0.58609275E+000     0.76069571E+000
     0.13413504E+000    -0.44360703E+000     0.54530995E+000     0.37380818E+004     0.58925489E+004     0.57883086E+000     0.70170754E+000
     0.13450253E+000    -0.79239787E+000     0.45259407E+000     0.37554710E+004     0.58186365E+004     0.59833282E+000     0.65223774E+000
     0.13487002E+000    -0.10105320E+001     0.26832857E+000     0.38313223E+004     0.57426922E+004     0.63759109E+000     0.62098678E+000
     0.13523752E+000    -0.11491328E+001     0.95393820E-001     0.39519608E+004     0.56814047E+004     0.68900293E+000     0.61574263E+000
     0.13560501E+000    -0.12901376E+001    -0.70840139E-001     0.41066748E+004     0.56355468E+004     0.73941699E+000     0.64406241E+000
     0.13597250E+000    -0.14462542E+001    -0.29252503E+000     0.42993093E+004     0.56053201E+004     0.76813608E+000     0.70580524E+000
     0.13634000E+000    -0.15726584E+001    -0.59376486E+000     0.45370817E+004     0.56062108E+004     0.75431575E+000     0.78621342E+000
     0.13670749E+000    -0.16506019E+001    -0.95570527E+000     0.48124968E+004     0.56646326E+004     0.68803671E+000     0.85740037E+000
     0.13707498E+000    -0.16949691E+001    -0.14007742E+001     0.50984883E+004     0.58021879E+004     0.57813324E+000     0.88690310E+000
     0.13744248E+000    -0.16489954E+001    -0.20074593E+001     0.53547890E+004     0.60234776E+004     0.45411213E+000     0.85088456E+000
     0.13780997E+000    -0.13365925E+001    -0.27799058E+001     0.55385244E+004     0.63087072E+004     0.35754541E+000     0.74837616E+000
     0.13817746E+000    -0.58828470E+000    -0.35381933E+001     0.56203929E+004     0.66109882E+004     0.32305810E+000     0.60585102E+000
     0.13854496E+000     0.58886699E+000    -0.39853489E+001     0.56056953E+004     0.68669501E+004     0.36067208E+000     0.46583563E+000
     0.13891245E+000     0.19787187E+001    -0.38855070E+001     0.55438762E+004     0.70275808E+004     0.45151766E+000     0.36552452E+000
     0.13927994E+000     0.32659535E+001    -0.31796295E+001     0.55057425E+004     0.70914459E+004     0.56123082E+000     0.31916028E+000
     0.13964744E+000     0.41564486E+001    -0.19858896E+001     0.55379869E+004     0.71053582E+004     0.66038675E+000     0.31787167E+000
     0.14001493E+000     0.44545140E+001    -0.56483111E+000     0.56360564E+004     0.71254895E+004     0.73453616E+000     0.34252451E+000
     0.14038242E+000     0.41429663E+001     0.74568480E+000     0.57621093E+004     0.71735199E+004     0.78221229E+000     0.37499459E+000
     0.14074992E+000     0.34081386E+001     0.16636951E+001     0.58906368E+004     0.72310879E+004     0.80869280E+000     0.40305728E+000
     0.14111741E+000     0.25594777E+001     0.20861780E+001     0.60301056E+004     0.72750230E+004     0.81968146E+000     0.41929213E+000
     0.14148490E+000     0.18764859E+001     0.21285464E+001     0.62022500E+004     0.73048292E+004     0.82079736E+000     0.41457917E+000
     0.14185240E+000     0.14661782E+001     0.20332738E+001     0.64177369E+004     0.73330301E+004     0.82752787E+000     0.37746830E+000
     0.14221989E+000     0.12442500E+001     0.20042035E+001     0.66796935E+004     0.73677415E+004     0.86954664E+000     0.31029748E+000
     0.14258738E+000     0.10402359E+001     0.20987447E+001     0.69970546E+004     0.74133780E+004     0.97150142E+000     0.24293430E+000
     0.14295488E+000     0.72889674E+000     0.22345157E+001     0.73870801E+004     0.74839201E+004     0.11282550E+001     0.21928080E+000
     0.14332237E+000     0.30564872E+000     0.22833825E+001     0.78623466E+004     0.76121011E+004     0.13042116E+001     0.26768318E+000
     0.14368986E+000    -0.15327387E+000     0.21763354E+001     0.84137289E+004     0.78421160E+004     0.14568087E+001     0.38526624E+000
     0.14405736E+000    -0.56522680E+000     0.19051625E+001     0.90060102E+004     0.82100783E+004     0.15584909E+001     0.54726950E+000
     0.14442485E+000    -0.85099549E+000     0.14881052E+001     0.95906721E+004     0.87279644E+004     0.16008061E+001     0.72286294E+000
     0.14479234E+000    -0.92428182E+000     0.10023617E+001     0.10126949E+005     0.93838194E+004     0.15923520E+001     0.88378304E+000
     0.14515984E+000    -0.77511876E+000     0.60204390E+000     0.10592613E+005     0.10161217E+005     0.15561865E+001     0.10143658E+001
     0.14552733E+000    -0.53624342E+000     0.41097386E+000     0.10966224E+005     0.11056764E+005     0.15161213E+001     0.11203047E+001
     0.14589482E+000    -0.40016908E+000     0.39444482E+000     0.11201602E+005     0.12060178E+005     0.14789187E+001     0.12202258E+001
     0.14626232E+000    -0.45582498E+000     0.37040481E+000     0.11248068E+005     0.13112580E+005     0.14327443E+001     0.13259157E+001
     0.14662981E+000    -0.60918438E+000     0.15130599E+000     0.11114172E+005     0.14114022E+005     0.13615739E+001     0.14315262E+001
     0.14699730E+000    -0.64573400E+000    -0.31142640E+000     0.10890140E+005     0.15001638E+005     0.12605880E+001     0.15181610E+001
     0.14736479E+000    -0.37908349E+000    -0.88473850E+000     0.10677206E+005     0.15809355E+005     0.11416844E+001     0.15677617E+001
     0.14773229E+000     0.22641462E+000    -0.13429250E+001     0.10501423E+005     0.16629261E+005     0.10257948E+001     0.15749175E+001
     0.14809978E+000     0.10584652E+001    -0.15054463E+001     0.10307122E+005     0.17522469E+005     0.93076053E+000     0.15459379E+001
     0.14846727E+000     0.19455286E+001    -0.12888855E+001     0.10025112E+005     0.18470582E+005     0.86978221E+000     0.14907971E+001
     0.14883477E+000     0.26919975E+001    -0.68681993E+000     0.96483713E+004     0.19406328E+005     0.85597384E+000     0.14251897E+001
     0.14920226E+000     0.30864454E+001     0.18656442E+000     0.92485623E+004     0.20294822E+005     0.89398988E+000     0.13765959E+001
     0.14956975E+000     0.30290846E+001     0.10628062E+001     0.89170930E+004     0.21198344E+005     0.96780245E+000     0.13728701E+001
     0.14993725E+000     0.26550334E+001     0.16710687E+001     0.86692018E+004     0.22269424E+005     0.10489169E+001     0.14244254E+001
     0.15030474E+000     0.22411022E+001     0.19402315E+001     0.83861927E+004     0.23665500E+005     0.11143333E+001     0.15260349E+001
     0.15067223E+000     0.19875587E+001     0.20145781E+001     0.78426529E+004     0.25453974E+005     0.11487543E+001     0.16702559E+001
     0.15103973E+000     0.19047593E+001     0.20922143E+001     0.67741511E+004     0.27571014E+005     0.11346334E+001     0.18494263E+001
     0.15140722E+000     0.18801028E+001     0.22707049E+001     0.49319185E+004     0.29807811E+005     0.10502077E+001     0.20438526E+001
     0.15177471E+000     0.18121083E+001     0.25338812E+001     0.21623767E+004     0.31789968E+005     0.88604721E+000     0.22137994E+001
     0.15214221E+000     0.16536761E+001     0.28332719E+001    -0.14562750E+004     0.33029284E+005     0.66532252E+000     0.23166102E+001
     0.15250970E+000     0.13778358E+001     0.31114984E+001    -0.55387478E+004     0.33110837E+005     0.43462944E+000     0.23378962E+001
     0.15287719E+000     0.99453175E+000     0.32835398E+001    -0.94949774E+004     0.31902381E+005     0.23154857E+000     0.22958504E+001
     0.15324469E+000     0.58950962E+000     0.32786505E+001    -0.12761436E+005     0.29629161E+005     0.70173651E-001     0.22179971E+001
     0.15361218E+000     0.29204007E+000     0.31162502E+001    -0.15015908E+005     0.26767831E+005    -0.48345479E-001     0.21264880E+001
     0.15397967E+000     0.17413877E+000     0.29140093E+001    -0.16255703E+005     0.23832524E+005    -0.12869205E+000     0.20415149E+001
     0.15434717E+000     0.19445985E+000     0.27935248E+001    -0.16712153E+005     0.21186795E+005    -0.18667734E+000     0.19809837E+001
     0.15471466E+000     0.25832101E+000     0.27948730E+001    -0.16688319E+005     0.18983924E+005    -0.24838454E+000     0.19492363E+001
     0.15508215E+000     0.30240270E+000     0.28971222E+001    -0.16440068E+005     0.17221542E+005    -0.33683632E+000     0.19318071E+001
     0.15544965E+000     0.29590839E+000     0.30823704E+001    -0.16144191E+005     0.15823196E+005    -0.46091978E+000     0.19031310E+001
     0.15581714E+000     0.19640119E+000     0.33366760E+001    -0.15915547E+005     0.14680487E+005    -0.61368296E+000     0.18359832E+001
     0.15618463E+000    -0.45866705E-001     0.36130045E+001    -0.15810025E+005     0.13657487E+005    -0.77180789E+000     0.17079605E+001
     0.15655213E+000    -0.45253607E+000     0.38273902E+001    -0.15797956E+005     0.12614021E+005    -0.89641286E+000     0.15136304E+001
     0.15691962E+000    -0.99345708E+000     0.38798110E+001    -0.15768262E+005     0.11473547E+005    -0.94954616E+000     0.12776508E+001
     0.15728711E+000    -0.15717721E+001     0.36863363E+001    -0.15604789E+005     0.10264969E+005    -0.92023471E+000     0.10450070E+001
     0.15765461E+000    -0.20310525E+001     0.32353973E+001    -0.15260739E+005     0.90773520E+004    -0.82802340E+000     0.85216294E+000
     0.15802210E+000    -0.22278403E+001     0.26356984E+001    -0.14757907E+005     0.79886501E+004    -0.70314727E+000     0.71272325E+000
     0.15838959E+000    -0.21338683E+001     0.20710626E+001    -0.14145813E+005     0.70382445E+004    -0.57030681E+000     0.62310488E+000
     0.15875709E+000    -0.18485238E+001     0.16798938E+001    -0.13472751E+005     0.62347298E+004    -0.44399436E+000     0.57247097E+000
     0.15912458E+000    -0.15077660E+001     0.14909528E+001    -0.12776198E+005     0.55699656E+004    -0.33001296E+000     0.54974935E+000
     0.15949207E+000    -0.12036282E+001     0.14582637E+001    -0.12082444E+005     0.50286602E+004    -0.22910402E+000     0.54700858E+000
     0.15985957E+000    -0.97166451E+000     0.15204379E+001    -0.11408859E+005     0.45935341E+004    -0.14038720E+000     0.56002116E+000
     0.16022706E+000    -0.81414720E+000     0.16300798E+001    -0.10766368E+005     0.42476789E+004    -0.63747978E-001     0.58733391E+000
     0.16059455E+000    -0.71918812E+000     0.17559963E+001    -0.10161240E+005     0.39753260E+004    -0.12883883E-002     0.62866705E+000
     0.16096205E+000    -0.66702991E+000     0.18828819E+001    -0.95958751E+004     0.37622484E+004     0.41997117E-001     0.68264221E+000
     0.16132954E+000    -0.64051960E+000     0.20164487E+001    -0.90694422E+004     0.35968525E+004     0.59229866E-001     0.74352835E+000
     0.16169703E+000    -0.64505395E+000     0.21765489E+001    -0.85798273E+004     0.34712929E+004     0.46448202E-001     0.79883236E+000
     0.16206453E+000    -0.71810030E+000     0.23696385E+001    -0.81264154E+004     0.33807180E+004     0.96282053E-002     0.83316214E+000
     0.16243202E+000    -0.90948972E+000     0.25565320E+001    -0.77116121E+004     0.33203428E+004    -0.35341091E-001     0.83879141E+000
     0.16279951E+000    -0.12322368E+001     0.26443195E+001    -0.73394289E+004     0.32817995E+004    -0.73505811E-001     0.82075627E+000
     0.16316700E+000    -0.16121581E+001     0.25306736E+001    -0.70106965E+004     0.32517831E+004    -0.99617361E-001     0.78914962E+000
     0.16353450E+000    -0.18959899E+001     0.21912309E+001    -0.67185034E+004     0.32162906E+004    -0.11490123E+000     0.74971835E+000
     0.16390199E+000    -0.19445413E+001     0.17293465E+001    -0.64501536E+004     0.31672871E+004    -0.11934141E+000     0.70366678E+000
     0.16426948E+000    -0.17331887E+001     0.13212841E+001    -0.61935182E+004     0.31033674E+004    -0.10975744E+000     0.65326081E+000
     0.16463698E+000    -0.13656406E+001     0.11023534E+001    -0.59386062E+004     0.30255498E+004    -0.83898702E-001     0.60476343E+000
     0.16500447E+000    -0.99369224E+000     0.10883394E+001    -0.56749699E+004     0.29370066E+004    -0.44582524E-001     0.56577276E+000
     0.16537196E+000    -0.70856106E+000     0.11928626E+001    -0.53930451E+004     0.28462291E+004     0.69015199E-003     0.54007224E+000
     0.16573946E+000    -0.49691748E+000     0.13230610E+001    -0.50890312E+004     0.27660516E+004     0.44549445E-001     0.52496409E+000
     0.16610695E+000    -0.29503102E+000     0.14606407E+001    -0.47662615E+004     0.27084474E+004     0.85053202E-001     0.51382375E+000
     0.16647444E+000    -0.78041020E-001     0.16554789E+001    -0.44320980E+004     0.26811332E+004     0.12660479E+000     0.50229696E+000
     0.16684194E+000     0.10841772E+000     0.19491449E+001    -0.40948289E+004     0.26877295E+004     0.17500226E+000     0.49227175E+000
     0.16720943E+000     0.20080164E+000     0.23212513E+001    -0.37623013E+004     0.27287325E+004     0.23241839E+000     0.48953267E+000
     0.16757692E+000     0.17699071E+000     0.27148216E+001    -0.34410715E+004     0.28022491E+004     0.29743681E+000     0.50024031E+000
     0.16794442E+000     0.54220404E-001     0.30881647E+001    -0.31354005E+004     0.29050496E+004     0.36563560E+000     0.53058646E+000
     0.16831191E+000    -0.14902673E+000     0.34254864E+001    -0.28471177E+004     0.30350019E+004     0.42808340E+000     0.58532761E+000
     0.16867940E+000    -0.42360363E+000     0.37107747E+001    -0.25785952E+004     0.31931483E+004     0.47216302E+000     0.66402382E+000
     0.16904690E+000    -0.75004829E+000     0.39246825E+001    -0.23372201E+004     0.33813528E+004     0.48517434E+000     0.75918222E+000
     0.16941439E+000    -0.11024457E+001     0.40605954E+001    -0.21354859E+004     0.35954512E+004     0.45772973E+000     0.85621468E+000
     0.16978188E+000    -0.14585221E+001     0.41153726E+001    -0.19831304E+004     0.38205313E+004     0.38855393E+000     0.93425238E+000
     0.17014938E+000    -0.17798320E+001     0.40902938E+001    -0.18766960E+004     0.40368969E+004     0.28985984E+000     0.97282681E+000
     0.17051687E+000    -0.20239713E+001     0.40306577E+001    -0.18004308E+004     0.42349658E+004     0.18312433E+000     0.96293638E+000
     0.17088436E+000    -0.22085658E+001     0.40133214E+001    -0.17422665E+004     0.44211922E+004     0.86532877E-001     0.90658580E+000
     0.17125186E+000    -0.24147107E+001     0.40638291E+001    -0.17063457E+004     0.46052390E+004     0.14869328E-001     0.80596381E+000
     0.17161935E+000    -0.27016088E+001     0.41293190E+001    -0.17074220E+004     0.47828185E+004    -0.94613018E-002     0.66669990E+000
     0.17198684E+000    -0.30611679E+001     0.41469073E+001    -0.17529355E+004     0.49309330E+004     0.37657885E-001     0.51474795E+000
     0.17235434E+000    -0.34609977E+001     0.40951468E+001    -0.18273336E+004     0.50208021E+004     0.15625410E+000     0.39436192E+000
     0.17272183E+000    -0.38925704E+001     0.39673951E+001    -0.18944242E+004     0.50405384E+004     0.31300493E+000     0.33772358E+000
     0.17308932E+000    -0.43434124E+001     0.37262233E+001    -0.19192174E+004     0.50047443E+004     0.46642079E+000     0.34286390E+000
     0.17345682E+000    -0.47432994E+001     0.33420838E+001    -0.18844754E+004     0.49407507E+004     0.59529229E+000     0.38562994E+000
     0.17382431E+000    -0.50064805E+001     0.28680404E+001    -0.17865255E+004     0.48733736E+004     0.70052565E+000     0.44452487E+000
     0.17419180E+000    -0.51294438E+001     0.24127217E+001    -0.16264745E+004     0.48242451E+004     0.79054589E+000     0.50992322E+000
     0.17455930E+000    -0.51951778E+001     0.20357349E+001    -0.14104106E+004     0.48154648E+004     0.87279857E+000     0.57954509E+000
     0.17492679E+000    -0.52898736E+001     0.17109594E+001    -0.11526368E+004     0.48671614E+004     0.95328015E+000     0.65515161E+000
     0.17529428E+000    -0.54515506E+001     0.13668705E+001    -0.87381863E+003     0.49923099E+004     0.10352754E+001     0.74247454E+000
     0.17566178E+000    -0.56683881E+001     0.92516164E+000    -0.59569870E+003     0.51957556E+004     0.11166278E+001     0.84881669E+000
     0.17602927E+000    -0.58878055E+001     0.32067339E+000    -0.33880835E+003     0.54769848E+004     0.11903644E+001     0.97825989E+000
     0.17639676E+000    -0.60277263E+001    -0.48871767E+000    -0.12326265E+003     0.58303292E+004     0.12497530E+001     0.11296965E+001
     0.17676426E+000    -0.59724341E+001    -0.15199685E+001     0.34348004E+002     0.62424798E+004     0.12924611E+001     0.13010682E+001
     0.17713175E+000    -0.55631700E+001    -0.27204467E+001     0.12895355E+003     0.66962010E+004     0.13178729E+001     0.14956007E+001
     0.17749924E+000    -0.46743322E+001    -0.39132541E+001     0.16836565E+003     0.71852333E+004     0.13190638E+001     0.17226706E+001
     0.17786673E+000    -0.33225688E+001    -0.48679022E+001     0.15421367E+003     0.77276025E+004     0.12755250E+001     0.19910327E+001
     0.17823423E+000    -0.16316511E+001    -0.54350458E+001     0.51773004E+002     0.83513120E+004     0.11519211E+001     0.22955440E+001
     0.17860172E+000     0.28723982E+000    -0.55435483E+001    -0.21526938E+003     0.90504578E+004     0.90928277E+000     0.26019560E+001
     0.17896921E+000     0.23401803E+001    -0.51089986E+001    -0.72378788E+003     0.97475992E+004     0.53147954E+000     0.28423476E+001
     0.17933671E+000     0.43675809E+001    -0.40328535E+001    -0.14837917E+004     0.10306129E+005     0.54351245E-001     0.29386427E+001
     0.17970420E+000     0.61321590E+001    -0.22956188E+001    -0.24040356E+004     0.10602720E+005    -0.43735402E+000     0.28499115E+001
     0.18007169E+000     0.74145749E+001     0.47067551E-002    -0.33341640E+004     0.10600673E+005    -0.85530398E+000     0.25959003E+001
     0.18043919E+000     0.80648639E+001     0.27354808E+001    -0.41422158E+004     0.10358820E+005    -0.11453102E+001     0.22329223E+001
     0.18080668E+000     0.79168539E+001     0.57665017E+001    -0.47627949E+004     0.99898850E+004    -0.12873234E+001     0.18238702E+001
     0.18117417E+000     0.67602502E+001     0.88375224E+001    -0.52079289E+004     0.96107504E+004    -0.12868734E+001     0.14288908E+001
     0.18154167E+000     0.45386280E+001     0.11490143E+002    -0.55520496E+004     0.92975513E+004    -0.11746747E+001     0.10970942E+001
     0.18190916E+000     0.14963795E+001     0.13281651E+002    -0.58918842E+004     0.90570443E+004    -0.99783245E+000     0.85183898E+000
     0.18227665E+000    -0.19680203E+001     0.13975630E+002    -0.62971552E+004     0.88312472E+004    -0.79850515E+000     0.68716086E+000
     0.18264415E+000    -0.54415875E+001     0.13488599E+002    -0.67777283E+004     0.85307703E+004    -0.59754850E+000     0.58297474E+000
     0.18301164E+000    -0.84648516E+001     0.11862077E+002    -0.72765247E+004     0.80795309E+004    -0.39767910E+000     0.52588295E+000
     0.18337913E+000    -0.10565541E+002     0.93735436E+001    -0.76923459E+004     0.74592421E+004    -0.20107350E+000     0.51526561E+000
     0.18374663E+000    -0.11461800E+002     0.65695180E+001    -0.79353538E+004     0.67269316E+004    -0.19161775E-001     0.55099970E+000
     0.18411412E+000    -0.11247532E+002     0.40775899E+001    -0.79767523E+004     0.59791555E+004     0.13561838E+000     0.62294886E+000
     0.18448161E+000    -0.10356638E+002     0.23170890E+001    -0.78472459E+004     0.52970962E+004     0.26067438E+000     0.71594583E+000
     0.18484911E+000    -0.93190903E+001     0.13428131E+001    -0.76023643E+004     0.47227014E+004     0.36200615E+000     0.82050839E+000
     0.18521660E+000    -0.85084067E+001     0.91694518E+000    -0.72949906E+004     0.42658222E+004     0.44516408E+000     0.93510384E+000
     0.18558409E+000    -0.80339591E+001     0.70551926E+000    -0.69662155E+004     0.39187274E+004     0.51141465E+000     0.10596374E+001
     0.18595159E+000    -0.77861177E+001     0.46507976E+000    -0.66460281E+004     0.36654778E+004     0.56347469E+000     0.11922213E+001
     0.18631908E+000    -0.75814128E+001     0.13846626E+000    -0.63556209E+004     0.34852463E+004     0.60848557E+000     0.13383684E+001
     0.18668657E+000    -0.73207563E+001    -0.18575499E+000    -0.61069338E+004     0.33531859E+004     0.64082056E+000     0.15183062E+001
     0.18705407E+000    -0.70468675E+001    -0.41539062E+000    -0.58999019E+004     0.32438529E+004     0.62216884E+000     0.17397709E+001
     0.18742156E+000    -0.68585766E+001    -0.56849099E+000    -0.57231303E+004     0.31389659E+004     0.51606373E+000     0.19565332E+001
     0.18778905E+000    -0.67824242E+001    -0.74863451E+000    -0.55624580E+004     0.30326298E+004     0.35617866E+000     0.21018808E+001
     0.18815655E+000    -0.67503912E+001    -0.10320459E+001    -0.54099924E+004     0.29261714E+004     0.22729157E+000     0.21813296E+001
     0.18852404E+000    -0.66801261E+001    -0.14207961E+001    -0.52626578E+004     0.28192136E+004     0.16021293E+000     0.22831190E+001
     0.18889153E+000    -0.65206066E+001    -0.18900964E+001    -0.51150405E+004     0.27097209E+004     0.81804966E-001     0.24818068E+001
     0.18925903E+000    -0.62191110E+001    -0.24142958E+001    -0.49594996E+004     0.26002685E+004    -0.12288737E+000     0.27522503E+001
     0.18962652E+000    -0.57137730E+001    -0.29226182E+001    -0.47924510E+004     0.24984950E+004    -0.50983214E+000     0.29767903E+001
     0.18999401E+000    -0.49986638E+001    -0.32891532E+001    -0.46164884E+004     0.24115409E+004    -0.10247189E+001     0.30270377E+001
     0.19036151E+000    -0.41590454E+001    -0.34005237E+001    -0.44370600E+004     0.23425262E+004    -0.15351259E+001     0.28534700E+001
     0.19072900E+000    -0.33332907E+001    -0.32169889E+001    -0.42591057E+004     0.22911202E+004    -0.19217842E+001     0.25123298E+001
     0.19109649E+000    -0.26520634E+001    -0.27812024E+001    -0.40858618E+004     0.22554039E+004    -0.21462893E+001     0.21064372E+001
     0.19146399E+000    -0.21974114E+001    -0.21883086E+001    -0.39191321E+004     0.22334045E+004    -0.22364655E+001     0.17108599E+001
     0.19183148E+000    -0.19949802E+001    -0.15478301E+001    -0.37605316E+004     0.22236841E+004    -0.22338966E+001     0.13551594E+001
     0.19219897E+000    -0.20242749E+001    -0.96127447E+000    -0.36124938E+004     0.22241085E+004    -0.21672404E+001     0.10456357E+001
     0.19256647E+000    -0.22251416E+001    -0.50958384E+000    -0.34767674E+004     0.22301164E+004    -0.20535235E+001     0.78364066E+000
     0.19293396E+000    -0.25055665E+001    -0.23438057E+000    -0.33515247E+004     0.22360578E+004    -0.19041400E+001     0.57154058E+000
     0.19330145E+000    -0.27668956E+001    -0.11676570E+000    -0.32317231E+004     0.22389400E+004    -0.17301510E+001     0.41493741E+000
     0.19366894E+000    -0.29539474E+001    -0.81944892E-001    -0.31126141E+004     0.22392281E+004    -0.15488665E+001     0.31992483E+000
     0.19403644E+000    -0.30827469E+001    -0.53435736E-001    -0.29908339E+004     0.22384857E+004    -0.13844280E+001     0.28357389E+000
     0.19440393E+000    -0.32119528E+001    -0.30087479E-002    -0.28629823E+004     0.22391210E+004    -0.12574476E+001     0.28847089E+000
     0.19477142E+000    -0.33935754E+001     0.38915214E-001    -0.27263257E+004     0.22460072E+004    -0.11749721E+001     0.30965046E+000
     0.19513892E+000    -0.36309853E+001     0.12126636E-001    -0.25813669E+004     0.22660350E+004    -0.11306667E+001     0.32505626E+000
     0.19550641E+000    -0.38831225E+001    -0.11514586E+000    -0.24331000E+004     0.23053260E+004    -0.11103175E+001     0.32067403E+000
     0.19587390E+000    -0.41332121E+001    -0.33582689E+000    -0.22898794E+004     0.23661546E+004    -0.10967740E+001     0.29178739E+000
     0.19624140E+000    -0.44071846E+001    -0.69381074E+000    -0.21602667E+004     0.24449877E+004    -0.10744822E+001     0.24299509E+000
     0.19660889E+000    -0.46510828E+001    -0.13280423E+001    -0.20484011E+004     0.25331270E+004    -0.10345975E+001     0.18599313E+000
     0.19697638E+000    -0.46219059E+001    -0.23345037E+001    -0.19504979E+004     0.26216619E+004    -0.97820412E+000     0.13327500E+000
     0.19734388E+000    -0.39801243E+001    -0.35699205E+001    -0.18571783E+004     0.27085782E+004    -0.91314596E+000     0.90558823E-001
     0.19771137E+000    -0.25305945E+001    -0.46262218E+001    -0.17616532E+004     0.28008508E+004    -0.84567733E+000     0.54816413E-001
     0.19807886E+000    -0.38150211E+000    -0.50094425E+001    -0.16658450E+004     0.29082623E+004    -0.77360620E+000     0.19892508E-001
     0.19844636E+000     0.20729972E+001    -0.43464336E+001    -0.15780530E+004     0.30355066E+004    -0.68699430E+000    -0.13078791E-001
     0.19881385E+000     0.42634710E+001    -0.25316255E+001    -0.15058685E+004     0.31808832E+004    -0.57999738E+000    -0.30566791E-001
     0.19918134E+000     0.56421136E+001     0.19993207E+000    -0.14526264E+004     0.33412009E+004    -0.46132584E+000    -0.16944528E-001
     0.19954884E+000     0.58871429E+001     0.33725470E+001    -0.14200480E+004     0.35167080E+004    -0.34805872E+000     0.32289657E-001
     0.19991633E+000     0.49588888E+001     0.64508850E+001    -0.14148549E+004     0.37110488E+004    -0.25416229E+000     0.11219256E+000
     0.20028382E+000     0.30684320E+001     0.89746394E+001    -0.14531212E+004     0.39230690E+004    -0.19030027E+000     0.21452468E+000
     0.20065132E+000     0.60447012E+000     0.10674386E+002    -0.15531578E+004     0.41361413E+004    -0.16499991E+000     0.32541019E+000
     0.20101881E+000    -0.20172466E+001     0.11536780E+002    -0.17196393E+004     0.43194057E+004    -0.17675705E+000     0.42495728E+000
     0.20138630E+000    -0.45147638E+001     0.11731596E+002    -0.19358903E+004     0.44432709E+004    -0.20980951E+000     0.49996422E+000
     0.20175380E+000    -0.67607939E+001     0.11460932E+002    -0.21720627E+004     0.44935864E+004    -0.24792826E+000     0.55332828E+000
     0.20212129E+000    -0.87089449E+001     0.10925447E+002    -0.23983584E+004     0.44736708E+004    -0.28629105E+000     0.59259431E+000
     0.20248878E+000    -0.10445072E+002     0.10346889E+002    -0.25935531E+004     0.43989702E+004    -0.32281251E+000     0.61975545E+000
     0.20285628E+000    -0.12251649E+002     0.98003409E+001    -0.27488683E+004     0.42891329E+004    -0.35177015E+000     0.63924904E+000
     0.20322377E+000    -0.14384244E+002     0.90175388E+001    -0.28653461E+004     0.41591799E+004    -0.37288587E+000     0.66182177E+000
     0.20359126E+000    -0.16717073E+002     0.75525866E+001    -0.29453283E+004     0.40171573E+004    -0.39606967E+000     0.69524786E+000
     0.20395876E+000    -0.18753972E+002     0.52338366E+001    -0.29881047E+004     0.38701517E+004    -0.43526015E+000     0.73645920E+000
     0.20432625E+000    -0.20063097E+002     0.23290919E+001    -0.29941931E+004     0.37289147E+004    -0.49889814E+000     0.77093207E+000
     0.20469374E+000    -0.20550976E+002    -0.77200739E+000    -0.29708327E+004     0.36044971E+004    -0.58082157E+000     0.77896402E+000
     0.20506124E+000    -0.20283899E+002    -0.38305224E+001    -0.29304401E+004     0.35009283E+004    -0.65840471E+000     0.75120360E+000
     0.20542873E+000    -0.19293148E+002    -0.66557227E+001    -0.28821129E+004     0.34132999E+004    -0.70820225E+000     0.70051657E+000
     0.20579622E+000    -0.17688773E+002    -0.89810265E+001    -0.28257877E+004     0.33353712E+004    -0.72544592E+000     0.65332523E+000
     0.20616372E+000    -0.15781992E+002    -0.10624952E+002    -0.27570189E+004     0.32681047E+004    -0.72615320E+000     0.62895203E+000
     0.20653121E+000    -0.13916458E+002    -0.11670777E+002    -0.26761913E+004     0.32185443E+004    -0.73271182E+000     0.62797441E+000
     0.20689870E+000    -0.12237251E+002    -0.12360221E+002    -0.25908440E+004     0.31917866E+004    -0.75799420E+000     0.63599107E+000
     0.20726620E+000    -0.10697928E+002    -0.12870995E+002    -0.25102280E+004     0.31862053E+004    -0.79866270E+000     0.63758430E+000
     0.20763369E+000    -0.92167662E+001    -0.13245366E+002    -0.24398132E+004     0.31955971E+004    -0.84328924E+000     0.63009944E+000
     0.20800118E+000    -0.77763289E+001    -0.13466961E+002    -0.23806467E+004     0.32133261E+004    -0.88950082E+000     0.62221175E+000
     0.20836868E+000    -0.64004658E+001    -0.13551192E+002    -0.23309006E+004     0.32338743E+004    -0.94842413E+000     0.61557044E+000
     0.20873617E+000    -0.50812253E+001    -0.13546513E+002    -0.22860949E+004     0.32532096E+004    -0.10258591E+001     0.59516061E+000
     0.20910366E+000    -0.37623080E+001    -0.13473262E+002    -0.22390217E+004     0.32707229E+004    -0.11075775E+001     0.54785533E+000
     0.20947115E+000    -0.23860850E+001    -0.13285563E+002    -0.21823156E+004     0.32918713E+004    -0.11756908E+001     0.48169587E+000
     0.20983865E+000    -0.95370017E+000    -0.12891339E+002    -0.21133965E+004     0.33277020E+004    -0.12306189E+001     0.41465472E+000
     0.21020614E+000     0.46142737E+000    -0.12218807E+002    -0.20372975E+004     0.33905072E+004    -0.12874330E+001     0.35355258E+000
     0.21057363E+000     0.17672522E+001    -0.11246058E+002    -0.19659082E+004     0.34898003E+004    -0.13600749E+001     0.29032756E+000
     0.21094113E+000     0.28623432E+001    -0.99587143E+001    -0.19167652E+004     0.36297570E+004    -0.14542346E+001     0.20947770E+000
     0.21130862E+000     0.35701664E+001    -0.83849636E+001    -0.19112855E+004     0.38057166E+004    -0.15677571E+001     0.92356947E-001
     0.21167611E+000     0.36962664E+001    -0.67339311E+001    -0.19695030E+004     0.40009247E+004    -0.16883488E+001    -0.82893988E-001
     0.21204361E+000     0.32584826E+001    -0.53865159E+001    -0.21022051E+004     0.41879905E+004    -0.17855340E+001    -0.33595259E+000
     0.21241110E+000     0.26037197E+001    -0.46216016E+001    -0.23062628E+004     0.43358970E+004    -0.18088366E+001    -0.66609903E+000
     0.21277859E+000     0.21986495E+001    -0.43454584E+001    -0.25658408E+004     0.44164143E+004    -0.17069515E+001    -0.10341567E+001
     0.21314609E+000     0.22597417E+001    -0.41255730E+001    -0.28531213E+004     0.44068926E+004    -0.14592674E+001    -0.13661353E+001
     0.21351358E+000     0.25662292E+001    -0.35439117E+001    -0.31268553E+004     0.42977196E+004    -0.10984084E+001    -0.15810349E+001
     0.21388107E+000     0.26812737E+001    -0.25536490E+001    -0.33415848E+004     0.41049817E+004    -0.70708091E+000    -0.16328421E+001
     0.21424857E+000     0.23594212E+001    -0.14439039E+001    -0.34694937E+004     0.38697515E+004    -0.37881356E+000    -0.15398096E+001
     0.21461606E+000     0.16709766E+001    -0.50010663E+000    -0.35127461E+004     0.36375436E+004    -0.16984794E+000    -0.13694454E+001
     0.21498355E+000     0.78927868E+000     0.20655309E+000    -0.34944561E+004     0.34386469E+004    -0.86154980E-001    -0.11971508E+001
     0.21535105E+000    -0.24173564E+000     0.72405821E+000    -0.34426623E+004     0.32842059E+004    -0.10050868E+000    -0.10817279E+001
     0.21571854E+000    -0.14938722E+001     0.98582688E+000    -0.33809646E+004     0.31717277E+004    -0.16672966E+000    -0.10615637E+001
     0.21608603E+000    -0.29118537E+001     0.75650255E+000    -0.33254109E+004     0.30909384E+004    -0.22581991E+000    -0.11505211E+001
     0.21645353E+000    -0.41728447E+001    -0.12791487E+000    -0.32837886E+004     0.30283770E+004    -0.21726643E+000    -0.13312033E+001
     0.21682102E+000    -0.48651849E+001    -0.15179158E+001    -0.32564670E+004     0.29710535E+004    -0.96641179E-001    -0.15552985E+001
     0.21718851E+000    -0.47937409E+001    -0.30060555E+001    -0.32377333E+004     0.29088718E+004     0.14639846E+000    -0.17559320E+001
     0.21755601E+000    -0.40681147E+001    -0.41940843E+001    -0.32172629E+004     0.28374104E+004     0.48070921E+000    -0.18741011E+001
     0.21792350E+000    -0.29450214E+001    -0.48696394E+001    -0.31844257E+004     0.27606926E+004     0.85076976E+000    -0.18858480E+001
     0.21829099E+000    -0.16709387E+001    -0.49539801E+001    -0.31347999E+004     0.26893774E+004     0.12101637E+001    -0.18051467E+001
     0.21865849E+000    -0.50563836E+000    -0.44223176E+001    -0.30728225E+004     0.26340188E+004     0.15412785E+001    -0.16593597E+001
     0.21902598E+000     0.24404794E+000    -0.33806160E+001    -0.30084087E+004     0.25993209E+004     0.18464218E+001    -0.14647923E+001
     0.21939347E+000     0.36063777E+000    -0.21347561E+001    -0.29514315E+004     0.25830378E+004     0.21303319E+001    -0.12230041E+001
     0.21976097E+000    -0.13544495E+000    -0.10703807E+001    -0.29079131E+004     0.25785448E+004     0.23919042E+001    -0.92527202E+000
     0.22012846E+000    -0.10056008E+001    -0.46850151E+000    -0.28792924E+004     0.25783033E+004     0.26154797E+001    -0.55684412E+000
     0.22049595E+000    -0.19176147E+001    -0.41570717E+000    -0.28634260E+004     0.25760183E+004     0.27636856E+001    -0.11380745E+000
     0.22086345E+000    -0.25665191E+001    -0.80946799E+000    -0.28557392E+004     0.25681289E+004     0.27926798E+001     0.37444918E+000
     0.22123094E+000    -0.27528852E+001    -0.14150340E+001    -0.28516629E+004     0.25549118E+004     0.26868047E+001     0.84720163E+000
     0.22159843E+000    -0.24129517E+001    -0.19224741E+001    -0.28495618E+004     0.25387687E+004     0.24769872E+001     0.12483907E+001
     0.22196593E+000    -0.16671265E+001    -0.19908913E+001    -0.28504484E+004     0.25207835E+004     0.22167562E+001     0.15625648E+001
     0.22233342E+000    -0.86792976E+000    -0.13902796E+001    -0.28551100E+004     0.24999429E+004     0.19401884E+001     0.18108192E+001
     0.22270091E+000    -0.46738890E+000    -0.18765091E+000    -0.28630684E+004     0.24751357E+004     0.16475542E+001     0.20154103E+001
     0.22306841E+000    -0.75059769E+000     0.12678732E+001    -0.28740752E+004     0.24458798E+004     0.13266385E+001     0.21751631E+001
     0.22343590E+000    -0.17068791E+001     0.25731535E+001    -0.28885282E+004     0.24107573E+004     0.97826870E+000     0.22721743E+001
     0.22380339E+000    -0.31328237E+001     0.34713385E+001    -0.29056103E+004     0.23667876E+004     0.62028948E+000     0.22913480E+001
     0.22417088E+000    -0.47979874E+001     0.38664647E+001    -0.29218579E+004     0.23111209E+004     0.27756801E+000     0.22289112E+001
     0.22453838E+000    -0.64948871E+001     0.37486584E+001    -0.29317199E+004     0.22433000E+004    -0.24288831E-001     0.20914518E+001
     0.22490587E+000    -0.80296126E+001     0.31896628E+001    -0.29298026E+004     0.21665706E+004    -0.26223134E+000     0.18966542E+001
     0.22527336E+000    -0.92812220E+001     0.23566622E+001    -0.29138169E+004     0.20869130E+004    -0.42321867E+000     0.16721946E+001
     0.22564086E+000    -0.10270293E+002     0.14327103E+001    -0.28856139E+004     0.20096672E+004    -0.50845806E+000     0.14468436E+001
     0.22600835E+000    -0.11118135E+002     0.49639843E+000    -0.28487742E+004     0.19368713E+004    -0.52846928E+000     0.12437340E+001
     0.22637584E+000    -0.11916364E+002    -0.50621467E+000    -0.28054829E+004     0.18680205E+004    -0.49956491E+000     0.10810558E+001
     0.22674334E+000    -0.12639444E+002    -0.16655202E+001    -0.27558735E+004     0.18025274E+004    -0.44503795E+000     0.97004228E+000
     0.22711083E+000    -0.13183417E+002    -0.29940416E+001    -0.26992760E+004     0.17410807E+004    -0.39134228E+000     0.90915406E+000
     0.22747832E+000    -0.13472228E+002    -0.44093144E+001    -0.26355995E+004     0.16856001E+004    -0.35903965E+000     0.88378383E+000
     0.22784582E+000    -0.13512534E+002    -0.58076630E+001    -0.25661926E+004     0.16383100E+004    -0.35641209E+000     0.87270797E+000
     0.22821331E+000    -0.13361240E+002    -0.71317753E+001    -0.24936881E+004     0.16004143E+004    -0.37864034E+000     0.85665598E+000
     0.22858080E+000    -0.13066037E+002    -0.83724377E+001    -0.24207544E+004     0.15713594E+004    -0.41251605E+000     0.82580440E+000
     0.22894830E+000    -0.12644873E+002    -0.95247780E+001    -0.23486219E+004     0.15494787E+004    -0.44578171E+000     0.78205266E+000
     0.22931579E+000    -0.12120200E+002    -0.10559273E+002    -0.22767563E+004     0.15337925E+004    -0.47505541E+000     0.73274403E+000
     0.22968328E+000    -0.11559828E+002    -0.11455410E+002    -0.22044285E+004     0.15254279E+004    -0.50477043E+000     0.68074473E+000
     0.23005078E+000    -0.11045835E+002    -0.12266443E+002    -0.21330400E+004     0.15269155E+004    -0.53859430E+000     0.62067176E+000
     0.23041827E+000    -0.10580024E+002    -0.13106315E+002    -0.20668614E+004     0.15395818E+004    -0.57234331E+000     0.54389730E+000
     0.23078576E+000    -0.10061947E+002    -0.14035541E+002    -0.20112158E+004     0.15612359E+004    -0.59392193E+000     0.44676346E+000
     0.23115326E+000    -0.94014512E+001    -0.15000144E+002    -0.19693145E+004     0.15861007E+004    -0.58952784E+000     0.33613629E+000
     0.23152075E+000    -0.86070236E+001    -0.15925828E+002    -0.19399634E+004     0.16073509E+004    -0.55296197E+000     0.22869896E+000
     0.23188824E+000    -0.77125501E+001    -0.16816926E+002    -0.19180691E+004     0.16207443E+004    -0.49223436E+000     0.14206210E+000
     0.23225574E+000    -0.66766749E+001    -0.17697811E+002    -0.18979182E+004     0.16265199E+004    -0.42599151E+000     0.82593115E-001
     0.23262323E+000    -0.54275050E+001    -0.18510145E+002    -0.18765642E+004     0.16278988E+004    -0.37085297E+000     0.40899736E-001
     0.23299072E+000    -0.39680210E+001    -0.19132226E+002    -0.18544566E+004     0.16277398E+004    -0.33000392E+000    -0.79485759E-003
     0.23335822E+000    -0.23971508E+001    -0.19478958E+002    -0.18333441E+004     0.16265033E+004    -0.29195542E+000    -0.54912606E-001
     0.23372571E+000    -0.83078570E+000    -0.19568901E+002    -0.18140056E+004     0.16227019E+004    -0.24135427E+000    -0.11928580E+000
     0.23409320E+000     0.70401974E+000    -0.19480714E+002    -0.17953873E+004     0.16143690E+004    -0.17264014E+000    -0.18186240E+000
     0.23446070E+000     0.22700423E+001    -0.19222516E+002    -0.17746765E+004     0.16004494E+004    -0.91514232E-001    -0.23473011E+000
     0.23482819E+000     0.38816484E+001    -0.18679116E+002    -0.17482545E+004     0.15821171E+004    -0.30730915E-002    -0.27990041E+000
     0.23519568E+000     0.53949673E+001    -0.17732931E+002    -0.17137375E+004     0.15630226E+004     0.96551005E-001    -0.32039601E+000
     0.23556318E+000     0.65783449E+001    -0.16422503E+002    -0.16715166E+004     0.15476143E+004     0.21461888E+000    -0.34996684E+000
     0.23593067E+000     0.72862311E+001    -0.14948304E+002    -0.16242965E+004     0.15390310E+004     0.35002694E+000    -0.35418601E+000
     0.23629816E+000     0.75367657E+001    -0.13531782E+002    -0.15754762E+004     0.15383143E+004     0.48855290E+000    -0.32189506E+000
     0.23666566E+000     0.74359834E+001    -0.12305266E+002    -0.15278374E+004     0.15449445E+004     0.61071344E+000    -0.25557740E+000
     0.23703315E+000     0.70833926E+001    -0.11330148E+002    -0.14832060E+004     0.15579192E+004     0.70473644E+000    -0.16995306E+000
     0.23740064E+000     0.65700005E+001    -0.10653634E+002    -0.14431283E+004     0.15763981E+004     0.77168041E+000    -0.81082162E-001
     0.23776814E+000     0.60120277E+001    -0.10298361E+002    -0.14096030E+004     0.15991619E+004     0.82006329E+000     0.20337447E-002
     0.23813563E+000     0.55255164E+001    -0.10222866E+002    -0.13846574E+004     0.16235393E+004     0.85868125E+000     0.77598639E-001
     0.23850312E+000     0.51672236E+001    -0.10341431E+002    -0.13688363E+004     0.16451685E+004     0.89409150E+000     0.14777081E+000
     0.23887062E+000     0.49301640E+001    -0.10593278E+002    -0.13597472E+004     0.16592835E+004     0.93058600E+000     0.21751693E+000
     0.23923811E+000     0.48036300E+001    -0.10972142E+002    -0.13520061E+004     0.16630918E+004     0.96833807E+000     0.29435161E+000
     0.23960560E+000     0.48123125E+001    -0.11488672E+002    -0.13392630E+004     0.16576471E+004     0.10010869E+001     0.38486129E+000
     0.23997309E+000     0.50011831E+001    -0.12144828E+002    -0.13170231E+004     0.16474677E+004     0.10182712E+001     0.48953021E+000
     0.24034059E+000     0.54442621E+001    -0.12942775E+002    -0.12839962E+004     0.16384233E+004     0.10104964E+001     0.60160994E+000
     0.24070808E+000     0.62794317E+001    -0.13837636E+002    -0.12416985E+004     0.16359407E+004     0.97285784E+000     0.70942876E+000
     0.24107557E+000     0.76504819E+001    -0.14644448E+002    -0.11936772E+004     0.16442228E+004     0.90720825E+000     0.79814465E+000
     0.24144307E+000     0.95551667E+001    -0.15052361E+002    -0.11450014E+004     0.16657743E+004     0.82576606E+000     0.85439166E+000
     0.24181056E+000     0.11771852E+002    -0.14785075E+002    -0.11016639E+004     0.17008280E+004     0.74862612E+000     0.87581587E+000
     0.24217805E+000     0.13951570E+002    -0.13751168E+002    -0.10696103E+004     0.17469382E+004     0.69212670E+000     0.87422201E+000
     0.24254555E+000     0.15776630E+002    -0.12065984E+002    -0.10535477E+004     0.17990017E+004     0.66054645E+000     0.86779672E+000
     0.24291304E+000     0.17073616E+002    -0.99627998E+001    -0.10556699E+004     0.18498235E+004     0.64612138E+000     0.87216591E+000
     0.24328053E+000     0.17825207E+002    -0.76575370E+001    -0.10745964E+004     0.18914685E+004     0.63299709E+000     0.89347543E+000
     0.24364803E+000     0.18070457E+002    -0.52611460E+001    -0.11052756E+004     0.19172616E+004     0.60649812E+000     0.92440519E+000
     0.24401552E+000     0.17781012E+002    -0.28267858E+001    -0.11401450E+004     0.19234027E+004     0.56354894E+000     0.95110127E+000
     0.24438301E+000     0.16857709E+002    -0.49128607E+000    -0.11706233E+004     0.19095891E+004     0.50953218E+000     0.96574850E+000
     0.24475051E+000     0.15281292E+002     0.14585044E+001    -0.11884909E+004     0.18793258E+004     0.44680017E+000     0.96500978E+000
     0.24511800E+000     0.13260987E+002     0.27122846E+001    -0.11878948E+004     0.18397927E+004     0.37777335E+000     0.93901871E+000
     0.24548549E+000     0.11192071E+002     0.31504945E+001    -0.11673583E+004     0.18000044E+004     0.31899810E+000     0.87623455E+000
     0.24585299E+000     0.94490421E+001     0.29247969E+001    -0.11298469E+004     0.17678038E+004     0.29881049E+000     0.78277276E+000
     0.24622048E+000     0.82126303E+001     0.23484813E+001    -0.10807672E+004     0.17479425E+004     0.33580196E+000     0.68856217E+000
     0.24658797E+000     0.74432276E+001     0.17218506E+001    -0.10257905E+004     0.17421682E+004     0.42224225E+000     0.63159892E+000
     0.24695547E+000     0.69687114E+001     0.12115726E+001    -0.96984825E+003     0.17502412E+004     0.52675605E+000     0.63669181E+000
     0.24732296E+000     0.66108683E+001     0.82465417E+000    -0.91701589E+003     0.17706220E+004     0.60987707E+000     0.70525978E+000
     0.24769045E+000     0.62853501E+001     0.46932648E+000    -0.87037034E+003     0.18006633E+004     0.63824558E+000     0.81856087E+000
     0.24805795E+000     0.60240914E+001     0.63185992E-001    -0.83152313E+003     0.18369418E+004     0.59037691E+000     0.94535250E+000
     0.24842544E+000     0.59063937E+001    -0.38801757E+000    -0.80034664E+003     0.18760823E+004     0.45807352E+000     0.10464523E+001
     0.24879293E+000     0.59640455E+001    -0.80669911E+000    -0.77534955E+003     0.19156255E+004     0.24958042E+000     0.10775270E+001
     0.24916043E+000     0.61554923E+001    -0.11248223E+001    -0.75440637E+003     0.19544226E+004    -0.54447287E-002     0.99554838E+000
     0.24952792E+000     0.64211929E+001    -0.13347811E+001    -0.73542694E+003     0.19926443E+004    -0.25535290E+000     0.77112221E+000
     0.24989541E+000     0.67470482E+001    -0.14613807E+001    -0.71695347E+003     0.20315919E+004    -0.43622406E+000     0.39970000E+000
     0.25026291E+000     0.71637115E+001    -0.14921817E+001    -0.69872009E+003     0.20732281E+004    -0.48543516E+000    -0.98356758E-001
     0.25063040E+000     0.76784898E+001    -0.13461379E+001    -0.68191587E+003     0.21192884E+004    -0.34587011E+000    -0.68408226E+000
     0.25099789E+000     0.82082072E+001    -0.92080266E+000    -0.66865064E+003     0.21702639E+004     0.36818014E-001    -0.12968552E+001
     0.25136539E+000     0.85764681E+001    -0.18161085E+000    -0.66065932E+003     0.22251882E+004     0.70531648E+000    -0.18397529E+001
     0.25173288E+000     0.85847036E+001     0.76847962E+000    -0.65844137E+003     0.22826739E+004     0.16578536E+001    -0.21733763E+001
     0.25210037E+000     0.81269719E+001     0.16923276E+001    -0.66179245E+003     0.23420335E+004     0.28059795E+001    -0.21462007E+001
     0.25246787E+000     0.72729017E+001     0.23173003E+001    -0.67085629E+003     0.24031759E+004     0.39660230E+001    -0.16651611E+001
     0.25283536E+000     0.62480208E+001     0.24653159E+001    -0.68626423E+003     0.24657077E+004     0.49170536E+001    -0.76046750E+000
     0.25320285E+000     0.53343538E+001     0.21271384E+001    -0.70829853E+003     0.25285920E+004     0.54965024E+001     0.41660438E+000
     0.25357035E+000     0.47502047E+001     0.14540561E+001    -0.73616116E+003     0.25909420E+004     0.56596951E+001     0.16673478E+001
     0.25393784E+000     0.45681104E+001     0.66516832E+000    -0.76843720E+003     0.26533615E+004     0.54654471E+001     0.28282622E+001
     0.25430533E+000     0.47380291E+001    -0.70870036E-001    -0.80489823E+003     0.27183495E+004     0.50208921E+001     0.38086106E+001
     0.25467283E+000     0.51831570E+001    -0.66935935E+000    -0.84807179E+003     0.27887519E+004     0.44320614E+001     0.45848251E+001
     0.25504032E+000     0.58485741E+001    -0.10774181E+001    -0.90281273E+003     0.28655354E+004     0.37767052E+001     0.51747465E+001
     0.25540781E+000     0.66770610E+001    -0.12391995E+001    -0.97460582E+003     0.29470045E+004     0.31009535E+001     0.56097046E+001
     0.25577530E+000     0.75900823E+001    -0.11141382E+001    -0.10686790E+004     0.30291995E+004     0.24302923E+001     0.59205578E+001
     0.25614280E+000     0.85071833E+001    -0.68953962E+000    -0.11898512E+004     0.31055230E+004     0.17757598E+001     0.61368878E+001
     0.25651029E+000     0.93567096E+001     0.38348471E-001    -0.13409826E+004     0.31655623E+004     0.11317305E+001     0.62829050E+001
     0.25687778E+000     0.10055279E+002     0.10773215E+001    -0.15194674E+004     0.31957451E+004     0.47982353E+000     0.63641962E+001
     0.25724528E+000     0.10478579E+002     0.24182620E+001    -0.17147114E+004     0.31836566E+004    -0.19083997E+000     0.63602943E+001
     0.25761277E+000     0.10461374E+002     0.39761058E+001    -0.19100932E+004     0.31236401E+004    -0.86202958E+000     0.62412992E+001
     0.25798026E+000     0.98720543E+001     0.55329595E+001    -0.20886372E+004     0.30190479E+004    -0.14904610E+001     0.59970454E+001
     0.25834776E+000     0.87401917E+001     0.67765602E+001    -0.22380019E+004     0.28799002E+004    -0.20330445E+001     0.56470891E+001
     0.25871525E+000     0.73094325E+001     0.74581278E+001    -0.23521721E+004     0.27187409E+004    -0.24638607E+001     0.52286112E+001
     0.25908274E+000     0.59288736E+001     0.75427298E+001    -0.24305716E+004     0.25473573E+004    -0.27761877E+001     0.47836767E+001
     0.25945024E+000     0.48665920E+001     0.72103708E+001    -0.24762226E+004     0.23750646E+004    -0.29816114E+001     0.43509004E+001
     0.25981773E+000     0.42064493E+001     0.67214344E+001    -0.24939170E+004     0.22081977E+004    -0.31057231E+001     0.39557440E+001
     0.26018522E+000     0.38810980E+001     0.62797478E+001    -0.24887418E+004     0.20503786E+004    -0.31757702E+001     0.36058943E+001
     0.26055272E+000     0.37690319E+001     0.59822278E+001    -0.24651094E+004     0.19032442E+004    -0.32099830E+001     0.32990481E+001
     0.26092021E+000     0.37718103E+001     0.58480130E+001    -0.24263230E+004     0.17673405E+004    -0.32194075E+001     0.30337123E+001
     0.26128770E+000     0.38312016E+001     0.58788172E+001    -0.23746237E+004     0.16429945E+004    -0.32154921E+001     0.28104113E+001
     0.26165520E+000     0.38935042E+001     0.60893607E+001    -0.23117289E+004     0.15309442E+004    -0.32116334E+001     0.26273361E+001
     0.26202269E+000     0.38778356E+001     0.64838768E+001    -0.22396240E+004     0.14323614E+004    -0.32216387E+001     0.24795541E+001
     0.26239018E+000     0.36906739E+001     0.70174488E+001    -0.21610242E+004     0.13482586E+004    -0.32613648E+001     0.23577110E+001
     0.26275768E+000     0.32710129E+001     0.75889511E+001    -0.20791791E+004     0.12787972E+004    -0.33468360E+001     0.22410380E+001
     0.26312517E+000     0.26277498E+001     0.80735750E+001    -0.19972547E+004     0.12229954E+004    -0.34815245E+001     0.20937156E+001
     0.26349266E+000     0.18435680E+001     0.83764104E+001    -0.19177243E+004     0.11789283E+004    -0.36413550E+001     0.18769680E+001
     0.26386016E+000     0.10372296E+001     0.84768592E+001    -0.18420687E+004     0.11442110E+004    -0.37751106E+001     0.15737642E+001
     0.26422765E+000     0.30251382E+000     0.84322467E+001    -0.17707983E+004     0.11164457E+004    -0.38272715E+001     0.12071622E+001
     0.26459514E+000    -0.33486917E+000     0.83360176E+001    -0.17035646E+004     0.10935152E+004    -0.37702818E+001     0.83396630E+000
     0.26496264E+000    -0.91687381E+000     0.82633426E+001    -0.16392746E+004     0.10739060E+004    -0.36210025E+001     0.51403507E+000
     0.26533013E+000    -0.15214600E+001     0.82367115E+001    -0.15764567E+004     0.10570890E+004    -0.34272130E+001     0.27896892E+000
     0.26569762E+000    -0.22230831E+001     0.82190069E+001    -0.15139440E+004     0.10435745E+004    -0.32383310E+001     0.12394721E+000
     0.26606512E+000    -0.30612044E+001     0.81268568E+001    -0.14514205E+004     0.10344091E+004    -0.30847335E+001     0.21285181E-001
     0.26643261E+000    -0.40186464E+001     0.78514484E+001    -0.13894000E+004     0.10304788E+004    -0.29739016E+001    -0.61146706E-001
     0.26680010E+000    -0.50011327E+001     0.72915008E+001    -0.13287650E+004     0.10321457E+004    -0.28972013E+001    -0.14770628E+000
     0.26716760E+000    -0.58403136E+001     0.64136827E+001    -0.12703210E+004     0.10393535E+004    -0.28395101E+001    -0.25103069E+000
     0.26753509E+000    -0.63553560E+001     0.53040128E+001    -0.12146679E+004     0.10519459E+004    -0.27865889E+001    -0.37418443E+000
     0.26790258E+000    -0.64388929E+001     0.41529591E+001    -0.11623546E+004     0.10698836E+004    -0.27282416E+001    -0.51516240E+000
     0.26827008E+000    -0.61012267E+001     0.31899347E+001    -0.11141132E+004     0.10932512E+004    -0.26580626E+001    -0.67078004E+000
     0.26863757E+000    -0.54678916E+001     0.26219334E+001    -0.10710501E+004     0.11220960E+004    -0.25714079E+001    -0.83871572E+000
     0.26900506E+000    -0.47635480E+001     0.25880470E+001    -0.10347250E+004     0.11561257E+004    -0.24630899E+001    -0.10175377E+001
     0.26937256E+000    -0.42846775E+001     0.31098922E+001    -0.10070081E+004     0.11943256E+004    -0.23256579E+001    -0.12053994E+001
     0.26974005E+000    -0.43338339E+001     0.40468811E+001    -0.98965368E+003     0.12346616E+004    -0.21480266E+001    -0.13972602E+001
     0.27010754E+000    -0.51211518E+001     0.51037689E+001    -0.98364669E+003     0.12740756E+004    -0.19166755E+001    -0.15790781E+001
     0.27047503E+000    -0.66942206E+001     0.59049743E+001    -0.98855100E+003     0.13089596E+004    -0.16246644E+001    -0.17225979E+001
     0.27084253E+000    -0.89336056E+001     0.60794899E+001    -0.10022619E+004     0.13360638E+004    -0.12863026E+001    -0.17911813E+001
     0.27121002E+000    -0.11573997E+002     0.53081780E+001    -0.10214216E+004     0.13534317E+004    -0.94294126E+000    -0.17598862E+001
     0.27157751E+000    -0.14200074E+002     0.33630883E+001    -0.10423637E+004     0.13608970E+004    -0.64875926E+000    -0.16358630E+001
     0.27194501E+000    -0.16245751E+002     0.20374169E+000    -0.10622023E+004     0.13598794E+004    -0.44355572E+000    -0.14610312E+001
     0.27231250E+000    -0.17098306E+002    -0.38867304E+001    -0.10795491E+004     0.13524782E+004    -0.33189297E+000    -0.12930912E+001
     0.27267999E+000    -0.16337526E+002    -0.82668290E+001    -0.10943717E+004     0.13402916E+004    -0.28250466E+000    -0.11778551E+001
     0.27304749E+000    -0.13968596E+002    -0.12114284E+002    -0.11070001E+004     0.13237583E+004    -0.24628827E+000    -0.11304969E+001
     0.27341498E+000    -0.10464859E+002    -0.14744139E+002    -0.11170164E+004     0.13025525E+004    -0.17980130E+000    -0.11344600E+001
     0.27378247E+000    -0.65709695E+001    -0.15873640E+002    -0.11229579E+004     0.12767210E+004    -0.61259925E-001    -0.11546205E+001
     0.27414997E+000    -0.29834966E+001    -0.15672521E+002    -0.11231071E+004     0.12475613E+004     0.10656602E+000    -0.11549049E+001
     0.27451746E+000    -0.11006249E+000    -0.14585424E+002    -0.11166534E+004     0.12174717E+004     0.30424194E+000    -0.11110110E+001
     0.27488495E+000     0.19641078E+001    -0.13077046E+002    -0.11042583E+004     0.11889927E+004     0.50713252E+000    -0.10137776E+001
     0.27525245E+000     0.33500056E+001    -0.11474210E+002    -0.10877618E+004     0.11638475E+004     0.69314690E+000    -0.86525760E+000
     0.27561994E+000     0.42111515E+001    -0.99501062E+001    -0.10694391E+004     0.11424919E+004     0.84420080E+000    -0.67380581E+000
     0.27598743E+000     0.46889623E+001    -0.85806804E+001    -0.10512478E+004     0.11241822E+004     0.94510886E+000    -0.45319307E+000
     0.27635493E+000     0.48916552E+001    -0.73975888E+001    -0.10342948E+004     0.11074006E+004     0.98579286E+000    -0.22440339E+000
     0.27672242E+000     0.49064182E+001    -0.64119681E+001    -0.10186439E+004     0.10904578E+004     0.96742453E+000    -0.13737990E-001
     0.27708991E+000     0.48076511E+001    -0.56181587E+001    -0.10034907E+004     0.10720393E+004     0.90587256E+000     0.15572182E+000
     0.27745741E+000     0.46548582E+001    -0.49934325E+001    -0.98754802E+003     0.10514985E+004     0.82664043E+000     0.27353112E+000
     0.27782490E+000     0.44855795E+001    -0.45041280E+001    -0.96942727E+003     0.10288999E+004     0.75448530E+000     0.34403533E+000
     0.27819239E+000     0.43138789E+001    -0.41200977E+001    -0.94793392E+003     0.10049277E+004     0.70625055E+000     0.38093286E+000
     0.27855989E+000     0.41424512E+001    -0.38274691E+001    -0.92228758E+003     0.98070809E+003     0.69004892E+000     0.40090854E+000
     0.27892738E+000     0.39805212E+001    -0.36255773E+001    -0.89223055E+003     0.95756159E+003     0.70711173E+000     0.42041020E+000
     0.27929487E+000     0.38488839E+001    -0.35110822E+001    -0.85799997E+003     0.93676691E+003     0.75293471E+000     0.45434931E+000
     0.27966237E+000     0.37688546E+001    -0.34691123E+001    -0.82021767E+003     0.91940301E+003     0.81770888E+000     0.51448122E+000
     0.28002986E+000     0.37528454E+001    -0.34802306E+001    -0.77976245E+003     0.90627013E+003     0.88772649E+000     0.60693082E+000
     0.28039735E+000     0.38091883E+001    -0.35295222E+001    -0.73765557E+003     0.89786680E+003     0.94901854E+000     0.73052736E+000
     0.28076485E+000     0.39522389E+001    -0.36028660E+001    -0.69497778E+003     0.89439550E+003     0.99189919E+000     0.87835065E+000
     0.28113234E+000     0.42016967E+001    -0.36739621E+001    -0.65280628E+003     0.89575821E+003     0.10131064E+001     0.10424962E+001
     0.28149983E+000     0.45684508E+001    -0.36974972E+001    -0.61212269E+003     0.90154189E+003     0.10134669E+001     0.12189848E+001
     0.28186733E+000     0.50387721E+001    -0.36172982E+001    -0.57367665E+003     0.91105509E+003     0.99240281E+000     0.14090482E+001
     0.28223482E+000     0.55693420E+001    -0.33839125E+001    -0.53787088E+003     0.92346113E+003     0.94321755E+000     0.16153823E+001
     0.28260231E+000     0.60938973E+001    -0.29701099E+001    -0.50474621E+003     0.93796450E+003     0.85297469E+000     0.18354967E+001
     0.28296981E+000     0.65349671E+001    -0.23810808E+001    -0.47406888E+003     0.95396364E+003     0.70800341E+000     0.20567220E+001
     0.28333730E+000     0.68210216E+001    -0.16608429E+001    -0.44546233E+003     0.97113013E+003     0.50196522E+000     0.22568974E+001
     0.28370479E+000     0.69102733E+001    -0.88743454E+000    -0.41853977E+003     0.98942937E+003     0.24129363E+000     0.24107292E+001
     0.28407229E+000     0.68091001E+001    -0.14971951E+000    -0.39303154E+003     0.10091066E+004    -0.54834617E-001     0.24980384E+001
     0.28443978E+000     0.65695955E+001     0.48526427E+000    -0.36892791E+003     0.10306390E+004    -0.35939125E+000     0.25101981E+001
     0.28480727E+000     0.62644497E+001     0.99484023E+000    -0.34664389E+003     0.10545988E+004    -0.64523903E+000     0.24524111E+001
     0.28517477E+000     0.59543557E+001     0.13987313E+001    -0.32711296E+003     0.10813598E+004    -0.89244664E+000     0.23407385E+001
     0.28554226E+000     0.56695020E+001     0.17366193E+001    -0.31163257E+003     0.11107137E+004    -0.10915554E+001     0.21957670E+001
     0.28590975E+000     0.54129435E+001     0.20450761E+001    -0.30139530E+003     0.11416588E+004    -0.12422690E+001     0.20371938E+001
     0.28627724E+000     0.51743505E+001     0.23482014E+001    -0.29693450E+003     0.11726285E+004    -0.13508935E+001     0.18816747E+001
     0.28664474E+000     0.49403156E+001     0.26600285E+001    -0.29792096E+003     0.12021216E+004    -0.14295303E+001     0.17419179E+001
     0.28701223E+000     0.46967469E+001     0.29900589E+001    -0.30356586E+003     0.12292781E+004    -0.14958937E+001     0.16238236E+001
     0.28737972E+000     0.44258536E+001     0.33453175E+001    -0.31335357E+003     0.12538671E+004    -0.15700024E+001     0.15218573E+001
     0.28774722E+000     0.41034227E+001     0.37268742E+001    -0.32744623E+003     0.12756243E+004    -0.16659472E+001     0.14169443E+001
     0.28811471E+000     0.37004026E+001     0.41241239E+001    -0.34631688E+003     0.12934826E+004    -0.17820864E+001     0.12817349E+001
     0.28848220E+000     0.31881249E+001     0.45097976E+001    -0.36979887E+003     0.13053984E+004    -0.18970048E+001     0.10933044E+001
     0.28884970E+000     0.25482373E+001     0.48360569E+001    -0.39625738E+003     0.13090742E+004    -0.19762526E+001     0.84622602E+000
     0.28921719E+000     0.17899446E+001     0.50384181E+001    -0.42259921E+003     0.13031768E+004    -0.19865423E+001     0.55720006E+000
     0.28958468E+000     0.96389535E+000     0.50580158E+001    -0.44523876E+003     0.12881836E+004    -0.19083976E+001     0.25921912E+000
     0.28995218E+000     0.15171592E+000     0.48733357E+001    -0.46134887E+003     0.12662460E+004    -0.17415520E+001    -0.92476801E-002
     0.29031967E+000    -0.56871669E+000     0.45126767E+001    -0.46954769E+003     0.12402933E+004    -0.15039074E+001    -0.21444492E+000
     0.29068716E+000    -0.11535232E+001     0.40350462E+001    -0.46978961E+003     0.12131219E+004    -0.12265524E+001    -0.33513436E+000
     0.29105466E+000    -0.15966745E+001     0.34995700E+001    -0.46286955E+003     0.11869483E+004    -0.94570932E+000    -0.36737433E+000
     0.29142215E+000    -0.19144423E+001     0.29471088E+001    -0.44999379E+003     0.11633601E+004    -0.69274031E+000    -0.32428289E+000
     0.29178964E+000    -0.21276143E+001     0.23979052E+001    -0.43254418E+003     0.11433970E+004    -0.48614152E+000    -0.22951740E+000
     0.29215714E+000    -0.22490419E+001     0.18588068E+001    -0.41194549E+003     0.11276154E+004    -0.32995403E+000    -0.10763259E+000
     0.29252463E+000    -0.22791966E+001     0.13361917E+001    -0.38955319E+003     0.11161413E+004    -0.21824591E+000     0.22844384E-001
     0.29289212E+000    -0.22135462E+001     0.84839811E+000    -0.36655357E+003     0.11087379E+004    -0.14101404E+000     0.15130154E+000
     0.29325962E+000    -0.20582901E+001     0.42693431E+000    -0.34388550E+003     0.11048902E+004    -0.88409117E-001     0.27399314E+000
     0.29362711E+000    -0.18411997E+001     0.10324944E+000    -0.32217800E+003     0.11039001E+004    -0.53430877E-001     0.39203984E+000
     0.29399460E+000    -0.16075258E+001    -0.10865678E+000    -0.30170421E+003     0.11050102E+004    -0.33463976E-001     0.50866153E+000
     0.29436210E+000    -0.14043176E+001    -0.22027954E+000    -0.28238284E+003     0.11075652E+004    -0.30003320E-001     0.62601123E+000
     0.29472959E+000    -0.12652010E+001    -0.26314287E+000    -0.26387332E+003     0.11111829E+004    -0.46476119E-001     0.74307193E+000
     0.29509708E+000    -0.12044705E+001    -0.27659862E+000    -0.24577363E+003     0.11158568E+004    -0.85614106E-001     0.85568435E+000
     0.29546458E+000    -0.12197556E+001    -0.29813880E+000    -0.22785896E+003     0.11219210E+004    -0.14807048E+000     0.95798005E+000
     0.29583207E+000    -0.12967187E+001    -0.35941160E+000    -0.21025597E+003     0.11298724E+004    -0.23237772E+000     0.10435534E+001
     0.29619956E+000    -0.14115810E+001    -0.48456910E+000    -0.19347452E+003     0.11401272E+004    -0.33495301E+000     0.11058113E+001
     0.29656706E+000    -0.15330866E+001    -0.68728954E+000    -0.17829453E+003     0.11528141E+004    -0.44941648E+000     0.11385008E+001
     0.29693455E+000    -0.16273168E+001    -0.96764303E+000    -0.16556853E+003     0.11676763E+004    -0.56606496E+000     0.11373668E+001
     0.29730204E+000    -0.16646438E+001    -0.13129297E+001    -0.15602108E+003     0.11840976E+004    -0.67282892E+000     0.11024209E+001
     0.29766954E+000    -0.16237478E+001    -0.17032538E+001    -0.15011388E+003     0.12012183E+004    -0.75789952E+000     0.10392867E+001
     0.29803703E+000    -0.14895668E+001    -0.21166252E+001    -0.14799883E+003     0.12180719E+004    -0.81288785E+000     0.95858814E+000
     0.29840452E+000    -0.12492033E+001    -0.25279542E+001    -0.14952743E+003     0.12336936E+004    -0.83510921E+000     0.87350028E+000
     0.29877202E+000    -0.89335998E+000    -0.29034502E+001    -0.15427173E+003     0.12472004E+004    -0.82803147E+000     0.79635821E+000
     0.29913951E+000    -0.42548153E+000    -0.31986393E+001    -0.16154629E+003     0.12578756E+004    -0.79963025E+000     0.73568018E+000
     0.29950700E+000     0.12799342E+000    -0.33663979E+001    -0.17046602E+003     0.12652757E+004    -0.75944435E+000     0.69488331E+000
     0.29987450E+000     0.71569607E+000    -0.33728276E+001    -0.18008995E+003     0.12693221E+004    -0.71581314E+000     0.67295809E+000
     0.30024199E+000     0.12715808E+001    -0.32119508E+001    -0.18963346E+003     0.12702742E+004    -0.67431348E+000     0.66626621E+000
     0.30060948E+000     0.17329837E+001    -0.29107851E+001    -0.19861599E+003     0.12685387E+004    -0.63744827E+000     0.67047803E+000
     0.30097698E+000     0.20580418E+001    -0.25225467E+001    -0.20680624E+003     0.12644240E+004    -0.60522193E+000     0.68216594E+000
     0.30134447E+000     0.22358763E+001    -0.21116207E+001    -0.21399620E+003     0.12580439E+004    -0.57636334E+000     0.69984463E+000
     0.30171196E+000     0.22870484E+001    -0.17359084E+001    -0.21980462E+003     0.12494483E+004    -0.54995485E+000     0.72413921E+000
     0.30207945E+000     0.22545265E+001    -0.14317530E+001    -0.22367884E+003     0.12388505E+004    -0.52684135E+000     0.75682448E+000
     0.30244695E+000     0.21875429E+001    -0.12065206E+001    -0.22507260E+003     0.12267545E+004    -0.50997029E+000     0.79912378E+000
     0.30281444E+000     0.21243374E+001    -0.10425463E+001    -0.22363875E+003     0.12139042E+004    -0.50343556E+000     0.85034140E+000
     0.30318193E+000     0.20821488E+001    -0.91068054E+000    -0.21931416E+003     0.12011426E+004    -0.51101977E+000     0.90761201E+000
     0.30354943E+000     0.20589645E+001    -0.78514939E+000    -0.21230820E+003     0.11892927E+004    -0.53517399E+000     0.96651742E+000
     0.30391692E+000     0.20431216E+001    -0.65104520E+000    -0.20307256E+003     0.11790887E+004    -0.57661733E+000     0.10218892E+001
     0.30428441E+000     0.20220029E+001    -0.50280177E+000    -0.19228179E+003     0.11711118E+004    -0.63427693E+000     0.10685116E+001
     0.30465191E+000     0.19844511E+001    -0.33937645E+000    -0.18079147E+003     0.11657076E+004    -0.70543993E+000     0.11017522E+001
     0.30501940E+000     0.19188072E+001    -0.16251113E+000    -0.16955023E+003     0.11629167E+004    -0.78614365E+000     0.11180669E+001
     0.30538689E+000     0.18120592E+001     0.20813783E-001    -0.15948367E+003     0.11624479E+004    -0.87172751E+000     0.11152113E+001
     0.30575439E+000     0.16532040E+001     0.19551387E+000    -0.15137494E+003     0.11636950E+004    -0.95726055E+000     0.10920715E+001
     0.30612188E+000     0.14392170E+001     0.33940424E+000    -0.14574723E+003     0.11657966E+004    -0.10374731E+001     0.10483874E+001
     0.30648937E+000     0.11791840E+001     0.42907799E+000    -0.14276493E+003     0.11677533E+004    -0.11062598E+001     0.98508143E+000
     0.30685687E+000     0.89310861E+000     0.44749718E+000    -0.14220341E+003     0.11686007E+004    -0.11567553E+001     0.90560085E+000
     0.30722436E+000     0.60598363E+000     0.38854659E+000    -0.14352484E+003     0.11675747E+004    -0.11831642E+001     0.81725988E+000
     0.30759185E+000     0.34122215E+000     0.25636978E+000    -0.14602626E+003     0.11641926E+004    -0.11838762E+001     0.73055519E+000
     0.30795935E+000     0.11725137E+000     0.61411096E-001    -0.14897449E+003     0.11582327E+004    -0.11634197E+001     0.65575791E+000
     0.30832684E+000    -0.52187920E-001    -0.18312156E+000    -0.15167304E+003     0.11496708E+004    -0.11311873E+001     0.59873509E+000
     0.30869433E+000    -0.15642795E+000    -0.46216495E+000    -0.15347770E+003     0.11386350E+004    -0.10974576E+001     0.55888254E+000
     0.30906183E+000    -0.18768822E+000    -0.75779064E+000    -0.15380750E+003     0.11253908E+004    -0.10692575E+001     0.53036791E+000
     0.30942932E+000    -0.14306381E+000    -0.10486545E+001    -0.15217110E+003     0.11103304E+004    -0.10483496E+001     0.50555027E+000
     0.30979681E+000    -0.27320201E-001    -0.13116587E+001    -0.14819578E+003     0.10939475E+004    -0.10319054E+001     0.47842253E+000
     0.31016431E+000     0.14556912E+000    -0.15259460E+001    -0.14164621E+003     0.10768051E+004    -0.10148529E+001     0.44647663E+000
     0.31053180E+000     0.35378824E+000    -0.16778784E+001    -0.13243833E+003     0.10595043E+004    -0.99234950E+000     0.41066172E+000
     0.31089929E+000     0.57227882E+000    -0.17646120E+001    -0.12065471E+003     0.10426462E+004    -0.96130318E+000     0.37416345E+000
     0.31126679E+000     0.77887151E+000    -0.17941263E+001    -0.10655128E+003     0.10267765E+004    -0.92079496E+000     0.34099457E+000
     0.31163428E+000     0.95905951E+000    -0.17815672E+001    -0.90536351E+002     0.10123177E+004    -0.87183814E+000     0.31493183E+000
     0.31200177E+000     0.11074812E+001    -0.17439019E+001    -0.73113630E+002     0.99951155E+003    -0.81687186E+000     0.29884940E+000
     0.31236927E+000     0.12261912E+001    -0.16953110E+001    -0.54797352E+002     0.98839001E+003    -0.75917973E+000     0.29437530E+000
     0.31273676E+000     0.13210542E+001    -0.16448263E+001    -0.36017722E+002     0.97879145E+003    -0.70235132E+000     0.30178597E+000
     0.31310425E+000     0.13980142E+001    -0.15967030E+001    -0.17040299E+002     0.97042257E+003    -0.64980859E+000     0.32001614E+000
     0.31347175E+000     0.14610388E+001    -0.15528555E+001     0.20751541E+001     0.96295740E+003    -0.60430796E+000     0.34676271E+000
     0.31383924E+000     0.15126207E+001    -0.15154557E+001     0.21458129E+002     0.95614675E+003    -0.56742095E+000     0.37881219E+000
     0.31420673E+000     0.15559001E+001    -0.14877549E+001     0.41354083E+002     0.94990241E+003    -0.53918254E+000     0.41265017E+000
     0.31457423E+000     0.15963940E+001    -0.14726993E+001     0.62019266E+002     0.94432636E+003    -0.51808287E+000     0.44520866E+000
     0.31494172E+000     0.16418486E+001    -0.14705197E+001     0.83623653E+002     0.93967804E+003    -0.50141815E+000     0.47454677E+000
     0.31530921E+000     0.17000827E+001    -0.14770529E+001     0.10619626E+003     0.93630171E+003    -0.48593305E+000     0.50031740E+000
     0.31567671E+000     0.17759714E+001    -0.14841334E+001     0.12962071E+003     0.93455179E+003    -0.46865383E+000     0.52389032E+000
     0.31604420E+000     0.18694514E+001    -0.14821180E+001     0.15366117E+003     0.93474372E+003    -0.44771981E+000     0.54802992E+000
     0.31641169E+000     0.19758541E+001    -0.14630204E+001     0.17799123E+003     0.93713260E+003    -0.42294592E+000     0.57616805E+000
     0.31677918E+000     0.20880649E+001    -0.14222787E+001     0.20221041E+003     0.94190504E+003    -0.39592125E+000     0.61149506E+000
     0.31714668E+000     0.21986756E+001    -0.13585416E+001     0.22584921E+003     0.94916777E+003    -0.36963998E+000     0.65616425E+000
     0.31751417E+000     0.23008203E+001    -0.12725845E+001     0.24837272E+003     0.95892368E+003    -0.34783633E+000     0.71082006E+000
     0.31788166E+000     0.23879486E+001    -0.11668036E+001     0.26919645E+003     0.97103553E+003    -0.33424584E+000     0.77449784E+000
     0.31824916E+000     0.24537437E+001    -0.10457381E+001     0.28772569E+003     0.98518618E+003    -0.33194841E+000     0.84483383E+000
     0.31861665E+000     0.24931565E+001    -0.91687742E+000     0.30342297E+003     0.10008519E+004    -0.34288109E+000     0.91851439E+000
     0.31898414E+000     0.25045003E+001    -0.79045616E+000     0.31589685E+003     0.10173079E+004    -0.36761267E+000     0.99189074E+000
     0.31935164E+000     0.24913911E+001    -0.67740437E+000     0.32499297E+003     0.10336786E+004    -0.40546231E+000     0.10616064E+001
     0.31971913E+000     0.24629315E+001    -0.58595581E+000     0.33086203E+003     0.10490343E+004    -0.45491656E+000     0.11250121E+001
     0.32008662E+000     0.24314568E+001    -0.51863190E+000     0.33398038E+003     0.10625207E+004    -0.51411939E+000     0.11802309E+001
     0.32045412E+000     0.24087546E+001    -0.47129619E+000     0.33510711E+003     0.10734946E+004    -0.58117883E+000     0.12259660E+001
     0.32082161E+000     0.24025971E+001    -0.43470132E+000     0.33517648E+003     0.10816317E+004    -0.65423003E+000     0.12613015E+001
     0.32118910E+000     0.24150080E+001    -0.39753850E+000     0.33514616E+003     0.10869708E+004    -0.73142140E+000     0.12856428E+001
     0.32155660E+000     0.24424812E+001    -0.34954411E+000     0.33584287E+003     0.10898786E+004    -0.81099218E+000     0.12987031E+001
     0.32192409E+000     0.24775217E+001    -0.28376338E+000     0.33785122E+003     0.10909458E+004    -0.89139101E+000     0.13003507E+001
     0.32229158E+000     0.25108431E+001    -0.19773672E+000     0.34147151E+003     0.10908537E+004    -0.97120136E+000     0.12903064E+001
     0.32265908E+000     0.25337955E+001    -0.93529024E-001     0.34674342E+003     0.10902531E+004    -0.10487250E+001     0.12679549E+001
     0.32302657E+000     0.25404911E+001     0.23501688E-001     0.35351408E+003     0.10896788E+004    -0.11214017E+001     0.12326104E+001
     0.32339406E+000     0.25288782E+001     0.14695477E+000     0.36152474E+003     0.10895125E+004    -0.11855250E+001     0.11843077E+001
     0.32376156E+000     0.25002370E+001     0.27183520E+000     0.37049152E+003     0.10899918E+004    -0.12366419E+001     0.11247603E+001
     0.32412905E+000     0.24572586E+001     0.39613808E+000     0.38015893E+003     0.10912523E+004    -0.12706222E+001     0.10579154E+001
     0.32449654E+000     0.24015380E+001     0.52083555E+000     0.39031390E+003     0.10933808E+004    -0.12849551E+001     0.98972495E+000
     0.32486404E+000     0.23316119E+001     0.64819421E+000     0.40076621E+003     0.10964515E+004    -0.12797121E+001     0.92716854E+000
     0.32523153E+000     0.22425375E+001     0.77907057E+000     0.41131957E+003     0.11005309E+004    -0.12578072E+001     0.87691616E+000
     0.32559902E+000     0.21274405E+001     0.91040831E+000     0.42175992E+003     0.11056589E+004    -0.12245394E+001     0.84412015E+000
     0.32596652E+000     0.19805157E+001     0.10342776E+001     0.43186865E+003     0.11118336E+004    -0.11866968E+001     0.83167408E+000
     0.32633401E+000     0.18000680E+001     0.11391328E+001     0.44144374E+003     0.11190186E+004    -0.11515991E+001     0.83998312E+000
     0.32670150E+000     0.15900531E+001     0.12127305E+001     0.45030287E+003     0.11271684E+004    -0.11263031E+001     0.86704990E+000
     0.32706900E+000     0.13594746E+001     0.12452035E+001     0.45825893E+003     0.11362469E+004    -0.11169466E+001     0.90866351E+000
     0.32743649E+000     0.11202859E+001     0.12308903E+001     0.46508322E+003     0.11462168E+004    -0.11280815E+001     0.95867202E+000
     0.32780398E+000     0.88512094E+000     0.11685184E+001     0.47048357E+003     0.11569982E+004    -0.11619624E+001     0.10095079E+001
     0.32817148E+000     0.66586112E+000     0.10603802E+001     0.47411539E+003     0.11684146E+004    -0.12180001E+001     0.10531049E+001
     0.32853897E+000     0.47315364E+000     0.91149710E+000     0.47562579E+003     0.11801494E+004    -0.12926828E+001     0.10821035E+001
     0.32890646E+000     0.31625472E+000     0.72934052E+000     0.47471884E+003     0.11917296E+004    -0.13801223E+001     0.10910056E+001
     0.32927396E+000     0.20248038E+000     0.52389613E+000     0.47122649E+003     0.12025404E+004    -0.14730961E+001     0.10768966E+001
     0.32964145E+000     0.13611333E+000     0.30736493E+000     0.46517130E+003     0.12118719E+004    -0.15642182E+001     0.10395381E+001
     0.33000894E+000     0.11732491E+000     0.92994692E-001     0.45680722E+003     0.12189937E+004    -0.16468461E+001     0.98094303E+000
     0.33037644E+000     0.14189223E+000    -0.10675724E+000     0.44662582E+003     0.12232442E+004    -0.17155486E+001     0.90477752E+000
     0.33074393E+000     0.20201965E+000    -0.28195396E+000     0.43532153E+003     0.12241177E+004    -0.17662843E+001     0.81589673E+000
     0.33111142E+000     0.28785078E+000    -0.42609738E+000     0.42372384E+003     0.12213259E+004    -0.17965788E+001     0.72003772E+000
     0.33147892E+000     0.38893511E+000    -0.53612951E+000     0.41271649E+003     0.12148239E+004    -0.18058189E+001     0.62343938E+000
     0.33184641E+000     0.49519427E+000    -0.61194596E+000     0.40316352E+003     0.12048057E+004    -0.17954877E+001     0.53219347E+000
     0.33221390E+000     0.59743907E+000    -0.65590732E+000     0.39584843E+003     0.11916848E+004    -0.17690602E+001     0.45139020E+000
     0.33258139E+000     0.68775820E+000    -0.67251833E+000     0.39142045E+003     0.11760668E+004    -0.17314248E+001     0.38434788E+000
     0.33294889E+000     0.76000810E+000    -0.66811796E+000     0.39034158E+003     0.11587103E+004    -0.16879617E+001     0.33223151E+000
     0.33331638E+000     0.81035683E+000    -0.65033386E+000     0.39284056E+003     0.11404656E+004    -0.16435761E+001     0.29419584E+000
     0.33368387E+000     0.83762602E+000    -0.62722289E+000     0.39889046E+003     0.11221915E+004    -0.16019952E+001     0.26796377E+000
     0.33405137E+000     0.84319851E+000    -0.60627825E+000     0.40822497E+003     0.11046639E+004    -0.15654987E+001     0.25058972E+000
     0.33441886E+000     0.83047998E+000    -0.59360785E+000     0.42039349E+003     0.10885022E+004    -0.15350577E+001     0.23912585E+000
     0.33478635E+000     0.80411483E+000    -0.59348986E+000     0.43483885E+003     0.10741295E+004    -0.15106977E+001     0.23101517E+000
     0.33515385E+000     0.76920130E+000    -0.60831939E+000     0.45097548E+003     0.10617701E+004    -0.14918661E+001     0.22420509E+000
     0.33552134E+000     0.73066548E+000    -0.63883875E+000     0.46825188E+003     0.10514754E+004    -0.14776693E+001     0.21710064E+000
     0.33588883E+000     0.69285985E+000    -0.68451968E+000     0.48619221E+003     0.10431616E+004    -0.14669663E+001     0.20850179E+000
     0.33625633E+000     0.65939253E+000    -0.74397363E+000     0.50442005E+003     0.10366521E+004    -0.14583950E+001     0.19761580E+000
     0.33662382E+000     0.63313883E+000    -0.81528072E+000     0.52266854E+003     0.10317188E+004    -0.14504366E+001     0.18414896E+000
     0.33699131E+000     0.61633404E+000    -0.89617376E+000     0.54077831E+003     0.10281226E+004    -0.14415840E+001     0.16840472E+000
     0.33735881E+000     0.61063145E+000    -0.98409187E+000     0.55868221E+003     0.10256501E+004    -0.14306037E+001     0.15128398E+000
     0.33772630E+000     0.61705136E+000    -0.10761890E+001     0.57637723E+003     0.10241402E+004    -0.14167971E+001     0.13412329E+000
     0.33809379E+000     0.63582312E+000    -0.11694110E+001     0.59388933E+003     0.10234947E+004    -0.14001422E+001     0.11839928E+000
     0.33846129E+000     0.66620167E+000    -0.12607298E+001     0.61124057E+003     0.10236712E+004    -0.13812545E+001     0.10540674E+000
     0.33882878E+000     0.70639474E+000    -0.13475531E+001     0.62842806E+003     0.10246626E+004    -0.13612014E+001     0.96021999E-001
     0.33919627E+000     0.75373585E+000    -0.14282210E+001     0.64541846E+003     0.10264738E+004    -0.13412551E+001     0.90600649E-001
     0.33956377E+000     0.80515861E+000    -0.15024113E+001     0.66215485E+003     0.10291041E+004    -0.13226584E+001     0.88994956E-001
     0.33993126E+000     0.85788823E+000    -0.15712531E+001     0.67856799E+003     0.10325404E+004    -0.13064409E+001     0.90658798E-001
     0.34029875E+000     0.91014035E+000    -0.16370431E+001     0.69458426E+003     0.10367588E+004    -0.12933101E+001     0.94814626E-001
     0.34066625E+000     0.96158319E+000    -0.17026146E+001     0.71012687E+003     0.10417276E+004    -0.12836454E+001     0.10064530E+000
     0.34103374E+000     0.10134010E+001    -0.17705564E+001     0.72511247E+003     0.10474076E+004    -0.12776040E+001     0.10744444E+000
     0.34140123E+000     0.10679531E+001    -0.18425344E+001     0.73944841E+003     0.10537460E+004    -0.12752905E+001     0.11465757E+000
     0.34176873E+000     0.11281751E+001    -0.19189078E+001     0.75303543E+003     0.10606672E+004    -0.12769039E+001     0.12179583E+000
     0.34213622E+000     0.11969395E+001    -0.19986966E+001     0.76577647E+003     0.10680659E+004    -0.12827868E+001     0.12826850E+000
     0.34250371E+000     0.12765561E+001    -0.20798132E+001     0.77758868E+003     0.10758050E+004    -0.12933511E+001     0.13321107E+000
     0.34287121E+000     0.13684773E+001    -0.21594016E+001     0.78841438E+003     0.10837193E+004    -0.13089046E+001     0.13537350E+000
     0.34323870E+000     0.14731547E+001    -0.22341607E+001     0.79822958E+003     0.10916209E+004    -0.13294170E+001     0.13310700E+000
     0.34360619E+000     0.15899438E+001    -0.23006295E+001     0.80705132E+003     0.10993061E+004    -0.13542711E+001     0.12447113E+000
     0.34397369E+000     0.17170089E+001    -0.23555155E+001     0.81494653E+003     0.11065620E+004    -0.13820508E+001     0.10747268E+000
     0.34434118E+000     0.18513014E+001    -0.23961503E+001     0.82204228E+003     0.11131802E+004    -0.14104335E+001     0.80430240E-001
     0.34470867E+000     0.19887703E+001    -0.24210522E+001     0.82853287E+003     0.11189780E+004    -0.14362657E+001     0.42418145E-001
     0.34507617E+000     0.21249175E+001    -0.24304115E+001     0.83467669E+003     0.11238277E+004    -0.14558749E+001    -0.63116282E-002
     0.34544366E+000     0.22556347E+001    -0.24262447E+001     0.84077693E+003     0.11276858E+004    -0.14656090E+001    -0.64072275E-001
     0.34581115E+000     0.23780657E+001    -0.24120562E+001     0.84714650E+003     0.11306135E+004    -0.14624930E+001    -0.12777729E+000
     0.34617865E+000     0.24911771E+001    -0.23920658E+001     0.85406427E+003     0.11327771E+004    -0.14448253E+001    -0.19331133E+000
     0.34654614E+000     0.25958349E+001    -0.23702579E+001     0.86173416E+003     0.11344285E+004    -0.14125317E+001    -0.25616297E+000
     0.34691363E+000     0.26943984E+001    -0.23495638E+001     0.87025772E+003     0.11358676E+004    -0.13671741E+001    -0.31215387E+000
     0.34728113E+000     0.27900145E+001    -0.23313880E+001     0.87962652E+003     0.11373982E+004    -0.13116161E+001    -0.35807067E+000
     0.34764862E+000     0.28858407E+001    -0.23155287E+001     0.88973476E+003     0.11392860E+004    -0.12494549E+001    -0.39204451E+000
     0.34801611E+000     0.29843761E+001    -0.23004300E+001     0.90040729E+003     0.11417290E+004    -0.11843877E+001    -0.41360860E+000
     0.34838360E+000     0.30869957E+001    -0.22836571E+001     0.91143535E+003     0.11448438E+004    -0.11196865E+001    -0.42346955E+000
     0.34875110E+000     0.31937328E+001    -0.22624911E+001     0.92261130E+003     0.11486692E+004    -0.10578978E+001    -0.42311586E+000
     0.34911859E+000     0.33033244E+001    -0.22345472E+001     0.93375481E+003     0.11531838E+004    -0.10007817E+001    -0.41442134E+000
     0.34948608E+000     0.34135167E+001    -0.21983158E+001     0.94472607E+003     0.11583304E+004    -0.94941325E+000    -0.39936362E+000
     0.34985358E+000     0.35215858E+001    -0.21535173E+001     0.95542516E+003     0.11640399E+004    -0.90432084E+000    -0.37988906E+000
     0.35022107E+000     0.36249771E+001    -0.21011753E+001     0.96578059E+003     0.11702492E+004    -0.86556943E+000    -0.35786794E+000
     0.35058856E+000     0.37219087E+001    -0.20433689E+001     0.97573244E+003     0.11769078E+004    -0.83277281E+000    -0.33504915E+000
     0.35095606E+000     0.38117733E+001    -0.19827163E+001     0.98521686E+003     0.11839734E+004    -0.80508885E+000    -0.31295501E+000
     0.35132355E+000     0.38952255E+001    -0.19217344E+001     0.99415738E+003     0.11913996E+004    -0.78127175E+000    -0.29272416E+000
     0.35169104E+000     0.39739390E+001    -0.18622585E+001     0.10024661E+004     0.11991202E+004    -0.75982098E+000    -0.27496380E+000
     0.35205854E+000     0.40501257E+001    -0.18050777E+001     0.10100548E+004     0.12070379E+004    -0.73920772E+000    -0.25968347E+000
     0.35242603E+000     0.41259673E+001    -0.17498634E+001     0.10168517E+004     0.12150195E+004    -0.71811413E+000    -0.24634889E+000
     0.35279352E+000     0.42031151E+001    -0.16953743E+001     0.10228192E+004     0.12229025E+004    -0.69561160E+000    -0.23404176E+000
     0.35316102E+000     0.42823737E+001    -0.16398568E+001     0.10279663E+004     0.12305103E+004    -0.67123269E+000    -0.22166805E+000
     0.35352851E+000     0.43636267E+001    -0.15815227E+001     0.10323520E+004     0.12376712E+004    -0.64493903E+000    -0.20814603E+000
     0.35389600E+000     0.44460060E+001    -0.15189766E+001     0.10360787E+004     0.12442372E+004    -0.61702833E+000    -0.19252772E+000
     0.35426350E+000     0.45282402E+001    -0.14514783E+001     0.10392789E+004     0.12500955E+004    -0.58803621E+000    -0.17404926E+000
     0.35463099E+000     0.46090654E+001    -0.13789722E+001     0.10420993E+004     0.12551732E+004    -0.55867007E+000    -0.15214147E+000
     0.35499848E+000     0.46875597E+001    -0.13018937E+001     0.10446864E+004     0.12594335E+004    -0.52977610E+000    -0.12644232E+000
     0.35536598E+000     0.47632913E+001    -0.12208416E+001     0.10471782E+004     0.12628675E+004    -0.50231122E+000    -0.96835554E-001
     0.35573347E+000     0.48362503E+001    -0.11362525E+001     0.10497011E+004     0.12654863E+004    -0.47728501E+000    -0.63507790E-001
     0.35610096E+000     0.49066165E+001    -0.10481954E+001     0.10523709E+004     0.12673139E+004    -0.45565507E+000    -0.26991822E-001
     0.35646846E+000     0.49744710E+001    -0.95634602E+000     0.10552963E+004     0.12683846E+004    -0.43818816E+000     0.11839347E-001
     0.35683595E+000     0.50395596E+001    -0.86012387E+000     0.10585810E+004     0.12687432E+004    -0.42532009E+000     0.51846142E-001
     0.35720344E+000     0.51011791E+001    -0.75892802E+000     0.10623250E+004     0.12684477E+004    -0.41705044E+000     0.91758628E-001
     0.35757094E+000     0.51582074E+001    -0.65238517E+000     0.10666215E+004     0.12675723E+004    -0.41289717E+000     0.13035432E+000
     0.35793843E+000     0.52092494E+001    -0.54053895E+000     0.10715523E+004     0.12662084E+004    -0.41192460E+000     0.16665153E+000
     0.35830592E+000     0.52528486E+001    -0.42393753E+000     0.10771813E+004     0.12644641E+004    -0.41284993E+000     0.20009071E+000
     0.35867342E+000     0.52877027E+001    -0.30361022E+000     0.10835481E+004     0.12624584E+004    -0.41422682E+000     0.23067132E+000
     0.35904091E+000     0.53128312E+001    -0.18095142E+000     0.10906643E+004     0.12603137E+004    -0.41468955E+000     0.25900781E+000
     0.35940840E+000     0.53276608E+001    -0.57550576E-001     0.10985137E+004     0.12581467E+004    -0.41321944E+000     0.28627234E+000
     0.35977590E+000     0.53320117E+001     0.64979682E-001     0.11070557E+004     0.12560587E+004    -0.40937553E+000     0.31401418E+000
     0.36014339E+000     0.53260063E+001     0.18512237E+000     0.11162332E+004     0.12541297E+004    -0.40342660E+000     0.34387935E+000
     0.36051088E+000     0.53099476E+001     0.30148561E+000     0.11259815E+004     0.12524147E+004    -0.39634044E+000     0.37728907E+000
     0.36087838E+000     0.52842340E+001     0.41274669E+000     0.11362386E+004     0.12509452E+004    -0.38962304E+000     0.41515382E+000
     0.36124587E+000     0.52493596E+001     0.51755941E+000     0.11469533E+004     0.12497344E+004    -0.38504433E+000     0.45769414E+000
     0.36161336E+000     0.52060034E+001     0.61449506E+000     0.11580903E+004     0.12487845E+004    -0.38431845E+000     0.50440846E+000
     0.36198086E+000     0.51551624E+001     0.70207242E+000     0.11696314E+004     0.12480965E+004    -0.38881641E+000     0.55418609E+000
     0.36234835E+000     0.50982592E+001     0.77889007E+000     0.11815726E+004     0.12476788E+004    -0.39937222E+000     0.60552466E+000
     0.36271584E+000     0.50371626E+001     0.84382861E+000     0.11939174E+004     0.12475529E+004    -0.41621159E+000     0.65679007E+000
     0.36308333E+000     0.49740880E+001     0.89626021E+000     0.12066681E+004     0.12477560E+004    -0.43899619E+000     0.70645717E+000
     0.36345083E+000     0.49113888E+001     0.93619497E+000     0.12198177E+004     0.12483391E+004    -0.46694979E+000     0.75328739E+000
     0.36381832E+000     0.48512860E+001     0.96430939E+000     0.12333429E+004     0.12493612E+004    -0.49902212E+000     0.79642555E+000
     0.36418581E+000     0.47956083E+001     0.98183637E+000     0.12472015E+004     0.12508816E+004    -0.53405001E+000     0.83542201E+000
     0.36455331E+000     0.47456173E+001     0.99034096E+000     0.12613327E+004     0.12529520E+004    -0.57089034E+000     0.87020174E+000
     0.36492080E+000     0.47019676E+001     0.99144571E+000     0.12756612E+004     0.12556096E+004    -0.60851612E+000     0.90100516E+000
     0.36528829E+000     0.46648032E+001     0.98658681E+000     0.12901032E+004     0.12588734E+004    -0.64608076E+000     0.92832025E+000
     0.36565579E+000     0.46339473E+001     0.97686730E+000     0.13045723E+004     0.12627426E+004    -0.68296079E+000     0.95281434E+000
     0.36602328E+000     0.46091111E+001     0.96303235E+000     0.13189853E+004     0.12671978E+004    -0.71878517E+000     0.97526509E+000
     0.36639077E+000     0.45900561E+001     0.94554492E+000     0.13332667E+004     0.12722026E+004    -0.75345195E+000     0.99648598E+000
     0.36675827E+000     0.45766726E+001     0.92470968E+000     0.13473520E+004     0.12777063E+004    -0.78712648E+000     0.10172448E+001
     0.36712576E+000     0.45689754E+001     0.90078966E+000     0.13611912E+004     0.12836469E+004    -0.82021323E+000     0.10381804E+001
     0.36749325E+000     0.45670468E+001     0.87407795E+000     0.13747509E+004     0.12899546E+004    -0.85329748E+000     0.10597301E+001
     0.36786075E+000     0.45709635E+001     0.84491217E+000     0.13880172E+004     0.12965567E+004    -0.88706112E+000     0.10820824E+001
     0.36822824E+000     0.45807413E+001     0.81364019E+000     0.14009962E+004     0.13033836E+004    -0.92218596E+000     0.11051662E+001
     0.36859573E+000     0.45963174E+001     0.78055801E+000     0.14137123E+004     0.13103756E+004    -0.95926254E+000     0.11286794E+001
     0.36896323E+000     0.46175768E+001     0.74584518E+000     0.14262038E+004     0.13174898E+004    -0.99872126E+000     0.11521487E+001
     0.36933072E+000     0.46444167E+001     0.70952122E+000     0.14385149E+004     0.13247040E+004    -0.10407963E+001     0.11750068E+001
     0.36969821E+000     0.46768327E+001     0.67143980E+000     0.14506866E+004     0.13320168E+004    -0.10855234E+001     0.11966706E+001
     0.37006571E+000     0.47150042E+001     0.63132589E+000     0.14627479E+004     0.13394443E+004    -0.11327652E+001     0.12166053E+001
     0.37043320E+000     0.47593598E+001     0.58884941E+000     0.14747098E+004     0.13470116E+004    -0.11822531E+001     0.12343691E+001
     0.37080069E+000     0.48106092E+001     0.54372060E+000     0.14865632E+004     0.13547437E+004    -0.12336353E+001     0.12496351E+001
     0.37116819E+000     0.48697411E+001     0.49579085E+000     0.14982828E+004     0.13626555E+004    -0.12865214E+001     0.12621951E+001
     0.37153568E+000     0.49379913E+001     0.44514775E+000     0.15098333E+004     0.13707463E+004    -0.13405190E+001     0.12719497E+001
     0.37190317E+000     0.50167880E+001     0.39219926E+000     0.15211788E+004     0.13789969E+004    -0.13952598E+001     0.12788907E+001
     0.37227067E+000     0.51076788E+001     0.33774713E+000     0.15322905E+004     0.13873720E+004    -0.14504171E+001     0.12830807E+001
     0.37263816E+000     0.52122389E+001     0.28304977E+000     0.15431529E+004     0.13958256E+004    -0.15057131E+001     0.12846331E+001
     0.37300565E+000     0.53319565E+001     0.22987205E+000     0.15537658E+004     0.14043074E+004    -0.15609223E+001     0.12836943E+001
     0.37337315E+000     0.54680903E+001     0.18051345E+000     0.15641438E+004     0.14127690E+004    -0.16158688E+001     0.12804285E+001
     0.37374064E+000     0.56215001E+001     0.13780013E+000     0.15743140E+004     0.14211684E+004    -0.16704224E+001     0.12750065E+001
     0.37410813E+000     0.57924559E+001     0.10502244E+000     0.15843116E+004     0.14294731E+004    -0.17244931E+001     0.12675973E+001
     0.37447563E+000     0.59804461E+001     0.85799546E-001     0.15941768E+004     0.14376610E+004    -0.17780250E+001     0.12583616E+001
     0.37484312E+000     0.61840150E+001     0.83860540E-001     0.16039506E+004     0.14457199E+004    -0.18309906E+001     0.12474487E+001
     0.37521061E+000     0.64006712E+001     0.10274674E+000     0.16136730E+004     0.14536467E+004    -0.18833854E+001     0.12349931E+001
     0.37557811E+000     0.66269080E+001     0.14546242E+000     0.16233809E+004     0.14614451E+004    -0.19352235E+001     0.12211141E+001
     0.37594560E+000     0.68583631E+001     0.21412442E+000     0.16331069E+004     0.14691245E+004    -0.19865332E+001     0.12059149E+001
     0.37631309E+000     0.70901191E+001     0.30967648E+000     0.16428797E+004     0.14766983E+004    -0.20373539E+001     0.11894828E+001
     0.37668059E+000     0.73171108E+001     0.43173207E+000     0.16527232E+004     0.14841823E+004    -0.20877329E+001     0.11718896E+001
     0.37704808E+000     0.75345708E+001     0.57858665E+000     0.16626573E+004     0.14915940E+004    -0.21377236E+001     0.11531923E+001
     0.37741557E+000     0.77384366E+001     0.74740185E+000     0.16726981E+004     0.14989513E+004    -0.21873832E+001     0.11334340E+001
     0.37778307E+000     0.79256460E+001     0.93452354E+000     0.16828585E+004     0.15062725E+004    -0.22367710E+001     0.11126442E+001
     0.37815056E+000     0.80942808E+001     0.11358678E+001     0.16931485E+004     0.15135752E+004    -0.22859478E+001     0.10908397E+001
     0.37851805E+000     0.82435575E+001     0.13473025E+001     0.17035760E+004     0.15208768E+004    -0.23349743E+001     0.10680257E+001
     0.37888554E+000     0.83736923E+001     0.15649657E+001     0.17141466E+004     0.15281935E+004    -0.23839103E+001     0.10441958E+001
     0.37925304E+000     0.84856906E+001     0.17854886E+001     0.17248647E+004     0.15355409E+004    -0.24328143E+001     0.10193327E+001
     0.37962053E+000     0.85811080E+001     0.20061161E+001     0.17357331E+004     0.15429337E+004    -0.24817425E+001     0.99340884E+000
     0.37998802E+000     0.86618228E+001     0.22247390E+001     0.17467540E+004     0.15503856E+004    -0.25307487E+001     0.96638653E+000
     0.38035552E+000     0.87298442E+001     0.24398601E+001     0.17579285E+004     0.15579097E+004    -0.25798832E+001     0.93821817E+000
     0.38072301E+000     0.87871662E+001     0.26505207E+001     0.17692573E+004     0.15655182E+004    -0.26291930E+001     0.90884651E+000
     0.38109050E+000     0.88356685E+001     0.28562091E+001     0.17807406E+004     0.15732226E+004    -0.26787207E+001     0.87820470E+000
     0.38145800E+000     0.88770558E+001     0.30567650E+001     0.17923783E+004     0.15810339E+004    -0.27285041E+001     0.84621631E+000
     0.38182549E+000     0.89128293E+001     0.32522931E+001     0.18041700E+004     0.15889627E+004    -0.27785760E+001     0.81279529E+000
     0.38219298E+000     0.89442792E+001     0.34430868E+001     0.18161154E+004     0.15970189E+004    -0.28289630E+001     0.77784587E+000
     0.38256048E+000     0.89724929E+001     0.36295678E+001     0.18282138E+004     0.16052122E+004    -0.28796852E+001     0.74126239E+000
     0.38292797E+000     0.89983706E+001     0.38122375E+001     0.18404647E+004     0.16135521E+004    -0.29307552E+001     0.70292918E+000
     0.38329546E+000     0.90226456E+001     0.39916415E+001     0.18528675E+004     0.16220479E+004    -0.29821772E+001     0.66272033E+000
     0.38366296E+000     0.90459058E+001     0.41683435E+001     0.18654216E+004     0.16307086E+004    -0.30339460E+001     0.62049946E+000
     0.38403045E+000     0.90686142E+001     0.43429066E+001     0.18781264E+004     0.16395433E+004    -0.30860457E+001     0.57611960E+000
     0.38439794E+000     0.90911286E+001     0.45158821E+001     0.18909814E+004     0.16485610E+004    -0.31384482E+001     0.52942297E+000
     0.38476544E+000     0.91137177E+001     0.46878009E+001     0.19039861E+004     0.16577709E+004    -0.31911121E+001     0.48024093E+000
     0.38513293E+000     0.91365766E+001     0.48591700E+001     0.19171398E+004     0.16671822E+004    -0.32439803E+001     0.42839394E+000
     0.38550042E+000     0.91598388E+001     0.50304705E+001     0.19304423E+004     0.16768042E+004    -0.32969786E+001     0.37369169E+000
     0.38586792E+000     0.91835869E+001     0.52021570E+001     0.19438929E+004     0.16866465E+004    -0.33500132E+001     0.31593336E+000
     0.38623541E+000     0.92078610E+001     0.53746585E+001     0.19574911E+004     0.16967191E+004    -0.34029682E+001     0.25490816E+000
     0.38660290E+000     0.92326656E+001     0.55483801E+001     0.19712364E+004     0.17070321E+004    -0.34557032E+001     0.19039609E+000
     0.38697040E+000     0.92579755E+001     0.57237045E+001     0.19851280E+004     0.17175960E+004    -0.35080497E+001     0.12216906E+000
     0.38733789E+000     0.92837402E+001     0.59009944E+001     0.19991651E+004     0.17284218E+004    -0.35598088E+001     0.49992498E-001
     0.38770538E+000     0.93098874E+001     0.60805942E+001     0.20133469E+004     0.17395208E+004    -0.36107469E+001    -0.26372629E-001
     0.38807288E+000     0.93363255E+001     0.62628323E+001     0.20276721E+004     0.17509048E+004    -0.36605928E+001    -0.10716705E+000
     0.38844037E+000     0.93629462E+001     0.64480230E+001     0.20421393E+004     0.17625863E+004    -0.37090334E+001    -0.19262974E+000
     0.38880786E+000     0.93896255E+001     0.66364681E+001     0.20567469E+004     0.17745780E+004    -0.37557103E+001    -0.28299362E+000
     0.38917536E+000     0.94162248E+001     0.68284589E+001     0.20714929E+004     0.17868935E+004    -0.38002160E+001    -0.37848019E+000
     0.38954285E+000     0.94425917E+001     0.70242776E+001     0.20863748E+004     0.17995469E+004    -0.38420907E+001    -0.47929313E+000
     0.38991034E+000     0.94685603E+001     0.72241983E+001     0.21013896E+004     0.18125528E+004    -0.38808192E+001    -0.58561064E+000
     0.39027784E+000     0.94939511E+001     0.74284887E+001     0.21165339E+004     0.18259268E+004    -0.39158285E+001    -0.69757638E+000
     0.39064533E+000     0.95185711E+001     0.76374106E+001     0.21318037E+004     0.18396848E+004    -0.39464876E+001    -0.81528914E+000
     0.39101282E+000     0.95422128E+001     0.78512207E+001     0.21471941E+004     0.18538437E+004    -0.39721068E+001    -0.93879106E+000
     0.39138032E+000     0.95646544E+001     0.80701718E+001     0.21626996E+004     0.18684211E+004    -0.39919411E+001    -0.10680546E+001
     0.39174781E+000     0.95856586E+001     0.82945126E+001     0.21783135E+004     0.18834352E+004    -0.40051941E+001    -0.12029685E+001
     0.39211530E+000     0.96049715E+001     0.85244884E+001     0.21940284E+004     0.18989049E+004    -0.40110265E+001    -0.13433228E+001
     0.39248280E+000     0.96223224E+001     0.87603413E+001     0.22098357E+004     0.19148502E+004    -0.40085668E+001    -0.14887938E+001
     0.39285029E+000     0.96374218E+001     0.90023099E+001     0.22257254E+004     0.19312914E+004    -0.39969268E+001    -0.16389297E+001
     0.39321778E+000     0.96499607E+001     0.92506292E+001     0.22416863E+004     0.19482498E+004    -0.39752208E+001    -0.17931374E+001
     0.39358528E+000     0.96596091E+001     0.95055305E+001     0.22577054E+004     0.19657473E+004    -0.39425893E+001    -0.19506718E+001
     0.39395277E+000     0.96660149E+001     0.97672403E+001     0.22737684E+004     0.19838062E+004    -0.38982273E+001    -0.21106293E+001
     0.39432026E+000     0.96688017E+001     0.10035980E+002     0.22898588E+004     0.20024497E+004    -0.38414155E+001    -0.22719464E+001
     0.39468775E+000     0.96675679E+001     0.10311965E+002     0.23059582E+004     0.20217013E+004    -0.37715548E+001    -0.24334045E+001
     0.39505525E+000     0.96618850E+001     0.10595403E+002     0.23220462E+004     0.20415849E+004    -0.36882021E+001    -0.25936429E+001
     0.39542274E+000     0.96512954E+001     0.10886493E+002     0.23380997E+004     0.20621248E+004    -0.35911042E+001    -0.27511805E+001
     0.39579023E+000     0.96353115E+001     0.11185422E+002     0.23540932E+004     0.20833451E+004    -0.34802302E+001    -0.29044460E+001
     0.39615773E+000     0.96134130E+001     0.11492366E+002     0.23699986E+004     0.21052702E+004    -0.33557965E+001    -0.30518169E+001
     0.39652522E+000     0.95850461E+001     0.11807486E+002     0.23857846E+004     0.21279239E+004    -0.32182851E+001    -0.31916660E+001
     0.39689271E+000     0.95496211E+001     0.12130922E+002     0.24014170E+004     0.21513298E+004    -0.30684498E+001    -0.33224127E+001
     0.39726021E+000     0.95065113E+001     0.12462798E+002     0.24168581E+004     0.21755105E+004    -0.29073113E+001    -0.34425773E+001
     0.39762770E+000     0.94550509E+001     0.12803209E+002     0.24320669E+004     0.22004874E+004    -0.27361382E+001    -0.35508334E+001
     0.39799519E+000     0.93945339E+001     0.13152224E+002     0.24469987E+004     0.22262808E+004    -0.25564161E+001    -0.36460567E+001
     0.39836269E+000     0.93242129E+001     0.13509879E+002     0.24616052E+004     0.22529086E+004    -0.23698051E+001    -0.37273647E+001
     0.39873018E+000     0.92432979E+001     0.13876171E+002     0.24758342E+004     0.22803868E+004    -0.21780879E+001    -0.37941461E+001
     0.39909767E+000     0.91509559E+001     0.14251056E+002     0.24896295E+004     0.23087284E+004    -0.19831135E+001    -0.38460771E+001
     0.39946517E+000     0.90463105E+001     0.14634439E+002     0.25029313E+004     0.23379430E+004    -0.17867386E+001    -0.38831230E+001
     0.39983266E+000     0.89284418E+001     0.15026171E+002     0.25156759E+004     0.23680363E+004    -0.15907710E+001    -0.39055275E+001
     0.40020015E+000     0.87963880E+001     0.15426039E+002     0.25277960E+004     0.23990094E+004    -0.13969192E+001    -0.39137891E+001
     0.40056765E+000     0.86491462E+001     0.15833761E+002     0.25392207E+004     0.24308583E+004    -0.12067496E+001    -0.39086288E+001
     0.40093514E+000     0.84856750E+001     0.16248975E+002     0.25498762E+004     0.24635730E+004    -0.10216541E+001    -0.38909497E+001
     0.40130263E+000     0.83048981E+001     0.16671234E+002     0.25596859E+004     0.24971369E+004    -0.84282826E+000    -0.38617946E+001
     0.40167013E+000     0.81057083E+001     0.17099994E+002     0.25685711E+004     0.25315263E+004    -0.67126008E+000    -0.38223017E+001
     0.40203762E+000     0.78869739E+001     0.17534607E+002     0.25764516E+004     0.25667096E+004    -0.50772846E+000    -0.37736629E+001
     0.40240511E+000     0.76475452E+001     0.17974310E+002     0.25832465E+004     0.26026468E+004    -0.35280986E+000    -0.37170858E+001
     0.40277261E+000     0.73862639E+001     0.18418214E+002     0.25888752E+004     0.26392886E+004    -0.20689136E+000    -0.36537608E+001
     0.40314010E+000     0.71019737E+001     0.18865300E+002     0.25932584E+004     0.26765768E+004    -0.70188380E-001    -0.35848343E+001
     0.40350759E+000     0.67935325E+001     0.19314402E+002     0.25963191E+004     0.27144429E+004     0.57234823E-001    -0.35113880E+001
     0.40387509E+000     0.64598273E+001     0.19764208E+002     0.25979843E+004     0.27528091E+004     0.17544328E+000    -0.34344242E+001
     0.40424258E+000     0.60997909E+001     0.20213246E+002     0.25981859E+004     0.27915872E+004     0.28460944E+000    -0.33548560E+001
     0.40461007E+000     0.57124207E+001     0.20659880E+002     0.25968626E+004     0.28306797E+004     0.38499212E+000    -0.32735030E+001
     0.40497757E+000     0.52968002E+001     0.21102308E+002     0.25939610E+004     0.28699800E+004     0.47691714E+000    -0.31910899E+001
     0.40534506E+000     0.48521215E+001     0.21538560E+002     0.25894371E+004     0.29093730E+004     0.56075985E+000    -0.31082488E+001
     0.40571255E+000     0.43777109E+001     0.21966498E+002     0.25832581E+004     0.29487361E+004     0.63692994E+000    -0.30255232E+001
     0.40608005E+000     0.38730551E+001     0.22383824E+002     0.25754032E+004     0.29879404E+004     0.70585839E+000    -0.29433739E+001
     0.40644754E+000     0.33378293E+001     0.22788087E+002     0.25658649E+004     0.30268526E+004     0.76798671E+000    -0.28621858E+001
     0.40681503E+000     0.27719248E+001     0.23176696E+002     0.25546501E+004     0.30653358E+004     0.82375806E+000    -0.27822751E+001
     0.40718253E+000     0.21754780E+001     0.23546942E+002     0.25417806E+004     0.31032525E+004     0.87361029E+000    -0.27038967E+001
     0.40755002E+000     0.15488965E+001     0.23896020E+002     0.25272934E+004     0.31404656E+004     0.91797047E+000    -0.26272516E+001
     0.40791751E+000     0.89288470E+000     0.24221055E+002     0.25112410E+004     0.31768412E+004     0.95725088E+000    -0.25524937E+001
     0.40828501E+000     0.20846558E+000     0.24519144E+002     0.24936909E+004     0.32122503E+004     0.99184608E+000    -0.24797363E+001
     0.40865250E+000    -0.50300170E+000     0.24787389E+002     0.24747251E+004     0.32465714E+004     0.10221309E+001    -0.24090582E+001
     0.40901999E+000    -0.12398096E+001     0.25022945E+002     0.24544389E+004     0.32796920E+004     0.10484595E+001    -0.23405086E+001
     0.40938748E+000    -0.19998967E+001     0.25223069E+002     0.24329397E+004     0.33115106E+004     0.10711643E+001    -0.22741127E+001
     0.40975498E+000    -0.27808497E+001     0.25385167E+002     0.24103453E+004     0.33419382E+004     0.10905564E+001    -0.22098749E+001
     0.41012247E+000    -0.35799143E+001     0.25506854E+002     0.23867823E+004     0.33708998E+004     0.11069256E+001    -0.21477833E+001
     0.41048996E+000    -0.43940146E+001     0.25585998E+002     0.23623837E+004     0.33983352E+004     0.11205410E+001    -0.20878124E+001
     0.41085746E+000    -0.52197824E+001     0.25620778E+002     0.23372869E+004     0.34241994E+004     0.11316519E+001    -0.20299263E+001
     0.41122495E+000    -0.60535954E+001     0.25609726E+002     0.23116318E+004     0.34484635E+004     0.11404885E+001    -0.19740805E+001
     0.41159244E+000    -0.68916241E+001     0.25551771E+002     0.22855582E+004     0.34711136E+004     0.11472628E+001    -0.19202242E+001
     0.41195994E+000    -0.77298861E+001     0.25446269E+002     0.22592041E+004     0.34921514E+004     0.11521701E+001    -0.18683019E+001
     0.41232743E+000    -0.85643067E+001     0.25293031E+002     0.22327037E+004     0.35115926E+004     0.11553895E+001    -0.18182547E+001
     0.41269492E+000    -0.93907842E+001     0.25092336E+002     0.22061856E+004     0.35294663E+004     0.11570854E+001    -0.17700216E+001
     0.41306242E+000    -0.10205256E+002     0.24844931E+002     0.21797715E+004     0.35458140E+004     0.11574083E+001    -0.17235403E+001
     0.41342991E+000    -0.11003768E+002     0.24552027E+002     0.21535748E+004     0.35606877E+004     0.11564958E+001    -0.16787480E+001
     0.41379740E+000    -0.11782534E+002     0.24215273E+002     0.21276997E+004     0.35741488E+004     0.11544738E+001    -0.16355821E+001
     0.41416490E+000    -0.12538004E+002     0.23836733E+002     0.21022408E+004     0.35862662E+004     0.11514570E+001    -0.15939804E+001
     0.41453239E+000    -0.13266909E+002     0.23418837E+002     0.20772822E+004     0.35971154E+004     0.11475502E+001    -0.15538820E+001
     0.41489988E+000    -0.13966314E+002     0.22964340E+002     0.20528977E+004     0.36067764E+004     0.11428488E+001    -0.15152272E+001
     0.41526738E+000    -0.14633648E+002     0.22476262E+002     0.20291505E+004     0.36153324E+004     0.11374398E+001    -0.14779578E+001
     0.41563487E+000    -0.15266733E+002     0.21957835E+002     0.20060938E+004     0.36228686E+004     0.11314023E+001    -0.14420173E+001
     0.41600236E+000    -0.15863800E+002     0.21412440E+002     0.19837709E+004     0.36294710E+004     0.11248082E+001    -0.14073510E+001
     0.41636986E+000    -0.16423490E+002     0.20843548E+002     0.19622157E+004     0.36352253E+004     0.11177230E+001    -0.13739062E+001
     0.41673735E+000    -0.16944853E+002     0.20254661E+002     0.19414534E+004     0.36402157E+004     0.11102061E+001    -0.13416321E+001
     0.41710484E+000    -0.17427335E+002     0.19649260E+002     0.19215012E+004     0.36445244E+004     0.11023114E+001    -0.13104798E+001
     0.41747234E+000    -0.17870753E+002     0.19030754E+002     0.19023688E+004     0.36482310E+004     0.10940880E+001    -0.12804023E+001
     0.41783983E+000    -0.18275272E+002     0.18402439E+002     0.18840594E+004     0.36514117E+004     0.10855803E+001    -0.12513548E+001
     0.41820732E+000    -0.18641373E+002     0.17767459E+002     0.18665703E+004     0.36541389E+004     0.10768285E+001    -0.12232942E+001
     0.41857482E+000    -0.18969815E+002     0.17128780E+002     0.18498937E+004     0.36564813E+004     0.10678691E+001    -0.11961792E+001
     0.41894231E+000    -0.19261602E+002     0.16489163E+002     0.18340170E+004     0.36585032E+004     0.10587352E+001    -0.11699704E+001
     0.41930980E+000    -0.19517944E+002     0.15851150E+002     0.18189242E+004     0.36602648E+004     0.10494566E+001    -0.11446302E+001
     0.41967730E+000    -0.19740220E+002     0.15217055E+002     0.18045958E+004     0.36618218E+004     0.10400603E+001    -0.11201226E+001
     0.42004479E+000    -0.19929944E+002     0.14588958E+002     0.17910098E+004     0.36632260E+004     0.10305708E+001    -0.10964133E+001
     0.42041228E+000    -0.20088731E+002     0.13968706E+002     0.17781420E+004     0.36645245E+004     0.10210101E+001    -0.10734695E+001
     0.42077978E+000    -0.20218265E+002     0.13357916E+002     0.17659667E+004     0.36657608E+004     0.10113981E+001    -0.10512599E+001
     0.42114727E+000    -0.20320274E+002     0.12757986E+002     0.17544568E+004     0.36669742E+004     0.10017526E+001    -0.10297547E+001
     0.42151476E+000    -0.20396504E+002     0.12170104E+002     0.17435844E+004     0.36682003E+004     0.99208988E+000    -0.10089254E+001
     0.42188226E+000    -0.20448696E+002     0.11595258E+002     0.17333210E+004     0.36694714E+004     0.98242434E+000    -0.98874492E+000
     0.42224975E+000    -0.20478571E+002     0.11034254E+002     0.17236379E+004     0.36708161E+004     0.97276900E+000    -0.96918728E+000
     0.42261724E+000    -0.20487814E+002     0.10487727E+002     0.17145065E+004     0.36722603E+004     0.96313552E+000    -0.95022781E+000
     0.42298474E+000    -0.20478059E+002     0.99561598E+001     0.17058982E+004     0.36738267E+004     0.95353435E+000    -0.93184292E+000
     0.42335223E+000    -0.20450882E+002     0.94398947E+001     0.16977848E+004     0.36755354E+004     0.94397479E+000    -0.91401014E+000
     0.42371972E+000    -0.20407792E+002     0.89391496E+001     0.16901386E+004     0.36774041E+004     0.93446516E+000    -0.89670800E+000
     0.42408722E+000    -0.20350229E+002     0.84540325E+001     0.16829325E+004     0.36794480E+004     0.92501283E+000    -0.87991602E+000
     0.42445471E+000    -0.20279554E+002     0.79845546E+001     0.16761403E+004     0.36816805E+004     0.91562437E+000    -0.86361466E+000
     0.42482220E+000    -0.20197054E+002     0.75306428E+001     0.16697363E+004     0.36841128E+004     0.90630554E+000    -0.84778524E+000
     0.42518969E+000    -0.20103936E+002     0.70921521E+001     0.16636957E+004     0.36867546E+004     0.89706144E+000    -0.83240996E+000
     0.42555719E+000    -0.20001329E+002     0.66688757E+001     0.16579946E+004     0.36896139E+004     0.88789654E+000    -0.81747178E+000
     0.42592468E+000    -0.19890289E+002     0.62605554E+001     0.16526100E+004     0.36926973E+004     0.87881474E+000    -0.80295446E+000
     0.42629217E+000    -0.19771794E+002     0.58668902E+001     0.16475199E+004     0.36960101E+004     0.86981940E+000    -0.78884245E+000
     0.42665967E+000    -0.19646751E+002     0.54875444E+001     0.16427030E+004     0.36995566E+004     0.86091343E+000    -0.77512090E+000
     0.42702716E+000    -0.19515999E+002     0.51221547E+001     0.16381389E+004     0.37033397E+004     0.85209932E+000    -0.76177562E+000
     0.42739465E+000    -0.19380310E+002     0.47703364E+001     0.16338083E+004     0.37073618E+004     0.84337915E+000    -0.74879304E+000
     0.42776215E+000    -0.19240395E+002     0.44316890E+001     0.16296926E+004     0.37116241E+004     0.83475467E+000    -0.73616016E+000
     0.42812964E+000    -0.19096905E+002     0.41058011E+001     0.16257742E+004     0.37161275E+004     0.82622731E+000    -0.72386457E+000
     0.42849713E+000    -0.18950435E+002     0.37922543E+001     0.16220360E+004     0.37208717E+004     0.81779819E+000    -0.71189438E+000
     0.42886463E+000    -0.18801528E+002     0.34906271E+001     0.16184622E+004     0.37258563E+004     0.80946821E+000    -0.70023820E+000
     0.42923212E+000    -0.18650680E+002     0.32004978E+001     0.16150374E+004     0.37310803E+004     0.80123801E+000    -0.68888514E+000
     0.42959961E+000    -0.18498341E+002     0.29214468E+001     0.16117470E+004     0.37365420E+004     0.79310801E+000    -0.67782475E+000
     0.42996711E+000    -0.18344919E+002     0.26530595E+001     0.16085773E+004     0.37422395E+004     0.78507846E+000    -0.66704705E+000
     0.43033460E+000    -0.18190783E+002     0.23949272E+001     0.16055151E+004     0.37481707E+004     0.77714943E+000    -0.65654244E+000
     0.43070209E+000    -0.18036265E+002     0.21466492E+001     0.16025479E+004     0.37543329E+004     0.76932084E+000    -0.64630174E+000
     0.43106959E+000    -0.17881666E+002     0.19078339E+001     0.15996638E+004     0.37607235E+004     0.76159245E+000    -0.63631613E+000
     0.43143708E+000    -0.17727256E+002     0.16780992E+001     0.15968517E+004     0.37673394E+004     0.75396393E+000    -0.62657716E+000
     0.43180457E+000    -0.17573276E+002     0.14570740E+001     0.15941008E+004     0.37741775E+004     0.74643481E+000    -0.61707673E+000
     0.43217207E+000    -0.17419942E+002     0.12443981E+001     0.15914009E+004     0.37812344E+004     0.73900453E+000    -0.60780706E+000
     0.43253956E+000    -0.17267446E+002     0.10397229E+001     0.15887424E+004     0.37885068E+004     0.73167245E+000    -0.59876067E+000
     0.43290705E+000    -0.17115959E+002     0.84271150E+000     0.15861162E+004     0.37959910E+004     0.72443783E+000    -0.58993039E+000
     0.43327455E+000    -0.16965633E+002     0.65303877E+000     0.15835135E+004     0.38036835E+004     0.71729989E+000    -0.58130934E+000
     0.43364204E+000    -0.16816599E+002     0.47039151E+000     0.15809262E+004     0.38115806E+004     0.71025776E+000    -0.57289089E+000
     0.43400953E+000    -0.16668976E+002     0.29446828E+000     0.15783462E+004     0.38196786E+004     0.70331053E+000    -0.56466867E+000
     0.43437703E+000    -0.16522865E+002     0.12497930E+000     0.15757663E+004     0.38279737E+004     0.69645725E+000    -0.55663658E+000
     0.43474452E+000    -0.16378354E+002    -0.38353738E-001     0.15731793E+004     0.38364621E+004     0.68969691E+000    -0.54878874E+000
     0.43511201E+000    -0.16235521E+002    -0.19579791E+000     0.15705784E+004     0.38451402E+004     0.68302849E+000    -0.54111948E+000
     0.43547951E+000    -0.16094429E+002    -0.34760932E+000     0.15679572E+004     0.38540040E+004     0.67645091E+000    -0.53362336E+000
     0.43584700E+000    -0.15955134E+002    -0.49403338E+000     0.15653096E+004     0.38630498E+004     0.66996309E+000    -0.52629515E+000
     0.43621449E+000    -0.15817683E+002    -0.63530514E+000     0.15626298E+004     0.38722739E+004     0.66356391E+000    -0.51912981E+000
     0.43658199E+000    -0.15682111E+002    -0.77164963E+000     0.15599123E+004     0.38816726E+004     0.65725224E+000    -0.51212248E+000
     0.43694948E+000    -0.15548451E+002    -0.90328215E+000     0.15571518E+004     0.38912421E+004     0.65102695E+000    -0.50526848E+000
     0.43731697E+000    -0.15416725E+002    -0.10304087E+001     0.15543431E+004     0.39009788E+004     0.64488688E+000    -0.49856332E+000
     0.43768447E+000    -0.15286952E+002    -0.11532261E+001     0.15514816E+004     0.39108790E+004     0.63883088E+000    -0.49200264E+000
     0.43805196E+000    -0.15159142E+002    -0.12719228E+001     0.15485626E+004     0.39209391E+004     0.63285776E+000    -0.48558228E+000
     0.43841945E+000    -0.15033305E+002    -0.13866786E+001     0.15455818E+004     0.39311555E+004     0.62696637E+000    -0.47929819E+000
     0.43878695E+000    -0.14909442E+002    -0.14976657E+001     0.15425349E+004     0.39415248E+004     0.62115553E+000    -0.47314649E+000
     0.43915444E+000    -0.14787553E+002    -0.16050483E+001     0.15394180E+004     0.39520435E+004     0.61542409E+000    -0.46712343E+000
     0.43952193E+000    -0.14667635E+002    -0.17089834E+001     0.15362272E+004     0.39627081E+004     0.60977086E+000    -0.46122538E+000
     0.43988943E+000    -0.14549678E+002    -0.18096211E+001     0.15329588E+004     0.39735151E+004     0.60419469E+000    -0.45544886E+000
     0.44025692E+000    -0.14433675E+002    -0.19071047E+001     0.15296094E+004     0.39844614E+004     0.59869443E+000    -0.44979049E+000
     0.44062441E+000    -0.14319611E+002    -0.20015711E+001     0.15261754E+004     0.39955435E+004     0.59326892E+000    -0.44424701E+000
     0.44099190E+000    -0.14207473E+002    -0.20931512E+001     0.15226538E+004     0.40067583E+004     0.58791703E+000    -0.43881529E+000
     0.44135940E+000    -0.14097245E+002    -0.21819699E+001     0.15190414E+004     0.40181024E+004     0.58263762E+000    -0.43349229E+000
     0.44172689E+000    -0.13988908E+002    -0.22681466E+001     0.15153352E+004     0.40295728E+004     0.57742958E+000    -0.42827508E+000
     0.44209438E+000    -0.13882444E+002    -0.23517956E+001     0.15115323E+004     0.40411662E+004     0.57229178E+000    -0.42316081E+000
     0.44246188E+000    -0.13777832E+002    -0.24330259E+001     0.15076300E+004     0.40528796E+004     0.56722314E+000    -0.41814675E+000
     0.44282937E+000    -0.13675049E+002    -0.25119417E+001     0.15036257E+004     0.40647100E+004     0.56222257E+000    -0.41323025E+000
     0.44319686E+000    -0.13574075E+002    -0.25886426E+001     0.14995166E+004     0.40766543E+004     0.55728899E+000    -0.40840875E+000
     0.44356436E+000    -0.13474886E+002    -0.26632241E+001     0.14953005E+004     0.40887096E+004     0.55242133E+000    -0.40367977E+000
     0.44393185E+000    -0.13377458E+002    -0.27357772E+001     0.14909748E+004     0.41008729E+004     0.54761856E+000    -0.39904091E+000
     0.44429934E+000    -0.13281767E+002    -0.28063891E+001     0.14865373E+004     0.41131413E+004     0.54287964E+000    -0.39448986E+000
     0.44466684E+000    -0.13187789E+002    -0.28751432E+001     0.14819858E+004     0.41255120E+004     0.53820353E+000    -0.39002436E+000
     0.44503433E+000    -0.13095499E+002    -0.29421191E+001     0.14773182E+004     0.41379822E+004     0.53358925E+000    -0.38564224E+000
     0.44540182E+000    -0.13004871E+002    -0.30073934E+001     0.14725322E+004     0.41505489E+004     0.52903579E+000    -0.38134140E+000
     0.44576932E+000    -0.12915881E+002    -0.30710391E+001     0.14676261E+004     0.41632096E+004     0.52454218E+000    -0.37711981E+000
     0.44613681E+000    -0.12828504E+002    -0.31331261E+001     0.14625977E+004     0.41759613E+004     0.52010745E+000    -0.37297548E+000
     0.44650430E+000    -0.12742714E+002    -0.31937216E+001     0.14574452E+004     0.41888015E+004     0.51573065E+000    -0.36890651E+000
     0.44687180E+000    -0.12658487E+002    -0.32528897E+001     0.14521668E+004     0.42017275E+004     0.51141085E+000    -0.36491103E+000
     0.44723929E+000    -0.12575797E+002    -0.33106919E+001     0.14467607E+004     0.42147365E+004     0.50714713E+000    -0.36098726E+000
     0.44760678E+000    -0.12494620E+002    -0.33671874E+001     0.14412252E+004     0.42278260E+004     0.50293858E+000    -0.35713345E+000
     0.44797428E+000    -0.12414930E+002    -0.34224326E+001     0.14355586E+004     0.42409933E+004     0.49878432E+000    -0.35334792E+000
     0.44834177E+000    -0.12336704E+002    -0.34764817E+001     0.14297594E+004     0.42542359E+004     0.49468346E+000    -0.34962902E+000
     0.44870926E+000    -0.12259918E+002    -0.35293869E+001     0.14238259E+004     0.42675511E+004     0.49063514E+000    -0.34597518E+000
     0.44907676E+000    -0.12184547E+002    -0.35811981E+001     0.14177566E+004     0.42809366E+004     0.48663852E+000    -0.34238483E+000
     0.44944425E+000    -0.12110567E+002    -0.36319632E+001     0.14115500E+004     0.42943896E+004     0.48269275E+000    -0.33885651E+000
     0.44981174E+000    -0.12037957E+002    -0.36817284E+001     0.14052047E+004     0.43079078E+004     0.47879703E+000    -0.33538874E+000
     0.45017924E+000    -0.11966692E+002    -0.37305378E+001     0.13987192E+004     0.43214885E+004     0.47495055E+000    -0.33198012E+000
     0.45054673E+000    -0.11896750E+002    -0.37784340E+001     0.13920923E+004     0.43351294E+004     0.47115250E+000    -0.32862929E+000
     0.45091422E+000    -0.11828109E+002    -0.38254578E+001     0.13853226E+004     0.43488280E+004     0.46740213E+000    -0.32533492E+000
     0.45128172E+000    -0.11760747E+002    -0.38716486E+001     0.13784088E+004     0.43625818E+004     0.46369865E+000    -0.32209572E+000
     0.45164921E+000    -0.11694642E+002    -0.39170443E+001     0.13713496E+004     0.43763883E+004     0.46004132E+000    -0.31891043E+000
     0.45201670E+000    -0.11629774E+002    -0.39616812E+001     0.13641438E+004     0.43902452E+004     0.45642940E+000    -0.31577784E+000
     0.45238420E+000    -0.11566121E+002    -0.40055944E+001     0.13567903E+004     0.44041500E+004     0.45286216E+000    -0.31269677E+000
     0.45275169E+000    -0.11503663E+002    -0.40488176E+001     0.13492879E+004     0.44181003E+004     0.44933889E+000    -0.30966607E+000
     0.45311918E+000    -0.11442380E+002    -0.40913835E+001     0.13416353E+004     0.44320937E+004     0.44585890E+000    -0.30668461E+000
     0.45348668E+000    -0.11382253E+002    -0.41333234E+001     0.13338317E+004     0.44461278E+004     0.44242149E+000    -0.30375132E+000
     0.45385417E+000    -0.11323262E+002    -0.41746676E+001     0.13258758E+004     0.44602002E+004     0.43902599E+000    -0.30086514E+000
     0.45422166E+000    -0.11265389E+002    -0.42154452E+001     0.13177667E+004     0.44743085E+004     0.43567173E+000    -0.29802505E+000
     0.45458916E+000    -0.11208615E+002    -0.42556846E+001     0.13095033E+004     0.44884504E+004     0.43235806E+000    -0.29523003E+000
     0.45495665E+000    -0.11152922E+002    -0.42954128E+001     0.13010847E+004     0.45026235E+004     0.42908435E+000    -0.29247913E+000
     0.45532414E+000    -0.11098293E+002    -0.43346563E+001     0.12925100E+004     0.45168253E+004     0.42584996E+000    -0.28977140E+000
     0.45569163E+000    -0.11044710E+002    -0.43734406E+001     0.12837781E+004     0.45310535E+004     0.42265428E+000    -0.28710591E+000
     0.45605913E+000    -0.10992156E+002    -0.44117901E+001     0.12748883E+004     0.45453058E+004     0.41949670E+000    -0.28448178E+000
     0.45642662E+000    -0.10940615E+002    -0.44497288E+001     0.12658396E+004     0.45595798E+004     0.41637662E+000    -0.28189813E+000
     0.45679411E+000    -0.10890070E+002    -0.44872797E+001     0.12566312E+004     0.45738731E+004     0.41329347E+000    -0.27935411E+000
     0.45716161E+000    -0.10840507E+002    -0.45244652E+001     0.12472623E+004     0.45881833E+004     0.41024666E+000    -0.27684890E+000
     0.45752910E+000    -0.10791909E+002    -0.45613070E+001     0.12377322E+004     0.46025081E+004     0.40723564E+000    -0.27438170E+000
     0.45789659E+000    -0.10744261E+002    -0.45978260E+001     0.12280400E+004     0.46168451E+004     0.40425984E+000    -0.27195171E+000
     0.45826409E+000    -0.10697549E+002    -0.46340428E+001     0.12181851E+004     0.46311919E+004     0.40131874E+000    -0.26955819E+000
     0.45863158E+000    -0.10651758E+002    -0.46699771E+001     0.12081666E+004     0.46455462E+004     0.39841179E+000    -0.26720037E+000
     0.45899907E+000    -0.10606874E+002    -0.47056482E+001     0.11979841E+004     0.46599056E+004     0.39553846E+000    -0.26487755E+000
     0.45936657E+000    -0.10562884E+002    -0.47410748E+001     0.11876368E+004     0.46742677E+004     0.39269825E+000    -0.26258902E+000
     0.45973406E+000    -0.10519775E+002    -0.47762752E+001     0.11771241E+004     0.46886301E+004     0.38989065E+000    -0.26033408E+000
     0.46010155E+000    -0.10477532E+002    -0.48112671E+001     0.11664454E+004     0.47029905E+004     0.38711517E+000    -0.25811207E+000
     0.46046905E+000    -0.10436144E+002    -0.48460677E+001     0.11556001E+004     0.47173464E+004     0.38437130E+000    -0.25592233E+000
     0.46083654E+000    -0.10395597E+002    -0.48806941E+001     0.11445877E+004     0.47316955E+004     0.38165859E+000    -0.25376423E+000
     0.46120403E+000    -0.10355881E+002    -0.49151625E+001     0.11334077E+004     0.47460354E+004     0.37897655E+000    -0.25163715E+000
     0.46157153E+000    -0.10316983E+002    -0.49494892E+001     0.11220597E+004     0.47603636E+004     0.37632473E+000    -0.24954047E+000
     0.46193902E+000    -0.10278891E+002    -0.49836898E+001     0.11105431E+004     0.47746778E+004     0.37370267E+000    -0.24747362E+000
     0.46230651E+000    -0.10241594E+002    -0.50177796E+001     0.10988575E+004     0.47889755E+004     0.37110992E+000    -0.24543600E+000
     0.46267401E+000    -0.10205082E+002    -0.50517736E+001     0.10870026E+004     0.48032544E+004     0.36854606E+000    -0.24342707E+000
     0.46304150E+000    -0.10169344E+002    -0.50856867E+001     0.10749779E+004     0.48175120E+004     0.36601064E+000    -0.24144626E+000
     0.46340899E+000    -0.10134369E+002    -0.51195333E+001     0.10627831E+004     0.48317460E+004     0.36350325E+000    -0.23949305E+000
     0.46377649E+000    -0.10100148E+002    -0.51533274E+001     0.10504180E+004     0.48459538E+004     0.36102348E+000    -0.23756691E+000
     0.46414398E+000    -0.10066670E+002    -0.51870830E+001     0.10378822E+004     0.48601330E+004     0.35857091E+000    -0.23566733E+000
     0.46451147E+000    -0.10033925E+002    -0.52208137E+001     0.10251755E+004     0.48742812E+004     0.35614515E+000    -0.23379382E+000
     0.46487897E+000    -0.10001906E+002    -0.52545331E+001     0.10122977E+004     0.48883960E+004     0.35374580E+000    -0.23194588E+000
     0.46524646E+000    -0.99706014E+001    -0.52882542E+001     0.99924853E+003     0.49024749E+004     0.35137249E+000    -0.23012304E+000
     0.46561395E+000    -0.99400037E+001    -0.53219902E+001     0.98602789E+003     0.49165154E+004     0.34902482E+000    -0.22832484E+000
     0.46598145E+000    -0.99101039E+001    -0.53557539E+001     0.97263564E+003     0.49305151E+004     0.34670242E+000    -0.22655083E+000
     0.46634894E+000    -0.98808938E+001    -0.53895580E+001     0.95907169E+003     0.49444715E+004     0.34440494E+000    -0.22480056E+000
     0.46671643E+000    -0.98523653E+001    -0.54234149E+001     0.94533596E+003     0.49583822E+004     0.34213201E+000    -0.22307359E+000
     0.46708393E+000    -0.98245103E+001    -0.54573371E+001     0.93142844E+003     0.49722447E+004     0.33988328E+000    -0.22136952E+000
     0.46745142E+000    -0.97973212E+001    -0.54913369E+001     0.91734911E+003     0.49860565E+004     0.33765840E+000    -0.21968792E+000
     0.46781891E+000    -0.97707906E+001    -0.55254263E+001     0.90309801E+003     0.49998151E+004     0.33545704E+000    -0.21802839E+000
     0.46818641E+000    -0.97449111E+001    -0.55596175E+001     0.88867521E+003     0.50135180E+004     0.33327884E+000    -0.21639054E+000
     0.46855390E+000    -0.97196759E+001    -0.55939223E+001     0.87408080E+003     0.50271627E+004     0.33112350E+000    -0.21477398E+000
     0.46892139E+000    -0.96950780E+001    -0.56283527E+001     0.85931493E+003     0.50407468E+004     0.32899068E+000    -0.21317833E+000
     0.46928889E+000    -0.96711107E+001    -0.56629204E+001     0.84437776E+003     0.50542678E+004     0.32688006E+000    -0.21160323E+000
     0.46965638E+000    -0.96477677E+001    -0.56976371E+001     0.82926948E+003     0.50677231E+004     0.32479133E+000    -0.21004832E+000
     0.47002387E+000    -0.96250427E+001    -0.57325146E+001     0.81399035E+003     0.50811102E+004     0.32272419E+000    -0.20851324E+000
     0.47039137E+000    -0.96029297E+001    -0.57675645E+001     0.79854063E+003     0.50944267E+004     0.32067834E+000    -0.20699765E+000
     0.47075886E+000    -0.95814228E+001    -0.58027985E+001     0.78292063E+003     0.51076700E+004     0.31865347E+000    -0.20550122E+000
     0.47112635E+000    -0.95605162E+001    -0.58382282E+001     0.76713069E+003     0.51208376E+004     0.31664930E+000    -0.20402360E+000
     0.47149384E+000    -0.95402046E+001    -0.58738651E+001     0.75117120E+003     0.51339270E+004     0.31466554E+000    -0.20256449E+000
     0.47186134E+000    -0.95204825E+001    -0.59097209E+001     0.73504256E+003     0.51469357E+004     0.31270190E+000    -0.20112356E+000
     0.47222883E+000    -0.95013449E+001    -0.59458073E+001     0.71874525E+003     0.51598612E+004     0.31075811E+000    -0.19970051E+000
     0.47259632E+000    -0.94827867E+001    -0.59821359E+001     0.70227974E+003     0.51727010E+004     0.30883391E+000    -0.19829503E+000
     0.47296382E+000    -0.94648031E+001    -0.60187184E+001     0.68564657E+003     0.51854526E+004     0.30692901E+000    -0.19690683E+000
     0.47333131E+000    -0.94473894E+001    -0.60555666E+001     0.66884630E+003     0.51981133E+004     0.30504316E+000    -0.19553562E+000
     0.47369880E+000    -0.94305413E+001    -0.60926923E+001     0.65187954E+003     0.52106809E+004     0.30317609E+000    -0.19418112E+000
     0.47406630E+000    -0.94142542E+001    -0.61301073E+001     0.63474693E+003     0.52231527E+004     0.30132756E+000    -0.19284304E+000
     0.47443379E+000    -0.93985241E+001    -0.61678237E+001     0.61744915E+003     0.52355262E+004     0.29949731E+000    -0.19152112E+000
     0.47480128E+000    -0.93833469E+001    -0.62058534E+001     0.59998692E+003     0.52477990E+004     0.29768510E+000    -0.19021509E+000
     0.47516878E+000    -0.93687187E+001    -0.62442087E+001     0.58236101E+003     0.52599685E+004     0.29589069E+000    -0.18892470E+000
     0.47553627E+000    -0.93546358E+001    -0.62829018E+001     0.56457220E+003     0.52720322E+004     0.29411383E+000    -0.18764968E+000
     0.47590376E+000    -0.93410946E+001    -0.63219450E+001     0.54662134E+003     0.52839878E+004     0.29235430E+000    -0.18638978E+000
     0.47627126E+000    -0.93280916E+001    -0.63613509E+001     0.52850931E+003     0.52958326E+004     0.29061185E+000    -0.18514477E+000
     0.47663875E+000    -0.93156235E+001    -0.64011321E+001     0.51023703E+003     0.53075642E+004     0.28888628E+000    -0.18391440E+000
     0.47700624E+000    -0.93036872E+001    -0.64413015E+001     0.49180544E+003     0.53191802E+004     0.28717734E+000    -0.18269843E+000
     0.47737374E+000    -0.92922795E+001    -0.64818720E+001     0.47321556E+003     0.53306780E+004     0.28548483E+000    -0.18149665E+000
     0.47774123E+000    -0.92813976E+001    -0.65228568E+001     0.45446842E+003     0.53420553E+004     0.28380853E+000    -0.18030881E+000
     0.47810872E+000    -0.92710387E+001    -0.65642692E+001     0.43556509E+003     0.53533096E+004     0.28214823E+000    -0.17913471E+000
     0.47847622E+000    -0.92612001E+001    -0.66061227E+001     0.41650671E+003     0.53644385E+004     0.28050371E+000    -0.17797412E+000
     0.47884371E+000    -0.92518791E+001    -0.66484312E+001     0.39729442E+003     0.53754395E+004     0.27887478E+000    -0.17682683E+000
     0.47921120E+000    -0.92430735E+001    -0.66912085E+001     0.37792944E+003     0.53863103E+004     0.27726122E+000    -0.17569263E+000
     0.47957870E+000    -0.92347809E+001    -0.67344690E+001     0.35841299E+003     0.53970484E+004     0.27566285E+000    -0.17457133E+000
     0.47994619E+000    -0.92269991E+001    -0.67782270E+001     0.33874637E+003     0.54076515E+004     0.27407946E+000    -0.17346272E+000
     0.48031368E+000    -0.92197259E+001    -0.68224972E+001     0.31893090E+003     0.54181171E+004     0.27251087E+000    -0.17236660E+000
     0.48068118E+000    -0.92129595E+001    -0.68672948E+001     0.29896795E+003     0.54284430E+004     0.27095689E+000    -0.17128278E+000
     0.48104867E+000    -0.92066978E+001    -0.69126349E+001     0.27885891E+003     0.54386268E+004     0.26941732E+000    -0.17021107E+000
     0.48141616E+000    -0.92009392E+001    -0.69585333E+001     0.25860524E+003     0.54486662E+004     0.26789198E+000    -0.16915130E+000
     0.48178366E+000    -0.91956820E+001    -0.70050057E+001     0.23820842E+003     0.54585588E+004     0.26638070E+000    -0.16810327E+000
     0.48215115E+000    -0.91909245E+001    -0.70520685E+001     0.21766998E+003     0.54683024E+004     0.26488330E+000    -0.16706682E+000
     0.48251864E+000    -0.91866653E+001    -0.70997382E+001     0.19699150E+003     0.54778947E+004     0.26339959E+000    -0.16604175E+000
     0.48288614E+000    -0.91829030E+001    -0.71480319E+001     0.17617457E+003     0.54873335E+004     0.26192942E+000    -0.16502792E+000
     0.48325363E+000    -0.91796362E+001    -0.71969668E+001     0.15522084E+003     0.54966164E+004     0.26047261E+000    -0.16402513E+000
     0.48362112E+000    -0.91768637E+001    -0.72465608E+001     0.13413201E+003     0.55057414E+004     0.25902899E+000    -0.16303324E+000
     0.48398862E+000    -0.91745843E+001    -0.72968320E+001     0.11290981E+003     0.55147063E+004     0.25759840E+000    -0.16205208E+000
     0.48435611E+000    -0.91727970E+001    -0.73477991E+001     0.91556005E+002     0.55235087E+004     0.25618068E+000    -0.16108150E+000
     0.48472360E+000    -0.91715008E+001    -0.73994810E+001     0.70072400E+002     0.55321467E+004     0.25477566E+000    -0.16012132E+000
     0.48509110E+000    -0.91706946E+001    -0.74518974E+001     0.48460846E+002     0.55406181E+004     0.25338320E+000    -0.15917141E+000
     0.48545859E+000    -0.91703777E+001    -0.75050684E+001     0.26723228E+002     0.55489208E+004     0.25200313E+000    -0.15823162E+000
     0.48582608E+000    -0.91705491E+001    -0.75590144E+001     0.48614721E+001     0.55570528E+004     0.25063531E+000    -0.15730179E+000
     0.48619358E+000    -0.91712081E+001    -0.76137565E+001    -0.17122458E+002     0.55650119E+004     0.24927959E+000    -0.15638178E+000
     0.48656107E+000    -0.91723540E+001    -0.76693166E+001    -0.39226561E+002     0.55727962E+004     0.24793581E+000    -0.15547144E+000
     0.48692856E+000    -0.91739861E+001    -0.77257168E+001    -0.61448797E+002     0.55804038E+004     0.24660384E+000    -0.15457065E+000
     0.48729605E+000    -0.91761037E+001    -0.77829799E+001    -0.83787092E+002     0.55878326E+004     0.24528352E+000    -0.15367927E+000
     0.48766355E+000    -0.91787061E+001    -0.78411296E+001    -0.10623933E+003     0.55950807E+004     0.24397473E+000    -0.15279715E+000
     0.48803104E+000    -0.91817929E+001    -0.79001900E+001    -0.12880336E+003     0.56021463E+004     0.24267732E+000    -0.15192417E+000
     0.48839853E+000    -0.91853634E+001    -0.79601860E+001    -0.15147701E+003     0.56090274E+004     0.24139115E+000    -0.15106019E+000
     0.48876603E+000    -0.91894170E+001    -0.80211432E+001    -0.17425804E+003     0.56157223E+004     0.24011609E+000    -0.15020510E+000
     0.48913352E+000    -0.91939532E+001    -0.80830880E+001    -0.19714421E+003     0.56222291E+004     0.23885201E+000    -0.14935876E+000
     0.48950101E+000    -0.91989713E+001    -0.81460475E+001    -0.22013322E+003     0.56285462E+004     0.23759877E+000    -0.14852106E+000
     0.48986851E+000    -0.92044708E+001    -0.82100497E+001    -0.24322276E+003     0.56346717E+004     0.23635626E+000    -0.14769186E+000
     0.49023600E+000    -0.92104511E+001    -0.82751235E+001    -0.26641045E+003     0.56406040E+004     0.23512433E+000    -0.14687106E+000
     0.49060349E+000    -0.92169114E+001    -0.83412986E+001    -0.28969393E+003     0.56463414E+004     0.23390287E+000    -0.14605854E+000
     0.49097099E+000    -0.92238511E+001    -0.84086056E+001    -0.31307076E+003     0.56518823E+004     0.23269176E+000    -0.14525418E+000
     0.49133848E+000    -0.92312694E+001    -0.84770763E+001    -0.33653849E+003     0.56572252E+004     0.23149087E+000    -0.14445787E+000
     0.49170597E+000    -0.92391654E+001    -0.85467432E+001    -0.36009464E+003     0.56623685E+004     0.23030008E+000    -0.14366950E+000
     0.49207347E+000    -0.92475382E+001    -0.86176402E+001    -0.38373669E+003     0.56673107E+004     0.22911928E+000    -0.14288896E+000
     0.49244096E+000    -0.92563869E+001    -0.86898020E+001    -0.40746212E+003     0.56720503E+004     0.22794834E+000    -0.14211614E+000
     0.49280845E+000    -0.92657101E+001    -0.87632646E+001    -0.43126833E+003     0.56765860E+004     0.22678717E+000    -0.14135094E+000
     0.49317595E+000    -0.92755067E+001    -0.88380652E+001    -0.45515274E+003     0.56809163E+004     0.22563563E+000    -0.14059326E+000
     0.49354344E+000    -0.92857752E+001    -0.89142423E+001    -0.47911273E+003     0.56850400E+004     0.22449363E+000    -0.13984300E+000
     0.49391093E+000    -0.92965140E+001    -0.89918356E+001    -0.50314563E+003     0.56889556E+004     0.22336105E+000    -0.13910005E+000
     0.49427843E+000    -0.93077212E+001    -0.90708863E+001    -0.52724878E+003     0.56926621E+004     0.22223779E+000    -0.13836432E+000
     0.49464592E+000    -0.93193949E+001    -0.91514370E+001    -0.55141947E+003     0.56961582E+004     0.22112374E+000    -0.13763570E+000
     0.49501341E+000    -0.93315328E+001    -0.92335317E+001    -0.57565499E+003     0.56994426E+004     0.22001879E+000    -0.13691412E+000
     0.49538091E+000    -0.93441323E+001    -0.93172161E+001    -0.59995257E+003     0.57025144E+004     0.21892284E+000    -0.13619947E+000
     0.49574840E+000    -0.93571906E+001    -0.94025375E+001    -0.62430946E+003     0.57053725E+004     0.21783579E+000    -0.13549166E+000
     0.49611589E+000    -0.93707046E+001    -0.94895449E+001    -0.64872286E+003     0.57080158E+004     0.21675754E+000    -0.13479060E+000
     0.49648339E+000    -0.93846706E+001    -0.95782891E+001    -0.67318997E+003     0.57104433E+004     0.21568799E+000    -0.13409620E+000
     0.49685088E+000    -0.93990848E+001    -0.96688228E+001    -0.69770795E+003     0.57126542E+004     0.21462704E+000    -0.13340839E+000
     0.49721837E+000    -0.94139427E+001    -0.97612005E+001    -0.72227397E+003     0.57146475E+004     0.21357460E+000    -0.13272706E+000
     0.49758587E+000    -0.94292395E+001    -0.98554791E+001    -0.74688514E+003     0.57164225E+004     0.21253057E+000    -0.13205213E+000
     0.49795336E+000    -0.94449698E+001    -0.99517173E+001    -0.77153861E+003     0.57179783E+004     0.21149486E+000    -0.13138353E+000
     0.49832085E+000    -0.94611276E+001    -0.10049976E+002    -0.79623146E+003     0.57193143E+004     0.21046737E+000    -0.13072117E+000
     0.49868835E+000    -0.94777063E+001    -0.10150319E+002    -0.82096079E+003     0.57204297E+004     0.20944802E+000    -0.13006498E+000
     0.49905584E+000    -0.94946985E+001    -0.10252813E+002    -0.84572369E+003     0.57213239E+004     0.20843672E+000    -0.12941486E+000
     0.49942333E+000    -0.95120963E+001    -0.10357525E+002    -0.87051720E+003     0.57219963E+004     0.20743338E+000    -0.12877075E+000
     0.49979083E+000    -0.95298905E+001    -0.10464527E+002    -0.89533840E+003     0.57224464E+004     0.20643790E+000    -0.12813257E+000
     0.50015832E+000    -0.95480715E+001    -0.10573893E+002    -0.92018432E+003     0.57226738E+004     0.20545021E+000    -0.12750024E+000
     0.50052581E+000    -0.95666284E+001    -0.10685699E+002    -0.94505199E+003     0.57226779E+004     0.20447022E+000    -0.12687368E+000
     0.50089331E+000    -0.95855493E+001    -0.10800028E+002    -0.96993846E+003     0.57224585E+004     0.20349785E+000    -0.12625284E+000
     0.50126080E+000    -0.96048211E+001    -0.10916961E+002    -0.99484073E+003     0.57220151E+004     0.20253301E+000    -0.12563763E+000
     0.50162829E+000    -0.96244295E+001    -0.11036586E+002    -0.10197558E+004     0.57213476E+004     0.20157563E+000    -0.12502798E+000
     0.50199578E+000    -0.96443586E+001    -0.11158993E+002    -0.10446807E+004     0.57204557E+004     0.20062561E+000    -0.12442382E+000
     0.50236328E+000    -0.96645911E+001    -0.11284276E+002    -0.10696125E+004     0.57193392E+004     0.19968289E+000    -0.12382509E+000
     0.50273077E+000    -0.96851082E+001    -0.11412535E+002    -0.10945481E+004     0.57179980E+004     0.19874739E+000    -0.12323172E+000
     0.50309826E+000    -0.97058889E+001    -0.11543872E+002    -0.11194846E+004     0.57164320E+004     0.19781902E+000    -0.12264364E+000
     0.50346576E+000    -0.97269106E+001    -0.11678393E+002    -0.11444189E+004     0.57146413E+004     0.19689772E+000    -0.12206079E+000
     0.50383325E+000    -0.97481482E+001    -0.11816211E+002    -0.11693481E+004     0.57126258E+004     0.19598341E+000    -0.12148310E+000
     0.50420074E+000    -0.97695746E+001    -0.11957442E+002    -0.11942691E+004     0.57103856E+004     0.19507601E+000    -0.12091051E+000
     0.50456824E+000    -0.97911599E+001    -0.12102207E+002    -0.12191790E+004     0.57079210E+004     0.19417545E+000    -0.12034295E+000
     0.50493573E+000    -0.98128713E+001    -0.12250634E+002    -0.12440748E+004     0.57052321E+004     0.19328166E+000    -0.11978037E+000
     0.50530322E+000    -0.98346733E+001    -0.12402855E+002    -0.12689535E+004     0.57023190E+004     0.19239457E+000    -0.11922271E+000
     0.50567072E+000    -0.98565268E+001    -0.12559010E+002    -0.12938121E+004     0.56991822E+004     0.19151410E+000    -0.11866990E+000
     0.50603821E+000    -0.98783891E+001    -0.12719242E+002    -0.13186477E+004     0.56958220E+004     0.19064020E+000    -0.11812188E+000
     0.50640570E+000    -0.99002137E+001    -0.12883704E+002    -0.13434572E+004     0.56922387E+004     0.18977278E+000    -0.11757861E+000
     0.50677320E+000    -0.99219495E+001    -0.13052555E+002    -0.13682379E+004     0.56884329E+004     0.18891179E+000    -0.11704002E+000
     0.50714069E+000    -0.99435409E+001    -0.13225960E+002    -0.13929866E+004     0.56844050E+004     0.18805716E+000    -0.11650605E+000
     0.50750818E+000    -0.99649270E+001    -0.13404093E+002    -0.14177005E+004     0.56801556E+004     0.18720882E+000    -0.11597665E+000
     0.50787568E+000    -0.99860414E+001    -0.13587135E+002    -0.14423767E+004     0.56756852E+004     0.18636671E+000    -0.11545178E+000
     0.50824317E+000    -0.10006811E+002    -0.13775278E+002    -0.14670122E+004     0.56709946E+004     0.18553075E+000    -0.11493136E+000
     0.50861066E+000    -0.10027158E+002    -0.13968720E+002    -0.14916042E+004     0.56660843E+004     0.18470090E+000    -0.11441535E+000
     0.50897816E+000    -0.10046993E+002    -0.14167671E+002    -0.15161499E+004     0.56609553E+004     0.18387709E+000    -0.11390371E+000
     0.50934565E+000    -0.10066223E+002    -0.14372348E+002    -0.15406463E+004     0.56556082E+004     0.18305925E+000    -0.11339637E+000
     0.50971314E+000    -0.10084743E+002    -0.14582982E+002    -0.15650906E+004     0.56500439E+004     0.18224733E+000    -0.11289328E+000
     0.51008064E+000    -0.10102441E+002    -0.14799812E+002    -0.15894800E+004     0.56442634E+004     0.18144127E+000    -0.11239440E+000
     0.51044813E+000    -0.10119191E+002    -0.15023091E+002    -0.16138117E+004     0.56382675E+004     0.18064100E+000    -0.11189968E+000
     0.51081562E+000    -0.10134859E+002    -0.15253082E+002    -0.16380830E+004     0.56320572E+004     0.17984648E+000    -0.11140907E+000
     0.51118312E+000    -0.10149295E+002    -0.15490063E+002    -0.16622910E+004     0.56256336E+004     0.17905763E+000    -0.11092253E+000
     0.51155061E+000    -0.10162336E+002    -0.15734324E+002    -0.16864331E+004     0.56189977E+004     0.17827441E+000    -0.11043999E+000
     0.51191810E+000    -0.10173805E+002    -0.15986169E+002    -0.17105065E+004     0.56121507E+004     0.17749675E+000    -0.10996143E+000
     0.51228560E+000    -0.10183506E+002    -0.16245918E+002    -0.17345086E+004     0.56050938E+004     0.17672461E+000    -0.10948679E+000
     0.51265309E+000    -0.10191224E+002    -0.16513904E+002    -0.17584366E+004     0.55978281E+004     0.17595793E+000    -0.10901602E+000
     0.51302058E+000    -0.10196726E+002    -0.16790479E+002    -0.17822881E+004     0.55903549E+004     0.17519666E+000    -0.10854909E+000
     0.51338808E+000    -0.10199754E+002    -0.17076010E+002    -0.18060602E+004     0.55826755E+004     0.17444073E+000    -0.10808595E+000
     0.51375557E+000    -0.10200026E+002    -0.17370881E+002    -0.18297506E+004     0.55747912E+004     0.17369010E+000    -0.10762656E+000
     0.51412306E+000    -0.10197230E+002    -0.17675496E+002    -0.18533566E+004     0.55667035E+004     0.17294472E+000    -0.10717087E+000
     0.51449056E+000    -0.10191029E+002    -0.17990277E+002    -0.18768757E+004     0.55584137E+004     0.17220454E+000    -0.10671885E+000
     0.51485805E+000    -0.10181046E+002    -0.18315664E+002    -0.19003054E+004     0.55499234E+004     0.17146949E+000    -0.10627044E+000
     0.51522554E+000    -0.10166872E+002    -0.18652117E+002    -0.19236433E+004     0.55412339E+004     0.17073955E+000    -0.10582562E+000
     0.51559304E+000    -0.10148055E+002    -0.19000119E+002    -0.19468870E+004     0.55323468E+004     0.17001465E+000    -0.10538434E+000
     0.51596053E+000    -0.10124097E+002    -0.19360171E+002    -0.19700340E+004     0.55232638E+004     0.16929474E+000    -0.10494656E+000
     0.51632802E+000    -0.10094452E+002    -0.19732794E+002    -0.19930820E+004     0.55139864E+004     0.16857979E+000    -0.10451225E+000
     0.51669552E+000    -0.10058517E+002    -0.20118532E+002    -0.20160286E+004     0.55045163E+004     0.16786973E+000    -0.10408135E+000
     0.51706301E+000    -0.10015630E+002    -0.20517948E+002    -0.20388716E+004     0.54948552E+004     0.16716453E+000    -0.10365385E+000
     0.51743050E+000    -0.99650599E+001    -0.20931623E+002    -0.20616087E+004     0.54850047E+004     0.16646413E+000    -0.10322969E+000
     0.51779799E+000    -0.99060008E+001    -0.21360160E+002    -0.20842378E+004     0.54749666E+004     0.16576850E+000    -0.10280884E+000
     0.51816549E+000    -0.98375651E+001    -0.21804175E+002    -0.21067565E+004     0.54647427E+004     0.16507758E+000    -0.10239127E+000
     0.51853298E+000    -0.97587733E+001    -0.22264303E+002    -0.21291627E+004     0.54543349E+004     0.16439133E+000    -0.10197694E+000
     0.51890047E+000    -0.96685451E+001    -0.22741187E+002    -0.21514545E+004     0.54437449E+004     0.16370971E+000    -0.10156581E+000
     0.51926797E+000    -0.95656886E+001    -0.23235479E+002    -0.21736295E+004     0.54329746E+004     0.16303267E+000    -0.10115785E+000
     0.51963546E+000    -0.94488884E+001    -0.23747835E+002    -0.21956859E+004     0.54220260E+004     0.16236018E+000    -0.10075303E+000
     0.52000295E+000    -0.93166932E+001    -0.24278907E+002    -0.22176217E+004     0.54109010E+004     0.16169218E+000    -0.10035131E+000
     0.52037045E+000    -0.91675016E+001    -0.24829334E+002    -0.22394348E+004     0.53996014E+004     0.16102863E+000    -0.99952652E-001
     0.52073794E+000    -0.89995471E+001    -0.25399734E+002    -0.22611234E+004     0.53881294E+004     0.16036950E+000    -0.99557031E-001
     0.52110543E+000    -0.88108819E+001    -0.25990691E+002    -0.22826856E+004     0.53764869E+004     0.15971474E+000    -0.99164413E-001
     0.52147293E+000    -0.85993592E+001    -0.26602739E+002    -0.23041195E+004     0.53646759E+004     0.15906432E+000    -0.98774763E-001
     0.52184042E+000    -0.83626149E+001    -0.27236344E+002    -0.23254233E+004     0.53526985E+004     0.15841818E+000    -0.98388052E-001
     0.52220791E+000    -0.80980481E+001    -0.27891880E+002    -0.23465953E+004     0.53405568E+004     0.15777630E+000    -0.98004247E-001
     0.52257541E+000    -0.78028012E+001    -0.28569602E+002    -0.23676338E+004     0.53282529E+004     0.15713863E+000    -0.97623317E-001
     0.52294290E+000    -0.74737396E+001    -0.29269612E+002    -0.23885371E+004     0.53157889E+004     0.15650513E+000    -0.97245233E-001
     0.52331039E+000    -0.71074319E+001    -0.29991821E+002    -0.24093035E+004     0.53031669E+004     0.15587577E+000    -0.96869963E-001
     0.52367789E+000    -0.67001316E+001    -0.30735897E+002    -0.24299315E+004     0.52903891E+004     0.15525051E+000    -0.96497479E-001
     0.52404538E+000    -0.62477608E+001    -0.31501216E+002    -0.24504195E+004     0.52774577E+004     0.15462931E+000    -0.96127751E-001
     0.52441287E+000    -0.57458984E+001    -0.32286787E+002    -0.24707660E+004     0.52643748E+004     0.15401213E+000    -0.95760750E-001
     0.52478037E+000    -0.51897735E+001    -0.33091181E+002    -0.24909696E+004     0.52511427E+004     0.15339894E+000    -0.95396448E-001
     0.52514786E+000    -0.45742684E+001    -0.33912442E+002    -0.25110287E+004     0.52377636E+004     0.15278970E+000    -0.95034815E-001
     0.52551535E+000    -0.38939324E+001    -0.34747980E+002    -0.25309421E+004     0.52242397E+004     0.15218438E+000    -0.94675826E-001
     0.52588285E+000    -0.31430122E+001    -0.35594461E+002    -0.25507084E+004     0.52105733E+004     0.15158293E+000    -0.94319451E-001
     0.52625034E+000    -0.23155031E+001    -0.36447677E+002    -0.25703262E+004     0.51967667E+004     0.15098534E+000    -0.93965664E-001
     0.52661783E+000    -0.14052260E+001    -0.37302407E+002    -0.25897944E+004     0.51828220E+004     0.15039155E+000    -0.93614439E-001
     0.52698533E+000    -0.40593883E+000    -0.38152270E+002    -0.26091117E+004     0.51687416E+004     0.14980154E+000    -0.93265748E-001
     0.52735282E+000     0.68851220E+000    -0.38989573E+002    -0.26282769E+004     0.51545279E+004     0.14921527E+000    -0.92919566E-001
     0.52772031E+000     0.18839929E+001    -0.39805166E+002    -0.26472890E+004     0.51401830E+004     0.14863271E+000    -0.92575868E-001
     0.52808781E+000     0.31858258E+001    -0.40588309E+002    -0.26661468E+004     0.51257093E+004     0.14805383E+000    -0.92234627E-001
     0.52845530E+000     0.45984739E+001    -0.41326569E+002    -0.26848493E+004     0.51111091E+004     0.14747860E+000    -0.91895818E-001
     0.52882279E+000     0.61251598E+001    -0.42005771E+002    -0.27033955E+004     0.50963848E+004     0.14690697E+000    -0.91559418E-001
     0.52919029E+000     0.77674228E+001    -0.42610013E+002    -0.27217844E+004     0.50815386E+004     0.14633893E+000    -0.91225400E-001
     0.52955778E+000     0.95246219E+001    -0.43121788E+002    -0.27400151E+004     0.50665729E+004     0.14577444E+000    -0.90893743E-001
     0.52992527E+000     0.11393404E+002    -0.43522229E+002    -0.27580867E+004     0.50514900E+004     0.14521346E+000    -0.90564420E-001
     0.53029277E+000     0.13367170E+002    -0.43791512E+002    -0.27759985E+004     0.50362923E+004     0.14465597E+000    -0.90237410E-001
     0.53066026E+000     0.15435573E+002    -0.43909434E+002    -0.27937495E+004     0.50209821E+004     0.14410194E+000    -0.89912688E-001
     0.53102775E+000     0.17584127E+002    -0.43856179E+002    -0.28113391E+004     0.50055616E+004     0.14355134E+000    -0.89590232E-001
     0.53139525E+000     0.19793967E+002    -0.43613253E+002    -0.28287665E+004     0.49900334E+004     0.14300413E+000    -0.89270019E-001
     0.53176274E+000     0.22041851E+002    -0.43164574E+002    -0.28460310E+004     0.49743997E+004     0.14246029E+000    -0.88952027E-001
     0.53213023E+000     0.24300465E+002    -0.42497620E+002    -0.28631321E+004     0.49586628E+004     0.14191979E+000    -0.88636233E-001
     0.53249773E+000     0.26539070E+002    -0.41604569E+002    -0.28800691E+004     0.49428250E+004     0.14138260E+000    -0.88322616E-001
     0.53286522E+000     0.28724512E+002    -0.40483298E+002    -0.28968415E+004     0.49268888E+004     0.14084870E+000    -0.88011155E-001
     0.53323271E+000     0.30822548E+002    -0.39138120E+002    -0.29134488E+004     0.49108564E+004     0.14031804E+000    -0.87701828E-001
     0.53360020E+000     0.32799418E+002    -0.37580133E+002    -0.29298904E+004     0.48947301E+004     0.13979062E+000    -0.87394613E-001
     0.53396770E+000     0.34623521E+002    -0.35827110E+002    -0.29461660E+004     0.48785123E+004     0.13926639E+000    -0.87089491E-001
     0.53433519E+000     0.36267032E+002    -0.33902901E+002    -0.29622751E+004     0.48622053E+004     0.13874533E+000    -0.86786441E-001
     0.53470268E+000     0.37707307E+002    -0.31836361E+002    -0.29782175E+004     0.48458114E+004     0.13822742E+000    -0.86485442E-001
     0.53507018E+000     0.38927907E+002    -0.29659928E+002    -0.29939926E+004     0.48293328E+004     0.13771262E+000    -0.86186475E-001
     0.53543767E+000     0.39919177E+002    -0.27407983E+002    -0.30096004E+004     0.48127718E+004     0.13720092E+000    -0.85889519E-001
     0.53580516E+000     0.40678308E+002    -0.25115158E+002    -0.30250405E+004     0.47961309E+004     0.13669228E+000    -0.85594556E-001
     0.53617266E+000     0.41208942E+002    -0.22814759E+002    -0.30403127E+004     0.47794121E+004     0.13618669E+000    -0.85301565E-001
     0.53654015E+000     0.41520396E+002    -0.20537442E+002    -0.30554168E+004     0.47626177E+004     0.13568411E+000    -0.85010528E-001
     0.53690764E+000     0.41626621E+002    -0.18310220E+002    -0.30703527E+004     0.47457501E+004     0.13518452E+000    -0.84721427E-001
     0.53727514E+000     0.41545021E+002    -0.16155831E+002    -0.30851203E+004     0.47288115E+004     0.13468789E+000    -0.84434242E-001
     0.53764263E+000     0.41295271E+002    -0.14092468E+002    -0.30997194E+004     0.47118040E+004     0.13419420E+000    -0.84148955E-001
     0.53801012E+000     0.40898211E+002    -0.12133815E+002    -0.31141502E+004     0.46947299E+004     0.13370343E+000    -0.83865548E-001
     0.53837762E+000     0.40374893E+002    -0.10289314E+002    -0.31284125E+004     0.46775914E+004     0.13321555E+000    -0.83584003E-001
     0.53874511E+000     0.39745813E+002    -0.85646059E+001    -0.31425063E+004     0.46603907E+004     0.13273054E+000    -0.83304302E-001
     0.53911260E+000     0.39030336E+002    -0.69620610E+001    -0.31564318E+004     0.46431300E+004     0.13224837E+000    -0.83026428E-001
     0.53948010E+000     0.38246306E+002    -0.54813439E+001    -0.31701890E+004     0.46258114E+004     0.13176903E+000    -0.82750364E-001
     0.53984759E+000     0.37409816E+002    -0.41199712E+001    -0.31837781E+004     0.46084370E+004     0.13129248E+000    -0.82476092E-001
     0.54021508E+000     0.36535105E+002    -0.28738272E+001    -0.31971991E+004     0.45910090E+004     0.13081871E+000    -0.82203596E-001
     0.54058258E+000     0.35634562E+002    -0.17376199E+001    -0.32104524E+004     0.45735295E+004     0.13034769E+000    -0.81932858E-001
     0.54095007E+000     0.34718797E+002    -0.70527106E+000    -0.32235380E+004     0.45560007E+004     0.12987940E+000    -0.81663863E-001
     0.54131756E+000     0.33796762E+002     0.22976416E+000    -0.32364562E+004     0.45384245E+004     0.12941382E+000    -0.81396594E-001
     0.54168506E+000     0.32875900E+002     0.10742409E+001    -0.32492073E+004     0.45208031E+004     0.12895092E+000    -0.81131034E-001
     0.54205255E+000     0.31962305E+002     0.18349272E+001    -0.32617917E+004     0.45031385E+004     0.12849069E+000    -0.80867169E-001
     0.54242004E+000     0.31060889E+002     0.25184562E+001    -0.32742095E+004     0.44854327E+004     0.12803311E+000    -0.80604982E-001
     0.54278754E+000     0.30175536E+002     0.31312204E+001    -0.32864612E+004     0.44676877E+004     0.12757814E+000    -0.80344458E-001
     0.54315503E+000     0.29309254E+002     0.36793001E+001    -0.32985471E+004     0.44499056E+004     0.12712578E+000    -0.80085581E-001
     0.54352252E+000     0.28464304E+002     0.41684182E+001    -0.33104677E+004     0.44320883E+004     0.12667599E+000    -0.79828337E-001
     0.54389002E+000     0.27642328E+002     0.46039164E+001    -0.33222234E+004     0.44142378E+004     0.12622877E+000    -0.79572709E-001
     0.54425751E+000     0.26844445E+002     0.49907465E+001    -0.33338146E+004     0.43963560E+004     0.12578409E+000    -0.79318684E-001
     0.54462500E+000     0.26071352E+002     0.53334739E+001    -0.33452418E+004     0.43784448E+004     0.12534192E+000    -0.79066247E-001
     0.54499250E+000     0.25323395E+002     0.56362883E+001    -0.33565056E+004     0.43605062E+004     0.12490226E+000    -0.78815383E-001
     0.54535999E+000     0.24600643E+002     0.59030210E+001    -0.33676063E+004     0.43425419E+004     0.12446507E+000    -0.78566077E-001
     0.54572748E+000     0.23902939E+002     0.61371645E+001    -0.33785447E+004     0.43245539E+004     0.12403035E+000    -0.78318316E-001
     0.54609498E+000     0.23229952E+002     0.63418951E+001    -0.33893212E+004     0.43065441E+004     0.12359806E+000    -0.78072086E-001
     0.54646247E+000     0.22581214E+002     0.65200956E+001    -0.33999365E+004     0.42885141E+004     0.12316820E+000    -0.77827373E-001
     0.54682996E+000     0.21956154E+002     0.66743782E+001    -0.34103912E+004     0.42704658E+004     0.12274074E+000    -0.77584163E-001
     0.54719746E+000     0.21354124E+002     0.68071075E+001    -0.34206858E+004     0.42524011E+004     0.12231567E+000    -0.77342443E-001
     0.54756495E+000     0.20774422E+002     0.69204211E+001    -0.34308211E+004     0.42343216E+004     0.12189296E+000    -0.77102198E-001
     0.54793244E+000     0.20216312E+002     0.70162505E+001    -0.34407978E+004     0.42162290E+004     0.12147260E+000    -0.76863417E-001
     0.54829994E+000     0.19679032E+002     0.70963399E+001    -0.34506164E+004     0.41981252E+004     0.12105456E+000    -0.76626086E-001
     0.54866743E+000     0.19161814E+002     0.71622635E+001    -0.34602778E+004     0.41800117E+004     0.12063884E+000    -0.76390192E-001
     0.54903492E+000     0.18663887E+002     0.72154422E+001    -0.34697827E+004     0.41618903E+004     0.12022541E+000    -0.76155722E-001
     0.54940241E+000     0.18184487E+002     0.72571580E+001    -0.34791317E+004     0.41437626E+004     0.11981426E+000    -0.75922663E-001
     0.54976991E+000     0.17722863E+002     0.72885675E+001    -0.34883258E+004     0.41256302E+004     0.11940537E+000    -0.75691004E-001
     0.55013740E+000     0.17278278E+002     0.73107145E+001    -0.34973656E+004     0.41074947E+004     0.11899872E+000    -0.75460731E-001
     0.55050489E+000     0.16850019E+002     0.73245411E+001    -0.35062519E+004     0.40893577E+004     0.11859429E+000    -0.75231833E-001
     0.55087239E+000     0.16437389E+002     0.73308973E+001    -0.35149856E+004     0.40712208E+004     0.11819207E+000    -0.75004297E-001
     0.55123988E+000     0.16039720E+002     0.73305506E+001    -0.35235675E+004     0.40530854E+004     0.11779204E+000    -0.74778112E-001
     0.55160737E+000     0.15656365E+002     0.73241941E+001    -0.35319983E+004     0.40349532E+004     0.11739418E+000    -0.74553265E-001
     0.55197487E+000     0.15286703E+002     0.73124538E+001    -0.35402791E+004     0.40168256E+004     0.11699848E+000    -0.74329746E-001
     0.55234236E+000     0.14930139E+002     0.72958951E+001    -0.35484106E+004     0.39987040E+004     0.11660493E+000    -0.74107541E-001
     0.55270985E+000     0.14586102E+002     0.72750292E+001    -0.35563937E+004     0.39805900E+004     0.11621349E+000    -0.73886641E-001
     0.55307735E+000     0.14254047E+002     0.72503181E+001    -0.35642294E+004     0.39624849E+004     0.11582417E+000    -0.73667034E-001
     0.55344484E+000     0.13933453E+002     0.72221794E+001    -0.35719184E+004     0.39443902E+004     0.11543694E+000    -0.73448708E-001
     0.55381233E+000     0.13623821E+002     0.71909910E+001    -0.35794618E+004     0.39263071E+004     0.11505179E+000    -0.73231652E-001
     0.55417983E+000     0.13324677E+002     0.71570947E+001    -0.35868604E+004     0.39082372E+004     0.11466870E+000    -0.73015856E-001
     0.55454732E+000     0.13035570E+002     0.71207998E+001    -0.35941152E+004     0.38901817E+004     0.11428765E+000    -0.72801309E-001
     0.55491481E+000     0.12756067E+002     0.70823863E+001    -0.36012272E+004     0.38721419E+004     0.11390864E+000    -0.72587999E-001
     0.55528231E+000     0.12485759E+002     0.70421075E+001    -0.36081972E+004     0.38541191E+004     0.11353165E+000    -0.72375917E-001
     0.55564980E+000     0.12224254E+002     0.70001930E+001    -0.36150263E+004     0.38361147E+004     0.11315666E+000    -0.72165052E-001
     0.55601729E+000     0.11971180E+002     0.69568504E+001    -0.36217154E+004     0.38181297E+004     0.11278365E+000    -0.71955394E-001
     0.55638479E+000     0.11726184E+002     0.69122681E+001    -0.36282656E+004     0.38001656E+004     0.11241262E+000    -0.71746932E-001
     0.55675228E+000     0.11488928E+002     0.68666163E+001    -0.36346777E+004     0.37822234E+004     0.11204354E+000    -0.71539657E-001
     0.55711977E+000     0.11259091E+002     0.68200495E+001    -0.36409529E+004     0.37643044E+004     0.11167641E+000    -0.71333557E-001
     0.55748727E+000     0.11036369E+002     0.67727074E+001    -0.36470920E+004     0.37464097E+004     0.11131121E+000    -0.71128624E-001
     0.55785476E+000     0.10820470E+002     0.67247164E+001    -0.36530962E+004     0.37285404E+004     0.11094792E+000    -0.70924847E-001
     0.55822225E+000     0.10611117E+002     0.66761913E+001    -0.36589664E+004     0.37106977E+004     0.11058654E+000    -0.70722217E-001
     0.55858975E+000     0.10408049E+002     0.66272357E+001    -0.36647036E+004     0.36928827E+004     0.11022704E+000    -0.70520725E-001
     0.55895724E+000     0.10211013E+002     0.65779435E+001    -0.36703089E+004     0.36750964E+004     0.10986942E+000    -0.70320360E-001
     0.55932473E+000     0.10019770E+002     0.65283995E+001    -0.36757833E+004     0.36573400E+004     0.10951365E+000    -0.70121114E-001
     0.55969223E+000     0.98340944E+001     0.64786805E+001    -0.36811279E+004     0.36396143E+004     0.10915974E+000    -0.69922976E-001
     0.56005972E+000     0.96537680E+001     0.64288559E+001    -0.36863437E+004     0.36219206E+004     0.10880766E+000    -0.69725938E-001
     0.56042721E+000     0.94785844E+001     0.63789882E+001    -0.36914317E+004     0.36042596E+004     0.10845739E+000    -0.69529991E-001
     0.56079471E+000     0.93083468E+001     0.63291339E+001    -0.36963930E+004     0.35866325E+004     0.10810894E+000    -0.69335126E-001
     0.56116220E+000     0.91428672E+001     0.62793441E+001    -0.37012286E+004     0.35690401E+004     0.10776228E+000    -0.69141334E-001
     0.56152969E+000     0.89819665E+001     0.62296645E+001    -0.37059397E+004     0.35514834E+004     0.10741741E+000    -0.68948606E-001
     0.56189719E+000     0.88254738E+001     0.61801364E+001    -0.37105272E+004     0.35339633E+004     0.10707430E+000    -0.68756933E-001
     0.56226468E+000     0.86732260E+001     0.61307969E+001    -0.37149922E+004     0.35164807E+004     0.10673295E+000    -0.68566307E-001
     0.56263217E+000     0.85250672E+001     0.60816792E+001    -0.37193357E+004     0.34990365E+004     0.10639335E+000    -0.68376718E-001
     0.56299967E+000     0.83808487E+001     0.60328130E+001    -0.37235590E+004     0.34816315E+004     0.10605547E+000    -0.68188160E-001
     0.56336716E+000     0.82404285E+001     0.59842250E+001    -0.37276629E+004     0.34642666E+004     0.10571932E+000    -0.68000623E-001
     0.56373465E+000     0.81036708E+001     0.59359387E+001    -0.37316486E+004     0.34469425E+004     0.10538487E+000    -0.67814099E-001
     0.56410214E+000     0.79704457E+001     0.58879752E+001    -0.37355171E+004     0.34296601E+004     0.10505212E+000    -0.67628580E-001
     0.56446964E+000     0.78406292E+001     0.58403532E+001    -0.37392696E+004     0.34124201E+004     0.10472106E+000    -0.67444058E-001
     0.56483713E+000     0.77141026E+001     0.57930891E+001    -0.37429070E+004     0.33952233E+004     0.10439166E+000    -0.67260524E-001
     0.56520462E+000     0.75907521E+001     0.57461973E+001    -0.37464305E+004     0.33780705E+004     0.10406393E+000    -0.67077971E-001
     0.56557212E+000     0.74704692E+001     0.56996905E+001    -0.37498411E+004     0.33609623E+004     0.10373785E+000    -0.66896392E-001
     0.56593961E+000     0.73531498E+001     0.56535796E+001    -0.37531399E+004     0.33438994E+004     0.10341340E+000    -0.66715777E-001
     0.56630710E+000     0.72386940E+001     0.56078740E+001    -0.37563280E+004     0.33268826E+004     0.10309058E+000    -0.66536120E-001
     0.56667460E+000     0.71270064E+001     0.55625819E+001    -0.37594063E+004     0.33099125E+004     0.10276937E+000    -0.66357413E-001
     0.56704209E+000     0.70179955E+001     0.55177100E+001    -0.37623760E+004     0.32929898E+004     0.10244977E+000    -0.66179648E-001
     0.56740958E+000     0.69115735E+001     0.54732640E+001    -0.37652382E+004     0.32761150E+004     0.10213176E+000    -0.66002819E-001
     0.56777708E+000     0.68076562E+001     0.54292486E+001    -0.37679939E+004     0.32592889E+004     0.10181534E+000    -0.65826916E-001
     0.56814457E+000     0.67061628E+001     0.53856674E+001    -0.37706441E+004     0.32425120E+004     0.10150048E+000    -0.65651934E-001
     0.56851206E+000     0.66070159E+001     0.53425233E+001    -0.37731900E+004     0.32257848E+004     0.10118718E+000    -0.65477865E-001
     0.56887956E+000     0.65101411E+001     0.52998182E+001    -0.37756325E+004     0.32091080E+004     0.10087544E+000    -0.65304702E-001
     0.56924705E+000     0.64154670E+001     0.52575536E+001    -0.37779728E+004     0.31924821E+004     0.10056523E+000    -0.65132438E-001
     0.56961454E+000     0.63229249E+001     0.52157301E+001    -0.37802118E+004     0.31759076E+004     0.10025655E+000    -0.64961065E-001
     0.56998204E+000     0.62324490E+001     0.51743478E+001    -0.37823507E+004     0.31593851E+004     0.99949392E-001    -0.64790577E-001
     0.57034953E+000     0.61439758E+001     0.51334063E+001    -0.37843904E+004     0.31429151E+004     0.99643740E-001    -0.64620967E-001
     0.57071702E+000     0.60574445E+001     0.50929047E+001    -0.37863321E+004     0.31264979E+004     0.99339586E-001    -0.64452228E-001
     0.57108452E+000     0.59727966E+001     0.50528416E+001    -0.37881766E+004     0.31101342E+004     0.99036920E-001    -0.64284354E-001
     0.57145201E+000     0.58899756E+001     0.50132153E+001    -0.37899252E+004     0.30938244E+004     0.98735731E-001    -0.64117337E-001
     0.57181950E+000     0.58089273E+001     0.49740238E+001    -0.37915788E+004     0.30775688E+004     0.98436010E-001    -0.63951172E-001
     0.57218700E+000     0.57295996E+001     0.49352646E+001    -0.37931384E+004     0.30613680E+004     0.98137747E-001    -0.63785851E-001
     0.57255449E+000     0.56519421E+001     0.48969350E+001    -0.37946050E+004     0.30452223E+004     0.97840932E-001    -0.63621368E-001
     0.57292198E+000     0.55759066E+001     0.48590321E+001    -0.37959797E+004     0.30291322E+004     0.97545556E-001    -0.63457716E-001
     0.57328948E+000     0.55014463E+001     0.48215528E+001    -0.37972635E+004     0.30130980E+004     0.97251609E-001    -0.63294891E-001
     0.57365697E+000     0.54285164E+001     0.47844937E+001    -0.37984574E+004     0.29971200E+004     0.96959081E-001    -0.63132884E-001
     0.57402446E+000     0.53570735E+001     0.47478512E+001    -0.37995623E+004     0.29811988E+004     0.96667964E-001    -0.62971690E-001
     0.57439196E+000     0.52870759E+001     0.47116217E+001    -0.38005794E+004     0.29653345E+004     0.96378247E-001    -0.62811303E-001
     0.57475945E+000     0.52184833E+001     0.46758012E+001    -0.38015096E+004     0.29495276E+004     0.96089922E-001    -0.62651716E-001
     0.57512694E+000     0.51512569E+001     0.46403860E+001    -0.38023538E+004     0.29337782E+004     0.95802979E-001    -0.62492924E-001
     0.57549444E+000     0.50853592E+001     0.46053718E+001    -0.38031130E+004     0.29180869E+004     0.95517409E-001    -0.62334921E-001
     0.57586193E+000     0.50207539E+001     0.45707545E+001    -0.38037883E+004     0.29024538E+004     0.95233204E-001    -0.62177700E-001
     0.57622942E+000     0.49574062E+001     0.45365300E+001    -0.38043807E+004     0.28868792E+004     0.94950354E-001    -0.62021256E-001
     0.57659692E+000     0.48952823E+001     0.45026939E+001    -0.38048909E+004     0.28713633E+004     0.94668850E-001    -0.61865583E-001
     0.57696441E+000     0.48343497E+001     0.44692418E+001    -0.38053202E+004     0.28559065E+004     0.94388685E-001    -0.61710675E-001
     0.57733190E+000     0.47745769E+001     0.44361694E+001    -0.38056693E+004     0.28405090E+004     0.94109848E-001    -0.61556527E-001
     0.57769940E+000     0.47159333E+001     0.44034723E+001    -0.38059392E+004     0.28251710E+004     0.93832331E-001    -0.61403133E-001
     0.57806689E+000     0.46583898E+001     0.43711461E+001    -0.38061310E+004     0.28098928E+004     0.93556127E-001    -0.61250487E-001
     0.57843438E+000     0.46019177E+001     0.43391862E+001    -0.38062454E+004     0.27946745E+004     0.93281225E-001    -0.61098584E-001
     0.57880188E+000     0.45464896E+001     0.43075881E+001    -0.38062836E+004     0.27795163E+004     0.93007619E-001    -0.60947419E-001
     0.57916937E+000     0.44920788E+001     0.42763476E+001    -0.38062463E+004     0.27644184E+004     0.92735299E-001    -0.60796985E-001
     0.57953686E+000     0.44386598E+001     0.42454599E+001    -0.38061345E+004     0.27493811E+004     0.92464257E-001    -0.60647278E-001
     0.57990435E+000     0.43862074E+001     0.42149208E+001    -0.38059491E+004     0.27344044E+004     0.92194486E-001    -0.60498292E-001
     0.58027185E+000     0.43346977E+001     0.41847257E+001    -0.38056911E+004     0.27194885E+004     0.91925976E-001    -0.60350022E-001
     0.58063934E+000     0.42841072E+001     0.41548703E+001    -0.38053613E+004     0.27046337E+004     0.91658720E-001    -0.60202463E-001
     0.58100683E+000     0.42344135E+001     0.41253500E+001    -0.38049606E+004     0.26898399E+004     0.91392711E-001    -0.60055609E-001
     0.58137433E+000     0.41855944E+001     0.40961606E+001    -0.38044899E+004     0.26751073E+004     0.91127938E-001    -0.59909456E-001
     0.58174182E+000     0.41376289E+001     0.40672977E+001    -0.38039502E+004     0.26604361E+004     0.90864397E-001    -0.59763999E-001
     0.58210931E+000     0.40904964E+001     0.40387570E+001    -0.38033422E+004     0.26458264E+004     0.90602077E-001    -0.59619232E-001
     0.58247681E+000     0.40441769E+001     0.40105341E+001    -0.38026668E+004     0.26312782E+004     0.90340972E-001    -0.59475150E-001
     0.58284430E+000     0.39986511E+001     0.39826248E+001    -0.38019250E+004     0.26167917E+004     0.90081073E-001    -0.59331749E-001
     0.58321179E+000     0.39539003E+001     0.39550250E+001    -0.38011175E+004     0.26023669E+004     0.89822374E-001    -0.59189023E-001
     0.58357929E+000     0.39099063E+001     0.39277303E+001    -0.38002453E+004     0.25880039E+004     0.89564866E-001    -0.59046968E-001
     0.58394678E+000     0.38666514E+001     0.39007368E+001    -0.37993091E+004     0.25737027E+004     0.89308543E-001    -0.58905580E-001
     0.58431427E+000     0.38241187E+001     0.38740403E+001    -0.37983098E+004     0.25594635E+004     0.89053396E-001    -0.58764852E-001
     0.58468177E+000     0.37822913E+001     0.38476367E+001    -0.37972483E+004     0.25452862E+004     0.88799419E-001    -0.58624781E-001
     0.58504926E+000     0.37411534E+001     0.38215222E+001    -0.37961253E+004     0.25311709E+004     0.88546604E-001    -0.58485362E-001
     0.58541675E+000     0.37006891E+001     0.37956926E+001    -0.37949416E+004     0.25171177E+004     0.88294944E-001    -0.58346590E-001
     0.58578425E+000     0.36608833E+001     0.37701442E+001    -0.37936982E+004     0.25031265E+004     0.88044431E-001    -0.58208461E-001
     0.58615174E+000     0.36217213E+001     0.37448730E+001    -0.37923957E+004     0.24891973E+004     0.87795058E-001    -0.58070970E-001
     0.58651923E+000     0.35831887E+001     0.37198752E+001    -0.37910350E+004     0.24753303E+004     0.87546820E-001    -0.57934113E-001
     0.58688673E+000     0.35452716E+001     0.36951472E+001    -0.37896169E+004     0.24615253E+004     0.87299707E-001    -0.57797885E-001
     0.58725422E+000     0.35079565E+001     0.36706851E+001    -0.37881421E+004     0.24477824E+004     0.87053714E-001    -0.57662282E-001
     0.58762171E+000     0.34712302E+001     0.36464853E+001    -0.37866115E+004     0.24341016E+004     0.86808834E-001    -0.57527300E-001
     0.58798921E+000     0.34350799E+001     0.36225442E+001    -0.37850257E+004     0.24204828E+004     0.86565059E-001    -0.57392934E-001
     0.58835670E+000     0.33994933E+001     0.35988582E+001    -0.37833856E+004     0.24069260E+004     0.86322383E-001    -0.57259179E-001
     0.58872419E+000     0.33644582E+001     0.35754238E+001    -0.37816920E+004     0.23934312E+004     0.86080799E-001    -0.57126033E-001
     0.58909169E+000     0.33299628E+001     0.35522376E+001    -0.37799455E+004     0.23799983E+004     0.85840301E-001    -0.56993489E-001
     0.58945918E+000     0.32959958E+001     0.35292961E+001    -0.37781469E+004     0.23666274E+004     0.85600881E-001    -0.56861546E-001
     0.58982667E+000     0.32625460E+001     0.35065960E+001    -0.37762970E+004     0.23533183E+004     0.85362534E-001    -0.56730197E-001
     0.59019417E+000     0.32296026E+001     0.34841338E+001    -0.37743964E+004     0.23400709E+004     0.85125252E-001    -0.56599439E-001
     0.59056166E+000     0.31971550E+001     0.34619065E+001    -0.37724460E+004     0.23268853E+004     0.84889030E-001    -0.56469269E-001
     0.59092915E+000     0.31651930E+001     0.34399107E+001    -0.37704463E+004     0.23137614E+004     0.84653860E-001    -0.56339681E-001
     0.59129665E+000     0.31337066E+001     0.34181432E+001    -0.37683982E+004     0.23006990E+004     0.84419737E-001    -0.56210673E-001
     0.59166414E+000     0.31026861E+001     0.33966009E+001    -0.37663023E+004     0.22876982E+004     0.84186654E-001    -0.56082240E-001
     0.59203163E+000     0.30721220E+001     0.33752808E+001    -0.37641593E+004     0.22747587E+004     0.83954605E-001    -0.55954378E-001
     0.59239913E+000     0.30420052E+001     0.33541798E+001    -0.37619699E+004     0.22618806E+004     0.83723583E-001    -0.55827083E-001
     0.59276662E+000     0.30123265E+001     0.33332950E+001    -0.37597349E+004     0.22490638E+004     0.83493583E-001    -0.55700352E-001
     0.59313411E+000     0.29830773E+001     0.33126232E+001    -0.37574547E+004     0.22363080E+004     0.83264598E-001    -0.55574180E-001
     0.59350161E+000     0.29542490E+001     0.32921618E+001    -0.37551303E+004     0.22236133E+004     0.83036622E-001    -0.55448565E-001
     0.59386910E+000     0.29258334E+001     0.32719077E+001    -0.37527621E+004     0.22109795E+004     0.82809650E-001    -0.55323501E-001
     0.59423659E+000     0.28978223E+001     0.32518582E+001    -0.37503509E+004     0.21984066E+004     0.82583674E-001    -0.55198987E-001
     0.59460409E+000     0.28702078E+001     0.32320106E+001    -0.37478972E+004     0.21858943E+004     0.82358690E-001    -0.55075017E-001
     0.59497158E+000     0.28429822E+001     0.32123620E+001    -0.37454019E+004     0.21734426E+004     0.82134691E-001    -0.54951588E-001
     0.59533907E+000     0.28161380E+001     0.31929099E+001    -0.37428654E+004     0.21610513E+004     0.81911672E-001    -0.54828697E-001
     0.59570656E+000     0.27896679E+001     0.31736515E+001    -0.37402884E+004     0.21487204E+004     0.81689626E-001    -0.54706339E-001
     0.59607406E+000     0.27635647E+001     0.31545843E+001    -0.37376715E+004     0.21364496E+004     0.81468548E-001    -0.54584513E-001
     0.59644155E+000     0.27378215E+001     0.31357056E+001    -0.37350154E+004     0.21242388E+004     0.81248433E-001    -0.54463213E-001
     0.59680904E+000     0.27124315E+001     0.31170131E+001    -0.37323207E+004     0.21120880E+004     0.81029273E-001    -0.54342437E-001
     0.59717654E+000     0.26873879E+001     0.30985041E+001    -0.37295879E+004     0.20999969E+004     0.80811065E-001    -0.54222181E-001
     0.59754403E+000     0.26626845E+001     0.30801763E+001    -0.37268177E+004     0.20879654E+004     0.80593802E-001    -0.54102441E-001
     0.59791152E+000     0.26383148E+001     0.30620272E+001    -0.37240107E+004     0.20759934E+004     0.80377479E-001    -0.53983215E-001
     0.59827902E+000     0.26142726E+001     0.30440545E+001    -0.37211673E+004     0.20640807E+004     0.80162090E-001    -0.53864499E-001
     0.59864651E+000     0.25905519E+001     0.30262559E+001    -0.37182883E+004     0.20522271E+004     0.79947630E-001    -0.53746289E-001
     0.59901400E+000     0.25671470E+001     0.30086289E+001    -0.37153743E+004     0.20404325E+004     0.79734093E-001    -0.53628583E-001
     0.59938150E+000     0.25440519E+001     0.29911715E+001    -0.37124256E+004     0.20286966E+004     0.79521474E-001    -0.53511376E-001
     0.59974899E+000     0.25212610E+001     0.29738813E+001    -0.37094430E+004     0.20170195E+004     0.79309768E-001    -0.53394667E-001
     0.60011648E+000     0.24987690E+001     0.29567562E+001    -0.37064270E+004     0.20054008E+004     0.79098969E-001    -0.53278450E-001
     0.60048398E+000     0.24765705E+001     0.29397940E+001    -0.37033780E+004     0.19938403E+004     0.78889072E-001    -0.53162725E-001
     0.60085147E+000     0.24546602E+001     0.29229927E+001    -0.37002968E+004     0.19823381E+004     0.78680072E-001    -0.53047486E-001
     0.60121896E+000     0.24330329E+001     0.29063500E+001    -0.36971837E+004     0.19708937E+004     0.78471964E-001    -0.52932732E-001
     0.60158646E+000     0.24116838E+001     0.28898640E+001    -0.36940394E+004     0.19595071E+004     0.78264742E-001    -0.52818458E-001
     0.60195395E+000     0.23906079E+001     0.28735326E+001    -0.36908644E+004     0.19481781E+004     0.78058401E-001    -0.52704663E-001
     0.60232144E+000     0.23698004E+001     0.28573538E+001    -0.36876591E+004     0.19369065E+004     0.77852937E-001    -0.52591342E-001
     0.60268894E+000     0.23492567E+001     0.28413257E+001    -0.36844241E+004     0.19256920E+004     0.77648344E-001    -0.52478493E-001
     0.60305643E+000     0.23289722E+001     0.28254464E+001    -0.36811599E+004     0.19145346E+004     0.77444618E-001    -0.52366113E-001
     0.60342392E+000     0.23089424E+001     0.28097139E+001    -0.36778670E+004     0.19034340E+004     0.77241753E-001    -0.52254199E-001
     0.60379142E+000     0.22891630E+001     0.27941264E+001    -0.36745459E+004     0.18923900E+004     0.77039744E-001    -0.52142748E-001
     0.60415891E+000     0.22696298E+001     0.27786821E+001    -0.36711971E+004     0.18814024E+004     0.76838587E-001    -0.52031757E-001
     0.60452640E+000     0.22503384E+001     0.27633790E+001    -0.36678211E+004     0.18704711E+004     0.76638277E-001    -0.51921223E-001
     0.60489390E+000     0.22312849E+001     0.27482155E+001    -0.36644183E+004     0.18595958E+004     0.76438808E-001    -0.51811143E-001
     0.60526139E+000     0.22124653E+001     0.27331898E+001    -0.36609892E+004     0.18487763E+004     0.76240177E-001    -0.51701514E-001
     0.60562888E+000     0.21938756E+001     0.27183001E+001    -0.36575343E+004     0.18380124E+004     0.76042378E-001    -0.51592334E-001
     0.60599638E+000     0.21755120E+001     0.27035448E+001    -0.36540541E+004     0.18273039E+004     0.75845406E-001    -0.51483600E-001
     0.60636387E+000     0.21573707E+001     0.26889222E+001    -0.36505490E+004     0.18166506E+004     0.75649258E-001    -0.51375309E-001
     0.60673136E+000     0.21394482E+001     0.26744306E+001    -0.36470195E+004     0.18060524E+004     0.75453928E-001    -0.51267458E-001
     0.60709886E+000     0.21217407E+001     0.26600683E+001    -0.36434660E+004     0.17955089E+004     0.75259412E-001    -0.51160044E-001
     0.60746635E+000     0.21042449E+001     0.26458339E+001    -0.36398889E+004     0.17850199E+004     0.75065705E-001    -0.51053066E-001
     0.60783384E+000     0.20869571E+001     0.26317257E+001    -0.36362887E+004     0.17745854E+004     0.74872802E-001    -0.50946519E-001
     0.60820134E+000     0.20698742E+001     0.26177422E+001    -0.36326659E+004     0.17642049E+004     0.74680700E-001    -0.50840402E-001
     0.60856883E+000     0.20529927E+001     0.26038818E+001    -0.36290208E+004     0.17538784E+004     0.74489393E-001    -0.50734711E-001
     0.60893632E+000     0.20363095E+001     0.25901430E+001    -0.36253538E+004     0.17436056E+004     0.74298878E-001    -0.50629445E-001
     0.60930382E+000     0.20198213E+001     0.25765244E+001    -0.36216655E+004     0.17333863E+004     0.74109149E-001    -0.50524600E-001
     0.60967131E+000     0.20035251E+001     0.25630244E+001    -0.36179561E+004     0.17232203E+004     0.73920203E-001    -0.50420175E-001
     0.61003880E+000     0.19874179E+001     0.25496418E+001    -0.36142262E+004     0.17131073E+004     0.73732035E-001    -0.50316165E-001
     0.61040629E+000     0.19714966E+001     0.25363749E+001    -0.36104760E+004     0.17030472E+004     0.73544640E-001    -0.50212570E-001
     0.61077379E+000     0.19557583E+001     0.25232225E+001    -0.36067061E+004     0.16930396E+004     0.73358016E-001    -0.50109386E-001
     0.61114128E+000     0.19402002E+001     0.25101832E+001    -0.36029168E+004     0.16830845E+004     0.73172156E-001    -0.50006611E-001
     0.61150877E+000     0.19248195E+001     0.24972556E+001    -0.35991084E+004     0.16731815E+004     0.72987057E-001    -0.49904242E-001
     0.61187627E+000     0.19096135E+001     0.24844383E+001    -0.35952814E+004     0.16633304E+004     0.72802715E-001    -0.49802278E-001
     0.61224376E+000     0.18945793E+001     0.24717302E+001    -0.35914361E+004     0.16535311E+004     0.72619126E-001    -0.49700715E-001
     0.61261125E+000     0.18797145E+001     0.24591298E+001    -0.35875730E+004     0.16437833E+004     0.72436285E-001    -0.49599551E-001
     0.61297875E+000     0.18650164E+001     0.24466359E+001    -0.35836923E+004     0.16340867E+004     0.72254189E-001    -0.49498783E-001
     0.61334624E+000     0.18504825E+001     0.24342472E+001    -0.35797944E+004     0.16244411E+004     0.72072832E-001    -0.49398411E-001
     0.61371373E+000     0.18361102E+001     0.24219626E+001    -0.35758798E+004     0.16148464E+004     0.71892213E-001    -0.49298430E-001
     0.61408123E+000     0.18218972E+001     0.24097807E+001    -0.35719487E+004     0.16053023E+004     0.71712325E-001    -0.49198839E-001
     0.61444872E+000     0.18078411E+001     0.23977004E+001    -0.35680016E+004     0.15958085E+004     0.71533165E-001    -0.49099635E-001
     0.61481621E+000     0.17939395E+001     0.23857206E+001    -0.35640387E+004     0.15863648E+004     0.71354730E-001    -0.49000816E-001
     0.61518371E+000     0.17801901E+001     0.23738400E+001    -0.35600604E+004     0.15769710E+004     0.71177015E-001    -0.48902380E-001
     0.61555120E+000     0.17665906E+001     0.23620574E+001    -0.35560670E+004     0.15676269E+004     0.71000017E-001    -0.48804325E-001
     0.61591869E+000     0.17531389E+001     0.23503718E+001    -0.35520589E+004     0.15583322E+004     0.70823731E-001    -0.48706647E-001
     0.61628619E+000     0.17398328E+001     0.23387821E+001    -0.35480364E+004     0.15490868E+004     0.70648154E-001    -0.48609346E-001
     0.61665368E+000     0.17266701E+001     0.23272871E+001    -0.35439998E+004     0.15398903E+004     0.70473282E-001    -0.48512419E-001
     0.61702117E+000     0.17136487E+001     0.23158858E+001    -0.35399494E+004     0.15307426E+004     0.70299110E-001    -0.48415863E-001
     0.61738867E+000     0.17007666E+001     0.23045771E+001    -0.35358856E+004     0.15216434E+004     0.70125636E-001    -0.48319677E-001
     0.61775616E+000     0.16880218E+001     0.22933599E+001    -0.35318087E+004     0.15125924E+004     0.69952856E-001    -0.48223859E-001
     0.61812365E+000     0.16754122E+001     0.22822332E+001    -0.35277189E+004     0.15035896E+004     0.69780765E-001    -0.48128405E-001
     0.61849115E+000     0.16629360E+001     0.22711960E+001    -0.35236166E+004     0.14946345E+004     0.69609360E-001    -0.48033315E-001
     0.61885864E+000     0.16505913E+001     0.22602473E+001    -0.35195021E+004     0.14857271E+004     0.69438638E-001    -0.47938585E-001
     0.61922613E+000     0.16383761E+001     0.22493860E+001    -0.35153757E+004     0.14768670E+004     0.69268595E-001    -0.47844214E-001
     0.61959363E+000     0.16262887E+001     0.22386113E+001    -0.35112377E+004     0.14680541E+004     0.69099226E-001    -0.47750201E-001
     0.61996112E+000     0.16143271E+001     0.22279221E+001    -0.35070883E+004     0.14592880E+004     0.68930529E-001    -0.47656541E-001
     0.62032861E+000     0.16024898E+001     0.22173175E+001    -0.35029279E+004     0.14505687E+004     0.68762501E-001    -0.47563235E-001
     0.62069611E+000     0.15907748E+001     0.22067965E+001    -0.34987566E+004     0.14418958E+004     0.68595136E-001    -0.47470279E-001
     0.62106360E+000     0.15791806E+001     0.21963582E+001    -0.34945749E+004     0.14332691E+004     0.68428433E-001    -0.47377672E-001
     0.62143109E+000     0.15677053E+001     0.21860018E+001    -0.34903830E+004     0.14246884E+004     0.68262386E-001    -0.47285412E-001
     0.62179859E+000     0.15563475E+001     0.21757263E+001    -0.34861811E+004     0.14161535E+004     0.68096994E-001    -0.47193497E-001
     0.62216608E+000     0.15451054E+001     0.21655308E+001    -0.34819696E+004     0.14076641E+004     0.67932252E-001    -0.47101924E-001
     0.62253357E+000     0.15339775E+001     0.21554144E+001    -0.34777486E+004     0.13992200E+004     0.67768157E-001    -0.47010692E-001
     0.62290107E+000     0.15229621E+001     0.21453763E+001    -0.34735184E+004     0.13908209E+004     0.67604706E-001    -0.46919799E-001
     0.62326856E+000     0.15120579E+001     0.21354157E+001    -0.34692794E+004     0.13824667E+004     0.67441895E-001    -0.46829242E-001
     0.62363605E+000     0.15012632E+001     0.21255317E+001    -0.34650317E+004     0.13741572E+004     0.67279721E-001    -0.46739021E-001
     0.62400355E+000     0.14905765E+001     0.21157234E+001    -0.34607756E+004     0.13658920E+004     0.67118180E-001    -0.46649133E-001
     0.62437104E+000     0.14799965E+001     0.21059901E+001    -0.34565114E+004     0.13576710E+004     0.66957270E-001    -0.46559577E-001
     0.62473853E+000     0.14695217E+001     0.20963310E+001    -0.34522392E+004     0.13494939E+004     0.66796986E-001    -0.46470350E-001
     0.62510603E+000     0.14591506E+001     0.20867452E+001    -0.34479594E+004     0.13413605E+004     0.66637326E-001    -0.46381450E-001
     0.62547352E+000     0.14488819E+001     0.20772320E+001    -0.34436721E+004     0.13332706E+004     0.66478287E-001    -0.46292876E-001
     0.62584101E+000     0.14387142E+001     0.20677906E+001    -0.34393776E+004     0.13252240E+004     0.66319864E-001    -0.46204626E-001
     0.62620850E+000     0.14286463E+001     0.20584202E+001    -0.34350762E+004     0.13172204E+004     0.66162056E-001    -0.46116699E-001
     0.62657600E+000     0.14186767E+001     0.20491201E+001    -0.34307680E+004     0.13092596E+004     0.66004858E-001    -0.46029092E-001
     0.62694349E+000     0.14088041E+001     0.20398896E+001    -0.34264533E+004     0.13013414E+004     0.65848268E-001    -0.45941803E-001
     0.62731098E+000     0.13990274E+001     0.20307279E+001    -0.34221322E+004     0.12934656E+004     0.65692282E-001    -0.45854831E-001
     0.62767848E+000     0.13893453E+001     0.20216343E+001    -0.34178051E+004     0.12856318E+004     0.65536897E-001    -0.45768174E-001
     0.62804597E+000     0.13797564E+001     0.20126081E+001    -0.34134722E+004     0.12778401E+004     0.65382111E-001    -0.45681831E-001
     0.62841346E+000     0.13702597E+001     0.20036486E+001    -0.34091336E+004     0.12700900E+004     0.65227919E-001    -0.45595799E-001
     0.62878096E+000     0.13608539E+001     0.19947551E+001    -0.34047895E+004     0.12623813E+004     0.65074320E-001    -0.45510077E-001
     0.62914845E+000     0.13515379E+001     0.19859269E+001    -0.34004402E+004     0.12547140E+004     0.64921310E-001    -0.45424663E-001
     0.62951594E+000     0.13423105E+001     0.19771633E+001    -0.33960859E+004     0.12470877E+004     0.64768886E-001    -0.45339556E-001
     0.62988344E+000     0.13331706E+001     0.19684637E+001    -0.33917267E+004     0.12395021E+004     0.64617044E-001    -0.45254754E-001
     0.63025093E+000     0.13241170E+001     0.19598274E+001    -0.33873629E+004     0.12319572E+004     0.64465783E-001    -0.45170255E-001
     0.63061842E+000     0.13151487E+001     0.19512538E+001    -0.33829946E+004     0.12244527E+004     0.64315098E-001    -0.45086057E-001
     0.63098592E+000     0.13062645E+001     0.19427422E+001    -0.33786221E+004     0.12169883E+004     0.64164988E-001    -0.45002160E-001
     0.63135341E+000     0.12974636E+001     0.19342920E+001    -0.33742455E+004     0.12095638E+004     0.64015449E-001    -0.44918560E-001
     0.63172090E+000     0.12887446E+001     0.19259026E+001    -0.33698651E+004     0.12021791E+004     0.63866477E-001    -0.44835258E-001
     0.63208840E+000     0.12801068E+001     0.19175733E+001    -0.33654809E+004     0.11948339E+004     0.63718072E-001    -0.44752250E-001
     0.63245589E+000     0.12715490E+001     0.19093036E+001    -0.33610933E+004     0.11875280E+004     0.63570228E-001    -0.44669536E-001
     0.63282338E+000     0.12630702E+001     0.19010928E+001    -0.33567023E+004     0.11802612E+004     0.63422945E-001    -0.44587114E-001
     0.63319088E+000     0.12546696E+001     0.18929404E+001    -0.33523081E+004     0.11730333E+004     0.63276218E-001    -0.44504983E-001
     0.63355837E+000     0.12463460E+001     0.18848458E+001    -0.33479110E+004     0.11658440E+004     0.63130045E-001    -0.44423140E-001
     0.63392586E+000     0.12380986E+001     0.18768084E+001    -0.33435111E+004     0.11586931E+004     0.62984423E-001    -0.44341584E-001
     0.63429336E+000     0.12299264E+001     0.18688276E+001    -0.33391085E+004     0.11515805E+004     0.62839349E-001    -0.44260314E-001
     0.63466085E+000     0.12218285E+001     0.18609029E+001    -0.33347034E+004     0.11445060E+004     0.62694821E-001    -0.44179329E-001
     0.63502834E+000     0.12138040E+001     0.18530336E+001    -0.33302961E+004     0.11374692E+004     0.62550836E-001    -0.44098626E-001
     0.63539584E+000     0.12058521E+001     0.18452194E+001    -0.33258866E+004     0.11304701E+004     0.62407391E-001    -0.44018204E-001
     0.63576333E+000     0.11979718E+001     0.18374596E+001    -0.33214751E+004     0.11235083E+004     0.62264484E-001    -0.43938062E-001
     0.63613082E+000     0.11901622E+001     0.18297537E+001    -0.33170618E+004     0.11165837E+004     0.62122111E-001    -0.43858199E-001
     0.63649832E+000     0.11824226E+001     0.18221011E+001    -0.33126468E+004     0.11096962E+004     0.61980270E-001    -0.43778612E-001
     0.63686581E+000     0.11747520E+001     0.18145015E+001    -0.33082302E+004     0.11028454E+004     0.61838958E-001    -0.43699300E-001
     0.63723330E+000     0.11671498E+001     0.18069541E+001    -0.33038123E+004     0.10960312E+004     0.61698174E-001    -0.43620263E-001
     0.63760080E+000     0.11596149E+001     0.17994586E+001    -0.32993932E+004     0.10892533E+004     0.61557913E-001    -0.43541498E-001
     0.63796829E+000     0.11521467E+001     0.17920143E+001    -0.32949730E+004     0.10825117E+004     0.61418174E-001    -0.43463004E-001
     0.63833578E+000     0.11447444E+001     0.17846210E+001    -0.32905519E+004     0.10758060E+004     0.61278954E-001    -0.43384779E-001
     0.63870328E+000     0.11374072E+001     0.17772779E+001    -0.32861299E+004     0.10691361E+004     0.61140250E-001    -0.43306823E-001
     0.63907077E+000     0.11301342E+001     0.17699848E+001    -0.32817073E+004     0.10625017E+004     0.61002060E-001    -0.43229134E-001
     0.63943826E+000     0.11229249E+001     0.17627410E+001    -0.32772842E+004     0.10559027E+004     0.60864381E-001    -0.43151710E-001
     0.63980576E+000     0.11157783E+001     0.17555461E+001    -0.32728607E+004     0.10493389E+004     0.60727210E-001    -0.43074550E-001
     0.64017325E+000     0.11086939E+001     0.17483996E+001    -0.32684370E+004     0.10428101E+004     0.60590546E-001    -0.42997653E-001
     0.64054074E+000     0.11016708E+001     0.17413012E+001    -0.32640131E+004     0.10363160E+004     0.60454386E-001    -0.42921018E-001
     0.64090824E+000     0.10947084E+001     0.17342503E+001    -0.32595893E+004     0.10298565E+004     0.60318727E-001    -0.42844642E-001
     0.64127573E+000     0.10878059E+001     0.17272465E+001    -0.32551656E+004     0.10234314E+004     0.60183566E-001    -0.42768525E-001
     0.64164322E+000     0.10809628E+001     0.17202893E+001    -0.32507422E+004     0.10170405E+004     0.60048902E-001    -0.42692666E-001
     0.64201071E+000     0.10741782E+001     0.17133783E+001    -0.32463191E+004     0.10106836E+004     0.59914732E-001    -0.42617062E-001
     0.64237821E+000     0.10674515E+001     0.17065131E+001    -0.32418966E+004     0.10043605E+004     0.59781053E-001    -0.42541713E-001
     0.64274570E+000     0.10607821E+001     0.16996932E+001    -0.32374747E+004     0.99807095E+003     0.59647863E-001    -0.42466618E-001
     0.64311319E+000     0.10541694E+001     0.16929183E+001    -0.32330535E+004     0.99181487E+003     0.59515160E-001    -0.42391775E-001
     0.64348069E+000     0.10476126E+001     0.16861879E+001    -0.32286332E+004     0.98559203E+003     0.59382941E-001    -0.42317183E-001
     0.64384818E+000     0.10411111E+001     0.16795016E+001    -0.32242139E+004     0.97940222E+003     0.59251204E-001    -0.42242840E-001
     0.64421567E+000     0.10346644E+001     0.16728589E+001    -0.32197957E+004     0.97324527E+003     0.59119946E-001    -0.42168746E-001
     0.64458317E+000     0.10282718E+001     0.16662596E+001    -0.32153787E+004     0.96712099E+003     0.58989166E-001    -0.42094899E-001
     0.64495066E+000     0.10219327E+001     0.16597031E+001    -0.32109630E+004     0.96102919E+003     0.58858861E-001    -0.42021297E-001
     0.64531815E+000     0.10156464E+001     0.16531891E+001    -0.32065488E+004     0.95496968E+003     0.58729028E-001    -0.41947941E-001
     0.64568565E+000     0.10094126E+001     0.16467173E+001    -0.32021360E+004     0.94894229E+003     0.58599665E-001    -0.41874827E-001
     0.64605314E+000     0.10032304E+001     0.16402872E+001    -0.31977249E+004     0.94294682E+003     0.58470770E-001    -0.41801956E-001
     0.64642063E+000     0.99709944E+000     0.16338984E+001    -0.31933155E+004     0.93698310E+003     0.58342342E-001    -0.41729326E-001
     0.64678813E+000     0.99101907E+000     0.16275506E+001    -0.31889080E+004     0.93105094E+003     0.58214376E-001    -0.41656935E-001
     0.64715562E+000     0.98498874E+000     0.16212434E+001    -0.31845024E+004     0.92515017E+003     0.58086872E-001    -0.41584784E-001
     0.64752311E+000     0.97900792E+000     0.16149764E+001    -0.31800988E+004     0.91928059E+003     0.57959827E-001    -0.41512869E-001
     0.64789061E+000     0.97307607E+000     0.16087493E+001    -0.31756974E+004     0.91344204E+003     0.57833239E-001    -0.41441191E-001
     0.64825810E+000     0.96719264E+000     0.16025617E+001    -0.31712982E+004     0.90763434E+003     0.57707106E-001    -0.41369748E-001
     0.64862559E+000     0.96135711E+000     0.15964133E+001    -0.31669013E+004     0.90185730E+003     0.57581425E-001    -0.41298538E-001
     0.64899309E+000     0.95556897E+000     0.15903037E+001    -0.31625068E+004     0.89611076E+003     0.57456194E-001    -0.41227561E-001
     0.64936058E+000     0.94982771E+000     0.15842326E+001    -0.31581148E+004     0.89039453E+003     0.57331411E-001    -0.41156816E-001
     0.64972807E+000     0.94413281E+000     0.15781996E+001    -0.31537254E+004     0.88470844E+003     0.57207075E-001    -0.41086302E-001
     0.65009557E+000     0.93848379E+000     0.15722044E+001    -0.31493387E+004     0.87905232E+003     0.57083182E-001    -0.41016016E-001
     0.65046306E+000     0.93288015E+000     0.15662467E+001    -0.31449547E+004     0.87342600E+003     0.56959731E-001    -0.40945959E-001
     0.65083055E+000     0.92732140E+000     0.15603261E+001    -0.31405736E+004     0.86782929E+003     0.56836720E-001    -0.40876129E-001
     0.65119805E+000     0.92180708E+000     0.15544423E+001    -0.31361954E+004     0.86226204E+003     0.56714146E-001    -0.40806525E-001
     0.65156554E+000     0.91633670E+000     0.15485949E+001    -0.31318203E+004     0.85672407E+003     0.56592008E-001    -0.40737145E-001
     0.65193303E+000     0.91090981E+000     0.15427838E+001    -0.31274482E+004     0.85121522E+003     0.56470303E-001    -0.40667990E-001
     0.65230053E+000     0.90552595E+000     0.15370085E+001    -0.31230793E+004     0.84573531E+003     0.56349030E-001    -0.40599057E-001
     0.65266802E+000     0.90018466E+000     0.15312687E+001    -0.31187136E+004     0.84028417E+003     0.56228185E-001    -0.40530346E-001
     0.65303551E+000     0.89488550E+000     0.15255641E+001    -0.31143513E+004     0.83486165E+003     0.56107769E-001    -0.40461855E-001
     0.65340301E+000     0.88962802E+000     0.15198945E+001    -0.31099924E+004     0.82946757E+003     0.55987777E-001    -0.40393583E-001
     0.65377050E+000     0.88441180E+000     0.15142595E+001    -0.31056369E+004     0.82410177E+003     0.55868209E-001    -0.40325531E-001
     0.65413799E+000     0.87923639E+000     0.15086588E+001    -0.31012850E+004     0.81876409E+003     0.55749062E-001    -0.40257695E-001
     0.65450549E+000     0.87410139E+000     0.15030922E+001    -0.30969367E+004     0.81345436E+003     0.55630334E-001    -0.40190076E-001
     0.65487298E+000     0.86900637E+000     0.14975593E+001    -0.30925921E+004     0.80817242E+003     0.55512024E-001    -0.40122672E-001
     0.65524047E+000     0.86395092E+000     0.14920598E+001    -0.30882513E+004     0.80291811E+003     0.55394129E-001    -0.40055482E-001
     0.65560797E+000     0.85893464E+000     0.14865936E+001    -0.30839143E+004     0.79769128E+003     0.55276647E-001    -0.39988505E-001
     0.65597546E+000     0.85395711E+000     0.14811602E+001    -0.30795812E+004     0.79249175E+003     0.55159577E-001    -0.39921741E-001
     0.65634295E+000     0.84901795E+000     0.14757594E+001    -0.30752520E+004     0.78731937E+003     0.55042916E-001    -0.39855188E-001
     0.65671044E+000     0.84411676E+000     0.14703909E+001    -0.30709269E+004     0.78217399E+003     0.54926663E-001    -0.39788845E-001
     0.65707794E+000     0.83925316E+000     0.14650545E+001    -0.30666059E+004     0.77705545E+003     0.54810816E-001    -0.39722711E-001
     0.65744543E+000     0.83442677E+000     0.14597499E+001    -0.30622890E+004     0.77196359E+003     0.54695373E-001    -0.39656785E-001
     0.65781292E+000     0.82963720E+000     0.14544768E+001    -0.30579763E+004     0.76689826E+003     0.54580331E-001    -0.39591067E-001
     0.65818042E+000     0.82488409E+000     0.14492350E+001    -0.30536679E+004     0.76185929E+003     0.54465690E-001    -0.39525555E-001
     0.65854791E+000     0.82016707E+000     0.14440241E+001    -0.30493638E+004     0.75684655E+003     0.54351447E-001    -0.39460248E-001
     0.65891540E+000     0.81548578E+000     0.14388441E+001    -0.30450641E+004     0.75185987E+003     0.54237600E-001    -0.39395145E-001
     0.65928290E+000     0.81083986E+000     0.14336945E+001    -0.30407689E+004     0.74689911E+003     0.54124148E-001    -0.39330246E-001
     0.65965039E+000     0.80622896E+000     0.14285751E+001    -0.30364782E+004     0.74196412E+003     0.54011089E-001    -0.39265549E-001
     0.66001788E+000     0.80165273E+000     0.14234857E+001    -0.30321920E+004     0.73705473E+003     0.53898421E-001    -0.39201053E-001
     0.66038538E+000     0.79711082E+000     0.14184260E+001    -0.30279104E+004     0.73217082E+003     0.53786141E-001    -0.39136758E-001
     0.66075287E+000     0.79260290E+000     0.14133959E+001    -0.30236335E+004     0.72731222E+003     0.53674250E-001    -0.39072663E-001
     0.66112036E+000     0.78812862E+000     0.14083950E+001    -0.30193613E+004     0.72247879E+003     0.53562743E-001    -0.39008766E-001
     0.66148786E+000     0.78368766E+000     0.14034230E+001    -0.30150939E+004     0.71767039E+003     0.53451621E-001    -0.38945067E-001
     0.66185535E+000     0.77927969E+000     0.13984799E+001    -0.30108313E+004     0.71288686E+003     0.53340880E-001    -0.38881565E-001
     0.66222284E+000     0.77490439E+000     0.13935653E+001    -0.30065735E+004     0.70812807E+003     0.53230520E-001    -0.38818258E-001
     0.66259034E+000     0.77056143E+000     0.13886790E+001    -0.30023207E+004     0.70339386E+003     0.53120538E-001    -0.38755147E-001
     0.66295783E+000     0.76625051E+000     0.13838208E+001    -0.29980728E+004     0.69868410E+003     0.53010933E-001    -0.38692230E-001
     0.66332532E+000     0.76197130E+000     0.13789905E+001    -0.29938300E+004     0.69399865E+003     0.52901703E-001    -0.38629506E-001
     0.66369282E+000     0.75772351E+000     0.13741877E+001    -0.29895921E+004     0.68933736E+003     0.52792846E-001    -0.38566974E-001
     0.66406031E+000     0.75350682E+000     0.13694124E+001    -0.29853594E+004     0.68470009E+003     0.52684361E-001    -0.38504633E-001
     0.66442780E+000     0.74932094E+000     0.13646643E+001    -0.29811318E+004     0.68008670E+003     0.52576246E-001    -0.38442483E-001
     0.66479530E+000     0.74516557E+000     0.13599431E+001    -0.29769095E+004     0.67549706E+003     0.52468499E-001    -0.38380523E-001
     0.66516279E+000     0.74104042E+000     0.13552486E+001    -0.29726923E+004     0.67093102E+003     0.52361119E-001    -0.38318752E-001
     0.66553028E+000     0.73694520E+000     0.13505807E+001    -0.29684804E+004     0.66638845E+003     0.52254103E-001    -0.38257168E-001
     0.66589778E+000     0.73287962E+000     0.13459392E+001    -0.29642738E+004     0.66186921E+003     0.52147451E-001    -0.38195772E-001
     0.66626527E+000     0.72884339E+000     0.13413237E+001    -0.29600726E+004     0.65737316E+003     0.52041161E-001    -0.38134562E-001
     0.66663276E+000     0.72483625E+000     0.13367342E+001    -0.29558767E+004     0.65290018E+003     0.51935231E-001    -0.38073537E-001
     0.66700026E+000     0.72085792E+000     0.13321703E+001    -0.29516863E+004     0.64845012E+003     0.51829658E-001    -0.38012696E-001
     0.66736775E+000     0.71690811E+000     0.13276320E+001    -0.29475013E+004     0.64402285E+003     0.51724443E-001    -0.37952040E-001
     0.66773524E+000     0.71298657E+000     0.13231190E+001    -0.29433219E+004     0.63961825E+003     0.51619583E-001    -0.37891566E-001
     0.66810274E+000     0.70909302E+000     0.13186310E+001    -0.29391479E+004     0.63523617E+003     0.51515076E-001    -0.37831275E-001
     0.66847023E+000     0.70522721E+000     0.13141680E+001    -0.29349796E+004     0.63087649E+003     0.51410922E-001    -0.37771164E-001
     0.66883772E+000     0.70138887E+000     0.13097297E+001    -0.29308168E+004     0.62653908E+003     0.51307117E-001    -0.37711234E-001
     0.66920522E+000     0.69757774E+000     0.13053159E+001    -0.29266597E+004     0.62222381E+003     0.51203662E-001    -0.37651484E-001
     0.66957271E+000     0.69379358E+000     0.13009265E+001    -0.29225082E+004     0.61793054E+003     0.51100553E-001    -0.37591913E-001
     0.66994020E+000     0.69003614E+000     0.12965612E+001    -0.29183625E+004     0.61365916E+003     0.50997791E-001    -0.37532519E-001
     0.67030770E+000     0.68630515E+000     0.12922198E+001    -0.29142225E+004     0.60940953E+003     0.50895372E-001    -0.37473303E-001
     0.67067519E+000     0.68260039E+000     0.12879022E+001    -0.29100882E+004     0.60518153E+003     0.50793296E-001    -0.37414263E-001
     0.67104268E+000     0.67892160E+000     0.12836082E+001    -0.29059597E+004     0.60097503E+003     0.50691561E-001    -0.37355399E-001
     0.67141018E+000     0.67526855E+000     0.12793376E+001    -0.29018371E+004     0.59678990E+003     0.50590166E-001    -0.37296709E-001
     0.67177767E+000     0.67164100E+000     0.12750902E+001    -0.28977203E+004     0.59262604E+003     0.50489108E-001    -0.37238194E-001
     0.67214516E+000     0.66803872E+000     0.12708659E+001    -0.28936094E+004     0.58848330E+003     0.50388387E-001    -0.37179852E-001
     0.67251265E+000     0.66446147E+000     0.12666645E+001    -0.28895045E+004     0.58436156E+003     0.50288002E-001    -0.37121683E-001
     0.67288015E+000     0.66090904E+000     0.12624857E+001    -0.28854054E+004     0.58026072E+003     0.50187949E-001    -0.37063685E-001
     0.67324764E+000     0.65738118E+000     0.12583295E+001    -0.28813123E+004     0.57618064E+003     0.50088229E-001    -0.37005859E-001
     0.67361513E+000     0.65387768E+000     0.12541956E+001    -0.28772252E+004     0.57212120E+003     0.49988839E-001    -0.36948203E-001
     0.67398263E+000     0.65039832E+000     0.12500839E+001    -0.28731441E+004     0.56808228E+003     0.49889779E-001    -0.36890716E-001
     0.67435012E+000     0.64694288E+000     0.12459943E+001    -0.28690691E+004     0.56406377E+003     0.49791046E-001    -0.36833398E-001
     0.67471761E+000     0.64351115E+000     0.12419265E+001    -0.28650001E+004     0.56006555E+003     0.49692639E-001    -0.36776248E-001
     0.67508511E+000     0.64010291E+000     0.12378803E+001    -0.28609372E+004     0.55608750E+003     0.49594557E-001    -0.36719265E-001
     0.67545260E+000     0.63671794E+000     0.12338558E+001    -0.28568804E+004     0.55212950E+003     0.49496799E-001    -0.36662449E-001
     0.67582009E+000     0.63335605E+000     0.12298525E+001    -0.28528297E+004     0.54819144E+003     0.49399362E-001    -0.36605799E-001
     0.67618759E+000     0.63001702E+000     0.12258705E+001    -0.28487852E+004     0.54427320E+003     0.49302246E-001    -0.36549314E-001
     0.67655508E+000     0.62670065E+000     0.12219095E+001    -0.28447469E+004     0.54037467E+003     0.49205449E-001    -0.36492994E-001
     0.67692257E+000     0.62340675E+000     0.12179695E+001    -0.28407147E+004     0.53649572E+003     0.49108970E-001    -0.36436837E-001
     0.67729007E+000     0.62013510E+000     0.12140501E+001    -0.28366888E+004     0.53263626E+003     0.49012807E-001    -0.36380843E-001
     0.67765756E+000     0.61688552E+000     0.12101513E+001    -0.28326691E+004     0.52879617E+003     0.48916959E-001    -0.36325012E-001
     0.67802505E+000     0.61365781E+000     0.12062730E+001    -0.28286556E+004     0.52497533E+003     0.48821424E-001    -0.36269342E-001
     0.67839255E+000     0.61045177E+000     0.12024150E+001    -0.28246485E+004     0.52117363E+003     0.48726202E-001    -0.36213833E-001
     0.67876004E+000     0.60726722E+000     0.11985771E+001    -0.28206476E+004     0.51739097E+003     0.48631290E-001    -0.36158484E-001
     0.67912753E+000     0.60410396E+000     0.11947591E+001    -0.28166530E+004     0.51362724E+003     0.48536688E-001    -0.36103295E-001
     0.67949503E+000     0.60096182E+000     0.11909610E+001    -0.28126647E+004     0.50988231E+003     0.48442394E-001    -0.36048264E-001
     0.67986252E+000     0.59784060E+000     0.11871826E+001    -0.28086828E+004     0.50615609E+003     0.48348407E-001    -0.35993392E-001
     0.68023001E+000     0.59474012E+000     0.11834238E+001    -0.28047073E+004     0.50244848E+003     0.48254725E-001    -0.35938677E-001
     0.68059751E+000     0.59166021E+000     0.11796844E+001    -0.28007381E+004     0.49875935E+003     0.48161348E-001    -0.35884120E-001
     0.68096500E+000     0.58860068E+000     0.11759642E+001    -0.27967753E+004     0.49508861E+003     0.48068273E-001    -0.35829718E-001
     0.68133249E+000     0.58556136E+000     0.11722632E+001    -0.27928189E+004     0.49143614E+003     0.47975500E-001    -0.35775471E-001
     0.68169999E+000     0.58254208E+000     0.11685811E+001    -0.27888689E+004     0.48780185E+003     0.47883026E-001    -0.35721380E-001
     0.68206748E+000     0.57954265E+000     0.11649179E+001    -0.27849253E+004     0.48418563E+003     0.47790852E-001    -0.35667443E-001
     0.68243497E+000     0.57656292E+000     0.11612734E+001    -0.27809882E+004     0.48058737E+003     0.47698976E-001    -0.35613659E-001
     0.68280247E+000     0.57360271E+000     0.11576475E+001    -0.27770575E+004     0.47700698E+003     0.47607395E-001    -0.35560028E-001
     0.68316996E+000     0.57066185E+000     0.11540401E+001    -0.27731333E+004     0.47344435E+003     0.47516110E-001    -0.35506549E-001
     0.68353745E+000     0.56774018E+000     0.11504510E+001    -0.27692156E+004     0.46989937E+003     0.47425119E-001    -0.35453222E-001
     0.68390495E+000     0.56483754E+000     0.11468800E+001    -0.27653044E+004     0.46637195E+003     0.47334420E-001    -0.35400046E-001
     0.68427244E+000     0.56195376E+000     0.11433271E+001    -0.27613997E+004     0.46286199E+003     0.47244012E-001    -0.35347020E-001
     0.68463993E+000     0.55908869E+000     0.11397922E+001    -0.27575015E+004     0.45936938E+003     0.47153894E-001    -0.35294143E-001
     0.68500743E+000     0.55624216E+000     0.11362750E+001    -0.27536098E+004     0.45589402E+003     0.47064065E-001    -0.35241416E-001
     0.68537492E+000     0.55341402E+000     0.11327755E+001    -0.27497247E+004     0.45243583E+003     0.46974524E-001    -0.35188837E-001
     0.68574241E+000     0.55060411E+000     0.11292936E+001    -0.27458461E+004     0.44899469E+003     0.46885269E-001    -0.35136407E-001
     0.68610991E+000     0.54781228E+000     0.11258291E+001    -0.27419741E+004     0.44557052E+003     0.46796298E-001    -0.35084123E-001
     0.68647740E+000     0.54503838E+000     0.11223819E+001    -0.27381086E+004     0.44216321E+003     0.46707612E-001    -0.35031986E-001
     0.68684489E+000     0.54228226E+000     0.11189519E+001    -0.27342497E+004     0.43877266E+003     0.46619209E-001    -0.34979994E-001
     0.68721239E+000     0.53954377E+000     0.11155390E+001    -0.27303974E+004     0.43539879E+003     0.46531087E-001    -0.34928148E-001
     0.68757988E+000     0.53682276E+000     0.11121430E+001    -0.27265516E+004     0.43204150E+003     0.46443245E-001    -0.34876447E-001
     0.68794737E+000     0.53411908E+000     0.11087639E+001    -0.27227125E+004     0.42870069E+003     0.46355682E-001    -0.34824890E-001
     0.68831486E+000     0.53143260E+000     0.11054014E+001    -0.27188799E+004     0.42537627E+003     0.46268397E-001    -0.34773477E-001
     0.68868236E+000     0.52876317E+000     0.11020555E+001    -0.27150540E+004     0.42206814E+003     0.46181389E-001    -0.34722206E-001
     0.68904985E+000     0.52611065E+000     0.10987262E+001    -0.27112347E+004     0.41877622E+003     0.46094656E-001    -0.34671078E-001
     0.68941734E+000     0.52347490E+000     0.10954132E+001    -0.27074220E+004     0.41550040E+003     0.46008198E-001    -0.34620092E-001
     0.68978484E+000     0.52085578E+000     0.10921164E+001    -0.27036160E+004     0.41224061E+003     0.45922013E-001    -0.34569247E-001
     0.69015233E+000     0.51825316E+000     0.10888358E+001    -0.26998165E+004     0.40899674E+003     0.45836100E-001    -0.34518543E-001
     0.69051982E+000     0.51566689E+000     0.10855712E+001    -0.26960238E+004     0.40576871E+003     0.45750457E-001    -0.34467978E-001
     0.69088732E+000     0.51309685E+000     0.10823225E+001    -0.26922376E+004     0.40255642E+003     0.45665085E-001    -0.34417553E-001
     0.69125481E+000     0.51054291E+000     0.10790897E+001    -0.26884581E+004     0.39935979E+003     0.45579981E-001    -0.34367267E-001
     0.69162230E+000     0.50800492E+000     0.10758725E+001    -0.26846853E+004     0.39617873E+003     0.45495145E-001    -0.34317120E-001
     0.69198980E+000     0.50548277E+000     0.10726709E+001    -0.26809191E+004     0.39301315E+003     0.45410575E-001    -0.34267110E-001
     0.69235729E+000     0.50297632E+000     0.10694849E+001    -0.26771596E+004     0.38986296E+003     0.45326270E-001    -0.34217237E-001
     0.69272478E+000     0.50048545E+000     0.10663142E+001    -0.26734067E+004     0.38672808E+003     0.45242230E-001    -0.34167501E-001
     0.69309228E+000     0.49801003E+000     0.10631588E+001    -0.26696606E+004     0.38360842E+003     0.45158452E-001    -0.34117902E-001
     0.69345977E+000     0.49554993E+000     0.10600186E+001    -0.26659210E+004     0.38050388E+003     0.45074937E-001    -0.34068437E-001
     0.69382726E+000     0.49310504E+000     0.10568934E+001    -0.26621882E+004     0.37741440E+003     0.44991682E-001    -0.34019108E-001
     0.69419476E+000     0.49067522E+000     0.10537832E+001    -0.26584620E+004     0.37433987E+003     0.44908687E-001    -0.33969913E-001
     0.69456225E+000     0.48826037E+000     0.10506879E+001    -0.26547426E+004     0.37128023E+003     0.44825951E-001    -0.33920852E-001
     0.69492974E+000     0.48586035E+000     0.10476074E+001    -0.26510298E+004     0.36823537E+003     0.44743472E-001    -0.33871925E-001
     0.69529724E+000     0.48347506E+000     0.10445415E+001    -0.26473236E+004     0.36520523E+003     0.44661250E-001    -0.33823130E-001
     0.69566473E+000     0.48110437E+000     0.10414902E+001    -0.26436242E+004     0.36218971E+003     0.44579283E-001    -0.33774468E-001
     0.69603222E+000     0.47874817E+000     0.10384534E+001    -0.26399315E+004     0.35918874E+003     0.44497571E-001    -0.33725938E-001
     0.69639972E+000     0.47640634E+000     0.10354310E+001    -0.26362454E+004     0.35620223E+003     0.44416112E-001    -0.33677538E-001
     0.69676721E+000     0.47407876E+000     0.10324229E+001    -0.26325660E+004     0.35323010E+003     0.44334905E-001    -0.33629270E-001
     0.69713470E+000     0.47176534E+000     0.10294290E+001    -0.26288933E+004     0.35027227E+003     0.44253950E-001    -0.33581132E-001
     0.69750220E+000     0.46946595E+000     0.10264491E+001    -0.26252273E+004     0.34732866E+003     0.44173244E-001    -0.33533123E-001
     0.69786969E+000     0.46718048E+000     0.10234833E+001    -0.26215680E+004     0.34439919E+003     0.44092788E-001    -0.33485244E-001
     0.69823718E+000     0.46490882E+000     0.10205314E+001    -0.26179153E+004     0.34148379E+003     0.44012580E-001    -0.33437493E-001
     0.69860468E+000     0.46265087E+000     0.10175933E+001    -0.26142694E+004     0.33858236E+003     0.43932620E-001    -0.33389870E-001
     0.69897217E+000     0.46040652E+000     0.10146689E+001    -0.26106301E+004     0.33569483E+003     0.43852905E-001    -0.33342375E-001
     0.69933966E+000     0.45817567E+000     0.10117582E+001    -0.26069976E+004     0.33282114E+003     0.43773435E-001    -0.33295007E-001
     0.69970716E+000     0.45595820E+000     0.10088610E+001    -0.26033717E+004     0.32996118E+003     0.43694210E-001    -0.33247766E-001
     0.70007465E+000     0.45375401E+000     0.10059773E+001    -0.25997524E+004     0.32711490E+003     0.43615227E-001    -0.33200651E-001
     0.70044214E+000     0.45156300E+000     0.10031069E+001    -0.25961399E+004     0.32428222E+003     0.43536487E-001    -0.33153662E-001
     0.70080964E+000     0.44938507E+000     0.10002499E+001    -0.25925340E+004     0.32146305E+003     0.43457988E-001    -0.33106798E-001
     0.70117713E+000     0.44722011E+000     0.99740605E+000    -0.25889349E+004     0.31865733E+003     0.43379728E-001    -0.33060058E-001
     0.70154462E+000     0.44506804E+000     0.99457533E+000    -0.25853424E+004     0.31586497E+003     0.43301708E-001    -0.33013443E-001
     0.70191212E+000     0.44292873E+000     0.99175763E+000    -0.25817565E+004     0.31308591E+003     0.43223927E-001    -0.32966951E-001
     0.70227961E+000     0.44080211E+000     0.98895288E+000    -0.25781773E+004     0.31032007E+003     0.43146382E-001    -0.32920583E-001
     0.70264710E+000     0.43868807E+000     0.98616100E+000    -0.25746048E+004     0.30756737E+003     0.43069073E-001    -0.32874337E-001
     0.70301459E+000     0.43658651E+000     0.98338191E+000    -0.25710390E+004     0.30482775E+003     0.42992000E-001    -0.32828213E-001
     0.70338209E+000     0.43449734E+000     0.98061551E+000    -0.25674798E+004     0.30210112E+003     0.42915161E-001    -0.32782211E-001
     0.70374958E+000     0.43242047E+000     0.97786173E+000    -0.25639273E+004     0.29938743E+003     0.42838555E-001    -0.32736331E-001
     0.70411707E+000     0.43035580E+000     0.97512049E+000    -0.25603814E+004     0.29668659E+003     0.42762182E-001    -0.32690571E-001
     0.70448457E+000     0.42830323E+000     0.97239171E+000    -0.25568422E+004     0.29399853E+003     0.42686040E-001    -0.32644932E-001
     0.70485206E+000     0.42626268E+000     0.96967530E+000    -0.25533096E+004     0.29132319E+003     0.42610129E-001    -0.32599412E-001
     0.70521955E+000     0.42423406E+000     0.96697120E+000    -0.25497837E+004     0.28866049E+003     0.42534447E-001    -0.32554012E-001
     0.70558705E+000     0.42221727E+000     0.96427932E+000    -0.25462644E+004     0.28601036E+003     0.42458994E-001    -0.32508731E-001
     0.70595454E+000     0.42021223E+000     0.96159959E+000    -0.25427518E+004     0.28337274E+003     0.42383769E-001    -0.32463569E-001
     0.70632203E+000     0.41821884E+000     0.95893192E+000    -0.25392457E+004     0.28074755E+003     0.42308770E-001    -0.32418524E-001
     0.70668953E+000     0.41623702E+000     0.95627624E+000    -0.25357463E+004     0.27813472E+003     0.42233997E-001    -0.32373597E-001
     0.70705702E+000     0.41426669E+000     0.95363249E+000    -0.25322535E+004     0.27553420E+003     0.42159450E-001    -0.32328787E-001
     0.70742451E+000     0.41230775E+000     0.95100057E+000    -0.25287674E+004     0.27294590E+003     0.42085126E-001    -0.32284094E-001
     0.70779201E+000     0.41036013E+000     0.94838042E+000    -0.25252878E+004     0.27036977E+003     0.42011025E-001    -0.32239517E-001
     0.70815950E+000     0.40842373E+000     0.94577197E+000    -0.25218148E+004     0.26780573E+003     0.41937147E-001    -0.32195056E-001
     0.70852699E+000     0.40649847E+000     0.94317514E+000    -0.25183485E+004     0.26525372E+003     0.41863490E-001    -0.32150710E-001
     0.70889449E+000     0.40458428E+000     0.94058985E+000    -0.25148887E+004     0.26271367E+003     0.41790054E-001    -0.32106480E-001
     0.70926198E+000     0.40268106E+000     0.93801604E+000    -0.25114355E+004     0.26018552E+003     0.41716837E-001    -0.32062363E-001
     0.70962947E+000     0.40078874E+000     0.93545364E+000    -0.25079889E+004     0.25766919E+003     0.41643839E-001    -0.32018361E-001
     0.70999697E+000     0.39890723E+000     0.93290257E+000    -0.25045489E+004     0.25516464E+003     0.41571059E-001    -0.31974472E-001
     0.71036446E+000     0.39703647E+000     0.93036277E+000    -0.25011155E+004     0.25267178E+003     0.41498496E-001    -0.31930697E-001
     0.71073195E+000     0.39517636E+000     0.92783416E+000    -0.24976886E+004     0.25019057E+003     0.41426149E-001    -0.31887034E-001
     0.71109945E+000     0.39332682E+000     0.92531668E+000    -0.24942682E+004     0.24772092E+003     0.41354017E-001    -0.31843483E-001
     0.71146694E+000     0.39148779E+000     0.92281025E+000    -0.24908545E+004     0.24526279E+003     0.41282100E-001    -0.31800045E-001
     0.71183443E+000     0.38965919E+000     0.92031481E+000    -0.24874472E+004     0.24281610E+003     0.41210396E-001    -0.31756718E-001
     0.71220193E+000     0.38784093E+000     0.91783030E+000    -0.24840465E+004     0.24038080E+003     0.41138905E-001    -0.31713501E-001
     0.71256942E+000     0.38603295E+000     0.91535664E+000    -0.24806524E+004     0.23795682E+003     0.41067625E-001    -0.31670396E-001
     0.71293691E+000     0.38423516E+000     0.91289376E+000    -0.24772647E+004     0.23554410E+003     0.40996557E-001    -0.31627401E-001
     0.71330441E+000     0.38244750E+000     0.91044161E+000    -0.24738836E+004     0.23314259E+003     0.40925699E-001    -0.31584515E-001
     0.71367190E+000     0.38066988E+000     0.90800012E+000    -0.24705090E+004     0.23075220E+003     0.40855050E-001    -0.31541739E-001
     0.71403939E+000     0.37890224E+000     0.90556922E+000    -0.24671409E+004     0.22837290E+003     0.40784610E-001    -0.31499072E-001
     0.71440689E+000     0.37714451E+000     0.90314885E+000    -0.24637793E+004     0.22600461E+003     0.40714377E-001    -0.31456514E-001
     0.71477438E+000     0.37539661E+000     0.90073894E+000    -0.24604241E+004     0.22364728E+003     0.40644351E-001    -0.31414063E-001
     0.71514187E+000     0.37365848E+000     0.89833943E+000    -0.24570755E+004     0.22130085E+003     0.40574532E-001    -0.31371721E-001
     0.71550937E+000     0.37193003E+000     0.89595027E+000    -0.24537333E+004     0.21896526E+003     0.40504917E-001    -0.31329485E-001
     0.71587686E+000     0.37021121E+000     0.89357137E+000    -0.24503976E+004     0.21664045E+003     0.40435507E-001    -0.31287357E-001
     0.71624435E+000     0.36850194E+000     0.89120270E+000    -0.24470683E+004     0.21432635E+003     0.40366301E-001    -0.31245335E-001
     0.71661185E+000     0.36680216E+000     0.88884417E+000    -0.24437455E+004     0.21202293E+003     0.40297297E-001    -0.31203420E-001
     0.71697934E+000     0.36511179E+000     0.88649574E+000    -0.24404292E+004     0.20973010E+003     0.40228496E-001    -0.31161610E-001
     0.71734683E+000     0.36343078E+000     0.88415734E+000    -0.24371192E+004     0.20744783E+003     0.40159896E-001    -0.31119905E-001
     0.71771433E+000     0.36175905E+000     0.88182891E+000    -0.24338157E+004     0.20517604E+003     0.40091496E-001    -0.31078306E-001
     0.71808182E+000     0.36009653E+000     0.87951039E+000    -0.24305186E+004     0.20291469E+003     0.40023296E-001    -0.31036811E-001
     0.71844931E+000     0.35844317E+000     0.87720173E+000    -0.24272279E+004     0.20066372E+003     0.39955294E-001    -0.30995421E-001
     0.71881680E+000     0.35679889E+000     0.87490286E+000    -0.24239436E+004     0.19842307E+003     0.39887491E-001    -0.30954134E-001
     0.71918430E+000     0.35516364E+000     0.87261372E+000    -0.24206657E+004     0.19619269E+003     0.39819886E-001    -0.30912950E-001
     0.71955179E+000     0.35353734E+000     0.87033427E+000    -0.24173942E+004     0.19397252E+003     0.39752476E-001    -0.30871870E-001
     0.71991928E+000     0.35191995E+000     0.86806444E+000    -0.24141291E+004     0.19176250E+003     0.39685263E-001    -0.30830893E-001
     0.72028678E+000     0.35031138E+000     0.86580417E+000    -0.24108703E+004     0.18956259E+003     0.39618244E-001    -0.30790017E-001
     0.72065427E+000     0.34871159E+000     0.86355341E+000    -0.24076179E+004     0.18737272E+003     0.39551420E-001    -0.30749244E-001
     0.72102176E+000     0.34712051E+000     0.86131211E+000    -0.24043718E+004     0.18519285E+003     0.39484790E-001    -0.30708572E-001
     0.72138926E+000     0.34553807E+000     0.85908020E+000    -0.24011321E+004     0.18302292E+003     0.39418352E-001    -0.30668002E-001
     0.72175675E+000     0.34396423E+000     0.85685763E+000    -0.23978986E+004     0.18086287E+003     0.39352106E-001    -0.30627532E-001
     0.72212424E+000     0.34239891E+000     0.85464435E+000    -0.23946715E+004     0.17871266E+003     0.39286052E-001    -0.30587163E-001
     0.72249174E+000     0.34084206E+000     0.85244030E+000    -0.23914508E+004     0.17657223E+003     0.39220188E-001    -0.30546893E-001
     0.72285923E+000     0.33929362E+000     0.85024544E+000    -0.23882363E+004     0.17444152E+003     0.39154513E-001    -0.30506724E-001
     0.72322672E+000     0.33775354E+000     0.84805969E+000    -0.23850281E+004     0.17232050E+003     0.39089028E-001    -0.30466654E-001
     0.72359422E+000     0.33622175E+000     0.84588303E+000    -0.23818262E+004     0.17020910E+003     0.39023732E-001    -0.30426683E-001
     0.72396171E+000     0.33469819E+000     0.84371538E+000    -0.23786305E+004     0.16810727E+003     0.38958622E-001    -0.30386810E-001
     0.72432920E+000     0.33318282E+000     0.84155670E+000    -0.23754411E+004     0.16601497E+003     0.38893700E-001    -0.30347036E-001
     0.72469670E+000     0.33167556E+000     0.83940693E+000    -0.23722580E+004     0.16393214E+003     0.38828964E-001    -0.30307360E-001
     0.72506419E+000     0.33017638E+000     0.83726604E+000    -0.23690811E+004     0.16185873E+003     0.38764414E-001    -0.30267781E-001
     0.72543168E+000     0.32868521E+000     0.83513395E+000    -0.23659105E+004     0.15979469E+003     0.38700048E-001    -0.30228300E-001
     0.72579918E+000     0.32720199E+000     0.83301063E+000    -0.23627461E+004     0.15773997E+003     0.38635866E-001    -0.30188915E-001
     0.72616667E+000     0.32572668E+000     0.83089602E+000    -0.23595878E+004     0.15569453E+003     0.38571867E-001    -0.30149627E-001
     0.72653416E+000     0.32425921E+000     0.82879007E+000    -0.23564358E+004     0.15365831E+003     0.38508051E-001    -0.30110436E-001
     0.72690166E+000     0.32279954E+000     0.82669274E+000    -0.23532900E+004     0.15163126E+003     0.38444417E-001    -0.30071340E-001
     0.72726915E+000     0.32134762E+000     0.82460397E+000    -0.23501504E+004     0.14961334E+003     0.38380965E-001    -0.30032339E-001
     0.72763664E+000     0.31990338E+000     0.82252371E+000    -0.23470169E+004     0.14760450E+003     0.38317693E-001    -0.29993434E-001
     0.72800414E+000     0.31846678E+000     0.82045192E+000    -0.23438896E+004     0.14560468E+003     0.38254600E-001    -0.29954624E-001
     0.72837163E+000     0.31703776E+000     0.81838855E+000    -0.23407684E+004     0.14361385E+003     0.38191687E-001    -0.29915908E-001
     0.72873912E+000     0.31561628E+000     0.81633355E+000    -0.23376534E+004     0.14163195E+003     0.38128952E-001    -0.29877286E-001
     0.72910662E+000     0.31420228E+000     0.81428688E+000    -0.23345445E+004     0.13965894E+003     0.38066396E-001    -0.29838758E-001
     0.72947411E+000     0.31279571E+000     0.81224848E+000    -0.23314418E+004     0.13769477E+003     0.38004016E-001    -0.29800323E-001
     0.72984160E+000     0.31139653E+000     0.81021831E+000    -0.23283451E+004     0.13573939E+003     0.37941812E-001    -0.29761982E-001
     0.73020910E+000     0.31000468E+000     0.80819632E+000    -0.23252546E+004     0.13379277E+003     0.37879785E-001    -0.29723733E-001
     0.73057659E+000     0.30862011E+000     0.80618247E+000    -0.23221701E+004     0.13185484E+003     0.37817933E-001    -0.29685577E-001
     0.73094408E+000     0.30724278E+000     0.80417671E+000    -0.23190917E+004     0.12992557E+003     0.37756255E-001    -0.29647513E-001
     0.73131158E+000     0.30587263E+000     0.80217899E+000    -0.23160194E+004     0.12800491E+003     0.37694750E-001    -0.29609541E-001
     0.73167907E+000     0.30450962E+000     0.80018928E+000    -0.23129532E+004     0.12609281E+003     0.37633419E-001    -0.29571660E-001
     0.73204656E+000     0.30315370E+000     0.79820753E+000    -0.23098930E+004     0.12418924E+003     0.37572261E-001    -0.29533871E-001
     0.73241406E+000     0.30180483E+000     0.79623368E+000    -0.23068388E+004     0.12229414E+003     0.37511274E-001    -0.29496172E-001
     0.73278155E+000     0.30046295E+000     0.79426770E+000    -0.23037907E+004     0.12040747E+003     0.37450459E-001    -0.29458564E-001
     0.73314904E+000     0.29912802E+000     0.79230955E+000    -0.23007485E+004     0.11852919E+003     0.37389814E-001    -0.29421046E-001
     0.73351654E+000     0.29780000E+000     0.79035918E+000    -0.22977124E+004     0.11665926E+003     0.37329339E-001    -0.29383618E-001
     0.73388403E+000     0.29647883E+000     0.78841654E+000    -0.22946823E+004     0.11479762E+003     0.37269033E-001    -0.29346280E-001
     0.73425152E+000     0.29516448E+000     0.78648160E+000    -0.22916581E+004     0.11294424E+003     0.37208896E-001    -0.29309031E-001
