#      omega [at.u.] real pol. elem. 1 2 imag pol. elem. 1 2 real pol. elem. 2 2 imag pol. elem. 2 2 real pol. elem. 3 2 imag pol. elem. 3 2
    -0.10684404E+001    -0.37900571E+000     0.13611143E-014    -0.13921116E+004    -0.38547934E-013     0.18056436E+000    -0.13397538E-014
    -0.10676805E+001    -0.37900706E+000    -0.11937544E-002    -0.13921145E+004    -0.34013356E+000     0.18056503E+000     0.26872169E-003
    -0.10669206E+001    -0.37901109E+000    -0.23875633E-002    -0.13921233E+004    -0.68027708E+000     0.18056705E+000     0.53745883E-003
    -0.10661606E+001    -0.37901780E+000    -0.35814687E-002    -0.13921378E+004    -0.10204405E+001     0.18057042E+000     0.80622690E-003
    -0.10654007E+001    -0.37902718E+000    -0.47755101E-002    -0.13921581E+004    -0.13606338E+001     0.18057513E+000     0.10750413E-002
    -0.10646408E+001    -0.37903924E+000    -0.59697305E-002    -0.13921843E+004    -0.17008670E+001     0.18058118E+000     0.13439175E-002
    -0.10638809E+001    -0.37905400E+000    -0.71641787E-002    -0.13922162E+004    -0.20411499E+001     0.18058859E+000     0.16128710E-002
    -0.10631210E+001    -0.37907144E+000    -0.83589069E-002    -0.13922540E+004    -0.23814927E+001     0.18059733E+000     0.18819170E-002
    -0.10623611E+001    -0.37909156E+000    -0.95539643E-002    -0.13922976E+004    -0.27219052E+001     0.18060743E+000     0.21510712E-002
    -0.10616011E+001    -0.37911436E+000    -0.10749398E-001    -0.13923470E+004    -0.30623973E+001     0.18061886E+000     0.24203491E-002
    -0.10608412E+001    -0.37913984E+000    -0.11945255E-001    -0.13924022E+004    -0.34029792E+001     0.18063165E+000     0.26897661E-002
    -0.10600813E+001    -0.37916800E+000    -0.13141580E-001    -0.13924632E+004    -0.37436608E+001     0.18064577E+000     0.29593377E-002
    -0.10593214E+001    -0.37919882E+000    -0.14338418E-001    -0.13925300E+004    -0.40844521E+001     0.18066124E+000     0.32290795E-002
    -0.10585615E+001    -0.37923231E+000    -0.15535807E-001    -0.13926027E+004    -0.44253630E+001     0.18067805E+000     0.34990069E-002
    -0.10578016E+001    -0.37926848E+000    -0.16733797E-001    -0.13926812E+004    -0.47664036E+001     0.18069621E+000     0.37691355E-002
    -0.10570417E+001    -0.37930732E+000    -0.17932442E-001    -0.13927655E+004    -0.51075840E+001     0.18071571E+000     0.40394808E-002
    -0.10562817E+001    -0.37934883E+000    -0.19131788E-001    -0.13928556E+004    -0.54489140E+001     0.18073655E+000     0.43100584E-002
    -0.10555218E+001    -0.37939301E+000    -0.20331875E-001    -0.13929515E+004    -0.57904038E+001     0.18075873E+000     0.45808838E-002
    -0.10547619E+001    -0.37943985E+000    -0.21532751E-001    -0.13930533E+004    -0.61320634E+001     0.18078225E+000     0.48519728E-002
    -0.10540020E+001    -0.37948935E+000    -0.22734463E-001    -0.13931609E+004    -0.64739028E+001     0.18080711E+000     0.51233409E-002
    -0.10532421E+001    -0.37954152E+000    -0.23937063E-001    -0.13932743E+004    -0.68159322E+001     0.18083331E+000     0.53950038E-002
    -0.10524822E+001    -0.37959634E+000    -0.25140598E-001    -0.13933935E+004    -0.71581615E+001     0.18086085E+000     0.56669770E-002
    -0.10517223E+001    -0.37965382E+000    -0.26345111E-001    -0.13935186E+004    -0.75006009E+001     0.18088973E+000     0.59392764E-002
    -0.10509623E+001    -0.37971395E+000    -0.27550648E-001    -0.13936495E+004    -0.78432605E+001     0.18091994E+000     0.62119175E-002
    -0.10502024E+001    -0.37977673E+000    -0.28757258E-001    -0.13937863E+004    -0.81861503E+001     0.18095149E+000     0.64849161E-002
    -0.10494425E+001    -0.37984215E+000    -0.29964989E-001    -0.13939289E+004    -0.85292806E+001     0.18098437E+000     0.67582880E-002
    -0.10486826E+001    -0.37991020E+000    -0.31173884E-001    -0.13940773E+004    -0.88726614E+001     0.18101859E+000     0.70320490E-002
    -0.10479227E+001    -0.37998089E+000    -0.32383984E-001    -0.13942316E+004    -0.92163029E+001     0.18105414E+000     0.73062148E-002
    -0.10471628E+001    -0.38005422E+000    -0.33595339E-001    -0.13943917E+004    -0.95602153E+001     0.18109102E+000     0.75808014E-002
    -0.10464028E+001    -0.38013019E+000    -0.34807999E-001    -0.13945577E+004    -0.99044088E+001     0.18112924E+000     0.78558247E-002
    -0.10456429E+001    -0.38020878E+000    -0.36022015E-001    -0.13947296E+004    -0.10248894E+002     0.18116878E+000     0.81313004E-002
    -0.10448830E+001    -0.38028999E+000    -0.37237430E-001    -0.13949073E+004    -0.10593680E+002     0.18120965E+000     0.84072446E-002
    -0.10441231E+001    -0.38037381E+000    -0.38454283E-001    -0.13950908E+004    -0.10938778E+002     0.18125185E+000     0.86836732E-002
    -0.10433632E+001    -0.38046025E+000    -0.39672616E-001    -0.13952802E+004    -0.11284198E+002     0.18129537E+000     0.89606023E-002
    -0.10426033E+001    -0.38054930E+000    -0.40892480E-001    -0.13954755E+004    -0.11629950E+002     0.18134022E+000     0.92380479E-002
    -0.10418434E+001    -0.38064097E+000    -0.42113922E-001    -0.13956767E+004    -0.11976045E+002     0.18138639E+000     0.95160260E-002
    -0.10410834E+001    -0.38073525E+000    -0.43336996E-001    -0.13958837E+004    -0.12322493E+002     0.18143388E+000     0.97945528E-002
    -0.10403235E+001    -0.38083213E+000    -0.44561756E-001    -0.13960966E+004    -0.12669304E+002     0.18148269E+000     0.10073645E-001
    -0.10395636E+001    -0.38093160E+000    -0.45788247E-001    -0.13963154E+004    -0.13016489E+002     0.18153282E+000     0.10353317E-001
    -0.10388037E+001    -0.38103366E+000    -0.47016509E-001    -0.13965401E+004    -0.13364058E+002     0.18158427E+000     0.10633587E-001
    -0.10380438E+001    -0.38113829E+000    -0.48246584E-001    -0.13967707E+004    -0.13712021E+002     0.18163703E+000     0.10914471E-001
    -0.10372839E+001    -0.38124550E+000    -0.49478514E-001    -0.13970072E+004    -0.14060389E+002     0.18169111E+000     0.11195985E-001
    -0.10365240E+001    -0.38135529E+000    -0.50712348E-001    -0.13972495E+004    -0.14409172E+002     0.18174649E+000     0.11478145E-001
    -0.10357640E+001    -0.38146766E+000    -0.51948140E-001    -0.13974978E+004    -0.14758382E+002     0.18180319E+000     0.11760967E-001
    -0.10350041E+001    -0.38158259E+000    -0.53185937E-001    -0.13977520E+004    -0.15108027E+002     0.18186120E+000     0.12044469E-001
    -0.10342442E+001    -0.38170008E+000    -0.54425787E-001    -0.13980121E+004    -0.15458120E+002     0.18192051E+000     0.12328667E-001
    -0.10334843E+001    -0.38182013E+000    -0.55667739E-001    -0.13982781E+004    -0.15808670E+002     0.18198112E+000     0.12613577E-001
    -0.10327244E+001    -0.38194272E+000    -0.56911835E-001    -0.13985500E+004    -0.16159688E+002     0.18204304E+000     0.12899215E-001
    -0.10319645E+001    -0.38206784E+000    -0.58158120E-001    -0.13988279E+004    -0.16511184E+002     0.18210625E+000     0.13185600E-001
    -0.10312046E+001    -0.38219551E+000    -0.59406640E-001    -0.13991116E+004    -0.16863170E+002     0.18217077E+000     0.13472746E-001
    -0.10304446E+001    -0.38232570E+000    -0.60657442E-001    -0.13994014E+004    -0.17215656E+002     0.18223658E+000     0.13760672E-001
    -0.10296847E+001    -0.38245842E+000    -0.61910573E-001    -0.13996970E+004    -0.17568653E+002     0.18230368E+000     0.14049393E-001
    -0.10289248E+001    -0.38259366E+000    -0.63166083E-001    -0.13999987E+004    -0.17922171E+002     0.18237207E+000     0.14338928E-001
    -0.10281649E+001    -0.38273141E+000    -0.64424020E-001    -0.14003062E+004    -0.18276222E+002     0.18244176E+000     0.14629291E-001
    -0.10274050E+001    -0.38287166E+000    -0.65684428E-001    -0.14006198E+004    -0.18630815E+002     0.18251272E+000     0.14920502E-001
    -0.10266451E+001    -0.38301441E+000    -0.66947351E-001    -0.14009393E+004    -0.18985962E+002     0.18258497E+000     0.15212576E-001
    -0.10258851E+001    -0.38315965E+000    -0.68212834E-001    -0.14012647E+004    -0.19341675E+002     0.18265850E+000     0.15505531E-001
    -0.10251252E+001    -0.38330738E+000    -0.69480924E-001    -0.14015962E+004    -0.19697963E+002     0.18273331E+000     0.15799385E-001
    -0.10243653E+001    -0.38345759E+000    -0.70751672E-001    -0.14019336E+004    -0.20054837E+002     0.18280939E+000     0.16094153E-001
    -0.10236054E+001    -0.38361028E+000    -0.72025130E-001    -0.14022770E+004    -0.20412309E+002     0.18288675E+000     0.16389854E-001
    -0.10228455E+001    -0.38376543E+000    -0.73301341E-001    -0.14026264E+004    -0.20770390E+002     0.18296537E+000     0.16686505E-001
    -0.10220856E+001    -0.38392305E+000    -0.74580348E-001    -0.14029819E+004    -0.21129091E+002     0.18304526E+000     0.16984123E-001
    -0.10213257E+001    -0.38408312E+000    -0.75862200E-001    -0.14033433E+004    -0.21488422E+002     0.18312641E+000     0.17282725E-001
    -0.10205657E+001    -0.38424563E+000    -0.77146943E-001    -0.14037107E+004    -0.21848396E+002     0.18320883E+000     0.17582331E-001
    -0.10198058E+001    -0.38441059E+000    -0.78434626E-001    -0.14040842E+004    -0.22209022E+002     0.18329250E+000     0.17882956E-001
    -0.10190459E+001    -0.38457799E+000    -0.79725298E-001    -0.14044637E+004    -0.22570313E+002     0.18337742E+000     0.18184618E-001
    -0.10182860E+001    -0.38474782E+000    -0.81019013E-001    -0.14048492E+004    -0.22932280E+002     0.18346359E+000     0.18487336E-001
    -0.10175261E+001    -0.38492006E+000    -0.82315816E-001    -0.14052408E+004    -0.23294933E+002     0.18355100E+000     0.18791127E-001
    -0.10167662E+001    -0.38509471E+000    -0.83615750E-001    -0.14056384E+004    -0.23658285E+002     0.18363966E+000     0.19096009E-001
    -0.10160063E+001    -0.38527176E+000    -0.84918859E-001    -0.14060421E+004    -0.24022346E+002     0.18372956E+000     0.19402001E-001
    -0.10152463E+001    -0.38545121E+000    -0.86225194E-001    -0.14064518E+004    -0.24387129E+002     0.18382070E+000     0.19709119E-001
    -0.10144864E+001    -0.38563305E+000    -0.87534804E-001    -0.14068676E+004    -0.24752644E+002     0.18391306E+000     0.20017382E-001
    -0.10137265E+001    -0.38581726E+000    -0.88847732E-001    -0.14072895E+004    -0.25118903E+002     0.18400665E+000     0.20326808E-001
    -0.10129666E+001    -0.38600384E+000    -0.90164022E-001    -0.14077175E+004    -0.25485917E+002     0.18410146E+000     0.20637416E-001
    -0.10122067E+001    -0.38619279E+000    -0.91483719E-001    -0.14081516E+004    -0.25853699E+002     0.18419750E+000     0.20949224E-001
    -0.10114468E+001    -0.38638411E+000    -0.92806876E-001    -0.14085917E+004    -0.26222260E+002     0.18429474E+000     0.21262250E-001
    -0.10106868E+001    -0.38657779E+000    -0.94133546E-001    -0.14090380E+004    -0.26591611E+002     0.18439320E+000     0.21576512E-001
    -0.10099269E+001    -0.38677381E+000    -0.95463780E-001    -0.14094904E+004    -0.26961764E+002     0.18449286E+000     0.21892030E-001
    -0.10091670E+001    -0.38697217E+000    -0.96797623E-001    -0.14099490E+004    -0.27332732E+002     0.18459373E+000     0.22208822E-001
    -0.10084071E+001    -0.38717285E+000    -0.98135119E-001    -0.14104137E+004    -0.27704526E+002     0.18469579E+000     0.22526906E-001
    -0.10076472E+001    -0.38737586E+000    -0.99476320E-001    -0.14108845E+004    -0.28077158E+002     0.18479904E+000     0.22846301E-001
    -0.10068873E+001    -0.38758117E+000    -0.10082127E+000    -0.14113615E+004    -0.28450639E+002     0.18490348E+000     0.23167026E-001
    -0.10061274E+001    -0.38778879E+000    -0.10217003E+000    -0.14118446E+004    -0.28824983E+002     0.18500909E+000     0.23489100E-001
    -0.10053674E+001    -0.38799871E+000    -0.10352262E+000    -0.14123339E+004    -0.29200200E+002     0.18511589E+000     0.23812542E-001
    -0.10046075E+001    -0.38821091E+000    -0.10487911E+000    -0.14128294E+004    -0.29576303E+002     0.18522386E+000     0.24137372E-001
    -0.10038476E+001    -0.38842539E+000    -0.10623953E+000    -0.14133311E+004    -0.29953305E+002     0.18533299E+000     0.24463607E-001
    -0.10030877E+001    -0.38864216E+000    -0.10760394E+000    -0.14138389E+004    -0.30331217E+002     0.18544328E+000     0.24791268E-001
    -0.10023278E+001    -0.38886120E+000    -0.10897239E+000    -0.14143530E+004    -0.30710052E+002     0.18555473E+000     0.25120373E-001
    -0.10015679E+001    -0.38908250E+000    -0.11034494E+000    -0.14148733E+004    -0.31089822E+002     0.18566732E+000     0.25450943E-001
    -0.10008080E+001    -0.38930606E+000    -0.11172162E+000    -0.14153999E+004    -0.31470539E+002     0.18578106E+000     0.25782996E-001
    -0.10000480E+001    -0.38953185E+000    -0.11310250E+000    -0.14159326E+004    -0.31852216E+002     0.18589594E+000     0.26116553E-001
    -0.99928812E+000    -0.38975988E+000    -0.11448760E+000    -0.14164716E+004    -0.32234866E+002     0.18601194E+000     0.26451632E-001
    -0.99852821E+000    -0.38999015E+000    -0.11587699E+000    -0.14170169E+004    -0.32618501E+002     0.18612908E+000     0.26788254E-001
    -0.99776829E+000    -0.39022264E+000    -0.11727071E+000    -0.14175684E+004    -0.33003133E+002     0.18624732E+000     0.27126438E-001
    -0.99700838E+000    -0.39045735E+000    -0.11866883E+000    -0.14181263E+004    -0.33388776E+002     0.18636668E+000     0.27466205E-001
    -0.99624846E+000    -0.39069426E+000    -0.12007139E+000    -0.14186904E+004    -0.33775442E+002     0.18648715E+000     0.27807573E-001
    -0.99548855E+000    -0.39093337E+000    -0.12147844E+000    -0.14192608E+004    -0.34163144E+002     0.18660871E+000     0.28150564E-001
    -0.99472863E+000    -0.39117465E+000    -0.12289001E+000    -0.14198375E+004    -0.34551894E+002     0.18673136E+000     0.28495197E-001
    -0.99396872E+000    -0.39141812E+000    -0.12430617E+000    -0.14204205E+004    -0.34941707E+002     0.18685510E+000     0.28841493E-001
    -0.99320880E+000    -0.39166376E+000    -0.12572696E+000    -0.14210098E+004    -0.35332594E+002     0.18697992E+000     0.29189471E-001
    -0.99244889E+000    -0.39191158E+000    -0.12715243E+000    -0.14216055E+004    -0.35724569E+002     0.18710580E+000     0.29539153E-001
    -0.99168897E+000    -0.39216155E+000    -0.12858263E+000    -0.14222076E+004    -0.36117646E+002     0.18723274E+000     0.29890559E-001
    -0.99092906E+000    -0.39241368E+000    -0.13001762E+000    -0.14228160E+004    -0.36511836E+002     0.18736074E+000     0.30243709E-001
    -0.99016914E+000    -0.39266795E+000    -0.13145745E+000    -0.14234308E+004    -0.36907154E+002     0.18748978E+000     0.30598623E-001
    -0.98940923E+000    -0.39292436E+000    -0.13290217E+000    -0.14240520E+004    -0.37303613E+002     0.18761986E+000     0.30955324E-001
    -0.98864931E+000    -0.39318289E+000    -0.13435183E+000    -0.14246795E+004    -0.37701227E+002     0.18775098E+000     0.31313830E-001
    -0.98788940E+000    -0.39344355E+000    -0.13580647E+000    -0.14253135E+004    -0.38100008E+002     0.18788311E+000     0.31674164E-001
    -0.98712948E+000    -0.39370632E+000    -0.13726616E+000    -0.14259539E+004    -0.38499971E+002     0.18801625E+000     0.32036346E-001
    -0.98636957E+000    -0.39397120E+000    -0.13873094E+000    -0.14266007E+004    -0.38901129E+002     0.18815040E+000     0.32400398E-001
    -0.98560966E+000    -0.39423818E+000    -0.14020086E+000    -0.14272540E+004    -0.39303495E+002     0.18828554E+000     0.32766340E-001
    -0.98484974E+000    -0.39450725E+000    -0.14167598E+000    -0.14279137E+004    -0.39707085E+002     0.18842167E+000     0.33134193E-001
    -0.98408983E+000    -0.39477841E+000    -0.14315635E+000    -0.14285799E+004    -0.40111911E+002     0.18855877E+000     0.33503980E-001
    -0.98332991E+000    -0.39505165E+000    -0.14464202E+000    -0.14292526E+004    -0.40517987E+002     0.18869684E+000     0.33875720E-001
    -0.98257000E+000    -0.39532696E+000    -0.14613305E+000    -0.14299318E+004    -0.40925328E+002     0.18883587E+000     0.34249436E-001
    -0.98181008E+000    -0.39560433E+000    -0.14762949E+000    -0.14306174E+004    -0.41333947E+002     0.18897584E+000     0.34625150E-001
    -0.98105017E+000    -0.39588376E+000    -0.14913139E+000    -0.14313096E+004    -0.41743860E+002     0.18911675E+000     0.35002882E-001
    -0.98029025E+000    -0.39616524E+000    -0.15063881E+000    -0.14320084E+004    -0.42155079E+002     0.18925859E+000     0.35382655E-001
    -0.97953034E+000    -0.39644876E+000    -0.15215179E+000    -0.14327136E+004    -0.42567620E+002     0.18940135E+000     0.35764490E-001
    -0.97877042E+000    -0.39673431E+000    -0.15367040E+000    -0.14334255E+004    -0.42981497E+002     0.18954501E+000     0.36148409E-001
    -0.97801051E+000    -0.39702189E+000    -0.15519468E+000    -0.14341439E+004    -0.43396724E+002     0.18968956E+000     0.36534435E-001
    -0.97725059E+000    -0.39731149E+000    -0.15672469E+000    -0.14348689E+004    -0.43813316E+002     0.18983500E+000     0.36922588E-001
    -0.97649068E+000    -0.39760311E+000    -0.15826049E+000    -0.14356004E+004    -0.44231288E+002     0.18998131E+000     0.37312891E-001
    -0.97573076E+000    -0.39789674E+000    -0.15980211E+000    -0.14363386E+004    -0.44650654E+002     0.19012848E+000     0.37705366E-001
    -0.97497085E+000    -0.39819238E+000    -0.16134963E+000    -0.14370834E+004    -0.45071429E+002     0.19027650E+000     0.38100036E-001
    -0.97421093E+000    -0.39849002E+000    -0.16290310E+000    -0.14378349E+004    -0.45493629E+002     0.19042536E+000     0.38496922E-001
    -0.97345102E+000    -0.39878966E+000    -0.16446258E+000    -0.14385930E+004    -0.45917268E+002     0.19057504E+000     0.38896048E-001
    -0.97269110E+000    -0.39909129E+000    -0.16602813E+000    -0.14393578E+004    -0.46342362E+002     0.19072553E+000     0.39297435E-001
    -0.97193119E+000    -0.39939491E+000    -0.16759981E+000    -0.14401293E+004    -0.46768925E+002     0.19087683E+000     0.39701106E-001
    -0.97117127E+000    -0.39970049E+000    -0.16917767E+000    -0.14409074E+004    -0.47196973E+002     0.19102891E+000     0.40107083E-001
    -0.97041136E+000    -0.40000804E+000    -0.17076176E+000    -0.14416923E+004    -0.47626522E+002     0.19118176E+000     0.40515390E-001
    -0.96965144E+000    -0.40031755E+000    -0.17235214E+000    -0.14424839E+004    -0.48057587E+002     0.19133538E+000     0.40926049E-001
    -0.96889153E+000    -0.40062902E+000    -0.17394887E+000    -0.14432822E+004    -0.48490182E+002     0.19148974E+000     0.41339082E-001
    -0.96813161E+000    -0.40094245E+000    -0.17555201E+000    -0.14440873E+004    -0.48924326E+002     0.19164483E+000     0.41754512E-001
    -0.96737170E+000    -0.40125783E+000    -0.17716162E+000    -0.14448991E+004    -0.49360032E+002     0.19180065E+000     0.42172363E-001
    -0.96661178E+000    -0.40157515E+000    -0.17877777E+000    -0.14457178E+004    -0.49797317E+002     0.19195717E+000     0.42592656E-001
    -0.96585187E+000    -0.40189441E+000    -0.18040050E+000    -0.14465432E+004    -0.50236196E+002     0.19211437E+000     0.43015416E-001
    -0.96509195E+000    -0.40221559E+000    -0.18202988E+000    -0.14473755E+004    -0.50676687E+002     0.19227226E+000     0.43440665E-001
    -0.96433204E+000    -0.40253870E+000    -0.18366597E+000    -0.14482145E+004    -0.51118805E+002     0.19243080E+000     0.43868427E-001
    -0.96357212E+000    -0.40286374E+000    -0.18530883E+000    -0.14490605E+004    -0.51562566E+002     0.19258999E+000     0.44298724E-001
    -0.96281221E+000    -0.40319069E+000    -0.18695851E+000    -0.14499133E+004    -0.52007987E+002     0.19274980E+000     0.44731579E-001
    -0.96205229E+000    -0.40351956E+000    -0.18861508E+000    -0.14507729E+004    -0.52455084E+002     0.19291023E+000     0.45167017E-001
    -0.96129238E+000    -0.40385034E+000    -0.19027861E+000    -0.14516395E+004    -0.52903874E+002     0.19307125E+000     0.45605060E-001
    -0.96053246E+000    -0.40418303E+000    -0.19194915E+000    -0.14525130E+004    -0.53354374E+002     0.19323286E+000     0.46045731E-001
    -0.95977255E+000    -0.40451762E+000    -0.19362677E+000    -0.14533934E+004    -0.53806600E+002     0.19339503E+000     0.46489054E-001
    -0.95901263E+000    -0.40485412E+000    -0.19531153E+000    -0.14542808E+004    -0.54260569E+002     0.19355774E+000     0.46935053E-001
    -0.95825272E+000    -0.40519251E+000    -0.19700351E+000    -0.14551751E+004    -0.54716299E+002     0.19372098E+000     0.47383750E-001
    -0.95749280E+000    -0.40553279E+000    -0.19870275E+000    -0.14560764E+004    -0.55173806E+002     0.19388474E+000     0.47835170E-001
    -0.95673289E+000    -0.40587497E+000    -0.20040933E+000    -0.14569846E+004    -0.55633108E+002     0.19404898E+000     0.48289336E-001
    -0.95597297E+000    -0.40621903E+000    -0.20212332E+000    -0.14578999E+004    -0.56094222E+002     0.19421370E+000     0.48746271E-001
    -0.95521306E+000    -0.40656498E+000    -0.20384478E+000    -0.14588223E+004    -0.56557166E+002     0.19437888E+000     0.49205999E-001
    -0.95445314E+000    -0.40691282E+000    -0.20557378E+000    -0.14597516E+004    -0.57021957E+002     0.19454449E+000     0.49668543E-001
    -0.95369323E+000    -0.40726252E+000    -0.20731038E+000    -0.14606881E+004    -0.57488613E+002     0.19471053E+000     0.50133928E-001
    -0.95293331E+000    -0.40761411E+000    -0.20905466E+000    -0.14616316E+004    -0.57957151E+002     0.19487696E+000     0.50602177E-001
    -0.95217340E+000    -0.40796757E+000    -0.21080668E+000    -0.14625822E+004    -0.58427590E+002     0.19504377E+000     0.51073313E-001
    -0.95141348E+000    -0.40832290E+000    -0.21256651E+000    -0.14635399E+004    -0.58899948E+002     0.19521093E+000     0.51547361E-001
    -0.95065357E+000    -0.40868010E+000    -0.21433423E+000    -0.14645048E+004    -0.59374243E+002     0.19537844E+000     0.52024344E-001
    -0.94989365E+000    -0.40903917E+000    -0.21610990E+000    -0.14654768E+004    -0.59850493E+002     0.19554626E+000     0.52504285E-001
    -0.94913374E+000    -0.40940010E+000    -0.21789360E+000    -0.14664560E+004    -0.60328717E+002     0.19571438E+000     0.52987208E-001
    -0.94837382E+000    -0.40976290E+000    -0.21968539E+000    -0.14674424E+004    -0.60808933E+002     0.19588277E+000     0.53473138E-001
    -0.94761391E+000    -0.41012756E+000    -0.22148535E+000    -0.14684359E+004    -0.61291160E+002     0.19605142E+000     0.53962097E-001
    -0.94685399E+000    -0.41049408E+000    -0.22329355E+000    -0.14694368E+004    -0.61775417E+002     0.19622029E+000     0.54454110E-001
    -0.94609408E+000    -0.41086247E+000    -0.22511007E+000    -0.14704448E+004    -0.62261723E+002     0.19638937E+000     0.54949200E-001
    -0.94533416E+000    -0.41123272E+000    -0.22693498E+000    -0.14714601E+004    -0.62750096E+002     0.19655864E+000     0.55447392E-001
    -0.94457425E+000    -0.41160483E+000    -0.22876836E+000    -0.14724827E+004    -0.63240557E+002     0.19672807E+000     0.55948707E-001
    -0.94381433E+000    -0.41197881E+000    -0.23061030E+000    -0.14735126E+004    -0.63733123E+002     0.19689764E+000     0.56453171E-001
    -0.94305442E+000    -0.41235464E+000    -0.23246087E+000    -0.14745499E+004    -0.64227816E+002     0.19706732E+000     0.56960807E-001
    -0.94229450E+000    -0.41273232E+000    -0.23432013E+000    -0.14755945E+004    -0.64724653E+002     0.19723709E+000     0.57471638E-001
    -0.94153459E+000    -0.41311185E+000    -0.23618817E+000    -0.14766464E+004    -0.65223656E+002     0.19740693E+000     0.57985688E-001
    -0.94077467E+000    -0.41349325E+000    -0.23806506E+000    -0.14777057E+004    -0.65724844E+002     0.19757681E+000     0.58502981E-001
    -0.94001476E+000    -0.41387652E+000    -0.23995090E+000    -0.14787724E+004    -0.66228237E+002     0.19774670E+000     0.59023539E-001
    -0.93925484E+000    -0.41426164E+000    -0.24184576E+000    -0.14798466E+004    -0.66733855E+002     0.19791658E+000     0.59547388E-001
    -0.93849493E+000    -0.41464863E+000    -0.24374973E+000    -0.14809282E+004    -0.67241719E+002     0.19808642E+000     0.60074549E-001
    -0.93773501E+000    -0.41503748E+000    -0.24566288E+000    -0.14820172E+004    -0.67751848E+002     0.19825620E+000     0.60605046E-001
    -0.93697510E+000    -0.41542820E+000    -0.24758532E+000    -0.14831138E+004    -0.68264264E+002     0.19842589E+000     0.61138903E-001
    -0.93621519E+000    -0.41582079E+000    -0.24951711E+000    -0.14842178E+004    -0.68778987E+002     0.19859546E+000     0.61676143E-001
    -0.93545527E+000    -0.41621524E+000    -0.25145836E+000    -0.14853294E+004    -0.69296038E+002     0.19876488E+000     0.62216788E-001
    -0.93469536E+000    -0.41661156E+000    -0.25340914E+000    -0.14864485E+004    -0.69815438E+002     0.19893413E+000     0.62760863E-001
    -0.93393544E+000    -0.41700976E+000    -0.25536954E+000    -0.14875752E+004    -0.70337208E+002     0.19910318E+000     0.63308390E-001
    -0.93317553E+000    -0.41740982E+000    -0.25733967E+000    -0.14887094E+004    -0.70861370E+002     0.19927199E+000     0.63859392E-001
    -0.93241561E+000    -0.41781176E+000    -0.25931960E+000    -0.14898513E+004    -0.71387945E+002     0.19944055E+000     0.64413892E-001
    -0.93165570E+000    -0.41821558E+000    -0.26130943E+000    -0.14910008E+004    -0.71916955E+002     0.19960881E+000     0.64971912E-001
    -0.93089578E+000    -0.41862127E+000    -0.26330925E+000    -0.14921580E+004    -0.72448421E+002     0.19977675E+000     0.65533476E-001
    -0.93013587E+000    -0.41902884E+000    -0.26531916E+000    -0.14933229E+004    -0.72982365E+002     0.19994434E+000     0.66098606E-001
    -0.92937595E+000    -0.41943830E+000    -0.26733925E+000    -0.14944954E+004    -0.73518810E+002     0.20011155E+000     0.66667324E-001
    -0.92861604E+000    -0.41984965E+000    -0.26936961E+000    -0.14956757E+004    -0.74057777E+002     0.20027834E+000     0.67239653E-001
    -0.92785612E+000    -0.42026288E+000    -0.27141036E+000    -0.14968637E+004    -0.74599289E+002     0.20044469E+000     0.67815616E-001
    -0.92709621E+000    -0.42067801E+000    -0.27346158E+000    -0.14980595E+004    -0.75143369E+002     0.20061056E+000     0.68395233E-001
    -0.92633629E+000    -0.42109504E+000    -0.27552338E+000    -0.14992630E+004    -0.75690040E+002     0.20077591E+000     0.68978527E-001
    -0.92557638E+000    -0.42151397E+000    -0.27759586E+000    -0.15004744E+004    -0.76239324E+002     0.20094073E+000     0.69565521E-001
    -0.92481646E+000    -0.42193480E+000    -0.27967912E+000    -0.15016937E+004    -0.76791244E+002     0.20110496E+000     0.70156235E-001
    -0.92405655E+000    -0.42235754E+000    -0.28177327E+000    -0.15029207E+004    -0.77345823E+002     0.20126859E+000     0.70750691E-001
    -0.92329663E+000    -0.42278219E+000    -0.28387842E+000    -0.15041557E+004    -0.77903086E+002     0.20143156E+000     0.71348912E-001
    -0.92253672E+000    -0.42320876E+000    -0.28599467E+000    -0.15053986E+004    -0.78463055E+002     0.20159386E+000     0.71950917E-001
    -0.92177680E+000    -0.42363724E+000    -0.28812214E+000    -0.15066494E+004    -0.79025754E+002     0.20175544E+000     0.72556728E-001
    -0.92101689E+000    -0.42406765E+000    -0.29026093E+000    -0.15079081E+004    -0.79591208E+002     0.20191627E+000     0.73166366E-001
    -0.92025697E+000    -0.42449999E+000    -0.29241115E+000    -0.15091749E+004    -0.80159440E+002     0.20207630E+000     0.73779852E-001
    -0.91949706E+000    -0.42493425E+000    -0.29457293E+000    -0.15104496E+004    -0.80730474E+002     0.20223552E+000     0.74397207E-001
    -0.91873714E+000    -0.42537045E+000    -0.29674637E+000    -0.15117323E+004    -0.81304335E+002     0.20239387E+000     0.75018450E-001
    -0.91797723E+000    -0.42580859E+000    -0.29893160E+000    -0.15130232E+004    -0.81881048E+002     0.20255132E+000     0.75643602E-001
    -0.91721731E+000    -0.42624866E+000    -0.30112873E+000    -0.15143221E+004    -0.82460638E+002     0.20270783E+000     0.76272683E-001
    -0.91645740E+000    -0.42669069E+000    -0.30333787E+000    -0.15156290E+004    -0.83043128E+002     0.20286336E+000     0.76905712E-001
    -0.91569748E+000    -0.42713466E+000    -0.30555917E+000    -0.15169442E+004    -0.83628546E+002     0.20301788E+000     0.77542710E-001
    -0.91493757E+000    -0.42758060E+000    -0.30779273E+000    -0.15182674E+004    -0.84216915E+002     0.20317134E+000     0.78183695E-001
    -0.91417765E+000    -0.42802848E+000    -0.31003870E+000    -0.15195989E+004    -0.84808262E+002     0.20332371E+000     0.78828686E-001
    -0.91341774E+000    -0.42847833E+000    -0.31229718E+000    -0.15209385E+004    -0.85402612E+002     0.20347494E+000     0.79477703E-001
    -0.91265782E+000    -0.42893014E+000    -0.31456832E+000    -0.15222864E+004    -0.85999991E+002     0.20362500E+000     0.80130764E-001
    -0.91189791E+000    -0.42938392E+000    -0.31685224E+000    -0.15236426E+004    -0.86600425E+002     0.20377384E+000     0.80787888E-001
    -0.91113799E+000    -0.42983967E+000    -0.31914907E+000    -0.15250070E+004    -0.87203941E+002     0.20392141E+000     0.81449092E-001
    -0.91037808E+000    -0.43029740E+000    -0.32145896E+000    -0.15263797E+004    -0.87810565E+002     0.20406769E+000     0.82114394E-001
    -0.90961816E+000    -0.43075712E+000    -0.32378203E+000    -0.15277608E+004    -0.88420324E+002     0.20421262E+000     0.82783812E-001
    -0.90885825E+000    -0.43121882E+000    -0.32611843E+000    -0.15291502E+004    -0.89033245E+002     0.20435616E+000     0.83457363E-001
    -0.90809833E+000    -0.43168252E+000    -0.32846830E+000    -0.15305480E+004    -0.89649354E+002     0.20449827E+000     0.84135064E-001
    -0.90733842E+000    -0.43214820E+000    -0.33083179E+000    -0.15319543E+004    -0.90268680E+002     0.20463891E+000     0.84816932E-001
    -0.90657850E+000    -0.43261588E+000    -0.33320904E+000    -0.15333689E+004    -0.90891249E+002     0.20477802E+000     0.85502983E-001
    -0.90581859E+000    -0.43308555E+000    -0.33560021E+000    -0.15347921E+004    -0.91517090E+002     0.20491557E+000     0.86193232E-001
    -0.90505867E+000    -0.43355723E+000    -0.33800543E+000    -0.15362237E+004    -0.92146230E+002     0.20505150E+000     0.86887697E-001
    -0.90429876E+000    -0.43403090E+000    -0.34042487E+000    -0.15376639E+004    -0.92778698E+002     0.20518578E+000     0.87586391E-001
    -0.90353884E+000    -0.43450658E+000    -0.34285867E+000    -0.15391126E+004    -0.93414521E+002     0.20531835E+000     0.88289330E-001
    -0.90277893E+000    -0.43498425E+000    -0.34530700E+000    -0.15405699E+004    -0.94053729E+002     0.20544917E+000     0.88996529E-001
    -0.90201901E+000    -0.43546394E+000    -0.34777001E+000    -0.15420358E+004    -0.94696351E+002     0.20557819E+000     0.89708002E-001
    -0.90125910E+000    -0.43594563E+000    -0.35024787E+000    -0.15435104E+004    -0.95342414E+002     0.20570537E+000     0.90423764E-001
    -0.90049918E+000    -0.43642934E+000    -0.35274074E+000    -0.15449936E+004    -0.95991949E+002     0.20583065E+000     0.91143826E-001
    -0.89973927E+000    -0.43691506E+000    -0.35524880E+000    -0.15464855E+004    -0.96644985E+002     0.20595398E+000     0.91868203E-001
    -0.89897935E+000    -0.43740277E+000    -0.35777221E+000    -0.15479861E+004    -0.97301552E+002     0.20607532E+000     0.92596908E-001
    -0.89821944E+000    -0.43789249E+000    -0.36031114E+000    -0.15494955E+004    -0.97961680E+002     0.20619461E+000     0.93329952E-001
    -0.89745952E+000    -0.43838421E+000    -0.36286578E+000    -0.15510137E+004    -0.98625398E+002     0.20631181E+000     0.94067348E-001
    -0.89669961E+000    -0.43887793E+000    -0.36543629E+000    -0.15525407E+004    -0.99292737E+002     0.20642686E+000     0.94809107E-001
    -0.89593969E+000    -0.43937365E+000    -0.36802285E+000    -0.15540766E+004    -0.99963728E+002     0.20653971E+000     0.95555240E-001
    -0.89517978E+000    -0.43987136E+000    -0.37062566E+000    -0.15556213E+004    -0.10063840E+003     0.20665032E+000     0.96305758E-001
    -0.89441986E+000    -0.44037106E+000    -0.37324489E+000    -0.15571749E+004    -0.10131679E+003     0.20675862E+000     0.97060671E-001
    -0.89365995E+000    -0.44087276E+000    -0.37588074E+000    -0.15587375E+004    -0.10199892E+003     0.20686457E+000     0.97819989E-001
    -0.89290003E+000    -0.44137643E+000    -0.37853341E+000    -0.15603090E+004    -0.10268483E+003     0.20696810E+000     0.98583721E-001
    -0.89214012E+000    -0.44188208E+000    -0.38120308E+000    -0.15618895E+004    -0.10337455E+003     0.20706918E+000     0.99351876E-001
    -0.89138020E+000    -0.44238969E+000    -0.38388995E+000    -0.15634791E+004    -0.10406810E+003     0.20716774E+000     0.10012446E+000
    -0.89062029E+000    -0.44289926E+000    -0.38659423E+000    -0.15650777E+004    -0.10476553E+003     0.20726372E+000     0.10090149E+000
    -0.88986037E+000    -0.44341079E+000    -0.38931612E+000    -0.15666854E+004    -0.10546687E+003     0.20735708E+000     0.10168296E+000
    -0.88910046E+000    -0.44392425E+000    -0.39205584E+000    -0.15683022E+004    -0.10617214E+003     0.20744776E+000     0.10246888E+000
    -0.88834054E+000    -0.44443964E+000    -0.39481358E+000    -0.15699282E+004    -0.10688138E+003     0.20753570E+000     0.10325926E+000
    -0.88758063E+000    -0.44495695E+000    -0.39758957E+000    -0.15715634E+004    -0.10759463E+003     0.20762084E+000     0.10405411E+000
    -0.88682072E+000    -0.44547615E+000    -0.40038403E+000    -0.15732078E+004    -0.10831192E+003     0.20770313E+000     0.10485342E+000
    -0.88606080E+000    -0.44599725E+000    -0.40319716E+000    -0.15748614E+004    -0.10903328E+003     0.20778251E+000     0.10565721E+000
    -0.88530089E+000    -0.44652022E+000    -0.40602921E+000    -0.15765243E+004    -0.10975874E+003     0.20785891E+000     0.10646548E+000
    -0.88454097E+000    -0.44704506E+000    -0.40888039E+000    -0.15781966E+004    -0.11048834E+003     0.20793229E+000     0.10727823E+000
    -0.88378106E+000    -0.44757173E+000    -0.41175095E+000    -0.15798782E+004    -0.11122212E+003     0.20800259E+000     0.10809546E+000
    -0.88302114E+000    -0.44810022E+000    -0.41464112E+000    -0.15815692E+004    -0.11196011E+003     0.20806974E+000     0.10891718E+000
    -0.88226123E+000    -0.44863051E+000    -0.41755114E+000    -0.15832696E+004    -0.11270235E+003     0.20813368E+000     0.10974338E+000
    -0.88150131E+000    -0.44916256E+000    -0.42048126E+000    -0.15849794E+004    -0.11344886E+003     0.20819435E+000     0.11057408E+000
    -0.88074140E+000    -0.44969636E+000    -0.42343170E+000    -0.15866988E+004    -0.11419969E+003     0.20825170E+000     0.11140926E+000
    -0.87998148E+000    -0.45023189E+000    -0.42640274E+000    -0.15884277E+004    -0.11495487E+003     0.20830566E+000     0.11224893E+000
    -0.87922157E+000    -0.45076910E+000    -0.42939461E+000    -0.15901661E+004    -0.11571444E+003     0.20835616E+000     0.11309309E+000
    -0.87846165E+000    -0.45130797E+000    -0.43240758E+000    -0.15919141E+004    -0.11647844E+003     0.20840316E+000     0.11394174E+000
    -0.87770174E+000    -0.45184849E+000    -0.43544190E+000    -0.15936717E+004    -0.11724690E+003     0.20844658E+000     0.11479486E+000
    -0.87694182E+000    -0.45239061E+000    -0.43849785E+000    -0.15954390E+004    -0.11801985E+003     0.20848636E+000     0.11565247E+000
    -0.87618191E+000    -0.45293429E+000    -0.44157571E+000    -0.15972160E+004    -0.11879735E+003     0.20852244E+000     0.11651455E+000
    -0.87542199E+000    -0.45347950E+000    -0.44467575E+000    -0.15990028E+004    -0.11957941E+003     0.20855475E+000     0.11738110E+000
    -0.87466208E+000    -0.45402620E+000    -0.44779823E+000    -0.16007993E+004    -0.12036610E+003     0.20858323E+000     0.11825212E+000
    -0.87390216E+000    -0.45457433E+000    -0.45094346E+000    -0.16026056E+004    -0.12115743E+003     0.20860782E+000     0.11912760E+000
    -0.87314225E+000    -0.45512386E+000    -0.45411170E+000    -0.16044218E+004    -0.12195345E+003     0.20862845E+000     0.12000753E+000
    -0.87238233E+000    -0.45567474E+000    -0.45730326E+000    -0.16062478E+004    -0.12275420E+003     0.20864506E+000     0.12089191E+000
    -0.87162242E+000    -0.45622692E+000    -0.46051843E+000    -0.16080837E+004    -0.12355971E+003     0.20865757E+000     0.12178072E+000
    -0.87086250E+000    -0.45678035E+000    -0.46375751E+000    -0.16099296E+004    -0.12437004E+003     0.20866592E+000     0.12267396E+000
    -0.87010259E+000    -0.45733497E+000    -0.46702080E+000    -0.16117855E+004    -0.12518521E+003     0.20867006E+000     0.12357162E+000
    -0.86934267E+000    -0.45789071E+000    -0.47030862E+000    -0.16136514E+004    -0.12600527E+003     0.20866990E+000     0.12447369E+000
    -0.86858276E+000    -0.45844753E+000    -0.47362127E+000    -0.16155274E+004    -0.12683026E+003     0.20866538E+000     0.12538015E+000
    -0.86782284E+000    -0.45900537E+000    -0.47695907E+000    -0.16174135E+004    -0.12766022E+003     0.20865644E+000     0.12629099E+000
    -0.86706293E+000    -0.45956415E+000    -0.48032235E+000    -0.16193098E+004    -0.12849518E+003     0.20864300E+000     0.12720620E+000
    -0.86630301E+000    -0.46012380E+000    -0.48371146E+000    -0.16212162E+004    -0.12933521E+003     0.20862500E+000     0.12812577E+000
    -0.86554310E+000    -0.46068423E+000    -0.48712671E+000    -0.16231328E+004    -0.13018032E+003     0.20860237E+000     0.12904967E+000
    -0.86478318E+000    -0.46124538E+000    -0.49056843E+000    -0.16250597E+004    -0.13103057E+003     0.20857504E+000     0.12997790E+000
    -0.86402327E+000    -0.46180714E+000    -0.49403697E+000    -0.16269969E+004    -0.13188600E+003     0.20854295E+000     0.13091044E+000
    -0.86326335E+000    -0.46236945E+000    -0.49753267E+000    -0.16289445E+004    -0.13274665E+003     0.20850601E+000     0.13184726E+000
    -0.86250344E+000    -0.46293221E+000    -0.50105588E+000    -0.16309024E+004    -0.13361257E+003     0.20846416E+000     0.13278836E+000
    -0.86174352E+000    -0.46349533E+000    -0.50460694E+000    -0.16328707E+004    -0.13448380E+003     0.20841734E+000     0.13373370E+000
    -0.86098361E+000    -0.46405873E+000    -0.50818624E+000    -0.16348496E+004    -0.13536038E+003     0.20836547E+000     0.13468328E+000
    -0.86022369E+000    -0.46462229E+000    -0.51179413E+000    -0.16368389E+004    -0.13624235E+003     0.20830847E+000     0.13563706E+000
    -0.85946378E+000    -0.46518592E+000    -0.51543098E+000    -0.16388387E+004    -0.13712977E+003     0.20824629E+000     0.13659503E+000
    -0.85870386E+000    -0.46574949E+000    -0.51909717E+000    -0.16408492E+004    -0.13802268E+003     0.20817884E+000     0.13755716E+000
    -0.85794395E+000    -0.46631290E+000    -0.52279309E+000    -0.16428702E+004    -0.13892112E+003     0.20810606E+000     0.13852343E+000
    -0.85718403E+000    -0.46687602E+000    -0.52651912E+000    -0.16449020E+004    -0.13982514E+003     0.20802788E+000     0.13949381E+000
    -0.85642412E+000    -0.46743873E+000    -0.53027565E+000    -0.16469444E+004    -0.14073478E+003     0.20794422E+000     0.14046828E+000
    -0.85566420E+000    -0.46800089E+000    -0.53406307E+000    -0.16489976E+004    -0.14165010E+003     0.20785500E+000     0.14144680E+000
    -0.85490429E+000    -0.46856238E+000    -0.53788178E+000    -0.16510616E+004    -0.14257114E+003     0.20776017E+000     0.14242935E+000
    -0.85414437E+000    -0.46912305E+000    -0.54173221E+000    -0.16531365E+004    -0.14349794E+003     0.20765964E+000     0.14341590E+000
    -0.85338446E+000    -0.46968274E+000    -0.54561475E+000    -0.16552222E+004    -0.14443056E+003     0.20755335E+000     0.14440642E+000
    -0.85262454E+000    -0.47024131E+000    -0.54952981E+000    -0.16573189E+004    -0.14536904E+003     0.20744121E+000     0.14540087E+000
    -0.85186463E+000    -0.47079861E+000    -0.55347781E+000    -0.16594265E+004    -0.14631343E+003     0.20732317E+000     0.14639922E+000
    -0.85110471E+000    -0.47135447E+000    -0.55745919E+000    -0.16615452E+004    -0.14726379E+003     0.20719914E+000     0.14740145E+000
    -0.85034480E+000    -0.47190872E+000    -0.56147438E+000    -0.16636749E+004    -0.14822015E+003     0.20706904E+000     0.14840750E+000
    -0.84958488E+000    -0.47246118E+000    -0.56552382E+000    -0.16658157E+004    -0.14918258E+003     0.20693282E+000     0.14941736E+000
    -0.84882497E+000    -0.47301167E+000    -0.56960796E+000    -0.16679677E+004    -0.15015112E+003     0.20679039E+000     0.15043097E+000
    -0.84806505E+000    -0.47355998E+000    -0.57372723E+000    -0.16701309E+004    -0.15112581E+003     0.20664169E+000     0.15144830E+000
    -0.84730514E+000    -0.47410592E+000    -0.57788208E+000    -0.16723053E+004    -0.15210673E+003     0.20648663E+000     0.15246932E+000
    -0.84654522E+000    -0.47464929E+000    -0.58207296E+000    -0.16744910E+004    -0.15309390E+003     0.20632514E+000     0.15349397E+000
    -0.84578531E+000    -0.47518989E+000    -0.58630033E+000    -0.16766881E+004    -0.15408740E+003     0.20615716E+000     0.15452222E+000
    -0.84502539E+000    -0.47572750E+000    -0.59056467E+000    -0.16788965E+004    -0.15508726E+003     0.20598260E+000     0.15555402E+000
    -0.84426548E+000    -0.47626190E+000    -0.59486644E+000    -0.16811164E+004    -0.15609355E+003     0.20580140E+000     0.15658934E+000
    -0.84350556E+000    -0.47679284E+000    -0.59920613E+000    -0.16833477E+004    -0.15710631E+003     0.20561348E+000     0.15762811E+000
    -0.84274565E+000    -0.47732009E+000    -0.60358422E+000    -0.16855906E+004    -0.15812561E+003     0.20541876E+000     0.15867030E+000
    -0.84198573E+000    -0.47784339E+000    -0.60800120E+000    -0.16878451E+004    -0.15915149E+003     0.20521718E+000     0.15971586E+000
    -0.84122582E+000    -0.47836249E+000    -0.61245755E+000    -0.16901112E+004    -0.16018401E+003     0.20500865E+000     0.16076473E+000
    -0.84046590E+000    -0.47887711E+000    -0.61695377E+000    -0.16923890E+004    -0.16122323E+003     0.20479311E+000     0.16181687E+000
    -0.83970599E+000    -0.47938699E+000    -0.62149036E+000    -0.16946785E+004    -0.16226920E+003     0.20457049E+000     0.16287223E+000
    -0.83894607E+000    -0.47989184E+000    -0.62606782E+000    -0.16969798E+004    -0.16332199E+003     0.20434071E+000     0.16393074E+000
    -0.83818616E+000    -0.48039137E+000    -0.63068668E+000    -0.16992929E+004    -0.16438163E+003     0.20410369E+000     0.16499236E+000
    -0.83742625E+000    -0.48088528E+000    -0.63534744E+000    -0.17016179E+004    -0.16544820E+003     0.20385937E+000     0.16605703E+000
    -0.83666633E+000    -0.48137325E+000    -0.64005062E+000    -0.17039548E+004    -0.16652175E+003     0.20360767E+000     0.16712470E+000
    -0.83590642E+000    -0.48185495E+000    -0.64479675E+000    -0.17063037E+004    -0.16760235E+003     0.20334852E+000     0.16819529E+000
    -0.83514650E+000    -0.48233006E+000    -0.64958635E+000    -0.17086646E+004    -0.16869004E+003     0.20308184E+000     0.16926876E+000
    -0.83438659E+000    -0.48279824E+000    -0.65441997E+000    -0.17110376E+004    -0.16978489E+003     0.20280758E+000     0.17034504E+000
    -0.83362667E+000    -0.48325913E+000    -0.65929812E+000    -0.17134228E+004    -0.17088697E+003     0.20252565E+000     0.17142406E+000
    -0.83286676E+000    -0.48371236E+000    -0.66422136E+000    -0.17158201E+004    -0.17199632E+003     0.20223598E+000     0.17250578E+000
    -0.83210684E+000    -0.48415757E+000    -0.66919023E+000    -0.17182297E+004    -0.17311302E+003     0.20193850E+000     0.17359011E+000
    -0.83134693E+000    -0.48459438E+000    -0.67420527E+000    -0.17206516E+004    -0.17423712E+003     0.20163314E+000     0.17467699E+000
    -0.83058701E+000    -0.48502238E+000    -0.67926704E+000    -0.17230858E+004    -0.17536868E+003     0.20131984E+000     0.17576635E+000
    -0.82982710E+000    -0.48544118E+000    -0.68437610E+000    -0.17255325E+004    -0.17650778E+003     0.20099851E+000     0.17685813E+000
    -0.82906718E+000    -0.48585035E+000    -0.68953300E+000    -0.17279916E+004    -0.17765448E+003     0.20066910E+000     0.17795225E+000
    -0.82830727E+000    -0.48624946E+000    -0.69473831E+000    -0.17304632E+004    -0.17880883E+003     0.20033152E+000     0.17904864E+000
    -0.82754735E+000    -0.48663807E+000    -0.69999259E+000    -0.17329474E+004    -0.17997090E+003     0.19998573E+000     0.18014722E+000
    -0.82678744E+000    -0.48701573E+000    -0.70529642E+000    -0.17354443E+004    -0.18114077E+003     0.19963163E+000     0.18124793E+000
    -0.82602752E+000    -0.48738196E+000    -0.71065037E+000    -0.17379538E+004    -0.18231849E+003     0.19926917E+000     0.18235067E+000
    -0.82526761E+000    -0.48773631E+000    -0.71605501E+000    -0.17404760E+004    -0.18350413E+003     0.19889829E+000     0.18345538E+000
    -0.82450769E+000    -0.48807826E+000    -0.72151092E+000    -0.17430111E+004    -0.18469776E+003     0.19851891E+000     0.18456198E+000
    -0.82374778E+000    -0.48840733E+000    -0.72701869E+000    -0.17455590E+004    -0.18589946E+003     0.19813096E+000     0.18567038E+000
    -0.82298786E+000    -0.48872298E+000    -0.73257889E+000    -0.17481199E+004    -0.18710928E+003     0.19773438E+000     0.18678050E+000
    -0.82222795E+000    -0.48902469E+000    -0.73819212E+000    -0.17506937E+004    -0.18832730E+003     0.19732912E+000     0.18789226E+000
    -0.82146803E+000    -0.48931192E+000    -0.74385896E+000    -0.17532805E+004    -0.18955358E+003     0.19691509E+000     0.18900556E+000
    -0.82070812E+000    -0.48958410E+000    -0.74958001E+000    -0.17558805E+004    -0.19078820E+003     0.19649224E+000     0.19012034E+000
    -0.81994820E+000    -0.48984066E+000    -0.75535587E+000    -0.17584936E+004    -0.19203124E+003     0.19606051E+000     0.19123648E+000
    -0.81918829E+000    -0.49008102E+000    -0.76118711E+000    -0.17611199E+004    -0.19328276E+003     0.19561983E+000     0.19235391E+000
    -0.81842837E+000    -0.49030456E+000    -0.76707435E+000    -0.17637595E+004    -0.19454283E+003     0.19517014E+000     0.19347254E+000
    -0.81766846E+000    -0.49051067E+000    -0.77301816E+000    -0.17664125E+004    -0.19581153E+003     0.19471138E+000     0.19459226E+000
    -0.81690854E+000    -0.49069873E+000    -0.77901915E+000    -0.17690788E+004    -0.19708894E+003     0.19424350E+000     0.19571299E+000
    -0.81614863E+000    -0.49086809E+000    -0.78507790E+000    -0.17717587E+004    -0.19837513E+003     0.19376642E+000     0.19683463E+000
    -0.81538871E+000    -0.49101809E+000    -0.79119504E+000    -0.17744520E+004    -0.19967017E+003     0.19328010E+000     0.19795708E+000
    -0.81462880E+000    -0.49114806E+000    -0.79737114E+000    -0.17771589E+004    -0.20097415E+003     0.19278447E+000     0.19908025E+000
    -0.81386888E+000    -0.49125731E+000    -0.80360682E+000    -0.17798795E+004    -0.20228714E+003     0.19227948E+000     0.20020402E+000
    -0.81310897E+000    -0.49134512E+000    -0.80990268E+000    -0.17826138E+004    -0.20360922E+003     0.19176507E+000     0.20132831E+000
    -0.81234905E+000    -0.49141078E+000    -0.81625931E+000    -0.17853619E+004    -0.20494047E+003     0.19124120E+000     0.20245300E+000
    -0.81158914E+000    -0.49145355E+000    -0.82267731E+000    -0.17881239E+004    -0.20628096E+003     0.19070779E+000     0.20357799E+000
    -0.81082922E+000    -0.49147265E+000    -0.82915729E+000    -0.17908998E+004    -0.20763079E+003     0.19016481E+000     0.20470318E+000
    -0.81006931E+000    -0.49146733E+000    -0.83569984E+000    -0.17936896E+004    -0.20899003E+003     0.18961220E+000     0.20582846E+000
    -0.80930939E+000    -0.49143678E+000    -0.84230554E+000    -0.17964935E+004    -0.21035877E+003     0.18904990E+000     0.20695371E+000
    -0.80854948E+000    -0.49138023E+000    -0.84897498E+000    -0.17993115E+004    -0.21173708E+003     0.18847788E+000     0.20807882E+000
    -0.80778956E+000    -0.49129685E+000    -0.85570877E+000    -0.18021437E+004    -0.21312506E+003     0.18789607E+000     0.20920369E+000
    -0.80702965E+000    -0.49118579E+000    -0.86250750E+000    -0.18049902E+004    -0.21452279E+003     0.18730444E+000     0.21032820E+000
    -0.80626973E+000    -0.49104618E+000    -0.86937175E+000    -0.18078510E+004    -0.21593035E+003     0.18670294E+000     0.21145223E+000
    -0.80550982E+000    -0.49087717E+000    -0.87630211E+000    -0.18107262E+004    -0.21734783E+003     0.18609151E+000     0.21257566E+000
    -0.80474990E+000    -0.49067786E+000    -0.88329915E+000    -0.18136158E+004    -0.21877533E+003     0.18547013E+000     0.21369838E+000
    -0.80398999E+000    -0.49044735E+000    -0.89036345E+000    -0.18165200E+004    -0.22021292E+003     0.18483874E+000     0.21482027E+000
    -0.80323007E+000    -0.49018472E+000    -0.89749560E+000    -0.18194388E+004    -0.22166071E+003     0.18419731E+000     0.21594120E+000
    -0.80247016E+000    -0.48988901E+000    -0.90469617E+000    -0.18223722E+004    -0.22311878E+003     0.18354579E+000     0.21706105E+000
    -0.80171024E+000    -0.48955926E+000    -0.91196572E+000    -0.18253204E+004    -0.22458722E+003     0.18288414E+000     0.21817970E+000
    -0.80095033E+000    -0.48919448E+000    -0.91930482E+000    -0.18282835E+004    -0.22606613E+003     0.18221233E+000     0.21929701E+000
    -0.80019041E+000    -0.48879367E+000    -0.92671402E+000    -0.18312614E+004    -0.22755560E+003     0.18153033E+000     0.22041287E+000
    -0.79943050E+000    -0.48835583E+000    -0.93419386E+000    -0.18342543E+004    -0.22905572E+003     0.18083810E+000     0.22152713E+000
    -0.79867058E+000    -0.48787992E+000    -0.94174490E+000    -0.18372622E+004    -0.23056660E+003     0.18013560E+000     0.22263968E+000
    -0.79791067E+000    -0.48736489E+000    -0.94936768E+000    -0.18402853E+004    -0.23208833E+003     0.17942280E+000     0.22375037E+000
    -0.79715075E+000    -0.48680965E+000    -0.95706272E+000    -0.18433236E+004    -0.23362101E+003     0.17869968E+000     0.22485908E+000
    -0.79639084E+000    -0.48621314E+000    -0.96483057E+000    -0.18463771E+004    -0.23516473E+003     0.17796620E+000     0.22596567E+000
    -0.79563092E+000    -0.48557422E+000    -0.97267174E+000    -0.18494460E+004    -0.23671961E+003     0.17722234E+000     0.22706999E+000
    -0.79487101E+000    -0.48489179E+000    -0.98058675E+000    -0.18525303E+004    -0.23828573E+003     0.17646808E+000     0.22817192E+000
    -0.79411109E+000    -0.48416469E+000    -0.98857611E+000    -0.18556301E+004    -0.23986321E+003     0.17570339E+000     0.22927130E+000
    -0.79335118E+000    -0.48339175E+000    -0.99664032E+000    -0.18587455E+004    -0.24145215E+003     0.17492824E+000     0.23036801E+000
    -0.79259126E+000    -0.48257179E+000    -0.10047799E+001    -0.18618765E+004    -0.24305265E+003     0.17414263E+000     0.23146189E+000
    -0.79183135E+000    -0.48170359E+000    -0.10129953E+001    -0.18650233E+004    -0.24466482E+003     0.17334652E+000     0.23255280E+000
    -0.79107143E+000    -0.48078594E+000    -0.10212869E+001    -0.18681859E+004    -0.24628877E+003     0.17253991E+000     0.23364060E+000
    -0.79031152E+000    -0.47981759E+000    -0.10296554E+001    -0.18713644E+004    -0.24792460E+003     0.17172278E+000     0.23472513E+000
    -0.78955161E+000    -0.47879729E+000    -0.10381010E+001    -0.18745589E+004    -0.24957244E+003     0.17089511E+000     0.23580625E+000
    -0.78879169E+000    -0.47772375E+000    -0.10466243E+001    -0.18777694E+004    -0.25123238E+003     0.17005690E+000     0.23688380E+000
    -0.78803178E+000    -0.47659568E+000    -0.10552257E+001    -0.18809961E+004    -0.25290454E+003     0.16920814E+000     0.23795763E+000
    -0.78727186E+000    -0.47541176E+000    -0.10639057E+001    -0.18842391E+004    -0.25458904E+003     0.16834881E+000     0.23902760E+000
    -0.78651195E+000    -0.47417064E+000    -0.10726645E+001    -0.18874983E+004    -0.25628599E+003     0.16747892E+000     0.24009353E+000
    -0.78575203E+000    -0.47287098E+000    -0.10815027E+001    -0.18907739E+004    -0.25799551E+003     0.16659847E+000     0.24115528E+000
    -0.78499212E+000    -0.47151139E+000    -0.10904207E+001    -0.18940660E+004    -0.25971772E+003     0.16570744E+000     0.24221269E+000
    -0.78423220E+000    -0.47009048E+000    -0.10994188E+001    -0.18973747E+004    -0.26145273E+003     0.16480585E+000     0.24326559E+000
    -0.78347229E+000    -0.46860683E+000    -0.11084973E+001    -0.19007001E+004    -0.26320067E+003     0.16389369E+000     0.24431382E+000
    -0.78271237E+000    -0.46705900E+000    -0.11176567E+001    -0.19040421E+004    -0.26496166E+003     0.16297098E+000     0.24535722E+000
    -0.78195246E+000    -0.46544555E+000    -0.11268973E+001    -0.19074010E+004    -0.26673583E+003     0.16203772E+000     0.24639562E+000
    -0.78119254E+000    -0.46376501E+000    -0.11362194E+001    -0.19107769E+004    -0.26852329E+003     0.16109392E+000     0.24742886E+000
    -0.78043263E+000    -0.46201590E+000    -0.11456233E+001    -0.19141697E+004    -0.27032418E+003     0.16013959E+000     0.24845676E+000
    -0.77967271E+000    -0.46019668E+000    -0.11551093E+001    -0.19175796E+004    -0.27213863E+003     0.15917475E+000     0.24947916E+000
    -0.77891280E+000    -0.45830583E+000    -0.11646778E+001    -0.19210067E+004    -0.27396675E+003     0.15819942E+000     0.25049589E+000
    -0.77815288E+000    -0.45634181E+000    -0.11743290E+001    -0.19244510E+004    -0.27580870E+003     0.15721362E+000     0.25150676E+000
    -0.77739297E+000    -0.45430304E+000    -0.11840631E+001    -0.19279127E+004    -0.27766459E+003     0.15621737E+000     0.25251161E+000
    -0.77663305E+000    -0.45218795E+000    -0.11938804E+001    -0.19313919E+004    -0.27953457E+003     0.15521070E+000     0.25351026E+000
    -0.77587314E+000    -0.44999494E+000    -0.12037810E+001    -0.19348886E+004    -0.28141877E+003     0.15419363E+000     0.25450253E+000
    -0.77511322E+000    -0.44772238E+000    -0.12137654E+001    -0.19384030E+004    -0.28331733E+003     0.15316620E+000     0.25548823E+000
    -0.77435331E+000    -0.44536864E+000    -0.12238335E+001    -0.19419351E+004    -0.28523038E+003     0.15212844E+000     0.25646719E+000
    -0.77359339E+000    -0.44293203E+000    -0.12339857E+001    -0.19454850E+004    -0.28715807E+003     0.15108039E+000     0.25743923E+000
    -0.77283348E+000    -0.44041090E+000    -0.12442220E+001    -0.19490528E+004    -0.28910055E+003     0.15002209E+000     0.25840414E+000
    -0.77207356E+000    -0.43780354E+000    -0.12545427E+001    -0.19526386E+004    -0.29105795E+003     0.14895358E+000     0.25936176E+000
    -0.77131365E+000    -0.43510824E+000    -0.12649478E+001    -0.19562426E+004    -0.29303042E+003     0.14787491E+000     0.26031189E+000
    -0.77055373E+000    -0.43232327E+000    -0.12754374E+001    -0.19598647E+004    -0.29501812E+003     0.14678613E+000     0.26125433E+000
    -0.76979382E+000    -0.42944689E+000    -0.12860116E+001    -0.19635051E+004    -0.29702118E+003     0.14568729E+000     0.26218890E+000
    -0.76903390E+000    -0.42647731E+000    -0.12966706E+001    -0.19671640E+004    -0.29903977E+003     0.14457845E+000     0.26311540E+000
    -0.76827399E+000    -0.42341276E+000    -0.13074143E+001    -0.19708413E+004    -0.30107404E+003     0.14345967E+000     0.26403363E+000
    -0.76751407E+000    -0.42025142E+000    -0.13182429E+001    -0.19745373E+004    -0.30312414E+003     0.14233102E+000     0.26494340E+000
    -0.76675416E+000    -0.41699148E+000    -0.13291563E+001    -0.19782519E+004    -0.30519023E+003     0.14119255E+000     0.26584451E+000
    -0.76599424E+000    -0.41363110E+000    -0.13401544E+001    -0.19819853E+004    -0.30727246E+003     0.14004435E+000     0.26673674E+000
    -0.76523433E+000    -0.41016841E+000    -0.13512374E+001    -0.19857376E+004    -0.30937101E+003     0.13888648E+000     0.26761991E+000
    -0.76447441E+000    -0.40660155E+000    -0.13624051E+001    -0.19895089E+004    -0.31148604E+003     0.13771903E+000     0.26849380E+000
    -0.76371450E+000    -0.40292862E+000    -0.13736575E+001    -0.19932993E+004    -0.31361770E+003     0.13654209E+000     0.26935821E+000
    -0.76295458E+000    -0.39914771E+000    -0.13849945E+001    -0.19971089E+004    -0.31576617E+003     0.13535574E+000     0.27021292E+000
    -0.76219467E+000    -0.39525689E+000    -0.13964160E+001    -0.20009378E+004    -0.31793161E+003     0.13416007E+000     0.27105773E+000
    -0.76143475E+000    -0.39125421E+000    -0.14079218E+001    -0.20047861E+004    -0.32011420E+003     0.13295518E+000     0.27189242E+000
    -0.76067484E+000    -0.38713773E+000    -0.14195119E+001    -0.20086539E+004    -0.32231411E+003     0.13174118E+000     0.27271677E+000
    -0.75991492E+000    -0.38290546E+000    -0.14311860E+001    -0.20125413E+004    -0.32453152E+003     0.13051818E+000     0.27353058E+000
    -0.75915501E+000    -0.37855542E+000    -0.14429439E+001    -0.20164484E+004    -0.32676661E+003     0.12928627E+000     0.27433362E+000
    -0.75839509E+000    -0.37408558E+000    -0.14547855E+001    -0.20203754E+004    -0.32901955E+003     0.12804559E+000     0.27512566E+000
    -0.75763518E+000    -0.36949393E+000    -0.14667105E+001    -0.20243222E+004    -0.33129052E+003     0.12679626E+000     0.27590650E+000
    -0.75687526E+000    -0.36477840E+000    -0.14787187E+001    -0.20282891E+004    -0.33357972E+003     0.12553841E+000     0.27667590E+000
    -0.75611535E+000    -0.35993695E+000    -0.14908096E+001    -0.20322762E+004    -0.33588732E+003     0.12427216E+000     0.27743365E+000
    -0.75535543E+000    -0.35496748E+000    -0.15029832E+001    -0.20362835E+004    -0.33821352E+003     0.12299767E+000     0.27817950E+000
    -0.75459552E+000    -0.34986791E+000    -0.15152389E+001    -0.20403111E+004    -0.34055851E+003     0.12171508E+000     0.27891323E+000
    -0.75383560E+000    -0.34463612E+000    -0.15275765E+001    -0.20443592E+004    -0.34292248E+003     0.12042455E+000     0.27963462E+000
    -0.75307569E+000    -0.33927000E+000    -0.15399955E+001    -0.20484279E+004    -0.34530563E+003     0.11912623E+000     0.28034343E+000
    -0.75231577E+000    -0.33376740E+000    -0.15524957E+001    -0.20525173E+004    -0.34770815E+003     0.11782029E+000     0.28103942E+000
    -0.75155586E+000    -0.32812616E+000    -0.15650764E+001    -0.20566274E+004    -0.35013025E+003     0.11650692E+000     0.28172237E+000
    -0.75079594E+000    -0.32234408E+000    -0.15777374E+001    -0.20607585E+004    -0.35257213E+003     0.11518628E+000     0.28239203E+000
    -0.75003603E+000    -0.31641899E+000    -0.15904780E+001    -0.20649106E+004    -0.35503400E+003     0.11385858E+000     0.28304817E+000
    -0.74927611E+000    -0.31034866E+000    -0.16032979E+001    -0.20690838E+004    -0.35751607E+003     0.11252400E+000     0.28369054E+000
    -0.74851620E+000    -0.30413089E+000    -0.16161964E+001    -0.20732783E+004    -0.36001854E+003     0.11118276E+000     0.28431892E+000
    -0.74775628E+000    -0.29776343E+000    -0.16291730E+001    -0.20774941E+004    -0.36254163E+003     0.10983507E+000     0.28493306E+000
    -0.74699637E+000    -0.29124402E+000    -0.16422271E+001    -0.20817314E+004    -0.36508555E+003     0.10848116E+000     0.28553272E+000
    -0.74623645E+000    -0.28457037E+000    -0.16553581E+001    -0.20859903E+004    -0.36765054E+003     0.10712125E+000     0.28611766E+000
    -0.74547654E+000    -0.27774021E+000    -0.16685654E+001    -0.20902708E+004    -0.37023679E+003     0.10575559E+000     0.28668763E+000
    -0.74471662E+000    -0.27075123E+000    -0.16818482E+001    -0.20945732E+004    -0.37284455E+003     0.10438443E+000     0.28724240E+000
    -0.74395671E+000    -0.26360110E+000    -0.16952059E+001    -0.20988976E+004    -0.37547404E+003     0.10300803E+000     0.28778171E+000
    -0.74319679E+000    -0.25628750E+000    -0.17086378E+001    -0.21032440E+004    -0.37812549E+003     0.10162667E+000     0.28830534E+000
    -0.74243688E+000    -0.24880808E+000    -0.17221430E+001    -0.21076125E+004    -0.38079913E+003     0.10024062E+000     0.28881304E+000
    -0.74167696E+000    -0.24116045E+000    -0.17357208E+001    -0.21120034E+004    -0.38349519E+003     0.98850174E-001     0.28930457E+000
    -0.74091705E+000    -0.23334223E+000    -0.17493705E+001    -0.21164166E+004    -0.38621392E+003     0.97455645E-001     0.28977969E+000
    -0.74015714E+000    -0.22535103E+000    -0.17630911E+001    -0.21208524E+004    -0.38895556E+003     0.96057345E-001     0.29023815E+000
    -0.73939722E+000    -0.21718441E+000    -0.17768817E+001    -0.21253108E+004    -0.39172035E+003     0.94655601E-001     0.29067974E+000
    -0.73863731E+000    -0.20883994E+000    -0.17907416E+001    -0.21297920E+004    -0.39450854E+003     0.93250753E-001     0.29110420E+000
    -0.73787739E+000    -0.20031519E+000    -0.18046696E+001    -0.21342961E+004    -0.39732039E+003     0.91843154E-001     0.29151131E+000
    -0.73711748E+000    -0.19160767E+000    -0.18186649E+001    -0.21388232E+004    -0.40015613E+003     0.90433169E-001     0.29190084E+000
    -0.73635756E+000    -0.18271492E+000    -0.18327264E+001    -0.21433734E+004    -0.40301604E+003     0.89021177E-001     0.29227256E+000
    -0.73559765E+000    -0.17363442E+000    -0.18468531E+001    -0.21479469E+004    -0.40590038E+003     0.87607570E-001     0.29262625E+000
    -0.73483773E+000    -0.16436367E+000    -0.18610439E+001    -0.21525437E+004    -0.40880940E+003     0.86192753E-001     0.29296169E+000
    -0.73407782E+000    -0.15490013E+000    -0.18752978E+001    -0.21571641E+004    -0.41174337E+003     0.84777146E-001     0.29327867E+000
    -0.73331790E+000    -0.14524127E+000    -0.18896135E+001    -0.21618081E+004    -0.41470257E+003     0.83361185E-001     0.29357697E+000
    -0.73255799E+000    -0.13538451E+000    -0.19039900E+001    -0.21664759E+004    -0.41768727E+003     0.81945319E-001     0.29385640E+000
    -0.73179807E+000    -0.12532728E+000    -0.19184259E+001    -0.21711675E+004    -0.42069775E+003     0.80530011E-001     0.29411675E+000
    -0.73103816E+000    -0.11506700E+000    -0.19329201E+001    -0.21758832E+004    -0.42373428E+003     0.79115743E-001     0.29435784E+000
    -0.73027824E+000    -0.10460106E+000    -0.19474712E+001    -0.21806230E+004    -0.42679716E+003     0.77703009E-001     0.29457947E+000
    -0.72951833E+000    -0.93926820E-001    -0.19620780E+001    -0.21853870E+004    -0.42988667E+003     0.76292321E-001     0.29478149E+000
    -0.72875841E+000    -0.83041658E-001    -0.19767391E+001    -0.21901755E+004    -0.43300310E+003     0.74884208E-001     0.29496371E+000
    -0.72799850E+000    -0.71942913E-001    -0.19914530E+001    -0.21949885E+004    -0.43614674E+003     0.73479213E-001     0.29512599E+000
    -0.72723858E+000    -0.60627916E-001    -0.20062184E+001    -0.21998261E+004    -0.43931791E+003     0.72077897E-001     0.29526817E+000
    -0.72647867E+000    -0.49093991E-001    -0.20210338E+001    -0.22046886E+004    -0.44251690E+003     0.70680838E-001     0.29539012E+000
    -0.72571875E+000    -0.37338438E-001    -0.20358976E+001    -0.22095759E+004    -0.44574403E+003     0.69288632E-001     0.29549171E+000
    -0.72495884E+000    -0.25358531E-001    -0.20508083E+001    -0.22144884E+004    -0.44899959E+003     0.67901891E-001     0.29557285E+000
    -0.72419892E+000    -0.13151532E-001    -0.20657644E+001    -0.22194260E+004    -0.45228391E+003     0.66521243E-001     0.29563342E+000
    -0.72343901E+000    -0.71469145E-003    -0.20807641E+001    -0.22243889E+004    -0.45559732E+003     0.65147337E-001     0.29567334E+000
    -0.72267909E+000     0.11954747E-001    -0.20958058E+001    -0.22293773E+004    -0.45894012E+003     0.63780837E-001     0.29569256E+000
    -0.72191918E+000     0.24859552E-001    -0.21108878E+001    -0.22343913E+004    -0.46231266E+003     0.62422425E-001     0.29569101E+000
    -0.72115926E+000     0.38002504E-001    -0.21260082E+001    -0.22394310E+004    -0.46571526E+003     0.61072801E-001     0.29566867E+000
    -0.72039935E+000     0.51386400E-001    -0.21411653E+001    -0.22444966E+004    -0.46914827E+003     0.59732682E-001     0.29562553E+000
    -0.71963943E+000     0.65014061E-001    -0.21563572E+001    -0.22495882E+004    -0.47261202E+003     0.58402802E-001     0.29556158E+000
    -0.71887952E+000     0.78888320E-001    -0.21715820E+001    -0.22547060E+004    -0.47610687E+003     0.57083915E-001     0.29547686E+000
    -0.71811960E+000     0.93012025E-001    -0.21868377E+001    -0.22598500E+004    -0.47963316E+003     0.55776789E-001     0.29537141E+000
    -0.71735969E+000     0.10738803E+000    -0.22021225E+001    -0.22650205E+004    -0.48319125E+003     0.54482211E-001     0.29524531E+000
    -0.71659977E+000     0.12201922E+000    -0.22174341E+001    -0.22702175E+004    -0.48678151E+003     0.53200982E-001     0.29509866E+000
    -0.71583986E+000     0.13690846E+000    -0.22327705E+001    -0.22754413E+004    -0.49040430E+003     0.51933922E-001     0.29493159E+000
    -0.71507994E+000     0.15205866E+000    -0.22481296E+001    -0.22806919E+004    -0.49406000E+003     0.50681866E-001     0.29474423E+000
    -0.71432003E+000     0.16747272E+000    -0.22635091E+001    -0.22859695E+004    -0.49774897E+003     0.49445664E-001     0.29453677E+000
    -0.71356011E+000     0.18315355E+000    -0.22789068E+001    -0.22912742E+004    -0.50147161E+003     0.48226182E-001     0.29430943E+000
    -0.71280020E+000     0.19910407E+000    -0.22943204E+001    -0.22966062E+004    -0.50522831E+003     0.47024297E-001     0.29406243E+000
    -0.71204028E+000     0.21532724E+000    -0.23097476E+001    -0.23019657E+004    -0.50901945E+003     0.45840905E-001     0.29379606E+000
    -0.71128037E+000     0.23182601E+000    -0.23251859E+001    -0.23073528E+004    -0.51284543E+003     0.44676910E-001     0.29351063E+000
    -0.71052045E+000     0.24860334E+000    -0.23406329E+001    -0.23127675E+004    -0.51670667E+003     0.43533230E-001     0.29320647E+000
    -0.70976054E+000     0.26566221E+000    -0.23560861E+001    -0.23182102E+004    -0.52060358E+003     0.42410794E-001     0.29288396E+000
    -0.70900062E+000     0.28300559E+000    -0.23715429E+001    -0.23236809E+004    -0.52453657E+003     0.41310542E-001     0.29254352E+000
    -0.70824071E+000     0.30063649E+000    -0.23870007E+001    -0.23291797E+004    -0.52850606E+003     0.40233421E-001     0.29218562E+000
    -0.70748079E+000     0.31855789E+000    -0.24024567E+001    -0.23347069E+004    -0.53251250E+003     0.39180388E-001     0.29181075E+000
    -0.70672088E+000     0.33677283E+000    -0.24179083E+001    -0.23402626E+004    -0.53655631E+003     0.38152404E-001     0.29141944E+000
    -0.70596096E+000     0.35528432E+000    -0.24333527E+001    -0.23458469E+004    -0.54063794E+003     0.37150439E-001     0.29101230E+000
    -0.70520105E+000     0.37409539E+000    -0.24487870E+001    -0.23514599E+004    -0.54475784E+003     0.36175463E-001     0.29058993E+000
    -0.70444113E+000     0.39320907E+000    -0.24642083E+001    -0.23571020E+004    -0.54891646E+003     0.35228451E-001     0.29015303E+000
    -0.70368122E+000     0.41262840E+000    -0.24796136E+001    -0.23627731E+004    -0.55311428E+003     0.34310376E-001     0.28970232E+000
    -0.70292130E+000     0.43235643E+000    -0.24949998E+001    -0.23684734E+004    -0.55735176E+003     0.33422214E-001     0.28923857E+000
    -0.70216139E+000     0.45239621E+000    -0.25103639E+001    -0.23742031E+004    -0.56162939E+003     0.32564933E-001     0.28876261E+000
    -0.70140147E+000     0.47275080E+000    -0.25257028E+001    -0.23799624E+004    -0.56594765E+003     0.31739499E-001     0.28827530E+000
    -0.70064156E+000     0.49342329E+000    -0.25410132E+001    -0.23857515E+004    -0.57030704E+003     0.30946872E-001     0.28777759E+000
    -0.69988164E+000     0.51441675E+000    -0.25562918E+001    -0.23915703E+004    -0.57470806E+003     0.30188000E-001     0.28727046E+000
    -0.69912173E+000     0.53573427E+000    -0.25715352E+001    -0.23974192E+004    -0.57915122E+003     0.29463821E-001     0.28675493E+000
    -0.69836181E+000     0.55737892E+000    -0.25867401E+001    -0.24032983E+004    -0.58363705E+003     0.28775260E-001     0.28623211E+000
    -0.69760190E+000     0.57935380E+000    -0.26019030E+001    -0.24092078E+004    -0.58816606E+003     0.28123223E-001     0.28570315E+000
    -0.69684198E+000     0.60166200E+000    -0.26170203E+001    -0.24151477E+004    -0.59273880E+003     0.27508601E-001     0.28516925E+000
    -0.69608207E+000     0.62430663E+000    -0.26320885E+001    -0.24211183E+004    -0.59735581E+003     0.26932260E-001     0.28463169E+000
    -0.69532215E+000     0.64729077E+000    -0.26471038E+001    -0.24271196E+004    -0.60201765E+003     0.26395044E-001     0.28409178E+000
    -0.69456224E+000     0.67061756E+000    -0.26620625E+001    -0.24331520E+004    -0.60672488E+003     0.25897767E-001     0.28355092E+000
    -0.69380232E+000     0.69429010E+000    -0.26769608E+001    -0.24392155E+004    -0.61147808E+003     0.25441218E-001     0.28301055E+000
    -0.69304241E+000     0.71831151E+000    -0.26917948E+001    -0.24453103E+004    -0.61627782E+003     0.25026146E-001     0.28247217E+000
    -0.69228249E+000     0.74268491E+000    -0.27065606E+001    -0.24514365E+004    -0.62112471E+003     0.24653269E-001     0.28193735E+000
    -0.69152258E+000     0.76741343E+000    -0.27212541E+001    -0.24575943E+004    -0.62601935E+003     0.24323263E-001     0.28140772E+000
    -0.69076267E+000     0.79250020E+000    -0.27358712E+001    -0.24637839E+004    -0.63096234E+003     0.24036761E-001     0.28088497E+000
    -0.69000275E+000     0.81794836E+000    -0.27504078E+001    -0.24700054E+004    -0.63595432E+003     0.23794350E-001     0.28037083E+000
    -0.68924284E+000     0.84376104E+000    -0.27648596E+001    -0.24762589E+004    -0.64099593E+003     0.23596566E-001     0.27986713E+000
    -0.68848292E+000     0.86994138E+000    -0.27792223E+001    -0.24825447E+004    -0.64608780E+003     0.23443895E-001     0.27937572E+000
    -0.68772301E+000     0.89649254E+000    -0.27934915E+001    -0.24888628E+004    -0.65123059E+003     0.23336761E-001     0.27889852E+000
    -0.68696309E+000     0.92341765E+000    -0.28076628E+001    -0.24952135E+004    -0.65642498E+003     0.23275532E-001     0.27843753E+000
    -0.68620318E+000     0.95071990E+000    -0.28217316E+001    -0.25015969E+004    -0.66167165E+003     0.23260508E-001     0.27799478E+000
    -0.68544326E+000     0.97840244E+000    -0.28356931E+001    -0.25080131E+004    -0.66697129E+003     0.23291923E-001     0.27757235E+000
    -0.68468335E+000     0.10064684E+001    -0.28495429E+001    -0.25144623E+004    -0.67232460E+003     0.23369939E-001     0.27717240E+000
    -0.68392343E+000     0.10349210E+001    -0.28632760E+001    -0.25209446E+004    -0.67773231E+003     0.23494642E-001     0.27679713E+000
    -0.68316352E+000     0.10637634E+001    -0.28768876E+001    -0.25274602E+004    -0.68319514E+003     0.23666037E-001     0.27644879E+000
    -0.68240360E+000     0.10929988E+001    -0.28903726E+001    -0.25340092E+004    -0.68871384E+003     0.23884050E-001     0.27612966E+000
    -0.68164369E+000     0.11226303E+001    -0.29037262E+001    -0.25405918E+004    -0.69428917E+003     0.24148515E-001     0.27584209E+000
    -0.68088377E+000     0.11526612E+001    -0.29169431E+001    -0.25472080E+004    -0.69992190E+003     0.24459180E-001     0.27558847E+000
    -0.68012386E+000     0.11830947E+001    -0.29300180E+001    -0.25538581E+004    -0.70561280E+003     0.24815694E-001     0.27537122E+000
    -0.67936394E+000     0.12139339E+001    -0.29429458E+001    -0.25605422E+004    -0.71136269E+003     0.25217613E-001     0.27519280E+000
    -0.67860403E+000     0.12451821E+001    -0.29557209E+001    -0.25672603E+004    -0.71717238E+003     0.25664386E-001     0.27505571E+000
    -0.67784411E+000     0.12768426E+001    -0.29683378E+001    -0.25740127E+004    -0.72304269E+003     0.26155361E-001     0.27496248E+000
    -0.67708420E+000     0.13089185E+001    -0.29807910E+001    -0.25807995E+004    -0.72897446E+003     0.26689775E-001     0.27491564E+000
    -0.67632428E+000     0.13414130E+001    -0.29930746E+001    -0.25876207E+004    -0.73496856E+003     0.27266753E-001     0.27491779E+000
    -0.67556437E+000     0.13743295E+001    -0.30051830E+001    -0.25944765E+004    -0.74102585E+003     0.27885307E-001     0.27497152E+000
    -0.67480445E+000     0.14076712E+001    -0.30171100E+001    -0.26013669E+004    -0.74714724E+003     0.28544328E-001     0.27507943E+000
    -0.67404454E+000     0.14414412E+001    -0.30288498E+001    -0.26082922E+004    -0.75333362E+003     0.29242587E-001     0.27524414E+000
    -0.67328462E+000     0.14756430E+001    -0.30403962E+001    -0.26152524E+004    -0.75958591E+003     0.29978729E-001     0.27546828E+000
    -0.67252471E+000     0.15102797E+001    -0.30517428E+001    -0.26222476E+004    -0.76590505E+003     0.30751274E-001     0.27575447E+000
    -0.67176479E+000     0.15453547E+001    -0.30628833E+001    -0.26292779E+004    -0.77229201E+003     0.31558613E-001     0.27610532E+000
    -0.67100488E+000     0.15808711E+001    -0.30738112E+001    -0.26363433E+004    -0.77874774E+003     0.32399003E-001     0.27652344E+000
    -0.67024496E+000     0.16168324E+001    -0.30845199E+001    -0.26434440E+004    -0.78527325E+003     0.33270569E-001     0.27701143E+000
    -0.66948505E+000     0.16532418E+001    -0.30950025E+001    -0.26505801E+004    -0.79186953E+003     0.34171299E-001     0.27757184E+000
    -0.66872513E+000     0.16901026E+001    -0.31052521E+001    -0.26577515E+004    -0.79853762E+003     0.35099044E-001     0.27820721E+000
    -0.66796522E+000     0.17274181E+001    -0.31152617E+001    -0.26649584E+004    -0.80527856E+003     0.36051517E-001     0.27892006E+000
    -0.66720530E+000     0.17651917E+001    -0.31250242E+001    -0.26722008E+004    -0.81209340E+003     0.37026291E-001     0.27971283E+000
    -0.66644539E+000     0.18034265E+001    -0.31345321E+001    -0.26794787E+004    -0.81898324E+003     0.38020797E-001     0.28058795E+000
    -0.66568547E+000     0.18421259E+001    -0.31437780E+001    -0.26867922E+004    -0.82594916E+003     0.39032324E-001     0.28154777E+000
    -0.66492556E+000     0.18812932E+001    -0.31527543E+001    -0.26941413E+004    -0.83299230E+003     0.40058023E-001     0.28259459E+000
    -0.66416564E+000     0.19209318E+001    -0.31614531E+001    -0.27015260E+004    -0.84011378E+003     0.41094899E-001     0.28373064E+000
    -0.66340573E+000     0.19610448E+001    -0.31698665E+001    -0.27089463E+004    -0.84731477E+003     0.42139817E-001     0.28495806E+000
    -0.66264581E+000     0.20016355E+001    -0.31779864E+001    -0.27164023E+004    -0.85459645E+003     0.43189503E-001     0.28627893E+000
    -0.66188590E+000     0.20427073E+001    -0.31858044E+001    -0.27238938E+004    -0.86196002E+003     0.44240540E-001     0.28769522E+000
    -0.66112598E+000     0.20842634E+001    -0.31933121E+001    -0.27314210E+004    -0.86940668E+003     0.45289376E-001     0.28920881E+000
    -0.66036607E+000     0.21263070E+001    -0.32005008E+001    -0.27389836E+004    -0.87693769E+003     0.46332319E-001     0.29082148E+000
    -0.65960615E+000     0.21688413E+001    -0.32073617E+001    -0.27465818E+004    -0.88455431E+003     0.47365544E-001     0.29253488E+000
    -0.65884624E+000     0.22118695E+001    -0.32138857E+001    -0.27542153E+004    -0.89225782E+003     0.48385093E-001     0.29435056E+000
    -0.65808632E+000     0.22553948E+001    -0.32200636E+001    -0.27618843E+004    -0.90004952E+003     0.49386879E-001     0.29626992E+000
    -0.65732641E+000     0.22994203E+001    -0.32258860E+001    -0.27695884E+004    -0.90793075E+003     0.50366687E-001     0.29829423E+000
    -0.65656649E+000     0.23439492E+001    -0.32313433E+001    -0.27773277E+004    -0.91590284E+003     0.51320181E-001     0.30042464E+000
    -0.65580658E+000     0.23889845E+001    -0.32364256E+001    -0.27851020E+004    -0.92396717E+003     0.52242906E-001     0.30266210E+000
    -0.65504666E+000     0.24345293E+001    -0.32411228E+001    -0.27929112E+004    -0.93212513E+003     0.53130289E-001     0.30500745E+000
    -0.65428675E+000     0.24805865E+001    -0.32454248E+001    -0.28007552E+004    -0.94037814E+003     0.53977651E-001     0.30746134E+000
    -0.65352683E+000     0.25271591E+001    -0.32493210E+001    -0.28086337E+004    -0.94872764E+003     0.54780206E-001     0.31002423E+000
    -0.65276692E+000     0.25742500E+001    -0.32528008E+001    -0.28165466E+004    -0.95717508E+003     0.55533069E-001     0.31269643E+000
    -0.65200700E+000     0.26218620E+001    -0.32558531E+001    -0.28244936E+004    -0.96572196E+003     0.56231261E-001     0.31547805E+000
    -0.65124709E+000     0.26699980E+001    -0.32584668E+001    -0.28324746E+004    -0.97436978E+003     0.56869718E-001     0.31836899E+000
    -0.65048717E+000     0.27186606E+001    -0.32606306E+001    -0.28404893E+004    -0.98312007E+003     0.57443293E-001     0.32136897E+000
    -0.64972726E+000     0.27678526E+001    -0.32623326E+001    -0.28485374E+004    -0.99197439E+003     0.57946767E-001     0.32447748E+000
    -0.64896734E+000     0.28175764E+001    -0.32635611E+001    -0.28566187E+004    -0.10009343E+004     0.58374855E-001     0.32769381E+000
    -0.64820743E+000     0.28678347E+001    -0.32643038E+001    -0.28647328E+004    -0.10100015E+004     0.58722215E-001     0.33101700E+000
    -0.64744751E+000     0.29186298E+001    -0.32645484E+001    -0.28728794E+004    -0.10191775E+004     0.58983453E-001     0.33444591E+000
    -0.64668760E+000     0.29699641E+001    -0.32642822E+001    -0.28810582E+004    -0.10284640E+004     0.59153138E-001     0.33797911E+000
    -0.64592768E+000     0.30218399E+001    -0.32634922E+001    -0.28892688E+004    -0.10378626E+004     0.59225805E-001     0.34161497E+000
    -0.64516777E+000     0.30742593E+001    -0.32621652E+001    -0.28975107E+004    -0.10473752E+004     0.59195968E-001     0.34535159E+000
    -0.64440785E+000     0.31272244E+001    -0.32602878E+001    -0.29057836E+004    -0.10570034E+004     0.59058127E-001     0.34918683E+000
    -0.64364794E+000     0.31807372E+001    -0.32578460E+001    -0.29140870E+004    -0.10667489E+004     0.58806785E-001     0.35311830E+000
    -0.64288802E+000     0.32347995E+001    -0.32548259E+001    -0.29224204E+004    -0.10766136E+004     0.58436449E-001     0.35714333E+000
    -0.64212811E+000     0.32894132E+001    -0.32512131E+001    -0.29307833E+004    -0.10865992E+004     0.57941650E-001     0.36125899E+000
    -0.64136820E+000     0.33445798E+001    -0.32469928E+001    -0.29391752E+004    -0.10967076E+004     0.57316950E-001     0.36546210E+000
    -0.64060828E+000     0.34003009E+001    -0.32421500E+001    -0.29475955E+004    -0.11069407E+004     0.56556954E-001     0.36974919E+000
    -0.63984837E+000     0.34565779E+001    -0.32366695E+001    -0.29560435E+004    -0.11173003E+004     0.55656326E-001     0.37411652E+000
    -0.63908845E+000     0.35134120E+001    -0.32305355E+001    -0.29645188E+004    -0.11277883E+004     0.54609797E-001     0.37856006E+000
    -0.63832854E+000     0.35708043E+001    -0.32237321E+001    -0.29730205E+004    -0.11384066E+004     0.53412183E-001     0.38307553E+000
    -0.63756862E+000     0.36287558E+001    -0.32162428E+001    -0.29815480E+004    -0.11491573E+004     0.52058393E-001     0.38765834E+000
    -0.63680871E+000     0.36872674E+001    -0.32080510E+001    -0.29901005E+004    -0.11600423E+004     0.50543449E-001     0.39230364E+000
    -0.63604879E+000     0.37463397E+001    -0.31991396E+001    -0.29986774E+004    -0.11710637E+004     0.48862497E-001     0.39700626E+000
    -0.63528888E+000     0.38059732E+001    -0.31894910E+001    -0.30072777E+004    -0.11822234E+004     0.47010822E-001     0.40176080E+000
    -0.63452896E+000     0.38661681E+001    -0.31790875E+001    -0.30159006E+004    -0.11935235E+004     0.44983865E-001     0.40656154E+000
    -0.63376905E+000     0.39269247E+001    -0.31679106E+001    -0.30245453E+004    -0.12049661E+004     0.42777236E-001     0.41140249E+000
    -0.63300913E+000     0.39882427E+001    -0.31559417E+001    -0.30332107E+004    -0.12165534E+004     0.40386732E-001     0.41627739E+000
    -0.63224922E+000     0.40501219E+001    -0.31431615E+001    -0.30418960E+004    -0.12282875E+004     0.37808352E-001     0.42117968E+000
    -0.63148930E+000     0.41125616E+001    -0.31295505E+001    -0.30506001E+004    -0.12401705E+004     0.35038315E-001     0.42610257E+000
    -0.63072939E+000     0.41755612E+001    -0.31150886E+001    -0.30593219E+004    -0.12522047E+004     0.32073075E-001     0.43103898E+000
    -0.62996947E+000     0.42391193E+001    -0.30997552E+001    -0.30680604E+004    -0.12643922E+004     0.28909339E-001     0.43598155E+000
    -0.62920956E+000     0.43032349E+001    -0.30835292E+001    -0.30768144E+004    -0.12767354E+004     0.25544086E-001     0.44092271E+000
    -0.62844964E+000     0.43679060E+001    -0.30663891E+001    -0.30855826E+004    -0.12892364E+004     0.21974580E-001     0.44585462E+000
    -0.62768973E+000     0.44331307E+001    -0.30483127E+001    -0.30943639E+004    -0.13018977E+004     0.18198392E-001     0.45076919E+000
    -0.62692981E+000     0.44989066E+001    -0.30292774E+001    -0.31031569E+004    -0.13147214E+004     0.14213417E-001     0.45565814E+000
    -0.62616990E+000     0.45652309E+001    -0.30092600E+001    -0.31119602E+004    -0.13277099E+004     0.10017889E-001     0.46051295E+000
    -0.62540998E+000     0.46321005E+001    -0.29882368E+001    -0.31207725E+004    -0.13408657E+004     0.56103998E-002     0.46532490E+000
    -0.62465007E+000     0.46995116E+001    -0.29661832E+001    -0.31295923E+004    -0.13541911E+004     0.98991874E-003     0.47008509E+000
    -0.62389015E+000     0.47674601E+001    -0.29430745E+001    -0.31384180E+004    -0.13676885E+004    -0.38441934E-002     0.47478444E+000
    -0.62313024E+000     0.48359414E+001    -0.29188851E+001    -0.31472480E+004    -0.13813604E+004    -0.88921659E-002     0.47941373E+000
    -0.62237032E+000     0.49049503E+001    -0.28935887E+001    -0.31560808E+004    -0.13952092E+004    -0.14153803E-001     0.48396358E+000
    -0.62161041E+000     0.49744808E+001    -0.28671587E+001    -0.31649147E+004    -0.14092374E+004    -0.19628466E-001     0.48842451E+000
    -0.62085049E+000     0.50445267E+001    -0.28395676E+001    -0.31737477E+004    -0.14234476E+004    -0.25315063E-001     0.49278694E+000
    -0.62009058E+000     0.51150806E+001    -0.28107874E+001    -0.31825781E+004    -0.14378421E+004    -0.31212030E-001     0.49704123E+000
    -0.61933066E+000     0.51861348E+001    -0.27807895E+001    -0.31914041E+004    -0.14524237E+004    -0.37317319E-001     0.50117768E+000
    -0.61857075E+000     0.52576805E+001    -0.27495447E+001    -0.32002236E+004    -0.14671949E+004    -0.43628389E-001     0.50518657E+000
    -0.61781083E+000     0.53297083E+001    -0.27170230E+001    -0.32090345E+004    -0.14821582E+004    -0.50142195E-001     0.50905819E+000
    -0.61705092E+000     0.54022079E+001    -0.26831941E+001    -0.32178349E+004    -0.14973163E+004    -0.56855175E-001     0.51278288E+000
    -0.61629100E+000     0.54751678E+001    -0.26480268E+001    -0.32266224E+004    -0.15126717E+004    -0.63763250E-001     0.51635103E+000
    -0.61553109E+000     0.55485758E+001    -0.26114895E+001    -0.32353948E+004    -0.15282272E+004    -0.70861814E-001     0.51975314E+000
    -0.61477117E+000     0.56224186E+001    -0.25735501E+001    -0.32441499E+004    -0.15439855E+004    -0.78145732E-001     0.52297985E+000
    -0.61401126E+000     0.56966818E+001    -0.25341759E+001    -0.32528851E+004    -0.15599491E+004    -0.85609342E-001     0.52602196E+000
    -0.61325134E+000     0.57713498E+001    -0.24933335E+001    -0.32615980E+004    -0.15761208E+004    -0.93246454E-001     0.52887048E+000
    -0.61249143E+000     0.58464059E+001    -0.24509895E+001    -0.32702860E+004    -0.15925033E+004    -0.10105036E+000     0.53151666E+000
    -0.61173151E+000     0.59218321E+001    -0.24071096E+001    -0.32789465E+004    -0.16090994E+004    -0.10901383E+000     0.53395203E+000
    -0.61097160E+000     0.59976091E+001    -0.23616593E+001    -0.32875766E+004    -0.16259118E+004    -0.11712913E+000     0.53616845E+000
    -0.61021168E+000     0.60737163E+001    -0.23146038E+001    -0.32961736E+004    -0.16429433E+004    -0.12538806E+000     0.53815810E+000
    -0.60945177E+000     0.61501319E+001    -0.22659080E+001    -0.33047345E+004    -0.16601966E+004    -0.13378193E+000     0.53991360E+000
    -0.60869185E+000     0.62268323E+001    -0.22155363E+001    -0.33132562E+004    -0.16776746E+004    -0.14230159E+000     0.54142796E+000
    -0.60793194E+000     0.63037927E+001    -0.21634533E+001    -0.33217358E+004    -0.16953801E+004    -0.15093749E+000     0.54269468E+000
    -0.60717202E+000     0.63809867E+001    -0.21096230E+001    -0.33301699E+004    -0.17133159E+004    -0.15967966E+000     0.54370775E+000
    -0.60641211E+000     0.64583866E+001    -0.20540096E+001    -0.33385552E+004    -0.17314848E+004    -0.16851778E+000     0.54446170E+000
    -0.60565219E+000     0.65359629E+001    -0.19965773E+001    -0.33468883E+004    -0.17498897E+004    -0.17744121E+000     0.54495163E+000
    -0.60489228E+000     0.66136845E+001    -0.19372901E+001    -0.33551656E+004    -0.17685335E+004    -0.18643899E+000     0.54517323E+000
    -0.60413236E+000     0.66915190E+001    -0.18761122E+001    -0.33633835E+004    -0.17874191E+004    -0.19549994E+000     0.54512281E+000
    -0.60337245E+000     0.67694320E+001    -0.18130080E+001    -0.33715383E+004    -0.18065493E+004    -0.20461268E+000     0.54479733E+000
    -0.60261253E+000     0.68473879E+001    -0.17479421E+001    -0.33796260E+004    -0.18259270E+004    -0.21376566E+000     0.54419441E+000
    -0.60185262E+000     0.69253491E+001    -0.16808792E+001    -0.33876426E+004    -0.18455553E+004    -0.22294725E+000     0.54331235E+000
    -0.60109270E+000     0.70032766E+001    -0.16117845E+001    -0.33955840E+004    -0.18654370E+004    -0.23214578E+000     0.54215014E+000
    -0.60033279E+000     0.70811299E+001    -0.15406235E+001    -0.34034458E+004    -0.18855750E+004    -0.24134957E+000     0.54070747E+000
    -0.59957287E+000     0.71588664E+001    -0.14673621E+001    -0.34112237E+004    -0.19059724E+004    -0.25054703E+000     0.53898470E+000
    -0.59881296E+000     0.72364424E+001    -0.13919667E+001    -0.34189130E+004    -0.19266320E+004    -0.25972672E+000     0.53698289E+000
    -0.59805304E+000     0.73138123E+001    -0.13144042E+001    -0.34265091E+004    -0.19475569E+004    -0.26887735E+000     0.53470377E+000
    -0.59729313E+000     0.73909290E+001    -0.12346420E+001    -0.34340070E+004    -0.19687500E+004    -0.27798791E+000     0.53214971E+000
    -0.59653321E+000     0.74677439E+001    -0.11526482E+001    -0.34414017E+004    -0.19902142E+004    -0.28704770E+000     0.52932373E+000
    -0.59577330E+000     0.75442065E+001    -0.10683914E+001    -0.34486880E+004    -0.20119525E+004    -0.29604639E+000     0.52622942E+000
    -0.59501338E+000     0.76202651E+001    -0.98184085E+000    -0.34558603E+004    -0.20339680E+004    -0.30497404E+000     0.52287091E+000
    -0.59425347E+000     0.76958661E+001    -0.89296646E+000    -0.34629131E+004    -0.20562635E+004    -0.31382123E+000     0.51925286E+000
    -0.59349355E+000     0.77709547E+001    -0.80173880E+000    -0.34698406E+004    -0.20788420E+004    -0.32257901E+000     0.51538036E+000
    -0.59273364E+000     0.78454742E+001    -0.70812910E+000    -0.34766366E+004    -0.21017064E+004    -0.33123903E+000     0.51125888E+000
    -0.59197373E+000     0.79193663E+001    -0.61210925E+000    -0.34832950E+004    -0.21248595E+004    -0.33979351E+000     0.50689424E+000
    -0.59121381E+000     0.79925713E+001    -0.51365183E+000    -0.34898093E+004    -0.21483043E+004    -0.34823528E+000     0.50229248E+000
    -0.59045390E+000     0.80650277E+001    -0.41273005E+000    -0.34961726E+004    -0.21720436E+004    -0.35655782E+000     0.49745982E+000
    -0.58969398E+000     0.81366723E+001    -0.30931782E+000    -0.35023779E+004    -0.21960801E+004    -0.36475526E+000     0.49240257E+000
    -0.58893407E+000     0.82074401E+001    -0.20338969E+000    -0.35084181E+004    -0.22204166E+004    -0.37282234E+000     0.48712707E+000
    -0.58817415E+000     0.82772645E+001    -0.94920883E-001    -0.35142854E+004    -0.22450555E+004    -0.38075447E+000     0.48163955E+000
    -0.58741424E+000     0.83460766E+001     0.16112701E-001    -0.35199721E+004    -0.22699996E+004    -0.38854765E+000     0.47594610E+000
    -0.58665432E+000     0.84138059E+001     0.12973449E+000    -0.35254700E+004    -0.22952511E+004    -0.39619845E+000     0.47005257E+000
    -0.58589441E+000     0.84803796E+001     0.24596720E+000    -0.35307706E+004    -0.23208125E+004    -0.40370396E+000     0.46396448E+000
    -0.58513449E+000     0.85457226E+001     0.36483281E+000    -0.35358651E+004    -0.23466857E+004    -0.41106176E+000     0.45768694E+000
    -0.58437458E+000     0.86097576E+001     0.48635250E+000    -0.35407443E+004    -0.23728730E+004    -0.41826981E+000     0.45122461E+000
    -0.58361466E+000     0.86724046E+001     0.61054660E+000    -0.35453988E+004    -0.23993759E+004    -0.42532638E+000     0.44458159E+000
    -0.58285475E+000     0.87335812E+001     0.73743449E+000    -0.35498186E+004    -0.24261962E+004    -0.43222997E+000     0.43776143E+000
    -0.58209483E+000     0.87932018E+001     0.86703449E+000    -0.35539937E+004    -0.24533352E+004    -0.43897920E+000     0.43076703E+000
    -0.58133492E+000     0.88511782E+001     0.99936375E+000    -0.35579133E+004    -0.24807939E+004    -0.44557270E+000     0.42360063E+000
    -0.58057500E+000     0.89074187E+001     0.11344381E+001    -0.35615666E+004    -0.25085730E+004    -0.45200897E+000     0.41626381E+000
    -0.57981509E+000     0.89618284E+001     0.12722718E+001    -0.35649422E+004    -0.25366732E+004    -0.45828631E+000     0.40875749E+000
    -0.57905517E+000     0.90143089E+001     0.14128773E+001    -0.35680284E+004    -0.25650943E+004    -0.46440262E+000     0.40108194E+000
    -0.57829526E+000     0.90647579E+001     0.15562653E+001    -0.35708132E+004    -0.25938361E+004    -0.47035535E+000     0.39323680E+000
    -0.57753534E+000     0.91130693E+001     0.17024438E+001    -0.35732842E+004    -0.26228977E+004    -0.47614130E+000     0.38522118E+000
    -0.57677543E+000     0.91591331E+001     0.18514187E+001    -0.35754284E+004    -0.26522780E+004    -0.48175654E+000     0.37703371E+000
    -0.57601551E+000     0.92028352E+001     0.20031924E+001    -0.35772330E+004    -0.26819750E+004    -0.48719628E+000     0.36867263E+000
    -0.57525560E+000     0.92440569E+001     0.21577644E+001    -0.35786843E+004    -0.27119865E+004    -0.49245475E+000     0.36013593E+000
    -0.57449568E+000     0.92826756E+001     0.23151302E+001    -0.35797687E+004    -0.27423094E+004    -0.49752512E+000     0.35142146E+000
    -0.57373577E+000     0.93185642E+001     0.24752811E+001    -0.35804722E+004    -0.27729401E+004    -0.50239941E+000     0.34252710E+000
    -0.57297585E+000     0.93515910E+001     0.26382039E+001    -0.35807805E+004    -0.28038744E+004    -0.50706844E+000     0.33345093E+000
    -0.57221594E+000     0.93816201E+001     0.28038800E+001    -0.35806791E+004    -0.28351071E+004    -0.51152176E+000     0.32419141E+000
    -0.57145602E+000     0.94085115E+001     0.29722853E+001    -0.35801534E+004    -0.28666326E+004    -0.51574764E+000     0.31474755E+000
    -0.57069611E+000     0.94321206E+001     0.31433893E+001    -0.35791887E+004    -0.28984441E+004    -0.51973310E+000     0.30511918E+000
    -0.56993619E+000     0.94522991E+001     0.33171548E+001    -0.35777700E+004    -0.29305341E+004    -0.52346392E+000     0.29530710E+000
    -0.56917628E+000     0.94688949E+001     0.34935371E+001    -0.35758824E+004    -0.29628945E+004    -0.52692472E+000     0.28531334E+000
    -0.56841636E+000     0.94817522E+001     0.36724839E+001    -0.35735112E+004    -0.29955159E+004    -0.53009903E+000     0.27514134E+000
    -0.56765645E+000     0.94907121E+001     0.38539340E+001    -0.35706413E+004    -0.30283881E+004    -0.53296944E+000     0.26479619E+000
    -0.56689653E+000     0.94956126E+001     0.40378174E+001    -0.35672583E+004    -0.30615001E+004    -0.53551777E+000     0.25428479E+000
    -0.56613662E+000     0.94962896E+001     0.42240542E+001    -0.35633476E+004    -0.30948396E+004    -0.53772523E+000     0.24361607E+000
    -0.56537670E+000     0.94925769E+001     0.44125545E+001    -0.35588950E+004    -0.31283936E+004    -0.53957268E+000     0.23280116E+000
    -0.56461679E+000     0.94843068E+001     0.46032174E+001    -0.35538867E+004    -0.31621479E+004    -0.54104082E+000     0.22185348E+000
    -0.56385687E+000     0.94713109E+001     0.47959308E+001    -0.35483093E+004    -0.31960874E+004    -0.54211055E+000     0.21078889E+000
    -0.56309696E+000     0.94534207E+001     0.49905706E+001    -0.35421498E+004    -0.32301959E+004    -0.54276320E+000     0.19962578E+000
    -0.56233704E+000     0.94304681E+001     0.51870003E+001    -0.35353960E+004    -0.32644563E+004    -0.54298087E+000     0.18838506E+000
    -0.56157713E+000     0.94022865E+001     0.53850704E+001    -0.35280363E+004    -0.32988503E+004    -0.54274679E+000     0.17709020E+000
    -0.56081721E+000     0.93687116E+001     0.55846180E+001    -0.35200596E+004    -0.33333588E+004    -0.54204560E+000     0.16576717E+000
    -0.56005730E+000     0.93295823E+001     0.57854663E+001    -0.35114561E+004    -0.33679616E+004    -0.54086375E+000     0.15444435E+000
    -0.55929738E+000     0.92847417E+001     0.59874241E+001    -0.35022165E+004    -0.34026377E+004    -0.53918981E+000     0.14315238E+000
    -0.55853747E+000     0.92340385E+001     0.61902856E+001    -0.34923329E+004    -0.34373651E+004    -0.53701481E+000     0.13192400E+000
    -0.55777755E+000     0.91773280E+001     0.63938297E+001    -0.34817983E+004    -0.34721209E+004    -0.53433252E+000     0.12079379E+000
    -0.55701764E+000     0.91144734E+001     0.65978202E+001    -0.34706070E+004    -0.35068816E+004    -0.53113978E+000     0.10979788E+000
    -0.55625772E+000     0.90453479E+001     0.68020052E+001    -0.34587546E+004    -0.35416228E+004    -0.52743668E+000     0.98973666E-001
    -0.55549781E+000     0.89698357E+001     0.70061174E+001    -0.34462381E+004    -0.35763195E+004    -0.52322687E+000     0.88359412E-001
    -0.55473789E+000     0.88878338E+001     0.72098740E+001    -0.34330560E+004    -0.36109461E+004    -0.51851762E+000     0.77993874E-001
    -0.55397798E+000     0.87992544E+001     0.74129769E+001    -0.34192083E+004    -0.36454765E+004    -0.51332002E+000     0.67915870E-001
    -0.55321806E+000     0.87040263E+001     0.76151132E+001    -0.34046969E+004    -0.36798843E+004    -0.50764898E+000     0.58163839E-001
    -0.55245815E+000     0.86020973E+001     0.78159563E+001    -0.33895251E+004    -0.37141429E+004    -0.50152328E+000     0.48775387E-001
    -0.55169823E+000     0.84934365E+001     0.80151661E+001    -0.33736983E+004    -0.37482253E+004    -0.49496545E+000     0.39786830E-001
    -0.55093832E+000     0.83780361E+001     0.82123910E+001    -0.33572237E+004    -0.37821049E+004    -0.48800171E+000     0.31232738E-001
    -0.55017840E+000     0.82559139E+001     0.84072693E+001    -0.33401103E+004    -0.38157549E+004    -0.48066175E+000     0.23145497E-001
    -0.54941849E+000     0.81271156E+001     0.85994312E+001    -0.33223691E+004    -0.38491493E+004    -0.47297851E+000     0.15554895E-001
    -0.54865857E+000     0.79917165E+001     0.87885013E+001    -0.33040134E+004    -0.38822621E+004    -0.46498784E+000     0.84877386E-002
    -0.54789866E+000     0.78498233E+001     0.89741012E+001    -0.32850580E+004    -0.39150684E+004    -0.45672821E+000     0.19675035E-002
    -0.54713874E+000     0.77015763E+001     0.91558532E+001    -0.32655200E+004    -0.39475441E+004    -0.44824027E+000    -0.39859587E-002
    -0.54637883E+000     0.75471499E+001     0.93333837E+001    -0.32454184E+004    -0.39796661E+004    -0.43956645E+000    -0.93566692E-002
    -0.54561891E+000     0.73867538E+001     0.95063269E+001    -0.32247740E+004    -0.40114129E+004    -0.43075047E+000    -0.14132711E-001
    -0.54485900E+000     0.72206332E+001     0.96743295E+001    -0.32036095E+004    -0.40427643E+004    -0.42183687E+000    -0.18306357E-001
    -0.54409908E+000     0.70490686E+001     0.98370552E+001    -0.31819492E+004    -0.40737018E+004    -0.41287051E+000    -0.21874140E-001
    -0.54333917E+000     0.68723746E+001     0.99941892E+001    -0.31598191E+004    -0.41042092E+004    -0.40389606E+000    -0.24836853E-001
    -0.54257926E+000     0.66908982E+001     0.10145443E+002    -0.31372463E+004    -0.41342721E+004    -0.39495751E+000    -0.27199492E-001
    -0.54181934E+000     0.65050167E+001     0.10290559E+002    -0.31142593E+004    -0.41638786E+004    -0.38609764E+000    -0.28971142E-001
    -0.54105943E+000     0.63151340E+001     0.10429314E+002    -0.30908875E+004    -0.41930190E+004    -0.37735757E+000    -0.30164790E-001
    -0.54029951E+000     0.61216769E+001     0.10561527E+002    -0.30671609E+004    -0.42216866E+004    -0.36877630E+000    -0.30797099E-001
    -0.53953960E+000     0.59250903E+001     0.10687056E+002    -0.30431099E+004    -0.42498771E+004    -0.36039023E+000    -0.30888114E-001
    -0.53877968E+000     0.57258320E+001     0.10805807E+002    -0.30187651E+004    -0.42775891E+004    -0.35223280E+000    -0.30460926E-001
    -0.53801977E+000     0.55243668E+001     0.10917733E+002    -0.29941569E+004    -0.43048237E+004    -0.34433409E+000    -0.29541278E-001
    -0.53725985E+000     0.53211597E+001     0.11022838E+002    -0.29693150E+004    -0.43315851E+004    -0.33672046E+000    -0.28157128E-001
    -0.53649994E+000     0.51166704E+001     0.11121172E+002    -0.29442684E+004    -0.43578799E+004    -0.32941426E+000    -0.26338159E-001
    -0.53574002E+000     0.49113457E+001     0.11212837E+002    -0.29190450E+004    -0.43837173E+004    -0.32243358E+000    -0.24115239E-001
    -0.53498011E+000     0.47056134E+001     0.11297978E+002    -0.28936710E+004    -0.44091091E+004    -0.31579198E+000    -0.21519824E-001
    -0.53422019E+000     0.44998762E+001     0.11376787E+002    -0.28681712E+004    -0.44340690E+004    -0.30949839E+000    -0.18583316E-001
    -0.53346028E+000     0.42945057E+001     0.11449494E+002    -0.28425682E+004    -0.44586125E+004    -0.30355696E+000    -0.15336347E-001
    -0.53270036E+000     0.40898376E+001     0.11516367E+002    -0.28168824E+004    -0.44827571E+004    -0.29796708E+000    -0.11808026E-001
    -0.53194045E+000     0.38861669E+001     0.11577700E+002    -0.27911321E+004    -0.45065212E+004    -0.29272345E+000    -0.80251062E-002
    -0.53118053E+000     0.36837451E+001     0.11633813E+002    -0.27653330E+004    -0.45299241E+004    -0.28781625E+000    -0.40111171E-002
    -0.53042062E+000     0.34827775E+001     0.11685046E+002    -0.27394984E+004    -0.45529859E+004    -0.28323151E+000     0.21455433E-003
    -0.52966070E+000     0.32834216E+001     0.11731745E+002    -0.27136394E+004    -0.45757265E+004    -0.27895158E+000     0.46376082E-002
    -0.52890079E+000     0.30857873E+001     0.11774264E+002    -0.26877646E+004    -0.45981656E+004    -0.27495579E+000     0.92497803E-002
    -0.52814087E+000     0.28899372E+001     0.11812953E+002    -0.26618805E+004    -0.46203223E+004    -0.27122136E+000     0.14049766E-001
    -0.52738096E+000     0.26958882E+001     0.11848154E+002    -0.26359921E+004    -0.46422148E+004    -0.26772449E+000     0.19044076E-001
    -0.52662104E+000     0.25036138E+001     0.11880197E+002    -0.26101025E+004    -0.46638600E+004    -0.26444169E+000     0.24247788E-001
    -0.52586113E+000     0.23130476E+001     0.11909389E+002    -0.25842140E+004    -0.46852733E+004    -0.26135135E+000     0.29685123E-001
    -0.52510121E+000     0.21240863E+001     0.11936015E+002    -0.25583283E+004    -0.47064686E+004    -0.25843552E+000     0.35389803E-001
    -0.52434130E+000     0.19365943E+001     0.11960334E+002    -0.25324468E+004    -0.47274580E+004    -0.25568189E+000     0.41405125E-001
    -0.52358138E+000     0.17504077E+001     0.11982572E+002    -0.25065714E+004    -0.47482522E+004    -0.25308596E+000     0.47783689E-001
    -0.52282147E+000     0.15653387E+001     0.12002922E+002    -0.24807048E+004    -0.47688603E+004    -0.25065324E+000     0.54586725E-001
    -0.52206155E+000     0.13811804E+001     0.12021541E+002    -0.24548512E+004    -0.47892906E+004    -0.24840152E+000     0.61882978E-001
    -0.52130164E+000     0.11977114E+001     0.12038552E+002    -0.24290167E+004    -0.48095502E+004    -0.24636308E+000     0.69747123E-001
    -0.52054172E+000     0.10147001E+001     0.12054037E+002    -0.24032097E+004    -0.48296465E+004    -0.24458671E+000     0.78257690E-001
    -0.51978181E+000     0.83190946E+000     0.12068040E+002    -0.23774410E+004    -0.48495871E+004    -0.24313950E+000     0.87494519E-001
    -0.51902189E+000     0.64910113E+000     0.12080569E+002    -0.23517245E+004    -0.48693807E+004    -0.24210821E+000     0.97535774E-001
    -0.51826198E+000     0.46604011E+000     0.12091591E+002    -0.23260766E+004    -0.48890383E+004    -0.24160026E+000     0.10845458E+000
    -0.51750206E+000     0.28249904E+000     0.12101036E+002    -0.23005168E+004    -0.49085733E+004    -0.24174406E+000     0.12031535E+000
    -0.51674215E+000     0.98262490E-001     0.12108798E+002    -0.22750670E+004    -0.49280033E+004    -0.24268876E+000     0.13316995E+000
    -0.51598223E+000    -0.86868683E-001     0.12114733E+002    -0.22497510E+004    -0.49473502E+004    -0.24460339E+000     0.14705373E+000
    -0.51522232E+000    -0.27307308E+000     0.12118667E+002    -0.22245942E+004    -0.49666414E+004    -0.24767518E+000     0.16198168E+000
    -0.51446240E+000    -0.46050455E+000     0.12120390E+002    -0.21996227E+004    -0.49859105E+004    -0.25210735E+000     0.17794470E+000
    -0.51370249E+000    -0.64928807E+000     0.12119665E+002    -0.21748620E+004    -0.50051980E+004    -0.25811610E+000     0.19490620E+000
    -0.51294257E+000    -0.83951582E+000     0.12116229E+002    -0.21503364E+004    -0.50245516E+004    -0.26592717E+000     0.21279913E+000
    -0.51218266E+000    -0.10312435E+001     0.12109796E+002    -0.21260675E+004    -0.50440269E+004    -0.27577177E+000     0.23152346E+000
    -0.51142274E+000    -0.12244868E+001     0.12100061E+002    -0.21020726E+004    -0.50636872E+004    -0.28788221E+000     0.25094429E+000
    -0.51066283E+000    -0.14192186E+001     0.12086706E+002    -0.20783639E+004    -0.50836038E+004    -0.30248712E+000     0.27089055E+000
    -0.50990291E+000    -0.16153660E+001     0.12069403E+002    -0.20549465E+004    -0.51038551E+004    -0.31980655E+000     0.29115434E+000
    -0.50914300E+000    -0.18128088E+001     0.12047823E+002    -0.20318173E+004    -0.51245270E+004    -0.34004688E+000     0.31149093E+000
    -0.50838308E+000    -0.20113775E+001     0.12021637E+002    -0.20089633E+004    -0.51457115E+004    -0.36339571E+000     0.33161939E+000
    -0.50762317E+000    -0.22108532E+001     0.11990527E+002    -0.19863606E+004    -0.51675061E+004    -0.39001684E+000     0.35122388E+000
    -0.50686325E+000    -0.24109672E+001     0.11954190E+002    -0.19639728E+004    -0.51900125E+004    -0.42004520E+000     0.36995551E+000
    -0.50610334E+000    -0.26114020E+001     0.11912342E+002    -0.19417501E+004    -0.52133356E+004    -0.45358206E+000     0.38743487E+000
    -0.50534342E+000    -0.28117933E+001     0.11864731E+002    -0.19196280E+004    -0.52375816E+004    -0.49069036E+000     0.40325511E+000
    -0.50458351E+000    -0.30117321E+001     0.11811138E+002    -0.18975266E+004    -0.52628566E+004    -0.53139024E+000     0.41698563E+000
    -0.50382359E+000    -0.32107684E+001     0.11751384E+002    -0.18753498E+004    -0.52892648E+004    -0.57565496E+000     0.42817643E+000
    -0.50306368E+000    -0.34084147E+001     0.11685336E+002    -0.18529848E+004    -0.53169065E+004    -0.62340713E+000     0.43636303E+000
    -0.50230376E+000    -0.36041512E+001     0.11612913E+002    -0.18303016E+004    -0.53458758E+004    -0.67451546E+000     0.44107204E+000
    -0.50154385E+000    -0.37974304E+001     0.11534088E+002    -0.18071529E+004    -0.53762586E+004    -0.72879210E+000     0.44182726E+000
    -0.50078393E+000    -0.39876823E+001     0.11448895E+002    -0.17833747E+004    -0.54081301E+004    -0.78599062E+000     0.43815637E+000
    -0.50002402E+000    -0.41743197E+001     0.11357429E+002    -0.17587859E+004    -0.54415524E+004    -0.84580492E+000     0.42959810E+000
    -0.49926410E+000    -0.43567441E+001     0.11259854E+002    -0.17331897E+004    -0.54765720E+004    -0.90786905E+000     0.41570961E+000
    -0.49850419E+000    -0.45343505E+001     0.11156400E+002    -0.17063745E+004    -0.55132174E+004    -0.97175799E+000     0.39607419E+000
    -0.49774427E+000    -0.47065332E+001     0.11047372E+002    -0.16781153E+004    -0.55514963E+004    -0.10369896E+001     0.37030880E+000
    -0.49698436E+000    -0.48726922E+001     0.10933148E+002    -0.16481755E+004    -0.55913935E+004    -0.11030278E+001     0.33807150E+000
    -0.49622444E+000    -0.50322388E+001     0.10814190E+002    -0.16163089E+004    -0.56328686E+004    -0.11692861E+001     0.29906837E+000
    -0.49546453E+000    -0.51846042E+001     0.10691041E+002    -0.15822629E+004    -0.56758538E+004    -0.12351332E+001     0.25305983E+000
    -0.49470461E+000    -0.53292482E+001     0.10564336E+002    -0.15457804E+004    -0.57202525E+004    -0.12998981E+001     0.19986622E+000
    -0.49394470E+000    -0.54656706E+001     0.10434802E+002    -0.15066039E+004    -0.57659374E+004    -0.13628764E+001     0.13937251E+000
    -0.49318479E+000    -0.55934250E+001     0.10303268E+002    -0.14644779E+004    -0.58127497E+004    -0.14233369E+001     0.71532166E-001
    -0.49242487E+000    -0.57121361E+001     0.10170661E+002    -0.14191531E+004    -0.58604984E+004    -0.14805281E+001    -0.36297432E-002
    -0.49166496E+000    -0.58215194E+001     0.10038014E+002    -0.13703897E+004    -0.59089598E+004    -0.15336848E+001    -0.86014146E-001
    -0.49090504E+000    -0.59214044E+001     0.99064577E+001    -0.13179612E+004    -0.59578772E+004    -0.15820342E+001    -0.17544601E+000
    -0.49014513E+000    -0.60117605E+001     0.97772172E+001    -0.12616579E+004    -0.60069617E+004    -0.16248025E+001    -0.27167266E+000
    -0.48938521E+000    -0.60927249E+001     0.96515963E+001    -0.12012913E+004    -0.60558919E+004    -0.16612206E+001    -0.37436218E+000
    -0.48862530E+000    -0.61646306E+001     0.95309577E+001    -0.11366974E+004    -0.61043155E+004    -0.16905306E+001    -0.48310167E+000
    -0.48786538E+000    -0.62280333E+001     0.94166942E+001    -0.10677414E+004    -0.61518494E+004    -0.17119918E+001    -0.59739528E+000
    -0.48710547E+000    -0.62837351E+001     0.93101916E+001    -0.99432230E+003    -0.61980820E+004    -0.17248880E+001    -0.71666191E+000
    -0.48634555E+000    -0.63328018E+001     0.92127820E+001    -0.91637732E+003    -0.62425743E+004    -0.17285352E+001    -0.84023258E+000
    -0.48558564E+000    -0.63765724E+001     0.91256903E+001    -0.83388763E+003    -0.62848630E+004    -0.17222908E+001    -0.96734774E+000
    -0.48482572E+000    -0.64166565E+001     0.90499733E+001    -0.74688373E+003    -0.63244642E+004    -0.17055646E+001    -0.10971547E+001
    -0.48406581E+000    -0.64549178E+001     0.89864546E+001    -0.65545124E+003    -0.63608779E+004    -0.16778323E+001    -0.12287055E+001
    -0.48330589E+000    -0.64934415E+001     0.89356592E+001    -0.55973640E+003    -0.63935948E+004    -0.16386504E+001    -0.13609566E+001
    -0.48254598E+000    -0.65344839E+001     0.88977496E+001    -0.45995100E+003    -0.64221045E+004    -0.15876755E+001    -0.14927704E+001
    -0.48178606E+000    -0.65804024E+001     0.88724707E+001    -0.35637614E+003    -0.64459050E+004    -0.15246846E+001    -0.16229206E+001
    -0.48102615E+000    -0.66335686E+001     0.88591085E+001    -0.24936414E+003    -0.64645143E+004    -0.14495985E+001    -0.17501019E+001
    -0.48026623E+000    -0.66962641E+001     0.88564671E+001    -0.13933819E+003    -0.64774830E+004    -0.13625060E+001    -0.18729468E+001
    -0.47950632E+000    -0.67705652E+001     0.88628726E+001    -0.26789071E+002    -0.64844073E+004    -0.12636865E+001    -0.19900486E+001
    -0.47874640E+000    -0.68582227E+001     0.88762077E+001     0.87731196E+002    -0.64849419E+004    -0.11536314E+001    -0.20999934E+001
    -0.47798649E+000    -0.69605451E+001     0.88939802E+001     0.20361883E+003    -0.64788117E+004    -0.10330576E+001    -0.22013997E+001
    -0.47722657E+000    -0.70782963E+001     0.89134274E+001     0.32023060E+003    -0.64658212E+004    -0.90291361E+000    -0.22929645E+001
    -0.47646666E+000    -0.72116206E+001     0.89316534E+001     0.43689830E+003    -0.64458609E+004    -0.76437326E+000    -0.23735148E+001
    -0.47570674E+000    -0.73600053E+001     0.89457909E+001     0.55294451E+003    -0.64189109E+004    -0.61881569E+000    -0.24420595E+001
    -0.47494683E+000    -0.75222906E+001     0.89531781E+001     0.66769863E+003    -0.63850397E+004    -0.46779026E+000    -0.24978384E+001
    -0.47418691E+000    -0.76967333E+001     0.89515327E+001     0.78051196E+003    -0.63443999E+004    -0.31296698E+000    -0.25403626E+001
    -0.47342700E+000    -0.78811238E+001     0.89391078E+001     0.89077094E+003    -0.62972206E+004    -0.15607479E+000    -0.25694418E+001
    -0.47266708E+000    -0.80729497E+001     0.89148101E+001     0.99790767E+003    -0.62437972E+004     0.11680619E-002    -0.25851943E+001
    -0.47190717E+000    -0.82695947E+001     0.88782656E+001     0.11014072E+004    -0.61844796E+004     0.15712573E+000    -0.25880358E+001
    -0.47114725E+000    -0.84685529E+001     0.88298214E+001     0.12008118E+004    -0.61196607E+004     0.31031144E+000    -0.25786484E+001
    -0.47038734E+000    -0.86676382E+001     0.87704805E+001     0.12957217E+004    -0.60497641E+004     0.45944194E+000    -0.25579301E+001
    -0.46962742E+000    -0.88651664E+001     0.87017719E+001     0.13857935E+004    -0.59752344E+004     0.60347348E+000    -0.25269310E+001
    -0.46886751E+000    -0.90600878E+001     0.86255679E+001     0.14707373E+004    -0.58965286E+004     0.74161509E+000    -0.24867831E+001
    -0.46810759E+000    -0.92520566E+001     0.85438678E+001     0.15503114E+004    -0.58141100E+004     0.87331839E+000    -0.24386335E+001
    -0.46734768E+000    -0.94414275E+001     0.84585685E+001     0.16243186E+004    -0.57284434E+004     0.99824706E+000    -0.23835878E+001
    -0.46658776E+000    -0.96291781E+001     0.83712495E+001     0.16926009E+004    -0.56399931E+004     0.11162325E+001    -0.23226737E+001
    -0.46582785E+000    -0.98167671E+001     0.82829936E+001     0.17550358E+004    -0.55492215E+004     0.12272252E+001    -0.22568254E+001
    -0.46506793E+000    -0.10005942E+002     0.81942641E+001     0.18115338E+004    -0.54565886E+004     0.13312511E+001    -0.21868883E+001
    -0.46430802E+000    -0.10198518E+002     0.81048522E+001     0.18620360E+004    -0.53625530E+004     0.14283820E+001    -0.21136395E+001
    -0.46354810E+000    -0.10396157E+002     0.80138982E+001     0.19065135E+004    -0.52675716E+004     0.15187226E+001    -0.20378134E+001
    -0.46278819E+000    -0.10600160E+002     0.79199855E+001     0.19449665E+004    -0.51721010E+004     0.16024150E+001    -0.19601248E+001
    -0.46202827E+000    -0.10811312E+002     0.78212937E+001     0.19774259E+004    -0.50765975E+004     0.16796547E+001    -0.18812815E+001
    -0.46126836E+000    -0.11029777E+002     0.77157953E+001     0.20039538E+004    -0.49815176E+004     0.17507111E+001    -0.18019824E+001
    -0.46050844E+000    -0.11255075E+002     0.76014724E+001     0.20246462E+004    -0.48873174E+004     0.18159434E+001    -0.17229039E+001
    -0.45974853E+000    -0.11486123E+002     0.74765294E+001     0.20396357E+004    -0.47944517E+004     0.18758088E+001    -0.16446773E+001
    -0.45898861E+000    -0.11721346E+002     0.73395782E+001     0.20490950E+004    -0.47033718E+004     0.19308594E+001    -0.15678659E+001
    -0.45822870E+000    -0.11958845E+002     0.71897756E+001     0.20532406E+004    -0.46145219E+004     0.19817318E+001    -0.14929447E+001
    -0.45746878E+000    -0.12196594E+002     0.70268985E+001     0.20523361E+004    -0.45283342E+004     0.20291332E+001    -0.14202866E+001
    -0.45670887E+000    -0.12432659E+002     0.68513496E+001     0.20466949E+004    -0.44452226E+004     0.20738284E+001    -0.13501516E+001
    -0.45594895E+000    -0.12665398E+002     0.66640942E+001     0.20366827E+004    -0.43655741E+004     0.21166295E+001    -0.12826779E+001
    -0.45518904E+000    -0.12893641E+002     0.64665338E+001     0.20227175E+004    -0.42897405E+004     0.21583863E+001    -0.12178673E+001
    -0.45442912E+000    -0.13116818E+002     0.62603300E+001     0.20052681E+004    -0.42180271E+004     0.21999725E+001    -0.11555655E+001
    -0.45366921E+000    -0.13335032E+002     0.60471912E+001     0.19848512E+004    -0.41506823E+004     0.22422609E+001    -0.10954376E+001
    -0.45290929E+000    -0.13549062E+002     0.58286397E+001     0.19620251E+004    -0.40878858E+004     0.22860835E+001    -0.10369459E+001
    -0.45214938E+000    -0.13760301E+002     0.56057749E+001     0.19373810E+004    -0.40297368E+004     0.23321765E+001    -0.97933900E+000
    -0.45138946E+000    -0.13970610E+002     0.53790522E+001     0.19115317E+004    -0.39762427E+004     0.23811129E+001    -0.92166003E+000
    -0.45062955E+000    -0.14182098E+002     0.51480990E+001     0.18850950E+004    -0.39273087E+004     0.24332344E+001    -0.86278096E+000
    -0.44986963E+000    -0.14396829E+002     0.49115970E+001     0.18586743E+004    -0.38827299E+004     0.24885915E+001    -0.80146316E+000
    -0.44910972E+000    -0.14616471E+002     0.46672594E+001     0.18328346E+004    -0.38421865E+004     0.25469046E+001    -0.73644016E+000
    -0.44834980E+000    -0.14841915E+002     0.44119358E+001     0.18080735E+004    -0.38052454E+004     0.26075519E+001    -0.66651377E+000
    -0.44758989E+000    -0.15072913E+002     0.41418672E+001     0.17847910E+004    -0.37713689E+004     0.26695891E+001    -0.59065307E+000
    -0.44682997E+000    -0.15307792E+002     0.38530951E+001     0.17632571E+004    -0.37399335E+004     0.27317988E+001    -0.50808538E+000
    -0.44607006E+000    -0.15543322E+002     0.35420036E+001     0.17435831E+004    -0.37102602E+004     0.27927666E+001    -0.41837056E+000
    -0.44531014E+000    -0.15774801E+002     0.32059333E+001     0.17257002E+004    -0.36816556E+004     0.28509755E+001    -0.32145226E+000
    -0.44455023E+000    -0.15996388E+002     0.28437770E+001     0.17093503E+004    -0.36534634E+004     0.29049135E+001    -0.21768215E+000
    -0.44379032E+000    -0.16201698E+002     0.24564405E+001     0.16940933E+004    -0.36251195E+004     0.29531872E+001    -0.10781484E+000
    -0.44303040E+000    -0.16384575E+002     0.20470548E+001     0.16793341E+004    -0.35962070E+004     0.29946323E+001     0.70278565E-002
    -0.44227049E+000    -0.16539950E+002     0.16208559E+001     0.16643673E+004    -0.35665007E+004     0.30284172E+001     0.12542375E+000
    -0.44151057E+000    -0.16664602E+002     0.11847126E+001     0.16484366E+004    -0.35359959E+004     0.30541263E+001     0.24574679E+000
    -0.44075066E+000    -0.16757693E+002     0.74636146E+000     0.16308008E+004    -0.35049157E+004     0.30718168E+001     0.36628929E+000
    -0.43999074E+000    -0.16820926E+002     0.31348717E+000     0.16107984E+004    -0.34736962E+004     0.30820377E+001     0.48540163E+000
    -0.43923083E+000    -0.16858327E+002    -0.10717161E+000     0.15879008E+004    -0.34429528E+004     0.30858040E+001     0.60163665E+000
    -0.43847091E+000    -0.16875690E+002    -0.51051362E+000     0.15617511E+004    -0.34134332E+004     0.30845256E+001     0.71388174E+000
    -0.43771100E+000    -0.16879836E+002    -0.89344373E+000     0.15321830E+004    -0.33859649E+004     0.30798953E+001     0.82146076E+000
    -0.43695108E+000    -0.16877861E+002    -0.12548880E+001     0.14992240E+004    -0.33614054E+004     0.30737537E+001     0.92419153E+000
    -0.43619117E+000    -0.16876543E+002    -0.15955169E+001     0.14630835E+004    -0.33405995E+004     0.30679505E+001     0.10223942E+001
    -0.43543125E+000    -0.16881997E+002    -0.19173058E+001     0.14241342E+004    -0.33243466E+004     0.30642251E+001     0.11168576E+001
    -0.43467134E+000    -0.16899622E+002    -0.22230867E+001     0.13828897E+004    -0.33133804E+004     0.30641197E+001     0.12087819E+001
    -0.43391142E+000    -0.16934272E+002    -0.25162279E+001     0.13399841E+004    -0.33083574E+004     0.30689259E+001     0.12997183E+001
    -0.43315151E+000    -0.16990551E+002    -0.28005334E+001     0.12961572E+004    -0.33098522E+004     0.30796550E+001     0.13915239E+001
    -0.43239159E+000    -0.17073113E+002    -0.30803937E+001     0.12522461E+004    -0.33183567E+004     0.30970129E+001     0.14863410E+001
    -0.43163168E+000    -0.17186834E+002    -0.33611697E+001     0.12091850E+004    -0.33342778E+004     0.31213600E+001     0.15865961E+001
    -0.43087176E+000    -0.17336746E+002    -0.36497404E+001     0.11680118E+004    -0.33579298E+004     0.31526409E+001     0.16950070E+001
    -0.43011185E+000    -0.17527663E+002    -0.39551117E+001     0.11298785E+004    -0.33895178E+004     0.31902755E+001     0.18145787E+001
    -0.42935193E+000    -0.17763431E+002    -0.42889458E+001     0.10960618E+004    -0.34291084E+004     0.32330111E+001     0.19485655E+001
    -0.42859202E+000    -0.18045818E+002    -0.46658368E+001     0.10679672E+004    -0.34765859E+004     0.32787435E+001     0.21003756E+001
    -0.42783210E+000    -0.18373117E+002    -0.51031368E+001     0.10471175E+004    -0.35315948E+004     0.33243214E+001     0.22733952E+001
    -0.42707219E+000    -0.18738633E+002    -0.56201527E+001     0.10351189E+004    -0.35934729E+004     0.33653642E+001     0.24707020E+001
    -0.42631227E+000    -0.19129370E+002    -0.62366074E+001     0.10335954E+004    -0.36611863E+004     0.33961459E+001     0.26946460E+001
    -0.42555236E+000    -0.19525250E+002    -0.69703988E+001     0.10440901E+004    -0.37332790E+004     0.34096271E+001     0.29463011E+001
    -0.42479244E+000    -0.19899248E+002    -0.78348828E+001     0.10679371E+004    -0.38078552E+004     0.33977312E+001     0.32248466E+001
    -0.42403253E+000    -0.20218702E+002    -0.88361004E+001     0.11061170E+004    -0.38826069E+004     0.33519274E+001     0.35270032E+001
    -0.42327261E+000    -0.20447832E+002    -0.99705078E+001     0.11591156E+004    -0.39548975E+004     0.32641072E+001     0.38466947E+001
    -0.42251270E+000    -0.20551235E+002    -0.11223795E+002     0.12268094E+004    -0.40218996E+004     0.31276333E+001     0.41750875E+001
    -0.42175278E+000    -0.20497792E+002    -0.12571246E+002     0.13084008E+004    -0.40807752E+004     0.29383673E+001     0.45010757E+001
    -0.42099287E+000    -0.20264219E+002    -0.13979776E+002     0.14024201E+004    -0.41288770E+004     0.26954718E+001     0.48121678E+001
    -0.42023295E+000    -0.19837410E+002    -0.15411351E+002     0.15068004E+004    -0.41639411E+004     0.24018433E+001     0.50956415E+001
    -0.41947304E+000    -0.19214998E+002    -0.16826996E+002     0.16190175E+004    -0.41842399E+004     0.20641130E+001     0.53398049E+001
    -0.41871312E+000    -0.18404090E+002    -0.18190352E+002     0.17362686E+004    -0.41886714E+004     0.16922099E+001     0.55352159E+001
    -0.41795321E+000    -0.17418790E+002    -0.19469915E+002     0.18556589E+004    -0.41767764E+004     0.12985132E+001     0.56757191E+001
    -0.41719329E+000    -0.16277550E+002    -0.20639612E+002     0.19743627E+004    -0.41486971E+004     0.89665186E+000     0.57591610E+001
    -0.41643338E+000    -0.15001287E+002    -0.21678164E+002     0.20897435E+004    -0.41050990E+004     0.50007171E+000     0.57876418E+001
    -0.41567346E+000    -0.13612696E+002    -0.22568108E+002     0.21994333E+004    -0.40470836E+004     0.12056416E+000     0.57672150E+001
    -0.41491355E+000    -0.12136461E+002    -0.23295327E+002     0.23013817E+004    -0.39761051E+004    -0.23300710E+000     0.57070436E+001
    -0.41415363E+000    -0.10599674E+002    -0.23849503E+002     0.23938894E+004    -0.38938976E+004    -0.55556878E+000     0.56181387E+001
    -0.41339372E+000    -0.90317127E+001    -0.24225312E+002     0.24756357E+004    -0.38024087E+004    -0.84617191E+000     0.55118926E+001
    -0.41263380E+000    -0.74631675E+001    -0.24423830E+002     0.25457053E+004    -0.37037322E+004    -0.11077939E+001     0.53986185E+001
    -0.41187389E+000    -0.59237879E+001    -0.24453475E+002     0.26036120E+004    -0.36000311E+004    -0.13466775E+001     0.52862521E+001
    -0.41111397E+000    -0.44397864E+001    -0.24329932E+002     0.26493101E+004    -0.34934440E+004    -0.15712718E+001     0.51793097E+001
    -0.41035406E+000    -0.30310919E+001    -0.24074691E+002     0.26831793E+004    -0.33859792E+004    -0.17908091E+001     0.50782096E+001
    -0.40959414E+000    -0.17093632E+001    -0.23712176E+002     0.27059732E+004    -0.32794090E+004    -0.20135811E+001     0.49791321E+001
    -0.40883423E+000    -0.47760479E+000    -0.23265933E+002     0.27187298E+004    -0.31751821E+004    -0.22451210E+001     0.48746398E+001
    -0.40807431E+000     0.66811034E+000    -0.22754922E+002     0.27226540E+004    -0.30743726E+004    -0.24866931E+001     0.47551695E+001
    -0.40731440E+000     0.17350588E+001    -0.22191228E+002     0.27189879E+004    -0.29776740E+004    -0.27345992E+001     0.46112325E+001
    -0.40655448E+000     0.27295451E+001    -0.21580177E+002     0.27088898E+004    -0.28854436E+004    -0.29806808E+001     0.44358060E+001
    -0.40579457E+000     0.36534683E+001    -0.20922958E+002     0.26933416E+004    -0.27977916E+004    -0.32140029E+001     0.42261983E+001
    -0.40503465E+000     0.45031839E+001    -0.20220747E+002     0.26731062E+004    -0.27146983E+004    -0.34232453E+001     0.39847925E+001
    -0.40427474E+000     0.52711281E+001    -0.19478581E+002     0.26487444E+004    -0.26361338E+004    -0.35990606E+001     0.37184995E+001
    -0.40351482E+000     0.59494425E+001    -0.18707353E+002     0.26206856E+004    -0.25621476E+004    -0.37357550E+001     0.34372072E+001
    -0.40275491E+000     0.65339575E+001    -0.17923143E+002     0.25893286E+004    -0.24929064E+004    -0.38319727E+001     0.31517558E+001
    -0.40199499E+000     0.70268775E+001    -0.17144385E+002     0.25551415E+004    -0.24286742E+004    -0.38903683E+001     0.28719580E+001
    -0.40123508E+000     0.74372903E+001    -0.16388193E+002     0.25187344E+004    -0.23697463E+004    -0.39164326E+001     0.26050911E+001
    -0.40047516E+000     0.77796715E+001    -0.15667257E+002     0.24808897E+004    -0.23163557E+004    -0.39167792E+001     0.23552155E+001
    -0.39971525E+000     0.80712911E+001    -0.14988163E+002     0.24425443E+004    -0.22685740E+004    -0.38973965E+001     0.21235351E+001
    -0.39895533E+000     0.83295493E+001    -0.14351165E+002     0.24047237E+004    -0.22262256E+004    -0.38625174E+001     0.19096927E+001
    -0.39819542E+000     0.85698409E+001    -0.13750884E+002     0.23684382E+004    -0.21888401E+004    -0.38146319E+001     0.17134196E+001
    -0.39743550E+000     0.88039533E+001    -0.13177392E+002     0.23345635E+004    -0.21556552E+004    -0.37556496E+001     0.15356462E+001
    -0.39667559E+000     0.90387248E+001    -0.12617552E+002     0.23037324E+004    -0.21256754E+004    -0.36885241E+001     0.13783460E+001
    -0.39591567E+000     0.92749198E+001    -0.12056858E+002     0.22762633E+004    -0.20977679E+004    -0.36182386E+001     0.12431005E+001
    -0.39515576E+000     0.95067194E+001    -0.11481963E+002     0.22521335E+004    -0.20707742E+004    -0.35513315E+001     0.11292435E+001
    -0.39439585E+000     0.97224540E+001    -0.10883647E+002     0.22309922E+004    -0.20436155E+004    -0.34940587E+001     0.10328509E+001
    -0.39363593E+000     0.99069535E+001    -0.10259381E+002     0.22121999E+004    -0.20153828E+004    -0.34502574E+001     0.94736579E+000
    -0.39287602E+000     0.10045204E+002    -0.96144062E+001     0.21948871E+004    -0.19854145E+004    -0.34202252E+001     0.86555383E+000
    -0.39211610E+000     0.10126182E+002    -0.89605941E+001     0.21780332E+004    -0.19533599E+004    -0.34012081E+001     0.78160450E+000
    -0.39135619E+000     0.10145347E+002    -0.83133268E+001     0.21605704E+004    -0.19192208E+004    -0.33889955E+001     0.69224611E+000
    -0.39059627E+000     0.10104766E+002    -0.76877466E+001     0.21415051E+004    -0.18833543E+004    -0.33795711E+001     0.59658125E+000
    -0.38983636E+000     0.10011145E+002    -0.70961526E+001     0.21200347E+004    -0.18464271E+004    -0.33700854E+001     0.49512511E+000
    -0.38907644E+000     0.98733065E+001    -0.65475249E+001     0.20956361E+004    -0.18093281E+004    -0.33590054E+001     0.38868557E+000
    -0.38831653E+000     0.97007756E+001    -0.60486980E+001     0.20681127E+004    -0.17730657E+004    -0.33456177E+001     0.27751356E+000
    -0.38755661E+000     0.95042366E+001    -0.56056886E+001     0.20376098E+004    -0.17386678E+004    -0.33291507E+001     0.16099689E+000
    -0.38679670E+000     0.92973624E+001    -0.52236553E+001     0.20046174E+004    -0.17070838E+004    -0.33079096E+001     0.38044984E-001
    -0.38603678E+000     0.90986451E+001    -0.49045039E+001     0.19699544E+004    -0.16790706E+004    -0.32788988E+001    -0.91980919E-001
    -0.38527687E+000     0.89310164E+001    -0.46421324E+001     0.19347057E+004    -0.16550588E+004    -0.32381845E+001    -0.22825727E+000
    -0.38451695E+000     0.88168609E+001    -0.44174832E+001     0.19000833E+004    -0.16350366E+004    -0.31818575E+001    -0.36789099E+000
    -0.38375704E+000     0.87685101E+001    -0.41980190E+001     0.18672201E+004    -0.16185053E+004    -0.31072502E+001    -0.50594597E+000
    -0.38299712E+000     0.87791222E+001    -0.39452188E+001     0.18369479E+004    -0.16045512E+004    -0.30140925E+001    -0.63616856E+000
    -0.38223721E+000     0.88208749E+001    -0.36278719E+001     0.18096351E+004    -0.15920296E+004    -0.29052070E+001    -0.75243170E+000
    -0.38147729E+000     0.88529745E+001    -0.32336329E+001     0.17851432E+004    -0.15798095E+004    -0.27861785E+001    -0.85058566E+000
    -0.38071738E+000     0.88349416E+001    -0.27722339E+001     0.17629118E+004    -0.15670010E+004    -0.26637581E+001    -0.92982862E+000
    -0.37995746E+000     0.87375984E+001    -0.22698345E+001     0.17421402E+004    -0.15531017E+004    -0.25436706E+001    -0.99268178E+000
    -0.37919755E+000     0.85470134E+001    -0.17595511E+001     0.17220060E+004    -0.15380335E+004    -0.24290644E+001    -0.10435537E+001
    -0.37843763E+000     0.82623091E+001    -0.12743274E+001     0.17018653E+004    -0.15220664E+004    -0.23203367E+001    -0.10868706E+001
    -0.37767772E+000     0.78923746E+001    -0.84458347E+000     0.16813824E+004    -0.15056583E+004    -0.22160203E+001    -0.11258172E+001
    -0.37691780E+000     0.74555413E+001    -0.49755369E+000     0.16605567E+004    -0.14892510E+004    -0.21139041E+001    -0.11619963E+001
    -0.37615789E+000     0.69806929E+001    -0.25362782E+000     0.16396301E+004    -0.14730780E+004    -0.20118213E+001    -0.11956773E+001
    -0.37539797E+000     0.65045588E+001    -0.11980511E+000     0.16188821E+004    -0.14570611E+004    -0.19080157E+001    -0.12261809E+001
    -0.37463806E+000     0.60632161E+001    -0.85823410E-001     0.15983867E+004    -0.14408766E+004    -0.18012934E+001    -0.12521403E+001
    -0.37387814E+000     0.56823548E+001    -0.12755708E+000     0.15778819E+004    -0.14241932E+004    -0.16912076E+001    -0.12716949E+001
    -0.37311823E+000     0.53727027E+001    -0.21587463E+000     0.15568683E+004    -0.14069444E+004    -0.15782456E+001    -0.12828295E+001
    -0.37235831E+000     0.51321623E+001    -0.32490111E+000     0.15348903E+004    -0.13894300E+004    -0.14637770E+001    -0.12838091E+001
    -0.37159840E+000     0.49509501E+001    -0.43604757E+000     0.15117969E+004    -0.13721588E+004    -0.13498231E+001    -0.12734171E+001
    -0.37083848E+000     0.48163114E+001    -0.53879318E+000     0.14877812E+004    -0.13555481E+004    -0.12389893E+001    -0.12510714E+001
    -0.37007857E+000     0.47164197E+001    -0.62985850E+000     0.14631688E+004    -0.13397051E+004    -0.11344542E+001    -0.12172636E+001
    -0.36931865E+000     0.46434392E+001    -0.71074289E+000     0.14381128E+004    -0.13244653E+004    -0.10393719E+001    -0.11742708E+001
    -0.36855874E+000     0.45944894E+001    -0.78396536E+000     0.14124430E+004    -0.13096656E+004    -0.95542791E+000    -0.11263053E+001
    -0.36779882E+000     0.45698924E+001    -0.84998364E+000     0.13858023E+004    -0.12954267E+004    -0.88129434E+000    -0.10782596E+001
    -0.36703891E+000     0.45702775E+001    -0.90670653E+000     0.13579448E+004    -0.12822071E+004    -0.81241781E+000    -0.10331895E+001
    -0.36627899E+000     0.45952496E+001    -0.95123069E+000     0.13289407E+004    -0.12706249E+004    -0.74302492E+000    -0.99011361E+000
    -0.36551908E+000     0.46447071E+001    -0.98099628E+000     0.12991919E+004    -0.12612333E+004    -0.66935042E+000    -0.94398419E+000
    -0.36475916E+000     0.47203662E+001    -0.99177276E+000     0.12693399E+004    -0.12543667E+004    -0.59192902E+000    -0.88792007E+000
    -0.36399925E+000     0.48232285E+001    -0.97416884E+000     0.12401276E+004    -0.12500440E+004    -0.51597075E+000    -0.81615496E+000
    -0.36323933E+000     0.49472918E+001    -0.91471413E+000     0.12122022E+004    -0.12479538E+004    -0.45028743E+000    -0.72674170E+000
    -0.36247942E+000     0.50768405E+001    -0.80345878E+000     0.11859289E+004    -0.12475988E+004    -0.40466377E+000    -0.62390090E+000
    -0.36171950E+000     0.51920338E+001    -0.64081566E+000     0.11613825E+004    -0.12485587E+004    -0.38503303E+000    -0.51853199E+000
    -0.36095959E+000     0.52772956E+001    -0.43651313E+000     0.11385686E+004    -0.12506552E+004    -0.38836397E+000    -0.42415910E+000
    -0.36019967E+000     0.53241897E+001    -0.20322276E+000     0.11176908E+004    -0.12538521E+004    -0.40238255E+000    -0.34873668E+000
    -0.35943976E+000     0.53284409E+001     0.47039504E-001     0.10992162E+004    -0.12579642E+004    -0.41298528E+000    -0.28859730E+000
    -0.35867984E+000     0.52882280E+001     0.30148040E+000     0.10836661E+004    -0.12624217E+004    -0.41424639E+000    -0.23118355E+000
    -0.35791993E+000     0.52068458E+001     0.54628996E+000     0.10712879E+004    -0.12662871E+004    -0.41191643E+000    -0.16488997E+000
    -0.35716001E+000     0.50941114E+001     0.77116160E+000     0.10618555E+004    -0.12685145E+004    -0.41779947E+000    -0.87088227E-001
    -0.35640010E+000     0.49620454E+001     0.97374281E+000     0.10547280E+004    -0.12682408E+004    -0.44109663E+000    -0.44905177E-002
    -0.35564018E+000     0.48179833E+001     0.11580488E+001     0.10490512E+004    -0.12648976E+004    -0.48335187E+000     0.72297018E-001
    -0.35488027E+000     0.46626005E+001     0.13271499E+001     0.10438710E+004    -0.12581532E+004    -0.53896251E+000     0.13513545E+000
    -0.35412035E+000     0.44963117E+001     0.14783758E+001     0.10380858E+004    -0.12479033E+004    -0.59941571E+000     0.18162758E+000
    -0.35336044E+000     0.43262599E+001     0.16086533E+001     0.10304350E+004    -0.12344618E+004    -0.65718946E+000     0.21453724E+000
    -0.35260052E+000     0.41623647E+001     0.17240014E+001     0.10197893E+004    -0.12187855E+004    -0.70764461E+000     0.24044248E+000
    -0.35184061E+000     0.40051207E+001     0.18387041E+001     0.10056462E+004    -0.12023256E+004    -0.75141228E+000     0.26846493E+000
    -0.35108069E+000     0.38407286E+001     0.19619603E+001     0.98831425E+003    -0.11864544E+004    -0.79664958E+000     0.30584230E+000
    -0.35032078E+000     0.36519639E+001     0.20859264E+001     0.96852312E+003    -0.11720133E+004    -0.85610952E+000     0.35168654E+000
    -0.34956086E+000     0.34357691E+001     0.21898793E+001     0.94692788E+003    -0.11594488E+004    -0.93972030E+000     0.39569666E+000
    -0.34880095E+000     0.32084735E+001     0.22591424E+001     0.92412840E+003    -0.11492422E+004    -0.10498456E+001     0.42238171E+000
    -0.34804103E+000     0.29911988E+001     0.22993758E+001     0.90114638E+003    -0.11419182E+004    -0.11799551E+001     0.41463384E+000
    -0.34728112E+000     0.27900131E+001     0.23313883E+001     0.87962639E+003    -0.11373981E+004    -0.13116169E+001     0.35807010E+000
    -0.34652120E+000     0.25889594E+001     0.23717276E+001     0.86118732E+003    -0.11343267E+004    -0.14151616E+001     0.25207258E+000
    -0.34576129E+000     0.23619980E+001     0.24144170E+001     0.84625570E+003    -0.11302657E+004    -0.14637472E+001     0.11892781E+000
    -0.34500138E+000     0.20975292E+001     0.24296940E+001     0.83344012E+003    -0.11229211E+004    -0.14525713E+001    -0.44140959E-002
    -0.34424146E+000     0.18143636E+001     0.23866445E+001     0.82018606E+003    -0.11114586E+004    -0.14028390E+001    -0.88832052E-001
    -0.34348155E+000     0.15490619E+001     0.22792257E+001     0.80416747E+003    -0.10967368E+004    -0.13454239E+001    -0.12824019E+000
    -0.34272163E+000     0.13295264E+001     0.21273972E+001     0.78412958E+003    -0.10804885E+004    -0.13019633E+001    -0.13492617E+000
    -0.34196172E+000     0.11630577E+001     0.19604933E+001     0.75983759E+003    -0.10645011E+004    -0.12794348E+001    -0.12532461E+000
    -0.34120180E+000     0.10378380E+001     0.18029183E+001     0.73175505E+003    -0.10502284E+004    -0.12760747E+001    -0.11072104E+000
    -0.34044189E+000     0.93023912E+000     0.16624518E+001     0.70069855E+003    -0.10386068E+004    -0.12891218E+001    -0.96928851E-001
    -0.33968197E+000     0.82208797E+000     0.15250461E+001     0.66747288E+003    -0.10301224E+004    -0.13171414E+001    -0.89207941E-001
    -0.33892206E+000     0.71785308E+000     0.13686488E+001     0.63276108E+003    -0.10250445E+004    -0.13560773E+001    -0.94268360E-001
    -0.33816214E+000     0.64063400E+000     0.11866251E+001     0.59712819E+003    -0.10234658E+004    -0.13967712E+001    -0.11574325E+000
    -0.33740223E+000     0.61074599E+000     0.99481323E+000     0.56078334E+003    -0.10254241E+004    -0.14291265E+001    -0.14922986E+000
    -0.33664231E+000     0.63205138E+000     0.81914201E+000     0.52358393E+003    -0.10315078E+004    -0.14500245E+001    -0.18340598E+000
    -0.33588240E+000     0.69349427E+000     0.68359588E+000     0.48587449E+003    -0.10432911E+004    -0.14671311E+001    -0.20867046E+000
    -0.33512248E+000     0.77238916E+000     0.60644191E+000     0.44954631E+003    -0.10627442E+004    -0.14932781E+001    -0.22477809E+000
    -0.33436257E+000     0.83343806E+000     0.59481907E+000     0.41836718E+003    -0.10908701E+004    -0.15393189E+001    -0.24060651E+000
    -0.33360265E+000     0.83355162E+000     0.63239000E+000     0.39725786E+003    -0.11261913E+004    -0.16108052E+001    -0.27289192E+000
    -0.33284274E+000     0.74126733E+000     0.67111680E+000     0.39029107E+003    -0.11638535E+004    -0.17008096E+001    -0.34576873E+000
    -0.33208282E+000     0.56195952E+000     0.64364129E+000     0.39815662E+003    -0.11966865E+004    -0.17800467E+001    -0.47876076E+000
    -0.33132291E+000     0.34482200E+000     0.49365287E+000     0.41726058E+003    -0.12180302E+004    -0.18044218E+001    -0.66413396E+000
    -0.33056299E+000     0.16856151E+000     0.19925615E+000     0.44097771E+003    -0.12241333E+004    -0.17437448E+001    -0.86090359E+000
    -0.32980308E+000     0.12214139E+000    -0.21203940E+000     0.46175333E+003    -0.12153181E+004    -0.16019570E+001    -0.10161985E+001
    -0.32904316E+000     0.26858828E+000    -0.65502857E+000     0.47372524E+003    -0.11958774E+004    -0.14144623E+001    -0.10885135E+001
    -0.32828325E+000     0.60398521E+000    -0.10191144E+001     0.47481462E+003    -0.11719687E+004    -0.12389738E+001    -0.10637675E+001
    -0.32752333E+000     0.10638906E+001    -0.12204533E+001     0.46650005E+003    -0.11486960E+004    -0.11340081E+001    -0.97091045E+000
    -0.32676342E+000     0.15523437E+001    -0.12212940E+001     0.45171207E+003    -0.11286337E+004    -0.11234624E+001    -0.87318742E+000
    -0.32600350E+000     0.19638523E+001    -0.10459000E+001     0.43285961E+003    -0.11125118E+004    -0.11829187E+001    -0.83158580E+000
    -0.32524359E+000     0.22392124E+001    -0.78340273E+000     0.41166511E+003    -0.11006824E+004    -0.12568619E+001    -0.87554080E+000
    -0.32448367E+000     0.24037105E+001    -0.51643571E+000     0.38995211E+003    -0.10932907E+004    -0.12847926E+001    -0.99205947E+000
    -0.32372376E+000     0.25038898E+001    -0.25900982E+000     0.36953291E+003    -0.10899082E+004    -0.12321136E+001    -0.11313072E+001
    -0.32296384E+000     0.25406365E+001    -0.28995498E-002     0.35226276E+003    -0.10897565E+004    -0.11094858E+001    -0.12395779E+001
    -0.32220393E+000     0.25035447E+001     0.22005255E+000     0.34045569E+003    -0.10909448E+004    -0.95229845E+000    -0.12937917E+001
    -0.32144401E+000     0.24328571E+001     0.36589745E+000     0.33551163E+003    -0.10892137E+004    -0.78645985E+000    -0.12959086E+001
    -0.32068410E+000     0.24027051E+001     0.44784814E+000     0.33521219E+003    -0.10789244E+004    -0.62631136E+000    -0.12493417E+001
    -0.31992418E+000     0.24449267E+001     0.54553456E+000     0.33289814E+003    -0.10568374E+004    -0.48687000E+000    -0.11569259E+001
    -0.31916427E+000     0.25006791E+001     0.73275821E+000     0.32077559E+003    -0.10254003E+004    -0.38460570E+000    -0.10267021E+001
    -0.31840435E+000     0.24738065E+001     0.99172760E+000     0.29472722E+003    -0.99165477E+003    -0.33488699E+000    -0.87575237E+000
    -0.31764444E+000     0.23337585E+001     0.12371767E+001     0.25597969E+003    -0.96295965E+003    -0.34190038E+000    -0.73245581E+000
    -0.31688452E+000     0.21202454E+001     0.14063575E+001     0.20906784E+003    -0.94372987E+003    -0.38815574E+000    -0.62328503E+000
    -0.31612461E+000     0.18918553E+001     0.14796148E+001     0.15897279E+003    -0.93507107E+003    -0.44259837E+000    -0.55372422E+000
    -0.31536469E+000     0.17103494E+001     0.14783233E+001     0.10968270E+003    -0.93592492E+003    -0.48350141E+000    -0.50396220E+000
    -0.31460478E+000     0.15998687E+001     0.14720535E+001     0.63778215E+002    -0.94390015E+003    -0.51657164E+000    -0.44778668E+000
    -0.31384486E+000     0.15133350E+001     0.15149496E+001     0.21758063E+002    -0.95604690E+003    -0.56692560E+000    -0.37932535E+000
    -0.31308495E+000     0.13943437E+001     0.15991387E+001    -0.18040239E+002    -0.97083699E+003    -0.65241326E+000    -0.31882178E+000
    -0.31232503E+000     0.12132949E+001     0.17013875E+001    -0.57033722E+002    -0.98964326E+003    -0.76614924E+000    -0.29427751E+000
    -0.31156512E+000     0.92753248E+000     0.17863463E+001    -0.93673795E+002    -0.10149171E+004    -0.88159957E+000    -0.31914549E+000
    -0.31080520E+000     0.51669371E+000     0.17483371E+001    -0.12390576E+003    -0.10468885E+004    -0.97015337E+000    -0.38335371E+000
    -0.31004529E+000     0.84533593E-001     0.14629109E+001    -0.14405760E+003    -0.10824037E+004    -0.10207646E+001    -0.45735155E+000
    -0.30928537E+000    -0.16947808E+000     0.93676479E+000    -0.15307303E+003    -0.11164163E+004    -0.10557723E+001    -0.51528186E+000
    -0.30852546E+000    -0.11720099E+000     0.33071206E+000    -0.15279817E+003    -0.11439997E+004    -0.11125821E+001    -0.57534913E+000
    -0.30776554E+000     0.22935218E+000    -0.17128166E+000    -0.14740779E+003    -0.11617024E+004    -0.11763470E+001    -0.69321778E+000
    -0.30700563E+000     0.77559332E+000    -0.43291569E+000    -0.14254915E+003    -0.11684448E+004    -0.11705656E+001    -0.87036110E+000
    -0.30624571E+000     0.13559247E+001    -0.37672362E+000    -0.14445016E+003    -0.11665226E+004    -0.10622633E+001    -0.10291450E+001
    -0.30548580E+000     0.17747492E+001    -0.69507362E-001    -0.15708140E+003    -0.11626467E+004    -0.89496211E+000    -0.11110037E+001
    -0.30472588E+000     0.19739027E+001     0.30472895E+000    -0.17847769E+003    -0.11649403E+004    -0.72106221E+000    -0.11064881E+001
    -0.30396597E+000     0.20408623E+001     0.63212818E+000    -0.20170514E+003    -0.11778850E+004    -0.58341898E+000    -0.10287274E+001
    -0.30320605E+000     0.20801446E+001     0.90247174E+000    -0.21893286E+003    -0.12003284E+004    -0.51207968E+000    -0.91148200E+000
    -0.30244614E+000     0.21876967E+001     0.12069393E+001    -0.22507257E+003    -0.12267822E+004    -0.50999762E+000    -0.79902023E+000
    -0.30168622E+000     0.22867670E+001     0.17601560E+001    -0.21945391E+003    -0.12501195E+004    -0.55171949E+000    -0.72218622E+000
    -0.30092631E+000     0.20220802E+001     0.25788824E+001    -0.20573056E+003    -0.12651268E+004    -0.60943215E+000    -0.68018877E+000
    -0.30016639E+000     0.11631043E+001     0.32578538E+001    -0.18770514E+003    -0.12703112E+004    -0.68251091E+000    -0.66661413E+000
    -0.29940648E+000    -0.29363926E-001     0.33355213E+001    -0.16791752E+003    -0.12635885E+004    -0.77108803E+000    -0.70406043E+000
    -0.29864656E+000    -0.10279995E+001     0.27818788E+001    -0.15232826E+003    -0.12428765E+004    -0.83330933E+000    -0.82116640E+000
    -0.29788665E+000    -0.15566015E+001     0.19461644E+001    -0.14840893E+003    -0.12112705E+004    -0.79433907E+000    -0.99290831E+000
    -0.29712673E+000    -0.16554833E+001     0.11412884E+001    -0.16014275E+003    -0.11761200E+004    -0.62392393E+000    -0.11230872E+001
    -0.29636682E+000    -0.14681150E+001     0.56687736E+000    -0.18631503E+003    -0.11456060E+004    -0.38608262E+000    -0.11246842E+001
    -0.29560691E+000    -0.12433550E+001     0.31564209E+000    -0.22098428E+003    -0.11247494E+004    -0.17827512E+000    -0.99346550E+000
    -0.29484699E+000    -0.12371066E+001     0.26875016E+000    -0.25806301E+003    -0.11125509E+004    -0.56438540E-001    -0.77979205E+000
    -0.29408708E+000    -0.15518877E+001     0.14520428E+000    -0.29674402E+003    -0.11055379E+004    -0.30915391E-001    -0.53809943E+000
    -0.29332716E+000    -0.20218502E+001    -0.35937347E+000    -0.33981066E+003    -0.11045164E+004    -0.80798887E-001    -0.29595204E+000
    -0.29256725E+000    -0.22765352E+001    -0.12773314E+001    -0.38689686E+003    -0.11150818E+004    -0.20772422E+000    -0.37970622E-001
    -0.29180733E+000    -0.21355093E+001    -0.23716989E+001    -0.43161365E+003    -0.11425391E+004    -0.47748840E+000     0.22409399E+000
    -0.29104742E+000    -0.15892240E+001    -0.35103842E+001    -0.46306779E+003    -0.11874434E+004    -0.95105992E+000     0.36753293E+000
    -0.29028750E+000    -0.51072174E+000    -0.45498559E+001    -0.46915444E+003    -0.12426508E+004    -0.15268096E+001     0.19966103E+000
    -0.28952759E+000     0.10935520E+001    -0.50684304E+001    -0.44209366E+003    -0.12910376E+004    -0.19265809E+001    -0.30454366E+000
    -0.28876767E+000     0.27022589E+001    -0.47715624E+001    -0.39023561E+003    -0.13090618E+004    -0.19635143E+001    -0.90592610E+000
    -0.28800776E+000     0.38277780E+001    -0.40081273E+001    -0.34031872E+003    -0.12887930E+004    -0.17471110E+001    -0.13257972E+001
    -0.28724784E+000     0.45275976E+001    -0.32146613E+001    -0.30936822E+003    -0.12453440E+004    -0.15413831E+001    -0.15575253E+001
    -0.28648793E+000     0.50404891E+001    -0.25252438E+001    -0.29688237E+003    -0.11897906E+004    -0.13986202E+001    -0.17990377E+001
    -0.28572801E+000     0.55367792E+001    -0.18943981E+001    -0.30574866E+003    -0.11262475E+004    -0.11735225E+001    -0.21161917E+001
    -0.28496810E+000     0.61268167E+001    -0.11824101E+001    -0.33768581E+003    -0.10659603E+004    -0.75897926E+000    -0.24089862E+001
    -0.28420818E+000     0.67328806E+001    -0.99335030E-001    -0.38394333E+003    -0.10168223E+004    -0.16800248E+000    -0.25113074E+001
    -0.28344827E+000     0.68694380E+001     0.14287674E+001    -0.43717114E+003    -0.97653032E+003     0.42835420E+000    -0.23093245E+001
    -0.28268835E+000     0.62075407E+001     0.28469447E+001    -0.49735705E+003    -0.94159305E+003     0.82434917E+000    -0.18878856E+001
    -0.28192844E+000     0.51243823E+001     0.35901798E+001    -0.56753417E+003    -0.91294051E+003     0.98646110E+000    -0.14421979E+001
    -0.28116852E+000     0.42325946E+001     0.36792697E+001    -0.64872023E+003    -0.89614081E+003     0.10140460E+001    -0.10593405E+001
    -0.28040861E+000     0.38121859E+001     0.35315013E+001    -0.73635155E+003    -0.89768702E+003     0.95063771E+000    -0.73473825E+000
    -0.27964869E+000     0.37707362E+001     0.34696111E+001    -0.82167745E+003    -0.91997738E+003     0.81511314E+000    -0.51168111E+000
    -0.27888878E+000     0.39965235E+001     0.36425255E+001    -0.89559175E+003    -0.95990335E+003     0.70384435E+000    -0.41792272E+000
    -0.27812886E+000     0.43436151E+001     0.41798032E+001    -0.95193120E+003    -0.10091251E+004     0.71242762E+000    -0.37623686E+000
    -0.27736895E+000     0.46941423E+001     0.51300945E+001    -0.99153345E+003    -0.10566447E+004     0.84589935E+000    -0.24987128E+000
    -0.27660903E+000     0.49171982E+001     0.66950062E+001    -0.10233690E+004    -0.10957934E+004     0.97870947E+000     0.75235658E-001
    -0.27584912E+000     0.45466348E+001     0.90753731E+001    -0.10579863E+004    -0.11308022E+004     0.91382928E+000     0.53848463E+000
    -0.27508920E+000     0.28088068E+001     0.12183782E+002    -0.10954509E+004    -0.11745460E+004     0.61383378E+000     0.93713913E+000
    -0.27432929E+000    -0.14803895E+001     0.15221827E+002    -0.11207765E+004    -0.12328279E+004     0.20082001E+000     0.11399047E+001
    -0.27356937E+000    -0.88317311E+001     0.15400847E+002    -0.11201157E+004    -0.12922211E+004    -0.13669031E+000     0.11431957E+001
    -0.27280946E+000    -0.15671019E+002     0.97244495E+001    -0.10990684E+004    -0.13349735E+004    -0.27081010E+000     0.11536932E+001
    -0.27204954E+000    -0.16633997E+002     0.88695437E+000    -0.10674110E+004    -0.13583356E+004    -0.40306652E+000     0.14101189E+001
    -0.27128963E+000    -0.12161458E+002    -0.49916356E+001    -0.10259250E+004    -0.13558603E+004    -0.87326184E+000     0.17399086E+001
    -0.27052971E+000    -0.69900733E+001    -0.59790805E+001    -0.99010434E+003    -0.13135507E+004    -0.15765373E+001     0.17384021E+001
    -0.26976980E+000    -0.43683322E+001    -0.41327537E+001    -0.98874056E+003    -0.12379334E+004    -0.21314694E+001     0.14126344E+001
    -0.26900988E+000    -0.47551121E+001    -0.25914136E+001    -0.10343014E+004    -0.11566030E+004    -0.24614953E+001     0.10199493E+001
    -0.26824997E+000    -0.61289588E+001    -0.32340726E+001    -0.11166309E+004    -0.10918306E+004    -0.26622877E+001     0.66193113E+000
    -0.26749005E+000    -0.63143293E+001    -0.54467190E+001    -0.12213204E+004    -0.10501160E+004    -0.27932025E+001     0.35806968E+000
    -0.26673014E+000    -0.48192656E+001    -0.74230662E+001    -0.13401616E+004    -0.10313962E+004    -0.29098554E+001     0.13016403E+000
    -0.26597022E+000    -0.28314778E+001    -0.81636114E+001    -0.14675484E+004    -0.10363018E+004    -0.31202429E+001    -0.44636743E-001
    -0.26521031E+000    -0.13168179E+001    -0.82414885E+001    -0.15968624E+004    -0.10622518E+004    -0.34919930E+001    -0.34593560E+000
    -0.26445039E+000    -0.93973398E-001    -0.83743397E+001    -0.17296206E+004    -0.11020850E+004    -0.38056461E+001    -0.97755520E+000
    -0.26369048E+000     0.14050239E+001    -0.84534652E+001    -0.18764651E+004    -0.11592351E+004    -0.37204249E+001    -0.17240386E+001
    -0.26293056E+000     0.29926761E+001    -0.78348990E+001    -0.20404752E+004    -0.12509444E+004    -0.34047884E+001    -0.21781059E+001
    -0.26217065E+000     0.38277808E+001    -0.66865957E+001    -0.22085831E+004    -0.13967252E+004    -0.32330745E+001    -0.24281991E+001
    -0.26141073E+000     0.38551053E+001    -0.59284306E+001    -0.23547286E+004    -0.16040601E+004    -0.32135219E+001    -0.27448328E+001
    -0.26065082E+000     0.37614939E+001    -0.59304916E+001    -0.24561291E+004    -0.18658553E+004    -0.32145022E+001    -0.32241327E+001
    -0.25989090E+000     0.41186900E+001    -0.66251093E+001    -0.24945555E+004    -0.21759772E+004    -0.31232419E+001    -0.38824846E+001
    -0.25913099E+000     0.57675086E+001    -0.75173718E+001    -0.24383396E+004    -0.25246242E+004    -0.28088039E+001    -0.47254465E+001
    -0.25837107E+000     0.86547676E+001    -0.68381543E+001    -0.22463216E+004    -0.28701960E+004    -0.20638648E+001    -0.56221373E+001
    -0.25761116E+000     0.10462643E+002    -0.39690638E+001    -0.19092616E+004    -0.31240062E+004    -0.85914300E+000    -0.62420989E+001
    -0.25685124E+000     0.10012258E+002    -0.99180002E+000    -0.15058431E+004    -0.31948603E+004     0.52753863E+000    -0.63608090E+001
    -0.25609133E+000     0.83811864E+001     0.76714032E+000    -0.11711018E+004    -0.30955315E+004     0.18664808E+001    -0.61112508E+001
    -0.25533141E+000     0.64950529E+001     0.12282964E+001    -0.95801575E+003    -0.29298450E+004     0.32416425E+001    -0.55304960E+001
    -0.25457150E+000     0.50363991E+001     0.52109802E+000    -0.83524468E+003    -0.27686945E+004     0.46037213E+001    -0.43906153E+001
    -0.25381158E+000     0.45869176E+001    -0.93678256E+000    -0.75691391E+003    -0.26317841E+004     0.55661909E+001    -0.24467918E+001
    -0.25305167E+000     0.56799918E+001    -0.23183376E+001    -0.69845617E+003    -0.25027557E+004     0.53087997E+001     0.87827323E-001
    -0.25229175E+000     0.77200771E+001    -0.20698366E+001    -0.66576403E+003    -0.23736609E+004     0.34228357E+001     0.19536975E+001
    -0.25153184E+000     0.86346501E+001    -0.23442313E+000    -0.65894904E+003    -0.22509720E+004     0.11044846E+001     0.20262687E+001
    -0.25077192E+000     0.78887479E+001     0.12197406E+001    -0.67627046E+003    -0.21383644E+004    -0.23010323E+000     0.92119202E+000
    -0.25001201E+000     0.68677981E+001     0.14841359E+001    -0.71111429E+003    -0.20444136E+004    -0.46889696E+000    -0.25387614E+000
    -0.24925209E+000     0.62164385E+001     0.11863942E+001    -0.74956044E+003    -0.19639769E+004    -0.70659436E-001    -0.95355126E+000
    -0.24849218E+000     0.59042351E+001     0.46908128E+000    -0.79540576E+003    -0.18832856E+004     0.42531425E+000    -0.10586340E+001
    -0.24773226E+000     0.62509253E+001    -0.42648311E+000    -0.86554454E+003    -0.18045438E+004     0.63691929E+000    -0.83297917E+000
    -0.24697235E+000     0.69508161E+001    -0.11915747E+001    -0.96732510E+003    -0.17509241E+004     0.53133659E+000    -0.63853090E+000
    -0.24621244E+000     0.82342249E+001    -0.23625458E+001    -0.10819244E+004    -0.17482286E+004     0.33438307E+000    -0.69035380E+000
    -0.24545252E+000     0.11368896E+002    -0.31422020E+001    -0.11699630E+004    -0.18033616E+004     0.32312052E+000    -0.88339891E+000
    -0.24469261E+000     0.15567477E+002    -0.11908138E+001    -0.11867954E+004    -0.18849291E+004     0.45727065E+000    -0.96644447E+000
    -0.24393269E+000     0.17897907E+002     0.33742066E+001    -0.11323581E+004    -0.19238075E+004     0.57440211E+000    -0.94600598E+000
    -0.24317278E+000     0.17658603E+002     0.83457855E+001    -0.10675414E+004    -0.18806464E+004     0.63773340E+000    -0.88566128E+000
    -0.24241286E+000     0.15173277E+002     0.12735890E+002    -0.10572962E+004    -0.17799367E+004     0.66933556E+000    -0.86955358E+000
    -0.24165295E+000     0.10804284E+002     0.14993426E+002    -0.11192015E+004    -0.16842336E+004     0.77990345E+000    -0.87039840E+000
    -0.24089303E+000     0.68974726E+001     0.14272644E+002    -0.12179590E+004    -0.16385603E+004     0.94282583E+000    -0.75744090E+000
    -0.24013312E+000     0.51562845E+001     0.12475277E+002    -0.13039332E+004    -0.16430481E+004     0.10183626E+001    -0.53802022E+000
    -0.23937320E+000     0.47889497E+001     0.11145821E+002    -0.13482052E+004    -0.16619829E+004     0.98147967E+000    -0.32583780E+000
    -0.23861329E+000     0.50844709E+001     0.10404120E+002    -0.13656020E+004    -0.16503764E+004     0.90480144E+000    -0.16841775E+000
    -0.23785337E+000     0.58894639E+001     0.10258806E+002    -0.14029962E+004    -0.16048085E+004     0.82961418E+000    -0.20198906E-001
    -0.23709346E+000     0.70074493E+001     0.11197486E+002    -0.14762706E+004    -0.15605960E+004     0.71739840E+000     0.15524584E+000
    -0.23633354E+000     0.75405500E+001     0.13404154E+002    -0.15708031E+004    -0.15386488E+004     0.50130620E+000     0.31682219E+000
    -0.23557363E+000     0.66053253E+001     0.16381686E+002    -0.16702268E+004    -0.15472662E+004     0.21826831E+000     0.35051073E+000
    -0.23481371E+000     0.38185757E+001     0.18707731E+002    -0.17494411E+004    -0.15828834E+004    -0.67174548E-002     0.27820720E+000
    -0.23405380E+000     0.53926808E+000     0.19497297E+002    -0.17974220E+004    -0.16155258E+004    -0.18074937E+000     0.17556916E+000
    -0.23329388E+000    -0.26744457E+001     0.19438702E+002    -0.18369118E+004    -0.16268485E+004    -0.29915437E+000     0.44440966E-001
    -0.23253397E+000    -0.57522266E+001     0.18325505E+002    -0.18818803E+004    -0.16277799E+004    -0.38277175E+000    -0.50331829E-001
    -0.23177405E+000    -0.80020518E+001     0.16541219E+002    -0.19244495E+004    -0.16174956E+004    -0.51266059E+000    -0.16604992E+000
    -0.23101414E+000    -0.96697137E+001     0.14636816E+002    -0.19835297E+004    -0.15767640E+004    -0.59491527E+000    -0.37869180E+000
    -0.23025422E+000    -0.10786946E+002     0.12721247E+002    -0.20954075E+004    -0.15325907E+004    -0.55792779E+000    -0.58067061E+000
    -0.22949431E+000    -0.11846666E+002     0.11010795E+002    -0.22416642E+004    -0.15286658E+004    -0.48907845E+000    -0.70798482E+000
    -0.22873439E+000    -0.12904762E+002     0.88659479E+001    -0.23905095E+004    -0.15614364E+004    -0.42692997E+000    -0.80867368E+000
    -0.22797448E+000    -0.13478262E+002     0.62808218E+001    -0.25410089E+004    -0.16239647E+004    -0.36194417E+000    -0.86841372E+000
    -0.22721456E+000    -0.13292034E+002     0.33896118E+001    -0.26819912E+004    -0.17247142E+004    -0.37944253E+000    -0.89926250E+000
    -0.22645465E+000    -0.12080785E+002     0.73948337E+000    -0.27953982E+004    -0.18536928E+004    -0.48912009E+000    -0.10527278E+001
    -0.22569473E+000    -0.10400241E+002    -0.12962750E+001    -0.28806758E+004    -0.19987125E+004    -0.51514971E+000    -0.14151948E+001
    -0.22493482E+000    -0.81391570E+001    -0.31313636E+001    -0.29290534E+004    -0.21603186E+004    -0.27777324E+000    -0.18796532E+001
    -0.22417490E+000    -0.48167368E+001    -0.38679076E+001    -0.29220113E+004    -0.23104428E+004     0.27400111E+000    -0.22277928E+001
    -0.22341499E+000    -0.16375743E+001    -0.25082564E+001    -0.28876163E+004    -0.24129611E+004     0.99857023E+000    -0.22686505E+001
    -0.22265507E+000    -0.48303642E+000     0.36024495E+000    -0.28619146E+004    -0.24784619E+004     0.16854044E+001    -0.19920731E+001
    -0.22189516E+000    -0.18286942E+001     0.20259171E+001    -0.28499867E+004    -0.25244221E+004     0.22686814E+001    -0.15080990E+001
    -0.22113524E+000    -0.27550651E+001     0.12532299E+001    -0.28525330E+004    -0.25587335E+004     0.27263738E+001    -0.72925098E+000
    -0.22037533E+000    -0.16340217E+001     0.37542315E+000    -0.28674768E+004    -0.25772870E+004     0.27262671E+001     0.26647140E+000
    -0.21961541E+000     0.12261720E+000     0.14483374E+001    -0.29233554E+004    -0.25794086E+004     0.22915082E+001     0.10508088E+001
    -0.21885550E+000    -0.33711159E-001     0.39119370E+001    -0.30379045E+004    -0.26128479E+004     0.17077137E+001     0.15607449E+001
    -0.21809558E+000    -0.23527905E+001     0.49856693E+001    -0.31631983E+004    -0.27258941E+004     0.10221525E+001     0.18578456E+001
    -0.21733567E+000    -0.45681761E+001     0.35341968E+001    -0.32304053E+004    -0.28813465E+004     0.27221897E+000     0.18154677E+001
    -0.21657575E+000    -0.44822739E+001     0.55111350E+000    -0.32732808E+004    -0.30093080E+004    -0.19094693E+000     0.14040315E+001
    -0.21581584E+000    -0.18619800E+001    -0.98358330E+000    -0.33651929E+004    -0.31477833E+004    -0.18565397E+000     0.10746182E+001
    -0.21505592E+000     0.59981313E+000    -0.32260672E+000    -0.34860674E+004    -0.34046444E+004    -0.82458881E-001     0.11684190E+001
    -0.21429601E+000     0.22872460E+001     0.13089297E+001    -0.34794821E+004    -0.38387640E+004    -0.34455101E+000     0.15204824E+001
    -0.21353609E+000     0.25829146E+001     0.34931394E+001    -0.31421227E+004    -0.42879936E+004    -0.10743012E+001     0.15890497E+001
    -0.21277618E+000     0.21997882E+001     0.43465238E+001    -0.25640062E+004    -0.44161585E+004    -0.17081008E+001     0.10317620E+001
    -0.21201626E+000     0.33043967E+001     0.54683393E+001    -0.20897525E+004    -0.41750443E+004    -0.17801453E+001     0.31425775E+000
    -0.21125635E+000     0.35015501E+001     0.86209521E+001    -0.19085809E+004    -0.37789880E+004    -0.15507395E+001    -0.11202583E+000
    -0.21049643E+000     0.15062979E+001     0.11475908E+002    -0.19797235E+004    -0.34656028E+004    -0.13430945E+001    -0.30449920E+000
    -0.20973652E+000    -0.13540981E+001     0.13026804E+002    -0.21336252E+004    -0.33155363E+004    -0.12159062E+001    -0.43266366E+000
    -0.20897660E+000    -0.42225740E+001     0.13507764E+002    -0.22560626E+004    -0.32646775E+004    -0.10802120E+001    -0.56720143E+000
    -0.20821669E+000    -0.69608510E+001     0.13529989E+002    -0.23505518E+004    -0.32253391E+004    -0.92172044E+000    -0.61885114E+000
    -0.20745677E+000    -0.99254347E+001     0.13083181E+002    -0.24722890E+004    -0.31896489E+004    -0.82184954E+000    -0.63438108E+000
    -0.20669686E+000    -0.13136478E+002     0.12011741E+002    -0.26376833E+004    -0.32035987E+004    -0.74162906E+000    -0.63156611E+000
    -0.20593694E+000    -0.16973205E+002     0.96926020E+001    -0.28010818E+004    -0.33080277E+004    -0.72640120E+000    -0.64082815E+000
    -0.20517703E+000    -0.20048278E+002     0.47573539E+001    -0.29158874E+004    -0.34719694E+004    -0.67780697E+000    -0.73653941E+000
    -0.20441711E+000    -0.20257853E+002    -0.15684428E+001    -0.29907147E+004    -0.36962628E+004    -0.51810894E+000    -0.77605989E+000
    -0.20365720E+000    -0.17120536E+002    -0.71965543E+001    -0.29557848E+004    -0.39908881E+004    -0.40155231E+000    -0.70235534E+000
    -0.20289728E+000    -0.12471503E+002    -0.97328570E+001    -0.27637270E+004    -0.42754328E+004    -0.35441230E+000    -0.64140528E+000
    -0.20213737E+000    -0.87879216E+001    -0.10899560E+002    -0.24076603E+004    -0.44714068E+004    -0.28796237E+000    -0.59403050E+000
    -0.20137745E+000    -0.44572700E+001    -0.11733136E+002    -0.19303205E+004    -0.44411333E+004    -0.20891099E+000    -0.49844861E+000
    -0.20061754E+000     0.84323279E+000    -0.10554682E+002    -0.15411044E+004    -0.41172840E+004    -0.16563982E+000    -0.31538373E+000
    -0.19985762E+000     0.51798912E+001    -0.59861092E+001    -0.14132837E+004    -0.36786441E+004    -0.26741292E+000    -0.97670381E-001
    -0.19909771E+000     0.54210188E+001     0.47969628E+000    -0.14630150E+004    -0.33034684E+004    -0.48847339E+000     0.23226417E-001
    -0.19833779E+000     0.13480563E+001     0.46638241E+001    -0.16026282E+004    -0.29958702E+004    -0.71467872E+000     0.41534512E-002
    -0.19757788E+000    -0.31506671E+001     0.42952064E+001    -0.17966867E+004    -0.27660502E+004    -0.87037791E+000    -0.67421854E-001
    -0.19681797E+000    -0.46901887E+001     0.18571647E+001    -0.19915452E+004    -0.25838022E+004    -0.10041007E+001    -0.15488983E+000
    -0.19605805E+000    -0.42670334E+001     0.49083363E+000    -0.22228108E+004    -0.24038643E+004    -0.10874669E+001    -0.26920838E+000
    -0.19529814E+000    -0.37408393E+001     0.30851361E-001    -0.25170969E+004    -0.22804415E+004    -0.11198958E+001    -0.32608237E+000
    -0.19453822E+000    -0.32707288E+001    -0.16371184E-001    -0.28141334E+004    -0.22405701E+004    -0.12222471E+001    -0.29562906E+000
    -0.19377831E+000    -0.29961086E+001     0.75250802E-001    -0.30767985E+004    -0.22390379E+004    -0.14970491E+001    -0.30350095E+000
    -0.19301839E+000    -0.25703946E+001     0.19548929E+000    -0.33237191E+004    -0.22370148E+004    -0.18658571E+001    -0.53038418E+000
    -0.19225848E+000    -0.20472642E+001     0.87730270E+000    -0.35896760E+004    -0.22248567E+004    -0.21516773E+001    -0.99995483E+000
    -0.19149856E+000    -0.21676274E+001     0.21284024E+001    -0.39038324E+004    -0.22319877E+004    -0.22396148E+001    -0.16755064E+001
    -0.19073865E+000    -0.33130765E+001     0.32084345E+001    -0.42544875E+004    -0.22899917E+004    -0.19297254E+001    -0.25020693E+001
    -0.18997873E+000    -0.50317371E+001     0.32784116E+001    -0.46239137E+004    -0.24148066E+004    -0.10023851E+001    -0.30294526E+001
    -0.18921882E+000    -0.62611149E+001     0.23558267E+001    -0.49770728E+004    -0.26120255E+004    -0.91724740E-001    -0.27223206E+001
    -0.18845890E+000    -0.66978979E+001     0.13453864E+001    -0.52885796E+004    -0.28383270E+004     0.16970287E+000    -0.22591195E+001
    -0.18769899E+000    -0.67934389E+001     0.69651632E+000    -0.56009090E+004    -0.30587752E+004     0.39568179E+000    -0.20743779E+001
    -0.18693907E+000    -0.71275605E+001     0.35517833E+000    -0.59607342E+004    -0.32769606E+004     0.63657478E+000    -0.16676190E+001
    -0.18617916E+000    -0.76637834E+001    -0.26913282E+000    -0.64616901E+004    -0.35467709E+004     0.59191061E+000    -0.12800617E+001
    -0.18541924E+000    -0.82085349E+001    -0.79323262E+000    -0.71142057E+004    -0.40617429E+004     0.48374727E+000    -0.10026722E+001
    -0.18465933E+000    -0.98443870E+001    -0.17576777E+001    -0.77397235E+004    -0.50047127E+004     0.31218841E+000    -0.76529208E+000
    -0.18389941E+000    -0.11488380E+002    -0.54640233E+001    -0.79763029E+004    -0.64124598E+004     0.48907509E-001    -0.57740156E+000
    -0.18313950E+000    -0.93212062E+001    -0.11070964E+002    -0.74360797E+004    -0.78814560E+004    -0.32850181E+000    -0.51676945E+000
    -0.18237958E+000    -0.29584170E+001    -0.13959477E+002    -0.64254386E+004    -0.87585357E+004    -0.74205922E+000    -0.65272054E+000
    -0.18161967E+000     0.39488049E+001    -0.11953675E+002    -0.56214754E+004    -0.92415692E+004    -0.11408911E+001    -0.10376142E+001
    -0.18085975E+000     0.78164478E+001    -0.62165812E+001    -0.48367097E+004    -0.99333318E+004    -0.12956082E+001    -0.17646150E+001
    -0.18009984E+000     0.74884183E+001    -0.20012497E+000    -0.34016595E+004    -0.10589399E+005    -0.88246545E+000    -0.25711536E+001
    -0.17933992E+000     0.43845194E+001     0.40204586E+001    -0.14913439E+004    -0.10309988E+005     0.49971876E-001    -0.29386828E+001
    -0.17858001E+000     0.16904914E+000     0.55512033E+001    -0.19334508E+003    -0.90080693E+004     0.92742292E+000    -0.25848900E+001
    -0.17782009E+000    -0.35157630E+001     0.47662369E+001     0.15970602E+003    -0.76547211E+004     0.12846384E+001    -0.19546346E+001
    -0.17706018E+000    -0.56781208E+001     0.24800551E+001     0.11519994E+003    -0.66051786E+004     0.13144499E+001    -0.14555095E+001
    -0.17630026E+000    -0.60043220E+001     0.25477562E+000    -0.17479357E+003    -0.57311675E+004     0.12357593E+001    -0.10879699E+001
    -0.17554035E+000    -0.55931510E+001    -0.10863627E+001    -0.68623962E+003    -0.51198180E+004     0.10901921E+001    -0.81121083E+000
    -0.17478043E+000    -0.52450443E+001    -0.18381809E+001    -0.12590528E+004    -0.48382960E+004     0.92113235E+000    -0.62403705E+000
    -0.17402052E+000    -0.50854190E+001    -0.26166709E+001    -0.17085808E+004    -0.48434823E+004     0.74996534E+000    -0.47888103E+000
    -0.17326060E+000    -0.45422272E+001    -0.35640645E+001    -0.19108361E+004    -0.49767877E+004     0.52984295E+000    -0.35969553E+000
    -0.17250069E+000    -0.36288766E+001    -0.40546814E+001    -0.18571830E+004    -0.50367778E+004     0.21663591E+000    -0.36349106E+000
    -0.17174077E+000    -0.28141201E+001    -0.41423999E+001    -0.17177538E+004    -0.48365206E+004    -0.25369417E-002    -0.61588611E+000
    -0.17098086E+000    -0.22570550E+001    -0.40211299E+001    -0.17301467E+004    -0.44695561E+004     0.64584661E-001    -0.88441249E+000
    -0.17022094E+000    -0.18340850E+001    -0.40790106E+001    -0.18600278E+004    -0.40768960E+004     0.26902717E+000    -0.97472705E+000
    -0.16946103E+000    -0.11479656E+001    -0.40721873E+001    -0.21133264E+004    -0.36238250E+004     0.45115234E+000    -0.86764796E+000
    -0.16870111E+000    -0.44171120E+000    -0.37255327E+001    -0.25634758E+004    -0.32034278E+004     0.47390942E+000    -0.66929686E+000
    -0.16794120E+000     0.55660674E-001    -0.30850354E+001    -0.31380043E+004    -0.29040302E+004     0.36504658E+000    -0.53021894E+000
    -0.16718128E+000     0.19787879E+000    -0.22912589E+001    -0.37874432E+004    -0.27244059E+004     0.22771811E+000    -0.48934427E+000
    -0.16642137E+000    -0.10913859E+000    -0.16216090E+001    -0.44807471E+004    -0.26830304E+004     0.12029018E+000    -0.50397891E+000
    -0.16566145E+000    -0.53892257E+000    -0.12955730E+001    -0.51553304E+004    -0.27815324E+004     0.35564926E-001    -0.52760460E+000
    -0.16490154E+000    -0.10910736E+001    -0.10755303E+001    -0.57503129E+004    -0.29625121E+004    -0.56567162E-001    -0.57540102E+000
    -0.16414162E+000    -0.18318476E+001    -0.14466185E+001    -0.62821176E+004    -0.31272533E+004    -0.11490337E+000    -0.67097692E+000
    -0.16338171E+000    -0.18003451E+001    -0.23559078E+001    -0.68363094E+004    -0.32324130E+004    -0.10977313E+000    -0.76694406E+000
    -0.16262179E+000    -0.10620432E+001    -0.26214263E+001    -0.75138942E+004    -0.32984562E+004    -0.56474765E-001    -0.83177016E+000
    -0.16186188E+000    -0.66621286E+000    -0.22600813E+001    -0.83718899E+004    -0.34265812E+004     0.32098025E-001    -0.81758701E+000
    -0.16110196E+000    -0.65431881E+000    -0.19319729E+001    -0.93909690E+004    -0.36941667E+004     0.51986041E-001    -0.70553669E+000
    -0.16034205E+000    -0.77852224E+000    -0.16688119E+001    -0.10572818E+005    -0.41552634E+004    -0.42503676E-001    -0.59877728E+000
    -0.15958213E+000    -0.11396574E+001    -0.14668546E+001    -0.11914992E+005    -0.49128666E+004    -0.20626531E+000    -0.54883243E+000
    -0.15882222E+000    -0.17887218E+001    -0.16323807E+001    -0.13350122E+005    -0.61071760E+004    -0.42282835E+000    -0.56668569E+000
    -0.15806230E+000    -0.22308030E+001    -0.25689081E+001    -0.14695324E+005    -0.78775738E+004    -0.68865300E+000    -0.70065677E+000
    -0.15730239E+000    -0.15944250E+001    -0.36723977E+001    -0.15594115E+005    -0.10214532E+005    -0.91745027E+000    -0.10360253E+001
    -0.15654247E+000    -0.43987332E+000    -0.38233917E+001    -0.15797912E+005    -0.12642562E+005    -0.89392766E+000    -0.15194415E+001
    -0.15578256E+000     0.21118451E+000    -0.33107547E+001    -0.15932144E+005    -0.14780615E+005    -0.59858573E+000    -0.18446215E+001
    -0.15502264E+000     0.29791684E+000    -0.28747128E+001    -0.16487280E+005    -0.17479748E+005    -0.32013174E+000    -0.19346644E+001
    -0.15426273E+000     0.18259192E+000    -0.28104072E+001    -0.16660568E+005    -0.21757944E+005    -0.17403719E+000    -0.19921868E+001
    -0.15350281E+000     0.36289625E+000    -0.31752453E+001    -0.14456724E+005    -0.27648698E+005    -0.17425009E-001    -0.21539714E+001
    -0.15274290E+000     0.11433566E+001    -0.32386943E+001    -0.81029139E+004    -0.32486566E+005     0.30123253E+000    -0.23167440E+001
    -0.15198298E+000     0.17354377E+001    -0.27022091E+001     0.19786462E+003    -0.32614637E+005     0.76507381E+000    -0.22821261E+001
    -0.15122307E+000     0.18929997E+001    -0.21678986E+001     0.59650546E+004    -0.28691407E+005     0.11024813E+001    -0.19465759E+001
    -0.15046315E+000     0.21071829E+001    -0.19835978E+001     0.81991035E+004    -0.24388934E+005     0.11338435E+001    -0.15833297E+001
    -0.14970324E+000     0.29161378E+001    -0.13240316E+001     0.88206520E+004    -0.21558718E+005     0.99786747E+000    -0.13852871E+001
    -0.14894332E+000     0.28534491E+001     0.44742577E+000     0.95281268E+004    -0.19673066E+005     0.86210503E+000    -0.14076251E+001
    -0.14818341E+000     0.12620178E+001     0.14908983E+001     0.10252282E+005    -0.17735546E+005     0.91341882E+000    -0.15352854E+001
    -0.14742350E+000    -0.30355651E+000     0.97146414E+000     0.10647332E+005    -0.15937119E+005     0.11224254E+001    -0.15716851E+001
    -0.14666358E+000    -0.62094657E+000    -0.11815422E+000     0.11095563E+005    -0.14200565E+005     0.13534733E+001    -0.14406075E+001
    -0.14590367E+000    -0.39926819E+000    -0.39483334E+000     0.11205074E+005    -0.12085289E+005     0.14779833E+001    -0.12226879E+001
    -0.14514375E+000    -0.78493772E+000    -0.61564212E+000     0.10573933E+005    -0.10124732E+005     0.15579826E+001    -0.10092807E+001
    -0.14438384E+000    -0.82828272E+000    -0.15402869E+001     0.95272355E+004    -0.86629708E+004     0.15989053E+001    -0.70353606E+000
    -0.14362392E+000    -0.72303198E-001    -0.22078713E+001     0.83104730E+004    -0.77914743E+004     0.14326466E+001    -0.36003089E+000
    -0.14286401E+000     0.81833776E+000    -0.22044879E+001     0.72829320E+004    -0.74626939E+004     0.10859875E+001    -0.21901526E+000
    -0.14210409E+000     0.13039839E+001    -0.19994431E+001     0.65918070E+004    -0.73558835E+004     0.85058083E+000    -0.33342557E+000
    -0.14134418E+000     0.21068949E+001    -0.21426880E+001     0.61314791E+004    -0.72943043E+004     0.82091172E+000    -0.41965619E+000
    -0.14058426E+000     0.37732801E+001    -0.13102333E+001     0.58325535E+004    -0.72058114E+004     0.79896713E+000    -0.39147751E+000
    -0.13982435E+000     0.43799651E+001     0.13098174E+001     0.55790383E+004    -0.71117970E+004     0.69953146E+000    -0.32772702E+000
    -0.13906443E+000     0.25417369E+001     0.36639212E+001     0.55215350E+004    -0.70638586E+004     0.49657986E+000    -0.33990877E+000
    -0.13830452E+000    -0.22253324E+000     0.37429373E+001     0.56245919E+004    -0.67078987E+004     0.32831708E+000    -0.55493450E+000
    -0.13754460E+000    -0.15979375E+001     0.22095995E+001     0.54148027E+004    -0.60978463E+004     0.42273466E+000    -0.82840555E+000
    -0.13678469E+000    -0.16627122E+001     0.10399928E+001     0.48729048E+004    -0.56864949E+004     0.66787555E+000    -0.86808512E+000
    -0.13602477E+000    -0.14671030E+001     0.33079290E+000     0.43303294E+004    -0.56029846E+004     0.76916017E+000    -0.71663700E+000
    -0.13526486E+000    -0.11588362E+001    -0.83481650E-001     0.39623360E+004    -0.56775119E+004     0.69300542E+000    -0.61662561E+000
    -0.13450494E+000    -0.79425778E+000    -0.45152457E+000     0.37557876E+004    -0.58181177E+004     0.59853335E+000    -0.65196552E+000
    -0.13374503E+000    -0.25144516E-001    -0.39865282E+000     0.37827459E+004    -0.59394033E+004     0.58753918E+000    -0.76433734E+000
    -0.13298511E+000     0.15047474E+000     0.42740758E+000     0.39969275E+004    -0.58539508E+004     0.69800571E+000    -0.85175959E+000
    -0.13222520E+000    -0.43926435E+000     0.68557164E+000     0.42141840E+004    -0.54057143E+004     0.84807228E+000    -0.81263869E+000
    -0.13146528E+000    -0.63107650E+000     0.49954985E+000     0.40445764E+004    -0.46944987E+004     0.91422457E+000    -0.68798101E+000
    -0.13070537E+000    -0.72632017E+000     0.48697919E+000     0.34620525E+004    -0.41837036E+004     0.89776024E+000    -0.57803489E+000
    -0.12994545E+000    -0.80291489E+000     0.33568232E+000     0.28221856E+004    -0.40380579E+004     0.84351444E+000    -0.50297858E+000
    -0.12918554E+000    -0.49336617E+000     0.38654671E+000     0.23721769E+004    -0.40603335E+004     0.76711308E+000    -0.47184317E+000
    -0.12842562E+000    -0.55004224E+000     0.12393027E+001     0.20150753E+004    -0.40079986E+004     0.70840475E+000    -0.48913745E+000
    -0.12766571E+000    -0.19378093E+001     0.17444286E+001     0.15411814E+004    -0.39363303E+004     0.67785753E+000    -0.50582050E+000
    -0.12690579E+000    -0.33974734E+001     0.67122902E+000     0.96652125E+003    -0.40713629E+004     0.62878071E+000    -0.53263968E+000
    -0.12614588E+000    -0.36393415E+001    -0.13306329E+001     0.56209253E+003    -0.44763324E+004     0.58949541E+000    -0.61996454E+000
    -0.12538596E+000    -0.21568247E+001    -0.29650482E+001     0.51002675E+003    -0.48842099E+004     0.63094044E+000    -0.76602310E+000
    -0.12462605E+000    -0.13642691E+000    -0.27722317E+001     0.64462983E+003    -0.50138183E+004     0.83043298E+000    -0.87931567E+000
    -0.12386613E+000     0.79151678E+000    -0.15502148E+001     0.65206456E+003    -0.48413091E+004     0.11111736E+001    -0.79387135E+000
    -0.12310622E+000     0.71087917E+000    -0.44377931E+000     0.29791085E+003    -0.46441618E+004     0.12676663E+001    -0.52015982E+000
    -0.12234630E+000     0.32025657E+000     0.18163506E-001    -0.25426647E+003    -0.48187981E+004     0.12336988E+001    -0.22208185E+000
    -0.12158639E+000     0.27345172E+000     0.34689729E+000    -0.51734907E+003    -0.54169492E+004     0.10700001E+001     0.63598520E-002
    -0.12082647E+000     0.13087290E+000     0.11988445E+001    -0.15240106E+003    -0.59221223E+004     0.82925331E+000     0.12876470E+000
    -0.12006656E+000    -0.11238223E+001     0.21435465E+001     0.36441082E+003    -0.57618941E+004     0.58088612E+000     0.12931332E+000
    -0.11930664E+000    -0.29438152E+001     0.15805335E+001     0.40742226E+003    -0.52465818E+004     0.37206334E+000     0.44877147E-001
    -0.11854673E+000    -0.36443411E+001     0.14491225E+000    -0.34614462E+001    -0.49033472E+004     0.20752250E+000    -0.10042899E+000
    -0.11778681E+000    -0.35882446E+001    -0.11859815E+001    -0.52093508E+003    -0.49854062E+004     0.99295081E-001    -0.31207119E+000
    -0.11702690E+000    -0.26690875E+001    -0.21977164E+001    -0.73608357E+003    -0.54268512E+004     0.11300403E+000    -0.58599565E+000
    -0.11626698E+000    -0.16673089E+001    -0.19524259E+001    -0.32503899E+003    -0.57627677E+004     0.32058815E+000    -0.79927782E+000
    -0.11550707E+000    -0.16733397E+001    -0.14268204E+001     0.24592427E+003    -0.52915463E+004     0.58332203E+000    -0.77854563E+000
    -0.11474715E+000    -0.20528013E+001    -0.13378435E+001     0.13803240E+003    -0.43859141E+004     0.68123316E+000    -0.62988406E+000
    -0.11398724E+000    -0.25670842E+001    -0.16192179E+001    -0.52066725E+003    -0.37181768E+004     0.65107332E+000    -0.54264267E+000
    -0.11322732E+000    -0.28792488E+001    -0.24236702E+001    -0.13666807E+004    -0.34043503E+004     0.62144693E+000    -0.54444342E+000
    -0.11246741E+000    -0.26283426E+001    -0.33388521E+001    -0.22197410E+004    -0.33535352E+004     0.65279619E+000    -0.55538819E+000
    -0.11170749E+000    -0.20109295E+001    -0.39452743E+001    -0.30572900E+004    -0.34664215E+004     0.68590358E+000    -0.50310522E+000
    -0.11094758E+000    -0.14292477E+001    -0.42074080E+001    -0.39198819E+004    -0.37537967E+004     0.64453295E+000    -0.43833611E+000
    -0.11018766E+000    -0.95216914E+000    -0.44259237E+001    -0.47749167E+004    -0.43202687E+004     0.55406056E+000    -0.43775936E+000
    -0.10942775E+000    -0.46732806E+000    -0.44675899E+001    -0.54172654E+004    -0.52782693E+004     0.48092865E+000    -0.52217838E+000
    -0.10866783E+000    -0.46516461E+000    -0.44658653E+001    -0.54133232E+004    -0.64602104E+004     0.49304436E+000    -0.65644585E+000
    -0.10790792E+000    -0.69252701E+000    -0.52722793E+001    -0.47450224E+004    -0.70919451E+004     0.59482576E+000    -0.74584769E+000
    -0.10714800E+000    -0.10462485E+000    -0.69348239E+001    -0.42999690E+004    -0.70500020E+004     0.69646461E+000    -0.77526034E+000
    -0.10638809E+000     0.22219804E+001    -0.85733882E+001    -0.40582841E+004    -0.69989786E+004     0.81919620E+000    -0.80369931E+000
    -0.10562817E+000     0.59219244E+001    -0.81031226E+001    -0.36830621E+004    -0.65791873E+004     0.99426169E+000    -0.74696156E+000
    -0.10486826E+000     0.82749566E+001    -0.52840829E+001    -0.38512919E+004    -0.56300772E+004     0.10909047E+001    -0.58164362E+000
    -0.10410834E+000     0.85162308E+001    -0.23203514E+001    -0.47484414E+004    -0.48292882E+004     0.10763676E+001    -0.42921146E+000
    -0.10334843E+000     0.75858934E+001    -0.26415864E+000    -0.60070657E+004    -0.44492773E+004     0.10199497E+001    -0.33397234E+000
    -0.10258851E+000     0.62929406E+001     0.65999729E+000    -0.74166379E+004    -0.44501732E+004     0.95708080E+000    -0.27741343E+000
    -0.10182860E+000     0.54664659E+001     0.57386406E+000    -0.89180484E+004    -0.48016616E+004     0.89077498E+000    -0.24969015E+000
    -0.10106868E+000     0.56574904E+001     0.20345723E+000    -0.10484691E+005    -0.55544052E+004     0.82811921E+000    -0.25409465E+000
    -0.10030877E+000     0.68878542E+001     0.36629676E+000    -0.12031670E+005    -0.68566595E+004     0.78266157E+000    -0.28812677E+000
    -0.99548855E-001     0.88608890E+001     0.22255828E+001    -0.13237350E+005    -0.89455160E+004     0.76292970E+000    -0.34738646E+000
    -0.98788940E-001     0.91469605E+001     0.70853354E+001    -0.13200366E+005    -0.11758196E+005     0.79463556E+000    -0.43224165E+000
    -0.98029025E-001     0.41472923E+001     0.11471219E+002    -0.11078268E+005    -0.13689628E+005     0.91617400E+000    -0.48581769E+000
    -0.97269110E-001    -0.24263460E+001     0.10047382E+002    -0.88429221E+004    -0.12788039E+005     0.10586833E+001    -0.42598298E+000
    -0.96509195E-001    -0.52127072E+001     0.54215385E+001    -0.88916806E+004    -0.10661747E+005     0.11278855E+001    -0.30334706E+000
    -0.95749280E-001    -0.48129820E+001     0.14085279E+001    -0.10648918E+005    -0.92313468E+004     0.11338580E+001    -0.18845289E+000
    -0.94989365E-001    -0.28347458E+001    -0.11246122E+001    -0.13145750E+005    -0.87667149E+004     0.11096945E+001    -0.10234467E+000
    -0.94229450E-001    -0.40892800E+000    -0.17158198E+001    -0.16024172E+005    -0.90969542E+004     0.10807122E+001    -0.45510862E-001
    -0.93469536E-001     0.71878224E+000    -0.11893822E+001    -0.19249483E+005    -0.10149804E+005     0.10652923E+001    -0.68986812E-002
    -0.92709621E-001     0.11376410E+001    -0.15479398E+001    -0.22896168E+005    -0.12026094E+005     0.10705033E+001     0.30150115E-001
    -0.91949706E-001     0.25188962E+001    -0.26236750E+001    -0.27059598E+005    -0.15027876E+005     0.10953085E+001     0.80424470E-001
    -0.91189791E-001     0.57128932E+001    -0.31309676E+001    -0.31775664E+005    -0.19746820E+005     0.11381870E+001     0.15819962E+000
    -0.90429876E-001     0.10010613E+002    -0.90648602E+000    -0.36830379E+005    -0.27270293E+005     0.11908258E+001     0.28954142E+000
    -0.89669961E-001     0.12767737E+002     0.43643176E+001    -0.41032201E+005    -0.39505576E+005     0.12191140E+001     0.50496229E+000
    -0.88910046E-001     0.12572554E+002     0.11440408E+002    -0.40108353E+005    -0.58568547E+005     0.11444372E+001     0.82529373E+000
    -0.88150131E-001     0.76585078E+001     0.18920963E+002    -0.24583559E+005    -0.81151246E+005     0.81503022E+000     0.11718997E+001
    -0.87390216E-001    -0.24078881E+001     0.21806022E+002     0.82025781E+004    -0.88953580E+005     0.22932945E+000     0.12275282E+001
    -0.86630301E-001    -0.10992657E+002     0.17301904E+002     0.35072848E+005    -0.72232051E+005    -0.19211401E+000     0.88438270E+000
    -0.85870386E-001    -0.14219421E+002     0.10734660E+002     0.43055237E+005    -0.50071961E+005    -0.28328678E+000     0.50496603E+000
    -0.85110471E-001    -0.14271998E+002     0.54885726E+001     0.40908473E+005    -0.34251399E+005    -0.22054871E+000     0.25368628E+000
    -0.84350556E-001    -0.12999904E+002     0.17803829E+001     0.36033225E+005    -0.24518911E+005    -0.11430226E+000     0.13081622E+000
    -0.83590642E-001    -0.11162678E+002    -0.65346086E+000     0.31072952E+005    -0.18555336E+005    -0.50864220E-001     0.99573834E-001
    -0.82830727E-001    -0.92161876E+001    -0.19229745E+001     0.26631744E+005    -0.14714689E+005    -0.34733263E-001     0.74135264E-001
    -0.82070812E-001    -0.76368373E+001    -0.23443983E+001     0.22620839E+005    -0.12122408E+005    -0.20672680E-001     0.49463109E-001
    -0.81310897E-001    -0.64827467E+001    -0.22635414E+001     0.18908509E+005    -0.10432694E+005    -0.12571209E-001     0.38679884E-001
    -0.80550982E-001    -0.59123853E+001    -0.18625721E+001     0.15446558E+005    -0.94465292E+004    -0.13116792E-001     0.37948666E-001
    -0.79791067E-001    -0.59036915E+001    -0.15378997E+001     0.12174210E+005    -0.90351782E+004    -0.20965627E-001     0.49221772E-001
    -0.79031152E-001    -0.62168326E+001    -0.14260330E+001     0.90364571E+004    -0.91660532E+004    -0.40137199E-001     0.80473438E-001
    -0.78271237E-001    -0.67681189E+001    -0.14820143E+001     0.60611399E+004    -0.98914510E+004    -0.88477290E-001     0.14317865E+000
    -0.77511322E-001    -0.76583652E+001    -0.17153045E+001     0.34781379E+004    -0.11212567E+005    -0.21346108E+000     0.23363932E+000
    -0.76751407E-001    -0.90421861E+001    -0.23991974E+001     0.15371907E+004    -0.12648321E+005    -0.46646759E+000     0.27155760E+000
    -0.75991492E-001    -0.10724377E+002    -0.39891441E+001    -0.49014691E+003    -0.13549931E+005    -0.76258008E+000     0.14172087E+000
    -0.75231577E-001    -0.12365953E+002    -0.66230148E+001    -0.36448772E+004    -0.14634219E+005    -0.97461661E+000    -0.96523698E-001
    -0.74471662E-001    -0.13919496E+002    -0.10612973E+002    -0.78517621E+004    -0.17033991E+005    -0.11308023E+001    -0.35767192E+000
    -0.73711748E-001    -0.15002540E+002    -0.17035877E+002    -0.12708193E+005    -0.21562467E+005    -0.12861514E+001    -0.65940387E+000
    -0.72951833E-001    -0.13487646E+002    -0.27795803E+002    -0.17640215E+005    -0.29338676E+005    -0.14459429E+001    -0.10744690E+001
    -0.72191918E-001    -0.23824538E+001    -0.43335729E+002    -0.20960785E+005    -0.42198815E+005    -0.15303106E+001    -0.17051761E+001
    -0.71432003E-001     0.29425827E+002    -0.50964254E+002    -0.17435245E+005    -0.61602511E+005    -0.12895116E+001    -0.26017575E+001
    -0.70672088E-001     0.64632502E+002    -0.19117645E+002     0.23975612E+004    -0.81143915E+005    -0.33762879E+000    -0.34461241E+001
    -0.69912173E-001     0.50573011E+002     0.28380933E+002     0.34776255E+005    -0.81377158E+005     0.11025621E+001    -0.34252962E+001
    -0.69152258E-001     0.15892267E+002     0.36471694E+002     0.55342725E+005    -0.61703201E+005     0.20018547E+001    -0.25707672E+001
    -0.68392343E-001    -0.10259311E+001     0.25373383E+002     0.59388768E+005    -0.41634568E+005     0.21925408E+001    -0.17146961E+001
    -0.67632428E-001    -0.55988141E+001     0.15520168E+002     0.56361094E+005    -0.28097391E+005     0.20824988E+001    -0.11409172E+001
    -0.66872513E-001    -0.59522941E+001     0.94897233E+001     0.51762583E+005    -0.19702633E+005     0.19050029E+001    -0.78681962E+000
    -0.66112598E-001    -0.52302684E+001     0.60007039E+001     0.47360485E+005    -0.14423399E+005     0.17347391E+001    -0.56537329E+000
    -0.65352683E-001    -0.43735654E+001     0.39468175E+001     0.43554257E+005    -0.10971530E+005     0.15886163E+001    -0.42156307E+000
    -0.64592768E-001    -0.36230794E+001     0.26936663E+001     0.40347658E+005    -0.86186745E+004     0.14668466E+001    -0.32432997E+000
    -0.63832854E-001    -0.30163399E+001     0.18993148E+001     0.37651589E+005    -0.69529005E+004     0.13657265E+001    -0.25612451E+000
    -0.63072939E-001    -0.25373995E+001     0.13775067E+001     0.35370113E+005    -0.57339304E+004     0.12812659E+001    -0.20672160E+000
    -0.62313024E-001    -0.21607289E+001     0.10236190E+001     0.33421569E+005    -0.48162142E+004     0.12100771E+001    -0.16993695E+000
    -0.61553109E-001    -0.18631361E+001     0.77676731E+000     0.31740990E+005    -0.41082440E+004     0.11494757E+001    -0.14189046E+000
    -0.60793194E-001    -0.16261328E+001     0.60026925E+000     0.30277750E+005    -0.35504839E+004     0.10973795E+001    -0.12006423E+000
    -0.60033279E-001    -0.14356219E+001     0.47129917E+000     0.28992502E+005    -0.31029889E+004     0.10521792E+001    -0.10277407E+000
    -0.59273364E-001    -0.12810094E+001     0.37523069E+000     0.27854517E+005    -0.27382128E+004     0.10126258E+001    -0.88862692E-001
    -0.58513449E-001    -0.11543475E+001     0.30243988E+000     0.26839597E+005    -0.24366910E+004     0.97774191E+000    -0.77515596E-001
    -0.57753534E-001    -0.10496484E+001     0.24644159E+000     0.25928507E+005    -0.21843667E+004     0.94675602E+000    -0.68147169E-001
    -0.56993619E-001    -0.96236809E+000     0.20277090E+000     0.25105800E+005    -0.19708898E+004     0.91905322E+000    -0.60328275E-001
    -0.56233704E-001    -0.88902953E+000     0.16829363E+000     0.24358955E+005    -0.17885053E+004     0.89413872E+000    -0.53739031E-001
    -0.55473789E-001    -0.82694791E+000     0.14077078E+000     0.23677725E+005    -0.16313108E+004     0.87161075E+000    -0.48137292E-001
    -0.54713874E-001    -0.77403153E+000     0.11857715E+000     0.23053648E+005    -0.14947497E+004     0.85114022E+000    -0.43337200E-001
    -0.53953960E-001    -0.72863639E+000     0.10051580E+000     0.22479679E+005    -0.13752586E+004     0.83245538E+000    -0.39194283E-001
    -0.53194045E-001    -0.68945939E+000     0.85693420E-001     0.21949907E+005    -0.12700182E+004     0.81533005E+000    -0.35594947E-001
    -0.52434130E-001    -0.65545917E+000     0.73435127E-001     0.21459336E+005    -0.11767734E+004     0.79957465E+000    -0.32448924E-001
    -0.51674215E-001    -0.62579715E+000     0.63225303E-001     0.21003712E+005    -0.10937032E+004     0.78502919E+000    -0.29683793E-001
    -0.50914300E-001    -0.59979309E+000     0.54665904E-001     0.20579394E+005    -0.10193230E+004     0.77155779E+000    -0.27240931E-001
    -0.50154385E-001    -0.57689137E+000     0.47446688E-001     0.20183244E+005    -0.95241278E+003     0.75904436E+000    -0.25072489E-001
    -0.49394470E-001    -0.55663514E+000     0.41323685E-001     0.19812545E+005    -0.89196210E+003     0.74738919E+000    -0.23139119E-001
    -0.48634555E-001    -0.53864649E+000     0.36103456E-001     0.19464928E+005    -0.83712791E+003     0.73650615E+000    -0.21408230E-001
    -0.47874640E-001    -0.52261098E+000     0.31631434E-001     0.19138324E+005    -0.78720220E+003     0.72632050E+000    -0.19852650E-001
    -0.47114725E-001    -0.50826550E+000     0.27783208E-001     0.18830911E+005    -0.74158661E+003     0.71676710E+000    -0.18449588E-001
    -0.46354810E-001    -0.49538878E+000     0.24457952E-001     0.18541083E+005    -0.69977256E+003     0.70778889E+000    -0.17179813E-001
    -0.45594895E-001    -0.48379377E+000     0.21573434E-001     0.18267416E+005    -0.66132532E+003     0.69933571E+000    -0.16027014E-001
    -0.44834980E-001    -0.47332163E+000     0.19062192E-001     0.18008643E+005    -0.62587149E+003     0.69136331E+000    -0.14977283E-001
    -0.44075066E-001    -0.46383684E+000     0.16868568E-001     0.17763633E+005    -0.59308869E+003     0.68383246E+000    -0.14018707E-001
    -0.43315151E-001    -0.45522334E+000     0.14946390E-001     0.17531374E+005    -0.56269741E+003     0.67670831E+000    -0.13141032E-001
    -0.42555236E-001    -0.44738129E+000     0.13257170E-001     0.17310956E+005    -0.53445423E+003     0.66995979E+000    -0.12335400E-001
    -0.41795321E-001    -0.44022450E+000     0.11768664E-001     0.17101559E+005    -0.50814633E+003     0.66355908E+000    -0.11594121E-001
    -0.41035406E-001    -0.43367827E+000     0.10453731E-001     0.16902442E+005    -0.48358687E+003     0.65748124E+000    -0.10910500E-001
    -0.40275491E-001    -0.42767764E+000     0.92894388E-002     0.16712935E+005    -0.46061131E+003     0.65170384E+000    -0.10278681E-001
    -0.39515576E-001    -0.42216595E+000     0.82563316E-002     0.16532427E+005    -0.43907419E+003     0.64620663E+000    -0.96935287E-002
    -0.38755661E-001    -0.41709359E+000     0.73378318E-002     0.16360364E+005    -0.41884649E+003     0.64097131E+000    -0.91505231E-002
    -0.37995746E-001    -0.41241703E+000     0.65197644E-002     0.16196240E+005    -0.39981346E+003     0.63598129E+000    -0.86456730E-002
    -0.37235831E-001    -0.40809793E+000     0.57899615E-002     0.16039592E+005    -0.38187270E+003     0.63122149E+000    -0.81754439E-002
    -0.36475916E-001    -0.40410244E+000     0.51379460E-002     0.15889996E+005    -0.36493259E+003     0.62667819E+000    -0.77366965E-002
    -0.35716001E-001    -0.40040061E+000     0.45546696E-002     0.15747063E+005    -0.34891091E+003     0.62233887E+000    -0.73266349E-002
    -0.34956086E-001    -0.39696584E+000     0.40322893E-002     0.15610436E+005    -0.33373371E+003     0.61819208E+000    -0.69427626E-002
    -0.34196172E-001    -0.39377449E+000     0.35639846E-002     0.15479785E+005    -0.31933431E+003     0.61422735E+000    -0.65828445E-002
    -0.33436257E-001    -0.39080545E+000     0.31438098E-002     0.15354806E+005    -0.30565240E+003     0.61043505E+000    -0.62448743E-002
    -0.32676342E-001    -0.38803988E+000     0.27665705E-002     0.15235219E+005    -0.29263337E+003     0.60680636E+000    -0.59270477E-002
    -0.31916427E-001    -0.38546089E+000     0.24277202E-002     0.15120763E+005    -0.28022759E+003     0.60333314E+000    -0.56277373E-002
    -0.31156512E-001    -0.38305333E+000     0.21232637E-002     0.15011200E+005    -0.26838991E+003     0.60000790E+000    -0.53454728E-002
    -0.30396597E-001    -0.38080359E+000     0.18496741E-002     0.14906304E+005    -0.25707917E+003     0.59682372E+000    -0.50789223E-002
    -0.29636682E-001    -0.37869940E+000     0.16038379E-002     0.14805871E+005    -0.24625772E+003     0.59377421E+000    -0.48268774E-002
    -0.28876767E-001    -0.37672969E+000     0.13830023E-002     0.14709706E+005    -0.23589111E+003     0.59085344E+000    -0.45882391E-002
    -0.28116852E-001    -0.37488443E+000     0.11847254E-002     0.14617631E+005    -0.22594774E+003     0.58805594E+000    -0.43620059E-002
    -0.27356937E-001    -0.37315458E+000     0.10068339E-002     0.14529479E+005    -0.21639854E+003     0.58537663E+000    -0.41472635E-002
    -0.26597022E-001    -0.37153191E+000     0.84739199E-003     0.14445094E+005    -0.20721676E+003     0.58281078E+000    -0.39431757E-002
    -0.25837107E-001    -0.37000895E+000     0.70467278E-003     0.14364333E+005    -0.19837772E+003     0.58035401E+000    -0.37489762E-002
    -0.25077192E-001    -0.36857892E+000     0.57713638E-003     0.14287058E+005    -0.18985861E+003     0.57800224E+000    -0.35639612E-002
    -0.24317278E-001    -0.36723564E+000     0.46340020E-003     0.14213144E+005    -0.18163831E+003     0.57575167E+000    -0.33874838E-002
    -0.23557363E-001    -0.36597349E+000     0.36221612E-003     0.14142473E+005    -0.17369724E+003     0.57359878E+000    -0.32189476E-002
    -0.22797448E-001    -0.36478730E+000     0.27245972E-003     0.14074934E+005    -0.16601721E+003     0.57154025E+000    -0.30578023E-002
    -0.22037533E-001    -0.36367240E+000     0.19312024E-003     0.14010424E+005    -0.15858129E+003     0.56957303E+000    -0.29035387E-002
    -0.21277618E-001    -0.36262446E+000     0.12328894E-003     0.13948847E+005    -0.15137371E+003     0.56769424E+000    -0.27556856E-002
    -0.20517703E-001    -0.36163956E+000     0.62146166E-004     0.13890111E+005    -0.14437972E+003     0.56590122E+000    -0.26138053E-002
    -0.19757788E-001    -0.36071408E+000     0.89492798E-005     0.13834132E+005    -0.13758556E+003     0.56419147E+000    -0.24774911E-002
    -0.18997873E-001    -0.35984475E+000    -0.36973936E-004     0.13780831E+005    -0.13097831E+003     0.56256266E+000    -0.23463642E-002
    -0.18237958E-001    -0.35902852E+000    -0.76240885E-004     0.13730135E+005    -0.12454585E+003     0.56101262E+000    -0.22200711E-002
    -0.17478043E-001    -0.35826264E+000    -0.10942138E-003     0.13681973E+005    -0.11827679E+003     0.55953933E+000    -0.20982815E-002
    -0.16718128E-001    -0.35754454E+000    -0.13703599E-003     0.13636281E+005    -0.11216039E+003     0.55814088E+000    -0.19806861E-002
    -0.15958213E-001    -0.35687188E+000    -0.15955350E-003     0.13592999E+005    -0.10618653E+003     0.55681553E+000    -0.18669944E-002
    -0.15198298E-001    -0.35624251E+000    -0.17739671E-003     0.13552071E+005    -0.10034564E+003     0.55556163E+000    -0.17569336E-002
    -0.14438384E-001    -0.35565447E+000    -0.19095694E-003     0.13513442E+005    -0.94628642E+002     0.55437765E+000    -0.16502466E-002
    -0.13678469E-001    -0.35510596E+000    -0.20060350E-003     0.13477065E+005    -0.89026933E+002     0.55326218E+000    -0.15466907E-002
    -0.12918554E-001    -0.35459532E+000    -0.20667897E-003     0.13442895E+005    -0.83532328E+002     0.55221389E+000    -0.14460363E-002
    -0.12158639E-001    -0.35412104E+000    -0.20949640E-003     0.13410887E+005    -0.78137027E+002     0.55123156E+000    -0.13480658E-002
    -0.11398724E-001    -0.35368173E+000    -0.20934270E-003     0.13381005E+005    -0.72833583E+002     0.55031407E+000    -0.12525722E-002
    -0.10638809E-001    -0.35327613E+000    -0.20648675E-003     0.13353210E+005    -0.67614867E+002     0.54946036E+000    -0.11593588E-002
    -0.98788940E-002    -0.35290308E+000    -0.20117967E-003     0.13327471E+005    -0.62474042E+002     0.54866949E+000    -0.10682372E-002
    -0.91189791E-002    -0.35256154E+000    -0.19364861E-003     0.13303756E+005    -0.57404532E+002     0.54794058E+000    -0.97902766E-003
    -0.83590642E-002    -0.35225059E+000    -0.18411061E-003     0.13282037E+005    -0.52400003E+002     0.54727281E+000    -0.89155724E-003
    -0.75991492E-002    -0.35196936E+000    -0.17278035E-003     0.13262289E+005    -0.47454333E+002     0.54666547E+000    -0.80565974E-003
    -0.68392343E-002    -0.35171711E+000    -0.15985846E-003     0.13244490E+005    -0.42561593E+002     0.54611790E+000    -0.72117472E-003
    -0.60793194E-002    -0.35149315E+000    -0.14552843E-003     0.13228618E+005    -0.37716023E+002     0.54562950E+000    -0.63794692E-003
    -0.53194045E-002    -0.35129688E+000    -0.12996548E-003     0.13214655E+005    -0.32912018E+002     0.54519977E+000    -0.55582565E-003
    -0.45594895E-002    -0.35112780E+000    -0.11333710E-003     0.13202586E+005    -0.28144101E+002     0.54482824E+000    -0.47466416E-003
    -0.37995746E-002    -0.35098546E+000    -0.95807163E-004     0.13192396E+005    -0.23406910E+002     0.54451452E+000    -0.39431914E-003
    -0.30396597E-002    -0.35086950E+000    -0.77535241E-004     0.13184075E+005    -0.18695181E+002     0.54425829E+000    -0.31465021E-003
    -0.22797448E-002    -0.35077961E+000    -0.58673125E-004     0.13177613E+005    -0.14003727E+002     0.54405927E+000    -0.23551932E-003
    -0.15198298E-002    -0.35071556E+000    -0.39367183E-004     0.13173002E+005    -0.93274246E+001     0.54391727E+000    -0.15679034E-003
    -0.75991492E-003    -0.35067718E+000    -0.19761359E-004     0.13170237E+005    -0.46611974E+001     0.54383212E+000    -0.78328500E-004
     0.00000000E+000    -0.35066440E+000     0.44593018E-014     0.13169316E+005     0.11202420E-012     0.54380375E+000    -0.58550530E-015
     0.75991492E-003    -0.35067718E+000     0.19761359E-004     0.13170237E+005     0.46611974E+001     0.54383212E+000     0.78328500E-004
     0.15198298E-002    -0.35071556E+000     0.39367183E-004     0.13173002E+005     0.93274246E+001     0.54391727E+000     0.15679034E-003
     0.22797448E-002    -0.35077961E+000     0.58673125E-004     0.13177613E+005     0.14003727E+002     0.54405927E+000     0.23551932E-003
     0.30396597E-002    -0.35086950E+000     0.77535241E-004     0.13184075E+005     0.18695181E+002     0.54425829E+000     0.31465021E-003
     0.37995746E-002    -0.35098546E+000     0.95807163E-004     0.13192396E+005     0.23406910E+002     0.54451452E+000     0.39431914E-003
     0.45594895E-002    -0.35112780E+000     0.11333710E-003     0.13202586E+005     0.28144101E+002     0.54482824E+000     0.47466416E-003
     0.53194045E-002    -0.35129688E+000     0.12996548E-003     0.13214655E+005     0.32912018E+002     0.54519977E+000     0.55582565E-003
     0.60793194E-002    -0.35149315E+000     0.14552843E-003     0.13228618E+005     0.37716023E+002     0.54562950E+000     0.63794692E-003
     0.68392343E-002    -0.35171711E+000     0.15985846E-003     0.13244490E+005     0.42561593E+002     0.54611790E+000     0.72117472E-003
     0.75991492E-002    -0.35196936E+000     0.17278035E-003     0.13262289E+005     0.47454333E+002     0.54666547E+000     0.80565974E-003
     0.83590642E-002    -0.35225059E+000     0.18411061E-003     0.13282037E+005     0.52400003E+002     0.54727281E+000     0.89155724E-003
     0.91189791E-002    -0.35256154E+000     0.19364861E-003     0.13303756E+005     0.57404532E+002     0.54794058E+000     0.97902766E-003
     0.98788940E-002    -0.35290308E+000     0.20117967E-003     0.13327471E+005     0.62474042E+002     0.54866949E+000     0.10682372E-002
     0.10638809E-001    -0.35327613E+000     0.20648675E-003     0.13353210E+005     0.67614867E+002     0.54946036E+000     0.11593588E-002
     0.11398724E-001    -0.35368173E+000     0.20934270E-003     0.13381005E+005     0.72833583E+002     0.55031407E+000     0.12525722E-002
     0.12158639E-001    -0.35412104E+000     0.20949640E-003     0.13410887E+005     0.78137027E+002     0.55123156E+000     0.13480658E-002
     0.12918554E-001    -0.35459532E+000     0.20667897E-003     0.13442895E+005     0.83532328E+002     0.55221389E+000     0.14460363E-002
     0.13678469E-001    -0.35510596E+000     0.20060350E-003     0.13477065E+005     0.89026933E+002     0.55326218E+000     0.15466907E-002
     0.14438384E-001    -0.35565447E+000     0.19095694E-003     0.13513442E+005     0.94628642E+002     0.55437765E+000     0.16502466E-002
     0.15198298E-001    -0.35624251E+000     0.17739671E-003     0.13552071E+005     0.10034564E+003     0.55556163E+000     0.17569336E-002
     0.15958213E-001    -0.35687188E+000     0.15955350E-003     0.13592999E+005     0.10618653E+003     0.55681553E+000     0.18669944E-002
     0.16718128E-001    -0.35754454E+000     0.13703599E-003     0.13636281E+005     0.11216039E+003     0.55814088E+000     0.19806861E-002
     0.17478043E-001    -0.35826264E+000     0.10942138E-003     0.13681973E+005     0.11827679E+003     0.55953933E+000     0.20982815E-002
     0.18237958E-001    -0.35902852E+000     0.76240885E-004     0.13730135E+005     0.12454585E+003     0.56101262E+000     0.22200711E-002
     0.18997873E-001    -0.35984475E+000     0.36973936E-004     0.13780831E+005     0.13097831E+003     0.56256266E+000     0.23463642E-002
     0.19757788E-001    -0.36071408E+000    -0.89492798E-005     0.13834132E+005     0.13758556E+003     0.56419147E+000     0.24774911E-002
     0.20517703E-001    -0.36163956E+000    -0.62146166E-004     0.13890111E+005     0.14437972E+003     0.56590122E+000     0.26138053E-002
     0.21277618E-001    -0.36262446E+000    -0.12328894E-003     0.13948847E+005     0.15137371E+003     0.56769424E+000     0.27556856E-002
     0.22037533E-001    -0.36367240E+000    -0.19312024E-003     0.14010424E+005     0.15858129E+003     0.56957303E+000     0.29035387E-002
     0.22797448E-001    -0.36478730E+000    -0.27245972E-003     0.14074934E+005     0.16601721E+003     0.57154025E+000     0.30578023E-002
     0.23557363E-001    -0.36597349E+000    -0.36221612E-003     0.14142473E+005     0.17369724E+003     0.57359878E+000     0.32189476E-002
     0.24317278E-001    -0.36723564E+000    -0.46340020E-003     0.14213144E+005     0.18163831E+003     0.57575167E+000     0.33874838E-002
     0.25077192E-001    -0.36857892E+000    -0.57713638E-003     0.14287058E+005     0.18985861E+003     0.57800224E+000     0.35639612E-002
     0.25837107E-001    -0.37000895E+000    -0.70467278E-003     0.14364333E+005     0.19837772E+003     0.58035401E+000     0.37489762E-002
     0.26597022E-001    -0.37153191E+000    -0.84739199E-003     0.14445094E+005     0.20721676E+003     0.58281078E+000     0.39431757E-002
     0.27356937E-001    -0.37315458E+000    -0.10068339E-002     0.14529479E+005     0.21639854E+003     0.58537663E+000     0.41472635E-002
     0.28116852E-001    -0.37488443E+000    -0.11847254E-002     0.14617631E+005     0.22594774E+003     0.58805594E+000     0.43620059E-002
     0.28876767E-001    -0.37672969E+000    -0.13830023E-002     0.14709706E+005     0.23589111E+003     0.59085344E+000     0.45882391E-002
     0.29636682E-001    -0.37869940E+000    -0.16038379E-002     0.14805871E+005     0.24625772E+003     0.59377421E+000     0.48268774E-002
     0.30396597E-001    -0.38080359E+000    -0.18496741E-002     0.14906304E+005     0.25707917E+003     0.59682372E+000     0.50789223E-002
     0.31156512E-001    -0.38305333E+000    -0.21232637E-002     0.15011200E+005     0.26838991E+003     0.60000790E+000     0.53454728E-002
     0.31916427E-001    -0.38546089E+000    -0.24277202E-002     0.15120763E+005     0.28022759E+003     0.60333314E+000     0.56277373E-002
     0.32676342E-001    -0.38803988E+000    -0.27665705E-002     0.15235219E+005     0.29263337E+003     0.60680636E+000     0.59270477E-002
     0.33436257E-001    -0.39080545E+000    -0.31438098E-002     0.15354806E+005     0.30565240E+003     0.61043505E+000     0.62448743E-002
     0.34196172E-001    -0.39377449E+000    -0.35639846E-002     0.15479785E+005     0.31933431E+003     0.61422735E+000     0.65828445E-002
     0.34956086E-001    -0.39696584E+000    -0.40322893E-002     0.15610436E+005     0.33373371E+003     0.61819208E+000     0.69427626E-002
     0.35716001E-001    -0.40040061E+000    -0.45546696E-002     0.15747063E+005     0.34891091E+003     0.62233887E+000     0.73266349E-002
     0.36475916E-001    -0.40410244E+000    -0.51379460E-002     0.15889996E+005     0.36493259E+003     0.62667819E+000     0.77366965E-002
     0.37235831E-001    -0.40809793E+000    -0.57899615E-002     0.16039592E+005     0.38187270E+003     0.63122149E+000     0.81754439E-002
     0.37995746E-001    -0.41241703E+000    -0.65197644E-002     0.16196240E+005     0.39981346E+003     0.63598129E+000     0.86456730E-002
     0.38755661E-001    -0.41709359E+000    -0.73378318E-002     0.16360364E+005     0.41884649E+003     0.64097131E+000     0.91505231E-002
     0.39515576E-001    -0.42216595E+000    -0.82563316E-002     0.16532427E+005     0.43907419E+003     0.64620663E+000     0.96935287E-002
     0.40275491E-001    -0.42767764E+000    -0.92894388E-002     0.16712935E+005     0.46061131E+003     0.65170384E+000     0.10278681E-001
     0.41035406E-001    -0.43367827E+000    -0.10453731E-001     0.16902442E+005     0.48358687E+003     0.65748124E+000     0.10910500E-001
     0.41795321E-001    -0.44022450E+000    -0.11768664E-001     0.17101559E+005     0.50814633E+003     0.66355908E+000     0.11594121E-001
     0.42555236E-001    -0.44738129E+000    -0.13257170E-001     0.17310956E+005     0.53445423E+003     0.66995979E+000     0.12335400E-001
     0.43315151E-001    -0.45522334E+000    -0.14946390E-001     0.17531374E+005     0.56269741E+003     0.67670831E+000     0.13141032E-001
     0.44075066E-001    -0.46383684E+000    -0.16868568E-001     0.17763633E+005     0.59308869E+003     0.68383246E+000     0.14018707E-001
     0.44834980E-001    -0.47332163E+000    -0.19062192E-001     0.18008643E+005     0.62587149E+003     0.69136331E+000     0.14977283E-001
     0.45594895E-001    -0.48379377E+000    -0.21573434E-001     0.18267416E+005     0.66132532E+003     0.69933571E+000     0.16027014E-001
     0.46354810E-001    -0.49538878E+000    -0.24457952E-001     0.18541083E+005     0.69977256E+003     0.70778889E+000     0.17179813E-001
     0.47114725E-001    -0.50826550E+000    -0.27783208E-001     0.18830911E+005     0.74158661E+003     0.71676710E+000     0.18449588E-001
     0.47874640E-001    -0.52261098E+000    -0.31631434E-001     0.19138324E+005     0.78720220E+003     0.72632050E+000     0.19852650E-001
     0.48634555E-001    -0.53864649E+000    -0.36103456E-001     0.19464928E+005     0.83712791E+003     0.73650615E+000     0.21408230E-001
     0.49394470E-001    -0.55663514E+000    -0.41323685E-001     0.19812545E+005     0.89196210E+003     0.74738919E+000     0.23139119E-001
     0.50154385E-001    -0.57689137E+000    -0.47446688E-001     0.20183244E+005     0.95241278E+003     0.75904436E+000     0.25072489E-001
     0.50914300E-001    -0.59979309E+000    -0.54665904E-001     0.20579394E+005     0.10193230E+004     0.77155779E+000     0.27240931E-001
     0.51674215E-001    -0.62579715E+000    -0.63225303E-001     0.21003712E+005     0.10937032E+004     0.78502919E+000     0.29683793E-001
     0.52434130E-001    -0.65545917E+000    -0.73435127E-001     0.21459336E+005     0.11767734E+004     0.79957465E+000     0.32448924E-001
     0.53194045E-001    -0.68945939E+000    -0.85693420E-001     0.21949907E+005     0.12700182E+004     0.81533005E+000     0.35594947E-001
     0.53953960E-001    -0.72863639E+000    -0.10051580E+000     0.22479679E+005     0.13752586E+004     0.83245538E+000     0.39194283E-001
     0.54713874E-001    -0.77403153E+000    -0.11857715E+000     0.23053648E+005     0.14947497E+004     0.85114022E+000     0.43337200E-001
     0.55473789E-001    -0.82694791E+000    -0.14077078E+000     0.23677725E+005     0.16313108E+004     0.87161075E+000     0.48137292E-001
     0.56233704E-001    -0.88902953E+000    -0.16829363E+000     0.24358955E+005     0.17885053E+004     0.89413872E+000     0.53739031E-001
     0.56993619E-001    -0.96236809E+000    -0.20277090E+000     0.25105800E+005     0.19708898E+004     0.91905322E+000     0.60328275E-001
     0.57753534E-001    -0.10496484E+001    -0.24644159E+000     0.25928507E+005     0.21843667E+004     0.94675602E+000     0.68147169E-001
     0.58513449E-001    -0.11543475E+001    -0.30243988E+000     0.26839597E+005     0.24366910E+004     0.97774191E+000     0.77515596E-001
     0.59273364E-001    -0.12810094E+001    -0.37523069E+000     0.27854517E+005     0.27382128E+004     0.10126258E+001     0.88862692E-001
     0.60033279E-001    -0.14356219E+001    -0.47129917E+000     0.28992502E+005     0.31029889E+004     0.10521792E+001     0.10277407E+000
     0.60793194E-001    -0.16261328E+001    -0.60026925E+000     0.30277750E+005     0.35504839E+004     0.10973795E+001     0.12006423E+000
     0.61553109E-001    -0.18631361E+001    -0.77676731E+000     0.31740990E+005     0.41082440E+004     0.11494757E+001     0.14189046E+000
     0.62313024E-001    -0.21607289E+001    -0.10236190E+001     0.33421569E+005     0.48162142E+004     0.12100771E+001     0.16993695E+000
     0.63072939E-001    -0.25373995E+001    -0.13775067E+001     0.35370113E+005     0.57339304E+004     0.12812659E+001     0.20672160E+000
     0.63832854E-001    -0.30163399E+001    -0.18993148E+001     0.37651589E+005     0.69529005E+004     0.13657265E+001     0.25612451E+000
     0.64592768E-001    -0.36230794E+001    -0.26936663E+001     0.40347658E+005     0.86186745E+004     0.14668466E+001     0.32432997E+000
     0.65352683E-001    -0.43735654E+001    -0.39468175E+001     0.43554257E+005     0.10971530E+005     0.15886163E+001     0.42156307E+000
     0.66112598E-001    -0.52302684E+001    -0.60007039E+001     0.47360485E+005     0.14423399E+005     0.17347391E+001     0.56537329E+000
     0.66872513E-001    -0.59522941E+001    -0.94897233E+001     0.51762583E+005     0.19702633E+005     0.19050029E+001     0.78681962E+000
     0.67632428E-001    -0.55988141E+001    -0.15520168E+002     0.56361094E+005     0.28097391E+005     0.20824988E+001     0.11409172E+001
     0.68392343E-001    -0.10259311E+001    -0.25373383E+002     0.59388768E+005     0.41634568E+005     0.21925408E+001     0.17146961E+001
     0.69152258E-001     0.15892267E+002    -0.36471694E+002     0.55342725E+005     0.61703201E+005     0.20018547E+001     0.25707672E+001
     0.69912173E-001     0.50573011E+002    -0.28380933E+002     0.34776255E+005     0.81377158E+005     0.11025621E+001     0.34252962E+001
     0.70672088E-001     0.64632502E+002     0.19117645E+002     0.23975612E+004     0.81143915E+005    -0.33762879E+000     0.34461241E+001
     0.71432003E-001     0.29425827E+002     0.50964254E+002    -0.17435245E+005     0.61602511E+005    -0.12895116E+001     0.26017575E+001
     0.72191918E-001    -0.23824538E+001     0.43335729E+002    -0.20960785E+005     0.42198815E+005    -0.15303106E+001     0.17051761E+001
     0.72951833E-001    -0.13487646E+002     0.27795803E+002    -0.17640215E+005     0.29338676E+005    -0.14459429E+001     0.10744690E+001
     0.73711748E-001    -0.15002540E+002     0.17035877E+002    -0.12708193E+005     0.21562467E+005    -0.12861514E+001     0.65940387E+000
     0.74471662E-001    -0.13919496E+002     0.10612973E+002    -0.78517621E+004     0.17033991E+005    -0.11308023E+001     0.35767192E+000
     0.75231577E-001    -0.12365953E+002     0.66230148E+001    -0.36448772E+004     0.14634219E+005    -0.97461661E+000     0.96523698E-001
     0.75991492E-001    -0.10724377E+002     0.39891441E+001    -0.49014691E+003     0.13549931E+005    -0.76258008E+000    -0.14172087E+000
     0.76751407E-001    -0.90421861E+001     0.23991974E+001     0.15371907E+004     0.12648321E+005    -0.46646759E+000    -0.27155760E+000
     0.77511322E-001    -0.76583652E+001     0.17153045E+001     0.34781379E+004     0.11212567E+005    -0.21346108E+000    -0.23363932E+000
     0.78271237E-001    -0.67681189E+001     0.14820143E+001     0.60611399E+004     0.98914510E+004    -0.88477290E-001    -0.14317865E+000
     0.79031152E-001    -0.62168326E+001     0.14260330E+001     0.90364571E+004     0.91660532E+004    -0.40137199E-001    -0.80473438E-001
     0.79791067E-001    -0.59036915E+001     0.15378997E+001     0.12174210E+005     0.90351782E+004    -0.20965627E-001    -0.49221772E-001
     0.80550982E-001    -0.59123853E+001     0.18625721E+001     0.15446558E+005     0.94465292E+004    -0.13116792E-001    -0.37948666E-001
     0.81310897E-001    -0.64827467E+001     0.22635414E+001     0.18908509E+005     0.10432694E+005    -0.12571209E-001    -0.38679884E-001
     0.82070812E-001    -0.76368373E+001     0.23443983E+001     0.22620839E+005     0.12122408E+005    -0.20672680E-001    -0.49463109E-001
     0.82830727E-001    -0.92161876E+001     0.19229745E+001     0.26631744E+005     0.14714689E+005    -0.34733263E-001    -0.74135264E-001
     0.83590642E-001    -0.11162678E+002     0.65346086E+000     0.31072952E+005     0.18555336E+005    -0.50864220E-001    -0.99573834E-001
     0.84350556E-001    -0.12999904E+002    -0.17803829E+001     0.36033225E+005     0.24518911E+005    -0.11430226E+000    -0.13081622E+000
     0.85110471E-001    -0.14271998E+002    -0.54885726E+001     0.40908473E+005     0.34251399E+005    -0.22054871E+000    -0.25368628E+000
     0.85870386E-001    -0.14219421E+002    -0.10734660E+002     0.43055237E+005     0.50071961E+005    -0.28328678E+000    -0.50496603E+000
     0.86630301E-001    -0.10992657E+002    -0.17301904E+002     0.35072848E+005     0.72232051E+005    -0.19211401E+000    -0.88438270E+000
     0.87390216E-001    -0.24078881E+001    -0.21806022E+002     0.82025781E+004     0.88953580E+005     0.22932945E+000    -0.12275282E+001
     0.88150131E-001     0.76585078E+001    -0.18920963E+002    -0.24583559E+005     0.81151246E+005     0.81503022E+000    -0.11718997E+001
     0.88910046E-001     0.12572554E+002    -0.11440408E+002    -0.40108353E+005     0.58568547E+005     0.11444372E+001    -0.82529373E+000
     0.89669961E-001     0.12767737E+002    -0.43643176E+001    -0.41032201E+005     0.39505576E+005     0.12191140E+001    -0.50496229E+000
     0.90429876E-001     0.10010613E+002     0.90648602E+000    -0.36830379E+005     0.27270293E+005     0.11908258E+001    -0.28954142E+000
     0.91189791E-001     0.57128932E+001     0.31309676E+001    -0.31775664E+005     0.19746820E+005     0.11381870E+001    -0.15819962E+000
     0.91949706E-001     0.25188962E+001     0.26236750E+001    -0.27059598E+005     0.15027876E+005     0.10953085E+001    -0.80424470E-001
     0.92709621E-001     0.11376410E+001     0.15479398E+001    -0.22896168E+005     0.12026094E+005     0.10705033E+001    -0.30150115E-001
     0.93469536E-001     0.71878224E+000     0.11893822E+001    -0.19249483E+005     0.10149804E+005     0.10652923E+001     0.68986812E-002
     0.94229450E-001    -0.40892800E+000     0.17158198E+001    -0.16024172E+005     0.90969542E+004     0.10807122E+001     0.45510862E-001
     0.94989365E-001    -0.28347458E+001     0.11246122E+001    -0.13145750E+005     0.87667149E+004     0.11096945E+001     0.10234467E+000
     0.95749280E-001    -0.48129820E+001    -0.14085279E+001    -0.10648918E+005     0.92313468E+004     0.11338580E+001     0.18845289E+000
     0.96509195E-001    -0.52127072E+001    -0.54215385E+001    -0.88916806E+004     0.10661747E+005     0.11278855E+001     0.30334706E+000
     0.97269110E-001    -0.24263460E+001    -0.10047382E+002    -0.88429221E+004     0.12788039E+005     0.10586833E+001     0.42598298E+000
     0.98029025E-001     0.41472923E+001    -0.11471219E+002    -0.11078268E+005     0.13689628E+005     0.91617400E+000     0.48581769E+000
     0.98788940E-001     0.91469605E+001    -0.70853354E+001    -0.13200366E+005     0.11758196E+005     0.79463556E+000     0.43224165E+000
     0.99548855E-001     0.88608890E+001    -0.22255828E+001    -0.13237350E+005     0.89455160E+004     0.76292970E+000     0.34738646E+000
     0.10030877E+000     0.68878542E+001    -0.36629676E+000    -0.12031670E+005     0.68566595E+004     0.78266157E+000     0.28812677E+000
     0.10106868E+000     0.56574904E+001    -0.20345723E+000    -0.10484691E+005     0.55544052E+004     0.82811921E+000     0.25409465E+000
     0.10182860E+000     0.54664659E+001    -0.57386406E+000    -0.89180484E+004     0.48016616E+004     0.89077498E+000     0.24969015E+000
     0.10258851E+000     0.62929406E+001    -0.65999729E+000    -0.74166379E+004     0.44501732E+004     0.95708080E+000     0.27741343E+000
     0.10334843E+000     0.75858934E+001     0.26415864E+000    -0.60070657E+004     0.44492773E+004     0.10199497E+001     0.33397234E+000
     0.10410834E+000     0.85162308E+001     0.23203514E+001    -0.47484414E+004     0.48292882E+004     0.10763676E+001     0.42921146E+000
     0.10486826E+000     0.82749566E+001     0.52840829E+001    -0.38512919E+004     0.56300772E+004     0.10909047E+001     0.58164362E+000
     0.10562817E+000     0.59219244E+001     0.81031226E+001    -0.36830621E+004     0.65791873E+004     0.99426169E+000     0.74696156E+000
     0.10638809E+000     0.22219804E+001     0.85733882E+001    -0.40582841E+004     0.69989786E+004     0.81919620E+000     0.80369931E+000
     0.10714800E+000    -0.10462485E+000     0.69348239E+001    -0.42999690E+004     0.70500020E+004     0.69646461E+000     0.77526034E+000
     0.10790792E+000    -0.69252701E+000     0.52722793E+001    -0.47450224E+004     0.70919451E+004     0.59482576E+000     0.74584769E+000
     0.10866783E+000    -0.46516461E+000     0.44658653E+001    -0.54133232E+004     0.64602104E+004     0.49304436E+000     0.65644585E+000
     0.10942775E+000    -0.46732806E+000     0.44675899E+001    -0.54172654E+004     0.52782693E+004     0.48092865E+000     0.52217838E+000
     0.11018766E+000    -0.95216914E+000     0.44259237E+001    -0.47749167E+004     0.43202687E+004     0.55406056E+000     0.43775936E+000
     0.11094758E+000    -0.14292477E+001     0.42074080E+001    -0.39198819E+004     0.37537967E+004     0.64453295E+000     0.43833611E+000
     0.11170749E+000    -0.20109295E+001     0.39452743E+001    -0.30572900E+004     0.34664215E+004     0.68590358E+000     0.50310522E+000
     0.11246741E+000    -0.26283426E+001     0.33388521E+001    -0.22197410E+004     0.33535352E+004     0.65279619E+000     0.55538819E+000
     0.11322732E+000    -0.28792488E+001     0.24236702E+001    -0.13666807E+004     0.34043503E+004     0.62144693E+000     0.54444342E+000
     0.11398724E+000    -0.25670842E+001     0.16192179E+001    -0.52066725E+003     0.37181768E+004     0.65107332E+000     0.54264267E+000
     0.11474715E+000    -0.20528013E+001     0.13378435E+001     0.13803240E+003     0.43859141E+004     0.68123316E+000     0.62988406E+000
     0.11550707E+000    -0.16733397E+001     0.14268204E+001     0.24592427E+003     0.52915463E+004     0.58332203E+000     0.77854563E+000
     0.11626698E+000    -0.16673089E+001     0.19524259E+001    -0.32503899E+003     0.57627677E+004     0.32058815E+000     0.79927782E+000
     0.11702690E+000    -0.26690875E+001     0.21977164E+001    -0.73608357E+003     0.54268512E+004     0.11300403E+000     0.58599565E+000
     0.11778681E+000    -0.35882446E+001     0.11859815E+001    -0.52093508E+003     0.49854062E+004     0.99295081E-001     0.31207119E+000
     0.11854673E+000    -0.36443411E+001    -0.14491225E+000    -0.34614462E+001     0.49033472E+004     0.20752250E+000     0.10042899E+000
     0.11930664E+000    -0.29438152E+001    -0.15805335E+001     0.40742226E+003     0.52465818E+004     0.37206334E+000    -0.44877147E-001
     0.12006656E+000    -0.11238223E+001    -0.21435465E+001     0.36441082E+003     0.57618941E+004     0.58088612E+000    -0.12931332E+000
     0.12082647E+000     0.13087290E+000    -0.11988445E+001    -0.15240106E+003     0.59221223E+004     0.82925331E+000    -0.12876470E+000
     0.12158639E+000     0.27345172E+000    -0.34689729E+000    -0.51734907E+003     0.54169492E+004     0.10700001E+001    -0.63598520E-002
     0.12234630E+000     0.32025657E+000    -0.18163506E-001    -0.25426647E+003     0.48187981E+004     0.12336988E+001     0.22208185E+000
     0.12310622E+000     0.71087917E+000     0.44377931E+000     0.29791085E+003     0.46441618E+004     0.12676663E+001     0.52015982E+000
     0.12386613E+000     0.79151678E+000     0.15502148E+001     0.65206456E+003     0.48413091E+004     0.11111736E+001     0.79387135E+000
     0.12462605E+000    -0.13642691E+000     0.27722317E+001     0.64462983E+003     0.50138183E+004     0.83043298E+000     0.87931567E+000
     0.12538596E+000    -0.21568247E+001     0.29650482E+001     0.51002675E+003     0.48842099E+004     0.63094044E+000     0.76602310E+000
     0.12614588E+000    -0.36393415E+001     0.13306329E+001     0.56209253E+003     0.44763324E+004     0.58949541E+000     0.61996454E+000
     0.12690579E+000    -0.33974734E+001    -0.67122902E+000     0.96652125E+003     0.40713629E+004     0.62878071E+000     0.53263968E+000
     0.12766571E+000    -0.19378093E+001    -0.17444286E+001     0.15411814E+004     0.39363303E+004     0.67785753E+000     0.50582050E+000
     0.12842562E+000    -0.55004224E+000    -0.12393027E+001     0.20150753E+004     0.40079986E+004     0.70840475E+000     0.48913745E+000
     0.12918554E+000    -0.49336617E+000    -0.38654671E+000     0.23721769E+004     0.40603335E+004     0.76711308E+000     0.47184317E+000
     0.12994545E+000    -0.80291489E+000    -0.33568232E+000     0.28221856E+004     0.40380579E+004     0.84351444E+000     0.50297858E+000
     0.13070537E+000    -0.72632017E+000    -0.48697919E+000     0.34620525E+004     0.41837036E+004     0.89776024E+000     0.57803489E+000
     0.13146528E+000    -0.63107650E+000    -0.49954985E+000     0.40445764E+004     0.46944987E+004     0.91422457E+000     0.68798101E+000
     0.13222520E+000    -0.43926435E+000    -0.68557164E+000     0.42141840E+004     0.54057143E+004     0.84807228E+000     0.81263869E+000
     0.13298511E+000     0.15047474E+000    -0.42740758E+000     0.39969275E+004     0.58539508E+004     0.69800571E+000     0.85175959E+000
     0.13374503E+000    -0.25144516E-001     0.39865282E+000     0.37827459E+004     0.59394033E+004     0.58753918E+000     0.76433734E+000
     0.13450494E+000    -0.79425778E+000     0.45152457E+000     0.37557876E+004     0.58181177E+004     0.59853335E+000     0.65196552E+000
     0.13526486E+000    -0.11588362E+001     0.83481650E-001     0.39623360E+004     0.56775119E+004     0.69300542E+000     0.61662561E+000
     0.13602477E+000    -0.14671030E+001    -0.33079290E+000     0.43303294E+004     0.56029846E+004     0.76916017E+000     0.71663700E+000
     0.13678469E+000    -0.16627122E+001    -0.10399928E+001     0.48729048E+004     0.56864949E+004     0.66787555E+000     0.86808512E+000
     0.13754460E+000    -0.15979375E+001    -0.22095995E+001     0.54148027E+004     0.60978463E+004     0.42273466E+000     0.82840555E+000
     0.13830452E+000    -0.22253324E+000    -0.37429373E+001     0.56245919E+004     0.67078987E+004     0.32831708E+000     0.55493450E+000
     0.13906443E+000     0.25417369E+001    -0.36639212E+001     0.55215350E+004     0.70638586E+004     0.49657986E+000     0.33990877E+000
     0.13982435E+000     0.43799651E+001    -0.13098174E+001     0.55790383E+004     0.71117970E+004     0.69953146E+000     0.32772702E+000
     0.14058426E+000     0.37732801E+001     0.13102333E+001     0.58325535E+004     0.72058114E+004     0.79896713E+000     0.39147751E+000
     0.14134418E+000     0.21068949E+001     0.21426880E+001     0.61314791E+004     0.72943043E+004     0.82091172E+000     0.41965619E+000
     0.14210409E+000     0.13039839E+001     0.19994431E+001     0.65918070E+004     0.73558835E+004     0.85058083E+000     0.33342557E+000
     0.14286401E+000     0.81833776E+000     0.22044879E+001     0.72829320E+004     0.74626939E+004     0.10859875E+001     0.21901526E+000
     0.14362392E+000    -0.72303198E-001     0.22078713E+001     0.83104730E+004     0.77914743E+004     0.14326466E+001     0.36003089E+000
     0.14438384E+000    -0.82828272E+000     0.15402869E+001     0.95272355E+004     0.86629708E+004     0.15989053E+001     0.70353606E+000
     0.14514375E+000    -0.78493772E+000     0.61564212E+000     0.10573933E+005     0.10124732E+005     0.15579826E+001     0.10092807E+001
     0.14590367E+000    -0.39926819E+000     0.39483334E+000     0.11205074E+005     0.12085289E+005     0.14779833E+001     0.12226879E+001
     0.14666358E+000    -0.62094657E+000     0.11815422E+000     0.11095563E+005     0.14200565E+005     0.13534733E+001     0.14406075E+001
     0.14742350E+000    -0.30355651E+000    -0.97146414E+000     0.10647332E+005     0.15937119E+005     0.11224254E+001     0.15716851E+001
     0.14818341E+000     0.12620178E+001    -0.14908983E+001     0.10252282E+005     0.17735546E+005     0.91341882E+000     0.15352854E+001
     0.14894332E+000     0.28534491E+001    -0.44742577E+000     0.95281268E+004     0.19673066E+005     0.86210503E+000     0.14076251E+001
     0.14970324E+000     0.29161378E+001     0.13240316E+001     0.88206520E+004     0.21558718E+005     0.99786747E+000     0.13852871E+001
     0.15046315E+000     0.21071829E+001     0.19835978E+001     0.81991035E+004     0.24388934E+005     0.11338435E+001     0.15833297E+001
     0.15122307E+000     0.18929997E+001     0.21678986E+001     0.59650546E+004     0.28691407E+005     0.11024813E+001     0.19465759E+001
     0.15198298E+000     0.17354377E+001     0.27022091E+001     0.19786462E+003     0.32614637E+005     0.76507381E+000     0.22821261E+001
     0.15274290E+000     0.11433566E+001     0.32386943E+001    -0.81029139E+004     0.32486566E+005     0.30123253E+000     0.23167440E+001
     0.15350281E+000     0.36289625E+000     0.31752453E+001    -0.14456724E+005     0.27648698E+005    -0.17425009E-001     0.21539714E+001
     0.15426273E+000     0.18259192E+000     0.28104072E+001    -0.16660568E+005     0.21757944E+005    -0.17403719E+000     0.19921868E+001
     0.15502264E+000     0.29791684E+000     0.28747128E+001    -0.16487280E+005     0.17479748E+005    -0.32013174E+000     0.19346644E+001
     0.15578256E+000     0.21118451E+000     0.33107547E+001    -0.15932144E+005     0.14780615E+005    -0.59858573E+000     0.18446215E+001
     0.15654247E+000    -0.43987332E+000     0.38233917E+001    -0.15797912E+005     0.12642562E+005    -0.89392766E+000     0.15194415E+001
     0.15730239E+000    -0.15944250E+001     0.36723977E+001    -0.15594115E+005     0.10214532E+005    -0.91745027E+000     0.10360253E+001
     0.15806230E+000    -0.22308030E+001     0.25689081E+001    -0.14695324E+005     0.78775738E+004    -0.68865300E+000     0.70065677E+000
     0.15882222E+000    -0.17887218E+001     0.16323807E+001    -0.13350122E+005     0.61071760E+004    -0.42282835E+000     0.56668569E+000
     0.15958213E+000    -0.11396574E+001     0.14668546E+001    -0.11914992E+005     0.49128666E+004    -0.20626531E+000     0.54883243E+000
     0.16034205E+000    -0.77852224E+000     0.16688119E+001    -0.10572818E+005     0.41552634E+004    -0.42503676E-001     0.59877728E+000
     0.16110196E+000    -0.65431881E+000     0.19319729E+001    -0.93909690E+004     0.36941667E+004     0.51986041E-001     0.70553669E+000
     0.16186188E+000    -0.66621286E+000     0.22600813E+001    -0.83718899E+004     0.34265812E+004     0.32098025E-001     0.81758701E+000
     0.16262179E+000    -0.10620432E+001     0.26214263E+001    -0.75138942E+004     0.32984562E+004    -0.56474765E-001     0.83177016E+000
     0.16338171E+000    -0.18003451E+001     0.23559078E+001    -0.68363094E+004     0.32324130E+004    -0.10977313E+000     0.76694406E+000
     0.16414162E+000    -0.18318476E+001     0.14466185E+001    -0.62821176E+004     0.31272533E+004    -0.11490337E+000     0.67097692E+000
     0.16490154E+000    -0.10910736E+001     0.10755303E+001    -0.57503129E+004     0.29625121E+004    -0.56567162E-001     0.57540102E+000
     0.16566145E+000    -0.53892257E+000     0.12955730E+001    -0.51553304E+004     0.27815324E+004     0.35564926E-001     0.52760460E+000
     0.16642137E+000    -0.10913859E+000     0.16216090E+001    -0.44807471E+004     0.26830304E+004     0.12029018E+000     0.50397891E+000
     0.16718128E+000     0.19787879E+000     0.22912589E+001    -0.37874432E+004     0.27244059E+004     0.22771811E+000     0.48934427E+000
     0.16794120E+000     0.55660674E-001     0.30850354E+001    -0.31380043E+004     0.29040302E+004     0.36504658E+000     0.53021894E+000
     0.16870111E+000    -0.44171120E+000     0.37255327E+001    -0.25634758E+004     0.32034278E+004     0.47390942E+000     0.66929686E+000
     0.16946103E+000    -0.11479656E+001     0.40721873E+001    -0.21133264E+004     0.36238250E+004     0.45115234E+000     0.86764796E+000
     0.17022094E+000    -0.18340850E+001     0.40790106E+001    -0.18600278E+004     0.40768960E+004     0.26902717E+000     0.97472705E+000
     0.17098086E+000    -0.22570550E+001     0.40211299E+001    -0.17301467E+004     0.44695561E+004     0.64584661E-001     0.88441249E+000
     0.17174077E+000    -0.28141201E+001     0.41423999E+001    -0.17177538E+004     0.48365206E+004    -0.25369417E-002     0.61588611E+000
     0.17250069E+000    -0.36288766E+001     0.40546814E+001    -0.18571830E+004     0.50367778E+004     0.21663591E+000     0.36349106E+000
     0.17326060E+000    -0.45422272E+001     0.35640645E+001    -0.19108361E+004     0.49767877E+004     0.52984295E+000     0.35969553E+000
     0.17402052E+000    -0.50854190E+001     0.26166709E+001    -0.17085808E+004     0.48434823E+004     0.74996534E+000     0.47888103E+000
     0.17478043E+000    -0.52450443E+001     0.18381809E+001    -0.12590528E+004     0.48382960E+004     0.92113235E+000     0.62403705E+000
     0.17554035E+000    -0.55931510E+001     0.10863627E+001    -0.68623962E+003     0.51198180E+004     0.10901921E+001     0.81121083E+000
     0.17630026E+000    -0.60043220E+001    -0.25477562E+000    -0.17479357E+003     0.57311675E+004     0.12357593E+001     0.10879699E+001
     0.17706018E+000    -0.56781208E+001    -0.24800551E+001     0.11519994E+003     0.66051786E+004     0.13144499E+001     0.14555095E+001
     0.17782009E+000    -0.35157630E+001    -0.47662369E+001     0.15970602E+003     0.76547211E+004     0.12846384E+001     0.19546346E+001
     0.17858001E+000     0.16904914E+000    -0.55512033E+001    -0.19334508E+003     0.90080693E+004     0.92742292E+000     0.25848900E+001
     0.17933992E+000     0.43845194E+001    -0.40204586E+001    -0.14913439E+004     0.10309988E+005     0.49971876E-001     0.29386828E+001
     0.18009984E+000     0.74884183E+001     0.20012497E+000    -0.34016595E+004     0.10589399E+005    -0.88246545E+000     0.25711536E+001
     0.18085975E+000     0.78164478E+001     0.62165812E+001    -0.48367097E+004     0.99333318E+004    -0.12956082E+001     0.17646150E+001
     0.18161967E+000     0.39488049E+001     0.11953675E+002    -0.56214754E+004     0.92415692E+004    -0.11408911E+001     0.10376142E+001
     0.18237958E+000    -0.29584170E+001     0.13959477E+002    -0.64254386E+004     0.87585357E+004    -0.74205922E+000     0.65272054E+000
     0.18313950E+000    -0.93212062E+001     0.11070964E+002    -0.74360797E+004     0.78814560E+004    -0.32850181E+000     0.51676945E+000
     0.18389941E+000    -0.11488380E+002     0.54640233E+001    -0.79763029E+004     0.64124598E+004     0.48907509E-001     0.57740156E+000
     0.18465933E+000    -0.98443870E+001     0.17576777E+001    -0.77397235E+004     0.50047127E+004     0.31218841E+000     0.76529208E+000
     0.18541924E+000    -0.82085349E+001     0.79323262E+000    -0.71142057E+004     0.40617429E+004     0.48374727E+000     0.10026722E+001
     0.18617916E+000    -0.76637834E+001     0.26913282E+000    -0.64616901E+004     0.35467709E+004     0.59191061E+000     0.12800617E+001
     0.18693907E+000    -0.71275605E+001    -0.35517833E+000    -0.59607342E+004     0.32769606E+004     0.63657478E+000     0.16676190E+001
     0.18769899E+000    -0.67934389E+001    -0.69651632E+000    -0.56009090E+004     0.30587752E+004     0.39568179E+000     0.20743779E+001
     0.18845890E+000    -0.66978979E+001    -0.13453864E+001    -0.52885796E+004     0.28383270E+004     0.16970287E+000     0.22591195E+001
     0.18921882E+000    -0.62611149E+001    -0.23558267E+001    -0.49770728E+004     0.26120255E+004    -0.91724740E-001     0.27223206E+001
     0.18997873E+000    -0.50317371E+001    -0.32784116E+001    -0.46239137E+004     0.24148066E+004    -0.10023851E+001     0.30294526E+001
     0.19073865E+000    -0.33130765E+001    -0.32084345E+001    -0.42544875E+004     0.22899917E+004    -0.19297254E+001     0.25020693E+001
     0.19149856E+000    -0.21676274E+001    -0.21284024E+001    -0.39038324E+004     0.22319877E+004    -0.22396148E+001     0.16755064E+001
     0.19225848E+000    -0.20472642E+001    -0.87730270E+000    -0.35896760E+004     0.22248567E+004    -0.21516773E+001     0.99995483E+000
     0.19301839E+000    -0.25703946E+001    -0.19548929E+000    -0.33237191E+004     0.22370148E+004    -0.18658571E+001     0.53038418E+000
     0.19377831E+000    -0.29961086E+001    -0.75250802E-001    -0.30767985E+004     0.22390379E+004    -0.14970491E+001     0.30350095E+000
     0.19453822E+000    -0.32707288E+001     0.16371184E-001    -0.28141334E+004     0.22405701E+004    -0.12222471E+001     0.29562906E+000
     0.19529814E+000    -0.37408393E+001    -0.30851361E-001    -0.25170969E+004     0.22804415E+004    -0.11198958E+001     0.32608237E+000
     0.19605805E+000    -0.42670334E+001    -0.49083363E+000    -0.22228108E+004     0.24038643E+004    -0.10874669E+001     0.26920838E+000
     0.19681797E+000    -0.46901887E+001    -0.18571647E+001    -0.19915452E+004     0.25838022E+004    -0.10041007E+001     0.15488983E+000
     0.19757788E+000    -0.31506671E+001    -0.42952064E+001    -0.17966867E+004     0.27660502E+004    -0.87037791E+000     0.67421854E-001
     0.19833779E+000     0.13480563E+001    -0.46638241E+001    -0.16026282E+004     0.29958702E+004    -0.71467872E+000    -0.41534512E-002
     0.19909771E+000     0.54210188E+001    -0.47969628E+000    -0.14630150E+004     0.33034684E+004    -0.48847339E+000    -0.23226417E-001
     0.19985762E+000     0.51798912E+001     0.59861092E+001    -0.14132837E+004     0.36786441E+004    -0.26741292E+000     0.97670381E-001
     0.20061754E+000     0.84323279E+000     0.10554682E+002    -0.15411044E+004     0.41172840E+004    -0.16563982E+000     0.31538373E+000
     0.20137745E+000    -0.44572700E+001     0.11733136E+002    -0.19303205E+004     0.44411333E+004    -0.20891099E+000     0.49844861E+000
     0.20213737E+000    -0.87879216E+001     0.10899560E+002    -0.24076603E+004     0.44714068E+004    -0.28796237E+000     0.59403050E+000
     0.20289728E+000    -0.12471503E+002     0.97328570E+001    -0.27637270E+004     0.42754328E+004    -0.35441230E+000     0.64140528E+000
     0.20365720E+000    -0.17120536E+002     0.71965543E+001    -0.29557848E+004     0.39908881E+004    -0.40155231E+000     0.70235534E+000
     0.20441711E+000    -0.20257853E+002     0.15684428E+001    -0.29907147E+004     0.36962628E+004    -0.51810894E+000     0.77605989E+000
     0.20517703E+000    -0.20048278E+002    -0.47573539E+001    -0.29158874E+004     0.34719694E+004    -0.67780697E+000     0.73653941E+000
     0.20593694E+000    -0.16973205E+002    -0.96926020E+001    -0.28010818E+004     0.33080277E+004    -0.72640120E+000     0.64082815E+000
     0.20669686E+000    -0.13136478E+002    -0.12011741E+002    -0.26376833E+004     0.32035987E+004    -0.74162906E+000     0.63156611E+000
     0.20745677E+000    -0.99254347E+001    -0.13083181E+002    -0.24722890E+004     0.31896489E+004    -0.82184954E+000     0.63438108E+000
     0.20821669E+000    -0.69608510E+001    -0.13529989E+002    -0.23505518E+004     0.32253391E+004    -0.92172044E+000     0.61885114E+000
     0.20897660E+000    -0.42225740E+001    -0.13507764E+002    -0.22560626E+004     0.32646775E+004    -0.10802120E+001     0.56720143E+000
     0.20973652E+000    -0.13540981E+001    -0.13026804E+002    -0.21336252E+004     0.33155363E+004    -0.12159062E+001     0.43266366E+000
     0.21049643E+000     0.15062979E+001    -0.11475908E+002    -0.19797235E+004     0.34656028E+004    -0.13430945E+001     0.30449920E+000
     0.21125635E+000     0.35015501E+001    -0.86209521E+001    -0.19085809E+004     0.37789880E+004    -0.15507395E+001     0.11202583E+000
     0.21201626E+000     0.33043967E+001    -0.54683393E+001    -0.20897525E+004     0.41750443E+004    -0.17801453E+001    -0.31425775E+000
     0.21277618E+000     0.21997882E+001    -0.43465238E+001    -0.25640062E+004     0.44161585E+004    -0.17081008E+001    -0.10317620E+001
     0.21353609E+000     0.25829146E+001    -0.34931394E+001    -0.31421227E+004     0.42879936E+004    -0.10743012E+001    -0.15890497E+001
     0.21429601E+000     0.22872460E+001    -0.13089297E+001    -0.34794821E+004     0.38387640E+004    -0.34455101E+000    -0.15204824E+001
     0.21505592E+000     0.59981313E+000     0.32260672E+000    -0.34860674E+004     0.34046444E+004    -0.82458881E-001    -0.11684190E+001
     0.21581584E+000    -0.18619800E+001     0.98358330E+000    -0.33651929E+004     0.31477833E+004    -0.18565397E+000    -0.10746182E+001
     0.21657575E+000    -0.44822739E+001    -0.55111350E+000    -0.32732808E+004     0.30093080E+004    -0.19094693E+000    -0.14040315E+001
     0.21733567E+000    -0.45681761E+001    -0.35341968E+001    -0.32304053E+004     0.28813465E+004     0.27221897E+000    -0.18154677E+001
     0.21809558E+000    -0.23527905E+001    -0.49856693E+001    -0.31631983E+004     0.27258941E+004     0.10221525E+001    -0.18578456E+001
     0.21885550E+000    -0.33711159E-001    -0.39119370E+001    -0.30379045E+004     0.26128479E+004     0.17077137E+001    -0.15607449E+001
     0.21961541E+000     0.12261720E+000    -0.14483374E+001    -0.29233554E+004     0.25794086E+004     0.22915082E+001    -0.10508088E+001
     0.22037533E+000    -0.16340217E+001    -0.37542315E+000    -0.28674768E+004     0.25772870E+004     0.27262671E+001    -0.26647140E+000
     0.22113524E+000    -0.27550651E+001    -0.12532299E+001    -0.28525330E+004     0.25587335E+004     0.27263738E+001     0.72925098E+000
     0.22189516E+000    -0.18286942E+001    -0.20259171E+001    -0.28499867E+004     0.25244221E+004     0.22686814E+001     0.15080990E+001
     0.22265507E+000    -0.48303642E+000    -0.36024495E+000    -0.28619146E+004     0.24784619E+004     0.16854044E+001     0.19920731E+001
     0.22341499E+000    -0.16375743E+001     0.25082564E+001    -0.28876163E+004     0.24129611E+004     0.99857023E+000     0.22686505E+001
     0.22417490E+000    -0.48167368E+001     0.38679076E+001    -0.29220113E+004     0.23104428E+004     0.27400111E+000     0.22277928E+001
     0.22493482E+000    -0.81391570E+001     0.31313636E+001    -0.29290534E+004     0.21603186E+004    -0.27777324E+000     0.18796532E+001
     0.22569473E+000    -0.10400241E+002     0.12962750E+001    -0.28806758E+004     0.19987125E+004    -0.51514971E+000     0.14151948E+001
     0.22645465E+000    -0.12080785E+002    -0.73948337E+000    -0.27953982E+004     0.18536928E+004    -0.48912009E+000     0.10527278E+001
     0.22721456E+000    -0.13292034E+002    -0.33896118E+001    -0.26819912E+004     0.17247142E+004    -0.37944253E+000     0.89926250E+000
     0.22797448E+000    -0.13478262E+002    -0.62808218E+001    -0.25410089E+004     0.16239647E+004    -0.36194417E+000     0.86841372E+000
     0.22873439E+000    -0.12904762E+002    -0.88659479E+001    -0.23905095E+004     0.15614364E+004    -0.42692997E+000     0.80867368E+000
     0.22949431E+000    -0.11846666E+002    -0.11010795E+002    -0.22416642E+004     0.15286658E+004    -0.48907845E+000     0.70798482E+000
     0.23025422E+000    -0.10786946E+002    -0.12721247E+002    -0.20954075E+004     0.15325907E+004    -0.55792779E+000     0.58067061E+000
     0.23101414E+000    -0.96697137E+001    -0.14636816E+002    -0.19835297E+004     0.15767640E+004    -0.59491527E+000     0.37869180E+000
     0.23177405E+000    -0.80020518E+001    -0.16541219E+002    -0.19244495E+004     0.16174956E+004    -0.51266059E+000     0.16604992E+000
     0.23253397E+000    -0.57522266E+001    -0.18325505E+002    -0.18818803E+004     0.16277799E+004    -0.38277175E+000     0.50331829E-001
     0.23329388E+000    -0.26744457E+001    -0.19438702E+002    -0.18369118E+004     0.16268485E+004    -0.29915437E+000    -0.44440966E-001
     0.23405380E+000     0.53926808E+000    -0.19497297E+002    -0.17974220E+004     0.16155258E+004    -0.18074937E+000    -0.17556916E+000
     0.23481371E+000     0.38185757E+001    -0.18707731E+002    -0.17494411E+004     0.15828834E+004    -0.67174548E-002    -0.27820720E+000
     0.23557363E+000     0.66053253E+001    -0.16381686E+002    -0.16702268E+004     0.15472662E+004     0.21826831E+000    -0.35051073E+000
     0.23633354E+000     0.75405500E+001    -0.13404154E+002    -0.15708031E+004     0.15386488E+004     0.50130620E+000    -0.31682219E+000
     0.23709346E+000     0.70074493E+001    -0.11197486E+002    -0.14762706E+004     0.15605960E+004     0.71739840E+000    -0.15524584E+000
     0.23785337E+000     0.58894639E+001    -0.10258806E+002    -0.14029962E+004     0.16048085E+004     0.82961418E+000     0.20198906E-001
     0.23861329E+000     0.50844709E+001    -0.10404120E+002    -0.13656020E+004     0.16503764E+004     0.90480144E+000     0.16841775E+000
     0.23937320E+000     0.47889497E+001    -0.11145821E+002    -0.13482052E+004     0.16619829E+004     0.98147967E+000     0.32583780E+000
     0.24013312E+000     0.51562845E+001    -0.12475277E+002    -0.13039332E+004     0.16430481E+004     0.10183626E+001     0.53802022E+000
     0.24089303E+000     0.68974726E+001    -0.14272644E+002    -0.12179590E+004     0.16385603E+004     0.94282583E+000     0.75744090E+000
     0.24165295E+000     0.10804284E+002    -0.14993426E+002    -0.11192015E+004     0.16842336E+004     0.77990345E+000     0.87039840E+000
     0.24241286E+000     0.15173277E+002    -0.12735890E+002    -0.10572962E+004     0.17799367E+004     0.66933556E+000     0.86955358E+000
     0.24317278E+000     0.17658603E+002    -0.83457855E+001    -0.10675414E+004     0.18806464E+004     0.63773340E+000     0.88566128E+000
     0.24393269E+000     0.17897907E+002    -0.33742066E+001    -0.11323581E+004     0.19238075E+004     0.57440211E+000     0.94600598E+000
     0.24469261E+000     0.15567477E+002     0.11908138E+001    -0.11867954E+004     0.18849291E+004     0.45727065E+000     0.96644447E+000
     0.24545252E+000     0.11368896E+002     0.31422020E+001    -0.11699630E+004     0.18033616E+004     0.32312052E+000     0.88339891E+000
     0.24621244E+000     0.82342249E+001     0.23625458E+001    -0.10819244E+004     0.17482286E+004     0.33438307E+000     0.69035380E+000
     0.24697235E+000     0.69508161E+001     0.11915747E+001    -0.96732510E+003     0.17509241E+004     0.53133659E+000     0.63853090E+000
     0.24773226E+000     0.62509253E+001     0.42648311E+000    -0.86554454E+003     0.18045438E+004     0.63691929E+000     0.83297917E+000
     0.24849218E+000     0.59042351E+001    -0.46908128E+000    -0.79540576E+003     0.18832856E+004     0.42531425E+000     0.10586340E+001
     0.24925209E+000     0.62164385E+001    -0.11863942E+001    -0.74956044E+003     0.19639769E+004    -0.70659436E-001     0.95355126E+000
     0.25001201E+000     0.68677981E+001    -0.14841359E+001    -0.71111429E+003     0.20444136E+004    -0.46889696E+000     0.25387614E+000
     0.25077192E+000     0.78887479E+001    -0.12197406E+001    -0.67627046E+003     0.21383644E+004    -0.23010323E+000    -0.92119202E+000
     0.25153184E+000     0.86346501E+001     0.23442313E+000    -0.65894904E+003     0.22509720E+004     0.11044846E+001    -0.20262687E+001
     0.25229175E+000     0.77200771E+001     0.20698366E+001    -0.66576403E+003     0.23736609E+004     0.34228357E+001    -0.19536975E+001
     0.25305167E+000     0.56799918E+001     0.23183376E+001    -0.69845617E+003     0.25027557E+004     0.53087997E+001    -0.87827323E-001
     0.25381158E+000     0.45869176E+001     0.93678256E+000    -0.75691391E+003     0.26317841E+004     0.55661909E+001     0.24467918E+001
     0.25457150E+000     0.50363991E+001    -0.52109802E+000    -0.83524468E+003     0.27686945E+004     0.46037213E+001     0.43906153E+001
     0.25533141E+000     0.64950529E+001    -0.12282964E+001    -0.95801575E+003     0.29298450E+004     0.32416425E+001     0.55304960E+001
     0.25609133E+000     0.83811864E+001    -0.76714032E+000    -0.11711018E+004     0.30955315E+004     0.18664808E+001     0.61112508E+001
     0.25685124E+000     0.10012258E+002     0.99180002E+000    -0.15058431E+004     0.31948603E+004     0.52753863E+000     0.63608090E+001
     0.25761116E+000     0.10462643E+002     0.39690638E+001    -0.19092616E+004     0.31240062E+004    -0.85914300E+000     0.62420989E+001
     0.25837107E+000     0.86547676E+001     0.68381543E+001    -0.22463216E+004     0.28701960E+004    -0.20638648E+001     0.56221373E+001
     0.25913099E+000     0.57675086E+001     0.75173718E+001    -0.24383396E+004     0.25246242E+004    -0.28088039E+001     0.47254465E+001
     0.25989090E+000     0.41186900E+001     0.66251093E+001    -0.24945555E+004     0.21759772E+004    -0.31232419E+001     0.38824846E+001
     0.26065082E+000     0.37614939E+001     0.59304916E+001    -0.24561291E+004     0.18658553E+004    -0.32145022E+001     0.32241327E+001
     0.26141073E+000     0.38551053E+001     0.59284306E+001    -0.23547286E+004     0.16040601E+004    -0.32135219E+001     0.27448328E+001
     0.26217065E+000     0.38277808E+001     0.66865957E+001    -0.22085831E+004     0.13967252E+004    -0.32330745E+001     0.24281991E+001
     0.26293056E+000     0.29926761E+001     0.78348990E+001    -0.20404752E+004     0.12509444E+004    -0.34047884E+001     0.21781059E+001
     0.26369048E+000     0.14050239E+001     0.84534652E+001    -0.18764651E+004     0.11592351E+004    -0.37204249E+001     0.17240386E+001
     0.26445039E+000    -0.93973398E-001     0.83743397E+001    -0.17296206E+004     0.11020850E+004    -0.38056461E+001     0.97755520E+000
     0.26521031E+000    -0.13168179E+001     0.82414885E+001    -0.15968624E+004     0.10622518E+004    -0.34919930E+001     0.34593560E+000
     0.26597022E+000    -0.28314778E+001     0.81636114E+001    -0.14675484E+004     0.10363018E+004    -0.31202429E+001     0.44636743E-001
     0.26673014E+000    -0.48192656E+001     0.74230662E+001    -0.13401616E+004     0.10313962E+004    -0.29098554E+001    -0.13016403E+000
     0.26749005E+000    -0.63143293E+001     0.54467190E+001    -0.12213204E+004     0.10501160E+004    -0.27932025E+001    -0.35806968E+000
     0.26824997E+000    -0.61289588E+001     0.32340726E+001    -0.11166309E+004     0.10918306E+004    -0.26622877E+001    -0.66193113E+000
     0.26900988E+000    -0.47551121E+001     0.25914136E+001    -0.10343014E+004     0.11566030E+004    -0.24614953E+001    -0.10199493E+001
     0.26976980E+000    -0.43683322E+001     0.41327537E+001    -0.98874056E+003     0.12379334E+004    -0.21314694E+001    -0.14126344E+001
     0.27052971E+000    -0.69900733E+001     0.59790805E+001    -0.99010434E+003     0.13135507E+004    -0.15765373E+001    -0.17384021E+001
     0.27128963E+000    -0.12161458E+002     0.49916356E+001    -0.10259250E+004     0.13558603E+004    -0.87326184E+000    -0.17399086E+001
     0.27204954E+000    -0.16633997E+002    -0.88695437E+000    -0.10674110E+004     0.13583356E+004    -0.40306652E+000    -0.14101189E+001
     0.27280946E+000    -0.15671019E+002    -0.97244495E+001    -0.10990684E+004     0.13349735E+004    -0.27081010E+000    -0.11536932E+001
     0.27356937E+000    -0.88317311E+001    -0.15400847E+002    -0.11201157E+004     0.12922211E+004    -0.13669031E+000    -0.11431957E+001
     0.27432929E+000    -0.14803895E+001    -0.15221827E+002    -0.11207765E+004     0.12328279E+004     0.20082001E+000    -0.11399047E+001
     0.27508920E+000     0.28088068E+001    -0.12183782E+002    -0.10954509E+004     0.11745460E+004     0.61383378E+000    -0.93713913E+000
     0.27584912E+000     0.45466348E+001    -0.90753731E+001    -0.10579863E+004     0.11308022E+004     0.91382928E+000    -0.53848463E+000
     0.27660903E+000     0.49171982E+001    -0.66950062E+001    -0.10233690E+004     0.10957934E+004     0.97870947E+000    -0.75235658E-001
     0.27736895E+000     0.46941423E+001    -0.51300945E+001    -0.99153345E+003     0.10566447E+004     0.84589935E+000     0.24987128E+000
     0.27812886E+000     0.43436151E+001    -0.41798032E+001    -0.95193120E+003     0.10091251E+004     0.71242762E+000     0.37623686E+000
     0.27888878E+000     0.39965235E+001    -0.36425255E+001    -0.89559175E+003     0.95990335E+003     0.70384435E+000     0.41792272E+000
     0.27964869E+000     0.37707362E+001    -0.34696111E+001    -0.82167745E+003     0.91997738E+003     0.81511314E+000     0.51168111E+000
     0.28040861E+000     0.38121859E+001    -0.35315013E+001    -0.73635155E+003     0.89768702E+003     0.95063771E+000     0.73473825E+000
     0.28116852E+000     0.42325946E+001    -0.36792697E+001    -0.64872023E+003     0.89614081E+003     0.10140460E+001     0.10593405E+001
     0.28192844E+000     0.51243823E+001    -0.35901798E+001    -0.56753417E+003     0.91294051E+003     0.98646110E+000     0.14421979E+001
     0.28268835E+000     0.62075407E+001    -0.28469447E+001    -0.49735705E+003     0.94159305E+003     0.82434917E+000     0.18878856E+001
     0.28344827E+000     0.68694380E+001    -0.14287674E+001    -0.43717114E+003     0.97653032E+003     0.42835420E+000     0.23093245E+001
     0.28420818E+000     0.67328806E+001     0.99335030E-001    -0.38394333E+003     0.10168223E+004    -0.16800248E+000     0.25113074E+001
     0.28496810E+000     0.61268167E+001     0.11824101E+001    -0.33768581E+003     0.10659603E+004    -0.75897926E+000     0.24089862E+001
     0.28572801E+000     0.55367792E+001     0.18943981E+001    -0.30574866E+003     0.11262475E+004    -0.11735225E+001     0.21161917E+001
     0.28648793E+000     0.50404891E+001     0.25252438E+001    -0.29688237E+003     0.11897906E+004    -0.13986202E+001     0.17990377E+001
     0.28724784E+000     0.45275976E+001     0.32146613E+001    -0.30936822E+003     0.12453440E+004    -0.15413831E+001     0.15575253E+001
     0.28800776E+000     0.38277780E+001     0.40081273E+001    -0.34031872E+003     0.12887930E+004    -0.17471110E+001     0.13257972E+001
     0.28876767E+000     0.27022589E+001     0.47715624E+001    -0.39023561E+003     0.13090618E+004    -0.19635143E+001     0.90592610E+000
     0.28952759E+000     0.10935520E+001     0.50684304E+001    -0.44209366E+003     0.12910376E+004    -0.19265809E+001     0.30454366E+000
     0.29028750E+000    -0.51072174E+000     0.45498559E+001    -0.46915444E+003     0.12426508E+004    -0.15268096E+001    -0.19966103E+000
     0.29104742E+000    -0.15892240E+001     0.35103842E+001    -0.46306779E+003     0.11874434E+004    -0.95105992E+000    -0.36753293E+000
     0.29180733E+000    -0.21355093E+001     0.23716989E+001    -0.43161365E+003     0.11425391E+004    -0.47748840E+000    -0.22409399E+000
     0.29256725E+000    -0.22765352E+001     0.12773314E+001    -0.38689686E+003     0.11150818E+004    -0.20772422E+000     0.37970622E-001
     0.29332716E+000    -0.20218502E+001     0.35937347E+000    -0.33981066E+003     0.11045164E+004    -0.80798887E-001     0.29595204E+000
     0.29408708E+000    -0.15518877E+001    -0.14520428E+000    -0.29674402E+003     0.11055379E+004    -0.30915391E-001     0.53809943E+000
     0.29484699E+000    -0.12371066E+001    -0.26875016E+000    -0.25806301E+003     0.11125509E+004    -0.56438540E-001     0.77979205E+000
     0.29560691E+000    -0.12433550E+001    -0.31564209E+000    -0.22098428E+003     0.11247494E+004    -0.17827512E+000     0.99346550E+000
     0.29636682E+000    -0.14681150E+001    -0.56687736E+000    -0.18631503E+003     0.11456060E+004    -0.38608262E+000     0.11246842E+001
     0.29712673E+000    -0.16554833E+001    -0.11412884E+001    -0.16014275E+003     0.11761200E+004    -0.62392393E+000     0.11230872E+001
     0.29788665E+000    -0.15566015E+001    -0.19461644E+001    -0.14840893E+003     0.12112705E+004    -0.79433907E+000     0.99290831E+000
     0.29864656E+000    -0.10279995E+001    -0.27818788E+001    -0.15232826E+003     0.12428765E+004    -0.83330933E+000     0.82116640E+000
     0.29940648E+000    -0.29363926E-001    -0.33355213E+001    -0.16791752E+003     0.12635885E+004    -0.77108803E+000     0.70406043E+000
     0.30016639E+000     0.11631043E+001    -0.32578538E+001    -0.18770514E+003     0.12703112E+004    -0.68251091E+000     0.66661413E+000
     0.30092631E+000     0.20220802E+001    -0.25788824E+001    -0.20573056E+003     0.12651268E+004    -0.60943215E+000     0.68018877E+000
     0.30168622E+000     0.22867670E+001    -0.17601560E+001    -0.21945391E+003     0.12501195E+004    -0.55171949E+000     0.72218622E+000
     0.30244614E+000     0.21876967E+001    -0.12069393E+001    -0.22507257E+003     0.12267822E+004    -0.50999762E+000     0.79902023E+000
     0.30320605E+000     0.20801446E+001    -0.90247174E+000    -0.21893286E+003     0.12003284E+004    -0.51207968E+000     0.91148200E+000
     0.30396597E+000     0.20408623E+001    -0.63212818E+000    -0.20170514E+003     0.11778850E+004    -0.58341898E+000     0.10287274E+001
     0.30472588E+000     0.19739027E+001    -0.30472895E+000    -0.17847769E+003     0.11649403E+004    -0.72106221E+000     0.11064881E+001
     0.30548580E+000     0.17747492E+001     0.69507362E-001    -0.15708140E+003     0.11626467E+004    -0.89496211E+000     0.11110037E+001
     0.30624571E+000     0.13559247E+001     0.37672362E+000    -0.14445016E+003     0.11665226E+004    -0.10622633E+001     0.10291450E+001
     0.30700563E+000     0.77559332E+000     0.43291569E+000    -0.14254915E+003     0.11684448E+004    -0.11705656E+001     0.87036110E+000
     0.30776554E+000     0.22935218E+000     0.17128166E+000    -0.14740779E+003     0.11617024E+004    -0.11763470E+001     0.69321778E+000
     0.30852546E+000    -0.11720099E+000    -0.33071206E+000    -0.15279817E+003     0.11439997E+004    -0.11125821E+001     0.57534913E+000
     0.30928537E+000    -0.16947808E+000    -0.93676479E+000    -0.15307303E+003     0.11164163E+004    -0.10557723E+001     0.51528186E+000
     0.31004529E+000     0.84533593E-001    -0.14629109E+001    -0.14405760E+003     0.10824037E+004    -0.10207646E+001     0.45735155E+000
     0.31080520E+000     0.51669371E+000    -0.17483371E+001    -0.12390576E+003     0.10468885E+004    -0.97015337E+000     0.38335371E+000
     0.31156512E+000     0.92753248E+000    -0.17863463E+001    -0.93673795E+002     0.10149171E+004    -0.88159957E+000     0.31914549E+000
     0.31232503E+000     0.12132949E+001    -0.17013875E+001    -0.57033722E+002     0.98964326E+003    -0.76614924E+000     0.29427751E+000
     0.31308495E+000     0.13943437E+001    -0.15991387E+001    -0.18040239E+002     0.97083699E+003    -0.65241326E+000     0.31882178E+000
     0.31384486E+000     0.15133350E+001    -0.15149496E+001     0.21758063E+002     0.95604690E+003    -0.56692560E+000     0.37932535E+000
     0.31460478E+000     0.15998687E+001    -0.14720535E+001     0.63778215E+002     0.94390015E+003    -0.51657164E+000     0.44778668E+000
     0.31536469E+000     0.17103494E+001    -0.14783233E+001     0.10968270E+003     0.93592492E+003    -0.48350141E+000     0.50396220E+000
     0.31612461E+000     0.18918553E+001    -0.14796148E+001     0.15897279E+003     0.93507107E+003    -0.44259837E+000     0.55372422E+000
     0.31688452E+000     0.21202454E+001    -0.14063575E+001     0.20906784E+003     0.94372987E+003    -0.38815574E+000     0.62328503E+000
     0.31764444E+000     0.23337585E+001    -0.12371767E+001     0.25597969E+003     0.96295965E+003    -0.34190038E+000     0.73245581E+000
     0.31840435E+000     0.24738065E+001    -0.99172760E+000     0.29472722E+003     0.99165477E+003    -0.33488699E+000     0.87575237E+000
     0.31916427E+000     0.25006791E+001    -0.73275821E+000     0.32077559E+003     0.10254003E+004    -0.38460570E+000     0.10267021E+001
     0.31992418E+000     0.24449267E+001    -0.54553456E+000     0.33289814E+003     0.10568374E+004    -0.48687000E+000     0.11569259E+001
     0.32068410E+000     0.24027051E+001    -0.44784814E+000     0.33521219E+003     0.10789244E+004    -0.62631136E+000     0.12493417E+001
     0.32144401E+000     0.24328571E+001    -0.36589745E+000     0.33551163E+003     0.10892137E+004    -0.78645985E+000     0.12959086E+001
     0.32220393E+000     0.25035447E+001    -0.22005255E+000     0.34045569E+003     0.10909448E+004    -0.95229845E+000     0.12937917E+001
     0.32296384E+000     0.25406365E+001     0.28995498E-002     0.35226276E+003     0.10897565E+004    -0.11094858E+001     0.12395779E+001
     0.32372376E+000     0.25038898E+001     0.25900982E+000     0.36953291E+003     0.10899082E+004    -0.12321136E+001     0.11313072E+001
     0.32448367E+000     0.24037105E+001     0.51643571E+000     0.38995211E+003     0.10932907E+004    -0.12847926E+001     0.99205947E+000
     0.32524359E+000     0.22392124E+001     0.78340273E+000     0.41166511E+003     0.11006824E+004    -0.12568619E+001     0.87554080E+000
     0.32600350E+000     0.19638523E+001     0.10459000E+001     0.43285961E+003     0.11125118E+004    -0.11829187E+001     0.83158580E+000
     0.32676342E+000     0.15523437E+001     0.12212940E+001     0.45171207E+003     0.11286337E+004    -0.11234624E+001     0.87318742E+000
     0.32752333E+000     0.10638906E+001     0.12204533E+001     0.46650005E+003     0.11486960E+004    -0.11340081E+001     0.97091045E+000
     0.32828325E+000     0.60398521E+000     0.10191144E+001     0.47481462E+003     0.11719687E+004    -0.12389738E+001     0.10637675E+001
     0.32904316E+000     0.26858828E+000     0.65502857E+000     0.47372524E+003     0.11958774E+004    -0.14144623E+001     0.10885135E+001
     0.32980308E+000     0.12214139E+000     0.21203940E+000     0.46175333E+003     0.12153181E+004    -0.16019570E+001     0.10161985E+001
     0.33056299E+000     0.16856151E+000    -0.19925615E+000     0.44097771E+003     0.12241333E+004    -0.17437448E+001     0.86090359E+000
     0.33132291E+000     0.34482200E+000    -0.49365287E+000     0.41726058E+003     0.12180302E+004    -0.18044218E+001     0.66413396E+000
     0.33208282E+000     0.56195952E+000    -0.64364129E+000     0.39815662E+003     0.11966865E+004    -0.17800467E+001     0.47876076E+000
     0.33284274E+000     0.74126733E+000    -0.67111680E+000     0.39029107E+003     0.11638535E+004    -0.17008096E+001     0.34576873E+000
     0.33360265E+000     0.83355162E+000    -0.63239000E+000     0.39725786E+003     0.11261913E+004    -0.16108052E+001     0.27289192E+000
     0.33436257E+000     0.83343806E+000    -0.59481907E+000     0.41836718E+003     0.10908701E+004    -0.15393189E+001     0.24060651E+000
     0.33512248E+000     0.77238916E+000    -0.60644191E+000     0.44954631E+003     0.10627442E+004    -0.14932781E+001     0.22477809E+000
     0.33588240E+000     0.69349427E+000    -0.68359588E+000     0.48587449E+003     0.10432911E+004    -0.14671311E+001     0.20867046E+000
     0.33664231E+000     0.63205138E+000    -0.81914201E+000     0.52358393E+003     0.10315078E+004    -0.14500245E+001     0.18340598E+000
     0.33740223E+000     0.61074599E+000    -0.99481323E+000     0.56078334E+003     0.10254241E+004    -0.14291265E+001     0.14922986E+000
     0.33816214E+000     0.64063400E+000    -0.11866251E+001     0.59712819E+003     0.10234658E+004    -0.13967712E+001     0.11574325E+000
     0.33892206E+000     0.71785308E+000    -0.13686488E+001     0.63276108E+003     0.10250445E+004    -0.13560773E+001     0.94268360E-001
     0.33968197E+000     0.82208797E+000    -0.15250461E+001     0.66747288E+003     0.10301224E+004    -0.13171414E+001     0.89207941E-001
     0.34044189E+000     0.93023912E+000    -0.16624518E+001     0.70069855E+003     0.10386068E+004    -0.12891218E+001     0.96928851E-001
     0.34120180E+000     0.10378380E+001    -0.18029183E+001     0.73175505E+003     0.10502284E+004    -0.12760747E+001     0.11072104E+000
     0.34196172E+000     0.11630577E+001    -0.19604933E+001     0.75983759E+003     0.10645011E+004    -0.12794348E+001     0.12532461E+000
     0.34272163E+000     0.13295264E+001    -0.21273972E+001     0.78412958E+003     0.10804885E+004    -0.13019633E+001     0.13492617E+000
     0.34348155E+000     0.15490619E+001    -0.22792257E+001     0.80416747E+003     0.10967368E+004    -0.13454239E+001     0.12824019E+000
     0.34424146E+000     0.18143636E+001    -0.23866445E+001     0.82018606E+003     0.11114586E+004    -0.14028390E+001     0.88832052E-001
     0.34500138E+000     0.20975292E+001    -0.24296940E+001     0.83344012E+003     0.11229211E+004    -0.14525713E+001     0.44140959E-002
     0.34576129E+000     0.23619980E+001    -0.24144170E+001     0.84625570E+003     0.11302657E+004    -0.14637472E+001    -0.11892781E+000
     0.34652120E+000     0.25889594E+001    -0.23717276E+001     0.86118732E+003     0.11343267E+004    -0.14151616E+001    -0.25207258E+000
     0.34728112E+000     0.27900131E+001    -0.23313883E+001     0.87962639E+003     0.11373981E+004    -0.13116169E+001    -0.35807010E+000
     0.34804103E+000     0.29911988E+001    -0.22993758E+001     0.90114638E+003     0.11419182E+004    -0.11799551E+001    -0.41463384E+000
     0.34880095E+000     0.32084735E+001    -0.22591424E+001     0.92412840E+003     0.11492422E+004    -0.10498456E+001    -0.42238171E+000
     0.34956086E+000     0.34357691E+001    -0.21898793E+001     0.94692788E+003     0.11594488E+004    -0.93972030E+000    -0.39569666E+000
     0.35032078E+000     0.36519639E+001    -0.20859264E+001     0.96852312E+003     0.11720133E+004    -0.85610952E+000    -0.35168654E+000
     0.35108069E+000     0.38407286E+001    -0.19619603E+001     0.98831425E+003     0.11864544E+004    -0.79664958E+000    -0.30584230E+000
     0.35184061E+000     0.40051207E+001    -0.18387041E+001     0.10056462E+004     0.12023256E+004    -0.75141228E+000    -0.26846493E+000
     0.35260052E+000     0.41623647E+001    -0.17240014E+001     0.10197893E+004     0.12187855E+004    -0.70764461E+000    -0.24044248E+000
     0.35336044E+000     0.43262599E+001    -0.16086533E+001     0.10304350E+004     0.12344618E+004    -0.65718946E+000    -0.21453724E+000
     0.35412035E+000     0.44963117E+001    -0.14783758E+001     0.10380858E+004     0.12479033E+004    -0.59941571E+000    -0.18162758E+000
     0.35488027E+000     0.46626005E+001    -0.13271499E+001     0.10438710E+004     0.12581532E+004    -0.53896251E+000    -0.13513545E+000
     0.35564018E+000     0.48179833E+001    -0.11580488E+001     0.10490512E+004     0.12648976E+004    -0.48335187E+000    -0.72297018E-001
     0.35640010E+000     0.49620454E+001    -0.97374281E+000     0.10547280E+004     0.12682408E+004    -0.44109663E+000     0.44905177E-002
     0.35716001E+000     0.50941114E+001    -0.77116160E+000     0.10618555E+004     0.12685145E+004    -0.41779947E+000     0.87088227E-001
     0.35791993E+000     0.52068458E+001    -0.54628996E+000     0.10712879E+004     0.12662871E+004    -0.41191643E+000     0.16488997E+000
     0.35867984E+000     0.52882280E+001    -0.30148040E+000     0.10836661E+004     0.12624217E+004    -0.41424639E+000     0.23118355E+000
     0.35943976E+000     0.53284409E+001    -0.47039504E-001     0.10992162E+004     0.12579642E+004    -0.41298528E+000     0.28859730E+000
     0.36019967E+000     0.53241897E+001     0.20322276E+000     0.11176908E+004     0.12538521E+004    -0.40238255E+000     0.34873668E+000
     0.36095959E+000     0.52772956E+001     0.43651313E+000     0.11385686E+004     0.12506552E+004    -0.38836397E+000     0.42415910E+000
     0.36171950E+000     0.51920338E+001     0.64081566E+000     0.11613825E+004     0.12485587E+004    -0.38503303E+000     0.51853199E+000
     0.36247942E+000     0.50768405E+001     0.80345878E+000     0.11859289E+004     0.12475988E+004    -0.40466377E+000     0.62390090E+000
     0.36323933E+000     0.49472918E+001     0.91471413E+000     0.12122022E+004     0.12479538E+004    -0.45028743E+000     0.72674170E+000
     0.36399925E+000     0.48232285E+001     0.97416884E+000     0.12401276E+004     0.12500440E+004    -0.51597075E+000     0.81615496E+000
     0.36475916E+000     0.47203662E+001     0.99177276E+000     0.12693399E+004     0.12543667E+004    -0.59192902E+000     0.88792007E+000
     0.36551908E+000     0.46447071E+001     0.98099628E+000     0.12991919E+004     0.12612333E+004    -0.66935042E+000     0.94398419E+000
     0.36627899E+000     0.45952496E+001     0.95123069E+000     0.13289407E+004     0.12706249E+004    -0.74302492E+000     0.99011361E+000
     0.36703891E+000     0.45702775E+001     0.90670653E+000     0.13579448E+004     0.12822071E+004    -0.81241781E+000     0.10331895E+001
     0.36779882E+000     0.45698924E+001     0.84998364E+000     0.13858023E+004     0.12954267E+004    -0.88129434E+000     0.10782596E+001
     0.36855874E+000     0.45944894E+001     0.78396536E+000     0.14124430E+004     0.13096656E+004    -0.95542791E+000     0.11263053E+001
     0.36931865E+000     0.46434392E+001     0.71074289E+000     0.14381128E+004     0.13244653E+004    -0.10393719E+001     0.11742708E+001
     0.37007857E+000     0.47164197E+001     0.62985850E+000     0.14631688E+004     0.13397051E+004    -0.11344542E+001     0.12172636E+001
     0.37083848E+000     0.48163114E+001     0.53879318E+000     0.14877812E+004     0.13555481E+004    -0.12389893E+001     0.12510714E+001
     0.37159840E+000     0.49509501E+001     0.43604757E+000     0.15117969E+004     0.13721588E+004    -0.13498231E+001     0.12734171E+001
     0.37235831E+000     0.51321623E+001     0.32490111E+000     0.15348903E+004     0.13894300E+004    -0.14637770E+001     0.12838091E+001
     0.37311823E+000     0.53727027E+001     0.21587463E+000     0.15568683E+004     0.14069444E+004    -0.15782456E+001     0.12828295E+001
     0.37387814E+000     0.56823548E+001     0.12755708E+000     0.15778819E+004     0.14241932E+004    -0.16912076E+001     0.12716949E+001
     0.37463806E+000     0.60632161E+001     0.85823410E-001     0.15983867E+004     0.14408766E+004    -0.18012934E+001     0.12521403E+001
     0.37539797E+000     0.65045588E+001     0.11980511E+000     0.16188821E+004     0.14570611E+004    -0.19080157E+001     0.12261809E+001
     0.37615789E+000     0.69806929E+001     0.25362782E+000     0.16396301E+004     0.14730780E+004    -0.20118213E+001     0.11956773E+001
     0.37691780E+000     0.74555413E+001     0.49755369E+000     0.16605567E+004     0.14892510E+004    -0.21139041E+001     0.11619963E+001
     0.37767772E+000     0.78923746E+001     0.84458347E+000     0.16813824E+004     0.15056583E+004    -0.22160203E+001     0.11258172E+001
     0.37843763E+000     0.82623091E+001     0.12743274E+001     0.17018653E+004     0.15220664E+004    -0.23203367E+001     0.10868706E+001
     0.37919755E+000     0.85470134E+001     0.17595511E+001     0.17220060E+004     0.15380335E+004    -0.24290644E+001     0.10435537E+001
     0.37995746E+000     0.87375984E+001     0.22698345E+001     0.17421402E+004     0.15531017E+004    -0.25436706E+001     0.99268178E+000
     0.38071738E+000     0.88349416E+001     0.27722339E+001     0.17629118E+004     0.15670010E+004    -0.26637581E+001     0.92982862E+000
     0.38147729E+000     0.88529745E+001     0.32336329E+001     0.17851432E+004     0.15798095E+004    -0.27861785E+001     0.85058566E+000
     0.38223721E+000     0.88208749E+001     0.36278719E+001     0.18096351E+004     0.15920296E+004    -0.29052070E+001     0.75243170E+000
     0.38299712E+000     0.87791222E+001     0.39452188E+001     0.18369479E+004     0.16045512E+004    -0.30140925E+001     0.63616856E+000
     0.38375704E+000     0.87685101E+001     0.41980190E+001     0.18672201E+004     0.16185053E+004    -0.31072502E+001     0.50594597E+000
     0.38451695E+000     0.88168609E+001     0.44174832E+001     0.19000833E+004     0.16350366E+004    -0.31818575E+001     0.36789099E+000
     0.38527687E+000     0.89310164E+001     0.46421324E+001     0.19347057E+004     0.16550588E+004    -0.32381845E+001     0.22825727E+000
     0.38603678E+000     0.90986451E+001     0.49045039E+001     0.19699544E+004     0.16790706E+004    -0.32788988E+001     0.91980919E-001
     0.38679670E+000     0.92973624E+001     0.52236553E+001     0.20046174E+004     0.17070838E+004    -0.33079096E+001    -0.38044984E-001
     0.38755661E+000     0.95042366E+001     0.56056886E+001     0.20376098E+004     0.17386678E+004    -0.33291507E+001    -0.16099689E+000
     0.38831653E+000     0.97007756E+001     0.60486980E+001     0.20681127E+004     0.17730657E+004    -0.33456177E+001    -0.27751356E+000
     0.38907644E+000     0.98733065E+001     0.65475249E+001     0.20956361E+004     0.18093281E+004    -0.33590054E+001    -0.38868557E+000
     0.38983636E+000     0.10011145E+002     0.70961526E+001     0.21200347E+004     0.18464271E+004    -0.33700854E+001    -0.49512511E+000
     0.39059627E+000     0.10104766E+002     0.76877466E+001     0.21415051E+004     0.18833543E+004    -0.33795711E+001    -0.59658125E+000
     0.39135619E+000     0.10145347E+002     0.83133268E+001     0.21605704E+004     0.19192208E+004    -0.33889955E+001    -0.69224611E+000
     0.39211610E+000     0.10126182E+002     0.89605941E+001     0.21780332E+004     0.19533599E+004    -0.34012081E+001    -0.78160450E+000
     0.39287602E+000     0.10045204E+002     0.96144062E+001     0.21948871E+004     0.19854145E+004    -0.34202252E+001    -0.86555383E+000
     0.39363593E+000     0.99069535E+001     0.10259381E+002     0.22121999E+004     0.20153828E+004    -0.34502574E+001    -0.94736579E+000
     0.39439585E+000     0.97224540E+001     0.10883647E+002     0.22309922E+004     0.20436155E+004    -0.34940587E+001    -0.10328509E+001
     0.39515576E+000     0.95067194E+001     0.11481963E+002     0.22521335E+004     0.20707742E+004    -0.35513315E+001    -0.11292435E+001
     0.39591567E+000     0.92749198E+001     0.12056858E+002     0.22762633E+004     0.20977679E+004    -0.36182386E+001    -0.12431005E+001
     0.39667559E+000     0.90387248E+001     0.12617552E+002     0.23037324E+004     0.21256754E+004    -0.36885241E+001    -0.13783460E+001
     0.39743550E+000     0.88039533E+001     0.13177392E+002     0.23345635E+004     0.21556552E+004    -0.37556496E+001    -0.15356462E+001
     0.39819542E+000     0.85698409E+001     0.13750884E+002     0.23684382E+004     0.21888401E+004    -0.38146319E+001    -0.17134196E+001
     0.39895533E+000     0.83295493E+001     0.14351165E+002     0.24047237E+004     0.22262256E+004    -0.38625174E+001    -0.19096927E+001
     0.39971525E+000     0.80712911E+001     0.14988163E+002     0.24425443E+004     0.22685740E+004    -0.38973965E+001    -0.21235351E+001
     0.40047516E+000     0.77796715E+001     0.15667257E+002     0.24808897E+004     0.23163557E+004    -0.39167792E+001    -0.23552155E+001
     0.40123508E+000     0.74372903E+001     0.16388193E+002     0.25187344E+004     0.23697463E+004    -0.39164326E+001    -0.26050911E+001
     0.40199499E+000     0.70268775E+001     0.17144385E+002     0.25551415E+004     0.24286742E+004    -0.38903683E+001    -0.28719580E+001
     0.40275491E+000     0.65339575E+001     0.17923143E+002     0.25893286E+004     0.24929064E+004    -0.38319727E+001    -0.31517558E+001
     0.40351482E+000     0.59494425E+001     0.18707353E+002     0.26206856E+004     0.25621476E+004    -0.37357550E+001    -0.34372072E+001
     0.40427474E+000     0.52711281E+001     0.19478581E+002     0.26487444E+004     0.26361338E+004    -0.35990606E+001    -0.37184995E+001
     0.40503465E+000     0.45031839E+001     0.20220747E+002     0.26731062E+004     0.27146983E+004    -0.34232453E+001    -0.39847925E+001
     0.40579457E+000     0.36534683E+001     0.20922958E+002     0.26933416E+004     0.27977916E+004    -0.32140029E+001    -0.42261983E+001
     0.40655448E+000     0.27295451E+001     0.21580177E+002     0.27088898E+004     0.28854436E+004    -0.29806808E+001    -0.44358060E+001
     0.40731440E+000     0.17350588E+001     0.22191228E+002     0.27189879E+004     0.29776740E+004    -0.27345992E+001    -0.46112325E+001
     0.40807431E+000     0.66811034E+000     0.22754922E+002     0.27226540E+004     0.30743726E+004    -0.24866931E+001    -0.47551695E+001
     0.40883423E+000    -0.47760479E+000     0.23265933E+002     0.27187298E+004     0.31751821E+004    -0.22451210E+001    -0.48746398E+001
     0.40959414E+000    -0.17093632E+001     0.23712176E+002     0.27059732E+004     0.32794090E+004    -0.20135811E+001    -0.49791321E+001
     0.41035406E+000    -0.30310919E+001     0.24074691E+002     0.26831793E+004     0.33859792E+004    -0.17908091E+001    -0.50782096E+001
     0.41111397E+000    -0.44397864E+001     0.24329932E+002     0.26493101E+004     0.34934440E+004    -0.15712718E+001    -0.51793097E+001
     0.41187389E+000    -0.59237879E+001     0.24453475E+002     0.26036120E+004     0.36000311E+004    -0.13466775E+001    -0.52862521E+001
     0.41263380E+000    -0.74631675E+001     0.24423830E+002     0.25457053E+004     0.37037322E+004    -0.11077939E+001    -0.53986185E+001
     0.41339372E+000    -0.90317127E+001     0.24225312E+002     0.24756357E+004     0.38024087E+004    -0.84617191E+000    -0.55118926E+001
     0.41415363E+000    -0.10599674E+002     0.23849503E+002     0.23938894E+004     0.38938976E+004    -0.55556878E+000    -0.56181387E+001
     0.41491355E+000    -0.12136461E+002     0.23295327E+002     0.23013817E+004     0.39761051E+004    -0.23300710E+000    -0.57070436E+001
     0.41567346E+000    -0.13612696E+002     0.22568108E+002     0.21994333E+004     0.40470836E+004     0.12056416E+000    -0.57672150E+001
     0.41643338E+000    -0.15001287E+002     0.21678164E+002     0.20897435E+004     0.41050990E+004     0.50007171E+000    -0.57876418E+001
     0.41719329E+000    -0.16277550E+002     0.20639612E+002     0.19743627E+004     0.41486971E+004     0.89665186E+000    -0.57591610E+001
     0.41795321E+000    -0.17418790E+002     0.19469915E+002     0.18556589E+004     0.41767764E+004     0.12985132E+001    -0.56757191E+001
     0.41871312E+000    -0.18404090E+002     0.18190352E+002     0.17362686E+004     0.41886714E+004     0.16922099E+001    -0.55352159E+001
     0.41947304E+000    -0.19214998E+002     0.16826996E+002     0.16190175E+004     0.41842399E+004     0.20641130E+001    -0.53398049E+001
     0.42023295E+000    -0.19837410E+002     0.15411351E+002     0.15068004E+004     0.41639411E+004     0.24018433E+001    -0.50956415E+001
     0.42099287E+000    -0.20264219E+002     0.13979776E+002     0.14024201E+004     0.41288770E+004     0.26954718E+001    -0.48121678E+001
     0.42175278E+000    -0.20497792E+002     0.12571246E+002     0.13084008E+004     0.40807752E+004     0.29383673E+001    -0.45010757E+001
     0.42251270E+000    -0.20551235E+002     0.11223795E+002     0.12268094E+004     0.40218996E+004     0.31276333E+001    -0.41750875E+001
     0.42327261E+000    -0.20447832E+002     0.99705078E+001     0.11591156E+004     0.39548975E+004     0.32641072E+001    -0.38466947E+001
     0.42403253E+000    -0.20218702E+002     0.88361004E+001     0.11061170E+004     0.38826069E+004     0.33519274E+001    -0.35270032E+001
     0.42479244E+000    -0.19899248E+002     0.78348828E+001     0.10679371E+004     0.38078552E+004     0.33977312E+001    -0.32248466E+001
     0.42555236E+000    -0.19525250E+002     0.69703988E+001     0.10440901E+004     0.37332790E+004     0.34096271E+001    -0.29463011E+001
     0.42631227E+000    -0.19129370E+002     0.62366074E+001     0.10335954E+004     0.36611863E+004     0.33961459E+001    -0.26946460E+001
     0.42707219E+000    -0.18738633E+002     0.56201527E+001     0.10351189E+004     0.35934729E+004     0.33653642E+001    -0.24707020E+001
     0.42783210E+000    -0.18373117E+002     0.51031368E+001     0.10471175E+004     0.35315948E+004     0.33243214E+001    -0.22733952E+001
     0.42859202E+000    -0.18045818E+002     0.46658368E+001     0.10679672E+004     0.34765859E+004     0.32787435E+001    -0.21003756E+001
     0.42935193E+000    -0.17763431E+002     0.42889458E+001     0.10960618E+004     0.34291084E+004     0.32330111E+001    -0.19485655E+001
     0.43011185E+000    -0.17527663E+002     0.39551117E+001     0.11298785E+004     0.33895178E+004     0.31902755E+001    -0.18145787E+001
     0.43087176E+000    -0.17336746E+002     0.36497404E+001     0.11680118E+004     0.33579298E+004     0.31526409E+001    -0.16950070E+001
     0.43163168E+000    -0.17186834E+002     0.33611697E+001     0.12091850E+004     0.33342778E+004     0.31213600E+001    -0.15865961E+001
     0.43239159E+000    -0.17073113E+002     0.30803937E+001     0.12522461E+004     0.33183567E+004     0.30970129E+001    -0.14863410E+001
     0.43315151E+000    -0.16990551E+002     0.28005334E+001     0.12961572E+004     0.33098522E+004     0.30796550E+001    -0.13915239E+001
     0.43391142E+000    -0.16934272E+002     0.25162279E+001     0.13399841E+004     0.33083574E+004     0.30689259E+001    -0.12997183E+001
     0.43467134E+000    -0.16899622E+002     0.22230867E+001     0.13828897E+004     0.33133804E+004     0.30641197E+001    -0.12087819E+001
     0.43543125E+000    -0.16881997E+002     0.19173058E+001     0.14241342E+004     0.33243466E+004     0.30642251E+001    -0.11168576E+001
     0.43619117E+000    -0.16876543E+002     0.15955169E+001     0.14630835E+004     0.33405995E+004     0.30679505E+001    -0.10223942E+001
     0.43695108E+000    -0.16877861E+002     0.12548880E+001     0.14992240E+004     0.33614054E+004     0.30737537E+001    -0.92419153E+000
     0.43771100E+000    -0.16879836E+002     0.89344373E+000     0.15321830E+004     0.33859649E+004     0.30798953E+001    -0.82146076E+000
     0.43847091E+000    -0.16875690E+002     0.51051362E+000     0.15617511E+004     0.34134332E+004     0.30845256E+001    -0.71388174E+000
     0.43923083E+000    -0.16858327E+002     0.10717161E+000     0.15879008E+004     0.34429528E+004     0.30858040E+001    -0.60163665E+000
     0.43999074E+000    -0.16820926E+002    -0.31348717E+000     0.16107984E+004     0.34736962E+004     0.30820377E+001    -0.48540163E+000
     0.44075066E+000    -0.16757693E+002    -0.74636146E+000     0.16308008E+004     0.35049157E+004     0.30718168E+001    -0.36628929E+000
     0.44151057E+000    -0.16664602E+002    -0.11847126E+001     0.16484366E+004     0.35359959E+004     0.30541263E+001    -0.24574679E+000
     0.44227049E+000    -0.16539950E+002    -0.16208559E+001     0.16643673E+004     0.35665007E+004     0.30284172E+001    -0.12542375E+000
     0.44303040E+000    -0.16384575E+002    -0.20470548E+001     0.16793341E+004     0.35962070E+004     0.29946323E+001    -0.70278565E-002
     0.44379032E+000    -0.16201698E+002    -0.24564405E+001     0.16940933E+004     0.36251195E+004     0.29531872E+001     0.10781484E+000
     0.44455023E+000    -0.15996388E+002    -0.28437770E+001     0.17093503E+004     0.36534634E+004     0.29049135E+001     0.21768215E+000
     0.44531014E+000    -0.15774801E+002    -0.32059333E+001     0.17257002E+004     0.36816556E+004     0.28509755E+001     0.32145226E+000
     0.44607006E+000    -0.15543322E+002    -0.35420036E+001     0.17435831E+004     0.37102602E+004     0.27927666E+001     0.41837056E+000
     0.44682997E+000    -0.15307792E+002    -0.38530951E+001     0.17632571E+004     0.37399335E+004     0.27317988E+001     0.50808538E+000
     0.44758989E+000    -0.15072913E+002    -0.41418672E+001     0.17847910E+004     0.37713689E+004     0.26695891E+001     0.59065307E+000
     0.44834980E+000    -0.14841915E+002    -0.44119358E+001     0.18080735E+004     0.38052454E+004     0.26075519E+001     0.66651377E+000
     0.44910972E+000    -0.14616471E+002    -0.46672594E+001     0.18328346E+004     0.38421865E+004     0.25469046E+001     0.73644016E+000
     0.44986963E+000    -0.14396829E+002    -0.49115970E+001     0.18586743E+004     0.38827299E+004     0.24885915E+001     0.80146316E+000
     0.45062955E+000    -0.14182098E+002    -0.51480990E+001     0.18850950E+004     0.39273087E+004     0.24332344E+001     0.86278096E+000
     0.45138946E+000    -0.13970610E+002    -0.53790522E+001     0.19115317E+004     0.39762427E+004     0.23811129E+001     0.92166003E+000
     0.45214938E+000    -0.13760301E+002    -0.56057749E+001     0.19373810E+004     0.40297368E+004     0.23321765E+001     0.97933900E+000
     0.45290929E+000    -0.13549062E+002    -0.58286397E+001     0.19620251E+004     0.40878858E+004     0.22860835E+001     0.10369459E+001
     0.45366921E+000    -0.13335032E+002    -0.60471912E+001     0.19848512E+004     0.41506823E+004     0.22422609E+001     0.10954376E+001
     0.45442912E+000    -0.13116818E+002    -0.62603300E+001     0.20052681E+004     0.42180271E+004     0.21999725E+001     0.11555655E+001
     0.45518904E+000    -0.12893641E+002    -0.64665338E+001     0.20227175E+004     0.42897405E+004     0.21583863E+001     0.12178673E+001
     0.45594895E+000    -0.12665398E+002    -0.66640942E+001     0.20366827E+004     0.43655741E+004     0.21166295E+001     0.12826779E+001
     0.45670887E+000    -0.12432659E+002    -0.68513496E+001     0.20466949E+004     0.44452226E+004     0.20738284E+001     0.13501516E+001
     0.45746878E+000    -0.12196594E+002    -0.70268985E+001     0.20523361E+004     0.45283342E+004     0.20291332E+001     0.14202866E+001
     0.45822870E+000    -0.11958845E+002    -0.71897756E+001     0.20532406E+004     0.46145219E+004     0.19817318E+001     0.14929447E+001
     0.45898861E+000    -0.11721346E+002    -0.73395782E+001     0.20490950E+004     0.47033718E+004     0.19308594E+001     0.15678659E+001
     0.45974853E+000    -0.11486123E+002    -0.74765294E+001     0.20396357E+004     0.47944517E+004     0.18758088E+001     0.16446773E+001
     0.46050844E+000    -0.11255075E+002    -0.76014724E+001     0.20246462E+004     0.48873174E+004     0.18159434E+001     0.17229039E+001
     0.46126836E+000    -0.11029777E+002    -0.77157953E+001     0.20039538E+004     0.49815176E+004     0.17507111E+001     0.18019824E+001
     0.46202827E+000    -0.10811312E+002    -0.78212937E+001     0.19774259E+004     0.50765975E+004     0.16796547E+001     0.18812815E+001
     0.46278819E+000    -0.10600160E+002    -0.79199855E+001     0.19449665E+004     0.51721010E+004     0.16024150E+001     0.19601248E+001
     0.46354810E+000    -0.10396157E+002    -0.80138982E+001     0.19065135E+004     0.52675716E+004     0.15187226E+001     0.20378134E+001
     0.46430802E+000    -0.10198518E+002    -0.81048522E+001     0.18620360E+004     0.53625530E+004     0.14283820E+001     0.21136395E+001
     0.46506793E+000    -0.10005942E+002    -0.81942641E+001     0.18115338E+004     0.54565886E+004     0.13312511E+001     0.21868883E+001
     0.46582785E+000    -0.98167671E+001    -0.82829936E+001     0.17550358E+004     0.55492215E+004     0.12272252E+001     0.22568254E+001
     0.46658776E+000    -0.96291781E+001    -0.83712495E+001     0.16926009E+004     0.56399931E+004     0.11162325E+001     0.23226737E+001
     0.46734768E+000    -0.94414275E+001    -0.84585685E+001     0.16243186E+004     0.57284434E+004     0.99824706E+000     0.23835878E+001
     0.46810759E+000    -0.92520566E+001    -0.85438678E+001     0.15503114E+004     0.58141100E+004     0.87331839E+000     0.24386335E+001
     0.46886751E+000    -0.90600878E+001    -0.86255679E+001     0.14707373E+004     0.58965286E+004     0.74161509E+000     0.24867831E+001
     0.46962742E+000    -0.88651664E+001    -0.87017719E+001     0.13857935E+004     0.59752344E+004     0.60347348E+000     0.25269310E+001
     0.47038734E+000    -0.86676382E+001    -0.87704805E+001     0.12957217E+004     0.60497641E+004     0.45944194E+000     0.25579301E+001
     0.47114725E+000    -0.84685529E+001    -0.88298214E+001     0.12008118E+004     0.61196607E+004     0.31031144E+000     0.25786484E+001
     0.47190717E+000    -0.82695947E+001    -0.88782656E+001     0.11014072E+004     0.61844796E+004     0.15712573E+000     0.25880358E+001
     0.47266708E+000    -0.80729497E+001    -0.89148101E+001     0.99790767E+003     0.62437972E+004     0.11680619E-002     0.25851943E+001
     0.47342700E+000    -0.78811238E+001    -0.89391078E+001     0.89077094E+003     0.62972206E+004    -0.15607479E+000     0.25694418E+001
     0.47418691E+000    -0.76967333E+001    -0.89515327E+001     0.78051196E+003     0.63443999E+004    -0.31296698E+000     0.25403626E+001
     0.47494683E+000    -0.75222906E+001    -0.89531781E+001     0.66769863E+003     0.63850397E+004    -0.46779026E+000     0.24978384E+001
     0.47570674E+000    -0.73600053E+001    -0.89457909E+001     0.55294451E+003     0.64189109E+004    -0.61881569E+000     0.24420595E+001
     0.47646666E+000    -0.72116206E+001    -0.89316534E+001     0.43689830E+003     0.64458609E+004    -0.76437326E+000     0.23735148E+001
     0.47722657E+000    -0.70782963E+001    -0.89134274E+001     0.32023060E+003     0.64658212E+004    -0.90291361E+000     0.22929645E+001
     0.47798649E+000    -0.69605451E+001    -0.88939802E+001     0.20361883E+003     0.64788117E+004    -0.10330576E+001     0.22013997E+001
     0.47874640E+000    -0.68582227E+001    -0.88762077E+001     0.87731196E+002     0.64849419E+004    -0.11536314E+001     0.20999934E+001
     0.47950632E+000    -0.67705652E+001    -0.88628726E+001    -0.26789071E+002     0.64844073E+004    -0.12636865E+001     0.19900486E+001
     0.48026623E+000    -0.66962641E+001    -0.88564671E+001    -0.13933819E+003     0.64774830E+004    -0.13625060E+001     0.18729468E+001
     0.48102615E+000    -0.66335686E+001    -0.88591085E+001    -0.24936414E+003     0.64645143E+004    -0.14495985E+001     0.17501019E+001
     0.48178606E+000    -0.65804024E+001    -0.88724707E+001    -0.35637614E+003     0.64459050E+004    -0.15246846E+001     0.16229206E+001
     0.48254598E+000    -0.65344839E+001    -0.88977496E+001    -0.45995100E+003     0.64221045E+004    -0.15876755E+001     0.14927704E+001
     0.48330589E+000    -0.64934415E+001    -0.89356592E+001    -0.55973640E+003     0.63935948E+004    -0.16386504E+001     0.13609566E+001
     0.48406581E+000    -0.64549178E+001    -0.89864546E+001    -0.65545124E+003     0.63608779E+004    -0.16778323E+001     0.12287055E+001
     0.48482572E+000    -0.64166565E+001    -0.90499733E+001    -0.74688373E+003     0.63244642E+004    -0.17055646E+001     0.10971547E+001
     0.48558564E+000    -0.63765724E+001    -0.91256903E+001    -0.83388763E+003     0.62848630E+004    -0.17222908E+001     0.96734774E+000
     0.48634555E+000    -0.63328018E+001    -0.92127820E+001    -0.91637732E+003     0.62425743E+004    -0.17285352E+001     0.84023258E+000
     0.48710547E+000    -0.62837351E+001    -0.93101916E+001    -0.99432230E+003     0.61980820E+004    -0.17248880E+001     0.71666191E+000
     0.48786538E+000    -0.62280333E+001    -0.94166942E+001    -0.10677414E+004     0.61518494E+004    -0.17119918E+001     0.59739528E+000
     0.48862530E+000    -0.61646306E+001    -0.95309577E+001    -0.11366974E+004     0.61043155E+004    -0.16905306E+001     0.48310167E+000
     0.48938521E+000    -0.60927249E+001    -0.96515963E+001    -0.12012913E+004     0.60558919E+004    -0.16612206E+001     0.37436218E+000
     0.49014513E+000    -0.60117605E+001    -0.97772172E+001    -0.12616579E+004     0.60069617E+004    -0.16248025E+001     0.27167266E+000
     0.49090504E+000    -0.59214044E+001    -0.99064577E+001    -0.13179612E+004     0.59578772E+004    -0.15820342E+001     0.17544601E+000
     0.49166496E+000    -0.58215194E+001    -0.10038014E+002    -0.13703897E+004     0.59089598E+004    -0.15336848E+001     0.86014146E-001
     0.49242487E+000    -0.57121361E+001    -0.10170661E+002    -0.14191531E+004     0.58604984E+004    -0.14805281E+001     0.36297432E-002
     0.49318479E+000    -0.55934250E+001    -0.10303268E+002    -0.14644779E+004     0.58127497E+004    -0.14233369E+001    -0.71532166E-001
     0.49394470E+000    -0.54656706E+001    -0.10434802E+002    -0.15066039E+004     0.57659374E+004    -0.13628764E+001    -0.13937251E+000
     0.49470461E+000    -0.53292482E+001    -0.10564336E+002    -0.15457804E+004     0.57202525E+004    -0.12998981E+001    -0.19986622E+000
     0.49546453E+000    -0.51846042E+001    -0.10691041E+002    -0.15822629E+004     0.56758538E+004    -0.12351332E+001    -0.25305983E+000
     0.49622444E+000    -0.50322388E+001    -0.10814190E+002    -0.16163089E+004     0.56328686E+004    -0.11692861E+001    -0.29906837E+000
     0.49698436E+000    -0.48726922E+001    -0.10933148E+002    -0.16481755E+004     0.55913935E+004    -0.11030278E+001    -0.33807150E+000
     0.49774427E+000    -0.47065332E+001    -0.11047372E+002    -0.16781153E+004     0.55514963E+004    -0.10369896E+001    -0.37030880E+000
     0.49850419E+000    -0.45343505E+001    -0.11156400E+002    -0.17063745E+004     0.55132174E+004    -0.97175799E+000    -0.39607419E+000
     0.49926410E+000    -0.43567441E+001    -0.11259854E+002    -0.17331897E+004     0.54765720E+004    -0.90786905E+000    -0.41570961E+000
     0.50002402E+000    -0.41743197E+001    -0.11357429E+002    -0.17587859E+004     0.54415524E+004    -0.84580492E+000    -0.42959810E+000
     0.50078393E+000    -0.39876823E+001    -0.11448895E+002    -0.17833747E+004     0.54081301E+004    -0.78599062E+000    -0.43815637E+000
     0.50154385E+000    -0.37974304E+001    -0.11534088E+002    -0.18071529E+004     0.53762586E+004    -0.72879210E+000    -0.44182726E+000
     0.50230376E+000    -0.36041512E+001    -0.11612913E+002    -0.18303016E+004     0.53458758E+004    -0.67451546E+000    -0.44107204E+000
     0.50306368E+000    -0.34084147E+001    -0.11685336E+002    -0.18529848E+004     0.53169065E+004    -0.62340713E+000    -0.43636303E+000
     0.50382359E+000    -0.32107684E+001    -0.11751384E+002    -0.18753498E+004     0.52892648E+004    -0.57565496E+000    -0.42817643E+000
     0.50458351E+000    -0.30117321E+001    -0.11811138E+002    -0.18975266E+004     0.52628566E+004    -0.53139024E+000    -0.41698563E+000
     0.50534342E+000    -0.28117933E+001    -0.11864731E+002    -0.19196280E+004     0.52375816E+004    -0.49069036E+000    -0.40325511E+000
     0.50610334E+000    -0.26114020E+001    -0.11912342E+002    -0.19417501E+004     0.52133356E+004    -0.45358206E+000    -0.38743487E+000
     0.50686325E+000    -0.24109672E+001    -0.11954190E+002    -0.19639728E+004     0.51900125E+004    -0.42004520E+000    -0.36995551E+000
     0.50762317E+000    -0.22108532E+001    -0.11990527E+002    -0.19863606E+004     0.51675061E+004    -0.39001684E+000    -0.35122388E+000
     0.50838308E+000    -0.20113775E+001    -0.12021637E+002    -0.20089633E+004     0.51457115E+004    -0.36339571E+000    -0.33161939E+000
     0.50914300E+000    -0.18128088E+001    -0.12047823E+002    -0.20318173E+004     0.51245270E+004    -0.34004688E+000    -0.31149093E+000
     0.50990291E+000    -0.16153660E+001    -0.12069403E+002    -0.20549465E+004     0.51038551E+004    -0.31980655E+000    -0.29115434E+000
     0.51066283E+000    -0.14192186E+001    -0.12086706E+002    -0.20783639E+004     0.50836038E+004    -0.30248712E+000    -0.27089055E+000
     0.51142274E+000    -0.12244868E+001    -0.12100061E+002    -0.21020726E+004     0.50636872E+004    -0.28788221E+000    -0.25094429E+000
     0.51218266E+000    -0.10312435E+001    -0.12109796E+002    -0.21260675E+004     0.50440269E+004    -0.27577177E+000    -0.23152346E+000
     0.51294257E+000    -0.83951582E+000    -0.12116229E+002    -0.21503364E+004     0.50245516E+004    -0.26592717E+000    -0.21279913E+000
     0.51370249E+000    -0.64928807E+000    -0.12119665E+002    -0.21748620E+004     0.50051980E+004    -0.25811610E+000    -0.19490620E+000
     0.51446240E+000    -0.46050455E+000    -0.12120390E+002    -0.21996227E+004     0.49859105E+004    -0.25210735E+000    -0.17794470E+000
     0.51522232E+000    -0.27307308E+000    -0.12118667E+002    -0.22245942E+004     0.49666414E+004    -0.24767518E+000    -0.16198168E+000
     0.51598223E+000    -0.86868683E-001    -0.12114733E+002    -0.22497510E+004     0.49473502E+004    -0.24460339E+000    -0.14705373E+000
     0.51674215E+000     0.98262490E-001    -0.12108798E+002    -0.22750670E+004     0.49280033E+004    -0.24268876E+000    -0.13316995E+000
     0.51750206E+000     0.28249904E+000    -0.12101036E+002    -0.23005168E+004     0.49085733E+004    -0.24174406E+000    -0.12031535E+000
     0.51826198E+000     0.46604011E+000    -0.12091591E+002    -0.23260766E+004     0.48890383E+004    -0.24160026E+000    -0.10845458E+000
     0.51902189E+000     0.64910113E+000    -0.12080569E+002    -0.23517245E+004     0.48693807E+004    -0.24210821E+000    -0.97535774E-001
     0.51978181E+000     0.83190946E+000    -0.12068040E+002    -0.23774410E+004     0.48495871E+004    -0.24313950E+000    -0.87494519E-001
     0.52054172E+000     0.10147001E+001    -0.12054037E+002    -0.24032097E+004     0.48296465E+004    -0.24458671E+000    -0.78257690E-001
     0.52130164E+000     0.11977114E+001    -0.12038552E+002    -0.24290167E+004     0.48095502E+004    -0.24636308E+000    -0.69747123E-001
     0.52206155E+000     0.13811804E+001    -0.12021541E+002    -0.24548512E+004     0.47892906E+004    -0.24840152E+000    -0.61882978E-001
     0.52282147E+000     0.15653387E+001    -0.12002922E+002    -0.24807048E+004     0.47688603E+004    -0.25065324E+000    -0.54586725E-001
     0.52358138E+000     0.17504077E+001    -0.11982572E+002    -0.25065714E+004     0.47482522E+004    -0.25308596E+000    -0.47783689E-001
     0.52434130E+000     0.19365943E+001    -0.11960334E+002    -0.25324468E+004     0.47274580E+004    -0.25568189E+000    -0.41405125E-001
     0.52510121E+000     0.21240863E+001    -0.11936015E+002    -0.25583283E+004     0.47064686E+004    -0.25843552E+000    -0.35389803E-001
     0.52586113E+000     0.23130476E+001    -0.11909389E+002    -0.25842140E+004     0.46852733E+004    -0.26135135E+000    -0.29685123E-001
     0.52662104E+000     0.25036138E+001    -0.11880197E+002    -0.26101025E+004     0.46638600E+004    -0.26444169E+000    -0.24247788E-001
     0.52738096E+000     0.26958882E+001    -0.11848154E+002    -0.26359921E+004     0.46422148E+004    -0.26772449E+000    -0.19044076E-001
     0.52814087E+000     0.28899372E+001    -0.11812953E+002    -0.26618805E+004     0.46203223E+004    -0.27122136E+000    -0.14049766E-001
     0.52890079E+000     0.30857873E+001    -0.11774264E+002    -0.26877646E+004     0.45981656E+004    -0.27495579E+000    -0.92497803E-002
     0.52966070E+000     0.32834216E+001    -0.11731745E+002    -0.27136394E+004     0.45757265E+004    -0.27895158E+000    -0.46376082E-002
     0.53042062E+000     0.34827775E+001    -0.11685046E+002    -0.27394984E+004     0.45529859E+004    -0.28323151E+000    -0.21455433E-003
     0.53118053E+000     0.36837451E+001    -0.11633813E+002    -0.27653330E+004     0.45299241E+004    -0.28781625E+000     0.40111171E-002
     0.53194045E+000     0.38861669E+001    -0.11577700E+002    -0.27911321E+004     0.45065212E+004    -0.29272345E+000     0.80251062E-002
     0.53270036E+000     0.40898376E+001    -0.11516367E+002    -0.28168824E+004     0.44827571E+004    -0.29796708E+000     0.11808026E-001
     0.53346028E+000     0.42945057E+001    -0.11449494E+002    -0.28425682E+004     0.44586125E+004    -0.30355696E+000     0.15336347E-001
     0.53422019E+000     0.44998762E+001    -0.11376787E+002    -0.28681712E+004     0.44340690E+004    -0.30949839E+000     0.18583316E-001
     0.53498011E+000     0.47056134E+001    -0.11297978E+002    -0.28936710E+004     0.44091091E+004    -0.31579198E+000     0.21519824E-001
     0.53574002E+000     0.49113457E+001    -0.11212837E+002    -0.29190450E+004     0.43837173E+004    -0.32243358E+000     0.24115239E-001
     0.53649994E+000     0.51166704E+001    -0.11121172E+002    -0.29442684E+004     0.43578799E+004    -0.32941426E+000     0.26338159E-001
     0.53725985E+000     0.53211597E+001    -0.11022838E+002    -0.29693150E+004     0.43315851E+004    -0.33672046E+000     0.28157128E-001
     0.53801977E+000     0.55243668E+001    -0.10917733E+002    -0.29941569E+004     0.43048237E+004    -0.34433409E+000     0.29541278E-001
     0.53877968E+000     0.57258320E+001    -0.10805807E+002    -0.30187651E+004     0.42775891E+004    -0.35223280E+000     0.30460926E-001
     0.53953960E+000     0.59250903E+001    -0.10687056E+002    -0.30431099E+004     0.42498771E+004    -0.36039023E+000     0.30888114E-001
     0.54029951E+000     0.61216769E+001    -0.10561527E+002    -0.30671609E+004     0.42216866E+004    -0.36877630E+000     0.30797099E-001
     0.54105943E+000     0.63151340E+001    -0.10429314E+002    -0.30908875E+004     0.41930190E+004    -0.37735757E+000     0.30164790E-001
     0.54181934E+000     0.65050167E+001    -0.10290559E+002    -0.31142593E+004     0.41638786E+004    -0.38609764E+000     0.28971142E-001
     0.54257926E+000     0.66908982E+001    -0.10145443E+002    -0.31372463E+004     0.41342721E+004    -0.39495751E+000     0.27199492E-001
     0.54333917E+000     0.68723746E+001    -0.99941892E+001    -0.31598191E+004     0.41042092E+004    -0.40389606E+000     0.24836853E-001
     0.54409908E+000     0.70490686E+001    -0.98370552E+001    -0.31819492E+004     0.40737018E+004    -0.41287051E+000     0.21874140E-001
     0.54485900E+000     0.72206332E+001    -0.96743295E+001    -0.32036095E+004     0.40427643E+004    -0.42183687E+000     0.18306357E-001
     0.54561891E+000     0.73867538E+001    -0.95063269E+001    -0.32247740E+004     0.40114129E+004    -0.43075047E+000     0.14132711E-001
     0.54637883E+000     0.75471499E+001    -0.93333837E+001    -0.32454184E+004     0.39796661E+004    -0.43956645E+000     0.93566692E-002
     0.54713874E+000     0.77015763E+001    -0.91558532E+001    -0.32655200E+004     0.39475441E+004    -0.44824027E+000     0.39859587E-002
     0.54789866E+000     0.78498233E+001    -0.89741012E+001    -0.32850580E+004     0.39150684E+004    -0.45672821E+000    -0.19675035E-002
     0.54865857E+000     0.79917165E+001    -0.87885013E+001    -0.33040134E+004     0.38822621E+004    -0.46498784E+000    -0.84877386E-002
     0.54941849E+000     0.81271156E+001    -0.85994312E+001    -0.33223691E+004     0.38491493E+004    -0.47297851E+000    -0.15554895E-001
     0.55017840E+000     0.82559139E+001    -0.84072693E+001    -0.33401103E+004     0.38157549E+004    -0.48066175E+000    -0.23145497E-001
     0.55093832E+000     0.83780361E+001    -0.82123910E+001    -0.33572237E+004     0.37821049E+004    -0.48800171E+000    -0.31232738E-001
     0.55169823E+000     0.84934365E+001    -0.80151661E+001    -0.33736983E+004     0.37482253E+004    -0.49496545E+000    -0.39786830E-001
     0.55245815E+000     0.86020973E+001    -0.78159563E+001    -0.33895251E+004     0.37141429E+004    -0.50152328E+000    -0.48775387E-001
     0.55321806E+000     0.87040263E+001    -0.76151132E+001    -0.34046969E+004     0.36798843E+004    -0.50764898E+000    -0.58163839E-001
     0.55397798E+000     0.87992544E+001    -0.74129769E+001    -0.34192083E+004     0.36454765E+004    -0.51332002E+000    -0.67915870E-001
     0.55473789E+000     0.88878338E+001    -0.72098740E+001    -0.34330560E+004     0.36109461E+004    -0.51851762E+000    -0.77993874E-001
     0.55549781E+000     0.89698357E+001    -0.70061174E+001    -0.34462381E+004     0.35763195E+004    -0.52322687E+000    -0.88359412E-001
     0.55625772E+000     0.90453479E+001    -0.68020052E+001    -0.34587546E+004     0.35416228E+004    -0.52743668E+000    -0.98973666E-001
     0.55701764E+000     0.91144734E+001    -0.65978202E+001    -0.34706070E+004     0.35068816E+004    -0.53113978E+000    -0.10979788E+000
     0.55777755E+000     0.91773280E+001    -0.63938297E+001    -0.34817983E+004     0.34721209E+004    -0.53433252E+000    -0.12079379E+000
     0.55853747E+000     0.92340385E+001    -0.61902856E+001    -0.34923329E+004     0.34373651E+004    -0.53701481E+000    -0.13192400E+000
     0.55929738E+000     0.92847417E+001    -0.59874241E+001    -0.35022165E+004     0.34026377E+004    -0.53918981E+000    -0.14315238E+000
     0.56005730E+000     0.93295823E+001    -0.57854663E+001    -0.35114561E+004     0.33679616E+004    -0.54086375E+000    -0.15444435E+000
     0.56081721E+000     0.93687116E+001    -0.55846180E+001    -0.35200596E+004     0.33333588E+004    -0.54204560E+000    -0.16576717E+000
     0.56157713E+000     0.94022865E+001    -0.53850704E+001    -0.35280363E+004     0.32988503E+004    -0.54274679E+000    -0.17709020E+000
     0.56233704E+000     0.94304681E+001    -0.51870003E+001    -0.35353960E+004     0.32644563E+004    -0.54298087E+000    -0.18838506E+000
     0.56309696E+000     0.94534207E+001    -0.49905706E+001    -0.35421498E+004     0.32301959E+004    -0.54276320E+000    -0.19962578E+000
     0.56385687E+000     0.94713109E+001    -0.47959308E+001    -0.35483093E+004     0.31960874E+004    -0.54211055E+000    -0.21078889E+000
     0.56461679E+000     0.94843068E+001    -0.46032174E+001    -0.35538867E+004     0.31621479E+004    -0.54104082E+000    -0.22185348E+000
     0.56537670E+000     0.94925769E+001    -0.44125545E+001    -0.35588950E+004     0.31283936E+004    -0.53957268E+000    -0.23280116E+000
     0.56613662E+000     0.94962896E+001    -0.42240542E+001    -0.35633476E+004     0.30948396E+004    -0.53772523E+000    -0.24361607E+000
     0.56689653E+000     0.94956126E+001    -0.40378174E+001    -0.35672583E+004     0.30615001E+004    -0.53551777E+000    -0.25428479E+000
     0.56765645E+000     0.94907121E+001    -0.38539340E+001    -0.35706413E+004     0.30283881E+004    -0.53296944E+000    -0.26479619E+000
     0.56841636E+000     0.94817522E+001    -0.36724839E+001    -0.35735112E+004     0.29955159E+004    -0.53009903E+000    -0.27514134E+000
     0.56917628E+000     0.94688949E+001    -0.34935371E+001    -0.35758824E+004     0.29628945E+004    -0.52692472E+000    -0.28531334E+000
     0.56993619E+000     0.94522991E+001    -0.33171548E+001    -0.35777700E+004     0.29305341E+004    -0.52346392E+000    -0.29530710E+000
     0.57069611E+000     0.94321206E+001    -0.31433893E+001    -0.35791887E+004     0.28984441E+004    -0.51973310E+000    -0.30511918E+000
     0.57145602E+000     0.94085115E+001    -0.29722853E+001    -0.35801534E+004     0.28666326E+004    -0.51574764E+000    -0.31474755E+000
     0.57221594E+000     0.93816201E+001    -0.28038800E+001    -0.35806791E+004     0.28351071E+004    -0.51152176E+000    -0.32419141E+000
     0.57297585E+000     0.93515910E+001    -0.26382039E+001    -0.35807805E+004     0.28038744E+004    -0.50706844E+000    -0.33345093E+000
     0.57373577E+000     0.93185642E+001    -0.24752811E+001    -0.35804722E+004     0.27729401E+004    -0.50239941E+000    -0.34252710E+000
     0.57449568E+000     0.92826756E+001    -0.23151302E+001    -0.35797687E+004     0.27423094E+004    -0.49752512E+000    -0.35142146E+000
     0.57525560E+000     0.92440569E+001    -0.21577644E+001    -0.35786843E+004     0.27119865E+004    -0.49245475E+000    -0.36013593E+000
     0.57601551E+000     0.92028352E+001    -0.20031924E+001    -0.35772330E+004     0.26819750E+004    -0.48719628E+000    -0.36867263E+000
     0.57677543E+000     0.91591331E+001    -0.18514187E+001    -0.35754284E+004     0.26522780E+004    -0.48175654E+000    -0.37703371E+000
     0.57753534E+000     0.91130693E+001    -0.17024438E+001    -0.35732842E+004     0.26228977E+004    -0.47614130E+000    -0.38522118E+000
     0.57829526E+000     0.90647579E+001    -0.15562653E+001    -0.35708132E+004     0.25938361E+004    -0.47035535E+000    -0.39323680E+000
     0.57905517E+000     0.90143089E+001    -0.14128773E+001    -0.35680284E+004     0.25650943E+004    -0.46440262E+000    -0.40108194E+000
     0.57981509E+000     0.89618284E+001    -0.12722718E+001    -0.35649422E+004     0.25366732E+004    -0.45828631E+000    -0.40875749E+000
     0.58057500E+000     0.89074187E+001    -0.11344381E+001    -0.35615666E+004     0.25085730E+004    -0.45200897E+000    -0.41626381E+000
     0.58133492E+000     0.88511782E+001    -0.99936375E+000    -0.35579133E+004     0.24807939E+004    -0.44557270E+000    -0.42360063E+000
     0.58209483E+000     0.87932018E+001    -0.86703449E+000    -0.35539937E+004     0.24533352E+004    -0.43897920E+000    -0.43076703E+000
     0.58285475E+000     0.87335812E+001    -0.73743449E+000    -0.35498186E+004     0.24261962E+004    -0.43222997E+000    -0.43776143E+000
     0.58361466E+000     0.86724046E+001    -0.61054660E+000    -0.35453988E+004     0.23993759E+004    -0.42532638E+000    -0.44458159E+000
     0.58437458E+000     0.86097576E+001    -0.48635250E+000    -0.35407443E+004     0.23728730E+004    -0.41826981E+000    -0.45122461E+000
     0.58513449E+000     0.85457226E+001    -0.36483281E+000    -0.35358651E+004     0.23466857E+004    -0.41106176E+000    -0.45768694E+000
     0.58589441E+000     0.84803796E+001    -0.24596720E+000    -0.35307706E+004     0.23208125E+004    -0.40370396E+000    -0.46396448E+000
     0.58665432E+000     0.84138059E+001    -0.12973449E+000    -0.35254700E+004     0.22952511E+004    -0.39619845E+000    -0.47005257E+000
     0.58741424E+000     0.83460766E+001    -0.16112701E-001    -0.35199721E+004     0.22699996E+004    -0.38854765E+000    -0.47594610E+000
     0.58817415E+000     0.82772645E+001     0.94920883E-001    -0.35142854E+004     0.22450555E+004    -0.38075447E+000    -0.48163955E+000
     0.58893407E+000     0.82074401E+001     0.20338969E+000    -0.35084181E+004     0.22204166E+004    -0.37282234E+000    -0.48712707E+000
     0.58969398E+000     0.81366723E+001     0.30931782E+000    -0.35023779E+004     0.21960801E+004    -0.36475526E+000    -0.49240257E+000
     0.59045390E+000     0.80650277E+001     0.41273005E+000    -0.34961726E+004     0.21720436E+004    -0.35655782E+000    -0.49745982E+000
     0.59121381E+000     0.79925713E+001     0.51365183E+000    -0.34898093E+004     0.21483043E+004    -0.34823528E+000    -0.50229248E+000
     0.59197373E+000     0.79193663E+001     0.61210925E+000    -0.34832950E+004     0.21248595E+004    -0.33979351E+000    -0.50689424E+000
     0.59273364E+000     0.78454742E+001     0.70812910E+000    -0.34766366E+004     0.21017064E+004    -0.33123903E+000    -0.51125888E+000
     0.59349355E+000     0.77709547E+001     0.80173880E+000    -0.34698406E+004     0.20788420E+004    -0.32257901E+000    -0.51538036E+000
     0.59425347E+000     0.76958661E+001     0.89296646E+000    -0.34629131E+004     0.20562635E+004    -0.31382123E+000    -0.51925286E+000
     0.59501338E+000     0.76202651E+001     0.98184085E+000    -0.34558603E+004     0.20339680E+004    -0.30497404E+000    -0.52287091E+000
     0.59577330E+000     0.75442065E+001     0.10683914E+001    -0.34486880E+004     0.20119525E+004    -0.29604639E+000    -0.52622942E+000
     0.59653321E+000     0.74677439E+001     0.11526482E+001    -0.34414017E+004     0.19902142E+004    -0.28704770E+000    -0.52932373E+000
     0.59729313E+000     0.73909290E+001     0.12346420E+001    -0.34340070E+004     0.19687500E+004    -0.27798791E+000    -0.53214971E+000
     0.59805304E+000     0.73138123E+001     0.13144042E+001    -0.34265091E+004     0.19475569E+004    -0.26887735E+000    -0.53470377E+000
     0.59881296E+000     0.72364424E+001     0.13919667E+001    -0.34189130E+004     0.19266320E+004    -0.25972672E+000    -0.53698289E+000
     0.59957287E+000     0.71588664E+001     0.14673621E+001    -0.34112237E+004     0.19059724E+004    -0.25054703E+000    -0.53898470E+000
     0.60033279E+000     0.70811299E+001     0.15406235E+001    -0.34034458E+004     0.18855750E+004    -0.24134957E+000    -0.54070747E+000
     0.60109270E+000     0.70032766E+001     0.16117845E+001    -0.33955840E+004     0.18654370E+004    -0.23214578E+000    -0.54215014E+000
     0.60185262E+000     0.69253491E+001     0.16808792E+001    -0.33876426E+004     0.18455553E+004    -0.22294725E+000    -0.54331235E+000
     0.60261253E+000     0.68473879E+001     0.17479421E+001    -0.33796260E+004     0.18259270E+004    -0.21376566E+000    -0.54419441E+000
     0.60337245E+000     0.67694320E+001     0.18130080E+001    -0.33715383E+004     0.18065493E+004    -0.20461268E+000    -0.54479733E+000
     0.60413236E+000     0.66915190E+001     0.18761122E+001    -0.33633835E+004     0.17874191E+004    -0.19549994E+000    -0.54512281E+000
     0.60489228E+000     0.66136845E+001     0.19372901E+001    -0.33551656E+004     0.17685335E+004    -0.18643899E+000    -0.54517323E+000
     0.60565219E+000     0.65359629E+001     0.19965773E+001    -0.33468883E+004     0.17498897E+004    -0.17744121E+000    -0.54495163E+000
     0.60641211E+000     0.64583866E+001     0.20540096E+001    -0.33385552E+004     0.17314848E+004    -0.16851778E+000    -0.54446170E+000
     0.60717202E+000     0.63809867E+001     0.21096230E+001    -0.33301699E+004     0.17133159E+004    -0.15967966E+000    -0.54370775E+000
     0.60793194E+000     0.63037927E+001     0.21634533E+001    -0.33217358E+004     0.16953801E+004    -0.15093749E+000    -0.54269468E+000
     0.60869185E+000     0.62268323E+001     0.22155363E+001    -0.33132562E+004     0.16776746E+004    -0.14230159E+000    -0.54142796E+000
     0.60945177E+000     0.61501319E+001     0.22659080E+001    -0.33047345E+004     0.16601966E+004    -0.13378193E+000    -0.53991360E+000
     0.61021168E+000     0.60737163E+001     0.23146038E+001    -0.32961736E+004     0.16429433E+004    -0.12538806E+000    -0.53815810E+000
     0.61097160E+000     0.59976091E+001     0.23616593E+001    -0.32875766E+004     0.16259118E+004    -0.11712913E+000    -0.53616845E+000
     0.61173151E+000     0.59218321E+001     0.24071096E+001    -0.32789465E+004     0.16090994E+004    -0.10901383E+000    -0.53395203E+000
     0.61249143E+000     0.58464059E+001     0.24509895E+001    -0.32702860E+004     0.15925033E+004    -0.10105036E+000    -0.53151666E+000
     0.61325134E+000     0.57713498E+001     0.24933335E+001    -0.32615980E+004     0.15761208E+004    -0.93246454E-001    -0.52887048E+000
     0.61401126E+000     0.56966818E+001     0.25341759E+001    -0.32528851E+004     0.15599491E+004    -0.85609342E-001    -0.52602196E+000
     0.61477117E+000     0.56224186E+001     0.25735501E+001    -0.32441499E+004     0.15439855E+004    -0.78145732E-001    -0.52297985E+000
     0.61553109E+000     0.55485758E+001     0.26114895E+001    -0.32353948E+004     0.15282272E+004    -0.70861814E-001    -0.51975314E+000
     0.61629100E+000     0.54751678E+001     0.26480268E+001    -0.32266224E+004     0.15126717E+004    -0.63763250E-001    -0.51635103E+000
     0.61705092E+000     0.54022079E+001     0.26831941E+001    -0.32178349E+004     0.14973163E+004    -0.56855175E-001    -0.51278288E+000
     0.61781083E+000     0.53297083E+001     0.27170230E+001    -0.32090345E+004     0.14821582E+004    -0.50142195E-001    -0.50905819E+000
     0.61857075E+000     0.52576805E+001     0.27495447E+001    -0.32002236E+004     0.14671949E+004    -0.43628389E-001    -0.50518657E+000
     0.61933066E+000     0.51861348E+001     0.27807895E+001    -0.31914041E+004     0.14524237E+004    -0.37317319E-001    -0.50117768E+000
     0.62009058E+000     0.51150806E+001     0.28107874E+001    -0.31825781E+004     0.14378421E+004    -0.31212030E-001    -0.49704123E+000
     0.62085049E+000     0.50445267E+001     0.28395676E+001    -0.31737477E+004     0.14234476E+004    -0.25315063E-001    -0.49278694E+000
     0.62161041E+000     0.49744808E+001     0.28671587E+001    -0.31649147E+004     0.14092374E+004    -0.19628466E-001    -0.48842451E+000
     0.62237032E+000     0.49049503E+001     0.28935887E+001    -0.31560808E+004     0.13952092E+004    -0.14153803E-001    -0.48396358E+000
     0.62313024E+000     0.48359414E+001     0.29188851E+001    -0.31472480E+004     0.13813604E+004    -0.88921659E-002    -0.47941373E+000
     0.62389015E+000     0.47674601E+001     0.29430745E+001    -0.31384180E+004     0.13676885E+004    -0.38441934E-002    -0.47478444E+000
     0.62465007E+000     0.46995116E+001     0.29661832E+001    -0.31295923E+004     0.13541911E+004     0.98991874E-003    -0.47008509E+000
     0.62540998E+000     0.46321005E+001     0.29882368E+001    -0.31207725E+004     0.13408657E+004     0.56103998E-002    -0.46532490E+000
     0.62616990E+000     0.45652309E+001     0.30092600E+001    -0.31119602E+004     0.13277099E+004     0.10017889E-001    -0.46051295E+000
     0.62692981E+000     0.44989066E+001     0.30292774E+001    -0.31031569E+004     0.13147214E+004     0.14213417E-001    -0.45565814E+000
     0.62768973E+000     0.44331307E+001     0.30483127E+001    -0.30943639E+004     0.13018977E+004     0.18198392E-001    -0.45076919E+000
     0.62844964E+000     0.43679060E+001     0.30663891E+001    -0.30855826E+004     0.12892364E+004     0.21974580E-001    -0.44585462E+000
     0.62920956E+000     0.43032349E+001     0.30835292E+001    -0.30768144E+004     0.12767354E+004     0.25544086E-001    -0.44092271E+000
     0.62996947E+000     0.42391193E+001     0.30997552E+001    -0.30680604E+004     0.12643922E+004     0.28909339E-001    -0.43598155E+000
     0.63072939E+000     0.41755612E+001     0.31150886E+001    -0.30593219E+004     0.12522047E+004     0.32073075E-001    -0.43103898E+000
     0.63148930E+000     0.41125616E+001     0.31295505E+001    -0.30506001E+004     0.12401705E+004     0.35038315E-001    -0.42610257E+000
     0.63224922E+000     0.40501219E+001     0.31431615E+001    -0.30418960E+004     0.12282875E+004     0.37808352E-001    -0.42117968E+000
     0.63300913E+000     0.39882427E+001     0.31559417E+001    -0.30332107E+004     0.12165534E+004     0.40386732E-001    -0.41627739E+000
     0.63376905E+000     0.39269247E+001     0.31679106E+001    -0.30245453E+004     0.12049661E+004     0.42777236E-001    -0.41140249E+000
     0.63452896E+000     0.38661681E+001     0.31790875E+001    -0.30159006E+004     0.11935235E+004     0.44983865E-001    -0.40656154E+000
     0.63528888E+000     0.38059732E+001     0.31894910E+001    -0.30072777E+004     0.11822234E+004     0.47010822E-001    -0.40176080E+000
     0.63604879E+000     0.37463397E+001     0.31991396E+001    -0.29986774E+004     0.11710637E+004     0.48862497E-001    -0.39700626E+000
     0.63680871E+000     0.36872674E+001     0.32080510E+001    -0.29901005E+004     0.11600423E+004     0.50543449E-001    -0.39230364E+000
     0.63756862E+000     0.36287558E+001     0.32162428E+001    -0.29815480E+004     0.11491573E+004     0.52058393E-001    -0.38765834E+000
     0.63832854E+000     0.35708043E+001     0.32237321E+001    -0.29730205E+004     0.11384066E+004     0.53412183E-001    -0.38307553E+000
     0.63908845E+000     0.35134120E+001     0.32305355E+001    -0.29645188E+004     0.11277883E+004     0.54609797E-001    -0.37856006E+000
     0.63984837E+000     0.34565779E+001     0.32366695E+001    -0.29560435E+004     0.11173003E+004     0.55656326E-001    -0.37411652E+000
     0.64060828E+000     0.34003009E+001     0.32421500E+001    -0.29475955E+004     0.11069407E+004     0.56556954E-001    -0.36974919E+000
     0.64136820E+000     0.33445798E+001     0.32469928E+001    -0.29391752E+004     0.10967076E+004     0.57316950E-001    -0.36546210E+000
     0.64212811E+000     0.32894132E+001     0.32512131E+001    -0.29307833E+004     0.10865992E+004     0.57941650E-001    -0.36125899E+000
     0.64288802E+000     0.32347995E+001     0.32548259E+001    -0.29224204E+004     0.10766136E+004     0.58436449E-001    -0.35714333E+000
     0.64364794E+000     0.31807372E+001     0.32578460E+001    -0.29140870E+004     0.10667489E+004     0.58806785E-001    -0.35311830E+000
     0.64440785E+000     0.31272244E+001     0.32602878E+001    -0.29057836E+004     0.10570034E+004     0.59058127E-001    -0.34918683E+000
     0.64516777E+000     0.30742593E+001     0.32621652E+001    -0.28975107E+004     0.10473752E+004     0.59195968E-001    -0.34535159E+000
     0.64592768E+000     0.30218399E+001     0.32634922E+001    -0.28892688E+004     0.10378626E+004     0.59225805E-001    -0.34161497E+000
     0.64668760E+000     0.29699641E+001     0.32642822E+001    -0.28810582E+004     0.10284640E+004     0.59153138E-001    -0.33797911E+000
     0.64744751E+000     0.29186298E+001     0.32645484E+001    -0.28728794E+004     0.10191775E+004     0.58983453E-001    -0.33444591E+000
     0.64820743E+000     0.28678347E+001     0.32643038E+001    -0.28647328E+004     0.10100015E+004     0.58722215E-001    -0.33101700E+000
     0.64896734E+000     0.28175764E+001     0.32635611E+001    -0.28566187E+004     0.10009343E+004     0.58374855E-001    -0.32769381E+000
     0.64972726E+000     0.27678526E+001     0.32623326E+001    -0.28485374E+004     0.99197439E+003     0.57946767E-001    -0.32447748E+000
     0.65048717E+000     0.27186606E+001     0.32606306E+001    -0.28404893E+004     0.98312007E+003     0.57443293E-001    -0.32136897E+000
     0.65124709E+000     0.26699980E+001     0.32584668E+001    -0.28324746E+004     0.97436978E+003     0.56869718E-001    -0.31836899E+000
     0.65200700E+000     0.26218620E+001     0.32558531E+001    -0.28244936E+004     0.96572196E+003     0.56231261E-001    -0.31547805E+000
     0.65276692E+000     0.25742500E+001     0.32528008E+001    -0.28165466E+004     0.95717508E+003     0.55533069E-001    -0.31269643E+000
     0.65352683E+000     0.25271591E+001     0.32493210E+001    -0.28086337E+004     0.94872764E+003     0.54780206E-001    -0.31002423E+000
     0.65428675E+000     0.24805865E+001     0.32454248E+001    -0.28007552E+004     0.94037814E+003     0.53977651E-001    -0.30746134E+000
     0.65504666E+000     0.24345293E+001     0.32411228E+001    -0.27929112E+004     0.93212513E+003     0.53130289E-001    -0.30500745E+000
     0.65580658E+000     0.23889845E+001     0.32364256E+001    -0.27851020E+004     0.92396717E+003     0.52242906E-001    -0.30266210E+000
     0.65656649E+000     0.23439492E+001     0.32313433E+001    -0.27773277E+004     0.91590284E+003     0.51320181E-001    -0.30042464E+000
     0.65732641E+000     0.22994203E+001     0.32258860E+001    -0.27695884E+004     0.90793075E+003     0.50366687E-001    -0.29829423E+000
     0.65808632E+000     0.22553948E+001     0.32200636E+001    -0.27618843E+004     0.90004952E+003     0.49386879E-001    -0.29626992E+000
     0.65884624E+000     0.22118695E+001     0.32138857E+001    -0.27542153E+004     0.89225782E+003     0.48385093E-001    -0.29435056E+000
     0.65960615E+000     0.21688413E+001     0.32073617E+001    -0.27465818E+004     0.88455431E+003     0.47365544E-001    -0.29253488E+000
     0.66036607E+000     0.21263070E+001     0.32005008E+001    -0.27389836E+004     0.87693769E+003     0.46332319E-001    -0.29082148E+000
     0.66112598E+000     0.20842634E+001     0.31933121E+001    -0.27314210E+004     0.86940668E+003     0.45289376E-001    -0.28920881E+000
     0.66188590E+000     0.20427073E+001     0.31858044E+001    -0.27238938E+004     0.86196002E+003     0.44240540E-001    -0.28769522E+000
     0.66264581E+000     0.20016355E+001     0.31779864E+001    -0.27164023E+004     0.85459645E+003     0.43189503E-001    -0.28627893E+000
     0.66340573E+000     0.19610448E+001     0.31698665E+001    -0.27089463E+004     0.84731477E+003     0.42139817E-001    -0.28495806E+000
     0.66416564E+000     0.19209318E+001     0.31614531E+001    -0.27015260E+004     0.84011378E+003     0.41094899E-001    -0.28373064E+000
     0.66492556E+000     0.18812932E+001     0.31527543E+001    -0.26941413E+004     0.83299230E+003     0.40058023E-001    -0.28259459E+000
     0.66568547E+000     0.18421259E+001     0.31437780E+001    -0.26867922E+004     0.82594916E+003     0.39032324E-001    -0.28154777E+000
     0.66644539E+000     0.18034265E+001     0.31345321E+001    -0.26794787E+004     0.81898324E+003     0.38020797E-001    -0.28058795E+000
     0.66720530E+000     0.17651917E+001     0.31250242E+001    -0.26722008E+004     0.81209340E+003     0.37026291E-001    -0.27971283E+000
     0.66796522E+000     0.17274181E+001     0.31152617E+001    -0.26649584E+004     0.80527856E+003     0.36051517E-001    -0.27892006E+000
     0.66872513E+000     0.16901026E+001     0.31052521E+001    -0.26577515E+004     0.79853762E+003     0.35099044E-001    -0.27820721E+000
     0.66948505E+000     0.16532418E+001     0.30950025E+001    -0.26505801E+004     0.79186953E+003     0.34171299E-001    -0.27757184E+000
     0.67024496E+000     0.16168324E+001     0.30845199E+001    -0.26434440E+004     0.78527325E+003     0.33270569E-001    -0.27701143E+000
     0.67100488E+000     0.15808711E+001     0.30738112E+001    -0.26363433E+004     0.77874774E+003     0.32399003E-001    -0.27652344E+000
     0.67176479E+000     0.15453547E+001     0.30628833E+001    -0.26292779E+004     0.77229201E+003     0.31558613E-001    -0.27610532E+000
     0.67252471E+000     0.15102797E+001     0.30517428E+001    -0.26222476E+004     0.76590505E+003     0.30751274E-001    -0.27575447E+000
     0.67328462E+000     0.14756430E+001     0.30403962E+001    -0.26152524E+004     0.75958591E+003     0.29978729E-001    -0.27546828E+000
     0.67404454E+000     0.14414412E+001     0.30288498E+001    -0.26082922E+004     0.75333362E+003     0.29242587E-001    -0.27524414E+000
     0.67480445E+000     0.14076712E+001     0.30171100E+001    -0.26013669E+004     0.74714724E+003     0.28544328E-001    -0.27507943E+000
     0.67556437E+000     0.13743295E+001     0.30051830E+001    -0.25944765E+004     0.74102585E+003     0.27885307E-001    -0.27497152E+000
     0.67632428E+000     0.13414130E+001     0.29930746E+001    -0.25876207E+004     0.73496856E+003     0.27266753E-001    -0.27491779E+000
     0.67708420E+000     0.13089185E+001     0.29807910E+001    -0.25807995E+004     0.72897446E+003     0.26689775E-001    -0.27491564E+000
     0.67784411E+000     0.12768426E+001     0.29683378E+001    -0.25740127E+004     0.72304269E+003     0.26155361E-001    -0.27496248E+000
     0.67860403E+000     0.12451821E+001     0.29557209E+001    -0.25672603E+004     0.71717238E+003     0.25664386E-001    -0.27505571E+000
     0.67936394E+000     0.12139339E+001     0.29429458E+001    -0.25605422E+004     0.71136269E+003     0.25217613E-001    -0.27519280E+000
     0.68012386E+000     0.11830947E+001     0.29300180E+001    -0.25538581E+004     0.70561280E+003     0.24815694E-001    -0.27537122E+000
     0.68088377E+000     0.11526612E+001     0.29169431E+001    -0.25472080E+004     0.69992190E+003     0.24459180E-001    -0.27558847E+000
     0.68164369E+000     0.11226303E+001     0.29037262E+001    -0.25405918E+004     0.69428917E+003     0.24148515E-001    -0.27584209E+000
     0.68240360E+000     0.10929988E+001     0.28903726E+001    -0.25340092E+004     0.68871384E+003     0.23884050E-001    -0.27612966E+000
     0.68316352E+000     0.10637634E+001     0.28768876E+001    -0.25274602E+004     0.68319514E+003     0.23666037E-001    -0.27644879E+000
     0.68392343E+000     0.10349210E+001     0.28632760E+001    -0.25209446E+004     0.67773231E+003     0.23494642E-001    -0.27679713E+000
     0.68468335E+000     0.10064684E+001     0.28495429E+001    -0.25144623E+004     0.67232460E+003     0.23369939E-001    -0.27717240E+000
     0.68544326E+000     0.97840244E+000     0.28356931E+001    -0.25080131E+004     0.66697129E+003     0.23291923E-001    -0.27757235E+000
     0.68620318E+000     0.95071990E+000     0.28217316E+001    -0.25015969E+004     0.66167165E+003     0.23260508E-001    -0.27799478E+000
     0.68696309E+000     0.92341765E+000     0.28076628E+001    -0.24952135E+004     0.65642498E+003     0.23275532E-001    -0.27843753E+000
     0.68772301E+000     0.89649254E+000     0.27934915E+001    -0.24888628E+004     0.65123059E+003     0.23336761E-001    -0.27889852E+000
     0.68848292E+000     0.86994138E+000     0.27792223E+001    -0.24825447E+004     0.64608780E+003     0.23443895E-001    -0.27937572E+000
     0.68924284E+000     0.84376104E+000     0.27648596E+001    -0.24762589E+004     0.64099593E+003     0.23596566E-001    -0.27986713E+000
     0.69000275E+000     0.81794836E+000     0.27504078E+001    -0.24700054E+004     0.63595432E+003     0.23794350E-001    -0.28037083E+000
     0.69076267E+000     0.79250020E+000     0.27358712E+001    -0.24637839E+004     0.63096234E+003     0.24036761E-001    -0.28088497E+000
     0.69152258E+000     0.76741343E+000     0.27212541E+001    -0.24575943E+004     0.62601935E+003     0.24323263E-001    -0.28140772E+000
     0.69228249E+000     0.74268491E+000     0.27065606E+001    -0.24514365E+004     0.62112471E+003     0.24653269E-001    -0.28193735E+000
     0.69304241E+000     0.71831151E+000     0.26917948E+001    -0.24453103E+004     0.61627782E+003     0.25026146E-001    -0.28247217E+000
     0.69380232E+000     0.69429010E+000     0.26769608E+001    -0.24392155E+004     0.61147808E+003     0.25441218E-001    -0.28301055E+000
     0.69456224E+000     0.67061756E+000     0.26620625E+001    -0.24331520E+004     0.60672488E+003     0.25897767E-001    -0.28355092E+000
     0.69532215E+000     0.64729077E+000     0.26471038E+001    -0.24271196E+004     0.60201765E+003     0.26395044E-001    -0.28409178E+000
     0.69608207E+000     0.62430663E+000     0.26320885E+001    -0.24211183E+004     0.59735581E+003     0.26932260E-001    -0.28463169E+000
     0.69684198E+000     0.60166200E+000     0.26170203E+001    -0.24151477E+004     0.59273880E+003     0.27508601E-001    -0.28516925E+000
     0.69760190E+000     0.57935380E+000     0.26019030E+001    -0.24092078E+004     0.58816606E+003     0.28123223E-001    -0.28570315E+000
     0.69836181E+000     0.55737892E+000     0.25867401E+001    -0.24032983E+004     0.58363705E+003     0.28775260E-001    -0.28623211E+000
     0.69912173E+000     0.53573427E+000     0.25715352E+001    -0.23974192E+004     0.57915122E+003     0.29463821E-001    -0.28675493E+000
     0.69988164E+000     0.51441675E+000     0.25562918E+001    -0.23915703E+004     0.57470806E+003     0.30188000E-001    -0.28727046E+000
     0.70064156E+000     0.49342329E+000     0.25410132E+001    -0.23857515E+004     0.57030704E+003     0.30946872E-001    -0.28777759E+000
     0.70140147E+000     0.47275080E+000     0.25257028E+001    -0.23799624E+004     0.56594765E+003     0.31739499E-001    -0.28827530E+000
     0.70216139E+000     0.45239621E+000     0.25103639E+001    -0.23742031E+004     0.56162939E+003     0.32564933E-001    -0.28876261E+000
     0.70292130E+000     0.43235643E+000     0.24949998E+001    -0.23684734E+004     0.55735176E+003     0.33422214E-001    -0.28923857E+000
     0.70368122E+000     0.41262840E+000     0.24796136E+001    -0.23627731E+004     0.55311428E+003     0.34310376E-001    -0.28970232E+000
     0.70444113E+000     0.39320907E+000     0.24642083E+001    -0.23571020E+004     0.54891646E+003     0.35228451E-001    -0.29015303E+000
     0.70520105E+000     0.37409539E+000     0.24487870E+001    -0.23514599E+004     0.54475784E+003     0.36175463E-001    -0.29058993E+000
     0.70596096E+000     0.35528432E+000     0.24333527E+001    -0.23458469E+004     0.54063794E+003     0.37150439E-001    -0.29101230E+000
     0.70672088E+000     0.33677283E+000     0.24179083E+001    -0.23402626E+004     0.53655631E+003     0.38152404E-001    -0.29141944E+000
     0.70748079E+000     0.31855789E+000     0.24024567E+001    -0.23347069E+004     0.53251250E+003     0.39180388E-001    -0.29181075E+000
     0.70824071E+000     0.30063649E+000     0.23870007E+001    -0.23291797E+004     0.52850606E+003     0.40233421E-001    -0.29218562E+000
     0.70900062E+000     0.28300559E+000     0.23715429E+001    -0.23236809E+004     0.52453657E+003     0.41310542E-001    -0.29254352E+000
     0.70976054E+000     0.26566221E+000     0.23560861E+001    -0.23182102E+004     0.52060358E+003     0.42410794E-001    -0.29288396E+000
     0.71052045E+000     0.24860334E+000     0.23406329E+001    -0.23127675E+004     0.51670667E+003     0.43533230E-001    -0.29320647E+000
     0.71128037E+000     0.23182601E+000     0.23251859E+001    -0.23073528E+004     0.51284543E+003     0.44676910E-001    -0.29351063E+000
     0.71204028E+000     0.21532724E+000     0.23097476E+001    -0.23019657E+004     0.50901945E+003     0.45840905E-001    -0.29379606E+000
     0.71280020E+000     0.19910407E+000     0.22943204E+001    -0.22966062E+004     0.50522831E+003     0.47024297E-001    -0.29406243E+000
     0.71356011E+000     0.18315355E+000     0.22789068E+001    -0.22912742E+004     0.50147161E+003     0.48226182E-001    -0.29430943E+000
     0.71432003E+000     0.16747272E+000     0.22635091E+001    -0.22859695E+004     0.49774897E+003     0.49445664E-001    -0.29453677E+000
     0.71507994E+000     0.15205866E+000     0.22481296E+001    -0.22806919E+004     0.49406000E+003     0.50681866E-001    -0.29474423E+000
     0.71583986E+000     0.13690846E+000     0.22327705E+001    -0.22754413E+004     0.49040430E+003     0.51933922E-001    -0.29493159E+000
     0.71659977E+000     0.12201922E+000     0.22174341E+001    -0.22702175E+004     0.48678151E+003     0.53200982E-001    -0.29509866E+000
     0.71735969E+000     0.10738803E+000     0.22021225E+001    -0.22650205E+004     0.48319125E+003     0.54482211E-001    -0.29524531E+000
     0.71811960E+000     0.93012025E-001     0.21868377E+001    -0.22598500E+004     0.47963316E+003     0.55776789E-001    -0.29537141E+000
     0.71887952E+000     0.78888320E-001     0.21715820E+001    -0.22547060E+004     0.47610687E+003     0.57083915E-001    -0.29547686E+000
     0.71963943E+000     0.65014061E-001     0.21563572E+001    -0.22495882E+004     0.47261202E+003     0.58402802E-001    -0.29556158E+000
     0.72039935E+000     0.51386400E-001     0.21411653E+001    -0.22444966E+004     0.46914827E+003     0.59732682E-001    -0.29562553E+000
     0.72115926E+000     0.38002504E-001     0.21260082E+001    -0.22394310E+004     0.46571526E+003     0.61072801E-001    -0.29566867E+000
     0.72191918E+000     0.24859552E-001     0.21108878E+001    -0.22343913E+004     0.46231266E+003     0.62422425E-001    -0.29569101E+000
     0.72267909E+000     0.11954747E-001     0.20958058E+001    -0.22293773E+004     0.45894012E+003     0.63780837E-001    -0.29569256E+000
     0.72343901E+000    -0.71469145E-003     0.20807641E+001    -0.22243889E+004     0.45559732E+003     0.65147337E-001    -0.29567334E+000
     0.72419892E+000    -0.13151532E-001     0.20657644E+001    -0.22194260E+004     0.45228391E+003     0.66521243E-001    -0.29563342E+000
     0.72495884E+000    -0.25358531E-001     0.20508083E+001    -0.22144884E+004     0.44899959E+003     0.67901891E-001    -0.29557285E+000
     0.72571875E+000    -0.37338438E-001     0.20358976E+001    -0.22095759E+004     0.44574403E+003     0.69288632E-001    -0.29549171E+000
     0.72647867E+000    -0.49093991E-001     0.20210338E+001    -0.22046886E+004     0.44251690E+003     0.70680838E-001    -0.29539012E+000
     0.72723858E+000    -0.60627916E-001     0.20062184E+001    -0.21998261E+004     0.43931791E+003     0.72077897E-001    -0.29526817E+000
     0.72799850E+000    -0.71942913E-001     0.19914530E+001    -0.21949885E+004     0.43614674E+003     0.73479213E-001    -0.29512599E+000
     0.72875841E+000    -0.83041658E-001     0.19767391E+001    -0.21901755E+004     0.43300310E+003     0.74884208E-001    -0.29496371E+000
     0.72951833E+000    -0.93926820E-001     0.19620780E+001    -0.21853870E+004     0.42988667E+003     0.76292321E-001    -0.29478149E+000
     0.73027824E+000    -0.10460106E+000     0.19474712E+001    -0.21806230E+004     0.42679716E+003     0.77703009E-001    -0.29457947E+000
     0.73103816E+000    -0.11506700E+000     0.19329201E+001    -0.21758832E+004     0.42373428E+003     0.79115743E-001    -0.29435784E+000
     0.73179807E+000    -0.12532728E+000     0.19184259E+001    -0.21711675E+004     0.42069775E+003     0.80530011E-001    -0.29411675E+000
     0.73255799E+000    -0.13538451E+000     0.19039900E+001    -0.21664759E+004     0.41768727E+003     0.81945319E-001    -0.29385640E+000
     0.73331790E+000    -0.14524127E+000     0.18896135E+001    -0.21618081E+004     0.41470257E+003     0.83361185E-001    -0.29357697E+000
     0.73407782E+000    -0.15490013E+000     0.18752978E+001    -0.21571641E+004     0.41174337E+003     0.84777146E-001    -0.29327867E+000
     0.73483773E+000    -0.16436367E+000     0.18610439E+001    -0.21525437E+004     0.40880940E+003     0.86192753E-001    -0.29296169E+000
     0.73559765E+000    -0.17363442E+000     0.18468531E+001    -0.21479469E+004     0.40590038E+003     0.87607570E-001    -0.29262625E+000
     0.73635756E+000    -0.18271492E+000     0.18327264E+001    -0.21433734E+004     0.40301604E+003     0.89021177E-001    -0.29227256E+000
     0.73711748E+000    -0.19160767E+000     0.18186649E+001    -0.21388232E+004     0.40015613E+003     0.90433169E-001    -0.29190084E+000
     0.73787739E+000    -0.20031519E+000     0.18046696E+001    -0.21342961E+004     0.39732039E+003     0.91843154E-001    -0.29151131E+000
     0.73863731E+000    -0.20883994E+000     0.17907416E+001    -0.21297920E+004     0.39450854E+003     0.93250753E-001    -0.29110420E+000
     0.73939722E+000    -0.21718441E+000     0.17768817E+001    -0.21253108E+004     0.39172035E+003     0.94655601E-001    -0.29067974E+000
     0.74015714E+000    -0.22535103E+000     0.17630911E+001    -0.21208524E+004     0.38895556E+003     0.96057345E-001    -0.29023815E+000
     0.74091705E+000    -0.23334223E+000     0.17493705E+001    -0.21164166E+004     0.38621392E+003     0.97455645E-001    -0.28977969E+000
     0.74167696E+000    -0.24116045E+000     0.17357208E+001    -0.21120034E+004     0.38349519E+003     0.98850174E-001    -0.28930457E+000
     0.74243688E+000    -0.24880808E+000     0.17221430E+001    -0.21076125E+004     0.38079913E+003     0.10024062E+000    -0.28881304E+000
     0.74319679E+000    -0.25628750E+000     0.17086378E+001    -0.21032440E+004     0.37812549E+003     0.10162667E+000    -0.28830534E+000
     0.74395671E+000    -0.26360110E+000     0.16952059E+001    -0.20988976E+004     0.37547404E+003     0.10300803E+000    -0.28778171E+000
     0.74471662E+000    -0.27075123E+000     0.16818482E+001    -0.20945732E+004     0.37284455E+003     0.10438443E+000    -0.28724240E+000
     0.74547654E+000    -0.27774021E+000     0.16685654E+001    -0.20902708E+004     0.37023679E+003     0.10575559E+000    -0.28668763E+000
     0.74623645E+000    -0.28457037E+000     0.16553581E+001    -0.20859903E+004     0.36765054E+003     0.10712125E+000    -0.28611766E+000
     0.74699637E+000    -0.29124402E+000     0.16422271E+001    -0.20817314E+004     0.36508555E+003     0.10848116E+000    -0.28553272E+000
     0.74775628E+000    -0.29776343E+000     0.16291730E+001    -0.20774941E+004     0.36254163E+003     0.10983507E+000    -0.28493306E+000
     0.74851620E+000    -0.30413089E+000     0.16161964E+001    -0.20732783E+004     0.36001854E+003     0.11118276E+000    -0.28431892E+000
     0.74927611E+000    -0.31034866E+000     0.16032979E+001    -0.20690838E+004     0.35751607E+003     0.11252400E+000    -0.28369054E+000
     0.75003603E+000    -0.31641899E+000     0.15904780E+001    -0.20649106E+004     0.35503400E+003     0.11385858E+000    -0.28304817E+000
     0.75079594E+000    -0.32234408E+000     0.15777374E+001    -0.20607585E+004     0.35257213E+003     0.11518628E+000    -0.28239203E+000
     0.75155586E+000    -0.32812616E+000     0.15650764E+001    -0.20566274E+004     0.35013025E+003     0.11650692E+000    -0.28172237E+000
     0.75231577E+000    -0.33376740E+000     0.15524957E+001    -0.20525173E+004     0.34770815E+003     0.11782029E+000    -0.28103942E+000
     0.75307569E+000    -0.33927000E+000     0.15399955E+001    -0.20484279E+004     0.34530563E+003     0.11912623E+000    -0.28034343E+000
     0.75383560E+000    -0.34463612E+000     0.15275765E+001    -0.20443592E+004     0.34292248E+003     0.12042455E+000    -0.27963462E+000
     0.75459552E+000    -0.34986791E+000     0.15152389E+001    -0.20403111E+004     0.34055851E+003     0.12171508E+000    -0.27891323E+000
     0.75535543E+000    -0.35496748E+000     0.15029832E+001    -0.20362835E+004     0.33821352E+003     0.12299767E+000    -0.27817950E+000
     0.75611535E+000    -0.35993695E+000     0.14908096E+001    -0.20322762E+004     0.33588732E+003     0.12427216E+000    -0.27743365E+000
     0.75687526E+000    -0.36477840E+000     0.14787187E+001    -0.20282891E+004     0.33357972E+003     0.12553841E+000    -0.27667590E+000
     0.75763518E+000    -0.36949393E+000     0.14667105E+001    -0.20243222E+004     0.33129052E+003     0.12679626E+000    -0.27590650E+000
     0.75839509E+000    -0.37408558E+000     0.14547855E+001    -0.20203754E+004     0.32901955E+003     0.12804559E+000    -0.27512566E+000
     0.75915501E+000    -0.37855542E+000     0.14429439E+001    -0.20164484E+004     0.32676661E+003     0.12928627E+000    -0.27433362E+000
     0.75991492E+000    -0.38290546E+000     0.14311860E+001    -0.20125413E+004     0.32453152E+003     0.13051818E+000    -0.27353058E+000
     0.76067484E+000    -0.38713773E+000     0.14195119E+001    -0.20086539E+004     0.32231411E+003     0.13174118E+000    -0.27271677E+000
     0.76143475E+000    -0.39125421E+000     0.14079218E+001    -0.20047861E+004     0.32011420E+003     0.13295518E+000    -0.27189242E+000
     0.76219467E+000    -0.39525689E+000     0.13964160E+001    -0.20009378E+004     0.31793161E+003     0.13416007E+000    -0.27105773E+000
     0.76295458E+000    -0.39914771E+000     0.13849945E+001    -0.19971089E+004     0.31576617E+003     0.13535574E+000    -0.27021292E+000
     0.76371450E+000    -0.40292862E+000     0.13736575E+001    -0.19932993E+004     0.31361770E+003     0.13654209E+000    -0.26935821E+000
     0.76447441E+000    -0.40660155E+000     0.13624051E+001    -0.19895089E+004     0.31148604E+003     0.13771903E+000    -0.26849380E+000
     0.76523433E+000    -0.41016841E+000     0.13512374E+001    -0.19857376E+004     0.30937101E+003     0.13888648E+000    -0.26761991E+000
     0.76599424E+000    -0.41363110E+000     0.13401544E+001    -0.19819853E+004     0.30727246E+003     0.14004435E+000    -0.26673674E+000
     0.76675416E+000    -0.41699148E+000     0.13291563E+001    -0.19782519E+004     0.30519023E+003     0.14119255E+000    -0.26584451E+000
     0.76751407E+000    -0.42025142E+000     0.13182429E+001    -0.19745373E+004     0.30312414E+003     0.14233102E+000    -0.26494340E+000
     0.76827399E+000    -0.42341276E+000     0.13074143E+001    -0.19708413E+004     0.30107404E+003     0.14345967E+000    -0.26403363E+000
     0.76903390E+000    -0.42647731E+000     0.12966706E+001    -0.19671640E+004     0.29903977E+003     0.14457845E+000    -0.26311540E+000
     0.76979382E+000    -0.42944689E+000     0.12860116E+001    -0.19635051E+004     0.29702118E+003     0.14568729E+000    -0.26218890E+000
     0.77055373E+000    -0.43232327E+000     0.12754374E+001    -0.19598647E+004     0.29501812E+003     0.14678613E+000    -0.26125433E+000
     0.77131365E+000    -0.43510824E+000     0.12649478E+001    -0.19562426E+004     0.29303042E+003     0.14787491E+000    -0.26031189E+000
     0.77207356E+000    -0.43780354E+000     0.12545427E+001    -0.19526386E+004     0.29105795E+003     0.14895358E+000    -0.25936176E+000
     0.77283348E+000    -0.44041090E+000     0.12442220E+001    -0.19490528E+004     0.28910055E+003     0.15002209E+000    -0.25840414E+000
     0.77359339E+000    -0.44293203E+000     0.12339857E+001    -0.19454850E+004     0.28715807E+003     0.15108039E+000    -0.25743923E+000
     0.77435331E+000    -0.44536864E+000     0.12238335E+001    -0.19419351E+004     0.28523038E+003     0.15212844E+000    -0.25646719E+000
     0.77511322E+000    -0.44772238E+000     0.12137654E+001    -0.19384030E+004     0.28331733E+003     0.15316620E+000    -0.25548823E+000
     0.77587314E+000    -0.44999494E+000     0.12037810E+001    -0.19348886E+004     0.28141877E+003     0.15419363E+000    -0.25450253E+000
     0.77663305E+000    -0.45218795E+000     0.11938804E+001    -0.19313919E+004     0.27953457E+003     0.15521070E+000    -0.25351026E+000
     0.77739297E+000    -0.45430304E+000     0.11840631E+001    -0.19279127E+004     0.27766459E+003     0.15621737E+000    -0.25251161E+000
     0.77815288E+000    -0.45634181E+000     0.11743290E+001    -0.19244510E+004     0.27580870E+003     0.15721362E+000    -0.25150676E+000
     0.77891280E+000    -0.45830583E+000     0.11646778E+001    -0.19210067E+004     0.27396675E+003     0.15819942E+000    -0.25049589E+000
     0.77967271E+000    -0.46019668E+000     0.11551093E+001    -0.19175796E+004     0.27213863E+003     0.15917475E+000    -0.24947916E+000
     0.78043263E+000    -0.46201590E+000     0.11456233E+001    -0.19141697E+004     0.27032418E+003     0.16013959E+000    -0.24845676E+000
     0.78119254E+000    -0.46376501E+000     0.11362194E+001    -0.19107769E+004     0.26852329E+003     0.16109392E+000    -0.24742886E+000
     0.78195246E+000    -0.46544555E+000     0.11268973E+001    -0.19074010E+004     0.26673583E+003     0.16203772E+000    -0.24639562E+000
     0.78271237E+000    -0.46705900E+000     0.11176567E+001    -0.19040421E+004     0.26496166E+003     0.16297098E+000    -0.24535722E+000
     0.78347229E+000    -0.46860683E+000     0.11084973E+001    -0.19007001E+004     0.26320067E+003     0.16389369E+000    -0.24431382E+000
     0.78423220E+000    -0.47009048E+000     0.10994188E+001    -0.18973747E+004     0.26145273E+003     0.16480585E+000    -0.24326559E+000
     0.78499212E+000    -0.47151139E+000     0.10904207E+001    -0.18940660E+004     0.25971772E+003     0.16570744E+000    -0.24221269E+000
     0.78575203E+000    -0.47287098E+000     0.10815027E+001    -0.18907739E+004     0.25799551E+003     0.16659847E+000    -0.24115528E+000
     0.78651195E+000    -0.47417064E+000     0.10726645E+001    -0.18874983E+004     0.25628599E+003     0.16747892E+000    -0.24009353E+000
     0.78727186E+000    -0.47541176E+000     0.10639057E+001    -0.18842391E+004     0.25458904E+003     0.16834881E+000    -0.23902760E+000
     0.78803178E+000    -0.47659568E+000     0.10552257E+001    -0.18809961E+004     0.25290454E+003     0.16920814E+000    -0.23795763E+000
     0.78879169E+000    -0.47772375E+000     0.10466243E+001    -0.18777694E+004     0.25123238E+003     0.17005690E+000    -0.23688380E+000
     0.78955161E+000    -0.47879729E+000     0.10381010E+001    -0.18745589E+004     0.24957244E+003     0.17089511E+000    -0.23580625E+000
     0.79031152E+000    -0.47981759E+000     0.10296554E+001    -0.18713644E+004     0.24792460E+003     0.17172278E+000    -0.23472513E+000
     0.79107143E+000    -0.48078594E+000     0.10212869E+001    -0.18681859E+004     0.24628877E+003     0.17253991E+000    -0.23364060E+000
     0.79183135E+000    -0.48170359E+000     0.10129953E+001    -0.18650233E+004     0.24466482E+003     0.17334652E+000    -0.23255280E+000
     0.79259126E+000    -0.48257179E+000     0.10047799E+001    -0.18618765E+004     0.24305265E+003     0.17414263E+000    -0.23146189E+000
     0.79335118E+000    -0.48339175E+000     0.99664032E+000    -0.18587455E+004     0.24145215E+003     0.17492824E+000    -0.23036801E+000
     0.79411109E+000    -0.48416469E+000     0.98857611E+000    -0.18556301E+004     0.23986321E+003     0.17570339E+000    -0.22927130E+000
     0.79487101E+000    -0.48489179E+000     0.98058675E+000    -0.18525303E+004     0.23828573E+003     0.17646808E+000    -0.22817192E+000
     0.79563092E+000    -0.48557422E+000     0.97267174E+000    -0.18494460E+004     0.23671961E+003     0.17722234E+000    -0.22706999E+000
     0.79639084E+000    -0.48621314E+000     0.96483057E+000    -0.18463771E+004     0.23516473E+003     0.17796620E+000    -0.22596567E+000
     0.79715075E+000    -0.48680965E+000     0.95706272E+000    -0.18433236E+004     0.23362101E+003     0.17869968E+000    -0.22485908E+000
     0.79791067E+000    -0.48736489E+000     0.94936768E+000    -0.18402853E+004     0.23208833E+003     0.17942280E+000    -0.22375037E+000
     0.79867058E+000    -0.48787992E+000     0.94174490E+000    -0.18372622E+004     0.23056660E+003     0.18013560E+000    -0.22263968E+000
     0.79943050E+000    -0.48835583E+000     0.93419386E+000    -0.18342543E+004     0.22905572E+003     0.18083810E+000    -0.22152713E+000
     0.80019041E+000    -0.48879367E+000     0.92671402E+000    -0.18312614E+004     0.22755560E+003     0.18153033E+000    -0.22041287E+000
     0.80095033E+000    -0.48919448E+000     0.91930482E+000    -0.18282835E+004     0.22606613E+003     0.18221233E+000    -0.21929701E+000
     0.80171024E+000    -0.48955926E+000     0.91196572E+000    -0.18253204E+004     0.22458722E+003     0.18288414E+000    -0.21817970E+000
     0.80247016E+000    -0.48988901E+000     0.90469617E+000    -0.18223722E+004     0.22311878E+003     0.18354579E+000    -0.21706105E+000
     0.80323007E+000    -0.49018472E+000     0.89749560E+000    -0.18194388E+004     0.22166071E+003     0.18419731E+000    -0.21594120E+000
     0.80398999E+000    -0.49044735E+000     0.89036345E+000    -0.18165200E+004     0.22021292E+003     0.18483874E+000    -0.21482027E+000
     0.80474990E+000    -0.49067786E+000     0.88329915E+000    -0.18136158E+004     0.21877533E+003     0.18547013E+000    -0.21369838E+000
     0.80550982E+000    -0.49087717E+000     0.87630211E+000    -0.18107262E+004     0.21734783E+003     0.18609151E+000    -0.21257566E+000
     0.80626973E+000    -0.49104618E+000     0.86937175E+000    -0.18078510E+004     0.21593035E+003     0.18670294E+000    -0.21145223E+000
     0.80702965E+000    -0.49118579E+000     0.86250750E+000    -0.18049902E+004     0.21452279E+003     0.18730444E+000    -0.21032820E+000
     0.80778956E+000    -0.49129685E+000     0.85570877E+000    -0.18021437E+004     0.21312506E+003     0.18789607E+000    -0.20920369E+000
     0.80854948E+000    -0.49138023E+000     0.84897498E+000    -0.17993115E+004     0.21173708E+003     0.18847788E+000    -0.20807882E+000
     0.80930939E+000    -0.49143678E+000     0.84230554E+000    -0.17964935E+004     0.21035877E+003     0.18904990E+000    -0.20695371E+000
     0.81006931E+000    -0.49146733E+000     0.83569984E+000    -0.17936896E+004     0.20899003E+003     0.18961220E+000    -0.20582846E+000
     0.81082922E+000    -0.49147265E+000     0.82915729E+000    -0.17908998E+004     0.20763079E+003     0.19016481E+000    -0.20470318E+000
     0.81158914E+000    -0.49145355E+000     0.82267731E+000    -0.17881239E+004     0.20628096E+003     0.19070779E+000    -0.20357799E+000
     0.81234905E+000    -0.49141078E+000     0.81625931E+000    -0.17853619E+004     0.20494047E+003     0.19124120E+000    -0.20245300E+000
     0.81310897E+000    -0.49134512E+000     0.80990268E+000    -0.17826138E+004     0.20360922E+003     0.19176507E+000    -0.20132831E+000
     0.81386888E+000    -0.49125731E+000     0.80360682E+000    -0.17798795E+004     0.20228714E+003     0.19227948E+000    -0.20020402E+000
     0.81462880E+000    -0.49114806E+000     0.79737114E+000    -0.17771589E+004     0.20097415E+003     0.19278447E+000    -0.19908025E+000
     0.81538871E+000    -0.49101809E+000     0.79119504E+000    -0.17744520E+004     0.19967017E+003     0.19328010E+000    -0.19795708E+000
     0.81614863E+000    -0.49086809E+000     0.78507790E+000    -0.17717587E+004     0.19837513E+003     0.19376642E+000    -0.19683463E+000
     0.81690854E+000    -0.49069873E+000     0.77901915E+000    -0.17690788E+004     0.19708894E+003     0.19424350E+000    -0.19571299E+000
     0.81766846E+000    -0.49051067E+000     0.77301816E+000    -0.17664125E+004     0.19581153E+003     0.19471138E+000    -0.19459226E+000
     0.81842837E+000    -0.49030456E+000     0.76707435E+000    -0.17637595E+004     0.19454283E+003     0.19517014E+000    -0.19347254E+000
     0.81918829E+000    -0.49008102E+000     0.76118711E+000    -0.17611199E+004     0.19328276E+003     0.19561983E+000    -0.19235391E+000
     0.81994820E+000    -0.48984066E+000     0.75535587E+000    -0.17584936E+004     0.19203124E+003     0.19606051E+000    -0.19123648E+000
     0.82070812E+000    -0.48958410E+000     0.74958001E+000    -0.17558805E+004     0.19078820E+003     0.19649224E+000    -0.19012034E+000
     0.82146803E+000    -0.48931192E+000     0.74385896E+000    -0.17532805E+004     0.18955358E+003     0.19691509E+000    -0.18900556E+000
     0.82222795E+000    -0.48902469E+000     0.73819212E+000    -0.17506937E+004     0.18832730E+003     0.19732912E+000    -0.18789226E+000
     0.82298786E+000    -0.48872298E+000     0.73257889E+000    -0.17481199E+004     0.18710928E+003     0.19773438E+000    -0.18678050E+000
     0.82374778E+000    -0.48840733E+000     0.72701869E+000    -0.17455590E+004     0.18589946E+003     0.19813096E+000    -0.18567038E+000
     0.82450769E+000    -0.48807826E+000     0.72151092E+000    -0.17430111E+004     0.18469776E+003     0.19851891E+000    -0.18456198E+000
     0.82526761E+000    -0.48773631E+000     0.71605501E+000    -0.17404760E+004     0.18350413E+003     0.19889829E+000    -0.18345538E+000
     0.82602752E+000    -0.48738196E+000     0.71065037E+000    -0.17379538E+004     0.18231849E+003     0.19926917E+000    -0.18235067E+000
     0.82678744E+000    -0.48701573E+000     0.70529642E+000    -0.17354443E+004     0.18114077E+003     0.19963163E+000    -0.18124793E+000
     0.82754735E+000    -0.48663807E+000     0.69999259E+000    -0.17329474E+004     0.17997090E+003     0.19998573E+000    -0.18014722E+000
     0.82830727E+000    -0.48624946E+000     0.69473831E+000    -0.17304632E+004     0.17880883E+003     0.20033152E+000    -0.17904864E+000
     0.82906718E+000    -0.48585035E+000     0.68953300E+000    -0.17279916E+004     0.17765448E+003     0.20066910E+000    -0.17795225E+000
     0.82982710E+000    -0.48544118E+000     0.68437610E+000    -0.17255325E+004     0.17650778E+003     0.20099851E+000    -0.17685813E+000
     0.83058701E+000    -0.48502238E+000     0.67926704E+000    -0.17230858E+004     0.17536868E+003     0.20131984E+000    -0.17576635E+000
     0.83134693E+000    -0.48459438E+000     0.67420527E+000    -0.17206516E+004     0.17423712E+003     0.20163314E+000    -0.17467699E+000
     0.83210684E+000    -0.48415757E+000     0.66919023E+000    -0.17182297E+004     0.17311302E+003     0.20193850E+000    -0.17359011E+000
     0.83286676E+000    -0.48371236E+000     0.66422136E+000    -0.17158201E+004     0.17199632E+003     0.20223598E+000    -0.17250578E+000
     0.83362667E+000    -0.48325913E+000     0.65929812E+000    -0.17134228E+004     0.17088697E+003     0.20252565E+000    -0.17142406E+000
     0.83438659E+000    -0.48279824E+000     0.65441997E+000    -0.17110376E+004     0.16978489E+003     0.20280758E+000    -0.17034504E+000
     0.83514650E+000    -0.48233006E+000     0.64958635E+000    -0.17086646E+004     0.16869004E+003     0.20308184E+000    -0.16926876E+000
     0.83590642E+000    -0.48185495E+000     0.64479675E+000    -0.17063037E+004     0.16760235E+003     0.20334852E+000    -0.16819529E+000
     0.83666633E+000    -0.48137325E+000     0.64005062E+000    -0.17039548E+004     0.16652175E+003     0.20360767E+000    -0.16712470E+000
     0.83742625E+000    -0.48088528E+000     0.63534744E+000    -0.17016179E+004     0.16544820E+003     0.20385937E+000    -0.16605703E+000
     0.83818616E+000    -0.48039137E+000     0.63068668E+000    -0.16992929E+004     0.16438163E+003     0.20410369E+000    -0.16499236E+000
     0.83894607E+000    -0.47989184E+000     0.62606782E+000    -0.16969798E+004     0.16332199E+003     0.20434071E+000    -0.16393074E+000
     0.83970599E+000    -0.47938699E+000     0.62149036E+000    -0.16946785E+004     0.16226920E+003     0.20457049E+000    -0.16287223E+000
     0.84046590E+000    -0.47887711E+000     0.61695377E+000    -0.16923890E+004     0.16122323E+003     0.20479311E+000    -0.16181687E+000
     0.84122582E+000    -0.47836249E+000     0.61245755E+000    -0.16901112E+004     0.16018401E+003     0.20500865E+000    -0.16076473E+000
     0.84198573E+000    -0.47784339E+000     0.60800120E+000    -0.16878451E+004     0.15915149E+003     0.20521718E+000    -0.15971586E+000
     0.84274565E+000    -0.47732009E+000     0.60358422E+000    -0.16855906E+004     0.15812561E+003     0.20541876E+000    -0.15867030E+000
     0.84350556E+000    -0.47679284E+000     0.59920613E+000    -0.16833477E+004     0.15710631E+003     0.20561348E+000    -0.15762811E+000
     0.84426548E+000    -0.47626190E+000     0.59486644E+000    -0.16811164E+004     0.15609355E+003     0.20580140E+000    -0.15658934E+000
     0.84502539E+000    -0.47572750E+000     0.59056467E+000    -0.16788965E+004     0.15508726E+003     0.20598260E+000    -0.15555402E+000
     0.84578531E+000    -0.47518989E+000     0.58630033E+000    -0.16766881E+004     0.15408740E+003     0.20615716E+000    -0.15452222E+000
     0.84654522E+000    -0.47464929E+000     0.58207296E+000    -0.16744910E+004     0.15309390E+003     0.20632514E+000    -0.15349397E+000
     0.84730514E+000    -0.47410592E+000     0.57788208E+000    -0.16723053E+004     0.15210673E+003     0.20648663E+000    -0.15246932E+000
     0.84806505E+000    -0.47355998E+000     0.57372723E+000    -0.16701309E+004     0.15112581E+003     0.20664169E+000    -0.15144830E+000
     0.84882497E+000    -0.47301167E+000     0.56960796E+000    -0.16679677E+004     0.15015112E+003     0.20679039E+000    -0.15043097E+000
     0.84958488E+000    -0.47246118E+000     0.56552382E+000    -0.16658157E+004     0.14918258E+003     0.20693282E+000    -0.14941736E+000
     0.85034480E+000    -0.47190872E+000     0.56147438E+000    -0.16636749E+004     0.14822015E+003     0.20706904E+000    -0.14840750E+000
     0.85110471E+000    -0.47135447E+000     0.55745919E+000    -0.16615452E+004     0.14726379E+003     0.20719914E+000    -0.14740145E+000
     0.85186463E+000    -0.47079861E+000     0.55347781E+000    -0.16594265E+004     0.14631343E+003     0.20732317E+000    -0.14639922E+000
     0.85262454E+000    -0.47024131E+000     0.54952981E+000    -0.16573189E+004     0.14536904E+003     0.20744121E+000    -0.14540087E+000
     0.85338446E+000    -0.46968274E+000     0.54561475E+000    -0.16552222E+004     0.14443056E+003     0.20755335E+000    -0.14440642E+000
     0.85414437E+000    -0.46912305E+000     0.54173221E+000    -0.16531365E+004     0.14349794E+003     0.20765964E+000    -0.14341590E+000
     0.85490429E+000    -0.46856238E+000     0.53788178E+000    -0.16510616E+004     0.14257114E+003     0.20776017E+000    -0.14242935E+000
     0.85566420E+000    -0.46800089E+000     0.53406307E+000    -0.16489976E+004     0.14165010E+003     0.20785500E+000    -0.14144680E+000
     0.85642412E+000    -0.46743873E+000     0.53027565E+000    -0.16469444E+004     0.14073478E+003     0.20794422E+000    -0.14046828E+000
     0.85718403E+000    -0.46687602E+000     0.52651912E+000    -0.16449020E+004     0.13982514E+003     0.20802788E+000    -0.13949381E+000
     0.85794395E+000    -0.46631290E+000     0.52279309E+000    -0.16428702E+004     0.13892112E+003     0.20810606E+000    -0.13852343E+000
     0.85870386E+000    -0.46574949E+000     0.51909717E+000    -0.16408492E+004     0.13802268E+003     0.20817884E+000    -0.13755716E+000
     0.85946378E+000    -0.46518592E+000     0.51543098E+000    -0.16388387E+004     0.13712977E+003     0.20824629E+000    -0.13659503E+000
     0.86022369E+000    -0.46462229E+000     0.51179413E+000    -0.16368389E+004     0.13624235E+003     0.20830847E+000    -0.13563706E+000
     0.86098361E+000    -0.46405873E+000     0.50818624E+000    -0.16348496E+004     0.13536038E+003     0.20836547E+000    -0.13468328E+000
     0.86174352E+000    -0.46349533E+000     0.50460694E+000    -0.16328707E+004     0.13448380E+003     0.20841734E+000    -0.13373370E+000
     0.86250344E+000    -0.46293221E+000     0.50105588E+000    -0.16309024E+004     0.13361257E+003     0.20846416E+000    -0.13278836E+000
     0.86326335E+000    -0.46236945E+000     0.49753267E+000    -0.16289445E+004     0.13274665E+003     0.20850601E+000    -0.13184726E+000
     0.86402327E+000    -0.46180714E+000     0.49403697E+000    -0.16269969E+004     0.13188600E+003     0.20854295E+000    -0.13091044E+000
     0.86478318E+000    -0.46124538E+000     0.49056843E+000    -0.16250597E+004     0.13103057E+003     0.20857504E+000    -0.12997790E+000
     0.86554310E+000    -0.46068423E+000     0.48712671E+000    -0.16231328E+004     0.13018032E+003     0.20860237E+000    -0.12904967E+000
     0.86630301E+000    -0.46012380E+000     0.48371146E+000    -0.16212162E+004     0.12933521E+003     0.20862500E+000    -0.12812577E+000
     0.86706293E+000    -0.45956415E+000     0.48032235E+000    -0.16193098E+004     0.12849518E+003     0.20864300E+000    -0.12720620E+000
     0.86782284E+000    -0.45900537E+000     0.47695907E+000    -0.16174135E+004     0.12766022E+003     0.20865644E+000    -0.12629099E+000
     0.86858276E+000    -0.45844753E+000     0.47362127E+000    -0.16155274E+004     0.12683026E+003     0.20866538E+000    -0.12538015E+000
     0.86934267E+000    -0.45789071E+000     0.47030862E+000    -0.16136514E+004     0.12600527E+003     0.20866990E+000    -0.12447369E+000
     0.87010259E+000    -0.45733497E+000     0.46702080E+000    -0.16117855E+004     0.12518521E+003     0.20867006E+000    -0.12357162E+000
     0.87086250E+000    -0.45678035E+000     0.46375751E+000    -0.16099296E+004     0.12437004E+003     0.20866592E+000    -0.12267396E+000
     0.87162242E+000    -0.45622692E+000     0.46051843E+000    -0.16080837E+004     0.12355971E+003     0.20865757E+000    -0.12178072E+000
     0.87238233E+000    -0.45567474E+000     0.45730326E+000    -0.16062478E+004     0.12275420E+003     0.20864506E+000    -0.12089191E+000
     0.87314225E+000    -0.45512386E+000     0.45411170E+000    -0.16044218E+004     0.12195345E+003     0.20862845E+000    -0.12000753E+000
     0.87390216E+000    -0.45457433E+000     0.45094346E+000    -0.16026056E+004     0.12115743E+003     0.20860782E+000    -0.11912760E+000
     0.87466208E+000    -0.45402620E+000     0.44779823E+000    -0.16007993E+004     0.12036610E+003     0.20858323E+000    -0.11825212E+000
     0.87542199E+000    -0.45347950E+000     0.44467575E+000    -0.15990028E+004     0.11957941E+003     0.20855475E+000    -0.11738110E+000
     0.87618191E+000    -0.45293429E+000     0.44157571E+000    -0.15972160E+004     0.11879735E+003     0.20852244E+000    -0.11651455E+000
     0.87694182E+000    -0.45239061E+000     0.43849785E+000    -0.15954390E+004     0.11801985E+003     0.20848636E+000    -0.11565247E+000
     0.87770174E+000    -0.45184849E+000     0.43544190E+000    -0.15936717E+004     0.11724690E+003     0.20844658E+000    -0.11479486E+000
     0.87846165E+000    -0.45130797E+000     0.43240758E+000    -0.15919141E+004     0.11647844E+003     0.20840316E+000    -0.11394174E+000
     0.87922157E+000    -0.45076910E+000     0.42939461E+000    -0.15901661E+004     0.11571444E+003     0.20835616E+000    -0.11309309E+000
     0.87998148E+000    -0.45023189E+000     0.42640274E+000    -0.15884277E+004     0.11495487E+003     0.20830566E+000    -0.11224893E+000
     0.88074140E+000    -0.44969636E+000     0.42343170E+000    -0.15866988E+004     0.11419969E+003     0.20825170E+000    -0.11140926E+000
     0.88150131E+000    -0.44916256E+000     0.42048126E+000    -0.15849794E+004     0.11344886E+003     0.20819435E+000    -0.11057408E+000
     0.88226123E+000    -0.44863051E+000     0.41755114E+000    -0.15832696E+004     0.11270235E+003     0.20813368E+000    -0.10974338E+000
     0.88302114E+000    -0.44810022E+000     0.41464112E+000    -0.15815692E+004     0.11196011E+003     0.20806974E+000    -0.10891718E+000
     0.88378106E+000    -0.44757173E+000     0.41175095E+000    -0.15798782E+004     0.11122212E+003     0.20800259E+000    -0.10809546E+000
     0.88454097E+000    -0.44704506E+000     0.40888039E+000    -0.15781966E+004     0.11048834E+003     0.20793229E+000    -0.10727823E+000
     0.88530089E+000    -0.44652022E+000     0.40602921E+000    -0.15765243E+004     0.10975874E+003     0.20785891E+000    -0.10646548E+000
     0.88606080E+000    -0.44599725E+000     0.40319716E+000    -0.15748614E+004     0.10903328E+003     0.20778251E+000    -0.10565721E+000
     0.88682072E+000    -0.44547615E+000     0.40038403E+000    -0.15732078E+004     0.10831192E+003     0.20770313E+000    -0.10485342E+000
     0.88758063E+000    -0.44495695E+000     0.39758957E+000    -0.15715634E+004     0.10759463E+003     0.20762084E+000    -0.10405411E+000
     0.88834054E+000    -0.44443964E+000     0.39481358E+000    -0.15699282E+004     0.10688138E+003     0.20753570E+000    -0.10325926E+000
     0.88910046E+000    -0.44392425E+000     0.39205584E+000    -0.15683022E+004     0.10617214E+003     0.20744776E+000    -0.10246888E+000
     0.88986037E+000    -0.44341079E+000     0.38931612E+000    -0.15666854E+004     0.10546687E+003     0.20735708E+000    -0.10168296E+000
     0.89062029E+000    -0.44289926E+000     0.38659423E+000    -0.15650777E+004     0.10476553E+003     0.20726372E+000    -0.10090149E+000
     0.89138020E+000    -0.44238969E+000     0.38388995E+000    -0.15634791E+004     0.10406810E+003     0.20716774E+000    -0.10012446E+000
     0.89214012E+000    -0.44188208E+000     0.38120308E+000    -0.15618895E+004     0.10337455E+003     0.20706918E+000    -0.99351876E-001
     0.89290003E+000    -0.44137643E+000     0.37853341E+000    -0.15603090E+004     0.10268483E+003     0.20696810E+000    -0.98583721E-001
     0.89365995E+000    -0.44087276E+000     0.37588074E+000    -0.15587375E+004     0.10199892E+003     0.20686457E+000    -0.97819989E-001
     0.89441986E+000    -0.44037106E+000     0.37324489E+000    -0.15571749E+004     0.10131679E+003     0.20675862E+000    -0.97060671E-001
     0.89517978E+000    -0.43987136E+000     0.37062566E+000    -0.15556213E+004     0.10063840E+003     0.20665032E+000    -0.96305758E-001
     0.89593969E+000    -0.43937365E+000     0.36802285E+000    -0.15540766E+004     0.99963728E+002     0.20653971E+000    -0.95555240E-001
     0.89669961E+000    -0.43887793E+000     0.36543629E+000    -0.15525407E+004     0.99292737E+002     0.20642686E+000    -0.94809107E-001
     0.89745952E+000    -0.43838421E+000     0.36286578E+000    -0.15510137E+004     0.98625398E+002     0.20631181E+000    -0.94067348E-001
     0.89821944E+000    -0.43789249E+000     0.36031114E+000    -0.15494955E+004     0.97961680E+002     0.20619461E+000    -0.93329952E-001
     0.89897935E+000    -0.43740277E+000     0.35777221E+000    -0.15479861E+004     0.97301552E+002     0.20607532E+000    -0.92596908E-001
     0.89973927E+000    -0.43691506E+000     0.35524880E+000    -0.15464855E+004     0.96644985E+002     0.20595398E+000    -0.91868203E-001
     0.90049918E+000    -0.43642934E+000     0.35274074E+000    -0.15449936E+004     0.95991949E+002     0.20583065E+000    -0.91143826E-001
     0.90125910E+000    -0.43594563E+000     0.35024787E+000    -0.15435104E+004     0.95342414E+002     0.20570537E+000    -0.90423764E-001
     0.90201901E+000    -0.43546394E+000     0.34777001E+000    -0.15420358E+004     0.94696351E+002     0.20557819E+000    -0.89708002E-001
     0.90277893E+000    -0.43498425E+000     0.34530700E+000    -0.15405699E+004     0.94053729E+002     0.20544917E+000    -0.88996529E-001
     0.90353884E+000    -0.43450658E+000     0.34285867E+000    -0.15391126E+004     0.93414521E+002     0.20531835E+000    -0.88289330E-001
     0.90429876E+000    -0.43403090E+000     0.34042487E+000    -0.15376639E+004     0.92778698E+002     0.20518578E+000    -0.87586391E-001
     0.90505867E+000    -0.43355723E+000     0.33800543E+000    -0.15362237E+004     0.92146230E+002     0.20505150E+000    -0.86887697E-001
     0.90581859E+000    -0.43308555E+000     0.33560021E+000    -0.15347921E+004     0.91517090E+002     0.20491557E+000    -0.86193232E-001
     0.90657850E+000    -0.43261588E+000     0.33320904E+000    -0.15333689E+004     0.90891249E+002     0.20477802E+000    -0.85502983E-001
     0.90733842E+000    -0.43214820E+000     0.33083179E+000    -0.15319543E+004     0.90268680E+002     0.20463891E+000    -0.84816932E-001
     0.90809833E+000    -0.43168252E+000     0.32846830E+000    -0.15305480E+004     0.89649354E+002     0.20449827E+000    -0.84135064E-001
     0.90885825E+000    -0.43121882E+000     0.32611843E+000    -0.15291502E+004     0.89033245E+002     0.20435616E+000    -0.83457363E-001
     0.90961816E+000    -0.43075712E+000     0.32378203E+000    -0.15277608E+004     0.88420324E+002     0.20421262E+000    -0.82783812E-001
     0.91037808E+000    -0.43029740E+000     0.32145896E+000    -0.15263797E+004     0.87810565E+002     0.20406769E+000    -0.82114394E-001
     0.91113799E+000    -0.42983967E+000     0.31914907E+000    -0.15250070E+004     0.87203941E+002     0.20392141E+000    -0.81449092E-001
     0.91189791E+000    -0.42938392E+000     0.31685224E+000    -0.15236426E+004     0.86600425E+002     0.20377384E+000    -0.80787888E-001
     0.91265782E+000    -0.42893014E+000     0.31456832E+000    -0.15222864E+004     0.85999991E+002     0.20362500E+000    -0.80130764E-001
     0.91341774E+000    -0.42847833E+000     0.31229718E+000    -0.15209385E+004     0.85402612E+002     0.20347494E+000    -0.79477703E-001
     0.91417765E+000    -0.42802848E+000     0.31003870E+000    -0.15195989E+004     0.84808262E+002     0.20332371E+000    -0.78828686E-001
     0.91493757E+000    -0.42758060E+000     0.30779273E+000    -0.15182674E+004     0.84216915E+002     0.20317134E+000    -0.78183695E-001
     0.91569748E+000    -0.42713466E+000     0.30555917E+000    -0.15169442E+004     0.83628546E+002     0.20301788E+000    -0.77542710E-001
     0.91645740E+000    -0.42669069E+000     0.30333787E+000    -0.15156290E+004     0.83043128E+002     0.20286336E+000    -0.76905712E-001
     0.91721731E+000    -0.42624866E+000     0.30112873E+000    -0.15143221E+004     0.82460638E+002     0.20270783E+000    -0.76272683E-001
     0.91797723E+000    -0.42580859E+000     0.29893160E+000    -0.15130232E+004     0.81881048E+002     0.20255132E+000    -0.75643602E-001
     0.91873714E+000    -0.42537045E+000     0.29674637E+000    -0.15117323E+004     0.81304335E+002     0.20239387E+000    -0.75018450E-001
     0.91949706E+000    -0.42493425E+000     0.29457293E+000    -0.15104496E+004     0.80730474E+002     0.20223552E+000    -0.74397207E-001
     0.92025697E+000    -0.42449999E+000     0.29241115E+000    -0.15091749E+004     0.80159440E+002     0.20207630E+000    -0.73779852E-001
     0.92101689E+000    -0.42406765E+000     0.29026093E+000    -0.15079081E+004     0.79591208E+002     0.20191627E+000    -0.73166366E-001
     0.92177680E+000    -0.42363724E+000     0.28812214E+000    -0.15066494E+004     0.79025754E+002     0.20175544E+000    -0.72556728E-001
     0.92253672E+000    -0.42320876E+000     0.28599467E+000    -0.15053986E+004     0.78463055E+002     0.20159386E+000    -0.71950917E-001
     0.92329663E+000    -0.42278219E+000     0.28387842E+000    -0.15041557E+004     0.77903086E+002     0.20143156E+000    -0.71348912E-001
     0.92405655E+000    -0.42235754E+000     0.28177327E+000    -0.15029207E+004     0.77345823E+002     0.20126859E+000    -0.70750691E-001
     0.92481646E+000    -0.42193480E+000     0.27967912E+000    -0.15016937E+004     0.76791244E+002     0.20110496E+000    -0.70156235E-001
     0.92557638E+000    -0.42151397E+000     0.27759586E+000    -0.15004744E+004     0.76239324E+002     0.20094073E+000    -0.69565521E-001
     0.92633629E+000    -0.42109504E+000     0.27552338E+000    -0.14992630E+004     0.75690040E+002     0.20077591E+000    -0.68978527E-001
     0.92709621E+000    -0.42067801E+000     0.27346158E+000    -0.14980595E+004     0.75143369E+002     0.20061056E+000    -0.68395233E-001
     0.92785612E+000    -0.42026288E+000     0.27141036E+000    -0.14968637E+004     0.74599289E+002     0.20044469E+000    -0.67815616E-001
     0.92861604E+000    -0.41984965E+000     0.26936961E+000    -0.14956757E+004     0.74057777E+002     0.20027834E+000    -0.67239653E-001
     0.92937595E+000    -0.41943830E+000     0.26733925E+000    -0.14944954E+004     0.73518810E+002     0.20011155E+000    -0.66667324E-001
     0.93013587E+000    -0.41902884E+000     0.26531916E+000    -0.14933229E+004     0.72982365E+002     0.19994434E+000    -0.66098606E-001
     0.93089578E+000    -0.41862127E+000     0.26330925E+000    -0.14921580E+004     0.72448421E+002     0.19977675E+000    -0.65533476E-001
     0.93165570E+000    -0.41821558E+000     0.26130943E+000    -0.14910008E+004     0.71916955E+002     0.19960881E+000    -0.64971912E-001
     0.93241561E+000    -0.41781176E+000     0.25931960E+000    -0.14898513E+004     0.71387945E+002     0.19944055E+000    -0.64413892E-001
     0.93317553E+000    -0.41740982E+000     0.25733967E+000    -0.14887094E+004     0.70861370E+002     0.19927199E+000    -0.63859392E-001
     0.93393544E+000    -0.41700976E+000     0.25536954E+000    -0.14875752E+004     0.70337208E+002     0.19910318E+000    -0.63308390E-001
     0.93469536E+000    -0.41661156E+000     0.25340914E+000    -0.14864485E+004     0.69815438E+002     0.19893413E+000    -0.62760863E-001
     0.93545527E+000    -0.41621524E+000     0.25145836E+000    -0.14853294E+004     0.69296038E+002     0.19876488E+000    -0.62216788E-001
     0.93621519E+000    -0.41582079E+000     0.24951711E+000    -0.14842178E+004     0.68778987E+002     0.19859546E+000    -0.61676143E-001
     0.93697510E+000    -0.41542820E+000     0.24758532E+000    -0.14831138E+004     0.68264264E+002     0.19842589E+000    -0.61138903E-001
     0.93773501E+000    -0.41503748E+000     0.24566288E+000    -0.14820172E+004     0.67751848E+002     0.19825620E+000    -0.60605046E-001
     0.93849493E+000    -0.41464863E+000     0.24374973E+000    -0.14809282E+004     0.67241719E+002     0.19808642E+000    -0.60074549E-001
     0.93925484E+000    -0.41426164E+000     0.24184576E+000    -0.14798466E+004     0.66733855E+002     0.19791658E+000    -0.59547388E-001
     0.94001476E+000    -0.41387652E+000     0.23995090E+000    -0.14787724E+004     0.66228237E+002     0.19774670E+000    -0.59023539E-001
     0.94077467E+000    -0.41349325E+000     0.23806506E+000    -0.14777057E+004     0.65724844E+002     0.19757681E+000    -0.58502981E-001
     0.94153459E+000    -0.41311185E+000     0.23618817E+000    -0.14766464E+004     0.65223656E+002     0.19740693E+000    -0.57985688E-001
     0.94229450E+000    -0.41273232E+000     0.23432013E+000    -0.14755945E+004     0.64724653E+002     0.19723709E+000    -0.57471638E-001
     0.94305442E+000    -0.41235464E+000     0.23246087E+000    -0.14745499E+004     0.64227816E+002     0.19706732E+000    -0.56960807E-001
     0.94381433E+000    -0.41197881E+000     0.23061030E+000    -0.14735126E+004     0.63733123E+002     0.19689764E+000    -0.56453171E-001
     0.94457425E+000    -0.41160483E+000     0.22876836E+000    -0.14724827E+004     0.63240557E+002     0.19672807E+000    -0.55948707E-001
     0.94533416E+000    -0.41123272E+000     0.22693498E+000    -0.14714601E+004     0.62750096E+002     0.19655864E+000    -0.55447392E-001
     0.94609408E+000    -0.41086247E+000     0.22511007E+000    -0.14704448E+004     0.62261723E+002     0.19638937E+000    -0.54949200E-001
     0.94685399E+000    -0.41049408E+000     0.22329355E+000    -0.14694368E+004     0.61775417E+002     0.19622029E+000    -0.54454110E-001
     0.94761391E+000    -0.41012756E+000     0.22148535E+000    -0.14684359E+004     0.61291160E+002     0.19605142E+000    -0.53962097E-001
     0.94837382E+000    -0.40976290E+000     0.21968539E+000    -0.14674424E+004     0.60808933E+002     0.19588277E+000    -0.53473138E-001
     0.94913374E+000    -0.40940010E+000     0.21789360E+000    -0.14664560E+004     0.60328717E+002     0.19571438E+000    -0.52987208E-001
     0.94989365E+000    -0.40903917E+000     0.21610990E+000    -0.14654768E+004     0.59850493E+002     0.19554626E+000    -0.52504285E-001
     0.95065357E+000    -0.40868010E+000     0.21433423E+000    -0.14645048E+004     0.59374243E+002     0.19537844E+000    -0.52024344E-001
     0.95141348E+000    -0.40832290E+000     0.21256651E+000    -0.14635399E+004     0.58899948E+002     0.19521093E+000    -0.51547361E-001
     0.95217340E+000    -0.40796757E+000     0.21080668E+000    -0.14625822E+004     0.58427590E+002     0.19504377E+000    -0.51073313E-001
     0.95293331E+000    -0.40761411E+000     0.20905466E+000    -0.14616316E+004     0.57957151E+002     0.19487696E+000    -0.50602177E-001
     0.95369323E+000    -0.40726252E+000     0.20731038E+000    -0.14606881E+004     0.57488613E+002     0.19471053E+000    -0.50133928E-001
     0.95445314E+000    -0.40691282E+000     0.20557378E+000    -0.14597516E+004     0.57021957E+002     0.19454449E+000    -0.49668543E-001
     0.95521306E+000    -0.40656498E+000     0.20384478E+000    -0.14588223E+004     0.56557166E+002     0.19437888E+000    -0.49205999E-001
     0.95597297E+000    -0.40621903E+000     0.20212332E+000    -0.14578999E+004     0.56094222E+002     0.19421370E+000    -0.48746271E-001
     0.95673289E+000    -0.40587497E+000     0.20040933E+000    -0.14569846E+004     0.55633108E+002     0.19404898E+000    -0.48289336E-001
     0.95749280E+000    -0.40553279E+000     0.19870275E+000    -0.14560764E+004     0.55173806E+002     0.19388474E+000    -0.47835170E-001
     0.95825272E+000    -0.40519251E+000     0.19700351E+000    -0.14551751E+004     0.54716299E+002     0.19372098E+000    -0.47383750E-001
     0.95901263E+000    -0.40485412E+000     0.19531153E+000    -0.14542808E+004     0.54260569E+002     0.19355774E+000    -0.46935053E-001
     0.95977255E+000    -0.40451762E+000     0.19362677E+000    -0.14533934E+004     0.53806600E+002     0.19339503E+000    -0.46489054E-001
     0.96053246E+000    -0.40418303E+000     0.19194915E+000    -0.14525130E+004     0.53354374E+002     0.19323286E+000    -0.46045731E-001
     0.96129238E+000    -0.40385034E+000     0.19027861E+000    -0.14516395E+004     0.52903874E+002     0.19307125E+000    -0.45605060E-001
     0.96205229E+000    -0.40351956E+000     0.18861508E+000    -0.14507729E+004     0.52455084E+002     0.19291023E+000    -0.45167017E-001
     0.96281221E+000    -0.40319069E+000     0.18695851E+000    -0.14499133E+004     0.52007987E+002     0.19274980E+000    -0.44731579E-001
     0.96357212E+000    -0.40286374E+000     0.18530883E+000    -0.14490605E+004     0.51562566E+002     0.19258999E+000    -0.44298724E-001
     0.96433204E+000    -0.40253870E+000     0.18366597E+000    -0.14482145E+004     0.51118805E+002     0.19243080E+000    -0.43868427E-001
     0.96509195E+000    -0.40221559E+000     0.18202988E+000    -0.14473755E+004     0.50676687E+002     0.19227226E+000    -0.43440665E-001
     0.96585187E+000    -0.40189441E+000     0.18040050E+000    -0.14465432E+004     0.50236196E+002     0.19211437E+000    -0.43015416E-001
     0.96661178E+000    -0.40157515E+000     0.17877777E+000    -0.14457178E+004     0.49797317E+002     0.19195717E+000    -0.42592656E-001
     0.96737170E+000    -0.40125783E+000     0.17716162E+000    -0.14448991E+004     0.49360032E+002     0.19180065E+000    -0.42172363E-001
     0.96813161E+000    -0.40094245E+000     0.17555201E+000    -0.14440873E+004     0.48924326E+002     0.19164483E+000    -0.41754512E-001
     0.96889153E+000    -0.40062902E+000     0.17394887E+000    -0.14432822E+004     0.48490182E+002     0.19148974E+000    -0.41339082E-001
     0.96965144E+000    -0.40031755E+000     0.17235214E+000    -0.14424839E+004     0.48057587E+002     0.19133538E+000    -0.40926049E-001
     0.97041136E+000    -0.40000804E+000     0.17076176E+000    -0.14416923E+004     0.47626522E+002     0.19118176E+000    -0.40515390E-001
     0.97117127E+000    -0.39970049E+000     0.16917767E+000    -0.14409074E+004     0.47196973E+002     0.19102891E+000    -0.40107083E-001
     0.97193119E+000    -0.39939491E+000     0.16759981E+000    -0.14401293E+004     0.46768925E+002     0.19087683E+000    -0.39701106E-001
     0.97269110E+000    -0.39909129E+000     0.16602813E+000    -0.14393578E+004     0.46342362E+002     0.19072553E+000    -0.39297435E-001
     0.97345102E+000    -0.39878966E+000     0.16446258E+000    -0.14385930E+004     0.45917268E+002     0.19057504E+000    -0.38896048E-001
     0.97421093E+000    -0.39849002E+000     0.16290310E+000    -0.14378349E+004     0.45493629E+002     0.19042536E+000    -0.38496922E-001
     0.97497085E+000    -0.39819238E+000     0.16134963E+000    -0.14370834E+004     0.45071429E+002     0.19027650E+000    -0.38100036E-001
     0.97573076E+000    -0.39789674E+000     0.15980211E+000    -0.14363386E+004     0.44650654E+002     0.19012848E+000    -0.37705366E-001
     0.97649068E+000    -0.39760311E+000     0.15826049E+000    -0.14356004E+004     0.44231288E+002     0.18998131E+000    -0.37312891E-001
     0.97725059E+000    -0.39731149E+000     0.15672469E+000    -0.14348689E+004     0.43813316E+002     0.18983500E+000    -0.36922588E-001
     0.97801051E+000    -0.39702189E+000     0.15519468E+000    -0.14341439E+004     0.43396724E+002     0.18968956E+000    -0.36534435E-001
     0.97877042E+000    -0.39673431E+000     0.15367040E+000    -0.14334255E+004     0.42981497E+002     0.18954501E+000    -0.36148409E-001
     0.97953034E+000    -0.39644876E+000     0.15215179E+000    -0.14327136E+004     0.42567620E+002     0.18940135E+000    -0.35764490E-001
     0.98029025E+000    -0.39616524E+000     0.15063881E+000    -0.14320084E+004     0.42155079E+002     0.18925859E+000    -0.35382655E-001
     0.98105017E+000    -0.39588376E+000     0.14913139E+000    -0.14313096E+004     0.41743860E+002     0.18911675E+000    -0.35002882E-001
     0.98181008E+000    -0.39560433E+000     0.14762949E+000    -0.14306174E+004     0.41333947E+002     0.18897584E+000    -0.34625150E-001
     0.98257000E+000    -0.39532696E+000     0.14613305E+000    -0.14299318E+004     0.40925328E+002     0.18883587E+000    -0.34249436E-001
     0.98332991E+000    -0.39505165E+000     0.14464202E+000    -0.14292526E+004     0.40517987E+002     0.18869684E+000    -0.33875720E-001
     0.98408983E+000    -0.39477841E+000     0.14315635E+000    -0.14285799E+004     0.40111911E+002     0.18855877E+000    -0.33503980E-001
     0.98484974E+000    -0.39450725E+000     0.14167598E+000    -0.14279137E+004     0.39707085E+002     0.18842167E+000    -0.33134193E-001
     0.98560966E+000    -0.39423818E+000     0.14020086E+000    -0.14272540E+004     0.39303495E+002     0.18828554E+000    -0.32766340E-001
     0.98636957E+000    -0.39397120E+000     0.13873094E+000    -0.14266007E+004     0.38901129E+002     0.18815040E+000    -0.32400398E-001
     0.98712948E+000    -0.39370632E+000     0.13726616E+000    -0.14259539E+004     0.38499971E+002     0.18801625E+000    -0.32036346E-001
     0.98788940E+000    -0.39344355E+000     0.13580647E+000    -0.14253135E+004     0.38100008E+002     0.18788311E+000    -0.31674164E-001
     0.98864931E+000    -0.39318289E+000     0.13435183E+000    -0.14246795E+004     0.37701227E+002     0.18775098E+000    -0.31313830E-001
     0.98940923E+000    -0.39292436E+000     0.13290217E+000    -0.14240520E+004     0.37303613E+002     0.18761986E+000    -0.30955324E-001
     0.99016914E+000    -0.39266795E+000     0.13145745E+000    -0.14234308E+004     0.36907154E+002     0.18748978E+000    -0.30598623E-001
     0.99092906E+000    -0.39241368E+000     0.13001762E+000    -0.14228160E+004     0.36511836E+002     0.18736074E+000    -0.30243709E-001
     0.99168897E+000    -0.39216155E+000     0.12858263E+000    -0.14222076E+004     0.36117646E+002     0.18723274E+000    -0.29890559E-001
     0.99244889E+000    -0.39191158E+000     0.12715243E+000    -0.14216055E+004     0.35724569E+002     0.18710580E+000    -0.29539153E-001
     0.99320880E+000    -0.39166376E+000     0.12572696E+000    -0.14210098E+004     0.35332594E+002     0.18697992E+000    -0.29189471E-001
     0.99396872E+000    -0.39141812E+000     0.12430617E+000    -0.14204205E+004     0.34941707E+002     0.18685510E+000    -0.28841493E-001
     0.99472863E+000    -0.39117465E+000     0.12289001E+000    -0.14198375E+004     0.34551894E+002     0.18673136E+000    -0.28495197E-001
     0.99548855E+000    -0.39093337E+000     0.12147844E+000    -0.14192608E+004     0.34163144E+002     0.18660871E+000    -0.28150564E-001
     0.99624846E+000    -0.39069426E+000     0.12007139E+000    -0.14186904E+004     0.33775442E+002     0.18648715E+000    -0.27807573E-001
     0.99700838E+000    -0.39045735E+000     0.11866883E+000    -0.14181263E+004     0.33388776E+002     0.18636668E+000    -0.27466205E-001
     0.99776829E+000    -0.39022264E+000     0.11727071E+000    -0.14175684E+004     0.33003133E+002     0.18624732E+000    -0.27126438E-001
     0.99852821E+000    -0.38999015E+000     0.11587699E+000    -0.14170169E+004     0.32618501E+002     0.18612908E+000    -0.26788254E-001
     0.99928812E+000    -0.38975988E+000     0.11448760E+000    -0.14164716E+004     0.32234866E+002     0.18601194E+000    -0.26451632E-001
     0.10000480E+001    -0.38953185E+000     0.11310250E+000    -0.14159326E+004     0.31852216E+002     0.18589594E+000    -0.26116553E-001
     0.10008080E+001    -0.38930606E+000     0.11172162E+000    -0.14153999E+004     0.31470539E+002     0.18578106E+000    -0.25782996E-001
     0.10015679E+001    -0.38908250E+000     0.11034494E+000    -0.14148733E+004     0.31089822E+002     0.18566732E+000    -0.25450943E-001
     0.10023278E+001    -0.38886120E+000     0.10897239E+000    -0.14143530E+004     0.30710052E+002     0.18555473E+000    -0.25120373E-001
     0.10030877E+001    -0.38864216E+000     0.10760394E+000    -0.14138389E+004     0.30331217E+002     0.18544328E+000    -0.24791268E-001
     0.10038476E+001    -0.38842539E+000     0.10623953E+000    -0.14133311E+004     0.29953305E+002     0.18533299E+000    -0.24463607E-001
     0.10046075E+001    -0.38821091E+000     0.10487911E+000    -0.14128294E+004     0.29576303E+002     0.18522386E+000    -0.24137372E-001
     0.10053674E+001    -0.38799871E+000     0.10352262E+000    -0.14123339E+004     0.29200200E+002     0.18511589E+000    -0.23812542E-001
     0.10061274E+001    -0.38778879E+000     0.10217003E+000    -0.14118446E+004     0.28824983E+002     0.18500909E+000    -0.23489100E-001
     0.10068873E+001    -0.38758117E+000     0.10082127E+000    -0.14113615E+004     0.28450639E+002     0.18490348E+000    -0.23167026E-001
     0.10076472E+001    -0.38737586E+000     0.99476320E-001    -0.14108845E+004     0.28077158E+002     0.18479904E+000    -0.22846301E-001
     0.10084071E+001    -0.38717285E+000     0.98135119E-001    -0.14104137E+004     0.27704526E+002     0.18469579E+000    -0.22526906E-001
     0.10091670E+001    -0.38697217E+000     0.96797623E-001    -0.14099490E+004     0.27332732E+002     0.18459373E+000    -0.22208822E-001
     0.10099269E+001    -0.38677381E+000     0.95463780E-001    -0.14094904E+004     0.26961764E+002     0.18449286E+000    -0.21892030E-001
     0.10106868E+001    -0.38657779E+000     0.94133546E-001    -0.14090380E+004     0.26591611E+002     0.18439320E+000    -0.21576512E-001
     0.10114468E+001    -0.38638411E+000     0.92806876E-001    -0.14085917E+004     0.26222260E+002     0.18429474E+000    -0.21262250E-001
     0.10122067E+001    -0.38619279E+000     0.91483719E-001    -0.14081516E+004     0.25853699E+002     0.18419750E+000    -0.20949224E-001
     0.10129666E+001    -0.38600384E+000     0.90164022E-001    -0.14077175E+004     0.25485917E+002     0.18410146E+000    -0.20637416E-001
     0.10137265E+001    -0.38581726E+000     0.88847732E-001    -0.14072895E+004     0.25118903E+002     0.18400665E+000    -0.20326808E-001
     0.10144864E+001    -0.38563305E+000     0.87534804E-001    -0.14068676E+004     0.24752644E+002     0.18391306E+000    -0.20017382E-001
     0.10152463E+001    -0.38545121E+000     0.86225194E-001    -0.14064518E+004     0.24387129E+002     0.18382070E+000    -0.19709119E-001
     0.10160063E+001    -0.38527176E+000     0.84918859E-001    -0.14060421E+004     0.24022346E+002     0.18372956E+000    -0.19402001E-001
     0.10167662E+001    -0.38509471E+000     0.83615750E-001    -0.14056384E+004     0.23658285E+002     0.18363966E+000    -0.19096009E-001
     0.10175261E+001    -0.38492006E+000     0.82315816E-001    -0.14052408E+004     0.23294933E+002     0.18355100E+000    -0.18791127E-001
     0.10182860E+001    -0.38474782E+000     0.81019013E-001    -0.14048492E+004     0.22932280E+002     0.18346359E+000    -0.18487336E-001
     0.10190459E+001    -0.38457799E+000     0.79725298E-001    -0.14044637E+004     0.22570313E+002     0.18337742E+000    -0.18184618E-001
     0.10198058E+001    -0.38441059E+000     0.78434626E-001    -0.14040842E+004     0.22209022E+002     0.18329250E+000    -0.17882956E-001
     0.10205657E+001    -0.38424563E+000     0.77146943E-001    -0.14037107E+004     0.21848396E+002     0.18320883E+000    -0.17582331E-001
     0.10213257E+001    -0.38408312E+000     0.75862200E-001    -0.14033433E+004     0.21488422E+002     0.18312641E+000    -0.17282725E-001
     0.10220856E+001    -0.38392305E+000     0.74580348E-001    -0.14029819E+004     0.21129091E+002     0.18304526E+000    -0.16984123E-001
     0.10228455E+001    -0.38376543E+000     0.73301341E-001    -0.14026264E+004     0.20770390E+002     0.18296537E+000    -0.16686505E-001
     0.10236054E+001    -0.38361028E+000     0.72025130E-001    -0.14022770E+004     0.20412309E+002     0.18288675E+000    -0.16389854E-001
     0.10243653E+001    -0.38345759E+000     0.70751672E-001    -0.14019336E+004     0.20054837E+002     0.18280939E+000    -0.16094153E-001
     0.10251252E+001    -0.38330738E+000     0.69480924E-001    -0.14015962E+004     0.19697963E+002     0.18273331E+000    -0.15799385E-001
     0.10258851E+001    -0.38315965E+000     0.68212834E-001    -0.14012647E+004     0.19341675E+002     0.18265850E+000    -0.15505531E-001
     0.10266451E+001    -0.38301441E+000     0.66947351E-001    -0.14009393E+004     0.18985962E+002     0.18258497E+000    -0.15212576E-001
     0.10274050E+001    -0.38287166E+000     0.65684428E-001    -0.14006198E+004     0.18630815E+002     0.18251272E+000    -0.14920502E-001
     0.10281649E+001    -0.38273141E+000     0.64424020E-001    -0.14003062E+004     0.18276222E+002     0.18244176E+000    -0.14629291E-001
     0.10289248E+001    -0.38259366E+000     0.63166083E-001    -0.13999987E+004     0.17922171E+002     0.18237207E+000    -0.14338928E-001
     0.10296847E+001    -0.38245842E+000     0.61910573E-001    -0.13996970E+004     0.17568653E+002     0.18230368E+000    -0.14049393E-001
     0.10304446E+001    -0.38232570E+000     0.60657442E-001    -0.13994014E+004     0.17215656E+002     0.18223658E+000    -0.13760672E-001
     0.10312046E+001    -0.38219551E+000     0.59406640E-001    -0.13991116E+004     0.16863170E+002     0.18217077E+000    -0.13472746E-001
     0.10319645E+001    -0.38206784E+000     0.58158120E-001    -0.13988279E+004     0.16511184E+002     0.18210625E+000    -0.13185600E-001
     0.10327244E+001    -0.38194272E+000     0.56911835E-001    -0.13985500E+004     0.16159688E+002     0.18204304E+000    -0.12899215E-001
     0.10334843E+001    -0.38182013E+000     0.55667739E-001    -0.13982781E+004     0.15808670E+002     0.18198112E+000    -0.12613577E-001
     0.10342442E+001    -0.38170008E+000     0.54425787E-001    -0.13980121E+004     0.15458120E+002     0.18192051E+000    -0.12328667E-001
     0.10350041E+001    -0.38158259E+000     0.53185937E-001    -0.13977520E+004     0.15108027E+002     0.18186120E+000    -0.12044469E-001
     0.10357640E+001    -0.38146766E+000     0.51948140E-001    -0.13974978E+004     0.14758382E+002     0.18180319E+000    -0.11760967E-001
     0.10365240E+001    -0.38135529E+000     0.50712348E-001    -0.13972495E+004     0.14409172E+002     0.18174649E+000    -0.11478145E-001
     0.10372839E+001    -0.38124550E+000     0.49478514E-001    -0.13970072E+004     0.14060389E+002     0.18169111E+000    -0.11195985E-001
     0.10380438E+001    -0.38113829E+000     0.48246584E-001    -0.13967707E+004     0.13712021E+002     0.18163703E+000    -0.10914471E-001
     0.10388037E+001    -0.38103366E+000     0.47016509E-001    -0.13965401E+004     0.13364058E+002     0.18158427E+000    -0.10633587E-001
     0.10395636E+001    -0.38093160E+000     0.45788247E-001    -0.13963154E+004     0.13016489E+002     0.18153282E+000    -0.10353317E-001
     0.10403235E+001    -0.38083213E+000     0.44561756E-001    -0.13960966E+004     0.12669304E+002     0.18148269E+000    -0.10073645E-001
     0.10410834E+001    -0.38073525E+000     0.43336996E-001    -0.13958837E+004     0.12322493E+002     0.18143388E+000    -0.97945528E-002
     0.10418434E+001    -0.38064097E+000     0.42113922E-001    -0.13956767E+004     0.11976045E+002     0.18138639E+000    -0.95160260E-002
     0.10426033E+001    -0.38054930E+000     0.40892480E-001    -0.13954755E+004     0.11629950E+002     0.18134022E+000    -0.92380479E-002
     0.10433632E+001    -0.38046025E+000     0.39672616E-001    -0.13952802E+004     0.11284198E+002     0.18129537E+000    -0.89606023E-002
     0.10441231E+001    -0.38037381E+000     0.38454283E-001    -0.13950908E+004     0.10938778E+002     0.18125185E+000    -0.86836732E-002
     0.10448830E+001    -0.38028999E+000     0.37237430E-001    -0.13949073E+004     0.10593680E+002     0.18120965E+000    -0.84072446E-002
     0.10456429E+001    -0.38020878E+000     0.36022015E-001    -0.13947296E+004     0.10248894E+002     0.18116878E+000    -0.81313004E-002
     0.10464028E+001    -0.38013019E+000     0.34807999E-001    -0.13945577E+004     0.99044088E+001     0.18112924E+000    -0.78558247E-002
     0.10471628E+001    -0.38005422E+000     0.33595339E-001    -0.13943917E+004     0.95602153E+001     0.18109102E+000    -0.75808014E-002
     0.10479227E+001    -0.37998089E+000     0.32383984E-001    -0.13942316E+004     0.92163029E+001     0.18105414E+000    -0.73062148E-002
     0.10486826E+001    -0.37991020E+000     0.31173884E-001    -0.13940773E+004     0.88726614E+001     0.18101859E+000    -0.70320490E-002
     0.10494425E+001    -0.37984215E+000     0.29964989E-001    -0.13939289E+004     0.85292806E+001     0.18098437E+000    -0.67582880E-002
     0.10502024E+001    -0.37977673E+000     0.28757258E-001    -0.13937863E+004     0.81861503E+001     0.18095149E+000    -0.64849161E-002
     0.10509623E+001    -0.37971395E+000     0.27550648E-001    -0.13936495E+004     0.78432605E+001     0.18091994E+000    -0.62119175E-002
     0.10517223E+001    -0.37965382E+000     0.26345111E-001    -0.13935186E+004     0.75006009E+001     0.18088973E+000    -0.59392764E-002
     0.10524822E+001    -0.37959634E+000     0.25140598E-001    -0.13933935E+004     0.71581615E+001     0.18086085E+000    -0.56669770E-002
     0.10532421E+001    -0.37954152E+000     0.23937063E-001    -0.13932743E+004     0.68159322E+001     0.18083331E+000    -0.53950038E-002
     0.10540020E+001    -0.37948935E+000     0.22734463E-001    -0.13931609E+004     0.64739028E+001     0.18080711E+000    -0.51233409E-002
     0.10547619E+001    -0.37943985E+000     0.21532751E-001    -0.13930533E+004     0.61320634E+001     0.18078225E+000    -0.48519728E-002
     0.10555218E+001    -0.37939301E+000     0.20331875E-001    -0.13929515E+004     0.57904038E+001     0.18075873E+000    -0.45808838E-002
     0.10562817E+001    -0.37934883E+000     0.19131788E-001    -0.13928556E+004     0.54489140E+001     0.18073655E+000    -0.43100584E-002
     0.10570417E+001    -0.37930732E+000     0.17932442E-001    -0.13927655E+004     0.51075840E+001     0.18071571E+000    -0.40394808E-002
     0.10578016E+001    -0.37926848E+000     0.16733797E-001    -0.13926812E+004     0.47664036E+001     0.18069621E+000    -0.37691355E-002
     0.10585615E+001    -0.37923231E+000     0.15535807E-001    -0.13926027E+004     0.44253630E+001     0.18067805E+000    -0.34990069E-002
     0.10593214E+001    -0.37919882E+000     0.14338418E-001    -0.13925300E+004     0.40844521E+001     0.18066124E+000    -0.32290795E-002
     0.10600813E+001    -0.37916800E+000     0.13141580E-001    -0.13924632E+004     0.37436608E+001     0.18064577E+000    -0.29593377E-002
     0.10608412E+001    -0.37913984E+000     0.11945255E-001    -0.13924022E+004     0.34029792E+001     0.18063165E+000    -0.26897661E-002
     0.10616011E+001    -0.37911436E+000     0.10749398E-001    -0.13923470E+004     0.30623973E+001     0.18061886E+000    -0.24203491E-002
     0.10623611E+001    -0.37909156E+000     0.95539643E-002    -0.13922976E+004     0.27219052E+001     0.18060743E+000    -0.21510712E-002
     0.10631210E+001    -0.37907144E+000     0.83589069E-002    -0.13922540E+004     0.23814927E+001     0.18059733E+000    -0.18819170E-002
     0.10638809E+001    -0.37905400E+000     0.71641787E-002    -0.13922162E+004     0.20411499E+001     0.18058859E+000    -0.16128710E-002
     0.10646408E+001    -0.37903924E+000     0.59697305E-002    -0.13921843E+004     0.17008670E+001     0.18058118E+000    -0.13439175E-002
     0.10654007E+001    -0.37902718E+000     0.47755101E-002    -0.13921581E+004     0.13606338E+001     0.18057513E+000    -0.10750413E-002
     0.10661606E+001    -0.37901780E+000     0.35814687E-002    -0.13921378E+004     0.10204405E+001     0.18057042E+000    -0.80622690E-003
     0.10669206E+001    -0.37901109E+000     0.23875633E-002    -0.13921233E+004     0.68027708E+000     0.18056705E+000    -0.53745883E-003
     0.10676805E+001    -0.37900706E+000     0.11937544E-002    -0.13921145E+004     0.34013356E+000     0.18056503E+000    -0.26872169E-003
