srun: warning: can't honor --ntasks-per-node set to 16 which doesn't match the requested tasks 64 and -mpack, which forces min number of nodes to 1
CPU_SET_HEX_STR_SIZE: 257, Size of mstr: 257
cpu-bind=MASK - cn0923, task 48  0 [1477583]: mask |BBBBBBBB|--------|--------|--------|--------|--------|--------|--------|--------|BBBB----|--------|--------||||--------|--------|--------|--------|--------|--------|--------|--------|--------|--------|--------|--------| set
CPU_SET_HEX_STR_SIZE: 257, Size of mstr: 257
cpu-bind=MASK - cn0923, task 49  1 [1477584]: mask |--------|--------|--------|BBBBBBBB|--------|--------|--------|--------|--------|----BBBB|--------|--------||||--------|--------|--------|--------|--------|--------|--------|--------|--------|--------|--------|--------| set
CPU_SET_HEX_STR_SIZE: 257, Size of mstr: 257
cpu-bind=MASK - cn0923, task 50  2 [1477585]: mask |--------|BBBB----|--------|--------|--------|--------|BBBBBBBB|--------|--------|--------|--------|--------||||--------|--------|--------|--------|--------|--------|--------|--------|--------|--------|--------|--------| set
CPU_SET_HEX_STR_SIZE: 257, Size of mstr: 257
cpu-bind=MASK - cn0923, task 51  3 [1477586]: mask |--------|----BBBB|--------|--------|--------|--------|--------|--------|--------|--------|BBBBBBBB|--------||||--------|--------|--------|--------|--------|--------|--------|--------|--------|--------|--------|--------| set
CPU_SET_HEX_STR_SIZE: 257, Size of mstr: 257
cpu-bind=MASK - cn0923, task 52  4 [1477587]: mask |--------|--------|--------|--------|BBBBBBBB|--------|--------|BBBB----|--------|--------|--------|--------||||--------|--------|--------|--------|--------|--------|--------|--------|--------|--------|--------|--------| set
CPU_SET_HEX_STR_SIZE: 257, Size of mstr: 257
cpu-bind=MASK - cn0923, task 53  5 [1477588]: mask |--------|--------|BBBBBBBB|--------|--------|--------|--------|----BBBB|--------|--------|--------|--------||||--------|--------|--------|--------|--------|--------|--------|--------|--------|--------|--------|--------| set
CPU_SET_HEX_STR_SIZE: 257, Size of mstr: 257
cpu-bind=MASK - cn0923, task 54  6 [1477589]: mask |--------|--------|--------|--------|--------|BBBB----|--------|--------|--------|--------|--------|BBBBBBBB||||--------|--------|--------|--------|--------|--------|--------|--------|--------|--------|--------|--------| set
CPU_SET_HEX_STR_SIZE: 257, Size of mstr: 257
cpu-bind=MASK - cn0923, task 55  7 [1477590]: mask |--------|--------|--------|--------|--------|----BBBB|--------|--------|BBBBBBBB|--------|--------|--------||||--------|--------|--------|--------|--------|--------|--------|--------|--------|--------|--------|--------| set
CPU_SET_HEX_STR_SIZE: 257, Size of mstr: 257
cpu-bind=MASK - cn0923, task 56  8 [1477591]: mask |--------|--------|--------|--------|--------|--------|--------|--------|--------|--------|--------|--------||||BBBBBBBB|--------|--------|--------|--------|--------|--------|--------|--------|BBBB----|--------|--------| set
CPU_SET_HEX_STR_SIZE: 257, Size of mstr: 257
cpu-bind=MASK - cn0923, task 57  9 [1477592]: mask |--------|--------|--------|--------|--------|--------|--------|--------|--------|--------|--------|--------||||--------|--------|--------|BBBBBBBB|--------|--------|--------|--------|--------|----BBBB|--------|--------| set
CPU_SET_HEX_STR_SIZE: 257, Size of mstr: 257
cpu-bind=MASK - cn0923, task 58 10 [1477593]: mask |--------|--------|--------|--------|--------|--------|--------|--------|--------|--------|--------|--------||||--------|BBBB----|--------|--------|--------|--------|BBBBBBBB|--------|--------|--------|--------|--------| set
CPU_SET_HEX_STR_SIZE: 257, Size of mstr: 257
cpu-bind=MASK - cn0923, task 59 11 [1477594]: mask |--------|--------|--------|--------|--------|--------|--------|--------|--------|--------|--------|--------||||--------|----BBBB|--------|--------|--------|--------|--------|--------|--------|--------|BBBBBBBB|--------| set
CPU_SET_HEX_STR_SIZE: 257, Size of mstr: 257
cpu-bind=MASK - cn0923, task 60 12 [1477595]: mask |--------|--------|--------|--------|--------|--------|--------|--------|--------|--------|--------|--------||||--------|--------|--------|--------|BBBBBBBB|--------|--------|BBBB----|--------|--------|--------|--------| set
CPU_SET_HEX_STR_SIZE: 257, Size of mstr: 257
cpu-bind=MASK - cn0923, task 61 13 [1477596]: mask |--------|--------|--------|--------|--------|--------|--------|--------|--------|--------|--------|--------||||--------|--------|BBBBBBBB|--------|--------|--------|--------|----BBBB|--------|--------|--------|--------| set
CPU_SET_HEX_STR_SIZE: 257, Size of mstr: 257
cpu-bind=MASK - cn0923, task 62 14 [1477597]: mask |--------|--------|--------|--------|--------|--------|--------|--------|--------|--------|--------|--------||||--------|--------|--------|--------|--------|BBBB----|--------|--------|--------|--------|--------|BBBBBBBB| set
CPU_SET_HEX_STR_SIZE: 257, Size of mstr: 257
cpu-bind=MASK - cn0914, task 32  0 [727847]: mask |BBBBBBBB|--------|--------|--------|--------|--------|--------|--------|--------|BBBB----|--------|--------||||--------|--------|--------|--------|--------|--------|--------|--------|--------|--------|--------|--------| set
CPU_SET_HEX_STR_SIZE: 257, Size of mstr: 257
cpu-bind=MASK - cn0914, task 33  1 [727848]: mask |--------|--------|--------|BBBBBBBB|--------|--------|--------|--------|--------|----BBBB|--------|--------||||--------|--------|--------|--------|--------|--------|--------|--------|--------|--------|--------|--------| set
CPU_SET_HEX_STR_SIZE: 257, Size of mstr: 257
cpu-bind=MASK - cn0907, task  0  0 [2338448]: mask |BBBBBBBB|--------|--------|--------|--------|--------|--------|--------|--------|BBBB----|--------|--------||||--------|--------|--------|--------|--------|--------|--------|--------|--------|--------|--------|--------| set
CPU_SET_HEX_STR_SIZE: 257, Size of mstr: 257
cpu-bind=MASK - cn0914, task 34  2 [727849]: mask |--------|BBBB----|--------|--------|--------|--------|BBBBBBBB|--------|--------|--------|--------|--------||||--------|--------|--------|--------|--------|--------|--------|--------|--------|--------|--------|--------| set
CPU_SET_HEX_STR_SIZE: 257, Size of mstr: 257
cpu-bind=MASK - cn0907, task  1  1 [2338449]: mask |--------|--------|--------|BBBBBBBB|--------|--------|--------|--------|--------|----BBBB|--------|--------||||--------|--------|--------|--------|--------|--------|--------|--------|--------|--------|--------|--------| set
CPU_SET_HEX_STR_SIZE: 257, Size of mstr: 257
cpu-bind=MASK - cn0923, task 63 15 [1477598]: mask |--------|--------|--------|--------|--------|--------|--------|--------|--------|--------|--------|--------||||--------|--------|--------|--------|--------|----BBBB|--------|--------|BBBBBBBB|--------|--------|--------| set
CPU_SET_HEX_STR_SIZE: 257, Size of mstr: 257
cpu-bind=MASK - cn0914, task 35  3 [727850]: mask |--------|----BBBB|--------|--------|--------|--------|--------|--------|--------|--------|BBBBBBBB|--------||||--------|--------|--------|--------|--------|--------|--------|--------|--------|--------|--------|--------| set
CPU_SET_HEX_STR_SIZE: 257, Size of mstr: 257
cpu-bind=MASK - cn0907, task  2  2 [2338450]: mask |--------|BBBB----|--------|--------|--------|--------|BBBBBBBB|--------|--------|--------|--------|--------||||--------|--------|--------|--------|--------|--------|--------|--------|--------|--------|--------|--------| set
CPU_SET_HEX_STR_SIZE: 257, Size of mstr: 257
cpu-bind=MASK - cn0914, task 36  4 [727851]: mask |--------|--------|--------|--------|BBBBBBBB|--------|--------|BBBB----|--------|--------|--------|--------||||--------|--------|--------|--------|--------|--------|--------|--------|--------|--------|--------|--------| set
CPU_SET_HEX_STR_SIZE: 257, Size of mstr: 257
cpu-bind=MASK - cn0907, task  3  3 [2338451]: mask |--------|----BBBB|--------|--------|--------|--------|--------|--------|--------|--------|BBBBBBBB|--------||||--------|--------|--------|--------|--------|--------|--------|--------|--------|--------|--------|--------| set
CPU_SET_HEX_STR_SIZE: 257, Size of mstr: 257
cpu-bind=MASK - cn0914, task 37  5 [727852]: mask |--------|--------|BBBBBBBB|--------|--------|--------|--------|----BBBB|--------|--------|--------|--------||||--------|--------|--------|--------|--------|--------|--------|--------|--------|--------|--------|--------| set
CPU_SET_HEX_STR_SIZE: 257, Size of mstr: 257
cpu-bind=MASK - cn0907, task  4  4 [2338452]: mask |--------|--------|--------|--------|BBBBBBBB|--------|--------|BBBB----|--------|--------|--------|--------||||--------|--------|--------|--------|--------|--------|--------|--------|--------|--------|--------|--------| set
CPU_SET_HEX_STR_SIZE: 257, Size of mstr: 257
cpu-bind=MASK - cn0914, task 38  6 [727853]: mask |--------|--------|--------|--------|--------|BBBB----|--------|--------|--------|--------|--------|BBBBBBBB||||--------|--------|--------|--------|--------|--------|--------|--------|--------|--------|--------|--------| set
CPU_SET_HEX_STR_SIZE: 257, Size of mstr: 257
cpu-bind=MASK - cn0914, task 39  7 [727854]: mask |--------|--------|--------|--------|--------|----BBBB|--------|--------|BBBBBBBB|--------|--------|--------||||--------|--------|--------|--------|--------|--------|--------|--------|--------|--------|--------|--------| set
CPU_SET_HEX_STR_SIZE: 257, Size of mstr: 257
cpu-bind=MASK - cn0907, task  5  5 [2338453]: mask |--------|--------|BBBBBBBB|--------|--------|--------|--------|----BBBB|--------|--------|--------|--------||||--------|--------|--------|--------|--------|--------|--------|--------|--------|--------|--------|--------| set
CPU_SET_HEX_STR_SIZE: 257, Size of mstr: 257
cpu-bind=MASK - cn0914, task 40  8 [727855]: mask |--------|--------|--------|--------|--------|--------|--------|--------|--------|--------|--------|--------||||BBBBBBBB|--------|--------|--------|--------|--------|--------|--------|--------|BBBB----|--------|--------| set
CPU_SET_HEX_STR_SIZE: 257, Size of mstr: 257
cpu-bind=MASK - cn0909, task 16  0 [406945]: mask |BBBBBBBB|--------|--------|--------|--------|--------|--------|--------|--------|BBBB----|--------|--------||||--------|--------|--------|--------|--------|--------|--------|--------|--------|--------|--------|--------| set
CPU_SET_HEX_STR_SIZE: 257, Size of mstr: 257
cpu-bind=MASK - cn0914, task 41  9 [727856]: mask |--------|--------|--------|--------|--------|--------|--------|--------|--------|--------|--------|--------||||--------|--------|--------|BBBBBBBB|--------|--------|--------|--------|--------|----BBBB|--------|--------| set
CPU_SET_HEX_STR_SIZE: 257, Size of mstr: 257
cpu-bind=MASK - cn0907, task  6  6 [2338454]: mask |--------|--------|--------|--------|--------|BBBB----|--------|--------|--------|--------|--------|BBBBBBBB||||--------|--------|--------|--------|--------|--------|--------|--------|--------|--------|--------|--------| set
CPU_SET_HEX_STR_SIZE: 257, Size of mstr: 257
cpu-bind=MASK - cn0907, task  7  7 [2338455]: mask |--------|--------|--------|--------|--------|----BBBB|--------|--------|BBBBBBBB|--------|--------|--------||||--------|--------|--------|--------|--------|--------|--------|--------|--------|--------|--------|--------| set
CPU_SET_HEX_STR_SIZE: 257, Size of mstr: 257
cpu-bind=MASK - cn0914, task 42 10 [727857]: mask |--------|--------|--------|--------|--------|--------|--------|--------|--------|--------|--------|--------||||--------|BBBB----|--------|--------|--------|--------|BBBBBBBB|--------|--------|--------|--------|--------| set
CPU_SET_HEX_STR_SIZE: 257, Size of mstr: 257
cpu-bind=MASK - cn0909, task 17  1 [406946]: mask |--------|--------|--------|BBBBBBBB|--------|--------|--------|--------|--------|----BBBB|--------|--------||||--------|--------|--------|--------|--------|--------|--------|--------|--------|--------|--------|--------| set
CPU_SET_HEX_STR_SIZE: 257, Size of mstr: 257
cpu-bind=MASK - cn0914, task 43 11 [727858]: mask |--------|--------|--------|--------|--------|--------|--------|--------|--------|--------|--------|--------||||--------|----BBBB|--------|--------|--------|--------|--------|--------|--------|--------|BBBBBBBB|--------| set
CPU_SET_HEX_STR_SIZE: 257, Size of mstr: 257
cpu-bind=MASK - cn0907, task  8  8 [2338456]: mask |--------|--------|--------|--------|--------|--------|--------|--------|--------|--------|--------|--------||||BBBBBBBB|--------|--------|--------|--------|--------|--------|--------|--------|BBBB----|--------|--------| set
CPU_SET_HEX_STR_SIZE: 257, Size of mstr: 257
cpu-bind=MASK - cn0909, task 18  2 [406947]: mask |--------|BBBB----|--------|--------|--------|--------|BBBBBBBB|--------|--------|--------|--------|--------||||--------|--------|--------|--------|--------|--------|--------|--------|--------|--------|--------|--------| set
CPU_SET_HEX_STR_SIZE: 257, Size of mstr: 257
cpu-bind=MASK - cn0914, task 44 12 [727859]: mask |--------|--------|--------|--------|--------|--------|--------|--------|--------|--------|--------|--------||||--------|--------|--------|--------|BBBBBBBB|--------|--------|BBBB----|--------|--------|--------|--------| set
CPU_SET_HEX_STR_SIZE: 257, Size of mstr: 257
cpu-bind=MASK - cn0907, task  9  9 [2338457]: mask |--------|--------|--------|--------|--------|--------|--------|--------|--------|--------|--------|--------||||--------|--------|--------|BBBBBBBB|--------|--------|--------|--------|--------|----BBBB|--------|--------| set
CPU_SET_HEX_STR_SIZE: 257, Size of mstr: 257
cpu-bind=MASK - cn0909, task 19  3 [406948]: mask |--------|----BBBB|--------|--------|--------|--------|--------|--------|--------|--------|BBBBBBBB|--------||||--------|--------|--------|--------|--------|--------|--------|--------|--------|--------|--------|--------| set
CPU_SET_HEX_STR_SIZE: 257, Size of mstr: 257
cpu-bind=MASK - cn0914, task 45 13 [727860]: mask |--------|--------|--------|--------|--------|--------|--------|--------|--------|--------|--------|--------||||--------|--------|BBBBBBBB|--------|--------|--------|--------|----BBBB|--------|--------|--------|--------| set
CPU_SET_HEX_STR_SIZE: 257, Size of mstr: 257
cpu-bind=MASK - cn0907, task 10 10 [2338458]: mask |--------|--------|--------|--------|--------|--------|--------|--------|--------|--------|--------|--------||||--------|BBBB----|--------|--------|--------|--------|BBBBBBBB|--------|--------|--------|--------|--------| set
CPU_SET_HEX_STR_SIZE: 257, Size of mstr: 257
cpu-bind=MASK - cn0914, task 46 14 [727861]: mask |--------|--------|--------|--------|--------|--------|--------|--------|--------|--------|--------|--------||||--------|--------|--------|--------|--------|BBBB----|--------|--------|--------|--------|--------|BBBBBBBB| set
CPU_SET_HEX_STR_SIZE: 257, Size of mstr: 257
cpu-bind=MASK - cn0909, task 20  4 [406949]: mask |--------|--------|--------|--------|BBBBBBBB|--------|--------|BBBB----|--------|--------|--------|--------||||--------|--------|--------|--------|--------|--------|--------|--------|--------|--------|--------|--------| set
CPU_SET_HEX_STR_SIZE: 257, Size of mstr: 257
cpu-bind=MASK - cn0907, task 11 11 [2338459]: mask |--------|--------|--------|--------|--------|--------|--------|--------|--------|--------|--------|--------||||--------|----BBBB|--------|--------|--------|--------|--------|--------|--------|--------|BBBBBBBB|--------| set
CPU_SET_HEX_STR_SIZE: 257, Size of mstr: 257
cpu-bind=MASK - cn0907, task 12 12 [2338460]: mask |--------|--------|--------|--------|--------|--------|--------|--------|--------|--------|--------|--------||||--------|--------|--------|--------|BBBBBBBB|--------|--------|BBBB----|--------|--------|--------|--------| set
CPU_SET_HEX_STR_SIZE: 257, Size of mstr: 257
cpu-bind=MASK - cn0909, task 21  5 [406950]: mask |--------|--------|BBBBBBBB|--------|--------|--------|--------|----BBBB|--------|--------|--------|--------||||--------|--------|--------|--------|--------|--------|--------|--------|--------|--------|--------|--------| set
CPU_SET_HEX_STR_SIZE: 257, Size of mstr: 257
cpu-bind=MASK - cn0907, task 13 13 [2338461]: mask |--------|--------|--------|--------|--------|--------|--------|--------|--------|--------|--------|--------||||--------|--------|BBBBBBBB|--------|--------|--------|--------|----BBBB|--------|--------|--------|--------| set
CPU_SET_HEX_STR_SIZE: 257, Size of mstr: 257
cpu-bind=MASK - cn0909, task 22  6 [406951]: mask |--------|--------|--------|--------|--------|BBBB----|--------|--------|--------|--------|--------|BBBBBBBB||||--------|--------|--------|--------|--------|--------|--------|--------|--------|--------|--------|--------| set
CPU_SET_HEX_STR_SIZE: 257, Size of mstr: 257
cpu-bind=MASK - cn0907, task 14 14 [2338462]: mask |--------|--------|--------|--------|--------|--------|--------|--------|--------|--------|--------|--------||||--------|--------|--------|--------|--------|BBBB----|--------|--------|--------|--------|--------|BBBBBBBB| set
CPU_SET_HEX_STR_SIZE: 257, Size of mstr: 257
cpu-bind=MASK - cn0909, task 23  7 [406952]: mask |--------|--------|--------|--------|--------|----BBBB|--------|--------|BBBBBBBB|--------|--------|--------||||--------|--------|--------|--------|--------|--------|--------|--------|--------|--------|--------|--------| set
CPU_SET_HEX_STR_SIZE: 257, Size of mstr: 257
cpu-bind=MASK - cn0909, task 24  8 [406953]: mask |--------|--------|--------|--------|--------|--------|--------|--------|--------|--------|--------|--------||||BBBBBBBB|--------|--------|--------|--------|--------|--------|--------|--------|BBBB----|--------|--------| set
CPU_SET_HEX_STR_SIZE: 257, Size of mstr: 257
cpu-bind=MASK - cn0914, task 47 15 [727862]: mask |--------|--------|--------|--------|--------|--------|--------|--------|--------|--------|--------|--------||||--------|--------|--------|--------|--------|----BBBB|--------|--------|BBBBBBBB|--------|--------|--------| set
CPU_SET_HEX_STR_SIZE: 257, Size of mstr: 257
cpu-bind=MASK - cn0909, task 25  9 [406954]: mask |--------|--------|--------|--------|--------|--------|--------|--------|--------|--------|--------|--------||||--------|--------|--------|BBBBBBBB|--------|--------|--------|--------|--------|----BBBB|--------|--------| set
CPU_SET_HEX_STR_SIZE: 257, Size of mstr: 257
cpu-bind=MASK - cn0909, task 26 10 [406955]: mask |--------|--------|--------|--------|--------|--------|--------|--------|--------|--------|--------|--------||||--------|BBBB----|--------|--------|--------|--------|BBBBBBBB|--------|--------|--------|--------|--------| set
CPU_SET_HEX_STR_SIZE: 257, Size of mstr: 257
cpu-bind=MASK - cn0909, task 27 11 [406956]: mask |--------|--------|--------|--------|--------|--------|--------|--------|--------|--------|--------|--------||||--------|----BBBB|--------|--------|--------|--------|--------|--------|--------|--------|BBBBBBBB|--------| set
CPU_SET_HEX_STR_SIZE: 257, Size of mstr: 257
cpu-bind=MASK - cn0909, task 28 12 [406957]: mask |--------|--------|--------|--------|--------|--------|--------|--------|--------|--------|--------|--------||||--------|--------|--------|--------|BBBBBBBB|--------|--------|BBBB----|--------|--------|--------|--------| set
CPU_SET_HEX_STR_SIZE: 257, Size of mstr: 257
cpu-bind=MASK - cn0907, task 15 15 [2338463]: mask |--------|--------|--------|--------|--------|--------|--------|--------|--------|--------|--------|--------||||--------|--------|--------|--------|--------|----BBBB|--------|--------|BBBBBBBB|--------|--------|--------| set
CPU_SET_HEX_STR_SIZE: 257, Size of mstr: 257
cpu-bind=MASK - cn0909, task 29 13 [406958]: mask |--------|--------|--------|--------|--------|--------|--------|--------|--------|--------|--------|--------||||--------|--------|BBBBBBBB|--------|--------|--------|--------|----BBBB|--------|--------|--------|--------| set
CPU_SET_HEX_STR_SIZE: 257, Size of mstr: 257
cpu-bind=MASK - cn0909, task 30 14 [406959]: mask |--------|--------|--------|--------|--------|--------|--------|--------|--------|--------|--------|--------||||--------|--------|--------|--------|--------|BBBB----|--------|--------|--------|--------|--------|BBBBBBBB| set
CPU_SET_HEX_STR_SIZE: 257, Size of mstr: 257
cpu-bind=MASK - cn0909, task 31 15 [406960]: mask |--------|--------|--------|--------|--------|--------|--------|--------|--------|--------|--------|--------||||--------|--------|--------|--------|--------|----BBBB|--------|--------|BBBBBBBB|--------|--------|--------| set
 DBCSR| CPU Multiplication driver                                           XSMM (U)
 DBCSR| Multrec recursion limit                                              512 (U)
 DBCSR| Multiplication stack size                                           1000 (D)
 DBCSR| Maximum elements for images                                    UNLIMITED (U)
 DBCSR| Multiplicative factor virtual images                                   1 (U)
 DBCSR| Use multiplication densification                                       T (D)
 DBCSR| Multiplication size stacks                                             3 (U)
 DBCSR| Use memory pool for CPU allocation                                     F (U)
 DBCSR| Number of 3D layers                                               SINGLE (U)
 DBCSR| Use MPI memory allocation                                              F (U)
 DBCSR| Use RMA algorithm                                                      F (U)
 DBCSR| Use Communication thread                                               T (U)
 DBCSR| Communication thread load                                             45 (D)
 DBCSR| MPI: My process id                                                     0
 DBCSR| MPI: Number of processes                                              64
 DBCSR| OMP: Current number of threads                                        12
 DBCSR| OMP: Max number of threads                                            12
 DBCSR| Split modifier for TAS multiplication algorithm                  1.0E+00 (U)


  **** **** ******  **  PROGRAM STARTED AT               2026-09-30 14:51:33.729
 ***** ** ***  *** **   PROGRAM STARTED ON                                cn0907
 **    ****   ******    PROGRAM STARTED BY                              metdyn07
 ***** **    ** ** **   PROGRAM PROCESS ID                               2338448
  **** **  *******  **  PROGRAM STARTED IN /scratch/hpc-prf-metdyn/metdyn07_Rita
                                           j/project-max-rtbse/g0w0_rtbse_compar
                                           ison_tuned/16/conv_new_30_09/ao_6

 CP2K| version string:                 CP2K version 2026.2 (Development Version)
 CP2K| source code revision number:                                   0005d2399e
 CP2K| cp2kflags: omp libint fftw3 libxc elpa parallel scalapack mpi_f08 cosma l
 CP2K|            ibxs libxsmm plumed2 spglib openblas sirius libvori libbqb lib
 CP2K|            bvdwxc hdf5 greenx
 CP2K| is freely available from                            https://www.cp2k.org/
 CP2K| Program compiled at                                   2026-09-14 14:10:14
 CP2K| Program compiled on                                                login4
 CP2K| Program compiled for                                               x86_64
 CP2K| Data directory path    /pc2/groups/hpc-prf-metdyn/metdyn07_Ritaj/implemen
 CP2K| Input file name                                                 input.inp

 GLOBAL| Force Environment number                                              1
 GLOBAL| Basis set file name             BASIS_GTH_MOLOPT_AUG_for_excited_states
 GLOBAL| Potential file name                                      GTH_POTENTIALS
 GLOBAL| MM Potential file name                                     MM_POTENTIAL
 GLOBAL| Coordinate file name                                          struc.xyz
 GLOBAL| Method name                                                        CP2K
 GLOBAL| Project name                                                      rec_4
 GLOBAL| Run type                                                 RT_PROPAGATION
 GLOBAL| FFT library                                                       FFTW3
 GLOBAL| Diagonalization library                                            ELPA
 GLOBAL| Cholesky decomposition library                                ScaLAPACK
 GLOBAL| DGEMM library                                                      BLAS
 GLOBAL| Minimum number of eigenvectors for ELPA usage                        64
 GLOBAL| Orthonormality check for eigenvectors                          DISABLED
 GLOBAL| Matrix multiplication library                                     COSMA
 GLOBAL| All-to-all communication in single precision                          F
 GLOBAL| Grid backend                                                       AUTO
 GLOBAL| Global print level                                               MEDIUM
 GLOBAL| MPI I/O enabled                                                       T
 GLOBAL| Total number of message passing processes                            64
 GLOBAL| Number of distributed systems (nodes)                                 4
 GLOBAL| Number of threads for this process                                   12
 GLOBAL| This output is from process                                           0
 GLOBAL| OpenMP stack size per thread (OMP_STACKSIZE)                    default
 GLOBAL| CPU model name                          AMD EPYC 9655 96-Core Processor
 GLOBAL| CPUID                                                              1003
 GLOBAL| Compiled for CPUID                                                    0

 *** HINT in environment.F:968 :: The compiler target (generic) used to ***
 *** build this binary does not enable all instruction-set extensions   ***
 *** available on this CPU (x86_avx512). Consider reconfiguring and     ***
 *** rebuilding CP2K for this target system to enable them.             ***


 MEMORY| system memory details [Kb]
 MEMORY|                        rank 0           min           max       average
 MEMORY| MemTotal            791033964     791033964     791034040     791033994
 MEMORY| MemFree             746346452     746346452     758039660     753516353
 MEMORY| Buffers                  1072             0          2140          1071
 MEMORY| Cached               13832304       5489652      13832304       8647671
 MEMORY| Slab                  3017868       2170684       3017868       2641380
 MEMORY| SReclaimable          1391256        712732       1391256       1060204
 MEMORY| MemLikelyFree       761571084     761571084     764242044     763225299


 *** Fundamental physical constants (SI units) ***

 *** Literature: B. J. Mohr and B. N. Taylor,
 ***             CODATA recommended values of the fundamental physical
 ***             constants: 2006, Web Version 5.1
 ***             http://physics.nist.gov/constants

 Speed of light in vacuum [m/s]                             2.99792458000000E+08
 Magnetic constant or permeability of vacuum [N/A**2]       1.25663706143592E-06
 Electric constant or permittivity of vacuum [F/m]          8.85418781762039E-12
 Planck constant (h) [J*s]                                  6.62606896000000E-34
 Planck constant (h-bar) [J*s]                              1.05457162825177E-34
 Elementary charge [C]                                      1.60217648700000E-19
 Electron mass [kg]                                         9.10938215000000E-31
 Electron g factor [ ]                                     -2.00231930436220E+00
 Proton mass [kg]                                           1.67262163700000E-27
 Fine-structure constant                                    7.29735253760000E-03
 Rydberg constant [1/m]                                     1.09737315685270E+07
 Avogadro constant [1/mol]                                  6.02214179000000E+23
 Boltzmann constant [J/K]                                   1.38065040000000E-23
 Atomic mass unit [kg]                                      1.66053878200000E-27
 Bohr radius [m]                                            5.29177208590000E-11

 *** Conversion factors ***

 [u] -> [a.u.]                                              1.82288848426455E+03
 [Angstrom] -> [Bohr] = [a.u.]                              1.88972613288564E+00
 [a.u.] = [Bohr] -> [Angstrom]                              5.29177208590000E-01
 [a.u.] -> [s]                                              2.41888432650478E-17
 [a.u.] -> [fs]                                             2.41888432650478E-02
 [a.u.] -> [J]                                              4.35974393937059E-18
 [a.u.] -> [N]                                              8.23872205491840E-08
 [a.u.] -> [K]                                              3.15774647902944E+05
 [a.u.] -> [kJ/mol]                                         2.62549961709828E+03
 [a.u.] -> [kcal/mol]                                       6.27509468713739E+02
 [a.u.] -> [Pa]                                             2.94210107994716E+13
 [a.u.] -> [bar]                                            2.94210107994716E+08
 [a.u.] -> [atm]                                            2.90362800883016E+08
 [a.u.] -> [eV]                                             2.72113838565563E+01
 [a.u.] -> [Hz]                                             6.57968392072181E+15
 [a.u.] -> [1/cm] (wave numbers)                            2.19474631370540E+05
 [a.u./Bohr**2] -> [1/cm]                                   5.14048714338585E+03
 

 CELL| Volume [angstrom^3]:                                         17503.266165
 CELL| Vector a [angstrom]:      19.190     0.000     0.000   |a| =    19.190000
 CELL| Vector b [angstrom]:       0.000    78.970     0.000   |b| =    78.970000
 CELL| Vector c [angstrom]:       0.000     0.000    11.550   |c| =    11.550000
 CELL| Angle (b,c), alpha [degree]:                                    90.000000
 CELL| Angle (a,c), beta  [degree]:                                    90.000000
 CELL| Angle (a,b), gamma [degree]:                                    90.000000
 CELL| Numerically orthorhombic:                                             YES
 CELL| Periodicity                                                          NONE

 CELL_REF| Volume [angstrom^3]:                                     17503.266165
 CELL_REF| Vector a [angstrom    19.190     0.000     0.000   |a| =    19.190000
 CELL_REF| Vector b [angstrom     0.000    78.970     0.000   |b| =    78.970000
 CELL_REF| Vector c [angstrom     0.000     0.000    11.550   |c| =    11.550000
 CELL_REF| Angle (b,c), alpha [degree]:                                90.000000
 CELL_REF| Angle (a,c), beta  [degree]:                                90.000000
 CELL_REF| Angle (a,b), gamma [degree]:                                90.000000
 CELL_REF| Numerically orthorhombic:                                         YES
 CELL_REF| Periodicity                                                      NONE

 GENERATE|  Preliminary Number of Bonds generated:                             0
 GENERATE|  Achieved consistency in connectivity generation.

 *******************************************************************************
 *******************************************************************************
 **                                                                           **
 **     #####                         ##              ##                      **
 **    ##   ##            ##          ##              ##                      **
 **   ##     ##                       ##            ######                    **
 **   ##     ##  ##   ##  ##   #####  ##  ##   ####   ##    #####    #####    **
 **   ##     ##  ##   ##  ##  ##      ## ##   ##      ##   ##   ##  ##   ##   **
 **   ##  ## ##  ##   ##  ##  ##      ####     ###    ##   ######   ######    **
 **    ##  ###   ##   ##  ##  ##      ## ##      ##   ##   ##       ##        **
 **     #######   #####   ##   #####  ##  ##  ####    ##    #####   ##        **
 **           ##                                                    ##        **
 **                                                                           **
 **                                                ... make the atoms dance   **
 **                                                                           **
 **            Copyright (C) by CP2K developers group (2000-2026)             **
 **                      J. Chem. Phys. 152, 194103 (2020)                    **
 **                                                                           **
 *******************************************************************************

 DFT| Spin restricted Kohn-Sham (RKS) calculation                            RKS
 DFT| Multiplicity                                                             1
 DFT| Number of spin states                                                    1
 DFT| Charge                                                                   0
 DFT| Self-interaction correction (SIC)                                       NO
 DFT| Cutoffs: density                                              1.000000E-10
 DFT|          gradient                                             1.000000E-10
 DFT|          tau                                                  1.000000E-10
 DFT|          cutoff_smoothing_range                               0.000000E+00
 DFT| XC density smoothing                                                  NONE
 DFT| XC derivatives                                                          PW

 FUNCTIONAL| PBE:
 FUNCTIONAL| J.P.Perdew, K.Burke, M.Ernzerhof, Phys. Rev. Letter, vol. 77, n 18,
 FUNCTIONAL|  pp. 3865-3868, (1996) {spin unpolarized}                          


 QS| Method:                                                                 GPW
 QS| Density plane wave grid type                        NON-SPHERICAL FULLSPACE
 QS| Number of grid levels:                                                    4
 QS| Density cutoff [a.u.]:                                                300.0
 QS| Multi grid cutoff [a.u.]: 1) grid level                               300.0
 QS|                           2) grid level                               100.0
 QS|                           3) grid level                                33.3
 QS|                           4) grid level                                11.1
 QS| Grid level progression factor:                                          3.0
 QS| Relative density cutoff [a.u.]:                                        30.0
 QS| Interaction thresholds: eps_pgf_orb:                                3.2E-08
 QS|                         eps_filter_matrix:                          0.0E+00
 QS|                         eps_core_charge:                            1.0E-17
 QS|                         eps_rho_gspace:                             1.0E-15
 QS|                         eps_rho_rspace:                             1.0E-15
 QS|                         eps_gvg_rspace:                             3.2E-08
 QS|                         eps_ppl:                                    1.0E-02
 QS|                         eps_ppnl:                                   3.2E-10


 ATOMIC KIND INFORMATION

  1. Atomic kind: H                                     Number of atoms:      72

     Orbital Basis Set                                 aug-SZV-MOLOPT-GTH-tier-2

       Number of orbital shell sets:                                           1
       Number of orbital shells:                                               4
       Number of primitive Cartesian functions:                                7
       Number of Cartesian basis functions:                                    6
       Number of spherical basis functions:                                    6
       Norm type:                                                              2

       Normalised Cartesian orbitals:

                        Set   Shell   Orbital            Exponent    Coefficient

                          1       1    2s                0.050000       0.000000
                                                         0.082193      -0.014019
                                                         0.239116      -0.107525
                                                         0.450000       0.000000
                                                         0.791502      -0.258419
                                                         2.680223      -0.177618
                                                        10.068468      -0.133023

                          1       2    3s                0.050000       0.064974
                                                         0.082193       0.029198
                                                         0.239116      -0.007574
                                                         0.450000      -0.090795
                                                         0.791502      -0.025739
                                                         2.680223       0.000002
                                                        10.068468       0.000000

                          1       3    4s                0.050000      -0.067626
                                                         0.082193       0.244167
                                                         0.239116      -0.094768
                                                         0.450000      -0.043967
                                                         0.791502      -0.043572
                                                         2.680223      -0.153771
                                                        10.068468       0.000000

                          1       4    3px               0.050000       0.038628
                                                         0.082193      -0.015554
                                                         0.239116       0.034455
                                                         0.450000       0.013474
                                                         0.791502      -0.005076
                                                         2.680223       0.028739
                                                        10.068468       0.000000
                          1       4    3py               0.050000       0.038628
                                                         0.082193      -0.015554
                                                         0.239116       0.034455
                                                         0.450000       0.013474
                                                         0.791502      -0.005076
                                                         2.680223       0.028739
                                                        10.068468       0.000000
                          1       4    3pz               0.050000       0.038628
                                                         0.082193      -0.015554
                                                         0.239116       0.034455
                                                         0.450000       0.013474
                                                         0.791502      -0.005076
                                                         2.680223       0.028739
                                                        10.068468       0.000000

     RI Auxiliary Basis Set             RI_aug-SZV-MOLOPT-GTH-tier-2_N_RI_005_s_

       Number of orbital shell sets:                                           3
       Number of orbital shells:                                               3
       Number of primitive Cartesian functions:                                3
       Number of Cartesian basis functions:                                    5
       Number of spherical basis functions:                                    5
       Norm type:                                                              2

       Normalised Cartesian orbitals:

                        Set   Shell   Orbital            Exponent    Coefficient

                          1       1    1s                0.184491       0.200628

                          2       1    2s                3.030559       1.637013

                          3       1    3px               0.610174       0.768701
                          3       1    3py               0.610174       0.768701
                          3       1    3pz               0.610174       0.768701

       Atomic covalent radius [Angstrom]:                                  0.320

       Atomic van der Waals radius [Angstrom]:                             1.090

     GTH Potential information for                                    GTH-PBE-q1

       Description:                       Goedecker-Teter-Hutter pseudopotential
                                           Goedecker et al., PRB 54, 1703 (1996)
                                          Hartwigsen et al., PRB 58, 3641 (1998)
                                                      Krack, TCA 114, 145 (2005)

       Gaussian exponent of the core charge distribution:              12.500000
       Electronic configuration (s p d ...):                                   1

       Parameters of the local part of the GTH pseudopotential:

                          rloc        C1          C2          C3          C4
                        0.200000   -4.178900    0.724463

  2. Atomic kind: C                                     Number of atoms:     224

     Orbital Basis Set                                 aug-SZV-MOLOPT-GTH-tier-2

       Number of orbital shell sets:                                           1
       Number of orbital shells:                                               5
       Number of primitive Cartesian functions:                                6
       Number of Cartesian basis functions:                                   14
       Number of spherical basis functions:                                   13
       Norm type:                                                              2

       Normalised Cartesian orbitals:

                        Set   Shell   Orbital            Exponent    Coefficient

                          1       1    2s                0.070000       0.000000
                                                         0.128212      -0.022789
                                                         0.348157      -0.219794
                                                         0.769911      -0.209686
                                                         2.113016       0.213043
                                                         5.605331       0.322515

                          1       2    3s                0.070000       0.133509
                                                         0.128212      -0.041206
                                                         0.348157      -0.081784
                                                         0.769911      -0.003005
                                                         2.113016       0.000000
                                                         5.605331       0.000000

                          1       3    3px               0.070000       0.000000
                                                         0.128212      -0.027849
                                                         0.348157      -0.139743
                                                         0.769911      -0.374851
                                                         2.113016      -0.642521
                                                         5.605331      -0.703879
                          1       3    3py               0.070000       0.000000
                                                         0.128212      -0.027849
                                                         0.348157      -0.139743
                                                         0.769911      -0.374851
                                                         2.113016      -0.642521
                                                         5.605331      -0.703879
                          1       3    3pz               0.070000       0.000000
                                                         0.128212      -0.027849
                                                         0.348157      -0.139743
                                                         0.769911      -0.374851
                                                         2.113016      -0.642521
                                                         5.605331      -0.703879

                          1       4    4px               0.070000       0.033242
                                                         0.128212       0.023307
                                                         0.348157       0.113522
                                                         0.769911      -0.094955
                                                         2.113016       0.000000
                                                         5.605331       0.000000
                          1       4    4py               0.070000       0.033242
                                                         0.128212       0.023307
                                                         0.348157       0.113522
                                                         0.769911      -0.094955
                                                         2.113016       0.000000
                                                         5.605331       0.000000
                          1       4    4pz               0.070000       0.033242
                                                         0.128212       0.023307
                                                         0.348157       0.113522
                                                         0.769911      -0.094955
                                                         2.113016       0.000000
                                                         5.605331       0.000000

                          1       5    4dx2              0.070000      -0.000111
                                                         0.128212       0.037828
                                                         0.348157       0.043639
                                                         0.769911       0.120124
                                                         2.113016       0.000000
                                                         5.605331       0.000000
                          1       5    4dxy              0.070000      -0.000193
                                                         0.128212       0.065520
                                                         0.348157       0.075585
                                                         0.769911       0.208061
                                                         2.113016       0.000000
                                                         5.605331       0.000000
                          1       5    4dxz              0.070000      -0.000193
                                                         0.128212       0.065520
                                                         0.348157       0.075585
                                                         0.769911       0.208061
                                                         2.113016       0.000000
                                                         5.605331       0.000000
                          1       5    4dy2              0.070000      -0.000111
                                                         0.128212       0.037828
                                                         0.348157       0.043639
                                                         0.769911       0.120124
                                                         2.113016       0.000000
                                                         5.605331       0.000000
                          1       5    4dyz              0.070000      -0.000193
                                                         0.128212       0.065520
                                                         0.348157       0.075585
                                                         0.769911       0.208061
                                                         2.113016       0.000000
                                                         5.605331       0.000000
                          1       5    4dz2              0.070000      -0.000111
                                                         0.128212       0.037828
                                                         0.348157       0.043639
                                                         0.769911       0.120124
                                                         2.113016       0.000000
                                                         5.605331       0.000000

     RI Auxiliary Basis Set             RI_aug-SZV-MOLOPT-GTH-tier-2_N_RI_030_s_

       Number of orbital shell sets:                                          10
       Number of orbital shells:                                              10
       Number of primitive Cartesian functions:                               10
       Number of Cartesian basis functions:                                   35
       Number of spherical basis functions:                                   30
       Norm type:                                                              2

       Normalised Cartesian orbitals:

                        Set   Shell   Orbital            Exponent    Coefficient

                          1       1    1s                0.191848       0.206599

                          2       1    2s                0.736300       0.566502

                          3       1    3s                2.917592       1.591031

                          4       1    4s                9.448168       3.840792

                          5       1    5px               0.281885       0.292772
                          5       1    5py               0.281885       0.292772
                          5       1    5pz               0.281885       0.292772

                          6       1    6px               0.984576       1.397983
                          6       1    6py               0.984576       1.397983
                          6       1    6pz               0.984576       1.397983

                          7       1    7px               2.475409       4.425871
                          7       1    7py               2.475409       4.425871
                          7       1    7pz               2.475409       4.425871

                          8       1    8dx2              0.347629       0.259037
                          8       1    8dxy              0.347629       0.448666
                          8       1    8dxz              0.347629       0.448666
                          8       1    8dy2              0.347629       0.259037
                          8       1    8dyz              0.347629       0.448666
                          8       1    8dz2              0.347629       0.259037

                          9       1    9dx2              1.822216       4.703911
                          9       1    9dxy              1.822216       8.147414
                          9       1    9dxz              1.822216       8.147414
                          9       1    9dy2              1.822216       4.703911
                          9       1    9dyz              1.822216       8.147414
                          9       1    9dz2              1.822216       4.703911

                         10       1   10fx3              0.497967       0.306659
                         10       1   10fx2y             0.497967       0.685710
                         10       1   10fx2z             0.497967       0.685710
                         10       1   10fxy2             0.497967       0.685710
                         10       1   10fxyz             0.497967       1.187685
                         10       1   10fxz2             0.497967       0.685710
                         10       1   10fy3              0.497967       0.306659
                         10       1   10fy2z             0.497967       0.685710
                         10       1   10fyz2             0.497967       0.685710
                         10       1   10fz3              0.497967       0.306659

       Atomic covalent radius [Angstrom]:                                  0.770

       Atomic van der Waals radius [Angstrom]:                             1.700

     GTH Potential information for                                    GTH-PBE-q4

       Description:                       Goedecker-Teter-Hutter pseudopotential
                                           Goedecker et al., PRB 54, 1703 (1996)
                                          Hartwigsen et al., PRB 58, 3641 (1998)
                                                      Krack, TCA 114, 145 (2005)

       Gaussian exponent of the core charge distribution:               4.364419
       Electronic configuration (s p d ...):                               2   2

       Parameters of the local part of the GTH pseudopotential:

                          rloc        C1          C2          C3          C4
                        0.338471   -8.803674    1.339211

       Parameters of the non-local part of the GTH pseudopotential:

                   l      r(l)      h(i,j,l)

                   0    0.302576    9.622487
                   1    0.291507


 MOLECULE KIND INFORMATION


 All atoms are their own molecule, skipping detailed information


 TOTAL NUMBERS AND MAXIMUM NUMBERS

  Total number of            - Atomic kinds:                                   2
                             - Atoms:                                        296
                             - Shell sets:                                   296
                             - Shells:                                      1408
                             - Primitive Cartesian functions:               1848
                             - Cartesian basis functions:                   3568
                             - Spherical basis functions:                   3344

  Maximum angular momentum of- Orbital basis functions:                        2
                             - Local part of the GTH pseudopotential:          2
                             - Non-local part of the GTH pseudopotential:      0


 MODULE QUICKSTEP: ATOMIC COORDINATES IN ANGSTROM

   Atom Kind Element         X             Y             Z       Z(eff)     Mass
      1    1 H     1     12.035671      4.997654      5.775000   1.0000   1.0079
      2    1 H     1      7.154329      4.997654      5.775000   1.0000   1.0079
      3    1 H     1      9.595000      5.308900      5.001956   1.0000   1.0079
      4    1 H     1      9.595000      5.308900      6.548044   1.0000   1.0079
      5    2 C     6      9.595000      6.081944      5.775000   4.0000  12.0107
      6    2 C     6     12.035671      6.090904      5.775000   4.0000  12.0107
      7    2 C     6      7.154329      6.090904      5.775000   4.0000  12.0107
      8    1 H     1      4.998191      6.305607      5.775000   1.0000   1.0079
      9    1 H     1     14.191809      6.305607      5.775000   1.0000   1.0079
     10    2 C     6     10.818523      6.795129      5.775000   4.0000  12.0107
     11    2 C     6      8.371477      6.795129      5.775000   4.0000  12.0107
     12    2 C     6     13.230017      6.825375      5.775000   4.0000  12.0107
     13    2 C     6      5.959983      6.825375      5.775000   4.0000  12.0107
     14    2 C     6     13.230017      8.183729      5.775000   4.0000  12.0107
     15    2 C     6      5.959983      8.183729      5.775000   4.0000  12.0107
     16    2 C     6      8.371477      8.213974      5.775000   4.0000  12.0107
     17    2 C     6     10.818523      8.213974      5.775000   4.0000  12.0107
     18    1 H     1      4.998191      8.703496      5.775000   1.0000   1.0079
     19    1 H     1     14.191809      8.703496      5.775000   1.0000   1.0079
     20    2 C     6     12.035671      8.918199      5.775000   4.0000  12.0107
     21    2 C     6      7.154329      8.918199      5.775000   4.0000  12.0107
     22    2 C     6      9.595000      8.927159      5.775000   4.0000  12.0107
     23    2 C     6      9.595000     10.346004      5.775000   4.0000  12.0107
     24    2 C     6      7.154329     10.354964      5.775000   4.0000  12.0107
     25    2 C     6     12.035671     10.354964      5.775000   4.0000  12.0107
     26    1 H     1     14.191809     10.569667      5.775000   1.0000   1.0079
     27    1 H     1      4.998191     10.569667      5.775000   1.0000   1.0079
     28    2 C     6     10.818523     11.059189      5.775000   4.0000  12.0107
     29    2 C     6      8.371477     11.059189      5.775000   4.0000  12.0107
     30    2 C     6      5.959983     11.089434      5.775000   4.0000  12.0107
     31    2 C     6     13.230017     11.089434      5.775000   4.0000  12.0107
     32    2 C     6     13.230017     12.447789      5.775000   4.0000  12.0107
     33    2 C     6      5.959983     12.447789      5.775000   4.0000  12.0107
     34    2 C     6      8.371477     12.478034      5.775000   4.0000  12.0107
     35    2 C     6     10.818523     12.478034      5.775000   4.0000  12.0107
     36    1 H     1      4.998191     12.967556      5.775000   1.0000   1.0079
     37    1 H     1     14.191809     12.967556      5.775000   1.0000   1.0079
     38    2 C     6     12.035671     13.182259      5.775000   4.0000  12.0107
     39    2 C     6      7.154329     13.182259      5.775000   4.0000  12.0107
     40    2 C     6      9.595000     13.191219      5.775000   4.0000  12.0107
     41    2 C     6      9.595000     14.610064      5.775000   4.0000  12.0107
     42    2 C     6      7.154329     14.619024      5.775000   4.0000  12.0107
     43    2 C     6     12.035671     14.619024      5.775000   4.0000  12.0107
     44    1 H     1     14.191809     14.833727      5.775000   1.0000   1.0079
     45    1 H     1      4.998191     14.833727      5.775000   1.0000   1.0079
     46    2 C     6     10.818523     15.323249      5.775000   4.0000  12.0107
     47    2 C     6      8.371477     15.323249      5.775000   4.0000  12.0107
     48    2 C     6      5.959983     15.353494      5.775000   4.0000  12.0107
     49    2 C     6     13.230017     15.353494      5.775000   4.0000  12.0107
     50    2 C     6     13.230017     16.711848      5.775000   4.0000  12.0107
     51    2 C     6      5.959983     16.711848      5.775000   4.0000  12.0107
     52    2 C     6     10.818523     16.742094      5.775000   4.0000  12.0107
     53    2 C     6      8.371477     16.742094      5.775000   4.0000  12.0107
     54    1 H     1     14.191809     17.231616      5.775000   1.0000   1.0079
     55    1 H     1      4.998191     17.231616      5.775000   1.0000   1.0079
     56    2 C     6     12.035671     17.446319      5.775000   4.0000  12.0107
     57    2 C     6      7.154329     17.446319      5.775000   4.0000  12.0107
     58    2 C     6      9.595000     17.455279      5.775000   4.0000  12.0107
     59    2 C     6      9.595000     18.874124      5.775000   4.0000  12.0107
     60    2 C     6      7.154329     18.883084      5.775000   4.0000  12.0107
     61    2 C     6     12.035671     18.883084      5.775000   4.0000  12.0107
     62    1 H     1      4.998191     19.097787      5.775000   1.0000   1.0079
     63    1 H     1     14.191809     19.097787      5.775000   1.0000   1.0079
     64    2 C     6     10.818523     19.587309      5.775000   4.0000  12.0107
     65    2 C     6      8.371477     19.587309      5.775000   4.0000  12.0107
     66    2 C     6     13.230017     19.617554      5.775000   4.0000  12.0107
     67    2 C     6      5.959983     19.617554      5.775000   4.0000  12.0107
     68    2 C     6      5.959983     20.975908      5.775000   4.0000  12.0107
     69    2 C     6     13.230017     20.975908      5.775000   4.0000  12.0107
     70    2 C     6      8.371477     21.006154      5.775000   4.0000  12.0107
     71    2 C     6     10.818523     21.006154      5.775000   4.0000  12.0107
     72    1 H     1      4.998191     21.495676      5.775000   1.0000   1.0079
     73    1 H     1     14.191809     21.495676      5.775000   1.0000   1.0079
     74    2 C     6     12.035671     21.710379      5.775000   4.0000  12.0107
     75    2 C     6      7.154329     21.710379      5.775000   4.0000  12.0107
     76    2 C     6      9.595000     21.719338      5.775000   4.0000  12.0107
     77    2 C     6      9.595000     23.138183      5.775000   4.0000  12.0107
     78    2 C     6     12.035671     23.147143      5.775000   4.0000  12.0107
     79    2 C     6      7.154329     23.147143      5.775000   4.0000  12.0107
     80    1 H     1      4.998191     23.361846      5.775000   1.0000   1.0079
     81    1 H     1     14.191809     23.361846      5.775000   1.0000   1.0079
     82    2 C     6     10.818523     23.851368      5.775000   4.0000  12.0107
     83    2 C     6      8.371477     23.851368      5.775000   4.0000  12.0107
     84    2 C     6      5.959983     23.881614      5.775000   4.0000  12.0107
     85    2 C     6     13.230017     23.881614      5.775000   4.0000  12.0107
     86    2 C     6     13.230017     25.239968      5.775000   4.0000  12.0107
     87    2 C     6      5.959983     25.239968      5.775000   4.0000  12.0107
     88    2 C     6      8.371477     25.270213      5.775000   4.0000  12.0107
     89    2 C     6     10.818523     25.270213      5.775000   4.0000  12.0107
     90    1 H     1      4.998191     25.759735      5.775000   1.0000   1.0079
     91    1 H     1     14.191809     25.759735      5.775000   1.0000   1.0079
     92    2 C     6      7.154329     25.974438      5.775000   4.0000  12.0107
     93    2 C     6     12.035671     25.974438      5.775000   4.0000  12.0107
     94    2 C     6      9.595000     25.983398      5.775000   4.0000  12.0107
     95    2 C     6      9.595000     27.402243      5.775000   4.0000  12.0107
     96    2 C     6      7.154329     27.411203      5.775000   4.0000  12.0107
     97    2 C     6     12.035671     27.411203      5.775000   4.0000  12.0107
     98    1 H     1     14.191809     27.625906      5.775000   1.0000   1.0079
     99    1 H     1      4.998191     27.625906      5.775000   1.0000   1.0079
    100    2 C     6     10.818523     28.115428      5.775000   4.0000  12.0107
    101    2 C     6      8.371477     28.115428      5.775000   4.0000  12.0107
    102    2 C     6      5.959983     28.145673      5.775000   4.0000  12.0107
    103    2 C     6     13.230017     28.145673      5.775000   4.0000  12.0107
    104    2 C     6     13.230017     29.504028      5.775000   4.0000  12.0107
    105    2 C     6      5.959983     29.504028      5.775000   4.0000  12.0107
    106    2 C     6      8.371477     29.534273      5.775000   4.0000  12.0107
    107    2 C     6     10.818523     29.534273      5.775000   4.0000  12.0107
    108    1 H     1      4.998191     30.023795      5.775000   1.0000   1.0079
    109    1 H     1     14.191809     30.023795      5.775000   1.0000   1.0079
    110    2 C     6      7.154329     30.238498      5.775000   4.0000  12.0107
    111    2 C     6     12.035671     30.238498      5.775000   4.0000  12.0107
    112    2 C     6      9.595000     30.247458      5.775000   4.0000  12.0107
    113    2 C     6      9.595000     31.666303      5.775000   4.0000  12.0107
    114    2 C     6      7.154329     31.675263      5.775000   4.0000  12.0107
    115    2 C     6     12.035671     31.675263      5.775000   4.0000  12.0107
    116    1 H     1      4.998191     31.889966      5.775000   1.0000   1.0079
    117    1 H     1     14.191809     31.889966      5.775000   1.0000   1.0079
    118    2 C     6      8.371477     32.379488      5.775000   4.0000  12.0107
    119    2 C     6     10.818523     32.379488      5.775000   4.0000  12.0107
    120    2 C     6     13.230017     32.409733      5.775000   4.0000  12.0107
    121    2 C     6      5.959983     32.409733      5.775000   4.0000  12.0107
    122    2 C     6     13.230017     33.768087      5.775000   4.0000  12.0107
    123    2 C     6      5.959983     33.768087      5.775000   4.0000  12.0107
    124    2 C     6     10.818523     33.798333      5.775000   4.0000  12.0107
    125    2 C     6      8.371477     33.798333      5.775000   4.0000  12.0107
    126    1 H     1     14.191809     34.287855      5.775000   1.0000   1.0079
    127    1 H     1      4.998191     34.287855      5.775000   1.0000   1.0079
    128    2 C     6      7.154329     34.502558      5.775000   4.0000  12.0107
    129    2 C     6     12.035671     34.502558      5.775000   4.0000  12.0107
    130    2 C     6      9.595000     34.511518      5.775000   4.0000  12.0107
    131    2 C     6      9.595000     35.930363      5.775000   4.0000  12.0107
    132    2 C     6     12.035671     35.939323      5.775000   4.0000  12.0107
    133    2 C     6      7.154329     35.939323      5.775000   4.0000  12.0107
    134    1 H     1      4.998191     36.154026      5.775000   1.0000   1.0079
    135    1 H     1     14.191809     36.154026      5.775000   1.0000   1.0079
    136    2 C     6      8.371477     36.643548      5.775000   4.0000  12.0107
    137    2 C     6     10.818523     36.643548      5.775000   4.0000  12.0107
    138    2 C     6      5.959983     36.673793      5.775000   4.0000  12.0107
    139    2 C     6     13.230017     36.673793      5.775000   4.0000  12.0107
    140    2 C     6     13.230017     38.032147      5.775000   4.0000  12.0107
    141    2 C     6      5.959983     38.032147      5.775000   4.0000  12.0107
    142    2 C     6      8.371477     38.062393      5.775000   4.0000  12.0107
    143    2 C     6     10.818523     38.062393      5.775000   4.0000  12.0107
    144    1 H     1     14.191809     38.551915      5.775000   1.0000   1.0079
    145    1 H     1      4.998191     38.551915      5.775000   1.0000   1.0079
    146    2 C     6     12.035671     38.766618      5.775000   4.0000  12.0107
    147    2 C     6      7.154329     38.766618      5.775000   4.0000  12.0107
    148    2 C     6      9.595000     38.775577      5.775000   4.0000  12.0107
    149    2 C     6      9.595000     40.194422      5.775000   4.0000  12.0107
    150    2 C     6     12.035671     40.203382      5.775000   4.0000  12.0107
    151    2 C     6      7.154329     40.203382      5.775000   4.0000  12.0107
    152    1 H     1     14.191809     40.418085      5.775000   1.0000   1.0079
    153    1 H     1      4.998191     40.418085      5.775000   1.0000   1.0079
    154    2 C     6      8.371477     40.907607      5.775000   4.0000  12.0107
    155    2 C     6     10.818523     40.907607      5.775000   4.0000  12.0107
    156    2 C     6     13.230017     40.937853      5.775000   4.0000  12.0107
    157    2 C     6      5.959983     40.937853      5.775000   4.0000  12.0107
    158    2 C     6     13.230017     42.296207      5.775000   4.0000  12.0107
    159    2 C     6      5.959983     42.296207      5.775000   4.0000  12.0107
    160    2 C     6     10.818523     42.326452      5.775000   4.0000  12.0107
    161    2 C     6      8.371477     42.326452      5.775000   4.0000  12.0107
    162    1 H     1      4.998191     42.815974      5.775000   1.0000   1.0079
    163    1 H     1     14.191809     42.815974      5.775000   1.0000   1.0079
    164    2 C     6     12.035671     43.030677      5.775000   4.0000  12.0107
    165    2 C     6      7.154329     43.030677      5.775000   4.0000  12.0107
    166    2 C     6      9.595000     43.039637      5.775000   4.0000  12.0107
    167    2 C     6      9.595000     44.458482      5.775000   4.0000  12.0107
    168    2 C     6      7.154329     44.467442      5.775000   4.0000  12.0107
    169    2 C     6     12.035671     44.467442      5.775000   4.0000  12.0107
    170    1 H     1     14.191809     44.682145      5.775000   1.0000   1.0079
    171    1 H     1      4.998191     44.682145      5.775000   1.0000   1.0079
    172    2 C     6     10.818523     45.171667      5.775000   4.0000  12.0107
    173    2 C     6      8.371477     45.171667      5.775000   4.0000  12.0107
    174    2 C     6     13.230017     45.201913      5.775000   4.0000  12.0107
    175    2 C     6      5.959983     45.201913      5.775000   4.0000  12.0107
    176    2 C     6     13.230017     46.560267      5.775000   4.0000  12.0107
    177    2 C     6      5.959983     46.560267      5.775000   4.0000  12.0107
    178    2 C     6      8.371477     46.590512      5.775000   4.0000  12.0107
    179    2 C     6     10.818523     46.590512      5.775000   4.0000  12.0107
    180    1 H     1      4.998191     47.080034      5.775000   1.0000   1.0079
    181    1 H     1     14.191809     47.080034      5.775000   1.0000   1.0079
    182    2 C     6     12.035671     47.294737      5.775000   4.0000  12.0107
    183    2 C     6      7.154329     47.294737      5.775000   4.0000  12.0107
    184    2 C     6      9.595000     47.303697      5.775000   4.0000  12.0107
    185    2 C     6      9.595000     48.722542      5.775000   4.0000  12.0107
    186    2 C     6      7.154329     48.731502      5.775000   4.0000  12.0107
    187    2 C     6     12.035671     48.731502      5.775000   4.0000  12.0107
    188    1 H     1     14.191809     48.946205      5.775000   1.0000   1.0079
    189    1 H     1      4.998191     48.946205      5.775000   1.0000   1.0079
    190    2 C     6     10.818523     49.435727      5.775000   4.0000  12.0107
    191    2 C     6      8.371477     49.435727      5.775000   4.0000  12.0107
    192    2 C     6      5.959983     49.465972      5.775000   4.0000  12.0107
    193    2 C     6     13.230017     49.465972      5.775000   4.0000  12.0107
    194    2 C     6     13.230017     50.824327      5.775000   4.0000  12.0107
    195    2 C     6      5.959983     50.824327      5.775000   4.0000  12.0107
    196    2 C     6     10.818523     50.854572      5.775000   4.0000  12.0107
    197    2 C     6      8.371477     50.854572      5.775000   4.0000  12.0107
    198    1 H     1     14.191809     51.344094      5.775000   1.0000   1.0079
    199    1 H     1      4.998191     51.344094      5.775000   1.0000   1.0079
    200    2 C     6      7.154329     51.558797      5.775000   4.0000  12.0107
    201    2 C     6     12.035671     51.558797      5.775000   4.0000  12.0107
    202    2 C     6      9.595000     51.567757      5.775000   4.0000  12.0107
    203    2 C     6      9.595000     52.986602      5.775000   4.0000  12.0107
    204    2 C     6     12.035671     52.995562      5.775000   4.0000  12.0107
    205    2 C     6      7.154329     52.995562      5.775000   4.0000  12.0107
    206    1 H     1      4.998191     53.210265      5.775000   1.0000   1.0079
    207    1 H     1     14.191809     53.210265      5.775000   1.0000   1.0079
    208    2 C     6     10.818523     53.699787      5.775000   4.0000  12.0107
    209    2 C     6      8.371477     53.699787      5.775000   4.0000  12.0107
    210    2 C     6     13.230017     53.730032      5.775000   4.0000  12.0107
    211    2 C     6      5.959983     53.730032      5.775000   4.0000  12.0107
    212    2 C     6     13.230017     55.088386      5.775000   4.0000  12.0107
    213    2 C     6      5.959983     55.088386      5.775000   4.0000  12.0107
    214    2 C     6     10.818523     55.118632      5.775000   4.0000  12.0107
    215    2 C     6      8.371477     55.118632      5.775000   4.0000  12.0107
    216    1 H     1      4.998191     55.608154      5.775000   1.0000   1.0079
    217    1 H     1     14.191809     55.608154      5.775000   1.0000   1.0079
    218    2 C     6      7.154329     55.822857      5.775000   4.0000  12.0107
    219    2 C     6     12.035671     55.822857      5.775000   4.0000  12.0107
    220    2 C     6      9.595000     55.831817      5.775000   4.0000  12.0107
    221    2 C     6      9.595000     57.250662      5.775000   4.0000  12.0107
    222    2 C     6      7.154329     57.259621      5.775000   4.0000  12.0107
    223    2 C     6     12.035671     57.259621      5.775000   4.0000  12.0107
    224    1 H     1      4.998191     57.474324      5.775000   1.0000   1.0079
    225    1 H     1     14.191809     57.474324      5.775000   1.0000   1.0079
    226    2 C     6      8.371477     57.963846      5.775000   4.0000  12.0107
    227    2 C     6     10.818523     57.963846      5.775000   4.0000  12.0107
    228    2 C     6     13.230017     57.994092      5.775000   4.0000  12.0107
    229    2 C     6      5.959983     57.994092      5.775000   4.0000  12.0107
    230    2 C     6      5.959983     59.352446      5.775000   4.0000  12.0107
    231    2 C     6     13.230017     59.352446      5.775000   4.0000  12.0107
    232    2 C     6     10.818523     59.382691      5.775000   4.0000  12.0107
    233    2 C     6      8.371477     59.382691      5.775000   4.0000  12.0107
    234    1 H     1     14.191809     59.872213      5.775000   1.0000   1.0079
    235    1 H     1      4.998191     59.872213      5.775000   1.0000   1.0079
    236    2 C     6     12.035671     60.086916      5.775000   4.0000  12.0107
    237    2 C     6      7.154329     60.086916      5.775000   4.0000  12.0107
    238    2 C     6      9.595000     60.095876      5.775000   4.0000  12.0107
    239    2 C     6      9.595000     61.514721      5.775000   4.0000  12.0107
    240    2 C     6      7.154329     61.523681      5.775000   4.0000  12.0107
    241    2 C     6     12.035671     61.523681      5.775000   4.0000  12.0107
    242    1 H     1     14.191809     61.738384      5.775000   1.0000   1.0079
    243    1 H     1      4.998191     61.738384      5.775000   1.0000   1.0079
    244    2 C     6      8.371477     62.227906      5.775000   4.0000  12.0107
    245    2 C     6     10.818523     62.227906      5.775000   4.0000  12.0107
    246    2 C     6     13.230017     62.258152      5.775000   4.0000  12.0107
    247    2 C     6      5.959983     62.258152      5.775000   4.0000  12.0107
    248    2 C     6     13.230017     63.616506      5.775000   4.0000  12.0107
    249    2 C     6      5.959983     63.616506      5.775000   4.0000  12.0107
    250    2 C     6     10.818523     63.646751      5.775000   4.0000  12.0107
    251    2 C     6      8.371477     63.646751      5.775000   4.0000  12.0107
    252    1 H     1     14.191809     64.136273      5.775000   1.0000   1.0079
    253    1 H     1      4.998191     64.136273      5.775000   1.0000   1.0079
    254    2 C     6     12.035671     64.350976      5.775000   4.0000  12.0107
    255    2 C     6      7.154329     64.350976      5.775000   4.0000  12.0107
    256    2 C     6      9.595000     64.359936      5.775000   4.0000  12.0107
    257    2 C     6      9.595000     65.778781      5.775000   4.0000  12.0107
    258    2 C     6     12.035671     65.787741      5.775000   4.0000  12.0107
    259    2 C     6      7.154329     65.787741      5.775000   4.0000  12.0107
    260    1 H     1     14.191809     66.002444      5.775000   1.0000   1.0079
    261    1 H     1      4.998191     66.002444      5.775000   1.0000   1.0079
    262    2 C     6     10.818523     66.491966      5.775000   4.0000  12.0107
    263    2 C     6      8.371477     66.491966      5.775000   4.0000  12.0107
    264    2 C     6     13.230017     66.522211      5.775000   4.0000  12.0107
    265    2 C     6      5.959983     66.522211      5.775000   4.0000  12.0107
    266    2 C     6      5.959983     67.880566      5.775000   4.0000  12.0107
    267    2 C     6     13.230017     67.880566      5.775000   4.0000  12.0107
    268    2 C     6     10.818523     67.910811      5.775000   4.0000  12.0107
    269    2 C     6      8.371477     67.910811      5.775000   4.0000  12.0107
    270    1 H     1     14.191809     68.400333      5.775000   1.0000   1.0079
    271    1 H     1      4.998191     68.400333      5.775000   1.0000   1.0079
    272    2 C     6      7.154329     68.615036      5.775000   4.0000  12.0107
    273    2 C     6     12.035671     68.615036      5.775000   4.0000  12.0107
    274    2 C     6      9.595000     68.623996      5.775000   4.0000  12.0107
    275    2 C     6      9.595000     70.042841      5.775000   4.0000  12.0107
    276    2 C     6      7.154329     70.051801      5.775000   4.0000  12.0107
    277    2 C     6     12.035671     70.051801      5.775000   4.0000  12.0107
    278    1 H     1      4.998191     70.266504      5.775000   1.0000   1.0079
    279    1 H     1     14.191809     70.266504      5.775000   1.0000   1.0079
    280    2 C     6     10.818523     70.756026      5.775000   4.0000  12.0107
    281    2 C     6      8.371477     70.756026      5.775000   4.0000  12.0107
    282    2 C     6      5.959983     70.786271      5.775000   4.0000  12.0107
    283    2 C     6     13.230017     70.786271      5.775000   4.0000  12.0107
    284    2 C     6      5.959983     72.144625      5.775000   4.0000  12.0107
    285    2 C     6     13.230017     72.144625      5.775000   4.0000  12.0107
    286    2 C     6      8.371477     72.174871      5.775000   4.0000  12.0107
    287    2 C     6     10.818523     72.174871      5.775000   4.0000  12.0107
    288    1 H     1     14.191809     72.664393      5.775000   1.0000   1.0079
    289    1 H     1      4.998191     72.664393      5.775000   1.0000   1.0079
    290    2 C     6      7.154329     72.879096      5.775000   4.0000  12.0107
    291    2 C     6     12.035671     72.879096      5.775000   4.0000  12.0107
    292    2 C     6      9.595000     72.888056      5.775000   4.0000  12.0107
    293    1 H     1      9.595000     73.661100      6.548044   1.0000   1.0079
    294    1 H     1      9.595000     73.661100      5.001956   1.0000   1.0079
    295    1 H     1     12.035671     73.972346      5.775000   1.0000   1.0079
    296    1 H     1      7.154329     73.972346      5.775000   1.0000   1.0079



 SCF PARAMETERS         Density guess:                                   RESTART
                        --------------------------------------------------------
                        max_scf:                                             300
                        max_scf_history:                                       0
                        max_diis:                                              4
                        --------------------------------------------------------
                        eps_scf:                                        1.00E-07
                        eps_scf_history:                                0.00E+00
                        eps_diis:                                       1.00E-01
                        eps_eigval:                                     1.00E-05
                        --------------------------------------------------------
                        level_shift [a.u.]:                             0.000000
                        SCF update method:                                MIXING
                        added MOs                                       100    0
                        --------------------------------------------------------
                        Mixing method:                            BROYDEN_MIXING
                                                charge density mixing in g-space
                        --------------------------------------------------------
                        No outer SCF

 PW_GRID| Information for grid number                                          1
 PW_GRID| Grid distributed over                                    64 processors
 PW_GRID| Real space group dimensions                                    64    1
 PW_GRID| the grid is blocked:                                                NO
 PW_GRID| Cutoff [a.u.]                                                    300.0
 PW_GRID| spherical cutoff:                                                   NO
 PW_GRID|   Bounds   1           -144     143                Points:         288
 PW_GRID|   Bounds   2           -594     593                Points:        1188
 PW_GRID|   Bounds   3            -90      89                Points:         180
 PW_GRID| Volume element (a.u.^3)  0.1918E-02     Volume (a.u.^3)    118117.8964
 PW_GRID| Grid span                                                    FULLSPACE
 PW_GRID|   Distribution                         Average         Max         Min
 PW_GRID|   G-Vectors                           962280.0      962496      962208
 PW_GRID|   G-Rays                                3341.2        3342        3341
 PW_GRID|   Real Space Points                   962280.0     1069200      855360

 PW_GRID| Information for grid number                                          2
 PW_GRID| Number of the reference grid                                         1
 PW_GRID| Grid distributed over                                    64 processors
 PW_GRID| Real space group dimensions                                    64    1
 PW_GRID| the grid is blocked:                                                NO
 PW_GRID| Cutoff [a.u.]                                                    100.0
 PW_GRID| spherical cutoff:                                                   NO
 PW_GRID|   Bounds   1            -90      89                Points:         180
 PW_GRID|   Bounds   2           -337     337                Points:         675
 PW_GRID|   Bounds   3            -50      49                Points:         100
 PW_GRID| Volume element (a.u.^3)  0.9722E-02     Volume (a.u.^3)    118117.8964
 PW_GRID| Grid span                                                    FULLSPACE
 PW_GRID|   Distribution                         Average         Max         Min
 PW_GRID|   G-Vectors                           189843.8      192060      186840
 PW_GRID|   G-Rays                                1054.7        1067        1038
 PW_GRID|   Real Space Points                   189843.8      202500      135000

 PW_GRID| Information for grid number                                          3
 PW_GRID| Number of the reference grid                                         1
 PW_GRID| Grid distributed over                                    64 processors
 PW_GRID| Real space group dimensions                                    64    1
 PW_GRID| the grid is blocked:                                                NO
 PW_GRID| Cutoff [a.u.]                                                     33.3
 PW_GRID| spherical cutoff:                                                   NO
 PW_GRID|   Bounds   1            -48      47                Points:          96
 PW_GRID|   Bounds   2           -200     199                Points:         400
 PW_GRID|   Bounds   3            -30      29                Points:          60
 PW_GRID| Volume element (a.u.^3)  0.5127E-01     Volume (a.u.^3)    118117.8964
 PW_GRID| Grid span                                                    FULLSPACE
 PW_GRID|   Distribution                         Average         Max         Min
 PW_GRID|   G-Vectors                            36000.0       37152       35040
 PW_GRID|   G-Rays                                 375.0         387         365
 PW_GRID|   Real Space Points                    36000.0       48000       24000

 PW_GRID| Information for grid number                                          4
 PW_GRID| Number of the reference grid                                         1
 PW_GRID| Grid distributed over                                    64 processors
 PW_GRID| Real space group dimensions                                     8    8
 PW_GRID| the grid is blocked:                                                NO
 PW_GRID| Cutoff [a.u.]                                                     11.1
 PW_GRID| spherical cutoff:                                                   NO
 PW_GRID|   Bounds   1            -30      29                Points:          60
 PW_GRID|   Bounds   2           -112     112                Points:         225
 PW_GRID|   Bounds   3            -18      17                Points:          36
 PW_GRID| Volume element (a.u.^3)  0.2430         Volume (a.u.^3)    118117.8964
 PW_GRID| Grid span                                                    FULLSPACE
 PW_GRID|   Distribution                         Average         Max         Min
 PW_GRID|   G-Vectors                             7593.8        8340        7140
 PW_GRID|   G-Rays                                 126.6         139         119
 PW_GRID|   Real Space Points                     7593.8        8352        7056

 POISSON| Solver                                             MULTIPOLE (Bloechl)
 POISSON| Periodicity                                                       NONE

 RS_GRID| Information for grid number                                          1
 RS_GRID|   Bounds   1           -144     143                Points:         288
 RS_GRID|   Bounds   2           -594     593                Points:        1188
 RS_GRID|   Bounds   3            -90      89                Points:         180
 RS_GRID| Real space distribution over                                  4 groups
 RS_GRID| Real space distribution along direction                              1
 RS_GRID| Border size                                                         30
 RS_GRID| Real space distribution over                                 16 groups
 RS_GRID| Real space distribution along direction                              2
 RS_GRID| Border size                                                         30
 RS_GRID|   Distribution                         Average         Max         Min
 RS_GRID|   Planes                                 132.0         132         132
 RS_GRID|   Distribution                         Average         Max         Min
 RS_GRID|   Planes                                 134.2         135         134

 RS_GRID| Information for grid number                                          2
 RS_GRID|   Bounds   1            -90      89                Points:         180
 RS_GRID|   Bounds   2           -337     337                Points:         675
 RS_GRID|   Bounds   3            -50      49                Points:         100
 RS_GRID| Real space distribution over                                  4 groups
 RS_GRID| Real space distribution along direction                              1
 RS_GRID| Border size                                                         33
 RS_GRID| Real space distribution over                                 16 groups
 RS_GRID| Real space distribution along direction                              2
 RS_GRID| Border size                                                         33
 RS_GRID|   Distribution                         Average         Max         Min
 RS_GRID|   Planes                                 111.0         111         111
 RS_GRID|   Distribution                         Average         Max         Min
 RS_GRID|   Planes                                 108.2         109         108

 RS_GRID| Information for grid number                                          3
 RS_GRID|   Bounds   1            -48      47                Points:          96
 RS_GRID|   Bounds   2           -200     199                Points:         400
 RS_GRID|   Bounds   3            -30      29                Points:          60
 RS_GRID| Real space fully replicated
 RS_GRID| Group size                                                           1

 RS_GRID| Information for grid number                                          4
 RS_GRID|   Bounds   1            -30      29                Points:          60
 RS_GRID|   Bounds   2           -112     112                Points:         225
 RS_GRID|   Bounds   3            -18      17                Points:          36
 RS_GRID| Real space fully replicated
 RS_GRID| Group size                                                           1

 *** WARNING in emd/rt_bse_linearized.F:131 :: Linearized RT-BSE is under ***
 *** active development. Make sure you understand the method and validate ***
 *** results before using it for production calculations.                 ***


 Extrapolation method: initial_guess

 *** WARNING in qs_initial_guess.F:312 :: User requested to restart the    ***
 *** wavefunction from the file named: rec_4-RESTART.wfn. This file does   ***
 *** not exist. Please check the existence of the file or change properly  ***
 *** the value of the keyword WFN_RESTART_FILE_NAME. Calculation continues ***
 *** using ATOMIC GUESS.                                                   ***


 Atomic guess: The first density matrix is obtained in terms of atomic orbitals
               and electronic configurations assigned to each atomic kind

 Guess for atomic kind: H

 Electronic structure
    Total number of core electrons                                          0.00
    Total number of valence electrons                                       1.00
    Total number of electrons                                               1.00
    Multiplicity                                                   not specified
    S      1.00


 *******************************************************************************
                  Iteration          Convergence                     Energy [au]
 *******************************************************************************
                          1        0.309524E-02                  -0.417828613492
                          2        0.397171E-03                  -0.417845979898
                          3        0.350877E-04                  -0.417846294368
                          4        0.929317E-09                  -0.417846297422

 Energy components [Hartree]           Total Energy ::           -0.417846297422
                                        Band Energy ::           -0.196148543103
                                     Kinetic Energy ::            0.486531132430
                                   Potential Energy ::           -0.904377429852
                                      Virial (-V/T) ::            1.858827461532
                                        Core Energy ::           -0.470733162945
                                          XC Energy ::           -0.242450390891
                                     Coulomb Energy ::            0.295337256414
                       Total Pseudopotential Energy ::           -0.978038883002
                       Local Pseudopotential Energy ::           -0.978038883002
                    Nonlocal Pseudopotential Energy ::            0.000000000000
                                        Confinement ::            0.207745876267

 Orbital energies  State     L     Occupation   Energy[a.u.]          Energy[eV]

                       1     0          1.000      -0.196149           -5.337473


 Total Electron Density at R=0:                                         0.282919

 Guess for atomic kind: C

 Electronic structure
    Total number of core electrons                                          2.00
    Total number of valence electrons                                       4.00
    Total number of electrons                                               6.00
    Multiplicity                                                   not specified
    S   [  2.00] 2.00
    P      2.00


 *******************************************************************************
                  Iteration          Convergence                     Energy [au]
 *******************************************************************************
                          1        0.988758E-01                  -5.245867139855
                          2        0.702567E-01                  -5.249950338066
                          3        0.324324E-03                  -5.254466662830
                          4        0.763974E-05                  -5.254466744799
                          5        0.410505E-05                  -5.254466744830
                          6        0.282419E-05                  -5.254466744837
                          7        0.925356E-08                  -5.254466744843

 Energy components [Hartree]           Total Energy ::           -5.254466744843
                                        Band Energy ::           -1.295684616135
                                     Kinetic Energy ::            3.559613956185
                                   Potential Energy ::           -8.814080701028
                                      Virial (-V/T) ::            2.476133875617
                                        Core Energy ::           -8.257747528207
                                          XC Energy ::           -1.378022926287
                                     Coulomb Energy ::            4.381303709651
                       Total Pseudopotential Energy ::          -11.853169988044
                       Local Pseudopotential Energy ::          -12.322682182621
                    Nonlocal Pseudopotential Energy ::            0.469512194577
                                        Confinement ::            0.358085036523

 Orbital energies  State     L     Occupation   Energy[a.u.]          Energy[eV]

                       1     0          2.000      -0.472377          -12.854028

                       1     1          2.000      -0.175465           -4.774658


 Total Electron Density at R=0:                                         0.011027
 Re-scaling the density matrix to get the right number of electrons
                  # Electrons              Trace(P)               Scaling factor
                          968               968.000                        1.000

 Number of electrons:                                                        968
 Number of occupied orbitals:                                                484
 Number of molecular orbitals:                                               584

 Number of orbital functions:                                               3344
 Number of independent orbital functions:                                   3344


 SCF WAVEFUNCTION OPTIMIZATION

  Step     Update method      Time    Convergence         Total energy    Change
  ------------------------------------------------------------------------------
  Decoupling Energy:                                              -0.0028876019
     1 NoMix/Diag. 0.40E+00    0.8     0.94910287     -1311.1395343047 -1.31E+03
  Decoupling Energy:                                              -0.0022534637
     2 Broy./Diag. 0.40E+00    0.8     0.19491717     -1204.0451339197  1.07E+02
  Decoupling Energy:                                              -0.0011479733
     3 Broy./Diag. 0.40E+00    0.8     0.10758900     -1283.1138882535 -7.91E+01
  Decoupling Energy:                                              -0.0006563711
     4 Broy./Diag. 0.40E+00    0.8     0.01824868     -1313.3129543963 -3.02E+01
  Decoupling Energy:                                              -0.0002891047
     5 Broy./Diag. 0.40E+00    0.8     0.00711993     -1314.9780384452 -1.67E+00
  Decoupling Energy:                                              -0.0001472561
     6 Broy./Diag. 0.40E+00    0.8     0.00388810     -1315.2262801780 -2.48E-01
  Decoupling Energy:                                              -0.0000426164
     7 Broy./Diag. 0.40E+00    0.8     0.00329055     -1315.4342944608 -2.08E-01
  Decoupling Energy:                                              -0.0000241761
     8 Broy./Diag. 0.40E+00    0.8     0.00245099     -1316.1234083603 -6.89E-01
  Decoupling Energy:                                              -0.0000597435
     9 Broy./Diag. 0.40E+00    0.8     0.00261520     -1316.7475066683 -6.24E-01
  Decoupling Energy:                                              -0.0000881745
    10 Broy./Diag. 0.40E+00    0.8     0.00096742     -1317.0747230610 -3.27E-01
  Decoupling Energy:                                              -0.0001143658
    11 Broy./Diag. 0.40E+00    0.8     0.00151458     -1317.0434295401  3.13E-02
  Decoupling Energy:                                              -0.0001390576
    12 Broy./Diag. 0.40E+00    0.8     0.00121307     -1317.0081334078  3.53E-02
  Decoupling Energy:                                              -0.0001596560
    13 Broy./Diag. 0.40E+00    0.8     0.00045528     -1317.0514754025 -4.33E-02
  Decoupling Energy:                                              -0.0001871964
    14 Broy./Diag. 0.40E+00    0.8     0.00035065     -1317.1108088186 -5.93E-02
  Decoupling Energy:                                              -0.0002028792
    15 Broy./Diag. 0.40E+00    0.8     0.00017109     -1317.1328036794 -2.20E-02
  Decoupling Energy:                                              -0.0002074788
    16 Broy./Diag. 0.40E+00    0.8     0.00008636     -1317.1150807690  1.77E-02
  Decoupling Energy:                                              -0.0002089935
    17 Broy./Diag. 0.40E+00    1.0     0.00008994     -1317.0961427353  1.89E-02
  Decoupling Energy:                                              -0.0002087980
    18 Broy./Diag. 0.40E+00    0.8     0.00009044     -1317.0909277632  5.21E-03
  Decoupling Energy:                                              -0.0002077636
    19 Broy./Diag. 0.40E+00    0.8     0.00011250     -1317.0915287741 -6.01E-04
  Decoupling Energy:                                              -0.0002068424
    20 Broy./Diag. 0.40E+00    0.8     0.00009134     -1317.0891176107  2.41E-03
  Decoupling Energy:                                              -0.0002059786
    21 Broy./Diag. 0.40E+00    0.8     0.00007160     -1317.0859699398  3.15E-03
  Decoupling Energy:                                              -0.0002048266
    22 Broy./Diag. 0.40E+00    0.8     0.00007936     -1317.0839593596  2.01E-03
  Decoupling Energy:                                              -0.0002036472
    23 Broy./Diag. 0.40E+00    0.8     0.00006304     -1317.0837856025  1.74E-04
  Decoupling Energy:                                              -0.0002025535
    24 Broy./Diag. 0.40E+00    0.8     0.00004571     -1317.0845460285 -7.60E-04
  Decoupling Energy:                                              -0.0002016279
    25 Broy./Diag. 0.40E+00    0.8     0.00002976     -1317.0848759473 -3.30E-04
  Decoupling Energy:                                              -0.0002011852
    26 Broy./Diag. 0.40E+00    0.8     0.00001317     -1317.0844638093  4.12E-04
  Decoupling Energy:                                              -0.0002009206
    27 Broy./Diag. 0.40E+00    0.8     0.00001066     -1317.0840597372  4.04E-04
  Decoupling Energy:                                              -0.0002008199
    28 Broy./Diag. 0.40E+00    0.8     0.00000615     -1317.0840802451 -2.05E-05
  Decoupling Energy:                                              -0.0002007880
    29 Broy./Diag. 0.40E+00    1.0     0.00000384     -1317.0842957278 -2.15E-04
  Decoupling Energy:                                              -0.0002007940
    30 Broy./Diag. 0.40E+00    0.8     0.00000406     -1317.0844142001 -1.18E-04
  Decoupling Energy:                                              -0.0002008224
    31 Broy./Diag. 0.40E+00    1.1     0.00000332     -1317.0843591727  5.50E-05
  Decoupling Energy:                                              -0.0002008753
    32 Broy./Diag. 0.40E+00    0.8     0.00000336     -1317.0842455118  1.14E-04
  Decoupling Energy:                                              -0.0002009309
    33 Broy./Diag. 0.40E+00    0.8     0.00000273     -1317.0841728260  7.27E-05
  Decoupling Energy:                                              -0.0002009661
    34 Broy./Diag. 0.40E+00    0.8     0.00000147     -1317.0841670530  5.77E-06
  Decoupling Energy:                                              -0.0002009933
    35 Broy./Diag. 0.40E+00    0.8     0.00000106     -1317.0841810157 -1.40E-05
  Decoupling Energy:                                              -0.0002010126
    36 Broy./Diag. 0.40E+00    0.8     0.00000073     -1317.0841797584  1.26E-06
  Decoupling Energy:                                              -0.0002010284
    37 Broy./Diag. 0.40E+00    0.8     0.00000060     -1317.0841695240  1.02E-05
  Decoupling Energy:                                              -0.0002010404
    38 Broy./Diag. 0.40E+00    0.8     0.00000043     -1317.0841631367  6.39E-06
  Decoupling Energy:                                              -0.0002010470
    39 Broy./Diag. 0.40E+00    0.8     0.00000020     -1317.0841646845 -1.55E-06
  Decoupling Energy:                                              -0.0002010504
    40 Broy./Diag. 0.40E+00    0.8     0.00000014     -1317.0841697944 -5.11E-06
  Decoupling Energy:                                              -0.0002010510
    41 Broy./Diag. 0.40E+00    0.8     0.00000009     -1317.0841726678 -2.87E-06

  *** SCF run converged in    41 steps ***


  Electronic density on regular grids:       -968.0000000000       -0.0000000000
  Core density on regular grids:              968.0000000000       -0.0000000000
  Total charge density on r-space grids:       -0.0000000000
  Total charge density g-space grids:          -0.0000000000

  Overlap energy of the core charge distribution:               0.00007702240928
  Self energy of the core charge distribution:              -3088.59590063400356
  Core Hamiltonian energy:                                    978.79995086509098
  Hartree energy:                                            1210.91545419408158
  Exchange-correlation energy:                               -418.20375411537219

  Total energy:                                             -1317.08417266779406

 !-----------------------------------------------------------------------------!
                     Mulliken Population Analysis

 #  Atom  Element  Kind  Atomic population                           Net charge
       1     H        1          0.781373                              0.218627
       2     H        1          0.781373                              0.218627
       3     H        1          0.700389                              0.299611
       4     H        1          0.700389                              0.299611
       5     C        2          4.615459                             -0.615459
       6     C        2          4.201312                             -0.201312
       7     C        2          4.201312                             -0.201312
       8     H        1          0.768192                              0.231808
       9     H        1          0.768192                              0.231808
      10     C        2          4.049779                             -0.049779
      11     C        2          4.049779                             -0.049779
      12     C        2          4.245088                             -0.245088
      13     C        2          4.245088                             -0.245088
      14     C        2          4.161971                             -0.161971
      15     C        2          4.161971                             -0.161971
      16     C        2          3.963297                              0.036703
      17     C        2          3.963297                              0.036703
      18     H        1          0.809862                              0.190138
      19     H        1          0.809862                              0.190138
      20     C        2          4.083398                             -0.083398
      21     C        2          4.083398                             -0.083398
      22     C        2          3.965439                              0.034561
      23     C        2          3.966272                              0.033728
      24     C        2          4.059512                             -0.059512
      25     C        2          4.059512                             -0.059512
      26     H        1          0.804074                              0.195926
      27     H        1          0.804074                              0.195926
      28     C        2          3.981111                              0.018889
      29     C        2          3.981111                              0.018889
      30     C        2          4.137841                             -0.137841
      31     C        2          4.137841                             -0.137841
      32     C        2          4.140502                             -0.140502
      33     C        2          4.140502                             -0.140502
      34     C        2          3.983449                              0.016551
      35     C        2          3.983449                              0.016551
      36     H        1          0.813322                              0.186678
      37     H        1          0.813322                              0.186678
      38     C        2          4.069050                             -0.069050
      39     C        2          4.069050                             -0.069050
      40     C        2          3.969602                              0.030398
      41     C        2          3.971393                              0.028607
      42     C        2          4.068787                             -0.068787
      43     C        2          4.068787                             -0.068787
      44     H        1          0.812737                              0.187263
      45     H        1          0.812737                              0.187263
      46     C        2          3.986131                              0.013869
      47     C        2          3.986131                              0.013869
      48     C        2          4.139299                             -0.139299
      49     C        2          4.139299                             -0.139299
      50     C        2          4.140362                             -0.140362
      51     C        2          4.140362                             -0.140362
      52     C        2          3.986500                              0.013500
      53     C        2          3.986500                              0.013500
      54     H        1          0.813630                              0.186370
      55     H        1          0.813630                              0.186370
      56     C        2          4.071016                             -0.071016
      57     C        2          4.071016                             -0.071016
      58     C        2          3.972208                              0.027792
      59     C        2          3.972689                              0.027311
      60     C        2          4.070894                             -0.070894
      61     C        2          4.070894                             -0.070894
      62     H        1          0.813479                              0.186521
      63     H        1          0.813479                              0.186521
      64     C        2          3.987314                              0.012686
      65     C        2          3.987314                              0.012686
      66     C        2          4.140105                             -0.140105
      67     C        2          4.140105                             -0.140105
      68     C        2          4.140494                             -0.140494
      69     C        2          4.140494                             -0.140494
      70     C        2          3.987382                              0.012618
      71     C        2          3.987382                              0.012618
      72     H        1          0.813712                              0.186288
      73     H        1          0.813712                              0.186288
      74     C        2          4.071525                             -0.071525
      75     C        2          4.071525                             -0.071525
      76     C        2          3.972867                              0.027133
      77     C        2          3.973045                              0.026955
      78     C        2          4.071465                             -0.071465
      79     C        2          4.071465                             -0.071465
      80     H        1          0.813629                              0.186371
      81     H        1          0.813629                              0.186371
      82     C        2          3.987629                              0.012371
      83     C        2          3.987629                              0.012371
      84     C        2          4.140342                             -0.140342
      85     C        2          4.140342                             -0.140342
      86     C        2          4.140507                             -0.140507
      87     C        2          4.140507                             -0.140507
      88     C        2          3.987633                              0.012367
      89     C        2          3.987633                              0.012367
      90     H        1          0.813719                              0.186281
      91     H        1          0.813719                              0.186281
      92     C        2          4.071652                             -0.071652
      93     C        2          4.071652                             -0.071652
      94     C        2          3.973053                              0.026947
      95     C        2          3.973137                              0.026863
      96     C        2          4.071621                             -0.071621
      97     C        2          4.071621                             -0.071621
      98     H        1          0.813667                              0.186333
      99     H        1          0.813667                              0.186333
     100     C        2          3.987707                              0.012293
     101     C        2          3.987707                              0.012293
     102     C        2          4.140407                             -0.140407
     103     C        2          4.140407                             -0.140407
     104     C        2          4.140489                             -0.140489
     105     C        2          4.140489                             -0.140489
     106     C        2          3.987703                              0.012297
     107     C        2          3.987703                              0.012297
     108     H        1          0.813709                              0.186291
     109     H        1          0.813709                              0.186291
     110     C        2          4.071677                             -0.071677
     111     C        2          4.071677                             -0.071677
     112     C        2          3.973110                              0.026890
     113     C        2          3.973156                              0.026844
     114     C        2          4.071662                             -0.071662
     115     C        2          4.071662                             -0.071662
     116     H        1          0.813678                              0.186322
     117     H        1          0.813678                              0.186322
     118     C        2          3.987724                              0.012276
     119     C        2          3.987724                              0.012276
     120     C        2          4.140428                             -0.140428
     121     C        2          4.140428                             -0.140428
     122     C        2          4.140469                             -0.140469
     123     C        2          4.140469                             -0.140469
     124     C        2          3.987722                              0.012278
     125     C        2          3.987722                              0.012278
     126     H        1          0.813699                              0.186301
     127     H        1          0.813699                              0.186301
     128     C        2          4.071677                             -0.071677
     129     C        2          4.071677                             -0.071677
     130     C        2          3.973132                              0.026868
     131     C        2          3.973154                              0.026846
     132     C        2          4.071672                             -0.071672
     133     C        2          4.071672                             -0.071672
     134     H        1          0.813685                              0.186315
     135     H        1          0.813685                              0.186315
     136     C        2          3.987727                              0.012273
     137     C        2          3.987727                              0.012273
     138     C        2          4.140441                             -0.140441
     139     C        2          4.140441                             -0.140441
     140     C        2          4.140453                             -0.140453
     141     C        2          4.140453                             -0.140453
     142     C        2          3.987726                              0.012274
     143     C        2          3.987726                              0.012274
     144     H        1          0.813691                              0.186309
     145     H        1          0.813691                              0.186309
     146     C        2          4.071675                             -0.071675
     147     C        2          4.071675                             -0.071675
     148     C        2          3.973145                              0.026855
     149     C        2          3.973145                              0.026855
     150     C        2          4.071675                             -0.071675
     151     C        2          4.071675                             -0.071675
     152     H        1          0.813691                              0.186309
     153     H        1          0.813691                              0.186309
     154     C        2          3.987726                              0.012274
     155     C        2          3.987726                              0.012274
     156     C        2          4.140453                             -0.140453
     157     C        2          4.140453                             -0.140453
     158     C        2          4.140441                             -0.140441
     159     C        2          4.140441                             -0.140441
     160     C        2          3.987727                              0.012273
     161     C        2          3.987727                              0.012273
     162     H        1          0.813685                              0.186315
     163     H        1          0.813685                              0.186315
     164     C        2          4.071672                             -0.071672
     165     C        2          4.071672                             -0.071672
     166     C        2          3.973154                              0.026846
     167     C        2          3.973132                              0.026868
     168     C        2          4.071677                             -0.071677
     169     C        2          4.071677                             -0.071677
     170     H        1          0.813699                              0.186301
     171     H        1          0.813699                              0.186301
     172     C        2          3.987722                              0.012278
     173     C        2          3.987722                              0.012278
     174     C        2          4.140469                             -0.140469
     175     C        2          4.140469                             -0.140469
     176     C        2          4.140428                             -0.140428
     177     C        2          4.140428                             -0.140428
     178     C        2          3.987724                              0.012276
     179     C        2          3.987724                              0.012276
     180     H        1          0.813678                              0.186322
     181     H        1          0.813678                              0.186322
     182     C        2          4.071662                             -0.071662
     183     C        2          4.071662                             -0.071662
     184     C        2          3.973156                              0.026844
     185     C        2          3.973110                              0.026890
     186     C        2          4.071677                             -0.071677
     187     C        2          4.071677                             -0.071677
     188     H        1          0.813709                              0.186291
     189     H        1          0.813709                              0.186291
     190     C        2          3.987703                              0.012297
     191     C        2          3.987703                              0.012297
     192     C        2          4.140489                             -0.140489
     193     C        2          4.140489                             -0.140489
     194     C        2          4.140407                             -0.140407
     195     C        2          4.140407                             -0.140407
     196     C        2          3.987707                              0.012293
     197     C        2          3.987707                              0.012293
     198     H        1          0.813667                              0.186333
     199     H        1          0.813667                              0.186333
     200     C        2          4.071621                             -0.071621
     201     C        2          4.071621                             -0.071621
     202     C        2          3.973137                              0.026863
     203     C        2          3.973053                              0.026947
     204     C        2          4.071652                             -0.071652
     205     C        2          4.071652                             -0.071652
     206     H        1          0.813719                              0.186281
     207     H        1          0.813719                              0.186281
     208     C        2          3.987633                              0.012367
     209     C        2          3.987633                              0.012367
     210     C        2          4.140507                             -0.140507
     211     C        2          4.140507                             -0.140507
     212     C        2          4.140342                             -0.140342
     213     C        2          4.140342                             -0.140342
     214     C        2          3.987629                              0.012371
     215     C        2          3.987629                              0.012371
     216     H        1          0.813629                              0.186371
     217     H        1          0.813629                              0.186371
     218     C        2          4.071465                             -0.071465
     219     C        2          4.071465                             -0.071465
     220     C        2          3.973045                              0.026955
     221     C        2          3.972867                              0.027133
     222     C        2          4.071525                             -0.071525
     223     C        2          4.071525                             -0.071525
     224     H        1          0.813712                              0.186288
     225     H        1          0.813712                              0.186288
     226     C        2          3.987382                              0.012618
     227     C        2          3.987382                              0.012618
     228     C        2          4.140494                             -0.140494
     229     C        2          4.140494                             -0.140494
     230     C        2          4.140105                             -0.140105
     231     C        2          4.140105                             -0.140105
     232     C        2          3.987314                              0.012686
     233     C        2          3.987314                              0.012686
     234     H        1          0.813479                              0.186521
     235     H        1          0.813479                              0.186521
     236     C        2          4.070894                             -0.070894
     237     C        2          4.070894                             -0.070894
     238     C        2          3.972689                              0.027311
     239     C        2          3.972208                              0.027792
     240     C        2          4.071016                             -0.071016
     241     C        2          4.071016                             -0.071016
     242     H        1          0.813630                              0.186370
     243     H        1          0.813630                              0.186370
     244     C        2          3.986500                              0.013500
     245     C        2          3.986500                              0.013500
     246     C        2          4.140362                             -0.140362
     247     C        2          4.140362                             -0.140362
     248     C        2          4.139299                             -0.139299
     249     C        2          4.139299                             -0.139299
     250     C        2          3.986131                              0.013869
     251     C        2          3.986131                              0.013869
     252     H        1          0.812737                              0.187263
     253     H        1          0.812737                              0.187263
     254     C        2          4.068787                             -0.068787
     255     C        2          4.068787                             -0.068787
     256     C        2          3.971393                              0.028607
     257     C        2          3.969602                              0.030398
     258     C        2          4.069050                             -0.069050
     259     C        2          4.069050                             -0.069050
     260     H        1          0.813322                              0.186678
     261     H        1          0.813322                              0.186678
     262     C        2          3.983449                              0.016551
     263     C        2          3.983449                              0.016551
     264     C        2          4.140502                             -0.140502
     265     C        2          4.140502                             -0.140502
     266     C        2          4.137841                             -0.137841
     267     C        2          4.137841                             -0.137841
     268     C        2          3.981111                              0.018889
     269     C        2          3.981111                              0.018889
     270     H        1          0.804074                              0.195926
     271     H        1          0.804074                              0.195926
     272     C        2          4.059512                             -0.059512
     273     C        2          4.059512                             -0.059512
     274     C        2          3.966272                              0.033728
     275     C        2          3.965439                              0.034561
     276     C        2          4.083398                             -0.083398
     277     C        2          4.083398                             -0.083398
     278     H        1          0.809862                              0.190138
     279     H        1          0.809862                              0.190138
     280     C        2          3.963297                              0.036703
     281     C        2          3.963297                              0.036703
     282     C        2          4.161971                             -0.161971
     283     C        2          4.161971                             -0.161971
     284     C        2          4.245088                             -0.245088
     285     C        2          4.245088                             -0.245088
     286     C        2          4.049779                             -0.049779
     287     C        2          4.049779                             -0.049779
     288     H        1          0.768192                              0.231808
     289     H        1          0.768192                              0.231808
     290     C        2          4.201312                             -0.201312
     291     C        2          4.201312                             -0.201312
     292     C        2          4.615459                             -0.615459
     293     H        1          0.700389                              0.299611
     294     H        1          0.700389                              0.299611
     295     H        1          0.781373                              0.218627
     296     H        1          0.781373                              0.218627
 # Total charge                            968.000000                 -0.000000

 !-----------------------------------------------------------------------------!

 !-----------------------------------------------------------------------------!
                           Hirshfeld Charges

  #Atom  Element  Kind  Ref Charge     Population                    Net charge
      1       H      1       1.000          0.549                         0.451
      2       H      1       1.000          0.549                         0.451
      3       H      1       1.000          0.553                         0.447
      4       H      1       1.000          0.553                         0.447
      5       C      2       4.000          4.781                        -0.781
      6       C      2       4.000          4.470                        -0.470
      7       C      2       4.000          4.470                        -0.470
      8       H      1       1.000          0.551                         0.449
      9       H      1       1.000          0.551                         0.449
     10       C      2       4.000          4.006                        -0.006
     11       C      2       4.000          4.006                        -0.006
     12       C      2       4.000          4.446                        -0.446
     13       C      2       4.000          4.446                        -0.446
     14       C      2       4.000          4.455                        -0.455
     15       C      2       4.000          4.455                        -0.455
     16       C      2       4.000          4.007                        -0.007
     17       C      2       4.000          4.007                        -0.007
     18       H      1       1.000          0.555                         0.445
     19       H      1       1.000          0.555                         0.445
     20       C      2       4.000          3.995                         0.005
     21       C      2       4.000          3.995                         0.005
     22       C      2       4.000          4.003                        -0.003
     23       C      2       4.000          4.007                        -0.007
     24       C      2       4.000          3.999                         0.001
     25       C      2       4.000          3.999                         0.001
     26       H      1       1.000          0.555                         0.445
     27       H      1       1.000          0.555                         0.445
     28       C      2       4.000          4.000                        -0.000
     29       C      2       4.000          4.000                        -0.000
     30       C      2       4.000          4.444                        -0.444
     31       C      2       4.000          4.444                        -0.444
     32       C      2       4.000          4.447                        -0.447
     33       C      2       4.000          4.447                        -0.447
     34       C      2       4.000          4.001                        -0.001
     35       C      2       4.000          4.001                        -0.001
     36       H      1       1.000          0.555                         0.445
     37       H      1       1.000          0.555                         0.445
     38       C      2       4.000          3.997                         0.003
     39       C      2       4.000          3.997                         0.003
     40       C      2       4.000          4.001                        -0.001
     41       C      2       4.000          4.002                        -0.002
     42       C      2       4.000          3.998                         0.002
     43       C      2       4.000          3.998                         0.002
     44       H      1       1.000          0.555                         0.445
     45       H      1       1.000          0.555                         0.445
     46       C      2       4.000          4.000                        -0.000
     47       C      2       4.000          4.000                        -0.000
     48       C      2       4.000          4.445                        -0.445
     49       C      2       4.000          4.445                        -0.445
     50       C      2       4.000          4.445                        -0.445
     51       C      2       4.000          4.445                        -0.445
     52       C      2       4.000          4.000                        -0.000
     53       C      2       4.000          4.000                        -0.000
     54       H      1       1.000          0.555                         0.445
     55       H      1       1.000          0.555                         0.445
     56       C      2       4.000          3.998                         0.002
     57       C      2       4.000          3.998                         0.002
     58       C      2       4.000          4.001                        -0.001
     59       C      2       4.000          4.002                        -0.002
     60       C      2       4.000          3.998                         0.002
     61       C      2       4.000          3.998                         0.002
     62       H      1       1.000          0.555                         0.445
     63       H      1       1.000          0.555                         0.445
     64       C      2       4.000          4.000                        -0.000
     65       C      2       4.000          4.000                        -0.000
     66       C      2       4.000          4.445                        -0.445
     67       C      2       4.000          4.445                        -0.445
     68       C      2       4.000          4.445                        -0.445
     69       C      2       4.000          4.445                        -0.445
     70       C      2       4.000          4.000                         0.000
     71       C      2       4.000          4.000                         0.000
     72       H      1       1.000          0.555                         0.445
     73       H      1       1.000          0.555                         0.445
     74       C      2       4.000          3.998                         0.002
     75       C      2       4.000          3.998                         0.002
     76       C      2       4.000          4.001                        -0.001
     77       C      2       4.000          4.001                        -0.001
     78       C      2       4.000          3.998                         0.002
     79       C      2       4.000          3.998                         0.002
     80       H      1       1.000          0.555                         0.445
     81       H      1       1.000          0.555                         0.445
     82       C      2       4.000          4.000                        -0.000
     83       C      2       4.000          4.000                        -0.000
     84       C      2       4.000          4.445                        -0.445
     85       C      2       4.000          4.445                        -0.445
     86       C      2       4.000          4.445                        -0.445
     87       C      2       4.000          4.445                        -0.445
     88       C      2       4.000          4.000                         0.000
     89       C      2       4.000          4.000                         0.000
     90       H      1       1.000          0.555                         0.445
     91       H      1       1.000          0.555                         0.445
     92       C      2       4.000          3.998                         0.002
     93       C      2       4.000          3.998                         0.002
     94       C      2       4.000          4.001                        -0.001
     95       C      2       4.000          4.001                        -0.001
     96       C      2       4.000          3.998                         0.002
     97       C      2       4.000          3.998                         0.002
     98       H      1       1.000          0.555                         0.445
     99       H      1       1.000          0.555                         0.445
    100       C      2       4.000          4.000                         0.000
    101       C      2       4.000          4.000                         0.000
    102       C      2       4.000          4.445                        -0.445
    103       C      2       4.000          4.445                        -0.445
    104       C      2       4.000          4.445                        -0.445
    105       C      2       4.000          4.445                        -0.445
    106       C      2       4.000          4.000                         0.000
    107       C      2       4.000          4.000                         0.000
    108       H      1       1.000          0.555                         0.445
    109       H      1       1.000          0.555                         0.445
    110       C      2       4.000          3.998                         0.002
    111       C      2       4.000          3.998                         0.002
    112       C      2       4.000          4.001                        -0.001
    113       C      2       4.000          4.001                        -0.001
    114       C      2       4.000          3.998                         0.002
    115       C      2       4.000          3.998                         0.002
    116       H      1       1.000          0.555                         0.445
    117       H      1       1.000          0.555                         0.445
    118       C      2       4.000          4.000                         0.000
    119       C      2       4.000          4.000                         0.000
    120       C      2       4.000          4.445                        -0.445
    121       C      2       4.000          4.445                        -0.445
    122       C      2       4.000          4.445                        -0.445
    123       C      2       4.000          4.445                        -0.445
    124       C      2       4.000          4.000                         0.000
    125       C      2       4.000          4.000                         0.000
    126       H      1       1.000          0.555                         0.445
    127       H      1       1.000          0.555                         0.445
    128       C      2       4.000          3.998                         0.002
    129       C      2       4.000          3.998                         0.002
    130       C      2       4.000          4.001                        -0.001
    131       C      2       4.000          4.001                        -0.001
    132       C      2       4.000          3.998                         0.002
    133       C      2       4.000          3.998                         0.002
    134       H      1       1.000          0.555                         0.445
    135       H      1       1.000          0.555                         0.445
    136       C      2       4.000          4.000                         0.000
    137       C      2       4.000          4.000                         0.000
    138       C      2       4.000          4.445                        -0.445
    139       C      2       4.000          4.445                        -0.445
    140       C      2       4.000          4.445                        -0.445
    141       C      2       4.000          4.445                        -0.445
    142       C      2       4.000          4.000                         0.000
    143       C      2       4.000          4.000                         0.000
    144       H      1       1.000          0.555                         0.445
    145       H      1       1.000          0.555                         0.445
    146       C      2       4.000          3.998                         0.002
    147       C      2       4.000          3.998                         0.002
    148       C      2       4.000          4.001                        -0.001
    149       C      2       4.000          4.001                        -0.001
    150       C      2       4.000          3.998                         0.002
    151       C      2       4.000          3.998                         0.002
    152       H      1       1.000          0.555                         0.445
    153       H      1       1.000          0.555                         0.445
    154       C      2       4.000          4.000                         0.000
    155       C      2       4.000          4.000                         0.000
    156       C      2       4.000          4.445                        -0.445
    157       C      2       4.000          4.445                        -0.445
    158       C      2       4.000          4.445                        -0.445
    159       C      2       4.000          4.445                        -0.445
    160       C      2       4.000          4.000                         0.000
    161       C      2       4.000          4.000                         0.000
    162       H      1       1.000          0.555                         0.445
    163       H      1       1.000          0.555                         0.445
    164       C      2       4.000          3.998                         0.002
    165       C      2       4.000          3.998                         0.002
    166       C      2       4.000          4.001                        -0.001
    167       C      2       4.000          4.001                        -0.001
    168       C      2       4.000          3.998                         0.002
    169       C      2       4.000          3.998                         0.002
    170       H      1       1.000          0.555                         0.445
    171       H      1       1.000          0.555                         0.445
    172       C      2       4.000          4.000                         0.000
    173       C      2       4.000          4.000                         0.000
    174       C      2       4.000          4.445                        -0.445
    175       C      2       4.000          4.445                        -0.445
    176       C      2       4.000          4.445                        -0.445
    177       C      2       4.000          4.445                        -0.445
    178       C      2       4.000          4.000                         0.000
    179       C      2       4.000          4.000                         0.000
    180       H      1       1.000          0.555                         0.445
    181       H      1       1.000          0.555                         0.445
    182       C      2       4.000          3.998                         0.002
    183       C      2       4.000          3.998                         0.002
    184       C      2       4.000          4.001                        -0.001
    185       C      2       4.000          4.001                        -0.001
    186       C      2       4.000          3.998                         0.002
    187       C      2       4.000          3.998                         0.002
    188       H      1       1.000          0.555                         0.445
    189       H      1       1.000          0.555                         0.445
    190       C      2       4.000          4.000                         0.000
    191       C      2       4.000          4.000                         0.000
    192       C      2       4.000          4.445                        -0.445
    193       C      2       4.000          4.445                        -0.445
    194       C      2       4.000          4.445                        -0.445
    195       C      2       4.000          4.445                        -0.445
    196       C      2       4.000          4.000                         0.000
    197       C      2       4.000          4.000                         0.000
    198       H      1       1.000          0.555                         0.445
    199       H      1       1.000          0.555                         0.445
    200       C      2       4.000          3.998                         0.002
    201       C      2       4.000          3.998                         0.002
    202       C      2       4.000          4.001                        -0.001
    203       C      2       4.000          4.001                        -0.001
    204       C      2       4.000          3.998                         0.002
    205       C      2       4.000          3.998                         0.002
    206       H      1       1.000          0.555                         0.445
    207       H      1       1.000          0.555                         0.445
    208       C      2       4.000          4.000                         0.000
    209       C      2       4.000          4.000                         0.000
    210       C      2       4.000          4.445                        -0.445
    211       C      2       4.000          4.445                        -0.445
    212       C      2       4.000          4.445                        -0.445
    213       C      2       4.000          4.445                        -0.445
    214       C      2       4.000          4.000                        -0.000
    215       C      2       4.000          4.000                        -0.000
    216       H      1       1.000          0.555                         0.445
    217       H      1       1.000          0.555                         0.445
    218       C      2       4.000          3.998                         0.002
    219       C      2       4.000          3.998                         0.002
    220       C      2       4.000          4.001                        -0.001
    221       C      2       4.000          4.001                        -0.001
    222       C      2       4.000          3.998                         0.002
    223       C      2       4.000          3.998                         0.002
    224       H      1       1.000          0.555                         0.445
    225       H      1       1.000          0.555                         0.445
    226       C      2       4.000          4.000                         0.000
    227       C      2       4.000          4.000                         0.000
    228       C      2       4.000          4.445                        -0.445
    229       C      2       4.000          4.445                        -0.445
    230       C      2       4.000          4.445                        -0.445
    231       C      2       4.000          4.445                        -0.445
    232       C      2       4.000          4.000                        -0.000
    233       C      2       4.000          4.000                        -0.000
    234       H      1       1.000          0.555                         0.445
    235       H      1       1.000          0.555                         0.445
    236       C      2       4.000          3.998                         0.002
    237       C      2       4.000          3.998                         0.002
    238       C      2       4.000          4.002                        -0.002
    239       C      2       4.000          4.001                        -0.001
    240       C      2       4.000          3.998                         0.002
    241       C      2       4.000          3.998                         0.002
    242       H      1       1.000          0.555                         0.445
    243       H      1       1.000          0.555                         0.445
    244       C      2       4.000          4.000                        -0.000
    245       C      2       4.000          4.000                        -0.000
    246       C      2       4.000          4.445                        -0.445
    247       C      2       4.000          4.445                        -0.445
    248       C      2       4.000          4.445                        -0.445
    249       C      2       4.000          4.445                        -0.445
    250       C      2       4.000          4.000                        -0.000
    251       C      2       4.000          4.000                        -0.000
    252       H      1       1.000          0.555                         0.445
    253       H      1       1.000          0.555                         0.445
    254       C      2       4.000          3.998                         0.002
    255       C      2       4.000          3.998                         0.002
    256       C      2       4.000          4.002                        -0.002
    257       C      2       4.000          4.001                        -0.001
    258       C      2       4.000          3.997                         0.003
    259       C      2       4.000          3.997                         0.003
    260       H      1       1.000          0.555                         0.445
    261       H      1       1.000          0.555                         0.445
    262       C      2       4.000          4.001                        -0.001
    263       C      2       4.000          4.001                        -0.001
    264       C      2       4.000          4.447                        -0.447
    265       C      2       4.000          4.447                        -0.447
    266       C      2       4.000          4.444                        -0.444
    267       C      2       4.000          4.444                        -0.444
    268       C      2       4.000          4.000                        -0.000
    269       C      2       4.000          4.000                        -0.000
    270       H      1       1.000          0.555                         0.445
    271       H      1       1.000          0.555                         0.445
    272       C      2       4.000          3.999                         0.001
    273       C      2       4.000          3.999                         0.001
    274       C      2       4.000          4.007                        -0.007
    275       C      2       4.000          4.003                        -0.003
    276       C      2       4.000          3.995                         0.005
    277       C      2       4.000          3.995                         0.005
    278       H      1       1.000          0.555                         0.445
    279       H      1       1.000          0.555                         0.445
    280       C      2       4.000          4.007                        -0.007
    281       C      2       4.000          4.007                        -0.007
    282       C      2       4.000          4.455                        -0.455
    283       C      2       4.000          4.455                        -0.455
    284       C      2       4.000          4.446                        -0.446
    285       C      2       4.000          4.446                        -0.446
    286       C      2       4.000          4.006                        -0.006
    287       C      2       4.000          4.006                        -0.006
    288       H      1       1.000          0.551                         0.449
    289       H      1       1.000          0.551                         0.449
    290       C      2       4.000          4.470                        -0.470
    291       C      2       4.000          4.470                        -0.470
    292       C      2       4.000          4.781                        -0.781
    293       H      1       1.000          0.553                         0.447
    294       H      1       1.000          0.553                         0.447
    295       H      1       1.000          0.549                         0.451
    296       H      1       1.000          0.549                         0.451

  Total Charge                                                            0.173
 !-----------------------------------------------------------------------------!
  
 -------------------------------------------------------------------------------
 -                                                                             -
 -                          BANDSTRUCTURE CALCULATION                          -
 -                                                                             -
 -------------------------------------------------------------------------------
  
 Number of occupied molecular orbitals (MOs) = Number of occupied bands      484
 Number of unoccupied (= virtual) MOs = Number of unoccupied bands          2860
 Number of Gaussian basis functions for MOs                                 3344
  
 -------------------------------------------------------------------------------
 -                                                                             -
 -                                GW CALCULATION                               -
 -                                                                             -
 -------------------------------------------------------------------------------
  
 Input: Number of time/freq. points                                           30
 Input: ω_max for fitting Σ(iω) (eV)                                        10.0
 Input: Filter threshold for sparse tensor operations                    1.0E-10
 Input: Apply Hedin shift                                                      F
 Detected: Available memory per MPI process                              39.8 GB
 
 Input: RI-RS Tikhonov regularization                                   1.00E-08
 Input: AO grid hard cutoff radius                                        6.00 Å
 Input: MPI ranks per atom in Z_lP solve                                      -1
 Input: Keep sparsity in χ/G/W panels                                          T
 Input: GW flavour                                                          G0W0
 
 Input: RI-RS grid optimization activated                                      T
 Input: Element: H, number of points per atom:                                27
 Input: Element: C, number of points per atom:                                67
 Input: Cutoff radius for atomic clusters                                  3.0 Å
 Input: Maximum grid optimization iterations                                 200
 
 Cutoff radius for the truncated Coulomb operator in RI metric:            7.0 Å
 Regularization parameter of RI                                          0.0E+00
 Regularization parameter of minimax grids                               1.0E-06
  
 Number of auxiliary Gaussian basis functions for χ, ε, W                   7080
  Decoupling Energy:                                              -0.0002010343
 
 SCF direct band gap (eV)                                                   1.56
 Max. SCF eigval diff. (eV)                                               247.06
 E-Range for minimax grid                                                 158.77
 Number of Padé parameters for analytic continuation:                         16
 
 RI-RS basis radii (Å):
     Kind  Elem     r_AO (Å)     r_RI (Å)
        1    H        11.3560        5.9118
        2    C         9.5975        5.7974
 
 Started RI-RS grid optimization
 RI-RS grid optimization completed, execution time:                      201.2 s
 Normalized 3C error:                                                    1.7E-06
 Maximum absolute 3C error:                                              2.0E-02
 Total grid points used for RI-RS:                                         16952
 
 RI-RS grid row-blocks of Φ_μ(r_l)                                           744
 RI-RS grid points per block (max)                                            32
 
 Percentage of non-zero matrix elements in Φ_μ(r_l)                      17.61 %
 
 RI-RS memory estimate per MPI process:
   Available memory per process (system)                                47.41 GB
   Required for Z_lP (dense upper bound; actual is sparser)              0.02 GB
   Required for χ, W, Σ panels (peak per panel step)                     0.14 GB
   Required for Z_lP solve peak (D_local+φ, worst-case atom)             0.42 GB
   Worst-case local-grid number of grid points:                             6082
   Worst-case memory D_local:                                            0.30 GB
 
 Started computing Z_lP
 Per-kind maximum RI-RS sphere cutoff (Å):
   Kind   cutoff (Å)
     H        12.9118
     C        12.7974
 
 Computed Z_lP (MPI rank 0) for atom          1 /  5,    Execution time    0.7 s
 Computed Z_lP (MPI rank 0) for atom          2 /  5,    Execution time    0.7 s
 Computed Z_lP (MPI rank 0) for atom          3 /  5,    Execution time    0.7 s
 Computed Z_lP (MPI rank 0) for atom          4 /  5,    Execution time    0.2 s
 Computed Z_lP (MPI rank 0) for atom          5 /  5,    Execution time    0.3 s
 Computed Z_lP (all MPI ranks) for all atoms,            Execution time    2.9 s

 Memory per MPI process after computing Z_lP:
 Available memory per MPI process                               47.4 GB
 Used memory per MPI process                                     1.8 GB
 Number of batches for χ, Σ matrices                                           1
 
 Percentage of non-zero matrix elements in Z_lP                          36.63 %
 Percentage of non-zero matrix elements in G_ll', χ_ll', W_ll'          100.00 %
 Percentage of non-zero matrix elements in χ_PQ for time point 1        100.00 %
 
 Computed χ(iτ,k=0) for time point            1 / 30,    Execution time    0.5 s
 Computed χ(iτ,k=0) for time point            2 / 30,    Execution time    0.4 s
 Computed χ(iτ,k=0) for time point            3 / 30,    Execution time    0.4 s
 Computed χ(iτ,k=0) for time point            4 / 30,    Execution time    0.4 s
 Computed χ(iτ,k=0) for time point            5 / 30,    Execution time    0.4 s
 Computed χ(iτ,k=0) for time point            6 / 30,    Execution time    0.4 s
 Computed χ(iτ,k=0) for time point            7 / 30,    Execution time    0.4 s
 Computed χ(iτ,k=0) for time point            8 / 30,    Execution time    0.4 s
 Computed χ(iτ,k=0) for time point            9 / 30,    Execution time    0.4 s
 Computed χ(iτ,k=0) for time point           10 / 30,    Execution time    0.4 s
 Computed χ(iτ,k=0) for time point           11 / 30,    Execution time    0.4 s
 Computed χ(iτ,k=0) for time point           12 / 30,    Execution time    0.4 s
 Computed χ(iτ,k=0) for time point           13 / 30,    Execution time    0.4 s
 Computed χ(iτ,k=0) for time point           14 / 30,    Execution time    0.3 s
 Computed χ(iτ,k=0) for time point           15 / 30,    Execution time    0.3 s
 Computed χ(iτ,k=0) for time point           16 / 30,    Execution time    0.3 s
 Computed χ(iτ,k=0) for time point           17 / 30,    Execution time    0.3 s
 Computed χ(iτ,k=0) for time point           18 / 30,    Execution time    0.4 s
 Computed χ(iτ,k=0) for time point           19 / 30,    Execution time    0.3 s
 Computed χ(iτ,k=0) for time point           20 / 30,    Execution time    0.3 s
 Computed χ(iτ,k=0) for time point           21 / 30,    Execution time    0.3 s
 Computed χ(iτ,k=0) for time point           22 / 30,    Execution time    0.3 s
 Computed χ(iτ,k=0) for time point           23 / 30,    Execution time    0.3 s
 Computed χ(iτ,k=0) for time point           24 / 30,    Execution time    0.3 s
 Computed χ(iτ,k=0) for time point           25 / 30,    Execution time    0.3 s
 Computed χ(iτ,k=0) for time point           26 / 30,    Execution time    0.3 s
 Computed χ(iτ,k=0) for time point           27 / 30,    Execution time    0.1 s
 Computed χ(iτ,k=0) for time point           28 / 30,    Execution time    0.1 s
 Computed χ(iτ,k=0) for time point           29 / 30,    Execution time    0.1 s
 Computed χ(iτ,k=0) for time point           30 / 30,    Execution time    0.1 s
 
 Computed W(iτ),                                         Execution time   19.7 s
 Computed W(0),                                          Execution time    0.1 s
 
 Computed Σ^x(k=0),                                      Execution time    0.6 s
 
 Computed Σ^c(iτ) for time point              1 / 30,    Execution time    0.5 s
 Computed Σ^c(iτ) for time point              2 / 30,    Execution time    0.5 s
 Computed Σ^c(iτ) for time point              3 / 30,    Execution time    0.5 s
 Computed Σ^c(iτ) for time point              4 / 30,    Execution time    0.5 s
 Computed Σ^c(iτ) for time point              5 / 30,    Execution time    0.5 s
 Computed Σ^c(iτ) for time point              6 / 30,    Execution time    0.5 s
 Computed Σ^c(iτ) for time point              7 / 30,    Execution time    0.5 s
 Computed Σ^c(iτ) for time point              8 / 30,    Execution time    0.5 s
 Computed Σ^c(iτ) for time point              9 / 30,    Execution time    0.5 s
 Computed Σ^c(iτ) for time point             10 / 30,    Execution time    0.5 s
 Computed Σ^c(iτ) for time point             11 / 30,    Execution time    0.5 s
 Computed Σ^c(iτ) for time point             12 / 30,    Execution time    0.5 s
 Computed Σ^c(iτ) for time point             13 / 30,    Execution time    0.5 s
 Computed Σ^c(iτ) for time point             14 / 30,    Execution time    0.5 s
 Computed Σ^c(iτ) for time point             15 / 30,    Execution time    0.5 s
 Computed Σ^c(iτ) for time point             16 / 30,    Execution time    0.5 s
 Computed Σ^c(iτ) for time point             17 / 30,    Execution time    0.5 s
 Computed Σ^c(iτ) for time point             18 / 30,    Execution time    0.5 s
 Computed Σ^c(iτ) for time point             19 / 30,    Execution time    0.5 s
 Computed Σ^c(iτ) for time point             20 / 30,    Execution time    0.5 s
 Computed Σ^c(iτ) for time point             21 / 30,    Execution time    0.5 s
 Computed Σ^c(iτ) for time point             22 / 30,    Execution time    0.5 s
 Computed Σ^c(iτ) for time point             23 / 30,    Execution time    0.4 s
 Computed Σ^c(iτ) for time point             24 / 30,    Execution time    0.5 s
 Computed Σ^c(iτ) for time point             25 / 30,    Execution time    0.5 s
 Computed Σ^c(iτ) for time point             26 / 30,    Execution time    0.4 s
 Computed Σ^c(iτ) for time point             27 / 30,    Execution time    0.2 s
 Computed Σ^c(iτ) for time point             28 / 30,    Execution time    0.2 s
 Computed Σ^c(iτ) for time point             29 / 30,    Execution time    0.2 s
 Computed Σ^c(iτ) for time point             30 / 30,    Execution time    0.1 s
 
 SCF valence band maximum (eV):                                           -4.616
 SCF conduction band minimum (eV):                                        -3.060
 SCF indirect band gap (eV):                                               1.556
 SCF direct band gap (eV):                                                 1.556
 
 G0W0 valence band maximum (eV):                                          -5.046
 G0W0 conduction band minimum (eV):                                       -1.762
 G0W0 indirect band gap (eV):                                              3.284
 G0W0 direct band gap (eV):                                                3.284
 
 Hartree-Fock with SCF orbitals valence band maximum (eV):                -5.165
 Hartree-Fock with SCF orbitals conduction band minimum (eV)               0.497
 Hartree-Fock with SCF orbitals indirect band gap (eV):                    5.661
 Hartree-Fock with SCF orbitals direct band gap (eV):                      5.661

 ENERGY| Total FORCE_EVAL ( QS ) energy [hartree]          -1317.084172667794064

 *** HINT in emd/rt_bse_linearized.F:440 :: ENFORCE_MAX_DT enabled. ***
 *** Resetting TIMESTEP to          69.9790 as and STEPS to 2858.   ***

 
 /-----------------------------------------------------------------------------\
 |                                                                             |
 |              Linearized Real Time Bethe-Salpeter Propagation                |
 |                                                                             |
 \-----------------------------------------------------------------------------/
 
 Apply delta pulse                                                             T

 Use Tamm-Dancoff                                                              T
 TDA first-peak shift active                                                   F

 Estimated maximum timestep within stability region [as]:                69.9917
 Applied timestep [as]:                                                  69.9790
 Number of propagation steps:                                               2858
 Total propagation time [as]:                                        200000.0000
 Estimated FFT frequency resolution without interpolation [eV]:         0.020678
 Nyquist frequency [eV]:                                               29.549343
 Estimated maximum oscillation frequency (gap-based) [eV]:             26.598946
 GW flavor for computing GW eigenvalues used in RT-BSE:                     G0W0
 Active-window occupied energy cutoff [eV]:                               10.000
 Active-window virtual energy cutoff [eV]:                                10.000
 First active occupied MO index:                                             160
 Last active virtual MO index:                                               977
 Number of active MOs:                                                       818
 Spin 1 first active MO, E - E_HOMO (KS) [eV]:                            -9.984
 Spin 1 last active MO, E - E_LUMO (KS) [eV]:                              9.993
 Spin 1 first active MO, E - E_HOMO (QP) [eV]:                            -9.997
 Spin 1 last active MO, E - E_LUMO (QP) [eV]:                             10.304
 Precomputed RT-BSE RI-RS V_aux kernel,                  Execution time    0.2 s
 
 W0CUT| Cutoff radius, negative = off [angstrom]                         50.0000
 W0CUT| Retained block fraction                                         0.922560
 W0CUT| Retained Frobenius norm                                   4.48031685E+07
 Precomputed RT-BSE RI-RS W0_grid kernel,                Execution time    0.5 s
 
 RTBSE| Applying delta pulse
 RTBSE| Delta pulse elements (a.u.) :   -0.0000E+000  -0.1000E-002  -0.0000E+000
 RTBSE| Metric difference after delta kick                       0.60781366E-002
 RTBSE| Estimated runtime for propagation [s]                           5157.505
 RTBSE|
 RTBSE| Simulation step   Step time [s]                          Electron number
 RTBSE|               0           1.805                               0.650E+003
 RTBSE|               1           1.728                               0.650E+003
 RTBSE|               2           1.714                               0.650E+003
 RTBSE|               3           1.672                               0.650E+003
 RTBSE|               4           1.691                               0.650E+003
 RTBSE|               5           1.704                               0.650E+003
 RTBSE|               6           1.686                               0.650E+003
 RTBSE|               7           1.668                               0.650E+003
 RTBSE|               8           1.654                               0.650E+003
 RTBSE|               9           1.668                               0.650E+003
 RTBSE|              10           1.646                               0.650E+003
 RTBSE|              11           1.654                               0.650E+003
 RTBSE|              12           1.654                               0.650E+003
 RTBSE|              13           1.815                               0.650E+003
 RTBSE|              14           1.693                               0.650E+003
 RTBSE|              15           1.698                               0.650E+003
 RTBSE|              16           1.731                               0.650E+003
 RTBSE|              17           1.778                               0.650E+003
 RTBSE|              18           1.738                               0.650E+003
 RTBSE|              19           1.885                               0.650E+003
 RTBSE|              20           1.843                               0.650E+003
 RTBSE|              21           1.687                               0.650E+003
 RTBSE|              22           1.646                               0.650E+003
 RTBSE|              23           1.675                               0.650E+003
 RTBSE|              24           1.647                               0.650E+003
 RTBSE|              25           1.648                               0.650E+003
 RTBSE|              26           1.643                               0.650E+003
 RTBSE|              27           1.645                               0.650E+003
 RTBSE|              28           1.661                               0.650E+003
 RTBSE|              29           1.682                               0.650E+003
 RTBSE|              30           1.641                               0.650E+003
 RTBSE|              31           1.657                               0.650E+003
 RTBSE|              32           1.635                               0.650E+003
 RTBSE|              33           1.641                               0.650E+003
 RTBSE|              34           1.649                               0.650E+003
 RTBSE|              35           1.900                               0.650E+003
 RTBSE|              36           1.639                               0.650E+003
 RTBSE|              37           1.684                               0.650E+003
 RTBSE|              38           1.746                               0.650E+003
 RTBSE|              39           1.641                               0.650E+003
 RTBSE|              40           1.709                               0.650E+003
 RTBSE|              41           1.744                               0.650E+003
 RTBSE|              42           1.663                               0.650E+003
 RTBSE|              43           1.687                               0.650E+003
 RTBSE|              44           1.761                               0.650E+003
 RTBSE|              45           1.726                               0.650E+003
 RTBSE|              46           1.710                               0.650E+003
 RTBSE|              47           1.697                               0.650E+003
 RTBSE|              48           1.799                               0.650E+003
 RTBSE|              49           1.757                               0.650E+003
 RTBSE|              50           1.654                               0.650E+003
 RTBSE|              51           1.625                               0.650E+003
 RTBSE|              52           1.682                               0.650E+003
 RTBSE|              53           1.668                               0.650E+003
 RTBSE|              54           1.664                               0.650E+003
 RTBSE|              55           1.767                               0.650E+003
 RTBSE|              56           1.811                               0.650E+003
 RTBSE|              57           1.650                               0.650E+003
 RTBSE|              58           1.667                               0.650E+003
 RTBSE|              59           1.647                               0.650E+003
 RTBSE|              60           1.641                               0.650E+003
 RTBSE|              61           1.643                               0.650E+003
 RTBSE|              62           1.659                               0.650E+003
 RTBSE|              63           1.666                               0.650E+003
 RTBSE|              64           1.683                               0.650E+003
 RTBSE|              65           1.658                               0.650E+003
 RTBSE|              66           1.682                               0.650E+003
 RTBSE|              67           1.689                               0.650E+003
 RTBSE|              68           1.649                               0.650E+003
 RTBSE|              69           1.638                               0.650E+003
 RTBSE|              70           1.905                               0.650E+003
 RTBSE|              71           1.699                               0.650E+003
 RTBSE|              72           1.780                               0.650E+003
 RTBSE|              73           1.748                               0.650E+003
 RTBSE|              74           1.740                               0.650E+003
 RTBSE|              75           1.683                               0.650E+003
 RTBSE|              76           1.727                               0.650E+003
 RTBSE|              77           1.654                               0.650E+003
 RTBSE|              78           1.652                               0.650E+003
 RTBSE|              79           1.634                               0.650E+003
 RTBSE|              80           1.659                               0.650E+003
 RTBSE|              81           1.638                               0.650E+003
 RTBSE|              82           1.642                               0.650E+003
 RTBSE|              83           1.653                               0.650E+003
 RTBSE|              84           1.807                               0.650E+003
 RTBSE|              85           1.643                               0.650E+003
 RTBSE|              86           1.667                               0.650E+003
 RTBSE|              87           1.732                               0.650E+003
 RTBSE|              88           1.685                               0.650E+003
 RTBSE|              89           1.652                               0.650E+003
 RTBSE|              90           1.806                               0.650E+003
 RTBSE|              91           1.929                               0.650E+003
 RTBSE|              92           1.673                               0.650E+003
 RTBSE|              93           1.660                               0.650E+003
 RTBSE|              94           1.665                               0.650E+003
 RTBSE|              95           1.665                               0.650E+003
 RTBSE|              96           1.652                               0.650E+003
 RTBSE|              97           1.717                               0.650E+003
 RTBSE|              98           1.726                               0.650E+003
 RTBSE|              99           1.630                               0.650E+003
 RTBSE|             100           1.767                               0.650E+003
 RTBSE|             101           1.879                               0.650E+003
 RTBSE|             102           1.642                               0.650E+003
 RTBSE|             103           1.713                               0.650E+003
 RTBSE|             104           1.640                               0.650E+003
 RTBSE|             105           1.834                               0.650E+003
 RTBSE|             106           1.664                               0.650E+003
 RTBSE|             107           1.670                               0.650E+003
 RTBSE|             108           1.667                               0.650E+003
 RTBSE|             109           1.651                               0.650E+003
 RTBSE|             110           1.668                               0.650E+003
 RTBSE|             111           1.669                               0.650E+003
 RTBSE|             112           1.643                               0.650E+003
 RTBSE|             113           1.649                               0.650E+003
 RTBSE|             114           1.639                               0.650E+003
 RTBSE|             115           1.648                               0.650E+003
 RTBSE|             116           1.634                               0.650E+003
 RTBSE|             117           1.672                               0.650E+003
 RTBSE|             118           1.709                               0.650E+003
 RTBSE|             119           1.841                               0.650E+003
 RTBSE|             120           1.649                               0.650E+003
 RTBSE|             121           1.682                               0.650E+003
 RTBSE|             122           1.636                               0.650E+003
 RTBSE|             123           1.688                               0.650E+003
 RTBSE|             124           1.709                               0.650E+003
 RTBSE|             125           1.940                               0.650E+003
 RTBSE|             126           1.849                               0.650E+003
 RTBSE|             127           1.738                               0.650E+003
 RTBSE|             128           1.714                               0.650E+003
 RTBSE|             129           1.661                               0.650E+003
 RTBSE|             130           1.714                               0.650E+003
 RTBSE|             131           1.637                               0.650E+003
 RTBSE|             132           1.636                               0.650E+003
 RTBSE|             133           1.647                               0.650E+003
 RTBSE|             134           1.663                               0.650E+003
 RTBSE|             135           1.685                               0.650E+003
 RTBSE|             136           1.643                               0.650E+003
 RTBSE|             137           1.663                               0.650E+003
 RTBSE|             138           1.655                               0.650E+003
 RTBSE|             139           1.642                               0.650E+003
 RTBSE|             140           1.892                               0.650E+003
 RTBSE|             141           1.663                               0.650E+003
 RTBSE|             142           1.654                               0.650E+003
 RTBSE|             143           1.691                               0.650E+003
 RTBSE|             144           1.804                               0.650E+003
 RTBSE|             145           1.676                               0.650E+003
 RTBSE|             146           1.684                               0.650E+003
 RTBSE|             147           1.682                               0.650E+003
 RTBSE|             148           1.658                               0.650E+003
 RTBSE|             149           1.648                               0.650E+003
 RTBSE|             150           1.651                               0.650E+003
 RTBSE|             151           1.704                               0.650E+003
 RTBSE|             152           1.747                               0.650E+003
 RTBSE|             153           1.745                               0.650E+003
 RTBSE|             154           1.914                               0.650E+003
 RTBSE|             155           1.792                               0.650E+003
 RTBSE|             156           1.647                               0.650E+003
 RTBSE|             157           1.674                               0.650E+003
 RTBSE|             158           1.701                               0.650E+003
 RTBSE|             159           1.654                               0.650E+003
 RTBSE|             160           1.797                               0.650E+003
 RTBSE|             161           1.809                               0.650E+003
 RTBSE|             162           1.648                               0.650E+003
 RTBSE|             163           1.650                               0.650E+003
 RTBSE|             164           1.651                               0.650E+003
 RTBSE|             165           1.651                               0.650E+003
 RTBSE|             166           1.648                               0.650E+003
 RTBSE|             167           1.655                               0.650E+003
 RTBSE|             168           1.665                               0.650E+003
 RTBSE|             169           1.672                               0.650E+003
 RTBSE|             170           1.752                               0.650E+003
 RTBSE|             171           1.642                               0.650E+003
 RTBSE|             172           1.657                               0.650E+003
 RTBSE|             173           1.704                               0.650E+003
 RTBSE|             174           1.657                               0.650E+003
 RTBSE|             175           1.830                               0.650E+003
 RTBSE|             176           1.654                               0.650E+003
 RTBSE|             177           1.668                               0.650E+003
 RTBSE|             178           1.833                               0.650E+003
 RTBSE|             179           1.804                               0.650E+003
 RTBSE|             180           1.681                               0.650E+003
 RTBSE|             181           1.722                               0.650E+003
 RTBSE|             182           1.796                               0.650E+003
 RTBSE|             183           1.658                               0.650E+003
 RTBSE|             184           1.650                               0.650E+003
 RTBSE|             185           1.729                               0.650E+003
 RTBSE|             186           1.667                               0.650E+003
 RTBSE|             187           1.657                               0.650E+003
 RTBSE|             188           1.675                               0.650E+003
 RTBSE|             189           1.834                               0.650E+003
 RTBSE|             190           1.647                               0.650E+003
 RTBSE|             191           1.662                               0.650E+003
 RTBSE|             192           1.657                               0.650E+003
 RTBSE|             193           1.759                               0.650E+003
 RTBSE|             194           1.683                               0.650E+003
 RTBSE|             195           1.834                               0.650E+003
 RTBSE|             196           1.888                               0.650E+003
 RTBSE|             197           1.733                               0.650E+003
 RTBSE|             198           1.660                               0.650E+003
 RTBSE|             199           1.660                               0.650E+003
 RTBSE|             200           1.650                               0.650E+003
 RTBSE|             201           1.637                               0.650E+003
 RTBSE|             202           1.644                               0.650E+003
 RTBSE|             203           1.683                               0.650E+003
 RTBSE|             204           1.696                               0.650E+003
 RTBSE|             205           1.797                               0.650E+003
 RTBSE|             206           1.710                               0.650E+003
 RTBSE|             207           1.759                               0.650E+003
 RTBSE|             208           1.721                               0.650E+003
 RTBSE|             209           1.722                               0.650E+003
 RTBSE|             210           1.861                               0.650E+003
 RTBSE|             211           1.651                               0.650E+003
 RTBSE|             212           1.703                               0.650E+003
 RTBSE|             213           1.658                               0.650E+003
 RTBSE|             214           1.688                               0.650E+003
 RTBSE|             215           1.678                               0.650E+003
 RTBSE|             216           1.675                               0.650E+003
 RTBSE|             217           1.662                               0.650E+003
 RTBSE|             218           1.643                               0.650E+003
 RTBSE|             219           1.637                               0.650E+003
 RTBSE|             220           1.688                               0.650E+003
 RTBSE|             221           1.694                               0.650E+003
 RTBSE|             222           1.669                               0.650E+003
 RTBSE|             223           1.700                               0.650E+003
 RTBSE|             224           1.828                               0.650E+003
 RTBSE|             225           1.638                               0.650E+003
 RTBSE|             226           1.650                               0.650E+003
 RTBSE|             227           1.652                               0.650E+003
 RTBSE|             228           1.682                               0.650E+003
 RTBSE|             229           1.648                               0.650E+003
 RTBSE|             230           1.880                               0.650E+003
 RTBSE|             231           1.912                               0.650E+003
 RTBSE|             232           1.756                               0.650E+003
 RTBSE|             233           1.650                               0.650E+003
 RTBSE|             234           1.680                               0.650E+003
 RTBSE|             235           1.721                               0.650E+003
 RTBSE|             236           1.694                               0.650E+003
 RTBSE|             237           1.678                               0.650E+003
 RTBSE|             238           1.673                               0.650E+003
 RTBSE|             239           1.679                               0.650E+003
 RTBSE|             240           1.670                               0.650E+003
 RTBSE|             241           1.633                               0.650E+003
 RTBSE|             242           1.663                               0.650E+003
 RTBSE|             243           1.659                               0.650E+003
 RTBSE|             244           1.668                               0.650E+003
 RTBSE|             245           1.925                               0.650E+003
 RTBSE|             246           1.757                               0.650E+003
 RTBSE|             247           1.649                               0.650E+003
 RTBSE|             248           1.675                               0.650E+003
 RTBSE|             249           1.831                               0.650E+003
 RTBSE|             250           1.668                               0.650E+003
 RTBSE|             251           1.689                               0.650E+003
 RTBSE|             252           1.653                               0.650E+003
 RTBSE|             253           1.654                               0.650E+003
 RTBSE|             254           1.653                               0.650E+003
 RTBSE|             255           1.649                               0.650E+003
 RTBSE|             256           1.638                               0.650E+003
 RTBSE|             257           1.664                               0.650E+003
 RTBSE|             258           1.788                               0.650E+003
 RTBSE|             259           1.925                               0.650E+003
 RTBSE|             260           1.668                               0.650E+003
 RTBSE|             261           1.704                               0.650E+003
 RTBSE|             262           1.760                               0.650E+003
 RTBSE|             263           1.688                               0.650E+003
 RTBSE|             264           1.649                               0.650E+003
 RTBSE|             265           1.824                               0.650E+003
 RTBSE|             266           1.893                               0.650E+003
 RTBSE|             267           1.646                               0.650E+003
 RTBSE|             268           1.644                               0.650E+003
 RTBSE|             269           1.649                               0.650E+003
 RTBSE|             270           1.674                               0.650E+003
 RTBSE|             271           1.694                               0.650E+003
 RTBSE|             272           1.637                               0.650E+003
 RTBSE|             273           1.649                               0.650E+003
 RTBSE|             274           1.657                               0.650E+003
 RTBSE|             275           1.674                               0.650E+003
 RTBSE|             276           1.646                               0.650E+003
 RTBSE|             277           1.650                               0.650E+003
 RTBSE|             278           1.646                               0.650E+003
 RTBSE|             279           1.649                               0.650E+003
 RTBSE|             280           1.766                               0.650E+003
 RTBSE|             281           1.663                               0.650E+003
 RTBSE|             282           1.656                               0.650E+003
 RTBSE|             283           1.756                               0.650E+003
 RTBSE|             284           1.726                               0.650E+003
 RTBSE|             285           1.771                               0.650E+003
 RTBSE|             286           1.760                               0.650E+003
 RTBSE|             287           1.689                               0.650E+003
 RTBSE|             288           1.705                               0.650E+003
 RTBSE|             289           1.696                               0.650E+003
 RTBSE|             290           1.661                               0.650E+003
 RTBSE|             291           1.684                               0.650E+003
 RTBSE|             292           1.672                               0.650E+003
 RTBSE|             293           1.726                               0.650E+003
 RTBSE|             294           1.811                               0.650E+003
 RTBSE|             295           1.659                               0.650E+003
 RTBSE|             296           1.723                               0.650E+003
 RTBSE|             297           1.786                               0.650E+003
 RTBSE|             298           1.700                               0.650E+003
 RTBSE|             299           1.678                               0.650E+003
 RTBSE|             300           1.790                               0.650E+003
 RTBSE|             301           1.798                               0.650E+003
 RTBSE|             302           1.745                               0.650E+003
 RTBSE|             303           1.668                               0.650E+003
 RTBSE|             304           1.676                               0.650E+003
 RTBSE|             305           1.660                               0.650E+003
 RTBSE|             306           1.648                               0.650E+003
 RTBSE|             307           1.654                               0.650E+003
 RTBSE|             308           1.647                               0.650E+003
 RTBSE|             309           1.649                               0.650E+003
 RTBSE|             310           1.735                               0.650E+003
 RTBSE|             311           1.730                               0.650E+003
 RTBSE|             312           1.829                               0.650E+003
 RTBSE|             313           1.678                               0.650E+003
 RTBSE|             314           1.677                               0.650E+003
 RTBSE|             315           1.906                               0.650E+003
 RTBSE|             316           1.717                               0.650E+003
 RTBSE|             317           1.690                               0.650E+003
 RTBSE|             318           1.669                               0.650E+003
 RTBSE|             319           1.718                               0.650E+003
 RTBSE|             320           1.677                               0.650E+003
 RTBSE|             321           1.762                               0.650E+003
 RTBSE|             322           1.700                               0.650E+003
 RTBSE|             323           1.645                               0.650E+003
 RTBSE|             324           1.700                               0.650E+003
 RTBSE|             325           1.654                               0.650E+003
 RTBSE|             326           1.660                               0.650E+003
 RTBSE|             327           1.668                               0.650E+003
 RTBSE|             328           1.702                               0.650E+003
 RTBSE|             329           1.789                               0.650E+003
 RTBSE|             330           1.656                               0.650E+003
 RTBSE|             331           1.658                               0.650E+003
 RTBSE|             332           1.701                               0.650E+003
 RTBSE|             333           1.672                               0.650E+003
 RTBSE|             334           1.663                               0.650E+003
 RTBSE|             335           1.835                               0.650E+003
 RTBSE|             336           1.850                               0.650E+003
 RTBSE|             337           1.775                               0.650E+003
 RTBSE|             338           1.719                               0.650E+003
 RTBSE|             339           1.660                               0.650E+003
 RTBSE|             340           1.659                               0.650E+003
 RTBSE|             341           1.734                               0.650E+003
 RTBSE|             342           1.697                               0.650E+003
 RTBSE|             343           1.698                               0.650E+003
 RTBSE|             344           1.662                               0.650E+003
 RTBSE|             345           1.672                               0.650E+003
 RTBSE|             346           1.746                               0.650E+003
 RTBSE|             347           1.692                               0.650E+003
 RTBSE|             348           1.656                               0.650E+003
 RTBSE|             349           1.650                               0.650E+003
 RTBSE|             350           1.962                               0.650E+003
 RTBSE|             351           1.664                               0.650E+003
 RTBSE|             352           1.633                               0.650E+003
 RTBSE|             353           1.667                               0.650E+003
 RTBSE|             354           1.777                               0.650E+003
 RTBSE|             355           1.675                               0.650E+003
 RTBSE|             356           1.678                               0.650E+003
 RTBSE|             357           1.655                               0.650E+003
 RTBSE|             358           1.642                               0.650E+003
 RTBSE|             359           1.640                               0.650E+003
 RTBSE|             360           1.664                               0.650E+003
 RTBSE|             361           1.647                               0.650E+003
 RTBSE|             362           1.664                               0.650E+003
 RTBSE|             363           1.689                               0.650E+003
 RTBSE|             364           1.838                               0.650E+003
 RTBSE|             365           1.821                               0.650E+003
 RTBSE|             366           1.649                               0.650E+003
 RTBSE|             367           1.707                               0.650E+003
 RTBSE|             368           1.693                               0.650E+003
 RTBSE|             369           1.707                               0.650E+003
 RTBSE|             370           1.826                               0.650E+003
 RTBSE|             371           1.829                               0.650E+003
 RTBSE|             372           1.702                               0.650E+003
 RTBSE|             373           1.719                               0.650E+003
 RTBSE|             374           1.679                               0.650E+003
 RTBSE|             375           1.711                               0.650E+003
 RTBSE|             376           1.643                               0.650E+003
 RTBSE|             377           1.645                               0.650E+003
 RTBSE|             378           1.653                               0.650E+003
 RTBSE|             379           1.668                               0.650E+003
 RTBSE|             380           1.667                               0.650E+003
 RTBSE|             381           1.653                               0.650E+003
 RTBSE|             382           1.678                               0.650E+003
 RTBSE|             383           1.646                               0.650E+003
 RTBSE|             384           1.637                               0.650E+003
 RTBSE|             385           1.804                               0.650E+003
 RTBSE|             386           1.660                               0.650E+003
 RTBSE|             387           1.665                               0.650E+003
 RTBSE|             388           1.773                               0.650E+003
 RTBSE|             389           1.668                               0.650E+003
 RTBSE|             390           1.655                               0.650E+003
 RTBSE|             391           1.769                               0.650E+003
 RTBSE|             392           1.746                               0.650E+003
 RTBSE|             393           1.644                               0.650E+003
 RTBSE|             394           1.702                               0.650E+003
 RTBSE|             395           1.694                               0.650E+003
 RTBSE|             396           1.669                               0.650E+003
 RTBSE|             397           1.747                               0.650E+003
 RTBSE|             398           1.791                               0.650E+003
 RTBSE|             399           1.839                               0.650E+003
 RTBSE|             400           1.732                               0.650E+003
 RTBSE|             401           1.680                               0.650E+003
 RTBSE|             402           1.769                               0.650E+003
 RTBSE|             403           1.658                               0.650E+003
 RTBSE|             404           1.644                               0.650E+003
 RTBSE|             405           1.803                               0.650E+003
 RTBSE|             406           1.689                               0.650E+003
 RTBSE|             407           1.865                               0.650E+003
 RTBSE|             408           1.662                               0.650E+003
 RTBSE|             409           1.667                               0.650E+003
 RTBSE|             410           1.668                               0.650E+003
 RTBSE|             411           1.645                               0.650E+003
 RTBSE|             412           1.670                               0.650E+003
 RTBSE|             413           1.680                               0.650E+003
 RTBSE|             414           1.658                               0.650E+003
 RTBSE|             415           1.685                               0.650E+003
 RTBSE|             416           1.664                               0.650E+003
 RTBSE|             417           1.802                               0.650E+003
 RTBSE|             418           1.749                               0.650E+003
 RTBSE|             419           1.684                               0.650E+003
 RTBSE|             420           1.846                               0.650E+003
 RTBSE|             421           1.735                               0.650E+003
 RTBSE|             422           1.682                               0.650E+003
 RTBSE|             423           1.761                               0.650E+003
 RTBSE|             424           1.765                               0.650E+003
 RTBSE|             425           1.669                               0.650E+003
 RTBSE|             426           1.749                               0.650E+003
 RTBSE|             427           1.686                               0.650E+003
 RTBSE|             428           1.654                               0.650E+003
 RTBSE|             429           1.640                               0.650E+003
 RTBSE|             430           1.653                               0.650E+003
 RTBSE|             431           1.669                               0.650E+003
 RTBSE|             432           1.652                               0.650E+003
 RTBSE|             433           1.692                               0.650E+003
 RTBSE|             434           1.813                               0.650E+003
 RTBSE|             435           1.693                               0.650E+003
 RTBSE|             436           1.654                               0.650E+003
 RTBSE|             437           1.684                               0.650E+003
 RTBSE|             438           1.677                               0.650E+003
 RTBSE|             439           1.661                               0.650E+003
 RTBSE|             440           1.806                               0.650E+003
 RTBSE|             441           1.722                               0.650E+003
 RTBSE|             442           1.814                               0.650E+003
 RTBSE|             443           1.667                               0.650E+003
 RTBSE|             444           1.794                               0.650E+003
 RTBSE|             445           1.738                               0.650E+003
 RTBSE|             446           1.643                               0.650E+003
 RTBSE|             447           1.727                               0.650E+003
 RTBSE|             448           1.704                               0.650E+003
 RTBSE|             449           1.724                               0.650E+003
 RTBSE|             450           1.761                               0.650E+003
 RTBSE|             451           1.685                               0.650E+003
 RTBSE|             452           1.694                               0.650E+003
 RTBSE|             453           1.648                               0.650E+003
 RTBSE|             454           1.665                               0.650E+003
 RTBSE|             455           1.908                               0.650E+003
 RTBSE|             456           1.655                               0.650E+003
 RTBSE|             457           1.658                               0.650E+003
 RTBSE|             458           1.676                               0.650E+003
 RTBSE|             459           1.755                               0.650E+003
 RTBSE|             460           1.661                               0.650E+003
 RTBSE|             461           1.680                               0.650E+003
 RTBSE|             462           1.659                               0.650E+003
 RTBSE|             463           1.666                               0.650E+003
 RTBSE|             464           1.651                               0.650E+003
 RTBSE|             465           1.664                               0.650E+003
 RTBSE|             466           1.670                               0.650E+003
 RTBSE|             467           1.658                               0.650E+003
 RTBSE|             468           1.685                               0.650E+003
 RTBSE|             469           1.669                               0.650E+003
 RTBSE|             470           1.932                               0.650E+003
 RTBSE|             471           1.749                               0.650E+003
 RTBSE|             472           1.708                               0.650E+003
 RTBSE|             473           1.660                               0.650E+003
 RTBSE|             474           1.768                               0.650E+003
 RTBSE|             475           1.887                               0.650E+003
 RTBSE|             476           1.819                               0.650E+003
 RTBSE|             477           1.729                               0.650E+003
 RTBSE|             478           1.752                               0.650E+003
 RTBSE|             479           1.674                               0.650E+003
 RTBSE|             480           1.692                               0.650E+003
 RTBSE|             481           1.667                               0.650E+003
 RTBSE|             482           1.677                               0.650E+003
 RTBSE|             483           1.661                               0.650E+003
 RTBSE|             484           1.666                               0.650E+003
 RTBSE|             485           1.694                               0.650E+003
 RTBSE|             486           1.671                               0.650E+003
 RTBSE|             487           1.663                               0.650E+003
 RTBSE|             488           1.656                               0.650E+003
 RTBSE|             489           1.659                               0.650E+003
 RTBSE|             490           1.830                               0.650E+003
 RTBSE|             491           1.677                               0.650E+003
 RTBSE|             492           1.653                               0.650E+003
 RTBSE|             493           1.794                               0.650E+003
 RTBSE|             494           1.699                               0.650E+003
 RTBSE|             495           1.690                               0.650E+003
 RTBSE|             496           1.681                               0.650E+003
 RTBSE|             497           1.739                               0.650E+003
 RTBSE|             498           1.775                               0.650E+003
 RTBSE|             499           1.649                               0.650E+003
 RTBSE|             500           1.703                               0.650E+003
 RTBSE|             501           1.780                               0.650E+003
 RTBSE|             502           1.668                               0.650E+003
 RTBSE|             503           1.698                               0.650E+003
 RTBSE|             504           1.909                               0.650E+003
 RTBSE|             505           1.708                               0.650E+003
 RTBSE|             506           1.674                               0.650E+003
 RTBSE|             507           1.812                               0.650E+003
 RTBSE|             508           1.682                               0.650E+003
 RTBSE|             509           1.666                               0.650E+003
 RTBSE|             510           1.822                               0.650E+003
 RTBSE|             511           1.878                               0.650E+003
 RTBSE|             512           1.716                               0.650E+003
 RTBSE|             513           1.666                               0.650E+003
 RTBSE|             514           1.683                               0.650E+003
 RTBSE|             515           1.665                               0.650E+003
 RTBSE|             516           1.666                               0.650E+003
 RTBSE|             517           1.678                               0.650E+003
 RTBSE|             518           1.676                               0.650E+003
 RTBSE|             519           1.652                               0.650E+003
 RTBSE|             520           1.690                               0.650E+003
 RTBSE|             521           1.661                               0.650E+003
 RTBSE|             522           1.763                               0.650E+003
 RTBSE|             523           1.751                               0.650E+003
 RTBSE|             524           1.731                               0.650E+003
 RTBSE|             525           1.895                               0.650E+003
 RTBSE|             526           1.775                               0.650E+003
 RTBSE|             527           1.743                               0.650E+003
 RTBSE|             528           1.662                               0.650E+003
 RTBSE|             529           1.711                               0.650E+003
 RTBSE|             530           1.672                               0.650E+003
 RTBSE|             531           1.775                               0.650E+003
 RTBSE|             532           1.704                               0.650E+003
 RTBSE|             533           1.641                               0.650E+003
 RTBSE|             534           1.699                               0.650E+003
 RTBSE|             535           1.659                               0.650E+003
 RTBSE|             536           1.670                               0.650E+003
 RTBSE|             537           1.653                               0.650E+003
 RTBSE|             538           1.695                               0.650E+003
 RTBSE|             539           1.816                               0.650E+003
 RTBSE|             540           1.649                               0.650E+003
 RTBSE|             541           1.667                               0.650E+003
 RTBSE|             542           1.691                               0.650E+003
 RTBSE|             543           1.679                               0.650E+003
 RTBSE|             544           1.657                               0.650E+003
 RTBSE|             545           1.879                               0.650E+003
 RTBSE|             546           1.848                               0.650E+003
 RTBSE|             547           1.669                               0.650E+003
 RTBSE|             548           1.688                               0.650E+003
 RTBSE|             549           1.737                               0.650E+003
 RTBSE|             550           1.733                               0.650E+003
 RTBSE|             551           1.675                               0.650E+003
 RTBSE|             552           1.767                               0.650E+003
 RTBSE|             553           1.665                               0.650E+003
 RTBSE|             554           1.795                               0.650E+003
 RTBSE|             555           1.652                               0.650E+003
 RTBSE|             556           1.680                               0.650E+003
 RTBSE|             557           1.657                               0.650E+003
 RTBSE|             558           1.744                               0.650E+003
 RTBSE|             559           1.879                               0.650E+003
 RTBSE|             560           1.738                               0.650E+003
 RTBSE|             561           1.702                               0.650E+003
 RTBSE|             562           1.680                               0.650E+003
 RTBSE|             563           1.662                               0.650E+003
 RTBSE|             564           1.770                               0.650E+003
 RTBSE|             565           1.682                               0.650E+003
 RTBSE|             566           1.685                               0.650E+003
 RTBSE|             567           1.658                               0.650E+003
 RTBSE|             568           1.647                               0.650E+003
 RTBSE|             569           1.648                               0.650E+003
 RTBSE|             570           1.665                               0.650E+003
 RTBSE|             571           1.653                               0.650E+003
 RTBSE|             572           1.661                               0.650E+003
 RTBSE|             573           1.661                               0.650E+003
 RTBSE|             574           1.878                               0.650E+003
 RTBSE|             575           1.686                               0.650E+003
 RTBSE|             576           1.735                               0.650E+003
 RTBSE|             577           1.743                               0.650E+003
 RTBSE|             578           1.729                               0.650E+003
 RTBSE|             579           1.681                               0.650E+003
 RTBSE|             580           1.856                               0.650E+003
 RTBSE|             581           1.848                               0.650E+003
 RTBSE|             582           1.652                               0.650E+003
 RTBSE|             583           1.647                               0.650E+003
 RTBSE|             584           1.681                               0.650E+003
 RTBSE|             585           1.703                               0.650E+003
 RTBSE|             586           1.679                               0.650E+003
 RTBSE|             587           1.666                               0.650E+003
 RTBSE|             588           1.719                               0.650E+003
 RTBSE|             589           1.704                               0.650E+003
 RTBSE|             590           1.655                               0.650E+003
 RTBSE|             591           1.682                               0.650E+003
 RTBSE|             592           1.664                               0.650E+003
 RTBSE|             593           1.663                               0.650E+003
 RTBSE|             594           1.840                               0.650E+003
 RTBSE|             595           1.662                               0.650E+003
 RTBSE|             596           1.658                               0.650E+003
 RTBSE|             597           1.701                               0.650E+003
 RTBSE|             598           1.709                               0.650E+003
 RTBSE|             599           1.676                               0.650E+003
 RTBSE|             600           1.680                               0.650E+003
 RTBSE|             601           1.692                               0.650E+003
 RTBSE|             602           1.723                               0.650E+003
 RTBSE|             603           1.779                               0.650E+003
 RTBSE|             604           1.690                               0.650E+003
 RTBSE|             605           1.766                               0.650E+003
 RTBSE|             606           1.702                               0.650E+003
 RTBSE|             607           1.676                               0.650E+003
 RTBSE|             608           1.706                               0.650E+003
 RTBSE|             609           1.813                               0.650E+003
 RTBSE|             610           1.658                               0.650E+003
 RTBSE|             611           1.666                               0.650E+003
 RTBSE|             612           1.837                               0.650E+003
 RTBSE|             613           1.682                               0.650E+003
 RTBSE|             614           1.663                               0.650E+003
 RTBSE|             615           1.841                               0.650E+003
 RTBSE|             616           1.898                               0.650E+003
 RTBSE|             617           1.674                               0.650E+003
 RTBSE|             618           1.682                               0.650E+003
 RTBSE|             619           1.671                               0.650E+003
 RTBSE|             620           1.651                               0.650E+003
 RTBSE|             621           1.652                               0.650E+003
 RTBSE|             622           1.677                               0.650E+003
 RTBSE|             623           1.667                               0.650E+003
 RTBSE|             624           1.671                               0.650E+003
 RTBSE|             625           1.658                               0.650E+003
 RTBSE|             626           1.706                               0.650E+003
 RTBSE|             627           1.734                               0.650E+003
 RTBSE|             628           1.741                               0.650E+003
 RTBSE|             629           1.890                               0.650E+003
 RTBSE|             630           1.719                               0.650E+003
 RTBSE|             631           1.696                               0.650E+003
 RTBSE|             632           1.756                               0.650E+003
 RTBSE|             633           1.679                               0.650E+003
 RTBSE|             634           1.721                               0.650E+003
 RTBSE|             635           1.706                               0.650E+003
 RTBSE|             636           1.697                               0.650E+003
 RTBSE|             637           1.675                               0.650E+003
 RTBSE|             638           1.688                               0.650E+003
 RTBSE|             639           1.683                               0.650E+003
 RTBSE|             640           1.720                               0.650E+003
 RTBSE|             641           1.652                               0.650E+003
 RTBSE|             642           1.682                               0.650E+003
 RTBSE|             643           1.714                               0.650E+003
 RTBSE|             644           1.816                               0.650E+003
 RTBSE|             645           1.666                               0.650E+003
 RTBSE|             646           1.655                               0.650E+003
 RTBSE|             647           1.699                               0.650E+003
 RTBSE|             648           1.660                               0.650E+003
 RTBSE|             649           1.663                               0.650E+003
 RTBSE|             650           1.918                               0.650E+003
 RTBSE|             651           1.838                               0.650E+003
 RTBSE|             652           1.676                               0.650E+003
 RTBSE|             653           1.716                               0.650E+003
 RTBSE|             654           1.736                               0.650E+003
 RTBSE|             655           1.693                               0.650E+003
 RTBSE|             656           1.699                               0.650E+003
 RTBSE|             657           1.779                               0.650E+003
 RTBSE|             658           1.731                               0.650E+003
 RTBSE|             659           1.684                               0.650E+003
 RTBSE|             660           1.711                               0.650E+003
 RTBSE|             661           1.692                               0.650E+003
 RTBSE|             662           1.655                               0.650E+003
 RTBSE|             663           1.659                               0.650E+003
 RTBSE|             664           1.928                               0.650E+003
 RTBSE|             665           1.708                               0.650E+003
 RTBSE|             666           1.698                               0.650E+003
 RTBSE|             667           1.685                               0.650E+003
 RTBSE|             668           1.787                               0.650E+003
 RTBSE|             669           1.702                               0.650E+003
 RTBSE|             670           1.704                               0.650E+003
 RTBSE|             671           1.663                               0.650E+003
 RTBSE|             672           1.660                               0.650E+003
 RTBSE|             673           1.650                               0.650E+003
 RTBSE|             674           1.666                               0.650E+003
 RTBSE|             675           1.654                               0.650E+003
 RTBSE|             676           1.676                               0.650E+003
 RTBSE|             677           1.689                               0.650E+003
 RTBSE|             678           1.669                               0.650E+003
 RTBSE|             679           1.945                               0.650E+003
 RTBSE|             680           1.717                               0.650E+003
 RTBSE|             681           1.721                               0.650E+003
 RTBSE|             682           1.776                               0.650E+003
 RTBSE|             683           1.731                               0.650E+003
 RTBSE|             684           1.858                               0.650E+003
 RTBSE|             685           1.777                               0.650E+003
 RTBSE|             686           1.687                               0.650E+003
 RTBSE|             687           1.648                               0.650E+003
 RTBSE|             688           1.677                               0.650E+003
 RTBSE|             689           1.669                               0.650E+003
 RTBSE|             690           1.646                               0.650E+003
 RTBSE|             691           1.652                               0.650E+003
 RTBSE|             692           1.675                               0.650E+003
 RTBSE|             693           1.719                               0.650E+003
 RTBSE|             694           1.725                               0.650E+003
 RTBSE|             695           1.672                               0.650E+003
 RTBSE|             696           1.679                               0.650E+003
 RTBSE|             697           1.669                               0.650E+003
 RTBSE|             698           1.679                               0.650E+003
 RTBSE|             699           1.821                               0.650E+003
 RTBSE|             700           1.695                               0.650E+003
 RTBSE|             701           1.666                               0.650E+003
 RTBSE|             702           1.792                               0.650E+003
 RTBSE|             703           1.681                               0.650E+003
 RTBSE|             704           1.715                               0.650E+003
 RTBSE|             705           1.724                               0.650E+003
 RTBSE|             706           1.718                               0.650E+003
 RTBSE|             707           1.698                               0.650E+003
 RTBSE|             708           1.755                               0.650E+003
 RTBSE|             709           1.675                               0.650E+003
 RTBSE|             710           1.678                               0.650E+003
 RTBSE|             711           1.713                               0.650E+003
 RTBSE|             712           1.683                               0.650E+003
 RTBSE|             713           1.649                               0.650E+003
 RTBSE|             714           1.812                               0.650E+003
 RTBSE|             715           1.659                               0.650E+003
 RTBSE|             716           1.652                               0.650E+003
 RTBSE|             717           1.743                               0.650E+003
 RTBSE|             718           1.655                               0.650E+003
 RTBSE|             719           1.783                               0.650E+003
 RTBSE|             720           1.951                               0.650E+003
 RTBSE|             721           1.688                               0.650E+003
 RTBSE|             722           1.676                               0.650E+003
 RTBSE|             723           1.704                               0.650E+003
 RTBSE|             724           1.669                               0.650E+003
 RTBSE|             725           1.647                               0.650E+003
 RTBSE|             726           1.657                               0.650E+003
 RTBSE|             727           1.662                               0.650E+003
 RTBSE|             728           1.641                               0.650E+003
 RTBSE|             729           1.686                               0.650E+003
 RTBSE|             730           1.681                               0.650E+003
 RTBSE|             731           1.745                               0.650E+003
 RTBSE|             732           1.660                               0.650E+003
 RTBSE|             733           1.693                               0.650E+003
 RTBSE|             734           1.901                               0.650E+003
 RTBSE|             735           1.681                               0.650E+003
 RTBSE|             736           1.722                               0.650E+003
 RTBSE|             737           1.731                               0.650E+003
 RTBSE|             738           1.706                               0.650E+003
 RTBSE|             739           1.675                               0.650E+003
 RTBSE|             740           1.709                               0.650E+003
 RTBSE|             741           1.671                               0.650E+003
 RTBSE|             742           1.655                               0.650E+003
 RTBSE|             743           1.661                               0.650E+003
 RTBSE|             744           1.646                               0.650E+003
 RTBSE|             745           1.654                               0.650E+003
 RTBSE|             746           1.658                               0.650E+003
 RTBSE|             747           1.714                               0.650E+003
 RTBSE|             748           1.705                               0.650E+003
 RTBSE|             749           1.823                               0.650E+003
 RTBSE|             750           1.667                               0.650E+003
 RTBSE|             751           1.680                               0.650E+003
 RTBSE|             752           1.686                               0.650E+003
 RTBSE|             753           1.677                               0.650E+003
 RTBSE|             754           1.786                               0.650E+003
 RTBSE|             755           1.945                               0.650E+003
 RTBSE|             756           1.706                               0.650E+003
 RTBSE|             757           1.692                               0.650E+003
 RTBSE|             758           1.669                               0.650E+003
 RTBSE|             759           1.761                               0.650E+003
 RTBSE|             760           1.683                               0.650E+003
 RTBSE|             761           1.690                               0.650E+003
 RTBSE|             762           1.677                               0.650E+003
 RTBSE|             763           1.726                               0.650E+003
 RTBSE|             764           1.726                               0.650E+003
 RTBSE|             765           1.680                               0.650E+003
 RTBSE|             766           1.679                               0.650E+003
 RTBSE|             767           1.722                               0.650E+003
 RTBSE|             768           1.658                               0.650E+003
 RTBSE|             769           1.873                               0.650E+003
 RTBSE|             770           1.668                               0.650E+003
 RTBSE|             771           1.690                               0.650E+003
 RTBSE|             772           1.673                               0.650E+003
 RTBSE|             773           1.823                               0.650E+003
 RTBSE|             774           1.718                               0.650E+003
 RTBSE|             775           1.696                               0.650E+003
 RTBSE|             776           1.665                               0.650E+003
 RTBSE|             777           1.694                               0.650E+003
 RTBSE|             778           1.650                               0.650E+003
 RTBSE|             779           1.669                               0.650E+003
 RTBSE|             780           1.679                               0.650E+003
 RTBSE|             781           1.890                               0.650E+003
 RTBSE|             782           1.946                               0.650E+003
 RTBSE|             783           1.887                               0.650E+003
 RTBSE|             784           1.724                               0.650E+003
 RTBSE|             785           1.761                               0.650E+003
 RTBSE|             786           1.701                               0.650E+003
 RTBSE|             787           1.674                               0.650E+003
 RTBSE|             788           1.755                               0.650E+003
 RTBSE|             789           1.804                               0.650E+003
 RTBSE|             790           1.882                               0.650E+003
 RTBSE|             791           1.660                               0.650E+003
 RTBSE|             792           1.698                               0.650E+003
 RTBSE|             793           1.660                               0.650E+003
 RTBSE|             794           1.670                               0.650E+003
 RTBSE|             795           1.665                               0.650E+003
 RTBSE|             796           1.684                               0.650E+003
 RTBSE|             797           1.674                               0.650E+003
 RTBSE|             798           1.712                               0.650E+003
 RTBSE|             799           1.719                               0.650E+003
 RTBSE|             800           1.721                               0.650E+003
 RTBSE|             801           1.674                               0.650E+003
 RTBSE|             802           1.681                               0.650E+003
 RTBSE|             803           1.744                               0.650E+003
 RTBSE|             804           1.853                               0.650E+003
 RTBSE|             805           1.654                               0.650E+003
 RTBSE|             806           1.757                               0.650E+003
 RTBSE|             807           1.729                               0.650E+003
 RTBSE|             808           1.698                               0.650E+003
 RTBSE|             809           1.687                               0.650E+003
 RTBSE|             810           1.739                               0.650E+003
 RTBSE|             811           1.739                               0.650E+003
 RTBSE|             812           1.709                               0.650E+003
 RTBSE|             813           1.666                               0.650E+003
 RTBSE|             814           1.705                               0.650E+003
 RTBSE|             815           1.722                               0.650E+003
 RTBSE|             816           1.729                               0.650E+003
 RTBSE|             817           1.674                               0.650E+003
 RTBSE|             818           1.836                               0.650E+003
 RTBSE|             819           1.658                               0.650E+003
 RTBSE|             820           1.744                               0.650E+003
 RTBSE|             821           1.702                               0.650E+003
 RTBSE|             822           1.682                               0.650E+003
 RTBSE|             823           1.804                               0.650E+003
 RTBSE|             824           1.674                               0.650E+003
 RTBSE|             825           1.931                               0.650E+003
 RTBSE|             826           1.717                               0.650E+003
 RTBSE|             827           1.669                               0.650E+003
 RTBSE|             828           1.682                               0.650E+003
 RTBSE|             829           1.720                               0.650E+003
 RTBSE|             830           1.656                               0.650E+003
 RTBSE|             831           1.674                               0.650E+003
 RTBSE|             832           1.709                               0.650E+003
 RTBSE|             833           1.736                               0.650E+003
 RTBSE|             834           1.722                               0.650E+003
 RTBSE|             835           1.717                               0.650E+003
 RTBSE|             836           1.790                               0.650E+003
 RTBSE|             837           1.754                               0.650E+003
 RTBSE|             838           1.861                               0.650E+003
 RTBSE|             839           1.698                               0.650E+003
 RTBSE|             840           1.763                               0.650E+003
 RTBSE|             841           1.711                               0.650E+003
 RTBSE|             842           1.704                               0.650E+003
 RTBSE|             843           1.739                               0.650E+003
 RTBSE|             844           1.676                               0.650E+003
 RTBSE|             845           1.678                               0.650E+003
 RTBSE|             846           1.679                               0.650E+003
 RTBSE|             847           1.670                               0.650E+003
 RTBSE|             848           1.680                               0.650E+003
 RTBSE|             849           1.667                               0.650E+003
 RTBSE|             850           1.679                               0.650E+003
 RTBSE|             851           1.679                               0.650E+003
 RTBSE|             852           1.710                               0.650E+003
 RTBSE|             853           1.881                               0.650E+003
 RTBSE|             854           1.680                               0.650E+003
 RTBSE|             855           1.683                               0.650E+003
 RTBSE|             856           1.713                               0.650E+003
 RTBSE|             857           1.675                               0.650E+003
 RTBSE|             858           1.980                               0.650E+003
 RTBSE|             859           1.882                               0.650E+003
 RTBSE|             860           1.679                               0.650E+003
 RTBSE|             861           1.721                               0.650E+003
 RTBSE|             862           1.746                               0.650E+003
 RTBSE|             863           1.667                               0.650E+003
 RTBSE|             864           1.691                               0.650E+003
 RTBSE|             865           1.660                               0.650E+003
 RTBSE|             866           1.753                               0.650E+003
 RTBSE|             867           1.700                               0.650E+003
 RTBSE|             868           1.699                               0.650E+003
 RTBSE|             869           1.665                               0.650E+003
 RTBSE|             870           1.732                               0.650E+003
 RTBSE|             871           1.656                               0.650E+003
 RTBSE|             872           1.874                               0.650E+003
 RTBSE|             873           1.743                               0.650E+003
 RTBSE|             874           1.667                               0.650E+003
 RTBSE|             875           1.661                               0.650E+003
 RTBSE|             876           1.660                               0.650E+003
 RTBSE|             877           1.795                               0.650E+003
 RTBSE|             878           1.698                               0.650E+003
 RTBSE|             879           1.752                               0.650E+003
 RTBSE|             880           1.681                               0.650E+003
 RTBSE|             881           1.653                               0.650E+003
 RTBSE|             882           1.691                               0.650E+003
 RTBSE|             883           1.721                               0.650E+003
 RTBSE|             884           1.697                               0.650E+003
 RTBSE|             885           1.682                               0.650E+003
 RTBSE|             886           1.671                               0.650E+003
 RTBSE|             887           1.675                               0.650E+003
 RTBSE|             888           1.901                               0.650E+003
 RTBSE|             889           1.712                               0.650E+003
 RTBSE|             890           1.714                               0.650E+003
 RTBSE|             891           1.681                               0.650E+003
 RTBSE|             892           1.732                               0.650E+003
 RTBSE|             893           1.821                               0.650E+003
 RTBSE|             894           1.867                               0.650E+003
 RTBSE|             895           1.674                               0.650E+003
 RTBSE|             896           1.741                               0.650E+003
 RTBSE|             897           1.671                               0.650E+003
 RTBSE|             898           1.663                               0.650E+003
 RTBSE|             899           1.656                               0.650E+003
 RTBSE|             900           1.667                               0.650E+003
 RTBSE|             901           1.659                               0.650E+003
 RTBSE|             902           1.683                               0.650E+003
 RTBSE|             903           1.673                               0.650E+003
 RTBSE|             904           2.023                               0.650E+003
 RTBSE|             905           1.742                               0.650E+003
 RTBSE|             906           1.700                               0.650E+003
 RTBSE|             907           1.877                               0.650E+003
 RTBSE|             908           1.732                               0.650E+003
 RTBSE|             909           1.697                               0.650E+003
 RTBSE|             910           1.756                               0.650E+003
 RTBSE|             911           1.732                               0.650E+003
 RTBSE|             912           1.660                               0.650E+003
 RTBSE|             913           1.733                               0.650E+003
 RTBSE|             914           1.716                               0.650E+003
 RTBSE|             915           1.682                               0.650E+003
 RTBSE|             916           1.670                               0.650E+003
 RTBSE|             917           1.707                               0.650E+003
 RTBSE|             918           1.729                               0.650E+003
 RTBSE|             919           1.708                               0.650E+003
 RTBSE|             920           1.677                               0.650E+003
 RTBSE|             921           1.664                               0.650E+003
 RTBSE|             922           1.871                               0.650E+003
 RTBSE|             923           1.669                               0.650E+003
 RTBSE|             924           1.709                               0.650E+003
 RTBSE|             925           1.710                               0.650E+003
 RTBSE|             926           1.683                               0.650E+003
 RTBSE|             927           1.659                               0.650E+003
 RTBSE|             928           1.790                               0.650E+003
 RTBSE|             929           1.893                               0.650E+003
 RTBSE|             930           1.678                               0.650E+003
 RTBSE|             931           1.724                               0.650E+003
 RTBSE|             932           1.692                               0.650E+003
 RTBSE|             933           1.723                               0.650E+003
 RTBSE|             934           1.725                               0.650E+003
 RTBSE|             935           1.669                               0.650E+003
 RTBSE|             936           1.680                               0.650E+003
 RTBSE|             937           1.713                               0.650E+003
 RTBSE|             938           1.673                               0.650E+003
 RTBSE|             939           1.683                               0.650E+003
 RTBSE|             940           1.795                               0.650E+003
 RTBSE|             941           1.685                               0.650E+003
 RTBSE|             942           1.815                               0.650E+003
 RTBSE|             943           1.747                               0.650E+003
 RTBSE|             944           1.687                               0.650E+003
 RTBSE|             945           1.724                               0.650E+003
 RTBSE|             946           1.708                               0.650E+003
 RTBSE|             947           1.696                               0.650E+003
 RTBSE|             948           1.705                               0.650E+003
 RTBSE|             949           1.713                               0.650E+003
 RTBSE|             950           1.664                               0.650E+003
 RTBSE|             951           1.663                               0.650E+003
 RTBSE|             952           1.665                               0.650E+003
 RTBSE|             953           1.658                               0.650E+003
 RTBSE|             954           1.679                               0.650E+003
 RTBSE|             955           1.686                               0.650E+003
 RTBSE|             956           1.676                               0.650E+003
 RTBSE|             957           1.820                               0.650E+003
 RTBSE|             958           1.742                               0.650E+003
 RTBSE|             959           1.764                               0.650E+003
 RTBSE|             960           1.698                               0.650E+003
 RTBSE|             961           1.703                               0.650E+003
 RTBSE|             962           1.913                               0.650E+003
 RTBSE|             963           1.836                               0.650E+003
 RTBSE|             964           1.667                               0.650E+003
 RTBSE|             965           1.668                               0.650E+003
 RTBSE|             966           1.730                               0.650E+003
 RTBSE|             967           1.697                               0.650E+003
 RTBSE|             968           1.653                               0.650E+003
 RTBSE|             969           1.688                               0.650E+003
 RTBSE|             970           1.676                               0.650E+003
 RTBSE|             971           1.700                               0.650E+003
 RTBSE|             972           1.723                               0.650E+003
 RTBSE|             973           1.680                               0.650E+003
 RTBSE|             974           1.662                               0.650E+003
 RTBSE|             975           1.733                               0.650E+003
 RTBSE|             976           1.659                               0.650E+003
 RTBSE|             977           1.913                               0.650E+003
 RTBSE|             978           1.675                               0.650E+003
 RTBSE|             979           1.650                               0.650E+003
 RTBSE|             980           1.675                               0.650E+003
 RTBSE|             981           1.804                               0.650E+003
 RTBSE|             982           1.684                               0.650E+003
 RTBSE|             983           1.749                               0.650E+003
 RTBSE|             984           1.744                               0.650E+003
 RTBSE|             985           1.737                               0.650E+003
 RTBSE|             986           1.665                               0.650E+003
 RTBSE|             987           1.719                               0.650E+003
 RTBSE|             988           1.673                               0.650E+003
 RTBSE|             989           1.663                               0.650E+003
 RTBSE|             990           1.698                               0.650E+003
 RTBSE|             991           1.651                               0.650E+003
 RTBSE|             992           1.919                               0.650E+003
 RTBSE|             993           1.702                               0.650E+003
 RTBSE|             994           1.722                               0.650E+003
 RTBSE|             995           1.677                               0.650E+003
 RTBSE|             996           1.738                               0.650E+003
 RTBSE|             997           1.814                               0.650E+003
 RTBSE|             998           1.857                               0.650E+003
 RTBSE|             999           1.696                               0.650E+003
 RTBSE|            1000           1.670                               0.650E+003
 RTBSE|            1001           1.728                               0.650E+003
 RTBSE|            1002           1.667                               0.650E+003
 RTBSE|            1003           1.667                               0.650E+003
 RTBSE|            1004           1.663                               0.650E+003
 RTBSE|            1005           1.685                               0.650E+003
 RTBSE|            1006           1.671                               0.650E+003
 RTBSE|            1007           1.688                               0.650E+003
 RTBSE|            1008           1.669                               0.650E+003
 RTBSE|            1009           1.733                               0.650E+003
 RTBSE|            1010           1.741                               0.650E+003
 RTBSE|            1011           1.694                               0.650E+003
 RTBSE|            1012           1.920                               0.650E+003
 RTBSE|            1013           1.665                               0.650E+003
 RTBSE|            1014           1.665                               0.650E+003
 RTBSE|            1015           1.866                               0.650E+003
 RTBSE|            1016           1.701                               0.650E+003
 RTBSE|            1017           1.702                               0.650E+003
 RTBSE|            1018           1.703                               0.650E+003
 RTBSE|            1019           1.708                               0.650E+003
 RTBSE|            1020           1.690                               0.650E+003
 RTBSE|            1021           1.663                               0.650E+003
 RTBSE|            1022           1.707                               0.650E+003
 RTBSE|            1023           1.664                               0.650E+003
 RTBSE|            1024           1.729                               0.650E+003
 RTBSE|            1025           1.707                               0.650E+003
 RTBSE|            1026           1.681                               0.650E+003
 RTBSE|            1027           1.825                               0.650E+003
 RTBSE|            1028           1.727                               0.650E+003
 RTBSE|            1029           1.797                               0.650E+003
 RTBSE|            1030           1.684                               0.650E+003
 RTBSE|            1031           1.672                               0.650E+003
 RTBSE|            1032           1.793                               0.650E+003
 RTBSE|            1033           1.952                               0.650E+003
 RTBSE|            1034           1.735                               0.650E+003
 RTBSE|            1035           1.729                               0.650E+003
 RTBSE|            1036           1.675                               0.650E+003
 RTBSE|            1037           1.697                               0.650E+003
 RTBSE|            1038           1.712                               0.650E+003
 RTBSE|            1039           1.711                               0.650E+003
 RTBSE|            1040           1.675                               0.650E+003
 RTBSE|            1041           1.711                               0.650E+003
 RTBSE|            1042           1.688                               0.650E+003
 RTBSE|            1043           1.692                               0.650E+003
 RTBSE|            1044           1.828                               0.650E+003
 RTBSE|            1045           1.713                               0.650E+003
 RTBSE|            1046           1.809                               0.650E+003
 RTBSE|            1047           1.717                               0.650E+003
 RTBSE|            1048           1.692                               0.650E+003
 RTBSE|            1049           1.692                               0.650E+003
 RTBSE|            1050           1.737                               0.650E+003
 RTBSE|            1051           1.706                               0.650E+003
 RTBSE|            1052           1.704                               0.650E+003
 RTBSE|            1053           1.702                               0.650E+003
 RTBSE|            1054           1.732                               0.650E+003
 RTBSE|            1055           1.661                               0.650E+003
 RTBSE|            1056           1.683                               0.650E+003
 RTBSE|            1057           1.687                               0.650E+003
 RTBSE|            1058           1.681                               0.650E+003
 RTBSE|            1059           1.743                               0.650E+003
 RTBSE|            1060           1.702                               0.650E+003
 RTBSE|            1061           1.862                               0.650E+003
 RTBSE|            1062           1.690                               0.650E+003
 RTBSE|            1063           1.748                               0.650E+003
 RTBSE|            1064           1.717                               0.650E+003
 RTBSE|            1065           1.689                               0.650E+003
 RTBSE|            1066           1.687                               0.650E+003
 RTBSE|            1067           1.888                               0.650E+003
 RTBSE|            1068           1.833                               0.650E+003
 RTBSE|            1069           1.699                               0.650E+003
 RTBSE|            1070           1.742                               0.650E+003
 RTBSE|            1071           1.705                               0.650E+003
 RTBSE|            1072           1.661                               0.650E+003
 RTBSE|            1073           1.750                               0.650E+003
 RTBSE|            1074           1.682                               0.650E+003
 RTBSE|            1075           1.681                               0.650E+003
 RTBSE|            1076           1.705                               0.650E+003
 RTBSE|            1077           1.709                               0.650E+003
 RTBSE|            1078           1.739                               0.650E+003
 RTBSE|            1079           1.682                               0.650E+003
 RTBSE|            1080           1.671                               0.650E+003
 RTBSE|            1081           1.993                               0.650E+003
 RTBSE|            1082           1.681                               0.650E+003
 RTBSE|            1083           1.675                               0.650E+003
 RTBSE|            1084           1.726                               0.650E+003
 RTBSE|            1085           1.740                               0.650E+003
 RTBSE|            1086           1.705                               0.650E+003
 RTBSE|            1087           1.703                               0.650E+003
 RTBSE|            1088           1.678                               0.650E+003
 RTBSE|            1089           1.673                               0.650E+003
 RTBSE|            1090           1.661                               0.650E+003
 RTBSE|            1091           1.690                               0.650E+003
 RTBSE|            1092           1.722                               0.650E+003
 RTBSE|            1093           1.696                               0.650E+003
 RTBSE|            1094           1.705                               0.650E+003
 RTBSE|            1095           1.692                               0.650E+003
 RTBSE|            1096           1.943                               0.650E+003
 RTBSE|            1097           1.691                               0.650E+003
 RTBSE|            1098           1.727                               0.650E+003
 RTBSE|            1099           1.678                               0.650E+003
 RTBSE|            1100           1.696                               0.650E+003
 RTBSE|            1101           1.821                               0.650E+003
 RTBSE|            1102           1.791                               0.650E+003
 RTBSE|            1103           1.747                               0.650E+003
 RTBSE|            1104           1.699                               0.650E+003
 RTBSE|            1105           1.696                               0.650E+003
 RTBSE|            1106           1.729                               0.650E+003
 RTBSE|            1107           1.690                               0.650E+003
 RTBSE|            1108           1.674                               0.650E+003
 RTBSE|            1109           1.701                               0.650E+003
 RTBSE|            1110           1.726                               0.650E+003
 RTBSE|            1111           1.678                               0.650E+003
 RTBSE|            1112           1.664                               0.650E+003
 RTBSE|            1113           1.691                               0.650E+003
 RTBSE|            1114           1.656                               0.650E+003
 RTBSE|            1115           1.671                               0.650E+003
 RTBSE|            1116           1.825                               0.650E+003
 RTBSE|            1117           1.691                               0.650E+003
 RTBSE|            1118           1.712                               0.650E+003
 RTBSE|            1119           1.813                               0.650E+003
 RTBSE|            1120           1.703                               0.650E+003
 RTBSE|            1121           1.746                               0.650E+003
 RTBSE|            1122           1.748                               0.650E+003
 RTBSE|            1123           1.737                               0.650E+003
 RTBSE|            1124           1.662                               0.650E+003
 RTBSE|            1125           1.674                               0.650E+003
 RTBSE|            1126           1.709                               0.650E+003
 RTBSE|            1127           1.670                               0.650E+003
 RTBSE|            1128           1.677                               0.650E+003
 RTBSE|            1129           1.704                               0.650E+003
 RTBSE|            1130           1.724                               0.650E+003
 RTBSE|            1131           1.898                               0.650E+003
 RTBSE|            1132           1.733                               0.650E+003
 RTBSE|            1133           1.798                               0.650E+003
 RTBSE|            1134           1.675                               0.650E+003
 RTBSE|            1135           1.687                               0.650E+003
 RTBSE|            1136           1.798                               0.650E+003
 RTBSE|            1137           1.918                               0.650E+003
 RTBSE|            1138           1.669                               0.650E+003
 RTBSE|            1139           1.671                               0.650E+003
 RTBSE|            1140           1.678                               0.650E+003
 RTBSE|            1141           1.667                               0.650E+003
 RTBSE|            1142           1.652                               0.650E+003
 RTBSE|            1143           1.684                               0.650E+003
 RTBSE|            1144           1.692                               0.650E+003
 RTBSE|            1145           1.732                               0.650E+003
 RTBSE|            1146           1.709                               0.650E+003
 RTBSE|            1147           1.670                               0.650E+003
 RTBSE|            1148           1.832                               0.650E+003
 RTBSE|            1149           1.702                               0.650E+003
 RTBSE|            1150           1.859                               0.650E+003
 RTBSE|            1151           1.681                               0.650E+003
 RTBSE|            1152           1.705                               0.650E+003
 RTBSE|            1153           1.682                               0.650E+003
 RTBSE|            1154           1.678                               0.650E+003
 RTBSE|            1155           1.668                               0.650E+003
 RTBSE|            1156           1.729                               0.650E+003
 RTBSE|            1157           1.840                               0.650E+003
 RTBSE|            1158           1.692                               0.650E+003
 RTBSE|            1159           1.678                               0.650E+003
 RTBSE|            1160           1.737                               0.650E+003
 RTBSE|            1161           1.671                               0.650E+003
 RTBSE|            1162           1.669                               0.650E+003
 RTBSE|            1163           1.713                               0.650E+003
 RTBSE|            1164           1.662                               0.650E+003
 RTBSE|            1165           1.808                               0.650E+003
 RTBSE|            1166           1.678                               0.650E+003
 RTBSE|            1167           1.676                               0.650E+003
 RTBSE|            1168           1.700                               0.650E+003
 RTBSE|            1169           1.694                               0.650E+003
 RTBSE|            1170           1.692                               0.650E+003
 RTBSE|            1171           1.931                               0.650E+003
 RTBSE|            1172           1.850                               0.650E+003
 RTBSE|            1173           1.714                               0.650E+003
 RTBSE|            1174           1.705                               0.650E+003
 RTBSE|            1175           1.803                               0.650E+003
 RTBSE|            1176           1.705                               0.650E+003
 RTBSE|            1177           1.675                               0.650E+003
 RTBSE|            1178           1.733                               0.650E+003
 RTBSE|            1179           1.676                               0.650E+003
 RTBSE|            1180           1.704                               0.650E+003
 RTBSE|            1181           1.689                               0.650E+003
 RTBSE|            1182           1.749                               0.650E+003
 RTBSE|            1183           1.725                               0.650E+003
 RTBSE|            1184           1.756                               0.650E+003
 RTBSE|            1185           1.911                               0.650E+003
 RTBSE|            1186           1.711                               0.650E+003
 RTBSE|            1187           1.658                               0.650E+003
 RTBSE|            1188           1.690                               0.650E+003
 RTBSE|            1189           1.805                               0.650E+003
 RTBSE|            1190           1.689                               0.650E+003
 RTBSE|            1191           1.704                               0.650E+003
 RTBSE|            1192           1.690                               0.650E+003
 RTBSE|            1193           1.694                               0.650E+003
 RTBSE|            1194           1.671                               0.650E+003
 RTBSE|            1195           1.685                               0.650E+003
 RTBSE|            1196           1.673                               0.650E+003
 RTBSE|            1197           1.677                               0.650E+003
 RTBSE|            1198           1.728                               0.650E+003
 RTBSE|            1199           1.713                               0.650E+003
 RTBSE|            1200           1.970                               0.650E+003
 RTBSE|            1201           1.714                               0.650E+003
 RTBSE|            1202           1.738                               0.650E+003
 RTBSE|            1203           1.691                               0.650E+003
 RTBSE|            1204           1.679                               0.650E+003
 RTBSE|            1205           1.900                               0.650E+003
 RTBSE|            1206           1.812                               0.650E+003
 RTBSE|            1207           1.719                               0.650E+003
 RTBSE|            1208           1.743                               0.650E+003
 RTBSE|            1209           1.713                               0.650E+003
 RTBSE|            1210           1.805                               0.650E+003
 RTBSE|            1211           1.673                               0.650E+003
 RTBSE|            1212           1.731                               0.650E+003
 RTBSE|            1213           1.697                               0.650E+003
 RTBSE|            1214           1.712                               0.650E+003
 RTBSE|            1215           1.678                               0.650E+003
 RTBSE|            1216           1.682                               0.650E+003
 RTBSE|            1217           1.695                               0.650E+003
 RTBSE|            1218           1.687                               0.650E+003
 RTBSE|            1219           1.851                               0.650E+003
 RTBSE|            1220           1.723                               0.650E+003
 RTBSE|            1221           1.668                               0.650E+003
 RTBSE|            1222           1.718                               0.650E+003
 RTBSE|            1223           1.750                               0.650E+003
 RTBSE|            1224           1.695                               0.650E+003
 RTBSE|            1225           1.745                               0.650E+003
 RTBSE|            1226           1.780                               0.650E+003
 RTBSE|            1227           1.742                               0.650E+003
 RTBSE|            1228           1.733                               0.650E+003
 RTBSE|            1229           1.709                               0.650E+003
 RTBSE|            1230           1.672                               0.650E+003
 RTBSE|            1231           1.720                               0.650E+003
 RTBSE|            1232           1.739                               0.650E+003
 RTBSE|            1233           1.707                               0.650E+003
 RTBSE|            1234           1.867                               0.650E+003
 RTBSE|            1235           1.725                               0.650E+003
 RTBSE|            1236           1.752                               0.650E+003
 RTBSE|            1237           1.831                               0.650E+003
 RTBSE|            1238           1.684                               0.650E+003
 RTBSE|            1239           1.695                               0.650E+003
 RTBSE|            1240           1.817                               0.650E+003
 RTBSE|            1241           1.934                               0.650E+003
 RTBSE|            1242           1.676                               0.650E+003
 RTBSE|            1243           1.676                               0.650E+003
 RTBSE|            1244           1.659                               0.650E+003
 RTBSE|            1245           1.663                               0.650E+003
 RTBSE|            1246           1.662                               0.650E+003
 RTBSE|            1247           1.675                               0.650E+003
 RTBSE|            1248           1.672                               0.650E+003
 RTBSE|            1249           1.670                               0.650E+003
 RTBSE|            1250           1.673                               0.650E+003
 RTBSE|            1251           1.679                               0.650E+003
 RTBSE|            1252           1.862                               0.650E+003
 RTBSE|            1253           1.770                               0.650E+003
 RTBSE|            1254           1.890                               0.650E+003
 RTBSE|            1255           1.710                               0.650E+003
 RTBSE|            1256           1.725                               0.650E+003
 RTBSE|            1257           1.717                               0.650E+003
 RTBSE|            1258           1.734                               0.650E+003
 RTBSE|            1259           1.704                               0.650E+003
 RTBSE|            1260           1.699                               0.650E+003
 RTBSE|            1261           1.732                               0.650E+003
 RTBSE|            1262           1.717                               0.650E+003
 RTBSE|            1263           1.692                               0.650E+003
 RTBSE|            1264           1.666                               0.650E+003
 RTBSE|            1265           1.710                               0.650E+003
 RTBSE|            1266           1.682                               0.650E+003
 RTBSE|            1267           1.667                               0.650E+003
 RTBSE|            1268           1.652                               0.650E+003
 RTBSE|            1269           1.802                               0.650E+003
 RTBSE|            1270           1.677                               0.650E+003
 RTBSE|            1271           1.700                               0.650E+003
 RTBSE|            1272           1.686                               0.650E+003
 RTBSE|            1273           1.673                               0.650E+003
 RTBSE|            1274           1.761                               0.650E+003
 RTBSE|            1275           1.848                               0.650E+003
 RTBSE|            1276           1.829                               0.650E+003
 RTBSE|            1277           1.683                               0.650E+003
 RTBSE|            1278           1.729                               0.650E+003
 RTBSE|            1279           1.743                               0.650E+003
 RTBSE|            1280           1.755                               0.650E+003
 RTBSE|            1281           1.689                               0.650E+003
 RTBSE|            1282           1.768                               0.650E+003
 RTBSE|            1283           1.775                               0.650E+003
 RTBSE|            1284           1.698                               0.650E+003
 RTBSE|            1285           1.671                               0.650E+003
 RTBSE|            1286           1.677                               0.650E+003
 RTBSE|            1287           1.720                               0.650E+003
 RTBSE|            1288           1.719                               0.650E+003
 RTBSE|            1289           1.954                               0.650E+003
 RTBSE|            1290           1.688                               0.650E+003
 RTBSE|            1291           1.677                               0.650E+003
 RTBSE|            1292           1.712                               0.650E+003
 RTBSE|            1293           1.783                               0.650E+003
 RTBSE|            1294           1.705                               0.650E+003
 RTBSE|            1295           1.711                               0.650E+003
 RTBSE|            1296           1.682                               0.650E+003
 RTBSE|            1297           1.670                               0.650E+003
 RTBSE|            1298           1.675                               0.650E+003
 RTBSE|            1299           1.685                               0.650E+003
 RTBSE|            1300           1.667                               0.650E+003
 RTBSE|            1301           1.707                               0.650E+003
 RTBSE|            1302           1.701                               0.650E+003
 RTBSE|            1303           1.676                               0.650E+003
 RTBSE|            1304           1.920                               0.650E+003
 RTBSE|            1305           1.740                               0.650E+003
 RTBSE|            1306           1.798                               0.650E+003
 RTBSE|            1307           1.741                               0.650E+003
 RTBSE|            1308           1.758                               0.650E+003
 RTBSE|            1309           1.881                               0.650E+003
 RTBSE|            1310           1.862                               0.650E+003
 RTBSE|            1311           1.701                               0.650E+003
 RTBSE|            1312           1.701                               0.650E+003
 RTBSE|            1313           1.676                               0.650E+003
 RTBSE|            1314           1.680                               0.650E+003
 RTBSE|            1315           1.733                               0.650E+003
 RTBSE|            1316           1.697                               0.650E+003
 RTBSE|            1317           1.704                               0.650E+003
 RTBSE|            1318           1.749                               0.650E+003
 RTBSE|            1319           1.683                               0.650E+003
 RTBSE|            1320           1.672                               0.650E+003
 RTBSE|            1321           1.684                               0.650E+003
 RTBSE|            1322           1.685                               0.650E+003
 RTBSE|            1323           1.857                               0.650E+003
 RTBSE|            1324           1.677                               0.650E+003
 RTBSE|            1325           1.693                               0.650E+003
 RTBSE|            1326           1.783                               0.650E+003
 RTBSE|            1327           1.702                               0.650E+003
 RTBSE|            1328           1.705                               0.650E+003
 RTBSE|            1329           1.716                               0.650E+003
 RTBSE|            1330           1.677                               0.650E+003
 RTBSE|            1331           1.696                               0.650E+003
 RTBSE|            1332           1.815                               0.650E+003
 RTBSE|            1333           1.776                               0.650E+003
 RTBSE|            1334           1.758                               0.650E+003
 RTBSE|            1335           1.729                               0.650E+003
 RTBSE|            1336           1.753                               0.650E+003
 RTBSE|            1337           1.716                               0.650E+003
 RTBSE|            1338           1.854                               0.650E+003
 RTBSE|            1339           1.687                               0.650E+003
 RTBSE|            1340           1.784                               0.650E+003
 RTBSE|            1341           1.700                               0.650E+003
 RTBSE|            1342           1.735                               0.650E+003
 RTBSE|            1343           1.801                               0.650E+003
 RTBSE|            1344           1.705                               0.650E+003
 RTBSE|            1345           1.889                               0.650E+003
 RTBSE|            1346           1.674                               0.650E+003
 RTBSE|            1347           1.693                               0.650E+003
 RTBSE|            1348           1.668                               0.650E+003
 RTBSE|            1349           1.674                               0.650E+003
 RTBSE|            1350           1.676                               0.650E+003
 RTBSE|            1351           1.673                               0.650E+003
 RTBSE|            1352           1.709                               0.650E+003
 RTBSE|            1353           1.687                               0.650E+003
 RTBSE|            1354           1.666                               0.650E+003
 RTBSE|            1355           1.710                               0.650E+003
 RTBSE|            1356           1.736                               0.650E+003
 RTBSE|            1357           1.673                               0.650E+003
 RTBSE|            1358           1.892                               0.650E+003
 RTBSE|            1359           1.760                               0.650E+003
 RTBSE|            1360           1.756                               0.650E+003
 RTBSE|            1361           1.685                               0.650E+003
 RTBSE|            1362           1.802                               0.650E+003
 RTBSE|            1363           1.698                               0.650E+003
 RTBSE|            1364           1.668                               0.650E+003
 RTBSE|            1365           1.683                               0.650E+003
 RTBSE|            1366           1.676                               0.650E+003
 RTBSE|            1367           1.665                               0.650E+003
 RTBSE|            1368           1.716                               0.650E+003
 RTBSE|            1369           1.724                               0.650E+003
 RTBSE|            1370           1.690                               0.650E+003
 RTBSE|            1371           1.697                               0.650E+003
 RTBSE|            1372           1.701                               0.650E+003
 RTBSE|            1373           1.824                               0.650E+003
 RTBSE|            1374           1.680                               0.650E+003
 RTBSE|            1375           1.686                               0.650E+003
 RTBSE|            1376           1.676                               0.650E+003
 RTBSE|            1377           1.672                               0.650E+003
 RTBSE|            1378           1.898                               0.650E+003
 RTBSE|            1379           1.857                               0.650E+003
 RTBSE|            1380           1.669                               0.650E+003
 RTBSE|            1381           1.668                               0.650E+003
 RTBSE|            1382           1.683                               0.650E+003
 RTBSE|            1383           1.659                               0.650E+003
 RTBSE|            1384           1.690                               0.650E+003
 RTBSE|            1385           1.768                               0.650E+003
 RTBSE|            1386           1.863                               0.650E+003
 RTBSE|            1387           1.728                               0.650E+003
 RTBSE|            1388           1.742                               0.650E+003
 RTBSE|            1389           1.702                               0.650E+003
 RTBSE|            1390           1.675                               0.650E+003
 RTBSE|            1391           1.674                               0.650E+003
 RTBSE|            1392           1.823                               0.650E+003
 RTBSE|            1393           1.832                               0.650E+003
 RTBSE|            1394           1.704                               0.650E+003
 RTBSE|            1395           1.747                               0.650E+003
 RTBSE|            1396           1.687                               0.650E+003
 RTBSE|            1397           1.817                               0.650E+003
 RTBSE|            1398           1.745                               0.650E+003
 RTBSE|            1399           1.680                               0.650E+003
 RTBSE|            1400           1.674                               0.650E+003
 RTBSE|            1401           1.673                               0.650E+003
 RTBSE|            1402           1.683                               0.650E+003
 RTBSE|            1403           1.677                               0.650E+003
 RTBSE|            1404           1.676                               0.650E+003
 RTBSE|            1405           1.707                               0.650E+003
 RTBSE|            1406           1.672                               0.650E+003
 RTBSE|            1407           1.675                               0.650E+003
 RTBSE|            1408           1.918                               0.650E+003
 RTBSE|            1409           1.677                               0.650E+003
 RTBSE|            1410           1.724                               0.650E+003
 RTBSE|            1411           1.759                               0.650E+003
 RTBSE|            1412           1.798                               0.650E+003
 RTBSE|            1413           1.853                               0.650E+003
 RTBSE|            1414           1.902                               0.650E+003
 RTBSE|            1415           1.683                               0.650E+003
 RTBSE|            1416           1.731                               0.650E+003
 RTBSE|            1417           1.679                               0.650E+003
 RTBSE|            1418           1.661                               0.650E+003
 RTBSE|            1419           1.675                               0.650E+003
 RTBSE|            1420           1.674                               0.650E+003
 RTBSE|            1421           1.720                               0.650E+003
 RTBSE|            1422           1.737                               0.650E+003
 RTBSE|            1423           1.674                               0.650E+003
 RTBSE|            1424           1.721                               0.650E+003
 RTBSE|            1425           1.693                               0.650E+003
 RTBSE|            1426           1.684                               0.650E+003
 RTBSE|            1427           1.854                               0.650E+003
 RTBSE|            1428           1.678                               0.650E+003
 RTBSE|            1429           1.671                               0.650E+003
 RTBSE|            1430           1.759                               0.650E+003
 RTBSE|            1431           1.707                               0.650E+003
 RTBSE|            1432           1.714                               0.650E+003
 RTBSE|            1433           1.726                               0.650E+003
 RTBSE|            1434           1.696                               0.650E+003
 RTBSE|            1435           1.738                               0.650E+003
 RTBSE|            1436           1.669                               0.650E+003
 RTBSE|            1437           1.692                               0.650E+003
 RTBSE|            1438           1.723                               0.650E+003
 RTBSE|            1439           1.750                               0.650E+003
 RTBSE|            1440           1.769                               0.650E+003
 RTBSE|            1441           1.750                               0.650E+003
 RTBSE|            1442           1.821                               0.650E+003
 RTBSE|            1443           1.691                               0.650E+003
 RTBSE|            1444           1.740                               0.650E+003
 RTBSE|            1445           1.710                               0.650E+003
 RTBSE|            1446           1.674                               0.650E+003
 RTBSE|            1447           1.920                               0.650E+003
 RTBSE|            1448           1.912                               0.650E+003
 RTBSE|            1449           1.731                               0.650E+003
 RTBSE|            1450           1.747                               0.650E+003
 RTBSE|            1451           1.683                               0.650E+003
 RTBSE|            1452           1.664                               0.650E+003
 RTBSE|            1453           1.655                               0.650E+003
 RTBSE|            1454           1.665                               0.650E+003
 RTBSE|            1455           1.671                               0.650E+003
 RTBSE|            1456           1.723                               0.650E+003
 RTBSE|            1457           1.722                               0.650E+003
 RTBSE|            1458           1.720                               0.650E+003
 RTBSE|            1459           1.727                               0.650E+003
 RTBSE|            1460           1.765                               0.650E+003
 RTBSE|            1461           1.687                               0.650E+003
 RTBSE|            1462           1.788                               0.650E+003
 RTBSE|            1463           1.674                               0.650E+003
 RTBSE|            1464           1.720                               0.650E+003
 RTBSE|            1465           1.761                               0.650E+003
 RTBSE|            1466           1.749                               0.650E+003
 RTBSE|            1467           1.772                               0.650E+003
 RTBSE|            1468           1.678                               0.650E+003
 RTBSE|            1469           1.732                               0.650E+003
 RTBSE|            1470           1.683                               0.650E+003
 RTBSE|            1471           1.688                               0.650E+003
 RTBSE|            1472           1.685                               0.650E+003
 RTBSE|            1473           1.673                               0.650E+003
 RTBSE|            1474           1.762                               0.650E+003
 RTBSE|            1475           1.694                               0.650E+003
 RTBSE|            1476           1.664                               0.650E+003
 RTBSE|            1477           1.880                               0.650E+003
 RTBSE|            1478           1.676                               0.650E+003
 RTBSE|            1479           1.684                               0.650E+003
 RTBSE|            1480           1.677                               0.650E+003
 RTBSE|            1481           1.667                               0.650E+003
 RTBSE|            1482           1.977                               0.650E+003
 RTBSE|            1483           1.816                               0.650E+003
 RTBSE|            1484           1.683                               0.650E+003
 RTBSE|            1485           1.696                               0.650E+003
 RTBSE|            1486           1.750                               0.650E+003
 RTBSE|            1487           1.669                               0.650E+003
 RTBSE|            1488           1.664                               0.650E+003
 RTBSE|            1489           1.678                               0.650E+003
 RTBSE|            1490           1.700                               0.650E+003
 RTBSE|            1491           1.739                               0.650E+003
 RTBSE|            1492           1.699                               0.650E+003
 RTBSE|            1493           1.703                               0.650E+003
 RTBSE|            1494           1.778                               0.650E+003
 RTBSE|            1495           1.682                               0.650E+003
 RTBSE|            1496           1.937                               0.650E+003
 RTBSE|            1497           1.709                               0.650E+003
 RTBSE|            1498           1.655                               0.650E+003
 RTBSE|            1499           1.692                               0.650E+003
 RTBSE|            1500           1.759                               0.650E+003
 RTBSE|            1501           1.784                               0.650E+003
 RTBSE|            1502           1.701                               0.650E+003
 RTBSE|            1503           1.684                               0.650E+003
 RTBSE|            1504           1.719                               0.650E+003
 RTBSE|            1505           1.674                               0.650E+003
 RTBSE|            1506           1.674                               0.650E+003
 RTBSE|            1507           1.669                               0.650E+003
 RTBSE|            1508           1.704                               0.650E+003
 RTBSE|            1509           1.758                               0.650E+003
 RTBSE|            1510           1.677                               0.650E+003
 RTBSE|            1511           1.830                               0.650E+003
 RTBSE|            1512           1.778                               0.650E+003
 RTBSE|            1513           1.686                               0.650E+003
 RTBSE|            1514           1.702                               0.650E+003
 RTBSE|            1515           1.684                               0.650E+003
 RTBSE|            1516           1.669                               0.650E+003
 RTBSE|            1517           1.868                               0.650E+003
 RTBSE|            1518           1.862                               0.650E+003
 RTBSE|            1519           1.686                               0.650E+003
 RTBSE|            1520           1.787                               0.650E+003
 RTBSE|            1521           1.706                               0.650E+003
 RTBSE|            1522           1.664                               0.650E+003
 RTBSE|            1523           1.727                               0.650E+003
 RTBSE|            1524           1.672                               0.650E+003
 RTBSE|            1525           1.693                               0.650E+003
 RTBSE|            1526           1.677                               0.650E+003
 RTBSE|            1527           1.717                               0.650E+003
 RTBSE|            1528           1.718                               0.650E+003
 RTBSE|            1529           1.696                               0.650E+003
 RTBSE|            1530           1.677                               0.650E+003
 RTBSE|            1531           1.862                               0.650E+003
 RTBSE|            1532           1.674                               0.650E+003
 RTBSE|            1533           1.680                               0.650E+003
 RTBSE|            1534           1.801                               0.650E+003
 RTBSE|            1535           1.699                               0.650E+003
 RTBSE|            1536           1.713                               0.650E+003
 RTBSE|            1537           1.736                               0.650E+003
 RTBSE|            1538           1.693                               0.650E+003
 RTBSE|            1539           1.667                               0.650E+003
 RTBSE|            1540           1.678                               0.650E+003
 RTBSE|            1541           1.671                               0.650E+003
 RTBSE|            1542           1.679                               0.650E+003
 RTBSE|            1543           1.670                               0.650E+003
 RTBSE|            1544           1.739                               0.650E+003
 RTBSE|            1545           1.728                               0.650E+003
 RTBSE|            1546           1.821                               0.650E+003
 RTBSE|            1547           1.720                               0.650E+003
 RTBSE|            1548           1.917                               0.650E+003
 RTBSE|            1549           1.672                               0.650E+003
 RTBSE|            1550           1.695                               0.650E+003
 RTBSE|            1551           1.805                               0.650E+003
 RTBSE|            1552           1.794                               0.650E+003
 RTBSE|            1553           1.791                               0.650E+003
 RTBSE|            1554           1.742                               0.650E+003
 RTBSE|            1555           1.695                               0.650E+003
 RTBSE|            1556           1.661                               0.650E+003
 RTBSE|            1557           1.686                               0.650E+003
 RTBSE|            1558           1.675                               0.650E+003
 RTBSE|            1559           1.710                               0.650E+003
 RTBSE|            1560           1.775                               0.650E+003
 RTBSE|            1561           1.685                               0.650E+003
 RTBSE|            1562           1.669                               0.650E+003
 RTBSE|            1563           1.844                               0.650E+003
 RTBSE|            1564           1.678                               0.650E+003
 RTBSE|            1565           1.681                               0.650E+003
 RTBSE|            1566           1.922                               0.650E+003
 RTBSE|            1567           1.682                               0.650E+003
 RTBSE|            1568           1.666                               0.650E+003
 RTBSE|            1569           1.728                               0.650E+003
 RTBSE|            1570           1.765                               0.650E+003
 RTBSE|            1571           1.736                               0.650E+003
 RTBSE|            1572           1.693                               0.650E+003
 RTBSE|            1573           1.719                               0.650E+003
 RTBSE|            1574           1.749                               0.650E+003
 RTBSE|            1575           1.667                               0.650E+003
 RTBSE|            1576           1.682                               0.650E+003
 RTBSE|            1577           1.734                               0.650E+003
 RTBSE|            1578           1.691                               0.650E+003
 RTBSE|            1579           1.689                               0.650E+003
 RTBSE|            1580           1.695                               0.650E+003
 RTBSE|            1581           1.846                               0.650E+003
 RTBSE|            1582           1.690                               0.650E+003
 RTBSE|            1583           1.754                               0.650E+003
 RTBSE|            1584           1.673                               0.650E+003
 RTBSE|            1585           1.709                               0.650E+003
 RTBSE|            1586           1.944                               0.650E+003
 RTBSE|            1587           1.867                               0.650E+003
 RTBSE|            1588           1.704                               0.650E+003
 RTBSE|            1589           1.693                               0.650E+003
 RTBSE|            1590           1.684                               0.650E+003
 RTBSE|            1591           1.660                               0.650E+003
 RTBSE|            1592           1.672                               0.650E+003
 RTBSE|            1593           1.672                               0.650E+003
 RTBSE|            1594           1.681                               0.650E+003
 RTBSE|            1595           1.698                               0.650E+003
 RTBSE|            1596           1.686                               0.650E+003
 RTBSE|            1597           1.719                               0.650E+003
 RTBSE|            1598           1.693                               0.650E+003
 RTBSE|            1599           1.668                               0.650E+003
 RTBSE|            1600           1.922                               0.650E+003
 RTBSE|            1601           1.737                               0.650E+003
 RTBSE|            1602           1.677                               0.650E+003
 RTBSE|            1603           1.692                               0.650E+003
 RTBSE|            1604           1.817                               0.650E+003
 RTBSE|            1605           1.715                               0.650E+003
 RTBSE|            1606           1.746                               0.650E+003
 RTBSE|            1607           1.701                               0.650E+003
 RTBSE|            1608           1.687                               0.650E+003
 RTBSE|            1609           1.666                               0.650E+003
 RTBSE|            1610           1.731                               0.650E+003
 RTBSE|            1611           1.700                               0.650E+003
 RTBSE|            1612           1.709                               0.650E+003
 RTBSE|            1613           1.705                               0.650E+003
 RTBSE|            1614           1.731                               0.650E+003
 RTBSE|            1615           1.876                               0.650E+003
 RTBSE|            1616           1.702                               0.650E+003
 RTBSE|            1617           1.709                               0.650E+003
 RTBSE|            1618           1.695                               0.650E+003
 RTBSE|            1619           1.673                               0.650E+003
 RTBSE|            1620           1.666                               0.650E+003
 RTBSE|            1621           1.835                               0.650E+003
 RTBSE|            1622           1.850                               0.650E+003
 RTBSE|            1623           1.717                               0.650E+003
 RTBSE|            1624           1.719                               0.650E+003
 RTBSE|            1625           1.663                               0.650E+003
 RTBSE|            1626           1.671                               0.650E+003
 RTBSE|            1627           1.773                               0.650E+003
 RTBSE|            1628           1.718                               0.650E+003
 RTBSE|            1629           1.728                               0.650E+003
 RTBSE|            1630           1.690                               0.650E+003
 RTBSE|            1631           1.722                               0.650E+003
 RTBSE|            1632           1.669                               0.650E+003
 RTBSE|            1633           1.720                               0.650E+003
 RTBSE|            1634           1.743                               0.650E+003
 RTBSE|            1635           1.838                               0.650E+003
 RTBSE|            1636           1.775                               0.650E+003
 RTBSE|            1637           1.735                               0.650E+003
 RTBSE|            1638           1.809                               0.650E+003
 RTBSE|            1639           1.744                               0.650E+003
 RTBSE|            1640           1.702                               0.650E+003
 RTBSE|            1641           1.696                               0.650E+003
 RTBSE|            1642           1.687                               0.650E+003
 RTBSE|            1643           2.094                               0.650E+003
 RTBSE|            1644           1.676                               0.650E+003
 RTBSE|            1645           1.679                               0.650E+003
 RTBSE|            1646           1.671                               0.650E+003
 RTBSE|            1647           1.692                               0.650E+003
 RTBSE|            1648           1.673                               0.650E+003
 RTBSE|            1649           1.739                               0.650E+003
 RTBSE|            1650           1.876                               0.650E+003
 RTBSE|            1651           1.673                               0.650E+003
 RTBSE|            1652           1.829                               0.650E+003
 RTBSE|            1653           1.737                               0.650E+003
 RTBSE|            1654           1.695                               0.650E+003
 RTBSE|            1655           1.806                               0.650E+003
 RTBSE|            1656           1.965                               0.650E+003
 RTBSE|            1657           1.695                               0.650E+003
 RTBSE|            1658           1.744                               0.650E+003
 RTBSE|            1659           1.707                               0.650E+003
 RTBSE|            1660           1.745                               0.650E+003
 RTBSE|            1661           1.716                               0.650E+003
 RTBSE|            1662           1.678                               0.650E+003
 RTBSE|            1663           1.741                               0.650E+003
 RTBSE|            1664           1.689                               0.650E+003
 RTBSE|            1665           1.662                               0.650E+003
 RTBSE|            1666           1.672                               0.650E+003
 RTBSE|            1667           1.809                               0.650E+003
 RTBSE|            1668           1.687                               0.650E+003
 RTBSE|            1669           1.810                               0.650E+003
 RTBSE|            1670           1.690                               0.650E+003
 RTBSE|            1671           1.672                               0.650E+003
 RTBSE|            1672           1.682                               0.650E+003
 RTBSE|            1673           1.702                               0.650E+003
 RTBSE|            1674           1.702                               0.650E+003
 RTBSE|            1675           1.763                               0.650E+003
 RTBSE|            1676           1.709                               0.650E+003
 RTBSE|            1677           1.676                               0.650E+003
 RTBSE|            1678           1.703                               0.650E+003
 RTBSE|            1679           1.679                               0.650E+003
 RTBSE|            1680           1.729                               0.650E+003
 RTBSE|            1681           1.695                               0.650E+003
 RTBSE|            1682           1.681                               0.650E+003
 RTBSE|            1683           1.695                               0.650E+003
 RTBSE|            1684           1.995                               0.650E+003
 RTBSE|            1685           1.783                               0.650E+003
 RTBSE|            1686           1.800                               0.650E+003
 RTBSE|            1687           1.684                               0.650E+003
 RTBSE|            1688           1.741                               0.650E+003
 RTBSE|            1689           1.870                               0.650E+003
 RTBSE|            1690           1.891                               0.650E+003
 RTBSE|            1691           1.674                               0.650E+003
 RTBSE|            1692           1.679                               0.650E+003
 RTBSE|            1693           1.678                               0.650E+003
 RTBSE|            1694           1.667                               0.650E+003
 RTBSE|            1695           1.657                               0.650E+003
 RTBSE|            1696           1.670                               0.650E+003
 RTBSE|            1697           1.672                               0.650E+003
 RTBSE|            1698           1.699                               0.650E+003
 RTBSE|            1699           1.670                               0.650E+003
 RTBSE|            1700           1.671                               0.650E+003
 RTBSE|            1701           1.736                               0.650E+003
 RTBSE|            1702           1.701                               0.650E+003
 RTBSE|            1703           1.707                               0.650E+003
 RTBSE|            1704           1.923                               0.650E+003
 RTBSE|            1705           1.732                               0.650E+003
 RTBSE|            1706           1.693                               0.650E+003
 RTBSE|            1707           1.726                               0.650E+003
 RTBSE|            1708           1.803                               0.650E+003
 RTBSE|            1709           1.715                               0.650E+003
 RTBSE|            1710           1.759                               0.650E+003
 RTBSE|            1711           1.782                               0.650E+003
 RTBSE|            1712           1.726                               0.650E+003
 RTBSE|            1713           1.689                               0.650E+003
 RTBSE|            1714           1.716                               0.650E+003
 RTBSE|            1715           1.723                               0.650E+003
 RTBSE|            1716           1.712                               0.650E+003
 RTBSE|            1717           1.676                               0.650E+003
 RTBSE|            1718           1.671                               0.650E+003
 RTBSE|            1719           1.911                               0.650E+003
 RTBSE|            1720           1.670                               0.650E+003
 RTBSE|            1721           1.709                               0.650E+003
 RTBSE|            1722           1.685                               0.650E+003
 RTBSE|            1723           1.666                               0.650E+003
 RTBSE|            1724           1.828                               0.650E+003
 RTBSE|            1725           1.806                               0.650E+003
 RTBSE|            1726           1.670                               0.650E+003
 RTBSE|            1727           1.711                               0.650E+003
 RTBSE|            1728           1.694                               0.650E+003
 RTBSE|            1729           1.688                               0.650E+003
 RTBSE|            1730           1.669                               0.650E+003
 RTBSE|            1731           1.710                               0.650E+003
 RTBSE|            1732           1.714                               0.650E+003
 RTBSE|            1733           1.733                               0.650E+003
 RTBSE|            1734           1.700                               0.650E+003
 RTBSE|            1735           1.682                               0.650E+003
 RTBSE|            1736           1.776                               0.650E+003
 RTBSE|            1737           1.744                               0.650E+003
 RTBSE|            1738           1.929                               0.650E+003
 RTBSE|            1739           1.769                               0.650E+003
 RTBSE|            1740           1.684                               0.650E+003
 RTBSE|            1741           1.854                               0.650E+003
 RTBSE|            1742           1.698                               0.650E+003
 RTBSE|            1743           1.682                               0.650E+003
 RTBSE|            1744           1.715                               0.650E+003
 RTBSE|            1745           1.682                               0.650E+003
 RTBSE|            1746           1.671                               0.650E+003
 RTBSE|            1747           1.676                               0.650E+003
 RTBSE|            1748           1.673                               0.650E+003
 RTBSE|            1749           1.680                               0.650E+003
 RTBSE|            1750           1.682                               0.650E+003
 RTBSE|            1751           1.696                               0.650E+003
 RTBSE|            1752           1.668                               0.650E+003
 RTBSE|            1753           1.824                               0.650E+003
 RTBSE|            1754           1.705                               0.650E+003
 RTBSE|            1755           1.725                               0.650E+003
 RTBSE|            1756           1.790                               0.650E+003
 RTBSE|            1757           1.677                               0.650E+003
 RTBSE|            1758           1.714                               0.650E+003
 RTBSE|            1759           1.880                               0.650E+003
 RTBSE|            1760           1.927                               0.650E+003
 RTBSE|            1761           1.720                               0.650E+003
 RTBSE|            1762           1.773                               0.650E+003
 RTBSE|            1763           1.732                               0.650E+003
 RTBSE|            1764           1.742                               0.650E+003
 RTBSE|            1765           1.690                               0.650E+003
 RTBSE|            1766           1.679                               0.650E+003
 RTBSE|            1767           1.723                               0.650E+003
 RTBSE|            1768           1.667                               0.650E+003
 RTBSE|            1769           1.669                               0.650E+003
 RTBSE|            1770           1.685                               0.650E+003
 RTBSE|            1771           1.803                               0.650E+003
 RTBSE|            1772           1.691                               0.650E+003
 RTBSE|            1773           1.792                               0.650E+003
 RTBSE|            1774           1.691                               0.650E+003
 RTBSE|            1775           1.681                               0.650E+003
 RTBSE|            1776           1.702                               0.650E+003
 RTBSE|            1777           1.708                               0.650E+003
 RTBSE|            1778           1.703                               0.650E+003
 RTBSE|            1779           1.721                               0.650E+003
 RTBSE|            1780           1.692                               0.650E+003
 RTBSE|            1781           1.725                               0.650E+003
 RTBSE|            1782           1.693                               0.650E+003
 RTBSE|            1783           1.690                               0.650E+003
 RTBSE|            1784           1.715                               0.650E+003
 RTBSE|            1785           1.708                               0.650E+003
 RTBSE|            1786           1.699                               0.650E+003
 RTBSE|            1787           1.776                               0.650E+003
 RTBSE|            1788           1.861                               0.650E+003
 RTBSE|            1789           1.729                               0.650E+003
 RTBSE|            1790           1.808                               0.650E+003
 RTBSE|            1791           1.722                               0.650E+003
 RTBSE|            1792           1.663                               0.650E+003
 RTBSE|            1793           1.934                               0.650E+003
 RTBSE|            1794           1.887                               0.650E+003
 RTBSE|            1795           1.672                               0.650E+003
 RTBSE|            1796           1.676                               0.650E+003
 RTBSE|            1797           1.674                               0.650E+003
 RTBSE|            1798           1.671                               0.650E+003
 RTBSE|            1799           1.672                               0.650E+003
 RTBSE|            1800           1.677                               0.650E+003
 RTBSE|            1801           1.679                               0.650E+003
 RTBSE|            1802           1.725                               0.650E+003
 RTBSE|            1803           1.691                               0.650E+003
 RTBSE|            1804           1.667                               0.650E+003
 RTBSE|            1805           1.708                               0.650E+003
 RTBSE|            1806           1.729                               0.650E+003
 RTBSE|            1807           1.720                               0.650E+003
 RTBSE|            1808           1.909                               0.650E+003
 RTBSE|            1809           1.671                               0.650E+003
 RTBSE|            1810           1.744                               0.650E+003
 RTBSE|            1811           1.698                               0.650E+003
 RTBSE|            1812           1.873                               0.650E+003
 RTBSE|            1813           1.813                               0.650E+003
 RTBSE|            1814           1.706                               0.650E+003
 RTBSE|            1815           1.664                               0.650E+003
 RTBSE|            1816           1.722                               0.650E+003
 RTBSE|            1817           1.739                               0.650E+003
 RTBSE|            1818           1.711                               0.650E+003
 RTBSE|            1819           1.679                               0.650E+003
 RTBSE|            1820           1.736                               0.650E+003
 RTBSE|            1821           1.682                               0.650E+003
 RTBSE|            1822           1.869                               0.650E+003
 RTBSE|            1823           1.759                               0.650E+003
 RTBSE|            1824           1.674                               0.650E+003
 RTBSE|            1825           1.710                               0.650E+003
 RTBSE|            1826           1.682                               0.650E+003
 RTBSE|            1827           1.806                               0.650E+003
 RTBSE|            1828           1.681                               0.650E+003
 RTBSE|            1829           1.813                               0.650E+003
 RTBSE|            1830           1.692                               0.650E+003
 RTBSE|            1831           1.697                               0.650E+003
 RTBSE|            1832           1.717                               0.650E+003
 RTBSE|            1833           1.692                               0.650E+003
 RTBSE|            1834           1.686                               0.650E+003
 RTBSE|            1835           1.676                               0.650E+003
 RTBSE|            1836           1.764                               0.650E+003
 RTBSE|            1837           1.685                               0.650E+003
 RTBSE|            1838           1.727                               0.650E+003
 RTBSE|            1839           1.728                               0.650E+003
 RTBSE|            1840           1.751                               0.650E+003
 RTBSE|            1841           1.748                               0.650E+003
 RTBSE|            1842           1.888                               0.650E+003
 RTBSE|            1843           1.753                               0.650E+003
 RTBSE|            1844           1.780                               0.650E+003
 RTBSE|            1845           1.701                               0.650E+003
 RTBSE|            1846           1.718                               0.650E+003
 RTBSE|            1847           1.716                               0.650E+003
 RTBSE|            1848           1.702                               0.650E+003
 RTBSE|            1849           1.676                               0.650E+003
 RTBSE|            1850           1.679                               0.650E+003
 RTBSE|            1851           1.688                               0.650E+003
 RTBSE|            1852           1.672                               0.650E+003
 RTBSE|            1853           1.681                               0.650E+003
 RTBSE|            1854           1.705                               0.650E+003
 RTBSE|            1855           1.671                               0.650E+003
 RTBSE|            1856           1.670                               0.650E+003
 RTBSE|            1857           1.834                               0.650E+003
 RTBSE|            1858           1.739                               0.650E+003
 RTBSE|            1859           1.798                               0.650E+003
 RTBSE|            1860           1.718                               0.650E+003
 RTBSE|            1861           1.671                               0.650E+003
 RTBSE|            1862           1.907                               0.650E+003
 RTBSE|            1863           1.896                               0.650E+003
 RTBSE|            1864           1.762                               0.650E+003
 RTBSE|            1865           1.758                               0.650E+003
 RTBSE|            1866           1.756                               0.650E+003
 RTBSE|            1867           1.686                               0.650E+003
 RTBSE|            1868           1.701                               0.650E+003
 RTBSE|            1869           1.780                               0.650E+003
 RTBSE|            1870           1.729                               0.650E+003
 RTBSE|            1871           1.699                               0.650E+003
 RTBSE|            1872           1.705                               0.650E+003
 RTBSE|            1873           1.668                               0.650E+003
 RTBSE|            1874           1.765                               0.650E+003
 RTBSE|            1875           1.677                               0.650E+003
 RTBSE|            1876           1.843                               0.650E+003
 RTBSE|            1877           1.694                               0.650E+003
 RTBSE|            1878           1.675                               0.650E+003
 RTBSE|            1879           1.689                               0.650E+003
 RTBSE|            1880           1.678                               0.650E+003
 RTBSE|            1881           1.730                               0.650E+003
 RTBSE|            1882           1.712                               0.650E+003
 RTBSE|            1883           1.682                               0.650E+003
 RTBSE|            1884           1.719                               0.650E+003
 RTBSE|            1885           1.715                               0.650E+003
 RTBSE|            1886           1.686                               0.650E+003
 RTBSE|            1887           1.682                               0.650E+003
 RTBSE|            1888           1.764                               0.650E+003
 RTBSE|            1889           1.769                               0.650E+003
 RTBSE|            1890           1.681                               0.650E+003
 RTBSE|            1891           1.687                               0.650E+003
 RTBSE|            1892           1.917                               0.650E+003
 RTBSE|            1893           1.737                               0.650E+003
 RTBSE|            1894           1.726                               0.650E+003
 RTBSE|            1895           1.709                               0.650E+003
 RTBSE|            1896           2.006                               0.650E+003
 RTBSE|            1897           1.685                               0.650E+003
 RTBSE|            1898           1.860                               0.650E+003
 RTBSE|            1899           1.685                               0.650E+003
 RTBSE|            1900           1.680                               0.650E+003
 RTBSE|            1901           1.669                               0.650E+003
 RTBSE|            1902           1.673                               0.650E+003
 RTBSE|            1903           1.675                               0.650E+003
 RTBSE|            1904           1.680                               0.650E+003
 RTBSE|            1905           1.714                               0.650E+003
 RTBSE|            1906           1.689                               0.650E+003
 RTBSE|            1907           1.675                               0.650E+003
 RTBSE|            1908           1.667                               0.650E+003
 RTBSE|            1909           1.710                               0.650E+003
 RTBSE|            1910           1.731                               0.650E+003
 RTBSE|            1911           1.954                               0.650E+003
 RTBSE|            1912           1.706                               0.650E+003
 RTBSE|            1913           1.777                               0.650E+003
 RTBSE|            1914           1.748                               0.650E+003
 RTBSE|            1915           1.789                               0.650E+003
 RTBSE|            1916           1.701                               0.650E+003
 RTBSE|            1917           1.777                               0.650E+003
 RTBSE|            1918           1.726                               0.650E+003
 RTBSE|            1919           1.718                               0.650E+003
 RTBSE|            1920           1.715                               0.650E+003
 RTBSE|            1921           1.724                               0.650E+003
 RTBSE|            1922           1.762                               0.650E+003
 RTBSE|            1923           1.732                               0.650E+003
 RTBSE|            1924           1.672                               0.650E+003
 RTBSE|            1925           1.699                               0.650E+003
 RTBSE|            1926           1.952                               0.650E+003
 RTBSE|            1927           1.691                               0.650E+003
 RTBSE|            1928           1.712                               0.650E+003
 RTBSE|            1929           1.692                               0.650E+003
 RTBSE|            1930           1.682                               0.650E+003
 RTBSE|            1931           1.839                               0.650E+003
 RTBSE|            1932           1.963                               0.650E+003
 RTBSE|            1933           1.694                               0.650E+003
 RTBSE|            1934           1.744                               0.650E+003
 RTBSE|            1935           1.694                               0.650E+003
 RTBSE|            1936           1.685                               0.650E+003
 RTBSE|            1937           1.693                               0.650E+003
 RTBSE|            1938           1.752                               0.650E+003
 RTBSE|            1939           1.765                               0.650E+003
 RTBSE|            1940           1.693                               0.650E+003
 RTBSE|            1941           1.680                               0.650E+003
 RTBSE|            1942           1.726                               0.650E+003
 RTBSE|            1943           1.701                               0.650E+003
 RTBSE|            1944           1.711                               0.650E+003
 RTBSE|            1945           1.852                               0.650E+003
 RTBSE|            1946           1.734                               0.650E+003
 RTBSE|            1947           1.727                               0.650E+003
 RTBSE|            1948           1.873                               0.650E+003
 RTBSE|            1949           1.706                               0.650E+003
 RTBSE|            1950           1.691                               0.650E+003
 RTBSE|            1951           1.735                               0.650E+003
 RTBSE|            1952           1.684                               0.650E+003
 RTBSE|            1953           1.683                               0.650E+003
 RTBSE|            1954           1.669                               0.650E+003
 RTBSE|            1955           1.668                               0.650E+003
 RTBSE|            1956           1.690                               0.650E+003
 RTBSE|            1957           1.683                               0.650E+003
 RTBSE|            1958           1.701                               0.650E+003
 RTBSE|            1959           1.687                               0.650E+003
 RTBSE|            1960           1.826                               0.650E+003
 RTBSE|            1961           1.749                               0.650E+003
 RTBSE|            1962           1.798                               0.650E+003
 RTBSE|            1963           1.725                               0.650E+003
 RTBSE|            1964           1.700                               0.650E+003
 RTBSE|            1965           1.910                               0.650E+003
 RTBSE|            1966           1.696                               0.650E+003
 RTBSE|            1967           1.949                               0.650E+003
 RTBSE|            1968           1.697                               0.650E+003
 RTBSE|            1969           1.685                               0.650E+003
 RTBSE|            1970           1.694                               0.650E+003
 RTBSE|            1971           1.716                               0.650E+003
 RTBSE|            1972           1.720                               0.650E+003
 RTBSE|            1973           1.705                               0.650E+003
 RTBSE|            1974           1.800                               0.650E+003
 RTBSE|            1975           1.697                               0.650E+003
 RTBSE|            1976           1.668                               0.650E+003
 RTBSE|            1977           1.737                               0.650E+003
 RTBSE|            1978           1.802                               0.650E+003
 RTBSE|            1979           1.855                               0.650E+003
 RTBSE|            1980           1.671                               0.650E+003
 RTBSE|            1981           1.679                               0.650E+003
 RTBSE|            1982           1.715                               0.650E+003
 RTBSE|            1983           1.686                               0.650E+003
 RTBSE|            1984           1.717                               0.650E+003
 RTBSE|            1985           1.713                               0.650E+003
 RTBSE|            1986           1.687                               0.650E+003
 RTBSE|            1987           1.715                               0.650E+003
 RTBSE|            1988           1.759                               0.650E+003
 RTBSE|            1989           1.721                               0.650E+003
 RTBSE|            1990           1.748                               0.650E+003
 RTBSE|            1991           1.680                               0.650E+003
 RTBSE|            1992           1.770                               0.650E+003
 RTBSE|            1993           1.682                               0.650E+003
 RTBSE|            1994           1.674                               0.650E+003
 RTBSE|            1995           1.810                               0.650E+003
 RTBSE|            1996           1.681                               0.650E+003
 RTBSE|            1997           1.694                               0.650E+003
 RTBSE|            1998           1.726                               0.650E+003
 RTBSE|            1999           1.733                               0.650E+003
 RTBSE|            2000           1.931                               0.650E+003
 RTBSE|            2001           1.901                               0.650E+003
 RTBSE|            2002           1.686                               0.650E+003
 RTBSE|            2003           1.696                               0.650E+003
 RTBSE|            2004           1.727                               0.650E+003
 RTBSE|            2005           1.678                               0.650E+003
 RTBSE|            2006           1.685                               0.650E+003
 RTBSE|            2007           1.689                               0.650E+003
 RTBSE|            2008           1.724                               0.650E+003
 RTBSE|            2009           1.694                               0.650E+003
 RTBSE|            2010           1.672                               0.650E+003
 RTBSE|            2011           1.666                               0.650E+003
 RTBSE|            2012           1.677                               0.650E+003
 RTBSE|            2013           1.713                               0.650E+003
 RTBSE|            2014           1.978                               0.650E+003
 RTBSE|            2015           1.734                               0.650E+003
 RTBSE|            2016           1.667                               0.650E+003
 RTBSE|            2017           1.743                               0.650E+003
 RTBSE|            2018           1.682                               0.650E+003
 RTBSE|            2019           1.788                               0.650E+003
 RTBSE|            2020           1.696                               0.650E+003
 RTBSE|            2021           1.673                               0.650E+003
 RTBSE|            2022           1.683                               0.650E+003
 RTBSE|            2023           1.670                               0.650E+003
 RTBSE|            2024           1.673                               0.650E+003
 RTBSE|            2025           1.696                               0.650E+003
 RTBSE|            2026           1.754                               0.650E+003
 RTBSE|            2027           1.791                               0.650E+003
 RTBSE|            2028           1.699                               0.650E+003
 RTBSE|            2029           1.891                               0.650E+003
 RTBSE|            2030           1.809                               0.650E+003
 RTBSE|            2031           1.701                               0.650E+003
 RTBSE|            2032           1.682                               0.650E+003
 RTBSE|            2033           1.682                               0.650E+003
 RTBSE|            2034           1.827                               0.650E+003
 RTBSE|            2035           1.696                               0.650E+003
 RTBSE|            2036           1.829                               0.650E+003
 RTBSE|            2037           1.686                               0.650E+003
 RTBSE|            2038           1.706                               0.650E+003
 RTBSE|            2039           1.787                               0.650E+003
 RTBSE|            2040           1.714                               0.650E+003
 RTBSE|            2041           1.700                               0.650E+003
 RTBSE|            2042           1.757                               0.650E+003
 RTBSE|            2043           1.781                               0.650E+003
 RTBSE|            2044           1.681                               0.650E+003
 RTBSE|            2045           1.674                               0.650E+003
 RTBSE|            2046           1.676                               0.650E+003
 RTBSE|            2047           1.685                               0.650E+003
 RTBSE|            2048           1.853                               0.650E+003
 RTBSE|            2049           1.701                               0.650E+003
 RTBSE|            2050           1.679                               0.650E+003
 RTBSE|            2051           1.715                               0.650E+003
 RTBSE|            2052           1.800                               0.650E+003
 RTBSE|            2053           1.810                               0.650E+003
 RTBSE|            2054           1.722                               0.650E+003
 RTBSE|            2055           1.723                               0.650E+003
 RTBSE|            2056           1.760                               0.650E+003
 RTBSE|            2057           1.671                               0.650E+003
 RTBSE|            2058           1.685                               0.650E+003
 RTBSE|            2059           1.669                               0.650E+003
 RTBSE|            2060           1.689                               0.650E+003
 RTBSE|            2061           1.690                               0.650E+003
 RTBSE|            2062           1.673                               0.650E+003
 RTBSE|            2063           1.664                               0.650E+003
 RTBSE|            2064           1.854                               0.650E+003
 RTBSE|            2065           1.713                               0.650E+003
 RTBSE|            2066           1.844                               0.650E+003
 RTBSE|            2067           1.740                               0.650E+003
 RTBSE|            2068           1.705                               0.650E+003
 RTBSE|            2069           1.853                               0.650E+003
 RTBSE|            2070           1.893                               0.650E+003
 RTBSE|            2071           1.750                               0.650E+003
 RTBSE|            2072           1.692                               0.650E+003
 RTBSE|            2073           1.693                               0.650E+003
 RTBSE|            2074           1.681                               0.650E+003
 RTBSE|            2075           1.692                               0.650E+003
 RTBSE|            2076           1.685                               0.650E+003
 RTBSE|            2077           1.719                               0.650E+003
 RTBSE|            2078           1.712                               0.650E+003
 RTBSE|            2079           1.801                               0.650E+003
 RTBSE|            2080           1.737                               0.650E+003
 RTBSE|            2081           1.796                               0.650E+003
 RTBSE|            2082           1.751                               0.650E+003
 RTBSE|            2083           1.910                               0.650E+003
 RTBSE|            2084           1.677                               0.650E+003
 RTBSE|            2085           1.682                               0.650E+003
 RTBSE|            2086           1.705                               0.650E+003
 RTBSE|            2087           1.679                               0.650E+003
 RTBSE|            2088           1.732                               0.650E+003
 RTBSE|            2089           1.735                               0.650E+003
 RTBSE|            2090           1.721                               0.650E+003
 RTBSE|            2091           1.705                               0.650E+003
 RTBSE|            2092           1.730                               0.650E+003
 RTBSE|            2093           1.743                               0.650E+003
 RTBSE|            2094           1.704                               0.650E+003
 RTBSE|            2095           1.719                               0.650E+003
 RTBSE|            2096           1.741                               0.650E+003
 RTBSE|            2097           1.685                               0.650E+003
 RTBSE|            2098           1.826                               0.650E+003
 RTBSE|            2099           1.679                               0.650E+003
 RTBSE|            2100           1.712                               0.650E+003
 RTBSE|            2101           1.692                               0.650E+003
 RTBSE|            2102           1.686                               0.650E+003
 RTBSE|            2103           1.931                               0.650E+003
 RTBSE|            2104           1.688                               0.650E+003
 RTBSE|            2105           1.900                               0.650E+003
 RTBSE|            2106           1.741                               0.650E+003
 RTBSE|            2107           1.724                               0.650E+003
 RTBSE|            2108           1.734                               0.650E+003
 RTBSE|            2109           1.717                               0.650E+003
 RTBSE|            2110           1.686                               0.650E+003
 RTBSE|            2111           1.684                               0.650E+003
 RTBSE|            2112           1.702                               0.650E+003
 RTBSE|            2113           1.686                               0.650E+003
 RTBSE|            2114           1.713                               0.650E+003
 RTBSE|            2115           1.727                               0.650E+003
 RTBSE|            2116           1.721                               0.650E+003
 RTBSE|            2117           1.870                               0.650E+003
 RTBSE|            2118           1.873                               0.650E+003
 RTBSE|            2119           1.761                               0.650E+003
 RTBSE|            2120           1.701                               0.650E+003
 RTBSE|            2121           1.679                               0.650E+003
 RTBSE|            2122           1.844                               0.650E+003
 RTBSE|            2123           1.693                               0.650E+003
 RTBSE|            2124           1.695                               0.650E+003
 RTBSE|            2125           1.683                               0.650E+003
 RTBSE|            2126           1.686                               0.650E+003
 RTBSE|            2127           1.704                               0.650E+003
 RTBSE|            2128           1.690                               0.650E+003
 RTBSE|            2129           1.710                               0.650E+003
 RTBSE|            2130           1.704                               0.650E+003
 RTBSE|            2131           1.693                               0.650E+003
 RTBSE|            2132           1.748                               0.650E+003
 RTBSE|            2133           1.988                               0.650E+003
 RTBSE|            2134           1.727                               0.650E+003
 RTBSE|            2135           1.762                               0.650E+003
 RTBSE|            2136           1.710                               0.650E+003
 RTBSE|            2137           1.871                               0.650E+003
 RTBSE|            2138           1.699                               0.650E+003
 RTBSE|            2139           1.900                               0.650E+003
 RTBSE|            2140           1.722                               0.650E+003
 RTBSE|            2141           1.682                               0.650E+003
 RTBSE|            2142           1.686                               0.650E+003
 RTBSE|            2143           1.726                               0.650E+003
 RTBSE|            2144           1.742                               0.650E+003
 RTBSE|            2145           1.712                               0.650E+003
 RTBSE|            2146           1.718                               0.650E+003
 RTBSE|            2147           1.742                               0.650E+003
 RTBSE|            2148           1.677                               0.650E+003
 RTBSE|            2149           1.705                               0.650E+003
 RTBSE|            2150           1.729                               0.650E+003
 RTBSE|            2151           1.693                               0.650E+003
 RTBSE|            2152           1.856                               0.650E+003
 RTBSE|            2153           1.689                               0.650E+003
 RTBSE|            2154           1.688                               0.650E+003
 RTBSE|            2155           1.800                               0.650E+003
 RTBSE|            2156           1.697                               0.650E+003
 RTBSE|            2157           1.711                               0.650E+003
 RTBSE|            2158           1.792                               0.650E+003
 RTBSE|            2159           1.772                               0.650E+003
 RTBSE|            2160           1.723                               0.650E+003
 RTBSE|            2161           1.692                               0.650E+003
 RTBSE|            2162           1.800                               0.650E+003
 RTBSE|            2163           1.690                               0.650E+003
 RTBSE|            2164           1.762                               0.650E+003
 RTBSE|            2165           1.693                               0.650E+003
 RTBSE|            2166           1.720                               0.650E+003
 RTBSE|            2167           1.841                               0.650E+003
 RTBSE|            2168           1.739                               0.650E+003
 RTBSE|            2169           1.802                               0.650E+003
 RTBSE|            2170           1.764                               0.650E+003
 RTBSE|            2171           1.699                               0.650E+003
 RTBSE|            2172           1.849                               0.650E+003
 RTBSE|            2173           1.888                               0.650E+003
 RTBSE|            2174           1.748                               0.650E+003
 RTBSE|            2175           1.708                               0.650E+003
 RTBSE|            2176           1.679                               0.650E+003
 RTBSE|            2177           1.676                               0.650E+003
 RTBSE|            2178           1.689                               0.650E+003
 RTBSE|            2179           1.693                               0.650E+003
 RTBSE|            2180           1.699                               0.650E+003
 RTBSE|            2181           1.701                               0.650E+003
 RTBSE|            2182           1.678                               0.650E+003
 RTBSE|            2183           1.678                               0.650E+003
 RTBSE|            2184           1.722                               0.650E+003
 RTBSE|            2185           1.850                               0.650E+003
 RTBSE|            2186           1.909                               0.650E+003
 RTBSE|            2187           1.688                               0.650E+003
 RTBSE|            2188           1.806                               0.650E+003
 RTBSE|            2189           1.720                               0.650E+003
 RTBSE|            2190           1.749                               0.650E+003
 RTBSE|            2191           1.710                               0.650E+003
 RTBSE|            2192           1.699                               0.650E+003
 RTBSE|            2193           1.736                               0.650E+003
 RTBSE|            2194           1.688                               0.650E+003
 RTBSE|            2195           1.740                               0.650E+003
 RTBSE|            2196           1.697                               0.650E+003
 RTBSE|            2197           1.689                               0.650E+003
 RTBSE|            2198           1.712                               0.650E+003
 RTBSE|            2199           1.726                               0.650E+003
 RTBSE|            2200           1.668                               0.650E+003
 RTBSE|            2201           1.686                               0.650E+003
 RTBSE|            2202           1.821                               0.650E+003
 RTBSE|            2203           1.716                               0.650E+003
 RTBSE|            2204           1.696                               0.650E+003
 RTBSE|            2205           1.675                               0.650E+003
 RTBSE|            2206           1.818                               0.650E+003
 RTBSE|            2207           1.762                               0.650E+003
 RTBSE|            2208           1.846                               0.650E+003
 RTBSE|            2209           1.683                               0.650E+003
 RTBSE|            2210           1.683                               0.650E+003
 RTBSE|            2211           1.728                               0.650E+003
 RTBSE|            2212           1.730                               0.650E+003
 RTBSE|            2213           1.691                               0.650E+003
 RTBSE|            2214           1.698                               0.650E+003
 RTBSE|            2215           1.840                               0.650E+003
 RTBSE|            2216           1.689                               0.650E+003
 RTBSE|            2217           1.681                               0.650E+003
 RTBSE|            2218           1.725                               0.650E+003
 RTBSE|            2219           1.708                               0.650E+003
 RTBSE|            2220           1.722                               0.650E+003
 RTBSE|            2221           1.918                               0.650E+003
 RTBSE|            2222           1.730                               0.650E+003
 RTBSE|            2223           1.706                               0.650E+003
 RTBSE|            2224           1.695                               0.650E+003
 RTBSE|            2225           1.849                               0.650E+003
 RTBSE|            2226           1.708                               0.650E+003
 RTBSE|            2227           1.685                               0.650E+003
 RTBSE|            2228           1.682                               0.650E+003
 RTBSE|            2229           1.673                               0.650E+003
 RTBSE|            2230           1.681                               0.650E+003
 RTBSE|            2231           1.695                               0.650E+003
 RTBSE|            2232           1.688                               0.650E+003
 RTBSE|            2233           1.712                               0.650E+003
 RTBSE|            2234           1.677                               0.650E+003
 RTBSE|            2235           1.676                               0.650E+003
 RTBSE|            2236           1.875                               0.650E+003
 RTBSE|            2237           1.744                               0.650E+003
 RTBSE|            2238           1.827                               0.650E+003
 RTBSE|            2239           1.710                               0.650E+003
 RTBSE|            2240           1.735                               0.650E+003
 RTBSE|            2241           1.898                               0.650E+003
 RTBSE|            2242           1.814                               0.650E+003
 RTBSE|            2243           1.732                               0.650E+003
 RTBSE|            2244           1.683                               0.650E+003
 RTBSE|            2245           1.678                               0.650E+003
 RTBSE|            2246           1.674                               0.650E+003
 RTBSE|            2247           1.694                               0.650E+003
 RTBSE|            2248           1.736                               0.650E+003
 RTBSE|            2249           1.732                               0.650E+003
 RTBSE|            2250           1.685                               0.650E+003
 RTBSE|            2251           1.733                               0.650E+003
 RTBSE|            2252           1.666                               0.650E+003
 RTBSE|            2253           1.718                               0.650E+003
 RTBSE|            2254           1.690                               0.650E+003
 RTBSE|            2255           1.813                               0.650E+003
 RTBSE|            2256           1.682                               0.650E+003
 RTBSE|            2257           1.683                               0.650E+003
 RTBSE|            2258           1.768                               0.650E+003
 RTBSE|            2259           1.678                               0.650E+003
 RTBSE|            2260           1.712                               0.650E+003
 RTBSE|            2261           1.706                               0.650E+003
 RTBSE|            2262           1.677                               0.650E+003
 RTBSE|            2263           1.681                               0.650E+003
 RTBSE|            2264           1.713                               0.650E+003
 RTBSE|            2265           1.796                               0.650E+003
 RTBSE|            2266           1.785                               0.650E+003
 RTBSE|            2267           1.724                               0.650E+003
 RTBSE|            2268           1.755                               0.650E+003
 RTBSE|            2269           1.712                               0.650E+003
 RTBSE|            2270           1.685                               0.650E+003
 RTBSE|            2271           1.847                               0.650E+003
 RTBSE|            2272           1.777                               0.650E+003
 RTBSE|            2273           1.708                               0.650E+003
 RTBSE|            2274           1.719                               0.650E+003
 RTBSE|            2275           1.850                               0.650E+003
 RTBSE|            2276           1.702                               0.650E+003
 RTBSE|            2277           1.913                               0.650E+003
 RTBSE|            2278           1.736                               0.650E+003
 RTBSE|            2279           1.693                               0.650E+003
 RTBSE|            2280           1.674                               0.650E+003
 RTBSE|            2281           1.674                               0.650E+003
 RTBSE|            2282           1.696                               0.650E+003
 RTBSE|            2283           1.680                               0.650E+003
 RTBSE|            2284           1.698                               0.650E+003
 RTBSE|            2285           1.689                               0.650E+003
 RTBSE|            2286           1.676                               0.650E+003
 RTBSE|            2287           1.680                               0.650E+003
 RTBSE|            2288           1.794                               0.650E+003
 RTBSE|            2289           1.696                               0.650E+003
 RTBSE|            2290           1.848                               0.650E+003
 RTBSE|            2291           1.786                               0.650E+003
 RTBSE|            2292           1.717                               0.650E+003
 RTBSE|            2293           1.707                               0.650E+003
 RTBSE|            2294           1.827                               0.650E+003
 RTBSE|            2295           1.710                               0.650E+003
 RTBSE|            2296           1.674                               0.650E+003
 RTBSE|            2297           1.677                               0.650E+003
 RTBSE|            2298           1.671                               0.650E+003
 RTBSE|            2299           1.676                               0.650E+003
 RTBSE|            2300           1.675                               0.650E+003
 RTBSE|            2301           1.725                               0.650E+003
 RTBSE|            2302           1.750                               0.650E+003
 RTBSE|            2303           1.671                               0.650E+003
 RTBSE|            2304           1.667                               0.650E+003
 RTBSE|            2305           1.904                               0.650E+003
 RTBSE|            2306           1.693                               0.650E+003
 RTBSE|            2307           1.702                               0.650E+003
 RTBSE|            2308           1.697                               0.650E+003
 RTBSE|            2309           1.672                               0.650E+003
 RTBSE|            2310           1.924                               0.650E+003
 RTBSE|            2311           1.680                               0.650E+003
 RTBSE|            2312           1.806                               0.650E+003
 RTBSE|            2313           1.708                               0.650E+003
 RTBSE|            2314           1.693                               0.650E+003
 RTBSE|            2315           1.675                               0.650E+003
 RTBSE|            2316           1.720                               0.650E+003
 RTBSE|            2317           1.726                               0.650E+003
 RTBSE|            2318           1.865                               0.650E+003
 RTBSE|            2319           1.749                               0.650E+003
 RTBSE|            2320           1.727                               0.650E+003
 RTBSE|            2321           1.763                               0.650E+003
 RTBSE|            2322           1.706                               0.650E+003
 RTBSE|            2323           1.695                               0.650E+003
 RTBSE|            2324           1.918                               0.650E+003
 RTBSE|            2325           1.683                               0.650E+003
 RTBSE|            2326           1.715                               0.650E+003
 RTBSE|            2327           1.754                               0.650E+003
 RTBSE|            2328           1.718                               0.650E+003
 RTBSE|            2329           1.827                               0.650E+003
 RTBSE|            2330           1.757                               0.650E+003
 RTBSE|            2331           1.681                               0.650E+003
 RTBSE|            2332           1.673                               0.650E+003
 RTBSE|            2333           1.685                               0.650E+003
 RTBSE|            2334           1.681                               0.650E+003
 RTBSE|            2335           1.687                               0.650E+003
 RTBSE|            2336           1.694                               0.650E+003
 RTBSE|            2337           1.674                               0.650E+003
 RTBSE|            2338           1.681                               0.650E+003
 RTBSE|            2339           1.676                               0.650E+003
 RTBSE|            2340           1.915                               0.650E+003
 RTBSE|            2341           1.733                               0.650E+003
 RTBSE|            2342           1.693                               0.650E+003
 RTBSE|            2343           1.704                               0.650E+003
 RTBSE|            2344           1.880                               0.650E+003
 RTBSE|            2345           1.848                               0.650E+003
 RTBSE|            2346           1.838                               0.650E+003
 RTBSE|            2347           1.785                               0.650E+003
 RTBSE|            2348           1.699                               0.650E+003
 RTBSE|            2349           1.672                               0.650E+003
 RTBSE|            2350           1.678                               0.650E+003
 RTBSE|            2351           1.682                               0.650E+003
 RTBSE|            2352           1.698                               0.650E+003
 RTBSE|            2353           1.748                               0.650E+003
 RTBSE|            2354           1.698                               0.650E+003
 RTBSE|            2355           1.676                               0.650E+003
 RTBSE|            2356           1.742                               0.650E+003
 RTBSE|            2357           1.686                               0.650E+003
 RTBSE|            2358           1.684                               0.650E+003
 RTBSE|            2359           1.845                               0.650E+003
 RTBSE|            2360           1.679                               0.650E+003
 RTBSE|            2361           1.754                               0.650E+003
 RTBSE|            2362           1.678                               0.650E+003
 RTBSE|            2363           1.739                               0.650E+003
 RTBSE|            2364           1.710                               0.650E+003
 RTBSE|            2365           1.686                               0.650E+003
 RTBSE|            2366           1.686                               0.650E+003
 RTBSE|            2367           1.718                               0.650E+003
 RTBSE|            2368           1.749                               0.650E+003
 RTBSE|            2369           1.682                               0.650E+003
 RTBSE|            2370           1.768                               0.650E+003
 RTBSE|            2371           1.754                               0.650E+003
 RTBSE|            2372           1.786                               0.650E+003
 RTBSE|            2373           1.671                               0.650E+003
 RTBSE|            2374           1.944                               0.650E+003
 RTBSE|            2375           1.700                               0.650E+003
 RTBSE|            2376           1.785                               0.650E+003
 RTBSE|            2377           1.673                               0.650E+003
 RTBSE|            2378           1.852                               0.650E+003
 RTBSE|            2379           1.741                               0.650E+003
 RTBSE|            2380           1.888                               0.650E+003
 RTBSE|            2381           1.692                               0.650E+003
 RTBSE|            2382           1.757                               0.650E+003
 RTBSE|            2383           1.682                               0.650E+003
 RTBSE|            2384           1.673                               0.650E+003
 RTBSE|            2385           1.680                               0.650E+003
 RTBSE|            2386           1.669                               0.650E+003
 RTBSE|            2387           1.681                               0.650E+003
 RTBSE|            2388           1.678                               0.650E+003
 RTBSE|            2389           1.674                               0.650E+003
 RTBSE|            2390           1.679                               0.650E+003
 RTBSE|            2391           1.726                               0.650E+003
 RTBSE|            2392           1.794                               0.650E+003
 RTBSE|            2393           1.896                               0.650E+003
 RTBSE|            2394           1.682                               0.650E+003
 RTBSE|            2395           1.673                               0.650E+003
 RTBSE|            2396           1.726                               0.650E+003
 RTBSE|            2397           1.781                               0.650E+003
 RTBSE|            2398           1.796                               0.650E+003
 RTBSE|            2399           1.727                               0.650E+003
 RTBSE|            2400           1.682                               0.650E+003
 RTBSE|            2401           1.751                               0.650E+003
 RTBSE|            2402           1.677                               0.650E+003
 RTBSE|            2403           1.666                               0.650E+003
 RTBSE|            2404           1.678                               0.650E+003
 RTBSE|            2405           1.751                               0.650E+003
 RTBSE|            2406           1.724                               0.650E+003
 RTBSE|            2407           1.682                               0.650E+003
 RTBSE|            2408           1.689                               0.650E+003
 RTBSE|            2409           1.889                               0.650E+003
 RTBSE|            2410           1.697                               0.650E+003
 RTBSE|            2411           1.678                               0.650E+003
 RTBSE|            2412           1.677                               0.650E+003
 RTBSE|            2413           1.929                               0.650E+003
 RTBSE|            2414           1.719                               0.650E+003
 RTBSE|            2415           1.796                               0.650E+003
 RTBSE|            2416           1.689                               0.650E+003
 RTBSE|            2417           1.709                               0.650E+003
 RTBSE|            2418           1.717                               0.650E+003
 RTBSE|            2419           1.712                               0.650E+003
 RTBSE|            2420           1.686                               0.650E+003
 RTBSE|            2421           1.708                               0.650E+003
 RTBSE|            2422           1.715                               0.650E+003
 RTBSE|            2423           1.694                               0.650E+003
 RTBSE|            2424           1.729                               0.650E+003
 RTBSE|            2425           1.741                               0.650E+003
 RTBSE|            2426           1.717                               0.650E+003
 RTBSE|            2427           1.722                               0.650E+003
 RTBSE|            2428           1.987                               0.650E+003
 RTBSE|            2429           1.674                               0.650E+003
 RTBSE|            2430           1.727                               0.650E+003
 RTBSE|            2431           1.752                               0.650E+003
 RTBSE|            2432           1.818                               0.650E+003
 RTBSE|            2433           1.706                               0.650E+003
 RTBSE|            2434           1.721                               0.650E+003
 RTBSE|            2435           1.670                               0.650E+003
 RTBSE|            2436           1.676                               0.650E+003
 RTBSE|            2437           1.671                               0.650E+003
 RTBSE|            2438           1.683                               0.650E+003
 RTBSE|            2439           1.689                               0.650E+003
 RTBSE|            2440           1.698                               0.650E+003
 RTBSE|            2441           1.677                               0.650E+003
 RTBSE|            2442           1.679                               0.650E+003
 RTBSE|            2443           1.978                               0.650E+003
 RTBSE|            2444           1.735                               0.650E+003
 RTBSE|            2445           1.680                               0.650E+003
 RTBSE|            2446           1.731                               0.650E+003
 RTBSE|            2447           1.813                               0.650E+003
 RTBSE|            2448           1.689                               0.650E+003
 RTBSE|            2449           1.782                               0.650E+003
 RTBSE|            2450           1.748                               0.650E+003
 RTBSE|            2451           1.786                               0.650E+003
 RTBSE|            2452           2.109                               0.650E+003
 RTBSE|            2453           1.726                               0.650E+003
 RTBSE|            2454           1.731                               0.650E+003
 RTBSE|            2455           1.686                               0.650E+003
 RTBSE|            2456           1.744                               0.650E+003
 RTBSE|            2457           1.713                               0.650E+003
 RTBSE|            2458           1.671                               0.650E+003
 RTBSE|            2459           1.684                               0.650E+003
 RTBSE|            2460           1.746                               0.650E+003
 RTBSE|            2461           1.836                               0.650E+003
 RTBSE|            2462           1.677                               0.650E+003
 RTBSE|            2463           1.667                               0.650E+003
 RTBSE|            2464           1.697                               0.650E+003
 RTBSE|            2465           1.760                               0.650E+003
 RTBSE|            2466           1.709                               0.650E+003
 RTBSE|            2467           1.737                               0.650E+003
 RTBSE|            2468           1.784                               0.650E+003
 RTBSE|            2469           1.679                               0.650E+003
 RTBSE|            2470           1.684                               0.650E+003
 RTBSE|            2471           1.701                               0.650E+003
 RTBSE|            2472           1.676                               0.650E+003
 RTBSE|            2473           1.685                               0.650E+003
 RTBSE|            2474           1.705                               0.650E+003
 RTBSE|            2475           1.685                               0.650E+003
 RTBSE|            2476           1.710                               0.650E+003
 RTBSE|            2477           1.776                               0.650E+003
 RTBSE|            2478           1.842                               0.650E+003
 RTBSE|            2479           1.811                               0.650E+003
 RTBSE|            2480           1.699                               0.650E+003
 RTBSE|            2481           1.714                               0.650E+003
 RTBSE|            2482           1.906                               0.650E+003
 RTBSE|            2483           1.842                               0.650E+003
 RTBSE|            2484           1.774                               0.650E+003
 RTBSE|            2485           1.694                               0.650E+003
 RTBSE|            2486           1.747                               0.650E+003
 RTBSE|            2487           1.664                               0.650E+003
 RTBSE|            2488           1.673                               0.650E+003
 RTBSE|            2489           1.684                               0.650E+003
 RTBSE|            2490           1.674                               0.650E+003
 RTBSE|            2491           1.705                               0.650E+003
 RTBSE|            2492           1.689                               0.650E+003
 RTBSE|            2493           1.755                               0.650E+003
 RTBSE|            2494           1.688                               0.650E+003
 RTBSE|            2495           1.816                               0.650E+003
 RTBSE|            2496           1.917                               0.650E+003
 RTBSE|            2497           1.679                               0.650E+003
 RTBSE|            2498           1.683                               0.650E+003
 RTBSE|            2499           1.699                               0.650E+003
 RTBSE|            2500           1.697                               0.650E+003
 RTBSE|            2501           1.730                               0.650E+003
 RTBSE|            2502           1.754                               0.650E+003
 RTBSE|            2503           1.773                               0.650E+003
 RTBSE|            2504           1.739                               0.650E+003
 RTBSE|            2505           1.689                               0.650E+003
 RTBSE|            2506           1.734                               0.650E+003
 RTBSE|            2507           1.713                               0.650E+003
 RTBSE|            2508           1.684                               0.650E+003
 RTBSE|            2509           1.779                               0.650E+003
 RTBSE|            2510           1.683                               0.650E+003
 RTBSE|            2511           1.845                               0.650E+003
 RTBSE|            2512           1.744                               0.650E+003
 RTBSE|            2513           1.697                               0.650E+003
 RTBSE|            2514           1.689                               0.650E+003
 RTBSE|            2515           1.683                               0.650E+003
 RTBSE|            2516           1.946                               0.650E+003
 RTBSE|            2517           1.702                               0.650E+003
 RTBSE|            2518           1.921                               0.650E+003
 RTBSE|            2519           1.697                               0.650E+003
 RTBSE|            2520           1.693                               0.650E+003
 RTBSE|            2521           1.722                               0.650E+003
 RTBSE|            2522           1.673                               0.650E+003
 RTBSE|            2523           1.686                               0.650E+003
 RTBSE|            2524           1.684                               0.650E+003
 RTBSE|            2525           1.696                               0.650E+003
 RTBSE|            2526           1.679                               0.650E+003
 RTBSE|            2527           1.667                               0.650E+003
 RTBSE|            2528           1.672                               0.650E+003
 RTBSE|            2529           1.735                               0.650E+003
 RTBSE|            2530           1.981                               0.650E+003
 RTBSE|            2531           1.815                               0.650E+003
 RTBSE|            2532           1.739                               0.650E+003
 RTBSE|            2533           1.727                               0.650E+003
 RTBSE|            2534           1.694                               0.650E+003
 RTBSE|            2535           1.861                               0.650E+003
 RTBSE|            2536           1.713                               0.650E+003
 RTBSE|            2537           1.683                               0.650E+003
 RTBSE|            2538           1.731                               0.650E+003
 RTBSE|            2539           1.669                               0.650E+003
 RTBSE|            2540           1.684                               0.650E+003
 RTBSE|            2541           1.676                               0.650E+003
 RTBSE|            2542           1.687                               0.650E+003
 RTBSE|            2543           1.737                               0.650E+003
 RTBSE|            2544           1.715                               0.650E+003
 RTBSE|            2545           1.708                               0.650E+003
 RTBSE|            2546           1.929                               0.650E+003
 RTBSE|            2547           1.738                               0.650E+003
 RTBSE|            2548           1.697                               0.650E+003
 RTBSE|            2549           1.684                               0.650E+003
 RTBSE|            2550           1.675                               0.650E+003
 RTBSE|            2551           1.818                               0.650E+003
 RTBSE|            2552           1.785                               0.650E+003
 RTBSE|            2553           1.675                               0.650E+003
 RTBSE|            2554           1.718                               0.650E+003
 RTBSE|            2555           1.722                               0.650E+003
 RTBSE|            2556           1.816                               0.650E+003
 RTBSE|            2557           1.707                               0.650E+003
 RTBSE|            2558           1.692                               0.650E+003
 RTBSE|            2559           1.809                               0.650E+003
 RTBSE|            2560           1.701                               0.650E+003
 RTBSE|            2561           1.698                               0.650E+003
 RTBSE|            2562           1.736                               0.650E+003
 RTBSE|            2563           1.702                               0.650E+003
 RTBSE|            2564           1.746                               0.650E+003
 RTBSE|            2565           1.825                               0.650E+003
 RTBSE|            2566           1.685                               0.650E+003
 RTBSE|            2567           1.689                               0.650E+003
 RTBSE|            2568           1.834                               0.650E+003
 RTBSE|            2569           1.712                               0.650E+003
 RTBSE|            2570           1.732                               0.650E+003
 RTBSE|            2571           1.694                               0.650E+003
 RTBSE|            2572           1.747                               0.650E+003
 RTBSE|            2573           1.680                               0.650E+003
 RTBSE|            2574           1.682                               0.650E+003
 RTBSE|            2575           1.682                               0.650E+003
 RTBSE|            2576           1.668                               0.650E+003
 RTBSE|            2577           1.688                               0.650E+003
 RTBSE|            2578           1.697                               0.650E+003
 RTBSE|            2579           1.680                               0.650E+003
 RTBSE|            2580           1.831                               0.650E+003
 RTBSE|            2581           1.742                               0.650E+003
 RTBSE|            2582           1.876                               0.650E+003
 RTBSE|            2583           1.749                               0.650E+003
 RTBSE|            2584           1.675                               0.650E+003
 RTBSE|            2585           1.902                               0.650E+003
 RTBSE|            2586           1.720                               0.650E+003
 RTBSE|            2587           1.995                               0.650E+003
 RTBSE|            2588           1.694                               0.650E+003
 RTBSE|            2589           1.682                               0.650E+003
 RTBSE|            2590           1.738                               0.650E+003
 RTBSE|            2591           1.668                               0.650E+003
 RTBSE|            2592           1.690                               0.650E+003
 RTBSE|            2593           1.712                               0.650E+003
 RTBSE|            2594           1.745                               0.650E+003
 RTBSE|            2595           1.709                               0.650E+003
 RTBSE|            2596           1.679                               0.650E+003
 RTBSE|            2597           1.800                               0.650E+003
 RTBSE|            2598           1.733                               0.650E+003
 RTBSE|            2599           1.850                               0.650E+003
 RTBSE|            2600           1.679                               0.650E+003
 RTBSE|            2601           1.681                               0.650E+003
 RTBSE|            2602           1.703                               0.650E+003
 RTBSE|            2603           1.690                               0.650E+003
 RTBSE|            2604           1.735                               0.650E+003
 RTBSE|            2605           1.709                               0.650E+003
 RTBSE|            2606           1.688                               0.650E+003
 RTBSE|            2607           1.690                               0.650E+003
 RTBSE|            2608           1.768                               0.650E+003
 RTBSE|            2609           1.742                               0.650E+003
 RTBSE|            2610           1.701                               0.650E+003
 RTBSE|            2611           1.727                               0.650E+003
 RTBSE|            2612           1.736                               0.650E+003
 RTBSE|            2613           1.691                               0.650E+003
 RTBSE|            2614           1.726                               0.650E+003
 RTBSE|            2615           1.836                               0.650E+003
 RTBSE|            2616           1.680                               0.650E+003
 RTBSE|            2617           1.755                               0.650E+003
 RTBSE|            2618           1.705                               0.650E+003
 RTBSE|            2619           1.711                               0.650E+003
 RTBSE|            2620           1.905                               0.650E+003
 RTBSE|            2621           1.859                               0.650E+003
 RTBSE|            2622           1.726                               0.650E+003
 RTBSE|            2623           1.702                               0.650E+003
 RTBSE|            2624           1.687                               0.650E+003
 RTBSE|            2625           1.676                               0.650E+003
 RTBSE|            2626           1.675                               0.650E+003
 RTBSE|            2627           1.683                               0.650E+003
 RTBSE|            2628           1.712                               0.650E+003
 RTBSE|            2629           1.677                               0.650E+003
 RTBSE|            2630           1.681                               0.650E+003
 RTBSE|            2631           1.676                               0.650E+003
 RTBSE|            2632           1.708                               0.650E+003
 RTBSE|            2633           1.685                               0.650E+003
 RTBSE|            2634           1.994                               0.650E+003
 RTBSE|            2635           1.767                               0.650E+003
 RTBSE|            2636           1.714                               0.650E+003
 RTBSE|            2637           1.703                               0.650E+003
 RTBSE|            2638           1.850                               0.650E+003
 RTBSE|            2639           1.797                               0.650E+003
 RTBSE|            2640           1.770                               0.650E+003
 RTBSE|            2641           1.683                               0.650E+003
 RTBSE|            2642           1.682                               0.650E+003
 RTBSE|            2643           1.721                               0.650E+003
 RTBSE|            2644           1.720                               0.650E+003
 RTBSE|            2645           1.704                               0.650E+003
 RTBSE|            2646           1.736                               0.650E+003
 RTBSE|            2647           1.677                               0.650E+003
 RTBSE|            2648           1.729                               0.650E+003
 RTBSE|            2649           1.894                               0.650E+003
 RTBSE|            2650           1.708                               0.650E+003
 RTBSE|            2651           1.718                               0.650E+003
 RTBSE|            2652           1.701                               0.650E+003
 RTBSE|            2653           1.681                               0.650E+003
 RTBSE|            2654           1.838                               0.650E+003
 RTBSE|            2655           1.687                               0.650E+003
 RTBSE|            2656           1.822                               0.650E+003
 RTBSE|            2657           1.691                               0.650E+003
 RTBSE|            2658           1.689                               0.650E+003
 RTBSE|            2659           1.684                               0.650E+003
 RTBSE|            2660           1.693                               0.650E+003
 RTBSE|            2661           1.759                               0.650E+003
 RTBSE|            2662           1.800                               0.650E+003
 RTBSE|            2663           1.719                               0.650E+003
 RTBSE|            2664           1.748                               0.650E+003
 RTBSE|            2665           1.690                               0.650E+003
 RTBSE|            2666           1.764                               0.650E+003
 RTBSE|            2667           1.686                               0.650E+003
 RTBSE|            2668           1.856                               0.650E+003
 RTBSE|            2669           1.758                               0.650E+003
 RTBSE|            2670           1.728                               0.650E+003
 RTBSE|            2671           1.818                               0.650E+003
 RTBSE|            2672           1.681                               0.650E+003
 RTBSE|            2673           1.740                               0.650E+003
 RTBSE|            2674           1.694                               0.650E+003
 RTBSE|            2675           1.688                               0.650E+003
 RTBSE|            2676           1.677                               0.650E+003
 RTBSE|            2677           1.683                               0.650E+003
 RTBSE|            2678           1.690                               0.650E+003
 RTBSE|            2679           1.683                               0.650E+003
 RTBSE|            2680           1.679                               0.650E+003
 RTBSE|            2681           1.698                               0.650E+003
 RTBSE|            2682           1.672                               0.650E+003
 RTBSE|            2683           1.667                               0.650E+003
 RTBSE|            2684           1.830                               0.650E+003
 RTBSE|            2685           1.679                               0.650E+003
 RTBSE|            2686           1.806                               0.650E+003
 RTBSE|            2687           1.760                               0.650E+003
 RTBSE|            2688           1.779                               0.650E+003
 RTBSE|            2689           1.840                               0.650E+003
 RTBSE|            2690           1.953                               0.650E+003
 RTBSE|            2691           1.814                               0.650E+003
 RTBSE|            2692           1.710                               0.650E+003
 RTBSE|            2693           1.697                               0.650E+003
 RTBSE|            2694           1.682                               0.650E+003
 RTBSE|            2695           1.775                               0.650E+003
 RTBSE|            2696           1.739                               0.650E+003
 RTBSE|            2697           1.694                               0.650E+003
 RTBSE|            2698           1.689                               0.650E+003
 RTBSE|            2699           1.729                               0.650E+003
 RTBSE|            2700           1.668                               0.650E+003
 RTBSE|            2701           1.772                               0.650E+003
 RTBSE|            2702           1.691                               0.650E+003
 RTBSE|            2703           1.842                               0.650E+003
 RTBSE|            2704           1.681                               0.650E+003
 RTBSE|            2705           1.679                               0.650E+003
 RTBSE|            2706           1.686                               0.650E+003
 RTBSE|            2707           1.695                               0.650E+003
 RTBSE|            2708           1.707                               0.650E+003
 RTBSE|            2709           1.710                               0.650E+003
 RTBSE|            2710           1.674                               0.650E+003
 RTBSE|            2711           1.675                               0.650E+003
 RTBSE|            2712           1.669                               0.650E+003
 RTBSE|            2713           1.693                               0.650E+003
 RTBSE|            2714           1.753                               0.650E+003
 RTBSE|            2715           1.799                               0.650E+003
 RTBSE|            2716           1.677                               0.650E+003
 RTBSE|            2717           1.739                               0.650E+003
 RTBSE|            2718           1.847                               0.650E+003
 RTBSE|            2719           1.753                               0.650E+003
 RTBSE|            2720           1.769                               0.650E+003
 RTBSE|            2721           1.744                               0.650E+003
 RTBSE|            2722           1.734                               0.650E+003
 RTBSE|            2723           1.906                               0.650E+003
 RTBSE|            2724           1.706                               0.650E+003
 RTBSE|            2725           1.831                               0.650E+003
 RTBSE|            2726           1.690                               0.650E+003
 RTBSE|            2727           1.684                               0.650E+003
 RTBSE|            2728           1.673                               0.650E+003
 RTBSE|            2729           1.674                               0.650E+003
 RTBSE|            2730           1.684                               0.650E+003
 RTBSE|            2731           1.675                               0.650E+003
 RTBSE|            2732           1.720                               0.650E+003
 RTBSE|            2733           1.677                               0.650E+003
 RTBSE|            2734           1.676                               0.650E+003
 RTBSE|            2735           1.683                               0.650E+003
 RTBSE|            2736           1.688                               0.650E+003
 RTBSE|            2737           1.868                               0.650E+003
 RTBSE|            2738           1.747                               0.650E+003
 RTBSE|            2739           1.694                               0.650E+003
 RTBSE|            2740           1.762                               0.650E+003
 RTBSE|            2741           1.758                               0.650E+003
 RTBSE|            2742           1.810                               0.650E+003
 RTBSE|            2743           1.772                               0.650E+003
 RTBSE|            2744           1.754                               0.650E+003
 RTBSE|            2745           1.716                               0.650E+003
 RTBSE|            2746           1.748                               0.650E+003
 RTBSE|            2747           1.733                               0.650E+003
 RTBSE|            2748           1.742                               0.650E+003
 RTBSE|            2749           1.682                               0.650E+003
 RTBSE|            2750           1.748                               0.650E+003
 RTBSE|            2751           1.670                               0.650E+003
 RTBSE|            2752           1.684                               0.650E+003
 RTBSE|            2753           1.932                               0.650E+003
 RTBSE|            2754           1.700                               0.650E+003
 RTBSE|            2755           1.686                               0.650E+003
 RTBSE|            2756           1.686                               0.650E+003
 RTBSE|            2757           1.692                               0.650E+003
 RTBSE|            2758           1.850                               0.650E+003
 RTBSE|            2759           1.836                               0.650E+003
 RTBSE|            2760           1.684                               0.650E+003
 RTBSE|            2761           1.695                               0.650E+003
 RTBSE|            2762           1.674                               0.650E+003
 RTBSE|            2763           1.670                               0.650E+003
 RTBSE|            2764           1.682                               0.650E+003
 RTBSE|            2765           1.678                               0.650E+003
 RTBSE|            2766           1.782                               0.650E+003
 RTBSE|            2767           1.796                               0.650E+003
 RTBSE|            2768           1.731                               0.650E+003
 RTBSE|            2769           1.670                               0.650E+003
 RTBSE|            2770           1.849                               0.650E+003
 RTBSE|            2771           1.717                               0.650E+003
 RTBSE|            2772           1.933                               0.650E+003
 RTBSE|            2773           1.726                               0.650E+003
 RTBSE|            2774           1.736                               0.650E+003
 RTBSE|            2775           1.813                               0.650E+003
 RTBSE|            2776           1.724                               0.650E+003
 RTBSE|            2777           1.712                               0.650E+003
 RTBSE|            2778           1.692                               0.650E+003
 RTBSE|            2779           1.685                               0.650E+003
 RTBSE|            2780           1.674                               0.650E+003
 RTBSE|            2781           1.690                               0.650E+003
 RTBSE|            2782           1.687                               0.650E+003
 RTBSE|            2783           1.693                               0.650E+003
 RTBSE|            2784           1.692                               0.650E+003
 RTBSE|            2785           1.668                               0.650E+003
 RTBSE|            2786           1.669                               0.650E+003
 RTBSE|            2787           1.830                               0.650E+003
 RTBSE|            2788           1.671                               0.650E+003
 RTBSE|            2789           1.759                               0.650E+003
 RTBSE|            2790           1.693                               0.650E+003
 RTBSE|            2791           1.669                               0.650E+003
 RTBSE|            2792           1.835                               0.650E+003
 RTBSE|            2793           1.801                               0.650E+003
 RTBSE|            2794           2.014                               0.650E+003
 RTBSE|            2795           1.710                               0.650E+003
 RTBSE|            2796           1.755                               0.650E+003
 RTBSE|            2797           1.777                               0.650E+003
 RTBSE|            2798           1.756                               0.650E+003
 RTBSE|            2799           1.687                               0.650E+003
 RTBSE|            2800           1.755                               0.650E+003
 RTBSE|            2801           1.715                               0.650E+003
 RTBSE|            2802           1.678                               0.650E+003
 RTBSE|            2803           1.672                               0.650E+003
 RTBSE|            2804           1.775                               0.650E+003
 RTBSE|            2805           1.723                               0.650E+003
 RTBSE|            2806           1.841                               0.650E+003
 RTBSE|            2807           1.695                               0.650E+003
 RTBSE|            2808           1.675                               0.650E+003
 RTBSE|            2809           1.697                               0.650E+003
 RTBSE|            2810           1.684                               0.650E+003
 RTBSE|            2811           1.707                               0.650E+003
 RTBSE|            2812           1.715                               0.650E+003
 RTBSE|            2813           1.688                               0.650E+003
 RTBSE|            2814           1.670                               0.650E+003
 RTBSE|            2815           1.683                               0.650E+003
 RTBSE|            2816           1.682                               0.650E+003
 RTBSE|            2817           1.684                               0.650E+003
 RTBSE|            2818           1.679                               0.650E+003
 RTBSE|            2819           1.744                               0.650E+003
 RTBSE|            2820           1.761                               0.650E+003
 RTBSE|            2821           1.763                               0.650E+003
 RTBSE|            2822           1.855                               0.650E+003
 RTBSE|            2823           1.878                               0.650E+003
 RTBSE|            2824           1.761                               0.650E+003
 RTBSE|            2825           1.689                               0.650E+003
 RTBSE|            2826           1.867                               0.650E+003
 RTBSE|            2827           1.781                               0.650E+003
 RTBSE|            2828           1.842                               0.650E+003
 RTBSE|            2829           1.690                               0.650E+003
 RTBSE|            2830           1.693                               0.650E+003
 RTBSE|            2831           1.674                               0.650E+003
 RTBSE|            2832           1.673                               0.650E+003
 RTBSE|            2833           1.696                               0.650E+003
 RTBSE|            2834           1.697                               0.650E+003
 RTBSE|            2835           1.721                               0.650E+003
 RTBSE|            2836           1.681                               0.650E+003
 RTBSE|            2837           1.664                               0.650E+003
 RTBSE|            2838           1.675                               0.650E+003
 RTBSE|            2839           1.706                               0.650E+003
 RTBSE|            2840           1.678                               0.650E+003
 RTBSE|            2841           1.945                               0.650E+003
 RTBSE|            2842           1.682                               0.650E+003
 RTBSE|            2843           1.672                               0.650E+003
 RTBSE|            2844           1.702                               0.650E+003
 RTBSE|            2845           1.765                               0.650E+003
 RTBSE|            2846           1.840                               0.650E+003
 RTBSE|            2847           1.824                               0.650E+003
 RTBSE|            2848           1.738                               0.650E+003
 RTBSE|            2849           1.832                               0.650E+003
 RTBSE|            2850           1.765                               0.650E+003
 RTBSE|            2851           1.685                               0.650E+003
 RTBSE|            2852           1.752                               0.650E+003
 RTBSE|            2853           1.703                               0.650E+003
 RTBSE|            2854           1.681                               0.650E+003
 RTBSE|            2855           1.673                               0.650E+003
 RTBSE|            2856           1.872                               0.650E+003
 RTBSE|            2857           1.690                               0.650E+003
  GREENX FT_PADE| n_pade, n_fit, window [eV]   484     968     0.0000    19.9960
  GREENX FT_PADE| n_pade, n_fit, window [eV]   484     968     0.0000    19.9960
  GREENX FT_PADE| n_pade, n_fit, window [eV]   484     968     0.0000    19.9960
 STATIC_POL|         spin  element Re [a.u.]              Im [a.u.]
 STATIC_POL|            1    1,  2     -2.6335585477E-002      2.0192039444E-015
 STATIC_POL|            1    2,  2      1.4378867590E+004     -1.8468462640E-012
 STATIC_POL|            1    3,  2      1.6047765526E-002      3.7492500423E-016

 -------------------------------------------------------------------------------
 -                                                                             -
 -                                DBCSR STATISTICS                             -
 -                                                                             -
 -------------------------------------------------------------------------------
 COUNTER                                    TOTAL       BLAS       SMM       ACC
 flops     6 x     6 x    72            235923840       0.0%    100.0%      0.0%     
 flops     6 x     6 x    96            629130240       0.0%    100.0%      0.0%     
 flops     6 x     6 x    64           1048550400       0.0%    100.0%      0.0%     
 flops     5 x     5 x     3           1116586500       0.0%    100.0%      0.0%     
 flops     3 x     5 x     5           1347440850       0.0%    100.0%      0.0%     
 flops     6 x    13 x    72           1566661824       0.0%    100.0%      0.0%     
 flops    13 x     6 x    72           1574030016       0.0%    100.0%      0.0%     
 flops     3 x     5 x     3           1966398840       0.0%    100.0%      0.0%     
 flops     3 x     3 x     5           2593561410       0.0%    100.0%      0.0%     
 flops     5 x     5 x    27           3163760100       0.0%    100.0%      0.0%     
 flops    27 x     5 x     5           3971130300       0.0%    100.0%      0.0%     
 flops     6 x    13 x    96           4177764864       0.0%    100.0%      0.0%     
 flops    13 x     6 x    96           4197413376       0.0%    100.0%      0.0%     
 flops    27 x     5 x     3           5393833740       0.0%    100.0%      0.0%     
 flops     3 x     5 x    27           6444351900       0.0%    100.0%      0.0%     
 flops     6 x    13 x    64           6962941440       0.0%    100.0%      0.0%     
 flops    13 x     6 x    64           6995688960       0.0%    100.0%      0.0%     
 flops     3 x    27 x     5           7595306010       0.0%    100.0%      0.0%     
 flops    27 x     3 x     5           7645014900       0.0%    100.0%      0.0%     
 flops    13 x    13 x    72          10596381120       0.0%    100.0%      0.0%     
 flops    27 x     5 x    27          17986026510       0.0%    100.0%      0.0%     
 flops     5 x    30 x     3          21601521900       0.0%    100.0%      0.0%     
 flops    27 x    27 x     5          22382771310       0.0%    100.0%      0.0%     
 flops    30 x     5 x     3          23056052400       0.0%    100.0%      0.0%     
 flops     3 x    30 x     5          26340965100       0.0%    100.0%      0.0%     
 flops     5 x     5 x    32          28228806400       0.0%    100.0%      0.0%     
 flops    13 x    13 x    96          28257016320       0.0%    100.0%      0.0%     
 flops     3 x     5 x    30          28856745000       0.0%    100.0%      0.0%     
 flops    32 x     5 x     5          32093822400       0.0%    100.0%      0.0%     
 flops     3 x    30 x     3          41938324560       0.0%    100.0%      0.0%     
 flops    32 x     5 x     3          44772369600       0.0%    100.0%      0.0%     
 flops    13 x    13 x    64          47095027200       0.0%    100.0%      0.0%     
 flops     3 x     5 x    32          53968594560       0.0%    100.0%      0.0%     
 flops     3 x     3 x    30          54847029960       0.0%    100.0%      0.0%     
 flops    32 x     3 x     5          56425243200       0.0%    100.0%      0.0%     
 flops     5 x    30 x    27          61503040800       0.0%    100.0%      0.0%     
 flops     3 x    32 x     5          61507850880       0.0%    100.0%      0.0%     
 flops    30 x     5 x    27          65204497800       0.0%    100.0%      0.0%     
 flops    27 x    30 x     5          77355591300       0.0%    100.0%      0.0%     
 flops    27 x     5 x    30          84258889200       0.0%    100.0%      0.0%     
 flops    27 x    30 x     3         115796736540       0.0%    100.0%      0.0%     
 flops     3 x    30 x    27         133133595840       0.0%    100.0%      0.0%     
 flops    32 x     5 x    27         143136944640       0.0%    100.0%      0.0%     
 flops    27 x     5 x    32         152010008640       0.0%    100.0%      0.0%     
 flops     3 x    27 x    30         159789908520       0.0%    100.0%      0.0%     
 flops    27 x     3 x    30         161361511020       0.0%    100.0%      0.0%     
 flops    32 x    27 x     5         165247231680       0.0%    100.0%      0.0%     
 flops    27 x    32 x     5         181350152640       0.0%    100.0%      0.0%     
 flops    27 x    30 x    27         373187842920       0.0%    100.0%      0.0%     
 flops    30 x    30 x     3         445019778000       0.0%    100.0%      0.0%     
 flops    27 x    27 x    30         469905643440       0.0%    100.0%      0.0%     
 flops     5 x    30 x    32         539033846400       0.0%    100.0%      0.0%     
 flops     3 x    30 x    30         558121698000       0.0%    100.0%      0.0%     
 flops     3 x     6 x     6         559651267872       0.0%    100.0%      0.0%     
 flops    30 x     5 x    32         568089840000       0.0%    100.0%      0.0%     
 flops     6 x     6 x     3         589124671560       0.0%    100.0%      0.0%     
 flops    32 x    30 x     5         625773072000       0.0%    100.0%      0.0%     
 flops    32 x     5 x    30         671439225600       0.0%    100.0%      0.0%     
 flops     3 x     6 x     3         799444696032       0.0%    100.0%      0.0%     
 flops     3 x     3 x     6         801991325016       0.0%    100.0%      0.0%     
 flops    32 x    30 x     3         945464676480       0.0%    100.0%      0.0%     
 flops     3 x    30 x    32        1099105626240       0.0%    100.0%      0.0%     
 flops    32 x     5 x    32        1187123671040       0.0%    100.0%      0.0%     
 flops    32 x     3 x    30        1191458903040       0.0%    100.0%      0.0%     
 flops    30 x    30 x    27        1264813979400       0.0%    100.0%      0.0%     
 flops     3 x    32 x    30        1274489769600       0.0%    100.0%      0.0%     
 flops    32 x    32 x     5        1337977262080       0.0%    100.0%      0.0%     
 flops    27 x    30 x    30        1629424058400       0.0%    100.0%      0.0%     
 flops    27 x     6 x     6        1742220914256       0.0%    100.0%      0.0%     
 flops     6 x     6 x    27        1808747304192       0.0%    100.0%      0.0%     
 flops    27 x     6 x     3        2253900056868       0.0%    100.0%      0.0%     
 flops    27 x     3 x     6        2260986105024       0.0%    100.0%      0.0%     
 flops     3 x     6 x    27        2420462449260       0.0%    100.0%      0.0%     
 flops     3 x    27 x     6        2427861061512       0.0%    100.0%      0.0%     
 flops    32 x    30 x    27        2942206519680       0.0%    100.0%      0.0%     
 flops    27 x    30 x    32        3110602176000       0.0%    100.0%      0.0%     
 flops    32 x    27 x    30        3470834499840       0.0%    100.0%      0.0%     
 flops    27 x    32 x    30        3750671070720       0.0%    100.0%      0.0%     
 flops     3 x    13 x     6        3772794616344       0.0%    100.0%      0.0%     
 flops     6 x    13 x     3        4201387216884       0.0%    100.0%      0.0%     
 flops     3 x     6 x    13        5571769802976       0.0%    100.0%      0.0%     
 flops    13 x     6 x     3        5902716316068       0.0%    100.0%      0.0%     
 flops    27 x     6 x    27        6794214620364       0.0%    100.0%      0.0%     
 flops    27 x    27 x     6        6814964858868       0.0%    100.0%      0.0%     
 flops     3 x    13 x     3        8076804108282       0.0%    100.0%      0.0%     
 flops     3 x     3 x    13        8103054233196       0.0%    100.0%      0.0%     
 flops    30 x    30 x    32       10827907027200       0.0%    100.0%      0.0%     
 flops    27 x    13 x     6       11744846243208       0.0%    100.0%      0.0%     
 flops     6 x    13 x    27       12692212079976       0.0%    100.0%      0.0%     
 flops    32 x    30 x    30       12984682118400       0.0%    100.0%      0.0%     
 flops    27 x     6 x    13       14925183434928       0.0%    100.0%      0.0%     
 flops    13 x     6 x    27       15744560268060       0.0%    100.0%      0.0%     
 flops    32 x     6 x     3       17070322477824       0.0%    100.0%      0.0%     
 flops    32 x     3 x     6       17122947269760       0.0%    100.0%      0.0%     
 flops    32 x     6 x     6       17909212170240       0.0%    100.0%      0.0%     
 flops     6 x     6 x    32       19786690990080       0.0%    100.0%      0.0%     
 flops     3 x    13 x    27       21331069546410       0.0%    100.0%      0.0%     
 flops     3 x    27 x    13       21398806262808       0.0%    100.0%      0.0%     
 flops    27 x    13 x     3       22796669486916       0.0%    100.0%      0.0%     
 flops    27 x     3 x    13       22869720287856       0.0%    100.0%      0.0%     
 flops    32 x    30 x    32       24058980188160       0.0%    100.0%      0.0%     
 flops     3 x     6 x    32       25716045139200       0.0%    100.0%      0.0%     
 flops     3 x    32 x     6       25792690825728       0.0%    100.0%      0.0%     
 flops    32 x    32 x    30       27680555335680       0.0%    100.0%      0.0%     
 flops     3 x    13 x    13       37560694388880       0.0%    100.0%      0.0%     
 flops    13 x    13 x     3       42207968193534       0.0%    100.0%      0.0%     
 flops    32 x     6 x    27       51561597261312       0.0%    100.0%      0.0%     
 flops    32 x    27 x     6       51717328975872       0.0%    100.0%      0.0%     
 flops    27 x    13 x    27       59992876933002       0.0%    100.0%      0.0%     
 flops    27 x    27 x    13       60181865106246       0.0%    100.0%      0.0%     
 flops    27 x     6 x    32       72344763491328       0.0%    100.0%      0.0%     
 flops    27 x    32 x     6       72560499611904       0.0%    100.0%      0.0%     
 flops    27 x    13 x    13      100614412135224       0.0%    100.0%      0.0%     
 flops    13 x    13 x    27      111007769816268       0.0%    100.0%      0.0%     
 flops    32 x    13 x     6      120731598444288       0.0%    100.0%      0.0%     
 flops     6 x    13 x    32      140395492907904       0.0%    100.0%      0.0%     
 flops    32 x     6 x    13      157400595336192       0.0%    100.0%      0.0%     
 flops    32 x    13 x     3      172462969006848       0.0%    100.0%      0.0%     
 flops    32 x     3 x    13      173000968642944       0.0%    100.0%      0.0%     
 flops    13 x     6 x    32      174735386542080       0.0%    100.0%      0.0%     
 flops     3 x    13 x    32      228899395450752       0.0%    100.0%      0.0%     
 flops     3 x    32 x    13      229595947491456       0.0%    100.0%      0.0%     
 flops    32 x    13 x    27      454499678318400       0.0%    100.0%      0.0%     
 flops    32 x    27 x    13      455901375556224       0.0%    100.0%      0.0%     
 flops    32 x     6 x    32      548216471912448       0.0%    100.0%      0.0%     
 flops    32 x    32 x     6      549829163520000       0.0%    100.0%      0.0%     
 flops    27 x    13 x    32      644718441489408       0.0%    100.0%      0.0%     
 flops    27 x    32 x    13      646676678688768       0.0%    100.0%      0.0%     
 flops    32 x    13 x    13     1061065737969536       0.0%    100.0%      0.0%     
 flops    13 x    13 x    32     1243156282762368       0.0%    100.0%      0.0%     
 flops    32 x    13 x    32     4879890234845184       0.0%    100.0%      0.0%     
 flops    32 x    32 x    13     4894371991887872       0.0%    100.0%      0.0%     
 flops inhomo. stacks                           0       0.0%      0.0%      0.0%
 flops total                        17.872277E+15       0.0%    100.0%      0.0%
 flops max/rank                    291.154232E+12       0.0%    100.0%      0.0%
 matmuls inhomo. stacks                         0       0.0%      0.0%      0.0%
 matmuls total                      1634239994266       0.0%    100.0%      0.0%
 number of processed stacks            7938045299       0.0%    100.0%      0.0%
 average stack size                                     0.0     205.9       0.0
 marketing flops                   114.630959E+15
 -------------------------------------------------------------------------------
 # multiplications                         114849
 max memory usage/rank               7.072670E+09
 # max total images/rank                        1
 # max 3D layers                                1
 # MPI messages exchanged               102904704
 MPI messages size (bytes):
  total size                       575.282348E+12
  min size                           0.000000E+00
  max size                          37.914632E+06
  average size                       5.590438E+06
 MPI breakdown and total messages size (bytes):
             size <=      128               34916                        0
       128 < size <=     8192                  28                    37856
      8192 < size <=    32768                   0                        0
     32768 < size <=   131072                  28                  3401216
    131072 < size <=  4194304            71950564           91297724092904
   4194304 < size <= 16777216            20640704          144280941614152
  16777216 < size                        10278464          340718368918984
 -------------------------------------------------------------------------------
 -                                                                             -
 -                      DBCSR MESSAGE PASSING PERFORMANCE                      -
 -                                                                             -
 -------------------------------------------------------------------------------
 ROUTINE             CALLS      AVE VOLUME [Bytes]
 MP_Bcast              133                     12.
 MP_Allreduce       459799                     77.
 MP_Alltoall        941937                 383793.
 MP_ISend          5613214                1585938.
 MP_IRecv          5611628                1593150.
 -------------------------------------------------------------------------------

 -------------------------------------------------------------------------------
 -                                                                             -
 -                                GRID STATISTICS                              -
 -                                                                             -
 -------------------------------------------------------------------------------
 LP    KERNEL             BACKEND                              COUNT     PERCENT
 3     collocate ortho    CPU                                  92064      24.65%
 3     integrate ortho    CPU                                  92064      24.65%
 4     collocate ortho    CPU                                  70686      18.93%
 4     integrate ortho    CPU                                  70686      18.93%
 2     collocate ortho    CPU                                  23520       6.30%
 2     integrate ortho    CPU                                  23520       6.30%
 0     collocate general  CPU                                    592       0.16%
 0     integrate general  CPU                                    296       0.08%
 -------------------------------------------------------------------------------

 -------------------------------------------------------------------------------
 -                                                                             -
 -                          OFFLOAD MEMPOOL STATISTICS                         -
 -                                                                             -
 -------------------------------------------------------------------------------
 Memory consumption                Number of allocations  Used [MiB]  Size [MiB]
 Host                                                  6          55           0
 -------------------------------------------------------------------------------

 MEMORY| Estimated peak process memory [MiB]                                2479

 -------------------------------------------------------------------------------
 ----                             MULTIGRID INFO                            ----
 -------------------------------------------------------------------------------
 count for grid        1:         339148          cutoff [a.u.]          300.00
 count for grid        2:         297089          cutoff [a.u.]          100.00
 count for grid        3:         335548          cutoff [a.u.]           33.33
 count for grid        4:         204615          cutoff [a.u.]           11.11
 total gridlevel count  :        1176400

 -------------------------------------------------------------------------------
 -                                                                             -
 -                         MESSAGE PASSING PERFORMANCE                         -
 -                                                                             -
 -------------------------------------------------------------------------------

 ROUTINE             CALLS      AVE VOLUME [Bytes]
 MP_Group               24
 MP_Bcast              278                 201477.
 MP_Allreduce       116273                  76425.
 MP_Sync                50
 MP_Alltoall           931               36207312.
 MP_SendRecv          5292                 225408.
 MP_ISendRecv         5292                 225408.
 MP_Wait              9245
 MP_comm_split          12
 MP_ISend             3448                 896076.
 MP_IRecv             3448                 896331.
 -------------------------------------------------------------------------------


 -------------------------------------------------------------------------------
 -                                                                             -
 -                           R E F E R E N C E S                               -
 -                                                                             -
 -------------------------------------------------------------------------------
 
 CP2K version 2026.2 (Development Version), the CP2K developers group (2026).
 CP2K is freely available from https://www.cp2k.org/ .
 
 M. Iannuzzi, J. Wilhelm, F. Stein, A. Bussy, H. Elgabarty, D. Golze, A. Hehn, 
 M. Graml, S. Marek, B. Sertcan Gökmen, C. Schran, H. Forbert, R. Z. 
 Khaliullin, A. Kozhevnikov, M. Taillefumier, R. Meli, V. V. Rybkin, M. Brehm, 
 R. Schade, O. Schütt, J. V. Pototschnig, H. Mirhosseini, A. Knüpfer, D. Marx, 
 M. Krack, J. Hutter, T. D. Kühne.
 J. Phys. Chem. B 130, 1237-1310 (2026).
 The CP2K Program Package Made Simple.
 https://doi.org/10.1021/acs.jpcb.5c05851

 M. Graml, K. Zollner, D. Hernangómez-Pérez, P. E. Faria Junior, J. Wilhelm.
 J. Chem. Theory Comput. 20, 2202-2208 (2024).
 Low-scaling GW algorithm applied to twisted transition-metal dichalcogenide 
 heterobilayers.
 https://doi.org/10.1021/acs.jctc.3c01230

 T. D. Kühne, M. Iannuzzi, M. Del Ben, V. V. Rybkin, P. Seewald, F. Stein, T. 
 Laino, R. Z. Khaliullin, O. Schütt, F. Schiffmann, D. Golze, J. Wilhelm, S. 
 Chulkov, M. H. Bani-Hashemian, V. Weber, U. Borstnik, M. Taillefumier, A. S. 
 Jakobovits, A. Lazzaro, H. Pabst, T. Müller, R. Schade, M. Guidon, S. 
 Andermatt, N. Holmberg, G. K. Schenter, A. Hehn, A. Bussy, F. Belleflamme, G. 
 Tabacchi, A. Glöß, M. Lass, I. Bethune, C. J. Mundy, C. Plessl, M. Watkins, 
 J. VandeVondele, M. Krack, J. Hutter.
 J. Chem. Phys. 152, 194103 (2020).
 CP2K: An electronic structure and molecular dynamics software package - 
 Quickstep: Efficient and accurate electronic structure calculations.
 https://doi.org/10.1063/5.0007045

 O. Schuett, P. Messmer, J. Hutter, J. VandeVondele.
 Electronic Structure Calculations on Graphics Processing Units, 173-190 (2016).
 GPU-Accelerated Sparse Matrix-Matrix Multiplication for Linear Scaling Density 
 Functional Theory.
 https://doi.org/10.1002/9781118670712.ch8

 A. Heinecke, G. Henry, M. Hutchinson, H. Pabst.
 Proceedings of Intl. Supercomputing Conference, 981-991 (2016).
 LIBXSMM: Accelerating Small Matrix Multiplications by Runtime Code Generation.
 https://doi.org/10.1109/SC.2016.83

 U. Borstnik, J. VandeVondele, V. Weber, J. Hutter.
 Parallel Comput. 40, 47-58 (2014).
 Sparse matrix multiplication: The distributed block-compressed sparse row 
 library.
 https://doi.org/10.1016/j.parco.2014.03.012

 A. Marek, V. Blum, R. Johanni, V. Havu, B. Lang, T. Auckenthaler, A. Heinecke, 
 H. Bungartz, H. Lederer.
 J. Phys. Condens. Matter 26, 213201 (2014).
 The ELPA library: scalable parallel eigenvalue solutions for electronic 
 structure theory and computational science.
 https://doi.org/10.1088/0953-8984/26/21/213201

 J. VandeVondele, J. Hutter.
 J. Chem. Phys. 127, 114105 (2007).
 Gaussian basis sets for accurate calculations on molecular systems in gas and 
 condensed phases.
 https://doi.org/10.1063/1.2770708

 J. VandeVondele, M. Krack, F. Mohamed, M. Parrinello, T. Chassaing, J. Hutter.
 Comput. Phys. Commun. 167, 103-128 (2005).
 QUICKSTEP: Fast and accurate density functional calculations using a mixed 
 Gaussian and plane waves approach.
 https://doi.org/10.1016/j.cpc.2004.12.014

 M. Krack.
 Theor. Chem. Acc. 114, 145-152 (2005).
 Pseudopotentials for H to Kr optimized for gradient-corrected 
 exchange-correlation functionals.
 https://doi.org/10.1007/s00214-005-0655-y

 M. Frigo, S. G. Johnson.
 Proc. IEEE 93, 216-231 (2005).
 The design and implementation of FFTW3.
 https://doi.org/10.1109/JPROC.2004.840301

 C. Hartwigsen, S. Goedecker, J. Hutter.
 Phys. Rev. B 58, 3641-3662 (1998).
 Relativistic separable dual-space Gaussian pseudopotentials from H to Rn.
 https://doi.org/10.1103/PhysRevB.58.3641

 G. Lippert, J. Hutter, M. Parrinello.
 Mol. Phys. 92, 477-487 (1997).
 A hybrid Gaussian and plane wave density functional scheme.
 https://doi.org/10.1080/002689797170220

 S. Goedecker, M. Teter, J. Hutter.
 Phys. Rev. B 54, 1703-1710 (1996).
 Separable dual-space Gaussian pseudopotentials.
 https://doi.org/10.1103/PhysRevB.54.1703

 J. P. Perdew, K. Burke, M. Ernzerhof.
 Phys. Rev. Lett. 77, 3865-3868 (1996).
 Generalized gradient approximation made simple.
 https://doi.org/10.1103/PhysRevLett.77.3865

 P. E. Blöchl.
 J. Chem. Phys. 103, 7422-7428 (1995).
 Electrostatic decoupling of periodic images of plane‐wave‐expanded 
 densities and derived atomic point charges.
 https://doi.org/10.1063/1.470314

 R. H. Byrd, P. H. Lu, J. Nocedal, C. Y. Zhu.
 SIAM J. Sci. Comput. 16, 1190-1208 (1995).
 A Limited Memory Algorithm for Bound Constrained Optimization.
 https://doi.org/10.1137/0916069

 C. G. Broyden.
 Math. Comput. 19, 577-593 (1965).
 A class of methods for solving nonlinear simultaneous equations.
 https://doi.org/10.1090/S0025-5718-1965-0198670-6


 -------------------------------------------------------------------------------
 -                                                                             -
 -                                T I M I N G                                  -
 -                                                                             -
 -------------------------------------------------------------------------------
 SUBROUTINE                       CALLS  ASD         SELF TIME        TOTAL TIME
                                MAXIMUM       AVERAGE  MAXIMUM  AVERAGE  MAXIMUM
 CP2K                                 1  1.0    0.018    0.029 5247.818 5248.455
 run_propagation_linearized_bse       1  2.0    0.203    0.822 5247.157 5247.774
 solve_rk4_timestep                2858  3.0    0.198    0.329 4924.198 4925.275
 build_shared_sex_and_hartree     11432  4.0    0.267    0.352 3991.231 3993.659
 compute_sigma_ri_rs_complex      11432  5.0    0.163    0.202 3390.956 3397.052
 compute_sigma_ri_rs              22864  6.0    1.076    1.263 3384.190 3389.253
 dbcsr_multiply_generic          114849  7.8    7.265    7.807 3070.093 3124.942
 dbcsr_contract_ABA               45729  7.0    0.484    0.675 2892.818 2945.047
 multiply_cannon                 114849  8.8   14.008   17.068 2252.890 2419.009
 multiply_cannon_loop            114849  9.8   13.413   15.698 2043.915 2236.101
 mp_waitall_1                   9193745 12.0 1233.167 1391.945 1233.167 1391.945
 parallel_gemm_fm_cosma          183443  6.0 1232.615 1243.050 1232.615 1243.050
 multiply_cannon_metrocomm3      918792 10.8    1.972    2.200  696.032 1070.329
 multiply_cannon_multrec         918792 10.8  818.132 1015.538  820.197 1017.460
 update_effective_ham_MO          11432  4.0    0.458    0.646  932.587  935.223
 transform_ao_to_mo_covariant_c   22864  5.0    0.174    0.227  625.268  628.015
 transform_mo_to_ao_contravaria   22865  5.0    0.134    0.173  597.277  603.122
 make_m2s                        229698  8.8    3.469    3.857  491.808  532.100
 make_images                     229698  9.8   54.794   76.382  484.198  524.546
 multiply_cannon_metrocomm1      918792 10.8    2.096    2.307  244.984  371.057
 make_images_data                229698 10.8    2.937    3.561  322.124  367.342
 hybrid_alltoall_any             275578 11.3   18.957  148.186  297.724  347.980
 mp_sum_l                        344798  8.8  196.552  309.016  196.552  309.016
 compute_hartree_ri_rs_from_dia   11432  5.0    0.157    0.196  304.046  306.655
 hartree_potential_from_diag_ri   22864  6.0   22.551   28.105  299.061  302.092
 calculate_norms                1835952 10.8  257.296  300.682  257.296  300.682
 qs_energies                          1  3.0    0.003    0.008  290.359  290.395
 qs_energies_properties               1  4.0    0.001    0.002  254.698  254.728
 post_scf_bandstructure               1  5.0    0.001    0.002  254.697  254.727
 gw                                   1  6.0    0.001    0.002  252.801  252.833
 gw_calc_non_periodic_ri_rs           1  7.0    0.002    0.003  251.437  251.542
 copy_dbcsr_to_fm                 45876  7.0    0.783    0.972  212.668  234.210
 dbcsr_complete_redistribute      68977  8.0   52.425   58.265  223.599  231.179
 ri_rs_grid_assembler                 1  8.0    0.002    0.005  201.202  201.308
 optimize_ri_rs_grid                  1  9.0    5.998    7.354  201.170  201.276
 evaluate_rirs_grid_cluster        1005 10.0  154.752  193.609  154.752  193.609
 buffer_matrices_ensure_size     229698  9.8  112.594  176.365  112.594  176.365
 mp_sum_dv                        91808  7.0   99.476  152.903   99.476  152.903
 make_images_sizes               229698 10.8    0.276    0.327   68.404  136.450
 mp_alltoall_i44                 229698 11.8   68.128  136.132   68.128  136.132
 hadamard_product_inplace         22864  7.0  115.099  128.494  115.188  128.578
 mp_allgather_i34                114849  9.8   62.980  122.024   62.980  122.024
 mp_alltoall_i22                 114857  9.0   68.683   99.476   68.683   99.476
 copy_fm_to_dbcsr                 23101  7.0    0.152    0.186   84.607   90.816
 mp_sum_d                         23986  4.1   44.518   87.101   44.518   87.101
 dbcsr_desymmetrize_deep          45880  8.0    8.027   10.636   59.207   79.968
 dbcsr_finalize                  231257  8.9    1.775    2.038   53.793   66.469
 dbcsr_set                        92116  8.5    0.149    0.172   50.778   65.661
 dbcsr_zero                       92116  9.5   50.629   65.506   50.629   65.506
 mp_alltoall_d11v                344655  9.4   60.267   62.630   60.267   62.630
 dbcsr_merge_all                 185043  9.9   18.028   22.827   48.181   60.348
 dbcsr_add_wm_from_matrix         23077  9.0   36.937   47.534   50.094   57.406
 make_images_pack                229698 10.8   24.111   54.444   25.258   55.794
 dbcsr_copy                      275752  8.5   39.477   51.780   41.031   53.397
 mp_cart_sub                      91767  9.0   46.316   46.494   46.316   46.494
 scf_env_do_scf                       1  4.0    0.001    0.002   33.674   33.690
 scf_env_do_scf_inner_loop           41  5.0    0.002    0.003   33.674   33.690
 dbcsr_data_release             8609455 10.7   10.694   28.250   10.694   28.250
 dbcsr_fill_wm_from_matrix        23077 10.0   12.580   25.745   12.705   25.869
 dbcsr_scale_anytype              46753  8.6   19.563   22.204   21.225   23.821
 dbcsr_destroy                  1080297  8.8    1.750    1.955    8.873   20.324
 compute_W                            1  8.0    0.001    0.001   19.746   19.769
 compute_Sigma_c_and_QP_energie       1  8.0    0.000    0.000   17.368   17.377
 tree_to_linear_d                 68998 11.0    9.602   14.935    9.602   14.935
 compute_fm_W_freq                   30  9.0    0.001    0.001   14.608   14.632
 dbcsr_data_copy_aa2              92350 11.0    8.656   14.615    8.656   14.615
 mp_alltoall_i11v                252811  9.0   13.697   14.599   13.697   14.599
 qs_scf_new_mos                      41  6.0    0.001    0.001   14.384   14.406
 compute_Sigma_c                      1  9.0    0.001    0.002   14.131   14.133
 eigensolver_symm                    41  7.0    0.004    0.005   14.032   14.045
 cp_cfm_to_fm                     80029  5.6    9.151   13.969    9.151   13.969
 mp_cart_create                   45906  9.0   12.707   13.851   12.707   13.851
 cp_fm_to_cfm                     91461  6.0    8.874   13.390    8.874   13.390
 dbcsr_sort_data                  91922 10.8    9.814   12.606    9.814   12.606
 cp_fm_diag_elpa                     45  8.0    0.000    0.000   12.128   12.132
 cp_fm_diag_elpa_base                45  9.0   12.040   12.095   12.115   12.117
 cp_fm_write_formatted             5716  3.0   10.137   10.650   10.414   11.934
 contract_grid_panels_sigma_c        30 10.0    0.003    0.003   11.850   11.862
 qs_ks_build_kohn_sham_matrix        42  8.0    0.007    0.009   11.307   11.315
 qs_ks_update_qs_env                 41  6.0    0.000    0.001   11.194   11.203
 rebuild_ks_matrix                   41  7.0    0.000    0.000   11.184   11.194
 cp_fm_write_unformatted           5721  3.0    8.717    9.199    9.034   10.612
 setup_rec_index_2d              229698  9.8    8.775   10.579    8.775   10.579
 dbcsr_create_new               1126260  9.6    6.109    6.756    8.577   10.203
 fft_wrap_pw1pw2                    748 11.1    0.008    0.010    9.762    9.886
 release_dbcsr_topology_and_mat   68595  7.0    0.106    0.122    1.460    9.720
 get_mat_chi_Gamma_tau                1  8.0    0.000    0.002    9.485    9.487
 fft_wrap_pw1pw2_300                496 12.4    0.513    0.698    9.281    9.411
 copy_dbcsr_to_fm_bc              45876  8.0    7.162    8.935    7.387    9.194
 fft3d_ps                           748 13.1    2.127    2.529    8.357    8.663
 multiply_cannon_metrocomm2      803943 10.8    2.436    2.667    6.924    8.530
 dbcsr_special_finalize          229698 10.8    0.444    0.509    7.914    8.431
 quick_finalize                  275578 11.5    1.328    1.537    7.746    8.150
 contract_grid_panels                31  9.0    0.002    0.003    7.938    7.997
 dbcsr_sort_indices              551724 11.7    6.813    7.335    6.813    7.335
 cp_cfm_transpose                 22864  5.0    3.817    7.006    3.817    7.006
 mp_isend_dv                    2763758 12.2    5.417    6.887    5.417    6.887
 multiply_cannon_metrocomm4      803943 10.8    2.101    2.413    5.069    6.490
 qs_vxc_create                       42  9.0    0.001    0.002    6.448    6.485
 xc_vxc_pw_create                    41 10.0    0.098    0.120    6.446    6.484
 copy_fm_to_dbcsr_bc              23101  8.0    2.140    3.092    4.570    6.126
 mp_alltoall_z22v                   748 15.1    5.360    6.028    5.360    6.028
 qs_rho_update_rho_low               42  6.0    0.001    0.001    5.999    6.003
 calculate_rho_elec                  42  7.0    0.083    0.096    5.999    6.003
 cp_fm_trace_a0b0t0               17154  3.0    0.422    0.649    4.078    5.920
 print_ft                             1  3.0    0.002    0.031    5.493    5.694
 greenx_refine_ft                     3  4.0    5.491    5.692    5.491    5.692
 mp_send_dv                       11438  4.0    0.538    5.222    0.538    5.222
 dbcsr_mm_multrec_init           114849  9.8    0.206    0.283    4.029    5.218
 cp_cfm_scale_and_add             88611  5.0    3.139    4.983    3.139    4.983
 xc_pw_derive                       246 12.0    0.001    0.002    4.803    4.949
 cp_fm_transpose                  17155  3.0    1.636    4.948    1.636    4.948
 dbcsr_mm_csr_init               114849 10.8    1.506    1.904    3.823    4.935
 dbcsr_data_new                 5230885 10.2    3.297    4.650    3.297    4.650
 dbcsr_get_diag                   22864  7.0    4.110    4.588    4.143    4.624
 dbcsr_iterator_start           1103909  9.9    2.597    3.088    3.840    4.518
 cp_fm_cholesky_invert               31 10.0    4.197    4.204    4.197    4.204
 dbcsr_new_transposed             68877  8.7    0.865    0.971    3.642    4.163
 dbcsr_make_index_list           229698  9.8    3.809    4.158    3.809    4.158
 mp_irecv_dv                    2762703 12.2    2.537    3.945    2.537    3.945
 dbcsr_work_destroy_all          460621 10.9    2.280    2.595    3.268    3.836
 x_to_yz                            372 14.2    0.573    0.698    3.527    3.742
 build_G_ao                         121  9.5    0.002    0.003    3.671    3.725
 mp_isend_iv                    3036213 11.8    2.486    3.646    2.486    3.646
 setup_buffer_matrices           229698  9.8    0.877    1.175    2.465    3.580
 mp_recv_dv                      137332  4.0    0.056    3.580    0.056    3.580
 dbcsr_work_create               460621  9.9    2.306    2.593    3.079    3.565
 xc_pw_divergence                    41 11.0    0.001    0.001    3.256    3.405
 dbcsr_make_untransposed_blocks  137907  8.8    2.111    2.350    3.120    3.328
 density_rs2pw                       42  8.0    0.001    0.002    2.970    3.321
 compute_QP_energies                  1  9.0    0.000    0.000    3.237    3.245
 grid_collocate_task_list            42  8.0    2.857    3.170    2.857    3.170
 xc_rho_set_and_dset_create          41 11.0    0.082    0.122    3.035    3.142
 G_occ_vir                          121 10.5    0.093    0.108    3.056    3.116
 sum_up_and_integrate                42  9.0    0.001    0.001    3.051    3.060
 integrate_v_rspace                  42 10.0    0.001    0.001    3.039    3.047
 yz_to_x                            292 14.1    0.237    0.292    2.636    3.017
 compute_Z_lP                         1  8.0    0.000    0.001    2.983    2.985
 compute_Z_lP_standard                1  9.0    0.004    0.005    2.982    2.984
 mask_mo_block_cfm                34296  5.0    1.340    2.902    1.340    2.902
 dbcsr_reserve_all_blocks         23104  9.0    0.092    0.127    2.044    2.886
 dbcsr_reserve_blocks             23118 10.0    1.875    2.733    1.954    2.807
 fill_hash_tables                114849 11.8    2.093    2.784    2.093    2.784
 to_Gamma_and_mo_real                62 10.0    0.004    0.004    2.753    2.753
 dbcsr_iterator_stop            1103909  9.9    1.682    2.261    1.893    2.476
 multiply_cannon_multrec_finali  114849 11.8    0.242    0.285    2.065    2.461
 cp_fm_cholesky_decompose            33 10.0    2.230    2.436    2.230    2.436
 gspace_mixing                       40  6.0    0.077    0.088    2.233    2.233
 dbcsr_mm_multrec_finalize       114849 12.8    1.335    1.486    1.823    2.176
 mp_irecv_iv                    3035420 11.8    1.530    1.989    1.530    1.989
 potential_pw2rs                     42 11.0    0.010    0.012    1.930    1.933
 dbcsr_scale_d                    22896  7.0    0.041    0.053    1.704    1.884
 cp_fm_symm                          41  8.0    1.805    1.821    1.805    1.821
 dbcsr_make_index_exist         1126260 10.6    1.447    1.758    1.447    1.758
 mp_sum_iv                       114871  9.8    1.334    1.607    1.334    1.607
 transfer_rs2pw                     170  9.0    0.002    0.003    1.145    1.487
 dbcsr_iterator_seek            1103909 10.9    1.243    1.457    1.243    1.457
 create_and_init_bs_env_for_gw        1  7.0    0.000    0.000    1.363    1.427
 dbcsr_distribution_new          414238  8.8    1.125    1.417    1.125    1.417
 qs_ks_ddapc                         42  9.0    0.001    0.001    1.348    1.389
 broyden_mixing                      40  7.0    1.114    1.315    1.337    1.356
 mp_comm_free                    137731  9.0    1.035    1.291    1.035    1.291
 eval_bandstructure_properties        1  6.0    0.000    0.000    1.237    1.237
 transpose_index_local            68877  9.7    0.384    0.417    1.077    1.199
 mp_waitany                        3420 12.5    0.857    1.191    0.857    1.191
 merge_index                     185043 10.9    1.060    1.191    1.060    1.191
 compute_d_lp                         6 10.0    0.660    0.819    0.944    1.181
 grid_integrate_task_list            42 11.0    1.011    1.069    1.011    1.069
 dbcsr_make_dbcsr_index          552698 11.7    0.957    1.056    0.957    1.056
 get_electron_number_MO            2858  3.0    0.019    0.025    0.703    1.035
 transfer_rs2pw_300                  44  9.9    0.122    0.162    0.626    0.975
 qs_energies_init_hamiltonians        1  4.0    0.001    0.003    0.955    0.956
 qs_env_update_s_mstruct              1  5.0    0.000    0.000    0.932    0.945
 cp_cfm_geeig                         1  7.0    0.000    0.000    0.914    0.916
 init_scf_run                         1  4.0    0.001    0.001    0.914    0.915
 transfer_pw2rs                     169 12.0    0.001    0.001    0.894    0.896
 setup_time_and_frequency_minim       1  8.0    0.000    0.001    0.751    0.813
 build_minimax_time_frequency_g       1  9.0    0.000    0.001    0.751    0.813
 fit_l_sq_weights                     3 10.0    0.750    0.813    0.750    0.813
 cp_fm_uplo_to_full                 106 10.0    0.528    0.812    0.528    0.812
 cp_ddapc_init                        1  6.0    0.000    0.000    0.751    0.776
 cp_ddapc_create                      1  7.0    0.001    0.001    0.751    0.776
 cp_cfm_heevd                         1  8.0    0.000    0.000    0.727    0.727
 cp_cfm_heevd_base                    1  9.0    0.727    0.727    0.727    0.727
 cp_fm_create                     34779  6.0    0.345    0.683    0.345    0.683
 build_gram_jacobi_blas               6 10.0    0.296    0.342    0.629    0.670
 setup_square_topology            45854  7.0    0.349    0.527    0.486    0.666
 create_and_init_bs_env               1  6.0    0.001    0.001    0.658    0.660
 compute_Sigma_x                      1  8.0    0.000    0.000    0.635    0.657
 mp_sync                             50  9.8    0.313    0.646    0.313    0.646
 compute_fm_chi_Gamma_freq           30  9.0    0.001    0.001    0.632    0.644
 hadamard_product                    91 10.7    0.435    0.492    0.558    0.617
 diagonalize_ks_matrix                1  7.0    0.000    0.000    0.614    0.614
 cp_fm_geeig_canon                    1  8.0    0.000    0.000    0.613    0.614
 cp_ddapc_apply_CD                   42 10.0    0.002    0.012    0.600    0.613
 multrec_filtering                91882 13.8    0.419    0.613    0.419    0.613
 xc_functional_eval                  41 12.0    0.000    0.001    0.535    0.604
 pbe_lda_eval                        41 13.0    0.534    0.604    0.534    0.604
 dbcsr_switch_data_area          574317 11.1    0.361    0.418    0.521    0.587
 abc_contract_xsmm               103142 10.2    0.449    0.578    0.449    0.578
 compute_Z_lP_standard_dpotrf         6 10.0    0.466    0.497    0.466    0.497
 initialize_sex_selfenergy            1  3.0    0.000    0.000    0.486    0.486
 rt_bse_ri_rs_ensure_W0_grid          1  4.0    0.000    0.000    0.486    0.486
 build_phi_on_sphere                  6 10.0    0.028    0.033    0.431    0.479
 cp_fm_geeig                          1 10.0    0.000    0.000    0.475    0.476
 ewald_ddapc_pot                      1  8.0    0.371    0.455    0.465    0.467
 pw_integral_ab_c1d_c1d_gs           84 10.5    0.275    0.312    0.387    0.466
 evaluate_ao_on_points              850 11.0    0.409    0.457    0.409    0.457
 transfer_pw2rs_300                  43 12.9    0.130    0.160    0.425    0.439
 RI_2c_integral_mat                   4  7.2    0.001    0.001    0.413    0.436
 dbcsr_make_index_local_row      229698  9.8    0.312    0.413    0.312    0.413
 mp_max_l                            22  1.8    0.203    0.413    0.203    0.413
 pw_poisson_solve                    42  9.0    0.001    0.001    0.381    0.406
 get_RI_basis                         1  8.0    0.000    0.001    0.391    0.394
 compute_Minv_Gamma                   1  9.0    0.001    0.001    0.389    0.392
 pw_scatter_p                       414 13.3    0.309    0.390    0.309    0.390
 compute_V_MinvVsqrt                  1  9.0    0.000    0.002    0.383    0.388
 mp_sum_dm                           42  7.9    0.266    0.383    0.266    0.383
 pw_gather_p                        334 12.8    0.345    0.380    0.345    0.380
 parallel_gemm_cfm                   16  6.5    0.000    0.000    0.351    0.355
 parallel_gemm_cfm_cosma             16  7.5    0.351    0.355    0.351    0.355
 build_gram_jacobi_blas_dsyrk         6 11.0    0.333    0.352    0.333    0.352
 dbcsr_get_data_size_used        230923  9.9    0.291    0.351    0.291    0.351
 fft_wrap_pw1pw2_100                 84 11.5    0.016    0.021    0.326    0.348
 mp_bcast_dm                          2 11.5    0.222    0.331    0.222    0.331
 extract_masked_blocks              244 10.6    0.201    0.259    0.243    0.326
 dbcsr_mm_sched_init             114849 11.8    0.172    0.245    0.224    0.325
 compute_proj_mo_on_kind              1  7.0    0.001    0.002    0.315    0.315
 dbcsr_get_local_cols            114849  8.8    0.271    0.313    0.271    0.313
 pw_copy                            667 11.6    0.285    0.308    0.285    0.308
 ddapc_eval_AmI                       1  8.0    0.019    0.021    0.283    0.308
 transfer_rs2pw_40                   42 10.0    0.113    0.128    0.287    0.298
 dbcsr_get_local_rows            114849  8.8    0.256    0.291    0.256    0.291
 modify_hartree_pot                  42 11.0    0.237    0.291    0.237    0.291
 transfer_pw2rs_40                   42 13.0    0.126    0.143    0.265    0.280
 dbcsr_add_d                        931 10.0    0.001    0.001    0.254    0.277
 build_2c_integrals                   4  8.2    0.088    0.223    0.271    0.276
 dbcsr_add_anytype                  931 11.0    0.145    0.166    0.253    0.276
 pw_derive                          372 12.3    0.241    0.275    0.241    0.275
 scf_env_initial_rho_setup            1  5.0    0.000    0.000    0.238    0.249
 qs_init_subsys                       1  2.0    0.005    0.010    0.247    0.247
 qs_env_setup                         1  3.0    0.001    0.003    0.238    0.245
 qs_env_rebuild_pw_env                2  4.0    0.000    0.000    0.235    0.243
 pw_env_rebuild                       1  5.0    0.002    0.004    0.235    0.243
 transfer_rs2pw_100                  42 10.0    0.036    0.046    0.158    0.243
 extract_grid_panel                 122 10.5    0.139    0.204    0.165    0.241
 calculate_dm_sparse                 41  7.0    0.001    0.001    0.232    0.240
 cp_dbcsr_plus_fm_fm_t               41  8.0    0.001    0.001    0.230    0.238
 pw_grid_setup                        4  6.0    0.000    0.000    0.227    0.236
 pw_grid_setup_internal               4  7.0    0.002    0.002    0.227    0.236
 mp_sendrecv_dv                    5292 11.0    0.217    0.235    0.217    0.235
 compute_d_lp_dgemm                2745 11.0    0.174    0.221    0.174    0.221
 initialize_hartree_potential         1  3.0    0.000    0.000    0.204    0.205
 rt_bse_ri_rs_ensure_V_grid           1  4.0    0.000    0.000    0.204    0.205
 fill_fm_Sigma_c_Gamma_time           1 10.0    0.000    0.000    0.200    0.200
 collect_used_col_blocks             92 10.7    0.002    0.003    0.130    0.196
 gw_3c_ctx_create                     2 10.0    0.002    0.134    0.087    0.192
 cp_fm_scale_and_add                935  9.9    0.181    0.190    0.181    0.190
 Fourier_transform_w_to_t            30  9.0    0.001    0.001    0.178    0.187
 get_ddapc                           42 11.0    0.001    0.001    0.169    0.180
 transfer_pw2rs_100                  42 13.0    0.041    0.046    0.153    0.166
 pw_poisson_set                      43  9.9    0.001    0.001    0.139    0.164
 cp_cfm_zscale                    22864  5.0    0.098    0.163    0.098    0.163
 parser_read_line                 21084  4.0    0.002    0.002    0.137    0.149
 initialize_rtbse_env                 1  3.0    0.140    0.141    0.147    0.148
 create_qs_kind_set                   1  2.0    0.000    0.000    0.143    0.147
 read_qs_kind                         2  3.0    0.021    0.028    0.143    0.147
 parser_read_line_low                26  5.1    0.001    0.019    0.135    0.147
 broadcast_input_information         26  6.1    0.011    0.026    0.134    0.146
 rs_gather_matrices                  42 11.0    0.002    0.007    0.097    0.143
 calculate_rho_core                   1  6.0    0.007    0.009    0.126    0.143
 dbcsr_get_global_row_map        114849  8.8    0.108    0.135    0.108    0.135
 build_A_matrix                       1  9.0    0.102    0.135    0.102    0.135
 compute_V_xc                         1  8.0    0.000    0.000    0.128    0.133
 pw_copy_from_array                 414 13.3    0.118    0.133    0.118    0.133
 dbcsr_binary_write                   1 10.0    0.126    0.126    0.126    0.127
 initialize_moments                   1  3.0    0.002    0.003    0.114    0.115
 scf_post_calculation_gpw             1  4.0    0.000    0.000    0.112    0.114
 write_available_results              1  5.0    0.000    0.000    0.111    0.114
 write_mo_free_results                1  6.0    0.004    0.005    0.110    0.114
 cp_cfm_triangular_multiply           3  8.0    0.112    0.113    0.112    0.113
 get_ddapc-charges                   42 12.0    0.017    0.019    0.109    0.112
 pw_copy_to_array                   334 12.8    0.092    0.107    0.092    0.107
 pw_axpy                            415 10.3    0.099    0.104    0.099    0.104
 fft_wrap_pw1pw2_40                  84 11.5    0.003    0.004    0.090    0.101
 fm_write                             1  9.0    0.000    0.004    0.079    0.100
 dbcsr_get_global_col_map        114849  8.8    0.076    0.098    0.076    0.098
 pw_grid_sort                         4  8.0    0.058    0.060    0.088    0.097
 cp_fm_triangular_multiply            3 11.0    0.095    0.096    0.095    0.096
 dbcsr_mm_sched_finalize         114849 13.8    0.070    0.094    0.070    0.094
 compute_Z_lP_standard_dpotrs         6 10.0    0.075    0.091    0.075    0.091
 mp_bcast_am_src                     26  7.1    0.081    0.090    0.081    0.090
 dbcsr_mm_hostdrv_init           114849 12.8    0.052    0.089    0.052    0.089
 build_b_vector                      42 13.0    0.067    0.086    0.067    0.086
 pw_grid_remap                        4  8.0    0.002    0.002    0.072    0.080
 transform_ao_to_mo_covariant_f       6  4.0    0.000    0.000    0.077    0.078
 mp_sum_im3                           5  9.2    0.070    0.078    0.070    0.078
 transfer_rs2pw_20                   42 10.0    0.029    0.031    0.072    0.076
 cp_cfm_cholesky_decompose            2  8.0    0.067    0.070    0.067    0.070
 mp_bcast_b_src                      87  8.6    0.023    0.069    0.023    0.069
 cp_fm_gemm                           3  9.0    0.065    0.067    0.065    0.067
 fft_wrap_pw1pw2_20                  84 11.5    0.001    0.001    0.057    0.063
 read_gw_input_parameters             1  8.0    0.000    0.001    0.060    0.062
 qs_create_task_list                  1  6.0    0.001    0.002    0.054    0.060
 read_rirs_grid_opt                   1  9.0    0.056    0.059    0.056    0.059
 pw_zero                            206 11.4    0.052    0.058    0.052    0.058
 generate_qs_task_list                1  7.0    0.003    0.004    0.053    0.058
 mixing_init                          1  6.0    0.055    0.057    0.057    0.058
 transfer_pw2rs_20                   42 13.0    0.019    0.021    0.051    0.056
 distribute_tasks                     1  8.0    0.000    0.001    0.050    0.055
 rs_scatter_matrices                 42  8.0    0.002    0.003    0.046    0.054
 reserve_blocks_within_radius         1  5.0    0.013    0.019    0.016    0.049
 calculate_hirshfeld_normalizat       1  7.0    0.032    0.040    0.047    0.048
 hirshfeld_integration                1  7.0    0.031    0.039    0.048    0.048
 ab_contract                     180712  9.0    0.045    0.047    0.045    0.047
 write_mo_set_to_restart             41  6.0    0.001    0.004    0.011    0.047
 mp_bcast_i_src                     104  7.1    0.029    0.046    0.029    0.046
 write_mo_set_low                     3  7.0    0.000    0.000    0.011    0.046
 mp_sum_im                            8  7.5    0.044    0.045    0.044    0.045
 apply_delta_pulse_MO                 1  3.0    0.000    0.000    0.045    0.045
 propagate_density                    1  4.0    0.000    0.000    0.044    0.044
 bch_propagate                        1  5.0    0.000    0.000    0.044    0.044
 mp_isend_dm3                       684 12.5    0.029    0.042    0.029    0.042
 create_local_tasks                   1  9.0    0.000    0.000    0.037    0.041
 mp_alltoall_l11v                     1 10.0    0.037    0.041    0.037    0.041
 mp_alltoall_z11v                    84 14.5    0.037    0.040    0.037    0.040
 sort_shells                          4  9.0    0.030    0.039    0.030    0.039
 rs_grid_zero                        87 13.8    0.035    0.037    0.035    0.037
 build_grid_cache                     1  9.0    0.022    0.023    0.030    0.037
 cp_cfm_triangular_invert             1  8.0    0.037    0.037    0.037    0.037
 cp_fm_to_fm_matrix                 201 10.4    0.027    0.037    0.027    0.037
 build_core_hamiltonian_matrix        1  5.0    0.001    0.002    0.021    0.036
 check_positive_definite_overla       1  7.0    0.000    0.000    0.032    0.034
 mp_sum_i                           409  9.9    0.021    0.034    0.021    0.034
 build_2c_coulomb_matrix_kp           1 10.0    0.000    0.000    0.030    0.032
 cp_fm_triangular_invert              1 11.0    0.031    0.032    0.031    0.032
 lattice_sum                          1 11.0    0.000    0.000    0.030    0.032
 cp_fm_copy_general                   4  8.2    0.000    0.000    0.027    0.031
 dbcsr_dot                           83  9.0    0.005    0.005    0.017    0.029
 mp_bcast_iv_src                     26  7.1    0.013    0.026    0.013    0.026
 topology_control                     1  2.0    0.001    0.003    0.023    0.025
 create_tensors                       1  8.0    0.000    0.000    0.024    0.025
 calculate_first_density_matrix       1  6.0    0.000    0.001    0.014    0.024
 compute_v_transl                     1 12.0    0.023    0.024    0.023    0.024
 xz_to_yz                            42 12.0    0.001    0.008    0.022    0.024
 dbcsr_filter_anytype               203 10.0    0.004    0.006    0.018    0.024
 coordinate_control                   1  3.0    0.001    0.001    0.018    0.024
 coordinate_control_READ_COORDI       1  4.0    0.000    0.001    0.017    0.023
 read_coordinate_xyz                  1  5.0    0.001    0.001    0.016    0.023
 yz_to_xz                            42 15.0    0.002    0.004    0.018    0.022
 calculate_atomic_block_dm            1  7.0    0.001    0.003    0.011    0.020
 build_overlap_matrix_low             1  6.0    0.010    0.018    0.010    0.020
 cp_fm_start_copy_general             4  9.2    0.010    0.011    0.016    0.019
 mp_maxloc_dv                      1519  1.0    0.019    0.019    0.019    0.019
 dbt_distribution_new_expert         10 11.5    0.000    0.001    0.018    0.018
 create_product_matrix              334 10.6    0.004    0.005    0.016    0.018
 fm_add_on_diag                      60 10.0    0.015    0.017    0.015    0.017
 self_consistency_check              41  6.0    0.000    0.000    0.012    0.017
 cp_fm_redistribute_start            45  9.0    0.000    0.000    0.013    0.016
 create_fm_W_MIC_time                 1  9.0    0.000    0.000    0.012    0.016
 dbt_tas_distribution_new            10 12.5    0.005    0.006    0.016    0.016
 cp_sm_mix                           41  7.0    0.003    0.004    0.011    0.016
 mp_max_d                           249  9.6    0.011    0.016    0.011    0.016
 pw_multiply_with                    42 10.0    0.015    0.016    0.015    0.016
 pw_scale                           165 10.8    0.010    0.015    0.010    0.015
 mp_max_i                           619  1.8    0.012    0.015    0.012    0.015
 read_rirs_grid_file                  2 10.0    0.008    0.015    0.008    0.015
 analyt_conti_and_print               1 10.0    0.003    0.010    0.007    0.015
 dbcsr_crop_matrix                   82 11.0    0.001    0.002    0.013    0.015
 mulliken_population_analysis         1  7.0    0.000    0.000    0.010    0.014
 create_3c_t                          2  9.0    0.000    0.001    0.014    0.014
 cp_fm_finish_copy_general            4  9.2    0.010    0.010    0.012    0.013
 cfm_ikp_from_fm_Gamma                3  7.3    0.011    0.013    0.011    0.013
 print_matrix_occupation              3  9.0    0.000    0.000    0.007    0.013
 get_current_loads                   12 10.0    0.000    0.000    0.011    0.013
 mp_rank_compare                    748 14.1    0.012    0.013    0.012    0.013
 mp_mem_avail_per_rank_GB             4  9.8    0.001    0.001    0.008    0.013
 load_balance_distributed             2  9.0    0.000    0.001    0.011    0.012
 mp_irecv_dm3                       684 12.5    0.006    0.012    0.006    0.012
 compute_load_list                    4 10.0    0.000    0.000    0.010    0.012
 build_local_moment_matrix            2  4.0    0.010    0.012    0.010    0.012
 mp_comm_split_type                   4 10.8    0.007    0.012    0.007    0.012
 atomic_basis_at_grid_point           1  8.0    0.001    0.002    0.010    0.012
 pw_grid_assign                       4  8.0    0.009    0.010    0.011    0.011
 dbcsr_copy_submatrix                82 12.0    0.002    0.005    0.010    0.011
 dbt_tas_create_split                 6 13.2    0.000    0.000    0.011    0.011
 dbt_tas_create_split_rows_or_c       6 14.2    0.000    0.000    0.011    0.011
 create_2c_t                          1  9.0    0.000    0.000    0.010    0.010
 evaluate_core_matrix_traces         41  7.0    0.000    0.000    0.009    0.010
 create_2c_tensor                     3 10.0    0.000    0.000    0.010    0.010
 calculate_ptrace_kp                 82  8.0    0.000    0.000    0.009    0.010
 xc_pw_smooth                        41 11.0    0.000    0.000    0.007    0.010
 mp_comm_size                     18230  4.5    0.008    0.010    0.008    0.010
 create_3c_tensor                     2 10.0    0.001    0.001    0.009    0.010
 build_core_ppl                       1  6.0    0.005    0.009    0.005    0.009
 allocate_and_fill_fm_ks_fm_s         1  7.0    0.000    0.000    0.009    0.009
 check_for_restart_files              1  8.0    0.009    0.009    0.009    0.009
 cube_transpose_2                    42 12.0    0.001    0.001    0.004    0.009
 check_gw_input                       1  9.0    0.000    0.000    0.005    0.008
 resolve_memory_per_proc              1 10.0    0.000    0.000    0.005    0.008
 dbcsr_make_images_dense             82 11.0    0.000    0.000    0.007    0.008
 mp_comm_split_direct                 8 13.6    0.006    0.008    0.006    0.008
 store_Z_lP_columns                   6 10.0    0.005    0.008    0.005    0.008
 mp_comm_rank                     18230  4.5    0.007    0.008    0.007    0.008
 mp_alltoall_l                       13 10.9    0.005    0.007    0.005    0.007
 fill_phi_for_atom                    5  9.0    0.000    0.000    0.006    0.007
 dbcsr_make_dense_low                82 12.0    0.000    0.001    0.006    0.007
 mp_bcast_av                        760  1.0    0.005    0.007    0.005    0.007
 mp_allgather_l                      13 10.9    0.006    0.007    0.006    0.007
 make_dense_data                     82 13.0    0.003    0.005    0.005    0.007
 populate_C_active                    1  3.0    0.000    0.000    0.004    0.006
 cp_fm_to_fm_submat_general           1  4.0    0.004    0.006    0.004    0.006
 restraint_control                    1  3.0    0.001    0.003    0.005    0.006
 connectivity_control                 1  3.0    0.000    0.001    0.003    0.006
 mp_min_d                             5 10.0    0.003    0.006    0.003    0.006
 classify_z_lp_atoms                  1 10.0    0.003    0.003    0.004    0.005
 cube_transpose_1                    42 15.0    0.001    0.001    0.004    0.005
 pw_grid_distribute                   4  8.0    0.002    0.003    0.005    0.005
 cp_fm_set_all                       24  5.3    0.004    0.005    0.004    0.005
 build_kinetic_matrix_low             1  6.0    0.002    0.005    0.002    0.005
 lattice_sum_R_to_k                   8 12.0    0.004    0.005    0.004    0.005
 pw_pool_create_pw                 1303 10.8    0.003    0.003    0.004    0.005
 mp_bcast_i                           6 15.2    0.005    0.005    0.005    0.005
 get_fft_scratch                    749 14.1    0.004    0.004    0.004    0.004
 topology_generate_bond               1  4.0    0.000    0.000    0.002    0.004
 dbt_create_new                       5 11.0    0.000    0.000    0.004    0.004
 rs_grid_create_descriptor            4  6.0    0.000    0.000    0.003    0.004
 continuation_pade                   53 11.0    0.000    0.000    0.002    0.004
 get_sigma_c_newton_pade             53 12.0    0.002    0.004    0.002    0.004
 print_ri_rs_memory_estimate          1  8.0    0.003    0.003    0.004    0.004
 mp_isendrecv_dv                   5292 14.0    0.003    0.004    0.003    0.004
 mp_allgather_i                      10 10.4    0.003    0.004    0.003    0.004
 get_parameters_from_qs_env           1  7.0    0.000    0.000    0.002    0.004
 mp_sum_lv                          138  2.2    0.003    0.004    0.003    0.004
 dbcsr_frobenius_norm                 1  5.0    0.003    0.003    0.003    0.003
 dbt_pgrid_create_expert             13 11.9    0.001    0.001    0.003    0.003
 mp_sum_b                           188 10.8    0.003    0.003    0.003    0.003
 grid_free_task_list                  1  2.0    0.003    0.003    0.003    0.003
 topology_generate_bond_3             1  5.0    0.001    0.002    0.002    0.003
 ddapc_eval_gfunc                     1  8.0    0.002    0.003    0.002    0.003
 build_core_ppnl                      1  6.0    0.002    0.003    0.002    0.003
 calculate_atom                       2  8.0    0.000    0.000    0.001    0.003
 calculate_atom_restricted            2  9.0    0.001    0.002    0.001    0.003
 cp_cfm_norm                          7  5.7    0.002    0.003    0.002    0.003
 cp_dbcsr_alloc_block_from_nbl       14  7.1    0.000    0.000    0.002    0.003
 distribution_3d_create               1 10.0    0.000    0.000    0.002    0.002
 external_control                    41  6.0    0.000    0.000    0.002    0.002
 pw_poisson_rebuild                  42 10.0    0.002    0.002    0.002    0.002
 atom_int_setup                       2  8.0    0.001    0.002    0.001    0.002
 qs_scf_ensure_work_matrices          1  4.0    0.000    0.000    0.001    0.002
 build_fist_neighbor_lists            1  6.0    0.000    0.001    0.001    0.002
 pw_pool_give_back_pw              1461 10.8    0.001    0.002    0.001    0.002
 qs_scf_print_scf_summary             1  6.0    0.000    0.002    0.000    0.002
 distribution_2d_create               2 11.0    0.001    0.001    0.002    0.002
 mpools_rebuild_fm_pools              1  4.0    0.000    0.000    0.001    0.002
 scf_c_read_parameters                1  3.0    0.001    0.002    0.001    0.002
 allocate_matrices                    1  9.0    0.001    0.001    0.001    0.002
 write_particle_distances             1  3.0    0.002    0.002    0.002    0.002
 initialize_singleparticle_hami       1  3.0    0.000    0.000    0.002    0.002
 allocate_blocks_v_L                  2 12.0    0.001    0.002    0.001    0.002
 mp_cart_get                        791 14.1    0.001    0.002    0.001    0.002
 cp_fm_to_fm_columns                  3  7.0    0.001    0.002    0.001    0.002
 time_to_freq                         1 10.0    0.001    0.001    0.001    0.001
 pw_create_c1d                      757 11.6    0.001    0.001    0.001    0.001
 qs_scf_post_charges                  1  5.0    0.001    0.001    0.001    0.001
 compute_max_radius                   1  6.0    0.001    0.001    0.001    0.001
 mp_comm_dup                         10 11.9    0.001    0.001    0.001    0.001
 optimize_load_list                   2 10.0    0.000    0.000    0.001    0.001
 build_qs_neighbor_lists              1  5.0    0.000    0.000    0.001    0.001
 qs_scf_write_mos                    42  6.0    0.001    0.001    0.001    0.001
 mp_bcast_iv                        149  2.9    0.001    0.001    0.001    0.001
 allocate_blocks_v_kp                 1 12.0    0.001    0.001    0.001    0.001
 write_mo_dependent_results           1  6.0    0.001    0.001    0.001    0.001
 dbcsr_index_compact                152 11.4    0.001    0.001    0.001    0.001
 dbcsr_copy_into_existing             1  7.0    0.001    0.001    0.001    0.001
 get_rpa_minimax_coeff_larger_g       1 10.0    0.001    0.001    0.001    0.001
 init_cube_info                       4  6.0    0.001    0.001    0.001    0.001
 get_n_ao_in_sphere                 592 10.0    0.001    0.001    0.001    0.001
 build_neighbor_lists                 1  7.0    0.001    0.001    0.001    0.001
 wfs_update                           1  4.0    0.000    0.001    0.000    0.001
 load_balance_replicated              1  9.0    0.000    0.000    0.001    0.001
 topology_connectivity_pack           1  3.0    0.000    0.000    0.001    0.001
 fft3d_s                              1  2.0    0.000    0.001    0.000    0.001
 create_mat_munu                      1 10.0    0.000    0.000    0.001    0.001
 allocate_tmp                         1 11.0    0.000    0.000    0.001    0.001
 distribute_molecules_2d              2  7.5    0.000    0.001    0.001    0.001
 grid_create_task_list                1  8.0    0.001    0.001    0.001    0.001
 set_blocks_to_matrix_v_kp            1 12.0    0.001    0.001    0.001    0.001
 calculate_ecore_overlap              1  5.0    0.000    0.000    0.000    0.001
 topology_generate_bond_2             1  5.0    0.000    0.001    0.000    0.001
 mp_bcast_i3                          2 11.0    0.001    0.001    0.001    0.001
 topology_connectivity_pack_5         1  4.0    0.000    0.001    0.000    0.001
 init_ec_env                          1  2.0    0.000    0.001    0.000    0.001
 scf_c_write_parameters               1  3.0    0.000    0.001    0.000    0.001
 mp_sum_partial_im                    2 11.0    0.000    0.001    0.000    0.001
 read_smeagol_control                 1  3.0    0.000    0.001    0.000    0.001
 scf_c_create                         1  3.0    0.000    0.001    0.000    0.001
 connectivity_control_check_ele       1  4.0    0.000    0.001    0.000    0.001
 mp_alltoall_i                        1 13.0    0.001    0.001    0.001    0.001
 multi_fft                            1  4.0    0.001    0.001    0.001    0.001
 pw_create_r3d                      751 11.7    0.000    0.001    0.000    0.001
 init_qs_kind_set                     1  3.0    0.000    0.000    0.000    0.001
 init_qs_kind                         2  4.0    0.000    0.000    0.000    0.001
 init_orb_basis_set                   4  5.0    0.000    0.000    0.000    0.001
 init_cphi_and_sphi                   4  6.0    0.000    0.001    0.000    0.001
 write_dft_control                    1  3.0    0.000    0.001    0.000    0.001
 atom2d_build                         8  9.0    0.000    0.001    0.000    0.001
 setup_kpoints_DOS_large_cell_G       1  7.0    0.000    0.000    0.001    0.001
 kpoint_init_cell_index_simple        1  8.0    0.000    0.000    0.000    0.001
 kpoint_init_cell_index               1  9.0    0.000    0.000    0.000    0.001
 bs_env_release                       1  2.0    0.000    0.000    0.000    0.001
 calculate_atom_vxc_lda              11 10.0    0.000    0.001    0.000    0.001
 init_interaction_radii               3  7.3    0.000    0.001    0.000    0.001
 write_qs_particle_coordinates        1  3.0    0.000    0.001    0.000    0.001
 mp_max_iv                            1 10.0    0.000    0.001    0.000    0.001
 build_3c_neighbor_lists              1 10.0    0.000    0.000    0.000    0.001
 compute_xkp                          3  9.3    0.000    0.001    0.000    0.001
 build_neighbor_lists_RPA_2c_nl       4  8.2    0.000    0.000    0.000    0.000
 build_neighbor_lists_sap_ppnl        1  6.0    0.000    0.000    0.000    0.000
 qs_scf_loop_print                   41  6.0    0.000    0.000    0.000    0.000
 wfi_create                           1  3.0    0.000    0.000    0.000    0.000
 cp_cfm_to_cfm_columns                1  8.0    0.000    0.000    0.000    0.000
 mixing_allocate                      1  4.0    0.000    0.000    0.000    0.000
 write_orbpop                         1  8.0    0.000    0.000    0.000    0.000
 wfn_mix                              1  5.0    0.000    0.000    0.000    0.000
 dbt_tas_create_new                   5 12.0    0.000    0.000    0.000    0.000
 build_neighbor_lists_sac_ppl         1  6.0    0.000    0.000    0.000    0.000
 dbcsr_make_dists_dense              41 10.0    0.000    0.000    0.000    0.000
 de_init_bs_env                       1  8.0    0.000    0.000    0.000    0.000
 delete_unnecessary_files             1  9.0    0.000    0.000    0.000    0.000
 metadyn_read                         1  2.0    0.000    0.000    0.000    0.000
 print_Z_lP_progress                  7 10.0    0.000    0.000    0.000    0.000
 qs_efield_local_operator            42  9.0    0.000    0.000    0.000    0.000
 set_mo_occupation_2                 41  7.0    0.000    0.000    0.000    0.000
 qs_scf_ensure_mos                    1  4.0    0.000    0.000    0.000    0.000
 safe_delete                         60 10.0    0.000    0.000    0.000    0.000
 build_neighbor_lists_GW_3c_nl_       1 11.0    0.000    0.000    0.000    0.000
 deallocate_blocks_v_L                2 12.0    0.000    0.000    0.000    0.000
 build_neighbor_lists_GW_3c_nl_       1 11.0    0.000    0.000    0.000    0.000
 dbt_destroy                          5  3.0    0.000    0.000    0.000    0.000
 scale_rows_by_diag                  12 10.0    0.000    0.000    0.000    0.000
 rs_grid_create                       6  6.7    0.000    0.000    0.000    0.000
 offload_create_buffer                8  7.8    0.000    0.000    0.000    0.000
 qs_env_rebuild_rho                   1  6.0    0.000    0.000    0.000    0.000
 mp_max_r                             1  2.0    0.000    0.000    0.000    0.000
 dbcsr_index_prune_deleted          103 12.1    0.000    0.000    0.000    0.000
 topology_generate_bond_4             1  5.0    0.000    0.000    0.000    0.000
 qs_rho_rebuild                       1  7.0    0.000    0.000    0.000    0.000
 write_qs_kind_set                    1  3.0    0.000    0.000    0.000    0.000
 set_mo_occupation_1                 42  8.0    0.000    0.000    0.000    0.000
 set_parallelization_parameters       1  9.0    0.000    0.000    0.000    0.000
 get_all_VBM_CBM_bandgaps             1 10.0    0.000    0.000    0.000    0.000
 build_neighbor_lists_sab_core        1  6.0    0.000    0.000    0.000    0.000
 check_scf_gw_level_ordering          1 11.0    0.000    0.000    0.000    0.000
 deallocate_blocks_v_kp               1 12.0    0.000    0.000    0.000    0.000
 correct_obvious_fitting_fails        1 11.0    0.000    0.000    0.000    0.000
 dbcsr_verify_matrix                 41  9.0    0.000    0.000    0.000    0.000
 kpoint_initialize                    1  2.0    0.000    0.000    0.000    0.000
 pw_grid_allocate                     4  8.0    0.000    0.000    0.000    0.000
 mp_mem_used_per_rank_GB              2  9.5    0.000    0.000    0.000    0.000
 distribute_molecules_1d              2  7.0    0.000    0.000    0.000    0.000
 mp_sum_root_iv                       2 11.0    0.000    0.000    0.000    0.000
 build_neighbor_lists_sab_orb_s       1 11.0    0.000    0.000    0.000    0.000
 distribution_3d_destroy              1  9.0    0.000    0.000    0.000    0.000
 cp_fm_redistribute_end              45  9.0    0.000    0.000    0.000    0.000
 build_neighbor_lists_sab_orb         1  6.0    0.000    0.000    0.000    0.000
 cp_ddapc_apply_RF                   42 10.0    0.000    0.000    0.000    0.000
 build_neighbor_lists_sab_all         1  6.0    0.000    0.000    0.000    0.000
 mp_bcast_av_src                      1  7.0    0.000    0.000    0.000    0.000
 topology_molecules_check             1  4.0    0.000    0.000    0.000    0.000
 check_for_derivatives               41 11.0    0.000    0.000    0.000    0.000
 dbt_distribution_destroy            10 11.5    0.000    0.000    0.000    0.000
 set_RI_basis_function_indices        1  9.0    0.000    0.000    0.000    0.000
 write_band_edges                     3  7.0    0.000    0.000    0.000    0.000
 resolve_grid_panels                  4  9.2    0.000    0.000    0.000    0.000
 print_atomic_charges                42 13.0    0.000    0.000    0.000    0.000
 check_diag                          45  8.0    0.000    0.000    0.000    0.000
 initialize_maximum_timestep          1  3.0    0.000    0.000    0.000    0.000
 get_exp_minimax_coeff_gw             1 10.0    0.000    0.000    0.000    0.000
 mp_cart_coords                     320  9.8    0.000    0.000    0.000    0.000
 print_header_and_input_paramet       1  8.0    0.000    0.000    0.000    0.000
 mp_min_lv                            4  8.0    0.000    0.000    0.000    0.000
 mp_bcast_im                          8 10.2    0.000    0.000    0.000    0.000
 qs_ks_did_change                    43  6.0    0.000    0.000    0.000    0.000
 resp_fit                             1  6.0    0.000    0.000    0.000    0.000
 check_generate_mol                   1  6.0    0.000    0.000    0.000    0.000
 atom_ppint_setup                     2  8.0    0.000    0.000    0.000    0.000
 mp_max_lv                            4  8.0    0.000    0.000    0.000    0.000
 topology_generate_bond_1             1  5.0    0.000    0.000    0.000    0.000
 topology_coordinate_pack             1  3.0    0.000    0.000    0.000    0.000
 mp_min_i                             4  6.0    0.000    0.000    0.000    0.000
 create_destination_list              2 10.0    0.000    0.000    0.000    0.000
 initialize_density_matrix            1  3.0    0.000    0.000    0.000    0.000
 qs_efield_berry_phase               42  9.0    0.000    0.000    0.000    0.000
 qs_scf_initial_info                  1  5.0    0.000    0.000    0.000    0.000
 init_scf_loop                        1  5.0    0.000    0.000    0.000    0.000
 mp_sum_lm3                           1  2.0    0.000    0.000    0.000    0.000
 cp_fm_scale                          2  6.5    0.000    0.000    0.000    0.000
 get_basis_offsets                    1  9.0    0.000    0.000    0.000    0.000
 topology_generate_molecule           1  4.0    0.000    0.000    0.000    0.000
 lpt_assign_atoms                     1 10.0    0.000    0.000    0.000    0.000
 make_basic_distribution              2  8.5    0.000    0.000    0.000    0.000
 setup_AO_and_RI_basis_set            1  8.0    0.000    0.000    0.000    0.000
 create_grid_atom                     2  8.0    0.000    0.000    0.000    0.000
 grid_create_basis_set                2  8.0    0.000    0.000    0.000    0.000
 topology_connectivity_pack_4         1  4.0    0.000    0.000    0.000    0.000
 cp_result_value_p_reallocate         4  7.8    0.000    0.000    0.000    0.000
 scf_env_cleanup                      1  4.0    0.000    0.000    0.000    0.000
 cp_fm_cleanup_copy_general           4  9.2    0.000    0.000    0.000    0.000
 topology_set_atm_mass                1  4.0    0.000    0.000    0.000    0.000
 qs_scf_post_kubo_transport           1  7.0    0.000    0.000    0.000    0.000
 topology_connectivity_pack_2         1  4.0    0.000    0.000    0.000    0.000
 balance_global_list                  2 11.0    0.000    0.000    0.000    0.000
 fist_neighbor_init                   1  8.0    0.000    0.000    0.000    0.000
 topology_generate_onfo               1  4.0    0.000    0.000    0.000    0.000
 dump_info_core_hamiltonian           1  6.0    0.000    0.000    0.000    0.000
 topology_constraint_pack             1  3.0    0.000    0.000    0.000    0.000
 mp_dims_create                       4 10.5    0.000    0.000    0.000    0.000
 mp_cart_rank                        72 13.0    0.000    0.000    0.000    0.000
 spatial_atom_order                   1  9.0    0.000    0.000    0.000    0.000
 write_qs_control                     1  3.0    0.000    0.000    0.000    0.000
 read_qs_section                      1  3.0    0.000    0.000    0.000    0.000
 topology_connectivity_pack_14        1  4.0    0.000    0.000    0.000    0.000
 reallocate_ft_traces                 1  4.0    0.000    0.000    0.000    0.000
 print_gw_rirs_input                  1  9.0    0.000    0.000    0.000    0.000
 xc_libxc_check_functional            2  4.0    0.000    0.000    0.000    0.000
 topology_coordinate_pack_11          1  4.0    0.000    0.000    0.000    0.000
 read_bandstructure_input_param       1  7.0    0.000    0.000    0.000    0.000
 fix_atom_control                     1  3.0    0.000    0.000    0.000    0.000
 mp_sum_r                             1  2.0    0.000    0.000    0.000    0.000
 precompute_ri_rs_radii               1  8.0    0.000    0.000    0.000    0.000
 qs_scf_post_transport                1  7.0    0.000    0.000    0.000    0.000
 get_VBM_CBM_bandgaps                 3 11.0    0.000    0.000    0.000    0.000
 topology_constraint_pack_6           1  4.0    0.000    0.000    0.000    0.000
 sort_neighbor_lists                  1  7.0    0.000    0.000    0.000    0.000
 scf_env_release                      1  2.0    0.000    0.000    0.000    0.000
 deallocate_tmp                       1 11.0    0.000    0.000    0.000    0.000
 topology_connectivity_pack_10        1  4.0    0.000    0.000    0.000    0.000
 sg_erf                               5  9.0    0.000    0.000    0.000    0.000
 read_tddfpt2_control                 1  3.0    0.000    0.000    0.000    0.000
 mp_min_rv                            1  2.0    0.000    0.000    0.000    0.000
 diag                                 5  9.0    0.000    0.000    0.000    0.000
 mp_sum_rv                            1  2.0    0.000    0.000    0.000    0.000
 topology_connectivity_pack_9         1  4.0    0.000    0.000    0.000    0.000
 determine_active_mo_window           1  3.0    0.000    0.000    0.000    0.000
 topology_generate_molecule_PAR       1  5.0    0.000    0.000    0.000    0.000
 mp_max_rv                            1  2.0    0.000    0.000    0.000    0.000
 topology_connectivity_pack_12        1  4.0    0.000    0.000    0.000    0.000
 write_molecule_kind_set              1  3.0    0.000    0.000    0.000    0.000
 topology_connectivity_pack_13        1  4.0    0.000    0.000    0.000    0.000
 wfi_extrapolate                      1  6.0    0.000    0.000    0.000    0.000
 topology_connectivity_pack_11        1  4.0    0.000    0.000    0.000    0.000
 offload_free_buffer                  8  3.5    0.000    0.000    0.000    0.000
 transport_current                    1  8.0    0.000    0.000    0.000    0.000
 topology_generate_bond_6             1  5.0    0.000    0.000    0.000    0.000
 check_cp2k_input                     1  2.0    0.000    0.000    0.000    0.000
 ps_implicit_release                  2  4.0    0.000    0.000    0.000    0.000
 topology_connectivity_pack_7         1  4.0    0.000    0.000    0.000    0.000
 cp_result_value_copy                 6  8.5    0.000    0.000    0.000    0.000
 create_local_fixd_list               1  4.0    0.000    0.000    0.000    0.000
 topology_coordinate_pack_1           1  4.0    0.000    0.000    0.000    0.000
 print_sphere_cutoff_table            1 10.0    0.000    0.000    0.000    0.000
 init_evGW0                           1  9.0    0.000    0.000    0.000    0.000
 ec_env_release                       1  2.0    0.000    0.000    0.000    0.000
 qs_scf_post_moments                  1  5.0    0.000    0.000    0.000    0.000
 topology_connectivity_pack_6         1  4.0    0.000    0.000    0.000    0.000
 plan_grid_panels                     1 10.0    0.000    0.000    0.000    0.000
 contract2                           15  9.0    0.000    0.000    0.000    0.000
 setup_kpoints_chi_eps_W              1  9.0    0.000    0.000    0.000    0.000
 init_harris_env                      1  3.0    0.000    0.000    0.000    0.000
 calculate_ecore_self                 1  5.0    0.000    0.000    0.000    0.000
 qs_scf_post_ps_implicit              1  7.0    0.000    0.000    0.000    0.000
 read_topology_section                1  3.0    0.000    0.000    0.000    0.000
 print_header                         1  7.0    0.000    0.000    0.000    0.000
 topology_connectivity_pack_3         1  4.0    0.000    0.000    0.000    0.000
 scf_env_create                       1  4.0    0.000    0.000    0.000    0.000
 cp_result_value_release             10  6.3    0.000    0.000    0.000    0.000
 topology_constraint_pack_1           1  4.0    0.000    0.000    0.000    0.000
 qs_scf_post_elf                      1  5.0    0.000    0.000    0.000    0.000
 set_heuristic_parameters             2  7.5    0.000    0.000    0.000    0.000
 cp_result_release                    1  2.0    0.000    0.000    0.000    0.000
 read_mgrid_section                   1  3.0    0.000    0.000    0.000    0.000
 read_rirs_input                      1  9.0    0.000    0.000    0.000    0.000
 atom2d_cleanup                       8  9.0    0.000    0.000    0.000    0.000
 write_symmetry                       1  3.0    0.000    0.000    0.000    0.000
 linres_calculation_low               1  5.0    0.000    0.000    0.000    0.000
 topology_connectivity_pack_1         1  4.0    0.000    0.000    0.000    0.000
 get_i_j_atoms                        2 10.0    0.000    0.000    0.000    0.000
 get_factor_and_xyz_min_max           1 12.0    0.000    0.000    0.000    0.000
 contract2add                        10  9.0    0.000    0.000    0.000    0.000
 external_c_potential                 1  5.0    0.000    0.000    0.000    0.000
 grid_free_basis_set                  2  2.0    0.000    0.000    0.000    0.000
 read_evgw0_input                     1  9.0    0.000    0.000    0.000    0.000
 allocate_GW_eigenvalues              1  8.0    0.000    0.000    0.000    0.000
 topology_coordinate_pack_5           1  4.0    0.000    0.000    0.000    0.000
 mp_isend_im2                         8 10.2    0.000    0.000    0.000    0.000
 topology_coordinate_pack_7a          1  4.0    0.000    0.000    0.000    0.000
 topology_constraint_pack_3           1  4.0    0.000    0.000    0.000    0.000
 read_binary_coordinates              1  3.0    0.000    0.000    0.000    0.000
 cp_result_value_create              10  8.6    0.000    0.000    0.000    0.000
 write_structure_data                 1  3.0    0.000    0.000    0.000    0.000
 cp_result_value_init                 4  7.8    0.000    0.000    0.000    0.000
 mp_irecv_im2                         8 10.2    0.000    0.000    0.000    0.000
 qs_scf_post_molopt                   1  5.0    0.000    0.000    0.000    0.000
 print_cutoff_radius_input            4 10.0    0.000    0.000    0.000    0.000
 write_ks_matrix_csr                  1  7.0    0.000    0.000    0.000    0.000
 rt_bse_ri_rs_ensure_grid             2  5.0    0.000    0.000    0.000    0.000
 write_gto_basis_sets                 1  3.0    0.000    0.000    0.000    0.000
 topology_connectivity_pack_14_       1  4.0    0.000    0.000    0.000    0.000
 write_hcore_matrix_csr               1  7.0    0.000    0.000    0.000    0.000
 write_p_matrix_csr                   1  7.0    0.000    0.000    0.000    0.000
 qs_scf_post_xray                     1  5.0    0.000    0.000    0.000    0.000
 qs_scf_post_efg                      1  5.0    0.000    0.000    0.000    0.000
 allocate_qs_energy                   1  3.0    0.000    0.000    0.000    0.000
 write_dm_binary_restart              1  7.0    0.000    0.000    0.000    0.000
 write_adjacency_matrix               1  7.0    0.000    0.000    0.000    0.000
 write_s_matrix_csr                   1  7.0    0.000    0.000    0.000    0.000
 qs_scf_post_local_energy             1  7.0    0.000    0.000    0.000    0.000
 qs_scf_post_epr                      1  5.0    0.000    0.000    0.000    0.000
 qs_scf_post_local_stress             1  7.0    0.000    0.000    0.000    0.000
 square_mesh                          2 11.0    0.000    0.000    0.000    0.000
 topology_connectivity_pack_8         1  4.0    0.000    0.000    0.000    0.000
 add_external_potential               1  3.0    0.000    0.000    0.000    0.000
 topology_coordinate_pack_3           1  4.0    0.000    0.000    0.000    0.000
 topology_coordinate_pack_6           1  4.0    0.000    0.000    0.000    0.000
 topology_muc                         1  4.0    0.000    0.000    0.000    0.000
 qs_scf_post_et                       1  5.0    0.000    0.000    0.000    0.000
 write_mos_molden                     1  7.0    0.000    0.000    0.000    0.000
 topology_constraint_pack_2           1  4.0    0.000    0.000    0.000    0.000
 topology_coordinate_pack_89          1  4.0    0.000    0.000    0.000    0.000
 topology_constraint_pack_7           1  4.0    0.000    0.000    0.000    0.000
 tddfpt2_control_release              2  2.0    0.000    0.000    0.000    0.000
 read_auto_ri_input                   1  9.0    0.000    0.000    0.000    0.000
 atom_relint_setup                    2  8.0    0.000    0.000    0.000    0.000
 auto_ri_release                      1  3.0    0.000    0.000    0.000    0.000
 topology_constraint_pack_5           1  4.0    0.000    0.000    0.000    0.000
 excited_state_energy                 1  4.0    0.000    0.000    0.000    0.000
 topology_generate_bend               1  4.0    0.000    0.000    0.000    0.000
 reset_and_clean_bs_env               1  9.0    0.000    0.000    0.000    0.000
 calculate_ecore_efield               1  5.0    0.000    0.000    0.000    0.000
 topology_coordinate_pack_7b          1  4.0    0.000    0.000    0.000    0.000
 handle_ext_restart                   1  3.0    0.000    0.000    0.000    0.000
 external_e_potential                 1  5.0    0.000    0.000    0.000    0.000
 topology_connectivity_pack_11_       1  4.0    0.000    0.000    0.000    0.000
 topology_connectivity_pack_13_       1  4.0    0.000    0.000    0.000    0.000
 topology_coordinate_pack_4           1  4.0    0.000    0.000    0.000    0.000
 smeagol_control_release              1  2.0    0.000    0.000    0.000    0.000
 rescale_forces                       1  3.0    0.000    0.000    0.000    0.000
 fp_env_read                          1  2.0    0.000    0.000    0.000    0.000
 topology_coordinate_pack_2           1  4.0    0.000    0.000    0.000    0.000
 wannier90_interface                  1  5.0    0.000    0.000    0.000    0.000
 topology_connectivity_pack_1.1       1  4.0    0.000    0.000    0.000    0.000
 tddfpt2_control_create               2  3.0    0.000    0.000    0.000    0.000
 topology_generate_bond_7             1  5.0    0.000    0.000    0.000    0.000
 external_read_density                1  5.0    0.000    0.000    0.000    0.000
 cleanup_scf_loop                     1  6.0    0.000    0.000    0.000    0.000
 compute_matrix_w                     1  4.0    0.000    0.000    0.000    0.000
 topology_connectivity_pack_12_       1  4.0    0.000    0.000    0.000    0.000
 smeagol_control_create               1  3.0    0.000    0.000    0.000    0.000
 topology_generate_dihe               1  4.0    0.000    0.000    0.000    0.000
 topology_generate_ub                 1  4.0    0.000    0.000    0.000    0.000
 pw_env_create                        1  5.0    0.000    0.000    0.000    0.000
 topology_generate_impr               1  4.0    0.000    0.000    0.000    0.000
 topology_coordinate_pack_10          1  4.0    0.000    0.000    0.000    0.000
 cp_result_create                     1  2.0    0.000    0.000    0.000    0.000
 check_qs_kind_set                    1  3.0    0.000    0.000    0.000    0.000
 fp_env_write                         1  2.0    0.000    0.000    0.000    0.000
 topology_constraint_pack_4           1  4.0    0.000    0.000    0.000    0.000
 -------------------------------------------------------------------------------

 The number of warnings for this run is : 2
 
 -------------------------------------------------------------------------------
  **** **** ******  **  PROGRAM ENDED AT                 2026-09-30 16:19:06.023
 ***** ** ***  *** **   PROGRAM RAN ON                                    cn0907
 **    ****   ******    PROGRAM RAN BY                                  metdyn07
 ***** **    ** ** **   PROGRAM PROCESS ID                               2338448
  **** **  *******  **  PROGRAM STOPPED IN /scratch/hpc-prf-metdyn/metdyn07_Rita
                                           j/project-max-rtbse/g0w0_rtbse_compar
                                           ison_tuned/16/conv_new_30_09/ao_6
