#      omega [at.u.] x,real,pade [at.u.] x,imag,pade [at.u.] y,real,pade [at.u.] y,imag,pade [at.u.] z,real,pade [at.u.] z,imag,pade [at.u.]
     0.00000000E+000    -0.26335585E-004     0.20192039E-017     0.14378868E+002    -0.18468463E-014     0.16047766E-004     0.37492500E-018
     0.36749325E-003    -0.26342901E-004    -0.73188726E-007     0.14379161E+002     0.30272966E-002     0.16047412E-004    -0.56563526E-008
     0.73498651E-003    -0.26364850E-004    -0.14642005E-006     0.14380041E+002     0.60555699E-002     0.16046351E-004    -0.11312613E-007
     0.11024798E-002    -0.26401442E-004    -0.21973465E-006     0.14381507E+002     0.90857978E-002     0.16044582E-004    -0.16968688E-007
     0.14699730E-002    -0.26452694E-004    -0.29317145E-006     0.14383561E+002     0.12118960E-001     0.16042106E-004    -0.22624477E-007
     0.18374663E-002    -0.26518634E-004    -0.36676918E-006     0.14386203E+002     0.15156038E-001     0.16038923E-004    -0.28279878E-007
     0.22049595E-002    -0.26599296E-004    -0.44056709E-006     0.14389433E+002     0.18198018E-001     0.16035033E-004    -0.33934783E-007
     0.25724528E-002    -0.26694725E-004    -0.51460481E-006     0.14393254E+002     0.21245890E-001     0.16030435E-004    -0.39589077E-007
     0.29399460E-002    -0.26804972E-004    -0.58892226E-006     0.14397666E+002     0.24300650E-001     0.16025131E-004    -0.45242638E-007
     0.33074393E-002    -0.26930097E-004    -0.66355993E-006     0.14402670E+002     0.27363300E-001     0.16019120E-004    -0.50895332E-007
     0.36749325E-002    -0.27070168E-004    -0.73855890E-006     0.14408269E+002     0.30434848E-001     0.16012403E-004    -0.56547017E-007
     0.40424258E-002    -0.27225263E-004    -0.81396084E-006     0.14414464E+002     0.33516313E-001     0.16004980E-004    -0.62197534E-007
     0.44099190E-002    -0.27395465E-004    -0.88980793E-006     0.14421257E+002     0.36608722E-001     0.15996850E-004    -0.67846712E-007
     0.47774123E-002    -0.27580869E-004    -0.96614311E-006     0.14428651E+002     0.39713110E-001     0.15988015E-004    -0.73494362E-007
     0.51449056E-002    -0.27781576E-004    -0.10430102E-005     0.14436648E+002     0.42830526E-001     0.15978475E-004    -0.79140276E-007
     0.55123988E-002    -0.27997697E-004    -0.11204537E-005     0.14445250E+002     0.45962029E-001     0.15968230E-004    -0.84784229E-007
     0.58798921E-002    -0.28229350E-004    -0.11985188E-005     0.14454461E+002     0.49108694E-001     0.15957280E-004    -0.90425973E-007
     0.62473853E-002    -0.28476662E-004    -0.12772508E-005     0.14464284E+002     0.52271607E-001     0.15945627E-004    -0.96065234E-007
     0.66148786E-002    -0.28739771E-004    -0.13566955E-005     0.14474721E+002     0.55451872E-001     0.15933271E-004    -0.10170171E-006
     0.69823718E-002    -0.29018823E-004    -0.14368997E-005     0.14485778E+002     0.58650608E-001     0.15920212E-004    -0.10733509E-006
     0.73498651E-002    -0.29313974E-004    -0.15179113E-005     0.14497456E+002     0.61868952E-001     0.15906451E-004    -0.11296500E-006
     0.77173583E-002    -0.29625391E-004    -0.15997794E-005     0.14509761E+002     0.65108061E-001     0.15891990E-004    -0.11859106E-006
     0.80848516E-002    -0.29953249E-004    -0.16825542E-005     0.14522697E+002     0.68369109E-001     0.15876828E-004    -0.12421285E-006
     0.84523448E-002    -0.30297733E-004    -0.17662873E-005     0.14536267E+002     0.71653296E-001     0.15860967E-004    -0.12982991E-006
     0.88198381E-002    -0.30659041E-004    -0.18510314E-005     0.14550478E+002     0.74961839E-001     0.15844407E-004    -0.13544175E-006
     0.91873314E-002    -0.31037378E-004    -0.19368407E-005     0.14565333E+002     0.78295984E-001     0.15827151E-004    -0.14104782E-006
     0.95548246E-002    -0.31432962E-004    -0.20237701E-005     0.14580838E+002     0.81656999E-001     0.15809200E-004    -0.14664754E-006
     0.99223179E-002    -0.31846021E-004    -0.21118760E-005     0.14596998E+002     0.85046181E-001     0.15790554E-004    -0.15224028E-006
     0.10289811E-001    -0.32276797E-004    -0.22012162E-005     0.14613819E+002     0.88464854E-001     0.15771215E-004    -0.15782536E-006
     0.10657304E-001    -0.32725541E-004    -0.22918508E-005     0.14631308E+002     0.91914372E-001     0.15751185E-004    -0.16340205E-006
     0.11024798E-001    -0.33192519E-004    -0.23838419E-005     0.14649469E+002     0.95396121E-001     0.15730467E-004    -0.16896956E-006
     0.11392291E-001    -0.33678007E-004    -0.24772539E-005     0.14668311E+002     0.98911520E-001     0.15709061E-004    -0.17452703E-006
     0.11759784E-001    -0.34182294E-004    -0.25721528E-005     0.14687839E+002     0.10246202E+000     0.15686970E-004    -0.18007354E-006
     0.12127277E-001    -0.34705683E-004    -0.26686066E-005     0.14708061E+002     0.10604912E+000     0.15664197E-004    -0.18560811E-006
     0.12494771E-001    -0.35248490E-004    -0.27666851E-005     0.14728984E+002     0.10967434E+000     0.15640743E-004    -0.19112967E-006
     0.12862264E-001    -0.35811046E-004    -0.28664608E-005     0.14750615E+002     0.11333925E+000     0.15616613E-004    -0.19663709E-006
     0.13229757E-001    -0.36393694E-004    -0.29680084E-005     0.14772964E+002     0.11704547E+000     0.15591808E-004    -0.20212915E-006
     0.13597250E-001    -0.36996795E-004    -0.30714057E-005     0.14796038E+002     0.12079465E+000     0.15566333E-004    -0.20760455E-006
     0.13964744E-001    -0.37620724E-004    -0.31767330E-005     0.14819845E+002     0.12458850E+000     0.15540190E-004    -0.21306188E-006
     0.14332237E-001    -0.38265872E-004    -0.32840730E-005     0.14844396E+002     0.12842877E+000     0.15513384E-004    -0.21849966E-006
     0.14699730E-001    -0.38932645E-004    -0.33935110E-005     0.14869698E+002     0.13231726E+000     0.15485919E-004    -0.22391628E-006
     0.15067223E-001    -0.39621470E-004    -0.35051355E-005     0.14895763E+002     0.13625585E+000     0.15457799E-004    -0.22931002E-006
     0.15434717E-001    -0.40332790E-004    -0.36190381E-005     0.14922599E+002     0.14024644E+000     0.15429029E-004    -0.23467906E-006
     0.15802210E-001    -0.41067067E-004    -0.37353143E-005     0.14950219E+002     0.14429101E+000     0.15399614E-004    -0.24002145E-006
     0.16169703E-001    -0.41824783E-004    -0.38540639E-005     0.14978631E+002     0.14839161E+000     0.15369561E-004    -0.24533510E-006
     0.16537196E-001    -0.42606438E-004    -0.39753908E-005     0.15007849E+002     0.15255033E+000     0.15338874E-004    -0.25061778E-006
     0.16904690E-001    -0.43412554E-004    -0.40994027E-005     0.15037882E+002     0.15676937E+000     0.15307560E-004    -0.25586711E-006
     0.17272183E-001    -0.44243675E-004    -0.42262113E-005     0.15068745E+002     0.16105097E+000     0.15275627E-004    -0.26108056E-006
     0.17639676E-001    -0.45100365E-004    -0.43559326E-005     0.15100448E+002     0.16539746E+000     0.15243082E-004    -0.26625544E-006
     0.18007169E-001    -0.45983216E-004    -0.44886876E-005     0.15133006E+002     0.16981124E+000     0.15209933E-004    -0.27138885E-006
     0.18374663E-001    -0.46892840E-004    -0.46246024E-005     0.15166431E+002     0.17429481E+000     0.15176188E-004    -0.27647772E-006
     0.18742156E-001    -0.47829877E-004    -0.47638090E-005     0.15200738E+002     0.17885075E+000     0.15141858E-004    -0.28151879E-006
     0.19109649E-001    -0.48794994E-004    -0.49064453E-005     0.15235942E+002     0.18348173E+000     0.15106951E-004    -0.28650857E-006
     0.19477142E-001    -0.49788882E-004    -0.50526550E-005     0.15272057E+002     0.18819054E+000     0.15071478E-004    -0.29144334E-006
     0.19844636E-001    -0.50812265E-004    -0.52025882E-005     0.15309100E+002     0.19298005E+000     0.15035451E-004    -0.29631914E-006
     0.20212129E-001    -0.51865894E-004    -0.53564015E-005     0.15347085E+002     0.19785325E+000     0.14998882E-004    -0.30113177E-006
     0.20579622E-001    -0.52950552E-004    -0.55142586E-005     0.15386031E+002     0.20281324E+000     0.14961784E-004    -0.30587673E-006
     0.20947115E-001    -0.54067057E-004    -0.56763310E-005     0.15425955E+002     0.20786324E+000     0.14924171E-004    -0.31054924E-006
     0.21314609E-001    -0.55216258E-004    -0.58427976E-005     0.15466874E+002     0.21300660E+000     0.14886058E-004    -0.31514421E-006
     0.21682102E-001    -0.56399041E-004    -0.60138459E-005     0.15508808E+002     0.21824682E+000     0.14847461E-004    -0.31965622E-006
     0.22049595E-001    -0.57616332E-004    -0.61896717E-005     0.15551776E+002     0.22358751E+000     0.14808396E-004    -0.32407949E-006
     0.22417088E-001    -0.58869094E-004    -0.63704806E-005     0.15595799E+002     0.22903244E+000     0.14768882E-004    -0.32840789E-006
     0.22784582E-001    -0.60158333E-004    -0.65564886E-005     0.15640896E+002     0.23458556E+000     0.14728939E-004    -0.33263485E-006
     0.23152075E-001    -0.61485098E-004    -0.67479223E-005     0.15687090E+002     0.24025096E+000     0.14688587E-004    -0.33675342E-006
     0.23519568E-001    -0.62850483E-004    -0.69450200E-005     0.15734404E+002     0.24603291E+000     0.14647848E-004    -0.34075615E-006
     0.23887062E-001    -0.64255630E-004    -0.71480321E-005     0.15782861E+002     0.25193586E+000     0.14606746E-004    -0.34463514E-006
     0.24254555E-001    -0.65701730E-004    -0.73572218E-005     0.15832485E+002     0.25796447E+000     0.14565306E-004    -0.34838196E-006
     0.24622048E-001    -0.67190027E-004    -0.75728651E-005     0.15883301E+002     0.26412360E+000     0.14523555E-004    -0.35198762E-006
     0.24989541E-001    -0.68721819E-004    -0.77952519E-005     0.15935336E+002     0.27041831E+000     0.14481522E-004    -0.35544256E-006
     0.25357035E-001    -0.70298466E-004    -0.80246874E-005     0.15988617E+002     0.27685393E+000     0.14439237E-004    -0.35873655E-006
     0.25724528E-001    -0.71921386E-004    -0.82614933E-005     0.16043172E+002     0.28343599E+000     0.14396734E-004    -0.36185873E-006
     0.26092021E-001    -0.73592064E-004    -0.85060092E-005     0.16099030E+002     0.29017030E+000     0.14354047E-004    -0.36479747E-006
     0.26459514E-001    -0.75312050E-004    -0.87585933E-005     0.16156223E+002     0.29706294E+000     0.14311213E-004    -0.36754042E-006
     0.26827008E-001    -0.77082968E-004    -0.90196237E-005     0.16214782E+002     0.30412028E+000     0.14268272E-004    -0.37007436E-006
     0.27194501E-001    -0.78906517E-004    -0.92894991E-005     0.16274739E+002     0.31134901E+000     0.14225266E-004    -0.37238521E-006
     0.27561994E-001    -0.80784473E-004    -0.95686408E-005     0.16336130E+002     0.31875612E+000     0.14182240E-004    -0.37445791E-006
     0.27929487E-001    -0.82718699E-004    -0.98574937E-005     0.16398990E+002     0.32634897E+000     0.14139243E-004    -0.37627643E-006
     0.28296981E-001    -0.84711146E-004    -0.10156529E-004     0.16463356E+002     0.33413527E+000     0.14096326E-004    -0.37782359E-006
     0.28664474E-001    -0.86763857E-004    -0.10466244E-004     0.16529268E+002     0.34212312E+000     0.14053544E-004    -0.37908107E-006
     0.29031967E-001    -0.88878978E-004    -0.10787166E-004     0.16596765E+002     0.35032107E+000     0.14010955E-004    -0.38002930E-006
     0.29399460E-001    -0.91058756E-004    -0.11119855E-004     0.16665889E+002     0.35873807E+000     0.13968621E-004    -0.38064733E-006
     0.29766954E-001    -0.93305553E-004    -0.11464902E-004     0.16736685E+002     0.36738356E+000     0.13926609E-004    -0.38091277E-006
     0.30134447E-001    -0.95621847E-004    -0.11822937E-004     0.16809199E+002     0.37626749E+000     0.13884990E-004    -0.38080167E-006
     0.30501940E-001    -0.98010242E-004    -0.12194626E-004     0.16883478E+002     0.38540034E+000     0.13843839E-004    -0.38028837E-006
     0.30869433E-001    -0.10047347E-003    -0.12580679E-004     0.16959571E+002     0.39479315E+000     0.13803238E-004    -0.37934543E-006
     0.31236927E-001    -0.10301442E-003    -0.12981849E-004     0.17037532E+002     0.40445758E+000     0.13763273E-004    -0.37794341E-006
     0.31604420E-001    -0.10563610E-003    -0.13398938E-004     0.17117414E+002     0.41440597E+000     0.13724035E-004    -0.37605081E-006
     0.31971913E-001    -0.10834171E-003    -0.13832802E-004     0.17199274E+002     0.42465131E+000     0.13685624E-004    -0.37363380E-006
     0.32339406E-001    -0.11113461E-003    -0.14284350E-004     0.17283171E+002     0.43520738E+000     0.13648144E-004    -0.37065612E-006
     0.32706900E-001    -0.11401832E-003    -0.14754554E-004     0.17369169E+002     0.44608874E+000     0.13611707E-004    -0.36707886E-006
     0.33074393E-001    -0.11699658E-003    -0.15244449E-004     0.17457331E+002     0.45731081E+000     0.13576434E-004    -0.36286022E-006
     0.33441886E-001    -0.12007331E-003    -0.15755141E-004     0.17547726E+002     0.46888996E+000     0.13542453E-004    -0.35795527E-006
     0.33809379E-001    -0.12325268E-003    -0.16287812E-004     0.17640426E+002     0.48084352E+000     0.13509901E-004    -0.35231575E-006
     0.34176873E-001    -0.12653905E-003    -0.16843725E-004     0.17735505E+002     0.49318991E+000     0.13478924E-004    -0.34588972E-006
     0.34544366E-001    -0.12993708E-003    -0.17424234E-004     0.17833041E+002     0.50594868E+000     0.13449680E-004    -0.33862128E-006
     0.34911859E-001    -0.13345165E-003    -0.18030790E-004     0.17933116E+002     0.51914062E+000     0.13422336E-004    -0.33045022E-006
     0.35279352E-001    -0.13708797E-003    -0.18664949E-004     0.18035819E+002     0.53278788E+000     0.13397072E-004    -0.32131166E-006
     0.35646846E-001    -0.14085153E-003    -0.19328384E-004     0.18141238E+002     0.54691402E+000     0.13374081E-004    -0.31113563E-006
     0.36014339E-001    -0.14474814E-003    -0.20022891E-004     0.18249470E+002     0.56154417E+000     0.13353569E-004    -0.29984661E-006
     0.36381832E-001    -0.14878400E-003    -0.20750404E-004     0.18360614E+002     0.57670514E+000     0.13335757E-004    -0.28736307E-006
     0.36749325E-001    -0.15296564E-003    -0.21513003E-004     0.18474778E+002     0.59242556E+000     0.13320882E-004    -0.27359687E-006
     0.37116819E-001    -0.15730004E-003    -0.22312931E-004     0.18592072E+002     0.60873605E+000     0.13309199E-004    -0.25845269E-006
     0.37484312E-001    -0.16179461E-003    -0.23152609E-004     0.18712613E+002     0.62566936E+000     0.13300981E-004    -0.24182734E-006
     0.37851805E-001    -0.16645720E-003    -0.24034649E-004     0.18836525E+002     0.64326058E+000     0.13296522E-004    -0.22360905E-006
     0.38219298E-001    -0.17129622E-003    -0.24961879E-004     0.18963940E+002     0.66154733E+000     0.13296135E-004    -0.20367664E-006
     0.38586792E-001    -0.17632060E-003    -0.25937361E-004     0.19094995E+002     0.68057000E+000     0.13300160E-004    -0.18189858E-006
     0.38954285E-001    -0.18153988E-003    -0.26964412E-004     0.19229836E+002     0.70037198E+000     0.13308962E-004    -0.15813202E-006
     0.39321778E-001    -0.18696423E-003    -0.28046635E-004     0.19368618E+002     0.72099996E+000     0.13322932E-004    -0.13222167E-006
     0.39689271E-001    -0.19260453E-003    -0.29187943E-004     0.19511505E+002     0.74250423E+000     0.13342494E-004    -0.10399850E-006
     0.40056765E-001    -0.19847242E-003    -0.30392593E-004     0.19658669E+002     0.76493901E+000     0.13368101E-004    -0.73278407E-007
     0.40424258E-001    -0.20458036E-003    -0.31665223E-004     0.19810296E+002     0.78836287E+000     0.13400245E-004    -0.39860612E-007
     0.40791751E-001    -0.21094169E-003    -0.33010895E-004     0.19966581E+002     0.81283908E+000     0.13439456E-004    -0.35259331E-008
     0.41159244E-001    -0.21757076E-003    -0.34435135E-004     0.20127731E+002     0.83843618E+000     0.13486305E-004     0.35965172E-007
     0.41526738E-001    -0.22448294E-003    -0.35943993E-004     0.20293968E+002     0.86522843E+000     0.13541410E-004     0.78874803E-007
     0.41894231E-001    -0.23169479E-003    -0.37544099E-004     0.20465527E+002     0.89329647E+000     0.13605441E-004     0.12549009E-006
     0.42261724E-001    -0.23922414E-003    -0.39242728E-004     0.20642659E+002     0.92272792E+000     0.13679120E-004     0.17612596E-006
     0.42629217E-001    -0.24709017E-003    -0.41047880E-004     0.20825633E+002     0.95361822E+000     0.13763231E-004     0.23112832E-006
     0.42996711E-001    -0.25531362E-003    -0.42968361E-004     0.21014734E+002     0.98607139E+000     0.13858625E-004     0.29087755E-006
     0.43364204E-001    -0.26391688E-003    -0.45013887E-004     0.21210270E+002     0.10202011E+001     0.13966223E-004     0.35579261E-006
     0.43731697E-001    -0.27292418E-003    -0.47195193E-004     0.21412567E+002     0.10561316E+001     0.14087028E-004     0.42633553E-006
     0.44099190E-001    -0.28236176E-003    -0.49524163E-004     0.21621978E+002     0.10939991E+001     0.14222129E-004     0.50301671E-006
     0.44466684E-001    -0.29225811E-003    -0.52013979E-004     0.21838882E+002     0.11339532E+001     0.14372712E-004     0.58640078E-006
     0.44834177E-001    -0.30264415E-003    -0.54679297E-004     0.22063683E+002     0.11761583E+001     0.14540069E-004     0.67711345E-006
     0.45201670E-001    -0.31355357E-003    -0.57536436E-004     0.22296820E+002     0.12207956E+001     0.14725610E-004     0.77584929E-006
     0.45569163E-001    -0.32502303E-003    -0.60603615E-004     0.22538763E+002     0.12680653E+001     0.14930874E-004     0.88338066E-006
     0.45936657E-001    -0.33709257E-003    -0.63901210E-004     0.22790023E+002     0.13181887E+001     0.15157545E-004     0.10005680E-005
     0.46304150E-001    -0.34980597E-003    -0.67452074E-004     0.23051149E+002     0.13714112E+001     0.15407465E-004     0.11283719E-005
     0.46671643E-001    -0.36321114E-003    -0.71281891E-004     0.23322737E+002     0.14280058E+001     0.15682653E-004     0.12678667E-005
     0.47039137E-001    -0.37736065E-003    -0.75419607E-004     0.23605435E+002     0.14882761E+001     0.15985328E-004     0.14202564E-005
     0.47406630E-001    -0.39231229E-003    -0.79897930E-004     0.23899944E+002     0.15525616E+001     0.16317926E-004     0.15868940E-005
     0.47774123E-001    -0.40812964E-003    -0.84753917E-004     0.24207030E+002     0.16212419E+001     0.16683129E-004     0.17693024E-005
     0.48141616E-001    -0.42488286E-003    -0.90029676E-004     0.24527526E+002     0.16947434E+001     0.17083894E-004     0.19692009E-005
     0.48509110E-001    -0.44264947E-003    -0.95773200E-004     0.24862343E+002     0.17735458E+001     0.17523487E-004     0.21885348E-005
     0.48876603E-001    -0.46151532E-003    -0.10203936E-003     0.25212478E+002     0.18581906E+001     0.18005518E-004     0.24295113E-005
     0.49244096E-001    -0.48157567E-003    -0.10889111E-003     0.25579025E+002     0.19492910E+001     0.18533987E-004     0.26946415E-005
     0.49611589E-001    -0.50293646E-003    -0.11640090E-003     0.25963183E+002     0.20475433E+001     0.19113331E-004     0.29867910E-005
     0.49979083E-001    -0.52571571E-003    -0.12465243E-003     0.26366276E+002     0.21537409E+001     0.19748484E-004     0.33092401E-005
     0.50346576E-001    -0.55004528E-003    -0.13374277E-003     0.26789763E+002     0.22687914E+001     0.20444939E-004     0.36657556E-005
     0.50714069E-001    -0.57607272E-003    -0.14378495E-003     0.27235258E+002     0.23937361E+001     0.21208826E-004     0.40606782E-005
     0.51081562E-001    -0.60396357E-003    -0.15491112E-003     0.27704549E+002     0.25297748E+001     0.22046997E-004     0.44990279E-005
     0.51449056E-001    -0.63390398E-003    -0.16727646E-003     0.28199623E+002     0.26782955E+001     0.22967126E-004     0.49866328E-005
     0.51816549E-001    -0.66610365E-003    -0.18106410E-003     0.28722692E+002     0.28409106E+001     0.23977826E-004     0.55302863E-005
     0.52184042E-001    -0.70079945E-003    -0.19649112E-003     0.29276225E+002     0.30195017E+001     0.25088780E-004     0.61379408E-005
     0.52551535E-001    -0.73825936E-003    -0.21381628E-003     0.29862983E+002     0.32162749E+001     0.26310902E-004     0.68189478E-005
     0.52919029E-001    -0.77878724E-003    -0.23334963E-003     0.30486063E+002     0.34338299E+001     0.27656508E-004     0.75843564E-005
     0.53286522E-001    -0.82272808E-003    -0.25546483E-003     0.31148944E+002     0.36752462E+001     0.29139529E-004     0.84472885E-005
     0.53654015E-001    -0.87047417E-003    -0.28061497E-003     0.31855541E+002     0.39441923E+001     0.30775745E-004     0.94234108E-005
     0.54021508E-001    -0.92247178E-003    -0.30935295E-003     0.32610272E+002     0.42450641E+001     0.32583056E-004     0.10531536E-004
     0.54389002E-001    -0.97922855E-003    -0.34235803E-003     0.33418125E+002     0.45831621E+001     0.34581790E-004     0.11794392E-004
     0.54756495E-001    -0.10413212E-002    -0.38047070E-003     0.34284739E+002     0.49649201E+001     0.36795040E-004     0.13239613E-004
     0.55123988E-001    -0.11094027E-002    -0.42473865E-003     0.35216489E+002     0.53982023E+001     0.39249030E-004     0.14901027E-004
     0.55491481E-001    -0.11842084E-002    -0.47647828E-003     0.36220573E+002     0.58926922E+001     0.41973495E-004     0.16820345E-004
     0.55858975E-001    -0.12665578E-002    -0.53735707E-003     0.37305093E+002     0.64604072E+001     0.45002031E-004     0.19049394E-004
     0.56226468E-001    -0.13573489E-002    -0.60950539E-003     0.38479117E+002     0.71163828E+001     0.48372357E-004     0.21653082E-004
     0.56593961E-001    -0.14575378E-002    -0.69566878E-003     0.39752689E+002     0.78795918E+001     0.52126361E-004     0.24713389E-004
     0.56961454E-001    -0.15680904E-002    -0.79941711E-003     0.41136743E+002     0.87741876E+001     0.56309709E-004     0.28334758E-004
     0.57328948E-001    -0.16898837E-002    -0.92543277E-003     0.42642818E+002     0.98311962E+001     0.60970616E-004     0.32651435E-004
     0.57696441E-001    -0.18235176E-002    -0.10799081E-002     0.44282419E+002     0.11090830E+002     0.66157061E-004     0.37837505E-004
     0.58063934E-001    -0.19689642E-002    -0.12710908E-002     0.46065725E+002     0.12605654E+002     0.71911179E-004     0.44120620E-004
     0.58431427E-001    -0.21249267E-002    -0.15100202E-002     0.47999124E+002     0.14444895E+002     0.78258525E-004     0.51800694E-004
     0.58798921E-001    -0.22876795E-002    -0.18114858E-002     0.50080624E+002     0.16700214E+002     0.85188147E-004     0.61274906E-004
     0.59166414E-001    -0.24489816E-002    -0.21951709E-002     0.52291480E+002     0.19493129E+002     0.92616184E-004     0.73069878E-004
     0.59533907E-001    -0.25923637E-002    -0.26867361E-002     0.54581101E+002     0.22983740E+002     0.10032028E-003     0.87879384E-004
     0.59901400E-001    -0.26866548E-002    -0.33180138E-002     0.56840331E+002     0.27378658E+002     0.10782345E-003     0.10659850E-003
     0.60268894E-001    -0.26752027E-002    -0.41240394E-002     0.58855631E+002     0.32931505E+002     0.11419509E-003     0.13032515E-003
     0.60636387E-001    -0.24597103E-002    -0.51314298E-002     0.60235618E+002     0.39918555E+002     0.11773207E-003     0.16025298E-003
     0.61003880E-001    -0.18820364E-002    -0.63267906E-002     0.60310155E+002     0.48550668E+002     0.11552174E-003     0.19728644E-003
     0.61371373E-001    -0.72346643E-003    -0.75885125E-002     0.58044511E+002     0.58753792E+002     0.10307365E-003     0.24108351E-003
     0.61738867E-001     0.12219623E-002    -0.85812433E-002     0.52125269E+002     0.69762425E+002     0.74705427E-004     0.28828778E-003
     0.62106360E-001     0.39153212E-002    -0.87034276E-002     0.41523739E+002     0.79677872E+002     0.26013758E-004     0.33062263E-003
     0.62473853E-001     0.67401891E-002    -0.73412931E-002     0.26645132E+002     0.85649830E+002    -0.41120236E-004     0.35573156E-003
     0.62841346E-001     0.85592122E-002    -0.45366895E-002     0.10112396E+002     0.85396134E+002    -0.11518695E-003     0.35385282E-003
     0.63208840E-001     0.85877237E-002    -0.13321989E-002    -0.43788771E+001     0.79064342E+002    -0.18016697E-003     0.32587744E-003
     0.63576333E-001     0.71686855E-002     0.10343197E-002    -0.14421341E+002     0.69099595E+002    -0.22582940E-003     0.28258725E-003
     0.63943826E-001     0.52981195E-002     0.21345744E-002    -0.19814534E+002     0.58304724E+002    -0.25154963E-003     0.23610794E-003
     0.64311319E-001     0.37042993E-002     0.22972386E-002    -0.21662064E+002     0.48456048E+002    -0.26222510E-003     0.19399710E-003
     0.64678813E-001     0.25996597E-002     0.20091927E-002    -0.21263392E+002     0.40230325E+002    -0.26346999E-003     0.15907418E-003
     0.65046306E-001     0.19128944E-002     0.15937323E-002    -0.19614584E+002     0.33663816E+002    -0.25952928E-003     0.13147172E-003
     0.65413799E-001     0.15086144E-002     0.11983714E-002    -0.17352931E+002     0.28540917E+002    -0.25310449E-003     0.11031848E-003
     0.65781292E-001     0.12753426E-002     0.86909638E-003    -0.14849875E+002     0.24597118E+002    -0.24579732E-003     0.94595083E-004
     0.66148786E-001     0.11395197E-002     0.60750527E-003    -0.12311550E+002     0.21598506E+002    -0.23856464E-003     0.83451163E-004
     0.66516279E-001     0.10574399E-002     0.39960244E-003    -0.98520028E+001     0.19362594E+002    -0.23204776E-003     0.76279310E-004
     0.66883772E-001     0.10059333E-002     0.22779968E-003    -0.75414344E+001     0.17755620E+002    -0.22680913E-003     0.72692532E-004
     0.67251265E-001     0.97626166E-003     0.76259991E-004    -0.54385559E+001     0.16679912E+002    -0.22352955E-003     0.72436780E-004
     0.67618759E-001     0.96971346E-003    -0.65457683E-004    -0.36127115E+001     0.16052865E+002    -0.22318200E-003     0.75194408E-004
     0.67986252E-001     0.99303362E-003    -0.19976133E-003    -0.21524719E+001     0.15773718E+002    -0.22708863E-003     0.80194402E-004
     0.68353745E-001     0.10532087E-002    -0.31959719E-003    -0.11434622E+001     0.15681162E+002    -0.23657805E-003     0.85664612E-004
     0.68721239E-001     0.11504119E-002    -0.40923420E-003    -0.59609136E+000     0.15536110E+002    -0.25194879E-003     0.88621589E-004
     0.69088732E-001     0.12708212E-002    -0.45178143E-003    -0.35950801E+000     0.15095467E+002    -0.27124705E-003     0.85931307E-004
     0.69456225E-001     0.13889891E-002    -0.44288834E-003    -0.14546739E+000     0.14265555E+002    -0.29059326E-003     0.76482088E-004
     0.69823718E-001     0.14828510E-002    -0.39624473E-003     0.30115540E+000     0.13164523E+002    -0.30657009E-003     0.62076025E-004
     0.70191212E-001     0.15453156E-002    -0.33326514E-003     0.10695447E+001     0.12004711E+002    -0.31808557E-003     0.45790276E-004
     0.70558705E-001     0.15817109E-002    -0.27063010E-003     0.21110027E+001     0.10950042E+002    -0.32597973E-003     0.29982731E-004
     0.70926198E-001     0.16015420E-002    -0.21678032E-003     0.33325193E+001     0.10074889E+002    -0.33170992E-003     0.15720536E-004
     0.71293691E-001     0.16134787E-002    -0.17440658E-003     0.46547925E+001     0.93914040E+001    -0.33653725E-003     0.31712305E-005
     0.71661185E-001     0.16242896E-002    -0.14348924E-003     0.60267431E+001     0.88841281E+001    -0.34132818E-003    -0.79063008E-005
     0.72028678E-001     0.16395830E-002    -0.12291241E-003     0.74208982E+001     0.85307942E+001    -0.34662590E-003    -0.17869383E-004
     0.72396171E-001     0.16648741E-002    -0.11059844E-003     0.88253363E+001     0.83113663E+001    -0.35276893E-003    -0.27067204E-004
     0.72763664E-001     0.17060807E-002    -0.10237400E-003     0.10237283E+002     0.82109342E+001    -0.35998641E-003    -0.35803820E-004
     0.73131158E-001     0.17683176E-002    -0.90064466E-004     0.11658869E+002     0.82200681E+001    -0.36846519E-003    -0.44338199E-004
     0.73498651E-001     0.18519141E-002    -0.60855928E-004     0.13094406E+002     0.83342511E+001    -0.37840077E-003    -0.52902261E-004
     0.73866144E-001     0.19475813E-002    -0.16089701E-005     0.14548567E+002     0.85528505E+001    -0.39003942E-003    -0.61739469E-004
     0.74233637E-001     0.20374321E-002     0.92181415E-004     0.16025343E+002     0.88774920E+001    -0.40370156E-003    -0.71176270E-004
     0.74601131E-001     0.21044356E-002     0.21161600E-003     0.17528477E+002     0.93097079E+001    -0.41974940E-003    -0.81728502E-004
     0.74968624E-001     0.21416251E-002     0.33926895E-003     0.19064901E+002     0.98490909E+001    -0.43844054E-003    -0.94193480E-004
     0.75336117E-001     0.21544515E-002     0.45794822E-003     0.20650931E+002     0.10495948E+002    -0.45967341E-003    -0.10957724E-003
     0.75703610E-001     0.21574741E-002     0.55832274E-003     0.22314805E+002     0.11261309E+002    -0.48286378E-003    -0.12873744E-003
     0.76071104E-001     0.21664661E-002     0.64246562E-003     0.24088391E+002     0.12176701E+002    -0.50725776E-003    -0.15201179E-003
     0.76438597E-001     0.21909410E-002     0.71977409E-003     0.25995246E+002     0.13292635E+002    -0.53248311E-003    -0.17930325E-003
     0.76806090E-001     0.22339932E-002     0.79990763E-003     0.28048176E+002     0.14671432E+002    -0.55882985E-003    -0.21059501E-003
     0.77173583E-001     0.22967237E-002     0.89072686E-003     0.30253254E+002     0.16387584E+002    -0.58708723E-003    -0.24653748E-003
     0.77541077E-001     0.23801512E-002     0.10006064E-002     0.32608997E+002     0.18536087E+002    -0.61801094E-003    -0.28881172E-003
     0.77908570E-001     0.24839739E-002     0.11398795E-002     0.35097552E+002     0.21241766E+002    -0.65170815E-003    -0.34007885E-003
     0.78276063E-001     0.26056211E-002     0.13205953E-002     0.37669470E+002     0.24667559E+002    -0.68725538E-003    -0.40372442E-003
     0.78643556E-001     0.27400873E-002     0.15569686E-002     0.40218694E+002     0.29022367E+002    -0.72239502E-003    -0.48373364E-003
     0.79011050E-001     0.28785111E-002     0.18672035E-002     0.42539285E+002     0.34563243E+002    -0.75292193E-003    -0.58460949E-003
     0.79378543E-001     0.30035082E-002     0.22754367E-002     0.44255123E+002     0.41575576E+002    -0.77159279E-003    -0.71088516E-003
     0.79746036E-001     0.30794070E-002     0.28105654E-002     0.44721487E+002     0.50296425E+002    -0.76673542E-003    -0.86561217E-003
     0.80113529E-001     0.30381095E-002     0.34942150E-002     0.42930610E+002     0.60719977E+002    -0.72125732E-003    -0.10470919E-002
     0.80481023E-001     0.27732232E-002     0.43078602E-002     0.37547225E+002     0.72220407E+002    -0.61381195E-003    -0.12432323E-002
     0.80848516E-001     0.21719921E-002     0.51471776E-002     0.27358082E+002     0.83071194E+002    -0.42599314E-003    -0.14245756E-002
     0.81216009E-001     0.12000180E-002     0.58143551E-002     0.12365203E+002     0.90409291E+002    -0.15946672E-003    -0.15439265E-002
     0.81583502E-001    -0.21614228E-004     0.61073614E-002    -0.51539007E+001     0.91512968E+002     0.14689602E-003    -0.15569478E-002
     0.81950996E-001    -0.12614804E-002     0.59579415E-002    -0.21336172E+002     0.85896147E+002     0.42832491E-003    -0.14566377E-002
     0.82318489E-001    -0.23289707E-002     0.54556976E-002    -0.33177359E+002     0.75761119E+002     0.63484783E-003    -0.12808064E-002
     0.82685982E-001    -0.31482839E-002     0.47368813E-002    -0.40002288E+002     0.64165120E+002     0.75582296E-003    -0.10812462E-002
     0.83053475E-001    -0.37067472E-002     0.39073195E-002    -0.42804078E+002     0.53263734E+002     0.80864870E-003    -0.89417245E-003
     0.83420969E-001    -0.40103104E-002     0.30564133E-002    -0.42988836E+002     0.43975294E+002     0.81743087E-003    -0.73463970E-003
     0.83788462E-001    -0.40954173E-002     0.22688455E-002    -0.41693870E+002     0.36422175E+002     0.80131929E-003    -0.60418378E-003
     0.84155955E-001    -0.40330080E-002     0.15985890E-002    -0.39655054E+002     0.30391713E+002     0.77228976E-003    -0.49895132E-003
     0.84523448E-001    -0.38989500E-002     0.10517974E-002    -0.37297910E+002     0.25597547E+002     0.73703827E-003    -0.41435653E-003
     0.84890942E-001    -0.37454360E-002     0.60158632E-003    -0.34857399E+002     0.21779964E+002     0.69944088E-003    -0.34659982E-003
     0.85258435E-001    -0.35962292E-002     0.21156259E-003    -0.32460324E+002     0.18726885E+002     0.66203320E-003    -0.29256429E-003
     0.85625928E-001    -0.34535926E-002    -0.15197436E-003    -0.30171231E+002     0.16270888E+002     0.62647297E-003    -0.24946884E-003
     0.85993421E-001    -0.33028512E-002    -0.51484423E-003    -0.28018415E+002     0.14282195E+002     0.59362110E-003    -0.21484240E-003
     0.86360915E-001    -0.31152234E-002    -0.88844139E-003    -0.26009569E+002     0.12661338E+002     0.56371858E-003    -0.18667254E-003
     0.86728408E-001    -0.28548229E-002    -0.12601065E-002    -0.24141152E+002     0.11332525E+002     0.53666347E-003    -0.16345037E-003
     0.87095901E-001    -0.24969049E-002    -0.15854165E-002    -0.22403913E+002     0.10238180E+002     0.51222681E-003    -0.14408657E-003
     0.87463394E-001    -0.20571336E-002    -0.17991621E-002    -0.20786128E+002     0.93346587E+001     0.49016562E-003    -0.12779523E-003
     0.87830888E-001    -0.16044774E-002    -0.18579551E-002    -0.19275456E+002     0.85889301E+001     0.47027242E-003    -0.11399702E-003
     0.88198381E-001    -0.12245972E-002    -0.17814194E-002    -0.17859968E+002     0.79760286E+001     0.45239706E-003    -0.10224352E-003
     0.88565874E-001    -0.96335191E-003    -0.16396596E-002    -0.16528625E+002     0.74770386E+001     0.43645100E-003    -0.92146894E-004
     0.88933367E-001    -0.81098224E-003    -0.15047501E-002    -0.15271217E+002     0.70775162E+001     0.42237703E-003    -0.83311296E-004
     0.89300861E-001    -0.72402107E-003    -0.14196099E-002    -0.14077728E+002     0.67665893E+001     0.41006839E-003    -0.75302479E-004
     0.89668354E-001    -0.65003568E-003    -0.13910667E-002    -0.12937598E+002     0.65373057E+001     0.39928430E-003    -0.67714925E-004
     0.90035847E-001    -0.54930963E-003    -0.13921816E-002    -0.11840177E+002     0.63880260E+001     0.38968083E-003    -0.60309467E-004
     0.90403340E-001    -0.41611831E-003    -0.13788938E-002    -0.10776775E+002     0.63231619E+001     0.38097786E-003    -0.53054348E-004
     0.90770834E-001    -0.27997983E-003    -0.13229037E-002    -0.97426533E+001     0.63524699E+001     0.37308377E-003    -0.45995129E-004
     0.91138327E-001    -0.17688857E-003    -0.12307439E-002    -0.87381251E+001     0.64903915E+001     0.36607076E-003    -0.39098115E-004
     0.91505820E-001    -0.12233442E-003    -0.11289654E-002    -0.77702153E+001     0.67563897E+001     0.36008761E-003    -0.32168186E-004
     0.91873314E-001    -0.11217993E-003    -0.10405474E-002    -0.68565010E+001     0.71752988E+001     0.35527395E-003    -0.24792487E-004
     0.92240807E-001    -0.13761677E-003    -0.97855306E-003    -0.60319309E+001     0.77755750E+001     0.35161587E-003    -0.16269517E-004
     0.92608300E-001    -0.19270708E-003    -0.95475324E-003    -0.53584387E+001     0.85820283E+001     0.34865385E-003    -0.56226381E-005
     0.92975793E-001    -0.26765662E-003    -0.98869456E-003    -0.49341251E+001     0.95974741E+001     0.34513020E-003     0.80765673E-005
     0.93343287E-001    -0.33304050E-003    -0.11042101E-002    -0.48902014E+001     0.10768040E+002     0.33894913E-003     0.25033088E-004
     0.93710780E-001    -0.33023699E-003    -0.13053090E-002    -0.53519177E+001     0.11941394E+002     0.32769315E-003     0.44088871E-004
     0.94078273E-001    -0.19432970E-003    -0.15423814E-002    -0.63517180E+001     0.12862610E+002     0.30952013E-003     0.62443524E-004
     0.94445766E-001     0.87808790E-004    -0.17153437E-002    -0.77469262E+001     0.13258432E+002     0.28439681E-003     0.75897270E-004
     0.94813260E-001     0.44611651E-003    -0.17387400E-002    -0.92323897E+001     0.12977580E+002     0.25535544E-003     0.80309923E-004
     0.95180753E-001     0.77298842E-003    -0.16053895E-002    -0.10464336E+002     0.12083398E+002     0.22807021E-003     0.74324002E-004
     0.95548246E-001     0.99810476E-003    -0.13782906E-002    -0.11221305E+002     0.10821502E+002     0.20779661E-003     0.60802594E-004
     0.95915739E-001     0.11153034E-002    -0.11317472E-002    -0.11478963E+002     0.94744657E+001     0.19643089E-003     0.44951999E-004
     0.96283233E-001     0.11557039E-002    -0.90949310E-003    -0.11346780E+002     0.82335610E+001     0.19238556E-003     0.31237984E-004
     0.96650726E-001     0.11531388E-002    -0.72243130E-003    -0.10962287E+002     0.71771356E+001     0.19243686E-003     0.21688706E-004
     0.97018219E-001     0.11280879E-002    -0.56487357E-003    -0.10433345E+002     0.63130664E+001     0.19376107E-003     0.16030423E-004
     0.97385712E-001     0.10883986E-002    -0.42959565E-003    -0.98293106E+001     0.56214056E+001     0.19494989E-003     0.12988560E-004
     0.97753206E-001     0.10371989E-002    -0.31330825E-003    -0.91914865E+001     0.50773514E+001     0.19573065E-003     0.11483510E-004
     0.98120699E-001     0.97735707E-003    -0.21423973E-003    -0.85447314E+001     0.46591211E+001     0.19624119E-003     0.10974336E-004
     0.98488192E-001     0.91073141E-003    -0.13053021E-003    -0.79046790E+001     0.43491914E+001     0.19661028E-003     0.11278296E-004
     0.98855685E-001     0.83804945E-003    -0.61295146E-004    -0.72817164E+001     0.41342241E+001     0.19686310E-003     0.12362228E-004
     0.99223179E-001     0.76011767E-003    -0.65362433E-005    -0.66839180E+001     0.40047553E+001     0.19693172E-003     0.14237598E-004
     0.99590672E-001     0.67738614E-003     0.33550542E-004    -0.61195302E+001     0.39541032E+001     0.19666971E-003     0.16903677E-004
     0.99958165E-001     0.58964657E-003     0.56896799E-004    -0.55983861E+001     0.39762837E+001     0.19588082E-003     0.20292223E-004
     0.10032566E+000     0.49950511E-003     0.58624007E-004    -0.51313717E+001     0.40640197E+001     0.19439922E-003     0.24238750E-004
     0.10069315E+000     0.41514999E-003     0.36063935E-004    -0.47291550E+001     0.42092905E+001     0.19218030E-003     0.28568264E-004
     0.10106064E+000     0.34440621E-003    -0.60954469E-005    -0.44053620E+001     0.44055234E+001     0.18921376E-003     0.33274056E-004
     0.10142814E+000     0.28732755E-003    -0.62459105E-004    -0.41848953E+001     0.46416320E+001     0.18520216E-003     0.38467730E-004
     0.10179563E+000     0.24384479E-003    -0.13691491E-003    -0.41016495E+001     0.48820265E+001     0.17945634E-003     0.43887103E-004
     0.10216312E+000     0.22809169E-003    -0.23430399E-003    -0.41683075E+001     0.50522818E+001     0.17146716E-003     0.48468325E-004
     0.10253062E+000     0.26178399E-003    -0.33970894E-003    -0.43345506E+001     0.50660149E+001     0.16174618E-003     0.50756612E-004
     0.10289811E+000     0.34804982E-003    -0.41911865E-003    -0.44904694E+001     0.48908176E+001     0.15184652E-003     0.50030769E-004
     0.10326560E+000     0.46289946E-003    -0.44509882E-003    -0.45358117E+001     0.45801020E+001     0.14329151E-003     0.46843665E-004
     0.10363310E+000     0.57199637E-003    -0.41306737E-003    -0.44390020E+001     0.42270790E+001     0.13671900E-003     0.42344794E-004
     0.10400059E+000     0.64782015E-003    -0.33826538E-003    -0.42282124E+001     0.39027652E+001     0.13205995E-003     0.37480857E-004
     0.10436808E+000     0.67761260E-003    -0.24576213E-003    -0.39501839E+001     0.36352504E+001     0.12900724E-003     0.32855754E-004
     0.10473558E+000     0.66378516E-003    -0.16006313E-003    -0.36403846E+001     0.34214273E+001     0.12719468E-003     0.28854902E-004
     0.10510307E+000     0.61899145E-003    -0.97911348E-004    -0.33131650E+001     0.32481526E+001     0.12624403E-003     0.25713332E-004
     0.10547056E+000     0.55885853E-003    -0.65889646E-004    -0.29684936E+001     0.31093053E+001     0.12577625E-003     0.23577520E-004
     0.10583806E+000     0.49615401E-003    -0.63393238E-004    -0.26057684E+001     0.30093699E+001     0.12535933E-003     0.22518289E-004
     0.10620555E+000     0.43984120E-003    -0.87109188E-004    -0.22310776E+001     0.29562464E+001     0.12448490E-003     0.22448240E-004
     0.10657304E+000     0.39639389E-003    -0.13275059E-003    -0.18554787E+001     0.29547813E+001     0.12265365E-003     0.23015508E-004
     0.10694054E+000     0.36982112E-003    -0.19575226E-003    -0.14909712E+001     0.30055078E+001     0.11957140E-003     0.23578331E-004
     0.10730803E+000     0.36230434E-003    -0.27356726E-003    -0.11482751E+001     0.31065949E+001     0.11536632E-003     0.23372591E-004
     0.10767552E+000     0.37813898E-003    -0.36696845E-003    -0.83791256E+000     0.32567125E+001     0.11059863E-003     0.21861837E-004
     0.10804302E+000     0.42854983E-003    -0.47641632E-003    -0.57522938E+000     0.34549607E+001     0.10593495E-003     0.18958636E-004
     0.10841051E+000     0.53217542E-003    -0.59385817E-003    -0.38463702E+000     0.36930336E+001     0.10181928E-003     0.14828451E-004
     0.10877800E+000     0.70794142E-003    -0.69425938E-003    -0.29326550E+000     0.39423603E+001     0.98578714E-004     0.95663594E-005
     0.10914550E+000     0.95972258E-003    -0.73306800E-003    -0.31046425E+000     0.41495397E+001     0.96740521E-004     0.33241856E-005
     0.10951299E+000     0.12575140E-002    -0.65881574E-003    -0.40472176E+000     0.42539379E+001     0.96866511E-004    -0.32792691E-005
     0.10988048E+000     0.15334025E-002    -0.44482688E-003    -0.50283210E+000     0.42259888E+001     0.98983049E-004    -0.92502435E-005
     0.11024798E+000     0.17113361E-002    -0.11700612E-003    -0.52755763E+000     0.40948522E+001     0.10246961E-003    -0.13846830E-004
     0.11061547E+000     0.17508008E-002     0.25699625E-003    -0.44419819E+000     0.39301627E+001     0.10652949E-003    -0.16913753E-004
     0.11098296E+000     0.16613111E-002     0.60820794E-003    -0.26953523E+000     0.37973548E+001     0.11061291E-003    -0.18719611E-004
     0.11135046E+000     0.14821091E-002     0.89734022E-003    -0.48508806E-001     0.37309848E+001     0.11455170E-003    -0.19641786E-004
     0.11171795E+000     0.12510668E-002     0.11182251E-002     0.17038163E+000     0.37317514E+001     0.11848520E-003    -0.19876627E-004
     0.11208544E+000     0.98604621E-003     0.12789264E-002     0.35306135E+000     0.37728177E+001     0.12259235E-003    -0.19251494E-004
     0.11245294E+000     0.68826128E-003     0.13788241E-002     0.49486619E+000     0.38147666E+001     0.12670871E-003    -0.17332200E-004
     0.11282043E+000     0.36323688E-003     0.13979853E-002     0.62146487E+000     0.38327087E+001     0.13020728E-003    -0.13884166E-004
     0.11318792E+000     0.44233788E-004     0.13134304E-002     0.76298950E+000     0.38350521E+001     0.13241337E-003    -0.91915081E-005
     0.11355542E+000    -0.21569231E-003     0.11334163E-002     0.92407277E+000     0.38488928E+001     0.13301599E-003    -0.37574351E-005
     0.11392291E+000    -0.38156666E-003     0.90235096E-003     0.10831914E+001     0.38884170E+001     0.13185031E-003     0.20950242E-005
     0.11429040E+000    -0.45455871E-003     0.67138246E-003     0.12175475E+001     0.39399485E+001     0.12850585E-003     0.79966770E-005
     0.11465790E+000    -0.46031374E-003     0.47479536E-003     0.13280104E+001     0.39742532E+001     0.12258662E-003     0.13036009E-004
     0.11502539E+000    -0.43149058E-003     0.32454618E-003     0.14422528E+001     0.39747444E+001     0.11438193E-003     0.15951752E-004
     0.11539288E+000    -0.39497731E-003     0.21460072E-003     0.15911866E+001     0.39547546E+001     0.10486289E-003     0.15866047E-004
     0.11576038E+000    -0.36592573E-003     0.12982124E-003     0.17836250E+001     0.39450425E+001     0.95119097E-004     0.12438352E-004
     0.11612787E+000    -0.34802498E-003     0.52718736E-004     0.20057672E+001     0.39692039E+001     0.86258390E-004     0.55900477E-005
     0.11649536E+000    -0.33243443E-003    -0.32107321E-004     0.22376559E+001     0.40335865E+001     0.79533114E-004    -0.43418973E-005
     0.11686285E+000    -0.29816219E-003    -0.12698673E-003     0.24663298E+001     0.41328577E+001     0.75961415E-004    -0.16357587E-004
     0.11723035E+000    -0.22756382E-003    -0.20968377E-003     0.26893344E+001     0.42601096E+001     0.75821572E-004    -0.29131336E-004
     0.11759784E+000    -0.13173806E-003    -0.24299148E-003     0.29116726E+001     0.44150792E+001     0.78651571E-004    -0.41643821E-004
     0.11796533E+000    -0.57321400E-004    -0.20767557E-003     0.31386511E+001     0.46099137E+001     0.83689032E-004    -0.53628063E-004
     0.11833283E+000    -0.59587841E-004    -0.12915568E-003     0.33631118E+001     0.48699748E+001     0.90606174E-004    -0.65651054E-004
     0.11870032E+000    -0.16519540E-003    -0.70490959E-004     0.35514414E+001     0.52220342E+001     0.10027887E-003    -0.78478322E-004
     0.11906781E+000    -0.35652789E-003    -0.10462157E-003     0.36413723E+001     0.56700089E+001     0.11478881E-003    -0.91809522E-004
     0.11943531E+000    -0.57242276E-003    -0.29144618E-003     0.35610664E+001     0.61694867E+001     0.13632403E-003    -0.10320259E-003
     0.11980280E+000    -0.71206360E-003    -0.65356190E-003     0.32717011E+001     0.66196057E+001     0.16518591E-003    -0.10803358E-003
     0.12017029E+000    -0.65766202E-003    -0.11457952E-002     0.28152716E+001     0.68990195E+001     0.19786978E-003    -0.10140563E-003
     0.12053779E+000    -0.32327746E-003    -0.16425892E-002     0.23123423E+001     0.69428879E+001     0.22747661E-003    -0.81716125E-004
     0.12090528E+000     0.28716390E-003    -0.19599859E-002     0.18858631E+001     0.67836195E+001     0.24755328E-003    -0.52595688E-004
     0.12127277E+000     0.10304522E-002    -0.19267745E-002     0.15950640E+001     0.65047407E+001     0.25591705E-003    -0.20535710E-004
     0.12164027E+000     0.16476567E-002    -0.15122630E-002     0.14435512E+001     0.61814800E+001     0.25467541E-003     0.92546316E-005
     0.12200776E+000     0.19263514E-002    -0.89826446E-003     0.14088259E+001     0.58672779E+001     0.24736006E-003     0.34805513E-004
     0.12237525E+000     0.18662293E-002    -0.35286000E-003     0.14521156E+001     0.55930413E+001     0.23634411E-003     0.56434240E-004
     0.12274275E+000     0.16408210E-002    -0.25380497E-004     0.15319011E+001     0.53584304E+001     0.22230519E-003     0.74687209E-004
     0.12311024E+000     0.14252504E-002     0.10528970E-003     0.16286924E+001     0.51390490E+001     0.20532425E-003     0.89144363E-004
     0.12347773E+000     0.12977289E-002     0.13779384E-003     0.17523932E+001     0.49143927E+001     0.18613051E-003     0.98638744E-004
     0.12384523E+000     0.12532082E-002     0.15791821E-003     0.19232710E+001     0.46859356E+001     0.16660053E-003     0.10224619E-003
     0.12421272E+000     0.12526300E-002     0.20756868E-003     0.21523139E+001     0.44718919E+001     0.14925696E-003     0.10036622E-003
     0.12458021E+000     0.12591367E-002     0.29281862E-003     0.24350078E+001     0.42936696E+001     0.13589949E-003     0.94921377E-004
     0.12494771E+000     0.12508133E-002     0.40364823E-003     0.27555676E+001     0.41642696E+001     0.12672042E-003     0.88186570E-004
     0.12531520E+000     0.12180442E-002     0.52655124E-003     0.30978543E+001     0.40840909E+001     0.12087070E-003     0.81570021E-004
     0.12568269E+000     0.11607638E-002     0.64946974E-003     0.34547728E+001     0.40474930E+001     0.11754005E-003     0.75528862E-004
     0.12605019E+000     0.10843501E-002     0.76804571E-003     0.38268611E+001     0.40538228E+001     0.11641171E-003     0.70229574E-004
     0.12641768E+000     0.98906157E-003     0.88597954E-003     0.42122817E+001     0.41099471E+001     0.11741929E-003     0.66040502E-004
     0.12678517E+000     0.86450733E-003     0.10042626E-002     0.46024453E+001     0.42225864E+001     0.12040534E-003     0.63568286E-004
     0.12715267E+000     0.69670762E-003     0.11109232E-002     0.49875000E+001     0.43941944E+001     0.12494146E-003     0.63521412E-004
     0.12752016E+000     0.48048560E-003     0.11797762E-002     0.53592143E+001     0.46278897E+001     0.13027872E-003     0.66513129E-004
     0.12788765E+000     0.23196649E-003     0.11785207E-002     0.57049339E+001     0.49302393E+001     0.13545788E-003     0.72926188E-004
     0.12825515E+000    -0.66263462E-005     0.10897957E-002     0.60027499E+001     0.53050339E+001     0.13937623E-003     0.82959479E-004
     0.12862264E+000    -0.18737829E-003     0.93391496E-003     0.62238701E+001     0.57471670E+001     0.14061437E-003     0.96597497E-004
     0.12899013E+000    -0.29362484E-003     0.76032412E-003     0.63335599E+001     0.62387745E+001     0.13730705E-003     0.11316339E-003
     0.12935763E+000    -0.34952165E-003     0.60840542E-003     0.62951813E+001     0.67367805E+001     0.12764883E-003     0.13064009E-003
     0.12972512E+000    -0.39195334E-003     0.48244872E-003     0.60960180E+001     0.71627121E+001     0.11119798E-003     0.14563298E-003
     0.13009261E+000    -0.43948957E-003     0.36178521E-003     0.57831861E+001     0.74274236E+001     0.89996871E-004     0.15475916E-003
     0.13046011E+000    -0.48709595E-003     0.22794872E-003     0.54617252E+001     0.74873490E+001     0.68000826E-004     0.15676158E-003
     0.13082760E+000    -0.52460031E-003     0.77501494E-004     0.52421144E+001     0.73767458E+001     0.48805888E-004     0.15335294E-003
     0.13119509E+000    -0.55118881E-003    -0.88441662E-004     0.51854088E+001     0.71862799E+001     0.33606120E-004     0.14786267E-003
     0.13156258E+000    -0.57173817E-003    -0.28062111E-003     0.52839529E+001     0.70143606E+001     0.21013025E-004     0.14292390E-003
     0.13193008E+000    -0.57602020E-003    -0.52907507E-003     0.54780813E+001     0.69230308E+001     0.85803406E-005     0.13894212E-003
     0.13229757E+000    -0.51068492E-003    -0.86294063E-003     0.56954324E+001     0.69180093E+001    -0.50824396E-005     0.13420342E-003
     0.13266506E+000    -0.28048987E-003    -0.12571284E-002     0.58893604E+001     0.69606595E+001    -0.18993930E-004     0.12668488E-003
     0.13303256E+000     0.18577441E-003    -0.15906217E-002     0.60563260E+001     0.69978859E+001    -0.30670207E-004     0.11631324E-003
     0.13340005E+000     0.84110654E-003    -0.16934551E-002     0.62326792E+001     0.69921402E+001    -0.38584790E-004     0.10527427E-003
     0.13376754E+000     0.15159373E-002    -0.14727380E-002     0.64743430E+001     0.69448110E+001    -0.43465334E-004     0.96111622E-004
     0.13413504E+000     0.20318437E-002    -0.97531309E-003     0.68222416E+001     0.68988885E+001    -0.47449070E-004     0.89999042E-004
     0.13450253E+000     0.22940722E-002    -0.32464906E-003     0.72795658E+001     0.69124250E+001    -0.52609251E-004     0.86536970E-004
     0.13487002E+000     0.22827711E-002     0.35751231E-003     0.78199263E+001     0.70308212E+001    -0.60206646E-004     0.84546868E-004
     0.13523752E+000     0.20135116E-002     0.96545015E-003     0.84047778E+001     0.72806097E+001    -0.70919850E-004     0.82736016E-004
     0.13560501E+000     0.15358261E-002     0.13958381E-002     0.89912146E+001     0.76720086E+001    -0.85161297E-004     0.79498648E-004
     0.13597250E+000     0.95552513E-003     0.15665940E-002     0.95371878E+001     0.81985869E+001    -0.10244061E-003     0.72673277E-004
     0.13634000E+000     0.42053679E-003     0.14680291E-002     0.10009468E+002     0.88406299E+001    -0.12072321E-003     0.60608416E-004
     0.13670749E+000     0.56562792E-004     0.11830304E-002     0.10384580E+002     0.95741879E+001    -0.13749268E-003     0.43300262E-004
     0.13707498E+000    -0.89955670E-004     0.84801716E-003     0.10641271E+002     0.10371576E+002    -0.15087358E-003     0.21698530E-004
     0.13744248E+000    -0.66022933E-004     0.58957765E-003     0.10763389E+002     0.11190344E+002    -0.15912324E-003    -0.26335984E-005
     0.13780997E+000     0.17517206E-004     0.46184702E-003     0.10759495E+002     0.11974321E+002    -0.16151160E-003    -0.26479651E-004
     0.13817746E+000     0.66215861E-004     0.42234566E-003     0.10671652E+002     0.12677219E+002    -0.16057527E-003    -0.46877330E-004
     0.13854496E+000     0.69370734E-004     0.39745659E-003     0.10560783E+002     0.13280235E+002    -0.15986361E-003    -0.64628395E-004
     0.13891245E+000     0.64788695E-004     0.36525171E-003     0.10493558E+002     0.13794058E+002    -0.15979908E-003    -0.82450431E-004
     0.13927994E+000     0.64393549E-004     0.34853425E-003     0.10532285E+002     0.14263797E+002    -0.15871524E-003    -0.10103152E-003
     0.13964744E+000     0.41945978E-004     0.35952149E-003     0.10713787E+002     0.14768949E+002    -0.15600492E-003    -0.11928111E-003
     0.14001493E+000    -0.32858287E-004     0.37668221E-003     0.11030873E+002     0.15403490E+002    -0.15243309E-003    -0.13643421E-003
     0.14038242E+000    -0.16889727E-003     0.35721680E-003     0.11436797E+002     0.16249513E+002    -0.14905133E-003    -0.15266030E-003
     0.14074992E+000    -0.34743369E-003     0.25241646E-003     0.11863703E+002     0.17372426E+002    -0.14660822E-003    -0.16883021E-003
     0.14111741E+000    -0.51438303E-003     0.19190382E-004     0.12217444E+002     0.18833809E+002    -0.14521023E-003    -0.18625954E-003
     0.14148490E+000    -0.57279211E-003    -0.34770307E-003     0.12347499E+002     0.20671654E+002    -0.14413126E-003    -0.20617080E-003
     0.14185240E+000    -0.41930185E-003    -0.76631780E-003     0.12055383E+002     0.22835919E+002    -0.14226692E-003    -0.22930365E-003
     0.14221989E+000    -0.37498527E-004    -0.10710177E-002     0.11178283E+002     0.25148610E+002    -0.13829191E-003    -0.25634177E-003
     0.14258738E+000     0.43959269E-003    -0.11224542E-002     0.96880258E+001     0.27365152E+002    -0.12986125E-003    -0.28771960E-003
     0.14295488E+000     0.81040336E-003    -0.94148128E-003     0.76844195E+001     0.29303374E+002    -0.11366387E-003    -0.32210201E-003
     0.14332237E+000     0.98060479E-003    -0.69600848E-003     0.52798522E+001     0.30890108E+002    -0.87455985E-004    -0.35555402E-003
     0.14368986E+000     0.10279339E-002    -0.53295708E-003     0.25213747E+001     0.32084658E+002    -0.52016917E-004    -0.38328641E-003
     0.14405736E+000     0.10856012E-002    -0.45672422E-003    -0.57575609E+000     0.32780901E+002    -0.10441975E-004    -0.40209007E-003
     0.14442485E+000     0.12021536E-002    -0.37531874E-003    -0.39055755E+001     0.32792481E+002     0.33716958E-004    -0.41064328E-003
     0.14479234E+000     0.13250378E-002    -0.22367529E-003    -0.71930301E+001     0.31991660E+002     0.76979400E-004    -0.40875725E-003
     0.14515984E+000     0.13864045E-002    -0.18254904E-004    -0.10107343E+002     0.30453590E+002     0.11589607E-003    -0.39739169E-003
     0.14552733E+000     0.13679909E-002     0.18691979E-003    -0.12436423E+002     0.28417952E+002     0.14762608E-003    -0.37872320E-003
     0.14589482E+000     0.12912014E-002     0.35352891E-003    -0.14131224E+002     0.26146255E+002     0.17027430E-003    -0.35553276E-003
     0.14626232E+000     0.11865783E-002     0.46880601E-003    -0.15235263E+002     0.23842872E+002     0.18246857E-003    -0.33095598E-003
     0.14662981E+000     0.10788749E-002     0.53728594E-003    -0.15833797E+002     0.21668181E+002     0.18338207E-003    -0.30912083E-003
     0.14699730E+000     0.98183913E-003     0.57031542E-003    -0.16060897E+002     0.19737283E+002     0.17383543E-003    -0.29540243E-003
     0.14736479E+000     0.90244100E-003     0.57781756E-003    -0.16071988E+002     0.18082882E+002     0.15747162E-003    -0.29571140E-003
     0.14773229E+000     0.84661647E-003     0.56998693E-003    -0.15983784E+002     0.16670653E+002     0.14194309E-003    -0.31505106E-003
     0.14809978E+000     0.81590252E-003     0.56180460E-003    -0.15867979E+002     0.15451809E+002     0.13954612E-003    -0.35423957E-003
     0.14846727E+000     0.79950425E-003     0.56721084E-003    -0.15781352E+002     0.14370401E+002     0.16456620E-003    -0.40496010E-003
     0.14883477E+000     0.78026461E-003     0.58443003E-003    -0.15754846E+002     0.13340422E+002     0.22471695E-003    -0.44705251E-003
     0.14920226E+000     0.75591620E-003     0.59968224E-003    -0.15752544E+002     0.12267766E+002     0.30963787E-003    -0.45606712E-003
     0.14956975E+000     0.73852095E-003     0.61240276E-003    -0.15678113E+002     0.11115914E+002     0.39148811E-003    -0.42245284E-003
     0.14993725E+000     0.72809502E-003     0.63866983E-003    -0.15445279E+002     0.99342449E+001     0.44597575E-003    -0.36076716E-003
     0.15030474E+000     0.70273695E-003     0.68595172E-003    -0.15035108E+002     0.88113259E+001     0.46868365E-003    -0.29396979E-003
     0.15067223E+000     0.63954010E-003     0.73374681E-003    -0.14487041E+002     0.78138038E+001     0.46858630E-003    -0.23638423E-003
     0.15103973E+000     0.54375543E-003     0.74494162E-003    -0.13858341E+002     0.69665267E+001     0.45606225E-003    -0.19240898E-003
     0.15140722E+000     0.45211948E-003     0.69960963E-003    -0.13196881E+002     0.62648823E+001     0.43862449E-003    -0.16160545E-003
     0.15177471E+000     0.40428878E-003     0.61385462E-003    -0.12534915E+002     0.56922809E+001     0.42117709E-003    -0.14178364E-003
     0.15214221E+000     0.41451315E-003     0.52620156E-003    -0.11893576E+002     0.52296537E+001     0.40673861E-003    -0.13021025E-003
     0.15250970E+000     0.46652079E-003     0.47076427E-003    -0.11286979E+002     0.48569328E+001     0.39712976E-003    -0.12410469E-003
     0.15287719E+000     0.52847379E-003     0.45796945E-003    -0.10722337E+002     0.45531947E+001     0.39342815E-003    -0.12042098E-003
     0.15324469E+000     0.57621247E-003     0.47312727E-003    -0.10199418E+002     0.42992092E+001     0.39540704E-003    -0.11540965E-003
     0.15361218E+000     0.60813159E-003     0.49318229E-003    -0.97125191E+001     0.40803930E+001     0.40015344E-003    -0.10560579E-003
     0.15397967E+000     0.64132534E-003     0.50685249E-003    -0.92532338E+001     0.38875805E+001     0.40254152E-003    -0.90796538E-004
     0.15434717E+000     0.69611644E-003     0.52417759E-003    -0.88122006E+001     0.37174034E+001     0.39932703E-003    -0.75164301E-004
     0.15471466E+000     0.77877316E-003     0.57420367E-003    -0.83823752E+001     0.35730035E+001     0.39217831E-003    -0.63368240E-004
     0.15508215E+000     0.86700440E-003     0.69099045E-003    -0.79634468E+001     0.34609166E+001     0.38522011E-003    -0.56430929E-004
     0.15544965E+000     0.90771673E-003     0.88686380E-003    -0.75615222E+001     0.33850858E+001     0.38118157E-003    -0.52203064E-004
     0.15581714E+000     0.84288194E-003     0.11258908E-002    -0.71847791E+001     0.33446173E+001     0.38029900E-003    -0.47834840E-004
     0.15618463E+000     0.65680009E-003     0.13333234E-002    -0.68414280E+001     0.33353674E+001     0.38100018E-003    -0.41387939E-004
     0.15655213E+000     0.39079503E-003     0.14481967E-002    -0.65407331E+001     0.33492843E+001     0.38096631E-003    -0.32554880E-004
     0.15691962E+000     0.10382129E-003     0.14559226E-002    -0.62903602E+001     0.33701201E+001     0.37834714E-003    -0.22712803E-004
     0.15728711E+000    -0.16191447E-003     0.13718475E-002    -0.60867846E+001     0.33737832E+001     0.37279142E-003    -0.14176746E-004
     0.15765461E+000    -0.38345989E-003     0.12200902E-002    -0.59084208E+001     0.33409584E+001     0.36571920E-003    -0.88631744E-005
     0.15802210E+000    -0.55472865E-003     0.10238779E-002    -0.57255507E+001     0.32725390E+001     0.35943812E-003    -0.71026913E-005
     0.15838959E+000    -0.67969688E-003     0.79266025E-003    -0.55203363E+001     0.31875858E+001     0.35566628E-003    -0.76757255E-005
     0.15875709E+000    -0.75066129E-003     0.52117654E-003    -0.52936017E+001     0.31054736E+001     0.35487664E-003    -0.88725871E-005
     0.15912458E+000    -0.73646312E-003     0.21466649E-003    -0.50540507E+001     0.30338218E+001     0.35659973E-003    -0.93041796E-005
     0.15949207E+000    -0.60511932E-003    -0.84923667E-004    -0.48057960E+001     0.29715986E+001     0.35986602E-003    -0.81852813E-005
     0.15985957E+000    -0.36481442E-003    -0.31002148E-003    -0.45462138E+001     0.29189102E+001     0.36361429E-003    -0.54463234E-005
     0.16022706E+000    -0.72806929E-004    -0.41531170E-003    -0.42723376E+001     0.28817103E+001     0.36716346E-003    -0.15830354E-005
     0.16059455E+000     0.20493284E-003    -0.40738150E-003    -0.39865059E+001     0.28685426E+001     0.37040395E-003     0.28185664E-005
     0.16096205E+000     0.43489548E-003    -0.32364777E-003    -0.36959830E+001     0.28850245E+001     0.37357597E-003     0.74471424E-005
     0.16132954E+000     0.61550038E-003    -0.19214439E-003    -0.34086176E+001     0.29319220E+001     0.37694311E-003     0.12311688E-004
     0.16169703E+000     0.74408501E-003    -0.19316332E-004    -0.31298497E+001     0.30077391E+001     0.38066424E-003     0.17581297E-004
     0.16206453E+000     0.80035899E-003     0.18152261E-003    -0.28638335E+001     0.31115463E+001     0.38479573E-003     0.23548090E-004
     0.16243202E+000     0.77545683E-003     0.37226241E-003    -0.26156534E+001     0.32428834E+001     0.38918834E-003     0.30626802E-004
     0.16279951E+000     0.69236741E-003     0.51980240E-003    -0.23926086E+001     0.34003506E+001     0.39334103E-003     0.39188699E-004
     0.16316700E+000     0.58026027E-003     0.61930467E-003    -0.22049236E+001     0.35783496E+001     0.39646517E-003     0.49291861E-004
     0.16353450E+000     0.45095025E-003     0.67660013E-003    -0.20616060E+001     0.37618647E+001     0.39764933E-003     0.60539362E-004
     0.16390199E+000     0.30884158E-003     0.68746648E-003    -0.19597463E+001     0.39279564E+001     0.39607972E-003     0.71857971E-004
     0.16426948E+000     0.16780045E-003     0.64209282E-003    -0.18797560E+001     0.40589183E+001     0.39172341E-003     0.81434225E-004
     0.16463698E+000     0.51686006E-004     0.53796279E-003    -0.17948965E+001     0.41531008E+001     0.38601745E-003     0.87598125E-004
     0.16500447E+000    -0.11797425E-004     0.38521049E-003    -0.16830147E+001     0.42233908E+001     0.38123648E-003     0.90131164E-004
     0.16537196E+000     0.20849418E-005     0.21302253E-003    -0.15316064E+001     0.42909014E+001     0.37896741E-003     0.90181422E-004
     0.16573946E+000     0.93429071E-004     0.67474140E-004    -0.13388083E+001     0.43791818E+001     0.37970006E-003     0.89006330E-004
     0.16610695E+000     0.22934912E-003    -0.18921263E-004    -0.11111668E+001     0.45101540E+001     0.38360910E-003     0.87334989E-004
     0.16647444E+000     0.37178354E-003    -0.47739461E-004    -0.86209606E+000     0.47042693E+001     0.39125173E-003     0.85746843E-004
     0.16684194E+000     0.50536903E-003    -0.37479062E-004    -0.61478807E+000     0.49789784E+001     0.40354191E-003     0.85444199E-004
     0.16720943E+000     0.63219624E-003     0.49687256E-005    -0.40268782E+000     0.53413913E+001     0.42094838E-003     0.88711724E-004
     0.16757692E+000     0.74507294E-003     0.88231747E-004    -0.26225490E+000     0.57814593E+001     0.44248249E-003     0.98384079E-004
     0.16794442E+000     0.81594295E-003     0.21010213E-003    -0.22213267E+000     0.62729046E+001     0.46566195E-003     0.11660498E-003
     0.16831191E+000     0.82093961E-003     0.33673682E-003    -0.29732247E+000     0.67810424E+001     0.48742977E-003     0.14441402E-003
     0.16867940E+000     0.77045458E-003     0.41847261E-003    -0.49061987E+000     0.72686977E+001     0.50422369E-003     0.18224077E-003
     0.16904690E+000     0.71391453E-003     0.42102065E-003    -0.79231738E+000     0.76955584E+001     0.51112032E-003     0.22909748E-003
     0.16941439E+000     0.72531061E-003     0.35473127E-003    -0.11703081E+001     0.80218964E+001     0.50302559E-003     0.28018128E-003
     0.16978188E+000     0.86223037E-003     0.29594927E-003    -0.15653358E+001     0.82314745E+001     0.47902902E-003     0.32695584E-003
     0.17014938E+000     0.11036448E-002     0.36191144E-003    -0.19182191E+001     0.83555980E+001     0.44483304E-003     0.36240979E-003
     0.17051687E+000     0.13319945E-002     0.62732738E-003    -0.22117723E+001     0.84575630E+001     0.40856578E-003     0.38610452E-003
     0.17088436E+000     0.13999059E-002     0.10568199E-002    -0.24774857E+001     0.85880204E+001     0.37449396E-003     0.40260804E-003
     0.17125186E+000     0.12235157E-002     0.15228998E-002    -0.27668238E+001     0.87603993E+001     0.34178459E-003     0.41588059E-003
     0.17161935E+000     0.81417315E-003     0.18821440E-002    -0.31257650E+001     0.89552470E+001     0.30816718E-003     0.42622854E-003
     0.17198684E+000     0.25194971E-003     0.20220708E-002    -0.35828776E+001     0.91293620E+001     0.27351410E-003     0.43178655E-003
     0.17235434E+000    -0.32955734E-003     0.18807088E-002    -0.41373444E+001     0.92255339E+001     0.24011840E-003     0.43176745E-003
     0.17272183E+000    -0.77091772E-003     0.14882685E-002    -0.47515768E+001     0.91953285E+001     0.21020266E-003     0.42799710E-003
     0.17308932E+000    -0.97081637E-003     0.97287529E-003    -0.53684604E+001     0.90247089E+001     0.18354830E-003     0.42347850E-003
     0.17345682E+000    -0.93754659E-003     0.47561921E-003    -0.59438102E+001     0.87321965E+001     0.15760267E-003     0.41970452E-003
     0.17382431E+000    -0.73746387E-003     0.76163328E-004    -0.64580541E+001     0.83428515E+001     0.12977409E-003     0.41539876E-003
     0.17419180E+000    -0.43200565E-003    -0.19181279E-003    -0.69023171E+001     0.78715451E+001     0.99633147E-004     0.40776574E-003
     0.17455930E+000    -0.81320987E-004    -0.30563851E-003    -0.72630817E+001     0.73270336E+001     0.68896600E-004     0.39485068E-003
     0.17492679E+000     0.23921095E-003    -0.26985101E-003    -0.75203374E+001     0.67246700E+001     0.39620504E-004     0.37631474E-003
     0.17529428E+000     0.47022907E-003    -0.13418610E-003    -0.76579986E+001     0.60926887E+001     0.13401857E-004     0.35238654E-003
     0.17566178E+000     0.59716798E-003     0.35555559E-004    -0.76735730E+001     0.54658838E+001    -0.79657303E-005     0.32354774E-003
     0.17602927E+000     0.63970103E-003     0.18906575E-003    -0.75782338E+001     0.48763071E+001    -0.22553626E-004     0.29133088E-003
     0.17639676E+000     0.63237247E-003     0.29940785E-003    -0.73928156E+001     0.43482795E+001    -0.29380933E-004     0.25839128E-003
     0.17676426E+000     0.61286455E-003     0.36267373E-003    -0.71432943E+001     0.38957891E+001    -0.28958986E-004     0.22756990E-003
     0.17713175E+000     0.61041377E-003     0.39750442E-003    -0.68556939E+001     0.35223138E+001    -0.23063317E-004     0.20110296E-003
     0.17749924E+000     0.63049685E-003     0.43604764E-003    -0.65522054E+001     0.32228617E+001    -0.14336851E-004     0.18007579E-003
     0.17786673E+000     0.65028555E-003     0.49942592E-003    -0.62485793E+001     0.29870259E+001    -0.55596222E-005     0.16396528E-003
     0.17823423E+000     0.64172301E-003     0.57792642E-003    -0.59532411E+001     0.28031963E+001     0.14732761E-005     0.15079268E-003
     0.17860172E+000     0.60031017E-003     0.64510916E-003    -0.56693710E+001     0.26625625E+001     0.66452259E-005     0.13820406E-003
     0.17896921E+000     0.54128101E-003     0.68697667E-003    -0.53991613E+001     0.25602269E+001     0.11065832E-004     0.12456025E-003
     0.17933671E+000     0.47537410E-003     0.70483227E-003    -0.51468290E+001     0.24926088E+001     0.16321466E-004     0.10903172E-003
     0.17970420E+000     0.40407360E-003     0.69566558E-003    -0.49179679E+001     0.24540644E+001     0.24532176E-004     0.91494521E-004
     0.18007169E+000     0.33864262E-003     0.64766057E-003    -0.47167455E+001     0.24358586E+001     0.38309711E-004     0.73414427E-004
     0.18043919E+000     0.30607756E-003     0.56148723E-003    -0.45436414E+001     0.24274663E+001     0.59100575E-004     0.58625847E-004
     0.18080668E+000     0.32781697E-003     0.46091312E-003    -0.43943632E+001     0.24188962E+001     0.84973663E-004     0.51818604E-004
     0.18117417E+000     0.40424465E-003     0.37787274E-003    -0.42604896E+001     0.24037685E+001     0.11086166E-003     0.55262465E-004
     0.18154167E+000     0.51803576E-003     0.33750096E-003    -0.41323995E+001     0.23813933E+001     0.13171097E-003     0.67375722E-004
     0.18190916E+000     0.63991024E-003     0.34966778E-003    -0.40032342E+001     0.23562661E+001     0.14488947E-003     0.84648176E-004
     0.18227665E+000     0.74420062E-003     0.40062255E-003    -0.38713273E+001     0.23344369E+001     0.14964370E-003     0.10384317E-003
     0.18264415E+000     0.82943703E-003     0.46747273E-003    -0.37385325E+001     0.23196346E+001     0.14571400E-003     0.12207676E-003
     0.18301164E+000     0.91164758E-003     0.54650261E-003    -0.36069485E+001     0.23131314E+001     0.13335432E-003     0.13584624E-003
     0.18337913E+000     0.99402225E-003     0.65591264E-003    -0.34782586E+001     0.23154237E+001     0.11464140E-003     0.14094665E-003
     0.18374663E+000     0.10554575E-002     0.81057724E-003    -0.33542117E+001     0.23263676E+001     0.94610486E-004     0.13410199E-003
     0.18411412E+000     0.10639847E-002     0.10041724E-002    -0.32360476E+001     0.23449490E+001     0.80420877E-004     0.11570203E-003
     0.18448161E+000     0.99514818E-003     0.12069734E-002    -0.31238226E+001     0.23701983E+001     0.77804836E-004     0.91068035E-004
     0.18484911E+000     0.84778547E-003     0.13763058E-002    -0.30172102E+001     0.24026347E+001     0.87536664E-004     0.67884939E-004
     0.18521660E+000     0.64654938E-003     0.14774062E-002    -0.29178130E+001     0.24440427E+001     0.10557429E-003     0.51772424E-004
     0.18558409E+000     0.42576986E-003     0.14950483E-002    -0.28300111E+001     0.24945961E+001     0.12644820E-003     0.44030098E-004
     0.18595159E+000     0.21973535E-003     0.14249334E-002    -0.27584703E+001     0.25508103E+001     0.14656455E-003     0.42885279E-004
     0.18631908E+000     0.71683266E-004     0.12744388E-002    -0.27057527E+001     0.26065182E+001     0.16478891E-003     0.46358712E-004
     0.18668657E+000     0.25633948E-004     0.10847876E-002    -0.26716513E+001     0.26538590E+001     0.18060438E-003     0.53598073E-004
     0.18705407E+000     0.84671518E-004     0.92948445E-003    -0.26515416E+001     0.26840213E+001     0.19280914E-003     0.63715167E-004
     0.18742156E+000     0.19193712E-003     0.85985734E-003    -0.26349222E+001     0.26905333E+001     0.20051248E-003     0.74520424E-004
     0.18778905E+000     0.28181776E-003     0.86344167E-003    -0.26071524E+001     0.26737293E+001     0.20472790E-003     0.83360544E-004
     0.18815655E+000     0.33232563E-003     0.89786013E-003    -0.25548167E+001     0.26434811E+001     0.20815828E-003     0.89078266E-004
     0.18852404E+000     0.35155202E-003     0.93763772E-003    -0.24727472E+001     0.26167784E+001     0.21341358E-003     0.92786628E-004
     0.18889153E+000     0.34553626E-003     0.97301076E-003    -0.23668899E+001     0.26100028E+001     0.22147102E-003     0.97028392E-004
     0.18925903E+000     0.31780951E-003     0.99018184E-003    -0.22501172E+001     0.26321299E+001     0.23118378E-003     0.10426066E-003
     0.18962652E+000     0.28529128E-003     0.97378148E-003    -0.21353885E+001     0.26838236E+001     0.23989284E-003     0.11534459E-003
     0.18999401E+000     0.27650156E-003     0.92464415E-003    -0.20316583E+001     0.27611930E+001     0.24507622E-003     0.12883163E-003
     0.19036151E+000     0.31424309E-003     0.86475346E-003    -0.19442198E+001     0.28599446E+001     0.24610454E-003     0.14177138E-003
     0.19072900E+000     0.40433301E-003     0.82880001E-003    -0.18771608E+001     0.29769315E+001     0.24483987E-003     0.15169431E-003
     0.19109649E+000     0.52966912E-003     0.85547587E-003    -0.18355199E+001     0.31094879E+001     0.24430492E-003     0.15848220E-003
     0.19146399E+000     0.64114974E-003     0.97519056E-003    -0.18263467E+001     0.32531833E+001     0.24625861E-003     0.16415624E-003
     0.19183148E+000     0.65564135E-003     0.11757134E-002    -0.18572749E+001     0.33987491E+001     0.25044214E-003     0.17073340E-003
     0.19219897E+000     0.50401990E-003     0.13581744E-002    -0.19322845E+001     0.35309527E+001     0.25598778E-003     0.17909664E-003
     0.19256647E+000     0.23168097E-003     0.13689547E-002    -0.20473121E+001     0.36309093E+001     0.26232810E-003     0.18976298E-003
     0.19293396E+000     0.17527272E-004     0.11423155E-002    -0.21872279E+001     0.36811777E+001     0.26867480E-003     0.20330818E-003
     0.19330145E+000     0.31732006E-004     0.78779000E-003    -0.23265328E+001     0.36739961E+001     0.27400933E-003     0.21977297E-003
     0.19366894E+000     0.29500410E-003     0.49628997E-003    -0.24376642E+001     0.36184239E+001     0.27785515E-003     0.23890508E-003
     0.19403644E+000     0.69991148E-003     0.39000526E-003    -0.25038303E+001     0.35387619E+001     0.27990923E-003     0.26113316E-003
     0.19440393E+000     0.11219395E-002     0.48369095E-003    -0.25269488E+001     0.34630219E+001     0.27882363E-003     0.28727945E-003
     0.19477142E+000     0.14804407E-002     0.73225479E-003    -0.25239433E+001     0.34093070E+001     0.27201925E-003     0.31719783E-003
     0.19513892E+000     0.17456119E-002     0.10763817E-002    -0.25148610E+001     0.33807572E+001     0.25670530E-003     0.34878707E-003
     0.19550641E+000     0.19256188E-002     0.14761815E-002    -0.25139686E+001     0.33706307E+001     0.23146110E-003     0.37792414E-003
     0.19587390E+000     0.20319948E-002     0.19272120E-002    -0.25287826E+001     0.33688854E+001     0.19778870E-003     0.39978192E-003
     0.19624140E+000     0.20468413E-002     0.24386740E-002    -0.25618548E+001     0.33643598E+001     0.16001675E-003     0.41136802E-003
     0.19660889E+000     0.19260579E-002     0.29930838E-002    -0.26099688E+001     0.33455017E+001     0.12303293E-003     0.41288693E-003
     0.19697638E+000     0.16412457E-002     0.35261439E-002    -0.26634851E+001     0.33044325E+001     0.90234104E-004     0.40688916E-003
     0.19734388E+000     0.12275917E-002     0.39631601E-002    -0.27107102E+001     0.32405806E+001     0.62774621E-004     0.39676174E-003
     0.19771137E+000     0.76112749E-003     0.42940435E-002    -0.27427501E+001     0.31589532E+001     0.39746395E-004     0.38518202E-003
     0.19807886E+000     0.26502317E-003     0.45692750E-002    -0.27544858E+001     0.30670005E+001     0.19464498E-004     0.37309936E-003
     0.19844636E+000    -0.30453244E-003     0.48009851E-002    -0.27445410E+001     0.29733540E+001     0.90130777E-006     0.36023540E-003
     0.19881385E+000    -0.96770942E-003     0.49360949E-002    -0.27162550E+001     0.28863161E+001    -0.16229690E-004     0.34618401E-003
     0.19918134E+000    -0.16911650E-002     0.49286271E-002    -0.26776522E+001     0.28101795E+001    -0.32020798E-004     0.33051436E-003
     0.19954884E+000    -0.24389301E-002     0.47596065E-002    -0.26370406E+001     0.27414965E+001    -0.46061883E-004     0.31245700E-003
     0.19991633E+000    -0.31714254E-002     0.43989339E-002    -0.25954642E+001     0.26712332E+001    -0.56861687E-004     0.29164051E-003
     0.20028382E+000    -0.37998924E-002     0.38269329E-002    -0.25445072E+001     0.25939931E+001    -0.62653009E-004     0.26919267E-003
     0.20065132E+000    -0.42108659E-002     0.31067979E-002    -0.24740477E+001     0.25146448E+001    -0.62842089E-004     0.24732232E-003
     0.20101881E+000    -0.43661357E-002     0.23865124E-002    -0.23813173E+001     0.24445826E+001    -0.58162783E-004     0.22797089E-003
     0.20138630E+000    -0.43541061E-002     0.17972100E-002    -0.22718336E+001     0.23933777E+001    -0.49789366E-004     0.21233682E-003
     0.20175380E+000    -0.43265620E-002     0.13544516E-002    -0.21545029E+001     0.23647243E+001    -0.38950104E-004     0.20131230E-003
     0.20212129E+000    -0.43852746E-002     0.95410582E-003    -0.20373268E+001     0.23569295E+001    -0.27255850E-004     0.19569145E-003
     0.20248878E+000    -0.45144357E-002     0.45078463E-003    -0.19246858E+001     0.23648001E+001    -0.17117669E-004     0.19571038E-003
     0.20285628E+000    -0.45848478E-002    -0.25223322E-003    -0.18157010E+001     0.23830565E+001    -0.11473942E-004     0.19991722E-003
     0.20322377E+000    -0.44051718E-002    -0.11313535E-002    -0.17059349E+001     0.24107593E+001    -0.11928643E-004     0.20446067E-003
     0.20359126E+000    -0.38229904E-002    -0.20081587E-002    -0.15926291E+001     0.24525204E+001    -0.16462981E-004     0.20492905E-003
     0.20395876E+000    -0.28428669E-002    -0.26050179E-002    -0.14784223E+001     0.25145737E+001    -0.20106953E-004     0.19984907E-003
     0.20432625E+000    -0.16733364E-002    -0.26833499E-002    -0.13698695E+001     0.26001784E+001    -0.18216199E-004     0.19183263E-003
     0.20469374E+000    -0.66239516E-003    -0.21864984E-002    -0.12737776E+001     0.27090776E+001    -0.88354985E-005     0.18618407E-003
     0.20506124E+000    -0.13758585E-003    -0.13111188E-002    -0.11961260E+001     0.28394471E+001     0.62190595E-005     0.18909993E-003
     0.20542873E+000    -0.21968433E-003    -0.43435047E-003    -0.11429068E+001     0.29884244E+001     0.20820232E-004     0.20533621E-003
     0.20579622E+000    -0.75341386E-003     0.87794536E-004    -0.11204958E+001     0.31515073E+001     0.25693747E-004     0.23522097E-003
     0.20616372E+000    -0.14109308E-002     0.92967171E-004    -0.11358395E+001     0.33211214E+001     0.11619603E-004     0.27285116E-003
     0.20653121E+000    -0.18582560E-002    -0.34441920E-003    -0.11939724E+001     0.34835059E+001    -0.26438998E-004     0.30631291E-003
     0.20689870E+000    -0.18972723E-002    -0.96934431E-003    -0.12903738E+001     0.36197312E+001    -0.85022141E-004     0.32093708E-003
     0.20726620E+000    -0.15492698E-002    -0.14829760E-002    -0.14068903E+001     0.37164369E+001    -0.15106291E-003     0.30639237E-003
     0.20763369E+000    -0.10077483E-002    -0.17087892E-002    -0.15210453E+001     0.37765175E+001    -0.20765899E-003     0.26297432E-003
     0.20800118E+000    -0.48392245E-003    -0.16474248E-002    -0.16207421E+001     0.38158992E+001    -0.24271270E-003     0.20050772E-003
     0.20836868E+000    -0.10333661E-003    -0.13978229E-002    -0.17084719E+001     0.38500706E+001    -0.25250247E-003     0.13171231E-003
     0.20873617E+000     0.91131253E-004    -0.10756464E-002    -0.17932361E+001     0.38852304E+001    -0.23959493E-003     0.67089035E-004
     0.20910366E+000     0.11780131E-003    -0.78622535E-003    -0.18814770E+001     0.39206554E+001    -0.20965211E-003     0.13286366E-004
     0.20947115E+000     0.47321041E-004    -0.59407841E-003    -0.19767025E+001     0.39554418E+001    -0.16883527E-003    -0.26756982E-004
     0.20983865E+000    -0.46634020E-004    -0.49321579E-003    -0.20847691E+001     0.39885330E+001    -0.12233116E-003    -0.52271576E-004
     0.21020614E+000    -0.14875856E-003    -0.44742581E-003    -0.22132995E+001     0.40122117E+001    -0.74888668E-004    -0.63584929E-004
     0.21057363E+000    -0.28253881E-003    -0.46931497E-003    -0.23626710E+001     0.40105192E+001    -0.30809486E-004    -0.62987777E-004
     0.21094113E+000    -0.41970680E-003    -0.62799436E-003    -0.25192318E+001     0.39686444E+001     0.82608965E-005    -0.54464847E-004
     0.21130862E+000    -0.43124899E-003    -0.94942149E-003    -0.26606840E+001     0.38848080E+001     0.43995655E-004    -0.40297317E-004
     0.21167611E+000    -0.18269570E-003    -0.13088915E-002    -0.27689093E+001     0.37719188E+001     0.77879636E-004    -0.18877934E-004
     0.21204361E+000     0.29893589E-003    -0.14924165E-002    -0.28373943E+001     0.36492369E+001     0.10775470E-003     0.13014519E-004
     0.21241110E+000     0.82179008E-003    -0.13935349E-002    -0.28697888E+001     0.35340795E+001     0.12787254E-003     0.56534606E-004
     0.21277859E+000     0.12045428E-002    -0.10888924E-002    -0.28752074E+001     0.34387811E+001     0.13113758E-003     0.10862066E-003
     0.21314609E+000     0.13952575E-002    -0.72996329E-003    -0.28652630E+001     0.33714904E+001     0.11193259E-003     0.16129383E-003
     0.21351358E+000     0.14440973E-002    -0.43400870E-003    -0.28543634E+001     0.33370316E+001     0.69621723E-004     0.20261631E-003
     0.21388107E+000     0.14515063E-002    -0.25626736E-003    -0.28607888E+001     0.33343915E+001     0.11270793E-004     0.22027576E-003
     0.21424857E+000     0.15365053E-002    -0.16855284E-003    -0.29036932E+001     0.33519402E+001    -0.48062983E-004     0.20710835E-003
     0.21461606E+000     0.17644673E-002    -0.46915557E-004    -0.29950226E+001     0.33659230E+001    -0.89745136E-004     0.16736386E-003
     0.21498355E+000     0.20725823E-002     0.25329394E-003    -0.31306264E+001     0.33462012E+001    -0.10187449E-003     0.11793818E-003
     0.21535105E+000     0.22998287E-002     0.78233048E-003    -0.32871665E+001     0.32691802E+001    -0.87718663E-004     0.79225335E-004
     0.21571854E+000     0.22935512E-002     0.14600369E-002    -0.34312841E+001     0.31308983E+001    -0.62829334E-004     0.62472651E-004
     0.21608603E+000     0.19919724E-002     0.21264767E-002    -0.35367506E+001     0.29475506E+001    -0.43761239E-004     0.64889648E-004
     0.21645353E+000     0.14457049E-002     0.26226782E-002    -0.35938415E+001     0.27427737E+001    -0.38343377E-004     0.75224038E-004
     0.21682102E+000     0.78366912E-003     0.28589538E-002    -0.36055354E+001     0.25359296E+001    -0.44960642E-004     0.83262140E-004
     0.21718851E+000     0.14657677E-003     0.28384656E-002    -0.35799825E+001     0.23390960E+001    -0.58130194E-004     0.84092639E-004
     0.21755601E+000    -0.36613414E-003     0.26299059E-002    -0.35262063E+001     0.21585438E+001    -0.72694473E-004     0.76878057E-004
     0.21792350E+000    -0.71033484E-003     0.23276933E-002    -0.34522002E+001     0.19964369E+001    -0.84862254E-004     0.62808400E-004
     0.21829099E+000    -0.89436143E-003     0.20251459E-002    -0.33639545E+001     0.18525420E+001    -0.92099603E-004     0.44167244E-004
     0.21865849E+000    -0.97150983E-003     0.17906117E-002    -0.32655308E+001     0.17258080E+001    -0.93312533E-004     0.24007138E-004
     0.21902598E+000    -0.10198716E-002     0.16464657E-002    -0.31597619E+001     0.16151845E+001    -0.89347739E-004     0.53500645E-005
     0.21939347E+000    -0.11117397E-002     0.15626860E-002    -0.30488476E+001     0.15197320E+001    -0.82614939E-004    -0.10315478E-004
     0.21976097E+000    -0.12838630E-002     0.14676839E-002    -0.29345315E+001     0.14384930E+001    -0.75272551E-004    -0.23640852E-004
     0.22012846E+000    -0.15130533E-002     0.12750760E-002    -0.28180194E+001     0.13705894E+001    -0.67876703E-004    -0.36094801E-004
     0.22049595E+000    -0.17111342E-002     0.93264020E-003    -0.27001319E+001     0.13155803E+001    -0.59899355E-004    -0.48553119E-004
     0.22086345E+000    -0.17695405E-002     0.46858014E-003    -0.25818416E+001     0.12735843E+001    -0.50635095E-004    -0.61305609E-004
     0.22123094E+000    -0.16293224E-002    -0.22761751E-004    -0.24647666E+001     0.12448951E+001    -0.39118778E-004    -0.74380272E-004
     0.22159843E+000    -0.13018566E-002    -0.44333205E-003    -0.23512344E+001     0.12293087E+001    -0.23991058E-004    -0.86991099E-004
     0.22196593E+000    -0.83584354E-003    -0.72952842E-003    -0.22438248E+001     0.12255476E+001    -0.43797415E-005    -0.97086479E-004
     0.22233342E+000    -0.28433359E-003    -0.84736454E-003    -0.21445896E+001     0.12311066E+001     0.19206268E-004    -0.10198036E-003
     0.22270091E+000     0.30230989E-003    -0.77297088E-003    -0.20542293E+001     0.12426076E+001     0.44818697E-004    -0.99205980E-004
     0.22306841E+000     0.86181505E-003    -0.48447725E-003    -0.19714630E+001     0.12567880E+001     0.69195862E-004    -0.86950928E-004
     0.22343590E+000     0.13058609E-002     0.19662285E-004    -0.18933406E+001     0.12720886E+001     0.87558520E-004    -0.64698979E-004
     0.22380339E+000     0.15341379E-002     0.69150924E-003    -0.18170341E+001     0.12895637E+001     0.93934718E-004    -0.34885438E-004
     0.22417088E+000     0.14723638E-002     0.14235942E-002    -0.17417112E+001     0.13119079E+001     0.83861337E-004    -0.44789576E-005
     0.22453838E+000     0.11144251E-002     0.20723320E-002    -0.16689236E+001     0.13415894E+001     0.58576657E-004     0.17142153E-004
     0.22490587E+000     0.53341059E-003     0.25132449E-002    -0.16017828E+001     0.13794493E+001     0.25087529E-004     0.23953947E-004
     0.22527336E+000    -0.15494741E-003     0.26801474E-002    -0.15435419E+001     0.14240737E+001    -0.90573783E-005     0.15804318E-004
     0.22564086E+000    -0.82995131E-003     0.25607362E-002    -0.14959375E+001     0.14722650E+001    -0.39512004E-004    -0.47902290E-005
     0.22600835E+000    -0.13748737E-002     0.21843341E-002    -0.14583307E+001     0.15208523E+001    -0.63785440E-004    -0.36043048E-004
     0.22637584E+000    -0.16822187E-002     0.16307415E-002    -0.14288910E+001     0.15686613E+001    -0.78935982E-004    -0.76269026E-004
     0.22674334E+000    -0.16897606E-002     0.10416742E-002    -0.14072084E+001     0.16163944E+001    -0.82092451E-004    -0.12242229E-003
     0.22711083E+000    -0.14360731E-002     0.58200333E-003    -0.13954954E+001     0.16638765E+001    -0.71507391E-004    -0.17016068E-003
     0.22747832E+000    -0.10544338E-002     0.34747328E-003    -0.13963744E+001     0.17073299E+001    -0.47337350E-004    -0.21428870E-003
     0.22784582E+000    -0.68076642E-003     0.32577033E-003    -0.14087972E+001     0.17400449E+001    -0.12418109E-004    -0.24990905E-003
     0.22821331E+000    -0.39239038E-003     0.45398049E-003    -0.14262941E+001     0.17568326E+001     0.28092166E-004    -0.27446264E-003
     0.22858080E+000    -0.22726275E-003     0.66673685E-003    -0.14401860E+001     0.17580831E+001     0.69132950E-004    -0.28903432E-003
     0.22894830E+000    -0.20067346E-003     0.88788440E-003    -0.14444836E+001     0.17489971E+001     0.10856757E-003    -0.29665961E-003
     0.22931579E+000    -0.27853748E-003     0.10324667E-002    -0.14373296E+001     0.17358108E+001     0.14662688E-003    -0.29884992E-003
     0.22968328E+000    -0.36742331E-003     0.10571800E-002    -0.14193376E+001     0.17236606E+001     0.18256287E-003    -0.29539132E-003
     0.23005078E+000    -0.36470532E-003     0.10035696E-002    -0.13922053E+001     0.17167399E+001     0.21414433E-003    -0.28730150E-003
     0.23041827E+000    -0.22805374E-003     0.98291877E-003    -0.13586447E+001     0.17187827E+001     0.24017832E-003    -0.27767131E-003
     0.23078576E+000    -0.13850511E-004     0.11140567E-002    -0.13228233E+001     0.17328971E+001     0.26194461E-003    -0.26989677E-003
     0.23115326E+000     0.13807415E-003     0.14461406E-002    -0.12906604E+001     0.17607167E+001     0.28275520E-003    -0.26588276E-003
     0.23152075E+000     0.76626899E-004     0.19085447E-002    -0.12693841E+001     0.18009994E+001     0.30673552E-003    -0.26491796E-003
     0.23188824E+000    -0.26441412E-003     0.23295560E-002    -0.12657621E+001     0.18484638E+001     0.33683278E-003    -0.26332107E-003
     0.23225574E+000    -0.81014551E-003     0.25287385E-002    -0.12834476E+001     0.18941264E+001     0.37273535E-003    -0.25576603E-003
     0.23262323E+000    -0.13834797E-002     0.24251180E-002    -0.13208964E+001     0.19275192E+001     0.41018879E-003    -0.23805219E-003
     0.23299072E+000    -0.18103829E-002     0.20665090E-002    -0.13709907E+001     0.19399498E+001     0.44271888E-003    -0.20987793E-003
     0.23335822E+000    -0.19856548E-002     0.15759383E-002    -0.14227623E+001     0.19276873E+001     0.46517362E-003    -0.17543095E-003
     0.23372571E+000    -0.18776360E-002     0.11041860E-002    -0.14652123E+001     0.18935763E+001     0.47646671E-003    -0.14090474E-003
     0.23409320E+000    -0.15332255E-002     0.80544066E-003    -0.14915187E+001     0.18453065E+001     0.47921233E-003    -0.11106811E-003
     0.23446070E+000    -0.10826367E-002     0.79464663E-003    -0.15003536E+001     0.17911444E+001     0.47726606E-003    -0.87868981E-004
     0.23482819E+000    -0.71007189E-003     0.10999525E-002    -0.14935915E+001     0.17369076E+001     0.47385953E-003    -0.71225790E-004
     0.23519568E+000    -0.60015571E-003     0.16376725E-002    -0.14736604E+001     0.16862154E+001     0.47122454E-003    -0.60257085E-004
     0.23556318E+000    -0.86750617E-003     0.22144877E-002    -0.14430982E+001     0.16417961E+001     0.47100206E-003    -0.53886705E-004
     0.23593067E+000    -0.14805314E-002     0.25868697E-002    -0.14050635E+001     0.16054961E+001     0.47461572E-003    -0.50748726E-004
     0.23629816E+000    -0.22509797E-002     0.25848990E-002    -0.13629159E+001     0.15775931E+001     0.48307556E-003    -0.48823320E-004
     0.23666566E+000    -0.29377109E-002     0.22055419E-002    -0.13190647E+001     0.15569327E+001     0.49626347E-003    -0.45601766E-004
     0.23703315E+000    -0.33803686E-002     0.15824714E-002    -0.12743573E+001     0.15420481E+001     0.51266194E-003    -0.39060282E-004
     0.23740064E+000    -0.35464089E-002     0.87415842E-003    -0.12285171E+001     0.15323078E+001     0.53005418E-003    -0.28459916E-004
     0.23776814E+000    -0.34770834E-002     0.17751866E-003    -0.11811844E+001     0.15284231E+001     0.54642181E-003    -0.14363484E-004
     0.23813563E+000    -0.32026816E-002    -0.47115177E-003    -0.11331323E+001     0.15321604E+001     0.56059565E-003     0.17654820E-005
     0.23850312E+000    -0.27134843E-002    -0.10290394E-002    -0.10870795E+001     0.15450376E+001     0.57259861E-003     0.18340156E-004
     0.23887062E+000    -0.20119517E-002    -0.13999179E-002    -0.10470752E+001     0.15665749E+001     0.58319912E-003     0.34496496E-004
     0.23923811E+000    -0.11797182E-002    -0.14685946E-002    -0.10165409E+001     0.15937094E+001     0.59297696E-003     0.50060209E-004
     0.23960560E+000    -0.37746732E-003    -0.11837214E-002    -0.99667262E+000     0.16220451E+001     0.60212239E-003     0.64730352E-004
     0.23997309E+000     0.22831469E-003    -0.60378281E-003    -0.98657447E+000     0.16476187E+001     0.61118536E-003     0.77746797E-004
     0.24034059E+000     0.54241815E-003     0.13362615E-003    -0.98439573E+000     0.16674194E+001     0.62165059E-003     0.88597298E-004
     0.24070808E+000     0.56473212E-003     0.88130599E-003    -0.98765524E+000     0.16788988E+001     0.63549125E-003     0.97932470E-004
     0.24107557E+000     0.36272239E-003     0.15399771E-002    -0.99271598E+000     0.16801569E+001     0.65412396E-003     0.10768275E-003
     0.24144307E+000     0.16406291E-004     0.20786021E-002    -0.99493174E+000     0.16710212E+001     0.67772193E-003     0.12034570E-003
     0.24181056E+000    -0.42931591E-003     0.25056506E-002    -0.98996301E+000     0.16536869E+001     0.70530450E-003     0.13814507E-003
     0.24217805E+000    -0.96232579E-003     0.28190318E-002    -0.97524777E+000     0.16320039E+001     0.73524680E-003     0.16271660E-003
     0.24254555E+000    -0.15632783E-002     0.29954474E-002    -0.95033688E+000     0.16099189E+001     0.76542548E-003     0.19521434E-003
     0.24291304E+000    -0.21940759E-002     0.30197079E-002    -0.91600102E+000     0.15904838E+001     0.79310643E-003     0.23586674E-003
     0.24328053E+000    -0.28193700E-002     0.28911267E-002    -0.87332418E+000     0.15759939E+001     0.81595321E-003     0.28337112E-003
     0.24364803E+000    -0.34047316E-002     0.26056864E-002    -0.82350744E+000     0.15684445E+001     0.83334289E-003     0.33617827E-003
     0.24401552E+000    -0.38945333E-002     0.21668436E-002    -0.76797578E+000     0.15697445E+001     0.84505428E-003     0.39457475E-003
     0.24438301E+000    -0.42257934E-002     0.16211783E-002    -0.70859967E+000     0.15818467E+001     0.84825075E-003     0.45961230E-003
     0.24475051E+000    -0.43795626E-002     0.10551132E-002    -0.64815198E+000     0.16065793E+001     0.83773578E-003     0.52901349E-003
     0.24511800E+000    -0.44015915E-002     0.53720821E-003    -0.59051540E+000     0.16449214E+001     0.81072822E-003     0.59584757E-003
     0.24548549E+000    -0.43547782E-002     0.70431692E-004    -0.54017940E+000     0.16962306E+001     0.77003908E-003     0.65290833E-003
     0.24585299E+000    -0.42535772E-002    -0.38574333E-003    -0.50132701E+000     0.17580253E+001     0.72117312E-003     0.69702872E-003
     0.24622048E+000    -0.40509124E-002    -0.84807279E-003    -0.47710486E+000     0.18262933E+001     0.66810815E-003     0.72788449E-003
     0.24658797E+000    -0.36878929E-002    -0.12578325E-002    -0.46920189E+000     0.18958277E+001     0.61339113E-003     0.74455595E-003
     0.24695547E+000    -0.31786814E-002    -0.14916301E-002    -0.47720553E+000     0.19604503E+001     0.56100699E-003     0.74495864E-003
     0.24732296E+000    -0.26564655E-002    -0.14598141E-002    -0.49750100E+000     0.20139475E+001     0.51801552E-003     0.72834501E-003
     0.24769045E+000    -0.22948057E-002    -0.12104941E-002    -0.52291976E+000     0.20524059E+001     0.49328223E-003     0.69850380E-003
     0.24805795E+000    -0.21707038E-002    -0.90376904E-003    -0.54464107E+000     0.20767292E+001     0.49360605E-003     0.66524140E-003
     0.24842544E+000    -0.22261027E-002    -0.68635114E-003    -0.55584562E+000     0.20930820E+001     0.51920720E-003     0.64237586E-003
     0.24879293E+000    -0.23409335E-002    -0.61056352E-003    -0.55479063E+000     0.21104418E+001     0.56154562E-003     0.64252852E-003
     0.24916043E+000    -0.24129562E-002    -0.64115639E-003    -0.54521988E+000     0.21367248E+001     0.60532699E-003     0.67116401E-003
     0.24952792E+000    -0.23976144E-002    -0.69491262E-003    -0.53413580E+000     0.21760767E+001     0.63454097E-003     0.72299251E-003
     0.24989541E+000    -0.23214743E-002    -0.68868492E-003    -0.52906889E+000     0.22285140E+001     0.64011569E-003     0.78351263E-003
     0.25026291E+000    -0.22588446E-002    -0.58945625E-003    -0.53639164E+000     0.22907498E+001     0.62466141E-003     0.83577463E-003
     0.25063040E+000    -0.22757250E-002    -0.42552676E-003    -0.56029598E+000     0.23571438E+001     0.60149719E-003     0.86856382E-003
     0.25099789E+000    -0.23968785E-002    -0.24806319E-003    -0.60221274E+000     0.24209185E+001     0.58885131E-003     0.88229259E-003
     0.25136539E+000    -0.26230705E-002    -0.96969875E-004    -0.66092845E+000     0.24751473E+001     0.60095844E-003     0.89026514E-003
     0.25173288E+000    -0.29558141E-002    -0.95856580E-005    -0.73235688E+000     0.25131786E+001     0.63968260E-003     0.91295463E-003
     0.25210037E+000    -0.33846534E-002    -0.42253168E-004    -0.80865467E+000     0.25301999E+001     0.69296497E-003     0.96715956E-003
     0.25246787E+000    -0.38548877E-002    -0.25571780E-003    -0.87926894E+000     0.25264953E+001     0.74236017E-003     0.10579537E-002
     0.25283536E+000    -0.42678117E-002    -0.66735786E-003    -0.93537978E+000     0.25090823E+001     0.77312781E-003     0.11803201E-002
     0.25320285E+000    -0.45309918E-002    -0.12220447E-002    -0.97452693E+000     0.24888215E+001     0.77659023E-003     0.13272319E-002
     0.25357035E+000    -0.46150114E-002    -0.18221111E-002    -0.10012776E+001     0.24749040E+001     0.74452007E-003     0.14923401E-002
     0.25393784E+000    -0.45592750E-002    -0.23918040E-002    -0.10237158E+001     0.24710359E+001     0.66751921E-003     0.16643511E-002
     0.25430533E+000    -0.44246560E-002    -0.29160814E-002    -0.10488625E+001     0.24755182E+001     0.54248005E-003     0.18243777E-002
     0.25467283E+000    -0.42395621E-002    -0.34248606E-002    -0.10801640E+001     0.24842446E+001     0.37920570E-003     0.19538096E-002
     0.25504032E+000    -0.39857879E-002    -0.39452589E-002    -0.11182181E+001     0.24938322E+001     0.19573214E-003     0.20451877E-002
     0.25540781E+000    -0.36256539E-002    -0.44714076E-002    -0.11631500E+001     0.25023050E+001     0.62326337E-005     0.21030478E-002
     0.25577530E+000    -0.31303608E-002    -0.49684637E-002    -0.12156144E+001     0.25075737E+001    -0.18434579E-003     0.21343286E-002
     0.25614280E+000    -0.24894063E-002    -0.53858618E-002    -0.12756495E+001     0.25064575E+001    -0.37468472E-003     0.21415554E-002
     0.25651029E+000    -0.17134937E-002    -0.56638500E-002    -0.13415319E+001     0.24955926E+001    -0.56109781E-003     0.21255280E-002
     0.25687778E+000    -0.84188943E-003    -0.57395947E-002    -0.14101818E+001     0.24726783E+001    -0.73891985E-003     0.20903908E-002
     0.25724528E+000     0.49580320E-004    -0.55631173E-002    -0.14779937E+001     0.24365782E+001    -0.90753935E-003     0.20432920E-002
     0.25761277E+000     0.85349368E-003    -0.51240548E-002    -0.15408386E+001     0.23872233E+001    -0.10719919E-002     0.19895050E-002
     0.25798026E+000     0.14600815E-002    -0.44736427E-002    -0.15942422E+001     0.23263644E+001    -0.12398860E-002     0.19286807E-002
     0.25834776E+000     0.18004683E-002    -0.37181040E-002    -0.16347645E+001     0.22580094E+001    -0.14171870E-002     0.18544447E-002
     0.25871525E+000     0.18731933E-002    -0.29800090E-002    -0.16613973E+001     0.21873632E+001    -0.16046323E-002     0.17562988E-002
     0.25908274E+000     0.17341824E-002    -0.23539159E-002    -0.16756657E+001     0.21191730E+001    -0.17957193E-002     0.16238018E-002
     0.25945024E+000     0.14618371E-002    -0.18864410E-002    -0.16808690E+001     0.20566315E+001    -0.19785450E-002     0.14513257E-002
     0.25981773E+000     0.11266980E-002    -0.15870622E-002    -0.16810735E+001     0.20007284E+001    -0.21402441E-002     0.12393117E-002
     0.26018522E+000     0.78579727E-003    -0.14497983E-002    -0.16796431E+001     0.19501337E+001    -0.22692931E-002     0.99239058E-003
     0.26055272E+000     0.49422307E-003    -0.14590859E-002    -0.16778561E+001     0.19023661E+001    -0.23556638E-002     0.71882122E-003
     0.26092021E+000     0.30627316E-003    -0.15768165E-002    -0.16750289E+001     0.18557325E+001    -0.23928688E-002     0.43079931E-003
     0.26128770E+000     0.25513916E-003    -0.17360788E-002    -0.16701353E+001     0.18102117E+001    -0.23805957E-002     0.14145018E-003
     0.26165520E+000     0.33208199E-003    -0.18592947E-002    -0.16631785E+001     0.17666367E+001    -0.23230674E-002    -0.13977017E-003
     0.26202269E+000     0.48720143E-003    -0.18876227E-002    -0.16552127E+001     0.17253508E+001    -0.22243060E-002    -0.40785999E-003
     0.26239018E+000     0.64853602E-003    -0.18002610E-002    -0.16473579E+001     0.16855087E+001    -0.20853390E-002    -0.65907607E-003
     0.26275768E+000     0.74530474E-003    -0.16195793E-002    -0.16396476E+001     0.16454712E+001    -0.19048322E-002    -0.88716003E-003
     0.26312517E+000     0.73140460E-003    -0.14063255E-002    -0.16306646E+001     0.16040825E+001    -0.16823832E-002    -0.10807127E-002
     0.26349266E+000     0.60807628E-003    -0.12405512E-002    -0.16184969E+001     0.15617645E+001    -0.14243135E-002    -0.12237323E-002
     0.26386016E+000     0.43091851E-003    -0.11845420E-002    -0.16022308E+001     0.15202661E+001    -0.11481691E-002    -0.13024947E-002
     0.26422765E+000     0.28400369E-003    -0.12466036E-002    -0.15824846E+001     0.14812947E+001    -0.87860081E-003    -0.13151637E-002
     0.26459514E+000     0.23257071E-003    -0.13768732E-002    -0.15605948E+001     0.14454838E+001    -0.63591732E-003    -0.12734162E-002
     0.26496264E+000     0.29001626E-003    -0.14997362E-002    -0.15375508E+001     0.14125327E+001    -0.42928289E-003    -0.11936979E-002
     0.26533013E+000     0.41971733E-003    -0.15561895E-002    -0.15136521E+001     0.13819269E+001    -0.26061383E-003    -0.10888916E-002
     0.26569762E+000     0.56343630E-003    -0.15286488E-002    -0.14887433E+001     0.13534183E+001    -0.13116070E-003    -0.96892926E-003
     0.26606512E+000     0.67409157E-003    -0.14385687E-002    -0.14625052E+001     0.13271729E+001    -0.41344700E-004    -0.84538840E-003
     0.26643261E+000     0.73494486E-003    -0.13253457E-002    -0.14346995E+001     0.13038553E+001     0.13716074E-004    -0.73091336E-003
     0.26680010E+000     0.75926785E-003    -0.12202914E-002    -0.14055712E+001     0.12846427E+001     0.44687809E-004    -0.63396724E-003
     0.26716760E+000     0.77148162E-003    -0.11298022E-002    -0.13763369E+001     0.12708422E+001     0.63454172E-004    -0.55601551E-003
     0.26753509E+000     0.78347753E-003    -0.10410951E-002    -0.13492658E+001     0.12630846E+001     0.78995309E-004    -0.49334785E-003
     0.26790258E+000     0.78956736E-003    -0.94337926E-003    -0.13270824E+001     0.12606087E+001     0.96334356E-004    -0.43994715E-003
     0.26827008E+000     0.78099758E-003    -0.83739645E-003    -0.13119861E+001     0.12611366E+001     0.11662790E-003    -0.38925428E-003
     0.26863757E+000     0.75444579E-003    -0.72653721E-003    -0.13048076E+001     0.12614140E+001     0.13721003E-003    -0.33592932E-003
     0.26900506E+000     0.70513128E-003    -0.61136609E-003    -0.13046718E+001     0.12581494E+001     0.15281901E-003    -0.27813042E-003
     0.26937256E+000     0.62239568E-003    -0.49740095E-003    -0.13092877E+001     0.12489703E+001     0.15874671E-003    -0.21858098E-003
     0.26974005E+000     0.49781202E-003    -0.40224815E-003    -0.13157772E+001     0.12329977E+001     0.15416450E-003    -0.16264071E-003
     0.27010754E+000     0.33667872E-003    -0.35130216E-003    -0.13216579E+001     0.12107135E+001     0.14265186E-003    -0.11415469E-003
     0.27047503E+000     0.16171673E-003    -0.36526921E-003    -0.13253595E+001     0.11832192E+001     0.12891642E-003    -0.72572597E-004
     0.27084253E+000     0.64405926E-005    -0.44927326E-003    -0.13260049E+001     0.11515400E+001     0.11459882E-003    -0.34245226E-004
     0.27121002E+000    -0.95556730E-004    -0.58933935E-003    -0.13229120E+001     0.11164900E+001     0.97286946E-004     0.34054404E-005
     0.27157751E+000    -0.12070949E-003    -0.75382661E-003    -0.13153728E+001     0.10789262E+001     0.73446384E-004     0.39025049E-004
     0.27194501E+000    -0.66184756E-004    -0.89994400E-003    -0.13027574E+001     0.10399736E+001     0.42188255E-004     0.68190211E-004
     0.27231250E+000     0.44233846E-004    -0.98959443E-003    -0.12847579E+001     0.10010766E+001     0.66378737E-005     0.86745549E-004
     0.27267999E+000     0.16927698E-003    -0.10071929E-002    -0.12616600E+001     0.96383685E+000    -0.27700827E-004     0.93676693E-004
     0.27304749E+000     0.26997633E-003    -0.96424609E-003    -0.12344493E+001     0.92961704E+000    -0.55838420E-004     0.91717143E-004
     0.27341498E+000     0.32440936E-003    -0.88902058E-003    -0.12045685E+001     0.89913197E+000    -0.75488697E-004     0.85964335E-004
     0.27378247E+000     0.33062897E-003    -0.81232871E-003    -0.11734440E+001     0.87232885E+000    -0.87787424E-004     0.81722843E-004
     0.27414997E+000     0.30178293E-003    -0.75729188E-003    -0.11420853E+001     0.84860675E+000    -0.96710237E-004     0.82525439E-004
     0.27451746E+000     0.25832224E-003    -0.73441989E-003    -0.11109426E+001     0.82720116E+000    -0.10757506E-003     0.88794147E-004
     0.27488495E+000     0.21993887E-003    -0.74139617E-003    -0.10800421E+001     0.80751695E+000    -0.12492136E-003     0.97514460E-004
     0.27525245E+000     0.19905878E-003    -0.76704617E-003    -0.10492599E+001     0.78923731E+000    -0.15045968E-003     0.10340522E-003
     0.27561994E+000     0.19832715E-003    -0.79843726E-003    -0.10185039E+001     0.77221674E+000    -0.18235802E-003     0.10127289E-003
     0.27598743E+000     0.21400207E-003    -0.82726159E-003    -0.98771066E+000     0.75636713E+000    -0.21636480E-003     0.88035430E-004
     0.27635493E+000     0.24231058E-003    -0.85060323E-003    -0.95680805E+000     0.74166882E+000    -0.24766038E-003     0.63237799E-004
     0.27672242E+000     0.28257322E-003    -0.86657594E-003    -0.92577585E+000     0.72820755E+000    -0.27211403E-003     0.28438030E-004
     0.27708991E+000     0.33483429E-003    -0.87017917E-003    -0.89474158E+000     0.71610850E+000    -0.28674479E-003    -0.13572647E-004
     0.27745741E+000     0.39482591E-003    -0.85371929E-003    -0.86398059E+000     0.70539361E+000    -0.28983115E-003    -0.59324217E-004
     0.27782490E+000     0.45155641E-003    -0.81242848E-003    -0.83379548E+000     0.69588591E+000    -0.28096265E-003    -0.10509589E-003
     0.27819239E+000     0.49182201E-003    -0.75038726E-003    -0.80436692E+000     0.68723777E+000    -0.26102444E-003    -0.14737919E-003
     0.27855989E+000     0.50850152E-003    -0.67942581E-003    -0.77567721E+000     0.67904609E+000    -0.23197632E-003    -0.18332500E-003
     0.27892738E+000     0.50381688E-003    -0.61132414E-003    -0.74752535E+000     0.67097187E+000    -0.19653449E-003    -0.21100571E-003
     0.27929487E+000     0.48474234E-003    -0.55160215E-003    -0.71960387E+000     0.66281600E+000    -0.15789493E-003    -0.22969122E-003
     0.27966237E+000     0.45659702E-003    -0.50009230E-003    -0.69159675E+000     0.65452162E+000    -0.11909055E-003    -0.24019592E-003
     0.28002986E+000     0.42076321E-003    -0.45532564E-003    -0.66322704E+000     0.64610905E+000    -0.81910888E-004    -0.24456350E-003
     0.28039735E+000     0.37634072E-003    -0.41774963E-003    -0.63421884E+000     0.63763082E+000    -0.46407585E-004    -0.24477939E-003
     0.28076485E+000     0.32271053E-003    -0.39028103E-003    -0.60425472E+000     0.62921504E+000    -0.11721739E-004    -0.24158438E-003
     0.28113234E+000     0.26110660E-003    -0.37729761E-003    -0.57301657E+000     0.62113991E+000     0.22558368E-004    -0.23454755E-003
     0.28149983E+000     0.19517262E-003    -0.38356762E-003    -0.54028925E+000     0.61384821E+000     0.55887016E-004    -0.22312029E-003
     0.28186733E+000     0.13162824E-003    -0.41333379E-003    -0.50605588E+000     0.60788184E+000     0.87343140E-004    -0.20735174E-003
     0.28223482E+000     0.81055514E-004    -0.46811454E-003    -0.47053730E+000     0.60376355E+000     0.11625436E-003    -0.18767278E-003
     0.28260231E+000     0.56358672E-004    -0.54294709E-003    -0.43415063E+000     0.60187098E+000     0.14214192E-003    -0.16444872E-003
     0.28296981E+000     0.67311325E-004    -0.62450273E-003    -0.39739790E+000     0.60235999E+000     0.16435252E-003    -0.13800481E-003
     0.28333730E+000     0.11459390E-003    -0.69476107E-003    -0.36073442E+000     0.60517053E+000     0.18201150E-003    -0.10905804E-003
     0.28370479E+000     0.18885547E-003    -0.73834818E-003    -0.32447191E+000     0.61010562E+000     0.19452550E-003    -0.79019802E-004
     0.28407229E+000     0.27538162E-003    -0.74751620E-003    -0.28875056E+000     0.61694528E+000     0.20227988E-003    -0.49645474E-004
     0.28443978E+000     0.35950282E-003    -0.72191899E-003    -0.25358463E+000     0.62554423E+000     0.20678253E-003    -0.22064279E-004
     0.28480727E+000     0.42881043E-003    -0.66602427E-003    -0.21894759E+000     0.63587114E+000     0.20984703E-003     0.40383291E-005
     0.28517477E+000     0.47330365E-003    -0.58796572E-003    -0.18484472E+000     0.64799002E+000     0.21232511E-003     0.30261672E-004
     0.28554226E+000     0.48668747E-003    -0.49954187E-003    -0.15134987E+000     0.66201949E+000     0.21339662E-003     0.58375149E-004
     0.28590975E+000     0.46890609E-003    -0.41440922E-003    -0.11861956E+000     0.67809684E+000     0.21089255E-003     0.89073880E-004
     0.28627724E+000     0.42686642E-003    -0.34354959E-003    -0.86904413E-001     0.69634528E+000     0.20230180E-003     0.12131268E-003
     0.28664474E+000     0.37068322E-003    -0.29078187E-003    -0.56558650E-001     0.71682576E+000     0.18592323E-003     0.15236397E-003
     0.28701223E+000     0.30669901E-003    -0.25315839E-003    -0.28021871E-001     0.73946327E+000     0.16181829E-003     0.17851445E-003
     0.28737972E+000     0.23353978E-003    -0.22804100E-003    -0.17389724E-002     0.76397371E+000     0.13223460E-003     0.19627415E-003
     0.28774722E+000     0.14697355E-003    -0.22110958E-003     0.21981397E-001     0.78984782E+000     0.10116442E-003     0.20368945E-003
     0.28811471E+000     0.50850048E-004    -0.24595909E-003     0.43122613E-001     0.81643797E+000     0.73151045E-004     0.20106270E-003
     0.28848220E+000    -0.36845801E-004    -0.31285190E-003     0.62055402E-001     0.84315512E+000     0.52061014E-004     0.19077591E-003
     0.28884970E+000    -0.91143241E-004    -0.41607003E-003     0.79494524E-001     0.86973035E+000     0.40325603E-004     0.17667508E-003
     0.28921719E+000    -0.95836761E-004    -0.53271618E-003     0.96275467E-001     0.89643558E+000     0.38450733E-004     0.16337895E-003
     0.28958468E+000    -0.53736916E-004    -0.63527005E-003     0.11300090E+000     0.92413398E+000     0.44729500E-004     0.15531723E-003
     0.28995218E+000     0.17458202E-004    -0.70654563E-003     0.12970320E+000     0.95409749E+000     0.55572578E-004     0.15558266E-003
     0.29031967E+000     0.97981183E-004    -0.74435519E-003     0.14567474E+000     0.98766256E+000     0.66509473E-004     0.16520717E-003
     0.29068716E+000     0.17484517E-003    -0.75541799E-003     0.15950642E+000     0.10258777E+001     0.73305912E-004     0.18319695E-003
     0.29105466E+000     0.24202811E-003    -0.74812767E-003     0.16925357E+000     0.10692508E+001     0.72699107E-004     0.20706403E-003
     0.29142215E+000     0.29767966E-003    -0.73016333E-003     0.17262410E+000     0.11175936E+001     0.62703984E-004     0.23343761E-003
     0.29178964E+000     0.34337266E-003    -0.70810147E-003     0.16715364E+000     0.11698863E+001     0.42684808E-004     0.25858598E-003
     0.29215714E+000     0.38364763E-003    -0.68560513E-003     0.15043275E+000     0.12240991E+001     0.13273339E-004     0.27888090E-003
     0.29252463E+000     0.42337578E-003    -0.66196242E-003     0.12051367E+000     0.12770105E+001    -0.23910851E-004     0.29110869E-003
     0.29289212E+000     0.46477608E-003    -0.63338996E-003     0.76578680E-001     0.13242140E+001    -0.66496401E-004     0.29240598E-003
     0.29325962E+000     0.50677142E-003    -0.59570942E-003     0.19737761E-001     0.13606104E+001    -0.11103524E-003     0.28011424E-003
     0.29362711E+000     0.54602657E-003    -0.54568096E-003    -0.46495807E-001     0.13815319E+001    -0.15230563E-003     0.25244254E-003
     0.29399460E+000     0.57715106E-003    -0.48110549E-003    -0.11660197E+000     0.13841537E+001    -0.18346510E-003     0.21010288E-003
     0.29436210E+000     0.59189248E-003    -0.40223609E-003    -0.18439634E+000     0.13683804E+001    -0.19780528E-003     0.15765620E-003
     0.29472959E+000     0.58035718E-003    -0.31522205E-003    -0.24460811E+000     0.13366039E+001    -0.19134446E-003     0.10327184E-003
     0.29509708E+000     0.53638933E-003    -0.23403770E-003    -0.29377415E+000     0.12926021E+001    -0.16492446E-003     0.56682466E-004
     0.29546458E+000     0.46401483E-003    -0.17659449E-003    -0.33020203E+000     0.12404205E+001    -0.12461277E-003     0.25894809E-004
     0.29583207E+000     0.37877457E-003    -0.15604138E-003    -0.35347579E+000     0.11837782E+001    -0.79604418E-004     0.14182683E-004
     0.29619956E+000     0.30165867E-003    -0.17359481E-003    -0.36402234E+000     0.11259241E+001    -0.38511228E-004     0.19423139E-004
     0.29656706E+000     0.24978535E-003    -0.21817135E-003    -0.36288579E+000     0.10696338E+001    -0.65223749E-005     0.36163825E-004
     0.29693455E+000     0.23013641E-003    -0.27245688E-003    -0.35160915E+000     0.10171746E+001     0.15022931E-004     0.58551730E-004
     0.29730204E+000     0.23951184E-003    -0.32056964E-003    -0.33211063E+000     0.97022782E+000     0.27320711E-004     0.82185717E-004
     0.29766954E+000     0.26889296E-003    -0.35251129E-003    -0.30651324E+000     0.92982367E+000     0.32545491E-004     0.10451133E-003
     0.29803703E+000     0.30799880E-003    -0.36436252E-003    -0.27694185E+000     0.89633285E+000     0.32857478E-004     0.12442692E-003
     0.29840452E+000     0.34758727E-003    -0.35662152E-003    -0.24532450E+000     0.86953372E+000     0.29978558E-004     0.14173173E-003
     0.29877202E+000     0.38027918E-003    -0.33306072E-003    -0.21323389E+000     0.84874649E+000     0.25117781E-004     0.15666797E-003
     0.29913951E+000     0.40165223E-003    -0.30000392E-003    -0.18179345E+000     0.83301206E+000     0.19087602E-004     0.16964054E-003
     0.29950700E+000     0.41153945E-003    -0.26455053E-003    -0.15166221E+000     0.82128682E+000     0.12444907E-004     0.18115153E-003
     0.29987450E+000     0.41383186E-003    -0.23165337E-003    -0.12310199E+000     0.81261779E+000     0.54839573E-005     0.19184312E-003
     0.30024199E+000     0.41399028E-003    -0.20191128E-003    -0.96112367E-001     0.80625733E+000    -0.19057737E-005     0.20242676E-003
     0.30060948E+000     0.41561672E-003    -0.17179046E-003    -0.70591437E-001     0.80168456E+000    -0.10297671E-004     0.21342923E-003
     0.30097698E+000     0.41820586E-003    -0.13612399E-003    -0.46458745E-001     0.79853342E+000    -0.20567065E-004     0.22493818E-003
     0.30134447E+000     0.41717797E-003    -0.91330486E-004    -0.23687392E-001     0.79647593E+000    -0.33629109E-004     0.23651525E-003
     0.30171196E+000     0.40592384E-003    -0.37737482E-004    -0.22430693E-002     0.79513710E+000    -0.50226609E-004     0.24722132E-003
     0.30207945E+000     0.37879743E-003     0.19949988E-004     0.18016042E-001     0.79409425E+000    -0.70724249E-004     0.25564746E-003
     0.30244695E+000     0.33369177E-003     0.74191091E-004     0.37408389E-001     0.79295833E+000    -0.94809875E-004     0.26003959E-003
     0.30281444E+000     0.27298351E-003     0.11740695E-003     0.56423440E-001     0.79149293E+000    -0.12122494E-003     0.25869197E-003
     0.30318193E+000     0.20247079E-003     0.14459603E-003     0.75634788E-001     0.78971598E+000    -0.14781513E-003     0.25055090E-003
     0.30354943E+000     0.12906910E-003     0.15454955E-003     0.95555769E-001     0.78793613E+000    -0.17201720E-003     0.23569523E-003
     0.30391692E+000     0.58500060E-004     0.14940480E-003     0.11648775E+000     0.78669566E+000    -0.19156206E-003     0.21538949E-003
     0.30428441E+000    -0.61046067E-005     0.13303963E-003     0.13842438E+000     0.78662935E+000    -0.20502504E-003     0.19169722E-003
     0.30465191E+000    -0.64274172E-004     0.10914948E-003     0.16105653E+000     0.78829333E+000    -0.21199731E-003     0.16691246E-003
     0.30501940E+000    -0.11715109E-003     0.79904899E-004     0.18387304E+000     0.79203690E+000    -0.21292859E-003     0.14310378E-003
     0.30538689E+000    -0.16606610E-003     0.45632332E-004     0.20630084E+000     0.79796513E+000    -0.20884694E-003     0.12188732E-003
     0.30575439E+000    -0.21137166E-003     0.53173868E-005     0.22781674E+000     0.80598312E+000    -0.20111683E-003     0.10437257E-003
     0.30612188E+000    -0.25177177E-003    -0.42356435E-004     0.24799714E+000     0.81587429E+000    -0.19128635E-003     0.91172600E-004
     0.30648937E+000    -0.28445017E-003    -0.97660581E-004     0.26651472E+000     0.82736832E+000    -0.18099099E-003     0.82391975E-004
     0.30685687E+000    -0.30622631E-003    -0.15887188E-003     0.28310496E+000     0.84017915E+000    -0.17183024E-003     0.77568133E-004
     0.30722436E+000    -0.31506213E-003    -0.22255315E-003     0.29752310E+000     0.85400361E+000    -0.16514352E-003     0.75634156E-004
     0.30759185E+000    -0.31068123E-003    -0.28478889E-003     0.30952178E+000     0.86847592E+000    -0.16171125E-003     0.75028838E-004
     0.30795935E+000    -0.29406342E-003    -0.34208019E-003     0.31888991E+000     0.88310330E+000    -0.16153255E-003     0.74014217E-004
     0.30832684E+000    -0.26691344E-003    -0.39127168E-003     0.32556113E+000     0.89724927E+000    -0.16383837E-003     0.71094362E-004
     0.30869433E+000    -0.23195918E-003    -0.42934428E-003     0.32972870E+000     0.91022353E+000    -0.16734758E-003     0.65333644E-004
     0.30906183E+000    -0.19349639E-003    -0.45410115E-003     0.33186418E+000     0.92145682E+000    -0.17061651E-003     0.56451107E-004
     0.30942932E+000    -0.15697245E-003    -0.46547630E-003     0.33259389E+000     0.93064995E+000    -0.17231482E-003     0.44726852E-004
     0.30979681E+000    -0.12741669E-003    -0.46616769E-003     0.33250293E+000     0.93778864E+000    -0.17136704E-003     0.30843892E-004
     0.31016431E+000    -0.10784179E-003    -0.46086204E-003     0.33199682E+000     0.94301872E+000    -0.16700111E-003     0.15753960E-004
     0.31053180E+000    -0.98735555E-004    -0.45469553E-003     0.33129777E+000     0.94647746E+000    -0.15876110E-003     0.58774557E-006
     0.31089929E+000    -0.98600381E-004    -0.45211175E-003     0.33055253E+000     0.94818803E+000    -0.14652675E-003    -0.13397284E-004
     0.31126679E+000    -0.10464421E-003    -0.45652786E-003     0.32997080E+000     0.94806462E+000    -0.13057829E-003    -0.24870702E-004
     0.31163428E+000    -0.11302197E-003    -0.47026032E-003     0.32991678E+000     0.94601049E+000    -0.11168659E-003    -0.32563017E-004
     0.31200177E+000    -0.11892377E-003    -0.49407215E-003     0.33091151E+000     0.94205558E+000    -0.91121416E-004    -0.35500311E-004
     0.31236927E+000    -0.11719579E-003    -0.52644686E-003     0.33354164E+000     0.93647255E+000    -0.70500379E-004    -0.33238964E-004
     0.31273676E+000    -0.10367077E-003    -0.56333170E-003     0.33830280E+000     0.92981675E+000    -0.51524255E-004    -0.25985878E-004
     0.31310425E+000    -0.76573503E-004    -0.59892827E-003     0.34543767E+000     0.92285940E+000    -0.35690669E-004    -0.14576744E-004
     0.31347175E+000    -0.37098347E-004    -0.62729147E-003     0.35484066E+000     0.91643042E+000    -0.24047020E-004    -0.32570045E-006
     0.31383924E+000     0.11161357E-004    -0.64383190E-003     0.36607180E+000     0.91123532E+000    -0.17046982E-004     0.15230259E-004
     0.31420673E+000     0.63389651E-004    -0.64598088E-003     0.37846506E+000     0.90771865E+000    -0.14565195E-004     0.30610181E-004
     0.31457423E+000     0.11451813E-003    -0.63305476E-003     0.39127710E+000     0.90601121E+000    -0.16035994E-004     0.44583052E-004
     0.31494172E+000     0.15965877E-003    -0.60590501E-003     0.40382248E+000     0.90595280E+000    -0.20614077E-004     0.56246582E-004
     0.31530921E+000     0.19428149E-003    -0.56681103E-003     0.41557002E+000     0.90715890E+000    -0.27295291E-004     0.65049587E-004
     0.31567671E+000     0.21456920E-003    -0.51956626E-003     0.42620053E+000     0.90910592E+000    -0.35022773E-004     0.70817364E-004
     0.31604420E+000     0.21807057E-003    -0.46939287E-003     0.43562988E+000     0.91122479E+000    -0.42837995E-004     0.73762277E-004
     0.31641169E+000     0.20440868E-003    -0.42240905E-003     0.44399527E+000     0.91299289E+000    -0.50070157E-004     0.74393170E-004
     0.31677918E+000     0.17568421E-003    -0.38466461E-003     0.45160853E+000     0.91400836E+000    -0.56446815E-004     0.73277820E-004
     0.31714668E+000     0.13632905E-003    -0.36100387E-003     0.45888932E+000     0.91403720E+000    -0.61989705E-004     0.70758096E-004
     0.31751417E+000     0.92388124E-004    -0.35410398E-003     0.46628898E+000     0.91303103E+000    -0.66698121E-004     0.66829260E-004
     0.31788166E+000     0.50414298E-004    -0.36396603E-003     0.47421528E+000     0.91111209E+000    -0.70225520E-004     0.61334046E-004
     0.31824916E+000     0.16252566E-004    -0.38796909E-003     0.48297599E+000     0.90852640E+000    -0.71835482E-004     0.54383483E-004
     0.31861665E+000    -0.60398048E-005    -0.42147801E-003     0.49275770E+000     0.90558374E+000    -0.70746139E-004     0.46681402E-004
     0.31898414E+000    -0.14867352E-004    -0.45894772E-003     0.50363427E+000     0.90261078E+000    -0.66641492E-004     0.39452424E-004
     0.31935164E+000    -0.11031449E-004    -0.49524650E-003     0.51558097E+000     0.89992522E+000    -0.59960922E-004     0.33986441E-004
     0.31971913E+000     0.31115318E-005    -0.52657543E-003     0.52848057E+000     0.89781544E+000    -0.51758779E-004     0.31122155E-004
     0.32008662E+000     0.24661800E-004    -0.55050871E-003     0.54213169E+000     0.89651058E+000    -0.43265603E-004     0.31002258E-004
     0.32045412E+000     0.50568774E-004    -0.56547492E-003     0.55627694E+000     0.89614895E+000    -0.35453209E-004     0.33183434E-004
     0.32082161E+000     0.77334345E-004    -0.57055759E-003     0.57064847E+000     0.89676650E+000    -0.28812665E-004     0.36951491E-004
     0.32118910E+000     0.10080646E-003    -0.56605663E-003     0.58500865E+000     0.89831308E+000    -0.23367097E-004     0.41647307E-004
     0.32155660E+000     0.11681656E-003    -0.55427848E-003     0.59916904E+000     0.90068022E+000    -0.18838678E-004     0.46893965E-004
     0.32192409E+000     0.12252759E-003    -0.53960755E-003     0.61299437E+000     0.90372115E+000    -0.14889058E-004     0.52693283E-004
     0.32229158E+000     0.11759131E-003    -0.52749598E-003     0.62640810E+000     0.90726244E+000    -0.11372942E-004     0.59381680E-004
     0.32265908E+000     0.10434926E-003    -0.52291902E-003     0.63940365E+000     0.91112047E+000    -0.85348868E-005     0.67445055E-004
     0.32302657E+000     0.87092573E-004    -0.52914689E-003     0.65205036E+000     0.91512946E+000    -0.70686955E-005     0.77236837E-004
     0.32339406E+000     0.70958375E-004    -0.54723819E-003     0.66448447E+000     0.91917441E+000    -0.79990282E-005     0.88698609E-004
     0.32376156E+000     0.60957801E-004    -0.57609055E-003     0.67688472E+000     0.92321922E+000    -0.12421097E-004     0.10118511E-003
     0.32412905E+000     0.61227478E-004    -0.61274223E-003     0.68943500E+000     0.92732449E+000    -0.21177692E-004     0.11344443E-003
     0.32449654E+000     0.74404629E-004    -0.65284356E-003     0.70227665E+000     0.93164754E+000    -0.34549571E-004     0.12376084E-003
     0.32486404E+000     0.10116647E-003    -0.69137964E-003     0.71546032E+000     0.93641534E+000    -0.52032205E-004     0.13024698E-003
     0.32523153E+000     0.14014361E-003    -0.72360289E-003     0.72891742E+000     0.94187063E+000    -0.72272627E-004     0.13123631E-003
     0.32559902E+000     0.18834599E-003    -0.74590161E-003     0.74246694E+000     0.94820896E+000    -0.93208110E-004     0.12568521E-003
     0.32596652E+000     0.24196673E-003    -0.75626560E-003     0.75585517E+000     0.95553188E+000    -0.11239637E-003     0.11348484E-003
     0.32633401E+000     0.29719845E-003    -0.75421452E-003     0.76880859E+000     0.96383028E+000    -0.12748853E-003     0.95593536E-004
     0.32670150E+000     0.35072674E-003    -0.74037639E-003     0.78108013E+000     0.97299257E+000    -0.13674966E-003     0.73911808E-004
     0.32706900E+000     0.39984302E-003    -0.71606253E-003     0.79248435E+000     0.98282338E+000    -0.13946948E-003     0.50878010E-004
     0.32743649E+000     0.44238795E-003    -0.68305521E-003     0.80292993E+000     0.99306900E+000    -0.13609866E-003     0.28879746E-004
     0.32780398E+000     0.47677180E-003    -0.64355918E-003     0.81245110E+000     0.10034612E+001    -0.12803718E-003     0.96740523E-005
     0.32817148E+000     0.50214317E-003    -0.60011541E-003     0.82121782E+000     0.10137900E+001    -0.11713442E-003    -0.59800425E-005
     0.32853897E+000     0.51857998E-003    -0.55532491E-003     0.82949499E+000     0.10239880E+001    -0.10507239E-003    -0.18340046E-004
     0.32890646E+000     0.52710484E-003    -0.51139870E-003     0.83754211E+000     0.10341833E+001    -0.92866126E-004    -0.28337893E-004
     0.32927396E+000     0.52940343E-003    -0.46970267E-003     0.84548624E+000     0.10446772E+001    -0.80686235E-004    -0.37027605E-004
     0.32964145E+000     0.52728140E-003    -0.43051267E-003     0.85322702E+000     0.10558413E+001    -0.68054067E-004    -0.45083672E-004
     0.33000894E+000     0.52203436E-003    -0.39312035E-003     0.86042112E+000     0.10679722E+001    -0.54263026E-004    -0.52567192E-004
     0.33037644E+000     0.51395336E-003    -0.35629157E-003     0.86655456E+000     0.10811618E+001    -0.38788604E-004    -0.59002361E-004
     0.33074393E+000     0.50214623E-003    -0.31895692E-003     0.87107337E+000     0.10952319E+001    -0.21516488E-004    -0.63643604E-004
     0.33111142E+000     0.48476996E-003    -0.28094082E-003     0.87352573E+000     0.11097477E+001    -0.27543974E-005    -0.65764941E-004
     0.33147892E+000     0.45966845E-003    -0.24350280E-003     0.87367184E+000     0.11241013E+001     0.16903390E-004    -0.64850112E-004
     0.33184641E+000     0.42529392E-003    -0.20947039E-003     0.87153325E+000     0.11376347E+001     0.36749738E-004    -0.60642705E-004
     0.33221390E+000     0.38166082E-003    -0.18280365E-003     0.86737354E+000     0.11497625E+001     0.56082116E-004    -0.53092981E-004
     0.33258139E+000     0.33096611E-003    -0.16759218E-003     0.86162408E+000     0.11600618E+001     0.74228896E-004    -0.42284357E-004
     0.33294889E+000     0.27752096E-003    -0.16675374E-003     0.85478529E+000     0.11683064E+001     0.90521132E-004    -0.28410120E-004
     0.33331638E+000     0.22688457E-003    -0.18093926E-003     0.84733786E+000     0.11744479E+001     0.10427873E-003    -0.11812214E-004
     0.33368387E+000     0.18448028E-003    -0.20812842E-003     0.83968775E+000     0.11785661E+001     0.11485697E-003     0.69606118E-005
     0.33405137E+000     0.15423468E-003    -0.24408775E-003     0.83214754E+000     0.11808152E+001     0.12175023E-003     0.27134568E-004
     0.33441886E+000     0.13773956E-003    -0.28347399E-003     0.82493854E+000     0.11813856E+001     0.12470587E-003     0.47771030E-004
     0.33478635E+000     0.13416745E-003    -0.32113259E-003     0.81819407E+000     0.11804778E+001     0.12378284E-003     0.67894748E-004
     0.33515385E+000     0.14085530E-003    -0.35313613E-003     0.81195867E+000     0.11782741E+001     0.11931884E-003     0.86626911E-004
     0.33552134E+000     0.15424227E-003    -0.37727830E-003     0.80619704E+000     0.11748972E+001     0.11183853E-003     0.10325316E-003
     0.33588883E+000     0.17077726E-003    -0.39299226E-003     0.80083108E+000     0.11703660E+001     0.10198030E-003     0.11721675E-003
     0.33625633E+000     0.18750658E-003    -0.40088615E-003     0.79580797E+000     0.11645742E+001     0.90487140E-004     0.12809916E-003
     0.33662382E+000     0.20225313E-003    -0.40219254E-003     0.79117951E+000     0.11573136E+001     0.78226787E-004     0.13565682E-003
     0.33699131E+000     0.21350005E-003    -0.39837771E-003     0.78716094E+000     0.11483440E+001     0.66161273E-004     0.13991442E-003
     0.33735881E+000     0.22019530E-003    -0.39099652E-003     0.78414331E+000     0.11374913E+001     0.55223902E-004     0.14124035E-003
     0.33772630E+000     0.22165557E-003    -0.38171116E-003     0.78264980E+000     0.11247420E+001     0.46146361E-004     0.14032497E-003
     0.33809379E+000     0.21761690E-003    -0.37231490E-003     0.78324553E+000     0.11103040E+001     0.39327092E-004     0.13805111E-003
     0.33846129E+000     0.20835137E-003    -0.36464330E-003     0.78642598E+000     0.10946127E+001     0.34801354E-004     0.13532055E-003
     0.33882878E+000     0.19472230E-003    -0.36036375E-003     0.79251730E+000     0.10782789E+001     0.32301266E-004     0.13291366E-003
     0.33919627E+000     0.17809515E-003    -0.36073195E-003     0.80161791E+000     0.10619957E+001     0.31351044E-004     0.13141400E-003
     0.33956377E+000     0.16011945E-003    -0.36643186E-003     0.81359446E+000     0.10464334E+001     0.31353990E-004     0.13118096E-003
     0.33993126E+000     0.14247805E-003    -0.37755954E-003     0.82812561E+000     0.10321534E+001     0.31662974E-004     0.13234055E-003
     0.34029875E+000     0.12670267E-003    -0.39371400E-003     0.84477335E+000     0.10195588E+001     0.31648819E-004     0.13478026E-003
     0.34066625E+000     0.11407696E-003    -0.41410612E-003     0.86305847E+000     0.10088845E+001     0.30781990E-004     0.13815543E-003
     0.34103374E+000     0.10557049E-003    -0.43763767E-003     0.88252166E+000     0.10002181E+001     0.28728728E-004     0.14192908E-003
     0.34140123E+000     0.10175247E-003    -0.46298557E-003     0.90276166E+000     0.99353821E+000     0.25439756E-004     0.14546769E-003
     0.34176873E+000     0.10271215E-003    -0.48874996E-003     0.92345024E+000     0.98875390E+000     0.21187829E-004     0.14819569E-003
     0.34213622E+000     0.10806435E-003    -0.51365712E-003     0.94433124E+000     0.98573759E+000     0.16507399E-004     0.14977299E-003
     0.34250371E+000     0.11707208E-003    -0.53672915E-003     0.96521269E+000     0.98434700E+000     0.12021782E-004     0.15022187E-003
     0.34287121E+000     0.12882092E-003    -0.55734205E-003     0.98595876E+000     0.98444042E+000     0.82053879E-005     0.14992427E-003
     0.34323870E+000     0.14234363E-003    -0.57518877E-003     0.10064824E+001     0.98589039E+000     0.51848680E-005     0.14946039E-003
     0.34360619E+000     0.15666265E-003    -0.59023995E-003     0.10267347E+001     0.98859848E+000     0.26857408E-005     0.14934586E-003
     0.34397369E+000     0.17081668E-003    -0.60276868E-003     0.10466862E+001     0.99250772E+000     0.16301534E-006     0.14979186E-003
     0.34434118E+000     0.18395899E-003    -0.61340573E-003     0.10663017E+001     0.99760593E+000    -0.29464386E-005     0.15060707E-003
     0.34470867E+000     0.19553724E-003    -0.62312714E-003     0.10855137E+001     0.10039146E+001    -0.69764911E-005     0.15128150E-003
     0.34507617E+000     0.20547048E-003    -0.63311132E-003     0.11042045E+001     0.10114643E+001    -0.11901988E-004     0.15119486E-003
     0.34544366E+000     0.21422136E-003    -0.64449939E-003     0.11222044E+001     0.10202636E+001    -0.17364729E-004     0.14983972E-003
     0.34581115E+000     0.22272824E-003    -0.65815648E-003     0.11393052E+001     0.10302708E+001    -0.22813379E-004     0.14696477E-003
     0.34617865E+000     0.23224629E-003    -0.67451401E-003     0.11552869E+001     0.10413765E+001    -0.27674479E-004     0.14260128E-003
     0.34654614E+000     0.24417516E-003    -0.69349990E-003     0.11699477E+001     0.10534017E+001    -0.31480161E-004     0.13699701E-003
     0.34691363E+000     0.25990746E-003    -0.71450684E-003     0.11831310E+001     0.10661086E+001    -0.33919717E-004     0.13051567E-003
     0.34728113E+000     0.28066283E-003    -0.73635896E-003     0.11947433E+001     0.10792218E+001    -0.34828962E-004     0.12355619E-003
     0.34764862E+000     0.30724798E-003    -0.75731092E-003     0.12047601E+001     0.10924524E+001    -0.34157855E-004     0.11651489E-003
     0.34801611E+000     0.33974454E-003    -0.77518179E-003     0.12132227E+001     0.11055194E+001    -0.31952953E-004     0.10977769E-003
     0.34838360E+000     0.37724016E-003    -0.78771152E-003     0.12202295E+001     0.11181650E+001    -0.28365201E-004     0.10371014E-003
     0.34875110E+000     0.41778851E-003    -0.79310652E-003     0.12259249E+001     0.11301660E+001    -0.23662976E-004     0.98618959E-004
     0.34911859E+000     0.45872832E-003    -0.79058451E-003     0.12304891E+001     0.11413412E+001    -0.18214196E-004     0.94687456E-004
     0.34948608E+000     0.49731652E-003    -0.78065670E-003     0.12341252E+001     0.11515567E+001    -0.12414395E-004     0.91920431E-004
     0.34985358E+000     0.53143906E-003    -0.76497095E-003     0.12370458E+001     0.11607284E+001    -0.65772308E-005     0.90146444E-004
     0.35022107E+000     0.56008776E-003    -0.74575206E-003     0.12394586E+001     0.11688186E+001    -0.84138350E-006     0.89097786E-004
     0.35058856E+000     0.58339271E-003    -0.72508418E-003     0.12415560E+001     0.11758278E+001     0.48511582E-005     0.88538380E-004
     0.35095606E+000     0.60222084E-003    -0.70435890E-003     0.12435081E+001     0.11817838E+001     0.10690360E-004     0.88377647E-004
     0.35132355E+000     0.61755988E-003    -0.68411632E-003     0.12454632E+001     0.11867302E+001     0.16880153E-004     0.88718875E-004
     0.35169104E+000     0.62998991E-003    -0.66430303E-003     0.12475522E+001     0.11907176E+001     0.23521128E-004     0.89830157E-004
     0.35205854E+000     0.63947337E-003    -0.64477605E-003     0.12498973E+001     0.11938001E+001     0.30534675E-004     0.92061192E-004
     0.35242603E+000     0.64552340E-003    -0.62578909E-003     0.12526204E+001     0.11960392E+001     0.37642319E-004     0.95741118E-004
     0.35279352E+000     0.64763431E-003    -0.60823766E-003     0.12558460E+001     0.11975125E+001     0.44393618E-004     0.10108587E-003
     0.35316102E+000     0.64575927E-003    -0.59357338E-003     0.12596974E+001     0.11983263E+001     0.50227267E-004     0.10813156E-003
     0.35352851E+000     0.64063247E-003    -0.58344755E-003     0.12642817E+001     0.11986237E+001     0.54548546E-004     0.11670007E-003
     0.35389600E+000     0.63382512E-003    -0.57923743E-003     0.12696698E+001     0.11985826E+001     0.56809099E-004     0.12639467E-003
     0.35426350E+000     0.62753544E-003    -0.58162235E-003     0.12758779E+001     0.11984017E+001     0.56581475E-004     0.13661942E-003
     0.35463099E+000     0.62419330E-003    -0.59033207E-003     0.12828587E+001     0.11982752E+001     0.53627184E-004     0.14661844E-003
     0.35499848E+000     0.62599697E-003    -0.60412506E-003     0.12905060E+001     0.11983665E+001     0.47956583E-004     0.15553738E-003
     0.35536598E+000     0.63450225E-003    -0.62099149E-003     0.12986732E+001     0.11987862E+001     0.39871199E-004     0.16251146E-003
     0.35573347E+000     0.65036424E-003    -0.63852243E-003     0.13071987E+001     0.11995827E+001     0.29971936E-004     0.16677599E-003
     0.35610096E+000     0.67329031E-003    -0.65434579E-003     0.13159318E+001     0.12007450E+001     0.19118776E-004     0.16778254E-003
     0.35646846E+000     0.70220467E-003    -0.66651368E-003     0.13247529E+001     0.12022173E+001     0.83396039E-005     0.16529531E-003
     0.35683595E+000     0.73556366E-003    -0.67374245E-003     0.13335830E+001     0.12039181E+001    -0.12992423E-005     0.15944326E-003
     0.35720344E+000     0.77171816E-003    -0.67545674E-003     0.13423839E+001     0.12057589E+001    -0.88367595E-005     0.15071328E-003
     0.35757094E+000     0.80921268E-003    -0.67165483E-003     0.13511514E+001     0.12076583E+001    -0.13546826E-004     0.13988295E-003
     0.35793843E+000     0.84694434E-003    -0.66266952E-003     0.13599048E+001     0.12095502E+001    -0.15027652E-004     0.12790574E-003
     0.35830592E+000     0.88416430E-003    -0.64892265E-003     0.13686781E+001     0.12113853E+001    -0.13235140E-004     0.11577208E-003
     0.35867342E+000     0.92036078E-003    -0.63075432E-003     0.13775133E+001     0.12131312E+001    -0.84577995E-005     0.10437312E-003
     0.35904091E+000     0.95509319E-003    -0.60836490E-003     0.13864552E+001     0.12147705E+001    -0.12424170E-005     0.94389707E-004
     0.35940840E+000     0.98784530E-003    -0.58186465E-003     0.13955482E+001     0.12162994E+001     0.77141679E-005     0.86221337E-004
     0.35977590E+000     0.10179458E-002    -0.55139651E-003     0.14048323E+001     0.12177256E+001     0.17689599E-004     0.79963591E-004
     0.36014339E+000     0.10445805E-002    -0.51728421E-003     0.14143403E+001     0.12190647E+001     0.28057456E-004     0.75436992E-004
     0.36051088E+000     0.10668955E-002    -0.48015316E-003     0.14240969E+001     0.12203351E+001     0.38384610E-004     0.72262993E-004
     0.36087838E+000     0.10841636E-002    -0.44097736E-003     0.14341206E+001     0.12215528E+001     0.48485259E-004     0.69973067E-004
     0.36124587E+000     0.10959637E-002    -0.40102637E-003     0.14444292E+001     0.12227284E+001     0.58420437E-004     0.68127682E-004
     0.36161336E+000     0.11023140E-002    -0.36172003E-003     0.14550470E+001     0.12238683E+001     0.68444821E-004     0.66418282E-004
     0.36198086E+000     0.11037176E-002    -0.32443112E-003     0.14660092E+001     0.12249814E+001     0.78916292E-004     0.64729781E-004
     0.36234835E+000     0.11011078E-002    -0.29029215E-003     0.14773632E+001     0.12260872E+001     0.90192704E-004     0.63152321E-004
     0.36271584E+000     0.10957164E-002    -0.26005433E-003     0.14891626E+001     0.12272258E+001     0.10254165E-003     0.61945126E-004
     0.36308333E+000     0.10889055E-002    -0.23402267E-003     0.15014571E+001     0.12284626E+001     0.11608287E-003     0.61467265E-004
     0.36345083E+000     0.10820042E-002    -0.21206471E-003     0.15142791E+001     0.12298881E+001     0.13077191E-003     0.62096563E-004
     0.36381832E+000     0.10761752E-002    -0.19367296E-003     0.15276317E+001     0.12316093E+001     0.14642203E-003     0.64157425E-004
     0.36418581E+000     0.10723217E-002    -0.17805847E-003     0.15414816E+001     0.12337366E+001     0.16275261E-003     0.67872516E-004
     0.36455331E+000     0.10710336E-002    -0.16425914E-003     0.15557589E+001     0.12363677E+001     0.17944823E-003     0.73344809E-004
     0.36492080E+000     0.10725713E-002    -0.15125357E-003     0.15703654E+001     0.12395725E+001     0.19621339E-003     0.80568482E-004
     0.36528829E+000     0.10768897E-002    -0.13807087E-003     0.15851883E+001     0.12433845E+001     0.21281127E-003     0.89461166E-004
     0.36565579E+000     0.10837028E-002    -0.12388014E-003     0.16001166E+001     0.12477978E+001     0.22908021E-003     0.99906634E-004
     0.36602328E+000     0.10925779E-002    -0.10803861E-003     0.16150566E+001     0.12527734E+001     0.24492710E-003     0.11179593E-003
     0.36639077E+000     0.11030337E-002    -0.90085345E-004     0.16299431E+001     0.12582505E+001     0.26030268E-003     0.12505637E-003
     0.36675827E+000     0.11146097E-002    -0.69686014E-004     0.16447436E+001     0.12641617E+001     0.27516795E-003     0.13966185E-003
     0.36712576E+000     0.11268827E-002    -0.46555440E-004     0.16594558E+001     0.12704469E+001     0.28946276E-003     0.15562336E-003
     0.36749325E+000     0.11394276E-002    -0.20393995E-004     0.16740987E+001     0.12770654E+001     0.30308640E-003     0.17296499E-003
     0.36786075E+000     0.11517434E-002     0.91317326E-005     0.16887012E+001     0.12840008E+001     0.31589534E-003     0.19169430E-003
     0.36822824E+000     0.11631738E-002     0.42350928E-004     0.17032889E+001     0.12912617E+001     0.32771755E-003     0.21177732E-003
     0.36859573E+000     0.11728592E-002     0.79499555E-004     0.17178743E+001     0.12988760E+001     0.33837777E-003     0.23312600E-003
     0.36896323E+000     0.11797408E-002     0.12060177E-003     0.17324497E+001     0.13068823E+001     0.34772494E-003     0.25560131E-003
     0.36933072E+000     0.11826306E-002     0.16535182E-003     0.17469851E+001     0.13153198E+001     0.35565311E-003     0.27903005E-003
     0.36969821E+000     0.11803437E-002     0.21302950E-003     0.17614299E+001     0.13242189E+001     0.36210986E-003     0.30322919E-003
     0.37006571E+000     0.11718733E-002     0.26247991E-003     0.17757185E+001     0.13335939E+001     0.36709114E-003     0.32802932E-003
     0.37043320E+000     0.11565759E-002     0.31217800E-003     0.17897776E+001     0.13434380E+001     0.37062613E-003     0.35329062E-003
     0.37080069E+000     0.11343206E-002     0.36037970E-003     0.18035340E+001     0.13537228E+001     0.37275835E-003     0.37890814E-003
     0.37116819E+000     0.11055605E-002     0.40533580E-003     0.18169226E+001     0.13643992E+001     0.37352935E-003     0.40480756E-003
     0.37153568E+000     0.10713004E-002     0.44552250E-003     0.18298915E+001     0.13754025E+001     0.37296843E-003     0.43093519E-003
     0.37190317E+000     0.10329638E-002     0.47983348E-003     0.18424064E+001     0.13866572E+001     0.37108922E-003     0.45724674E-003
     0.37227067E+000     0.99219543E-003     0.50768994E-003     0.18544514E+001     0.13980833E+001     0.36789153E-003     0.48369787E-003
     0.37263816E+000     0.95064720E-003     0.52905198E-003     0.18660287E+001     0.14096016E+001     0.36336613E-003     0.51023812E-003
     0.37300565E+000     0.90979759E-003     0.54434413E-003     0.18771559E+001     0.14211382E+001     0.35750043E-003     0.53680818E-003
     0.37337315E+000     0.87083252E-003     0.55432817E-003     0.18878635E+001     0.14326275E+001     0.35028346E-003     0.56333987E-003
     0.37374064E+000     0.83459477E-003     0.55996047E-003     0.18981912E+001     0.14440139E+001     0.34170974E-003     0.58975770E-003
     0.37410813E+000     0.80159049E-003     0.56226330E-003     0.19081847E+001     0.14552526E+001     0.33178173E-003     0.61598132E-003
     0.37447563E+000     0.77203312E-003     0.56222672E-003     0.19178929E+001     0.14663090E+001     0.32051097E-003     0.64192815E-003
     0.37484312E+000     0.74590493E-003     0.56074478E-003     0.19273657E+001     0.14771583E+001     0.30791845E-003     0.66751580E-003
     0.37521061E+000     0.72302124E-003     0.55858247E-003     0.19366520E+001     0.14877838E+001     0.29403411E-003     0.69266425E-003
     0.37557811E+000     0.70308770E-003     0.55636569E-003     0.19457991E+001     0.14981760E+001     0.27889610E-003     0.71729747E-003
     0.37594560E+000     0.68574686E-003     0.55458646E-003     0.19548516E+001     0.15083312E+001     0.26254963E-003     0.74134478E-003
     0.37631309E+000     0.67061291E-003     0.55361644E-003     0.19638511E+001     0.15182500E+001     0.24504584E-003     0.76474170E-003
     0.37668059E+000     0.65729607E-003     0.55372430E-003     0.19728364E+001     0.15279367E+001     0.22644051E-003     0.78743059E-003
     0.37704808E+000     0.64541838E-003     0.55509346E-003     0.19818432E+001     0.15373983E+001     0.20679293E-003     0.80936094E-003
     0.37741557E+000     0.63462306E-003     0.55783857E-003     0.19909050E+001     0.15466437E+001     0.18616474E-003     0.83048952E-003
     0.37778307E+000     0.62457928E-003     0.56201993E-003     0.20000526E+001     0.15556833E+001     0.16461887E-003     0.85078029E-003
     0.37815056E+000     0.61498383E-003     0.56765551E-003     0.20093150E+001     0.15645286E+001     0.14221864E-003     0.87020420E-003
     0.37851805E+000     0.60556072E-003     0.57473061E-003     0.20187197E+001     0.15731917E+001     0.11902687E-003     0.88873891E-003
     0.37888554E+000     0.59605974E-003     0.58320550E-003     0.20282929E+001     0.15816856E+001     0.95105139E-004     0.90636835E-003
     0.37925304E+000     0.58625423E-003     0.59302133E-003     0.20380597E+001     0.15900238E+001     0.70513168E-004     0.92308230E-003
     0.37962053E+000     0.57593872E-003     0.60410451E-003     0.20480447E+001     0.15982201E+001     0.45308236E-004     0.93887587E-003
     0.37998802E+000     0.56492652E-003     0.61636994E-003     0.20582721E+001     0.16062891E+001     0.19544744E-004     0.95374902E-003
     0.38035552E+000     0.55304744E-003     0.62972332E-003     0.20687660E+001     0.16142460E+001    -0.67261674E-005     0.96770594E-003
     0.38072301E+000     0.54014571E-003     0.64406267E-003     0.20795505E+001     0.16221068E+001    -0.33456904E-004     0.98075455E-003
     0.38109050E+000     0.52607825E-003     0.65927929E-003     0.20906499E+001     0.16298884E+001    -0.60603640E-004     0.99290598E-003
     0.38145800E+000     0.51071311E-003     0.67525832E-003     0.21020890E+001     0.16376090E+001    -0.88126469E-004     0.10041740E-002
     0.38182549E+000     0.49392833E-003     0.69187889E-003     0.21138932E+001     0.16452879E+001    -0.11598950E-003     0.10145744E-002
     0.38219298E+000     0.47561097E-003     0.70901402E-003     0.21260884E+001     0.16529464E+001    -0.14416089E-003     0.10241247E-002
     0.38256048E+000     0.45565650E-003     0.72653039E-003     0.21387010E+001     0.16606076E+001    -0.17261286E-003     0.10328436E-002
     0.38292797E+000     0.43396847E-003     0.74428793E-003     0.21517586E+001     0.16682968E+001    -0.20132162E-003     0.10407504E-002
     0.38329546E+000     0.41045839E-003     0.76213931E-003     0.21652890E+001     0.16760420E+001    -0.23026733E-003     0.10478648E-002
     0.38366296E+000     0.38504594E-003     0.77992943E-003     0.21793209E+001     0.16838743E+001    -0.25943394E-003     0.10542062E-002
     0.38403045E+000     0.35765940E-003     0.79749490E-003     0.21938835E+001     0.16918283E+001    -0.28880912E-003     0.10597938E-002
     0.38439794E+000     0.32823633E-003     0.81466355E-003     0.22090063E+001     0.16999425E+001    -0.31838409E-003     0.10646457E-002
     0.38476544E+000     0.29672452E-003     0.83125399E-003     0.22247189E+001     0.17082598E+001    -0.34815344E-003     0.10687790E-002
     0.38513293E+000     0.26308317E-003     0.84707535E-003     0.22410507E+001     0.17168283E+001    -0.37811500E-003     0.10722094E-002
     0.38550042E+000     0.22728430E-003     0.86192714E-003     0.22580305E+001     0.17257014E+001    -0.40826960E-003     0.10749507E-002
     0.38586792E+000     0.18931433E-003     0.87559931E-003     0.22756859E+001     0.17349391E+001    -0.43862095E-003     0.10770150E-002
     0.38623541E+000     0.14917594E-003     0.88787261E-003     0.22940425E+001     0.17446077E+001    -0.46917538E-003     0.10784119E-002
     0.38660290E+000     0.10688997E-003     0.89851918E-003     0.23131231E+001     0.17547812E+001    -0.49994172E-003     0.10791487E-002
     0.38697040E+000     0.62497584E-004     0.90730357E-003     0.23329470E+001     0.17655415E+001    -0.53093103E-003     0.10792301E-002
     0.38733789E+000     0.16062375E-004     0.91398412E-003     0.23535281E+001     0.17769789E+001    -0.56215641E-003     0.10786577E-002
     0.38770538E+000    -0.32327454E-004     0.91831479E-003     0.23748739E+001     0.17891926E+001    -0.59363283E-003     0.10774302E-002
     0.38807288E+000    -0.82556999E-004     0.92004749E-003     0.23969836E+001     0.18022909E+001    -0.62537688E-003     0.10755427E-002
     0.38844037E+000    -0.13448273E-003     0.91893490E-003     0.24198462E+001     0.18163913E+001    -0.65740656E-003     0.10729872E-002
     0.38880786E+000    -0.18793083E-003     0.91473382E-003     0.24434380E+001     0.18316203E+001    -0.68974102E-003     0.10697515E-002
     0.38917536E+000    -0.24269595E-003     0.90720906E-003     0.24677204E+001     0.18481123E+001    -0.72240038E-003     0.10658197E-002
     0.38954285E+000    -0.29854041E-003     0.89613774E-003     0.24926368E+001     0.18660093E+001    -0.75540539E-003     0.10611717E-002
     0.38991034E+000    -0.35519413E-003     0.88131409E-003     0.25181099E+001     0.18854580E+001    -0.78877720E-003     0.10557827E-002
     0.39027784E+000    -0.41235528E-003     0.86255449E-003     0.25440389E+001     0.19066085E+001    -0.82253703E-003     0.10496236E-002
     0.39064533E+000    -0.46969177E-003     0.83970280E-003     0.25702965E+001     0.19296099E+001    -0.85670583E-003     0.10426601E-002
     0.39101282E+000    -0.52684380E-003     0.81263560E-003     0.25967264E+001     0.19546068E+001    -0.89130393E-003     0.10348528E-002
     0.39138032E+000    -0.58342737E-003     0.78126732E-003     0.26231415E+001     0.19817334E+001    -0.92635059E-003     0.10261568E-002
     0.39174781E+000    -0.63903884E-003     0.74555506E-003     0.26493227E+001     0.20111078E+001    -0.96186356E-003     0.10165214E-002
     0.39211530E+000    -0.69326055E-003     0.70550261E-003     0.26750193E+001     0.20428246E+001    -0.99785854E-003     0.10058901E-002
     0.39248280E+000    -0.74566729E-003     0.66116382E-003     0.26999506E+001     0.20769471E+001    -0.10343486E-002     0.99419988E-003
     0.39285029E+000    -0.79583359E-003     0.61264471E-003     0.27238099E+001     0.21134994E+001    -0.10713434E-002     0.98138129E-003
     0.39321778E+000    -0.84334158E-003     0.56010449E-003     0.27462700E+001     0.21524588E+001    -0.11088488E-002     0.96735808E-003
     0.39358528E+000    -0.88778909E-003     0.50375497E-003     0.27669920E+001     0.21937487E+001    -0.11468654E-002     0.95204699E-003
     0.39395277E+000    -0.92879778E-003     0.44385869E-003     0.27856354E+001     0.22372329E+001    -0.11853881E-002     0.93535761E-003
     0.39432026E+000    -0.96602103E-003     0.38072536E-003     0.28018705E+001     0.22827137E+001    -0.12244049E-002     0.91719224E-003
     0.39468775E+000    -0.99915105E-003     0.31470697E-003     0.28153923E+001     0.23299308E+001    -0.12638957E-002     0.89744592E-003
     0.39505525E+000    -0.10279251E-002     0.24619159E-003     0.28259342E+001     0.23785659E+001    -0.13038306E-002     0.87600647E-003
     0.39542274E+000    -0.10521306E-002     0.17559610E-003     0.28332819E+001     0.24282495E+001    -0.13441691E-002     0.85275475E-003
     0.39579023E+000    -0.10716086E-002     0.10335809E-003     0.28372844E+001     0.24785724E+001    -0.13848581E-002     0.82756504E-003
     0.39615773E+000    -0.10862560E-002     0.29927414E-004     0.28378633E+001     0.25290993E+001    -0.14258300E-002     0.80030567E-003
     0.39652522E+000    -0.10960259E-002    -0.44242551E-004     0.28350170E+001     0.25793853E+001    -0.14670013E-002     0.77083989E-003
     0.39689271E+000    -0.11009266E-002    -0.11870330E-003     0.28288217E+001     0.26289927E+001    -0.15082702E-002     0.73902711E-003
     0.39726021E+000    -0.11010189E-002    -0.19301916E-003     0.28194272E+001     0.26775075E+001    -0.15495149E-002     0.70472438E-003
     0.39762770E+000    -0.10964126E-002    -0.26677444E-003     0.28070491E+001     0.27245542E+001    -0.15905914E-002     0.66778846E-003
     0.39799519E+000    -0.10872616E-002    -0.33957956E-003     0.27919576E+001     0.27698079E+001    -0.16313313E-002     0.62807829E-003
     0.39836269E+000    -0.10737580E-002    -0.41107614E-003     0.27744639E+001     0.28130021E+001    -0.16715403E-002     0.58545799E-003
     0.39873018E+000    -0.10561264E-002    -0.48094076E-003     0.27549065E+001     0.28539339E+001    -0.17109961E-002     0.53980048E-003
     0.39909767E+000    -0.10346171E-002    -0.54888759E-003     0.27336361E+001     0.28924642E+001    -0.17494475E-002     0.49099176E-003
     0.39946517E+000    -0.10095001E-002    -0.61466979E-003     0.27110035E+001     0.29285157E+001    -0.17866133E-002     0.43893577E-003
     0.39983266E+000    -0.98105878E-003    -0.67807988E-003     0.26873476E+001     0.29620676E+001    -0.18221824E-002     0.38355989E-003
     0.40020015E+000    -0.94958413E-003    -0.73894907E-003     0.26629865E+001     0.29931482E+001    -0.18558144E-002     0.32482099E-003
     0.40056765E+000    -0.91536942E-003    -0.79714586E-003     0.26382115E+001     0.30218278E+001    -0.18871416E-002     0.26271195E-003
     0.40093514E+000    -0.87870566E-003    -0.85257393E-003     0.26132823E+001     0.30482093E+001    -0.19157723E-002     0.19726840E-003
     0.40130263E+000    -0.83987753E-003    -0.90516961E-003     0.25884251E+001     0.30724205E+001    -0.19412956E-002     0.12857547E-003
     0.40167013E+000    -0.79916006E-003    -0.95489890E-003     0.25638320E+001     0.30946066E+001    -0.19632872E-002     0.56774313E-004
     0.40203762E+000    -0.75681603E-003    -0.10017544E-002     0.25396626E+001     0.31149230E+001    -0.19813181E-002    -0.17932196E-004
     0.40240511E+000    -0.71309386E-003    -0.10457521E-002     0.25160451E+001     0.31335298E+001    -0.19949643E-002    -0.95274846E-004
     0.40277261E+000    -0.66822623E-003    -0.10869282E-002     0.24930801E+001     0.31505874E+001    -0.20038180E-002    -0.17491516E-003
     0.40314010E+000    -0.62242910E-003    -0.11253359E-002     0.24708424E+001     0.31662525E+001    -0.20075003E-002    -0.25644464E-003
     0.40350759E+000    -0.57590124E-003    -0.11610429E-002     0.24493854E+001     0.31806758E+001    -0.20056751E-002    -0.33938657E-003
     0.40387509E+000    -0.52882411E-003    -0.11941279E-002     0.24287431E+001     0.31939994E+001    -0.19980626E-002    -0.42320088E-003
     0.40424258E+000    -0.48136211E-003    -0.12246790E-002     0.24089341E+001     0.32063565E+001    -0.19844528E-002    -0.50729210E-003
     0.40461007E+000    -0.43366300E-003    -0.12527909E-002     0.23899637E+001     0.32178700E+001    -0.19647174E-002    -0.59102056E-003
     0.40497757E+000    -0.38585857E-003    -0.12785631E-002     0.23718264E+001     0.32286524E+001    -0.19388199E-002    -0.67371653E-003
     0.40534506E+000    -0.33806544E-003    -0.13020981E-002     0.23545086E+001     0.32388061E+001    -0.19068225E-002    -0.75469676E-003
     0.40571255E+000    -0.29038597E-003    -0.13234998E-002     0.23379898E+001     0.32484237E+001    -0.18688889E-002    -0.83328274E-003
     0.40608005E+000    -0.24290919E-003    -0.13428727E-002     0.23222447E+001     0.32575881E+001    -0.18252843E-002    -0.90881972E-003
     0.40644754E+000    -0.19571182E-003    -0.13603202E-002     0.23072445E+001     0.32663735E+001    -0.17763696E-002    -0.98069535E-003
     0.40681503E+000    -0.14885923E-003    -0.13759441E-002     0.22929577E+001     0.32748459E+001    -0.17225927E-002    -0.10483570E-002
     0.40718253E+000    -0.10240646E-003    -0.13898439E-002     0.22793512E+001     0.32830636E+001    -0.16644757E-002    -0.11113264E-002
     0.40755002E+000    -0.56399134E-004    -0.14021161E-002     0.22663913E+001     0.32910782E+001    -0.16025993E-002    -0.11692115E-002
     0.40791751E+000    -0.10874382E-004    -0.14128538E-002     0.22540438E+001     0.32989350E+001    -0.15375854E-002    -0.12217139E-002
     0.40828501E+000     0.34138294E-004    -0.14221463E-002     0.22422750E+001     0.33066737E+001    -0.14700787E-002    -0.12686329E-002
     0.40865250E+000     0.78616219E-004    -0.14300791E-002     0.22310514E+001     0.33143289E+001    -0.14007288E-002    -0.13098645E-002
     0.40901999E+000     0.12254280E-003    -0.14367337E-002     0.22203407E+001     0.33219309E+001    -0.13301733E-002    -0.13453979E-002
     0.40938748E+000     0.16590683E-003    -0.14421872E-002     0.22101113E+001     0.33295058E+001    -0.12590229E-002    -0.13753083E-002
     0.40975498E+000     0.20870184E-003    -0.14465129E-002     0.22003332E+001     0.33370764E+001    -0.11878487E-002    -0.13997467E-002
     0.41012247E+000     0.25092556E-003    -0.14497795E-002     0.21909771E+001     0.33446620E+001    -0.11171729E-002    -0.14189294E-002
     0.41048996E+000     0.29257935E-003    -0.14520520E-002     0.21820155E+001     0.33522796E+001    -0.10474621E-002    -0.14331253E-002
     0.41085746E+000     0.33366774E-003    -0.14533913E-002     0.21734220E+001     0.33599434E+001    -0.97912300E-003    -0.14426441E-002
     0.41122495E+000     0.37419800E-003    -0.14538543E-002     0.21651716E+001     0.33676656E+001    -0.91250137E-003    -0.14478241E-002
     0.41159244E+000     0.41417978E-003    -0.14534943E-002     0.21572406E+001     0.33754566E+001    -0.84788260E-003    -0.14490214E-002
     0.41195994E+000     0.45362474E-003    -0.14523609E-002     0.21496066E+001     0.33833251E+001    -0.78549423E-003    -0.14466002E-002
     0.41232743E+000     0.49254626E-003    -0.14505002E-002     0.21422483E+001     0.33912783E+001    -0.72550974E-003    -0.14409241E-002
     0.41269492E+000     0.53095914E-003    -0.14479551E-002     0.21351459E+001     0.33993222E+001    -0.66805327E-003    -0.14323496E-002
     0.41306242E+000     0.56887941E-003    -0.14447652E-002     0.21282805E+001     0.34074617E+001    -0.61320481E-003    -0.14212205E-002
     0.41342991E+000     0.60632411E-003    -0.14409671E-002     0.21216344E+001     0.34157007E+001    -0.56100573E-003    -0.14078634E-002
     0.41379740E+000     0.64331106E-003    -0.14365946E-002     0.21151909E+001     0.34240424E+001    -0.51146418E-003    -0.13925851E-002
     0.41416490E+000     0.67985876E-003    -0.14316787E-002     0.21089344E+001     0.34324891E+001    -0.46456040E-003    -0.13756708E-002
     0.41453239E+000     0.71598619E-003    -0.14262478E-002     0.21028500E+001     0.34410427E+001    -0.42025156E-003    -0.13573827E-002
     0.41489988E+000     0.75171275E-003    -0.14203278E-002     0.20969238E+001     0.34497044E+001    -0.37847633E-003    -0.13379600E-002
     0.41526738E+000     0.78705810E-003    -0.14139424E-002     0.20911428E+001     0.34584748E+001    -0.33915887E-003    -0.13176193E-002
     0.41563487E+000     0.82204210E-003    -0.14071129E-002     0.20854947E+001     0.34673545E+001    -0.30221237E-003    -0.12965549E-002
     0.41600236E+000     0.85668471E-003    -0.13998587E-002     0.20799679E+001     0.34763433E+001    -0.26754213E-003    -0.12749402E-002
     0.41636986E+000     0.89100595E-003    -0.13921970E-002     0.20745515E+001     0.34854411E+001    -0.23504817E-003    -0.12529289E-002
     0.41673735E+000     0.92502581E-003    -0.13841432E-002     0.20692353E+001     0.34946472E+001    -0.20462742E-003    -0.12306564E-002
     0.41710484E+000     0.95876424E-003    -0.13757109E-002     0.20640095E+001     0.35039610E+001    -0.17617551E-003    -0.12082411E-002
     0.41747234E+000     0.99224106E-003    -0.13669119E-002     0.20588652E+001     0.35133815E+001    -0.14958829E-003    -0.11857858E-002
     0.41783983E+000     0.10254760E-002    -0.13577565E-002     0.20537937E+001     0.35229077E+001    -0.12476294E-003    -0.11633794E-002
     0.41820732E+000     0.10584885E-002    -0.13482533E-002     0.20487869E+001     0.35325382E+001    -0.10159896E-003    -0.11410984E-002
     0.41857482E+000     0.10912980E-002    -0.13384093E-002     0.20438372E+001     0.35422719E+001    -0.79998795E-004    -0.11190075E-002
     0.41894231E+000     0.11239236E-002    -0.13282302E-002     0.20389374E+001     0.35521072E+001    -0.59868394E-004    -0.10971617E-002
     0.41930980E+000     0.11563841E-002    -0.13177204E-002     0.20340806E+001     0.35620428E+001    -0.41117561E-004    -0.10756067E-002
     0.41967730E+000     0.11886984E-002    -0.13068828E-002     0.20292604E+001     0.35720771E+001    -0.23660187E-004    -0.10543807E-002
     0.42004479E+000     0.12208847E-002    -0.12957188E-002     0.20244707E+001     0.35822084E+001    -0.74143805E-005    -0.10335146E-002
     0.42041228E+000     0.12529612E-002    -0.12842290E-002     0.20197058E+001     0.35924353E+001     0.76974790E-005    -0.10130332E-002
     0.42077978E+000     0.12849457E-002    -0.12724123E-002     0.20149601E+001     0.36027560E+001     0.21748760E-004    -0.99295619E-003
     0.42114727E+000     0.13168560E-002    -0.12602666E-002     0.20102284E+001     0.36131688E+001     0.34808642E-004    -0.97329840E-003
     0.42151476E+000     0.13487094E-002    -0.12477886E-002     0.20055059E+001     0.36236722E+001     0.46942222E-004    -0.95407076E-003
     0.42188226E+000     0.13805228E-002    -0.12349738E-002     0.20007879E+001     0.36342644E+001     0.58210646E-004    -0.93528072E-003
     0.42224975E+000     0.14123130E-002    -0.12218165E-002     0.19960699E+001     0.36449439E+001     0.68671264E-004    -0.91693273E-003
     0.42261724E+000     0.14440965E-002    -0.12083099E-002     0.19913476E+001     0.36557087E+001     0.78377793E-004    -0.89902871E-003
     0.42298474E+000     0.14758893E-002    -0.11944459E-002     0.19866171E+001     0.36665575E+001     0.87380496E-004    -0.88156841E-003
     0.42335223E+000     0.15077074E-002    -0.11802153E-002     0.19818745E+001     0.36774884E+001     0.95726357E-004    -0.86454974E-003
     0.42371972E+000     0.15395662E-002    -0.11656079E-002     0.19771162E+001     0.36884998E+001     0.10345926E-003    -0.84796907E-003
     0.42408722E+000     0.15714808E-002    -0.11506121E-002     0.19723387E+001     0.36995902E+001     0.11062018E-003    -0.83182150E-003
     0.42445471E+000     0.16034661E-002    -0.11352152E-002     0.19675386E+001     0.37107578E+001     0.11724734E-003    -0.81610103E-003
     0.42482220E+000     0.16355365E-002    -0.11194032E-002     0.19627127E+001     0.37220012E+001     0.12337637E-003    -0.80080083E-003
     0.42518969E+000     0.16677061E-002    -0.11031609E-002     0.19578581E+001     0.37333187E+001     0.12904052E-003    -0.78591334E-003
     0.42555719E+000     0.16999884E-002    -0.10864720E-002     0.19529717E+001     0.37447087E+001     0.13427074E-003    -0.77143044E-003
     0.42592468E+000     0.17323967E-002    -0.10693187E-002     0.19480508E+001     0.37561698E+001     0.13909590E-003    -0.75734359E-003
     0.42629217E+000     0.17649437E-002    -0.10516820E-002     0.19430926E+001     0.37677003E+001     0.14354288E-003    -0.74364392E-003
     0.42665967E+000     0.17976417E-002    -0.10335413E-002     0.19380947E+001     0.37792989E+001     0.14763673E-003    -0.73032233E-003
     0.42702716E+000     0.18305023E-002    -0.10148750E-002     0.19330545E+001     0.37909640E+001     0.15140079E-003    -0.71736957E-003
     0.42739465E+000     0.18635367E-002    -0.99565961E-003     0.19279697E+001     0.38026942E+001     0.15485678E-003    -0.70477627E-003
     0.42776215E+000     0.18967554E-002    -0.97587051E-003     0.19228379E+001     0.38144880E+001     0.15802496E-003    -0.69253308E-003
     0.42812964E+000     0.19301682E-002    -0.95548130E-003     0.19176570E+001     0.38263440E+001     0.16092419E-003    -0.68063064E-003
     0.42849713E+000     0.19637840E-002    -0.93446408E-003     0.19124247E+001     0.38382607E+001     0.16357205E-003    -0.66905966E-003
     0.42886463E+000     0.19976112E-002    -0.91278923E-003     0.19071392E+001     0.38502369E+001     0.16598491E-003    -0.65781094E-003
     0.42923212E+000     0.20316571E-002    -0.89042544E-003     0.19017983E+001     0.38622711E+001     0.16817803E-003    -0.64687539E-003
     0.42959961E+000     0.20659279E-002    -0.86733960E-003     0.18964001E+001     0.38743620E+001     0.17016564E-003    -0.63624409E-003
     0.42996711E+000     0.21004291E-002    -0.84349677E-003     0.18909429E+001     0.38865082E+001     0.17196100E-003    -0.62590826E-003
     0.43033460E+000     0.21351645E-002    -0.81886006E-003     0.18854248E+001     0.38987085E+001     0.17357647E-003    -0.61585931E-003
     0.43070209E+000     0.21701369E-002    -0.79339062E-003     0.18798440E+001     0.39109614E+001     0.17502357E-003    -0.60608885E-003
     0.43106959E+000     0.22053476E-002    -0.76704754E-003     0.18741989E+001     0.39232658E+001     0.17631306E-003    -0.59658866E-003
     0.43143708E+000     0.22407961E-002    -0.73978778E-003     0.18684878E+001     0.39356203E+001     0.17745496E-003    -0.58735074E-003
     0.43180457E+000     0.22764805E-002    -0.71156612E-003     0.18627092E+001     0.39480237E+001     0.17845863E-003    -0.57836731E-003
     0.43217207E+000     0.23123965E-002    -0.68233509E-003     0.18568615E+001     0.39604747E+001     0.17933280E-003    -0.56963078E-003
     0.43253956E+000     0.23485380E-002    -0.65204488E-003     0.18509432E+001     0.39729720E+001     0.18008560E-003    -0.56113380E-003
     0.43290705E+000     0.23848962E-002    -0.62064334E-003     0.18449528E+001     0.39855146E+001     0.18072464E-003    -0.55286920E-003
     0.43327455E+000     0.24214599E-002    -0.58807587E-003     0.18388890E+001     0.39981010E+001     0.18125702E-003    -0.54483005E-003
     0.43364204E+000     0.24582149E-002    -0.55428541E-003     0.18327503E+001     0.40107302E+001     0.18168935E-003    -0.53700961E-003
     0.43400953E+000     0.24951439E-002    -0.51921242E-003     0.18265354E+001     0.40234008E+001     0.18202783E-003    -0.52940136E-003
     0.43437703E+000     0.25322259E-002    -0.48279482E-003     0.18202430E+001     0.40361118E+001     0.18227822E-003    -0.52199899E-003
     0.43474452E+000     0.25694363E-002    -0.44496803E-003     0.18138717E+001     0.40488619E+001     0.18244592E-003    -0.51479636E-003
     0.43511201E+000     0.26067461E-002    -0.40566497E-003     0.18074204E+001     0.40616500E+001     0.18253596E-003    -0.50778755E-003
     0.43547951E+000     0.26441217E-002    -0.36481609E-003     0.18008878E+001     0.40744749E+001     0.18255304E-003    -0.50096683E-003
     0.43584700E+000     0.26815245E-002    -0.32234947E-003     0.17942728E+001     0.40873354E+001     0.18250156E-003    -0.49432864E-003
     0.43621449E+000     0.27189102E-002    -0.27819091E-003     0.17875740E+001     0.41002303E+001     0.18238561E-003    -0.48786762E-003
     0.43658199E+000     0.27562287E-002    -0.23226408E-003     0.17807905E+001     0.41131585E+001     0.18220902E-003    -0.48157858E-003
     0.43694948E+000     0.27934232E-002    -0.18449070E-003     0.17739210E+001     0.41261189E+001     0.18197537E-003    -0.47545649E-003
     0.43731697E+000     0.28304295E-002    -0.13479079E-003     0.17669645E+001     0.41391103E+001     0.18168799E-003    -0.46949650E-003
     0.43768447E+000     0.28671761E-002    -0.83083002E-004     0.17599200E+001     0.41521315E+001     0.18135000E-003    -0.46369391E-003
     0.43805196E+000     0.29035829E-002    -0.29284963E-004     0.17527862E+001     0.41651815E+001     0.18096431E-003    -0.45804418E-003
     0.43841945E+000     0.29395606E-002     0.26686241E-004     0.17455623E+001     0.41782590E+001     0.18053362E-003    -0.45254293E-003
     0.43878695E+000     0.29750104E-002     0.84913526E-004     0.17382472E+001     0.41913629E+001     0.18006047E-003    -0.44718590E-003
     0.43915444E+000     0.30098231E-002     0.14547915E-003     0.17308399E+001     0.42044922E+001     0.17954722E-003    -0.44196899E-003
     0.43952193E+000     0.30438782E-002     0.20846393E-003     0.17233395E+001     0.42176457E+001     0.17899606E-003    -0.43688823E-003
     0.43988943E+000     0.30770436E-002     0.27394639E-003     0.17157449E+001     0.42308221E+001     0.17840904E-003    -0.43193978E-003
     0.44025692E+000     0.31091745E-002     0.34200166E-003     0.17080553E+001     0.42440205E+001     0.17778808E-003    -0.42711991E-003
     0.44062441E+000     0.31401131E-002     0.41270037E-003     0.17002697E+001     0.42572396E+001     0.17713493E-003    -0.42242504E-003
     0.44099190E+000     0.31696880E-002     0.48610721E-003     0.16923873E+001     0.42704783E+001     0.17645126E-003    -0.41785169E-003
     0.44135940E+000     0.31977134E-002     0.56227947E-003     0.16844071E+001     0.42837356E+001     0.17573860E-003    -0.41339648E-003
     0.44172689E+000     0.32239889E-002     0.64126533E-003     0.16763282E+001     0.42970102E+001     0.17499836E-003    -0.40905615E-003
     0.44209438E+000     0.32482992E-002     0.72310194E-003     0.16681499E+001     0.43103009E+001     0.17423188E-003    -0.40482754E-003
     0.44246188E+000     0.32704141E-002     0.80781334E-003     0.16598712E+001     0.43236068E+001     0.17344037E-003    -0.40070760E-003
     0.44282937E+000     0.32900887E-002     0.89540824E-003     0.16514913E+001     0.43369265E+001     0.17262496E-003    -0.39669336E-003
     0.44319686E+000     0.33070633E-002     0.98587752E-003     0.16430095E+001     0.43502591E+001     0.17178670E-003    -0.39278194E-003
     0.44356436E+000     0.33210647E-002     0.10791917E-002     0.16344250E+001     0.43636032E+001     0.17092655E-003    -0.38897054E-003
     0.44393185E+000     0.33318071E-002     0.11752980E-002     0.16257368E+001     0.43769578E+001     0.17004540E-003    -0.38525648E-003
     0.44429934E+000     0.33389934E-002     0.12741180E-002     0.16169444E+001     0.43903217E+001     0.16914407E-003    -0.38163712E-003
     0.44466684E+000     0.33423171E-002     0.13755442E-002     0.16080469E+001     0.44036937E+001     0.16822331E-003    -0.37810991E-003
     0.44503433E+000     0.33414653E-002     0.14794377E-002     0.15990436E+001     0.44170727E+001     0.16728379E-003    -0.37467238E-003
     0.44540182E+000     0.33361211E-002     0.15856249E-002     0.15899337E+001     0.44304574E+001     0.16632615E-003    -0.37132212E-003
     0.44576932E+000     0.33259674E-002     0.16938958E-002     0.15807166E+001     0.44438468E+001     0.16535094E-003    -0.36805678E-003
     0.44613681E+000     0.33106912E-002     0.18040008E-002     0.15713915E+001     0.44572396E+001     0.16435870E-003    -0.36487410E-003
     0.44650430E+000     0.32899884E-002     0.19156500E-002     0.15619578E+001     0.44706346E+001     0.16334987E-003    -0.36177185E-003
     0.44687180E+000     0.32635691E-002     0.20285109E-002     0.15524148E+001     0.44840307E+001     0.16232489E-003    -0.35874788E-003
     0.44723929E+000     0.32311635E-002     0.21422090E-002     0.15427618E+001     0.44974265E+001     0.16128411E-003    -0.35580007E-003
     0.44760678E+000     0.31925282E-002     0.22563272E-002     0.15329981E+001     0.45108210E+001     0.16022787E-003    -0.35292639E-003
     0.44797428E+000     0.31474528E-002     0.23704078E-002     0.15231233E+001     0.45242130E+001     0.15915647E-003    -0.35012482E-003
     0.44834177E+000     0.30957668E-002     0.24839547E-002     0.15131365E+001     0.45376011E+001     0.15807015E-003    -0.34739341E-003
     0.44870926E+000     0.30373463E-002     0.25964371E-002     0.15030372E+001     0.45509842E+001     0.15696914E-003    -0.34473024E-003
     0.44907676E+000     0.29721203E-002     0.27072944E-002     0.14928249E+001     0.45643610E+001     0.15585362E-003    -0.34213345E-003
     0.44944425E+000     0.29000767E-002     0.28159422E-002     0.14824989E+001     0.45777302E+001     0.15472376E-003    -0.33960120E-003
     0.44981174E+000     0.28212677E-002     0.29217798E-002     0.14720586E+001     0.45910908E+001     0.15357967E-003    -0.33713170E-003
     0.45017924E+000     0.27358132E-002     0.30241989E-002     0.14615036E+001     0.46044413E+001     0.15242146E-003    -0.33472320E-003
     0.45054673E+000     0.26439044E-002     0.31225927E-002     0.14508332E+001     0.46177805E+001     0.15124922E-003    -0.33237396E-003
     0.45091422E+000     0.25458045E-002     0.32163658E-002     0.14400469E+001     0.46311072E+001     0.15006299E-003    -0.33008230E-003
     0.45128172E+000     0.24418481E-002     0.33049454E-002     0.14291443E+001     0.46444200E+001     0.14886281E-003    -0.32784654E-003
     0.45164921E+000     0.23324395E-002     0.33877914E-002     0.14181248E+001     0.46577177E+001     0.14764870E-003    -0.32566505E-003
     0.45201670E+000     0.22180477E-002     0.34644068E-002     0.14069879E+001     0.46709990E+001     0.14642066E-003    -0.32353622E-003
     0.45238420E+000     0.20992012E-002     0.35343471E-002     0.13957332E+001     0.46842626E+001     0.14517866E-003    -0.32145845E-003
     0.45275169E+000     0.19764799E-002     0.35972295E-002     0.13843601E+001     0.46975071E+001     0.14392268E-003    -0.31943018E-003
     0.45311918E+000     0.18505059E-002     0.36527393E-002     0.13728683E+001     0.47107314E+001     0.14265268E-003    -0.31744986E-003
     0.45348668E+000     0.17219335E-002     0.37006362E-002     0.13612574E+001     0.47239339E+001     0.14136860E-003    -0.31551597E-003
     0.45385417E+000     0.15914382E-002     0.37407572E-002     0.13495268E+001     0.47371134E+001     0.14007037E-003    -0.31362698E-003
     0.45422166E+000     0.14597048E-002     0.37730190E-002     0.13376762E+001     0.47502686E+001     0.13875794E-003    -0.31178140E-003
     0.45458916E+000     0.13274164E-002     0.37974174E-002     0.13257053E+001     0.47633981E+001     0.13743122E-003    -0.30997775E-003
     0.45495665E+000     0.11952431E-002     0.38140250E-002     0.13136136E+001     0.47765006E+001     0.13609014E-003    -0.30821457E-003
     0.45532414E+000     0.10638314E-002     0.38229872E-002     0.13014007E+001     0.47895746E+001     0.13473461E-003    -0.30649038E-003
     0.45569163E+000     0.93379557E-003     0.38245171E-002     0.12890664E+001     0.48026188E+001     0.13336455E-003    -0.30480376E-003
     0.45605913E+000     0.80570904E-003     0.38188880E-002     0.12766103E+001     0.48156318E+001     0.13197987E-003    -0.30315325E-003
     0.45642662E+000     0.68009823E-003     0.38064260E-002     0.12640321E+001     0.48286123E+001     0.13058051E-003    -0.30153743E-003
     0.45679411E+000     0.55743749E-003     0.37875017E-002     0.12513315E+001     0.48415587E+001     0.12916638E-003    -0.29995488E-003
     0.45716161E+000     0.43814573E-003     0.37625212E-002     0.12385082E+001     0.48544698E+001     0.12773741E-003    -0.29840418E-003
     0.45752910E+000     0.32258461E-003     0.37319174E-002     0.12255620E+001     0.48673441E+001     0.12629354E-003    -0.29688394E-003
     0.45789659E+000     0.21105804E-003     0.36961415E-002     0.12124925E+001     0.48801802E+001     0.12483471E-003    -0.29539273E-003
     0.45826409E+000     0.10381306E-003     0.36556554E-002     0.11992997E+001     0.48929766E+001     0.12336089E-003    -0.29392918E-003
     0.45863158E+000     0.10417448E-005     0.36109236E-002     0.11859832E+001     0.49057319E+001     0.12187204E-003    -0.29249188E-003
     0.45899907E+000    -0.97115988E-004     0.35624072E-002     0.11725429E+001     0.49184446E+001     0.12036814E-003    -0.29107945E-003
     0.45936657E+000    -0.19056884E-003     0.35105582E-002     0.11589786E+001     0.49311134E+001     0.11884919E-003    -0.28969051E-003
     0.45973406E+000    -0.27927014E-003     0.34558141E-002     0.11452900E+001     0.49437366E+001     0.11731522E-003    -0.28832367E-003
     0.46010155E+000    -0.36321346E-003     0.33985946E-002     0.11314772E+001     0.49563130E+001     0.11576624E-003    -0.28697756E-003
     0.46046905E+000    -0.44242816E-003     0.33392981E-002     0.11175399E+001     0.49688409E+001     0.11420231E-003    -0.28565082E-003
     0.46083654E+000    -0.51697482E-003     0.32782998E-002     0.11034781E+001     0.49813189E+001     0.11262352E-003    -0.28434207E-003
     0.46120403E+000    -0.58694082E-003     0.32159495E-002     0.10892916E+001     0.49937455E+001     0.11102996E-003    -0.28304996E-003
     0.46157153E+000    -0.65243604E-003     0.31525715E-002     0.10749805E+001     0.50061192E+001     0.10942175E-003    -0.28177312E-003
     0.46193902E+000    -0.71358889E-003     0.30884636E-002     0.10605445E+001     0.50184386E+001     0.10779904E-003    -0.28051022E-003
     0.46230651E+000    -0.77054259E-003     0.30238975E-002     0.10459837E+001     0.50307020E+001     0.10616203E-003    -0.27925991E-003
     0.46267401E+000    -0.82345175E-003     0.29591193E-002     0.10312982E+001     0.50429079E+001     0.10451090E-003    -0.27802086E-003
     0.46304150E+000    -0.87247936E-003     0.28943502E-002     0.10164878E+001     0.50550549E+001     0.10284591E-003    -0.27679174E-003
     0.46340899E+000    -0.91779404E-003     0.28297880E-002     0.10015526E+001     0.50671414E+001     0.10116732E-003    -0.27557124E-003
     0.46377649E+000    -0.95956776E-003     0.27656076E-002     0.98649267E+000     0.50791658E+001     0.99475433E-004    -0.27435805E-003
     0.46414398E+000    -0.99797372E-003     0.27019630E-002     0.97130807E+000     0.50911267E+001     0.97770590E-004    -0.27315088E-003
     0.46451147E+000    -0.10331847E-002     0.26389884E-002     0.95599888E+000     0.51030224E+001     0.96053163E-004    -0.27194846E-003
     0.46487897E+000    -0.10653714E-002     0.25767999E-002     0.94056520E+000     0.51148514E+001     0.94323560E-004    -0.27074952E-003
     0.46524646E+000    -0.10947016E-002     0.25154965E-002     0.92500716E+000     0.51266122E+001     0.92582225E-004    -0.26955282E-003
     0.46561395E+000    -0.11213389E-002     0.24551623E-002     0.90932491E+000     0.51383031E+001     0.90829642E-004    -0.26835715E-003
     0.46598145E+000    -0.11454419E-002     0.23958672E-002     0.89351861E+000     0.51499227E+001     0.89066329E-004    -0.26716129E-003
     0.46634894E+000    -0.11671641E-002     0.23376685E-002     0.87758846E+000     0.51614693E+001     0.87292845E-004    -0.26596406E-003
     0.46671643E+000    -0.11866527E-002     0.22806121E-002     0.86153468E+000     0.51729413E+001     0.85509786E-004    -0.26476431E-003
     0.46708393E+000    -0.12040491E-002     0.22247341E-002     0.84535748E+000     0.51843372E+001     0.83717787E-004    -0.26356092E-003
     0.46745142E+000    -0.12194880E-002     0.21700611E-002     0.82905713E+000     0.51956554E+001     0.81917519E-004    -0.26235278E-003
     0.46781891E+000    -0.12330981E-002     0.21166120E-002     0.81263391E+000     0.52068943E+001     0.80109693E-004    -0.26113883E-003
     0.46818641E+000    -0.12450011E-002     0.20643985E-002     0.79608812E+000     0.52180522E+001     0.78295056E-004    -0.25991803E-003
     0.46855390E+000    -0.12553128E-002     0.20134262E-002     0.77942009E+000     0.52291277E+001     0.76474392E-004    -0.25868940E-003
     0.46892139E+000    -0.12641425E-002     0.19636952E-002     0.76263015E+000     0.52401190E+001     0.74648521E-004    -0.25745197E-003
     0.46928889E+000    -0.12715932E-002     0.19152010E-002     0.74571868E+000     0.52510247E+001     0.72818297E-004    -0.25620483E-003
     0.46965638E+000    -0.12777623E-002     0.18679348E-002     0.72868607E+000     0.52618430E+001     0.70984608E-004    -0.25494709E-003
     0.47002387E+000    -0.12827411E-002     0.18218846E-002     0.71153274E+000     0.52725724E+001     0.69148371E-004    -0.25367794E-003
     0.47039137E+000    -0.12866157E-002     0.17770354E-002     0.69425913E+000     0.52832113E+001     0.67310538E-004    -0.25239660E-003
     0.47075886E+000    -0.12894668E-002     0.17333698E-002     0.67686570E+000     0.52937581E+001     0.65472085E-004    -0.25110232E-003
     0.47112635E+000    -0.12913698E-002     0.16908680E-002     0.65935294E+000     0.53042111E+001     0.63634016E-004    -0.24979442E-003
     0.47149384E+000    -0.12923958E-002     0.16495088E-002     0.64172137E+000     0.53145688E+001     0.61797360E-004    -0.24847228E-003
     0.47186134E+000    -0.12926108E-002     0.16092697E-002     0.62397151E+000     0.53248295E+001     0.59963166E-004    -0.24713533E-003
     0.47222883E+000    -0.12920770E-002     0.15701268E-002     0.60610393E+000     0.53349916E+001     0.58132502E-004    -0.24578304E-003
     0.47259632E+000    -0.12908522E-002     0.15320556E-002     0.58811921E+000     0.53450536E+001     0.56306455E-004    -0.24441495E-003
     0.47296382E+000    -0.12889905E-002     0.14950310E-002     0.57001797E+000     0.53550138E+001     0.54486123E-004    -0.24303066E-003
     0.47333131E+000    -0.12865422E-002     0.14590273E-002     0.55180084E+000     0.53648707E+001     0.52672616E-004    -0.24162983E-003
     0.47369880E+000    -0.12835545E-002     0.14240187E-002     0.53346848E+000     0.53746225E+001     0.50867051E-004    -0.24021217E-003
     0.47406630E+000    -0.12800713E-002     0.13899792E-002     0.51502157E+000     0.53842678E+001     0.49070549E-004    -0.23877746E-003
     0.47443379E+000    -0.12761333E-002     0.13568830E-002     0.49646083E+000     0.53938049E+001     0.47284234E-004    -0.23732554E-003
     0.47480128E+000    -0.12717786E-002     0.13247042E-002     0.47778698E+000     0.54032322E+001     0.45509226E-004    -0.23585631E-003
     0.47516878E+000    -0.12670427E-002     0.12934172E-002     0.45900080E+000     0.54125482E+001     0.43746642E-004    -0.23436974E-003
     0.47553627E+000    -0.12619585E-002     0.12629967E-002     0.44010306E+000     0.54217512E+001     0.41997588E-004    -0.23286584E-003
     0.47590376E+000    -0.12565568E-002     0.12334178E-002     0.42109457E+000     0.54308397E+001     0.40263159E-004    -0.23134469E-003
     0.47627126E+000    -0.12508660E-002     0.12046560E-002     0.40197619E+000     0.54398121E+001     0.38544436E-004    -0.22980645E-003
     0.47663875E+000    -0.12449128E-002     0.11766871E-002     0.38274876E+000     0.54486668E+001     0.36842480E-004    -0.22825131E-003
     0.47700624E+000    -0.12387216E-002     0.11494875E-002     0.36341317E+000     0.54574023E+001     0.35158331E-004    -0.22667953E-003
     0.47737374E+000    -0.12323155E-002     0.11230342E-002     0.34397035E+000     0.54660171E+001     0.33493005E-004    -0.22509142E-003
     0.47774123E+000    -0.12257158E-002     0.10973046E-002     0.32442122E+000     0.54745094E+001     0.31847488E-004    -0.22348735E-003
     0.47810872E+000    -0.12189422E-002     0.10722767E-002     0.30476676E+000     0.54828779E+001     0.30222738E-004    -0.22186774E-003
     0.47847622E+000    -0.12120131E-002     0.10479292E-002     0.28500796E+000     0.54911210E+001     0.28619679E-004    -0.22023306E-003
     0.47884371E+000    -0.12049454E-002     0.10242411E-002     0.26514584E+000     0.54992371E+001     0.27039199E-004    -0.21858382E-003
     0.47921120E+000    -0.11977551E-002     0.10011921E-002     0.24518143E+000     0.55072248E+001     0.25482148E-004    -0.21692060E-003
     0.47957870E+000    -0.11904568E-002     0.97876266E-003     0.22511581E+000     0.55150825E+001     0.23949336E-004    -0.21524399E-003
     0.47994619E+000    -0.11830640E-002     0.95693350E-003     0.20495007E+000     0.55228088E+001     0.22441530E-004    -0.21355464E-003
     0.48031368E+000    -0.11755895E-002     0.93568610E-003     0.18468533E+000     0.55304021E+001     0.20959452E-004    -0.21185323E-003
     0.48068118E+000    -0.11680448E-002     0.91500246E-003     0.16432274E+000     0.55378609E+001     0.19503782E-004    -0.21014048E-003
     0.48104867E+000    -0.11604408E-002     0.89486513E-003     0.14386347E+000     0.55451839E+001     0.18075148E-004    -0.20841713E-003
     0.48141616E+000    -0.11527875E-002     0.87525720E-003     0.12330872E+000     0.55523695E+001     0.16674133E-004    -0.20668396E-003
     0.48178366E+000    -0.11450942E-002     0.85616230E-003     0.10265970E+000     0.55594163E+001     0.15301270E-004    -0.20494177E-003
     0.48215115E+000    -0.11373695E-002     0.83756458E-003     0.81917671E-001     0.55663229E+001     0.13957042E-004    -0.20319137E-003
     0.48251864E+000    -0.11296213E-002     0.81944871E-003     0.61083901E-001     0.55730878E+001     0.12641882E-004    -0.20143361E-003
     0.48288614E+000    -0.11218570E-002     0.80179984E-003     0.40159689E-001     0.55797097E+001     0.11356173E-004    -0.19966934E-003
     0.48325363E+000    -0.11140833E-002     0.78460363E-003     0.19146358E-001     0.55861871E+001     0.10100245E-004    -0.19789942E-003
     0.48362112E+000    -0.11063064E-002     0.76784618E-003    -0.19547449E-002     0.55925187E+001     0.88743803E-005    -0.19612474E-003
     0.48398862E+000    -0.10985322E-002     0.75151409E-003    -0.23142247E-001     0.55987032E+001     0.76788103E-005    -0.19434616E-003
     0.48435611E+000    -0.10907659E-002     0.73559438E-003    -0.44414751E-001     0.56047392E+001     0.65137166E-005    -0.19256458E-003
     0.48472360E+000    -0.10830125E-002     0.72007449E-003    -0.65770836E-001     0.56106253E+001     0.53792324E-005    -0.19078087E-003
     0.48509110E+000    -0.10752765E-002     0.70494232E-003    -0.87209056E-001     0.56163603E+001     0.42754429E-005    -0.18899593E-003
     0.48545859E+000    -0.10675620E-002     0.69018615E-003    -0.10872794E+000     0.56219428E+001     0.32023870E-005    -0.18721061E-003
     0.48582608E+000    -0.10598727E-002     0.67579464E-003    -0.13032600E+000     0.56273716E+001     0.21600578E-005    -0.18542580E-003
     0.48619358E+000    -0.10522123E-002     0.66175687E-003    -0.15200171E+000     0.56326454E+001     0.11484046E-005    -0.18364234E-003
     0.48656107E+000    -0.10445839E-002     0.64806226E-003    -0.17375354E+000     0.56377631E+001     0.16733386E-006    -0.18186109E-003
     0.48692856E+000    -0.10369904E-002     0.63470060E-003    -0.19557993E+000     0.56427233E+001    -0.78328870E-006    -0.18008287E-003
     0.48729605E+000    -0.10294344E-002     0.62166200E-003    -0.21747928E+000     0.56475248E+001    -0.17036368E-005    -0.17830850E-003
     0.48766355E+000    -0.10219185E-002     0.60893693E-003    -0.23944999E+000     0.56521666E+001    -0.25939215E-005    -0.17653877E-003
     0.48803104E+000    -0.10144449E-002     0.59651617E-003    -0.26149043E+000     0.56566474E+001    -0.34543897E-005    -0.17477446E-003
     0.48839853E+000    -0.10070154E-002     0.58439082E-003    -0.28359894E+000     0.56609661E+001    -0.42853219E-005    -0.17301632E-003
     0.48876603E+000    -0.99963206E-003     0.57255225E-003    -0.30577386E+000     0.56651216E+001    -0.50870307E-005    -0.17126508E-003
     0.48913352E+000    -0.99229639E-003     0.56099216E-003    -0.32801349E+000     0.56691127E+001    -0.58598582E-005    -0.16952145E-003
     0.48950101E+000    -0.98500990E-003     0.54970249E-003    -0.35031611E+000     0.56729385E+001    -0.66041746E-005    -0.16778612E-003
     0.48986851E+000    -0.97777391E-003     0.53867546E-003    -0.37267998E+000     0.56765978E+001    -0.73203760E-005    -0.16605974E-003
     0.49023600E+000    -0.97058961E-003     0.52790358E-003    -0.39510335E+000     0.56800897E+001    -0.80088823E-005    -0.16434293E-003
     0.49060349E+000    -0.96345805E-003     0.51737955E-003    -0.41758444E+000     0.56834131E+001    -0.86701353E-005    -0.16263631E-003
     0.49097099E+000    -0.95638016E-003     0.50709637E-003    -0.44012146E+000     0.56865671E+001    -0.93045970E-005    -0.16094045E-003
     0.49133848E+000    -0.94935675E-003     0.49704724E-003    -0.46271259E+000     0.56895507E+001    -0.99127472E-005    -0.15925589E-003
     0.49170597E+000    -0.94238852E-003     0.48722559E-003    -0.48535599E+000     0.56923630E+001    -0.10495082E-004    -0.15758316E-003
     0.49207347E+000    -0.93547610E-003     0.47762506E-003    -0.50804982E+000     0.56950031E+001    -0.11052112E-004    -0.15592275E-003
     0.49244096E+000    -0.92861999E-003     0.46823950E-003    -0.53079221E+000     0.56974701E+001    -0.11584360E-004    -0.15427512E-003
     0.49280845E+000    -0.92182064E-003     0.45906298E-003    -0.55358125E+000     0.56997632E+001    -0.12092359E-004    -0.15264070E-003
     0.49317595E+000    -0.91507840E-003     0.45008974E-003    -0.57641506E+000     0.57018815E+001    -0.12576654E-004    -0.15101990E-003
     0.49354344E+000    -0.90839355E-003     0.44131422E-003    -0.59929172E+000     0.57038242E+001    -0.13037794E-004    -0.14941310E-003
     0.49391093E+000    -0.90176631E-003     0.43273102E-003    -0.62220927E+000     0.57055907E+001    -0.13476335E-004    -0.14782066E-003
     0.49427843E+000    -0.89519683E-003     0.42433494E-003    -0.64516578E+000     0.57071801E+001    -0.13892840E-004    -0.14624290E-003
     0.49464592E+000    -0.88868521E-003     0.41612093E-003    -0.66815927E+000     0.57085917E+001    -0.14287872E-004    -0.14468011E-003
     0.49501341E+000    -0.88223149E-003     0.40808410E-003    -0.69118776E+000     0.57098248E+001    -0.14661998E-004    -0.14313258E-003
     0.49538091E+000    -0.87583566E-003     0.40021973E-003    -0.71424926E+000     0.57108789E+001    -0.15015784E-004    -0.14160054E-003
     0.49574840E+000    -0.86949767E-003     0.39252324E-003    -0.73734175E+000     0.57117532E+001    -0.15349797E-004    -0.14008423E-003
     0.49611589E+000    -0.86321744E-003     0.38499019E-003    -0.76046322E+000     0.57124473E+001    -0.15664600E-004    -0.13858384E-003
     0.49648339E+000    -0.85699481E-003     0.37761628E-003    -0.78361162E+000     0.57129604E+001    -0.15960757E-004    -0.13709955E-003
     0.49685088E+000    -0.85082964E-003     0.37039736E-003    -0.80678491E+000     0.57132922E+001    -0.16238824E-004    -0.13563151E-003
     0.49721837E+000    -0.84472170E-003     0.36332939E-003    -0.82998103E+000     0.57134420E+001    -0.16499357E-004    -0.13417987E-003
     0.49758587E+000    -0.83867078E-003     0.35640846E-003    -0.85319792E+000     0.57134094E+001    -0.16742903E-004    -0.13274472E-003
     0.49795336E+000    -0.83267661E-003     0.34963080E-003    -0.87643349E+000     0.57131940E+001    -0.16970004E-004    -0.13132616E-003
     0.49832085E+000    -0.82673891E-003     0.34299272E-003    -0.89968565E+000     0.57127954E+001    -0.17181196E-004    -0.12992427E-003
     0.49868835E+000    -0.82085737E-003     0.33649068E-003    -0.92295230E+000     0.57122131E+001    -0.17377007E-004    -0.12853910E-003
     0.49905584E+000    -0.81503166E-003     0.33012121E-003    -0.94623134E+000     0.57114469E+001    -0.17557957E-004    -0.12717068E-003
     0.49942333E+000    -0.80926143E-003     0.32388099E-003    -0.96952065E+000     0.57104964E+001    -0.17724558E-004    -0.12581905E-003
     0.49979083E+000    -0.80354632E-003     0.31776676E-003    -0.99281811E+000     0.57093614E+001    -0.17877313E-004    -0.12448419E-003
     0.50015832E+000    -0.79788595E-003     0.31177537E-003    -0.10161216E+001     0.57080415E+001    -0.18016716E-004    -0.12316611E-003
     0.50052581E+000    -0.79227991E-003     0.30590378E-003    -0.10394290E+001     0.57065366E+001    -0.18143250E-004    -0.12186478E-003
     0.50089331E+000    -0.78672780E-003     0.30014903E-003    -0.10627381E+001     0.57048466E+001    -0.18257390E-004    -0.12058015E-003
     0.50126080E+000    -0.78122920E-003     0.29450824E-003    -0.10860468E+001     0.57029711E+001    -0.18359599E-004    -0.11931219E-003
     0.50162829E+000    -0.77578367E-003     0.28897863E-003    -0.11093529E+001     0.57009102E+001    -0.18450332E-004    -0.11806082E-003
     0.50199578E+000    -0.77039079E-003     0.28355748E-003    -0.11326544E+001     0.56986637E+001    -0.18530030E-004    -0.11682598E-003
     0.50236328E+000    -0.76505009E-003     0.27824217E-003    -0.11559490E+001     0.56962316E+001    -0.18599128E-004    -0.11560757E-003
     0.50273077E+000    -0.75976112E-003     0.27303015E-003    -0.11792345E+001     0.56936139E+001    -0.18658046E-004    -0.11440550E-003
     0.50309826E+000    -0.75452342E-003     0.26791894E-003    -0.12025089E+001     0.56908105E+001    -0.18707196E-004    -0.11321967E-003
     0.50346576E+000    -0.74933653E-003     0.26290613E-003    -0.12257699E+001     0.56878216E+001    -0.18746977E-004    -0.11204997E-003
     0.50383325E+000    -0.74419996E-003     0.25798940E-003    -0.12490155E+001     0.56846472E+001    -0.18777780E-004    -0.11089628E-003
     0.50420074E+000    -0.73911325E-003     0.25316647E-003    -0.12722433E+001     0.56812874E+001    -0.18799982E-004    -0.10975846E-003
     0.50456824E+000    -0.73407592E-003     0.24843514E-003    -0.12954514E+001     0.56777424E+001    -0.18813951E-004    -0.10863639E-003
     0.50493573E+000    -0.72908748E-003     0.24379325E-003    -0.13186374E+001     0.56740124E+001    -0.18820046E-004    -0.10752992E-003
     0.50530322E+000    -0.72414745E-003     0.23923874E-003    -0.13417993E+001     0.56700975E+001    -0.18818612E-004    -0.10643891E-003
     0.50567072E+000    -0.71925535E-003     0.23476958E-003    -0.13649349E+001     0.56659981E+001    -0.18809985E-004    -0.10536321E-003
     0.50603821E+000    -0.71441069E-003     0.23038379E-003    -0.13880420E+001     0.56617144E+001    -0.18794491E-004    -0.10430265E-003
     0.50640570E+000    -0.70961298E-003     0.22607947E-003    -0.14111185E+001     0.56572467E+001    -0.18772447E-004    -0.10325708E-003
     0.50677320E+000    -0.70486174E-003     0.22185476E-003    -0.14341623E+001     0.56525953E+001    -0.18744156E-004    -0.10222634E-003
     0.50714069E+000    -0.70015648E-003     0.21770784E-003    -0.14571712E+001     0.56477607E+001    -0.18709916E-004    -0.10121025E-003
     0.50750818E+000    -0.69549672E-003     0.21363697E-003    -0.14801431E+001     0.56427433E+001    -0.18670012E-004    -0.10020864E-003
     0.50787568E+000    -0.69088198E-003     0.20964042E-003    -0.15030759E+001     0.56375435E+001    -0.18624719E-004    -0.99221354E-004
     0.50824317E+000    -0.68631177E-003     0.20571654E-003    -0.15259674E+001     0.56321618E+001    -0.18574306E-004    -0.98248201E-004
     0.50861066E+000    -0.68178562E-003     0.20186370E-003    -0.15488155E+001     0.56265988E+001    -0.18519031E-004    -0.97289006E-004
     0.50897816E+000    -0.67730304E-003     0.19808033E-003    -0.15716182E+001     0.56208548E+001    -0.18459141E-004    -0.96343592E-004
     0.50934565E+000    -0.67286356E-003     0.19436489E-003    -0.15943733E+001     0.56149307E+001    -0.18394876E-004    -0.95411778E-004
     0.50971314E+000    -0.66846671E-003     0.19071590E-003    -0.16170788E+001     0.56088268E+001    -0.18326470E-004    -0.94493382E-004
     0.51008064E+000    -0.66411202E-003     0.18713189E-003    -0.16397325E+001     0.56025440E+001    -0.18254144E-004    -0.93588223E-004
     0.51044813E+000    -0.65979901E-003     0.18361145E-003    -0.16623325E+001     0.55960829E+001    -0.18178113E-004    -0.92696118E-004
     0.51081562E+000    -0.65552724E-003     0.18015321E-003    -0.16848767E+001     0.55894441E+001    -0.18098586E-004    -0.91816884E-004
     0.51118312E+000    -0.65129623E-003     0.17675583E-003    -0.17073630E+001     0.55826284E+001    -0.18015760E-004    -0.90950339E-004
     0.51155061E+000    -0.64710552E-003     0.17341799E-003    -0.17297894E+001     0.55756366E+001    -0.17929828E-004    -0.90096299E-004
     0.51191810E+000    -0.64295467E-003     0.17013842E-003    -0.17521539E+001     0.55684695E+001    -0.17840974E-004    -0.89254583E-004
     0.51228560E+000    -0.63884323E-003     0.16691589E-003    -0.17744546E+001     0.55611279E+001    -0.17749376E-004    -0.88425009E-004
     0.51265309E+000    -0.63477074E-003     0.16374918E-003    -0.17966893E+001     0.55536127E+001    -0.17655204E-004    -0.87607396E-004
     0.51302058E+000    -0.63073677E-003     0.16063712E-003    -0.18188562E+001     0.55459248E+001    -0.17558622E-004    -0.86801564E-004
     0.51338808E+000    -0.62674088E-003     0.15757857E-003    -0.18409534E+001     0.55380650E+001    -0.17459788E-004    -0.86007333E-004
     0.51375557E+000    -0.62278264E-003     0.15457239E-003    -0.18629787E+001     0.55300343E+001    -0.17358852E-004    -0.85224526E-004
     0.51412306E+000    -0.61886160E-003     0.15161751E-003    -0.18849305E+001     0.55218338E+001    -0.17255959E-004    -0.84452965E-004
     0.51449056E+000    -0.61497736E-003     0.14871286E-003    -0.19068067E+001     0.55134644E+001    -0.17151248E-004    -0.83692477E-004
     0.51485805E+000    -0.61112948E-003     0.14585741E-003    -0.19286054E+001     0.55049271E+001    -0.17044853E-004    -0.82942886E-004
     0.51522554E+000    -0.60731755E-003     0.14305014E-003    -0.19503249E+001     0.54962230E+001    -0.16936902E-004    -0.82204020E-004
     0.51559304E+000    -0.60354116E-003     0.14029006E-003    -0.19719632E+001     0.54873532E+001    -0.16827517E-004    -0.81475709E-004
     0.51596053E+000    -0.59979989E-003     0.13757623E-003    -0.19935185E+001     0.54783188E+001    -0.16716814E-004    -0.80757784E-004
     0.51632802E+000    -0.59609335E-003     0.13490770E-003    -0.20149890E+001     0.54691210E+001    -0.16604908E-004    -0.80050078E-004
     0.51669552E+000    -0.59242114E-003     0.13228355E-003    -0.20363730E+001     0.54597609E+001    -0.16491904E-004    -0.79352425E-004
     0.51706301E+000    -0.58878285E-003     0.12970290E-003    -0.20576687E+001     0.54502397E+001    -0.16377907E-004    -0.78664661E-004
     0.51743050E+000    -0.58517809E-003     0.12716488E-003    -0.20788742E+001     0.54405587E+001    -0.16263013E-004    -0.77986626E-004
     0.51779799E+000    -0.58160649E-003     0.12466862E-003    -0.20999879E+001     0.54307190E+001    -0.16147318E-004    -0.77318160E-004
     0.51816549E+000    -0.57806765E-003     0.12221332E-003    -0.21210082E+001     0.54207219E+001    -0.16030912E-004    -0.76659105E-004
     0.51853298E+000    -0.57456121E-003     0.11979815E-003    -0.21419332E+001     0.54105688E+001    -0.15913879E-004    -0.76009307E-004
     0.51890047E+000    -0.57108678E-003     0.11742233E-003    -0.21627614E+001     0.54002610E+001    -0.15796302E-004    -0.75368611E-004
     0.51926797E+000    -0.56764400E-003     0.11508509E-003    -0.21834911E+001     0.53897997E+001    -0.15678260E-004    -0.74736867E-004
     0.51963546E+000    -0.56423250E-003     0.11278567E-003    -0.22041207E+001     0.53791863E+001    -0.15559826E-004    -0.74113925E-004
     0.52000295E+000    -0.56085192E-003     0.11052334E-003    -0.22246486E+001     0.53684223E+001    -0.15441072E-004    -0.73499639E-004
     0.52037045E+000    -0.55750190E-003     0.10829737E-003    -0.22450733E+001     0.53575091E+001    -0.15322066E-004    -0.72893863E-004
     0.52073794E+000    -0.55418210E-003     0.10610708E-003    -0.22653932E+001     0.53464479E+001    -0.15202873E-004    -0.72296456E-004
     0.52110543E+000    -0.55089217E-003     0.10395178E-003    -0.22856068E+001     0.53352404E+001    -0.15083553E-004    -0.71707277E-004
     0.52147293E+000    -0.54763176E-003     0.10183079E-003    -0.23057126E+001     0.53238879E+001    -0.14964167E-004    -0.71126187E-004
     0.52184042E+000    -0.54440053E-003     0.99743457E-004    -0.23257092E+001     0.53123920E+001    -0.14844768E-004    -0.70553050E-004
     0.52220791E+000    -0.54119815E-003     0.97689152E-004    -0.23455951E+001     0.53007541E+001    -0.14725410E-004    -0.69987732E-004
     0.52257541E+000    -0.53802429E-003     0.95667247E-004    -0.23653689E+001     0.52889758E+001    -0.14606144E-004    -0.69430102E-004
     0.52294290E+000    -0.53487861E-003     0.93677132E-004    -0.23850293E+001     0.52770586E+001    -0.14487018E-004    -0.68880029E-004
     0.52331039E+000    -0.53176081E-003     0.91718211E-004    -0.24045748E+001     0.52650040E+001    -0.14368076E-004    -0.68337387E-004
     0.52367789E+000    -0.52867056E-003     0.89789902E-004    -0.24240041E+001     0.52528136E+001    -0.14249361E-004    -0.67802049E-004
     0.52404538E+000    -0.52560754E-003     0.87891634E-004    -0.24433160E+001     0.52404891E+001    -0.14130916E-004    -0.67273892E-004
     0.52441287E+000    -0.52257144E-003     0.86022853E-004    -0.24625091E+001     0.52280319E+001    -0.14012777E-004    -0.66752796E-004
     0.52478037E+000    -0.51956197E-003     0.84183012E-004    -0.24815822E+001     0.52154438E+001    -0.13894982E-004    -0.66238640E-004
     0.52514786E+000    -0.51657880E-003     0.82371581E-004    -0.25005341E+001     0.52027264E+001    -0.13777565E-004    -0.65731307E-004
     0.52551535E+000    -0.51362166E-003     0.80588039E-004    -0.25193636E+001     0.51898812E+001    -0.13660559E-004    -0.65230683E-004
     0.52588285E+000    -0.51069023E-003     0.78831877E-004    -0.25380696E+001     0.51769100E+001    -0.13543995E-004    -0.64736654E-004
     0.52625034E+000    -0.50778423E-003     0.77102597E-004    -0.25566508E+001     0.51638144E+001    -0.13427901E-004    -0.64249108E-004
     0.52661783E+000    -0.50490338E-003     0.75399713E-004    -0.25751062E+001     0.51505961E+001    -0.13312306E-004    -0.63767938E-004
     0.52698533E+000    -0.50204738E-003     0.73722748E-004    -0.25934347E+001     0.51372569E+001    -0.13197235E-004    -0.63293034E-004
     0.52735282E+000    -0.49921596E-003     0.72071236E-004    -0.26116353E+001     0.51237983E+001    -0.13082712E-004    -0.62824293E-004
     0.52772031E+000    -0.49640885E-003     0.70444721E-004    -0.26297069E+001     0.51102221E+001    -0.12968760E-004    -0.62361610E-004
     0.52808781E+000    -0.49362576E-003     0.68842758E-004    -0.26476485E+001     0.50965301E+001    -0.12855401E-004    -0.61904884E-004
     0.52845530E+000    -0.49086643E-003     0.67264910E-004    -0.26654592E+001     0.50827240E+001    -0.12742654E-004    -0.61454015E-004
     0.52882279E+000    -0.48813059E-003     0.65710750E-004    -0.26831380E+001     0.50688054E+001    -0.12630539E-004    -0.61008904E-004
     0.52919029E+000    -0.48541798E-003     0.64179859E-004    -0.27006840E+001     0.50547762E+001    -0.12519073E-004    -0.60569457E-004
     0.52955778E+000    -0.48272834E-003     0.62671829E-004    -0.27180964E+001     0.50406382E+001    -0.12408271E-004    -0.60135577E-004
     0.52992527E+000    -0.48006142E-003     0.61186259E-004    -0.27353742E+001     0.50263930E+001    -0.12298150E-004    -0.59707173E-004
     0.53029277E+000    -0.47741695E-003     0.59722756E-004    -0.27525167E+001     0.50120425E+001    -0.12188724E-004    -0.59284154E-004
     0.53066026E+000    -0.47479471E-003     0.58280937E-004    -0.27695231E+001     0.49975884E+001    -0.12080005E-004    -0.58866429E-004
     0.53102775E+000    -0.47219442E-003     0.56860426E-004    -0.27863925E+001     0.49830324E+001    -0.11972005E-004    -0.58453912E-004
     0.53139525E+000    -0.46961587E-003     0.55460855E-004    -0.28031244E+001     0.49683765E+001    -0.11864737E-004    -0.58046516E-004
     0.53176274E+000    -0.46705879E-003     0.54081863E-004    -0.28197179E+001     0.49536224E+001    -0.11758209E-004    -0.57644157E-004
     0.53213023E+000    -0.46452297E-003     0.52723097E-004    -0.28361724E+001     0.49387718E+001    -0.11652431E-004    -0.57246751E-004
     0.53249773E+000    -0.46200816E-003     0.51384211E-004    -0.28524872E+001     0.49238266E+001    -0.11547413E-004    -0.56854217E-004
     0.53286522E+000    -0.45951413E-003     0.50064867E-004    -0.28686617E+001     0.49087886E+001    -0.11443161E-004    -0.56466476E-004
     0.53323271E+000    -0.45704066E-003     0.48764733E-004    -0.28846953E+001     0.48936595E+001    -0.11339683E-004    -0.56083449E-004
     0.53360020E+000    -0.45458752E-003     0.47483483E-004    -0.29005875E+001     0.48784412E+001    -0.11236984E-004    -0.55705059E-004
     0.53396770E+000    -0.45215449E-003     0.46220800E-004    -0.29163376E+001     0.48631355E+001    -0.11135071E-004    -0.55331230E-004
     0.53433519E+000    -0.44974135E-003     0.44976370E-004    -0.29319453E+001     0.48477441E+001    -0.11033949E-004    -0.54961889E-004
     0.53470268E+000    -0.44734789E-003     0.43749889E-004    -0.29474100E+001     0.48322689E+001    -0.10933621E-004    -0.54596962E-004
     0.53507018E+000    -0.44497389E-003     0.42541057E-004    -0.29627313E+001     0.48167117E+001    -0.10834092E-004    -0.54236379E-004
     0.53543767E+000    -0.44261914E-003     0.41349580E-004    -0.29779087E+001     0.48010742E+001    -0.10735365E-004    -0.53880069E-004
     0.53580516E+000    -0.44028344E-003     0.40175170E-004    -0.29929418E+001     0.47853584E+001    -0.10637442E-004    -0.53527963E-004
     0.53617266E+000    -0.43796658E-003     0.39017545E-004    -0.30078303E+001     0.47695659E+001    -0.10540326E-004    -0.53179995E-004
     0.53654015E+000    -0.43566835E-003     0.37876428E-004    -0.30225738E+001     0.47536985E+001    -0.10444018E-004    -0.52836098E-004
     0.53690764E+000    -0.43338856E-003     0.36751549E-004    -0.30371720E+001     0.47377581E+001    -0.10348519E-004    -0.52496206E-004
     0.53727514E+000    -0.43112702E-003     0.35642641E-004    -0.30516247E+001     0.47217465E+001    -0.10253831E-004    -0.52160257E-004
     0.53764263E+000    -0.42888351E-003     0.34549444E-004    -0.30659315E+001     0.47056654E+001    -0.10159953E-004    -0.51828188E-004
     0.53801012E+000    -0.42665787E-003     0.33471703E-004    -0.30800921E+001     0.46895166E+001    -0.10066885E-004    -0.51499937E-004
     0.53837762E+000    -0.42444988E-003     0.32409166E-004    -0.30941065E+001     0.46733019E+001    -0.99746277E-005    -0.51175444E-004
     0.53874511E+000    -0.42225938E-003     0.31361588E-004    -0.31079744E+001     0.46570231E+001    -0.98831793E-005    -0.50854650E-004
     0.53911260E+000    -0.42008616E-003     0.30328728E-004    -0.31216957E+001     0.46406818E+001    -0.97925389E-005    -0.50537497E-004
     0.53948010E+000    -0.41793006E-003     0.29310350E-004    -0.31352701E+001     0.46242800E+001    -0.97027052E-005    -0.50223928E-004
     0.53984759E+000    -0.41579088E-003     0.28306221E-004    -0.31486977E+001     0.46078193E+001    -0.96136765E-005    -0.49913888E-004
     0.54021508E+000    -0.41366846E-003     0.27316115E-004    -0.31619783E+001     0.45913015E+001    -0.95254505E-005    -0.49607321E-004
     0.54058258E+000    -0.41156262E-003     0.26339808E-004    -0.31751118E+001     0.45747282E+001    -0.94380252E-005    -0.49304174E-004
     0.54095007E+000    -0.40947317E-003     0.25377082E-004    -0.31880982E+001     0.45581014E+001    -0.93513978E-005    -0.49004393E-004
     0.54131756E+000    -0.40739996E-003     0.24427721E-004    -0.32009376E+001     0.45414226E+001    -0.92655657E-005    -0.48707928E-004
     0.54168506E+000    -0.40534282E-003     0.23491514E-004    -0.32136298E+001     0.45246936E+001    -0.91805257E-005    -0.48414726E-004
     0.54205255E+000    -0.40330157E-003     0.22568256E-004    -0.32261750E+001     0.45079160E+001    -0.90962746E-005    -0.48124739E-004
     0.54242004E+000    -0.40127605E-003     0.21657743E-004    -0.32385732E+001     0.44910917E+001    -0.90128091E-005    -0.47837918E-004
     0.54278754E+000    -0.39926610E-003     0.20759776E-004    -0.32508245E+001     0.44742222E+001    -0.89301254E-005    -0.47554213E-004
     0.54315503E+000    -0.39727156E-003     0.19874159E-004    -0.32629290E+001     0.44573093E+001    -0.88482197E-005    -0.47273578E-004
     0.54352252E+000    -0.39529228E-003     0.19000701E-004    -0.32748867E+001     0.44403546E+001    -0.87670881E-005    -0.46995967E-004
     0.54389002E+000    -0.39332808E-003     0.18139214E-004    -0.32866980E+001     0.44233598E+001    -0.86867265E-005    -0.46721334E-004
     0.54425751E+000    -0.39137883E-003     0.17289512E-004    -0.32983628E+001     0.44063265E+001    -0.86071305E-005    -0.46449634E-004
     0.54462500E+000    -0.38944436E-003     0.16451415E-004    -0.33098815E+001     0.43892564E+001    -0.85282957E-005    -0.46180823E-004
     0.54499250E+000    -0.38752453E-003     0.15624743E-004    -0.33212541E+001     0.43721510E+001    -0.84502176E-005    -0.45914860E-004
     0.54535999E+000    -0.38561918E-003     0.14809323E-004    -0.33324811E+001     0.43550121E+001    -0.83728915E-005    -0.45651700E-004
     0.54572748E+000    -0.38372818E-003     0.14004982E-004    -0.33435625E+001     0.43378411E+001    -0.82963126E-005    -0.45391303E-004
     0.54609498E+000    -0.38185137E-003     0.13211553E-004    -0.33544987E+001     0.43206398E+001    -0.82204761E-005    -0.45133628E-004
     0.54646247E+000    -0.37998862E-003     0.12428868E-004    -0.33652899E+001     0.43034096E+001    -0.81453769E-005    -0.44878635E-004
     0.54682996E+000    -0.37813977E-003     0.11656766E-004    -0.33759366E+001     0.42861521E+001    -0.80710100E-005    -0.44626284E-004
     0.54719746E+000    -0.37630470E-003     0.10895087E-004    -0.33864389E+001     0.42688689E+001    -0.79973703E-005    -0.44376538E-004
     0.54756495E+000    -0.37448326E-003     0.10143674E-004    -0.33967973E+001     0.42515616E+001    -0.79244525E-005    -0.44129357E-004
     0.54793244E+000    -0.37267532E-003     0.94023740E-005    -0.34070121E+001     0.42342316E+001    -0.78522513E-005    -0.43884706E-004
     0.54829994E+000    -0.37088074E-003     0.86710343E-005    -0.34170836E+001     0.42168804E+001    -0.77807615E-005    -0.43642547E-004
     0.54866743E+000    -0.36909939E-003     0.79495069E-005    -0.34270124E+001     0.41995096E+001    -0.77099774E-005    -0.43402844E-004
     0.54903492E+000    -0.36733113E-003     0.72376456E-005    -0.34367988E+001     0.41821207E+001    -0.76398938E-005    -0.43165563E-004
     0.54940241E+000    -0.36557585E-003     0.65353071E-005    -0.34464432E+001     0.41647151E+001    -0.75705051E-005    -0.42930669E-004
     0.54976991E+000    -0.36383341E-003     0.58423505E-005    -0.34559461E+001     0.41472942E+001    -0.75018058E-005    -0.42698127E-004
     0.55013740E+000    -0.36210367E-003     0.51586372E-005    -0.34653080E+001     0.41298596E+001    -0.74337902E-005    -0.42467904E-004
     0.55050489E+000    -0.36038653E-003     0.44840312E-005    -0.34745293E+001     0.41124127E+001    -0.73664528E-005    -0.42239968E-004
     0.55087239E+000    -0.35868186E-003     0.38183987E-005    -0.34836106E+001     0.40949548E+001    -0.72997879E-005    -0.42014285E-004
     0.55123988E+000    -0.35698952E-003     0.31616085E-005    -0.34925524E+001     0.40774873E+001    -0.72337899E-005    -0.41790826E-004
     0.55160737E+000    -0.35530941E-003     0.25135314E-005    -0.35013551E+001     0.40600117E+001    -0.71684530E-005    -0.41569557E-004
     0.55197487E+000    -0.35364140E-003     0.18740405E-005    -0.35100194E+001     0.40425294E+001    -0.71037717E-005    -0.41350450E-004
     0.55234236E+000    -0.35198538E-003     0.12430111E-005    -0.35185457E+001     0.40250416E+001    -0.70397400E-005    -0.41133473E-004
     0.55270985E+000    -0.35034123E-003     0.62032060E-006    -0.35269347E+001     0.40075497E+001    -0.69763524E-005    -0.40918598E-004
     0.55307735E+000    -0.34870883E-003     0.58484887E-008    -0.35351870E+001     0.39900550E+001    -0.69136032E-005    -0.40705795E-004
     0.55344484E+000    -0.34708808E-003    -0.60052367E-006    -0.35433031E+001     0.39725590E+001    -0.68514865E-005    -0.40495035E-004
     0.55381233E+000    -0.34547885E-003    -0.11989123E-005    -0.35512836E+001     0.39550627E+001    -0.67899967E-005    -0.40286291E-004
     0.55417983E+000    -0.34388105E-003    -0.17894319E-005    -0.35591292E+001     0.39375676E+001    -0.67291281E-005    -0.40079536E-004
     0.55454732E+000    -0.34229455E-003    -0.23721950E-005    -0.35668406E+001     0.39200748E+001    -0.66688748E-005    -0.39874741E-004
     0.55491481E+000    -0.34071925E-003    -0.29473123E-005    -0.35744182E+001     0.39025857E+001    -0.66092313E-005    -0.39671881E-004
     0.55528231E+000    -0.33915505E-003    -0.35148925E-005    -0.35818629E+001     0.38851015E+001    -0.65501918E-005    -0.39470930E-004
     0.55564980E+000    -0.33760184E-003    -0.40750427E-005    -0.35891753E+001     0.38676233E+001    -0.64917507E-005    -0.39271861E-004
     0.55601729E+000    -0.33605951E-003    -0.46278680E-005    -0.35963561E+001     0.38501524E+001    -0.64339022E-005    -0.39074650E-004
     0.55638479E+000    -0.33452797E-003    -0.51734718E-005    -0.36034059E+001     0.38326899E+001    -0.63766408E-005    -0.38879271E-004
     0.55675228E+000    -0.33300710E-003    -0.57119561E-005    -0.36103254E+001     0.38152371E+001    -0.63199607E-005    -0.38685700E-004
     0.55711977E+000    -0.33149682E-003    -0.62434207E-005    -0.36171154E+001     0.37977951E+001    -0.62638564E-005    -0.38493914E-004
     0.55748727E+000    -0.32999701E-003    -0.67679641E-005    -0.36237766E+001     0.37803649E+001    -0.62083223E-005    -0.38303888E-004
     0.55785476E+000    -0.32850759E-003    -0.72856831E-005    -0.36303097E+001     0.37629478E+001    -0.61533528E-005    -0.38115600E-004
     0.55822225E+000    -0.32702845E-003    -0.77966730E-005    -0.36367154E+001     0.37455449E+001    -0.60989424E-005    -0.37929027E-004
     0.55858975E+000    -0.32555950E-003    -0.83010273E-005    -0.36429945E+001     0.37281572E+001    -0.60450855E-005    -0.37744145E-004
     0.55895724E+000    -0.32410064E-003    -0.87988382E-005    -0.36491478E+001     0.37107857E+001    -0.59917767E-005    -0.37560934E-004
     0.55932473E+000    -0.32265178E-003    -0.92901964E-005    -0.36551760E+001     0.36934317E+001    -0.59390106E-005    -0.37379371E-004
     0.55969223E+000    -0.32121283E-003    -0.97751910E-005    -0.36610799E+001     0.36760960E+001    -0.58867816E-005    -0.37199435E-004
     0.56005972E+000    -0.31978370E-003    -0.10253910E-004    -0.36668602E+001     0.36587797E+001    -0.58350844E-005    -0.37021105E-004
     0.56042721E+000    -0.31836429E-003    -0.10726439E-004    -0.36725177E+001     0.36414839E+001    -0.57839136E-005    -0.36844361E-004
     0.56079471E+000    -0.31695452E-003    -0.11192864E-004    -0.36780533E+001     0.36242095E+001    -0.57332640E-005    -0.36669182E-004
     0.56116220E+000    -0.31555429E-003    -0.11653267E-004    -0.36834677E+001     0.36069575E+001    -0.56831301E-005    -0.36495548E-004
     0.56152969E+000    -0.31416352E-003    -0.12107732E-004    -0.36887617E+001     0.35897288E+001    -0.56335068E-005    -0.36323440E-004
     0.56189719E+000    -0.31278213E-003    -0.12556339E-004    -0.36939362E+001     0.35725245E+001    -0.55843888E-005    -0.36152838E-004
     0.56226468E+000    -0.31141002E-003    -0.12999168E-004    -0.36989919E+001     0.35553453E+001    -0.55357709E-005    -0.35983723E-004
     0.56263217E+000    -0.31004712E-003    -0.13436297E-004    -0.37039297E+001     0.35381923E+001    -0.54876480E-005    -0.35816076E-004
     0.56299967E+000    -0.30869334E-003    -0.13867803E-004    -0.37087504E+001     0.35210664E+001    -0.54400149E-005    -0.35649880E-004
     0.56336716E+000    -0.30734859E-003    -0.14293762E-004    -0.37134548E+001     0.35039684E+001    -0.53928666E-005    -0.35485116E-004
     0.56373465E+000    -0.30601280E-003    -0.14714250E-004    -0.37180437E+001     0.34868991E+001    -0.53461981E-005    -0.35321766E-004
     0.56410214E+000    -0.30468589E-003    -0.15129339E-004    -0.37225181E+001     0.34698595E+001    -0.53000043E-005    -0.35159812E-004
     0.56446964E+000    -0.30336777E-003    -0.15539102E-004    -0.37268787E+001     0.34528504E+001    -0.52542803E-005    -0.34999238E-004
     0.56483713E+000    -0.30205836E-003    -0.15943610E-004    -0.37311264E+001     0.34358726E+001    -0.52090212E-005    -0.34840026E-004
     0.56520462E+000    -0.30075759E-003    -0.16342933E-004    -0.37352620E+001     0.34189269E+001    -0.51642220E-005    -0.34682160E-004
     0.56557212E+000    -0.29946539E-003    -0.16737141E-004    -0.37392864E+001     0.34020140E+001    -0.51198779E-005    -0.34525623E-004
     0.56593961E+000    -0.29818167E-003    -0.17126302E-004    -0.37432005E+001     0.33851349E+001    -0.50759843E-005    -0.34370399E-004
     0.56630710E+000    -0.29690636E-003    -0.17510482E-004    -0.37470050E+001     0.33682902E+001    -0.50325361E-005    -0.34216472E-004
     0.56667460E+000    -0.29563938E-003    -0.17889747E-004    -0.37507009E+001     0.33514806E+001    -0.49895289E-005    -0.34063827E-004
     0.56704209E+000    -0.29438067E-003    -0.18264163E-004    -0.37542891E+001     0.33347070E+001    -0.49469579E-005    -0.33912448E-004
     0.56740958E+000    -0.29313014E-003    -0.18633793E-004    -0.37577703E+001     0.33179699E+001    -0.49048184E-005    -0.33762319E-004
     0.56777708E+000    -0.29188773E-003    -0.18998701E-004    -0.37611455E+001     0.33012702E+001    -0.48631058E-005    -0.33613426E-004
     0.56814457E+000    -0.29065336E-003    -0.19358947E-004    -0.37644155E+001     0.32846085E+001    -0.48218157E-005    -0.33465754E-004
     0.56851206E+000    -0.28942697E-003    -0.19714594E-004    -0.37675812E+001     0.32679855E+001    -0.47809435E-005    -0.33319289E-004
     0.56887956E+000    -0.28820848E-003    -0.20065702E-004    -0.37706434E+001     0.32514018E+001    -0.47404847E-005    -0.33174015E-004
     0.56924705E+000    -0.28699782E-003    -0.20412329E-004    -0.37736031E+001     0.32348581E+001    -0.47004349E-005    -0.33029920E-004
     0.56961454E+000    -0.28579494E-003    -0.20754534E-004    -0.37764612E+001     0.32183550E+001    -0.46607897E-005    -0.32886990E-004
     0.56998204E+000    -0.28459975E-003    -0.21092374E-004    -0.37792184E+001     0.32018931E+001    -0.46215448E-005    -0.32745209E-004
     0.57034953E+000    -0.28341220E-003    -0.21425907E-004    -0.37818756E+001     0.31854731E+001    -0.45826958E-005    -0.32604566E-004
     0.57071702E+000    -0.28223221E-003    -0.21755187E-004    -0.37844338E+001     0.31690955E+001    -0.45442386E-005    -0.32465047E-004
     0.57108452E+000    -0.28105972E-003    -0.22080270E-004    -0.37868939E+001     0.31527608E+001    -0.45061688E-005    -0.32326639E-004
     0.57145201E+000    -0.27989467E-003    -0.22401210E-004    -0.37892566E+001     0.31364698E+001    -0.44684824E-005    -0.32189329E-004
     0.57181950E+000    -0.27873700E-003    -0.22718060E-004    -0.37915228E+001     0.31202228E+001    -0.44311751E-005    -0.32053105E-004
     0.57218700E+000    -0.27758663E-003    -0.23030872E-004    -0.37936935E+001     0.31040205E+001    -0.43942429E-005    -0.31917953E-004
     0.57255449E+000    -0.27644351E-003    -0.23339699E-004    -0.37957695E+001     0.30878633E+001    -0.43576817E-005    -0.31783862E-004
     0.57292198E+000    -0.27530758E-003    -0.23644591E-004    -0.37977517E+001     0.30717518E+001    -0.43214876E-005    -0.31650820E-004
     0.57328948E+000    -0.27417877E-003    -0.23945599E-004    -0.37996409E+001     0.30556865E+001    -0.42856564E-005    -0.31518815E-004
     0.57365697E+000    -0.27305702E-003    -0.24242771E-004    -0.38014380E+001     0.30396678E+001    -0.42501844E-005    -0.31387834E-004
     0.57402446E+000    -0.27194228E-003    -0.24536157E-004    -0.38031440E+001     0.30236963E+001    -0.42150675E-005    -0.31257867E-004
     0.57439196E+000    -0.27083448E-003    -0.24825805E-004    -0.38047595E+001     0.30077723E+001    -0.41803020E-005    -0.31128901E-004
     0.57475945E+000    -0.26973357E-003    -0.25111762E-004    -0.38062856E+001     0.29918963E+001    -0.41458840E-005    -0.31000927E-004
     0.57512694E+000    -0.26863949E-003    -0.25394075E-004    -0.38077231E+001     0.29760688E+001    -0.41118098E-005    -0.30873932E-004
     0.57549444E+000    -0.26755217E-003    -0.25672790E-004    -0.38090729E+001     0.29602902E+001    -0.40780755E-005    -0.30747905E-004
     0.57586193E+000    -0.26647158E-003    -0.25947951E-004    -0.38103357E+001     0.29445608E+001    -0.40446776E-005    -0.30622837E-004
     0.57622942E+000    -0.26539763E-003    -0.26219604E-004    -0.38115125E+001     0.29288812E+001    -0.40116124E-005    -0.30498717E-004
     0.57659692E+000    -0.26433029E-003    -0.26487793E-004    -0.38126041E+001     0.29132516E+001    -0.39788762E-005    -0.30375533E-004
     0.57696441E+000    -0.26326950E-003    -0.26752561E-004    -0.38136114E+001     0.28976725E+001    -0.39464655E-005    -0.30253276E-004
     0.57733190E+000    -0.26221520E-003    -0.27013950E-004    -0.38145352E+001     0.28821442E+001    -0.39143767E-005    -0.30131935E-004
     0.57769940E+000    -0.26116734E-003    -0.27272004E-004    -0.38153764E+001     0.28666670E+001    -0.38826062E-005    -0.30011501E-004
     0.57806689E+000    -0.26012586E-003    -0.27526763E-004    -0.38161358E+001     0.28512414E+001    -0.38511508E-005    -0.29891964E-004
     0.57843438E+000    -0.25909072E-003    -0.27778269E-004    -0.38168142E+001     0.28358676E+001    -0.38200068E-005    -0.29773313E-004
     0.57880188E+000    -0.25806186E-003    -0.28026561E-004    -0.38174126E+001     0.28205459E+001    -0.37891710E-005    -0.29655540E-004
     0.57916937E+000    -0.25703923E-003    -0.28271680E-004    -0.38179317E+001     0.28052767E+001    -0.37586399E-005    -0.29538635E-004
     0.57953686E+000    -0.25602277E-003    -0.28513665E-004    -0.38183723E+001     0.27900603E+001    -0.37284102E-005    -0.29422589E-004
     0.57990435E+000    -0.25501244E-003    -0.28752555E-004    -0.38187354E+001     0.27748969E+001    -0.36984787E-005    -0.29307392E-004
     0.58027185E+000    -0.25400819E-003    -0.28988387E-004    -0.38190217E+001     0.27597869E+001    -0.36688421E-005    -0.29193035E-004
     0.58063934E+000    -0.25300997E-003    -0.29221200E-004    -0.38192320E+001     0.27447304E+001    -0.36394972E-005    -0.29079510E-004
     0.58100683E+000    -0.25201772E-003    -0.29451029E-004    -0.38193672E+001     0.27297278E+001    -0.36104408E-005    -0.28966807E-004
     0.58137433E+000    -0.25103141E-003    -0.29677913E-004    -0.38194280E+001     0.27147794E+001    -0.35816698E-005    -0.28854919E-004
     0.58174182E+000    -0.25005098E-003    -0.29901887E-004    -0.38194154E+001     0.26998852E+001    -0.35531810E-005    -0.28743836E-004
     0.58210931E+000    -0.24907638E-003    -0.30122986E-004    -0.38193301E+001     0.26850456E+001    -0.35249714E-005    -0.28633549E-004
     0.58247681E+000    -0.24810757E-003    -0.30341246E-004    -0.38191728E+001     0.26702608E+001    -0.34970380E-005    -0.28524052E-004
     0.58284430E+000    -0.24714450E-003    -0.30556701E-004    -0.38189445E+001     0.26555310E+001    -0.34693776E-005    -0.28415334E-004
     0.58321179E+000    -0.24618712E-003    -0.30769385E-004    -0.38186459E+001     0.26408564E+001    -0.34419875E-005    -0.28307390E-004
     0.58357929E+000    -0.24523540E-003    -0.30979333E-004    -0.38182777E+001     0.26262372E+001    -0.34148645E-005    -0.28200209E-004
     0.58394678E+000    -0.24428928E-003    -0.31186576E-004    -0.38178409E+001     0.26116735E+001    -0.33880058E-005    -0.28093785E-004
     0.58431427E+000    -0.24334871E-003    -0.31391147E-004    -0.38173361E+001     0.25971656E+001    -0.33614086E-005    -0.27988109E-004
     0.58468177E+000    -0.24241367E-003    -0.31593080E-004    -0.38167641E+001     0.25827136E+001    -0.33350700E-005    -0.27883174E-004
     0.58504926E+000    -0.24148409E-003    -0.31792406E-004    -0.38161258E+001     0.25683177E+001    -0.33089871E-005    -0.27778973E-004
     0.58541675E+000    -0.24055994E-003    -0.31989155E-004    -0.38154219E+001     0.25539780E+001    -0.32831572E-005    -0.27675497E-004
     0.58578425E+000    -0.23964118E-003    -0.32183360E-004    -0.38146531E+001     0.25396946E+001    -0.32575776E-005    -0.27572741E-004
     0.58615174E+000    -0.23872776E-003    -0.32375050E-004    -0.38138202E+001     0.25254677E+001    -0.32322455E-005    -0.27470695E-004
     0.58651923E+000    -0.23781964E-003    -0.32564256E-004    -0.38129241E+001     0.25112975E+001    -0.32071582E-005    -0.27369353E-004
     0.58688673E+000    -0.23691677E-003    -0.32751008E-004    -0.38119653E+001     0.24971839E+001    -0.31823131E-005    -0.27268709E-004
     0.58725422E+000    -0.23601913E-003    -0.32935334E-004    -0.38109447E+001     0.24831272E+001    -0.31577075E-005    -0.27168754E-004
     0.58762171E+000    -0.23512666E-003    -0.33117264E-004    -0.38098631E+001     0.24691274E+001    -0.31333389E-005    -0.27069483E-004
     0.58798921E+000    -0.23423933E-003    -0.33296826E-004    -0.38087210E+001     0.24551847E+001    -0.31092047E-005    -0.26970888E-004
     0.58835670E+000    -0.23335709E-003    -0.33474048E-004    -0.38075194E+001     0.24412990E+001    -0.30853023E-005    -0.26872962E-004
     0.58872419E+000    -0.23247991E-003    -0.33648959E-004    -0.38062589E+001     0.24274706E+001    -0.30616292E-005    -0.26775700E-004
     0.58909169E+000    -0.23160775E-003    -0.33821585E-004    -0.38049402E+001     0.24136994E+001    -0.30381830E-005    -0.26679094E-004
     0.58945918E+000    -0.23074056E-003    -0.33991953E-004    -0.38035641E+001     0.23999855E+001    -0.30149612E-005    -0.26583137E-004
     0.58982667E+000    -0.22987832E-003    -0.34160090E-004    -0.38021313E+001     0.23863290E+001    -0.29919613E-005    -0.26487825E-004
     0.59019417E+000    -0.22902098E-003    -0.34326023E-004    -0.38006425E+001     0.23727300E+001    -0.29691810E-005    -0.26393149E-004
     0.59056166E+000    -0.22816850E-003    -0.34489778E-004    -0.37990983E+001     0.23591884E+001    -0.29466179E-005    -0.26299105E-004
     0.59092915E+000    -0.22732084E-003    -0.34651379E-004    -0.37974995E+001     0.23457043E+001    -0.29242696E-005    -0.26205686E-004
     0.59129665E+000    -0.22647798E-003    -0.34810853E-004    -0.37958468E+001     0.23322778E+001    -0.29021339E-005    -0.26112885E-004
     0.59166414E+000    -0.22563987E-003    -0.34968224E-004    -0.37941409E+001     0.23189089E+001    -0.28802084E-005    -0.26020698E-004
     0.59203163E+000    -0.22480647E-003    -0.35123517E-004    -0.37923824E+001     0.23055976E+001    -0.28584909E-005    -0.25929117E-004
     0.59239913E+000    -0.22397776E-003    -0.35276756E-004    -0.37905720E+001     0.22923438E+001    -0.28369791E-005    -0.25838138E-004
     0.59276662E+000    -0.22315369E-003    -0.35427965E-004    -0.37887105E+001     0.22791477E+001    -0.28156708E-005    -0.25747754E-004
     0.59313411E+000    -0.22233423E-003    -0.35577168E-004    -0.37867984E+001     0.22660092E+001    -0.27945638E-005    -0.25657959E-004
     0.59350161E+000    -0.22151934E-003    -0.35724388E-004    -0.37848364E+001     0.22529282E+001    -0.27736560E-005    -0.25568749E-004
     0.59386910E+000    -0.22070899E-003    -0.35869648E-004    -0.37828252E+001     0.22399049E+001    -0.27529452E-005    -0.25480117E-004
     0.59423659E+000    -0.21990315E-003    -0.36012972E-004    -0.37807655E+001     0.22269392E+001    -0.27324294E-005    -0.25392059E-004
     0.59460409E+000    -0.21910179E-003    -0.36154381E-004    -0.37786579E+001     0.22140310E+001    -0.27121063E-005    -0.25304568E-004
     0.59497158E+000    -0.21830486E-003    -0.36293897E-004    -0.37765030E+001     0.22011804E+001    -0.26919740E-005    -0.25217640E-004
     0.59533907E+000    -0.21751233E-003    -0.36431543E-004    -0.37743015E+001     0.21883872E+001    -0.26720304E-005    -0.25131268E-004
     0.59570656E+000    -0.21672418E-003    -0.36567340E-004    -0.37720540E+001     0.21756515E+001    -0.26522734E-005    -0.25045449E-004
     0.59607406E+000    -0.21594036E-003    -0.36701309E-004    -0.37697611E+001     0.21629733E+001    -0.26327012E-005    -0.24960176E-004
     0.59644155E+000    -0.21516085E-003    -0.36833472E-004    -0.37674234E+001     0.21503524E+001    -0.26133117E-005    -0.24875445E-004
     0.59680904E+000    -0.21438562E-003    -0.36963849E-004    -0.37650417E+001     0.21377888E+001    -0.25941029E-005    -0.24791250E-004
     0.59717654E+000    -0.21361463E-003    -0.37092460E-004    -0.37626164E+001     0.21252825E+001    -0.25750729E-005    -0.24707588E-004
     0.59754403E+000    -0.21284785E-003    -0.37219327E-004    -0.37601482E+001     0.21128334E+001    -0.25562199E-005    -0.24624452E-004
     0.59791152E+000    -0.21208525E-003    -0.37344468E-004    -0.37576376E+001     0.21004415E+001    -0.25375419E-005    -0.24541837E-004
     0.59827902E+000    -0.21132681E-003    -0.37467904E-004    -0.37550854E+001     0.20881066E+001    -0.25190371E-005    -0.24459741E-004
     0.59864651E+000    -0.21057248E-003    -0.37589655E-004    -0.37524920E+001     0.20758287E+001    -0.25007036E-005    -0.24378156E-004
     0.59901400E+000    -0.20982224E-003    -0.37709739E-004    -0.37498581E+001     0.20636078E+001    -0.24825396E-005    -0.24297080E-004
     0.59938150E+000    -0.20907605E-003    -0.37828175E-004    -0.37471843E+001     0.20514437E+001    -0.24645434E-005    -0.24216506E-004
     0.59974899E+000    -0.20833390E-003    -0.37944982E-004    -0.37444710E+001     0.20393363E+001    -0.24467130E-005    -0.24136431E-004
     0.60011648E+000    -0.20759575E-003    -0.38060179E-004    -0.37417189E+001     0.20272856E+001    -0.24290468E-005    -0.24056851E-004
     0.60048398E+000    -0.20686156E-003    -0.38173784E-004    -0.37389286E+001     0.20152914E+001    -0.24115431E-005    -0.23977759E-004
     0.60085147E+000    -0.20613132E-003    -0.38285815E-004    -0.37361006E+001     0.20033538E+001    -0.23942000E-005    -0.23899154E-004
     0.60121896E+000    -0.20540499E-003    -0.38396290E-004    -0.37332355E+001     0.19914725E+001    -0.23770160E-005    -0.23821029E-004
     0.60158646E+000    -0.20468254E-003    -0.38505226E-004    -0.37303337E+001     0.19796475E+001    -0.23599892E-005    -0.23743381E-004
     0.60195395E+000    -0.20396395E-003    -0.38612641E-004    -0.37273959E+001     0.19678786E+001    -0.23431182E-005    -0.23666205E-004
     0.60232144E+000    -0.20324919E-003    -0.38718552E-004    -0.37244227E+001     0.19561657E+001    -0.23264011E-005    -0.23589497E-004
     0.60268894E+000    -0.20253823E-003    -0.38822975E-004    -0.37214144E+001     0.19445088E+001    -0.23098365E-005    -0.23513254E-004
     0.60305643E+000    -0.20183104E-003    -0.38925929E-004    -0.37183717E+001     0.19329078E+001    -0.22934226E-005    -0.23437471E-004
     0.60342392E+000    -0.20112760E-003    -0.39027429E-004    -0.37152951E+001     0.19213624E+001    -0.22771580E-005    -0.23362143E-004
     0.60379142E+000    -0.20042788E-003    -0.39127491E-004    -0.37121851E+001     0.19098725E+001    -0.22610410E-005    -0.23287268E-004
     0.60415891E+000    -0.19973185E-003    -0.39226132E-004    -0.37090422E+001     0.18984381E+001    -0.22450700E-005    -0.23212840E-004
     0.60452640E+000    -0.19903949E-003    -0.39323367E-004    -0.37058669E+001     0.18870590E+001    -0.22292437E-005    -0.23138857E-004
     0.60489390E+000    -0.19835076E-003    -0.39419213E-004    -0.37026598E+001     0.18757351E+001    -0.22135603E-005    -0.23065313E-004
     0.60526139E+000    -0.19766565E-003    -0.39513685E-004    -0.36994213E+001     0.18644662E+001    -0.21980185E-005    -0.22992206E-004
     0.60562888E+000    -0.19698413E-003    -0.39606798E-004    -0.36961520E+001     0.18532522E+001    -0.21826167E-005    -0.22919532E-004
     0.60599638E+000    -0.19630618E-003    -0.39698567E-004    -0.36928522E+001     0.18420930E+001    -0.21673536E-005    -0.22847287E-004
     0.60636387E+000    -0.19563176E-003    -0.39789008E-004    -0.36895225E+001     0.18309884E+001    -0.21522275E-005    -0.22775467E-004
     0.60673136E+000    -0.19496085E-003    -0.39878135E-004    -0.36861635E+001     0.18199383E+001    -0.21372372E-005    -0.22704068E-004
     0.60709886E+000    -0.19429343E-003    -0.39965962E-004    -0.36827755E+001     0.18089424E+001    -0.21223812E-005    -0.22633088E-004
     0.60746635E+000    -0.19362947E-003    -0.40052505E-004    -0.36793590E+001     0.17980008E+001    -0.21076580E-005    -0.22562521E-004
     0.60783384E+000    -0.19296896E-003    -0.40137777E-004    -0.36759145E+001     0.17871131E+001    -0.20930664E-005    -0.22492366E-004
     0.60820134E+000    -0.19231185E-003    -0.40221793E-004    -0.36724424E+001     0.17762793E+001    -0.20786049E-005    -0.22422618E-004
     0.60856883E+000    -0.19165814E-003    -0.40304566E-004    -0.36689433E+001     0.17654993E+001    -0.20642722E-005    -0.22353274E-004
     0.60893632E+000    -0.19100780E-003    -0.40386111E-004    -0.36654175E+001     0.17547727E+001    -0.20500670E-005    -0.22284331E-004
     0.60930382E+000    -0.19036080E-003    -0.40466440E-004    -0.36618656E+001     0.17440995E+001    -0.20359879E-005    -0.22215784E-004
     0.60967131E+000    -0.18971712E-003    -0.40545567E-004    -0.36582878E+001     0.17334796E+001    -0.20220336E-005    -0.22147632E-004
     0.61003880E+000    -0.18907674E-003    -0.40623506E-004    -0.36546848E+001     0.17229126E+001    -0.20082028E-005    -0.22079870E-004
     0.61040629E+000    -0.18843964E-003    -0.40700270E-004    -0.36510569E+001     0.17123986E+001    -0.19944943E-005    -0.22012495E-004
     0.61077379E+000    -0.18780578E-003    -0.40775871E-004    -0.36474046E+001     0.17019373E+001    -0.19809068E-005    -0.21945505E-004
     0.61114128E+000    -0.18717516E-003    -0.40850322E-004    -0.36437282E+001     0.16915285E+001    -0.19674390E-005    -0.21878895E-004
     0.61150877E+000    -0.18654774E-003    -0.40923636E-004    -0.36400282E+001     0.16811721E+001    -0.19540898E-005    -0.21812663E-004
     0.61187627E+000    -0.18592351E-003    -0.40995825E-004    -0.36363051E+001     0.16708678E+001    -0.19408578E-005    -0.21746805E-004
     0.61224376E+000    -0.18530244E-003    -0.41066903E-004    -0.36325591E+001     0.16606156E+001    -0.19277419E-005    -0.21681319E-004
     0.61261125E+000    -0.18468451E-003    -0.41136880E-004    -0.36287908E+001     0.16504152E+001    -0.19147409E-005    -0.21616201E-004
     0.61297875E+000    -0.18406970E-003    -0.41205769E-004    -0.36250005E+001     0.16402665E+001    -0.19018536E-005    -0.21551449E-004
     0.61334624E+000    -0.18345799E-003    -0.41273582E-004    -0.36211886E+001     0.16301692E+001    -0.18890788E-005    -0.21487059E-004
     0.61371373E+000    -0.18284936E-003    -0.41340330E-004    -0.36173556E+001     0.16201233E+001    -0.18764155E-005    -0.21423029E-004
     0.61408123E+000    -0.18224379E-003    -0.41406026E-004    -0.36135018E+001     0.16101284E+001    -0.18638624E-005    -0.21359356E-004
     0.61444872E+000    -0.18164125E-003    -0.41470680E-004    -0.36096275E+001     0.16001845E+001    -0.18514184E-005    -0.21296036E-004
     0.61481621E+000    -0.18104173E-003    -0.41534305E-004    -0.36057333E+001     0.15902913E+001    -0.18390824E-005    -0.21233066E-004
     0.61518371E+000    -0.18044520E-003    -0.41596911E-004    -0.36018194E+001     0.15804487E+001    -0.18268533E-005    -0.21170445E-004
     0.61555120E+000    -0.17985164E-003    -0.41658509E-004    -0.35978862E+001     0.15706564E+001    -0.18147300E-005    -0.21108169E-004
     0.61591869E+000    -0.17926105E-003    -0.41719110E-004    -0.35939341E+001     0.15609143E+001    -0.18027115E-005    -0.21046235E-004
     0.61628619E+000    -0.17867338E-003    -0.41778726E-004    -0.35899635E+001     0.15512222E+001    -0.17907966E-005    -0.20984641E-004
     0.61665368E+000    -0.17808863E-003    -0.41837366E-004    -0.35859747E+001     0.15415799E+001    -0.17789843E-005    -0.20923384E-004
     0.61702117E+000    -0.17750678E-003    -0.41895042E-004    -0.35819680E+001     0.15319872E+001    -0.17672736E-005    -0.20862462E-004
     0.61738867E+000    -0.17692780E-003    -0.41951764E-004    -0.35779439E+001     0.15224439E+001    -0.17556635E-005    -0.20801871E-004
     0.61775616E+000    -0.17635168E-003    -0.42007542E-004    -0.35739026E+001     0.15129498E+001    -0.17441529E-005    -0.20741608E-004
     0.61812365E+000    -0.17577839E-003    -0.42062386E-004    -0.35698446E+001     0.15035048E+001    -0.17327407E-005    -0.20681673E-004
     0.61849115E+000    -0.17520793E-003    -0.42116307E-004    -0.35657702E+001     0.14941085E+001    -0.17214262E-005    -0.20622061E-004
     0.61885864E+000    -0.17464026E-003    -0.42169314E-004    -0.35616796E+001     0.14847609E+001    -0.17102081E-005    -0.20562770E-004
     0.61922613E+000    -0.17407538E-003    -0.42221418E-004    -0.35575732E+001     0.14754617E+001    -0.16990856E-005    -0.20503798E-004
     0.61959363E+000    -0.17351326E-003    -0.42272627E-004    -0.35534514E+001     0.14662108E+001    -0.16880577E-005    -0.20445143E-004
     0.61996112E+000    -0.17295388E-003    -0.42322952E-004    -0.35493145E+001     0.14570079E+001    -0.16771234E-005    -0.20386801E-004
     0.62032861E+000    -0.17239723E-003    -0.42372403E-004    -0.35451628E+001     0.14478528E+001    -0.16662819E-005    -0.20328770E-004
     0.62069611E+000    -0.17184329E-003    -0.42420988E-004    -0.35409966E+001     0.14387454E+001    -0.16555321E-005    -0.20271049E-004
     0.62106360E+000    -0.17129204E-003    -0.42468717E-004    -0.35368162E+001     0.14296854E+001    -0.16448732E-005    -0.20213634E-004
     0.62143109E+000    -0.17074347E-003    -0.42515599E-004    -0.35326220E+001     0.14206726E+001    -0.16343042E-005    -0.20156523E-004
     0.62179859E+000    -0.17019754E-003    -0.42561644E-004    -0.35284142E+001     0.14117069E+001    -0.16238242E-005    -0.20099714E-004
     0.62216608E+000    -0.16965426E-003    -0.42606859E-004    -0.35241932E+001     0.14027880E+001    -0.16134324E-005    -0.20043204E-004
     0.62253357E+000    -0.16911360E-003    -0.42651255E-004    -0.35199592E+001     0.13939157E+001    -0.16031278E-005    -0.19986992E-004
     0.62290107E+000    -0.16857554E-003    -0.42694839E-004    -0.35157126E+001     0.13850899E+001    -0.15929096E-005    -0.19931075E-004
     0.62326856E+000    -0.16804007E-003    -0.42737621E-004    -0.35114536E+001     0.13763103E+001    -0.15827770E-005    -0.19875450E-004
     0.62363605E+000    -0.16750717E-003    -0.42779610E-004    -0.35071825E+001     0.13675767E+001    -0.15727290E-005    -0.19820116E-004
     0.62400355E+000    -0.16697682E-003    -0.42820813E-004    -0.35028996E+001     0.13588890E+001    -0.15627649E-005    -0.19765070E-004
     0.62437104E+000    -0.16644900E-003    -0.42861239E-004    -0.34986053E+001     0.13502468E+001    -0.15528838E-005    -0.19710310E-004
     0.62473853E+000    -0.16592371E-003    -0.42900896E-004    -0.34942997E+001     0.13416501E+001    -0.15430848E-005    -0.19655834E-004
     0.62510603E+000    -0.16540093E-003    -0.42939793E-004    -0.34899831E+001     0.13330986E+001    -0.15333672E-005    -0.19601640E-004
     0.62547352E+000    -0.16488063E-003    -0.42977937E-004    -0.34856559E+001     0.13245921E+001    -0.15237302E-005    -0.19547725E-004
     0.62584101E+000    -0.16436280E-003    -0.43015337E-004    -0.34813182E+001     0.13161304E+001    -0.15141729E-005    -0.19494088E-004
     0.62620850E+000    -0.16384743E-003    -0.43052001E-004    -0.34769704E+001     0.13077134E+001    -0.15046946E-005    -0.19440726E-004
     0.62657600E+000    -0.16333449E-003    -0.43087936E-004    -0.34726127E+001     0.12993407E+001    -0.14952945E-005    -0.19387638E-004
     0.62694349E+000    -0.16282399E-003    -0.43123150E-004    -0.34682454E+001     0.12910122E+001    -0.14859718E-005    -0.19334821E-004
     0.62731098E+000    -0.16231589E-003    -0.43157651E-004    -0.34638687E+001     0.12827277E+001    -0.14767257E-005    -0.19282274E-004
     0.62767848E+000    -0.16181019E-003    -0.43191447E-004    -0.34594829E+001     0.12744870E+001    -0.14675556E-005    -0.19229994E-004
     0.62804597E+000    -0.16130686E-003    -0.43224544E-004    -0.34550882E+001     0.12662898E+001    -0.14584605E-005    -0.19177979E-004
     0.62841346E+000    -0.16080590E-003    -0.43256951E-004    -0.34506849E+001     0.12581361E+001    -0.14494399E-005    -0.19126228E-004
     0.62878096E+000    -0.16030728E-003    -0.43288675E-004    -0.34462732E+001     0.12500255E+001    -0.14404930E-005    -0.19074738E-004
     0.62914845E+000    -0.15981100E-003    -0.43319722E-004    -0.34418534E+001     0.12419579E+001    -0.14316191E-005    -0.19023508E-004
     0.62951594E+000    -0.15931704E-003    -0.43350101E-004    -0.34374257E+001     0.12339331E+001    -0.14228173E-005    -0.18972536E-004
     0.62988344E+000    -0.15882539E-003    -0.43379818E-004    -0.34329903E+001     0.12259508E+001    -0.14140872E-005    -0.18921819E-004
     0.63025093E+000    -0.15833602E-003    -0.43408880E-004    -0.34285474E+001     0.12180109E+001    -0.14054278E-005    -0.18871356E-004
     0.63061842E+000    -0.15784893E-003    -0.43437294E-004    -0.34240974E+001     0.12101131E+001    -0.13968386E-005    -0.18821145E-004
     0.63098592E+000    -0.15736409E-003    -0.43465067E-004    -0.34196403E+001     0.12022573E+001    -0.13883189E-005    -0.18771185E-004
     0.63135341E+000    -0.15688151E-003    -0.43492206E-004    -0.34151765E+001     0.11944432E+001    -0.13798679E-005    -0.18721473E-004
     0.63172090E+000    -0.15640116E-003    -0.43518717E-004    -0.34107062E+001     0.11866707E+001    -0.13714851E-005    -0.18672007E-004
     0.63208840E+000    -0.15592302E-003    -0.43544607E-004    -0.34062295E+001     0.11789396E+001    -0.13631697E-005    -0.18622787E-004
     0.63245589E+000    -0.15544709E-003    -0.43569883E-004    -0.34017467E+001     0.11712496E+001    -0.13549211E-005    -0.18573809E-004
     0.63282338E+000    -0.15497335E-003    -0.43594552E-004    -0.33972580E+001     0.11636005E+001    -0.13467387E-005    -0.18525073E-004
     0.63319088E+000    -0.15450179E-003    -0.43618618E-004    -0.33927636E+001     0.11559921E+001    -0.13386217E-005    -0.18476576E-004
     0.63355837E+000    -0.15403240E-003    -0.43642090E-004    -0.33882637E+001     0.11484244E+001    -0.13305697E-005    -0.18428318E-004
     0.63392586E+000    -0.15356515E-003    -0.43664973E-004    -0.33837586E+001     0.11408969E+001    -0.13225818E-005    -0.18380295E-004
     0.63429336E+000    -0.15310004E-003    -0.43687273E-004    -0.33792483E+001     0.11334096E+001    -0.13146577E-005    -0.18332508E-004
     0.63466085E+000    -0.15263706E-003    -0.43708997E-004    -0.33747332E+001     0.11259622E+001    -0.13067965E-005    -0.18284953E-004
     0.63502834E+000    -0.15217618E-003    -0.43730150E-004    -0.33702134E+001     0.11185546E+001    -0.12989977E-005    -0.18237629E-004
     0.63539584E+000    -0.15171740E-003    -0.43750740E-004    -0.33656890E+001     0.11111865E+001    -0.12912607E-005    -0.18190535E-004
     0.63576333E+000    -0.15126071E-003    -0.43770770E-004    -0.33611604E+001     0.11038577E+001    -0.12835850E-005    -0.18143668E-004
     0.63613082E+000    -0.15080609E-003    -0.43790248E-004    -0.33566277E+001     0.10965681E+001    -0.12759698E-005    -0.18097029E-004
     0.63649832E+000    -0.15035353E-003    -0.43809180E-004    -0.33520910E+001     0.10893174E+001    -0.12684147E-005    -0.18050614E-004
     0.63686581E+000    -0.14990302E-003    -0.43827570E-004    -0.33475506E+001     0.10821055E+001    -0.12609191E-005    -0.18004422E-004
     0.63723330E+000    -0.14945454E-003    -0.43845425E-004    -0.33430066E+001     0.10749321E+001    -0.12534824E-005    -0.17958452E-004
     0.63760080E+000    -0.14900808E-003    -0.43862750E-004    -0.33384592E+001     0.10677971E+001    -0.12461039E-005    -0.17912701E-004
     0.63796829E+000    -0.14856363E-003    -0.43879552E-004    -0.33339086E+001     0.10607003E+001    -0.12387833E-005    -0.17867170E-004
     0.63833578E+000    -0.14812118E-003    -0.43895834E-004    -0.33293549E+001     0.10536414E+001    -0.12315199E-005    -0.17821856E-004
     0.63870328E+000    -0.14768072E-003    -0.43911604E-004    -0.33247984E+001     0.10466202E+001    -0.12243132E-005    -0.17776757E-004
     0.63907077E+000    -0.14724222E-003    -0.43926866E-004    -0.33202391E+001     0.10396367E+001    -0.12171626E-005    -0.17731872E-004
     0.63943826E+000    -0.14680569E-003    -0.43941625E-004    -0.33156774E+001     0.10326905E+001    -0.12100676E-005    -0.17687200E-004
     0.63980576E+000    -0.14637111E-003    -0.43955887E-004    -0.33111132E+001     0.10257815E+001    -0.12030276E-005    -0.17642739E-004
     0.64017325E+000    -0.14593847E-003    -0.43969658E-004    -0.33065469E+001     0.10189095E+001    -0.11960423E-005    -0.17598487E-004
     0.64054074E+000    -0.14550775E-003    -0.43982941E-004    -0.33019785E+001     0.10120743E+001    -0.11891109E-005    -0.17554444E-004
     0.64090824E+000    -0.14507894E-003    -0.43995743E-004    -0.32974082E+001     0.10052757E+001    -0.11822331E-005    -0.17510608E-004
     0.64127573E+000    -0.14465204E-003    -0.44008068E-004    -0.32928362E+001     0.99851346E+000    -0.11754083E-005    -0.17466977E-004
     0.64164322E+000    -0.14422703E-003    -0.44019922E-004    -0.32882625E+001     0.99178749E+000    -0.11686360E-005    -0.17423550E-004
     0.64201071E+000    -0.14380390E-003    -0.44031309E-004    -0.32836875E+001     0.98509756E+000    -0.11619158E-005    -0.17380326E-004
     0.64237821E+000    -0.14338264E-003    -0.44042234E-004    -0.32791111E+001     0.97844347E+000    -0.11552470E-005    -0.17337303E-004
     0.64274570E+000    -0.14296324E-003    -0.44052703E-004    -0.32745337E+001     0.97182504E+000    -0.11486293E-005    -0.17294480E-004
     0.64311319E+000    -0.14254568E-003    -0.44062719E-004    -0.32699552E+001     0.96524207E+000    -0.11420622E-005    -0.17251855E-004
     0.64348069E+000    -0.14212996E-003    -0.44072288E-004    -0.32653759E+001     0.95869439E+000    -0.11355452E-005    -0.17209428E-004
     0.64384818E+000    -0.14171606E-003    -0.44081414E-004    -0.32607959E+001     0.95218179E+000    -0.11290777E-005    -0.17167197E-004
     0.64421567E+000    -0.14130398E-003    -0.44090102E-004    -0.32562153E+001     0.94570410E+000    -0.11226595E-005    -0.17125160E-004
     0.64458317E+000    -0.14089370E-003    -0.44098357E-004    -0.32516342E+001     0.93926114E+000    -0.11162899E-005    -0.17083316E-004
     0.64495066E+000    -0.14048522E-003    -0.44106183E-004    -0.32470529E+001     0.93285270E+000    -0.11099685E-005    -0.17041665E-004
     0.64531815E+000    -0.14007851E-003    -0.44113584E-004    -0.32424714E+001     0.92647862E+000    -0.11036950E-005    -0.17000204E-004
     0.64568565E+000    -0.13967358E-003    -0.44120565E-004    -0.32378899E+001     0.92013871E+000    -0.10974688E-005    -0.16958933E-004
     0.64605314E+000    -0.13927041E-003    -0.44127131E-004    -0.32333085E+001     0.91383278E+000    -0.10912894E-005    -0.16917850E-004
     0.64642063E+000    -0.13886898E-003    -0.44133286E-004    -0.32287273E+001     0.90756065E+000    -0.10851566E-005    -0.16876953E-004
     0.64678813E+000    -0.13846930E-003    -0.44139033E-004    -0.32241464E+001     0.90132213E+000    -0.10790697E-005    -0.16836243E-004
     0.64715562E+000    -0.13807135E-003    -0.44144378E-004    -0.32195660E+001     0.89511706E+000    -0.10730285E-005    -0.16795717E-004
     0.64752311E+000    -0.13767512E-003    -0.44149325E-004    -0.32149862E+001     0.88894525E+000    -0.10670324E-005    -0.16755374E-004
     0.64789061E+000    -0.13728060E-003    -0.44153877E-004    -0.32104072E+001     0.88280651E+000    -0.10610811E-005    -0.16715213E-004
     0.64825810E+000    -0.13688778E-003    -0.44158040E-004    -0.32058289E+001     0.87670067E+000    -0.10551742E-005    -0.16675234E-004
     0.64862559E+000    -0.13649665E-003    -0.44161816E-004    -0.32012517E+001     0.87062755E+000    -0.10493112E-005    -0.16635434E-004
     0.64899309E+000    -0.13610720E-003    -0.44165210E-004    -0.31966754E+001     0.86458698E+000    -0.10434917E-005    -0.16595812E-004
     0.64936058E+000    -0.13571942E-003    -0.44168227E-004    -0.31921004E+001     0.85857877E+000    -0.10377153E-005    -0.16556368E-004
     0.64972807E+000    -0.13533330E-003    -0.44170869E-004    -0.31875267E+001     0.85260275E+000    -0.10319817E-005    -0.16517100E-004
     0.65009557E+000    -0.13494884E-003    -0.44173141E-004    -0.31829543E+001     0.84665875E+000    -0.10262903E-005    -0.16478007E-004
     0.65046306E+000    -0.13456601E-003    -0.44175047E-004    -0.31783835E+001     0.84074659E+000    -0.10206410E-005    -0.16439088E-004
     0.65083055E+000    -0.13418482E-003    -0.44176591E-004    -0.31738143E+001     0.83486609E+000    -0.10150332E-005    -0.16400342E-004
     0.65119805E+000    -0.13380525E-003    -0.44177776E-004    -0.31692468E+001     0.82901708E+000    -0.10094665E-005    -0.16361768E-004
     0.65156554E+000    -0.13342729E-003    -0.44178607E-004    -0.31646812E+001     0.82319940E+000    -0.10039407E-005    -0.16323364E-004
     0.65193303E+000    -0.13305094E-003    -0.44179086E-004    -0.31601175E+001     0.81741286E+000    -0.99845528E-006    -0.16285130E-004
     0.65230053E+000    -0.13267619E-003    -0.44179218E-004    -0.31555558E+001     0.81165730E+000    -0.99300992E-006    -0.16247064E-004
     0.65266802E+000    -0.13230302E-003    -0.44179006E-004    -0.31509962E+001     0.80593254E+000    -0.98760425E-006    -0.16209166E-004
     0.65303551E+000    -0.13193142E-003    -0.44178454E-004    -0.31464389E+001     0.80023843E+000    -0.98223790E-006    -0.16171433E-004
     0.65340301E+000    -0.13156140E-003    -0.44177566E-004    -0.31418839E+001     0.79457478E+000    -0.97691052E-006    -0.16133866E-004
     0.65377050E+000    -0.13119293E-003    -0.44176344E-004    -0.31373313E+001     0.78894143E+000    -0.97162176E-006    -0.16096464E-004
     0.65413799E+000    -0.13082602E-003    -0.44174793E-004    -0.31327812E+001     0.78333821E+000    -0.96637125E-006    -0.16059224E-004
     0.65450549E+000    -0.13046064E-003    -0.44172917E-004    -0.31282338E+001     0.77776496E+000    -0.96115866E-006    -0.16022146E-004
     0.65487298E+000    -0.13009680E-003    -0.44170717E-004    -0.31236890E+001     0.77222151E+000    -0.95598363E-006    -0.15985230E-004
     0.65524047E+000    -0.12973448E-003    -0.44168198E-004    -0.31191470E+001     0.76670769E+000    -0.95084584E-006    -0.15948474E-004
     0.65560797E+000    -0.12937368E-003    -0.44165363E-004    -0.31146079E+001     0.76122334E+000    -0.94574493E-006    -0.15911876E-004
     0.65597546E+000    -0.12901438E-003    -0.44162216E-004    -0.31100717E+001     0.75576830E+000    -0.94068057E-006    -0.15875437E-004
     0.65634295E+000    -0.12865658E-003    -0.44158760E-004    -0.31055386E+001     0.75034241E+000    -0.93565245E-006    -0.15839155E-004
     0.65671044E+000    -0.12830028E-003    -0.44154997E-004    -0.31010087E+001     0.74494549E+000    -0.93066022E-006    -0.15803029E-004
     0.65707794E+000    -0.12794545E-003    -0.44150932E-004    -0.30964819E+001     0.73957740E+000    -0.92570356E-006    -0.15767058E-004
     0.65744543E+000    -0.12759210E-003    -0.44146568E-004    -0.30919584E+001     0.73423797E+000    -0.92078216E-006    -0.15731241E-004
     0.65781292E+000    -0.12724021E-003    -0.44141906E-004    -0.30874383E+001     0.72892703E+000    -0.91589569E-006    -0.15695578E-004
     0.65818042E+000    -0.12688978E-003    -0.44136952E-004    -0.30829216E+001     0.72364444E+000    -0.91104384E-006    -0.15660066E-004
     0.65854791E+000    -0.12654080E-003    -0.44131707E-004    -0.30784085E+001     0.71839003E+000    -0.90622631E-006    -0.15624706E-004
     0.65891540E+000    -0.12619325E-003    -0.44126176E-004    -0.30738990E+001     0.71316365E+000    -0.90144278E-006    -0.15589497E-004
     0.65928290E+000    -0.12584714E-003    -0.44120360E-004    -0.30693931E+001     0.70796513E+000    -0.89669294E-006    -0.15554436E-004
     0.65965039E+000    -0.12550246E-003    -0.44114263E-004    -0.30648910E+001     0.70279432E+000    -0.89197651E-006    -0.15519525E-004
     0.66001788E+000    -0.12515919E-003    -0.44107888E-004    -0.30603927E+001     0.69765108E+000    -0.88729317E-006    -0.15484761E-004
     0.66038538E+000    -0.12481733E-003    -0.44101238E-004    -0.30558983E+001     0.69253523E+000    -0.88264263E-006    -0.15450143E-004
     0.66075287E+000    -0.12447687E-003    -0.44094316E-004    -0.30514079E+001     0.68744663E+000    -0.87802460E-006    -0.15415672E-004
     0.66112036E+000    -0.12413781E-003    -0.44087124E-004    -0.30469215E+001     0.68238513E+000    -0.87343879E-006    -0.15381345E-004
     0.66148786E+000    -0.12380013E-003    -0.44079666E-004    -0.30424393E+001     0.67735057E+000    -0.86888492E-006    -0.15347163E-004
     0.66185535E+000    -0.12346382E-003    -0.44071944E-004    -0.30379612E+001     0.67234281E+000    -0.86436269E-006    -0.15313123E-004
     0.66222284E+000    -0.12312889E-003    -0.44063961E-004    -0.30334873E+001     0.66736168E+000    -0.85987183E-006    -0.15279226E-004
     0.66259034E+000    -0.12279532E-003    -0.44055720E-004    -0.30290177E+001     0.66240705E+000    -0.85541205E-006    -0.15245471E-004
     0.66295783E+000    -0.12246311E-003    -0.44047224E-004    -0.30245525E+001     0.65747876E+000    -0.85098310E-006    -0.15211856E-004
     0.66332532E+000    -0.12213224E-003    -0.44038475E-004    -0.30200917E+001     0.65257666E+000    -0.84658468E-006    -0.15178380E-004
     0.66369282E+000    -0.12180272E-003    -0.44029476E-004    -0.30156354E+001     0.64770061E+000    -0.84221653E-006    -0.15145044E-004
     0.66406031E+000    -0.12147452E-003    -0.44020229E-004    -0.30111836E+001     0.64285045E+000    -0.83787838E-006    -0.15111846E-004
     0.66442780E+000    -0.12114766E-003    -0.44010738E-004    -0.30067365E+001     0.63802605E+000    -0.83356998E-006    -0.15078784E-004
     0.66479530E+000    -0.12082211E-003    -0.44001005E-004    -0.30022940E+001     0.63322725E+000    -0.82929105E-006    -0.15045860E-004
     0.66516279E+000    -0.12049787E-003    -0.43991033E-004    -0.29978562E+001     0.62845392E+000    -0.82504133E-006    -0.15013071E-004
     0.66553028E+000    -0.12017494E-003    -0.43980824E-004    -0.29934232E+001     0.62370591E+000    -0.82082058E-006    -0.14980416E-004
     0.66589778E+000    -0.11985330E-003    -0.43970380E-004    -0.29889950E+001     0.61898307E+000    -0.81662853E-006    -0.14947896E-004
     0.66626527E+000    -0.11953296E-003    -0.43959704E-004    -0.29845718E+001     0.61428526E+000    -0.81246493E-006    -0.14915509E-004
     0.66663276E+000    -0.11921390E-003    -0.43948799E-004    -0.29801534E+001     0.60961235E+000    -0.80832954E-006    -0.14883254E-004
     0.66700026E+000    -0.11889611E-003    -0.43937667E-004    -0.29757401E+001     0.60496418E+000    -0.80422210E-006    -0.14851131E-004
     0.66736775E+000    -0.11857960E-003    -0.43926310E-004    -0.29713318E+001     0.60034063E+000    -0.80014237E-006    -0.14819138E-004
     0.66773524E+000    -0.11826434E-003    -0.43914731E-004    -0.29669286E+001     0.59574154E+000    -0.79609012E-006    -0.14787276E-004
     0.66810274E+000    -0.11795035E-003    -0.43902933E-004    -0.29625305E+001     0.59116679E+000    -0.79206509E-006    -0.14755543E-004
     0.66847023E+000    -0.11763760E-003    -0.43890917E-004    -0.29581376E+001     0.58661623E+000    -0.78806706E-006    -0.14723939E-004
     0.66883772E+000    -0.11732609E-003    -0.43878686E-004    -0.29537500E+001     0.58208973E+000    -0.78409579E-006    -0.14692462E-004
     0.66920522E+000    -0.11701582E-003    -0.43866243E-004    -0.29493677E+001     0.57758714E+000    -0.78015104E-006    -0.14661113E-004
     0.66957271E+000    -0.11670678E-003    -0.43853589E-004    -0.29449907E+001     0.57310834E+000    -0.77623258E-006    -0.14629889E-004
     0.66994020E+000    -0.11639896E-003    -0.43840727E-004    -0.29406190E+001     0.56865319E+000    -0.77234019E-006    -0.14598791E-004
     0.67030770E+000    -0.11609236E-003    -0.43827659E-004    -0.29362528E+001     0.56422155E+000    -0.76847364E-006    -0.14567819E-004
     0.67067519E+000    -0.11578697E-003    -0.43814387E-004    -0.29318921E+001     0.55981330E+000    -0.76463271E-006    -0.14536970E-004
     0.67104268E+000    -0.11548278E-003    -0.43800914E-004    -0.29275368E+001     0.55542829E+000    -0.76081717E-006    -0.14506244E-004
     0.67141018E+000    -0.11517978E-003    -0.43787241E-004    -0.29231871E+001     0.55106640E+000    -0.75702681E-006    -0.14475641E-004
     0.67177767E+000    -0.11487798E-003    -0.43773371E-004    -0.29188430E+001     0.54672749E+000    -0.75326140E-006    -0.14445161E-004
     0.67214516E+000    -0.11457736E-003    -0.43759307E-004    -0.29145046E+001     0.54241143E+000    -0.74952074E-006    -0.14414801E-004
     0.67251265E+000    -0.11427792E-003    -0.43745049E-004    -0.29101718E+001     0.53811810E+000    -0.74580460E-006    -0.14384562E-004
     0.67288015E+000    -0.11397965E-003    -0.43730601E-004    -0.29058447E+001     0.53384737E+000    -0.74211279E-006    -0.14354443E-004
     0.67324764E+000    -0.11368254E-003    -0.43715964E-004    -0.29015234E+001     0.52959909E+000    -0.73844509E-006    -0.14324443E-004
     0.67361513E+000    -0.11338660E-003    -0.43701140E-004    -0.28972078E+001     0.52537316E+000    -0.73480128E-006    -0.14294561E-004
     0.67398263E+000    -0.11309181E-003    -0.43686131E-004    -0.28928981E+001     0.52116944E+000    -0.73118118E-006    -0.14264798E-004
     0.67435012E+000    -0.11279816E-003    -0.43670940E-004    -0.28885942E+001     0.51698780E+000    -0.72758457E-006    -0.14235151E-004
     0.67471761E+000    -0.11250566E-003    -0.43655569E-004    -0.28842962E+001     0.51282812E+000    -0.72401126E-006    -0.14205621E-004
     0.67508511E+000    -0.11221429E-003    -0.43640019E-004    -0.28800042E+001     0.50869027E+000    -0.72046104E-006    -0.14176207E-004
     0.67545260E+000    -0.11192405E-003    -0.43624292E-004    -0.28757181E+001     0.50457413E+000    -0.71693371E-006    -0.14146908E-004
     0.67582009E+000    -0.11163493E-003    -0.43608390E-004    -0.28714380E+001     0.50047957E+000    -0.71342909E-006    -0.14117723E-004
     0.67618759E+000    -0.11134693E-003    -0.43592315E-004    -0.28671639E+001     0.49640648E+000    -0.70994698E-006    -0.14088652E-004
     0.67655508E+000    -0.11106005E-003    -0.43576070E-004    -0.28628959E+001     0.49235473E+000    -0.70648719E-006    -0.14059695E-004
     0.67692257E+000    -0.11077426E-003    -0.43559656E-004    -0.28586340E+001     0.48832419E+000    -0.70304952E-006    -0.14030850E-004
     0.67729007E+000    -0.11048958E-003    -0.43543074E-004    -0.28543782E+001     0.48431475E+000    -0.69963380E-006    -0.14002117E-004
     0.67765756E+000    -0.11020600E-003    -0.43526327E-004    -0.28501286E+001     0.48032629E+000    -0.69623982E-006    -0.13973495E-004
     0.67802505E+000    -0.10992350E-003    -0.43509417E-004    -0.28458851E+001     0.47635869E+000    -0.69286742E-006    -0.13944984E-004
     0.67839255E+000    -0.10964208E-003    -0.43492344E-004    -0.28416478E+001     0.47241182E+000    -0.68951641E-006    -0.13916583E-004
     0.67876004E+000    -0.10936174E-003    -0.43475112E-004    -0.28374168E+001     0.46848558E+000    -0.68618660E-006    -0.13888291E-004
     0.67912753E+000    -0.10908248E-003    -0.43457722E-004    -0.28331920E+001     0.46457984E+000    -0.68287782E-006    -0.13860109E-004
     0.67949503E+000    -0.10880428E-003    -0.43440176E-004    -0.28289735E+001     0.46069448E+000    -0.67958989E-006    -0.13832034E-004
     0.67986252E+000    -0.10852714E-003    -0.43422475E-004    -0.28247613E+001     0.45682939E+000    -0.67632263E-006    -0.13804067E-004
     0.68023001E+000    -0.10825105E-003    -0.43404621E-004    -0.28205555E+001     0.45298446E+000    -0.67307588E-006    -0.13776208E-004
     0.68059751E+000    -0.10797602E-003    -0.43386615E-004    -0.28163560E+001     0.44915956E+000    -0.66984945E-006    -0.13748454E-004
     0.68096500E+000    -0.10770203E-003    -0.43368461E-004    -0.28121629E+001     0.44535459E+000    -0.66664319E-006    -0.13720807E-004
     0.68133249E+000    -0.10742908E-003    -0.43350158E-004    -0.28079762E+001     0.44156943E+000    -0.66345691E-006    -0.13693265E-004
     0.68169999E+000    -0.10715716E-003    -0.43331710E-004    -0.28037960E+001     0.43780397E+000    -0.66029045E-006    -0.13665827E-004
     0.68206748E+000    -0.10688627E-003    -0.43313116E-004    -0.27996222E+001     0.43405810E+000    -0.65714365E-006    -0.13638494E-004
     0.68243497E+000    -0.10661641E-003    -0.43294380E-004    -0.27954549E+001     0.43033170E+000    -0.65401634E-006    -0.13611264E-004
     0.68280247E+000    -0.10634756E-003    -0.43275503E-004    -0.27912941E+001     0.42662466E+000    -0.65090835E-006    -0.13584137E-004
     0.68316996E+000    -0.10607973E-003    -0.43256486E-004    -0.27871398E+001     0.42293687E+000    -0.64781954E-006    -0.13557112E-004
     0.68353745E+000    -0.10581291E-003    -0.43237331E-004    -0.27829920E+001     0.41926823E+000    -0.64474973E-006    -0.13530190E-004
     0.68390495E+000    -0.10554708E-003    -0.43218039E-004    -0.27788509E+001     0.41561863E+000    -0.64169878E-006    -0.13503368E-004
     0.68427244E+000    -0.10528226E-003    -0.43198613E-004    -0.27747162E+001     0.41198794E+000    -0.63866651E-006    -0.13476648E-004
     0.68463993E+000    -0.10501843E-003    -0.43179052E-004    -0.27705882E+001     0.40837608E+000    -0.63565279E-006    -0.13450027E-004
     0.68500743E+000    -0.10475558E-003    -0.43159360E-004    -0.27664668E+001     0.40478293E+000    -0.63265745E-006    -0.13423507E-004
     0.68537492E+000    -0.10449372E-003    -0.43139538E-004    -0.27623521E+001     0.40120838E+000    -0.62968034E-006    -0.13397085E-004
     0.68574241E+000    -0.10423284E-003    -0.43119587E-004    -0.27582440E+001     0.39765233E+000    -0.62672131E-006    -0.13370762E-004
     0.68610991E+000    -0.10397293E-003    -0.43099508E-004    -0.27541425E+001     0.39411467E+000    -0.62378021E-006    -0.13344537E-004
     0.68647740E+000    -0.10371398E-003    -0.43079303E-004    -0.27500478E+001     0.39059530E+000    -0.62085690E-006    -0.13318410E-004
     0.68684489E+000    -0.10345600E-003    -0.43058974E-004    -0.27459597E+001     0.38709411E+000    -0.61795123E-006    -0.13292379E-004
     0.68721239E+000    -0.10319898E-003    -0.43038521E-004    -0.27418784E+001     0.38361100E+000    -0.61506305E-006    -0.13266445E-004
     0.68757988E+000    -0.10294291E-003    -0.43017947E-004    -0.27378038E+001     0.38014587E+000    -0.61219221E-006    -0.13240607E-004
     0.68794737E+000    -0.10268779E-003    -0.42997253E-004    -0.27337359E+001     0.37669862E+000    -0.60933858E-006    -0.13214864E-004
     0.68831486E+000    -0.10243361E-003    -0.42976440E-004    -0.27296748E+001     0.37326914E+000    -0.60650202E-006    -0.13189216E-004
     0.68868236E+000    -0.10218038E-003    -0.42955509E-004    -0.27256205E+001     0.36985733E+000    -0.60368238E-006    -0.13163663E-004
     0.68904985E+000    -0.10192808E-003    -0.42934462E-004    -0.27215729E+001     0.36646309E+000    -0.60087953E-006    -0.13138204E-004
     0.68941734E+000    -0.10167670E-003    -0.42913301E-004    -0.27175322E+001     0.36308633E+000    -0.59809332E-006    -0.13112838E-004
     0.68978484E+000    -0.10142626E-003    -0.42892026E-004    -0.27134982E+001     0.35972694E+000    -0.59532363E-006    -0.13087565E-004
     0.69015233E+000    -0.10117673E-003    -0.42870639E-004    -0.27094711E+001     0.35638482E+000    -0.59257032E-006    -0.13062384E-004
     0.69051982E+000    -0.10092812E-003    -0.42849141E-004    -0.27054508E+001     0.35305988E+000    -0.58983325E-006    -0.13037296E-004
     0.69088732E+000    -0.10068042E-003    -0.42827534E-004    -0.27014374E+001     0.34975202E+000    -0.58711229E-006    -0.13012298E-004
     0.69125481E+000    -0.10043363E-003    -0.42805818E-004    -0.26974308E+001     0.34646113E+000    -0.58440732E-006    -0.12987392E-004
     0.69162230E+000    -0.10018774E-003    -0.42783996E-004    -0.26934311E+001     0.34318714E+000    -0.58171819E-006    -0.12962576E-004
     0.69198980E+000    -0.99942748E-004    -0.42762068E-004    -0.26894383E+001     0.33992993E+000    -0.57904479E-006    -0.12937851E-004
     0.69235729E+000    -0.99698651E-004    -0.42740035E-004    -0.26854524E+001     0.33668941E+000    -0.57638698E-006    -0.12913214E-004
     0.69272478E+000    -0.99455443E-004    -0.42717900E-004    -0.26814733E+001     0.33346550E+000    -0.57374465E-006    -0.12888667E-004
     0.69309228E+000    -0.99213120E-004    -0.42695663E-004    -0.26775012E+001     0.33025808E+000    -0.57111765E-006    -0.12864209E-004
     0.69345977E+000    -0.98971678E-004    -0.42673325E-004    -0.26735360E+001     0.32706708E+000    -0.56850588E-006    -0.12839839E-004
     0.69382726E+000    -0.98731112E-004    -0.42650887E-004    -0.26695777E+001     0.32389240E+000    -0.56590921E-006    -0.12815556E-004
     0.69419476E+000    -0.98491419E-004    -0.42628352E-004    -0.26656263E+001     0.32073395E+000    -0.56332751E-006    -0.12791361E-004
     0.69456225E+000    -0.98252593E-004    -0.42605719E-004    -0.26616819E+001     0.31759162E+000    -0.56076066E-006    -0.12767252E-004
     0.69492974E+000    -0.98014630E-004    -0.42582990E-004    -0.26577444E+001     0.31446534E+000    -0.55820855E-006    -0.12743230E-004
     0.69529724E+000    -0.97777527E-004    -0.42560167E-004    -0.26538138E+001     0.31135501E+000    -0.55567106E-006    -0.12719293E-004
     0.69566473E+000    -0.97541279E-004    -0.42537250E-004    -0.26498903E+001     0.30826055E+000    -0.55314807E-006    -0.12695442E-004
     0.69603222E+000    -0.97305883E-004    -0.42514240E-004    -0.26459737E+001     0.30518185E+000    -0.55063947E-006    -0.12671676E-004
     0.69639972E+000    -0.97071333E-004    -0.42491140E-004    -0.26420640E+001     0.30211884E+000    -0.54814513E-006    -0.12647995E-004
     0.69676721E+000    -0.96837626E-004    -0.42467949E-004    -0.26381613E+001     0.29907142E+000    -0.54566494E-006    -0.12624397E-004
     0.69713470E+000    -0.96604757E-004    -0.42444669E-004    -0.26342656E+001     0.29603950E+000    -0.54319880E-006    -0.12600884E-004
     0.69750220E+000    -0.96372724E-004    -0.42421301E-004    -0.26303769E+001     0.29302300E+000    -0.54074659E-006    -0.12577453E-004
     0.69786969E+000    -0.96141521E-004    -0.42397846E-004    -0.26264952E+001     0.29002184E+000    -0.53830820E-006    -0.12554106E-004
     0.69823718E+000    -0.95911144E-004    -0.42374306E-004    -0.26226205E+001     0.28703591E+000    -0.53588351E-006    -0.12530841E-004
     0.69860468E+000    -0.95681590E-004    -0.42350681E-004    -0.26187528E+001     0.28406515E+000    -0.53347243E-006    -0.12507658E-004
     0.69897217E+000    -0.95452855E-004    -0.42326972E-004    -0.26148920E+001     0.28110946E+000    -0.53107484E-006    -0.12484556E-004
     0.69933966E+000    -0.95224935E-004    -0.42303180E-004    -0.26110383E+001     0.27816875E+000    -0.52869063E-006    -0.12461536E-004
     0.69970716E+000    -0.94997826E-004    -0.42279307E-004    -0.26071916E+001     0.27524295E+000    -0.52631970E-006    -0.12438596E-004
     0.70007465E+000    -0.94771523E-004    -0.42255353E-004    -0.26033519E+001     0.27233197E+000    -0.52396195E-006    -0.12415737E-004
     0.70044214E+000    -0.94546024E-004    -0.42231320E-004    -0.25995192E+001     0.26943572E+000    -0.52161727E-006    -0.12392957E-004
     0.70080964E+000    -0.94321324E-004    -0.42207208E-004    -0.25956936E+001     0.26655412E+000    -0.51928555E-006    -0.12370257E-004
     0.70117713E+000    -0.94097419E-004    -0.42183019E-004    -0.25918749E+001     0.26368710E+000    -0.51696670E-006    -0.12347637E-004
     0.70154462E+000    -0.93874307E-004    -0.42158753E-004    -0.25880633E+001     0.26083456E+000    -0.51466061E-006    -0.12325094E-004
     0.70191212E+000    -0.93651982E-004    -0.42134412E-004    -0.25842587E+001     0.25799643E+000    -0.51236718E-006    -0.12302631E-004
     0.70227961E+000    -0.93430441E-004    -0.42109996E-004    -0.25804611E+001     0.25517262E+000    -0.51008632E-006    -0.12280245E-004
     0.70264710E+000    -0.93209681E-004    -0.42085507E-004    -0.25766705E+001     0.25236306E+000    -0.50781792E-006    -0.12257937E-004
     0.70301459E+000    -0.92989697E-004    -0.42060945E-004    -0.25728870E+001     0.24956766E+000    -0.50556189E-006    -0.12235706E-004
     0.70338209E+000    -0.92770486E-004    -0.42036311E-004    -0.25691104E+001     0.24678635E+000    -0.50331813E-006    -0.12213551E-004
     0.70374958E+000    -0.92552045E-004    -0.42011607E-004    -0.25653410E+001     0.24401904E+000    -0.50108654E-006    -0.12191473E-004
     0.70411707E+000    -0.92334370E-004    -0.41986832E-004    -0.25615785E+001     0.24126566E+000    -0.49886703E-006    -0.12169471E-004
     0.70448457E+000    -0.92117457E-004    -0.41961989E-004    -0.25578230E+001     0.23852613E+000    -0.49665951E-006    -0.12147545E-004
     0.70485206E+000    -0.91901302E-004    -0.41937078E-004    -0.25540746E+001     0.23580037E+000    -0.49446388E-006    -0.12125694E-004
     0.70521955E+000    -0.91685902E-004    -0.41912100E-004    -0.25503332E+001     0.23308830E+000    -0.49228005E-006    -0.12103918E-004
     0.70558705E+000    -0.91471254E-004    -0.41887055E-004    -0.25465988E+001     0.23038986E+000    -0.49010792E-006    -0.12082216E-004
     0.70595454E+000    -0.91257354E-004    -0.41861945E-004    -0.25428715E+001     0.22770495E+000    -0.48794742E-006    -0.12060588E-004
     0.70632203E+000    -0.91044198E-004    -0.41836771E-004    -0.25391512E+001     0.22503351E+000    -0.48579844E-006    -0.12039035E-004
     0.70668953E+000    -0.90831783E-004    -0.41811533E-004    -0.25354378E+001     0.22237546E+000    -0.48366089E-006    -0.12017554E-004
     0.70705702E+000    -0.90620105E-004    -0.41786233E-004    -0.25317315E+001     0.21973072E+000    -0.48153470E-006    -0.11996147E-004
     0.70742451E+000    -0.90409162E-004    -0.41760871E-004    -0.25280323E+001     0.21709923E+000    -0.47941976E-006    -0.11974812E-004
     0.70779201E+000    -0.90198949E-004    -0.41735447E-004    -0.25243400E+001     0.21448090E+000    -0.47731600E-006    -0.11953550E-004
     0.70815950E+000    -0.89989463E-004    -0.41709964E-004    -0.25206547E+001     0.21187566E+000    -0.47522333E-006    -0.11932359E-004
     0.70852699E+000    -0.89780701E-004    -0.41684421E-004    -0.25169765E+001     0.20928344E+000    -0.47314166E-006    -0.11911240E-004
     0.70889449E+000    -0.89572660E-004    -0.41658820E-004    -0.25133052E+001     0.20670418E+000    -0.47107091E-006    -0.11890193E-004
     0.70926198E+000    -0.89365335E-004    -0.41633161E-004    -0.25096410E+001     0.20413778E+000    -0.46901099E-006    -0.11869216E-004
     0.70962947E+000    -0.89158725E-004    -0.41607445E-004    -0.25059837E+001     0.20158419E+000    -0.46696182E-006    -0.11848310E-004
     0.70999697E+000    -0.88952824E-004    -0.41581673E-004    -0.25023335E+001     0.19904333E+000    -0.46492332E-006    -0.11827474E-004
     0.71036446E+000    -0.88747631E-004    -0.41555845E-004    -0.24986902E+001     0.19651514E+000    -0.46289541E-006    -0.11806709E-004
     0.71073195E+000    -0.88543142E-004    -0.41529964E-004    -0.24950539E+001     0.19399953E+000    -0.46087801E-006    -0.11786012E-004
     0.71109945E+000    -0.88339354E-004    -0.41504028E-004    -0.24914246E+001     0.19149644E+000    -0.45887103E-006    -0.11765385E-004
     0.71146694E+000    -0.88136262E-004    -0.41478040E-004    -0.24878023E+001     0.18900580E+000    -0.45687439E-006    -0.11744827E-004
     0.71183443E+000    -0.87933866E-004    -0.41451999E-004    -0.24841870E+001     0.18652755E+000    -0.45488803E-006    -0.11724337E-004
     0.71220193E+000    -0.87732160E-004    -0.41425907E-004    -0.24805786E+001     0.18406161E+000    -0.45291185E-006    -0.11703915E-004
     0.71256942E+000    -0.87531141E-004    -0.41399764E-004    -0.24769772E+001     0.18160791E+000    -0.45094578E-006    -0.11683562E-004
     0.71293691E+000    -0.87330808E-004    -0.41373571E-004    -0.24733828E+001     0.17916639E+000    -0.44898975E-006    -0.11663276E-004
     0.71330441E+000    -0.87131156E-004    -0.41347329E-004    -0.24697953E+001     0.17673698E+000    -0.44704368E-006    -0.11643057E-004
     0.71367190E+000    -0.86932183E-004    -0.41321039E-004    -0.24662148E+001     0.17431960E+000    -0.44510750E-006    -0.11622905E-004
     0.71403939E+000    -0.86733885E-004    -0.41294701E-004    -0.24626412E+001     0.17191421E+000    -0.44318112E-006    -0.11602819E-004
     0.71440689E+000    -0.86536259E-004    -0.41268315E-004    -0.24590745E+001     0.16952072E+000    -0.44126447E-006    -0.11582800E-004
     0.71477438E+000    -0.86339302E-004    -0.41241884E-004    -0.24555148E+001     0.16713907E+000    -0.43935749E-006    -0.11562847E-004
     0.71514187E+000    -0.86143011E-004    -0.41215407E-004    -0.24519621E+001     0.16476921E+000    -0.43746010E-006    -0.11542960E-004
     0.71550937E+000    -0.85947384E-004    -0.41188885E-004    -0.24484162E+001     0.16241105E+000    -0.43557222E-006    -0.11523138E-004
     0.71587686E+000    -0.85752416E-004    -0.41162318E-004    -0.24448773E+001     0.16006454E+000    -0.43369378E-006    -0.11503380E-004
     0.71624435E+000    -0.85558106E-004    -0.41135708E-004    -0.24413453E+001     0.15772961E+000    -0.43182473E-006    -0.11483688E-004
     0.71661185E+000    -0.85364450E-004    -0.41109055E-004    -0.24378202E+001     0.15540620E+000    -0.42996497E-006    -0.11464060E-004
     0.71697934E+000    -0.85171445E-004    -0.41082360E-004    -0.24343019E+001     0.15309425E+000    -0.42811445E-006    -0.11444496E-004
     0.71734683E+000    -0.84979088E-004    -0.41055624E-004    -0.24307906E+001     0.15079369E+000    -0.42627309E-006    -0.11424996E-004
     0.71771433E+000    -0.84787376E-004    -0.41028846E-004    -0.24272862E+001     0.14850446E+000    -0.42444083E-006    -0.11405559E-004
     0.71808182E+000    -0.84596307E-004    -0.41002028E-004    -0.24237887E+001     0.14622649E+000    -0.42261760E-006    -0.11386186E-004
     0.71844931E+000    -0.84405877E-004    -0.40975171E-004    -0.24202980E+001     0.14395973E+000    -0.42080333E-006    -0.11366875E-004
     0.71881680E+000    -0.84216084E-004    -0.40948275E-004    -0.24168142E+001     0.14170411E+000    -0.41899795E-006    -0.11347627E-004
     0.71918430E+000    -0.84026924E-004    -0.40921340E-004    -0.24133372E+001     0.13945958E+000    -0.41720140E-006    -0.11328441E-004
     0.71955179E+000    -0.83838395E-004    -0.40894368E-004    -0.24098671E+001     0.13722606E+000    -0.41541362E-006    -0.11309318E-004
     0.71991928E+000    -0.83650495E-004    -0.40867358E-004    -0.24064039E+001     0.13500350E+000    -0.41363453E-006    -0.11290256E-004
     0.72028678E+000    -0.83463219E-004    -0.40840312E-004    -0.24029475E+001     0.13279185E+000    -0.41186408E-006    -0.11271255E-004
     0.72065427E+000    -0.83276566E-004    -0.40813230E-004    -0.23994979E+001     0.13059103E+000    -0.41010219E-006    -0.11252316E-004
     0.72102176E+000    -0.83090533E-004    -0.40786113E-004    -0.23960551E+001     0.12840100E+000    -0.40834881E-006    -0.11233438E-004
     0.72138926E+000    -0.82905117E-004    -0.40758962E-004    -0.23926192E+001     0.12622168E+000    -0.40660388E-006    -0.11214620E-004
     0.72175675E+000    -0.82720314E-004    -0.40731776E-004    -0.23891900E+001     0.12405303E+000    -0.40486733E-006    -0.11195862E-004
     0.72212424E+000    -0.82536123E-004    -0.40704557E-004    -0.23857677E+001     0.12189499E+000    -0.40313909E-006    -0.11177165E-004
     0.72249174E+000    -0.82352541E-004    -0.40677305E-004    -0.23823521E+001     0.11974749E+000    -0.40141911E-006    -0.11158527E-004
     0.72285923E+000    -0.82169565E-004    -0.40650020E-004    -0.23789433E+001     0.11761047E+000    -0.39970734E-006    -0.11139948E-004
     0.72322672E+000    -0.81987192E-004    -0.40622704E-004    -0.23755413E+001     0.11548389E+000    -0.39800370E-006    -0.11121429E-004
     0.72359422E+000    -0.81805419E-004    -0.40595357E-004    -0.23721461E+001     0.11336769E+000    -0.39630813E-006    -0.11102969E-004
     0.72396171E+000    -0.81624245E-004    -0.40567979E-004    -0.23687576E+001     0.11126180E+000    -0.39462059E-006    -0.11084567E-004
     0.72432920E+000    -0.81443666E-004    -0.40540571E-004    -0.23653759E+001     0.10916617E+000    -0.39294100E-006    -0.11066224E-004
     0.72469670E+000    -0.81263679E-004    -0.40513134E-004    -0.23620009E+001     0.10708074E+000    -0.39126932E-006    -0.11047939E-004
     0.72506419E+000    -0.81084283E-004    -0.40485667E-004    -0.23586326E+001     0.10500547E+000    -0.38960548E-006    -0.11029712E-004
     0.72543168E+000    -0.80905474E-004    -0.40458173E-004    -0.23552711E+001     0.10294029E+000    -0.38794943E-006    -0.11011542E-004
     0.72579918E+000    -0.80727250E-004    -0.40430650E-004    -0.23519163E+001     0.10088515E+000    -0.38630112E-006    -0.10993430E-004
     0.72616667E+000    -0.80549608E-004    -0.40403100E-004    -0.23485681E+001     0.98839996E-001    -0.38466047E-006    -0.10975374E-004
     0.72653416E+000    -0.80372546E-004    -0.40375523E-004    -0.23452267E+001     0.96804770E-001    -0.38302745E-006    -0.10957376E-004
     0.72690166E+000    -0.80196061E-004    -0.40347920E-004    -0.23418920E+001     0.94779421E-001    -0.38140198E-006    -0.10939434E-004
     0.72726915E+000    -0.80020151E-004    -0.40320291E-004    -0.23385639E+001     0.92763895E-001    -0.37978403E-006    -0.10921548E-004
     0.72763664E+000    -0.79844813E-004    -0.40292637E-004    -0.23352425E+001     0.90758138E-001    -0.37817353E-006    -0.10903718E-004
     0.72800414E+000    -0.79670044E-004    -0.40264958E-004    -0.23319277E+001     0.88762097E-001    -0.37657044E-006    -0.10885945E-004
     0.72837163E+000    -0.79495843E-004    -0.40237255E-004    -0.23286196E+001     0.86775719E-001    -0.37497469E-006    -0.10868226E-004
     0.72873912E+000    -0.79322206E-004    -0.40209528E-004    -0.23253182E+001     0.84798953E-001    -0.37338623E-006    -0.10850563E-004
     0.72910662E+000    -0.79149132E-004    -0.40181777E-004    -0.23220233E+001     0.82831746E-001    -0.37180502E-006    -0.10832955E-004
     0.72947411E+000    -0.78976617E-004    -0.40154004E-004    -0.23187351E+001     0.80874047E-001    -0.37023100E-006    -0.10815401E-004
     0.72984160E+000    -0.78804660E-004    -0.40126209E-004    -0.23154535E+001     0.78925803E-001    -0.36866412E-006    -0.10797903E-004
     0.73020910E+000    -0.78633258E-004    -0.40098392E-004    -0.23121785E+001     0.76986964E-001    -0.36710432E-006    -0.10780458E-004
     0.73057659E+000    -0.78462408E-004    -0.40070554E-004    -0.23089101E+001     0.75057479E-001    -0.36555157E-006    -0.10763067E-004
     0.73094408E+000    -0.78292108E-004    -0.40042694E-004    -0.23056482E+001     0.73137298E-001    -0.36400580E-006    -0.10745731E-004
     0.73131158E+000    -0.78122356E-004    -0.40014814E-004    -0.23023929E+001     0.71226370E-001    -0.36246696E-006    -0.10728448E-004
     0.73167907E+000    -0.77953149E-004    -0.39986915E-004    -0.22991442E+001     0.69324645E-001    -0.36093502E-006    -0.10711218E-004
     0.73204656E+000    -0.77784486E-004    -0.39958995E-004    -0.22959020E+001     0.67432074E-001    -0.35940991E-006    -0.10694041E-004
     0.73241406E+000    -0.77616363E-004    -0.39931057E-004    -0.22926664E+001     0.65548608E-001    -0.35789159E-006    -0.10676917E-004
     0.73278155E+000    -0.77448778E-004    -0.39903100E-004    -0.22894373E+001     0.63674197E-001    -0.35638002E-006    -0.10659845E-004
     0.73314904E+000    -0.77281729E-004    -0.39875125E-004    -0.22862147E+001     0.61808793E-001    -0.35487514E-006    -0.10642826E-004
     0.73351654E+000    -0.77115215E-004    -0.39847133E-004    -0.22829986E+001     0.59952347E-001    -0.35337690E-006    -0.10625860E-004
     0.73388403E+000    -0.76949231E-004    -0.39819123E-004    -0.22797890E+001     0.58104811E-001    -0.35188527E-006    -0.10608945E-004
     0.73425152E+000    -0.76783777E-004    -0.39791096E-004    -0.22765859E+001     0.56266137E-001    -0.35040018E-006    -0.10592081E-004
