#      omega [at.u.]    re,pade,pol. 1 2    im,pade,pol. 1 2    re,pade,pol. 2 2    im,pade,pol. 2 2    re,pade,pol. 3 2    im,pade,pol. 3 2
     0.00000000E+000    -0.62850275E+000    -0.20130765E-013     0.68559196E+005     0.11273228E-010     0.59220741E+000     0.35386111E-014
     0.36749325E-003    -0.62850704E+000     0.10907227E-004     0.68561031E+005     0.18732194E+002     0.59221234E+000     0.12649786E-004
     0.73498651E-003    -0.62851991E+000     0.21822424E-004     0.68566535E+005     0.37471989E+002     0.59222714E+000     0.25302408E-004
     0.11024798E-002    -0.62854135E+000     0.32757262E-004     0.68575711E+005     0.56226995E+002     0.59225179E+000     0.37960694E-004
     0.14699730E-002    -0.62857135E+000     0.43727186E-004     0.68588562E+005     0.75004838E+002     0.59228632E+000     0.50627458E-004
     0.18374663E-002    -0.62860991E+000     0.54748730E-004     0.68605094E+005     0.93813170E+002     0.59233071E+000     0.63305493E-004
     0.22049595E-002    -0.62865701E+000     0.65837821E-004     0.68625315E+005     0.11265968E+003     0.59238498E+000     0.75997563E-004
     0.25724528E-002    -0.62871264E+000     0.77009569E-004     0.68649231E+005     0.13155208E+003     0.59244912E+000     0.88706399E-004
     0.29399460E-002    -0.62877680E+000     0.88278618E-004     0.68676852E+005     0.15049817E+003     0.59252314E+000     0.10143468E-003
     0.33074393E-002    -0.62884946E+000     0.99659622E-004     0.68708192E+005     0.16950577E+003     0.59260704E+000     0.11418504E-003
     0.36749325E-002    -0.62893060E+000     0.11116784E-003     0.68743261E+005     0.18858281E+003     0.59270084E+000     0.12696005E-003
     0.40424258E-002    -0.62902021E+000     0.12281950E-003     0.68782075E+005     0.20773725E+003     0.59280453E+000     0.13976221E-003
     0.44099190E-002    -0.62911827E+000     0.13463130E-003     0.68824650E+005     0.22697717E+003     0.59291812E+000     0.15259395E-003
     0.47774123E-002    -0.62922473E+000     0.14661967E-003     0.68871004E+005     0.24631074E+003     0.59304163E+000     0.16545760E-003
     0.51449056E-002    -0.62933959E+000     0.15880086E-003     0.68921156E+005     0.26574623E+003     0.59317506E+000     0.17835543E-003
     0.55123988E-002    -0.62946281E+000     0.17119165E-003     0.68975126E+005     0.28529203E+003     0.59331841E+000     0.19128955E-003
     0.58798921E-002    -0.62959435E+000     0.18380980E-003     0.69032938E+005     0.30495665E+003     0.59347170E+000     0.20426200E-003
     0.62473853E-002    -0.62973417E+000     0.19667454E-003     0.69094617E+005     0.32474876E+003     0.59363493E+000     0.21727467E-003
     0.66148786E-002    -0.62988223E+000     0.20980712E-003     0.69160187E+005     0.34467713E+003     0.59380813E+000     0.23032934E-003
     0.69823718E-002    -0.63003848E+000     0.22323083E-003     0.69229678E+005     0.36475074E+003     0.59399129E+000     0.24342761E-003
     0.73498651E-002    -0.63020289E+000     0.23697002E-003     0.69303118E+005     0.38497870E+003     0.59418442E+000     0.25657096E-003
     0.77173583E-002    -0.63037539E+000     0.25104890E-003     0.69380539E+005     0.40537031E+003     0.59438755E+000     0.26976065E-003
     0.80848516E-002    -0.63055593E+000     0.26549125E-003     0.69461974E+005     0.42593509E+003     0.59460068E+000     0.28299778E-003
     0.84523448E-002    -0.63074446E+000     0.28032151E-003     0.69547459E+005     0.44668273E+003     0.59482383E+000     0.29628324E-003
     0.88198381E-002    -0.63094091E+000     0.29556638E-003     0.69637031E+005     0.46762315E+003     0.59505700E+000     0.30961772E-003
     0.91873314E-002    -0.63114521E+000     0.31125533E-003     0.69730729E+005     0.48876651E+003     0.59530021E+000     0.32300165E-003
     0.95548246E-002    -0.63135728E+000     0.32741945E-003     0.69828594E+005     0.51012322E+003     0.59555347E+000     0.33643524E-003
     0.99223179E-002    -0.63157706E+000     0.34409029E-003     0.69930669E+005     0.53170393E+003     0.59581680E+000     0.34991841E-003
     0.10289811E-001    -0.63180444E+000     0.36130017E-003     0.70037000E+005     0.55351958E+003     0.59609021E+000     0.36345081E-003
     0.10657304E-001    -0.63203935E+000     0.37908317E-003     0.70147634E+005     0.57558142E+003     0.59637370E+000     0.37703177E-003
     0.11024798E-001    -0.63228169E+000     0.39747555E-003     0.70262622E+005     0.59790097E+003     0.59666731E+000     0.39066030E-003
     0.11392291E-001    -0.63253135E+000     0.41651579E-003     0.70382014E+005     0.62049011E+003     0.59697103E+000     0.40433505E-003
     0.11759784E-001    -0.63278822E+000     0.43624481E-003     0.70505867E+005     0.64336105E+003     0.59728488E+000     0.41805428E-003
     0.12127277E-001    -0.63305218E+000     0.45670647E-003     0.70634236E+005     0.66652637E+003     0.59760888E+000     0.43181588E-003
     0.12494771E-001    -0.63332310E+000     0.47794772E-003     0.70767181E+005     0.68999904E+003     0.59794304E+000     0.44561725E-003
     0.12862264E-001    -0.63360085E+000     0.50001822E-003     0.70904765E+005     0.71379243E+003     0.59828736E+000     0.45945538E-003
     0.13229757E-001    -0.63388529E+000     0.52297041E-003     0.71047051E+005     0.73792032E+003     0.59864187E+000     0.47332674E-003
     0.13597250E-001    -0.63417625E+000     0.54686031E-003     0.71194108E+005     0.76239699E+003     0.59900656E+000     0.48722727E-003
     0.13964744E-001    -0.63447358E+000     0.57174820E-003     0.71346005E+005     0.78723714E+003     0.59938146E+000     0.50115235E-003
     0.14332237E-001    -0.63477710E+000     0.59769841E-003     0.71502817E+005     0.81245602E+003     0.59976657E+000     0.51509674E-003
     0.14699730E-001    -0.63508663E+000     0.62477819E-003     0.71664619E+005     0.83806937E+003     0.60016191E+000     0.52905457E-003
     0.15067223E-001    -0.63540197E+000     0.65305680E-003     0.71831491E+005     0.86409353E+003     0.60056747E+000     0.54301924E-003
     0.15434717E-001    -0.63572292E+000     0.68260563E-003     0.72003516E+005     0.89054539E+003     0.60098326E+000     0.55698345E-003
     0.15802210E-001    -0.63604924E+000     0.71349982E-003     0.72180780E+005     0.91744249E+003     0.60140930E+000     0.57093907E-003
     0.16169703E-001    -0.63638071E+000     0.74582025E-003     0.72363372E+005     0.94480302E+003     0.60184558E+000     0.58487713E-003
     0.16537196E-001    -0.63671705E+000     0.77965489E-003     0.72551386E+005     0.97264584E+003     0.60229211E+000     0.59878775E-003
     0.16904690E-001    -0.63705800E+000     0.81509902E-003     0.72744919E+005     0.10009906E+004     0.60274888E+000     0.61266007E-003
     0.17272183E-001    -0.63740327E+000     0.85225455E-003     0.72944072E+005     0.10298576E+004     0.60321590E+000     0.62648218E-003
     0.17639676E-001    -0.63775255E+000     0.89122928E-003     0.73148950E+005     0.10592681E+004     0.60369316E+000     0.64024106E-003
     0.18007169E-001    -0.63810551E+000     0.93213715E-003     0.73359662E+005     0.10892442E+004     0.60418066E+000     0.65392248E-003
     0.18374663E-001    -0.63846181E+000     0.97509891E-003     0.73576323E+005     0.11198087E+004     0.60467838E+000     0.66751092E-003
     0.18742156E-001    -0.63882107E+000     0.10202423E-002     0.73799050E+005     0.11509857E+004     0.60518631E+000     0.68098949E-003
     0.19109649E-001    -0.63918290E+000     0.10677019E-002     0.74027967E+005     0.11828000E+004     0.60570445E+000     0.69433982E-003
     0.19477142E-001    -0.63954688E+000     0.11176199E-002     0.74263201E+005     0.12152777E+004     0.60623276E+000     0.70754195E-003
     0.19844636E-001    -0.63991256E+000     0.11701477E-002     0.74504886E+005     0.12484458E+004     0.60677124E+000     0.72057422E-003
     0.20212129E-001    -0.64027947E+000     0.12254472E-002     0.74753162E+005     0.12823328E+004     0.60731984E+000     0.73341313E-003
     0.20579622E-001    -0.64064708E+000     0.12836918E-002     0.75008172E+005     0.13169683E+004     0.60787855E+000     0.74603325E-003
     0.20947115E-001    -0.64101486E+000     0.13450672E-002     0.75270066E+005     0.13523831E+004     0.60844732E+000     0.75840701E-003
     0.21314609E-001    -0.64138224E+000     0.14097725E-002     0.75539001E+005     0.13886097E+004     0.60902611E+000     0.77050460E-003
     0.21682102E-001    -0.64174858E+000     0.14780198E-002     0.75815141E+005     0.14256820E+004     0.60961488E+000     0.78229376E-003
     0.22049595E-001    -0.64211324E+000     0.15500344E-002     0.76098654E+005     0.14636355E+004     0.61021358E+000     0.79373963E-003
     0.22417088E-001    -0.64247552E+000     0.16260560E-002     0.76389719E+005     0.15025073E+004     0.61082214E+000     0.80480453E-003
     0.22784582E-001    -0.64283467E+000     0.17063402E-002     0.76688518E+005     0.15423365E+004     0.61144050E+000     0.81544776E-003
     0.23152075E-001    -0.64318991E+000     0.17911608E-002     0.76995245E+005     0.15831640E+004     0.61206858E+000     0.82562537E-003
     0.23519568E-001    -0.64354037E+000     0.18808096E-002     0.77310100E+005     0.16250327E+004     0.61270630E+000     0.83528989E-003
     0.23887062E-001    -0.64388517E+000     0.19755983E-002     0.77633290E+005     0.16679877E+004     0.61335357E+000     0.84439006E-003
     0.24254555E-001    -0.64422335E+000     0.20758595E-002     0.77965035E+005     0.17120766E+004     0.61401028E+000     0.85287057E-003
     0.24622048E-001    -0.64455386E+000     0.21819488E-002     0.78305562E+005     0.17573491E+004     0.61467633E+000     0.86067168E-003
     0.24989541E-001    -0.64487562E+000     0.22942470E-002     0.78655107E+005     0.18038578E+004     0.61535158E+000     0.86772894E-003
     0.25357035E-001    -0.64518745E+000     0.24131628E-002     0.79013919E+005     0.18516579E+004     0.61603590E+000     0.87397277E-003
     0.25724528E-001    -0.64548811E+000     0.25391354E-002     0.79382256E+005     0.19008078E+004     0.61672914E+000     0.87932803E-003
     0.26092021E-001    -0.64577626E+000     0.26726364E-002     0.79760389E+005     0.19513688E+004     0.61743113E+000     0.88371364E-003
     0.26459514E-001    -0.64605048E+000     0.28141717E-002     0.80148601E+005     0.20034058E+004     0.61814170E+000     0.88704202E-003
     0.26827008E-001    -0.64630925E+000     0.29642831E-002     0.80547186E+005     0.20569873E+004     0.61886064E+000     0.88921858E-003
     0.27194501E-001    -0.64655095E+000     0.31235507E-002     0.80956454E+005     0.21121855E+004     0.61958774E+000     0.89014119E-003
     0.27561994E-001    -0.64677385E+000     0.32925961E-002     0.81376728E+005     0.21690771E+004     0.62032276E+000     0.88969946E-003
     0.27929487E-001    -0.64697609E+000     0.34720865E-002     0.81808348E+005     0.22277428E+004     0.62106545E+000     0.88777412E-003
     0.28296981E-001    -0.64715569E+000     0.36627399E-002     0.82251668E+005     0.22882685E+004     0.62181552E+000     0.88423622E-003
     0.28664474E-001    -0.64731052E+000     0.38653290E-002     0.82707060E+005     0.23507450E+004     0.62257267E+000     0.87894634E-003
     0.29031967E-001    -0.64743832E+000     0.40806862E-002     0.83174913E+005     0.24152686E+004     0.62333657E+000     0.87175362E-003
     0.29399460E-001    -0.64753665E+000     0.43097073E-002     0.83655638E+005     0.24819415E+004     0.62410685E+000     0.86249482E-003
     0.29766954E-001    -0.64760291E+000     0.45533564E-002     0.84149662E+005     0.25508724E+004     0.62488311E+000     0.85099322E-003
     0.30134447E-001    -0.64763430E+000     0.48126736E-002     0.84657438E+005     0.26221766E+004     0.62566494E+000     0.83705739E-003
     0.30501940E-001    -0.64762783E+000     0.50887820E-002     0.85179438E+005     0.26959772E+004     0.62645186E+000     0.82047987E-003
     0.30869433E-001    -0.64758030E+000     0.53828961E-002     0.85716161E+005     0.27724049E+004     0.62724338E+000     0.80103575E-003
     0.31236927E-001    -0.64748824E+000     0.56963292E-002     0.86268130E+005     0.28515990E+004     0.62803893E+000     0.77848101E-003
     0.31604420E-001    -0.64734798E+000     0.60305016E-002     0.86835896E+005     0.29337084E+004     0.62883793E+000     0.75255080E-003
     0.31971913E-001    -0.64715554E+000     0.63869499E-002     0.87420042E+005     0.30188919E+004     0.62963972E+000     0.72295746E-003
     0.32339406E-001    -0.64690665E+000     0.67673385E-002     0.88021178E+005     0.31073191E+004     0.63044361E+000     0.68938835E-003
     0.32706900E-001    -0.64659674E+000     0.71734716E-002     0.88639950E+005     0.31991717E+004     0.63124882E+000     0.65150345E-003
     0.33074393E-001    -0.64622087E+000     0.76073067E-002     0.89277040E+005     0.32946440E+004     0.63205454E+000     0.60893272E-003
     0.33441886E-001    -0.64577373E+000     0.80709686E-002     0.89933168E+005     0.33939444E+004     0.63285984E+000     0.56127315E-003
     0.33809379E-001    -0.64524960E+000     0.85667655E-002     0.90609092E+005     0.34972965E+004     0.63366377E+000     0.50808545E-003
     0.34176873E-001    -0.64464234E+000     0.90972095E-002     0.91305619E+005     0.36049405E+004     0.63446525E+000     0.44889043E-003
     0.34544366E-001    -0.64394529E+000     0.96650383E-002     0.92023599E+005     0.37171345E+004     0.63526313E+000     0.38316492E-003
     0.34911859E-001    -0.64315128E+000     0.10273237E-001     0.92763935E+005     0.38341567E+004     0.63605615E+000     0.31033722E-003
     0.35279352E-001    -0.64225259E+000     0.10925063E-001     0.93527583E+005     0.39563066E+004     0.63684295E+000     0.22978205E-003
     0.35646846E-001    -0.64124086E+000     0.11624071E-001     0.94315558E+005     0.40839075E+004     0.63762203E+000     0.14081480E-003
     0.36014339E-001    -0.64010704E+000     0.12374150E-001     0.95128938E+005     0.42173088E+004     0.63839178E+000     0.42685219E-004
     0.36381832E-001    -0.63884136E+000     0.13179557E-001     0.95968869E+005     0.43568882E+004     0.63915044E+000    -0.65429770E-004
     0.36749325E-001    -0.63743323E+000     0.14044959E-001     0.96836570E+005     0.45030551E+004     0.63989609E+000    -0.18443414E-003
     0.37116819E-001    -0.63587117E+000     0.14975474E-001     0.97733340E+005     0.46562533E+004     0.64062664E+000    -0.31532184E-003
     0.37484312E-001    -0.63414275E+000     0.15976726E-001     0.98660564E+005     0.48169648E+004     0.64133980E+000    -0.45918703E-003
     0.37851805E-001    -0.63223444E+000     0.17054904E-001     0.99619721E+005     0.49857141E+004     0.64203310E+000    -0.61723571E-003
     0.38219298E-001    -0.63013156E+000     0.18216821E-001     0.10061239E+006     0.51630725E+004     0.64270381E+000    -0.79079885E-003
     0.38586792E-001    -0.62781815E+000     0.19469998E-001     0.10164026E+006     0.53496629E+004     0.64334896E+000    -0.98134731E-003
     0.38954285E-001    -0.62527682E+000     0.20822740E-001     0.10270513E+006     0.55461663E+004     0.64396532E+000    -0.11905089E-002
     0.39321778E-001    -0.62248863E+000     0.22284237E-001     0.10380896E+006     0.57533280E+004     0.64454932E+000    -0.14200876E-002
     0.39689271E-001    -0.61943292E+000     0.23864668E-001     0.10495381E+006     0.59719649E+004     0.64509708E+000    -0.16720859E-002
     0.40056765E-001    -0.61608714E+000     0.25575329E-001     0.10614193E+006     0.62029745E+004     0.64560433E+000    -0.19487300E-002
     0.40424258E-001    -0.61242661E+000     0.27428773E-001     0.10737573E+006     0.64473441E+004     0.64606640E+000    -0.22524992E-002
     0.40791751E-001    -0.60842436E+000     0.29438978E-001     0.10865779E+006     0.67061619E+004     0.64647814E+000    -0.25861592E-002
     0.41159244E-001    -0.60405079E+000     0.31621534E-001     0.10999092E+006     0.69806303E+004     0.64683391E+000    -0.29528007E-002
     0.41526738E-001    -0.59927347E+000     0.33993866E-001     0.11137814E+006     0.72720798E+004     0.64712748E+000    -0.33558847E-002
     0.41894231E-001    -0.59405674E+000     0.36575482E-001     0.11282273E+006     0.75819862E+004     0.64735200E+000    -0.37992939E-002
     0.42261724E-001    -0.58836141E+000     0.39388267E-001     0.11432822E+006     0.79119902E+004     0.64749991E+000    -0.42873938E-002
     0.42629217E-001    -0.58214430E+000     0.42456824E-001     0.11589849E+006     0.82639196E+004     0.64756286E+000    -0.48251029E-002
     0.42996711E-001    -0.57535777E+000     0.45808870E-001     0.11753771E+006     0.86398160E+004     0.64753161E+000    -0.54179755E-002
     0.43364204E-001    -0.56794922E+000     0.49475707E-001     0.11925044E+006     0.90419653E+004     0.64739592E+000    -0.60722991E-002
     0.43731697E-001    -0.55986045E+000     0.53492766E-001     0.12104167E+006     0.94729336E+004     0.64714444E+000    -0.67952089E-002
     0.44099190E-001    -0.55102697E+000     0.57900249E-001     0.12291684E+006     0.99356095E+004     0.64676457E+000    -0.75948233E-002
     0.44466684E-001    -0.54137722E+000     0.62743894E-001     0.12488190E+006     0.10433254E+005     0.64624226E+000    -0.84804051E-002
     0.44834177E-001    -0.53083164E+000     0.68075878E-001     0.12694340E+006     0.10969559E+005     0.64556188E+000    -0.94625531E-002
     0.45201670E-001    -0.51930165E+000     0.73955891E-001     0.12910852E+006     0.11548720E+005     0.64470598E+000    -0.10553433E-001
     0.45569163E-001    -0.50668842E+000     0.80452422E-001     0.13138519E+006     0.12175514E+005     0.64365504E+000    -0.11767051E-001
     0.45936657E-001    -0.49288152E+000     0.87644306E-001     0.13378215E+006     0.12855407E+005     0.64238719E+000    -0.13119592E-001
     0.46304150E-001    -0.47775729E+000     0.95622580E-001     0.13630908E+006     0.13594671E+005     0.64087789E+000    -0.14629821E-001
     0.46671643E-001    -0.46117701E+000     0.10449274E+000     0.13897671E+006     0.14400531E+005     0.63909956E+000    -0.16319575E-001
     0.47039137E-001    -0.44298477E+000     0.11437747E+000     0.14179697E+006     0.15281346E+005     0.63702111E+000    -0.18214373E-001
     0.47406630E-001    -0.42300499E+000     0.12542000E+000     0.14478314E+006     0.16246821E+005     0.63460747E+000    -0.20344158E-001
     0.47774123E-001    -0.40103951E+000     0.13778824E+000     0.14795004E+006     0.17308284E+005     0.63181898E+000    -0.22744220E-001
     0.48141616E-001    -0.37686432E+000     0.15167981E+000     0.15131428E+006     0.18479010E+005     0.62861072E+000    -0.25456348E-001
     0.48509110E-001    -0.35022559E+000     0.16732840E+000     0.15489448E+006     0.19774640E+005     0.62493170E+000    -0.28530271E-001
     0.48876603E-001    -0.32083527E+000     0.18501164E+000     0.15871154E+006     0.21213696E+005     0.62072399E+000    -0.32025484E-001
     0.49244096E-001    -0.28836578E+000     0.20506101E+000     0.16278902E+006     0.22818235E+005     0.61592165E+000    -0.36013558E-001
     0.49611589E-001    -0.25244411E+000     0.22787435E+000     0.16715350E+006     0.24614675E+005     0.61044956E+000    -0.40581105E-001
     0.49979083E-001    -0.21264484E+000     0.25393190E+000     0.17183501E+006     0.26634863E+005     0.60422212E+000    -0.45833596E-001
     0.50346576E-001    -0.16848239E+000     0.28381670E+000     0.17686748E+006     0.28917435E+005     0.59714180E+000    -0.51900327E-001
     0.50714069E-001    -0.11940230E+000     0.31824108E+000     0.18228930E+006     0.31509596E+005     0.58909765E+000    -0.58940910E-001
     0.51081562E-001    -0.64771701E-001     0.35808109E+000     0.18814380E+006     0.34469443E+005     0.57996389E+000    -0.67153854E-001
     0.51449056E-001    -0.38694519E-002     0.40442166E+000     0.19447977E+006     0.37869041E+005     0.56959873E+000    -0.76787975E-001
     0.51816549E-001     0.64123330E-001     0.45861635E+000     0.20135185E+006     0.41798505E+005     0.55784396E+000    -0.88157708E-001
     0.52184042E-001     0.14013084E+000     0.52236697E+000     0.20882054E+006     0.46371493E+005     0.54452604E+000    -0.10166379E+000
     0.52551535E-001     0.22518536E+000     0.59783072E+000     0.21695174E+006     0.51732615E+005     0.52945999E+000    -0.11782146E+000
     0.52919029E-001     0.32042024E+000     0.68776535E+000     0.22581497E+006     0.58067525E+005     0.51245875E+000    -0.13729895E+000
     0.53286522E-001     0.42704385E+000     0.79572776E+000     0.23547960E+006     0.65616700E+005     0.49335222E+000    -0.16097046E+000
     0.53654015E-001     0.54627861E+000     0.92634760E+000     0.24600702E+006     0.74694262E+005     0.47202407E+000    -0.18998862E+000
     0.54021508E-001     0.67923613E+000     0.10857072E+001     0.25743571E+006     0.85713550E+005     0.44848020E+000    -0.22588289E+000
     0.54389002E-001     0.82667658E+000     0.12818727E+001     0.26975362E+006     0.99221178E+005     0.42297429E+000    -0.27068965E+000
     0.54756495E-001     0.98855676E+000     0.15256388E+001     0.28284751E+006     0.11594048E+006     0.39623486E+000    -0.32711481E+000
     0.55123988E-001     0.11631850E+001     0.18315758E+001     0.29641205E+006     0.13682150E+006     0.36987152E+000    -0.39871003E+000
     0.55491481E-001     0.13456235E+001     0.22194793E+001     0.30978931E+006     0.16308348E+006     0.34708726E+000    -0.48998917E+000
     0.55858975E-001     0.15245922E+001     0.27162773E+001     0.32169638E+006     0.19620692E+006     0.33387822E+000    -0.60627102E+000
     0.56226468E-001     0.16763021E+001     0.33580555E+001     0.32979753E+006     0.23776585E+006     0.34088465E+000    -0.75271874E+000
     0.56593961E-001     0.17521560E+001     0.41901068E+001     0.33014632E+006     0.28886579E+006     0.38568686E+000    -0.93146379E+000
     0.56961454E-001     0.16564711E+001     0.52569058E+001     0.31680560E+006     0.34881500E+006     0.49391160E+000    -0.11351081E+001
     0.57328948E-001     0.12196678E+001     0.65607459E+001     0.28262700E+006     0.41285392E+006     0.69421165E+000    -0.13360656E+001
     0.57696441E-001     0.21385595E+000     0.79666498E+001     0.22277187E+006     0.47018634E+006     0.99946355E+000    -0.14785173E+001
     0.58063934E-001    -0.14963790E+001     0.91184523E+001     0.14064498E+006     0.50612360E+006     0.13767323E+001    -0.14926331E+001
     0.58431427E-001    -0.37224114E+001     0.95745870E+001     0.50081969E+005     0.51059317E+006     0.17387593E+001    -0.13423777E+001
     0.58798921E-001    -0.59833589E+001     0.91550503E+001    -0.32209823E+005     0.48535429E+006     0.19902776E+001    -0.10663644E+001
     0.59166414E-001    -0.78575662E+001     0.80536231E+001    -0.96314956E+005     0.44051454E+006     0.20919620E+001    -0.75625507E+000
     0.59533907E-001    -0.91942628E+001     0.66017065E+001    -0.14004160E+006     0.38648593E+006     0.20743662E+001    -0.49392970E+000
     0.59901400E-001    -0.10040896E+002     0.50569953E+001    -0.16500575E+006     0.33109396E+006     0.19994471E+001    -0.31146062E+000
     0.60268894E-001    -0.10517508E+002     0.35577887E+001    -0.17472105E+006     0.27992199E+006     0.19166571E+001    -0.19772057E+000
     0.60636387E-001    -0.10743495E+002     0.21433537E+001    -0.17381101E+006     0.23614452E+006     0.18477981E+001    -0.12717466E+000
     0.61003880E-001    -0.10796220E+002     0.78449906E+000    -0.16678424E+006     0.20051502E+006     0.17956514E+001    -0.79524875E-001
     0.61371373E-001    -0.10682644E+002    -0.57901963E+000    -0.15707100E+006     0.17209180E+006     0.17561527E+001    -0.43982559E-001
     0.61738867E-001    -0.10323844E+002    -0.19815926E+001    -0.14668924E+006     0.14915776E+006     0.17253560E+001    -0.16497459E-001
     0.62106360E-001    -0.95877119E+001    -0.33492820E+001    -0.13636131E+006     0.13004352E+006     0.17017543E+001     0.42285194E-002
     0.62473853E-001    -0.84146609E+001    -0.44577289E+001    -0.12603859E+006     0.11370205E+006     0.16855284E+001     0.19730481E-001
     0.62841346E-001    -0.69580853E+001    -0.50465964E+001    -0.11558490E+006     0.99737012E+005     0.16765715E+001     0.32422804E-001
     0.63208840E-001    -0.55424756E+001    -0.50341361E+001    -0.10510723E+006     0.88010866E+005     0.16736221E+001     0.44458675E-001
     0.63576333E-001    -0.44441464E+001    -0.45783776E+001    -0.94871242E+005     0.78327457E+005     0.16748859E+001     0.56821489E-001
     0.63943826E-001    -0.37522078E+001    -0.39302250E+001    -0.85118336E+005     0.70364237E+005     0.16789196E+001     0.69377459E-001
     0.64311319E-001    -0.34078142E+001    -0.32837355E+001    -0.75956242E+005     0.63738698E+005     0.16851308E+001     0.81412067E-001
     0.64678813E-001    -0.33015001E+001    -0.27336098E+001    -0.67340433E+005     0.58115726E+005     0.16938420E+001     0.92334875E-001
     0.65046306E-001    -0.33377621E+001    -0.23009174E+001    -0.59146674E+005     0.53289099E+005     0.17058090E+001     0.10223160E+000
     0.65413799E-001    -0.34551378E+001    -0.19729661E+001    -0.51274273E+005     0.49169059E+005     0.17215380E+001     0.11178775E+000
     0.65781292E-001    -0.36202656E+001    -0.17301152E+001    -0.43684018E+005     0.45706190E+005     0.17410583E+001     0.12178238E+000
     0.66148786E-001    -0.38158135E+001    -0.15564252E+001    -0.36368855E+005     0.42839863E+005     0.17641430E+001     0.13276862E+000
     0.66516279E-001    -0.40312914E+001    -0.14407574E+001    -0.29316561E+005     0.40495170E+005     0.17905490E+001     0.14506411E+000
     0.66883772E-001    -0.42588770E+001    -0.13739831E+001    -0.22495598E+005     0.38602286E+005     0.18201245E+001     0.15883527E+000
     0.67251265E-001    -0.44936681E+001    -0.13468393E+001    -0.15863230E+005     0.37111756E+005     0.18528557E+001     0.17416891E+000
     0.67618759E-001    -0.47348854E+001    -0.13506708E+001    -0.93792051E+004     0.35993749E+005     0.18888931E+001     0.19114763E+000
     0.67986252E-001    -0.49853835E+001    -0.13792062E+001    -0.30104231E+004     0.35228747E+005     0.19285468E+001     0.20992943E+000
     0.68353745E-001    -0.52503082E+001    -0.14294956E+001     0.32721554E+004     0.34801052E+005     0.19722560E+001     0.23081784E+000
     0.68721239E-001    -0.55357641E+001    -0.15025032E+001     0.94981336E+004     0.34696525E+005     0.20205330E+001     0.25433041E+000
     0.69088732E-001    -0.58467330E+001    -0.16033934E+001     0.15703081E+005     0.34902794E+005     0.20738460E+001     0.28124238E+000
     0.69456225E-001    -0.61845054E+001    -0.17399035E+001     0.21934564E+005     0.35414279E+005     0.21324650E+001     0.31250688E+000
     0.69823718E-001    -0.65463811E+001    -0.19185343E+001     0.28252555E+005     0.36243171E+005     0.21964531E+001     0.34902262E+000
     0.70191212E-001    -0.69291765E+001    -0.21421876E+001     0.34719632E+005     0.37427245E+005     0.22659336E+001     0.39150125E+000
     0.70558705E-001    -0.73328330E+001    -0.24121637E+001     0.41390772E+005     0.39026249E+005     0.23413727E+001     0.44067172E+000
     0.70926198E-001    -0.77604895E+001    -0.27316030E+001     0.48313262E+005     0.41114900E+005     0.24235840E+001     0.49762606E+000
     0.71293691E-001    -0.82167372E+001    -0.31069134E+001     0.55532534E+005     0.43783040E+005     0.25135448E+001     0.56403818E+000
     0.71661185E-001    -0.87068664E+001    -0.35479062E+001     0.63096014E+005     0.47143172E+005     0.26122122E+001     0.64225299E+000
     0.72028678E-001    -0.92369831E+001    -0.40689766E+001     0.71052269E+005     0.51342105E+005     0.27204000E+001     0.73534279E+000
     0.72396171E-001    -0.98126989E+001    -0.46917096E+001     0.79445011E+005     0.56574957E+005     0.28387103E+001     0.84722723E+000
     0.72763664E-001    -0.10435397E+002    -0.54465011E+001     0.88301784E+005     0.63101158E+005     0.29674255E+001     0.98295102E+000
     0.73131158E-001    -0.11098423E+002    -0.63716348E+001     0.97616088E+005     0.71264119E+005     0.31062045E+001     0.11491145E+001
     0.73498651E-001    -0.11785224E+002    -0.75119509E+001     0.10731729E+006     0.81517288E+005     0.32534737E+001     0.13543745E+001
     0.73866144E-001    -0.12467960E+002    -0.89199117E+001     0.11721642E+006     0.94456091E+005     0.34054242E+001     0.16099829E+001
     0.74233637E-001    -0.13102989E+002    -0.10660175E+002     0.12690977E+006     0.11084791E+006     0.35543389E+001     0.19303743E+001
     0.74601131E-001    -0.13616740E+002    -0.12816208E+002     0.13561330E+006     0.13163780E+006     0.36855437E+001     0.23335640E+001
     0.74968624E-001    -0.13874085E+002    -0.15488338E+002     0.14189221E+006     0.15786915E+006     0.37719114E+001     0.28400204E+001
     0.75336117E-001    -0.13632361E+002    -0.18761072E+002     0.14327938E+006     0.19037486E+006     0.37658358E+001     0.34666300E+001
     0.75703610E-001    -0.12505127E+002    -0.22615593E+002     0.13592837E+006     0.22898472E+006     0.35922163E+001     0.42106545E+001
     0.76071104E-001    -0.99949304E+001    -0.26772858E+002     0.11486361E+006     0.27101737E+006     0.31537469E+001     0.50198778E+001
     0.76438597E-001    -0.57059251E+001    -0.30526331E+002     0.75978834E+005     0.30955469E+006     0.23703311E+001     0.57590729E+001
     0.76806090E-001     0.22711088E+000    -0.32807592E+002     0.20313824E+005     0.33389585E+006     0.12626060E+001     0.62189659E+001
     0.77173583E-001     0.68415813E+001    -0.32746026E+002    -0.42731947E+005     0.33502717E+006     0.15162291E-001     0.62228697E+001
     0.77541077E-001     0.12758756E+002    -0.30366669E+002    -0.99263376E+005     0.31280647E+006    -0.10978501E+001     0.57679457E+001
     0.77908570E-001     0.17064263E+002    -0.26558953E+002    -0.13978933E+006     0.27597926E+006    -0.18872240E+001     0.50280976E+001
     0.78276063E-001     0.19663378E+002    -0.22354196E+002    -0.16308904E+006     0.23499707E+006    -0.23281505E+001     0.42146460E+001
     0.78643556E-001     0.20939843E+002    -0.18405501E+002    -0.17294597E+006     0.19659585E+006    -0.25001405E+001     0.34664437E+001
     0.79011050E-001     0.21343117E+002    -0.14975552E+002    -0.17391659E+006     0.16349298E+006    -0.25022860E+001     0.28376505E+001
     0.79378543E-001     0.21226084E+002    -0.12111596E+002    -0.16954686E+006     0.13614828E+006    -0.24113654E+001     0.23310300E+001
     0.79746036E-001     0.20838182E+002    -0.97669330E+001    -0.16226093E+006     0.11409016E+006    -0.22757913E+001     0.19291551E+001
     0.80113529E-001     0.20348178E+002    -0.78558895E+001    -0.15363828E+006     0.96525638E+005    -0.21230670E+001     0.16110164E+001
     0.80481023E-001     0.19865264E+002    -0.62797628E+001    -0.14465985E+006     0.82609346E+005    -0.19679186E+001     0.13580383E+001
     0.80848516E-001     0.19455894E+002    -0.49351227E+001    -0.13590107E+006     0.71563893E+005    -0.18177804E+001     0.11554356E+001
     0.81216009E-001     0.19146072E+002    -0.37111287E+001    -0.12766968E+006     0.62713901E+005    -0.16761366E+001     0.99199174E+000
     0.81583502E-001     0.18903142E+002    -0.24990276E+001    -0.12008073E+006     0.55487806E+005    -0.15445097E+001     0.85932068E+000
     0.81950996E-001     0.18627088E+002    -0.12409602E+001    -0.11309841E+006     0.49438430E+005    -0.14235266E+001     0.75098825E+000
     0.82318489E-001     0.18208675E+002     0.12875304E-001    -0.10660368E+006     0.44275818E+005    -0.13132735E+001     0.66176585E+000
     0.82685982E-001     0.17634573E+002     0.11322690E+001    -0.10048612E+006     0.39849778E+005    -0.12132600E+001     0.58730409E+000
     0.83053475E-001     0.17015366E+002     0.20273267E+001    -0.94689829E+005     0.36079258E+005    -0.11224809E+001     0.52419279E+000
     0.83420969E-001     0.16493357E+002     0.27266737E+001    -0.89198331E+005     0.32895994E+005    -0.10397549E+001     0.46998451E+000
     0.83788462E-001     0.16148065E+002     0.33406117E+001    -0.84005909E+005     0.30229305E+005    -0.96403346E+000     0.42294134E+000
     0.84155955E-001     0.15982622E+002     0.39906102E+001    -0.79103319E+005     0.28010693E+005    -0.89442930E+000     0.38172850E+000
     0.84523448E-001     0.15950420E+002     0.47766940E+001    -0.74475515E+005     0.26179650E+005    -0.83011597E+000     0.34531443E+000
     0.84890942E-001     0.15974855E+002     0.57730944E+001    -0.70103641E+005     0.24685564E+005    -0.77035171E+000     0.31300099E+000
     0.85258435E-001     0.15955481E+002     0.70293762E+001    -0.65966061E+005     0.23486746E+005    -0.71461568E+000     0.28435668E+000
     0.85625928E-001     0.15765477E+002     0.85660125E+001    -0.62036493E+005     0.22550654E+005    -0.66266434E+000     0.25901107E+000
     0.85993421E-001     0.15247161E+002     0.10356660E+002    -0.58283069E+005     0.21859295E+005    -0.61440536E+000     0.23645779E+000
     0.86360915E-001     0.14221568E+002     0.12289178E+002    -0.54674960E+005     0.21416347E+005    -0.56966993E+000     0.21603772E+000
     0.86728408E-001     0.12548384E+002     0.14117559E+002    -0.51194622E+005     0.21247147E+005    -0.52810962E+000     0.19709874E+000
     0.87095901E-001     0.10254308E+002     0.15477185E+002    -0.47846687E+005     0.21391543E+005    -0.48926888E+000     0.17909075E+000
     0.87463394E-001     0.76341270E+001     0.16045136E+002    -0.44662766E+005     0.21896859E+005    -0.45261669E+000     0.16152770E+000
     0.87830888E-001     0.51593882E+001     0.15765033E+002    -0.41708367E+005     0.22811088E+005    -0.41746865E+000     0.14398612E+000
     0.88198381E-001     0.32125375E+001     0.14901994E+002    -0.39092538E+005     0.24168863E+005    -0.38290812E+000     0.12621694E+000
     0.88565874E-001     0.18997424E+001     0.13856893E+002    -0.36971848E+005     0.25965389E+005    -0.34777844E+000     0.10834335E+000
     0.88933367E-001     0.10865263E+001     0.12947366E+002    -0.35538820E+005     0.28122335E+005    -0.31080138E+000     0.91153016E-001
     0.89300861E-001     0.53777239E+000     0.12323730E+002    -0.34988292E+005     0.30450994E+005    -0.27102295E+000     0.76442864E-001
     0.89668354E-001     0.23657349E-001     0.11989296E+002    -0.35441184E+005     0.32627218E+005    -0.22880305E+000     0.66986466E-001
     0.90035847E-001    -0.62807872E+000     0.11845606E+002    -0.36832789E+005     0.34248060E+005    -0.18687233E+000     0.65325461E-001
     0.90403340E-001    -0.15099934E+001     0.11735467E+002    -0.38896916E+005     0.34987183E+005    -0.14987463E+000     0.71470129E-001
     0.90770834E-001    -0.26234320E+001     0.11472047E+002    -0.41283839E+005     0.34662302E+005    -0.12155943E+000     0.81731249E-001
     0.91138327E-001    -0.38495203E+001     0.10882248E+002    -0.43586547E+005     0.33190408E+005    -0.10193992E+000     0.90753669E-001
     0.91505820E-001    -0.49620992E+001     0.99077216E+001    -0.45313805E+005     0.30681477E+005    -0.87577158E-001     0.95086820E-001
     0.91873314E-001    -0.57552405E+001     0.86650789E+001    -0.46082214E+005     0.27543160E+005    -0.74529360E-001     0.94645330E-001
     0.92240807E-001    -0.61648480E+001     0.73580274E+001    -0.45834329E+005     0.24304648E+005    -0.60641683E-001     0.91264245E-001
     0.92608300E-001    -0.62557688E+001     0.61476309E+001    -0.44785598E+005     0.21353104E+005    -0.45567561E-001     0.86696722E-001
     0.92975793E-001    -0.61361220E+001     0.51062385E+001    -0.43228421E+005     0.18854762E+005    -0.29656319E-001     0.81830051E-001
     0.93343287E-001    -0.58976992E+001     0.42430526E+001    -0.41404883E+005     0.16822830E+005    -0.13137008E-001     0.76996902E-001
     0.93710780E-001    -0.56032352E+001     0.35410657E+001    -0.39477884E+005     0.15202072E+005     0.39469688E-002     0.72506985E-001
     0.94078273E-001    -0.52949409E+001     0.29747375E+001    -0.37545972E+005     0.13918055E+005     0.21423422E-001     0.68777925E-001
     0.94445766E-001    -0.49989334E+001     0.25134315E+001    -0.35662513E+005     0.12898152E+005     0.38837888E-001     0.66090460E-001
     0.94813260E-001    -0.47240747E+001     0.21275064E+001    -0.33850108E+005     0.12081497E+005     0.55641344E-001     0.64338945E-001
     0.95180753E-001    -0.44676223E+001     0.17976827E+001    -0.32114325E+005     0.11424081E+005     0.71525787E-001     0.63068934E-001
     0.95548246E-001    -0.42267003E+001     0.15155289E+001    -0.30456458E+005     0.10896338E+005     0.86581592E-001     0.61768989E-001
     0.95915739E-001    -0.40028574E+001     0.12758069E+001    -0.28879733E+005     0.10475328E+005     0.10118334E+000     0.60137228E-001
     0.96283233E-001    -0.37990902E+001     0.10721748E+001    -0.27388680E+005     0.10137267E+005     0.11577041E+000     0.58162982E-001
     0.96650726E-001    -0.36179424E+001     0.89779212E+000    -0.25982954E+005     0.98532536E+004     0.13067666E+000     0.56055640E-001
     0.97018219E-001    -0.34620152E+001     0.74485849E+000    -0.24648409E+005     0.95938780E+004     0.14608169E+000     0.54123816E-001
     0.97385712E-001    -0.33318008E+001     0.60279428E+000    -0.23357910E+005     0.93426438E+004     0.16202301E+000     0.52731311E-001
     0.97753206E-001    -0.32216353E+001     0.46112344E+000    -0.22085308E+005     0.91012097E+004     0.17832036E+000     0.52260331E-001
     0.98120699E-001    -0.31216557E+001     0.31593326E+000    -0.20814956E+005     0.88804356E+004     0.19453556E+000     0.52903811E-001
     0.98488192E-001    -0.30256476E+001     0.17055614E+000    -0.19539627E+005     0.86915414E+004     0.21020683E+000     0.54457301E-001
     0.98855685E-001    -0.29350300E+001     0.28248256E-001    -0.18255608E+005     0.85443408E+004     0.22520484E+000     0.56422688E-001
     0.99223179E-001    -0.28539749E+001    -0.11426574E+000    -0.16960869E+005     0.84490753E+004     0.23986732E+000     0.58378276E-001
     0.99590672E-001    -0.27825376E+001    -0.26548720E+000    -0.15656424E+005     0.84173205E+004     0.25479322E+000     0.60331743E-001
     0.99958165E-001    -0.27148181E+001    -0.43458756E+000    -0.14347424E+005     0.84600172E+004     0.27042941E+000     0.62796559E-001
     0.10032566E+000    -0.26391222E+001    -0.62920164E+000    -0.13041300E+005     0.85853934E+004     0.28673678E+000     0.66540139E-001
     0.10069315E+000    -0.25360151E+001    -0.85218659E+000    -0.11744931E+005     0.87995620E+004     0.30312172E+000     0.72165939E-001
     0.10106064E+000    -0.23792716E+001    -0.10925596E+001    -0.10462977E+005     0.91092664E+004     0.31870350E+000     0.79727344E-001
     0.10142814E+000    -0.21491099E+001    -0.13159794E+001    -0.91981152E+004     0.95259332E+004     0.33285429E+000     0.88678016E-001
     0.10179563E+000    -0.18566995E+001    -0.14724257E+001    -0.79544596E+004     0.10071080E+005     0.34558322E+000     0.98333394E-001
     0.10216312E+000    -0.15531498E+001    -0.15311128E+001    -0.67468955E+004     0.10780764E+005     0.35734937E+000     0.10846339E+000
     0.10253062E+000    -0.12971679E+001    -0.15101035E+001    -0.56169945E+004     0.11703557E+005     0.36847970E+000     0.11947380E+000
     0.10289811E+000    -0.11125316E+001    -0.14604339E+001    -0.46515769E+004     0.12885529E+005     0.37867718E+000     0.13209336E+000
     0.10326560E+000    -0.98155458E+000    -0.14263024E+001    -0.39953653E+004     0.14337065E+005     0.38687092E+000     0.14683357E+000
     0.10363310E+000    -0.86759577E+000    -0.14217355E+001    -0.38413881E+004     0.15978481E+005     0.39137878E+000     0.16343973E+000
     0.10400059E+000    -0.74174361E+000    -0.14295605E+001    -0.43670764E+004     0.17577667E+005     0.39038273E+000     0.18034238E+000
     0.10436808E+000    -0.60363303E+000    -0.14174472E+001    -0.55925943E+004     0.18746355E+005     0.38305142E+000     0.19432316E+000
     0.10473558E+000    -0.48461213E+000    -0.13677440E+001    -0.72413989E+004     0.19094920E+005     0.37117509E+000     0.20146900E+000
     0.10510307E+000    -0.42212627E+000    -0.13000784E+001    -0.87997429E+004     0.18498734E+005     0.35932422E+000     0.19983861E+000
     0.10547056E+000    -0.42605316E+000    -0.12608068E+001    -0.98099437E+004     0.17202801E+005     0.35217809E+000     0.19114793E+000
     0.10583806E+000    -0.47081152E+000    -0.12922492E+001    -0.10107145E+005     0.15628682E+005     0.35185016E+000     0.17921930E+000
     0.10620555E+000    -0.51080631E+000    -0.14135083E+001    -0.97890524E+004     0.14118790E+005     0.35790213E+000     0.16747287E+000
     0.10657304E+000    -0.49641054E+000    -0.16183074E+001    -0.90507620E+004     0.12843944E+005     0.36874379E+000     0.15793872E+000
     0.10694054E+000    -0.38265091E+000    -0.18761001E+001    -0.80670153E+004     0.11845572E+005     0.38265933E+000     0.15142221E+000
     0.10730803E+000    -0.14156564E+000    -0.21299036E+001    -0.69581043E+004     0.11104255E+005     0.39828160E+000     0.14793323E+000
     0.10767552E+000     0.21473294E+000    -0.23069500E+001    -0.57996588E+004     0.10581639E+005     0.41474430E+000     0.14708653E+000
     0.10804302E+000     0.62540767E+000    -0.23563914E+001    -0.46373942E+004     0.10234677E+005     0.43168077E+000     0.14842880E+000
     0.10841051E+000     0.10147515E+001    -0.22828701E+001    -0.34933444E+004     0.10020387E+005     0.44906220E+000     0.15173630E+000
     0.10877800E+000     0.13395454E+001    -0.21332885E+001    -0.23681758E+004     0.99021019E+004     0.46683663E+000     0.15707525E+000
     0.10914550E+000     0.15996323E+001    -0.19547622E+001    -0.12466444E+004     0.98583000E+004     0.48475981E+000     0.16450190E+000
     0.10951299E+000     0.18144131E+001    -0.17709436E+001    -0.11010038E+003     0.98871224E+004     0.50263117E+000     0.17385902E+000
     0.10988048E+000     0.20007018E+001    -0.15865867E+001     0.10526864E+004     0.99996305E+004     0.52055426E+000     0.18493730E+000
     0.11024798E+000     0.21668911E+001    -0.13999805E+001     0.22458643E+004     0.10211040E+005     0.53892795E+000     0.19779408E+000
     0.11061547E+000     0.23164431E+001    -0.12106096E+001     0.34709293E+004     0.10539980E+005     0.55818972E+000     0.21293396E+000
     0.11098296E+000     0.24542884E+001    -0.10199884E+001     0.47266768E+004     0.11012607E+005     0.57859714E+000     0.23125260E+000
     0.11135046E+000     0.25894496E+001    -0.82532399E+000     0.60040469E+004     0.11665750E+005     0.60016278E+000     0.25404476E+000
     0.11171795E+000     0.27278963E+001    -0.61431980E+000     0.72786498E+004     0.12546391E+005     0.62238195E+000     0.28314526E+000
     0.11208544E+000     0.28637611E+001    -0.37117201E+000     0.85033958E+004     0.13708831E+005     0.64370156E+000     0.32078407E+000
     0.11245294E+000     0.29812325E+001    -0.87362471E-001     0.95976218E+004     0.15211171E+005     0.66111957E+000     0.36906849E+000
     0.11282043E+000     0.30640809E+001     0.23547363E+000     0.10427670E+005     0.17103233E+005     0.66996091E+000     0.42937314E+000
     0.11318792E+000     0.31013230E+001     0.59216644E+000     0.10784026E+005     0.19390206E+005     0.66349047E+000     0.50143354E+000
     0.11355542E+000     0.30822702E+001     0.98117781E+000     0.10380458E+005     0.21954485E+005     0.63282278E+000     0.58116938E+000
     0.11392291E+000     0.29859530E+001     0.14003475E+001     0.89390651E+004     0.24445677E+005     0.56947524E+000     0.65721669E+000
     0.11429040E+000     0.27812763E+001     0.18302875E+001     0.64216159E+004     0.26253830E+005     0.47277961E+000     0.71007379E+000
     0.11465790E+000     0.24472984E+001     0.22234224E+001     0.32760081E+004     0.26762875E+005     0.35774892E+000     0.72042609E+000
     0.11502539E+000     0.19995929E+001     0.25184924E+001     0.32634245E+003     0.25806963E+005     0.25114980E+000     0.68394743E+000
     0.11539288E+000     0.14928995E+001     0.26782121E+001    -0.17381375E+004     0.23812574E+005     0.17460135E+000     0.61542575E+000
     0.11576038E+000     0.98352046E+000     0.27144017E+001    -0.27142800E+004     0.21437013E+005     0.13354422E+000     0.53640756E+000
     0.11612787E+000     0.48573717E+000     0.26626245E+001    -0.27814136E+004     0.19176394E+005     0.12129319E+000     0.46256826E+000
     0.11649536E+000    -0.22973888E-001     0.25305309E+001    -0.22369682E+004     0.17264257E+005     0.12773747E+000     0.40090239E+000
     0.11686285E+000    -0.55445402E+000     0.22806302E+001    -0.13381673E+004     0.15752242E+005     0.14429227E+000     0.35245972E+000
     0.11723035E+000    -0.10742785E+001     0.18624380E+001    -0.26326542E+003     0.14605952E+005     0.16520226E+000     0.31540420E+000
     0.11759784E+000    -0.15124142E+001     0.12549577E+001     0.87735136E+003     0.13761399E+005     0.18734429E+000     0.28701081E+000
     0.11796533E+000    -0.17980901E+001     0.47329199E+000     0.20227859E+004     0.13151078E+005     0.20955505E+000     0.26489475E+000
     0.11833283E+000    -0.18702533E+001    -0.45261682E+000     0.31468525E+004     0.12716852E+005     0.23165930E+000     0.24763475E+000
     0.11870032E+000    -0.16603132E+001    -0.14834469E+001     0.42443245E+004     0.12417351E+005     0.25351989E+000     0.23464416E+000
     0.11906781E+000    -0.10804242E+001    -0.25443886E+001     0.53170933E+004     0.12228720E+005     0.27465147E+000     0.22556581E+000
     0.11943531E+000    -0.48529842E-001    -0.34808847E+001     0.63638873E+004     0.12138959E+005     0.29439307E+000     0.21982063E+000
     0.11980280E+000     0.14245558E+001    -0.40403360E+001     0.73755646E+004     0.12137631E+005     0.31222290E+000     0.21647194E+000
     0.12017029E+000     0.31275503E+001    -0.39674623E+001     0.83419054E+004     0.12204198E+005     0.32813147E+000     0.21431806E+000
     0.12053779E+000     0.46845370E+001    -0.32033941E+001     0.92690230E+004     0.12311440E+005     0.34286326E+000     0.21242018E+000
     0.12090528E+000     0.57846431E+001    -0.19574879E+001     0.10180837E+005     0.12448937E+005     0.35742300E+000     0.21072949E+000
     0.12127277E+000     0.63441201E+001    -0.53560570E+000     0.11091812E+005     0.12632612E+005     0.37219304E+000     0.20983515E+000
     0.12164027E+000     0.64444351E+001     0.83732322E+000     0.11987784E+005     0.12879081E+005     0.38686014E+000     0.21007520E+000
     0.12200776E+000     0.62168392E+001     0.20457193E+001     0.12844564E+005     0.13178297E+005     0.40111307E+000     0.21119510E+000
     0.12237525E+000     0.57894320E+001     0.30581517E+001     0.13660257E+005     0.13502179E+005     0.41515018E+000     0.21278512E+000
     0.12274275E+000     0.52493556E+001     0.39068693E+001     0.14456904E+005     0.13838451E+005     0.42949469E+000     0.21487686E+000
     0.12311024E+000     0.46155487E+001     0.46353153E+001     0.15247990E+005     0.14201151E+005     0.44437397E+000     0.21799171E+000
     0.12347773E+000     0.38732666E+001     0.52405069E+001     0.16021451E+005     0.14601328E+005     0.45947209E+000     0.22257744E+000
     0.12384523E+000     0.30403459E+001     0.56829004E+001     0.16765380E+005     0.15026173E+005     0.47436177E+000     0.22863579E+000
     0.12421272E+000     0.21755169E+001     0.59516208E+001     0.17491027E+005     0.15462052E+005     0.48890622E+000     0.23600696E+000
     0.12458021E+000     0.13146007E+001     0.60861459E+001     0.18211219E+005     0.15919783E+005     0.50307982E+000     0.24474014E+000
     0.12494771E+000     0.43433099E+000     0.61144349E+001     0.18910540E+005     0.16414694E+005     0.51661908E+000     0.25498319E+000
     0.12531520E+000    -0.49267178E+000     0.59990599E+001     0.19560843E+005     0.16928948E+005     0.52903715E+000     0.26660334E+000
     0.12568269E+000    -0.14260068E+001     0.56775920E+001     0.20168642E+005     0.17417545E+005     0.54004990E+000     0.27903364E+000
     0.12605019E+000    -0.22764627E+001     0.51476776E+001     0.20783974E+005     0.17863462E+005     0.54993213E+000     0.29167307E+000
     0.12641768E+000    -0.29953142E+001     0.44731965E+001     0.21443856E+005     0.18304321E+005     0.55927126E+000     0.30436811E+000
     0.12678517E+000    -0.36065780E+001     0.37006191E+001     0.22128382E+005     0.18783258E+005     0.56853180E+000     0.31738367E+000
     0.12715267E+000    -0.41378321E+001     0.28005945E+001     0.22794290E+005     0.19290809E+005     0.57796878E+000     0.33114817E+000
     0.12752016E+000    -0.45372976E+001     0.17139686E+001     0.23443368E+005     0.19777300E+005     0.58777173E+000     0.34625752E+000
     0.12788765E+000    -0.46885451E+001     0.45046242E+000     0.24134535E+005     0.20226764E+005     0.59789551E+000     0.36381515E+000
     0.12825515E+000    -0.45057787E+001    -0.89384306E+000     0.24911989E+005     0.20695304E+005     0.60723202E+000     0.38536525E+000
     0.12862264E+000    -0.39694963E+001    -0.22081063E+001     0.25740894E+005     0.21253756E+005     0.61305820E+000     0.41173056E+000
     0.12899013E+000    -0.30807060E+001    -0.33965035E+001     0.26533800E+005     0.21902869E+005     0.61174453E+000     0.44155151E+000
     0.12935763E+000    -0.18501096E+001    -0.43338745E+001     0.27241858E+005     0.22554040E+005     0.60065328E+000     0.47053875E+000
     0.12972512E+000    -0.37225042E+000    -0.48563056E+001     0.27924230E+005     0.23104493E+005     0.58071808E+000     0.49255336E+000
     0.13009261E+000     0.11262440E+001    -0.48698474E+001     0.28712404E+005     0.23544163E+005     0.55746728E+000     0.50319368E+000
     0.13046011E+000     0.23916007E+001    -0.44631983E+001     0.29694420E+005     0.23972722E+005     0.53816432E+000     0.50319691E+000
     0.13082760E+000     0.33020071E+001    -0.38625706E+001     0.30849742E+005     0.24508447E+005     0.52719740E+000     0.49788271E+000
     0.13119509E+000     0.39083515E+001    -0.32839393E+001     0.32091580E+005     0.25195594E+005     0.52397630E+000     0.49333595E+000
     0.13156258E+000     0.43545002E+001    -0.28329449E+001     0.33360138E+005     0.25991229E+005     0.52433033E+000     0.49275950E+000
     0.13193008E+000     0.47770993E+001    -0.25012652E+001     0.34682002E+005     0.26836656E+005     0.52379848E+000     0.49512754E+000
     0.13229757E+000     0.52498580E+001    -0.22187970E+001     0.36132938E+005     0.27744559E+005     0.52064320E+000     0.49650201E+000
     0.13266506E+000     0.57786768E+001    -0.19127518E+001     0.37744183E+005     0.28798661E+005     0.51704617E+000     0.49287321E+000
     0.13303256E+000     0.63322133E+001    -0.15459779E+001     0.39470039E+005     0.30073361E+005     0.51808167E+000     0.48312712E+000
     0.13340005E+000     0.68837804E+001    -0.11176477E+001     0.41238175E+005     0.31577101E+005     0.52859916E+000     0.47042795E+000
     0.13376754E+000     0.74277663E+001    -0.63371468E+000     0.43016972E+005     0.33260255E+005     0.55021616E+000     0.46059938E+000
     0.13413504E+000     0.79620496E+001    -0.91553030E-001     0.44854858E+005     0.35072847E+005     0.58071898E+000     0.45920150E+000
     0.13450253E+000     0.84828837E+001     0.50593528E+000     0.46856584E+005     0.37041699E+005     0.61536196E+000     0.46937768E+000
     0.13487002E+000     0.90047141E+001     0.11564328E+001     0.49095792E+005     0.39297695E+005     0.64904716E+000     0.49118920E+000
     0.13523752E+000     0.95485683E+001     0.18905106E+001     0.51540684E+005     0.42015454E+005     0.67794260E+000     0.52264524E+000
     0.13560501E+000     0.10094773E+002     0.27653381E+001     0.54058354E+005     0.45318816E+005     0.69950291E+000     0.56083966E+000
     0.13597250E+000     0.10571850E+002     0.38061389E+001     0.56492047E+005     0.49221589E+005     0.71238371E+000     0.60184079E+000
     0.13634000E+000     0.10916535E+002     0.49698592E+001     0.58771614E+005     0.53652752E+005     0.71776936E+000     0.64082586E+000
     0.13670749E+000     0.11135490E+002     0.61935191E+001     0.60967979E+005     0.58589232E+005     0.72053522E+000     0.67447522E+000
     0.13707498E+000     0.11282293E+002     0.74735964E+001     0.63187595E+005     0.64201638E+005     0.72726006E+000     0.70425364E+000
     0.13744248E+000     0.11375674E+002     0.88798336E+001     0.65363871E+005     0.70839369E+005     0.74155734E+000     0.73653591E+000
     0.13780997E+000     0.11345260E+002     0.10493573E+002     0.67144506E+005     0.78839773E+005     0.76122128E+000     0.77841596E+000
     0.13817746E+000     0.11049312E+002     0.12324703E+002     0.67972241E+005     0.88322955E+005     0.78024400E+000     0.83299304E+000
     0.13854496E+000     0.10359499E+002     0.14273084E+002     0.67291069E+005     0.99130925E+005     0.79384763E+000     0.89862616E+000
     0.13891245E+000     0.92474340E+001     0.16185618E+002     0.64702575E+005     0.11096781E+006     0.80173822E+000     0.97308088E+000
     0.13927994E+000     0.77715013E+001     0.17968314E+002     0.59889836E+005     0.12360628E+006     0.80573007E+000     0.10590448E+001
     0.13964744E+000     0.59590745E+001     0.19620063E+002     0.52336204E+005     0.13688262E+006     0.80227285E+000     0.11650021E+001
     0.14001493E+000     0.37204583E+001     0.21122505E+002     0.41132720E+005     0.15032624E+006     0.77615367E+000     0.12975864E+001
     0.14038242E+000     0.92672679E+000     0.22289147E+002     0.25259870E+005     0.16258356E+006     0.70402551E+000     0.14489393E+001
     0.14074992E+000    -0.23794501E+001     0.22761439E+002     0.45296715E+004     0.17121357E+006     0.57042100E+000     0.15909909E+001
     0.14111741E+000    -0.58482107E+001     0.22225681E+002    -0.19398391E+005     0.17358389E+006     0.38465129E+000     0.16878288E+001
     0.14148490E+000    -0.89511852E+001     0.20676740E+002    -0.43254941E+005     0.16855895E+006     0.17898911E+000     0.17197202E+001
     0.14185240E+000    -0.11288844E+002     0.18450859E+002    -0.63865511E+005     0.15722926E+006    -0.13792777E-001     0.16932898E+001
     0.14221989E+000    -0.12773068E+002     0.15997783E+002    -0.79516716E+005     0.14191427E+006    -0.17736321E+000     0.16279814E+001
     0.14258738E+000    -0.13555372E+002     0.13645586E+002    -0.89892149E+005     0.12490762E+006    -0.30806963E+000     0.15406996E+001
     0.14295488E+000    -0.13851503E+002     0.11536559E+002    -0.95497145E+005     0.10801501E+006    -0.40640655E+000     0.14447385E+001
     0.14332237E+000    -0.13828595E+002     0.96921482E+001    -0.97287661E+005     0.92465458E+005    -0.47682495E+000     0.13525871E+001
     0.14368986E+000    -0.13586740E+002     0.80959243E+001    -0.96366590E+005     0.78893667E+005    -0.52972751E+000     0.12736096E+001
     0.14405736E+000    -0.13190050E+002     0.67372285E+001    -0.93732651E+005     0.67458464E+005    -0.57969874E+000     0.12093995E+001
     0.14442485E+000    -0.12699682E+002     0.56097807E+001    -0.90166280E+005     0.58018274E+005    -0.63932920E+000     0.11507867E+001
     0.14479234E+000    -0.12176983E+002     0.46903730E+001    -0.86205990E+005     0.50277262E+005    -0.71016927E+000     0.10811295E+001
     0.14515984E+000    -0.11663242E+002     0.39366352E+001    -0.82169458E+005     0.43898556E+005    -0.77937448E+000     0.98847988E+000
     0.14552733E+000    -0.11172435E+002     0.33075122E+001    -0.78206435E+005     0.38584102E+005    -0.82987691E+000     0.87571415E+000
     0.14589482E+000    -0.10704983E+002     0.27767955E+001    -0.74367752E+005     0.34113459E+005    -0.85363869E+000     0.75607976E+000
     0.14626232E+000    -0.10261537E+002     0.23295138E+001    -0.70668220E+005     0.30342150E+005    -0.85320819E+000     0.64194347E+000
     0.14662981E+000    -0.98454696E+001     0.19530196E+001    -0.67124630E+005     0.27174009E+005    -0.83575258E+000     0.53996570E+000
     0.14699730E+000    -0.94584134E+001     0.16341359E+001    -0.63764309E+005     0.24529867E+005    -0.80868326E+000     0.45192541E+000
     0.14736479E+000    -0.90989776E+001     0.13618862E+001    -0.60614799E+005     0.22329397E+005    -0.77794595E+000     0.37645183E+000
     0.14773229E+000    -0.87648278E+001     0.11283967E+001    -0.57690447E+005     0.20490132E+005    -0.74746354E+000     0.31050277E+000
     0.14809978E+000    -0.84536493E+001     0.92743141E+000    -0.54987752E+005     0.18936905E+005    -0.71934986E+000     0.25042896E+000
     0.14846727E+000    -0.81623364E+001     0.75491305E+000    -0.52491953E+005     0.17609635E+005    -0.69430013E+000     0.19223437E+000
     0.14883477E+000    -0.78887740E+001     0.60912244E+000    -0.50186356E+005     0.16461110E+005    -0.67128339E+000     0.13138536E+000
     0.14920226E+000    -0.76322786E+001     0.48940938E+000    -0.48052976E+005     0.15449193E+005    -0.64624849E+000     0.63341179E-001
     0.14956975E+000    -0.73931922E+001     0.39619612E+000    -0.46065174E+005     0.14536750E+005    -0.61108913E+000    -0.13760531E-001
     0.14993725E+000    -0.71749221E+001     0.33122932E+000    -0.44187152E+005     0.13702478E+005    -0.55602810E+000    -0.94980539E-001
     0.15030474E+000    -0.69854616E+001     0.29378947E+000    -0.42387648E+005     0.12947010E+005    -0.47616868E+000    -0.16808678E+000
     0.15067223E+000    -0.68342455E+001     0.27678254E+000    -0.40653443E+005     0.12283043E+005    -0.37589984E+000    -0.21954682E+000
     0.15103973E+000    -0.67265076E+001     0.26660567E+000    -0.38989134E+005     0.11719943E+005    -0.26663418E+000    -0.24082279E+000
     0.15140722E+000    -0.66588692E+001     0.24797230E+000    -0.37407852E+005     0.11255772E+005    -0.16266663E+000    -0.23046456E+000
     0.15177471E+000    -0.66205337E+001     0.21122938E+000    -0.35922265E+005     0.10877434E+005    -0.77432428E-001    -0.19514974E+000
     0.15214221E+000    -0.66004797E+001     0.15608330E+000    -0.34539726E+005     0.10564502E+005    -0.17757217E-001    -0.14826639E+000
     0.15250970E+000    -0.65952737E+001     0.87691508E-001    -0.33260771E+005     0.10291825E+005     0.19142696E-001    -0.10311510E+000
     0.15287719E+000    -0.66104698E+001     0.72378649E-002    -0.32075049E+005     0.10030763E+005     0.41811824E-001    -0.66756878E-001
     0.15324469E+000    -0.66528295E+001    -0.94915327E-001    -0.30955546E+005     0.97579155E+004     0.58565790E-001    -0.39423079E-001
     0.15361218E+000    -0.67201827E+001    -0.23592925E+000    -0.29864699E+005     0.94703248E+004     0.73976521E-001    -0.17653425E-001
     0.15397967E+000    -0.67995144E+001    -0.43091256E+000    -0.28774411E+005     0.91889003E+004     0.88766174E-001     0.19798418E-002
     0.15434717E+000    -0.68728339E+001    -0.68806052E+000    -0.27679841E+005     0.89425011E+004     0.10194945E+000     0.21010693E-001
     0.15471466E+000    -0.69215759E+001    -0.10110102E+001    -0.26594169E+005     0.87500740E+004     0.11267924E+000     0.39524284E-001
     0.15508215E+000    -0.69248688E+001    -0.14016962E+001    -0.25535220E+005     0.86157332E+004     0.12061670E+000     0.57120374E-001
     0.15544965E+000    -0.68565717E+001    -0.18581530E+001    -0.24516782E+005     0.85332230E+004     0.12574397E+000     0.73250320E-001
     0.15581714E+000    -0.66843967E+001    -0.23713802E+001    -0.23546083E+005     0.84918754E+004     0.12838143E+000     0.87324417E-001
     0.15618463E+000    -0.63680920E+001    -0.29185693E+001    -0.22625112E+005     0.84811850E+004     0.12912842E+000     0.98998272E-001
     0.15655213E+000    -0.58652838E+001    -0.34499136E+001    -0.21754353E+005     0.84916723E+004     0.12848186E+000     0.10824723E+000
     0.15691962E+000    -0.51527203E+001    -0.38783416E+001    -0.20932957E+005     0.85110235E+004     0.12666389E+000     0.11497668E+000
     0.15728711E+000    -0.42602028E+001    -0.40899363E+001    -0.20152380E+005     0.85245966E+004     0.12400296E+000     0.11877543E+000
     0.15765461E+000    -0.32955352E+001    -0.39868434E+001    -0.19394880E+005     0.85245367E+004     0.12125133E+000     0.11925715E+000
     0.15802210E+000    -0.24212535E+001    -0.35509765E+001    -0.18643352E+005     0.85152325E+004     0.11933678E+000     0.11640008E+000
     0.15838959E+000    -0.17841937E+001    -0.28645067E+001    -0.17889229E+005     0.85055237E+004     0.11909382E+000     0.11038242E+000
     0.15875709E+000    -0.14562308E+001    -0.20747843E+001    -0.17127094E+005     0.85008086E+004     0.12145607E+000     0.10140217E+000
     0.15912458E+000    -0.14116607E+001    -0.13334690E+001    -0.16347926E+005     0.85081387E+004     0.12769874E+000     0.89971878E-001
     0.15949207E+000    -0.15515477E+001    -0.73068480E+000    -0.15544922E+005     0.85437503E+004     0.13921002E+000     0.77403543E-001
     0.15985957E+000    -0.17728445E+001    -0.27186919E+000    -0.14724166E+005     0.86286268E+004     0.15688170E+000     0.66022803E-001
     0.16022706E+000    -0.20197288E+001     0.83890921E-001    -0.13905720E+005     0.87757746E+004     0.18026739E+000     0.59000150E-001
     0.16059455E+000    -0.22829546E+001     0.37462160E+000    -0.13114254E+005     0.89816774E+004     0.20663974E+000     0.59317465E-001
     0.16096205E+000    -0.25722045E+001     0.61472527E+000    -0.12366794E+005     0.92260670E+004     0.23123111E+000     0.67586341E-001
     0.16132954E+000    -0.28952859E+001     0.80000665E+000    -0.11661159E+005     0.94793198E+004     0.24988544E+000     0.80648862E-001
     0.16169703E+000    -0.32514868E+001     0.91586185E+000    -0.10970424E+005     0.97197645E+004     0.26205080E+000     0.93420072E-001
     0.16206453E+000    -0.36255308E+001     0.94258503E+000    -0.10255594E+005     0.99535479E+004     0.27064577E+000     0.10242327E+000
     0.16243202E+000    -0.39827470E+001     0.86973399E+000    -0.94921933E+004     0.10215036E+005     0.27933576E+000     0.10723522E+000
     0.16279951E+000    -0.42823978E+001     0.71249725E+000    -0.86840664E+004     0.10545814E+005     0.29051177E+000     0.10930163E+000
     0.16316700E+000    -0.44985161E+001     0.50743522E+000    -0.78563777E+004     0.10976034E+005     0.30521642E+000     0.11040988E+000
     0.16353450E+000    -0.46255006E+001     0.29901827E+000    -0.70435035E+004     0.11519121E+005     0.32377573E+000     0.11222509E+000
     0.16390199E+000    -0.46797137E+001     0.13312818E+000    -0.62816919E+004     0.12171919E+005     0.34596522E+000     0.11637388E+000
     0.16426948E+000    -0.47045012E+001     0.44649215E-001    -0.56022074E+004     0.12913814E+005     0.37089008E+000     0.12424256E+000
     0.16463698E+000    -0.47614944E+001     0.36881297E-001    -0.50207075E+004     0.13709520E+005     0.39717053E+000     0.13655701E+000
     0.16500447E+000    -0.49047936E+001     0.73431352E-001    -0.45287288E+004     0.14520772E+005     0.42346500E+000     0.15318848E+000
     0.16537196E+000    -0.51562952E+001     0.91850431E-001    -0.40952606E+004     0.15322316E+005     0.44905425E+000     0.17339186E+000
     0.16573946E+000    -0.54974762E+001     0.30648466E-001    -0.36779402E+004     0.16113481E+005     0.47409059E+000     0.19645425E+000
     0.16610695E+000    -0.58823848E+001    -0.14698636E+000    -0.32390150E+004     0.16921396E+005     0.49927993E+000     0.22224666E+000
     0.16647444E+000    -0.62603834E+001    -0.44718143E+000    -0.27607968E+004     0.17793087E+005     0.52550688E+000     0.25138649E+000
     0.16684194E+000    -0.65914429E+001    -0.85416921E+000    -0.22497567E+004     0.18778686E+005     0.55343779E+000     0.28545339E+000
     0.16720943E+000    -0.68522034E+001    -0.13392322E+001    -0.17254449E+004     0.19921920E+005     0.58275009E+000     0.32679800E+000
     0.16757692E+000    -0.70430296E+001    -0.18721892E+001    -0.12108394E+004     0.21268441E+005     0.61195079E+000     0.37768856E+000
     0.16794442E+000    -0.71834318E+001    -0.24430397E+001    -0.74009575E+003     0.22881041E+005     0.63897856E+000     0.44007400E+000
     0.16831191E+000    -0.72854767E+001    -0.30725486E+001    -0.38427215E+003     0.24844958E+005     0.66121298E+000     0.51627444E+000
     0.16867940E+000    -0.73275281E+001    -0.37931177E+001    -0.28686833E+003     0.27249535E+005     0.67410925E+000     0.60933799E+000
     0.16904690E+000    -0.72562712E+001    -0.46139632E+001    -0.69108873E+003     0.30134583E+005     0.66919829E+000     0.72147376E+000
     0.16941439E+000    -0.70197271E+001    -0.55037613E+001    -0.19253844E+004     0.33403261E+005     0.63373415E+000     0.85004858E+000
     0.16978188E+000    -0.65990450E+001    -0.64159784E+001    -0.43106908E+004     0.36737694E+005     0.55448396E+000     0.98314086E+000
     0.17014938E+000    -0.59877172E+001    -0.73305475E+001    -0.79903221E+004     0.39596851E+005     0.42568284E+000     0.10991519E+001
     0.17051687E+000    -0.51357060E+001    -0.82323379E+001    -0.12781472E+005     0.41365385E+005     0.25576311E+000     0.11740729E+001
     0.17088436E+000    -0.39645294E+001    -0.90313698E+001    -0.18185178E+005     0.41571737E+005     0.65566413E-001     0.11918715E+001
     0.17125186E+000    -0.24682431E+001    -0.95475392E+001    -0.23506987E+005     0.40022572E+005    -0.11936364E+000     0.11489710E+001
     0.17161935E+000    -0.78083594E+000    -0.96032230E+001    -0.27997567E+005     0.36893385E+005    -0.27488809E+000     0.10540654E+001
     0.17198684E+000     0.86287964E+000    -0.91343212E+001    -0.31101747E+005     0.32752199E+005    -0.38461855E+000     0.92667954E+000
     0.17235434E+000     0.22371353E+001    -0.82302844E+001    -0.32694054E+005     0.28334246E+005    -0.44554229E+000     0.79021162E+000
     0.17272183E+000     0.32238733E+001    -0.70775352E+001    -0.33030937E+005     0.24214529E+005    -0.46595968E+000     0.66263359E+000
     0.17308932E+000     0.38287883E+001    -0.58574079E+001    -0.32510103E+005     0.20676248E+005    -0.45825799E+000     0.55301726E+000
     0.17345682E+000     0.41244503E+001    -0.46836653E+001    -0.31486190E+005     0.17776109E+005    -0.43364084E+000     0.46360715E+000
     0.17382431E+000     0.41873864E+001    -0.36043979E+001    -0.30209777E+005     0.15455094E+005    -0.40040710E+000     0.39293128E+000
     0.17419180E+000     0.40692019E+001    -0.26359027E+001    -0.28835553E+005     0.13616294E+005    -0.36399052E+000     0.33792542E+000
     0.17455930E+000     0.38010551E+001    -0.17936100E+001    -0.27450470E+005     0.12164440E+005    -0.32744097E+000     0.29518296E+000
     0.17492679E+000     0.34140928E+001    -0.11036696E+001    -0.26100601E+005     0.11020001E+005    -0.29202954E+000     0.26177071E+000
     0.17529428E+000     0.29586581E+001    -0.59293048E+000    -0.24809482E+005     0.10120067E+005    -0.25803019E+000     0.23567841E+000
     0.17566178E+000     0.25053197E+001    -0.26408506E+000    -0.23588308E+005     0.94150418E+004    -0.22548394E+000     0.21574170E+000
     0.17602927E+000     0.21195902E+001    -0.79642053E-001    -0.22441113E+005     0.88648425E+004    -0.19454766E+000     0.20123163E+000
     0.17639676E+000     0.18323710E+001     0.23590662E-001    -0.21366304E+005     0.84355889E+004    -0.16547048E+000     0.19159781E+000
     0.17676426E+000     0.16356672E+001     0.10297712E+000    -0.20355277E+005     0.80988409E+004    -0.13861941E+000     0.18641984E+000
     0.17713175E+000     0.15021450E+001     0.19111712E+000    -0.19391765E+005     0.78353823E+004    -0.11459496E+000     0.18522642E+000
     0.17749924E+000     0.14056445E+001     0.29841332E+000    -0.18456939E+005     0.76403320E+004    -0.94101565E-001     0.18718024E+000
     0.17786673E+000     0.13293321E+001     0.42437022E+000    -0.17538824E+005     0.75223198E+004    -0.77530178E-001     0.19101160E+000
     0.17823423E+000     0.12651899E+001     0.56643141E+000    -0.16638024E+005     0.74956574E+004    -0.64670615E-001     0.19539520E+000
     0.17860172E+000     0.12102431E+001     0.72516148E+000    -0.15766320E+005     0.75722391E+004    -0.54978451E-001     0.19935909E+000
     0.17896921E+000     0.11611473E+001     0.90532684E+000    -0.14942015E+005     0.77576811E+004    -0.48010737E-001     0.20202676E+000
     0.17933671E+000     0.11115263E+001     0.11127431E+001    -0.14185541E+005     0.80508079E+004    -0.43035208E-001     0.20204614E+000
     0.17970420E+000     0.10534660E+001     0.13534989E+001    -0.13515753E+005     0.84456892E+004    -0.38066272E-001     0.19796579E+000
     0.18007169E+000     0.97478244E+000     0.16370489E+001    -0.12949225E+005     0.89376303E+004    -0.29699666E-001     0.18957614E+000
     0.18043919E+000     0.85011462E+000     0.19724543E+001    -0.12509540E+005     0.95295158E+004    -0.14215993E-001     0.17902650E+000
     0.18080668E+000     0.63881047E+000     0.23535058E+001    -0.12246671E+005     0.10223264E+005     0.10729838E-001     0.17077362E+000
     0.18117417E+000     0.29697366E+000     0.27448058E+001    -0.12244897E+005     0.10984673E+005     0.45076258E-001     0.17040790E+000
     0.18154167E+000    -0.20104751E+000     0.30762030E+001    -0.12588345E+005     0.11699048E+005     0.86355468E-001     0.18372784E+000
     0.18190916E+000    -0.83111260E+000     0.32539915E+001    -0.13277915E+005     0.12168168E+005     0.12913462E+000     0.21647188E+000
     0.18227665E+000    -0.14987065E+001     0.32089091E+001    -0.14157290E+005     0.12200173E+005     0.16353314E+000     0.27254496E+000
     0.18264415E+000    -0.20783521E+001     0.29556762E+001    -0.14956104E+005     0.11751532E+005     0.17571242E+000     0.34984853E+000
     0.18301164E+000    -0.24955096E+001     0.25856933E+001    -0.15450584E+005     0.10967141E+005     0.15265091E+000     0.43670613E+000
     0.18337913E+000    -0.27560993E+001     0.21933785E+001    -0.15574623E+005     0.10067163E+005     0.89735446E-001     0.51290455E+000
     0.18374663E+000    -0.29044498E+001     0.18261394E+001    -0.15390429E+005     0.92196950E+004    -0.34438945E-002     0.55729703E+000
     0.18411412E+000    -0.29762792E+001     0.14921528E+001    -0.15001692E+005     0.85023167E+004    -0.10531861E+000     0.55908562E+000
     0.18448161E+000    -0.29857990E+001     0.11900744E+001    -0.14495445E+005     0.79276440E+004    -0.19366116E+000     0.52338640E+000
     0.18484911E+000    -0.29380210E+001     0.92706588E+000    -0.13925791E+005     0.74810916E+004    -0.25621814E+000     0.46544751E+000
     0.18521660E+000    -0.28439105E+001     0.71691630E+000    -0.13322316E+005     0.71457668E+004    -0.29204391E+000     0.40067038E+000
     0.18558409E+000    -0.27233009E+001     0.56917476E+000    -0.12704158E+005     0.69091924E+004    -0.30652782E+000     0.33920803E+000
     0.18595159E+000    -0.25982600E+001     0.48416741E+000    -0.12086406E+005     0.67596868E+004    -0.30644494E+000     0.28566748E+000
     0.18631908E+000    -0.24886399E+001     0.45549019E+000    -0.11478643E+005     0.66845425E+004    -0.29731945E+000     0.24104244E+000
     0.18668657E+000    -0.24127319E+001     0.47106561E+000    -0.10883944E+005     0.66735288E+004    -0.28272801E+000     0.20479348E+000
     0.18705407E+000    -0.23849911E+001     0.50985793E+000    -0.10302759E+005     0.67224079E+004    -0.26484116E+000     0.17632313E+000
     0.18742156E+000    -0.24079381E+001     0.54299133E+000    -0.97383597E+004     0.68315886E+004    -0.24545183E+000     0.15539484E+000
     0.18778905E+000    -0.24671105E+001     0.54260564E+000    -0.91988644E+004     0.70014140E+004    -0.22655226E+000     0.14167655E+000
     0.18815655E+000    -0.25325058E+001     0.49253230E+000    -0.86956551E+004     0.72280692E+004    -0.21019143E+000     0.13431442E+000
     0.18852404E+000    -0.25672719E+001     0.39950916E+000    -0.82399844E+004     0.75008874E+004    -0.19829491E+000     0.13187138E+000
     0.18889153E+000    -0.25488431E+001     0.29580375E+000    -0.78370537E+004     0.78013377E+004    -0.19256259E+000     0.13204711E+000
     0.18925903E+000    -0.24865497E+001     0.21713752E+000    -0.74779109E+004     0.81077681E+004    -0.19364536E+000     0.13131760E+000
     0.18962652E+000    -0.24074454E+001     0.17457758E+000    -0.71367020E+004     0.84087266E+004    -0.19978094E+000     0.12585626E+000
     0.18999401E+000    -0.23264347E+001     0.15720294E+000    -0.67815809E+004     0.87160491E+004    -0.20700334E+000     0.11385472E+000
     0.19036151E+000    -0.22396516E+001     0.15623693E+000    -0.63924265E+004     0.90645855E+004    -0.21162776E+000     0.96532696E-001
     0.19072900E+000    -0.21387545E+001     0.17517563E+000    -0.59710148E+004     0.95016217E+004    -0.21225567E+000     0.76474885E-001
     0.19109649E+000    -0.20172327E+001     0.22613248E+000    -0.55439793E+004     0.10077805E+005    -0.20946395E+000     0.55351209E-001
     0.19146399E+000    -0.18731922E+001     0.33465015E+000    -0.51670997E+004     0.10839455E+005    -0.20395155E+000     0.32888454E-001
     0.19183148E+000    -0.17285256E+001     0.54234666E+000    -0.49307032E+004     0.11814831E+005    -0.19437157E+000     0.77643822E-002
     0.19219897E+000    -0.16534726E+001     0.88147735E+000    -0.49594066E+004     0.12991186E+005    -0.17662483E+000    -0.19327345E-001
     0.19256647E+000    -0.17581632E+001     0.13198000E+001    -0.53969196E+004     0.14282748E+005    -0.14720129E+000    -0.42519880E-001
     0.19293396E+000    -0.21209949E+001     0.17229420E+001    -0.63589049E+004     0.15498092E+005    -0.10930350E+000    -0.53096507E-001
     0.19330145E+000    -0.26918168E+001     0.19035156E+001    -0.78400383E+004     0.16345451E+005    -0.73122402E-001    -0.47932742E-001
     0.19366894E+000    -0.32740886E+001     0.17553752E+001    -0.96219225E+004     0.16540856E+005    -0.47082805E-001    -0.33251410E-001
     0.19403644E+000    -0.36437480E+001     0.13562126E+001    -0.11314873E+005     0.15996184E+005    -0.31218223E-001    -0.18020646E-001
     0.19440393E+000    -0.37079745E+001     0.91853347E+000    -0.12568460E+005     0.14898001E+005    -0.20095042E-001    -0.64240262E-002
     0.19477142E+000    -0.35459828E+001     0.63776353E+000    -0.13248223E+005     0.13571611E+005    -0.89737412E-002     0.26759563E-002
     0.19513892E+000    -0.33229836E+001     0.59074787E+000    -0.13422247E+005     0.12292787E+005     0.38278337E-002     0.12288799E-001
     0.19550641E+000    -0.31864524E+001     0.73767799E+000    -0.13244892E+005     0.11211170E+005     0.17843037E-001     0.25052720E-001
     0.19587390E+000    -0.32131917E+001     0.97983858E+000    -0.12866952E+005     0.10372249E+005     0.31434849E-001     0.42911527E-001
     0.19624140E+000    -0.34119554E+001     0.12175220E+001    -0.12403377E+005     0.97642591E+004     0.41910386E-001     0.66974134E-001
     0.19660889E+000    -0.37529983E+001     0.13758120E+001    -0.11934944E+005     0.93502134E+004     0.45709851E-001     0.96822968E-001
     0.19697638E+000    -0.41887413E+001     0.14026197E+001    -0.11516678E+005     0.90794357E+004     0.39320251E-001     0.12973184E+000
     0.19734388E+000    -0.46576052E+001     0.12657953E+001    -0.11177680E+005     0.88900774E+004     0.21066649E-001     0.16057099E+000
     0.19771137E+000    -0.50875986E+001     0.95864632E+000    -0.10914024E+005     0.87186491E+004    -0.69855007E-002     0.18348847E+000
     0.19807886E+000    -0.54047968E+001     0.50474105E+000    -0.10690890E+005     0.85197343E+004    -0.39107223E-001     0.19515589E+000
     0.19844636E+000    -0.55438810E+001    -0.36093790E-001    -0.10460693E+005     0.82790088E+004    -0.68888776E-001     0.19699380E+000
     0.19881385E+000    -0.54742443E+001    -0.56374667E+000    -0.10182032E+005     0.80098730E+004    -0.93024647E-001     0.19414858E+000
     0.19918134E+000    -0.52361186E+001    -0.96730755E+000    -0.98298288E+004     0.77433581E+004    -0.11284235E+000     0.19194196E+000
     0.19954884E+000    -0.49339717E+001    -0.11883303E+001    -0.93995268E+004     0.75167305E+004    -0.13270869E+000     0.19274239E+000
     0.19991633E+000    -0.46725091E+001    -0.12499161E+001    -0.89045204E+004     0.73621141E+004    -0.15722189E+000     0.19502291E+000
     0.20028382E+000    -0.45028998E+001    -0.12192686E+001    -0.83682798E+004     0.73005672E+004    -0.18865114E+000     0.19407831E+000
     0.20065132E+000    -0.44248801E+001    -0.11530503E+001    -0.78174237E+004     0.73421863E+004    -0.22490479E+000     0.18429884E+000
     0.20101881E+000    -0.44246098E+001    -0.10746887E+001    -0.72775721E+004     0.74881428E+004    -0.25964959E+000     0.16316215E+000
     0.20138630E+000    -0.45061113E+001    -0.99144984E+000    -0.67704327E+004     0.77339023E+004    -0.28642081E+000     0.13410190E+000
     0.20175380E+000    -0.46931589E+001    -0.92293199E+000    -0.63142246E+004     0.80745006E+004    -0.30379261E+000     0.10425583E+000
     0.20212129E+000    -0.50153980E+001    -0.92201720E+000    -0.59303446E+004     0.85070032E+004    -0.31606776E+000     0.78906749E-001
     0.20248878E+000    -0.54733089E+001    -0.10952087E+001    -0.56509370E+004     0.90231380E+004    -0.32948770E+000     0.58289226E-001
     0.20285628E+000    -0.59633324E+001    -0.15783754E+001    -0.55159238E+004     0.95937576E+004    -0.34832172E+000     0.38400838E-001
     0.20322377E+000    -0.62470204E+001    -0.24104799E+001    -0.55532864E+004     0.10158331E+005    -0.37315570E+000     0.13494919E-001
     0.20359126E+000    -0.60850114E+001    -0.34113438E+001    -0.57508815E+004     0.10635394E+005    -0.40076926E+000    -0.21540705E-001
     0.20395876E+000    -0.54423718E+001    -0.42555794E+001    -0.60432634E+004     0.10958342E+005    -0.42510322E+000    -0.68894544E-001
     0.20432625E+000    -0.45205340E+001    -0.46982176E+001    -0.63339559E+004     0.11113050E+005    -0.44004742E+000    -0.12639679E+000
     0.20469374E+000    -0.35940081E+001    -0.46986055E+001    -0.65392477E+004     0.11144691E+005    -0.44270470E+000    -0.18915863E+000
     0.20506124E+000    -0.28618208E+001    -0.43657085E+001    -0.66191613E+004     0.11132809E+005    -0.43350910E+000    -0.25320392E+000
     0.20542873E+000    -0.24133494E+001    -0.38570806E+001    -0.65823326E+004     0.11159137E+005    -0.41346918E+000    -0.31688868E+000
     0.20579622E+000    -0.22546537E+001    -0.33183345E+001    -0.64739273E+004     0.11285616E+005    -0.38228216E+000    -0.37953119E+000
     0.20616372E+000    -0.23434663E+001    -0.28616603E+001    -0.63607445E+004     0.11545480E+005    -0.33826434E+000    -0.43980249E+000
     0.20653121E+000    -0.26131713E+001    -0.25682821E+001    -0.63204191E+004     0.11938486E+005    -0.27891483E+000    -0.49436625E+000
     0.20689870E+000    -0.29773993E+001    -0.24945203E+001    -0.64276405E+004     0.12424273E+005    -0.20288520E+000    -0.53654520E+000
     0.20726620E+000    -0.33262889E+001    -0.26644421E+001    -0.67307715E+004     0.12922979E+005    -0.11346150E+000    -0.55740822E+000
     0.20763369E+000    -0.35357309E+001    -0.30447275E+001    -0.72298545E+004     0.13334321E+005    -0.19855087E-001    -0.55018217E+000
     0.20800118E+000    -0.35121195E+001    -0.35290900E+001    -0.78711274E+004     0.13566023E+005     0.65790545E-001    -0.51382240E+000
     0.20836868E+000    -0.32452420E+001    -0.39730373E+001    -0.85525144E+004     0.13560707E+005     0.13197048E+000    -0.45302102E+000
     0.20873617E+000    -0.28134406E+001    -0.42657261E+001    -0.91440552E+004     0.13328161E+005     0.16988412E+000    -0.37745471E+000
     0.20910366E+000    -0.23273802E+001    -0.43786487E+001    -0.95411786E+004     0.12960500E+005     0.17621641E+000    -0.30065511E+000
     0.20947115E+000    -0.18613340E+001    -0.43474542E+001    -0.97181473E+004     0.12594815E+005     0.15534872E+000    -0.23600959E+000
     0.20983865E+000    -0.14359835E+001    -0.42120228E+001    -0.97323861E+004     0.12350753E+005     0.11751968E+000    -0.19164391E+000
     0.21020614E+000    -0.10548799E+001    -0.39803788E+001    -0.96906205E+004     0.12293112E+005     0.73598482E-001    -0.16863943E+000
     0.21057363E+000    -0.74688068E+000    -0.36402628E+001    -0.97140202E+004     0.12424206E+005     0.31134665E-001    -0.16389216E+000
     0.21094113E+000    -0.58164884E+000    -0.32020956E+001    -0.99124669E+004     0.12686118E+005    -0.52162449E-002    -0.17368570E+000
     0.21130862E+000    -0.63847758E+000    -0.27495599E+001    -0.10358186E+005     0.12966248E+005    -0.31569062E-001    -0.19384790E+000
     0.21167611E+000    -0.92117038E+000    -0.24483628E+001    -0.11053733E+005     0.13116836E+005    -0.45594943E-001    -0.21797270E+000
     0.21204361E+000    -0.12781538E+001    -0.24555984E+001    -0.11909870E+005     0.13003989E+005    -0.49692057E-001    -0.23881977E+000
     0.21241110E+000    -0.14406540E+001    -0.27648061E+001    -0.12771064E+005     0.12573334E+005    -0.50622741E-001    -0.25334407E+000
     0.21277859E+000    -0.12076183E+001    -0.31343559E+001    -0.13491341E+005     0.11872711E+005    -0.53832985E-001    -0.26466371E+000
     0.21314609E+000    -0.64099324E+000    -0.32196042E+001    -0.13993512E+005     0.11005568E+005    -0.59247308E-001    -0.27748317E+000
     0.21351358E+000    -0.62448464E-001    -0.28396527E+001    -0.14265706E+005     0.10070549E+005    -0.63688431E-001    -0.29279482E+000
     0.21388107E+000     0.18721676E+000    -0.21229952E+001    -0.14327340E+005     0.91391099E+004    -0.66024413E-001    -0.30806896E+000
     0.21424857E+000    -0.11680171E-001    -0.13813136E+001    -0.14208161E+005     0.82623174E+004    -0.68777971E-001    -0.32140696E+000
     0.21461606E+000    -0.54265562E+000    -0.87341521E+000    -0.13945220E+005     0.74775099E+004    -0.75533789E-001    -0.33436870E+000
     0.21498355E+000    -0.12013402E+001    -0.69470434E+000    -0.13581332E+005     0.68068326E+004    -0.87749941E-001    -0.35134115E+000
     0.21535105E+000    -0.18203895E+001    -0.81547471E+000    -0.13159014E+005     0.62562242E+004    -0.10355411E+000    -0.37719720E+000
     0.21571854E+000    -0.23028823E+001    -0.11599446E+001    -0.12714884E+005     0.58186507E+004    -0.11824213E+000    -0.41530960E+000
     0.21608603E+000    -0.25978090E+001    -0.16554231E+001    -0.12277264E+005     0.54784710E+004    -0.12546335E+000    -0.46633545E+000
     0.21645353E+000    -0.26636177E+001    -0.22349289E+001    -0.11865273E+005     0.52149081E+004    -0.11872233E+000    -0.52774434E+000
     0.21682102E+000    -0.24609196E+001    -0.28056226E+001    -0.11488431E+005     0.50056261E+004    -0.92669747E-001    -0.59406740E+000
     0.21718851E+000    -0.19942763E+001    -0.32302204E+001    -0.11148176E+005     0.48303684E+004    -0.44068921E-001    -0.65708391E+000
     0.21755601E+000    -0.13630124E+001    -0.33694928E+001    -0.10840652E+005     0.46721546E+004     0.26282417E-001    -0.70599385E+000
     0.21792350E+000    -0.75148902E+000    -0.31662093E+001    -0.10557157E+005     0.45169470E+004     0.11064874E+000    -0.73002176E+000
     0.21829099E+000    -0.34575318E+000    -0.26929794E+001    -0.10283571E+005     0.43563782E+004     0.19456257E+000    -0.72453339E+000
     0.21865849E+000    -0.24180906E+000    -0.21148534E+001    -0.10004403E+005     0.41917858E+004     0.26344991E+000    -0.69528396E+000
     0.21902598E+000    -0.41876142E+000    -0.16008832E+001    -0.97099191E+004     0.40327840E+004     0.31028410E+000    -0.65485753E+000
     0.21939347E+000    -0.77904079E+000    -0.12580697E+001    -0.93990510E+004     0.38906438E+004     0.33661613E+000    -0.61511591E+000
     0.21976097E+000    -0.12059918E+001    -0.11137542E+001    -0.90764491E+004     0.37730308E+004     0.34827730E+000    -0.58319779E+000
     0.22012846E+000    -0.16109499E+001    -0.11305531E+001    -0.87481729E+004     0.36831652E+004     0.35150078E+000    -0.56204051E+000
     0.22049595E+000    -0.19619623E+001    -0.12415503E+001    -0.84193156E+004     0.36214737E+004     0.35148184E+000    -0.55221415E+000
     0.22086345E+000    -0.22871189E+001    -0.13967750E+001    -0.80935521E+004     0.35873422E+004     0.35244261E+000    -0.55331818E+000
     0.22123094E+000    -0.26438624E+001    -0.16054129E+001    -0.77736055E+004     0.35802201E+004     0.35839801E+000    -0.56443993E+000
     0.22159843E+000    -0.30605043E+001    -0.19444652E+001    -0.74620313E+004     0.36000049E+004     0.37359289E+000    -0.58351291E+000
     0.22196593E+000    -0.34869020E+001    -0.25186861E+001    -0.71618400E+004     0.36468233E+004     0.40177648E+000    -0.60650625E+000
     0.22233342E+000    -0.37874510E+001    -0.33970441E+001    -0.68767028E+004     0.37205834E+004     0.44473158E+000    -0.62754825E+000
     0.22270091E+000    -0.37749875E+001    -0.45586024E+001    -0.66108474E+004     0.38207031E+004     0.50098385E+000    -0.64045097E+000
     0.22306841E+000    -0.32748321E+001    -0.58664209E+001    -0.63691117E+004     0.39461257E+004     0.56623231E+000    -0.64142055E+000
     0.22343590E+000    -0.21969383E+001    -0.70921114E+001    -0.61574598E+004     0.40950751E+004     0.63665641E+000    -0.63060479E+000
     0.22380339E+000    -0.56581209E+000    -0.79814147E+001    -0.59834469E+004     0.42640057E+004     0.71280254E+000    -0.60936667E+000
     0.22417088E+000     0.14977257E+001    -0.82982354E+001    -0.58559982E+004     0.44458317E+004     0.79892467E+000    -0.57417029E+000
     0.22453838E+000     0.37783832E+001    -0.78331232E+001    -0.57837329E+004     0.46274792E+004     0.89578299E+000    -0.51329025E+000
     0.22490587E+000     0.59323154E+001    -0.64457144E+001    -0.57701571E+004     0.47881670E+004     0.99214154E+000    -0.41210618E+000
     0.22527336E+000     0.74980946E+001    -0.41817534E+001    -0.58063946E+004     0.49026483E+004     0.10640130E+001    -0.26538820E+000
     0.22564086E+000     0.80419282E+001    -0.13822057E+001    -0.58677097E+004     0.49516245E+004     0.10857695E+001    -0.86397590E-001
     0.22600835E+000     0.73875530E+001     0.13665699E+001    -0.59205097E+004     0.49334198E+004     0.10450451E+001     0.97049547E-001
     0.22637584E+000     0.57437626E+001     0.34650213E+001    -0.59375059E+004     0.48661230E+004     0.94848477E+000     0.25643382E+000
     0.22674334E+000     0.36226877E+001     0.45532443E+001    -0.59087942E+004     0.47767718E+004     0.81554543E+000     0.37459799E+000
     0.22711083E+000     0.16259384E+001     0.46360216E+001    -0.58401879E+004     0.46875770E+004     0.66691283E+000     0.44883216E+000
     0.22747832E+000     0.20855637E+000     0.40595465E+001    -0.57439446E+004     0.46100572E+004     0.51592888E+000     0.48483544E+000
     0.22784582E+000    -0.50955352E+000     0.33405540E+001    -0.56311465E+004     0.45469454E+004     0.36874683E+000     0.48793819E+000
     0.22821331E+000    -0.76120744E+000     0.28841460E+001    -0.55085473E+004     0.44966880E+004     0.23066221E+000     0.46021142E+000
     0.22858080E+000    -0.91639472E+000     0.27879274E+001    -0.53789107E+004     0.44574653E+004     0.10965668E+000     0.40484682E+000
     0.22894830E+000    -0.12230372E+001     0.29018615E+001    -0.52432450E+004     0.44291905E+004     0.12821151E-001     0.33007334E+000
     0.22931579E+000    -0.17337198E+001     0.30278131E+001    -0.51029913E+004     0.44134065E+004    -0.58486973E-001     0.24657375E+000
     0.22968328E+000    -0.23929628E+001     0.30373739E+001    -0.49612642E+004     0.44121017E+004    -0.10808102E+000     0.16209796E+000
     0.23005078E+000    -0.31217268E+001     0.28695188E+001    -0.48231025E+004     0.44261188E+004    -0.14030294E+000     0.79715232E-001
     0.23041827E+000    -0.38392083E+001     0.25017235E+001    -0.46946951E+004     0.44535967E+004    -0.15675983E+000     0.81379066E-003
     0.23078576E+000    -0.44643324E+001     0.19456736E+001    -0.45815600E+004     0.44888301E+004    -0.15772273E+000    -0.70988923E-001
     0.23115326E+000    -0.49316687E+001     0.12505028E+001    -0.44854861E+004     0.45224500E+004    -0.14639077E+000    -0.12987316E+000
     0.23152075E+000    -0.52137126E+001     0.48703242E+000    -0.44015892E+004     0.45445990E+004    -0.13047276E+000    -0.17213663E+000
     0.23188824E+000    -0.53217393E+001    -0.28334398E+000    -0.43189145E+004     0.45504802E+004    -0.11881636E+000    -0.19953130E+000
     0.23225574E+000    -0.52834421E+001    -0.10252437E+001    -0.42259335E+004     0.45437671E+004    -0.11721579E+000    -0.21805341E+000
     0.23262323E+000    -0.51232557E+001    -0.17231692E+001    -0.41167831E+004     0.45341357E+004    -0.12729881E+000    -0.23465775E+000
     0.23299072E+000    -0.48584025E+001    -0.23694856E+001    -0.39928830E+004     0.45312151E+004    -0.14766124E+000    -0.25510034E+000
     0.23335822E+000    -0.45027974E+001    -0.29619448E+001    -0.38596849E+004     0.45403707E+004    -0.17543164E+000    -0.28318754E+000
     0.23372571E+000    -0.40605970E+001    -0.35080018E+001    -0.37225068E+004     0.45626352E+004    -0.20765732E+000    -0.32107595E+000
     0.23409320E+000    -0.35108510E+001    -0.40102238E+001    -0.35845661E+004     0.45969103E+004    -0.24186300E+000    -0.37034805E+000
     0.23446070E+000    -0.28225779E+001    -0.44342075E+001    -0.34468978E+004     0.46417981E+004    -0.27542029E+000    -0.43286527E+000
     0.23482819E+000    -0.20006714E+001    -0.47146434E+001    -0.33085357E+004     0.46970250E+004    -0.30455729E+000    -0.51046060E+000
     0.23519568E+000    -0.10936678E+001    -0.48049535E+001    -0.31676957E+004     0.47654653E+004    -0.32428155E+000    -0.60392194E+000
     0.23556318E+000    -0.15167196E+000    -0.46955231E+001    -0.30253666E+004     0.48538885E+004    -0.32906097E+000    -0.71268099E+000
     0.23593067E+000     0.79369830E+000    -0.43854273E+001    -0.28888939E+004     0.49697403E+004    -0.31270952E+000    -0.83516964E+000
     0.23629816E+000     0.17144574E+001    -0.38688047E+001    -0.27715287E+004     0.51157526E+004    -0.26737597E+000    -0.96802076E+000
     0.23666566E+000     0.25849795E+001    -0.31409578E+001    -0.26882115E+004     0.52867947E+004    -0.18369653E+000    -0.11034955E+001
     0.23703315E+000     0.33879098E+001    -0.21831764E+001    -0.26510133E+004     0.54701663E+004    -0.53689813E-001    -0.12269026E+001
     0.23740064E+000     0.40846614E+001    -0.94345378E+000    -0.26658589E+004     0.56477056E+004     0.12414398E+000    -0.13164088E+001
     0.23776814E+000     0.45712620E+001     0.63541450E+000    -0.27303473E+004     0.57989036E+004     0.33966210E+000    -0.13464593E+001
     0.23813563E+000     0.46807784E+001     0.25534752E+001    -0.28331066E+004     0.59048828E+004     0.56800733E+000    -0.12942309E+001
     0.23850312E+000     0.42344758E+001     0.47215873E+001    -0.29549680E+004     0.59522036E+004     0.76955249E+000    -0.11481011E+001
     0.23887062E+000     0.30828170E+001     0.69747850E+001    -0.30712264E+004     0.59362031E+004     0.89446256E+000    -0.91819958E+000
     0.23923811E+000     0.11184379E+001     0.90821269E+001    -0.31559040E+004     0.58643005E+004     0.89675498E+000    -0.64633458E+000
     0.23960560E+000    -0.16962517E+001     0.10740182E+002    -0.31893615E+004     0.57563944E+004     0.75922431E+000    -0.40370296E+000
     0.23997309E+000    -0.52770147E+001     0.11593066E+002    -0.31651387E+004     0.56387093E+004     0.51386893E+000    -0.26468584E+000
     0.24034059E+000    -0.93857052E+001     0.11293738E+002    -0.30899502E+004     0.55346165E+004     0.23304505E+000    -0.26843258E+000
     0.24070808E+000    -0.13641280E+002     0.95641129E+001    -0.29782586E+004     0.54593682E+004    -0.83276409E-002    -0.40228885E+000
     0.24107557E+000    -0.17530924E+002     0.62242000E+001    -0.28470246E+004     0.54193733E+004    -0.16516328E+000    -0.62091982E+000
     0.24144307E+000    -0.20375860E+002     0.12468087E+001    -0.27117556E+004     0.54129335E+004    -0.22538804E+000    -0.87556796E+000
     0.24181056E+000    -0.21326875E+002    -0.50646628E+001    -0.25826705E+004     0.54326155E+004    -0.19663327E+000    -0.11280784E+001
     0.24217805E+000    -0.19590985E+002    -0.11833390E+002    -0.24630804E+004     0.54703233E+004    -0.96091200E-001    -0.13519488E+001
     0.24254555E+000    -0.14932720E+002    -0.17625214E+002    -0.23525189E+004     0.55219549E+004     0.53993906E-001    -0.15320252E+001
     0.24291304E+000    -0.80671624E+001    -0.20957110E+002    -0.22521983E+004     0.55872773E+004     0.23117661E+000    -0.16654032E+001
     0.24328053E+000    -0.50779864E+000    -0.20996486E+002    -0.21675378E+004     0.56653451E+004     0.41955339E+000    -0.17594560E+001
     0.24364803E+000     0.60477281E+001    -0.17919081E+002    -0.21056707E+004     0.57499621E+004     0.61437174E+000    -0.18248918E+001
     0.24401552E+000     0.10356040E+002    -0.12759035E+002    -0.20701393E+004     0.58287940E+004     0.82031996E+000    -0.18669422E+001
     0.24438301E+000     0.11990433E+002    -0.69365170E+001    -0.20561199E+004     0.58869406E+004     0.10436530E+001    -0.18806423E+001
     0.24475051E+000     0.11337226E+002    -0.16995197E+001    -0.20495408E+004     0.59138719E+004     0.12840342E+001    -0.18540005E+001
     0.24511800E+000     0.92464363E+001     0.22809188E+001    -0.20326027E+004     0.59093536E+004     0.15329209E+001    -0.17749431E+001
     0.24548549E+000     0.65365482E+001     0.49495965E+001    -0.19922640E+004     0.58821825E+004     0.17762665E+001    -0.16342260E+001
     0.24585299E+000     0.36873689E+001     0.65664025E+001    -0.19231781E+004     0.58427252E+004     0.19943122E+001    -0.14258759E+001
     0.24622048E+000     0.88570020E+000     0.73709393E+001    -0.18230618E+004     0.57980723E+004     0.21604223E+001    -0.11518006E+001
     0.24658797E+000    -0.17551783E+001     0.74933789E+001    -0.16879454E+004     0.57544023E+004     0.22460978E+001    -0.82866742E+000
     0.24695547E+000    -0.41023987E+001     0.70693361E+001    -0.15133499E+004     0.57213120E+004     0.22321953E+001    -0.48891933E+000
     0.24732296E+000    -0.60868908E+001     0.63037522E+001    -0.12985001E+004     0.57117386E+004     0.21186544E+001    -0.17218091E+000
     0.24769045E+000    -0.77765392E+001     0.53913556E+001    -0.10476952E+004     0.57383656E+004     0.19253215E+001     0.88544424E-001
     0.24805795E+000    -0.93355210E+001     0.44111190E+001    -0.76828475E+003     0.58113048E+004     0.16829257E+001     0.27753148E+000
     0.24842544E+000    -0.10923463E+002     0.32904288E+001    -0.46860246E+003     0.59384408E+004     0.14191936E+001     0.39808638E+000
     0.24879293E+000    -0.12603140E+002     0.18349081E+001    -0.15744011E+003     0.61265912E+004     0.11474055E+001     0.46403782E+000
     0.24916043E+000    -0.14271615E+002    -0.20359626E+000     0.15555148E+003     0.63822882E+004     0.86463252E+000     0.48518808E+000
     0.24952792E+000    -0.15620009E+002    -0.30143932E+001     0.45894760E+003     0.67121292E+004     0.56182461E+000     0.45617059E+000
     0.24989541E+000    -0.16173934E+002    -0.65698125E+001     0.73815823E+003     0.71222891E+004     0.23900283E+000     0.35726012E+000
     0.25026291E+000    -0.15470863E+002    -0.10500673E+002     0.97441679E+003     0.76166778E+004    -0.86121205E-001     0.16655556E+000
     0.25063040E+000    -0.13330341E+002    -0.14138671E+002     0.11453964E+004     0.81944426E+004    -0.38192659E+000    -0.12669501E+000
     0.25099789E+000    -0.10040144E+002    -0.16788763E+002     0.12274529E+004     0.88485864E+004    -0.61373085E+000    -0.51704147E+000
     0.25136539E+000    -0.62551016E+001    -0.18089744E+002     0.11975974E+004     0.95667469E+004    -0.75279832E+000    -0.98639950E+000
     0.25173288E+000    -0.26375209E+001    -0.18154693E+002     0.10328344E+004     0.10332634E+005    -0.77918043E+000    -0.15111108E+001
     0.25210037E+000     0.43569064E+000    -0.17382238E+002     0.70697735E+003     0.11124255E+005    -0.67836938E+000    -0.20670073E+001
     0.25246787E+000     0.28986205E+001    -0.16190801E+002     0.18966832E+003     0.11905917E+005    -0.43577128E+000    -0.26276194E+001
     0.25283536E+000     0.48963966E+001    -0.14878027E+002    -0.54466884E+003     0.12616890E+005    -0.37317788E-001    -0.31559936E+001
     0.25320285E+000     0.66852366E+001    -0.13541093E+002    -0.14942274E+004     0.13168301E+005     0.51920596E+000    -0.35994768E+001
     0.25357035E+000     0.84697151E+001    -0.12030855E+002    -0.26035332E+004     0.13462761E+005     0.12088104E+001    -0.38974130E+001
     0.25393784E+000     0.10207517E+002    -0.10068541E+002    -0.37579985E+004     0.13437276E+005     0.19730821E+001    -0.40019787E+001
     0.25430533E+000     0.11595532E+002    -0.75097802E+001    -0.48176414E+004     0.13103072E+005     0.27327367E+001    -0.39008569E+001
     0.25467283E+000     0.12294345E+002    -0.44918777E+001    -0.56742797E+004     0.12546917E+005     0.34154968E+001    -0.36244774E+001
     0.25504032E+000     0.12139980E+002    -0.13231409E+001    -0.62903225E+004     0.11889487E+005     0.39806412E+001    -0.32302281E+001
     0.25540781E+000     0.11149771E+002     0.17018361E+001    -0.66949992E+004     0.11233872E+005     0.44238756E+001    -0.27761321E+001
     0.25577530E+000     0.94179473E+001     0.43662823E+001    -0.69516090E+004     0.10637164E+005     0.47646437E+001    -0.23022621E+001
     0.25614280E+000     0.70582493E+001     0.64941969E+001    -0.71229373E+004     0.10111075E+005     0.50288476E+001    -0.18265836E+001
     0.25651029E+000     0.42227011E+001     0.79186794E+001    -0.72507167E+004     0.96394450E+004     0.52367241E+001    -0.13508859E+001
     0.25687778E+000     0.11352079E+001     0.85098967E+001    -0.73514318E+004     0.91988512E+004     0.53983347E+001    -0.86979661E+000
     0.25724528E+000    -0.19273350E+001     0.82370946E+001    -0.74238085E+004     0.87733823E+004     0.55148582E+001    -0.37835484E+000
     0.25761277E+000    -0.47124533E+001     0.71908938E+001    -0.74609095E+004     0.83595861E+004     0.55832111E+001     0.12388831E+000
     0.25798026E+000    -0.70574253E+001     0.55290147E+001    -0.74593804E+004     0.79626509E+004     0.56013078E+001     0.63318162E+000
     0.25834776E+000    -0.88799393E+001     0.33988548E+001    -0.74218087E+004     0.75896685E+004     0.55708431E+001     0.11456191E+001
     0.25871525E+000    -0.10117606E+002     0.91189581E+000    -0.73543832E+004     0.72457265E+004     0.54953992E+001     0.16619795E+001
     0.25908274E+000    -0.10684885E+002    -0.18185213E+001    -0.72645153E+004     0.69334943E+004     0.53746484E+001     0.21892526E+001
     0.25945024E+000    -0.10489471E+002    -0.46202423E+001    -0.71601441E+004     0.66535990E+004     0.51985678E+001     0.27368008E+001
     0.25981773E+000    -0.94999352E+001    -0.72454432E+001    -0.70494599E+004     0.64041656E+004     0.49455309E+001     0.33087903E+001
     0.26018522E+000    -0.78073461E+001    -0.94232562E+001    -0.69396619E+004     0.61800438E+004     0.45856431E+001     0.38964370E+001
     0.26055272E+000    -0.56246212E+001    -0.10946224E+002    -0.68346319E+004     0.59731153E+004     0.40877518E+001     0.44731559E+001
     0.26092021E+000    -0.32261924E+001    -0.11729346E+002    -0.67328562E+004     0.57747934E+004     0.34274562E+001     0.49923301E+001
     0.26128770E+000    -0.86917725E+000    -0.11815014E+002    -0.66278299E+004     0.55800810E+004     0.25982908E+001     0.53857068E+001
     0.26165520E+000     0.12662423E+001    -0.11329638E+002    -0.65117849E+004     0.53903837E+004     0.16310946E+001     0.55694052E+001
     0.26202269E+000     0.30907546E+001    -0.10417894E+002    -0.63804796E+004     0.52125838E+004     0.61115573E+000     0.54719556E+001
     0.26239018E+000     0.45742331E+001    -0.91946092E+001    -0.62356606E+004     0.50550835E+004    -0.33491454E+000     0.50777745E+001
     0.26275768E+000     0.56998732E+001    -0.77387590E+001    -0.60841450E+004     0.49237819E+004    -0.10892827E+001     0.44473052E+001
     0.26312517E+000     0.64402815E+001    -0.61198190E+001    -0.59350181E+004     0.48200449E+004    -0.15909290E+001     0.36889223E+001
     0.26349266E+000     0.67673224E+001    -0.44233399E+001    -0.57968370E+004     0.47407591E+004    -0.18427912E+001     0.29094402E+001
     0.26386016E+000     0.66739609E+001    -0.27514772E+001    -0.56757656E+004     0.46795286E+004    -0.18858327E+001     0.21843693E+001
     0.26422765E+000     0.61819737E+001    -0.12086618E+001    -0.55745894E+004     0.46281902E+004    -0.17716090E+001     0.15565073E+001
     0.26459514E+000     0.53390909E+001     0.10598621E+000    -0.54922760E+004     0.45784462E+004    -0.15491153E+001     0.10463866E+001
     0.26496264E+000     0.42223945E+001     0.11019242E+001    -0.54241395E+004     0.45237942E+004    -0.12622713E+001     0.66073518E+000
     0.26533013E+000     0.29443926E+001     0.17123464E+001    -0.53632269E+004     0.44615684E+004    -0.95038566E+000     0.39606029E+000
     0.26569762E+000     0.16417207E+001     0.19186826E+001    -0.53032768E+004     0.43938535E+004    -0.64760218E+000     0.23949474E+000
     0.26606512E+000     0.44335378E+000     0.17598713E+001    -0.52419116E+004     0.43258287E+004    -0.38047631E+000     0.16961457E+000
     0.26643261E+000    -0.55669933E+000     0.13146884E+001    -0.51816712E+004     0.42620899E+004    -0.16476728E+000     0.15923218E+000
     0.26680010E+000    -0.13035295E+001     0.67669167E+000    -0.51280945E+004     0.42033994E+004    -0.37150152E-002     0.18066623E+000
     0.26716760E+000    -0.17733682E+001    -0.57544008E-001    -0.50862723E+004     0.41457126E+004     0.11010696E+000     0.21180159E+000
     0.26753509E+000    -0.19719859E+001    -0.79065119E+000    -0.50577628E+004     0.40815977E+004     0.18939614E+000     0.23982737E+000
     0.26790258E+000    -0.19403692E+001    -0.14327225E+001    -0.50390869E+004     0.40031856E+004     0.24598631E+000     0.26053671E+000
     0.26827008E+000    -0.17535289E+001    -0.19204828E+001    -0.50223611E+004     0.39054419E+004     0.28748082E+000     0.27435141E+000
     0.26863757E+000    -0.15022824E+001    -0.22347186E+001    -0.49978725E+004     0.37883224E+004     0.31747744E+000     0.28240778E+000
     0.26900506E+000    -0.12663084E+001    -0.24006957E+001    -0.49573505E+004     0.36567859E+004     0.33743241E+000     0.28468095E+000
     0.26937256E+000    -0.10946623E+001    -0.24726441E+001    -0.48963527E+004     0.35188848E+004     0.34826705E+000     0.27970035E+000
     0.26974005E+000    -0.99881831E+000    -0.25131028E+001    -0.48149324E+004     0.33830718E+004     0.35139855E+000     0.26472591E+000
     0.27010754E+000    -0.95626180E+000    -0.25729560E+001    -0.47166863E+004     0.32559178E+004     0.34971067E+000     0.23607227E+000
     0.27047503E+000    -0.92361893E+000    -0.26764659E+001    -0.46069133E+004     0.31410167E+004     0.34859448E+000     0.18998617E+000
     0.27084253E+000    -0.85495952E+000    -0.28161144E+001    -0.44908735E+004     0.30391597E+004     0.35662443E+000     0.12436874E+000
     0.27121002E+000    -0.71900769E+000    -0.29571465E+001    -0.43727763E+004     0.29491719E+004     0.38517038E+000     0.41399593E-001
     0.27157751E+000    -0.51245466E+000    -0.30497083E+001    -0.42554005E+004     0.28687520E+004     0.44562965E+000    -0.49566353E-001
     0.27194501E+000    -0.26573251E+000    -0.30484731E+001    -0.41399652E+004     0.27951886E+004     0.54359293E+000    -0.13160990E+000
     0.27231250E+000    -0.33922166E-001    -0.29344410E+001    -0.40262224E+004     0.27261194E+004     0.67326984E+000    -0.18565181E+000
     0.27267999E+000     0.12668130E+000    -0.27245679E+001    -0.39129768E+004     0.26602075E+004     0.81832914E+000    -0.19957515E+000
     0.27304749E+000     0.18041873E+000    -0.24612638E+001    -0.37989393E+004     0.25973489E+004     0.95997575E+000    -0.17334186E+000
     0.27341498E+000     0.11783983E+000    -0.21928881E+001    -0.36834495E+004     0.25382798E+004     0.10853368E+001    -0.11600646E+000
     0.27378247E+000    -0.51697684E-001    -0.19611374E+001    -0.35667002E+004     0.24838971E+004     0.11900498E+001    -0.38645324E-001
     0.27414997E+000    -0.30850226E+000    -0.17983671E+001    -0.34494936E+004     0.24347248E+004     0.12754958E+001     0.50897628E-001
     0.27451746E+000    -0.62646952E+000    -0.17288451E+001    -0.33328224E+004     0.23907282E+004     0.13444672E+001     0.14934076E+000
     0.27488495E+000    -0.97376946E+000    -0.17687155E+001    -0.32175427E+004     0.23513988E+004     0.13980014E+001     0.25640585E+000
     0.27525245E+000    -0.13141844E+001    -0.19234190E+001    -0.31042089E+004     0.23159254E+004     0.14343908E+001     0.37203086E+000
     0.27561994E+000    -0.16116708E+001    -0.21853885E+001    -0.29930055E+004     0.22833523E+004     0.14505055E+001     0.49401775E+000
     0.27598743E+000    -0.18362894E+001    -0.25354968E+001    -0.28837097E+004     0.22527263E+004     0.14443955E+001     0.61776177E+000
     0.27635493E+000    -0.19676734E+001    -0.29477541E+001    -0.27756824E+004     0.22232808E+004     0.14168682E+001     0.73837447E+000
     0.27672242E+000    -0.19949767E+001    -0.33942097E+001    -0.26679689E+004     0.21946751E+004     0.13702894E+001     0.85317960E+000
     0.27708991E+000    -0.19143056E+001    -0.38479986E+001    -0.25595973E+004     0.21671641E+004     0.13056016E+001     0.96174779E+000
     0.27745741E+000    -0.17255226E+001    -0.42827194E+001    -0.24499728E+004     0.21414986E+004     0.12208189E+001     0.10630209E+001
     0.27782490E+000    -0.14332016E+001    -0.46685436E+001    -0.23390847E+004     0.21185538E+004     0.11129083E+001     0.11523949E+001
     0.27819239E+000    -0.10540941E+001    -0.49723713E+001    -0.22273820E+004     0.20989504E+004     0.98131478E+000     0.12217169E+001
     0.27855989E+000    -0.62248882E+000    -0.51682786E+001    -0.21154697E+004     0.20829152E+004     0.82984342E+000     0.12619090E+001
     0.27892738E+000    -0.18294673E+000    -0.52505447E+001    -0.20038777E+004     0.20703692E+004     0.66598048E+000     0.12652380E+001
     0.27929487E+000     0.22532415E+000    -0.52357181E+001    -0.18929952E+004     0.20610675E+004     0.50022988E+000     0.12257116E+001
     0.27966237E+000     0.57887915E+000    -0.51531572E+001    -0.17830828E+004     0.20546611E+004     0.34719968E+000     0.11402944E+001
     0.28002986E+000     0.87075177E+000    -0.50343408E+001    -0.16742507E+004     0.20507050E+004     0.22500794E+000     0.10132433E+001
     0.28039735E+000     0.11069089E+001    -0.49066381E+001    -0.15663881E+004     0.20486979E+004     0.14918488E+000     0.85945965E+000
     0.28076485E+000     0.13028150E+001    -0.47899763E+001    -0.14591060E+004     0.20481973E+004     0.12471124E+000     0.70080410E+000
     0.28113234E+000     0.14801707E+001    -0.46939332E+001    -0.13517632E+004     0.20489827E+004     0.14402934E+000     0.55685112E+000
     0.28149983E+000     0.16619349E+001    -0.46148609E+001    -0.12436035E+004     0.20511912E+004     0.19280935E+000     0.43798843E+000
     0.28186733E+000     0.18642306E+001    -0.45356786E+001    -0.11339632E+004     0.20553473E+004     0.25759636E+000     0.34549361E+000
     0.28223482E+000     0.20880392E+001    -0.44323059E+001    -0.10224576E+004     0.20622637E+004     0.32961375E+000     0.27597011E+000
     0.28260231E+000     0.23175866E+001    -0.42858377E+001    -0.90907850E+003     0.20728590E+004     0.40440738E+000     0.22535261E+000
     0.28296981E+000     0.25286944E+001    -0.40925608E+001    -0.79417606E+003     0.20879559E+004     0.48004340E+000     0.19071319E+000
     0.28333730E+000     0.27014753E+001    -0.38643385E+001    -0.67832855E+003     0.21081260E+004     0.55548316E+000     0.17066234E+000
     0.28370479E+000     0.28282102E+001    -0.36202799E+001    -0.56214724E+003     0.21336506E+004     0.62925306E+000     0.16497277E+000
     0.28407229E+000     0.29126625E+001    -0.33770297E+001    -0.44611612E+003     0.21646145E+004     0.69869387E+000     0.17340692E+000
     0.28443978E+000     0.29639486E+001    -0.31436917E+001    -0.33054771E+003     0.22010620E+004     0.76047719E+000     0.19431129E+000
     0.28480727E+000     0.29901247E+001    -0.29226119E+001    -0.21564821E+003     0.22431080E+004     0.81220983E+000     0.22426370E+000
     0.28517477E+000     0.29953010E+001    -0.27138216E+001    -0.10160504E+003     0.22909515E+004     0.85368879E+000     0.25933375E+000
     0.28554226E+000     0.29814361E+001    -0.25190734E+001     0.11395767E+002     0.23448308E+004     0.88654583E+000     0.29689987E+000
     0.28590975E+000     0.29522081E+001    -0.23418907E+001     0.12323641E+003     0.24050300E+004     0.91257709E+000     0.33642497E+000
     0.28627724E+000     0.29143587E+001    -0.21840514E+001     0.23391856E+003     0.24720159E+004     0.93216364E+000     0.37864878E+000
     0.28664474E+000     0.28747999E+001    -0.20428576E+001     0.34345385E+003     0.25466491E+004     0.94388344E+000     0.42393923E+000
     0.28701223E+000     0.28366248E+001    -0.19125431E+001     0.45155666E+003     0.26302944E+004     0.94542250E+000     0.47092684E+000
     0.28737972E+000     0.27982368E+001    -0.17885162E+001     0.55727482E+003     0.27246872E+004     0.93518301E+000     0.51615507E+000
     0.28774722E+000     0.27563056E+001    -0.16703539E+001     0.65874613E+003     0.28315771E+004     0.91378313E+000     0.55492757E+000
     0.28811471E+000     0.27095959E+001    -0.15612724E+001     0.75318074E+003     0.29522793E+004     0.88468136E+000     0.58306405E+000
     0.28848220E+000     0.26608382E+001    -0.14653355E+001     0.83706979E+003     0.30872661E+004     0.85342520E+000     0.59877454E+000
     0.28884970E+000     0.26164485E+001    -0.13846231E+001     0.90656774E+003     0.32359023E+004     0.82574997E+000     0.60359777E+000
     0.28921719E+000     0.25850579E+001    -0.13170253E+001     0.95796147E+003     0.33963973E+004     0.80553934E+000     0.60183770E+000
     0.28958468E+000     0.25748720E+001    -0.12546544E+001     0.98809563E+003     0.35660100E+004     0.79372395E+000     0.59890816E+000
     0.28995218E+000     0.25897260E+001    -0.11839221E+001     0.99459436E+003     0.37414575E+004     0.78846839E+000     0.59960074E+000
     0.29031967E+000     0.26252593E+001    -0.10885371E+001     0.97575641E+003     0.39193637E+004     0.78614818E+000     0.60710457E+000
     0.29068716E+000     0.26675715E+001    -0.95495715E+000     0.93011519E+003     0.40965016E+004     0.78224333E+000     0.62289296E+000
     0.29105466E+000     0.26956973E+001    -0.77804095E+000     0.85584326E+003     0.42695542E+004     0.77157205E+000     0.64683713E+000
     0.29142215E+000     0.26872791E+001    -0.56427274E+000     0.75042791E+003     0.44342697E+004     0.74815862E+000     0.67663798E+000
     0.29178964E+000     0.26251605E+001    -0.33102593E+000     0.61113435E+003     0.45842696E+004     0.70591219E+000     0.70633451E+000
     0.29215714E+000     0.25022479E+001    -0.10233659E+000     0.43649584E+003     0.47101615E+004     0.64125171E+000     0.72502058E+000
     0.29252463E+000     0.23233102E+001     0.96819639E-001     0.22858986E+003     0.47997092E+004     0.55743456E+000     0.71793440E+000
     0.29289212E+000     0.21040721E+001     0.24608571E+000    -0.46420627E+001     0.48396604E+004     0.46812353E+000     0.67165244E+000
     0.29325962E+000     0.18680170E+001     0.33451042E+000    -0.24828627E+003     0.48193367E+004     0.39609435E+000     0.58237247E+000
     0.29362711E+000     0.16408440E+001     0.36353272E+000    -0.48198346E+003     0.47350073E+004     0.36470561E+000     0.46199887E+000
     0.29399460E+000     0.14436984E+001     0.34650321E+000    -0.68452132E+003     0.45927935E+004     0.38600125E+000     0.33557417E+000
     0.29436210E+000     0.12877044E+001     0.30435718E+000    -0.83973562E+003     0.44078611E+004     0.45446590E+000     0.22987352E+000
     0.29472959E+000     0.11719498E+001     0.25903759E+000    -0.94050285E+003     0.41998925E+004     0.55156783E+000     0.16156510E+000
     0.29509708E+000     0.10854574E+001     0.22719576E+000    -0.98883905E+003     0.39874374E+004     0.65634590E+000     0.13341849E+000
     0.29546458E+000     0.10120410E+001     0.21631263E+000    -0.99287464E+003     0.37840351E+004     0.75339212E+000     0.13858579E+000
     0.29583207E+000     0.93610849E+000     0.22419367E+000    -0.96295635E+003     0.35971504E+004     0.83471558E+000     0.16696103E+000
     0.29619956E+000     0.84746708E+000     0.24166140E+000    -0.90862786E+003     0.34292152E+004     0.89785996E+000     0.20915446E+000
     0.29656706E+000     0.74347644E+000     0.25730904E+000    -0.83707546E+003     0.32795628E+004     0.94359658E+000     0.25777517E+000
     0.29693455E+000     0.62780746E+000     0.26217107E+000    -0.75287278E+003     0.31463348E+004     0.97446519E+000     0.30755442E+000
     0.29730204E+000     0.50686812E+000     0.25206149E+000    -0.65859298E+003     0.30278428E+004     0.99385562E+000     0.35532638E+000
     0.29766954E+000     0.38631596E+000     0.22691054E+000    -0.55577648E+003     0.29231710E+004     0.10051370E+001     0.39993316E+000
     0.29803703E+000     0.26952183E+000     0.18847777E+000    -0.44577181E+003     0.28321086E+004     0.10108151E+001     0.44178479E+000
     0.29840452E+000     0.15798479E+000     0.13840279E+000    -0.33017505E+003     0.27547320E+004     0.10120168E+001     0.48204693E+000
     0.29877202E+000     0.52469117E-001     0.77465688E-001    -0.21086708E+003     0.26909664E+004     0.10084813E+001     0.52173391E+000
     0.29913951E+000    -0.46098661E-001     0.57102759E-002    -0.89803127E+002     0.26403196E+004     0.99896746E+000     0.56097876E+000
     0.29950700E+000    -0.13612875E+000    -0.77115624E-001     0.31274509E+002     0.26018355E+004     0.98192770E+000     0.59856103E+000
     0.29987450E+000    -0.21517336E+000    -0.17098130E+000     0.15106903E+003     0.25742308E+004     0.95643173E+000     0.63176165E+000
     0.30024199E+000    -0.28007467E+000    -0.27496037E+000     0.26883356E+003     0.25561279E+004     0.92324154E+000     0.65682123E+000
     0.30060948E+000    -0.32740558E+000    -0.38675337E+000     0.38434548E+003     0.25462909E+004     0.88550808E+000     0.67021632E+000
     0.30097698E+000    -0.35412701E+000    -0.50235949E+000     0.49779457E+003     0.25438179E+004     0.84837154E+000     0.67031483E+000
     0.30134447E+000    -0.35861494E+000    -0.61600630E+000     0.60961147E+003     0.25482884E+004     0.81741309E+000     0.65835767E+000
     0.30171196E+000    -0.34197475E+000    -0.72089994E+000     0.72022680E+003     0.25598498E+004     0.79690245E+000     0.63808486E+000
     0.30207945E+000    -0.30871125E+000    -0.81115972E+000     0.82977698E+003     0.25791852E+004     0.78891421E+000     0.61443406E+000
     0.30244695E+000    -0.26564321E+000    -0.88407265E+000     0.93784235E+003     0.26073220E+004     0.79350402E+000     0.59233927E+000
     0.30281444E+000    -0.21924156E+000    -0.94094947E+000     0.10433147E+004     0.26453314E+004     0.80929446E+000     0.57622879E+000
     0.30318193E+000    -0.17310190E+000    -0.98570338E+000     0.11444168E+004     0.26940193E+004     0.83377272E+000     0.57002190E+000
     0.30354943E+000    -0.12729182E+000    -0.10220999E+001     0.12388225E+004     0.27536707E+004     0.86315463E+000     0.57703034E+000
     0.30391692E+000    -0.79793984E-001    -0.10515680E+001     0.13238328E+004     0.28238430E+004     0.89222214E+000     0.59938676E+000
     0.30428441E+000    -0.28812039E-001    -0.10727389E+001     0.13966128E+004     0.29031882E+004     0.91465859E+000     0.63714832E+000
     0.30465191E+000     0.25452673E-001    -0.10825408E+001     0.14545254E+004     0.29893330E+004     0.92407915E+000     0.68758909E+000
     0.30501940E+000     0.80214981E-001    -0.10779898E+001     0.14955606E+004     0.30788896E+004     0.91552061E+000     0.74519137E+000
     0.30538689E+000     0.13071542E+000    -0.10578480E+001     0.15187965E+004     0.31676814E+004     0.88684352E+000     0.80259972E+000
     0.30575439E+000     0.17166929E+000    -0.10235353E+001     0.15247591E+004     0.32512192E+004     0.83934089E+000     0.85237131E+000
     0.30612188E+000     0.19894339E+000    -0.97896962E+000     0.15155167E+004     0.33253749E+004     0.77707295E+000     0.88876421E+000
     0.30648937E+000     0.21076229E+000    -0.92943551E+000     0.14943788E+004     0.33870670E+004     0.70525105E+000     0.90854498E+000
     0.30685687E+000     0.20796519E+000    -0.87999616E+000     0.14652304E+004     0.34346788E+004     0.62880364E+000     0.91043831E+000
     0.30722436E+000     0.19326816E+000    -0.83412886E+000     0.14317503E+004     0.34680014E+004     0.55211045E+000     0.89400435E+000
     0.30759185E+000     0.16989590E+000    -0.79312366E+000     0.13968668E+004     0.34877279E+004     0.47972914E+000     0.85921146E+000
     0.30795935E+000     0.14018564E+000    -0.75646887E+000     0.13626942E+004     0.34947756E+004     0.41692996E+000     0.80716375E+000
     0.30832684E+000     0.10482326E+000    -0.72303160E+000     0.13309445E+004     0.34898197E+004     0.36907982E+000     0.74118396E+000
     0.30869433E+000     0.63122974E-001    -0.69237972E+000     0.13035254E+004     0.34733334E+004     0.34006884E+000     0.66705152E+000
     0.30906183E+000     0.14131222E-001    -0.66541860E+000     0.12828670E+004     0.34461448E+004     0.33084349E+000     0.59190625E+000
     0.30942932E+000    -0.42272031E-001    -0.64396785E+000     0.12716214E+004     0.34101296E+004     0.33903231E+000     0.52233833E+000
     0.30979681E+000    -0.10508354E+000    -0.62972061E+000     0.12718057E+004     0.33684698E+004     0.35989773E+000     0.46269162E+000
     0.31016431E+000    -0.17280636E+000    -0.62347773E+000     0.12839177E+004     0.33251466E+004     0.38805483E+000     0.41439053E+000
     0.31053180E+000    -0.24437329E+000    -0.62522236E+000     0.13066367E+004     0.32838931E+004     0.41906838E+000     0.37643384E+000
     0.31089929E+000    -0.31961436E+000    -0.63487611E+000     0.13373113E+004     0.32472159E+004     0.45028342E+000     0.34658409E+000
     0.31126679E+000    -0.39897822E+000    -0.65312497E+000     0.13729134E+004     0.32159999E+004     0.48078065E+000     0.32257669E+000
     0.31163428E+000    -0.48275549E+000    -0.68179178E+000     0.14109170E+004     0.31897894E+004     0.51078089E+000     0.30289205E+000
     0.31200177E+000    -0.57025075E+000    -0.72362225E+000     0.14497135E+004     0.31674379E+004     0.54091630E+000     0.28701551E+000
     0.31236927E+000    -0.65920810E+000    -0.78162679E+000     0.14885415E+004     0.31477009E+004     0.57160386E+000     0.27533636E+000
     0.31273676E+000    -0.74564206E+000    -0.85814107E+000     0.15271959E+004     0.31295252E+004     0.60257694E+000     0.26881536E+000
     0.31310425E+000    -0.82424630E+000    -0.95378516E+000     0.15657984E+004     0.31120949E+004     0.63262100E+000     0.26846841E+000
     0.31347175E+000    -0.88951818E+000    -0.10667252E+001     0.16046920E+004     0.30948328E+004     0.65960918E+000     0.27475067E+000
     0.31383924E+000    -0.93733983E+000    -0.11928429E+001     0.16443448E+004     0.30774413E+004     0.68087884E+000     0.28701627E+000
     0.31420673E+000    -0.96616092E+000    -0.13271006E+001     0.16851985E+004     0.30598980E+004     0.69386865E+000     0.30322400E+000
     0.31457423E+000    -0.97682694E+000    -0.14655008E+001     0.17275474E+004     0.30423340E+004     0.69688417E+000     0.31998541E+000
     0.31494172E+000    -0.97091926E+000    -0.16063226E+001     0.17715621E+004     0.30248651E+004     0.68984566E+000     0.33302990E+000
     0.31530921E+000    -0.94866961E+000    -0.17496252E+001     0.18174472E+004     0.30075314E+004     0.67476489E+000     0.33813176E+000
     0.31567671E+000    -0.90801233E+000    -0.18952461E+001     0.18655804E+004     0.29904232E+004     0.65558935E+000     0.33231768E+000
     0.31604420E+000    -0.84558688E+000    -0.20407518E+001     0.19164745E+004     0.29739102E+004     0.63724469E+000     0.31482251E+000
     0.31641169E+000    -0.75899242E+000    -0.21809022E+001     0.19705241E+004     0.29587837E+004     0.62424006E+000     0.28721392E+000
     0.31677918E+000    -0.64862963E+000    -0.23089745E+001     0.20276734E+004     0.29461544E+004     0.61958834E+000     0.25261281E+000
     0.31714668E+000    -0.51796615E+000    -0.24188380E+001     0.20872219E+004     0.29371049E+004     0.62454401E+000     0.21456976E+000
     0.31751417E+000    -0.37247013E+000    -0.25063719E+001     0.21479179E+004     0.29322634E+004     0.63901521E+000     0.17626213E+000
     0.31788166E+000    -0.21829606E+000    -0.25697740E+001     0.22083253E+004     0.29315214E+004     0.66213714E+000     0.14024057E+000
     0.31824916E+000    -0.61424425E-001    -0.26092849E+001     0.22673089E+004     0.29340452E+004     0.69262974E+000     0.10851775E+000
     0.31861665E+000     0.92854622E-001    -0.26268927E+001     0.23244161E+004     0.29386031E+004     0.72888541E+000     0.82688266E-001
     0.31898414E+000     0.24043731E+000    -0.26260342E+001     0.23799642E+004     0.29440768E+004     0.76893854E+000     0.63899151E-001
     0.31935164E+000     0.37885676E+000    -0.26110926E+001     0.24347609E+004     0.29499101E+004     0.81050755E+000     0.52671140E-001
     0.31971913E+000     0.50750162E+000    -0.25867404E+001     0.24895943E+004     0.29562479E+004     0.85121893E+000     0.48702087E-001
     0.32008662E+000     0.62762830E+000    -0.25572830E+001     0.25447781E+004     0.29636841E+004     0.88898506E+000     0.50816555E-001
     0.32045412E+000     0.74224186E+000    -0.25259337E+001     0.26000089E+004     0.29727772E+004     0.92239618E+000     0.57150936E-001
     0.32082161E+000     0.85560839E+000    -0.24939325E+001     0.26545976E+004     0.29836175E+004     0.95096681E+000     0.65540181E-001
     0.32118910E+000     0.97207337E+000    -0.24598875E+001     0.27079264E+004     0.29956751E+004     0.97514406E+000     0.73979650E-001
     0.32155660E+000     0.10944269E+001    -0.24200560E+001     0.27598896E+004     0.30079984E+004     0.99608440E+000     0.81017931E-001
     0.32192409E+000     0.12227714E+001    -0.23698285E+001     0.28110914E+004     0.30196615E+004     0.10152759E+001     0.85977577E-001
     0.32229158E+000     0.13548180E+001    -0.23056697E+001     0.28626965E+004     0.30302356E+004     0.10341127E+001     0.88954296E-001
     0.32265908E+000     0.14875551E+001    -0.22261751E+001     0.29160141E+004     0.30400435E+004     0.10535414E+001     0.90596597E-001
     0.32302657E+000     0.16190936E+001    -0.21314298E+001     0.29720407E+004     0.30500884E+004     0.10738945E+001     0.91735143E-001
     0.32339406E+000     0.17492893E+001    -0.20211344E+001     0.30311815E+004     0.30617462E+004     0.10949694E+001     0.92998778E-001
     0.32376156E+000     0.18786226E+001    -0.18928512E+001     0.30932175E+004     0.30764170E+004     0.11163091E+001     0.94568075E-001
     0.32412905E+000     0.20059624E+001    -0.17415946E+001     0.31574359E+004     0.30952805E+004     0.11375564E+001     0.96155944E-001
     0.32449654E+000     0.21264355E+001    -0.15611870E+001     0.32228037E+004     0.31191831E+004     0.11587252E+001     0.97200661E-001
     0.32486404E+000     0.22305527E+001    -0.13469219E+001     0.32881117E+004     0.31486096E+004     0.11802887E+001     0.97162102E-001
     0.32523153E+000     0.23051959E+001    -0.10984632E+001     0.33520817E+004     0.31836854E+004     0.12030868E+001     0.95785330E-001
     0.32559902E+000     0.23362533E+001    -0.82176426E+000     0.34134537E+004     0.32241828E+004     0.12281329E+001     0.93257582E-001
     0.32596652E+000     0.23119718E+001    -0.52922416E+000     0.34710781E+004     0.32695309E+004     0.12563904E+001     0.90263494E-001
     0.32633401E+000     0.22258965E+001    -0.23807953E+000     0.35240255E+004     0.33188444E+004     0.12885369E+001     0.87949018E-001
     0.32670150E+000     0.20786167E+001     0.32369277E-001     0.35717084E+004     0.33710042E+004     0.13247424E+001     0.87765903E-001
     0.32706900E+000     0.18780445E+001     0.26393272E+000     0.36139770E+004     0.34248121E+004     0.13645520E+001     0.91196534E-001
     0.32743649E+000     0.16383048E+001     0.44243438E+000     0.36511272E+004     0.34792069E+004     0.14069451E+001     0.99453938E-001
     0.32780398E+000     0.13775346E+001     0.55980371E+000     0.36837752E+004     0.35334734E+004     0.14505361E+001     0.11328335E+000
     0.32817148E+000     0.11150744E+001     0.61498888E+000     0.37126252E+004     0.35873446E+004     0.14938017E+001     0.13290413E+000
     0.32853897E+000     0.86865940E+000     0.61357381E+000     0.37382292E+004     0.36409485E+004     0.15352639E+001     0.15803557E+000
     0.32890646E+000     0.65220308E+000     0.56630192E+000     0.37608461E+004     0.36946442E+004     0.15736375E+001     0.18795416E+000
     0.32927396E+000     0.47456310E+000     0.48698437E+000     0.37804272E+004     0.37488598E+004     0.16079632E+001     0.22158910E+000
     0.32964145E+000     0.33934265E+000     0.39037553E+000     0.37966545E+004     0.38040068E+004     0.16376960E+001     0.25767159E+000
     0.33000894E+000     0.24545905E+000     0.29047633E+000     0.38089399E+004     0.38604487E+004     0.16627067E+001     0.29489966E+000
     0.33037644E+000     0.18804710E+000     0.19944422E+000     0.38163638E+004     0.39184338E+004     0.16832131E+001     0.33204780E+000
     0.33074393E+000     0.15931239E+000     0.12698954E+000     0.38176228E+004     0.39779297E+004     0.16997165E+001     0.36799518E+000
     0.33111142E+000     0.14916587E+000     0.79940877E-001     0.38110812E+004     0.40383792E+004     0.17130109E+001     0.40172948E+000
     0.33147892E+000     0.14578389E+000     0.61652088E-001     0.37949765E+004     0.40984628E+004     0.17242491E+001     0.43241759E+000
     0.33184641E+000     0.13650740E+000     0.71174856E-001     0.37677618E+004     0.41559616E+004     0.17349777E+001     0.45958975E+000
     0.33221390E+000     0.10947843E+000     0.10257522E+000     0.37285251E+004     0.42077846E+004     0.17470366E+001     0.48339750E+000
     0.33258139E+000     0.55969904E-001     0.14511160E+000     0.36774074E+004     0.42501937E+004     0.17622666E+001     0.50483166E+000
     0.33294889E+000    -0.27280615E-001     0.18484642E+000     0.36159253E+004     0.42792282E+004     0.17820627E+001     0.52575729E+000
     0.33331638E+000    -0.13678162E+000     0.20760593E+000     0.35470985E+004     0.42912874E+004     0.18069144E+001     0.54866630E+000
     0.33368387E+000    -0.26284093E+000     0.20242693E+000     0.34752986E+004     0.42837692E+004     0.18361303E+001     0.57616754E+000
     0.33405137E+000    -0.39199660E+000     0.16423262E+000     0.34057964E+004     0.42556158E+004     0.18678949E+001     0.61037503E+000
     0.33441886E+000    -0.51050396E+000     0.94723532E-001     0.33440773E+004     0.42076066E+004     0.18996626E+001     0.65242737E+000
     0.33478635E+000    -0.60759238E+000     0.12465226E-002     0.32950850E+004     0.41423037E+004     0.19287318E+001     0.70231737E+000
     0.33515385E+000    -0.67740420E+000    -0.10572244E+000     0.32625845E+004     0.40636591E+004     0.19527653E+001     0.75905572E+000
     0.33552134E+000    -0.71923954E+000    -0.21538852E+000     0.32487947E+004     0.39764047E+004     0.19700854E+001     0.82103465E+000
     0.33588883E+000    -0.73647083E+000    -0.31880133E+000     0.32543370E+004     0.38853981E+004     0.19797172E+001     0.88639959E+000
     0.33625633E+000    -0.73485031E+000    -0.40995435E+000     0.32784496E+004     0.37950758E+004     0.19812763E+001     0.95329682E+000
     0.33662382E+000    -0.72086848E+000    -0.48590054E+000     0.33193554E+004     0.37090992E+004     0.19748364E+001     0.10199797E+001
     0.33699131E+000    -0.70054702E+000    -0.54622244E+000     0.33746695E+004     0.36302053E+004     0.19608567E+001     0.10848414E+001
     0.33735881E+000    -0.67877805E+000    -0.59223264E+000     0.34417595E+004     0.35602192E+004     0.19401715E+001     0.11464606E+001
     0.33772630E+000    -0.65913610E+000    -0.62619952E+000     0.35180168E+004     0.35001693E+004     0.19139864E+001     0.12037040E+001
     0.33809379E+000    -0.64399326E+000    -0.65076938E+000     0.36010320E+004     0.34504467E+004     0.18838186E+001     0.12558795E+001
     0.33846129E+000    -0.63475073E+000    -0.66862626E+000     0.36886913E+004     0.34109684E+004     0.18513397E+001     0.13028863E+001
     0.33882878E+000    -0.63204945E+000    -0.68232942E+000     0.37792158E+004     0.33813236E+004     0.18181245E+001     0.13452980E+001
     0.33919627E+000    -0.63591179E+000    -0.69422679E+000     0.38711655E+004     0.33608984E+004     0.17853461E+001     0.13843198E+001
     0.33956377E+000    -0.64584621E+000    -0.70637079E+000     0.39634177E+004     0.33489799E+004     0.17534886E+001     0.14215908E+001
     0.33993126E+000    -0.66097256E+000    -0.72043093E+000     0.40551286E+004     0.33448398E+004     0.17221635E+001     0.14588473E+001
     0.34029875E+000    -0.68018919E+000    -0.73765168E+000     0.41456777E+004     0.33477991E+004     0.16900954E+001     0.14975053E+001
     0.34066625E+000    -0.70233928E+000    -0.75890113E+000     0.42346033E+004     0.33572668E+004     0.16553108E+001     0.15382539E+001
     0.34103374E+000    -0.72630204E+000    -0.78479823E+000     0.43215338E+004     0.33727526E+004     0.16155120E+001     0.15807584E+001
     0.34140123E+000    -0.75096585E+000    -0.81584410E+000     0.44061291E+004     0.33938525E+004     0.15685728E+001     0.16235588E+001
     0.34176873E+000    -0.77511111E+000    -0.85246928E+000     0.44880396E+004     0.34202140E+004     0.15130512E+001     0.16642133E+001
     0.34213622E+000    -0.79728735E+000    -0.89495440E+000     0.45668906E+004     0.34514946E+004     0.14485925E+001     0.16996762E+001
     0.34250371E+000    -0.81577240E+000    -0.94325041E+000     0.46422890E+004     0.34873236E+004     0.13761136E+001     0.17268343E+001
     0.34287121E+000    -0.82866098E+000    -0.99677013E+000     0.47138461E+004     0.35272786E+004     0.12977094E+001     0.17430690E+001
     0.34323870E+000    -0.83407866E+000    -0.10542281E+001     0.47812054E+004     0.35708794E+004     0.12163127E+001     0.17466959E+001
     0.34360619E+000    -0.83048546E+000    -0.11135855E+001     0.48440677E+004     0.36175978E+004     0.11352114E+001     0.17371840E+001
     0.34397369E+000    -0.81701908E+000    -0.11721376E+001     0.49022028E+004     0.36668783E+004     0.10575561E+001     0.17151317E+001
     0.34434118E+000    -0.79381670E+000    -0.12267650E+001     0.49554472E+004     0.37181604E+004     0.98596736E+000     0.16820511E+001
     0.34470867E+000    -0.76223387E+000    -0.12743528E+001     0.50036888E+004     0.37708913E+004     0.92229415E+000     0.16400436E+001
     0.34507617E+000    -0.72486576E+000    -0.13123321E+001     0.50468485E+004     0.38245226E+004     0.86752949E+000     0.15914436E+001
     0.34544366E+000    -0.68529650E+000    -0.13392377E+001     0.50848714E+004     0.38784939E+004     0.82186393E+000     0.15384877E+001
     0.34581115E+000    -0.64757004E+000    -0.13551295E+001     0.51177355E+004     0.39322119E+004     0.78485128E+000     0.14830459E+001
     0.34617865E+000    -0.61547313E+000    -0.13617249E+001     0.51454761E+004     0.39850388E+004     0.75565930E+000     0.14264488E+001
     0.34654614E+000    -0.59180797E+000    -0.13621615E+001     0.51682173E+004     0.40363000E+004     0.73336588E+000     0.13694436E+001
     0.34691363E+000    -0.57785826E+000    -0.13604298E+001     0.51861954E+004     0.40853088E+004     0.71723556E+000     0.13122970E+001
     0.34728113E+000    -0.57319355E+000    -0.13606297E+001     0.51997664E+004     0.41314016E+004     0.70689472E+000     0.12550254E+001
     0.34764862E+000    -0.57583514E+000    -0.13662527E+001     0.52093949E+004     0.41739695E+004     0.70234342E+000     0.11976732E+001
     0.34801611E+000    -0.58269367E+000    -0.13796519E+001     0.52156310E+004     0.42124771E+004     0.70380253E+000     0.11405304E+001
     0.34838360E+000    -0.59014046E+000    -0.14017661E+001     0.52190869E+004     0.42464613E+004     0.71146970E+000     0.10842002E+001
     0.34875110E+000    -0.59459421E+000    -0.14320933E+001     0.52204305E+004     0.42755164E+004     0.72530200E+000     0.10294941E+001
     0.34911859E+000    -0.59304208E+000    -0.14688754E+001     0.52204027E+004     0.42992804E+004     0.74492798E+000     0.97721848E+000
     0.34948608E+000    -0.58343599E+000    -0.15094505E+001     0.52198582E+004     0.43174447E+004     0.76972158E+000     0.92796523E+000
     0.34985358E+000    -0.56491257E+000    -0.15507177E+001     0.52198066E+004     0.43298065E+004     0.79898631E+000     0.88200832E+000
     0.35022107E+000    -0.53780507E+000    -0.15896323E+001     0.52214224E+004     0.43363612E+004     0.83215070E+000     0.83933842E+000
     0.35058856E+000    -0.50345513E+000    -0.16236388E+001     0.52259943E+004     0.43374124E+004     0.86889219E+000     0.79979726E+000
     0.35095606E+000    -0.46388100E+000    -0.16509576E+001     0.52348080E+004     0.43336574E+004     0.90916219E+000     0.76324029E+000
     0.35132355E+000    -0.42139443E+000    -0.16706863E+001     0.52489804E+004     0.43262086E+004     0.95313400E+000     0.72967399E+000
     0.35169104E+000    -0.37826541E+000    -0.16827313E+001     0.52692915E+004     0.43165307E+004     0.10011077E+001     0.69935061E+000
     0.35205854E+000    -0.33650284E+000    -0.16876376E+001     0.52960556E+004     0.43063035E+004     0.10533906E+001     0.67282231E+000
     0.35242603E+000    -0.29775954E+000    -0.16864114E+001     0.53290657E+004     0.42972412E+004     0.11101593E+001     0.65095291E+000
     0.35279352E+000    -0.26330833E+000    -0.16803999E+001     0.53676178E+004     0.42909109E+004     0.11713112E+001     0.63487491E+000
     0.35316102E+000    -0.23400905E+000    -0.16712356E+001     0.54105989E+004     0.42885843E+004     0.12363302E+001     0.62587995E+000
     0.35352851E+000    -0.21021479E+000    -0.16607840E+001     0.54566131E+004     0.42911425E+004     0.13041994E+001     0.62524626E+000
     0.35389600E+000    -0.19163352E+000    -0.16510168E+001     0.55041162E+004     0.42990334E+004     0.13733948E+001     0.63402742E+000
     0.35426350E+000    -0.17722298E+000    -0.16437660E+001     0.55515393E+004     0.43122725E+004     0.14419737E+001     0.65284452E+000
     0.35463099E+000    -0.16521212E+000    -0.16403883E+001     0.55973942E+004     0.43304700E+004     0.15077526E+001     0.68172907E+000
     0.35499848E+000    -0.15330489E+000    -0.16414259E+001     0.56403602E+004     0.43528738E+004     0.15685387E+001     0.72005462E+000
     0.35536598E+000    -0.13905755E+000    -0.16463731E+001     0.56793576E+004     0.43784228E+004     0.16223683E+001     0.76657298E+000
     0.35573347E+000    -0.12036162E+000    -0.16536340E+001     0.57136105E+004     0.44058086E+004     0.16677011E+001     0.81954271E+000
     0.35610096E+000    -0.95930097E-001    -0.16607110E+001     0.57427012E+004     0.44335496E+004     0.17035361E+001     0.87691360E+000
     0.35646846E+000    -0.65675316E-001    -0.16646154E+001     0.57666109E+004     0.44600787E+004     0.17294413E+001     0.93652073E+000
     0.35683595E+000    -0.30879721E-001    -0.16624347E+001     0.57857423E+004     0.44838457E+004     0.17455134E+001     0.99624995E+000
     0.35720344E+000     0.59078219E-002    -0.16519547E+001     0.58009156E+004     0.45034300E+004     0.17523008E+001     0.10541567E+001
     0.35757094E+000     0.41265107E-001    -0.16321987E+001     0.58133314E+004     0.45176583E+004     0.17507144E+001     0.11085409E+001
     0.35793843E+000     0.71523198E-001    -0.16037420E+001     0.58244958E+004     0.45257122E+004     0.17419444E+001     0.11579895E+001
     0.35830592E+000     0.93495123E-001    -0.15686981E+001     0.58361079E+004     0.45272132E+004     0.17273852E+001     0.12013997E+001
     0.35867342E+000     0.10512425E+000    -0.15303498E+001     0.58499211E+004     0.45222676E+004     0.17085719E+001     0.12379905E+001
     0.35904091E+000     0.10587580E+000    -0.14925130E+001     0.58675919E+004     0.45114612E+004     0.16871226E+001     0.12673084E+001
     0.35940840E+000     0.96769158E-001    -0.14588044E+001     0.58905402E+004     0.44958014E+004     0.16646871E+001     0.12892334E+001
     0.35977590E+000     0.80064411E-001    -0.14320128E+001     0.59198408E+004     0.44766162E+004     0.16428917E+001     0.13039865E+001
     0.36014339E+000     0.58721825E-001    -0.14137247E+001     0.59561594E+004     0.44554263E+004     0.16232727E+001     0.13121362E+001
     0.36051088E+000     0.35801864E-001    -0.14042579E+001     0.59997373E+004     0.44338115E+004     0.16071930E+001     0.13145917E+001
     0.36087838E+000     0.13958167E-001    -0.14028614E+001     0.60504194E+004     0.44132903E+004     0.15957469E+001     0.13125693E+001
     0.36124587E+000    -0.48809794E-002    -0.14080824E+001     0.61077140E+004     0.43952236E+004     0.15896654E+001     0.13075197E+001
     0.36161336E+000    -0.19613721E-001    -0.14181831E+001     0.61708701E+004     0.43807491E+004     0.15892437E+001     0.13010152E+001
     0.36198086E+000    -0.29875436E-001    -0.14315044E+001     0.62389606E+004     0.43707468E+004     0.15943107E+001     0.12946059E+001
     0.36234835E+000    -0.35824244E-001    -0.14467079E+001     0.63109616E+004     0.43658293E+004     0.16042547E+001     0.12896651E+001
     0.36271584E+000    -0.37882850E-001    -0.14628702E+001     0.63858210E+004     0.43663523E+004     0.16181082E+001     0.12872504E+001
     0.36308333E+000    -0.36512514E-001    -0.14794469E+001     0.64625155E+004     0.43724382E+004     0.16346810E+001     0.12880056E+001
     0.36345083E+000    -0.32068670E-001    -0.14961561E+001     0.65400946E+004     0.43840076E+004     0.16527185E+001     0.12921180E+001
     0.36381832E+000    -0.24749708E-001    -0.15128421E+001     0.66177146E+004     0.44008147E+004     0.16710624E+001     0.12993380E+001
     0.36418581E+000    -0.14615278E-001    -0.15293694E+001     0.66946621E+004     0.44224872E+004     0.16887894E+001     0.13090498E+001
     0.36455331E+000    -0.16326225E-002    -0.15455636E+001     0.67703689E+004     0.44485680E+004     0.17053143E+001     0.13203834E+001
     0.36492080E+000     0.14284330E-001    -0.15611887E+001     0.68444153E+004     0.44785594E+004     0.17204493E+001     0.13323512E+001
     0.36528829E+000     0.33253916E-001    -0.15759306E+001     0.69165205E+004     0.45119660E+004     0.17344135E+001     0.13439952E+001
     0.36565579E+000     0.55407124E-001    -0.15893642E+001     0.69865195E+004     0.45483326E+004     0.17477906E+001     0.13545272E+001
     0.36602328E+000     0.80839393E-001    -0.16009067E+001     0.70543270E+004     0.45872694E+004     0.17614410E+001     0.13634453E+001
     0.36639077E+000     0.10951343E+000    -0.16097862E+001     0.71198955E+004     0.46284606E+004     0.17763789E+001     0.13706072E+001
     0.36675827E+000     0.14112151E+000    -0.16150686E+001     0.71831739E+004     0.46716520E+004     0.17936366E+001     0.13762524E+001
     0.36712576E+000     0.17494886E+000    -0.16157759E+001     0.72440805E+004     0.47166210E+004     0.18141380E+001     0.13809748E+001
     0.36749325E+000     0.20979840E+000    -0.16110942E+001     0.73024942E+004     0.47631368E+004     0.18385996E+001     0.13856589E+001
     0.36786075E+000     0.24403072E+000    -0.16006321E+001     0.73582702E+004     0.48109232E+004     0.18674650E+001     0.13913972E+001
     0.36822824E+000     0.27574273E+000    -0.15846614E+001     0.74112733E+004     0.48596352E+004     0.19008691E+001     0.13994053E+001
     0.36859573E+000     0.30306774E+000    -0.15642656E+001     0.74614203E+004     0.49088568E+004     0.19386232E+001     0.14109386E+001
     0.36896323E+000     0.32454411E+000    -0.15413436E+001     0.75087187E+004     0.49581218E+004     0.19802187E+001     0.14272143E+001
     0.36933072E+000     0.33947856E+000    -0.15184410E+001     0.75532913E+004     0.50069532E+004     0.20248458E+001     0.14493401E+001
     0.36969821E+000     0.34822663E+000    -0.14984226E+001     0.75953784E+004     0.50549101E+004     0.20714188E+001     0.14782535E+001
     0.37006571E+000     0.35232276E+000    -0.14840300E+001     0.76353178E+004     0.51016311E+004     0.21186067E+001     0.15146605E+001
     0.37043320E+000     0.35441509E+000    -0.14773943E+001     0.76735074E+004     0.51468636E+004     0.21648745E+001     0.15589714E+001
     0.37080069E+000     0.35799235E+000    -0.14795928E+001     0.77103590E+004     0.51904730E+004     0.22085461E+001     0.16112353E+001
     0.37116819E+000     0.36693195E+000    -0.14903433E+001     0.77462559E+004     0.52324311E+004     0.22478950E+001     0.16710851E+001
     0.37153568E+000     0.38494197E+000    -0.15079081E+001     0.77815200E+004     0.52727886E+004     0.22812610E+001     0.17377075E+001
     0.37190317E+000     0.41500247E+000    -0.15292437E+001     0.78163956E+004     0.53116402E+004     0.23071863E+001     0.18098526E+001
     0.37227067E+000     0.45891943E+000    -0.15503717E+001     0.78510480E+004     0.53490871E+004     0.23245510E+001     0.18858930E+001
     0.37263816E+000     0.51707921E+000    -0.15668931E+001     0.78855755E+004     0.53852055E+004     0.23326887E+001     0.19639351E+001
     0.37300565E+000     0.58844026E+000    -0.15745381E+001     0.79200314E+004     0.54200221E+004     0.23314567E+001     0.20419706E+001
     0.37337315E+000     0.67073834E+000    -0.15696402E+001     0.79544509E+004     0.54534988E+004     0.23212456E+001     0.21180479E+001
     0.37374064E+000     0.76083577E+000    -0.15494604E+001     0.79888822E+004     0.54855265E+004     0.23029252E+001     0.21904337E+001
     0.37410813E+000     0.85512637E+000    -0.15123328E+001     0.80234194E+004     0.55159284E+004     0.22777369E+001     0.22577397E+001
     0.37447563E+000     0.94991647E+000    -0.14576484E+001     0.80582354E+004     0.55444729E+004     0.22471542E+001     0.23189966E+001
     0.37484312E+000     0.10417291E+001    -0.13857207E+001     0.80936141E+004     0.55708981E+004     0.22127377E+001     0.23736712E+001
     0.37521061E+000     0.11275087E+001    -0.12975869E+001     0.81299785E+004     0.55949510E+004     0.21760053E+001     0.24216347E+001
     0.37557811E+000     0.12047298E+001    -0.11947904E+001     0.81679076E+004     0.56164408E+004     0.21383346E+001     0.24630953E+001
     0.37594560E+000     0.12714257E+001    -0.10791794E+001     0.82081350E+004     0.56353084E+004     0.21009002E+001     0.24985152E+001
     0.37631309E+000     0.13261623E+001    -0.95273870E+000     0.82515181E+004     0.56517033E+004     0.20646471E+001     0.25285248E+001
     0.37668059E+000     0.13679779E+001    -0.81746162E+000     0.82989679E+004     0.56660572E+004     0.20302891E+001     0.25538465E+001
     0.37704808E+000     0.13963071E+001    -0.67526111E+000     0.83513382E+004     0.56791297E+004     0.19983281E+001     0.25752324E+001
     0.37741557E+000     0.14109026E+001    -0.52791389E+000     0.84092854E+004     0.56920032E+004     0.19690825E+001     0.25934192E+001
     0.37778307E+000     0.14117606E+001    -0.37703068E+000     0.84731273E+004     0.57060077E+004     0.19427202E+001     0.26090972E+001
     0.37815056E+000     0.13990567E+001    -0.22404539E+000     0.85427429E+004     0.57225762E+004     0.19192912E+001     0.26228926E+001
     0.37851805E+000     0.13730904E+001    -0.70217431E-001     0.86175481E+004     0.57430584E+004     0.18987572E+001     0.26353599E+001
     0.37888554E+000     0.13342419E+001     0.83357727E-001     0.86965646E+004     0.57685399E+004     0.18810167E+001     0.26469798E+001
     0.37925304E+000     0.12829370E+001     0.23573330E+000     0.87785637E+004     0.57997173E+004     0.18659253E+001     0.26581629E+001
     0.37962053E+000     0.12196210E+001     0.38609364E+000     0.88622423E+004     0.58368558E+004     0.18533121E+001     0.26692553E+001
     0.37998802E+000     0.11447394E+001     0.53373604E+000     0.89463857E+004     0.58798293E+004     0.18429914E+001     0.26805452E+001
     0.38035552E+000     0.10587231E+001     0.67805302E+000     0.90299798E+004     0.59282156E+004     0.18347720E+001     0.26922710E+001
     0.38072301E+000     0.96197950E+000     0.81851552E+000     0.91122648E+004     0.59814112E+004     0.18284631E+001     0.27046278E+001
     0.38109050E+000     0.85488554E+000     0.95465754E+000     0.91927373E+004     0.60387389E+004     0.18238790E+001     0.27177742E+001
     0.38145800E+000     0.73778425E+000     0.10860620E+001     0.92711181E+004     0.60995286E+004     0.18208416E+001     0.27318386E+001
     0.38182549E+000     0.61098284E+000     0.12123479E+001     0.93473052E+004     0.61631702E+004     0.18191818E+001     0.27469238E+001
     0.38219298E+000     0.47475241E+000     0.13331594E+001     0.94213237E+004     0.62291401E+004     0.18187407E+001     0.27631121E+001
     0.38256048E+000     0.32932878E+000     0.14481549E+001     0.94932824E+004     0.62970096E+004     0.18193695E+001     0.27804687E+001
     0.38292797E+000     0.17491427E+000     0.15569980E+001     0.95633389E+004     0.63664409E+004     0.18209293E+001     0.27990450E+001
     0.38329546E+000     0.11680096E-001     0.16593491E+001     0.96316740E+004     0.64371776E+004     0.18232910E+001     0.28188813E+001
     0.38366296E+000    -0.16023053E+000     0.17548573E+001     0.96984746E+004     0.65090318E+004     0.18263343E+001     0.28400089E+001
     0.38403045E+000    -0.34069885E+000     0.18431536E+001     0.97639221E+004     0.65818718E+004     0.18299469E+001     0.28624522E+001
     0.38439794E+000    -0.52962641E+000     0.19238437E+001     0.98281865E+004     0.66556112E+004     0.18340244E+001     0.28862298E+001
     0.38476544E+000    -0.72693046E+000     0.19965017E+001     0.98914225E+004     0.67301985E+004     0.18384690E+001     0.29113560E+001
     0.38513293E+000    -0.93253871E+000     0.20606643E+001     0.99537688E+004     0.68056095E+004     0.18431886E+001     0.29378416E+001
     0.38550042E+000    -0.11463834E+001     0.21158244E+001     0.10015348E+005     0.68818412E+004     0.18480968E+001     0.29656947E+001
     0.38586792E+000    -0.13683949E+001     0.21614260E+001     0.10076266E+005     0.69589062E+004     0.18531118E+001     0.29949215E+001
     0.38623541E+000    -0.15984937E+001     0.21968586E+001     0.10136617E+005     0.70368294E+004     0.18581554E+001     0.30255266E+001
     0.38660290E+000    -0.18365827E+001     0.22214521E+001     0.10196481E+005     0.71156449E+004     0.18631534E+001     0.30575135E+001
     0.38697040E+000    -0.20825368E+001     0.22344727E+001     0.10255925E+005     0.71953936E+004     0.18680340E+001     0.30908848E+001
     0.38733789E+000    -0.23361926E+001     0.22351181E+001     0.10315009E+005     0.72761221E+004     0.18727281E+001     0.31256424E+001
     0.38770538E+000    -0.25973357E+001     0.22225147E+001     0.10373780E+005     0.73578812E+004     0.18771684E+001     0.31617880E+001
     0.38807288E+000    -0.28656866E+001     0.21957150E+001     0.10432281E+005     0.74407251E+004     0.18812891E+001     0.31993228E+001
     0.38844037E+000    -0.31408854E+001     0.21536967E+001     0.10490546E+005     0.75247109E+004     0.18850257E+001     0.32382476E+001
     0.38880786E+000    -0.34224738E+001     0.20953636E+001     0.10548601E+005     0.76098981E+004     0.18883142E+001     0.32785631E+001
     0.38917536E+000    -0.37098759E+001     0.20195482E+001     0.10606469E+005     0.76963485E+004     0.18910912E+001     0.33202698E+001
     0.38954285E+000    -0.40023764E+001     0.19250177E+001     0.10664166E+005     0.77841260E+004     0.18932935E+001     0.33633677E+001
     0.38991034E+000    -0.42990977E+001     0.18104834E+001     0.10721703E+005     0.78732969E+004     0.18948575E+001     0.34078565E+001
     0.39027784E+000    -0.45989753E+001     0.16746144E+001     0.10779089E+005     0.79639291E+004     0.18957196E+001     0.34537357E+001
     0.39064533E+000    -0.49007321E+001     0.15160568E+001     0.10836326E+005     0.80560931E+004     0.18958151E+001     0.35010040E+001
     0.39101282E+000    -0.52028526E+001     0.13334582E+001     0.10893412E+005     0.81498617E+004     0.18950789E+001     0.35496596E+001
     0.39138032E+000    -0.55035579E+001     0.11255007E+001     0.10950343E+005     0.82453099E+004     0.18934444E+001     0.35996999E+001
     0.39174781E+000    -0.58007832E+001     0.89094037E+000     0.11007110E+005     0.83425157E+004     0.18908440E+001     0.36511212E+001
     0.39211530E+000    -0.60921594E+001     0.62865651E+000     0.11063698E+005     0.84415597E+004     0.18872087E+001     0.37039191E+001
     0.39248280E+000    -0.63750012E+001     0.33770882E+000     0.11120092E+005     0.85425256E+004     0.18824678E+001     0.37580875E+001
     0.39285029E+000    -0.66463046E+001     0.17403768E-001     0.11176268E+005     0.86455004E+004     0.18765490E+001     0.38136190E+001
     0.39321778E+000    -0.69027568E+001    -0.33263152E+000     0.11232203E+005     0.87505746E+004     0.18693780E+001     0.38705046E+001
     0.39358528E+000    -0.71407614E+001    -0.71236965E+000     0.11287863E+005     0.88578424E+004     0.18608788E+001     0.39287331E+001
     0.39395277E+000    -0.73564833E+001    -0.11213006E+001     0.11343215E+005     0.89674019E+004     0.18509731E+001     0.39882915E+001
     0.39432026E+000    -0.75459141E+001    -0.15583510E+001     0.11398217E+005     0.90793555E+004     0.18395807E+001     0.40491640E+001
     0.39468775E+000    -0.77049621E+001    -0.20218107E+001     0.11452821E+005     0.91938100E+004     0.18266190E+001     0.41113322E+001
     0.39505525E+000    -0.78295647E+001    -0.25092733E+001     0.11506974E+005     0.93108771E+004     0.18120035E+001     0.41747748E+001
     0.39542274E+000    -0.79158245E+001    -0.30175990E+001     0.11560617E+005     0.94306733E+004     0.17956472E+001     0.42394670E+001
     0.39579023E+000    -0.79601611E+001    -0.35429053E+001     0.11613680E+005     0.95533203E+004     0.17774609E+001     0.43053803E+001
     0.39615773E+000    -0.79594754E+001    -0.40805958E+001     0.11666088E+005     0.96789452E+004     0.17573535E+001     0.43724825E+001
     0.39652522E+000    -0.79113138E+001    -0.46254291E+001     0.11717755E+005     0.98076810E+004     0.17352316E+001     0.44407365E+001
     0.39689271E+000    -0.78140217E+001    -0.51716312E+001     0.11768584E+005     0.99396663E+004     0.17109997E+001     0.45101010E+001
     0.39726021E+000    -0.76668733E+001    -0.57130499E+001     0.11818468E+005     0.10075046E+005     0.16845607E+001     0.45805292E+001
     0.39762770E+000    -0.74701643E+001    -0.62433441E+001     0.11867287E+005     0.10213970E+005     0.16558154E+001     0.46519689E+001
     0.39799519E+000    -0.72252575E+001    -0.67561982E+001     0.11914907E+005     0.10356596E+005     0.16246634E+001     0.47243619E+001
     0.39836269E+000    -0.69345738E+001    -0.72455472E+001     0.11961179E+005     0.10503088E+005     0.15910030E+001     0.47976436E+001
     0.39873018E+000    -0.66015266E+001    -0.77057957E+001     0.12005935E+005     0.10653613E+005     0.15547314E+001     0.48717426E+001
     0.39909767E+000    -0.62304029E+001    -0.81320152E+001     0.12048991E+005     0.10808348E+005     0.15157453E+001     0.49465804E+001
     0.39946517E+000    -0.58261994E+001    -0.85201053E+001     0.12090138E+005     0.10967472E+005     0.14739412E+001     0.50220707E+001
     0.39983266E+000    -0.53944267E+001    -0.88669065E+001     0.12129147E+005     0.11131172E+005     0.14292156E+001     0.50981192E+001
     0.40020015E+000    -0.49408973E+001    -0.91702606E+001     0.12165760E+005     0.11299636E+005     0.13814661E+001     0.51746230E+001
     0.40056765E+000    -0.44715129E+001    -0.94290166E+001     0.12199692E+005     0.11473057E+005     0.13305914E+001     0.52514706E+001
     0.40093514E+000    -0.39920648E+001    -0.96429871E+001     0.12230625E+005     0.11651631E+005     0.12764922E+001     0.53285411E+001
     0.40130263E+000    -0.35080611E+001    -0.98128637E+001     0.12258205E+005     0.11835551E+005     0.12190720E+001     0.54057040E+001
     0.40167013E+000    -0.30245872E+001    -0.99401014E+001     0.12282039E+005     0.12025010E+005     0.11582376E+001     0.54828190E+001
     0.40203762E+000    -0.25462030E+001    -0.10026785E+002     0.12301692E+005     0.12220196E+005     0.10939002E+001     0.55597360E+001
     0.40240511E+000    -0.20768794E+001    -0.10075485E+002     0.12316680E+005     0.12421286E+005     0.10259762E+001     0.56362942E+001
     0.40277261E+000    -0.16199678E+001    -0.10089121E+002     0.12326468E+005     0.12628448E+005     0.95438811E+000     0.57123228E+001
     0.40314010E+000    -0.11782016E+001    -0.10070829E+002     0.12330463E+005     0.12841827E+005     0.87906582E+000     0.57876404E+001
     0.40350759E+000    -0.75372043E+000    -0.10023845E+002     0.12328012E+005     0.13061548E+005     0.79994745E+000     0.58620555E+001
     0.40387509E+000    -0.34811244E+000    -0.99514103E+001     0.12318394E+005     0.13287699E+005     0.71698061E+000     0.59353663E+001
     0.40424258E+000     0.37531308E-001    -0.98566885E+001     0.12300817E+005     0.13520329E+005     0.63012355E+000     0.60073612E+001
     0.40461007E+000     0.40255645E+000    -0.97427082E+001     0.12274415E+005     0.13759431E+005     0.53934643E+000     0.60778193E+001
     0.40497757E+000     0.74668257E+000    -0.96123178E+001     0.12238241E+005     0.14004933E+005     0.44463252E+000     0.61465107E+001
     0.40534506E+000     0.10699417E+001    -0.94681572E+001     0.12191268E+005     0.14256681E+005     0.34597945E+000     0.62131974E+001
     0.40571255E+000     0.13726203E+001    -0.93126421E+001     0.12132386E+005     0.14514416E+005     0.24340042E+000     0.62776342E+001
     0.40608005E+000     0.16552067E+001    -0.91479573E+001     0.12060403E+005     0.14777764E+005     0.13692545E+000     0.63395696E+001
     0.40644754E+000     0.19183434E+001    -0.89760594E+001     0.11974052E+005     0.15046200E+005     0.26602480E-001     0.63987469E+001
     0.40681503E+000     0.21627870E+001    -0.87986838E+001     0.11871998E+005     0.15319032E+005    -0.87501569E-001     0.64549060E+001
     0.40718253E+000     0.23893732E+001    -0.86173564E+001     0.11752850E+005     0.15595364E+005    -0.20529980E+000     0.65077843E+001
     0.40755002E+000     0.25989878E+001    -0.84334085E+001     0.11615183E+005     0.15874074E+005    -0.32668450E+000     0.65571190E+001
     0.40791751E+000     0.27925432E+001    -0.82479917E+001     0.11457567E+005     0.16153774E+005    -0.45152650E+000     0.66026487E+001
     0.40828501E+000     0.29709592E+001    -0.80620952E+001     0.11278602E+005     0.16432786E+005    -0.57967458E+000     0.66441152E+001
     0.40865250E+000     0.31351483E+001    -0.78765612E+001     0.11076968E+005     0.16709109E+005    -0.71095527E+000     0.66812659E+001
     0.40901999E+000     0.32860041E+001    -0.76921012E+001     0.10851482E+005     0.16980401E+005    -0.84517269E+000     0.67138560E+001
     0.40938748E+000     0.34243929E+001    -0.75093107E+001     0.10601173E+005     0.17243960E+005    -0.98210873E+000     0.67416507E+001
     0.40975498E+000     0.35511475E+001    -0.73286834E+001     0.10325363E+005     0.17496727E+005    -0.11215235E+001     0.67644273E+001
     0.41012247E+000     0.36670629E+001    -0.71506235E+001     0.10023765E+005     0.17735304E+005    -0.12631562E+001     0.67819782E+001
     0.41048996E+000     0.37728941E+001    -0.69754574E+001     0.96965764E+004     0.17955989E+005    -0.14067257E+001     0.67941126E+001
     0.41085746E+000     0.38693543E+001    -0.68034443E+001     0.93445881E+004     0.18154853E+005    -0.15519324E+001     0.68006588E+001
     0.41122495E+000     0.39571150E+001    -0.66347854E+001     0.89692754E+004     0.18327832E+005    -0.16984593E+001     0.68014670E+001
     0.41159244E+000     0.40368061E+001    -0.64696322E+001     0.85728789E+004     0.18470864E+005    -0.18459742E+001     0.67964102E+001
     0.41195994E+000     0.41090169E+001    -0.63080936E+001     0.81584556E+004     0.18580050E+005    -0.19941319E+001     0.67853871E+001
     0.41232743E+000     0.41742975E+001    -0.61502424E+001     0.77298916E+004     0.18651844E+005    -0.21425763E+001     0.67683229E+001
     0.41269492E+000     0.42331603E+001    -0.59961209E+001     0.72918640E+004     0.18683256E+005    -0.22909429E+001     0.67451708E+001
     0.41306242E+000     0.42860819E+001    -0.58457457E+001     0.68497462E+004     0.18672055E+005    -0.24388620E+001     0.67159134E+001
     0.41342991E+000     0.43335051E+001    -0.56991121E+001     0.64094527E+004     0.18616951E+005    -0.25859614E+001     0.66805625E+001
     0.41379740E+000     0.43758408E+001    -0.55561974E+001     0.59772294E+004     0.18517745E+005    -0.27318692E+001     0.66391604E+001
     0.41416490E+000     0.44134698E+001    -0.54169643E+001     0.55594011E+004     0.18375405E+005    -0.28762169E+001     0.65917790E+001
     0.41453239E+000     0.44467449E+001    -0.52813635E+001     0.51620953E+004     0.18192093E+005    -0.30186426E+001     0.65385199E+001
     0.41489988E+000     0.44759928E+001    -0.51493361E+001     0.47909665E+004     0.17971094E+005    -0.31587938E+001     0.64795137E+001
     0.41526738E+000     0.45015157E+001    -0.50208154E+001     0.44509462E+004     0.17716682E+005    -0.32963302E+001     0.64149183E+001
     0.41563487E+000     0.45235935E+001    -0.48957290E+001     0.41460414E+004     0.17433918E+005    -0.34309263E+001     0.63449183E+001
     0.41600236E+000     0.45424847E+001    -0.47739995E+001     0.38791987E+004     0.17128403E+005    -0.35622742E+001     0.62697223E+001
     0.41636986E+000     0.45584288E+001    -0.46555464E+001     0.36522422E+004     0.16806020E+005    -0.36900854E+001     0.61895616E+001
     0.41673735E+000     0.45716469E+001    -0.45402869E+001     0.34658851E+004     0.16472666E+005    -0.38140930E+001     0.61046879E+001
     0.41710484E+000     0.45823437E+001    -0.44281367E+001     0.33198059E+004     0.16134020E+005    -0.39340533E+001     0.60153704E+001
     0.41747234E+000     0.45907085E+001    -0.43190106E+001     0.32127748E+004     0.15795351E+005    -0.40497470E+001     0.59218936E+001
     0.41783983E+000     0.45969164E+001    -0.42128235E+001     0.31428138E+004     0.15461371E+005    -0.41609805E+001     0.58245547E+001
     0.41820732E+000     0.46011293E+001    -0.41094904E+001     0.31073712E+004     0.15136144E+005    -0.42675861E+001     0.57236605E+001
     0.41857482E+000     0.46034971E+001    -0.40089273E+001     0.31034962E+004     0.14823046E+005    -0.43694227E+001     0.56195250E+001
     0.41894231E+000     0.46041585E+001    -0.39110511E+001     0.31280014E+004     0.14524760E+005    -0.44663759E+001     0.55124668E+001
     0.41930980E+000     0.46032418E+001    -0.38157801E+001     0.31776044E+004     0.14243316E+005    -0.45583572E+001     0.54028062E+001
     0.41967730E+000     0.46008660E+001    -0.37230342E+001     0.32490446E+004     0.13980138E+005    -0.46453039E+001     0.52908629E+001
     0.42004479E+000     0.45971411E+001    -0.36327349E+001     0.33391741E+004     0.13736125E+005    -0.47271784E+001     0.51769537E+001
     0.42041228E+000     0.45921692E+001    -0.35448059E+001     0.34450238E+004     0.13511716E+005    -0.48039664E+001     0.50613903E+001
     0.42077978E+000     0.45860448E+001    -0.34591725E+001     0.35638464E+004     0.13306979E+005    -0.48756767E+001     0.49444774E+001
     0.42114727E+000     0.45788555E+001    -0.33757622E+001     0.36931425E+004     0.13121677E+005    -0.49423392E+001     0.48265107E+001
     0.42151476E+000     0.45706827E+001    -0.32945045E+001     0.38306697E+004     0.12955337E+005    -0.50040032E+001     0.47077759E+001
     0.42188226E+000     0.45616017E+001    -0.32153310E+001     0.39744420E+004     0.12807314E+005    -0.50607365E+001     0.45885468E+001
     0.42224975E+000     0.45516824E+001    -0.31381754E+001     0.41227198E+004     0.12676833E+005    -0.51126233E+001     0.44690846E+001
     0.42261724E+000     0.45409898E+001    -0.30629736E+001     0.42739956E+004     0.12563039E+005    -0.51597624E+001     0.43496367E+001
     0.42298474E+000     0.45295843E+001    -0.29896634E+001     0.44269748E+004     0.12465030E+005    -0.52022659E+001     0.42304366E+001
     0.42335223E+000     0.45175217E+001    -0.29181847E+001     0.45805566E+004     0.12381881E+005    -0.52402571E+001     0.41117026E+001
     0.42371972E+000     0.45048541E+001    -0.28484795E+001     0.47338129E+004     0.12312668E+005    -0.52738692E+001     0.39936382E+001
     0.42408722E+000     0.44916300E+001    -0.27804916E+001     0.48859690E+004     0.12256483E+005    -0.53032437E+001     0.38764317E+001
     0.42445471E+000     0.44778941E+001    -0.27141669E+001     0.50363839E+004     0.12212447E+005    -0.53285284E+001     0.37602563E+001
     0.42482220E+000     0.44636884E+001    -0.26494530E+001     0.51845334E+004     0.12179718E+005    -0.53498767E+001     0.36452702E+001
     0.42518969E+000     0.44490518E+001    -0.25862996E+001     0.53299938E+004     0.12157495E+005    -0.53674458E+001     0.35316167E+001
     0.42555719E+000     0.44340203E+001    -0.25246578E+001     0.54724274E+004     0.12145021E+005    -0.53813955E+001     0.34194251E+001
     0.42592468E+000     0.44186277E+001    -0.24644808E+001     0.56115698E+004     0.12141587E+005    -0.53918871E+001     0.33088107E+001
     0.42629217E+000     0.44029053E+001    -0.24057231E+001     0.57472190E+004     0.12146530E+005    -0.53990824E+001     0.31998753E+001
     0.42665967E+000     0.43868824E+001    -0.23483413E+001     0.58792249E+004     0.12159233E+005    -0.54031428E+001     0.30927084E+001
     0.42702716E+000     0.43705860E+001    -0.22922930E+001     0.60074813E+004     0.12179123E+005    -0.54042284E+001     0.29873870E+001
     0.42739465E+000     0.43540416E+001    -0.22375376E+001     0.61319185E+004     0.12205670E+005    -0.54024972E+001     0.28839769E+001
     0.42776215E+000     0.43372726E+001    -0.21840361E+001     0.62524965E+004     0.12238384E+005    -0.53981046E+001     0.27825332E+001
     0.42812964E+000     0.43203011E+001    -0.21317506E+001     0.63692004E+004     0.12276813E+005    -0.53912027E+001     0.26831007E+001
     0.42849713E+000     0.43031477E+001    -0.20806447E+001     0.64820351E+004     0.12320542E+005    -0.53819399E+001     0.25857152E+001
     0.42886463E+000     0.42858313E+001    -0.20306832E+001     0.65910218E+004     0.12369186E+005    -0.53704606E+001     0.24904034E+001
     0.42923212E+000     0.42683698E+001    -0.19818324E+001     0.66961945E+004     0.12422394E+005    -0.53569048E+001     0.23971845E+001
     0.42959961E+000     0.42507797E+001    -0.19340596E+001     0.67975975E+004     0.12479841E+005    -0.53414077E+001     0.23060699E+001
     0.42996711E+000     0.42330767E+001    -0.18873332E+001     0.68952828E+004     0.12541229E+005    -0.53240998E+001     0.22170645E+001
     0.43033460E+000     0.42152751E+001    -0.18416228E+001     0.69893083E+004     0.12606285E+005    -0.53051065E+001     0.21301672E+001
     0.43070209E+000     0.41973883E+001    -0.17968993E+001     0.70797361E+004     0.12674756E+005    -0.52845483E+001     0.20453712E+001
     0.43106959E+000     0.41794290E+001    -0.17531342E+001     0.71666314E+004     0.12746411E+005    -0.52625404E+001     0.19626648E+001
     0.43143708E+000     0.41614088E+001    -0.17103003E+001     0.72500610E+004     0.12821037E+005    -0.52391930E+001     0.18820320E+001
     0.43180457E+000     0.41433387E+001    -0.16683712E+001     0.73300928E+004     0.12898437E+005    -0.52146110E+001     0.18034525E+001
     0.43217207E+000     0.41252288E+001    -0.16273216E+001     0.74067948E+004     0.12978431E+005    -0.51888946E+001     0.17269029E+001
     0.43253956E+000     0.41070887E+001    -0.15871268E+001     0.74802344E+004     0.13060852E+005    -0.51621388E+001     0.16523565E+001
     0.43290705E+000     0.40889271E+001    -0.15477633E+001     0.75504783E+004     0.13145547E+005    -0.51344337E+001     0.15797841E+001
     0.43327455E+000     0.40707524E+001    -0.15092080E+001     0.76175920E+004     0.13232374E+005    -0.51058647E+001     0.15091539E+001
     0.43364204E+000     0.40525723E+001    -0.14714390E+001     0.76816392E+004     0.13321201E+005    -0.50765128E+001     0.14404324E+001
     0.43400953E+000     0.40343938E+001    -0.14344349E+001     0.77426818E+004     0.13411908E+005    -0.50464542E+001     0.13735845E+001
     0.43437703E+000     0.40162238E+001    -0.13981750E+001     0.78007798E+004     0.13504383E+005    -0.50157609E+001     0.13085735E+001
     0.43474452E+000     0.39980683E+001    -0.13626395E+001     0.78559911E+004     0.13598519E+005    -0.49845008E+001     0.12453618E+001
     0.43511201E+000     0.39799333E+001    -0.13278090E+001     0.79083714E+004     0.13694222E+005    -0.49527377E+001     0.11839108E+001
     0.43547951E+000     0.39618240E+001    -0.12936650E+001     0.79579742E+004     0.13791401E+005    -0.49205315E+001     0.11241814E+001
     0.43584700E+000     0.39437456E+001    -0.12601894E+001     0.80048506E+004     0.13889972E+005    -0.48879386E+001     0.10661338E+001
     0.43621449E+000     0.39257026E+001    -0.12273649E+001     0.80490496E+004     0.13989857E+005    -0.48550117E+001     0.10097283E+001
     0.43658199E+000     0.39076994E+001    -0.11951745E+001     0.80906178E+004     0.14090982E+005    -0.48218002E+001     0.95492462E+000
     0.43694948E+000     0.38897401E+001    -0.11636021E+001     0.81295999E+004     0.14193280E+005    -0.47883503E+001     0.90168283E+000
     0.43731697E+000     0.38718283E+001    -0.11326319E+001     0.81660381E+004     0.14296685E+005    -0.47547052E+001     0.84996299E+000
     0.43768447E+000     0.38539675E+001    -0.11022485E+001     0.81999725E+004     0.14401138E+005    -0.47209051E+001     0.79972541E+000
     0.43805196E+000     0.38361610E+001    -0.10724373E+001     0.82314414E+004     0.14506581E+005    -0.46869876E+001     0.75093078E+000
     0.43841945E+000     0.38184118E+001    -0.10431839E+001     0.82604810E+004     0.14612961E+005    -0.46529876E+001     0.70354017E+000
     0.43878695E+000     0.38007225E+001    -0.10144746E+001     0.82871254E+004     0.14720227E+005    -0.46189376E+001     0.65751517E+000
     0.43915444E+000     0.37830957E+001    -0.98629584E+000     0.83114070E+004     0.14828331E+005    -0.45848677E+001     0.61281792E+000
     0.43952193E+000     0.37655338E+001    -0.95863471E+000     0.83333565E+004     0.14937226E+005    -0.45508059E+001     0.56941117E+000
     0.43988943E+000     0.37480390E+001    -0.93147863E+000     0.83530028E+004     0.15046871E+005    -0.45167781E+001     0.52725832E+000
     0.44025692E+000     0.37306132E+001    -0.90481540E+000     0.83703730E+004     0.15157222E+005    -0.44828082E+001     0.48632348E+000
     0.44062441E+000     0.37132582E+001    -0.87863320E+000     0.83854930E+004     0.15268240E+005    -0.44489183E+001     0.44657147E+000
     0.44099190E+000     0.36959758E+001    -0.85292060E+000     0.83983868E+004     0.15379886E+005    -0.44151289E+001     0.40796784E+000
     0.44135940E+000     0.36787675E+001    -0.82766647E+000     0.84090774E+004     0.15492125E+005    -0.43814587E+001     0.37047896E+000
     0.44172689E+000     0.36616346E+001    -0.80286004E+000     0.84175862E+004     0.15604920E+005    -0.43479249E+001     0.33407193E+000
     0.44209438E+000     0.36445786E+001    -0.77849089E+000     0.84239333E+004     0.15718237E+005    -0.43145434E+001     0.29871467E+000
     0.44246188E+000     0.36276004E+001    -0.75454885E+000     0.84281378E+004     0.15832044E+005    -0.42813286E+001     0.26437589E+000
     0.44282937E+000     0.36107012E+001    -0.73102412E+000     0.84302173E+004     0.15946307E+005    -0.42482938E+001     0.23102510E+000
     0.44319686E+000     0.35938820E+001    -0.70790713E+000     0.84301888E+004     0.16060995E+005    -0.42154511E+001     0.19863261E+000
     0.44356436E+000     0.35771435E+001    -0.68518863E+000     0.84280679E+004     0.16176079E+005    -0.41828113E+001     0.16716953E+000
     0.44393185E+000     0.35604866E+001    -0.66285963E+000     0.84238693E+004     0.16291527E+005    -0.41503844E+001     0.13660776E+000
     0.44429934E+000     0.35439118E+001    -0.64091138E+000     0.84176071E+004     0.16407310E+005    -0.41181794E+001     0.10691998E+000
     0.44466684E+000     0.35274199E+001    -0.61933542E+000     0.84092941E+004     0.16523400E+005    -0.40862042E+001     0.78079652E-001
     0.44503433E+000     0.35110113E+001    -0.59812350E+000     0.83989428E+004     0.16639767E+005    -0.40544662E+001     0.50061004E-001
     0.44540182E+000     0.34946864E+001    -0.57726761E+000     0.83865646E+004     0.16756385E+005    -0.40229718E+001     0.22839010E-001
     0.44576932E+000     0.34784457E+001    -0.55675999E+000     0.83721703E+004     0.16873226E+005    -0.39917267E+001    -0.36106155E-002
     0.44613681E+000     0.34622895E+001    -0.53659307E+000     0.83557703E+004     0.16990261E+005    -0.39607358E+001    -0.29311430E-001
     0.44650430E+000     0.34462180E+001    -0.51675950E+000     0.83373741E+004     0.17107465E+005    -0.39300037E+001    -0.54286281E-001
     0.44687180E+000     0.34302315E+001    -0.49725214E+000     0.83169909E+004     0.17224809E+005    -0.38995341E+001    -0.78557321E-001
     0.44723929E+000     0.34143300E+001    -0.47806405E+000     0.82946294E+004     0.17342268E+005    -0.38693303E+001    -0.10214602E+000
     0.44760678E+000     0.33985138E+001    -0.45918847E+000     0.82702977E+004     0.17459814E+005    -0.38393951E+001    -0.12507319E+000
     0.44797428E+000     0.33827828E+001    -0.44061884E+000     0.82440037E+004     0.17577421E+005    -0.38097307E+001    -0.14735899E+000
     0.44834177E+000     0.33671371E+001    -0.42234875E+000     0.82157548E+004     0.17695063E+005    -0.37803390E+001    -0.16902295E+000
     0.44870926E+000     0.33515767E+001    -0.40437199E+000     0.81855582E+004     0.17812712E+005    -0.37512214E+001    -0.19008399E+000
     0.44907676E+000     0.33361015E+001    -0.38668250E+000     0.81534208E+004     0.17930344E+005    -0.37223791E+001    -0.21056041E+000
     0.44944425E+000     0.33207114E+001    -0.36927440E+000     0.81193492E+004     0.18047930E+005    -0.36938126E+001    -0.23046997E+000
     0.44981174E+000     0.33054064E+001    -0.35214195E+000     0.80833498E+004     0.18165446E+005    -0.36655225E+001    -0.24982983E+000
     0.45017924E+000     0.32901861E+001    -0.33527957E+000     0.80454291E+004     0.18282863E+005    -0.36375088E+001    -0.26865661E+000
     0.45054673E+000     0.32750506E+001    -0.31868181E+000     0.80055931E+004     0.18400156E+005    -0.36097714E+001    -0.28696640E+000
     0.45091422E+000     0.32599996E+001    -0.30234339E+000     0.79638479E+004     0.18517298E+005    -0.35823098E+001    -0.30477478E+000
     0.45128172E+000     0.32450327E+001    -0.28625914E+000     0.79201995E+004     0.18634263E+005    -0.35551234E+001    -0.32209682E+000
     0.45164921E+000     0.32301499E+001    -0.27042404E+000     0.78746540E+004     0.18751022E+005    -0.35282114E+001    -0.33894711E+000
     0.45201670E+000     0.32153508E+001    -0.25483319E+000     0.78272173E+004     0.18867550E+005    -0.35015726E+001    -0.35533976E+000
     0.45238420E+000     0.32006351E+001    -0.23948182E+000     0.77778955E+004     0.18983820E+005    -0.34752059E+001    -0.37128843E+000
     0.45275169E+000     0.31860026E+001    -0.22436528E+000     0.77266946E+004     0.19099804E+005    -0.34491098E+001    -0.38680634E+000
     0.45311918E+000     0.31714528E+001    -0.20947903E+000     0.76736209E+004     0.19215475E+005    -0.34232828E+001    -0.40190628E+000
     0.45348668E+000     0.31569855E+001    -0.19481866E+000     0.76186807E+004     0.19330805E+005    -0.33977232E+001    -0.41660064E+000
     0.45385417E+000     0.31426002E+001    -0.18037984E+000     0.75618805E+004     0.19445768E+005    -0.33724292E+001    -0.43090138E+000
     0.45422166E+000     0.31282967E+001    -0.16615838E+000     0.75032268E+004     0.19560335E+005    -0.33473989E+001    -0.44482010E+000
     0.45458916E+000     0.31140744E+001    -0.15215018E+000     0.74427266E+004     0.19674478E+005    -0.33226302E+001    -0.45836801E+000
     0.45495665E+000     0.30999331E+001    -0.13835124E+000     0.73803868E+004     0.19788171E+005    -0.32981211E+001    -0.47155597E+000
     0.45532414E+000     0.30858724E+001    -0.12475765E+000     0.73162148E+004     0.19901384E+005    -0.32738694E+001    -0.48439448E+000
     0.45569163E+000     0.30718917E+001    -0.11136561E+000     0.72502182E+004     0.20014090E+005    -0.32498728E+001    -0.49689370E+000
     0.45605913E+000     0.30579907E+001    -0.98171393E-001     0.71824048E+004     0.20126261E+005    -0.32261289E+001    -0.50906347E+000
     0.45642662E+000     0.30441690E+001    -0.85171380E-001     0.71127828E+004     0.20237868E+005    -0.32026355E+001    -0.52091332E+000
     0.45679411E+000     0.30304261E+001    -0.72362027E-001     0.70413607E+004     0.20348884E+005    -0.31793900E+001    -0.53245245E+000
     0.45716161E+000     0.30167615E+001    -0.59739877E-001     0.69681474E+004     0.20459278E+005    -0.31563900E+001    -0.54368978E+000
     0.45752910E+000     0.30031749E+001    -0.47301554E-001     0.68931520E+004     0.20569024E+005    -0.31336330E+001    -0.55463396E+000
     0.45789659E+000     0.29896657E+001    -0.35043760E-001     0.68163843E+004     0.20678092E+005    -0.31111164E+001    -0.56529333E+000
     0.45826409E+000     0.29762335E+001    -0.22963277E-001     0.67378543E+004     0.20786453E+005    -0.30888376E+001    -0.57567599E+000
     0.45863158E+000     0.29628778E+001    -0.11056958E-001     0.66575723E+004     0.20894080E+005    -0.30667942E+001    -0.58578977E+000
     0.45899907E+000     0.29495982E+001     0.67826973E-003     0.65755493E+004     0.21000944E+005    -0.30449833E+001    -0.59564225E+000
     0.45936657E+000     0.29363941E+001     0.12245408E-001     0.64917967E+004     0.21107015E+005    -0.30234025E+001    -0.60524079E+000
     0.45973406E+000     0.29232652E+001     0.23647392E-001     0.64063261E+004     0.21212265E+005    -0.30020491E+001    -0.61459249E+000
     0.46010155E+000     0.29102108E+001     0.34887088E-001     0.63191500E+004     0.21316665E+005    -0.29809205E+001    -0.62370424E+000
     0.46046905E+000     0.28972306E+001     0.45967300E-001     0.62302811E+004     0.21420187E+005    -0.29600139E+001    -0.63258271E+000
     0.46083654E+000     0.28843241E+001     0.56890767E-001     0.61397326E+004     0.21522801E+005    -0.29393269E+001    -0.64123437E+000
     0.46120403E+000     0.28714907E+001     0.67660168E-001     0.60475184E+004     0.21624481E+005    -0.29188567E+001    -0.64966547E+000
     0.46157153E+000     0.28587300E+001     0.78278123E-001     0.59536529E+004     0.21725196E+005    -0.28986007E+001    -0.65788207E+000
     0.46193902E+000     0.28460415E+001     0.88747192E-001     0.58581507E+004     0.21824919E+005    -0.28785563E+001    -0.66589005E+000
     0.46230651E+000     0.28334247E+001     0.99069881E-001     0.57610275E+004     0.21923621E+005    -0.28587208E+001    -0.67369511E+000
     0.46267401E+000     0.28208791E+001     0.10924864E+000     0.56622990E+004     0.22021274E+005    -0.28390918E+001    -0.68130275E+000
     0.46304150E+000     0.28084043E+001     0.11928587E+000     0.55619818E+004     0.22117850E+005    -0.28196665E+001    -0.68871832E+000
     0.46340899E+000     0.27959997E+001     0.12918390E+000     0.54600931E+004     0.22213321E+005    -0.28004424E+001    -0.69594701E+000
     0.46377649E+000     0.27836648E+001     0.13894505E+000     0.53566503E+004     0.22307660E+005    -0.27814170E+001    -0.70299384E+000
     0.46414398E+000     0.27713993E+001     0.14857155E+000     0.52516718E+004     0.22400839E+005    -0.27625877E+001    -0.70986367E+000
     0.46451147E+000     0.27592025E+001     0.15806559E+000     0.51451762E+004     0.22492831E+005    -0.27439520E+001    -0.71656122E+000
     0.46487897E+000     0.27470741E+001     0.16742934E+000     0.50371831E+004     0.22583609E+005    -0.27255075E+001    -0.72309107E+000
     0.46524646E+000     0.27350134E+001     0.17666490E+000     0.49277122E+004     0.22673146E+005    -0.27072515E+001    -0.72945766E+000
     0.46561395E+000     0.27230201E+001     0.18577432E+000     0.48167841E+004     0.22761415E+005    -0.26891818E+001    -0.73566529E+000
     0.46598145E+000     0.27110937E+001     0.19475963E+000     0.47044199E+004     0.22848391E+005    -0.26712958E+001    -0.74171812E+000
     0.46634894E+000     0.26992337E+001     0.20362281E+000     0.45906413E+004     0.22934048E+005    -0.26535912E+001    -0.74762022E+000
     0.46671643E+000     0.26874396E+001     0.21236578E+000     0.44754705E+004     0.23018360E+005    -0.26360655E+001    -0.75337550E+000
     0.46708393E+000     0.26757110E+001     0.22099045E+000     0.43589303E+004     0.23101301E+005    -0.26187165E+001    -0.75898778E+000
     0.46745142E+000     0.26640473E+001     0.22949867E+000     0.42410441E+004     0.23182848E+005    -0.26015417E+001    -0.76446074E+000
     0.46781891E+000     0.26524481E+001     0.23789226E+000     0.41218359E+004     0.23262975E+005    -0.25845390E+001    -0.76979798E+000
     0.46818641E+000     0.26409130E+001     0.24617300E+000     0.40013300E+004     0.23341659E+005    -0.25677059E+001    -0.77500298E+000
     0.46855390E+000     0.26294414E+001     0.25434264E+000     0.38795517E+004     0.23418877E+005    -0.25510403E+001    -0.78007911E+000
     0.46892139E+000     0.26180330E+001     0.26240290E+000     0.37565265E+004     0.23494604E+005    -0.25345400E+001    -0.78502966E+000
     0.46928889E+000     0.26066872E+001     0.27035544E+000     0.36322804E+004     0.23568819E+005    -0.25182027E+001    -0.78985779E+000
     0.46965638E+000     0.25954037E+001     0.27820191E+000     0.35068402E+004     0.23641500E+005    -0.25020263E+001    -0.79456661E+000
     0.47002387E+000     0.25841819E+001     0.28594393E+000     0.33802331E+004     0.23712624E+005    -0.24860086E+001    -0.79915912E+000
     0.47039137E+000     0.25730213E+001     0.29358307E+000     0.32524866E+004     0.23782172E+005    -0.24701475E+001    -0.80363822E+000
     0.47075886E+000     0.25619217E+001     0.30112088E+000     0.31236290E+004     0.23850121E+005    -0.24544410E+001    -0.80800675E+000
     0.47112635E+000     0.25508825E+001     0.30855888E+000     0.29936889E+004     0.23916453E+005    -0.24388870E+001    -0.81226744E+000
     0.47149384E+000     0.25399032E+001     0.31589856E+000     0.28626955E+004     0.23981148E+005    -0.24234833E+001    -0.81642298E+000
     0.47186134E+000     0.25289835E+001     0.32314138E+000     0.27306782E+004     0.24044186E+005    -0.24082282E+001    -0.82047595E+000
     0.47222883E+000     0.25181229E+001     0.33028877E+000     0.25976672E+004     0.24105551E+005    -0.23931195E+001    -0.82442888E+000
     0.47259632E+000     0.25073209E+001     0.33734213E+000     0.24636928E+004     0.24165224E+005    -0.23781553E+001    -0.82828420E+000
     0.47296382E+000     0.24965772E+001     0.34430285E+000     0.23287859E+004     0.24223189E+005    -0.23633337E+001    -0.83204430E+000
     0.47333131E+000     0.24858913E+001     0.35117228E+000     0.21929777E+004     0.24279429E+005    -0.23486528E+001    -0.83571148E+000
     0.47369880E+000     0.24752628E+001     0.35795173E+000     0.20562998E+004     0.24333929E+005    -0.23341107E+001    -0.83928799E+000
     0.47406630E+000     0.24646913E+001     0.36464252E+000     0.19187843E+004     0.24386674E+005    -0.23197056E+001    -0.84277603E+000
     0.47443379E+000     0.24541763E+001     0.37124592E+000     0.17804634E+004     0.24437650E+005    -0.23054356E+001    -0.84617769E+000
     0.47480128E+000     0.24437175E+001     0.37776319E+000     0.16413697E+004     0.24486842E+005    -0.22912991E+001    -0.84949506E+000
     0.47516878E+000     0.24333145E+001     0.38419554E+000     0.15015362E+004     0.24534240E+005    -0.22772941E+001    -0.85273014E+000
     0.47553627E+000     0.24229667E+001     0.39054420E+000     0.13609961E+004     0.24579830E+005    -0.22634190E+001    -0.85588487E+000
     0.47590376E+000     0.24126739E+001     0.39681035E+000     0.12197828E+004     0.24623601E+005    -0.22496720E+001    -0.85896115E+000
     0.47627126E+000     0.24024357E+001     0.40299515E+000     0.10779301E+004     0.24665543E+005    -0.22360516E+001    -0.86196084E+000
     0.47663875E+000     0.23922515E+001     0.40909974E+000     0.93547196E+003     0.24705646E+005    -0.22225559E+001    -0.86488571E+000
     0.47700624E+000     0.23821211E+001     0.41512524E+000     0.79244244E+003     0.24743901E+005    -0.22091833E+001    -0.86773753E+000
     0.47737374E+000     0.23720441E+001     0.42107276E+000     0.64887587E+003     0.24780300E+005    -0.21959324E+001    -0.87051798E+000
     0.47774123E+000     0.23620200E+001     0.42694338E+000     0.50480671E+003     0.24814835E+005    -0.21828013E+001    -0.87322872E+000
     0.47810872E+000     0.23520485E+001     0.43273816E+000     0.36026957E+003     0.24847500E+005    -0.21697887E+001    -0.87587136E+000
     0.47847622E+000     0.23421293E+001     0.43845814E+000     0.21529914E+003     0.24878289E+005    -0.21568929E+001    -0.87844746E+000
     0.47884371E+000     0.23322618E+001     0.44410436E+000     0.69930218E+002     0.24907197E+005    -0.21441124E+001    -0.88095854E+000
     0.47921120E+000     0.23224458E+001     0.44967781E+000    -0.75802338E+002     0.24934220E+005    -0.21314457E+001    -0.88340609E+000
     0.47957870E+000     0.23126809E+001     0.45517949E+000    -0.22186363E+003     0.24959354E+005    -0.21188913E+001    -0.88579155E+000
     0.47994619E+000     0.23029667E+001     0.46061036E+000    -0.36821874E+003     0.24982596E+005    -0.21064479E+001    -0.88811632E+000
     0.48031368E+000     0.22933029E+001     0.46597139E+000    -0.51483276E+003     0.25003945E+005    -0.20941139E+001    -0.89038178E+000
     0.48068118E+000     0.22836890E+001     0.47126351E+000    -0.66167080E+003     0.25023400E+005    -0.20818879E+001    -0.89258924E+000
     0.48104867E+000     0.22741248E+001     0.47648765E+000    -0.80869802E+003     0.25040960E+005    -0.20697686E+001    -0.89474002E+000
     0.48141616E+000     0.22646099E+001     0.48164471E+000    -0.95587966E+003     0.25056626E+005    -0.20577546E+001    -0.89683537E+000
     0.48178366E+000     0.22551439E+001     0.48673558E+000    -0.11031811E+004     0.25070399E+005    -0.20458445E+001    -0.89887653E+000
     0.48215115E+000     0.22457265E+001     0.49176114E+000    -0.12505677E+004     0.25082282E+005    -0.20340370E+001    -0.90086468E+000
     0.48251864E+000     0.22363573E+001     0.49672225E+000    -0.13980051E+004     0.25092277E+005    -0.20223308E+001    -0.90280101E+000
     0.48288614E+000     0.22270360E+001     0.50161976E+000    -0.15454590E+004     0.25100388E+005    -0.20107246E+001    -0.90468664E+000
     0.48325363E+000     0.22177623E+001     0.50645450E+000    -0.16928954E+004     0.25106619E+005    -0.19992172E+001    -0.90652268E+000
     0.48362112E+000     0.22085358E+001     0.51122728E+000    -0.18402805E+004     0.25110976E+005    -0.19878073E+001    -0.90831021E+000
     0.48398862E+000     0.21993562E+001     0.51593892E+000    -0.19875805E+004     0.25113465E+005    -0.19764936E+001    -0.91005029E+000
     0.48435611E+000     0.21902232E+001     0.52059021E+000    -0.21347622E+004     0.25114091E+005    -0.19652750E+001    -0.91174394E+000
     0.48472360E+000     0.21811364E+001     0.52518192E+000    -0.22817924E+004     0.25112864E+005    -0.19541503E+001    -0.91339216E+000
     0.48509110E+000     0.21720955E+001     0.52971481E+000    -0.24286382E+004     0.25109790E+005    -0.19431183E+001    -0.91499593E+000
     0.48545859E+000     0.21631002E+001     0.53418965E+000    -0.25752672E+004     0.25104880E+005    -0.19321778E+001    -0.91655618E+000
     0.48582608E+000     0.21541501E+001     0.53860717E+000    -0.27216472E+004     0.25098142E+005    -0.19213276E+001    -0.91807386E+000
     0.48619358E+000     0.21452451E+001     0.54296811E+000    -0.28677463E+004     0.25089586E+005    -0.19105668E+001    -0.91954985E+000
     0.48656107E+000     0.21363846E+001     0.54727317E+000    -0.30135330E+004     0.25079224E+005    -0.18998941E+001    -0.92098505E+000
     0.48692856E+000     0.21275685E+001     0.55152307E+000    -0.31589763E+004     0.25067068E+005    -0.18893085E+001    -0.92238031E+000
     0.48729605E+000     0.21187964E+001     0.55571850E+000    -0.33040454E+004     0.25053129E+005    -0.18788089E+001    -0.92373647E+000
     0.48766355E+000     0.21100681E+001     0.55986014E+000    -0.34487102E+004     0.25037421E+005    -0.18683943E+001    -0.92505434E+000
     0.48803104E+000     0.21013831E+001     0.56394866E+000    -0.35929406E+004     0.25019957E+005    -0.18580636E+001    -0.92633472E+000
     0.48839853E+000     0.20927413E+001     0.56798473E+000    -0.37367074E+004     0.25000752E+005    -0.18478157E+001    -0.92757839E+000
     0.48876603E+000     0.20841424E+001     0.57196900E+000    -0.38799816E+004     0.24979819E+005    -0.18376498E+001    -0.92878611E+000
     0.48913352E+000     0.20755859E+001     0.57590211E+000    -0.40227347E+004     0.24957176E+005    -0.18275647E+001    -0.92995861E+000
     0.48950101E+000     0.20670717E+001     0.57978468E+000    -0.41649387E+004     0.24932836E+005    -0.18175595E+001    -0.93109661E+000
     0.48986851E+000     0.20585995E+001     0.58361735E+000    -0.43065662E+004     0.24906818E+005    -0.18076333E+001    -0.93220083E+000
     0.49023600E+000     0.20501689E+001     0.58740072E+000    -0.44475903E+004     0.24879137E+005    -0.17977851E+001    -0.93327194E+000
     0.49060349E+000     0.20417797E+001     0.59113540E+000    -0.45879845E+004     0.24849812E+005    -0.17880139E+001    -0.93431063E+000
     0.49097099E+000     0.20334317E+001     0.59482197E+000    -0.47277229E+004     0.24818860E+005    -0.17783189E+001    -0.93531754E+000
     0.49133848E+000     0.20251245E+001     0.59846102E+000    -0.48667802E+004     0.24786300E+005    -0.17686991E+001    -0.93629331E+000
     0.49170597E+000     0.20168578E+001     0.60205313E+000    -0.50051315E+004     0.24752151E+005    -0.17591537E+001    -0.93723856E+000
     0.49207347E+000     0.20086314E+001     0.60559886E+000    -0.51427528E+004     0.24716432E+005    -0.17496817E+001    -0.93815392E+000
     0.49244096E+000     0.20004450E+001     0.60909877E+000    -0.52796202E+004     0.24679163E+005    -0.17402823E+001    -0.93903996E+000
     0.49280845E+000     0.19922984E+001     0.61255341E+000    -0.54157109E+004     0.24640364E+005    -0.17309547E+001    -0.93989727E+000
     0.49317595E+000     0.19841913E+001     0.61596331E+000    -0.55510023E+004     0.24600055E+005    -0.17216979E+001    -0.94072643E+000
     0.49354344E+000     0.19761234E+001     0.61932902E+000    -0.56854725E+004     0.24558259E+005    -0.17125112E+001    -0.94152797E+000
     0.49391093E+000     0.19680945E+001     0.62265106E+000    -0.58191002E+004     0.24514995E+005    -0.17033938E+001    -0.94230245E+000
     0.49427843E+000     0.19601042E+001     0.62592994E+000    -0.59518649E+004     0.24470285E+005    -0.16943448E+001    -0.94305039E+000
     0.49464592E+000     0.19521524E+001     0.62916617E+000    -0.60837464E+004     0.24424152E+005    -0.16853635E+001    -0.94377230E+000
     0.49501341E+000     0.19442388E+001     0.63236026E+000    -0.62147252E+004     0.24376618E+005    -0.16764490E+001    -0.94446870E+000
     0.49538091E+000     0.19363632E+001     0.63551270E+000    -0.63447826E+004     0.24327705E+005    -0.16676006E+001    -0.94514007E+000
     0.49574840E+000     0.19285253E+001     0.63862398E+000    -0.64739003E+004     0.24277435E+005    -0.16588176E+001    -0.94578690E+000
     0.49611589E+000     0.19207248E+001     0.64169457E+000    -0.66020608E+004     0.24225832E+005    -0.16500992E+001    -0.94640965E+000
     0.49648339E+000     0.19129615E+001     0.64472496E+000    -0.67292470E+004     0.24172919E+005    -0.16414447E+001    -0.94700879E+000
     0.49685088E+000     0.19052352E+001     0.64771560E+000    -0.68554427E+004     0.24118719E+005    -0.16328532E+001    -0.94758476E+000
     0.49721837E+000     0.18975456E+001     0.65066695E+000    -0.69806320E+004     0.24063256E+005    -0.16243243E+001    -0.94813800E+000
     0.49758587E+000     0.18898925E+001     0.65357948E+000    -0.71047999E+004     0.24006553E+005    -0.16158570E+001    -0.94866895E+000
     0.49795336E+000     0.18822756E+001     0.65645363E+000    -0.72279318E+004     0.23948635E+005    -0.16074507E+001    -0.94917802E+000
     0.49832085E+000     0.18746948E+001     0.65928983E+000    -0.73500139E+004     0.23889525E+005    -0.15991048E+001    -0.94966562E+000
     0.49868835E+000     0.18671498E+001     0.66208852E+000    -0.74710329E+004     0.23829247E+005    -0.15908185E+001    -0.95013216E+000
     0.49905584E+000     0.18596403E+001     0.66485012E+000    -0.75909762E+004     0.23767825E+005    -0.15825913E+001    -0.95057801E+000
     0.49942333E+000     0.18521661E+001     0.66757507E+000    -0.77098317E+004     0.23705285E+005    -0.15744224E+001    -0.95100358E+000
     0.49979083E+000     0.18447271E+001     0.67026378E+000    -0.78275880E+004     0.23641649E+005    -0.15663112E+001    -0.95140922E+000
     0.50015832E+000     0.18373229E+001     0.67291665E+000    -0.79442342E+004     0.23576942E+005    -0.15582570E+001    -0.95179532E+000
     0.50052581E+000     0.18299535E+001     0.67553409E+000    -0.80597601E+004     0.23511189E+005    -0.15502593E+001    -0.95216222E+000
     0.50089331E+000     0.18226184E+001     0.67811650E+000    -0.81741559E+004     0.23444414E+005    -0.15423174E+001    -0.95251028E+000
     0.50126080E+000     0.18153176E+001     0.68066428E+000    -0.82874127E+004     0.23376641E+005    -0.15344307E+001    -0.95283983E+000
     0.50162829E+000     0.18080508E+001     0.68317780E+000    -0.83995219E+004     0.23307894E+005    -0.15265986E+001    -0.95315123E+000
     0.50199578E+000     0.18008178E+001     0.68565746E+000    -0.85104755E+004     0.23238199E+005    -0.15188206E+001    -0.95344478E+000
     0.50236328E+000     0.17936184E+001     0.68810363E+000    -0.86202663E+004     0.23167579E+005    -0.15110959E+001    -0.95372082E+000
     0.50273077E+000     0.17864523E+001     0.69051668E+000    -0.87288874E+004     0.23096058E+005    -0.15034241E+001    -0.95397966E+000
     0.50309826E+000     0.17793195E+001     0.69289699E+000    -0.88363324E+004     0.23023660E+005    -0.14958046E+001    -0.95422160E+000
     0.50346576E+000     0.17722196E+001     0.69524490E+000    -0.89425958E+004     0.22950410E+005    -0.14882369E+001    -0.95444694E+000
     0.50383325E+000     0.17651524E+001     0.69756078E+000    -0.90476722E+004     0.22876331E+005    -0.14807203E+001    -0.95465599E+000
     0.50420074E+000     0.17581178E+001     0.69984499E+000    -0.91515571E+004     0.22801448E+005    -0.14732543E+001    -0.95484902E+000
     0.50456824E+000     0.17511156E+001     0.70209787E+000    -0.92542462E+004     0.22725783E+005    -0.14658384E+001    -0.95502632E+000
     0.50493573E+000     0.17441456E+001     0.70431976E+000    -0.93557360E+004     0.22649360E+005    -0.14584721E+001    -0.95518817E+000
     0.50530322E+000     0.17372075E+001     0.70651100E+000    -0.94560232E+004     0.22572204E+005    -0.14511549E+001    -0.95533483E+000
     0.50567072E+000     0.17303011E+001     0.70867193E+000    -0.95551052E+004     0.22494336E+005    -0.14438862E+001    -0.95546656E+000
     0.50603821E+000     0.17234264E+001     0.71080287E+000    -0.96529798E+004     0.22415780E+005    -0.14366654E+001    -0.95558364E+000
     0.50640570E+000     0.17165830E+001     0.71290415E+000    -0.97496453E+004     0.22336559E+005    -0.14294923E+001    -0.95568630E+000
     0.50677320E+000     0.17097708E+001     0.71497610E+000    -0.98451005E+004     0.22256696E+005    -0.14223661E+001    -0.95577481E+000
     0.50714069E+000     0.17029896E+001     0.71701902E+000    -0.99393445E+004     0.22176213E+005    -0.14152865E+001    -0.95584939E+000
     0.50750818E+000     0.16962392E+001     0.71903324E+000    -0.10032377E+005     0.22095133E+005    -0.14082530E+001    -0.95591029E+000
     0.50787568E+000     0.16895195E+001     0.72101906E+000    -0.10124198E+005     0.22013477E+005    -0.14012650E+001    -0.95595775E+000
     0.50824317E+000     0.16828301E+001     0.72297678E+000    -0.10214808E+005     0.21931267E+005    -0.13943222E+001    -0.95599198E+000
     0.50861066E+000     0.16761711E+001     0.72490672E+000    -0.10304208E+005     0.21848525E+005    -0.13874240E+001    -0.95601321E+000
     0.50897816E+000     0.16695421E+001     0.72680915E+000    -0.10392399E+005     0.21765273E+005    -0.13805701E+001    -0.95602167E+000
     0.50934565E+000     0.16629431E+001     0.72868438E+000    -0.10479383E+005     0.21681532E+005    -0.13737599E+001    -0.95601756E+000
     0.50971314E+000     0.16563737E+001     0.73053270E+000    -0.10565162E+005     0.21597322E+005    -0.13669930E+001    -0.95600110E+000
     0.51008064E+000     0.16498340E+001     0.73235439E+000    -0.10649738E+005     0.21512664E+005    -0.13602690E+001    -0.95597248E+000
     0.51044813E+000     0.16433235E+001     0.73414973E+000    -0.10733115E+005     0.21427579E+005    -0.13535874E+001    -0.95593192E+000
     0.51081562E+000     0.16368423E+001     0.73591901E+000    -0.10815294E+005     0.21342087E+005    -0.13469479E+001    -0.95587961E+000
     0.51118312E+000     0.16303901E+001     0.73766250E+000    -0.10896281E+005     0.21256207E+005    -0.13403500E+001    -0.95581574E+000
     0.51155061E+000     0.16239668E+001     0.73938046E+000    -0.10976078E+005     0.21169960E+005    -0.13337933E+001    -0.95574050E+000
     0.51191810E+000     0.16175722E+001     0.74107318E+000    -0.11054689E+005     0.21083365E+005    -0.13272774E+001    -0.95565408E+000
     0.51228560E+000     0.16112060E+001     0.74274090E+000    -0.11132120E+005     0.20996441E+005    -0.13208019E+001    -0.95555665E+000
     0.51265309E+000     0.16048683E+001     0.74438391E+000    -0.11208374E+005     0.20909206E+005    -0.13143663E+001    -0.95544841E+000
     0.51302058E+000     0.15985587E+001     0.74600244E+000    -0.11283457E+005     0.20821679E+005    -0.13079704E+001    -0.95532952E+000
     0.51338808E+000     0.15922771E+001     0.74759677E+000    -0.11357375E+005     0.20733879E+005    -0.13016137E+001    -0.95520015E+000
     0.51375557E+000     0.15860234E+001     0.74916713E+000    -0.11430131E+005     0.20645823E+005    -0.12952958E+001    -0.95506047E+000
     0.51412306E+000     0.15797975E+001     0.75071379E+000    -0.11501733E+005     0.20557529E+005    -0.12890163E+001    -0.95491065E+000
     0.51449056E+000     0.15735990E+001     0.75223698E+000    -0.11572187E+005     0.20469014E+005    -0.12827750E+001    -0.95475084E+000
     0.51485805E+000     0.15674279E+001     0.75373695E+000    -0.11641498E+005     0.20380296E+005    -0.12765714E+001    -0.95458121E+000
     0.51522554E+000     0.15612841E+001     0.75521394E+000    -0.11709674E+005     0.20291390E+005    -0.12704051E+001    -0.95440192E+000
     0.51559304E+000     0.15551673E+001     0.75666819E+000    -0.11776720E+005     0.20202315E+005    -0.12642758E+001    -0.95421310E+000
     0.51596053E+000     0.15490775E+001     0.75809993E+000    -0.11842644E+005     0.20113085E+005    -0.12581832E+001    -0.95401492E+000
     0.51632802E+000     0.15430144E+001     0.75950939E+000    -0.11907453E+005     0.20023717E+005    -0.12521268E+001    -0.95380751E+000
     0.51669552E+000     0.15369779E+001     0.76089680E+000    -0.11971155E+005     0.19934226E+005    -0.12461064E+001    -0.95359103E+000
     0.51706301E+000     0.15309679E+001     0.76226239E+000    -0.12033756E+005     0.19844628E+005    -0.12401217E+001    -0.95336560E+000
     0.51743050E+000     0.15249842E+001     0.76360638E+000    -0.12095265E+005     0.19754937E+005    -0.12341722E+001    -0.95313138E+000
     0.51779799E+000     0.15190267E+001     0.76492899E+000    -0.12155689E+005     0.19665169E+005    -0.12282577E+001    -0.95288850E+000
     0.51816549E+000     0.15130952E+001     0.76623044E+000    -0.12215037E+005     0.19575338E+005    -0.12223778E+001    -0.95263708E+000
     0.51853298E+000     0.15071895E+001     0.76751094E+000    -0.12273316E+005     0.19485457E+005    -0.12165322E+001    -0.95237726E+000
     0.51890047E+000     0.15013096E+001     0.76877071E+000    -0.12330535E+005     0.19395541E+005    -0.12107206E+001    -0.95210916E+000
     0.51926797E+000     0.14954553E+001     0.77000997E+000    -0.12386702E+005     0.19305603E+005    -0.12049427E+001    -0.95183292E+000
     0.51963546E+000     0.14896264E+001     0.77122890E+000    -0.12441826E+005     0.19215656E+005    -0.11991981E+001    -0.95154866E+000
     0.52000295E+000     0.14838228E+001     0.77242773E+000    -0.12495915E+005     0.19125714E+005    -0.11934866E+001    -0.95125648E+000
     0.52037045E+000     0.14780443E+001     0.77360666E+000    -0.12548978E+005     0.19035789E+005    -0.11878079E+001    -0.95095653E+000
     0.52073794E+000     0.14722909E+001     0.77476588E+000    -0.12601025E+005     0.18945893E+005    -0.11821616E+001    -0.95064890E+000
     0.52110543E+000     0.14665624E+001     0.77590560E+000    -0.12652063E+005     0.18856039E+005    -0.11765475E+001    -0.95033372E+000
     0.52147293E+000     0.14608585E+001     0.77702601E+000    -0.12702103E+005     0.18766238E+005    -0.11709652E+001    -0.95001109E+000
     0.52184042E+000     0.14551793E+001     0.77812730E+000    -0.12751153E+005     0.18676502E+005    -0.11654146E+001    -0.94968113E+000
     0.52220791E+000     0.14495246E+001     0.77920967E+000    -0.12799222E+005     0.18586843E+005    -0.11598952E+001    -0.94934394E+000
     0.52257541E+000     0.14438942E+001     0.78027331E+000    -0.12846320E+005     0.18497270E+005    -0.11544069E+001    -0.94899963E+000
     0.52294290E+000     0.14382880E+001     0.78131840E+000    -0.12892457E+005     0.18407795E+005    -0.11489493E+001    -0.94864831E+000
     0.52331039E+000     0.14327059E+001     0.78234513E+000    -0.12937640E+005     0.18318429E+005    -0.11435222E+001    -0.94829007E+000
     0.52367789E+000     0.14271478E+001     0.78335369E+000    -0.12981881E+005     0.18229181E+005    -0.11381253E+001    -0.94792502E+000
     0.52404538E+000     0.14216134E+001     0.78434425E+000    -0.13025188E+005     0.18140061E+005    -0.11327583E+001    -0.94755325E+000
     0.52441287E+000     0.14161027E+001     0.78531699E+000    -0.13067572E+005     0.18051079E+005    -0.11274211E+001    -0.94717486E+000
     0.52478037E+000     0.14106156E+001     0.78627209E+000    -0.13109041E+005     0.17962245E+005    -0.11221132E+001    -0.94678995E+000
     0.52514786E+000     0.14051519E+001     0.78720973E+000    -0.13149605E+005     0.17873568E+005    -0.11168345E+001    -0.94639861E+000
     0.52551535E+000     0.13997115E+001     0.78813008E+000    -0.13189274E+005     0.17785056E+005    -0.11115847E+001    -0.94600093E+000
     0.52588285E+000     0.13942943E+001     0.78903331E+000    -0.13228057E+005     0.17696719E+005    -0.11063636E+001    -0.94559700E+000
     0.52625034E+000     0.13889002E+001     0.78991959E+000    -0.13265965E+005     0.17608564E+005    -0.11011708E+001    -0.94518691E+000
     0.52661783E+000     0.13835289E+001     0.79078909E+000    -0.13303006E+005     0.17520599E+005    -0.10960063E+001    -0.94477074E+000
     0.52698533E+000     0.13781805E+001     0.79164197E+000    -0.13339191E+005     0.17432834E+005    -0.10908696E+001    -0.94434859E+000
     0.52735282E+000     0.13728548E+001     0.79247840E+000    -0.13374529E+005     0.17345275E+005    -0.10857607E+001    -0.94392053E+000
     0.52772031E+000     0.13675516E+001     0.79329854E+000    -0.13409030E+005     0.17257930E+005    -0.10806792E+001    -0.94348664E+000
     0.52808781E+000     0.13622709E+001     0.79410255E+000    -0.13442703E+005     0.17170806E+005    -0.10756249E+001    -0.94304702E+000
     0.52845530E+000     0.13570125E+001     0.79489058E+000    -0.13475558E+005     0.17083910E+005    -0.10705976E+001    -0.94260173E+000
     0.52882279E+000     0.13517763E+001     0.79566280E+000    -0.13507606E+005     0.16997250E+005    -0.10655970E+001    -0.94215085E+000
     0.52919029E+000     0.13465622E+001     0.79641936E+000    -0.13538854E+005     0.16910831E+005    -0.10606230E+001    -0.94169447E+000
     0.52955778E+000     0.13413701E+001     0.79716042E+000    -0.13569314E+005     0.16824659E+005    -0.10556753E+001    -0.94123266E+000
     0.52992527E+000     0.13361999E+001     0.79788612E+000    -0.13598994E+005     0.16738742E+005    -0.10507537E+001    -0.94076548E+000
     0.53029277E+000     0.13310514E+001     0.79859662E+000    -0.13627905E+005     0.16653085E+005    -0.10458580E+001    -0.94029302E+000
     0.53066026E+000     0.13259245E+001     0.79929207E+000    -0.13656055E+005     0.16567694E+005    -0.10409880E+001    -0.93981534E+000
     0.53102775E+000     0.13208191E+001     0.79997260E+000    -0.13683454E+005     0.16482574E+005    -0.10361434E+001    -0.93933252E+000
     0.53139525E+000     0.13157352E+001     0.80063837E+000    -0.13710112E+005     0.16397732E+005    -0.10313240E+001    -0.93884463E+000
     0.53176274E+000     0.13106726E+001     0.80128953E+000    -0.13736037E+005     0.16313171E+005    -0.10265297E+001    -0.93835172E+000
     0.53213023E+000     0.13056311E+001     0.80192621E+000    -0.13761240E+005     0.16228896E+005    -0.10217602E+001    -0.93785388E+000
     0.53249773E+000     0.13006107E+001     0.80254855E+000    -0.13785730E+005     0.16144914E+005    -0.10170154E+001    -0.93735116E+000
     0.53286522E+000     0.12956113E+001     0.80315670E+000    -0.13809516E+005     0.16061228E+005    -0.10122949E+001    -0.93684363E+000
     0.53323271E+000     0.12906328E+001     0.80375079E+000    -0.13832606E+005     0.15977843E+005    -0.10075988E+001    -0.93633136E+000
     0.53360020E+000     0.12856750E+001     0.80433095E+000    -0.13855011E+005     0.15894763E+005    -0.10029266E+001    -0.93581440E+000
     0.53396770E+000     0.12807379E+001     0.80489734E+000    -0.13876739E+005     0.15811992E+005    -0.99827832E+000    -0.93529281E+000
     0.53433519E+000     0.12758213E+001     0.80545006E+000    -0.13897800E+005     0.15729534E+005    -0.99365368E+000    -0.93476667E+000
     0.53470268E+000     0.12709251E+001     0.80598927E+000    -0.13918202E+005     0.15647393E+005    -0.98905251E+000    -0.93423602E+000
     0.53507018E+000     0.12660493E+001     0.80651509E+000    -0.13937954E+005     0.15565573E+005    -0.98447462E+000    -0.93370093E+000
     0.53543767E+000     0.12611937E+001     0.80702765E+000    -0.13957066E+005     0.15484076E+005    -0.97991983E+000    -0.93316145E+000
     0.53580516E+000     0.12563582E+001     0.80752708E+000    -0.13975546E+005     0.15402907E+005    -0.97538796E+000    -0.93261764E+000
     0.53617266E+000     0.12515427E+001     0.80801351E+000    -0.13993402E+005     0.15322068E+005    -0.97087883E+000    -0.93206956E+000
     0.53654015E+000     0.12467472E+001     0.80848705E+000    -0.14010644E+005     0.15241562E+005    -0.96639226E+000    -0.93151725E+000
     0.53690764E+000     0.12419715E+001     0.80894784E+000    -0.14027280E+005     0.15161393E+005    -0.96192807E+000    -0.93096078E+000
     0.53727514E+000     0.12372155E+001     0.80939600E+000    -0.14043318E+005     0.15081563E+005    -0.95748609E+000    -0.93040020E+000
     0.53764263E+000     0.12324792E+001     0.80983165E+000    -0.14058768E+005     0.15002074E+005    -0.95306616E+000    -0.92983556E+000
     0.53801012E+000     0.12277624E+001     0.81025491E+000    -0.14073637E+005     0.14922929E+005    -0.94866809E+000    -0.92926691E+000
     0.53837762E+000     0.12230649E+001     0.81066590E+000    -0.14087934E+005     0.14844130E+005    -0.94429172E+000    -0.92869430E+000
     0.53874511E+000     0.12183869E+001     0.81106474E+000    -0.14101667E+005     0.14765680E+005    -0.93993689E+000    -0.92811777E+000
     0.53911260E+000     0.12137280E+001     0.81145154E+000    -0.14114844E+005     0.14687580E+005    -0.93560343E+000    -0.92753739E+000
     0.53948010E+000     0.12090883E+001     0.81182643E+000    -0.14127474E+005     0.14609833E+005    -0.93129118E+000    -0.92695320E+000
     0.53984759E+000     0.12044677E+001     0.81218951E+000    -0.14139564E+005     0.14532440E+005    -0.92699998E+000    -0.92636525E+000
     0.54021508E+000     0.11998660E+001     0.81254090E+000    -0.14151123E+005     0.14455403E+005    -0.92272967E+000    -0.92577357E+000
     0.54058258E+000     0.11952831E+001     0.81288071E+000    -0.14162158E+005     0.14378724E+005    -0.91848009E+000    -0.92517823E+000
     0.54095007E+000     0.11907190E+001     0.81320905E+000    -0.14172676E+005     0.14302404E+005    -0.91425109E+000    -0.92457925E+000
     0.54131756E+000     0.11861736E+001     0.81352604E+000    -0.14182687E+005     0.14226444E+005    -0.91004251E+000    -0.92397670E+000
     0.54168506E+000     0.11816467E+001     0.81383177E+000    -0.14192198E+005     0.14150845E+005    -0.90585421E+000    -0.92337061E+000
     0.54205255E+000     0.11771383E+001     0.81412637E+000    -0.14201215E+005     0.14075610E+005    -0.90168603E+000    -0.92276102E+000
     0.54242004E+000     0.11726484E+001     0.81440993E+000    -0.14209747E+005     0.14000738E+005    -0.89753782E+000    -0.92214798E+000
     0.54278754E+000     0.11681767E+001     0.81468257E+000    -0.14217801E+005     0.13926231E+005    -0.89340944E+000    -0.92153154E+000
     0.54315503E+000     0.11637232E+001     0.81494438E+000    -0.14225384E+005     0.13852090E+005    -0.88930074E+000    -0.92091172E+000
     0.54352252E+000     0.11592879E+001     0.81519548E+000    -0.14232505E+005     0.13778316E+005    -0.88521158E+000    -0.92028858E+000
     0.54389002E+000     0.11548706E+001     0.81543595E+000    -0.14239168E+005     0.13704908E+005    -0.88114181E+000    -0.91966215E+000
     0.54425751E+000     0.11504712E+001     0.81566591E+000    -0.14245383E+005     0.13631869E+005    -0.87709130E+000    -0.91903247E+000
     0.54462500E+000     0.11460897E+001     0.81588546E+000    -0.14251156E+005     0.13559197E+005    -0.87305991E+000    -0.91839958E+000
     0.54499250E+000     0.11417260E+001     0.81609469E+000    -0.14256494E+005     0.13486894E+005    -0.86904749E+000    -0.91776352E+000
     0.54535999E+000     0.11373799E+001     0.81629371E+000    -0.14261404E+005     0.13414961E+005    -0.86505392E+000    -0.91712433E+000
     0.54572748E+000     0.11330515E+001     0.81648261E+000    -0.14265892E+005     0.13343396E+005    -0.86107905E+000    -0.91648204E+000
     0.54609498E+000     0.11287406E+001     0.81666148E+000    -0.14269966E+005     0.13272201E+005    -0.85712276E+000    -0.91583669E+000
     0.54646247E+000     0.11244471E+001     0.81683044E+000    -0.14273632E+005     0.13201376E+005    -0.85318491E+000    -0.91518832E+000
     0.54682996E+000     0.11201710E+001     0.81698956E+000    -0.14276896E+005     0.13130920E+005    -0.84926537E+000    -0.91453697E+000
     0.54719746E+000     0.11159121E+001     0.81713894E+000    -0.14279765E+005     0.13060834E+005    -0.84536401E+000    -0.91388266E+000
     0.54756495E+000     0.11116704E+001     0.81727869E+000    -0.14282246E+005     0.12991118E+005    -0.84148071E+000    -0.91322543E+000
     0.54793244E+000     0.11074458E+001     0.81740888E+000    -0.14284345E+005     0.12921771E+005    -0.83761534E+000    -0.91256532E+000
     0.54829994E+000     0.11032382E+001     0.81752961E+000    -0.14286068E+005     0.12852793E+005    -0.83376777E+000    -0.91190237E+000
     0.54866743E+000     0.10990476E+001     0.81764097E+000    -0.14287421E+005     0.12784184E+005    -0.82993788E+000    -0.91123659E+000
     0.54903492E+000     0.10948738E+001     0.81774306E+000    -0.14288411E+005     0.12715943E+005    -0.82612554E+000    -0.91056804E+000
     0.54940241E+000     0.10907167E+001     0.81783595E+000    -0.14289042E+005     0.12648070E+005    -0.82233065E+000    -0.90989673E+000
     0.54976991E+000     0.10865764E+001     0.81791974E+000    -0.14289323E+005     0.12580566E+005    -0.81855307E+000    -0.90922270E+000
     0.55013740E+000     0.10824527E+001     0.81799452E+000    -0.14289257E+005     0.12513428E+005    -0.81479268E+000    -0.90854599E+000
     0.55050489E+000     0.10783455E+001     0.81806036E+000    -0.14288852E+005     0.12446657E+005    -0.81104938E+000    -0.90786662E+000
     0.55087239E+000     0.10742548E+001     0.81811737E+000    -0.14288112E+005     0.12380252E+005    -0.80732304E+000    -0.90718462E+000
     0.55123988E+000     0.10701805E+001     0.81816561E+000    -0.14287044E+005     0.12314212E+005    -0.80361355E+000    -0.90650003E+000
     0.55160737E+000     0.10661225E+001     0.81820518E+000    -0.14285653E+005     0.12248536E+005    -0.79992080E+000    -0.90581288E+000
     0.55197487E+000     0.10620807E+001     0.81823616E+000    -0.14283945E+005     0.12183225E+005    -0.79624467E+000    -0.90512318E+000
     0.55234236E+000     0.10580550E+001     0.81825863E+000    -0.14281924E+005     0.12118276E+005    -0.79258505E+000    -0.90443098E+000
     0.55270985E+000     0.10540454E+001     0.81827267E+000    -0.14279597E+005     0.12053690E+005    -0.78894183E+000    -0.90373630E+000
     0.55307735E+000     0.10500518E+001     0.81827836E+000    -0.14276969E+005     0.11989465E+005    -0.78531490E+000    -0.90303917E+000
     0.55344484E+000     0.10460742E+001     0.81827579E+000    -0.14274045E+005     0.11925600E+005    -0.78170415E+000    -0.90233962E+000
     0.55381233E+000     0.10421124E+001     0.81826502E+000    -0.14270829E+005     0.11862095E+005    -0.77810948E+000    -0.90163767E+000
     0.55417983E+000     0.10381663E+001     0.81824615E+000    -0.14267328E+005     0.11798948E+005    -0.77453078E+000    -0.90093335E+000
     0.55454732E+000     0.10342360E+001     0.81821925E+000    -0.14263546E+005     0.11736158E+005    -0.77096794E+000    -0.90022669E+000
     0.55491481E+000     0.10303213E+001     0.81818439E+000    -0.14259488E+005     0.11673725E+005    -0.76742087E+000    -0.89951772E+000
     0.55528231E+000     0.10264221E+001     0.81814166E+000    -0.14255159E+005     0.11611647E+005    -0.76388946E+000    -0.89880646E+000
     0.55564980E+000     0.10225384E+001     0.81809112E+000    -0.14250564E+005     0.11549922E+005    -0.76037360E+000    -0.89809293E+000
     0.55601729E+000     0.10186702E+001     0.81803286E+000    -0.14245707E+005     0.11488551E+005    -0.75687319E+000    -0.89737717E+000
     0.55638479E+000     0.10148172E+001     0.81796694E+000    -0.14240594E+005     0.11427531E+005    -0.75338815E+000    -0.89665919E+000
     0.55675228E+000     0.10109796E+001     0.81789344E+000    -0.14235229E+005     0.11366861E+005    -0.74991836E+000    -0.89593903E+000
     0.55711977E+000     0.10071571E+001     0.81781244E+000    -0.14229616E+005     0.11306540E+005    -0.74646373E+000    -0.89521671E+000
     0.55748727E+000     0.10033498E+001     0.81772400E+000    -0.14223760E+005     0.11246568E+005    -0.74302416E+000    -0.89449224E+000
     0.55785476E+000     0.99955751E+000     0.81762820E+000    -0.14217666E+005     0.11186942E+005    -0.73959956E+000    -0.89376566E+000
     0.55822225E+000     0.99578022E+000     0.81752511E+000    -0.14211337E+005     0.11127660E+005    -0.73618983E+000    -0.89303699E+000
     0.55858975E+000     0.99201785E+000     0.81741480E+000    -0.14204778E+005     0.11068723E+005    -0.73279488E+000    -0.89230626E+000
     0.55895724E+000     0.98827032E+000     0.81729734E+000    -0.14197994E+005     0.11010128E+005    -0.72941462E+000    -0.89157347E+000
     0.55932473E+000     0.98453758E+000     0.81717279E+000    -0.14190988E+005     0.10951874E+005    -0.72604894E+000    -0.89083867E+000
     0.55969223E+000     0.98081956E+000     0.81704123E+000    -0.14183765E+005     0.10893960E+005    -0.72269777E+000    -0.89010186E+000
     0.56005972E+000     0.97711618E+000     0.81690273E+000    -0.14176328E+005     0.10836384E+005    -0.71936101E+000    -0.88936308E+000
     0.56042721E+000     0.97342738E+000     0.81675734E+000    -0.14168682E+005     0.10779144E+005    -0.71603857E+000    -0.88862234E+000
     0.56079471E+000     0.96975310E+000     0.81660515E+000    -0.14160830E+005     0.10722240E+005    -0.71273036E+000    -0.88787967E+000
     0.56116220E+000     0.96609326E+000     0.81644620E+000    -0.14152778E+005     0.10665670E+005    -0.70943630E+000    -0.88713509E+000
     0.56152969E+000     0.96244781E+000     0.81628058E+000    -0.14144527E+005     0.10609431E+005    -0.70615629E+000    -0.88638861E+000
     0.56189719E+000     0.95881667E+000     0.81610834E+000    -0.14136083E+005     0.10553523E+005    -0.70289026E+000    -0.88564027E+000
     0.56226468E+000     0.95519978E+000     0.81592955E+000    -0.14127448E+005     0.10497945E+005    -0.69963811E+000    -0.88489008E+000
     0.56263217E+000     0.95159708E+000     0.81574427E+000    -0.14118627E+005     0.10442694E+005    -0.69639977E+000    -0.88413805E+000
     0.56299967E+000     0.94800850E+000     0.81555256E+000    -0.14109623E+005     0.10387769E+005    -0.69317514E+000    -0.88338422E+000
     0.56336716E+000     0.94443398E+000     0.81535450E+000    -0.14100440E+005     0.10333168E+005    -0.68996415E+000    -0.88262861E+000
     0.56373465E+000     0.94087345E+000     0.81515013E+000    -0.14091081E+005     0.10278890E+005    -0.68676671E+000    -0.88187122E+000
     0.56410214E+000     0.93732685E+000     0.81493952E+000    -0.14081549E+005     0.10224933E+005    -0.68358274E+000    -0.88111208E+000
     0.56446964E+000     0.93379413E+000     0.81472274E+000    -0.14071849E+005     0.10171296E+005    -0.68041216E+000    -0.88035122E+000
     0.56483713E+000     0.93027521E+000     0.81449984E+000    -0.14061982E+005     0.10117977E+005    -0.67725490E+000    -0.87958864E+000
     0.56520462E+000     0.92677003E+000     0.81427087E+000    -0.14051954E+005     0.10064975E+005    -0.67411086E+000    -0.87882437E+000
     0.56557212E+000     0.92327854E+000     0.81403592E+000    -0.14041767E+005     0.10012287E+005    -0.67097998E+000    -0.87805843E+000
     0.56593961E+000     0.91980067E+000     0.81379502E+000    -0.14031423E+005     0.99599117E+004    -0.66786218E+000    -0.87729084E+000
     0.56630710E+000     0.91633636E+000     0.81354823E+000    -0.14020927E+005     0.99078482E+004    -0.66475737E+000    -0.87652161E+000
     0.56667460E+000     0.91288554E+000     0.81329563E+000    -0.14010281E+005     0.98560944E+004    -0.66166549E+000    -0.87575076E+000
     0.56704209E+000     0.90944817E+000     0.81303726E+000    -0.13999489E+005     0.98046488E+004    -0.65858646E+000    -0.87497831E+000
     0.56740958E+000     0.90602417E+000     0.81277318E+000    -0.13988553E+005     0.97535096E+004    -0.65552019E+000    -0.87420428E+000
     0.56777708E+000     0.90261350E+000     0.81250344E+000    -0.13977476E+005     0.97026752E+004    -0.65246663E+000    -0.87342869E+000
     0.56814457E+000     0.89921608E+000     0.81222811E+000    -0.13966262E+005     0.96521438E+004    -0.64942569E+000    -0.87265155E+000
     0.56851206E+000     0.89583187E+000     0.81194723E+000    -0.13954913E+005     0.96019138E+004    -0.64639730E+000    -0.87187288E+000
     0.56887956E+000     0.89246079E+000     0.81166086E+000    -0.13943432E+005     0.95519836E+004    -0.64338140E+000    -0.87109270E+000
     0.56924705E+000     0.88910280E+000     0.81136907E+000    -0.13931822E+005     0.95023513E+004    -0.64037790E+000    -0.87031102E+000
     0.56961454E+000     0.88575784E+000     0.81107189E+000    -0.13920086E+005     0.94530154E+004    -0.63738674E+000    -0.86952787E+000
     0.56998204E+000     0.88242584E+000     0.81076938E+000    -0.13908225E+005     0.94039742E+004    -0.63440784E+000    -0.86874325E+000
     0.57034953E+000     0.87910676E+000     0.81046160E+000    -0.13896244E+005     0.93552259E+004    -0.63144115E+000    -0.86795718E+000
     0.57071702E+000     0.87580052E+000     0.81014860E+000    -0.13884144E+005     0.93067688E+004    -0.62848658E+000    -0.86716969E+000
     0.57108452E+000     0.87250709E+000     0.80983043E+000    -0.13871928E+005     0.92586014E+004    -0.62554408E+000    -0.86638078E+000
     0.57145201E+000     0.86922639E+000     0.80950714E+000    -0.13859598E+005     0.92107218E+004    -0.62261357E+000    -0.86559048E+000
     0.57181950E+000     0.86595838E+000     0.80917879E+000    -0.13847158E+005     0.91631283E+004    -0.61969498E+000    -0.86479879E+000
     0.57218700E+000     0.86270299E+000     0.80884542E+000    -0.13834609E+005     0.91158194E+004    -0.61678825E+000    -0.86400574E+000
     0.57255449E+000     0.85946018E+000     0.80850708E+000    -0.13821955E+005     0.90687933E+004    -0.61389332E+000    -0.86321133E+000
     0.57292198E+000     0.85622989E+000     0.80816383E+000    -0.13809196E+005     0.90220482E+004    -0.61101011E+000    -0.86241559E+000
     0.57328948E+000     0.85301205E+000     0.80781570E+000    -0.13796337E+005     0.89755826E+004    -0.60813857E+000    -0.86161853E+000
     0.57365697E+000     0.84980663E+000     0.80746277E+000    -0.13783378E+005     0.89293946E+004    -0.60527863E+000    -0.86082017E+000
     0.57402446E+000     0.84661356E+000     0.80710506E+000    -0.13770323E+005     0.88834827E+004    -0.60243022E+000    -0.86002051E+000
     0.57439196E+000     0.84343278E+000     0.80674263E+000    -0.13757173E+005     0.88378452E+004    -0.59959329E+000    -0.85921958E+000
     0.57475945E+000     0.84026425E+000     0.80637552E+000    -0.13743930E+005     0.87924803E+004    -0.59676777E+000    -0.85841739E+000
     0.57512694E+000     0.83710792E+000     0.80600379E+000    -0.13730598E+005     0.87473864E+004    -0.59395359E+000    -0.85761395E+000
     0.57549444E+000     0.83396372E+000     0.80562748E+000    -0.13717178E+005     0.87025618E+004    -0.59115070E+000    -0.85680928E+000
     0.57586193E+000     0.83083161E+000     0.80524664E+000    -0.13703671E+005     0.86580049E+004    -0.58835904E+000    -0.85600339E+000
     0.57622942E+000     0.82771153E+000     0.80486131E+000    -0.13690081E+005     0.86137139E+004    -0.58557854E+000    -0.85519630E+000
     0.57659692E+000     0.82460343E+000     0.80447153E+000    -0.13676408E+005     0.85696872E+004    -0.58280914E+000    -0.85438801E+000
     0.57696441E+000     0.82150726E+000     0.80407736E+000    -0.13662656E+005     0.85259232E+004    -0.58005080E+000    -0.85357855E+000
     0.57733190E+000     0.81842296E+000     0.80367884E+000    -0.13648826E+005     0.84824202E+004    -0.57730343E+000    -0.85276793E+000
     0.57769940E+000     0.81535049E+000     0.80327601E+000    -0.13634920E+005     0.84391765E+004    -0.57456700E+000    -0.85195616E+000
     0.57806689E+000     0.81228980E+000     0.80286892E+000    -0.13620940E+005     0.83961905E+004    -0.57184144E+000    -0.85114326E+000
     0.57843438E+000     0.80924083E+000     0.80245761E+000    -0.13606888E+005     0.83534605E+004    -0.56912669E+000    -0.85032923E+000
     0.57880188E+000     0.80620353E+000     0.80204212E+000    -0.13592765E+005     0.83109850E+004    -0.56642270E+000    -0.84951410E+000
     0.57916937E+000     0.80317785E+000     0.80162251E+000    -0.13578573E+005     0.82687622E+004    -0.56372941E+000    -0.84869787E+000
     0.57953686E+000     0.80016374E+000     0.80119880E+000    -0.13564315E+005     0.82267906E+004    -0.56104677E+000    -0.84788055E+000
     0.57990435E+000     0.79716115E+000     0.80077104E+000    -0.13549991E+005     0.81850686E+004    -0.55837471E+000    -0.84706217E+000
     0.58027185E+000     0.79417004E+000     0.80033927E+000    -0.13535605E+005     0.81435944E+004    -0.55571319E+000    -0.84624273E+000
     0.58063934E+000     0.79119035E+000     0.79990354E+000    -0.13521156E+005     0.81023666E+004    -0.55306214E+000    -0.84542225E+000
     0.58100683E+000     0.78822203E+000     0.79946389E+000    -0.13506647E+005     0.80613835E+004    -0.55042152E+000    -0.84460073E+000
     0.58137433E+000     0.78526503E+000     0.79902036E+000    -0.13492080E+005     0.80206435E+004    -0.54779127E+000    -0.84377820E+000
     0.58174182E+000     0.78231931E+000     0.79857298E+000    -0.13477457E+005     0.79801450E+004    -0.54517134E+000    -0.84295466E+000
     0.58210931E+000     0.77938482E+000     0.79812180E+000    -0.13462778E+005     0.79398865E+004    -0.54256168E+000    -0.84213013E+000
     0.58247681E+000     0.77646150E+000     0.79766686E+000    -0.13448045E+005     0.78998663E+004    -0.53996222E+000    -0.84130462E+000
     0.58284430E+000     0.77354932E+000     0.79720820E+000    -0.13433260E+005     0.78600829E+004    -0.53737293E+000    -0.84047813E+000
     0.58321179E+000     0.77064822E+000     0.79674585E+000    -0.13418424E+005     0.78205347E+004    -0.53479375E+000    -0.83965069E+000
     0.58357929E+000     0.76775816E+000     0.79627986E+000    -0.13403540E+005     0.77812203E+004    -0.53222463E+000    -0.83882230E+000
     0.58394678E+000     0.76487908E+000     0.79581026E+000    -0.13388607E+005     0.77421379E+004    -0.52966551E+000    -0.83799298E+000
     0.58431427E+000     0.76201095E+000     0.79533710E+000    -0.13373629E+005     0.77032861E+004    -0.52711636E+000    -0.83716274E+000
     0.58468177E+000     0.75915371E+000     0.79486040E+000    -0.13358605E+005     0.76646634E+004    -0.52457711E+000    -0.83633159E+000
     0.58504926E+000     0.75630732E+000     0.79438021E+000    -0.13343538E+005     0.76262682E+004    -0.52204771E+000    -0.83549953E+000
     0.58541675E+000     0.75347174E+000     0.79389657E+000    -0.13328429E+005     0.75880990E+004    -0.51952813E+000    -0.83466659E+000
     0.58578425E+000     0.75064690E+000     0.79340951E+000    -0.13313278E+005     0.75501543E+004    -0.51701831E+000    -0.83383278E+000
     0.58615174E+000     0.74783278E+000     0.79291907E+000    -0.13298089E+005     0.75124326E+004    -0.51451820E+000    -0.83299810E+000
     0.58651923E+000     0.74502933E+000     0.79242528E+000    -0.13282861E+005     0.74749323E+004    -0.51202775E+000    -0.83216257E+000
     0.58688673E+000     0.74223649E+000     0.79192818E+000    -0.13267596E+005     0.74376520E+004    -0.50954693E+000    -0.83132619E+000
     0.58725422E+000     0.73945423E+000     0.79142781E+000    -0.13252296E+005     0.74005903E+004    -0.50707567E+000    -0.83048899E+000
     0.58762171E+000     0.73668250E+000     0.79092420E+000    -0.13236960E+005     0.73637456E+004    -0.50461393E+000    -0.82965096E+000
     0.58798921E+000     0.73392126E+000     0.79041739E+000    -0.13221592E+005     0.73271165E+004    -0.50216167E+000    -0.82881213E+000
     0.58835670E+000     0.73117045E+000     0.78990741E+000    -0.13206192E+005     0.72907014E+004    -0.49971884E+000    -0.82797249E+000
     0.58872419E+000     0.72843004E+000     0.78939429E+000    -0.13190760E+005     0.72544991E+004    -0.49728539E+000    -0.82713207E+000
     0.58909169E+000     0.72569999E+000     0.78887808E+000    -0.13175299E+005     0.72185079E+004    -0.49486129E+000    -0.82629087E+000
     0.58945918E+000     0.72298024E+000     0.78835880E+000    -0.13159809E+005     0.71827266E+004    -0.49244647E+000    -0.82544891E+000
     0.58982667E+000     0.72027076E+000     0.78783649E+000    -0.13144291E+005     0.71471536E+004    -0.49004091E+000    -0.82460619E+000
     0.59019417E+000     0.71757150E+000     0.78731118E+000    -0.13128747E+005     0.71117875E+004    -0.48764455E+000    -0.82376273E+000
     0.59056166E+000     0.71488242E+000     0.78678290E+000    -0.13113178E+005     0.70766270E+004    -0.48525736E+000    -0.82291853E+000
     0.59092915E+000     0.71220348E+000     0.78625169E+000    -0.13097584E+005     0.70416706E+004    -0.48287928E+000    -0.82207360E+000
     0.59129665E+000     0.70953463E+000     0.78571758E+000    -0.13081967E+005     0.70069169E+004    -0.48051027E+000    -0.82122797E+000
     0.59166414E+000     0.70687583E+000     0.78518061E+000    -0.13066327E+005     0.69723646E+004    -0.47815030E+000    -0.82038163E+000
     0.59203163E+000     0.70422704E+000     0.78464080E+000    -0.13050666E+005     0.69380122E+004    -0.47579932E+000    -0.81953459E+000
     0.59239913E+000     0.70158822E+000     0.78409818E+000    -0.13034985E+005     0.69038584E+004    -0.47345728E+000    -0.81868687E+000
     0.59276662E+000     0.69895932E+000     0.78355279E+000    -0.13019284E+005     0.68699019E+004    -0.47112414E+000    -0.81783848E+000
     0.59313411E+000     0.69634030E+000     0.78300466E+000    -0.13003565E+005     0.68361412E+004    -0.46879987E+000    -0.81698942E+000
     0.59350161E+000     0.69373113E+000     0.78245382E+000    -0.12987828E+005     0.68025751E+004    -0.46648442E+000    -0.81613971E+000
     0.59386910E+000     0.69113176E+000     0.78190030E+000    -0.12972075E+005     0.67692022E+004    -0.46417775E+000    -0.81528936E+000
     0.59423659E+000     0.68854214E+000     0.78134414E+000    -0.12956306E+005     0.67360212E+004    -0.46187982E+000    -0.81443837E+000
     0.59460409E+000     0.68596225E+000     0.78078535E+000    -0.12940522E+005     0.67030307E+004    -0.45959059E+000    -0.81358675E+000
     0.59497158E+000     0.68339203E+000     0.78022397E+000    -0.12924723E+005     0.66702295E+004    -0.45731002E+000    -0.81273453E+000
     0.59533907E+000     0.68083146E+000     0.77966004E+000    -0.12908912E+005     0.66376162E+004    -0.45503806E+000    -0.81188169E+000
     0.59570656E+000     0.67828048E+000     0.77909357E+000    -0.12893089E+005     0.66051895E+004    -0.45277469E+000    -0.81102826E+000
     0.59607406E+000     0.67573905E+000     0.77852461E+000    -0.12877254E+005     0.65729482E+004    -0.45051985E+000    -0.81017424E+000
     0.59644155E+000     0.67320715E+000     0.77795317E+000    -0.12861408E+005     0.65408910E+004    -0.44827351E+000    -0.80931965E+000
     0.59680904E+000     0.67068472E+000     0.77737929E+000    -0.12845552E+005     0.65090166E+004    -0.44603564E+000    -0.80846449E+000
     0.59717654E+000     0.66817173E+000     0.77680300E+000    -0.12829687E+005     0.64773237E+004    -0.44380619E+000    -0.80760877E+000
     0.59754403E+000     0.66566815E+000     0.77622432E+000    -0.12813814E+005     0.64458111E+004    -0.44158513E+000    -0.80675250E+000
     0.59791152E+000     0.66317392E+000     0.77564328E+000    -0.12797933E+005     0.64144776E+004    -0.43937241E+000    -0.80589569E+000
     0.59827902E+000     0.66068901E+000     0.77505991E+000    -0.12782045E+005     0.63833218E+004    -0.43716800E+000    -0.80503834E+000
     0.59864651E+000     0.65821339E+000     0.77447424E+000    -0.12766151E+005     0.63523427E+004    -0.43497187E+000    -0.80418048E+000
     0.59901400E+000     0.65574701E+000     0.77388630E+000    -0.12750251E+005     0.63215389E+004    -0.43278397E+000    -0.80332210E+000
     0.59938150E+000     0.65328983E+000     0.77329611E+000    -0.12734347E+005     0.62909092E+004    -0.43060427E+000    -0.80246322E+000
     0.59974899E+000     0.65084183E+000     0.77270369E+000    -0.12718438E+005     0.62604525E+004    -0.42843273E+000    -0.80160385E+000
     0.60011648E+000     0.64840295E+000     0.77210908E+000    -0.12702526E+005     0.62301675E+004    -0.42626932E+000    -0.80074398E+000
     0.60048398E+000     0.64597317E+000     0.77151231E+000    -0.12686612E+005     0.62000531E+004    -0.42411400E+000    -0.79988364E+000
     0.60085147E+000     0.64355244E+000     0.77091339E+000    -0.12670695E+005     0.61701080E+004    -0.42196673E+000    -0.79902283E+000
     0.60121896E+000     0.64114073E+000     0.77031236E+000    -0.12654776E+005     0.61403312E+004    -0.41982747E+000    -0.79816156E+000
     0.60158646E+000     0.63873800E+000     0.76970923E+000    -0.12638857E+005     0.61107213E+004    -0.41769620E+000    -0.79729984E+000
     0.60195395E+000     0.63634421E+000     0.76910405E+000    -0.12622937E+005     0.60812774E+004    -0.41557288E+000    -0.79643768E+000
     0.60232144E+000     0.63395932E+000     0.76849682E+000    -0.12607018E+005     0.60519982E+004    -0.41345747E+000    -0.79557508E+000
     0.60268894E+000     0.63158331E+000     0.76788758E+000    -0.12591100E+005     0.60228825E+004    -0.41134994E+000    -0.79471205E+000
     0.60305643E+000     0.62921613E+000     0.76727635E+000    -0.12575183E+005     0.59939294E+004    -0.40925026E+000    -0.79384861E+000
     0.60342392E+000     0.62685774E+000     0.76666316E+000    -0.12559268E+005     0.59651375E+004    -0.40715838E+000    -0.79298476E+000
     0.60379142E+000     0.62450812E+000     0.76604803E+000    -0.12543356E+005     0.59365059E+004    -0.40507428E+000    -0.79212051E+000
     0.60415891E+000     0.62216722E+000     0.76543098E+000    -0.12527447E+005     0.59080334E+004    -0.40299792E+000    -0.79125586E+000
     0.60452640E+000     0.61983501E+000     0.76481205E+000    -0.12511541E+005     0.58797189E+004    -0.40092927E+000    -0.79039083E+000
     0.60489390E+000     0.61751145E+000     0.76419124E+000    -0.12495640E+005     0.58515612E+004    -0.39886829E+000    -0.78952543E+000
     0.60526139E+000     0.61519650E+000     0.76356860E+000    -0.12479743E+005     0.58235595E+004    -0.39681496E+000    -0.78865965E+000
     0.60562888E+000     0.61289014E+000     0.76294413E+000    -0.12463852E+005     0.57957124E+004    -0.39476923E+000    -0.78779352E+000
     0.60599638E+000     0.61059233E+000     0.76231787E+000    -0.12447966E+005     0.57680190E+004    -0.39273109E+000    -0.78692703E+000
     0.60636387E+000     0.60830302E+000     0.76168983E+000    -0.12432087E+005     0.57404783E+004    -0.39070048E+000    -0.78606020E+000
     0.60673136E+000     0.60602220E+000     0.76106005E+000    -0.12416214E+005     0.57130891E+004    -0.38867739E+000    -0.78519304E+000
     0.60709886E+000     0.60374981E+000     0.76042854E+000    -0.12400349E+005     0.56858504E+004    -0.38666178E+000    -0.78432555E+000
     0.60746635E+000     0.60148583E+000     0.75979532E+000    -0.12384491E+005     0.56587612E+004    -0.38465362E+000    -0.78345774E+000
     0.60783384E+000     0.59923023E+000     0.75916042E+000    -0.12368641E+005     0.56318204E+004    -0.38265288E+000    -0.78258961E+000
     0.60820134E+000     0.59698296E+000     0.75852387E+000    -0.12352800E+005     0.56050270E+004    -0.38065952E+000    -0.78172118E+000
     0.60856883E+000     0.59474400E+000     0.75788567E+000    -0.12336967E+005     0.55783800E+004    -0.37867352E+000    -0.78085246E+000
     0.60893632E+000     0.59251331E+000     0.75724586E+000    -0.12321144E+005     0.55518784E+004    -0.37669484E+000    -0.77998345E+000
     0.60930382E+000     0.59029086E+000     0.75660446E+000    -0.12305331E+005     0.55255212E+004    -0.37472346E+000    -0.77911415E+000
     0.60967131E+000     0.58807661E+000     0.75596148E+000    -0.12289527E+005     0.54993073E+004    -0.37275934E+000    -0.77824458E+000
     0.61003880E+000     0.58587053E+000     0.75531695E+000    -0.12273735E+005     0.54732359E+004    -0.37080245E+000    -0.77737475E+000
     0.61040629E+000     0.58367259E+000     0.75467090E+000    -0.12257953E+005     0.54473058E+004    -0.36885276E+000    -0.77650466E+000
     0.61077379E+000     0.58148275E+000     0.75402333E+000    -0.12242183E+005     0.54215162E+004    -0.36691025E+000    -0.77563432E+000
     0.61114128E+000     0.57930098E+000     0.75337428E+000    -0.12226424E+005     0.53958661E+004    -0.36497488E+000    -0.77476373E+000
     0.61150877E+000     0.57712725E+000     0.75272376E+000    -0.12210678E+005     0.53703545E+004    -0.36304662E+000    -0.77389291E+000
     0.61187627E+000     0.57496153E+000     0.75207179E+000    -0.12194943E+005     0.53449804E+004    -0.36112544E+000    -0.77302187E+000
     0.61224376E+000     0.57280378E+000     0.75141839E+000    -0.12179222E+005     0.53197430E+004    -0.35921132E+000    -0.77215060E+000
     0.61261125E+000     0.57065396E+000     0.75076359E+000    -0.12163514E+005     0.52946412E+004    -0.35730423E+000    -0.77127911E+000
     0.61297875E+000     0.56851206E+000     0.75010740E+000    -0.12147819E+005     0.52696741E+004    -0.35540413E+000    -0.77040742E+000
     0.61334624E+000     0.56637803E+000     0.74944985E+000    -0.12132139E+005     0.52448409E+004    -0.35351100E+000    -0.76953554E+000
     0.61371373E+000     0.56425185E+000     0.74879095E+000    -0.12116472E+005     0.52201405E+004    -0.35162481E+000    -0.76866346E+000
     0.61408123E+000     0.56213348E+000     0.74813072E+000    -0.12100820E+005     0.51955722E+004    -0.34974553E+000    -0.76779120E+000
     0.61444872E+000     0.56002289E+000     0.74746918E+000    -0.12085183E+005     0.51711349E+004    -0.34787314E+000    -0.76691875E+000
     0.61481621E+000     0.55792005E+000     0.74680636E+000    -0.12069560E+005     0.51468278E+004    -0.34600760E+000    -0.76604614E+000
     0.61518371E+000     0.55582493E+000     0.74614227E+000    -0.12053953E+005     0.51226500E+004    -0.34414888E+000    -0.76517337E+000
     0.61555120E+000     0.55373749E+000     0.74547692E+000    -0.12038362E+005     0.50986006E+004    -0.34229697E+000    -0.76430044E+000
     0.61591869E+000     0.55165771E+000     0.74481034E+000    -0.12022787E+005     0.50746787E+004    -0.34045183E+000    -0.76342736E+000
     0.61628619E+000     0.54958555E+000     0.74414255E+000    -0.12007228E+005     0.50508835E+004    -0.33861344E+000    -0.76255414E+000
     0.61665368E+000     0.54752099E+000     0.74347356E+000    -0.11991685E+005     0.50272141E+004    -0.33678176E+000    -0.76168079E+000
     0.61702117E+000     0.54546399E+000     0.74280340E+000    -0.11976160E+005     0.50036696E+004    -0.33495677E+000    -0.76080730E+000
     0.61738867E+000     0.54341453E+000     0.74213208E+000    -0.11960651E+005     0.49802491E+004    -0.33313845E+000    -0.75993370E+000
     0.61775616E+000     0.54137256E+000     0.74145962E+000    -0.11945160E+005     0.49569520E+004    -0.33132677E+000    -0.75905998E+000
     0.61812365E+000     0.53933807E+000     0.74078603E+000    -0.11929686E+005     0.49337772E+004    -0.32952170E+000    -0.75818616E+000
     0.61849115E+000     0.53731102E+000     0.74011134E+000    -0.11914230E+005     0.49107239E+004    -0.32772321E+000    -0.75731223E+000
     0.61885864E+000     0.53529139E+000     0.73943556E+000    -0.11898792E+005     0.48877914E+004    -0.32593128E+000    -0.75643821E+000
     0.61922613E+000     0.53327913E+000     0.73875871E+000    -0.11883373E+005     0.48649788E+004    -0.32414589E+000    -0.75556410E+000
     0.61959363E+000     0.53127423E+000     0.73808081E+000    -0.11867972E+005     0.48422853E+004    -0.32236700E+000    -0.75468991E+000
     0.61996112E+000     0.52927665E+000     0.73740187E+000    -0.11852589E+005     0.48197101E+004    -0.32059459E+000    -0.75381565E+000
     0.62032861E+000     0.52728637E+000     0.73672191E+000    -0.11837226E+005     0.47972524E+004    -0.31882864E+000    -0.75294132E+000
     0.62069611E+000     0.52530335E+000     0.73604095E+000    -0.11821882E+005     0.47749113E+004    -0.31706912E+000    -0.75206693E+000
     0.62106360E+000     0.52332756E+000     0.73535900E+000    -0.11806557E+005     0.47526862E+004    -0.31531600E+000    -0.75119249E+000
     0.62143109E+000     0.52135899E+000     0.73467609E+000    -0.11791252E+005     0.47305762E+004    -0.31356927E+000    -0.75031800E+000
     0.62179859E+000     0.51939759E+000     0.73399222E+000    -0.11775967E+005     0.47085805E+004    -0.31182888E+000    -0.74944347E+000
     0.62216608E+000     0.51744333E+000     0.73330742E+000    -0.11760701E+005     0.46866983E+004    -0.31009483E+000    -0.74856890E+000
     0.62253357E+000     0.51549620E+000     0.73262169E+000    -0.11745456E+005     0.46649290E+004    -0.30836709E+000    -0.74769431E+000
     0.62290107E+000     0.51355616E+000     0.73193506E+000    -0.11730231E+005     0.46432717E+004    -0.30664562E+000    -0.74681969E+000
     0.62326856E+000     0.51162318E+000     0.73124754E+000    -0.11715027E+005     0.46217257E+004    -0.30493041E+000    -0.74594506E+000
     0.62363605E+000     0.50969724E+000     0.73055915E+000    -0.11699844E+005     0.46002902E+004    -0.30322144E+000    -0.74507042E+000
     0.62400355E+000     0.50777830E+000     0.72986990E+000    -0.11684681E+005     0.45789645E+004    -0.30151867E+000    -0.74419578E+000
     0.62437104E+000     0.50586634E+000     0.72917982E+000    -0.11669540E+005     0.45577479E+004    -0.29982208E+000    -0.74332114E+000
     0.62473853E+000     0.50396134E+000     0.72848890E+000    -0.11654420E+005     0.45366396E+004    -0.29813166E+000    -0.74244651E+000
     0.62510603E+000     0.50206325E+000     0.72779717E+000    -0.11639321E+005     0.45156388E+004    -0.29644737E+000    -0.74157189E+000
     0.62547352E+000     0.50017206E+000     0.72710465E+000    -0.11624244E+005     0.44947450E+004    -0.29476919E+000    -0.74069730E+000
     0.62584101E+000     0.49828774E+000     0.72641134E+000    -0.11609188E+005     0.44739572E+004    -0.29309711E+000    -0.73982274E+000
     0.62620850E+000     0.49641026E+000     0.72571727E+000    -0.11594155E+005     0.44532750E+004    -0.29143109E+000    -0.73894821E+000
     0.62657600E+000     0.49453959E+000     0.72502245E+000    -0.11579143E+005     0.44326974E+004    -0.28977111E+000    -0.73807373E+000
     0.62694349E+000     0.49267571E+000     0.72432689E+000    -0.11564154E+005     0.44122239E+004    -0.28811715E+000    -0.73719929E+000
     0.62731098E+000     0.49081859E+000     0.72363061E+000    -0.11549187E+005     0.43918538E+004    -0.28646919E+000    -0.73632490E+000
     0.62767848E+000     0.48896820E+000     0.72293362E+000    -0.11534242E+005     0.43715863E+004    -0.28482720E+000    -0.73545057E+000
     0.62804597E+000     0.48712452E+000     0.72223594E+000    -0.11519320E+005     0.43514207E+004    -0.28319116E+000    -0.73457630E+000
     0.62841346E+000     0.48528751E+000     0.72153757E+000    -0.11504421E+005     0.43313565E+004    -0.28156106E+000    -0.73370211E+000
     0.62878096E+000     0.48345716E+000     0.72083855E+000    -0.11489544E+005     0.43113928E+004    -0.27993685E+000    -0.73282800E+000
     0.62914845E+000     0.48163343E+000     0.72013886E+000    -0.11474691E+005     0.42915292E+004    -0.27831853E+000    -0.73195396E+000
     0.62951594E+000     0.47981630E+000     0.71943855E+000    -0.11459860E+005     0.42717648E+004    -0.27670608E+000    -0.73108002E+000
     0.62988344E+000     0.47800575E+000     0.71873760E+000    -0.11445053E+005     0.42520990E+004    -0.27509946E+000    -0.73020617E+000
     0.63025093E+000     0.47620174E+000     0.71803605E+000    -0.11430269E+005     0.42325312E+004    -0.27349866E+000    -0.72933242E+000
     0.63061842E+000     0.47440425E+000     0.71733389E+000    -0.11415509E+005     0.42130607E+004    -0.27190365E+000    -0.72845877E+000
     0.63098592E+000     0.47261326E+000     0.71663116E+000    -0.11400772E+005     0.41936869E+004    -0.27031442E+000    -0.72758524E+000
     0.63135341E+000     0.47082874E+000     0.71592785E+000    -0.11386058E+005     0.41744091E+004    -0.26873094E+000    -0.72671182E+000
     0.63172090E+000     0.46905066E+000     0.71522399E+000    -0.11371369E+005     0.41552268E+004    -0.26715319E+000    -0.72583853E+000
     0.63208840E+000     0.46727900E+000     0.71451958E+000    -0.11356703E+005     0.41361392E+004    -0.26558114E+000    -0.72496537E+000
     0.63245589E+000     0.46551374E+000     0.71381463E+000    -0.11342061E+005     0.41171458E+004    -0.26401479E+000    -0.72409234E+000
     0.63282338E+000     0.46375484E+000     0.71310917E+000    -0.11327443E+005     0.40982459E+004    -0.26245410E+000    -0.72321945E+000
     0.63319088E+000     0.46200228E+000     0.71240320E+000    -0.11312849E+005     0.40794390E+004    -0.26089906E+000    -0.72234671E+000
     0.63355837E+000     0.46025604E+000     0.71169674E+000    -0.11298279E+005     0.40607243E+004    -0.25934964E+000    -0.72147411E+000
     0.63392586E+000     0.45851609E+000     0.71098980E+000    -0.11283734E+005     0.40421014E+004    -0.25780582E+000    -0.72060168E+000
     0.63429336E+000     0.45678241E+000     0.71028238E+000    -0.11269213E+005     0.40235695E+004    -0.25626759E+000    -0.71972941E+000
     0.63466085E+000     0.45505498E+000     0.70957451E+000    -0.11254716E+005     0.40051282E+004    -0.25473491E+000    -0.71885730E+000
     0.63502834E+000     0.45333376E+000     0.70886619E+000    -0.11240244E+005     0.39867768E+004    -0.25320778E+000    -0.71798537E+000
     0.63539584E+000     0.45161873E+000     0.70815745E+000    -0.11225796E+005     0.39685147E+004    -0.25168617E+000    -0.71711362E+000
     0.63576333E+000     0.44990988E+000     0.70744828E+000    -0.11211373E+005     0.39503414E+004    -0.25017006E+000    -0.71624205E+000
     0.63613082E+000     0.44820717E+000     0.70673870E+000    -0.11196975E+005     0.39322562E+004    -0.24865943E+000    -0.71537067E+000
     0.63649832E+000     0.44651058E+000     0.70602872E+000    -0.11182601E+005     0.39142586E+004    -0.24715426E+000    -0.71449949E+000
     0.63686581E+000     0.44482009E+000     0.70531836E+000    -0.11168252E+005     0.38963481E+004    -0.24565453E+000    -0.71362851E+000
     0.63723330E+000     0.44313566E+000     0.70460762E+000    -0.11153928E+005     0.38785240E+004    -0.24416022E+000    -0.71275773E+000
     0.63760080E+000     0.44145729E+000     0.70389652E+000    -0.11139629E+005     0.38607858E+004    -0.24267130E+000    -0.71188716E+000
     0.63796829E+000     0.43978494E+000     0.70318507E+000    -0.11125356E+005     0.38431329E+004    -0.24118777E+000    -0.71101681E+000
     0.63833578E+000     0.43811860E+000     0.70247328E+000    -0.11111107E+005     0.38255649E+004    -0.23970960E+000    -0.71014668E+000
     0.63870328E+000     0.43645823E+000     0.70176116E+000    -0.11096883E+005     0.38080811E+004    -0.23823677E+000    -0.70927678E+000
     0.63907077E+000     0.43480382E+000     0.70104872E+000    -0.11082684E+005     0.37906809E+004    -0.23676926E+000    -0.70840711E+000
     0.63943826E+000     0.43315533E+000     0.70033597E+000    -0.11068511E+005     0.37733640E+004    -0.23530705E+000    -0.70753767E+000
     0.63980576E+000     0.43151275E+000     0.69962293E+000    -0.11054363E+005     0.37561296E+004    -0.23385012E+000    -0.70666848E+000
     0.64017325E+000     0.42987606E+000     0.69890960E+000    -0.11040240E+005     0.37389774E+004    -0.23239846E+000    -0.70579954E+000
     0.64054074E+000     0.42824523E+000     0.69819600E+000    -0.11026142E+005     0.37219067E+004    -0.23095204E+000    -0.70493084E+000
     0.64090824E+000     0.42662024E+000     0.69748213E+000    -0.11012070E+005     0.37049170E+004    -0.22951085E+000    -0.70406241E+000
     0.64127573E+000     0.42500106E+000     0.69676801E+000    -0.10998024E+005     0.36880078E+004    -0.22807486E+000    -0.70319423E+000
     0.64164322E+000     0.42338767E+000     0.69605365E+000    -0.10984002E+005     0.36711787E+004    -0.22664406E+000    -0.70232633E+000
     0.64201071E+000     0.42178006E+000     0.69533905E+000    -0.10970006E+005     0.36544290E+004    -0.22521842E+000    -0.70145869E+000
     0.64237821E+000     0.42017819E+000     0.69462423E+000    -0.10956036E+005     0.36377584E+004    -0.22379794E+000    -0.70059134E+000
     0.64274570E+000     0.41858204E+000     0.69390920E+000    -0.10942091E+005     0.36211662E+004    -0.22238259E+000    -0.69972426E+000
     0.64311319E+000     0.41699160E+000     0.69319396E+000    -0.10928172E+005     0.36046519E+004    -0.22097235E+000    -0.69885747E+000
     0.64348069E+000     0.41540684E+000     0.69247853E+000    -0.10914279E+005     0.35882152E+004    -0.21956721E+000    -0.69799098E+000
     0.64384818E+000     0.41382773E+000     0.69176292E+000    -0.10900411E+005     0.35718554E+004    -0.21816714E+000    -0.69712478E+000
     0.64421567E+000     0.41225426E+000     0.69104714E+000    -0.10886568E+005     0.35555721E+004    -0.21677212E+000    -0.69625888E+000
     0.64458317E+000     0.41068641E+000     0.69033119E+000    -0.10872752E+005     0.35393649E+004    -0.21538215E+000    -0.69539329E+000
     0.64495066E+000     0.40912414E+000     0.68961509E+000    -0.10858961E+005     0.35232331E+004    -0.21399720E+000    -0.69452801E+000
     0.64531815E+000     0.40756745E+000     0.68889884E+000    -0.10845196E+005     0.35071765E+004    -0.21261725E+000    -0.69366305E+000
     0.64568565E+000     0.40601630E+000     0.68818246E+000    -0.10831456E+005     0.34911944E+004    -0.21124229E+000    -0.69279841E+000
     0.64605314E+000     0.40447068E+000     0.68746596E+000    -0.10817742E+005     0.34752863E+004    -0.20987229E+000    -0.69193409E+000
     0.64642063E+000     0.40293057E+000     0.68674934E+000    -0.10804054E+005     0.34594520E+004    -0.20850725E+000    -0.69107010E+000
     0.64678813E+000     0.40139594E+000     0.68603261E+000    -0.10790392E+005     0.34436908E+004    -0.20714714E+000    -0.69020645E+000
     0.64715562E+000     0.39986677E+000     0.68531578E+000    -0.10776755E+005     0.34280023E+004    -0.20579194E+000    -0.68934313E+000
     0.64752311E+000     0.39834304E+000     0.68459887E+000    -0.10763145E+005     0.34123860E+004    -0.20444164E+000    -0.68848016E+000
     0.64789061E+000     0.39682473E+000     0.68388187E+000    -0.10749560E+005     0.33968416E+004    -0.20309621E+000    -0.68761754E+000
     0.64825810E+000     0.39531182E+000     0.68316481E+000    -0.10736001E+005     0.33813685E+004    -0.20175565E+000    -0.68675527E+000
     0.64862559E+000     0.39380428E+000     0.68244768E+000    -0.10722467E+005     0.33659663E+004    -0.20041994E+000    -0.68589336E+000
     0.64899309E+000     0.39230210E+000     0.68173050E+000    -0.10708960E+005     0.33506346E+004    -0.19908905E+000    -0.68503182E+000
     0.64936058E+000     0.39080526E+000     0.68101328E+000    -0.10695478E+005     0.33353729E+004    -0.19776297E+000    -0.68417064E+000
     0.64972807E+000     0.38931373E+000     0.68029602E+000    -0.10682022E+005     0.33201807E+004    -0.19644169E+000    -0.68330982E+000
     0.65009557E+000     0.38782750E+000     0.67957873E+000    -0.10668592E+005     0.33050577E+004    -0.19512518E+000    -0.68244939E+000
     0.65046306E+000     0.38634654E+000     0.67886142E+000    -0.10655188E+005     0.32900035E+004    -0.19381343E+000    -0.68158934E+000
     0.65083055E+000     0.38487084E+000     0.67814411E+000    -0.10641810E+005     0.32750175E+004    -0.19250643E+000    -0.68072966E+000
     0.65119805E+000     0.38340036E+000     0.67742679E+000    -0.10628457E+005     0.32600993E+004    -0.19120415E+000    -0.67987038E+000
     0.65156554E+000     0.38193510E+000     0.67670947E+000    -0.10615130E+005     0.32452487E+004    -0.18990658E+000    -0.67901149E+000
     0.65193303E+000     0.38047503E+000     0.67599217E+000    -0.10601829E+005     0.32304650E+004    -0.18861370E+000    -0.67815300E+000
     0.65230053E+000     0.37902014E+000     0.67527490E+000    -0.10588554E+005     0.32157479E+004    -0.18732550E+000    -0.67729491E+000
     0.65266802E+000     0.37757039E+000     0.67455765E+000    -0.10575305E+005     0.32010971E+004    -0.18604195E+000    -0.67643723E+000
     0.65303551E+000     0.37612578E+000     0.67384044E+000    -0.10562081E+005     0.31865120E+004    -0.18476306E+000    -0.67557996E+000
     0.65340301E+000     0.37468628E+000     0.67312328E+000    -0.10548884E+005     0.31719923E+004    -0.18348878E+000    -0.67472310E+000
     0.65377050E+000     0.37325187E+000     0.67240617E+000    -0.10535711E+005     0.31575376E+004    -0.18221912E+000    -0.67386666E+000
     0.65413799E+000     0.37182253E+000     0.67168912E+000    -0.10522565E+005     0.31431475E+004    -0.18095405E+000    -0.67301064E+000
     0.65450549E+000     0.37039825E+000     0.67097214E+000    -0.10509445E+005     0.31288216E+004    -0.17969356E+000    -0.67215505E+000
     0.65487298E+000     0.36897900E+000     0.67025524E+000    -0.10496350E+005     0.31145594E+004    -0.17843764E+000    -0.67129990E+000
     0.65524047E+000     0.36756477E+000     0.66953842E+000    -0.10483281E+005     0.31003607E+004    -0.17718626E+000    -0.67044517E+000
     0.65560797E+000     0.36615553E+000     0.66882170E+000    -0.10470237E+005     0.30862249E+004    -0.17593941E+000    -0.66959089E+000
     0.65597546E+000     0.36475126E+000     0.66810507E+000    -0.10457220E+005     0.30721518E+004    -0.17469707E+000    -0.66873705E+000
     0.65634295E+000     0.36335195E+000     0.66738855E+000    -0.10444227E+005     0.30581409E+004    -0.17345923E+000    -0.66788366E+000
     0.65671044E+000     0.36195758E+000     0.66667215E+000    -0.10431261E+005     0.30441919E+004    -0.17222588E+000    -0.66703072E+000
     0.65707794E+000     0.36056813E+000     0.66595586E+000    -0.10418320E+005     0.30303044E+004    -0.17099699E+000    -0.66617823E+000
     0.65744543E+000     0.35918357E+000     0.66523970E+000    -0.10405405E+005     0.30164780E+004    -0.16977255E+000    -0.66532621E+000
     0.65781292E+000     0.35780390E+000     0.66452368E+000    -0.10392516E+005     0.30027123E+004    -0.16855255E+000    -0.66447465E+000
     0.65818042E+000     0.35642908E+000     0.66380780E+000    -0.10379651E+005     0.29890070E+004    -0.16733697E+000    -0.66362355E+000
     0.65854791E+000     0.35505911E+000     0.66309207E+000    -0.10366813E+005     0.29753617E+004    -0.16612580E+000    -0.66277293E+000
     0.65891540E+000     0.35369397E+000     0.66237650E+000    -0.10354000E+005     0.29617761E+004    -0.16491901E+000    -0.66192278E+000
     0.65928290E+000     0.35233362E+000     0.66166108E+000    -0.10341213E+005     0.29482497E+004    -0.16371660E+000    -0.66107311E+000
     0.65965039E+000     0.35097807E+000     0.66094584E+000    -0.10328451E+005     0.29347823E+004    -0.16251855E+000    -0.66022393E+000
     0.66001788E+000     0.34962728E+000     0.66023077E+000    -0.10315714E+005     0.29213734E+004    -0.16132484E+000    -0.65937523E+000
     0.66038538E+000     0.34828124E+000     0.65951589E+000    -0.10303003E+005     0.29080228E+004    -0.16013547E+000    -0.65852702E+000
     0.66075287E+000     0.34693994E+000     0.65880120E+000    -0.10290317E+005     0.28947300E+004    -0.15895040E+000    -0.65767931E+000
     0.66112036E+000     0.34560334E+000     0.65808670E+000    -0.10277657E+005     0.28814947E+004    -0.15776964E+000    -0.65683210E+000
     0.66148786E+000     0.34427145E+000     0.65737240E+000    -0.10265022E+005     0.28683167E+004    -0.15659316E+000    -0.65598538E+000
     0.66185535E+000     0.34294423E+000     0.65665831E+000    -0.10252412E+005     0.28551954E+004    -0.15542095E+000    -0.65513918E+000
     0.66222284E+000     0.34162167E+000     0.65594444E+000    -0.10239828E+005     0.28421306E+004    -0.15425299E+000    -0.65429348E+000
     0.66259034E+000     0.34030375E+000     0.65523079E+000    -0.10227269E+005     0.28291220E+004    -0.15308927E+000    -0.65344830E+000
     0.66295783E+000     0.33899045E+000     0.65451736E+000    -0.10214735E+005     0.28161693E+004    -0.15192978E+000    -0.65260363E+000
     0.66332532E+000     0.33768176E+000     0.65380417E+000    -0.10202226E+005     0.28032720E+004    -0.15077450E+000    -0.65175948E+000
     0.66369282E+000     0.33637766E+000     0.65309122E+000    -0.10189743E+005     0.27904298E+004    -0.14962341E+000    -0.65091586E+000
     0.66406031E+000     0.33507813E+000     0.65237852E+000    -0.10177284E+005     0.27776425E+004    -0.14847651E+000    -0.65007277E+000
     0.66442780E+000     0.33378315E+000     0.65166606E+000    -0.10164851E+005     0.27649097E+004    -0.14733377E+000    -0.64923020E+000
     0.66479530E+000     0.33249271E+000     0.65095387E+000    -0.10152443E+005     0.27522311E+004    -0.14619518E+000    -0.64838817E+000
     0.66516279E+000     0.33120678E+000     0.65024194E+000    -0.10140059E+005     0.27396063E+004    -0.14506074E+000    -0.64754668E+000
     0.66553028E+000     0.32992536E+000     0.64953027E+000    -0.10127701E+005     0.27270351E+004    -0.14393041E+000    -0.64670573E+000
     0.66589778E+000     0.32864842E+000     0.64881889E+000    -0.10115368E+005     0.27145171E+004    -0.14280420E+000    -0.64586533E+000
     0.66626527E+000     0.32737595E+000     0.64810778E+000    -0.10103060E+005     0.27020520E+004    -0.14168208E+000    -0.64502547E+000
     0.66663276E+000     0.32610792E+000     0.64739696E+000    -0.10090776E+005     0.26896396E+004    -0.14056404E+000    -0.64418617E+000
     0.66700026E+000     0.32484433E+000     0.64668643E+000    -0.10078517E+005     0.26772794E+004    -0.13945007E+000    -0.64334743E+000
     0.66736775E+000     0.32358516E+000     0.64597620E+000    -0.10066284E+005     0.26649712E+004    -0.13834016E+000    -0.64250924E+000
     0.66773524E+000     0.32233038E+000     0.64526628E+000    -0.10054075E+005     0.26527146E+004    -0.13723428E+000    -0.64167161E+000
     0.66810274E+000     0.32107998E+000     0.64455666E+000    -0.10041890E+005     0.26405095E+004    -0.13613243E+000    -0.64083455E+000
     0.66847023E+000     0.31983395E+000     0.64384735E+000    -0.10029731E+005     0.26283554E+004    -0.13503459E+000    -0.63999806E+000
     0.66883772E+000     0.31859227E+000     0.64313837E+000    -0.10017596E+005     0.26162521E+004    -0.13394075E+000    -0.63916214E+000
     0.66920522E+000     0.31735492E+000     0.64242971E+000    -0.10005486E+005     0.26041993E+004    -0.13285089E+000    -0.63832680E+000
     0.66957271E+000     0.31612188E+000     0.64172138E+000    -0.99934002E+004     0.25921967E+004    -0.13176500E+000    -0.63749204E+000
     0.66994020E+000     0.31489315E+000     0.64101338E+000    -0.99813391E+004     0.25802440E+004    -0.13068307E+000    -0.63665786E+000
     0.67030770E+000     0.31366869E+000     0.64030573E+000    -0.99693025E+004     0.25683409E+004    -0.12960509E+000    -0.63582426E+000
     0.67067519E+000     0.31244850E+000     0.63959842E+000    -0.99572904E+004     0.25564871E+004    -0.12853103E+000    -0.63499125E+000
     0.67104268E+000     0.31123257E+000     0.63889146E+000    -0.99453027E+004     0.25446823E+004    -0.12746089E+000    -0.63415884E+000
     0.67141018E+000     0.31002086E+000     0.63818485E+000    -0.99333394E+004     0.25329263E+004    -0.12639465E+000    -0.63332702E+000
     0.67177767E+000     0.30881337E+000     0.63747861E+000    -0.99214004E+004     0.25212187E+004    -0.12533230E+000    -0.63249580E+000
     0.67214516E+000     0.30761009E+000     0.63677273E+000    -0.99094857E+004     0.25095593E+004    -0.12427383E+000    -0.63166518E+000
     0.67251265E+000     0.30641098E+000     0.63606723E+000    -0.98975953E+004     0.24979479E+004    -0.12321921E+000    -0.63083516E+000
     0.67288015E+000     0.30521605E+000     0.63536209E+000    -0.98857291E+004     0.24863841E+004    -0.12216845E+000    -0.63000575E+000
     0.67324764E+000     0.30402528E+000     0.63465734E+000    -0.98738871E+004     0.24748676E+004    -0.12112153E+000    -0.62917696E+000
     0.67361513E+000     0.30283863E+000     0.63395297E+000    -0.98620693E+004     0.24633982E+004    -0.12007843E+000    -0.62834877E+000
     0.67398263E+000     0.30165612E+000     0.63324899E+000    -0.98502755E+004     0.24519757E+004    -0.11903914E+000    -0.62752120E+000
     0.67435012E+000     0.30047770E+000     0.63254540E+000    -0.98385057E+004     0.24405997E+004    -0.11800364E+000    -0.62669426E+000
     0.67471761E+000     0.29930338E+000     0.63184221E+000    -0.98267600E+004     0.24292699E+004    -0.11697193E+000    -0.62586793E+000
     0.67508511E+000     0.29813314E+000     0.63113943E+000    -0.98150382E+004     0.24179862E+004    -0.11594399E+000    -0.62504223E+000
     0.67545260E+000     0.29696695E+000     0.63043705E+000    -0.98033403E+004     0.24067483E+004    -0.11491981E+000    -0.62421716E+000
     0.67582009E+000     0.29580481E+000     0.62973508E+000    -0.97916663E+004     0.23955558E+004    -0.11389938E+000    -0.62339273E+000
     0.67618759E+000     0.29464670E+000     0.62903353E+000    -0.97800161E+004     0.23844086E+004    -0.11288268E+000    -0.62256892E+000
     0.67655508E+000     0.29349260E+000     0.62833240E+000    -0.97683896E+004     0.23733064E+004    -0.11186969E+000    -0.62174576E+000
     0.67692257E+000     0.29234250E+000     0.62763170E+000    -0.97567869E+004     0.23622489E+004    -0.11086042E+000    -0.62092323E+000
     0.67729007E+000     0.29119638E+000     0.62693142E+000    -0.97452079E+004     0.23512359E+004    -0.10985484E+000    -0.62010135E+000
     0.67765756E+000     0.29005423E+000     0.62623158E+000    -0.97336526E+004     0.23402670E+004    -0.10885294E+000    -0.61928011E+000
     0.67802505E+000     0.28891603E+000     0.62553218E+000    -0.97221208E+004     0.23293422E+004    -0.10785471E+000    -0.61845952E+000
     0.67839255E+000     0.28778178E+000     0.62483321E+000    -0.97106125E+004     0.23184611E+004    -0.10686014E+000    -0.61763958E+000
     0.67876004E+000     0.28665144E+000     0.62413469E+000    -0.96991278E+004     0.23076234E+004    -0.10586921E+000    -0.61682030E+000
     0.67912753E+000     0.28552502E+000     0.62343663E+000    -0.96876665E+004     0.22968290E+004    -0.10488191E+000    -0.61600168E+000
     0.67949503E+000     0.28440248E+000     0.62273901E+000    -0.96762286E+004     0.22860776E+004    -0.10389823E+000    -0.61518371E+000
     0.67986252E+000     0.28328383E+000     0.62204186E+000    -0.96648140E+004     0.22753689E+004    -0.10291817E+000    -0.61436641E+000
     0.68023001E+000     0.28216904E+000     0.62134516E+000    -0.96534228E+004     0.22647028E+004    -0.10194169E+000    -0.61354977E+000
     0.68059751E+000     0.28105810E+000     0.62064893E+000    -0.96420548E+004     0.22540789E+004    -0.10096880E+000    -0.61273380E+000
     0.68096500E+000     0.27995100E+000     0.61995317E+000    -0.96307100E+004     0.22434970E+004    -0.99999477E-001    -0.61191850E+000
     0.68133249E+000     0.27884772E+000     0.61925789E+000    -0.96193884E+004     0.22329570E+004    -0.99033714E-001    -0.61110388E+000
     0.68169999E+000     0.27774824E+000     0.61856308E+000    -0.96080899E+004     0.22224585E+004    -0.98071497E-001    -0.61028993E+000
     0.68206748E+000     0.27665255E+000     0.61786875E+000    -0.95968145E+004     0.22120013E+004    -0.97112815E-001    -0.60947666E+000
     0.68243497E+000     0.27556065E+000     0.61717490E+000    -0.95855620E+004     0.22015853E+004    -0.96157654E-001    -0.60866407E+000
     0.68280247E+000     0.27447250E+000     0.61648155E+000    -0.95743326E+004     0.21912101E+004    -0.95206003E-001    -0.60785216E+000
     0.68316996E+000     0.27338811E+000     0.61578868E+000    -0.95631260E+004     0.21808756E+004    -0.94257851E-001    -0.60704094E+000
     0.68353745E+000     0.27230745E+000     0.61509631E+000    -0.95519424E+004     0.21705815E+004    -0.93313185E-001    -0.60623041E+000
     0.68390495E+000     0.27123051E+000     0.61440444E+000    -0.95407815E+004     0.21603276E+004    -0.92371993E-001    -0.60542057E+000
     0.68427244E+000     0.27015728E+000     0.61371308E+000    -0.95296434E+004     0.21501137E+004    -0.91434264E-001    -0.60461142E+000
     0.68463993E+000     0.26908774E+000     0.61302222E+000    -0.95185281E+004     0.21399395E+004    -0.90499985E-001    -0.60380297E+000
     0.68500743E+000     0.26802188E+000     0.61233186E+000    -0.95074354E+004     0.21298049E+004    -0.89569146E-001    -0.60299522E+000
     0.68537492E+000     0.26695968E+000     0.61164202E+000    -0.94963653E+004     0.21197097E+004    -0.88641733E-001    -0.60218817E+000
     0.68574241E+000     0.26590114E+000     0.61095270E+000    -0.94853178E+004     0.21096535E+004    -0.87717737E-001    -0.60138182E+000
     0.68610991E+000     0.26484623E+000     0.61026390E+000    -0.94742928E+004     0.20996362E+004    -0.86797144E-001    -0.60057618E+000
     0.68647740E+000     0.26379495E+000     0.60957561E+000    -0.94632903E+004     0.20896576E+004    -0.85879945E-001    -0.59977124E+000
     0.68684489E+000     0.26274728E+000     0.60888786E+000    -0.94523102E+004     0.20797175E+004    -0.84966126E-001    -0.59896702E+000
     0.68721239E+000     0.26170320E+000     0.60820063E+000    -0.94413525E+004     0.20698156E+004    -0.84055676E-001    -0.59816351E+000
     0.68757988E+000     0.26066271E+000     0.60751394E+000    -0.94304171E+004     0.20599518E+004    -0.83148584E-001    -0.59736072E+000
     0.68794737E+000     0.25962579E+000     0.60682778E+000    -0.94195039E+004     0.20501258E+004    -0.82244840E-001    -0.59655864E+000
     0.68831486E+000     0.25859242E+000     0.60614216E+000    -0.94086130E+004     0.20403375E+004    -0.81344430E-001    -0.59575728E+000
     0.68868236E+000     0.25756260E+000     0.60545709E+000    -0.93977443E+004     0.20305866E+004    -0.80447344E-001    -0.59495665E+000
     0.68904985E+000     0.25653631E+000     0.60477255E+000    -0.93868976E+004     0.20208729E+004    -0.79553571E-001    -0.59415674E+000
     0.68941734E+000     0.25551353E+000     0.60408857E+000    -0.93760730E+004     0.20111963E+004    -0.78663099E-001    -0.59335755E+000
     0.68978484E+000     0.25449426E+000     0.60340513E+000    -0.93652705E+004     0.20015565E+004    -0.77775917E-001    -0.59255910E+000
     0.69015233E+000     0.25347848E+000     0.60272225E+000    -0.93544899E+004     0.19919533E+004    -0.76892014E-001    -0.59176138E+000
     0.69051982E+000     0.25246617E+000     0.60203993E+000    -0.93437312E+004     0.19823866E+004    -0.76011378E-001    -0.59096438E+000
     0.69088732E+000     0.25145733E+000     0.60135817E+000    -0.93329944E+004     0.19728561E+004    -0.75134000E-001    -0.59016813E+000
     0.69125481E+000     0.25045194E+000     0.60067696E+000    -0.93222794E+004     0.19633616E+004    -0.74259867E-001    -0.58937261E+000
     0.69162230E+000     0.24944999E+000     0.59999633E+000    -0.93115861E+004     0.19539030E+004    -0.73388968E-001    -0.58857783E+000
     0.69198980E+000     0.24845146E+000     0.59931626E+000    -0.93009145E+004     0.19444800E+004    -0.72521294E-001    -0.58778380E+000
     0.69235729E+000     0.24745635E+000     0.59863676E+000    -0.92902647E+004     0.19350925E+004    -0.71656832E-001    -0.58699051E+000
     0.69272478E+000     0.24646464E+000     0.59795784E+000    -0.92796364E+004     0.19257403E+004    -0.70795571E-001    -0.58619796E+000
     0.69309228E+000     0.24547631E+000     0.59727949E+000    -0.92690296E+004     0.19164232E+004    -0.69937501E-001    -0.58540616E+000
     0.69345977E+000     0.24449136E+000     0.59660172E+000    -0.92584444E+004     0.19071410E+004    -0.69082612E-001    -0.58461511E+000
     0.69382726E+000     0.24350977E+000     0.59592453E+000    -0.92478806E+004     0.18978934E+004    -0.68230891E-001    -0.58382482E+000
     0.69419476E+000     0.24253152E+000     0.59524793E+000    -0.92373382E+004     0.18886805E+004    -0.67382329E-001    -0.58303527E+000
     0.69456225E+000     0.24155662E+000     0.59457192E+000    -0.92268172E+004     0.18795018E+004    -0.66536915E-001    -0.58224649E+000
     0.69492974E+000     0.24058504E+000     0.59389649E+000    -0.92163174E+004     0.18703573E+004    -0.65694638E-001    -0.58145846E+000
     0.69529724E+000     0.23961677E+000     0.59322165E+000    -0.92058389E+004     0.18612469E+004    -0.64855487E-001    -0.58067119E+000
     0.69566473E+000     0.23865180E+000     0.59254741E+000    -0.91953816E+004     0.18521702E+004    -0.64019452E-001    -0.57988468E+000
     0.69603222E+000     0.23769012E+000     0.59187377E+000    -0.91849455E+004     0.18431271E+004    -0.63186522E-001    -0.57909894E+000
     0.69639972E+000     0.23673171E+000     0.59120072E+000    -0.91745304E+004     0.18341175E+004    -0.62356686E-001    -0.57831397E+000
     0.69676721E+000     0.23577657E+000     0.59052828E+000    -0.91641364E+004     0.18251411E+004    -0.61529935E-001    -0.57752976E+000
     0.69713470E+000     0.23482467E+000     0.58985644E+000    -0.91537633E+004     0.18161979E+004    -0.60706257E-001    -0.57674632E+000
     0.69750220E+000     0.23387602E+000     0.58918521E+000    -0.91434112E+004     0.18072876E+004    -0.59885642E-001    -0.57596365E+000
     0.69786969E+000     0.23293059E+000     0.58851458E+000    -0.91330800E+004     0.17984100E+004    -0.59068080E-001    -0.57518175E+000
     0.69823718E+000     0.23198838E+000     0.58784457E+000    -0.91227696E+004     0.17895650E+004    -0.58253561E-001    -0.57440063E+000
     0.69860468E+000     0.23104937E+000     0.58717517E+000    -0.91124800E+004     0.17807524E+004    -0.57442073E-001    -0.57362029E+000
     0.69897217E+000     0.23011354E+000     0.58650639E+000    -0.91022111E+004     0.17719721E+004    -0.56633607E-001    -0.57284072E+000
     0.69933966E+000     0.22918090E+000     0.58583822E+000    -0.90919629E+004     0.17632238E+004    -0.55828153E-001    -0.57206194E+000
     0.69970716E+000     0.22825143E+000     0.58517067E+000    -0.90817353E+004     0.17545074E+004    -0.55025700E-001    -0.57128394E+000
     0.70007465E+000     0.22732511E+000     0.58450375E+000    -0.90715283E+004     0.17458228E+004    -0.54226238E-001    -0.57050672E+000
     0.70044214E+000     0.22640193E+000     0.58383745E+000    -0.90613418E+004     0.17371697E+004    -0.53429756E-001    -0.56973029E+000
     0.70080964E+000     0.22548188E+000     0.58317177E+000    -0.90511758E+004     0.17285480E+004    -0.52636246E-001    -0.56895464E+000
     0.70117713E+000     0.22456496E+000     0.58250672E+000    -0.90410302E+004     0.17199576E+004    -0.51845696E-001    -0.56817978E+000
     0.70154462E+000     0.22365114E+000     0.58184231E+000    -0.90309050E+004     0.17113983E+004    -0.51058097E-001    -0.56740572E+000
     0.70191212E+000     0.22274042E+000     0.58117852E+000    -0.90208001E+004     0.17028699E+004    -0.50273438E-001    -0.56663244E+000
     0.70227961E+000     0.22183279E+000     0.58051537E+000    -0.90107154E+004     0.16943723E+004    -0.49491710E-001    -0.56585996E+000
     0.70264710E+000     0.22092823E+000     0.57985286E+000    -0.90006510E+004     0.16859052E+004    -0.48712902E-001    -0.56508828E+000
     0.70301459E+000     0.22002673E+000     0.57919099E+000    -0.89906067E+004     0.16774687E+004    -0.47937005E-001    -0.56431739E+000
     0.70338209E+000     0.21912829E+000     0.57852975E+000    -0.89805826E+004     0.16690624E+004    -0.47164008E-001    -0.56354730E+000
     0.70374958E+000     0.21823288E+000     0.57786916E+000    -0.89705785E+004     0.16606862E+004    -0.46393903E-001    -0.56277802E+000
     0.70411707E+000     0.21734050E+000     0.57720921E+000    -0.89605944E+004     0.16523400E+004    -0.45626678E-001    -0.56200953E+000
     0.70448457E+000     0.21645114E+000     0.57654991E+000    -0.89506303E+004     0.16440237E+004    -0.44862325E-001    -0.56124185E+000
     0.70485206E+000     0.21556479E+000     0.57589125E+000    -0.89406861E+004     0.16357370E+004    -0.44100833E-001    -0.56047497E+000
     0.70521955E+000     0.21468143E+000     0.57523324E+000    -0.89307618E+004     0.16274799E+004    -0.43342193E-001    -0.55970890E+000
     0.70558705E+000     0.21380106E+000     0.57457589E+000    -0.89208572E+004     0.16192521E+004    -0.42586395E-001    -0.55894363E+000
     0.70595454E+000     0.21292366E+000     0.57391919E+000    -0.89109725E+004     0.16110536E+004    -0.41833430E-001    -0.55817918E+000
     0.70632203E+000     0.21204922E+000     0.57326314E+000    -0.89011074E+004     0.16028841E+004    -0.41083287E-001    -0.55741554E+000
     0.70668953E+000     0.21117773E+000     0.57260775E+000    -0.88912620E+004     0.15947436E+004    -0.40335957E-001    -0.55665271E+000
     0.70705702E+000     0.21030918E+000     0.57195302E+000    -0.88814361E+004     0.15866318E+004    -0.39591431E-001    -0.55589069E+000
     0.70742451E+000     0.20944357E+000     0.57129894E+000    -0.88716299E+004     0.15785487E+004    -0.38849699E-001    -0.55512949E+000
     0.70779201E+000     0.20858087E+000     0.57064553E+000    -0.88618431E+004     0.15704941E+004    -0.38110751E-001    -0.55436910E+000
     0.70815950E+000     0.20772108E+000     0.56999278E+000    -0.88520758E+004     0.15624678E+004    -0.37374578E-001    -0.55360954E+000
     0.70852699E+000     0.20686418E+000     0.56934070E+000    -0.88423279E+004     0.15544697E+004    -0.36641171E-001    -0.55285079E+000
     0.70889449E+000     0.20601018E+000     0.56868928E+000    -0.88325993E+004     0.15464997E+004    -0.35910520E-001    -0.55209286E+000
     0.70926198E+000     0.20515904E+000     0.56803853E+000    -0.88228901E+004     0.15385577E+004    -0.35182615E-001    -0.55133576E+000
     0.70962947E+000     0.20431078E+000     0.56738845E+000    -0.88132001E+004     0.15306434E+004    -0.34457448E-001    -0.55057947E+000
     0.70999697E+000     0.20346537E+000     0.56673904E+000    -0.88035293E+004     0.15227567E+004    -0.33735009E-001    -0.54982402E+000
     0.71036446E+000     0.20262280E+000     0.56609030E+000    -0.87938776E+004     0.15148975E+004    -0.33015289E-001    -0.54906939E+000
     0.71073195E+000     0.20178307E+000     0.56544224E+000    -0.87842451E+004     0.15070658E+004    -0.32298278E-001    -0.54831558E+000
     0.71109945E+000     0.20094616E+000     0.56479485E+000    -0.87746315E+004     0.14992612E+004    -0.31583968E-001    -0.54756261E+000
     0.71146694E+000     0.20011206E+000     0.56414814E+000    -0.87650370E+004     0.14914837E+004    -0.30872348E-001    -0.54681046E+000
     0.71183443E+000     0.19928076E+000     0.56350210E+000    -0.87554615E+004     0.14837333E+004    -0.30163411E-001    -0.54605915E+000
     0.71220193E+000     0.19845226E+000     0.56285675E+000    -0.87459048E+004     0.14760096E+004    -0.29457146E-001    -0.54530867E+000
     0.71256942E+000     0.19762654E+000     0.56221207E+000    -0.87363670E+004     0.14683126E+004    -0.28753545E-001    -0.54455902E+000
     0.71293691E+000     0.19680359E+000     0.56156808E+000    -0.87268480E+004     0.14606422E+004    -0.28052598E-001    -0.54381021E+000
     0.71330441E+000     0.19598340E+000     0.56092477E+000    -0.87173478E+004     0.14529982E+004    -0.27354297E-001    -0.54306223E+000
     0.71367190E+000     0.19516597E+000     0.56028214E+000    -0.87078662E+004     0.14453805E+004    -0.26658632E-001    -0.54231509E+000
     0.71403939E+000     0.19435127E+000     0.55964020E+000    -0.86984033E+004     0.14377890E+004    -0.25965595E-001    -0.54156879E+000
     0.71440689E+000     0.19353931E+000     0.55899895E+000    -0.86889590E+004     0.14302235E+004    -0.25275176E-001    -0.54082332E+000
     0.71477438E+000     0.19273007E+000     0.55835839E+000    -0.86795333E+004     0.14226840E+004    -0.24587367E-001    -0.54007870E+000
     0.71514187E+000     0.19192354E+000     0.55771852E+000    -0.86701261E+004     0.14151702E+004    -0.23902158E-001    -0.53933492E+000
     0.71550937E+000     0.19111971E+000     0.55707933E+000    -0.86607373E+004     0.14076821E+004    -0.23219541E-001    -0.53859198E+000
     0.71587686E+000     0.19031857E+000     0.55644084E+000    -0.86513669E+004     0.14002195E+004    -0.22539507E-001    -0.53784989E+000
     0.71624435E+000     0.18952011E+000     0.55580305E+000    -0.86420149E+004     0.13927823E+004    -0.21862048E-001    -0.53710864E+000
     0.71661185E+000     0.18872433E+000     0.55516594E+000    -0.86326812E+004     0.13853704E+004    -0.21187153E-001    -0.53636824E+000
     0.71697934E+000     0.18793120E+000     0.55452953E+000    -0.86233658E+004     0.13779836E+004    -0.20514815E-001    -0.53562868E+000
     0.71734683E+000     0.18714073E+000     0.55389382E+000    -0.86140685E+004     0.13706219E+004    -0.19845025E-001    -0.53488997E+000
     0.71771433E+000     0.18635290E+000     0.55325881E+000    -0.86047895E+004     0.13632852E+004    -0.19177774E-001    -0.53415211E+000
     0.71808182E+000     0.18556771E+000     0.55262450E+000    -0.85955285E+004     0.13559732E+004    -0.18513053E-001    -0.53341510E+000
     0.71844931E+000     0.18478514E+000     0.55199088E+000    -0.85862856E+004     0.13486858E+004    -0.17850854E-001    -0.53267895E+000
     0.71881680E+000     0.18400518E+000     0.55135797E+000    -0.85770608E+004     0.13414231E+004    -0.17191168E-001    -0.53194364E+000
     0.71918430E+000     0.18322782E+000     0.55072575E+000    -0.85678539E+004     0.13341848E+004    -0.16533986E-001    -0.53120919E+000
     0.71955179E+000     0.18245306E+000     0.55009424E+000    -0.85586649E+004     0.13269707E+004    -0.15879301E-001    -0.53047559E+000
     0.71991928E+000     0.18168089E+000     0.54946344E+000    -0.85494938E+004     0.13197809E+004    -0.15227103E-001    -0.52974284E+000
     0.72028678E+000     0.18091129E+000     0.54883334E+000    -0.85403405E+004     0.13126152E+004    -0.14577384E-001    -0.52901095E+000
     0.72065427E+000     0.18014426E+000     0.54820394E+000    -0.85312050E+004     0.13054735E+004    -0.13930136E-001    -0.52827992E+000
     0.72102176E+000     0.17937978E+000     0.54757525E+000    -0.85220872E+004     0.12983555E+004    -0.13285349E-001    -0.52754975E+000
     0.72138926E+000     0.17861785E+000     0.54694727E+000    -0.85129872E+004     0.12912614E+004    -0.12643016E-001    -0.52682043E+000
     0.72175675E+000     0.17785846E+000     0.54632000E+000    -0.85039047E+004     0.12841908E+004    -0.12003128E-001    -0.52609197E+000
     0.72212424E+000     0.17710160E+000     0.54569344E+000    -0.84948399E+004     0.12771438E+004    -0.11365677E-001    -0.52536437E+000
     0.72249174E+000     0.17634726E+000     0.54506758E+000    -0.84857925E+004     0.12701202E+004    -0.10730654E-001    -0.52463764E+000
     0.72285923E+000     0.17559543E+000     0.54444244E+000    -0.84767627E+004     0.12631198E+004    -0.10098051E-001    -0.52391176E+000
     0.72322672E+000     0.17484610E+000     0.54381801E+000    -0.84677503E+004     0.12561426E+004    -0.94678607E-002    -0.52318675E+000
     0.72359422E+000     0.17409926E+000     0.54319429E+000    -0.84587554E+004     0.12491885E+004    -0.88400735E-002    -0.52246260E+000
     0.72396171E+000     0.17335491E+000     0.54257129E+000    -0.84497777E+004     0.12422574E+004    -0.82146815E-002    -0.52173932E+000
     0.72432920E+000     0.17261303E+000     0.54194900E+000    -0.84408174E+004     0.12353491E+004    -0.75916767E-002    -0.52101690E+000
     0.72469670E+000     0.17187361E+000     0.54132742E+000    -0.84318744E+004     0.12284635E+004    -0.69710508E-002    -0.52029535E+000
     0.72506419E+000     0.17113666E+000     0.54070656E+000    -0.84229485E+004     0.12216006E+004    -0.63527956E-002    -0.51957466E+000
     0.72543168E+000     0.17040215E+000     0.54008642E+000    -0.84140398E+004     0.12147602E+004    -0.57369031E-002    -0.51885484E+000
     0.72579918E+000     0.16967007E+000     0.53946699E+000    -0.84051483E+004     0.12079422E+004    -0.51233650E-002    -0.51813589E+000
     0.72616667E+000     0.16894043E+000     0.53884829E+000    -0.83962738E+004     0.12011465E+004    -0.45121734E-002    -0.51741781E+000
     0.72653416E+000     0.16821321E+000     0.53823030E+000    -0.83874163E+004     0.11943730E+004    -0.39033202E-002    -0.51670060E+000
     0.72690166E+000     0.16748840E+000     0.53761303E+000    -0.83785758E+004     0.11876217E+004    -0.32967973E-002    -0.51598425E+000
     0.72726915E+000     0.16676599E+000     0.53699648E+000    -0.83697523E+004     0.11808923E+004    -0.26925968E-002    -0.51526878E+000
     0.72763664E+000     0.16604598E+000     0.53638065E+000    -0.83609456E+004     0.11741848E+004    -0.20907106E-002    -0.51455418E+000
     0.72800414E+000     0.16532836E+000     0.53576554E+000    -0.83521558E+004     0.11674991E+004    -0.14911308E-002    -0.51384045E+000
     0.72837163E+000     0.16461311E+000     0.53515116E+000    -0.83433828E+004     0.11608351E+004    -0.89384959E-003    -0.51312760E+000
     0.72873912E+000     0.16390023E+000     0.53453749E+000    -0.83346265E+004     0.11541927E+004    -0.29885893E-003    -0.51241561E+000
     0.72910662E+000     0.16318971E+000     0.53392455E+000    -0.83258870E+004     0.11475718E+004     0.29384901E-003    -0.51170450E+000
     0.72947411E+000     0.16248154E+000     0.53331233E+000    -0.83171641E+004     0.11409723E+004     0.88428207E-003    -0.51099427E+000
     0.72984160E+000     0.16177572E+000     0.53270084E+000    -0.83084578E+004     0.11343941E+004     0.14724481E-002    -0.51028491E+000
     0.73020910E+000     0.16107222E+000     0.53209007E+000    -0.82997681E+004     0.11278370E+004     0.20583548E-002    -0.50957643E+000
     0.73057659E+000     0.16037106E+000     0.53148003E+000    -0.82910949E+004     0.11213011E+004     0.26420101E-002    -0.50886882E+000
     0.73094408E+000     0.15967221E+000     0.53087071E+000    -0.82824382E+004     0.11147861E+004     0.32234217E-002    -0.50816209E+000
     0.73131158E+000     0.15897567E+000     0.53026212E+000    -0.82737980E+004     0.11082921E+004     0.38025972E-002    -0.50745624E+000
     0.73167907E+000     0.15828144E+000     0.52965426E+000    -0.82651741E+004     0.11018188E+004     0.43795444E-002    -0.50675127E+000
     0.73204656E+000     0.15758949E+000     0.52904712E+000    -0.82565666E+004     0.10953662E+004     0.49542710E-002    -0.50604717E+000
     0.73241406E+000     0.15689983E+000     0.52844071E+000    -0.82479753E+004     0.10889343E+004     0.55267846E-002    -0.50534396E+000
     0.73278155E+000     0.15621245E+000     0.52783503E+000    -0.82394004E+004     0.10825229E+004     0.60970928E-002    -0.50464162E+000
     0.73314904E+000     0.15552733E+000     0.52723008E+000    -0.82308416E+004     0.10761319E+004     0.66652033E-002    -0.50394016E+000
     0.73351654E+000     0.15484448E+000     0.52662586E+000    -0.82222990E+004     0.10697612E+004     0.72311235E-002    -0.50323959E+000
     0.73388403E+000     0.15416387E+000     0.52602236E+000    -0.82137726E+004     0.10634107E+004     0.77948611E-002    -0.50253989E+000
     0.73425152E+000     0.15348551E+000     0.52541960E+000    -0.82052622E+004     0.10570804E+004     0.83564236E-002    -0.50184108E+000
