srun: warning: can't honor --ntasks-per-node set to 16 which doesn't match the requested tasks 64 and -mpack, which forces min number of nodes to 1
CPU_SET_HEX_STR_SIZE: 257, Size of mstr: 257
cpu-bind=MASK - cn1520, task 32  0 [619292]: mask |BBBBBBBB|--------|--------|--------|--------|--------|--------|--------|--------|BBBB----|--------|--------||||--------|--------|--------|--------|--------|--------|--------|--------|--------|--------|--------|--------| set
CPU_SET_HEX_STR_SIZE: 257, Size of mstr: 257
cpu-bind=MASK - cn1518, task 16  0 [436876]: mask |BBBBBBBB|--------|--------|--------|--------|--------|--------|--------|--------|BBBB----|--------|--------||||--------|--------|--------|--------|--------|--------|--------|--------|--------|--------|--------|--------| set
CPU_SET_HEX_STR_SIZE: 257, Size of mstr: 257
cpu-bind=MASK - cn1520, task 33  1 [619293]: mask |--------|--------|--------|BBBBBBBB|--------|--------|--------|--------|--------|----BBBB|--------|--------||||--------|--------|--------|--------|--------|--------|--------|--------|--------|--------|--------|--------| set
CPU_SET_HEX_STR_SIZE: 257, Size of mstr: 257
cpu-bind=MASK - cn1518, task 17  1 [436877]: mask |--------|--------|--------|BBBBBBBB|--------|--------|--------|--------|--------|----BBBB|--------|--------||||--------|--------|--------|--------|--------|--------|--------|--------|--------|--------|--------|--------| set
CPU_SET_HEX_STR_SIZE: 257, Size of mstr: 257
cpu-bind=MASK - cn1520, task 34  2 [619294]: mask |--------|BBBB----|--------|--------|--------|--------|BBBBBBBB|--------|--------|--------|--------|--------||||--------|--------|--------|--------|--------|--------|--------|--------|--------|--------|--------|--------| set
CPU_SET_HEX_STR_SIZE: 257, Size of mstr: 257
cpu-bind=MASK - cn1518, task 18  2 [436878]: mask |--------|BBBB----|--------|--------|--------|--------|BBBBBBBB|--------|--------|--------|--------|--------||||--------|--------|--------|--------|--------|--------|--------|--------|--------|--------|--------|--------| set
CPU_SET_HEX_STR_SIZE: 257, Size of mstr: 257
cpu-bind=MASK - cn1520, task 35  3 [619295]: mask |--------|----BBBB|--------|--------|--------|--------|--------|--------|--------|--------|BBBBBBBB|--------||||--------|--------|--------|--------|--------|--------|--------|--------|--------|--------|--------|--------| set
CPU_SET_HEX_STR_SIZE: 257, Size of mstr: 257
cpu-bind=MASK - cn1518, task 19  3 [436879]: mask |--------|----BBBB|--------|--------|--------|--------|--------|--------|--------|--------|BBBBBBBB|--------||||--------|--------|--------|--------|--------|--------|--------|--------|--------|--------|--------|--------| set
CPU_SET_HEX_STR_SIZE: 257, Size of mstr: 257
cpu-bind=MASK - cn1520, task 36  4 [619296]: mask |--------|--------|--------|--------|BBBBBBBB|--------|--------|BBBB----|--------|--------|--------|--------||||--------|--------|--------|--------|--------|--------|--------|--------|--------|--------|--------|--------| set
CPU_SET_HEX_STR_SIZE: 257, Size of mstr: 257
cpu-bind=MASK - cn1518, task 20  4 [436880]: mask |--------|--------|--------|--------|BBBBBBBB|--------|--------|BBBB----|--------|--------|--------|--------||||--------|--------|--------|--------|--------|--------|--------|--------|--------|--------|--------|--------| set
CPU_SET_HEX_STR_SIZE: 257, Size of mstr: 257
cpu-bind=MASK - cn1520, task 37  5 [619297]: mask |--------|--------|BBBBBBBB|--------|--------|--------|--------|----BBBB|--------|--------|--------|--------||||--------|--------|--------|--------|--------|--------|--------|--------|--------|--------|--------|--------| set
CPU_SET_HEX_STR_SIZE: 257, Size of mstr: 257
cpu-bind=MASK - cn1520, task 38  6 [619298]: mask |--------|--------|--------|--------|--------|BBBB----|--------|--------|--------|--------|--------|BBBBBBBB||||--------|--------|--------|--------|--------|--------|--------|--------|--------|--------|--------|--------| set
CPU_SET_HEX_STR_SIZE: 257, Size of mstr: 257
cpu-bind=MASK - cn1520, task 39  7 [619299]: mask |--------|--------|--------|--------|--------|----BBBB|--------|--------|BBBBBBBB|--------|--------|--------||||--------|--------|--------|--------|--------|--------|--------|--------|--------|--------|--------|--------| set
CPU_SET_HEX_STR_SIZE: 257, Size of mstr: 257
cpu-bind=MASK - cn1520, task 40  8 [619300]: mask |--------|--------|--------|--------|--------|--------|--------|--------|--------|--------|--------|--------||||BBBBBBBB|--------|--------|--------|--------|--------|--------|--------|--------|BBBB----|--------|--------| set
CPU_SET_HEX_STR_SIZE: 257, Size of mstr: 257
cpu-bind=MASK - cn1520, task 41  9 [619301]: mask |--------|--------|--------|--------|--------|--------|--------|--------|--------|--------|--------|--------||||--------|--------|--------|BBBBBBBB|--------|--------|--------|--------|--------|----BBBB|--------|--------| set
CPU_SET_HEX_STR_SIZE: 257, Size of mstr: 257
cpu-bind=MASK - cn1520, task 42 10 [619302]: mask |--------|--------|--------|--------|--------|--------|--------|--------|--------|--------|--------|--------||||--------|BBBB----|--------|--------|--------|--------|BBBBBBBB|--------|--------|--------|--------|--------| set
CPU_SET_HEX_STR_SIZE: 257, Size of mstr: 257
cpu-bind=MASK - cn1520, task 43 11 [619303]: mask |--------|--------|--------|--------|--------|--------|--------|--------|--------|--------|--------|--------||||--------|----BBBB|--------|--------|--------|--------|--------|--------|--------|--------|BBBBBBBB|--------| set
CPU_SET_HEX_STR_SIZE: 257, Size of mstr: 257
cpu-bind=MASK - cn1520, task 44 12 [619304]: mask |--------|--------|--------|--------|--------|--------|--------|--------|--------|--------|--------|--------||||--------|--------|--------|--------|BBBBBBBB|--------|--------|BBBB----|--------|--------|--------|--------| set
CPU_SET_HEX_STR_SIZE: 257, Size of mstr: 257
cpu-bind=MASK - cn1520, task 45 13 [619305]: mask |--------|--------|--------|--------|--------|--------|--------|--------|--------|--------|--------|--------||||--------|--------|BBBBBBBB|--------|--------|--------|--------|----BBBB|--------|--------|--------|--------| set
CPU_SET_HEX_STR_SIZE: 257, Size of mstr: 257
cpu-bind=MASK - cn1518, task 21  5 [436881]: mask |--------|--------|BBBBBBBB|--------|--------|--------|--------|----BBBB|--------|--------|--------|--------||||--------|--------|--------|--------|--------|--------|--------|--------|--------|--------|--------|--------| set
CPU_SET_HEX_STR_SIZE: 257, Size of mstr: 257
cpu-bind=MASK - cn1520, task 46 14 [619306]: mask |--------|--------|--------|--------|--------|--------|--------|--------|--------|--------|--------|--------||||--------|--------|--------|--------|--------|BBBB----|--------|--------|--------|--------|--------|BBBBBBBB| set
CPU_SET_HEX_STR_SIZE: 257, Size of mstr: 257
cpu-bind=MASK - cn1518, task 22  6 [436882]: mask |--------|--------|--------|--------|--------|BBBB----|--------|--------|--------|--------|--------|BBBBBBBB||||--------|--------|--------|--------|--------|--------|--------|--------|--------|--------|--------|--------| set
CPU_SET_HEX_STR_SIZE: 257, Size of mstr: 257
cpu-bind=MASK - cn1520, task 47 15 [619307]: mask |--------|--------|--------|--------|--------|--------|--------|--------|--------|--------|--------|--------||||--------|--------|--------|--------|--------|----BBBB|--------|--------|BBBBBBBB|--------|--------|--------| set
CPU_SET_HEX_STR_SIZE: 257, Size of mstr: 257
cpu-bind=MASK - cn1518, task 23  7 [436883]: mask |--------|--------|--------|--------|--------|----BBBB|--------|--------|BBBBBBBB|--------|--------|--------||||--------|--------|--------|--------|--------|--------|--------|--------|--------|--------|--------|--------| set
CPU_SET_HEX_STR_SIZE: 257, Size of mstr: 257
cpu-bind=MASK - cn1518, task 24  8 [436884]: mask |--------|--------|--------|--------|--------|--------|--------|--------|--------|--------|--------|--------||||BBBBBBBB|--------|--------|--------|--------|--------|--------|--------|--------|BBBB----|--------|--------| set
CPU_SET_HEX_STR_SIZE: 257, Size of mstr: 257
cpu-bind=MASK - cn1518, task 25  9 [436885]: mask |--------|--------|--------|--------|--------|--------|--------|--------|--------|--------|--------|--------||||--------|--------|--------|BBBBBBBB|--------|--------|--------|--------|--------|----BBBB|--------|--------| set
CPU_SET_HEX_STR_SIZE: 257, Size of mstr: 257
cpu-bind=MASK - cn1518, task 26 10 [436886]: mask |--------|--------|--------|--------|--------|--------|--------|--------|--------|--------|--------|--------||||--------|BBBB----|--------|--------|--------|--------|BBBBBBBB|--------|--------|--------|--------|--------| set
CPU_SET_HEX_STR_SIZE: 257, Size of mstr: 257
cpu-bind=MASK - cn1518, task 27 11 [436887]: mask |--------|--------|--------|--------|--------|--------|--------|--------|--------|--------|--------|--------||||--------|----BBBB|--------|--------|--------|--------|--------|--------|--------|--------|BBBBBBBB|--------| set
CPU_SET_HEX_STR_SIZE: 257, Size of mstr: 257
cpu-bind=MASK - cn1518, task 28 12 [436888]: mask |--------|--------|--------|--------|--------|--------|--------|--------|--------|--------|--------|--------||||--------|--------|--------|--------|BBBBBBBB|--------|--------|BBBB----|--------|--------|--------|--------| set
CPU_SET_HEX_STR_SIZE: 257, Size of mstr: 257
cpu-bind=MASK - cn1518, task 29 13 [436889]: mask |--------|--------|--------|--------|--------|--------|--------|--------|--------|--------|--------|--------||||--------|--------|BBBBBBBB|--------|--------|--------|--------|----BBBB|--------|--------|--------|--------| set
CPU_SET_HEX_STR_SIZE: 257, Size of mstr: 257
cpu-bind=MASK - cn1518, task 30 14 [436890]: mask |--------|--------|--------|--------|--------|--------|--------|--------|--------|--------|--------|--------||||--------|--------|--------|--------|--------|BBBB----|--------|--------|--------|--------|--------|BBBBBBBB| set
CPU_SET_HEX_STR_SIZE: 257, Size of mstr: 257
cpu-bind=MASK - cn1518, task 31 15 [436891]: mask |--------|--------|--------|--------|--------|--------|--------|--------|--------|--------|--------|--------||||--------|--------|--------|--------|--------|----BBBB|--------|--------|BBBBBBBB|--------|--------|--------| set
CPU_SET_HEX_STR_SIZE: 257, Size of mstr: 257
cpu-bind=MASK - cn1517, task  0  0 [4168792]: mask |BBBBBBBB|--------|--------|--------|--------|--------|--------|--------|--------|BBBB----|--------|--------||||--------|--------|--------|--------|--------|--------|--------|--------|--------|--------|--------|--------| set
CPU_SET_HEX_STR_SIZE: 257, Size of mstr: 257
cpu-bind=MASK - cn1517, task  1  1 [4168793]: mask |--------|--------|--------|BBBBBBBB|--------|--------|--------|--------|--------|----BBBB|--------|--------||||--------|--------|--------|--------|--------|--------|--------|--------|--------|--------|--------|--------| set
CPU_SET_HEX_STR_SIZE: 257, Size of mstr: 257
cpu-bind=MASK - cn1517, task  2  2 [4168794]: mask |--------|BBBB----|--------|--------|--------|--------|BBBBBBBB|--------|--------|--------|--------|--------||||--------|--------|--------|--------|--------|--------|--------|--------|--------|--------|--------|--------| set
CPU_SET_HEX_STR_SIZE: 257, Size of mstr: 257
cpu-bind=MASK - cn1517, task  3  3 [4168795]: mask |--------|----BBBB|--------|--------|--------|--------|--------|--------|--------|--------|BBBBBBBB|--------||||--------|--------|--------|--------|--------|--------|--------|--------|--------|--------|--------|--------| set
CPU_SET_HEX_STR_SIZE: 257, Size of mstr: 257
cpu-bind=MASK - cn1517, task  4  4 [4168796]: mask |--------|--------|--------|--------|BBBBBBBB|--------|--------|BBBB----|--------|--------|--------|--------||||--------|--------|--------|--------|--------|--------|--------|--------|--------|--------|--------|--------| set
CPU_SET_HEX_STR_SIZE: 257, Size of mstr: 257
cpu-bind=MASK - cn1517, task  5  5 [4168797]: mask |--------|--------|BBBBBBBB|--------|--------|--------|--------|----BBBB|--------|--------|--------|--------||||--------|--------|--------|--------|--------|--------|--------|--------|--------|--------|--------|--------| set
CPU_SET_HEX_STR_SIZE: 257, Size of mstr: 257
cpu-bind=MASK - cn1517, task  6  6 [4168798]: mask |--------|--------|--------|--------|--------|BBBB----|--------|--------|--------|--------|--------|BBBBBBBB||||--------|--------|--------|--------|--------|--------|--------|--------|--------|--------|--------|--------| set
CPU_SET_HEX_STR_SIZE: 257, Size of mstr: 257
cpu-bind=MASK - cn1517, task  7  7 [4168799]: mask |--------|--------|--------|--------|--------|----BBBB|--------|--------|BBBBBBBB|--------|--------|--------||||--------|--------|--------|--------|--------|--------|--------|--------|--------|--------|--------|--------| set
CPU_SET_HEX_STR_SIZE: 257, Size of mstr: 257
cpu-bind=MASK - cn1517, task  8  8 [4168800]: mask |--------|--------|--------|--------|--------|--------|--------|--------|--------|--------|--------|--------||||BBBBBBBB|--------|--------|--------|--------|--------|--------|--------|--------|BBBB----|--------|--------| set
CPU_SET_HEX_STR_SIZE: 257, Size of mstr: 257
cpu-bind=MASK - cn1517, task  9  9 [4168801]: mask |--------|--------|--------|--------|--------|--------|--------|--------|--------|--------|--------|--------||||--------|--------|--------|BBBBBBBB|--------|--------|--------|--------|--------|----BBBB|--------|--------| set
CPU_SET_HEX_STR_SIZE: 257, Size of mstr: 257
cpu-bind=MASK - cn1517, task 10 10 [4168802]: mask |--------|--------|--------|--------|--------|--------|--------|--------|--------|--------|--------|--------||||--------|BBBB----|--------|--------|--------|--------|BBBBBBBB|--------|--------|--------|--------|--------| set
CPU_SET_HEX_STR_SIZE: 257, Size of mstr: 257
cpu-bind=MASK - cn1517, task 11 11 [4168803]: mask |--------|--------|--------|--------|--------|--------|--------|--------|--------|--------|--------|--------||||--------|----BBBB|--------|--------|--------|--------|--------|--------|--------|--------|BBBBBBBB|--------| set
CPU_SET_HEX_STR_SIZE: 257, Size of mstr: 257
cpu-bind=MASK - cn1517, task 12 12 [4168804]: mask |--------|--------|--------|--------|--------|--------|--------|--------|--------|--------|--------|--------||||--------|--------|--------|--------|BBBBBBBB|--------|--------|BBBB----|--------|--------|--------|--------| set
CPU_SET_HEX_STR_SIZE: 257, Size of mstr: 257
cpu-bind=MASK - cn1517, task 13 13 [4168805]: mask |--------|--------|--------|--------|--------|--------|--------|--------|--------|--------|--------|--------||||--------|--------|BBBBBBBB|--------|--------|--------|--------|----BBBB|--------|--------|--------|--------| set
CPU_SET_HEX_STR_SIZE: 257, Size of mstr: 257
cpu-bind=MASK - cn1517, task 14 14 [4168806]: mask |--------|--------|--------|--------|--------|--------|--------|--------|--------|--------|--------|--------||||--------|--------|--------|--------|--------|BBBB----|--------|--------|--------|--------|--------|BBBBBBBB| set
CPU_SET_HEX_STR_SIZE: 257, Size of mstr: 257
cpu-bind=MASK - cn1517, task 15 15 [4168807]: mask |--------|--------|--------|--------|--------|--------|--------|--------|--------|--------|--------|--------||||--------|--------|--------|--------|--------|----BBBB|--------|--------|BBBBBBBB|--------|--------|--------| set
CPU_SET_HEX_STR_SIZE: 257, Size of mstr: 257
cpu-bind=MASK - cn1522, task 48  0 [2956500]: mask |BBBBBBBB|--------|--------|--------|--------|--------|--------|--------|--------|BBBB----|--------|--------||||--------|--------|--------|--------|--------|--------|--------|--------|--------|--------|--------|--------| set
CPU_SET_HEX_STR_SIZE: 257, Size of mstr: 257
cpu-bind=MASK - cn1522, task 49  1 [2956501]: mask |--------|--------|--------|BBBBBBBB|--------|--------|--------|--------|--------|----BBBB|--------|--------||||--------|--------|--------|--------|--------|--------|--------|--------|--------|--------|--------|--------| set
CPU_SET_HEX_STR_SIZE: 257, Size of mstr: 257
cpu-bind=MASK - cn1522, task 50  2 [2956502]: mask |--------|BBBB----|--------|--------|--------|--------|BBBBBBBB|--------|--------|--------|--------|--------||||--------|--------|--------|--------|--------|--------|--------|--------|--------|--------|--------|--------| set
CPU_SET_HEX_STR_SIZE: 257, Size of mstr: 257
cpu-bind=MASK - cn1522, task 51  3 [2956503]: mask |--------|----BBBB|--------|--------|--------|--------|--------|--------|--------|--------|BBBBBBBB|--------||||--------|--------|--------|--------|--------|--------|--------|--------|--------|--------|--------|--------| set
CPU_SET_HEX_STR_SIZE: 257, Size of mstr: 257
cpu-bind=MASK - cn1522, task 52  4 [2956504]: mask |--------|--------|--------|--------|BBBBBBBB|--------|--------|BBBB----|--------|--------|--------|--------||||--------|--------|--------|--------|--------|--------|--------|--------|--------|--------|--------|--------| set
CPU_SET_HEX_STR_SIZE: 257, Size of mstr: 257
cpu-bind=MASK - cn1522, task 53  5 [2956505]: mask |--------|--------|BBBBBBBB|--------|--------|--------|--------|----BBBB|--------|--------|--------|--------||||--------|--------|--------|--------|--------|--------|--------|--------|--------|--------|--------|--------| set
CPU_SET_HEX_STR_SIZE: 257, Size of mstr: 257
cpu-bind=MASK - cn1522, task 54  6 [2956506]: mask |--------|--------|--------|--------|--------|BBBB----|--------|--------|--------|--------|--------|BBBBBBBB||||--------|--------|--------|--------|--------|--------|--------|--------|--------|--------|--------|--------| set
CPU_SET_HEX_STR_SIZE: 257, Size of mstr: 257
cpu-bind=MASK - cn1522, task 55  7 [2956507]: mask |--------|--------|--------|--------|--------|----BBBB|--------|--------|BBBBBBBB|--------|--------|--------||||--------|--------|--------|--------|--------|--------|--------|--------|--------|--------|--------|--------| set
CPU_SET_HEX_STR_SIZE: 257, Size of mstr: 257
cpu-bind=MASK - cn1522, task 56  8 [2956508]: mask |--------|--------|--------|--------|--------|--------|--------|--------|--------|--------|--------|--------||||BBBBBBBB|--------|--------|--------|--------|--------|--------|--------|--------|BBBB----|--------|--------| set
CPU_SET_HEX_STR_SIZE: 257, Size of mstr: 257
cpu-bind=MASK - cn1522, task 57  9 [2956509]: mask |--------|--------|--------|--------|--------|--------|--------|--------|--------|--------|--------|--------||||--------|--------|--------|BBBBBBBB|--------|--------|--------|--------|--------|----BBBB|--------|--------| set
CPU_SET_HEX_STR_SIZE: 257, Size of mstr: 257
cpu-bind=MASK - cn1522, task 58 10 [2956510]: mask |--------|--------|--------|--------|--------|--------|--------|--------|--------|--------|--------|--------||||--------|BBBB----|--------|--------|--------|--------|BBBBBBBB|--------|--------|--------|--------|--------| set
CPU_SET_HEX_STR_SIZE: 257, Size of mstr: 257
cpu-bind=MASK - cn1522, task 59 11 [2956511]: mask |--------|--------|--------|--------|--------|--------|--------|--------|--------|--------|--------|--------||||--------|----BBBB|--------|--------|--------|--------|--------|--------|--------|--------|BBBBBBBB|--------| set
CPU_SET_HEX_STR_SIZE: 257, Size of mstr: 257
cpu-bind=MASK - cn1522, task 60 12 [2956512]: mask |--------|--------|--------|--------|--------|--------|--------|--------|--------|--------|--------|--------||||--------|--------|--------|--------|BBBBBBBB|--------|--------|BBBB----|--------|--------|--------|--------| set
CPU_SET_HEX_STR_SIZE: 257, Size of mstr: 257
cpu-bind=MASK - cn1522, task 61 13 [2956513]: mask |--------|--------|--------|--------|--------|--------|--------|--------|--------|--------|--------|--------||||--------|--------|BBBBBBBB|--------|--------|--------|--------|----BBBB|--------|--------|--------|--------| set
CPU_SET_HEX_STR_SIZE: 257, Size of mstr: 257
cpu-bind=MASK - cn1522, task 62 14 [2956514]: mask |--------|--------|--------|--------|--------|--------|--------|--------|--------|--------|--------|--------||||--------|--------|--------|--------|--------|BBBB----|--------|--------|--------|--------|--------|BBBBBBBB| set
CPU_SET_HEX_STR_SIZE: 257, Size of mstr: 257
cpu-bind=MASK - cn1522, task 63 15 [2956515]: mask |--------|--------|--------|--------|--------|--------|--------|--------|--------|--------|--------|--------||||--------|--------|--------|--------|--------|----BBBB|--------|--------|BBBBBBBB|--------|--------|--------| set
 DBCSR| CPU Multiplication driver                                           XSMM (U)
 DBCSR| Multrec recursion limit                                              512 (U)
 DBCSR| Multiplication stack size                                           1000 (D)
 DBCSR| Maximum elements for images                                    UNLIMITED (U)
 DBCSR| Multiplicative factor virtual images                                   1 (U)
 DBCSR| Use multiplication densification                                       T (D)
 DBCSR| Multiplication size stacks                                             3 (U)
 DBCSR| Use memory pool for CPU allocation                                     F (U)
 DBCSR| Number of 3D layers                                               SINGLE (U)
 DBCSR| Use MPI memory allocation                                              F (U)
 DBCSR| Use RMA algorithm                                                      F (U)
 DBCSR| Use Communication thread                                               T (U)
 DBCSR| Communication thread load                                             45 (D)
 DBCSR| MPI: My process id                                                     0
 DBCSR| MPI: Number of processes                                              64
 DBCSR| OMP: Current number of threads                                        12
 DBCSR| OMP: Max number of threads                                            12
 DBCSR| Split modifier for TAS multiplication algorithm                  1.0E+00 (U)


  **** **** ******  **  PROGRAM STARTED AT               2026-09-30 14:51:32.607
 ***** ** ***  *** **   PROGRAM STARTED ON                                cn1517
 **    ****   ******    PROGRAM STARTED BY                              metdyn07
 ***** **    ** ** **   PROGRAM PROCESS ID                               4168792
  **** **  *******  **  PROGRAM STARTED IN /scratch/hpc-prf-metdyn/metdyn07_Rita
                                           j/project-max-rtbse/g0w0_rtbse_compar
                                           ison_tuned/16/conv_new_30_09/grid_25

 CP2K| version string:                 CP2K version 2026.2 (Development Version)
 CP2K| source code revision number:                                   0005d2399e
 CP2K| cp2kflags: omp libint fftw3 libxc elpa parallel scalapack mpi_f08 cosma l
 CP2K|            ibxs libxsmm plumed2 spglib openblas sirius libvori libbqb lib
 CP2K|            bvdwxc hdf5 greenx
 CP2K| is freely available from                            https://www.cp2k.org/
 CP2K| Program compiled at                                   2026-09-14 14:10:14
 CP2K| Program compiled on                                                login4
 CP2K| Program compiled for                                               x86_64
 CP2K| Data directory path    /pc2/groups/hpc-prf-metdyn/metdyn07_Ritaj/implemen
 CP2K| Input file name                                                 input.inp

 GLOBAL| Force Environment number                                              1
 GLOBAL| Basis set file name             BASIS_GTH_MOLOPT_AUG_for_excited_states
 GLOBAL| Potential file name                                      GTH_POTENTIALS
 GLOBAL| MM Potential file name                                     MM_POTENTIAL
 GLOBAL| Coordinate file name                                          struc.xyz
 GLOBAL| Method name                                                        CP2K
 GLOBAL| Project name                                                      rec_4
 GLOBAL| Run type                                                 RT_PROPAGATION
 GLOBAL| FFT library                                                       FFTW3
 GLOBAL| Diagonalization library                                            ELPA
 GLOBAL| Cholesky decomposition library                                ScaLAPACK
 GLOBAL| DGEMM library                                                      BLAS
 GLOBAL| Minimum number of eigenvectors for ELPA usage                        64
 GLOBAL| Orthonormality check for eigenvectors                          DISABLED
 GLOBAL| Matrix multiplication library                                     COSMA
 GLOBAL| All-to-all communication in single precision                          F
 GLOBAL| Grid backend                                                       AUTO
 GLOBAL| Global print level                                               MEDIUM
 GLOBAL| MPI I/O enabled                                                       T
 GLOBAL| Total number of message passing processes                            64
 GLOBAL| Number of distributed systems (nodes)                                 4
 GLOBAL| Number of threads for this process                                   12
 GLOBAL| This output is from process                                           0
 GLOBAL| OpenMP stack size per thread (OMP_STACKSIZE)                    default
 GLOBAL| CPU model name                          AMD EPYC 9655 96-Core Processor
 GLOBAL| CPUID                                                              1003
 GLOBAL| Compiled for CPUID                                                    0

 *** HINT in environment.F:968 :: The compiler target (generic) used to ***
 *** build this binary does not enable all instruction-set extensions   ***
 *** available on this CPU (x86_avx512). Consider reconfiguring and     ***
 *** rebuilding CP2K for this target system to enable them.             ***


 MEMORY| system memory details [Kb]
 MEMORY|                        rank 0           min           max       average
 MEMORY| MemTotal            791030260     791030244     791030288     791030264
 MEMORY| MemFree             756910620     751983368     757224664     755705299
 MEMORY| Buffers                     0             0          1344           336
 MEMORY| Cached                5883516       4377284       8636392       6232818
 MEMORY| Slab                  2126248       2126248       3076656       2566745
 MEMORY| SReclaimable           660796        660796       1467536       1026418
 MEMORY| MemLikelyFree       763454932     762087296     763527988     762964871


 *** Fundamental physical constants (SI units) ***

 *** Literature: B. J. Mohr and B. N. Taylor,
 ***             CODATA recommended values of the fundamental physical
 ***             constants: 2006, Web Version 5.1
 ***             http://physics.nist.gov/constants

 Speed of light in vacuum [m/s]                             2.99792458000000E+08
 Magnetic constant or permeability of vacuum [N/A**2]       1.25663706143592E-06
 Electric constant or permittivity of vacuum [F/m]          8.85418781762039E-12
 Planck constant (h) [J*s]                                  6.62606896000000E-34
 Planck constant (h-bar) [J*s]                              1.05457162825177E-34
 Elementary charge [C]                                      1.60217648700000E-19
 Electron mass [kg]                                         9.10938215000000E-31
 Electron g factor [ ]                                     -2.00231930436220E+00
 Proton mass [kg]                                           1.67262163700000E-27
 Fine-structure constant                                    7.29735253760000E-03
 Rydberg constant [1/m]                                     1.09737315685270E+07
 Avogadro constant [1/mol]                                  6.02214179000000E+23
 Boltzmann constant [J/K]                                   1.38065040000000E-23
 Atomic mass unit [kg]                                      1.66053878200000E-27
 Bohr radius [m]                                            5.29177208590000E-11

 *** Conversion factors ***

 [u] -> [a.u.]                                              1.82288848426455E+03
 [Angstrom] -> [Bohr] = [a.u.]                              1.88972613288564E+00
 [a.u.] = [Bohr] -> [Angstrom]                              5.29177208590000E-01
 [a.u.] -> [s]                                              2.41888432650478E-17
 [a.u.] -> [fs]                                             2.41888432650478E-02
 [a.u.] -> [J]                                              4.35974393937059E-18
 [a.u.] -> [N]                                              8.23872205491840E-08
 [a.u.] -> [K]                                              3.15774647902944E+05
 [a.u.] -> [kJ/mol]                                         2.62549961709828E+03
 [a.u.] -> [kcal/mol]                                       6.27509468713739E+02
 [a.u.] -> [Pa]                                             2.94210107994716E+13
 [a.u.] -> [bar]                                            2.94210107994716E+08
 [a.u.] -> [atm]                                            2.90362800883016E+08
 [a.u.] -> [eV]                                             2.72113838565563E+01
 [a.u.] -> [Hz]                                             6.57968392072181E+15
 [a.u.] -> [1/cm] (wave numbers)                            2.19474631370540E+05
 [a.u./Bohr**2] -> [1/cm]                                   5.14048714338585E+03
 

 CELL| Volume [angstrom^3]:                                         17503.266165
 CELL| Vector a [angstrom]:      19.190     0.000     0.000   |a| =    19.190000
 CELL| Vector b [angstrom]:       0.000    78.970     0.000   |b| =    78.970000
 CELL| Vector c [angstrom]:       0.000     0.000    11.550   |c| =    11.550000
 CELL| Angle (b,c), alpha [degree]:                                    90.000000
 CELL| Angle (a,c), beta  [degree]:                                    90.000000
 CELL| Angle (a,b), gamma [degree]:                                    90.000000
 CELL| Numerically orthorhombic:                                             YES
 CELL| Periodicity                                                          NONE

 CELL_REF| Volume [angstrom^3]:                                     17503.266165
 CELL_REF| Vector a [angstrom    19.190     0.000     0.000   |a| =    19.190000
 CELL_REF| Vector b [angstrom     0.000    78.970     0.000   |b| =    78.970000
 CELL_REF| Vector c [angstrom     0.000     0.000    11.550   |c| =    11.550000
 CELL_REF| Angle (b,c), alpha [degree]:                                90.000000
 CELL_REF| Angle (a,c), beta  [degree]:                                90.000000
 CELL_REF| Angle (a,b), gamma [degree]:                                90.000000
 CELL_REF| Numerically orthorhombic:                                         YES
 CELL_REF| Periodicity                                                      NONE

 GENERATE|  Preliminary Number of Bonds generated:                             0
 GENERATE|  Achieved consistency in connectivity generation.

 *******************************************************************************
 *******************************************************************************
 **                                                                           **
 **     #####                         ##              ##                      **
 **    ##   ##            ##          ##              ##                      **
 **   ##     ##                       ##            ######                    **
 **   ##     ##  ##   ##  ##   #####  ##  ##   ####   ##    #####    #####    **
 **   ##     ##  ##   ##  ##  ##      ## ##   ##      ##   ##   ##  ##   ##   **
 **   ##  ## ##  ##   ##  ##  ##      ####     ###    ##   ######   ######    **
 **    ##  ###   ##   ##  ##  ##      ## ##      ##   ##   ##       ##        **
 **     #######   #####   ##   #####  ##  ##  ####    ##    #####   ##        **
 **           ##                                                    ##        **
 **                                                                           **
 **                                                ... make the atoms dance   **
 **                                                                           **
 **            Copyright (C) by CP2K developers group (2000-2026)             **
 **                      J. Chem. Phys. 152, 194103 (2020)                    **
 **                                                                           **
 *******************************************************************************

 DFT| Spin restricted Kohn-Sham (RKS) calculation                            RKS
 DFT| Multiplicity                                                             1
 DFT| Number of spin states                                                    1
 DFT| Charge                                                                   0
 DFT| Self-interaction correction (SIC)                                       NO
 DFT| Cutoffs: density                                              1.000000E-10
 DFT|          gradient                                             1.000000E-10
 DFT|          tau                                                  1.000000E-10
 DFT|          cutoff_smoothing_range                               0.000000E+00
 DFT| XC density smoothing                                                  NONE
 DFT| XC derivatives                                                          PW

 FUNCTIONAL| PBE:
 FUNCTIONAL| J.P.Perdew, K.Burke, M.Ernzerhof, Phys. Rev. Letter, vol. 77, n 18,
 FUNCTIONAL|  pp. 3865-3868, (1996) {spin unpolarized}                          


 QS| Method:                                                                 GPW
 QS| Density plane wave grid type                        NON-SPHERICAL FULLSPACE
 QS| Number of grid levels:                                                    4
 QS| Density cutoff [a.u.]:                                                300.0
 QS| Multi grid cutoff [a.u.]: 1) grid level                               300.0
 QS|                           2) grid level                               100.0
 QS|                           3) grid level                                33.3
 QS|                           4) grid level                                11.1
 QS| Grid level progression factor:                                          3.0
 QS| Relative density cutoff [a.u.]:                                        30.0
 QS| Interaction thresholds: eps_pgf_orb:                                3.2E-08
 QS|                         eps_filter_matrix:                          0.0E+00
 QS|                         eps_core_charge:                            1.0E-17
 QS|                         eps_rho_gspace:                             1.0E-15
 QS|                         eps_rho_rspace:                             1.0E-15
 QS|                         eps_gvg_rspace:                             3.2E-08
 QS|                         eps_ppl:                                    1.0E-02
 QS|                         eps_ppnl:                                   3.2E-10


 ATOMIC KIND INFORMATION

  1. Atomic kind: H                                     Number of atoms:      72

     Orbital Basis Set                                 aug-SZV-MOLOPT-GTH-tier-2

       Number of orbital shell sets:                                           1
       Number of orbital shells:                                               4
       Number of primitive Cartesian functions:                                7
       Number of Cartesian basis functions:                                    6
       Number of spherical basis functions:                                    6
       Norm type:                                                              2

       Normalised Cartesian orbitals:

                        Set   Shell   Orbital            Exponent    Coefficient

                          1       1    2s                0.050000       0.000000
                                                         0.082193      -0.014019
                                                         0.239116      -0.107525
                                                         0.450000       0.000000
                                                         0.791502      -0.258419
                                                         2.680223      -0.177618
                                                        10.068468      -0.133023

                          1       2    3s                0.050000       0.064974
                                                         0.082193       0.029198
                                                         0.239116      -0.007574
                                                         0.450000      -0.090795
                                                         0.791502      -0.025739
                                                         2.680223       0.000002
                                                        10.068468       0.000000

                          1       3    4s                0.050000      -0.067626
                                                         0.082193       0.244167
                                                         0.239116      -0.094768
                                                         0.450000      -0.043967
                                                         0.791502      -0.043572
                                                         2.680223      -0.153771
                                                        10.068468       0.000000

                          1       4    3px               0.050000       0.038628
                                                         0.082193      -0.015554
                                                         0.239116       0.034455
                                                         0.450000       0.013474
                                                         0.791502      -0.005076
                                                         2.680223       0.028739
                                                        10.068468       0.000000
                          1       4    3py               0.050000       0.038628
                                                         0.082193      -0.015554
                                                         0.239116       0.034455
                                                         0.450000       0.013474
                                                         0.791502      -0.005076
                                                         2.680223       0.028739
                                                        10.068468       0.000000
                          1       4    3pz               0.050000       0.038628
                                                         0.082193      -0.015554
                                                         0.239116       0.034455
                                                         0.450000       0.013474
                                                         0.791502      -0.005076
                                                         2.680223       0.028739
                                                        10.068468       0.000000

     RI Auxiliary Basis Set             RI_aug-SZV-MOLOPT-GTH-tier-2_N_RI_005_s_

       Number of orbital shell sets:                                           3
       Number of orbital shells:                                               3
       Number of primitive Cartesian functions:                                3
       Number of Cartesian basis functions:                                    5
       Number of spherical basis functions:                                    5
       Norm type:                                                              2

       Normalised Cartesian orbitals:

                        Set   Shell   Orbital            Exponent    Coefficient

                          1       1    1s                0.184491       0.200628

                          2       1    2s                3.030559       1.637013

                          3       1    3px               0.610174       0.768701
                          3       1    3py               0.610174       0.768701
                          3       1    3pz               0.610174       0.768701

       Atomic covalent radius [Angstrom]:                                  0.320

       Atomic van der Waals radius [Angstrom]:                             1.090

     GTH Potential information for                                    GTH-PBE-q1

       Description:                       Goedecker-Teter-Hutter pseudopotential
                                           Goedecker et al., PRB 54, 1703 (1996)
                                          Hartwigsen et al., PRB 58, 3641 (1998)
                                                      Krack, TCA 114, 145 (2005)

       Gaussian exponent of the core charge distribution:              12.500000
       Electronic configuration (s p d ...):                                   1

       Parameters of the local part of the GTH pseudopotential:

                          rloc        C1          C2          C3          C4
                        0.200000   -4.178900    0.724463

  2. Atomic kind: C                                     Number of atoms:     224

     Orbital Basis Set                                 aug-SZV-MOLOPT-GTH-tier-2

       Number of orbital shell sets:                                           1
       Number of orbital shells:                                               5
       Number of primitive Cartesian functions:                                6
       Number of Cartesian basis functions:                                   14
       Number of spherical basis functions:                                   13
       Norm type:                                                              2

       Normalised Cartesian orbitals:

                        Set   Shell   Orbital            Exponent    Coefficient

                          1       1    2s                0.070000       0.000000
                                                         0.128212      -0.022789
                                                         0.348157      -0.219794
                                                         0.769911      -0.209686
                                                         2.113016       0.213043
                                                         5.605331       0.322515

                          1       2    3s                0.070000       0.133509
                                                         0.128212      -0.041206
                                                         0.348157      -0.081784
                                                         0.769911      -0.003005
                                                         2.113016       0.000000
                                                         5.605331       0.000000

                          1       3    3px               0.070000       0.000000
                                                         0.128212      -0.027849
                                                         0.348157      -0.139743
                                                         0.769911      -0.374851
                                                         2.113016      -0.642521
                                                         5.605331      -0.703879
                          1       3    3py               0.070000       0.000000
                                                         0.128212      -0.027849
                                                         0.348157      -0.139743
                                                         0.769911      -0.374851
                                                         2.113016      -0.642521
                                                         5.605331      -0.703879
                          1       3    3pz               0.070000       0.000000
                                                         0.128212      -0.027849
                                                         0.348157      -0.139743
                                                         0.769911      -0.374851
                                                         2.113016      -0.642521
                                                         5.605331      -0.703879

                          1       4    4px               0.070000       0.033242
                                                         0.128212       0.023307
                                                         0.348157       0.113522
                                                         0.769911      -0.094955
                                                         2.113016       0.000000
                                                         5.605331       0.000000
                          1       4    4py               0.070000       0.033242
                                                         0.128212       0.023307
                                                         0.348157       0.113522
                                                         0.769911      -0.094955
                                                         2.113016       0.000000
                                                         5.605331       0.000000
                          1       4    4pz               0.070000       0.033242
                                                         0.128212       0.023307
                                                         0.348157       0.113522
                                                         0.769911      -0.094955
                                                         2.113016       0.000000
                                                         5.605331       0.000000

                          1       5    4dx2              0.070000      -0.000111
                                                         0.128212       0.037828
                                                         0.348157       0.043639
                                                         0.769911       0.120124
                                                         2.113016       0.000000
                                                         5.605331       0.000000
                          1       5    4dxy              0.070000      -0.000193
                                                         0.128212       0.065520
                                                         0.348157       0.075585
                                                         0.769911       0.208061
                                                         2.113016       0.000000
                                                         5.605331       0.000000
                          1       5    4dxz              0.070000      -0.000193
                                                         0.128212       0.065520
                                                         0.348157       0.075585
                                                         0.769911       0.208061
                                                         2.113016       0.000000
                                                         5.605331       0.000000
                          1       5    4dy2              0.070000      -0.000111
                                                         0.128212       0.037828
                                                         0.348157       0.043639
                                                         0.769911       0.120124
                                                         2.113016       0.000000
                                                         5.605331       0.000000
                          1       5    4dyz              0.070000      -0.000193
                                                         0.128212       0.065520
                                                         0.348157       0.075585
                                                         0.769911       0.208061
                                                         2.113016       0.000000
                                                         5.605331       0.000000
                          1       5    4dz2              0.070000      -0.000111
                                                         0.128212       0.037828
                                                         0.348157       0.043639
                                                         0.769911       0.120124
                                                         2.113016       0.000000
                                                         5.605331       0.000000

     RI Auxiliary Basis Set             RI_aug-SZV-MOLOPT-GTH-tier-2_N_RI_030_s_

       Number of orbital shell sets:                                          10
       Number of orbital shells:                                              10
       Number of primitive Cartesian functions:                               10
       Number of Cartesian basis functions:                                   35
       Number of spherical basis functions:                                   30
       Norm type:                                                              2

       Normalised Cartesian orbitals:

                        Set   Shell   Orbital            Exponent    Coefficient

                          1       1    1s                0.191848       0.206599

                          2       1    2s                0.736300       0.566502

                          3       1    3s                2.917592       1.591031

                          4       1    4s                9.448168       3.840792

                          5       1    5px               0.281885       0.292772
                          5       1    5py               0.281885       0.292772
                          5       1    5pz               0.281885       0.292772

                          6       1    6px               0.984576       1.397983
                          6       1    6py               0.984576       1.397983
                          6       1    6pz               0.984576       1.397983

                          7       1    7px               2.475409       4.425871
                          7       1    7py               2.475409       4.425871
                          7       1    7pz               2.475409       4.425871

                          8       1    8dx2              0.347629       0.259037
                          8       1    8dxy              0.347629       0.448666
                          8       1    8dxz              0.347629       0.448666
                          8       1    8dy2              0.347629       0.259037
                          8       1    8dyz              0.347629       0.448666
                          8       1    8dz2              0.347629       0.259037

                          9       1    9dx2              1.822216       4.703911
                          9       1    9dxy              1.822216       8.147414
                          9       1    9dxz              1.822216       8.147414
                          9       1    9dy2              1.822216       4.703911
                          9       1    9dyz              1.822216       8.147414
                          9       1    9dz2              1.822216       4.703911

                         10       1   10fx3              0.497967       0.306659
                         10       1   10fx2y             0.497967       0.685710
                         10       1   10fx2z             0.497967       0.685710
                         10       1   10fxy2             0.497967       0.685710
                         10       1   10fxyz             0.497967       1.187685
                         10       1   10fxz2             0.497967       0.685710
                         10       1   10fy3              0.497967       0.306659
                         10       1   10fy2z             0.497967       0.685710
                         10       1   10fyz2             0.497967       0.685710
                         10       1   10fz3              0.497967       0.306659

       Atomic covalent radius [Angstrom]:                                  0.770

       Atomic van der Waals radius [Angstrom]:                             1.700

     GTH Potential information for                                    GTH-PBE-q4

       Description:                       Goedecker-Teter-Hutter pseudopotential
                                           Goedecker et al., PRB 54, 1703 (1996)
                                          Hartwigsen et al., PRB 58, 3641 (1998)
                                                      Krack, TCA 114, 145 (2005)

       Gaussian exponent of the core charge distribution:               4.364419
       Electronic configuration (s p d ...):                               2   2

       Parameters of the local part of the GTH pseudopotential:

                          rloc        C1          C2          C3          C4
                        0.338471   -8.803674    1.339211

       Parameters of the non-local part of the GTH pseudopotential:

                   l      r(l)      h(i,j,l)

                   0    0.302576    9.622487
                   1    0.291507


 MOLECULE KIND INFORMATION


 All atoms are their own molecule, skipping detailed information


 TOTAL NUMBERS AND MAXIMUM NUMBERS

  Total number of            - Atomic kinds:                                   2
                             - Atoms:                                        296
                             - Shell sets:                                   296
                             - Shells:                                      1408
                             - Primitive Cartesian functions:               1848
                             - Cartesian basis functions:                   3568
                             - Spherical basis functions:                   3344

  Maximum angular momentum of- Orbital basis functions:                        2
                             - Local part of the GTH pseudopotential:          2
                             - Non-local part of the GTH pseudopotential:      0


 MODULE QUICKSTEP: ATOMIC COORDINATES IN ANGSTROM

   Atom Kind Element         X             Y             Z       Z(eff)     Mass
      1    1 H     1     12.035671      4.997654      5.775000   1.0000   1.0079
      2    1 H     1      7.154329      4.997654      5.775000   1.0000   1.0079
      3    1 H     1      9.595000      5.308900      5.001956   1.0000   1.0079
      4    1 H     1      9.595000      5.308900      6.548044   1.0000   1.0079
      5    2 C     6      9.595000      6.081944      5.775000   4.0000  12.0107
      6    2 C     6     12.035671      6.090904      5.775000   4.0000  12.0107
      7    2 C     6      7.154329      6.090904      5.775000   4.0000  12.0107
      8    1 H     1      4.998191      6.305607      5.775000   1.0000   1.0079
      9    1 H     1     14.191809      6.305607      5.775000   1.0000   1.0079
     10    2 C     6     10.818523      6.795129      5.775000   4.0000  12.0107
     11    2 C     6      8.371477      6.795129      5.775000   4.0000  12.0107
     12    2 C     6     13.230017      6.825375      5.775000   4.0000  12.0107
     13    2 C     6      5.959983      6.825375      5.775000   4.0000  12.0107
     14    2 C     6     13.230017      8.183729      5.775000   4.0000  12.0107
     15    2 C     6      5.959983      8.183729      5.775000   4.0000  12.0107
     16    2 C     6      8.371477      8.213974      5.775000   4.0000  12.0107
     17    2 C     6     10.818523      8.213974      5.775000   4.0000  12.0107
     18    1 H     1      4.998191      8.703496      5.775000   1.0000   1.0079
     19    1 H     1     14.191809      8.703496      5.775000   1.0000   1.0079
     20    2 C     6     12.035671      8.918199      5.775000   4.0000  12.0107
     21    2 C     6      7.154329      8.918199      5.775000   4.0000  12.0107
     22    2 C     6      9.595000      8.927159      5.775000   4.0000  12.0107
     23    2 C     6      9.595000     10.346004      5.775000   4.0000  12.0107
     24    2 C     6      7.154329     10.354964      5.775000   4.0000  12.0107
     25    2 C     6     12.035671     10.354964      5.775000   4.0000  12.0107
     26    1 H     1     14.191809     10.569667      5.775000   1.0000   1.0079
     27    1 H     1      4.998191     10.569667      5.775000   1.0000   1.0079
     28    2 C     6     10.818523     11.059189      5.775000   4.0000  12.0107
     29    2 C     6      8.371477     11.059189      5.775000   4.0000  12.0107
     30    2 C     6      5.959983     11.089434      5.775000   4.0000  12.0107
     31    2 C     6     13.230017     11.089434      5.775000   4.0000  12.0107
     32    2 C     6     13.230017     12.447789      5.775000   4.0000  12.0107
     33    2 C     6      5.959983     12.447789      5.775000   4.0000  12.0107
     34    2 C     6      8.371477     12.478034      5.775000   4.0000  12.0107
     35    2 C     6     10.818523     12.478034      5.775000   4.0000  12.0107
     36    1 H     1      4.998191     12.967556      5.775000   1.0000   1.0079
     37    1 H     1     14.191809     12.967556      5.775000   1.0000   1.0079
     38    2 C     6     12.035671     13.182259      5.775000   4.0000  12.0107
     39    2 C     6      7.154329     13.182259      5.775000   4.0000  12.0107
     40    2 C     6      9.595000     13.191219      5.775000   4.0000  12.0107
     41    2 C     6      9.595000     14.610064      5.775000   4.0000  12.0107
     42    2 C     6      7.154329     14.619024      5.775000   4.0000  12.0107
     43    2 C     6     12.035671     14.619024      5.775000   4.0000  12.0107
     44    1 H     1     14.191809     14.833727      5.775000   1.0000   1.0079
     45    1 H     1      4.998191     14.833727      5.775000   1.0000   1.0079
     46    2 C     6     10.818523     15.323249      5.775000   4.0000  12.0107
     47    2 C     6      8.371477     15.323249      5.775000   4.0000  12.0107
     48    2 C     6      5.959983     15.353494      5.775000   4.0000  12.0107
     49    2 C     6     13.230017     15.353494      5.775000   4.0000  12.0107
     50    2 C     6     13.230017     16.711848      5.775000   4.0000  12.0107
     51    2 C     6      5.959983     16.711848      5.775000   4.0000  12.0107
     52    2 C     6     10.818523     16.742094      5.775000   4.0000  12.0107
     53    2 C     6      8.371477     16.742094      5.775000   4.0000  12.0107
     54    1 H     1     14.191809     17.231616      5.775000   1.0000   1.0079
     55    1 H     1      4.998191     17.231616      5.775000   1.0000   1.0079
     56    2 C     6     12.035671     17.446319      5.775000   4.0000  12.0107
     57    2 C     6      7.154329     17.446319      5.775000   4.0000  12.0107
     58    2 C     6      9.595000     17.455279      5.775000   4.0000  12.0107
     59    2 C     6      9.595000     18.874124      5.775000   4.0000  12.0107
     60    2 C     6      7.154329     18.883084      5.775000   4.0000  12.0107
     61    2 C     6     12.035671     18.883084      5.775000   4.0000  12.0107
     62    1 H     1      4.998191     19.097787      5.775000   1.0000   1.0079
     63    1 H     1     14.191809     19.097787      5.775000   1.0000   1.0079
     64    2 C     6     10.818523     19.587309      5.775000   4.0000  12.0107
     65    2 C     6      8.371477     19.587309      5.775000   4.0000  12.0107
     66    2 C     6     13.230017     19.617554      5.775000   4.0000  12.0107
     67    2 C     6      5.959983     19.617554      5.775000   4.0000  12.0107
     68    2 C     6      5.959983     20.975908      5.775000   4.0000  12.0107
     69    2 C     6     13.230017     20.975908      5.775000   4.0000  12.0107
     70    2 C     6      8.371477     21.006154      5.775000   4.0000  12.0107
     71    2 C     6     10.818523     21.006154      5.775000   4.0000  12.0107
     72    1 H     1      4.998191     21.495676      5.775000   1.0000   1.0079
     73    1 H     1     14.191809     21.495676      5.775000   1.0000   1.0079
     74    2 C     6     12.035671     21.710379      5.775000   4.0000  12.0107
     75    2 C     6      7.154329     21.710379      5.775000   4.0000  12.0107
     76    2 C     6      9.595000     21.719338      5.775000   4.0000  12.0107
     77    2 C     6      9.595000     23.138183      5.775000   4.0000  12.0107
     78    2 C     6     12.035671     23.147143      5.775000   4.0000  12.0107
     79    2 C     6      7.154329     23.147143      5.775000   4.0000  12.0107
     80    1 H     1      4.998191     23.361846      5.775000   1.0000   1.0079
     81    1 H     1     14.191809     23.361846      5.775000   1.0000   1.0079
     82    2 C     6     10.818523     23.851368      5.775000   4.0000  12.0107
     83    2 C     6      8.371477     23.851368      5.775000   4.0000  12.0107
     84    2 C     6      5.959983     23.881614      5.775000   4.0000  12.0107
     85    2 C     6     13.230017     23.881614      5.775000   4.0000  12.0107
     86    2 C     6     13.230017     25.239968      5.775000   4.0000  12.0107
     87    2 C     6      5.959983     25.239968      5.775000   4.0000  12.0107
     88    2 C     6      8.371477     25.270213      5.775000   4.0000  12.0107
     89    2 C     6     10.818523     25.270213      5.775000   4.0000  12.0107
     90    1 H     1      4.998191     25.759735      5.775000   1.0000   1.0079
     91    1 H     1     14.191809     25.759735      5.775000   1.0000   1.0079
     92    2 C     6      7.154329     25.974438      5.775000   4.0000  12.0107
     93    2 C     6     12.035671     25.974438      5.775000   4.0000  12.0107
     94    2 C     6      9.595000     25.983398      5.775000   4.0000  12.0107
     95    2 C     6      9.595000     27.402243      5.775000   4.0000  12.0107
     96    2 C     6      7.154329     27.411203      5.775000   4.0000  12.0107
     97    2 C     6     12.035671     27.411203      5.775000   4.0000  12.0107
     98    1 H     1     14.191809     27.625906      5.775000   1.0000   1.0079
     99    1 H     1      4.998191     27.625906      5.775000   1.0000   1.0079
    100    2 C     6     10.818523     28.115428      5.775000   4.0000  12.0107
    101    2 C     6      8.371477     28.115428      5.775000   4.0000  12.0107
    102    2 C     6      5.959983     28.145673      5.775000   4.0000  12.0107
    103    2 C     6     13.230017     28.145673      5.775000   4.0000  12.0107
    104    2 C     6     13.230017     29.504028      5.775000   4.0000  12.0107
    105    2 C     6      5.959983     29.504028      5.775000   4.0000  12.0107
    106    2 C     6      8.371477     29.534273      5.775000   4.0000  12.0107
    107    2 C     6     10.818523     29.534273      5.775000   4.0000  12.0107
    108    1 H     1      4.998191     30.023795      5.775000   1.0000   1.0079
    109    1 H     1     14.191809     30.023795      5.775000   1.0000   1.0079
    110    2 C     6      7.154329     30.238498      5.775000   4.0000  12.0107
    111    2 C     6     12.035671     30.238498      5.775000   4.0000  12.0107
    112    2 C     6      9.595000     30.247458      5.775000   4.0000  12.0107
    113    2 C     6      9.595000     31.666303      5.775000   4.0000  12.0107
    114    2 C     6      7.154329     31.675263      5.775000   4.0000  12.0107
    115    2 C     6     12.035671     31.675263      5.775000   4.0000  12.0107
    116    1 H     1      4.998191     31.889966      5.775000   1.0000   1.0079
    117    1 H     1     14.191809     31.889966      5.775000   1.0000   1.0079
    118    2 C     6      8.371477     32.379488      5.775000   4.0000  12.0107
    119    2 C     6     10.818523     32.379488      5.775000   4.0000  12.0107
    120    2 C     6     13.230017     32.409733      5.775000   4.0000  12.0107
    121    2 C     6      5.959983     32.409733      5.775000   4.0000  12.0107
    122    2 C     6     13.230017     33.768087      5.775000   4.0000  12.0107
    123    2 C     6      5.959983     33.768087      5.775000   4.0000  12.0107
    124    2 C     6     10.818523     33.798333      5.775000   4.0000  12.0107
    125    2 C     6      8.371477     33.798333      5.775000   4.0000  12.0107
    126    1 H     1     14.191809     34.287855      5.775000   1.0000   1.0079
    127    1 H     1      4.998191     34.287855      5.775000   1.0000   1.0079
    128    2 C     6      7.154329     34.502558      5.775000   4.0000  12.0107
    129    2 C     6     12.035671     34.502558      5.775000   4.0000  12.0107
    130    2 C     6      9.595000     34.511518      5.775000   4.0000  12.0107
    131    2 C     6      9.595000     35.930363      5.775000   4.0000  12.0107
    132    2 C     6     12.035671     35.939323      5.775000   4.0000  12.0107
    133    2 C     6      7.154329     35.939323      5.775000   4.0000  12.0107
    134    1 H     1      4.998191     36.154026      5.775000   1.0000   1.0079
    135    1 H     1     14.191809     36.154026      5.775000   1.0000   1.0079
    136    2 C     6      8.371477     36.643548      5.775000   4.0000  12.0107
    137    2 C     6     10.818523     36.643548      5.775000   4.0000  12.0107
    138    2 C     6      5.959983     36.673793      5.775000   4.0000  12.0107
    139    2 C     6     13.230017     36.673793      5.775000   4.0000  12.0107
    140    2 C     6     13.230017     38.032147      5.775000   4.0000  12.0107
    141    2 C     6      5.959983     38.032147      5.775000   4.0000  12.0107
    142    2 C     6      8.371477     38.062393      5.775000   4.0000  12.0107
    143    2 C     6     10.818523     38.062393      5.775000   4.0000  12.0107
    144    1 H     1     14.191809     38.551915      5.775000   1.0000   1.0079
    145    1 H     1      4.998191     38.551915      5.775000   1.0000   1.0079
    146    2 C     6     12.035671     38.766618      5.775000   4.0000  12.0107
    147    2 C     6      7.154329     38.766618      5.775000   4.0000  12.0107
    148    2 C     6      9.595000     38.775577      5.775000   4.0000  12.0107
    149    2 C     6      9.595000     40.194422      5.775000   4.0000  12.0107
    150    2 C     6     12.035671     40.203382      5.775000   4.0000  12.0107
    151    2 C     6      7.154329     40.203382      5.775000   4.0000  12.0107
    152    1 H     1     14.191809     40.418085      5.775000   1.0000   1.0079
    153    1 H     1      4.998191     40.418085      5.775000   1.0000   1.0079
    154    2 C     6      8.371477     40.907607      5.775000   4.0000  12.0107
    155    2 C     6     10.818523     40.907607      5.775000   4.0000  12.0107
    156    2 C     6     13.230017     40.937853      5.775000   4.0000  12.0107
    157    2 C     6      5.959983     40.937853      5.775000   4.0000  12.0107
    158    2 C     6     13.230017     42.296207      5.775000   4.0000  12.0107
    159    2 C     6      5.959983     42.296207      5.775000   4.0000  12.0107
    160    2 C     6     10.818523     42.326452      5.775000   4.0000  12.0107
    161    2 C     6      8.371477     42.326452      5.775000   4.0000  12.0107
    162    1 H     1      4.998191     42.815974      5.775000   1.0000   1.0079
    163    1 H     1     14.191809     42.815974      5.775000   1.0000   1.0079
    164    2 C     6     12.035671     43.030677      5.775000   4.0000  12.0107
    165    2 C     6      7.154329     43.030677      5.775000   4.0000  12.0107
    166    2 C     6      9.595000     43.039637      5.775000   4.0000  12.0107
    167    2 C     6      9.595000     44.458482      5.775000   4.0000  12.0107
    168    2 C     6      7.154329     44.467442      5.775000   4.0000  12.0107
    169    2 C     6     12.035671     44.467442      5.775000   4.0000  12.0107
    170    1 H     1     14.191809     44.682145      5.775000   1.0000   1.0079
    171    1 H     1      4.998191     44.682145      5.775000   1.0000   1.0079
    172    2 C     6     10.818523     45.171667      5.775000   4.0000  12.0107
    173    2 C     6      8.371477     45.171667      5.775000   4.0000  12.0107
    174    2 C     6     13.230017     45.201913      5.775000   4.0000  12.0107
    175    2 C     6      5.959983     45.201913      5.775000   4.0000  12.0107
    176    2 C     6     13.230017     46.560267      5.775000   4.0000  12.0107
    177    2 C     6      5.959983     46.560267      5.775000   4.0000  12.0107
    178    2 C     6      8.371477     46.590512      5.775000   4.0000  12.0107
    179    2 C     6     10.818523     46.590512      5.775000   4.0000  12.0107
    180    1 H     1      4.998191     47.080034      5.775000   1.0000   1.0079
    181    1 H     1     14.191809     47.080034      5.775000   1.0000   1.0079
    182    2 C     6     12.035671     47.294737      5.775000   4.0000  12.0107
    183    2 C     6      7.154329     47.294737      5.775000   4.0000  12.0107
    184    2 C     6      9.595000     47.303697      5.775000   4.0000  12.0107
    185    2 C     6      9.595000     48.722542      5.775000   4.0000  12.0107
    186    2 C     6      7.154329     48.731502      5.775000   4.0000  12.0107
    187    2 C     6     12.035671     48.731502      5.775000   4.0000  12.0107
    188    1 H     1     14.191809     48.946205      5.775000   1.0000   1.0079
    189    1 H     1      4.998191     48.946205      5.775000   1.0000   1.0079
    190    2 C     6     10.818523     49.435727      5.775000   4.0000  12.0107
    191    2 C     6      8.371477     49.435727      5.775000   4.0000  12.0107
    192    2 C     6      5.959983     49.465972      5.775000   4.0000  12.0107
    193    2 C     6     13.230017     49.465972      5.775000   4.0000  12.0107
    194    2 C     6     13.230017     50.824327      5.775000   4.0000  12.0107
    195    2 C     6      5.959983     50.824327      5.775000   4.0000  12.0107
    196    2 C     6     10.818523     50.854572      5.775000   4.0000  12.0107
    197    2 C     6      8.371477     50.854572      5.775000   4.0000  12.0107
    198    1 H     1     14.191809     51.344094      5.775000   1.0000   1.0079
    199    1 H     1      4.998191     51.344094      5.775000   1.0000   1.0079
    200    2 C     6      7.154329     51.558797      5.775000   4.0000  12.0107
    201    2 C     6     12.035671     51.558797      5.775000   4.0000  12.0107
    202    2 C     6      9.595000     51.567757      5.775000   4.0000  12.0107
    203    2 C     6      9.595000     52.986602      5.775000   4.0000  12.0107
    204    2 C     6     12.035671     52.995562      5.775000   4.0000  12.0107
    205    2 C     6      7.154329     52.995562      5.775000   4.0000  12.0107
    206    1 H     1      4.998191     53.210265      5.775000   1.0000   1.0079
    207    1 H     1     14.191809     53.210265      5.775000   1.0000   1.0079
    208    2 C     6     10.818523     53.699787      5.775000   4.0000  12.0107
    209    2 C     6      8.371477     53.699787      5.775000   4.0000  12.0107
    210    2 C     6     13.230017     53.730032      5.775000   4.0000  12.0107
    211    2 C     6      5.959983     53.730032      5.775000   4.0000  12.0107
    212    2 C     6     13.230017     55.088386      5.775000   4.0000  12.0107
    213    2 C     6      5.959983     55.088386      5.775000   4.0000  12.0107
    214    2 C     6     10.818523     55.118632      5.775000   4.0000  12.0107
    215    2 C     6      8.371477     55.118632      5.775000   4.0000  12.0107
    216    1 H     1      4.998191     55.608154      5.775000   1.0000   1.0079
    217    1 H     1     14.191809     55.608154      5.775000   1.0000   1.0079
    218    2 C     6      7.154329     55.822857      5.775000   4.0000  12.0107
    219    2 C     6     12.035671     55.822857      5.775000   4.0000  12.0107
    220    2 C     6      9.595000     55.831817      5.775000   4.0000  12.0107
    221    2 C     6      9.595000     57.250662      5.775000   4.0000  12.0107
    222    2 C     6      7.154329     57.259621      5.775000   4.0000  12.0107
    223    2 C     6     12.035671     57.259621      5.775000   4.0000  12.0107
    224    1 H     1      4.998191     57.474324      5.775000   1.0000   1.0079
    225    1 H     1     14.191809     57.474324      5.775000   1.0000   1.0079
    226    2 C     6      8.371477     57.963846      5.775000   4.0000  12.0107
    227    2 C     6     10.818523     57.963846      5.775000   4.0000  12.0107
    228    2 C     6     13.230017     57.994092      5.775000   4.0000  12.0107
    229    2 C     6      5.959983     57.994092      5.775000   4.0000  12.0107
    230    2 C     6      5.959983     59.352446      5.775000   4.0000  12.0107
    231    2 C     6     13.230017     59.352446      5.775000   4.0000  12.0107
    232    2 C     6     10.818523     59.382691      5.775000   4.0000  12.0107
    233    2 C     6      8.371477     59.382691      5.775000   4.0000  12.0107
    234    1 H     1     14.191809     59.872213      5.775000   1.0000   1.0079
    235    1 H     1      4.998191     59.872213      5.775000   1.0000   1.0079
    236    2 C     6     12.035671     60.086916      5.775000   4.0000  12.0107
    237    2 C     6      7.154329     60.086916      5.775000   4.0000  12.0107
    238    2 C     6      9.595000     60.095876      5.775000   4.0000  12.0107
    239    2 C     6      9.595000     61.514721      5.775000   4.0000  12.0107
    240    2 C     6      7.154329     61.523681      5.775000   4.0000  12.0107
    241    2 C     6     12.035671     61.523681      5.775000   4.0000  12.0107
    242    1 H     1     14.191809     61.738384      5.775000   1.0000   1.0079
    243    1 H     1      4.998191     61.738384      5.775000   1.0000   1.0079
    244    2 C     6      8.371477     62.227906      5.775000   4.0000  12.0107
    245    2 C     6     10.818523     62.227906      5.775000   4.0000  12.0107
    246    2 C     6     13.230017     62.258152      5.775000   4.0000  12.0107
    247    2 C     6      5.959983     62.258152      5.775000   4.0000  12.0107
    248    2 C     6     13.230017     63.616506      5.775000   4.0000  12.0107
    249    2 C     6      5.959983     63.616506      5.775000   4.0000  12.0107
    250    2 C     6     10.818523     63.646751      5.775000   4.0000  12.0107
    251    2 C     6      8.371477     63.646751      5.775000   4.0000  12.0107
    252    1 H     1     14.191809     64.136273      5.775000   1.0000   1.0079
    253    1 H     1      4.998191     64.136273      5.775000   1.0000   1.0079
    254    2 C     6     12.035671     64.350976      5.775000   4.0000  12.0107
    255    2 C     6      7.154329     64.350976      5.775000   4.0000  12.0107
    256    2 C     6      9.595000     64.359936      5.775000   4.0000  12.0107
    257    2 C     6      9.595000     65.778781      5.775000   4.0000  12.0107
    258    2 C     6     12.035671     65.787741      5.775000   4.0000  12.0107
    259    2 C     6      7.154329     65.787741      5.775000   4.0000  12.0107
    260    1 H     1     14.191809     66.002444      5.775000   1.0000   1.0079
    261    1 H     1      4.998191     66.002444      5.775000   1.0000   1.0079
    262    2 C     6     10.818523     66.491966      5.775000   4.0000  12.0107
    263    2 C     6      8.371477     66.491966      5.775000   4.0000  12.0107
    264    2 C     6     13.230017     66.522211      5.775000   4.0000  12.0107
    265    2 C     6      5.959983     66.522211      5.775000   4.0000  12.0107
    266    2 C     6      5.959983     67.880566      5.775000   4.0000  12.0107
    267    2 C     6     13.230017     67.880566      5.775000   4.0000  12.0107
    268    2 C     6     10.818523     67.910811      5.775000   4.0000  12.0107
    269    2 C     6      8.371477     67.910811      5.775000   4.0000  12.0107
    270    1 H     1     14.191809     68.400333      5.775000   1.0000   1.0079
    271    1 H     1      4.998191     68.400333      5.775000   1.0000   1.0079
    272    2 C     6      7.154329     68.615036      5.775000   4.0000  12.0107
    273    2 C     6     12.035671     68.615036      5.775000   4.0000  12.0107
    274    2 C     6      9.595000     68.623996      5.775000   4.0000  12.0107
    275    2 C     6      9.595000     70.042841      5.775000   4.0000  12.0107
    276    2 C     6      7.154329     70.051801      5.775000   4.0000  12.0107
    277    2 C     6     12.035671     70.051801      5.775000   4.0000  12.0107
    278    1 H     1      4.998191     70.266504      5.775000   1.0000   1.0079
    279    1 H     1     14.191809     70.266504      5.775000   1.0000   1.0079
    280    2 C     6     10.818523     70.756026      5.775000   4.0000  12.0107
    281    2 C     6      8.371477     70.756026      5.775000   4.0000  12.0107
    282    2 C     6      5.959983     70.786271      5.775000   4.0000  12.0107
    283    2 C     6     13.230017     70.786271      5.775000   4.0000  12.0107
    284    2 C     6      5.959983     72.144625      5.775000   4.0000  12.0107
    285    2 C     6     13.230017     72.144625      5.775000   4.0000  12.0107
    286    2 C     6      8.371477     72.174871      5.775000   4.0000  12.0107
    287    2 C     6     10.818523     72.174871      5.775000   4.0000  12.0107
    288    1 H     1     14.191809     72.664393      5.775000   1.0000   1.0079
    289    1 H     1      4.998191     72.664393      5.775000   1.0000   1.0079
    290    2 C     6      7.154329     72.879096      5.775000   4.0000  12.0107
    291    2 C     6     12.035671     72.879096      5.775000   4.0000  12.0107
    292    2 C     6      9.595000     72.888056      5.775000   4.0000  12.0107
    293    1 H     1      9.595000     73.661100      6.548044   1.0000   1.0079
    294    1 H     1      9.595000     73.661100      5.001956   1.0000   1.0079
    295    1 H     1     12.035671     73.972346      5.775000   1.0000   1.0079
    296    1 H     1      7.154329     73.972346      5.775000   1.0000   1.0079



 SCF PARAMETERS         Density guess:                                   RESTART
                        --------------------------------------------------------
                        max_scf:                                             300
                        max_scf_history:                                       0
                        max_diis:                                              4
                        --------------------------------------------------------
                        eps_scf:                                        1.00E-07
                        eps_scf_history:                                0.00E+00
                        eps_diis:                                       1.00E-01
                        eps_eigval:                                     1.00E-05
                        --------------------------------------------------------
                        level_shift [a.u.]:                             0.000000
                        SCF update method:                                MIXING
                        added MOs                                       100    0
                        --------------------------------------------------------
                        Mixing method:                            BROYDEN_MIXING
                                                charge density mixing in g-space
                        --------------------------------------------------------
                        No outer SCF

 PW_GRID| Information for grid number                                          1
 PW_GRID| Grid distributed over                                    64 processors
 PW_GRID| Real space group dimensions                                    64    1
 PW_GRID| the grid is blocked:                                                NO
 PW_GRID| Cutoff [a.u.]                                                    300.0
 PW_GRID| spherical cutoff:                                                   NO
 PW_GRID|   Bounds   1           -144     143                Points:         288
 PW_GRID|   Bounds   2           -594     593                Points:        1188
 PW_GRID|   Bounds   3            -90      89                Points:         180
 PW_GRID| Volume element (a.u.^3)  0.1918E-02     Volume (a.u.^3)    118117.8964
 PW_GRID| Grid span                                                    FULLSPACE
 PW_GRID|   Distribution                         Average         Max         Min
 PW_GRID|   G-Vectors                           962280.0      962496      962208
 PW_GRID|   G-Rays                                3341.2        3342        3341
 PW_GRID|   Real Space Points                   962280.0     1069200      855360

 PW_GRID| Information for grid number                                          2
 PW_GRID| Number of the reference grid                                         1
 PW_GRID| Grid distributed over                                    64 processors
 PW_GRID| Real space group dimensions                                    64    1
 PW_GRID| the grid is blocked:                                                NO
 PW_GRID| Cutoff [a.u.]                                                    100.0
 PW_GRID| spherical cutoff:                                                   NO
 PW_GRID|   Bounds   1            -90      89                Points:         180
 PW_GRID|   Bounds   2           -337     337                Points:         675
 PW_GRID|   Bounds   3            -50      49                Points:         100
 PW_GRID| Volume element (a.u.^3)  0.9722E-02     Volume (a.u.^3)    118117.8964
 PW_GRID| Grid span                                                    FULLSPACE
 PW_GRID|   Distribution                         Average         Max         Min
 PW_GRID|   G-Vectors                           189843.8      192060      186840
 PW_GRID|   G-Rays                                1054.7        1067        1038
 PW_GRID|   Real Space Points                   189843.8      202500      135000

 PW_GRID| Information for grid number                                          3
 PW_GRID| Number of the reference grid                                         1
 PW_GRID| Grid distributed over                                    64 processors
 PW_GRID| Real space group dimensions                                    64    1
 PW_GRID| the grid is blocked:                                                NO
 PW_GRID| Cutoff [a.u.]                                                     33.3
 PW_GRID| spherical cutoff:                                                   NO
 PW_GRID|   Bounds   1            -48      47                Points:          96
 PW_GRID|   Bounds   2           -200     199                Points:         400
 PW_GRID|   Bounds   3            -30      29                Points:          60
 PW_GRID| Volume element (a.u.^3)  0.5127E-01     Volume (a.u.^3)    118117.8964
 PW_GRID| Grid span                                                    FULLSPACE
 PW_GRID|   Distribution                         Average         Max         Min
 PW_GRID|   G-Vectors                            36000.0       37152       35040
 PW_GRID|   G-Rays                                 375.0         387         365
 PW_GRID|   Real Space Points                    36000.0       48000       24000

 PW_GRID| Information for grid number                                          4
 PW_GRID| Number of the reference grid                                         1
 PW_GRID| Grid distributed over                                    64 processors
 PW_GRID| Real space group dimensions                                     8    8
 PW_GRID| the grid is blocked:                                                NO
 PW_GRID| Cutoff [a.u.]                                                     11.1
 PW_GRID| spherical cutoff:                                                   NO
 PW_GRID|   Bounds   1            -30      29                Points:          60
 PW_GRID|   Bounds   2           -112     112                Points:         225
 PW_GRID|   Bounds   3            -18      17                Points:          36
 PW_GRID| Volume element (a.u.^3)  0.2430         Volume (a.u.^3)    118117.8964
 PW_GRID| Grid span                                                    FULLSPACE
 PW_GRID|   Distribution                         Average         Max         Min
 PW_GRID|   G-Vectors                             7593.8        8340        7140
 PW_GRID|   G-Rays                                 126.6         139         119
 PW_GRID|   Real Space Points                     7593.8        8352        7056

 POISSON| Solver                                             MULTIPOLE (Bloechl)
 POISSON| Periodicity                                                       NONE

 RS_GRID| Information for grid number                                          1
 RS_GRID|   Bounds   1           -144     143                Points:         288
 RS_GRID|   Bounds   2           -594     593                Points:        1188
 RS_GRID|   Bounds   3            -90      89                Points:         180
 RS_GRID| Real space distribution over                                  4 groups
 RS_GRID| Real space distribution along direction                              1
 RS_GRID| Border size                                                         30
 RS_GRID| Real space distribution over                                 16 groups
 RS_GRID| Real space distribution along direction                              2
 RS_GRID| Border size                                                         30
 RS_GRID|   Distribution                         Average         Max         Min
 RS_GRID|   Planes                                 132.0         132         132
 RS_GRID|   Distribution                         Average         Max         Min
 RS_GRID|   Planes                                 134.2         135         134

 RS_GRID| Information for grid number                                          2
 RS_GRID|   Bounds   1            -90      89                Points:         180
 RS_GRID|   Bounds   2           -337     337                Points:         675
 RS_GRID|   Bounds   3            -50      49                Points:         100
 RS_GRID| Real space distribution over                                  4 groups
 RS_GRID| Real space distribution along direction                              1
 RS_GRID| Border size                                                         33
 RS_GRID| Real space distribution over                                 16 groups
 RS_GRID| Real space distribution along direction                              2
 RS_GRID| Border size                                                         33
 RS_GRID|   Distribution                         Average         Max         Min
 RS_GRID|   Planes                                 111.0         111         111
 RS_GRID|   Distribution                         Average         Max         Min
 RS_GRID|   Planes                                 108.2         109         108

 RS_GRID| Information for grid number                                          3
 RS_GRID|   Bounds   1            -48      47                Points:          96
 RS_GRID|   Bounds   2           -200     199                Points:         400
 RS_GRID|   Bounds   3            -30      29                Points:          60
 RS_GRID| Real space fully replicated
 RS_GRID| Group size                                                           1

 RS_GRID| Information for grid number                                          4
 RS_GRID|   Bounds   1            -30      29                Points:          60
 RS_GRID|   Bounds   2           -112     112                Points:         225
 RS_GRID|   Bounds   3            -18      17                Points:          36
 RS_GRID| Real space fully replicated
 RS_GRID| Group size                                                           1

 *** WARNING in emd/rt_bse_linearized.F:131 :: Linearized RT-BSE is under ***
 *** active development. Make sure you understand the method and validate ***
 *** results before using it for production calculations.                 ***


 Extrapolation method: initial_guess

 *** WARNING in qs_initial_guess.F:312 :: User requested to restart the    ***
 *** wavefunction from the file named: rec_4-RESTART.wfn. This file does   ***
 *** not exist. Please check the existence of the file or change properly  ***
 *** the value of the keyword WFN_RESTART_FILE_NAME. Calculation continues ***
 *** using ATOMIC GUESS.                                                   ***


 Atomic guess: The first density matrix is obtained in terms of atomic orbitals
               and electronic configurations assigned to each atomic kind

 Guess for atomic kind: H

 Electronic structure
    Total number of core electrons                                          0.00
    Total number of valence electrons                                       1.00
    Total number of electrons                                               1.00
    Multiplicity                                                   not specified
    S      1.00


 *******************************************************************************
                  Iteration          Convergence                     Energy [au]
 *******************************************************************************
                          1        0.309524E-02                  -0.417828613492
                          2        0.397171E-03                  -0.417845979898
                          3        0.350877E-04                  -0.417846294368
                          4        0.929317E-09                  -0.417846297422

 Energy components [Hartree]           Total Energy ::           -0.417846297422
                                        Band Energy ::           -0.196148543103
                                     Kinetic Energy ::            0.486531132430
                                   Potential Energy ::           -0.904377429852
                                      Virial (-V/T) ::            1.858827461532
                                        Core Energy ::           -0.470733162945
                                          XC Energy ::           -0.242450390891
                                     Coulomb Energy ::            0.295337256414
                       Total Pseudopotential Energy ::           -0.978038883002
                       Local Pseudopotential Energy ::           -0.978038883002
                    Nonlocal Pseudopotential Energy ::            0.000000000000
                                        Confinement ::            0.207745876267

 Orbital energies  State     L     Occupation   Energy[a.u.]          Energy[eV]

                       1     0          1.000      -0.196149           -5.337473


 Total Electron Density at R=0:                                         0.282919

 Guess for atomic kind: C

 Electronic structure
    Total number of core electrons                                          2.00
    Total number of valence electrons                                       4.00
    Total number of electrons                                               6.00
    Multiplicity                                                   not specified
    S   [  2.00] 2.00
    P      2.00


 *******************************************************************************
                  Iteration          Convergence                     Energy [au]
 *******************************************************************************
                          1        0.988758E-01                  -5.245867139855
                          2        0.702567E-01                  -5.249950338066
                          3        0.324324E-03                  -5.254466662830
                          4        0.763974E-05                  -5.254466744799
                          5        0.410505E-05                  -5.254466744830
                          6        0.282419E-05                  -5.254466744837
                          7        0.925356E-08                  -5.254466744843

 Energy components [Hartree]           Total Energy ::           -5.254466744843
                                        Band Energy ::           -1.295684616135
                                     Kinetic Energy ::            3.559613956185
                                   Potential Energy ::           -8.814080701028
                                      Virial (-V/T) ::            2.476133875617
                                        Core Energy ::           -8.257747528207
                                          XC Energy ::           -1.378022926287
                                     Coulomb Energy ::            4.381303709651
                       Total Pseudopotential Energy ::          -11.853169988044
                       Local Pseudopotential Energy ::          -12.322682182621
                    Nonlocal Pseudopotential Energy ::            0.469512194577
                                        Confinement ::            0.358085036523

 Orbital energies  State     L     Occupation   Energy[a.u.]          Energy[eV]

                       1     0          2.000      -0.472377          -12.854028

                       1     1          2.000      -0.175465           -4.774658


 Total Electron Density at R=0:                                         0.011027
 Re-scaling the density matrix to get the right number of electrons
                  # Electrons              Trace(P)               Scaling factor
                          968               968.000                        1.000

 Number of electrons:                                                        968
 Number of occupied orbitals:                                                484
 Number of molecular orbitals:                                               584

 Number of orbital functions:                                               3344
 Number of independent orbital functions:                                   3344


 SCF WAVEFUNCTION OPTIMIZATION

  Step     Update method      Time    Convergence         Total energy    Change
  ------------------------------------------------------------------------------
  Decoupling Energy:                                              -0.0028876019
     1 NoMix/Diag. 0.40E+00    0.8     0.94910287     -1311.1395343047 -1.31E+03
  Decoupling Energy:                                              -0.0022534637
     2 Broy./Diag. 0.40E+00    0.9     0.19491717     -1204.0451339197  1.07E+02
  Decoupling Energy:                                              -0.0011479733
     3 Broy./Diag. 0.40E+00    0.8     0.10758900     -1283.1138882535 -7.91E+01
  Decoupling Energy:                                              -0.0006563711
     4 Broy./Diag. 0.40E+00    0.8     0.01824868     -1313.3129543963 -3.02E+01
  Decoupling Energy:                                              -0.0002891048
     5 Broy./Diag. 0.40E+00    0.8     0.00711993     -1314.9780384452 -1.67E+00
  Decoupling Energy:                                              -0.0001472561
     6 Broy./Diag. 0.40E+00    0.8     0.00388810     -1315.2262801780 -2.48E-01
  Decoupling Energy:                                              -0.0000426164
     7 Broy./Diag. 0.40E+00    0.8     0.00329055     -1315.4342944608 -2.08E-01
  Decoupling Energy:                                              -0.0000241761
     8 Broy./Diag. 0.40E+00    0.8     0.00245099     -1316.1234083606 -6.89E-01
  Decoupling Energy:                                              -0.0000597435
     9 Broy./Diag. 0.40E+00    0.8     0.00261520     -1316.7475066684 -6.24E-01
  Decoupling Energy:                                              -0.0000881745
    10 Broy./Diag. 0.40E+00    0.8     0.00096742     -1317.0747230610 -3.27E-01
  Decoupling Energy:                                              -0.0001143658
    11 Broy./Diag. 0.40E+00    0.8     0.00151458     -1317.0434295397  3.13E-02
  Decoupling Energy:                                              -0.0001390577
    12 Broy./Diag. 0.40E+00    0.8     0.00121307     -1317.0081334082  3.53E-02
  Decoupling Energy:                                              -0.0001596560
    13 Broy./Diag. 0.40E+00    0.8     0.00045528     -1317.0514754036 -4.33E-02
  Decoupling Energy:                                              -0.0001871964
    14 Broy./Diag. 0.40E+00    0.8     0.00035065     -1317.1108088185 -5.93E-02
  Decoupling Energy:                                              -0.0002028792
    15 Broy./Diag. 0.40E+00    0.8     0.00017109     -1317.1328036760 -2.20E-02
  Decoupling Energy:                                              -0.0002074788
    16 Broy./Diag. 0.40E+00    0.8     0.00008636     -1317.1150807630  1.77E-02
  Decoupling Energy:                                              -0.0002089935
    17 Broy./Diag. 0.40E+00    1.0     0.00008994     -1317.0961427308  1.89E-02
  Decoupling Energy:                                              -0.0002087980
    18 Broy./Diag. 0.40E+00    0.8     0.00009044     -1317.0909277607  5.21E-03
  Decoupling Energy:                                              -0.0002077636
    19 Broy./Diag. 0.40E+00    0.8     0.00011250     -1317.0915287712 -6.01E-04
  Decoupling Energy:                                              -0.0002068424
    20 Broy./Diag. 0.40E+00    0.8     0.00009134     -1317.0891176065  2.41E-03
  Decoupling Energy:                                              -0.0002059786
    21 Broy./Diag. 0.40E+00    0.8     0.00007160     -1317.0859699360  3.15E-03
  Decoupling Energy:                                              -0.0002048266
    22 Broy./Diag. 0.40E+00    1.0     0.00007936     -1317.0839593574  2.01E-03
  Decoupling Energy:                                              -0.0002036472
    23 Broy./Diag. 0.40E+00    0.9     0.00006304     -1317.0837856019  1.74E-04
  Decoupling Energy:                                              -0.0002025536
    24 Broy./Diag. 0.40E+00    0.8     0.00004571     -1317.0845460286 -7.60E-04
  Decoupling Energy:                                              -0.0002016279
    25 Broy./Diag. 0.40E+00    0.8     0.00002976     -1317.0848759463 -3.30E-04
  Decoupling Energy:                                              -0.0002011852
    26 Broy./Diag. 0.40E+00    0.8     0.00001317     -1317.0844638083  4.12E-04
  Decoupling Energy:                                              -0.0002009206
    27 Broy./Diag. 0.40E+00    0.8     0.00001066     -1317.0840597381  4.04E-04
  Decoupling Energy:                                              -0.0002008199
    28 Broy./Diag. 0.40E+00    0.8     0.00000615     -1317.0840802478 -2.05E-05
  Decoupling Energy:                                              -0.0002007880
    29 Broy./Diag. 0.40E+00    0.8     0.00000384     -1317.0842957301 -2.15E-04
  Decoupling Energy:                                              -0.0002007940
    30 Broy./Diag. 0.40E+00    0.9     0.00000406     -1317.0844142010 -1.18E-04
  Decoupling Energy:                                              -0.0002008225
    31 Broy./Diag. 0.40E+00    0.8     0.00000332     -1317.0843591729  5.50E-05
  Decoupling Energy:                                              -0.0002008753
    32 Broy./Diag. 0.40E+00    0.8     0.00000336     -1317.0842455122  1.14E-04
  Decoupling Energy:                                              -0.0002009309
    33 Broy./Diag. 0.40E+00    0.8     0.00000273     -1317.0841728265  7.27E-05
  Decoupling Energy:                                              -0.0002009661
    34 Broy./Diag. 0.40E+00    0.8     0.00000147     -1317.0841670530  5.77E-06
  Decoupling Energy:                                              -0.0002009932
    35 Broy./Diag. 0.40E+00    0.8     0.00000106     -1317.0841810160 -1.40E-05
  Decoupling Energy:                                              -0.0002010126
    36 Broy./Diag. 0.40E+00    0.8     0.00000073     -1317.0841797593  1.26E-06
  Decoupling Energy:                                              -0.0002010284
    37 Broy./Diag. 0.40E+00    0.9     0.00000060     -1317.0841695244  1.02E-05
  Decoupling Energy:                                              -0.0002010404
    38 Broy./Diag. 0.40E+00    0.8     0.00000043     -1317.0841631364  6.39E-06
  Decoupling Energy:                                              -0.0002010470
    39 Broy./Diag. 0.40E+00    0.8     0.00000020     -1317.0841646840 -1.55E-06
  Decoupling Energy:                                              -0.0002010504
    40 Broy./Diag. 0.40E+00    0.8     0.00000014     -1317.0841697939 -5.11E-06
  Decoupling Energy:                                              -0.0002010510
    41 Broy./Diag. 0.40E+00    0.8     0.00000009     -1317.0841726677 -2.87E-06

  *** SCF run converged in    41 steps ***


  Electronic density on regular grids:       -968.0000000000       -0.0000000000
  Core density on regular grids:              968.0000000000       -0.0000000000
  Total charge density on r-space grids:       -0.0000000000
  Total charge density g-space grids:          -0.0000000000

  Overlap energy of the core charge distribution:               0.00007702240928
  Self energy of the core charge distribution:              -3088.59590063400356
  Core Hamiltonian energy:                                    978.79995086543249
  Hartree energy:                                            1210.91545419389763
  Exchange-correlation energy:                               -418.20375411539544

  Total energy:                                             -1317.08417266765969

 !-----------------------------------------------------------------------------!
                     Mulliken Population Analysis

 #  Atom  Element  Kind  Atomic population                           Net charge
       1     H        1          0.781373                              0.218627
       2     H        1          0.781373                              0.218627
       3     H        1          0.700389                              0.299611
       4     H        1          0.700389                              0.299611
       5     C        2          4.615459                             -0.615459
       6     C        2          4.201312                             -0.201312
       7     C        2          4.201312                             -0.201312
       8     H        1          0.768192                              0.231808
       9     H        1          0.768192                              0.231808
      10     C        2          4.049779                             -0.049779
      11     C        2          4.049779                             -0.049779
      12     C        2          4.245088                             -0.245088
      13     C        2          4.245088                             -0.245088
      14     C        2          4.161971                             -0.161971
      15     C        2          4.161971                             -0.161971
      16     C        2          3.963297                              0.036703
      17     C        2          3.963297                              0.036703
      18     H        1          0.809862                              0.190138
      19     H        1          0.809862                              0.190138
      20     C        2          4.083398                             -0.083398
      21     C        2          4.083398                             -0.083398
      22     C        2          3.965439                              0.034561
      23     C        2          3.966272                              0.033728
      24     C        2          4.059512                             -0.059512
      25     C        2          4.059512                             -0.059512
      26     H        1          0.804074                              0.195926
      27     H        1          0.804074                              0.195926
      28     C        2          3.981111                              0.018889
      29     C        2          3.981111                              0.018889
      30     C        2          4.137841                             -0.137841
      31     C        2          4.137841                             -0.137841
      32     C        2          4.140502                             -0.140502
      33     C        2          4.140502                             -0.140502
      34     C        2          3.983449                              0.016551
      35     C        2          3.983449                              0.016551
      36     H        1          0.813322                              0.186678
      37     H        1          0.813322                              0.186678
      38     C        2          4.069050                             -0.069050
      39     C        2          4.069050                             -0.069050
      40     C        2          3.969602                              0.030398
      41     C        2          3.971393                              0.028607
      42     C        2          4.068787                             -0.068787
      43     C        2          4.068787                             -0.068787
      44     H        1          0.812737                              0.187263
      45     H        1          0.812737                              0.187263
      46     C        2          3.986131                              0.013869
      47     C        2          3.986131                              0.013869
      48     C        2          4.139299                             -0.139299
      49     C        2          4.139299                             -0.139299
      50     C        2          4.140362                             -0.140362
      51     C        2          4.140362                             -0.140362
      52     C        2          3.986500                              0.013500
      53     C        2          3.986500                              0.013500
      54     H        1          0.813630                              0.186370
      55     H        1          0.813630                              0.186370
      56     C        2          4.071016                             -0.071016
      57     C        2          4.071016                             -0.071016
      58     C        2          3.972208                              0.027792
      59     C        2          3.972689                              0.027311
      60     C        2          4.070894                             -0.070894
      61     C        2          4.070894                             -0.070894
      62     H        1          0.813479                              0.186521
      63     H        1          0.813479                              0.186521
      64     C        2          3.987314                              0.012686
      65     C        2          3.987314                              0.012686
      66     C        2          4.140105                             -0.140105
      67     C        2          4.140105                             -0.140105
      68     C        2          4.140494                             -0.140494
      69     C        2          4.140494                             -0.140494
      70     C        2          3.987382                              0.012618
      71     C        2          3.987382                              0.012618
      72     H        1          0.813712                              0.186288
      73     H        1          0.813712                              0.186288
      74     C        2          4.071525                             -0.071525
      75     C        2          4.071525                             -0.071525
      76     C        2          3.972867                              0.027133
      77     C        2          3.973045                              0.026955
      78     C        2          4.071465                             -0.071465
      79     C        2          4.071465                             -0.071465
      80     H        1          0.813629                              0.186371
      81     H        1          0.813629                              0.186371
      82     C        2          3.987629                              0.012371
      83     C        2          3.987629                              0.012371
      84     C        2          4.140342                             -0.140342
      85     C        2          4.140342                             -0.140342
      86     C        2          4.140507                             -0.140507
      87     C        2          4.140507                             -0.140507
      88     C        2          3.987633                              0.012367
      89     C        2          3.987633                              0.012367
      90     H        1          0.813719                              0.186281
      91     H        1          0.813719                              0.186281
      92     C        2          4.071652                             -0.071652
      93     C        2          4.071652                             -0.071652
      94     C        2          3.973053                              0.026947
      95     C        2          3.973137                              0.026863
      96     C        2          4.071621                             -0.071621
      97     C        2          4.071621                             -0.071621
      98     H        1          0.813667                              0.186333
      99     H        1          0.813667                              0.186333
     100     C        2          3.987707                              0.012293
     101     C        2          3.987707                              0.012293
     102     C        2          4.140407                             -0.140407
     103     C        2          4.140407                             -0.140407
     104     C        2          4.140489                             -0.140489
     105     C        2          4.140489                             -0.140489
     106     C        2          3.987703                              0.012297
     107     C        2          3.987703                              0.012297
     108     H        1          0.813709                              0.186291
     109     H        1          0.813709                              0.186291
     110     C        2          4.071677                             -0.071677
     111     C        2          4.071677                             -0.071677
     112     C        2          3.973110                              0.026890
     113     C        2          3.973156                              0.026844
     114     C        2          4.071662                             -0.071662
     115     C        2          4.071662                             -0.071662
     116     H        1          0.813678                              0.186322
     117     H        1          0.813678                              0.186322
     118     C        2          3.987724                              0.012276
     119     C        2          3.987724                              0.012276
     120     C        2          4.140428                             -0.140428
     121     C        2          4.140428                             -0.140428
     122     C        2          4.140469                             -0.140469
     123     C        2          4.140469                             -0.140469
     124     C        2          3.987722                              0.012278
     125     C        2          3.987722                              0.012278
     126     H        1          0.813699                              0.186301
     127     H        1          0.813699                              0.186301
     128     C        2          4.071677                             -0.071677
     129     C        2          4.071677                             -0.071677
     130     C        2          3.973132                              0.026868
     131     C        2          3.973154                              0.026846
     132     C        2          4.071672                             -0.071672
     133     C        2          4.071672                             -0.071672
     134     H        1          0.813685                              0.186315
     135     H        1          0.813685                              0.186315
     136     C        2          3.987727                              0.012273
     137     C        2          3.987727                              0.012273
     138     C        2          4.140441                             -0.140441
     139     C        2          4.140441                             -0.140441
     140     C        2          4.140453                             -0.140453
     141     C        2          4.140453                             -0.140453
     142     C        2          3.987726                              0.012274
     143     C        2          3.987726                              0.012274
     144     H        1          0.813691                              0.186309
     145     H        1          0.813691                              0.186309
     146     C        2          4.071675                             -0.071675
     147     C        2          4.071675                             -0.071675
     148     C        2          3.973145                              0.026855
     149     C        2          3.973145                              0.026855
     150     C        2          4.071675                             -0.071675
     151     C        2          4.071675                             -0.071675
     152     H        1          0.813691                              0.186309
     153     H        1          0.813691                              0.186309
     154     C        2          3.987726                              0.012274
     155     C        2          3.987726                              0.012274
     156     C        2          4.140453                             -0.140453
     157     C        2          4.140453                             -0.140453
     158     C        2          4.140441                             -0.140441
     159     C        2          4.140441                             -0.140441
     160     C        2          3.987727                              0.012273
     161     C        2          3.987727                              0.012273
     162     H        1          0.813685                              0.186315
     163     H        1          0.813685                              0.186315
     164     C        2          4.071672                             -0.071672
     165     C        2          4.071672                             -0.071672
     166     C        2          3.973154                              0.026846
     167     C        2          3.973132                              0.026868
     168     C        2          4.071677                             -0.071677
     169     C        2          4.071677                             -0.071677
     170     H        1          0.813699                              0.186301
     171     H        1          0.813699                              0.186301
     172     C        2          3.987722                              0.012278
     173     C        2          3.987722                              0.012278
     174     C        2          4.140469                             -0.140469
     175     C        2          4.140469                             -0.140469
     176     C        2          4.140428                             -0.140428
     177     C        2          4.140428                             -0.140428
     178     C        2          3.987724                              0.012276
     179     C        2          3.987724                              0.012276
     180     H        1          0.813678                              0.186322
     181     H        1          0.813678                              0.186322
     182     C        2          4.071662                             -0.071662
     183     C        2          4.071662                             -0.071662
     184     C        2          3.973156                              0.026844
     185     C        2          3.973110                              0.026890
     186     C        2          4.071677                             -0.071677
     187     C        2          4.071677                             -0.071677
     188     H        1          0.813709                              0.186291
     189     H        1          0.813709                              0.186291
     190     C        2          3.987703                              0.012297
     191     C        2          3.987703                              0.012297
     192     C        2          4.140489                             -0.140489
     193     C        2          4.140489                             -0.140489
     194     C        2          4.140407                             -0.140407
     195     C        2          4.140407                             -0.140407
     196     C        2          3.987707                              0.012293
     197     C        2          3.987707                              0.012293
     198     H        1          0.813667                              0.186333
     199     H        1          0.813667                              0.186333
     200     C        2          4.071621                             -0.071621
     201     C        2          4.071621                             -0.071621
     202     C        2          3.973137                              0.026863
     203     C        2          3.973053                              0.026947
     204     C        2          4.071652                             -0.071652
     205     C        2          4.071652                             -0.071652
     206     H        1          0.813719                              0.186281
     207     H        1          0.813719                              0.186281
     208     C        2          3.987633                              0.012367
     209     C        2          3.987633                              0.012367
     210     C        2          4.140507                             -0.140507
     211     C        2          4.140507                             -0.140507
     212     C        2          4.140342                             -0.140342
     213     C        2          4.140342                             -0.140342
     214     C        2          3.987629                              0.012371
     215     C        2          3.987629                              0.012371
     216     H        1          0.813629                              0.186371
     217     H        1          0.813629                              0.186371
     218     C        2          4.071465                             -0.071465
     219     C        2          4.071465                             -0.071465
     220     C        2          3.973045                              0.026955
     221     C        2          3.972867                              0.027133
     222     C        2          4.071525                             -0.071525
     223     C        2          4.071525                             -0.071525
     224     H        1          0.813712                              0.186288
     225     H        1          0.813712                              0.186288
     226     C        2          3.987382                              0.012618
     227     C        2          3.987382                              0.012618
     228     C        2          4.140494                             -0.140494
     229     C        2          4.140494                             -0.140494
     230     C        2          4.140105                             -0.140105
     231     C        2          4.140105                             -0.140105
     232     C        2          3.987314                              0.012686
     233     C        2          3.987314                              0.012686
     234     H        1          0.813479                              0.186521
     235     H        1          0.813479                              0.186521
     236     C        2          4.070894                             -0.070894
     237     C        2          4.070894                             -0.070894
     238     C        2          3.972689                              0.027311
     239     C        2          3.972208                              0.027792
     240     C        2          4.071016                             -0.071016
     241     C        2          4.071016                             -0.071016
     242     H        1          0.813630                              0.186370
     243     H        1          0.813630                              0.186370
     244     C        2          3.986500                              0.013500
     245     C        2          3.986500                              0.013500
     246     C        2          4.140362                             -0.140362
     247     C        2          4.140362                             -0.140362
     248     C        2          4.139299                             -0.139299
     249     C        2          4.139299                             -0.139299
     250     C        2          3.986131                              0.013869
     251     C        2          3.986131                              0.013869
     252     H        1          0.812737                              0.187263
     253     H        1          0.812737                              0.187263
     254     C        2          4.068787                             -0.068787
     255     C        2          4.068787                             -0.068787
     256     C        2          3.971393                              0.028607
     257     C        2          3.969602                              0.030398
     258     C        2          4.069050                             -0.069050
     259     C        2          4.069050                             -0.069050
     260     H        1          0.813322                              0.186678
     261     H        1          0.813322                              0.186678
     262     C        2          3.983449                              0.016551
     263     C        2          3.983449                              0.016551
     264     C        2          4.140502                             -0.140502
     265     C        2          4.140502                             -0.140502
     266     C        2          4.137841                             -0.137841
     267     C        2          4.137841                             -0.137841
     268     C        2          3.981111                              0.018889
     269     C        2          3.981111                              0.018889
     270     H        1          0.804074                              0.195926
     271     H        1          0.804074                              0.195926
     272     C        2          4.059512                             -0.059512
     273     C        2          4.059512                             -0.059512
     274     C        2          3.966272                              0.033728
     275     C        2          3.965439                              0.034561
     276     C        2          4.083398                             -0.083398
     277     C        2          4.083398                             -0.083398
     278     H        1          0.809862                              0.190138
     279     H        1          0.809862                              0.190138
     280     C        2          3.963297                              0.036703
     281     C        2          3.963297                              0.036703
     282     C        2          4.161971                             -0.161971
     283     C        2          4.161971                             -0.161971
     284     C        2          4.245088                             -0.245088
     285     C        2          4.245088                             -0.245088
     286     C        2          4.049779                             -0.049779
     287     C        2          4.049779                             -0.049779
     288     H        1          0.768192                              0.231808
     289     H        1          0.768192                              0.231808
     290     C        2          4.201312                             -0.201312
     291     C        2          4.201312                             -0.201312
     292     C        2          4.615459                             -0.615459
     293     H        1          0.700389                              0.299611
     294     H        1          0.700389                              0.299611
     295     H        1          0.781373                              0.218627
     296     H        1          0.781373                              0.218627
 # Total charge                            968.000000                 -0.000000

 !-----------------------------------------------------------------------------!

 !-----------------------------------------------------------------------------!
                           Hirshfeld Charges

  #Atom  Element  Kind  Ref Charge     Population                    Net charge
      1       H      1       1.000          0.549                         0.451
      2       H      1       1.000          0.549                         0.451
      3       H      1       1.000          0.553                         0.447
      4       H      1       1.000          0.553                         0.447
      5       C      2       4.000          4.781                        -0.781
      6       C      2       4.000          4.470                        -0.470
      7       C      2       4.000          4.470                        -0.470
      8       H      1       1.000          0.551                         0.449
      9       H      1       1.000          0.551                         0.449
     10       C      2       4.000          4.006                        -0.006
     11       C      2       4.000          4.006                        -0.006
     12       C      2       4.000          4.446                        -0.446
     13       C      2       4.000          4.446                        -0.446
     14       C      2       4.000          4.455                        -0.455
     15       C      2       4.000          4.455                        -0.455
     16       C      2       4.000          4.007                        -0.007
     17       C      2       4.000          4.007                        -0.007
     18       H      1       1.000          0.555                         0.445
     19       H      1       1.000          0.555                         0.445
     20       C      2       4.000          3.995                         0.005
     21       C      2       4.000          3.995                         0.005
     22       C      2       4.000          4.003                        -0.003
     23       C      2       4.000          4.007                        -0.007
     24       C      2       4.000          3.999                         0.001
     25       C      2       4.000          3.999                         0.001
     26       H      1       1.000          0.555                         0.445
     27       H      1       1.000          0.555                         0.445
     28       C      2       4.000          4.000                        -0.000
     29       C      2       4.000          4.000                        -0.000
     30       C      2       4.000          4.444                        -0.444
     31       C      2       4.000          4.444                        -0.444
     32       C      2       4.000          4.447                        -0.447
     33       C      2       4.000          4.447                        -0.447
     34       C      2       4.000          4.001                        -0.001
     35       C      2       4.000          4.001                        -0.001
     36       H      1       1.000          0.555                         0.445
     37       H      1       1.000          0.555                         0.445
     38       C      2       4.000          3.997                         0.003
     39       C      2       4.000          3.997                         0.003
     40       C      2       4.000          4.001                        -0.001
     41       C      2       4.000          4.002                        -0.002
     42       C      2       4.000          3.998                         0.002
     43       C      2       4.000          3.998                         0.002
     44       H      1       1.000          0.555                         0.445
     45       H      1       1.000          0.555                         0.445
     46       C      2       4.000          4.000                        -0.000
     47       C      2       4.000          4.000                        -0.000
     48       C      2       4.000          4.445                        -0.445
     49       C      2       4.000          4.445                        -0.445
     50       C      2       4.000          4.445                        -0.445
     51       C      2       4.000          4.445                        -0.445
     52       C      2       4.000          4.000                        -0.000
     53       C      2       4.000          4.000                        -0.000
     54       H      1       1.000          0.555                         0.445
     55       H      1       1.000          0.555                         0.445
     56       C      2       4.000          3.998                         0.002
     57       C      2       4.000          3.998                         0.002
     58       C      2       4.000          4.001                        -0.001
     59       C      2       4.000          4.002                        -0.002
     60       C      2       4.000          3.998                         0.002
     61       C      2       4.000          3.998                         0.002
     62       H      1       1.000          0.555                         0.445
     63       H      1       1.000          0.555                         0.445
     64       C      2       4.000          4.000                        -0.000
     65       C      2       4.000          4.000                        -0.000
     66       C      2       4.000          4.445                        -0.445
     67       C      2       4.000          4.445                        -0.445
     68       C      2       4.000          4.445                        -0.445
     69       C      2       4.000          4.445                        -0.445
     70       C      2       4.000          4.000                         0.000
     71       C      2       4.000          4.000                         0.000
     72       H      1       1.000          0.555                         0.445
     73       H      1       1.000          0.555                         0.445
     74       C      2       4.000          3.998                         0.002
     75       C      2       4.000          3.998                         0.002
     76       C      2       4.000          4.001                        -0.001
     77       C      2       4.000          4.001                        -0.001
     78       C      2       4.000          3.998                         0.002
     79       C      2       4.000          3.998                         0.002
     80       H      1       1.000          0.555                         0.445
     81       H      1       1.000          0.555                         0.445
     82       C      2       4.000          4.000                        -0.000
     83       C      2       4.000          4.000                        -0.000
     84       C      2       4.000          4.445                        -0.445
     85       C      2       4.000          4.445                        -0.445
     86       C      2       4.000          4.445                        -0.445
     87       C      2       4.000          4.445                        -0.445
     88       C      2       4.000          4.000                         0.000
     89       C      2       4.000          4.000                         0.000
     90       H      1       1.000          0.555                         0.445
     91       H      1       1.000          0.555                         0.445
     92       C      2       4.000          3.998                         0.002
     93       C      2       4.000          3.998                         0.002
     94       C      2       4.000          4.001                        -0.001
     95       C      2       4.000          4.001                        -0.001
     96       C      2       4.000          3.998                         0.002
     97       C      2       4.000          3.998                         0.002
     98       H      1       1.000          0.555                         0.445
     99       H      1       1.000          0.555                         0.445
    100       C      2       4.000          4.000                         0.000
    101       C      2       4.000          4.000                         0.000
    102       C      2       4.000          4.445                        -0.445
    103       C      2       4.000          4.445                        -0.445
    104       C      2       4.000          4.445                        -0.445
    105       C      2       4.000          4.445                        -0.445
    106       C      2       4.000          4.000                         0.000
    107       C      2       4.000          4.000                         0.000
    108       H      1       1.000          0.555                         0.445
    109       H      1       1.000          0.555                         0.445
    110       C      2       4.000          3.998                         0.002
    111       C      2       4.000          3.998                         0.002
    112       C      2       4.000          4.001                        -0.001
    113       C      2       4.000          4.001                        -0.001
    114       C      2       4.000          3.998                         0.002
    115       C      2       4.000          3.998                         0.002
    116       H      1       1.000          0.555                         0.445
    117       H      1       1.000          0.555                         0.445
    118       C      2       4.000          4.000                         0.000
    119       C      2       4.000          4.000                         0.000
    120       C      2       4.000          4.445                        -0.445
    121       C      2       4.000          4.445                        -0.445
    122       C      2       4.000          4.445                        -0.445
    123       C      2       4.000          4.445                        -0.445
    124       C      2       4.000          4.000                         0.000
    125       C      2       4.000          4.000                         0.000
    126       H      1       1.000          0.555                         0.445
    127       H      1       1.000          0.555                         0.445
    128       C      2       4.000          3.998                         0.002
    129       C      2       4.000          3.998                         0.002
    130       C      2       4.000          4.001                        -0.001
    131       C      2       4.000          4.001                        -0.001
    132       C      2       4.000          3.998                         0.002
    133       C      2       4.000          3.998                         0.002
    134       H      1       1.000          0.555                         0.445
    135       H      1       1.000          0.555                         0.445
    136       C      2       4.000          4.000                         0.000
    137       C      2       4.000          4.000                         0.000
    138       C      2       4.000          4.445                        -0.445
    139       C      2       4.000          4.445                        -0.445
    140       C      2       4.000          4.445                        -0.445
    141       C      2       4.000          4.445                        -0.445
    142       C      2       4.000          4.000                         0.000
    143       C      2       4.000          4.000                         0.000
    144       H      1       1.000          0.555                         0.445
    145       H      1       1.000          0.555                         0.445
    146       C      2       4.000          3.998                         0.002
    147       C      2       4.000          3.998                         0.002
    148       C      2       4.000          4.001                        -0.001
    149       C      2       4.000          4.001                        -0.001
    150       C      2       4.000          3.998                         0.002
    151       C      2       4.000          3.998                         0.002
    152       H      1       1.000          0.555                         0.445
    153       H      1       1.000          0.555                         0.445
    154       C      2       4.000          4.000                         0.000
    155       C      2       4.000          4.000                         0.000
    156       C      2       4.000          4.445                        -0.445
    157       C      2       4.000          4.445                        -0.445
    158       C      2       4.000          4.445                        -0.445
    159       C      2       4.000          4.445                        -0.445
    160       C      2       4.000          4.000                         0.000
    161       C      2       4.000          4.000                         0.000
    162       H      1       1.000          0.555                         0.445
    163       H      1       1.000          0.555                         0.445
    164       C      2       4.000          3.998                         0.002
    165       C      2       4.000          3.998                         0.002
    166       C      2       4.000          4.001                        -0.001
    167       C      2       4.000          4.001                        -0.001
    168       C      2       4.000          3.998                         0.002
    169       C      2       4.000          3.998                         0.002
    170       H      1       1.000          0.555                         0.445
    171       H      1       1.000          0.555                         0.445
    172       C      2       4.000          4.000                         0.000
    173       C      2       4.000          4.000                         0.000
    174       C      2       4.000          4.445                        -0.445
    175       C      2       4.000          4.445                        -0.445
    176       C      2       4.000          4.445                        -0.445
    177       C      2       4.000          4.445                        -0.445
    178       C      2       4.000          4.000                         0.000
    179       C      2       4.000          4.000                         0.000
    180       H      1       1.000          0.555                         0.445
    181       H      1       1.000          0.555                         0.445
    182       C      2       4.000          3.998                         0.002
    183       C      2       4.000          3.998                         0.002
    184       C      2       4.000          4.001                        -0.001
    185       C      2       4.000          4.001                        -0.001
    186       C      2       4.000          3.998                         0.002
    187       C      2       4.000          3.998                         0.002
    188       H      1       1.000          0.555                         0.445
    189       H      1       1.000          0.555                         0.445
    190       C      2       4.000          4.000                         0.000
    191       C      2       4.000          4.000                         0.000
    192       C      2       4.000          4.445                        -0.445
    193       C      2       4.000          4.445                        -0.445
    194       C      2       4.000          4.445                        -0.445
    195       C      2       4.000          4.445                        -0.445
    196       C      2       4.000          4.000                         0.000
    197       C      2       4.000          4.000                         0.000
    198       H      1       1.000          0.555                         0.445
    199       H      1       1.000          0.555                         0.445
    200       C      2       4.000          3.998                         0.002
    201       C      2       4.000          3.998                         0.002
    202       C      2       4.000          4.001                        -0.001
    203       C      2       4.000          4.001                        -0.001
    204       C      2       4.000          3.998                         0.002
    205       C      2       4.000          3.998                         0.002
    206       H      1       1.000          0.555                         0.445
    207       H      1       1.000          0.555                         0.445
    208       C      2       4.000          4.000                         0.000
    209       C      2       4.000          4.000                         0.000
    210       C      2       4.000          4.445                        -0.445
    211       C      2       4.000          4.445                        -0.445
    212       C      2       4.000          4.445                        -0.445
    213       C      2       4.000          4.445                        -0.445
    214       C      2       4.000          4.000                        -0.000
    215       C      2       4.000          4.000                        -0.000
    216       H      1       1.000          0.555                         0.445
    217       H      1       1.000          0.555                         0.445
    218       C      2       4.000          3.998                         0.002
    219       C      2       4.000          3.998                         0.002
    220       C      2       4.000          4.001                        -0.001
    221       C      2       4.000          4.001                        -0.001
    222       C      2       4.000          3.998                         0.002
    223       C      2       4.000          3.998                         0.002
    224       H      1       1.000          0.555                         0.445
    225       H      1       1.000          0.555                         0.445
    226       C      2       4.000          4.000                         0.000
    227       C      2       4.000          4.000                         0.000
    228       C      2       4.000          4.445                        -0.445
    229       C      2       4.000          4.445                        -0.445
    230       C      2       4.000          4.445                        -0.445
    231       C      2       4.000          4.445                        -0.445
    232       C      2       4.000          4.000                        -0.000
    233       C      2       4.000          4.000                        -0.000
    234       H      1       1.000          0.555                         0.445
    235       H      1       1.000          0.555                         0.445
    236       C      2       4.000          3.998                         0.002
    237       C      2       4.000          3.998                         0.002
    238       C      2       4.000          4.002                        -0.002
    239       C      2       4.000          4.001                        -0.001
    240       C      2       4.000          3.998                         0.002
    241       C      2       4.000          3.998                         0.002
    242       H      1       1.000          0.555                         0.445
    243       H      1       1.000          0.555                         0.445
    244       C      2       4.000          4.000                        -0.000
    245       C      2       4.000          4.000                        -0.000
    246       C      2       4.000          4.445                        -0.445
    247       C      2       4.000          4.445                        -0.445
    248       C      2       4.000          4.445                        -0.445
    249       C      2       4.000          4.445                        -0.445
    250       C      2       4.000          4.000                        -0.000
    251       C      2       4.000          4.000                        -0.000
    252       H      1       1.000          0.555                         0.445
    253       H      1       1.000          0.555                         0.445
    254       C      2       4.000          3.998                         0.002
    255       C      2       4.000          3.998                         0.002
    256       C      2       4.000          4.002                        -0.002
    257       C      2       4.000          4.001                        -0.001
    258       C      2       4.000          3.997                         0.003
    259       C      2       4.000          3.997                         0.003
    260       H      1       1.000          0.555                         0.445
    261       H      1       1.000          0.555                         0.445
    262       C      2       4.000          4.001                        -0.001
    263       C      2       4.000          4.001                        -0.001
    264       C      2       4.000          4.447                        -0.447
    265       C      2       4.000          4.447                        -0.447
    266       C      2       4.000          4.444                        -0.444
    267       C      2       4.000          4.444                        -0.444
    268       C      2       4.000          4.000                        -0.000
    269       C      2       4.000          4.000                        -0.000
    270       H      1       1.000          0.555                         0.445
    271       H      1       1.000          0.555                         0.445
    272       C      2       4.000          3.999                         0.001
    273       C      2       4.000          3.999                         0.001
    274       C      2       4.000          4.007                        -0.007
    275       C      2       4.000          4.003                        -0.003
    276       C      2       4.000          3.995                         0.005
    277       C      2       4.000          3.995                         0.005
    278       H      1       1.000          0.555                         0.445
    279       H      1       1.000          0.555                         0.445
    280       C      2       4.000          4.007                        -0.007
    281       C      2       4.000          4.007                        -0.007
    282       C      2       4.000          4.455                        -0.455
    283       C      2       4.000          4.455                        -0.455
    284       C      2       4.000          4.446                        -0.446
    285       C      2       4.000          4.446                        -0.446
    286       C      2       4.000          4.006                        -0.006
    287       C      2       4.000          4.006                        -0.006
    288       H      1       1.000          0.551                         0.449
    289       H      1       1.000          0.551                         0.449
    290       C      2       4.000          4.470                        -0.470
    291       C      2       4.000          4.470                        -0.470
    292       C      2       4.000          4.781                        -0.781
    293       H      1       1.000          0.553                         0.447
    294       H      1       1.000          0.553                         0.447
    295       H      1       1.000          0.549                         0.451
    296       H      1       1.000          0.549                         0.451

  Total Charge                                                            0.173
 !-----------------------------------------------------------------------------!
  
 -------------------------------------------------------------------------------
 -                                                                             -
 -                          BANDSTRUCTURE CALCULATION                          -
 -                                                                             -
 -------------------------------------------------------------------------------
  
 Number of occupied molecular orbitals (MOs) = Number of occupied bands      484
 Number of unoccupied (= virtual) MOs = Number of unoccupied bands          2860
 Number of Gaussian basis functions for MOs                                 3344
  
 -------------------------------------------------------------------------------
 -                                                                             -
 -                                GW CALCULATION                               -
 -                                                                             -
 -------------------------------------------------------------------------------
  
 Input: Number of time/freq. points                                           30
 Input: ω_max for fitting Σ(iω) (eV)                                        10.0
 Input: Filter threshold for sparse tensor operations                    1.0E-10
 Input: Apply Hedin shift                                                      F
 Detected: Available memory per MPI process                              39.8 GB
 
 Input: RI-RS Tikhonov regularization                                   1.00E-08
 Input: AO grid hard cutoff radius                                        7.00 Å
 Input: MPI ranks per atom in Z_lP solve                                      -1
 Input: Keep sparsity in χ/G/W panels                                          T
 Input: GW flavour                                                          G0W0
 
 Input: RI-RS grid optimization activated                                      T
 Input: Element: H, number of points per atom:                                34
 Input: Element: C, number of points per atom:                                84
 Input: Cutoff radius for atomic clusters                                  3.0 Å
 Input: Maximum grid optimization iterations                                 200
 
 Cutoff radius for the truncated Coulomb operator in RI metric:            7.0 Å
 Regularization parameter of RI                                          0.0E+00
 Regularization parameter of minimax grids                               1.0E-06
  
 Number of auxiliary Gaussian basis functions for χ, ε, W                   7080
  Decoupling Energy:                                              -0.0002010343
 
 SCF direct band gap (eV)                                                   1.56
 Max. SCF eigval diff. (eV)                                               247.06
 E-Range for minimax grid                                                 158.77
 Number of Padé parameters for analytic continuation:                         16
 
 RI-RS basis radii (Å):
     Kind  Elem     r_AO (Å)     r_RI (Å)
        1    H        11.3560        5.9118
        2    C         9.5975        5.7974
 
 Started RI-RS grid optimization
 RI-RS grid optimization completed, execution time:                      250.7 s
 Normalized 3C error:                                                    3.0E-07
 Maximum absolute 3C error:                                              7.7E-03
 Total grid points used for RI-RS:                                         21264
 
 RI-RS grid row-blocks of Φ_μ(r_l)                                           816
 RI-RS grid points per block (max)                                            32
 
 Percentage of non-zero matrix elements in Φ_μ(r_l)                      20.75 %
 
 RI-RS memory estimate per MPI process:
   Available memory per process (system)                                47.52 GB
   Required for Z_lP (dense upper bound; actual is sparser)              0.02 GB
   Required for χ, W, Σ panels (peak per panel step)                     0.21 GB
   Required for Z_lP solve peak (D_local+φ, worst-case atom)             0.62 GB
   Worst-case local-grid number of grid points:                             7629
   Worst-case memory D_local:                                            0.47 GB
 
 Started computing Z_lP
 Per-kind maximum RI-RS sphere cutoff (Å):
   Kind   cutoff (Å)
     H        12.9118
     C        12.7974
 
 Computed Z_lP (MPI rank 0) for atom          1 /  5,    Execution time    1.1 s
 Computed Z_lP (MPI rank 0) for atom          2 /  5,    Execution time    1.1 s
 Computed Z_lP (MPI rank 0) for atom          3 /  5,    Execution time    1.0 s
 Computed Z_lP (MPI rank 0) for atom          4 /  5,    Execution time    0.4 s
 Computed Z_lP (MPI rank 0) for atom          5 /  5,    Execution time    0.3 s
 Computed Z_lP (all MPI ranks) for all atoms,            Execution time    4.3 s

 Memory per MPI process after computing Z_lP:
 Available memory per MPI process                               47.5 GB
 Used memory per MPI process                                     1.7 GB
 Number of batches for χ, Σ matrices                                           1
 
 Percentage of non-zero matrix elements in Z_lP                          36.70 %
 Percentage of non-zero matrix elements in G_ll', χ_ll', W_ll'          100.00 %
 Percentage of non-zero matrix elements in χ_PQ for time point 1        100.00 %
 
 Computed χ(iτ,k=0) for time point            1 / 30,    Execution time    0.6 s
 Computed χ(iτ,k=0) for time point            2 / 30,    Execution time    0.5 s
 Computed χ(iτ,k=0) for time point            3 / 30,    Execution time    0.5 s
 Computed χ(iτ,k=0) for time point            4 / 30,    Execution time    0.5 s
 Computed χ(iτ,k=0) for time point            5 / 30,    Execution time    0.5 s
 Computed χ(iτ,k=0) for time point            6 / 30,    Execution time    0.5 s
 Computed χ(iτ,k=0) for time point            7 / 30,    Execution time    0.5 s
 Computed χ(iτ,k=0) for time point            8 / 30,    Execution time    0.5 s
 Computed χ(iτ,k=0) for time point            9 / 30,    Execution time    0.5 s
 Computed χ(iτ,k=0) for time point           10 / 30,    Execution time    0.5 s
 Computed χ(iτ,k=0) for time point           11 / 30,    Execution time    0.5 s
 Computed χ(iτ,k=0) for time point           12 / 30,    Execution time    0.5 s
 Computed χ(iτ,k=0) for time point           13 / 30,    Execution time    0.5 s
 Computed χ(iτ,k=0) for time point           14 / 30,    Execution time    0.5 s
 Computed χ(iτ,k=0) for time point           15 / 30,    Execution time    0.5 s
 Computed χ(iτ,k=0) for time point           16 / 30,    Execution time    0.5 s
 Computed χ(iτ,k=0) for time point           17 / 30,    Execution time    0.5 s
 Computed χ(iτ,k=0) for time point           18 / 30,    Execution time    0.5 s
 Computed χ(iτ,k=0) for time point           19 / 30,    Execution time    0.5 s
 Computed χ(iτ,k=0) for time point           20 / 30,    Execution time    0.5 s
 Computed χ(iτ,k=0) for time point           21 / 30,    Execution time    0.5 s
 Computed χ(iτ,k=0) for time point           22 / 30,    Execution time    0.5 s
 Computed χ(iτ,k=0) for time point           23 / 30,    Execution time    0.4 s
 Computed χ(iτ,k=0) for time point           24 / 30,    Execution time    0.4 s
 Computed χ(iτ,k=0) for time point           25 / 30,    Execution time    0.4 s
 Computed χ(iτ,k=0) for time point           26 / 30,    Execution time    0.3 s
 Computed χ(iτ,k=0) for time point           27 / 30,    Execution time    0.2 s
 Computed χ(iτ,k=0) for time point           28 / 30,    Execution time    0.1 s
 Computed χ(iτ,k=0) for time point           29 / 30,    Execution time    0.1 s
 Computed χ(iτ,k=0) for time point           30 / 30,    Execution time    0.1 s
 
 Computed W(iτ),                                         Execution time   20.7 s
 Computed W(0),                                          Execution time    0.1 s
 
 Computed Σ^x(k=0),                                      Execution time    0.7 s
 
 Computed Σ^c(iτ) for time point              1 / 30,    Execution time    0.7 s
 Computed Σ^c(iτ) for time point              2 / 30,    Execution time    0.7 s
 Computed Σ^c(iτ) for time point              3 / 30,    Execution time    0.7 s
 Computed Σ^c(iτ) for time point              4 / 30,    Execution time    0.7 s
 Computed Σ^c(iτ) for time point              5 / 30,    Execution time    0.7 s
 Computed Σ^c(iτ) for time point              6 / 30,    Execution time    0.7 s
 Computed Σ^c(iτ) for time point              7 / 30,    Execution time    0.7 s
 Computed Σ^c(iτ) for time point              8 / 30,    Execution time    0.8 s
 Computed Σ^c(iτ) for time point              9 / 30,    Execution time    0.7 s
 Computed Σ^c(iτ) for time point             10 / 30,    Execution time    0.7 s
 Computed Σ^c(iτ) for time point             11 / 30,    Execution time    0.7 s
 Computed Σ^c(iτ) for time point             12 / 30,    Execution time    0.7 s
 Computed Σ^c(iτ) for time point             13 / 30,    Execution time    0.7 s
 Computed Σ^c(iτ) for time point             14 / 30,    Execution time    0.7 s
 Computed Σ^c(iτ) for time point             15 / 30,    Execution time    0.7 s
 Computed Σ^c(iτ) for time point             16 / 30,    Execution time    0.7 s
 Computed Σ^c(iτ) for time point             17 / 30,    Execution time    0.7 s
 Computed Σ^c(iτ) for time point             18 / 30,    Execution time    0.7 s
 Computed Σ^c(iτ) for time point             19 / 30,    Execution time    0.7 s
 Computed Σ^c(iτ) for time point             20 / 30,    Execution time    0.7 s
 Computed Σ^c(iτ) for time point             21 / 30,    Execution time    0.7 s
 Computed Σ^c(iτ) for time point             22 / 30,    Execution time    0.6 s
 Computed Σ^c(iτ) for time point             23 / 30,    Execution time    0.7 s
 Computed Σ^c(iτ) for time point             24 / 30,    Execution time    0.7 s
 Computed Σ^c(iτ) for time point             25 / 30,    Execution time    0.7 s
 Computed Σ^c(iτ) for time point             26 / 30,    Execution time    0.6 s
 Computed Σ^c(iτ) for time point             27 / 30,    Execution time    0.2 s
 Computed Σ^c(iτ) for time point             28 / 30,    Execution time    0.2 s
 Computed Σ^c(iτ) for time point             29 / 30,    Execution time    0.2 s
 Computed Σ^c(iτ) for time point             30 / 30,    Execution time    0.1 s
 
 SCF valence band maximum (eV):                                           -4.616
 SCF conduction band minimum (eV):                                        -3.060
 SCF indirect band gap (eV):                                               1.556
 SCF direct band gap (eV):                                                 1.556
 
 G0W0 valence band maximum (eV):                                          -5.058
 G0W0 conduction band minimum (eV):                                       -1.755
 G0W0 indirect band gap (eV):                                              3.303
 G0W0 direct band gap (eV):                                                3.303
 
 Hartree-Fock with SCF orbitals valence band maximum (eV):                -5.170
 Hartree-Fock with SCF orbitals conduction band minimum (eV)               0.494
 Hartree-Fock with SCF orbitals indirect band gap (eV):                    5.664
 Hartree-Fock with SCF orbitals direct band gap (eV):                      5.664

 ENERGY| Total FORCE_EVAL ( QS ) energy [hartree]          -1317.084172667659686

 *** HINT in emd/rt_bse_linearized.F:440 :: ENFORCE_MAX_DT enabled. ***
 *** Resetting TIMESTEP to          70.4225 as and STEPS to 2840.   ***

 
 /-----------------------------------------------------------------------------\
 |                                                                             |
 |              Linearized Real Time Bethe-Salpeter Propagation                |
 |                                                                             |
 \-----------------------------------------------------------------------------/
 
 Apply delta pulse                                                             T

 Use Tamm-Dancoff                                                              T
 TDA first-peak shift active                                                   F

 Estimated maximum timestep within stability region [as]:                70.4307
 Applied timestep [as]:                                                  70.4225
 Number of propagation steps:                                               2840
 Total propagation time [as]:                                        200000.0000
 Estimated FFT frequency resolution without interpolation [eV]:         0.020678
 Nyquist frequency [eV]:                                               29.363238
 Estimated maximum oscillation frequency (gap-based) [eV]:             26.433146
 GW flavor for computing GW eigenvalues used in RT-BSE:                     G0W0
 Active-window occupied energy cutoff [eV]:                               10.000
 Active-window virtual energy cutoff [eV]:                                10.000
 First active occupied MO index:                                             160
 Last active virtual MO index:                                               977
 Number of active MOs:                                                       818
 Spin 1 first active MO, E - E_HOMO (KS) [eV]:                            -9.984
 Spin 1 last active MO, E - E_LUMO (KS) [eV]:                              9.993
 Spin 1 first active MO, E - E_HOMO (QP) [eV]:                           -12.392
 Spin 1 last active MO, E - E_LUMO (QP) [eV]:                             10.313
 Precomputed RT-BSE RI-RS V_aux kernel,                  Execution time    0.2 s
 
 W0CUT| Cutoff radius, negative = off [angstrom]                         50.0000
 W0CUT| Retained block fraction                                         0.922297
 W0CUT| Retained Frobenius norm                                   7.99777548E+06
 Precomputed RT-BSE RI-RS W0_grid kernel,                Execution time    0.5 s
 
 RTBSE| Applying delta pulse
 RTBSE| Delta pulse elements (a.u.) :   -0.0000E+000  -0.1000E-002  -0.0000E+000
 RTBSE| Metric difference after delta kick                       0.60781366E-002
 RTBSE| Estimated runtime for propagation [s]                           6925.882
 RTBSE|
 RTBSE| Simulation step   Step time [s]                          Electron number
 RTBSE|               0           2.439                               0.650E+003
 RTBSE|               1           2.357                               0.650E+003
 RTBSE|               2           2.350                               0.650E+003
 RTBSE|               3           2.440                               0.650E+003
 RTBSE|               4           2.448                               0.650E+003
 RTBSE|               5           2.355                               0.650E+003
 RTBSE|               6           2.328                               0.650E+003
 RTBSE|               7           2.329                               0.650E+003
 RTBSE|               8           2.337                               0.650E+003
 RTBSE|               9           2.502                               0.650E+003
 RTBSE|              10           2.439                               0.650E+003
 RTBSE|              11           2.547                               0.650E+003
 RTBSE|              12           2.401                               0.650E+003
 RTBSE|              13           2.366                               0.650E+003
 RTBSE|              14           2.305                               0.650E+003
 RTBSE|              15           2.316                               0.650E+003
 RTBSE|              16           2.397                               0.650E+003
 RTBSE|              17           2.313                               0.650E+003
 RTBSE|              18           2.303                               0.650E+003
 RTBSE|              19           2.315                               0.650E+003
 RTBSE|              20           2.322                               0.650E+003
 RTBSE|              21           2.316                               0.650E+003
 RTBSE|              22           2.371                               0.650E+003
 RTBSE|              23           2.551                               0.650E+003
 RTBSE|              24           2.333                               0.650E+003
 RTBSE|              25           2.383                               0.650E+003
 RTBSE|              26           2.388                               0.650E+003
 RTBSE|              27           2.306                               0.650E+003
 RTBSE|              28           2.446                               0.650E+003
 RTBSE|              29           2.568                               0.650E+003
 RTBSE|              30           2.340                               0.650E+003
 RTBSE|              31           2.312                               0.650E+003
 RTBSE|              32           2.321                               0.650E+003
 RTBSE|              33           2.301                               0.650E+003
 RTBSE|              34           2.502                               0.650E+003
 RTBSE|              35           2.437                               0.650E+003
 RTBSE|              36           2.662                               0.650E+003
 RTBSE|              37           2.366                               0.650E+003
 RTBSE|              38           2.439                               0.650E+003
 RTBSE|              39           2.299                               0.650E+003
 RTBSE|              40           2.314                               0.650E+003
 RTBSE|              41           2.332                               0.650E+003
 RTBSE|              42           2.335                               0.650E+003
 RTBSE|              43           2.299                               0.650E+003
 RTBSE|              44           2.300                               0.650E+003
 RTBSE|              45           2.307                               0.650E+003
 RTBSE|              46           2.314                               0.650E+003
 RTBSE|              47           2.335                               0.650E+003
 RTBSE|              48           2.360                               0.650E+003
 RTBSE|              49           2.481                               0.650E+003
 RTBSE|              50           2.501                               0.650E+003
 RTBSE|              51           2.339                               0.650E+003
 RTBSE|              52           2.341                               0.650E+003
 RTBSE|              53           2.306                               0.650E+003
 RTBSE|              54           2.652                               0.650E+003
 RTBSE|              55           2.330                               0.650E+003
 RTBSE|              56           2.315                               0.650E+003
 RTBSE|              57           2.295                               0.650E+003
 RTBSE|              58           2.324                               0.650E+003
 RTBSE|              59           2.438                               0.650E+003
 RTBSE|              60           2.332                               0.650E+003
 RTBSE|              61           2.521                               0.650E+003
 RTBSE|              62           2.426                               0.650E+003
 RTBSE|              63           2.419                               0.650E+003
 RTBSE|              64           2.312                               0.650E+003
 RTBSE|              65           2.382                               0.650E+003
 RTBSE|              66           2.331                               0.650E+003
 RTBSE|              67           2.396                               0.650E+003
 RTBSE|              68           2.311                               0.650E+003
 RTBSE|              69           2.318                               0.650E+003
 RTBSE|              70           2.301                               0.650E+003
 RTBSE|              71           2.307                               0.650E+003
 RTBSE|              72           2.428                               0.650E+003
 RTBSE|              73           2.313                               0.650E+003
 RTBSE|              74           2.383                               0.650E+003
 RTBSE|              75           2.317                               0.650E+003
 RTBSE|              76           2.497                               0.650E+003
 RTBSE|              77           2.354                               0.650E+003
 RTBSE|              78           2.318                               0.650E+003
 RTBSE|              79           2.573                               0.650E+003
 RTBSE|              80           2.361                               0.650E+003
 RTBSE|              81           2.309                               0.650E+003
 RTBSE|              82           2.311                               0.650E+003
 RTBSE|              83           2.339                               0.650E+003
 RTBSE|              84           2.320                               0.650E+003
 RTBSE|              85           2.609                               0.650E+003
 RTBSE|              86           2.487                               0.650E+003
 RTBSE|              87           2.372                               0.650E+003
 RTBSE|              88           2.330                               0.650E+003
 RTBSE|              89           2.442                               0.650E+003
 RTBSE|              90           2.406                               0.650E+003
 RTBSE|              91           2.413                               0.650E+003
 RTBSE|              92           2.385                               0.650E+003
 RTBSE|              93           2.311                               0.650E+003
 RTBSE|              94           2.310                               0.650E+003
 RTBSE|              95           2.305                               0.650E+003
 RTBSE|              96           2.303                               0.650E+003
 RTBSE|              97           2.328                               0.650E+003
 RTBSE|              98           2.337                               0.650E+003
 RTBSE|              99           2.389                               0.650E+003
 RTBSE|             100           2.312                               0.650E+003
 RTBSE|             101           2.379                               0.650E+003
 RTBSE|             102           2.336                               0.650E+003
 RTBSE|             103           2.363                               0.650E+003
 RTBSE|             104           2.555                               0.650E+003
 RTBSE|             105           2.555                               0.650E+003
 RTBSE|             106           2.293                               0.650E+003
 RTBSE|             107           2.308                               0.650E+003
 RTBSE|             108           2.309                               0.650E+003
 RTBSE|             109           2.302                               0.650E+003
 RTBSE|             110           2.491                               0.650E+003
 RTBSE|             111           2.337                               0.650E+003
 RTBSE|             112           2.459                               0.650E+003
 RTBSE|             113           2.332                               0.650E+003
 RTBSE|             114           2.361                               0.650E+003
 RTBSE|             115           2.332                               0.650E+003
 RTBSE|             116           2.420                               0.650E+003
 RTBSE|             117           2.397                               0.650E+003
 RTBSE|             118           2.310                               0.650E+003
 RTBSE|             119           2.379                               0.650E+003
 RTBSE|             120           2.306                               0.650E+003
 RTBSE|             121           2.299                               0.650E+003
 RTBSE|             122           2.325                               0.650E+003
 RTBSE|             123           2.321                               0.650E+003
 RTBSE|             124           2.463                               0.650E+003
 RTBSE|             125           2.315                               0.650E+003
 RTBSE|             126           2.334                               0.650E+003
 RTBSE|             127           2.300                               0.650E+003
 RTBSE|             128           2.357                               0.650E+003
 RTBSE|             129           2.657                               0.650E+003
 RTBSE|             130           2.550                               0.650E+003
 RTBSE|             131           2.355                               0.650E+003
 RTBSE|             132           2.333                               0.650E+003
 RTBSE|             133           2.298                               0.650E+003
 RTBSE|             134           2.302                               0.650E+003
 RTBSE|             135           2.435                               0.650E+003
 RTBSE|             136           2.343                               0.650E+003
 RTBSE|             137           2.442                               0.650E+003
 RTBSE|             138           2.294                               0.650E+003
 RTBSE|             139           2.354                               0.650E+003
 RTBSE|             140           2.292                               0.650E+003
 RTBSE|             141           2.299                               0.650E+003
 RTBSE|             142           2.414                               0.650E+003
 RTBSE|             143           2.379                               0.650E+003
 RTBSE|             144           2.380                               0.650E+003
 RTBSE|             145           2.297                               0.650E+003
 RTBSE|             146           2.373                               0.650E+003
 RTBSE|             147           2.302                               0.650E+003
 RTBSE|             148           2.387                               0.650E+003
 RTBSE|             149           2.404                               0.650E+003
 RTBSE|             150           2.340                               0.650E+003
 RTBSE|             151           2.299                               0.650E+003
 RTBSE|             152           2.328                               0.650E+003
 RTBSE|             153           2.300                               0.650E+003
 RTBSE|             154           2.300                               0.650E+003
 RTBSE|             155           2.671                               0.650E+003
 RTBSE|             156           2.410                               0.650E+003
 RTBSE|             157           2.414                               0.650E+003
 RTBSE|             158           2.294                               0.650E+003
 RTBSE|             159           2.424                               0.650E+003
 RTBSE|             160           2.385                               0.650E+003
 RTBSE|             161           2.340                               0.650E+003
 RTBSE|             162           2.563                               0.650E+003
 RTBSE|             163           2.305                               0.650E+003
 RTBSE|             164           2.343                               0.650E+003
 RTBSE|             165           2.311                               0.650E+003
 RTBSE|             166           2.301                               0.650E+003
 RTBSE|             167           2.393                               0.650E+003
 RTBSE|             168           2.364                               0.650E+003
 RTBSE|             169           2.347                               0.650E+003
 RTBSE|             170           2.354                               0.650E+003
 RTBSE|             171           2.412                               0.650E+003
 RTBSE|             172           2.406                               0.650E+003
 RTBSE|             173           2.344                               0.650E+003
 RTBSE|             174           2.354                               0.650E+003
 RTBSE|             175           2.364                               0.650E+003
 RTBSE|             176           2.304                               0.650E+003
 RTBSE|             177           2.324                               0.650E+003
 RTBSE|             178           2.307                               0.650E+003
 RTBSE|             179           2.302                               0.650E+003
 RTBSE|             180           2.588                               0.650E+003
 RTBSE|             181           2.377                               0.650E+003
 RTBSE|             182           2.351                               0.650E+003
 RTBSE|             183           2.438                               0.650E+003
 RTBSE|             184           2.384                               0.650E+003
 RTBSE|             185           2.344                               0.650E+003
 RTBSE|             186           2.473                               0.650E+003
 RTBSE|             187           2.443                               0.650E+003
 RTBSE|             188           2.306                               0.650E+003
 RTBSE|             189           2.376                               0.650E+003
 RTBSE|             190           2.297                               0.650E+003
 RTBSE|             191           2.303                               0.650E+003
 RTBSE|             192           2.320                               0.650E+003
 RTBSE|             193           2.336                               0.650E+003
 RTBSE|             194           2.331                               0.650E+003
 RTBSE|             195           2.315                               0.650E+003
 RTBSE|             196           2.355                               0.650E+003
 RTBSE|             197           2.420                               0.650E+003
 RTBSE|             198           2.352                               0.650E+003
 RTBSE|             199           2.331                               0.650E+003
 RTBSE|             200           2.446                               0.650E+003
 RTBSE|             201           2.293                               0.650E+003
 RTBSE|             202           2.348                               0.650E+003
 RTBSE|             203           2.298                               0.650E+003
 RTBSE|             204           2.307                               0.650E+003
 RTBSE|             205           2.504                               0.650E+003
 RTBSE|             206           2.512                               0.650E+003
 RTBSE|             207           2.328                               0.650E+003
 RTBSE|             208           2.349                               0.650E+003
 RTBSE|             209           2.362                               0.650E+003
 RTBSE|             210           2.441                               0.650E+003
 RTBSE|             211           2.399                               0.650E+003
 RTBSE|             212           2.427                               0.650E+003
 RTBSE|             213           2.590                               0.650E+003
 RTBSE|             214           2.362                               0.650E+003
 RTBSE|             215           2.318                               0.650E+003
 RTBSE|             216           2.292                               0.650E+003
 RTBSE|             217           2.300                               0.650E+003
 RTBSE|             218           2.380                               0.650E+003
 RTBSE|             219           2.313                               0.650E+003
 RTBSE|             220           2.290                               0.650E+003
 RTBSE|             221           2.369                               0.650E+003
 RTBSE|             222           2.308                               0.650E+003
 RTBSE|             223           2.383                               0.650E+003
 RTBSE|             224           2.430                               0.650E+003
 RTBSE|             225           2.352                               0.650E+003
 RTBSE|             226           2.364                               0.650E+003
 RTBSE|             227           2.360                               0.650E+003
 RTBSE|             228           2.299                               0.650E+003
 RTBSE|             229           2.305                               0.650E+003
 RTBSE|             230           2.429                               0.650E+003
 RTBSE|             231           2.483                               0.650E+003
 RTBSE|             232           2.317                               0.650E+003
 RTBSE|             233           2.312                               0.650E+003
 RTBSE|             234           2.359                               0.650E+003
 RTBSE|             235           2.344                               0.650E+003
 RTBSE|             236           2.565                               0.650E+003
 RTBSE|             237           2.471                               0.650E+003
 RTBSE|             238           2.565                               0.650E+003
 RTBSE|             239           2.335                               0.650E+003
 RTBSE|             240           2.385                               0.650E+003
 RTBSE|             241           2.305                               0.650E+003
 RTBSE|             242           2.297                               0.650E+003
 RTBSE|             243           2.405                               0.650E+003
 RTBSE|             244           2.310                               0.650E+003
 RTBSE|             245           2.298                               0.650E+003
 RTBSE|             246           2.313                               0.650E+003
 RTBSE|             247           2.295                               0.650E+003
 RTBSE|             248           2.377                               0.650E+003
 RTBSE|             249           2.314                               0.650E+003
 RTBSE|             250           2.453                               0.650E+003
 RTBSE|             251           2.411                               0.650E+003
 RTBSE|             252           2.319                               0.650E+003
 RTBSE|             253           2.367                               0.650E+003
 RTBSE|             254           2.321                               0.650E+003
 RTBSE|             255           2.311                               0.650E+003
 RTBSE|             256           2.615                               0.650E+003
 RTBSE|             257           2.336                               0.650E+003
 RTBSE|             258           2.328                               0.650E+003
 RTBSE|             259           2.297                               0.650E+003
 RTBSE|             260           2.336                               0.650E+003
 RTBSE|             261           2.548                               0.650E+003
 RTBSE|             262           2.328                               0.650E+003
 RTBSE|             263           2.552                               0.650E+003
 RTBSE|             264           2.392                               0.650E+003
 RTBSE|             265           2.360                               0.650E+003
 RTBSE|             266           2.307                               0.650E+003
 RTBSE|             267           2.307                               0.650E+003
 RTBSE|             268           2.321                               0.650E+003
 RTBSE|             269           2.347                               0.650E+003
 RTBSE|             270           2.308                               0.650E+003
 RTBSE|             271           2.299                               0.650E+003
 RTBSE|             272           2.290                               0.650E+003
 RTBSE|             273           2.304                               0.650E+003
 RTBSE|             274           2.318                               0.650E+003
 RTBSE|             275           2.347                               0.650E+003
 RTBSE|             276           2.461                               0.650E+003
 RTBSE|             277           2.361                               0.650E+003
 RTBSE|             278           2.381                               0.650E+003
 RTBSE|             279           2.400                               0.650E+003
 RTBSE|             280           2.362                               0.650E+003
 RTBSE|             281           2.587                               0.650E+003
 RTBSE|             282           2.339                               0.650E+003
 RTBSE|             283           2.295                               0.650E+003
 RTBSE|             284           2.298                               0.650E+003
 RTBSE|             285           2.319                               0.650E+003
 RTBSE|             286           2.491                               0.650E+003
 RTBSE|             287           2.322                               0.650E+003
 RTBSE|             288           2.503                               0.650E+003
 RTBSE|             289           2.326                               0.650E+003
 RTBSE|             290           2.459                               0.650E+003
 RTBSE|             291           2.336                               0.650E+003
 RTBSE|             292           2.351                               0.650E+003
 RTBSE|             293           2.367                               0.650E+003
 RTBSE|             294           2.381                               0.650E+003
 RTBSE|             295           2.308                               0.650E+003
 RTBSE|             296           2.305                               0.650E+003
 RTBSE|             297           2.297                               0.650E+003
 RTBSE|             298           2.313                               0.650E+003
 RTBSE|             299           2.387                               0.650E+003
 RTBSE|             300           2.298                               0.650E+003
 RTBSE|             301           2.440                               0.650E+003
 RTBSE|             302           2.331                               0.650E+003
 RTBSE|             303           2.353                               0.650E+003
 RTBSE|             304           2.384                               0.650E+003
 RTBSE|             305           2.348                               0.650E+003
 RTBSE|             306           2.479                               0.650E+003
 RTBSE|             307           2.522                               0.650E+003
 RTBSE|             308           2.297                               0.650E+003
 RTBSE|             309           2.302                               0.650E+003
 RTBSE|             310           2.318                               0.650E+003
 RTBSE|             311           2.465                               0.650E+003
 RTBSE|             312           2.310                               0.650E+003
 RTBSE|             313           2.336                               0.650E+003
 RTBSE|             314           2.596                               0.650E+003
 RTBSE|             315           2.319                               0.650E+003
 RTBSE|             316           2.409                               0.650E+003
 RTBSE|             317           2.381                               0.650E+003
 RTBSE|             318           2.386                               0.650E+003
 RTBSE|             319           2.401                               0.650E+003
 RTBSE|             320           2.361                               0.650E+003
 RTBSE|             321           2.315                               0.650E+003
 RTBSE|             322           2.298                               0.650E+003
 RTBSE|             323           2.302                               0.650E+003
 RTBSE|             324           2.307                               0.650E+003
 RTBSE|             325           2.314                               0.650E+003
 RTBSE|             326           2.394                               0.650E+003
 RTBSE|             327           2.340                               0.650E+003
 RTBSE|             328           2.382                               0.650E+003
 RTBSE|             329           2.341                               0.650E+003
 RTBSE|             330           2.401                               0.650E+003
 RTBSE|             331           2.499                               0.650E+003
 RTBSE|             332           2.581                               0.650E+003
 RTBSE|             333           2.301                               0.650E+003
 RTBSE|             334           2.345                               0.650E+003
 RTBSE|             335           2.337                               0.650E+003
 RTBSE|             336           2.303                               0.650E+003
 RTBSE|             337           2.451                               0.650E+003
 RTBSE|             338           2.315                               0.650E+003
 RTBSE|             339           2.478                               0.650E+003
 RTBSE|             340           2.319                               0.650E+003
 RTBSE|             341           2.438                               0.650E+003
 RTBSE|             342           2.321                               0.650E+003
 RTBSE|             343           2.374                               0.650E+003
 RTBSE|             344           2.351                               0.650E+003
 RTBSE|             345           2.369                               0.650E+003
 RTBSE|             346           2.336                               0.650E+003
 RTBSE|             347           2.316                               0.650E+003
 RTBSE|             348           2.300                               0.650E+003
 RTBSE|             349           2.316                               0.650E+003
 RTBSE|             350           2.310                               0.650E+003
 RTBSE|             351           2.349                               0.650E+003
 RTBSE|             352           2.450                               0.650E+003
 RTBSE|             353           2.312                               0.650E+003
 RTBSE|             354           2.338                               0.650E+003
 RTBSE|             355           2.369                               0.650E+003
 RTBSE|             356           2.300                               0.650E+003
 RTBSE|             357           2.553                               0.650E+003
 RTBSE|             358           2.431                               0.650E+003
 RTBSE|             359           2.371                               0.650E+003
 RTBSE|             360           2.360                               0.650E+003
 RTBSE|             361           2.303                               0.650E+003
 RTBSE|             362           2.471                               0.650E+003
 RTBSE|             363           2.299                               0.650E+003
 RTBSE|             364           2.524                               0.650E+003
 RTBSE|             365           2.311                               0.650E+003
 RTBSE|             366           2.340                               0.650E+003
 RTBSE|             367           2.343                               0.650E+003
 RTBSE|             368           2.341                               0.650E+003
 RTBSE|             369           2.323                               0.650E+003
 RTBSE|             370           2.439                               0.650E+003
 RTBSE|             371           2.368                               0.650E+003
 RTBSE|             372           2.354                               0.650E+003
 RTBSE|             373           2.365                               0.650E+003
 RTBSE|             374           2.330                               0.650E+003
 RTBSE|             375           2.348                               0.650E+003
 RTBSE|             376           2.358                               0.650E+003
 RTBSE|             377           2.332                               0.650E+003
 RTBSE|             378           2.314                               0.650E+003
 RTBSE|             379           2.328                               0.650E+003
 RTBSE|             380           2.338                               0.650E+003
 RTBSE|             381           2.328                               0.650E+003
 RTBSE|             382           2.693                               0.650E+003
 RTBSE|             383           2.406                               0.650E+003
 RTBSE|             384           2.350                               0.650E+003
 RTBSE|             385           2.344                               0.650E+003
 RTBSE|             386           2.377                               0.650E+003
 RTBSE|             387           2.468                               0.650E+003
 RTBSE|             388           2.305                               0.650E+003
 RTBSE|             389           2.507                               0.650E+003
 RTBSE|             390           2.350                               0.650E+003
 RTBSE|             391           2.339                               0.650E+003
 RTBSE|             392           2.308                               0.650E+003
 RTBSE|             393           2.329                               0.650E+003
 RTBSE|             394           2.391                               0.650E+003
 RTBSE|             395           2.355                               0.650E+003
 RTBSE|             396           2.384                               0.650E+003
 RTBSE|             397           2.328                               0.650E+003
 RTBSE|             398           2.345                               0.650E+003
 RTBSE|             399           2.339                               0.650E+003
 RTBSE|             400           2.411                               0.650E+003
 RTBSE|             401           2.314                               0.650E+003
 RTBSE|             402           2.324                               0.650E+003
 RTBSE|             403           2.352                               0.650E+003
 RTBSE|             404           2.343                               0.650E+003
 RTBSE|             405           2.343                               0.650E+003
 RTBSE|             406           2.303                               0.650E+003
 RTBSE|             407           2.600                               0.650E+003
 RTBSE|             408           2.351                               0.650E+003
 RTBSE|             409           2.302                               0.650E+003
 RTBSE|             410           2.326                               0.650E+003
 RTBSE|             411           2.432                               0.650E+003
 RTBSE|             412           2.513                               0.650E+003
 RTBSE|             413           2.344                               0.650E+003
 RTBSE|             414           2.384                               0.650E+003
 RTBSE|             415           2.495                               0.650E+003
 RTBSE|             416           2.357                               0.650E+003
 RTBSE|             417           2.310                               0.650E+003
 RTBSE|             418           2.300                               0.650E+003
 RTBSE|             419           2.302                               0.650E+003
 RTBSE|             420           2.338                               0.650E+003
 RTBSE|             421           2.373                               0.650E+003
 RTBSE|             422           2.315                               0.650E+003
 RTBSE|             423           2.333                               0.650E+003
 RTBSE|             424           2.334                               0.650E+003
 RTBSE|             425           2.398                               0.650E+003
 RTBSE|             426           2.319                               0.650E+003
 RTBSE|             427           2.396                               0.650E+003
 RTBSE|             428           2.438                               0.650E+003
 RTBSE|             429           2.334                               0.650E+003
 RTBSE|             430           2.330                               0.650E+003
 RTBSE|             431           2.316                               0.650E+003
 RTBSE|             432           2.448                               0.650E+003
 RTBSE|             433           2.497                               0.650E+003
 RTBSE|             434           2.357                               0.650E+003
 RTBSE|             435           2.312                               0.650E+003
 RTBSE|             436           2.389                               0.650E+003
 RTBSE|             437           2.361                               0.650E+003
 RTBSE|             438           2.572                               0.650E+003
 RTBSE|             439           2.401                               0.650E+003
 RTBSE|             440           2.566                               0.650E+003
 RTBSE|             441           2.315                               0.650E+003
 RTBSE|             442           2.330                               0.650E+003
 RTBSE|             443           2.307                               0.650E+003
 RTBSE|             444           2.310                               0.650E+003
 RTBSE|             445           2.398                               0.650E+003
 RTBSE|             446           2.349                               0.650E+003
 RTBSE|             447           2.352                               0.650E+003
 RTBSE|             448           2.295                               0.650E+003
 RTBSE|             449           2.369                               0.650E+003
 RTBSE|             450           2.436                               0.650E+003
 RTBSE|             451           2.355                               0.650E+003
 RTBSE|             452           2.394                               0.650E+003
 RTBSE|             453           2.408                               0.650E+003
 RTBSE|             454           2.352                               0.650E+003
 RTBSE|             455           2.341                               0.650E+003
 RTBSE|             456           2.328                               0.650E+003
 RTBSE|             457           2.324                               0.650E+003
 RTBSE|             458           2.639                               0.650E+003
 RTBSE|             459           2.382                               0.650E+003
 RTBSE|             460           2.342                               0.650E+003
 RTBSE|             461           2.353                               0.650E+003
 RTBSE|             462           2.335                               0.650E+003
 RTBSE|             463           2.420                               0.650E+003
 RTBSE|             464           2.361                               0.650E+003
 RTBSE|             465           2.565                               0.650E+003
 RTBSE|             466           2.343                               0.650E+003
 RTBSE|             467           2.373                               0.650E+003
 RTBSE|             468           2.309                               0.650E+003
 RTBSE|             469           2.316                               0.650E+003
 RTBSE|             470           2.428                               0.650E+003
 RTBSE|             471           2.312                               0.650E+003
 RTBSE|             472           2.358                               0.650E+003
 RTBSE|             473           2.374                               0.650E+003
 RTBSE|             474           2.298                               0.650E+003
 RTBSE|             475           2.385                               0.650E+003
 RTBSE|             476           2.322                               0.650E+003
 RTBSE|             477           2.412                               0.650E+003
 RTBSE|             478           2.404                               0.650E+003
 RTBSE|             479           2.371                               0.650E+003
 RTBSE|             480           2.328                               0.650E+003
 RTBSE|             481           2.320                               0.650E+003
 RTBSE|             482           2.299                               0.650E+003
 RTBSE|             483           2.667                               0.650E+003
 RTBSE|             484           2.309                               0.650E+003
 RTBSE|             485           2.326                               0.650E+003
 RTBSE|             486           2.360                               0.650E+003
 RTBSE|             487           2.303                               0.650E+003
 RTBSE|             488           2.539                               0.650E+003
 RTBSE|             489           2.335                               0.650E+003
 RTBSE|             490           2.504                               0.650E+003
 RTBSE|             491           2.336                               0.650E+003
 RTBSE|             492           2.402                               0.650E+003
 RTBSE|             493           2.308                               0.650E+003
 RTBSE|             494           2.321                               0.650E+003
 RTBSE|             495           2.350                               0.650E+003
 RTBSE|             496           2.315                               0.650E+003
 RTBSE|             497           2.307                               0.650E+003
 RTBSE|             498           2.322                               0.650E+003
 RTBSE|             499           2.387                               0.650E+003
 RTBSE|             500           2.308                               0.650E+003
 RTBSE|             501           2.397                               0.650E+003
 RTBSE|             502           2.348                               0.650E+003
 RTBSE|             503           2.455                               0.650E+003
 RTBSE|             504           2.381                               0.650E+003
 RTBSE|             505           2.390                               0.650E+003
 RTBSE|             506           2.357                               0.650E+003
 RTBSE|             507           2.678                               0.650E+003
 RTBSE|             508           2.615                               0.650E+003
 RTBSE|             509           2.348                               0.650E+003
 RTBSE|             510           2.327                               0.650E+003
 RTBSE|             511           2.365                               0.650E+003
 RTBSE|             512           2.323                               0.650E+003
 RTBSE|             513           2.488                               0.650E+003
 RTBSE|             514           2.306                               0.650E+003
 RTBSE|             515           2.524                               0.650E+003
 RTBSE|             516           2.368                               0.650E+003
 RTBSE|             517           2.357                               0.650E+003
 RTBSE|             518           2.379                               0.650E+003
 RTBSE|             519           2.345                               0.650E+003
 RTBSE|             520           2.338                               0.650E+003
 RTBSE|             521           2.386                               0.650E+003
 RTBSE|             522           2.303                               0.650E+003
 RTBSE|             523           2.309                               0.650E+003
 RTBSE|             524           2.327                               0.650E+003
 RTBSE|             525           2.353                               0.650E+003
 RTBSE|             526           2.390                               0.650E+003
 RTBSE|             527           2.378                               0.650E+003
 RTBSE|             528           2.361                               0.650E+003
 RTBSE|             529           2.372                               0.650E+003
 RTBSE|             530           2.414                               0.650E+003
 RTBSE|             531           2.328                               0.650E+003
 RTBSE|             532           2.407                               0.650E+003
 RTBSE|             533           2.582                               0.650E+003
 RTBSE|             534           2.384                               0.650E+003
 RTBSE|             535           2.296                               0.650E+003
 RTBSE|             536           2.307                               0.650E+003
 RTBSE|             537           2.329                               0.650E+003
 RTBSE|             538           2.482                               0.650E+003
 RTBSE|             539           2.315                               0.650E+003
 RTBSE|             540           2.561                               0.650E+003
 RTBSE|             541           2.311                               0.650E+003
 RTBSE|             542           2.440                               0.650E+003
 RTBSE|             543           2.294                               0.650E+003
 RTBSE|             544           2.305                               0.650E+003
 RTBSE|             545           2.398                               0.650E+003
 RTBSE|             546           2.348                               0.650E+003
 RTBSE|             547           2.343                               0.650E+003
 RTBSE|             548           2.308                               0.650E+003
 RTBSE|             549           2.304                               0.650E+003
 RTBSE|             550           2.315                               0.650E+003
 RTBSE|             551           2.357                               0.650E+003
 RTBSE|             552           2.376                               0.650E+003
 RTBSE|             553           2.351                               0.650E+003
 RTBSE|             554           2.349                               0.650E+003
 RTBSE|             555           2.383                               0.650E+003
 RTBSE|             556           2.386                               0.650E+003
 RTBSE|             557           2.318                               0.650E+003
 RTBSE|             558           2.618                               0.650E+003
 RTBSE|             559           2.380                               0.650E+003
 RTBSE|             560           2.367                               0.650E+003
 RTBSE|             561           2.316                               0.650E+003
 RTBSE|             562           2.357                               0.650E+003
 RTBSE|             563           2.342                               0.650E+003
 RTBSE|             564           2.494                               0.650E+003
 RTBSE|             565           2.504                               0.650E+003
 RTBSE|             566           2.359                               0.650E+003
 RTBSE|             567           2.359                               0.650E+003
 RTBSE|             568           2.327                               0.650E+003
 RTBSE|             569           2.357                               0.650E+003
 RTBSE|             570           2.321                               0.650E+003
 RTBSE|             571           2.379                               0.650E+003
 RTBSE|             572           2.409                               0.650E+003
 RTBSE|             573           2.306                               0.650E+003
 RTBSE|             574           2.354                               0.650E+003
 RTBSE|             575           2.303                               0.650E+003
 RTBSE|             576           2.321                               0.650E+003
 RTBSE|             577           2.302                               0.650E+003
 RTBSE|             578           2.470                               0.650E+003
 RTBSE|             579           2.386                               0.650E+003
 RTBSE|             580           2.323                               0.650E+003
 RTBSE|             581           2.380                               0.650E+003
 RTBSE|             582           2.346                               0.650E+003
 RTBSE|             583           2.497                               0.650E+003
 RTBSE|             584           2.527                               0.650E+003
 RTBSE|             585           2.358                               0.650E+003
 RTBSE|             586           2.332                               0.650E+003
 RTBSE|             587           2.365                               0.650E+003
 RTBSE|             588           2.318                               0.650E+003
 RTBSE|             589           2.497                               0.650E+003
 RTBSE|             590           2.335                               0.650E+003
 RTBSE|             591           2.499                               0.650E+003
 RTBSE|             592           2.355                               0.650E+003
 RTBSE|             593           2.355                               0.650E+003
 RTBSE|             594           2.315                               0.650E+003
 RTBSE|             595           2.330                               0.650E+003
 RTBSE|             596           2.412                               0.650E+003
 RTBSE|             597           2.321                               0.650E+003
 RTBSE|             598           2.418                               0.650E+003
 RTBSE|             599           2.353                               0.650E+003
 RTBSE|             600           2.323                               0.650E+003
 RTBSE|             601           2.365                               0.650E+003
 RTBSE|             602           2.332                               0.650E+003
 RTBSE|             603           2.343                               0.650E+003
 RTBSE|             604           2.381                               0.650E+003
 RTBSE|             605           2.329                               0.650E+003
 RTBSE|             606           2.328                               0.650E+003
 RTBSE|             607           2.330                               0.650E+003
 RTBSE|             608           2.484                               0.650E+003
 RTBSE|             609           2.485                               0.650E+003
 RTBSE|             610           2.313                               0.650E+003
 RTBSE|             611           2.368                               0.650E+003
 RTBSE|             612           2.400                               0.650E+003
 RTBSE|             613           2.316                               0.650E+003
 RTBSE|             614           2.519                               0.650E+003
 RTBSE|             615           2.303                               0.650E+003
 RTBSE|             616           2.534                               0.650E+003
 RTBSE|             617           2.385                               0.650E+003
 RTBSE|             618           2.403                               0.650E+003
 RTBSE|             619           2.307                               0.650E+003
 RTBSE|             620           2.325                               0.650E+003
 RTBSE|             621           2.412                               0.650E+003
 RTBSE|             622           2.360                               0.650E+003
 RTBSE|             623           2.332                               0.650E+003
 RTBSE|             624           2.320                               0.650E+003
 RTBSE|             625           2.376                               0.650E+003
 RTBSE|             626           2.375                               0.650E+003
 RTBSE|             627           2.324                               0.650E+003
 RTBSE|             628           2.404                               0.650E+003
 RTBSE|             629           2.346                               0.650E+003
 RTBSE|             630           2.395                               0.650E+003
 RTBSE|             631           2.355                               0.650E+003
 RTBSE|             632           2.302                               0.650E+003
 RTBSE|             633           2.411                               0.650E+003
 RTBSE|             634           2.531                               0.650E+003
 RTBSE|             635           2.361                               0.650E+003
 RTBSE|             636           2.333                               0.650E+003
 RTBSE|             637           2.345                               0.650E+003
 RTBSE|             638           2.388                               0.650E+003
 RTBSE|             639           2.480                               0.650E+003
 RTBSE|             640           2.312                               0.650E+003
 RTBSE|             641           2.532                               0.650E+003
 RTBSE|             642           2.334                               0.650E+003
 RTBSE|             643           2.433                               0.650E+003
 RTBSE|             644           2.333                               0.650E+003
 RTBSE|             645           2.308                               0.650E+003
 RTBSE|             646           2.367                               0.650E+003
 RTBSE|             647           2.322                               0.650E+003
 RTBSE|             648           2.341                               0.650E+003
 RTBSE|             649           2.350                               0.650E+003
 RTBSE|             650           2.313                               0.650E+003
 RTBSE|             651           2.341                               0.650E+003
 RTBSE|             652           2.343                               0.650E+003
 RTBSE|             653           2.399                               0.650E+003
 RTBSE|             654           2.435                               0.650E+003
 RTBSE|             655           2.326                               0.650E+003
 RTBSE|             656           2.414                               0.650E+003
 RTBSE|             657           2.375                               0.650E+003
 RTBSE|             658           2.312                               0.650E+003
 RTBSE|             659           2.656                               0.650E+003
 RTBSE|             660           2.341                               0.650E+003
 RTBSE|             661           2.360                               0.650E+003
 RTBSE|             662           2.301                               0.650E+003
 RTBSE|             663           2.325                               0.650E+003
 RTBSE|             664           2.468                               0.650E+003
 RTBSE|             665           2.318                               0.650E+003
 RTBSE|             666           2.486                               0.650E+003
 RTBSE|             667           2.353                               0.650E+003
 RTBSE|             668           2.358                               0.650E+003
 RTBSE|             669           2.407                               0.650E+003
 RTBSE|             670           2.352                               0.650E+003
 RTBSE|             671           2.304                               0.650E+003
 RTBSE|             672           2.467                               0.650E+003
 RTBSE|             673           2.299                               0.650E+003
 RTBSE|             674           2.325                               0.650E+003
 RTBSE|             675           2.340                               0.650E+003
 RTBSE|             676           2.300                               0.650E+003
 RTBSE|             677           2.393                               0.650E+003
 RTBSE|             678           2.334                               0.650E+003
 RTBSE|             679           2.388                               0.650E+003
 RTBSE|             680           2.366                               0.650E+003
 RTBSE|             681           2.318                               0.650E+003
 RTBSE|             682           2.398                               0.650E+003
 RTBSE|             683           2.357                               0.650E+003
 RTBSE|             684           2.561                               0.650E+003
 RTBSE|             685           2.364                               0.650E+003
 RTBSE|             686           2.310                               0.650E+003
 RTBSE|             687           2.345                               0.650E+003
 RTBSE|             688           2.369                               0.650E+003
 RTBSE|             689           2.336                               0.650E+003
 RTBSE|             690           2.430                               0.650E+003
 RTBSE|             691           2.458                               0.650E+003
 RTBSE|             692           2.472                               0.650E+003
 RTBSE|             693           2.346                               0.650E+003
 RTBSE|             694           2.315                               0.650E+003
 RTBSE|             695           2.354                               0.650E+003
 RTBSE|             696           2.421                               0.650E+003
 RTBSE|             697           2.344                               0.650E+003
 RTBSE|             698           2.339                               0.650E+003
 RTBSE|             699           2.325                               0.650E+003
 RTBSE|             700           2.302                               0.650E+003
 RTBSE|             701           2.331                               0.650E+003
 RTBSE|             702           2.361                               0.650E+003
 RTBSE|             703           2.389                               0.650E+003
 RTBSE|             704           2.334                               0.650E+003
 RTBSE|             705           2.399                               0.650E+003
 RTBSE|             706           2.428                               0.650E+003
 RTBSE|             707           2.341                               0.650E+003
 RTBSE|             708           2.375                               0.650E+003
 RTBSE|             709           2.473                               0.650E+003
 RTBSE|             710           2.558                               0.650E+003
 RTBSE|             711           2.316                               0.650E+003
 RTBSE|             712           2.312                               0.650E+003
 RTBSE|             713           2.319                               0.650E+003
 RTBSE|             714           2.340                               0.650E+003
 RTBSE|             715           2.547                               0.650E+003
 RTBSE|             716           2.347                               0.650E+003
 RTBSE|             717           2.442                               0.650E+003
 RTBSE|             718           2.420                               0.650E+003
 RTBSE|             719           2.381                               0.650E+003
 RTBSE|             720           2.312                               0.650E+003
 RTBSE|             721           2.339                               0.650E+003
 RTBSE|             722           2.389                               0.650E+003
 RTBSE|             723           2.336                               0.650E+003
 RTBSE|             724           2.311                               0.650E+003
 RTBSE|             725           2.330                               0.650E+003
 RTBSE|             726           2.307                               0.650E+003
 RTBSE|             727           2.323                               0.650E+003
 RTBSE|             728           2.387                               0.650E+003
 RTBSE|             729           2.391                               0.650E+003
 RTBSE|             730           2.360                               0.650E+003
 RTBSE|             731           2.374                               0.650E+003
 RTBSE|             732           2.373                               0.650E+003
 RTBSE|             733           2.316                               0.650E+003
 RTBSE|             734           2.646                               0.650E+003
 RTBSE|             735           2.352                               0.650E+003
 RTBSE|             736           2.345                               0.650E+003
 RTBSE|             737           2.321                               0.650E+003
 RTBSE|             738           2.394                               0.650E+003
 RTBSE|             739           2.309                               0.650E+003
 RTBSE|             740           2.533                               0.650E+003
 RTBSE|             741           2.343                               0.650E+003
 RTBSE|             742           2.500                               0.650E+003
 RTBSE|             743           2.370                               0.650E+003
 RTBSE|             744           2.355                               0.650E+003
 RTBSE|             745           2.356                               0.650E+003
 RTBSE|             746           2.337                               0.650E+003
 RTBSE|             747           2.456                               0.650E+003
 RTBSE|             748           2.365                               0.650E+003
 RTBSE|             749           2.374                               0.650E+003
 RTBSE|             750           2.314                               0.650E+003
 RTBSE|             751           2.380                               0.650E+003
 RTBSE|             752           2.317                               0.650E+003
 RTBSE|             753           2.394                               0.650E+003
 RTBSE|             754           2.408                               0.650E+003
 RTBSE|             755           2.387                               0.650E+003
 RTBSE|             756           2.356                               0.650E+003
 RTBSE|             757           2.345                               0.650E+003
 RTBSE|             758           2.371                               0.650E+003
 RTBSE|             759           2.454                               0.650E+003
 RTBSE|             760           2.470                               0.650E+003
 RTBSE|             761           2.360                               0.650E+003
 RTBSE|             762           2.351                               0.650E+003
 RTBSE|             763           2.347                               0.650E+003
 RTBSE|             764           2.358                               0.650E+003
 RTBSE|             765           2.448                               0.650E+003
 RTBSE|             766           2.333                               0.650E+003
 RTBSE|             767           2.489                               0.650E+003
 RTBSE|             768           2.388                               0.650E+003
 RTBSE|             769           2.384                               0.650E+003
 RTBSE|             770           2.312                               0.650E+003
 RTBSE|             771           2.308                               0.650E+003
 RTBSE|             772           2.448                               0.650E+003
 RTBSE|             773           2.346                               0.650E+003
 RTBSE|             774           2.364                               0.650E+003
 RTBSE|             775           2.347                               0.650E+003
 RTBSE|             776           2.341                               0.650E+003
 RTBSE|             777           2.336                               0.650E+003
 RTBSE|             778           2.319                               0.650E+003
 RTBSE|             779           2.318                               0.650E+003
 RTBSE|             780           2.387                               0.650E+003
 RTBSE|             781           2.372                               0.650E+003
 RTBSE|             782           2.327                               0.650E+003
 RTBSE|             783           2.385                               0.650E+003
 RTBSE|             784           2.313                               0.650E+003
 RTBSE|             785           2.673                               0.650E+003
 RTBSE|             786           2.365                               0.650E+003
 RTBSE|             787           2.333                               0.650E+003
 RTBSE|             788           2.403                               0.650E+003
 RTBSE|             789           2.341                               0.650E+003
 RTBSE|             790           2.483                               0.650E+003
 RTBSE|             791           2.322                               0.650E+003
 RTBSE|             792           2.440                               0.650E+003
 RTBSE|             793           2.425                               0.650E+003
 RTBSE|             794           2.341                               0.650E+003
 RTBSE|             795           2.326                               0.650E+003
 RTBSE|             796           2.380                               0.650E+003
 RTBSE|             797           2.359                               0.650E+003
 RTBSE|             798           2.321                               0.650E+003
 RTBSE|             799           2.379                               0.650E+003
 RTBSE|             800           2.312                               0.650E+003
 RTBSE|             801           2.380                               0.650E+003
 RTBSE|             802           2.364                               0.650E+003
 RTBSE|             803           2.320                               0.650E+003
 RTBSE|             804           2.335                               0.650E+003
 RTBSE|             805           2.396                               0.650E+003
 RTBSE|             806           2.342                               0.650E+003
 RTBSE|             807           2.335                               0.650E+003
 RTBSE|             808           2.419                               0.650E+003
 RTBSE|             809           2.335                               0.650E+003
 RTBSE|             810           2.621                               0.650E+003
 RTBSE|             811           2.344                               0.650E+003
 RTBSE|             812           2.392                               0.650E+003
 RTBSE|             813           2.323                               0.650E+003
 RTBSE|             814           2.425                               0.650E+003
 RTBSE|             815           2.491                               0.650E+003
 RTBSE|             816           2.313                               0.650E+003
 RTBSE|             817           2.571                               0.650E+003
 RTBSE|             818           2.336                               0.650E+003
 RTBSE|             819           2.333                               0.650E+003
 RTBSE|             820           2.371                               0.650E+003
 RTBSE|             821           2.313                               0.650E+003
 RTBSE|             822           2.366                               0.650E+003
 RTBSE|             823           2.405                               0.650E+003
 RTBSE|             824           2.309                               0.650E+003
 RTBSE|             825           2.332                               0.650E+003
 RTBSE|             826           2.354                               0.650E+003
 RTBSE|             827           2.315                               0.650E+003
 RTBSE|             828           2.528                               0.650E+003
 RTBSE|             829           2.347                               0.650E+003
 RTBSE|             830           2.395                               0.650E+003
 RTBSE|             831           2.372                               0.650E+003
 RTBSE|             832           2.324                               0.650E+003
 RTBSE|             833           2.371                               0.650E+003
 RTBSE|             834           2.355                               0.650E+003
 RTBSE|             835           2.587                               0.650E+003
 RTBSE|             836           2.328                               0.650E+003
 RTBSE|             837           2.311                               0.650E+003
 RTBSE|             838           2.359                               0.650E+003
 RTBSE|             839           2.353                               0.650E+003
 RTBSE|             840           2.327                               0.650E+003
 RTBSE|             841           2.535                               0.650E+003
 RTBSE|             842           2.498                               0.650E+003
 RTBSE|             843           2.463                               0.650E+003
 RTBSE|             844           2.368                               0.650E+003
 RTBSE|             845           2.382                               0.650E+003
 RTBSE|             846           2.351                               0.650E+003
 RTBSE|             847           2.461                               0.650E+003
 RTBSE|             848           2.334                               0.650E+003
 RTBSE|             849           2.311                               0.650E+003
 RTBSE|             850           2.314                               0.650E+003
 RTBSE|             851           2.308                               0.650E+003
 RTBSE|             852           2.340                               0.650E+003
 RTBSE|             853           2.357                               0.650E+003
 RTBSE|             854           2.341                               0.650E+003
 RTBSE|             855           2.475                               0.650E+003
 RTBSE|             856           2.361                               0.650E+003
 RTBSE|             857           2.342                               0.650E+003
 RTBSE|             858           2.334                               0.650E+003
 RTBSE|             859           2.342                               0.650E+003
 RTBSE|             860           2.748                               0.650E+003
 RTBSE|             861           2.330                               0.650E+003
 RTBSE|             862           2.363                               0.650E+003
 RTBSE|             863           2.302                               0.650E+003
 RTBSE|             864           2.327                               0.650E+003
 RTBSE|             865           2.341                               0.650E+003
 RTBSE|             866           2.573                               0.650E+003
 RTBSE|             867           2.500                               0.650E+003
 RTBSE|             868           2.425                               0.650E+003
 RTBSE|             869           2.385                               0.650E+003
 RTBSE|             870           2.380                               0.650E+003
 RTBSE|             871           2.317                               0.650E+003
 RTBSE|             872           2.348                               0.650E+003
 RTBSE|             873           2.350                               0.650E+003
 RTBSE|             874           2.311                               0.650E+003
 RTBSE|             875           2.338                               0.650E+003
 RTBSE|             876           2.323                               0.650E+003
 RTBSE|             877           2.317                               0.650E+003
 RTBSE|             878           2.348                               0.650E+003
 RTBSE|             879           2.398                               0.650E+003
 RTBSE|             880           2.441                               0.650E+003
 RTBSE|             881           2.404                               0.650E+003
 RTBSE|             882           2.417                               0.650E+003
 RTBSE|             883           2.378                               0.650E+003
 RTBSE|             884           2.349                               0.650E+003
 RTBSE|             885           2.679                               0.650E+003
 RTBSE|             886           2.394                               0.650E+003
 RTBSE|             887           2.312                               0.650E+003
 RTBSE|             888           2.330                               0.650E+003
 RTBSE|             889           2.355                               0.650E+003
 RTBSE|             890           2.340                               0.650E+003
 RTBSE|             891           2.483                               0.650E+003
 RTBSE|             892           2.475                               0.650E+003
 RTBSE|             893           2.400                               0.650E+003
 RTBSE|             894           2.438                               0.650E+003
 RTBSE|             895           2.348                               0.650E+003
 RTBSE|             896           2.310                               0.650E+003
 RTBSE|             897           2.349                               0.650E+003
 RTBSE|             898           2.452                               0.650E+003
 RTBSE|             899           2.345                               0.650E+003
 RTBSE|             900           2.349                               0.650E+003
 RTBSE|             901           2.370                               0.650E+003
 RTBSE|             902           2.325                               0.650E+003
 RTBSE|             903           2.395                               0.650E+003
 RTBSE|             904           2.352                               0.650E+003
 RTBSE|             905           2.356                               0.650E+003
 RTBSE|             906           2.422                               0.650E+003
 RTBSE|             907           2.396                               0.650E+003
 RTBSE|             908           2.365                               0.650E+003
 RTBSE|             909           2.324                               0.650E+003
 RTBSE|             910           2.555                               0.650E+003
 RTBSE|             911           2.338                               0.650E+003
 RTBSE|             912           2.339                               0.650E+003
 RTBSE|             913           2.353                               0.650E+003
 RTBSE|             914           2.346                               0.650E+003
 RTBSE|             915           2.330                               0.650E+003
 RTBSE|             916           2.398                               0.650E+003
 RTBSE|             917           2.492                               0.650E+003
 RTBSE|             918           2.399                               0.650E+003
 RTBSE|             919           2.397                               0.650E+003
 RTBSE|             920           2.340                               0.650E+003
 RTBSE|             921           2.333                               0.650E+003
 RTBSE|             922           2.336                               0.650E+003
 RTBSE|             923           2.393                               0.650E+003
 RTBSE|             924           2.322                               0.650E+003
 RTBSE|             925           2.341                               0.650E+003
 RTBSE|             926           2.345                               0.650E+003
 RTBSE|             927           2.301                               0.650E+003
 RTBSE|             928           2.360                               0.650E+003
 RTBSE|             929           2.334                               0.650E+003
 RTBSE|             930           2.344                               0.650E+003
 RTBSE|             931           2.373                               0.650E+003
 RTBSE|             932           2.358                               0.650E+003
 RTBSE|             933           2.375                               0.650E+003
 RTBSE|             934           2.387                               0.650E+003
 RTBSE|             935           2.412                               0.650E+003
 RTBSE|             936           2.561                               0.650E+003
 RTBSE|             937           2.305                               0.650E+003
 RTBSE|             938           2.326                               0.650E+003
 RTBSE|             939           2.395                               0.650E+003
 RTBSE|             940           2.305                               0.650E+003
 RTBSE|             941           2.499                               0.650E+003
 RTBSE|             942           2.311                               0.650E+003
 RTBSE|             943           2.489                               0.650E+003
 RTBSE|             944           2.352                               0.650E+003
 RTBSE|             945           2.359                               0.650E+003
 RTBSE|             946           2.417                               0.650E+003
 RTBSE|             947           2.354                               0.650E+003
 RTBSE|             948           2.347                               0.650E+003
 RTBSE|             949           2.369                               0.650E+003
 RTBSE|             950           2.314                               0.650E+003
 RTBSE|             951           2.314                               0.650E+003
 RTBSE|             952           2.328                               0.650E+003
 RTBSE|             953           2.366                               0.650E+003
 RTBSE|             954           2.341                               0.650E+003
 RTBSE|             955           2.419                               0.650E+003
 RTBSE|             956           2.345                               0.650E+003
 RTBSE|             957           2.343                               0.650E+003
 RTBSE|             958           2.322                               0.650E+003
 RTBSE|             959           2.412                               0.650E+003
 RTBSE|             960           2.393                               0.650E+003
 RTBSE|             961           2.711                               0.650E+003
 RTBSE|             962           2.352                               0.650E+003
 RTBSE|             963           2.309                               0.650E+003
 RTBSE|             964           2.338                               0.650E+003
 RTBSE|             965           2.337                               0.650E+003
 RTBSE|             966           2.434                               0.650E+003
 RTBSE|             967           2.325                               0.650E+003
 RTBSE|             968           2.554                               0.650E+003
 RTBSE|             969           2.375                               0.650E+003
 RTBSE|             970           2.364                               0.650E+003
 RTBSE|             971           2.345                               0.650E+003
 RTBSE|             972           2.381                               0.650E+003
 RTBSE|             973           2.429                               0.650E+003
 RTBSE|             974           2.339                               0.650E+003
 RTBSE|             975           2.352                               0.650E+003
 RTBSE|             976           2.315                               0.650E+003
 RTBSE|             977           2.318                               0.650E+003
 RTBSE|             978           2.348                               0.650E+003
 RTBSE|             979           2.485                               0.650E+003
 RTBSE|             980           2.375                               0.650E+003
 RTBSE|             981           2.407                               0.650E+003
 RTBSE|             982           2.387                               0.650E+003
 RTBSE|             983           2.314                               0.650E+003
 RTBSE|             984           2.355                               0.650E+003
 RTBSE|             985           2.311                               0.650E+003
 RTBSE|             986           2.741                               0.650E+003
 RTBSE|             987           2.366                               0.650E+003
 RTBSE|             988           2.360                               0.650E+003
 RTBSE|             989           2.351                               0.650E+003
 RTBSE|             990           2.320                               0.650E+003
 RTBSE|             991           2.441                               0.650E+003
 RTBSE|             992           2.363                               0.650E+003
 RTBSE|             993           2.583                               0.650E+003
 RTBSE|             994           2.429                               0.650E+003
 RTBSE|             995           2.345                               0.650E+003
 RTBSE|             996           2.391                               0.650E+003
 RTBSE|             997           2.314                               0.650E+003
 RTBSE|             998           2.405                               0.650E+003
 RTBSE|             999           2.422                               0.650E+003
 RTBSE|            1000           2.368                               0.650E+003
 RTBSE|            1001           2.340                               0.650E+003
 RTBSE|            1002           2.330                               0.650E+003
 RTBSE|            1003           2.340                               0.650E+003
 RTBSE|            1004           2.328                               0.650E+003
 RTBSE|            1005           2.351                               0.650E+003
 RTBSE|            1006           2.404                               0.650E+003
 RTBSE|            1007           2.352                               0.650E+003
 RTBSE|            1008           2.355                               0.650E+003
 RTBSE|            1009           2.331                               0.650E+003
 RTBSE|            1010           2.331                               0.650E+003
 RTBSE|            1011           2.696                               0.650E+003
 RTBSE|            1012           2.425                               0.650E+003
 RTBSE|            1013           2.371                               0.650E+003
 RTBSE|            1014           2.383                               0.650E+003
 RTBSE|            1015           2.374                               0.650E+003
 RTBSE|            1016           2.468                               0.650E+003
 RTBSE|            1017           2.349                               0.650E+003
 RTBSE|            1018           2.502                               0.650E+003
 RTBSE|            1019           2.387                               0.650E+003
 RTBSE|            1020           2.335                               0.650E+003
 RTBSE|            1021           2.333                               0.650E+003
 RTBSE|            1022           2.333                               0.650E+003
 RTBSE|            1023           2.353                               0.650E+003
 RTBSE|            1024           2.332                               0.650E+003
 RTBSE|            1025           2.420                               0.650E+003
 RTBSE|            1026           2.384                               0.650E+003
 RTBSE|            1027           2.315                               0.650E+003
 RTBSE|            1028           2.382                               0.650E+003
 RTBSE|            1029           2.349                               0.650E+003
 RTBSE|            1030           2.354                               0.650E+003
 RTBSE|            1031           2.423                               0.650E+003
 RTBSE|            1032           2.451                               0.650E+003
 RTBSE|            1033           2.328                               0.650E+003
 RTBSE|            1034           2.356                               0.650E+003
 RTBSE|            1035           2.328                               0.650E+003
 RTBSE|            1036           2.662                               0.650E+003
 RTBSE|            1037           2.352                               0.650E+003
 RTBSE|            1038           2.404                               0.650E+003
 RTBSE|            1039           2.407                               0.650E+003
 RTBSE|            1040           2.312                               0.650E+003
 RTBSE|            1041           2.455                               0.650E+003
 RTBSE|            1042           2.312                               0.650E+003
 RTBSE|            1043           2.458                               0.650E+003
 RTBSE|            1044           2.410                               0.650E+003
 RTBSE|            1045           2.446                               0.650E+003
 RTBSE|            1046           2.332                               0.650E+003
 RTBSE|            1047           2.335                               0.650E+003
 RTBSE|            1048           2.393                               0.650E+003
 RTBSE|            1049           2.359                               0.650E+003
 RTBSE|            1050           2.318                               0.650E+003
 RTBSE|            1051           2.314                               0.650E+003
 RTBSE|            1052           2.410                               0.650E+003
 RTBSE|            1053           2.379                               0.650E+003
 RTBSE|            1054           2.412                               0.650E+003
 RTBSE|            1055           2.369                               0.650E+003
 RTBSE|            1056           2.323                               0.650E+003
 RTBSE|            1057           2.394                               0.650E+003
 RTBSE|            1058           2.374                               0.650E+003
 RTBSE|            1059           2.370                               0.650E+003
 RTBSE|            1060           2.369                               0.650E+003
 RTBSE|            1061           2.563                               0.650E+003
 RTBSE|            1062           2.339                               0.650E+003
 RTBSE|            1063           2.310                               0.650E+003
 RTBSE|            1064           2.342                               0.650E+003
 RTBSE|            1065           2.396                               0.650E+003
 RTBSE|            1066           2.559                               0.650E+003
 RTBSE|            1067           2.380                               0.650E+003
 RTBSE|            1068           2.587                               0.650E+003
 RTBSE|            1069           2.349                               0.650E+003
 RTBSE|            1070           2.378                               0.650E+003
 RTBSE|            1071           2.394                               0.650E+003
 RTBSE|            1072           2.312                               0.650E+003
 RTBSE|            1073           2.473                               0.650E+003
 RTBSE|            1074           2.334                               0.650E+003
 RTBSE|            1075           2.320                               0.650E+003
 RTBSE|            1076           2.311                               0.650E+003
 RTBSE|            1077           2.311                               0.650E+003
 RTBSE|            1078           2.345                               0.650E+003
 RTBSE|            1079           2.399                               0.650E+003
 RTBSE|            1080           2.321                               0.650E+003
 RTBSE|            1081           2.398                               0.650E+003
 RTBSE|            1082           2.355                               0.650E+003
 RTBSE|            1083           2.382                               0.650E+003
 RTBSE|            1084           2.410                               0.650E+003
 RTBSE|            1085           2.338                               0.650E+003
 RTBSE|            1086           2.643                               0.650E+003
 RTBSE|            1087           2.346                               0.650E+003
 RTBSE|            1088           2.314                               0.650E+003
 RTBSE|            1089           2.311                               0.650E+003
 RTBSE|            1090           2.348                               0.650E+003
 RTBSE|            1091           2.593                               0.650E+003
 RTBSE|            1092           2.358                               0.650E+003
 RTBSE|            1093           2.450                               0.650E+003
 RTBSE|            1094           2.471                               0.650E+003
 RTBSE|            1095           2.369                               0.650E+003
 RTBSE|            1096           2.336                               0.650E+003
 RTBSE|            1097           2.339                               0.650E+003
 RTBSE|            1098           2.341                               0.650E+003
 RTBSE|            1099           2.403                               0.650E+003
 RTBSE|            1100           2.311                               0.650E+003
 RTBSE|            1101           2.307                               0.650E+003
 RTBSE|            1102           2.324                               0.650E+003
 RTBSE|            1103           2.318                               0.650E+003
 RTBSE|            1104           2.340                               0.650E+003
 RTBSE|            1105           2.383                               0.650E+003
 RTBSE|            1106           2.463                               0.650E+003
 RTBSE|            1107           2.384                               0.650E+003
 RTBSE|            1108           2.386                               0.650E+003
 RTBSE|            1109           2.349                               0.650E+003
 RTBSE|            1110           2.335                               0.650E+003
 RTBSE|            1111           2.562                               0.650E+003
 RTBSE|            1112           2.333                               0.650E+003
 RTBSE|            1113           2.349                               0.650E+003
 RTBSE|            1114           2.324                               0.650E+003
 RTBSE|            1115           2.337                               0.650E+003
 RTBSE|            1116           2.442                               0.650E+003
 RTBSE|            1117           2.338                               0.650E+003
 RTBSE|            1118           2.452                               0.650E+003
 RTBSE|            1119           2.457                               0.650E+003
 RTBSE|            1120           2.396                               0.650E+003
 RTBSE|            1121           2.405                               0.650E+003
 RTBSE|            1122           2.317                               0.650E+003
 RTBSE|            1123           2.335                               0.650E+003
 RTBSE|            1124           2.445                               0.650E+003
 RTBSE|            1125           2.344                               0.650E+003
 RTBSE|            1126           2.363                               0.650E+003
 RTBSE|            1127           2.315                               0.650E+003
 RTBSE|            1128           2.316                               0.650E+003
 RTBSE|            1129           2.401                               0.650E+003
 RTBSE|            1130           2.341                               0.650E+003
 RTBSE|            1131           2.361                               0.650E+003
 RTBSE|            1132           2.475                               0.650E+003
 RTBSE|            1133           2.367                               0.650E+003
 RTBSE|            1134           2.370                               0.650E+003
 RTBSE|            1135           2.328                               0.650E+003
 RTBSE|            1136           2.582                               0.650E+003
 RTBSE|            1137           2.443                               0.650E+003
 RTBSE|            1138           2.320                               0.650E+003
 RTBSE|            1139           2.320                               0.650E+003
 RTBSE|            1140           2.345                               0.650E+003
 RTBSE|            1141           2.332                               0.650E+003
 RTBSE|            1142           2.446                               0.650E+003
 RTBSE|            1143           2.459                               0.650E+003
 RTBSE|            1144           2.389                               0.650E+003
 RTBSE|            1145           2.415                               0.650E+003
 RTBSE|            1146           2.371                               0.650E+003
 RTBSE|            1147           2.325                               0.650E+003
 RTBSE|            1148           2.328                               0.650E+003
 RTBSE|            1149           2.410                               0.650E+003
 RTBSE|            1150           2.350                               0.650E+003
 RTBSE|            1151           2.350                               0.650E+003
 RTBSE|            1152           2.310                               0.650E+003
 RTBSE|            1153           2.377                               0.650E+003
 RTBSE|            1154           2.338                               0.650E+003
 RTBSE|            1155           2.346                               0.650E+003
 RTBSE|            1156           2.324                               0.650E+003
 RTBSE|            1157           2.388                               0.650E+003
 RTBSE|            1158           2.401                               0.650E+003
 RTBSE|            1159           2.373                               0.650E+003
 RTBSE|            1160           2.352                               0.650E+003
 RTBSE|            1161           2.520                               0.650E+003
 RTBSE|            1162           2.546                               0.650E+003
 RTBSE|            1163           2.328                               0.650E+003
 RTBSE|            1164           2.379                               0.650E+003
 RTBSE|            1165           2.329                               0.650E+003
 RTBSE|            1166           2.349                               0.650E+003
 RTBSE|            1167           2.529                               0.650E+003
 RTBSE|            1168           2.324                               0.650E+003
 RTBSE|            1169           2.524                               0.650E+003
 RTBSE|            1170           2.400                               0.650E+003
 RTBSE|            1171           2.352                               0.650E+003
 RTBSE|            1172           2.404                               0.650E+003
 RTBSE|            1173           2.394                               0.650E+003
 RTBSE|            1174           2.365                               0.650E+003
 RTBSE|            1175           2.324                               0.650E+003
 RTBSE|            1176           2.342                               0.650E+003
 RTBSE|            1177           2.346                               0.650E+003
 RTBSE|            1178           2.322                               0.650E+003
 RTBSE|            1179           2.351                               0.650E+003
 RTBSE|            1180           2.312                               0.650E+003
 RTBSE|            1181           2.449                               0.650E+003
 RTBSE|            1182           2.370                               0.650E+003
 RTBSE|            1183           2.329                               0.650E+003
 RTBSE|            1184           2.370                               0.650E+003
 RTBSE|            1185           2.421                               0.650E+003
 RTBSE|            1186           2.419                               0.650E+003
 RTBSE|            1187           2.598                               0.650E+003
 RTBSE|            1188           2.364                               0.650E+003
 RTBSE|            1189           2.355                               0.650E+003
 RTBSE|            1190           2.370                               0.650E+003
 RTBSE|            1191           2.335                               0.650E+003
 RTBSE|            1192           2.461                               0.650E+003
 RTBSE|            1193           2.325                               0.650E+003
 RTBSE|            1194           2.526                               0.650E+003
 RTBSE|            1195           2.365                               0.650E+003
 RTBSE|            1196           2.321                               0.650E+003
 RTBSE|            1197           2.375                               0.650E+003
 RTBSE|            1198           2.370                               0.650E+003
 RTBSE|            1199           2.501                               0.650E+003
 RTBSE|            1200           2.330                               0.650E+003
 RTBSE|            1201           2.320                               0.650E+003
 RTBSE|            1202           2.323                               0.650E+003
 RTBSE|            1203           2.376                               0.650E+003
 RTBSE|            1204           2.422                               0.650E+003
 RTBSE|            1205           2.358                               0.650E+003
 RTBSE|            1206           2.357                               0.650E+003
 RTBSE|            1207           2.383                               0.650E+003
 RTBSE|            1208           2.331                               0.650E+003
 RTBSE|            1209           2.354                               0.650E+003
 RTBSE|            1210           2.340                               0.650E+003
 RTBSE|            1211           2.356                               0.650E+003
 RTBSE|            1212           2.595                               0.650E+003
 RTBSE|            1213           2.352                               0.650E+003
 RTBSE|            1214           2.317                               0.650E+003
 RTBSE|            1215           2.365                               0.650E+003
 RTBSE|            1216           2.406                               0.650E+003
 RTBSE|            1217           2.449                               0.650E+003
 RTBSE|            1218           2.325                               0.650E+003
 RTBSE|            1219           2.565                               0.650E+003
 RTBSE|            1220           2.333                               0.650E+003
 RTBSE|            1221           2.345                               0.650E+003
 RTBSE|            1222           2.333                               0.650E+003
 RTBSE|            1223           2.318                               0.650E+003
 RTBSE|            1224           2.459                               0.650E+003
 RTBSE|            1225           2.377                               0.650E+003
 RTBSE|            1226           2.367                               0.650E+003
 RTBSE|            1227           2.343                               0.650E+003
 RTBSE|            1228           2.321                               0.650E+003
 RTBSE|            1229           2.339                               0.650E+003
 RTBSE|            1230           2.376                               0.650E+003
 RTBSE|            1231           2.359                               0.650E+003
 RTBSE|            1232           2.356                               0.650E+003
 RTBSE|            1233           2.368                               0.650E+003
 RTBSE|            1234           2.367                               0.650E+003
 RTBSE|            1235           2.318                               0.650E+003
 RTBSE|            1236           2.330                               0.650E+003
 RTBSE|            1237           2.705                               0.650E+003
 RTBSE|            1238           2.365                               0.650E+003
 RTBSE|            1239           2.394                               0.650E+003
 RTBSE|            1240           2.385                               0.650E+003
 RTBSE|            1241           2.335                               0.650E+003
 RTBSE|            1242           2.578                               0.650E+003
 RTBSE|            1243           2.337                               0.650E+003
 RTBSE|            1244           2.496                               0.650E+003
 RTBSE|            1245           2.366                               0.650E+003
 RTBSE|            1246           2.365                               0.650E+003
 RTBSE|            1247           2.353                               0.650E+003
 RTBSE|            1248           2.317                               0.650E+003
 RTBSE|            1249           2.352                               0.650E+003
 RTBSE|            1250           2.350                               0.650E+003
 RTBSE|            1251           2.366                               0.650E+003
 RTBSE|            1252           2.343                               0.650E+003
 RTBSE|            1253           2.375                               0.650E+003
 RTBSE|            1254           2.321                               0.650E+003
 RTBSE|            1255           2.419                               0.650E+003
 RTBSE|            1256           2.449                               0.650E+003
 RTBSE|            1257           2.411                               0.650E+003
 RTBSE|            1258           2.416                               0.650E+003
 RTBSE|            1259           2.345                               0.650E+003
 RTBSE|            1260           2.322                               0.650E+003
 RTBSE|            1261           2.334                               0.650E+003
 RTBSE|            1262           2.644                               0.650E+003
 RTBSE|            1263           2.374                               0.650E+003
 RTBSE|            1264           2.346                               0.650E+003
 RTBSE|            1265           2.345                               0.650E+003
 RTBSE|            1266           2.403                               0.650E+003
 RTBSE|            1267           2.425                               0.650E+003
 RTBSE|            1268           2.345                               0.650E+003
 RTBSE|            1269           2.514                               0.650E+003
 RTBSE|            1270           2.361                               0.650E+003
 RTBSE|            1271           2.363                               0.650E+003
 RTBSE|            1272           2.372                               0.650E+003
 RTBSE|            1273           2.327                               0.650E+003
 RTBSE|            1274           2.320                               0.650E+003
 RTBSE|            1275           2.424                               0.650E+003
 RTBSE|            1276           2.318                               0.650E+003
 RTBSE|            1277           2.390                               0.650E+003
 RTBSE|            1278           2.339                               0.650E+003
 RTBSE|            1279           2.393                               0.650E+003
 RTBSE|            1280           2.453                               0.650E+003
 RTBSE|            1281           2.378                               0.650E+003
 RTBSE|            1282           2.442                               0.650E+003
 RTBSE|            1283           2.371                               0.650E+003
 RTBSE|            1284           2.314                               0.650E+003
 RTBSE|            1285           2.375                               0.650E+003
 RTBSE|            1286           2.324                               0.650E+003
 RTBSE|            1287           2.588                               0.650E+003
 RTBSE|            1288           2.322                               0.650E+003
 RTBSE|            1289           2.327                               0.650E+003
 RTBSE|            1290           2.392                               0.650E+003
 RTBSE|            1291           2.357                               0.650E+003
 RTBSE|            1292           2.535                               0.650E+003
 RTBSE|            1293           2.369                               0.650E+003
 RTBSE|            1294           2.508                               0.650E+003
 RTBSE|            1295           2.391                               0.650E+003
 RTBSE|            1296           2.395                               0.650E+003
 RTBSE|            1297           2.334                               0.650E+003
 RTBSE|            1298           2.324                               0.650E+003
 RTBSE|            1299           2.390                               0.650E+003
 RTBSE|            1300           2.376                               0.650E+003
 RTBSE|            1301           2.321                               0.650E+003
 RTBSE|            1302           2.324                               0.650E+003
 RTBSE|            1303           2.362                               0.650E+003
 RTBSE|            1304           2.388                               0.650E+003
 RTBSE|            1305           2.349                               0.650E+003
 RTBSE|            1306           2.421                               0.650E+003
 RTBSE|            1307           2.403                               0.650E+003
 RTBSE|            1308           2.372                               0.650E+003
 RTBSE|            1309           2.388                               0.650E+003
 RTBSE|            1310           2.365                               0.650E+003
 RTBSE|            1311           2.328                               0.650E+003
 RTBSE|            1312           2.643                               0.650E+003
 RTBSE|            1313           2.344                               0.650E+003
 RTBSE|            1314           2.318                               0.650E+003
 RTBSE|            1315           2.342                               0.650E+003
 RTBSE|            1316           2.334                               0.650E+003
 RTBSE|            1317           2.512                               0.650E+003
 RTBSE|            1318           2.361                               0.650E+003
 RTBSE|            1319           2.569                               0.650E+003
 RTBSE|            1320           2.395                               0.650E+003
 RTBSE|            1321           2.370                               0.650E+003
 RTBSE|            1322           2.486                               0.650E+003
 RTBSE|            1323           2.324                               0.650E+003
 RTBSE|            1324           2.412                               0.650E+003
 RTBSE|            1325           2.352                               0.650E+003
 RTBSE|            1326           2.329                               0.650E+003
 RTBSE|            1327           2.326                               0.650E+003
 RTBSE|            1328           2.316                               0.650E+003
 RTBSE|            1329           2.337                               0.650E+003
 RTBSE|            1330           2.354                               0.650E+003
 RTBSE|            1331           2.472                               0.650E+003
 RTBSE|            1332           2.344                               0.650E+003
 RTBSE|            1333           2.440                               0.650E+003
 RTBSE|            1334           2.345                               0.650E+003
 RTBSE|            1335           2.424                               0.650E+003
 RTBSE|            1336           2.358                               0.650E+003
 RTBSE|            1337           2.666                               0.650E+003
 RTBSE|            1338           2.319                               0.650E+003
 RTBSE|            1339           2.324                               0.650E+003
 RTBSE|            1340           2.343                               0.650E+003
 RTBSE|            1341           2.310                               0.650E+003
 RTBSE|            1342           2.470                               0.650E+003
 RTBSE|            1343           2.343                               0.650E+003
 RTBSE|            1344           2.577                               0.650E+003
 RTBSE|            1345           2.368                               0.650E+003
 RTBSE|            1346           2.391                               0.650E+003
 RTBSE|            1347           2.421                               0.650E+003
 RTBSE|            1348           2.345                               0.650E+003
 RTBSE|            1349           2.409                               0.650E+003
 RTBSE|            1350           2.454                               0.650E+003
 RTBSE|            1351           2.329                               0.650E+003
 RTBSE|            1352           2.324                               0.650E+003
 RTBSE|            1353           2.324                               0.650E+003
 RTBSE|            1354           2.352                               0.650E+003
 RTBSE|            1355           2.389                               0.650E+003
 RTBSE|            1356           2.369                               0.650E+003
 RTBSE|            1357           2.407                               0.650E+003
 RTBSE|            1358           2.362                               0.650E+003
 RTBSE|            1359           2.362                               0.650E+003
 RTBSE|            1360           2.394                               0.650E+003
 RTBSE|            1361           2.391                               0.650E+003
 RTBSE|            1362           2.693                               0.650E+003
 RTBSE|            1363           2.312                               0.650E+003
 RTBSE|            1364           2.373                               0.650E+003
 RTBSE|            1365           2.365                               0.650E+003
 RTBSE|            1366           2.335                               0.650E+003
 RTBSE|            1367           2.424                               0.650E+003
 RTBSE|            1368           2.333                               0.650E+003
 RTBSE|            1369           2.634                               0.650E+003
 RTBSE|            1370           2.421                               0.650E+003
 RTBSE|            1371           2.356                               0.650E+003
 RTBSE|            1372           2.377                               0.650E+003
 RTBSE|            1373           2.328                               0.650E+003
 RTBSE|            1374           2.396                               0.650E+003
 RTBSE|            1375           2.468                               0.650E+003
 RTBSE|            1376           2.345                               0.650E+003
 RTBSE|            1377           2.375                               0.650E+003
 RTBSE|            1378           2.336                               0.650E+003
 RTBSE|            1379           2.320                               0.650E+003
 RTBSE|            1380           2.331                               0.650E+003
 RTBSE|            1381           2.367                               0.650E+003
 RTBSE|            1382           2.348                               0.650E+003
 RTBSE|            1383           2.422                               0.650E+003
 RTBSE|            1384           2.356                               0.650E+003
 RTBSE|            1385           2.420                               0.650E+003
 RTBSE|            1386           2.337                               0.650E+003
 RTBSE|            1387           2.717                               0.650E+003
 RTBSE|            1388           2.363                               0.650E+003
 RTBSE|            1389           2.382                               0.650E+003
 RTBSE|            1390           2.390                               0.650E+003
 RTBSE|            1391           2.319                               0.650E+003
 RTBSE|            1392           2.492                               0.650E+003
 RTBSE|            1393           2.340                               0.650E+003
 RTBSE|            1394           2.528                               0.650E+003
 RTBSE|            1395           2.379                               0.650E+003
 RTBSE|            1396           2.409                               0.650E+003
 RTBSE|            1397           2.350                               0.650E+003
 RTBSE|            1398           2.341                               0.650E+003
 RTBSE|            1399           2.345                               0.650E+003
 RTBSE|            1400           2.444                               0.650E+003
 RTBSE|            1401           2.360                               0.650E+003
 RTBSE|            1402           2.339                               0.650E+003
 RTBSE|            1403           2.356                               0.650E+003
 RTBSE|            1404           2.381                               0.650E+003
 RTBSE|            1405           2.329                               0.650E+003
 RTBSE|            1406           2.414                               0.650E+003
 RTBSE|            1407           2.334                               0.650E+003
 RTBSE|            1408           2.374                               0.650E+003
 RTBSE|            1409           2.398                               0.650E+003
 RTBSE|            1410           2.367                               0.650E+003
 RTBSE|            1411           2.325                               0.650E+003
 RTBSE|            1412           2.734                               0.650E+003
 RTBSE|            1413           2.396                               0.650E+003
 RTBSE|            1414           2.404                               0.650E+003
 RTBSE|            1415           2.341                               0.650E+003
 RTBSE|            1416           2.368                               0.650E+003
 RTBSE|            1417           2.406                               0.650E+003
 RTBSE|            1418           2.368                               0.650E+003
 RTBSE|            1419           2.536                               0.650E+003
 RTBSE|            1420           2.360                               0.650E+003
 RTBSE|            1421           2.368                               0.650E+003
 RTBSE|            1422           2.418                               0.650E+003
 RTBSE|            1423           2.368                               0.650E+003
 RTBSE|            1424           2.359                               0.650E+003
 RTBSE|            1425           2.405                               0.650E+003
 RTBSE|            1426           2.325                               0.650E+003
 RTBSE|            1427           2.420                               0.650E+003
 RTBSE|            1428           2.370                               0.650E+003
 RTBSE|            1429           2.361                               0.650E+003
 RTBSE|            1430           2.407                               0.650E+003
 RTBSE|            1431           2.379                               0.650E+003
 RTBSE|            1432           2.375                               0.650E+003
 RTBSE|            1433           2.365                               0.650E+003
 RTBSE|            1434           2.326                               0.650E+003
 RTBSE|            1435           2.369                               0.650E+003
 RTBSE|            1436           2.365                               0.650E+003
 RTBSE|            1437           2.588                               0.650E+003
 RTBSE|            1438           2.335                               0.650E+003
 RTBSE|            1439           2.331                               0.650E+003
 RTBSE|            1440           2.436                               0.650E+003
 RTBSE|            1441           2.390                               0.650E+003
 RTBSE|            1442           2.418                               0.650E+003
 RTBSE|            1443           2.337                               0.650E+003
 RTBSE|            1444           2.530                               0.650E+003
 RTBSE|            1445           2.367                               0.650E+003
 RTBSE|            1446           2.364                               0.650E+003
 RTBSE|            1447           2.331                               0.650E+003
 RTBSE|            1448           2.347                               0.650E+003
 RTBSE|            1449           2.375                               0.650E+003
 RTBSE|            1450           2.447                               0.650E+003
 RTBSE|            1451           2.339                               0.650E+003
 RTBSE|            1452           2.331                               0.650E+003
 RTBSE|            1453           2.351                               0.650E+003
 RTBSE|            1454           2.459                               0.650E+003
 RTBSE|            1455           2.326                               0.650E+003
 RTBSE|            1456           2.355                               0.650E+003
 RTBSE|            1457           2.333                               0.650E+003
 RTBSE|            1458           2.406                               0.650E+003
 RTBSE|            1459           2.326                               0.650E+003
 RTBSE|            1460           2.329                               0.650E+003
 RTBSE|            1461           2.322                               0.650E+003
 RTBSE|            1462           2.656                               0.650E+003
 RTBSE|            1463           2.415                               0.650E+003
 RTBSE|            1464           2.353                               0.650E+003
 RTBSE|            1465           2.344                               0.650E+003
 RTBSE|            1466           2.340                               0.650E+003
 RTBSE|            1467           2.578                               0.650E+003
 RTBSE|            1468           2.429                               0.650E+003
 RTBSE|            1469           2.495                               0.650E+003
 RTBSE|            1470           2.380                               0.650E+003
 RTBSE|            1471           2.353                               0.650E+003
 RTBSE|            1472           2.332                               0.650E+003
 RTBSE|            1473           2.321                               0.650E+003
 RTBSE|            1474           2.323                               0.650E+003
 RTBSE|            1475           2.427                               0.650E+003
 RTBSE|            1476           2.335                               0.650E+003
 RTBSE|            1477           2.333                               0.650E+003
 RTBSE|            1478           2.330                               0.650E+003
 RTBSE|            1479           2.328                               0.650E+003
 RTBSE|            1480           2.389                               0.650E+003
 RTBSE|            1481           2.418                               0.650E+003
 RTBSE|            1482           2.427                               0.650E+003
 RTBSE|            1483           2.449                               0.650E+003
 RTBSE|            1484           2.327                               0.650E+003
 RTBSE|            1485           2.362                               0.650E+003
 RTBSE|            1486           2.330                               0.650E+003
 RTBSE|            1487           2.601                               0.650E+003
 RTBSE|            1488           2.440                               0.650E+003
 RTBSE|            1489           2.354                               0.650E+003
 RTBSE|            1490           2.334                               0.650E+003
 RTBSE|            1491           2.364                               0.650E+003
 RTBSE|            1492           2.341                               0.650E+003
 RTBSE|            1493           2.516                               0.650E+003
 RTBSE|            1494           2.462                               0.650E+003
 RTBSE|            1495           2.373                               0.650E+003
 RTBSE|            1496           2.420                               0.650E+003
 RTBSE|            1497           2.345                               0.650E+003
 RTBSE|            1498           2.327                               0.650E+003
 RTBSE|            1499           2.324                               0.650E+003
 RTBSE|            1500           2.418                               0.650E+003
 RTBSE|            1501           2.345                               0.650E+003
 RTBSE|            1502           2.373                               0.650E+003
 RTBSE|            1503           2.338                               0.650E+003
 RTBSE|            1504           2.397                               0.650E+003
 RTBSE|            1505           2.386                               0.650E+003
 RTBSE|            1506           2.398                               0.650E+003
 RTBSE|            1507           2.444                               0.650E+003
 RTBSE|            1508           2.408                               0.650E+003
 RTBSE|            1509           2.350                               0.650E+003
 RTBSE|            1510           2.354                               0.650E+003
 RTBSE|            1511           2.332                               0.650E+003
 RTBSE|            1512           2.385                               0.650E+003
 RTBSE|            1513           2.492                               0.650E+003
 RTBSE|            1514           2.360                               0.650E+003
 RTBSE|            1515           2.412                               0.650E+003
 RTBSE|            1516           2.337                               0.650E+003
 RTBSE|            1517           2.350                               0.650E+003
 RTBSE|            1518           2.481                               0.650E+003
 RTBSE|            1519           2.560                               0.650E+003
 RTBSE|            1520           2.479                               0.650E+003
 RTBSE|            1521           2.386                               0.650E+003
 RTBSE|            1522           2.359                               0.650E+003
 RTBSE|            1523           2.323                               0.650E+003
 RTBSE|            1524           2.330                               0.650E+003
 RTBSE|            1525           2.445                               0.650E+003
 RTBSE|            1526           2.344                               0.650E+003
 RTBSE|            1527           2.341                               0.650E+003
 RTBSE|            1528           2.410                               0.650E+003
 RTBSE|            1529           2.340                               0.650E+003
 RTBSE|            1530           2.356                               0.650E+003
 RTBSE|            1531           2.362                               0.650E+003
 RTBSE|            1532           2.366                               0.650E+003
 RTBSE|            1533           2.401                               0.650E+003
 RTBSE|            1534           2.447                               0.650E+003
 RTBSE|            1535           2.409                               0.650E+003
 RTBSE|            1536           2.426                               0.650E+003
 RTBSE|            1537           2.678                               0.650E+003
 RTBSE|            1538           2.374                               0.650E+003
 RTBSE|            1539           2.341                               0.650E+003
 RTBSE|            1540           2.392                               0.650E+003
 RTBSE|            1541           2.360                               0.650E+003
 RTBSE|            1542           2.336                               0.650E+003
 RTBSE|            1543           2.584                               0.650E+003
 RTBSE|            1544           2.442                               0.650E+003
 RTBSE|            1545           2.357                               0.650E+003
 RTBSE|            1546           2.487                               0.650E+003
 RTBSE|            1547           2.394                               0.650E+003
 RTBSE|            1548           2.332                               0.650E+003
 RTBSE|            1549           2.331                               0.650E+003
 RTBSE|            1550           2.381                               0.650E+003
 RTBSE|            1551           2.322                               0.650E+003
 RTBSE|            1552           2.325                               0.650E+003
 RTBSE|            1553           2.345                               0.650E+003
 RTBSE|            1554           2.379                               0.650E+003
 RTBSE|            1555           2.326                               0.650E+003
 RTBSE|            1556           2.404                               0.650E+003
 RTBSE|            1557           2.375                               0.650E+003
 RTBSE|            1558           2.369                               0.650E+003
 RTBSE|            1559           2.350                               0.650E+003
 RTBSE|            1560           2.463                               0.650E+003
 RTBSE|            1561           2.348                               0.650E+003
 RTBSE|            1562           2.659                               0.650E+003
 RTBSE|            1563           2.371                               0.650E+003
 RTBSE|            1564           2.315                               0.650E+003
 RTBSE|            1565           2.362                               0.650E+003
 RTBSE|            1566           2.344                               0.650E+003
 RTBSE|            1567           2.401                               0.650E+003
 RTBSE|            1568           2.404                               0.650E+003
 RTBSE|            1569           2.576                               0.650E+003
 RTBSE|            1570           2.383                               0.650E+003
 RTBSE|            1571           2.351                               0.650E+003
 RTBSE|            1572           2.347                               0.650E+003
 RTBSE|            1573           2.411                               0.650E+003
 RTBSE|            1574           2.362                               0.650E+003
 RTBSE|            1575           2.412                               0.650E+003
 RTBSE|            1576           2.382                               0.650E+003
 RTBSE|            1577           2.322                               0.650E+003
 RTBSE|            1578           2.327                               0.650E+003
 RTBSE|            1579           2.345                               0.650E+003
 RTBSE|            1580           2.408                               0.650E+003
 RTBSE|            1581           2.450                               0.650E+003
 RTBSE|            1582           2.337                               0.650E+003
 RTBSE|            1583           2.370                               0.650E+003
 RTBSE|            1584           2.359                               0.650E+003
 RTBSE|            1585           2.326                               0.650E+003
 RTBSE|            1586           2.387                               0.650E+003
 RTBSE|            1587           2.489                               0.650E+003
 RTBSE|            1588           2.526                               0.650E+003
 RTBSE|            1589           2.346                               0.650E+003
 RTBSE|            1590           2.345                               0.650E+003
 RTBSE|            1591           2.320                               0.650E+003
 RTBSE|            1592           2.335                               0.650E+003
 RTBSE|            1593           2.560                               0.650E+003
 RTBSE|            1594           2.587                               0.650E+003
 RTBSE|            1595           2.334                               0.650E+003
 RTBSE|            1596           2.411                               0.650E+003
 RTBSE|            1597           2.333                               0.650E+003
 RTBSE|            1598           2.332                               0.650E+003
 RTBSE|            1599           2.375                               0.650E+003
 RTBSE|            1600           2.515                               0.650E+003
 RTBSE|            1601           2.360                               0.650E+003
 RTBSE|            1602           2.404                               0.650E+003
 RTBSE|            1603           2.384                               0.650E+003
 RTBSE|            1604           2.333                               0.650E+003
 RTBSE|            1605           2.316                               0.650E+003
 RTBSE|            1606           2.382                               0.650E+003
 RTBSE|            1607           2.372                               0.650E+003
 RTBSE|            1608           2.401                               0.650E+003
 RTBSE|            1609           2.343                               0.650E+003
 RTBSE|            1610           2.329                               0.650E+003
 RTBSE|            1611           2.334                               0.650E+003
 RTBSE|            1612           2.442                               0.650E+003
 RTBSE|            1613           2.570                               0.650E+003
 RTBSE|            1614           2.370                               0.650E+003
 RTBSE|            1615           2.377                               0.650E+003
 RTBSE|            1616           2.341                               0.650E+003
 RTBSE|            1617           2.336                               0.650E+003
 RTBSE|            1618           2.498                               0.650E+003
 RTBSE|            1619           2.496                               0.650E+003
 RTBSE|            1620           2.372                               0.650E+003
 RTBSE|            1621           2.397                               0.650E+003
 RTBSE|            1622           2.382                               0.650E+003
 RTBSE|            1623           2.338                               0.650E+003
 RTBSE|            1624           2.336                               0.650E+003
 RTBSE|            1625           2.382                               0.650E+003
 RTBSE|            1626           2.358                               0.650E+003
 RTBSE|            1627           2.395                               0.650E+003
 RTBSE|            1628           2.369                               0.650E+003
 RTBSE|            1629           2.386                               0.650E+003
 RTBSE|            1630           2.335                               0.650E+003
 RTBSE|            1631           2.328                               0.650E+003
 RTBSE|            1632           2.412                               0.650E+003
 RTBSE|            1633           2.416                               0.650E+003
 RTBSE|            1634           2.377                               0.650E+003
 RTBSE|            1635           2.330                               0.650E+003
 RTBSE|            1636           2.374                               0.650E+003
 RTBSE|            1637           2.460                               0.650E+003
 RTBSE|            1638           2.481                               0.650E+003
 RTBSE|            1639           2.344                               0.650E+003
 RTBSE|            1640           2.375                               0.650E+003
 RTBSE|            1641           2.381                               0.650E+003
 RTBSE|            1642           2.413                               0.650E+003
 RTBSE|            1643           2.481                               0.650E+003
 RTBSE|            1644           2.415                               0.650E+003
 RTBSE|            1645           2.325                               0.650E+003
 RTBSE|            1646           2.450                               0.650E+003
 RTBSE|            1647           2.353                               0.650E+003
 RTBSE|            1648           2.354                               0.650E+003
 RTBSE|            1649           2.329                               0.650E+003
 RTBSE|            1650           2.420                               0.650E+003
 RTBSE|            1651           2.325                               0.650E+003
 RTBSE|            1652           2.336                               0.650E+003
 RTBSE|            1653           2.401                               0.650E+003
 RTBSE|            1654           2.381                               0.650E+003
 RTBSE|            1655           2.493                               0.650E+003
 RTBSE|            1656           2.333                               0.650E+003
 RTBSE|            1657           2.345                               0.650E+003
 RTBSE|            1658           2.348                               0.650E+003
 RTBSE|            1659           2.398                               0.650E+003
 RTBSE|            1660           2.365                               0.650E+003
 RTBSE|            1661           2.369                               0.650E+003
 RTBSE|            1662           2.508                               0.650E+003
 RTBSE|            1663           2.515                               0.650E+003
 RTBSE|            1664           2.331                               0.650E+003
 RTBSE|            1665           2.360                               0.650E+003
 RTBSE|            1666           2.348                               0.650E+003
 RTBSE|            1667           2.377                               0.650E+003
 RTBSE|            1668           2.540                               0.650E+003
 RTBSE|            1669           2.579                               0.650E+003
 RTBSE|            1670           2.368                               0.650E+003
 RTBSE|            1671           2.389                               0.650E+003
 RTBSE|            1672           2.394                               0.650E+003
 RTBSE|            1673           2.371                               0.650E+003
 RTBSE|            1674           2.337                               0.650E+003
 RTBSE|            1675           2.394                               0.650E+003
 RTBSE|            1676           2.325                               0.650E+003
 RTBSE|            1677           2.331                               0.650E+003
 RTBSE|            1678           2.326                               0.650E+003
 RTBSE|            1679           2.354                               0.650E+003
 RTBSE|            1680           2.401                               0.650E+003
 RTBSE|            1681           2.367                               0.650E+003
 RTBSE|            1682           2.417                               0.650E+003
 RTBSE|            1683           2.389                               0.650E+003
 RTBSE|            1684           2.357                               0.650E+003
 RTBSE|            1685           2.376                               0.650E+003
 RTBSE|            1686           2.396                               0.650E+003
 RTBSE|            1687           2.476                               0.650E+003
 RTBSE|            1688           2.550                               0.650E+003
 RTBSE|            1689           2.337                               0.650E+003
 RTBSE|            1690           2.326                               0.650E+003
 RTBSE|            1691           2.330                               0.650E+003
 RTBSE|            1692           2.356                               0.650E+003
 RTBSE|            1693           2.610                               0.650E+003
 RTBSE|            1694           2.484                               0.650E+003
 RTBSE|            1695           2.435                               0.650E+003
 RTBSE|            1696           2.372                               0.650E+003
 RTBSE|            1697           2.347                               0.650E+003
 RTBSE|            1698           2.394                               0.650E+003
 RTBSE|            1699           2.359                               0.650E+003
 RTBSE|            1700           2.340                               0.650E+003
 RTBSE|            1701           2.400                               0.650E+003
 RTBSE|            1702           2.327                               0.650E+003
 RTBSE|            1703           2.322                               0.650E+003
 RTBSE|            1704           2.322                               0.650E+003
 RTBSE|            1705           2.368                               0.650E+003
 RTBSE|            1706           2.451                               0.650E+003
 RTBSE|            1707           2.363                               0.650E+003
 RTBSE|            1708           2.414                               0.650E+003
 RTBSE|            1709           2.401                               0.650E+003
 RTBSE|            1710           2.327                               0.650E+003
 RTBSE|            1711           2.417                               0.650E+003
 RTBSE|            1712           2.502                               0.650E+003
 RTBSE|            1713           2.533                               0.650E+003
 RTBSE|            1714           2.374                               0.650E+003
 RTBSE|            1715           2.342                               0.650E+003
 RTBSE|            1716           2.323                               0.650E+003
 RTBSE|            1717           2.341                               0.650E+003
 RTBSE|            1718           2.493                               0.650E+003
 RTBSE|            1719           2.656                               0.650E+003
 RTBSE|            1720           2.387                               0.650E+003
 RTBSE|            1721           2.444                               0.650E+003
 RTBSE|            1722           2.352                               0.650E+003
 RTBSE|            1723           2.341                               0.650E+003
 RTBSE|            1724           2.319                               0.650E+003
 RTBSE|            1725           2.432                               0.650E+003
 RTBSE|            1726           2.340                               0.650E+003
 RTBSE|            1727           2.321                               0.650E+003
 RTBSE|            1728           2.328                               0.650E+003
 RTBSE|            1729           2.345                               0.650E+003
 RTBSE|            1730           2.381                               0.650E+003
 RTBSE|            1731           2.372                               0.650E+003
 RTBSE|            1732           2.368                               0.650E+003
 RTBSE|            1733           2.424                               0.650E+003
 RTBSE|            1734           2.428                               0.650E+003
 RTBSE|            1735           2.379                               0.650E+003
 RTBSE|            1736           2.335                               0.650E+003
 RTBSE|            1737           2.492                               0.650E+003
 RTBSE|            1738           2.529                               0.650E+003
 RTBSE|            1739           2.389                               0.650E+003
 RTBSE|            1740           2.357                               0.650E+003
 RTBSE|            1741           2.360                               0.650E+003
 RTBSE|            1742           2.328                               0.650E+003
 RTBSE|            1743           2.502                               0.650E+003
 RTBSE|            1744           2.528                               0.650E+003
 RTBSE|            1745           2.394                               0.650E+003
 RTBSE|            1746           2.443                               0.650E+003
 RTBSE|            1747           2.372                               0.650E+003
 RTBSE|            1748           2.425                               0.650E+003
 RTBSE|            1749           2.381                               0.650E+003
 RTBSE|            1750           2.461                               0.650E+003
 RTBSE|            1751           2.329                               0.650E+003
 RTBSE|            1752           2.382                               0.650E+003
 RTBSE|            1753           2.321                               0.650E+003
 RTBSE|            1754           2.367                               0.650E+003
 RTBSE|            1755           2.343                               0.650E+003
 RTBSE|            1756           2.339                               0.650E+003
 RTBSE|            1757           2.317                               0.650E+003
 RTBSE|            1758           2.390                               0.650E+003
 RTBSE|            1759           2.421                               0.650E+003
 RTBSE|            1760           2.367                               0.650E+003
 RTBSE|            1761           2.393                               0.650E+003
 RTBSE|            1762           2.467                               0.650E+003
 RTBSE|            1763           2.580                               0.650E+003
 RTBSE|            1764           2.348                               0.650E+003
 RTBSE|            1765           2.390                               0.650E+003
 RTBSE|            1766           2.317                               0.650E+003
 RTBSE|            1767           2.353                               0.650E+003
 RTBSE|            1768           2.518                               0.650E+003
 RTBSE|            1769           2.470                               0.650E+003
 RTBSE|            1770           2.358                               0.650E+003
 RTBSE|            1771           2.436                               0.650E+003
 RTBSE|            1772           2.327                               0.650E+003
 RTBSE|            1773           2.374                               0.650E+003
 RTBSE|            1774           2.422                               0.650E+003
 RTBSE|            1775           2.355                               0.650E+003
 RTBSE|            1776           2.332                               0.650E+003
 RTBSE|            1777           2.327                               0.650E+003
 RTBSE|            1778           2.406                               0.650E+003
 RTBSE|            1779           2.355                               0.650E+003
 RTBSE|            1780           2.370                               0.650E+003
 RTBSE|            1781           2.434                               0.650E+003
 RTBSE|            1782           2.329                               0.650E+003
 RTBSE|            1783           2.370                               0.650E+003
 RTBSE|            1784           2.394                               0.650E+003
 RTBSE|            1785           2.393                               0.650E+003
 RTBSE|            1786           2.359                               0.650E+003
 RTBSE|            1787           2.522                               0.650E+003
 RTBSE|            1788           2.509                               0.650E+003
 RTBSE|            1789           2.382                               0.650E+003
 RTBSE|            1790           2.336                               0.650E+003
 RTBSE|            1791           2.364                               0.650E+003
 RTBSE|            1792           2.363                               0.650E+003
 RTBSE|            1793           2.502                               0.650E+003
 RTBSE|            1794           2.428                               0.650E+003
 RTBSE|            1795           2.373                               0.650E+003
 RTBSE|            1796           2.415                               0.650E+003
 RTBSE|            1797           2.374                               0.650E+003
 RTBSE|            1798           2.360                               0.650E+003
 RTBSE|            1799           2.324                               0.650E+003
 RTBSE|            1800           2.443                               0.650E+003
 RTBSE|            1801           2.356                               0.650E+003
 RTBSE|            1802           2.330                               0.650E+003
 RTBSE|            1803           2.353                               0.650E+003
 RTBSE|            1804           2.355                               0.650E+003
 RTBSE|            1805           2.492                               0.650E+003
 RTBSE|            1806           2.370                               0.650E+003
 RTBSE|            1807           2.365                               0.650E+003
 RTBSE|            1808           2.370                               0.650E+003
 RTBSE|            1809           2.400                               0.650E+003
 RTBSE|            1810           2.354                               0.650E+003
 RTBSE|            1811           2.382                               0.650E+003
 RTBSE|            1812           2.480                               0.650E+003
 RTBSE|            1813           2.553                               0.650E+003
 RTBSE|            1814           2.385                               0.650E+003
 RTBSE|            1815           2.345                               0.650E+003
 RTBSE|            1816           2.379                               0.650E+003
 RTBSE|            1817           2.393                               0.650E+003
 RTBSE|            1818           2.489                               0.650E+003
 RTBSE|            1819           2.566                               0.650E+003
 RTBSE|            1820           2.344                               0.650E+003
 RTBSE|            1821           2.420                               0.650E+003
 RTBSE|            1822           2.323                               0.650E+003
 RTBSE|            1823           2.363                               0.650E+003
 RTBSE|            1824           2.405                               0.650E+003
 RTBSE|            1825           2.425                               0.650E+003
 RTBSE|            1826           2.357                               0.650E+003
 RTBSE|            1827           2.372                               0.650E+003
 RTBSE|            1828           2.351                               0.650E+003
 RTBSE|            1829           2.408                               0.650E+003
 RTBSE|            1830           2.340                               0.650E+003
 RTBSE|            1831           2.365                               0.650E+003
 RTBSE|            1832           2.382                               0.650E+003
 RTBSE|            1833           2.403                               0.650E+003
 RTBSE|            1834           2.404                               0.650E+003
 RTBSE|            1835           2.334                               0.650E+003
 RTBSE|            1836           2.377                               0.650E+003
 RTBSE|            1837           2.505                               0.650E+003
 RTBSE|            1838           2.500                               0.650E+003
 RTBSE|            1839           2.378                               0.650E+003
 RTBSE|            1840           2.397                               0.650E+003
 RTBSE|            1841           2.362                               0.650E+003
 RTBSE|            1842           2.334                               0.650E+003
 RTBSE|            1843           2.489                               0.650E+003
 RTBSE|            1844           2.519                               0.650E+003
 RTBSE|            1845           2.378                               0.650E+003
 RTBSE|            1846           2.385                               0.650E+003
 RTBSE|            1847           2.344                               0.650E+003
 RTBSE|            1848           2.391                               0.650E+003
 RTBSE|            1849           2.333                               0.650E+003
 RTBSE|            1850           2.443                               0.650E+003
 RTBSE|            1851           2.359                               0.650E+003
 RTBSE|            1852           2.338                               0.650E+003
 RTBSE|            1853           2.349                               0.650E+003
 RTBSE|            1854           2.370                               0.650E+003
 RTBSE|            1855           2.337                               0.650E+003
 RTBSE|            1856           2.442                               0.650E+003
 RTBSE|            1857           2.332                               0.650E+003
 RTBSE|            1858           2.472                               0.650E+003
 RTBSE|            1859           2.344                               0.650E+003
 RTBSE|            1860           2.407                               0.650E+003
 RTBSE|            1861           2.329                               0.650E+003
 RTBSE|            1862           2.456                               0.650E+003
 RTBSE|            1863           2.437                               0.650E+003
 RTBSE|            1864           2.350                               0.650E+003
 RTBSE|            1865           2.400                               0.650E+003
 RTBSE|            1866           2.362                               0.650E+003
 RTBSE|            1867           2.377                               0.650E+003
 RTBSE|            1868           2.451                               0.650E+003
 RTBSE|            1869           2.492                               0.650E+003
 RTBSE|            1870           2.395                               0.650E+003
 RTBSE|            1871           2.452                               0.650E+003
 RTBSE|            1872           2.322                               0.650E+003
 RTBSE|            1873           2.332                               0.650E+003
 RTBSE|            1874           2.336                               0.650E+003
 RTBSE|            1875           2.422                               0.650E+003
 RTBSE|            1876           2.374                               0.650E+003
 RTBSE|            1877           2.388                               0.650E+003
 RTBSE|            1878           2.326                               0.650E+003
 RTBSE|            1879           2.352                               0.650E+003
 RTBSE|            1880           2.414                               0.650E+003
 RTBSE|            1881           2.389                               0.650E+003
 RTBSE|            1882           2.339                               0.650E+003
 RTBSE|            1883           2.442                               0.650E+003
 RTBSE|            1884           2.395                               0.650E+003
 RTBSE|            1885           2.333                               0.650E+003
 RTBSE|            1886           2.359                               0.650E+003
 RTBSE|            1887           2.502                               0.650E+003
 RTBSE|            1888           2.558                               0.650E+003
 RTBSE|            1889           2.354                               0.650E+003
 RTBSE|            1890           2.366                               0.650E+003
 RTBSE|            1891           2.342                               0.650E+003
 RTBSE|            1892           2.392                               0.650E+003
 RTBSE|            1893           2.518                               0.650E+003
 RTBSE|            1894           2.541                               0.650E+003
 RTBSE|            1895           2.387                               0.650E+003
 RTBSE|            1896           2.423                               0.650E+003
 RTBSE|            1897           2.397                               0.650E+003
 RTBSE|            1898           2.344                               0.650E+003
 RTBSE|            1899           2.336                               0.650E+003
 RTBSE|            1900           2.470                               0.650E+003
 RTBSE|            1901           2.327                               0.650E+003
 RTBSE|            1902           2.347                               0.650E+003
 RTBSE|            1903           2.392                               0.650E+003
 RTBSE|            1904           2.334                               0.650E+003
 RTBSE|            1905           2.367                               0.650E+003
 RTBSE|            1906           2.372                               0.650E+003
 RTBSE|            1907           2.407                               0.650E+003
 RTBSE|            1908           2.418                               0.650E+003
 RTBSE|            1909           2.352                               0.650E+003
 RTBSE|            1910           2.416                               0.650E+003
 RTBSE|            1911           2.368                               0.650E+003
 RTBSE|            1912           2.474                               0.650E+003
 RTBSE|            1913           2.513                               0.650E+003
 RTBSE|            1914           2.340                               0.650E+003
 RTBSE|            1915           2.361                               0.650E+003
 RTBSE|            1916           2.395                               0.650E+003
 RTBSE|            1917           2.329                               0.650E+003
 RTBSE|            1918           2.541                               0.650E+003
 RTBSE|            1919           2.453                               0.650E+003
 RTBSE|            1920           2.400                               0.650E+003
 RTBSE|            1921           2.418                               0.650E+003
 RTBSE|            1922           2.353                               0.650E+003
 RTBSE|            1923           2.405                               0.650E+003
 RTBSE|            1924           2.315                               0.650E+003
 RTBSE|            1925           2.417                               0.650E+003
 RTBSE|            1926           2.338                               0.650E+003
 RTBSE|            1927           2.337                               0.650E+003
 RTBSE|            1928           2.319                               0.650E+003
 RTBSE|            1929           2.403                               0.650E+003
 RTBSE|            1930           2.333                               0.650E+003
 RTBSE|            1931           2.413                               0.650E+003
 RTBSE|            1932           2.355                               0.650E+003
 RTBSE|            1933           2.427                               0.650E+003
 RTBSE|            1934           2.408                               0.650E+003
 RTBSE|            1935           2.362                               0.650E+003
 RTBSE|            1936           2.392                               0.650E+003
 RTBSE|            1937           2.502                               0.650E+003
 RTBSE|            1938           2.515                               0.650E+003
 RTBSE|            1939           2.326                               0.650E+003
 RTBSE|            1940           2.368                               0.650E+003
 RTBSE|            1941           2.335                               0.650E+003
 RTBSE|            1942           2.390                               0.650E+003
 RTBSE|            1943           2.459                               0.650E+003
 RTBSE|            1944           2.501                               0.650E+003
 RTBSE|            1945           2.356                               0.650E+003
 RTBSE|            1946           2.449                               0.650E+003
 RTBSE|            1947           2.341                               0.650E+003
 RTBSE|            1948           2.355                               0.650E+003
 RTBSE|            1949           2.352                               0.650E+003
 RTBSE|            1950           2.436                               0.650E+003
 RTBSE|            1951           2.345                               0.650E+003
 RTBSE|            1952           2.373                               0.650E+003
 RTBSE|            1953           2.322                               0.650E+003
 RTBSE|            1954           2.339                               0.650E+003
 RTBSE|            1955           2.442                               0.650E+003
 RTBSE|            1956           2.370                               0.650E+003
 RTBSE|            1957           2.326                               0.650E+003
 RTBSE|            1958           2.429                               0.650E+003
 RTBSE|            1959           2.380                               0.650E+003
 RTBSE|            1960           2.369                               0.650E+003
 RTBSE|            1961           2.348                               0.650E+003
 RTBSE|            1962           2.521                               0.650E+003
 RTBSE|            1963           2.457                               0.650E+003
 RTBSE|            1964           2.332                               0.650E+003
 RTBSE|            1965           2.370                               0.650E+003
 RTBSE|            1966           2.342                               0.650E+003
 RTBSE|            1967           2.320                               0.650E+003
 RTBSE|            1968           2.531                               0.650E+003
 RTBSE|            1969           2.505                               0.650E+003
 RTBSE|            1970           2.377                               0.650E+003
 RTBSE|            1971           2.446                               0.650E+003
 RTBSE|            1972           2.370                               0.650E+003
 RTBSE|            1973           2.441                               0.650E+003
 RTBSE|            1974           2.335                               0.650E+003
 RTBSE|            1975           2.430                               0.650E+003
 RTBSE|            1976           2.396                               0.650E+003
 RTBSE|            1977           2.332                               0.650E+003
 RTBSE|            1978           2.379                               0.650E+003
 RTBSE|            1979           2.337                               0.650E+003
 RTBSE|            1980           2.335                               0.650E+003
 RTBSE|            1981           2.343                               0.650E+003
 RTBSE|            1982           2.357                               0.650E+003
 RTBSE|            1983           2.383                               0.650E+003
 RTBSE|            1984           2.411                               0.650E+003
 RTBSE|            1985           2.340                               0.650E+003
 RTBSE|            1986           2.420                               0.650E+003
 RTBSE|            1987           2.487                               0.650E+003
 RTBSE|            1988           2.577                               0.650E+003
 RTBSE|            1989           2.360                               0.650E+003
 RTBSE|            1990           2.372                               0.650E+003
 RTBSE|            1991           2.382                               0.650E+003
 RTBSE|            1992           2.318                               0.650E+003
 RTBSE|            1993           2.536                               0.650E+003
 RTBSE|            1994           2.507                               0.650E+003
 RTBSE|            1995           2.432                               0.650E+003
 RTBSE|            1996           2.366                               0.650E+003
 RTBSE|            1997           2.369                               0.650E+003
 RTBSE|            1998           2.403                               0.650E+003
 RTBSE|            1999           2.395                               0.650E+003
 RTBSE|            2000           2.408                               0.650E+003
 RTBSE|            2001           2.343                               0.650E+003
 RTBSE|            2002           2.363                               0.650E+003
 RTBSE|            2003           2.353                               0.650E+003
 RTBSE|            2004           2.382                               0.650E+003
 RTBSE|            2005           2.377                               0.650E+003
 RTBSE|            2006           2.448                               0.650E+003
 RTBSE|            2007           2.355                               0.650E+003
 RTBSE|            2008           2.396                               0.650E+003
 RTBSE|            2009           2.345                               0.650E+003
 RTBSE|            2010           2.320                               0.650E+003
 RTBSE|            2011           2.401                               0.650E+003
 RTBSE|            2012           2.701                               0.650E+003
 RTBSE|            2013           2.404                               0.650E+003
 RTBSE|            2014           2.404                               0.650E+003
 RTBSE|            2015           2.410                               0.650E+003
 RTBSE|            2016           2.369                               0.650E+003
 RTBSE|            2017           2.350                               0.650E+003
 RTBSE|            2018           2.417                               0.650E+003
 RTBSE|            2019           2.490                               0.650E+003
 RTBSE|            2020           2.393                               0.650E+003
 RTBSE|            2021           2.405                               0.650E+003
 RTBSE|            2022           2.369                               0.650E+003
 RTBSE|            2023           2.396                               0.650E+003
 RTBSE|            2024           2.332                               0.650E+003
 RTBSE|            2025           2.468                               0.650E+003
 RTBSE|            2026           2.357                               0.650E+003
 RTBSE|            2027           2.329                               0.650E+003
 RTBSE|            2028           2.482                               0.650E+003
 RTBSE|            2029           2.350                               0.650E+003
 RTBSE|            2030           2.427                               0.650E+003
 RTBSE|            2031           2.357                               0.650E+003
 RTBSE|            2032           2.337                               0.650E+003
 RTBSE|            2033           2.391                               0.650E+003
 RTBSE|            2034           2.368                               0.650E+003
 RTBSE|            2035           2.395                               0.650E+003
 RTBSE|            2036           2.387                               0.650E+003
 RTBSE|            2037           2.626                               0.650E+003
 RTBSE|            2038           2.394                               0.650E+003
 RTBSE|            2039           2.365                               0.650E+003
 RTBSE|            2040           2.363                               0.650E+003
 RTBSE|            2041           2.374                               0.650E+003
 RTBSE|            2042           2.448                               0.650E+003
 RTBSE|            2043           2.608                               0.650E+003
 RTBSE|            2044           2.401                               0.650E+003
 RTBSE|            2045           2.380                               0.650E+003
 RTBSE|            2046           2.373                               0.650E+003
 RTBSE|            2047           2.428                               0.650E+003
 RTBSE|            2048           2.341                               0.650E+003
 RTBSE|            2049           2.377                               0.650E+003
 RTBSE|            2050           2.417                               0.650E+003
 RTBSE|            2051           2.337                               0.650E+003
 RTBSE|            2052           2.369                               0.650E+003
 RTBSE|            2053           2.355                               0.650E+003
 RTBSE|            2054           2.363                               0.650E+003
 RTBSE|            2055           2.419                               0.650E+003
 RTBSE|            2056           2.354                               0.650E+003
 RTBSE|            2057           2.415                               0.650E+003
 RTBSE|            2058           2.379                               0.650E+003
 RTBSE|            2059           2.362                               0.650E+003
 RTBSE|            2060           2.379                               0.650E+003
 RTBSE|            2061           2.331                               0.650E+003
 RTBSE|            2062           2.649                               0.650E+003
 RTBSE|            2063           2.382                               0.650E+003
 RTBSE|            2064           2.344                               0.650E+003
 RTBSE|            2065           2.411                               0.650E+003
 RTBSE|            2066           2.366                               0.650E+003
 RTBSE|            2067           2.522                               0.650E+003
 RTBSE|            2068           2.520                               0.650E+003
 RTBSE|            2069           2.356                               0.650E+003
 RTBSE|            2070           2.412                               0.650E+003
 RTBSE|            2071           2.334                               0.650E+003
 RTBSE|            2072           2.353                               0.650E+003
 RTBSE|            2073           2.401                               0.650E+003
 RTBSE|            2074           2.339                               0.650E+003
 RTBSE|            2075           2.366                               0.650E+003
 RTBSE|            2076           2.336                               0.650E+003
 RTBSE|            2077           2.330                               0.650E+003
 RTBSE|            2078           2.389                               0.650E+003
 RTBSE|            2079           2.356                               0.650E+003
 RTBSE|            2080           2.387                               0.650E+003
 RTBSE|            2081           2.487                               0.650E+003
 RTBSE|            2082           2.378                               0.650E+003
 RTBSE|            2083           2.373                               0.650E+003
 RTBSE|            2084           2.381                               0.650E+003
 RTBSE|            2085           2.333                               0.650E+003
 RTBSE|            2086           2.338                               0.650E+003
 RTBSE|            2087           2.695                               0.650E+003
 RTBSE|            2088           2.334                               0.650E+003
 RTBSE|            2089           2.337                               0.650E+003
 RTBSE|            2090           2.363                               0.650E+003
 RTBSE|            2091           2.362                               0.650E+003
 RTBSE|            2092           2.553                               0.650E+003
 RTBSE|            2093           2.470                               0.650E+003
 RTBSE|            2094           2.455                               0.650E+003
 RTBSE|            2095           2.445                               0.650E+003
 RTBSE|            2096           2.353                               0.650E+003
 RTBSE|            2097           2.429                               0.650E+003
 RTBSE|            2098           2.387                               0.650E+003
 RTBSE|            2099           2.359                               0.650E+003
 RTBSE|            2100           2.418                               0.650E+003
 RTBSE|            2101           2.326                               0.650E+003
 RTBSE|            2102           2.337                               0.650E+003
 RTBSE|            2103           2.335                               0.650E+003
 RTBSE|            2104           2.335                               0.650E+003
 RTBSE|            2105           2.483                               0.650E+003
 RTBSE|            2106           2.374                               0.650E+003
 RTBSE|            2107           2.361                               0.650E+003
 RTBSE|            2108           2.465                               0.650E+003
 RTBSE|            2109           2.358                               0.650E+003
 RTBSE|            2110           2.369                               0.650E+003
 RTBSE|            2111           2.387                               0.650E+003
 RTBSE|            2112           2.583                               0.650E+003
 RTBSE|            2113           2.317                               0.650E+003
 RTBSE|            2114           2.325                               0.650E+003
 RTBSE|            2115           2.340                               0.650E+003
 RTBSE|            2116           2.339                               0.650E+003
 RTBSE|            2117           2.471                               0.650E+003
 RTBSE|            2118           2.627                               0.650E+003
 RTBSE|            2119           2.389                               0.650E+003
 RTBSE|            2120           2.473                               0.650E+003
 RTBSE|            2121           2.385                               0.650E+003
 RTBSE|            2122           2.410                               0.650E+003
 RTBSE|            2123           2.370                               0.650E+003
 RTBSE|            2124           2.396                               0.650E+003
 RTBSE|            2125           2.426                               0.650E+003
 RTBSE|            2126           2.327                               0.650E+003
 RTBSE|            2127           2.335                               0.650E+003
 RTBSE|            2128           2.335                               0.650E+003
 RTBSE|            2129           2.321                               0.650E+003
 RTBSE|            2130           2.377                               0.650E+003
 RTBSE|            2131           2.337                               0.650E+003
 RTBSE|            2132           2.341                               0.650E+003
 RTBSE|            2133           2.439                               0.650E+003
 RTBSE|            2134           2.376                               0.650E+003
 RTBSE|            2135           2.481                               0.650E+003
 RTBSE|            2136           2.384                               0.650E+003
 RTBSE|            2137           2.684                               0.650E+003
 RTBSE|            2138           2.338                               0.650E+003
 RTBSE|            2139           2.359                               0.650E+003
 RTBSE|            2140           2.329                               0.650E+003
 RTBSE|            2141           2.325                               0.650E+003
 RTBSE|            2142           2.538                               0.650E+003
 RTBSE|            2143           2.492                               0.650E+003
 RTBSE|            2144           2.344                               0.650E+003
 RTBSE|            2145           2.452                               0.650E+003
 RTBSE|            2146           2.364                               0.650E+003
 RTBSE|            2147           2.403                               0.650E+003
 RTBSE|            2148           2.384                               0.650E+003
 RTBSE|            2149           2.376                               0.650E+003
 RTBSE|            2150           2.336                               0.650E+003
 RTBSE|            2151           2.340                               0.650E+003
 RTBSE|            2152           2.330                               0.650E+003
 RTBSE|            2153           2.334                               0.650E+003
 RTBSE|            2154           2.330                               0.650E+003
 RTBSE|            2155           2.408                               0.650E+003
 RTBSE|            2156           2.382                               0.650E+003
 RTBSE|            2157           2.360                               0.650E+003
 RTBSE|            2158           2.423                               0.650E+003
 RTBSE|            2159           2.376                               0.650E+003
 RTBSE|            2160           2.421                               0.650E+003
 RTBSE|            2161           2.340                               0.650E+003
 RTBSE|            2162           2.686                               0.650E+003
 RTBSE|            2163           2.323                               0.650E+003
 RTBSE|            2164           2.356                               0.650E+003
 RTBSE|            2165           2.322                               0.650E+003
 RTBSE|            2166           2.333                               0.650E+003
 RTBSE|            2167           2.435                               0.650E+003
 RTBSE|            2168           2.486                               0.650E+003
 RTBSE|            2169           2.347                               0.650E+003
 RTBSE|            2170           2.367                               0.650E+003
 RTBSE|            2171           2.385                               0.650E+003
 RTBSE|            2172           2.428                               0.650E+003
 RTBSE|            2173           2.355                               0.650E+003
 RTBSE|            2174           2.401                               0.650E+003
 RTBSE|            2175           2.487                               0.650E+003
 RTBSE|            2176           2.355                               0.650E+003
 RTBSE|            2177           2.336                               0.650E+003
 RTBSE|            2178           2.341                               0.650E+003
 RTBSE|            2179           2.326                               0.650E+003
 RTBSE|            2180           2.435                               0.650E+003
 RTBSE|            2181           2.320                               0.650E+003
 RTBSE|            2182           2.322                               0.650E+003
 RTBSE|            2183           2.415                               0.650E+003
 RTBSE|            2184           2.347                               0.650E+003
 RTBSE|            2185           2.365                               0.650E+003
 RTBSE|            2186           2.371                               0.650E+003
 RTBSE|            2187           2.602                               0.650E+003
 RTBSE|            2188           2.398                               0.650E+003
 RTBSE|            2189           2.387                               0.650E+003
 RTBSE|            2190           2.335                               0.650E+003
 RTBSE|            2191           2.338                               0.650E+003
 RTBSE|            2192           2.494                               0.650E+003
 RTBSE|            2193           2.579                               0.650E+003
 RTBSE|            2194           2.336                               0.650E+003
 RTBSE|            2195           2.414                               0.650E+003
 RTBSE|            2196           2.331                               0.650E+003
 RTBSE|            2197           2.328                               0.650E+003
 RTBSE|            2198           2.393                               0.650E+003
 RTBSE|            2199           2.363                               0.650E+003
 RTBSE|            2200           2.471                               0.650E+003
 RTBSE|            2201           2.449                               0.650E+003
 RTBSE|            2202           2.366                               0.650E+003
 RTBSE|            2203           2.373                               0.650E+003
 RTBSE|            2204           2.383                               0.650E+003
 RTBSE|            2205           2.376                               0.650E+003
 RTBSE|            2206           2.330                               0.650E+003
 RTBSE|            2207           2.365                               0.650E+003
 RTBSE|            2208           2.377                               0.650E+003
 RTBSE|            2209           2.336                               0.650E+003
 RTBSE|            2210           2.370                               0.650E+003
 RTBSE|            2211           2.329                               0.650E+003
 RTBSE|            2212           2.658                               0.650E+003
 RTBSE|            2213           2.381                               0.650E+003
 RTBSE|            2214           2.485                               0.650E+003
 RTBSE|            2215           2.363                               0.650E+003
 RTBSE|            2216           2.380                               0.650E+003
 RTBSE|            2217           2.559                               0.650E+003
 RTBSE|            2218           2.469                               0.650E+003
 RTBSE|            2219           2.365                               0.650E+003
 RTBSE|            2220           2.382                               0.650E+003
 RTBSE|            2221           2.329                               0.650E+003
 RTBSE|            2222           2.347                               0.650E+003
 RTBSE|            2223           2.328                               0.650E+003
 RTBSE|            2224           2.331                               0.650E+003
 RTBSE|            2225           2.384                               0.650E+003
 RTBSE|            2226           2.427                               0.650E+003
 RTBSE|            2227           2.366                               0.650E+003
 RTBSE|            2228           2.399                               0.650E+003
 RTBSE|            2229           2.375                               0.650E+003
 RTBSE|            2230           2.447                               0.650E+003
 RTBSE|            2231           2.376                               0.650E+003
 RTBSE|            2232           2.388                               0.650E+003
 RTBSE|            2233           2.363                               0.650E+003
 RTBSE|            2234           2.338                               0.650E+003
 RTBSE|            2235           2.361                               0.650E+003
 RTBSE|            2236           2.320                               0.650E+003
 RTBSE|            2237           2.600                               0.650E+003
 RTBSE|            2238           2.344                               0.650E+003
 RTBSE|            2239           2.367                               0.650E+003
 RTBSE|            2240           2.384                               0.650E+003
 RTBSE|            2241           2.460                               0.650E+003
 RTBSE|            2242           2.504                               0.650E+003
 RTBSE|            2243           2.511                               0.650E+003
 RTBSE|            2244           2.345                               0.650E+003
 RTBSE|            2245           2.407                               0.650E+003
 RTBSE|            2246           2.330                               0.650E+003
 RTBSE|            2247           2.391                               0.650E+003
 RTBSE|            2248           2.319                               0.650E+003
 RTBSE|            2249           2.333                               0.650E+003
 RTBSE|            2250           2.397                               0.650E+003
 RTBSE|            2251           2.327                               0.650E+003
 RTBSE|            2252           2.358                               0.650E+003
 RTBSE|            2253           2.380                               0.650E+003
 RTBSE|            2254           2.370                               0.650E+003
 RTBSE|            2255           2.515                               0.650E+003
 RTBSE|            2256           2.321                               0.650E+003
 RTBSE|            2257           2.358                               0.650E+003
 RTBSE|            2258           2.378                               0.650E+003
 RTBSE|            2259           2.339                               0.650E+003
 RTBSE|            2260           2.383                               0.650E+003
 RTBSE|            2261           2.325                               0.650E+003
 RTBSE|            2262           2.563                               0.650E+003
 RTBSE|            2263           2.334                               0.650E+003
 RTBSE|            2264           2.358                               0.650E+003
 RTBSE|            2265           2.367                               0.650E+003
 RTBSE|            2266           2.394                               0.650E+003
 RTBSE|            2267           2.562                               0.650E+003
 RTBSE|            2268           2.702                               0.650E+003
 RTBSE|            2269           2.355                               0.650E+003
 RTBSE|            2270           2.439                               0.650E+003
 RTBSE|            2271           2.328                               0.650E+003
 RTBSE|            2272           2.370                               0.650E+003
 RTBSE|            2273           2.348                               0.650E+003
 RTBSE|            2274           2.349                               0.650E+003
 RTBSE|            2275           2.386                               0.650E+003
 RTBSE|            2276           2.332                               0.650E+003
 RTBSE|            2277           2.336                               0.650E+003
 RTBSE|            2278           2.344                               0.650E+003
 RTBSE|            2279           2.416                               0.650E+003
 RTBSE|            2280           2.428                               0.650E+003
 RTBSE|            2281           2.442                               0.650E+003
 RTBSE|            2282           2.459                               0.650E+003
 RTBSE|            2283           2.376                               0.650E+003
 RTBSE|            2284           2.380                               0.650E+003
 RTBSE|            2285           2.342                               0.650E+003
 RTBSE|            2286           2.335                               0.650E+003
 RTBSE|            2287           2.704                               0.650E+003
 RTBSE|            2288           2.323                               0.650E+003
 RTBSE|            2289           2.339                               0.650E+003
 RTBSE|            2290           2.319                               0.650E+003
 RTBSE|            2291           2.352                               0.650E+003
 RTBSE|            2292           2.555                               0.650E+003
 RTBSE|            2293           2.565                               0.650E+003
 RTBSE|            2294           2.451                               0.650E+003
 RTBSE|            2295           2.421                               0.650E+003
 RTBSE|            2296           2.348                               0.650E+003
 RTBSE|            2297           2.346                               0.650E+003
 RTBSE|            2298           2.328                               0.650E+003
 RTBSE|            2299           2.362                               0.650E+003
 RTBSE|            2300           2.337                               0.650E+003
 RTBSE|            2301           2.319                               0.650E+003
 RTBSE|            2302           2.338                               0.650E+003
 RTBSE|            2303           2.348                               0.650E+003
 RTBSE|            2304           2.351                               0.650E+003
 RTBSE|            2305           2.406                               0.650E+003
 RTBSE|            2306           2.467                               0.650E+003
 RTBSE|            2307           2.408                               0.650E+003
 RTBSE|            2308           2.439                               0.650E+003
 RTBSE|            2309           2.360                               0.650E+003
 RTBSE|            2310           2.409                               0.650E+003
 RTBSE|            2311           2.327                               0.650E+003
 RTBSE|            2312           2.652                               0.650E+003
 RTBSE|            2313           2.336                               0.650E+003
 RTBSE|            2314           2.363                               0.650E+003
 RTBSE|            2315           2.327                               0.650E+003
 RTBSE|            2316           2.336                               0.650E+003
 RTBSE|            2317           2.449                               0.650E+003
 RTBSE|            2318           2.458                               0.650E+003
 RTBSE|            2319           2.456                               0.650E+003
 RTBSE|            2320           2.431                               0.650E+003
 RTBSE|            2321           2.368                               0.650E+003
 RTBSE|            2322           2.453                               0.650E+003
 RTBSE|            2323           2.335                               0.650E+003
 RTBSE|            2324           2.347                               0.650E+003
 RTBSE|            2325           2.418                               0.650E+003
 RTBSE|            2326           2.329                               0.650E+003
 RTBSE|            2327           2.330                               0.650E+003
 RTBSE|            2328           2.351                               0.650E+003
 RTBSE|            2329           2.342                               0.650E+003
 RTBSE|            2330           2.421                               0.650E+003
 RTBSE|            2331           2.331                               0.650E+003
 RTBSE|            2332           2.389                               0.650E+003
 RTBSE|            2333           2.855                               0.650E+003
 RTBSE|            2334           2.379                               0.650E+003
 RTBSE|            2335           2.436                               0.650E+003
 RTBSE|            2336           2.377                               0.650E+003
 RTBSE|            2337           2.612                               0.650E+003
 RTBSE|            2338           2.327                               0.650E+003
 RTBSE|            2339           2.327                               0.650E+003
 RTBSE|            2340           2.336                               0.650E+003
 RTBSE|            2341           2.328                               0.650E+003
 RTBSE|            2342           2.415                               0.650E+003
 RTBSE|            2343           2.547                               0.650E+003
 RTBSE|            2344           2.366                               0.650E+003
 RTBSE|            2345           2.397                               0.650E+003
 RTBSE|            2346           2.510                               0.650E+003
 RTBSE|            2347           2.375                               0.650E+003
 RTBSE|            2348           2.363                               0.650E+003
 RTBSE|            2349           2.483                               0.650E+003
 RTBSE|            2350           2.323                               0.650E+003
 RTBSE|            2351           2.321                               0.650E+003
 RTBSE|            2352           2.333                               0.650E+003
 RTBSE|            2353           2.343                               0.650E+003
 RTBSE|            2354           2.351                               0.650E+003
 RTBSE|            2355           2.347                               0.650E+003
 RTBSE|            2356           2.330                               0.650E+003
 RTBSE|            2357           2.397                               0.650E+003
 RTBSE|            2358           2.327                               0.650E+003
 RTBSE|            2359           2.474                               0.650E+003
 RTBSE|            2360           2.393                               0.650E+003
 RTBSE|            2361           2.438                               0.650E+003
 RTBSE|            2362           2.671                               0.650E+003
 RTBSE|            2363           2.323                               0.650E+003
 RTBSE|            2364           2.330                               0.650E+003
 RTBSE|            2365           2.326                               0.650E+003
 RTBSE|            2366           2.388                               0.650E+003
 RTBSE|            2367           2.523                               0.650E+003
 RTBSE|            2368           2.512                               0.650E+003
 RTBSE|            2369           2.369                               0.650E+003
 RTBSE|            2370           2.354                               0.650E+003
 RTBSE|            2371           2.344                               0.650E+003
 RTBSE|            2372           2.487                               0.650E+003
 RTBSE|            2373           2.430                               0.650E+003
 RTBSE|            2374           2.433                               0.650E+003
 RTBSE|            2375           2.382                               0.650E+003
 RTBSE|            2376           2.332                               0.650E+003
 RTBSE|            2377           2.321                               0.650E+003
 RTBSE|            2378           2.337                               0.650E+003
 RTBSE|            2379           2.356                               0.650E+003
 RTBSE|            2380           2.437                               0.650E+003
 RTBSE|            2381           2.335                               0.650E+003
 RTBSE|            2382           2.378                               0.650E+003
 RTBSE|            2383           2.376                               0.650E+003
 RTBSE|            2384           2.363                               0.650E+003
 RTBSE|            2385           2.376                               0.650E+003
 RTBSE|            2386           2.494                               0.650E+003
 RTBSE|            2387           2.684                               0.650E+003
 RTBSE|            2388           2.494                               0.650E+003
 RTBSE|            2389           2.364                               0.650E+003
 RTBSE|            2390           2.343                               0.650E+003
 RTBSE|            2391           2.328                               0.650E+003
 RTBSE|            2392           2.469                               0.650E+003
 RTBSE|            2393           2.461                               0.650E+003
 RTBSE|            2394           2.405                               0.650E+003
 RTBSE|            2395           2.391                               0.650E+003
 RTBSE|            2396           2.344                               0.650E+003
 RTBSE|            2397           2.345                               0.650E+003
 RTBSE|            2398           2.334                               0.650E+003
 RTBSE|            2399           2.473                               0.650E+003
 RTBSE|            2400           2.444                               0.650E+003
 RTBSE|            2401           2.406                               0.650E+003
 RTBSE|            2402           2.361                               0.650E+003
 RTBSE|            2403           2.344                               0.650E+003
 RTBSE|            2404           2.441                               0.650E+003
 RTBSE|            2405           2.324                               0.650E+003
 RTBSE|            2406           2.332                               0.650E+003
 RTBSE|            2407           2.424                               0.650E+003
 RTBSE|            2408           2.352                               0.650E+003
 RTBSE|            2409           2.331                               0.650E+003
 RTBSE|            2410           2.355                               0.650E+003
 RTBSE|            2411           2.358                               0.650E+003
 RTBSE|            2412           2.692                               0.650E+003
 RTBSE|            2413           2.414                               0.650E+003
 RTBSE|            2414           2.358                               0.650E+003
 RTBSE|            2415           2.405                               0.650E+003
 RTBSE|            2416           2.323                               0.650E+003
 RTBSE|            2417           2.430                               0.650E+003
 RTBSE|            2418           2.519                               0.650E+003
 RTBSE|            2419           2.406                               0.650E+003
 RTBSE|            2420           2.338                               0.650E+003
 RTBSE|            2421           2.325                               0.650E+003
 RTBSE|            2422           2.359                               0.650E+003
 RTBSE|            2423           2.322                               0.650E+003
 RTBSE|            2424           2.432                               0.650E+003
 RTBSE|            2425           2.402                               0.650E+003
 RTBSE|            2426           2.472                               0.650E+003
 RTBSE|            2427           2.329                               0.650E+003
 RTBSE|            2428           2.409                               0.650E+003
 RTBSE|            2429           2.354                               0.650E+003
 RTBSE|            2430           2.344                               0.650E+003
 RTBSE|            2431           2.327                               0.650E+003
 RTBSE|            2432           2.419                               0.650E+003
 RTBSE|            2433           2.327                               0.650E+003
 RTBSE|            2434           2.381                               0.650E+003
 RTBSE|            2435           2.327                               0.650E+003
 RTBSE|            2436           2.351                               0.650E+003
 RTBSE|            2437           2.567                               0.650E+003
 RTBSE|            2438           2.326                               0.650E+003
 RTBSE|            2439           2.472                               0.650E+003
 RTBSE|            2440           2.382                               0.650E+003
 RTBSE|            2441           2.352                               0.650E+003
 RTBSE|            2442           2.509                               0.650E+003
 RTBSE|            2443           2.842                               0.650E+003
 RTBSE|            2444           2.415                               0.650E+003
 RTBSE|            2445           2.336                               0.650E+003
 RTBSE|            2446           2.364                               0.650E+003
 RTBSE|            2447           2.337                               0.650E+003
 RTBSE|            2448           2.325                               0.650E+003
 RTBSE|            2449           2.371                               0.650E+003
 RTBSE|            2450           2.327                               0.650E+003
 RTBSE|            2451           2.329                               0.650E+003
 RTBSE|            2452           2.491                               0.650E+003
 RTBSE|            2453           2.410                               0.650E+003
 RTBSE|            2454           2.423                               0.650E+003
 RTBSE|            2455           2.406                               0.650E+003
 RTBSE|            2456           2.347                               0.650E+003
 RTBSE|            2457           2.402                               0.650E+003
 RTBSE|            2458           2.331                               0.650E+003
 RTBSE|            2459           2.343                               0.650E+003
 RTBSE|            2460           2.338                               0.650E+003
 RTBSE|            2461           2.400                               0.650E+003
 RTBSE|            2462           2.573                               0.650E+003
 RTBSE|            2463           2.325                               0.650E+003
 RTBSE|            2464           2.359                               0.650E+003
 RTBSE|            2465           2.508                               0.650E+003
 RTBSE|            2466           2.574                               0.650E+003
 RTBSE|            2467           2.563                               0.650E+003
 RTBSE|            2468           2.393                               0.650E+003
 RTBSE|            2469           2.384                               0.650E+003
 RTBSE|            2470           2.324                               0.650E+003
 RTBSE|            2471           2.376                               0.650E+003
 RTBSE|            2472           2.334                               0.650E+003
 RTBSE|            2473           2.333                               0.650E+003
 RTBSE|            2474           2.413                               0.650E+003
 RTBSE|            2475           2.329                               0.650E+003
 RTBSE|            2476           2.333                               0.650E+003
 RTBSE|            2477           2.332                               0.650E+003
 RTBSE|            2478           2.338                               0.650E+003
 RTBSE|            2479           2.584                               0.650E+003
 RTBSE|            2480           2.367                               0.650E+003
 RTBSE|            2481           2.477                               0.650E+003
 RTBSE|            2482           2.348                               0.650E+003
 RTBSE|            2483           2.379                               0.650E+003
 RTBSE|            2484           2.336                               0.650E+003
 RTBSE|            2485           2.336                               0.650E+003
 RTBSE|            2486           2.490                               0.650E+003
 RTBSE|            2487           2.417                               0.650E+003
 RTBSE|            2488           2.321                               0.650E+003
 RTBSE|            2489           2.347                               0.650E+003
 RTBSE|            2490           2.328                               0.650E+003
 RTBSE|            2491           2.337                               0.650E+003
 RTBSE|            2492           2.694                               0.650E+003
 RTBSE|            2493           2.466                               0.650E+003
 RTBSE|            2494           2.481                               0.650E+003
 RTBSE|            2495           2.332                               0.650E+003
 RTBSE|            2496           2.349                               0.650E+003
 RTBSE|            2497           2.334                               0.650E+003
 RTBSE|            2498           2.338                               0.650E+003
 RTBSE|            2499           2.389                               0.650E+003
 RTBSE|            2500           2.320                               0.650E+003
 RTBSE|            2501           2.330                               0.650E+003
 RTBSE|            2502           2.335                               0.650E+003
 RTBSE|            2503           2.348                               0.650E+003
 RTBSE|            2504           2.335                               0.650E+003
 RTBSE|            2505           2.361                               0.650E+003
 RTBSE|            2506           2.517                               0.650E+003
 RTBSE|            2507           2.368                               0.650E+003
 RTBSE|            2508           2.448                               0.650E+003
 RTBSE|            2509           2.400                               0.650E+003
 RTBSE|            2510           2.333                               0.650E+003
 RTBSE|            2511           2.516                               0.650E+003
 RTBSE|            2512           2.480                               0.650E+003
 RTBSE|            2513           2.323                               0.650E+003
 RTBSE|            2514           2.341                               0.650E+003
 RTBSE|            2515           2.335                               0.650E+003
 RTBSE|            2516           2.332                               0.650E+003
 RTBSE|            2517           2.494                               0.650E+003
 RTBSE|            2518           2.535                               0.650E+003
 RTBSE|            2519           2.544                               0.650E+003
 RTBSE|            2520           2.326                               0.650E+003
 RTBSE|            2521           2.419                               0.650E+003
 RTBSE|            2522           2.328                               0.650E+003
 RTBSE|            2523           2.339                               0.650E+003
 RTBSE|            2524           2.344                               0.650E+003
 RTBSE|            2525           2.329                               0.650E+003
 RTBSE|            2526           2.339                               0.650E+003
 RTBSE|            2527           2.328                               0.650E+003
 RTBSE|            2528           2.336                               0.650E+003
 RTBSE|            2529           2.358                               0.650E+003
 RTBSE|            2530           2.443                               0.650E+003
 RTBSE|            2531           2.331                               0.650E+003
 RTBSE|            2532           2.532                               0.650E+003
 RTBSE|            2533           2.456                               0.650E+003
 RTBSE|            2534           2.402                               0.650E+003
 RTBSE|            2535           2.377                               0.650E+003
 RTBSE|            2536           2.533                               0.650E+003
 RTBSE|            2537           2.520                               0.650E+003
 RTBSE|            2538           2.324                               0.650E+003
 RTBSE|            2539           2.355                               0.650E+003
 RTBSE|            2540           2.336                               0.650E+003
 RTBSE|            2541           2.327                               0.650E+003
 RTBSE|            2542           2.599                               0.650E+003
 RTBSE|            2543           2.390                               0.650E+003
 RTBSE|            2544           2.403                               0.650E+003
 RTBSE|            2545           2.473                               0.650E+003
 RTBSE|            2546           2.465                               0.650E+003
 RTBSE|            2547           2.354                               0.650E+003
 RTBSE|            2548           2.418                               0.650E+003
 RTBSE|            2549           2.431                               0.650E+003
 RTBSE|            2550           2.329                               0.650E+003
 RTBSE|            2551           2.327                               0.650E+003
 RTBSE|            2552           2.330                               0.650E+003
 RTBSE|            2553           2.339                               0.650E+003
 RTBSE|            2554           2.446                               0.650E+003
 RTBSE|            2555           2.346                               0.650E+003
 RTBSE|            2556           2.370                               0.650E+003
 RTBSE|            2557           2.387                               0.650E+003
 RTBSE|            2558           2.405                               0.650E+003
 RTBSE|            2559           2.439                               0.650E+003
 RTBSE|            2560           2.343                               0.650E+003
 RTBSE|            2561           2.586                               0.650E+003
 RTBSE|            2562           2.435                               0.650E+003
 RTBSE|            2563           2.326                               0.650E+003
 RTBSE|            2564           2.354                               0.650E+003
 RTBSE|            2565           2.341                               0.650E+003
 RTBSE|            2566           2.496                               0.650E+003
 RTBSE|            2567           2.476                               0.650E+003
 RTBSE|            2568           2.384                               0.650E+003
 RTBSE|            2569           2.394                               0.650E+003
 RTBSE|            2570           2.344                               0.650E+003
 RTBSE|            2571           2.392                               0.650E+003
 RTBSE|            2572           2.399                               0.650E+003
 RTBSE|            2573           2.444                               0.650E+003
 RTBSE|            2574           2.481                               0.650E+003
 RTBSE|            2575           2.337                               0.650E+003
 RTBSE|            2576           2.329                               0.650E+003
 RTBSE|            2577           2.347                               0.650E+003
 RTBSE|            2578           2.324                               0.650E+003
 RTBSE|            2579           2.355                               0.650E+003
 RTBSE|            2580           2.351                               0.650E+003
 RTBSE|            2581           2.351                               0.650E+003
 RTBSE|            2582           2.398                               0.650E+003
 RTBSE|            2583           2.328                               0.650E+003
 RTBSE|            2584           2.357                               0.650E+003
 RTBSE|            2585           2.399                               0.650E+003
 RTBSE|            2586           2.554                               0.650E+003
 RTBSE|            2587           2.487                               0.650E+003
 RTBSE|            2588           2.366                               0.650E+003
 RTBSE|            2589           2.350                               0.650E+003
 RTBSE|            2590           2.343                               0.650E+003
 RTBSE|            2591           2.499                               0.650E+003
 RTBSE|            2592           2.521                               0.650E+003
 RTBSE|            2593           2.348                               0.650E+003
 RTBSE|            2594           2.456                               0.650E+003
 RTBSE|            2595           2.331                               0.650E+003
 RTBSE|            2596           2.354                               0.650E+003
 RTBSE|            2597           2.346                               0.650E+003
 RTBSE|            2598           2.402                               0.650E+003
 RTBSE|            2599           2.481                               0.650E+003
 RTBSE|            2600           2.371                               0.650E+003
 RTBSE|            2601           2.336                               0.650E+003
 RTBSE|            2602           2.360                               0.650E+003
 RTBSE|            2603           2.323                               0.650E+003
 RTBSE|            2604           2.375                               0.650E+003
 RTBSE|            2605           2.446                               0.650E+003
 RTBSE|            2606           2.346                               0.650E+003
 RTBSE|            2607           2.366                               0.650E+003
 RTBSE|            2608           2.334                               0.650E+003
 RTBSE|            2609           2.335                               0.650E+003
 RTBSE|            2610           2.323                               0.650E+003
 RTBSE|            2611           2.537                               0.650E+003
 RTBSE|            2612           2.568                               0.650E+003
 RTBSE|            2613           2.434                               0.650E+003
 RTBSE|            2614           2.396                               0.650E+003
 RTBSE|            2615           2.367                               0.650E+003
 RTBSE|            2616           2.470                               0.650E+003
 RTBSE|            2617           2.414                               0.650E+003
 RTBSE|            2618           2.411                               0.650E+003
 RTBSE|            2619           2.403                               0.650E+003
 RTBSE|            2620           2.335                               0.650E+003
 RTBSE|            2621           2.341                               0.650E+003
 RTBSE|            2622           2.333                               0.650E+003
 RTBSE|            2623           2.341                               0.650E+003
 RTBSE|            2624           2.434                               0.650E+003
 RTBSE|            2625           2.453                               0.650E+003
 RTBSE|            2626           2.413                               0.650E+003
 RTBSE|            2627           2.417                               0.650E+003
 RTBSE|            2628           2.347                               0.650E+003
 RTBSE|            2629           2.428                               0.650E+003
 RTBSE|            2630           2.352                               0.650E+003
 RTBSE|            2631           2.353                               0.650E+003
 RTBSE|            2632           2.382                               0.650E+003
 RTBSE|            2633           2.343                               0.650E+003
 RTBSE|            2634           2.350                               0.650E+003
 RTBSE|            2635           2.330                               0.650E+003
 RTBSE|            2636           2.499                               0.650E+003
 RTBSE|            2637           2.434                               0.650E+003
 RTBSE|            2638           2.407                               0.650E+003
 RTBSE|            2639           2.430                               0.650E+003
 RTBSE|            2640           2.434                               0.650E+003
 RTBSE|            2641           2.520                               0.650E+003
 RTBSE|            2642           2.550                               0.650E+003
 RTBSE|            2643           2.351                               0.650E+003
 RTBSE|            2644           2.429                               0.650E+003
 RTBSE|            2645           2.326                               0.650E+003
 RTBSE|            2646           2.356                               0.650E+003
 RTBSE|            2647           2.344                               0.650E+003
 RTBSE|            2648           2.340                               0.650E+003
 RTBSE|            2649           2.451                               0.650E+003
 RTBSE|            2650           2.339                               0.650E+003
 RTBSE|            2651           2.427                               0.650E+003
 RTBSE|            2652           2.405                               0.650E+003
 RTBSE|            2653           2.409                               0.650E+003
 RTBSE|            2654           2.385                               0.650E+003
 RTBSE|            2655           2.362                               0.650E+003
 RTBSE|            2656           2.338                               0.650E+003
 RTBSE|            2657           2.395                               0.650E+003
 RTBSE|            2658           2.342                               0.650E+003
 RTBSE|            2659           2.364                               0.650E+003
 RTBSE|            2660           2.332                               0.650E+003
 RTBSE|            2661           2.650                               0.650E+003
 RTBSE|            2662           2.372                               0.650E+003
 RTBSE|            2663           2.353                               0.650E+003
 RTBSE|            2664           2.445                               0.650E+003
 RTBSE|            2665           2.383                               0.650E+003
 RTBSE|            2666           2.653                               0.650E+003
 RTBSE|            2667           2.530                               0.650E+003
 RTBSE|            2668           2.396                               0.650E+003
 RTBSE|            2669           2.383                               0.650E+003
 RTBSE|            2670           2.340                               0.650E+003
 RTBSE|            2671           2.341                               0.650E+003
 RTBSE|            2672           2.328                               0.650E+003
 RTBSE|            2673           2.345                               0.650E+003
 RTBSE|            2674           2.356                               0.650E+003
 RTBSE|            2675           2.335                               0.650E+003
 RTBSE|            2676           2.325                               0.650E+003
 RTBSE|            2677           2.383                               0.650E+003
 RTBSE|            2678           2.414                               0.650E+003
 RTBSE|            2679           2.366                               0.650E+003
 RTBSE|            2680           2.522                               0.650E+003
 RTBSE|            2681           2.350                               0.650E+003
 RTBSE|            2682           2.408                               0.650E+003
 RTBSE|            2683           2.333                               0.650E+003
 RTBSE|            2684           2.358                               0.650E+003
 RTBSE|            2685           2.331                               0.650E+003
 RTBSE|            2686           2.657                               0.650E+003
 RTBSE|            2687           2.347                               0.650E+003
 RTBSE|            2688           2.335                               0.650E+003
 RTBSE|            2689           2.340                               0.650E+003
 RTBSE|            2690           2.395                               0.650E+003
 RTBSE|            2691           2.549                               0.650E+003
 RTBSE|            2692           2.496                               0.650E+003
 RTBSE|            2693           2.463                               0.650E+003
 RTBSE|            2694           2.383                               0.650E+003
 RTBSE|            2695           2.350                               0.650E+003
 RTBSE|            2696           2.383                               0.650E+003
 RTBSE|            2697           2.331                               0.650E+003
 RTBSE|            2698           2.349                               0.650E+003
 RTBSE|            2699           2.415                               0.650E+003
 RTBSE|            2700           2.333                               0.650E+003
 RTBSE|            2701           2.340                               0.650E+003
 RTBSE|            2702           2.342                               0.650E+003
 RTBSE|            2703           2.349                               0.650E+003
 RTBSE|            2704           2.476                               0.650E+003
 RTBSE|            2705           2.381                               0.650E+003
 RTBSE|            2706           2.399                               0.650E+003
 RTBSE|            2707           2.453                               0.650E+003
 RTBSE|            2708           2.343                               0.650E+003
 RTBSE|            2709           2.365                               0.650E+003
 RTBSE|            2710           2.332                               0.650E+003
 RTBSE|            2711           2.592                               0.650E+003
 RTBSE|            2712           2.334                               0.650E+003
 RTBSE|            2713           2.352                               0.650E+003
 RTBSE|            2714           2.330                               0.650E+003
 RTBSE|            2715           2.342                               0.650E+003
 RTBSE|            2716           2.490                               0.650E+003
 RTBSE|            2717           2.505                               0.650E+003
 RTBSE|            2718           2.447                               0.650E+003
 RTBSE|            2719           2.471                               0.650E+003
 RTBSE|            2720           2.384                               0.650E+003
 RTBSE|            2721           2.331                               0.650E+003
 RTBSE|            2722           2.382                               0.650E+003
 RTBSE|            2723           2.352                               0.650E+003
 RTBSE|            2724           2.425                               0.650E+003
 RTBSE|            2725           2.335                               0.650E+003
 RTBSE|            2726           2.341                               0.650E+003
 RTBSE|            2727           2.341                               0.650E+003
 RTBSE|            2728           2.343                               0.650E+003
 RTBSE|            2729           2.361                               0.650E+003
 RTBSE|            2730           2.341                               0.650E+003
 RTBSE|            2731           2.423                               0.650E+003
 RTBSE|            2732           2.460                               0.650E+003
 RTBSE|            2733           2.470                               0.650E+003
 RTBSE|            2734           2.394                               0.650E+003
 RTBSE|            2735           2.343                               0.650E+003
 RTBSE|            2736           2.705                               0.650E+003
 RTBSE|            2737           2.333                               0.650E+003
 RTBSE|            2738           2.362                               0.650E+003
 RTBSE|            2739           2.334                               0.650E+003
 RTBSE|            2740           2.339                               0.650E+003
 RTBSE|            2741           2.531                               0.650E+003
 RTBSE|            2742           2.508                               0.650E+003
 RTBSE|            2743           2.335                               0.650E+003
 RTBSE|            2744           2.531                               0.650E+003
 RTBSE|            2745           2.340                               0.650E+003
 RTBSE|            2746           2.429                               0.650E+003
 RTBSE|            2747           2.339                               0.650E+003
 RTBSE|            2748           2.398                               0.650E+003
 RTBSE|            2749           2.349                               0.650E+003
 RTBSE|            2750           2.342                               0.650E+003
 RTBSE|            2751           2.336                               0.650E+003
 RTBSE|            2752           2.332                               0.650E+003
 RTBSE|            2753           2.368                               0.650E+003
 RTBSE|            2754           2.363                               0.650E+003
 RTBSE|            2755           2.418                               0.650E+003
 RTBSE|            2756           2.347                               0.650E+003
 RTBSE|            2757           2.412                               0.650E+003
 RTBSE|            2758           2.417                               0.650E+003
 RTBSE|            2759           2.404                               0.650E+003
 RTBSE|            2760           2.480                               0.650E+003
 RTBSE|            2761           2.580                               0.650E+003
 RTBSE|            2762           2.357                               0.650E+003
 RTBSE|            2763           2.345                               0.650E+003
 RTBSE|            2764           2.342                               0.650E+003
 RTBSE|            2765           2.332                               0.650E+003
 RTBSE|            2766           2.444                               0.650E+003
 RTBSE|            2767           2.535                               0.650E+003
 RTBSE|            2768           2.331                               0.650E+003
 RTBSE|            2769           2.431                               0.650E+003
 RTBSE|            2770           2.443                               0.650E+003
 RTBSE|            2771           2.361                               0.650E+003
 RTBSE|            2772           2.384                               0.650E+003
 RTBSE|            2773           2.371                               0.650E+003
 RTBSE|            2774           2.392                               0.650E+003
 RTBSE|            2775           2.338                               0.650E+003
 RTBSE|            2776           2.333                               0.650E+003
 RTBSE|            2777           2.332                               0.650E+003
 RTBSE|            2778           2.380                               0.650E+003
 RTBSE|            2779           2.397                               0.650E+003
 RTBSE|            2780           2.358                               0.650E+003
 RTBSE|            2781           2.345                               0.650E+003
 RTBSE|            2782           2.380                               0.650E+003
 RTBSE|            2783           2.389                               0.650E+003
 RTBSE|            2784           2.450                               0.650E+003
 RTBSE|            2785           2.377                               0.650E+003
 RTBSE|            2786           2.631                               0.650E+003
 RTBSE|            2787           2.375                               0.650E+003
 RTBSE|            2788           2.363                               0.650E+003
 RTBSE|            2789           2.333                               0.650E+003
 RTBSE|            2790           2.334                               0.650E+003
 RTBSE|            2791           2.454                               0.650E+003
 RTBSE|            2792           2.565                               0.650E+003
 RTBSE|            2793           2.750                               0.650E+003
 RTBSE|            2794           2.404                               0.650E+003
 RTBSE|            2795           2.357                               0.650E+003
 RTBSE|            2796           2.422                               0.650E+003
 RTBSE|            2797           2.393                               0.650E+003
 RTBSE|            2798           2.355                               0.650E+003
 RTBSE|            2799           2.497                               0.650E+003
 RTBSE|            2800           2.352                               0.650E+003
 RTBSE|            2801           2.345                               0.650E+003
 RTBSE|            2802           2.337                               0.650E+003
 RTBSE|            2803           2.368                               0.650E+003
 RTBSE|            2804           2.333                               0.650E+003
 RTBSE|            2805           2.348                               0.650E+003
 RTBSE|            2806           2.355                               0.650E+003
 RTBSE|            2807           2.369                               0.650E+003
 RTBSE|            2808           2.356                               0.650E+003
 RTBSE|            2809           2.439                               0.650E+003
 RTBSE|            2810           2.470                               0.650E+003
 RTBSE|            2811           2.692                               0.650E+003
 RTBSE|            2812           2.430                               0.650E+003
 RTBSE|            2813           2.343                               0.650E+003
 RTBSE|            2814           2.378                               0.650E+003
 RTBSE|            2815           2.333                               0.650E+003
 RTBSE|            2816           2.486                               0.650E+003
 RTBSE|            2817           2.510                               0.650E+003
 RTBSE|            2818           2.360                               0.650E+003
 RTBSE|            2819           2.395                               0.650E+003
 RTBSE|            2820           2.335                               0.650E+003
 RTBSE|            2821           2.391                               0.650E+003
 RTBSE|            2822           2.382                               0.650E+003
 RTBSE|            2823           2.408                               0.650E+003
 RTBSE|            2824           2.364                               0.650E+003
 RTBSE|            2825           2.450                               0.650E+003
 RTBSE|            2826           2.396                               0.650E+003
 RTBSE|            2827           2.349                               0.650E+003
 RTBSE|            2828           2.368                               0.650E+003
 RTBSE|            2829           2.396                               0.650E+003
 RTBSE|            2830           2.387                               0.650E+003
 RTBSE|            2831           2.363                               0.650E+003
 RTBSE|            2832           2.373                               0.650E+003
 RTBSE|            2833           2.332                               0.650E+003
 RTBSE|            2834           2.394                               0.650E+003
 RTBSE|            2835           2.356                               0.650E+003
 RTBSE|            2836           2.680                               0.650E+003
 RTBSE|            2837           2.380                               0.650E+003
 RTBSE|            2838           2.432                               0.650E+003
 RTBSE|            2839           2.417                               0.650E+003
  GREENX FT_PADE| n_pade, n_fit, window [eV]   484     968     0.0000    19.9960
  GREENX FT_PADE| n_pade, n_fit, window [eV]   484     968     0.0000    19.9960
  GREENX FT_PADE| n_pade, n_fit, window [eV]   484     968     0.0000    19.9960
 STATIC_POL|         spin  element Re [a.u.]              Im [a.u.]
 STATIC_POL|            1    1,  2      1.4424797089E-001      4.0787995607E-015
 STATIC_POL|            1    2,  2      1.4434090443E+004     -8.8887251756E-013
 STATIC_POL|            1    3,  2      3.4722524231E-002     -4.9813634296E-016

 -------------------------------------------------------------------------------
 -                                                                             -
 -                                DBCSR STATISTICS                             -
 -                                                                             -
 -------------------------------------------------------------------------------
 COUNTER                                    TOTAL       BLAS       SMM       ACC
 flops     2 x     5 x     2             41821560       0.0%    100.0%      0.0%     
 flops     2 x     2 x     5            107116920       0.0%    100.0%      0.0%     
 flops     5 x     5 x     2            171234200       0.0%    100.0%      0.0%     
 flops     6 x     6 x    72            235923840       0.0%    100.0%      0.0%     
 flops     2 x     5 x     5            260856000       0.0%    100.0%      0.0%     
 flops     6 x     6 x    96            629130240       0.0%    100.0%      0.0%     
 flops     2 x    30 x     2            916723200       0.0%    100.0%      0.0%     
 flops     6 x     6 x    64           1048550400       0.0%    100.0%      0.0%     
 flops     6 x    13 x    72           1566661824       0.0%    100.0%      0.0%     
 flops    13 x     6 x    72           1574030016       0.0%    100.0%      0.0%     
 flops    20 x     5 x     2           2132127200       0.0%    100.0%      0.0%     
 flops     2 x     2 x    30           2179970160       0.0%    100.0%      0.0%     
 flops     2 x     5 x    20           2781488400       0.0%    100.0%      0.0%     
 flops     5 x    30 x     2           3399167400       0.0%    100.0%      0.0%     
 flops    20 x     2 x     5           3402964800       0.0%    100.0%      0.0%     
 flops    30 x     5 x     2           3468112800       0.0%    100.0%      0.0%     
 flops     2 x    20 x     5           3975809200       0.0%    100.0%      0.0%     
 flops     6 x    13 x    96           4177764864       0.0%    100.0%      0.0%     
 flops    13 x     6 x    96           4197413376       0.0%    100.0%      0.0%     
 flops     2 x    30 x     5           5104590600       0.0%    100.0%      0.0%     
 flops     2 x     5 x    30           5454049800       0.0%    100.0%      0.0%     
 flops     6 x    13 x    64           6962941440       0.0%    100.0%      0.0%     
 flops    13 x     6 x    64           6995688960       0.0%    100.0%      0.0%     
 flops    32 x     5 x     2           7786697600       0.0%    100.0%      0.0%     
 flops     5 x     5 x    20           8343187000       0.0%    100.0%      0.0%     
 flops    20 x     5 x     5           9564024000       0.0%    100.0%      0.0%     
 flops    13 x    13 x    72          10596381120       0.0%    100.0%      0.0%     
 flops     2 x     5 x    32          11147422720       0.0%    100.0%      0.0%     
 flops    32 x     2 x     5          12640652160       0.0%    100.0%      0.0%     
 flops     2 x    32 x     5          15361947520       0.0%    100.0%      0.0%     
 flops    13 x    13 x    96          28257016320       0.0%    100.0%      0.0%     
 flops     5 x     5 x    32          32171902400       0.0%    100.0%      0.0%     
 flops     2 x     6 x     2          34896035232       0.0%    100.0%      0.0%     
 flops     2 x     2 x     6          35016191520       0.0%    100.0%      0.0%     
 flops    32 x     5 x     5          36985889600       0.0%    100.0%      0.0%     
 flops    20 x    30 x     2          45319677600       0.0%    100.0%      0.0%     
 flops    13 x    13 x    64          47095027200       0.0%    100.0%      0.0%     
 flops     2 x    30 x    20          59011850400       0.0%    100.0%      0.0%     
 flops    30 x    30 x     2          68861523600       0.0%    100.0%      0.0%     
 flops    20 x     2 x    30          70114728000       0.0%    100.0%      0.0%     
 flops     2 x    20 x    30          83000738400       0.0%    100.0%      0.0%     
 flops     2 x    30 x    30         105549134400       0.0%    100.0%      0.0%     
 flops    20 x     5 x    20         108199516000       0.0%    100.0%      0.0%     
 flops     2 x     6 x     6         120665507328       0.0%    100.0%      0.0%     
 flops    20 x    20 x     5         124910056000       0.0%    100.0%      0.0%     
 flops     6 x     6 x     2         125154094032       0.0%    100.0%      0.0%     
 flops     5 x    30 x    20         160065624000       0.0%    100.0%      0.0%     
 flops    32 x    30 x     2         165588710400       0.0%    100.0%      0.0%     
 flops    30 x     5 x    20         169840470000       0.0%    100.0%      0.0%     
 flops    20 x    30 x     5         187082040000       0.0%    100.0%      0.0%     
 flops    20 x     5 x    30         202733208000       0.0%    100.0%      0.0%     
 flops     2 x    30 x    32         232892928000       0.0%    100.0%      0.0%     
 flops    32 x     2 x    30         260321717760       0.0%    100.0%      0.0%     
 flops     2 x    13 x     2         297937387072       0.0%    100.0%      0.0%     
 flops     2 x     2 x    13         299037944400       0.0%    100.0%      0.0%     
 flops     2 x    32 x    30         318006312960       0.0%    100.0%      0.0%     
 flops    32 x     5 x    20         399699193600       0.0%    100.0%      0.0%     
 flops    20 x     5 x    32         423575104000       0.0%    100.0%      0.0%     
 flops    32 x    20 x     5         464126316800       0.0%    100.0%      0.0%     
 flops    20 x    32 x     5         482716358400       0.0%    100.0%      0.0%     
 flops     5 x    30 x    32         616176662400       0.0%    100.0%      0.0%     
 flops    30 x     5 x    32         649354521600       0.0%    100.0%      0.0%     
 flops    32 x    30 x     5         723127372800       0.0%    100.0%      0.0%     
 flops    32 x     5 x    30         777331516800       0.0%    100.0%      0.0%     
 flops     2 x    13 x     6         813452159520       0.0%    100.0%      0.0%     
 flops     6 x    13 x     2         876892791528       0.0%    100.0%      0.0%     
 flops     2 x     6 x    13        1004667465360       0.0%    100.0%      0.0%     
 flops    13 x     6 x     2        1055748361512       0.0%    100.0%      0.0%     
 flops    20 x     6 x     2        1119700753920       0.0%    100.0%      0.0%     
 flops    20 x     2 x     6        1123396134240       0.0%    100.0%      0.0%     
 flops    32 x     5 x    32        1565252474880       0.0%    100.0%      0.0%     
 flops     2 x     6 x    20        1783766052960       0.0%    100.0%      0.0%     
 flops     2 x    20 x     6        1789385744160       0.0%    100.0%      0.0%     
 flops    32 x    32 x     5        1793602324480       0.0%    100.0%      0.0%     
 flops    20 x    30 x    20        2222975112000       0.0%    100.0%      0.0%     
 flops    20 x    20 x    30        2613232248000       0.0%    100.0%      0.0%     
 flops    30 x    30 x    20        3251239848000       0.0%    100.0%      0.0%     
 flops    20 x    30 x    30        3923791884000       0.0%    100.0%      0.0%     
 flops    32 x     6 x     2        4141221488640       0.0%    100.0%      0.0%     
 flops    32 x     2 x     6        4154823316224       0.0%    100.0%      0.0%     
 flops    20 x     6 x     6        5964692186880       0.0%    100.0%      0.0%     
 flops     6 x     6 x    20        6694702807680       0.0%    100.0%      0.0%     
 flops     2 x    13 x    13        6772991069884       0.0%    100.0%      0.0%     
 flops    13 x    13 x     2        7414759595984       0.0%    100.0%      0.0%     
 flops     2 x     6 x    32        7454015159040       0.0%    100.0%      0.0%     
 flops     2 x    32 x     6        7477148768256       0.0%    100.0%      0.0%     
 flops    32 x    30 x    20        8219037273600       0.0%    100.0%      0.0%     
 flops    20 x    30 x    32        8609140761600       0.0%    100.0%      0.0%     
 flops    20 x    13 x     2        9544564445520       0.0%    100.0%      0.0%     
 flops    20 x     2 x    13        9578344340240       0.0%    100.0%      0.0%     
 flops    32 x    20 x    30        9706718054400       0.0%    100.0%      0.0%     
 flops    20 x    32 x    30       10016128204800       0.0%    100.0%      0.0%     
 flops    30 x    30 x    32       12411746035200       0.0%    100.0%      0.0%     
 flops    32 x    30 x    30       15045549177600       0.0%    100.0%      0.0%     
 flops     2 x    13 x    20       15774602182560       0.0%    100.0%      0.0%     
 flops     2 x    20 x    13       15825793043840       0.0%    100.0%      0.0%     
 flops    32 x     6 x     6       24932266937856       0.0%    100.0%      0.0%     
 flops     6 x     6 x    32       28457663553792       0.0%    100.0%      0.0%     
 flops    32 x    30 x    32       31836153323520       0.0%    100.0%      0.0%     
 flops    32 x    13 x     2       35305667155200       0.0%    100.0%      0.0%     
 flops    32 x     2 x    13       35429587521536       0.0%    100.0%      0.0%     
 flops    32 x    32 x    30       37203809341440       0.0%    100.0%      0.0%     
 flops    20 x    13 x     6       40210139317920       0.0%    100.0%      0.0%     
 flops     6 x    13 x    20       47414400243600       0.0%    100.0%      0.0%     
 flops    20 x     6 x    13       51967412072160       0.0%    100.0%      0.0%     
 flops    20 x     6 x    20       56986282929600       0.0%    100.0%      0.0%     
 flops    20 x    20 x     6       57160906824000       0.0%    100.0%      0.0%     
 flops    13 x     6 x    20       58561119177600       0.0%    100.0%      0.0%     
 flops     2 x    13 x    32       62769387554432       0.0%    100.0%      0.0%     
 flops     2 x    32 x    13       62970269283584       0.0%    100.0%      0.0%     
 flops    32 x    13 x     6      168077072816640       0.0%    100.0%      0.0%     
 flops     6 x    13 x    32      200768547447936       0.0%    100.0%      0.0%     
 flops    32 x     6 x    13      206931779997696       0.0%    100.0%      0.0%     
 flops    32 x     6 x    20      210937185907200       0.0%    100.0%      0.0%     
 flops    32 x    20 x     6      211581541639680       0.0%    100.0%      0.0%     
 flops    13 x     6 x    32      237377243236224       0.0%    100.0%      0.0%     
 flops    20 x     6 x    32      238260230461440       0.0%    100.0%      0.0%     
 flops    20 x    32 x     6      238983333204480       0.0%    100.0%      0.0%     
 flops    20 x    13 x    13      350327135808000       0.0%    100.0%      0.0%     
 flops    13 x    13 x    20      416013651053000       0.0%    100.0%      0.0%     
 flops    20 x    13 x    20      503308635876800       0.0%    100.0%      0.0%     
 flops    20 x    20 x    13      504882432579200       0.0%    100.0%      0.0%     
 flops    32 x     6 x    32      881728497635328       0.0%    100.0%      0.0%     
 flops    32 x    32 x     6      884397031268352       0.0%    100.0%      0.0%     
 flops    32 x    13 x    13     1394984328276032       0.0%    100.0%      0.0%     
 flops    13 x    13 x    32     1679050862524672       0.0%    100.0%      0.0%     
 flops    32 x    13 x    20     1863238011448320       0.0%    100.0%      0.0%     
 flops    32 x    20 x    13     1869043498200320       0.0%    100.0%      0.0%     
 flops    20 x    13 x    32     2003580014542080       0.0%    100.0%      0.0%     
 flops    20 x    32 x    13     2009790825319680       0.0%    100.0%      0.0%     
 flops    32 x    13 x    32     7415793532372992       0.0%    100.0%      0.0%     
 flops    32 x    32 x    13     7438708328849408       0.0%    100.0%      0.0%     
 flops inhomo. stacks                           0       0.0%      0.0%      0.0%
 flops total                        31.756803E+15       0.0%    100.0%      0.0%
 flops max/rank                    563.779068E+12       0.0%    100.0%      0.0%
 matmuls inhomo. stacks                         0       0.0%      0.0%      0.0%
 matmuls total                      2316744515527       0.0%    100.0%      0.0%
 number of processed stacks            7288234273       0.0%    100.0%      0.0%
 average stack size                                     0.0     317.9       0.0
 marketing flops                   170.956036E+15
 -------------------------------------------------------------------------------
 # multiplications                         114129
 max memory usage/rank               7.353942E+09
 # max total images/rank                        1
 # max 3D layers                                1
 # MPI messages exchanged               102259584
 MPI messages size (bytes):
  total size                       840.693409E+12
  min size                           0.000000E+00
  max size                          68.585472E+06
  average size                       8.221170E+06
 MPI breakdown and total messages size (bytes):
             size <=      128               34916                        0
       128 < size <=     8192                  28                    37856
      8192 < size <=    32768                  28                   748384
     32768 < size <=   131072                 700                 57562400
    131072 < size <=  4194304            71498280          127241023668416
   4194304 < size <= 16777216            20494880          179936329671840
  16777216 < size                        10230752          532903526904224
 -------------------------------------------------------------------------------
 -                                                                             -
 -                      DBCSR MESSAGE PASSING PERFORMANCE                      -
 -                                                                             -
 -------------------------------------------------------------------------------
 ROUTINE             CALLS      AVE VOLUME [Bytes]
 MP_Bcast              133                     12.
 MP_Allreduce       456915                     82.
 MP_Alltoall        936033                 393443.
 MP_ISend          5578070                2619806.
 MP_IRecv          5576796                2559554.
 -------------------------------------------------------------------------------

 -------------------------------------------------------------------------------
 -                                                                             -
 -                                GRID STATISTICS                              -
 -                                                                             -
 -------------------------------------------------------------------------------
 LP    KERNEL             BACKEND                              COUNT     PERCENT
 3     collocate ortho    CPU                                  92064      24.65%
 3     integrate ortho    CPU                                  92064      24.65%
 4     collocate ortho    CPU                                  70686      18.93%
 4     integrate ortho    CPU                                  70686      18.93%
 2     collocate ortho    CPU                                  23520       6.30%
 2     integrate ortho    CPU                                  23520       6.30%
 0     collocate general  CPU                                    592       0.16%
 0     integrate general  CPU                                    296       0.08%
 -------------------------------------------------------------------------------

 -------------------------------------------------------------------------------
 -                                                                             -
 -                          OFFLOAD MEMPOOL STATISTICS                         -
 -                                                                             -
 -------------------------------------------------------------------------------
 Memory consumption                Number of allocations  Used [MiB]  Size [MiB]
 Host                                                  6          55           0
 -------------------------------------------------------------------------------

 MEMORY| Estimated peak process memory [MiB]                                2546

 -------------------------------------------------------------------------------
 ----                             MULTIGRID INFO                            ----
 -------------------------------------------------------------------------------
 count for grid        1:         339148          cutoff [a.u.]          300.00
 count for grid        2:         297089          cutoff [a.u.]          100.00
 count for grid        3:         335548          cutoff [a.u.]           33.33
 count for grid        4:         204615          cutoff [a.u.]           11.11
 total gridlevel count  :        1176400

 -------------------------------------------------------------------------------
 -                                                                             -
 -                         MESSAGE PASSING PERFORMANCE                         -
 -                                                                             -
 -------------------------------------------------------------------------------

 ROUTINE             CALLS      AVE VOLUME [Bytes]
 MP_Group               24
 MP_Bcast              278                 201477.
 MP_Allreduce       115553                  90167.
 MP_Sync                50
 MP_Alltoall           931               36007495.
 MP_SendRecv          5292                 225408.
 MP_ISendRecv         5292                 225408.
 MP_Wait              9245
 MP_comm_split          12
 MP_ISend             3448                 896076.
 MP_IRecv             3448                 896331.
 -------------------------------------------------------------------------------


 -------------------------------------------------------------------------------
 -                                                                             -
 -                           R E F E R E N C E S                               -
 -                                                                             -
 -------------------------------------------------------------------------------
 
 CP2K version 2026.2 (Development Version), the CP2K developers group (2026).
 CP2K is freely available from https://www.cp2k.org/ .
 
 M. Iannuzzi, J. Wilhelm, F. Stein, A. Bussy, H. Elgabarty, D. Golze, A. Hehn, 
 M. Graml, S. Marek, B. Sertcan Gökmen, C. Schran, H. Forbert, R. Z. 
 Khaliullin, A. Kozhevnikov, M. Taillefumier, R. Meli, V. V. Rybkin, M. Brehm, 
 R. Schade, O. Schütt, J. V. Pototschnig, H. Mirhosseini, A. Knüpfer, D. Marx, 
 M. Krack, J. Hutter, T. D. Kühne.
 J. Phys. Chem. B 130, 1237-1310 (2026).
 The CP2K Program Package Made Simple.
 https://doi.org/10.1021/acs.jpcb.5c05851

 M. Graml, K. Zollner, D. Hernangómez-Pérez, P. E. Faria Junior, J. Wilhelm.
 J. Chem. Theory Comput. 20, 2202-2208 (2024).
 Low-scaling GW algorithm applied to twisted transition-metal dichalcogenide 
 heterobilayers.
 https://doi.org/10.1021/acs.jctc.3c01230

 T. D. Kühne, M. Iannuzzi, M. Del Ben, V. V. Rybkin, P. Seewald, F. Stein, T. 
 Laino, R. Z. Khaliullin, O. Schütt, F. Schiffmann, D. Golze, J. Wilhelm, S. 
 Chulkov, M. H. Bani-Hashemian, V. Weber, U. Borstnik, M. Taillefumier, A. S. 
 Jakobovits, A. Lazzaro, H. Pabst, T. Müller, R. Schade, M. Guidon, S. 
 Andermatt, N. Holmberg, G. K. Schenter, A. Hehn, A. Bussy, F. Belleflamme, G. 
 Tabacchi, A. Glöß, M. Lass, I. Bethune, C. J. Mundy, C. Plessl, M. Watkins, 
 J. VandeVondele, M. Krack, J. Hutter.
 J. Chem. Phys. 152, 194103 (2020).
 CP2K: An electronic structure and molecular dynamics software package - 
 Quickstep: Efficient and accurate electronic structure calculations.
 https://doi.org/10.1063/5.0007045

 O. Schuett, P. Messmer, J. Hutter, J. VandeVondele.
 Electronic Structure Calculations on Graphics Processing Units, 173-190 (2016).
 GPU-Accelerated Sparse Matrix-Matrix Multiplication for Linear Scaling Density 
 Functional Theory.
 https://doi.org/10.1002/9781118670712.ch8

 A. Heinecke, G. Henry, M. Hutchinson, H. Pabst.
 Proceedings of Intl. Supercomputing Conference, 981-991 (2016).
 LIBXSMM: Accelerating Small Matrix Multiplications by Runtime Code Generation.
 https://doi.org/10.1109/SC.2016.83

 U. Borstnik, J. VandeVondele, V. Weber, J. Hutter.
 Parallel Comput. 40, 47-58 (2014).
 Sparse matrix multiplication: The distributed block-compressed sparse row 
 library.
 https://doi.org/10.1016/j.parco.2014.03.012

 A. Marek, V. Blum, R. Johanni, V. Havu, B. Lang, T. Auckenthaler, A. Heinecke, 
 H. Bungartz, H. Lederer.
 J. Phys. Condens. Matter 26, 213201 (2014).
 The ELPA library: scalable parallel eigenvalue solutions for electronic 
 structure theory and computational science.
 https://doi.org/10.1088/0953-8984/26/21/213201

 J. VandeVondele, J. Hutter.
 J. Chem. Phys. 127, 114105 (2007).
 Gaussian basis sets for accurate calculations on molecular systems in gas and 
 condensed phases.
 https://doi.org/10.1063/1.2770708

 J. VandeVondele, M. Krack, F. Mohamed, M. Parrinello, T. Chassaing, J. Hutter.
 Comput. Phys. Commun. 167, 103-128 (2005).
 QUICKSTEP: Fast and accurate density functional calculations using a mixed 
 Gaussian and plane waves approach.
 https://doi.org/10.1016/j.cpc.2004.12.014

 M. Krack.
 Theor. Chem. Acc. 114, 145-152 (2005).
 Pseudopotentials for H to Kr optimized for gradient-corrected 
 exchange-correlation functionals.
 https://doi.org/10.1007/s00214-005-0655-y

 M. Frigo, S. G. Johnson.
 Proc. IEEE 93, 216-231 (2005).
 The design and implementation of FFTW3.
 https://doi.org/10.1109/JPROC.2004.840301

 C. Hartwigsen, S. Goedecker, J. Hutter.
 Phys. Rev. B 58, 3641-3662 (1998).
 Relativistic separable dual-space Gaussian pseudopotentials from H to Rn.
 https://doi.org/10.1103/PhysRevB.58.3641

 G. Lippert, J. Hutter, M. Parrinello.
 Mol. Phys. 92, 477-487 (1997).
 A hybrid Gaussian and plane wave density functional scheme.
 https://doi.org/10.1080/002689797170220

 S. Goedecker, M. Teter, J. Hutter.
 Phys. Rev. B 54, 1703-1710 (1996).
 Separable dual-space Gaussian pseudopotentials.
 https://doi.org/10.1103/PhysRevB.54.1703

 J. P. Perdew, K. Burke, M. Ernzerhof.
 Phys. Rev. Lett. 77, 3865-3868 (1996).
 Generalized gradient approximation made simple.
 https://doi.org/10.1103/PhysRevLett.77.3865

 P. E. Blöchl.
 J. Chem. Phys. 103, 7422-7428 (1995).
 Electrostatic decoupling of periodic images of plane‐wave‐expanded 
 densities and derived atomic point charges.
 https://doi.org/10.1063/1.470314

 R. H. Byrd, P. H. Lu, J. Nocedal, C. Y. Zhu.
 SIAM J. Sci. Comput. 16, 1190-1208 (1995).
 A Limited Memory Algorithm for Bound Constrained Optimization.
 https://doi.org/10.1137/0916069

 C. G. Broyden.
 Math. Comput. 19, 577-593 (1965).
 A class of methods for solving nonlinear simultaneous equations.
 https://doi.org/10.1090/S0025-5718-1965-0198670-6


 -------------------------------------------------------------------------------
 -                                                                             -
 -                                T I M I N G                                  -
 -                                                                             -
 -------------------------------------------------------------------------------
 SUBROUTINE                       CALLS  ASD         SELF TIME        TOTAL TIME
                                MAXIMUM       AVERAGE  MAXIMUM  AVERAGE  MAXIMUM
 CP2K                                 1  1.0    0.014    0.028 7162.462 7163.405
 run_propagation_linearized_bse       1  2.0    0.206    0.873 7161.849 7162.806
 solve_rk4_timestep                2840  3.0    0.198    0.323 6778.431 6779.852
 build_shared_sex_and_hartree     11360  4.0    0.295    0.394 5847.358 5850.490
 compute_sigma_ri_rs_complex      11360  5.0    0.166    0.196 5173.084 5179.483
 compute_sigma_ri_rs              22720  6.0    1.163    1.448 5166.635 5172.013
 dbcsr_multiply_generic          114129  7.8    7.843    8.519 4759.495 4821.788
 dbcsr_contract_ABA               45441  7.0    0.525    0.657 4503.976 4564.676
 multiply_cannon                 114129  8.8   15.348   17.226 3429.933 3736.355
 multiply_cannon_loop            114129  9.8   14.231   16.098 3068.912 3527.665
 mp_waitall_1                   9136145 12.0 1718.356 2035.979 1718.356 2035.979
 multiply_cannon_multrec         913032 10.8 1440.953 1730.017 1443.240 1732.955
 multiply_cannon_metrocomm3      913032 10.8    2.110    2.516  761.155 1283.787
 parallel_gemm_fm_cosma          182291  6.0 1227.212 1238.525 1227.212 1238.525
 multiply_cannon_metrocomm1      913032 10.8    2.354    2.671  504.367 1103.361
 update_effective_ham_MO          11360  4.0    0.461    0.677  930.693  933.222
 make_m2s                        228258  8.8    3.698    4.221  756.544  862.052
 make_images                     228258  9.8   81.634  119.533  747.992  853.641
 mp_sum_l                        342634  8.8  383.405  729.967  383.405  729.967
 transform_ao_to_mo_covariant_c   22720  5.0    0.172    0.212  626.719  630.405
 make_images_data                228258 10.8    3.017    3.594  502.675  627.560
 hybrid_alltoall_any             273850 11.3   37.818  321.183  468.468  611.604
 transform_mo_to_ao_contravaria   22721  5.0    0.133    0.168  588.637  593.868
 calculate_norms                1824432 10.8  332.547  408.501  332.547  408.501
 compute_hartree_ri_rs_from_dia   11360  5.0    0.162    0.234  383.313  388.838
 hartree_potential_from_diag_ri   22720  6.0   25.834   33.015  378.489  384.117
 qs_energies                          1  3.0    0.001    0.005  351.790  351.838
 qs_energies_properties               1  4.0    0.000    0.001  316.053  316.095
 post_scf_bandstructure               1  5.0    0.000    0.002  316.053  316.095
 gw                                   1  6.0    0.000    0.002  314.207  314.248
 gw_calc_non_periodic_ri_rs           1  7.0    0.001    0.002  312.799  312.901
 copy_dbcsr_to_fm                 45588  7.0    0.802    0.927  237.567  290.499
 mp_sum_dv                        91232  7.0  150.780  254.719  150.780  254.719
 ri_rs_grid_assembler                 1  8.0    0.002    0.004  250.725  250.822
 optimize_ri_rs_grid                  1  9.0    6.807    8.409  250.691  250.792
 buffer_matrices_ensure_size     228258  9.8  178.446  249.874  178.446  249.874
 evaluate_rirs_grid_cluster        1005 10.0  194.957  242.113  194.957  242.113
 dbcsr_complete_redistribute      68545  8.0   54.334   60.012  223.634  231.609
 hadamard_product_inplace         22720  7.0  161.506  205.033  161.608  205.126
 make_images_sizes               228258 10.8    0.291    0.335   95.362  193.327
 mp_alltoall_i44                 228258 11.8   95.071  193.048   95.071  193.048
 mp_allgather_i34                114129  9.8  144.181  185.593  144.181  185.593
 mp_alltoall_i22                 114137  9.0   92.821  153.524   92.821  153.524
 dbcsr_desymmetrize_deep          45592  8.0    8.917   11.577   83.295  137.362
 dbcsr_copy                      274024  8.5   74.450  112.453   76.167  114.020
 mp_sum_d                         23842  4.1   52.748  106.395   52.748  106.395
 dbcsr_set                        91540  8.5    0.159    0.184   67.599   99.897
 dbcsr_zero                       91540  9.5   67.440   99.730   67.440   99.730
 dbcsr_finalize                  229817  8.9    1.996    2.223   73.357   93.702
 copy_fm_to_dbcsr                 22957  7.0    0.147    0.172   83.737   90.358
 dbcsr_merge_all                 183891  9.9   29.991   48.184   67.413   87.405
 dbcsr_add_wm_from_matrix         22933  9.0   55.168   73.473   75.338   84.901
 make_images_pack                228258 10.8   47.935   82.143   49.106   83.496
 mp_alltoall_d11v                342495  9.4   58.904   62.118   58.904   62.118
 mp_cart_sub                      91191  9.0   43.815   43.978   43.815   43.978
 dbcsr_scale_anytype              46465  8.6   33.357   41.180   35.339   43.793
 dbcsr_fill_wm_from_matrix        22933 10.0   19.532   39.536   19.656   39.668
 scf_env_do_scf                       1  4.0    0.000    0.002   33.574   33.587
 scf_env_do_scf_inner_loop           41  5.0    0.001    0.003   33.574   33.585
 dbcsr_data_release             8555599 10.7   22.220   31.878   22.220   31.878
 dbcsr_data_copy_aa2              91775 11.0   13.386   27.807   13.386   27.807
 dbcsr_destroy                  1073529  8.8    1.814    2.082   16.199   25.313
 compute_Sigma_c_and_QP_energie       1  8.0    0.000    0.000   22.920   22.927
 compute_W                            1  8.0    0.001    0.001   20.770   20.791
 compute_Sigma_c                      1  9.0    0.001    0.002   19.636   19.638
 contract_grid_panels_sigma_c        30 10.0    0.003    0.003   17.239   17.268
 dbcsr_sort_data                  91346 10.8   11.298   15.633   11.298   15.633
 compute_fm_W_freq                   30  9.0    0.001    0.001   15.241   15.266
 mp_cart_create                   45618  9.0   12.515   15.184   12.515   15.184
 tree_to_linear_d                 68566 11.0   10.535   14.199   10.535   14.199
 qs_scf_new_mos                      41  6.0    0.001    0.001   14.057   14.067
 mp_alltoall_i11v                251227  9.0   13.070   13.977   13.070   13.977
 eigensolver_symm                    41  7.0    0.004    0.005   13.677   13.707
 cp_cfm_to_fm                     79525  5.6    8.942   13.617    8.942   13.617
 cp_fm_to_cfm                     90885  6.0    8.455   13.210    8.455   13.210
 get_mat_chi_Gamma_tau                1  8.0    0.000    0.002   13.194   13.196
 release_dbcsr_topology_and_mat   68163  7.0    0.110    0.127    5.820   13.177
 cp_fm_diag_elpa                     45  8.0    0.000    0.000   11.945   11.960
 cp_fm_diag_elpa_base                45  9.0   11.850   11.902   11.927   11.929
 contract_grid_panels                31  9.0    0.002    0.003   11.615   11.714
 cp_fm_write_formatted             5680  3.0    9.709   10.242   10.003   11.527
 qs_ks_build_kohn_sham_matrix        42  8.0    0.007    0.009   11.481   11.504
 qs_ks_update_qs_env                 41  6.0    0.000    0.001   11.363   11.386
 rebuild_ks_matrix                   41  7.0    0.000    0.000   11.353   11.376
 dbcsr_data_new                 5198197 10.2    3.982   11.067    3.982   11.067
 setup_rec_index_2d              228258  9.8   10.102   10.905   10.102   10.905
 cp_fm_write_unformatted           5685  3.0    8.322    8.817    8.653   10.240
 dbcsr_create_new               1119204  9.6    6.647    7.376    9.289   10.172
 fft_wrap_pw1pw2                    748 11.1    0.008    0.011    9.931   10.042
 copy_dbcsr_to_fm_bc              45588  8.0    7.206    9.661    7.432    9.920
 fft_wrap_pw1pw2_300                496 12.4    0.514    0.704    9.432    9.550
 multiply_cannon_metrocomm2      798903 10.8    2.591    2.943    7.896    9.443
 dbcsr_special_finalize          228258 10.8    0.470    0.602    8.749    9.392
 quick_finalize                  273850 11.5    1.460    1.695    8.567    9.221
 fft3d_ps                           748 13.1    2.129    2.505    8.523    8.817
 dbcsr_sort_indices              548266 11.7    7.739    8.148    7.739    8.148
 mp_isend_dv                    2746959 12.2    6.608    7.561    6.608    7.561
 cp_cfm_transpose                 22720  5.0    3.818    6.915    3.818    6.915
 multiply_cannon_metrocomm4      798903 10.8    2.182    2.573    5.477    6.906
 qs_vxc_create                       42  9.0    0.001    0.002    6.555    6.593
 xc_vxc_pw_create                    41 10.0    0.098    0.117    6.554    6.592
 mp_alltoall_z22v                   748 15.1    5.521    6.206    5.521    6.206
 qs_rho_update_rho_low               42  6.0    0.000    0.001    6.081    6.084
 calculate_rho_elec                  42  7.0    0.083    0.095    6.081    6.084
 copy_fm_to_dbcsr_bc              22957  8.0    2.109    3.017    4.424    5.997
 print_ft                             1  3.0    0.002    0.030    5.515    5.683
 greenx_refine_ft                     3  4.0    5.512    5.679    5.512    5.679
 cp_fm_trace_a0b0t0               17046  3.0    0.421    0.655    3.765    5.581
 dbcsr_get_diag                   22720  7.0    4.887    5.483    4.922    5.522
 mp_send_dv                       11366  4.0    0.568    5.358    0.568    5.358
 xc_pw_derive                       246 12.0    0.001    0.002    4.891    5.039
 dbcsr_new_transposed             68445  8.7    0.921    1.019    4.202    4.989
 dbcsr_make_index_list           228258  9.8    4.493    4.844    4.493    4.844
 dbcsr_mm_multrec_init           114129  9.8    0.213    0.255    4.253    4.793
 cp_cfm_scale_and_add             88053  5.0    3.132    4.747    3.132    4.747
 cp_fm_transpose                  17047  3.0    1.599    4.634    1.599    4.634
 dbcsr_mm_csr_init               114129 10.8    1.547    1.698    4.040    4.555
 mp_irecv_dv                    2745518 12.2    2.870    4.486    2.870    4.486
 dbcsr_iterator_start           1096997  9.9    2.630    3.070    3.834    4.422
 compute_Z_lP                         1  8.0    0.000    0.000    4.409    4.410
 compute_Z_lP_standard                1  9.0    0.004    0.006    4.409    4.410
 dbcsr_work_destroy_all          457741 10.9    2.329    2.747    3.345    3.991
 cp_fm_cholesky_invert               31 10.0    3.976    3.985    3.976    3.985
 build_G_ao                         121  9.5    0.001    0.002    3.795    3.898
 x_to_yz                            372 14.2    0.574    0.684    3.593    3.828
 dbcsr_make_untransposed_blocks  137043  8.8    2.327    2.618    3.402    3.716
 mp_recv_dv                      136468  4.0    0.057    3.653    0.057    3.653
 mp_isend_iv                    3017201 11.8    2.575    3.641    2.575    3.641
 dbcsr_work_create               457741  9.9    2.351    2.637    3.169    3.563
 xc_pw_divergence                    41 11.0    0.001    0.001    3.315    3.467
 density_rs2pw                       42  8.0    0.001    0.002    3.050    3.456
 G_occ_vir                          121 10.5    0.091    0.107    3.192    3.310
 compute_QP_energies                  1  9.0    0.000    0.000    3.284    3.290
 sum_up_and_integrate                42  9.0    0.001    0.001    3.185    3.209
 integrate_v_rspace                  42 10.0    0.001    0.001    3.173    3.196
 grid_collocate_task_list            42  8.0    2.857    3.186    2.857    3.186
 xc_rho_set_and_dset_create          41 11.0    0.082    0.122    3.077    3.186
 setup_buffer_matrices           228258  9.8    0.957    1.167    2.706    3.122
 yz_to_x                            292 14.1    0.234    0.281    2.729    3.114
 dbcsr_iterator_stop            1096997  9.9    2.074    2.830    2.299    3.061
 dbcsr_reserve_all_blocks         22960  9.0    0.086    0.102    1.926    2.979
 multiply_cannon_multrec_finali  114129 11.8    0.257    0.341    2.287    2.938
 dbcsr_reserve_blocks             22974 10.0    1.761    2.843    1.841    2.909
 to_Gamma_and_mo_real                62 10.0    0.004    0.004    2.839    2.839
 mask_mo_block_cfm                34080  5.0    1.331    2.774    1.331    2.774
 dbcsr_mm_multrec_finalize       114129 12.8    1.450    1.766    2.030    2.627
 fill_hash_tables                114129 11.8    2.269    2.587    2.269    2.587
 cp_fm_cholesky_decompose            33 10.0    2.035    2.246    2.035    2.246
 gspace_mixing                       40  6.0    0.077    0.086    2.221    2.222
 mp_irecv_iv                    3016564 11.8    1.648    2.219    1.648    2.219
 potential_pw2rs                     42 11.0    0.009    0.012    2.052    2.054
 dbcsr_make_index_exist         1119204 10.6    1.555    1.931    1.555    1.931
 mp_sum_iv                       114151  9.8    1.423    1.742    1.423    1.742
 dbcsr_scale_d                    22752  7.0    0.041    0.054    1.524    1.675
 compute_d_lp                         6 10.0    0.838    1.032    1.332    1.649
 cp_fm_symm                          41  8.0    1.628    1.635    1.628    1.635
 transfer_rs2pw                     170  9.0    0.002    0.003    1.198    1.588
 transpose_index_local            68445  9.7    0.399    0.455    1.370    1.570
 create_and_init_bs_env_for_gw        1  7.0    0.000    0.001    1.408    1.463
 dbcsr_iterator_seek            1096997 10.9    1.204    1.430    1.204    1.430
 dbcsr_distribution_new          411646  8.8    1.186    1.366    1.186    1.366
 broyden_mixing                      40  7.0    1.112    1.314    1.336    1.357
 mp_waitany                        3420 12.5    0.952    1.357    0.952    1.357
 qs_ks_ddapc                         42  9.0    0.001    0.001    1.315    1.347
 mp_comm_free                    136867  9.0    1.040    1.330    1.040    1.330
 merge_index                     183891 10.9    1.124    1.254    1.124    1.254
 get_electron_number_MO            2840  3.0    0.019    0.025    0.832    1.247
 eval_bandstructure_properties        1  6.0    0.000    0.000    1.192    1.192
 init_scf_run                         1  4.0    0.001    0.001    1.086    1.087
 dbcsr_make_dbcsr_index          549242 11.7    1.019    1.084    1.019    1.084
 grid_integrate_task_list            42 11.0    1.026    1.080    1.026    1.080
 transfer_rs2pw_300                  44  9.9    0.121    0.158    0.649    1.049
 build_gram_jacobi_blas               6 10.0    0.448    0.537    0.962    1.031
 hadamard_product                    91 10.7    0.625    0.776    0.825    1.021
 transfer_pw2rs                     169 12.0    0.001    0.002    0.977    0.978
 qs_energies_init_hamiltonians        1  4.0    0.001    0.002    0.962    0.963
 qs_env_update_s_mstruct              1  5.0    0.000    0.000    0.943    0.951
 compute_Z_lP_standard_dpotrf         6 10.0    0.840    0.899    0.840    0.899
 mp_sync                             50  9.8    0.421    0.888    0.421    0.888
 cp_cfm_geeig                         1  7.0    0.000    0.001    0.859    0.860
 cp_fm_uplo_to_full                 106 10.0    0.532    0.814    0.532    0.814
 setup_time_and_frequency_minim       1  8.0    0.000    0.001    0.750    0.806
 build_minimax_time_frequency_g       1  9.0    0.000    0.000    0.750    0.806
 fit_l_sq_weights                     3 10.0    0.750    0.806    0.750    0.806
 cp_fm_create                     34563  6.0    0.409    0.784    0.409    0.784
 compute_Sigma_x                      1  8.0    0.000    0.000    0.761    0.783
 cp_ddapc_init                        1  6.0    0.000    0.000    0.742    0.770
 cp_ddapc_create                      1  7.0    0.001    0.001    0.742    0.770
 multrec_filtering                91306 13.8    0.507    0.752    0.507    0.752
 setup_square_topology            45566  7.0    0.374    0.592    0.511    0.726
 compute_fm_chi_Gamma_freq           30  9.0    0.001    0.001    0.693    0.719
 dbcsr_switch_data_area          570717 11.1    0.391    0.471    0.576    0.691
 cp_cfm_heevd                         1  8.0    0.000    0.000    0.682    0.683
 cp_cfm_heevd_base                    1  9.0    0.682    0.683    0.682    0.683
 build_phi_on_sphere                  6 10.0    0.035    0.040    0.597    0.669
 create_and_init_bs_env               1  6.0    0.000    0.001    0.653    0.654
 evaluate_ao_on_points              861 11.0    0.569    0.645    0.569    0.645
 xc_functional_eval                  41 12.0    0.000    0.001    0.534    0.613
 pbe_lda_eval                        41 13.0    0.534    0.613    0.534    0.613
 abc_contract_xsmm               105980 10.2    0.473    0.610    0.473    0.610
 diagonalize_ks_matrix                1  7.0    0.000    0.000    0.590    0.591
 cp_fm_geeig_canon                    1  8.0    0.000    0.000    0.590    0.591
 cp_ddapc_apply_CD                   42 10.0    0.002    0.012    0.574    0.588
 build_gram_jacobi_blas_dsyrk         6 11.0    0.513    0.548    0.513    0.548
 RI_2c_integral_mat                   4  7.2    0.001    0.001    0.464    0.486
 transfer_pw2rs_300                  43 12.9    0.130    0.161    0.452    0.472
 initialize_sex_selfenergy            1  3.0    0.000    0.000    0.470    0.470
 rt_bse_ri_rs_ensure_W0_grid          1  4.0    0.000    0.000    0.470    0.470
 ewald_ddapc_pot                      1  8.0    0.371    0.455    0.464    0.467
 compute_V_MinvVsqrt                  1  9.0    0.000    0.001    0.461    0.467
 compute_d_lp_dgemm                4232 11.0    0.362    0.454    0.362    0.454
 pw_integral_ab_c1d_c1d_gs           84 10.5    0.276    0.313    0.364    0.447
 dbcsr_make_index_local_row      228258  9.8    0.341    0.446    0.341    0.446
 cp_fm_geeig                          1 10.0    0.000    0.000    0.440    0.440
 get_RI_basis                         1  8.0    0.000    0.001    0.424    0.427
 compute_Minv_Gamma                   1  9.0    0.000    0.001    0.422    0.425
 dbcsr_add_d                        931 10.0    0.001    0.001    0.300    0.403
 dbcsr_add_anytype                  931 11.0    0.164    0.191    0.299    0.402
 pw_scatter_p                       414 13.3    0.311    0.389    0.311    0.389
 extract_masked_blocks              244 10.6    0.236    0.341    0.279    0.389
 pw_gather_p                        334 12.8    0.346    0.385    0.346    0.385
 mp_sum_dm                           42  7.9    0.259    0.378    0.259    0.378
 dbcsr_get_data_size_used        229483  9.9    0.313    0.377    0.313    0.377
 mp_max_l                            22  1.8    0.168    0.370    0.168    0.370
 parallel_gemm_cfm                   16  6.5    0.000    0.000    0.365    0.369
 parallel_gemm_cfm_cosma             16  7.5    0.365    0.369    0.365    0.369
 mp_bcast_dm                          2 11.5    0.265    0.369    0.265    0.369
 pw_poisson_solve                    42  9.0    0.001    0.001    0.356    0.365
 fft_wrap_pw1pw2_100                 84 11.5    0.016    0.020    0.337    0.355
 extract_grid_panel                 122 10.5    0.189    0.307    0.220    0.344
 compute_proj_mo_on_kind              1  7.0    0.001    0.002    0.325    0.326
 transfer_pw2rs_40                   42 13.0    0.126    0.139    0.301    0.324
 dbcsr_get_local_cols            114129  8.8    0.280    0.318    0.280    0.318
 transfer_rs2pw_40                   42 10.0    0.111    0.126    0.289    0.311
 build_2c_integrals                   4  8.2    0.089    0.257    0.303    0.311
 ddapc_eval_AmI                       1  8.0    0.019    0.023    0.275    0.302
 pw_copy                            667 11.6    0.284    0.297    0.284    0.297
 dbcsr_get_local_rows            114129  8.8    0.264    0.296    0.264    0.296
 modify_hartree_pot                  42 11.0    0.236    0.291    0.236    0.291
 scf_env_initial_rho_setup            1  5.0    0.000    0.000    0.272    0.284
 dbcsr_mm_sched_init             114129 11.8    0.175    0.223    0.223    0.274
 transfer_rs2pw_100                  42 10.0    0.037    0.052    0.185    0.273
 fill_fm_Sigma_c_Gamma_time           1 10.0    0.000    0.000    0.270    0.270
 pw_derive                          372 12.3    0.241    0.270    0.241    0.270
 calculate_dm_sparse                 41  7.0    0.001    0.001    0.243    0.258
 mp_sendrecv_dv                    5292 11.0    0.222    0.257    0.222    0.257
 cp_dbcsr_plus_fm_fm_t               41  8.0    0.001    0.001    0.241    0.256
 collect_used_col_blocks             92 10.7    0.003    0.003    0.173    0.256
 qs_init_subsys                       1  2.0    0.003    0.010    0.247    0.248
 qs_env_setup                         1  3.0    0.000    0.001    0.241    0.245
 qs_env_rebuild_pw_env                2  4.0    0.000    0.000    0.239    0.244
 pw_env_rebuild                       1  5.0    0.001    0.004    0.239    0.244
 pw_grid_setup                        4  6.0    0.000    0.000    0.232    0.237
 pw_grid_setup_internal               4  7.0    0.002    0.002    0.232    0.237
 initialize_hartree_potential         1  3.0    0.000    0.000    0.231    0.231
 rt_bse_ri_rs_ensure_V_grid           1  4.0    0.000    0.000    0.231    0.231
 gw_3c_ctx_create                     2 10.0    0.002    0.141    0.100    0.198
 transfer_pw2rs_100                  42 13.0    0.040    0.063    0.171    0.194
 cp_fm_scale_and_add                935  9.9    0.181    0.190    0.181    0.190
 Fourier_transform_w_to_t            30  9.0    0.001    0.001    0.178    0.187
 cp_cfm_zscale                    22720  5.0    0.098    0.172    0.098    0.172
 rs_gather_matrices                  42 11.0    0.003    0.024    0.094    0.166
 initialize_rtbse_env                 1  3.0    0.148    0.148    0.154    0.154
 get_ddapc                           42 11.0    0.001    0.001    0.142    0.154
 calculate_rho_core                   1  6.0    0.007    0.009    0.142    0.153
 pw_poisson_set                      43  9.9    0.001    0.001    0.138    0.147
 pw_copy_from_array                 414 13.3    0.118    0.146    0.118    0.146
 dbcsr_get_global_row_map        114129  8.8    0.112    0.145    0.112    0.145
 compute_Z_lP_standard_dpotrs         6 10.0    0.121    0.142    0.121    0.142
 dbcsr_binary_write                   1 10.0    0.140    0.141    0.140    0.142
 parser_read_line                 21084  4.0    0.002    0.002    0.131    0.139
 compute_V_xc                         1  8.0    0.000    0.000    0.132    0.138
 parser_read_line_low                26  5.1    0.001    0.020    0.129    0.137
 broadcast_input_information         26  6.1    0.011    0.026    0.128    0.137
 build_A_matrix                       1  9.0    0.102    0.135    0.102    0.135
 create_qs_kind_set                   1  2.0    0.000    0.000    0.131    0.133
 read_qs_kind                         2  3.0    0.021    0.031    0.131    0.133
 get_ddapc-charges                   42 12.0    0.017    0.019    0.115    0.119
 scf_post_calculation_gpw             1  4.0    0.000    0.000    0.113    0.114
 write_available_results              1  5.0    0.000    0.000    0.113    0.114
 write_mo_free_results                1  6.0    0.003    0.005    0.112    0.114
 fft_wrap_pw1pw2_40                  84 11.5    0.003    0.005    0.093    0.111
 initialize_moments                   1  3.0    0.004    0.010    0.111    0.111
 pw_axpy                            415 10.3    0.099    0.109    0.099    0.109
 dbcsr_mm_sched_finalize         114129 13.8    0.073    0.108    0.073    0.108
 pw_copy_to_array                   334 12.8    0.092    0.106    0.092    0.106
 dbcsr_get_global_col_map        114129  8.8    0.080    0.105    0.080    0.105
 cp_cfm_triangular_multiply           3  8.0    0.103    0.104    0.103    0.104
 pw_grid_sort                         4  8.0    0.058    0.060    0.089    0.100
 fm_write                             1  9.0    0.000    0.003    0.079    0.100
 build_b_vector                      42 13.0    0.067    0.086    0.067    0.086
 cp_fm_triangular_multiply            3 11.0    0.086    0.086    0.086    0.086
 pw_grid_remap                        4  8.0    0.002    0.002    0.074    0.081
 transfer_rs2pw_20                   42 10.0    0.029    0.031    0.073    0.081
 mp_sum_im3                           5  9.2    0.071    0.080    0.071    0.080
 cp_cfm_cholesky_decompose            2  8.0    0.076    0.079    0.076    0.079
 mp_bcast_b_src                      87  8.6    0.024    0.075    0.024    0.075
 mp_bcast_am_src                     26  7.1    0.065    0.074    0.065    0.074
 dbcsr_mm_hostdrv_init           114129 12.8    0.048    0.074    0.048    0.074
 transform_ao_to_mo_covariant_f       6  4.0    0.000    0.000    0.070    0.071
 read_gw_input_parameters             1  8.0    0.000    0.000    0.069    0.069
 read_rirs_grid_opt                   1  9.0    0.061    0.068    0.061    0.068
 pw_zero                            206 11.4    0.053    0.068    0.053    0.068
 qs_create_task_list                  1  6.0    0.000    0.002    0.059    0.065
 generate_qs_task_list                1  7.0    0.003    0.004    0.058    0.065
 fft_wrap_pw1pw2_20                  84 11.5    0.001    0.001    0.061    0.064
 distribute_tasks                     1  8.0    0.000    0.001    0.055    0.062
 cp_fm_gemm                           3  9.0    0.060    0.062    0.060    0.062
 mixing_init                          1  6.0    0.055    0.057    0.057    0.057
 transfer_pw2rs_20                   42 13.0    0.019    0.021    0.052    0.056
 mp_bcast_i_src                     104  7.1    0.046    0.056    0.046    0.056
 rs_scatter_matrices                 42  8.0    0.002    0.002    0.046    0.054
 calculate_first_density_matrix       1  6.0    0.001    0.005    0.038    0.050
 calculate_hirshfeld_normalizat       1  7.0    0.031    0.040    0.048    0.049
 mp_isend_dm3                       684 12.5    0.030    0.048    0.030    0.048
 ab_contract                     180712  9.0    0.046    0.048    0.046    0.048
 hirshfeld_integration                1  7.0    0.030    0.038    0.048    0.048
 apply_delta_pulse_MO                 1  3.0    0.000    0.000    0.048    0.048
 propagate_density                    1  4.0    0.000    0.000    0.047    0.047
 bch_propagate                        1  5.0    0.000    0.001    0.047    0.047
 create_local_tasks                   1  9.0    0.000    0.000    0.041    0.047
 mp_alltoall_l11v                     1 10.0    0.041    0.047    0.041    0.047
 write_mo_set_to_restart             41  6.0    0.001    0.004    0.011    0.046
 reserve_blocks_within_radius         1  5.0    0.025    0.040    0.029    0.046
 write_mo_set_low                     3  7.0    0.000    0.000    0.010    0.045
 check_positive_definite_overla       1  7.0    0.000    0.000    0.044    0.045
 mp_alltoall_z11v                    84 14.5    0.041    0.043    0.041    0.043
 mp_sum_im                            8  7.5    0.043    0.043    0.043    0.043
 sort_shells                          4  9.0    0.031    0.043    0.031    0.043
 build_grid_cache                     1  9.0    0.023    0.024    0.033    0.042
 cp_cfm_triangular_invert             1  8.0    0.039    0.040    0.039    0.040
 rs_grid_zero                        87 13.8    0.035    0.037    0.035    0.037
 dbcsr_dot                           83  9.0    0.005    0.005    0.023    0.037
 calculate_atomic_block_dm            1  7.0    0.013    0.025    0.035    0.037
 mp_sum_i                           409  9.9    0.021    0.036    0.021    0.036
 cp_fm_to_fm_matrix                 201 10.4    0.027    0.036    0.027    0.036
 build_core_hamiltonian_matrix        1  5.0    0.000    0.002    0.016    0.035
 cp_fm_copy_general                   4  8.2    0.000    0.000    0.028    0.034
 cp_fm_triangular_invert              1 11.0    0.034    0.034    0.034    0.034
 create_product_matrix              334 10.6    0.004    0.005    0.019    0.033
 cp_fm_redistribute_start            45  9.0    0.000    0.000    0.018    0.032
 yz_to_xz                            42 15.0    0.002    0.002    0.029    0.032
 build_2c_coulomb_matrix_kp           1 10.0    0.000    0.000    0.030    0.031
 lattice_sum                          1 11.0    0.000    0.000    0.029    0.031
 topology_control                     1  2.0    0.001    0.003    0.027    0.029
 coordinate_control                   1  3.0    0.001    0.001    0.023    0.028
 coordinate_control_READ_COORDI       1  4.0    0.000    0.001    0.022    0.027
 read_coordinate_xyz                  1  5.0    0.001    0.001    0.022    0.027
 dbcsr_filter_anytype               203 10.0    0.004    0.006    0.018    0.026
 create_tensors                       1  8.0    0.000    0.000    0.024    0.024
 compute_v_transl                     1 12.0    0.022    0.023    0.022    0.024
 cp_fm_start_copy_general             4  9.2    0.010    0.011    0.016    0.023
 read_rirs_grid_file                  2 10.0    0.009    0.019    0.009    0.019
 build_overlap_matrix_low             1  6.0    0.006    0.017    0.007    0.018
 mp_mem_avail_per_rank_GB             4  9.8    0.001    0.001    0.014    0.018
 mp_maxloc_dv                      1519  1.0    0.018    0.018    0.018    0.018
 mp_comm_split_type                   4 10.8    0.013    0.017    0.013    0.017
 xz_to_yz                            42 12.0    0.001    0.002    0.015    0.017
 print_matrix_occupation              3  9.0    0.000    0.000    0.008    0.017
 fm_add_on_diag                      60 10.0    0.015    0.017    0.015    0.017
 dbt_distribution_new_expert         10 11.5    0.000    0.000    0.016    0.016
 pw_scale                           165 10.8    0.010    0.016    0.010    0.016
 pw_multiply_with                    42 10.0    0.015    0.016    0.015    0.016
 allocate_and_fill_fm_ks_fm_s         1  7.0    0.000    0.001    0.016    0.016
 create_fm_W_MIC_time                 1  9.0    0.000    0.000    0.012    0.015
 load_balance_distributed             2  9.0    0.000    0.000    0.013    0.015
 get_current_loads                   12 10.0    0.000    0.000    0.012    0.015
 create_3c_t                          2  9.0    0.001    0.001    0.014    0.015
 mulliken_population_analysis         1  7.0    0.000    0.000    0.012    0.014
 compute_load_list                    4 10.0    0.000    0.000    0.012    0.014
 dbcsr_crop_matrix                   82 11.0    0.001    0.002    0.013    0.014
 atomic_basis_at_grid_point           1  8.0    0.001    0.002    0.013    0.014
 self_consistency_check              41  6.0    0.000    0.000    0.011    0.014
 cfm_ikp_from_fm_Gamma                3  7.3    0.011    0.014    0.011    0.014
 dbt_tas_distribution_new            10 12.5    0.005    0.005    0.013    0.014
 mp_irecv_dm3                       684 12.5    0.005    0.013    0.005    0.013
 cp_sm_mix                           41  7.0    0.003    0.004    0.010    0.013
 cp_fm_finish_copy_general            4  9.2    0.010    0.010    0.011    0.013
 mp_rank_compare                    748 14.1    0.012    0.013    0.012    0.013
 mp_max_d                           249  9.6    0.010    0.013    0.010    0.013
 mp_max_i                           619  1.8    0.011    0.013    0.011    0.013
 check_gw_input                       1  9.0    0.000    0.000    0.008    0.012
 resolve_memory_per_proc              1 10.0    0.000    0.000    0.008    0.012
 build_local_moment_matrix            2  4.0    0.010    0.011    0.010    0.011
 pw_grid_assign                       4  8.0    0.009    0.010    0.011    0.011
 dbcsr_copy_submatrix                82 12.0    0.002    0.005    0.009    0.011
 atom_int_setup                       2  8.0    0.005    0.010    0.005    0.010
 analyt_conti_and_print               1 10.0    0.002    0.009    0.004    0.010
 evaluate_core_matrix_traces         41  7.0    0.000    0.000    0.009    0.010
 check_for_restart_files              1  8.0    0.009    0.010    0.009    0.010
 xc_pw_smooth                        41 11.0    0.000    0.000    0.007    0.010
 fill_phi_for_atom                    5  9.0    0.000    0.000    0.008    0.010
 calculate_ptrace_kp                 82  8.0    0.000    0.000    0.009    0.010
 mp_comm_size                     18122  4.5    0.008    0.010    0.008    0.010
 mp_bcast_iv_src                     26  7.1    0.008    0.010    0.008    0.010
 mp_alltoall_l                       13 10.9    0.006    0.009    0.006    0.009
 create_2c_t                          1  9.0    0.000    0.000    0.009    0.009
 mp_bcast_av                        760  1.0    0.007    0.009    0.007    0.009
 create_2c_tensor                     3 10.0    0.000    0.000    0.009    0.009
 store_Z_lP_columns                   6 10.0    0.006    0.009    0.006    0.009
 dbt_tas_create_split                 6 13.2    0.000    0.000    0.008    0.009
 dbt_tas_create_split_rows_or_c       6 14.2    0.000    0.000    0.008    0.008
 create_3c_tensor                     2 10.0    0.001    0.002    0.008    0.008
 mp_comm_split_direct                 8 13.6    0.007    0.008    0.007    0.008
 mp_comm_rank                     18122  4.5    0.007    0.008    0.007    0.008
 dbcsr_make_images_dense             82 11.0    0.000    0.000    0.007    0.008
 cube_transpose_2                    42 12.0    0.001    0.001    0.004    0.008
 build_core_ppl                       1  6.0    0.004    0.008    0.004    0.008
 mp_allgather_l                      13 10.9    0.007    0.007    0.007    0.007
 dbcsr_make_dense_low                82 12.0    0.000    0.001    0.006    0.007
 populate_C_active                    1  3.0    0.000    0.000    0.005    0.007
 cp_fm_to_fm_submat_general           1  4.0    0.005    0.007    0.005    0.007
 classify_z_lp_atoms                  1 10.0    0.003    0.004    0.006    0.007
 dbt_pgrid_create_expert             13 11.9    0.001    0.001    0.005    0.007
 make_dense_data                     82 13.0    0.003    0.005    0.005    0.007
 dbcsr_frobenius_norm                 1  5.0    0.005    0.006    0.006    0.006
 mp_min_d                             5 10.0    0.003    0.005    0.003    0.005
 connectivity_control                 1  3.0    0.000    0.001    0.002    0.005
 get_fft_scratch                    749 14.1    0.004    0.005    0.004    0.005
 cp_fm_set_all                       24  5.3    0.004    0.005    0.004    0.005
 lattice_sum_R_to_k                   8 12.0    0.004    0.005    0.004    0.005
 pw_grid_distribute                   4  8.0    0.002    0.003    0.004    0.005
 pw_pool_create_pw                 1303 10.8    0.002    0.003    0.003    0.005
 print_ri_rs_memory_estimate          1  8.0    0.003    0.004    0.005    0.005
 build_kinetic_matrix_low             1  6.0    0.002    0.004    0.002    0.005
 mp_isendrecv_dv                   5292 14.0    0.003    0.005    0.003    0.005
 dbt_create_new                       5 11.0    0.000    0.000    0.004    0.004
 get_parameters_from_qs_env           1  7.0    0.000    0.000    0.003    0.004
 mp_allgather_i                      10 10.4    0.003    0.004    0.003    0.004
 cube_transpose_1                    42 15.0    0.001    0.001    0.003    0.004
 rs_grid_create_descriptor            4  6.0    0.000    0.000    0.003    0.004
 mp_bcast_i                           6 15.2    0.004    0.004    0.004    0.004
 mp_sum_lv                          138  2.2    0.003    0.004    0.003    0.004
 build_core_ppnl                      1  6.0    0.002    0.004    0.002    0.004
 grid_free_task_list                  1  2.0    0.003    0.003    0.003    0.003
 topology_generate_bond               1  4.0    0.000    0.000    0.001    0.003
 restraint_control                    1  3.0    0.000    0.001    0.002    0.003
 calculate_atom                       2  8.0    0.000    0.000    0.002    0.003
 calculate_atom_restricted            2  9.0    0.001    0.002    0.002    0.003
 ddapc_eval_gfunc                     1  8.0    0.002    0.003    0.002    0.003
 mp_sum_b                           184 10.8    0.003    0.003    0.003    0.003
 topology_generate_bond_3             1  5.0    0.000    0.001    0.001    0.003
 write_dft_control                    1  3.0    0.000    0.002    0.000    0.003
 cp_dbcsr_alloc_block_from_nbl       14  7.1    0.000    0.000    0.002    0.003
 grid_create_task_list                1  8.0    0.001    0.002    0.001    0.002
 pw_poisson_rebuild                  42 10.0    0.002    0.002    0.002    0.002
 distribution_3d_create               1 10.0    0.000    0.000    0.002    0.002
 cp_cfm_norm                          7  5.7    0.002    0.002    0.002    0.002
 external_control                    41  6.0    0.000    0.000    0.002    0.002
 pw_pool_give_back_pw              1461 10.8    0.001    0.002    0.001    0.002
 distribution_2d_create               2 11.0    0.001    0.001    0.002    0.002
 write_particle_distances             1  3.0    0.002    0.002    0.002    0.002
 scale_rows_by_diag                  12 10.0    0.000    0.002    0.000    0.002
 calculate_atom_vxc_lda              11 10.0    0.001    0.002    0.001    0.002
 write_mo_dependent_results           1  6.0    0.000    0.002    0.000    0.002
 mp_cart_get                        791 14.1    0.001    0.002    0.001    0.002
 time_to_freq                         1 10.0    0.001    0.001    0.001    0.001
 build_fist_neighbor_lists            1  6.0    0.000    0.001    0.001    0.001
 mpools_rebuild_fm_pools              1  4.0    0.000    0.000    0.001    0.001
 compute_max_radius                   1  6.0    0.001    0.001    0.001    0.001
 calculate_ecore_overlap              1  5.0    0.000    0.000    0.001    0.001
 allocate_matrices                    1  9.0    0.000    0.001    0.001    0.001
 build_qs_neighbor_lists              1  5.0    0.000    0.000    0.001    0.001
 pw_create_c1d                      757 11.6    0.001    0.001    0.001    0.001
 cp_fm_to_fm_columns                  3  7.0    0.001    0.001    0.001    0.001
 mp_alltoall_i                        1 13.0    0.001    0.001    0.001    0.001
 qs_scf_ensure_work_matrices          1  4.0    0.000    0.000    0.001    0.001
 scf_c_read_parameters                1  3.0    0.000    0.001    0.000    0.001
 dbcsr_index_compact                152 11.4    0.001    0.001    0.001    0.001
 qs_scf_write_mos                    42  6.0    0.001    0.001    0.001    0.001
 setup_kpoints_DOS_large_cell_G       1  7.0    0.000    0.000    0.001    0.001
 dbcsr_copy_into_existing             1  7.0    0.001    0.001    0.001    0.001
 allocate_blocks_v_L                  2 12.0    0.001    0.001    0.001    0.001
 mp_bcast_iv                        149  2.9    0.001    0.001    0.001    0.001
 allocate_blocks_v_kp                 1 12.0    0.001    0.001    0.001    0.001
 init_qs_kind_set                     1  3.0    0.000    0.000    0.000    0.001
 init_qs_kind                         2  4.0    0.000    0.000    0.000    0.001
 init_orb_basis_set                   4  5.0    0.000    0.000    0.000    0.001
 continuation_pade                   53 11.0    0.000    0.000    0.000    0.001
 init_cphi_and_sphi                   4  6.0    0.000    0.001    0.000    0.001
 connectivity_control_check_ele       1  4.0    0.000    0.001    0.000    0.001
 get_n_ao_in_sphere                 592 10.0    0.001    0.001    0.001    0.001
 get_sigma_c_newton_pade             53 12.0    0.000    0.001    0.000    0.001
 init_cube_info                       4  6.0    0.001    0.001    0.001    0.001
 allocate_tmp                         1 11.0    0.000    0.000    0.001    0.001
 build_neighbor_lists                 1  7.0    0.000    0.001    0.000    0.001
 distribute_molecules_2d              2  7.5    0.000    0.001    0.000    0.001
 set_blocks_to_matrix_v_kp            1 12.0    0.001    0.001    0.001    0.001
 fft3d_s                              1  2.0    0.000    0.001    0.000    0.001
 kpoint_init_cell_index_simple        1  8.0    0.000    0.000    0.001    0.001
 kpoint_init_cell_index               1  9.0    0.000    0.001    0.001    0.001
 mp_comm_dup                         10 11.9    0.001    0.001    0.001    0.001
 bs_env_release                       1  2.0    0.000    0.000    0.001    0.001
 initialize_singleparticle_hami       1  3.0    0.000    0.000    0.000    0.001
 qs_scf_post_charges                  1  5.0    0.000    0.001    0.000    0.001
 scf_c_write_parameters               1  3.0    0.000    0.001    0.000    0.001
 multi_fft                            1  4.0    0.001    0.001    0.001    0.001
 optimize_load_list                   2 10.0    0.000    0.000    0.000    0.001
 scf_c_create                         1  3.0    0.000    0.001    0.000    0.001
 get_rpa_minimax_coeff_larger_g       1 10.0    0.000    0.001    0.000    0.001
 create_grid_atom                     2  8.0    0.000    0.001    0.000    0.001
 pw_create_r3d                      751 11.7    0.000    0.001    0.000    0.001
 build_3c_neighbor_lists              1 10.0    0.000    0.000    0.000    0.001
 init_interaction_radii               3  7.3    0.000    0.001    0.000    0.001
 set_parallelization_parameters       1  9.0    0.000    0.000    0.000    0.001
 topology_generate_bond_2             1  5.0    0.000    0.001    0.000    0.001
 topology_connectivity_pack           1  3.0    0.000    0.000    0.000    0.001
 write_qs_particle_coordinates        1  3.0    0.000    0.001    0.000    0.001
 build_neighbor_lists_RPA_2c_nl       4  8.2    0.000    0.000    0.000    0.000
 mp_sum_partial_im                    2 11.0    0.000    0.000    0.000    0.000
 read_smeagol_control                 1  3.0    0.000    0.000    0.000    0.000
 build_neighbor_lists_sap_ppnl        1  6.0    0.000    0.000    0.000    0.000
 read_qs_section                      1  3.0    0.000    0.000    0.000    0.000
 qs_scf_loop_print                   41  6.0    0.000    0.000    0.000    0.000
 mp_max_iv                            1 10.0    0.000    0.000    0.000    0.000
 create_mat_munu                      1 10.0    0.000    0.000    0.000    0.000
 compute_xkp                          3  9.3    0.000    0.000    0.000    0.000
 wfi_create                           1  3.0    0.000    0.000    0.000    0.000
 dbt_tas_create_new                   5 12.0    0.000    0.000    0.000    0.000
 write_orbpop                         1  8.0    0.000    0.000    0.000    0.000
 topology_connectivity_pack_5         1  4.0    0.000    0.000    0.000    0.000
 cp_cfm_to_cfm_columns                1  8.0    0.000    0.000    0.000    0.000
 dbcsr_make_dists_dense              41 10.0    0.000    0.000    0.000    0.000
 mp_sum_r                             1  2.0    0.000    0.000    0.000    0.000
 build_neighbor_lists_sac_ppl         1  6.0    0.000    0.000    0.000    0.000
 delete_unnecessary_files             1  9.0    0.000    0.000    0.000    0.000
 build_neighbor_lists_GW_3c_nl_       1 11.0    0.000    0.000    0.000    0.000
 mixing_allocate                      1  4.0    0.000    0.000    0.000    0.000
 qs_efield_local_operator            42  9.0    0.000    0.000    0.000    0.000
 set_mo_occupation_2                 41  7.0    0.000    0.000    0.000    0.000
 de_init_bs_env                       1  8.0    0.000    0.000    0.000    0.000
 print_Z_lP_progress                  7 10.0    0.000    0.000    0.000    0.000
 deallocate_blocks_v_L                2 12.0    0.000    0.000    0.000    0.000
 safe_delete                         60 10.0    0.000    0.000    0.000    0.000
 build_neighbor_lists_GW_3c_nl_       1 11.0    0.000    0.000    0.000    0.000
 rs_grid_create                       6  6.7    0.000    0.000    0.000    0.000
 dbt_destroy                          5  3.0    0.000    0.000    0.000    0.000
 offload_create_buffer                8  7.8    0.000    0.000    0.000    0.000
 load_balance_replicated              1  9.0    0.000    0.000    0.000    0.000
 topology_generate_bond_4             1  5.0    0.000    0.000    0.000    0.000
 qs_scf_ensure_mos                    1  4.0    0.000    0.000    0.000    0.000
 mp_bcast_i3                          2 11.0    0.000    0.000    0.000    0.000
 mp_max_r                             1  2.0    0.000    0.000    0.000    0.000
 metadyn_read                         1  2.0    0.000    0.000    0.000    0.000
 dbcsr_index_prune_deleted          103 12.1    0.000    0.000    0.000    0.000
 write_qs_kind_set                    1  3.0    0.000    0.000    0.000    0.000
 set_mo_occupation_1                 42  8.0    0.000    0.000    0.000    0.000
 qs_env_rebuild_rho                   1  6.0    0.000    0.000    0.000    0.000
 deallocate_blocks_v_kp               1 12.0    0.000    0.000    0.000    0.000
 build_neighbor_lists_sab_core        1  6.0    0.000    0.000    0.000    0.000
 qs_rho_rebuild                       1  7.0    0.000    0.000    0.000    0.000
 dbcsr_verify_matrix                 41  9.0    0.000    0.000    0.000    0.000
 atom2d_build                         8  9.0    0.000    0.000    0.000    0.000
 wfs_update                           1  4.0    0.000    0.000    0.000    0.000
 pw_grid_allocate                     4  8.0    0.000    0.000    0.000    0.000
 get_all_VBM_CBM_bandgaps             1 10.0    0.000    0.000    0.000    0.000
 correct_obvious_fitting_fails        1 11.0    0.000    0.000    0.000    0.000
 distribute_molecules_1d              2  7.0    0.000    0.000    0.000    0.000
 mp_mem_used_per_rank_GB              2  9.5    0.000    0.000    0.000    0.000
 mp_sum_root_iv                       2 11.0    0.000    0.000    0.000    0.000
 check_scf_gw_level_ordering          1 11.0    0.000    0.000    0.000    0.000
 build_neighbor_lists_sab_orb_s       1 11.0    0.000    0.000    0.000    0.000
 topology_connectivity_pack_2         1  4.0    0.000    0.000    0.000    0.000
 distribution_3d_destroy              1  9.0    0.000    0.000    0.000    0.000
 build_neighbor_lists_sab_orb         1  6.0    0.000    0.000    0.000    0.000
 cp_fm_redistribute_end              45  9.0    0.000    0.000    0.000    0.000
 cp_ddapc_apply_RF                   42 10.0    0.000    0.000    0.000    0.000
 mp_bcast_av_src                      1  7.0    0.000    0.000    0.000    0.000
 build_neighbor_lists_sab_all         1  6.0    0.000    0.000    0.000    0.000
 check_for_derivatives               41 11.0    0.000    0.000    0.000    0.000
 topology_molecules_check             1  4.0    0.000    0.000    0.000    0.000
 print_atomic_charges                42 13.0    0.000    0.000    0.000    0.000
 write_band_edges                     3  7.0    0.000    0.000    0.000    0.000
 initialize_maximum_timestep          1  3.0    0.000    0.000    0.000    0.000
 contract2                           15  9.0    0.000    0.000    0.000    0.000
 check_diag                          45  8.0    0.000    0.000    0.000    0.000
 get_exp_minimax_coeff_gw             1 10.0    0.000    0.000    0.000    0.000
 dbt_distribution_destroy            10 11.5    0.000    0.000    0.000    0.000
 print_header_and_input_paramet       1  8.0    0.000    0.000    0.000    0.000
 mp_bcast_im                          8 10.2    0.000    0.000    0.000    0.000
 qs_efield_berry_phase               42  9.0    0.000    0.000    0.000    0.000
 qs_ks_did_change                    43  6.0    0.000    0.000    0.000    0.000
 mp_min_lv                            4  8.0    0.000    0.000    0.000    0.000
 check_generate_mol                   1  6.0    0.000    0.000    0.000    0.000
 cp_fm_scale                          2  6.5    0.000    0.000    0.000    0.000
 atom_ppint_setup                     2  8.0    0.000    0.000    0.000    0.000
 mp_cart_coords                     320  9.8    0.000    0.000    0.000    0.000
 mp_max_lv                            4  8.0    0.000    0.000    0.000    0.000
 topology_generate_bond_1             1  5.0    0.000    0.000    0.000    0.000
 topology_coordinate_pack             1  3.0    0.000    0.000    0.000    0.000
 mp_min_i                             4  6.0    0.000    0.000    0.000    0.000
 get_basis_offsets                    1  9.0    0.000    0.000    0.000    0.000
 lpt_assign_atoms                     1 10.0    0.000    0.000    0.000    0.000
 initialize_density_matrix            1  3.0    0.000    0.000    0.000    0.000
 topology_generate_molecule           1  4.0    0.000    0.000    0.000    0.000
 set_RI_basis_function_indices        1  9.0    0.000    0.000    0.000    0.000
 create_destination_list              2 10.0    0.000    0.000    0.000    0.000
 qs_scf_initial_info                  1  5.0    0.000    0.000    0.000    0.000
 deallocate_tmp                       1 11.0    0.000    0.000    0.000    0.000
 cp_result_value_p_reallocate         4  7.8    0.000    0.000    0.000    0.000
 scf_env_cleanup                      1  4.0    0.000    0.000    0.000    0.000
 cp_fm_cleanup_copy_general           4  9.2    0.000    0.000    0.000    0.000
 qs_scf_print_scf_summary             1  6.0    0.000    0.000    0.000    0.000
 setup_AO_and_RI_basis_set            1  8.0    0.000    0.000    0.000    0.000
 make_basic_distribution              2  8.5    0.000    0.000    0.000    0.000
 mp_sum_lm3                           1  2.0    0.000    0.000    0.000    0.000
 topology_connectivity_pack_4         1  4.0    0.000    0.000    0.000    0.000
 topology_generate_onfo               1  4.0    0.000    0.000    0.000    0.000
 resolve_grid_panels                  4  9.2    0.000    0.000    0.000    0.000
 balance_global_list                  2 11.0    0.000    0.000    0.000    0.000
 topology_set_atm_mass                1  4.0    0.000    0.000    0.000    0.000
 topology_connectivity_pack_14        1  4.0    0.000    0.000    0.000    0.000
 reallocate_ft_traces                 1  4.0    0.000    0.000    0.000    0.000
 wfi_extrapolate                      1  6.0    0.000    0.000    0.000    0.000
 mp_cart_rank                        72 13.0    0.000    0.000    0.000    0.000
 ps_implicit_release                  2  4.0    0.000    0.000    0.000    0.000
 mp_dims_create                       4 10.5    0.000    0.000    0.000    0.000
 print_gw_rirs_input                  1  9.0    0.000    0.000    0.000    0.000
 write_qs_control                     1  3.0    0.000    0.000    0.000    0.000
 spatial_atom_order                   1  9.0    0.000    0.000    0.000    0.000
 topology_connectivity_pack_13        1  4.0    0.000    0.000    0.000    0.000
 read_bandstructure_input_param       1  7.0    0.000    0.000    0.000    0.000
 init_scf_loop                        1  5.0    0.000    0.000    0.000    0.000
 topology_connectivity_pack_11        1  4.0    0.000    0.000    0.000    0.000
 fix_atom_control                     1  3.0    0.000    0.000    0.000    0.000
 get_VBM_CBM_bandgaps                 3 11.0    0.000    0.000    0.000    0.000
 precompute_ri_rs_radii               1  8.0    0.000    0.000    0.000    0.000
 topology_connectivity_pack_10        1  4.0    0.000    0.000    0.000    0.000
 xc_libxc_check_functional            2  4.0    0.000    0.000    0.000    0.000
 topology_connectivity_pack_12        1  4.0    0.000    0.000    0.000    0.000
 kpoint_initialize                    1  2.0    0.000    0.000    0.000    0.000
 sort_neighbor_lists                  1  7.0    0.000    0.000    0.000    0.000
 topology_coordinate_pack_11          1  4.0    0.000    0.000    0.000    0.000
 topology_connectivity_pack_7         1  4.0    0.000    0.000    0.000    0.000
 determine_active_mo_window           1  3.0    0.000    0.000    0.000    0.000
 read_tddfpt2_control                 1  3.0    0.000    0.000    0.000    0.000
 topology_constraint_pack             1  3.0    0.000    0.000    0.000    0.000
 fist_neighbor_init                   1  8.0    0.000    0.000    0.000    0.000
 mp_sum_rv                            1  2.0    0.000    0.000    0.000    0.000
 diag                                 5  9.0    0.000    0.000    0.000    0.000
 mp_max_rv                            1  2.0    0.000    0.000    0.000    0.000
 mp_min_rv                            1  2.0    0.000    0.000    0.000    0.000
 topology_connectivity_pack_9         1  4.0    0.000    0.000    0.000    0.000
 write_molecule_kind_set              1  3.0    0.000    0.000    0.000    0.000
 scf_env_release                      1  2.0    0.000    0.000    0.000    0.000
 topology_generate_bond_6             1  5.0    0.000    0.000    0.000    0.000
 offload_free_buffer                  8  3.5    0.000    0.000    0.000    0.000
 topology_connectivity_pack_6         1  4.0    0.000    0.000    0.000    0.000
 resp_fit                             1  6.0    0.000    0.000    0.000    0.000
 check_cp2k_input                     1  2.0    0.000    0.000    0.000    0.000
 init_ec_env                          1  2.0    0.000    0.000    0.000    0.000
 external_c_potential                 1  5.0    0.000    0.000    0.000    0.000
 cp_result_value_copy                 6  8.5    0.000    0.000    0.000    0.000
 create_local_fixd_list               1  4.0    0.000    0.000    0.000    0.000
 topology_coordinate_pack_1           1  4.0    0.000    0.000    0.000    0.000
 cp_result_release                    1  2.0    0.000    0.000    0.000    0.000
 dump_info_core_hamiltonian           1  6.0    0.000    0.000    0.000    0.000
 init_evGW0                           1  9.0    0.000    0.000    0.000    0.000
 topology_generate_molecule_PAR       1  5.0    0.000    0.000    0.000    0.000
 print_sphere_cutoff_table            1 10.0    0.000    0.000    0.000    0.000
 print_header                         1  7.0    0.000    0.000    0.000    0.000
 sg_erf                               5  9.0    0.000    0.000    0.000    0.000
 topology_connectivity_pack_8         1  4.0    0.000    0.000    0.000    0.000
 grid_create_basis_set                2  8.0    0.000    0.000    0.000    0.000
 read_topology_section                1  3.0    0.000    0.000    0.000    0.000
 qs_scf_post_kubo_transport           1  7.0    0.000    0.000    0.000    0.000
 qs_scf_post_ps_implicit              1  7.0    0.000    0.000    0.000    0.000
 setup_kpoints_chi_eps_W              1  9.0    0.000    0.000    0.000    0.000
 calculate_ecore_self                 1  5.0    0.000    0.000    0.000    0.000
 read_evgw0_input                     1  9.0    0.000    0.000    0.000    0.000
 qs_scf_post_transport                1  7.0    0.000    0.000    0.000    0.000
 cp_result_value_release             10  6.3    0.000    0.000    0.000    0.000
 scf_env_create                       1  4.0    0.000    0.000    0.000    0.000
 ec_env_release                       1  2.0    0.000    0.000    0.000    0.000
 atom2d_cleanup                       8  9.0    0.000    0.000    0.000    0.000
 topology_constraint_pack_6           1  4.0    0.000    0.000    0.000    0.000
 read_mgrid_section                   1  3.0    0.000    0.000    0.000    0.000
 contract2add                        10  9.0    0.000    0.000    0.000    0.000
 set_heuristic_parameters             2  7.5    0.000    0.000    0.000    0.000
 mp_isend_im2                         8 10.2    0.000    0.000    0.000    0.000
 topology_constraint_pack_1           1  4.0    0.000    0.000    0.000    0.000
 read_rirs_input                      1  9.0    0.000    0.000    0.000    0.000
 qs_scf_post_elf                      1  5.0    0.000    0.000    0.000    0.000
 grid_free_basis_set                  2  2.0    0.000    0.000    0.000    0.000
 topology_connectivity_pack_3         1  4.0    0.000    0.000    0.000    0.000
 linres_calculation_low               1  5.0    0.000    0.000    0.000    0.000
 topology_connectivity_pack_1         1  4.0    0.000    0.000    0.000    0.000
 get_factor_and_xyz_min_max           1 12.0    0.000    0.000    0.000    0.000
 transport_current                    1  8.0    0.000    0.000    0.000    0.000
 write_symmetry                       1  3.0    0.000    0.000    0.000    0.000
 allocate_GW_eigenvalues              1  8.0    0.000    0.000    0.000    0.000
 topology_coordinate_pack_7a          1  4.0    0.000    0.000    0.000    0.000
 read_binary_coordinates              1  3.0    0.000    0.000    0.000    0.000
 write_structure_data                 1  3.0    0.000    0.000    0.000    0.000
 cp_result_value_create              10  8.6    0.000    0.000    0.000    0.000
 topology_coordinate_pack_5           1  4.0    0.000    0.000    0.000    0.000
 atom_relint_setup                    2  8.0    0.000    0.000    0.000    0.000
 init_harris_env                      1  3.0    0.000    0.000    0.000    0.000
 topology_coordinate_pack_3           1  4.0    0.000    0.000    0.000    0.000
 cp_result_value_init                 4  7.8    0.000    0.000    0.000    0.000
 get_i_j_atoms                        2 10.0    0.000    0.000    0.000    0.000
 mp_irecv_im2                         8 10.2    0.000    0.000    0.000    0.000
 write_ks_matrix_csr                  1  7.0    0.000    0.000    0.000    0.000
 write_adjacency_matrix               1  7.0    0.000    0.000    0.000    0.000
 qs_scf_post_moments                  1  5.0    0.000    0.000    0.000    0.000
 plan_grid_panels                     1 10.0    0.000    0.000    0.000    0.000
 write_gto_basis_sets                 1  3.0    0.000    0.000    0.000    0.000
 print_cutoff_radius_input            4 10.0    0.000    0.000    0.000    0.000
 topology_constraint_pack_5           1  4.0    0.000    0.000    0.000    0.000
 write_hcore_matrix_csr               1  7.0    0.000    0.000    0.000    0.000
 rt_bse_ri_rs_ensure_grid             2  5.0    0.000    0.000    0.000    0.000
 topology_connectivity_pack_12_       1  4.0    0.000    0.000    0.000    0.000
 qs_scf_post_xray                     1  5.0    0.000    0.000    0.000    0.000
 allocate_qs_energy                   1  3.0    0.000    0.000    0.000    0.000
 qs_scf_post_local_energy             1  7.0    0.000    0.000    0.000    0.000
 qs_scf_post_efg                      1  5.0    0.000    0.000    0.000    0.000
 write_p_matrix_csr                   1  7.0    0.000    0.000    0.000    0.000
 write_dm_binary_restart              1  7.0    0.000    0.000    0.000    0.000
 qs_scf_post_epr                      1  5.0    0.000    0.000    0.000    0.000
 qs_scf_post_molopt                   1  5.0    0.000    0.000    0.000    0.000
 write_s_matrix_csr                   1  7.0    0.000    0.000    0.000    0.000
 qs_scf_post_local_stress             1  7.0    0.000    0.000    0.000    0.000
 topology_muc                         1  4.0    0.000    0.000    0.000    0.000
 square_mesh                          2 11.0    0.000    0.000    0.000    0.000
 topology_coordinate_pack_6           1  4.0    0.000    0.000    0.000    0.000
 add_external_potential               1  3.0    0.000    0.000    0.000    0.000
 write_mos_molden                     1  7.0    0.000    0.000    0.000    0.000
 topology_coordinate_pack_89          1  4.0    0.000    0.000    0.000    0.000
 qs_scf_post_et                       1  5.0    0.000    0.000    0.000    0.000
 tddfpt2_control_create               2  3.0    0.000    0.000    0.000    0.000
 topology_coordinate_pack_4           1  4.0    0.000    0.000    0.000    0.000
 wfn_mix                              1  5.0    0.000    0.000    0.000    0.000
 read_auto_ri_input                   1  9.0    0.000    0.000    0.000    0.000
 tddfpt2_control_release              2  2.0    0.000    0.000    0.000    0.000
 auto_ri_release                      1  3.0    0.000    0.000    0.000    0.000
 topology_connectivity_pack_14_       1  4.0    0.000    0.000    0.000    0.000
 reset_and_clean_bs_env               1  9.0    0.000    0.000    0.000    0.000
 excited_state_energy                 1  4.0    0.000    0.000    0.000    0.000
 topology_connectivity_pack_13_       1  4.0    0.000    0.000    0.000    0.000
 topology_generate_bend               1  4.0    0.000    0.000    0.000    0.000
 compute_matrix_w                     1  4.0    0.000    0.000    0.000    0.000
 calculate_ecore_efield               1  5.0    0.000    0.000    0.000    0.000
 smeagol_control_release              1  2.0    0.000    0.000    0.000    0.000
 topology_connectivity_pack_11_       1  4.0    0.000    0.000    0.000    0.000
 handle_ext_restart                   1  3.0    0.000    0.000    0.000    0.000
 topology_connectivity_pack_1.1       1  4.0    0.000    0.000    0.000    0.000
 topology_coordinate_pack_7b          1  4.0    0.000    0.000    0.000    0.000
 wannier90_interface                  1  5.0    0.000    0.000    0.000    0.000
 rescale_forces                       1  3.0    0.000    0.000    0.000    0.000
 smeagol_control_create               1  3.0    0.000    0.000    0.000    0.000
 topology_constraint_pack_7           1  4.0    0.000    0.000    0.000    0.000
 fp_env_write                         1  2.0    0.000    0.000    0.000    0.000
 external_read_density                1  5.0    0.000    0.000    0.000    0.000
 fp_env_read                          1  2.0    0.000    0.000    0.000    0.000
 check_qs_kind_set                    1  3.0    0.000    0.000    0.000    0.000
 topology_generate_bond_7             1  5.0    0.000    0.000    0.000    0.000
 external_e_potential                 1  5.0    0.000    0.000    0.000    0.000
 topology_constraint_pack_2           1  4.0    0.000    0.000    0.000    0.000
 topology_coordinate_pack_2           1  4.0    0.000    0.000    0.000    0.000
 pw_env_create                        1  5.0    0.000    0.000    0.000    0.000
 topology_constraint_pack_3           1  4.0    0.000    0.000    0.000    0.000
 topology_generate_impr               1  4.0    0.000    0.000    0.000    0.000
 topology_generate_dihe               1  4.0    0.000    0.000    0.000    0.000
 topology_generate_ub                 1  4.0    0.000    0.000    0.000    0.000
 cp_result_create                     1  2.0    0.000    0.000    0.000    0.000
 topology_coordinate_pack_10          1  4.0    0.000    0.000    0.000    0.000
 topology_constraint_pack_4           1  4.0    0.000    0.000    0.000    0.000
 cleanup_scf_loop                     1  6.0    0.000    0.000    0.000    0.000
 -------------------------------------------------------------------------------

 The number of warnings for this run is : 2
 
 -------------------------------------------------------------------------------
  **** **** ******  **  PROGRAM ENDED AT                 2026-09-30 16:50:57.971
 ***** ** ***  *** **   PROGRAM RAN ON                                    cn1517
 **    ****   ******    PROGRAM RAN BY                                  metdyn07
 ***** **    ** ** **   PROGRAM PROCESS ID                               4168792
  **** **  *******  **  PROGRAM STOPPED IN /scratch/hpc-prf-metdyn/metdyn07_Rita
                                           j/project-max-rtbse/g0w0_rtbse_compar
                                           ison_tuned/16/conv_new_30_09/grid_25
