srun: warning: can't honor --ntasks-per-node set to 16 which doesn't match the requested tasks 64 and -mpack, which forces min number of nodes to 1
CPU_SET_HEX_STR_SIZE: 257, Size of mstr: 257
cpu-bind=MASK - cn1218, task 32  0 [2016090]: mask |BBBBBBBB|--------|--------|--------|--------|--------|--------|--------|--------|BBBB----|--------|--------||||--------|--------|--------|--------|--------|--------|--------|--------|--------|--------|--------|--------| set
CPU_SET_HEX_STR_SIZE: 257, Size of mstr: 257
cpu-bind=MASK - cn1218, task 33  1 [2016091]: mask |--------|--------|--------|BBBBBBBB|--------|--------|--------|--------|--------|----BBBB|--------|--------||||--------|--------|--------|--------|--------|--------|--------|--------|--------|--------|--------|--------| set
CPU_SET_HEX_STR_SIZE: 257, Size of mstr: 257
cpu-bind=MASK - cn1218, task 34  2 [2016092]: mask |--------|BBBB----|--------|--------|--------|--------|BBBBBBBB|--------|--------|--------|--------|--------||||--------|--------|--------|--------|--------|--------|--------|--------|--------|--------|--------|--------| set
CPU_SET_HEX_STR_SIZE: 257, Size of mstr: 257
cpu-bind=MASK - cn1218, task 35  3 [2016093]: mask |--------|----BBBB|--------|--------|--------|--------|--------|--------|--------|--------|BBBBBBBB|--------||||--------|--------|--------|--------|--------|--------|--------|--------|--------|--------|--------|--------| set
CPU_SET_HEX_STR_SIZE: 257, Size of mstr: 257
cpu-bind=MASK - cn1218, task 36  4 [2016094]: mask |--------|--------|--------|--------|BBBBBBBB|--------|--------|BBBB----|--------|--------|--------|--------||||--------|--------|--------|--------|--------|--------|--------|--------|--------|--------|--------|--------| set
CPU_SET_HEX_STR_SIZE: 257, Size of mstr: 257
cpu-bind=MASK - cn1218, task 37  5 [2016095]: mask |--------|--------|BBBBBBBB|--------|--------|--------|--------|----BBBB|--------|--------|--------|--------||||--------|--------|--------|--------|--------|--------|--------|--------|--------|--------|--------|--------| set
CPU_SET_HEX_STR_SIZE: 257, Size of mstr: 257
cpu-bind=MASK - cn1218, task 38  6 [2016096]: mask |--------|--------|--------|--------|--------|BBBB----|--------|--------|--------|--------|--------|BBBBBBBB||||--------|--------|--------|--------|--------|--------|--------|--------|--------|--------|--------|--------| set
CPU_SET_HEX_STR_SIZE: 257, Size of mstr: 257
cpu-bind=MASK - cn1218, task 39  7 [2016097]: mask |--------|--------|--------|--------|--------|----BBBB|--------|--------|BBBBBBBB|--------|--------|--------||||--------|--------|--------|--------|--------|--------|--------|--------|--------|--------|--------|--------| set
CPU_SET_HEX_STR_SIZE: 257, Size of mstr: 257
cpu-bind=MASK - cn1218, task 40  8 [2016098]: mask |--------|--------|--------|--------|--------|--------|--------|--------|--------|--------|--------|--------||||BBBBBBBB|--------|--------|--------|--------|--------|--------|--------|--------|BBBB----|--------|--------| set
CPU_SET_HEX_STR_SIZE: 257, Size of mstr: 257
cpu-bind=MASK - cn1218, task 41  9 [2016099]: mask |--------|--------|--------|--------|--------|--------|--------|--------|--------|--------|--------|--------||||--------|--------|--------|BBBBBBBB|--------|--------|--------|--------|--------|----BBBB|--------|--------| set
CPU_SET_HEX_STR_SIZE: 257, Size of mstr: 257
cpu-bind=MASK - cn1218, task 42 10 [2016100]: mask |--------|--------|--------|--------|--------|--------|--------|--------|--------|--------|--------|--------||||--------|BBBB----|--------|--------|--------|--------|BBBBBBBB|--------|--------|--------|--------|--------| set
CPU_SET_HEX_STR_SIZE: 257, Size of mstr: 257
cpu-bind=MASK - cn1218, task 43 11 [2016101]: mask |--------|--------|--------|--------|--------|--------|--------|--------|--------|--------|--------|--------||||--------|----BBBB|--------|--------|--------|--------|--------|--------|--------|--------|BBBBBBBB|--------| set
CPU_SET_HEX_STR_SIZE: 257, Size of mstr: 257
cpu-bind=MASK - cn1218, task 44 12 [2016102]: mask |--------|--------|--------|--------|--------|--------|--------|--------|--------|--------|--------|--------||||--------|--------|--------|--------|BBBBBBBB|--------|--------|BBBB----|--------|--------|--------|--------| set
CPU_SET_HEX_STR_SIZE: 257, Size of mstr: 257
cpu-bind=MASK - cn1218, task 45 13 [2016103]: mask |--------|--------|--------|--------|--------|--------|--------|--------|--------|--------|--------|--------||||--------|--------|BBBBBBBB|--------|--------|--------|--------|----BBBB|--------|--------|--------|--------| set
CPU_SET_HEX_STR_SIZE: 257, Size of mstr: 257
cpu-bind=MASK - cn1218, task 46 14 [2016104]: mask |--------|--------|--------|--------|--------|--------|--------|--------|--------|--------|--------|--------||||--------|--------|--------|--------|--------|BBBB----|--------|--------|--------|--------|--------|BBBBBBBB| set
CPU_SET_HEX_STR_SIZE: 257, Size of mstr: 257
cpu-bind=MASK - cn1218, task 47 15 [2016105]: mask |--------|--------|--------|--------|--------|--------|--------|--------|--------|--------|--------|--------||||--------|--------|--------|--------|--------|----BBBB|--------|--------|BBBBBBBB|--------|--------|--------| set
CPU_SET_HEX_STR_SIZE: 257, Size of mstr: 257
cpu-bind=MASK - cn1202, task  0  0 [1894429]: mask |BBBBBBBB|--------|--------|--------|--------|--------|--------|--------|--------|BBBB----|--------|--------||||--------|--------|--------|--------|--------|--------|--------|--------|--------|--------|--------|--------| set
CPU_SET_HEX_STR_SIZE: 257, Size of mstr: 257
cpu-bind=MASK - cn1202, task  1  1 [1894430]: mask |--------|--------|--------|BBBBBBBB|--------|--------|--------|--------|--------|----BBBB|--------|--------||||--------|--------|--------|--------|--------|--------|--------|--------|--------|--------|--------|--------| set
CPU_SET_HEX_STR_SIZE: 257, Size of mstr: 257
cpu-bind=MASK - cn1202, task  2  2 [1894431]: mask |--------|BBBB----|--------|--------|--------|--------|BBBBBBBB|--------|--------|--------|--------|--------||||--------|--------|--------|--------|--------|--------|--------|--------|--------|--------|--------|--------| set
CPU_SET_HEX_STR_SIZE: 257, Size of mstr: 257
cpu-bind=MASK - cn1202, task  3  3 [1894432]: mask |--------|----BBBB|--------|--------|--------|--------|--------|--------|--------|--------|BBBBBBBB|--------||||--------|--------|--------|--------|--------|--------|--------|--------|--------|--------|--------|--------| set
CPU_SET_HEX_STR_SIZE: 257, Size of mstr: 257
cpu-bind=MASK - cn1202, task  4  4 [1894433]: mask |--------|--------|--------|--------|BBBBBBBB|--------|--------|BBBB----|--------|--------|--------|--------||||--------|--------|--------|--------|--------|--------|--------|--------|--------|--------|--------|--------| set
CPU_SET_HEX_STR_SIZE: 257, Size of mstr: 257
cpu-bind=MASK - cn1202, task  5  5 [1894434]: mask |--------|--------|BBBBBBBB|--------|--------|--------|--------|----BBBB|--------|--------|--------|--------||||--------|--------|--------|--------|--------|--------|--------|--------|--------|--------|--------|--------| set
CPU_SET_HEX_STR_SIZE: 257, Size of mstr: 257
cpu-bind=MASK - cn1227, task 48  0 [1973228]: mask |BBBBBBBB|--------|--------|--------|--------|--------|--------|--------|--------|BBBB----|--------|--------||||--------|--------|--------|--------|--------|--------|--------|--------|--------|--------|--------|--------| set
CPU_SET_HEX_STR_SIZE: 257, Size of mstr: 257
cpu-bind=MASK - cn1202, task  6  6 [1894435]: mask |--------|--------|--------|--------|--------|BBBB----|--------|--------|--------|--------|--------|BBBBBBBB||||--------|--------|--------|--------|--------|--------|--------|--------|--------|--------|--------|--------| set
CPU_SET_HEX_STR_SIZE: 257, Size of mstr: 257
cpu-bind=MASK - cn1227, task 49  1 [1973229]: mask |--------|--------|--------|BBBBBBBB|--------|--------|--------|--------|--------|----BBBB|--------|--------||||--------|--------|--------|--------|--------|--------|--------|--------|--------|--------|--------|--------| set
CPU_SET_HEX_STR_SIZE: 257, Size of mstr: 257
cpu-bind=MASK - cn1202, task  7  7 [1894436]: mask |--------|--------|--------|--------|--------|----BBBB|--------|--------|BBBBBBBB|--------|--------|--------||||--------|--------|--------|--------|--------|--------|--------|--------|--------|--------|--------|--------| set
CPU_SET_HEX_STR_SIZE: 257, Size of mstr: 257
cpu-bind=MASK - cn1227, task 50  2 [1973230]: mask |--------|BBBB----|--------|--------|--------|--------|BBBBBBBB|--------|--------|--------|--------|--------||||--------|--------|--------|--------|--------|--------|--------|--------|--------|--------|--------|--------| set
CPU_SET_HEX_STR_SIZE: 257, Size of mstr: 257
cpu-bind=MASK - cn1202, task  8  8 [1894437]: mask |--------|--------|--------|--------|--------|--------|--------|--------|--------|--------|--------|--------||||BBBBBBBB|--------|--------|--------|--------|--------|--------|--------|--------|BBBB----|--------|--------| set
CPU_SET_HEX_STR_SIZE: 257, Size of mstr: 257
cpu-bind=MASK - cn1202, task  9  9 [1894438]: mask |--------|--------|--------|--------|--------|--------|--------|--------|--------|--------|--------|--------||||--------|--------|--------|BBBBBBBB|--------|--------|--------|--------|--------|----BBBB|--------|--------| set
CPU_SET_HEX_STR_SIZE: 257, Size of mstr: 257
cpu-bind=MASK - cn1207, task 16  0 [3707579]: mask |BBBBBBBB|--------|--------|--------|--------|--------|--------|--------|--------|BBBB----|--------|--------||||--------|--------|--------|--------|--------|--------|--------|--------|--------|--------|--------|--------| set
CPU_SET_HEX_STR_SIZE: 257, Size of mstr: 257
cpu-bind=MASK - cn1227, task 51  3 [1973231]: mask |--------|----BBBB|--------|--------|--------|--------|--------|--------|--------|--------|BBBBBBBB|--------||||--------|--------|--------|--------|--------|--------|--------|--------|--------|--------|--------|--------| set
CPU_SET_HEX_STR_SIZE: 257, Size of mstr: 257
cpu-bind=MASK - cn1202, task 10 10 [1894439]: mask |--------|--------|--------|--------|--------|--------|--------|--------|--------|--------|--------|--------||||--------|BBBB----|--------|--------|--------|--------|BBBBBBBB|--------|--------|--------|--------|--------| set
CPU_SET_HEX_STR_SIZE: 257, Size of mstr: 257
cpu-bind=MASK - cn1207, task 17  1 [3707580]: mask |--------|--------|--------|BBBBBBBB|--------|--------|--------|--------|--------|----BBBB|--------|--------||||--------|--------|--------|--------|--------|--------|--------|--------|--------|--------|--------|--------| set
CPU_SET_HEX_STR_SIZE: 257, Size of mstr: 257
cpu-bind=MASK - cn1202, task 11 11 [1894440]: mask |--------|--------|--------|--------|--------|--------|--------|--------|--------|--------|--------|--------||||--------|----BBBB|--------|--------|--------|--------|--------|--------|--------|--------|BBBBBBBB|--------| set
CPU_SET_HEX_STR_SIZE: 257, Size of mstr: 257
cpu-bind=MASK - cn1207, task 18  2 [3707581]: mask |--------|BBBB----|--------|--------|--------|--------|BBBBBBBB|--------|--------|--------|--------|--------||||--------|--------|--------|--------|--------|--------|--------|--------|--------|--------|--------|--------| set
CPU_SET_HEX_STR_SIZE: 257, Size of mstr: 257
cpu-bind=MASK - cn1227, task 52  4 [1973232]: mask |--------|--------|--------|--------|BBBBBBBB|--------|--------|BBBB----|--------|--------|--------|--------||||--------|--------|--------|--------|--------|--------|--------|--------|--------|--------|--------|--------| set
CPU_SET_HEX_STR_SIZE: 257, Size of mstr: 257
cpu-bind=MASK - cn1207, task 19  3 [3707582]: mask |--------|----BBBB|--------|--------|--------|--------|--------|--------|--------|--------|BBBBBBBB|--------||||--------|--------|--------|--------|--------|--------|--------|--------|--------|--------|--------|--------| set
CPU_SET_HEX_STR_SIZE: 257, Size of mstr: 257
cpu-bind=MASK - cn1202, task 12 12 [1894441]: mask |--------|--------|--------|--------|--------|--------|--------|--------|--------|--------|--------|--------||||--------|--------|--------|--------|BBBBBBBB|--------|--------|BBBB----|--------|--------|--------|--------| set
CPU_SET_HEX_STR_SIZE: 257, Size of mstr: 257
cpu-bind=MASK - cn1207, task 20  4 [3707583]: mask |--------|--------|--------|--------|BBBBBBBB|--------|--------|BBBB----|--------|--------|--------|--------||||--------|--------|--------|--------|--------|--------|--------|--------|--------|--------|--------|--------| set
CPU_SET_HEX_STR_SIZE: 257, Size of mstr: 257
cpu-bind=MASK - cn1227, task 53  5 [1973233]: mask |--------|--------|BBBBBBBB|--------|--------|--------|--------|----BBBB|--------|--------|--------|--------||||--------|--------|--------|--------|--------|--------|--------|--------|--------|--------|--------|--------| set
CPU_SET_HEX_STR_SIZE: 257, Size of mstr: 257
cpu-bind=MASK - cn1202, task 13 13 [1894442]: mask |--------|--------|--------|--------|--------|--------|--------|--------|--------|--------|--------|--------||||--------|--------|BBBBBBBB|--------|--------|--------|--------|----BBBB|--------|--------|--------|--------| set
CPU_SET_HEX_STR_SIZE: 257, Size of mstr: 257
cpu-bind=MASK - cn1207, task 21  5 [3707584]: mask |--------|--------|BBBBBBBB|--------|--------|--------|--------|----BBBB|--------|--------|--------|--------||||--------|--------|--------|--------|--------|--------|--------|--------|--------|--------|--------|--------| set
CPU_SET_HEX_STR_SIZE: 257, Size of mstr: 257
cpu-bind=MASK - cn1227, task 54  6 [1973234]: mask |--------|--------|--------|--------|--------|BBBB----|--------|--------|--------|--------|--------|BBBBBBBB||||--------|--------|--------|--------|--------|--------|--------|--------|--------|--------|--------|--------| set
CPU_SET_HEX_STR_SIZE: 257, Size of mstr: 257
cpu-bind=MASK - cn1202, task 14 14 [1894443]: mask |--------|--------|--------|--------|--------|--------|--------|--------|--------|--------|--------|--------||||--------|--------|--------|--------|--------|BBBB----|--------|--------|--------|--------|--------|BBBBBBBB| set
CPU_SET_HEX_STR_SIZE: 257, Size of mstr: 257
cpu-bind=MASK - cn1207, task 22  6 [3707585]: mask |--------|--------|--------|--------|--------|BBBB----|--------|--------|--------|--------|--------|BBBBBBBB||||--------|--------|--------|--------|--------|--------|--------|--------|--------|--------|--------|--------| set
CPU_SET_HEX_STR_SIZE: 257, Size of mstr: 257
cpu-bind=MASK - cn1207, task 23  7 [3707586]: mask |--------|--------|--------|--------|--------|----BBBB|--------|--------|BBBBBBBB|--------|--------|--------||||--------|--------|--------|--------|--------|--------|--------|--------|--------|--------|--------|--------| set
CPU_SET_HEX_STR_SIZE: 257, Size of mstr: 257
cpu-bind=MASK - cn1227, task 55  7 [1973235]: mask |--------|--------|--------|--------|--------|----BBBB|--------|--------|BBBBBBBB|--------|--------|--------||||--------|--------|--------|--------|--------|--------|--------|--------|--------|--------|--------|--------| set
CPU_SET_HEX_STR_SIZE: 257, Size of mstr: 257
cpu-bind=MASK - cn1207, task 24  8 [3707587]: mask |--------|--------|--------|--------|--------|--------|--------|--------|--------|--------|--------|--------||||BBBBBBBB|--------|--------|--------|--------|--------|--------|--------|--------|BBBB----|--------|--------| set
CPU_SET_HEX_STR_SIZE: 257, Size of mstr: 257
cpu-bind=MASK - cn1207, task 25  9 [3707588]: mask |--------|--------|--------|--------|--------|--------|--------|--------|--------|--------|--------|--------||||--------|--------|--------|BBBBBBBB|--------|--------|--------|--------|--------|----BBBB|--------|--------| set
CPU_SET_HEX_STR_SIZE: 257, Size of mstr: 257
cpu-bind=MASK - cn1207, task 26 10 [3707589]: mask |--------|--------|--------|--------|--------|--------|--------|--------|--------|--------|--------|--------||||--------|BBBB----|--------|--------|--------|--------|BBBBBBBB|--------|--------|--------|--------|--------| set
CPU_SET_HEX_STR_SIZE: 257, Size of mstr: 257
cpu-bind=MASK - cn1227, task 56  8 [1973236]: mask |--------|--------|--------|--------|--------|--------|--------|--------|--------|--------|--------|--------||||BBBBBBBB|--------|--------|--------|--------|--------|--------|--------|--------|BBBB----|--------|--------| set
CPU_SET_HEX_STR_SIZE: 257, Size of mstr: 257
cpu-bind=MASK - cn1207, task 27 11 [3707590]: mask |--------|--------|--------|--------|--------|--------|--------|--------|--------|--------|--------|--------||||--------|----BBBB|--------|--------|--------|--------|--------|--------|--------|--------|BBBBBBBB|--------| set
CPU_SET_HEX_STR_SIZE: 257, Size of mstr: 257
cpu-bind=MASK - cn1227, task 57  9 [1973237]: mask |--------|--------|--------|--------|--------|--------|--------|--------|--------|--------|--------|--------||||--------|--------|--------|BBBBBBBB|--------|--------|--------|--------|--------|----BBBB|--------|--------| set
CPU_SET_HEX_STR_SIZE: 257, Size of mstr: 257
cpu-bind=MASK - cn1207, task 28 12 [3707591]: mask |--------|--------|--------|--------|--------|--------|--------|--------|--------|--------|--------|--------||||--------|--------|--------|--------|BBBBBBBB|--------|--------|BBBB----|--------|--------|--------|--------| set
CPU_SET_HEX_STR_SIZE: 257, Size of mstr: 257
cpu-bind=MASK - cn1207, task 29 13 [3707592]: mask |--------|--------|--------|--------|--------|--------|--------|--------|--------|--------|--------|--------||||--------|--------|BBBBBBBB|--------|--------|--------|--------|----BBBB|--------|--------|--------|--------| set
CPU_SET_HEX_STR_SIZE: 257, Size of mstr: 257
cpu-bind=MASK - cn1227, task 58 10 [1973238]: mask |--------|--------|--------|--------|--------|--------|--------|--------|--------|--------|--------|--------||||--------|BBBB----|--------|--------|--------|--------|BBBBBBBB|--------|--------|--------|--------|--------| set
CPU_SET_HEX_STR_SIZE: 257, Size of mstr: 257
cpu-bind=MASK - cn1207, task 30 14 [3707593]: mask |--------|--------|--------|--------|--------|--------|--------|--------|--------|--------|--------|--------||||--------|--------|--------|--------|--------|BBBB----|--------|--------|--------|--------|--------|BBBBBBBB| set
CPU_SET_HEX_STR_SIZE: 257, Size of mstr: 257
cpu-bind=MASK - cn1227, task 59 11 [1973239]: mask |--------|--------|--------|--------|--------|--------|--------|--------|--------|--------|--------|--------||||--------|----BBBB|--------|--------|--------|--------|--------|--------|--------|--------|BBBBBBBB|--------| set
CPU_SET_HEX_STR_SIZE: 257, Size of mstr: 257
cpu-bind=MASK - cn1227, task 60 12 [1973240]: mask |--------|--------|--------|--------|--------|--------|--------|--------|--------|--------|--------|--------||||--------|--------|--------|--------|BBBBBBBB|--------|--------|BBBB----|--------|--------|--------|--------| set
CPU_SET_HEX_STR_SIZE: 257, Size of mstr: 257
cpu-bind=MASK - cn1227, task 61 13 [1973241]: mask |--------|--------|--------|--------|--------|--------|--------|--------|--------|--------|--------|--------||||--------|--------|BBBBBBBB|--------|--------|--------|--------|----BBBB|--------|--------|--------|--------| set
CPU_SET_HEX_STR_SIZE: 257, Size of mstr: 257
cpu-bind=MASK - cn1202, task 15 15 [1894444]: mask |--------|--------|--------|--------|--------|--------|--------|--------|--------|--------|--------|--------||||--------|--------|--------|--------|--------|----BBBB|--------|--------|BBBBBBBB|--------|--------|--------| set
CPU_SET_HEX_STR_SIZE: 257, Size of mstr: 257
cpu-bind=MASK - cn1227, task 62 14 [1973242]: mask |--------|--------|--------|--------|--------|--------|--------|--------|--------|--------|--------|--------||||--------|--------|--------|--------|--------|BBBB----|--------|--------|--------|--------|--------|BBBBBBBB| set
CPU_SET_HEX_STR_SIZE: 257, Size of mstr: 257
cpu-bind=MASK - cn1207, task 31 15 [3707594]: mask |--------|--------|--------|--------|--------|--------|--------|--------|--------|--------|--------|--------||||--------|--------|--------|--------|--------|----BBBB|--------|--------|BBBBBBBB|--------|--------|--------| set
CPU_SET_HEX_STR_SIZE: 257, Size of mstr: 257
cpu-bind=MASK - cn1227, task 63 15 [1973243]: mask |--------|--------|--------|--------|--------|--------|--------|--------|--------|--------|--------|--------||||--------|--------|--------|--------|--------|----BBBB|--------|--------|BBBBBBBB|--------|--------|--------| set
 DBCSR| CPU Multiplication driver                                           XSMM (U)
 DBCSR| Multrec recursion limit                                              512 (U)
 DBCSR| Multiplication stack size                                           1000 (D)
 DBCSR| Maximum elements for images                                    UNLIMITED (U)
 DBCSR| Multiplicative factor virtual images                                   1 (U)
 DBCSR| Use multiplication densification                                       T (D)
 DBCSR| Multiplication size stacks                                             3 (U)
 DBCSR| Use memory pool for CPU allocation                                     F (U)
 DBCSR| Number of 3D layers                                               SINGLE (U)
 DBCSR| Use MPI memory allocation                                              F (U)
 DBCSR| Use RMA algorithm                                                      F (U)
 DBCSR| Use Communication thread                                               T (U)
 DBCSR| Communication thread load                                             45 (D)
 DBCSR| MPI: My process id                                                     0
 DBCSR| MPI: Number of processes                                              64
 DBCSR| OMP: Current number of threads                                        12
 DBCSR| OMP: Max number of threads                                            12
 DBCSR| Split modifier for TAS multiplication algorithm                  1.0E+00 (U)


  **** **** ******  **  PROGRAM STARTED AT               2026-09-30 14:51:32.556
 ***** ** ***  *** **   PROGRAM STARTED ON                                cn1202
 **    ****   ******    PROGRAM STARTED BY                              metdyn07
 ***** **    ** ** **   PROGRAM PROCESS ID                               1894429
  **** **  *******  **  PROGRAM STARTED IN /scratch/hpc-prf-metdyn/metdyn07_Rita
                                           j/project-max-rtbse/g0w0_rtbse_compar
                                           ison_tuned/8/rirs_opt/gterm

 CP2K| version string:                 CP2K version 2026.2 (Development Version)
 CP2K| source code revision number:                                   0005d2399e
 CP2K| cp2kflags: omp libint fftw3 libxc elpa parallel scalapack mpi_f08 cosma l
 CP2K|            ibxs libxsmm plumed2 spglib openblas sirius libvori libbqb lib
 CP2K|            bvdwxc hdf5 greenx
 CP2K| is freely available from                            https://www.cp2k.org/
 CP2K| Program compiled at                                   2026-09-14 14:10:14
 CP2K| Program compiled on                                                login4
 CP2K| Program compiled for                                               x86_64
 CP2K| Data directory path    /pc2/groups/hpc-prf-metdyn/metdyn07_Ritaj/implemen
 CP2K| Input file name                                                 input.inp

 GLOBAL| Force Environment number                                              1
 GLOBAL| Basis set file name             BASIS_GTH_MOLOPT_AUG_for_excited_states
 GLOBAL| Potential file name                                      GTH_POTENTIALS
 GLOBAL| MM Potential file name                                     MM_POTENTIAL
 GLOBAL| Coordinate file name                                          struc.xyz
 GLOBAL| Method name                                                        CP2K
 GLOBAL| Project name                                                      rec_4
 GLOBAL| Run type                                                 RT_PROPAGATION
 GLOBAL| FFT library                                                       FFTW3
 GLOBAL| Diagonalization library                                            ELPA
 GLOBAL| Cholesky decomposition library                                ScaLAPACK
 GLOBAL| DGEMM library                                                      BLAS
 GLOBAL| Minimum number of eigenvectors for ELPA usage                        64
 GLOBAL| Orthonormality check for eigenvectors                          DISABLED
 GLOBAL| Matrix multiplication library                                     COSMA
 GLOBAL| All-to-all communication in single precision                          F
 GLOBAL| Grid backend                                                       AUTO
 GLOBAL| Global print level                                               MEDIUM
 GLOBAL| MPI I/O enabled                                                       T
 GLOBAL| Total number of message passing processes                            64
 GLOBAL| Number of distributed systems (nodes)                                 4
 GLOBAL| Number of threads for this process                                   12
 GLOBAL| This output is from process                                           0
 GLOBAL| OpenMP stack size per thread (OMP_STACKSIZE)                    default
 GLOBAL| CPU model name                          AMD EPYC 9655 96-Core Processor
 GLOBAL| CPUID                                                              1003
 GLOBAL| Compiled for CPUID                                                    0

 *** HINT in environment.F:968 :: The compiler target (generic) used to ***
 *** build this binary does not enable all instruction-set extensions   ***
 *** available on this CPU (x86_avx512). Consider reconfiguring and     ***
 *** rebuilding CP2K for this target system to enable them.             ***


 MEMORY| system memory details [Kb]
 MEMORY|                        rank 0           min           max       average
 MEMORY| MemTotal            791034012     791033996     791034036     791034014
 MEMORY| MemFree             742747940     742747940     754265608     748899627
 MEMORY| Buffers                  2140             0          2140          1605
 MEMORY| Cached               19418264       8291872      19418264      13013605
 MEMORY| Slab                  2756944       2059096       3230876       2757243
 MEMORY| SReclaimable          1093540        577616       1430668       1087651
 MEMORY| MemLikelyFree       763261884     762473172     763261884     763002488


 *** Fundamental physical constants (SI units) ***

 *** Literature: B. J. Mohr and B. N. Taylor,
 ***             CODATA recommended values of the fundamental physical
 ***             constants: 2006, Web Version 5.1
 ***             http://physics.nist.gov/constants

 Speed of light in vacuum [m/s]                             2.99792458000000E+08
 Magnetic constant or permeability of vacuum [N/A**2]       1.25663706143592E-06
 Electric constant or permittivity of vacuum [F/m]          8.85418781762039E-12
 Planck constant (h) [J*s]                                  6.62606896000000E-34
 Planck constant (h-bar) [J*s]                              1.05457162825177E-34
 Elementary charge [C]                                      1.60217648700000E-19
 Electron mass [kg]                                         9.10938215000000E-31
 Electron g factor [ ]                                     -2.00231930436220E+00
 Proton mass [kg]                                           1.67262163700000E-27
 Fine-structure constant                                    7.29735253760000E-03
 Rydberg constant [1/m]                                     1.09737315685270E+07
 Avogadro constant [1/mol]                                  6.02214179000000E+23
 Boltzmann constant [J/K]                                   1.38065040000000E-23
 Atomic mass unit [kg]                                      1.66053878200000E-27
 Bohr radius [m]                                            5.29177208590000E-11

 *** Conversion factors ***

 [u] -> [a.u.]                                              1.82288848426455E+03
 [Angstrom] -> [Bohr] = [a.u.]                              1.88972613288564E+00
 [a.u.] = [Bohr] -> [Angstrom]                              5.29177208590000E-01
 [a.u.] -> [s]                                              2.41888432650478E-17
 [a.u.] -> [fs]                                             2.41888432650478E-02
 [a.u.] -> [J]                                              4.35974393937059E-18
 [a.u.] -> [N]                                              8.23872205491840E-08
 [a.u.] -> [K]                                              3.15774647902944E+05
 [a.u.] -> [kJ/mol]                                         2.62549961709828E+03
 [a.u.] -> [kcal/mol]                                       6.27509468713739E+02
 [a.u.] -> [Pa]                                             2.94210107994716E+13
 [a.u.] -> [bar]                                            2.94210107994716E+08
 [a.u.] -> [atm]                                            2.90362800883016E+08
 [a.u.] -> [eV]                                             2.72113838565563E+01
 [a.u.] -> [Hz]                                             6.57968392072181E+15
 [a.u.] -> [1/cm] (wave numbers)                            2.19474631370540E+05
 [a.u./Bohr**2] -> [1/cm]                                   5.14048714338585E+03
 

 CELL| Volume [angstrom^3]:                                          9942.972270
 CELL| Vector a [angstrom]:      19.190     0.000     0.000   |a| =    19.190000
 CELL| Vector b [angstrom]:       0.000    44.860     0.000   |b| =    44.860000
 CELL| Vector c [angstrom]:       0.000     0.000    11.550   |c| =    11.550000
 CELL| Angle (b,c), alpha [degree]:                                    90.000000
 CELL| Angle (a,c), beta  [degree]:                                    90.000000
 CELL| Angle (a,b), gamma [degree]:                                    90.000000
 CELL| Numerically orthorhombic:                                             YES
 CELL| Periodicity                                                          NONE

 CELL_REF| Volume [angstrom^3]:                                      9942.972270
 CELL_REF| Vector a [angstrom    19.190     0.000     0.000   |a| =    19.190000
 CELL_REF| Vector b [angstrom     0.000    44.860     0.000   |b| =    44.860000
 CELL_REF| Vector c [angstrom     0.000     0.000    11.550   |c| =    11.550000
 CELL_REF| Angle (b,c), alpha [degree]:                                90.000000
 CELL_REF| Angle (a,c), beta  [degree]:                                90.000000
 CELL_REF| Angle (a,b), gamma [degree]:                                90.000000
 CELL_REF| Numerically orthorhombic:                                         YES
 CELL_REF| Periodicity                                                      NONE

 GENERATE|  Preliminary Number of Bonds generated:                             0
 GENERATE|  Achieved consistency in connectivity generation.

 *******************************************************************************
 *******************************************************************************
 **                                                                           **
 **     #####                         ##              ##                      **
 **    ##   ##            ##          ##              ##                      **
 **   ##     ##                       ##            ######                    **
 **   ##     ##  ##   ##  ##   #####  ##  ##   ####   ##    #####    #####    **
 **   ##     ##  ##   ##  ##  ##      ## ##   ##      ##   ##   ##  ##   ##   **
 **   ##  ## ##  ##   ##  ##  ##      ####     ###    ##   ######   ######    **
 **    ##  ###   ##   ##  ##  ##      ## ##      ##   ##   ##       ##        **
 **     #######   #####   ##   #####  ##  ##  ####    ##    #####   ##        **
 **           ##                                                    ##        **
 **                                                                           **
 **                                                ... make the atoms dance   **
 **                                                                           **
 **            Copyright (C) by CP2K developers group (2000-2026)             **
 **                      J. Chem. Phys. 152, 194103 (2020)                    **
 **                                                                           **
 *******************************************************************************

 DFT| Spin restricted Kohn-Sham (RKS) calculation                            RKS
 DFT| Multiplicity                                                             1
 DFT| Number of spin states                                                    1
 DFT| Charge                                                                   0
 DFT| Self-interaction correction (SIC)                                       NO
 DFT| Cutoffs: density                                              1.000000E-10
 DFT|          gradient                                             1.000000E-10
 DFT|          tau                                                  1.000000E-10
 DFT|          cutoff_smoothing_range                               0.000000E+00
 DFT| XC density smoothing                                                  NONE
 DFT| XC derivatives                                                          PW

 FUNCTIONAL| PBE:
 FUNCTIONAL| J.P.Perdew, K.Burke, M.Ernzerhof, Phys. Rev. Letter, vol. 77, n 18,
 FUNCTIONAL|  pp. 3865-3868, (1996) {spin unpolarized}                          


 QS| Method:                                                                 GPW
 QS| Density plane wave grid type                        NON-SPHERICAL FULLSPACE
 QS| Number of grid levels:                                                    4
 QS| Density cutoff [a.u.]:                                                300.0
 QS| Multi grid cutoff [a.u.]: 1) grid level                               300.0
 QS|                           2) grid level                               100.0
 QS|                           3) grid level                                33.3
 QS|                           4) grid level                                11.1
 QS| Grid level progression factor:                                          3.0
 QS| Relative density cutoff [a.u.]:                                        30.0
 QS| Interaction thresholds: eps_pgf_orb:                                3.2E-08
 QS|                         eps_filter_matrix:                          0.0E+00
 QS|                         eps_core_charge:                            1.0E-17
 QS|                         eps_rho_gspace:                             1.0E-15
 QS|                         eps_rho_rspace:                             1.0E-15
 QS|                         eps_gvg_rspace:                             3.2E-08
 QS|                         eps_ppl:                                    1.0E-02
 QS|                         eps_ppnl:                                   3.2E-10


 ATOMIC KIND INFORMATION

  1. Atomic kind: H                                     Number of atoms:      40

     Orbital Basis Set                                 aug-SZV-MOLOPT-GTH-tier-2

       Number of orbital shell sets:                                           1
       Number of orbital shells:                                               4
       Number of primitive Cartesian functions:                                7
       Number of Cartesian basis functions:                                    6
       Number of spherical basis functions:                                    6
       Norm type:                                                              2

       Normalised Cartesian orbitals:

                        Set   Shell   Orbital            Exponent    Coefficient

                          1       1    2s                0.050000       0.000000
                                                         0.082193      -0.014019
                                                         0.239116      -0.107525
                                                         0.450000       0.000000
                                                         0.791502      -0.258419
                                                         2.680223      -0.177618
                                                        10.068468      -0.133023

                          1       2    3s                0.050000       0.064974
                                                         0.082193       0.029198
                                                         0.239116      -0.007574
                                                         0.450000      -0.090795
                                                         0.791502      -0.025739
                                                         2.680223       0.000002
                                                        10.068468       0.000000

                          1       3    4s                0.050000      -0.067626
                                                         0.082193       0.244167
                                                         0.239116      -0.094768
                                                         0.450000      -0.043967
                                                         0.791502      -0.043572
                                                         2.680223      -0.153771
                                                        10.068468       0.000000

                          1       4    3px               0.050000       0.038628
                                                         0.082193      -0.015554
                                                         0.239116       0.034455
                                                         0.450000       0.013474
                                                         0.791502      -0.005076
                                                         2.680223       0.028739
                                                        10.068468       0.000000
                          1       4    3py               0.050000       0.038628
                                                         0.082193      -0.015554
                                                         0.239116       0.034455
                                                         0.450000       0.013474
                                                         0.791502      -0.005076
                                                         2.680223       0.028739
                                                        10.068468       0.000000
                          1       4    3pz               0.050000       0.038628
                                                         0.082193      -0.015554
                                                         0.239116       0.034455
                                                         0.450000       0.013474
                                                         0.791502      -0.005076
                                                         2.680223       0.028739
                                                        10.068468       0.000000

     RI Auxiliary Basis Set             RI_aug-SZV-MOLOPT-GTH-tier-2_N_RI_005_s_

       Number of orbital shell sets:                                           3
       Number of orbital shells:                                               3
       Number of primitive Cartesian functions:                                3
       Number of Cartesian basis functions:                                    5
       Number of spherical basis functions:                                    5
       Norm type:                                                              2

       Normalised Cartesian orbitals:

                        Set   Shell   Orbital            Exponent    Coefficient

                          1       1    1s                0.184491       0.200628

                          2       1    2s                3.030559       1.637013

                          3       1    3px               0.610174       0.768701
                          3       1    3py               0.610174       0.768701
                          3       1    3pz               0.610174       0.768701

       Atomic covalent radius [Angstrom]:                                  0.320

       Atomic van der Waals radius [Angstrom]:                             1.090

     GTH Potential information for                                    GTH-PBE-q1

       Description:                       Goedecker-Teter-Hutter pseudopotential
                                           Goedecker et al., PRB 54, 1703 (1996)
                                          Hartwigsen et al., PRB 58, 3641 (1998)
                                                      Krack, TCA 114, 145 (2005)

       Gaussian exponent of the core charge distribution:              12.500000
       Electronic configuration (s p d ...):                                   1

       Parameters of the local part of the GTH pseudopotential:

                          rloc        C1          C2          C3          C4
                        0.200000   -4.178900    0.724463

  2. Atomic kind: C                                     Number of atoms:     112

     Orbital Basis Set                                 aug-SZV-MOLOPT-GTH-tier-2

       Number of orbital shell sets:                                           1
       Number of orbital shells:                                               5
       Number of primitive Cartesian functions:                                6
       Number of Cartesian basis functions:                                   14
       Number of spherical basis functions:                                   13
       Norm type:                                                              2

       Normalised Cartesian orbitals:

                        Set   Shell   Orbital            Exponent    Coefficient

                          1       1    2s                0.070000       0.000000
                                                         0.128212      -0.022789
                                                         0.348157      -0.219794
                                                         0.769911      -0.209686
                                                         2.113016       0.213043
                                                         5.605331       0.322515

                          1       2    3s                0.070000       0.133509
                                                         0.128212      -0.041206
                                                         0.348157      -0.081784
                                                         0.769911      -0.003005
                                                         2.113016       0.000000
                                                         5.605331       0.000000

                          1       3    3px               0.070000       0.000000
                                                         0.128212      -0.027849
                                                         0.348157      -0.139743
                                                         0.769911      -0.374851
                                                         2.113016      -0.642521
                                                         5.605331      -0.703879
                          1       3    3py               0.070000       0.000000
                                                         0.128212      -0.027849
                                                         0.348157      -0.139743
                                                         0.769911      -0.374851
                                                         2.113016      -0.642521
                                                         5.605331      -0.703879
                          1       3    3pz               0.070000       0.000000
                                                         0.128212      -0.027849
                                                         0.348157      -0.139743
                                                         0.769911      -0.374851
                                                         2.113016      -0.642521
                                                         5.605331      -0.703879

                          1       4    4px               0.070000       0.033242
                                                         0.128212       0.023307
                                                         0.348157       0.113522
                                                         0.769911      -0.094955
                                                         2.113016       0.000000
                                                         5.605331       0.000000
                          1       4    4py               0.070000       0.033242
                                                         0.128212       0.023307
                                                         0.348157       0.113522
                                                         0.769911      -0.094955
                                                         2.113016       0.000000
                                                         5.605331       0.000000
                          1       4    4pz               0.070000       0.033242
                                                         0.128212       0.023307
                                                         0.348157       0.113522
                                                         0.769911      -0.094955
                                                         2.113016       0.000000
                                                         5.605331       0.000000

                          1       5    4dx2              0.070000      -0.000111
                                                         0.128212       0.037828
                                                         0.348157       0.043639
                                                         0.769911       0.120124
                                                         2.113016       0.000000
                                                         5.605331       0.000000
                          1       5    4dxy              0.070000      -0.000193
                                                         0.128212       0.065520
                                                         0.348157       0.075585
                                                         0.769911       0.208061
                                                         2.113016       0.000000
                                                         5.605331       0.000000
                          1       5    4dxz              0.070000      -0.000193
                                                         0.128212       0.065520
                                                         0.348157       0.075585
                                                         0.769911       0.208061
                                                         2.113016       0.000000
                                                         5.605331       0.000000
                          1       5    4dy2              0.070000      -0.000111
                                                         0.128212       0.037828
                                                         0.348157       0.043639
                                                         0.769911       0.120124
                                                         2.113016       0.000000
                                                         5.605331       0.000000
                          1       5    4dyz              0.070000      -0.000193
                                                         0.128212       0.065520
                                                         0.348157       0.075585
                                                         0.769911       0.208061
                                                         2.113016       0.000000
                                                         5.605331       0.000000
                          1       5    4dz2              0.070000      -0.000111
                                                         0.128212       0.037828
                                                         0.348157       0.043639
                                                         0.769911       0.120124
                                                         2.113016       0.000000
                                                         5.605331       0.000000

     RI Auxiliary Basis Set             RI_aug-SZV-MOLOPT-GTH-tier-2_N_RI_030_s_

       Number of orbital shell sets:                                          10
       Number of orbital shells:                                              10
       Number of primitive Cartesian functions:                               10
       Number of Cartesian basis functions:                                   35
       Number of spherical basis functions:                                   30
       Norm type:                                                              2

       Normalised Cartesian orbitals:

                        Set   Shell   Orbital            Exponent    Coefficient

                          1       1    1s                0.191848       0.206599

                          2       1    2s                0.736300       0.566502

                          3       1    3s                2.917592       1.591031

                          4       1    4s                9.448168       3.840792

                          5       1    5px               0.281885       0.292772
                          5       1    5py               0.281885       0.292772
                          5       1    5pz               0.281885       0.292772

                          6       1    6px               0.984576       1.397983
                          6       1    6py               0.984576       1.397983
                          6       1    6pz               0.984576       1.397983

                          7       1    7px               2.475409       4.425871
                          7       1    7py               2.475409       4.425871
                          7       1    7pz               2.475409       4.425871

                          8       1    8dx2              0.347629       0.259037
                          8       1    8dxy              0.347629       0.448666
                          8       1    8dxz              0.347629       0.448666
                          8       1    8dy2              0.347629       0.259037
                          8       1    8dyz              0.347629       0.448666
                          8       1    8dz2              0.347629       0.259037

                          9       1    9dx2              1.822216       4.703911
                          9       1    9dxy              1.822216       8.147414
                          9       1    9dxz              1.822216       8.147414
                          9       1    9dy2              1.822216       4.703911
                          9       1    9dyz              1.822216       8.147414
                          9       1    9dz2              1.822216       4.703911

                         10       1   10fx3              0.497967       0.306659
                         10       1   10fx2y             0.497967       0.685710
                         10       1   10fx2z             0.497967       0.685710
                         10       1   10fxy2             0.497967       0.685710
                         10       1   10fxyz             0.497967       1.187685
                         10       1   10fxz2             0.497967       0.685710
                         10       1   10fy3              0.497967       0.306659
                         10       1   10fy2z             0.497967       0.685710
                         10       1   10fyz2             0.497967       0.685710
                         10       1   10fz3              0.497967       0.306659

       Atomic covalent radius [Angstrom]:                                  0.770

       Atomic van der Waals radius [Angstrom]:                             1.700

     GTH Potential information for                                    GTH-PBE-q4

       Description:                       Goedecker-Teter-Hutter pseudopotential
                                           Goedecker et al., PRB 54, 1703 (1996)
                                          Hartwigsen et al., PRB 58, 3641 (1998)
                                                      Krack, TCA 114, 145 (2005)

       Gaussian exponent of the core charge distribution:               4.364419
       Electronic configuration (s p d ...):                               2   2

       Parameters of the local part of the GTH pseudopotential:

                          rloc        C1          C2          C3          C4
                        0.338471   -8.803674    1.339211

       Parameters of the non-local part of the GTH pseudopotential:

                   l      r(l)      h(i,j,l)

                   0    0.302576    9.622487
                   1    0.291507


 MOLECULE KIND INFORMATION


 All atoms are their own molecule, skipping detailed information


 TOTAL NUMBERS AND MAXIMUM NUMBERS

  Total number of            - Atomic kinds:                                   2
                             - Atoms:                                        152
                             - Shell sets:                                   152
                             - Shells:                                       720
                             - Primitive Cartesian functions:                952
                             - Cartesian basis functions:                   1808
                             - Spherical basis functions:                   1696

  Maximum angular momentum of- Orbital basis functions:                        2
                             - Local part of the GTH pseudopotential:          2
                             - Non-local part of the GTH pseudopotential:      0


 MODULE QUICKSTEP: ATOMIC COORDINATES IN ANGSTROM

   Atom Kind Element         X             Y             Z       Z(eff)     Mass
      1    1 H     1      7.154329      4.998893      5.775000   1.0000   1.0079
      2    1 H     1     12.035671      4.998893      5.775000   1.0000   1.0079
      3    1 H     1      9.595000      5.310139      6.548044   1.0000   1.0079
      4    1 H     1      9.595000      5.310139      5.001956   1.0000   1.0079
      5    2 C     6      9.595000      6.083183      5.775000   4.0000  12.0107
      6    2 C     6      7.154329      6.092143      5.775000   4.0000  12.0107
      7    2 C     6     12.035671      6.092143      5.775000   4.0000  12.0107
      8    1 H     1     14.191809      6.306846      5.775000   1.0000   1.0079
      9    1 H     1      4.998191      6.306846      5.775000   1.0000   1.0079
     10    2 C     6     10.818523      6.796368      5.775000   4.0000  12.0107
     11    2 C     6      8.371477      6.796368      5.775000   4.0000  12.0107
     12    2 C     6     13.230017      6.826614      5.775000   4.0000  12.0107
     13    2 C     6      5.959983      6.826614      5.775000   4.0000  12.0107
     14    2 C     6      5.959983      8.184968      5.775000   4.0000  12.0107
     15    2 C     6     13.230017      8.184968      5.775000   4.0000  12.0107
     16    2 C     6     10.818523      8.215213      5.775000   4.0000  12.0107
     17    2 C     6      8.371477      8.215213      5.775000   4.0000  12.0107
     18    1 H     1      4.998191      8.704735      5.775000   1.0000   1.0079
     19    1 H     1     14.191809      8.704735      5.775000   1.0000   1.0079
     20    2 C     6      7.154329      8.919438      5.775000   4.0000  12.0107
     21    2 C     6     12.035671      8.919438      5.775000   4.0000  12.0107
     22    2 C     6      9.595000      8.928398      5.775000   4.0000  12.0107
     23    2 C     6      9.595000     10.347243      5.775000   4.0000  12.0107
     24    2 C     6      7.154329     10.356203      5.775000   4.0000  12.0107
     25    2 C     6     12.035671     10.356203      5.775000   4.0000  12.0107
     26    1 H     1      4.998191     10.570906      5.775000   1.0000   1.0079
     27    1 H     1     14.191809     10.570906      5.775000   1.0000   1.0079
     28    2 C     6     10.818523     11.060428      5.775000   4.0000  12.0107
     29    2 C     6      8.371477     11.060428      5.775000   4.0000  12.0107
     30    2 C     6     13.230017     11.090673      5.775000   4.0000  12.0107
     31    2 C     6      5.959983     11.090673      5.775000   4.0000  12.0107
     32    2 C     6      5.959983     12.449028      5.775000   4.0000  12.0107
     33    2 C     6     13.230017     12.449028      5.775000   4.0000  12.0107
     34    2 C     6      8.371477     12.479273      5.775000   4.0000  12.0107
     35    2 C     6     10.818523     12.479273      5.775000   4.0000  12.0107
     36    1 H     1     14.191809     12.968795      5.775000   1.0000   1.0079
     37    1 H     1      4.998191     12.968795      5.775000   1.0000   1.0079
     38    2 C     6     12.035671     13.183498      5.775000   4.0000  12.0107
     39    2 C     6      7.154329     13.183498      5.775000   4.0000  12.0107
     40    2 C     6      9.595000     13.192458      5.775000   4.0000  12.0107
     41    2 C     6      9.595000     14.611303      5.775000   4.0000  12.0107
     42    2 C     6      7.154329     14.620263      5.775000   4.0000  12.0107
     43    2 C     6     12.035671     14.620263      5.775000   4.0000  12.0107
     44    1 H     1      4.998191     14.834966      5.775000   1.0000   1.0079
     45    1 H     1     14.191809     14.834966      5.775000   1.0000   1.0079
     46    2 C     6      8.371477     15.324488      5.775000   4.0000  12.0107
     47    2 C     6     10.818523     15.324488      5.775000   4.0000  12.0107
     48    2 C     6     13.230017     15.354733      5.775000   4.0000  12.0107
     49    2 C     6      5.959983     15.354733      5.775000   4.0000  12.0107
     50    2 C     6     13.230017     16.713087      5.775000   4.0000  12.0107
     51    2 C     6      5.959983     16.713087      5.775000   4.0000  12.0107
     52    2 C     6      8.371477     16.743333      5.775000   4.0000  12.0107
     53    2 C     6     10.818523     16.743333      5.775000   4.0000  12.0107
     54    1 H     1     14.191809     17.232855      5.775000   1.0000   1.0079
     55    1 H     1      4.998191     17.232855      5.775000   1.0000   1.0079
     56    2 C     6      7.154329     17.447558      5.775000   4.0000  12.0107
     57    2 C     6     12.035671     17.447558      5.775000   4.0000  12.0107
     58    2 C     6      9.595000     17.456518      5.775000   4.0000  12.0107
     59    2 C     6      9.595000     18.875363      5.775000   4.0000  12.0107
     60    2 C     6     12.035671     18.884323      5.775000   4.0000  12.0107
     61    2 C     6      7.154329     18.884323      5.775000   4.0000  12.0107
     62    1 H     1      4.998191     19.099026      5.775000   1.0000   1.0079
     63    1 H     1     14.191809     19.099026      5.775000   1.0000   1.0079
     64    2 C     6      8.371477     19.588548      5.775000   4.0000  12.0107
     65    2 C     6     10.818523     19.588548      5.775000   4.0000  12.0107
     66    2 C     6     13.230017     19.618793      5.775000   4.0000  12.0107
     67    2 C     6      5.959983     19.618793      5.775000   4.0000  12.0107
     68    2 C     6      5.959983     20.977147      5.775000   4.0000  12.0107
     69    2 C     6     13.230017     20.977147      5.775000   4.0000  12.0107
     70    2 C     6      8.371477     21.007393      5.775000   4.0000  12.0107
     71    2 C     6     10.818523     21.007393      5.775000   4.0000  12.0107
     72    1 H     1      4.998191     21.496915      5.775000   1.0000   1.0079
     73    1 H     1     14.191809     21.496915      5.775000   1.0000   1.0079
     74    2 C     6      7.154329     21.711618      5.775000   4.0000  12.0107
     75    2 C     6     12.035671     21.711618      5.775000   4.0000  12.0107
     76    2 C     6      9.595000     21.720578      5.775000   4.0000  12.0107
     77    2 C     6      9.595000     23.139423      5.775000   4.0000  12.0107
     78    2 C     6     12.035671     23.148382      5.775000   4.0000  12.0107
     79    2 C     6      7.154329     23.148382      5.775000   4.0000  12.0107
     80    1 H     1     14.191809     23.363085      5.775000   1.0000   1.0079
     81    1 H     1      4.998191     23.363085      5.775000   1.0000   1.0079
     82    2 C     6      8.371477     23.852607      5.775000   4.0000  12.0107
     83    2 C     6     10.818523     23.852607      5.775000   4.0000  12.0107
     84    2 C     6     13.230017     23.882853      5.775000   4.0000  12.0107
     85    2 C     6      5.959983     23.882853      5.775000   4.0000  12.0107
     86    2 C     6      5.959983     25.241207      5.775000   4.0000  12.0107
     87    2 C     6     13.230017     25.241207      5.775000   4.0000  12.0107
     88    2 C     6     10.818523     25.271452      5.775000   4.0000  12.0107
     89    2 C     6      8.371477     25.271452      5.775000   4.0000  12.0107
     90    1 H     1     14.191809     25.760974      5.775000   1.0000   1.0079
     91    1 H     1      4.998191     25.760974      5.775000   1.0000   1.0079
     92    2 C     6     12.035671     25.975677      5.775000   4.0000  12.0107
     93    2 C     6      7.154329     25.975677      5.775000   4.0000  12.0107
     94    2 C     6      9.595000     25.984637      5.775000   4.0000  12.0107
     95    2 C     6      9.595000     27.403482      5.775000   4.0000  12.0107
     96    2 C     6     12.035671     27.412442      5.775000   4.0000  12.0107
     97    2 C     6      7.154329     27.412442      5.775000   4.0000  12.0107
     98    1 H     1      4.998191     27.627145      5.775000   1.0000   1.0079
     99    1 H     1     14.191809     27.627145      5.775000   1.0000   1.0079
    100    2 C     6     10.818523     28.116667      5.775000   4.0000  12.0107
    101    2 C     6      8.371477     28.116667      5.775000   4.0000  12.0107
    102    2 C     6     13.230017     28.146913      5.775000   4.0000  12.0107
    103    2 C     6      5.959983     28.146913      5.775000   4.0000  12.0107
    104    2 C     6     13.230017     29.505267      5.775000   4.0000  12.0107
    105    2 C     6      5.959983     29.505267      5.775000   4.0000  12.0107
    106    2 C     6     10.818523     29.535512      5.775000   4.0000  12.0107
    107    2 C     6      8.371477     29.535512      5.775000   4.0000  12.0107
    108    1 H     1     14.191809     30.025034      5.775000   1.0000   1.0079
    109    1 H     1      4.998191     30.025034      5.775000   1.0000   1.0079
    110    2 C     6     12.035671     30.239737      5.775000   4.0000  12.0107
    111    2 C     6      7.154329     30.239737      5.775000   4.0000  12.0107
    112    2 C     6      9.595000     30.248697      5.775000   4.0000  12.0107
    113    2 C     6      9.595000     31.667542      5.775000   4.0000  12.0107
    114    2 C     6     12.035671     31.676502      5.775000   4.0000  12.0107
    115    2 C     6      7.154329     31.676502      5.775000   4.0000  12.0107
    116    1 H     1      4.998191     31.891205      5.775000   1.0000   1.0079
    117    1 H     1     14.191809     31.891205      5.775000   1.0000   1.0079
    118    2 C     6     10.818523     32.380727      5.775000   4.0000  12.0107
    119    2 C     6      8.371477     32.380727      5.775000   4.0000  12.0107
    120    2 C     6     13.230017     32.410972      5.775000   4.0000  12.0107
    121    2 C     6      5.959983     32.410972      5.775000   4.0000  12.0107
    122    2 C     6      5.959983     33.769327      5.775000   4.0000  12.0107
    123    2 C     6     13.230017     33.769327      5.775000   4.0000  12.0107
    124    2 C     6      8.371477     33.799572      5.775000   4.0000  12.0107
    125    2 C     6     10.818523     33.799572      5.775000   4.0000  12.0107
    126    1 H     1      4.998191     34.289094      5.775000   1.0000   1.0079
    127    1 H     1     14.191809     34.289094      5.775000   1.0000   1.0079
    128    2 C     6     12.035671     34.503797      5.775000   4.0000  12.0107
    129    2 C     6      7.154329     34.503797      5.775000   4.0000  12.0107
    130    2 C     6      9.595000     34.512757      5.775000   4.0000  12.0107
    131    2 C     6      9.595000     35.931602      5.775000   4.0000  12.0107
    132    2 C     6      7.154329     35.940562      5.775000   4.0000  12.0107
    133    2 C     6     12.035671     35.940562      5.775000   4.0000  12.0107
    134    1 H     1     14.191809     36.155265      5.775000   1.0000   1.0079
    135    1 H     1      4.998191     36.155265      5.775000   1.0000   1.0079
    136    2 C     6      8.371477     36.644787      5.775000   4.0000  12.0107
    137    2 C     6     10.818523     36.644787      5.775000   4.0000  12.0107
    138    2 C     6     13.230017     36.675032      5.775000   4.0000  12.0107
    139    2 C     6      5.959983     36.675032      5.775000   4.0000  12.0107
    140    2 C     6     13.230017     38.033386      5.775000   4.0000  12.0107
    141    2 C     6      5.959983     38.033386      5.775000   4.0000  12.0107
    142    2 C     6      8.371477     38.063632      5.775000   4.0000  12.0107
    143    2 C     6     10.818523     38.063632      5.775000   4.0000  12.0107
    144    1 H     1      4.998191     38.553154      5.775000   1.0000   1.0079
    145    1 H     1     14.191809     38.553154      5.775000   1.0000   1.0079
    146    2 C     6      7.154329     38.767857      5.775000   4.0000  12.0107
    147    2 C     6     12.035671     38.767857      5.775000   4.0000  12.0107
    148    2 C     6      9.595000     38.776817      5.775000   4.0000  12.0107
    149    1 H     1      9.595000     39.549861      6.548044   1.0000   1.0079
    150    1 H     1      9.595000     39.549861      5.001956   1.0000   1.0079
    151    1 H     1      7.154329     39.861107      5.775000   1.0000   1.0079
    152    1 H     1     12.035671     39.861107      5.775000   1.0000   1.0079



 SCF PARAMETERS         Density guess:                                   RESTART
                        --------------------------------------------------------
                        max_scf:                                             300
                        max_scf_history:                                       0
                        max_diis:                                              4
                        --------------------------------------------------------
                        eps_scf:                                        1.00E-07
                        eps_scf_history:                                0.00E+00
                        eps_diis:                                       1.00E-01
                        eps_eigval:                                     1.00E-05
                        --------------------------------------------------------
                        level_shift [a.u.]:                             0.000000
                        SCF update method:                                MIXING
                        added MOs                                       100    0
                        --------------------------------------------------------
                        Mixing method:                            BROYDEN_MIXING
                                                charge density mixing in g-space
                        --------------------------------------------------------
                        No outer SCF

 PW_GRID| Information for grid number                                          1
 PW_GRID| Grid distributed over                                    64 processors
 PW_GRID| Real space group dimensions                                    64    1
 PW_GRID| the grid is blocked:                                                NO
 PW_GRID| Cutoff [a.u.]                                                    300.0
 PW_GRID| spherical cutoff:                                                   NO
 PW_GRID|   Bounds   1           -144     143                Points:         288
 PW_GRID|   Bounds   2           -337     337                Points:         675
 PW_GRID|   Bounds   3            -90      89                Points:         180
 PW_GRID| Volume element (a.u.^3)  0.1918E-02     Volume (a.u.^3)     67098.5036
 PW_GRID| Grid span                                                    FULLSPACE
 PW_GRID|   Distribution                         Average         Max         Min
 PW_GRID|   G-Vectors                           546750.0      546912      546624
 PW_GRID|   G-Rays                                1898.4        1899        1898
 PW_GRID|   Real Space Points                   546750.0      607500      486000

 PW_GRID| Information for grid number                                          2
 PW_GRID| Number of the reference grid                                         1
 PW_GRID| Grid distributed over                                    64 processors
 PW_GRID| Real space group dimensions                                    64    1
 PW_GRID| the grid is blocked:                                                NO
 PW_GRID| Cutoff [a.u.]                                                    100.0
 PW_GRID| spherical cutoff:                                                   NO
 PW_GRID|   Bounds   1            -90      89                Points:         180
 PW_GRID|   Bounds   2           -192     191                Points:         384
 PW_GRID|   Bounds   3            -50      49                Points:         100
 PW_GRID| Volume element (a.u.^3)  0.9708E-02     Volume (a.u.^3)     67098.5036
 PW_GRID| Grid span                                                    FULLSPACE
 PW_GRID|   Distribution                         Average         Max         Min
 PW_GRID|   G-Vectors                           108000.0      109980      105120
 PW_GRID|   G-Rays                                 600.0         611         584
 PW_GRID|   Real Space Points                   108000.0      115200       76800

 PW_GRID| Information for grid number                                          3
 PW_GRID| Number of the reference grid                                         1
 PW_GRID| Grid distributed over                                    64 processors
 PW_GRID| Real space group dimensions                                    64    1
 PW_GRID| the grid is blocked:                                                NO
 PW_GRID| Cutoff [a.u.]                                                     33.3
 PW_GRID| spherical cutoff:                                                   NO
 PW_GRID|   Bounds   1            -48      47                Points:          96
 PW_GRID|   Bounds   2           -112     112                Points:         225
 PW_GRID|   Bounds   3            -30      29                Points:          60
 PW_GRID| Volume element (a.u.^3)  0.5177E-01     Volume (a.u.^3)     67098.5036
 PW_GRID| Grid span                                                    FULLSPACE
 PW_GRID|   Distribution                         Average         Max         Min
 PW_GRID|   G-Vectors                            20250.0       21504       19200
 PW_GRID|   G-Rays                                 210.9         224         200
 PW_GRID|   Real Space Points                    20250.0       27000       13500

 PW_GRID| Information for grid number                                          4
 PW_GRID| Number of the reference grid                                         1
 PW_GRID| Grid distributed over                                    64 processors
 PW_GRID| Real space group dimensions                                     8    8
 PW_GRID| the grid is blocked:                                                NO
 PW_GRID| Cutoff [a.u.]                                                     11.1
 PW_GRID| spherical cutoff:                                                   NO
 PW_GRID|   Bounds   1            -30      29                Points:          60
 PW_GRID|   Bounds   2            -64      63                Points:         128
 PW_GRID|   Bounds   3            -18      17                Points:          36
 PW_GRID| Volume element (a.u.^3)  0.2427         Volume (a.u.^3)     67098.5036
 PW_GRID| Grid span                                                    FULLSPACE
 PW_GRID|   Distribution                         Average         Max         Min
 PW_GRID|   G-Vectors                             4320.0        4680        3900
 PW_GRID|   G-Rays                                  72.0          78          65
 PW_GRID|   Real Space Points                     4320.0        4608        4032

 POISSON| Solver                                             MULTIPOLE (Bloechl)
 POISSON| Periodicity                                                       NONE

 RS_GRID| Information for grid number                                          1
 RS_GRID|   Bounds   1           -144     143                Points:         288
 RS_GRID|   Bounds   2           -337     337                Points:         675
 RS_GRID|   Bounds   3            -90      89                Points:         180
 RS_GRID| Real space distribution over                                  4 groups
 RS_GRID| Real space distribution along direction                              1
 RS_GRID| Border size                                                         30
 RS_GRID| Real space distribution over                                 16 groups
 RS_GRID| Real space distribution along direction                              2
 RS_GRID| Border size                                                         30
 RS_GRID|   Distribution                         Average         Max         Min
 RS_GRID|   Planes                                 132.0         132         132
 RS_GRID|   Distribution                         Average         Max         Min
 RS_GRID|   Planes                                 102.2         103         102

 RS_GRID| Information for grid number                                          2
 RS_GRID|   Bounds   1            -90      89                Points:         180
 RS_GRID|   Bounds   2           -192     191                Points:         384
 RS_GRID|   Bounds   3            -50      49                Points:         100
 RS_GRID| Real space distribution over                                  4 groups
 RS_GRID| Real space distribution along direction                              1
 RS_GRID| Border size                                                         33
 RS_GRID| Real space distribution over                                 16 groups
 RS_GRID| Real space distribution along direction                              2
 RS_GRID| Border size                                                         33
 RS_GRID|   Distribution                         Average         Max         Min
 RS_GRID|   Planes                                 111.0         111         111
 RS_GRID|   Distribution                         Average         Max         Min
 RS_GRID|   Planes                                  90.0          90          90

 RS_GRID| Information for grid number                                          3
 RS_GRID|   Bounds   1            -48      47                Points:          96
 RS_GRID|   Bounds   2           -112     112                Points:         225
 RS_GRID|   Bounds   3            -30      29                Points:          60
 RS_GRID| Real space fully replicated
 RS_GRID| Group size                                                           1

 RS_GRID| Information for grid number                                          4
 RS_GRID|   Bounds   1            -30      29                Points:          60
 RS_GRID|   Bounds   2            -64      63                Points:         128
 RS_GRID|   Bounds   3            -18      17                Points:          36
 RS_GRID| Real space fully replicated
 RS_GRID| Group size                                                           1

 *** WARNING in emd/rt_bse_linearized.F:131 :: Linearized RT-BSE is under ***
 *** active development. Make sure you understand the method and validate ***
 *** results before using it for production calculations.                 ***


 Extrapolation method: initial_guess

 *** WARNING in qs_initial_guess.F:312 :: User requested to restart the    ***
 *** wavefunction from the file named: rec_4-RESTART.wfn. This file does   ***
 *** not exist. Please check the existence of the file or change properly  ***
 *** the value of the keyword WFN_RESTART_FILE_NAME. Calculation continues ***
 *** using ATOMIC GUESS.                                                   ***


 Atomic guess: The first density matrix is obtained in terms of atomic orbitals
               and electronic configurations assigned to each atomic kind

 Guess for atomic kind: H

 Electronic structure
    Total number of core electrons                                          0.00
    Total number of valence electrons                                       1.00
    Total number of electrons                                               1.00
    Multiplicity                                                   not specified
    S      1.00


 *******************************************************************************
                  Iteration          Convergence                     Energy [au]
 *******************************************************************************
                          1        0.309524E-02                  -0.417828613492
                          2        0.397171E-03                  -0.417845979898
                          3        0.350877E-04                  -0.417846294368
                          4        0.929317E-09                  -0.417846297422

 Energy components [Hartree]           Total Energy ::           -0.417846297422
                                        Band Energy ::           -0.196148543103
                                     Kinetic Energy ::            0.486531132430
                                   Potential Energy ::           -0.904377429852
                                      Virial (-V/T) ::            1.858827461532
                                        Core Energy ::           -0.470733162945
                                          XC Energy ::           -0.242450390891
                                     Coulomb Energy ::            0.295337256414
                       Total Pseudopotential Energy ::           -0.978038883002
                       Local Pseudopotential Energy ::           -0.978038883002
                    Nonlocal Pseudopotential Energy ::            0.000000000000
                                        Confinement ::            0.207745876267

 Orbital energies  State     L     Occupation   Energy[a.u.]          Energy[eV]

                       1     0          1.000      -0.196149           -5.337473


 Total Electron Density at R=0:                                         0.282919

 Guess for atomic kind: C

 Electronic structure
    Total number of core electrons                                          2.00
    Total number of valence electrons                                       4.00
    Total number of electrons                                               6.00
    Multiplicity                                                   not specified
    S   [  2.00] 2.00
    P      2.00


 *******************************************************************************
                  Iteration          Convergence                     Energy [au]
 *******************************************************************************
                          1        0.988758E-01                  -5.245867139855
                          2        0.702567E-01                  -5.249950338066
                          3        0.324324E-03                  -5.254466662830
                          4        0.763974E-05                  -5.254466744799
                          5        0.410505E-05                  -5.254466744830
                          6        0.282419E-05                  -5.254466744837
                          7        0.925356E-08                  -5.254466744843

 Energy components [Hartree]           Total Energy ::           -5.254466744843
                                        Band Energy ::           -1.295684616135
                                     Kinetic Energy ::            3.559613956185
                                   Potential Energy ::           -8.814080701028
                                      Virial (-V/T) ::            2.476133875617
                                        Core Energy ::           -8.257747528207
                                          XC Energy ::           -1.378022926287
                                     Coulomb Energy ::            4.381303709651
                       Total Pseudopotential Energy ::          -11.853169988044
                       Local Pseudopotential Energy ::          -12.322682182621
                    Nonlocal Pseudopotential Energy ::            0.469512194577
                                        Confinement ::            0.358085036523

 Orbital energies  State     L     Occupation   Energy[a.u.]          Energy[eV]

                       1     0          2.000      -0.472377          -12.854028

                       1     1          2.000      -0.175465           -4.774658


 Total Electron Density at R=0:                                         0.011027
 Re-scaling the density matrix to get the right number of electrons
                  # Electrons              Trace(P)               Scaling factor
                          488               488.000                        1.000

 Number of electrons:                                                        488
 Number of occupied orbitals:                                                244
 Number of molecular orbitals:                                               344

 Number of orbital functions:                                               1696
 Number of independent orbital functions:                                   1696


 SCF WAVEFUNCTION OPTIMIZATION

  Step     Update method      Time    Convergence         Total energy    Change
  ------------------------------------------------------------------------------
  Decoupling Energy:                                              -0.0015459075
     1 NoMix/Diag. 0.40E+00    0.4     0.94910182      -657.4898747419 -6.57E+02
  Decoupling Energy:                                              -0.0012299334
     2 Broy./Diag. 0.40E+00    0.4     0.19491196      -603.1270960351  5.44E+01
  Decoupling Energy:                                              -0.0006588250
     3 Broy./Diag. 0.40E+00    0.4     0.10607833      -643.2312721962 -4.01E+01
  Decoupling Energy:                                              -0.0003807480
     4 Broy./Diag. 0.40E+00    0.4     0.01900093      -658.7876301808 -1.56E+01
  Decoupling Energy:                                              -0.0001757152
     5 Broy./Diag. 0.40E+00    0.4     0.00680327      -659.8273203093 -1.04E+00
  Decoupling Energy:                                              -0.0000881508
     6 Broy./Diag. 0.40E+00    0.4     0.00391314      -659.9216700157 -9.43E-02
  Decoupling Energy:                                              -0.0000273851
     7 Broy./Diag. 0.40E+00    0.4     0.00338427      -660.0148453866 -9.32E-02
  Decoupling Energy:                                              -0.0000252078
     8 Broy./Diag. 0.40E+00    0.4     0.00313047      -660.3933743574 -3.79E-01
  Decoupling Energy:                                              -0.0000553737
     9 Broy./Diag. 0.40E+00    0.5     0.00221399      -660.7589557136 -3.66E-01
  Decoupling Energy:                                              -0.0000772338
    10 Broy./Diag. 0.40E+00    0.4     0.00114535      -660.9029675280 -1.44E-01
  Decoupling Energy:                                              -0.0000938732
    11 Broy./Diag. 0.40E+00    0.4     0.00165263      -660.8648614927  3.81E-02
  Decoupling Energy:                                              -0.0001060070
    12 Broy./Diag. 0.40E+00    0.4     0.00125487      -660.8314170887  3.34E-02
  Decoupling Energy:                                              -0.0001163150
    13 Broy./Diag. 0.40E+00    0.4     0.00052535      -660.8504156074 -1.90E-02
  Decoupling Energy:                                              -0.0001260645
    14 Broy./Diag. 0.40E+00    0.4     0.00026782      -660.8796754620 -2.93E-02
  Decoupling Energy:                                              -0.0001305864
    15 Broy./Diag. 0.40E+00    0.4     0.00013451      -660.8826096911 -2.93E-03
  Decoupling Energy:                                              -0.0001313649
    16 Broy./Diag. 0.40E+00    0.4     0.00011966      -660.8701991445  1.24E-02
  Decoupling Energy:                                              -0.0001311572
    17 Broy./Diag. 0.40E+00    0.4     0.00011198      -660.8615889497  8.61E-03
  Decoupling Energy:                                              -0.0001304740
    18 Broy./Diag. 0.40E+00    0.4     0.00008875      -660.8605892540  1.00E-03
  Decoupling Energy:                                              -0.0001295159
    19 Broy./Diag. 0.40E+00    0.4     0.00012427      -660.8621855173 -1.60E-03
  Decoupling Energy:                                              -0.0001289056
    20 Broy./Diag. 0.40E+00    0.4     0.00009746      -660.8613635898  8.22E-04
  Decoupling Energy:                                              -0.0001283170
    21 Broy./Diag. 0.40E+00    0.4     0.00009127      -660.8598691122  1.49E-03
  Decoupling Energy:                                              -0.0001275682
    22 Broy./Diag. 0.40E+00    0.4     0.00009142      -660.8591194748  7.50E-04
  Decoupling Energy:                                              -0.0001269107
    23 Broy./Diag. 0.40E+00    0.4     0.00005221      -660.8596075235 -4.88E-04
  Decoupling Energy:                                              -0.0001264623
    24 Broy./Diag. 0.40E+00    0.4     0.00002523      -660.8602788663 -6.71E-04
  Decoupling Energy:                                              -0.0001262077
    25 Broy./Diag. 0.40E+00    0.4     0.00001617      -660.8603597804 -8.09E-05
  Decoupling Energy:                                              -0.0001261083
    26 Broy./Diag. 0.40E+00    0.5     0.00001206      -660.8600429317  3.17E-04
  Decoupling Energy:                                              -0.0001260745
    27 Broy./Diag. 0.40E+00    0.4     0.00001121      -660.8598359690  2.07E-04
  Decoupling Energy:                                              -0.0001260752
    28 Broy./Diag. 0.40E+00    0.4     0.00000736      -660.8599030681 -6.71E-05
  Decoupling Energy:                                              -0.0001260921
    29 Broy./Diag. 0.40E+00    0.4     0.00000399      -660.8600552222 -1.52E-04
  Decoupling Energy:                                              -0.0001261185
    30 Broy./Diag. 0.40E+00    0.4     0.00000390      -660.8601131779 -5.80E-05
  Decoupling Energy:                                              -0.0001261457
    31 Broy./Diag. 0.40E+00    0.4     0.00000283      -660.8600502456  6.29E-05
  Decoupling Energy:                                              -0.0001261764
    32 Broy./Diag. 0.40E+00    0.4     0.00000235      -660.8599666754  8.36E-05
  Decoupling Energy:                                              -0.0001261968
    33 Broy./Diag. 0.40E+00    0.4     0.00000130      -660.8599315777  3.51E-05
  Decoupling Energy:                                              -0.0001262100
    34 Broy./Diag. 0.40E+00    0.4     0.00000084      -660.8599384269 -6.85E-06
  Decoupling Energy:                                              -0.0001262182
    35 Broy./Diag. 0.40E+00    0.4     0.00000064      -660.8599454152 -6.99E-06
  Decoupling Energy:                                              -0.0001262236
    36 Broy./Diag. 0.40E+00    0.4     0.00000059      -660.8599412292  4.19E-06
  Decoupling Energy:                                              -0.0001262267
    37 Broy./Diag. 0.40E+00    0.4     0.00000053      -660.8599321224  9.11E-06
  Decoupling Energy:                                              -0.0001262278
    38 Broy./Diag. 0.40E+00    0.4     0.00000029      -660.8599282389  3.88E-06
  Decoupling Energy:                                              -0.0001262271
    39 Broy./Diag. 0.40E+00    0.4     0.00000016      -660.8599300025 -1.76E-06
  Decoupling Energy:                                              -0.0001262253
    40 Broy./Diag. 0.40E+00    0.4     0.00000015      -660.8599335079 -3.51E-06
  Decoupling Energy:                                              -0.0001262237
    41 Broy./Diag. 0.40E+00    0.4     0.00000009      -660.8599353029 -1.80E-06

  *** SCF run converged in    41 steps ***


  Electronic density on regular grids:       -488.0000000000       -0.0000000000
  Core density on regular grids:              488.0000000000       -0.0000000000
  Total charge density on r-space grids:       -0.0000000000
  Total charge density g-space grids:          -0.0000000000

  Overlap energy of the core charge distribution:               0.00003951157688
  Self energy of the core charge distribution:              -1549.93984615247928
  Core Hamiltonian energy:                                    491.48312544809545
  Hartree energy:                                             608.11963731555397
  Exchange-correlation energy:                               -210.52289142568807

  Total energy:                                              -660.85993530294093

 !-----------------------------------------------------------------------------!
                     Mulliken Population Analysis

 #  Atom  Element  Kind  Atomic population                           Net charge
       1     H        1          0.781409                              0.218591
       2     H        1          0.781409                              0.218591
       3     H        1          0.700420                              0.299580
       4     H        1          0.700420                              0.299580
       5     C        2          4.615466                             -0.615466
       6     C        2          4.201372                             -0.201372
       7     C        2          4.201372                             -0.201372
       8     H        1          0.768224                              0.231776
       9     H        1          0.768224                              0.231776
      10     C        2          4.049804                             -0.049804
      11     C        2          4.049804                             -0.049804
      12     C        2          4.245153                             -0.245153
      13     C        2          4.245153                             -0.245153
      14     C        2          4.161994                             -0.161994
      15     C        2          4.161994                             -0.161994
      16     C        2          3.963316                              0.036684
      17     C        2          3.963316                              0.036684
      18     H        1          0.809869                              0.190131
      19     H        1          0.809869                              0.190131
      20     C        2          4.083409                             -0.083409
      21     C        2          4.083409                             -0.083409
      22     C        2          3.965468                              0.034532
      23     C        2          3.966264                              0.033736
      24     C        2          4.059537                             -0.059537
      25     C        2          4.059537                             -0.059537
      26     H        1          0.804104                              0.195896
      27     H        1          0.804104                              0.195896
      28     C        2          3.981121                              0.018879
      29     C        2          3.981121                              0.018879
      30     C        2          4.137906                             -0.137906
      31     C        2          4.137906                             -0.137906
      32     C        2          4.140514                             -0.140514
      33     C        2          4.140514                             -0.140514
      34     C        2          3.983464                              0.016536
      35     C        2          3.983464                              0.016536
      36     H        1          0.813325                              0.186675
      37     H        1          0.813325                              0.186675
      38     C        2          4.069051                             -0.069051
      39     C        2          4.069051                             -0.069051
      40     C        2          3.969627                              0.030373
      41     C        2          3.971367                              0.028633
      42     C        2          4.068808                             -0.068808
      43     C        2          4.068808                             -0.068808
      44     H        1          0.812776                              0.187224
      45     H        1          0.812776                              0.187224
      46     C        2          3.986121                              0.013879
      47     C        2          3.986121                              0.013879
      48     C        2          4.139380                             -0.139380
      49     C        2          4.139380                             -0.139380
      50     C        2          4.140358                             -0.140358
      51     C        2          4.140358                             -0.140358
      52     C        2          3.986497                              0.013503
      53     C        2          3.986497                              0.013503
      54     H        1          0.813622                              0.186378
      55     H        1          0.813622                              0.186378
      56     C        2          4.070975                             -0.070975
      57     C        2          4.070975                             -0.070975
      58     C        2          3.972211                              0.027789
      59     C        2          3.972608                              0.027392
      60     C        2          4.070887                             -0.070887
      61     C        2          4.070887                             -0.070887
      62     H        1          0.813526                              0.186474
      63     H        1          0.813526                              0.186474
      64     C        2          3.987235                              0.012765
      65     C        2          3.987235                              0.012765
      66     C        2          4.140203                             -0.140203
      67     C        2          4.140203                             -0.140203
      68     C        2          4.140426                             -0.140426
      69     C        2          4.140426                             -0.140426
      70     C        2          3.987301                              0.012699
      71     C        2          3.987301                              0.012699
      72     H        1          0.813669                              0.186331
      73     H        1          0.813669                              0.186331
      74     C        2          4.071330                             -0.071330
      75     C        2          4.071330                             -0.071330
      76     C        2          3.972779                              0.027221
      77     C        2          3.972779                              0.027221
      78     C        2          4.071330                             -0.071330
      79     C        2          4.071330                             -0.071330
      80     H        1          0.813669                              0.186331
      81     H        1          0.813669                              0.186331
      82     C        2          3.987301                              0.012699
      83     C        2          3.987301                              0.012699
      84     C        2          4.140426                             -0.140426
      85     C        2          4.140426                             -0.140426
      86     C        2          4.140203                             -0.140203
      87     C        2          4.140203                             -0.140203
      88     C        2          3.987235                              0.012765
      89     C        2          3.987235                              0.012765
      90     H        1          0.813526                              0.186474
      91     H        1          0.813526                              0.186474
      92     C        2          4.070887                             -0.070887
      93     C        2          4.070887                             -0.070887
      94     C        2          3.972608                              0.027392
      95     C        2          3.972211                              0.027789
      96     C        2          4.070975                             -0.070975
      97     C        2          4.070975                             -0.070975
      98     H        1          0.813622                              0.186378
      99     H        1          0.813622                              0.186378
     100     C        2          3.986497                              0.013503
     101     C        2          3.986497                              0.013503
     102     C        2          4.140358                             -0.140358
     103     C        2          4.140358                             -0.140358
     104     C        2          4.139380                             -0.139380
     105     C        2          4.139380                             -0.139380
     106     C        2          3.986121                              0.013879
     107     C        2          3.986121                              0.013879
     108     H        1          0.812776                              0.187224
     109     H        1          0.812776                              0.187224
     110     C        2          4.068808                             -0.068808
     111     C        2          4.068808                             -0.068808
     112     C        2          3.971367                              0.028633
     113     C        2          3.969627                              0.030373
     114     C        2          4.069051                             -0.069051
     115     C        2          4.069051                             -0.069051
     116     H        1          0.813325                              0.186675
     117     H        1          0.813325                              0.186675
     118     C        2          3.983464                              0.016536
     119     C        2          3.983464                              0.016536
     120     C        2          4.140514                             -0.140514
     121     C        2          4.140514                             -0.140514
     122     C        2          4.137906                             -0.137906
     123     C        2          4.137906                             -0.137906
     124     C        2          3.981121                              0.018879
     125     C        2          3.981121                              0.018879
     126     H        1          0.804104                              0.195896
     127     H        1          0.804104                              0.195896
     128     C        2          4.059537                             -0.059537
     129     C        2          4.059537                             -0.059537
     130     C        2          3.966264                              0.033736
     131     C        2          3.965468                              0.034532
     132     C        2          4.083409                             -0.083409
     133     C        2          4.083409                             -0.083409
     134     H        1          0.809869                              0.190131
     135     H        1          0.809869                              0.190131
     136     C        2          3.963316                              0.036684
     137     C        2          3.963316                              0.036684
     138     C        2          4.161994                             -0.161994
     139     C        2          4.161994                             -0.161994
     140     C        2          4.245153                             -0.245153
     141     C        2          4.245153                             -0.245153
     142     C        2          4.049804                             -0.049804
     143     C        2          4.049804                             -0.049804
     144     H        1          0.768224                              0.231776
     145     H        1          0.768224                              0.231776
     146     C        2          4.201372                             -0.201372
     147     C        2          4.201372                             -0.201372
     148     C        2          4.615466                             -0.615466
     149     H        1          0.700420                              0.299580
     150     H        1          0.700420                              0.299580
     151     H        1          0.781409                              0.218591
     152     H        1          0.781409                              0.218591
 # Total charge                            488.000000                 -0.000000

 !-----------------------------------------------------------------------------!

 !-----------------------------------------------------------------------------!
                           Hirshfeld Charges

  #Atom  Element  Kind  Ref Charge     Population                    Net charge
      1       H      1       1.000          0.549                         0.451
      2       H      1       1.000          0.549                         0.451
      3       H      1       1.000          0.553                         0.447
      4       H      1       1.000          0.553                         0.447
      5       C      2       4.000          4.781                        -0.781
      6       C      2       4.000          4.470                        -0.470
      7       C      2       4.000          4.470                        -0.470
      8       H      1       1.000          0.551                         0.449
      9       H      1       1.000          0.551                         0.449
     10       C      2       4.000          4.006                        -0.006
     11       C      2       4.000          4.006                        -0.006
     12       C      2       4.000          4.446                        -0.446
     13       C      2       4.000          4.446                        -0.446
     14       C      2       4.000          4.455                        -0.455
     15       C      2       4.000          4.455                        -0.455
     16       C      2       4.000          4.007                        -0.007
     17       C      2       4.000          4.007                        -0.007
     18       H      1       1.000          0.555                         0.445
     19       H      1       1.000          0.555                         0.445
     20       C      2       4.000          3.995                         0.005
     21       C      2       4.000          3.995                         0.005
     22       C      2       4.000          4.003                        -0.003
     23       C      2       4.000          4.007                        -0.007
     24       C      2       4.000          3.999                         0.001
     25       C      2       4.000          3.999                         0.001
     26       H      1       1.000          0.555                         0.445
     27       H      1       1.000          0.555                         0.445
     28       C      2       4.000          4.000                        -0.000
     29       C      2       4.000          4.000                        -0.000
     30       C      2       4.000          4.445                        -0.445
     31       C      2       4.000          4.445                        -0.445
     32       C      2       4.000          4.447                        -0.447
     33       C      2       4.000          4.447                        -0.447
     34       C      2       4.000          4.001                        -0.001
     35       C      2       4.000          4.001                        -0.001
     36       H      1       1.000          0.555                         0.445
     37       H      1       1.000          0.555                         0.445
     38       C      2       4.000          3.997                         0.003
     39       C      2       4.000          3.997                         0.003
     40       C      2       4.000          4.001                        -0.001
     41       C      2       4.000          4.002                        -0.002
     42       C      2       4.000          3.998                         0.002
     43       C      2       4.000          3.998                         0.002
     44       H      1       1.000          0.555                         0.445
     45       H      1       1.000          0.555                         0.445
     46       C      2       4.000          4.000                        -0.000
     47       C      2       4.000          4.000                        -0.000
     48       C      2       4.000          4.445                        -0.445
     49       C      2       4.000          4.445                        -0.445
     50       C      2       4.000          4.445                        -0.445
     51       C      2       4.000          4.445                        -0.445
     52       C      2       4.000          4.000                        -0.000
     53       C      2       4.000          4.000                        -0.000
     54       H      1       1.000          0.555                         0.445
     55       H      1       1.000          0.555                         0.445
     56       C      2       4.000          3.998                         0.002
     57       C      2       4.000          3.998                         0.002
     58       C      2       4.000          4.001                        -0.001
     59       C      2       4.000          4.002                        -0.002
     60       C      2       4.000          3.998                         0.002
     61       C      2       4.000          3.998                         0.002
     62       H      1       1.000          0.555                         0.445
     63       H      1       1.000          0.555                         0.445
     64       C      2       4.000          4.000                        -0.000
     65       C      2       4.000          4.000                        -0.000
     66       C      2       4.000          4.445                        -0.445
     67       C      2       4.000          4.445                        -0.445
     68       C      2       4.000          4.445                        -0.445
     69       C      2       4.000          4.445                        -0.445
     70       C      2       4.000          4.000                        -0.000
     71       C      2       4.000          4.000                        -0.000
     72       H      1       1.000          0.555                         0.445
     73       H      1       1.000          0.555                         0.445
     74       C      2       4.000          3.998                         0.002
     75       C      2       4.000          3.998                         0.002
     76       C      2       4.000          4.001                        -0.001
     77       C      2       4.000          4.001                        -0.001
     78       C      2       4.000          3.998                         0.002
     79       C      2       4.000          3.998                         0.002
     80       H      1       1.000          0.555                         0.445
     81       H      1       1.000          0.555                         0.445
     82       C      2       4.000          4.000                        -0.000
     83       C      2       4.000          4.000                        -0.000
     84       C      2       4.000          4.445                        -0.445
     85       C      2       4.000          4.445                        -0.445
     86       C      2       4.000          4.445                        -0.445
     87       C      2       4.000          4.445                        -0.445
     88       C      2       4.000          4.000                        -0.000
     89       C      2       4.000          4.000                        -0.000
     90       H      1       1.000          0.555                         0.445
     91       H      1       1.000          0.555                         0.445
     92       C      2       4.000          3.998                         0.002
     93       C      2       4.000          3.998                         0.002
     94       C      2       4.000          4.002                        -0.002
     95       C      2       4.000          4.001                        -0.001
     96       C      2       4.000          3.998                         0.002
     97       C      2       4.000          3.998                         0.002
     98       H      1       1.000          0.555                         0.445
     99       H      1       1.000          0.555                         0.445
    100       C      2       4.000          4.000                        -0.000
    101       C      2       4.000          4.000                        -0.000
    102       C      2       4.000          4.445                        -0.445
    103       C      2       4.000          4.445                        -0.445
    104       C      2       4.000          4.445                        -0.445
    105       C      2       4.000          4.445                        -0.445
    106       C      2       4.000          4.000                        -0.000
    107       C      2       4.000          4.000                        -0.000
    108       H      1       1.000          0.555                         0.445
    109       H      1       1.000          0.555                         0.445
    110       C      2       4.000          3.998                         0.002
    111       C      2       4.000          3.998                         0.002
    112       C      2       4.000          4.002                        -0.002
    113       C      2       4.000          4.001                        -0.001
    114       C      2       4.000          3.997                         0.003
    115       C      2       4.000          3.997                         0.003
    116       H      1       1.000          0.555                         0.445
    117       H      1       1.000          0.555                         0.445
    118       C      2       4.000          4.001                        -0.001
    119       C      2       4.000          4.001                        -0.001
    120       C      2       4.000          4.447                        -0.447
    121       C      2       4.000          4.447                        -0.447
    122       C      2       4.000          4.445                        -0.445
    123       C      2       4.000          4.445                        -0.445
    124       C      2       4.000          4.000                        -0.000
    125       C      2       4.000          4.000                        -0.000
    126       H      1       1.000          0.555                         0.445
    127       H      1       1.000          0.555                         0.445
    128       C      2       4.000          3.999                         0.001
    129       C      2       4.000          3.999                         0.001
    130       C      2       4.000          4.007                        -0.007
    131       C      2       4.000          4.003                        -0.003
    132       C      2       4.000          3.995                         0.005
    133       C      2       4.000          3.995                         0.005
    134       H      1       1.000          0.555                         0.445
    135       H      1       1.000          0.555                         0.445
    136       C      2       4.000          4.007                        -0.007
    137       C      2       4.000          4.007                        -0.007
    138       C      2       4.000          4.455                        -0.455
    139       C      2       4.000          4.455                        -0.455
    140       C      2       4.000          4.446                        -0.446
    141       C      2       4.000          4.446                        -0.446
    142       C      2       4.000          4.006                        -0.006
    143       C      2       4.000          4.006                        -0.006
    144       H      1       1.000          0.551                         0.449
    145       H      1       1.000          0.551                         0.449
    146       C      2       4.000          4.470                        -0.470
    147       C      2       4.000          4.470                        -0.470
    148       C      2       4.000          4.781                        -0.781
    149       H      1       1.000          0.553                         0.447
    150       H      1       1.000          0.553                         0.447
    151       H      1       1.000          0.549                         0.451
    152       H      1       1.000          0.549                         0.451

  Total Charge                                                            0.098
 !-----------------------------------------------------------------------------!
  
 -------------------------------------------------------------------------------
 -                                                                             -
 -                          BANDSTRUCTURE CALCULATION                          -
 -                                                                             -
 -------------------------------------------------------------------------------
  
 Number of occupied molecular orbitals (MOs) = Number of occupied bands      244
 Number of unoccupied (= virtual) MOs = Number of unoccupied bands          1452
 Number of Gaussian basis functions for MOs                                 1696
  
 -------------------------------------------------------------------------------
 -                                                                             -
 -                                GW CALCULATION                               -
 -                                                                             -
 -------------------------------------------------------------------------------
  
 Input: Number of time/freq. points                                           30
 Input: ω_max for fitting Σ(iω) (eV)                                        10.0
 Input: Filter threshold for sparse tensor operations                    1.0E-10
 Input: Apply Hedin shift                                                      F
 Detected: Available memory per MPI process                              39.7 GB
 
 Input: RI-RS Tikhonov regularization                                   1.00E-08
 Input: AO grid hard cutoff radius                                        7.00 Å
 Input: MPI ranks per atom in Z_lP solve                                      -1
 Input: Keep sparsity in χ/G/W panels                                          T
 Input: GW flavour                                                          G0W0
 
 Input: RI-RS grid optimization activated                                      T
 Input: Element: H, number of points per atom:                                27
 Input: Element: C, number of points per atom:                                67
 Input: Cutoff radius for atomic clusters                                  3.0 Å
 Input: Maximum grid optimization iterations                                 200
 
 Cutoff radius for the truncated Coulomb operator in RI metric:            7.0 Å
 Regularization parameter of RI                                          0.0E+00
 Regularization parameter of minimax grids                               1.0E-06
  
 Number of auxiliary Gaussian basis functions for χ, ε, W                   3560
  Decoupling Energy:                                              -0.0001262138
 
 SCF direct band gap (eV)                                                   1.63
 Max. SCF eigval diff. (eV)                                               247.03
 E-Range for minimax grid                                                 151.39
 Number of Padé parameters for analytic continuation:                         16
 
 RI-RS basis radii (Å):
     Kind  Elem     r_AO (Å)     r_RI (Å)
        1    H        11.3560        5.9118
        2    C         9.5975        5.7974
 
 Started RI-RS grid optimization
 RI-RS grid optimization completed, execution time:                      111.2 s
 Normalized 3C error:                                                    1.6E-06
 Maximum absolute 3C error:                                              1.6E-02
 Total grid points used for RI-RS:                                          8584
 
 RI-RS grid row-blocks of Φ_μ(r_l)                                           376
 RI-RS grid points per block (max)                                            32
 
 Percentage of non-zero matrix elements in Φ_μ(r_l)                      38.26 %
 
 RI-RS memory estimate per MPI process:
   Available memory per process (system)                                47.92 GB
   Required for Z_lP (dense upper bound; actual is sparser)              0.00 GB
   Required for χ, W, Σ panels (peak per panel step)                     0.04 GB
   Required for Z_lP solve peak (D_local+φ, worst-case atom)             0.40 GB
   Worst-case local-grid number of grid points:                             6094
   Worst-case memory D_local:                                            0.30 GB
 
 Started computing Z_lP
 Per-kind maximum RI-RS sphere cutoff (Å):
   Kind   cutoff (Å)
     H        12.9118
     C        12.7974
 
 Computed Z_lP (MPI rank 0) for atom          1 /  3,    Execution time    0.8 s
 Computed Z_lP (MPI rank 0) for atom          2 /  3,    Execution time    0.3 s
 Computed Z_lP (MPI rank 0) for atom          3 /  3,    Execution time    0.3 s
 Computed Z_lP (all MPI ranks) for all atoms,            Execution time    1.4 s

 Memory per MPI process after computing Z_lP:
 Available memory per MPI process                               47.9 GB
 Used memory per MPI process                                     1.2 GB
 Number of batches for χ, Σ matrices                                           1
 
 Percentage of non-zero matrix elements in Z_lP                          64.59 %
 Percentage of non-zero matrix elements in G_ll', χ_ll', W_ll'          100.00 %
 Percentage of non-zero matrix elements in χ_PQ for time point 1        100.00 %
 
 Computed χ(iτ,k=0) for time point            1 / 30,    Execution time    0.2 s
 Computed χ(iτ,k=0) for time point            2 / 30,    Execution time    0.1 s
 Computed χ(iτ,k=0) for time point            3 / 30,    Execution time    0.1 s
 Computed χ(iτ,k=0) for time point            4 / 30,    Execution time    0.1 s
 Computed χ(iτ,k=0) for time point            5 / 30,    Execution time    0.1 s
 Computed χ(iτ,k=0) for time point            6 / 30,    Execution time    0.1 s
 Computed χ(iτ,k=0) for time point            7 / 30,    Execution time    0.1 s
 Computed χ(iτ,k=0) for time point            8 / 30,    Execution time    0.1 s
 Computed χ(iτ,k=0) for time point            9 / 30,    Execution time    0.1 s
 Computed χ(iτ,k=0) for time point           10 / 30,    Execution time    0.1 s
 Computed χ(iτ,k=0) for time point           11 / 30,    Execution time    0.1 s
 Computed χ(iτ,k=0) for time point           12 / 30,    Execution time    0.1 s
 Computed χ(iτ,k=0) for time point           13 / 30,    Execution time    0.1 s
 Computed χ(iτ,k=0) for time point           14 / 30,    Execution time    0.1 s
 Computed χ(iτ,k=0) for time point           15 / 30,    Execution time    0.1 s
 Computed χ(iτ,k=0) for time point           16 / 30,    Execution time    0.1 s
 Computed χ(iτ,k=0) for time point           17 / 30,    Execution time    0.1 s
 Computed χ(iτ,k=0) for time point           18 / 30,    Execution time    0.1 s
 Computed χ(iτ,k=0) for time point           19 / 30,    Execution time    0.1 s
 Computed χ(iτ,k=0) for time point           20 / 30,    Execution time    0.1 s
 Computed χ(iτ,k=0) for time point           21 / 30,    Execution time    0.1 s
 Computed χ(iτ,k=0) for time point           22 / 30,    Execution time    0.1 s
 Computed χ(iτ,k=0) for time point           23 / 30,    Execution time    0.1 s
 Computed χ(iτ,k=0) for time point           24 / 30,    Execution time    0.1 s
 Computed χ(iτ,k=0) for time point           25 / 30,    Execution time    0.1 s
 Computed χ(iτ,k=0) for time point           26 / 30,    Execution time    0.1 s
 Computed χ(iτ,k=0) for time point           27 / 30,    Execution time    0.0 s
 Computed χ(iτ,k=0) for time point           28 / 30,    Execution time    0.0 s
 Computed χ(iτ,k=0) for time point           29 / 30,    Execution time    0.0 s
 Computed χ(iτ,k=0) for time point           30 / 30,    Execution time    0.0 s
 
 Computed W(iτ),                                         Execution time    5.1 s
 Computed W(0),                                          Execution time    0.0 s
 
 Computed Σ^x(k=0),                                      Execution time    0.2 s
 
 Computed Σ^c(iτ) for time point              1 / 30,    Execution time    0.2 s
 Computed Σ^c(iτ) for time point              2 / 30,    Execution time    0.2 s
 Computed Σ^c(iτ) for time point              3 / 30,    Execution time    0.2 s
 Computed Σ^c(iτ) for time point              4 / 30,    Execution time    0.2 s
 Computed Σ^c(iτ) for time point              5 / 30,    Execution time    0.2 s
 Computed Σ^c(iτ) for time point              6 / 30,    Execution time    0.2 s
 Computed Σ^c(iτ) for time point              7 / 30,    Execution time    0.2 s
 Computed Σ^c(iτ) for time point              8 / 30,    Execution time    0.2 s
 Computed Σ^c(iτ) for time point              9 / 30,    Execution time    0.2 s
 Computed Σ^c(iτ) for time point             10 / 30,    Execution time    0.2 s
 Computed Σ^c(iτ) for time point             11 / 30,    Execution time    0.2 s
 Computed Σ^c(iτ) for time point             12 / 30,    Execution time    0.2 s
 Computed Σ^c(iτ) for time point             13 / 30,    Execution time    0.2 s
 Computed Σ^c(iτ) for time point             14 / 30,    Execution time    0.2 s
 Computed Σ^c(iτ) for time point             15 / 30,    Execution time    0.2 s
 Computed Σ^c(iτ) for time point             16 / 30,    Execution time    0.2 s
 Computed Σ^c(iτ) for time point             17 / 30,    Execution time    0.1 s
 Computed Σ^c(iτ) for time point             18 / 30,    Execution time    0.2 s
 Computed Σ^c(iτ) for time point             19 / 30,    Execution time    0.2 s
 Computed Σ^c(iτ) for time point             20 / 30,    Execution time    0.1 s
 Computed Σ^c(iτ) for time point             21 / 30,    Execution time    0.1 s
 Computed Σ^c(iτ) for time point             22 / 30,    Execution time    0.1 s
 Computed Σ^c(iτ) for time point             23 / 30,    Execution time    0.1 s
 Computed Σ^c(iτ) for time point             24 / 30,    Execution time    0.1 s
 Computed Σ^c(iτ) for time point             25 / 30,    Execution time    0.1 s
 Computed Σ^c(iτ) for time point             26 / 30,    Execution time    0.1 s
 Computed Σ^c(iτ) for time point             27 / 30,    Execution time    0.0 s
 Computed Σ^c(iτ) for time point             28 / 30,    Execution time    0.0 s
 Computed Σ^c(iτ) for time point             29 / 30,    Execution time    0.0 s
 Computed Σ^c(iτ) for time point             30 / 30,    Execution time    0.0 s
 
 SCF valence band maximum (eV):                                           -4.593
 SCF conduction band minimum (eV):                                        -2.961
 SCF indirect band gap (eV):                                               1.632
 SCF direct band gap (eV):                                                 1.632
 
 G0W0 valence band maximum (eV):                                          -5.132
 G0W0 conduction band minimum (eV):                                       -1.529
 G0W0 indirect band gap (eV):                                              3.603
 G0W0 direct band gap (eV):                                                3.603
 
 Hartree-Fock with SCF orbitals valence band maximum (eV):                -5.235
 Hartree-Fock with SCF orbitals conduction band minimum (eV)               0.656
 Hartree-Fock with SCF orbitals indirect band gap (eV):                    5.891
 Hartree-Fock with SCF orbitals direct band gap (eV):                      5.891

 ENERGY| Total FORCE_EVAL ( QS ) energy [hartree]           -660.859935302940926

 *** HINT in emd/rt_bse_linearized.F:440 :: ENFORCE_MAX_DT enabled. ***
 *** Resetting TIMESTEP to          72.4900 as and STEPS to 2759.   ***

 
 /-----------------------------------------------------------------------------\
 |                                                                             |
 |              Linearized Real Time Bethe-Salpeter Propagation                |
 |                                                                             |
 \-----------------------------------------------------------------------------/
 
 Apply delta pulse                                                             T

 Use Tamm-Dancoff                                                              T
 TDA first-peak shift active                                                   F

 Estimated maximum timestep within stability region [as]:                72.5104
 Applied timestep [as]:                                                  72.4900
 Number of propagation steps:                                               2759
 Total propagation time [as]:                                        200000.0000
 Estimated FFT frequency resolution without interpolation [eV]:         0.020678
 Nyquist frequency [eV]:                                               28.525765
 Estimated maximum oscillation frequency (gap-based) [eV]:             25.675015
 GW flavor for computing GW eigenvalues used in RT-BSE:                     G0W0
 Active-window occupied energy cutoff [eV]:                               10.000
 Active-window virtual energy cutoff [eV]:                                10.000
 First active occupied MO index:                                              81
 Last active virtual MO index:                                               505
 Number of active MOs:                                                       425
 Spin 1 first active MO, E - E_HOMO (KS) [eV]:                            -9.872
 Spin 1 last active MO, E - E_LUMO (KS) [eV]:                              9.929
 Spin 1 first active MO, E - E_HOMO (QP) [eV]:                           -10.757
 Spin 1 last active MO, E - E_LUMO (QP) [eV]:                             10.107
 Precomputed RT-BSE RI-RS V_aux kernel,                  Execution time    0.1 s
 
 W0CUT| Cutoff radius, negative = off [angstrom]                         50.0000
 W0CUT| Retained block fraction                                         1.000000
 W0CUT| Retained Frobenius norm                                   1.37593154E+07
 Precomputed RT-BSE RI-RS W0_grid kernel,                Execution time    0.1 s
 
 RTBSE| Applying delta pulse
 RTBSE| Delta pulse elements (a.u.) :   -0.0000E+000  -0.1000E-002  -0.0000E+000
 RTBSE| Metric difference after delta kick                       0.52291876E-002
 RTBSE| Estimated runtime for propagation [s]                           1995.370
 RTBSE|
 RTBSE| Simulation step   Step time [s]                          Electron number
 RTBSE|               0           0.723                               0.328E+003
 RTBSE|               1           0.642                               0.328E+003
 RTBSE|               2           0.635                               0.328E+003
 RTBSE|               3           0.631                               0.328E+003
 RTBSE|               4           0.624                               0.328E+003
 RTBSE|               5           0.630                               0.328E+003
 RTBSE|               6           0.896                               0.328E+003
 RTBSE|               7           0.672                               0.328E+003
 RTBSE|               8           0.621                               0.328E+003
 RTBSE|               9           0.652                               0.328E+003
 RTBSE|              10           0.620                               0.328E+003
 RTBSE|              11           0.631                               0.328E+003
 RTBSE|              12           0.630                               0.328E+003
 RTBSE|              13           0.620                               0.328E+003
 RTBSE|              14           0.617                               0.328E+003
 RTBSE|              15           0.626                               0.328E+003
 RTBSE|              16           0.634                               0.328E+003
 RTBSE|              17           0.617                               0.328E+003
 RTBSE|              18           0.622                               0.328E+003
 RTBSE|              19           0.623                               0.328E+003
 RTBSE|              20           0.618                               0.328E+003
 RTBSE|              21           0.618                               0.328E+003
 RTBSE|              22           0.815                               0.328E+003
 RTBSE|              23           0.623                               0.328E+003
 RTBSE|              24           0.634                               0.328E+003
 RTBSE|              25           0.618                               0.328E+003
 RTBSE|              26           0.631                               0.328E+003
 RTBSE|              27           0.655                               0.328E+003
 RTBSE|              28           0.635                               0.328E+003
 RTBSE|              29           0.620                               0.328E+003
 RTBSE|              30           0.639                               0.328E+003
 RTBSE|              31           0.626                               0.328E+003
 RTBSE|              32           0.635                               0.328E+003
 RTBSE|              33           0.620                               0.328E+003
 RTBSE|              34           0.630                               0.328E+003
 RTBSE|              35           0.648                               0.328E+003
 RTBSE|              36           0.653                               0.328E+003
 RTBSE|              37           0.623                               0.328E+003
 RTBSE|              38           0.657                               0.328E+003
 RTBSE|              39           0.626                               0.328E+003
 RTBSE|              40           0.635                               0.328E+003
 RTBSE|              41           0.632                               0.328E+003
 RTBSE|              42           0.640                               0.328E+003
 RTBSE|              43           0.628                               0.328E+003
 RTBSE|              44           0.633                               0.328E+003
 RTBSE|              45           0.621                               0.328E+003
 RTBSE|              46           0.638                               0.328E+003
 RTBSE|              47           0.623                               0.328E+003
 RTBSE|              48           0.626                               0.328E+003
 RTBSE|              49           0.619                               0.328E+003
 RTBSE|              50           0.633                               0.328E+003
 RTBSE|              51           0.651                               0.328E+003
 RTBSE|              52           0.627                               0.328E+003
 RTBSE|              53           0.623                               0.328E+003
 RTBSE|              54           0.631                               0.328E+003
 RTBSE|              55           0.627                               0.328E+003
 RTBSE|              56           0.640                               0.328E+003
 RTBSE|              57           0.628                               0.328E+003
 RTBSE|              58           0.638                               0.328E+003
 RTBSE|              59           0.629                               0.328E+003
 RTBSE|              60           0.677                               0.328E+003
 RTBSE|              61           0.651                               0.328E+003
 RTBSE|              62           0.774                               0.328E+003
 RTBSE|              63           0.712                               0.328E+003
 RTBSE|              64           0.761                               0.328E+003
 RTBSE|              65           0.706                               0.328E+003
 RTBSE|              66           0.633                               0.328E+003
 RTBSE|              67           0.631                               0.328E+003
 RTBSE|              68           0.653                               0.328E+003
 RTBSE|              69           0.630                               0.328E+003
 RTBSE|              70           0.680                               0.328E+003
 RTBSE|              71           0.755                               0.328E+003
 RTBSE|              72           0.635                               0.328E+003
 RTBSE|              73           0.636                               0.328E+003
 RTBSE|              74           0.629                               0.328E+003
 RTBSE|              75           0.628                               0.328E+003
 RTBSE|              76           0.631                               0.328E+003
 RTBSE|              77           0.625                               0.328E+003
 RTBSE|              78           0.631                               0.328E+003
 RTBSE|              79           0.621                               0.328E+003
 RTBSE|              80           0.632                               0.328E+003
 RTBSE|              81           0.623                               0.328E+003
 RTBSE|              82           1.103                               0.328E+003
 RTBSE|              83           0.629                               0.328E+003
 RTBSE|              84           0.637                               0.328E+003
 RTBSE|              85           0.633                               0.328E+003
 RTBSE|              86           0.628                               0.328E+003
 RTBSE|              87           0.628                               0.328E+003
 RTBSE|              88           0.638                               0.328E+003
 RTBSE|              89           0.620                               0.328E+003
 RTBSE|              90           0.638                               0.328E+003
 RTBSE|              91           0.650                               0.328E+003
 RTBSE|              92           0.631                               0.328E+003
 RTBSE|              93           0.628                               0.328E+003
 RTBSE|              94           0.628                               0.328E+003
 RTBSE|              95           0.623                               0.328E+003
 RTBSE|              96           0.782                               0.328E+003
 RTBSE|              97           0.662                               0.328E+003
 RTBSE|              98           0.625                               0.328E+003
 RTBSE|              99           0.632                               0.328E+003
 RTBSE|             100           0.627                               0.328E+003
 RTBSE|             101           0.651                               0.328E+003
 RTBSE|             102           0.632                               0.328E+003
 RTBSE|             103           0.635                               0.328E+003
 RTBSE|             104           0.634                               0.328E+003
 RTBSE|             105           0.629                               0.328E+003
 RTBSE|             106           0.626                               0.328E+003
 RTBSE|             107           0.629                               0.328E+003
 RTBSE|             108           0.624                               0.328E+003
 RTBSE|             109           0.631                               0.328E+003
 RTBSE|             110           0.627                               0.328E+003
 RTBSE|             111           0.618                               0.328E+003
 RTBSE|             112           0.632                               0.328E+003
 RTBSE|             113           0.631                               0.328E+003
 RTBSE|             114           0.884                               0.328E+003
 RTBSE|             115           0.666                               0.328E+003
 RTBSE|             116           0.638                               0.328E+003
 RTBSE|             117           0.631                               0.328E+003
 RTBSE|             118           0.665                               0.328E+003
 RTBSE|             119           0.634                               0.328E+003
 RTBSE|             120           0.636                               0.328E+003
 RTBSE|             121           0.628                               0.328E+003
 RTBSE|             122           0.640                               0.328E+003
 RTBSE|             123           0.624                               0.328E+003
 RTBSE|             124           0.635                               0.328E+003
 RTBSE|             125           0.626                               0.328E+003
 RTBSE|             126           0.635                               0.328E+003
 RTBSE|             127           0.644                               0.328E+003
 RTBSE|             128           0.662                               0.328E+003
 RTBSE|             129           0.626                               0.328E+003
 RTBSE|             130           0.665                               0.328E+003
 RTBSE|             131           0.636                               0.328E+003
 RTBSE|             132           0.638                               0.328E+003
 RTBSE|             133           0.632                               0.328E+003
 RTBSE|             134           0.643                               0.328E+003
 RTBSE|             135           0.633                               0.328E+003
 RTBSE|             136           0.644                               0.328E+003
 RTBSE|             137           0.648                               0.328E+003
 RTBSE|             138           0.689                               0.328E+003
 RTBSE|             139           0.631                               0.328E+003
 RTBSE|             140           0.677                               0.328E+003
 RTBSE|             141           0.627                               0.328E+003
 RTBSE|             142           0.736                               0.328E+003
 RTBSE|             143           0.759                               0.328E+003
 RTBSE|             144           0.770                               0.328E+003
 RTBSE|             145           0.677                               0.328E+003
 RTBSE|             146           0.704                               0.328E+003
 RTBSE|             147           0.802                               0.328E+003
 RTBSE|             148           0.647                               0.328E+003
 RTBSE|             149           0.643                               0.328E+003
 RTBSE|             150           0.641                               0.328E+003
 RTBSE|             151           0.635                               0.328E+003
 RTBSE|             152           0.644                               0.328E+003
 RTBSE|             153           0.819                               0.328E+003
 RTBSE|             154           0.634                               0.328E+003
 RTBSE|             155           0.628                               0.328E+003
 RTBSE|             156           0.643                               0.328E+003
 RTBSE|             157           0.628                               0.328E+003
 RTBSE|             158           0.648                               0.328E+003
 RTBSE|             159           0.667                               0.328E+003
 RTBSE|             160           0.634                               0.328E+003
 RTBSE|             161           0.636                               0.328E+003
 RTBSE|             162           0.633                               0.328E+003
 RTBSE|             163           0.633                               0.328E+003
 RTBSE|             164           0.660                               0.328E+003
 RTBSE|             165           0.654                               0.328E+003
 RTBSE|             166           0.634                               0.328E+003
 RTBSE|             167           0.643                               0.328E+003
 RTBSE|             168           0.643                               0.328E+003
 RTBSE|             169           0.626                               0.328E+003
 RTBSE|             170           0.635                               0.328E+003
 RTBSE|             171           0.632                               0.328E+003
 RTBSE|             172           0.632                               0.328E+003
 RTBSE|             173           0.969                               0.328E+003
 RTBSE|             174           0.648                               0.328E+003
 RTBSE|             175           0.638                               0.328E+003
 RTBSE|             176           0.647                               0.328E+003
 RTBSE|             177           0.635                               0.328E+003
 RTBSE|             178           0.639                               0.328E+003
 RTBSE|             179           0.650                               0.328E+003
 RTBSE|             180           0.648                               0.328E+003
 RTBSE|             181           0.634                               0.328E+003
 RTBSE|             182           0.673                               0.328E+003
 RTBSE|             183           0.634                               0.328E+003
 RTBSE|             184           0.641                               0.328E+003
 RTBSE|             185           0.636                               0.328E+003
 RTBSE|             186           0.639                               0.328E+003
 RTBSE|             187           0.834                               0.328E+003
 RTBSE|             188           0.659                               0.328E+003
 RTBSE|             189           0.641                               0.328E+003
 RTBSE|             190           0.647                               0.328E+003
 RTBSE|             191           0.666                               0.328E+003
 RTBSE|             192           0.645                               0.328E+003
 RTBSE|             193           0.645                               0.328E+003
 RTBSE|             194           0.646                               0.328E+003
 RTBSE|             195           0.642                               0.328E+003
 RTBSE|             196           0.651                               0.328E+003
 RTBSE|             197           0.649                               0.328E+003
 RTBSE|             198           0.647                               0.328E+003
 RTBSE|             199           0.641                               0.328E+003
 RTBSE|             200           0.647                               0.328E+003
 RTBSE|             201           0.641                               0.328E+003
 RTBSE|             202           0.635                               0.328E+003
 RTBSE|             203           0.634                               0.328E+003
 RTBSE|             204           0.792                               0.328E+003
 RTBSE|             205           0.679                               0.328E+003
 RTBSE|             206           0.644                               0.328E+003
 RTBSE|             207           0.639                               0.328E+003
 RTBSE|             208           0.649                               0.328E+003
 RTBSE|             209           0.668                               0.328E+003
 RTBSE|             210           0.641                               0.328E+003
 RTBSE|             211           0.643                               0.328E+003
 RTBSE|             212           0.642                               0.328E+003
 RTBSE|             213           0.643                               0.328E+003
 RTBSE|             214           0.648                               0.328E+003
 RTBSE|             215           0.641                               0.328E+003
 RTBSE|             216           0.639                               0.328E+003
 RTBSE|             217           0.630                               0.328E+003
 RTBSE|             218           0.916                               0.328E+003
 RTBSE|             219           0.642                               0.328E+003
 RTBSE|             220           0.715                               0.328E+003
 RTBSE|             221           0.683                               0.328E+003
 RTBSE|             222           0.643                               0.328E+003
 RTBSE|             223           0.686                               0.328E+003
 RTBSE|             224           0.690                               0.328E+003
 RTBSE|             225           0.694                               0.328E+003
 RTBSE|             226           0.745                               0.328E+003
 RTBSE|             227           0.717                               0.328E+003
 RTBSE|             228           0.710                               0.328E+003
 RTBSE|             229           0.760                               0.328E+003
 RTBSE|             230           0.648                               0.328E+003
 RTBSE|             231           0.632                               0.328E+003
 RTBSE|             232           0.690                               0.328E+003
 RTBSE|             233           0.638                               0.328E+003
 RTBSE|             234           0.719                               0.328E+003
 RTBSE|             235           0.759                               0.328E+003
 RTBSE|             236           0.641                               0.328E+003
 RTBSE|             237           0.634                               0.328E+003
 RTBSE|             238           0.644                               0.328E+003
 RTBSE|             239           0.625                               0.328E+003
 RTBSE|             240           0.638                               0.328E+003
 RTBSE|             241           0.634                               0.328E+003
 RTBSE|             242           0.648                               0.328E+003
 RTBSE|             243           0.634                               0.328E+003
 RTBSE|             244           0.642                               0.328E+003
 RTBSE|             245           0.636                               0.328E+003
 RTBSE|             246           0.631                               0.328E+003
 RTBSE|             247           0.634                               0.328E+003
 RTBSE|             248           0.643                               0.328E+003
 RTBSE|             249           0.787                               0.328E+003
 RTBSE|             250           0.645                               0.328E+003
 RTBSE|             251           0.644                               0.328E+003
 RTBSE|             252           0.643                               0.328E+003
 RTBSE|             253           0.638                               0.328E+003
 RTBSE|             254           0.648                               0.328E+003
 RTBSE|             255           0.646                               0.328E+003
 RTBSE|             256           0.638                               0.328E+003
 RTBSE|             257           0.645                               0.328E+003
 RTBSE|             258           0.642                               0.328E+003
 RTBSE|             259           0.637                               0.328E+003
 RTBSE|             260           0.646                               0.328E+003
 RTBSE|             261           0.636                               0.328E+003
 RTBSE|             262           0.951                               0.328E+003
 RTBSE|             263           0.692                               0.328E+003
 RTBSE|             264           0.651                               0.328E+003
 RTBSE|             265           0.638                               0.328E+003
 RTBSE|             266           0.655                               0.328E+003
 RTBSE|             267           0.650                               0.328E+003
 RTBSE|             268           0.655                               0.328E+003
 RTBSE|             269           0.644                               0.328E+003
 RTBSE|             270           0.648                               0.328E+003
 RTBSE|             271           0.652                               0.328E+003
 RTBSE|             272           0.686                               0.328E+003
 RTBSE|             273           0.642                               0.328E+003
 RTBSE|             274           0.645                               0.328E+003
 RTBSE|             275           0.640                               0.328E+003
 RTBSE|             276           0.641                               0.328E+003
 RTBSE|             277           0.885                               0.328E+003
 RTBSE|             278           0.674                               0.328E+003
 RTBSE|             279           0.656                               0.328E+003
 RTBSE|             280           0.648                               0.328E+003
 RTBSE|             281           0.669                               0.328E+003
 RTBSE|             282           0.648                               0.328E+003
 RTBSE|             283           0.656                               0.328E+003
 RTBSE|             284           0.653                               0.328E+003
 RTBSE|             285           0.645                               0.328E+003
 RTBSE|             286           0.652                               0.328E+003
 RTBSE|             287           0.647                               0.328E+003
 RTBSE|             288           0.646                               0.328E+003
 RTBSE|             289           0.651                               0.328E+003
 RTBSE|             290           0.652                               0.328E+003
 RTBSE|             291           0.641                               0.328E+003
 RTBSE|             292           0.651                               0.328E+003
 RTBSE|             293           0.641                               0.328E+003
 RTBSE|             294           0.834                               0.328E+003
 RTBSE|             295           0.645                               0.328E+003
 RTBSE|             296           0.657                               0.328E+003
 RTBSE|             297           0.645                               0.328E+003
 RTBSE|             298           0.672                               0.328E+003
 RTBSE|             299           0.670                               0.328E+003
 RTBSE|             300           0.653                               0.328E+003
 RTBSE|             301           0.684                               0.328E+003
 RTBSE|             302           0.687                               0.328E+003
 RTBSE|             303           0.646                               0.328E+003
 RTBSE|             304           0.681                               0.328E+003
 RTBSE|             305           0.670                               0.328E+003
 RTBSE|             306           0.699                               0.328E+003
 RTBSE|             307           0.729                               0.328E+003
 RTBSE|             308           0.766                               0.328E+003
 RTBSE|             309           0.835                               0.328E+003
 RTBSE|             310           0.701                               0.328E+003
 RTBSE|             311           0.693                               0.328E+003
 RTBSE|             312           0.664                               0.328E+003
 RTBSE|             313           0.656                               0.328E+003
 RTBSE|             314           0.655                               0.328E+003
 RTBSE|             315           0.698                               0.328E+003
 RTBSE|             316           0.713                               0.328E+003
 RTBSE|             317           0.701                               0.328E+003
 RTBSE|             318           0.650                               0.328E+003
 RTBSE|             319           0.646                               0.328E+003
 RTBSE|             320           0.651                               0.328E+003
 RTBSE|             321           0.679                               0.328E+003
 RTBSE|             322           0.654                               0.328E+003
 RTBSE|             323           0.653                               0.328E+003
 RTBSE|             324           0.654                               0.328E+003
 RTBSE|             325           0.652                               0.328E+003
 RTBSE|             326           0.651                               0.328E+003
 RTBSE|             327           0.653                               0.328E+003
 RTBSE|             328           0.664                               0.328E+003
 RTBSE|             329           0.657                               0.328E+003
 RTBSE|             330           0.650                               0.328E+003
 RTBSE|             331           0.657                               0.328E+003
 RTBSE|             332           0.646                               0.328E+003
 RTBSE|             333           0.643                               0.328E+003
 RTBSE|             334           0.653                               0.328E+003
 RTBSE|             335           0.658                               0.328E+003
 RTBSE|             336           0.664                               0.328E+003
 RTBSE|             337           0.646                               0.328E+003
 RTBSE|             338           0.694                               0.328E+003
 RTBSE|             339           0.656                               0.328E+003
 RTBSE|             340           0.659                               0.328E+003
 RTBSE|             341           0.654                               0.328E+003
 RTBSE|             342           0.662                               0.328E+003
 RTBSE|             343           0.659                               0.328E+003
 RTBSE|             344           0.656                               0.328E+003
 RTBSE|             345           0.658                               0.328E+003
 RTBSE|             346           0.670                               0.328E+003
 RTBSE|             347           0.661                               0.328E+003
 RTBSE|             348           0.662                               0.328E+003
 RTBSE|             349           0.654                               0.328E+003
 RTBSE|             350           0.663                               0.328E+003
 RTBSE|             351           1.018                               0.328E+003
 RTBSE|             352           0.757                               0.328E+003
 RTBSE|             353           0.664                               0.328E+003
 RTBSE|             354           0.653                               0.328E+003
 RTBSE|             355           0.658                               0.328E+003
 RTBSE|             356           0.672                               0.328E+003
 RTBSE|             357           0.678                               0.328E+003
 RTBSE|             358           0.672                               0.328E+003
 RTBSE|             359           0.675                               0.328E+003
 RTBSE|             360           0.709                               0.328E+003
 RTBSE|             361           0.669                               0.328E+003
 RTBSE|             362           0.673                               0.328E+003
 RTBSE|             363           0.674                               0.328E+003
 RTBSE|             364           0.673                               0.328E+003
 RTBSE|             365           0.876                               0.328E+003
 RTBSE|             366           0.679                               0.328E+003
 RTBSE|             367           0.662                               0.328E+003
 RTBSE|             368           0.668                               0.328E+003
 RTBSE|             369           0.689                               0.328E+003
 RTBSE|             370           0.670                               0.328E+003
 RTBSE|             371           0.683                               0.328E+003
 RTBSE|             372           0.664                               0.328E+003
 RTBSE|             373           0.672                               0.328E+003
 RTBSE|             374           0.679                               0.328E+003
 RTBSE|             375           0.675                               0.328E+003
 RTBSE|             376           0.661                               0.328E+003
 RTBSE|             377           0.663                               0.328E+003
 RTBSE|             378           0.668                               0.328E+003
 RTBSE|             379           0.677                               0.328E+003
 RTBSE|             380           0.722                               0.328E+003
 RTBSE|             381           0.664                               0.328E+003
 RTBSE|             382           0.964                               0.328E+003
 RTBSE|             383           0.744                               0.328E+003
 RTBSE|             384           0.780                               0.328E+003
 RTBSE|             385           0.734                               0.328E+003
 RTBSE|             386           0.701                               0.328E+003
 RTBSE|             387           0.744                               0.328E+003
 RTBSE|             388           0.734                               0.328E+003
 RTBSE|             389           0.691                               0.328E+003
 RTBSE|             390           0.731                               0.328E+003
 RTBSE|             391           0.661                               0.328E+003
 RTBSE|             392           0.719                               0.328E+003
 RTBSE|             393           0.691                               0.328E+003
 RTBSE|             394           0.762                               0.328E+003
 RTBSE|             395           0.701                               0.328E+003
 RTBSE|             396           0.665                               0.328E+003
 RTBSE|             397           0.669                               0.328E+003
 RTBSE|             398           0.671                               0.328E+003
 RTBSE|             399           0.677                               0.328E+003
 RTBSE|             400           0.689                               0.328E+003
 RTBSE|             401           0.672                               0.328E+003
 RTBSE|             402           0.667                               0.328E+003
 RTBSE|             403           0.673                               0.328E+003
 RTBSE|             404           0.677                               0.328E+003
 RTBSE|             405           0.658                               0.328E+003
 RTBSE|             406           0.672                               0.328E+003
 RTBSE|             407           0.663                               0.328E+003
 RTBSE|             408           0.800                               0.328E+003
 RTBSE|             409           0.667                               0.328E+003
 RTBSE|             410           0.669                               0.328E+003
 RTBSE|             411           0.667                               0.328E+003
 RTBSE|             412           0.674                               0.328E+003
 RTBSE|             413           0.666                               0.328E+003
 RTBSE|             414           0.689                               0.328E+003
 RTBSE|             415           0.674                               0.328E+003
 RTBSE|             416           0.669                               0.328E+003
 RTBSE|             417           0.679                               0.328E+003
 RTBSE|             418           0.674                               0.328E+003
 RTBSE|             419           0.661                               0.328E+003
 RTBSE|             420           0.668                               0.328E+003
 RTBSE|             421           0.662                               0.328E+003
 RTBSE|             422           0.708                               0.328E+003
 RTBSE|             423           0.666                               0.328E+003
 RTBSE|             424           0.711                               0.328E+003
 RTBSE|             425           0.672                               0.328E+003
 RTBSE|             426           0.685                               0.328E+003
 RTBSE|             427           0.693                               0.328E+003
 RTBSE|             428           0.678                               0.328E+003
 RTBSE|             429           0.685                               0.328E+003
 RTBSE|             430           0.681                               0.328E+003
 RTBSE|             431           0.669                               0.328E+003
 RTBSE|             432           0.682                               0.328E+003
 RTBSE|             433           0.678                               0.328E+003
 RTBSE|             434           0.685                               0.328E+003
 RTBSE|             435           0.689                               0.328E+003
 RTBSE|             436           0.682                               0.328E+003
 RTBSE|             437           1.008                               0.328E+003
 RTBSE|             438           0.689                               0.328E+003
 RTBSE|             439           0.680                               0.328E+003
 RTBSE|             440           0.680                               0.328E+003
 RTBSE|             441           0.667                               0.328E+003
 RTBSE|             442           0.705                               0.328E+003
 RTBSE|             443           0.677                               0.328E+003
 RTBSE|             444           0.681                               0.328E+003
 RTBSE|             445           0.673                               0.328E+003
 RTBSE|             446           0.699                               0.328E+003
 RTBSE|             447           0.673                               0.328E+003
 RTBSE|             448           0.675                               0.328E+003
 RTBSE|             449           0.676                               0.328E+003
 RTBSE|             450           0.683                               0.328E+003
 RTBSE|             451           0.862                               0.328E+003
 RTBSE|             452           0.686                               0.328E+003
 RTBSE|             453           0.684                               0.328E+003
 RTBSE|             454           0.719                               0.328E+003
 RTBSE|             455           0.718                               0.328E+003
 RTBSE|             456           0.735                               0.328E+003
 RTBSE|             457           0.689                               0.328E+003
 RTBSE|             458           0.757                               0.328E+003
 RTBSE|             459           0.730                               0.328E+003
 RTBSE|             460           0.707                               0.328E+003
 RTBSE|             461           0.702                               0.328E+003
 RTBSE|             462           0.745                               0.328E+003
 RTBSE|             463           0.760                               0.328E+003
 RTBSE|             464           0.744                               0.328E+003
 RTBSE|             465           0.760                               0.328E+003
 RTBSE|             466           0.866                               0.328E+003
 RTBSE|             467           0.708                               0.328E+003
 RTBSE|             468           0.689                               0.328E+003
 RTBSE|             469           0.680                               0.328E+003
 RTBSE|             470           0.786                               0.328E+003
 RTBSE|             471           0.749                               0.328E+003
 RTBSE|             472           0.688                               0.328E+003
 RTBSE|             473           0.674                               0.328E+003
 RTBSE|             474           0.691                               0.328E+003
 RTBSE|             475           0.667                               0.328E+003
 RTBSE|             476           0.679                               0.328E+003
 RTBSE|             477           0.695                               0.328E+003
 RTBSE|             478           0.685                               0.328E+003
 RTBSE|             479           0.912                               0.328E+003
 RTBSE|             480           0.718                               0.328E+003
 RTBSE|             481           0.681                               0.328E+003
 RTBSE|             482           0.690                               0.328E+003
 RTBSE|             483           0.682                               0.328E+003
 RTBSE|             484           0.685                               0.328E+003
 RTBSE|             485           0.675                               0.328E+003
 RTBSE|             486           0.686                               0.328E+003
 RTBSE|             487           0.675                               0.328E+003
 RTBSE|             488           0.706                               0.328E+003
 RTBSE|             489           0.703                               0.328E+003
 RTBSE|             490           0.711                               0.328E+003
 RTBSE|             491           0.684                               0.328E+003
 RTBSE|             492           0.698                               0.328E+003
 RTBSE|             493           0.713                               0.328E+003
 RTBSE|             494           0.695                               0.328E+003
 RTBSE|             495           0.685                               0.328E+003
 RTBSE|             496           0.692                               0.328E+003
 RTBSE|             497           0.689                               0.328E+003
 RTBSE|             498           0.708                               0.328E+003
 RTBSE|             499           0.695                               0.328E+003
 RTBSE|             500           0.693                               0.328E+003
 RTBSE|             501           0.676                               0.328E+003
 RTBSE|             502           0.687                               0.328E+003
 RTBSE|             503           0.707                               0.328E+003
 RTBSE|             504           0.692                               0.328E+003
 RTBSE|             505           0.677                               0.328E+003
 RTBSE|             506           0.675                               0.328E+003
 RTBSE|             507           0.682                               0.328E+003
 RTBSE|             508           0.716                               0.328E+003
 RTBSE|             509           0.820                               0.328E+003
 RTBSE|             510           0.691                               0.328E+003
 RTBSE|             511           0.697                               0.328E+003
 RTBSE|             512           0.699                               0.328E+003
 RTBSE|             513           0.702                               0.328E+003
 RTBSE|             514           0.695                               0.328E+003
 RTBSE|             515           0.678                               0.328E+003
 RTBSE|             516           0.700                               0.328E+003
 RTBSE|             517           0.684                               0.328E+003
 RTBSE|             518           0.683                               0.328E+003
 RTBSE|             519           0.671                               0.328E+003
 RTBSE|             520           0.682                               0.328E+003
 RTBSE|             521           0.846                               0.328E+003
 RTBSE|             522           0.884                               0.328E+003
 RTBSE|             523           0.695                               0.328E+003
 RTBSE|             524           0.696                               0.328E+003
 RTBSE|             525           0.678                               0.328E+003
 RTBSE|             526           0.695                               0.328E+003
 RTBSE|             527           0.716                               0.328E+003
 RTBSE|             528           0.765                               0.328E+003
 RTBSE|             529           0.687                               0.328E+003
 RTBSE|             530           0.809                               0.328E+003
 RTBSE|             531           0.772                               0.328E+003
 RTBSE|             532           0.688                               0.328E+003
 RTBSE|             533           0.740                               0.328E+003
 RTBSE|             534           0.746                               0.328E+003
 RTBSE|             535           1.022                               0.328E+003
 RTBSE|             536           0.831                               0.328E+003
 RTBSE|             537           0.712                               0.328E+003
 RTBSE|             538           0.773                               0.328E+003
 RTBSE|             539           0.716                               0.328E+003
 RTBSE|             540           0.702                               0.328E+003
 RTBSE|             541           0.694                               0.328E+003
 RTBSE|             542           0.764                               0.328E+003
 RTBSE|             543           0.689                               0.328E+003
 RTBSE|             544           0.762                               0.328E+003
 RTBSE|             545           0.695                               0.328E+003
 RTBSE|             546           0.692                               0.328E+003
 RTBSE|             547           0.686                               0.328E+003
 RTBSE|             548           0.682                               0.328E+003
 RTBSE|             549           0.692                               0.328E+003
 RTBSE|             550           0.873                               0.328E+003
 RTBSE|             551           0.695                               0.328E+003
 RTBSE|             552           0.701                               0.328E+003
 RTBSE|             553           0.689                               0.328E+003
 RTBSE|             554           0.731                               0.328E+003
 RTBSE|             555           0.704                               0.328E+003
 RTBSE|             556           0.693                               0.328E+003
 RTBSE|             557           0.697                               0.328E+003
 RTBSE|             558           0.707                               0.328E+003
 RTBSE|             559           0.695                               0.328E+003
 RTBSE|             560           0.698                               0.328E+003
 RTBSE|             561           0.697                               0.328E+003
 RTBSE|             562           0.759                               0.328E+003
 RTBSE|             563           0.706                               0.328E+003
 RTBSE|             564           0.743                               0.328E+003
 RTBSE|             565           0.723                               0.328E+003
 RTBSE|             566           0.704                               0.328E+003
 RTBSE|             567           0.707                               0.328E+003
 RTBSE|             568           0.718                               0.328E+003
 RTBSE|             569           0.704                               0.328E+003
 RTBSE|             570           0.704                               0.328E+003
 RTBSE|             571           0.715                               0.328E+003
 RTBSE|             572           0.711                               0.328E+003
 RTBSE|             573           0.720                               0.328E+003
 RTBSE|             574           0.697                               0.328E+003
 RTBSE|             575           0.702                               0.328E+003
 RTBSE|             576           0.728                               0.328E+003
 RTBSE|             577           0.689                               0.328E+003
 RTBSE|             578           0.712                               0.328E+003
 RTBSE|             579           0.695                               0.328E+003
 RTBSE|             580           0.695                               0.328E+003
 RTBSE|             581           0.693                               0.328E+003
 RTBSE|             582           0.704                               0.328E+003
 RTBSE|             583           0.706                               0.328E+003
 RTBSE|             584           0.730                               0.328E+003
 RTBSE|             585           0.695                               0.328E+003
 RTBSE|             586           0.731                               0.328E+003
 RTBSE|             587           0.694                               0.328E+003
 RTBSE|             588           0.718                               0.328E+003
 RTBSE|             589           0.725                               0.328E+003
 RTBSE|             590           0.723                               0.328E+003
 RTBSE|             591           0.717                               0.328E+003
 RTBSE|             592           0.740                               0.328E+003
 RTBSE|             593           0.710                               0.328E+003
 RTBSE|             594           0.698                               0.328E+003
 RTBSE|             595           0.710                               0.328E+003
 RTBSE|             596           0.712                               0.328E+003
 RTBSE|             597           0.705                               0.328E+003
 RTBSE|             598           0.708                               0.328E+003
 RTBSE|             599           0.730                               0.328E+003
 RTBSE|             600           0.719                               0.328E+003
 RTBSE|             601           0.760                               0.328E+003
 RTBSE|             602           0.759                               0.328E+003
 RTBSE|             603           0.724                               0.328E+003
 RTBSE|             604           1.207                               0.328E+003
 RTBSE|             605           0.763                               0.328E+003
 RTBSE|             606           0.772                               0.328E+003
 RTBSE|             607           0.715                               0.328E+003
 RTBSE|             608           0.841                               0.328E+003
 RTBSE|             609           0.768                               0.328E+003
 RTBSE|             610           0.765                               0.328E+003
 RTBSE|             611           0.782                               0.328E+003
 RTBSE|             612           0.745                               0.328E+003
 RTBSE|             613           0.759                               0.328E+003
 RTBSE|             614           0.772                               0.328E+003
 RTBSE|             615           0.723                               0.328E+003
 RTBSE|             616           0.899                               0.328E+003
 RTBSE|             617           0.707                               0.328E+003
 RTBSE|             618           0.769                               0.328E+003
 RTBSE|             619           0.743                               0.328E+003
 RTBSE|             620           0.730                               0.328E+003
 RTBSE|             621           0.708                               0.328E+003
 RTBSE|             622           0.714                               0.328E+003
 RTBSE|             623           0.721                               0.328E+003
 RTBSE|             624           0.718                               0.328E+003
 RTBSE|             625           0.714                               0.328E+003
 RTBSE|             626           0.710                               0.328E+003
 RTBSE|             627           0.710                               0.328E+003
 RTBSE|             628           0.755                               0.328E+003
 RTBSE|             629           0.716                               0.328E+003
 RTBSE|             630           0.765                               0.328E+003
 RTBSE|             631           0.902                               0.328E+003
 RTBSE|             632           0.787                               0.328E+003
 RTBSE|             633           0.715                               0.328E+003
 RTBSE|             634           0.719                               0.328E+003
 RTBSE|             635           0.740                               0.328E+003
 RTBSE|             636           0.711                               0.328E+003
 RTBSE|             637           0.715                               0.328E+003
 RTBSE|             638           0.717                               0.328E+003
 RTBSE|             639           0.712                               0.328E+003
 RTBSE|             640           0.723                               0.328E+003
 RTBSE|             641           0.715                               0.328E+003
 RTBSE|             642           0.745                               0.328E+003
 RTBSE|             643           0.785                               0.328E+003
 RTBSE|             644           0.729                               0.328E+003
 RTBSE|             645           0.753                               0.328E+003
 RTBSE|             646           0.731                               0.328E+003
 RTBSE|             647           0.758                               0.328E+003
 RTBSE|             648           0.733                               0.328E+003
 RTBSE|             649           0.739                               0.328E+003
 RTBSE|             650           0.727                               0.328E+003
 RTBSE|             651           0.707                               0.328E+003
 RTBSE|             652           0.731                               0.328E+003
 RTBSE|             653           0.715                               0.328E+003
 RTBSE|             654           0.722                               0.328E+003
 RTBSE|             655           0.721                               0.328E+003
 RTBSE|             656           0.712                               0.328E+003
 RTBSE|             657           0.845                               0.328E+003
 RTBSE|             658           0.728                               0.328E+003
 RTBSE|             659           0.699                               0.328E+003
 RTBSE|             660           0.726                               0.328E+003
 RTBSE|             661           0.729                               0.328E+003
 RTBSE|             662           0.750                               0.328E+003
 RTBSE|             663           0.713                               0.328E+003
 RTBSE|             664           0.785                               0.328E+003
 RTBSE|             665           0.712                               0.328E+003
 RTBSE|             666           0.763                               0.328E+003
 RTBSE|             667           0.757                               0.328E+003
 RTBSE|             668           0.764                               0.328E+003
 RTBSE|             669           0.751                               0.328E+003
 RTBSE|             670           0.740                               0.328E+003
 RTBSE|             671           0.763                               0.328E+003
 RTBSE|             672           0.804                               0.328E+003
 RTBSE|             673           0.773                               0.328E+003
 RTBSE|             674           0.784                               0.328E+003
 RTBSE|             675           0.761                               0.328E+003
 RTBSE|             676           0.771                               0.328E+003
 RTBSE|             677           0.747                               0.328E+003
 RTBSE|             678           0.849                               0.328E+003
 RTBSE|             679           0.802                               0.328E+003
 RTBSE|             680           0.754                               0.328E+003
 RTBSE|             681           0.709                               0.328E+003
 RTBSE|             682           0.730                               0.328E+003
 RTBSE|             683           1.050                               0.328E+003
 RTBSE|             684           0.784                               0.328E+003
 RTBSE|             685           0.782                               0.328E+003
 RTBSE|             686           0.742                               0.328E+003
 RTBSE|             687           0.729                               0.328E+003
 RTBSE|             688           0.748                               0.328E+003
 RTBSE|             689           0.718                               0.328E+003
 RTBSE|             690           0.751                               0.328E+003
 RTBSE|             691           0.753                               0.328E+003
 RTBSE|             692           0.733                               0.328E+003
 RTBSE|             693           0.716                               0.328E+003
 RTBSE|             694           0.736                               0.328E+003
 RTBSE|             695           0.734                               0.328E+003
 RTBSE|             696           0.907                               0.328E+003
 RTBSE|             697           0.727                               0.328E+003
 RTBSE|             698           0.738                               0.328E+003
 RTBSE|             699           0.768                               0.328E+003
 RTBSE|             700           0.738                               0.328E+003
 RTBSE|             701           0.728                               0.328E+003
 RTBSE|             702           0.722                               0.328E+003
 RTBSE|             703           0.723                               0.328E+003
 RTBSE|             704           0.728                               0.328E+003
 RTBSE|             705           0.722                               0.328E+003
 RTBSE|             706           0.726                               0.328E+003
 RTBSE|             707           0.731                               0.328E+003
 RTBSE|             708           0.719                               0.328E+003
 RTBSE|             709           0.721                               0.328E+003
 RTBSE|             710           0.717                               0.328E+003
 RTBSE|             711           0.891                               0.328E+003
 RTBSE|             712           0.729                               0.328E+003
 RTBSE|             713           0.711                               0.328E+003
 RTBSE|             714           0.776                               0.328E+003
 RTBSE|             715           0.751                               0.328E+003
 RTBSE|             716           0.735                               0.328E+003
 RTBSE|             717           0.738                               0.328E+003
 RTBSE|             718           0.736                               0.328E+003
 RTBSE|             719           0.726                               0.328E+003
 RTBSE|             720           0.735                               0.328E+003
 RTBSE|             721           0.728                               0.328E+003
 RTBSE|             722           0.763                               0.328E+003
 RTBSE|             723           0.984                               0.328E+003
 RTBSE|             724           0.774                               0.328E+003
 RTBSE|             725           0.761                               0.328E+003
 RTBSE|             726           0.778                               0.328E+003
 RTBSE|             727           0.739                               0.328E+003
 RTBSE|             728           0.774                               0.328E+003
 RTBSE|             729           0.738                               0.328E+003
 RTBSE|             730           0.771                               0.328E+003
 RTBSE|             731           0.732                               0.328E+003
 RTBSE|             732           0.792                               0.328E+003
 RTBSE|             733           0.823                               0.328E+003
 RTBSE|             734           0.770                               0.328E+003
 RTBSE|             735           0.756                               0.328E+003
 RTBSE|             736           0.761                               0.328E+003
 RTBSE|             737           0.734                               0.328E+003
 RTBSE|             738           0.740                               0.328E+003
 RTBSE|             739           0.751                               0.328E+003
 RTBSE|             740           0.840                               0.328E+003
 RTBSE|             741           0.759                               0.328E+003
 RTBSE|             742           0.820                               0.328E+003
 RTBSE|             743           0.827                               0.328E+003
 RTBSE|             744           0.762                               0.328E+003
 RTBSE|             745           0.774                               0.328E+003
 RTBSE|             746           0.738                               0.328E+003
 RTBSE|             747           0.718                               0.328E+003
 RTBSE|             748           0.732                               0.328E+003
 RTBSE|             749           0.733                               0.328E+003
 RTBSE|             750           0.958                               0.328E+003
 RTBSE|             751           0.773                               0.328E+003
 RTBSE|             752           0.733                               0.328E+003
 RTBSE|             753           0.725                               0.328E+003
 RTBSE|             754           0.751                               0.328E+003
 RTBSE|             755           0.741                               0.328E+003
 RTBSE|             756           0.757                               0.328E+003
 RTBSE|             757           0.735                               0.328E+003
 RTBSE|             758           0.734                               0.328E+003
 RTBSE|             759           0.737                               0.328E+003
 RTBSE|             760           0.736                               0.328E+003
 RTBSE|             761           0.960                               0.328E+003
 RTBSE|             762           0.897                               0.328E+003
 RTBSE|             763           0.732                               0.328E+003
 RTBSE|             764           0.739                               0.328E+003
 RTBSE|             765           0.737                               0.328E+003
 RTBSE|             766           0.756                               0.328E+003
 RTBSE|             767           0.748                               0.328E+003
 RTBSE|             768           0.755                               0.328E+003
 RTBSE|             769           0.807                               0.328E+003
 RTBSE|             770           0.787                               0.328E+003
 RTBSE|             771           0.742                               0.328E+003
 RTBSE|             772           0.756                               0.328E+003
 RTBSE|             773           0.773                               0.328E+003
 RTBSE|             774           0.983                               0.328E+003
 RTBSE|             775           0.780                               0.328E+003
 RTBSE|             776           0.755                               0.328E+003
 RTBSE|             777           0.783                               0.328E+003
 RTBSE|             778           0.747                               0.328E+003
 RTBSE|             779           0.774                               0.328E+003
 RTBSE|             780           0.754                               0.328E+003
 RTBSE|             781           0.768                               0.328E+003
 RTBSE|             782           0.771                               0.328E+003
 RTBSE|             783           0.751                               0.328E+003
 RTBSE|             784           0.771                               0.328E+003
 RTBSE|             785           0.779                               0.328E+003
 RTBSE|             786           0.781                               0.328E+003
 RTBSE|             787           0.767                               0.328E+003
 RTBSE|             788           0.936                               0.328E+003
 RTBSE|             789           0.757                               0.328E+003
 RTBSE|             790           0.771                               0.328E+003
 RTBSE|             791           0.895                               0.328E+003
 RTBSE|             792           0.790                               0.328E+003
 RTBSE|             793           0.753                               0.328E+003
 RTBSE|             794           0.780                               0.328E+003
 RTBSE|             795           0.773                               0.328E+003
 RTBSE|             796           0.746                               0.328E+003
 RTBSE|             797           0.740                               0.328E+003
 RTBSE|             798           0.784                               0.328E+003
 RTBSE|             799           0.883                               0.328E+003
 RTBSE|             800           0.788                               0.328E+003
 RTBSE|             801           0.824                               0.328E+003
 RTBSE|             802           0.823                               0.328E+003
 RTBSE|             803           0.746                               0.328E+003
 RTBSE|             804           0.790                               0.328E+003
 RTBSE|             805           0.791                               0.328E+003
 RTBSE|             806           0.751                               0.328E+003
 RTBSE|             807           0.816                               0.328E+003
 RTBSE|             808           0.755                               0.328E+003
 RTBSE|             809           0.744                               0.328E+003
 RTBSE|             810           0.793                               0.328E+003
 RTBSE|             811           0.759                               0.328E+003
 RTBSE|             812           0.772                               0.328E+003
 RTBSE|             813           0.764                               0.328E+003
 RTBSE|             814           0.738                               0.328E+003
 RTBSE|             815           0.742                               0.328E+003
 RTBSE|             816           0.741                               0.328E+003
 RTBSE|             817           0.748                               0.328E+003
 RTBSE|             818           0.794                               0.328E+003
 RTBSE|             819           0.764                               0.328E+003
 RTBSE|             820           0.743                               0.328E+003
 RTBSE|             821           0.748                               0.328E+003
 RTBSE|             822           0.741                               0.328E+003
 RTBSE|             823           0.743                               0.328E+003
 RTBSE|             824           0.738                               0.328E+003
 RTBSE|             825           0.752                               0.328E+003
 RTBSE|             826           0.752                               0.328E+003
 RTBSE|             827           0.789                               0.328E+003
 RTBSE|             828           0.792                               0.328E+003
 RTBSE|             829           0.749                               0.328E+003
 RTBSE|             830           0.784                               0.328E+003
 RTBSE|             831           0.782                               0.328E+003
 RTBSE|             832           0.772                               0.328E+003
 RTBSE|             833           0.770                               0.328E+003
 RTBSE|             834           0.786                               0.328E+003
 RTBSE|             835           0.761                               0.328E+003
 RTBSE|             836           0.763                               0.328E+003
 RTBSE|             837           0.789                               0.328E+003
 RTBSE|             838           1.096                               0.328E+003
 RTBSE|             839           0.879                               0.328E+003
 RTBSE|             840           0.805                               0.328E+003
 RTBSE|             841           0.814                               0.328E+003
 RTBSE|             842           0.808                               0.328E+003
 RTBSE|             843           0.794                               0.328E+003
 RTBSE|             844           0.776                               0.328E+003
 RTBSE|             845           0.789                               0.328E+003
 RTBSE|             846           0.779                               0.328E+003
 RTBSE|             847           0.762                               0.328E+003
 RTBSE|             848           0.768                               0.328E+003
 RTBSE|             849           0.852                               0.328E+003
 RTBSE|             850           0.993                               0.328E+003
 RTBSE|             851           0.765                               0.328E+003
 RTBSE|             852           0.816                               0.328E+003
 RTBSE|             853           0.798                               0.328E+003
 RTBSE|             854           0.774                               0.328E+003
 RTBSE|             855           0.831                               0.328E+003
 RTBSE|             856           0.803                               0.328E+003
 RTBSE|             857           0.817                               0.328E+003
 RTBSE|             858           0.788                               0.328E+003
 RTBSE|             859           0.749                               0.328E+003
 RTBSE|             860           0.783                               0.328E+003
 RTBSE|             861           0.762                               0.328E+003
 RTBSE|             862           0.808                               0.328E+003
 RTBSE|             863           0.793                               0.328E+003
 RTBSE|             864           1.105                               0.328E+003
 RTBSE|             865           0.777                               0.328E+003
 RTBSE|             866           0.796                               0.328E+003
 RTBSE|             867           0.791                               0.328E+003
 RTBSE|             868           0.789                               0.328E+003
 RTBSE|             869           0.758                               0.328E+003
 RTBSE|             870           0.850                               0.328E+003
 RTBSE|             871           0.764                               0.328E+003
 RTBSE|             872           0.777                               0.328E+003
 RTBSE|             873           0.762                               0.328E+003
 RTBSE|             874           0.766                               0.328E+003
 RTBSE|             875           0.815                               0.328E+003
 RTBSE|             876           0.809                               0.328E+003
 RTBSE|             877           0.771                               0.328E+003
 RTBSE|             878           0.789                               0.328E+003
 RTBSE|             879           0.801                               0.328E+003
 RTBSE|             880           0.797                               0.328E+003
 RTBSE|             881           0.776                               0.328E+003
 RTBSE|             882           0.773                               0.328E+003
 RTBSE|             883           0.772                               0.328E+003
 RTBSE|             884           0.777                               0.328E+003
 RTBSE|             885           0.766                               0.328E+003
 RTBSE|             886           0.795                               0.328E+003
 RTBSE|             887           0.885                               0.328E+003
 RTBSE|             888           0.799                               0.328E+003
 RTBSE|             889           0.769                               0.328E+003
 RTBSE|             890           0.808                               0.328E+003
 RTBSE|             891           0.785                               0.328E+003
 RTBSE|             892           0.778                               0.328E+003
 RTBSE|             893           0.812                               0.328E+003
 RTBSE|             894           0.811                               0.328E+003
 RTBSE|             895           0.818                               0.328E+003
 RTBSE|             896           0.818                               0.328E+003
 RTBSE|             897           0.781                               0.328E+003
 RTBSE|             898           0.772                               0.328E+003
 RTBSE|             899           0.794                               0.328E+003
 RTBSE|             900           0.860                               0.328E+003
 RTBSE|             901           0.798                               0.328E+003
 RTBSE|             902           0.779                               0.328E+003
 RTBSE|             903           0.805                               0.328E+003
 RTBSE|             904           0.808                               0.328E+003
 RTBSE|             905           0.815                               0.328E+003
 RTBSE|             906           0.825                               0.328E+003
 RTBSE|             907           0.835                               0.328E+003
 RTBSE|             908           0.800                               0.328E+003
 RTBSE|             909           0.819                               0.328E+003
 RTBSE|             910           0.768                               0.328E+003
 RTBSE|             911           0.958                               0.328E+003
 RTBSE|             912           1.005                               0.328E+003
 RTBSE|             913           0.857                               0.328E+003
 RTBSE|             914           0.794                               0.328E+003
 RTBSE|             915           0.827                               0.328E+003
 RTBSE|             916           0.854                               0.328E+003
 RTBSE|             917           0.776                               0.328E+003
 RTBSE|             918           0.817                               0.328E+003
 RTBSE|             919           0.828                               0.328E+003
 RTBSE|             920           0.812                               0.328E+003
 RTBSE|             921           0.786                               0.328E+003
 RTBSE|             922           0.789                               0.328E+003
 RTBSE|             923           0.847                               0.328E+003
 RTBSE|             924           0.986                               0.328E+003
 RTBSE|             925           0.795                               0.328E+003
 RTBSE|             926           0.827                               0.328E+003
 RTBSE|             927           0.769                               0.328E+003
 RTBSE|             928           0.809                               0.328E+003
 RTBSE|             929           0.802                               0.328E+003
 RTBSE|             930           0.810                               0.328E+003
 RTBSE|             931           0.785                               0.328E+003
 RTBSE|             932           0.790                               0.328E+003
 RTBSE|             933           0.772                               0.328E+003
 RTBSE|             934           0.792                               0.328E+003
 RTBSE|             935           0.784                               0.328E+003
 RTBSE|             936           0.785                               0.328E+003
 RTBSE|             937           0.763                               0.328E+003
 RTBSE|             938           0.951                               0.328E+003
 RTBSE|             939           0.792                               0.328E+003
 RTBSE|             940           0.837                               0.328E+003
 RTBSE|             941           0.848                               0.328E+003
 RTBSE|             942           0.779                               0.328E+003
 RTBSE|             943           0.818                               0.328E+003
 RTBSE|             944           0.809                               0.328E+003
 RTBSE|             945           0.761                               0.328E+003
 RTBSE|             946           0.778                               0.328E+003
 RTBSE|             947           0.772                               0.328E+003
 RTBSE|             948           1.031                               0.328E+003
 RTBSE|             949           0.893                               0.328E+003
 RTBSE|             950           0.777                               0.328E+003
 RTBSE|             951           0.807                               0.328E+003
 RTBSE|             952           0.838                               0.328E+003
 RTBSE|             953           0.827                               0.328E+003
 RTBSE|             954           0.870                               0.328E+003
 RTBSE|             955           0.824                               0.328E+003
 RTBSE|             956           0.811                               0.328E+003
 RTBSE|             957           0.804                               0.328E+003
 RTBSE|             958           0.813                               0.328E+003
 RTBSE|             959           0.815                               0.328E+003
 RTBSE|             960           0.812                               0.328E+003
 RTBSE|             961           0.788                               0.328E+003
 RTBSE|             962           0.794                               0.328E+003
 RTBSE|             963           0.841                               0.328E+003
 RTBSE|             964           0.798                               0.328E+003
 RTBSE|             965           0.800                               0.328E+003
 RTBSE|             966           0.782                               0.328E+003
 RTBSE|             967           0.789                               0.328E+003
 RTBSE|             968           0.840                               0.328E+003
 RTBSE|             969           0.808                               0.328E+003
 RTBSE|             970           0.789                               0.328E+003
 RTBSE|             971           0.827                               0.328E+003
 RTBSE|             972           0.786                               0.328E+003
 RTBSE|             973           0.778                               0.328E+003
 RTBSE|             974           0.924                               0.328E+003
 RTBSE|             975           0.858                               0.328E+003
 RTBSE|             976           0.804                               0.328E+003
 RTBSE|             977           0.779                               0.328E+003
 RTBSE|             978           0.792                               0.328E+003
 RTBSE|             979           0.777                               0.328E+003
 RTBSE|             980           0.824                               0.328E+003
 RTBSE|             981           0.775                               0.328E+003
 RTBSE|             982           0.768                               0.328E+003
 RTBSE|             983           0.787                               0.328E+003
 RTBSE|             984           0.956                               0.328E+003
 RTBSE|             985           0.946                               0.328E+003
 RTBSE|             986           0.798                               0.328E+003
 RTBSE|             987           0.817                               0.328E+003
 RTBSE|             988           0.848                               0.328E+003
 RTBSE|             989           0.860                               0.328E+003
 RTBSE|             990           0.854                               0.328E+003
 RTBSE|             991           0.828                               0.328E+003
 RTBSE|             992           0.806                               0.328E+003
 RTBSE|             993           0.812                               0.328E+003
 RTBSE|             994           0.813                               0.328E+003
 RTBSE|             995           0.779                               0.328E+003
 RTBSE|             996           0.849                               0.328E+003
 RTBSE|             997           1.117                               0.328E+003
 RTBSE|             998           0.871                               0.328E+003
 RTBSE|             999           0.829                               0.328E+003
 RTBSE|            1000           0.820                               0.328E+003
 RTBSE|            1001           0.806                               0.328E+003
 RTBSE|            1002           0.838                               0.328E+003
 RTBSE|            1003           0.855                               0.328E+003
 RTBSE|            1004           0.936                               0.328E+003
 RTBSE|            1005           0.837                               0.328E+003
 RTBSE|            1006           0.889                               0.328E+003
 RTBSE|            1007           0.848                               0.328E+003
 RTBSE|            1008           0.957                               0.328E+003
 RTBSE|            1009           0.825                               0.328E+003
 RTBSE|            1010           0.864                               0.328E+003
 RTBSE|            1011           0.805                               0.328E+003
 RTBSE|            1012           0.883                               0.328E+003
 RTBSE|            1013           0.810                               0.328E+003
 RTBSE|            1014           0.830                               0.328E+003
 RTBSE|            1015           0.830                               0.328E+003
 RTBSE|            1016           0.805                               0.328E+003
 RTBSE|            1017           0.835                               0.328E+003
 RTBSE|            1018           0.825                               0.328E+003
 RTBSE|            1019           0.847                               0.328E+003
 RTBSE|            1020           0.879                               0.328E+003
 RTBSE|            1021           0.847                               0.328E+003
 RTBSE|            1022           0.804                               0.328E+003
 RTBSE|            1023           0.786                               0.328E+003
 RTBSE|            1024           0.799                               0.328E+003
 RTBSE|            1025           0.797                               0.328E+003
 RTBSE|            1026           0.814                               0.328E+003
 RTBSE|            1027           0.819                               0.328E+003
 RTBSE|            1028           0.795                               0.328E+003
 RTBSE|            1029           0.797                               0.328E+003
 RTBSE|            1030           0.793                               0.328E+003
 RTBSE|            1031           0.817                               0.328E+003
 RTBSE|            1032           0.870                               0.328E+003
 RTBSE|            1033           0.802                               0.328E+003
 RTBSE|            1034           0.890                               0.328E+003
 RTBSE|            1035           0.870                               0.328E+003
 RTBSE|            1036           0.864                               0.328E+003
 RTBSE|            1037           0.800                               0.328E+003
 RTBSE|            1038           0.855                               0.328E+003
 RTBSE|            1039           0.833                               0.328E+003
 RTBSE|            1040           0.866                               0.328E+003
 RTBSE|            1041           0.845                               0.328E+003
 RTBSE|            1042           0.836                               0.328E+003
 RTBSE|            1043           0.815                               0.328E+003
 RTBSE|            1044           0.855                               0.328E+003
 RTBSE|            1045           0.805                               0.328E+003
 RTBSE|            1046           0.814                               0.328E+003
 RTBSE|            1047           0.827                               0.328E+003
 RTBSE|            1048           0.891                               0.328E+003
 RTBSE|            1049           0.821                               0.328E+003
 RTBSE|            1050           0.867                               0.328E+003
 RTBSE|            1051           0.819                               0.328E+003
 RTBSE|            1052           0.852                               0.328E+003
 RTBSE|            1053           0.806                               0.328E+003
 RTBSE|            1054           0.819                               0.328E+003
 RTBSE|            1055           1.061                               0.328E+003
 RTBSE|            1056           1.084                               0.328E+003
 RTBSE|            1057           0.900                               0.328E+003
 RTBSE|            1058           0.884                               0.328E+003
 RTBSE|            1059           0.859                               0.328E+003
 RTBSE|            1060           0.858                               0.328E+003
 RTBSE|            1061           0.815                               0.328E+003
 RTBSE|            1062           0.872                               0.328E+003
 RTBSE|            1063           0.833                               0.328E+003
 RTBSE|            1064           0.802                               0.328E+003
 RTBSE|            1065           0.886                               0.328E+003
 RTBSE|            1066           0.834                               0.328E+003
 RTBSE|            1067           0.992                               0.328E+003
 RTBSE|            1068           0.859                               0.328E+003
 RTBSE|            1069           0.821                               0.328E+003
 RTBSE|            1070           0.869                               0.328E+003
 RTBSE|            1071           0.818                               0.328E+003
 RTBSE|            1072           0.830                               0.328E+003
 RTBSE|            1073           0.832                               0.328E+003
 RTBSE|            1074           0.914                               0.328E+003
 RTBSE|            1075           0.874                               0.328E+003
 RTBSE|            1076           0.872                               0.328E+003
 RTBSE|            1077           0.810                               0.328E+003
 RTBSE|            1078           0.831                               0.328E+003
 RTBSE|            1079           1.088                               0.328E+003
 RTBSE|            1080           0.907                               0.328E+003
 RTBSE|            1081           0.855                               0.328E+003
 RTBSE|            1082           0.877                               0.328E+003
 RTBSE|            1083           0.852                               0.328E+003
 RTBSE|            1084           0.845                               0.328E+003
 RTBSE|            1085           0.843                               0.328E+003
 RTBSE|            1086           0.843                               0.328E+003
 RTBSE|            1087           0.833                               0.328E+003
 RTBSE|            1088           0.826                               0.328E+003
 RTBSE|            1089           0.840                               0.328E+003
 RTBSE|            1090           0.868                               0.328E+003
 RTBSE|            1091           0.923                               0.328E+003
 RTBSE|            1092           0.892                               0.328E+003
 RTBSE|            1093           0.866                               0.328E+003
 RTBSE|            1094           0.872                               0.328E+003
 RTBSE|            1095           0.868                               0.328E+003
 RTBSE|            1096           0.840                               0.328E+003
 RTBSE|            1097           0.873                               0.328E+003
 RTBSE|            1098           0.841                               0.328E+003
 RTBSE|            1099           0.844                               0.328E+003
 RTBSE|            1100           0.852                               0.328E+003
 RTBSE|            1101           0.902                               0.328E+003
 RTBSE|            1102           0.971                               0.328E+003
 RTBSE|            1103           0.821                               0.328E+003
 RTBSE|            1104           0.844                               0.328E+003
 RTBSE|            1105           0.788                               0.328E+003
 RTBSE|            1106           0.847                               0.328E+003
 RTBSE|            1107           0.808                               0.328E+003
 RTBSE|            1108           0.839                               0.328E+003
 RTBSE|            1109           0.850                               0.328E+003
 RTBSE|            1110           0.798                               0.328E+003
 RTBSE|            1111           0.838                               0.328E+003
 RTBSE|            1112           0.825                               0.328E+003
 RTBSE|            1113           0.854                               0.328E+003
 RTBSE|            1114           0.897                               0.328E+003
 RTBSE|            1115           0.850                               0.328E+003
 RTBSE|            1116           0.856                               0.328E+003
 RTBSE|            1117           0.868                               0.328E+003
 RTBSE|            1118           0.861                               0.328E+003
 RTBSE|            1119           0.829                               0.328E+003
 RTBSE|            1120           1.302                               0.328E+003
 RTBSE|            1121           0.868                               0.328E+003
 RTBSE|            1122           0.942                               0.328E+003
 RTBSE|            1123           0.960                               0.328E+003
 RTBSE|            1124           1.026                               0.328E+003
 RTBSE|            1125           0.840                               0.328E+003
 RTBSE|            1126           0.872                               0.328E+003
 RTBSE|            1127           0.889                               0.328E+003
 RTBSE|            1128           0.853                               0.328E+003
 RTBSE|            1129           0.807                               0.328E+003
 RTBSE|            1130           0.845                               0.328E+003
 RTBSE|            1131           0.887                               0.328E+003
 RTBSE|            1132           0.905                               0.328E+003
 RTBSE|            1133           0.835                               0.328E+003
 RTBSE|            1134           0.878                               0.328E+003
 RTBSE|            1135           1.055                               0.328E+003
 RTBSE|            1136           0.847                               0.328E+003
 RTBSE|            1137           0.863                               0.328E+003
 RTBSE|            1138           0.857                               0.328E+003
 RTBSE|            1139           0.951                               0.328E+003
 RTBSE|            1140           0.888                               0.328E+003
 RTBSE|            1141           0.864                               0.328E+003
 RTBSE|            1142           0.886                               0.328E+003
 RTBSE|            1143           0.894                               0.328E+003
 RTBSE|            1144           0.874                               0.328E+003
 RTBSE|            1145           0.872                               0.328E+003
 RTBSE|            1146           0.853                               0.328E+003
 RTBSE|            1147           1.112                               0.328E+003
 RTBSE|            1148           0.866                               0.328E+003
 RTBSE|            1149           0.832                               0.328E+003
 RTBSE|            1150           0.895                               0.328E+003
 RTBSE|            1151           0.873                               0.328E+003
 RTBSE|            1152           0.861                               0.328E+003
 RTBSE|            1153           0.860                               0.328E+003
 RTBSE|            1154           0.847                               0.328E+003
 RTBSE|            1155           0.839                               0.328E+003
 RTBSE|            1156           0.860                               0.328E+003
 RTBSE|            1157           0.948                               0.328E+003
 RTBSE|            1158           0.960                               0.328E+003
 RTBSE|            1159           0.949                               0.328E+003
 RTBSE|            1160           0.885                               0.328E+003
 RTBSE|            1161           0.860                               0.328E+003
 RTBSE|            1162           0.866                               0.328E+003
 RTBSE|            1163           0.875                               0.328E+003
 RTBSE|            1164           0.933                               0.328E+003
 RTBSE|            1165           0.910                               0.328E+003
 RTBSE|            1166           0.878                               0.328E+003
 RTBSE|            1167           0.885                               0.328E+003
 RTBSE|            1168           0.923                               0.328E+003
 RTBSE|            1169           0.902                               0.328E+003
 RTBSE|            1170           0.890                               0.328E+003
 RTBSE|            1171           0.842                               0.328E+003
 RTBSE|            1172           0.888                               0.328E+003
 RTBSE|            1173           0.906                               0.328E+003
 RTBSE|            1174           0.890                               0.328E+003
 RTBSE|            1175           0.827                               0.328E+003
 RTBSE|            1176           0.864                               0.328E+003
 RTBSE|            1177           0.838                               0.328E+003
 RTBSE|            1178           0.842                               0.328E+003
 RTBSE|            1179           0.909                               0.328E+003
 RTBSE|            1180           0.906                               0.328E+003
 RTBSE|            1181           0.953                               0.328E+003
 RTBSE|            1182           0.881                               0.328E+003
 RTBSE|            1183           0.845                               0.328E+003
 RTBSE|            1184           0.880                               0.328E+003
 RTBSE|            1185           0.917                               0.328E+003
 RTBSE|            1186           0.911                               0.328E+003
 RTBSE|            1187           0.903                               0.328E+003
 RTBSE|            1188           0.877                               0.328E+003
 RTBSE|            1189           0.820                               0.328E+003
 RTBSE|            1190           0.847                               0.328E+003
 RTBSE|            1191           1.206                               0.328E+003
 RTBSE|            1192           0.891                               0.328E+003
 RTBSE|            1193           0.866                               0.328E+003
 RTBSE|            1194           0.921                               0.328E+003
 RTBSE|            1195           0.958                               0.328E+003
 RTBSE|            1196           0.933                               0.328E+003
 RTBSE|            1197           0.916                               0.328E+003
 RTBSE|            1198           0.895                               0.328E+003
 RTBSE|            1199           0.897                               0.328E+003
 RTBSE|            1200           0.902                               0.328E+003
 RTBSE|            1201           0.929                               0.328E+003
 RTBSE|            1202           1.154                               0.328E+003
 RTBSE|            1203           0.898                               0.328E+003
 RTBSE|            1204           0.882                               0.328E+003
 RTBSE|            1205           0.885                               0.328E+003
 RTBSE|            1206           0.892                               0.328E+003
 RTBSE|            1207           0.863                               0.328E+003
 RTBSE|            1208           0.886                               0.328E+003
 RTBSE|            1209           0.901                               0.328E+003
 RTBSE|            1210           0.871                               0.328E+003
 RTBSE|            1211           0.852                               0.328E+003
 RTBSE|            1212           0.823                               0.328E+003
 RTBSE|            1213           0.969                               0.328E+003
 RTBSE|            1214           0.883                               0.328E+003
 RTBSE|            1215           0.872                               0.328E+003
 RTBSE|            1216           0.877                               0.328E+003
 RTBSE|            1217           0.917                               0.328E+003
 RTBSE|            1218           0.875                               0.328E+003
 RTBSE|            1219           0.842                               0.328E+003
 RTBSE|            1220           0.848                               0.328E+003
 RTBSE|            1221           0.839                               0.328E+003
 RTBSE|            1222           0.842                               0.328E+003
 RTBSE|            1223           0.868                               0.328E+003
 RTBSE|            1224           0.953                               0.328E+003
 RTBSE|            1225           0.900                               0.328E+003
 RTBSE|            1226           0.819                               0.328E+003
 RTBSE|            1227           0.899                               0.328E+003
 RTBSE|            1228           0.860                               0.328E+003
 RTBSE|            1229           0.858                               0.328E+003
 RTBSE|            1230           0.901                               0.328E+003
 RTBSE|            1231           0.888                               0.328E+003
 RTBSE|            1232           0.887                               0.328E+003
 RTBSE|            1233           0.864                               0.328E+003
 RTBSE|            1234           0.883                               0.328E+003
 RTBSE|            1235           0.881                               0.328E+003
 RTBSE|            1236           0.933                               0.328E+003
 RTBSE|            1237           0.913                               0.328E+003
 RTBSE|            1238           0.898                               0.328E+003
 RTBSE|            1239           0.925                               0.328E+003
 RTBSE|            1240           0.864                               0.328E+003
 RTBSE|            1241           0.897                               0.328E+003
 RTBSE|            1242           0.879                               0.328E+003
 RTBSE|            1243           0.884                               0.328E+003
 RTBSE|            1244           0.892                               0.328E+003
 RTBSE|            1245           0.863                               0.328E+003
 RTBSE|            1246           0.902                               0.328E+003
 RTBSE|            1247           0.953                               0.328E+003
 RTBSE|            1248           0.909                               0.328E+003
 RTBSE|            1249           0.893                               0.328E+003
 RTBSE|            1250           0.885                               0.328E+003
 RTBSE|            1251           0.943                               0.328E+003
 RTBSE|            1252           0.877                               0.328E+003
 RTBSE|            1253           0.882                               0.328E+003
 RTBSE|            1254           0.926                               0.328E+003
 RTBSE|            1255           0.956                               0.328E+003
 RTBSE|            1256           0.947                               0.328E+003
 RTBSE|            1257           1.100                               0.328E+003
 RTBSE|            1258           1.166                               0.328E+003
 RTBSE|            1259           0.910                               0.328E+003
 RTBSE|            1260           0.923                               0.328E+003
 RTBSE|            1261           0.928                               0.328E+003
 RTBSE|            1262           0.900                               0.328E+003
 RTBSE|            1263           0.864                               0.328E+003
 RTBSE|            1264           0.983                               0.328E+003
 RTBSE|            1265           1.022                               0.328E+003
 RTBSE|            1266           0.930                               0.328E+003
 RTBSE|            1267           0.907                               0.328E+003
 RTBSE|            1268           1.051                               0.328E+003
 RTBSE|            1269           0.903                               0.328E+003
 RTBSE|            1270           0.915                               0.328E+003
 RTBSE|            1271           0.948                               0.328E+003
 RTBSE|            1272           0.941                               0.328E+003
 RTBSE|            1273           0.869                               0.328E+003
 RTBSE|            1274           0.886                               0.328E+003
 RTBSE|            1275           0.878                               0.328E+003
 RTBSE|            1276           0.846                               0.328E+003
 RTBSE|            1277           0.855                               0.328E+003
 RTBSE|            1278           0.879                               0.328E+003
 RTBSE|            1279           1.025                               0.328E+003
 RTBSE|            1280           0.992                               0.328E+003
 RTBSE|            1281           0.896                               0.328E+003
 RTBSE|            1282           0.925                               0.328E+003
 RTBSE|            1283           0.893                               0.328E+003
 RTBSE|            1284           0.890                               0.328E+003
 RTBSE|            1285           0.918                               0.328E+003
 RTBSE|            1286           0.872                               0.328E+003
 RTBSE|            1287           0.906                               0.328E+003
 RTBSE|            1288           0.844                               0.328E+003
 RTBSE|            1289           0.943                               0.328E+003
 RTBSE|            1290           1.024                               0.328E+003
 RTBSE|            1291           0.899                               0.328E+003
 RTBSE|            1292           0.902                               0.328E+003
 RTBSE|            1293           0.942                               0.328E+003
 RTBSE|            1294           0.875                               0.328E+003
 RTBSE|            1295           0.838                               0.328E+003
 RTBSE|            1296           0.910                               0.328E+003
 RTBSE|            1297           0.874                               0.328E+003
 RTBSE|            1298           0.847                               0.328E+003
 RTBSE|            1299           0.874                               0.328E+003
 RTBSE|            1300           0.892                               0.328E+003
 RTBSE|            1301           1.020                               0.328E+003
 RTBSE|            1302           0.998                               0.328E+003
 RTBSE|            1303           0.899                               0.328E+003
 RTBSE|            1304           0.923                               0.328E+003
 RTBSE|            1305           0.880                               0.328E+003
 RTBSE|            1306           0.884                               0.328E+003
 RTBSE|            1307           0.868                               0.328E+003
 RTBSE|            1308           0.942                               0.328E+003
 RTBSE|            1309           0.906                               0.328E+003
 RTBSE|            1310           0.904                               0.328E+003
 RTBSE|            1311           0.893                               0.328E+003
 RTBSE|            1312           0.866                               0.328E+003
 RTBSE|            1313           0.897                               0.328E+003
 RTBSE|            1314           0.914                               0.328E+003
 RTBSE|            1315           0.898                               0.328E+003
 RTBSE|            1316           0.931                               0.328E+003
 RTBSE|            1317           0.905                               0.328E+003
 RTBSE|            1318           0.908                               0.328E+003
 RTBSE|            1319           0.908                               0.328E+003
 RTBSE|            1320           0.919                               0.328E+003
 RTBSE|            1321           0.889                               0.328E+003
 RTBSE|            1322           1.134                               0.328E+003
 RTBSE|            1323           1.054                               0.328E+003
 RTBSE|            1324           0.935                               0.328E+003
 RTBSE|            1325           0.876                               0.328E+003
 RTBSE|            1326           0.980                               0.328E+003
 RTBSE|            1327           0.904                               0.328E+003
 RTBSE|            1328           0.921                               0.328E+003
 RTBSE|            1329           0.891                               0.328E+003
 RTBSE|            1330           0.902                               0.328E+003
 RTBSE|            1331           0.978                               0.328E+003
 RTBSE|            1332           0.866                               0.328E+003
 RTBSE|            1333           1.084                               0.328E+003
 RTBSE|            1334           0.981                               0.328E+003
 RTBSE|            1335           0.885                               0.328E+003
 RTBSE|            1336           0.913                               0.328E+003
 RTBSE|            1337           0.926                               0.328E+003
 RTBSE|            1338           0.918                               0.328E+003
 RTBSE|            1339           0.912                               0.328E+003
 RTBSE|            1340           0.940                               0.328E+003
 RTBSE|            1341           0.898                               0.328E+003
 RTBSE|            1342           0.866                               0.328E+003
 RTBSE|            1343           0.897                               0.328E+003
 RTBSE|            1344           0.999                               0.328E+003
 RTBSE|            1345           0.877                               0.328E+003
 RTBSE|            1346           0.887                               0.328E+003
 RTBSE|            1347           0.889                               0.328E+003
 RTBSE|            1348           0.939                               0.328E+003
 RTBSE|            1349           0.925                               0.328E+003
 RTBSE|            1350           0.916                               0.328E+003
 RTBSE|            1351           0.924                               0.328E+003
 RTBSE|            1352           0.914                               0.328E+003
 RTBSE|            1353           0.883                               0.328E+003
 RTBSE|            1354           0.988                               0.328E+003
 RTBSE|            1355           1.037                               0.328E+003
 RTBSE|            1356           0.925                               0.328E+003
 RTBSE|            1357           0.925                               0.328E+003
 RTBSE|            1358           0.916                               0.328E+003
 RTBSE|            1359           0.907                               0.328E+003
 RTBSE|            1360           0.938                               0.328E+003
 RTBSE|            1361           0.924                               0.328E+003
 RTBSE|            1362           0.935                               0.328E+003
 RTBSE|            1363           0.865                               0.328E+003
 RTBSE|            1364           0.921                               0.328E+003
 RTBSE|            1365           0.880                               0.328E+003
 RTBSE|            1366           0.937                               0.328E+003
 RTBSE|            1367           0.924                               0.328E+003
 RTBSE|            1368           1.044                               0.328E+003
 RTBSE|            1369           0.958                               0.328E+003
 RTBSE|            1370           0.958                               0.328E+003
 RTBSE|            1371           0.919                               0.328E+003
 RTBSE|            1372           0.919                               0.328E+003
 RTBSE|            1373           0.900                               0.328E+003
 RTBSE|            1374           0.963                               0.328E+003
 RTBSE|            1375           0.940                               0.328E+003
 RTBSE|            1376           0.917                               0.328E+003
 RTBSE|            1377           0.979                               0.328E+003
 RTBSE|            1378           0.894                               0.328E+003
 RTBSE|            1379           0.918                               0.328E+003
 RTBSE|            1380           0.927                               0.328E+003
 RTBSE|            1381           0.898                               0.328E+003
 RTBSE|            1382           0.901                               0.328E+003
 RTBSE|            1383           0.898                               0.328E+003
 RTBSE|            1384           0.929                               0.328E+003
 RTBSE|            1385           0.874                               0.328E+003
 RTBSE|            1386           1.031                               0.328E+003
 RTBSE|            1387           1.082                               0.328E+003
 RTBSE|            1388           0.951                               0.328E+003
 RTBSE|            1389           0.892                               0.328E+003
 RTBSE|            1390           0.955                               0.328E+003
 RTBSE|            1391           0.939                               0.328E+003
 RTBSE|            1392           0.951                               0.328E+003
 RTBSE|            1393           0.924                               0.328E+003
 RTBSE|            1394           0.982                               0.328E+003
 RTBSE|            1395           0.902                               0.328E+003
 RTBSE|            1396           0.902                               0.328E+003
 RTBSE|            1397           1.040                               0.328E+003
 RTBSE|            1398           1.052                               0.328E+003
 RTBSE|            1399           1.011                               0.328E+003
 RTBSE|            1400           0.971                               0.328E+003
 RTBSE|            1401           1.017                               0.328E+003
 RTBSE|            1402           0.903                               0.328E+003
 RTBSE|            1403           0.956                               0.328E+003
 RTBSE|            1404           0.893                               0.328E+003
 RTBSE|            1405           0.934                               0.328E+003
 RTBSE|            1406           0.900                               0.328E+003
 RTBSE|            1407           0.895                               0.328E+003
 RTBSE|            1408           1.106                               0.328E+003
 RTBSE|            1409           0.926                               0.328E+003
 RTBSE|            1410           0.856                               0.328E+003
 RTBSE|            1411           0.922                               0.328E+003
 RTBSE|            1412           0.932                               0.328E+003
 RTBSE|            1413           0.878                               0.328E+003
 RTBSE|            1414           0.849                               0.328E+003
 RTBSE|            1415           0.866                               0.328E+003
 RTBSE|            1416           0.897                               0.328E+003
 RTBSE|            1417           0.933                               0.328E+003
 RTBSE|            1418           0.931                               0.328E+003
 RTBSE|            1419           0.965                               0.328E+003
 RTBSE|            1420           0.953                               0.328E+003
 RTBSE|            1421           0.914                               0.328E+003
 RTBSE|            1422           0.957                               0.328E+003
 RTBSE|            1423           0.988                               0.328E+003
 RTBSE|            1424           0.918                               0.328E+003
 RTBSE|            1425           0.935                               0.328E+003
 RTBSE|            1426           0.971                               0.328E+003
 RTBSE|            1427           0.982                               0.328E+003
 RTBSE|            1428           0.908                               0.328E+003
 RTBSE|            1429           0.937                               0.328E+003
 RTBSE|            1430           0.884                               0.328E+003
 RTBSE|            1431           0.899                               0.328E+003
 RTBSE|            1432           0.977                               0.328E+003
 RTBSE|            1433           0.978                               0.328E+003
 RTBSE|            1434           0.874                               0.328E+003
 RTBSE|            1435           0.939                               0.328E+003
 RTBSE|            1436           0.895                               0.328E+003
 RTBSE|            1437           0.943                               0.328E+003
 RTBSE|            1438           0.908                               0.328E+003
 RTBSE|            1439           0.897                               0.328E+003
 RTBSE|            1440           0.990                               0.328E+003
 RTBSE|            1441           0.920                               0.328E+003
 RTBSE|            1442           0.971                               0.328E+003
 RTBSE|            1443           0.915                               0.328E+003
 RTBSE|            1444           0.957                               0.328E+003
 RTBSE|            1445           0.946                               0.328E+003
 RTBSE|            1446           0.882                               0.328E+003
 RTBSE|            1447           0.925                               0.328E+003
 RTBSE|            1448           0.878                               0.328E+003
 RTBSE|            1449           0.932                               0.328E+003
 RTBSE|            1450           1.320                               0.328E+003
 RTBSE|            1451           1.025                               0.328E+003
 RTBSE|            1452           0.956                               0.328E+003
 RTBSE|            1453           0.976                               0.328E+003
 RTBSE|            1454           0.961                               0.328E+003
 RTBSE|            1455           0.928                               0.328E+003
 RTBSE|            1456           0.971                               0.328E+003
 RTBSE|            1457           0.945                               0.328E+003
 RTBSE|            1458           0.966                               0.328E+003
 RTBSE|            1459           0.952                               0.328E+003
 RTBSE|            1460           1.178                               0.328E+003
 RTBSE|            1461           0.952                               0.328E+003
 RTBSE|            1462           0.946                               0.328E+003
 RTBSE|            1463           0.936                               0.328E+003
 RTBSE|            1464           0.973                               0.328E+003
 RTBSE|            1465           0.974                               0.328E+003
 RTBSE|            1466           0.968                               0.328E+003
 RTBSE|            1467           0.897                               0.328E+003
 RTBSE|            1468           0.981                               0.328E+003
 RTBSE|            1469           0.933                               0.328E+003
 RTBSE|            1470           0.956                               0.328E+003
 RTBSE|            1471           1.137                               0.328E+003
 RTBSE|            1472           0.927                               0.328E+003
 RTBSE|            1473           1.018                               0.328E+003
 RTBSE|            1474           0.889                               0.328E+003
 RTBSE|            1475           0.939                               0.328E+003
 RTBSE|            1476           0.918                               0.328E+003
 RTBSE|            1477           0.958                               0.328E+003
 RTBSE|            1478           0.902                               0.328E+003
 RTBSE|            1479           0.900                               0.328E+003
 RTBSE|            1480           0.897                               0.328E+003
 RTBSE|            1481           0.924                               0.328E+003
 RTBSE|            1482           0.952                               0.328E+003
 RTBSE|            1483           0.924                               0.328E+003
 RTBSE|            1484           0.936                               0.328E+003
 RTBSE|            1485           0.943                               0.328E+003
 RTBSE|            1486           0.956                               0.328E+003
 RTBSE|            1487           0.930                               0.328E+003
 RTBSE|            1488           0.934                               0.328E+003
 RTBSE|            1489           1.024                               0.328E+003
 RTBSE|            1490           1.026                               0.328E+003
 RTBSE|            1491           1.000                               0.328E+003
 RTBSE|            1492           1.115                               0.328E+003
 RTBSE|            1493           0.936                               0.328E+003
 RTBSE|            1494           1.062                               0.328E+003
 RTBSE|            1495           1.011                               0.328E+003
 RTBSE|            1496           1.053                               0.328E+003
 RTBSE|            1497           1.000                               0.328E+003
 RTBSE|            1498           0.976                               0.328E+003
 RTBSE|            1499           0.964                               0.328E+003
 RTBSE|            1500           0.954                               0.328E+003
 RTBSE|            1501           0.975                               0.328E+003
 RTBSE|            1502           0.966                               0.328E+003
 RTBSE|            1503           0.925                               0.328E+003
 RTBSE|            1504           0.997                               0.328E+003
 RTBSE|            1505           0.949                               0.328E+003
 RTBSE|            1506           0.968                               0.328E+003
 RTBSE|            1507           0.964                               0.328E+003
 RTBSE|            1508           0.917                               0.328E+003
 RTBSE|            1509           0.922                               0.328E+003
 RTBSE|            1510           0.924                               0.328E+003
 RTBSE|            1511           1.068                               0.328E+003
 RTBSE|            1512           1.174                               0.328E+003
 RTBSE|            1513           0.978                               0.328E+003
 RTBSE|            1514           0.989                               0.328E+003
 RTBSE|            1515           0.966                               0.328E+003
 RTBSE|            1516           0.914                               0.328E+003
 RTBSE|            1517           0.952                               0.328E+003
 RTBSE|            1518           1.010                               0.328E+003
 RTBSE|            1519           1.063                               0.328E+003
 RTBSE|            1520           0.993                               0.328E+003
 RTBSE|            1521           0.957                               0.328E+003
 RTBSE|            1522           1.097                               0.328E+003
 RTBSE|            1523           0.949                               0.328E+003
 RTBSE|            1524           1.105                               0.328E+003
 RTBSE|            1525           1.034                               0.328E+003
 RTBSE|            1526           0.995                               0.328E+003
 RTBSE|            1527           0.917                               0.328E+003
 RTBSE|            1528           0.948                               0.328E+003
 RTBSE|            1529           0.985                               0.328E+003
 RTBSE|            1530           1.009                               0.328E+003
 RTBSE|            1531           0.928                               0.328E+003
 RTBSE|            1532           1.108                               0.328E+003
 RTBSE|            1533           0.897                               0.328E+003
 RTBSE|            1534           0.942                               0.328E+003
 RTBSE|            1535           0.959                               0.328E+003
 RTBSE|            1536           0.966                               0.328E+003
 RTBSE|            1537           0.907                               0.328E+003
 RTBSE|            1538           0.971                               0.328E+003
 RTBSE|            1539           0.907                               0.328E+003
 RTBSE|            1540           0.923                               0.328E+003
 RTBSE|            1541           0.901                               0.328E+003
 RTBSE|            1542           1.157                               0.328E+003
 RTBSE|            1543           1.019                               0.328E+003
 RTBSE|            1544           0.985                               0.328E+003
 RTBSE|            1545           0.975                               0.328E+003
 RTBSE|            1546           1.011                               0.328E+003
 RTBSE|            1547           1.036                               0.328E+003
 RTBSE|            1548           0.994                               0.328E+003
 RTBSE|            1549           1.101                               0.328E+003
 RTBSE|            1550           0.946                               0.328E+003
 RTBSE|            1551           0.980                               0.328E+003
 RTBSE|            1552           0.966                               0.328E+003
 RTBSE|            1553           1.079                               0.328E+003
 RTBSE|            1554           1.041                               0.328E+003
 RTBSE|            1555           0.974                               0.328E+003
 RTBSE|            1556           0.963                               0.328E+003
 RTBSE|            1557           0.923                               0.328E+003
 RTBSE|            1558           0.960                               0.328E+003
 RTBSE|            1559           0.939                               0.328E+003
 RTBSE|            1560           0.939                               0.328E+003
 RTBSE|            1561           1.033                               0.328E+003
 RTBSE|            1562           0.904                               0.328E+003
 RTBSE|            1563           0.975                               0.328E+003
 RTBSE|            1564           0.977                               0.328E+003
 RTBSE|            1565           0.919                               0.328E+003
 RTBSE|            1566           0.885                               0.328E+003
 RTBSE|            1567           0.956                               0.328E+003
 RTBSE|            1568           0.895                               0.328E+003
 RTBSE|            1569           0.941                               0.328E+003
 RTBSE|            1570           0.976                               0.328E+003
 RTBSE|            1571           0.962                               0.328E+003
 RTBSE|            1572           1.184                               0.328E+003
 RTBSE|            1573           1.068                               0.328E+003
 RTBSE|            1574           0.970                               0.328E+003
 RTBSE|            1575           0.988                               0.328E+003
 RTBSE|            1576           0.963                               0.328E+003
 RTBSE|            1577           0.995                               0.328E+003
 RTBSE|            1578           1.055                               0.328E+003
 RTBSE|            1579           0.998                               0.328E+003
 RTBSE|            1580           0.925                               0.328E+003
 RTBSE|            1581           0.921                               0.328E+003
 RTBSE|            1582           0.966                               0.328E+003
 RTBSE|            1583           1.247                               0.328E+003
 RTBSE|            1584           0.997                               0.328E+003
 RTBSE|            1585           0.966                               0.328E+003
 RTBSE|            1586           0.962                               0.328E+003
 RTBSE|            1587           0.925                               0.328E+003
 RTBSE|            1588           0.945                               0.328E+003
 RTBSE|            1589           0.911                               0.328E+003
 RTBSE|            1590           0.997                               0.328E+003
 RTBSE|            1591           0.921                               0.328E+003
 RTBSE|            1592           0.987                               0.328E+003
 RTBSE|            1593           1.094                               0.328E+003
 RTBSE|            1594           1.024                               0.328E+003
 RTBSE|            1595           0.938                               0.328E+003
 RTBSE|            1596           0.976                               0.328E+003
 RTBSE|            1597           0.941                               0.328E+003
 RTBSE|            1598           0.974                               0.328E+003
 RTBSE|            1599           0.909                               0.328E+003
 RTBSE|            1600           0.934                               0.328E+003
 RTBSE|            1601           0.952                               0.328E+003
 RTBSE|            1602           0.950                               0.328E+003
 RTBSE|            1603           0.931                               0.328E+003
 RTBSE|            1604           0.948                               0.328E+003
 RTBSE|            1605           0.927                               0.328E+003
 RTBSE|            1606           1.024                               0.328E+003
 RTBSE|            1607           0.986                               0.328E+003
 RTBSE|            1608           1.001                               0.328E+003
 RTBSE|            1609           1.011                               0.328E+003
 RTBSE|            1610           1.019                               0.328E+003
 RTBSE|            1611           0.979                               0.328E+003
 RTBSE|            1612           0.961                               0.328E+003
 RTBSE|            1613           1.017                               0.328E+003
 RTBSE|            1614           1.063                               0.328E+003
 RTBSE|            1615           1.009                               0.328E+003
 RTBSE|            1616           0.992                               0.328E+003
 RTBSE|            1617           0.989                               0.328E+003
 RTBSE|            1618           0.992                               0.328E+003
 RTBSE|            1619           1.009                               0.328E+003
 RTBSE|            1620           1.029                               0.328E+003
 RTBSE|            1621           1.027                               0.328E+003
 RTBSE|            1622           0.987                               0.328E+003
 RTBSE|            1623           0.977                               0.328E+003
 RTBSE|            1624           1.013                               0.328E+003
 RTBSE|            1625           0.957                               0.328E+003
 RTBSE|            1626           0.947                               0.328E+003
 RTBSE|            1627           1.010                               0.328E+003
 RTBSE|            1628           0.935                               0.328E+003
 RTBSE|            1629           0.946                               0.328E+003
 RTBSE|            1630           0.955                               0.328E+003
 RTBSE|            1631           0.936                               0.328E+003
 RTBSE|            1632           0.951                               0.328E+003
 RTBSE|            1633           1.354                               0.328E+003
 RTBSE|            1634           1.041                               0.328E+003
 RTBSE|            1635           1.021                               0.328E+003
 RTBSE|            1636           1.016                               0.328E+003
 RTBSE|            1637           0.989                               0.328E+003
 RTBSE|            1638           0.977                               0.328E+003
 RTBSE|            1639           0.980                               0.328E+003
 RTBSE|            1640           1.047                               0.328E+003
 RTBSE|            1641           0.983                               0.328E+003
 RTBSE|            1642           1.031                               0.328E+003
 RTBSE|            1643           1.167                               0.328E+003
 RTBSE|            1644           0.955                               0.328E+003
 RTBSE|            1645           0.977                               0.328E+003
 RTBSE|            1646           0.954                               0.328E+003
 RTBSE|            1647           0.944                               0.328E+003
 RTBSE|            1648           0.928                               0.328E+003
 RTBSE|            1649           0.992                               0.328E+003
 RTBSE|            1650           0.963                               0.328E+003
 RTBSE|            1651           0.927                               0.328E+003
 RTBSE|            1652           0.966                               0.328E+003
 RTBSE|            1653           0.919                               0.328E+003
 RTBSE|            1654           1.198                               0.328E+003
 RTBSE|            1655           1.052                               0.328E+003
 RTBSE|            1656           0.937                               0.328E+003
 RTBSE|            1657           0.943                               0.328E+003
 RTBSE|            1658           0.959                               0.328E+003
 RTBSE|            1659           0.947                               0.328E+003
 RTBSE|            1660           0.980                               0.328E+003
 RTBSE|            1661           1.074                               0.328E+003
 RTBSE|            1662           0.994                               0.328E+003
 RTBSE|            1663           1.050                               0.328E+003
 RTBSE|            1664           1.018                               0.328E+003
 RTBSE|            1665           1.004                               0.328E+003
 RTBSE|            1666           1.061                               0.328E+003
 RTBSE|            1667           1.107                               0.328E+003
 RTBSE|            1668           1.037                               0.328E+003
 RTBSE|            1669           1.029                               0.328E+003
 RTBSE|            1670           1.183                               0.328E+003
 RTBSE|            1671           0.999                               0.328E+003
 RTBSE|            1672           0.978                               0.328E+003
 RTBSE|            1673           1.080                               0.328E+003
 RTBSE|            1674           0.973                               0.328E+003
 RTBSE|            1675           0.999                               0.328E+003
 RTBSE|            1676           1.004                               0.328E+003
 RTBSE|            1677           0.985                               0.328E+003
 RTBSE|            1678           0.964                               0.328E+003
 RTBSE|            1679           0.960                               0.328E+003
 RTBSE|            1680           0.959                               0.328E+003
 RTBSE|            1681           0.922                               0.328E+003
 RTBSE|            1682           1.008                               0.328E+003
 RTBSE|            1683           0.985                               0.328E+003
 RTBSE|            1684           1.040                               0.328E+003
 RTBSE|            1685           0.968                               0.328E+003
 RTBSE|            1686           0.992                               0.328E+003
 RTBSE|            1687           1.005                               0.328E+003
 RTBSE|            1688           1.025                               0.328E+003
 RTBSE|            1689           1.010                               0.328E+003
 RTBSE|            1690           1.030                               0.328E+003
 RTBSE|            1691           0.934                               0.328E+003
 RTBSE|            1692           1.175                               0.328E+003
 RTBSE|            1693           1.126                               0.328E+003
 RTBSE|            1694           1.096                               0.328E+003
 RTBSE|            1695           1.056                               0.328E+003
 RTBSE|            1696           1.019                               0.328E+003
 RTBSE|            1697           0.989                               0.328E+003
 RTBSE|            1698           1.072                               0.328E+003
 RTBSE|            1699           1.018                               0.328E+003
 RTBSE|            1700           0.983                               0.328E+003
 RTBSE|            1701           0.971                               0.328E+003
 RTBSE|            1702           1.131                               0.328E+003
 RTBSE|            1703           1.007                               0.328E+003
 RTBSE|            1704           1.065                               0.328E+003
 RTBSE|            1705           0.963                               0.328E+003
 RTBSE|            1706           0.995                               0.328E+003
 RTBSE|            1707           0.993                               0.328E+003
 RTBSE|            1708           0.952                               0.328E+003
 RTBSE|            1709           0.934                               0.328E+003
 RTBSE|            1710           1.016                               0.328E+003
 RTBSE|            1711           0.997                               0.328E+003
 RTBSE|            1712           0.924                               0.328E+003
 RTBSE|            1713           1.135                               0.328E+003
 RTBSE|            1714           1.045                               0.328E+003
 RTBSE|            1715           1.042                               0.328E+003
 RTBSE|            1716           1.072                               0.328E+003
 RTBSE|            1717           1.013                               0.328E+003
 RTBSE|            1718           0.999                               0.328E+003
 RTBSE|            1719           1.018                               0.328E+003
 RTBSE|            1720           1.087                               0.328E+003
 RTBSE|            1721           1.096                               0.328E+003
 RTBSE|            1722           1.132                               0.328E+003
 RTBSE|            1723           0.973                               0.328E+003
 RTBSE|            1724           0.998                               0.328E+003
 RTBSE|            1725           1.075                               0.328E+003
 RTBSE|            1726           0.954                               0.328E+003
 RTBSE|            1727           0.929                               0.328E+003
 RTBSE|            1728           0.981                               0.328E+003
 RTBSE|            1729           1.037                               0.328E+003
 RTBSE|            1730           0.963                               0.328E+003
 RTBSE|            1731           0.983                               0.328E+003
 RTBSE|            1732           1.022                               0.328E+003
 RTBSE|            1733           0.969                               0.328E+003
 RTBSE|            1734           0.955                               0.328E+003
 RTBSE|            1735           0.990                               0.328E+003
 RTBSE|            1736           1.035                               0.328E+003
 RTBSE|            1737           0.975                               0.328E+003
 RTBSE|            1738           1.000                               0.328E+003
 RTBSE|            1739           1.014                               0.328E+003
 RTBSE|            1740           1.003                               0.328E+003
 RTBSE|            1741           1.001                               0.328E+003
 RTBSE|            1742           1.134                               0.328E+003
 RTBSE|            1743           1.057                               0.328E+003
 RTBSE|            1744           1.097                               0.328E+003
 RTBSE|            1745           1.084                               0.328E+003
 RTBSE|            1746           1.057                               0.328E+003
 RTBSE|            1747           1.023                               0.328E+003
 RTBSE|            1748           1.099                               0.328E+003
 RTBSE|            1749           1.025                               0.328E+003
 RTBSE|            1750           1.247                               0.328E+003
 RTBSE|            1751           1.183                               0.328E+003
 RTBSE|            1752           1.031                               0.328E+003
 RTBSE|            1753           1.030                               0.328E+003
 RTBSE|            1754           1.052                               0.328E+003
 RTBSE|            1755           0.965                               0.328E+003
 RTBSE|            1756           1.082                               0.328E+003
 RTBSE|            1757           0.965                               0.328E+003
 RTBSE|            1758           0.960                               0.328E+003
 RTBSE|            1759           1.022                               0.328E+003
 RTBSE|            1760           1.000                               0.328E+003
 RTBSE|            1761           1.248                               0.328E+003
 RTBSE|            1762           1.043                               0.328E+003
 RTBSE|            1763           0.930                               0.328E+003
 RTBSE|            1764           1.008                               0.328E+003
 RTBSE|            1765           0.999                               0.328E+003
 RTBSE|            1766           1.072                               0.328E+003
 RTBSE|            1767           1.065                               0.328E+003
 RTBSE|            1768           0.988                               0.328E+003
 RTBSE|            1769           1.010                               0.328E+003
 RTBSE|            1770           1.144                               0.328E+003
 RTBSE|            1771           1.081                               0.328E+003
 RTBSE|            1772           0.968                               0.328E+003
 RTBSE|            1773           1.069                               0.328E+003
 RTBSE|            1774           0.984                               0.328E+003
 RTBSE|            1775           0.982                               0.328E+003
 RTBSE|            1776           1.069                               0.328E+003
 RTBSE|            1777           1.218                               0.328E+003
 RTBSE|            1778           1.072                               0.328E+003
 RTBSE|            1779           0.994                               0.328E+003
 RTBSE|            1780           1.017                               0.328E+003
 RTBSE|            1781           1.053                               0.328E+003
 RTBSE|            1782           0.990                               0.328E+003
 RTBSE|            1783           0.946                               0.328E+003
 RTBSE|            1784           0.941                               0.328E+003
 RTBSE|            1785           1.034                               0.328E+003
 RTBSE|            1786           1.063                               0.328E+003
 RTBSE|            1787           1.042                               0.328E+003
 RTBSE|            1788           1.012                               0.328E+003
 RTBSE|            1789           1.030                               0.328E+003
 RTBSE|            1790           1.027                               0.328E+003
 RTBSE|            1791           1.064                               0.328E+003
 RTBSE|            1792           1.057                               0.328E+003
 RTBSE|            1793           1.135                               0.328E+003
 RTBSE|            1794           1.060                               0.328E+003
 RTBSE|            1795           0.966                               0.328E+003
 RTBSE|            1796           0.998                               0.328E+003
 RTBSE|            1797           1.035                               0.328E+003
 RTBSE|            1798           1.015                               0.328E+003
 RTBSE|            1799           1.110                               0.328E+003
 RTBSE|            1800           1.096                               0.328E+003
 RTBSE|            1801           1.100                               0.328E+003
 RTBSE|            1802           1.041                               0.328E+003
 RTBSE|            1803           1.017                               0.328E+003
 RTBSE|            1804           0.993                               0.328E+003
 RTBSE|            1805           0.948                               0.328E+003
 RTBSE|            1806           1.012                               0.328E+003
 RTBSE|            1807           1.077                               0.328E+003
 RTBSE|            1808           1.366                               0.328E+003
 RTBSE|            1809           1.128                               0.328E+003
 RTBSE|            1810           1.024                               0.328E+003
 RTBSE|            1811           0.975                               0.328E+003
 RTBSE|            1812           0.936                               0.328E+003
 RTBSE|            1813           1.025                               0.328E+003
 RTBSE|            1814           0.974                               0.328E+003
 RTBSE|            1815           1.013                               0.328E+003
 RTBSE|            1816           1.000                               0.328E+003
 RTBSE|            1817           1.029                               0.328E+003
 RTBSE|            1818           1.223                               0.328E+003
 RTBSE|            1819           1.092                               0.328E+003
 RTBSE|            1820           1.045                               0.328E+003
 RTBSE|            1821           1.038                               0.328E+003
 RTBSE|            1822           1.083                               0.328E+003
 RTBSE|            1823           1.018                               0.328E+003
 RTBSE|            1824           0.967                               0.328E+003
 RTBSE|            1825           1.052                               0.328E+003
 RTBSE|            1826           1.020                               0.328E+003
 RTBSE|            1827           1.040                               0.328E+003
 RTBSE|            1828           1.301                               0.328E+003
 RTBSE|            1829           1.096                               0.328E+003
 RTBSE|            1830           0.942                               0.328E+003
 RTBSE|            1831           1.050                               0.328E+003
 RTBSE|            1832           1.019                               0.328E+003
 RTBSE|            1833           1.015                               0.328E+003
 RTBSE|            1834           0.997                               0.328E+003
 RTBSE|            1835           0.968                               0.328E+003
 RTBSE|            1836           1.115                               0.328E+003
 RTBSE|            1837           1.151                               0.328E+003
 RTBSE|            1838           0.985                               0.328E+003
 RTBSE|            1839           0.992                               0.328E+003
 RTBSE|            1840           1.058                               0.328E+003
 RTBSE|            1841           1.047                               0.328E+003
 RTBSE|            1842           1.062                               0.328E+003
 RTBSE|            1843           1.029                               0.328E+003
 RTBSE|            1844           0.996                               0.328E+003
 RTBSE|            1845           1.057                               0.328E+003
 RTBSE|            1846           1.149                               0.328E+003
 RTBSE|            1847           1.058                               0.328E+003
 RTBSE|            1848           1.017                               0.328E+003
 RTBSE|            1849           1.028                               0.328E+003
 RTBSE|            1850           0.979                               0.328E+003
 RTBSE|            1851           1.029                               0.328E+003
 RTBSE|            1852           1.014                               0.328E+003
 RTBSE|            1853           1.089                               0.328E+003
 RTBSE|            1854           1.104                               0.328E+003
 RTBSE|            1855           0.991                               0.328E+003
 RTBSE|            1856           1.035                               0.328E+003
 RTBSE|            1857           0.959                               0.328E+003
 RTBSE|            1858           1.036                               0.328E+003
 RTBSE|            1859           1.056                               0.328E+003
 RTBSE|            1860           1.036                               0.328E+003
 RTBSE|            1861           1.001                               0.328E+003
 RTBSE|            1862           0.949                               0.328E+003
 RTBSE|            1863           0.990                               0.328E+003
 RTBSE|            1864           1.009                               0.328E+003
 RTBSE|            1865           1.160                               0.328E+003
 RTBSE|            1866           1.144                               0.328E+003
 RTBSE|            1867           1.086                               0.328E+003
 RTBSE|            1868           0.945                               0.328E+003
 RTBSE|            1869           1.059                               0.328E+003
 RTBSE|            1870           0.974                               0.328E+003
 RTBSE|            1871           1.026                               0.328E+003
 RTBSE|            1872           1.004                               0.328E+003
 RTBSE|            1873           1.031                               0.328E+003
 RTBSE|            1874           1.074                               0.328E+003
 RTBSE|            1875           1.189                               0.328E+003
 RTBSE|            1876           1.064                               0.328E+003
 RTBSE|            1877           1.064                               0.328E+003
 RTBSE|            1878           1.024                               0.328E+003
 RTBSE|            1879           1.084                               0.328E+003
 RTBSE|            1880           1.050                               0.328E+003
 RTBSE|            1881           1.086                               0.328E+003
 RTBSE|            1882           1.058                               0.328E+003
 RTBSE|            1883           0.986                               0.328E+003
 RTBSE|            1884           1.032                               0.328E+003
 RTBSE|            1885           1.189                               0.328E+003
 RTBSE|            1886           1.071                               0.328E+003
 RTBSE|            1887           1.039                               0.328E+003
 RTBSE|            1888           1.048                               0.328E+003
 RTBSE|            1889           1.039                               0.328E+003
 RTBSE|            1890           1.017                               0.328E+003
 RTBSE|            1891           1.133                               0.328E+003
 RTBSE|            1892           1.091                               0.328E+003
 RTBSE|            1893           1.056                               0.328E+003
 RTBSE|            1894           1.110                               0.328E+003
 RTBSE|            1895           1.108                               0.328E+003
 RTBSE|            1896           1.025                               0.328E+003
 RTBSE|            1897           1.069                               0.328E+003
 RTBSE|            1898           1.081                               0.328E+003
 RTBSE|            1899           1.029                               0.328E+003
 RTBSE|            1900           1.016                               0.328E+003
 RTBSE|            1901           1.035                               0.328E+003
 RTBSE|            1902           1.068                               0.328E+003
 RTBSE|            1903           1.125                               0.328E+003
 RTBSE|            1904           1.115                               0.328E+003
 RTBSE|            1905           1.042                               0.328E+003
 RTBSE|            1906           1.093                               0.328E+003
 RTBSE|            1907           1.072                               0.328E+003
 RTBSE|            1908           1.046                               0.328E+003
 RTBSE|            1909           1.121                               0.328E+003
 RTBSE|            1910           0.987                               0.328E+003
 RTBSE|            1911           1.066                               0.328E+003
 RTBSE|            1912           1.020                               0.328E+003
 RTBSE|            1913           1.154                               0.328E+003
 RTBSE|            1914           0.996                               0.328E+003
 RTBSE|            1915           1.106                               0.328E+003
 RTBSE|            1916           1.093                               0.328E+003
 RTBSE|            1917           1.041                               0.328E+003
 RTBSE|            1918           1.048                               0.328E+003
 RTBSE|            1919           0.970                               0.328E+003
 RTBSE|            1920           1.001                               0.328E+003
 RTBSE|            1921           1.195                               0.328E+003
 RTBSE|            1922           1.184                               0.328E+003
 RTBSE|            1923           1.025                               0.328E+003
 RTBSE|            1924           1.001                               0.328E+003
 RTBSE|            1925           1.076                               0.328E+003
 RTBSE|            1926           1.030                               0.328E+003
 RTBSE|            1927           1.060                               0.328E+003
 RTBSE|            1928           1.045                               0.328E+003
 RTBSE|            1929           1.044                               0.328E+003
 RTBSE|            1930           1.048                               0.328E+003
 RTBSE|            1931           1.029                               0.328E+003
 RTBSE|            1932           1.278                               0.328E+003
 RTBSE|            1933           0.988                               0.328E+003
 RTBSE|            1934           1.058                               0.328E+003
 RTBSE|            1935           0.974                               0.328E+003
 RTBSE|            1936           1.016                               0.328E+003
 RTBSE|            1937           1.048                               0.328E+003
 RTBSE|            1938           0.967                               0.328E+003
 RTBSE|            1939           1.047                               0.328E+003
 RTBSE|            1940           1.019                               0.328E+003
 RTBSE|            1941           1.139                               0.328E+003
 RTBSE|            1942           1.052                               0.328E+003
 RTBSE|            1943           1.076                               0.328E+003
 RTBSE|            1944           1.044                               0.328E+003
 RTBSE|            1945           1.050                               0.328E+003
 RTBSE|            1946           1.064                               0.328E+003
 RTBSE|            1947           1.020                               0.328E+003
 RTBSE|            1948           1.090                               0.328E+003
 RTBSE|            1949           1.085                               0.328E+003
 RTBSE|            1950           1.108                               0.328E+003
 RTBSE|            1951           1.195                               0.328E+003
 RTBSE|            1952           1.001                               0.328E+003
 RTBSE|            1953           1.121                               0.328E+003
 RTBSE|            1954           1.077                               0.328E+003
 RTBSE|            1955           1.053                               0.328E+003
 RTBSE|            1956           1.071                               0.328E+003
 RTBSE|            1957           1.056                               0.328E+003
 RTBSE|            1958           0.980                               0.328E+003
 RTBSE|            1959           1.093                               0.328E+003
 RTBSE|            1960           1.111                               0.328E+003
 RTBSE|            1961           1.022                               0.328E+003
 RTBSE|            1962           1.044                               0.328E+003
 RTBSE|            1963           1.106                               0.328E+003
 RTBSE|            1964           1.044                               0.328E+003
 RTBSE|            1965           1.053                               0.328E+003
 RTBSE|            1966           1.040                               0.328E+003
 RTBSE|            1967           0.971                               0.328E+003
 RTBSE|            1968           1.137                               0.328E+003
 RTBSE|            1969           1.063                               0.328E+003
 RTBSE|            1970           1.097                               0.328E+003
 RTBSE|            1971           1.114                               0.328E+003
 RTBSE|            1972           1.033                               0.328E+003
 RTBSE|            1973           1.036                               0.328E+003
 RTBSE|            1974           1.066                               0.328E+003
 RTBSE|            1975           1.018                               0.328E+003
 RTBSE|            1976           1.100                               0.328E+003
 RTBSE|            1977           1.332                               0.328E+003
 RTBSE|            1978           1.159                               0.328E+003
 RTBSE|            1979           1.154                               0.328E+003
 RTBSE|            1980           1.008                               0.328E+003
 RTBSE|            1981           1.098                               0.328E+003
 RTBSE|            1982           1.018                               0.328E+003
 RTBSE|            1983           0.987                               0.328E+003
 RTBSE|            1984           0.984                               0.328E+003
 RTBSE|            1985           1.032                               0.328E+003
 RTBSE|            1986           1.037                               0.328E+003
 RTBSE|            1987           0.961                               0.328E+003
 RTBSE|            1988           1.221                               0.328E+003
 RTBSE|            1989           1.044                               0.328E+003
 RTBSE|            1990           0.998                               0.328E+003
 RTBSE|            1991           1.023                               0.328E+003
 RTBSE|            1992           1.099                               0.328E+003
 RTBSE|            1993           1.052                               0.328E+003
 RTBSE|            1994           1.087                               0.328E+003
 RTBSE|            1995           1.047                               0.328E+003
 RTBSE|            1996           1.155                               0.328E+003
 RTBSE|            1997           1.094                               0.328E+003
 RTBSE|            1998           1.116                               0.328E+003
 RTBSE|            1999           1.169                               0.328E+003
 RTBSE|            2000           1.055                               0.328E+003
 RTBSE|            2001           1.069                               0.328E+003
 RTBSE|            2002           1.029                               0.328E+003
 RTBSE|            2003           1.048                               0.328E+003
 RTBSE|            2004           1.142                               0.328E+003
 RTBSE|            2005           1.039                               0.328E+003
 RTBSE|            2006           1.099                               0.328E+003
 RTBSE|            2007           1.022                               0.328E+003
 RTBSE|            2008           1.113                               0.328E+003
 RTBSE|            2009           1.018                               0.328E+003
 RTBSE|            2010           0.984                               0.328E+003
 RTBSE|            2011           1.013                               0.328E+003
 RTBSE|            2012           0.967                               0.328E+003
 RTBSE|            2013           0.986                               0.328E+003
 RTBSE|            2014           1.007                               0.328E+003
 RTBSE|            2015           1.066                               0.328E+003
 RTBSE|            2016           1.186                               0.328E+003
 RTBSE|            2017           1.120                               0.328E+003
 RTBSE|            2018           1.179                               0.328E+003
 RTBSE|            2019           1.100                               0.328E+003
 RTBSE|            2020           1.087                               0.328E+003
 RTBSE|            2021           1.143                               0.328E+003
 RTBSE|            2022           1.122                               0.328E+003
 RTBSE|            2023           1.098                               0.328E+003
 RTBSE|            2024           1.157                               0.328E+003
 RTBSE|            2025           1.132                               0.328E+003
 RTBSE|            2026           1.061                               0.328E+003
 RTBSE|            2027           1.018                               0.328E+003
 RTBSE|            2028           1.122                               0.328E+003
 RTBSE|            2029           1.117                               0.328E+003
 RTBSE|            2030           1.078                               0.328E+003
 RTBSE|            2031           1.041                               0.328E+003
 RTBSE|            2032           1.232                               0.328E+003
 RTBSE|            2033           1.062                               0.328E+003
 RTBSE|            2034           1.210                               0.328E+003
 RTBSE|            2035           0.985                               0.328E+003
 RTBSE|            2036           1.156                               0.328E+003
 RTBSE|            2037           1.031                               0.328E+003
 RTBSE|            2038           1.126                               0.328E+003
 RTBSE|            2039           1.029                               0.328E+003
 RTBSE|            2040           1.092                               0.328E+003
 RTBSE|            2041           1.033                               0.328E+003
 RTBSE|            2042           1.044                               0.328E+003
 RTBSE|            2043           1.119                               0.328E+003
 RTBSE|            2044           1.176                               0.328E+003
 RTBSE|            2045           1.070                               0.328E+003
 RTBSE|            2046           1.047                               0.328E+003
 RTBSE|            2047           1.053                               0.328E+003
 RTBSE|            2048           1.055                               0.328E+003
 RTBSE|            2049           1.090                               0.328E+003
 RTBSE|            2050           1.256                               0.328E+003
 RTBSE|            2051           1.188                               0.328E+003
 RTBSE|            2052           1.118                               0.328E+003
 RTBSE|            2053           1.014                               0.328E+003
 RTBSE|            2054           1.103                               0.328E+003
 RTBSE|            2055           1.097                               0.328E+003
 RTBSE|            2056           1.035                               0.328E+003
 RTBSE|            2057           1.025                               0.328E+003
 RTBSE|            2058           1.058                               0.328E+003
 RTBSE|            2059           1.170                               0.328E+003
 RTBSE|            2060           1.177                               0.328E+003
 RTBSE|            2061           1.190                               0.328E+003
 RTBSE|            2062           1.085                               0.328E+003
 RTBSE|            2063           1.010                               0.328E+003
 RTBSE|            2064           1.081                               0.328E+003
 RTBSE|            2065           1.050                               0.328E+003
 RTBSE|            2066           1.018                               0.328E+003
 RTBSE|            2067           1.020                               0.328E+003
 RTBSE|            2068           0.983                               0.328E+003
 RTBSE|            2069           0.991                               0.328E+003
 RTBSE|            2070           0.971                               0.328E+003
 RTBSE|            2071           1.035                               0.328E+003
 RTBSE|            2072           1.026                               0.328E+003
 RTBSE|            2073           1.045                               0.328E+003
 RTBSE|            2074           1.045                               0.328E+003
 RTBSE|            2075           0.972                               0.328E+003
 RTBSE|            2076           1.024                               0.328E+003
 RTBSE|            2077           1.061                               0.328E+003
 RTBSE|            2078           1.115                               0.328E+003
 RTBSE|            2079           1.089                               0.328E+003
 RTBSE|            2080           1.270                               0.328E+003
 RTBSE|            2081           1.065                               0.328E+003
 RTBSE|            2082           1.061                               0.328E+003
 RTBSE|            2083           1.062                               0.328E+003
 RTBSE|            2084           1.082                               0.328E+003
 RTBSE|            2085           1.107                               0.328E+003
 RTBSE|            2086           1.052                               0.328E+003
 RTBSE|            2087           1.114                               0.328E+003
 RTBSE|            2088           1.204                               0.328E+003
 RTBSE|            2089           1.198                               0.328E+003
 RTBSE|            2090           1.006                               0.328E+003
 RTBSE|            2091           1.005                               0.328E+003
 RTBSE|            2092           1.010                               0.328E+003
 RTBSE|            2093           1.103                               0.328E+003
 RTBSE|            2094           1.099                               0.328E+003
 RTBSE|            2095           1.005                               0.328E+003
 RTBSE|            2096           1.111                               0.328E+003
 RTBSE|            2097           1.092                               0.328E+003
 RTBSE|            2098           1.082                               0.328E+003
 RTBSE|            2099           1.292                               0.328E+003
 RTBSE|            2100           1.068                               0.328E+003
 RTBSE|            2101           1.105                               0.328E+003
 RTBSE|            2102           1.076                               0.328E+003
 RTBSE|            2103           1.008                               0.328E+003
 RTBSE|            2104           1.058                               0.328E+003
 RTBSE|            2105           1.097                               0.328E+003
 RTBSE|            2106           1.175                               0.328E+003
 RTBSE|            2107           1.154                               0.328E+003
 RTBSE|            2108           1.029                               0.328E+003
 RTBSE|            2109           1.044                               0.328E+003
 RTBSE|            2110           1.063                               0.328E+003
 RTBSE|            2111           1.093                               0.328E+003
 RTBSE|            2112           1.048                               0.328E+003
 RTBSE|            2113           1.077                               0.328E+003
 RTBSE|            2114           1.043                               0.328E+003
 RTBSE|            2115           1.090                               0.328E+003
 RTBSE|            2116           0.980                               0.328E+003
 RTBSE|            2117           1.076                               0.328E+003
 RTBSE|            2118           1.044                               0.328E+003
 RTBSE|            2119           1.060                               0.328E+003
 RTBSE|            2120           1.020                               0.328E+003
 RTBSE|            2121           1.054                               0.328E+003
 RTBSE|            2122           1.012                               0.328E+003
 RTBSE|            2123           1.007                               0.328E+003
 RTBSE|            2124           1.007                               0.328E+003
 RTBSE|            2125           1.018                               0.328E+003
 RTBSE|            2126           1.153                               0.328E+003
 RTBSE|            2127           1.001                               0.328E+003
 RTBSE|            2128           1.006                               0.328E+003
 RTBSE|            2129           1.067                               0.328E+003
 RTBSE|            2130           1.046                               0.328E+003
 RTBSE|            2131           1.004                               0.328E+003
 RTBSE|            2132           0.997                               0.328E+003
 RTBSE|            2133           0.998                               0.328E+003
 RTBSE|            2134           1.079                               0.328E+003
 RTBSE|            2135           1.162                               0.328E+003
 RTBSE|            2136           1.108                               0.328E+003
 RTBSE|            2137           0.991                               0.328E+003
 RTBSE|            2138           1.084                               0.328E+003
 RTBSE|            2139           1.050                               0.328E+003
 RTBSE|            2140           1.074                               0.328E+003
 RTBSE|            2141           1.075                               0.328E+003
 RTBSE|            2142           1.147                               0.328E+003
 RTBSE|            2143           1.144                               0.328E+003
 RTBSE|            2144           1.473                               0.328E+003
 RTBSE|            2145           1.057                               0.328E+003
 RTBSE|            2146           1.107                               0.328E+003
 RTBSE|            2147           1.043                               0.328E+003
 RTBSE|            2148           0.999                               0.328E+003
 RTBSE|            2149           1.042                               0.328E+003
 RTBSE|            2150           1.017                               0.328E+003
 RTBSE|            2151           1.080                               0.328E+003
 RTBSE|            2152           1.074                               0.328E+003
 RTBSE|            2153           1.026                               0.328E+003
 RTBSE|            2154           1.081                               0.328E+003
 RTBSE|            2155           1.029                               0.328E+003
 RTBSE|            2156           1.057                               0.328E+003
 RTBSE|            2157           1.031                               0.328E+003
 RTBSE|            2158           1.088                               0.328E+003
 RTBSE|            2159           1.065                               0.328E+003
 RTBSE|            2160           1.092                               0.328E+003
 RTBSE|            2161           1.260                               0.328E+003
 RTBSE|            2162           1.110                               0.328E+003
 RTBSE|            2163           1.328                               0.328E+003
 RTBSE|            2164           1.108                               0.328E+003
 RTBSE|            2165           0.999                               0.328E+003
 RTBSE|            2166           1.181                               0.328E+003
 RTBSE|            2167           0.995                               0.328E+003
 RTBSE|            2168           1.065                               0.328E+003
 RTBSE|            2169           1.046                               0.328E+003
 RTBSE|            2170           1.080                               0.328E+003
 RTBSE|            2171           1.123                               0.328E+003
 RTBSE|            2172           1.076                               0.328E+003
 RTBSE|            2173           1.001                               0.328E+003
 RTBSE|            2174           1.050                               0.328E+003
 RTBSE|            2175           0.982                               0.328E+003
 RTBSE|            2176           1.007                               0.328E+003
 RTBSE|            2177           0.980                               0.328E+003
 RTBSE|            2178           1.039                               0.328E+003
 RTBSE|            2179           0.956                               0.328E+003
 RTBSE|            2180           1.005                               0.328E+003
 RTBSE|            2181           1.034                               0.328E+003
 RTBSE|            2182           1.028                               0.328E+003
 RTBSE|            2183           1.006                               0.328E+003
 RTBSE|            2184           0.991                               0.328E+003
 RTBSE|            2185           1.035                               0.328E+003
 RTBSE|            2186           1.074                               0.328E+003
 RTBSE|            2187           1.054                               0.328E+003
 RTBSE|            2188           0.933                               0.328E+003
 RTBSE|            2189           1.043                               0.328E+003
 RTBSE|            2190           1.077                               0.328E+003
 RTBSE|            2191           1.098                               0.328E+003
 RTBSE|            2192           1.113                               0.328E+003
 RTBSE|            2193           1.089                               0.328E+003
 RTBSE|            2194           1.004                               0.328E+003
 RTBSE|            2195           1.068                               0.328E+003
 RTBSE|            2196           1.083                               0.328E+003
 RTBSE|            2197           1.045                               0.328E+003
 RTBSE|            2198           1.064                               0.328E+003
 RTBSE|            2199           1.112                               0.328E+003
 RTBSE|            2200           1.357                               0.328E+003
 RTBSE|            2201           1.062                               0.328E+003
 RTBSE|            2202           1.059                               0.328E+003
 RTBSE|            2203           1.031                               0.328E+003
 RTBSE|            2204           0.990                               0.328E+003
 RTBSE|            2205           1.017                               0.328E+003
 RTBSE|            2206           1.122                               0.328E+003
 RTBSE|            2207           1.042                               0.328E+003
 RTBSE|            2208           0.975                               0.328E+003
 RTBSE|            2209           1.041                               0.328E+003
 RTBSE|            2210           1.034                               0.328E+003
 RTBSE|            2211           1.156                               0.328E+003
 RTBSE|            2212           1.010                               0.328E+003
 RTBSE|            2213           1.055                               0.328E+003
 RTBSE|            2214           1.108                               0.328E+003
 RTBSE|            2215           1.084                               0.328E+003
 RTBSE|            2216           1.068                               0.328E+003
 RTBSE|            2217           1.198                               0.328E+003
 RTBSE|            2218           1.120                               0.328E+003
 RTBSE|            2219           1.388                               0.328E+003
 RTBSE|            2220           1.032                               0.328E+003
 RTBSE|            2221           1.049                               0.328E+003
 RTBSE|            2222           1.094                               0.328E+003
 RTBSE|            2223           1.179                               0.328E+003
 RTBSE|            2224           1.011                               0.328E+003
 RTBSE|            2225           0.962                               0.328E+003
 RTBSE|            2226           1.091                               0.328E+003
 RTBSE|            2227           1.094                               0.328E+003
 RTBSE|            2228           1.216                               0.328E+003
 RTBSE|            2229           1.042                               0.328E+003
 RTBSE|            2230           1.056                               0.328E+003
 RTBSE|            2231           1.069                               0.328E+003
 RTBSE|            2232           0.996                               0.328E+003
 RTBSE|            2233           1.126                               0.328E+003
 RTBSE|            2234           1.084                               0.328E+003
 RTBSE|            2235           1.158                               0.328E+003
 RTBSE|            2236           1.059                               0.328E+003
 RTBSE|            2237           1.090                               0.328E+003
 RTBSE|            2238           1.059                               0.328E+003
 RTBSE|            2239           1.022                               0.328E+003
 RTBSE|            2240           1.052                               0.328E+003
 RTBSE|            2241           1.056                               0.328E+003
 RTBSE|            2242           1.035                               0.328E+003
 RTBSE|            2243           1.091                               0.328E+003
 RTBSE|            2244           1.115                               0.328E+003
 RTBSE|            2245           1.159                               0.328E+003
 RTBSE|            2246           1.159                               0.328E+003
 RTBSE|            2247           1.213                               0.328E+003
 RTBSE|            2248           1.078                               0.328E+003
 RTBSE|            2249           1.077                               0.328E+003
 RTBSE|            2250           1.153                               0.328E+003
 RTBSE|            2251           1.065                               0.328E+003
 RTBSE|            2252           1.027                               0.328E+003
 RTBSE|            2253           1.019                               0.328E+003
 RTBSE|            2254           1.053                               0.328E+003
 RTBSE|            2255           1.299                               0.328E+003
 RTBSE|            2256           1.132                               0.328E+003
 RTBSE|            2257           1.157                               0.328E+003
 RTBSE|            2258           1.050                               0.328E+003
 RTBSE|            2259           1.113                               0.328E+003
 RTBSE|            2260           1.173                               0.328E+003
 RTBSE|            2261           1.123                               0.328E+003
 RTBSE|            2262           1.058                               0.328E+003
 RTBSE|            2263           1.044                               0.328E+003
 RTBSE|            2264           1.127                               0.328E+003
 RTBSE|            2265           1.280                               0.328E+003
 RTBSE|            2266           1.114                               0.328E+003
 RTBSE|            2267           1.110                               0.328E+003
 RTBSE|            2268           1.103                               0.328E+003
 RTBSE|            2269           1.140                               0.328E+003
 RTBSE|            2270           1.157                               0.328E+003
 RTBSE|            2271           1.196                               0.328E+003
 RTBSE|            2272           1.106                               0.328E+003
 RTBSE|            2273           1.280                               0.328E+003
 RTBSE|            2274           1.066                               0.328E+003
 RTBSE|            2275           1.178                               0.328E+003
 RTBSE|            2276           1.037                               0.328E+003
 RTBSE|            2277           1.115                               0.328E+003
 RTBSE|            2278           1.166                               0.328E+003
 RTBSE|            2279           1.053                               0.328E+003
 RTBSE|            2280           1.049                               0.328E+003
 RTBSE|            2281           1.162                               0.328E+003
 RTBSE|            2282           1.103                               0.328E+003
 RTBSE|            2283           1.004                               0.328E+003
 RTBSE|            2284           1.005                               0.328E+003
 RTBSE|            2285           1.095                               0.328E+003
 RTBSE|            2286           1.030                               0.328E+003
 RTBSE|            2287           1.095                               0.328E+003
 RTBSE|            2288           1.102                               0.328E+003
 RTBSE|            2289           1.053                               0.328E+003
 RTBSE|            2290           0.964                               0.328E+003
 RTBSE|            2291           1.087                               0.328E+003
 RTBSE|            2292           1.081                               0.328E+003
 RTBSE|            2293           1.000                               0.328E+003
 RTBSE|            2294           1.060                               0.328E+003
 RTBSE|            2295           1.052                               0.328E+003
 RTBSE|            2296           1.047                               0.328E+003
 RTBSE|            2297           1.057                               0.328E+003
 RTBSE|            2298           1.013                               0.328E+003
 RTBSE|            2299           1.094                               0.328E+003
 RTBSE|            2300           1.170                               0.328E+003
 RTBSE|            2301           1.163                               0.328E+003
 RTBSE|            2302           1.056                               0.328E+003
 RTBSE|            2303           1.059                               0.328E+003
 RTBSE|            2304           1.027                               0.328E+003
 RTBSE|            2305           1.035                               0.328E+003
 RTBSE|            2306           1.051                               0.328E+003
 RTBSE|            2307           0.998                               0.328E+003
 RTBSE|            2308           1.008                               0.328E+003
 RTBSE|            2309           1.005                               0.328E+003
 RTBSE|            2310           1.393                               0.328E+003
 RTBSE|            2311           1.035                               0.328E+003
 RTBSE|            2312           0.950                               0.328E+003
 RTBSE|            2313           0.978                               0.328E+003
 RTBSE|            2314           1.020                               0.328E+003
 RTBSE|            2315           0.956                               0.328E+003
 RTBSE|            2316           0.988                               0.328E+003
 RTBSE|            2317           0.965                               0.328E+003
 RTBSE|            2318           0.967                               0.328E+003
 RTBSE|            2319           0.963                               0.328E+003
 RTBSE|            2320           1.011                               0.328E+003
 RTBSE|            2321           1.166                               0.328E+003
 RTBSE|            2322           1.080                               0.328E+003
 RTBSE|            2323           1.006                               0.328E+003
 RTBSE|            2324           0.979                               0.328E+003
 RTBSE|            2325           1.004                               0.328E+003
 RTBSE|            2326           0.944                               0.328E+003
 RTBSE|            2327           0.953                               0.328E+003
 RTBSE|            2328           1.009                               0.328E+003
 RTBSE|            2329           1.087                               0.328E+003
 RTBSE|            2330           1.292                               0.328E+003
 RTBSE|            2331           1.074                               0.328E+003
 RTBSE|            2332           0.988                               0.328E+003
 RTBSE|            2333           1.043                               0.328E+003
 RTBSE|            2334           1.015                               0.328E+003
 RTBSE|            2335           1.092                               0.328E+003
 RTBSE|            2336           0.974                               0.328E+003
 RTBSE|            2337           1.013                               0.328E+003
 RTBSE|            2338           1.031                               0.328E+003
 RTBSE|            2339           1.047                               0.328E+003
 RTBSE|            2340           1.006                               0.328E+003
 RTBSE|            2341           1.017                               0.328E+003
 RTBSE|            2342           0.967                               0.328E+003
 RTBSE|            2343           0.992                               0.328E+003
 RTBSE|            2344           0.991                               0.328E+003
 RTBSE|            2345           1.020                               0.328E+003
 RTBSE|            2346           0.990                               0.328E+003
 RTBSE|            2347           1.013                               0.328E+003
 RTBSE|            2348           0.984                               0.328E+003
 RTBSE|            2349           0.998                               0.328E+003
 RTBSE|            2350           1.083                               0.328E+003
 RTBSE|            2351           1.014                               0.328E+003
 RTBSE|            2352           0.984                               0.328E+003
 RTBSE|            2353           1.091                               0.328E+003
 RTBSE|            2354           1.023                               0.328E+003
 RTBSE|            2355           0.997                               0.328E+003
 RTBSE|            2356           1.023                               0.328E+003
 RTBSE|            2357           1.005                               0.328E+003
 RTBSE|            2358           1.068                               0.328E+003
 RTBSE|            2359           1.065                               0.328E+003
 RTBSE|            2360           1.074                               0.328E+003
 RTBSE|            2361           1.002                               0.328E+003
 RTBSE|            2362           1.040                               0.328E+003
 RTBSE|            2363           1.075                               0.328E+003
 RTBSE|            2364           1.110                               0.328E+003
 RTBSE|            2365           0.991                               0.328E+003
 RTBSE|            2366           1.008                               0.328E+003
 RTBSE|            2367           1.086                               0.328E+003
 RTBSE|            2368           1.313                               0.328E+003
 RTBSE|            2369           1.007                               0.328E+003
 RTBSE|            2370           0.987                               0.328E+003
 RTBSE|            2371           0.978                               0.328E+003
 RTBSE|            2372           0.958                               0.328E+003
 RTBSE|            2373           1.017                               0.328E+003
 RTBSE|            2374           1.023                               0.328E+003
 RTBSE|            2375           1.029                               0.328E+003
 RTBSE|            2376           0.993                               0.328E+003
 RTBSE|            2377           0.974                               0.328E+003
 RTBSE|            2378           0.959                               0.328E+003
 RTBSE|            2379           1.187                               0.328E+003
 RTBSE|            2380           0.999                               0.328E+003
 RTBSE|            2381           0.931                               0.328E+003
 RTBSE|            2382           0.965                               0.328E+003
 RTBSE|            2383           1.006                               0.328E+003
 RTBSE|            2384           0.981                               0.328E+003
 RTBSE|            2385           1.009                               0.328E+003
 RTBSE|            2386           1.027                               0.328E+003
 RTBSE|            2387           1.067                               0.328E+003
 RTBSE|            2388           1.213                               0.328E+003
 RTBSE|            2389           1.091                               0.328E+003
 RTBSE|            2390           0.993                               0.328E+003
 RTBSE|            2391           1.014                               0.328E+003
 RTBSE|            2392           0.967                               0.328E+003
 RTBSE|            2393           1.041                               0.328E+003
 RTBSE|            2394           1.080                               0.328E+003
 RTBSE|            2395           0.985                               0.328E+003
 RTBSE|            2396           1.047                               0.328E+003
 RTBSE|            2397           1.217                               0.328E+003
 RTBSE|            2398           1.016                               0.328E+003
 RTBSE|            2399           1.046                               0.328E+003
 RTBSE|            2400           1.041                               0.328E+003
 RTBSE|            2401           1.045                               0.328E+003
 RTBSE|            2402           1.015                               0.328E+003
 RTBSE|            2403           1.014                               0.328E+003
 RTBSE|            2404           1.023                               0.328E+003
 RTBSE|            2405           1.021                               0.328E+003
 RTBSE|            2406           0.997                               0.328E+003
 RTBSE|            2407           1.035                               0.328E+003
 RTBSE|            2408           1.020                               0.328E+003
 RTBSE|            2409           1.014                               0.328E+003
 RTBSE|            2410           1.115                               0.328E+003
 RTBSE|            2411           1.093                               0.328E+003
 RTBSE|            2412           1.024                               0.328E+003
 RTBSE|            2413           1.014                               0.328E+003
 RTBSE|            2414           1.031                               0.328E+003
 RTBSE|            2415           1.137                               0.328E+003
 RTBSE|            2416           1.266                               0.328E+003
 RTBSE|            2417           1.191                               0.328E+003
 RTBSE|            2418           1.050                               0.328E+003
 RTBSE|            2419           1.033                               0.328E+003
 RTBSE|            2420           1.026                               0.328E+003
 RTBSE|            2421           1.099                               0.328E+003
 RTBSE|            2422           1.037                               0.328E+003
 RTBSE|            2423           1.026                               0.328E+003
 RTBSE|            2424           1.059                               0.328E+003
 RTBSE|            2425           1.366                               0.328E+003
 RTBSE|            2426           1.066                               0.328E+003
 RTBSE|            2427           1.018                               0.328E+003
 RTBSE|            2428           1.023                               0.328E+003
 RTBSE|            2429           1.021                               0.328E+003
 RTBSE|            2430           1.035                               0.328E+003
 RTBSE|            2431           1.010                               0.328E+003
 RTBSE|            2432           1.016                               0.328E+003
 RTBSE|            2433           0.977                               0.328E+003
 RTBSE|            2434           1.030                               0.328E+003
 RTBSE|            2435           1.047                               0.328E+003
 RTBSE|            2436           1.262                               0.328E+003
 RTBSE|            2437           1.009                               0.328E+003
 RTBSE|            2438           0.997                               0.328E+003
 RTBSE|            2439           0.977                               0.328E+003
 RTBSE|            2440           0.999                               0.328E+003
 RTBSE|            2441           1.051                               0.328E+003
 RTBSE|            2442           1.058                               0.328E+003
 RTBSE|            2443           1.083                               0.328E+003
 RTBSE|            2444           1.132                               0.328E+003
 RTBSE|            2445           1.257                               0.328E+003
 RTBSE|            2446           1.086                               0.328E+003
 RTBSE|            2447           1.064                               0.328E+003
 RTBSE|            2448           1.040                               0.328E+003
 RTBSE|            2449           1.063                               0.328E+003
 RTBSE|            2450           1.058                               0.328E+003
 RTBSE|            2451           1.060                               0.328E+003
 RTBSE|            2452           1.121                               0.328E+003
 RTBSE|            2453           1.026                               0.328E+003
 RTBSE|            2454           1.081                               0.328E+003
 RTBSE|            2455           0.984                               0.328E+003
 RTBSE|            2456           0.958                               0.328E+003
 RTBSE|            2457           0.995                               0.328E+003
 RTBSE|            2458           0.960                               0.328E+003
 RTBSE|            2459           1.018                               0.328E+003
 RTBSE|            2460           1.030                               0.328E+003
 RTBSE|            2461           1.082                               0.328E+003
 RTBSE|            2462           0.973                               0.328E+003
 RTBSE|            2463           0.971                               0.328E+003
 RTBSE|            2464           1.002                               0.328E+003
 RTBSE|            2465           0.990                               0.328E+003
 RTBSE|            2466           1.074                               0.328E+003
 RTBSE|            2467           1.036                               0.328E+003
 RTBSE|            2468           1.090                               0.328E+003
 RTBSE|            2469           0.986                               0.328E+003
 RTBSE|            2470           1.066                               0.328E+003
 RTBSE|            2471           1.049                               0.328E+003
 RTBSE|            2472           1.122                               0.328E+003
 RTBSE|            2473           1.161                               0.328E+003
 RTBSE|            2474           1.111                               0.328E+003
 RTBSE|            2475           1.057                               0.328E+003
 RTBSE|            2476           0.992                               0.328E+003
 RTBSE|            2477           1.043                               0.328E+003
 RTBSE|            2478           1.046                               0.328E+003
 RTBSE|            2479           1.022                               0.328E+003
 RTBSE|            2480           1.055                               0.328E+003
 RTBSE|            2481           1.069                               0.328E+003
 RTBSE|            2482           1.455                               0.328E+003
 RTBSE|            2483           1.107                               0.328E+003
 RTBSE|            2484           0.993                               0.328E+003
 RTBSE|            2485           0.993                               0.328E+003
 RTBSE|            2486           1.033                               0.328E+003
 RTBSE|            2487           1.066                               0.328E+003
 RTBSE|            2488           1.057                               0.328E+003
 RTBSE|            2489           1.025                               0.328E+003
 RTBSE|            2490           1.016                               0.328E+003
 RTBSE|            2491           1.016                               0.328E+003
 RTBSE|            2492           0.985                               0.328E+003
 RTBSE|            2493           1.234                               0.328E+003
 RTBSE|            2494           0.994                               0.328E+003
 RTBSE|            2495           1.042                               0.328E+003
 RTBSE|            2496           1.037                               0.328E+003
 RTBSE|            2497           0.987                               0.328E+003
 RTBSE|            2498           1.067                               0.328E+003
 RTBSE|            2499           1.166                               0.328E+003
 RTBSE|            2500           1.050                               0.328E+003
 RTBSE|            2501           1.361                               0.328E+003
 RTBSE|            2502           1.137                               0.328E+003
 RTBSE|            2503           1.048                               0.328E+003
 RTBSE|            2504           1.062                               0.328E+003
 RTBSE|            2505           1.041                               0.328E+003
 RTBSE|            2506           1.069                               0.328E+003
 RTBSE|            2507           1.052                               0.328E+003
 RTBSE|            2508           1.085                               0.328E+003
 RTBSE|            2509           1.117                               0.328E+003
 RTBSE|            2510           1.125                               0.328E+003
 RTBSE|            2511           1.030                               0.328E+003
 RTBSE|            2512           1.032                               0.328E+003
 RTBSE|            2513           1.087                               0.328E+003
 RTBSE|            2514           1.003                               0.328E+003
 RTBSE|            2515           1.005                               0.328E+003
 RTBSE|            2516           1.120                               0.328E+003
 RTBSE|            2517           1.020                               0.328E+003
 RTBSE|            2518           1.037                               0.328E+003
 RTBSE|            2519           0.995                               0.328E+003
 RTBSE|            2520           1.070                               0.328E+003
 RTBSE|            2521           0.996                               0.328E+003
 RTBSE|            2522           0.985                               0.328E+003
 RTBSE|            2523           0.988                               0.328E+003
 RTBSE|            2524           0.943                               0.328E+003
 RTBSE|            2525           0.951                               0.328E+003
 RTBSE|            2526           1.026                               0.328E+003
 RTBSE|            2527           1.034                               0.328E+003
 RTBSE|            2528           1.065                               0.328E+003
 RTBSE|            2529           1.134                               0.328E+003
 RTBSE|            2530           1.148                               0.328E+003
 RTBSE|            2531           1.116                               0.328E+003
 RTBSE|            2532           1.066                               0.328E+003
 RTBSE|            2533           1.095                               0.328E+003
 RTBSE|            2534           1.097                               0.328E+003
 RTBSE|            2535           1.020                               0.328E+003
 RTBSE|            2536           0.963                               0.328E+003
 RTBSE|            2537           1.047                               0.328E+003
 RTBSE|            2538           1.060                               0.328E+003
 RTBSE|            2539           1.187                               0.328E+003
 RTBSE|            2540           1.011                               0.328E+003
 RTBSE|            2541           0.997                               0.328E+003
 RTBSE|            2542           0.993                               0.328E+003
 RTBSE|            2543           0.976                               0.328E+003
 RTBSE|            2544           1.055                               0.328E+003
 RTBSE|            2545           0.948                               0.328E+003
 RTBSE|            2546           0.974                               0.328E+003
 RTBSE|            2547           1.047                               0.328E+003
 RTBSE|            2548           0.979                               0.328E+003
 RTBSE|            2549           0.993                               0.328E+003
 RTBSE|            2550           1.129                               0.328E+003
 RTBSE|            2551           0.984                               0.328E+003
 RTBSE|            2552           0.955                               0.328E+003
 RTBSE|            2553           0.979                               0.328E+003
 RTBSE|            2554           0.965                               0.328E+003
 RTBSE|            2555           1.050                               0.328E+003
 RTBSE|            2556           0.962                               0.328E+003
 RTBSE|            2557           0.995                               0.328E+003
 RTBSE|            2558           1.063                               0.328E+003
 RTBSE|            2559           1.190                               0.328E+003
 RTBSE|            2560           1.112                               0.328E+003
 RTBSE|            2561           1.111                               0.328E+003
 RTBSE|            2562           0.947                               0.328E+003
 RTBSE|            2563           0.974                               0.328E+003
 RTBSE|            2564           0.981                               0.328E+003
 RTBSE|            2565           1.034                               0.328E+003
 RTBSE|            2566           1.094                               0.328E+003
 RTBSE|            2567           1.085                               0.328E+003
 RTBSE|            2568           1.121                               0.328E+003
 RTBSE|            2569           0.965                               0.328E+003
 RTBSE|            2570           1.023                               0.328E+003
 RTBSE|            2571           1.008                               0.328E+003
 RTBSE|            2572           0.987                               0.328E+003
 RTBSE|            2573           1.002                               0.328E+003
 RTBSE|            2574           1.034                               0.328E+003
 RTBSE|            2575           0.960                               0.328E+003
 RTBSE|            2576           1.000                               0.328E+003
 RTBSE|            2577           0.988                               0.328E+003
 RTBSE|            2578           0.995                               0.328E+003
 RTBSE|            2579           0.991                               0.328E+003
 RTBSE|            2580           1.031                               0.328E+003
 RTBSE|            2581           0.997                               0.328E+003
 RTBSE|            2582           0.947                               0.328E+003
 RTBSE|            2583           0.964                               0.328E+003
 RTBSE|            2584           0.965                               0.328E+003
 RTBSE|            2585           0.962                               0.328E+003
 RTBSE|            2586           0.992                               0.328E+003
 RTBSE|            2587           1.016                               0.328E+003
 RTBSE|            2588           1.150                               0.328E+003
 RTBSE|            2589           1.097                               0.328E+003
 RTBSE|            2590           1.024                               0.328E+003
 RTBSE|            2591           1.042                               0.328E+003
 RTBSE|            2592           1.016                               0.328E+003
 RTBSE|            2593           1.013                               0.328E+003
 RTBSE|            2594           1.000                               0.328E+003
 RTBSE|            2595           1.051                               0.328E+003
 RTBSE|            2596           0.953                               0.328E+003
 RTBSE|            2597           1.322                               0.328E+003
 RTBSE|            2598           0.986                               0.328E+003
 RTBSE|            2599           1.003                               0.328E+003
 RTBSE|            2600           1.008                               0.328E+003
 RTBSE|            2601           1.019                               0.328E+003
 RTBSE|            2602           1.034                               0.328E+003
 RTBSE|            2603           0.962                               0.328E+003
 RTBSE|            2604           0.989                               0.328E+003
 RTBSE|            2605           1.005                               0.328E+003
 RTBSE|            2606           0.995                               0.328E+003
 RTBSE|            2607           0.981                               0.328E+003
 RTBSE|            2608           1.184                               0.328E+003
 RTBSE|            2609           0.991                               0.328E+003
 RTBSE|            2610           0.978                               0.328E+003
 RTBSE|            2611           0.943                               0.328E+003
 RTBSE|            2612           1.068                               0.328E+003
 RTBSE|            2613           0.961                               0.328E+003
 RTBSE|            2614           1.006                               0.328E+003
 RTBSE|            2615           0.959                               0.328E+003
 RTBSE|            2616           0.999                               0.328E+003
 RTBSE|            2617           1.188                               0.328E+003
 RTBSE|            2618           1.059                               0.328E+003
 RTBSE|            2619           1.007                               0.328E+003
 RTBSE|            2620           1.011                               0.328E+003
 RTBSE|            2621           1.002                               0.328E+003
 RTBSE|            2622           1.087                               0.328E+003
 RTBSE|            2623           1.025                               0.328E+003
 RTBSE|            2624           0.928                               0.328E+003
 RTBSE|            2625           1.010                               0.328E+003
 RTBSE|            2626           0.994                               0.328E+003
 RTBSE|            2627           0.994                               0.328E+003
 RTBSE|            2628           0.988                               0.328E+003
 RTBSE|            2629           0.956                               0.328E+003
 RTBSE|            2630           0.953                               0.328E+003
 RTBSE|            2631           0.967                               0.328E+003
 RTBSE|            2632           1.004                               0.328E+003
 RTBSE|            2633           1.011                               0.328E+003
 RTBSE|            2634           0.998                               0.328E+003
 RTBSE|            2635           0.965                               0.328E+003
 RTBSE|            2636           0.943                               0.328E+003
 RTBSE|            2637           0.989                               0.328E+003
 RTBSE|            2638           1.030                               0.328E+003
 RTBSE|            2639           0.979                               0.328E+003
 RTBSE|            2640           0.977                               0.328E+003
 RTBSE|            2641           0.969                               0.328E+003
 RTBSE|            2642           0.983                               0.328E+003
 RTBSE|            2643           1.024                               0.328E+003
 RTBSE|            2644           1.012                               0.328E+003
 RTBSE|            2645           1.056                               0.328E+003
 RTBSE|            2646           1.075                               0.328E+003
 RTBSE|            2647           1.162                               0.328E+003
 RTBSE|            2648           1.110                               0.328E+003
 RTBSE|            2649           1.059                               0.328E+003
 RTBSE|            2650           1.036                               0.328E+003
 RTBSE|            2651           0.987                               0.328E+003
 RTBSE|            2652           0.992                               0.328E+003
 RTBSE|            2653           1.037                               0.328E+003
 RTBSE|            2654           1.055                               0.328E+003
 RTBSE|            2655           1.168                               0.328E+003
 RTBSE|            2656           1.317                               0.328E+003
 RTBSE|            2657           0.994                               0.328E+003
 RTBSE|            2658           0.941                               0.328E+003
 RTBSE|            2659           1.003                               0.328E+003
 RTBSE|            2660           0.932                               0.328E+003
 RTBSE|            2661           0.980                               0.328E+003
 RTBSE|            2662           0.944                               0.328E+003
 RTBSE|            2663           0.948                               0.328E+003
 RTBSE|            2664           0.926                               0.328E+003
 RTBSE|            2665           0.886                               0.328E+003
 RTBSE|            2666           0.931                               0.328E+003
 RTBSE|            2667           1.171                               0.328E+003
 RTBSE|            2668           0.965                               0.328E+003
 RTBSE|            2669           0.881                               0.328E+003
 RTBSE|            2670           0.989                               0.328E+003
 RTBSE|            2671           0.898                               0.328E+003
 RTBSE|            2672           0.929                               0.328E+003
 RTBSE|            2673           0.929                               0.328E+003
 RTBSE|            2674           0.962                               0.328E+003
 RTBSE|            2675           0.942                               0.328E+003
 RTBSE|            2676           0.990                               0.328E+003
 RTBSE|            2677           1.206                               0.328E+003
 RTBSE|            2678           1.030                               0.328E+003
 RTBSE|            2679           1.073                               0.328E+003
 RTBSE|            2680           0.960                               0.328E+003
 RTBSE|            2681           0.983                               0.328E+003
 RTBSE|            2682           0.990                               0.328E+003
 RTBSE|            2683           1.000                               0.328E+003
 RTBSE|            2684           1.015                               0.328E+003
 RTBSE|            2685           0.960                               0.328E+003
 RTBSE|            2686           1.019                               0.328E+003
 RTBSE|            2687           0.988                               0.328E+003
 RTBSE|            2688           0.969                               0.328E+003
 RTBSE|            2689           1.009                               0.328E+003
 RTBSE|            2690           0.986                               0.328E+003
 RTBSE|            2691           0.940                               0.328E+003
 RTBSE|            2692           0.976                               0.328E+003
 RTBSE|            2693           0.937                               0.328E+003
 RTBSE|            2694           0.965                               0.328E+003
 RTBSE|            2695           0.938                               0.328E+003
 RTBSE|            2696           0.948                               0.328E+003
 RTBSE|            2697           0.982                               0.328E+003
 RTBSE|            2698           1.071                               0.328E+003
 RTBSE|            2699           0.925                               0.328E+003
 RTBSE|            2700           1.022                               0.328E+003
 RTBSE|            2701           0.975                               0.328E+003
 RTBSE|            2702           0.984                               0.328E+003
 RTBSE|            2703           0.985                               0.328E+003
 RTBSE|            2704           0.967                               0.328E+003
 RTBSE|            2705           0.989                               0.328E+003
 RTBSE|            2706           0.995                               0.328E+003
 RTBSE|            2707           1.044                               0.328E+003
 RTBSE|            2708           1.046                               0.328E+003
 RTBSE|            2709           1.032                               0.328E+003
 RTBSE|            2710           0.978                               0.328E+003
 RTBSE|            2711           0.970                               0.328E+003
 RTBSE|            2712           1.001                               0.328E+003
 RTBSE|            2713           0.976                               0.328E+003
 RTBSE|            2714           0.993                               0.328E+003
 RTBSE|            2715           0.981                               0.328E+003
 RTBSE|            2716           1.135                               0.328E+003
 RTBSE|            2717           1.148                               0.328E+003
 RTBSE|            2718           0.943                               0.328E+003
 RTBSE|            2719           1.003                               0.328E+003
 RTBSE|            2720           1.002                               0.328E+003
 RTBSE|            2721           0.999                               0.328E+003
 RTBSE|            2722           1.038                               0.328E+003
 RTBSE|            2723           0.980                               0.328E+003
 RTBSE|            2724           0.970                               0.328E+003
 RTBSE|            2725           1.010                               0.328E+003
 RTBSE|            2726           1.067                               0.328E+003
 RTBSE|            2727           1.183                               0.328E+003
 RTBSE|            2728           1.006                               0.328E+003
 RTBSE|            2729           1.001                               0.328E+003
 RTBSE|            2730           0.969                               0.328E+003
 RTBSE|            2731           0.999                               0.328E+003
 RTBSE|            2732           1.021                               0.328E+003
 RTBSE|            2733           1.009                               0.328E+003
 RTBSE|            2734           1.141                               0.328E+003
 RTBSE|            2735           1.144                               0.328E+003
 RTBSE|            2736           1.239                               0.328E+003
 RTBSE|            2737           1.022                               0.328E+003
 RTBSE|            2738           0.965                               0.328E+003
 RTBSE|            2739           0.983                               0.328E+003
 RTBSE|            2740           1.043                               0.328E+003
 RTBSE|            2741           0.956                               0.328E+003
 RTBSE|            2742           1.005                               0.328E+003
 RTBSE|            2743           1.027                               0.328E+003
 RTBSE|            2744           1.010                               0.328E+003
 RTBSE|            2745           1.137                               0.328E+003
 RTBSE|            2746           1.027                               0.328E+003
 RTBSE|            2747           0.949                               0.328E+003
 RTBSE|            2748           0.964                               0.328E+003
 RTBSE|            2749           1.049                               0.328E+003
 RTBSE|            2750           1.019                               0.328E+003
 RTBSE|            2751           0.993                               0.328E+003
 RTBSE|            2752           1.088                               0.328E+003
 RTBSE|            2753           0.944                               0.328E+003
 RTBSE|            2754           0.971                               0.328E+003
 RTBSE|            2755           0.997                               0.328E+003
 RTBSE|            2756           1.031                               0.328E+003
 RTBSE|            2757           0.968                               0.328E+003
 RTBSE|            2758           0.973                               0.328E+003
  GREENX FT_PADE| n_pade, n_fit, window [eV]   484     968     0.0000    19.9960
  GREENX FT_PADE| n_pade, n_fit, window [eV]   484     968     0.0000    19.9960
  GREENX FT_PADE| n_pade, n_fit, window [eV]   484     968     0.0000    19.9960
 STATIC_POL|         spin  element Re [a.u.]              Im [a.u.]
 STATIC_POL|            1    1,  2     -1.4411773015E-001     -9.3971501164E-016
 STATIC_POL|            1    2,  2      5.7699898756E+003     -2.4847660232E-013
 STATIC_POL|            1    3,  2      9.4525237397E-002      1.6580544285E-015

 -------------------------------------------------------------------------------
 -                                                                             -
 -                                DBCSR STATISTICS                             -
 -                                                                             -
 -------------------------------------------------------------------------------
 COUNTER                                    TOTAL       BLAS       SMM       ACC
 flops     6 x     6 x    56             93566592       0.0%    100.0%      0.0%     
 flops     6 x     6 x    64            213866496       0.0%    100.0%      0.0%     
 flops     5 x     5 x     3            335644800       0.0%    100.0%      0.0%     
 flops     3 x     5 x     5            354064650       0.0%    100.0%      0.0%     
 flops     3 x     5 x     3            550601010       0.0%    100.0%      0.0%     
 flops     6 x    13 x    56            565918080       0.0%    100.0%      0.0%     
 flops    13 x     6 x    56            570216192       0.0%    100.0%      0.0%     
 flops     3 x     3 x     5            633115260       0.0%    100.0%      0.0%     
 flops     5 x     5 x    27           1053083700       0.0%    100.0%      0.0%     
 flops    27 x     5 x     5           1122325200       0.0%    100.0%      0.0%     
 flops     6 x    13 x    64           1293527040       0.0%    100.0%      0.0%     
 flops    13 x     6 x    64           1303351296       0.0%    100.0%      0.0%     
 flops    27 x     5 x     3           1737064440       0.0%    100.0%      0.0%     
 flops     3 x     5 x    27           1805958990       0.0%    100.0%      0.0%     
 flops     3 x    27 x     5           1997099550       0.0%    100.0%      0.0%     
 flops    27 x     3 x     5           2071461600       0.0%    100.0%      0.0%     
 flops    13 x    13 x    56           3572924992       0.0%    100.0%      0.0%     
 flops     5 x    30 x     3           5666249700       0.0%    100.0%      0.0%     
 flops    27 x     5 x    27           5741706060       0.0%    100.0%      0.0%     
 flops    30 x     5 x     3           6314792400       0.0%    100.0%      0.0%     
 flops     3 x    30 x     5           6380753400       0.0%    100.0%      0.0%     
 flops    27 x    27 x     5           6535339200       0.0%    100.0%      0.0%     
 flops     3 x     5 x    30           7154580600       0.0%    100.0%      0.0%     
 flops     5 x     5 x    32           7871246400       0.0%    100.0%      0.0%     
 flops    13 x    13 x    64           8166685696       0.0%    100.0%      0.0%     
 flops    32 x     5 x     5           8238076800       0.0%    100.0%      0.0%     
 flops     3 x    30 x     3          10482939540       0.0%    100.0%      0.0%     
 flops    32 x     5 x     3          12045579840       0.0%    100.0%      0.0%     
 flops     3 x     3 x    30          12365556660       0.0%    100.0%      0.0%     
 flops     3 x     5 x    32          13469902080       0.0%    100.0%      0.0%     
 flops    32 x     3 x     5          13746970560       0.0%    100.0%      0.0%     
 flops     3 x    32 x     5          14674101120       0.0%    100.0%      0.0%     
 flops     5 x    30 x    27          17801564400       0.0%    100.0%      0.0%     
 flops    30 x     5 x    27          19485765000       0.0%    100.0%      0.0%     
 flops    27 x    30 x     5          20217324600       0.0%    100.0%      0.0%     
 flops    27 x     5 x    30          22255770600       0.0%    100.0%      0.0%     
 flops    27 x    30 x     3          33147352980       0.0%    100.0%      0.0%     
 flops     3 x    30 x    27          33552817920       0.0%    100.0%      0.0%     
 flops     3 x    27 x    30          38356441920       0.0%    100.0%      0.0%     
 flops    32 x     5 x    27          39139156800       0.0%    100.0%      0.0%     
 flops    27 x     3 x    30          40189006980       0.0%    100.0%      0.0%     
 flops    27 x     5 x    32          42896131200       0.0%    100.0%      0.0%     
 flops    32 x    27 x     5          43370709120       0.0%    100.0%      0.0%     
 flops    27 x    32 x     5          48010060800       0.0%    100.0%      0.0%     
 flops    30 x    30 x     3         106592479200       0.0%    100.0%      0.0%     
 flops    27 x    30 x    27         106683697080       0.0%    100.0%      0.0%     
 flops     3 x    30 x    30         122326470000       0.0%    100.0%      0.0%     
 flops    27 x    27 x    30         124646271660       0.0%    100.0%      0.0%     
 flops     5 x    30 x    32         132957859200       0.0%    100.0%      0.0%     
 flops    30 x     5 x    32         146290252800       0.0%    100.0%      0.0%     
 flops    32 x    30 x     5         148408041600       0.0%    100.0%      0.0%     
 flops    32 x     5 x    30         164337206400       0.0%    100.0%      0.0%     
 flops     3 x     6 x     6         212831886528       0.0%    100.0%      0.0%     
 flops    32 x    30 x     3         228765916800       0.0%    100.0%      0.0%     
 flops     3 x    30 x    32         251866938240       0.0%    100.0%      0.0%     
 flops     6 x     6 x     3         266482575648       0.0%    100.0%      0.0%     
 flops    32 x     3 x    30         266744280960       0.0%    100.0%      0.0%     
 flops     3 x    32 x    30         283295952000       0.0%    100.0%      0.0%     
 flops    32 x     5 x    32         291235225600       0.0%    100.0%      0.0%     
 flops     3 x     6 x     3         297122563476       0.0%    100.0%      0.0%     
 flops     3 x     3 x     6         297986301576       0.0%    100.0%      0.0%     
 flops    32 x    32 x     5         318612654080       0.0%    100.0%      0.0%     
 flops    30 x    30 x    27         329374009800       0.0%    100.0%      0.0%     
 flops    27 x    30 x    30         379899590400       0.0%    100.0%      0.0%     
 flops    27 x     6 x     6         651739258080       0.0%    100.0%      0.0%     
 flops    32 x    30 x    27         726724016640       0.0%    100.0%      0.0%     
 flops    27 x    30 x    32         802784286720       0.0%    100.0%      0.0%     
 flops     6 x     6 x    27         804448896984       0.0%    100.0%      0.0%     
 flops    32 x    27 x    30         827304192000       0.0%    100.0%      0.0%     
 flops     3 x     6 x    27         909933526116       0.0%    100.0%      0.0%     
 flops     3 x    27 x     6         912479614992       0.0%    100.0%      0.0%     
 flops    27 x    32 x    30         920751494400       0.0%    100.0%      0.0%     
 flops    27 x     6 x     3         955093223484       0.0%    100.0%      0.0%     
 flops    27 x     3 x     6         957803079780       0.0%    100.0%      0.0%     
 flops     3 x    13 x     6        1291303510848       0.0%    100.0%      0.0%     
 flops     6 x    13 x     3        1729390325364       0.0%    100.0%      0.0%     
 flops     3 x     6 x    13        1785270523608       0.0%    100.0%      0.0%     
 flops    13 x     6 x     3        2221696796904       0.0%    100.0%      0.0%     
 flops    30 x    30 x    32        2471408236800       0.0%    100.0%      0.0%     
 flops     3 x    13 x     3        2492016916896       0.0%    100.0%      0.0%     
 flops     3 x     3 x    13        2499593051826       0.0%    100.0%      0.0%     
 flops    32 x    30 x    30        2804870246400       0.0%    100.0%      0.0%     
 flops    27 x     6 x    27        2924910219996       0.0%    100.0%      0.0%     
 flops    27 x    27 x     6        2932936370028       0.0%    100.0%      0.0%     
 flops    27 x    13 x     6        3954252110328       0.0%    100.0%      0.0%     
 flops    27 x     6 x    13        5009568154344       0.0%    100.0%      0.0%     
 flops     6 x    13 x    27        5124437729892       0.0%    100.0%      0.0%     
 flops    32 x    30 x    32        5440486563840       0.0%    100.0%      0.0%     
 flops    32 x     6 x     6        6013905246720       0.0%    100.0%      0.0%     
 flops    32 x    32 x    30        6111259484160       0.0%    100.0%      0.0%     
 flops    13 x     6 x    27        6176434406220       0.0%    100.0%      0.0%     
 flops    32 x     6 x     3        6339144682368       0.0%    100.0%      0.0%     
 flops    32 x     3 x     6        6357439259136       0.0%    100.0%      0.0%     
 flops     3 x    13 x    27        6993316800288       0.0%    100.0%      0.0%     
 flops     3 x    27 x    13        7014024891900       0.0%    100.0%      0.0%     
 flops    27 x    13 x     3        8010661043034       0.0%    100.0%      0.0%     
 flops     6 x     6 x    32        8027008756992       0.0%    100.0%      0.0%     
 flops    27 x     3 x    13        8034345074808       0.0%    100.0%      0.0%     
 flops     3 x     6 x    32        8396383881600       0.0%    100.0%      0.0%     
 flops     3 x    32 x     6        8419933600128       0.0%    100.0%      0.0%     
 flops     3 x    13 x    13       10831509121212       0.0%    100.0%      0.0%     
 flops    13 x    13 x     3       14609538985236       0.0%    100.0%      0.0%     
 flops    32 x     6 x    27       19413029151360       0.0%    100.0%      0.0%     
 flops    32 x    27 x     6       19467536329728       0.0%    100.0%      0.0%     
 flops    27 x    13 x    27       22479966770274       0.0%    100.0%      0.0%     
 flops    27 x    27 x    13       22544903344860       0.0%    100.0%      0.0%     
 flops    27 x     6 x    32       26989472346624       0.0%    100.0%      0.0%     
 flops    27 x    32 x     6       27063792824832       0.0%    100.0%      0.0%     
 flops    27 x    13 x    13       30393779328900       0.0%    100.0%      0.0%     
 flops    32 x    13 x     6       36487685165568       0.0%    100.0%      0.0%     
 flops    13 x    13 x    27       39953614648662       0.0%    100.0%      0.0%     
 flops    32 x     6 x    13       45605725960704       0.0%    100.0%      0.0%     
 flops     6 x    13 x    32       51459574098816       0.0%    100.0%      0.0%     
 flops    32 x    13 x     3       53168824378176       0.0%    100.0%      0.0%     
 flops    32 x     3 x    13       53326557435840       0.0%    100.0%      0.0%     
 flops    13 x     6 x    32       60548818177536       0.0%    100.0%      0.0%     
 flops     3 x    13 x    32       63667268525952       0.0%    100.0%      0.0%     
 flops     3 x    32 x    13       63852330512256       0.0%    100.0%      0.0%     
 flops    32 x    13 x    27      149203905372288       0.0%    100.0%      0.0%     
 flops    32 x    27 x    13      149638258426176       0.0%    100.0%      0.0%     
 flops    32 x     6 x    32      179133013143552       0.0%    100.0%      0.0%     
 flops    32 x    32 x     6      179635973210112       0.0%    100.0%      0.0%     
 flops    27 x    13 x    32      204654418705152       0.0%    100.0%      0.0%     
 flops    27 x    32 x    13      205238784329280       0.0%    100.0%      0.0%     
 flops    32 x    13 x    13      276692564084352       0.0%    100.0%      0.0%     
 flops    13 x    13 x    32      392926299985856       0.0%    100.0%      0.0%     
 flops    32 x    13 x    32     1358326321184768       0.0%    100.0%      0.0%     
 flops    32 x    32 x    13     1362217945780224       0.0%    100.0%      0.0%     
 flops inhomo. stacks                           0       0.0%      0.0%      0.0%
 flops total                         5.261609E+15       0.0%    100.0%      0.0%
 flops max/rank                     94.912178E+12       0.0%    100.0%      0.0%
 matmuls inhomo. stacks                         0       0.0%      0.0%      0.0%
 matmuls total                       502682741396       0.0%    100.0%      0.0%
 number of processed stacks            6335114961       0.0%    100.0%      0.0%
 average stack size                                     0.0      79.3       0.0
 marketing flops                    14.411515E+15
 -------------------------------------------------------------------------------
 # multiplications                         110889
 max memory usage/rank               6.198469E+09
 # max total images/rank                        1
 # max 3D layers                                1
 # MPI messages exchanged                99356544
 MPI messages size (bytes):
  total size                       172.982090E+12
  min size                           0.000000E+00
  max size                          11.481632E+06
  average size                       1.741024E+06
 MPI breakdown and total messages size (bytes):
             size <=      128               34951                        0
       128 < size <=     8192                  91                   330512
      8192 < size <=    32768                 336                  6394752
     32768 < size <=   131072               37205               2705849216
    131072 < size <=  4194304            89357625           81327630089440
   4194304 < size <= 16777216             9926336           91414278149992
  16777216 < size                               0                        0
 -------------------------------------------------------------------------------
 -                                                                             -
 -                      DBCSR MESSAGE PASSING PERFORMANCE                      -
 -                                                                             -
 -------------------------------------------------------------------------------
 ROUTINE             CALLS      AVE VOLUME [Bytes]
 MP_Bcast              129                     12.
 MP_Allreduce       443952                     42.
 MP_Alltoall        909465                 130238.
 MP_ISend          5415416                 550870.
 MP_IRecv          5413176                 539843.
 -------------------------------------------------------------------------------

 -------------------------------------------------------------------------------
 -                                                                             -
 -                                GRID STATISTICS                              -
 -                                                                             -
 -------------------------------------------------------------------------------
 LP    KERNEL             BACKEND                              COUNT     PERCENT
 3     collocate ortho    CPU                                  38514      22.15%
 3     integrate ortho    CPU                                  38514      22.15%
 4     collocate ortho    CPU                                  37086      21.32%
 4     integrate ortho    CPU                                  37086      21.32%
 2     collocate ortho    CPU                                  11130       6.40%
 2     integrate ortho    CPU                                  11130       6.40%
 0     collocate general  CPU                                    304       0.17%
 0     integrate general  CPU                                    152       0.09%
 -------------------------------------------------------------------------------

 -------------------------------------------------------------------------------
 -                                                                             -
 -                          OFFLOAD MEMPOOL STATISTICS                         -
 -                                                                             -
 -------------------------------------------------------------------------------
 Memory consumption                Number of allocations  Used [MiB]  Size [MiB]
 Host                                                  6          38  4484282717204
 -------------------------------------------------------------------------------

 MEMORY| Estimated peak process memory [MiB]                                1861

 -------------------------------------------------------------------------------
 ----                             MULTIGRID INFO                            ----
 -------------------------------------------------------------------------------
 count for grid        1:         313492          cutoff [a.u.]          300.00
 count for grid        2:         263729          cutoff [a.u.]          100.00
 count for grid        3:         281868          cutoff [a.u.]           33.33
 count for grid        4:         163559          cutoff [a.u.]           11.11
 total gridlevel count  :        1022648

 -------------------------------------------------------------------------------
 -                                                                             -
 -                         MESSAGE PASSING PERFORMANCE                         -
 -                                                                             -
 -------------------------------------------------------------------------------

 ROUTINE             CALLS      AVE VOLUME [Bytes]
 MP_Group               24
 MP_Bcast              278                 201477.
 MP_Allreduce       112313                  38601.
 MP_Sync                50
 MP_Alltoall           931               20563657.
 MP_SendRecv          5292                 126432.
 MP_ISendRecv         5292                 126432.
 MP_Wait              9497
 MP_comm_split          12
 MP_ISend             3616                 660585.
 MP_IRecv             3616                 660725.
 -------------------------------------------------------------------------------


 -------------------------------------------------------------------------------
 -                                                                             -
 -                           R E F E R E N C E S                               -
 -                                                                             -
 -------------------------------------------------------------------------------
 
 CP2K version 2026.2 (Development Version), the CP2K developers group (2026).
 CP2K is freely available from https://www.cp2k.org/ .
 
 M. Iannuzzi, J. Wilhelm, F. Stein, A. Bussy, H. Elgabarty, D. Golze, A. Hehn, 
 M. Graml, S. Marek, B. Sertcan Gökmen, C. Schran, H. Forbert, R. Z. 
 Khaliullin, A. Kozhevnikov, M. Taillefumier, R. Meli, V. V. Rybkin, M. Brehm, 
 R. Schade, O. Schütt, J. V. Pototschnig, H. Mirhosseini, A. Knüpfer, D. Marx, 
 M. Krack, J. Hutter, T. D. Kühne.
 J. Phys. Chem. B 130, 1237-1310 (2026).
 The CP2K Program Package Made Simple.
 https://doi.org/10.1021/acs.jpcb.5c05851

 M. Graml, K. Zollner, D. Hernangómez-Pérez, P. E. Faria Junior, J. Wilhelm.
 J. Chem. Theory Comput. 20, 2202-2208 (2024).
 Low-scaling GW algorithm applied to twisted transition-metal dichalcogenide 
 heterobilayers.
 https://doi.org/10.1021/acs.jctc.3c01230

 T. D. Kühne, M. Iannuzzi, M. Del Ben, V. V. Rybkin, P. Seewald, F. Stein, T. 
 Laino, R. Z. Khaliullin, O. Schütt, F. Schiffmann, D. Golze, J. Wilhelm, S. 
 Chulkov, M. H. Bani-Hashemian, V. Weber, U. Borstnik, M. Taillefumier, A. S. 
 Jakobovits, A. Lazzaro, H. Pabst, T. Müller, R. Schade, M. Guidon, S. 
 Andermatt, N. Holmberg, G. K. Schenter, A. Hehn, A. Bussy, F. Belleflamme, G. 
 Tabacchi, A. Glöß, M. Lass, I. Bethune, C. J. Mundy, C. Plessl, M. Watkins, 
 J. VandeVondele, M. Krack, J. Hutter.
 J. Chem. Phys. 152, 194103 (2020).
 CP2K: An electronic structure and molecular dynamics software package - 
 Quickstep: Efficient and accurate electronic structure calculations.
 https://doi.org/10.1063/5.0007045

 O. Schuett, P. Messmer, J. Hutter, J. VandeVondele.
 Electronic Structure Calculations on Graphics Processing Units, 173-190 (2016).
 GPU-Accelerated Sparse Matrix-Matrix Multiplication for Linear Scaling Density 
 Functional Theory.
 https://doi.org/10.1002/9781118670712.ch8

 A. Heinecke, G. Henry, M. Hutchinson, H. Pabst.
 Proceedings of Intl. Supercomputing Conference, 981-991 (2016).
 LIBXSMM: Accelerating Small Matrix Multiplications by Runtime Code Generation.
 https://doi.org/10.1109/SC.2016.83

 U. Borstnik, J. VandeVondele, V. Weber, J. Hutter.
 Parallel Comput. 40, 47-58 (2014).
 Sparse matrix multiplication: The distributed block-compressed sparse row 
 library.
 https://doi.org/10.1016/j.parco.2014.03.012

 A. Marek, V. Blum, R. Johanni, V. Havu, B. Lang, T. Auckenthaler, A. Heinecke, 
 H. Bungartz, H. Lederer.
 J. Phys. Condens. Matter 26, 213201 (2014).
 The ELPA library: scalable parallel eigenvalue solutions for electronic 
 structure theory and computational science.
 https://doi.org/10.1088/0953-8984/26/21/213201

 J. VandeVondele, J. Hutter.
 J. Chem. Phys. 127, 114105 (2007).
 Gaussian basis sets for accurate calculations on molecular systems in gas and 
 condensed phases.
 https://doi.org/10.1063/1.2770708

 J. VandeVondele, M. Krack, F. Mohamed, M. Parrinello, T. Chassaing, J. Hutter.
 Comput. Phys. Commun. 167, 103-128 (2005).
 QUICKSTEP: Fast and accurate density functional calculations using a mixed 
 Gaussian and plane waves approach.
 https://doi.org/10.1016/j.cpc.2004.12.014

 M. Krack.
 Theor. Chem. Acc. 114, 145-152 (2005).
 Pseudopotentials for H to Kr optimized for gradient-corrected 
 exchange-correlation functionals.
 https://doi.org/10.1007/s00214-005-0655-y

 M. Frigo, S. G. Johnson.
 Proc. IEEE 93, 216-231 (2005).
 The design and implementation of FFTW3.
 https://doi.org/10.1109/JPROC.2004.840301

 C. Hartwigsen, S. Goedecker, J. Hutter.
 Phys. Rev. B 58, 3641-3662 (1998).
 Relativistic separable dual-space Gaussian pseudopotentials from H to Rn.
 https://doi.org/10.1103/PhysRevB.58.3641

 G. Lippert, J. Hutter, M. Parrinello.
 Mol. Phys. 92, 477-487 (1997).
 A hybrid Gaussian and plane wave density functional scheme.
 https://doi.org/10.1080/002689797170220

 S. Goedecker, M. Teter, J. Hutter.
 Phys. Rev. B 54, 1703-1710 (1996).
 Separable dual-space Gaussian pseudopotentials.
 https://doi.org/10.1103/PhysRevB.54.1703

 J. P. Perdew, K. Burke, M. Ernzerhof.
 Phys. Rev. Lett. 77, 3865-3868 (1996).
 Generalized gradient approximation made simple.
 https://doi.org/10.1103/PhysRevLett.77.3865

 P. E. Blöchl.
 J. Chem. Phys. 103, 7422-7428 (1995).
 Electrostatic decoupling of periodic images of plane‐wave‐expanded 
 densities and derived atomic point charges.
 https://doi.org/10.1063/1.470314

 R. H. Byrd, P. H. Lu, J. Nocedal, C. Y. Zhu.
 SIAM J. Sci. Comput. 16, 1190-1208 (1995).
 A Limited Memory Algorithm for Bound Constrained Optimization.
 https://doi.org/10.1137/0916069

 C. G. Broyden.
 Math. Comput. 19, 577-593 (1965).
 A class of methods for solving nonlinear simultaneous equations.
 https://doi.org/10.1090/S0025-5718-1965-0198670-6


 -------------------------------------------------------------------------------
 -                                                                             -
 -                                T I M I N G                                  -
 -                                                                             -
 -------------------------------------------------------------------------------
 SUBROUTINE                       CALLS  ASD         SELF TIME        TOTAL TIME
                                MAXIMUM       AVERAGE  MAXIMUM  AVERAGE  MAXIMUM
 CP2K                                 1  1.0    0.068    0.087 2657.001 2657.361
 run_propagation_linearized_bse       1  2.0    0.160    0.649 2651.533 2656.722
 solve_rk4_timestep                2759  3.0    0.078    0.126 2486.352 2486.798
 build_shared_sex_and_hartree     11036  4.0    0.144    0.185 2095.862 2097.071
 compute_sigma_ri_rs_complex      11036  5.0    0.133    0.247 1792.840 1794.079
 compute_sigma_ri_rs              22072  6.0    0.706    0.873 1790.956 1791.888
 dbcsr_multiply_generic          110889  7.8    4.441    4.825 1700.827 1749.234
 dbcsr_contract_ABA               44145  7.0    0.321    0.384 1591.155 1637.056
 multiply_cannon                 110889  8.8    9.441   11.273 1038.414 1099.437
 multiply_cannon_loop            110889  9.8    8.798   10.261  935.243  993.944
 mp_waitall_1                   8877029 12.0  672.391  778.342  672.391  778.342
 multiply_cannon_metrocomm3      887112 10.8    1.080    1.249  331.304  525.974
 parallel_gemm_fm_cosma          177107  6.0  513.280  515.404  513.280  515.404
 make_m2s                        221778  8.8    2.527    2.765  417.976  432.946
 make_images                     221778  9.8   28.326   40.110  413.495  428.280
 multiply_cannon_multrec         887112 10.8  335.584  399.522  337.234  400.753
 update_effective_ham_MO          11036  4.0    0.207    0.304  390.358  391.270
 multiply_cannon_metrocomm1      887112 10.8    1.202    1.376  162.111  332.444
 mp_sum_l                        332919  8.8  196.368  281.209  196.368  281.209
 transform_ao_to_mo_covariant_c   22072  5.0    0.102    0.122  263.023  264.066
 make_images_data                221778 10.8    2.001    2.158  198.931  262.665
 transform_mo_to_ao_contravaria   22073  5.0    0.080    0.091  247.308  248.815
 make_images_sizes               221778 10.8    0.171    0.211  170.315  205.756
 mp_alltoall_i44                 221778 11.8  170.144  205.611  170.144  205.611
 hybrid_alltoall_any             266074 11.3    7.673   64.535  139.065  203.897
 compute_hartree_ri_rs_from_dia   11036  5.0    0.120    0.141  181.128  182.612
 hartree_potential_from_diag_ri   22072  6.0    7.589    9.843  180.270  181.833
 copy_dbcsr_to_fm                 44292  7.0    0.579    0.715  132.971  165.212
 qs_energies                          1  3.0    0.013    0.016  147.118  147.139
 qs_energies_properties               1  4.0    0.005    0.007  128.675  128.691
 post_scf_bandstructure               1  5.0    0.009    0.012  128.670  128.686
 gw                                   1  6.0    0.003    0.006  128.033  128.051
 gw_calc_non_periodic_ri_rs           1  7.0    0.004    0.005  126.846  126.946
 ri_rs_grid_assembler                 1  8.0    0.001    0.003  111.198  111.296
 optimize_ri_rs_grid                  1  9.0    3.025    4.124  111.182  111.285
 evaluate_rirs_grid_cluster         603 10.0   74.022  106.800   74.022  106.800
 dbcsr_complete_redistribute      66601  8.0   17.113   19.654  102.586  104.214
 calculate_norms                1772592 10.8   79.390  100.205   79.390  100.205
 mp_sum_d                         23194  4.1   35.465   98.440   35.465   98.440
 mp_alltoall_i22                 110897  9.0   60.687   91.809   60.687   91.809
 dbcsr_desymmetrize_deep          44296  8.0    3.576    4.664   56.922   87.499
 mp_isend_dv                    2666480 12.2   14.553   80.888   14.553   80.888
 mp_allgather_i34                110889  9.8   53.721   78.901   53.721   78.901
 multiply_cannon_metrocomm2      776223 10.8    1.507    1.802   12.405   66.497
 mp_sum_dv                        88640  7.0   51.708   66.020   51.708   66.020
 mp_irecv_dv                    2665434 12.2    3.797   59.245    3.797   59.245
 buffer_matrices_ensure_size     221778  9.8   31.099   54.084   31.099   54.084
 hadamard_product_inplace         22072  7.0   25.678   34.631   25.713   34.669
 copy_fm_to_dbcsr                 22309  7.0    0.104    0.127   32.752   34.397
 multiply_cannon_metrocomm4      776223 10.8    1.315    1.628    4.002   30.859
 mp_alltoall_d11v                332775  9.4   26.149   26.957   26.149   26.957
 mp_cart_sub                      88599  9.0   25.843   26.020   25.843   26.020
 dbcsr_data_release             8313053 10.7    5.524   25.903    5.524   25.903
 dbcsr_destroy                  1043073  8.8    1.213    1.342    5.508   25.877
 dbcsr_finalize                  223337  8.9    1.152    1.241   20.848   23.594
 make_images_pack                221778 10.8    8.766   19.734    9.795   20.571
 dbcsr_set                        88948  8.5    0.094    0.117   13.456   20.102
 dbcsr_zero                       88948  9.5   13.363   20.004   13.363   20.004
 dbcsr_add_wm_from_matrix         22278  9.0    8.746   15.989   13.686   19.966
 dbcsr_merge_all                 178700  9.9    5.902    7.730   16.874   19.168
 scf_env_do_scf                       1  4.0    0.001    0.001   17.476   17.478
 scf_env_do_scf_inner_loop           41  5.0    0.003    0.005   17.475   17.478
 dbcsr_copy                      266248  8.5    9.670   11.555   10.549   12.476
 dbcsr_fill_wm_from_matrix        22278 10.0    4.291   12.024    4.400   12.110
 mp_isend_iv                    2929172 11.8    2.484   11.056    2.484   11.056
 print_ft                             1  3.0    0.003    0.028    6.049   10.999
 greenx_refine_ft                     3  4.0    6.046   10.997    6.046   10.997
 mp_alltoall_i11v                244099  9.0   10.372   10.647   10.372   10.647
 dbcsr_scale_anytype              45169  8.6    3.601    5.582    5.644    7.587
 dbcsr_create_new               1087452  9.6    4.137    4.499    5.917    7.168
 qs_ks_build_kohn_sham_matrix        42  8.0    0.008    0.011    7.099    7.111
 qs_ks_update_qs_env                 41  6.0    0.000    0.001    7.034    7.044
 rebuild_ks_matrix                   41  7.0    0.000    0.000    7.028    7.038
 mp_cart_create                   44322  9.0    6.125    7.000    6.125    7.000
 dbcsr_sort_data                  88747 10.8    5.005    6.735    5.005    6.735
 fft_wrap_pw1pw2                    748 11.1    0.007    0.009    6.417    6.514
 dbcsr_data_new                 5051004 10.2    2.756    6.445    2.756    6.445
 fft_wrap_pw1pw2_300                496 12.4    0.378    0.557    6.078    6.174
 fft3d_ps                           748 13.1    1.524    1.913    5.562    5.792
 cp_fm_write_formatted             5518  3.0    5.131    5.213    5.166    5.519
 mp_max_l                            22  1.8    4.951    5.510    4.951    5.510
 qs_scf_new_mos                      41  6.0    0.001    0.001    5.457    5.476
 eigensolver_symm                    41  7.0    0.003    0.004    5.259    5.264
 compute_Sigma_c_and_QP_energie       1  8.0    0.000    0.000    5.220    5.225
 multiply_cannon_multrec_finali  110889 11.8    0.192    0.242    1.650    5.193
 compute_W                            1  8.0    0.000    0.000    5.120    5.133
 dbcsr_mm_multrec_finalize       110889 12.8    0.784    0.974    1.458    5.073
 cp_fm_diag_elpa                     45  8.0    0.000    0.000    4.950    4.957
 cp_fm_diag_elpa_base                45  9.0    4.896    4.912    4.935    4.936
 cp_fm_write_unformatted           5523  3.0    4.261    4.335    4.317    4.799
 tree_to_linear_d                 66622 11.0    3.579    4.644    3.579    4.644
 compute_Sigma_c                      1  9.0    0.001    0.002    4.509    4.509
 dbcsr_work_create               444774  9.9    1.803    2.168    2.664    4.454
 dbcsr_mm_sched_finalize         110889 13.8    0.510    4.388    0.510    4.388
 qs_vxc_create                       42  9.0    0.003    0.006    4.197    4.222
 xc_vxc_pw_create                    41 10.0    0.055    0.066    4.193    4.220
 mp_alltoall_z22v                   748 15.1    3.580    4.165    3.580    4.165
 contract_grid_panels_sigma_c        30 10.0    0.002    0.002    3.956    3.975
 setup_rec_index_2d              221778  9.8    3.445    3.946    3.445    3.946
 dbcsr_special_finalize          221778 10.8    0.242    0.293    3.466    3.803
 dbcsr_iterator_start           1065887  9.9    2.303    2.823    3.052    3.746
 qs_rho_update_rho_low               42  6.0    0.000    0.001    3.669    3.673
 calculate_rho_elec                  42  7.0    0.045    0.051    3.669    3.672
 quick_finalize                  266074 11.5    0.681    0.813    3.374    3.658
 copy_dbcsr_to_fm_bc              44292  8.0    2.452    3.335    2.653    3.532
 get_mat_chi_Gamma_tau                1  8.0    0.000    0.001    3.478    3.479
 compute_fm_W_freq                   30  9.0    0.001    0.001    3.464    3.468
 dbcsr_mm_multrec_init           110889  9.8    0.135    0.179    2.531    3.330
 xc_pw_derive                       246 12.0    0.001    0.001    3.169    3.256
 contract_grid_panels                31  9.0    0.001    0.002    3.180    3.210
 dbcsr_mm_csr_init               110889 10.8    1.186    1.580    2.396    3.151
 cp_cfm_to_fm                     77257  5.6    1.899    3.113    1.899    3.113
 dbcsr_iterator_stop            1065887  9.9    2.103    2.883    2.270    3.041
 dbcsr_sort_indices              532698 11.7    2.772    2.994    2.772    2.994
 dbcsr_work_destroy_all          444774 10.9    1.765    2.084    2.517    2.988
 setup_buffer_matrices           221778  9.8    0.608    0.795    1.628    2.794
 dbcsr_new_transposed             66501  8.7    0.602    0.664    2.487    2.692
 x_to_yz                            372 14.2    0.304    0.372    2.249    2.550
 cp_cfm_transpose                 22072  5.0    1.390    2.458    1.390    2.458
 cp_fm_to_cfm                     88293  6.0    1.779    2.343    1.779    2.343
 dbcsr_data_copy_aa2              89176 11.0    1.378    2.312    1.378    2.312
 xc_pw_divergence                    41 11.0    0.001    0.001    2.209    2.280
 dbcsr_make_untransposed_blocks  133155  8.8    1.071    1.172    1.886    2.046
 density_rs2pw                       42  8.0    0.001    0.002    1.849    2.026
 copy_fm_to_dbcsr_bc              22309  8.0    0.742    1.094    1.646    2.011
 yz_to_x                            292 14.1    0.111    0.134    1.703    2.006
 sum_up_and_integrate                42  9.0    0.001    0.001    1.991    2.002
 integrate_v_rspace                  42 10.0    0.001    0.001    1.984    1.996
 xc_rho_set_and_dset_create          41 11.0    0.043    0.061    1.895    1.957
 dbcsr_make_index_list           221778  9.8    1.774    1.904    1.774    1.904
 grid_collocate_task_list            42  8.0    1.729    1.879    1.729    1.879
 mp_irecv_iv                    2928052 11.8    1.104    1.774    1.104    1.774
 cp_fm_trace_a0b0t0               16560  3.0    0.115    0.281    1.186    1.678
 compute_Z_lP                         1  8.0    0.000    0.001    1.550    1.561
 compute_Z_lP_standard                1  9.0    0.002    0.004    1.549    1.561
 fill_hash_tables                110889 11.8    1.052    1.434    1.052    1.434
 gspace_mixing                       40  6.0    0.042    0.048    1.396    1.396
 potential_pw2rs                     42 11.0    0.006    0.007    1.390    1.392
 create_and_init_bs_env_for_gw        1  7.0    0.000    0.000    1.185    1.240
 dbcsr_get_diag                   22072  7.0    1.007    1.204    1.032    1.231
 dbcsr_make_index_exist         1087452 10.6    1.024    1.191    1.024    1.191
 mp_recv_dv                       88375  4.0    0.017    1.117    0.017    1.117
 dbcsr_scale_d                    22104  7.0    0.036    0.045    1.012    1.103
 cp_fm_transpose                  16561  3.0    0.483    1.073    0.483    1.073
 cp_fm_cholesky_invert               31 10.0    1.053    1.059    1.053    1.059
 cp_cfm_scale_and_add             85542  5.0    0.665    0.970    0.665    0.970
 mp_sum_iv                       110911  9.8    0.791    0.946    0.791    0.946
 dbcsr_iterator_seek            1065887 10.9    0.750    0.939    0.750    0.939
 transfer_rs2pw                     170  9.0    0.002    0.002    0.744    0.908
 mp_comm_free                    132979  9.0    0.715    0.883    0.715    0.883
 build_G_ao                         121  9.5    0.001    0.001    0.838    0.876
 broyden_mixing                      40  7.0    0.689    0.836    0.799    0.863
 setup_time_and_frequency_minim       1  8.0    0.002    0.003    0.751    0.806
 build_minimax_time_frequency_g       1  9.0    0.001    0.002    0.749    0.804
 fit_l_sq_weights                     3 10.0    0.747    0.803    0.747    0.803
 dbcsr_reserve_all_blocks         22312  9.0    0.071    0.091    0.566    0.728
 transpose_index_local            66501  9.7    0.231    0.261    0.573    0.724
 mp_waitany                        3588 12.5    0.556    0.724    0.556    0.724
 compute_QP_energies                  1  9.0    0.000    0.000    0.711    0.716
 dbcsr_distribution_new          399982  8.8    0.624    0.705    0.624    0.705
 qs_ks_ddapc                         42  9.0    0.001    0.001    0.678    0.702
 compute_d_lp                         3 10.0    0.328    0.452    0.505    0.700
 G_occ_vir                          121 10.5    0.025    0.046    0.656    0.699
 transfer_pw2rs                     169 12.0    0.001    0.001    0.665    0.669
 dbcsr_reserve_blocks             22326 10.0    0.466    0.597    0.496    0.653
 mp_sync                             50  9.8    0.297    0.645    0.297    0.645
 merge_index                     178700 10.9    0.557    0.642    0.557    0.642
 get_electron_number_MO            2759  3.0    0.011    0.015    0.418    0.629
 release_dbcsr_topology_and_mat   66219  7.0    0.082    0.094    0.426    0.594
 grid_integrate_task_list            42 11.0    0.533    0.565    0.533    0.565
 init_scf_run                         1  4.0    0.001    0.002    0.549    0.550
 to_Gamma_and_mo_real                62 10.0    0.002    0.002    0.549    0.549
 mp_send_dv                       11041  4.0    0.073    0.523    0.073    0.523
 cp_fm_cholesky_decompose            33 10.0    0.474    0.510    0.474    0.510
 transfer_rs2pw_300                  44  9.9    0.077    0.087    0.352    0.498
 cp_fm_symm                          41  8.0    0.472    0.478    0.472    0.478
 dbcsr_make_dbcsr_index          533683 11.7    0.420    0.455    0.420    0.455
 dbcsr_switch_data_area          554517 11.1    0.230    0.294    0.346    0.403
 xc_functional_eval                  41 12.0    0.000    0.001    0.311    0.361
 pbe_lda_eval                        41 13.0    0.311    0.360    0.311    0.360
 cp_fm_create                     33591  6.1    0.278    0.354    0.278    0.354
 mp_bcast_dm                          2 11.5    0.249    0.351    0.249    0.351
 eval_bandstructure_properties        1  6.0    0.000    0.000    0.347    0.347
 transfer_pw2rs_300                  43 12.9    0.088    0.106    0.321    0.338
 qs_energies_init_hamiltonians        1  4.0    0.006    0.009    0.329    0.330
 abc_contract_xsmm                60436 10.2    0.218    0.329    0.218    0.329
 cp_cfm_geeig                         1  7.0    0.000    0.000    0.310    0.311
 dbcsr_get_local_cols            110889  8.8    0.273    0.306    0.273    0.306
 qs_env_update_s_mstruct              1  5.0    0.000    0.000    0.289    0.300
 RI_2c_integral_mat                   4  7.2    0.004    0.006    0.272    0.294
 build_gram_jacobi_blas               3 10.0    0.125    0.149    0.242    0.288
 multrec_filtering                88714 13.8    0.165    0.284    0.165    0.284
 create_and_init_bs_env               1  6.0    0.003    0.005    0.281    0.282
 dbcsr_get_local_rows            110889  8.8    0.251    0.279    0.251    0.279
 compute_Sigma_x                      1  8.0    0.000    0.000    0.256    0.278
 get_RI_basis                         1  8.0    0.000    0.001    0.275    0.276
 compute_Minv_Gamma                   1  9.0    0.002    0.003    0.270    0.272
 cp_cfm_heevd                         1  8.0    0.000    0.000    0.255    0.255
 cp_cfm_heevd_base                    1  9.0    0.255    0.255    0.255    0.255
 setup_square_topology            44270  7.0    0.160    0.189    0.224    0.253
 diagonalize_ks_matrix                1  7.0    0.000    0.000    0.251    0.252
 cp_fm_geeig_canon                    1  8.0    0.000    0.000    0.251    0.252
 build_phi_on_sphere                  3 10.0    0.011    0.014    0.197    0.248
 cp_ddapc_apply_CD                   42 10.0    0.001    0.006    0.238    0.244
 evaluate_ao_on_points              372 11.0    0.189    0.241    0.189    0.241
 pw_gather_p                        334 12.8    0.203    0.240    0.203    0.240
 pw_integral_ab_c1d_c1d_gs           84 10.5    0.154    0.175    0.210    0.229
 qs_init_subsys                       1  2.0    0.031    0.043    0.224    0.227
 compute_fm_chi_Gamma_freq           30  9.0    0.001    0.001    0.220    0.224
 transfer_rs2pw_40                   42 10.0    0.060    0.068    0.210    0.224
 dbcsr_mm_sched_init             110889 11.8    0.117    0.177    0.158    0.220
 qs_env_setup                         1  3.0    0.009    0.014    0.184    0.217
 build_2c_integrals                   4  8.2    0.029    0.196    0.210    0.216
 qs_env_rebuild_pw_env                2  4.0    0.000    0.000    0.171    0.211
 pw_env_rebuild                       1  5.0    0.012    0.016    0.170    0.211
 dbcsr_make_index_local_row      221778  9.8    0.167    0.205    0.167    0.205
 fft_wrap_pw1pw2_100                 84 11.5    0.009    0.011    0.193    0.202
 mp_sendrecv_dv                    5292 11.0    0.192    0.202    0.192    0.202
 compute_Z_lP_standard_dpotrf         3 10.0    0.187    0.201    0.187    0.201
 pw_poisson_solve                    42  9.0    0.001    0.001    0.189    0.192
 scf_env_initial_rho_setup            1  5.0    0.001    0.003    0.176    0.191
 parser_read_line                 20940  4.0    0.002    0.002    0.139    0.190
 pw_grid_setup                        4  6.0    0.000    0.000    0.147    0.190
 pw_grid_setup_internal               4  7.0    0.001    0.001    0.147    0.189
 parser_read_line_low                26  5.1    0.001    0.018    0.137    0.188
 broadcast_input_information         26  6.1    0.011    0.025    0.137    0.187
 hadamard_product                    91 10.7    0.114    0.147    0.149    0.186
 dbcsr_get_data_size_used        222996  9.9    0.155    0.185    0.155    0.185
 cp_ddapc_init                        1  6.0    0.000    0.000    0.157    0.179
 cp_ddapc_create                      1  7.0    0.000    0.000    0.157    0.179
 pw_scatter_p                       414 13.3    0.150    0.178    0.150    0.178
 gw_3c_ctx_create                     2 10.0    0.002    0.139    0.081    0.177
 compute_d_lp_dgemm                1724 11.0    0.123    0.169    0.123    0.169
 transfer_pw2rs_40                   42 13.0    0.066    0.073    0.160    0.166
 transfer_pw2rs_100                  42 13.0    0.032    0.038    0.144    0.164
 cp_fm_uplo_to_full                 106 10.0    0.101    0.154    0.101    0.154
 build_gram_jacobi_blas_dsyrk         3 11.0    0.117    0.153    0.117    0.153
 cp_fm_geeig                          1 10.0    0.000    0.000    0.152    0.152
 create_qs_kind_set                   1  2.0    0.000    0.001    0.130    0.145
 read_qs_kind                         2  3.0    0.024    0.034    0.129    0.145
 pw_copy                            667 11.6    0.133    0.142    0.133    0.142
 transfer_rs2pw_100                  42 10.0    0.029    0.034    0.119    0.141
 extract_grid_panel                 122 10.5    0.069    0.117    0.083    0.136
 mp_sum_dm                           42  7.9    0.089    0.132    0.089    0.132
 compute_V_MinvVsqrt                  1  9.0    0.001    0.004    0.128    0.130
 pw_derive                          372 12.3    0.113    0.127    0.113    0.127
 mask_mo_block_cfm                33108  5.0    0.057    0.121    0.057    0.121
 collect_used_col_blocks             92 10.7    0.001    0.002    0.063    0.119
 calculate_dm_sparse                 41  7.0    0.000    0.000    0.112    0.115
 dbcsr_add_d                        931 10.0    0.001    0.001    0.106    0.114
 cp_dbcsr_plus_fm_fm_t               41  8.0    0.001    0.001    0.111    0.114
 dbcsr_binary_write                   1 10.0    0.102    0.114    0.102    0.114
 dbcsr_add_anytype                  931 11.0    0.043    0.050    0.105    0.114
 dbcsr_get_global_row_map        110889  8.8    0.089    0.114    0.089    0.114
 initialize_sex_selfenergy            1  3.0    0.000    0.000    0.110    0.110
 rt_bse_ri_rs_ensure_W0_grid          1  4.0    0.000    0.000    0.110    0.110
 rs_gather_matrices                  42 11.0    0.001    0.002    0.060    0.105
 calculate_rho_core                   1  6.0    0.010    0.012    0.089    0.104
 extract_masked_blocks              244 10.6    0.055    0.078    0.073    0.098
 modify_hartree_pot                  42 11.0    0.068    0.098    0.068    0.098
 mp_bcast_i_src                     104  7.1    0.046    0.098    0.046    0.098
 ddapc_eval_AmI                       1  8.0    0.007    0.010    0.069    0.094
 ewald_ddapc_pot                      1  8.0    0.056    0.083    0.086    0.088
 mp_bcast_am_src                     26  7.1    0.073    0.082    0.073    0.082
 fft_wrap_pw1pw2_20                  84 11.5    0.001    0.001    0.075    0.081
 dbcsr_get_global_col_map        110889  8.8    0.049    0.079    0.049    0.079
 topology_control                     1  2.0    0.009    0.012    0.065    0.078
 cp_cfm_zscale                    22072  5.0    0.042    0.078    0.042    0.078
 compute_V_xc                         1  8.0    0.000    0.000    0.074    0.075
 dbcsr_mm_hostdrv_init           110889 12.8    0.040    0.075    0.040    0.075
 scf_post_calculation_gpw             1  4.0    0.000    0.000    0.073    0.074
 fft_wrap_pw1pw2_40                  84 11.5    0.002    0.002    0.064    0.071
 pw_copy_from_array                 414 13.3    0.055    0.070    0.055    0.070
 write_available_results              1  5.0    0.000    0.001    0.068    0.069
 transfer_rs2pw_20                   42 10.0    0.020    0.022    0.061    0.067
 write_mo_free_results                1  6.0    0.005    0.006    0.064    0.066
 coordinate_control                   1  3.0    0.001    0.002    0.038    0.066
 coordinate_control_READ_COORDI       1  4.0    0.003    0.003    0.037    0.066
 read_coordinate_xyz                  1  5.0    0.001    0.001    0.034    0.065
 get_ddapc                           42 11.0    0.001    0.001    0.059    0.065
 pw_poisson_set                      43  9.9    0.000    0.001    0.059    0.062
 fill_fm_Sigma_c_Gamma_time           1 10.0    0.000    0.000    0.060    0.060
 pw_axpy                            415 10.3    0.056    0.059    0.056    0.059
 pw_copy_to_array                   334 12.8    0.050    0.058    0.050    0.058
 read_gw_input_parameters             1  8.0    0.000    0.000    0.056    0.057
 mp_bcast_b_src                      87  8.6    0.024    0.057    0.024    0.057
 fm_write                             1  9.0    0.000    0.002    0.033    0.056
 read_rirs_grid_opt                   1  9.0    0.055    0.055    0.055    0.055
 initialize_rtbse_env                 1  3.0    0.052    0.053    0.054    0.054
 initialize_hartree_potential         1  3.0    0.000    0.000    0.053    0.053
 rt_bse_ri_rs_ensure_V_grid           1  4.0    0.000    0.000    0.053    0.053
 mp_isend_dm3                       852 12.5    0.038    0.053    0.038    0.053
 parallel_gemm_cfm                   16  6.5    0.000    0.000    0.051    0.051
 parallel_gemm_cfm_cosma             16  7.5    0.051    0.051    0.051    0.051
 calculate_first_density_matrix       1  6.0    0.003    0.005    0.038    0.051
 pw_grid_sort                         4  8.0    0.032    0.033    0.046    0.050
 pw_grid_remap                        4  8.0    0.001    0.001    0.046    0.050
 qs_create_task_list                  1  6.0    0.007    0.012    0.043    0.049
 mp_sum_im3                           5  9.2    0.045    0.049    0.045    0.049
 get_ddapc-charges                   42 12.0    0.007    0.009    0.047    0.048
 initialize_moments                   1  3.0    0.004    0.005    0.047    0.048
 cube_transpose_1                    42 15.0    0.001    0.001    0.040    0.046
 generate_qs_task_list                1  7.0    0.002    0.004    0.035    0.045
 distribute_tasks                     1  8.0    0.000    0.000    0.033    0.043
 transfer_pw2rs_20                   42 13.0    0.012    0.013    0.040    0.042
 cp_fm_scale_and_add                935  9.9    0.038    0.040    0.038    0.040
 Fourier_transform_w_to_t            30  9.0    0.001    0.001    0.038    0.040
 build_core_hamiltonian_matrix        1  5.0    0.005    0.007    0.033    0.040
 compute_Z_lP_standard_dpotrs         3 10.0    0.032    0.039    0.032    0.039
 compute_proj_mo_on_kind              1  7.0    0.000    0.001    0.035    0.035
 mp_sum_i                           409  9.9    0.021    0.033    0.021    0.033
 mixing_init                          1  6.0    0.031    0.033    0.033    0.033
 dbcsr_dot                           83  9.0    0.003    0.003    0.013    0.032
 pw_zero                            206 11.4    0.027    0.031    0.027    0.031
 calculate_atomic_block_dm            1  7.0    0.013    0.018    0.030    0.031
 rs_scatter_matrices                 42  8.0    0.001    0.002    0.021    0.031
 rs_grid_zero                        87 13.8    0.028    0.030    0.028    0.030
 cp_cfm_cholesky_decompose            2  8.0    0.027    0.029    0.027    0.029
 cp_cfm_triangular_multiply           3  8.0    0.029    0.029    0.029    0.029
 build_b_vector                      42 13.0    0.019    0.029    0.019    0.029
 create_local_tasks                   1  9.0    0.000    0.000    0.023    0.029
 mp_alltoall_l11v                     1 10.0    0.023    0.029    0.023    0.029
 mp_sum_im                            8  7.5    0.028    0.028    0.028    0.028
 hirshfeld_integration                1  7.0    0.015    0.021    0.027    0.027
 calculate_hirshfeld_normalizat       1  7.0    0.015    0.021    0.026    0.027
 transform_ao_to_mo_covariant_f       6  4.0    0.000    0.000    0.025    0.026
 mp_max_i                           615  1.8    0.014    0.025    0.014    0.025
 mp_alltoall_z11v                    84 14.5    0.023    0.024    0.023    0.024
 build_A_matrix                       1  9.0    0.014    0.023    0.014    0.023
 build_grid_cache                     1  9.0    0.007    0.008    0.016    0.023
 connectivity_control                 1  3.0    0.002    0.003    0.016    0.023
 cp_fm_redistribute_start            45  9.0    0.000    0.000    0.014    0.022
 create_tensors                       1  8.0    0.000    0.000    0.021    0.021
 load_balance_distributed             2  9.0    0.000    0.000    0.009    0.020
 build_overlap_matrix_low             1  6.0    0.013    0.017    0.014    0.019
 sort_shells                          4  9.0    0.014    0.019    0.014    0.019
 check_positive_definite_overla       1  7.0    0.000    0.000    0.017    0.018
 get_current_loads                   12 10.0    0.001    0.004    0.008    0.018
 mp_maxloc_dv                      1517  1.0    0.018    0.018    0.018    0.018
 apply_delta_pulse_MO                 1  3.0    0.000    0.000    0.018    0.018
 propagate_density                    1  4.0    0.000    0.000    0.018    0.018
 bch_propagate                        1  5.0    0.000    0.000    0.018    0.018
 compute_load_list                    4 10.0    0.000    0.000    0.007    0.018
 cp_fm_gemm                           3  9.0    0.017    0.017    0.017    0.017
 mp_mem_avail_per_rank_GB             4  9.8    0.001    0.001    0.015    0.017
 yz_to_xz                            42 15.0    0.002    0.002    0.015    0.017
 create_3c_t                          2  9.0    0.003    0.004    0.016    0.016
 mp_comm_split_type                   4 10.8    0.014    0.016    0.014    0.016
 read_rirs_grid_file                  2 10.0    0.008    0.016    0.008    0.016
 cp_fm_triangular_multiply            3 11.0    0.015    0.015    0.015    0.015
 mp_irecv_dm3                       852 12.5    0.007    0.015    0.007    0.015
 analyt_conti_and_print               1 10.0    0.002    0.008    0.009    0.015
 topology_generate_bond               1  4.0    0.000    0.000    0.010    0.014
 cp_cfm_triangular_invert             1  8.0    0.013    0.014    0.013    0.014
 topology_generate_bond_3             1  5.0    0.003    0.005    0.010    0.014
 rs_grid_create_descriptor            4  6.0    0.001    0.004    0.009    0.014
 mp_alltoall_l                       13 10.9    0.005    0.013    0.005    0.013
 mp_rank_compare                    748 14.1    0.011    0.012    0.011    0.012
 ab_contract                      51075  9.2    0.011    0.012    0.011    0.012
 write_mo_set_to_restart             41  6.0    0.001    0.004    0.008    0.012
 build_2c_coulomb_matrix_kp           1 10.0    0.000    0.000    0.009    0.011
 pw_multiply_with                    42 10.0    0.010    0.011    0.010    0.011
 cp_fm_triangular_invert              1 11.0    0.010    0.011    0.010    0.011
 lattice_sum                          1 11.0    0.000    0.000    0.009    0.011
 write_mo_set_low                     3  7.0    0.000    0.000    0.006    0.011
 xz_to_yz                            42 12.0    0.001    0.001    0.010    0.011
 mp_max_d                           249  9.6    0.008    0.011    0.008    0.011
 cp_fm_copy_general                   4  8.2    0.000    0.000    0.007    0.010
 cp_fm_to_fm_matrix                 201 10.4    0.007    0.010    0.007    0.010
 mp_isendrecv_dv                   5292 14.0    0.003    0.010    0.003    0.010
 create_product_matrix              334 10.6    0.002    0.003    0.009    0.010
 build_fist_neighbor_lists            1  6.0    0.003    0.005    0.007    0.010
 dbcsr_crop_matrix                   82 11.0    0.001    0.001    0.009    0.010
 dbt_distribution_new_expert         10 11.5    0.000    0.000    0.009    0.009
 self_consistency_check              41  6.0    0.000    0.000    0.007    0.009
 compute_v_transl                     1 12.0    0.007    0.009    0.007    0.009
 check_for_restart_files              1  8.0    0.009    0.009    0.009    0.009
 cp_sm_mix                           41  7.0    0.001    0.002    0.007    0.009
 dbcsr_filter_anytype               203 10.0    0.001    0.002    0.008    0.009
 mp_bcast_iv_src                     26  7.1    0.007    0.008    0.007    0.008
 build_local_moment_matrix            2  4.0    0.005    0.008    0.005    0.008
 build_core_ppl                       1  6.0    0.006    0.008    0.006    0.008
 create_fm_W_MIC_time                 1  9.0    0.000    0.000    0.004    0.008
 evaluate_core_matrix_traces         41  7.0    0.000    0.000    0.006    0.008
 print_matrix_occupation              3  9.0    0.000    0.000    0.004    0.008
 mp_comm_size                     17636  4.6    0.006    0.008    0.006    0.008
 pw_grid_assign                       4  8.0    0.005    0.007    0.008    0.008
 calculate_ptrace_kp                 82  8.0    0.000    0.000    0.006    0.008
 create_3c_tensor                     2 10.0    0.003    0.004    0.008    0.008
 mulliken_population_analysis         1  7.0    0.000    0.000    0.005    0.007
 cp_fm_start_copy_general             4  9.2    0.003    0.003    0.005    0.007
 mp_comm_split_direct                 8 13.6    0.005    0.007    0.005    0.007
 restraint_control                    1  3.0    0.002    0.004    0.005    0.007
 pw_scale                           165 10.8    0.005    0.007    0.005    0.007
 atom_int_setup                       2  8.0    0.004    0.007    0.004    0.007
 dbt_pgrid_create_expert             13 11.9    0.002    0.003    0.006    0.007
 dbcsr_copy_submatrix                82 12.0    0.001    0.002    0.006    0.007
 dbt_tas_distribution_new            10 12.5    0.003    0.003    0.007    0.007
 continuation_pade                   27 11.0    0.000    0.000    0.003    0.007
 get_sigma_c_newton_pade             27 12.0    0.003    0.007    0.003    0.007
 atomic_basis_at_grid_point           1  8.0    0.000    0.001    0.006    0.007
 connectivity_control_check_ele       1  4.0    0.004    0.006    0.004    0.006
 mp_bcast_av                        759  1.0    0.005    0.006    0.005    0.006
 cfm_ikp_from_fm_Gamma                3  7.3    0.005    0.006    0.005    0.006
 build_kinetic_matrix_low             1  6.0    0.005    0.006    0.005    0.006
 mpools_rebuild_fm_pools              1  4.0    0.003    0.006    0.003    0.006
 scf_c_read_parameters                1  3.0    0.004    0.006    0.004    0.006
 get_parameters_from_qs_env           1  7.0    0.000    0.000    0.003    0.006
 write_mo_dependent_results           1  6.0    0.003    0.006    0.003    0.006
 mp_comm_rank                     17636  4.6    0.005    0.006    0.005    0.006
 allocate_and_fill_fm_ks_fm_s         1  7.0    0.000    0.000    0.005    0.006
 qs_scf_post_charges                  1  5.0    0.005    0.006    0.005    0.006
 build_neighbor_lists                 1  7.0    0.003    0.006    0.003    0.006
 calculate_atom                       2  8.0    0.000    0.000    0.004    0.005
 calculate_atom_restricted            2  9.0    0.003    0.005    0.004    0.005
 xc_pw_smooth                        41 11.0    0.000    0.000    0.004    0.005
 allocate_matrices                    1  9.0    0.004    0.005    0.004    0.005
 reserve_blocks_within_radius         1  5.0    0.002    0.004    0.003    0.005
 grid_free_task_list                  1  2.0    0.003    0.004    0.003    0.004
 create_2c_t                          1  9.0    0.000    0.000    0.004    0.004
 qs_scf_ensure_work_matrices          1  4.0    0.000    0.000    0.002    0.004
 dbcsr_make_images_dense             82 11.0    0.000    0.000    0.004    0.004
 pw_grid_distribute                   4  8.0    0.002    0.002    0.004    0.004
 create_2c_tensor                     3 10.0    0.000    0.000    0.004    0.004
 fill_phi_for_atom                    3  9.0    0.000    0.000    0.003    0.004
 get_fft_scratch                    749 14.1    0.004    0.004    0.004    0.004
 fm_add_on_diag                      60 10.0    0.004    0.004    0.004    0.004
 cube_transpose_2                    42 12.0    0.001    0.001    0.003    0.004
 dbcsr_make_dense_low                82 12.0    0.000    0.000    0.003    0.004
 mp_min_d                             5 10.0    0.002    0.004    0.002    0.004
 mp_sum_lv                          134  2.2    0.003    0.004    0.003    0.004
 pw_pool_create_pw                 1303 10.8    0.002    0.003    0.003    0.004
 dbt_tas_create_split                 6 13.2    0.000    0.000    0.004    0.004
 dbt_tas_create_split_rows_or_c       6 14.2    0.000    0.000    0.004    0.004
 mp_comm_dup                         10 11.9    0.003    0.004    0.003    0.004
 store_Z_lP_columns                   3 10.0    0.002    0.003    0.002    0.003
 distribute_molecules_2d              2  7.5    0.001    0.003    0.001    0.003
 scf_c_create                         1  3.0    0.002    0.003    0.002    0.003
 make_dense_data                     82 13.0    0.001    0.002    0.003    0.003
 write_dft_control                    1  3.0    0.000    0.003    0.000    0.003
 cp_fm_finish_copy_general            4  9.2    0.002    0.002    0.003    0.003
 mp_sum_b                           189 10.8    0.003    0.003    0.003    0.003
 populate_C_active                    1  3.0    0.000    0.000    0.002    0.003
 cp_fm_to_fm_submat_general           1  4.0    0.002    0.003    0.002    0.003
 classify_z_lp_atoms                  1 10.0    0.001    0.001    0.002    0.003
 topology_connectivity_pack           1  3.0    0.000    0.001    0.001    0.003
 check_gw_input                       1  9.0    0.000    0.000    0.001    0.003
 resolve_memory_per_proc              1 10.0    0.000    0.000    0.001    0.003
 build_core_ppnl                      1  6.0    0.002    0.002    0.002    0.002
 external_c_potential                 1  5.0    0.001    0.002    0.001    0.002
 optimize_load_list                   2 10.0    0.000    0.000    0.002    0.002
 dbt_create_new                       5 11.0    0.000    0.000    0.002    0.002
 init_qs_kind_set                     1  3.0    0.000    0.000    0.001    0.002
 init_qs_kind                         2  4.0    0.000    0.000    0.001    0.002
 init_orb_basis_set                   4  5.0    0.001    0.002    0.001    0.002
 mp_allgather_i                      10 10.4    0.001    0.002    0.001    0.002
 ddapc_eval_gfunc                     1  8.0    0.001    0.002    0.001    0.002
 cp_dbcsr_alloc_block_from_nbl       14  7.1    0.000    0.000    0.001    0.002
 external_control                    41  6.0    0.000    0.000    0.002    0.002
 mp_allgather_l                      13 10.9    0.002    0.002    0.002    0.002
 calculate_ecore_overlap              1  5.0    0.000    0.000    0.001    0.002
 build_qs_neighbor_lists              1  5.0    0.000    0.001    0.001    0.002
 mp_bcast_i                           6 15.2    0.002    0.002    0.002    0.002
 pw_poisson_rebuild                  42 10.0    0.001    0.002    0.001    0.002
 init_cube_info                       4  6.0    0.001    0.002    0.001    0.002
 mp_bcast_i3                          2 11.0    0.001    0.002    0.001    0.002
 topology_connectivity_pack_3         1  4.0    0.000    0.001    0.000    0.001
 wfi_create                           1  3.0    0.001    0.001    0.001    0.001
 qs_scf_ensure_mos                    1  4.0    0.000    0.000    0.000    0.001
 print_ri_rs_memory_estimate          1  8.0    0.001    0.001    0.001    0.001
 qs_scf_post_kubo_transport           1  7.0    0.000    0.001    0.000    0.001
 compute_max_radius                   1  6.0    0.001    0.001    0.001    0.001
 pw_pool_give_back_pw              1461 10.8    0.001    0.001    0.001    0.001
 metadyn_read                         1  2.0    0.000    0.001    0.000    0.001
 cp_cfm_norm                          7  5.7    0.001    0.001    0.001    0.001
 setup_kpoints_DOS_large_cell_G       1  7.0    0.000    0.000    0.001    0.001
 mp_cart_get                        791 14.1    0.001    0.001    0.001    0.001
 fft3d_s                              1  2.0    0.000    0.001    0.001    0.001
 write_qs_particle_coordinates        1  3.0    0.000    0.001    0.000    0.001
 init_ec_env                          1  2.0    0.000    0.001    0.000    0.001
 cp_fm_set_all                       24  5.3    0.001    0.001    0.001    0.001
 get_rpa_minimax_coeff_larger_g       1 10.0    0.001    0.001    0.001    0.001
 mp_bcast_iv                        145  2.9    0.001    0.001    0.001    0.001
 qs_scf_write_mos                    42  6.0    0.001    0.001    0.001    0.001
 mp_sum_partial_im                    2 11.0    0.000    0.001    0.000    0.001
 topology_generate_bond_2             1  5.0    0.001    0.001    0.001    0.001
 lattice_sum_R_to_k                   8 12.0    0.001    0.001    0.001    0.001
 cp_fm_to_fm_columns                  3  7.0    0.000    0.001    0.000    0.001
 distribution_3d_create               1 10.0    0.000    0.000    0.001    0.001
 topology_connectivity_pack_1         1  4.0    0.000    0.001    0.000    0.001
 dbcsr_frobenius_norm                 1  5.0    0.001    0.001    0.001    0.001
 topology_connectivity_pack_5         1  4.0    0.001    0.001    0.001    0.001
 kpoint_init_cell_index_simple        1  8.0    0.000    0.000    0.000    0.001
 kpoint_init_cell_index               1  9.0    0.000    0.001    0.000    0.001
 scf_c_write_parameters               1  3.0    0.000    0.001    0.000    0.001
 get_all_VBM_CBM_bandgaps             1 10.0    0.000    0.000    0.000    0.001
 check_scf_gw_level_ordering          1 11.0    0.000    0.001    0.000    0.001
 pw_create_r3d                      751 11.7    0.000    0.001    0.000    0.001
 calculate_atom_vxc_lda              11 10.0    0.000    0.001    0.000    0.001
 dbcsr_index_compact                152 11.4    0.001    0.001    0.001    0.001
 init_cphi_and_sphi                   4  6.0    0.000    0.001    0.000    0.001
 grid_create_task_list                1  8.0    0.000    0.001    0.000    0.001
 get_exp_minimax_coeff_gw             1 10.0    0.000    0.001    0.000    0.001
 pw_create_c1d                      757 11.6    0.000    0.001    0.000    0.001
 read_smeagol_control                 1  3.0    0.000    0.001    0.000    0.001
 create_mat_munu                      1 10.0    0.000    0.000    0.000    0.001
 time_to_freq                         1 10.0    0.001    0.001    0.001    0.001
 wfs_update                           1  4.0    0.000    0.001    0.000    0.001
 init_harris_env                      1  3.0    0.000    0.001    0.000    0.001
 distribution_2d_create               2 11.0    0.000    0.000    0.001    0.001
 dbcsr_copy_into_existing             1  7.0    0.000    0.001    0.000    0.001
 init_interaction_radii               3  7.3    0.000    0.001    0.000    0.001
 allocate_blocks_v_L                  2 12.0    0.000    0.001    0.000    0.001
 mp_max_iv                            1 10.0    0.000    0.001    0.000    0.001
 compute_xkp                          3  9.3    0.000    0.001    0.000    0.001
 print_sphere_cutoff_table            1 10.0    0.000    0.001    0.000    0.001
 qs_scf_loop_print                   41  6.0    0.000    0.000    0.000    0.000
 write_particle_distances             1  3.0    0.000    0.000    0.000    0.000
 mixing_allocate                      1  4.0    0.000    0.000    0.000    0.000
 bs_env_release                       1  2.0    0.000    0.000    0.000    0.000
 allocate_tmp                         1 11.0    0.000    0.000    0.000    0.000
 allocate_blocks_v_kp                 1 12.0    0.000    0.000    0.000    0.000
 get_n_ao_in_sphere                 304 10.0    0.000    0.000    0.000    0.000
 multi_fft                            1  4.0    0.000    0.000    0.000    0.000
 dbcsr_make_dists_dense              41 10.0    0.000    0.000    0.000    0.000
 delete_unnecessary_files             1  9.0    0.000    0.000    0.000    0.000
 build_3c_neighbor_lists              1 10.0    0.000    0.000    0.000    0.000
 set_mo_occupation_2                 41  7.0    0.000    0.000    0.000    0.000
 rs_grid_create                       6  6.7    0.000    0.000    0.000    0.000
 offload_create_buffer                8  7.8    0.000    0.000    0.000    0.000
 qs_efield_local_operator            42  9.0    0.000    0.000    0.000    0.000
 de_init_bs_env                       1  8.0    0.000    0.000    0.000    0.000
 dbt_destroy                          5  3.0    0.000    0.000    0.000    0.000
 topology_coordinate_pack             1  3.0    0.000    0.000    0.000    0.000
 mp_max_r                             1  2.0    0.000    0.000    0.000    0.000
 safe_delete                         60 10.0    0.000    0.000    0.000    0.000
 build_neighbor_lists_sap_ppnl        1  6.0    0.000    0.000    0.000    0.000
 load_balance_replicated              1  9.0    0.000    0.000    0.000    0.000
 topology_constraint_pack             1  3.0    0.000    0.000    0.000    0.000
 write_orbpop                         1  8.0    0.000    0.000    0.000    0.000
 topology_constraint_pack_5           1  4.0    0.000    0.000    0.000    0.000
 topology_constraint_pack_7           1  4.0    0.000    0.000    0.000    0.000
 cp_cfm_to_cfm_columns                1  8.0    0.000    0.000    0.000    0.000
 build_neighbor_lists_RPA_2c_nl       4  8.2    0.000    0.000    0.000    0.000
 topology_generate_bond_4             1  5.0    0.000    0.000    0.000    0.000
 scale_rows_by_diag                   6 10.0    0.000    0.000    0.000    0.000
 write_qs_kind_set                    1  3.0    0.000    0.000    0.000    0.000
 print_Z_lP_progress                  4 10.0    0.000    0.000    0.000    0.000
 contract2                           15  9.0    0.000    0.000    0.000    0.000
 dbt_tas_create_new                   5 12.0    0.000    0.000    0.000    0.000
 dbcsr_index_prune_deleted          103 12.1    0.000    0.000    0.000    0.000
 build_neighbor_lists_sac_ppl         1  6.0    0.000    0.000    0.000    0.000
 initialize_singleparticle_hami       1  3.0    0.000    0.000    0.000    0.000
 set_mo_occupation_1                 42  8.0    0.000    0.000    0.000    0.000
 kpoint_initialize                    1  2.0    0.000    0.000    0.000    0.000
 build_neighbor_lists_GW_3c_nl_       1 11.0    0.000    0.000    0.000    0.000
 qs_env_rebuild_rho                   1  6.0    0.000    0.000    0.000    0.000
 build_neighbor_lists_GW_3c_nl_       1 11.0    0.000    0.000    0.000    0.000
 set_parallelization_parameters       1  9.0    0.000    0.000    0.000    0.000
 qs_rho_rebuild                       1  7.0    0.000    0.000    0.000    0.000
 distribution_3d_destroy              1  9.0    0.000    0.000    0.000    0.000
 set_blocks_to_matrix_v_kp            1 12.0    0.000    0.000    0.000    0.000
 pw_grid_allocate                     4  8.0    0.000    0.000    0.000    0.000
 mp_alltoall_i                        1 13.0    0.000    0.000    0.000    0.000
 mp_mem_used_per_rank_GB              2  9.5    0.000    0.000    0.000    0.000
 dbcsr_verify_matrix                 41  9.0    0.000    0.000    0.000    0.000
 mp_sum_root_iv                       2 11.0    0.000    0.000    0.000    0.000
 check_generate_mol                   1  6.0    0.000    0.000    0.000    0.000
 topology_generate_molecule           1  4.0    0.000    0.000    0.000    0.000
 distribute_molecules_1d              2  7.0    0.000    0.000    0.000    0.000
 build_neighbor_lists_sab_core        1  6.0    0.000    0.000    0.000    0.000
 dbt_distribution_destroy            10 11.5    0.000    0.000    0.000    0.000
 atom2d_build                         8  9.0    0.000    0.000    0.000    0.000
 create_destination_list              2 10.0    0.000    0.000    0.000    0.000
 topology_molecules_check             1  4.0    0.000    0.000    0.000    0.000
 qs_ks_did_change                    43  6.0    0.000    0.000    0.000    0.000
 mp_bcast_im                          8 10.2    0.000    0.000    0.000    0.000
 build_neighbor_lists_sab_orb         1  6.0    0.000    0.000    0.000    0.000
 deallocate_blocks_v_L                2 12.0    0.000    0.000    0.000    0.000
 mp_cart_coords                     320  9.8    0.000    0.000    0.000    0.000
 resolve_grid_panels                  4  9.2    0.000    0.000    0.000    0.000
 initialize_maximum_timestep          1  3.0    0.000    0.000    0.000    0.000
 mp_max_lv                            4  8.0    0.000    0.000    0.000    0.000
 check_diag                          45  8.0    0.000    0.000    0.000    0.000
 cp_ddapc_apply_RF                   42 10.0    0.000    0.000    0.000    0.000
 write_band_edges                     3  7.0    0.000    0.000    0.000    0.000
 print_header_and_input_paramet       1  8.0    0.000    0.000    0.000    0.000
 check_for_derivatives               41 11.0    0.000    0.000    0.000    0.000
 build_neighbor_lists_sab_orb_s       1 11.0    0.000    0.000    0.000    0.000
 mp_min_lv                            4  8.0    0.000    0.000    0.000    0.000
 print_atomic_charges                42 13.0    0.000    0.000    0.000    0.000
 atom_ppint_setup                     2  8.0    0.000    0.000    0.000    0.000
 mp_min_i                             4  6.0    0.000    0.000    0.000    0.000
 get_basis_offsets                    1  9.0    0.000    0.000    0.000    0.000
 set_RI_basis_function_indices        1  9.0    0.000    0.000    0.000    0.000
 cp_fm_redistribute_end              45  9.0    0.000    0.000    0.000    0.000
 build_neighbor_lists_sab_all         1  6.0    0.000    0.000    0.000    0.000
 qs_efield_berry_phase               42  9.0    0.000    0.000    0.000    0.000
 scf_env_cleanup                      1  4.0    0.000    0.000    0.000    0.000
 reallocate_ft_traces                 1  4.0    0.000    0.000    0.000    0.000
 qs_scf_initial_info                  1  5.0    0.000    0.000    0.000    0.000
 correct_obvious_fitting_fails        1 11.0    0.000    0.000    0.000    0.000
 balance_global_list                  2 11.0    0.000    0.000    0.000    0.000
 initialize_density_matrix            1  3.0    0.000    0.000    0.000    0.000
 mp_sum_lm3                           1  2.0    0.000    0.000    0.000    0.000
 init_scf_loop                        1  5.0    0.000    0.000    0.000    0.000
 qs_scf_print_scf_summary             1  6.0    0.000    0.000    0.000    0.000
 resp_fit                             1  6.0    0.000    0.000    0.000    0.000
 create_grid_atom                     2  8.0    0.000    0.000    0.000    0.000
 mp_cart_rank                        72 13.0    0.000    0.000    0.000    0.000
 cp_result_value_p_reallocate         4  7.8    0.000    0.000    0.000    0.000
 make_basic_distribution              2  8.5    0.000    0.000    0.000    0.000
 topology_generate_bond_1             1  5.0    0.000    0.000    0.000    0.000
 setup_AO_and_RI_basis_set            1  8.0    0.000    0.000    0.000    0.000
 topology_connectivity_pack_4         1  4.0    0.000    0.000    0.000    0.000
 read_qs_section                      1  3.0    0.000    0.000    0.000    0.000
 write_qs_control                     1  3.0    0.000    0.000    0.000    0.000
 mp_dims_create                       4 10.5    0.000    0.000    0.000    0.000
 xc_libxc_check_functional            2  4.0    0.000    0.000    0.000    0.000
 lpt_assign_atoms                     1 10.0    0.000    0.000    0.000    0.000
 topology_constraint_pack_6           1  4.0    0.000    0.000    0.000    0.000
 topology_set_atm_mass                1  4.0    0.000    0.000    0.000    0.000
 fix_atom_control                     1  3.0    0.000    0.000    0.000    0.000
 topology_generate_onfo               1  4.0    0.000    0.000    0.000    0.000
 print_gw_rirs_input                  1  9.0    0.000    0.000    0.000    0.000
 mp_sum_r                             1  2.0    0.000    0.000    0.000    0.000
 deallocate_blocks_v_kp               1 12.0    0.000    0.000    0.000    0.000
 precompute_ri_rs_radii               1  8.0    0.000    0.000    0.000    0.000
 read_bandstructure_input_param       1  7.0    0.000    0.000    0.000    0.000
 write_symmetry                       1  3.0    0.000    0.000    0.000    0.000
 mp_bcast_av_src                      1  7.0    0.000    0.000    0.000    0.000
 scf_env_release                      1  2.0    0.000    0.000    0.000    0.000
 read_tddfpt2_control                 1  3.0    0.000    0.000    0.000    0.000
 spatial_atom_order                   1  9.0    0.000    0.000    0.000    0.000
 topology_connectivity_pack_2         1  4.0    0.000    0.000    0.000    0.000
 topology_connectivity_pack_7         1  4.0    0.000    0.000    0.000    0.000
 topology_constraint_pack_1           1  4.0    0.000    0.000    0.000    0.000
 dump_info_core_hamiltonian           1  6.0    0.000    0.000    0.000    0.000
 cp_fm_scale                          2  6.5    0.000    0.000    0.000    0.000
 diag                                 5  9.0    0.000    0.000    0.000    0.000
 topology_connectivity_pack_14        1  4.0    0.000    0.000    0.000    0.000
 mp_sum_rv                            1  2.0    0.000    0.000    0.000    0.000
 mp_min_rv                            1  2.0    0.000    0.000    0.000    0.000
 mp_max_rv                            1  2.0    0.000    0.000    0.000    0.000
 cp_fm_cleanup_copy_general           4  9.2    0.000    0.000    0.000    0.000
 determine_active_mo_window           1  3.0    0.000    0.000    0.000    0.000
 topology_connectivity_pack_10        1  4.0    0.000    0.000    0.000    0.000
 allocate_GW_eigenvalues              1  8.0    0.000    0.000    0.000    0.000
 qs_scf_post_elf                      1  5.0    0.000    0.000    0.000    0.000
 check_cp2k_input                     1  2.0    0.000    0.000    0.000    0.000
 offload_free_buffer                  8  3.5    0.000    0.000    0.000    0.000
 topology_connectivity_pack_11        1  4.0    0.000    0.000    0.000    0.000
 wfi_extrapolate                      1  6.0    0.000    0.000    0.000    0.000
 get_factor_and_xyz_min_max           1 12.0    0.000    0.000    0.000    0.000
 topology_connectivity_pack_12        1  4.0    0.000    0.000    0.000    0.000
 get_VBM_CBM_bandgaps                 3 11.0    0.000    0.000    0.000    0.000
 qs_scf_post_et                       1  5.0    0.000    0.000    0.000    0.000
 write_molecule_kind_set              1  3.0    0.000    0.000    0.000    0.000
 scf_env_create                       1  4.0    0.000    0.000    0.000    0.000
 qs_scf_post_epr                      1  5.0    0.000    0.000    0.000    0.000
 wfn_mix                              1  5.0    0.000    0.000    0.000    0.000
 wannier90_interface                  1  5.0    0.000    0.000    0.000    0.000
 qs_scf_post_efg                      1  5.0    0.000    0.000    0.000    0.000
 sort_neighbor_lists                  1  7.0    0.000    0.000    0.000    0.000
 qs_scf_post_moments                  1  5.0    0.000    0.000    0.000    0.000
 qs_scf_post_molopt                   1  5.0    0.000    0.000    0.000    0.000
 topology_connectivity_pack_6         1  4.0    0.000    0.000    0.000    0.000
 topology_constraint_pack_3           1  4.0    0.000    0.000    0.000    0.000
 init_evGW0                           1  9.0    0.000    0.000    0.000    0.000
 topology_coordinate_pack_11          1  4.0    0.000    0.000    0.000    0.000
 topology_connectivity_pack_9         1  4.0    0.000    0.000    0.000    0.000
 qs_scf_post_transport                1  7.0    0.000    0.000    0.000    0.000
 topology_connectivity_pack_13        1  4.0    0.000    0.000    0.000    0.000
 setup_kpoints_chi_eps_W              1  9.0    0.000    0.000    0.000    0.000
 calculate_ecore_self                 1  5.0    0.000    0.000    0.000    0.000
 topology_generate_bond_6             1  5.0    0.000    0.000    0.000    0.000
 read_topology_section                1  3.0    0.000    0.000    0.000    0.000
 qs_scf_post_xray                     1  5.0    0.000    0.000    0.000    0.000
 topology_coordinate_pack_1           1  4.0    0.000    0.000    0.000    0.000
 sg_erf                               5  9.0    0.000    0.000    0.000    0.000
 grid_create_basis_set                2  8.0    0.000    0.000    0.000    0.000
 atom_relint_setup                    2  8.0    0.000    0.000    0.000    0.000
 contract2add                        10  9.0    0.000    0.000    0.000    0.000
 topology_generate_molecule_PAR       1  5.0    0.000    0.000    0.000    0.000
 qs_scf_post_ps_implicit              1  7.0    0.000    0.000    0.000    0.000
 ps_implicit_release                  2  4.0    0.000    0.000    0.000    0.000
 fist_neighbor_init                   1  8.0    0.000    0.000    0.000    0.000
 cp_result_release                    1  2.0    0.000    0.000    0.000    0.000
 cp_result_value_copy                 6  8.5    0.000    0.000    0.000    0.000
 create_local_fixd_list               1  4.0    0.000    0.000    0.000    0.000
 print_header                         1  7.0    0.000    0.000    0.000    0.000
 deallocate_tmp                       1 11.0    0.000    0.000    0.000    0.000
 cp_result_value_release             10  6.3    0.000    0.000    0.000    0.000
 read_mgrid_section                   1  3.0    0.000    0.000    0.000    0.000
 set_heuristic_parameters             2  7.5    0.000    0.000    0.000    0.000
 ec_env_release                       1  2.0    0.000    0.000    0.000    0.000
 read_rirs_input                      1  9.0    0.000    0.000    0.000    0.000
 grid_free_basis_set                  2  2.0    0.000    0.000    0.000    0.000
 atom2d_cleanup                       8  9.0    0.000    0.000    0.000    0.000
 linres_calculation_low               1  5.0    0.000    0.000    0.000    0.000
 get_i_j_atoms                        2 10.0    0.000    0.000    0.000    0.000
 topology_coordinate_pack_7a          1  4.0    0.000    0.000    0.000    0.000
 read_evgw0_input                     1  9.0    0.000    0.000    0.000    0.000
 transport_current                    1  8.0    0.000    0.000    0.000    0.000
 mp_isend_im2                         8 10.2    0.000    0.000    0.000    0.000
 topology_connectivity_pack_12_       1  4.0    0.000    0.000    0.000    0.000
 write_structure_data                 1  3.0    0.000    0.000    0.000    0.000
 topology_coordinate_pack_5           1  4.0    0.000    0.000    0.000    0.000
 cp_result_value_create              10  8.6    0.000    0.000    0.000    0.000
 write_gto_basis_sets                 1  3.0    0.000    0.000    0.000    0.000
 mp_irecv_im2                         8 10.2    0.000    0.000    0.000    0.000
 topology_constraint_pack_2           1  4.0    0.000    0.000    0.000    0.000
 topology_connectivity_pack_13_       1  4.0    0.000    0.000    0.000    0.000
 print_cutoff_radius_input            4 10.0    0.000    0.000    0.000    0.000
 write_ks_matrix_csr                  1  7.0    0.000    0.000    0.000    0.000
 plan_grid_panels                     1 10.0    0.000    0.000    0.000    0.000
 cp_result_value_init                 4  7.8    0.000    0.000    0.000    0.000
 write_dm_binary_restart              1  7.0    0.000    0.000    0.000    0.000
 read_binary_coordinates              1  3.0    0.000    0.000    0.000    0.000
 qs_scf_post_local_energy             1  7.0    0.000    0.000    0.000    0.000
 write_adjacency_matrix               1  7.0    0.000    0.000    0.000    0.000
 write_p_matrix_csr                   1  7.0    0.000    0.000    0.000    0.000
 allocate_qs_energy                   1  3.0    0.000    0.000    0.000    0.000
 write_s_matrix_csr                   1  7.0    0.000    0.000    0.000    0.000
 qs_scf_post_local_stress             1  7.0    0.000    0.000    0.000    0.000
 square_mesh                          2 11.0    0.000    0.000    0.000    0.000
 write_hcore_matrix_csr               1  7.0    0.000    0.000    0.000    0.000
 rt_bse_ri_rs_ensure_grid             2  5.0    0.000    0.000    0.000    0.000
 topology_muc                         1  4.0    0.000    0.000    0.000    0.000
 write_mos_molden                     1  7.0    0.000    0.000    0.000    0.000
 add_external_potential               1  3.0    0.000    0.000    0.000    0.000
 topology_connectivity_pack_1.1       1  4.0    0.000    0.000    0.000    0.000
 topology_coordinate_pack_6           1  4.0    0.000    0.000    0.000    0.000
 topology_coordinate_pack_89          1  4.0    0.000    0.000    0.000    0.000
 tddfpt2_control_release              2  2.0    0.000    0.000    0.000    0.000
 read_auto_ri_input                   1  9.0    0.000    0.000    0.000    0.000
 tddfpt2_control_create               2  3.0    0.000    0.000    0.000    0.000
 topology_generate_bend               1  4.0    0.000    0.000    0.000    0.000
 topology_coordinate_pack_3           1  4.0    0.000    0.000    0.000    0.000
 auto_ri_release                      1  3.0    0.000    0.000    0.000    0.000
 handle_ext_restart                   1  3.0    0.000    0.000    0.000    0.000
 calculate_ecore_efield               1  5.0    0.000    0.000    0.000    0.000
 topology_connectivity_pack_14_       1  4.0    0.000    0.000    0.000    0.000
 topology_coordinate_pack_2           1  4.0    0.000    0.000    0.000    0.000
 topology_connectivity_pack_8         1  4.0    0.000    0.000    0.000    0.000
 rescale_forces                       1  3.0    0.000    0.000    0.000    0.000
 topology_connectivity_pack_11_       1  4.0    0.000    0.000    0.000    0.000
 fp_env_read                          1  2.0    0.000    0.000    0.000    0.000
 topology_coordinate_pack_7b          1  4.0    0.000    0.000    0.000    0.000
 compute_matrix_w                     1  4.0    0.000    0.000    0.000    0.000
 pw_env_create                        1  5.0    0.000    0.000    0.000    0.000
 smeagol_control_create               1  3.0    0.000    0.000    0.000    0.000
 excited_state_energy                 1  4.0    0.000    0.000    0.000    0.000
 topology_generate_bond_7             1  5.0    0.000    0.000    0.000    0.000
 external_read_density                1  5.0    0.000    0.000    0.000    0.000
 smeagol_control_release              1  2.0    0.000    0.000    0.000    0.000
 external_e_potential                 1  5.0    0.000    0.000    0.000    0.000
 reset_and_clean_bs_env               1  9.0    0.000    0.000    0.000    0.000
 check_qs_kind_set                    1  3.0    0.000    0.000    0.000    0.000
 topology_coordinate_pack_4           1  4.0    0.000    0.000    0.000    0.000
 topology_generate_ub                 1  4.0    0.000    0.000    0.000    0.000
 fp_env_write                         1  2.0    0.000    0.000    0.000    0.000
 topology_generate_dihe               1  4.0    0.000    0.000    0.000    0.000
 topology_generate_impr               1  4.0    0.000    0.000    0.000    0.000
 cp_result_create                     1  2.0    0.000    0.000    0.000    0.000
 topology_coordinate_pack_10          1  4.0    0.000    0.000    0.000    0.000
 topology_constraint_pack_4           1  4.0    0.000    0.000    0.000    0.000
 cleanup_scf_loop                     1  6.0    0.000    0.000    0.000    0.000
 -------------------------------------------------------------------------------

 The number of warnings for this run is : 2
 
 -------------------------------------------------------------------------------
  **** **** ******  **  PROGRAM ENDED AT                 2026-09-30 15:35:52.928
 ***** ** ***  *** **   PROGRAM RAN ON                                    cn1202
 **    ****   ******    PROGRAM RAN BY                                  metdyn07
 ***** **    ** ** **   PROGRAM PROCESS ID                               1894429
  **** **  *******  **  PROGRAM STOPPED IN /scratch/hpc-prf-metdyn/metdyn07_Rita
                                           j/project-max-rtbse/g0w0_rtbse_compar
                                           ison_tuned/8/rirs_opt/gterm
