#      omega [at.u.] x,real,pade [at.u.] x,imag,pade [at.u.] y,real,pade [at.u.] y,imag,pade [at.u.] z,real,pade [at.u.] z,imag,pade [at.u.]
     0.00000000E+000    -0.14411773E-003    -0.93971501E-018     0.57699899E+001    -0.24847660E-015     0.94525237E-004     0.16580544E-017
     0.36749325E-003    -0.14411942E-003    -0.12086607E-007     0.57700732E+001     0.88958039E-003     0.94526205E-004     0.49986347E-008
     0.73498651E-003    -0.14412447E-003    -0.24176270E-007     0.57703230E+001     0.17793729E-002     0.94529107E-004     0.99987928E-008
     0.11024798E-002    -0.14413290E-003    -0.36271962E-007     0.57707395E+001     0.26695899E-002     0.94533945E-004     0.15002000E-007
     0.14699730E-002    -0.14414471E-003    -0.48376529E-007     0.57713227E+001     0.35604439E-002     0.94540719E-004     0.20009786E-007
     0.18374663E-002    -0.14415989E-003    -0.60492632E-007     0.57720729E+001     0.44521480E-002     0.94549430E-004     0.25023681E-007
     0.22049595E-002    -0.14417844E-003    -0.72622851E-007     0.57729901E+001     0.53449159E-002     0.94560080E-004     0.30045219E-007
     0.25724528E-002    -0.14420038E-003    -0.84769823E-007     0.57740746E+001     0.62389622E-002     0.94572670E-004     0.35075939E-007
     0.29399460E-002    -0.14422570E-003    -0.96936257E-007     0.57753267E+001     0.71345023E-002     0.94587202E-004     0.40117381E-007
     0.33074393E-002    -0.14425441E-003    -0.10912480E-006     0.57767467E+001     0.80317526E-002     0.94603680E-004     0.45171092E-007
     0.36749325E-002    -0.14428650E-003    -0.12133791E-006     0.57783350E+001     0.89309310E-002     0.94622105E-004     0.50238620E-007
     0.40424258E-002    -0.14432200E-003    -0.13357788E-006     0.57800919E+001     0.98322568E-002     0.94642480E-004     0.55321523E-007
     0.44099190E-002    -0.14436089E-003    -0.14584705E-006     0.57820180E+001     0.10735951E-001     0.94664809E-004     0.60421365E-007
     0.47774123E-002    -0.14440319E-003    -0.15814795E-006     0.57841137E+001     0.11642235E-001     0.94689095E-004     0.65539716E-007
     0.51449056E-002    -0.14444891E-003    -0.17048310E-006     0.57863795E+001     0.12551335E-001     0.94715343E-004     0.70678158E-007
     0.55123988E-002    -0.14449804E-003    -0.18285503E-006     0.57888160E+001     0.13463476E-001     0.94743556E-004     0.75838279E-007
     0.58798921E-002    -0.14455061E-003    -0.19526635E-006     0.57914239E+001     0.14378889E-001     0.94773739E-004     0.81021678E-007
     0.62473853E-002    -0.14460661E-003    -0.20771998E-006     0.57942038E+001     0.15297803E-001     0.94805897E-004     0.86229967E-007
     0.66148786E-002    -0.14466606E-003    -0.22021917E-006     0.57971565E+001     0.16220453E-001     0.94840035E-004     0.91464764E-007
     0.69823718E-002    -0.14472897E-003    -0.23276723E-006     0.58002827E+001     0.17147077E-001     0.94876160E-004     0.96727704E-007
     0.73498651E-002    -0.14479534E-003    -0.24536713E-006     0.58035831E+001     0.18077913E-001     0.94914276E-004     0.10202043E-006
     0.77173583E-002    -0.14486519E-003    -0.25802151E-006     0.58070588E+001     0.19013205E-001     0.94954390E-004     0.10734460E-006
     0.80848516E-002    -0.14493852E-003    -0.27073273E-006     0.58107105E+001     0.19953200E-001     0.94996508E-004     0.11270189E-006
     0.84523448E-002    -0.14501535E-003    -0.28350307E-006     0.58145393E+001     0.20898147E-001     0.95040639E-004     0.11809398E-006
     0.88198381E-002    -0.14509568E-003    -0.29633500E-006     0.58185461E+001     0.21848301E-001     0.95086787E-004     0.12352258E-006
     0.91873314E-002    -0.14517954E-003    -0.30923140E-006     0.58227320E+001     0.22803920E-001     0.95134963E-004     0.12898941E-006
     0.95548246E-002    -0.14526694E-003    -0.32219572E-006     0.58270982E+001     0.23765266E-001     0.95185173E-004     0.13449621E-006
     0.99223179E-002    -0.14535789E-003    -0.33523163E-006     0.58316457E+001     0.24732606E-001     0.95237425E-004     0.14004473E-006
     0.10289811E-001    -0.14545239E-003    -0.34834250E-006     0.58363758E+001     0.25706212E-001     0.95291729E-004     0.14563675E-006
     0.10657304E-001    -0.14555048E-003    -0.36153121E-006     0.58412897E+001     0.26686360E-001     0.95348093E-004     0.15127407E-006
     0.11024798E-001    -0.14565216E-003    -0.37480046E-006     0.58463889E+001     0.27673334E-001     0.95406528E-004     0.15695851E-006
     0.11392291E-001    -0.14575745E-003    -0.38815302E-006     0.58516746E+001     0.28667419E-001     0.95467041E-004     0.16269191E-006
     0.11759784E-001    -0.14586636E-003    -0.40159173E-006     0.58571483E+001     0.29668910E-001     0.95529645E-004     0.16847612E-006
     0.12127277E-001    -0.14597891E-003    -0.41511932E-006     0.58628115E+001     0.30678107E-001     0.95594350E-004     0.17431305E-006
     0.12494771E-001    -0.14609512E-003    -0.42873844E-006     0.58686657E+001     0.31695314E-001     0.95661165E-004     0.18020458E-006
     0.12862264E-001    -0.14621501E-003    -0.44245185E-006     0.58747126E+001     0.32720845E-001     0.95730104E-004     0.18615267E-006
     0.13229757E-001    -0.14633860E-003    -0.45626255E-006     0.58809539E+001     0.33755019E-001     0.95801177E-004     0.19215929E-006
     0.13597250E-001    -0.14646590E-003    -0.47017375E-006     0.58873913E+001     0.34798164E-001     0.95874396E-004     0.19822641E-006
     0.13964744E-001    -0.14659694E-003    -0.48418866E-006     0.58940266E+001     0.35850614E-001     0.95949775E-004     0.20435607E-006
     0.14332237E-001    -0.14673174E-003    -0.49831056E-006     0.59008616E+001     0.36912712E-001     0.96027326E-004     0.21055031E-006
     0.14699730E-001    -0.14687031E-003    -0.51254282E-006     0.59078984E+001     0.37984809E-001     0.96107062E-004     0.21681123E-006
     0.15067223E-001    -0.14701269E-003    -0.52688893E-006     0.59151390E+001     0.39067266E-001     0.96188998E-004     0.22314093E-006
     0.15434717E-001    -0.14715889E-003    -0.54135226E-006     0.59225854E+001     0.40160451E-001     0.96273147E-004     0.22954156E-006
     0.15802210E-001    -0.14730894E-003    -0.55593607E-006     0.59302398E+001     0.41264744E-001     0.96359524E-004     0.23601531E-006
     0.16169703E-001    -0.14746285E-003    -0.57064364E-006     0.59381044E+001     0.42380533E-001     0.96448145E-004     0.24256441E-006
     0.16537196E-001    -0.14762067E-003    -0.58547835E-006     0.59461815E+001     0.43508219E-001     0.96539025E-004     0.24919110E-006
     0.16904690E-001    -0.14778240E-003    -0.60044367E-006     0.59544737E+001     0.44648212E-001     0.96632180E-004     0.25589768E-006
     0.17272183E-001    -0.14794807E-003    -0.61554288E-006     0.59629832E+001     0.45800935E-001     0.96727626E-004     0.26268649E-006
     0.17639676E-001    -0.14811772E-003    -0.63077913E-006     0.59717128E+001     0.46966821E-001     0.96825381E-004     0.26955992E-006
     0.18007169E-001    -0.14829136E-003    -0.64615550E-006     0.59806649E+001     0.48146318E-001     0.96925462E-004     0.27652037E-006
     0.18374663E-001    -0.14846903E-003    -0.66167518E-006     0.59898425E+001     0.49339886E-001     0.97027887E-004     0.28357032E-006
     0.18742156E-001    -0.14865076E-003    -0.67734130E-006     0.59992483E+001     0.50547999E-001     0.97132675E-004     0.29071227E-006
     0.19109649E-001    -0.14883656E-003    -0.69315688E-006     0.60088852E+001     0.51771145E-001     0.97239844E-004     0.29794878E-006
     0.19477142E-001    -0.14902648E-003    -0.70912494E-006     0.60187562E+001     0.53009828E-001     0.97349415E-004     0.30528247E-006
     0.19844636E-001    -0.14922055E-003    -0.72524876E-006     0.60288646E+001     0.54264568E-001     0.97461406E-004     0.31271598E-006
     0.20212129E-001    -0.14941879E-003    -0.74153193E-006     0.60392135E+001     0.55535900E-001     0.97575840E-004     0.32025202E-006
     0.20579622E-001    -0.14962123E-003    -0.75797826E-006     0.60498062E+001     0.56824379E-001     0.97692736E-004     0.32789337E-006
     0.20947115E-001    -0.14982792E-003    -0.77459153E-006     0.60606462E+001     0.58130574E-001     0.97812118E-004     0.33564284E-006
     0.21314609E-001    -0.15003888E-003    -0.79137553E-006     0.60717371E+001     0.59455078E-001     0.97934006E-004     0.34350330E-006
     0.21682102E-001    -0.15025414E-003    -0.80833431E-006     0.60830826E+001     0.60798499E-001     0.98058424E-004     0.35147770E-006
     0.22049595E-001    -0.15047375E-003    -0.82547196E-006     0.60946864E+001     0.62161471E-001     0.98185396E-004     0.35956903E-006
     0.22417088E-001    -0.15069774E-003    -0.84279214E-006     0.61065525E+001     0.63544645E-001     0.98314946E-004     0.36778036E-006
     0.22784582E-001    -0.15092613E-003    -0.86029795E-006     0.61186849E+001     0.64948698E-001     0.98447098E-004     0.37611480E-006
     0.23152075E-001    -0.15115897E-003    -0.87799231E-006     0.61310879E+001     0.66374329E-001     0.98581878E-004     0.38457556E-006
     0.23519568E-001    -0.15139630E-003    -0.89587843E-006     0.61437657E+001     0.67822265E-001     0.98719312E-004     0.39316590E-006
     0.23887062E-001    -0.15163815E-003    -0.91395970E-006     0.61567229E+001     0.69293256E-001     0.98859427E-004     0.40188915E-006
     0.24254555E-001    -0.15188456E-003    -0.93223953E-006     0.61699641E+001     0.70788082E-001     0.99002250E-004     0.41074872E-006
     0.24622048E-001    -0.15213558E-003    -0.95072131E-006     0.61834941E+001     0.72307552E-001     0.99147809E-004     0.41974810E-006
     0.24989541E-001    -0.15239123E-003    -0.96940845E-006     0.61973178E+001     0.73852505E-001     0.99296134E-004     0.42889085E-006
     0.25357035E-001    -0.15265157E-003    -0.98830437E-006     0.62114404E+001     0.75423811E-001     0.99447252E-004     0.43818063E-006
     0.25724528E-001    -0.15291663E-003    -0.10074123E-005     0.62258671E+001     0.77022376E-001     0.99601197E-004     0.44762116E-006
     0.26092021E-001    -0.15318645E-003    -0.10267351E-005     0.62406034E+001     0.78649140E-001     0.99757997E-004     0.45721626E-006
     0.26459514E-001    -0.15346108E-003    -0.10462757E-005     0.62556550E+001     0.80305082E-001     0.99917685E-004     0.46696983E-006
     0.26827008E-001    -0.15374056E-003    -0.10660373E-005     0.62710277E+001     0.81991217E-001     0.10008029E-003     0.47688588E-006
     0.27194501E-001    -0.15402493E-003    -0.10860227E-005     0.62867277E+001     0.83708605E-001     0.10024586E-003     0.48696850E-006
     0.27561994E-001    -0.15431425E-003    -0.11062347E-005     0.63027611E+001     0.85458347E-001     0.10041441E-003     0.49722189E-006
     0.27929487E-001    -0.15460854E-003    -0.11266757E-005     0.63191345E+001     0.87241591E-001     0.10058598E-003     0.50765033E-006
     0.28296981E-001    -0.15490787E-003    -0.11473480E-005     0.63358546E+001     0.89059533E-001     0.10076062E-003     0.51825823E-006
     0.28664474E-001    -0.15521227E-003    -0.11682543E-005     0.63529284E+001     0.90913421E-001     0.10093835E-003     0.52905009E-006
     0.29031967E-001    -0.15552180E-003    -0.11893976E-005     0.63703631E+001     0.92804554E-001     0.10111922E-003     0.54003054E-006
     0.29399460E-001    -0.15583649E-003    -0.12107804E-005     0.63881661E+001     0.94734291E-001     0.10130326E-003     0.55120429E-006
     0.29766954E-001    -0.15615640E-003    -0.12324047E-005     0.64063452E+001     0.96704049E-001     0.10149052E-003     0.56257620E-006
     0.30134447E-001    -0.15648158E-003    -0.12542721E-005     0.64249085E+001     0.98715308E-001     0.10168102E-003     0.57415125E-006
     0.30501940E-001    -0.15681207E-003    -0.12763841E-005     0.64438642E+001     0.10076962E+000     0.10187483E-003     0.58593452E-006
     0.30869433E-001    -0.15714792E-003    -0.12987420E-005     0.64632210E+001     0.10286860E+000     0.10207197E-003     0.59793125E-006
     0.31236927E-001    -0.15748917E-003    -0.13213469E-005     0.64829879E+001     0.10501393E+000     0.10227250E-003     0.61014680E-006
     0.31604420E-001    -0.15783589E-003    -0.13441996E-005     0.65031742E+001     0.10720741E+000     0.10247646E-003     0.62258665E-006
     0.31971913E-001    -0.15818812E-003    -0.13673008E-005     0.65237894E+001     0.10945087E+000     0.10268389E-003     0.63525645E-006
     0.32339406E-001    -0.15854589E-003    -0.13906503E-005     0.65448437E+001     0.11174628E+000     0.10289484E-003     0.64816197E-006
     0.32706900E-001    -0.15890928E-003    -0.14142473E-005     0.65663474E+001     0.11409566E+000     0.10310937E-003     0.66130916E-006
     0.33074393E-001    -0.15927831E-003    -0.14380900E-005     0.65883114E+001     0.11650116E+000     0.10332751E-003     0.67470409E-006
     0.33441886E-001    -0.15965305E-003    -0.14621761E-005     0.66107469E+001     0.11896503E+000     0.10354933E-003     0.68835301E-006
     0.33809379E-001    -0.16003354E-003    -0.14865028E-005     0.66336656E+001     0.12148962E+000     0.10377487E-003     0.70226234E-006
     0.34176873E-001    -0.16041982E-003    -0.15110670E-005     0.66570797E+001     0.12407743E+000     0.10400419E-003     0.71643865E-006
     0.34544366E-001    -0.16081196E-003    -0.15358654E-005     0.66810019E+001     0.12673105E+000     0.10423734E-003     0.73088868E-006
     0.34911859E-001    -0.16120998E-003    -0.15608935E-005     0.67054453E+001     0.12945324E+000     0.10447438E-003     0.74561936E-006
     0.35279352E-001    -0.16161394E-003    -0.15861460E-005     0.67304236E+001     0.13224688E+000     0.10471537E-003     0.76063779E-006
     0.35646846E-001    -0.16202389E-003    -0.16116170E-005     0.67559512E+001     0.13511503E+000     0.10496036E-003     0.77595127E-006
     0.36014339E-001    -0.16243986E-003    -0.16372995E-005     0.67820430E+001     0.13806089E+000     0.10520942E-003     0.79156729E-006
     0.36381832E-001    -0.16286191E-003    -0.16631855E-005     0.68087145E+001     0.14108786E+000     0.10546262E-003     0.80749352E-006
     0.36749325E-001    -0.16329007E-003    -0.16892655E-005     0.68359820E+001     0.14419951E+000     0.10572000E-003     0.82373784E-006
     0.37116819E-001    -0.16372437E-003    -0.17155283E-005     0.68638624E+001     0.14739963E+000     0.10598164E-003     0.84030834E-006
     0.37484312E-001    -0.16416486E-003    -0.17419616E-005     0.68923733E+001     0.15069221E+000     0.10624762E-003     0.85721332E-006
     0.37851805E-001    -0.16461157E-003    -0.17685513E-005     0.69215334E+001     0.15408148E+000     0.10651798E-003     0.87446128E-006
     0.38219298E-001    -0.16506454E-003    -0.17952820E-005     0.69513619E+001     0.15757192E+000     0.10679282E-003     0.89206095E-006
     0.38586792E-001    -0.16552378E-003    -0.18221358E-005     0.69818790E+001     0.16116828E+000     0.10707219E-003     0.91002129E-006
     0.38954285E-001    -0.16598933E-003    -0.18490927E-005     0.70131059E+001     0.16487559E+000     0.10735617E-003     0.92835146E-006
     0.39321778E-001    -0.16646121E-003    -0.18761305E-005     0.70450647E+001     0.16869919E+000     0.10764485E-003     0.94706087E-006
     0.39689271E-001    -0.16693944E-003    -0.19032248E-005     0.70777787E+001     0.17264477E+000     0.10793829E-003     0.96615917E-006
     0.40056765E-001    -0.16742403E-003    -0.19303485E-005     0.71112722E+001     0.17671834E+000     0.10823659E-003     0.98565622E-006
     0.40424258E-001    -0.16791498E-003    -0.19574717E-005     0.71455708E+001     0.18092634E+000     0.10853981E-003     0.10055621E-005
     0.40791751E-001    -0.16841230E-003    -0.19845610E-005     0.71807012E+001     0.18527560E+000     0.10884805E-003     0.10258873E-005
     0.41159244E-001    -0.16891598E-003    -0.20115796E-005     0.72166916E+001     0.18977341E+000     0.10916139E-003     0.10466422E-005
     0.41526738E-001    -0.16942602E-003    -0.20384860E-005     0.72535716E+001     0.19442754E+000     0.10947992E-003     0.10678378E-005
     0.41894231E-001    -0.16994238E-003    -0.20652346E-005     0.72913723E+001     0.19924631E+000     0.10980373E-003     0.10894850E-005
     0.42261724E-001    -0.17046504E-003    -0.20917747E-005     0.73301265E+001     0.20423859E+000     0.11013292E-003     0.11115952E-005
     0.42629217E-001    -0.17099397E-003    -0.21180503E-005     0.73698687E+001     0.20941387E+000     0.11046758E-003     0.11341799E-005
     0.42996711E-001    -0.17152911E-003    -0.21439997E-005     0.74106353E+001     0.21478236E+000     0.11080781E-003     0.11572508E-005
     0.43364204E-001    -0.17207039E-003    -0.21695549E-005     0.74524646E+001     0.22035495E+000     0.11115371E-003     0.11808198E-005
     0.43731697E-001    -0.17261776E-003    -0.21946405E-005     0.74953973E+001     0.22614336E+000     0.11150538E-003     0.12048992E-005
     0.44099190E-001    -0.17317111E-003    -0.22191737E-005     0.75394761E+001     0.23216020E+000     0.11186293E-003     0.12295012E-005
     0.44466684E-001    -0.17373035E-003    -0.22430633E-005     0.75847463E+001     0.23841902E+000     0.11222647E-003     0.12546384E-005
     0.44834177E-001    -0.17429535E-003    -0.22662090E-005     0.76312559E+001     0.24493442E+000     0.11259610E-003     0.12803233E-005
     0.45201670E-001    -0.17486597E-003    -0.22885007E-005     0.76790556E+001     0.25172214E+000     0.11297195E-003     0.13065687E-005
     0.45569163E-001    -0.17544205E-003    -0.23098164E-005     0.77281994E+001     0.25879920E+000     0.11335412E-003     0.13333875E-005
     0.45936657E-001    -0.17602340E-003    -0.23300219E-005     0.77787443E+001     0.26618399E+000     0.11374274E-003     0.13607924E-005
     0.46304150E-001    -0.17660981E-003    -0.23489689E-005     0.78307512E+001     0.27389644E+000     0.11413794E-003     0.13887965E-005
     0.46671643E-001    -0.17720103E-003    -0.23664936E-005     0.78842846E+001     0.28195815E+000     0.11453982E-003     0.14174124E-005
     0.47039137E-001    -0.17779681E-003    -0.23824152E-005     0.79394133E+001     0.29039257E+000     0.11494853E-003     0.14466528E-005
     0.47406630E-001    -0.17839682E-003    -0.23965344E-005     0.79962108E+001     0.29922523E+000     0.11536418E-003     0.14765302E-005
     0.47774123E-001    -0.17900072E-003    -0.24086317E-005     0.80547551E+001     0.30848391E+000     0.11578692E-003     0.15070569E-005
     0.48141616E-001    -0.17960813E-003    -0.24184650E-005     0.81151299E+001     0.31819894E+000     0.11621689E-003     0.15382445E-005
     0.48509110E-001    -0.18021862E-003    -0.24257673E-005     0.81774247E+001     0.32840346E+000     0.11665421E-003     0.15701042E-005
     0.48876603E-001    -0.18083169E-003    -0.24302438E-005     0.82417350E+001     0.33913373E+000     0.11709903E-003     0.16026467E-005
     0.49244096E-001    -0.18144682E-003    -0.24315687E-005     0.83081637E+001     0.35042954E+000     0.11755149E-003     0.16358816E-005
     0.49611589E-001    -0.18206339E-003    -0.24293819E-005     0.83768209E+001     0.36233459E+000     0.11801175E-003     0.16698175E-005
     0.49979083E-001    -0.18268074E-003    -0.24232857E-005     0.84478252E+001     0.37489699E+000     0.11847994E-003     0.17044617E-005
     0.50346576E-001    -0.18329812E-003    -0.24128409E-005     0.85213040E+001     0.38816977E+000     0.11895622E-003     0.17398200E-005
     0.50714069E-001    -0.18391469E-003    -0.23975628E-005     0.85973951E+001     0.40221157E+000     0.11944073E-003     0.17758961E-005
     0.51081562E-001    -0.18452954E-003    -0.23769160E-005     0.86762470E+001     0.41708731E+000     0.11993365E-003     0.18126915E-005
     0.51449056E-001    -0.18514163E-003    -0.23503087E-005     0.87580203E+001     0.43286906E+000     0.12043511E-003     0.18502048E-005
     0.51816549E-001    -0.18574983E-003    -0.23170858E-005     0.88428890E+001     0.44963699E+000     0.12094527E-003     0.18884313E-005
     0.52184042E-001    -0.18635286E-003    -0.22765234E-005     0.89310421E+001     0.46748050E+000     0.12146429E-003     0.19273624E-005
     0.52551535E-001    -0.18694933E-003    -0.22278214E-005     0.90226849E+001     0.48649953E+000     0.12199233E-003     0.19669845E-005
     0.52919029E-001    -0.18753767E-003    -0.21700968E-005     0.91180407E+001     0.50680610E+000     0.12252953E-003     0.20072785E-005
     0.53286522E-001    -0.18811615E-003    -0.21023757E-005     0.92173535E+001     0.52852609E+000     0.12307605E-003     0.20482185E-005
     0.53654015E-001    -0.18868285E-003    -0.20235837E-005     0.93208897E+001     0.55180141E+000     0.12363204E-003     0.20897702E-005
     0.54021508E-001    -0.18923562E-003    -0.19325369E-005     0.94289411E+001     0.57679243E+000     0.12419765E-003     0.21318901E-005
     0.54389002E-001    -0.18977212E-003    -0.18279330E-005     0.95418280E+001     0.60368102E+000     0.12477300E-003     0.21745227E-005
     0.54756495E-001    -0.19028969E-003    -0.17083441E-005     0.96599023E+001     0.63267408E+000     0.12535823E-003     0.22175989E-005
     0.55123988E-001    -0.19078543E-003    -0.15722095E-005     0.97835520E+001     0.66400774E+000     0.12595347E-003     0.22610331E-005
     0.55491481E-001    -0.19125608E-003    -0.14178310E-005     0.99132055E+001     0.69795254E+000     0.12655882E-003     0.23047196E-005
     0.55858975E-001    -0.19169804E-003    -0.12433713E-005     0.10049337E+002     0.73481952E+000     0.12717437E-003     0.23485288E-005
     0.56226468E-001    -0.19210728E-003    -0.10468581E-005     0.10192473E+002     0.77496775E+000     0.12780020E-003     0.23923024E-005
     0.56593961E-001    -0.19247934E-003    -0.82619613E-006     0.10343197E+002     0.81881343E+000     0.12843637E-003     0.24358470E-005
     0.56961454E-001    -0.19280921E-003    -0.57919321E-006     0.10502162E+002     0.86684110E+000     0.12908291E-003     0.24789265E-005
     0.57328948E-001    -0.19309132E-003    -0.30360574E-006     0.10670095E+002     0.91961748E+000     0.12973980E-003     0.25212533E-005
     0.57696441E-001    -0.19331941E-003     0.27871428E-008     0.10847813E+002     0.97780857E+000     0.13040700E-003     0.25624762E-005
     0.58063934E-001    -0.19348643E-003     0.34206715E-006     0.11036229E+002     0.10422011E+001     0.13108442E-003     0.26021660E-005
     0.58431427E-001    -0.19358444E-003     0.71599872E-006     0.11236374E+002     0.11137295E+001     0.13177192E-003     0.26397972E-005
     0.58798921E-001    -0.19360437E-003     0.11257604E-005     0.11449406E+002     0.11935097E+001     0.13246929E-003     0.26747244E-005
     0.59166414E-001    -0.19353579E-003     0.15715440E-005     0.11676634E+002     0.12828831E+001     0.13317624E-003     0.27061528E-005
     0.59533907E-001    -0.19336653E-003     0.20519610E-005     0.11919538E+002     0.13834715E+001     0.13389238E-003     0.27330993E-005
     0.59901400E-001    -0.19308217E-003     0.25631666E-005     0.12179788E+002     0.14972499E+001     0.13461725E-003     0.27543433E-005
     0.60268894E-001    -0.19266514E-003     0.30975727E-005     0.12459276E+002     0.16266402E+001     0.13535024E-003     0.27683611E-005
     0.60636387E-001    -0.19209341E-003     0.36419590E-005     0.12760134E+002     0.17746348E+001     0.13609062E-003     0.27732405E-005
     0.61003880E-001    -0.19133833E-003     0.41747155E-005     0.13084758E+002     0.19449606E+001     0.13683749E-003     0.27665670E-005
     0.61371373E-001    -0.19036104E-003     0.46618356E-005     0.13435819E+002     0.21422974E+001     0.13758982E-003     0.27452717E-005
     0.61738867E-001    -0.18910645E-003     0.50511539E-005     0.13816262E+002     0.23725735E+001     0.13834642E-003     0.27054263E-005
     0.62106360E-001    -0.18749289E-003     0.52642079E-005     0.14229254E+002     0.26433648E+001     0.13910600E-003     0.26419650E-005
     0.62473853E-001    -0.18539428E-003     0.51851451E-005     0.14678079E+002     0.29644407E+001     0.13986720E-003     0.25483041E-005
     0.62841346E-001    -0.18260872E-003     0.46466504E-005     0.15165887E+002     0.33485104E+001     0.14062882E-003     0.24158218E-005
     0.63208840E-001    -0.17880329E-003     0.34149220E-005     0.15695220E+002     0.38122434E+001     0.14139013E-003     0.22331465E-005
     0.63576333E-001    -0.17341671E-003     0.11817735E-005     0.16267109E+002     0.43776527E+001     0.14215147E-003     0.19851892E-005
     0.63943826E-001    -0.16549006E-003    -0.24119852E-005     0.16879411E+002     0.50739234E+001     0.14291544E-003     0.16518611E-005
     0.64311319E-001    -0.15338354E-003    -0.76579144E-005     0.17523790E+002     0.59397052E+001     0.14368897E-003     0.12064555E-005
     0.64678813E-001    -0.13434535E-003    -0.14411624E-004     0.18180306E+002     0.70256275E+001     0.14448706E-003     0.61384653E-006
     0.65046306E-001    -0.10400539E-003    -0.21144876E-004     0.18807940E+002     0.83960688E+001     0.14533940E-003    -0.17085392E-006
     0.65413799E-001    -0.56293851E-004    -0.22869020E-004     0.19328670E+002     0.10127355E+002     0.14630148E-003    -0.12012613E-005
     0.65781292E-001     0.14590805E-004    -0.75904475E-005     0.19603071E+002     0.12295427E+002     0.14747197E-003    -0.25314674E-005
     0.66148786E-001     0.10700393E-003     0.46789578E-004     0.19400522E+002     0.14938617E+002     0.14901433E-003    -0.41902909E-005
     0.66516279E-001     0.19835163E-003     0.16727372E-003     0.18386039E+002     0.17974524E+002     0.15116762E-003    -0.61224498E-005
     0.66883772E-001     0.23745642E-003     0.36216315E-003     0.16186865E+002     0.21068347E+002     0.15420062E-003    -0.80936681E-005
     0.67251265E-001     0.16834676E-003     0.59120019E-003     0.12626390E+002     0.23545787E+002     0.15824533E-003    -0.96263318E-005
     0.67618759E-001    -0.18631828E-004     0.77346785E-003     0.80656118E+001     0.24585358E+002     0.16305197E-003    -0.10135129E-004
     0.67986252E-001    -0.26704443E-003     0.84541378E-003     0.34471620E+001     0.23764057E+002     0.16795601E-003    -0.93158793E-005
     0.68353745E-001    -0.49882039E-003     0.80608220E-003    -0.24704979E+000     0.21427849E+002     0.17226315E-003    -0.74101677E-005
     0.68721239E-001    -0.66857308E-003     0.69999790E-003    -0.25837680E+001     0.18384767E+002     0.17566740E-003    -0.49883635E-005
     0.69088732E-001    -0.77251297E-003     0.57381196E-003    -0.36964857E+001     0.15342236E+002     0.17826480E-003    -0.25504628E-005
     0.69456225E-001    -0.82714917E-003     0.45506645E-003    -0.39513504E+001     0.12670846E+002     0.18031689E-003    -0.35813834E-006
     0.69823718E-001    -0.85102813E-003     0.35405135E-003    -0.36930367E+001     0.10473818E+002     0.18207064E-003     0.15164455E-005
     0.70191212E-001    -0.85796809E-003     0.27175622E-003    -0.31636339E+001     0.87210739E+001     0.18370069E-003     0.30958406E-005
     0.70558705E-001    -0.85671047E-003     0.20559993E-003    -0.25110489E+001     0.73384209E+001     0.18531514E-003     0.44340952E-005
     0.70926198E-001    -0.85235581E-003     0.15222145E-003    -0.18185985E+001     0.62487612E+001     0.18697644E-003     0.55873520E-005
     0.71293691E-001    -0.84774650E-003     0.10853400E-003    -0.11303328E+001     0.53862956E+001     0.18871954E-003     0.66037059E-005
     0.71661185E-001    -0.84441598E-003     0.72000097E-004    -0.46781832E+000     0.46990361E+001     0.19056394E-003     0.75216295E-005
     0.72028678E-001    -0.84316946E-003     0.40613512E-004     0.15980234E+000     0.41472431E+001     0.19252069E-003     0.83713037E-005
     0.72396171E-001    -0.84442169E-003     0.12792276E-004     0.75005237E+000     0.37009247E+001     0.19459605E-003     0.91763142E-005
     0.72763664E-001    -0.84838676E-003    -0.12740904E-004     0.13039002E+001     0.33375026E+001     0.19679368E-003     0.99548374E-005
     0.73131158E-001    -0.85517940E-003    -0.37066635E-004     0.18239851E+001     0.30399328E+001     0.19911625E-003     0.10720269E-004
     0.73498651E-001    -0.86486233E-003    -0.61159146E-004     0.23136529E+001     0.27952791E+001     0.20156728E-003     0.11482033E-004
     0.73866144E-001    -0.87746277E-003    -0.85959473E-004     0.27764453E+001     0.25936612E+001     0.20415266E-003     0.12247476E-004
     0.74233637E-001    -0.89297315E-003    -0.11244229E-003     0.32158383E+001     0.24274853E+001     0.20688030E-003     0.13024088E-004
     0.74601131E-001    -0.91133246E-003    -0.14169257E-003     0.36351204E+001     0.22908842E+001     0.20975864E-003     0.13820166E-004
     0.74968624E-001    -0.93236938E-003    -0.17499721E-003     0.40373451E+001     0.21793097E+001     0.21279597E-003     0.14644052E-004
     0.75336117E-001    -0.95568407E-003    -0.21394547E-003     0.44253247E+001     0.20892349E+001     0.21600083E-003     0.15503434E-004
     0.75703610E-001    -0.98043409E-003    -0.26052517E-003     0.48016425E+001     0.20179380E+001     0.21938270E-003     0.16405231E-004
     0.76071104E-001    -0.10049636E-002    -0.31717279E-003     0.51686748E+001     0.19633459E+001     0.22295264E-003     0.17355780E-004
     0.76438597E-001    -0.10261923E-002    -0.38665698E-003     0.55286118E+001     0.19239228E+001     0.22672377E-003     0.18361045E-004
     0.76806090E-001    -0.10387153E-002    -0.47150543E-003     0.58834747E+001     0.18985944E+001     0.23071183E-003     0.19426748E-004
     0.77173583E-001    -0.10338227E-002    -0.57241063E-003     0.62351199E+001     0.18867004E+001     0.23493606E-003     0.20558489E-004
     0.77541077E-001    -0.99948063E-003    -0.68492092E-003     0.65852240E+001     0.18879664E+001     0.23942056E-003     0.21761999E-004
     0.77908570E-001    -0.92382708E-003    -0.79484639E-003     0.69352323E+001     0.19024860E+001     0.24419639E-003     0.23043846E-004
     0.78276063E-001    -0.80469474E-003    -0.87689700E-003     0.72862546E+001     0.19306867E+001     0.24930476E-003     0.24413325E-004
     0.78643556E-001    -0.66030122E-003    -0.90477736E-003     0.76388865E+001     0.19732231E+001     0.25480141E-003     0.25887100E-004
     0.79011050E-001    -0.52560924E-003    -0.87061956E-003     0.79929780E+001     0.20306796E+001     0.26076077E-003     0.27499576E-004
     0.79378543E-001    -0.43086070E-003    -0.79218306E-003     0.83475152E+001     0.21029036E+001     0.26727421E-003     0.29322809E-004
     0.79746036E-001    -0.38572143E-003    -0.69801027E-003     0.87011208E+001     0.21879121E+001     0.27442780E-003     0.31494284E-004
     0.80113529E-001    -0.38308615E-003    -0.61036890E-003     0.90539348E+001     0.22810656E+001     0.28224221E-003     0.34228820E-004
     0.80481023E-001    -0.41011373E-003    -0.54054451E-003     0.94105672E+001     0.23764481E+001     0.29059188E-003     0.37761189E-004
     0.80848516E-001    -0.45490786E-003    -0.49167058E-003     0.97808782E+001     0.24713879E+001     0.29919781E-003     0.42202533E-004
     0.81216009E-001    -0.50877785E-003    -0.46223537E-003     0.10175737E+002     0.25700007E+001     0.30776793E-003     0.47427036E-004
     0.81583502E-001    -0.56666156E-003    -0.44871371E-003     0.10601866E+002     0.26810351E+001     0.31618589E-003     0.53115101E-004
     0.81950996E-001    -0.62666890E-003    -0.44747478E-003     0.11061467E+002     0.28131275E+001     0.32461404E-003     0.58912062E-004
     0.82318489E-001    -0.68915621E-003    -0.45601328E-003     0.11555152E+002     0.29728490E+001     0.33347625E-003     0.64626613E-004
     0.82685982E-001    -0.75554000E-003    -0.47353188E-003     0.12084108E+002     0.31656131E+001     0.34328634E-003     0.70380392E-004
     0.83053475E-001    -0.82720151E-003    -0.50073133E-003     0.12650584E+002     0.33970319E+001     0.35441699E-003     0.76559584E-004
     0.83420969E-001    -0.90506068E-003    -0.53915109E-003     0.13257763E+002     0.36737357E+001     0.36702687E-003     0.83622605E-004
     0.83788462E-001    -0.98974667E-003    -0.59077630E-003     0.13909663E+002     0.40039690E+001     0.38115347E-003     0.91979143E-004
     0.84155955E-001    -0.10818287E-002    -0.65808865E-003     0.14611041E+002     0.43982816E+001     0.39681646E-003     0.10199709E-003
     0.84523448E-001    -0.11818610E-002    -0.74431565E-003     0.15367201E+002     0.48703894E+001     0.41406040E-003     0.11406023E-003
     0.84890942E-001    -0.12903032E-002    -0.85371950E-003     0.16183624E+002     0.54382629E+001     0.43295650E-003     0.12862274E-003
     0.85258435E-001    -0.14073953E-002    -0.99198665E-003     0.17065334E+002     0.61255565E+001     0.45359188E-003     0.14625944E-003
     0.85625928E-001    -0.15328730E-002    -0.11668622E-002     0.18015742E+002     0.69635186E+001     0.47604632E-003     0.16772955E-003
     0.85993421E-001    -0.16652665E-002    -0.13890267E-002     0.19034575E+002     0.79935160E+001     0.50033693E-003     0.19405716E-003
     0.86360915E-001    -0.18005743E-002    -0.16731040E-002     0.20114130E+002     0.92702126E+001     0.52631670E-003     0.22661911E-003
     0.86728408E-001    -0.19300110E-002    -0.20387557E-002     0.21232647E+002     0.10865134E+002     0.55351069E-003     0.26723834E-003
     0.87095901E-001    -0.20361296E-002    -0.25116552E-002     0.22342902E+002     0.12869506E+002     0.58084497E-003     0.31827420E-003
     0.87463394E-001    -0.20861675E-002    -0.31234296E-002     0.23353634E+002     0.15393341E+002     0.60619261E-003     0.38265796E-003
     0.87830888E-001    -0.20212981E-002    -0.39081364E-002     0.24102187E+002     0.18554206E+002     0.62564366E-003     0.46372916E-003
     0.88198381E-001    -0.17413663E-002    -0.48900200E-002     0.24320983E+002     0.22444498E+002     0.63245417E-003     0.56454806E-003
     0.88565874E-001    -0.10890128E-002    -0.60527592E-002     0.23609623E+002     0.27062694E+002     0.61589572E-003     0.68609006E-003
     0.88933367E-001     0.14899168E-003    -0.72769952E-002     0.21441328E+002     0.32191996E+002     0.56100230E-003     0.82354421E-003
     0.89300861E-001     0.21756582E-002    -0.82484823E-002     0.17279136E+002     0.37221936E+002     0.45187826E-003     0.96071382E-003
     0.89668354E-001     0.49902621E-002    -0.84139696E-002     0.10937295E+002     0.41035404E+002     0.28233057E-003     0.10667009E-002
     0.90035847E-001     0.81251544E-002    -0.71676876E-002     0.31090060E+001     0.42338253E+002     0.70743156E-004     0.11054248E-002
     0.90403340E-001     0.10635534E-001    -0.43167006E-002    -0.46114027E+001     0.40548320E+002    -0.13950065E-003     0.10603238E-002
     0.90770834E-001     0.11572330E-001    -0.41625311E-003    -0.10652770E+002     0.36341192E+002    -0.30545350E-003     0.94927382E-003
     0.91138327E-001     0.10571702E-001     0.34366651E-002    -0.14387827E+002     0.31083057E+002    -0.40975632E-003     0.80911888E-003
     0.91505820E-001     0.80721485E-002     0.61809239E-002    -0.16097941E+002     0.25918104E+002    -0.45975301E-003     0.67084015E-003
     0.91873314E-001     0.50397412E-002     0.73404946E-002    -0.16409681E+002     0.21423811E+002    -0.47223997E-003     0.55013320E-003
     0.92240807E-001     0.23707222E-002     0.71641943E-002    -0.15893222E+002     0.17746862E+002    -0.46256590E-003     0.45103363E-003
     0.92608300E-001     0.47167345E-003     0.62552995E-002    -0.14943243E+002     0.14825179E+002    -0.44137477E-003     0.37190928E-003
     0.92975793E-001    -0.68692626E-003     0.51325343E-002    -0.13798759E+002     0.12530750E+002    -0.41512406E-003     0.30932665E-003
     0.93343287E-001    -0.13089856E-002     0.40775416E-002    -0.12593310E+002     0.10734331E+002    -0.38743609E-003     0.25980350E-003
     0.93710780E-001    -0.15957658E-002     0.31900709E-002    -0.11396646E+002     0.93271785E+001    -0.36022318E-003     0.22039624E-003
     0.94078273E-001    -0.16904808E-002     0.24779663E-002    -0.10242084E+002     0.82244881E+001    -0.33442624E-003     0.18879023E-003
     0.94445766E-001    -0.16811747E-002     0.19153497E-002    -0.91428539E+001     0.73625921E+001    -0.31045614E-003     0.16321960E-003
     0.94813260E-001    -0.16172221E-002     0.14700658E-002    -0.81014812E+001     0.66948552E+001    -0.28844622E-003     0.14234968E-003
     0.95180753E-001    -0.15237592E-002     0.11145816E-002    -0.71151072E+001     0.61879671E+001    -0.26839451E-003     0.12516826E-003
     0.95548246E-001    -0.14121534E-002     0.83019097E-003    -0.61785311E+001     0.58190542E+001    -0.25024549E-003     0.11089396E-003
     0.95915739E-001    -0.12890624E-002     0.60830658E-003    -0.52859998E+001     0.55735844E+001    -0.23393312E-003     0.98892571E-004
     0.96283233E-001    -0.11657569E-002     0.44695799E-003    -0.44322694E+001     0.54439878E+001    -0.21938082E-003     0.88599688E-004
     0.96650726E-001    -0.10621769E-002     0.33918604E-003    -0.36132947E+001     0.54291378E+001    -0.20645067E-003     0.79477495E-004
     0.97018219E-001    -0.99576292E-003     0.26213225E-003    -0.28273010E+001     0.55350147E+001    -0.19488146E-003     0.71054115E-004
     0.97385712E-001    -0.96461414E-003     0.18538483E-003    -0.20777022E+001     0.57761639E+001    -0.18431499E-003     0.63022790E-004
     0.97753206E-001    -0.95000378E-003     0.90328263E-004    -0.13788567E+001     0.61761353E+001    -0.17442333E-003     0.55263454E-004
     0.98120699E-001    -0.93240209E-003    -0.26112000E-004    -0.76440779E+000     0.67648754E+001    -0.16498590E-003     0.47735769E-004
     0.98488192E-001    -0.89769263E-003    -0.16057023E-003    -0.29813524E+000     0.75706636E+001    -0.15583366E-003     0.40377160E-004
     0.98855685E-001    -0.83284109E-003    -0.30769818E-003    -0.85686861E-001     0.86004894E+001    -0.14674327E-003     0.33108357E-004
     0.99223179E-001    -0.72245327E-003    -0.45548109E-003    -0.27557377E+000     0.97998376E+001    -0.13737804E-003     0.25939802E-004
     0.99590672E-001    -0.55495393E-003    -0.57666915E-003    -0.10185114E+001     0.10995472E+002    -0.12735226E-003     0.19135322E-004
     0.99958165E-001    -0.34176926E-003    -0.62951892E-003    -0.23521527E+001     0.11874254E+002    -0.11649417E-003     0.13298316E-004
     0.10032566E+000    -0.13362890E-003    -0.58530087E-003    -0.40649179E+001     0.12100881E+002    -0.10518133E-003     0.91229488E-005
     0.10069315E+000     0.38368620E-005    -0.46917082E-003    -0.57300631E+001     0.11559700E+002    -0.94281190E-004     0.68349624E-005
     0.10106064E+000     0.51775491E-004    -0.35334644E-003    -0.69701615E+001     0.10456275E+002    -0.84541824E-004     0.59560815E-005
     0.10142814E+000     0.57571217E-004    -0.28959386E-003    -0.76659868E+001     0.91356206E+001    -0.76114282E-004     0.57443024E-005
     0.10179563E+000     0.80368627E-004    -0.26552294E-003    -0.79115374E+001     0.78572967E+001    -0.68700332E-004     0.57398616E-005
     0.10216312E+000     0.13419779E-003    -0.23236242E-003    -0.78609895E+001     0.67322661E+001    -0.61992619E-004     0.58817470E-005
     0.10253062E+000     0.18566845E-003    -0.16088282E-003    -0.76339090E+001     0.57758322E+001    -0.55932453E-004     0.62539194E-005
     0.10289811E+000     0.19754880E-003    -0.67570639E-004    -0.73011124E+001     0.49723635E+001    -0.50624991E-004     0.68083707E-005
     0.10326560E+000     0.16719646E-003     0.10827467E-004    -0.69056452E+001     0.43049453E+001    -0.46113623E-004     0.73409059E-005
     0.10363310E+000     0.11916603E-003     0.55706821E-004    -0.64787107E+001     0.37576274E+001    -0.42301770E-004     0.76407314E-005
     0.10400059E+000     0.76026540E-004     0.72547569E-004    -0.60432808E+001     0.33130489E+001    -0.39026174E-004     0.75827418E-005
     0.10436808E+000     0.46368333E-004     0.74780901E-004    -0.56143242E+001     0.29534675E+001    -0.36133899E-004     0.71153971E-005
     0.10473558E+000     0.29571146E-004     0.72631288E-004    -0.52001965E+001     0.26628331E+001    -0.33505697E-004     0.62154709E-005
     0.10510307E+000     0.22331344E-004     0.71520758E-004    -0.48047556E+001     0.24279095E+001    -0.31044233E-004     0.48544310E-005
     0.10547056E+000     0.21651355E-004     0.73969070E-004    -0.44292324E+001     0.22384149E+001    -0.28649117E-004     0.29824760E-005
     0.10583806E+000     0.25394192E-004     0.81353475E-004    -0.40735761E+001     0.20866740E+001    -0.26185149E-004     0.52657092E-006
     0.10620555E+000     0.32012867E-004     0.94843171E-004    -0.37373734E+001     0.19670966E+001    -0.23441418E-004    -0.25935887E-005
     0.10657304E+000     0.40233982E-004     0.11588243E-003    -0.34204945E+001     0.18755597E+001    -0.20083972E-004    -0.64133073E-005
     0.10694054E+000     0.48660406E-004     0.14674896E-003    -0.31234792E+001     0.18086125E+001    -0.15631827E-004    -0.10804510E-004
     0.10730803E+000     0.54674755E-004     0.19121393E-003    -0.28474017E+001     0.17624746E+001    -0.95448422E-005    -0.15285262E-004
     0.10767552E+000     0.52065728E-004     0.25442825E-003    -0.25927678E+001     0.17323220E+001    -0.15512581E-005    -0.18884036E-004
     0.10804302E+000     0.27776563E-004     0.34022278E-003    -0.23578219E+001     0.17131815E+001     0.78549993E-005    -0.20393240E-004
     0.10841051E+000    -0.39514548E-004     0.44415010E-003    -0.21386980E+001     0.17028278E+001     0.17313538E-004    -0.19145551E-004
     0.10877800E+000    -0.17419279E-003     0.54336077E-003    -0.19332672E+001     0.17033222E+001     0.25344172E-004    -0.15587655E-004
     0.10914550E+000    -0.38686069E-003     0.58908453E-003    -0.17452046E+001     0.17175186E+001     0.31213192E-004    -0.10893882E-004
     0.10951299E+000    -0.64496951E-003     0.51685123E-003    -0.15831134E+001     0.17426562E+001     0.35008975E-004    -0.61764792E-005
     0.10988048E+000    -0.85574217E-003     0.29479518E-003    -0.14537401E+001     0.17663570E+001     0.37212207E-004    -0.21417427E-005
     0.11024798E+000    -0.91486490E-003    -0.17263952E-004    -0.13524451E+001     0.17701990E+001     0.38392635E-004     0.84787062E-006
     0.11061547E+000    -0.80285767E-003    -0.29161469E-003    -0.12600030E+001     0.17425046E+001     0.39117016E-004     0.26856610E-005
     0.11098296E+000    -0.60182975E-003    -0.44059362E-003    -0.11538338E+001     0.16892482E+001     0.39871763E-004     0.34905647E-005
     0.11135046E+000    -0.40880259E-003    -0.46879130E-003    -0.10234085E+001     0.16292142E+001     0.40974110E-004     0.35211477E-005
     0.11171795E+000    -0.27063901E-003    -0.42797122E-003    -0.87341596E+000     0.15801459E+001     0.42572297E-004     0.30479474E-005
     0.11208544E+000    -0.18979511E-003    -0.36425442E-003    -0.71676156E+000     0.15505457E+001     0.44726769E-004     0.22873355E-005
     0.11245294E+000    -0.15200085E-003    -0.30319965E-003    -0.56715027E+000     0.15385711E+001     0.47484655E-004     0.14281804E-005
     0.11282043E+000    -0.14214454E-003    -0.25570120E-003    -0.43326277E+000     0.15336959E+001     0.50871217E-004     0.70061740E-006
     0.11318792E+000    -0.14811637E-003    -0.22546065E-003    -0.31347763E+000     0.15215672E+001     0.54799439E-004     0.37651712E-006
     0.11355542E+000    -0.16029070E-003    -0.21254388E-003    -0.19534687E+000     0.14932938E+001     0.59029586E-004     0.64800314E-006
     0.11392291E+000    -0.17118566E-003    -0.21446590E-003    -0.64066613E-001     0.14520230E+001     0.63285044E-004     0.15268616E-005
     0.11429040E+000    -0.17571677E-003    -0.22713867E-003     0.87853771E-001     0.14089124E+001     0.67382505E-004     0.29078021E-005
     0.11465790E+000    -0.17099276E-003    -0.24596671E-003     0.25967721E+000     0.13745544E+001     0.71227566E-004     0.46685114E-005
     0.11502539E+000    -0.15565535E-003    -0.26636229E-003     0.44729420E+000     0.13553287E+001     0.74778652E-004     0.66841822E-005
     0.11539288E+000    -0.12950310E-003    -0.28347202E-003     0.64679358E+000     0.13545630E+001     0.78057687E-004     0.88363754E-005
     0.11576038E+000    -0.94280696E-004    -0.29179024E-003     0.85531531E+000     0.13744686E+001     0.81143482E-004     0.11055634E-004
     0.11612787E+000    -0.55252097E-004    -0.28656169E-003     0.10707921E+001     0.14172928E+001     0.84128911E-004     0.13345569E-004
     0.11649536E+000    -0.20406228E-004    -0.26720527E-003     0.12915027E+001     0.14860092E+001     0.87080379E-004     0.15773973E-004
     0.11686285E+000     0.38784056E-005    -0.23848423E-003     0.15154431E+001     0.15848821E+001     0.90013900E-004     0.18453451E-004
     0.11723035E+000     0.16015306E-004    -0.20718979E-003     0.17393475E+001     0.17199103E+001     0.92877682E-004     0.21523084E-004
     0.11759784E+000     0.18221024E-004    -0.17836689E-003     0.19571681E+001     0.18989934E+001     0.95532495E-004     0.25127091E-004
     0.11796533E+000     0.13854213E-004    -0.15425330E-003     0.21577737E+001     0.21313936E+001     0.97728043E-004     0.29382063E-004
     0.11833283E+000     0.56887642E-005    -0.13510456E-003     0.23217975E+001     0.24254739E+001     0.99076003E-004     0.34320586E-004
     0.11870032E+000    -0.45879325E-005    -0.12032247E-003     0.24186177E+001     0.27828478E+001     0.99029991E-004     0.39781393E-004
     0.11906781E+000    -0.16226592E-004    -0.10927494E-003     0.24074247E+001     0.31871784E+001     0.96946201E-004     0.45197972E-004
     0.11943531E+000    -0.28973209E-004    -0.10180323E-003     0.22504165E+001     0.35908546E+001     0.92427136E-004     0.49355216E-004
     0.11980280E+000    -0.42293903E-004    -0.98359729E-004     0.19420621E+001     0.39153808E+001     0.86030339E-004     0.50549708E-004
     0.12017029E+000    -0.54554555E-004    -0.99022380E-004     0.15338664E+001     0.40839046E+001     0.79688072E-004     0.47602427E-004
     0.12053779E+000    -0.64290807E-004    -0.10158075E-003     0.11189153E+001     0.40678014E+001     0.75855305E-004     0.40985721E-004
     0.12090528E+000    -0.73900458E-004    -0.10267359E-003     0.78417187E+000     0.39004627E+001     0.76013584E-004     0.32567657E-004
     0.12127277E+000    -0.90025706E-004    -0.10345645E-003     0.57443541E+000     0.36524509E+001     0.80298972E-004     0.24337720E-004
     0.12164027E+000    -0.11748962E-003    -0.11349861E-003     0.48523376E+000     0.33946679E+001     0.88192361E-004     0.17820333E-004
     0.12200776E+000    -0.15106853E-003    -0.14829330E-003     0.48114680E+000     0.31707459E+001     0.98846182E-004     0.14343289E-004
     0.12237525E+000    -0.16966903E-003    -0.21967739E-003     0.52318509E+000     0.29934492E+001     0.11075433E-003     0.15026443E-004
     0.12274275E+000    -0.13965596E-003    -0.32041453E-003     0.58250363E+000     0.28585740E+001     0.12172251E-003     0.20110366E-004
     0.12311024E+000    -0.33210909E-004    -0.41266693E-003     0.63816529E+000     0.27543227E+001     0.12962321E-003     0.28469093E-004
     0.12347773E+000     0.14301097E-003    -0.43454994E-003     0.67722307E+000     0.26596895E+001     0.13330656E-003     0.37858630E-004
     0.12384523E+000     0.32674415E-003    -0.33618133E-003     0.70445251E+000     0.25480079E+001     0.13322075E-003     0.45702711E-004
     0.12421272E+000     0.42406487E-003    -0.13456410E-003     0.74489760E+000     0.24044042E+001     0.13137615E-003     0.50340489E-004
     0.12458021E+000     0.38732195E-003     0.80026692E-004     0.82639099E+000     0.22388274E+001     0.13015517E-003     0.51907431E-004
     0.12494771E+000     0.25639696E-003     0.22136992E-003     0.95975962E+000     0.20765790E+001     0.13094397E-003     0.51798768E-004
     0.12531520E+000     0.10537625E-003     0.27031358E-003     0.11377574E+001     0.19398558E+001     0.13392204E-003     0.51480461E-004
     0.12568269E+000    -0.19606809E-004     0.25527472E-003     0.13459002E+001     0.18399497E+001     0.13866496E-003     0.51902926E-004
     0.12605019E+000    -0.10736722E-003     0.20922706E-003     0.15706624E+001     0.17796532E+001     0.14465618E-003     0.53568148E-004
     0.12641768E+000    -0.16285064E-003     0.15276473E-003     0.18018285E+001     0.17577189E+001     0.15144922E-003     0.56775512E-004
     0.12678517E+000    -0.19409178E-003     0.95689133E-004     0.20318855E+001     0.17716952E+001     0.15860805E-003     0.61782270E-004
     0.12715267E+000    -0.20755664E-003     0.41478922E-004     0.22546023E+001     0.18191516E+001     0.16557411E-003     0.68809946E-004
     0.12752016E+000    -0.20673205E-003    -0.94575433E-005     0.24632426E+001     0.18974956E+001     0.17158019E-003     0.77899153E-004
     0.12788765E+000    -0.19180257E-003    -0.57177245E-004     0.26494021E+001     0.20015010E+001     0.17571933E-003     0.88664400E-004
     0.12825515E+000    -0.16032366E-003    -0.99652205E-004     0.28056905E+001     0.21192349E+001     0.17728367E-003     0.10006861E-003
     0.12862264E+000    -0.10951107E-003    -0.13057340E-003     0.29340151E+001     0.22320636E+001     0.17641586E-003     0.11054799E-003
     0.12899013E+000    -0.40353114E-004    -0.13896438E-003     0.30523595E+001     0.23253354E+001     0.17457947E-003     0.11890940E-003
     0.12935763E+000     0.38063427E-004    -0.11256334E-003     0.31871062E+001     0.24033890E+001     0.17389718E-003     0.12551480E-003
     0.12972512E+000     0.10805961E-003    -0.44822983E-004     0.33540313E+001     0.24904551E+001     0.17561710E-003     0.13232921E-003
     0.13009261E+000     0.14929291E-003     0.59717978E-004     0.35481461E+001     0.26160221E+001     0.17929946E-003     0.14173757E-003
     0.13046011E+000     0.14607344E-003     0.18688021E-003     0.37475641E+001     0.28017233E+001     0.18312018E-003     0.15549136E-003
     0.13082760E+000     0.89901627E-004     0.31707868E-003     0.39202998E+001     0.30560326E+001     0.18439381E-003     0.17427290E-003
     0.13119509E+000    -0.19249476E-004     0.42704857E-003     0.40292080E+001     0.33706735E+001     0.17993875E-003     0.19735847E-003
     0.13156258E+000    -0.16884812E-003     0.49347422E-003     0.40394616E+001     0.37155926E+001     0.16669985E-003     0.22209918E-003
     0.13193008E+000    -0.33310388E-003     0.50308784E-003     0.39330332E+001     0.40369562E+001     0.14309881E-003     0.24366657E-003
     0.13229757E+000    -0.48346178E-003     0.46232839E-003     0.37287860E+001     0.42674968E+001     0.11091280E-003     0.25606262E-003
     0.13266506E+000    -0.60590848E-003     0.39392871E-003     0.34938680E+001     0.43585536E+001     0.76107322E-004     0.25509337E-003
     0.13303256E+000    -0.70875547E-003     0.31832009E-003     0.33189057E+001     0.43197523E+001     0.46412728E-004     0.24159151E-003
     0.13340005E+000    -0.81004008E-003     0.23623345E-003     0.32626458E+001     0.42199717E+001     0.26772879E-004     0.22111301E-003
     0.13376754E+000    -0.91642368E-003     0.13077542E-003     0.33220411E+001     0.41409909E+001     0.17270576E-004     0.20007516E-003
     0.13413504E+000    -0.10145605E-002    -0.14821082E-004     0.34499024E+001     0.41340713E+001     0.14771019E-004     0.18256495E-003
     0.13450253E+000    -0.10803583E-002    -0.20214123E-003     0.35884226E+001     0.42071879E+001     0.15423902E-004     0.16973588E-003
     0.13487002E+000    -0.10931778E-002    -0.41713530E-003     0.36968913E+001     0.43325683E+001     0.16241435E-004     0.16054252E-003
     0.13523752E+000    -0.10424903E-002    -0.63699886E-003     0.37707156E+001     0.44683620E+001     0.15928069E-004     0.15279817E-003
     0.13560501E+000    -0.92983810E-003    -0.83621585E-003     0.38401708E+001     0.45918013E+001     0.15088153E-004     0.14451807E-003
     0.13597250E+000    -0.76901743E-003    -0.99288074E-003     0.39403641E+001     0.47207545E+001     0.15408745E-004     0.13516466E-003
     0.13634000E+000    -0.58274117E-003    -0.10949192E-002     0.40755556E+001     0.49012052E+001     0.18151843E-004     0.12580162E-003
     0.13670749E+000    -0.39627242E-003    -0.11447356E-002     0.42082753E+001     0.51733077E+001     0.23243560E-004     0.11807246E-003
     0.13707498E+000    -0.22594162E-003    -0.11591218E-002     0.42747824E+001     0.55433856E+001     0.29460909E-004     0.11313585E-003
     0.13744248E+000    -0.71006400E-004    -0.11575966E-002     0.42124510E+001     0.59723891E+001     0.35033292E-004     0.11118718E-003
     0.13780997E+000     0.81303806E-004    -0.11497790E-002     0.39910435E+001     0.63818490E+001     0.38229918E-004     0.11132073E-003
     0.13817746E+000     0.24590381E-003    -0.11324093E-002     0.36387767E+001     0.66837308E+001     0.37980893E-004     0.11167144E-003
     0.13854496E+000     0.43459377E-003    -0.10906768E-002     0.32355083E+001     0.68309144E+001     0.34249281E-004     0.10992535E-003
     0.13891245E+000     0.64994401E-003    -0.99544486E-003     0.28577683E+001     0.68403008E+001     0.27958975E-004     0.10363237E-003
     0.13927994E+000     0.86595967E-003    -0.80602005E-003     0.25366311E+001     0.67499086E+001     0.21436574E-004     0.90068365E-004
     0.13964744E+000     0.10104159E-002    -0.50529136E-003     0.22863675E+001     0.65741165E+001     0.19799918E-004     0.67320077E-004
     0.14001493E+000     0.10025715E-002    -0.15114523E-003     0.21447523E+001     0.63262191E+001     0.30604971E-004     0.37743466E-004
     0.14038242E+000     0.83658163E-003     0.14386657E-003     0.21517780E+001     0.60585621E+001     0.59033497E-004     0.10250333E-004
     0.14074992E+000     0.59251607E-003     0.30803130E-003     0.23053248E+001     0.58484510E+001     0.10210262E-003    -0.35273357E-005
     0.14111741E+000     0.35668619E-003     0.35046470E-003     0.25586527E+001     0.57554028E+001     0.14901947E-003     0.27573776E-005
     0.14148490E+000     0.17048864E-003     0.31598984E-003     0.28487944E+001     0.58019672E+001     0.18845241E-003     0.26286821E-004
     0.14185240E+000     0.42082855E-004     0.24411467E-003     0.31206939E+001     0.59806289E+001     0.21492821E-003     0.58903484E-004
     0.14221989E+000    -0.34054911E-004     0.16379833E-003     0.33365125E+001     0.62705390E+001     0.22913679E-003     0.93020505E-004
     0.14258738E+000    -0.72717605E-004     0.94879485E-004     0.34682117E+001     0.66529309E+001     0.23472844E-003     0.12450448E-003
     0.14295488E+000    -0.93032355E-004     0.44023562E-004     0.34779752E+001     0.71072238E+001     0.23519676E-003     0.15238764E-003
     0.14332237E+000    -0.10909438E-003     0.60562358E-005     0.33179469E+001     0.75794863E+001     0.23260122E-003     0.17694927E-003
     0.14368986E+000    -0.12507220E-003    -0.28415231E-004     0.29778849E+001     0.79630947E+001     0.22831273E-003     0.19832448E-003
     0.14405736E+000    -0.13663019E-003    -0.65016053E-004     0.25418036E+001     0.81481304E+001     0.22399247E-003     0.21680004E-003
     0.14442485E+000    -0.13768381E-003    -0.10055862E-003     0.21662867E+001     0.81154394E+001     0.22135410E-003     0.23361313E-003
     0.14479234E+000    -0.12990782E-003    -0.12583407E-003     0.19778895E+001     0.79644228E+001     0.22140281E-003     0.25094421E-003
     0.14515984E+000    -0.12498197E-003    -0.13713306E-003     0.20042345E+001     0.78439655E+001     0.22409625E-003     0.27155921E-003
     0.14552733E+000    -0.13356724E-003    -0.14352524E-003     0.21869055E+001     0.78802215E+001     0.22794946E-003     0.29862387E-003
     0.14589482E+000    -0.15420667E-003    -0.15873704E-003     0.24178904E+001     0.81507222E+001     0.22932875E-003     0.33503897E-003
     0.14626232E+000    -0.17722642E-003    -0.18871915E-003     0.25604069E+001     0.86786202E+001     0.22212129E-003     0.38197196E-003
     0.14662981E+000    -0.19598573E-003    -0.23197700E-003     0.24621265E+001     0.94180822E+001     0.19838236E-003     0.43677756E-003
     0.14699730E+000    -0.20827722E-003    -0.28904764E-003     0.19902237E+001     0.10228365E+002     0.15096737E-003     0.49077833E-003
     0.14736479E+000    -0.20684984E-003    -0.36495703E-003     0.11102355E+001     0.10876489E+002     0.79048062E-004     0.52941418E-003
     0.14773229E+000    -0.17371057E-003    -0.45785050E-003    -0.38329351E-001     0.11130499E+002    -0.68320427E-005     0.53865075E-003
     0.14809978E+000    -0.92316087E-004    -0.54624491E-003    -0.11856062E+001     0.10908138E+002    -0.88015707E-004     0.51507450E-003
     0.14846727E+000     0.30912643E-004    -0.59746987E-003    -0.20938756E+001     0.10320719E+002    -0.14926423E-003     0.46851568E-003
     0.14883477E+000     0.16641175E-003    -0.59472409E-003    -0.26698217E+001     0.95667836E+001    -0.18651570E-003     0.41381205E-003
     0.14920226E+000     0.28705317E-003    -0.54689795E-003    -0.29437331E+001     0.88104917E+001    -0.20452394E-003     0.36154762E-003
     0.14956975E+000     0.38382694E-003    -0.47070129E-003    -0.29900254E+001     0.81425159E+001    -0.20984897E-003     0.31551405E-003
     0.14993725E+000     0.45732823E-003    -0.37460753E-003    -0.28780305E+001     0.76076418E+001    -0.20648341E-003     0.27599604E-003
     0.15030474E+000     0.50464867E-003    -0.26035425E-003    -0.26734589E+001     0.72328623E+001    -0.19633715E-003     0.24342823E-003
     0.15067223E+000     0.51656034E-003    -0.13269154E-003    -0.24482819E+001     0.70240517E+001    -0.18144088E-003     0.21910240E-003
     0.15103973E+000     0.48377960E-003    -0.55749028E-005    -0.22696345E+001     0.69558245E+001    -0.16504572E-003     0.20402848E-003
     0.15140722E+000     0.40558842E-003     0.98537181E-004    -0.21817562E+001     0.69787390E+001    -0.15135625E-003     0.19744859E-003
     0.15177471E+000     0.29722180E-003     0.15589519E-003    -0.22013040E+001     0.70356770E+001    -0.14382962E-003     0.19585762E-003
     0.15214221E+000     0.19029317E-003     0.15590536E-003    -0.23201617E+001     0.70705707E+001    -0.14272132E-003     0.19408146E-003
     0.15250970E+000     0.11765728E-003     0.11323057E-003    -0.25022912E+001     0.70375316E+001    -0.14457057E-003     0.18859098E-003
     0.15287719E+000     0.92073950E-004     0.60308830E-004    -0.26898837E+001     0.69237892E+001    -0.14509707E-003     0.17981506E-003
     0.15324469E+000     0.10178411E-003     0.24923298E-004    -0.28391172E+001     0.67613857E+001    -0.14246558E-003     0.17075202E-003
     0.15361218E+000     0.12588424E-003     0.16891362E-004    -0.29532942E+001     0.65936547E+001    -0.13760534E-003     0.16408499E-003
     0.15397967E+000     0.14906723E-003     0.33847883E-004    -0.30635673E+001     0.64280978E+001    -0.13264568E-003     0.16088081E-003
     0.15434717E+000     0.16164146E-003     0.71649592E-004    -0.31786711E+001     0.62377928E+001    -0.12971758E-003     0.16080589E-003
     0.15471466E+000     0.15381649E-003     0.12447055E-003    -0.32716067E+001     0.60065933E+001    -0.13060712E-003     0.16252283E-003
     0.15508215E+000     0.11808592E-003     0.18031389E-003    -0.33152267E+001     0.57508256E+001    -0.13649284E-003     0.16359149E-003
     0.15544965E+000     0.55276611E-004     0.22405137E-003    -0.33049664E+001     0.54947242E+001    -0.14690685E-003     0.16052428E-003
     0.15581714E+000    -0.26114598E-004     0.24452167E-003    -0.32429039E+001     0.52530887E+001    -0.15866223E-003     0.15034404E-003
     0.15618463E+000    -0.11574403E-003     0.23683278E-003    -0.31282294E+001     0.50445608E+001    -0.16687607E-003     0.13295765E-003
     0.15655213E+000    -0.20462620E-003     0.19854003E-003    -0.29735459E+001     0.48970549E+001    -0.16778462E-003     0.11151062E-003
     0.15691962E+000    -0.28112200E-003     0.12719708E-003    -0.28137797E+001     0.48281958E+001    -0.16034664E-003     0.90449156E-004
     0.15728711E+000    -0.32796138E-003     0.27408616E-004    -0.26895301E+001     0.48276399E+001    -0.14592519E-003     0.73762008E-004
     0.15765461E+000    -0.33264146E-003    -0.82405183E-004    -0.26220320E+001     0.48632716E+001    -0.12759019E-003     0.64121557E-004
     0.15802210E+000    -0.29989430E-003    -0.18095548E-003    -0.26060876E+001     0.49074763E+001    -0.10932808E-003     0.62168027E-004
     0.15838959E+000    -0.24365951E-003    -0.26108931E-003    -0.26325775E+001     0.49548318E+001    -0.94686292E-004     0.66228673E-004
     0.15875709E+000    -0.16802480E-003    -0.32657851E-003    -0.27135639E+001     0.50047149E+001    -0.85451025E-004     0.73091476E-004
     0.15912458E+000    -0.64658452E-004    -0.37213377E-003    -0.28714150E+001     0.50288383E+001    -0.81162985E-004     0.79422964E-004
     0.15949207E+000     0.66367092E-004    -0.37279981E-003    -0.30989028E+001     0.49697994E+001    -0.79604625E-004     0.83186726E-004
     0.15985957E+000     0.19459247E-003    -0.30332065E-003    -0.33376058E+001     0.47820773E+001    -0.78211658E-004     0.84408126E-004
     0.16022706E+000     0.27075854E-003    -0.17167950E-003    -0.35063149E+001     0.44748315E+001    -0.75583421E-004     0.84556055E-004
     0.16059455E+000     0.26470628E-003    -0.22392404E-004    -0.35534076E+001     0.41085077E+001    -0.71804351E-004     0.85117219E-004
     0.16096205E+000     0.18489316E-003     0.92821356E-004    -0.34788077E+001     0.37520891E+001    -0.67658359E-004     0.86732231E-004
     0.16132954E+000     0.68373417E-004     0.14279586E-003    -0.33144786E+001     0.34493054E+001    -0.63728399E-004     0.89276048E-004
     0.16169703E+000    -0.41957800E-004     0.12698988E-003    -0.30962593E+001     0.32159821E+001    -0.59992844E-004     0.92510112E-004
     0.16206453E+000    -0.11777453E-003     0.67209939E-004    -0.28514359E+001     0.30536216E+001    -0.56164000E-004     0.96758200E-004
     0.16243202E+000    -0.15136851E-003    -0.10343362E-004    -0.26008213E+001     0.29597139E+001    -0.52509021E-004     0.10292002E-003
     0.16279951E+000    -0.14682678E-003    -0.87756740E-004    -0.23637990E+001     0.29291975E+001    -0.50308864E-004     0.11169402E-003
     0.16316700E+000    -0.10860976E-003    -0.15389724E-003    -0.21595506E+001     0.29510744E+001    -0.51477703E-004     0.12268133E-003
     0.16353450E+000    -0.40733313E-004    -0.19618985E-003    -0.20026547E+001     0.30051139E+001    -0.57541743E-004     0.13401093E-003
     0.16390199E+000     0.44976661E-004    -0.19944640E-003    -0.18946112E+001     0.30649568E+001    -0.68461048E-004     0.14292648E-003
     0.16426948E+000     0.12470319E-003    -0.15658944E-003    -0.18214245E+001     0.31107595E+001    -0.82340336E-004     0.14737355E-003
     0.16463698E+000     0.17349473E-003    -0.79402369E-004    -0.17662208E+001     0.31381225E+001    -0.96845678E-004     0.14713714E-003
     0.16500447E+000     0.18235763E-003     0.69070960E-005    -0.17217547E+001     0.31482697E+001    -0.11074197E-003     0.14292998E-003
     0.16537196E+000     0.16235145E-003     0.82353021E-004    -0.16825720E+001     0.31347945E+001    -0.12339734E-003     0.13488504E-003
     0.16573946E+000     0.13050182E-003     0.14552801E-003    -0.16305815E+001     0.30912303E+001    -0.13336347E-003     0.12289353E-003
     0.16610695E+000     0.91010921E-004     0.20801086E-003    -0.15412146E+001     0.30285908E+001    -0.13857691E-003     0.10812824E-003
     0.16647444E+000     0.31526362E-004     0.27496105E-003    -0.14032505E+001     0.29744171E+001    -0.13799995E-003     0.93269505E-004
     0.16684194E+000    -0.61050022E-004     0.33336849E-003    -0.12252476E+001     0.29555674E+001    -0.13250210E-003     0.81124096E-004
     0.16720943E+000    -0.18347644E-003     0.36103037E-003    -0.10262586E+001     0.29871789E+001    -0.12423033E-003     0.73303604E-004
     0.16757692E+000    -0.31660713E-003     0.34505362E-003    -0.82637229E+000     0.30731178E+001    -0.11542789E-003     0.69971030E-004
     0.16794442E+000    -0.44097304E-003     0.28926363E-003    -0.64270580E+000     0.32090770E+001    -0.10766605E-003     0.70402337E-004
     0.16831191E+000    -0.54916873E-003     0.20462121E-003    -0.48585703E+000     0.33849401E+001    -0.10174240E-003     0.73734841E-004
     0.16867940E+000    -0.64330579E-003     0.95162782E-004    -0.35673407E+000     0.35918003E+001    -0.98107655E-004     0.79469984E-004
     0.16904690E+000    -0.72183843E-003    -0.46676679E-004    -0.25322963E+000     0.38314704E+001    -0.97549264E-004     0.87408951E-004
     0.16941439E+000    -0.76714708E-003    -0.23074174E-003    -0.18508024E+000     0.41132952E+001    -0.10153660E-003     0.96880569E-004
     0.16978188E+000    -0.74586866E-003    -0.44971886E-003    -0.17684068E+000     0.44360450E+001    -0.11157235E-003     0.10583210E-003
     0.17014938E+000    -0.63003151E-003    -0.66464254E-003    -0.24987407E+000     0.47770563E+001    -0.12772925E-003     0.11087539E-003
     0.17051687E+000    -0.42761042E-003    -0.81737107E-003    -0.40418641E+000     0.51067321E+001    -0.14764901E-003     0.10884741E-003
     0.17088436E+000    -0.18868646E-003    -0.86976839E-003    -0.62843644E+000     0.54115440E+001    -0.16747399E-003     0.98775543E-004
     0.17125186E+000     0.28934927E-004    -0.83058731E-003    -0.92658483E+000     0.56867056E+001    -0.18407751E-003     0.82009967E-004
     0.17161935E+000     0.19926443E-003    -0.73695968E-003    -0.13126293E+001     0.59034941E+001    -0.19605762E-003     0.60548467E-004
     0.17198684E+000     0.32784561E-003    -0.61475275E-003    -0.17689551E+001     0.60073576E+001    -0.20300169E-003     0.35763456E-004
     0.17235434E+000     0.42104901E-003    -0.46555792E-003    -0.22279427E+001     0.59651013E+001    -0.20434605E-003     0.82659834E-005
     0.17272183E+000     0.46562999E-003    -0.28543571E-003    -0.26115578E+001     0.58048160E+001    -0.19845602E-003    -0.21128936E-004
     0.17308932E+000     0.43461904E-003    -0.89190760E-004    -0.28851480E+001     0.56006276E+001    -0.18341482E-003    -0.49569353E-004
     0.17345682E+000     0.31067190E-003     0.80682466E-004    -0.30746574E+001     0.54249622E+001    -0.15981965E-003    -0.72485363E-004
     0.17382431E+000     0.10956537E-003     0.16603432E-003    -0.32466045E+001     0.53076888E+001    -0.13131707E-003    -0.86905291E-004
     0.17419180E+000    -0.10715532E-003     0.12200356E-003    -0.34665506E+001     0.52182541E+001    -0.10161279E-003    -0.92805837E-004
     0.17455930E+000    -0.24817451E-003    -0.39464988E-004    -0.37512246E+001     0.50829511E+001    -0.72898852E-004    -0.91061485E-004
     0.17492679E+000    -0.25763281E-003    -0.23492075E-003    -0.40480402E+001     0.48407800E+001    -0.47077609E-004    -0.82308246E-004
     0.17529428E+000    -0.16407552E-003    -0.37483067E-003    -0.42741219E+001     0.44967997E+001    -0.26314229E-004    -0.67937454E-004
     0.17566178E+000    -0.35732859E-004    -0.43171233E-003    -0.43820853E+001     0.41153010E+001    -0.11888582E-004    -0.50468884E-004
     0.17602927E+000     0.83369251E-004    -0.42355549E-003    -0.43842559E+001     0.37667866E+001    -0.35588919E-005    -0.32423183E-004
     0.17639676E+000     0.17637576E-003    -0.36979835E-003    -0.43293073E+001     0.34888483E+001    -0.25154062E-006    -0.15402528E-004
     0.17676426E+000     0.22884524E-003    -0.28382095E-003    -0.42699161E+001     0.32792525E+001    -0.93449167E-006    -0.19030754E-006
     0.17713175E+000     0.22510174E-003    -0.19060608E-003    -0.42396084E+001     0.31063598E+001    -0.48931052E-005     0.12679297E-004
     0.17749924E+000     0.17043538E-003    -0.12976528E-003    -0.42399213E+001     0.29296070E+001    -0.11432904E-004     0.22537972E-004
     0.17786673E+000     0.10251612E-003    -0.12709916E-003    -0.42456686E+001     0.27248341E+001    -0.19452211E-004     0.28752846E-004
     0.17823423E+000     0.65078520E-004    -0.16987074E-003    -0.42283589E+001     0.24949198E+001    -0.27499153E-004     0.31245930E-004
     0.17860172E+000     0.74127634E-004    -0.22033253E-003    -0.41742850E+001     0.22575174E+001    -0.34309919E-004     0.30633378E-004
     0.17896921E+000     0.11424943E-003    -0.24792080E-003    -0.40839119E+001     0.20296019E+001    -0.39107819E-004     0.27873891E-004
     0.17933671E+000     0.15919986E-003    -0.24546102E-003    -0.39644282E+001     0.18221100E+001    -0.41546985E-004     0.24038340E-004
     0.17970420E+000     0.19045716E-003    -0.22380973E-003    -0.38247712E+001     0.16402708E+001    -0.41778429E-004     0.20216111E-004
     0.18007169E+000     0.20334527E-003    -0.20026495E-003    -0.36731133E+001     0.14852439E+001    -0.40484797E-004     0.17155207E-004
     0.18043919E+000     0.20631159E-003    -0.18888533E-003    -0.35159958E+001     0.13558489E+001    -0.38467638E-004     0.14943584E-004
     0.18080668E+000     0.21520739E-003    -0.19268986E-003    -0.33583523E+001     0.12497008E+001    -0.36132182E-004     0.13197201E-004
     0.18117417E+000     0.24331691E-003    -0.20172951E-003    -0.32037041E+001     0.11638421E+001    -0.33331270E-004     0.11531945E-004
     0.18154167E+000     0.29310837E-003    -0.19854391E-003    -0.30543641E+001     0.10951299E+001    -0.29564437E-004     0.99852242E-005
     0.18190916E+000     0.35359092E-003    -0.16756490E-003    -0.29115600E+001     0.10405047E+001    -0.24465541E-004     0.92063321E-005
     0.18227665E+000     0.40493491E-003    -0.10460850E-003    -0.27755848E+001     0.99740168E+000    -0.18353948E-004     0.10124812E-004
     0.18264415E+000     0.42964225E-003    -0.20180709E-004    -0.26464049E+001     0.96406168E+000    -0.12217171E-004     0.13206668E-004
     0.18301164E+000     0.42220557E-003     0.67531598E-004    -0.25242825E+001     0.93907069E+000    -0.70262795E-005     0.18129487E-004
     0.18337913E+000     0.38919340E-003     0.14353173E-003    -0.24094741E+001     0.92067483E+000    -0.31779562E-005     0.24185872E-004
     0.18374663E+000     0.34245282E-003     0.20182656E-003    -0.23015151E+001     0.90707178E+000    -0.51990757E-006     0.30903704E-004
     0.18411412E+000     0.29162552E-003     0.24502406E-003    -0.21995538E+001     0.89726029E+000     0.11042719E-005     0.38381562E-004
     0.18448161E+000     0.23938661E-003     0.27900033E-003    -0.21033998E+001     0.89071898E+000     0.12039006E-005     0.46909941E-004
     0.18484911E+000     0.18293607E-003     0.30592552E-003    -0.20133062E+001     0.88613329E+000    -0.12550292E-005     0.56040898E-004
     0.18521660E+000     0.12063812E-003     0.32236960E-003    -0.19284487E+001     0.88134886E+000    -0.67349521E-005     0.64271410E-004
     0.18558409E+000     0.55781160E-004     0.32420984E-003    -0.18463617E+001     0.87503345E+000    -0.14317171E-004     0.70119657E-004
     0.18595159E+000    -0.60985194E-005     0.31065180E-003    -0.17643646E+001     0.86792503E+000    -0.22446343E-004     0.73293970E-004
     0.18631908E+000    -0.60241188E-004     0.28356974E-003    -0.16813134E+001     0.86216519E+000    -0.30141717E-004     0.74459320E-004
     0.18668657E+000    -0.10314446E-003     0.24612535E-003    -0.15980145E+001     0.85961509E+000    -0.37190287E-004     0.74303484E-004
     0.18705407E+000    -0.13258862E-003     0.20218519E-003    -0.15163123E+001     0.86051650E+000    -0.43660839E-004     0.73193477E-004
     0.18742156E+000    -0.14732735E-003     0.15579289E-003    -0.14374379E+001     0.86314685E+000    -0.49617313E-004     0.71244563E-004
     0.18778905E+000    -0.14669223E-003     0.11172918E-003    -0.13603881E+001     0.86495512E+000    -0.54955688E-004     0.68514021E-004
     0.18815655E+000    -0.13202521E-003     0.76199269E-004    -0.12818372E+001     0.86493311E+000    -0.59540297E-004     0.65246224E-004
     0.18852404E+000    -0.10870671E-003     0.54840197E-004    -0.11983173E+001     0.86515149E+000    -0.63501846E-004     0.61766008E-004
     0.18889153E+000    -0.84844832E-004     0.49029764E-004    -0.11086841E+001     0.86971821E+000    -0.67180000E-004     0.58135307E-004
     0.18925903E+000    -0.67022068E-004     0.55573697E-004    -0.10145807E+001     0.88252140E+000    -0.70812601E-004     0.54125831E-004
     0.18962652E+000    -0.58848080E-004     0.69938805E-004    -0.91950725E+000     0.90584437E+000    -0.74468986E-004     0.49376067E-004
     0.18999401E+000    -0.62802238E-004     0.87285594E-004    -0.82780263E+000     0.93970601E+000    -0.78019062E-004     0.43321598E-004
     0.19036151E+000    -0.79911436E-004     0.10060182E-003    -0.74333995E+000     0.98138086E+000    -0.80720904E-004     0.35232573E-004
     0.19072900E+000    -0.10593862E-003     0.10144415E-003    -0.66750377E+000     0.10257376E+001    -0.80883290E-004     0.24987504E-004
     0.19109649E+000    -0.13024913E-003     0.86280095E-004    -0.59745092E+000     0.10675355E+001    -0.76678423E-004     0.14138946E-004
     0.19146399E+000    -0.14338099E-003     0.61325971E-004    -0.52693123E+000     0.11048880E+001    -0.67939981E-004     0.56168839E-005
     0.19183148E+000    -0.14566750E-003     0.35855200E-004    -0.44972967E+000     0.11407664E+001    -0.56803424E-004     0.16836739E-005
     0.19219897E+000    -0.14305700E-003     0.11039291E-004    -0.36262952E+000     0.11814607E+001    -0.46157887E-004     0.24244480E-005
     0.19256647E+000    -0.13477663E-003    -0.19438995E-004    -0.26625925E+000     0.12341300E+001    -0.37846944E-004     0.62769282E-005
     0.19293396E+000    -0.10926056E-003    -0.57179355E-004    -0.16454727E+000     0.13049226E+001    -0.32234809E-004     0.11390809E-004
     0.19330145E+000    -0.53868266E-004    -0.89476236E-004    -0.63742486E-001     0.13980918E+001    -0.28720634E-004     0.16460145E-004
     0.19366894E+000     0.31413326E-004    -0.92897601E-004     0.28006228E-001     0.15155136E+001    -0.26309348E-004     0.20903337E-004
     0.19403644E+000     0.12890820E-003    -0.46038096E-004     0.10100624E+000     0.16552720E+001    -0.23922539E-004     0.24874916E-004
     0.19440393E+000     0.20838568E-003     0.58985847E-004     0.14639989E+000     0.18094467E+001    -0.20795427E-004     0.29430746E-004
     0.19477142E+000     0.23772582E-003     0.21107201E-003     0.16194476E+000     0.19644528E+001    -0.17416986E-004     0.36339057E-004
     0.19513892E+000     0.19450250E-003     0.38274770E-003     0.15688378E+000     0.21086122E+001    -0.16214187E-004     0.46552895E-004
     0.19550641E+000     0.71802953E-004     0.53864645E-003     0.14646793E+000     0.22432063E+001    -0.20053579E-004     0.58303892E-004
     0.19587390E+000    -0.12132245E-003     0.64194970E-003     0.13712099E+000     0.23829828E+001    -0.29361779E-004     0.67830947E-004
     0.19624140E+000    -0.35772584E-003     0.66022217E-003     0.11827649E+000     0.25425755E+001    -0.41676364E-004     0.72412321E-004
     0.19660889E+000    -0.59353958E-003     0.57768455E-003     0.69287106E-001     0.27224245E+001    -0.53850437E-004     0.71734482E-004
     0.19697638E+000    -0.78269135E-003     0.40457014E-003    -0.25167400E-001     0.29057870E+001    -0.63502035E-004     0.67054746E-004
     0.19734388E+000    -0.89318439E-003     0.16979247E-003    -0.16246317E+000     0.30701957E+001    -0.69286474E-004     0.60575918E-004
     0.19771137E+000    -0.90834867E-003    -0.92534021E-004    -0.32586225E+000     0.32067320E+001    -0.71465405E-004     0.54918782E-004
     0.19807886E+000    -0.82121955E-003    -0.34573594E-003    -0.50666528E+000     0.33253798E+001    -0.71959603E-004     0.51759025E-004
     0.19844636E+000    -0.63682622E-003    -0.54811788E-003    -0.71947363E+000     0.34338148E+001    -0.73055573E-004     0.50921880E-004
     0.19881385E+000    -0.37935107E-003    -0.65665020E-003    -0.98693692E+000     0.35117178E+001    -0.76027601E-004     0.50875531E-004
     0.19918134E+000    -0.98222799E-004    -0.63856144E-003    -0.13054677E+001     0.35132132E+001    -0.80652011E-004     0.49899796E-004
     0.19954884E+000     0.13636633E-003    -0.49413481E-003    -0.16291575E+001     0.34026065E+001    -0.85646207E-004     0.47199391E-004
     0.19991633E+000     0.26648559E-003    -0.27300772E-003    -0.18954515E+001     0.31878310E+001    -0.89856082E-004     0.43307747E-004
     0.20028382E+000     0.28700314E-003    -0.47480484E-004    -0.20652300E+001     0.29140944E+001    -0.93266652E-004     0.39258219E-004
     0.20065132E+000     0.23979716E-003     0.14200027E-003    -0.21353713E+001     0.26324143E+001    -0.96720971E-004     0.35347917E-004
     0.20101881E+000     0.16190744E-003     0.30587080E-003    -0.21256698E+001     0.23789213E+001    -0.10082541E-003     0.30891184E-004
     0.20138630E+000     0.47218730E-004     0.46997151E-003    -0.20633481E+001     0.21715830E+001    -0.10535142E-003     0.24891713E-004
     0.20175380E+000    -0.14215161E-003     0.62718286E-003    -0.19740500E+001     0.20141943E+001    -0.10934997E-003     0.16691444E-004
     0.20212129E+000    -0.42834043E-003     0.72122576E-003    -0.18778909E+001     0.19013073E+001    -0.11151209E-003     0.63269080E-005
     0.20248878E+000    -0.77547285E-003     0.67920309E-003    -0.17881446E+001     0.18223610E+001    -0.11069811E-003    -0.53494892E-005
     0.20285628E+000    -0.10921285E-002     0.46866372E-003    -0.17112109E+001     0.17648545E+001    -0.10643812E-003    -0.17050979E-004
     0.20322377E+000    -0.12813865E-002     0.13188055E-003    -0.16469165E+001     0.17169548E+001    -0.98788051E-004    -0.27615435E-004
     0.20359126E+000    -0.13011123E-002    -0.23469577E-003    -0.15896013E+001     0.16706583E+001    -0.87941267E-004    -0.35899015E-004
     0.20395876E+000    -0.11807461E-002    -0.54136027E-003    -0.15318769E+001     0.16242418E+001    -0.74538474E-004    -0.40445576E-004
     0.20432625E+000    -0.98401558E-003    -0.74578668E-003    -0.14692370E+001     0.15806294E+001    -0.60283347E-004    -0.39943429E-004
     0.20469374E+000    -0.76952981E-003    -0.84631700E-003    -0.14008140E+001     0.15432874E+001    -0.47749703E-004    -0.34292160E-004
     0.20506124E+000    -0.57956002E-003    -0.86206426E-003    -0.13271623E+001     0.15147009E+001    -0.39150045E-004    -0.25087183E-004
     0.20542873E+000    -0.43993201E-003    -0.82274677E-003    -0.12495269E+001     0.14972398E+001    -0.35201704E-004    -0.14785987E-004
     0.20579622E+000    -0.35951650E-003    -0.76105748E-003    -0.11706743E+001     0.14928206E+001    -0.35205825E-004    -0.54555540E-005
     0.20616372E+000    -0.33391488E-003    -0.70535142E-003    -0.10942699E+001     0.15013768E+001    -0.37815531E-004     0.17326130E-005
     0.20653121E+000    -0.35092240E-003    -0.67812920E-003    -0.10229727E+001     0.15208412E+001    -0.41583849E-004     0.63907781E-005
     0.20689870E+000    -0.39113340E-003    -0.69683712E-003    -0.95748225E+000     0.15484352E+001    -0.45156043E-004     0.87347830E-005
     0.20726620E+000    -0.42693269E-003    -0.76949648E-003    -0.89624043E+000     0.15819180E+001    -0.47379159E-004     0.95799716E-005
     0.20763369E+000    -0.42869160E-003    -0.88786996E-003    -0.83556168E+000     0.16217152E+001    -0.47622124E-004     0.10379504E-004
     0.20800118E+000    -0.37696033E-003    -0.10287101E-002    -0.77252116E+000     0.16733761E+001    -0.46267655E-004     0.12958567E-004
     0.20836868E+000    -0.26961498E-003    -0.11653232E-002    -0.71022334E+000     0.17462698E+001    -0.45057269E-004     0.18798795E-004
     0.20873617E+000    -0.11632586E-003    -0.12809475E-002    -0.66036966E+000     0.18476027E+001    -0.46866036E-004     0.27919934E-004
     0.20910366E+000     0.77099264E-004    -0.13702132E-002    -0.64040011E+000     0.19760001E+001    -0.54368140E-004     0.37928410E-004
     0.20947115E+000     0.31611110E-003    -0.14229646E-002    -0.66672639E+000     0.21184113E+001    -0.67861899E-004     0.44544226E-004
     0.20983865E+000     0.60165544E-003    -0.14097479E-002    -0.74689813E+000     0.22521471E+001    -0.84235633E-004     0.44194267E-004
     0.21020614E+000     0.90614082E-003    -0.12924153E-002    -0.87449494E+000     0.23520845E+001    -0.98772413E-004     0.36391080E-004
     0.21057363E+000     0.11699952E-002    -0.10548190E-002    -0.10301296E+001     0.23999119E+001    -0.10764676E-003     0.23452165E-004
     0.21094113E+000     0.13269576E-002    -0.72595210E-003    -0.11884178E+001     0.23902177E+001    -0.10878053E-003     0.93161875E-005
     0.21130862E+000     0.13406317E-002    -0.37562525E-003    -0.13263495E+001     0.23299930E+001    -0.10250729E-003    -0.11156661E-005
     0.21167611E+000     0.12279344E-002    -0.82503148E-004    -0.14274460E+001     0.22343195E+001    -0.92367580E-004    -0.36541189E-005
     0.21204361E+000     0.10499848E-002     0.10773976E-003    -0.14835920E+001     0.21232682E+001    -0.84005691E-004     0.28413541E-005
     0.21241110E+000     0.87203649E-003     0.20138282E-003    -0.14972034E+001     0.20177781E+001    -0.82524939E-004     0.15975674E-004
     0.21277859E+000     0.72742620E-003     0.23539538E-003    -0.14801060E+001     0.19332775E+001    -0.90838372E-004     0.31261685E-004
     0.21314609E+000     0.61642807E-003     0.24219884E-003    -0.14479607E+001     0.18760309E+001    -0.10950589E-003     0.43443624E-004
     0.21351358E+000     0.52848800E-003     0.23468615E-003    -0.14145819E+001     0.18442245E+001    -0.13658503E-003     0.47132062E-004
     0.21388107E+000     0.45968180E-003     0.21434627E-003    -0.13892697E+001     0.18316176E+001    -0.16705513E-003     0.38065816E-004
     0.21424857E+000     0.41258564E-003     0.18515711E-003    -0.13770718E+001     0.18303102E+001    -0.19351827E-003     0.15564926E-004
     0.21461606E+000     0.38544932E-003     0.15501192E-003    -0.13787809E+001     0.18317479E+001    -0.20949074E-003    -0.16049878E-004
     0.21498355E+000     0.37215157E-003     0.12451980E-003    -0.13900186E+001     0.18294232E+001    -0.21302675E-003    -0.49686368E-004
     0.21535105E+000     0.37659298E-003     0.87681518E-004    -0.14043312E+001     0.18233283E+001    -0.20674776E-003    -0.79857330E-004
     0.21571854E+000     0.41428380E-003     0.49985631E-004    -0.14205012E+001     0.18190756E+001    -0.19447083E-003    -0.10462940E-003
     0.21608603E+000     0.49337697E-003     0.35861226E-004    -0.14455537E+001     0.18199420E+001    -0.17865628E-003    -0.12401062E-003
     0.21645353E+000     0.59988698E-003     0.75306528E-004    -0.14890400E+001     0.18196905E+001    -0.16073531E-003    -0.13784853E-003
     0.21682102E+000     0.69797971E-003     0.18555891E-003    -0.15531789E+001     0.18032571E+001    -0.14265819E-003    -0.14572990E-003
     0.21718851E+000     0.74257704E-003     0.35529134E-003    -0.16271049E+001     0.17559134E+001    -0.12707581E-003    -0.14845167E-003
     0.21755601E+000     0.70568287E-003     0.54174047E-003    -0.16913189E+001     0.16740036E+001    -0.11572220E-003    -0.14852619E-003
     0.21792350E+000     0.59749539E-003     0.69529350E-003    -0.17290814E+001     0.15673173E+001    -0.10835844E-003    -0.14879581E-003
     0.21829099E+000     0.45492372E-003     0.79142987E-003    -0.17339697E+001     0.14518580E+001    -0.10336938E-003    -0.15110339E-003
     0.21865849E+000     0.31165524E-003     0.83539651E-003    -0.17088761E+001     0.13415920E+001    -0.98739665E-004    -0.15599589E-003
     0.21902598E+000     0.18358203E-003     0.84365425E-003    -0.16611687E+001     0.12450947E+001    -0.92771680E-004    -0.16294926E-003
     0.21939347E+000     0.75484862E-004     0.82902281E-003    -0.15988085E+001     0.11660182E+001    -0.84416429E-004    -0.17093039E-003
     0.21976097E+000    -0.95077465E-005     0.80178133E-003    -0.15285023E+001     0.11049363E+001    -0.73026179E-004    -0.17871695E-003
     0.22012846E+000    -0.71822542E-004     0.77452821E-003    -0.14556564E+001     0.10609659E+001    -0.58429099E-004    -0.18464847E-003
     0.22049595E+000    -0.11982592E-003     0.75784756E-003    -0.13849820E+001     0.10320869E+001    -0.41560527E-004    -0.18698445E-003
     0.22086345E+000    -0.16572983E-003     0.75369712E-003    -0.13201760E+001     0.10146155E+001    -0.24215285E-004    -0.18494846E-003
     0.22123094E+000    -0.21742209E-003     0.75603670E-003    -0.12624864E+001     0.10035340E+001    -0.79081699E-005    -0.17882413E-003
     0.22159843E+000    -0.27461396E-003     0.75811028E-003    -0.12098670E+001     0.99457530E+000     0.64622240E-005    -0.16901161E-003
     0.22196593E+000    -0.33344430E-003     0.75958669E-003    -0.11584682E+001     0.98656350E+000     0.17840668E-004    -0.15564831E-003
     0.22233342E+000    -0.39486329E-003     0.76518710E-003    -0.11055234E+001     0.98150409E+000     0.24560134E-004    -0.13941967E-003
     0.22270091E+000    -0.46670008E-003     0.77710246E-003    -0.10508406E+001     0.98256927E+000     0.25204214E-004    -0.12233230E-003
     0.22306841E+000    -0.55891792E-003     0.78954324E-003    -0.99639516E+000     0.99240436E+000     0.19785148E-004    -0.10712035E-003
     0.22343590E+000    -0.67616621E-003     0.78877688E-003    -0.94569910E+000     0.10124435E+001     0.97670174E-005    -0.95991473E-004
     0.22380339E+000    -0.81256383E-003     0.75961458E-003    -0.90337938E+000     0.10421538E+001    -0.27164180E-005    -0.90027661E-004
     0.22417088E+000    -0.95432985E-003     0.69408421E-003    -0.87397456E+000     0.10781021E+001    -0.15570071E-004    -0.89199185E-004
     0.22453838E+000    -0.10887163E-002     0.59339163E-003    -0.85979358E+000     0.11141145E+001    -0.27303511E-004    -0.92682821E-004
     0.22490587E+000    -0.12089909E-002     0.46090915E-003    -0.85927693E+000     0.11432430E+001    -0.37260739E-004    -0.99561189E-004
     0.22527336E+000    -0.13093420E-002     0.29595264E-003    -0.86733033E+000     0.11604343E+001    -0.45123235E-004    -0.10944954E-003
     0.22564086E+000    -0.13776846E-002     0.97648420E-004    -0.87726825E+000     0.11639990E+001    -0.50057280E-004    -0.12234978E-003
     0.22600835E+000    -0.13976052E-002    -0.12663868E-003    -0.88271122E+000     0.11556218E+001    -0.50337057E-004    -0.13767278E-003
     0.22637584E+000    -0.13565076E-002    -0.35981421E-003    -0.87915827E+000     0.11397868E+001    -0.44185231E-004    -0.15307259E-003
     0.22674334E+000    -0.12499021E-002    -0.57973203E-003    -0.86533609E+000     0.11222609E+001    -0.31767024E-004    -0.16457728E-003
     0.22711083E+000    -0.10814282E-002    -0.76222779E-003    -0.84313135E+000     0.11078248E+001    -0.16314583E-004    -0.16884852E-003
     0.22747832E+000    -0.86515012E-003    -0.88187830E-003    -0.81606131E+000     0.10988306E+001    -0.26109298E-005    -0.16544882E-003
     0.22784582E+000    -0.63137664E-003    -0.91840043E-003    -0.78745399E+000     0.10950138E+001     0.54143206E-005    -0.15675264E-003
     0.22821331E+000    -0.42376168E-003    -0.87330454E-003    -0.75880770E+000     0.10943781E+001     0.56592681E-005    -0.14670604E-003
     0.22858080E+000    -0.27557319E-003    -0.77892920E-003    -0.72914263E+000     0.10951948E+001    -0.16752237E-005    -0.14008648E-003
     0.22894830E+000    -0.18678868E-003    -0.67763106E-003    -0.69621548E+000     0.10978374E+001    -0.13367517E-004    -0.14106892E-003
     0.22931579E+000    -0.13300469E-003    -0.59166711E-003    -0.65854187E+000     0.11049399E+001    -0.24012847E-004    -0.15096616E-003
     0.22968328E+000    -0.92239102E-004    -0.51842663E-003    -0.61666230E+000     0.11202832E+001    -0.28597668E-004    -0.16732664E-003
     0.23005078E+000    -0.57978005E-004    -0.44633314E-003    -0.57344760E+000     0.11474338E+001    -0.24974675E-004    -0.18518125E-003
     0.23041827E+000    -0.35416027E-004    -0.36842786E-003    -0.53370839E+000     0.11885737E+001    -0.14805514E-004    -0.19976502E-003
     0.23078576E+000    -0.32921493E-004    -0.28710588E-003    -0.50344482E+000     0.12438017E+001    -0.20712476E-005    -0.20919372E-003
     0.23115326E+000    -0.53932097E-004    -0.21277626E-003    -0.48921880E+000     0.13107086E+001     0.10004813E-004    -0.21486512E-003
     0.23152075E+000    -0.91434375E-004    -0.15688061E-003    -0.49744089E+000     0.13835699E+001     0.20860455E-004    -0.21927560E-003
     0.23188824E+000    -0.13038079E-003    -0.12138155E-003    -0.53232887E+000     0.14522964E+001     0.31926629E-004    -0.22357305E-003
     0.23225574E+000    -0.15993884E-003    -0.94390428E-004    -0.59197416E+000     0.15033894E+001     0.44555164E-004    -0.22678848E-003
     0.23262323E+000    -0.18491105E-003    -0.59755665E-004    -0.66551093E+000     0.15251956E+001     0.58281788E-004    -0.22694422E-003
     0.23299072E+000    -0.22311561E-003    -0.13093113E-004    -0.73610904E+000     0.15149008E+001     0.70708416E-004    -0.22314717E-003
     0.23335822E+000    -0.28953368E-003     0.31634480E-004    -0.78924174E+000     0.14805227E+001     0.79278352E-004    -0.21687986E-003
     0.23372571E+000    -0.38192624E-003     0.52444212E-004    -0.81905291E+000     0.14354979E+001     0.83306884E-004    -0.21116177E-003
     0.23409320E+000    -0.48226504E-003     0.36634738E-004    -0.82793711E+000     0.13915266E+001     0.84374496E-004    -0.20855176E-003
     0.23446070E+000    -0.57075190E-003    -0.12191562E-004    -0.82230568E+000     0.13553177E+001     0.85167373E-004    -0.20977833E-003
     0.23482819E+000    -0.63723155E-003    -0.80501966E-004    -0.80898875E+000     0.13287115E+001     0.87851450E-004    -0.21364750E-003
     0.23519568E+000    -0.68287608E-003    -0.15527888E-003    -0.79282755E+000     0.13099728E+001     0.92917658E-004    -0.21814373E-003
     0.23556318E+000    -0.71437315E-003    -0.23059051E-003    -0.77521857E+000     0.12961767E+001     0.99338325E-004    -0.22202012E-003
     0.23593067E+000    -0.73677679E-003    -0.30676010E-003    -0.75481597E+000     0.12860908E+001     0.10591084E-003    -0.22549475E-003
     0.23629816E+000    -0.75165951E-003    -0.38541949E-003    -0.73007729E+000     0.12813192E+001     0.11235058E-003    -0.22956652E-003
     0.23666566E+000    -0.75975599E-003    -0.46774723E-003    -0.70130283E+000     0.12852873E+001     0.11928265E-003    -0.23507270E-003
     0.23703315E+000    -0.76149928E-003    -0.55659567E-003    -0.67130784E+000     0.13017326E+001     0.12782421E-003    -0.24235549E-003
     0.23740064E+000    -0.75373980E-003    -0.65699825E-003    -0.64556620E+000     0.13333633E+001     0.13940028E-003    -0.25115198E-003
     0.23776814E+000    -0.72682978E-003    -0.77207161E-003    -0.63194158E+000     0.13801827E+001     0.15550569E-003    -0.26030813E-003
     0.23813563E+000    -0.66682879E-003    -0.89635131E-003    -0.63924248E+000     0.14375623E+001     0.17709930E-003    -0.26761416E-003
     0.23850312E+000    -0.56424455E-003    -0.10129647E-002    -0.67402323E+000     0.14951390E+001     0.20386515E-003    -0.27014402E-003
     0.23887062E+000    -0.42220617E-003    -0.11002754E-002    -0.73624565E+000     0.15384339E+001     0.23376630E-003    -0.26508908E-003
     0.23923811E+000    -0.25521564E-003    -0.11411731E-002    -0.81675627E+000     0.15542344E+001     0.26315255E-003    -0.25084034E-003
     0.23960560E+000    -0.85209067E-004    -0.11258406E-002    -0.89998544E+000     0.15369906E+001     0.28759104E-003    -0.22799769E-003
     0.23997309E+000     0.58715483E-004    -0.10564822E-002    -0.97087978E+000     0.14909705E+001     0.30342604E-003    -0.19973577E-003
     0.24034059E+000     0.14987864E-003    -0.95673284E-003    -0.10205829E+001     0.14266020E+001     0.30946923E-003    -0.17090441E-003
     0.24070808E+000     0.18455098E-003    -0.86662216E-003    -0.10472825E+001     0.13549406E+001     0.30766225E-003    -0.14593040E-003
     0.24107557E+000     0.18975646E-003    -0.81809418E-003    -0.10537437E+001     0.12842949E+001     0.30186183E-003    -0.12673366E-003
     0.24144307E+000     0.20679337E-003    -0.81400531E-003    -0.10444496E+001     0.12195027E+001     0.29538519E-003    -0.11234546E-003
     0.24181056E+000     0.26602093E-003    -0.82805646E-003    -0.10236479E+001     0.11627188E+001     0.28930682E-003    -0.10057403E-003
     0.24217805E+000     0.37150041E-003    -0.82148284E-003    -0.99460585E+000     0.11147656E+001     0.28278364E-003    -0.90120173E-004
     0.24254555E+000     0.50146659E-003    -0.76303941E-003    -0.95997234E+000     0.10761213E+001     0.27468903E-003    -0.81398833E-004
     0.24291304E+000     0.62005797E-003    -0.64189256E-003    -0.92238354E+000     0.10469555E+001     0.26496255E-003    -0.75860387E-004
     0.24328053E+000     0.69225210E-003    -0.47041825E-003    -0.88446010E+000     0.10267510E+001     0.25488862E-003    -0.74778437E-004
     0.24364803E+000     0.69697373E-003    -0.27862864E-003    -0.84846629E+000     0.10142764E+001     0.24649156E-003    -0.78368725E-004
     0.24401552E+000     0.63421396E-003    -0.10142786E-003    -0.81617347E+000     0.10077344E+001     0.24158946E-003    -0.85655728E-004
     0.24438301E+000     0.52100441E-003     0.35128310E-004    -0.78869274E+000     0.10047269E+001     0.24116338E-003    -0.95021624E-004
     0.24475051E+000     0.38019350E-003     0.11841071E-003    -0.76594881E+000     0.10024199E+001     0.24537044E-003    -0.10489419E-003
     0.24511800E+000     0.23408602E-003     0.14453664E-003    -0.74630359E+000     0.99839868E+000     0.25396861E-003    -0.11406778E-003
     0.24548549E+000     0.10626385E-003     0.11615690E-003    -0.72712711E+000     0.99174420E+000     0.26669158E-003    -0.12156137E-003
     0.24585299E+000     0.20476976E-004     0.47718734E-004    -0.70613196E+000     0.98324136E+000     0.28325052E-003    -0.12629110E-003
     0.24622048E+000    -0.95941600E-005    -0.32874047E-004    -0.68230524E+000     0.97441134E+000     0.30302067E-003    -0.12696125E-003
     0.24658797E+000     0.10838396E-004    -0.94104482E-004    -0.65559211E+000     0.96629132E+000     0.32474208E-003    -0.12228318E-003
     0.24695547E+000     0.59976124E-004    -0.11437506E-003    -0.62572915E+000     0.95920731E+000     0.34638973E-003    -0.11140930E-003
     0.24732296E+000     0.11018323E-003    -0.89179850E-004    -0.59162594E+000     0.95380750E+000     0.36539669E-003    -0.94554587E-004
     0.24769045E+000     0.13950547E-003    -0.28996649E-004    -0.55219818E+000     0.95207164E+000     0.37950527E-003    -0.73371167E-004
     0.24805795E+000     0.13762205E-003     0.49001344E-004    -0.50771324E+000     0.95693223E+000     0.38774433E-003    -0.50413110E-004
     0.24842544E+000     0.10470834E-003     0.12923574E-003    -0.46009801E+000     0.97094201E+000     0.39056537E-003    -0.28025276E-004
     0.24879293E+000     0.46424296E-004     0.20209293E-003    -0.41209516E+000     0.99541955E+000     0.38915006E-003    -0.76879524E-005
     0.24916043E+000    -0.31702529E-004     0.26394471E-003    -0.36634522E+000     0.10306344E+001     0.38471314E-003     0.98894636E-005
     0.24952792E+000    -0.12769365E-003     0.31335521E-003    -0.32519656E+000     0.10763914E+001     0.37823559E-003     0.24383753E-004
     0.24989541E+000    -0.24192522E-003     0.34657667E-003    -0.29094355E+000     0.11321741E+001     0.37052624E-003     0.35547833E-004
     0.25026291E+000    -0.37294352E-003     0.35644314E-003    -0.26569434E+000     0.11970178E+001     0.36246987E-003     0.43117630E-004
     0.25063040E+000    -0.51444646E-003     0.33539411E-003    -0.25109438E+000     0.12699835E+001     0.35518571E-003     0.47076889E-004
     0.25099789E+000    -0.65643148E-003     0.27966587E-003    -0.24912105E+000     0.13509517E+001     0.34966223E-003     0.47941620E-004
     0.25136539E+000    -0.78930948E-003     0.19005693E-003    -0.26392815E+000     0.14399327E+001     0.34621094E-003     0.46275382E-004
     0.25173288E+000    -0.90558336E-003     0.68672002E-004    -0.30241821E+000     0.15340675E+001     0.34500002E-003     0.41718939E-004
     0.25210037E+000    -0.99682399E-003    -0.82740368E-004    -0.37131123E+000     0.16245139E+001     0.34759964E-003     0.33278398E-004
     0.25246787E+000    -0.10513543E-002    -0.25881570E-003    -0.47162955E+000     0.16969190E+001     0.35751247E-003     0.21355017E-004
     0.25283536E+000    -0.10588260E-002    -0.44566723E-003    -0.59499792E+000     0.17369348E+001     0.37832548E-003     0.96245477E-005
     0.25320285E+000    -0.10184966E-002    -0.62353191E-003    -0.72589000E+000     0.17370907E+001     0.41061177E-003     0.45143135E-005
     0.25357035E+000    -0.94115961E-003    -0.77617225E-003    -0.84813012E+000     0.16991403E+001     0.45027740E-003     0.12008046E-004
     0.25393784E+000    -0.84274455E-003    -0.89727446E-003    -0.94978662E+000     0.16312629E+001     0.49026060E-003     0.34126135E-004
     0.25430533E+000    -0.73683217E-003    -0.98974428E-003    -0.10244044E+001     0.15443539E+001     0.52436261E-003     0.68212376E-004
     0.25467283E+000    -0.63061559E-003    -0.10612897E-002    -0.10706482E+001     0.14494265E+001     0.54979725E-003     0.10921650E-003
     0.25504032E+000    -0.52441246E-003    -0.11193509E-002    -0.10912829E+001     0.13555494E+001     0.56734857E-003     0.15227640E-003
     0.25540781E+000    -0.41415600E-003    -0.11671766E-002    -0.10912462E+001     0.12685814E+001     0.58060912E-003     0.19461391E-003
     0.25577530E+000    -0.29544415E-003    -0.12025054E-002    -0.10755708E+001     0.11913802E+001     0.59419641E-003     0.23726011E-003
     0.25614280E+000    -0.16719739E-003    -0.12189238E-002    -0.10482571E+001     0.11250275E+001     0.61054920E-003     0.28516612E-003
     0.25651029E+000    -0.33682963E-004    -0.12089871E-002    -0.10122666E+001     0.10700407E+001     0.62747286E-003     0.34462194E-003
     0.25687778E+000     0.95728565E-004    -0.11679185E-002    -0.97012448E+000     0.10269704E+001     0.63832933E-003     0.41982763E-003
     0.25724528E+000     0.20900178E-003    -0.10964509E-002    -0.92450909E+000     0.99630562E+000     0.63409015E-003     0.51069026E-003
     0.25761277E+000     0.29520612E-003    -0.10016747E-002    -0.87839680E+000     0.97802877E+000     0.60591393E-003     0.61201412E-003
     0.25798026E+000     0.34810908E-003    -0.89525718E-003    -0.83478331E+000     0.97131185E+000     0.54800106E-003     0.71391284E-003
     0.25834776E+000     0.36765484E-003    -0.78979361E-003    -0.79633854E+000     0.97450020E+000     0.46016643E-003     0.80403686E-003
     0.25871525E+000     0.35874020E-003    -0.69546591E-003    -0.76511773E+000     0.98518506E+000     0.34851211E-003     0.87132155E-003
     0.25908274E+000     0.32859640E-003    -0.61865513E-003    -0.74216883E+000     0.10003925E+001     0.22344301E-003     0.90938518E-003
     0.25945024E+000     0.28462244E-003    -0.56252053E-003    -0.72720939E+000     0.10171747E+001     0.95982976E-004     0.91779768E-003
     0.25981773E+000     0.23372177E-003    -0.52827112E-003    -0.71887766E+000     0.10334164E+001    -0.25640736E-004     0.90059108E-003
     0.26018522E+000     0.18272536E-003    -0.51562447E-003    -0.71552683E+000     0.10481965E+001    -0.13722545E-003     0.86312884E-003
     0.26055272E+000     0.13837831E-003    -0.52210879E-003    -0.71594491E+000     0.10615054E+001    -0.23735796E-003     0.80953410E-003
     0.26092021E+000     0.10592477E-003    -0.54255026E-003    -0.71965729E+000     0.10736850E+001    -0.32516288E-003     0.74210718E-003
     0.26128770E+000     0.87270722E-004    -0.57029822E-003    -0.72686811E+000     0.10848897E+001    -0.39886729E-003     0.66253367E-003
     0.26165520E+000     0.80773945E-004    -0.59991053E-003    -0.73814120E+000     0.10946963E+001    -0.45606797E-003     0.57341408E-003
     0.26202269E+000     0.83475335E-004    -0.62913501E-003    -0.75392464E+000     0.11019461E+001    -0.49503481E-003     0.47870582E-003
     0.26239018E+000     0.94185794E-004    -0.65813510E-003    -0.77401231E+000     0.11048753E+001    -0.51572584E-003     0.38287815E-003
     0.26275768E+000     0.11445680E-003    -0.68620490E-003    -0.79711250E+000     0.11016200E+001    -0.51963794E-003     0.28959010E-003
     0.26312517E+000     0.14584218E-003    -0.70909117E-003    -0.82085248E+000     0.10910078E+001    -0.50858679E-003     0.20114525E-003
     0.26349266E+000     0.18569263E-003    -0.72033232E-003    -0.84238702E+000     0.10731922E+001    -0.48373951E-003     0.11936255E-003
     0.26386016E+000     0.22607402E-003    -0.71618675E-003    -0.85929298E+000     0.10496960E+001    -0.44615965E-003     0.46726101E-004
     0.26422765E+000     0.25766880E-003    -0.69953313E-003    -0.87023319E+000     0.10228825E+001    -0.39808274E-003    -0.13865018E-004
     0.26459514E+000     0.27533160E-003    -0.67889336E-003    -0.87513332E+000     0.99520275E+000    -0.34307662E-003    -0.60388452E-004
     0.26496264E+000     0.28053934E-003    -0.66370376E-003    -0.87490084E+000     0.96853536E+000    -0.28505782E-003    -0.92266272E-004
     0.26533013E+000     0.27962253E-003    -0.66007595E-003    -0.87081133E+000     0.94385716E+000    -0.22768647E-003    -0.10991026E-003
     0.26569762E+000     0.28043822E-003    -0.66952373E-003    -0.86384987E+000     0.92145471E+000    -0.17457896E-003    -0.11450863E-003
     0.26606512E+000     0.29006718E-003    -0.68974206E-003    -0.85451858E+000     0.90157332E+000    -0.12922907E-003    -0.10859071E-003
     0.26643261E+000     0.31368991E-003    -0.71563507E-003    -0.84333012E+000     0.88487192E+000    -0.93917753E-004    -0.96325710E-004
     0.26680010E+000     0.35372335E-003    -0.74029604E-003    -0.83146311E+000     0.87214049E+000    -0.68523850E-004    -0.82524926E-004
     0.26716760E+000     0.40931090E-003    -0.75643272E-003    -0.82084098E+000     0.86350147E+000    -0.50566559E-004    -0.70902633E-004
     0.26753509E+000     0.47668006E-003    -0.75779490E-003    -0.81345472E+000     0.85781338E+000    -0.36492169E-004    -0.62975852E-004
     0.26790258E+000     0.54984642E-003    -0.74002794E-003    -0.81038780E+000     0.85280516E+000    -0.23161274E-004    -0.58160704E-004
     0.26827008E+000     0.62127352E-003    -0.70148058E-003    -0.81120924E+000     0.84590580E+000    -0.87422603E-005    -0.54626280E-004
     0.26863757E+000     0.68322542E-003    -0.64404601E-003    -0.81410261E+000     0.83525880E+000     0.71141990E-005    -0.50287876E-004
     0.26900506E+000     0.72980654E-003    -0.57294701E-003    -0.81659540E+000     0.82037494E+000     0.23626529E-004    -0.43561302E-004
     0.26937256E+000     0.75849626E-003    -0.49517688E-003    -0.81647368E+000     0.80217276E+000     0.39485634E-004    -0.33687603E-004
     0.26974005E+000     0.77049155E-003    -0.41730014E-003    -0.81244559E+000     0.78248983E+000     0.53366521E-004    -0.20609676E-004
     0.27010754E+000     0.76956166E-003    -0.34332390E-003    -0.80433291E+000     0.76342663E+000     0.64063465E-004    -0.46745979E-005
     0.27047503E+000     0.75953347E-003    -0.27394834E-003    -0.79294428E+000     0.74684594E+000     0.70346097E-004     0.13412462E-004
     0.27084253E+000     0.74218796E-003    -0.20804945E-003    -0.77986393E+000     0.73402264E+000     0.70997976E-004     0.32280363E-004
     0.27121002E+000     0.71723310E-003    -0.14489939E-003    -0.76714798E+000     0.72533283E+000     0.65360498E-004     0.49646336E-004
     0.27157751E+000     0.68365990E-003    -0.85239223E-004    -0.75682887E+000     0.72006884E+000     0.54132916E-004     0.62696626E-004
     0.27194501E+000     0.64103392E-003    -0.31072108E-004    -0.75032165E+000     0.71658129E+000     0.39686969E-004     0.69180321E-004
     0.27231250E+000     0.59012231E-003     0.15199598E-004    -0.74802480E+000     0.71278595E+000     0.25363371E-004     0.68500595E-004
     0.27267999E+000     0.53265509E-003     0.51654304E-004    -0.74935167E+000     0.70677575E+000     0.14177648E-004     0.61906471E-004
     0.27304749E+000     0.47063133E-003     0.76969051E-004    -0.75308422E+000     0.69716574E+000     0.79131270E-005     0.51781715E-004
     0.27341498E+000     0.40628046E-003     0.89887157E-004    -0.75766001E+000     0.68311639E+000     0.69345677E-005     0.40764515E-004
     0.27378247E+000     0.34286322E-003     0.89361997E-004    -0.76125543E+000     0.66437950E+000     0.10385553E-004     0.31075279E-004
     0.27414997E+000     0.28482404E-003     0.75928073E-004    -0.76199536E+000     0.64151446E+000     0.16612565E-004     0.24001288E-004
     0.27451746E+000     0.23622435E-003     0.52811548E-004    -0.75845866E+000     0.61590666E+000     0.23847562E-004     0.19653435E-004
     0.27488495E+000     0.19859820E-003     0.25120641E-004    -0.75008946E+000     0.58933089E+000     0.30942282E-004     0.17210696E-004
     0.27525245E+000     0.17027338E-003    -0.24908949E-005    -0.73713933E+000     0.56337709E+000     0.37764731E-004     0.15610302E-004
     0.27561994E+000     0.14770342E-003    -0.27748339E-004    -0.72028811E+000     0.53917171E+000     0.45004799E-004     0.14320329E-004
     0.27598743E+000     0.12750325E-003    -0.50991408E-004    -0.70032187E+000     0.51743387E+000     0.53504122E-004     0.13732930E-004
     0.27635493E+000     0.10770232E-003    -0.74157676E-004    -0.67802262E+000     0.49862648E+000     0.63544368E-004     0.14972726E-004
     0.27672242E+000     0.87972412E-004    -0.99688827E-004    -0.65417529E+000     0.48303372E+000     0.74493859E-004     0.19311808E-004
     0.27708991E+000     0.69488181E-004    -0.12984020E-003    -0.62957291E+000     0.47076556E+000     0.84916509E-004     0.27550967E-004
     0.27745741E+000     0.54790539E-004    -0.16609379E-003    -0.60498748E+000     0.46175020E+000     0.93007459E-004     0.39640482E-004
     0.27782490E+000     0.47429199E-004    -0.20845071E-003    -0.58113061E+000     0.45574752E+000     0.97109717E-004     0.54654146E-004
     0.27819239E+000     0.51120089E-004    -0.25486084E-003    -0.55863168E+000     0.45237268E+000     0.96064033E-004     0.71023172E-004
     0.27855989E+000     0.68578916E-004    -0.30121787E-003    -0.53802580E+000     0.45110241E+000     0.89344501E-004     0.86786369E-004
     0.27892738E+000     0.10050194E-003    -0.34201722E-003    -0.51971907E+000     0.45126750E+000     0.77167356E-004     0.99756456E-004
     0.27929487E+000     0.14499589E-003    -0.37141760E-003    -0.50392463E+000     0.45206636E+000     0.60675868E-004     0.10777167E-003
     0.27966237E+000     0.19751075E-003    -0.38446709E-003    -0.49059485E+000     0.45261742E+000     0.42019152E-004     0.10917693E-003
     0.28002986E+000     0.25129697E-003    -0.37832735E-003    -0.47936484E+000     0.45204631E+000     0.24080882E-004     0.10340104E-003
     0.28039735E+000     0.29842532E-003    -0.35335308E-003    -0.46951743E+000     0.44962184E+000     0.98170760E-005     0.91320968E-004
     0.28076485E+000     0.33151973E-003    -0.31371286E-003    -0.46002770E+000     0.44495163E+000     0.14228421E-005     0.75136220E-004
     0.28113234E+000     0.34595110E-003    -0.26679542E-003    -0.44976306E+000     0.43815904E+000    -0.25692769E-006     0.57721742E-004
     0.28149983E+000     0.34126665E-003    -0.22109771E-003    -0.43780039E+000     0.42988906E+000     0.42311045E-005     0.41800986E-004
     0.28186733E+000     0.32079360E-003    -0.18374017E-003    -0.42367682E+000     0.42108669E+000     0.13350177E-004     0.29355942E-004
     0.28223482E+000     0.28993280E-003    -0.15912351E-003    -0.40742164E+000     0.41268265E+000     0.25112121E-004     0.21393884E-004
     0.28260231E+000     0.25452427E-003    -0.14897996E-003    -0.38939749E+000     0.40537506E+000     0.37568702E-004     0.17996207E-004
     0.28296981E+000     0.21998901E-003    -0.15299512E-003    -0.37009561E+000     0.39958066E+000     0.49153602E-004     0.18565048E-004
     0.28333730E+000     0.19100761E-003    -0.16929769E-003    -0.35000305E+000     0.39550023E+000     0.58811185E-004     0.22138855E-004
     0.28370479E+000     0.17127836E-003    -0.19472404E-003    -0.32956603E+000     0.39319943E+000     0.65955804E-004     0.27635566E-004
     0.28407229E+000     0.16317642E-003    -0.22508914E-003    -0.30920006E+000     0.39264427E+000     0.70382889E-004     0.33971350E-004
     0.28443978E+000     0.16741885E-003    -0.25563192E-003    -0.28928897E+000     0.39369638E+000     0.72228010E-004     0.40110604E-004
     0.28480727E+000     0.18286533E-003    -0.28162351E-003    -0.27015316E+000     0.39610465E+000     0.71975238E-004     0.45142720E-004
     0.28517477E+000     0.20652648E-003    -0.29912575E-003    -0.25199858E+000     0.39952088E+000     0.70435978E-004     0.48425894E-004
     0.28554226E+000     0.23397605E-003    -0.30584462E-003    -0.23486708E+000     0.40355177E+000     0.68625628E-004     0.49749307E-004
     0.28590975E+000     0.26029833E-003    -0.30171608E-003    -0.21861730E+000     0.40785076E+000     0.67529361E-004     0.49427445E-004
     0.28627724E+000     0.28125959E-003    -0.28883103E-003    -0.20297585E+000     0.41222438E+000     0.67802727E-004     0.48247739E-004
     0.28664474E+000     0.29418727E-003    -0.27073367E-003    -0.18766679E+000     0.41668272E+000     0.69512409E-004     0.47213837E-004
     0.28701223E+000     0.29829220E-003    -0.25146810E-003    -0.17254790E+000     0.42137380E+000     0.72086273E-004     0.47120259E-004
     0.28737972E+000     0.29450901E-003    -0.23473089E-003    -0.15765004E+000     0.42643496E+000     0.74588746E-004     0.48155637E-004
     0.28774722E+000     0.28506368E-003    -0.22326763E-003    -0.14309016E+000     0.43187236E+000     0.76231800E-004     0.49792908E-004
     0.28811471E+000     0.27288601E-003    -0.21851667E-003    -0.12893249E+000     0.43755327E+000     0.76838999E-004     0.51076101E-004
     0.28848220E+000     0.26093884E-003    -0.22056264E-003    -0.11510436E+000     0.44329831E+000     0.76983196E-004     0.51154091E-004
     0.28884970E+000     0.25167374E-003    -0.22844457E-003    -0.10141009E+000     0.44898433E+000     0.77728218E-004     0.49756853E-004
     0.28921719E+000     0.24683351E-003    -0.24061408E-003    -0.87591568E-001     0.45458480E+000     0.80136625E-004     0.47376645E-004
     0.28958468E+000     0.24751084E-003    -0.25522967E-003    -0.73359586E-001     0.46016338E+000     0.84788275E-004     0.45096715E-004
     0.28995218E+000     0.25416639E-003    -0.27027152E-003    -0.58388704E-001     0.46588881E+000     0.91521267E-004     0.44154468E-004
     0.29031967E+000     0.26654606E-003    -0.28371511E-003    -0.42336734E-001     0.47209461E+000     0.99529249E-004     0.45442066E-004
     0.29068716E+000     0.28369555E-003    -0.29384432E-003    -0.24933194E-001     0.47933229E+000     0.10777456E-003     0.49227085E-004
     0.29105466E+000     0.30419949E-003    -0.29954157E-003    -0.61080943E-002     0.48835181E+000     0.11543817E-003     0.55269932E-004
     0.29142215E+000     0.32655902E-003    -0.30036734E-003     0.13912123E-001     0.50000130E+000     0.12207350E-003     0.63198920E-004
     0.29178964E+000     0.34950597E-003    -0.29639857E-003     0.34584598E-001     0.51510211E+000     0.12741010E-003     0.72777169E-004
     0.29215714E+000     0.37212837E-003    -0.28796558E-003     0.55082417E-001     0.53435927E+000     0.13109261E-003     0.83848821E-004
     0.29252463E+000     0.39385087E-003    -0.27542267E-003     0.74320712E-001     0.55831596E+000     0.13264371E-003     0.96109237E-004
     0.29289212E+000     0.41433724E-003    -0.25895839E-003     0.90940333E-001     0.58730510E+000     0.13165153E-003     0.10897674E-003
     0.29325962E+000     0.43328354E-003    -0.23844677E-003     0.10327011E+000     0.62133481E+000     0.12798224E-003     0.12167644E-003
     0.29362711E+000     0.45009214E-003    -0.21344886E-003     0.10934270E+000     0.65987600E+000     0.12185834E-003     0.13345078E-003
     0.29399460E+000     0.46355512E-003    -0.18346662E-003     0.10706298E+000     0.70158560E+000     0.11377747E-003     0.14375923E-003
     0.29436210E+000     0.47172690E-003    -0.14842278E-003     0.94604197E-001     0.74408306E+000     0.10433305E-003     0.15237734E-003
     0.29472959E+000     0.47212787E-003    -0.10924253E-003     0.71011554E-001     0.78396956E+000     0.94019370E-004     0.15936988E-003
     0.29509708E+000     0.46236909E-003    -0.68319004E-004     0.36824559E-001     0.81726436E+000     0.83090287E-004     0.16495570E-003
     0.29546458E+000     0.44112966E-003    -0.29537302E-004    -0.56130771E-002     0.84025245E+000     0.71524738E-004     0.16930427E-003
     0.29583207E+000     0.40913133E-003     0.24121218E-005    -0.52428909E-001     0.85045200E+000     0.59143538E-004     0.17233500E-003
     0.29619956E+000     0.36955331E-003     0.23375063E-004    -0.99052273E-001     0.84725753E+000     0.45869877E-004     0.17364524E-003
     0.29656706E+000     0.32744265E-003     0.31211203E-004    -0.14124349E+000     0.83197072E+000     0.31990502E-004     0.17267941E-003
     0.29693455E+000     0.28819873E-003     0.26597801E-004    -0.17588751E+000     0.80727680E+000     0.18193447E-004     0.16906995E-003
     0.29730204E+000     0.25588098E-003     0.12626204E-004    -0.20131800E+000     0.77647965E+000     0.53149117E-005     0.16288704E-003
     0.29766954E+000     0.23226726E-003    -0.65506084E-005    -0.21721606E+000     0.74281706E+000    -0.60011832E-005     0.15459721E-003
     0.29803703E+000     0.21702262E-003    -0.27162872E-004    -0.22427329E+000     0.70901263E+000    -0.15469473E-004     0.14480354E-003
     0.29840452E+000     0.20857797E-003    -0.46632092E-004    -0.22378789E+000     0.67707034E+000    -0.23089342E-004     0.13399335E-003
     0.29877202E+000     0.20503439E-003    -0.63625000E-004    -0.21729559E+000     0.64826375E+000    -0.28947661E-004     0.12244188E-003
     0.29913951E+000     0.20469627E-003    -0.77710353E-004    -0.20629766E+000     0.62325776E+000    -0.33045667E-004     0.11028300E-003
     0.29950700E+000     0.20625713E-003    -0.88985749E-004    -0.19211316E+000     0.60228696E+000    -0.35250941E-004     0.97668534E-004
     0.29987450E+000     0.20881295E-003    -0.97799650E-004    -0.17583706E+000     0.58532176E+000    -0.35392245E-004     0.84890574E-004
     0.30024199E+000     0.21179528E-003    -0.10455432E-003    -0.15836155E+000     0.57218824E+000    -0.33406444E-004     0.72370058E-004
     0.30060948E+000     0.21484882E-003    -0.10959005E-003    -0.14042295E+000     0.56263772E+000    -0.29405546E-004     0.60534357E-004
     0.30097698E+000     0.21769748E-003    -0.11317275E-003    -0.12265059E+000     0.55637328E+000    -0.23617282E-004     0.49704361E-004
     0.30134447E+000     0.22007333E-003    -0.11557045E-003    -0.10559987E+000     0.55304290E+000    -0.16275469E-004     0.40083671E-004
     0.30171196E+000     0.22175885E-003    -0.11713531E-003    -0.89755443E-001     0.55221534E+000    -0.75659644E-005     0.31829049E-004
     0.30207945E+000     0.22269463E-003    -0.11828319E-003    -0.75499542E-001     0.55336216E+000     0.23460828E-005     0.25110629E-004
     0.30244695E+000     0.22301528E-003    -0.11936059E-003    -0.63055858E-001     0.55587127E+000     0.13271645E-004     0.20107919E-004
     0.30281444E+000     0.22294173E-003    -0.12053210E-003    -0.52436985E-001     0.55910876E+000     0.25003423E-004     0.16978319E-004
     0.30318193E+000     0.22262945E-003    -0.12181267E-003    -0.43435598E-001     0.56252240E+000     0.37359392E-004     0.15874373E-004
     0.30354943E+000     0.22212714E-003    -0.12320034E-003    -0.35689885E-001     0.56574555E+000     0.50181222E-004     0.17028170E-004
     0.30391692E+000     0.22146632E-003    -0.12475474E-003    -0.28811338E-001     0.56863964E+000     0.63225630E-004     0.20827904E-004
     0.30428441E+000     0.22075830E-003    -0.12654128E-003    -0.22509570E-001     0.57123893E+000     0.75980712E-004     0.27782100E-004
     0.30465191E+000     0.22017661E-003    -0.12850718E-003    -0.16637977E-001     0.57363119E+000     0.87517258E-004     0.38325735E-004
     0.30501940E+000     0.21981728E-003    -0.13042166E-003    -0.11141174E-001     0.57585912E+000     0.96493865E-004     0.52516679E-004
     0.30538689E+000     0.21953743E-003    -0.13195975E-003    -0.59624367E-002     0.57790773E+000     0.10137970E-003     0.69747847E-004
     0.30575439E+000     0.21889096E-003    -0.13289990E-003    -0.99470834E-003     0.57976761E+000     0.10085940E-003     0.88630163E-004
     0.30612188E+000     0.21721002E-003    -0.13333609E-003     0.38874214E-002     0.58150384E+000     0.94273332E-004     0.10715146E-003
     0.30648937E+000     0.21380299E-003    -0.13382052E-003     0.87487244E-002     0.58326450E+000     0.81898104E-004     0.12308456E-003
     0.30685687E+000     0.20822426E-003    -0.13540087E-003     0.13535373E-001     0.58521929E+000     0.64943447E-004     0.13448555E-003
     0.30722436E+000     0.20058800E-003    -0.13951551E-003     0.18081369E-001     0.58747296E+000     0.45284677E-004     0.14009115E-003
     0.30759185E+000     0.19185454E-003    -0.14767742E-003     0.22171660E-001     0.59000887E+000     0.25057085E-004     0.13949871E-003
     0.30795935E+000     0.18391304E-003    -0.16093245E-003     0.25620225E-001     0.59268792E+000     0.62616505E-005     0.13311890E-003
     0.30832684E+000     0.17926351E-003    -0.17926041E-003     0.28322994E-001     0.59528972E+000    -0.95111553E-005     0.12197518E-003
     0.30869433E+000     0.18028312E-003    -0.20126016E-003     0.30273874E-001     0.59756260E+000    -0.21212285E-004     0.10745582E-003
     0.30906183E+000     0.18837381E-003    -0.22441305E-003     0.31558682E-001     0.59926112E+000    -0.28363044E-004     0.91089035E-004
     0.30942932E+000     0.20347555E-003    -0.24589159E-003     0.32343805E-001     0.60017070E+000    -0.31029490E-004     0.74343981E-004
     0.30979681E+000     0.22426242E-003    -0.26348289E-003     0.32865429E-001     0.60012623E+000    -0.29738410E-004     0.58442098E-004
     0.31016431E+000     0.24888640E-003    -0.27608292E-003     0.33420782E-001     0.59902989E+000    -0.25310247E-004     0.44209763E-004
     0.31053180E+000     0.27575908E-003    -0.28352232E-003     0.34358382E-001     0.59687673E+000    -0.18634770E-004     0.32036311E-004
     0.31089929E+000     0.30388270E-003    -0.28596435E-003     0.36052118E-001     0.59379089E+000    -0.10472636E-004     0.21960189E-004
     0.31126679E+000     0.33262390E-003    -0.28337571E-003     0.38842076E-001     0.59005550E+000    -0.13570075E-005     0.13832239E-004
     0.31163428E+000     0.36123461E-003    -0.27542671E-003     0.42948267E-001     0.58610295E+000     0.83927148E-005     0.74739015E-005
     0.31200177E+000     0.38853561E-003    -0.26179438E-003     0.48393905E-001     0.58244684E+000     0.18585601E-004     0.27726286E-005
     0.31236927E+000     0.41295421E-003    -0.24257093E-003     0.54980789E-001     0.57957354E+000     0.29058366E-004    -0.30167675E-006
     0.31273676E+000     0.43281995E-003    -0.21851374E-003     0.62332323E-001     0.57783868E+000     0.39606777E-004    -0.17423051E-005
     0.31310425E+000     0.44672816E-003    -0.19106732E-003     0.69982271E-001     0.57740974E+000     0.49975528E-004    -0.15733725E-005
     0.31347175E+000     0.45385239E-003    -0.16220517E-003     0.77468388E-001     0.57826680E+000     0.59898661E-004     0.10693398E-006
     0.31383924E+000     0.45415059E-003    -0.13414626E-003     0.84397652E-001     0.58024407E+000     0.69152013E-004     0.31315886E-005
     0.31420673E+000     0.44842300E-003    -0.10900202E-003     0.90473225E-001     0.58308103E+000     0.77577785E-004     0.73039633E-005
     0.31457423E+000     0.43820441E-003    -0.88432553E-004     0.95497558E-001     0.58645859E+000     0.85070383E-004     0.12433754E-004
     0.31494172E+000     0.42552202E-003    -0.73386511E-004     0.99377185E-001     0.59001858E+000     0.91545907E-004     0.18341228E-004
     0.31530921E+000     0.41257287E-003    -0.63961167E-004     0.10214135E+000     0.59338847E+000     0.96930724E-004     0.24831518E-004
     0.31567671E+000     0.40136347E-003    -0.59399205E-004     0.10395604E+000     0.59623307E+000     0.10118930E-003     0.31670767E-004
     0.31604420E+000     0.39336240E-003    -0.58245877E-004     0.10509901E+000     0.59832375E+000     0.10437475E-003     0.38603045E-004
     0.31641169E+000     0.38925574E-003    -0.58666360E-004     0.10588554E+000     0.59958210E+000     0.10665465E-003     0.45417459E-004
     0.31677918E+000     0.38889670E-003    -0.58845644E-004     0.10658062E+000     0.60006184E+000     0.10827367E-003     0.52027626E-004
     0.31714668E+000     0.39146115E-003    -0.57337772E-004     0.10735122E+000     0.59987870E+000     0.10946274E-003     0.58507615E-004
     0.31751417E+000     0.39572582E-003    -0.53266110E-004     0.10828135E+000     0.59913840E+000     0.11034363E-003     0.65060098E-004
     0.31788166E+000     0.40036163E-003    -0.46363282E-004     0.10942416E+000     0.59790719E+000     0.11087217E-003     0.71937145E-004
     0.31824916E+000     0.40417580E-003    -0.36894713E-004     0.11084536E+000     0.59622992E+000     0.11083031E-003     0.79347635E-004
     0.31861665E+000     0.40627933E-003    -0.25511468E-004     0.11263179E+000     0.59416754E+000     0.10986016E-003     0.87371845E-004
     0.31898414E+000     0.40616844E-003    -0.13068065E-004     0.11486908E+000     0.59182333E+000     0.10753557E-003     0.95896429E-004
     0.31935164E+000     0.40371747E-003    -0.44813949E-006     0.11760823E+000     0.58934501E+000     0.10346309E-003     0.10458905E-003
     0.31971913E+000     0.39911040E-003     0.11559017E-004     0.12083745E+000     0.58690550E+000     0.97386836E-004     0.11292888E-003
     0.32008662E+000     0.39276207E-003     0.22323792E-004     0.12446707E+000     0.58467013E+000     0.89261792E-004     0.12028630E-003
     0.32045412E+000     0.38525573E-003     0.31417785E-004     0.12833166E+000     0.58275644E+000     0.79275340E-004     0.12602055E-003
     0.32082161E+000     0.37727608E-003     0.38658388E-004     0.13221354E+000     0.58119373E+000     0.67825261E-004     0.12956233E-003
     0.32118910E+000     0.36951125E-003     0.44136228E-004     0.13589041E+000     0.57989477E+000     0.55480106E-004     0.13046855E-003
     0.32155660E+000     0.36254250E-003     0.48188151E-004     0.13920015E+000     0.57865600E+000     0.42941485E-004     0.12846038E-003
     0.32192409E+000     0.35677103E-003     0.51320305E-004     0.14210284E+000     0.57719822E+000     0.31006661E-004     0.12346249E-003
     0.32229158E+000     0.35239910E-003     0.54130302E-004     0.14471145E+000     0.57524183E+000     0.20512757E-004     0.11564771E-003
     0.32265908E+000     0.34942811E-003     0.57261402E-004     0.14727234E+000     0.57258975E+000     0.12247369E-004     0.10546736E-003
     0.32302657E+000     0.34763300E-003     0.61364236E-004     0.15010124E+000     0.56918289E+000     0.68345928E-005     0.93636935E-004
     0.32339406E+000     0.34652503E-003     0.67016669E-004     0.15350411E+000     0.56510763E+000     0.46302717E-005     0.81061920E-004
     0.32376156E+000     0.34536156E-003     0.74591939E-004     0.15771547E+000     0.56056188E+000     0.56630445E-005     0.68718282E-004
     0.32412905E+000     0.34324776E-003     0.84126118E-004     0.16286949E+000     0.55580358E+000     0.96366414E-005     0.57522459E-004
     0.32449654E+000     0.33931717E-003     0.95258372E-004     0.16899917E+000     0.55110283E+000     0.15983114E-004     0.48222138E-004
     0.32486404E+000     0.33292577E-003     0.10728608E-003     0.17605184E+000     0.54670632E+000     0.23945823E-004     0.41321284E-004
     0.32523153E+000     0.32378267E-003     0.11932030E-003     0.18391278E+000     0.54281474E+000     0.32676510E-004     0.37039530E-004
     0.32559902E+000     0.31196958E-003     0.13048031E-003     0.19243171E+000     0.53957329E+000     0.41338128E-004     0.35305446E-004
     0.32596652E+000     0.29785257E-003     0.14005016E-003     0.20144617E+000     0.53707466E+000     0.49203741E-004     0.35786029E-004
     0.32633401E+000     0.28194012E-003     0.14754187E-003     0.21079602E+000     0.53537006E+000     0.55737020E-004     0.37950616E-004
     0.32670150E+000     0.26476347E-003     0.15266402E-003     0.22032729E+000     0.53448045E+000     0.60641236E-004     0.41158898E-004
     0.32706900E+000     0.24682987E-003     0.15524771E-003     0.22988979E+000     0.53440159E+000     0.63870592E-004     0.44757952E-004
     0.32743649E+000     0.22864238E-003     0.15519758E-003     0.23933528E+000     0.53510155E+000     0.65604465E-004     0.48173218E-004
     0.32780398E+000     0.21073448E-003     0.15250195E-003     0.24852165E+000     0.53651388E+000     0.66190097E-004     0.50979958E-004
     0.32817148E+000     0.19366549E-003     0.14728375E-003     0.25732494E+000     0.53853232E+000     0.66064290E-004     0.52944027E-004
     0.32853897E+000     0.17795887E-003     0.13984256E-003     0.26565740E+000     0.54101218E+000     0.65669780E-004     0.54026143E-004
     0.32890646E+000     0.16400836E-003     0.13064359E-003     0.27348692E+000     0.54378244E+000     0.65383478E-004     0.54353033E-004
     0.32927396E+000     0.15200016E-003     0.12024197E-003     0.28085137E+000     0.54666913E+000     0.65468191E-004     0.54167674E-004
     0.32964145E+000     0.14189299E-003     0.10916799E-003     0.28786153E+000     0.54952698E+000     0.66049288E-004     0.53772920E-004
     0.33000894E+000     0.13346873E-003     0.97819341E-004     0.29468830E+000     0.55227294E+000     0.67110710E-004     0.53477079E-004
     0.33037644E+000     0.12643372E-003     0.86401591E-004     0.30153350E+000     0.55491348E+000     0.68505571E-004     0.53542839E-004
     0.33074393E+000     0.12053202E-003     0.74934642E-004     0.30858823E+000     0.55755709E+000     0.69982140E-004     0.54139609E-004
     0.33111142E+000     0.11563311E-003     0.63317530E-004     0.31598699E+000     0.56040648E+000     0.71228696E-004     0.55304651E-004
     0.33147892E+000     0.11176896E-003     0.51427235E-004     0.32376865E+000     0.56373010E+000     0.71935912E-004     0.56924386E-004
     0.33184641E+000     0.10911158E-003     0.39219790E-004     0.33185357E+000     0.56781940E+000     0.71865523E-004     0.58746922E-004
     0.33221390E+000     0.10789907E-003     0.26802461E-004     0.34004019E+000     0.57294171E+000     0.70906219E-004     0.60427372E-004
     0.33258139E+000     0.10833301E-003     0.14453958E-004     0.34801865E+000     0.57929727E+000     0.69099717E-004     0.61593616E-004
     0.33294889E+000     0.11047867E-003     0.25845186E-005     0.35539646E+000     0.58698465E+000     0.66632536E-004     0.61911605E-004
     0.33331638E+000     0.11420003E-003    -0.83548946E-005     0.36173190E+000     0.59597545E+000     0.63803724E-004     0.61133261E-004
     0.33368387E+000     0.11915299E-003    -0.17989729E-004     0.36657332E+000     0.60609837E+000     0.60984808E-004     0.59123054E-004
     0.33405137E+000     0.12484535E-003    -0.26130600E-004     0.36950325E+000     0.61703347E+000     0.58582215E-004     0.55870584E-004
     0.33441886E+000     0.13075246E-003    -0.32836822E-004     0.37018616E+000     0.62831882E+000     0.57001479E-004     0.51497846E-004
     0.33478635E+000     0.13645664E-003    -0.38407290E-004     0.36841669E+000     0.63937249E+000     0.56606180E-004     0.46262074E-004
     0.33515385E+000     0.14176572E-003    -0.43292682E-004     0.36416344E+000     0.64953215E+000     0.57667760E-004     0.40545557E-004
     0.33552134E+000     0.14676700E-003    -0.47950483E-004     0.35760082E+000     0.65811291E+000     0.60313102E-004     0.34820398E-004
     0.33588883E+000     0.15179099E-003    -0.52687786E-004     0.34911948E+000     0.66448016E+000     0.64488103E-004     0.29583430E-004
     0.33625633E+000     0.15728958E-003    -0.57547181E-004     0.33930677E+000     0.66812816E+000     0.69958255E-004     0.25272364E-004
     0.33662382E+000     0.16366731E-003    -0.62281390E-004     0.32889343E+000     0.66874933E+000     0.76356251E-004     0.22189486E-004
     0.33699131E+000     0.17112890E-003    -0.66429682E-004     0.31867239E+000     0.66627679E+000     0.83265675E-004     0.20462720E-004
     0.33735881E+000     0.17960168E-003    -0.69464084E-004     0.30940583E+000     0.66088785E+000     0.90310776E-004     0.20060645E-004
     0.33772630E+000     0.18875513E-003    -0.70942815E-004     0.30174199E+000     0.65296734E+000     0.97217297E-004     0.20854241E-004
     0.33809379E+000     0.19809267E-003    -0.70614268E-004     0.29615978E+000     0.64304252E+000     0.10382216E-003     0.22696532E-004
     0.33846129E+000     0.20706661E-003    -0.68450147E-004     0.29294852E+000     0.63170859E+000     0.11003408E-003     0.25483984E-004
     0.33882878E+000     0.21517493E-003    -0.64621542E-004     0.29221847E+000     0.61956200E+000     0.11576977E-003     0.29174521E-004
     0.33919627E+000     0.22202301E-003    -0.59445441E-004     0.29393092E+000     0.60715205E+000     0.12089923E-003     0.33759620E-004
     0.33956377E+000     0.22735151E-003    -0.53324303E-004     0.29793562E+000     0.59495263E+000     0.12522528E-003     0.39209114E-004
     0.33993126E+000     0.23103885E-003    -0.46691549E-004     0.30400679E+000     0.58335071E+000     0.12850386E-003     0.45416521E-004
     0.34029875E+000     0.23308727E-003    -0.39969280E-004     0.31187282E+000     0.57264604E+000     0.13049426E-003     0.52168357E-004
     0.34066625E+000     0.23360119E-003    -0.33540046E-004     0.32123879E+000     0.56305652E+000     0.13101854E-003     0.59148382E-004
     0.34103374E+000     0.23276536E-003    -0.27730213E-004     0.33180299E+000     0.55472571E+000     0.13000892E-003     0.65973883E-004
     0.34140123E+000     0.23082597E-003    -0.22799455E-004     0.34326926E+000     0.54773055E+000     0.12752869E-003     0.72250774E-004
     0.34176873E+000     0.22807303E-003    -0.18932017E-004     0.35535675E+000     0.54208877E+000     0.12376250E-003     0.77629784E-004
     0.34213622E+000     0.22482027E-003    -0.16229765E-004     0.36780832E+000     0.53776616E+000     0.11898156E-003     0.81847809E-004
     0.34250371E+000     0.22138181E-003    -0.14710873E-004     0.38039783E+000     0.53468416E+000     0.11349690E-003     0.84744958E-004
     0.34287121E+000     0.21804911E-003    -0.14317330E-004     0.39293681E+000     0.53272789E+000     0.10761527E-003     0.86256316E-004
     0.34323870E+000     0.21507386E-003    -0.14930325E-004     0.40528039E+000     0.53175561E+000     0.10161050E-003     0.86385494E-004
     0.34360619E+000     0.21266008E-003    -0.16388418E-004     0.41733188E+000     0.53160975E+000     0.95716644E-004     0.85172804E-004
     0.34397369E+000     0.21096426E-003    -0.18502709E-004     0.42904520E+000     0.53213004E+000     0.90140215E-004     0.82672312E-004
     0.34434118E+000     0.21009902E-003    -0.21065708E-004     0.44042347E+000     0.53316826E+000     0.85080282E-004     0.78947185E-004
     0.34470867E+000     0.21013505E-003    -0.23854578E-004     0.45151267E+000     0.53460325E+000     0.80741558E-004     0.74082687E-004
     0.34507617E+000     0.21109823E-003    -0.26632380E-004     0.46238957E+000     0.53635384E+000     0.77330325E-004     0.68206018E-004
     0.34544366E+000     0.21296185E-003    -0.29151910E-004     0.47314457E+000     0.53838694E+000     0.75033798E-004     0.61498368E-004
     0.34581115E+000     0.21563673E-003    -0.31165699E-004     0.48386212E+000     0.54071814E+000     0.73993637E-004     0.54189780E-004
     0.34617865E+000     0.21896349E-003    -0.32443447E-004     0.49460239E+000     0.54340420E+000     0.74287149E-004     0.46538076E-004
     0.34654614E+000     0.22271146E-003    -0.32795629E-004     0.50538794E+000     0.54652899E+000     0.75923987E-004     0.38801849E-004
     0.34691363E+000     0.22658754E-003    -0.32099944E-004     0.51619752E+000     0.55018604E+000     0.78856610E-004     0.31218826E-004
     0.34728113E+000     0.23025656E-003    -0.30325903E-004     0.52696720E+000     0.55446127E+000     0.82996228E-004     0.23995198E-004
     0.34764862E+000     0.23337259E-003    -0.27552198E-004     0.53759709E+000     0.55941857E+000     0.88226204E-004     0.17303894E-004
     0.34801611E+000     0.23561811E-003    -0.23971825E-004     0.54796185E+000     0.56508958E+000     0.94409978E-004     0.11285878E-004
     0.34838360E+000     0.23674561E-003    -0.19881456E-004     0.55792268E+000     0.57146781E+000     0.10139582E-003     0.60498939E-005
     0.34875110E+000     0.23661488E-003    -0.15654111E-004     0.56733971E+000     0.57850666E+000     0.10902238E-003     0.16702814E-005
     0.34911859E+000     0.23521900E-003    -0.11697019E-004     0.57608381E+000     0.58612086E+000     0.11712697E-003    -0.18142980E-005
     0.34948608E+000     0.23269267E-003    -0.83993190E-005     0.58404730E+000     0.59419077E+000     0.12555507E-003    -0.43982494E-005
     0.34985358E+000     0.22929846E-003    -0.60770298E-005     0.59115318E+000     0.60256946E+000     0.13416744E-003    -0.61020069E-005
     0.35022107E+000     0.22538886E-003    -0.49255323E-005     0.59736220E+000     0.61109195E+000     0.14284212E-003    -0.69631649E-005
     0.35058856E+000     0.22134803E-003    -0.49914376E-005     0.60267719E+000     0.61958651E+000     0.15147087E-003    -0.70301313E-005
     0.35095606E+000     0.21752350E-003    -0.61741883E-005     0.60714397E+000     0.62788720E+000     0.15995366E-003    -0.63618166E-005
     0.35132355E+000     0.21416427E-003    -0.82614829E-005     0.61084804E+000     0.63584654E+000     0.16819629E-003    -0.50336114E-005
     0.35169104E+000     0.21138370E-003    -0.10992398E-004     0.61390700E+000     0.64334671E+000     0.17611600E-003    -0.31457948E-005
     0.35205854E+000     0.20915991E-003    -0.14131482E-004     0.61645915E+000     0.65030742E+000     0.18365575E-003    -0.82776797E-006
     0.35242603E+000     0.20737489E-003    -0.17531291E-004     0.61865007E+000     0.65668889E+000     0.19080351E-003     0.17682361E-005
     0.35279352E+000     0.20587972E-003    -0.21163616E-004     0.62061957E+000     0.66248930E+000     0.19760861E-003     0.44867475E-005
     0.35316102E+000     0.20456372E-003    -0.25110801E-004     0.62249155E+000     0.66773772E+000     0.20418642E-003     0.71991221E-005
     0.35352851E+000     0.20340519E-003    -0.29523209E-004     0.62436843E+000     0.67248464E+000     0.21070582E-003     0.98359332E-005
     0.35389600E+000     0.20248994E-003    -0.34560247E-004     0.62633021E+000     0.67679275E+000     0.21735949E-003     0.12411080E-004
     0.35426350E+000     0.20199709E-003    -0.40335562E-004     0.62843688E+000     0.68072995E+000     0.22432378E-003     0.15028757E-004
     0.35463099E+000     0.20216278E-003    -0.46881648E-004     0.63073216E+000     0.68436558E+000     0.23171879E-003     0.17869787E-004
     0.35499848E+000     0.20323771E-003    -0.54138838E-004     0.63324666E+000     0.68776929E+000     0.23957934E-003     0.21160397E-004
     0.35536598E+000     0.20545156E-003    -0.61963678E-004     0.63599932E+000     0.69101138E+000     0.24784387E-003     0.25131502E-004
     0.35573347E+000     0.20899025E-003    -0.70146470E-004     0.63899701E+000     0.69416314E+000     0.25636278E-003     0.29978469E-004
     0.35610096E+000     0.21398384E-003    -0.78428754E-004     0.64223283E+000     0.69729601E+000     0.26492306E-003     0.35830186E-004
     0.35646846E+000     0.22049848E-003    -0.86517119E-004     0.64568425E+000     0.70047904E+000     0.27328240E-003     0.42733236E-004
     0.35683595E+000     0.22852703E-003    -0.94096047E-004     0.64931208E+000     0.70377460E+000     0.28120438E-003     0.50653124E-004
     0.35720344E+000     0.23797778E-003    -0.10084570E-003     0.65306137E+000     0.70723312E+000     0.28848691E-003     0.59490290E-004
     0.35757094E+000     0.24866649E-003    -0.10646899E-003     0.65686465E+000     0.71088765E+000     0.29497793E-003     0.69105097E-004
     0.35793843E+000     0.26031983E-003    -0.11072694E-003     0.66064763E+000     0.71474981E+000     0.30057642E-003     0.79343794E-004
     0.35830592E+000     0.27259654E-003    -0.11347551E-003     0.66433667E+000     0.71880791E+000     0.30522160E-003     0.90057918E-004
     0.35867342E+000     0.28512801E-003    -0.11469289E-003     0.66786667E+000     0.72302849E+000     0.30887623E-003     0.10111248E-003
     0.35904091E+000     0.29757223E-003    -0.11448595E-003     0.67118801E+000     0.72736088E+000     0.31151168E-003     0.11238268E-003
     0.35940840E+000     0.30966886E-003    -0.11306887E-003     0.67427079E+000     0.73174435E+000     0.31310044E-003     0.12374297E-003
     0.35977590E+000     0.32127959E-003    -0.11071509E-003     0.67710570E+000     0.73611626E+000     0.31361861E-003     0.13505450E-003
     0.36014339E+000     0.33239978E-003    -0.10769287E-003     0.67970116E+000     0.74041928E+000     0.31305710E-003     0.14615699E-003
     0.36051088E+000     0.34313564E-003    -0.10420242E-003     0.68207786E+000     0.74460606E+000     0.31143731E-003     0.15686924E-003
     0.36087838E+000     0.35365194E-003    -0.10033326E-003     0.68426247E+000     0.74864042E+000     0.30882563E-003     0.16699910E-003
     0.36124587E+000     0.36410559E-003    -0.96054903E-004     0.68628243E+000     0.75249523E+000     0.30534193E-003     0.17636105E-003
     0.36161336E+000     0.37458503E-003    -0.91242955E-004     0.68816343E+000     0.75614834E+000     0.30115896E-003     0.18479683E-003
     0.36198086E+000     0.38507279E-003    -0.85731766E-004     0.68993018E+000     0.75957851E+000     0.29649272E-003     0.19219471E-003
     0.36234835E+000     0.39544074E-003    -0.79377173E-004     0.69160938E+000     0.76276325E+000     0.29158558E-003     0.19850332E-003
     0.36271584E+000     0.40547731E-003    -0.72111303E-004     0.69323356E+000     0.76567940E+000     0.28668547E-003     0.20373814E-003
     0.36308333E+000     0.41493699E-003    -0.63975133E-004     0.69484374E+000     0.76830636E+000     0.28202435E-003     0.20798003E-003
     0.36345083E+000     0.42359741E-003    -0.55122039E-004     0.69648961E+000     0.77063061E+000     0.27779883E-003     0.21136636E-003
     0.36381832E+000     0.43130868E-003    -0.45794162E-004     0.69822708E+000     0.77264994E+000     0.27415538E-003     0.21407654E-003
     0.36418581E+000     0.43802372E-003    -0.36280668E-004     0.70011397E+000     0.77437585E+000     0.27118148E-003     0.21631375E-003
     0.36455331E+000     0.44380553E-003    -0.26870357E-004     0.70220504E+000     0.77583360E+000     0.26890332E-003     0.21828561E-003
     0.36492080E+000     0.44881419E-003    -0.17809919E-004     0.70454788E+000     0.77706009E+000     0.26728974E-003     0.22018570E-003
     0.36528829E+000     0.45328100E-003    -0.92744979E-005     0.70718037E+000     0.77810057E+000     0.26626140E-003     0.22217782E-003
     0.36565579E+000     0.45747742E-003    -0.13518942E-005     0.71012995E+000     0.77900510E+000     0.26570420E-003     0.22438407E-003
     0.36602328E+000     0.46168419E-003     0.59617405E-005     0.71341419E+000     0.77982579E+000     0.26548579E-003     0.22687801E-003
     0.36639077E+000     0.46616300E-003     0.12757508E-004     0.71704193E+000     0.78061509E+000     0.26547336E-003     0.22968396E-003
     0.36675827E+000     0.47113134E-003     0.19202293E-004     0.72101431E+000     0.78142496E+000     0.26555055E-003     0.23278296E-003
     0.36712576E+000     0.47674168E-003     0.25520691E-004     0.72532523E+000     0.78230659E+000     0.26563032E-003     0.23612483E-003
     0.36749325E+000     0.48306682E-003     0.31970876E-004     0.72996118E+000     0.78331002E+000     0.26566135E-003     0.23964409E-003
     0.36786075E+000     0.49009398E-003     0.38816318E-004     0.73490074E+000     0.78448330E+000     0.26562686E-003     0.24327605E-003
     0.36822824E+000     0.49772928E-003     0.46296774E-004     0.74011420E+000     0.78587088E+000     0.26553686E-003     0.24696965E-003
     0.36859573E+000     0.50581254E-003     0.54602843E-004     0.74556370E+000     0.78751150E+000     0.26541668E-003     0.25069429E-003
     0.36896323E+000     0.51414010E-003     0.63857965E-004     0.75120443E+000     0.78943582E+000     0.26529526E-003     0.25444055E-003
     0.36933072E+000     0.52249217E-003     0.74110429E-004     0.75698684E+000     0.79166439E+000     0.26519611E-003     0.25821590E-003
     0.36969821E+000     0.53066023E-003     0.85336048E-004     0.76285972E+000     0.79420659E+000     0.26513223E-003     0.26203807E-003
     0.37006571E+000     0.53847049E-003     0.97450339E-004     0.76877366E+000     0.79706087E+000     0.26510499E-003     0.26592823E-003
     0.37043320E+000     0.54580032E-003     0.11032755E-003     0.77468405E+000     0.80021643E+000     0.26510581E-003     0.26990569E-003
     0.37080069E+000     0.55258608E-003     0.12382312E-003     0.78055317E+000     0.80365586E+000     0.26511926E-003     0.27398459E-003
     0.37116819E+000     0.55882225E-003     0.13779588E-003     0.78635090E+000     0.80735836E+000     0.26512650E-003     0.27817269E-003
     0.37153568E+000     0.56455340E-003     0.15212721E-003     0.79205394E+000     0.81130272E+000     0.26510812E-003     0.28247159E-003
     0.37190317E+000     0.56986086E-003     0.16673484E-003     0.79764407E+000     0.81546953E+000     0.26504620E-003     0.28687781E-003
     0.37227067E+000     0.57484703E-003     0.18158082E-003     0.80310560E+000     0.81984229E+000     0.26492548E-003     0.29138424E-003
     0.37263816E+000     0.57961941E-003     0.19667352E-003     0.80842281E+000     0.82440720E+000     0.26473386E-003     0.29598164E-003
     0.37300565E+000     0.58427619E-003     0.21206491E-003     0.81357769E+000     0.82915193E+000     0.26446232E-003     0.30065985E-003
     0.37337315E+000     0.58889457E-003     0.22784427E-003     0.81854844E+000     0.83406335E+000     0.26410465E-003     0.30540886E-003
     0.37374064E+000     0.59352217E-003     0.24412980E-003     0.82330898E+000     0.83912463E+000     0.26365694E-003     0.31021955E-003
     0.37410813E+000     0.59817155E-003     0.26105928E-003     0.82782979E+000     0.84431214E+000     0.26311718E-003     0.31508419E-003
     0.37447563E+000     0.60281733E-003     0.27878058E-003     0.83208009E+000     0.84959243E+000     0.26248488E-003     0.31999681E-003
     0.37484312E+000     0.60739556E-003     0.29744278E-003     0.83603156E+000     0.85492004E+000     0.26176090E-003     0.32495331E-003
     0.37521061E+000     0.61180478E-003     0.31718793E-003     0.83966319E+000     0.86023662E+000     0.26094741E-003     0.32995140E-003
     0.37557811E+000     0.61590830E-003     0.33814373E-003     0.84296699E+000     0.86547225E+000     0.26004795E-003     0.33499028E-003
     0.37594560E+000     0.61953743E-003     0.36041707E-003     0.84595333E+000     0.87054918E+000     0.25906743E-003     0.34007000E-003
     0.37631309E+000     0.62249553E-003     0.38408830E-003     0.84865499E+000     0.87538810E+000     0.25801193E-003     0.34519069E-003
     0.37668059E+000     0.62456268E-003     0.40920621E-003     0.85112842E+000     0.87991637E+000     0.25688803E-003     0.35035181E-003
     0.37704808E+000     0.62550101E-003     0.43578375E-003     0.85345146E+000     0.88407661E+000     0.25570197E-003     0.35555182E-003
     0.37741557E+000     0.62506067E-003     0.46379443E-003     0.85571738E+000     0.88783403E+000     0.25445878E-003     0.36078829E-003
     0.37778307E+000     0.62298646E-003     0.49316963E-003     0.85802631E+000     0.89118078E+000     0.25316168E-003     0.36605849E-003
     0.37815056E+000     0.61902505E-003     0.52379684E-003     0.86047554E+000     0.89413638E+000     0.25181209E-003     0.37136006E-003
     0.37851805E+000     0.61293278E-003     0.55551906E-003     0.86315092E+000     0.89674426E+000     0.25040987E-003     0.37669149E-003
     0.37888554E+000     0.60448369E-003     0.58813572E-003     0.86612059E+000     0.89906552E+000     0.24895384E-003     0.38205237E-003
     0.37925304E+000     0.59347774E-003     0.62140498E-003     0.86943209E+000     0.90117142E+000     0.24744224E-003     0.38744329E-003
     0.37962053E+000     0.57974874E-003     0.65504786E-003     0.87311234E+000     0.90313620E+000     0.24587300E-003     0.39286568E-003
     0.37998802E+000     0.56317160E-003     0.68875393E-003     0.87717010E+000     0.90503118E+000     0.24424394E-003     0.39832156E-003
     0.38035552E+000     0.54366857E-003     0.72218879E-003     0.88159956E+000     0.90692074E+000     0.24255282E-003     0.40381332E-003
     0.38072301E+000     0.52121386E-003     0.75500274E-003     0.88638444E+000     0.90886015E+000     0.24079737E-003     0.40934355E-003
     0.38109050E+000     0.49583647E-003     0.78684063E-003     0.89150175E+000     0.91089489E+000     0.23897521E-003     0.41491490E-003
     0.38145800E+000     0.46762084E-003     0.81735220E-003     0.89692499E+000     0.91306104E+000     0.23708388E-003     0.42053004E-003
     0.38182549E+000     0.43670521E-003     0.84620247E-003     0.90262652E+000     0.91538633E+000     0.23512075E-003     0.42619159E-003
     0.38219298E+000     0.40327779E-003     0.87308155E-003     0.90857923E+000     0.91789147E+000     0.23308298E-003     0.43190207E-003
     0.38256048E+000     0.36757082E-003     0.89771333E-003     0.91475762E+000     0.92059147E+000     0.23096757E-003     0.43766390E-003
     0.38292797E+000     0.32985298E-003     0.91986258E-003     0.92113837E+000     0.92349702E+000     0.22877125E-003     0.44347937E-003
     0.38329546E+000     0.29042065E-003     0.93934016E-003     0.92770056E+000     0.92661552E+000     0.22649054E-003     0.44935066E-003
     0.38366296E+000     0.24958839E-003     0.95600604E-003     0.93442573E+000     0.92995205E+000     0.22412168E-003     0.45527978E-003
     0.38403045E+000     0.20767940E-003     0.96977023E-003     0.94129769E+000     0.93351012E+000     0.22166067E-003     0.46126864E-003
     0.38439794E+000     0.16501634E-003     0.98059164E-003     0.94830235E+000     0.93729227E+000     0.21910325E-003     0.46731895E-003
     0.38476544E+000     0.12191305E-003     0.98847518E-003     0.95542745E+000     0.94130047E+000     0.21644488E-003     0.47343228E-003
     0.38513293E+000     0.78667420E-004     0.99346743E-003     0.96266231E+000     0.94553650E+000     0.21368075E-003     0.47961002E-003
     0.38550042E+000     0.35555643E-004     0.99565133E-003     0.96999754E+000     0.95000216E+000     0.21080579E-003     0.48585337E-003
     0.38586792E+000    -0.71720002E-005     0.99514018E-003     0.97742486E+000     0.95469946E+000     0.20781461E-003     0.49216335E-003
     0.38623541E+000    -0.49293936E-004     0.99207138E-003     0.98493684E+000     0.95963076E+000     0.20470160E-003     0.49854076E-003
     0.38660290E+000    -0.90618713E-004     0.98660035E-003     0.99252672E+000     0.96479882E+000     0.20146082E-003     0.50498616E-003
     0.38697040E+000    -0.13098523E-003     0.97889465E-003     0.10001882E+001     0.97020687E+000     0.19808606E-003     0.51149987E-003
     0.38733789E+000    -0.17026197E-003     0.96912877E-003     0.10079153E+001     0.97585864E+000     0.19457084E-003     0.51808196E-003
     0.38770538E+000    -0.20834548E-003     0.95747947E-003     0.10157023E+001     0.98175838E+000     0.19090835E-003     0.52473220E-003
     0.38807288E+000    -0.24515826E-003     0.94412189E-003     0.10235435E+001     0.98791085E+000     0.18709154E-003     0.53145006E-003
     0.38844037E+000    -0.28064629E-003     0.92922634E-003     0.10314331E+001     0.99432131E+000     0.18311304E-003     0.53823467E-003
     0.38880786E+000    -0.31477640E-003     0.91295587E-003     0.10393651E+001     0.10009955E+001     0.17896520E-003     0.54508481E-003
     0.38917536E+000    -0.34753352E-003     0.89546437E-003     0.10473333E+001     0.10079398E+001     0.17464009E-003     0.55199886E-003
     0.38954285E+000    -0.37891801E-003     0.87689532E-003     0.10553312E+001     0.10151607E+001     0.17012951E-003     0.55897480E-003
     0.38991034E+000    -0.40894310E-003     0.85738098E-003     0.10633516E+001     0.10226654E+001     0.16542496E-003     0.56601015E-003
     0.39027784E+000    -0.43763253E-003     0.83704204E-003     0.10713871E+001     0.10304613E+001     0.16051770E-003     0.57310193E-003
     0.39064533E+000    -0.46501842E-003     0.81598751E-003     0.10794293E+001     0.10385564E+001     0.15539873E-003     0.58024667E-003
     0.39101282E+000    -0.49113929E-003     0.79431494E-003     0.10874695E+001     0.10469587E+001     0.15005878E-003     0.58744032E-003
     0.39138032E+000    -0.51603844E-003     0.77211081E-003     0.10954978E+001     0.10556766E+001     0.14448840E-003     0.59467823E-003
     0.39174781E+000    -0.53976242E-003     0.74945104E-003     0.11035037E+001     0.10647186E+001     0.13867790E-003     0.60195511E-003
     0.39211530E+000    -0.56235981E-003     0.72640159E-003     0.11114758E+001     0.10740935E+001     0.13261741E-003     0.60926498E-003
     0.39248280E+000    -0.58388018E-003     0.70301916E-003     0.11194014E+001     0.10838099E+001     0.12629693E-003     0.61660114E-003
     0.39285029E+000    -0.60437319E-003     0.67935185E-003     0.11272669E+001     0.10938764E+001     0.11970632E-003     0.62395609E-003
     0.39321778E+000    -0.62388786E-003     0.65543984E-003     0.11350575E+001     0.11043017E+001     0.11283537E-003     0.63132152E-003
     0.39358528E+000    -0.64247199E-003     0.63131611E-003     0.11427572E+001     0.11150939E+001     0.10567381E-003     0.63868824E-003
     0.39395277E+000    -0.66017170E-003     0.60700707E-003     0.11503486E+001     0.11262609E+001     0.98211412E-004     0.64604614E-003
     0.39432026E+000    -0.67703103E-003     0.58253314E-003     0.11578131E+001     0.11378103E+001     0.90438002E-004     0.65338412E-003
     0.39468775E+000    -0.69309166E-003     0.55790941E-003     0.11651305E+001     0.11497486E+001     0.82343547E-004     0.66069008E-003
     0.39505525E+000    -0.70839266E-003     0.53314607E-003     0.11722793E+001     0.11620820E+001     0.73918221E-004     0.66795087E-003
     0.39542274E+000    -0.72297035E-003     0.50824901E-003     0.11792366E+001     0.11748152E+001     0.65152490E-004     0.67515220E-003
     0.39579023E+000    -0.73685813E-003     0.48322019E-003     0.11859778E+001     0.11879522E+001     0.56037196E-004     0.68227866E-003
     0.39615773E+000    -0.75008640E-003     0.45805808E-003     0.11924770E+001     0.12014954E+001     0.46563663E-004     0.68931367E-003
     0.39652522E+000    -0.76268249E-003     0.43275806E-003     0.11987069E+001     0.12154455E+001     0.36723796E-004     0.69623943E-003
     0.39689271E+000    -0.77467057E-003     0.40731271E-003     0.12046388E+001     0.12298016E+001     0.26510204E-004     0.70303692E-003
     0.39726021E+000    -0.78607163E-003     0.38171219E-003     0.12102425E+001     0.12445607E+001     0.15916323E-004     0.70968591E-003
     0.39762770E+000    -0.79690341E-003     0.35594444E-003     0.12154870E+001     0.12597174E+001     0.49365495E-005     0.71616489E-003
     0.39799519E+000    -0.80718040E-003     0.32999552E-003     0.12203399E+001     0.12752640E+001    -0.64336160E-005     0.72245117E-003
     0.39836269E+000    -0.81691372E-003     0.30384983E-003     0.12247683E+001     0.12911897E+001    -0.18197420E-004     0.72852085E-003
     0.39873018E+000    -0.82611117E-003     0.27749031E-003     0.12287385E+001     0.13074810E+001    -0.30356699E-004     0.73434886E-003
     0.39909767E+000    -0.83477710E-003     0.25089870E-003     0.12322165E+001     0.13241209E+001    -0.42911721E-004     0.73990906E-003
     0.39946517E+000    -0.84291236E-003     0.22405576E-003     0.12351683E+001     0.13410892E+001    -0.55861016E-004     0.74517429E-003
     0.39983266E+000    -0.85051423E-003     0.19694142E-003     0.12375604E+001     0.13583618E+001    -0.69201219E-004     0.75011644E-003
     0.40020015E+000    -0.85757637E-003     0.16953509E-003     0.12393597E+001     0.13759113E+001    -0.82926896E-004     0.75470666E-003
     0.40056765E+000    -0.86408866E-003     0.14181581E-003     0.12405347E+001     0.13937060E+001    -0.97030390E-004     0.75891539E-003
     0.40093514E+000    -0.87003713E-003     0.11376251E-003     0.12410554E+001     0.14117107E+001    -0.11150167E-003     0.76271264E-003
     0.40130263E+000    -0.87540385E-003     0.85354259E-004     0.12408938E+001     0.14298860E+001    -0.12632817E-003     0.76606811E-003
     0.40167013E+000    -0.88016680E-003     0.56570564E-004     0.12400249E+001     0.14481891E+001    -0.14149470E-003     0.76895143E-003
     0.40203762E+000    -0.88429970E-003     0.27391633E-004     0.12384268E+001     0.14665734E+001    -0.15698329E-003     0.77133244E-003
     0.40240511E+000    -0.88777196E-003    -0.22012719E-005     0.12360815E+001     0.14849891E+001    -0.17277314E-003     0.77318139E-003
     0.40277261E+000    -0.89054845E-003    -0.32225469E-004     0.12329752E+001     0.15033835E+001    -0.18884055E-003     0.77446931E-003
     0.40314010E+000    -0.89258946E-003    -0.62696445E-004     0.12290988E+001     0.15217011E+001    -0.20515887E-003     0.77516824E-003
     0.40350759E+000    -0.89385051E-003    -0.93627395E-004     0.12244486E+001     0.15398847E+001    -0.22169854E-003     0.77525161E-003
     0.40387509E+000    -0.89428231E-003    -0.12502871E-003     0.12190264E+001     0.15578756E+001    -0.23842714E-003     0.77469457E-003
     0.40424258E+000    -0.89383065E-003    -0.15690740E-003     0.12128398E+001     0.15756141E+001    -0.25530944E-003     0.77347429E-003
     0.40461007E+000    -0.89243640E-003    -0.18926648E-003     0.12059027E+001     0.15930409E+001    -0.27230758E-003     0.77157035E-003
     0.40497757E+000    -0.89003551E-003    -0.22210426E-003     0.11982348E+001     0.16100971E+001    -0.28938120E-003     0.76896505E-003
     0.40534506E+000    -0.88655908E-003    -0.25541357E-003     0.11898624E+001     0.16267256E+001    -0.30648773E-003     0.76564373E-003
     0.40571255E+000    -0.88193357E-003    -0.28918095E-003     0.11808174E+001     0.16428713E+001    -0.32358262E-003     0.76159510E-003
     0.40608005E+000    -0.87608102E-003    -0.32338576E-003     0.11711377E+001     0.16584826E+001    -0.34061967E-003     0.75681147E-003
     0.40644754E+000    -0.86891948E-003    -0.35799921E-003     0.11608662E+001     0.16735113E+001    -0.35755140E-003     0.75128902E-003
     0.40681503E+000    -0.86036347E-003    -0.39298339E-003     0.11500510E+001     0.16879142E+001    -0.37432942E-003     0.74502796E-003
     0.40718253E+000    -0.85032476E-003    -0.42829020E-003     0.11387443E+001     0.17016528E+001    -0.39090490E-003     0.73803274E-003
     0.40755002E+000    -0.83871318E-003    -0.46386035E-003     0.11270016E+001     0.17146944E+001    -0.40722900E-003     0.73031205E-003
     0.40791751E+000    -0.82543776E-003    -0.49962229E-003     0.11148817E+001     0.17270122E+001    -0.42325333E-003     0.72187894E-003
     0.40828501E+000    -0.81040803E-003    -0.53549125E-003     0.11024448E+001     0.17385857E+001    -0.43893044E-003     0.71275075E-003
     0.40865250E+000    -0.79353558E-003    -0.57136837E-003     0.10897528E+001     0.17494008E+001    -0.45421429E-003     0.70294901E-003
     0.40901999E+000    -0.77473596E-003    -0.60713989E-003     0.10768677E+001     0.17594498E+001    -0.46906073E-003     0.69249930E-003
     0.40938748E+000    -0.75393071E-003    -0.64267668E-003     0.10638511E+001     0.17687312E+001    -0.48342788E-003     0.68143104E-003
     0.40975498E+000    -0.73104975E-003    -0.67783387E-003     0.10507634E+001     0.17772496E+001    -0.49727663E-003     0.66977723E-003
     0.41012247E+000    -0.70603395E-003    -0.71245096E-003     0.10376631E+001     0.17850154E+001    -0.51057093E-003     0.65757410E-003
     0.41048996E+000    -0.67883794E-003    -0.74635226E-003     0.10246063E+001     0.17920443E+001    -0.52327816E-003     0.64486074E-003
     0.41085746E+000    -0.64943296E-003    -0.77934784E-003     0.10116459E+001     0.17983569E+001    -0.53536940E-003     0.63167873E-003
     0.41122495E+000    -0.61780988E-003    -0.81123496E-003     0.99883155E+000     0.18039780E+001    -0.54681962E-003     0.61807169E-003
     0.41159244E+000    -0.58398206E-003    -0.84180022E-003     0.98620875E+000     0.18089362E+001    -0.55760786E-003     0.60408481E-003
     0.41195994E+000    -0.54798813E-003    -0.87082224E-003     0.97381909E+000     0.18132634E+001    -0.56771732E-003     0.58976444E-003
     0.41232743E+000    -0.50989432E-003    -0.89807501E-003     0.96169982E+000     0.18169938E+001    -0.57713538E-003     0.57515754E-003
     0.41269492E+000    -0.46979648E-003    -0.92333184E-003     0.94988386E+000     0.18201639E+001    -0.58585359E-003     0.56031131E-003
     0.41306242E+000    -0.42782132E-003    -0.94636991E-003     0.93839976E+000     0.18228114E+001    -0.59386759E-003     0.54527272E-003
     0.41342991E+000    -0.38412697E-003    -0.96697515E-003     0.92727178E+000     0.18249750E+001    -0.60117694E-003     0.53008809E-003
     0.41379740E+000    -0.33890260E-003    -0.98494752E-003     0.91652003E+000     0.18266938E+001    -0.60778500E-003     0.51480271E-003
     0.41416490E+000    -0.29236698E-003    -0.10001063E-002     0.90616061E+000     0.18280068E+001    -0.61369867E-003     0.49946051E-003
     0.41453239E+000    -0.24476607E-003    -0.10122954E-002     0.89620588E+000     0.18289529E+001    -0.61892816E-003     0.48410372E-003
     0.41489988E+000    -0.19636950E-003    -0.10213878E-002     0.88666465E+000     0.18295698E+001    -0.62348669E-003     0.46877263E-003
     0.41526738E+000    -0.14746606E-003    -0.10272903E-002     0.87754251E+000     0.18298945E+001    -0.62739023E-003     0.45350538E-003
     0.41563487E+000    -0.98358372E-004    -0.10299465E-002     0.86884206E+000     0.18299627E+001    -0.63065714E-003     0.43833773E-003
     0.41600236E+000    -0.49356854E-004    -0.10293391E-002     0.86056321E+000     0.18298085E+001    -0.63330792E-003     0.42330297E-003
     0.41636986E+000    -0.77329776E-006    -0.10254913E-002     0.85270350E+000     0.18294646E+001    -0.63536483E-003     0.40843183E-003
     0.41673735E+000     0.47085704E-004    -0.10184662E-002     0.84525832E+000     0.18289618E+001    -0.63685164E-003     0.39375239E-003
     0.41710484E+000     0.93925191E-004    -0.10083660E-002     0.83822125E+000     0.18283291E+001    -0.63779329E-003     0.37929007E-003
     0.41747234E+000     0.13946783E-003    -0.99532864E-003     0.83158426E+000     0.18275939E+001    -0.63821565E-003     0.36506766E-003
     0.41783983E+000     0.18345923E-003    -0.97952461E-003     0.82533799E+000     0.18267816E+001    -0.63814519E-003     0.35110535E-003
     0.41820732E+000     0.22567235E-003    -0.96115224E-003     0.81947194E+000     0.18259158E+001    -0.63760878E-003     0.33742080E-003
     0.41857482E+000     0.26591093E-003    -0.94043244E-003     0.81397474E+000     0.18250182E+001    -0.63663345E-003     0.32402922E-003
     0.41894231E+000     0.30401170E-003    -0.91760315E-003     0.80883426E+000     0.18241089E+001    -0.63524617E-003     0.31094348E-003
     0.41930980E+000     0.33984555E-003    -0.89291363E-003     0.80403785E+000     0.18232064E+001    -0.63347370E-003     0.29817423E-003
     0.41967730E+000     0.37331761E-003    -0.86661888E-003     0.79957242E+000     0.18223274E+001    -0.63134237E-003     0.28573003E-003
     0.42004479E+000     0.40436630E-003    -0.83897437E-003     0.79542466E+000     0.18214870E+001    -0.62887800E-003     0.27361747E-003
     0.42041228E+000     0.43296159E-003    -0.81023132E-003     0.79158110E+000     0.18206990E+001    -0.62610574E-003     0.26184133E-003
     0.42077978E+000     0.45910259E-003    -0.78063254E-003     0.78802822E+000     0.18199759E+001    -0.62305000E-003     0.25040472E-003
     0.42114727E+000     0.48281464E-003    -0.75040900E-003     0.78475256E+000     0.18193286E+001    -0.61973432E-003     0.23930920E-003
     0.42151476E+000     0.50414605E-003    -0.71977714E-003     0.78174077E+000     0.18187672E+001    -0.61618138E-003     0.22855494E-003
     0.42188226E+000     0.52316472E-003    -0.68893687E-003     0.77897970E+000     0.18183002E+001    -0.61241286E-003     0.21814087E-003
     0.42224975E+000     0.53995472E-003    -0.65807026E-003     0.77645645E+000     0.18179356E+001    -0.60844950E-003     0.20806477E-003
     0.42261724E+000     0.55461299E-003    -0.62734083E-003     0.77415837E+000     0.18176799E+001    -0.60431101E-003     0.19832343E-003
     0.42298474E+000     0.56724619E-003    -0.59689337E-003     0.77207317E+000     0.18175392E+001    -0.60001607E-003     0.18891276E-003
     0.42335223E+000     0.57796782E-003    -0.56685425E-003     0.77018887E+000     0.18175184E+001    -0.59558238E-003     0.17982789E-003
     0.42371972E+000     0.58689568E-003    -0.53733200E-003     0.76849387E+000     0.18176220E+001    -0.59102659E-003     0.17106330E-003
     0.42408722E+000     0.59414959E-003    -0.50841829E-003     0.76697696E+000     0.18178535E+001    -0.58636438E-003     0.16261289E-003
     0.42445471E+000     0.59984946E-003    -0.48018896E-003     0.76562732E+000     0.18182161E+001    -0.58161043E-003     0.15447010E-003
     0.42482220E+000     0.60411371E-003    -0.45270533E-003     0.76443449E+000     0.18187122E+001    -0.57677850E-003     0.14662795E-003
     0.42518969E+000     0.60705791E-003    -0.42601549E-003     0.76338847E+000     0.18193438E+001    -0.57188140E-003     0.13907917E-003
     0.42555719E+000     0.60879382E-003    -0.40015559E-003     0.76247959E+000     0.18201125E+001    -0.56693108E-003     0.13181622E-003
     0.42592468E+000     0.60942853E-003    -0.37515123E-003     0.76169861E+000     0.18210193E+001    -0.56193861E-003     0.12483140E-003
     0.42629217E+000     0.60906392E-003    -0.35101867E-003     0.76103668E+000     0.18220651E+001    -0.55691427E-003     0.11811684E-003
     0.42665967E+000     0.60779632E-003    -0.32776609E-003     0.76048530E+000     0.18232503E+001    -0.55186755E-003     0.11166462E-003
     0.42702716E+000     0.60571623E-003    -0.30539469E-003     0.76003635E+000     0.18245751E+001    -0.54680720E-003     0.10546676E-003
     0.42739465E+000     0.60290826E-003    -0.28389973E-003     0.75968207E+000     0.18260393E+001    -0.54174127E-003     0.99515301E-004
     0.42776215E+000     0.59945114E-003    -0.26327149E-003     0.75941505E+000     0.18276427E+001    -0.53667715E-003     0.93802304E-004
     0.42812964E+000     0.59541784E-003    -0.24349612E-003     0.75922819E+000     0.18293846E+001    -0.53162161E-003     0.88319901E-004
     0.42849713E+000     0.59087571E-003    -0.22455638E-003     0.75911474E+000     0.18312644E+001    -0.52658082E-003     0.83060315E-004
     0.42886463E+000     0.58588670E-003    -0.20643233E-003     0.75906825E+000     0.18332811E+001    -0.52156041E-003     0.78015879E-004
     0.42923212E+000     0.58050764E-003    -0.18910193E-003     0.75908255E+000     0.18354339E+001    -0.51656549E-003     0.73179059E-004
     0.42959961E+000     0.57479047E-003    -0.17254154E-003     0.75915178E+000     0.18377216E+001    -0.51160068E-003     0.68542466E-004
     0.42996711E+000     0.56878255E-003    -0.15672635E-003     0.75927031E+000     0.18401430E+001    -0.50667015E-003     0.64098874E-004
     0.43033460E+000     0.56252696E-003    -0.14163076E-003     0.75943282E+000     0.18426968E+001    -0.50177766E-003     0.59841223E-004
     0.43070209E+000     0.55606278E-003    -0.12722875E-003     0.75963420E+000     0.18453815E+001    -0.49692657E-003     0.55762634E-004
     0.43106959E+000     0.54942537E-003    -0.11349407E-003     0.75986958E+000     0.18481959E+001    -0.49211988E-003     0.51856410E-004
     0.43143708E+000     0.54264668E-003    -0.10040053E-003     0.76013431E+000     0.18511383E+001    -0.48736024E-003     0.48116047E-004
     0.43180457E+000     0.53575547E-003    -0.87922173E-004     0.76042397E+000     0.18542074E+001    -0.48265002E-003     0.44535229E-004
     0.43217207E+000     0.52877762E-003    -0.76033396E-004     0.76073431E+000     0.18574015E+001    -0.47799126E-003     0.41107836E-004
     0.43253956E+000     0.52173632E-003    -0.64709106E-004     0.76106130E+000     0.18607190E+001    -0.47338577E-003     0.37827943E-004
     0.43290705E+000     0.51465235E-003    -0.53924806E-004     0.76140106E+000     0.18641585E+001    -0.46883509E-003     0.34689817E-004
     0.43327455E+000     0.50754424E-003    -0.43656664E-004     0.76174990E+000     0.18677182E+001    -0.46434054E-003     0.31687921E-004
     0.43364204E+000     0.50042850E-003    -0.33881575E-004     0.76210429E+000     0.18713966E+001    -0.45990325E-003     0.28816906E-004
     0.43400953E+000     0.49331979E-003    -0.24577199E-004     0.76246084E+000     0.18751921E+001    -0.45552413E-003     0.26071613E-004
     0.43437703E+000     0.48623111E-003    -0.15721987E-004     0.76281631E+000     0.18791030E+001    -0.45120394E-003     0.23447067E-004
     0.43474452E+000     0.47917393E-003    -0.72951965E-005     0.76316760E+000     0.18831278E+001    -0.44694327E-003     0.20938475E-004
     0.43511201E+000     0.47215833E-003     0.72310091E-006     0.76351172E+000     0.18872649E+001    -0.44274256E-003     0.18541222E-004
     0.43547951E+000     0.46519318E-003     0.83520226E-005     0.76384583E+000     0.18915127E+001    -0.43860211E-003     0.16250865E-004
     0.43584700E+000     0.45828619E-003     0.15609882E-004     0.76416717E+000     0.18958697E+001    -0.43452213E-003     0.14063132E-004
     0.43621449E+000     0.45144408E-003     0.22514200E-004     0.76447312E+000     0.19003342E+001    -0.43050268E-003     0.11973913E-004
     0.43658199E+000     0.44467264E-003     0.29081722E-004     0.76476112E+000     0.19049048E+001    -0.42654376E-003     0.99792603E-005
     0.43694948E+000     0.43797685E-003     0.35328441E-004     0.76502875E+000     0.19095800E+001    -0.42264524E-003     0.80753778E-005
     0.43731697E+000     0.43136094E-003     0.41269612E-004     0.76527364E+000     0.19143582E+001    -0.41880693E-003     0.62586214E-005
     0.43768447E+000     0.42482848E-003     0.46919782E-004     0.76549353E+000     0.19192380E+001    -0.41502856E-003     0.45254912E-005
     0.43805196E+000     0.41838246E-003     0.52292812E-004     0.76568622E+000     0.19242179E+001    -0.41130980E-003     0.28726276E-005
     0.43841945E+000     0.41202529E-003     0.57401905E-004     0.76584960E+000     0.19292965E+001    -0.40765027E-003     0.12968062E-005
     0.43878695E+000     0.40575897E-003     0.62259627E-004     0.76598163E+000     0.19344723E+001    -0.40404950E-003    -0.20506691E-006
     0.43915444E+000     0.39958501E-003     0.66877937E-004     0.76608031E+000     0.19397441E+001    -0.40050702E-003    -0.16359598E-005
     0.43952193E+000     0.39350458E-003     0.71268215E-004     0.76614373E+000     0.19451103E+001    -0.39702227E-003    -0.29987196E-005
     0.43988943E+000     0.38751849E-003     0.75441281E-004     0.76617003E+000     0.19505697E+001    -0.39359470E-003    -0.42960765E-005
     0.44025692E+000     0.38162726E-003     0.79407424E-004     0.76615739E+000     0.19561209E+001    -0.39022370E-003    -0.55306487E-005
     0.44062441E+000     0.37583115E-003     0.83176428E-004     0.76610406E+000     0.19617626E+001    -0.38690864E-003    -0.67049467E-005
     0.44099190E+000     0.37013017E-003     0.86757594E-004     0.76600833E+000     0.19674935E+001    -0.38364886E-003    -0.78213770E-005
     0.44135940E+000     0.36452411E-003     0.90159762E-004     0.76586852E+000     0.19733123E+001    -0.38044368E-003    -0.88822469E-005
     0.44172689E+000     0.35901261E-003     0.93391335E-004     0.76568302E+000     0.19792178E+001    -0.37729241E-003    -0.98897677E-005
     0.44209438E+000     0.35359512E-003     0.96460300E-004     0.76545023E+000     0.19852087E+001    -0.37419434E-003    -0.10846059E-004
     0.44246188E+000     0.34827096E-003     0.99374249E-004     0.76516861E+000     0.19912839E+001    -0.37114875E-003    -0.11753153E-004
     0.44282937E+000     0.34303933E-003     0.10214040E-003     0.76483664E+000     0.19974420E+001    -0.36815491E-003    -0.12612997E-004
     0.44319686E+000     0.33789930E-003     0.10476561E-003     0.76445283E+000     0.20036819E+001    -0.36521208E-003    -0.13427456E-004
     0.44356436E+000     0.33284989E-003     0.10725640E-003     0.76401574E+000     0.20100025E+001    -0.36231952E-003    -0.14198320E-004
     0.44393185E+000     0.32789000E-003     0.10961897E-003     0.76352394E+000     0.20164025E+001    -0.35947648E-003    -0.14927302E-004
     0.44429934E+000     0.32301849E-003     0.11185921E-003     0.76297602E+000     0.20228808E+001    -0.35668221E-003    -0.15616045E-004
     0.44466684E+000     0.31823414E-003     0.11398274E-003     0.76237062E+000     0.20294363E+001    -0.35393596E-003    -0.16266123E-004
     0.44503433E+000     0.31353571E-003     0.11599487E-003     0.76170637E+000     0.20360678E+001    -0.35123700E-003    -0.16879046E-004
     0.44540182E+000     0.30892190E-003     0.11790069E-003     0.76098195E+000     0.20427743E+001    -0.34858456E-003    -0.17456258E-004
     0.44576932E+000     0.30439138E-003     0.11970502E-003     0.76019605E+000     0.20495546E+001    -0.34597791E-003    -0.17999146E-004
     0.44613681E+000     0.29994281E-003     0.12141244E-003     0.75934737E+000     0.20564076E+001    -0.34341631E-003    -0.18509039E-004
     0.44650430E+000     0.29557483E-003     0.12302732E-003     0.75843464E+000     0.20633322E+001    -0.34089903E-003    -0.18987208E-004
     0.44687180E+000     0.29128604E-003     0.12455383E-003     0.75745659E+000     0.20703274E+001    -0.33842534E-003    -0.19434875E-004
     0.44723929E+000     0.28707507E-003     0.12599591E-003     0.75641198E+000     0.20773921E+001    -0.33599452E-003    -0.19853209E-004
     0.44760678E+000     0.28294052E-003     0.12735734E-003     0.75529959E+000     0.20845252E+001    -0.33360586E-003    -0.20243331E-004
     0.44797428E+000     0.27888099E-003     0.12864171E-003     0.75411819E+000     0.20917256E+001    -0.33125865E-003    -0.20606316E-004
     0.44834177E+000     0.27489510E-003     0.12985243E-003     0.75286657E+000     0.20989924E+001    -0.32895219E-003    -0.20943193E-004
     0.44870926E+000     0.27098147E-003     0.13099277E-003     0.75154355E+000     0.21063243E+001    -0.32668581E-003    -0.21254952E-004
     0.44907676E+000     0.26713871E-003     0.13206581E-003     0.75014795E+000     0.21137204E+001    -0.32445881E-003    -0.21542537E-004
     0.44944425E+000     0.26336547E-003     0.13307453E-003     0.74867858E+000     0.21211797E+001    -0.32227053E-003    -0.21806858E-004
     0.44981174E+000     0.25966039E-003     0.13402174E-003     0.74713428E+000     0.21287010E+001    -0.32012031E-003    -0.22048785E-004
     0.45017924E+000     0.25602213E-003     0.13491012E-003     0.74551390E+000     0.21362834E+001    -0.31800750E-003    -0.22269152E-004
     0.45054673E+000     0.25244937E-003     0.13574225E-003     0.74381629E+000     0.21439257E+001    -0.31593145E-003    -0.22468759E-004
     0.45091422E+000     0.24894081E-003     0.13652056E-003     0.74204031E+000     0.21516269E+001    -0.31389155E-003    -0.22648374E-004
     0.45128172E+000     0.24549516E-003     0.13724740E-003     0.74018484E+000     0.21593860E+001    -0.31188716E-003    -0.22808733E-004
     0.45164921E+000     0.24211114E-003     0.13792497E-003     0.73824874E+000     0.21672020E+001    -0.30991769E-003    -0.22950541E-004
     0.45201670E+000     0.23878751E-003     0.13855542E-003     0.73623089E+000     0.21750736E+001    -0.30798252E-003    -0.23074476E-004
     0.45238420E+000     0.23552305E-003     0.13914077E-003     0.73413019E+000     0.21830000E+001    -0.30608108E-003    -0.23181185E-004
     0.45275169E+000     0.23231654E-003     0.13968295E-003     0.73194554E+000     0.21909799E+001    -0.30421278E-003    -0.23271292E-004
     0.45311918E+000     0.22916679E-003     0.14018382E-003     0.72967582E+000     0.21990124E+001    -0.30237706E-003    -0.23345393E-004
     0.45348668E+000     0.22607264E-003     0.14064514E-003     0.72731994E+000     0.22070963E+001    -0.30057335E-003    -0.23404061E-004
     0.45385417E+000     0.22303295E-003     0.14106860E-003     0.72487682E+000     0.22152306E+001    -0.29880112E-003    -0.23447846E-004
     0.45422166E+000     0.22004659E-003     0.14145581E-003     0.72234538E+000     0.22234142E+001    -0.29705982E-003    -0.23477274E-004
     0.45458916E+000     0.21711246E-003     0.14180832E-003     0.71972452E+000     0.22316460E+001    -0.29534894E-003    -0.23492850E-004
     0.45495665E+000     0.21422949E-003     0.14212759E-003     0.71701319E+000     0.22399248E+001    -0.29366794E-003    -0.23495059E-004
     0.45532414E+000     0.21139661E-003     0.14241504E-003     0.71421032E+000     0.22482495E+001    -0.29201633E-003    -0.23484366E-004
     0.45569163E+000     0.20861278E-003     0.14267203E-003     0.71131483E+000     0.22566190E+001    -0.29039361E-003    -0.23461216E-004
     0.45605913E+000     0.20587701E-003     0.14289982E-003     0.70832568E+000     0.22650321E+001    -0.28879930E-003    -0.23426038E-004
     0.45642662E+000     0.20318828E-003     0.14309967E-003     0.70524181E+000     0.22734878E+001    -0.28723291E-003    -0.23379241E-004
     0.45679411E+000     0.20054563E-003     0.14327274E-003     0.70206218E+000     0.22819848E+001    -0.28569398E-003    -0.23321218E-004
     0.45716161E+000     0.19794811E-003     0.14342018E-003     0.69878574E+000     0.22905219E+001    -0.28418206E-003    -0.23252348E-004
     0.45752910E+000     0.19539478E-003     0.14354306E-003     0.69541145E+000     0.22990980E+001    -0.28269669E-003    -0.23172991E-004
     0.45789659E+000     0.19288473E-003     0.14364241E-003     0.69193830E+000     0.23077118E+001    -0.28123743E-003    -0.23083496E-004
     0.45826409E+000     0.19041708E-003     0.14371924E-003     0.68836526E+000     0.23163622E+001    -0.27980386E-003    -0.22984193E-004
     0.45863158E+000     0.18799095E-003     0.14377448E-003     0.68469131E+000     0.23250478E+001    -0.27839556E-003    -0.22875404E-004
     0.45899907E+000     0.18560549E-003     0.14380906E-003     0.68091543E+000     0.23337675E+001    -0.27701210E-003    -0.22757432E-004
     0.45936657E+000     0.18325986E-003     0.14382383E-003     0.67703663E+000     0.23425199E+001    -0.27565310E-003    -0.22630572E-004
     0.45973406E+000     0.18095325E-003     0.14381964E-003     0.67305391E+000     0.23513038E+001    -0.27431814E-003    -0.22495105E-004
     0.46010155E+000     0.17868486E-003     0.14379729E-003     0.66896628E+000     0.23601180E+001    -0.27300686E-003    -0.22351299E-004
     0.46046905E+000     0.17645392E-003     0.14375755E-003     0.66477276E+000     0.23689609E+001    -0.27171886E-003    -0.22199414E-004
     0.46083654E+000     0.17425967E-003     0.14370114E-003     0.66047238E+000     0.23778315E+001    -0.27045378E-003    -0.22039696E-004
     0.46120403E+000     0.17210135E-003     0.14362879E-003     0.65606417E+000     0.23867282E+001    -0.26921125E-003    -0.21872382E-004
     0.46157153E+000     0.16997825E-003     0.14354115E-003     0.65154717E+000     0.23956497E+001    -0.26799092E-003    -0.21697699E-004
     0.46193902E+000     0.16788965E-003     0.14343889E-003     0.64692045E+000     0.24045946E+001    -0.26679245E-003    -0.21515866E-004
     0.46230651E+000     0.16583485E-003     0.14332263E-003     0.64218306E+000     0.24135615E+001    -0.26561549E-003    -0.21327088E-004
     0.46267401E+000     0.16381319E-003     0.14319296E-003     0.63733408E+000     0.24225491E+001    -0.26445971E-003    -0.21131567E-004
     0.46304150E+000     0.16182399E-003     0.14305046E-003     0.63237259E+000     0.24315557E+001    -0.26332479E-003    -0.20929492E-004
     0.46340899E+000     0.15986661E-003     0.14289568E-003     0.62729770E+000     0.24405801E+001    -0.26221041E-003    -0.20721046E-004
     0.46377649E+000     0.15794042E-003     0.14272915E-003     0.62210850E+000     0.24496206E+001    -0.26111625E-003    -0.20506403E-004
     0.46414398E+000     0.15604479E-003     0.14255137E-003     0.61680412E+000     0.24586757E+001    -0.26004201E-003    -0.20285729E-004
     0.46451147E+000     0.15417913E-003     0.14236283E-003     0.61138369E+000     0.24677440E+001    -0.25898740E-003    -0.20059185E-004
     0.46487897E+000     0.15234283E-003     0.14216401E-003     0.60584636E+000     0.24768239E+001    -0.25795213E-003    -0.19826921E-004
     0.46524646E+000     0.15053533E-003     0.14195534E-003     0.60019129E+000     0.24859137E+001    -0.25693590E-003    -0.19589084E-004
     0.46561395E+000     0.14875606E-003     0.14173726E-003     0.59441766E+000     0.24950120E+001    -0.25593845E-003    -0.19345811E-004
     0.46598145E+000     0.14700446E-003     0.14151019E-003     0.58852466E+000     0.25041171E+001    -0.25495949E-003    -0.19097236E-004
     0.46634894E+000     0.14528001E-003     0.14127452E-003     0.58251149E+000     0.25132273E+001    -0.25399877E-003    -0.18843483E-004
     0.46671643E+000     0.14358216E-003     0.14103064E-003     0.57637737E+000     0.25223410E+001    -0.25305602E-003    -0.18584673E-004
     0.46708393E+000     0.14191042E-003     0.14077892E-003     0.57012156E+000     0.25314565E+001    -0.25213099E-003    -0.18320921E-004
     0.46745142E+000     0.14026426E-003     0.14051970E-003     0.56374331E+000     0.25405720E+001    -0.25122343E-003    -0.18052334E-004
     0.46781891E+000     0.13864321E-003     0.14025333E-003     0.55724190E+000     0.25496860E+001    -0.25033309E-003    -0.17779016E-004
     0.46818641E+000     0.13704678E-003     0.13998014E-003     0.55061662E+000     0.25587965E+001    -0.24945974E-003    -0.17501065E-004
     0.46855390E+000     0.13547450E-003     0.13970043E-003     0.54386680E+000     0.25679018E+001    -0.24860315E-003    -0.17218573E-004
     0.46892139E+000     0.13392592E-003     0.13941452E-003     0.53699176E+000     0.25770002E+001    -0.24776308E-003    -0.16931630E-004
     0.46928889E+000     0.13240058E-003     0.13912269E-003     0.52999089E+000     0.25860898E+001    -0.24693933E-003    -0.16640318E-004
     0.46965638E+000     0.13089804E-003     0.13882522E-003     0.52286355E+000     0.25951687E+001    -0.24613166E-003    -0.16344715E-004
     0.47002387E+000     0.12941787E-003     0.13852238E-003     0.51560915E+000     0.26042351E+001    -0.24533986E-003    -0.16044897E-004
     0.47039137E+000     0.12795967E-003     0.13821443E-003     0.50822713E+000     0.26132870E+001    -0.24456374E-003    -0.15740933E-004
     0.47075886E+000     0.12652300E-003     0.13790162E-003     0.50071693E+000     0.26223227E+001    -0.24380308E-003    -0.15432889E-004
     0.47112635E+000     0.12510748E-003     0.13758418E-003     0.49307805E+000     0.26313401E+001    -0.24305769E-003    -0.15120826E-004
     0.47149384E+000     0.12371272E-003     0.13726235E-003     0.48530998E+000     0.26403372E+001    -0.24232738E-003    -0.14804802E-004
     0.47186134E+000     0.12233832E-003     0.13693635E-003     0.47741228E+000     0.26493122E+001    -0.24161195E-003    -0.14484872E-004
     0.47222883E+000     0.12098391E-003     0.13660638E-003     0.46938448E+000     0.26582629E+001    -0.24091122E-003    -0.14161085E-004
     0.47259632E+000     0.11964913E-003     0.13627266E-003     0.46122620E+000     0.26671874E+001    -0.24022501E-003    -0.13833487E-004
     0.47296382E+000     0.11833361E-003     0.13593539E-003     0.45293705E+000     0.26760836E+001    -0.23955315E-003    -0.13502123E-004
     0.47333131E+000     0.11703702E-003     0.13559475E-003     0.44451668E+000     0.26849495E+001    -0.23889545E-003    -0.13167031E-004
     0.47369880E+000     0.11575899E-003     0.13525092E-003     0.43596479E+000     0.26937829E+001    -0.23825176E-003    -0.12828247E-004
     0.47406630E+000     0.11449920E-003     0.13490408E-003     0.42728108E+000     0.27025817E+001    -0.23762190E-003    -0.12485806E-004
     0.47443379E+000     0.11325732E-003     0.13455441E-003     0.41846530E+000     0.27113439E+001    -0.23700572E-003    -0.12139735E-004
     0.47480128E+000     0.11203302E-003     0.13420206E-003     0.40951725E+000     0.27200672E+001    -0.23640307E-003    -0.11790063E-004
     0.47516878E+000     0.11082599E-003     0.13384719E-003     0.40043674E+000     0.27287495E+001    -0.23581378E-003    -0.11436812E-004
     0.47553627E+000     0.10963593E-003     0.13348994E-003     0.39122362E+000     0.27373886E+001    -0.23523770E-003    -0.11080004E-004
     0.47590376E+000     0.10846253E-003     0.13313048E-003     0.38187779E+000     0.27459823E+001    -0.23467470E-003    -0.10719655E-004
     0.47627126E+000     0.10730549E-003     0.13276893E-003     0.37239918E+000     0.27545284E+001    -0.23412462E-003    -0.10355782E-004
     0.47663875E+000     0.10616454E-003     0.13240544E-003     0.36278775E+000     0.27630246E+001    -0.23358734E-003    -0.99883950E-005
     0.47700624E+000     0.10503938E-003     0.13204012E-003     0.35304351E+000     0.27714687E+001    -0.23306270E-003    -0.96175046E-005
     0.47737374E+000     0.10392973E-003     0.13167311E-003     0.34316651E+000     0.27798584E+001    -0.23255059E-003    -0.92431171E-005
     0.47774123E+000     0.10283534E-003     0.13130453E-003     0.33315684E+000     0.27881913E+001    -0.23205087E-003    -0.88652365E-005
     0.47810872E+000     0.10175593E-003     0.13093448E-003     0.32301462E+000     0.27964653E+001    -0.23156341E-003    -0.84838643E-005
     0.47847622E+000     0.10069124E-003     0.13056309E-003     0.31274002E+000     0.28046780E+001    -0.23108809E-003    -0.80989993E-005
     0.47884371E+000     0.99641023E-004     0.13019046E-003     0.30233326E+000     0.28128271E+001    -0.23062479E-003    -0.77106377E-005
     0.47921120E+000     0.98605025E-004     0.12981670E-003     0.29179461E+000     0.28209102E+001    -0.23017339E-003    -0.73187737E-005
     0.47957870E+000     0.97583004E-004     0.12944190E-003     0.28112436E+000     0.28289249E+001    -0.22973378E-003    -0.69233984E-005
     0.47994619E+000     0.96574721E-004     0.12906615E-003     0.27032286E+000     0.28368689E+001    -0.22930585E-003    -0.65245009E-005
     0.48031368E+000     0.95579943E-004     0.12868956E-003     0.25939050E+000     0.28447399E+001    -0.22888948E-003    -0.61220679E-005
     0.48068118E+000     0.94598440E-004     0.12831221E-003     0.24832773E+000     0.28525354E+001    -0.22848458E-003    -0.57160836E-005
     0.48104867E+000     0.93629989E-004     0.12793418E-003     0.23713505E+000     0.28602531E+001    -0.22809103E-003    -0.53065299E-005
     0.48141616E+000     0.92674369E-004     0.12755556E-003     0.22581297E+000     0.28678906E+001    -0.22770874E-003    -0.48933865E-005
     0.48178366E+000     0.91731366E-004     0.12717642E-003     0.21436210E+000     0.28754454E+001    -0.22733760E-003    -0.44766306E-005
     0.48215115E+000     0.90800769E-004     0.12679685E-003     0.20278307E+000     0.28829152E+001    -0.22697752E-003    -0.40562373E-005
     0.48251864E+000     0.89882371E-004     0.12641691E-003     0.19107656E+000     0.28902975E+001    -0.22662842E-003    -0.36321793E-005
     0.48288614E+000     0.88975969E-004     0.12603668E-003     0.17924331E+000     0.28975900E+001    -0.22629019E-003    -0.32044272E-005
     0.48325363E+000     0.88081366E-004     0.12565622E-003     0.16728411E+000     0.29047903E+001    -0.22596274E-003    -0.27729492E-005
     0.48362112E+000     0.87198367E-004     0.12527561E-003     0.15519979E+000     0.29118959E+001    -0.22564600E-003    -0.23377114E-005
     0.48398862E+000     0.86326782E-004     0.12489490E-003     0.14299125E+000     0.29189044E+001    -0.22533987E-003    -0.18986776E-005
     0.48435611E+000     0.85466423E-004     0.12451414E-003     0.13065943E+000     0.29258134E+001    -0.22504428E-003    -0.14558094E-005
     0.48472360E+000     0.84617108E-004     0.12413341E-003     0.11820533E+000     0.29326206E+001    -0.22475914E-003    -0.10090662E-005
     0.48509110E+000     0.83778658E-004     0.12375276E-003     0.10562999E+000     0.29393234E+001    -0.22448437E-003    -0.55840502E-006
     0.48545859E+000     0.82950896E-004     0.12337224E-003     0.92934526E-001     0.29459196E+001    -0.22421991E-003    -0.10378092E-006
     0.48582608E+000     0.82133650E-004     0.12299190E-003     0.80120084E-001     0.29524068E+001    -0.22396568E-003     0.35485345E-006
     0.48619358E+000     0.81326752E-004     0.12261180E-003     0.67187878E-001     0.29587826E+001    -0.22372160E-003     0.81754762E-006
     0.48656107E+000     0.80530034E-004     0.12223197E-003     0.54139174E-001     0.29650446E+001    -0.22348760E-003     0.12843534E-005
     0.48692856E+000     0.79743336E-004     0.12185247E-003     0.40975290E-001     0.29711905E+001    -0.22326362E-003     0.17553247E-005
     0.48729605E+000     0.78966497E-004     0.12147335E-003     0.27697601E-001     0.29772180E+001    -0.22304960E-003     0.22305179E-005
     0.48766355E+000     0.78199361E-004     0.12109463E-003     0.14307535E-001     0.29831247E+001    -0.22284546E-003     0.27099916E-005
     0.48803104E+000     0.77441774E-004     0.12071637E-003     0.80657560E-003     0.29889084E+001    -0.22265114E-003     0.31938066E-005
     0.48839853E+000     0.76693587E-004     0.12033860E-003    -0.12803740E-001     0.29945667E+001    -0.22246659E-003     0.36820260E-005
     0.48876603E+000     0.75954652E-004     0.11996137E-003    -0.26521820E-001     0.30000974E+001    -0.22229174E-003     0.41747153E-005
     0.48913352E+000     0.75224825E-004     0.11958470E-003    -0.40346018E-001     0.30054983E+001    -0.22212654E-003     0.46719425E-005
     0.48950101E+000     0.74503962E-004     0.11920863E-003    -0.54274632E-001     0.30107672E+001    -0.22197093E-003     0.51737776E-005
     0.48986851E+000     0.73791925E-004     0.11883320E-003    -0.68305909E-001     0.30159018E+001    -0.22182486E-003     0.56802932E-005
     0.49023600E+000     0.73088578E-004     0.11845844E-003    -0.82438039E-001     0.30209001E+001    -0.22168827E-003     0.61915644E-005
     0.49060349E+000     0.72393786E-004     0.11808437E-003    -0.96669160E-001     0.30257597E+001    -0.22156112E-003     0.67076687E-005
     0.49097099E+000     0.71707418E-004     0.11771103E-003    -0.11099736E+000     0.30304788E+001    -0.22144334E-003     0.72286860E-005
     0.49133848E+000     0.71029344E-004     0.11733845E-003    -0.12542067E+000     0.30350551E+001    -0.22133491E-003     0.77546988E-005
     0.49170597E+000     0.70359438E-004     0.11696665E-003    -0.13993706E+000     0.30394867E+001    -0.22123576E-003     0.82857920E-005
     0.49207347E+000     0.69697576E-004     0.11659566E-003    -0.15454448E+000     0.30437715E+001    -0.22114585E-003     0.88220533E-005
     0.49244096E+000     0.69043635E-004     0.11622551E-003    -0.16924079E+000     0.30479075E+001    -0.22106514E-003     0.93635729E-005
     0.49280845E+000     0.68397496E-004     0.11585621E-003    -0.18402382E+000     0.30518929E+001    -0.22099358E-003     0.99104437E-005
     0.49317595E+000     0.67759041E-004     0.11548779E-003    -0.19889136E+000     0.30557257E+001    -0.22093114E-003     0.10462761E-004
     0.49354344E+000     0.67128155E-004     0.11512027E-003    -0.21384112E+000     0.30594040E+001    -0.22087776E-003     0.11020624E-004
     0.49391093E+000     0.66504724E-004     0.11475368E-003    -0.22887079E+000     0.30629261E+001    -0.22083342E-003     0.11584133E-004
     0.49427843E+000     0.65888637E-004     0.11438803E-003    -0.24397801E+000     0.30662902E+001    -0.22079807E-003     0.12153392E-004
     0.49464592E+000     0.65279784E-004     0.11402335E-003    -0.25916036E+000     0.30694945E+001    -0.22077168E-003     0.12728508E-004
     0.49501341E+000     0.64678059E-004     0.11365964E-003    -0.27441537E+000     0.30725373E+001    -0.22075421E-003     0.13309591E-004
     0.49538091E+000     0.64083356E-004     0.11329693E-003    -0.28974056E+000     0.30754171E+001    -0.22074561E-003     0.13896753E-004
     0.49574840E+000     0.63495571E-004     0.11293523E-003    -0.30513337E+000     0.30781322E+001    -0.22074587E-003     0.14490112E-004
     0.49611589E+000     0.62914604E-004     0.11257457E-003    -0.32059121E+000     0.30806811E+001    -0.22075494E-003     0.15089785E-004
     0.49648339E+000     0.62340353E-004     0.11221495E-003    -0.33611145E+000     0.30830624E+001    -0.22077279E-003     0.15695894E-004
     0.49685088E+000     0.61772722E-004     0.11185639E-003    -0.35169143E+000     0.30852745E+001    -0.22079938E-003     0.16308566E-004
     0.49721837E+000     0.61211613E-004     0.11149891E-003    -0.36732844E+000     0.30873161E+001    -0.22083470E-003     0.16927929E-004
     0.49758587E+000     0.60656933E-004     0.11114251E-003    -0.38301973E+000     0.30891859E+001    -0.22087869E-003     0.17554115E-004
     0.49795336E+000     0.60108587E-004     0.11078720E-003    -0.39876251E+000     0.30908827E+001    -0.22093134E-003     0.18187260E-004
     0.49832085E+000     0.59566486E-004     0.11043301E-003    -0.41455399E+000     0.30924051E+001    -0.22099262E-003     0.18827503E-004
     0.49868835E+000     0.59030539E-004     0.11007994E-003    -0.43039129E+000     0.30937522E+001    -0.22106248E-003     0.19474987E-004
     0.49905584E+000     0.58500658E-004     0.10972801E-003    -0.44627156E+000     0.30949227E+001    -0.22114091E-003     0.20129857E-004
     0.49942333E+000     0.57976756E-004     0.10937721E-003    -0.46219187E+000     0.30959156E+001    -0.22122788E-003     0.20792265E-004
     0.49979083E+000     0.57458749E-004     0.10902757E-003    -0.47814929E+000     0.30967300E+001    -0.22132335E-003     0.21462364E-004
     0.50015832E+000     0.56946552E-004     0.10867908E-003    -0.49414085E+000     0.30973650E+001    -0.22142730E-003     0.22140313E-004
     0.50052581E+000     0.56440084E-004     0.10833177E-003    -0.51016356E+000     0.30978198E+001    -0.22153970E-003     0.22826273E-004
     0.50089331E+000     0.55939263E-004     0.10798563E-003    -0.52621441E+000     0.30980935E+001    -0.22166051E-003     0.23520411E-004
     0.50126080E+000     0.55444011E-004     0.10764067E-003    -0.54229037E+000     0.30981855E+001    -0.22178972E-003     0.24222896E-004
     0.50162829E+000     0.54954249E-004     0.10729691E-003    -0.55838837E+000     0.30980951E+001    -0.22192729E-003     0.24933905E-004
     0.50199578E+000     0.54469901E-004     0.10695434E-003    -0.57450534E+000     0.30978218E+001    -0.22207319E-003     0.25653615E-004
     0.50236328E+000     0.53990891E-004     0.10661298E-003    -0.59063820E+000     0.30973650E+001    -0.22222740E-003     0.26382210E-004
     0.50273077E+000     0.53517144E-004     0.10627282E-003    -0.60678384E+000     0.30967242E+001    -0.22238988E-003     0.27119880E-004
     0.50309826E+000     0.53048589E-004     0.10593388E-003    -0.62293915E+000     0.30958993E+001    -0.22256061E-003     0.27866816E-004
     0.50346576E+000     0.52585153E-004     0.10559616E-003    -0.63910098E+000     0.30948897E+001    -0.22273955E-003     0.28623218E-004
     0.50383325E+000     0.52126766E-004     0.10525967E-003    -0.65526622E+000     0.30936954E+001    -0.22292667E-003     0.29389287E-004
     0.50420074E+000     0.51673359E-004     0.10492440E-003    -0.67143171E+000     0.30923160E+001    -0.22312195E-003     0.30165232E-004
     0.50456824E+000     0.51224863E-004     0.10459036E-003    -0.68759430E+000     0.30907516E+001    -0.22332533E-003     0.30951267E-004
     0.50493573E+000     0.50781212E-004     0.10425756E-003    -0.70375085E+000     0.30890022E+001    -0.22353681E-003     0.31747609E-004
     0.50530322E+000     0.50342339E-004     0.10392600E-003    -0.71989820E+000     0.30870677E+001    -0.22375633E-003     0.32554483E-004
     0.50567072E+000     0.49908180E-004     0.10359567E-003    -0.73603319E+000     0.30849483E+001    -0.22398386E-003     0.33372120E-004
     0.50603821E+000     0.49478671E-004     0.10326660E-003    -0.75215268E+000     0.30826441E+001    -0.22421936E-003     0.34200754E-004
     0.50640570E+000     0.49053749E-004     0.10293876E-003    -0.76825353E+000     0.30801555E+001    -0.22446280E-003     0.35040626E-004
     0.50677320E+000     0.48633353E-004     0.10261218E-003    -0.78433258E+000     0.30774828E+001    -0.22471413E-003     0.35891986E-004
     0.50714069E+000     0.48217421E-004     0.10228685E-003    -0.80038673E+000     0.30746263E+001    -0.22497331E-003     0.36755086E-004
     0.50750818E+000     0.47805895E-004     0.10196276E-003    -0.81641283E+000     0.30715866E+001    -0.22524029E-003     0.37630186E-004
     0.50787568E+000     0.47398716E-004     0.10163993E-003    -0.83240779E+000     0.30683641E+001    -0.22551503E-003     0.38517554E-004
     0.50824317E+000     0.46995825E-004     0.10131835E-003    -0.84836852E+000     0.30649595E+001    -0.22579748E-003     0.39417463E-004
     0.50861066E+000     0.46597166E-004     0.10099803E-003    -0.86429193E+000     0.30613734E+001    -0.22608758E-003     0.40330193E-004
     0.50897816E+000     0.46202683E-004     0.10067896E-003    -0.88017497E+000     0.30576067E+001    -0.22638529E-003     0.41256031E-004
     0.50934565E+000     0.45812321E-004     0.10036114E-003    -0.89601460E+000     0.30536601E+001    -0.22669054E-003     0.42195272E-004
     0.50971314E+000     0.45426025E-004     0.10004458E-003    -0.91180781E+000     0.30495344E+001    -0.22700327E-003     0.43148218E-004
     0.51008064E+000     0.45043744E-004     0.99729277E-004    -0.92755159E+000     0.30452307E+001    -0.22732342E-003     0.44115178E-004
     0.51044813E+000     0.44665423E-004     0.99415225E-004    -0.94324298E+000     0.30407499E+001    -0.22765092E-003     0.45096471E-004
     0.51081562E+000     0.44291011E-004     0.99102427E-004    -0.95887904E+000     0.30360932E+001    -0.22798569E-003     0.46092420E-004
     0.51118312E+000     0.43920459E-004     0.98790881E-004    -0.97445686E+000     0.30312615E+001    -0.22832768E-003     0.47103359E-004
     0.51155061E+000     0.43553714E-004     0.98480588E-004    -0.98997356E+000     0.30262563E+001    -0.22867678E-003     0.48129630E-004
     0.51191810E+000     0.43190730E-004     0.98171545E-004    -0.10054263E+001     0.30210786E+001    -0.22903292E-003     0.49171584E-004
     0.51228560E+000     0.42831456E-004     0.97863752E-004    -0.10208122E+001     0.30157299E+001    -0.22939601E-003     0.50229579E-004
     0.51265309E+000     0.42475845E-004     0.97557207E-004    -0.10361286E+001     0.30102116E+001    -0.22976595E-003     0.51303983E-004
     0.51302058E+000     0.42123851E-004     0.97251909E-004    -0.10513726E+001     0.30045249E+001    -0.23014264E-003     0.52395173E-004
     0.51338808E+000     0.41775426E-004     0.96947855E-004    -0.10665417E+001     0.29986716E+001    -0.23052598E-003     0.53503537E-004
     0.51375557E+000     0.41430526E-004     0.96645045E-004    -0.10816330E+001     0.29926530E+001    -0.23091584E-003     0.54629469E-004
     0.51412306E+000     0.41089106E-004     0.96343476E-004    -0.10966441E+001     0.29864709E+001    -0.23131212E-003     0.55773375E-004
     0.51449056E+000     0.40751122E-004     0.96043147E-004    -0.11115722E+001     0.29801268E+001    -0.23171469E-003     0.56935673E-004
     0.51485805E+000     0.40416530E-004     0.95744054E-004    -0.11264150E+001     0.29736226E+001    -0.23212340E-003     0.58116787E-004
     0.51522554E+000     0.40085287E-004     0.95446195E-004    -0.11411698E+001     0.29669599E+001    -0.23253812E-003     0.59317154E-004
     0.51559304E+000     0.39757352E-004     0.95149569E-004    -0.11558343E+001     0.29601405E+001    -0.23295870E-003     0.60537223E-004
     0.51596053E+000     0.39432682E-004     0.94854172E-004    -0.11704060E+001     0.29531665E+001    -0.23338497E-003     0.61777450E-004
     0.51632802E+000     0.39111237E-004     0.94560001E-004    -0.11848826E+001     0.29460395E+001    -0.23381677E-003     0.63038305E-004
     0.51669552E+000     0.38792977E-004     0.94267055E-004    -0.11992618E+001     0.29387617E+001    -0.23425392E-003     0.64320270E-004
     0.51706301E+000     0.38477862E-004     0.93975330E-004    -0.12135413E+001     0.29313350E+001    -0.23469622E-003     0.65623835E-004
     0.51743050E+000     0.38165853E-004     0.93684823E-004    -0.12277190E+001     0.29237613E+001    -0.23514348E-003     0.66949506E-004
     0.51779799E+000     0.37856912E-004     0.93395531E-004    -0.12417927E+001     0.29160430E+001    -0.23559548E-003     0.68297799E-004
     0.51816549E+000     0.37551000E-004     0.93107452E-004    -0.12557604E+001     0.29081819E+001    -0.23605199E-003     0.69669241E-004
     0.51853298E+000     0.37248081E-004     0.92820581E-004    -0.12696199E+001     0.29001803E+001    -0.23651278E-003     0.71064374E-004
     0.51890047E+000     0.36948118E-004     0.92534915E-004    -0.12833693E+001     0.28920404E+001    -0.23697759E-003     0.72483750E-004
     0.51926797E+000     0.36651074E-004     0.92250451E-004    -0.12970066E+001     0.28837644E+001    -0.23744615E-003     0.73927937E-004
     0.51963546E+000     0.36356914E-004     0.91967186E-004    -0.13105301E+001     0.28753545E+001    -0.23791819E-003     0.75397513E-004
     0.52000295E+000     0.36065602E-004     0.91685116E-004    -0.13239379E+001     0.28668130E+001    -0.23839340E-003     0.76893071E-004
     0.52037045E+000     0.35777104E-004     0.91404237E-004    -0.13372282E+001     0.28581423E+001    -0.23887146E-003     0.78415216E-004
     0.52073794E+000     0.35491387E-004     0.91124546E-004    -0.13503993E+001     0.28493447E+001    -0.23935204E-003     0.79964567E-004
     0.52110543E+000     0.35208415E-004     0.90846039E-004    -0.13634496E+001     0.28404225E+001    -0.23983479E-003     0.81541758E-004
     0.52147293E+000     0.34928157E-004     0.90568712E-004    -0.13763776E+001     0.28313782E+001    -0.24031932E-003     0.83147434E-004
     0.52184042E+000     0.34650580E-004     0.90292562E-004    -0.13891816E+001     0.28222141E+001    -0.24080525E-003     0.84782256E-004
     0.52220791E+000     0.34375650E-004     0.90017584E-004    -0.14018603E+001     0.28129327E+001    -0.24129215E-003     0.86446898E-004
     0.52257541E+000     0.34103338E-004     0.89743775E-004    -0.14144122E+001     0.28035364E+001    -0.24177959E-003     0.88142048E-004
     0.52294290E+000     0.33833610E-004     0.89471130E-004    -0.14268360E+001     0.27940277E+001    -0.24226709E-003     0.89868408E-004
     0.52331039E+000     0.33566437E-004     0.89199646E-004    -0.14391303E+001     0.27844090E+001    -0.24275416E-003     0.91626694E-004
     0.52367789E+000     0.33301789E-004     0.88929318E-004    -0.14512940E+001     0.27746830E+001    -0.24324029E-003     0.93417636E-004
     0.52404538E+000     0.33039635E-004     0.88660142E-004    -0.14633259E+001     0.27648520E+001    -0.24372491E-003     0.95241976E-004
     0.52441287E+000     0.32779945E-004     0.88392115E-004    -0.14752249E+001     0.27549186E+001    -0.24420746E-003     0.97100473E-004
     0.52478037E+000     0.32522692E-004     0.88125232E-004    -0.14869899E+001     0.27448852E+001    -0.24468732E-003     0.98993896E-004
     0.52514786E+000     0.32267845E-004     0.87859488E-004    -0.14986200E+001     0.27347546E+001    -0.24516384E-003     0.10092303E-003
     0.52551535E+000     0.32015377E-004     0.87594880E-004    -0.15101142E+001     0.27245291E+001    -0.24563635E-003     0.10288867E-003
     0.52588285E+000     0.31765261E-004     0.87331403E-004    -0.15214715E+001     0.27142113E+001    -0.24610412E-003     0.10489162E-003
     0.52625034E+000     0.31517468E-004     0.87069053E-004    -0.15326913E+001     0.27038038E+001    -0.24656641E-003     0.10693272E-003
     0.52661783E+000     0.31271971E-004     0.86807825E-004    -0.15437728E+001     0.26933091E+001    -0.24702240E-003     0.10901278E-003
     0.52698533E+000     0.31028744E-004     0.86547716E-004    -0.15547152E+001     0.26827297E+001    -0.24747127E-003     0.11113265E-003
     0.52735282E+000     0.30787761E-004     0.86288720E-004    -0.15655178E+001     0.26720683E+001    -0.24791212E-003     0.11329319E-003
     0.52772031E+000     0.30548995E-004     0.86030833E-004    -0.15761802E+001     0.26613272E+001    -0.24834403E-003     0.11549526E-003
     0.52808781E+000     0.30312420E-004     0.85774051E-004    -0.15867018E+001     0.26505092E+001    -0.24876601E-003     0.11773973E-003
     0.52845530E+000     0.30078013E-004     0.85518369E-004    -0.15970820E+001     0.26396166E+001    -0.24917703E-003     0.12002749E-003
     0.52882279E+000     0.29845748E-004     0.85263784E-004    -0.16073205E+001     0.26286520E+001    -0.24957600E-003     0.12235940E-003
     0.52919029E+000     0.29615599E-004     0.85010289E-004    -0.16174168E+001     0.26176180E+001    -0.24996179E-003     0.12473638E-003
     0.52955778E+000     0.29387544E-004     0.84757882E-004    -0.16273707E+001     0.26065169E+001    -0.25033318E-003     0.12715930E-003
     0.52992527E+000     0.29161558E-004     0.84506556E-004    -0.16371819E+001     0.25953514E+001    -0.25068892E-003     0.12962907E-003
     0.53029277E+000     0.28937618E-004     0.84256309E-004    -0.16468502E+001     0.25841239E+001    -0.25102768E-003     0.13214659E-003
     0.53066026E+000     0.28715700E-004     0.84007134E-004    -0.16563753E+001     0.25728368E+001    -0.25134806E-003     0.13471274E-003
     0.53102775E+000     0.28495781E-004     0.83759028E-004    -0.16657573E+001     0.25614927E+001    -0.25164860E-003     0.13732842E-003
     0.53139525E+000     0.28277840E-004     0.83511986E-004    -0.16749959E+001     0.25500938E+001    -0.25192776E-003     0.13999451E-003
     0.53176274E+000     0.28061853E-004     0.83266004E-004    -0.16840912E+001     0.25386428E+001    -0.25218392E-003     0.14271188E-003
     0.53213023E+000     0.27847799E-004     0.83021076E-004    -0.16930433E+001     0.25271418E+001    -0.25241541E-003     0.14548141E-003
     0.53249773E+000     0.27635656E-004     0.82777199E-004    -0.17018521E+001     0.25155934E+001    -0.25262043E-003     0.14830393E-003
     0.53286522E+000     0.27425403E-004     0.82534367E-004    -0.17105179E+001     0.25039999E+001    -0.25279714E-003     0.15118027E-003
     0.53323271E+000     0.27217018E-004     0.82292576E-004    -0.17190407E+001     0.24923637E+001    -0.25294358E-003     0.15411125E-003
     0.53360020E+000     0.27010481E-004     0.82051822E-004    -0.17274208E+001     0.24806870E+001    -0.25305772E-003     0.15709763E-003
     0.53396770E+000     0.26805771E-004     0.81812099E-004    -0.17356584E+001     0.24689721E+001    -0.25313743E-003     0.16014017E-003
     0.53433519E+000     0.26602868E-004     0.81573403E-004    -0.17437538E+001     0.24572214E+001    -0.25318048E-003     0.16323958E-003
     0.53470268E+000     0.26401752E-004     0.81335730E-004    -0.17517074E+001     0.24454370E+001    -0.25318453E-003     0.16639652E-003
     0.53507018E+000     0.26202403E-004     0.81099075E-004    -0.17595195E+001     0.24336213E+001    -0.25314716E-003     0.16961163E-003
     0.53543767E+000     0.26004802E-004     0.80863433E-004    -0.17671905E+001     0.24217763E+001    -0.25306584E-003     0.17288548E-003
     0.53580516E+000     0.25808930E-004     0.80628800E-004    -0.17747209E+001     0.24099043E+001    -0.25293790E-003     0.17621856E-003
     0.53617266E+000     0.25614767E-004     0.80395171E-004    -0.17821111E+001     0.23980075E+001    -0.25276060E-003     0.17961133E-003
     0.53654015E+000     0.25422295E-004     0.80162541E-004    -0.17893617E+001     0.23860878E+001    -0.25253106E-003     0.18306416E-003
     0.53690764E+000     0.25231495E-004     0.79930906E-004    -0.17964733E+001     0.23741475E+001    -0.25224630E-003     0.18657733E-003
     0.53727514E+000     0.25042350E-004     0.79700261E-004    -0.18034463E+001     0.23621886E+001    -0.25190322E-003     0.19015103E-003
     0.53764263E+000     0.24854840E-004     0.79470602E-004    -0.18102816E+001     0.23502132E+001    -0.25149859E-003     0.19378536E-003
     0.53801012E+000     0.24668950E-004     0.79241924E-004    -0.18169796E+001     0.23382231E+001    -0.25102907E-003     0.19748031E-003
     0.53837762E+000     0.24484660E-004     0.79014222E-004    -0.18235411E+001     0.23262205E+001    -0.25049121E-003     0.20123574E-003
     0.53874511E+000     0.24301954E-004     0.78787492E-004    -0.18299668E+001     0.23142073E+001    -0.24988143E-003     0.20505137E-003
     0.53911260E+000     0.24120815E-004     0.78561730E-004    -0.18362574E+001     0.23021853E+001    -0.24919602E-003     0.20892681E-003
     0.53948010E+000     0.23941225E-004     0.78336930E-004    -0.18424137E+001     0.22901565E+001    -0.24843118E-003     0.21286147E-003
     0.53984759E+000     0.23763169E-004     0.78113088E-004    -0.18484366E+001     0.22781228E+001    -0.24758298E-003     0.21685464E-003
     0.54021508E+000     0.23586629E-004     0.77890200E-004    -0.18543268E+001     0.22660859E+001    -0.24664736E-003     0.22090539E-003
     0.54058258E+000     0.23411591E-004     0.77668261E-004    -0.18600851E+001     0.22540476E+001    -0.24562019E-003     0.22501261E-003
     0.54095007E+000     0.23238036E-004     0.77447267E-004    -0.18657125E+001     0.22420098E+001    -0.24449721E-003     0.22917499E-003
     0.54131756E+000     0.23065951E-004     0.77227212E-004    -0.18712099E+001     0.22299741E+001    -0.24327408E-003     0.23339098E-003
     0.54168506E+000     0.22895318E-004     0.77008093E-004    -0.18765781E+001     0.22179422E+001    -0.24194634E-003     0.23765879E-003
     0.54205255E+000     0.22726124E-004     0.76789905E-004    -0.18818182E+001     0.22059158E+001    -0.24050950E-003     0.24197640E-003
     0.54242004E+000     0.22558352E-004     0.76572644E-004    -0.18869310E+001     0.21938966E+001    -0.23895896E-003     0.24634150E-003
     0.54278754E+000     0.22391988E-004     0.76356304E-004    -0.18919175E+001     0.21818862E+001    -0.23729008E-003     0.25075149E-003
     0.54315503E+000     0.22227017E-004     0.76140882E-004    -0.18967787E+001     0.21698861E+001    -0.23549816E-003     0.25520349E-003
     0.54352252E+000     0.22063424E-004     0.75926373E-004    -0.19015158E+001     0.21578978E+001    -0.23357850E-003     0.25969427E-003
     0.54389002E+000     0.21901195E-004     0.75712773E-004    -0.19061295E+001     0.21459229E+001    -0.23152637E-003     0.26422030E-003
     0.54425751E+000     0.21740316E-004     0.75500078E-004    -0.19106212E+001     0.21339629E+001    -0.22933705E-003     0.26877770E-003
     0.54462500E+000     0.21580772E-004     0.75288282E-004    -0.19149917E+001     0.21220192E+001    -0.22700584E-003     0.27336220E-003
     0.54499250E+000     0.21422549E-004     0.75077381E-004    -0.19192421E+001     0.21100931E+001    -0.22452813E-003     0.27796918E-003
     0.54535999E+000     0.21265635E-004     0.74867372E-004    -0.19233736E+001     0.20981862E+001    -0.22189935E-003     0.28259363E-003
     0.54572748E+000     0.21110014E-004     0.74658249E-004    -0.19273872E+001     0.20862997E+001    -0.21911505E-003     0.28723014E-003
     0.54609498E+000     0.20955675E-004     0.74450009E-004    -0.19312841E+001     0.20744350E+001    -0.21617093E-003     0.29187289E-003
     0.54646247E+000     0.20802603E-004     0.74242647E-004    -0.19350654E+001     0.20625933E+001    -0.21306286E-003     0.29651566E-003
     0.54682996E+000     0.20650787E-004     0.74036158E-004    -0.19387322E+001     0.20507759E+001    -0.20978689E-003     0.30115178E-003
     0.54719746E+000     0.20500211E-004     0.73830539E-004    -0.19422856E+001     0.20389840E+001    -0.20633934E-003     0.30577419E-003
     0.54756495E+000     0.20350865E-004     0.73625785E-004    -0.19457269E+001     0.20272189E+001    -0.20271679E-003     0.31037541E-003
     0.54793244E+000     0.20202736E-004     0.73421891E-004    -0.19490571E+001     0.20154817E+001    -0.19891616E-003     0.31494751E-003
     0.54829994E+000     0.20055810E-004     0.73218855E-004    -0.19522774E+001     0.20037734E+001    -0.19493471E-003     0.31948219E-003
     0.54866743E+000     0.19910076E-004     0.73016670E-004    -0.19553889E+001     0.19920953E+001    -0.19077013E-003     0.32397072E-003
     0.54903492E+000     0.19765522E-004     0.72815334E-004    -0.19583930E+001     0.19804484E+001    -0.18642052E-003     0.32840402E-003
     0.54940241E+000     0.19622135E-004     0.72614841E-004    -0.19612907E+001     0.19688338E+001    -0.18188451E-003     0.33277263E-003
     0.54976991E+000     0.19479905E-004     0.72415188E-004    -0.19640832E+001     0.19572524E+001    -0.17716125E-003     0.33706674E-003
     0.55013740E+000     0.19338818E-004     0.72216371E-004    -0.19667718E+001     0.19457053E+001    -0.17225047E-003     0.34127627E-003
     0.55050489E+000     0.19198864E-004     0.72018385E-004    -0.19693576E+001     0.19341933E+001    -0.16715250E-003     0.34539084E-003
     0.55087239E+000     0.19060031E-004     0.71821226E-004    -0.19718418E+001     0.19227175E+001    -0.16186837E-003     0.34939985E-003
     0.55123988E+000     0.18922309E-004     0.71624890E-004    -0.19742255E+001     0.19112788E+001    -0.15639978E-003     0.35329252E-003
     0.55160737E+000     0.18785685E-004     0.71429373E-004    -0.19765101E+001     0.18998779E+001    -0.15074917E-003     0.35705791E-003
     0.55197487E+000     0.18650149E-004     0.71234671E-004    -0.19786967E+001     0.18885158E+001    -0.14491975E-003     0.36068504E-003
     0.55234236E+000     0.18515689E-004     0.71040780E-004    -0.19807865E+001     0.18771933E+001    -0.13891552E-003     0.36416289E-003
     0.55270985E+000     0.18382296E-004     0.70847696E-004    -0.19827807E+001     0.18659112E+001    -0.13274127E-003     0.36748049E-003
     0.55307735E+000     0.18249959E-004     0.70655414E-004    -0.19846805E+001     0.18546702E+001    -0.12640264E-003     0.37062699E-003
     0.55344484E+000     0.18118667E-004     0.70463931E-004    -0.19864870E+001     0.18434710E+001    -0.11990610E-003     0.37359173E-003
     0.55381233E+000     0.17988410E-004     0.70273242E-004    -0.19882016E+001     0.18323145E+001    -0.11325896E-003     0.37636432E-003
     0.55417983E+000     0.17859177E-004     0.70083344E-004    -0.19898253E+001     0.18212012E+001    -0.10646934E-003     0.37893470E-003
     0.55454732E+000     0.17730958E-004     0.69894233E-004    -0.19913595E+001     0.18101319E+001    -0.99546186E-004     0.38129324E-003
     0.55491481E+000     0.17603744E-004     0.69705904E-004    -0.19928052E+001     0.17991072E+001    -0.92499240E-004     0.38343080E-003
     0.55528231E+000     0.17477525E-004     0.69518354E-004    -0.19941636E+001     0.17881277E+001    -0.85338998E-004     0.38533882E-003
     0.55564980E+000     0.17352290E-004     0.69331580E-004    -0.19954359E+001     0.17771940E+001    -0.78076674E-004     0.38700940E-003
     0.55601729E+000     0.17228031E-004     0.69145576E-004    -0.19966234E+001     0.17663067E+001    -0.70724154E-004     0.38843532E-003
     0.55638479E+000     0.17104737E-004     0.68960339E-004    -0.19977272E+001     0.17554663E+001    -0.63293935E-004     0.38961021E-003
     0.55675228E+000     0.16982400E-004     0.68775865E-004    -0.19987484E+001     0.17446733E+001    -0.55799061E-004     0.39052850E-003
     0.55711977E+000     0.16861009E-004     0.68592151E-004    -0.19996881E+001     0.17339283E+001    -0.48253051E-004     0.39118555E-003
     0.55748727E+000     0.16740556E-004     0.68409192E-004    -0.20005477E+001     0.17232317E+001    -0.40669822E-004     0.39157767E-003
     0.55785476E+000     0.16621032E-004     0.68226986E-004    -0.20013282E+001     0.17125840E+001    -0.33063599E-004     0.39170215E-003
     0.55822225E+000     0.16502427E-004     0.68045527E-004    -0.20020307E+001     0.17019856E+001    -0.25448832E-004     0.39155732E-003
     0.55858975E+000     0.16384734E-004     0.67864812E-004    -0.20026565E+001     0.16914369E+001    -0.17840101E-004     0.39114255E-003
     0.55895724E+000     0.16267942E-004     0.67684838E-004    -0.20032066E+001     0.16809384E+001    -0.10252021E-004     0.39045826E-003
     0.55932473E+000     0.16152043E-004     0.67505600E-004    -0.20036821E+001     0.16704904E+001    -0.26991475E-005     0.38950593E-003
     0.55969223E+000     0.16037029E-004     0.67327096E-004    -0.20040842E+001     0.16600932E+001     0.48041183E-005     0.38828809E-003
     0.56005972E+000     0.15922892E-004     0.67149320E-004    -0.20044140E+001     0.16497473E+001     0.12243623E-004     0.38680828E-003
     0.56042721E+000     0.15809622E-004     0.66972271E-004    -0.20046726E+001     0.16394529E+001     0.19605553E-004     0.38507105E-003
     0.56079471E+000     0.15697212E-004     0.66795943E-004    -0.20048611E+001     0.16292103E+001     0.26876518E-004     0.38308192E-003
     0.56116220E+000     0.15585653E-004     0.66620334E-004    -0.20049805E+001     0.16190199E+001     0.34043632E-004     0.38084728E-003
     0.56152969E+000     0.15474938E-004     0.66445439E-004    -0.20050320E+001     0.16088818E+001     0.41094590E-004     0.37837441E-003
     0.56189719E+000     0.15365058E-004     0.66271256E-004    -0.20050167E+001     0.15987964E+001     0.48017734E-004     0.37567136E-003
     0.56226468E+000     0.15256005E-004     0.66097780E-004    -0.20049355E+001     0.15887639E+001     0.54802115E-004     0.37274692E-003
     0.56263217E+000     0.15147772E-004     0.65925007E-004    -0.20047896E+001     0.15787844E+001     0.61437538E-004     0.36961051E-003
     0.56299967E+000     0.15040351E-004     0.65752936E-004    -0.20045800E+001     0.15688582E+001     0.67914611E-004     0.36627213E-003
     0.56336716E+000     0.14933734E-004     0.65581561E-004    -0.20043076E+001     0.15589855E+001     0.74224777E-004     0.36274227E-003
     0.56373465E+000     0.14827913E-004     0.65410879E-004    -0.20039737E+001     0.15491664E+001     0.80360335E-004     0.35903182E-003
     0.56410214E+000     0.14722882E-004     0.65240888E-004    -0.20035791E+001     0.15394011E+001     0.86314461E-004     0.35515200E-003
     0.56446964E+000     0.14618632E-004     0.65071582E-004    -0.20031249E+001     0.15296898E+001     0.92081208E-004     0.35111430E-003
     0.56483713E+000     0.14515157E-004     0.64902960E-004    -0.20026121E+001     0.15200325E+001     0.97655512E-004     0.34693035E-003
     0.56520462E+000     0.14412449E-004     0.64735017E-004    -0.20020416E+001     0.15104293E+001     0.10303318E-003     0.34261188E-003
     0.56557212E+000     0.14310501E-004     0.64567750E-004    -0.20014145E+001     0.15008805E+001     0.10821086E-003     0.33817064E-003
     0.56593961E+000     0.14209306E-004     0.64401156E-004    -0.20007318E+001     0.14913860E+001     0.11318606E-003     0.33361832E-003
     0.56630710E+000     0.14108857E-004     0.64235231E-004    -0.19999943E+001     0.14819459E+001     0.11795706E-003     0.32896650E-003
     0.56667460E+000     0.14009147E-004     0.64069972E-004    -0.19992030E+001     0.14725603E+001     0.12252293E-003     0.32422660E-003
     0.56704209E+000     0.13910169E-004     0.63905376E-004    -0.19983590E+001     0.14632292E+001     0.12688345E-003     0.31940977E-003
     0.56740958E+000     0.13811917E-004     0.63741438E-004    -0.19974630E+001     0.14539527E+001     0.13103912E-003     0.31452693E-003
     0.56777708E+000     0.13714383E-004     0.63578157E-004    -0.19965161E+001     0.14447307E+001     0.13499105E-003     0.30958864E-003
     0.56814457E+000     0.13617562E-004     0.63415528E-004    -0.19955191E+001     0.14355634E+001     0.13874098E-003     0.30460512E-003
     0.56851206E+000     0.13521447E-004     0.63253548E-004    -0.19944730E+001     0.14264507E+001     0.14229118E-003     0.29958620E-003
     0.56887956E+000     0.13426030E-004     0.63092215E-004    -0.19933786E+001     0.14173926E+001     0.14564445E-003     0.29454130E-003
     0.56924705E+000     0.13331307E-004     0.62931524E-004    -0.19922368E+001     0.14083890E+001     0.14880401E-003     0.28947939E-003
     0.56961454E+000     0.13237270E-004     0.62771473E-004    -0.19910485E+001     0.13994400E+001     0.15177352E-003     0.28440900E-003
     0.56998204E+000     0.13143913E-004     0.62612058E-004    -0.19898146E+001     0.13905455E+001     0.15455698E-003     0.27933819E-003
     0.57034953E+000     0.13051230E-004     0.62453277E-004    -0.19885359E+001     0.13817054E+001     0.15715872E-003     0.27427456E-003
     0.57071702E+000     0.12959215E-004     0.62295125E-004    -0.19872133E+001     0.13729197E+001     0.15958333E-003     0.26922522E-003
     0.57108452E+000     0.12867862E-004     0.62137600E-004    -0.19858475E+001     0.13641884E+001     0.16183564E-003     0.26419682E-003
     0.57145201E+000     0.12777165E-004     0.61980699E-004    -0.19844394E+001     0.13555113E+001     0.16392065E-003     0.25919556E-003
     0.57181950E+000     0.12687118E-004     0.61824419E-004    -0.19829899E+001     0.13468883E+001     0.16584354E-003     0.25422714E-003
     0.57218700E+000     0.12597715E-004     0.61668756E-004    -0.19814996E+001     0.13383195E+001     0.16760958E-003     0.24929686E-003
     0.57255449E+000     0.12508950E-004     0.61513707E-004    -0.19799695E+001     0.13298046E+001     0.16922415E-003     0.24440954E-003
     0.57292198E+000     0.12420818E-004     0.61359270E-004    -0.19784003E+001     0.13213435E+001     0.17069265E-003     0.23956959E-003
     0.57328948E+000     0.12333313E-004     0.61205441E-004    -0.19767927E+001     0.13129362E+001     0.17202054E-003     0.23478101E-003
     0.57365697E+000     0.12246429E-004     0.61052217E-004    -0.19751475E+001     0.13045825E+001     0.17321326E-003     0.23004742E-003
     0.57402446E+000     0.12160160E-004     0.60899595E-004    -0.19734656E+001     0.12962823E+001     0.17427623E-003     0.22537203E-003
     0.57439196E+000     0.12074502E-004     0.60747573E-004    -0.19717475E+001     0.12880355E+001     0.17521484E-003     0.22075773E-003
     0.57475945E+000     0.11989449E-004     0.60596147E-004    -0.19699942E+001     0.12798418E+001     0.17603440E-003     0.21620703E-003
     0.57512694E+000     0.11904995E-004     0.60445313E-004    -0.19682061E+001     0.12717012E+001     0.17674015E-003     0.21172216E-003
     0.57549444E+000     0.11821136E-004     0.60295071E-004    -0.19663842E+001     0.12636136E+001     0.17733725E-003     0.20730500E-003
     0.57586193E+000     0.11737865E-004     0.60145415E-004    -0.19645291E+001     0.12555786E+001     0.17783074E-003     0.20295718E-003
     0.57622942E+000     0.11655178E-004     0.59996344E-004    -0.19626415E+001     0.12475962E+001     0.17822557E-003     0.19868005E-003
     0.57659692E+000     0.11573069E-004     0.59847855E-004    -0.19607220E+001     0.12396662E+001     0.17852654E-003     0.19447471E-003
     0.57696441E+000     0.11491534E-004     0.59699944E-004    -0.19587714E+001     0.12317885E+001     0.17873834E-003     0.19034202E-003
     0.57733190E+000     0.11410567E-004     0.59552609E-004    -0.19567904E+001     0.12239627E+001     0.17886552E-003     0.18628264E-003
     0.57769940E+000     0.11330164E-004     0.59405846E-004    -0.19547795E+001     0.12161888E+001     0.17891250E-003     0.18229702E-003
     0.57806689E+000     0.11250319E-004     0.59259654E-004    -0.19527394E+001     0.12084666E+001     0.17888354E-003     0.17838542E-003
     0.57843438E+000     0.11171027E-004     0.59114029E-004    -0.19506707E+001     0.12007958E+001     0.17878277E-003     0.17454796E-003
     0.57880188E+000     0.11092285E-004     0.58968969E-004    -0.19485742E+001     0.11931762E+001     0.17861416E-003     0.17078456E-003
     0.57916937E+000     0.11014086E-004     0.58824470E-004    -0.19464504E+001     0.11856077E+001     0.17838156E-003     0.16709504E-003
     0.57953686E+000     0.10936426E-004     0.58680529E-004    -0.19442999E+001     0.11780901E+001     0.17808865E-003     0.16347907E-003
     0.57990435E+000     0.10859301E-004     0.58537145E-004    -0.19421233E+001     0.11706230E+001     0.17773898E-003     0.15993621E-003
     0.58027185E+000     0.10782706E-004     0.58394315E-004    -0.19399213E+001     0.11632064E+001     0.17733594E-003     0.15646591E-003
     0.58063934E+000     0.10706637E-004     0.58252034E-004    -0.19376943E+001     0.11558399E+001     0.17688280E-003     0.15306754E-003
     0.58100683E+000     0.10631088E-004     0.58110302E-004    -0.19354430E+001     0.11485234E+001     0.17638269E-003     0.14974036E-003
     0.58137433E+000     0.10556055E-004     0.57969115E-004    -0.19331680E+001     0.11412566E+001     0.17583858E-003     0.14648359E-003
     0.58174182E+000     0.10481534E-004     0.57828470E-004    -0.19308698E+001     0.11340393E+001     0.17525332E-003     0.14329635E-003
     0.58210931E+000     0.10407521E-004     0.57688366E-004    -0.19285490E+001     0.11268713E+001     0.17462966E-003     0.14017772E-003
     0.58247681E+000     0.10334011E-004     0.57548798E-004    -0.19262060E+001     0.11197522E+001     0.17397018E-003     0.13712674E-003
     0.58284430E+000     0.10261000E-004     0.57409765E-004    -0.19238415E+001     0.11126820E+001     0.17327736E-003     0.13414238E-003
     0.58321179E+000     0.10188483E-004     0.57271264E-004    -0.19214560E+001     0.11056603E+001     0.17255357E-003     0.13122359E-003
     0.58357929E+000     0.10116456E-004     0.57133292E-004    -0.19190499E+001     0.10986870E+001     0.17180104E-003     0.12836928E-003
     0.58394678E+000     0.10044916E-004     0.56995846E-004    -0.19166238E+001     0.10917616E+001     0.17102191E-003     0.12557836E-003
     0.58431427E+000     0.99738573E-005     0.56858925E-004    -0.19141782E+001     0.10848841E+001     0.17021822E-003     0.12284968E-003
     0.58468177E+000     0.99032768E-005     0.56722526E-004    -0.19117136E+001     0.10780541E+001     0.16939188E-003     0.12018210E-003
     0.58504926E+000     0.98331701E-005     0.56586645E-004    -0.19092305E+001     0.10712715E+001     0.16854473E-003     0.11757445E-003
     0.58541675E+000     0.97635333E-005     0.56451281E-004    -0.19067294E+001     0.10645359E+001     0.16767850E-003     0.11502559E-003
     0.58578425E+000     0.96943624E-005     0.56316431E-004    -0.19042106E+001     0.10578470E+001     0.16679483E-003     0.11253433E-003
     0.58615174E+000     0.96256534E-005     0.56182092E-004    -0.19016748E+001     0.10512048E+001     0.16589527E-003     0.11009949E-003
     0.58651923E+000     0.95574025E-005     0.56048262E-004    -0.18991223E+001     0.10446087E+001     0.16498131E-003     0.10771992E-003
     0.58688673E+000     0.94896059E-005     0.55914938E-004    -0.18965536E+001     0.10380588E+001     0.16405434E-003     0.10539444E-003
     0.58725422E+000     0.94222596E-005     0.55782119E-004    -0.18939691E+001     0.10315545E+001     0.16311567E-003     0.10312189E-003
     0.58762171E+000     0.93553600E-005     0.55649801E-004    -0.18913693E+001     0.10250958E+001     0.16216654E-003     0.10090111E-003
     0.58798921E+000     0.92889032E-005     0.55517982E-004    -0.18887547E+001     0.10186823E+001     0.16120813E-003     0.98730969E-004
     0.58835670E+000     0.92228857E-005     0.55386660E-004    -0.18861255E+001     0.10123137E+001     0.16024156E-003     0.96610327E-004
     0.58872419E+000     0.91573037E-005     0.55255832E-004    -0.18834823E+001     0.10059899E+001     0.15926787E-003     0.94538065E-004
     0.58909169E+000     0.90921537E-005     0.55125496E-004    -0.18808254E+001     0.99971044E+000     0.15828803E-003     0.92513078E-004
     0.58945918E+000     0.90274320E-005     0.54995649E-004    -0.18781553E+001     0.99347520E+000     0.15730299E-003     0.90534278E-004
     0.58982667E+000     0.89631351E-005     0.54866289E-004    -0.18754723E+001     0.98728386E+000     0.15631362E-003     0.88600588E-004
     0.59019417E+000     0.88992594E-005     0.54737415E-004    -0.18727768E+001     0.98113615E+000     0.15532074E-003     0.86710953E-004
     0.59056166E+000     0.88358016E-005     0.54609022E-004    -0.18700692E+001     0.97503180E+000     0.15432512E-003     0.84864332E-004
     0.59092915E+000     0.87727581E-005     0.54481110E-004    -0.18673499E+001     0.96897056E+000     0.15332749E-003     0.83059703E-004
     0.59129665E+000     0.87101256E-005     0.54353675E-004    -0.18646193E+001     0.96295214E+000     0.15232854E-003     0.81296065E-004
     0.59166414E+000     0.86479006E-005     0.54226716E-004    -0.18618777E+001     0.95697628E+000     0.15132890E-003     0.79572432E-004
     0.59203163E+000     0.85860798E-005     0.54100230E-004    -0.18591254E+001     0.95104271E+000     0.15032918E-003     0.77887839E-004
     0.59239913E+000     0.85246599E-005     0.53974215E-004    -0.18563629E+001     0.94515116E+000     0.14932994E-003     0.76241341E-004
     0.59276662E+000     0.84636377E-005     0.53848668E-004    -0.18535904E+001     0.93930137E+000     0.14833170E-003     0.74632011E-004
     0.59313411E+000     0.84030099E-005     0.53723588E-004    -0.18508084E+001     0.93349306E+000     0.14733496E-003     0.73058943E-004
     0.59350161E+000     0.83427732E-005     0.53598972E-004    -0.18480170E+001     0.92772596E+000     0.14634019E-003     0.71521250E-004
     0.59386910E+000     0.82829245E-005     0.53474818E-004    -0.18452167E+001     0.92199981E+000     0.14534780E-003     0.70018063E-004
     0.59423659E+000     0.82234606E-005     0.53351123E-004    -0.18424078E+001     0.91631433E+000     0.14435820E-003     0.68548536E-004
     0.59460409E+000     0.81643785E-005     0.53227886E-004    -0.18395906E+001     0.91066926E+000     0.14337177E-003     0.67111838E-004
     0.59497158E+000     0.81056750E-005     0.53105104E-004    -0.18367654E+001     0.90506433E+000     0.14238886E-003     0.65707160E-004
     0.59533907E+000     0.80473470E-005     0.52982776E-004    -0.18339325E+001     0.89949928E+000     0.14140978E-003     0.64333713E-004
     0.59570656E+000     0.79893916E-005     0.52860898E-004    -0.18310922E+001     0.89397383E+000     0.14043485E-003     0.62990722E-004
     0.59607406E+000     0.79318057E-005     0.52739469E-004    -0.18282448E+001     0.88848771E+000     0.13946433E-003     0.61677437E-004
     0.59644155E+000     0.78745864E-005     0.52618487E-004    -0.18253906E+001     0.88304067E+000     0.13849848E-003     0.60393120E-004
     0.59680904E+000     0.78177307E-005     0.52497949E-004    -0.18225299E+001     0.87763244E+000     0.13753755E-003     0.59137055E-004
     0.59717654E+000     0.77612357E-005     0.52377854E-004    -0.18196629E+001     0.87226274E+000     0.13658176E-003     0.57908544E-004
     0.59754403E+000     0.77050986E-005     0.52258199E-004    -0.18167899E+001     0.86693133E+000     0.13563130E-003     0.56706903E-004
     0.59791152E+000     0.76493163E-005     0.52138982E-004    -0.18139112E+001     0.86163792E+000     0.13468637E-003     0.55531468E-004
     0.59827902E+000     0.75938863E-005     0.52020202E-004    -0.18110271E+001     0.85638226E+000     0.13374714E-003     0.54381591E-004
     0.59864651E+000     0.75388055E-005     0.51901855E-004    -0.18081378E+001     0.85116410E+000     0.13281375E-003     0.53256641E-004
     0.59901400E+000     0.74840713E-005     0.51783941E-004    -0.18052436E+001     0.84598315E+000     0.13188636E-003     0.52156002E-004
     0.59938150E+000     0.74296809E-005     0.51666456E-004    -0.18023446E+001     0.84083917E+000     0.13096509E-003     0.51079074E-004
     0.59974899E+000     0.73756316E-005     0.51549399E-004    -0.17994413E+001     0.83573190E+000     0.13005007E-003     0.50025273E-004
     0.60011648E+000     0.73219207E-005     0.51432769E-004    -0.17965337E+001     0.83066107E+000     0.12914139E-003     0.48994031E-004
     0.60048398E+000     0.72685455E-005     0.51316562E-004    -0.17936222E+001     0.82562643E+000     0.12823915E-003     0.47984792E-004
     0.60085147E+000     0.72155033E-005     0.51200777E-004    -0.17907069E+001     0.82062772E+000     0.12734343E-003     0.46997018E-004
     0.60121896E+000     0.71627916E-005     0.51085412E-004    -0.17877882E+001     0.81566469E+000     0.12645432E-003     0.46030183E-004
     0.60158646E+000     0.71104077E-005     0.50970465E-004    -0.17848661E+001     0.81073707E+000     0.12557188E-003     0.45083773E-004
     0.60195395E+000     0.70583491E-005     0.50855934E-004    -0.17819410E+001     0.80584462E+000     0.12469616E-003     0.44157293E-004
     0.60232144E+000     0.70066132E-005     0.50741817E-004    -0.17790130E+001     0.80098708E+000     0.12382721E-003     0.43250254E-004
     0.60268894E+000     0.69551975E-005     0.50628112E-004    -0.17760824E+001     0.79616420E+000     0.12296508E-003     0.42362187E-004
     0.60305643E+000     0.69040996E-005     0.50514817E-004    -0.17731494E+001     0.79137574E+000     0.12210979E-003     0.41492629E-004
     0.60342392E+000     0.68533168E-005     0.50401930E-004    -0.17702141E+001     0.78662143E+000     0.12126139E-003     0.40641134E-004
     0.60379142E+000     0.68028469E-005     0.50289450E-004    -0.17672769E+001     0.78190103E+000     0.12041989E-003     0.39807265E-004
     0.60415891E+000     0.67526873E-005     0.50177374E-004    -0.17643377E+001     0.77721429E+000     0.11958531E-003     0.38990597E-004
     0.60452640E+000     0.67028356E-005     0.50065701E-004    -0.17613970E+001     0.77256097E+000     0.11875765E-003     0.38190718E-004
     0.60489390E+000     0.66532895E-005     0.49954428E-004    -0.17584547E+001     0.76794082E+000     0.11793692E-003     0.37407225E-004
     0.60526139E+000     0.66040466E-005     0.49843554E-004    -0.17555112E+001     0.76335360E+000     0.11712314E-003     0.36639726E-004
     0.60562888E+000     0.65551045E-005     0.49733077E-004    -0.17525666E+001     0.75879907E+000     0.11631628E-003     0.35887841E-004
     0.60599638E+000     0.65064610E-005     0.49622995E-004    -0.17496211E+001     0.75427697E+000     0.11551634E-003     0.35151197E-004
     0.60636387E+000     0.64581137E-005     0.49513306E-004    -0.17466749E+001     0.74978709E+000     0.11472331E-003     0.34429433E-004
     0.60673136E+000     0.64100604E-005     0.49404009E-004    -0.17437281E+001     0.74532916E+000     0.11393718E-003     0.33722198E-004
     0.60709886E+000     0.63622988E-005     0.49295101E-004    -0.17407808E+001     0.74090296E+000     0.11315793E-003     0.33029149E-004
     0.60746635E+000     0.63148267E-005     0.49186581E-004    -0.17378334E+001     0.73650826E+000     0.11238553E-003     0.32349952E-004
     0.60783384E+000     0.62676418E-005     0.49078448E-004    -0.17348858E+001     0.73214480E+000     0.11161996E-003     0.31684283E-004
     0.60820134E+000     0.62207421E-005     0.48970698E-004    -0.17319383E+001     0.72781237E+000     0.11086120E-003     0.31031825E-004
     0.60856883E+000     0.61741252E-005     0.48863330E-004    -0.17289911E+001     0.72351073E+000     0.11010920E-003     0.30392271E-004
     0.60893632E+000     0.61277891E-005     0.48756344E-004    -0.17260442E+001     0.71923965E+000     0.10936395E-003     0.29765321E-004
     0.60930382E+000     0.60817316E-005     0.48649736E-004    -0.17230979E+001     0.71499889E+000     0.10862540E-003     0.29150683E-004
     0.60967131E+000     0.60359507E-005     0.48543505E-004    -0.17201522E+001     0.71078823E+000     0.10789352E-003     0.28548073E-004
     0.61003880E+000     0.59904441E-005     0.48437650E-004    -0.17172074E+001     0.70660745E+000     0.10716827E-003     0.27957213E-004
     0.61040629E+000     0.59452099E-005     0.48332169E-004    -0.17142635E+001     0.70245631E+000     0.10644961E-003     0.27377835E-004
     0.61077379E+000     0.59002460E-005     0.48227059E-004    -0.17113207E+001     0.69833460E+000     0.10573750E-003     0.26809676E-004
     0.61114128E+000     0.58555504E-005     0.48122320E-004    -0.17083791E+001     0.69424208E+000     0.10503189E-003     0.26252479E-004
     0.61150877E+000     0.58111210E-005     0.48017949E-004    -0.17054388E+001     0.69017854E+000     0.10433274E-003     0.25705997E-004
     0.61187627E+000     0.57669558E-005     0.47913946E-004    -0.17025001E+001     0.68614376E+000     0.10364000E-003     0.25169986E-004
     0.61224376E+000     0.57230529E-005     0.47810307E-004    -0.16995629E+001     0.68213752E+000     0.10295364E-003     0.24644210E-004
     0.61261125E+000     0.56794104E-005     0.47707032E-004    -0.16966275E+001     0.67815960E+000     0.10227359E-003     0.24128439E-004
     0.61297875E+000     0.56360261E-005     0.47604119E-004    -0.16936939E+001     0.67420979E+000     0.10159981E-003     0.23622448E-004
     0.61334624E+000     0.55928983E-005     0.47501566E-004    -0.16907623E+001     0.67028786E+000     0.10093226E-003     0.23126018E-004
     0.61371373E+000     0.55500250E-005     0.47399372E-004    -0.16878328E+001     0.66639362E+000     0.10027087E-003     0.22638938E-004
     0.61408123E+000     0.55074044E-005     0.47297534E-004    -0.16849055E+001     0.66252683E+000     0.99615606E-004     0.22160998E-004
     0.61444872E+000     0.54650345E-005     0.47196052E-004    -0.16819804E+001     0.65868731E+000     0.98966410E-004     0.21691998E-004
     0.61481621E+000     0.54229135E-005     0.47094924E-004    -0.16790578E+001     0.65487483E+000     0.98323231E-004     0.21231740E-004
     0.61518371E+000     0.53810396E-005     0.46994147E-004    -0.16761377E+001     0.65108918E+000     0.97686016E-004     0.20780031E-004
     0.61555120E+000     0.53394109E-005     0.46893721E-004    -0.16732202E+001     0.64733017E+000     0.97054713E-004     0.20336685E-004
     0.61591869E+000     0.52980256E-005     0.46793644E-004    -0.16703054E+001     0.64359759E+000     0.96429268E-004     0.19901520E-004
     0.61628619E+000     0.52568819E-005     0.46693915E-004    -0.16673935E+001     0.63989123E+000     0.95809629E-004     0.19474356E-004
     0.61665368E+000     0.52159781E-005     0.46594531E-004    -0.16644844E+001     0.63621089E+000     0.95195742E-004     0.19055021E-004
     0.61702117E+000     0.51753124E-005     0.46495491E-004    -0.16615784E+001     0.63255637E+000     0.94587553E-004     0.18643346E-004
     0.61738867E+000     0.51348830E-005     0.46396794E-004    -0.16586755E+001     0.62892748E+000     0.93985009E-004     0.18239166E-004
     0.61775616E+000     0.50946883E-005     0.46298438E-004    -0.16557757E+001     0.62532400E+000     0.93388056E-004     0.17842319E-004
     0.61812365E+000     0.50547265E-005     0.46200422E-004    -0.16528793E+001     0.62174576E+000     0.92796641E-004     0.17452650E-004
     0.61849115E+000     0.50149959E-005     0.46102743E-004    -0.16499862E+001     0.61819255E+000     0.92210709E-004     0.17070006E-004
     0.61885864E+000     0.49754948E-005     0.46005401E-004    -0.16470966E+001     0.61466417E+000     0.91630207E-004     0.16694236E-004
     0.61922613E+000     0.49362216E-005     0.45908394E-004    -0.16442104E+001     0.61116044E+000     0.91055082E-004     0.16325197E-004
     0.61959363E+000     0.48971745E-005     0.45811721E-004    -0.16413279E+001     0.60768117E+000     0.90485280E-004     0.15962745E-004
     0.61996112E+000     0.48583521E-005     0.45715379E-004    -0.16384491E+001     0.60422616E+000     0.89920748E-004     0.15606743E-004
     0.62032861E+000     0.48197526E-005     0.45619368E-004    -0.16355741E+001     0.60079523E+000     0.89361433E-004     0.15257055E-004
     0.62069611E+000     0.47813744E-005     0.45523686E-004    -0.16327029E+001     0.59738820E+000     0.88807282E-004     0.14913551E-004
     0.62106360E+000     0.47432159E-005     0.45428332E-004    -0.16298356E+001     0.59400486E+000     0.88258242E-004     0.14576100E-004
     0.62143109E+000     0.47052756E-005     0.45333304E-004    -0.16269723E+001     0.59064505E+000     0.87714262E-004     0.14244578E-004
     0.62179859E+000     0.46675519E-005     0.45238600E-004    -0.16241131E+001     0.58730858E+000     0.87175288E-004     0.13918863E-004
     0.62216608E+000     0.46300433E-005     0.45144219E-004    -0.16212580E+001     0.58399526E+000     0.86641269E-004     0.13598835E-004
     0.62253357E+000     0.45927481E-005     0.45050161E-004    -0.16184070E+001     0.58070492E+000     0.86112154E-004     0.13284377E-004
     0.62290107E+000     0.45556649E-005     0.44956422E-004    -0.16155604E+001     0.57743738E+000     0.85587891E-004     0.12975376E-004
     0.62326856E+000     0.45187921E-005     0.44863002E-004    -0.16127180E+001     0.57419247E+000     0.85068430E-004     0.12671720E-004
     0.62363605E+000     0.44821283E-005     0.44769900E-004    -0.16098800E+001     0.57096999E+000     0.84553719E-004     0.12373302E-004
     0.62400355E+000     0.44456719E-005     0.44677114E-004    -0.16070465E+001     0.56776979E+000     0.84043710E-004     0.12080014E-004
     0.62437104E+000     0.44094216E-005     0.44584643E-004    -0.16042175E+001     0.56459169E+000     0.83538351E-004     0.11791754E-004
     0.62473853E+000     0.43733757E-005     0.44492484E-004    -0.16013930E+001     0.56143551E+000     0.83037594E-004     0.11508421E-004
     0.62510603E+000     0.43375330E-005     0.44400638E-004    -0.15985731E+001     0.55830108E+000     0.82541390E-004     0.11229916E-004
     0.62547352E+000     0.43018918E-005     0.44309102E-004    -0.15957579E+001     0.55518824E+000     0.82049690E-004     0.10956144E-004
     0.62584101E+000     0.42664509E-005     0.44217875E-004    -0.15929474E+001     0.55209682E+000     0.81562445E-004     0.10687009E-004
     0.62620850E+000     0.42312088E-005     0.44126956E-004    -0.15901417E+001     0.54902665E+000     0.81079609E-004     0.10422420E-004
     0.62657600E+000     0.41961641E-005     0.44036344E-004    -0.15873408E+001     0.54597757E+000     0.80601133E-004     0.10162287E-004
     0.62694349E+000     0.41613154E-005     0.43946036E-004    -0.15845448E+001     0.54294940E+000     0.80126971E-004     0.99065229E-005
     0.62731098E+000     0.41266614E-005     0.43856032E-004    -0.15817537E+001     0.53994199E+000     0.79657076E-004     0.96550419E-005
     0.62767848E+000     0.40922007E-005     0.43766331E-004    -0.15789675E+001     0.53695518E+000     0.79191402E-004     0.94077602E-005
     0.62804597E+000     0.40579318E-005     0.43676930E-004    -0.15761864E+001     0.53398881E+000     0.78729903E-004     0.91645961E-005
     0.62841346E+000     0.40238536E-005     0.43587830E-004    -0.15734103E+001     0.53104271E+000     0.78272534E-004     0.89254697E-005
     0.62878096E+000     0.39899646E-005     0.43499027E-004    -0.15706393E+001     0.52811673E+000     0.77819251E-004     0.86903029E-005
     0.62914845E+000     0.39562635E-005     0.43410522E-004    -0.15678734E+001     0.52521072E+000     0.77370009E-004     0.84590193E-005
     0.62951594E+000     0.39227491E-005     0.43322313E-004    -0.15651127E+001     0.52232451E+000     0.76924764E-004     0.82315444E-005
     0.62988344E+000     0.38894200E-005     0.43234398E-004    -0.15623572E+001     0.51945795E+000     0.76483473E-004     0.80078054E-005
     0.63025093E+000     0.38562750E-005     0.43146776E-004    -0.15596070E+001     0.51661089E+000     0.76046093E-004     0.77877308E-005
     0.63061842E+000     0.38233127E-005     0.43059446E-004    -0.15568621E+001     0.51378318E+000     0.75612580E-004     0.75712511E-005
     0.63098592E+000     0.37905320E-005     0.42972407E-004    -0.15541225E+001     0.51097467E+000     0.75182894E-004     0.73582980E-005
     0.63135341E+000     0.37579315E-005     0.42885657E-004    -0.15513882E+001     0.50818521E+000     0.74756992E-004     0.71488051E-005
     0.63172090E+000     0.37255100E-005     0.42799196E-004    -0.15486593E+001     0.50541464E+000     0.74334833E-004     0.69427071E-005
     0.63208840E+000     0.36932664E-005     0.42713021E-004    -0.15459359E+001     0.50266283E+000     0.73916376E-004     0.67399403E-005
     0.63245589E+000     0.36611993E-005     0.42627132E-004    -0.15432179E+001     0.49992963E+000     0.73501581E-004     0.65404425E-005
     0.63282338E+000     0.36293075E-005     0.42541527E-004    -0.15405054E+001     0.49721489E+000     0.73090408E-004     0.63441527E-005
     0.63319088E+000     0.35975900E-005     0.42456206E-004    -0.15377984E+001     0.49451847E+000     0.72682818E-004     0.61510113E-005
     0.63355837E+000     0.35660453E-005     0.42371166E-004    -0.15350969E+001     0.49184022E+000     0.72278772E-004     0.59609600E-005
     0.63392586E+000     0.35346725E-005     0.42286407E-004    -0.15324011E+001     0.48918002E+000     0.71878230E-004     0.57739417E-005
     0.63429336E+000     0.35034703E-005     0.42201928E-004    -0.15297108E+001     0.48653770E+000     0.71481156E-004     0.55899008E-005
     0.63466085E+000     0.34724376E-005     0.42117727E-004    -0.15270261E+001     0.48391315E+000     0.71087510E-004     0.54087825E-005
     0.63502834E+000     0.34415732E-005     0.42033803E-004    -0.15243471E+001     0.48130621E+000     0.70697257E-004     0.52305335E-005
     0.63539584E+000     0.34108759E-005     0.41950155E-004    -0.15216738E+001     0.47871676E+000     0.70310358E-004     0.50551015E-005
     0.63576333E+000     0.33803447E-005     0.41866782E-004    -0.15190061E+001     0.47614465E+000     0.69926778E-004     0.48824353E-005
     0.63613082E+000     0.33499783E-005     0.41783682E-004    -0.15163442E+001     0.47358976E+000     0.69546480E-004     0.47124848E-005
     0.63649832E+000     0.33197758E-005     0.41700855E-004    -0.15136880E+001     0.47105195E+000     0.69169429E-004     0.45452011E-005
     0.63686581E+000     0.32897360E-005     0.41618299E-004    -0.15110376E+001     0.46853108E+000     0.68795590E-004     0.43805362E-005
     0.63723330E+000     0.32598578E-005     0.41536012E-004    -0.15083930E+001     0.46602703E+000     0.68424928E-004     0.42184431E-005
     0.63760080E+000     0.32301401E-005     0.41453995E-004    -0.15057541E+001     0.46353966E+000     0.68057408E-004     0.40588759E-005
     0.63796829E+000     0.32005818E-005     0.41372246E-004    -0.15031211E+001     0.46106886E+000     0.67692996E-004     0.39017895E-005
     0.63833578E+000     0.31711819E-005     0.41290763E-004    -0.15004939E+001     0.45861448E+000     0.67331660E-004     0.37471399E-005
     0.63870328E+000     0.31419394E-005     0.41209545E-004    -0.14978726E+001     0.45617640E+000     0.66973365E-004     0.35948840E-005
     0.63907077E+000     0.31128530E-005     0.41128592E-004    -0.14952571E+001     0.45375450E+000     0.66618080E-004     0.34449795E-005
     0.63943826E+000     0.30839220E-005     0.41047902E-004    -0.14926476E+001     0.45134866E+000     0.66265771E-004     0.32973850E-005
     0.63980576E+000     0.30551451E-005     0.40967474E-004    -0.14900439E+001     0.44895874E+000     0.65916406E-004     0.31520601E-005
     0.64017325E+000     0.30265213E-005     0.40887307E-004    -0.14874461E+001     0.44658462E+000     0.65569955E-004     0.30089650E-005
     0.64054074E+000     0.29980497E-005     0.40807399E-004    -0.14848543E+001     0.44422619E+000     0.65226385E-004     0.28680608E-005
     0.64090824E+000     0.29697293E-005     0.40727751E-004    -0.14822683E+001     0.44188332E+000     0.64885666E-004     0.27293096E-005
     0.64127573E+000     0.29415590E-005     0.40648360E-004    -0.14796884E+001     0.43955589E+000     0.64547767E-004     0.25926739E-005
     0.64164322E+000     0.29135378E-005     0.40569226E-004    -0.14771144E+001     0.43724379E+000     0.64212658E-004     0.24581173E-005
     0.64201071E+000     0.28856648E-005     0.40490347E-004    -0.14745464E+001     0.43494690E+000     0.63880310E-004     0.23256040E-005
     0.64237821E+000     0.28579390E-005     0.40411722E-004    -0.14719844E+001     0.43266509E+000     0.63550693E-004     0.21950988E-005
     0.64274570E+000     0.28303595E-005     0.40333351E-004    -0.14694283E+001     0.43039826E+000     0.63223777E-004     0.20665674E-005
     0.64311319E+000     0.28029252E-005     0.40255232E-004    -0.14668783E+001     0.42814629E+000     0.62899535E-004     0.19399762E-005
     0.64348069E+000     0.27756352E-005     0.40177364E-004    -0.14643343E+001     0.42590906E+000     0.62577937E-004     0.18152921E-005
     0.64384818E+000     0.27484885E-005     0.40099746E-004    -0.14617963E+001     0.42368646E+000     0.62258956E-004     0.16924827E-005
     0.64421567E+000     0.27214843E-005     0.40022377E-004    -0.14592643E+001     0.42147839E+000     0.61942564E-004     0.15715164E-005
     0.64458317E+000     0.26946216E-005     0.39945256E-004    -0.14567384E+001     0.41928472E+000     0.61628734E-004     0.14523621E-005
     0.64495066E+000     0.26678995E-005     0.39868383E-004    -0.14542185E+001     0.41710535E+000     0.61317438E-004     0.13349892E-005
     0.64531815E+000     0.26413171E-005     0.39791755E-004    -0.14517046E+001     0.41494017E+000     0.61008651E-004     0.12193681E-005
     0.64568565E+000     0.26148734E-005     0.39715372E-004    -0.14491968E+001     0.41278907E+000     0.60702345E-004     0.11054693E-005
     0.64605314E+000     0.25885676E-005     0.39639233E-004    -0.14466951E+001     0.41065195E+000     0.60398495E-004     0.99326423E-006
     0.64642063E+000     0.25623987E-005     0.39563336E-004    -0.14441994E+001     0.40852869E+000     0.60097074E-004     0.88272466E-006
     0.64678813E+000     0.25363659E-005     0.39487682E-004    -0.14417098E+001     0.40641920E+000     0.59798058E-004     0.77382304E-006
     0.64715562E+000     0.25104683E-005     0.39412268E-004    -0.14392262E+001     0.40432336E+000     0.59501421E-004     0.66653230E-006
     0.64752311E+000     0.24847051E-005     0.39337094E-004    -0.14367487E+001     0.40224107E+000     0.59207139E-004     0.56082590E-006
     0.64789061E+000     0.24590753E-005     0.39262159E-004    -0.14342774E+001     0.40017224E+000     0.58915186E-004     0.45667783E-006
     0.64825810E+000     0.24335782E-005     0.39187461E-004    -0.14318120E+001     0.39811675E+000     0.58625540E-004     0.35406254E-006
     0.64862559E+000     0.24082128E-005     0.39113001E-004    -0.14293528E+001     0.39607451E+000     0.58338175E-004     0.25295502E-006
     0.64899309E+000     0.23829783E-005     0.39038776E-004    -0.14268996E+001     0.39404541E+000     0.58053068E-004     0.15333071E-006
     0.64936058E+000     0.23578739E-005     0.38964786E-004    -0.14244525E+001     0.39202936E+000     0.57770197E-004     0.55165506E-007
     0.64972807E+000     0.23328988E-005     0.38891030E-004    -0.14220115E+001     0.39002626E+000     0.57489537E-004    -0.41564206E-007
     0.65009557E+000     0.23080520E-005     0.38817507E-004    -0.14195766E+001     0.38803601E+000     0.57211066E-004    -0.13688161E-006
     0.65046306E+000     0.22833329E-005     0.38744216E-004    -0.14171478E+001     0.38605850E+000     0.56934762E-004    -0.23080946E-006
     0.65083055E+000     0.22587406E-005     0.38671156E-004    -0.14147250E+001     0.38409366E+000     0.56660602E-004    -0.32337007E-006
     0.65119805E+000     0.22342743E-005     0.38598325E-004    -0.14123084E+001     0.38214137E+000     0.56388565E-004    -0.41458534E-006
     0.65156554E+000     0.22099332E-005     0.38525724E-004    -0.14098978E+001     0.38020156E+000     0.56118628E-004    -0.50447674E-006
     0.65193303E+000     0.21857164E-005     0.38453351E-004    -0.14074933E+001     0.37827411E+000     0.55850770E-004    -0.59306538E-006
     0.65230053E+000     0.21616233E-005     0.38381205E-004    -0.14050948E+001     0.37635894E+000     0.55584971E-004    -0.68037194E-006
     0.65266802E+000     0.21376531E-005     0.38309286E-004    -0.14027024E+001     0.37445596E+000     0.55321208E-004    -0.76641673E-006
     0.65303551E+000     0.21138049E-005     0.38237591E-004    -0.14003161E+001     0.37256507E+000     0.55059463E-004    -0.85121970E-006
     0.65340301E+000     0.20900779E-005     0.38166121E-004    -0.13979359E+001     0.37068618E+000     0.54799713E-004    -0.93480040E-006
     0.65377050E+000     0.20664716E-005     0.38094875E-004    -0.13955617E+001     0.36881921E+000     0.54541939E-004    -0.10171780E-005
     0.65413799E+000     0.20429850E-005     0.38023851E-004    -0.13931936E+001     0.36696407E+000     0.54286122E-004    -0.10983715E-005
     0.65450549E+000     0.20196174E-005     0.37953048E-004    -0.13908316E+001     0.36512066E+000     0.54032240E-004    -0.11783992E-005
     0.65487298E+000     0.19963681E-005     0.37882466E-004    -0.13884756E+001     0.36328889E+000     0.53780276E-004    -0.12572794E-005
     0.65524047E+000     0.19732364E-005     0.37812104E-004    -0.13861256E+001     0.36146869E+000     0.53530209E-004    -0.13350300E-005
     0.65560797E+000     0.19502215E-005     0.37741961E-004    -0.13837817E+001     0.35965996E+000     0.53282021E-004    -0.14116684E-005
     0.65597546E+000     0.19273226E-005     0.37672036E-004    -0.13814438E+001     0.35786262E+000     0.53035693E-004    -0.14872118E-005
     0.65634295E+000     0.19045392E-005     0.37602328E-004    -0.13791120E+001     0.35607659E+000     0.52791206E-004    -0.15616772E-005
     0.65671044E+000     0.18818704E-005     0.37532837E-004    -0.13767862E+001     0.35430177E+000     0.52548543E-004    -0.16350810E-005
     0.65707794E+000     0.18593155E-005     0.37463560E-004    -0.13744664E+001     0.35253809E+000     0.52307684E-004    -0.17074397E-005
     0.65744543E+000     0.18368738E-005     0.37394499E-004    -0.13721526E+001     0.35078546E+000     0.52068613E-004    -0.17787692E-005
     0.65781292E+000     0.18145447E-005     0.37325650E-004    -0.13698448E+001     0.34904380E+000     0.51831311E-004    -0.18490853E-005
     0.65818042E+000     0.17923275E-005     0.37257015E-004    -0.13675430E+001     0.34731304E+000     0.51595761E-004    -0.19184033E-005
     0.65854791E+000     0.17702214E-005     0.37188591E-004    -0.13652472E+001     0.34559308E+000     0.51361946E-004    -0.19867384E-005
     0.65891540E+000     0.17482257E-005     0.37120378E-004    -0.13629574E+001     0.34388385E+000     0.51129849E-004    -0.20541055E-005
     0.65928290E+000     0.17263399E-005     0.37052375E-004    -0.13606736E+001     0.34218527E+000     0.50899452E-004    -0.21205192E-005
     0.65965039E+000     0.17045632E-005     0.36984582E-004    -0.13583958E+001     0.34049726E+000     0.50670740E-004    -0.21859940E-005
     0.66001788E+000     0.16828949E-005     0.36916997E-004    -0.13561239E+001     0.33881974E+000     0.50443696E-004    -0.22505440E-005
     0.66038538E+000     0.16613344E-005     0.36849620E-004    -0.13538580E+001     0.33715264E+000     0.50218304E-004    -0.23141829E-005
     0.66075287E+000     0.16398810E-005     0.36782449E-004    -0.13515980E+001     0.33549587E+000     0.49994546E-004    -0.23769245E-005
     0.66112036E+000     0.16185342E-005     0.36715485E-004    -0.13493440E+001     0.33384937E+000     0.49772409E-004    -0.24387821E-005
     0.66148786E+000     0.15972931E-005     0.36648725E-004    -0.13470959E+001     0.33221305E+000     0.49551876E-004    -0.24997690E-005
     0.66185535E+000     0.15761572E-005     0.36582170E-004    -0.13448537E+001     0.33058685E+000     0.49332931E-004    -0.25598980E-005
     0.66222284E+000     0.15551259E-005     0.36515818E-004    -0.13426174E+001     0.32897068E+000     0.49115560E-004    -0.26191818E-005
     0.66259034E+000     0.15341985E-005     0.36449669E-004    -0.13403870E+001     0.32736447E+000     0.48899746E-004    -0.26776330E-005
     0.66295783E+000     0.15133744E-005     0.36383721E-004    -0.13381626E+001     0.32576816E+000     0.48685476E-004    -0.27352639E-005
     0.66332532E+000     0.14926530E-005     0.36317975E-004    -0.13359440E+001     0.32418166E+000     0.48472734E-004    -0.27920864E-005
     0.66369282E+000     0.14720336E-005     0.36252428E-004    -0.13337312E+001     0.32260491E+000     0.48261506E-004    -0.28481125E-005
     0.66406031E+000     0.14515156E-005     0.36187081E-004    -0.13315244E+001     0.32103783E+000     0.48051777E-004    -0.29033538E-005
     0.66442780E+000     0.14310984E-005     0.36121933E-004    -0.13293234E+001     0.31948036E+000     0.47843533E-004    -0.29578219E-005
     0.66479530E+000     0.14107815E-005     0.36056982E-004    -0.13271283E+001     0.31793242E+000     0.47636760E-004    -0.30115279E-005
     0.66516279E+000     0.13905641E-005     0.35992229E-004    -0.13249389E+001     0.31639395E+000     0.47431445E-004    -0.30644829E-005
     0.66553028E+000     0.13704458E-005     0.35927671E-004    -0.13227555E+001     0.31486487E+000     0.47227572E-004    -0.31166979E-005
     0.66589778E+000     0.13504259E-005     0.35863309E-004    -0.13205778E+001     0.31334512E+000     0.47025129E-004    -0.31681836E-005
     0.66626527E+000     0.13305039E-005     0.35799142E-004    -0.13184059E+001     0.31183463E+000     0.46824102E-004    -0.32189504E-005
     0.66663276E+000     0.13106791E-005     0.35735169E-004    -0.13162398E+001     0.31033333E+000     0.46624478E-004    -0.32690088E-005
     0.66700026E+000     0.12909510E-005     0.35671388E-004    -0.13140795E+001     0.30884116E+000     0.46426244E-004    -0.33183689E-005
     0.66736775E+000     0.12713189E-005     0.35607800E-004    -0.13119250E+001     0.30735804E+000     0.46229387E-004    -0.33670407E-005
     0.66773524E+000     0.12517824E-005     0.35544404E-004    -0.13097762E+001     0.30588392E+000     0.46033893E-004    -0.34150341E-005
     0.66810274E+000     0.12323409E-005     0.35481198E-004    -0.13076332E+001     0.30441873E+000     0.45839751E-004    -0.34623588E-005
     0.66847023E+000     0.12129938E-005     0.35418182E-004    -0.13054959E+001     0.30296241E+000     0.45646947E-004    -0.35090243E-005
     0.66883772E+000     0.11937405E-005     0.35355356E-004    -0.13033643E+001     0.30151488E+000     0.45455469E-004    -0.35550400E-005
     0.66920522E+000     0.11745805E-005     0.35292718E-004    -0.13012385E+001     0.30007609E+000     0.45265305E-004    -0.36004151E-005
     0.66957271E+000     0.11555133E-005     0.35230267E-004    -0.12991183E+001     0.29864598E+000     0.45076443E-004    -0.36451586E-005
     0.66994020E+000     0.11365382E-005     0.35168004E-004    -0.12970039E+001     0.29722447E+000     0.44888871E-004    -0.36892795E-005
     0.67030770E+000     0.11176548E-005     0.35105927E-004    -0.12948951E+001     0.29581152E+000     0.44702576E-004    -0.37327865E-005
     0.67067519E+000     0.10988625E-005     0.35044036E-004    -0.12927919E+001     0.29440706E+000     0.44517548E-004    -0.37756883E-005
     0.67104268E+000     0.10801608E-005     0.34982330E-004    -0.12906945E+001     0.29301102E+000     0.44333775E-004    -0.38179934E-005
     0.67141018E+000     0.10615492E-005     0.34920807E-004    -0.12886026E+001     0.29162335E+000     0.44151244E-004    -0.38597101E-005
     0.67177767E+000     0.10430270E-005     0.34859468E-004    -0.12865164E+001     0.29024399E+000     0.43969946E-004    -0.39008466E-005
     0.67214516E+000     0.10245939E-005     0.34798312E-004    -0.12844358E+001     0.28887287E+000     0.43789867E-004    -0.39414110E-005
     0.67251265E+000     0.10062493E-005     0.34737338E-004    -0.12823608E+001     0.28750995E+000     0.43610999E-004    -0.39814114E-005
     0.67288015E+000     0.98799263E-006     0.34676544E-004    -0.12802914E+001     0.28615515E+000     0.43433329E-004    -0.40208554E-005
     0.67324764E+000     0.96982343E-006     0.34615932E-004    -0.12782276E+001     0.28480843E+000     0.43256847E-004    -0.40597508E-005
     0.67361513E+000     0.95174118E-006     0.34555499E-004    -0.12761693E+001     0.28346973E+000     0.43081541E-004    -0.40981053E-005
     0.67398263E+000     0.93374539E-006     0.34495245E-004    -0.12741166E+001     0.28213898E+000     0.42907402E-004    -0.41359262E-005
     0.67435012E+000     0.91583554E-006     0.34435170E-004    -0.12720694E+001     0.28081614E+000     0.42734420E-004    -0.41732209E-005
     0.67471761E+000     0.89801114E-006     0.34375272E-004    -0.12700278E+001     0.27950114E+000     0.42562582E-004    -0.42099967E-005
     0.67508511E+000     0.88027171E-006     0.34315551E-004    -0.12679916E+001     0.27819393E+000     0.42391880E-004    -0.42462606E-005
     0.67545260E+000     0.86261675E-006     0.34256007E-004    -0.12659610E+001     0.27689446E+000     0.42222303E-004    -0.42820196E-005
     0.67582009E+000     0.84504577E-006     0.34196638E-004    -0.12639358E+001     0.27560266E+000     0.42053842E-004    -0.43172807E-005
     0.67618759E+000     0.82755830E-006     0.34137444E-004    -0.12619161E+001     0.27431850E+000     0.41886485E-004    -0.43520506E-005
     0.67655508E+000     0.81015385E-006     0.34078424E-004    -0.12599019E+001     0.27304190E+000     0.41720224E-004    -0.43863360E-005
     0.67692257E+000     0.79283195E-006     0.34019578E-004    -0.12578931E+001     0.27177283E+000     0.41555049E-004    -0.44201435E-005
     0.67729007E+000     0.77559213E-006     0.33960905E-004    -0.12558897E+001     0.27051122E+000     0.41390950E-004    -0.44534796E-005
     0.67765756E+000     0.75843392E-006     0.33902404E-004    -0.12538918E+001     0.26925703E+000     0.41227918E-004    -0.44863506E-005
     0.67802505E+000     0.74135685E-006     0.33844074E-004    -0.12518992E+001     0.26801019E+000     0.41065943E-004    -0.45187628E-005
     0.67839255E+000     0.72436047E-006     0.33785916E-004    -0.12499120E+001     0.26677067E+000     0.40905016E-004    -0.45507224E-005
     0.67876004E+000     0.70744431E-006     0.33727927E-004    -0.12479303E+001     0.26553841E+000     0.40745128E-004    -0.45822354E-005
     0.67912753E+000     0.69060791E-006     0.33670108E-004    -0.12459538E+001     0.26431335E+000     0.40586270E-004    -0.46133079E-005
     0.67949503E+000     0.67385083E-006     0.33612459E-004    -0.12439828E+001     0.26309545E+000     0.40428433E-004    -0.46439458E-005
     0.67986252E+000     0.65717262E-006     0.33554977E-004    -0.12420170E+001     0.26188466E+000     0.40271608E-004    -0.46741548E-005
     0.68023001E+000     0.64057283E-006     0.33497663E-004    -0.12400566E+001     0.26068093E+000     0.40115785E-004    -0.47039407E-005
     0.68059751E+000     0.62405102E-006     0.33440516E-004    -0.12381015E+001     0.25948421E+000     0.39960958E-004    -0.47333091E-005
     0.68096500E+000     0.60760674E-006     0.33383535E-004    -0.12361517E+001     0.25829445E+000     0.39807116E-004    -0.47622656E-005
     0.68133249E+000     0.59123957E-006     0.33326720E-004    -0.12342071E+001     0.25711159E+000     0.39654251E-004    -0.47908156E-005
     0.68169999E+000     0.57494906E-006     0.33270070E-004    -0.12322678E+001     0.25593561E+000     0.39502356E-004    -0.48189645E-005
     0.68206748E+000     0.55873479E-006     0.33213584E-004    -0.12303338E+001     0.25476644E+000     0.39351421E-004    -0.48467176E-005
     0.68243497E+000     0.54259634E-006     0.33157262E-004    -0.12284050E+001     0.25360403E+000     0.39201439E-004    -0.48740801E-005
     0.68280247E+000     0.52653327E-006     0.33101103E-004    -0.12264814E+001     0.25244835E+000     0.39052401E-004    -0.49010572E-005
     0.68316996E+000     0.51054516E-006     0.33045107E-004    -0.12245630E+001     0.25129935E+000     0.38904299E-004    -0.49276540E-005
     0.68353745E+000     0.49463160E-006     0.32989272E-004    -0.12226498E+001     0.25015697E+000     0.38757125E-004    -0.49538753E-005
     0.68390495E+000     0.47879217E-006     0.32933599E-004    -0.12207418E+001     0.24902118E+000     0.38610872E-004    -0.49797262E-005
     0.68427244E+000     0.46302646E-006     0.32878086E-004    -0.12188390E+001     0.24789193E+000     0.38465531E-004    -0.50052115E-005
     0.68463993E+000     0.44733406E-006     0.32822734E-004    -0.12169413E+001     0.24676917E+000     0.38321095E-004    -0.50303359E-005
     0.68500743E+000     0.43171456E-006     0.32767541E-004    -0.12150487E+001     0.24565286E+000     0.38177556E-004    -0.50551042E-005
     0.68537492E+000     0.41616755E-006     0.32712506E-004    -0.12131613E+001     0.24454296E+000     0.38034907E-004    -0.50795209E-005
     0.68574241E+000     0.40069264E-006     0.32657630E-004    -0.12112790E+001     0.24343941E+000     0.37893140E-004    -0.51035907E-005
     0.68610991E+000     0.38528943E-006     0.32602912E-004    -0.12094017E+001     0.24234218E+000     0.37752248E-004    -0.51273181E-005
     0.68647740E+000     0.36995751E-006     0.32548350E-004    -0.12075296E+001     0.24125123E+000     0.37612223E-004    -0.51507074E-005
     0.68684489E+000     0.35469651E-006     0.32493945E-004    -0.12056625E+001     0.24016650E+000     0.37473059E-004    -0.51737631E-005
     0.68721239E+000     0.33950602E-006     0.32439695E-004    -0.12038004E+001     0.23908797E+000     0.37334747E-004    -0.51964893E-005
     0.68757988E+000     0.32438566E-006     0.32385601E-004    -0.12019434E+001     0.23801558E+000     0.37197281E-004    -0.52188905E-005
     0.68794737E+000     0.30933505E-006     0.32331662E-004    -0.12000914E+001     0.23694930E+000     0.37060655E-004    -0.52409707E-005
     0.68831486E+000     0.29435379E-006     0.32277876E-004    -0.11982444E+001     0.23588908E+000     0.36924860E-004    -0.52627341E-005
     0.68868236E+000     0.27944152E-006     0.32224244E-004    -0.11964024E+001     0.23483488E+000     0.36789890E-004    -0.52841847E-005
     0.68904985E+000     0.26459786E-006     0.32170765E-004    -0.11945654E+001     0.23378666E+000     0.36655738E-004    -0.53053266E-005
     0.68941734E+000     0.24982242E-006     0.32117438E-004    -0.11927333E+001     0.23274438E+000     0.36522398E-004    -0.53261636E-005
     0.68978484E+000     0.23511484E-006     0.32064263E-004    -0.11909062E+001     0.23170800E+000     0.36389863E-004    -0.53466997E-005
     0.69015233E+000     0.22047475E-006     0.32011238E-004    -0.11890840E+001     0.23067748E+000     0.36258126E-004    -0.53669386E-005
     0.69051982E+000     0.20590177E-006     0.31958365E-004    -0.11872667E+001     0.22965278E+000     0.36127180E-004    -0.53868842E-005
     0.69088732E+000     0.19139556E-006     0.31905641E-004    -0.11854544E+001     0.22863387E+000     0.35997020E-004    -0.54065402E-005
     0.69125481E+000     0.17695574E-006     0.31853067E-004    -0.11836469E+001     0.22762069E+000     0.35867639E-004    -0.54259102E-005
     0.69162230E+000     0.16258195E-006     0.31800642E-004    -0.11818443E+001     0.22661322E+000     0.35739030E-004    -0.54449979E-005
     0.69198980E+000     0.14827384E-006     0.31748365E-004    -0.11800466E+001     0.22561142E+000     0.35611188E-004    -0.54638068E-005
     0.69235729E+000     0.13403105E-006     0.31696236E-004    -0.11782537E+001     0.22461524E+000     0.35484105E-004    -0.54823404E-005
     0.69272478E+000     0.11985323E-006     0.31644253E-004    -0.11764656E+001     0.22362465E+000     0.35357776E-004    -0.55006022E-005
     0.69309228E+000     0.10574003E-006     0.31592418E-004    -0.11746824E+001     0.22263961E+000     0.35232195E-004    -0.55185957E-005
     0.69345977E+000     0.91691104E-007     0.31540729E-004    -0.11729039E+001     0.22166009E+000     0.35107356E-004    -0.55363241E-005
     0.69382726E+000     0.77706101E-007     0.31489185E-004    -0.11711303E+001     0.22068605E+000     0.34983253E-004    -0.55537908E-005
     0.69419476E+000     0.63784681E-007     0.31437786E-004    -0.11693614E+001     0.21971745E+000     0.34859880E-004    -0.55709991E-005
     0.69456225E+000     0.49926502E-007     0.31386532E-004    -0.11675973E+001     0.21875425E+000     0.34737231E-004    -0.55879522E-005
     0.69492974E+000     0.36131228E-007     0.31335421E-004    -0.11658379E+001     0.21779642E+000     0.34615300E-004    -0.56046533E-005
     0.69529724E+000     0.22398520E-007     0.31284454E-004    -0.11640833E+001     0.21684393E+000     0.34494081E-004    -0.56211055E-005
     0.69566473E+000     0.87280446E-008     0.31233630E-004    -0.11623334E+001     0.21589673E+000     0.34373570E-004    -0.56373119E-005
     0.69603222E+000    -0.48805295E-008     0.31182948E-004    -0.11605881E+001     0.21495479E+000     0.34253759E-004    -0.56532756E-005
     0.69639972E+000    -0.18427532E-007     0.31132408E-004    -0.11588476E+001     0.21401809E+000     0.34134645E-004    -0.56689995E-005
     0.69676721E+000    -0.31913291E-007     0.31082009E-004    -0.11571117E+001     0.21308657E+000     0.34016221E-004    -0.56844867E-005
     0.69713470E+000    -0.45338132E-007     0.31031750E-004    -0.11553805E+001     0.21216022E+000     0.33898481E-004    -0.56997401E-005
     0.69750220E+000    -0.58702377E-007     0.30981632E-004    -0.11536540E+001     0.21123899E+000     0.33781421E-004    -0.57147626E-005
     0.69786969E+000    -0.72006348E-007     0.30931654E-004    -0.11519320E+001     0.21032285E+000     0.33665035E-004    -0.57295569E-005
     0.69823718E+000    -0.85250364E-007     0.30881815E-004    -0.11502147E+001     0.20941177E+000     0.33549318E-004    -0.57441259E-005
     0.69860468E+000    -0.98434741E-007     0.30832114E-004    -0.11485020E+001     0.20850571E+000     0.33434265E-004    -0.57584725E-005
     0.69897217E+000    -0.11155979E-006     0.30782552E-004    -0.11467939E+001     0.20760465E+000     0.33319869E-004    -0.57725992E-005
     0.69933966E+000    -0.12462584E-006     0.30733127E-004    -0.11450903E+001     0.20670854E+000     0.33206127E-004    -0.57865089E-005
     0.69970716E+000    -0.13763318E-006     0.30683839E-004    -0.11433913E+001     0.20581736E+000     0.33093033E-004    -0.58002041E-005
     0.70007465E+000    -0.15058213E-006     0.30634688E-004    -0.11416969E+001     0.20493107E+000     0.32980583E-004    -0.58136876E-005
     0.70044214E+000    -0.16347299E-006     0.30585673E-004    -0.11400070E+001     0.20404964E+000     0.32868770E-004    -0.58269618E-005
     0.70080964E+000    -0.17630608E-006     0.30536793E-004    -0.11383216E+001     0.20317304E+000     0.32757591E-004    -0.58400293E-005
     0.70117713E+000    -0.18908168E-006     0.30488049E-004    -0.11366407E+001     0.20230124E+000     0.32647040E-004    -0.58528927E-005
     0.70154462E+000    -0.20180011E-006     0.30439439E-004    -0.11349642E+001     0.20143421E+000     0.32537112E-004    -0.58655544E-005
     0.70191212E+000    -0.21446166E-006     0.30390963E-004    -0.11332923E+001     0.20057192E+000     0.32427803E-004    -0.58780168E-005
     0.70227961E+000    -0.22706663E-006     0.30342621E-004    -0.11316248E+001     0.19971432E+000     0.32319108E-004    -0.58902825E-005
     0.70264710E+000    -0.23961531E-006     0.30294412E-004    -0.11299618E+001     0.19886141E+000     0.32211022E-004    -0.59023538E-005
     0.70301459E+000    -0.25210800E-006     0.30246335E-004    -0.11283032E+001     0.19801313E+000     0.32103541E-004    -0.59142330E-005
     0.70338209E+000    -0.26454498E-006     0.30198391E-004    -0.11266490E+001     0.19716947E+000     0.31996660E-004    -0.59259224E-005
     0.70374958E+000    -0.27692655E-006     0.30150578E-004    -0.11249992E+001     0.19633040E+000     0.31890374E-004    -0.59374244E-005
     0.70411707E+000    -0.28925299E-006     0.30102896E-004    -0.11233538E+001     0.19549587E+000     0.31784680E-004    -0.59487412E-005
     0.70448457E+000    -0.30152459E-006     0.30055345E-004    -0.11217128E+001     0.19466588E+000     0.31679571E-004    -0.59598751E-005
     0.70485206E+000    -0.31374163E-006     0.30007925E-004    -0.11200761E+001     0.19384038E+000     0.31575045E-004    -0.59708282E-005
     0.70521955E+000    -0.32590440E-006     0.29960634E-004    -0.11184438E+001     0.19301934E+000     0.31471096E-004    -0.59816026E-005
     0.70558705E+000    -0.33801316E-006     0.29913472E-004    -0.11168159E+001     0.19220275E+000     0.31367720E-004    -0.59922007E-005
     0.70595454E+000    -0.35006822E-006     0.29866439E-004    -0.11151922E+001     0.19139056E+000     0.31264914E-004    -0.60026244E-005
     0.70632203E+000    -0.36206982E-006     0.29819534E-004    -0.11135729E+001     0.19058275E+000     0.31162672E-004    -0.60128759E-005
     0.70668953E+000    -0.37401827E-006     0.29772757E-004    -0.11119578E+001     0.18977930E+000     0.31060990E-004    -0.60229572E-005
     0.70705702E+000    -0.38591381E-006     0.29726108E-004    -0.11103470E+001     0.18898017E+000     0.30959865E-004    -0.60328703E-005
     0.70742451E+000    -0.39775674E-006     0.29679585E-004    -0.11087405E+001     0.18818534E+000     0.30859291E-004    -0.60426173E-005
     0.70779201E+000    -0.40954731E-006     0.29633189E-004    -0.11071383E+001     0.18739478E+000     0.30759266E-004    -0.60522001E-005
     0.70815950E+000    -0.42128579E-006     0.29586919E-004    -0.11055402E+001     0.18660847E+000     0.30659784E-004    -0.60616207E-005
     0.70852699E+000    -0.43297246E-006     0.29540774E-004    -0.11039464E+001     0.18582636E+000     0.30560843E-004    -0.60708810E-005
     0.70889449E+000    -0.44460757E-006     0.29494755E-004    -0.11023568E+001     0.18504845E+000     0.30462437E-004    -0.60799830E-005
     0.70926198E+000    -0.45619138E-006     0.29448860E-004    -0.11007715E+001     0.18427470E+000     0.30364563E-004    -0.60889284E-005
     0.70962947E+000    -0.46772417E-006     0.29403089E-004    -0.10991903E+001     0.18350509E+000     0.30267217E-004    -0.60977193E-005
     0.70999697E+000    -0.47920618E-006     0.29357442E-004    -0.10976132E+001     0.18273958E+000     0.30170396E-004    -0.61063573E-005
     0.71036446E+000    -0.49063767E-006     0.29311918E-004    -0.10960403E+001     0.18197816E+000     0.30074094E-004    -0.61148443E-005
     0.71073195E+000    -0.50201891E-006     0.29266517E-004    -0.10944716E+001     0.18122079E+000     0.29978309E-004    -0.61231820E-005
     0.71109945E+000    -0.51335014E-006     0.29221238E-004    -0.10929070E+001     0.18046746E+000     0.29883036E-004    -0.61313724E-005
     0.71146694E+000    -0.52463162E-006     0.29176082E-004    -0.10913465E+001     0.17971813E+000     0.29788273E-004    -0.61394170E-005
     0.71183443E+000    -0.53586360E-006     0.29131046E-004    -0.10897901E+001     0.17897278E+000     0.29694014E-004    -0.61473176E-005
     0.71220193E+000    -0.54704632E-006     0.29086132E-004    -0.10882378E+001     0.17823139E+000     0.29600258E-004    -0.61550759E-005
     0.71256942E+000    -0.55818005E-006     0.29041339E-004    -0.10866896E+001     0.17749394E+000     0.29506999E-004    -0.61626935E-005
     0.71293691E+000    -0.56926502E-006     0.28996665E-004    -0.10851454E+001     0.17676038E+000     0.29414234E-004    -0.61701722E-005
     0.71330441E+000    -0.58030148E-006     0.28952112E-004    -0.10836053E+001     0.17603071E+000     0.29321960E-004    -0.61775135E-005
     0.71367190E+000    -0.59128967E-006     0.28907677E-004    -0.10820692E+001     0.17530490E+000     0.29230173E-004    -0.61847191E-005
     0.71403939E+000    -0.60222983E-006     0.28863362E-004    -0.10805372E+001     0.17458292E+000     0.29138869E-004    -0.61917906E-005
     0.71440689E+000    -0.61312221E-006     0.28819165E-004    -0.10790091E+001     0.17386475E+000     0.29048046E-004    -0.61987294E-005
     0.71477438E+000    -0.62396705E-006     0.28775086E-004    -0.10774851E+001     0.17315036E+000     0.28957700E-004    -0.62055372E-005
     0.71514187E+000    -0.63476457E-006     0.28731125E-004    -0.10759650E+001     0.17243974E+000     0.28867826E-004    -0.62122156E-005
     0.71550937E+000    -0.64551503E-006     0.28687281E-004    -0.10744489E+001     0.17173285E+000     0.28778423E-004    -0.62187659E-005
     0.71587686E+000    -0.65621864E-006     0.28643553E-004    -0.10729368E+001     0.17102968E+000     0.28689486E-004    -0.62251898E-005
     0.71624435E+000    -0.66687566E-006     0.28599942E-004    -0.10714286E+001     0.17033020E+000     0.28601013E-004    -0.62314886E-005
     0.71661185E+000    -0.67748629E-006     0.28556447E-004    -0.10699244E+001     0.16963439E+000     0.28512999E-004    -0.62376639E-005
     0.71697934E+000    -0.68805079E-006     0.28513068E-004    -0.10684240E+001     0.16894223E+000     0.28425442E-004    -0.62437170E-005
     0.71734683E+000    -0.69856937E-006     0.28469803E-004    -0.10669276E+001     0.16825369E+000     0.28338338E-004    -0.62496494E-005
     0.71771433E+000    -0.70904227E-006     0.28426654E-004    -0.10654350E+001     0.16756875E+000     0.28251685E-004    -0.62554625E-005
     0.71808182E+000    -0.71946971E-006     0.28383618E-004    -0.10639464E+001     0.16688739E+000     0.28165478E-004    -0.62611577E-005
     0.71844931E+000    -0.72985191E-006     0.28340697E-004    -0.10624616E+001     0.16620959E+000     0.28079716E-004    -0.62667364E-005
     0.71881680E+000    -0.74018910E-006     0.28297889E-004    -0.10609807E+001     0.16553532E+000     0.27994394E-004    -0.62721998E-005
     0.71918430E+000    -0.75048150E-006     0.28255194E-004    -0.10595036E+001     0.16486457E+000     0.27909510E-004    -0.62775493E-005
     0.71955179E+000    -0.76072933E-006     0.28212611E-004    -0.10580303E+001     0.16419731E+000     0.27825060E-004    -0.62827863E-005
     0.71991928E+000    -0.77093281E-006     0.28170141E-004    -0.10565609E+001     0.16353351E+000     0.27741042E-004    -0.62879121E-005
     0.72028678E+000    -0.78109216E-006     0.28127783E-004    -0.10550952E+001     0.16287317E+000     0.27657453E-004    -0.62929279E-005
     0.72065427E+000    -0.79120759E-006     0.28085536E-004    -0.10536334E+001     0.16221625E+000     0.27574289E-004    -0.62978349E-005
     0.72102176E+000    -0.80127933E-006     0.28043401E-004    -0.10521753E+001     0.16156274E+000     0.27491547E-004    -0.63026346E-005
     0.72138926E+000    -0.81130758E-006     0.28001376E-004    -0.10507210E+001     0.16091262E+000     0.27409225E-004    -0.63073280E-005
     0.72175675E+000    -0.82129255E-006     0.27959461E-004    -0.10492705E+001     0.16026586E+000     0.27327320E-004    -0.63119164E-005
     0.72212424E+000    -0.83123446E-006     0.27917657E-004    -0.10478237E+001     0.15962244E+000     0.27245829E-004    -0.63164011E-005
     0.72249174E+000    -0.84113352E-006     0.27875962E-004    -0.10463806E+001     0.15898235E+000     0.27164749E-004    -0.63207831E-005
     0.72285923E+000    -0.85098994E-006     0.27834376E-004    -0.10449412E+001     0.15834556E+000     0.27084077E-004    -0.63250638E-005
     0.72322672E+000    -0.86080393E-006     0.27792898E-004    -0.10435056E+001     0.15771206E+000     0.27003810E-004    -0.63292442E-005
     0.72359422E+000    -0.87057568E-006     0.27751529E-004    -0.10420736E+001     0.15708182E+000     0.26923946E-004    -0.63333256E-005
     0.72396171E+000    -0.88030541E-006     0.27710269E-004    -0.10406453E+001     0.15645482E+000     0.26844482E-004    -0.63373089E-005
     0.72432920E+000    -0.88999332E-006     0.27669115E-004    -0.10392207E+001     0.15583105E+000     0.26765414E-004    -0.63411955E-005
     0.72469670E+000    -0.89963962E-006     0.27628069E-004    -0.10377998E+001     0.15521048E+000     0.26686741E-004    -0.63449863E-005
     0.72506419E+000    -0.90924450E-006     0.27587130E-004    -0.10363825E+001     0.15459310E+000     0.26608460E-004    -0.63486825E-005
     0.72543168E+000    -0.91880816E-006     0.27546297E-004    -0.10349688E+001     0.15397888E+000     0.26530568E-004    -0.63522852E-005
     0.72579918E+000    -0.92833081E-006     0.27505571E-004    -0.10335587E+001     0.15336782E+000     0.26453062E-004    -0.63557953E-005
     0.72616667E+000    -0.93781264E-006     0.27464950E-004    -0.10321523E+001     0.15275987E+000     0.26375939E-004    -0.63592141E-005
     0.72653416E+000    -0.94725385E-006     0.27424434E-004    -0.10307494E+001     0.15215504E+000     0.26299198E-004    -0.63625425E-005
     0.72690166E+000    -0.95665463E-006     0.27384024E-004    -0.10293502E+001     0.15155330E+000     0.26222836E-004    -0.63657815E-005
     0.72726915E+000    -0.96601518E-006     0.27343718E-004    -0.10279545E+001     0.15095463E+000     0.26146849E-004    -0.63689323E-005
     0.72763664E+000    -0.97533570E-006     0.27303516E-004    -0.10265623E+001     0.15035902E+000     0.26071236E-004    -0.63719957E-005
     0.72800414E+000    -0.98461637E-006     0.27263419E-004    -0.10251738E+001     0.14976643E+000     0.25995994E-004    -0.63749728E-005
     0.72837163E+000    -0.99385738E-006     0.27223424E-004    -0.10237887E+001     0.14917687E+000     0.25921120E-004    -0.63778645E-005
     0.72873912E+000    -0.10030589E-005     0.27183533E-004    -0.10224072E+001     0.14859031E+000     0.25846612E-004    -0.63806719E-005
     0.72910662E+000    -0.10122212E-005     0.27143745E-004    -0.10210292E+001     0.14800672E+000     0.25772468E-004    -0.63833959E-005
     0.72947411E+000    -0.10213444E-005     0.27104060E-004    -0.10196547E+001     0.14742610E+000     0.25698685E-004    -0.63860375E-005
     0.72984160E+000    -0.10304287E-005     0.27064476E-004    -0.10182837E+001     0.14684843E+000     0.25625261E-004    -0.63885975E-005
     0.73020910E+000    -0.10394742E-005     0.27024994E-004    -0.10169161E+001     0.14627368E+000     0.25552193E-004    -0.63910769E-005
     0.73057659E+000    -0.10484813E-005     0.26985614E-004    -0.10155521E+001     0.14570184E+000     0.25479479E-004    -0.63934767E-005
     0.73094408E+000    -0.10574500E-005     0.26946334E-004    -0.10141915E+001     0.14513290E+000     0.25407116E-004    -0.63957977E-005
     0.73131158E+000    -0.10663805E-005     0.26907155E-004    -0.10128343E+001     0.14456684E+000     0.25335103E-004    -0.63980408E-005
     0.73167907E+000    -0.10752730E-005     0.26868077E-004    -0.10114806E+001     0.14400363E+000     0.25263437E-004    -0.64002069E-005
     0.73204656E+000    -0.10841277E-005     0.26829099E-004    -0.10101302E+001     0.14344326E+000     0.25192115E-004    -0.64022969E-005
     0.73241406E+000    -0.10929448E-005     0.26790220E-004    -0.10087833E+001     0.14288572E+000     0.25121136E-004    -0.64043117E-005
     0.73278155E+000    -0.11017245E-005     0.26751440E-004    -0.10074398E+001     0.14233099E+000     0.25050497E-004    -0.64062520E-005
     0.73314904E+000    -0.11104669E-005     0.26712760E-004    -0.10060997E+001     0.14177906E+000     0.24980196E-004    -0.64081188E-005
     0.73351654E+000    -0.11191722E-005     0.26674178E-004    -0.10047630E+001     0.14122989E+000     0.24910231E-004    -0.64099129E-005
     0.73388403E+000    -0.11278405E-005     0.26635694E-004    -0.10034296E+001     0.14068349E+000     0.24840599E-004    -0.64116350E-005
     0.73425152E+000    -0.11364721E-005     0.26597309E-004    -0.10020996E+001     0.14013983E+000     0.24771298E-004    -0.64132861E-005
