#      omega [at.u.]      x,real [at.u.]      x,imag [at.u.]      y,real [at.u.]      y,imag [at.u.]      z,real [at.u.]      z,imag [at.u.]
    -0.10828788E+001     0.19053792E-003     0.31430352E-006    -0.13089940E+001    -0.13702894E-003     0.20221123E-003     0.23326120E-006
    -0.10821189E+001     0.19053790E-003     0.94292055E-006    -0.13089993E+001    -0.41109070E-003     0.20221252E-003     0.69979171E-006
    -0.10813589E+001     0.19053788E-003     0.15715666E-005    -0.13090099E+001    -0.68516409E-003     0.20221511E-003     0.11663465E-005
    -0.10805990E+001     0.19053785E-003     0.22002605E-005    -0.13090257E+001    -0.95925688E-003     0.20221898E-003     0.16329418E-005
    -0.10798391E+001     0.19053780E-003     0.28290195E-005    -0.13090468E+001    -0.12333768E-002     0.20222414E-003     0.20995937E-005
    -0.10790792E+001     0.19053773E-003     0.34578606E-005    -0.13090733E+001    -0.15075317E-002     0.20223060E-003     0.25663185E-005
    -0.10783193E+001     0.19053765E-003     0.40868033E-005    -0.13091050E+001    -0.17817292E-002     0.20223835E-003     0.30331324E-005
    -0.10775594E+001     0.19053756E-003     0.47158651E-005    -0.13091419E+001    -0.20559772E-002     0.20224739E-003     0.35000516E-005
    -0.10767994E+001     0.19053745E-003     0.53450656E-005    -0.13091842E+001    -0.23302834E-002     0.20225772E-003     0.39670923E-005
    -0.10760395E+001     0.19053731E-003     0.59744237E-005    -0.13092318E+001    -0.26046556E-002     0.20226934E-003     0.44342708E-005
    -0.10752796E+001     0.19053716E-003     0.66039559E-005    -0.13092846E+001    -0.28791015E-002     0.20228225E-003     0.49016033E-005
    -0.10745197E+001     0.19053698E-003     0.72336786E-005    -0.13093427E+001    -0.31536290E-002     0.20229646E-003     0.53691060E-005
    -0.10737598E+001     0.19053678E-003     0.78636042E-005    -0.13094061E+001    -0.34282458E-002     0.20231195E-003     0.58367952E-005
    -0.10729999E+001     0.19053657E-003     0.84937545E-005    -0.13094748E+001    -0.37029597E-002     0.20232874E-003     0.63046872E-005
    -0.10722400E+001     0.19053633E-003     0.91241529E-005    -0.13095488E+001    -0.39777786E-002     0.20234682E-003     0.67727982E-005
    -0.10714800E+001     0.19053607E-003     0.97548183E-005    -0.13096281E+001    -0.42527102E-002     0.20236619E-003     0.72411446E-005
    -0.10707201E+001     0.19053578E-003     0.10385770E-004    -0.13097127E+001    -0.45277623E-002     0.20238685E-003     0.77097428E-005
    -0.10699602E+001     0.19053545E-003     0.11017027E-004    -0.13098026E+001    -0.48029428E-002     0.20240880E-003     0.81786089E-005
    -0.10692003E+001     0.19053510E-003     0.11648605E-004    -0.13098977E+001    -0.50782595E-002     0.20243204E-003     0.86477595E-005
    -0.10684404E+001     0.19053470E-003     0.12280516E-004    -0.13099982E+001    -0.53537202E-002     0.20245658E-003     0.91172109E-005
    -0.10676805E+001     0.19053427E-003     0.12912779E-004    -0.13101040E+001    -0.56293328E-002     0.20248240E-003     0.95869794E-005
    -0.10669206E+001     0.19053380E-003     0.13545417E-004    -0.13102151E+001    -0.59051051E-002     0.20250952E-003     0.10057082E-004
    -0.10661606E+001     0.19053330E-003     0.14178451E-004    -0.13103314E+001    -0.61810449E-002     0.20253793E-003     0.10527534E-004
    -0.10654007E+001     0.19053274E-003     0.14811900E-004    -0.13104531E+001    -0.64571603E-002     0.20256763E-003     0.10998353E-004
    -0.10646408E+001     0.19053213E-003     0.15445777E-004    -0.13105801E+001    -0.67334590E-002     0.20259862E-003     0.11469554E-004
    -0.10638809E+001     0.19053148E-003     0.16080097E-004    -0.13107124E+001    -0.70099489E-002     0.20263090E-003     0.11941156E-004
    -0.10631210E+001     0.19053077E-003     0.16714881E-004    -0.13108501E+001    -0.72866380E-002     0.20266447E-003     0.12413173E-004
    -0.10623611E+001     0.19053000E-003     0.17350148E-004    -0.13109930E+001    -0.75635342E-002     0.20269933E-003     0.12885624E-004
    -0.10616011E+001     0.19052918E-003     0.17985915E-004    -0.13111412E+001    -0.78406454E-002     0.20273549E-003     0.13358523E-004
    -0.10608412E+001     0.19052830E-003     0.18622203E-004    -0.13112948E+001    -0.81179796E-002     0.20277293E-003     0.13831889E-004
    -0.10600813E+001     0.19052735E-003     0.19259035E-004    -0.13114537E+001    -0.83955447E-002     0.20281167E-003     0.14305737E-004
    -0.10593214E+001     0.19052633E-003     0.19896428E-004    -0.13116180E+001    -0.86733486E-002     0.20285169E-003     0.14780085E-004
    -0.10585615E+001     0.19052524E-003     0.20534400E-004    -0.13117875E+001    -0.89513995E-002     0.20289301E-003     0.15254949E-004
    -0.10578016E+001     0.19052407E-003     0.21172968E-004    -0.13119624E+001    -0.92297053E-002     0.20293562E-003     0.15730345E-004
    -0.10570417E+001     0.19052281E-003     0.21812150E-004    -0.13121426E+001    -0.95082740E-002     0.20297952E-003     0.16206292E-004
    -0.10562817E+001     0.19052145E-003     0.22451962E-004    -0.13123282E+001    -0.97871137E-002     0.20302471E-003     0.16682805E-004
    -0.10555218E+001     0.19052001E-003     0.23092420E-004    -0.13125191E+001    -0.10066232E-001     0.20307119E-003     0.17159902E-004
    -0.10547619E+001     0.19051847E-003     0.23733542E-004    -0.13127154E+001    -0.10345638E-001     0.20311896E-003     0.17637600E-004
    -0.10540020E+001     0.19051684E-003     0.24375348E-004    -0.13129170E+001    -0.10625339E-001     0.20316802E-003     0.18115915E-004
    -0.10532421E+001     0.19051510E-003     0.25017863E-004    -0.13131240E+001    -0.10905344E-001     0.20321837E-003     0.18594864E-004
    -0.10524822E+001     0.19051326E-003     0.25661107E-004    -0.13133363E+001    -0.11185659E-001     0.20327001E-003     0.19074465E-004
    -0.10517223E+001     0.19051130E-003     0.26305095E-004    -0.13135540E+001    -0.11466295E-001     0.20332294E-003     0.19554735E-004
    -0.10509623E+001     0.19050922E-003     0.26949847E-004    -0.13137770E+001    -0.11747258E-001     0.20337716E-003     0.20035692E-004
    -0.10502024E+001     0.19050701E-003     0.27595380E-004    -0.13140054E+001    -0.12028557E-001     0.20343267E-003     0.20517351E-004
    -0.10494425E+001     0.19050467E-003     0.28241713E-004    -0.13142392E+001    -0.12310200E-001     0.20348947E-003     0.20999731E-004
    -0.10486826E+001     0.19050219E-003     0.28888862E-004    -0.13144784E+001    -0.12592195E-001     0.20354756E-003     0.21482848E-004
    -0.10479227E+001     0.19049957E-003     0.29536849E-004    -0.13147230E+001    -0.12874552E-001     0.20360694E-003     0.21966721E-004
    -0.10471628E+001     0.19049679E-003     0.30185693E-004    -0.13149729E+001    -0.13157277E-001     0.20366761E-003     0.22451367E-004
    -0.10464028E+001     0.19049386E-003     0.30835410E-004    -0.13152282E+001    -0.13440379E-001     0.20372957E-003     0.22936803E-004
    -0.10456429E+001     0.19049076E-003     0.31486014E-004    -0.13154890E+001    -0.13723867E-001     0.20379282E-003     0.23423047E-004
    -0.10448830E+001     0.19048749E-003     0.32137523E-004    -0.13157551E+001    -0.14007749E-001     0.20385735E-003     0.23910116E-004
    -0.10441231E+001     0.19048404E-003     0.32789954E-004    -0.13160266E+001    -0.14292033E-001     0.20392318E-003     0.24398028E-004
    -0.10433632E+001     0.19048043E-003     0.33443329E-004    -0.13163036E+001    -0.14576728E-001     0.20399029E-003     0.24886801E-004
    -0.10426033E+001     0.19047662E-003     0.34097670E-004    -0.13165860E+001    -0.14861842E-001     0.20405869E-003     0.25376453E-004
    -0.10418434E+001     0.19047263E-003     0.34752995E-004    -0.13168738E+001    -0.15147383E-001     0.20412838E-003     0.25867001E-004
    -0.10410834E+001     0.19046845E-003     0.35409325E-004    -0.13171670E+001    -0.15433361E-001     0.20419935E-003     0.26358463E-004
    -0.10403235E+001     0.19046406E-003     0.36066683E-004    -0.13174656E+001    -0.15719783E-001     0.20427162E-003     0.26850858E-004
    -0.10395636E+001     0.19045945E-003     0.36725092E-004    -0.13177697E+001    -0.16006658E-001     0.20434517E-003     0.27344204E-004
    -0.10388037E+001     0.19045461E-003     0.37384562E-004    -0.13180793E+001    -0.16293995E-001     0.20442000E-003     0.27838518E-004
    -0.10380438E+001     0.19044955E-003     0.38045112E-004    -0.13183942E+001    -0.16581802E-001     0.20449613E-003     0.28333818E-004
    -0.10372839E+001     0.19044424E-003     0.38706764E-004    -0.13187147E+001    -0.16870088E-001     0.20457354E-003     0.28830124E-004
    -0.10365240E+001     0.19043868E-003     0.39369535E-004    -0.13190406E+001    -0.17158861E-001     0.20465223E-003     0.29327453E-004
    -0.10357640E+001     0.19043287E-003     0.40033442E-004    -0.13193719E+001    -0.17448131E-001     0.20473221E-003     0.29825825E-004
    -0.10350041E+001     0.19042678E-003     0.40698501E-004    -0.13197088E+001    -0.17737905E-001     0.20481348E-003     0.30325256E-004
    -0.10342442E+001     0.19042042E-003     0.41364730E-004    -0.13200511E+001    -0.18028193E-001     0.20489603E-003     0.30825766E-004
    -0.10334843E+001     0.19041379E-003     0.42032147E-004    -0.13203989E+001    -0.18319004E-001     0.20497986E-003     0.31327374E-004
    -0.10327244E+001     0.19040686E-003     0.42700775E-004    -0.13207522E+001    -0.18610346E-001     0.20506498E-003     0.31830098E-004
    -0.10319645E+001     0.19039964E-003     0.43370637E-004    -0.13211110E+001    -0.18902227E-001     0.20515139E-003     0.32333958E-004
    -0.10312046E+001     0.19039211E-003     0.44041749E-004    -0.13214753E+001    -0.19194658E-001     0.20523907E-003     0.32838971E-004
    -0.10304446E+001     0.19038427E-003     0.44714129E-004    -0.13218451E+001    -0.19487647E-001     0.20532804E-003     0.33345157E-004
    -0.10296847E+001     0.19037610E-003     0.45387799E-004    -0.13222205E+001    -0.19781203E-001     0.20541829E-003     0.33852536E-004
    -0.10289248E+001     0.19036759E-003     0.46062775E-004    -0.13226013E+001    -0.20075334E-001     0.20550982E-003     0.34361125E-004
    -0.10281649E+001     0.19035873E-003     0.46739079E-004    -0.13229877E+001    -0.20370050E-001     0.20560263E-003     0.34870945E-004
    -0.10274050E+001     0.19034952E-003     0.47416729E-004    -0.13233796E+001    -0.20665360E-001     0.20569673E-003     0.35382014E-004
    -0.10266451E+001     0.19033994E-003     0.48095736E-004    -0.13237771E+001    -0.20961273E-001     0.20579210E-003     0.35894353E-004
    -0.10258851E+001     0.19032998E-003     0.48776123E-004    -0.13241802E+001    -0.21257799E-001     0.20588875E-003     0.36407980E-004
    -0.10251252E+001     0.19031964E-003     0.49457914E-004    -0.13245888E+001    -0.21554945E-001     0.20598668E-003     0.36922915E-004
    -0.10243653E+001     0.19030891E-003     0.50141130E-004    -0.13250029E+001    -0.21852722E-001     0.20608589E-003     0.37439179E-004
    -0.10236054E+001     0.19029776E-003     0.50825790E-004    -0.13254227E+001    -0.22151139E-001     0.20618638E-003     0.37956790E-004
    -0.10228455E+001     0.19028620E-003     0.51511907E-004    -0.13258480E+001    -0.22450205E-001     0.20628814E-003     0.38475768E-004
    -0.10220856E+001     0.19027420E-003     0.52199502E-004    -0.13262789E+001    -0.22749929E-001     0.20639118E-003     0.38996135E-004
    -0.10213257E+001     0.19026177E-003     0.52888599E-004    -0.13267155E+001    -0.23050321E-001     0.20649549E-003     0.39517908E-004
    -0.10205657E+001     0.19024888E-003     0.53579220E-004    -0.13271576E+001    -0.23351390E-001     0.20660107E-003     0.40041110E-004
    -0.10198058E+001     0.19023551E-003     0.54271373E-004    -0.13276053E+001    -0.23653146E-001     0.20670793E-003     0.40565759E-004
    -0.10190459E+001     0.19022167E-003     0.54965076E-004    -0.13280587E+001    -0.23955598E-001     0.20681607E-003     0.41091878E-004
    -0.10182860E+001     0.19020735E-003     0.55660355E-004    -0.13285177E+001    -0.24258756E-001     0.20692547E-003     0.41619485E-004
    -0.10175261E+001     0.19019252E-003     0.56357232E-004    -0.13289824E+001    -0.24562629E-001     0.20703614E-003     0.42148601E-004
    -0.10167662E+001     0.19017718E-003     0.57055724E-004    -0.13294527E+001    -0.24867227E-001     0.20714809E-003     0.42679248E-004
    -0.10160063E+001     0.19016131E-003     0.57755849E-004    -0.13299287E+001    -0.25172560E-001     0.20726130E-003     0.43211446E-004
    -0.10152463E+001     0.19014490E-003     0.58457625E-004    -0.13304103E+001    -0.25478637E-001     0.20737578E-003     0.43745216E-004
    -0.10144864E+001     0.19012794E-003     0.59161073E-004    -0.13308976E+001    -0.25785468E-001     0.20749152E-003     0.44280578E-004
    -0.10137265E+001     0.19011041E-003     0.59866213E-004    -0.13313906E+001    -0.26093063E-001     0.20760853E-003     0.44817556E-004
    -0.10129666E+001     0.19009230E-003     0.60573064E-004    -0.13318893E+001    -0.26401432E-001     0.20772681E-003     0.45356168E-004
    -0.10122067E+001     0.19007359E-003     0.61281646E-004    -0.13323937E+001    -0.26710585E-001     0.20784634E-003     0.45896437E-004
    -0.10114468E+001     0.19005428E-003     0.61991978E-004    -0.13329039E+001    -0.27020531E-001     0.20796714E-003     0.46438385E-004
    -0.10106868E+001     0.19003435E-003     0.62704081E-004    -0.13334197E+001    -0.27331281E-001     0.20808920E-003     0.46982033E-004
    -0.10099269E+001     0.19001378E-003     0.63417975E-004    -0.13339413E+001    -0.27642846E-001     0.20821252E-003     0.47527402E-004
    -0.10091670E+001     0.18999256E-003     0.64133678E-004    -0.13344686E+001    -0.27955234E-001     0.20833709E-003     0.48074515E-004
    -0.10084071E+001     0.18997068E-003     0.64851209E-004    -0.13350017E+001    -0.28268456E-001     0.20846293E-003     0.48623393E-004
    -0.10076472E+001     0.18994811E-003     0.65570588E-004    -0.13355405E+001    -0.28582523E-001     0.20859001E-003     0.49174059E-004
    -0.10068873E+001     0.18992484E-003     0.66291835E-004    -0.13360852E+001    -0.28897444E-001     0.20871835E-003     0.49726535E-004
    -0.10061274E+001     0.18990087E-003     0.67014969E-004    -0.13366356E+001    -0.29213231E-001     0.20884794E-003     0.50280844E-004
    -0.10053674E+001     0.18987616E-003     0.67740013E-004    -0.13371918E+001    -0.29529892E-001     0.20897878E-003     0.50837007E-004
    -0.10046075E+001     0.18985071E-003     0.68466985E-004    -0.13377538E+001    -0.29847440E-001     0.20911087E-003     0.51395047E-004
    -0.10038476E+001     0.18982450E-003     0.69195901E-004    -0.13383216E+001    -0.30165884E-001     0.20924420E-003     0.51954988E-004
    -0.10030877E+001     0.18979751E-003     0.69926781E-004    -0.13388952E+001    -0.30485236E-001     0.20937878E-003     0.52516852E-004
    -0.10023278E+001     0.18976973E-003     0.70659651E-004    -0.13394747E+001    -0.30805505E-001     0.20951460E-003     0.53080661E-004
    -0.10015679E+001     0.18974112E-003     0.71394527E-004    -0.13400600E+001    -0.31126702E-001     0.20965167E-003     0.53646441E-004
    -0.10008080E+001     0.18971169E-003     0.72131419E-004    -0.13406512E+001    -0.31448838E-001     0.20978997E-003     0.54214212E-004
    -0.10000480E+001     0.18968141E-003     0.72870346E-004    -0.13412483E+001    -0.31771924E-001     0.20992951E-003     0.54784000E-004
    -0.99928812E+000     0.18965027E-003     0.73611333E-004    -0.13418512E+001    -0.32095971E-001     0.21007028E-003     0.55355828E-004
    -0.99852821E+000     0.18961825E-003     0.74354402E-004    -0.13424600E+001    -0.32420989E-001     0.21021229E-003     0.55929719E-004
    -0.99776829E+000     0.18958534E-003     0.75099573E-004    -0.13430748E+001    -0.32746990E-001     0.21035552E-003     0.56505697E-004
    -0.99700838E+000     0.18955151E-003     0.75846870E-004    -0.13436954E+001    -0.33073985E-001     0.21049999E-003     0.57083787E-004
    -0.99624846E+000     0.18951675E-003     0.76596309E-004    -0.13443220E+001    -0.33401985E-001     0.21064568E-003     0.57664012E-004
    -0.99548855E+000     0.18948102E-003     0.77347908E-004    -0.13449545E+001    -0.33731001E-001     0.21079259E-003     0.58246397E-004
    -0.99472863E+000     0.18944432E-003     0.78101685E-004    -0.13455930E+001    -0.34061044E-001     0.21094072E-003     0.58830966E-004
    -0.99396872E+000     0.18940663E-003     0.78857662E-004    -0.13462374E+001    -0.34392125E-001     0.21109008E-003     0.59417744E-004
    -0.99320880E+000     0.18936793E-003     0.79615858E-004    -0.13468878E+001    -0.34724257E-001     0.21124064E-003     0.60006757E-004
    -0.99244889E+000     0.18932819E-003     0.80376291E-004    -0.13475442E+001    -0.35057450E-001     0.21139243E-003     0.60598027E-004
    -0.99168897E+000     0.18928739E-003     0.81138980E-004    -0.13482066E+001    -0.35391715E-001     0.21154542E-003     0.61191582E-004
    -0.99092906E+000     0.18924553E-003     0.81903946E-004    -0.13488750E+001    -0.35727066E-001     0.21169962E-003     0.61787446E-004
    -0.99016914E+000     0.18920257E-003     0.82671211E-004    -0.13495494E+001    -0.36063512E-001     0.21185502E-003     0.62385644E-004
    -0.98940923E+000     0.18915850E-003     0.83440800E-004    -0.13502299E+001    -0.36401067E-001     0.21201162E-003     0.62986203E-004
    -0.98864931E+000     0.18911329E-003     0.84212734E-004    -0.13509164E+001    -0.36739741E-001     0.21216943E-003     0.63589147E-004
    -0.98788940E+000     0.18906690E-003     0.84987024E-004    -0.13516090E+001    -0.37079547E-001     0.21232843E-003     0.64194503E-004
    -0.98712948E+000     0.18901932E-003     0.85763684E-004    -0.13523076E+001    -0.37420497E-001     0.21248862E-003     0.64802298E-004
    -0.98636957E+000     0.18897054E-003     0.86542733E-004    -0.13530124E+001    -0.37762602E-001     0.21264999E-003     0.65412556E-004
    -0.98560966E+000     0.18892052E-003     0.87324189E-004    -0.13537232E+001    -0.38105874E-001     0.21281256E-003     0.66025305E-004
    -0.98484974E+000     0.18886925E-003     0.88108070E-004    -0.13544402E+001    -0.38450327E-001     0.21297630E-003     0.66640571E-004
    -0.98408983E+000     0.18881671E-003     0.88894398E-004    -0.13551633E+001    -0.38795972E-001     0.21314122E-003     0.67258381E-004
    -0.98332991E+000     0.18876287E-003     0.89683198E-004    -0.13558925E+001    -0.39142821E-001     0.21330732E-003     0.67878763E-004
    -0.98257000E+000     0.18870771E-003     0.90474487E-004    -0.13566279E+001    -0.39490887E-001     0.21347459E-003     0.68501742E-004
    -0.98181008E+000     0.18865120E-003     0.91268280E-004    -0.13573695E+001    -0.39840182E-001     0.21364302E-003     0.69127347E-004
    -0.98105017E+000     0.18859332E-003     0.92064595E-004    -0.13581172E+001    -0.40190719E-001     0.21381262E-003     0.69755604E-004
    -0.98029025E+000     0.18853404E-003     0.92863450E-004    -0.13588712E+001    -0.40542511E-001     0.21398337E-003     0.70386543E-004
    -0.97953034E+000     0.18847335E-003     0.93664864E-004    -0.13596313E+001    -0.40895570E-001     0.21415528E-003     0.71020189E-004
    -0.97877042E+000     0.18841121E-003     0.94468859E-004    -0.13603977E+001    -0.41249908E-001     0.21432834E-003     0.71656573E-004
    -0.97801051E+000     0.18834760E-003     0.95275456E-004    -0.13611703E+001    -0.41605540E-001     0.21450254E-003     0.72295721E-004
    -0.97725059E+000     0.18828250E-003     0.96084676E-004    -0.13619492E+001    -0.41962478E-001     0.21467789E-003     0.72937662E-004
    -0.97649068E+000     0.18821587E-003     0.96896539E-004    -0.13627344E+001    -0.42320735E-001     0.21485437E-003     0.73582425E-004
    -0.97573076E+000     0.18814769E-003     0.97711059E-004    -0.13635259E+001    -0.42680324E-001     0.21503198E-003     0.74230039E-004
    -0.97497085E+000     0.18807793E-003     0.98528255E-004    -0.13643236E+001    -0.43041259E-001     0.21521072E-003     0.74880533E-004
    -0.97421093E+000     0.18800656E-003     0.99348146E-004    -0.13651277E+001    -0.43403552E-001     0.21539058E-003     0.75533935E-004
    -0.97345102E+000     0.18793354E-003     0.10017075E-003    -0.13659381E+001    -0.43767217E-001     0.21557155E-003     0.76190275E-004
    -0.97269110E+000     0.18785886E-003     0.10099608E-003    -0.13667548E+001    -0.44132268E-001     0.21575364E-003     0.76849584E-004
    -0.97193119E+000     0.18778248E-003     0.10182415E-003    -0.13675779E+001    -0.44498718E-001     0.21593683E-003     0.77511890E-004
    -0.97117127E+000     0.18770438E-003     0.10265497E-003    -0.13684074E+001    -0.44866581E-001     0.21612112E-003     0.78177223E-004
    -0.97041136E+000     0.18762453E-003     0.10348858E-003    -0.13692433E+001    -0.45235871E-001     0.21630651E-003     0.78845615E-004
    -0.96965144E+000     0.18754290E-003     0.10432498E-003    -0.13700856E+001    -0.45606602E-001     0.21649298E-003     0.79517095E-004
    -0.96889153E+000     0.18745947E-003     0.10516420E-003    -0.13709344E+001    -0.45978787E-001     0.21668054E-003     0.80191693E-004
    -0.96813161E+000     0.18737420E-003     0.10600625E-003    -0.13717895E+001    -0.46352440E-001     0.21686918E-003     0.80869442E-004
    -0.96737170E+000     0.18728705E-003     0.10685116E-003    -0.13726512E+001    -0.46727576E-001     0.21705888E-003     0.81550371E-004
    -0.96661178E+000     0.18719800E-003     0.10769893E-003    -0.13735193E+001    -0.47104210E-001     0.21724965E-003     0.82234513E-004
    -0.96585187E+000     0.18710701E-003     0.10854959E-003    -0.13743939E+001    -0.47482354E-001     0.21744147E-003     0.82921897E-004
    -0.96509195E+000     0.18701406E-003     0.10940315E-003    -0.13752750E+001    -0.47862025E-001     0.21763435E-003     0.83612557E-004
    -0.96433204E+000     0.18691911E-003     0.11025963E-003    -0.13761627E+001    -0.48243236E-001     0.21782827E-003     0.84306525E-004
    -0.96357212E+000     0.18682212E-003     0.11111904E-003    -0.13770568E+001    -0.48626002E-001     0.21802323E-003     0.85003831E-004
    -0.96281221E+000     0.18672306E-003     0.11198140E-003    -0.13779576E+001    -0.49010338E-001     0.21821922E-003     0.85704509E-004
    -0.96205229E+000     0.18662191E-003     0.11284672E-003    -0.13788649E+001    -0.49396258E-001     0.21841623E-003     0.86408591E-004
    -0.96129238E+000     0.18651863E-003     0.11371502E-003    -0.13797788E+001    -0.49783778E-001     0.21861425E-003     0.87116110E-004
    -0.96053246E+000     0.18641318E-003     0.11458632E-003    -0.13806994E+001    -0.50172913E-001     0.21881329E-003     0.87827099E-004
    -0.95977255E+000     0.18630553E-003     0.11546063E-003    -0.13816266E+001    -0.50563678E-001     0.21901332E-003     0.88541592E-004
    -0.95901263E+000     0.18619564E-003     0.11633797E-003    -0.13825604E+001    -0.50956088E-001     0.21921434E-003     0.89259621E-004
    -0.95825272E+000     0.18608349E-003     0.11721835E-003    -0.13835009E+001    -0.51350159E-001     0.21941635E-003     0.89981220E-004
    -0.95749280E+000     0.18596903E-003     0.11810180E-003    -0.13844480E+001    -0.51745905E-001     0.21961934E-003     0.90706424E-004
    -0.95673289E+000     0.18585223E-003     0.11898831E-003    -0.13854019E+001    -0.52143344E-001     0.21982329E-003     0.91435267E-004
    -0.95597297E+000     0.18573305E-003     0.11987792E-003    -0.13863625E+001    -0.52542490E-001     0.22002820E-003     0.92167782E-004
    -0.95521306E+000     0.18561144E-003     0.12077064E-003    -0.13873298E+001    -0.52943359E-001     0.22023406E-003     0.92904005E-004
    -0.95445314E+000     0.18548738E-003     0.12166648E-003    -0.13883039E+001    -0.53345968E-001     0.22044086E-003     0.93643971E-004
    -0.95369323E+000     0.18536082E-003     0.12256545E-003    -0.13892848E+001    -0.53750332E-001     0.22064859E-003     0.94387714E-004
    -0.95293331E+000     0.18523173E-003     0.12346756E-003    -0.13902725E+001    -0.54156467E-001     0.22085725E-003     0.95135271E-004
    -0.95217340E+000     0.18510005E-003     0.12437282E-003    -0.13912670E+001    -0.54564390E-001     0.22106681E-003     0.95886676E-004
    -0.95141348E+000     0.18496576E-003     0.12528125E-003    -0.13922683E+001    -0.54974118E-001     0.22127728E-003     0.96641965E-004
    -0.95065357E+000     0.18482883E-003     0.12619286E-003    -0.13932765E+001    -0.55385667E-001     0.22148864E-003     0.97401176E-004
    -0.94989365E+000     0.18468920E-003     0.12710765E-003    -0.13942915E+001    -0.55799053E-001     0.22170088E-003     0.98164343E-004
    -0.94913374E+000     0.18454686E-003     0.12802565E-003    -0.13953135E+001    -0.56214293E-001     0.22191400E-003     0.98931504E-004
    -0.94837382E+000     0.18440174E-003     0.12894688E-003    -0.13963423E+001    -0.56631405E-001     0.22212797E-003     0.99702695E-004
    -0.94761391E+000     0.18425381E-003     0.12987134E-003    -0.13973781E+001    -0.57050404E-001     0.22234280E-003     0.10047795E-003
    -0.94685399E+000     0.18410302E-003     0.13079903E-003    -0.13984209E+001    -0.57471310E-001     0.22255846E-003     0.10125732E-003
    -0.94609408E+000     0.18394933E-003     0.13172998E-003    -0.13994706E+001    -0.57894138E-001     0.22277496E-003     0.10204083E-003
    -0.94533416E+000     0.18379271E-003     0.13266419E-003    -0.14005273E+001    -0.58318906E-001     0.22299227E-003     0.10282851E-003
    -0.94457425E+000     0.18363311E-003     0.13360168E-003    -0.14015911E+001    -0.58745632E-001     0.22321038E-003     0.10362042E-003
    -0.94381433E+000     0.18347047E-003     0.13454245E-003    -0.14026618E+001    -0.59174334E-001     0.22342928E-003     0.10441658E-003
    -0.94305442E+000     0.18330476E-003     0.13548651E-003    -0.14037397E+001    -0.59605028E-001     0.22364897E-003     0.10521704E-003
    -0.94229450E+000     0.18313594E-003     0.13643387E-003    -0.14048246E+001    -0.60037734E-001     0.22386942E-003     0.10602184E-003
    -0.94153459E+000     0.18296396E-003     0.13738454E-003    -0.14059166E+001    -0.60472470E-001     0.22409063E-003     0.10683101E-003
    -0.94077467E+000     0.18278877E-003     0.13833852E-003    -0.14070157E+001    -0.60909253E-001     0.22431258E-003     0.10764459E-003
    -0.94001476E+000     0.18261034E-003     0.13929582E-003    -0.14081220E+001    -0.61348101E-001     0.22453526E-003     0.10846262E-003
    -0.93925484E+000     0.18242861E-003     0.14025646E-003    -0.14092354E+001    -0.61789034E-001     0.22475865E-003     0.10928515E-003
    -0.93849493E+000     0.18224355E-003     0.14122044E-003    -0.14103560E+001    -0.62232071E-001     0.22498274E-003     0.11011221E-003
    -0.93773501E+000     0.18205510E-003     0.14218776E-003    -0.14114839E+001    -0.62677229E-001     0.22520752E-003     0.11094385E-003
    -0.93697510E+000     0.18186321E-003     0.14315845E-003    -0.14126189E+001    -0.63124527E-001     0.22543297E-003     0.11178010E-003
    -0.93621519E+000     0.18166784E-003     0.14413250E-003    -0.14137612E+001    -0.63573986E-001     0.22565908E-003     0.11262101E-003
    -0.93545527E+000     0.18146894E-003     0.14510991E-003    -0.14149108E+001    -0.64025624E-001     0.22588584E-003     0.11346662E-003
    -0.93469536E+000     0.18126645E-003     0.14609069E-003    -0.14160677E+001    -0.64479460E-001     0.22611322E-003     0.11431696E-003
    -0.93393544E+000     0.18106034E-003     0.14707484E-003    -0.14172319E+001    -0.64935514E-001     0.22634121E-003     0.11517209E-003
    -0.93317553E+000     0.18085055E-003     0.14806237E-003    -0.14184034E+001    -0.65393806E-001     0.22656980E-003     0.11603204E-003
    -0.93241561E+000     0.18063702E-003     0.14905328E-003    -0.14195823E+001    -0.65854355E-001     0.22679897E-003     0.11689685E-003
    -0.93165570E+000     0.18041972E-003     0.15004758E-003    -0.14207686E+001    -0.66317182E-001     0.22702870E-003     0.11776658E-003
    -0.93089578E+000     0.18019859E-003     0.15104525E-003    -0.14219624E+001    -0.66782306E-001     0.22725898E-003     0.11864126E-003
    -0.93013587E+000     0.17997359E-003     0.15204631E-003    -0.14231635E+001    -0.67249748E-001     0.22748979E-003     0.11952093E-003
    -0.92937595E+000     0.17974466E-003     0.15305077E-003    -0.14243721E+001    -0.67719528E-001     0.22772112E-003     0.12040564E-003
    -0.92861604E+000     0.17951174E-003     0.15405862E-003    -0.14255882E+001    -0.68191667E-001     0.22795293E-003     0.12129544E-003
    -0.92785612E+000     0.17927479E-003     0.15506986E-003    -0.14268118E+001    -0.68666186E-001     0.22818523E-003     0.12219036E-003
    -0.92709621E+000     0.17903374E-003     0.15608448E-003    -0.14280429E+001    -0.69143105E-001     0.22841798E-003     0.12309046E-003
    -0.92633629E+000     0.17878857E-003     0.15710249E-003    -0.14292816E+001    -0.69622446E-001     0.22865118E-003     0.12399577E-003
    -0.92557638E+000     0.17853920E-003     0.15812389E-003    -0.14305279E+001    -0.70104230E-001     0.22888479E-003     0.12490634E-003
    -0.92481646E+000     0.17828559E-003     0.15914867E-003    -0.14317817E+001    -0.70588478E-001     0.22911881E-003     0.12582223E-003
    -0.92405655E+000     0.17802767E-003     0.16017685E-003    -0.14330433E+001    -0.71075212E-001     0.22935321E-003     0.12674346E-003
    -0.92329663E+000     0.17776539E-003     0.16120839E-003    -0.14343124E+001    -0.71564454E-001     0.22958797E-003     0.12767010E-003
    -0.92253672E+000     0.17749870E-003     0.16224330E-003    -0.14355892E+001    -0.72056225E-001     0.22982307E-003     0.12860218E-003
    -0.92177680E+000     0.17722755E-003     0.16328158E-003    -0.14368738E+001    -0.72550547E-001     0.23005849E-003     0.12953975E-003
    -0.92101689E+000     0.17695189E-003     0.16432322E-003    -0.14381661E+001    -0.73047444E-001     0.23029421E-003     0.13048287E-003
    -0.92025697E+000     0.17667165E-003     0.16536821E-003    -0.14394661E+001    -0.73546937E-001     0.23053021E-003     0.13143157E-003
    -0.91949706E+000     0.17638678E-003     0.16641655E-003    -0.14407739E+001    -0.74049049E-001     0.23076646E-003     0.13238591E-003
    -0.91873714E+000     0.17609724E-003     0.16746823E-003    -0.14420895E+001    -0.74553803E-001     0.23100295E-003     0.13334592E-003
    -0.91797723E+000     0.17580295E-003     0.16852324E-003    -0.14434130E+001    -0.75061221E-001     0.23123965E-003     0.13431167E-003
    -0.91721731E+000     0.17550387E-003     0.16958158E-003    -0.14447443E+001    -0.75571328E-001     0.23147653E-003     0.13528320E-003
    -0.91645740E+000     0.17519992E-003     0.17064323E-003    -0.14460835E+001    -0.76084145E-001     0.23171358E-003     0.13626056E-003
    -0.91569748E+000     0.17489107E-003     0.17170818E-003    -0.14474307E+001    -0.76599698E-001     0.23195077E-003     0.13724379E-003
    -0.91493757E+000     0.17457725E-003     0.17277643E-003    -0.14487857E+001    -0.77118009E-001     0.23218808E-003     0.13823296E-003
    -0.91417765E+000     0.17425840E-003     0.17384795E-003    -0.14501488E+001    -0.77639103E-001     0.23242548E-003     0.13922810E-003
    -0.91341774E+000     0.17393447E-003     0.17492275E-003    -0.14515198E+001    -0.78163003E-001     0.23266294E-003     0.14022926E-003
    -0.91265782E+000     0.17360539E-003     0.17600079E-003    -0.14528988E+001    -0.78689734E-001     0.23290044E-003     0.14123650E-003
    -0.91189791E+000     0.17327110E-003     0.17708206E-003    -0.14542859E+001    -0.79219320E-001     0.23313796E-003     0.14224988E-003
    -0.91113799E+000     0.17293156E-003     0.17816656E-003    -0.14556811E+001    -0.79751787E-001     0.23337546E-003     0.14326943E-003
    -0.91037808E+000     0.17258671E-003     0.17925426E-003    -0.14570844E+001    -0.80287158E-001     0.23361292E-003     0.14429521E-003
    -0.90961816E+000     0.17223647E-003     0.18034515E-003    -0.14584959E+001    -0.80825459E-001     0.23385032E-003     0.14532727E-003
    -0.90885825E+000     0.17188080E-003     0.18143920E-003    -0.14599155E+001    -0.81366716E-001     0.23408762E-003     0.14636567E-003
    -0.90809833E+000     0.17151963E-003     0.18253640E-003    -0.14613432E+001    -0.81910953E-001     0.23432480E-003     0.14741046E-003
    -0.90733842E+000     0.17115291E-003     0.18363673E-003    -0.14627792E+001    -0.82458197E-001     0.23456182E-003     0.14846168E-003
    -0.90657850E+000     0.17078057E-003     0.18474017E-003    -0.14642235E+001    -0.83008474E-001     0.23479866E-003     0.14951940E-003
    -0.90581859E+000     0.17040256E-003     0.18584669E-003    -0.14656760E+001    -0.83561809E-001     0.23503530E-003     0.15058366E-003
    -0.90505867E+000     0.17001881E-003     0.18695628E-003    -0.14671369E+001    -0.84118228E-001     0.23527169E-003     0.15165453E-003
    -0.90429876E+000     0.16962928E-003     0.18806890E-003    -0.14686061E+001    -0.84677760E-001     0.23550780E-003     0.15273204E-003
    -0.90353884E+000     0.16923389E-003     0.18918452E-003    -0.14700836E+001    -0.85240429E-001     0.23574361E-003     0.15381627E-003
    -0.90277893E+000     0.16883260E-003     0.19030313E-003    -0.14715696E+001    -0.85806263E-001     0.23597909E-003     0.15490726E-003
    -0.90201901E+000     0.16842534E-003     0.19142470E-003    -0.14730640E+001    -0.86375290E-001     0.23621420E-003     0.15600507E-003
    -0.90125910E+000     0.16801206E-003     0.19254921E-003    -0.14745668E+001    -0.86947537E-001     0.23644890E-003     0.15710975E-003
    -0.90049918E+000     0.16759269E-003     0.19367662E-003    -0.14760781E+001    -0.87523031E-001     0.23668317E-003     0.15822136E-003
    -0.89973927E+000     0.16716717E-003     0.19480690E-003    -0.14775980E+001    -0.88101800E-001     0.23691697E-003     0.15933995E-003
    -0.89897935E+000     0.16673545E-003     0.19594003E-003    -0.14791264E+001    -0.88683873E-001     0.23715027E-003     0.16046559E-003
    -0.89821944E+000     0.16629747E-003     0.19707597E-003    -0.14806634E+001    -0.89269277E-001     0.23738302E-003     0.16159833E-003
    -0.89745952E+000     0.16585317E-003     0.19821469E-003    -0.14822089E+001    -0.89858042E-001     0.23761521E-003     0.16273822E-003
    -0.89669961E+000     0.16540249E-003     0.19935616E-003    -0.14837632E+001    -0.90450195E-001     0.23784678E-003     0.16388532E-003
    -0.89593969E+000     0.16494537E-003     0.20050035E-003    -0.14853261E+001    -0.91045767E-001     0.23807770E-003     0.16503969E-003
    -0.89517978E+000     0.16448174E-003     0.20164720E-003    -0.14868977E+001    -0.91644786E-001     0.23830794E-003     0.16620140E-003
    -0.89441986E+000     0.16401155E-003     0.20279669E-003    -0.14884781E+001    -0.92247282E-001     0.23853745E-003     0.16737049E-003
    -0.89365995E+000     0.16353476E-003     0.20394878E-003    -0.14900672E+001    -0.92853284E-001     0.23876621E-003     0.16854702E-003
    -0.89290003E+000     0.16305130E-003     0.20510343E-003    -0.14916652E+001    -0.93462823E-001     0.23899416E-003     0.16973107E-003
    -0.89214012E+000     0.16256110E-003     0.20626061E-003    -0.14932719E+001    -0.94075929E-001     0.23922127E-003     0.17092267E-003
    -0.89138020E+000     0.16206411E-003     0.20742026E-003    -0.14948876E+001    -0.94692633E-001     0.23944749E-003     0.17212190E-003
    -0.89062029E+000     0.16156027E-003     0.20858234E-003    -0.14965121E+001    -0.95312964E-001     0.23967279E-003     0.17332882E-003
    -0.88986037E+000     0.16104955E-003     0.20974681E-003    -0.14981456E+001    -0.95936954E-001     0.23989713E-003     0.17454348E-003
    -0.88910046E+000     0.16053187E-003     0.21091362E-003    -0.14997881E+001    -0.96564635E-001     0.24012046E-003     0.17576594E-003
    -0.88834054E+000     0.16000720E-003     0.21208275E-003    -0.15014396E+001    -0.97196038E-001     0.24034274E-003     0.17699628E-003
    -0.88758063E+000     0.15947545E-003     0.21325414E-003    -0.15031001E+001    -0.97831194E-001     0.24056392E-003     0.17823454E-003
    -0.88682072E+000     0.15893658E-003     0.21442773E-003    -0.15047696E+001    -0.98470136E-001     0.24078397E-003     0.17948079E-003
    -0.88606080E+000     0.15839053E-003     0.21560347E-003    -0.15064483E+001    -0.99112896E-001     0.24100283E-003     0.18073510E-003
    -0.88530089E+000     0.15783727E-003     0.21678133E-003    -0.15081361E+001    -0.99759506E-001     0.24122045E-003     0.18199752E-003
    -0.88454097E+000     0.15727672E-003     0.21796124E-003    -0.15098332E+001    -0.10041000E+000     0.24143681E-003     0.18326812E-003
    -0.88378106E+000     0.15670884E-003     0.21914316E-003    -0.15115394E+001    -0.10106441E+000     0.24165183E-003     0.18454696E-003
    -0.88302114E+000     0.15613357E-003     0.22032701E-003    -0.15132548E+001    -0.10172277E+000     0.24186549E-003     0.18583411E-003
    -0.88226123E+000     0.15555089E-003     0.22151276E-003    -0.15149796E+001    -0.10238511E+000     0.24207772E-003     0.18712963E-003
    -0.88150131E+000     0.15496073E-003     0.22270035E-003    -0.15167136E+001    -0.10305148E+000     0.24228848E-003     0.18843358E-003
    -0.88074140E+000     0.15436304E-003     0.22388973E-003    -0.15184571E+001    -0.10372189E+000     0.24249772E-003     0.18974603E-003
    -0.87998148E+000     0.15375776E-003     0.22508084E-003    -0.15202099E+001    -0.10439639E+000     0.24270539E-003     0.19106704E-003
    -0.87922157E+000     0.15314486E-003     0.22627361E-003    -0.15219721E+001    -0.10507501E+000     0.24291143E-003     0.19239668E-003
    -0.87846165E+000     0.15252429E-003     0.22746799E-003    -0.15237438E+001    -0.10575779E+000     0.24311579E-003     0.19373502E-003
    -0.87770174E+000     0.15189601E-003     0.22866391E-003    -0.15255250E+001    -0.10644476E+000     0.24331843E-003     0.19508212E-003
    -0.87694182E+000     0.15125996E-003     0.22986131E-003    -0.15273158E+001    -0.10713595E+000     0.24351928E-003     0.19643804E-003
    -0.87618191E+000     0.15061612E-003     0.23106013E-003    -0.15291161E+001    -0.10783141E+000     0.24371829E-003     0.19780286E-003
    -0.87542199E+000     0.14996443E-003     0.23226032E-003    -0.15309260E+001    -0.10853118E+000     0.24391540E-003     0.19917665E-003
    -0.87466208E+000     0.14930485E-003     0.23346179E-003    -0.15327456E+001    -0.10923527E+000     0.24411056E-003     0.20055946E-003
    -0.87390216E+000     0.14863734E-003     0.23466450E-003    -0.15345749E+001    -0.10994374E+000     0.24430371E-003     0.20195137E-003
    -0.87314225E+000     0.14796186E-003     0.23586837E-003    -0.15364139E+001    -0.11065662E+000     0.24449479E-003     0.20335244E-003
    -0.87238233E+000     0.14727836E-003     0.23707333E-003    -0.15382627E+001    -0.11137395E+000     0.24468374E-003     0.20476275E-003
    -0.87162242E+000     0.14658681E-003     0.23827931E-003    -0.15401213E+001    -0.11209577E+000     0.24487051E-003     0.20618236E-003
    -0.87086250E+000     0.14588719E-003     0.23948623E-003    -0.15419897E+001    -0.11282211E+000     0.24505502E-003     0.20761135E-003
    -0.87010259E+000     0.14517945E-003     0.24069402E-003    -0.15438680E+001    -0.11355301E+000     0.24523723E-003     0.20904978E-003
    -0.86934267E+000     0.14446357E-003     0.24190263E-003    -0.15457563E+001    -0.11428851E+000     0.24541706E-003     0.21049772E-003
    -0.86858276E+000     0.14373952E-003     0.24311197E-003    -0.15476545E+001    -0.11502866E+000     0.24559445E-003     0.21195524E-003
    -0.86782284E+000     0.14300726E-003     0.24432197E-003    -0.15495627E+001    -0.11577348E+000     0.24576934E-003     0.21342241E-003
    -0.86706293E+000     0.14226677E-003     0.24553256E-003    -0.15514809E+001    -0.11652303E+000     0.24594165E-003     0.21489932E-003
    -0.86630301E+000     0.14151801E-003     0.24674367E-003    -0.15534092E+001    -0.11727734E+000     0.24611134E-003     0.21638601E-003
    -0.86554310E+000     0.14076096E-003     0.24795522E-003    -0.15553477E+001    -0.11803644E+000     0.24627832E-003     0.21788258E-003
    -0.86478318E+000     0.13999560E-003     0.24916713E-003    -0.15572963E+001    -0.11880039E+000     0.24644253E-003     0.21938908E-003
    -0.86402327E+000     0.13922190E-003     0.25037933E-003    -0.15592552E+001    -0.11956923E+000     0.24660389E-003     0.22090560E-003
    -0.86326335E+000     0.13843985E-003     0.25159173E-003    -0.15612243E+001    -0.12034299E+000     0.24676235E-003     0.22243221E-003
    -0.86250344E+000     0.13764941E-003     0.25280427E-003    -0.15632036E+001    -0.12112171E+000     0.24691782E-003     0.22396897E-003
    -0.86174352E+000     0.13685058E-003     0.25401685E-003    -0.15651934E+001    -0.12190545E+000     0.24707023E-003     0.22551597E-003
    -0.86098361E+000     0.13604334E-003     0.25522941E-003    -0.15671935E+001    -0.12269423E+000     0.24721952E-003     0.22707328E-003
    -0.86022369E+000     0.13522768E-003     0.25644185E-003    -0.15692040E+001    -0.12348812E+000     0.24736559E-003     0.22864096E-003
    -0.85946378E+000     0.13440358E-003     0.25765411E-003    -0.15712250E+001    -0.12428714E+000     0.24750839E-003     0.23021910E-003
    -0.85870386E+000     0.13357103E-003     0.25886609E-003    -0.15732565E+001    -0.12509134E+000     0.24764783E-003     0.23180778E-003
    -0.85794395E+000     0.13273002E-003     0.26007773E-003    -0.15752985E+001    -0.12590077E+000     0.24778383E-003     0.23340706E-003
    -0.85718403E+000     0.13188055E-003     0.26128892E-003    -0.15773511E+001    -0.12671547E+000     0.24791631E-003     0.23501702E-003
    -0.85642412E+000     0.13102262E-003     0.26249960E-003    -0.15794144E+001    -0.12753549E+000     0.24804520E-003     0.23663774E-003
    -0.85566420E+000     0.13015622E-003     0.26370969E-003    -0.15814884E+001    -0.12836087E+000     0.24817041E-003     0.23826930E-003
    -0.85490429E+000     0.12928135E-003     0.26491909E-003    -0.15835731E+001    -0.12919165E+000     0.24829185E-003     0.23991176E-003
    -0.85414437E+000     0.12839802E-003     0.26612774E-003    -0.15856685E+001    -0.13002790E+000     0.24840946E-003     0.24156522E-003
    -0.85338446E+000     0.12750622E-003     0.26733554E-003    -0.15877748E+001    -0.13086964E+000     0.24852313E-003     0.24322975E-003
    -0.85262454E+000     0.12660596E-003     0.26854242E-003    -0.15898920E+001    -0.13171693E+000     0.24863278E-003     0.24490541E-003
    -0.85186463E+000     0.12569725E-003     0.26974829E-003    -0.15920201E+001    -0.13256981E+000     0.24873833E-003     0.24659231E-003
    -0.85110471E+000     0.12478011E-003     0.27095306E-003    -0.15941591E+001    -0.13342833E+000     0.24883969E-003     0.24829050E-003
    -0.85034480E+000     0.12385454E-003     0.27215667E-003    -0.15963091E+001    -0.13429255E+000     0.24893677E-003     0.25000007E-003
    -0.84958488E+000     0.12292056E-003     0.27335902E-003    -0.15984702E+001    -0.13516251E+000     0.24902946E-003     0.25172111E-003
    -0.84882497E+000     0.12197819E-003     0.27456004E-003    -0.16006424E+001    -0.13603825E+000     0.24911770E-003     0.25345368E-003
    -0.84806505E+000     0.12102744E-003     0.27575965E-003    -0.16028257E+001    -0.13691984E+000     0.24920136E-003     0.25519787E-003
    -0.84730514E+000     0.12006833E-003     0.27695777E-003    -0.16050202E+001    -0.13780731E+000     0.24928038E-003     0.25695377E-003
    -0.84654522E+000     0.11910089E-003     0.27815431E-003    -0.16072260E+001    -0.13870072E+000     0.24935463E-003     0.25872144E-003
    -0.84578531E+000     0.11812515E-003     0.27934919E-003    -0.16094430E+001    -0.13960012E+000     0.24942404E-003     0.26050098E-003
    -0.84502539E+000     0.11714113E-003     0.28054234E-003    -0.16116714E+001    -0.14050557E+000     0.24948849E-003     0.26229245E-003
    -0.84426548E+000     0.11614886E-003     0.28173368E-003    -0.16139112E+001    -0.14141710E+000     0.24954789E-003     0.26409596E-003
    -0.84350556E+000     0.11514838E-003     0.28292312E-003    -0.16161625E+001    -0.14233478E+000     0.24960214E-003     0.26591157E-003
    -0.84274565E+000     0.11413973E-003     0.28411060E-003    -0.16184252E+001    -0.14325866E+000     0.24965112E-003     0.26773937E-003
    -0.84198573E+000     0.11312295E-003     0.28529605E-003    -0.16206994E+001    -0.14418880E+000     0.24969474E-003     0.26957944E-003
    -0.84122582E+000     0.11209806E-003     0.28647938E-003    -0.16229853E+001    -0.14512523E+000     0.24973289E-003     0.27143186E-003
    -0.84046590E+000     0.11106513E-003     0.28766052E-003    -0.16252828E+001    -0.14606803E+000     0.24976546E-003     0.27329673E-003
    -0.83970599E+000     0.11002418E-003     0.28883940E-003    -0.16275920E+001    -0.14701724E+000     0.24979234E-003     0.27517411E-003
    -0.83894607E+000     0.10897528E-003     0.29001595E-003    -0.16299129E+001    -0.14797292E+000     0.24981342E-003     0.27706410E-003
    -0.83818616E+000     0.10791847E-003     0.29119010E-003    -0.16322456E+001    -0.14893513E+000     0.24982858E-003     0.27896678E-003
    -0.83742625E+000     0.10685381E-003     0.29236178E-003    -0.16345902E+001    -0.14990391E+000     0.24983771E-003     0.28088224E-003
    -0.83666633E+000     0.10578136E-003     0.29353093E-003    -0.16369467E+001    -0.15087934E+000     0.24984070E-003     0.28281056E-003
    -0.83590642E+000     0.10470117E-003     0.29469749E-003    -0.16393151E+001    -0.15186146E+000     0.24983743E-003     0.28475182E-003
    -0.83514650E+000     0.10361330E-003     0.29586141E-003    -0.16416955E+001    -0.15285034E+000     0.24982777E-003     0.28670611E-003
    -0.83438659E+000     0.10251780E-003     0.29702260E-003    -0.16440880E+001    -0.15384602E+000     0.24981160E-003     0.28867352E-003
    -0.83362667E+000     0.10141476E-003     0.29818101E-003    -0.16464927E+001    -0.15484858E+000     0.24978881E-003     0.29065413E-003
    -0.83286676E+000     0.10030423E-003     0.29933658E-003    -0.16489095E+001    -0.15585807E+000     0.24975927E-003     0.29264803E-003
    -0.83210684E+000     0.99186303E-004     0.30048927E-003    -0.16513385E+001    -0.15687455E+000     0.24972285E-003     0.29465531E-003
    -0.83134693E+000     0.98061039E-004     0.30163904E-003    -0.16537798E+001    -0.15789808E+000     0.24967942E-003     0.29667604E-003
    -0.83058701E+000     0.96928507E-004     0.30278582E-003    -0.16562334E+001    -0.15892873E+000     0.24962885E-003     0.29871033E-003
    -0.82982710E+000     0.95788778E-004     0.30392958E-003    -0.16586994E+001    -0.15996654E+000     0.24957101E-003     0.30075826E-003
    -0.82906718E+000     0.94641934E-004     0.30507026E-003    -0.16611779E+001    -0.16101160E+000     0.24950577E-003     0.30281992E-003
    -0.82830727E+000     0.93488060E-004     0.30620782E-003    -0.16636689E+001    -0.16206395E+000     0.24943299E-003     0.30489538E-003
    -0.82754735E+000     0.92327242E-004     0.30734222E-003    -0.16661724E+001    -0.16312367E+000     0.24935253E-003     0.30698475E-003
    -0.82678744E+000     0.91159566E-004     0.30847343E-003    -0.16686886E+001    -0.16419081E+000     0.24926425E-003     0.30908811E-003
    -0.82602752E+000     0.89985119E-004     0.30960141E-003    -0.16712174E+001    -0.16526544E+000     0.24916802E-003     0.31120556E-003
    -0.82526761E+000     0.88803993E-004     0.31072614E-003    -0.16737590E+001    -0.16634764E+000     0.24906368E-003     0.31333717E-003
    -0.82450769E+000     0.87616284E-004     0.31184758E-003    -0.16763134E+001    -0.16743745E+000     0.24895110E-003     0.31548304E-003
    -0.82374778E+000     0.86422087E-004     0.31296572E-003    -0.16788806E+001    -0.16853496E+000     0.24883011E-003     0.31764326E-003
    -0.82298786E+000     0.85221500E-004     0.31408055E-003    -0.16814608E+001    -0.16964022E+000     0.24870058E-003     0.31981791E-003
    -0.82222795E+000     0.84014615E-004     0.31519205E-003    -0.16840539E+001    -0.17075331E+000     0.24856236E-003     0.32200710E-003
    -0.82146803E+000     0.82801528E-004     0.31630020E-003    -0.16866601E+001    -0.17187429E+000     0.24841528E-003     0.32421090E-003
    -0.82070812E+000     0.81582339E-004     0.31740500E-003    -0.16892793E+001    -0.17300324E+000     0.24825919E-003     0.32642942E-003
    -0.81994820E+000     0.80357155E-004     0.31850644E-003    -0.16919117E+001    -0.17414022E+000     0.24809393E-003     0.32866274E-003
    -0.81918829E+000     0.79126079E-004     0.31960452E-003    -0.16945574E+001    -0.17528530E+000     0.24791934E-003     0.33091094E-003
    -0.81842837E+000     0.77889216E-004     0.32069925E-003    -0.16972163E+001    -0.17643855E+000     0.24773526E-003     0.33317413E-003
    -0.81766846E+000     0.76646678E-004     0.32179063E-003    -0.16998886E+001    -0.17760006E+000     0.24754152E-003     0.33545240E-003
    -0.81690854E+000     0.75398574E-004     0.32287868E-003    -0.17025743E+001    -0.17876988E+000     0.24733795E-003     0.33774583E-003
    -0.81614863E+000     0.74145010E-004     0.32396342E-003    -0.17052734E+001    -0.17994810E+000     0.24712439E-003     0.34005451E-003
    -0.81538871E+000     0.72886090E-004     0.32504488E-003    -0.17079861E+001    -0.18113479E+000     0.24690065E-003     0.34237855E-003
    -0.81462880E+000     0.71621929E-004     0.32612306E-003    -0.17107124E+001    -0.18233001E+000     0.24666657E-003     0.34471803E-003
    -0.81386888E+000     0.70352645E-004     0.32719801E-003    -0.17134524E+001    -0.18353386E+000     0.24642197E-003     0.34707304E-003
    -0.81310897E+000     0.69078349E-004     0.32826977E-003    -0.17162060E+001    -0.18474640E+000     0.24616666E-003     0.34944368E-003
    -0.81234905E+000     0.67799153E-004     0.32933837E-003    -0.17189735E+001    -0.18596771E+000     0.24590046E-003     0.35183004E-003
    -0.81158914E+000     0.66515169E-004     0.33040388E-003    -0.17217549E+001    -0.18719788E+000     0.24562319E-003     0.35423220E-003
    -0.81082922E+000     0.65226506E-004     0.33146632E-003    -0.17245502E+001    -0.18843697E+000     0.24533466E-003     0.35665028E-003
    -0.81006931E+000     0.63933280E-004     0.33252577E-003    -0.17273595E+001    -0.18968507E+000     0.24503467E-003     0.35908434E-003
    -0.80930939E+000     0.62635612E-004     0.33358226E-003    -0.17301828E+001    -0.19094226E+000     0.24472304E-003     0.36153450E-003
    -0.80854948E+000     0.61333621E-004     0.33463589E-003    -0.17330203E+001    -0.19220862E+000     0.24439956E-003     0.36400084E-003
    -0.80778956E+000     0.60027425E-004     0.33568672E-003    -0.17358720E+001    -0.19348423E+000     0.24406404E-003     0.36648345E-003
    -0.80702965E+000     0.58717132E-004     0.33673485E-003    -0.17387380E+001    -0.19476918E+000     0.24371626E-003     0.36898244E-003
    -0.80626973E+000     0.57402849E-004     0.33778035E-003    -0.17416183E+001    -0.19606355E+000     0.24335604E-003     0.37149788E-003
    -0.80550982E+000     0.56084695E-004     0.33882330E-003    -0.17445130E+001    -0.19736742E+000     0.24298315E-003     0.37402988E-003
    -0.80474990E+000     0.54762784E-004     0.33986382E-003    -0.17474222E+001    -0.19868088E+000     0.24259739E-003     0.37657852E-003
    -0.80398999E+000     0.53437223E-004     0.34090201E-003    -0.17503460E+001    -0.20000402E+000     0.24219855E-003     0.37914391E-003
    -0.80323007E+000     0.52108119E-004     0.34193797E-003    -0.17532844E+001    -0.20133692E+000     0.24178639E-003     0.38172612E-003
    -0.80247016E+000     0.50775579E-004     0.34297182E-003    -0.17562375E+001    -0.20267968E+000     0.24136071E-003     0.38432527E-003
    -0.80171024E+000     0.49439713E-004     0.34400367E-003    -0.17592053E+001    -0.20403237E+000     0.24092127E-003     0.38694143E-003
    -0.80095033E+000     0.48100632E-004     0.34503366E-003    -0.17621881E+001    -0.20539510E+000     0.24046786E-003     0.38957470E-003
    -0.80019041E+000     0.46758440E-004     0.34606193E-003    -0.17651857E+001    -0.20676795E+000     0.24000023E-003     0.39222518E-003
    -0.79943050E+000     0.45413225E-004     0.34708862E-003    -0.17681983E+001    -0.20815101E+000     0.23951815E-003     0.39489296E-003
    -0.79867058E+000     0.44065082E-004     0.34811387E-003    -0.17712260E+001    -0.20954438E+000     0.23902139E-003     0.39757812E-003
    -0.79791067E+000     0.42714108E-004     0.34913783E-003    -0.17742689E+001    -0.21094816E+000     0.23850971E-003     0.40028076E-003
    -0.79715075E+000     0.41360406E-004     0.35016065E-003    -0.17773270E+001    -0.21236243E+000     0.23798285E-003     0.40300098E-003
    -0.79639084E+000     0.40004070E-004     0.35118250E-003    -0.17804004E+001    -0.21378729E+000     0.23744057E-003     0.40573886E-003
    -0.79563092E+000     0.38645191E-004     0.35220357E-003    -0.17834891E+001    -0.21522285E+000     0.23688261E-003     0.40849450E-003
    -0.79487101E+000     0.37283854E-004     0.35322403E-003    -0.17865934E+001    -0.21666919E+000     0.23630872E-003     0.41126799E-003
    -0.79411109E+000     0.35920136E-004     0.35424407E-003    -0.17897131E+001    -0.21812642E+000     0.23571865E-003     0.41405942E-003
    -0.79335118E+000     0.34554113E-004     0.35526389E-003    -0.17928485E+001    -0.21959464E+000     0.23511211E-003     0.41686887E-003
    -0.79259126E+000     0.33185856E-004     0.35628370E-003    -0.17959995E+001    -0.22107396E+000     0.23448885E-003     0.41969645E-003
    -0.79183135E+000     0.31815428E-004     0.35730369E-003    -0.17991664E+001    -0.22256446E+000     0.23384860E-003     0.42254223E-003
    -0.79107143E+000     0.30442891E-004     0.35832407E-003    -0.18023491E+001    -0.22406626E+000     0.23319107E-003     0.42540632E-003
    -0.79031152E+000     0.29068308E-004     0.35934507E-003    -0.18055477E+001    -0.22557947E+000     0.23251598E-003     0.42828879E-003
    -0.78955161E+000     0.27691738E-004     0.36036692E-003    -0.18087623E+001    -0.22710418E+000     0.23182305E-003     0.43118974E-003
    -0.78879169E+000     0.26313233E-004     0.36138984E-003    -0.18119931E+001    -0.22864050E+000     0.23111199E-003     0.43410926E-003
    -0.78803178E+000     0.24932836E-004     0.36241408E-003    -0.18152400E+001    -0.23018856E+000     0.23038251E-003     0.43704743E-003
    -0.78727186E+000     0.23550587E-004     0.36343989E-003    -0.18185032E+001    -0.23174844E+000     0.22963430E-003     0.44000435E-003
    -0.78651195E+000     0.22166513E-004     0.36446754E-003    -0.18217828E+001    -0.23332027E+000     0.22886706E-003     0.44298009E-003
    -0.78575203E+000     0.20780631E-004     0.36549728E-003    -0.18250788E+001    -0.23490416E+000     0.22808049E-003     0.44597474E-003
    -0.78499212E+000     0.19392963E-004     0.36652937E-003    -0.18283913E+001    -0.23650021E+000     0.22727427E-003     0.44898840E-003
    -0.78423220E+000     0.18003522E-004     0.36756410E-003    -0.18317204E+001    -0.23810856E+000     0.22644808E-003     0.45202114E-003
    -0.78347229E+000     0.16612316E-004     0.36860172E-003    -0.18350662E+001    -0.23972930E+000     0.22560160E-003     0.45507304E-003
    -0.78271237E+000     0.15219345E-004     0.36964255E-003    -0.18384288E+001    -0.24136257E+000     0.22473450E-003     0.45814420E-003
    -0.78195246E+000     0.13824605E-004     0.37068686E-003    -0.18418083E+001    -0.24300847E+000     0.22384644E-003     0.46123469E-003
    -0.78119254E+000     0.12428075E-004     0.37173498E-003    -0.18452047E+001    -0.24466713E+000     0.22293710E-003     0.46434459E-003
    -0.78043263E+000     0.11029725E-004     0.37278720E-003    -0.18486182E+001    -0.24633867E+000     0.22200612E-003     0.46747399E-003
    -0.77967271E+000     0.96295169E-005     0.37384384E-003    -0.18520489E+001    -0.24802321E+000     0.22105316E-003     0.47062297E-003
    -0.77891280E+000     0.82274057E-005     0.37490521E-003    -0.18554967E+001    -0.24972088E+000     0.22007785E-003     0.47379160E-003
    -0.77815288E+000     0.68233479E-005     0.37597164E-003    -0.18589619E+001    -0.25143180E+000     0.21907984E-003     0.47697995E-003
    -0.77739297E+000     0.54172901E-005     0.37704345E-003    -0.18624445E+001    -0.25315611E+000     0.21805877E-003     0.48018811E-003
    -0.77663305E+000     0.40091600E-005     0.37812099E-003    -0.18659446E+001    -0.25489392E+000     0.21701425E-003     0.48341616E-003
    -0.77587314E+000     0.25988750E-005     0.37920461E-003    -0.18694623E+001    -0.25664537E+000     0.21594591E-003     0.48666415E-003
    -0.77511322E+000     0.11863431E-005     0.38029465E-003    -0.18729977E+001    -0.25841060E+000     0.21485336E-003     0.48993218E-003
    -0.77435331E+000    -0.22853906E-006     0.38139148E-003    -0.18765509E+001    -0.26018973E+000     0.21373621E-003     0.49322030E-003
    -0.77359339E+000    -0.16458821E-005     0.38249544E-003    -0.18801220E+001    -0.26198290E+000     0.21259406E-003     0.49652858E-003
    -0.77283348E+000    -0.30658063E-005     0.38360690E-003    -0.18837110E+001    -0.26379025E+000     0.21142651E-003     0.49985710E-003
    -0.77207356E+000    -0.44884456E-005     0.38472624E-003    -0.18873182E+001    -0.26561191E+000     0.21023315E-003     0.50320591E-003
    -0.77131365E+000    -0.59139501E-005     0.38585383E-003    -0.18909435E+001    -0.26744803E+000     0.20901355E-003     0.50657509E-003
    -0.77055373E+000    -0.73424790E-005     0.38699005E-003    -0.18945871E+001    -0.26929874E+000     0.20776730E-003     0.50996469E-003
    -0.76979382E+000    -0.87742019E-005     0.38813528E-003    -0.18982490E+001    -0.27116420E+000     0.20649395E-003     0.51337477E-003
    -0.76903390E+000    -0.10209294E-004     0.38928991E-003    -0.19019294E+001    -0.27304454E+000     0.20519306E-003     0.51680539E-003
    -0.76827399E+000    -0.11647947E-004     0.39045433E-003    -0.19056284E+001    -0.27493991E+000     0.20386420E-003     0.52025661E-003
    -0.76751407E+000    -0.13090378E-004     0.39162895E-003    -0.19093461E+001    -0.27685046E+000     0.20250689E-003     0.52372847E-003
    -0.76675416E+000    -0.14536815E-004     0.39281416E-003    -0.19130825E+001    -0.27877635E+000     0.20112069E-003     0.52722104E-003
    -0.76599424E+000    -0.15987491E-004     0.39401037E-003    -0.19168378E+001    -0.28071771E+000     0.19970511E-003     0.53073435E-003
    -0.76523433E+000    -0.17442653E-004     0.39521797E-003    -0.19206121E+001    -0.28267472E+000     0.19825968E-003     0.53426845E-003
    -0.76447441E+000    -0.18902560E-004     0.39643738E-003    -0.19244054E+001    -0.28464751E+000     0.19678391E-003     0.53782338E-003
    -0.76371450E+000    -0.20367488E-004     0.39766901E-003    -0.19282180E+001    -0.28663626E+000     0.19527730E-003     0.54139918E-003
    -0.76295458E+000    -0.21837735E-004     0.39891329E-003    -0.19320498E+001    -0.28864112E+000     0.19373934E-003     0.54499589E-003
    -0.76219467E+000    -0.23313610E-004     0.40017063E-003    -0.19359010E+001    -0.29066225E+000     0.19216953E-003     0.54861353E-003
    -0.76143475E+000    -0.24795438E-004     0.40144144E-003    -0.19397717E+001    -0.29269981E+000     0.19056734E-003     0.55225214E-003
    -0.76067484E+000    -0.26283555E-004     0.40272617E-003    -0.19436620E+001    -0.29475398E+000     0.18893223E-003     0.55591174E-003
    -0.75991492E+000    -0.27778326E-004     0.40402522E-003    -0.19475721E+001    -0.29682491E+000     0.18726366E-003     0.55959235E-003
    -0.75915501E+000    -0.29280128E-004     0.40533902E-003    -0.19515019E+001    -0.29891279E+000     0.18556108E-003     0.56329398E-003
    -0.75839509E+000    -0.30789345E-004     0.40666799E-003    -0.19554517E+001    -0.30101777E+000     0.18382393E-003     0.56701665E-003
    -0.75763518E+000    -0.32306386E-004     0.40801256E-003    -0.19594215E+001    -0.30314004E+000     0.18205164E-003     0.57076035E-003
    -0.75687526E+000    -0.33831680E-004     0.40937316E-003    -0.19634115E+001    -0.30527977E+000     0.18024362E-003     0.57452511E-003
    -0.75611535E+000    -0.35365671E-004     0.41075021E-003    -0.19674217E+001    -0.30743714E+000     0.17839929E-003     0.57831089E-003
    -0.75535543E+000    -0.36908820E-004     0.41214413E-003    -0.19714523E+001    -0.30961233E+000     0.17651803E-003     0.58211771E-003
    -0.75459552E+000    -0.38461603E-004     0.41355535E-003    -0.19755034E+001    -0.31180552E+000     0.17459923E-003     0.58594554E-003
    -0.75383560E+000    -0.40024519E-004     0.41498428E-003    -0.19795751E+001    -0.31401690E+000     0.17264227E-003     0.58979436E-003
    -0.75307569E+000    -0.41598088E-004     0.41643135E-003    -0.19836675E+001    -0.31624665E+000     0.17064652E-003     0.59366415E-003
    -0.75231577E+000    -0.43182851E-004     0.41789698E-003    -0.19877807E+001    -0.31849496E+000     0.16861132E-003     0.59755486E-003
    -0.75155586E+000    -0.44779364E-004     0.41938158E-003    -0.19919149E+001    -0.32076204E+000     0.16653601E-003     0.60146645E-003
    -0.75079594E+000    -0.46388202E-004     0.42088555E-003    -0.19960701E+001    -0.32304806E+000     0.16441992E-003     0.60539888E-003
    -0.75003603E+000    -0.48009960E-004     0.42240931E-003    -0.20002465E+001    -0.32535323E+000     0.16226238E-003     0.60935208E-003
    -0.74927611E+000    -0.49645259E-004     0.42395327E-003    -0.20044441E+001    -0.32767775E+000     0.16006267E-003     0.61332600E-003
    -0.74851620E+000    -0.51294746E-004     0.42551782E-003    -0.20086632E+001    -0.33002182E+000     0.15782011E-003     0.61732055E-003
    -0.74775628E+000    -0.52959081E-004     0.42710334E-003    -0.20129038E+001    -0.33238564E+000     0.15553395E-003     0.62133564E-003
    -0.74699637E+000    -0.54638941E-004     0.42871023E-003    -0.20171660E+001    -0.33476942E+000     0.15320348E-003     0.62537119E-003
    -0.74623645E+000    -0.56335028E-004     0.43033887E-003    -0.20214500E+001    -0.33717337E+000     0.15082794E-003     0.62942710E-003
    -0.74547654E+000    -0.58048066E-004     0.43198962E-003    -0.20257559E+001    -0.33959770E+000     0.14840657E-003     0.63350323E-003
    -0.74471662E+000    -0.59778802E-004     0.43366287E-003    -0.20300838E+001    -0.34204262E+000     0.14593861E-003     0.63759948E-003
    -0.74395671E+000    -0.61528006E-004     0.43535896E-003    -0.20344338E+001    -0.34450837E+000     0.14342326E-003     0.64171570E-003
    -0.74319679E+000    -0.63296474E-004     0.43707824E-003    -0.20388060E+001    -0.34699514E+000     0.14085972E-003     0.64585173E-003
    -0.74243688E+000    -0.65085023E-004     0.43882107E-003    -0.20432006E+001    -0.34950317E+000     0.13824719E-003     0.65000742E-003
    -0.74167696E+000    -0.66894492E-004     0.44058776E-003    -0.20476178E+001    -0.35203269E+000     0.13558483E-003     0.65418260E-003
    -0.74091705E+000    -0.68725746E-004     0.44237864E-003    -0.20520575E+001    -0.35458392E+000     0.13287180E-003     0.65837705E-003
    -0.74015714E+000    -0.70579674E-004     0.44419402E-003    -0.20565200E+001    -0.35715709E+000     0.13010725E-003     0.66259059E-003
    -0.73939722E+000    -0.72457191E-004     0.44603419E-003    -0.20610053E+001    -0.35975245E+000     0.12729031E-003     0.66682300E-003
    -0.73863731E+000    -0.74359238E-004     0.44789943E-003    -0.20655137E+001    -0.36237021E+000     0.12442010E-003     0.67107402E-003
    -0.73787739E+000    -0.76286771E-004     0.44979000E-003    -0.20700451E+001    -0.36501064E+000     0.12149571E-003     0.67534341E-003
    -0.73711748E+000    -0.78240771E-004     0.45170616E-003    -0.20745999E+001    -0.36767396E+000     0.11851623E-003     0.67963090E-003
    -0.73635756E+000    -0.80222243E-004     0.45364814E-003    -0.20791780E+001    -0.37036044E+000     0.11548075E-003     0.68393619E-003
    -0.73559765E+000    -0.82232221E-004     0.45561617E-003    -0.20837796E+001    -0.37307031E+000     0.11238832E-003     0.68825898E-003
    -0.73483773E+000    -0.84271765E-004     0.45761045E-003    -0.20884048E+001    -0.37580383E+000     0.10923798E-003     0.69259894E-003
    -0.73407782E+000    -0.86341960E-004     0.45963117E-003    -0.20930539E+001    -0.37856126E+000     0.10602877E-003     0.69695571E-003
    -0.73331790E+000    -0.88443913E-004     0.46167850E-003    -0.20977268E+001    -0.38134286E+000     0.10275971E-003     0.70132892E-003
    -0.73255799E+000    -0.90578756E-004     0.46375258E-003    -0.21024238E+001    -0.38414889E+000     0.99429794E-004     0.70571819E-003
    -0.73179807E+000    -0.92747652E-004     0.46585355E-003    -0.21071449E+001    -0.38697961E+000     0.96038023E-004     0.71012308E-003
    -0.73103816E+000    -0.94951786E-004     0.46798152E-003    -0.21118903E+001    -0.38983530E+000     0.92583371E-004     0.71454316E-003
    -0.73027824E+000    -0.97192370E-004     0.47013656E-003    -0.21166602E+001    -0.39271623E+000     0.89064803E-004     0.71897796E-003
    -0.72951833E+000    -0.99470644E-004     0.47231873E-003    -0.21214547E+001    -0.39562268E+000     0.85481271E-004     0.72342699E-003
    -0.72875841E+000    -0.10178786E-003     0.47452807E-003    -0.21262738E+001    -0.39855493E+000     0.81831715E-004     0.72788972E-003
    -0.72799850E+000    -0.10414531E-003     0.47676458E-003    -0.21311178E+001    -0.40151326E+000     0.78115060E-004     0.73236561E-003
    -0.72723858E+000    -0.10654431E-003     0.47902825E-003    -0.21359868E+001    -0.40449796E+000     0.74330223E-004     0.73685407E-003
    -0.72647867E+000    -0.10898618E-003     0.48131903E-003    -0.21408809E+001    -0.40750933E+000     0.70476109E-004     0.74135449E-003
    -0.72571875E+000    -0.11147229E-003     0.48363686E-003    -0.21458003E+001    -0.41054765E+000     0.66551610E-004     0.74586624E-003
    -0.72495884E+000    -0.11400404E-003     0.48598160E-003    -0.21507450E+001    -0.41361323E+000     0.62555611E-004     0.75038864E-003
    -0.72419892E+000    -0.11658282E-003     0.48835314E-003    -0.21557153E+001    -0.41670637E+000     0.58486984E-004     0.75492098E-003
    -0.72343901E+000    -0.11921007E-003     0.49075130E-003    -0.21607113E+001    -0.41982739E+000     0.54344595E-004     0.75946253E-003
    -0.72267909E+000    -0.12188724E-003     0.49317588E-003    -0.21657331E+001    -0.42297658E+000     0.50127300E-004     0.76401250E-003
    -0.72191918E+000    -0.12461582E-003     0.49562664E-003    -0.21707809E+001    -0.42615427E+000     0.45833950E-004     0.76857008E-003
    -0.72115926E+000    -0.12739732E-003     0.49810331E-003    -0.21758547E+001    -0.42936077E+000     0.41463386E-004     0.77313443E-003
    -0.72039935E+000    -0.13023325E-003     0.50060558E-003    -0.21809549E+001    -0.43259642E+000     0.37014445E-004     0.77770464E-003
    -0.71963943E+000    -0.13312519E-003     0.50313310E-003    -0.21860814E+001    -0.43586154E+000     0.32485960E-004     0.78227979E-003
    -0.71887952E+000    -0.13607469E-003     0.50568547E-003    -0.21912345E+001    -0.43915646E+000     0.27876760E-004     0.78685891E-003
    -0.71811960E+000    -0.13908335E-003     0.50826226E-003    -0.21964142E+001    -0.44248152E+000     0.23185671E-004     0.79144098E-003
    -0.71735969E+000    -0.14215278E-003     0.51086299E-003    -0.22016208E+001    -0.44583706E+000     0.18411517E-004     0.79602495E-003
    -0.71659977E+000    -0.14528461E-003     0.51348715E-003    -0.22068544E+001    -0.44922344E+000     0.13553123E-004     0.80060971E-003
    -0.71583986E+000    -0.14848049E-003     0.51613418E-003    -0.22121151E+001    -0.45264099E+000     0.86093137E-005     0.80519412E-003
    -0.71507994E+000    -0.15174210E-003     0.51880346E-003    -0.22174031E+001    -0.45609008E+000     0.35789183E-005     0.80977699E-003
    -0.71432003E+000    -0.15507113E-003     0.52149435E-003    -0.22227186E+001    -0.45957108E+000    -0.15392315E-005     0.81435706E-003
    -0.71356011E+000    -0.15846928E-003     0.52420612E-003    -0.22280616E+001    -0.46308434E+000    -0.67462980E-005     0.81893307E-003
    -0.71280020E+000    -0.16193829E-003     0.52693802E-003    -0.22334324E+001    -0.46663024E+000    -0.12043437E-004     0.82350366E-003
    -0.71204028E+000    -0.16547987E-003     0.52968925E-003    -0.22388310E+001    -0.47020915E+000    -0.17431794E-004     0.82806745E-003
    -0.71128037E+000    -0.16909580E-003     0.53245894E-003    -0.22442577E+001    -0.47382146E+000    -0.22912505E-004     0.83262300E-003
    -0.71052045E+000    -0.17278783E-003     0.53524618E-003    -0.22497126E+001    -0.47746756E+000    -0.28486694E-004     0.83716882E-003
    -0.70976054E+000    -0.17655774E-003     0.53804998E-003    -0.22551959E+001    -0.48114784E+000    -0.34155471E-004     0.84170337E-003
    -0.70900062E+000    -0.18040733E-003     0.54086932E-003    -0.22607077E+001    -0.48486269E+000    -0.39919927E-004     0.84622505E-003
    -0.70824071E+000    -0.18433837E-003     0.54370310E-003    -0.22662481E+001    -0.48861252E+000    -0.45781138E-004     0.85073222E-003
    -0.70748079E+000    -0.18835269E-003     0.54655020E-003    -0.22718174E+001    -0.49239775E+000    -0.51740157E-004     0.85522316E-003
    -0.70672088E+000    -0.19245209E-003     0.54940939E-003    -0.22774156E+001    -0.49621878E+000    -0.57798016E-004     0.85969613E-003
    -0.70596096E+000    -0.19663841E-003     0.55227941E-003    -0.22830430E+001    -0.50007605E+000    -0.63955720E-004     0.86414931E-003
    -0.70520105E+000    -0.20091346E-003     0.55515891E-003    -0.22886998E+001    -0.50396997E+000    -0.70214250E-004     0.86858082E-003
    -0.70444113E+000    -0.20527907E-003     0.55804649E-003    -0.22943859E+001    -0.50790099E+000    -0.76574553E-004     0.87298876E-003
    -0.70368122E+000    -0.20973707E-003     0.56094069E-003    -0.23001017E+001    -0.51186955E+000    -0.83037546E-004     0.87737114E-003
    -0.70292130E+000    -0.21428929E-003     0.56383998E-003    -0.23058473E+001    -0.51587609E+000    -0.89604112E-004     0.88172592E-003
    -0.70216139E+000    -0.21893755E-003     0.56674276E-003    -0.23116229E+001    -0.51992107E+000    -0.96275095E-004     0.88605102E-003
    -0.70140147E+000    -0.22368369E-003     0.56964735E-003    -0.23174286E+001    -0.52400495E+000    -0.10305130E-003     0.89034428E-003
    -0.70064156E+000    -0.22852951E-003     0.57255200E-003    -0.23232645E+001    -0.52812820E+000    -0.10993349E-003     0.89460352E-003
    -0.69988164E+000    -0.23347682E-003     0.57545490E-003    -0.23291309E+001    -0.53229129E+000    -0.11692237E-003     0.89882648E-003
    -0.69912173E+000    -0.23852744E-003     0.57835416E-003    -0.23350279E+001    -0.53649472E+000    -0.12401863E-003     0.90301085E-003
    -0.69836181E+000    -0.24368314E-003     0.58124782E-003    -0.23409558E+001    -0.54073896E+000    -0.13122287E-003     0.90715427E-003
    -0.69760190E+000    -0.24894570E-003     0.58413383E-003    -0.23469145E+001    -0.54502453E+000    -0.13853565E-003     0.91125432E-003
    -0.69684198E+000    -0.25431689E-003     0.58701009E-003    -0.23529044E+001    -0.54935192E+000    -0.14595749E-003     0.91530856E-003
    -0.69608207E+000    -0.25979844E-003     0.58987440E-003    -0.23589256E+001    -0.55372165E+000    -0.15348883E-003     0.91931445E-003
    -0.69532215E+000    -0.26539208E-003     0.59272448E-003    -0.23649782E+001    -0.55813424E+000    -0.16113005E-003     0.92326945E-003
    -0.69456224E+000    -0.27109950E-003     0.59555800E-003    -0.23710625E+001    -0.56259023E+000    -0.16888148E-003     0.92717094E-003
    -0.69380232E+000    -0.27692238E-003     0.59837252E-003    -0.23771786E+001    -0.56709015E+000    -0.17674336E-003     0.93101626E-003
    -0.69304241E+000    -0.28286237E-003     0.60116555E-003    -0.23833266E+001    -0.57163455E+000    -0.18471587E-003     0.93480273E-003
    -0.69228249E+000    -0.28892109E-003     0.60393449E-003    -0.23895068E+001    -0.57622400E+000    -0.19279911E-003     0.93852761E-003
    -0.69152258E+000    -0.29510014E-003     0.60667667E-003    -0.23957193E+001    -0.58085905E+000    -0.20099312E-003     0.94218811E-003
    -0.69076267E+000    -0.30140108E-003     0.60938933E-003    -0.24019643E+001    -0.58554028E+000    -0.20929785E-003     0.94578143E-003
    -0.69000275E+000    -0.30782542E-003     0.61206963E-003    -0.24082420E+001    -0.59026828E+000    -0.21771316E-003     0.94930471E-003
    -0.68924284E+000    -0.31437464E-003     0.61471465E-003    -0.24145525E+001    -0.59504365E+000    -0.22623884E-003     0.95275507E-003
    -0.68848292E+000    -0.32105018E-003     0.61732138E-003    -0.24208960E+001    -0.59986698E+000    -0.23487458E-003     0.95612960E-003
    -0.68772301E+000    -0.32785342E-003     0.61988673E-003    -0.24272727E+001    -0.60473890E+000    -0.24361999E-003     0.95942537E-003
    -0.68696309E+000    -0.33478572E-003     0.62240751E-003    -0.24336828E+001    -0.60966003E+000    -0.25247458E-003     0.96263942E-003
    -0.68620318E+000    -0.34184835E-003     0.62488047E-003    -0.24401264E+001    -0.61463102E+000    -0.26143777E-003     0.96576876E-003
    -0.68544326E+000    -0.34904256E-003     0.62730225E-003    -0.24466037E+001    -0.61965250E+000    -0.27050889E-003     0.96881041E-003
    -0.68468335E+000    -0.35636953E-003     0.62966942E-003    -0.24531149E+001    -0.62472514E+000    -0.27968717E-003     0.97176136E-003
    -0.68392343E+000    -0.36383039E-003     0.63197846E-003    -0.24596601E+001    -0.62984961E+000    -0.28897173E-003     0.97461860E-003
    -0.68316352E+000    -0.37142618E-003     0.63422575E-003    -0.24662395E+001    -0.63502659E+000    -0.29836160E-003     0.97737909E-003
    -0.68240360E+000    -0.37915789E-003     0.63640760E-003    -0.24728534E+001    -0.64025678E+000    -0.30785571E-003     0.98003983E-003
    -0.68164369E+000    -0.38702644E-003     0.63852022E-003    -0.24795018E+001    -0.64554088E+000    -0.31745286E-003     0.98259779E-003
    -0.68088377E+000    -0.39503269E-003     0.64055977E-003    -0.24861849E+001    -0.65087962E+000    -0.32715178E-003     0.98504997E-003
    -0.68012386E+000    -0.40317740E-003     0.64252228E-003    -0.24929030E+001    -0.65627373E+000    -0.33695108E-003     0.98739337E-003
    -0.67936394E+000    -0.41146127E-003     0.64440369E-003    -0.24996561E+001    -0.66172395E+000    -0.34684925E-003     0.98962500E-003
    -0.67860403E+000    -0.41988489E-003     0.64619989E-003    -0.25064444E+001    -0.66723105E+000    -0.35684469E-003     0.99174192E-003
    -0.67784411E+000    -0.42844879E-003     0.64790665E-003    -0.25132682E+001    -0.67279580E+000    -0.36693569E-003     0.99374117E-003
    -0.67708420E+000    -0.43715338E-003     0.64951970E-003    -0.25201275E+001    -0.67841899E+000    -0.37712042E-003     0.99561987E-003
    -0.67632428E+000    -0.44599901E-003     0.65103464E-003    -0.25270225E+001    -0.68410141E+000    -0.38739697E-003     0.99737515E-003
    -0.67556437E+000    -0.45498589E-003     0.65244700E-003    -0.25339534E+001    -0.68984389E+000    -0.39776329E-003     0.99900418E-003
    -0.67480445E+000    -0.46411415E-003     0.65375224E-003    -0.25409204E+001    -0.69564726E+000    -0.40821724E-003     0.10005042E-002
    -0.67404454E+000    -0.47338381E-003     0.65494573E-003    -0.25479235E+001    -0.70151237E+000    -0.41875659E-003     0.10018724E-002
    -0.67328462E+000    -0.48279479E-003     0.65602277E-003    -0.25549630E+001    -0.70744007E+000    -0.42937898E-003     0.10031062E-002
    -0.67252471E+000    -0.49234687E-003     0.65697855E-003    -0.25620390E+001    -0.71343126E+000    -0.44008196E-003     0.10042029E-002
    -0.67176479E+000    -0.50203972E-003     0.65780821E-003    -0.25691516E+001    -0.71948682E+000    -0.45086299E-003     0.10051601E-002
    -0.67100488E+000    -0.51187289E-003     0.65850680E-003    -0.25763010E+001    -0.72560767E+000    -0.46171940E-003     0.10059751E-002
    -0.67024496E+000    -0.52184578E-003     0.65906930E-003    -0.25834873E+001    -0.73179473E+000    -0.47264846E-003     0.10066457E-002
    -0.66948505E+000    -0.53195767E-003     0.65949062E-003    -0.25907106E+001    -0.73804895E+000    -0.48364733E-003     0.10071694E-002
    -0.66872513E+000    -0.54220772E-003     0.65976561E-003    -0.25979711E+001    -0.74437130E+000    -0.49471307E-003     0.10075441E-002
    -0.66796522E+000    -0.55259492E-003     0.65988902E-003    -0.26052689E+001    -0.75076276E+000    -0.50584266E-003     0.10077675E-002
    -0.66720530E+000    -0.56311812E-003     0.65985556E-003    -0.26126040E+001    -0.75722433E+000    -0.51703301E-003     0.10078377E-002
    -0.66644539E+000    -0.57377602E-003     0.65965985E-003    -0.26199767E+001    -0.76375703E+000    -0.52828093E-003     0.10077525E-002
    -0.66568547E+000    -0.58456715E-003     0.65929647E-003    -0.26273870E+001    -0.77036189E+000    -0.53958316E-003     0.10075103E-002
    -0.66492556E+000    -0.59548991E-003     0.65875995E-003    -0.26348351E+001    -0.77703997E+000    -0.55093635E-003     0.10071092E-002
    -0.66416564E+000    -0.60654249E-003     0.65804473E-003    -0.26423209E+001    -0.78379235E+000    -0.56233711E-003     0.10065475E-002
    -0.66340573E+000    -0.61772294E-003     0.65714521E-003    -0.26498446E+001    -0.79062013E+000    -0.57378197E-003     0.10058237E-002
    -0.66264581E+000    -0.62902912E-003     0.65605574E-003    -0.26574063E+001    -0.79752442E+000    -0.58526739E-003     0.10049364E-002
    -0.66188590E+000    -0.64045868E-003     0.65477062E-003    -0.26650060E+001    -0.80450635E+000    -0.59678979E-003     0.10038843E-002
    -0.66112598E+000    -0.65200910E-003     0.65328412E-003    -0.26726437E+001    -0.81156709E+000    -0.60834552E-003     0.10026662E-002
    -0.66036607E+000    -0.66367767E-003     0.65159047E-003    -0.26803196E+001    -0.81870782E+000    -0.61993091E-003     0.10012810E-002
    -0.65960615E+000    -0.67546147E-003     0.64968388E-003    -0.26880337E+001    -0.82592972E+000    -0.63154223E-003     0.99972772E-003
    -0.65884624E+000    -0.68735738E-003     0.64755850E-003    -0.26957860E+001    -0.83323403E+000    -0.64317571E-003     0.99800563E-003
    -0.65808632E+000    -0.69936206E-003     0.64520849E-003    -0.27035764E+001    -0.84062199E+000    -0.65482758E-003     0.99611401E-003
    -0.65732641E+000    -0.71147198E-003     0.64262796E-003    -0.27114051E+001    -0.84809486E+000    -0.66649400E-003     0.99405233E-003
    -0.65656649E+000    -0.72368333E-003     0.63981104E-003    -0.27192720E+001    -0.85565392E+000    -0.67817115E-003     0.99182016E-003
    -0.65580658E+000    -0.73599214E-003     0.63675185E-003    -0.27271770E+001    -0.86330049E+000    -0.68985518E-003     0.98941722E-003
    -0.65504666E+000    -0.74839416E-003     0.63344448E-003    -0.27351202E+001    -0.87103589E+000    -0.70154223E-003     0.98684336E-003
    -0.65428675E+000    -0.76088490E-003     0.62988306E-003    -0.27431015E+001    -0.87886149E+000    -0.71322844E-003     0.98409858E-003
    -0.65352683E+000    -0.77345964E-003     0.62606173E-003    -0.27511208E+001    -0.88677865E+000    -0.72490997E-003     0.98118300E-003
    -0.65276692E+000    -0.78611340E-003     0.62197465E-003    -0.27591781E+001    -0.89478878E+000    -0.73658296E-003     0.97809689E-003
    -0.65200700E+000    -0.79884095E-003     0.61761603E-003    -0.27672732E+001    -0.90289330E+000    -0.74824358E-003     0.97484065E-003
    -0.65124709E+000    -0.81163679E-003     0.61298009E-003    -0.27754060E+001    -0.91109366E+000    -0.75988803E-003     0.97141482E-003
    -0.65048717E+000    -0.82449518E-003     0.60806114E-003    -0.27835765E+001    -0.91939132E+000    -0.77151253E-003     0.96782008E-003
    -0.64972726E+000    -0.83741008E-003     0.60285351E-003    -0.27917844E+001    -0.92778778E+000    -0.78311333E-003     0.96405722E-003
    -0.64896734E+000    -0.85037518E-003     0.59735162E-003    -0.28000296E+001    -0.93628456E+000    -0.79468672E-003     0.96012721E-003
    -0.64820743E+000    -0.86338389E-003     0.59154996E-003    -0.28083119E+001    -0.94488319E+000    -0.80622905E-003     0.95603112E-003
    -0.64744751E+000    -0.87642931E-003     0.58544313E-003    -0.28166311E+001    -0.95358525E+000    -0.81773669E-003     0.95177015E-003
    -0.64668760E+000    -0.88950427E-003     0.57902584E-003    -0.28249869E+001    -0.96239231E+000    -0.82920609E-003     0.94734566E-003
    -0.64592768E+000    -0.90260132E-003     0.57229292E-003    -0.28333792E+001    -0.97130599E+000    -0.84063376E-003     0.94275912E-003
    -0.64516777E+000    -0.91571271E-003     0.56523933E-003    -0.28418076E+001    -0.98032792E+000    -0.85201627E-003     0.93801211E-003
    -0.64440785E+000    -0.92883041E-003     0.55786015E-003    -0.28502719E+001    -0.98945976E+000    -0.86335028E-003     0.93310636E-003
    -0.64364794E+000    -0.94194604E-003     0.55015062E-003    -0.28587717E+001    -0.99870319E+000    -0.87463250E-003     0.92804372E-003
    -0.64288802E+000    -0.95505093E-003     0.54210619E-003    -0.28673067E+001    -0.10080599E+001    -0.88585975E-003     0.92282614E-003
    -0.64212811E+000    -0.96813612E-003     0.53372247E-003    -0.28758765E+001    -0.10175317E+001    -0.89702893E-003     0.91745570E-003
    -0.64136820E+000    -0.98119233E-003     0.52499531E-003    -0.28844807E+001    -0.10271202E+001    -0.90813704E-003     0.91193459E-003
    -0.64060828E+000    -0.99420999E-003     0.51592077E-003    -0.28931189E+001    -0.10368273E+001    -0.91918117E-003     0.90626512E-003
    -0.63984837E+000    -0.10071792E-002     0.50649516E-003    -0.29017907E+001    -0.10466547E+001    -0.93015853E-003     0.90044969E-003
    -0.63908845E+000    -0.10200899E-002     0.49671503E-003    -0.29104955E+001    -0.10566043E+001    -0.94106645E-003     0.89449081E-003
    -0.63832854E+000    -0.10329315E-002     0.48657723E-003    -0.29192329E+001    -0.10666780E+001    -0.95190234E-003     0.88839108E-003
    -0.63756862E+000    -0.10456933E-002     0.47607887E-003    -0.29280024E+001    -0.10768775E+001    -0.96266376E-003     0.88215320E-003
    -0.63680871E+000    -0.10583643E-002     0.46521741E-003    -0.29368033E+001    -0.10872048E+001    -0.97334841E-003     0.87577997E-003
    -0.63604879E+000    -0.10709330E-002     0.45399063E-003    -0.29456351E+001    -0.10976617E+001    -0.98395408E-003     0.86927426E-003
    -0.63528888E+000    -0.10833880E-002     0.44239666E-003    -0.29544971E+001    -0.11082503E+001    -0.99447873E-003     0.86263902E-003
    -0.63452896E+000    -0.10957173E-002     0.43043402E-003    -0.29633887E+001    -0.11189725E+001    -0.10049205E-002     0.85587728E-003
    -0.63376905E+000    -0.11079089E-002     0.41810161E-003    -0.29723093E+001    -0.11298302E+001    -0.10152775E-002     0.84899214E-003
    -0.63300913E+000    -0.11199503E-002     0.40539875E-003    -0.29812580E+001    -0.11408255E+001    -0.10255482E-002     0.84198677E-003
    -0.63224922E+000    -0.11318290E-002     0.39232519E-003    -0.29902341E+001    -0.11519604E+001    -0.10357312E-002     0.83486438E-003
    -0.63148930E+000    -0.11435323E-002     0.37888114E-003    -0.29992369E+001    -0.11632369E+001    -0.10458252E-002     0.82762825E-003
    -0.63072939E+000    -0.11550471E-002     0.36506726E-003    -0.30082655E+001    -0.11746570E+001    -0.10558290E-002     0.82028169E-003
    -0.62996947E+000    -0.11663602E-002     0.35088473E-003    -0.30173191E+001    -0.11862230E+001    -0.10657416E-002     0.81282805E-003
    -0.62920956E+000    -0.11774584E-002     0.33633519E-003    -0.30263968E+001    -0.11979368E+001    -0.10755624E-002     0.80527073E-003
    -0.62844964E+000    -0.11883283E-002     0.32142081E-003    -0.30354976E+001    -0.12098007E+001    -0.10852906E-002     0.79761311E-003
    -0.62768973E+000    -0.11989561E-002     0.30614432E-003    -0.30446205E+001    -0.12218168E+001    -0.10949258E-002     0.78985864E-003
    -0.62692981E+000    -0.12093283E-002     0.29050898E-003    -0.30537647E+001    -0.12339872E+001    -0.11044679E-002     0.78201074E-003
    -0.62616990E+000    -0.12194311E-002     0.27451863E-003    -0.30629290E+001    -0.12463142E+001    -0.11139167E-002     0.77407284E-003
    -0.62540998E+000    -0.12292508E-002     0.25817766E-003    -0.30721123E+001    -0.12587999E+001    -0.11232724E-002     0.76604835E-003
    -0.62465007E+000    -0.12387736E-002     0.24149105E-003    -0.30813136E+001    -0.12714467E+001    -0.11325354E-002     0.75794068E-003
    -0.62389015E+000    -0.12479857E-002     0.22446436E-003    -0.30905317E+001    -0.12842568E+001    -0.11417060E-002     0.74975320E-003
    -0.62313024E+000    -0.12568734E-002     0.20710378E-003    -0.30997655E+001    -0.12972325E+001    -0.11507851E-002     0.74148922E-003
    -0.62237032E+000    -0.12654229E-002     0.18941609E-003    -0.31090136E+001    -0.13103760E+001    -0.11597737E-002     0.73315204E-003
    -0.62161041E+000    -0.12736209E-002     0.17140867E-003    -0.31182748E+001    -0.13236899E+001    -0.11686727E-002     0.72474487E-003
    -0.62085049E+000    -0.12814538E-002     0.15308951E-003    -0.31275478E+001    -0.13371763E+001    -0.11774836E-002     0.71627085E-003
    -0.62009058E+000    -0.12889083E-002     0.13446720E-003    -0.31368313E+001    -0.13508378E+001    -0.11862079E-002     0.70773305E-003
    -0.61933066E+000    -0.12959715E-002     0.11555095E-003    -0.31461238E+001    -0.13646766E+001    -0.11948473E-002     0.69913443E-003
    -0.61857075E+000    -0.13026304E-002     0.96350544E-004    -0.31554239E+001    -0.13786954E+001    -0.12034039E-002     0.69047785E-003
    -0.61781083E+000    -0.13088725E-002     0.76876362E-004    -0.31647302E+001    -0.13928965E+001    -0.12118796E-002     0.68176604E-003
    -0.61705092E+000    -0.13146854E-002     0.57139374E-004    -0.31740410E+001    -0.14072825E+001    -0.12202769E-002     0.67300159E-003
    -0.61629100E+000    -0.13200572E-002     0.37151118E-004    -0.31833549E+001    -0.14218559E+001    -0.12285983E-002     0.66418696E-003
    -0.61553109E+000    -0.13249761E-002     0.16923685E-004    -0.31926702E+001    -0.14366193E+001    -0.12368466E-002     0.65532443E-003
    -0.61477117E+000    -0.13294307E-002    -0.35302862E-005    -0.32019852E+001    -0.14515753E+001    -0.12450247E-002     0.64641611E-003
    -0.61401126E+000    -0.13334103E-002    -0.24197627E-004    -0.32112982E+001    -0.14667265E+001    -0.12531358E-002     0.63746391E-003
    -0.61325134E+000    -0.13369042E-002    -0.45064659E-004    -0.32206075E+001    -0.14820756E+001    -0.12611831E-002     0.62846954E-003
    -0.61249143E+000    -0.13399024E-002    -0.66117209E-004    -0.32299111E+001    -0.14976253E+001    -0.12691701E-002     0.61943447E-003
    -0.61173151E+000    -0.13423951E-002    -0.87340625E-004    -0.32392073E+001    -0.15133784E+001    -0.12771005E-002     0.61035995E-003
    -0.61097160E+000    -0.13443732E-002    -0.10871979E-003    -0.32484941E+001    -0.15293376E+001    -0.12849781E-002     0.60124696E-003
    -0.61021168E+000    -0.13458280E-002    -0.13023914E-003    -0.32577694E+001    -0.15455059E+001    -0.12928070E-002     0.59209621E-003
    -0.60945177E+000    -0.13467512E-002    -0.15188273E-003    -0.32670313E+001    -0.15618860E+001    -0.13005910E-002     0.58290812E-003
    -0.60869185E+000    -0.13471351E-002    -0.17363417E-003    -0.32762776E+001    -0.15784810E+001    -0.13083347E-002     0.57368280E-003
    -0.60793194E+000    -0.13469726E-002    -0.19547672E-003    -0.32855060E+001    -0.15952938E+001    -0.13160422E-002     0.56442006E-003
    -0.60717202E+000    -0.13462569E-002    -0.21739325E-003    -0.32947144E+001    -0.16123273E+001    -0.13237180E-002     0.55511934E-003
    -0.60641211E+000    -0.13449819E-002    -0.23936630E-003    -0.33039003E+001    -0.16295848E+001    -0.13313667E-002     0.54577974E-003
    -0.60565219E+000    -0.13431420E-002    -0.26137810E-003    -0.33130614E+001    -0.16470693E+001    -0.13389928E-002     0.53639999E-003
    -0.60489228E+000    -0.13407322E-002    -0.28341052E-003    -0.33221951E+001    -0.16647840E+001    -0.13466010E-002     0.52697843E-003
    -0.60413236E+000    -0.13377480E-002    -0.30544518E-003    -0.33312988E+001    -0.16827321E+001    -0.13541960E-002     0.51751298E-003
    -0.60337245E+000    -0.13341853E-002    -0.32746335E-003    -0.33403699E+001    -0.17009171E+001    -0.13617824E-002     0.50800117E-003
    -0.60261253E+000    -0.13300409E-002    -0.34944608E-003    -0.33494055E+001    -0.17193421E+001    -0.13693648E-002     0.49844008E-003
    -0.60185262E+000    -0.13253118E-002    -0.37137409E-003    -0.33584028E+001    -0.17380107E+001    -0.13769478E-002     0.48882636E-003
    -0.60109270E+000    -0.13199958E-002    -0.39322787E-003    -0.33673588E+001    -0.17569263E+001    -0.13845360E-002     0.47915619E-003
    -0.60033279E+000    -0.13140912E-002    -0.41498764E-003    -0.33762703E+001    -0.17760925E+001    -0.13921336E-002     0.46942529E-003
    -0.59957287E+000    -0.13075968E-002    -0.43663336E-003    -0.33851341E+001    -0.17955129E+001    -0.13997449E-002     0.45962892E-003
    -0.59881296E+000    -0.13005121E-002    -0.45814474E-003    -0.33939468E+001    -0.18151912E+001    -0.14073740E-002     0.44976183E-003
    -0.59805304E+000    -0.12928371E-002    -0.47950122E-003    -0.34027050E+001    -0.18351311E+001    -0.14150245E-002     0.43981831E-003
    -0.59729313E+000    -0.12845725E-002    -0.50068197E-003    -0.34114049E+001    -0.18553366E+001    -0.14227001E-002     0.42979217E-003
    -0.59653321E+000    -0.12757193E-002    -0.52166589E-003    -0.34200429E+001    -0.18758114E+001    -0.14304040E-002     0.41967671E-003
    -0.59577330E+000    -0.12662795E-002    -0.54243158E-003    -0.34286148E+001    -0.18965595E+001    -0.14381391E-002     0.40946478E-003
    -0.59501338E+000    -0.12562555E-002    -0.56295736E-003    -0.34371166E+001    -0.19175851E+001    -0.14459077E-002     0.39914874E-003
    -0.59425347E+000    -0.12456504E-002    -0.58322123E-003    -0.34455439E+001    -0.19388921E+001    -0.14537121E-002     0.38872051E-003
    -0.59349355E+000    -0.12344680E-002    -0.60320089E-003    -0.34538922E+001    -0.19604848E+001    -0.14615536E-002     0.37817157E-003
    -0.59273364E+000    -0.12227129E-002    -0.62287369E-003    -0.34621568E+001    -0.19823674E+001    -0.14694332E-002     0.36749296E-003
    -0.59197373E+000    -0.12103903E-002    -0.64221664E-003    -0.34703328E+001    -0.20045443E+001    -0.14773515E-002     0.35667535E-003
    -0.59121381E+000    -0.11975062E-002    -0.66120637E-003    -0.34784148E+001    -0.20270198E+001    -0.14853080E-002     0.34570904E-003
    -0.59045390E+000    -0.11840677E-002    -0.67981916E-003    -0.34863976E+001    -0.20497984E+001    -0.14933020E-002     0.33458402E-003
    -0.58969398E+000    -0.11700823E-002    -0.69803087E-003    -0.34942753E+001    -0.20728846E+001    -0.15013318E-002     0.32328999E-003
    -0.58893407E+000    -0.11555590E-002    -0.71581697E-003    -0.35020421E+001    -0.20962829E+001    -0.15093949E-002     0.31181642E-003
    -0.58817415E+000    -0.11405076E-002    -0.73315251E-003    -0.35096915E+001    -0.21199979E+001    -0.15174882E-002     0.30015259E-003
    -0.58741424E+000    -0.11249388E-002    -0.75001215E-003    -0.35172170E+001    -0.21440342E+001    -0.15256075E-002     0.28828768E-003
    -0.58665432E+000    -0.11088649E-002    -0.76637014E-003    -0.35246117E+001    -0.21683966E+001    -0.15337478E-002     0.27621081E-003
    -0.58589441E+000    -0.10922992E-002    -0.78220033E-003    -0.35318682E+001    -0.21930896E+001    -0.15419034E-002     0.26391110E-003
    -0.58513449E+000    -0.10752567E-002    -0.79747618E-003    -0.35389789E+001    -0.22181179E+001    -0.15500675E-002     0.25137779E-003
    -0.58437458E+000    -0.10577536E-002    -0.81217082E-003    -0.35459356E+001    -0.22434861E+001    -0.15582322E-002     0.23860024E-003
    -0.58361466E+000    -0.10398079E-002    -0.82625704E-003    -0.35527300E+001    -0.22691990E+001    -0.15663889E-002     0.22556810E-003
    -0.58285475E+000    -0.10214395E-002    -0.83970741E-003    -0.35593530E+001    -0.22952609E+001    -0.15745281E-002     0.21227133E-003
    -0.58209483E+000    -0.10026702E-002    -0.85249432E-003    -0.35657952E+001    -0.23216764E+001    -0.15826391E-002     0.19870030E-003
    -0.58133492E+000    -0.98352383E-003    -0.86459009E-003    -0.35720468E+001    -0.23484498E+001    -0.15907106E-002     0.18484588E-003
    -0.58057500E+000    -0.96402644E-003    -0.87596708E-003    -0.35780974E+001    -0.23755853E+001    -0.15987300E-002     0.17069953E-003
    -0.57981509E+000    -0.94420654E-003    -0.88659784E-003    -0.35839362E+001    -0.24030870E+001    -0.16066843E-002     0.15625337E-003
    -0.57905517E+000    -0.92409521E-003    -0.89645525E-003    -0.35895516E+001    -0.24309586E+001    -0.16145595E-002     0.14150026E-003
    -0.57829526E+000    -0.90372619E-003    -0.90551276E-003    -0.35949319E+001    -0.24592037E+001    -0.16223408E-002     0.12643388E-003
    -0.57753534E+000    -0.88313611E-003    -0.91374459E-003    -0.36000643E+001    -0.24878256E+001    -0.16300127E-002     0.11104878E-003
    -0.57677543E+000    -0.86236461E-003    -0.92112598E-003    -0.36049360E+001    -0.25168272E+001    -0.16375593E-002     0.95340475E-004
    -0.57601551E+000    -0.84145441E-003    -0.92763352E-003    -0.36095332E+001    -0.25462110E+001    -0.16449640E-002     0.79305468E-004
    -0.57525560E+000    -0.82045148E-003    -0.93324545E-003    -0.36138417E+001    -0.25759792E+001    -0.16522098E-002     0.62941304E-004
    -0.57449568E+000    -0.79940508E-003    -0.93794205E-003    -0.36178468E+001    -0.26061332E+001    -0.16592792E-002     0.46246605E-004
    -0.57373577E+000    -0.77836778E-003    -0.94170604E-003    -0.36215331E+001    -0.26366741E+001    -0.16661546E-002     0.29221092E-004
    -0.57297585E+000    -0.75739547E-003    -0.94452298E-003    -0.36248849E+001    -0.26676024E+001    -0.16728182E-002     0.11865602E-004
    -0.57221594E+000    -0.73654732E-003    -0.94638172E-003    -0.36278856E+001    -0.26989178E+001    -0.16792520E-002    -0.58179138E-005
    -0.57145602E+000    -0.71588568E-003    -0.94727490E-003    -0.36305185E+001    -0.27306194E+001    -0.16854381E-002    -0.23826395E-004
    -0.57069611E+000    -0.69547592E-003    -0.94719946E-003    -0.36327662E+001    -0.27627053E+001    -0.16913585E-002    -0.42155689E-004
    -0.56993619E+000    -0.67538621E-003    -0.94615711E-003    -0.36346109E+001    -0.27951731E+001    -0.16969957E-002    -0.60800578E-004
    -0.56917628E+000    -0.65568726E-003    -0.94415491E-003    -0.36360345E+001    -0.28280191E+001    -0.17023320E-002    -0.79754811E-004
    -0.56841636E+000    -0.63645191E-003    -0.94120572E-003    -0.36370184E+001    -0.28612390E+001    -0.17073502E-002    -0.99011145E-004
    -0.56765645E+000    -0.61775470E-003    -0.93732876E-003    -0.36375438E+001    -0.28948273E+001    -0.17120334E-002    -0.11856139E-003
    -0.56689653E+000    -0.59967136E-003    -0.93255006E-003    -0.36375918E+001    -0.29287775E+001    -0.17163651E-002    -0.13839645E-003
    -0.56613662E+000    -0.58227825E-003    -0.92690289E-003    -0.36371431E+001    -0.29630820E+001    -0.17203292E-002    -0.15850639E-003
    -0.56537670E+000    -0.56565160E-003    -0.92042824E-003    -0.36361785E+001    -0.29977320E+001    -0.17239101E-002    -0.17888045E-003
    -0.56461679E+000    -0.54986683E-003    -0.91317511E-003    -0.36346786E+001    -0.30327177E+001    -0.17270923E-002    -0.19950711E-003
    -0.56385687E+000    -0.53499765E-003    -0.90520082E-003    -0.36326242E+001    -0.30680279E+001    -0.17298613E-002    -0.22037413E-003
    -0.56309696E+000    -0.52111519E-003    -0.89657119E-003    -0.36299961E+001    -0.31036502E+001    -0.17322026E-002    -0.24146856E-003
    -0.56233704E+000    -0.50828703E-003    -0.88736069E-003    -0.36267755E+001    -0.31395710E+001    -0.17341023E-002    -0.26277678E-003
    -0.56157713E+000    -0.49657613E-003    -0.87765246E-003    -0.36229438E+001    -0.31757754E+001    -0.17355470E-002    -0.28428449E-003
    -0.56081721E+000    -0.48603978E-003    -0.86753813E-003    -0.36184828E+001    -0.32122473E+001    -0.17365235E-002    -0.30597674E-003
    -0.56005730E+000    -0.47672851E-003    -0.85711768E-003    -0.36133748E+001    -0.32489691E+001    -0.17370192E-002    -0.32783787E-003
    -0.55929738E+000    -0.46868489E-003    -0.84649900E-003    -0.36076026E+001    -0.32859222E+001    -0.17370219E-002    -0.34985152E-003
    -0.55853747E+000    -0.46194246E-003    -0.83579741E-003    -0.36011500E+001    -0.33230864E+001    -0.17365196E-002    -0.37200057E-003
    -0.55777755E+000    -0.45652457E-003    -0.82513504E-003    -0.35940012E+001    -0.33604404E+001    -0.17355010E-002    -0.39426712E-003
    -0.55701764E+000    -0.45244324E-003    -0.81463994E-003    -0.35861417E+001    -0.33979617E+001    -0.17339550E-002    -0.41663240E-003
    -0.55625772E+000    -0.44969814E-003    -0.80444518E-003    -0.35775577E+001    -0.34356264E+001    -0.17318710E-002    -0.43907672E-003
    -0.55549781E+000    -0.44827558E-003    -0.79468765E-003    -0.35682366E+001    -0.34734097E+001    -0.17292391E-002    -0.46157941E-003
    -0.55473789E+000    -0.44814762E-003    -0.78550681E-003    -0.35581673E+001    -0.35112853E+001    -0.17260498E-002    -0.48411871E-003
    -0.55397798E+000    -0.44927130E-003    -0.77704323E-003    -0.35473397E+001    -0.35492260E+001    -0.17222947E-002    -0.50667178E-003
    -0.55321806E+000    -0.45158795E-003    -0.76943698E-003    -0.35357453E+001    -0.35872037E+001    -0.17179658E-002    -0.52921456E-003
    -0.55245815E+000    -0.45502270E-003    -0.76282592E-003    -0.35233775E+001    -0.36251891E+001    -0.17130564E-002    -0.55172180E-003
    -0.55169823E+000    -0.45948423E-003    -0.75734380E-003    -0.35102311E+001    -0.36631524E+001    -0.17075609E-002    -0.57416698E-003
    -0.55093832E+000    -0.46486464E-003    -0.75311831E-003    -0.34963029E+001    -0.37010628E+001    -0.17014750E-002    -0.59652231E-003
    -0.55017840E+000    -0.47103959E-003    -0.75026907E-003    -0.34815916E+001    -0.37388892E+001    -0.16947963E-002    -0.61875883E-003
    -0.54941849E+000    -0.47786873E-003    -0.74890546E-003    -0.34660980E+001    -0.37765999E+001    -0.16875238E-002    -0.64084635E-003
    -0.54865857E+000    -0.48519635E-003    -0.74912457E-003    -0.34498252E+001    -0.38141630E+001    -0.16796588E-002    -0.66275368E-003
    -0.54789866E+000    -0.49285232E-003    -0.75100901E-003    -0.34327784E+001    -0.38515467E+001    -0.16712049E-002    -0.68444866E-003
    -0.54713874E+000    -0.50065336E-003    -0.75462490E-003    -0.34149651E+001    -0.38887194E+001    -0.16621680E-002    -0.70589843E-003
    -0.54637883E+000    -0.50840456E-003    -0.76001991E-003    -0.33963953E+001    -0.39256499E+001    -0.16525571E-002    -0.72706963E-003
    -0.54561891E+000    -0.51590128E-003    -0.76722140E-003    -0.33770811E+001    -0.39623077E+001    -0.16423838E-002    -0.74792869E-003
    -0.54485900E+000    -0.52293119E-003    -0.77623482E-003    -0.33570369E+001    -0.39986633E+001    -0.16316630E-002    -0.76844214E-003
    -0.54409908E+000    -0.52927671E-003    -0.78704230E-003    -0.33362795E+001    -0.40346886E+001    -0.16204126E-002    -0.78857702E-003
    -0.54333917E+000    -0.53471764E-003    -0.79960152E-003    -0.33148276E+001    -0.40703569E+001    -0.16086541E-002    -0.80830128E-003
    -0.54257926E+000    -0.53903395E-003    -0.81384495E-003    -0.32927017E+001    -0.41056433E+001    -0.15964119E-002    -0.82758415E-003
    -0.54181934E+000    -0.54200877E-003    -0.82967943E-003    -0.32699242E+001    -0.41405250E+001    -0.15837139E-002    -0.84639668E-003
    -0.54105943E+000    -0.54343145E-003    -0.84698607E-003    -0.32465187E+001    -0.41749814E+001    -0.15705910E-002    -0.86471213E-003
    -0.54029951E+000    -0.54310063E-003    -0.86562070E-003    -0.32225099E+001    -0.42089943E+001    -0.15570769E-002    -0.88250643E-003
    -0.53953960E+000    -0.54082740E-003    -0.88541458E-003    -0.31979232E+001    -0.42425483E+001    -0.15432078E-002    -0.89975861E-003
    -0.53877968E+000    -0.53643821E-003    -0.90617565E-003    -0.31727843E+001    -0.42756303E+001    -0.15290223E-002    -0.91645114E-003
    -0.53801977E+000    -0.52977774E-003    -0.92769016E-003    -0.31471189E+001    -0.43082299E+001    -0.15145605E-002    -0.93257031E-003
    -0.53725985E+000    -0.52071148E-003    -0.94972461E-003    -0.31209520E+001    -0.43403393E+001    -0.14998639E-002    -0.94810640E-003
    -0.53649994E+000    -0.50912804E-003    -0.97202806E-003    -0.30943079E+001    -0.43719531E+001    -0.14849747E-002    -0.96305391E-003
    -0.53574002E+000    -0.49494113E-003    -0.99433478E-003    -0.30672095E+001    -0.44030679E+001    -0.14699352E-002    -0.97741161E-003
    -0.53498011E+000    -0.47809114E-003    -0.10163670E-002    -0.30396780E+001    -0.44336820E+001    -0.14547875E-002    -0.99118255E-003
    -0.53422019E+000    -0.45854637E-003    -0.10378379E-002    -0.30117326E+001    -0.44637954E+001    -0.14395723E-002    -0.10043739E-002
    -0.53346028E+000    -0.43630381E-003    -0.10584545E-002    -0.29833903E+001    -0.44934089E+001    -0.14243293E-002    -0.10169968E-002
    -0.53270036E+000    -0.41138947E-003    -0.10779212E-002    -0.29546661E+001    -0.45225234E+001    -0.14090958E-002    -0.10290660E-002
    -0.53194045E+000    -0.38385840E-003    -0.10959420E-002    -0.29255721E+001    -0.45511400E+001    -0.13939069E-002    -0.10405996E-002
    -0.53118053E+000    -0.35379424E-003    -0.11122238E-002    -0.28961186E+001    -0.45792588E+001    -0.13787948E-002    -0.10516186E-002
    -0.53042062E+000    -0.32130858E-003    -0.11264791E-002    -0.28663135E+001    -0.46068787E+001    -0.13637887E-002    -0.10621464E-002
    -0.52966070E+000    -0.28653994E-003    -0.11384280E-002    -0.28361630E+001    -0.46339965E+001    -0.13489148E-002    -0.10722082E-002
    -0.52890079E+000    -0.24965265E-003    -0.11478007E-002    -0.28056720E+001    -0.46606065E+001    -0.13341956E-002    -0.10818310E-002
    -0.52814087E+000    -0.21083560E-003    -0.11543388E-002    -0.27748448E+001    -0.46866999E+001    -0.13196506E-002    -0.10910426E-002
    -0.52738096E+000    -0.17030089E-003    -0.11577976E-002    -0.27436855E+001    -0.47122649E+001    -0.13052958E-002    -0.10998715E-002
    -0.52662104E+000    -0.12828260E-003    -0.11579465E-002    -0.27121989E+001    -0.47372856E+001    -0.12911441E-002    -0.11083465E-002
    -0.52586113E+000    -0.85035598E-004    -0.11545707E-002    -0.26803914E+001    -0.47617427E+001    -0.12772053E-002    -0.11164961E-002
    -0.52510121E+000    -0.40834551E-004    -0.11474714E-002    -0.26482722E+001    -0.47856129E+001    -0.12634862E-002    -0.11243487E-002
    -0.52434130E+000     0.40269225E-005    -0.11364672E-002    -0.26158538E+001    -0.48088693E+001    -0.12499909E-002    -0.11319319E-002
    -0.52358138E+000     0.49236808E-004    -0.11213944E-002    -0.25831534E+001    -0.48314821E+001    -0.12367207E-002    -0.11392724E-002
    -0.52282147E+000     0.94465064E-004    -0.11021077E-002    -0.25501936E+001    -0.48534187E+001    -0.12236744E-002    -0.11463958E-002
    -0.52206155E+000     0.13936377E-003    -0.10784813E-002    -0.25170034E+001    -0.48746444E+001    -0.12108486E-002    -0.11533266E-002
    -0.52130164E+000     0.18356712E-003    -0.10504101E-002    -0.24836193E+001    -0.48951241E+001    -0.11982373E-002    -0.11600876E-002
    -0.52054172E+000     0.22669122E-003    -0.10178106E-002    -0.24500856E+001    -0.49148225E+001    -0.11858324E-002    -0.11666997E-002
    -0.51978181E+000     0.26833398E-003    -0.98062344E-003    -0.24164554E+001    -0.49337063E+001    -0.11736239E-002    -0.11731819E-002
    -0.51902189E+000     0.30807499E-003    -0.93881486E-003    -0.23827903E+001    -0.49517449E+001    -0.11615999E-002    -0.11795507E-002
    -0.51826198E+000     0.34547558E-003    -0.89237990E-003    -0.23491614E+001    -0.49689125E+001    -0.11497470E-002    -0.11858199E-002
    -0.51750206E+000     0.38007929E-003    -0.84134514E-003    -0.23156485E+001    -0.49851897E+001    -0.11380507E-002    -0.11920000E-002
    -0.51674215E+000     0.41141262E-003    -0.78577226E-003    -0.22823401E+001    -0.50005654E+001    -0.11264958E-002    -0.11980985E-002
    -0.51598223E+000     0.43898652E-003    -0.72576177E-003    -0.22493323E+001    -0.50150380E+001    -0.11150668E-002    -0.12041190E-002
    -0.51522232E+000     0.46229834E-003    -0.66145697E-003    -0.22167282E+001    -0.50286179E+001    -0.11037489E-002    -0.12100613E-002
    -0.51446240E+000     0.48083473E-003    -0.59304807E-003    -0.21846366E+001    -0.50413284E+001    -0.10925284E-002    -0.12159218E-002
    -0.51370249E+000     0.49407525E-003    -0.52077616E-003    -0.21531697E+001    -0.50532079E+001    -0.10813938E-002    -0.12216927E-002
    -0.51294257E+000     0.50149673E-003    -0.44493696E-003    -0.21224422E+001    -0.50643106E+001    -0.10703360E-002    -0.12273631E-002
    -0.51218266E+000     0.50257851E-003    -0.36588425E-003    -0.20925682E+001    -0.50747076E+001    -0.10593495E-002    -0.12329190E-002
    -0.51142274E+000     0.49680836E-003    -0.28403272E-003    -0.20636595E+001    -0.50844880E+001    -0.10484328E-002    -0.12383439E-002
    -0.51066283E+000     0.48368903E-003    -0.19986015E-003    -0.20358228E+001    -0.50937588E+001    -0.10375892E-002    -0.12436194E-002
    -0.50990291E+000     0.46274528E-003    -0.11390892E-003    -0.20091567E+001    -0.51026450E+001    -0.10268269E-002    -0.12487260E-002
    -0.50914300E+000     0.43353129E-003    -0.26786655E-004    -0.19837497E+001    -0.51112894E+001    -0.10161594E-002    -0.12536441E-002
    -0.50838308E+000     0.39563834E-003     0.60833838E-004    -0.19596768E+001    -0.51198515E+001    -0.10056060E-002    -0.12583543E-002
    -0.50762317E+000     0.34870268E-003     0.14821546E-003    -0.19369976E+001    -0.51285065E+001    -0.99519149E-003    -0.12628386E-002
    -0.50686325E+000     0.29241347E-003     0.23455841E-003    -0.19157529E+001    -0.51374434E+001    -0.98494648E-003    -0.12670810E-002
    -0.50610334E+000     0.22652090E-003     0.31900239E-003    -0.18959637E+001    -0.51468632E+001    -0.97490727E-003    -0.12710681E-002
    -0.50534342E+000     0.15084450E-003     0.40062956E-003    -0.18776281E+001    -0.51569767E+001    -0.96511591E-003    -0.12747903E-002
    -0.50458351E+000     0.65281638E-004     0.47846813E-003    -0.18607203E+001    -0.51680015E+001    -0.95562020E-003    -0.12782421E-002
    -0.50382359E+000    -0.30183514E-004     0.55149682E-003    -0.18451891E+001    -0.51801598E+001    -0.94647373E-003    -0.12814233E-002
    -0.50306368E+000    -0.13547066E-003     0.61865034E-003    -0.18309574E+001    -0.51936750E+001    -0.93773592E-003    -0.12843397E-002
    -0.50230376E+000    -0.25039360E-003     0.67882621E-003    -0.18179209E+001    -0.52087688E+001    -0.92947201E-003    -0.12870043E-002
    -0.50154385E+000    -0.37465013E-003     0.73089331E-003    -0.18059487E+001    -0.52256584E+001    -0.92175302E-003    -0.12894391E-002
    -0.50078393E+000    -0.50781191E-003     0.77370246E-003    -0.17948832E+001    -0.52445533E+001    -0.91465549E-003    -0.12916760E-002
    -0.50002402E+000    -0.64931470E-003     0.80609947E-003    -0.17845408E+001    -0.52656526E+001    -0.90826104E-003    -0.12937591E-002
    -0.49926410E+000    -0.79844954E-003     0.82694081E-003    -0.17747125E+001    -0.52891420E+001    -0.90265555E-003    -0.12957467E-002
    -0.49850419E+000    -0.95435564E-003     0.83511202E-003    -0.17651651E+001    -0.53151917E+001    -0.89792794E-003    -0.12977138E-002
    -0.49774427E+000    -0.11160157E-002     0.82954871E-003    -0.17556425E+001    -0.53439535E+001    -0.89416836E-003    -0.12997542E-002
    -0.49698436E+000    -0.12822542E-002     0.80925974E-003    -0.17458670E+001    -0.53755592E+001    -0.89146566E-003    -0.13019834E-002
    -0.49622444E+000    -0.14517401E-002     0.77335202E-003    -0.17355409E+001    -0.54101178E+001    -0.88990418E-003    -0.13045408E-002
    -0.49546453E+000    -0.16229932E-002     0.72105621E-003    -0.17243477E+001    -0.54477142E+001    -0.88955950E-003    -0.13075923E-002
    -0.49470461E+000    -0.17943955E-002     0.65175229E-003    -0.17119539E+001    -0.54884072E+001    -0.89049334E-003    -0.13113316E-002
    -0.49394470E+000    -0.19642073E-002     0.56499421E-003    -0.16980105E+001    -0.55322276E+001    -0.89274749E-003    -0.13159815E-002
    -0.49318479E+000    -0.21305879E-002     0.46053260E-003    -0.16821546E+001    -0.55791766E+001    -0.89633683E-003    -0.13217935E-002
    -0.49242487E+000    -0.22916204E-002     0.33833477E-003    -0.16640107E+001    -0.56292240E+001    -0.90124157E-003    -0.13290468E-002
    -0.49166496E+000    -0.24453408E-002     0.19860104E-003    -0.16431924E+001    -0.56823063E+001    -0.90739910E-003    -0.13380445E-002
    -0.49090504E+000    -0.25897702E-002     0.41776680E-004    -0.16193039E+001    -0.57383246E+001    -0.91469560E-003    -0.13491090E-002
    -0.49014513E+000    -0.27229499E-002    -0.13144127E-003    -0.15919417E+001    -0.57971421E+001    -0.92295791E-003    -0.13625745E-002
    -0.48938521E+000    -0.28429775E-002    -0.32010290E-003    -0.15606963E+001    -0.58585814E+001    -0.93194625E-003    -0.13787779E-002
    -0.48862530E+000    -0.29480449E-002    -0.52301061E-003    -0.15251548E+001    -0.59224213E+001    -0.94134803E-003    -0.13980466E-002
    -0.48786538E+000    -0.30364745E-002    -0.73873074E-003    -0.14849034E+001    -0.59883932E+001    -0.95077357E-003    -0.14206854E-002
    -0.48710547E+000    -0.31067539E-002    -0.96561174E-003    -0.14395310E+001    -0.60561765E+001    -0.95975407E-003    -0.14469605E-002
    -0.48634555E+000    -0.31575669E-002    -0.12018081E-002    -0.13886346E+001    -0.61253945E+001    -0.96774238E-003    -0.14770823E-002
    -0.48558564E+000    -0.31878197E-002    -0.14453092E-002    -0.13318249E+001    -0.61956092E+001    -0.97411712E-003    -0.15111874E-002
    -0.48482572E+000    -0.31966608E-002    -0.16939715E-002    -0.12687354E+001    -0.62663169E+001    -0.97819065E-003    -0.15493190E-002
    -0.48406581E+000    -0.31834954E-002    -0.19455527E-002    -0.11990324E+001    -0.63369445E+001    -0.97922132E-003    -0.15914083E-002
    -0.48330589E+000    -0.31479937E-002    -0.21977455E-002    -0.11224277E+001    -0.64068470E+001    -0.97643052E-003    -0.16372561E-002
    -0.48254598E+000    -0.30900934E-002    -0.24482102E-002    -0.10386941E+001    -0.64753074E+001    -0.96902484E-003    -0.16865163E-002
    -0.48178606E+000    -0.30100000E-002    -0.26946049E-002    -0.94768159E+000    -0.65415399E+001    -0.95622349E-003    -0.17386830E-002
    -0.48102615E+000    -0.29081837E-002    -0.29346130E-002    -0.84933595E+000    -0.66046976E+001    -0.93729092E-003    -0.17930821E-002
    -0.48026623E+000    -0.27853770E-002    -0.31659691E-002    -0.74371652E+000    -0.66638844E+001    -0.91157386E-003    -0.18488695E-002
    -0.47950632E+000    -0.26425720E-002    -0.33864840E-002    -0.63101303E+000    -0.67181732E+001    -0.87854180E-003    -0.19050374E-002
    -0.47874640E+000    -0.24810196E-002    -0.35940717E-002    -0.51155913E+000    -0.67666286E+001    -0.83782887E-003    -0.19604317E-002
    -0.47798649E+000    -0.23022272E-002    -0.37867796E-002    -0.38584095E+000    -0.68083356E+001    -0.78927447E-003    -0.20137795E-002
    -0.47722657E+000    -0.21079557E-002    -0.39628236E-002    -0.25449891E+000    -0.68424309E+001    -0.73295926E-003    -0.20637294E-002
    -0.47646666E+000    -0.19002101E-002    -0.41206294E-002    -0.11832125E+000    -0.68681366E+001    -0.66923275E-003    -0.21089031E-002
    -0.47570674E+000    -0.16812229E-002    -0.42588787E-002     0.21771422E-001    -0.68847930E+001    -0.59872845E-003    -0.21479561E-002
    -0.47494683E+000    -0.14534243E-002    -0.43765579E-002     0.16475061E+000    -0.68918871E+001    -0.52236325E-003    -0.21796450E-002
    -0.47418691E+000    -0.12193992E-002    -0.44730058E-002     0.30951235E+000    -0.68890757E+001    -0.44131885E-003    -0.22028956E-002
    -0.47342700E+000    -0.98182768E-003    -0.45479554E-002     0.45491536E+000    -0.68761979E+001    -0.35700444E-003    -0.22168670E-002
    -0.47266708E+000    -0.74341178E-003    -0.46015634E-002     0.59982201E+000    -0.68532784E+001    -0.27100217E-003    -0.22210059E-002
    -0.47190717E+000    -0.50678997E-003    -0.46344226E-002     0.74313840E+000    -0.68205178E+001    -0.18499858E-003    -0.22150857E-002
    -0.47114725E+000    -0.27444573E-003    -0.46475524E-002     0.88384982E+000    -0.67782728E+001    -0.10070681E-003    -0.21992266E-002
    -0.47038734E+000    -0.48616239E-004    -0.46423646E-002     0.10210483E+001    -0.67270281E+001    -0.19785434E-004    -0.21738958E-002
    -0.46962742E+000     0.16879096E-003    -0.46206055E-002     0.11539498E+001    -0.66673623E+001     0.56240327E-004    -0.21398864E-002
    -0.46886751E+000     0.37626576E-003    -0.45842744E-002     0.12819004E+001    -0.65999118E+001     0.12604936E-003    -0.20982768E-002
    -0.46810759E+000     0.57274076E-003    -0.45355251E-002     0.14043709E+001    -0.65253382E+001     0.18858277E-003    -0.20503745E-002
    -0.46734768E+000     0.75760888E-003    -0.44765563E-002     0.15209433E+001    -0.64443000E+001     0.24308569E-003    -0.19976479E-002
    -0.46658776E+000     0.93071027E-003    -0.44095000E-002     0.16312904E+001    -0.63574334E+001     0.28913034E-003    -0.19416498E-002
    -0.46582785E+000     0.10922884E-002    -0.43363176E-002     0.17351533E+001    -0.62653417E+001     0.32661911E-003    -0.18839397E-002
    -0.46506793E+000     0.12429182E-002    -0.42587113E-002     0.18323190E+001    -0.61685938E+001     0.35576794E-003    -0.18260084E-002
    -0.46430802E+000     0.13834118E-002    -0.41780620E-002     0.19226024E+001    -0.60677303E+001     0.37707172E-003    -0.17692119E-002
    -0.46354810E+000     0.15147111E-002    -0.40953975E-002     0.20058335E+001    -0.59632749E+001     0.39125527E-003    -0.17147177E-002
    -0.46278819E+000     0.16377776E-002    -0.40113950E-002     0.20818516E+001    -0.58557474E+001     0.39921443E-003    -0.16634684E-002
    -0.46202827E+000     0.17534900E-002    -0.39264182E-002     0.21505059E+001    -0.57456778E+001     0.40195308E-003    -0.16161618E-002
    -0.46126836E+000     0.18625614E-002    -0.38405825E-002     0.22116620E+001    -0.56336170E+001     0.40052131E-003    -0.15732491E-002
    -0.46050844E+000     0.19654847E-002    -0.37538419E-002     0.22652114E+001    -0.55201437E+001     0.39595939E-003    -0.15349477E-002
    -0.45974853E+000     0.20625096E-002    -0.36660854E-002     0.23110842E+001    -0.54058670E+001     0.38925077E-003    -0.15012652E-002
    -0.45898861E+000     0.21536538E-002    -0.35772320E-002     0.23492608E+001    -0.52914239E+001     0.38128525E-003    -0.14720304E-002
    -0.45822870E+000     0.22387438E-002    -0.34873131E-002     0.23797826E+001    -0.51774734E+001     0.37283276E-003    -0.14469297E-002
    -0.45746878E+000     0.23174772E-002    -0.33965330E-002     0.24027609E+001    -0.50646878E+001     0.36452671E-003    -0.14255433E-002
    -0.45670887E+000     0.23894991E-002    -0.33053040E-002     0.24183830E+001    -0.49537421E+001     0.35685602E-003    -0.14073821E-002
    -0.45594895E+000     0.24544806E-002    -0.32142550E-002     0.24269162E+001    -0.48453028E+001     0.35016486E-003    -0.13919228E-002
    -0.45518904E+000     0.25121918E-002    -0.31242158E-002     0.24287101E+001    -0.47400158E+001     0.34465902E-003    -0.13786393E-002
    -0.45442912E+000     0.25625648E-002    -0.30361831E-002     0.24241971E+001    -0.46384943E+001     0.34041799E-003    -0.13670313E-002
    -0.45366921E+000     0.26057412E-002    -0.29512739E-002     0.24138915E+001    -0.45413060E+001     0.33741131E-003    -0.13566472E-002
    -0.45290929E+000     0.26421068E-002    -0.28706717E-002     0.23983872E+001    -0.44489593E+001     0.33551759E-003    -0.13471023E-002
    -0.45214938E+000     0.26723134E-002    -0.27955676E-002     0.23783532E+001    -0.43618899E+001     0.33454467E-003    -0.13380927E-002
    -0.45138946E+000     0.26972896E-002    -0.27270995E-002     0.23545273E+001    -0.42804449E+001     0.33425018E-003    -0.13294055E-002
    -0.45062955E+000     0.27182412E-002    -0.26662864E-002     0.23277066E+001    -0.42048683E+001     0.33436294E-003    -0.13209270E-002
    -0.44986963E+000     0.27366392E-002    -0.26139601E-002     0.22987352E+001    -0.41352840E+001     0.33460687E-003    -0.13126499E-002
    -0.44910972E+000     0.27541922E-002    -0.25706923E-002     0.22684873E+001    -0.40716805E+001     0.33472963E-003    -0.13046772E-002
    -0.44834980E+000     0.27727984E-002    -0.25367207E-002     0.22378445E+001    -0.40138945E+001     0.33453736E-003    -0.12972193E-002
    -0.44758989E+000     0.27944715E-002    -0.25118801E-002     0.22076668E+001    -0.39615989E+001     0.33393422E-003    -0.12905802E-002
    -0.44682997E+000     0.28212380E-002    -0.24955477E-002     0.21787558E+001    -0.39142944E+001     0.33296227E-003    -0.12851270E-002
    -0.44607006E+000     0.28550048E-002    -0.24866180E-002     0.21518111E+001    -0.38713112E+001     0.33183336E-003    -0.12812397E-002
    -0.44531014E+000     0.28974063E-002    -0.24835220E-002     0.21273811E+001    -0.38318232E+001     0.33094304E-003    -0.12792449E-002
    -0.44455023E+000     0.29496467E-002    -0.24843075E-002     0.21058145E+001    -0.37948797E+001     0.33085700E-003    -0.12793386E-002
    -0.44379032E+000     0.30123655E-002    -0.24867869E-002     0.20872171E+001    -0.37594553E+001     0.33226430E-003    -0.12815128E-002
    -0.44303040E+000     0.30855615E-002    -0.24887493E-002     0.20714245E+001    -0.37245175E+001     0.33589843E-003    -0.12855005E-002
    -0.44227049E+000     0.31686065E-002    -0.24882086E-002     0.20579976E+001    -0.36891066E+001     0.34243464E-003    -0.12907536E-002
    -0.44151057E+000     0.32603735E-002    -0.24836472E-002     0.20462454E+001    -0.36524162E+001     0.35237911E-003    -0.12964642E-002
    -0.44075066E+000     0.33594736E-002    -0.24741933E-002     0.20352774E+001    -0.36138660E+001     0.36596936E-003    -0.13016314E-002
    -0.43999074E+000     0.34645670E-002    -0.24596824E-002     0.20240783E+001    -0.35731515E+001     0.38310473E-003    -0.13051666E-002
    -0.43923083E+000     0.35746843E-002    -0.24405663E-002     0.20115954E+001    -0.35302658E+001     0.40332192E-003    -0.13060228E-002
    -0.43847091E+000     0.36894794E-002    -0.24176809E-002     0.19968265E+001    -0.34854892E+001     0.42582330E-003    -0.13033287E-002
    -0.43771100E+000     0.38093504E-002    -0.23919197E-002     0.19788941E+001    -0.34393515E+001     0.44955771E-003    -0.12965044E-002
    -0.43695108E+000     0.39353998E-002    -0.23638927E-002     0.19570991E+001    -0.33925755E+001     0.47334404E-003    -0.12853392E-002
    -0.43619117E+000     0.40692551E-002    -0.23336498E-002     0.19309496E+001    -0.33460121E+001     0.49601898E-003    -0.12700127E-002
    -0.43543125E+000     0.42128050E-002    -0.23005221E-002     0.19001660E+001    -0.33005777E+001     0.51658258E-003    -0.12510528E-002
    -0.43467134E+000     0.43679256E-002    -0.22630908E-002     0.18646691E+001    -0.32572010E+001     0.53431272E-003    -0.12292354E-002
    -0.43391142E+000     0.45362548E-002    -0.22192558E-002     0.18245552E+001    -0.32167830E+001     0.54882449E-003    -0.12054463E-002
    -0.43315151E+000     0.47190416E-002    -0.21663528E-002     0.17800684E+001    -0.31801713E+001     0.56006271E-003    -0.11805341E-002
    -0.43239159E+000     0.49170659E-002    -0.21012695E-002     0.17315707E+001    -0.31481464E+001     0.56823257E-003    -0.11551865E-002
    -0.43163168E+000     0.51305981E-002    -0.20205269E-002     0.16795175E+001    -0.31214187E+001     0.57368863E-003    -0.11298561E-002
    -0.43087176E+000     0.53593600E-002    -0.19203199E-002     0.16244380E+001    -0.31006325E+001     0.57681086E-003    -0.11047424E-002
    -0.43011185E+000     0.56024481E-002    -0.17965312E-002     0.15669239E+001    -0.30863752E+001     0.57789551E-003    -0.10798281E-002
    -0.42935193E+000     0.58581997E-002    -0.16447564E-002     0.15076259E+001    -0.30791866E+001     0.57707804E-003    -0.10549474E-002
    -0.42859202E+000     0.61240030E-002    -0.14603906E-002     0.14472577E+001    -0.30795681E+001     0.57429149E-003    -0.10298698E-002
    -0.42783210E+000     0.63960891E-002    -0.12388213E-002     0.13866072E+001    -0.30879857E+001     0.56925353E-003    -0.10043831E-002
    -0.42707219E+000     0.66693702E-002    -0.97574784E-003     0.13265518E+001    -0.31048675E+001     0.56147375E-003    -0.97837383E-003
    -0.42631227E+000     0.69373987E-002    -0.66760851E-003     0.12680761E+001    -0.31305929E+001     0.55027869E-003    -0.95190718E-003
    -0.42555236E+000     0.71925077E-002    -0.31204773E-003     0.12122898E+001    -0.31654734E+001     0.53485893E-003    -0.92530667E-003
    -0.42479244E+000     0.74261508E-002     0.91670107E-004     0.11604430E+001    -0.32097237E+001     0.51434552E-003    -0.89922932E-003
    -0.42403253E+000     0.76294021E-002     0.54240041E-003     0.11139377E+001    -0.32634233E+001     0.48792010E-003    -0.87472381E-003
    -0.42327261E+000     0.77935285E-002     0.10370821E-002     0.10743308E+001    -0.33264678E+001     0.45495819E-003    -0.85325626E-003
    -0.42251270E+000     0.79105084E-002     0.15709371E-002     0.10433251E+001    -0.33985107E+001     0.41519759E-003    -0.83668515E-003
    -0.42175278E+000     0.79733817E-002     0.21378418E-002     0.10227445E+001    -0.34788977E+001     0.36891297E-003    -0.82716710E-003
    -0.42099287E+000     0.79763734E-002     0.27307442E-002     0.10144884E+001    -0.35665952E+001     0.31706339E-003    -0.82698313E-003
    -0.42023295E+000     0.79148240E-002     0.33419910E-002     0.10204606E+001    -0.36601183E+001     0.26137074E-003    -0.83829610E-003
    -0.41947304E+000     0.77850396E-002     0.39634853E-002     0.10424627E+001    -0.37574626E+001     0.20429497E-003    -0.86287700E-003
    -0.41871312E+000     0.75841904E-002     0.45866941E-002     0.10820481E+001    -0.38560554E+001     0.14890039E-003    -0.90185406E-003
    -0.41795321E+000     0.73103207E-002     0.52026040E-002     0.11403297E+001    -0.39527469E+001     0.98640417E-004    -0.95553087E-003
    -0.41719329E+000     0.69624386E-002     0.58017162E-002     0.12177511E+001    -0.40438697E+001     0.57104665E-004    -0.10232902E-002
    -0.41643338E+000     0.65406047E-002     0.63740954E-002     0.13138455E+001    -0.41253999E+001     0.27761200E-004    -0.11035717E-002
    -0.41567346E+000     0.60459747E-002     0.69094034E-002     0.14270326E+001    -0.41932435E+001     0.13699122E-004    -0.11939071E-002
    -0.41491355E+000     0.54808599E-002     0.73968291E-002     0.15545297E+001    -0.42436438E+001     0.17362253E-004    -0.12910222E-002
    -0.41415363E+000     0.48489483E-002     0.78249163E-002     0.16924576E+001    -0.42736509E+001     0.40290723E-004    -0.13910440E-002
    -0.41339372E+000     0.41558245E-002     0.81814284E-002     0.18361811E+001    -0.42815354E+001     0.82944626E-004    -0.14898407E-002
    -0.41263380E+000     0.34098037E-002     0.84535032E-002     0.19808378E+001    -0.42670020E+001     0.14471426E-003    -0.15834408E-002
    -0.41187389E+000     0.26229127E-002     0.86283631E-002     0.21219072E+001    -0.42311152E+001     0.22416469E-003    -0.16683897E-002
    -0.41111397E+000     0.18116507E-002     0.86947422E-002     0.22556427E+001    -0.41759638E+001     0.31943157E-003    -0.17418783E-002
    -0.41035406E+000     0.99704088E-003     0.86449371E-002     0.23792497E+001    -0.41042089E+001     0.42857197E-003    -0.18015814E-002
    -0.40959414E+000     0.20353729E-003     0.84770414E-002     0.24908223E+001    -0.40186882E+001     0.54966622E-003    -0.18453024E-002
    -0.40883423E+000    -0.54331585E-003     0.81966179E-002     0.25891528E+001    -0.39221819E+001     0.68057771E-003    -0.18706494E-002
    -0.40807431E+000    -0.12200213E-002     0.78170558E-002     0.26735452E+001    -0.38173370E+001     0.81845383E-003    -0.18749957E-002
    -0.40731440E+000    -0.18081497E-002     0.73583110E-002     0.27437067E+001    -0.37066769E+001     0.95921552E-003    -0.18558811E-002
    -0.40655448E+000    -0.22963511E-002     0.68444237E-002     0.27997162E+001    -0.35926129E+001     0.10973645E-002    -0.18118176E-002
    -0.40579457E+000    -0.26810091E-002     0.63006403E-002     0.28420283E+001    -0.34774155E+001     0.12263740E-002    -0.17432303E-002
    -0.40503465E+000    -0.29657937E-002     0.57508103E-002     0.28714641E+001    -0.33631460E+001     0.13397008E-002    -0.16531032E-002
    -0.40427474E+000    -0.31605255E-002     0.52152617E-002     0.28891655E+001    -0.32515744E+001     0.14321361E-002    -0.15469344E-002
    -0.40351482E+000    -0.32795114E-002     0.47091209E-002     0.28965103E+001    -0.31441124E+001     0.15009803E-002    -0.14318834E-002
    -0.40275491E+000    -0.33393171E-002     0.42412170E-002     0.28950070E+001    -0.30417830E+001     0.15465586E-002    -0.13153787E-002
    -0.40199499E+000    -0.33561208E-002     0.38139430E-002     0.28861896E+001    -0.29452262E+001     0.15719070E-002    -0.12037039E-002
    -0.40123508E+000    -0.33431743E-002     0.34243725E-002     0.28715246E+001    -0.28547365E+001     0.15818324E-002    -0.11010272E-002
    -0.40047516E+000    -0.33091167E-002     0.30665035E-002     0.28523398E+001    -0.27703230E+001     0.15817409E-002    -0.10090573E-002
    -0.39971525E+000    -0.32576994E-002     0.27339792E-002     0.28297790E+001    -0.26917839E+001     0.15765688E-002    -0.92725309E-003
    -0.39895533E+000    -0.31889352E-002     0.24223817E-002     0.28047884E+001    -0.26187859E+001     0.15700010E-002    -0.85341553E-003
    -0.39819542E+000    -0.31010998E-002     0.21304088E-002     0.27781311E+001    -0.25509305E+001     0.15640722E-002    -0.78449008E-003
    -0.39743550E+000    -0.29927683E-002     0.18597927E-002     0.27504178E+001    -0.24878028E+001     0.15591972E-002    -0.71737072E-003
    -0.39667559E+000    -0.28642712E-002     0.16143205E-002     0.27221472E+001    -0.24290018E+001     0.15545367E-002    -0.64946830E-003
    -0.39591567E+000    -0.27183605E-002     0.13984852E-002     0.26937537E+001    -0.23741489E+001     0.15484439E-002    -0.57892716E-003
    -0.39515576E+000    -0.25601857E-002     0.12161790E-002     0.26656541E+001    -0.23228639E+001     0.15387398E-002    -0.50461384E-003
    -0.39439585E+000    -0.23967843E-002     0.10696383E-002     0.26382641E+001    -0.22747051E+001     0.15227746E-002    -0.42614195E-003
    -0.39363593E+000    -0.22362637E-002     0.95870294E-003     0.26119556E+001    -0.22291002E+001     0.14974631E-002    -0.34410644E-003
    -0.39287602E+000    -0.20867590E-002     0.88040399E-003     0.25869505E+001    -0.21853200E+001     0.14595397E-002    -0.26047534E-003
    -0.39211610E+000    -0.19551876E-002     0.82896177E-003     0.25631951E+001    -0.21425430E+001     0.14061591E-002    -0.17891790E-003
    -0.39135619E+000    -0.18459156E-002     0.79644125E-003     0.25402906E+001    -0.21000137E+001     0.13357938E-002    -0.10481282E-003
    -0.39059627E+000    -0.17598475E-002     0.77428976E-003     0.25175448E+001    -0.20572362E+001     0.12492314E-002    -0.44717547E-004
    -0.38983636E+000    -0.16947678E-002     0.75535784E-003     0.24941446E+001    -0.20141020E+001     0.11503057E-002    -0.51956039E-005
    -0.38907644E+000    -0.16471526E-002     0.73510455E-003     0.24693712E+001    -0.19708846E+001     0.10458947E-002     0.88074754E-005
    -0.38831653E+000    -0.16141715E-002     0.71087042E-003     0.24427566E+001    -0.19281128E+001     0.94492349E-003    -0.45268271E-005
    -0.38755661E+000    -0.15939907E-002     0.67991197E-003     0.24141250E+001    -0.18864010E+001     0.85661325E-003    -0.43161978E-004
    -0.38679670E+000    -0.15841284E-002     0.63842459E-003     0.23835383E+001    -0.18463190E+001     0.78864353E-003    -0.10156062E-003
    -0.38603678E+000    -0.15799022E-002     0.58277257E-003     0.23512041E+001    -0.18083411E+001     0.74587294E-003    -0.17188676E-003
    -0.38527687E+000    -0.15749204E-002     0.51147910E-003     0.23174074E+001    -0.17728642E+001     0.72990612E-003    -0.24552678E-003
    -0.38451695E+000    -0.15629324E-002     0.42564335E-003     0.22825038E+001    -0.17402533E+001     0.73942217E-003    -0.31442704E-003
    -0.38375704E+000    -0.15386263E-002     0.32775959E-003     0.22469742E+001    -0.17108549E+001     0.77095870E-003    -0.37194629E-003
    -0.38299712E+000    -0.14967580E-002     0.22128465E-003     0.22114952E+001    -0.16849304E+001     0.81979807E-003    -0.41316095E-003
    -0.38223721E+000    -0.14318350E-002     0.11216352E-003     0.21769463E+001    -0.16625073E+001     0.88067752E-003    -0.43473021E-003
    -0.38147729E+000    -0.13403133E-002     0.10450007E-004     0.21442843E+001    -0.16432197E+001     0.94813190E-003    -0.43452694E-003
    -0.38071738E+000    -0.12244058E-002    -0.70700032E-004     0.21142982E+001    -0.16262564E+001     0.10164001E-002    -0.41135761E-003
    -0.37995746E+000    -0.10945889E-002    -0.11945391E-003     0.20873567E+001    -0.16104963E+001     0.10791084E-002    -0.36514291E-003
    -0.37919755E+000    -0.96812968E-003    -0.13128542E-003     0.20632970E+001    -0.15947849E+001     0.11292805E-002    -0.29766496E-003
    -0.37843763E+000    -0.86317118E-003    -0.11290506E-003     0.20415060E+001    -0.15782129E+001     0.11602059E-002    -0.21340326E-003
    -0.37767772E+000    -0.79100440E-003    -0.81093480E-004     0.20211342E+001    -0.15602753E+001     0.11670796E-002    -0.11957547E-003
    -0.37691780E+000    -0.75080057E-003    -0.56340428E-004     0.20013326E+001    -0.15408805E+001     0.11484909E-002    -0.24850863E-004
    -0.37615789E+000    -0.72989606E-003    -0.54426911E-004     0.19814276E+001    -0.15202348E+001     0.11066604E-002     0.62760570E-004
    -0.37539797E+000    -0.70946078E-003    -0.80415707E-004     0.19609782E+001    -0.14986769E+001     0.10461882E-002     0.13755444E-003
    -0.37463806E+000    -0.67223174E-003    -0.12782869E-003     0.19397281E+001    -0.14765578E+001     0.97226322E-003     0.19638797E-003
    -0.37387814E+000    -0.60848592E-003    -0.18253391E-003     0.19175450E+001    -0.14542034E+001     0.88955800E-003     0.23780768E-003
    -0.37311823E+000    -0.51813276E-003    -0.22890166E-003     0.18943952E+001    -0.14318933E+001     0.80220986E-003     0.26110001E-003
    -0.37235831E+000    -0.40868602E-003    -0.25536877E-003     0.18702945E+001    -0.14098210E+001     0.71429370E-003     0.26602360E-003
    -0.37159840E+000    -0.29067561E-003    -0.25705520E-003     0.18452125E+001    -0.13881164E+001     0.63001914E-003     0.25307922E-003
    -0.37083848E+000    -0.17318349E-003    -0.23483068E-003     0.18190480E+001    -0.13669706E+001     0.55353947E-003     0.22376585E-003
    -0.37007857E+000    -0.61605170E-004    -0.19216924E-003     0.17917606E+001    -0.13467216E+001     0.48864955E-003     0.18069056E-003
    -0.36931865E+000     0.41775575E-004    -0.13190039E-003     0.17635317E+001    -0.13277508E+001     0.43833571E-003     0.12760066E-003
    -0.36855874E+000     0.13521382E-003    -0.54773999E-004     0.17347482E+001    -0.13102573E+001     0.40417750E-003     0.69035349E-004
    -0.36779882E+000     0.21499389E-003     0.39185425E-004     0.17057728E+001    -0.12941356E+001     0.38615022E-003     0.95102529E-005
    -0.36703891E+000     0.27543372E-003     0.14763436E-003     0.16766787E+001    -0.12791154E+001     0.38309109E-003    -0.47091719E-004
    -0.36627899E+000     0.31191496E-003     0.26430060E-003     0.16472125E+001    -0.12651103E+001     0.39318544E-003    -0.97507854E-004
    -0.36551908E+000     0.32406625E-003     0.38102935E-003     0.16171140E+001    -0.12524739E+001     0.41401087E-003    -0.13897088E-003
    -0.36475916E+000     0.31557284E-003     0.49162313E-003     0.15865575E+001    -0.12418406E+001     0.44248406E-003    -0.16937215E-003
    -0.36399925E+000     0.29110341E-003     0.59340051E-003     0.15562503E+001    -0.12336233E+001     0.47498142E-003    -0.18752399E-003
    -0.36323933E+000     0.25414496E-003     0.68573570E-003     0.15270433E+001    -0.12276612E+001     0.50757613E-003    -0.19342031E-003
    -0.36247942E+000     0.20717983E-003     0.76852089E-003     0.14994533E+001    -0.12233649E+001     0.53648293E-003    -0.18848859E-003
    -0.36171950E+000     0.15221123E-003     0.84205538E-003     0.14735583E+001    -0.12201381E+001     0.55876092E-003    -0.17559484E-003
    -0.36095959E+000     0.90485187E-004     0.90704009E-003     0.14492424E+001    -0.12176172E+001     0.57304680E-003    -0.15860407E-003
    -0.36019967E+000     0.22439392E-004     0.96399838E-003     0.14264338E+001    -0.12156042E+001     0.58004162E-003    -0.14151107E-003
    -0.35943976E+000    -0.51878227E-004     0.10131458E-002     0.14051438E+001    -0.12138994E+001     0.58249453E-003    -0.12727200E-003
    -0.35867984E+000    -0.13312000E-003     0.10545113E-002     0.13853718E+001    -0.12122131E+001     0.58450167E-003    -0.11665043E-003
    -0.35791993E+000    -0.22295743E-003     0.10867349E-002     0.13669854E+001    -0.12101848E+001     0.59012178E-003    -0.10739076E-003
    -0.35716001E+000    -0.32220389E-003     0.11057963E-002     0.13496192E+001    -0.12075014E+001     0.60117513E-003    -0.94200015E-004
    -0.35640010E+000    -0.42832023E-003     0.11067092E-002     0.13326872E+001    -0.12041508E+001     0.61485716E-003    -0.70757319E-004
    -0.35564018E+000    -0.53618509E-003     0.10866242E-002     0.13157128E+001    -0.12006607E+001     0.62364827E-003    -0.33712912E-004
    -0.35488027E+000    -0.64079909E-003     0.10447943E-002     0.12988817E+001    -0.11979030E+001     0.61871015E-003     0.14485068E-004
    -0.35412035E+000    -0.73697862E-003     0.98062336E-003     0.12832215E+001    -0.11963631E+001     0.59402095E-003     0.66314274E-004
    -0.35336044E+000    -0.81740215E-003     0.89488564E-003     0.12700081E+001    -0.11955050E+001     0.54850719E-003     0.11204579E-003
    -0.35260052E+000    -0.87395446E-003     0.79264572E-003     0.12598742E+001    -0.11939354E+001     0.48609948E-003     0.14273969E-003
    -0.35184061E+000    -0.90129532E-003     0.68355454E-003     0.12525131E+001    -0.11901764E+001     0.41441832E-003     0.15252439E-003
    -0.35108069E+000    -0.89969648E-003     0.57959523E-003     0.12470797E+001    -0.11831453E+001     0.34272979E-003     0.13989322E-003
    -0.35032078E+000    -0.87621497E-003     0.49106119E-003     0.12425104E+001    -0.11720316E+001     0.27943613E-003     0.10796531E-003
    -0.34956086E+000    -0.84246087E-003     0.42174994E-003     0.12373509E+001    -0.11562107E+001     0.22952047E-003     0.63127773E-004
    -0.34880095E+000    -0.80842925E-003     0.36703858E-003     0.12296337E+001    -0.11356570E+001     0.19344362E-003     0.12009113E-004
    -0.34804103E+000    -0.77647186E-003     0.31816019E-003     0.12173494E+001    -0.11113995E+001     0.16874846E-003    -0.41552984E-004
    -0.34728112E+000    -0.74161517E-003     0.26994678E-003     0.11991819E+001    -0.10853734E+001     0.15353087E-003    -0.96875510E-004
    -0.34652120E+000    -0.69794886E-003     0.22422570E-003     0.11748306E+001    -0.10598077E+001     0.14802152E-003    -0.15360363E-003
    -0.34576129E+000    -0.64360123E-003     0.18675191E-003     0.11448854E+001    -0.10367251E+001     0.15252100E-003    -0.20989645E-003
    -0.34500138E+000    -0.58100364E-003     0.16335982E-003     0.11106195E+001    -0.10176117E+001     0.16568614E-003    -0.26415549E-003
    -0.34424146E+000    -0.51605448E-003     0.15811222E-003     0.10735895E+001    -0.10030973E+001     0.18616079E-003    -0.31706196E-003
    -0.34348155E+000    -0.45723261E-003     0.17099674E-003     0.10349353E+001    -0.99303854E+000     0.21562226E-003    -0.37040347E-003
    -0.34272163E+000    -0.41193766E-003     0.19584947E-003     0.99500945E+000    -0.98725943E+000     0.25890071E-003    -0.42276165E-003
    -0.34196172E+000    -0.38120452E-003     0.22247786E-003     0.95384863E+000    -0.98627220E+000     0.31907091E-003    -0.46742561E-003
    -0.34120180E+000    -0.35780874E-003     0.24331416E-003     0.91197470E+000    -0.99127953E+000     0.39371119E-003    -0.49645782E-003
    -0.34044189E+000    -0.33119277E-003     0.25991700E-003     0.87090417E+000    -0.10037199E+001     0.47694459E-003    -0.50452944E-003
    -0.33968197E+000    -0.29671178E-003     0.28253131E-003     0.83349855E+000    -0.10245729E+001     0.56148868E-003    -0.48864306E-003
    -0.33892206E+000    -0.26062931E-003     0.32164756E-003     0.80380851E+000    -0.10531001E+001     0.63842112E-003    -0.44842503E-003
    -0.33816214E+000    -0.23590718E-003     0.37898705E-003     0.78551098E+000    -0.10857407E+001     0.69824724E-003    -0.38788333E-003
    -0.33740223E+000    -0.23225320E-003     0.44610502E-003     0.77948150E+000    -0.11168713E+001     0.73372944E-003    -0.31608417E-003
    -0.33664231E+000    -0.25056889E-003     0.51222817E-003     0.78292659E+000    -0.11417245E+001     0.74343408E-003    -0.24577863E-003
    -0.33588240E+000    -0.28746278E-003     0.57081377E-003     0.79161832E+000    -0.11587585E+001     0.73422444E-003    -0.18855729E-003
    -0.33512248E+000    -0.34032027E-003     0.61694646E-003     0.80282044E+000    -0.11687645E+001     0.71828172E-003    -0.14869987E-003
    -0.33436257E+000    -0.40352469E-003     0.64394534E-003     0.81554494E+000    -0.11723704E+001     0.70643996E-003    -0.12211815E-003
    -0.33360265E+000    -0.46499101E-003     0.65091306E-003     0.82891240E+000    -0.11692559E+001     0.70371783E-003    -0.99782201E-004
    -0.33284274E+000    -0.51782833E-003     0.64820012E-003     0.84130757E+000    -0.11589802E+001     0.70802930E-003    -0.72655084E-004
    -0.33208282E+000    -0.56853754E-003     0.64360831E-003     0.85048091E+000    -0.11416579E+001     0.71258525E-003    -0.35909255E-004
    -0.33132291E+000    -0.62407366E-003     0.63192089E-003     0.85374779E+000    -0.11185660E+001     0.70950823E-003     0.10074607E-004
    -0.33056299E+000    -0.68008076E-003     0.60428536E-003     0.84903860E+000    -0.10929299E+001     0.69249558E-003     0.60072042E-004
    -0.32980308E+000    -0.72487237E-003     0.56001827E-003     0.83700463E+000    -0.10691618E+001     0.65973838E-003     0.10546100E-003
    -0.32904316E+000    -0.74939837E-003     0.50883634E-003     0.82144657E+000    -0.10497506E+001     0.61550127E-003     0.13807179E-003
    -0.32828325E+000    -0.75518355E-003     0.46510601E-003     0.80616754E+000    -0.10331523E+001     0.56821750E-003     0.15412659E-003
    -0.32752333E+000    -0.75428605E-003     0.43618654E-003     0.79144031E+000    -0.10159035E+001     0.52698320E-003     0.15553756E-003
    -0.32676342E+000    -0.75705584E-003     0.41779535E-003     0.77450455E+000    -0.99670606E+000     0.49843380E-003     0.14991024E-003
    -0.32600350E+000    -0.76623200E-003     0.40352731E-003     0.75314516E+000    -0.97746223E+000     0.48193888E-003     0.14887231E-003
    -0.32524359E+000    -0.78146161E-003     0.38858320E-003     0.72771511E+000    -0.96104312E+000     0.46667135E-003     0.15988754E-003
    -0.32448367E+000    -0.79976018E-003     0.37087920E-003     0.70064198E+000    -0.94899345E+000     0.43977337E-003     0.17774162E-003
    -0.32372376E+000    -0.82158655E-003     0.35252475E-003     0.67454725E+000    -0.94040983E+000     0.39851928E-003     0.18918074E-003
    -0.32296384E+000    -0.85271977E-003     0.33009923E-003     0.65007620E+000    -0.93288744E+000     0.35092323E-003     0.18499831E-003
    -0.32220393E+000    -0.89281419E-003     0.29200223E-003     0.62568376E+000    -0.92490323E+000     0.30687101E-003     0.16488429E-003
    -0.32144401E+000    -0.93023488E-003     0.22872120E-003     0.59937618E+000    -0.91705903E+000     0.27216809E-003     0.13238756E-003
    -0.32068410E+000    -0.94728354E-003     0.14058262E-003     0.57049289E+000    -0.91158462E+000     0.25176087E-003     0.91091280E-004
    -0.31992418E+000    -0.92714448E-003     0.41323717E-004     0.54061750E+000    -0.91078927E+000     0.25041303E-003     0.48902892E-004
    -0.31916427E+000    -0.86747136E-003    -0.43408753E-004     0.51306296E+000    -0.91508256E+000     0.26590252E-003     0.17587133E-004
    -0.31840435E+000    -0.78645246E-003    -0.96788672E-004     0.49060840E+000    -0.92204117E+000     0.28693584E-003     0.45636075E-005
    -0.31764444E+000    -0.69939867E-003    -0.12223762E-003     0.47340715E+000    -0.92800252E+000     0.30015686E-003     0.54461351E-005
    -0.31688452E+000    -0.60746129E-003    -0.11943395E-003     0.45930942E+000    -0.93036397E+000     0.30287317E-003     0.80884791E-005
    -0.31612461E+000    -0.52256270E-003    -0.77871299E-004     0.44521896E+000    -0.92831150E+000     0.30154365E-003     0.76206029E-005
    -0.31536469E+000    -0.46943783E-003    -0.26010506E-005     0.42784303E+000    -0.92304786E+000     0.29788847E-003     0.52822604E-005
    -0.31460478E+000    -0.46175396E-003     0.83411203E-004     0.40509594E+000    -0.91826414E+000     0.29212398E-003    -0.29386720E-005
    -0.31384486E+000    -0.49584239E-003     0.15671987E-003     0.37839709E+000    -0.91896777E+000     0.29320595E-003    -0.20047323E-004
    -0.31308495E+000    -0.55811008E-003     0.20258264E-003     0.35338661E+000    -0.92794374E+000     0.31105123E-003    -0.35982550E-004
    -0.31232503E+000    -0.63378756E-003     0.21767560E-003     0.33674066E+000    -0.94227123E+000     0.34028147E-003    -0.33413059E-004
    -0.31156512E+000    -0.71686099E-003     0.20249680E-003     0.33038911E+000    -0.95444777E+000     0.36045927E-003    -0.83045440E-005
    -0.31080520E+000    -0.80052965E-003     0.14721252E-003     0.32984684E+000    -0.95902290E+000     0.35822186E-003     0.23344735E-004
    -0.31004529E+000    -0.85905895E-003     0.46159300E-004     0.33027830E+000    -0.95637458E+000     0.33941681E-003     0.44559421E-004
    -0.30928537E+000    -0.86718926E-003    -0.78467017E-004     0.33100526E+000    -0.94776035E+000     0.31707330E-003     0.51584409E-004
    -0.30852546E+000    -0.82743008E-003    -0.19908657E-003     0.33123196E+000    -0.93089705E+000     0.29859181E-003     0.49411182E-004
    -0.30776554E+000    -0.74589619E-003    -0.30557047E-003     0.32555653E+000    -0.90426168E+000     0.28570665E-003     0.43120017E-004
    -0.30700563E+000    -0.62219879E-003    -0.37998389E-003     0.30823753E+000    -0.87198921E+000     0.27749731E-003     0.37409058E-004
    -0.30624571E+000    -0.47540289E-003    -0.39881173E-003     0.27808251E+000    -0.84071150E+000     0.26830680E-003     0.34554240E-004
    -0.30548580E+000    -0.33877868E-003    -0.35881069E-003     0.23746996E+000    -0.81586312E+000     0.25217988E-003     0.27649133E-004
    -0.30472588E+000    -0.23663246E-003    -0.27710470E-003     0.19096013E+000    -0.80066172E+000     0.23641130E-003     0.42225092E-005
    -0.30396597E+000    -0.18010242E-003    -0.17651152E-003     0.14377947E+000    -0.79508501E+000     0.24054903E-003    -0.32208313E-004
    -0.30320605E+000    -0.16572638E-003    -0.84546814E-004     0.99635051E-001    -0.79626105E+000     0.26887421E-003    -0.61112192E-004
    -0.30244614E+000    -0.17105016E-003    -0.13131284E-004     0.59418842E-001    -0.79977173E+000     0.30921942E-003    -0.72653743E-004
    -0.30168622E+000    -0.18606909E-003     0.44925664E-004     0.20006928E-001    -0.80194421E+000     0.35518248E-003    -0.67398226E-004
    -0.30092631E+000    -0.20923001E-003     0.86844403E-004    -0.23662714E-001    -0.80366741E+000     0.40305279E-003    -0.41234568E-004
    -0.30016639E+000    -0.22922123E-003     0.11111957E-003    -0.73684312E-001    -0.80927647E+000     0.44166413E-003     0.85071786E-005
    -0.29940648E+000    -0.23699274E-003     0.12542376E-003    -0.12963086E+000    -0.82257265E+000     0.45985416E-003     0.74121157E-004
    -0.29864656E+000    -0.22950605E-003     0.14213904E-003    -0.19081876E+000    -0.84768690E+000     0.45720689E-003     0.14418233E-003
    -0.29788665E+000    -0.21691296E-003     0.16926660E-003    -0.25435294E+000    -0.89080279E+000     0.43897925E-003     0.21699341E-003
    -0.29712673E+000    -0.19828408E-003     0.19795346E-003    -0.31206588E+000    -0.95818905E+000     0.40066147E-003     0.29781842E-003
    -0.29636682E+000    -0.15547523E-003     0.24469416E-003    -0.34995546E+000    -0.10516867E+001     0.32529209E-003     0.38232080E-003
    -0.29560691E+000    -0.10726037E-003     0.34981894E-003    -0.35128343E+000    -0.11642679E+001     0.19935534E-003     0.44352240E-003
    -0.29484699E+000    -0.11382801E-003     0.52148074E-003    -0.30202331E+000    -0.12781004E+001     0.38756885E-004     0.44163949E-003
    -0.29408708E+000    -0.23350606E-003     0.70629350E-003    -0.19756480E+000    -0.13637469E+001    -0.10595270E-003     0.35956003E-003
    -0.29332716E+000    -0.45375116E-003     0.80305322E-003    -0.57472223E-001    -0.13852721E+001    -0.18640548E-003     0.23059615E-003
    -0.29256725E+000    -0.67160673E-003     0.77298082E-003     0.69620525E-001    -0.13310574E+001    -0.20436254E-003     0.10706072E-003
    -0.29180733E+000    -0.82426093E-003     0.67309913E-003     0.14552895E+000    -0.12320575E+001    -0.18812739E-003     0.72587230E-005
    -0.29104742E+000    -0.90497763E-003     0.54203289E-003     0.16969255E+000    -0.11272062E+001    -0.15272734E-003    -0.68109808E-004
    -0.29028750E+000    -0.89163785E-003     0.42302976E-003     0.16010856E+000    -0.10363594E+001    -0.11159482E-003    -0.11881553E-003
    -0.28952759E+000    -0.80672533E-003     0.40083146E-003     0.13488740E+000    -0.96288469E+000    -0.74202100E-004    -0.15338668E-003
    -0.28876767E+000    -0.76344684E-003     0.52778355E-003     0.10502028E+000    -0.89951728E+000    -0.41184481E-004    -0.17943860E-003
    -0.28800776E+000    -0.90352074E-003     0.71622945E-003     0.69432468E-001    -0.83784091E+000    -0.10071206E-004    -0.20063188E-003
    -0.28724784E+000    -0.12129426E-002     0.77947193E-003     0.22494928E-001    -0.77861576E+000     0.20704199E-004    -0.21555514E-003
    -0.28648793E+000    -0.15436964E-002     0.64652592E-003    -0.35573132E-001    -0.72718283E+000     0.47589390E-004    -0.22407764E-003
    -0.28572801E+000    -0.17839343E-002     0.35740945E-003    -0.10085240E+000    -0.68575452E+000     0.69746648E-004    -0.23013561E-003
    -0.28496810E+000    -0.18587623E-002    -0.14544130E-004    -0.17047387E+000    -0.65393786E+000     0.87765692E-004    -0.23395899E-003
    -0.28420818E+000    -0.17408817E-002    -0.33662349E-003    -0.24265194E+000    -0.63128609E+000     0.96930137E-004    -0.23943819E-003
    -0.28344827E+000    -0.15482555E-002    -0.47569686E-003    -0.31576866E+000    -0.61693608E+000     0.10253847E-003    -0.25940986E-003
    -0.28268835E+000    -0.14715735E-002    -0.50004734E-003    -0.38938133E+000    -0.61003735E+000     0.12392650E-003    -0.29254623E-003
    -0.28192844E+000    -0.14815118E-002    -0.59399634E-003    -0.46281329E+000    -0.61112917E+000     0.16710501E-003    -0.32007284E-003
    -0.28116852E+000    -0.14381962E-002    -0.73920848E-003    -0.53358721E+000    -0.62016986E+000     0.22290305E-003    -0.33088513E-003
    -0.28040861E+000    -0.13683801E-002    -0.83526503E-003    -0.59948960E+000    -0.63469305E+000     0.28187577E-003    -0.32045584E-003
    -0.27964869E+000    -0.13691683E-002    -0.91645842E-003    -0.66078968E+000    -0.65139303E+000     0.33119649E-003    -0.29092107E-003
    -0.27888878E+000    -0.14286079E-002    -0.11099011E-002    -0.71936608E+000    -0.66834119E+000     0.36582646E-003    -0.25306455E-003
    -0.27812886E+000    -0.13945144E-002    -0.14819727E-002    -0.77785292E+000    -0.68441246E+000     0.38891457E-003    -0.21435857E-003
    -0.27736895E+000    -0.10839216E-002    -0.19079939E-002    -0.84033253E+000    -0.70150018E+000     0.40726335E-003    -0.17710587E-003
    -0.27660903E+000    -0.52499120E-003    -0.21203036E-002    -0.90662108E+000    -0.72537323E+000     0.42467528E-003    -0.13357492E-003
    -0.27584912E+000     0.19413020E-004    -0.20336216E-002    -0.97120672E+000    -0.75767499E+000     0.43201710E-003    -0.78486684E-004
    -0.27508920E+000     0.42317447E-003    -0.18327309E-002    -0.10318551E+001    -0.79448660E+000     0.42229832E-003    -0.15008022E-004
    -0.27432929E+000     0.80195862E-003    -0.15893504E-002    -0.10915774E+001    -0.83455964E+000     0.38109581E-003     0.55690599E-004
    -0.27356937E+000     0.11588686E-002    -0.11733481E-002    -0.11510075E+001    -0.88166318E+000     0.28933266E-003     0.99815183E-004
    -0.27280946E+000     0.12868211E-002    -0.57630145E-003    -0.12060948E+001    -0.93837308E+000     0.18454113E-003     0.67769884E-004
    -0.27204954E+000     0.11027655E-002    -0.37461913E-004    -0.12511446E+001    -0.10036644E+001     0.14073009E-003    -0.21014039E-004
    -0.27128963E+000     0.76877221E-003     0.31042516E-003    -0.12819855E+001    -0.10721368E+001     0.16804967E-003    -0.89087188E-004
    -0.27052971E+000     0.35606657E-003     0.49773239E-003    -0.12983203E+001    -0.11378587E+001     0.20466863E-003    -0.10268687E-003
    -0.26976980E+000    -0.91171870E-004     0.45275528E-003    -0.12997443E+001    -0.11942826E+001     0.20977297E-003    -0.10190250E-003
    -0.26900988E+000    -0.39675022E-003     0.18034578E-003    -0.12918193E+001    -0.12287558E+001     0.20443783E-003    -0.12082431E-003
    -0.26824997E+000    -0.47162519E-003    -0.15648346E-003    -0.12962611E+001    -0.12362996E+001     0.21008919E-003    -0.15319968E-003
    -0.26749005E+000    -0.37834520E-003    -0.42663676E-003    -0.13319200E+001    -0.12360424E+001     0.22869331E-003    -0.19431379E-003
    -0.26673014E+000    -0.20473243E-003    -0.60468651E-003    -0.13927692E+001    -0.12541626E+001     0.27811458E-003    -0.24713351E-003
    -0.26597022E+000     0.15963343E-004    -0.71351015E-003    -0.14569917E+001    -0.12978562E+001     0.38155592E-003    -0.27197682E-003
    -0.26521031E+000     0.29983592E-003    -0.73530368E-003    -0.15137680E+001    -0.13566694E+001     0.49745513E-003    -0.22113690E-003
    -0.26445039E+000     0.59597356E-003    -0.59558702E-003    -0.15654497E+001    -0.14257218E+001     0.56581333E-003    -0.99275231E-004
    -0.26369048E+000     0.77046465E-003    -0.30507106E-003    -0.16095917E+001    -0.15084617E+001     0.52286801E-003     0.38922385E-004
    -0.26293056E+000     0.73488119E-003     0.13099859E-004    -0.16362443E+001    -0.15999970E+001     0.39918087E-003     0.70396058E-004
    -0.26217065E+000     0.50564558E-003     0.17493549E-003    -0.16487583E+001    -0.16863258E+001     0.33514468E-003    -0.23469256E-004
    -0.26141073E+000     0.29420013E-003     0.30844943E-004    -0.16596719E+001    -0.17689202E+001     0.41196625E-003    -0.12177219E-003
    -0.26065082E+000     0.39491262E-003    -0.29663094E-003    -0.16698525E+001    -0.18544859E+001     0.54372849E-003    -0.98047611E-004
    -0.25989090E+000     0.89018499E-003    -0.46132429E-003    -0.16830213E+001    -0.19483719E+001     0.59214823E-003    -0.20645354E-005
    -0.25913099E+000     0.15147296E-002    -0.15688675E-003    -0.16920270E+001    -0.20703021E+001     0.57159932E-003     0.36879493E-004
    -0.25837107E+000     0.18554329E-002     0.54885245E-003    -0.16621145E+001    -0.22228321E+001     0.59494537E-003    -0.74318107E-005
    -0.25761116E+000     0.17827796E-002     0.13247452E-002    -0.15685999E+001    -0.23721084E+001     0.73369262E-003    -0.66894254E-004
    -0.25685124E+000     0.14047628E-002     0.19849979E-002    -0.14226624E+001    -0.24728063E+001     0.10332562E-002    -0.52050129E-004
    -0.25609133E+000     0.79577152E-003     0.24353090E-002    -0.12679469E+001    -0.25061615E+001     0.14763961E-002     0.26851760E-003
    -0.25533141E+000     0.79994068E-004     0.25769892E-002    -0.11406778E+001    -0.24871159E+001     0.16491056E-002     0.10635053E-002
    -0.25457150E+000    -0.56751943E-003     0.24039331E-002    -0.10596214E+001    -0.24469437E+001     0.11653365E-002     0.18735898E-002
    -0.25381158E+000    -0.98344687E-003     0.19898404E-002    -0.10194951E+001    -0.24199034E+001     0.31745245E-003     0.22025931E-002
    -0.25305167E+000    -0.10688684E-002     0.15534026E-002    -0.99225893E+000    -0.24358010E+001    -0.47870595E-003     0.20621706E-002
    -0.25229175E+000    -0.93619797E-003     0.12651023E-002    -0.91757232E+000    -0.24882039E+001    -0.10457574E-002     0.16283478E-002
    -0.25153184E+000    -0.69210385E-003     0.12079872E-002    -0.77291832E+000    -0.24995140E+001    -0.12850834E-002     0.10667798E-002
    -0.25077192E+000    -0.53873785E-003     0.13797402E-002    -0.63000089E+000    -0.24226968E+001    -0.12238365E-002     0.63945094E-003
    -0.25001201E+000    -0.52385770E-003     0.16040125E-002    -0.54678630E+000    -0.22948507E+001    -0.11135892E-002     0.45906878E-003
    -0.24925209E+000    -0.53076523E-003     0.18781447E-002    -0.53397145E+000    -0.21694152E+001    -0.11505289E-002     0.38539595E-003
    -0.24849218E+000    -0.64865710E-003     0.23729567E-002    -0.55582491E+000    -0.20937837E+001    -0.13093657E-002     0.20050761E-003
    -0.24773226E+000    -0.12582811E-002     0.29954587E-002    -0.54616512E+000    -0.20544316E+001    -0.13962248E-002    -0.16783548E-003
    -0.24697235E+000    -0.24244052E-002     0.30978179E-002    -0.50085060E+000    -0.19773381E+001    -0.12558293E-002    -0.57687247E-003
    -0.24621244E+000    -0.33977507E-002     0.23866284E-002    -0.49328372E+000    -0.18441203E+001    -0.96468011E-003    -0.84112951E-003
    -0.24545252E+000    -0.36981563E-002     0.13776057E-002    -0.55652432E+000    -0.17128606E+001    -0.65330752E-003    -0.97428841E-003
    -0.24469261E+000    -0.34024231E-002     0.63584992E-003    -0.66448579E+000    -0.16258353E+001    -0.32820639E-003    -0.10054567E-002
    -0.24393269E+000    -0.29964415E-002     0.44150385E-003    -0.78261668E+000    -0.15918272E+001    -0.32657190E-004    -0.90299257E-003
    -0.24317278E+000    -0.28656086E-002     0.54292822E-003    -0.88568489E+000    -0.16012645E+001     0.15083741E-003    -0.71068365E-003
    -0.24241286E+000    -0.30457748E-002     0.71660314E-003    -0.95775226E+000    -0.16398465E+001     0.21986946E-003    -0.51602447E-003
    -0.24165295E+000    -0.36851413E-002     0.70357179E-003    -0.98677128E+000    -0.16862316E+001     0.21154400E-003    -0.35447506E-003
    -0.24089303E+000    -0.44331520E-002    -0.12975526E-003    -0.97269463E+000    -0.17069446E+001     0.15242750E-003    -0.24880297E-003
    -0.24013312E+000    -0.42474345E-002    -0.14640390E-002    -0.95297844E+000    -0.16675163E+001     0.86071971E-004    -0.20370827E-003
    -0.23937320E+000    -0.32945914E-002    -0.22114265E-002    -0.98568240E+000    -0.15906698E+001     0.35315704E-004    -0.19630080E-003
    -0.23861329E+000    -0.22758681E-002    -0.22260866E-002    -0.10751902E+001    -0.15329279E+001     0.70800231E-005    -0.21443888E-003
    -0.23785337E+000    -0.16442438E-002    -0.16581664E-002    -0.11862222E+001    -0.15231514E+001     0.15648105E-004    -0.23728370E-003
    -0.23709346E+000    -0.16983946E-002    -0.10216067E-002    -0.12836683E+001    -0.15505914E+001     0.42793309E-004    -0.22956345E-003
    -0.23633354E+000    -0.21423860E-002    -0.80010402E-003    -0.13662047E+001    -0.15915550E+001     0.45559131E-004    -0.20315127E-003
    -0.23557363E+000    -0.25636744E-002    -0.10765920E-002    -0.14463996E+001    -0.16497045E+001     0.32467304E-004    -0.19987588E-003
    -0.23481371E+000    -0.25638148E-002    -0.15945380E-002    -0.15113501E+001    -0.17426971E+001     0.42084335E-004    -0.21772803E-003
    -0.23405380E+000    -0.22624663E-002    -0.18908292E-002    -0.15271517E+001    -0.18663379E+001     0.88847678E-004    -0.22420670E-003
    -0.23329388E+000    -0.19737638E-002    -0.19662386E-002    -0.14625539E+001    -0.19808889E+001     0.16089236E-003    -0.18073747E-003
    -0.23253397E+000    -0.18019021E-002    -0.19478853E-002    -0.13360645E+001    -0.20130913E+001     0.19545601E-003    -0.58464796E-004
    -0.23177405E+000    -0.17032644E-002    -0.20341062E-002    -0.12379337E+001    -0.19364618E+001     0.12278610E-003     0.69106476E-004
    -0.23101414E+000    -0.13768190E-002    -0.21584093E-002    -0.12386244E+001    -0.18229275E+001     0.16878673E-005     0.11884528E-003
    -0.23025422E+000    -0.89054800E-003    -0.18560570E-002    -0.13063703E+001    -0.17583140E+001    -0.10276976E-003     0.11995045E-003
    -0.22949431E+000    -0.94426493E-003    -0.10445929E-002    -0.13729192E+001    -0.17518170E+001    -0.20709858E-003     0.11293253E-003
    -0.22873439E+000    -0.19463807E-002    -0.61867374E-003    -0.14039296E+001    -0.17712679E+001    -0.35222125E-003     0.60119964E-004
    -0.22797448E+000    -0.30625377E-002    -0.13541016E-002    -0.13907820E+001    -0.17781239E+001    -0.46543892E-003    -0.12046662E-003
    -0.22721456E+000    -0.32615698E-002    -0.28616496E-002    -0.13604196E+001    -0.17284866E+001    -0.40145143E-003    -0.33702746E-003
    -0.22645465E+000    -0.23561725E-002    -0.40995147E-002    -0.13719173E+001    -0.16309270E+001    -0.24121033E-003    -0.41044389E-003
    -0.22569473E+000    -0.10189784E-002    -0.45417009E-002    -0.14353431E+001    -0.15304830E+001    -0.13722637E-003    -0.38258253E-003
    -0.22493482E+000     0.23764301E-003    -0.43078189E-002    -0.15346886E+001    -0.14490612E+001    -0.85586687E-004    -0.34503189E-003
    -0.22417490E+000     0.12211678E-002    -0.36166287E-002    -0.16479123E+001    -0.13902105E+001    -0.49956876E-004    -0.29697154E-003
    -0.22341499E+000     0.18253335E-002    -0.25540122E-002    -0.17695598E+001    -0.13374343E+001    -0.57324799E-004    -0.23215186E-003
    -0.22265507E+000     0.17642489E-002    -0.12829480E-002    -0.19127670E+001    -0.12872982E+001    -0.11113558E-003    -0.19809360E-003
    -0.22189516E+000     0.95214754E-003    -0.42002449E-003    -0.20895422E+001    -0.12490586E+001    -0.16740259E-003    -0.21471939E-003
    -0.22113524E+000     0.53178858E-004    -0.36538471E-003    -0.23021148E+001    -0.12466573E+001    -0.18894328E-003    -0.25657494E-003
    -0.22037533E+000    -0.39536843E-003    -0.70150445E-003    -0.25288949E+001    -0.12972534E+001    -0.17878694E-003    -0.28154309E-003
    -0.21961541E+000    -0.49134190E-003    -0.97789370E-003    -0.27499340E+001    -0.13950824E+001    -0.17110134E-003    -0.26921706E-003
    -0.21885550E+000    -0.44023388E-003    -0.11288772E-002    -0.29624814E+001    -0.15330816E+001    -0.21024910E-003    -0.23318618E-003
    -0.21809558E+000    -0.28329977E-003    -0.10745536E-002    -0.31641427E+001    -0.17186897E+001    -0.31878652E-003    -0.23295269E-003
    -0.21733567E+000    -0.27308716E-003    -0.68436380E-003    -0.33360876E+001    -0.19602059E+001    -0.44769132E-003    -0.33788257E-003
    -0.21657575E+000    -0.85115522E-003    -0.18558423E-003    -0.34516736E+001    -0.22501224E+001    -0.49337236E-003    -0.54105839E-003
    -0.21581584E+000    -0.19963754E-002    -0.39039986E-003    -0.34902145E+001    -0.25655907E+001    -0.41002188E-003    -0.74650566E-003
    -0.21505592E+000    -0.26899944E-002    -0.15797125E-002    -0.34371555E+001    -0.28731971E+001    -0.23525683E-003    -0.88340730E-003
    -0.21429601E+000    -0.23630888E-002    -0.28839241E-002    -0.33055760E+001    -0.31051038E+001    -0.19346442E-004    -0.90464621E-003
    -0.21353609E+000    -0.14387342E-002    -0.36204973E-002    -0.32091723E+001    -0.32396104E+001     0.12791080E-003    -0.82103712E-003
    -0.21277618E+000    -0.41275084E-003    -0.37420817E-002    -0.31944322E+001    -0.34148742E+001     0.19433836E-003    -0.74109332E-003
    -0.21201626E+000     0.43173802E-003    -0.32983112E-002    -0.31304391E+001    -0.37030415E+001     0.23491280E-003    -0.68525698E-003
    -0.21125635E+000     0.69473182E-003    -0.25028627E-002    -0.28959398E+001    -0.40160007E+001     0.27973118E-003    -0.64884647E-003
    -0.21049643E+000     0.32163741E-003    -0.19704987E-002    -0.25099652E+001    -0.41788765E+001     0.34289685E-003    -0.58548383E-003
    -0.20973652E+000    -0.11692168E-003    -0.19719252E-002    -0.21596864E+001    -0.41446383E+001     0.35655123E-003    -0.48091514E-003
    -0.20897660E+000    -0.36090088E-003    -0.20740962E-002    -0.19172467E+001    -0.40541150E+001     0.30571291E-003    -0.41634998E-003
    -0.20821669E+000    -0.89241289E-003    -0.22188997E-002    -0.17184936E+001    -0.39629951E+001     0.26247504E-003    -0.41853848E-003
    -0.20745677E+000    -0.15637973E-002    -0.32280829E-002    -0.15193358E+001    -0.38704229E+001     0.27018565E-003    -0.44332219E-003
    -0.20669686E+000    -0.10957683E-002    -0.50106097E-002    -0.12831649E+001    -0.37083115E+001     0.32061696E-003    -0.44079438E-003
    -0.20593694E+000     0.73290777E-003    -0.59825473E-002    -0.11110884E+001    -0.34095040E+001     0.37484220E-003    -0.38681620E-003
    -0.20517703E+000     0.24804385E-002    -0.57088491E-002    -0.10956872E+001    -0.30630785E+001     0.39031010E-003    -0.29204858E-003
    -0.20441711E+000     0.38159439E-002    -0.50133995E-002    -0.12145659E+001    -0.27618113E+001     0.34447424E-003    -0.19911948E-003
    -0.20365720E+000     0.49407361E-002    -0.38987236E-002    -0.14147393E+001    -0.25449403E+001     0.25860347E-003    -0.14572957E-003
    -0.20289728E+000     0.54824608E-002    -0.23424477E-002    -0.16465763E+001    -0.24174666E+001     0.16117168E-003    -0.14992003E-003
    -0.20213737E+000     0.52670158E-002    -0.89819888E-003    -0.18820975E+001    -0.23543141E+001     0.10221575E-003    -0.20102757E-003
    -0.20137745E+000     0.46748699E-002     0.12791217E-003    -0.21306009E+001    -0.23528393E+001     0.84786794E-004    -0.24783627E-003
    -0.20061754E+000     0.39235935E-002     0.79923061E-003    -0.23650285E+001    -0.24394668E+001     0.77308380E-004    -0.28165370E-003
    -0.19985762E+000     0.31005344E-002     0.10118241E-002    -0.25266143E+001    -0.25865633E+001     0.76192318E-004    -0.31978017E-003
    -0.19909771E+000     0.27026545E-002     0.78469897E-003    -0.26335907E+001    -0.27258809E+001     0.97774340E-004    -0.35457629E-003
    -0.19833779E+000     0.28317542E-002     0.87821096E-003    -0.27291250E+001    -0.28864988E+001     0.13074530E-003    -0.36935485E-003
    -0.19757788E+000     0.27059180E-002     0.14489180E-002    -0.27597842E+001    -0.30869133E+001     0.16590644E-003    -0.36391589E-003
    -0.19681797E+000     0.21670830E-002     0.19031516E-002    -0.26940643E+001    -0.32618979E+001     0.18785735E-003    -0.33331057E-003
    -0.19605805E+000     0.14964918E-002     0.20916422E-002    -0.25872626E+001    -0.33391153E+001     0.17398886E-003    -0.29651615E-003
    -0.19529814E+000     0.82223345E-003     0.20295098E-002    -0.25401782E+001    -0.33529286E+001     0.13366609E-003    -0.29283427E-003
    -0.19453822E+000     0.18902461E-003     0.16618309E-002    -0.25503367E+001    -0.34020988E+001     0.11302888E-003    -0.32465840E-003
    -0.19377831E+000     0.14583670E-004     0.96091409E-003    -0.25291994E+001    -0.35410130E+001     0.12234731E-003    -0.35862638E-003
    -0.19301839E+000     0.46317669E-003     0.64517968E-003    -0.23452637E+001    -0.36877094E+001     0.15341272E-003    -0.37848907E-003
    -0.19225848E+000     0.70597444E-003     0.10910715E-002    -0.20523826E+001    -0.36456524E+001     0.19194730E-003    -0.37221573E-003
    -0.19149856E+000     0.15722542E-003     0.15151203E-002    -0.18575904E+001    -0.34041022E+001     0.21600514E-003    -0.34032757E-003
    -0.19073865E+000    -0.56878443E-003     0.12208579E-002    -0.18406655E+001    -0.31078431E+001     0.21262162E-003    -0.30617712E-003
    -0.18997873E+000    -0.81501717E-003     0.56091654E-003    -0.19601503E+001    -0.28550614E+001     0.19771249E-003    -0.28304863E-003
    -0.18921882E+000    -0.61250224E-003    -0.15270911E-005    -0.21690346E+001    -0.26892826E+001     0.17488480E-003    -0.26769553E-003
    -0.18845890E+000    -0.17639665E-003    -0.21095730E-003    -0.24002167E+001    -0.26494426E+001     0.14787711E-003    -0.26504358E-003
    -0.18769899E+000     0.14971312E-003    -0.80116349E-004    -0.25442200E+001    -0.27000712E+001     0.12558208E-003    -0.27369641E-003
    -0.18693907E+000     0.22276065E-003     0.18186451E-003    -0.25880411E+001    -0.27078444E+001     0.11008489E-003    -0.28406639E-003
    -0.18617916E+000     0.72038285E-004     0.34194835E-003    -0.26391202E+001    -0.26238226E+001     0.92184543E-004    -0.29354757E-003
    -0.18541924E+000    -0.10670473E-003     0.33475673E-003    -0.27612046E+001    -0.25009660E+001     0.65619112E-004    -0.31120800E-003
    -0.18465933E+000    -0.23076796E-003     0.22914877E-003    -0.29528256E+001    -0.23952141E+001     0.36392400E-004    -0.35847567E-003
    -0.18389941E+000    -0.25954865E-003     0.88736526E-004    -0.31831510E+001    -0.23277579E+001     0.49632994E-004    -0.44187878E-003
    -0.18313950E+000    -0.23118474E-003    -0.32888629E-004    -0.34384239E+001    -0.22959887E+001     0.13714789E-003    -0.49753920E-003
    -0.18237958E+000    -0.11447196E-003    -0.15862767E-003    -0.37082586E+001    -0.23023618E+001     0.23583591E-003    -0.46868369E-003
    -0.18161967E+000     0.12769770E-003    -0.15288108E-003    -0.39780689E+001    -0.23417712E+001     0.28049043E-003    -0.39202335E-003
    -0.18085975E+000     0.32936922E-003     0.80432952E-004    -0.42382784E+001    -0.23845409E+001     0.27416822E-003    -0.31931354E-003
    -0.18009984E+000     0.32160459E-003     0.43519075E-003    -0.45383125E+001    -0.23990310E+001     0.23917524E-003    -0.26577431E-003
    -0.17933992E+000     0.13273094E-003     0.73397522E-003    -0.49398617E+001    -0.24312256E+001     0.18868200E-003    -0.23477201E-003
    -0.17858001E+000    -0.13727842E-003     0.10000984E-002    -0.54431486E+001    -0.25559615E+001     0.13293562E-003    -0.22455204E-003
    -0.17782009E+000    -0.61368635E-003     0.12487199E-002    -0.60171509E+001    -0.28207953E+001     0.76572264E-004    -0.23171506E-003
    -0.17706018E+000    -0.13067781E-002     0.12458741E-002    -0.66423645E+001    -0.32781571E+001     0.20643843E-004    -0.25411165E-003
    -0.17630026E+000    -0.20264216E-002     0.88559744E-003    -0.72453866E+001    -0.40194562E+001    -0.33740815E-004    -0.29513179E-003
    -0.17554035E+000    -0.25895565E-002     0.15181010E-003    -0.76532690E+001    -0.50890450E+001    -0.77785044E-004    -0.35654429E-003
    -0.17478043E+000    -0.27247376E-002    -0.89652125E-003    -0.76444511E+001    -0.63925131E+001    -0.10684496E-003    -0.43126755E-003
    -0.17402052E+000    -0.22224146E-002    -0.17909940E-002    -0.71002475E+001    -0.76530748E+001    -0.12323197E-003    -0.52235054E-003
    -0.17326060E+000    -0.15535765E-002    -0.22065238E-002    -0.61432904E+001    -0.86132829E+001    -0.10829319E-003    -0.63593569E-003
    -0.17250069E+000    -0.93815045E-003    -0.23593404E-002    -0.49264820E+001    -0.91448406E+001    -0.40659501E-004    -0.74373059E-003
    -0.17174077E+000    -0.39061224E-003    -0.23600965E-002    -0.37201255E+001    -0.91227298E+001     0.54549328E-004    -0.81128621E-003
    -0.17098086E+000     0.13083156E-003    -0.21780721E-002    -0.28748484E+001    -0.87726924E+001     0.14319719E-003    -0.85531352E-003
    -0.17022094E+000     0.46621875E-003    -0.18012350E-002    -0.22979012E+001    -0.85085791E+001     0.24058576E-003    -0.90801256E-003
    -0.16946103E+000     0.54525426E-003    -0.14132076E-002    -0.15635139E+001    -0.83078235E+001     0.39393495E-003    -0.94731528E-003
    -0.16870111E+000     0.46269962E-003    -0.11139693E-002    -0.71559307E+000    -0.76930005E+001     0.58487033E-003    -0.89795829E-003
    -0.16794120E+000     0.25182485E-003    -0.95457259E-003    -0.24317109E+000    -0.66791526E+001     0.71972359E-003    -0.75027181E-003
    -0.16718128E+000     0.34285653E-004    -0.99346111E-003    -0.29517035E+000    -0.56382860E+001     0.75348969E-003    -0.58314466E-003
    -0.16642137E+000    -0.76089225E-004    -0.11644649E-002    -0.72154695E+000    -0.48780347E+001     0.71681282E-003    -0.46034505E-003
    -0.16566145E+000    -0.44532601E-004    -0.13589556E-002    -0.12223534E+001    -0.44725266E+001     0.66628482E-003    -0.39899224E-003
    -0.16490154E+000     0.41545785E-004    -0.14874904E-002    -0.16022586E+001    -0.42811998E+001     0.63844190E-003    -0.36989170E-003
    -0.16414162E+000     0.12316125E-003    -0.16516057E-002    -0.18207216E+001    -0.41079654E+001     0.63335102E-003    -0.34270335E-003
    -0.16338171E+000     0.31219446E-003    -0.18540087E-002    -0.20102149E+001    -0.38052168E+001     0.63485478E-003    -0.29987225E-003
    -0.16262179E+000     0.65642260E-003    -0.20507523E-002    -0.23456987E+001    -0.34325504E+001     0.61999627E-003    -0.24758900E-003
    -0.16186188E+000     0.12342696E-002    -0.19999667E-002    -0.28287136E+001    -0.31318106E+001     0.59064185E-003    -0.20724874E-003
    -0.16110196E+000     0.16035792E-002    -0.15660105E-002    -0.33884899E+001    -0.29486072E+001     0.56314813E-003    -0.17843430E-003
    -0.16034205E+000     0.16698786E-002    -0.11834970E-002    -0.39772852E+001    -0.28871276E+001     0.53664438E-003    -0.15136512E-003
    -0.15958213E+000     0.16669531E-002    -0.91154589E-003    -0.45410575E+001    -0.29374679E+001     0.50631874E-003    -0.12817145E-003
    -0.15882222E+000     0.16611785E-002    -0.70108046E-003    -0.50583170E+001    -0.30411245E+001     0.47464469E-003    -0.11414877E-003
    -0.15806230E+000     0.16761407E-002    -0.47621573E-003    -0.55482292E+001    -0.31909370E+001     0.45192359E-003    -0.10850186E-003
    -0.15730239E+000     0.16459098E-002    -0.19956842E-003    -0.59555826E+001    -0.33456666E+001     0.44268917E-003    -0.97148401E-004
    -0.15654247E+000     0.14962484E-002     0.10532764E-003    -0.63693276E+001    -0.33713013E+001     0.43457093E-003    -0.67189943E-004
    -0.15578256E+000     0.12061536E-002     0.29338186E-003    -0.69641805E+001    -0.33517962E+001     0.40983393E-003    -0.23744232E-004
    -0.15502264E+000     0.92895568E-003     0.33650859E-003    -0.77231970E+001    -0.34323287E+001     0.36629460E-003     0.21156320E-004
    -0.15426273E+000     0.68201150E-003     0.31106094E-003    -0.85724098E+001    -0.36565226E+001     0.30130239E-003     0.69133811E-004
    -0.15350281E+000     0.45994118E-003     0.19939050E-003    -0.94779535E+001    -0.39933160E+001     0.19090455E-003     0.10412244E-003
    -0.15274290E+000     0.31510206E-003     0.18351821E-004    -0.10497829E+002    -0.44385863E+001     0.54041883E-004     0.72100784E-004
    -0.15198298E+000     0.25309039E-003    -0.20281359E-003    -0.11687617E+002    -0.50853231E+001    -0.41853610E-004    -0.18099021E-004
    -0.15122307E+000     0.30394413E-003    -0.43108769E-003    -0.13026611E+002    -0.60903889E+001    -0.87584889E-004    -0.11215284E-003
    -0.15046315E+000     0.43097039E-003    -0.61341658E-003    -0.14380227E+002    -0.76214263E+001    -0.11165189E-003    -0.18446161E-003
    -0.14970324E+000     0.64244767E-003    -0.80887227E-003    -0.15425598E+002    -0.97718429E+001    -0.15235555E-003    -0.23889389E-003
    -0.14894332E+000     0.10869913E-002    -0.88940662E-003    -0.15786754E+002    -0.12194212E+002    -0.23186184E-003    -0.33187552E-003
    -0.14818341E+000     0.15600383E-002    -0.57510916E-003    -0.15825722E+002    -0.14392296E+002    -0.26385733E-003    -0.52014422E-003
    -0.14742350E+000     0.16872781E-002    -0.24658012E-004    -0.16019861E+002    -0.16799048E+002    -0.15592546E-003    -0.68540783E-003
    -0.14666358E+000     0.14908653E-002     0.40005687E-003    -0.16067578E+002    -0.20020157E+002    -0.43292349E-004    -0.70650781E-003
    -0.14590367E+000     0.12179442E-002     0.58269368E-003    -0.15071990E+002    -0.24351414E+002    -0.73672856E-004    -0.72131847E-003
    -0.14514375E+000     0.10610180E-002     0.64718766E-003    -0.11867746E+002    -0.29048726E+002    -0.11953868E-003    -0.90773424E-003
    -0.14438384E+000     0.95026055E-003     0.78578549E-003    -0.61156656E+001    -0.32365036E+002     0.25836894E-004    -0.11740993E-002
    -0.14362392E+000     0.74555413E-003     0.94145866E-003     0.62424124E+000    -0.32630917E+002     0.33720111E-003    -0.13141482E-002
    -0.14286401E+000     0.44059513E-003     0.10400959E-002     0.64690499E+001    -0.30403552E+002     0.67132306E-003    -0.12764992E-002
    -0.14210409E+000     0.49758405E-004     0.95649297E-003     0.10761594E+002    -0.26302338E+002     0.92382083E-003    -0.10927558E-002
    -0.14134418E+000    -0.21340407E-003     0.59828468E-003     0.12430397E+002    -0.21447915E+002     0.10278230E-002    -0.86537152E-003
    -0.14058426E+000    -0.99052265E-004     0.19152100E-003     0.12059402E+002    -0.17768695E+002     0.10383916E-002    -0.70133791E-003
    -0.13982435E+000     0.24597513E-003     0.11887405E-003     0.11181095E+002    -0.15564931E+002     0.10443073E-002    -0.59727944E-003
    -0.13906443E+000     0.38252467E-003     0.33937005E-003     0.10596674E+002    -0.14327178E+002     0.10735437E-002    -0.50423444E-003
    -0.13830452E+000     0.31824592E-003     0.46041653E-003     0.10606454E+002    -0.13315819E+002     0.11076657E-002    -0.37967172E-003
    -0.13754460E+000     0.30982629E-003     0.55466450E-003     0.10807885E+002    -0.11931531E+002     0.10939723E-002    -0.21635514E-003
    -0.13678469E+000     0.21483591E-003     0.68642358E-003     0.10617726E+002    -0.10249088E+002     0.99214476E-003    -0.79508615E-004
    -0.13602477E+000     0.10629482E-003     0.76377330E-003     0.98786904E+001    -0.87121821E+001     0.86847311E-003    -0.30249135E-004
    -0.13526486E+000    -0.67845587E-005     0.85095776E-003     0.87745402E+001    -0.76171897E+001     0.77787148E-003    -0.34180666E-004
    -0.13450494E+000    -0.11303447E-003     0.98736577E-003     0.76008101E+001    -0.71039732E+001     0.72758816E-003    -0.57857380E-004
    -0.13374503E+000    -0.37836185E-003     0.12930856E-002     0.67192486E+001    -0.70639992E+001     0.71378861E-003    -0.77685497E-004
    -0.13298511E+000    -0.11408495E-002     0.14675925E-002     0.62656031E+001    -0.70917845E+001     0.72126055E-003    -0.70487032E-004
    -0.13222520E+000    -0.20235894E-002     0.87301084E-003     0.58945999E+001    -0.69634706E+001     0.71492149E-003    -0.37828498E-004
    -0.13146528E+000    -0.22121108E-002    -0.16118672E-003     0.54447379E+001    -0.69883147E+001     0.69153751E-003    -0.95866231E-005
    -0.13070537E+000    -0.18649790E-002    -0.89568268E-003     0.53138488E+001    -0.73177773E+001     0.66816999E-003     0.16316336E-004
    -0.12994545E+000    -0.14456518E-002    -0.13638190E-002     0.57950566E+001    -0.74027027E+001     0.63029080E-003     0.48164699E-004
    -0.12918554E+000    -0.89773396E-003    -0.17052822E-002     0.62985696E+001    -0.67370078E+001     0.57167412E-003     0.56282914E-004
    -0.12842562E+000    -0.24138793E-003    -0.17749081E-002     0.62193341E+001    -0.57522353E+001     0.53157540E-003     0.33984801E-004
    -0.12766571E+000     0.33680456E-003    -0.15106730E-002     0.56918079E+001    -0.49396655E+001     0.51583875E-003     0.18552847E-004
    -0.12690579E+000     0.61666734E-003    -0.10595389E-002     0.49651308E+001    -0.44041697E+001     0.49799207E-003     0.13133939E-004
    -0.12614588E+000     0.63985096E-003    -0.66999976E-003     0.41730071E+001    -0.41223829E+001     0.47799162E-003     0.17104302E-005
    -0.12538596E+000     0.55670426E-003    -0.39173481E-003     0.33955355E+001    -0.40743115E+001     0.46746218E-003    -0.12927465E-004
    -0.12462605E+000     0.40714982E-003    -0.18441620E-003     0.26793235E+001    -0.42207028E+001     0.46153752E-003    -0.18915119E-004
    -0.12386613E+000     0.19737381E-003    -0.78178754E-004     0.20788093E+001    -0.45774325E+001     0.44598958E-003    -0.22287163E-004
    -0.12310622E+000    -0.18125792E-004    -0.98303842E-004     0.17132121E+001    -0.50644356E+001     0.42791209E-003    -0.41258803E-004
    -0.12234630E+000    -0.14271153E-003    -0.22475179E-003     0.15361779E+001    -0.55482501E+001     0.42820687E-003    -0.68141574E-004
    -0.12158639E+000    -0.19171013E-003    -0.32634018E-003     0.15155142E+001    -0.61169607E+001     0.44318700E-003    -0.84819071E-004
    -0.12082647E+000    -0.22992510E-003    -0.48212284E-003     0.19118932E+001    -0.67214457E+001     0.46091309E-003    -0.86577174E-004
    -0.12006656E+000    -0.12657298E-003    -0.64901441E-003     0.28216587E+001    -0.68819191E+001     0.47311885E-003    -0.80349938E-004
    -0.11930664E+000     0.49530994E-004    -0.68908379E-003     0.35971142E+001    -0.61642218E+001     0.48453230E-003    -0.67223344E-004
    -0.11854673E+000     0.15970718E-003    -0.62838719E-003     0.35844693E+001    -0.51935540E+001     0.48445669E-003    -0.40963935E-004
    -0.11778681E+000     0.22437945E-003    -0.60495174E-003     0.31501471E+001    -0.45827002E+001     0.46053179E-003    -0.17846283E-004
    -0.11702690E+000     0.34900238E-003    -0.52203701E-003     0.26975582E+001    -0.42430158E+001     0.42487977E-003    -0.17533661E-004
    -0.11626698E+000     0.35689621E-003    -0.34142542E-003     0.22469578E+001    -0.40120261E+001     0.39669880E-003    -0.37183001E-004
    -0.11550707E+000     0.24179726E-003    -0.23423529E-003     0.17831792E+001    -0.39169354E+001     0.38132991E-003    -0.70035424E-004
    -0.11474715E+000     0.99497409E-004    -0.24641225E-003     0.14330992E+001    -0.39434083E+001     0.38986368E-003    -0.10899957E-003
    -0.11398724E+000     0.38973225E-004    -0.38274644E-003     0.11903641E+001    -0.38981991E+001     0.41962754E-003    -0.13053456E-003
    -0.11322732E+000     0.17245369E-003    -0.48921654E-003     0.86822082E+000    -0.38175891E+001     0.44765151E-003    -0.13330696E-003
    -0.11246741E+000     0.30062087E-003    -0.35827611E-003     0.55596605E+000    -0.38130168E+001     0.47468070E-003    -0.12858402E-003
    -0.11170749E+000     0.20625774E-003    -0.26294774E-003     0.24791564E+000    -0.37635027E+001     0.49882632E-003    -0.10762408E-003
    -0.11094758E+000     0.17775048E-003    -0.30760105E-003    -0.17761946E+000    -0.38130769E+001     0.50431274E-003    -0.77997668E-004
    -0.11018766E+000     0.21332078E-003    -0.28589965E-003    -0.45096474E+000    -0.41081554E+001     0.49442510E-003    -0.55542856E-004
    -0.10942775E+000     0.18721005E-003    -0.24400642E-003    -0.31763344E+000    -0.42808414E+001     0.47889217E-003    -0.44658321E-004
    -0.10866783E+000     0.16663734E-003    -0.25450765E-003    -0.18808443E+000    -0.39480870E+001     0.46538442E-003    -0.43392427E-004
    -0.10790792E+000     0.18870376E-003    -0.25370320E-003    -0.48202122E+000    -0.34314822E+001     0.45668730E-003    -0.46493453E-004
    -0.10714800E+000     0.21919191E-003    -0.21309860E-003    -0.10796168E+001    -0.30692092E+001     0.45147334E-003    -0.50458095E-004
    -0.10638809E+000     0.22280229E-003    -0.12984145E-003    -0.18122468E+001    -0.29125336E+001     0.44687614E-003    -0.55647011E-004
    -0.10562817E+000     0.16678213E-003    -0.24835906E-004    -0.25905419E+001    -0.29705487E+001     0.44512283E-003    -0.65661572E-004
    -0.10486826E+000     0.13935553E-004     0.53346469E-004    -0.33228607E+001    -0.32254387E+001     0.45263856E-003    -0.76772758E-004
    -0.10410834E+000    -0.19325434E-003    -0.12733352E-004    -0.39727995E+001    -0.36376176E+001     0.46517393E-003    -0.79810578E-004
    -0.10334843E+000    -0.29050657E-003    -0.22271396E-003    -0.44505160E+001    -0.42585947E+001     0.47436266E-003    -0.80767440E-004
    -0.10258851E+000    -0.19709757E-003    -0.43416256E-003    -0.44523397E+001    -0.49078424E+001     0.49049755E-003    -0.84025930E-004
    -0.10182860E+000     0.30986525E-004    -0.48030414E-003    -0.41448989E+001    -0.49718054E+001     0.51446705E-003    -0.73041722E-004
    -0.10106868E+000     0.17208893E-003    -0.30376379E-003    -0.42786679E+001    -0.45235907E+001     0.52591210E-003    -0.48023067E-004
    -0.10030877E+000     0.92989430E-004    -0.12003104E-003    -0.49266099E+001    -0.41283681E+001     0.52304159E-003    -0.26537989E-004
    -0.99548855E-001    -0.64266189E-004    -0.71990784E-004    -0.58860540E+001    -0.39591438E+001     0.51639022E-003    -0.13373443E-004
    -0.98788940E-001    -0.20409750E-003    -0.11249138E-003    -0.70544322E+001    -0.40856311E+001     0.51115657E-003    -0.48206873E-005
    -0.98029025E-001    -0.31625927E-003    -0.21749788E-003    -0.83466753E+001    -0.45719445E+001     0.50765914E-003     0.20883145E-005
    -0.97269110E-001    -0.37759471E-003    -0.38588183E-003    -0.96774767E+001    -0.55152647E+001     0.50561483E-003     0.82605441E-005
    -0.96509195E-001    -0.34358925E-003    -0.60902275E-003    -0.10866733E+002    -0.70829601E+001     0.50664746E-003     0.15071794E-004
    -0.95749280E-001    -0.14920749E-003    -0.83447741E-003    -0.11427551E+002    -0.94425497E+001     0.50867418E-003     0.30155349E-004
    -0.94989365E-001     0.22832683E-003    -0.91932373E-003    -0.10362444E+002    -0.12154748E+002     0.49469789E-003     0.50766250E-004
    -0.94229450E-001     0.66446689E-003    -0.71390274E-003    -0.74830383E+001    -0.13289767E+002     0.46845211E-003     0.50252883E-004
    -0.93469536E-001     0.86113637E-003    -0.18436277E-003    -0.50887355E+001    -0.11772962E+002     0.46020506E-003     0.33563345E-004
    -0.92709621E-001     0.63996584E-003     0.25824797E-003    -0.48360430E+001    -0.93393485E+001     0.46592806E-003     0.24247066E-004
    -0.91949706E-001     0.34461714E-003     0.40097672E-003    -0.60796688E+001    -0.75498968E+001     0.47325692E-003     0.21968153E-004
    -0.91189791E-001     0.20437649E-003     0.37643910E-003    -0.79141505E+001    -0.65959537E+001     0.48033319E-003     0.22326345E-004
    -0.90429876E-001     0.30493122E-003     0.40764898E-003    -0.99611833E+001    -0.62580816E+001     0.48819967E-003     0.23713700E-004
    -0.89669961E-001     0.53497560E-003     0.76642441E-003    -0.12133697E+002    -0.63587331E+001     0.49815923E-003     0.26381936E-004
    -0.88910046E-001     0.54673542E-003     0.16055553E-002    -0.14463032E+002    -0.68092021E+001     0.51038082E-003     0.31857554E-004
    -0.88150131E-001    -0.18326944E-003     0.27728571E-002    -0.17034399E+002    -0.76151069E+001     0.52372311E-003     0.40565887E-004
    -0.87390216E-001    -0.20266362E-002     0.34316695E-002    -0.19938474E+002    -0.88669969E+001     0.53850084E-003     0.52066889E-004
    -0.86630301E-001    -0.40629380E-002     0.26293526E-002    -0.23272511E+002    -0.10733554E+002     0.55587400E-003     0.67458125E-004
    -0.85870386E-001    -0.51558266E-002     0.10410726E-002    -0.27142002E+002    -0.13513135E+002     0.57626712E-003     0.89242072E-004
    -0.85110471E-001    -0.55182514E-002    -0.47381253E-003    -0.31615965E+002    -0.17734086E+002     0.59900707E-003     0.12066035E-003
    -0.84350556E-001    -0.56191770E-002    -0.17844722E-002    -0.36578186E+002    -0.24321866E+002     0.62300809E-003     0.16604712E-003
    -0.83590642E-001    -0.57315791E-002    -0.31427827E-002    -0.41285859E+002    -0.34839301E+002     0.64498494E-003     0.23466705E-003
    -0.82830727E-001    -0.57124469E-002    -0.50260695E-002    -0.43028453E+002    -0.51535527E+002     0.64846837E-003     0.34199217E-003
    -0.82070812E-001    -0.46437691E-002    -0.76812875E-002    -0.34169754E+002    -0.74583096E+002     0.58291155E-003     0.49046443E-003
    -0.81310897E-001    -0.13337350E-002    -0.97032200E-002    -0.58435786E+001    -0.91463004E+002     0.38845638E-003     0.59612316E-003
    -0.80550982E-001     0.26018020E-002    -0.87771571E-002     0.27740572E+002    -0.82830858E+002     0.16298698E-003     0.52901702E-003
    -0.79791067E-001     0.44482243E-002    -0.61874560E-002     0.43260293E+002    -0.59665127E+002     0.63617469E-004     0.36860282E-003
    -0.79031152E-001     0.46381666E-002    -0.40443609E-002     0.44051381E+002    -0.40314115E+002     0.60304210E-004     0.23876811E-003
    -0.78271237E-001     0.42556129E-002    -0.26514651E-002     0.39643944E+002    -0.27917911E+002     0.88061318E-004     0.15317462E-003
    -0.77511322E-001     0.37341065E-002    -0.17642063E-002     0.34342390E+002    -0.20365905E+002     0.12428544E-003     0.94835045E-004
    -0.76751407E-001     0.31828899E-002    -0.12289652E-002     0.29426512E+002    -0.15716053E+002     0.16637224E-003     0.55610265E-004
    -0.75991492E-001     0.27102978E-002    -0.98973691E-003     0.25150582E+002    -0.12783321E+002     0.20976231E-003     0.35504142E-004
    -0.75231577E-001     0.24179412E-002    -0.88605591E-003     0.21471388E+002    -0.10861694E+002     0.24923270E-003     0.29757800E-004
    -0.74471662E-001     0.22194899E-002    -0.75905231E-003     0.18185842E+002    -0.95246520E+001     0.28329936E-003     0.35536639E-004
    -0.73711748E-001     0.19926896E-002    -0.63323350E-003     0.15077889E+002    -0.86534130E+001     0.30995479E-003     0.48275269E-004
    -0.72951833E-001     0.17427042E-002    -0.58553368E-003     0.12075166E+002    -0.82387725E+001     0.33257555E-003     0.64621691E-004
    -0.72191918E-001     0.15172646E-002    -0.62061151E-003     0.91397426E+001    -0.82740559E+001     0.35450873E-003     0.86911763E-004
    -0.71432003E-001     0.13242222E-002    -0.72713526E-003     0.62434870E+001    -0.88114120E+001     0.37558830E-003     0.12106218E-003
    -0.70672088E-001     0.11788346E-002    -0.92962198E-003     0.34499923E+001    -0.99914943E+001     0.38900715E-003     0.17589364E-003
    -0.69912173E-001     0.11652623E-002    -0.12532547E-002     0.10987294E+001    -0.11944792E+002     0.37230761E-003     0.25733842E-003
    -0.69152258E-001     0.14415009E-002    -0.15876217E-002    -0.16324543E+000    -0.14220175E+002     0.28649374E-003     0.33751917E-003
    -0.68392343E-001     0.19347008E-002    -0.16031584E-002    -0.73904452E+000    -0.15421953E+002     0.14897168E-003     0.33550622E-003
    -0.67632428E-001     0.22225519E-002    -0.13067921E-002    -0.26140028E+001    -0.15713766E+002     0.61201763E-004     0.25048121E-003
    -0.66872513E-001     0.22314268E-002    -0.10601373E-002    -0.62411463E+001    -0.16922702E+002     0.41406612E-004     0.16346832E-003
    -0.66112598E-001     0.21522960E-002    -0.10260131E-002    -0.10955494E+002    -0.20146783E+002     0.50049740E-004     0.10203074E-003
    -0.65352683E-001     0.21677040E-002    -0.12454293E-002    -0.16172711E+002    -0.26306521E+002     0.64711389E-004     0.58957058E-004
    -0.64592768E-001     0.25703524E-002    -0.17295921E-002    -0.20754908E+002    -0.37000748E+002     0.79754950E-004     0.23810222E-004
    -0.63832854E-001     0.39681054E-002    -0.20853214E-002    -0.21066472E+002    -0.54272765E+002     0.98489990E-004    -0.10189631E-004
    -0.63072939E-001     0.62775603E-002    -0.51092456E-003    -0.84240563E+001    -0.76155546E+002     0.12950163E-003    -0.40969604E-004
    -0.62313024E-001     0.59125751E-002     0.34352966E-002     0.22183622E+002    -0.86472198E+002     0.17273475E-003    -0.53370593E-004
    -0.61553109E-001     0.24795720E-002     0.48409595E-002     0.50451129E+002    -0.72125598E+002     0.20758907E-003    -0.41854520E-004
    -0.60793194E-001     0.29464040E-003     0.36315887E-002     0.60272469E+002    -0.49963680E+002     0.22344100E-003    -0.24273854E-004
    -0.60033279E-001    -0.33102951E-003     0.23038641E-002     0.59075108E+002    -0.33431117E+002     0.22857872E-003    -0.11797490E-004
    -0.59273364E-001    -0.35375441E-003     0.14431881E-002     0.54670904E+002    -0.23033908E+002     0.23014951E-003    -0.44925354E-005
    -0.58513449E-001    -0.22209521E-003     0.93205832E-003     0.50014829E+002    -0.16567205E+002     0.23085026E-003    -0.37996557E-006
    -0.57753534E-001    -0.75254985E-004     0.62520695E-003     0.45886383E+002    -0.12408807E+002     0.23145772E-003     0.19345950E-005
    -0.56993619E-001     0.51632302E-004     0.43434910E-003     0.42390180E+002    -0.96207506E+001     0.23214511E-003     0.32374679E-005
    -0.56233704E-001     0.15376103E-003     0.31093541E-003     0.39455257E+002    -0.76758584E+001     0.23291829E-003     0.39586359E-005
    -0.55473789E-001     0.23415049E-003     0.22820360E-003     0.36981595E+002    -0.62708587E+001     0.23374591E-003     0.43371376E-005
    -0.54713874E-001     0.29710897E-003     0.17095487E-003     0.34878986E+002    -0.52248105E+001     0.23459555E-003     0.45096688E-005
    -0.53953960E-001     0.34649209E-003     0.13023799E-003     0.33074365E+002    -0.44255928E+001     0.23544211E-003     0.45566989E-005
    -0.53194045E-001     0.38537727E-003     0.10058769E-003     0.31510515E+002    -0.38012173E+001     0.23626813E-003     0.45268514E-005
    -0.52434130E-001     0.41612817E-003     0.78553560E-004     0.30142987E+002    -0.33039534E+001     0.23706231E-003     0.44501615E-005
    -0.51674215E-001     0.44053945E-003     0.61890287E-004     0.28937165E+002    -0.29012328E+001     0.23781786E-003     0.43455134E-005
    -0.50914300E-001     0.45997349E-003     0.49096578E-004     0.27865894E+002    -0.25702583E+001     0.23853110E-003     0.42249366E-005
    -0.50154385E-001     0.47546969E-003     0.39144027E-004     0.26907679E+002    -0.22947055E+001     0.23920055E-003     0.40961582E-005
    -0.49394470E-001     0.48782692E-003     0.31312771E-004     0.26045332E+002    -0.20626457E+001     0.23982615E-003     0.39641561E-005
    -0.48634555E-001     0.49766422E-003     0.25089074E-004     0.25264980E+002    -0.18652023E+001     0.24040880E-003     0.38321254E-005
    -0.47874640E-001     0.50546543E-003     0.20099882E-004     0.24555315E+002    -0.16956612E+001     0.24094998E-003     0.37020915E-005
    -0.47114725E-001     0.51161188E-003     0.16070029E-004     0.23907035E+002    -0.15488687E+001     0.24145155E-003     0.35753054E-005
    -0.46354810E-001     0.51640650E-003     0.12793674E-004     0.23312425E+002    -0.14208155E+001     0.24191555E-003     0.34525028E-005
    -0.45594895E-001     0.52009180E-003     0.10114849E-004     0.22765034E+002    -0.13083443E+001     0.24234411E-003     0.33340757E-005
    -0.44834980E-001     0.52286330E-003     0.79139965E-005     0.22259426E+002    -0.12089412E+001     0.24273940E-003     0.32201871E-005
    -0.44075066E-001     0.52487967E-003     0.60984936E-005     0.21790991E+002    -0.11205842E+001     0.24310352E-003     0.31108490E-005
    -0.43315151E-001     0.52627049E-003     0.45958940E-005     0.21355791E+002    -0.10416314E+001     0.24343853E-003     0.30059751E-005
    -0.42555236E-001     0.52714215E-003     0.33490264E-005     0.20950443E+002    -0.97073790E+000     0.24374639E-003     0.29054167E-005
    -0.41795321E-001     0.52758250E-003     0.23123966E-005     0.20572025E+002    -0.90679375E+000     0.24402895E-003     0.28089875E-005
    -0.41035406E-001     0.52766443E-003     0.14495297E-005     0.20217999E+002    -0.84887566E+000     0.24428800E-003     0.27164807E-005
    -0.40275491E-001     0.52744865E-003     0.73098674E-006     0.19886148E+002    -0.79621047E+000     0.24452517E-003     0.26276798E-005
    -0.39515576E-001     0.52698600E-003     0.13284683E-006     0.19574531E+002    -0.74814655E+000     0.24474204E-003     0.25423670E-005
    -0.38755661E-001     0.52631918E-003    -0.36444135E-006     0.19281435E+002    -0.70413140E+000     0.24494007E-003     0.24603279E-005
    -0.37995746E-001     0.52548417E-003    -0.77693599E-006     0.19005348E+002    -0.66369395E+000     0.24512060E-003     0.23813551E-005
    -0.37235831E-001     0.52451141E-003    -0.11178944E-005     0.18744926E+002    -0.62643040E+000     0.24528493E-003     0.23052500E-005
    -0.36475916E-001     0.52342670E-003    -0.13983198E-005     0.18498974E+002    -0.59199294E+000     0.24543424E-003     0.22318240E-005
    -0.35716001E-001     0.52225199E-003    -0.16273911E-005     0.18266421E+002    -0.56008056E+000     0.24556963E-003     0.21608991E-005
    -0.34956086E-001     0.52100600E-003    -0.18127894E-005     0.18046309E+002    -0.53043160E+000     0.24569214E-003     0.20923083E-005
    -0.34196172E-001     0.51970470E-003    -0.19609600E-005     0.17837775E+002    -0.50281769E+000     0.24580273E-003     0.20258947E-005
    -0.33436257E-001     0.51836177E-003    -0.20773326E-005     0.17640042E+002    -0.47703869E+000     0.24590230E-003     0.19615122E-005
    -0.32676342E-001     0.51698894E-003    -0.21665016E-005     0.17452407E+002    -0.45291855E+000     0.24599169E-003     0.18990242E-005
    -0.31916427E-001     0.51559628E-003    -0.22323688E-005     0.17274232E+002    -0.43030189E+000     0.24607168E-003     0.18383035E-005
    -0.31156512E-001     0.51419242E-003    -0.22782586E-005     0.17104939E+002    -0.40905105E+000     0.24614299E-003     0.17792317E-005
    -0.30396597E-001     0.51278483E-003    -0.23070059E-005     0.16943999E+002    -0.38904374E+000     0.24620632E-003     0.17216988E-005
    -0.29636682E-001     0.51137993E-003    -0.23210233E-005     0.16790933E+002    -0.37017092E+000     0.24626228E-003     0.16656023E-005
    -0.28876767E-001     0.50998324E-003    -0.23223765E-005     0.16645301E+002    -0.35233514E+000     0.24631147E-003     0.16108467E-005
    -0.28116852E-001     0.50859952E-003    -0.23128432E-005     0.16506700E+002    -0.33544899E+000     0.24635445E-003     0.15573435E-005
    -0.27356937E-001     0.50723289E-003    -0.22939546E-005     0.16374761E+002    -0.31943392E+000     0.24639173E-003     0.15050101E-005
    -0.26597022E-001     0.50588686E-003    -0.22670307E-005     0.16249144E+002    -0.30421910E+000     0.24642379E-003     0.14537697E-005
    -0.25837107E-001     0.50456451E-003    -0.22332124E-005     0.16129538E+002    -0.28974052E+000     0.24645109E-003     0.14035507E-005
    -0.25077192E-001     0.50326845E-003    -0.21934812E-005     0.16015656E+002    -0.27594020E+000     0.24647404E-003     0.13542865E-005
    -0.24317278E-001     0.50200096E-003    -0.21486803E-005     0.15907231E+002    -0.26276547E+000     0.24649303E-003     0.13059148E-005
    -0.23557363E-001     0.50076397E-003    -0.20995427E-005     0.15804019E+002    -0.25016838E+000     0.24650845E-003     0.12583776E-005
    -0.22797448E-001     0.49955914E-003    -0.20467093E-005     0.15705794E+002    -0.23810519E+000     0.24652062E-003     0.12116207E-005
    -0.22037533E-001     0.49838792E-003    -0.19907305E-005     0.15612346E+002    -0.22653589E+000     0.24652988E-003     0.11655934E-005
    -0.21277618E-001     0.49725152E-003    -0.19320768E-005     0.15523482E+002    -0.21542381E+000     0.24653652E-003     0.11202483E-005
    -0.20517703E-001     0.49615097E-003    -0.18711596E-005     0.15439022E+002    -0.20473526E+000     0.24654083E-003     0.10755409E-005
    -0.19757788E-001     0.49508717E-003    -0.18083381E-005     0.15358799E+002    -0.19443923E+000     0.24654307E-003     0.10314297E-005
    -0.18997873E-001     0.49406085E-003    -0.17439205E-005     0.15282660E+002    -0.18450711E+000     0.24654348E-003     0.98787542E-006
    -0.18237958E-001     0.49307264E-003    -0.16781741E-005     0.15210460E+002    -0.17491245E+000     0.24654229E-003     0.94484146E-006
    -0.17478043E-001     0.49212309E-003    -0.16113256E-005     0.15142068E+002    -0.16563073E+000     0.24653972E-003     0.90229323E-006
    -0.16718128E-001     0.49121261E-003    -0.15435698E-005     0.15077359E+002    -0.15663917E+000     0.24653597E-003     0.86019821E-006
    -0.15958213E-001     0.49034157E-003    -0.14750810E-005     0.15016220E+002    -0.14791660E+000     0.24653123E-003     0.81852568E-006
    -0.15198298E-001     0.48951028E-003    -0.14060098E-005     0.14958545E+002    -0.13944324E+000     0.24652567E-003     0.77724664E-006
    -0.14438384E-001     0.48871896E-003    -0.13364780E-005     0.14904235E+002    -0.13120060E+000     0.24651945E-003     0.73633367E-006
    -0.13678469E-001     0.48796782E-003    -0.12665862E-005     0.14853201E+002    -0.12317136E+000     0.24651272E-003     0.69576078E-006
    -0.12918554E-001     0.48725701E-003    -0.11964257E-005     0.14805357E+002    -0.11533925E+000     0.24650563E-003     0.65550330E-006
    -0.12158639E-001     0.48658663E-003    -0.11260775E-005     0.14760626E+002    -0.10768894E+000     0.24649829E-003     0.61553777E-006
    -0.11398724E-001     0.48595679E-003    -0.10556030E-005     0.14718938E+002    -0.10020594E+000     0.24649085E-003     0.57584184E-006
    -0.10638809E-001     0.48536755E-003    -0.98504744E-006     0.14680225E+002    -0.92876565E-001     0.24648339E-003     0.53639420E-006
    -0.98788940E-002     0.48481895E-003    -0.91445215E-006     0.14644429E+002    -0.85687797E-001     0.24647603E-003     0.49717445E-006
    -0.91189791E-002     0.48431102E-003    -0.84385143E-006     0.14611493E+002    -0.78627256E-001     0.24646886E-003     0.45816304E-006
    -0.83590642E-002     0.48384378E-003    -0.77326833E-006     0.14581369E+002    -0.71683119E-001     0.24646196E-003     0.41934117E-006
    -0.75991492E-002     0.48341722E-003    -0.70272251E-006     0.14554010E+002    -0.64844063E-001     0.24645541E-003     0.38069077E-006
    -0.68392343E-002     0.48303135E-003    -0.63222405E-006     0.14529375E+002    -0.58099214E-001     0.24644928E-003     0.34219436E-006
    -0.60793194E-002     0.48268616E-003    -0.56177222E-006     0.14507429E+002    -0.51438090E-001     0.24644364E-003     0.30383503E-006
    -0.53194045E-002     0.48238161E-003    -0.49137370E-006     0.14488139E+002    -0.44850556E-001     0.24643853E-003     0.26559635E-006
    -0.45594895E-002     0.48211771E-003    -0.42103998E-006     0.14471477E+002    -0.38326780E-001     0.24643400E-003     0.22746233E-006
    -0.37995746E-002     0.48189444E-003    -0.35077165E-006     0.14457418E+002    -0.31857187E-001     0.24643011E-003     0.18941734E-006
    -0.30396597E-002     0.48171180E-003    -0.28055640E-006     0.14445943E+002    -0.25432421E-001     0.24642687E-003     0.15144608E-006
    -0.22797448E-002     0.48156976E-003    -0.21038108E-006     0.14437035E+002    -0.19043306E-001     0.24642433E-003     0.11353348E-006
    -0.15198298E-002     0.48146831E-003    -0.14023693E-006     0.14430682E+002    -0.12680805E-001     0.24642249E-003     0.75664716E-007
    -0.75991492E-003     0.48140744E-003    -0.70114323E-007     0.14426873E+002    -0.63359901E-002     0.24642139E-003     0.37825082E-007
     0.00000000E+000     0.48138716E-003    -0.22725747E-016     0.14425604E+002     0.36235377E-014     0.24642102E-003    -0.49147376E-018
     0.75991492E-003     0.48140744E-003     0.70114323E-007     0.14426873E+002     0.63359901E-002     0.24642139E-003    -0.37825082E-007
     0.15198298E-002     0.48146831E-003     0.14023693E-006     0.14430682E+002     0.12680805E-001     0.24642249E-003    -0.75664716E-007
     0.22797448E-002     0.48156976E-003     0.21038108E-006     0.14437035E+002     0.19043306E-001     0.24642433E-003    -0.11353348E-006
     0.30396597E-002     0.48171180E-003     0.28055640E-006     0.14445943E+002     0.25432421E-001     0.24642687E-003    -0.15144608E-006
     0.37995746E-002     0.48189444E-003     0.35077165E-006     0.14457418E+002     0.31857187E-001     0.24643011E-003    -0.18941734E-006
     0.45594895E-002     0.48211771E-003     0.42103998E-006     0.14471477E+002     0.38326780E-001     0.24643400E-003    -0.22746233E-006
     0.53194045E-002     0.48238161E-003     0.49137370E-006     0.14488139E+002     0.44850556E-001     0.24643853E-003    -0.26559635E-006
     0.60793194E-002     0.48268616E-003     0.56177222E-006     0.14507429E+002     0.51438090E-001     0.24644364E-003    -0.30383503E-006
     0.68392343E-002     0.48303135E-003     0.63222405E-006     0.14529375E+002     0.58099214E-001     0.24644928E-003    -0.34219436E-006
     0.75991492E-002     0.48341722E-003     0.70272251E-006     0.14554010E+002     0.64844063E-001     0.24645541E-003    -0.38069077E-006
     0.83590642E-002     0.48384378E-003     0.77326833E-006     0.14581369E+002     0.71683119E-001     0.24646196E-003    -0.41934117E-006
     0.91189791E-002     0.48431102E-003     0.84385143E-006     0.14611493E+002     0.78627256E-001     0.24646886E-003    -0.45816304E-006
     0.98788940E-002     0.48481895E-003     0.91445215E-006     0.14644429E+002     0.85687797E-001     0.24647603E-003    -0.49717445E-006
     0.10638809E-001     0.48536755E-003     0.98504744E-006     0.14680225E+002     0.92876565E-001     0.24648339E-003    -0.53639420E-006
     0.11398724E-001     0.48595679E-003     0.10556030E-005     0.14718938E+002     0.10020594E+000     0.24649085E-003    -0.57584184E-006
     0.12158639E-001     0.48658663E-003     0.11260775E-005     0.14760626E+002     0.10768894E+000     0.24649829E-003    -0.61553777E-006
     0.12918554E-001     0.48725701E-003     0.11964257E-005     0.14805357E+002     0.11533925E+000     0.24650563E-003    -0.65550330E-006
     0.13678469E-001     0.48796782E-003     0.12665862E-005     0.14853201E+002     0.12317136E+000     0.24651272E-003    -0.69576078E-006
     0.14438384E-001     0.48871896E-003     0.13364780E-005     0.14904235E+002     0.13120060E+000     0.24651945E-003    -0.73633367E-006
     0.15198298E-001     0.48951028E-003     0.14060098E-005     0.14958545E+002     0.13944324E+000     0.24652567E-003    -0.77724664E-006
     0.15958213E-001     0.49034157E-003     0.14750810E-005     0.15016220E+002     0.14791660E+000     0.24653123E-003    -0.81852568E-006
     0.16718128E-001     0.49121261E-003     0.15435698E-005     0.15077359E+002     0.15663917E+000     0.24653597E-003    -0.86019821E-006
     0.17478043E-001     0.49212309E-003     0.16113256E-005     0.15142068E+002     0.16563073E+000     0.24653972E-003    -0.90229323E-006
     0.18237958E-001     0.49307264E-003     0.16781741E-005     0.15210460E+002     0.17491245E+000     0.24654229E-003    -0.94484146E-006
     0.18997873E-001     0.49406085E-003     0.17439205E-005     0.15282660E+002     0.18450711E+000     0.24654348E-003    -0.98787542E-006
     0.19757788E-001     0.49508717E-003     0.18083381E-005     0.15358799E+002     0.19443923E+000     0.24654307E-003    -0.10314297E-005
     0.20517703E-001     0.49615097E-003     0.18711596E-005     0.15439022E+002     0.20473526E+000     0.24654083E-003    -0.10755409E-005
     0.21277618E-001     0.49725152E-003     0.19320768E-005     0.15523482E+002     0.21542381E+000     0.24653652E-003    -0.11202483E-005
     0.22037533E-001     0.49838792E-003     0.19907305E-005     0.15612346E+002     0.22653589E+000     0.24652988E-003    -0.11655934E-005
     0.22797448E-001     0.49955914E-003     0.20467093E-005     0.15705794E+002     0.23810519E+000     0.24652062E-003    -0.12116207E-005
     0.23557363E-001     0.50076397E-003     0.20995427E-005     0.15804019E+002     0.25016838E+000     0.24650845E-003    -0.12583776E-005
     0.24317278E-001     0.50200096E-003     0.21486803E-005     0.15907231E+002     0.26276547E+000     0.24649303E-003    -0.13059148E-005
     0.25077192E-001     0.50326845E-003     0.21934812E-005     0.16015656E+002     0.27594020E+000     0.24647404E-003    -0.13542865E-005
     0.25837107E-001     0.50456451E-003     0.22332124E-005     0.16129538E+002     0.28974052E+000     0.24645109E-003    -0.14035507E-005
     0.26597022E-001     0.50588686E-003     0.22670307E-005     0.16249144E+002     0.30421910E+000     0.24642379E-003    -0.14537697E-005
     0.27356937E-001     0.50723289E-003     0.22939546E-005     0.16374761E+002     0.31943392E+000     0.24639173E-003    -0.15050101E-005
     0.28116852E-001     0.50859952E-003     0.23128432E-005     0.16506700E+002     0.33544899E+000     0.24635445E-003    -0.15573435E-005
     0.28876767E-001     0.50998324E-003     0.23223765E-005     0.16645301E+002     0.35233514E+000     0.24631147E-003    -0.16108467E-005
     0.29636682E-001     0.51137993E-003     0.23210233E-005     0.16790933E+002     0.37017092E+000     0.24626228E-003    -0.16656023E-005
     0.30396597E-001     0.51278483E-003     0.23070059E-005     0.16943999E+002     0.38904374E+000     0.24620632E-003    -0.17216988E-005
     0.31156512E-001     0.51419242E-003     0.22782586E-005     0.17104939E+002     0.40905105E+000     0.24614299E-003    -0.17792317E-005
     0.31916427E-001     0.51559628E-003     0.22323688E-005     0.17274232E+002     0.43030189E+000     0.24607168E-003    -0.18383035E-005
     0.32676342E-001     0.51698894E-003     0.21665016E-005     0.17452407E+002     0.45291855E+000     0.24599169E-003    -0.18990242E-005
     0.33436257E-001     0.51836177E-003     0.20773326E-005     0.17640042E+002     0.47703869E+000     0.24590230E-003    -0.19615122E-005
     0.34196172E-001     0.51970470E-003     0.19609600E-005     0.17837775E+002     0.50281769E+000     0.24580273E-003    -0.20258947E-005
     0.34956086E-001     0.52100600E-003     0.18127894E-005     0.18046309E+002     0.53043160E+000     0.24569214E-003    -0.20923083E-005
     0.35716001E-001     0.52225199E-003     0.16273911E-005     0.18266421E+002     0.56008056E+000     0.24556963E-003    -0.21608991E-005
     0.36475916E-001     0.52342670E-003     0.13983198E-005     0.18498974E+002     0.59199294E+000     0.24543424E-003    -0.22318240E-005
     0.37235831E-001     0.52451141E-003     0.11178944E-005     0.18744926E+002     0.62643040E+000     0.24528493E-003    -0.23052500E-005
     0.37995746E-001     0.52548417E-003     0.77693599E-006     0.19005348E+002     0.66369395E+000     0.24512060E-003    -0.23813551E-005
     0.38755661E-001     0.52631918E-003     0.36444135E-006     0.19281435E+002     0.70413140E+000     0.24494007E-003    -0.24603279E-005
     0.39515576E-001     0.52698600E-003    -0.13284683E-006     0.19574531E+002     0.74814655E+000     0.24474204E-003    -0.25423670E-005
     0.40275491E-001     0.52744865E-003    -0.73098674E-006     0.19886148E+002     0.79621047E+000     0.24452517E-003    -0.26276798E-005
     0.41035406E-001     0.52766443E-003    -0.14495297E-005     0.20217999E+002     0.84887566E+000     0.24428800E-003    -0.27164807E-005
     0.41795321E-001     0.52758250E-003    -0.23123966E-005     0.20572025E+002     0.90679375E+000     0.24402895E-003    -0.28089875E-005
     0.42555236E-001     0.52714215E-003    -0.33490264E-005     0.20950443E+002     0.97073790E+000     0.24374639E-003    -0.29054167E-005
     0.43315151E-001     0.52627049E-003    -0.45958940E-005     0.21355791E+002     0.10416314E+001     0.24343853E-003    -0.30059751E-005
     0.44075066E-001     0.52487967E-003    -0.60984936E-005     0.21790991E+002     0.11205842E+001     0.24310352E-003    -0.31108490E-005
     0.44834980E-001     0.52286330E-003    -0.79139965E-005     0.22259426E+002     0.12089412E+001     0.24273940E-003    -0.32201871E-005
     0.45594895E-001     0.52009180E-003    -0.10114849E-004     0.22765034E+002     0.13083443E+001     0.24234411E-003    -0.33340757E-005
     0.46354810E-001     0.51640650E-003    -0.12793674E-004     0.23312425E+002     0.14208155E+001     0.24191555E-003    -0.34525028E-005
     0.47114725E-001     0.51161188E-003    -0.16070029E-004     0.23907035E+002     0.15488687E+001     0.24145155E-003    -0.35753054E-005
     0.47874640E-001     0.50546543E-003    -0.20099882E-004     0.24555315E+002     0.16956612E+001     0.24094998E-003    -0.37020915E-005
     0.48634555E-001     0.49766422E-003    -0.25089074E-004     0.25264980E+002     0.18652023E+001     0.24040880E-003    -0.38321254E-005
     0.49394470E-001     0.48782692E-003    -0.31312771E-004     0.26045332E+002     0.20626457E+001     0.23982615E-003    -0.39641561E-005
     0.50154385E-001     0.47546969E-003    -0.39144027E-004     0.26907679E+002     0.22947055E+001     0.23920055E-003    -0.40961582E-005
     0.50914300E-001     0.45997349E-003    -0.49096578E-004     0.27865894E+002     0.25702583E+001     0.23853110E-003    -0.42249366E-005
     0.51674215E-001     0.44053945E-003    -0.61890287E-004     0.28937165E+002     0.29012328E+001     0.23781786E-003    -0.43455134E-005
     0.52434130E-001     0.41612817E-003    -0.78553560E-004     0.30142987E+002     0.33039534E+001     0.23706231E-003    -0.44501615E-005
     0.53194045E-001     0.38537727E-003    -0.10058769E-003     0.31510515E+002     0.38012173E+001     0.23626813E-003    -0.45268514E-005
     0.53953960E-001     0.34649209E-003    -0.13023799E-003     0.33074365E+002     0.44255928E+001     0.23544211E-003    -0.45566989E-005
     0.54713874E-001     0.29710897E-003    -0.17095487E-003     0.34878986E+002     0.52248105E+001     0.23459555E-003    -0.45096688E-005
     0.55473789E-001     0.23415049E-003    -0.22820360E-003     0.36981595E+002     0.62708587E+001     0.23374591E-003    -0.43371376E-005
     0.56233704E-001     0.15376103E-003    -0.31093541E-003     0.39455257E+002     0.76758584E+001     0.23291829E-003    -0.39586359E-005
     0.56993619E-001     0.51632302E-004    -0.43434910E-003     0.42390180E+002     0.96207506E+001     0.23214511E-003    -0.32374679E-005
     0.57753534E-001    -0.75254985E-004    -0.62520695E-003     0.45886383E+002     0.12408807E+002     0.23145772E-003    -0.19345950E-005
     0.58513449E-001    -0.22209521E-003    -0.93205832E-003     0.50014829E+002     0.16567205E+002     0.23085026E-003     0.37996557E-006
     0.59273364E-001    -0.35375441E-003    -0.14431881E-002     0.54670904E+002     0.23033908E+002     0.23014951E-003     0.44925354E-005
     0.60033279E-001    -0.33102951E-003    -0.23038641E-002     0.59075108E+002     0.33431117E+002     0.22857872E-003     0.11797490E-004
     0.60793194E-001     0.29464040E-003    -0.36315887E-002     0.60272469E+002     0.49963680E+002     0.22344100E-003     0.24273854E-004
     0.61553109E-001     0.24795720E-002    -0.48409595E-002     0.50451129E+002     0.72125598E+002     0.20758907E-003     0.41854520E-004
     0.62313024E-001     0.59125751E-002    -0.34352966E-002     0.22183622E+002     0.86472198E+002     0.17273475E-003     0.53370593E-004
     0.63072939E-001     0.62775603E-002     0.51092456E-003    -0.84240563E+001     0.76155546E+002     0.12950163E-003     0.40969604E-004
     0.63832854E-001     0.39681054E-002     0.20853214E-002    -0.21066472E+002     0.54272765E+002     0.98489990E-004     0.10189631E-004
     0.64592768E-001     0.25703524E-002     0.17295921E-002    -0.20754908E+002     0.37000748E+002     0.79754950E-004    -0.23810222E-004
     0.65352683E-001     0.21677040E-002     0.12454293E-002    -0.16172711E+002     0.26306521E+002     0.64711389E-004    -0.58957058E-004
     0.66112598E-001     0.21522960E-002     0.10260131E-002    -0.10955494E+002     0.20146783E+002     0.50049740E-004    -0.10203074E-003
     0.66872513E-001     0.22314268E-002     0.10601373E-002    -0.62411463E+001     0.16922702E+002     0.41406612E-004    -0.16346832E-003
     0.67632428E-001     0.22225519E-002     0.13067921E-002    -0.26140028E+001     0.15713766E+002     0.61201763E-004    -0.25048121E-003
     0.68392343E-001     0.19347008E-002     0.16031584E-002    -0.73904452E+000     0.15421953E+002     0.14897168E-003    -0.33550622E-003
     0.69152258E-001     0.14415009E-002     0.15876217E-002    -0.16324543E+000     0.14220175E+002     0.28649374E-003    -0.33751917E-003
     0.69912173E-001     0.11652623E-002     0.12532547E-002     0.10987294E+001     0.11944792E+002     0.37230761E-003    -0.25733842E-003
     0.70672088E-001     0.11788346E-002     0.92962198E-003     0.34499923E+001     0.99914943E+001     0.38900715E-003    -0.17589364E-003
     0.71432003E-001     0.13242222E-002     0.72713526E-003     0.62434870E+001     0.88114120E+001     0.37558830E-003    -0.12106218E-003
     0.72191918E-001     0.15172646E-002     0.62061151E-003     0.91397426E+001     0.82740559E+001     0.35450873E-003    -0.86911763E-004
     0.72951833E-001     0.17427042E-002     0.58553368E-003     0.12075166E+002     0.82387725E+001     0.33257555E-003    -0.64621691E-004
     0.73711748E-001     0.19926896E-002     0.63323350E-003     0.15077889E+002     0.86534130E+001     0.30995479E-003    -0.48275269E-004
     0.74471662E-001     0.22194899E-002     0.75905231E-003     0.18185842E+002     0.95246520E+001     0.28329936E-003    -0.35536639E-004
     0.75231577E-001     0.24179412E-002     0.88605591E-003     0.21471388E+002     0.10861694E+002     0.24923270E-003    -0.29757800E-004
     0.75991492E-001     0.27102978E-002     0.98973691E-003     0.25150582E+002     0.12783321E+002     0.20976231E-003    -0.35504142E-004
     0.76751407E-001     0.31828899E-002     0.12289652E-002     0.29426512E+002     0.15716053E+002     0.16637224E-003    -0.55610265E-004
     0.77511322E-001     0.37341065E-002     0.17642063E-002     0.34342390E+002     0.20365905E+002     0.12428544E-003    -0.94835045E-004
     0.78271237E-001     0.42556129E-002     0.26514651E-002     0.39643944E+002     0.27917911E+002     0.88061318E-004    -0.15317462E-003
     0.79031152E-001     0.46381666E-002     0.40443609E-002     0.44051381E+002     0.40314115E+002     0.60304210E-004    -0.23876811E-003
     0.79791067E-001     0.44482243E-002     0.61874560E-002     0.43260293E+002     0.59665127E+002     0.63617469E-004    -0.36860282E-003
     0.80550982E-001     0.26018020E-002     0.87771571E-002     0.27740572E+002     0.82830858E+002     0.16298698E-003    -0.52901702E-003
     0.81310897E-001    -0.13337350E-002     0.97032200E-002    -0.58435786E+001     0.91463004E+002     0.38845638E-003    -0.59612316E-003
     0.82070812E-001    -0.46437691E-002     0.76812875E-002    -0.34169754E+002     0.74583096E+002     0.58291155E-003    -0.49046443E-003
     0.82830727E-001    -0.57124469E-002     0.50260695E-002    -0.43028453E+002     0.51535527E+002     0.64846837E-003    -0.34199217E-003
     0.83590642E-001    -0.57315791E-002     0.31427827E-002    -0.41285859E+002     0.34839301E+002     0.64498494E-003    -0.23466705E-003
     0.84350556E-001    -0.56191770E-002     0.17844722E-002    -0.36578186E+002     0.24321866E+002     0.62300809E-003    -0.16604712E-003
     0.85110471E-001    -0.55182514E-002     0.47381253E-003    -0.31615965E+002     0.17734086E+002     0.59900707E-003    -0.12066035E-003
     0.85870386E-001    -0.51558266E-002    -0.10410726E-002    -0.27142002E+002     0.13513135E+002     0.57626712E-003    -0.89242072E-004
     0.86630301E-001    -0.40629380E-002    -0.26293526E-002    -0.23272511E+002     0.10733554E+002     0.55587400E-003    -0.67458125E-004
     0.87390216E-001    -0.20266362E-002    -0.34316695E-002    -0.19938474E+002     0.88669969E+001     0.53850084E-003    -0.52066889E-004
     0.88150131E-001    -0.18326944E-003    -0.27728571E-002    -0.17034399E+002     0.76151069E+001     0.52372311E-003    -0.40565887E-004
     0.88910046E-001     0.54673542E-003    -0.16055553E-002    -0.14463032E+002     0.68092021E+001     0.51038082E-003    -0.31857554E-004
     0.89669961E-001     0.53497560E-003    -0.76642441E-003    -0.12133697E+002     0.63587331E+001     0.49815923E-003    -0.26381936E-004
     0.90429876E-001     0.30493122E-003    -0.40764898E-003    -0.99611833E+001     0.62580816E+001     0.48819967E-003    -0.23713700E-004
     0.91189791E-001     0.20437649E-003    -0.37643910E-003    -0.79141505E+001     0.65959537E+001     0.48033319E-003    -0.22326345E-004
     0.91949706E-001     0.34461714E-003    -0.40097672E-003    -0.60796688E+001     0.75498968E+001     0.47325692E-003    -0.21968153E-004
     0.92709621E-001     0.63996584E-003    -0.25824797E-003    -0.48360430E+001     0.93393485E+001     0.46592806E-003    -0.24247066E-004
     0.93469536E-001     0.86113637E-003     0.18436277E-003    -0.50887355E+001     0.11772962E+002     0.46020506E-003    -0.33563345E-004
     0.94229450E-001     0.66446689E-003     0.71390274E-003    -0.74830383E+001     0.13289767E+002     0.46845211E-003    -0.50252883E-004
     0.94989365E-001     0.22832683E-003     0.91932373E-003    -0.10362444E+002     0.12154748E+002     0.49469789E-003    -0.50766250E-004
     0.95749280E-001    -0.14920749E-003     0.83447741E-003    -0.11427551E+002     0.94425497E+001     0.50867418E-003    -0.30155349E-004
     0.96509195E-001    -0.34358925E-003     0.60902275E-003    -0.10866733E+002     0.70829601E+001     0.50664746E-003    -0.15071794E-004
     0.97269110E-001    -0.37759471E-003     0.38588183E-003    -0.96774767E+001     0.55152647E+001     0.50561483E-003    -0.82605441E-005
     0.98029025E-001    -0.31625927E-003     0.21749788E-003    -0.83466753E+001     0.45719445E+001     0.50765914E-003    -0.20883145E-005
     0.98788940E-001    -0.20409750E-003     0.11249138E-003    -0.70544322E+001     0.40856311E+001     0.51115657E-003     0.48206873E-005
     0.99548855E-001    -0.64266189E-004     0.71990784E-004    -0.58860540E+001     0.39591438E+001     0.51639022E-003     0.13373443E-004
     0.10030877E+000     0.92989430E-004     0.12003104E-003    -0.49266099E+001     0.41283681E+001     0.52304159E-003     0.26537989E-004
     0.10106868E+000     0.17208893E-003     0.30376379E-003    -0.42786679E+001     0.45235907E+001     0.52591210E-003     0.48023067E-004
     0.10182860E+000     0.30986525E-004     0.48030414E-003    -0.41448989E+001     0.49718054E+001     0.51446705E-003     0.73041722E-004
     0.10258851E+000    -0.19709757E-003     0.43416256E-003    -0.44523397E+001     0.49078424E+001     0.49049755E-003     0.84025930E-004
     0.10334843E+000    -0.29050657E-003     0.22271396E-003    -0.44505160E+001     0.42585947E+001     0.47436266E-003     0.80767440E-004
     0.10410834E+000    -0.19325434E-003     0.12733352E-004    -0.39727995E+001     0.36376176E+001     0.46517393E-003     0.79810578E-004
     0.10486826E+000     0.13935553E-004    -0.53346469E-004    -0.33228607E+001     0.32254387E+001     0.45263856E-003     0.76772758E-004
     0.10562817E+000     0.16678213E-003     0.24835906E-004    -0.25905419E+001     0.29705487E+001     0.44512283E-003     0.65661572E-004
     0.10638809E+000     0.22280229E-003     0.12984145E-003    -0.18122468E+001     0.29125336E+001     0.44687614E-003     0.55647011E-004
     0.10714800E+000     0.21919191E-003     0.21309860E-003    -0.10796168E+001     0.30692092E+001     0.45147334E-003     0.50458095E-004
     0.10790792E+000     0.18870376E-003     0.25370320E-003    -0.48202122E+000     0.34314822E+001     0.45668730E-003     0.46493453E-004
     0.10866783E+000     0.16663734E-003     0.25450765E-003    -0.18808443E+000     0.39480870E+001     0.46538442E-003     0.43392427E-004
     0.10942775E+000     0.18721005E-003     0.24400642E-003    -0.31763344E+000     0.42808414E+001     0.47889217E-003     0.44658321E-004
     0.11018766E+000     0.21332078E-003     0.28589965E-003    -0.45096474E+000     0.41081554E+001     0.49442510E-003     0.55542856E-004
     0.11094758E+000     0.17775048E-003     0.30760105E-003    -0.17761946E+000     0.38130769E+001     0.50431274E-003     0.77997668E-004
     0.11170749E+000     0.20625774E-003     0.26294774E-003     0.24791564E+000     0.37635027E+001     0.49882632E-003     0.10762408E-003
     0.11246741E+000     0.30062087E-003     0.35827611E-003     0.55596605E+000     0.38130168E+001     0.47468070E-003     0.12858402E-003
     0.11322732E+000     0.17245369E-003     0.48921654E-003     0.86822082E+000     0.38175891E+001     0.44765151E-003     0.13330696E-003
     0.11398724E+000     0.38973225E-004     0.38274644E-003     0.11903641E+001     0.38981991E+001     0.41962754E-003     0.13053456E-003
     0.11474715E+000     0.99497409E-004     0.24641225E-003     0.14330992E+001     0.39434083E+001     0.38986368E-003     0.10899957E-003
     0.11550707E+000     0.24179726E-003     0.23423529E-003     0.17831792E+001     0.39169354E+001     0.38132991E-003     0.70035424E-004
     0.11626698E+000     0.35689621E-003     0.34142542E-003     0.22469578E+001     0.40120261E+001     0.39669880E-003     0.37183001E-004
     0.11702690E+000     0.34900238E-003     0.52203701E-003     0.26975582E+001     0.42430158E+001     0.42487977E-003     0.17533661E-004
     0.11778681E+000     0.22437945E-003     0.60495174E-003     0.31501471E+001     0.45827002E+001     0.46053179E-003     0.17846283E-004
     0.11854673E+000     0.15970718E-003     0.62838719E-003     0.35844693E+001     0.51935540E+001     0.48445669E-003     0.40963935E-004
     0.11930664E+000     0.49530994E-004     0.68908379E-003     0.35971142E+001     0.61642218E+001     0.48453230E-003     0.67223344E-004
     0.12006656E+000    -0.12657298E-003     0.64901441E-003     0.28216587E+001     0.68819191E+001     0.47311885E-003     0.80349938E-004
     0.12082647E+000    -0.22992510E-003     0.48212284E-003     0.19118932E+001     0.67214457E+001     0.46091309E-003     0.86577174E-004
     0.12158639E+000    -0.19171013E-003     0.32634018E-003     0.15155142E+001     0.61169607E+001     0.44318700E-003     0.84819071E-004
     0.12234630E+000    -0.14271153E-003     0.22475179E-003     0.15361779E+001     0.55482501E+001     0.42820687E-003     0.68141574E-004
     0.12310622E+000    -0.18125792E-004     0.98303842E-004     0.17132121E+001     0.50644356E+001     0.42791209E-003     0.41258803E-004
     0.12386613E+000     0.19737381E-003     0.78178754E-004     0.20788093E+001     0.45774325E+001     0.44598958E-003     0.22287163E-004
     0.12462605E+000     0.40714982E-003     0.18441620E-003     0.26793235E+001     0.42207028E+001     0.46153752E-003     0.18915119E-004
     0.12538596E+000     0.55670426E-003     0.39173481E-003     0.33955355E+001     0.40743115E+001     0.46746218E-003     0.12927465E-004
     0.12614588E+000     0.63985096E-003     0.66999976E-003     0.41730071E+001     0.41223829E+001     0.47799162E-003    -0.17104302E-005
     0.12690579E+000     0.61666734E-003     0.10595389E-002     0.49651308E+001     0.44041697E+001     0.49799207E-003    -0.13133939E-004
     0.12766571E+000     0.33680456E-003     0.15106730E-002     0.56918079E+001     0.49396655E+001     0.51583875E-003    -0.18552847E-004
     0.12842562E+000    -0.24138793E-003     0.17749081E-002     0.62193341E+001     0.57522353E+001     0.53157540E-003    -0.33984801E-004
     0.12918554E+000    -0.89773396E-003     0.17052822E-002     0.62985696E+001     0.67370078E+001     0.57167412E-003    -0.56282914E-004
     0.12994545E+000    -0.14456518E-002     0.13638190E-002     0.57950566E+001     0.74027027E+001     0.63029080E-003    -0.48164699E-004
     0.13070537E+000    -0.18649790E-002     0.89568268E-003     0.53138488E+001     0.73177773E+001     0.66816999E-003    -0.16316336E-004
     0.13146528E+000    -0.22121108E-002     0.16118672E-003     0.54447379E+001     0.69883147E+001     0.69153751E-003     0.95866231E-005
     0.13222520E+000    -0.20235894E-002    -0.87301084E-003     0.58945999E+001     0.69634706E+001     0.71492149E-003     0.37828498E-004
     0.13298511E+000    -0.11408495E-002    -0.14675925E-002     0.62656031E+001     0.70917845E+001     0.72126055E-003     0.70487032E-004
     0.13374503E+000    -0.37836185E-003    -0.12930856E-002     0.67192486E+001     0.70639992E+001     0.71378861E-003     0.77685497E-004
     0.13450494E+000    -0.11303447E-003    -0.98736577E-003     0.76008101E+001     0.71039732E+001     0.72758816E-003     0.57857380E-004
     0.13526486E+000    -0.67845587E-005    -0.85095776E-003     0.87745402E+001     0.76171897E+001     0.77787148E-003     0.34180666E-004
     0.13602477E+000     0.10629482E-003    -0.76377330E-003     0.98786904E+001     0.87121821E+001     0.86847311E-003     0.30249135E-004
     0.13678469E+000     0.21483591E-003    -0.68642358E-003     0.10617726E+002     0.10249088E+002     0.99214476E-003     0.79508615E-004
     0.13754460E+000     0.30982629E-003    -0.55466450E-003     0.10807885E+002     0.11931531E+002     0.10939723E-002     0.21635514E-003
     0.13830452E+000     0.31824592E-003    -0.46041653E-003     0.10606454E+002     0.13315819E+002     0.11076657E-002     0.37967172E-003
     0.13906443E+000     0.38252467E-003    -0.33937005E-003     0.10596674E+002     0.14327178E+002     0.10735437E-002     0.50423444E-003
     0.13982435E+000     0.24597513E-003    -0.11887405E-003     0.11181095E+002     0.15564931E+002     0.10443073E-002     0.59727944E-003
     0.14058426E+000    -0.99052265E-004    -0.19152100E-003     0.12059402E+002     0.17768695E+002     0.10383916E-002     0.70133791E-003
     0.14134418E+000    -0.21340407E-003    -0.59828468E-003     0.12430397E+002     0.21447915E+002     0.10278230E-002     0.86537152E-003
     0.14210409E+000     0.49758405E-004    -0.95649297E-003     0.10761594E+002     0.26302338E+002     0.92382083E-003     0.10927558E-002
     0.14286401E+000     0.44059513E-003    -0.10400959E-002     0.64690499E+001     0.30403552E+002     0.67132306E-003     0.12764992E-002
     0.14362392E+000     0.74555413E-003    -0.94145866E-003     0.62424124E+000     0.32630917E+002     0.33720111E-003     0.13141482E-002
     0.14438384E+000     0.95026055E-003    -0.78578549E-003    -0.61156656E+001     0.32365036E+002     0.25836894E-004     0.11740993E-002
     0.14514375E+000     0.10610180E-002    -0.64718766E-003    -0.11867746E+002     0.29048726E+002    -0.11953868E-003     0.90773424E-003
     0.14590367E+000     0.12179442E-002    -0.58269368E-003    -0.15071990E+002     0.24351414E+002    -0.73672856E-004     0.72131847E-003
     0.14666358E+000     0.14908653E-002    -0.40005687E-003    -0.16067578E+002     0.20020157E+002    -0.43292349E-004     0.70650781E-003
     0.14742350E+000     0.16872781E-002     0.24658012E-004    -0.16019861E+002     0.16799048E+002    -0.15592546E-003     0.68540783E-003
     0.14818341E+000     0.15600383E-002     0.57510916E-003    -0.15825722E+002     0.14392296E+002    -0.26385733E-003     0.52014422E-003
     0.14894332E+000     0.10869913E-002     0.88940662E-003    -0.15786754E+002     0.12194212E+002    -0.23186184E-003     0.33187552E-003
     0.14970324E+000     0.64244767E-003     0.80887227E-003    -0.15425598E+002     0.97718429E+001    -0.15235555E-003     0.23889389E-003
     0.15046315E+000     0.43097039E-003     0.61341658E-003    -0.14380227E+002     0.76214263E+001    -0.11165189E-003     0.18446161E-003
     0.15122307E+000     0.30394413E-003     0.43108769E-003    -0.13026611E+002     0.60903889E+001    -0.87584889E-004     0.11215284E-003
     0.15198298E+000     0.25309039E-003     0.20281359E-003    -0.11687617E+002     0.50853231E+001    -0.41853610E-004     0.18099021E-004
     0.15274290E+000     0.31510206E-003    -0.18351821E-004    -0.10497829E+002     0.44385863E+001     0.54041883E-004    -0.72100784E-004
     0.15350281E+000     0.45994118E-003    -0.19939050E-003    -0.94779535E+001     0.39933160E+001     0.19090455E-003    -0.10412244E-003
     0.15426273E+000     0.68201150E-003    -0.31106094E-003    -0.85724098E+001     0.36565226E+001     0.30130239E-003    -0.69133811E-004
     0.15502264E+000     0.92895568E-003    -0.33650859E-003    -0.77231970E+001     0.34323287E+001     0.36629460E-003    -0.21156320E-004
     0.15578256E+000     0.12061536E-002    -0.29338186E-003    -0.69641805E+001     0.33517962E+001     0.40983393E-003     0.23744232E-004
     0.15654247E+000     0.14962484E-002    -0.10532764E-003    -0.63693276E+001     0.33713013E+001     0.43457093E-003     0.67189943E-004
     0.15730239E+000     0.16459098E-002     0.19956842E-003    -0.59555826E+001     0.33456666E+001     0.44268917E-003     0.97148401E-004
     0.15806230E+000     0.16761407E-002     0.47621573E-003    -0.55482292E+001     0.31909370E+001     0.45192359E-003     0.10850186E-003
     0.15882222E+000     0.16611785E-002     0.70108046E-003    -0.50583170E+001     0.30411245E+001     0.47464469E-003     0.11414877E-003
     0.15958213E+000     0.16669531E-002     0.91154589E-003    -0.45410575E+001     0.29374679E+001     0.50631874E-003     0.12817145E-003
     0.16034205E+000     0.16698786E-002     0.11834970E-002    -0.39772852E+001     0.28871276E+001     0.53664438E-003     0.15136512E-003
     0.16110196E+000     0.16035792E-002     0.15660105E-002    -0.33884899E+001     0.29486072E+001     0.56314813E-003     0.17843430E-003
     0.16186188E+000     0.12342696E-002     0.19999667E-002    -0.28287136E+001     0.31318106E+001     0.59064185E-003     0.20724874E-003
     0.16262179E+000     0.65642260E-003     0.20507523E-002    -0.23456987E+001     0.34325504E+001     0.61999627E-003     0.24758900E-003
     0.16338171E+000     0.31219446E-003     0.18540087E-002    -0.20102149E+001     0.38052168E+001     0.63485478E-003     0.29987225E-003
     0.16414162E+000     0.12316125E-003     0.16516057E-002    -0.18207216E+001     0.41079654E+001     0.63335102E-003     0.34270335E-003
     0.16490154E+000     0.41545785E-004     0.14874904E-002    -0.16022586E+001     0.42811998E+001     0.63844190E-003     0.36989170E-003
     0.16566145E+000    -0.44532601E-004     0.13589556E-002    -0.12223534E+001     0.44725266E+001     0.66628482E-003     0.39899224E-003
     0.16642137E+000    -0.76089225E-004     0.11644649E-002    -0.72154695E+000     0.48780347E+001     0.71681282E-003     0.46034505E-003
     0.16718128E+000     0.34285653E-004     0.99346111E-003    -0.29517035E+000     0.56382860E+001     0.75348969E-003     0.58314466E-003
     0.16794120E+000     0.25182485E-003     0.95457259E-003    -0.24317109E+000     0.66791526E+001     0.71972359E-003     0.75027181E-003
     0.16870111E+000     0.46269962E-003     0.11139693E-002    -0.71559307E+000     0.76930005E+001     0.58487033E-003     0.89795829E-003
     0.16946103E+000     0.54525426E-003     0.14132076E-002    -0.15635139E+001     0.83078235E+001     0.39393495E-003     0.94731528E-003
     0.17022094E+000     0.46621875E-003     0.18012350E-002    -0.22979012E+001     0.85085791E+001     0.24058576E-003     0.90801256E-003
     0.17098086E+000     0.13083156E-003     0.21780721E-002    -0.28748484E+001     0.87726924E+001     0.14319719E-003     0.85531352E-003
     0.17174077E+000    -0.39061224E-003     0.23600965E-002    -0.37201255E+001     0.91227298E+001     0.54549328E-004     0.81128621E-003
     0.17250069E+000    -0.93815045E-003     0.23593404E-002    -0.49264820E+001     0.91448406E+001    -0.40659501E-004     0.74373059E-003
     0.17326060E+000    -0.15535765E-002     0.22065238E-002    -0.61432904E+001     0.86132829E+001    -0.10829319E-003     0.63593569E-003
     0.17402052E+000    -0.22224146E-002     0.17909940E-002    -0.71002475E+001     0.76530748E+001    -0.12323197E-003     0.52235054E-003
     0.17478043E+000    -0.27247376E-002     0.89652125E-003    -0.76444511E+001     0.63925131E+001    -0.10684496E-003     0.43126755E-003
     0.17554035E+000    -0.25895565E-002    -0.15181010E-003    -0.76532690E+001     0.50890450E+001    -0.77785044E-004     0.35654429E-003
     0.17630026E+000    -0.20264216E-002    -0.88559744E-003    -0.72453866E+001     0.40194562E+001    -0.33740815E-004     0.29513179E-003
     0.17706018E+000    -0.13067781E-002    -0.12458741E-002    -0.66423645E+001     0.32781571E+001     0.20643843E-004     0.25411165E-003
     0.17782009E+000    -0.61368635E-003    -0.12487199E-002    -0.60171509E+001     0.28207953E+001     0.76572264E-004     0.23171506E-003
     0.17858001E+000    -0.13727842E-003    -0.10000984E-002    -0.54431486E+001     0.25559615E+001     0.13293562E-003     0.22455204E-003
     0.17933992E+000     0.13273094E-003    -0.73397522E-003    -0.49398617E+001     0.24312256E+001     0.18868200E-003     0.23477201E-003
     0.18009984E+000     0.32160459E-003    -0.43519075E-003    -0.45383125E+001     0.23990310E+001     0.23917524E-003     0.26577431E-003
     0.18085975E+000     0.32936922E-003    -0.80432952E-004    -0.42382784E+001     0.23845409E+001     0.27416822E-003     0.31931354E-003
     0.18161967E+000     0.12769770E-003     0.15288108E-003    -0.39780689E+001     0.23417712E+001     0.28049043E-003     0.39202335E-003
     0.18237958E+000    -0.11447196E-003     0.15862767E-003    -0.37082586E+001     0.23023618E+001     0.23583591E-003     0.46868369E-003
     0.18313950E+000    -0.23118474E-003     0.32888629E-004    -0.34384239E+001     0.22959887E+001     0.13714789E-003     0.49753920E-003
     0.18389941E+000    -0.25954865E-003    -0.88736526E-004    -0.31831510E+001     0.23277579E+001     0.49632994E-004     0.44187878E-003
     0.18465933E+000    -0.23076796E-003    -0.22914877E-003    -0.29528256E+001     0.23952141E+001     0.36392400E-004     0.35847567E-003
     0.18541924E+000    -0.10670473E-003    -0.33475673E-003    -0.27612046E+001     0.25009660E+001     0.65619112E-004     0.31120800E-003
     0.18617916E+000     0.72038285E-004    -0.34194835E-003    -0.26391202E+001     0.26238226E+001     0.92184543E-004     0.29354757E-003
     0.18693907E+000     0.22276065E-003    -0.18186451E-003    -0.25880411E+001     0.27078444E+001     0.11008489E-003     0.28406639E-003
     0.18769899E+000     0.14971312E-003     0.80116349E-004    -0.25442200E+001     0.27000712E+001     0.12558208E-003     0.27369641E-003
     0.18845890E+000    -0.17639665E-003     0.21095730E-003    -0.24002167E+001     0.26494426E+001     0.14787711E-003     0.26504358E-003
     0.18921882E+000    -0.61250224E-003     0.15270911E-005    -0.21690346E+001     0.26892826E+001     0.17488480E-003     0.26769553E-003
     0.18997873E+000    -0.81501717E-003    -0.56091654E-003    -0.19601503E+001     0.28550614E+001     0.19771249E-003     0.28304863E-003
     0.19073865E+000    -0.56878443E-003    -0.12208579E-002    -0.18406655E+001     0.31078431E+001     0.21262162E-003     0.30617712E-003
     0.19149856E+000     0.15722542E-003    -0.15151203E-002    -0.18575904E+001     0.34041022E+001     0.21600514E-003     0.34032757E-003
     0.19225848E+000     0.70597444E-003    -0.10910715E-002    -0.20523826E+001     0.36456524E+001     0.19194730E-003     0.37221573E-003
     0.19301839E+000     0.46317669E-003    -0.64517968E-003    -0.23452637E+001     0.36877094E+001     0.15341272E-003     0.37848907E-003
     0.19377831E+000     0.14583670E-004    -0.96091409E-003    -0.25291994E+001     0.35410130E+001     0.12234731E-003     0.35862638E-003
     0.19453822E+000     0.18902461E-003    -0.16618309E-002    -0.25503367E+001     0.34020988E+001     0.11302888E-003     0.32465840E-003
     0.19529814E+000     0.82223345E-003    -0.20295098E-002    -0.25401782E+001     0.33529286E+001     0.13366609E-003     0.29283427E-003
     0.19605805E+000     0.14964918E-002    -0.20916422E-002    -0.25872626E+001     0.33391153E+001     0.17398886E-003     0.29651615E-003
     0.19681797E+000     0.21670830E-002    -0.19031516E-002    -0.26940643E+001     0.32618979E+001     0.18785735E-003     0.33331057E-003
     0.19757788E+000     0.27059180E-002    -0.14489180E-002    -0.27597842E+001     0.30869133E+001     0.16590644E-003     0.36391589E-003
     0.19833779E+000     0.28317542E-002    -0.87821096E-003    -0.27291250E+001     0.28864988E+001     0.13074530E-003     0.36935485E-003
     0.19909771E+000     0.27026545E-002    -0.78469897E-003    -0.26335907E+001     0.27258809E+001     0.97774340E-004     0.35457629E-003
     0.19985762E+000     0.31005344E-002    -0.10118241E-002    -0.25266143E+001     0.25865633E+001     0.76192318E-004     0.31978017E-003
     0.20061754E+000     0.39235935E-002    -0.79923061E-003    -0.23650285E+001     0.24394668E+001     0.77308380E-004     0.28165370E-003
     0.20137745E+000     0.46748699E-002    -0.12791217E-003    -0.21306009E+001     0.23528393E+001     0.84786794E-004     0.24783627E-003
     0.20213737E+000     0.52670158E-002     0.89819888E-003    -0.18820975E+001     0.23543141E+001     0.10221575E-003     0.20102757E-003
     0.20289728E+000     0.54824608E-002     0.23424477E-002    -0.16465763E+001     0.24174666E+001     0.16117168E-003     0.14992003E-003
     0.20365720E+000     0.49407361E-002     0.38987236E-002    -0.14147393E+001     0.25449403E+001     0.25860347E-003     0.14572957E-003
     0.20441711E+000     0.38159439E-002     0.50133995E-002    -0.12145659E+001     0.27618113E+001     0.34447424E-003     0.19911948E-003
     0.20517703E+000     0.24804385E-002     0.57088491E-002    -0.10956872E+001     0.30630785E+001     0.39031010E-003     0.29204858E-003
     0.20593694E+000     0.73290777E-003     0.59825473E-002    -0.11110884E+001     0.34095040E+001     0.37484220E-003     0.38681620E-003
     0.20669686E+000    -0.10957683E-002     0.50106097E-002    -0.12831649E+001     0.37083115E+001     0.32061696E-003     0.44079438E-003
     0.20745677E+000    -0.15637973E-002     0.32280829E-002    -0.15193358E+001     0.38704229E+001     0.27018565E-003     0.44332219E-003
     0.20821669E+000    -0.89241289E-003     0.22188997E-002    -0.17184936E+001     0.39629951E+001     0.26247504E-003     0.41853848E-003
     0.20897660E+000    -0.36090088E-003     0.20740962E-002    -0.19172467E+001     0.40541150E+001     0.30571291E-003     0.41634998E-003
     0.20973652E+000    -0.11692168E-003     0.19719252E-002    -0.21596864E+001     0.41446383E+001     0.35655123E-003     0.48091514E-003
     0.21049643E+000     0.32163741E-003     0.19704987E-002    -0.25099652E+001     0.41788765E+001     0.34289685E-003     0.58548383E-003
     0.21125635E+000     0.69473182E-003     0.25028627E-002    -0.28959398E+001     0.40160007E+001     0.27973118E-003     0.64884647E-003
     0.21201626E+000     0.43173802E-003     0.32983112E-002    -0.31304391E+001     0.37030415E+001     0.23491280E-003     0.68525698E-003
     0.21277618E+000    -0.41275084E-003     0.37420817E-002    -0.31944322E+001     0.34148742E+001     0.19433836E-003     0.74109332E-003
     0.21353609E+000    -0.14387342E-002     0.36204973E-002    -0.32091723E+001     0.32396104E+001     0.12791080E-003     0.82103712E-003
     0.21429601E+000    -0.23630888E-002     0.28839241E-002    -0.33055760E+001     0.31051038E+001    -0.19346442E-004     0.90464621E-003
     0.21505592E+000    -0.26899944E-002     0.15797125E-002    -0.34371555E+001     0.28731971E+001    -0.23525683E-003     0.88340730E-003
     0.21581584E+000    -0.19963754E-002     0.39039986E-003    -0.34902145E+001     0.25655907E+001    -0.41002188E-003     0.74650566E-003
     0.21657575E+000    -0.85115522E-003     0.18558423E-003    -0.34516736E+001     0.22501224E+001    -0.49337236E-003     0.54105839E-003
     0.21733567E+000    -0.27308716E-003     0.68436380E-003    -0.33360876E+001     0.19602059E+001    -0.44769132E-003     0.33788257E-003
     0.21809558E+000    -0.28329977E-003     0.10745536E-002    -0.31641427E+001     0.17186897E+001    -0.31878652E-003     0.23295269E-003
     0.21885550E+000    -0.44023388E-003     0.11288772E-002    -0.29624814E+001     0.15330816E+001    -0.21024910E-003     0.23318618E-003
     0.21961541E+000    -0.49134190E-003     0.97789370E-003    -0.27499340E+001     0.13950824E+001    -0.17110134E-003     0.26921706E-003
     0.22037533E+000    -0.39536843E-003     0.70150445E-003    -0.25288949E+001     0.12972534E+001    -0.17878694E-003     0.28154309E-003
     0.22113524E+000     0.53178858E-004     0.36538471E-003    -0.23021148E+001     0.12466573E+001    -0.18894328E-003     0.25657494E-003
     0.22189516E+000     0.95214754E-003     0.42002449E-003    -0.20895422E+001     0.12490586E+001    -0.16740259E-003     0.21471939E-003
     0.22265507E+000     0.17642489E-002     0.12829480E-002    -0.19127670E+001     0.12872982E+001    -0.11113558E-003     0.19809360E-003
     0.22341499E+000     0.18253335E-002     0.25540122E-002    -0.17695598E+001     0.13374343E+001    -0.57324799E-004     0.23215186E-003
     0.22417490E+000     0.12211678E-002     0.36166287E-002    -0.16479123E+001     0.13902105E+001    -0.49956876E-004     0.29697154E-003
     0.22493482E+000     0.23764301E-003     0.43078189E-002    -0.15346886E+001     0.14490612E+001    -0.85586687E-004     0.34503189E-003
     0.22569473E+000    -0.10189784E-002     0.45417009E-002    -0.14353431E+001     0.15304830E+001    -0.13722637E-003     0.38258253E-003
     0.22645465E+000    -0.23561725E-002     0.40995147E-002    -0.13719173E+001     0.16309270E+001    -0.24121033E-003     0.41044389E-003
     0.22721456E+000    -0.32615698E-002     0.28616496E-002    -0.13604196E+001     0.17284866E+001    -0.40145143E-003     0.33702746E-003
     0.22797448E+000    -0.30625377E-002     0.13541016E-002    -0.13907820E+001     0.17781239E+001    -0.46543892E-003     0.12046662E-003
     0.22873439E+000    -0.19463807E-002     0.61867374E-003    -0.14039296E+001     0.17712679E+001    -0.35222125E-003    -0.60119964E-004
     0.22949431E+000    -0.94426493E-003     0.10445929E-002    -0.13729192E+001     0.17518170E+001    -0.20709858E-003    -0.11293253E-003
     0.23025422E+000    -0.89054800E-003     0.18560570E-002    -0.13063703E+001     0.17583140E+001    -0.10276976E-003    -0.11995045E-003
     0.23101414E+000    -0.13768190E-002     0.21584093E-002    -0.12386244E+001     0.18229275E+001     0.16878673E-005    -0.11884528E-003
     0.23177405E+000    -0.17032644E-002     0.20341062E-002    -0.12379337E+001     0.19364618E+001     0.12278610E-003    -0.69106476E-004
     0.23253397E+000    -0.18019021E-002     0.19478853E-002    -0.13360645E+001     0.20130913E+001     0.19545601E-003     0.58464796E-004
     0.23329388E+000    -0.19737638E-002     0.19662386E-002    -0.14625539E+001     0.19808889E+001     0.16089236E-003     0.18073747E-003
     0.23405380E+000    -0.22624663E-002     0.18908292E-002    -0.15271517E+001     0.18663379E+001     0.88847678E-004     0.22420670E-003
     0.23481371E+000    -0.25638148E-002     0.15945380E-002    -0.15113501E+001     0.17426971E+001     0.42084335E-004     0.21772803E-003
     0.23557363E+000    -0.25636744E-002     0.10765920E-002    -0.14463996E+001     0.16497045E+001     0.32467304E-004     0.19987588E-003
     0.23633354E+000    -0.21423860E-002     0.80010402E-003    -0.13662047E+001     0.15915550E+001     0.45559131E-004     0.20315127E-003
     0.23709346E+000    -0.16983946E-002     0.10216067E-002    -0.12836683E+001     0.15505914E+001     0.42793309E-004     0.22956345E-003
     0.23785337E+000    -0.16442438E-002     0.16581664E-002    -0.11862222E+001     0.15231514E+001     0.15648105E-004     0.23728370E-003
     0.23861329E+000    -0.22758681E-002     0.22260866E-002    -0.10751902E+001     0.15329279E+001     0.70800231E-005     0.21443888E-003
     0.23937320E+000    -0.32945914E-002     0.22114265E-002    -0.98568240E+000     0.15906698E+001     0.35315704E-004     0.19630080E-003
     0.24013312E+000    -0.42474345E-002     0.14640390E-002    -0.95297844E+000     0.16675163E+001     0.86071971E-004     0.20370827E-003
     0.24089303E+000    -0.44331520E-002     0.12975526E-003    -0.97269463E+000     0.17069446E+001     0.15242750E-003     0.24880297E-003
     0.24165295E+000    -0.36851413E-002    -0.70357179E-003    -0.98677128E+000     0.16862316E+001     0.21154400E-003     0.35447506E-003
     0.24241286E+000    -0.30457748E-002    -0.71660314E-003    -0.95775226E+000     0.16398465E+001     0.21986946E-003     0.51602447E-003
     0.24317278E+000    -0.28656086E-002    -0.54292822E-003    -0.88568489E+000     0.16012645E+001     0.15083741E-003     0.71068365E-003
     0.24393269E+000    -0.29964415E-002    -0.44150385E-003    -0.78261668E+000     0.15918272E+001    -0.32657190E-004     0.90299257E-003
     0.24469261E+000    -0.34024231E-002    -0.63584992E-003    -0.66448579E+000     0.16258353E+001    -0.32820639E-003     0.10054567E-002
     0.24545252E+000    -0.36981563E-002    -0.13776057E-002    -0.55652432E+000     0.17128606E+001    -0.65330752E-003     0.97428841E-003
     0.24621244E+000    -0.33977507E-002    -0.23866284E-002    -0.49328372E+000     0.18441203E+001    -0.96468011E-003     0.84112951E-003
     0.24697235E+000    -0.24244052E-002    -0.30978179E-002    -0.50085060E+000     0.19773381E+001    -0.12558293E-002     0.57687247E-003
     0.24773226E+000    -0.12582811E-002    -0.29954587E-002    -0.54616512E+000     0.20544316E+001    -0.13962248E-002     0.16783548E-003
     0.24849218E+000    -0.64865710E-003    -0.23729567E-002    -0.55582491E+000     0.20937837E+001    -0.13093657E-002    -0.20050761E-003
     0.24925209E+000    -0.53076523E-003    -0.18781447E-002    -0.53397145E+000     0.21694152E+001    -0.11505289E-002    -0.38539595E-003
     0.25001201E+000    -0.52385770E-003    -0.16040125E-002    -0.54678630E+000     0.22948507E+001    -0.11135892E-002    -0.45906878E-003
     0.25077192E+000    -0.53873785E-003    -0.13797402E-002    -0.63000089E+000     0.24226968E+001    -0.12238365E-002    -0.63945094E-003
     0.25153184E+000    -0.69210385E-003    -0.12079872E-002    -0.77291832E+000     0.24995140E+001    -0.12850834E-002    -0.10667798E-002
     0.25229175E+000    -0.93619797E-003    -0.12651023E-002    -0.91757232E+000     0.24882039E+001    -0.10457574E-002    -0.16283478E-002
     0.25305167E+000    -0.10688684E-002    -0.15534026E-002    -0.99225893E+000     0.24358010E+001    -0.47870595E-003    -0.20621706E-002
     0.25381158E+000    -0.98344687E-003    -0.19898404E-002    -0.10194951E+001     0.24199034E+001     0.31745245E-003    -0.22025931E-002
     0.25457150E+000    -0.56751943E-003    -0.24039331E-002    -0.10596214E+001     0.24469437E+001     0.11653365E-002    -0.18735898E-002
     0.25533141E+000     0.79994068E-004    -0.25769892E-002    -0.11406778E+001     0.24871159E+001     0.16491056E-002    -0.10635053E-002
     0.25609133E+000     0.79577152E-003    -0.24353090E-002    -0.12679469E+001     0.25061615E+001     0.14763961E-002    -0.26851760E-003
     0.25685124E+000     0.14047628E-002    -0.19849979E-002    -0.14226624E+001     0.24728063E+001     0.10332562E-002     0.52050129E-004
     0.25761116E+000     0.17827796E-002    -0.13247452E-002    -0.15685999E+001     0.23721084E+001     0.73369262E-003     0.66894254E-004
     0.25837107E+000     0.18554329E-002    -0.54885245E-003    -0.16621145E+001     0.22228321E+001     0.59494537E-003     0.74318107E-005
     0.25913099E+000     0.15147296E-002     0.15688675E-003    -0.16920270E+001     0.20703021E+001     0.57159932E-003    -0.36879493E-004
     0.25989090E+000     0.89018499E-003     0.46132429E-003    -0.16830213E+001     0.19483719E+001     0.59214823E-003     0.20645354E-005
     0.26065082E+000     0.39491262E-003     0.29663094E-003    -0.16698525E+001     0.18544859E+001     0.54372849E-003     0.98047611E-004
     0.26141073E+000     0.29420013E-003    -0.30844943E-004    -0.16596719E+001     0.17689202E+001     0.41196625E-003     0.12177219E-003
     0.26217065E+000     0.50564558E-003    -0.17493549E-003    -0.16487583E+001     0.16863258E+001     0.33514468E-003     0.23469256E-004
     0.26293056E+000     0.73488119E-003    -0.13099859E-004    -0.16362443E+001     0.15999970E+001     0.39918087E-003    -0.70396058E-004
     0.26369048E+000     0.77046465E-003     0.30507106E-003    -0.16095917E+001     0.15084617E+001     0.52286801E-003    -0.38922385E-004
     0.26445039E+000     0.59597356E-003     0.59558702E-003    -0.15654497E+001     0.14257218E+001     0.56581333E-003     0.99275231E-004
     0.26521031E+000     0.29983592E-003     0.73530368E-003    -0.15137680E+001     0.13566694E+001     0.49745513E-003     0.22113690E-003
     0.26597022E+000     0.15963343E-004     0.71351015E-003    -0.14569917E+001     0.12978562E+001     0.38155592E-003     0.27197682E-003
     0.26673014E+000    -0.20473243E-003     0.60468651E-003    -0.13927692E+001     0.12541626E+001     0.27811458E-003     0.24713351E-003
     0.26749005E+000    -0.37834520E-003     0.42663676E-003    -0.13319200E+001     0.12360424E+001     0.22869331E-003     0.19431379E-003
     0.26824997E+000    -0.47162519E-003     0.15648346E-003    -0.12962611E+001     0.12362996E+001     0.21008919E-003     0.15319968E-003
     0.26900988E+000    -0.39675022E-003    -0.18034578E-003    -0.12918193E+001     0.12287558E+001     0.20443783E-003     0.12082431E-003
     0.26976980E+000    -0.91171870E-004    -0.45275528E-003    -0.12997443E+001     0.11942826E+001     0.20977297E-003     0.10190250E-003
     0.27052971E+000     0.35606657E-003    -0.49773239E-003    -0.12983203E+001     0.11378587E+001     0.20466863E-003     0.10268687E-003
     0.27128963E+000     0.76877221E-003    -0.31042516E-003    -0.12819855E+001     0.10721368E+001     0.16804967E-003     0.89087188E-004
     0.27204954E+000     0.11027655E-002     0.37461913E-004    -0.12511446E+001     0.10036644E+001     0.14073009E-003     0.21014039E-004
     0.27280946E+000     0.12868211E-002     0.57630145E-003    -0.12060948E+001     0.93837308E+000     0.18454113E-003    -0.67769884E-004
     0.27356937E+000     0.11588686E-002     0.11733481E-002    -0.11510075E+001     0.88166318E+000     0.28933266E-003    -0.99815183E-004
     0.27432929E+000     0.80195862E-003     0.15893504E-002    -0.10915774E+001     0.83455964E+000     0.38109581E-003    -0.55690599E-004
     0.27508920E+000     0.42317447E-003     0.18327309E-002    -0.10318551E+001     0.79448660E+000     0.42229832E-003     0.15008022E-004
     0.27584912E+000     0.19413020E-004     0.20336216E-002    -0.97120672E+000     0.75767499E+000     0.43201710E-003     0.78486684E-004
     0.27660903E+000    -0.52499120E-003     0.21203036E-002    -0.90662108E+000     0.72537323E+000     0.42467528E-003     0.13357492E-003
     0.27736895E+000    -0.10839216E-002     0.19079939E-002    -0.84033253E+000     0.70150018E+000     0.40726335E-003     0.17710587E-003
     0.27812886E+000    -0.13945144E-002     0.14819727E-002    -0.77785292E+000     0.68441246E+000     0.38891457E-003     0.21435857E-003
     0.27888878E+000    -0.14286079E-002     0.11099011E-002    -0.71936608E+000     0.66834119E+000     0.36582646E-003     0.25306455E-003
     0.27964869E+000    -0.13691683E-002     0.91645842E-003    -0.66078968E+000     0.65139303E+000     0.33119649E-003     0.29092107E-003
     0.28040861E+000    -0.13683801E-002     0.83526503E-003    -0.59948960E+000     0.63469305E+000     0.28187577E-003     0.32045584E-003
     0.28116852E+000    -0.14381962E-002     0.73920848E-003    -0.53358721E+000     0.62016986E+000     0.22290305E-003     0.33088513E-003
     0.28192844E+000    -0.14815118E-002     0.59399634E-003    -0.46281329E+000     0.61112917E+000     0.16710501E-003     0.32007284E-003
     0.28268835E+000    -0.14715735E-002     0.50004734E-003    -0.38938133E+000     0.61003735E+000     0.12392650E-003     0.29254623E-003
     0.28344827E+000    -0.15482555E-002     0.47569686E-003    -0.31576866E+000     0.61693608E+000     0.10253847E-003     0.25940986E-003
     0.28420818E+000    -0.17408817E-002     0.33662349E-003    -0.24265194E+000     0.63128609E+000     0.96930137E-004     0.23943819E-003
     0.28496810E+000    -0.18587623E-002     0.14544130E-004    -0.17047387E+000     0.65393786E+000     0.87765692E-004     0.23395899E-003
     0.28572801E+000    -0.17839343E-002    -0.35740945E-003    -0.10085240E+000     0.68575452E+000     0.69746648E-004     0.23013561E-003
     0.28648793E+000    -0.15436964E-002    -0.64652592E-003    -0.35573132E-001     0.72718283E+000     0.47589390E-004     0.22407764E-003
     0.28724784E+000    -0.12129426E-002    -0.77947193E-003     0.22494928E-001     0.77861576E+000     0.20704199E-004     0.21555514E-003
     0.28800776E+000    -0.90352074E-003    -0.71622945E-003     0.69432468E-001     0.83784091E+000    -0.10071206E-004     0.20063188E-003
     0.28876767E+000    -0.76344684E-003    -0.52778355E-003     0.10502028E+000     0.89951728E+000    -0.41184481E-004     0.17943860E-003
     0.28952759E+000    -0.80672533E-003    -0.40083146E-003     0.13488740E+000     0.96288469E+000    -0.74202100E-004     0.15338668E-003
     0.29028750E+000    -0.89163785E-003    -0.42302976E-003     0.16010856E+000     0.10363594E+001    -0.11159482E-003     0.11881553E-003
     0.29104742E+000    -0.90497763E-003    -0.54203289E-003     0.16969255E+000     0.11272062E+001    -0.15272734E-003     0.68109808E-004
     0.29180733E+000    -0.82426093E-003    -0.67309913E-003     0.14552895E+000     0.12320575E+001    -0.18812739E-003    -0.72587230E-005
     0.29256725E+000    -0.67160673E-003    -0.77298082E-003     0.69620525E-001     0.13310574E+001    -0.20436254E-003    -0.10706072E-003
     0.29332716E+000    -0.45375116E-003    -0.80305322E-003    -0.57472223E-001     0.13852721E+001    -0.18640548E-003    -0.23059615E-003
     0.29408708E+000    -0.23350606E-003    -0.70629350E-003    -0.19756480E+000     0.13637469E+001    -0.10595270E-003    -0.35956003E-003
     0.29484699E+000    -0.11382801E-003    -0.52148074E-003    -0.30202331E+000     0.12781004E+001     0.38756885E-004    -0.44163949E-003
     0.29560691E+000    -0.10726037E-003    -0.34981894E-003    -0.35128343E+000     0.11642679E+001     0.19935534E-003    -0.44352240E-003
     0.29636682E+000    -0.15547523E-003    -0.24469416E-003    -0.34995546E+000     0.10516867E+001     0.32529209E-003    -0.38232080E-003
     0.29712673E+000    -0.19828408E-003    -0.19795346E-003    -0.31206588E+000     0.95818905E+000     0.40066147E-003    -0.29781842E-003
     0.29788665E+000    -0.21691296E-003    -0.16926660E-003    -0.25435294E+000     0.89080279E+000     0.43897925E-003    -0.21699341E-003
     0.29864656E+000    -0.22950605E-003    -0.14213904E-003    -0.19081876E+000     0.84768690E+000     0.45720689E-003    -0.14418233E-003
     0.29940648E+000    -0.23699274E-003    -0.12542376E-003    -0.12963086E+000     0.82257265E+000     0.45985416E-003    -0.74121157E-004
     0.30016639E+000    -0.22922123E-003    -0.11111957E-003    -0.73684312E-001     0.80927647E+000     0.44166413E-003    -0.85071786E-005
     0.30092631E+000    -0.20923001E-003    -0.86844403E-004    -0.23662714E-001     0.80366741E+000     0.40305279E-003     0.41234568E-004
     0.30168622E+000    -0.18606909E-003    -0.44925664E-004     0.20006928E-001     0.80194421E+000     0.35518248E-003     0.67398226E-004
     0.30244614E+000    -0.17105016E-003     0.13131284E-004     0.59418842E-001     0.79977173E+000     0.30921942E-003     0.72653743E-004
     0.30320605E+000    -0.16572638E-003     0.84546814E-004     0.99635051E-001     0.79626105E+000     0.26887421E-003     0.61112192E-004
     0.30396597E+000    -0.18010242E-003     0.17651152E-003     0.14377947E+000     0.79508501E+000     0.24054903E-003     0.32208313E-004
     0.30472588E+000    -0.23663246E-003     0.27710470E-003     0.19096013E+000     0.80066172E+000     0.23641130E-003    -0.42225092E-005
     0.30548580E+000    -0.33877868E-003     0.35881069E-003     0.23746996E+000     0.81586312E+000     0.25217988E-003    -0.27649133E-004
     0.30624571E+000    -0.47540289E-003     0.39881173E-003     0.27808251E+000     0.84071150E+000     0.26830680E-003    -0.34554240E-004
     0.30700563E+000    -0.62219879E-003     0.37998389E-003     0.30823753E+000     0.87198921E+000     0.27749731E-003    -0.37409058E-004
     0.30776554E+000    -0.74589619E-003     0.30557047E-003     0.32555653E+000     0.90426168E+000     0.28570665E-003    -0.43120017E-004
     0.30852546E+000    -0.82743008E-003     0.19908657E-003     0.33123196E+000     0.93089705E+000     0.29859181E-003    -0.49411182E-004
     0.30928537E+000    -0.86718926E-003     0.78467017E-004     0.33100526E+000     0.94776035E+000     0.31707330E-003    -0.51584409E-004
     0.31004529E+000    -0.85905895E-003    -0.46159300E-004     0.33027830E+000     0.95637458E+000     0.33941681E-003    -0.44559421E-004
     0.31080520E+000    -0.80052965E-003    -0.14721252E-003     0.32984684E+000     0.95902290E+000     0.35822186E-003    -0.23344735E-004
     0.31156512E+000    -0.71686099E-003    -0.20249680E-003     0.33038911E+000     0.95444777E+000     0.36045927E-003     0.83045440E-005
     0.31232503E+000    -0.63378756E-003    -0.21767560E-003     0.33674066E+000     0.94227123E+000     0.34028147E-003     0.33413059E-004
     0.31308495E+000    -0.55811008E-003    -0.20258264E-003     0.35338661E+000     0.92794374E+000     0.31105123E-003     0.35982550E-004
     0.31384486E+000    -0.49584239E-003    -0.15671987E-003     0.37839709E+000     0.91896777E+000     0.29320595E-003     0.20047323E-004
     0.31460478E+000    -0.46175396E-003    -0.83411203E-004     0.40509594E+000     0.91826414E+000     0.29212398E-003     0.29386720E-005
     0.31536469E+000    -0.46943783E-003     0.26010506E-005     0.42784303E+000     0.92304786E+000     0.29788847E-003    -0.52822604E-005
     0.31612461E+000    -0.52256270E-003     0.77871299E-004     0.44521896E+000     0.92831150E+000     0.30154365E-003    -0.76206029E-005
     0.31688452E+000    -0.60746129E-003     0.11943395E-003     0.45930942E+000     0.93036397E+000     0.30287317E-003    -0.80884791E-005
     0.31764444E+000    -0.69939867E-003     0.12223762E-003     0.47340715E+000     0.92800252E+000     0.30015686E-003    -0.54461351E-005
     0.31840435E+000    -0.78645246E-003     0.96788672E-004     0.49060840E+000     0.92204117E+000     0.28693584E-003    -0.45636075E-005
     0.31916427E+000    -0.86747136E-003     0.43408753E-004     0.51306296E+000     0.91508256E+000     0.26590252E-003    -0.17587133E-004
     0.31992418E+000    -0.92714448E-003    -0.41323717E-004     0.54061750E+000     0.91078927E+000     0.25041303E-003    -0.48902892E-004
     0.32068410E+000    -0.94728354E-003    -0.14058262E-003     0.57049289E+000     0.91158462E+000     0.25176087E-003    -0.91091280E-004
     0.32144401E+000    -0.93023488E-003    -0.22872120E-003     0.59937618E+000     0.91705903E+000     0.27216809E-003    -0.13238756E-003
     0.32220393E+000    -0.89281419E-003    -0.29200223E-003     0.62568376E+000     0.92490323E+000     0.30687101E-003    -0.16488429E-003
     0.32296384E+000    -0.85271977E-003    -0.33009923E-003     0.65007620E+000     0.93288744E+000     0.35092323E-003    -0.18499831E-003
     0.32372376E+000    -0.82158655E-003    -0.35252475E-003     0.67454725E+000     0.94040983E+000     0.39851928E-003    -0.18918074E-003
     0.32448367E+000    -0.79976018E-003    -0.37087920E-003     0.70064198E+000     0.94899345E+000     0.43977337E-003    -0.17774162E-003
     0.32524359E+000    -0.78146161E-003    -0.38858320E-003     0.72771511E+000     0.96104312E+000     0.46667135E-003    -0.15988754E-003
     0.32600350E+000    -0.76623200E-003    -0.40352731E-003     0.75314516E+000     0.97746223E+000     0.48193888E-003    -0.14887231E-003
     0.32676342E+000    -0.75705584E-003    -0.41779535E-003     0.77450455E+000     0.99670606E+000     0.49843380E-003    -0.14991024E-003
     0.32752333E+000    -0.75428605E-003    -0.43618654E-003     0.79144031E+000     0.10159035E+001     0.52698320E-003    -0.15553756E-003
     0.32828325E+000    -0.75518355E-003    -0.46510601E-003     0.80616754E+000     0.10331523E+001     0.56821750E-003    -0.15412659E-003
     0.32904316E+000    -0.74939837E-003    -0.50883634E-003     0.82144657E+000     0.10497506E+001     0.61550127E-003    -0.13807179E-003
     0.32980308E+000    -0.72487237E-003    -0.56001827E-003     0.83700463E+000     0.10691618E+001     0.65973838E-003    -0.10546100E-003
     0.33056299E+000    -0.68008076E-003    -0.60428536E-003     0.84903860E+000     0.10929299E+001     0.69249558E-003    -0.60072042E-004
     0.33132291E+000    -0.62407366E-003    -0.63192089E-003     0.85374779E+000     0.11185660E+001     0.70950823E-003    -0.10074607E-004
     0.33208282E+000    -0.56853754E-003    -0.64360831E-003     0.85048091E+000     0.11416579E+001     0.71258525E-003     0.35909255E-004
     0.33284274E+000    -0.51782833E-003    -0.64820012E-003     0.84130757E+000     0.11589802E+001     0.70802930E-003     0.72655084E-004
     0.33360265E+000    -0.46499101E-003    -0.65091306E-003     0.82891240E+000     0.11692559E+001     0.70371783E-003     0.99782201E-004
     0.33436257E+000    -0.40352469E-003    -0.64394534E-003     0.81554494E+000     0.11723704E+001     0.70643996E-003     0.12211815E-003
     0.33512248E+000    -0.34032027E-003    -0.61694646E-003     0.80282044E+000     0.11687645E+001     0.71828172E-003     0.14869987E-003
     0.33588240E+000    -0.28746278E-003    -0.57081377E-003     0.79161832E+000     0.11587585E+001     0.73422444E-003     0.18855729E-003
     0.33664231E+000    -0.25056889E-003    -0.51222817E-003     0.78292659E+000     0.11417245E+001     0.74343408E-003     0.24577863E-003
     0.33740223E+000    -0.23225320E-003    -0.44610502E-003     0.77948150E+000     0.11168713E+001     0.73372944E-003     0.31608417E-003
     0.33816214E+000    -0.23590718E-003    -0.37898705E-003     0.78551098E+000     0.10857407E+001     0.69824724E-003     0.38788333E-003
     0.33892206E+000    -0.26062931E-003    -0.32164756E-003     0.80380851E+000     0.10531001E+001     0.63842112E-003     0.44842503E-003
     0.33968197E+000    -0.29671178E-003    -0.28253131E-003     0.83349855E+000     0.10245729E+001     0.56148868E-003     0.48864306E-003
     0.34044189E+000    -0.33119277E-003    -0.25991700E-003     0.87090417E+000     0.10037199E+001     0.47694459E-003     0.50452944E-003
     0.34120180E+000    -0.35780874E-003    -0.24331416E-003     0.91197470E+000     0.99127953E+000     0.39371119E-003     0.49645782E-003
     0.34196172E+000    -0.38120452E-003    -0.22247786E-003     0.95384863E+000     0.98627220E+000     0.31907091E-003     0.46742561E-003
     0.34272163E+000    -0.41193766E-003    -0.19584947E-003     0.99500945E+000     0.98725943E+000     0.25890071E-003     0.42276165E-003
     0.34348155E+000    -0.45723261E-003    -0.17099674E-003     0.10349353E+001     0.99303854E+000     0.21562226E-003     0.37040347E-003
     0.34424146E+000    -0.51605448E-003    -0.15811222E-003     0.10735895E+001     0.10030973E+001     0.18616079E-003     0.31706196E-003
     0.34500138E+000    -0.58100364E-003    -0.16335982E-003     0.11106195E+001     0.10176117E+001     0.16568614E-003     0.26415549E-003
     0.34576129E+000    -0.64360123E-003    -0.18675191E-003     0.11448854E+001     0.10367251E+001     0.15252100E-003     0.20989645E-003
     0.34652120E+000    -0.69794886E-003    -0.22422570E-003     0.11748306E+001     0.10598077E+001     0.14802152E-003     0.15360363E-003
     0.34728112E+000    -0.74161517E-003    -0.26994678E-003     0.11991819E+001     0.10853734E+001     0.15353087E-003     0.96875510E-004
     0.34804103E+000    -0.77647186E-003    -0.31816019E-003     0.12173494E+001     0.11113995E+001     0.16874846E-003     0.41552984E-004
     0.34880095E+000    -0.80842925E-003    -0.36703858E-003     0.12296337E+001     0.11356570E+001     0.19344362E-003    -0.12009113E-004
     0.34956086E+000    -0.84246087E-003    -0.42174994E-003     0.12373509E+001     0.11562107E+001     0.22952047E-003    -0.63127773E-004
     0.35032078E+000    -0.87621497E-003    -0.49106119E-003     0.12425104E+001     0.11720316E+001     0.27943613E-003    -0.10796531E-003
     0.35108069E+000    -0.89969648E-003    -0.57959523E-003     0.12470797E+001     0.11831453E+001     0.34272979E-003    -0.13989322E-003
     0.35184061E+000    -0.90129532E-003    -0.68355454E-003     0.12525131E+001     0.11901764E+001     0.41441832E-003    -0.15252439E-003
     0.35260052E+000    -0.87395446E-003    -0.79264572E-003     0.12598742E+001     0.11939354E+001     0.48609948E-003    -0.14273969E-003
     0.35336044E+000    -0.81740215E-003    -0.89488564E-003     0.12700081E+001     0.11955050E+001     0.54850719E-003    -0.11204579E-003
     0.35412035E+000    -0.73697862E-003    -0.98062336E-003     0.12832215E+001     0.11963631E+001     0.59402095E-003    -0.66314274E-004
     0.35488027E+000    -0.64079909E-003    -0.10447943E-002     0.12988817E+001     0.11979030E+001     0.61871015E-003    -0.14485068E-004
     0.35564018E+000    -0.53618509E-003    -0.10866242E-002     0.13157128E+001     0.12006607E+001     0.62364827E-003     0.33712912E-004
     0.35640010E+000    -0.42832023E-003    -0.11067092E-002     0.13326872E+001     0.12041508E+001     0.61485716E-003     0.70757319E-004
     0.35716001E+000    -0.32220389E-003    -0.11057963E-002     0.13496192E+001     0.12075014E+001     0.60117513E-003     0.94200015E-004
     0.35791993E+000    -0.22295743E-003    -0.10867349E-002     0.13669854E+001     0.12101848E+001     0.59012178E-003     0.10739076E-003
     0.35867984E+000    -0.13312000E-003    -0.10545113E-002     0.13853718E+001     0.12122131E+001     0.58450167E-003     0.11665043E-003
     0.35943976E+000    -0.51878227E-004    -0.10131458E-002     0.14051438E+001     0.12138994E+001     0.58249453E-003     0.12727200E-003
     0.36019967E+000     0.22439392E-004    -0.96399838E-003     0.14264338E+001     0.12156042E+001     0.58004162E-003     0.14151107E-003
     0.36095959E+000     0.90485187E-004    -0.90704009E-003     0.14492424E+001     0.12176172E+001     0.57304680E-003     0.15860407E-003
     0.36171950E+000     0.15221123E-003    -0.84205538E-003     0.14735583E+001     0.12201381E+001     0.55876092E-003     0.17559484E-003
     0.36247942E+000     0.20717983E-003    -0.76852089E-003     0.14994533E+001     0.12233649E+001     0.53648293E-003     0.18848859E-003
     0.36323933E+000     0.25414496E-003    -0.68573570E-003     0.15270433E+001     0.12276612E+001     0.50757613E-003     0.19342031E-003
     0.36399925E+000     0.29110341E-003    -0.59340051E-003     0.15562503E+001     0.12336233E+001     0.47498142E-003     0.18752399E-003
     0.36475916E+000     0.31557284E-003    -0.49162313E-003     0.15865575E+001     0.12418406E+001     0.44248406E-003     0.16937215E-003
     0.36551908E+000     0.32406625E-003    -0.38102935E-003     0.16171140E+001     0.12524739E+001     0.41401087E-003     0.13897088E-003
     0.36627899E+000     0.31191496E-003    -0.26430060E-003     0.16472125E+001     0.12651103E+001     0.39318544E-003     0.97507854E-004
     0.36703891E+000     0.27543372E-003    -0.14763436E-003     0.16766787E+001     0.12791154E+001     0.38309109E-003     0.47091719E-004
     0.36779882E+000     0.21499389E-003    -0.39185425E-004     0.17057728E+001     0.12941356E+001     0.38615022E-003    -0.95102529E-005
     0.36855874E+000     0.13521382E-003     0.54773999E-004     0.17347482E+001     0.13102573E+001     0.40417750E-003    -0.69035349E-004
     0.36931865E+000     0.41775575E-004     0.13190039E-003     0.17635317E+001     0.13277508E+001     0.43833571E-003    -0.12760066E-003
     0.37007857E+000    -0.61605170E-004     0.19216924E-003     0.17917606E+001     0.13467216E+001     0.48864955E-003    -0.18069056E-003
     0.37083848E+000    -0.17318349E-003     0.23483068E-003     0.18190480E+001     0.13669706E+001     0.55353947E-003    -0.22376585E-003
     0.37159840E+000    -0.29067561E-003     0.25705520E-003     0.18452125E+001     0.13881164E+001     0.63001914E-003    -0.25307922E-003
     0.37235831E+000    -0.40868602E-003     0.25536877E-003     0.18702945E+001     0.14098210E+001     0.71429370E-003    -0.26602360E-003
     0.37311823E+000    -0.51813276E-003     0.22890166E-003     0.18943952E+001     0.14318933E+001     0.80220986E-003    -0.26110001E-003
     0.37387814E+000    -0.60848592E-003     0.18253391E-003     0.19175450E+001     0.14542034E+001     0.88955800E-003    -0.23780768E-003
     0.37463806E+000    -0.67223174E-003     0.12782869E-003     0.19397281E+001     0.14765578E+001     0.97226322E-003    -0.19638797E-003
     0.37539797E+000    -0.70946078E-003     0.80415707E-004     0.19609782E+001     0.14986769E+001     0.10461882E-002    -0.13755444E-003
     0.37615789E+000    -0.72989606E-003     0.54426911E-004     0.19814276E+001     0.15202348E+001     0.11066604E-002    -0.62760570E-004
     0.37691780E+000    -0.75080057E-003     0.56340428E-004     0.20013326E+001     0.15408805E+001     0.11484909E-002     0.24850863E-004
     0.37767772E+000    -0.79100440E-003     0.81093480E-004     0.20211342E+001     0.15602753E+001     0.11670796E-002     0.11957547E-003
     0.37843763E+000    -0.86317118E-003     0.11290506E-003     0.20415060E+001     0.15782129E+001     0.11602059E-002     0.21340326E-003
     0.37919755E+000    -0.96812968E-003     0.13128542E-003     0.20632970E+001     0.15947849E+001     0.11292805E-002     0.29766496E-003
     0.37995746E+000    -0.10945889E-002     0.11945391E-003     0.20873567E+001     0.16104963E+001     0.10791084E-002     0.36514291E-003
     0.38071738E+000    -0.12244058E-002     0.70700032E-004     0.21142982E+001     0.16262564E+001     0.10164001E-002     0.41135761E-003
     0.38147729E+000    -0.13403133E-002    -0.10450007E-004     0.21442843E+001     0.16432197E+001     0.94813190E-003     0.43452694E-003
     0.38223721E+000    -0.14318350E-002    -0.11216352E-003     0.21769463E+001     0.16625073E+001     0.88067752E-003     0.43473021E-003
     0.38299712E+000    -0.14967580E-002    -0.22128465E-003     0.22114952E+001     0.16849304E+001     0.81979807E-003     0.41316095E-003
     0.38375704E+000    -0.15386263E-002    -0.32775959E-003     0.22469742E+001     0.17108549E+001     0.77095870E-003     0.37194629E-003
     0.38451695E+000    -0.15629324E-002    -0.42564335E-003     0.22825038E+001     0.17402533E+001     0.73942217E-003     0.31442704E-003
     0.38527687E+000    -0.15749204E-002    -0.51147910E-003     0.23174074E+001     0.17728642E+001     0.72990612E-003     0.24552678E-003
     0.38603678E+000    -0.15799022E-002    -0.58277257E-003     0.23512041E+001     0.18083411E+001     0.74587294E-003     0.17188676E-003
     0.38679670E+000    -0.15841284E-002    -0.63842459E-003     0.23835383E+001     0.18463190E+001     0.78864353E-003     0.10156062E-003
     0.38755661E+000    -0.15939907E-002    -0.67991197E-003     0.24141250E+001     0.18864010E+001     0.85661325E-003     0.43161978E-004
     0.38831653E+000    -0.16141715E-002    -0.71087042E-003     0.24427566E+001     0.19281128E+001     0.94492349E-003     0.45268271E-005
     0.38907644E+000    -0.16471526E-002    -0.73510455E-003     0.24693712E+001     0.19708846E+001     0.10458947E-002    -0.88074754E-005
     0.38983636E+000    -0.16947678E-002    -0.75535784E-003     0.24941446E+001     0.20141020E+001     0.11503057E-002     0.51956039E-005
     0.39059627E+000    -0.17598475E-002    -0.77428976E-003     0.25175448E+001     0.20572362E+001     0.12492314E-002     0.44717547E-004
     0.39135619E+000    -0.18459156E-002    -0.79644125E-003     0.25402906E+001     0.21000137E+001     0.13357938E-002     0.10481282E-003
     0.39211610E+000    -0.19551876E-002    -0.82896177E-003     0.25631951E+001     0.21425430E+001     0.14061591E-002     0.17891790E-003
     0.39287602E+000    -0.20867590E-002    -0.88040399E-003     0.25869505E+001     0.21853200E+001     0.14595397E-002     0.26047534E-003
     0.39363593E+000    -0.22362637E-002    -0.95870294E-003     0.26119556E+001     0.22291002E+001     0.14974631E-002     0.34410644E-003
     0.39439585E+000    -0.23967843E-002    -0.10696383E-002     0.26382641E+001     0.22747051E+001     0.15227746E-002     0.42614195E-003
     0.39515576E+000    -0.25601857E-002    -0.12161790E-002     0.26656541E+001     0.23228639E+001     0.15387398E-002     0.50461384E-003
     0.39591567E+000    -0.27183605E-002    -0.13984852E-002     0.26937537E+001     0.23741489E+001     0.15484439E-002     0.57892716E-003
     0.39667559E+000    -0.28642712E-002    -0.16143205E-002     0.27221472E+001     0.24290018E+001     0.15545367E-002     0.64946830E-003
     0.39743550E+000    -0.29927683E-002    -0.18597927E-002     0.27504178E+001     0.24878028E+001     0.15591972E-002     0.71737072E-003
     0.39819542E+000    -0.31010998E-002    -0.21304088E-002     0.27781311E+001     0.25509305E+001     0.15640722E-002     0.78449008E-003
     0.39895533E+000    -0.31889352E-002    -0.24223817E-002     0.28047884E+001     0.26187859E+001     0.15700010E-002     0.85341553E-003
     0.39971525E+000    -0.32576994E-002    -0.27339792E-002     0.28297790E+001     0.26917839E+001     0.15765688E-002     0.92725309E-003
     0.40047516E+000    -0.33091167E-002    -0.30665035E-002     0.28523398E+001     0.27703230E+001     0.15817409E-002     0.10090573E-002
     0.40123508E+000    -0.33431743E-002    -0.34243725E-002     0.28715246E+001     0.28547365E+001     0.15818324E-002     0.11010272E-002
     0.40199499E+000    -0.33561208E-002    -0.38139430E-002     0.28861896E+001     0.29452262E+001     0.15719070E-002     0.12037039E-002
     0.40275491E+000    -0.33393171E-002    -0.42412170E-002     0.28950070E+001     0.30417830E+001     0.15465586E-002     0.13153787E-002
     0.40351482E+000    -0.32795114E-002    -0.47091209E-002     0.28965103E+001     0.31441124E+001     0.15009803E-002     0.14318834E-002
     0.40427474E+000    -0.31605255E-002    -0.52152617E-002     0.28891655E+001     0.32515744E+001     0.14321361E-002     0.15469344E-002
     0.40503465E+000    -0.29657937E-002    -0.57508103E-002     0.28714641E+001     0.33631460E+001     0.13397008E-002     0.16531032E-002
     0.40579457E+000    -0.26810091E-002    -0.63006403E-002     0.28420283E+001     0.34774155E+001     0.12263740E-002     0.17432303E-002
     0.40655448E+000    -0.22963511E-002    -0.68444237E-002     0.27997162E+001     0.35926129E+001     0.10973645E-002     0.18118176E-002
     0.40731440E+000    -0.18081497E-002    -0.73583110E-002     0.27437067E+001     0.37066769E+001     0.95921552E-003     0.18558811E-002
     0.40807431E+000    -0.12200213E-002    -0.78170558E-002     0.26735452E+001     0.38173370E+001     0.81845383E-003     0.18749957E-002
     0.40883423E+000    -0.54331585E-003    -0.81966179E-002     0.25891528E+001     0.39221819E+001     0.68057771E-003     0.18706494E-002
     0.40959414E+000     0.20353729E-003    -0.84770414E-002     0.24908223E+001     0.40186882E+001     0.54966622E-003     0.18453024E-002
     0.41035406E+000     0.99704088E-003    -0.86449371E-002     0.23792497E+001     0.41042089E+001     0.42857197E-003     0.18015814E-002
     0.41111397E+000     0.18116507E-002    -0.86947422E-002     0.22556427E+001     0.41759638E+001     0.31943157E-003     0.17418783E-002
     0.41187389E+000     0.26229127E-002    -0.86283631E-002     0.21219072E+001     0.42311152E+001     0.22416469E-003     0.16683897E-002
     0.41263380E+000     0.34098037E-002    -0.84535032E-002     0.19808378E+001     0.42670020E+001     0.14471426E-003     0.15834408E-002
     0.41339372E+000     0.41558245E-002    -0.81814284E-002     0.18361811E+001     0.42815354E+001     0.82944626E-004     0.14898407E-002
     0.41415363E+000     0.48489483E-002    -0.78249163E-002     0.16924576E+001     0.42736509E+001     0.40290723E-004     0.13910440E-002
     0.41491355E+000     0.54808599E-002    -0.73968291E-002     0.15545297E+001     0.42436438E+001     0.17362253E-004     0.12910222E-002
     0.41567346E+000     0.60459747E-002    -0.69094034E-002     0.14270326E+001     0.41932435E+001     0.13699122E-004     0.11939071E-002
     0.41643338E+000     0.65406047E-002    -0.63740954E-002     0.13138455E+001     0.41253999E+001     0.27761200E-004     0.11035717E-002
     0.41719329E+000     0.69624386E-002    -0.58017162E-002     0.12177511E+001     0.40438697E+001     0.57104665E-004     0.10232902E-002
     0.41795321E+000     0.73103207E-002    -0.52026040E-002     0.11403297E+001     0.39527469E+001     0.98640417E-004     0.95553087E-003
     0.41871312E+000     0.75841904E-002    -0.45866941E-002     0.10820481E+001     0.38560554E+001     0.14890039E-003     0.90185406E-003
     0.41947304E+000     0.77850396E-002    -0.39634853E-002     0.10424627E+001     0.37574626E+001     0.20429497E-003     0.86287700E-003
     0.42023295E+000     0.79148240E-002    -0.33419910E-002     0.10204606E+001     0.36601183E+001     0.26137074E-003     0.83829610E-003
     0.42099287E+000     0.79763734E-002    -0.27307442E-002     0.10144884E+001     0.35665952E+001     0.31706339E-003     0.82698313E-003
     0.42175278E+000     0.79733817E-002    -0.21378418E-002     0.10227445E+001     0.34788977E+001     0.36891297E-003     0.82716710E-003
     0.42251270E+000     0.79105084E-002    -0.15709371E-002     0.10433251E+001     0.33985107E+001     0.41519759E-003     0.83668515E-003
     0.42327261E+000     0.77935285E-002    -0.10370821E-002     0.10743308E+001     0.33264678E+001     0.45495819E-003     0.85325626E-003
     0.42403253E+000     0.76294021E-002    -0.54240041E-003     0.11139377E+001     0.32634233E+001     0.48792010E-003     0.87472381E-003
     0.42479244E+000     0.74261508E-002    -0.91670107E-004     0.11604430E+001     0.32097237E+001     0.51434552E-003     0.89922932E-003
     0.42555236E+000     0.71925077E-002     0.31204773E-003     0.12122898E+001     0.31654734E+001     0.53485893E-003     0.92530667E-003
     0.42631227E+000     0.69373987E-002     0.66760851E-003     0.12680761E+001     0.31305929E+001     0.55027869E-003     0.95190718E-003
     0.42707219E+000     0.66693702E-002     0.97574784E-003     0.13265518E+001     0.31048675E+001     0.56147375E-003     0.97837383E-003
     0.42783210E+000     0.63960891E-002     0.12388213E-002     0.13866072E+001     0.30879857E+001     0.56925353E-003     0.10043831E-002
     0.42859202E+000     0.61240030E-002     0.14603906E-002     0.14472577E+001     0.30795681E+001     0.57429149E-003     0.10298698E-002
     0.42935193E+000     0.58581997E-002     0.16447564E-002     0.15076259E+001     0.30791866E+001     0.57707804E-003     0.10549474E-002
     0.43011185E+000     0.56024481E-002     0.17965312E-002     0.15669239E+001     0.30863752E+001     0.57789551E-003     0.10798281E-002
     0.43087176E+000     0.53593600E-002     0.19203199E-002     0.16244380E+001     0.31006325E+001     0.57681086E-003     0.11047424E-002
     0.43163168E+000     0.51305981E-002     0.20205269E-002     0.16795175E+001     0.31214187E+001     0.57368863E-003     0.11298561E-002
     0.43239159E+000     0.49170659E-002     0.21012695E-002     0.17315707E+001     0.31481464E+001     0.56823257E-003     0.11551865E-002
     0.43315151E+000     0.47190416E-002     0.21663528E-002     0.17800684E+001     0.31801713E+001     0.56006271E-003     0.11805341E-002
     0.43391142E+000     0.45362548E-002     0.22192558E-002     0.18245552E+001     0.32167830E+001     0.54882449E-003     0.12054463E-002
     0.43467134E+000     0.43679256E-002     0.22630908E-002     0.18646691E+001     0.32572010E+001     0.53431272E-003     0.12292354E-002
     0.43543125E+000     0.42128050E-002     0.23005221E-002     0.19001660E+001     0.33005777E+001     0.51658258E-003     0.12510528E-002
     0.43619117E+000     0.40692551E-002     0.23336498E-002     0.19309496E+001     0.33460121E+001     0.49601898E-003     0.12700127E-002
     0.43695108E+000     0.39353998E-002     0.23638927E-002     0.19570991E+001     0.33925755E+001     0.47334404E-003     0.12853392E-002
     0.43771100E+000     0.38093504E-002     0.23919197E-002     0.19788941E+001     0.34393515E+001     0.44955771E-003     0.12965044E-002
     0.43847091E+000     0.36894794E-002     0.24176809E-002     0.19968265E+001     0.34854892E+001     0.42582330E-003     0.13033287E-002
     0.43923083E+000     0.35746843E-002     0.24405663E-002     0.20115954E+001     0.35302658E+001     0.40332192E-003     0.13060228E-002
     0.43999074E+000     0.34645670E-002     0.24596824E-002     0.20240783E+001     0.35731515E+001     0.38310473E-003     0.13051666E-002
     0.44075066E+000     0.33594736E-002     0.24741933E-002     0.20352774E+001     0.36138660E+001     0.36596936E-003     0.13016314E-002
     0.44151057E+000     0.32603735E-002     0.24836472E-002     0.20462454E+001     0.36524162E+001     0.35237911E-003     0.12964642E-002
     0.44227049E+000     0.31686065E-002     0.24882086E-002     0.20579976E+001     0.36891066E+001     0.34243464E-003     0.12907536E-002
     0.44303040E+000     0.30855615E-002     0.24887493E-002     0.20714245E+001     0.37245175E+001     0.33589843E-003     0.12855005E-002
     0.44379032E+000     0.30123655E-002     0.24867869E-002     0.20872171E+001     0.37594553E+001     0.33226430E-003     0.12815128E-002
     0.44455023E+000     0.29496467E-002     0.24843075E-002     0.21058145E+001     0.37948797E+001     0.33085700E-003     0.12793386E-002
     0.44531014E+000     0.28974063E-002     0.24835220E-002     0.21273811E+001     0.38318232E+001     0.33094304E-003     0.12792449E-002
     0.44607006E+000     0.28550048E-002     0.24866180E-002     0.21518111E+001     0.38713112E+001     0.33183336E-003     0.12812397E-002
     0.44682997E+000     0.28212380E-002     0.24955477E-002     0.21787558E+001     0.39142944E+001     0.33296227E-003     0.12851270E-002
     0.44758989E+000     0.27944715E-002     0.25118801E-002     0.22076668E+001     0.39615989E+001     0.33393422E-003     0.12905802E-002
     0.44834980E+000     0.27727984E-002     0.25367207E-002     0.22378445E+001     0.40138945E+001     0.33453736E-003     0.12972193E-002
     0.44910972E+000     0.27541922E-002     0.25706923E-002     0.22684873E+001     0.40716805E+001     0.33472963E-003     0.13046772E-002
     0.44986963E+000     0.27366392E-002     0.26139601E-002     0.22987352E+001     0.41352840E+001     0.33460687E-003     0.13126499E-002
     0.45062955E+000     0.27182412E-002     0.26662864E-002     0.23277066E+001     0.42048683E+001     0.33436294E-003     0.13209270E-002
     0.45138946E+000     0.26972896E-002     0.27270995E-002     0.23545273E+001     0.42804449E+001     0.33425018E-003     0.13294055E-002
     0.45214938E+000     0.26723134E-002     0.27955676E-002     0.23783532E+001     0.43618899E+001     0.33454467E-003     0.13380927E-002
     0.45290929E+000     0.26421068E-002     0.28706717E-002     0.23983872E+001     0.44489593E+001     0.33551759E-003     0.13471023E-002
     0.45366921E+000     0.26057412E-002     0.29512739E-002     0.24138915E+001     0.45413060E+001     0.33741131E-003     0.13566472E-002
     0.45442912E+000     0.25625648E-002     0.30361831E-002     0.24241971E+001     0.46384943E+001     0.34041799E-003     0.13670313E-002
     0.45518904E+000     0.25121918E-002     0.31242158E-002     0.24287101E+001     0.47400158E+001     0.34465902E-003     0.13786393E-002
     0.45594895E+000     0.24544806E-002     0.32142550E-002     0.24269162E+001     0.48453028E+001     0.35016486E-003     0.13919228E-002
     0.45670887E+000     0.23894991E-002     0.33053040E-002     0.24183830E+001     0.49537421E+001     0.35685602E-003     0.14073821E-002
     0.45746878E+000     0.23174772E-002     0.33965330E-002     0.24027609E+001     0.50646878E+001     0.36452671E-003     0.14255433E-002
     0.45822870E+000     0.22387438E-002     0.34873131E-002     0.23797826E+001     0.51774734E+001     0.37283276E-003     0.14469297E-002
     0.45898861E+000     0.21536538E-002     0.35772320E-002     0.23492608E+001     0.52914239E+001     0.38128525E-003     0.14720304E-002
     0.45974853E+000     0.20625096E-002     0.36660854E-002     0.23110842E+001     0.54058670E+001     0.38925077E-003     0.15012652E-002
     0.46050844E+000     0.19654847E-002     0.37538419E-002     0.22652114E+001     0.55201437E+001     0.39595939E-003     0.15349477E-002
     0.46126836E+000     0.18625614E-002     0.38405825E-002     0.22116620E+001     0.56336170E+001     0.40052131E-003     0.15732491E-002
     0.46202827E+000     0.17534900E-002     0.39264182E-002     0.21505059E+001     0.57456778E+001     0.40195308E-003     0.16161618E-002
     0.46278819E+000     0.16377776E-002     0.40113950E-002     0.20818516E+001     0.58557474E+001     0.39921443E-003     0.16634684E-002
     0.46354810E+000     0.15147111E-002     0.40953975E-002     0.20058335E+001     0.59632749E+001     0.39125527E-003     0.17147177E-002
     0.46430802E+000     0.13834118E-002     0.41780620E-002     0.19226024E+001     0.60677303E+001     0.37707172E-003     0.17692119E-002
     0.46506793E+000     0.12429182E-002     0.42587113E-002     0.18323190E+001     0.61685938E+001     0.35576794E-003     0.18260084E-002
     0.46582785E+000     0.10922884E-002     0.43363176E-002     0.17351533E+001     0.62653417E+001     0.32661911E-003     0.18839397E-002
     0.46658776E+000     0.93071027E-003     0.44095000E-002     0.16312904E+001     0.63574334E+001     0.28913034E-003     0.19416498E-002
     0.46734768E+000     0.75760888E-003     0.44765563E-002     0.15209433E+001     0.64443000E+001     0.24308569E-003     0.19976479E-002
     0.46810759E+000     0.57274076E-003     0.45355251E-002     0.14043709E+001     0.65253382E+001     0.18858277E-003     0.20503745E-002
     0.46886751E+000     0.37626576E-003     0.45842744E-002     0.12819004E+001     0.65999118E+001     0.12604936E-003     0.20982768E-002
     0.46962742E+000     0.16879096E-003     0.46206055E-002     0.11539498E+001     0.66673623E+001     0.56240327E-004     0.21398864E-002
     0.47038734E+000    -0.48616239E-004     0.46423646E-002     0.10210483E+001     0.67270281E+001    -0.19785434E-004     0.21738958E-002
     0.47114725E+000    -0.27444573E-003     0.46475524E-002     0.88384982E+000     0.67782728E+001    -0.10070681E-003     0.21992266E-002
     0.47190717E+000    -0.50678997E-003     0.46344226E-002     0.74313840E+000     0.68205178E+001    -0.18499858E-003     0.22150857E-002
     0.47266708E+000    -0.74341178E-003     0.46015634E-002     0.59982201E+000     0.68532784E+001    -0.27100217E-003     0.22210059E-002
     0.47342700E+000    -0.98182768E-003     0.45479554E-002     0.45491536E+000     0.68761979E+001    -0.35700444E-003     0.22168670E-002
     0.47418691E+000    -0.12193992E-002     0.44730058E-002     0.30951235E+000     0.68890757E+001    -0.44131885E-003     0.22028956E-002
     0.47494683E+000    -0.14534243E-002     0.43765579E-002     0.16475061E+000     0.68918871E+001    -0.52236325E-003     0.21796450E-002
     0.47570674E+000    -0.16812229E-002     0.42588787E-002     0.21771422E-001     0.68847930E+001    -0.59872845E-003     0.21479561E-002
     0.47646666E+000    -0.19002101E-002     0.41206294E-002    -0.11832125E+000     0.68681366E+001    -0.66923275E-003     0.21089031E-002
     0.47722657E+000    -0.21079557E-002     0.39628236E-002    -0.25449891E+000     0.68424309E+001    -0.73295926E-003     0.20637294E-002
     0.47798649E+000    -0.23022272E-002     0.37867796E-002    -0.38584095E+000     0.68083356E+001    -0.78927447E-003     0.20137795E-002
     0.47874640E+000    -0.24810196E-002     0.35940717E-002    -0.51155913E+000     0.67666286E+001    -0.83782887E-003     0.19604317E-002
     0.47950632E+000    -0.26425720E-002     0.33864840E-002    -0.63101303E+000     0.67181732E+001    -0.87854180E-003     0.19050374E-002
     0.48026623E+000    -0.27853770E-002     0.31659691E-002    -0.74371652E+000     0.66638844E+001    -0.91157386E-003     0.18488695E-002
     0.48102615E+000    -0.29081837E-002     0.29346130E-002    -0.84933595E+000     0.66046976E+001    -0.93729092E-003     0.17930821E-002
     0.48178606E+000    -0.30100000E-002     0.26946049E-002    -0.94768159E+000     0.65415399E+001    -0.95622349E-003     0.17386830E-002
     0.48254598E+000    -0.30900934E-002     0.24482102E-002    -0.10386941E+001     0.64753074E+001    -0.96902484E-003     0.16865163E-002
     0.48330589E+000    -0.31479937E-002     0.21977455E-002    -0.11224277E+001     0.64068470E+001    -0.97643052E-003     0.16372561E-002
     0.48406581E+000    -0.31834954E-002     0.19455527E-002    -0.11990324E+001     0.63369445E+001    -0.97922132E-003     0.15914083E-002
     0.48482572E+000    -0.31966608E-002     0.16939715E-002    -0.12687354E+001     0.62663169E+001    -0.97819065E-003     0.15493190E-002
     0.48558564E+000    -0.31878197E-002     0.14453092E-002    -0.13318249E+001     0.61956092E+001    -0.97411712E-003     0.15111874E-002
     0.48634555E+000    -0.31575669E-002     0.12018081E-002    -0.13886346E+001     0.61253945E+001    -0.96774238E-003     0.14770823E-002
     0.48710547E+000    -0.31067539E-002     0.96561174E-003    -0.14395310E+001     0.60561765E+001    -0.95975407E-003     0.14469605E-002
     0.48786538E+000    -0.30364745E-002     0.73873074E-003    -0.14849034E+001     0.59883932E+001    -0.95077357E-003     0.14206854E-002
     0.48862530E+000    -0.29480449E-002     0.52301061E-003    -0.15251548E+001     0.59224213E+001    -0.94134803E-003     0.13980466E-002
     0.48938521E+000    -0.28429775E-002     0.32010290E-003    -0.15606963E+001     0.58585814E+001    -0.93194625E-003     0.13787779E-002
     0.49014513E+000    -0.27229499E-002     0.13144127E-003    -0.15919417E+001     0.57971421E+001    -0.92295791E-003     0.13625745E-002
     0.49090504E+000    -0.25897702E-002    -0.41776680E-004    -0.16193039E+001     0.57383246E+001    -0.91469560E-003     0.13491090E-002
     0.49166496E+000    -0.24453408E-002    -0.19860104E-003    -0.16431924E+001     0.56823063E+001    -0.90739910E-003     0.13380445E-002
     0.49242487E+000    -0.22916204E-002    -0.33833477E-003    -0.16640107E+001     0.56292240E+001    -0.90124157E-003     0.13290468E-002
     0.49318479E+000    -0.21305879E-002    -0.46053260E-003    -0.16821546E+001     0.55791766E+001    -0.89633683E-003     0.13217935E-002
     0.49394470E+000    -0.19642073E-002    -0.56499421E-003    -0.16980105E+001     0.55322276E+001    -0.89274749E-003     0.13159815E-002
     0.49470461E+000    -0.17943955E-002    -0.65175229E-003    -0.17119539E+001     0.54884072E+001    -0.89049334E-003     0.13113316E-002
     0.49546453E+000    -0.16229932E-002    -0.72105621E-003    -0.17243477E+001     0.54477142E+001    -0.88955950E-003     0.13075923E-002
     0.49622444E+000    -0.14517401E-002    -0.77335202E-003    -0.17355409E+001     0.54101178E+001    -0.88990418E-003     0.13045408E-002
     0.49698436E+000    -0.12822542E-002    -0.80925974E-003    -0.17458670E+001     0.53755592E+001    -0.89146566E-003     0.13019834E-002
     0.49774427E+000    -0.11160157E-002    -0.82954871E-003    -0.17556425E+001     0.53439535E+001    -0.89416836E-003     0.12997542E-002
     0.49850419E+000    -0.95435564E-003    -0.83511202E-003    -0.17651651E+001     0.53151917E+001    -0.89792794E-003     0.12977138E-002
     0.49926410E+000    -0.79844954E-003    -0.82694081E-003    -0.17747125E+001     0.52891420E+001    -0.90265555E-003     0.12957467E-002
     0.50002402E+000    -0.64931470E-003    -0.80609947E-003    -0.17845408E+001     0.52656526E+001    -0.90826104E-003     0.12937591E-002
     0.50078393E+000    -0.50781191E-003    -0.77370246E-003    -0.17948832E+001     0.52445533E+001    -0.91465549E-003     0.12916760E-002
     0.50154385E+000    -0.37465013E-003    -0.73089331E-003    -0.18059487E+001     0.52256584E+001    -0.92175302E-003     0.12894391E-002
     0.50230376E+000    -0.25039360E-003    -0.67882621E-003    -0.18179209E+001     0.52087688E+001    -0.92947201E-003     0.12870043E-002
     0.50306368E+000    -0.13547066E-003    -0.61865034E-003    -0.18309574E+001     0.51936750E+001    -0.93773592E-003     0.12843397E-002
     0.50382359E+000    -0.30183514E-004    -0.55149682E-003    -0.18451891E+001     0.51801598E+001    -0.94647373E-003     0.12814233E-002
     0.50458351E+000     0.65281638E-004    -0.47846813E-003    -0.18607203E+001     0.51680015E+001    -0.95562020E-003     0.12782421E-002
     0.50534342E+000     0.15084450E-003    -0.40062956E-003    -0.18776281E+001     0.51569767E+001    -0.96511591E-003     0.12747903E-002
     0.50610334E+000     0.22652090E-003    -0.31900239E-003    -0.18959637E+001     0.51468632E+001    -0.97490727E-003     0.12710681E-002
     0.50686325E+000     0.29241347E-003    -0.23455841E-003    -0.19157529E+001     0.51374434E+001    -0.98494648E-003     0.12670810E-002
     0.50762317E+000     0.34870268E-003    -0.14821546E-003    -0.19369976E+001     0.51285065E+001    -0.99519149E-003     0.12628386E-002
     0.50838308E+000     0.39563834E-003    -0.60833838E-004    -0.19596768E+001     0.51198515E+001    -0.10056060E-002     0.12583543E-002
     0.50914300E+000     0.43353129E-003     0.26786655E-004    -0.19837497E+001     0.51112894E+001    -0.10161594E-002     0.12536441E-002
     0.50990291E+000     0.46274528E-003     0.11390892E-003    -0.20091567E+001     0.51026450E+001    -0.10268269E-002     0.12487260E-002
     0.51066283E+000     0.48368903E-003     0.19986015E-003    -0.20358228E+001     0.50937588E+001    -0.10375892E-002     0.12436194E-002
     0.51142274E+000     0.49680836E-003     0.28403272E-003    -0.20636595E+001     0.50844880E+001    -0.10484328E-002     0.12383439E-002
     0.51218266E+000     0.50257851E-003     0.36588425E-003    -0.20925682E+001     0.50747076E+001    -0.10593495E-002     0.12329190E-002
     0.51294257E+000     0.50149673E-003     0.44493696E-003    -0.21224422E+001     0.50643106E+001    -0.10703360E-002     0.12273631E-002
     0.51370249E+000     0.49407525E-003     0.52077616E-003    -0.21531697E+001     0.50532079E+001    -0.10813938E-002     0.12216927E-002
     0.51446240E+000     0.48083473E-003     0.59304807E-003    -0.21846366E+001     0.50413284E+001    -0.10925284E-002     0.12159218E-002
     0.51522232E+000     0.46229834E-003     0.66145697E-003    -0.22167282E+001     0.50286179E+001    -0.11037489E-002     0.12100613E-002
     0.51598223E+000     0.43898652E-003     0.72576177E-003    -0.22493323E+001     0.50150380E+001    -0.11150668E-002     0.12041190E-002
     0.51674215E+000     0.41141262E-003     0.78577226E-003    -0.22823401E+001     0.50005654E+001    -0.11264958E-002     0.11980985E-002
     0.51750206E+000     0.38007929E-003     0.84134514E-003    -0.23156485E+001     0.49851897E+001    -0.11380507E-002     0.11920000E-002
     0.51826198E+000     0.34547558E-003     0.89237990E-003    -0.23491614E+001     0.49689125E+001    -0.11497470E-002     0.11858199E-002
     0.51902189E+000     0.30807499E-003     0.93881486E-003    -0.23827903E+001     0.49517449E+001    -0.11615999E-002     0.11795507E-002
     0.51978181E+000     0.26833398E-003     0.98062344E-003    -0.24164554E+001     0.49337063E+001    -0.11736239E-002     0.11731819E-002
     0.52054172E+000     0.22669122E-003     0.10178106E-002    -0.24500856E+001     0.49148225E+001    -0.11858324E-002     0.11666997E-002
     0.52130164E+000     0.18356712E-003     0.10504101E-002    -0.24836193E+001     0.48951241E+001    -0.11982373E-002     0.11600876E-002
     0.52206155E+000     0.13936377E-003     0.10784813E-002    -0.25170034E+001     0.48746444E+001    -0.12108486E-002     0.11533266E-002
     0.52282147E+000     0.94465064E-004     0.11021077E-002    -0.25501936E+001     0.48534187E+001    -0.12236744E-002     0.11463958E-002
     0.52358138E+000     0.49236808E-004     0.11213944E-002    -0.25831534E+001     0.48314821E+001    -0.12367207E-002     0.11392724E-002
     0.52434130E+000     0.40269225E-005     0.11364672E-002    -0.26158538E+001     0.48088693E+001    -0.12499909E-002     0.11319319E-002
     0.52510121E+000    -0.40834551E-004     0.11474714E-002    -0.26482722E+001     0.47856129E+001    -0.12634862E-002     0.11243487E-002
     0.52586113E+000    -0.85035598E-004     0.11545707E-002    -0.26803914E+001     0.47617427E+001    -0.12772053E-002     0.11164961E-002
     0.52662104E+000    -0.12828260E-003     0.11579465E-002    -0.27121989E+001     0.47372856E+001    -0.12911441E-002     0.11083465E-002
     0.52738096E+000    -0.17030089E-003     0.11577976E-002    -0.27436855E+001     0.47122649E+001    -0.13052958E-002     0.10998715E-002
     0.52814087E+000    -0.21083560E-003     0.11543388E-002    -0.27748448E+001     0.46866999E+001    -0.13196506E-002     0.10910426E-002
     0.52890079E+000    -0.24965265E-003     0.11478007E-002    -0.28056720E+001     0.46606065E+001    -0.13341956E-002     0.10818310E-002
     0.52966070E+000    -0.28653994E-003     0.11384280E-002    -0.28361630E+001     0.46339965E+001    -0.13489148E-002     0.10722082E-002
     0.53042062E+000    -0.32130858E-003     0.11264791E-002    -0.28663135E+001     0.46068787E+001    -0.13637887E-002     0.10621464E-002
     0.53118053E+000    -0.35379424E-003     0.11122238E-002    -0.28961186E+001     0.45792588E+001    -0.13787948E-002     0.10516186E-002
     0.53194045E+000    -0.38385840E-003     0.10959420E-002    -0.29255721E+001     0.45511400E+001    -0.13939069E-002     0.10405996E-002
     0.53270036E+000    -0.41138947E-003     0.10779212E-002    -0.29546661E+001     0.45225234E+001    -0.14090958E-002     0.10290660E-002
     0.53346028E+000    -0.43630381E-003     0.10584545E-002    -0.29833903E+001     0.44934089E+001    -0.14243293E-002     0.10169968E-002
     0.53422019E+000    -0.45854637E-003     0.10378379E-002    -0.30117326E+001     0.44637954E+001    -0.14395723E-002     0.10043739E-002
     0.53498011E+000    -0.47809114E-003     0.10163670E-002    -0.30396780E+001     0.44336820E+001    -0.14547875E-002     0.99118255E-003
     0.53574002E+000    -0.49494113E-003     0.99433478E-003    -0.30672095E+001     0.44030679E+001    -0.14699352E-002     0.97741161E-003
     0.53649994E+000    -0.50912804E-003     0.97202806E-003    -0.30943079E+001     0.43719531E+001    -0.14849747E-002     0.96305391E-003
     0.53725985E+000    -0.52071148E-003     0.94972461E-003    -0.31209520E+001     0.43403393E+001    -0.14998639E-002     0.94810640E-003
     0.53801977E+000    -0.52977774E-003     0.92769016E-003    -0.31471189E+001     0.43082299E+001    -0.15145605E-002     0.93257031E-003
     0.53877968E+000    -0.53643821E-003     0.90617565E-003    -0.31727843E+001     0.42756303E+001    -0.15290223E-002     0.91645114E-003
     0.53953960E+000    -0.54082740E-003     0.88541458E-003    -0.31979232E+001     0.42425483E+001    -0.15432078E-002     0.89975861E-003
     0.54029951E+000    -0.54310063E-003     0.86562070E-003    -0.32225099E+001     0.42089943E+001    -0.15570769E-002     0.88250643E-003
     0.54105943E+000    -0.54343145E-003     0.84698607E-003    -0.32465187E+001     0.41749814E+001    -0.15705910E-002     0.86471213E-003
     0.54181934E+000    -0.54200877E-003     0.82967943E-003    -0.32699242E+001     0.41405250E+001    -0.15837139E-002     0.84639668E-003
     0.54257926E+000    -0.53903395E-003     0.81384495E-003    -0.32927017E+001     0.41056433E+001    -0.15964119E-002     0.82758415E-003
     0.54333917E+000    -0.53471764E-003     0.79960152E-003    -0.33148276E+001     0.40703569E+001    -0.16086541E-002     0.80830128E-003
     0.54409908E+000    -0.52927671E-003     0.78704230E-003    -0.33362795E+001     0.40346886E+001    -0.16204126E-002     0.78857702E-003
     0.54485900E+000    -0.52293119E-003     0.77623482E-003    -0.33570369E+001     0.39986633E+001    -0.16316630E-002     0.76844214E-003
     0.54561891E+000    -0.51590128E-003     0.76722140E-003    -0.33770811E+001     0.39623077E+001    -0.16423838E-002     0.74792869E-003
     0.54637883E+000    -0.50840456E-003     0.76001991E-003    -0.33963953E+001     0.39256499E+001    -0.16525571E-002     0.72706963E-003
     0.54713874E+000    -0.50065336E-003     0.75462490E-003    -0.34149651E+001     0.38887194E+001    -0.16621680E-002     0.70589843E-003
     0.54789866E+000    -0.49285232E-003     0.75100901E-003    -0.34327784E+001     0.38515467E+001    -0.16712049E-002     0.68444866E-003
     0.54865857E+000    -0.48519635E-003     0.74912457E-003    -0.34498252E+001     0.38141630E+001    -0.16796588E-002     0.66275368E-003
     0.54941849E+000    -0.47786873E-003     0.74890546E-003    -0.34660980E+001     0.37765999E+001    -0.16875238E-002     0.64084635E-003
     0.55017840E+000    -0.47103959E-003     0.75026907E-003    -0.34815916E+001     0.37388892E+001    -0.16947963E-002     0.61875883E-003
     0.55093832E+000    -0.46486464E-003     0.75311831E-003    -0.34963029E+001     0.37010628E+001    -0.17014750E-002     0.59652231E-003
     0.55169823E+000    -0.45948423E-003     0.75734380E-003    -0.35102311E+001     0.36631524E+001    -0.17075609E-002     0.57416698E-003
     0.55245815E+000    -0.45502270E-003     0.76282592E-003    -0.35233775E+001     0.36251891E+001    -0.17130564E-002     0.55172180E-003
     0.55321806E+000    -0.45158795E-003     0.76943698E-003    -0.35357453E+001     0.35872037E+001    -0.17179658E-002     0.52921456E-003
     0.55397798E+000    -0.44927130E-003     0.77704323E-003    -0.35473397E+001     0.35492260E+001    -0.17222947E-002     0.50667178E-003
     0.55473789E+000    -0.44814762E-003     0.78550681E-003    -0.35581673E+001     0.35112853E+001    -0.17260498E-002     0.48411871E-003
     0.55549781E+000    -0.44827558E-003     0.79468765E-003    -0.35682366E+001     0.34734097E+001    -0.17292391E-002     0.46157941E-003
     0.55625772E+000    -0.44969814E-003     0.80444518E-003    -0.35775577E+001     0.34356264E+001    -0.17318710E-002     0.43907672E-003
     0.55701764E+000    -0.45244324E-003     0.81463994E-003    -0.35861417E+001     0.33979617E+001    -0.17339550E-002     0.41663240E-003
     0.55777755E+000    -0.45652457E-003     0.82513504E-003    -0.35940012E+001     0.33604404E+001    -0.17355010E-002     0.39426712E-003
     0.55853747E+000    -0.46194246E-003     0.83579741E-003    -0.36011500E+001     0.33230864E+001    -0.17365196E-002     0.37200057E-003
     0.55929738E+000    -0.46868489E-003     0.84649900E-003    -0.36076026E+001     0.32859222E+001    -0.17370219E-002     0.34985152E-003
     0.56005730E+000    -0.47672851E-003     0.85711768E-003    -0.36133748E+001     0.32489691E+001    -0.17370192E-002     0.32783787E-003
     0.56081721E+000    -0.48603978E-003     0.86753813E-003    -0.36184828E+001     0.32122473E+001    -0.17365235E-002     0.30597674E-003
     0.56157713E+000    -0.49657613E-003     0.87765246E-003    -0.36229438E+001     0.31757754E+001    -0.17355470E-002     0.28428449E-003
     0.56233704E+000    -0.50828703E-003     0.88736069E-003    -0.36267755E+001     0.31395710E+001    -0.17341023E-002     0.26277678E-003
     0.56309696E+000    -0.52111519E-003     0.89657119E-003    -0.36299961E+001     0.31036502E+001    -0.17322026E-002     0.24146856E-003
     0.56385687E+000    -0.53499765E-003     0.90520082E-003    -0.36326242E+001     0.30680279E+001    -0.17298613E-002     0.22037413E-003
     0.56461679E+000    -0.54986683E-003     0.91317511E-003    -0.36346786E+001     0.30327177E+001    -0.17270923E-002     0.19950711E-003
     0.56537670E+000    -0.56565160E-003     0.92042824E-003    -0.36361785E+001     0.29977320E+001    -0.17239101E-002     0.17888045E-003
     0.56613662E+000    -0.58227825E-003     0.92690289E-003    -0.36371431E+001     0.29630820E+001    -0.17203292E-002     0.15850639E-003
     0.56689653E+000    -0.59967136E-003     0.93255006E-003    -0.36375918E+001     0.29287775E+001    -0.17163651E-002     0.13839645E-003
     0.56765645E+000    -0.61775470E-003     0.93732876E-003    -0.36375438E+001     0.28948273E+001    -0.17120334E-002     0.11856139E-003
     0.56841636E+000    -0.63645191E-003     0.94120572E-003    -0.36370184E+001     0.28612390E+001    -0.17073502E-002     0.99011145E-004
     0.56917628E+000    -0.65568726E-003     0.94415491E-003    -0.36360345E+001     0.28280191E+001    -0.17023320E-002     0.79754811E-004
     0.56993619E+000    -0.67538621E-003     0.94615711E-003    -0.36346109E+001     0.27951731E+001    -0.16969957E-002     0.60800578E-004
     0.57069611E+000    -0.69547592E-003     0.94719946E-003    -0.36327662E+001     0.27627053E+001    -0.16913585E-002     0.42155689E-004
     0.57145602E+000    -0.71588568E-003     0.94727490E-003    -0.36305185E+001     0.27306194E+001    -0.16854381E-002     0.23826395E-004
     0.57221594E+000    -0.73654732E-003     0.94638172E-003    -0.36278856E+001     0.26989178E+001    -0.16792520E-002     0.58179138E-005
     0.57297585E+000    -0.75739547E-003     0.94452298E-003    -0.36248849E+001     0.26676024E+001    -0.16728182E-002    -0.11865602E-004
     0.57373577E+000    -0.77836778E-003     0.94170604E-003    -0.36215331E+001     0.26366741E+001    -0.16661546E-002    -0.29221092E-004
     0.57449568E+000    -0.79940508E-003     0.93794205E-003    -0.36178468E+001     0.26061332E+001    -0.16592792E-002    -0.46246605E-004
     0.57525560E+000    -0.82045148E-003     0.93324545E-003    -0.36138417E+001     0.25759792E+001    -0.16522098E-002    -0.62941304E-004
     0.57601551E+000    -0.84145441E-003     0.92763352E-003    -0.36095332E+001     0.25462110E+001    -0.16449640E-002    -0.79305468E-004
     0.57677543E+000    -0.86236461E-003     0.92112598E-003    -0.36049360E+001     0.25168272E+001    -0.16375593E-002    -0.95340475E-004
     0.57753534E+000    -0.88313611E-003     0.91374459E-003    -0.36000643E+001     0.24878256E+001    -0.16300127E-002    -0.11104878E-003
     0.57829526E+000    -0.90372619E-003     0.90551276E-003    -0.35949319E+001     0.24592037E+001    -0.16223408E-002    -0.12643388E-003
     0.57905517E+000    -0.92409521E-003     0.89645525E-003    -0.35895516E+001     0.24309586E+001    -0.16145595E-002    -0.14150026E-003
     0.57981509E+000    -0.94420654E-003     0.88659784E-003    -0.35839362E+001     0.24030870E+001    -0.16066843E-002    -0.15625337E-003
     0.58057500E+000    -0.96402644E-003     0.87596708E-003    -0.35780974E+001     0.23755853E+001    -0.15987300E-002    -0.17069953E-003
     0.58133492E+000    -0.98352383E-003     0.86459009E-003    -0.35720468E+001     0.23484498E+001    -0.15907106E-002    -0.18484588E-003
     0.58209483E+000    -0.10026702E-002     0.85249432E-003    -0.35657952E+001     0.23216764E+001    -0.15826391E-002    -0.19870030E-003
     0.58285475E+000    -0.10214395E-002     0.83970741E-003    -0.35593530E+001     0.22952609E+001    -0.15745281E-002    -0.21227133E-003
     0.58361466E+000    -0.10398079E-002     0.82625704E-003    -0.35527300E+001     0.22691990E+001    -0.15663889E-002    -0.22556810E-003
     0.58437458E+000    -0.10577536E-002     0.81217082E-003    -0.35459356E+001     0.22434861E+001    -0.15582322E-002    -0.23860024E-003
     0.58513449E+000    -0.10752567E-002     0.79747618E-003    -0.35389789E+001     0.22181179E+001    -0.15500675E-002    -0.25137779E-003
     0.58589441E+000    -0.10922992E-002     0.78220033E-003    -0.35318682E+001     0.21930896E+001    -0.15419034E-002    -0.26391110E-003
     0.58665432E+000    -0.11088649E-002     0.76637014E-003    -0.35246117E+001     0.21683966E+001    -0.15337478E-002    -0.27621081E-003
     0.58741424E+000    -0.11249388E-002     0.75001215E-003    -0.35172170E+001     0.21440342E+001    -0.15256075E-002    -0.28828768E-003
     0.58817415E+000    -0.11405076E-002     0.73315251E-003    -0.35096915E+001     0.21199979E+001    -0.15174882E-002    -0.30015259E-003
     0.58893407E+000    -0.11555590E-002     0.71581697E-003    -0.35020421E+001     0.20962829E+001    -0.15093949E-002    -0.31181642E-003
     0.58969398E+000    -0.11700823E-002     0.69803087E-003    -0.34942753E+001     0.20728846E+001    -0.15013318E-002    -0.32328999E-003
     0.59045390E+000    -0.11840677E-002     0.67981916E-003    -0.34863976E+001     0.20497984E+001    -0.14933020E-002    -0.33458402E-003
     0.59121381E+000    -0.11975062E-002     0.66120637E-003    -0.34784148E+001     0.20270198E+001    -0.14853080E-002    -0.34570904E-003
     0.59197373E+000    -0.12103903E-002     0.64221664E-003    -0.34703328E+001     0.20045443E+001    -0.14773515E-002    -0.35667535E-003
     0.59273364E+000    -0.12227129E-002     0.62287369E-003    -0.34621568E+001     0.19823674E+001    -0.14694332E-002    -0.36749296E-003
     0.59349355E+000    -0.12344680E-002     0.60320089E-003    -0.34538922E+001     0.19604848E+001    -0.14615536E-002    -0.37817157E-003
     0.59425347E+000    -0.12456504E-002     0.58322123E-003    -0.34455439E+001     0.19388921E+001    -0.14537121E-002    -0.38872051E-003
     0.59501338E+000    -0.12562555E-002     0.56295736E-003    -0.34371166E+001     0.19175851E+001    -0.14459077E-002    -0.39914874E-003
     0.59577330E+000    -0.12662795E-002     0.54243158E-003    -0.34286148E+001     0.18965595E+001    -0.14381391E-002    -0.40946478E-003
     0.59653321E+000    -0.12757193E-002     0.52166589E-003    -0.34200429E+001     0.18758114E+001    -0.14304040E-002    -0.41967671E-003
     0.59729313E+000    -0.12845725E-002     0.50068197E-003    -0.34114049E+001     0.18553366E+001    -0.14227001E-002    -0.42979217E-003
     0.59805304E+000    -0.12928371E-002     0.47950122E-003    -0.34027050E+001     0.18351311E+001    -0.14150245E-002    -0.43981831E-003
     0.59881296E+000    -0.13005121E-002     0.45814474E-003    -0.33939468E+001     0.18151912E+001    -0.14073740E-002    -0.44976183E-003
     0.59957287E+000    -0.13075968E-002     0.43663336E-003    -0.33851341E+001     0.17955129E+001    -0.13997449E-002    -0.45962892E-003
     0.60033279E+000    -0.13140912E-002     0.41498764E-003    -0.33762703E+001     0.17760925E+001    -0.13921336E-002    -0.46942529E-003
     0.60109270E+000    -0.13199958E-002     0.39322787E-003    -0.33673588E+001     0.17569263E+001    -0.13845360E-002    -0.47915619E-003
     0.60185262E+000    -0.13253118E-002     0.37137409E-003    -0.33584028E+001     0.17380107E+001    -0.13769478E-002    -0.48882636E-003
     0.60261253E+000    -0.13300409E-002     0.34944608E-003    -0.33494055E+001     0.17193421E+001    -0.13693648E-002    -0.49844008E-003
     0.60337245E+000    -0.13341853E-002     0.32746335E-003    -0.33403699E+001     0.17009171E+001    -0.13617824E-002    -0.50800117E-003
     0.60413236E+000    -0.13377480E-002     0.30544518E-003    -0.33312988E+001     0.16827321E+001    -0.13541960E-002    -0.51751298E-003
     0.60489228E+000    -0.13407322E-002     0.28341052E-003    -0.33221951E+001     0.16647840E+001    -0.13466010E-002    -0.52697843E-003
     0.60565219E+000    -0.13431420E-002     0.26137810E-003    -0.33130614E+001     0.16470693E+001    -0.13389928E-002    -0.53639999E-003
     0.60641211E+000    -0.13449819E-002     0.23936630E-003    -0.33039003E+001     0.16295848E+001    -0.13313667E-002    -0.54577974E-003
     0.60717202E+000    -0.13462569E-002     0.21739325E-003    -0.32947144E+001     0.16123273E+001    -0.13237180E-002    -0.55511934E-003
     0.60793194E+000    -0.13469726E-002     0.19547672E-003    -0.32855060E+001     0.15952938E+001    -0.13160422E-002    -0.56442006E-003
     0.60869185E+000    -0.13471351E-002     0.17363417E-003    -0.32762776E+001     0.15784810E+001    -0.13083347E-002    -0.57368280E-003
     0.60945177E+000    -0.13467512E-002     0.15188273E-003    -0.32670313E+001     0.15618860E+001    -0.13005910E-002    -0.58290812E-003
     0.61021168E+000    -0.13458280E-002     0.13023914E-003    -0.32577694E+001     0.15455059E+001    -0.12928070E-002    -0.59209621E-003
     0.61097160E+000    -0.13443732E-002     0.10871979E-003    -0.32484941E+001     0.15293376E+001    -0.12849781E-002    -0.60124696E-003
     0.61173151E+000    -0.13423951E-002     0.87340625E-004    -0.32392073E+001     0.15133784E+001    -0.12771005E-002    -0.61035995E-003
     0.61249143E+000    -0.13399024E-002     0.66117209E-004    -0.32299111E+001     0.14976253E+001    -0.12691701E-002    -0.61943447E-003
     0.61325134E+000    -0.13369042E-002     0.45064659E-004    -0.32206075E+001     0.14820756E+001    -0.12611831E-002    -0.62846954E-003
     0.61401126E+000    -0.13334103E-002     0.24197627E-004    -0.32112982E+001     0.14667265E+001    -0.12531358E-002    -0.63746391E-003
     0.61477117E+000    -0.13294307E-002     0.35302862E-005    -0.32019852E+001     0.14515753E+001    -0.12450247E-002    -0.64641611E-003
     0.61553109E+000    -0.13249761E-002    -0.16923685E-004    -0.31926702E+001     0.14366193E+001    -0.12368466E-002    -0.65532443E-003
     0.61629100E+000    -0.13200572E-002    -0.37151118E-004    -0.31833549E+001     0.14218559E+001    -0.12285983E-002    -0.66418696E-003
     0.61705092E+000    -0.13146854E-002    -0.57139374E-004    -0.31740410E+001     0.14072825E+001    -0.12202769E-002    -0.67300159E-003
     0.61781083E+000    -0.13088725E-002    -0.76876362E-004    -0.31647302E+001     0.13928965E+001    -0.12118796E-002    -0.68176604E-003
     0.61857075E+000    -0.13026304E-002    -0.96350544E-004    -0.31554239E+001     0.13786954E+001    -0.12034039E-002    -0.69047785E-003
     0.61933066E+000    -0.12959715E-002    -0.11555095E-003    -0.31461238E+001     0.13646766E+001    -0.11948473E-002    -0.69913443E-003
     0.62009058E+000    -0.12889083E-002    -0.13446720E-003    -0.31368313E+001     0.13508378E+001    -0.11862079E-002    -0.70773305E-003
     0.62085049E+000    -0.12814538E-002    -0.15308951E-003    -0.31275478E+001     0.13371763E+001    -0.11774836E-002    -0.71627085E-003
     0.62161041E+000    -0.12736209E-002    -0.17140867E-003    -0.31182748E+001     0.13236899E+001    -0.11686727E-002    -0.72474487E-003
     0.62237032E+000    -0.12654229E-002    -0.18941609E-003    -0.31090136E+001     0.13103760E+001    -0.11597737E-002    -0.73315204E-003
     0.62313024E+000    -0.12568734E-002    -0.20710378E-003    -0.30997655E+001     0.12972325E+001    -0.11507851E-002    -0.74148922E-003
     0.62389015E+000    -0.12479857E-002    -0.22446436E-003    -0.30905317E+001     0.12842568E+001    -0.11417060E-002    -0.74975320E-003
     0.62465007E+000    -0.12387736E-002    -0.24149105E-003    -0.30813136E+001     0.12714467E+001    -0.11325354E-002    -0.75794068E-003
     0.62540998E+000    -0.12292508E-002    -0.25817766E-003    -0.30721123E+001     0.12587999E+001    -0.11232724E-002    -0.76604835E-003
     0.62616990E+000    -0.12194311E-002    -0.27451863E-003    -0.30629290E+001     0.12463142E+001    -0.11139167E-002    -0.77407284E-003
     0.62692981E+000    -0.12093283E-002    -0.29050898E-003    -0.30537647E+001     0.12339872E+001    -0.11044679E-002    -0.78201074E-003
     0.62768973E+000    -0.11989561E-002    -0.30614432E-003    -0.30446205E+001     0.12218168E+001    -0.10949258E-002    -0.78985864E-003
     0.62844964E+000    -0.11883283E-002    -0.32142081E-003    -0.30354976E+001     0.12098007E+001    -0.10852906E-002    -0.79761311E-003
     0.62920956E+000    -0.11774584E-002    -0.33633519E-003    -0.30263968E+001     0.11979368E+001    -0.10755624E-002    -0.80527073E-003
     0.62996947E+000    -0.11663602E-002    -0.35088473E-003    -0.30173191E+001     0.11862230E+001    -0.10657416E-002    -0.81282805E-003
     0.63072939E+000    -0.11550471E-002    -0.36506726E-003    -0.30082655E+001     0.11746570E+001    -0.10558290E-002    -0.82028169E-003
     0.63148930E+000    -0.11435323E-002    -0.37888114E-003    -0.29992369E+001     0.11632369E+001    -0.10458252E-002    -0.82762825E-003
     0.63224922E+000    -0.11318290E-002    -0.39232519E-003    -0.29902341E+001     0.11519604E+001    -0.10357312E-002    -0.83486438E-003
     0.63300913E+000    -0.11199503E-002    -0.40539875E-003    -0.29812580E+001     0.11408255E+001    -0.10255482E-002    -0.84198677E-003
     0.63376905E+000    -0.11079089E-002    -0.41810161E-003    -0.29723093E+001     0.11298302E+001    -0.10152775E-002    -0.84899214E-003
     0.63452896E+000    -0.10957173E-002    -0.43043402E-003    -0.29633887E+001     0.11189725E+001    -0.10049205E-002    -0.85587728E-003
     0.63528888E+000    -0.10833880E-002    -0.44239666E-003    -0.29544971E+001     0.11082503E+001    -0.99447873E-003    -0.86263902E-003
     0.63604879E+000    -0.10709330E-002    -0.45399063E-003    -0.29456351E+001     0.10976617E+001    -0.98395408E-003    -0.86927426E-003
     0.63680871E+000    -0.10583643E-002    -0.46521741E-003    -0.29368033E+001     0.10872048E+001    -0.97334841E-003    -0.87577997E-003
     0.63756862E+000    -0.10456933E-002    -0.47607887E-003    -0.29280024E+001     0.10768775E+001    -0.96266376E-003    -0.88215320E-003
     0.63832854E+000    -0.10329315E-002    -0.48657723E-003    -0.29192329E+001     0.10666780E+001    -0.95190234E-003    -0.88839108E-003
     0.63908845E+000    -0.10200899E-002    -0.49671503E-003    -0.29104955E+001     0.10566043E+001    -0.94106645E-003    -0.89449081E-003
     0.63984837E+000    -0.10071792E-002    -0.50649516E-003    -0.29017907E+001     0.10466547E+001    -0.93015853E-003    -0.90044969E-003
     0.64060828E+000    -0.99420999E-003    -0.51592077E-003    -0.28931189E+001     0.10368273E+001    -0.91918117E-003    -0.90626512E-003
     0.64136820E+000    -0.98119233E-003    -0.52499531E-003    -0.28844807E+001     0.10271202E+001    -0.90813704E-003    -0.91193459E-003
     0.64212811E+000    -0.96813612E-003    -0.53372247E-003    -0.28758765E+001     0.10175317E+001    -0.89702893E-003    -0.91745570E-003
     0.64288802E+000    -0.95505093E-003    -0.54210619E-003    -0.28673067E+001     0.10080599E+001    -0.88585975E-003    -0.92282614E-003
     0.64364794E+000    -0.94194604E-003    -0.55015062E-003    -0.28587717E+001     0.99870319E+000    -0.87463250E-003    -0.92804372E-003
     0.64440785E+000    -0.92883041E-003    -0.55786015E-003    -0.28502719E+001     0.98945976E+000    -0.86335028E-003    -0.93310636E-003
     0.64516777E+000    -0.91571271E-003    -0.56523933E-003    -0.28418076E+001     0.98032792E+000    -0.85201627E-003    -0.93801211E-003
     0.64592768E+000    -0.90260132E-003    -0.57229292E-003    -0.28333792E+001     0.97130599E+000    -0.84063376E-003    -0.94275912E-003
     0.64668760E+000    -0.88950427E-003    -0.57902584E-003    -0.28249869E+001     0.96239231E+000    -0.82920609E-003    -0.94734566E-003
     0.64744751E+000    -0.87642931E-003    -0.58544313E-003    -0.28166311E+001     0.95358525E+000    -0.81773669E-003    -0.95177015E-003
     0.64820743E+000    -0.86338389E-003    -0.59154996E-003    -0.28083119E+001     0.94488319E+000    -0.80622905E-003    -0.95603112E-003
     0.64896734E+000    -0.85037518E-003    -0.59735162E-003    -0.28000296E+001     0.93628456E+000    -0.79468672E-003    -0.96012721E-003
     0.64972726E+000    -0.83741008E-003    -0.60285351E-003    -0.27917844E+001     0.92778778E+000    -0.78311333E-003    -0.96405722E-003
     0.65048717E+000    -0.82449518E-003    -0.60806114E-003    -0.27835765E+001     0.91939132E+000    -0.77151253E-003    -0.96782008E-003
     0.65124709E+000    -0.81163679E-003    -0.61298009E-003    -0.27754060E+001     0.91109366E+000    -0.75988803E-003    -0.97141482E-003
     0.65200700E+000    -0.79884095E-003    -0.61761603E-003    -0.27672732E+001     0.90289330E+000    -0.74824358E-003    -0.97484065E-003
     0.65276692E+000    -0.78611340E-003    -0.62197465E-003    -0.27591781E+001     0.89478878E+000    -0.73658296E-003    -0.97809689E-003
     0.65352683E+000    -0.77345964E-003    -0.62606173E-003    -0.27511208E+001     0.88677865E+000    -0.72490997E-003    -0.98118300E-003
     0.65428675E+000    -0.76088490E-003    -0.62988306E-003    -0.27431015E+001     0.87886149E+000    -0.71322844E-003    -0.98409858E-003
     0.65504666E+000    -0.74839416E-003    -0.63344448E-003    -0.27351202E+001     0.87103589E+000    -0.70154223E-003    -0.98684336E-003
     0.65580658E+000    -0.73599214E-003    -0.63675185E-003    -0.27271770E+001     0.86330049E+000    -0.68985518E-003    -0.98941722E-003
     0.65656649E+000    -0.72368333E-003    -0.63981104E-003    -0.27192720E+001     0.85565392E+000    -0.67817115E-003    -0.99182016E-003
     0.65732641E+000    -0.71147198E-003    -0.64262796E-003    -0.27114051E+001     0.84809486E+000    -0.66649400E-003    -0.99405233E-003
     0.65808632E+000    -0.69936206E-003    -0.64520849E-003    -0.27035764E+001     0.84062199E+000    -0.65482758E-003    -0.99611401E-003
     0.65884624E+000    -0.68735738E-003    -0.64755850E-003    -0.26957860E+001     0.83323403E+000    -0.64317571E-003    -0.99800563E-003
     0.65960615E+000    -0.67546147E-003    -0.64968388E-003    -0.26880337E+001     0.82592972E+000    -0.63154223E-003    -0.99972772E-003
     0.66036607E+000    -0.66367767E-003    -0.65159047E-003    -0.26803196E+001     0.81870782E+000    -0.61993091E-003    -0.10012810E-002
     0.66112598E+000    -0.65200910E-003    -0.65328412E-003    -0.26726437E+001     0.81156709E+000    -0.60834552E-003    -0.10026662E-002
     0.66188590E+000    -0.64045868E-003    -0.65477062E-003    -0.26650060E+001     0.80450635E+000    -0.59678979E-003    -0.10038843E-002
     0.66264581E+000    -0.62902912E-003    -0.65605574E-003    -0.26574063E+001     0.79752442E+000    -0.58526739E-003    -0.10049364E-002
     0.66340573E+000    -0.61772294E-003    -0.65714521E-003    -0.26498446E+001     0.79062013E+000    -0.57378197E-003    -0.10058237E-002
     0.66416564E+000    -0.60654249E-003    -0.65804473E-003    -0.26423209E+001     0.78379235E+000    -0.56233711E-003    -0.10065475E-002
     0.66492556E+000    -0.59548991E-003    -0.65875995E-003    -0.26348351E+001     0.77703997E+000    -0.55093635E-003    -0.10071092E-002
     0.66568547E+000    -0.58456715E-003    -0.65929647E-003    -0.26273870E+001     0.77036189E+000    -0.53958316E-003    -0.10075103E-002
     0.66644539E+000    -0.57377602E-003    -0.65965985E-003    -0.26199767E+001     0.76375703E+000    -0.52828093E-003    -0.10077525E-002
     0.66720530E+000    -0.56311812E-003    -0.65985556E-003    -0.26126040E+001     0.75722433E+000    -0.51703301E-003    -0.10078377E-002
     0.66796522E+000    -0.55259492E-003    -0.65988902E-003    -0.26052689E+001     0.75076276E+000    -0.50584266E-003    -0.10077675E-002
     0.66872513E+000    -0.54220772E-003    -0.65976561E-003    -0.25979711E+001     0.74437130E+000    -0.49471307E-003    -0.10075441E-002
     0.66948505E+000    -0.53195767E-003    -0.65949062E-003    -0.25907106E+001     0.73804895E+000    -0.48364733E-003    -0.10071694E-002
     0.67024496E+000    -0.52184578E-003    -0.65906930E-003    -0.25834873E+001     0.73179473E+000    -0.47264846E-003    -0.10066457E-002
     0.67100488E+000    -0.51187289E-003    -0.65850680E-003    -0.25763010E+001     0.72560767E+000    -0.46171940E-003    -0.10059751E-002
     0.67176479E+000    -0.50203972E-003    -0.65780821E-003    -0.25691516E+001     0.71948682E+000    -0.45086299E-003    -0.10051601E-002
     0.67252471E+000    -0.49234687E-003    -0.65697855E-003    -0.25620390E+001     0.71343126E+000    -0.44008196E-003    -0.10042029E-002
     0.67328462E+000    -0.48279479E-003    -0.65602277E-003    -0.25549630E+001     0.70744007E+000    -0.42937898E-003    -0.10031062E-002
     0.67404454E+000    -0.47338381E-003    -0.65494573E-003    -0.25479235E+001     0.70151237E+000    -0.41875659E-003    -0.10018724E-002
     0.67480445E+000    -0.46411415E-003    -0.65375224E-003    -0.25409204E+001     0.69564726E+000    -0.40821724E-003    -0.10005042E-002
     0.67556437E+000    -0.45498589E-003    -0.65244700E-003    -0.25339534E+001     0.68984389E+000    -0.39776329E-003    -0.99900418E-003
     0.67632428E+000    -0.44599901E-003    -0.65103464E-003    -0.25270225E+001     0.68410141E+000    -0.38739697E-003    -0.99737515E-003
     0.67708420E+000    -0.43715338E-003    -0.64951970E-003    -0.25201275E+001     0.67841899E+000    -0.37712042E-003    -0.99561987E-003
     0.67784411E+000    -0.42844879E-003    -0.64790665E-003    -0.25132682E+001     0.67279580E+000    -0.36693569E-003    -0.99374117E-003
     0.67860403E+000    -0.41988489E-003    -0.64619989E-003    -0.25064444E+001     0.66723105E+000    -0.35684469E-003    -0.99174192E-003
     0.67936394E+000    -0.41146127E-003    -0.64440369E-003    -0.24996561E+001     0.66172395E+000    -0.34684925E-003    -0.98962500E-003
     0.68012386E+000    -0.40317740E-003    -0.64252228E-003    -0.24929030E+001     0.65627373E+000    -0.33695108E-003    -0.98739337E-003
     0.68088377E+000    -0.39503269E-003    -0.64055977E-003    -0.24861849E+001     0.65087962E+000    -0.32715178E-003    -0.98504997E-003
     0.68164369E+000    -0.38702644E-003    -0.63852022E-003    -0.24795018E+001     0.64554088E+000    -0.31745286E-003    -0.98259779E-003
     0.68240360E+000    -0.37915789E-003    -0.63640760E-003    -0.24728534E+001     0.64025678E+000    -0.30785571E-003    -0.98003983E-003
     0.68316352E+000    -0.37142618E-003    -0.63422575E-003    -0.24662395E+001     0.63502659E+000    -0.29836160E-003    -0.97737909E-003
     0.68392343E+000    -0.36383039E-003    -0.63197846E-003    -0.24596601E+001     0.62984961E+000    -0.28897173E-003    -0.97461860E-003
     0.68468335E+000    -0.35636953E-003    -0.62966942E-003    -0.24531149E+001     0.62472514E+000    -0.27968717E-003    -0.97176136E-003
     0.68544326E+000    -0.34904256E-003    -0.62730225E-003    -0.24466037E+001     0.61965250E+000    -0.27050889E-003    -0.96881041E-003
     0.68620318E+000    -0.34184835E-003    -0.62488047E-003    -0.24401264E+001     0.61463102E+000    -0.26143777E-003    -0.96576876E-003
     0.68696309E+000    -0.33478572E-003    -0.62240751E-003    -0.24336828E+001     0.60966003E+000    -0.25247458E-003    -0.96263942E-003
     0.68772301E+000    -0.32785342E-003    -0.61988673E-003    -0.24272727E+001     0.60473890E+000    -0.24361999E-003    -0.95942537E-003
     0.68848292E+000    -0.32105018E-003    -0.61732138E-003    -0.24208960E+001     0.59986698E+000    -0.23487458E-003    -0.95612960E-003
     0.68924284E+000    -0.31437464E-003    -0.61471465E-003    -0.24145525E+001     0.59504365E+000    -0.22623884E-003    -0.95275507E-003
     0.69000275E+000    -0.30782542E-003    -0.61206963E-003    -0.24082420E+001     0.59026828E+000    -0.21771316E-003    -0.94930471E-003
     0.69076267E+000    -0.30140108E-003    -0.60938933E-003    -0.24019643E+001     0.58554028E+000    -0.20929785E-003    -0.94578143E-003
     0.69152258E+000    -0.29510014E-003    -0.60667667E-003    -0.23957193E+001     0.58085905E+000    -0.20099312E-003    -0.94218811E-003
     0.69228249E+000    -0.28892109E-003    -0.60393449E-003    -0.23895068E+001     0.57622400E+000    -0.19279911E-003    -0.93852761E-003
     0.69304241E+000    -0.28286237E-003    -0.60116555E-003    -0.23833266E+001     0.57163455E+000    -0.18471587E-003    -0.93480273E-003
     0.69380232E+000    -0.27692238E-003    -0.59837252E-003    -0.23771786E+001     0.56709015E+000    -0.17674336E-003    -0.93101626E-003
     0.69456224E+000    -0.27109950E-003    -0.59555800E-003    -0.23710625E+001     0.56259023E+000    -0.16888148E-003    -0.92717094E-003
     0.69532215E+000    -0.26539208E-003    -0.59272448E-003    -0.23649782E+001     0.55813424E+000    -0.16113005E-003    -0.92326945E-003
     0.69608207E+000    -0.25979844E-003    -0.58987440E-003    -0.23589256E+001     0.55372165E+000    -0.15348883E-003    -0.91931445E-003
     0.69684198E+000    -0.25431689E-003    -0.58701009E-003    -0.23529044E+001     0.54935192E+000    -0.14595749E-003    -0.91530856E-003
     0.69760190E+000    -0.24894570E-003    -0.58413383E-003    -0.23469145E+001     0.54502453E+000    -0.13853565E-003    -0.91125432E-003
     0.69836181E+000    -0.24368314E-003    -0.58124782E-003    -0.23409558E+001     0.54073896E+000    -0.13122287E-003    -0.90715427E-003
     0.69912173E+000    -0.23852744E-003    -0.57835416E-003    -0.23350279E+001     0.53649472E+000    -0.12401863E-003    -0.90301085E-003
     0.69988164E+000    -0.23347682E-003    -0.57545490E-003    -0.23291309E+001     0.53229129E+000    -0.11692237E-003    -0.89882648E-003
     0.70064156E+000    -0.22852951E-003    -0.57255200E-003    -0.23232645E+001     0.52812820E+000    -0.10993349E-003    -0.89460352E-003
     0.70140147E+000    -0.22368369E-003    -0.56964735E-003    -0.23174286E+001     0.52400495E+000    -0.10305130E-003    -0.89034428E-003
     0.70216139E+000    -0.21893755E-003    -0.56674276E-003    -0.23116229E+001     0.51992107E+000    -0.96275095E-004    -0.88605102E-003
     0.70292130E+000    -0.21428929E-003    -0.56383998E-003    -0.23058473E+001     0.51587609E+000    -0.89604112E-004    -0.88172592E-003
     0.70368122E+000    -0.20973707E-003    -0.56094069E-003    -0.23001017E+001     0.51186955E+000    -0.83037546E-004    -0.87737114E-003
     0.70444113E+000    -0.20527907E-003    -0.55804649E-003    -0.22943859E+001     0.50790099E+000    -0.76574553E-004    -0.87298876E-003
     0.70520105E+000    -0.20091346E-003    -0.55515891E-003    -0.22886998E+001     0.50396997E+000    -0.70214250E-004    -0.86858082E-003
     0.70596096E+000    -0.19663841E-003    -0.55227941E-003    -0.22830430E+001     0.50007605E+000    -0.63955720E-004    -0.86414931E-003
     0.70672088E+000    -0.19245209E-003    -0.54940939E-003    -0.22774156E+001     0.49621878E+000    -0.57798016E-004    -0.85969613E-003
     0.70748079E+000    -0.18835269E-003    -0.54655020E-003    -0.22718174E+001     0.49239775E+000    -0.51740157E-004    -0.85522316E-003
     0.70824071E+000    -0.18433837E-003    -0.54370310E-003    -0.22662481E+001     0.48861252E+000    -0.45781138E-004    -0.85073222E-003
     0.70900062E+000    -0.18040733E-003    -0.54086932E-003    -0.22607077E+001     0.48486269E+000    -0.39919927E-004    -0.84622505E-003
     0.70976054E+000    -0.17655774E-003    -0.53804998E-003    -0.22551959E+001     0.48114784E+000    -0.34155471E-004    -0.84170337E-003
     0.71052045E+000    -0.17278783E-003    -0.53524618E-003    -0.22497126E+001     0.47746756E+000    -0.28486694E-004    -0.83716882E-003
     0.71128037E+000    -0.16909580E-003    -0.53245894E-003    -0.22442577E+001     0.47382146E+000    -0.22912505E-004    -0.83262300E-003
     0.71204028E+000    -0.16547987E-003    -0.52968925E-003    -0.22388310E+001     0.47020915E+000    -0.17431794E-004    -0.82806745E-003
     0.71280020E+000    -0.16193829E-003    -0.52693802E-003    -0.22334324E+001     0.46663024E+000    -0.12043437E-004    -0.82350366E-003
     0.71356011E+000    -0.15846928E-003    -0.52420612E-003    -0.22280616E+001     0.46308434E+000    -0.67462980E-005    -0.81893307E-003
     0.71432003E+000    -0.15507113E-003    -0.52149435E-003    -0.22227186E+001     0.45957108E+000    -0.15392315E-005    -0.81435706E-003
     0.71507994E+000    -0.15174210E-003    -0.51880346E-003    -0.22174031E+001     0.45609008E+000     0.35789183E-005    -0.80977699E-003
     0.71583986E+000    -0.14848049E-003    -0.51613418E-003    -0.22121151E+001     0.45264099E+000     0.86093137E-005    -0.80519412E-003
     0.71659977E+000    -0.14528461E-003    -0.51348715E-003    -0.22068544E+001     0.44922344E+000     0.13553123E-004    -0.80060971E-003
     0.71735969E+000    -0.14215278E-003    -0.51086299E-003    -0.22016208E+001     0.44583706E+000     0.18411517E-004    -0.79602495E-003
     0.71811960E+000    -0.13908335E-003    -0.50826226E-003    -0.21964142E+001     0.44248152E+000     0.23185671E-004    -0.79144098E-003
     0.71887952E+000    -0.13607469E-003    -0.50568547E-003    -0.21912345E+001     0.43915646E+000     0.27876760E-004    -0.78685891E-003
     0.71963943E+000    -0.13312519E-003    -0.50313310E-003    -0.21860814E+001     0.43586154E+000     0.32485960E-004    -0.78227979E-003
     0.72039935E+000    -0.13023325E-003    -0.50060558E-003    -0.21809549E+001     0.43259642E+000     0.37014445E-004    -0.77770464E-003
     0.72115926E+000    -0.12739732E-003    -0.49810331E-003    -0.21758547E+001     0.42936077E+000     0.41463386E-004    -0.77313443E-003
     0.72191918E+000    -0.12461582E-003    -0.49562664E-003    -0.21707809E+001     0.42615427E+000     0.45833950E-004    -0.76857008E-003
     0.72267909E+000    -0.12188724E-003    -0.49317588E-003    -0.21657331E+001     0.42297658E+000     0.50127300E-004    -0.76401250E-003
     0.72343901E+000    -0.11921007E-003    -0.49075130E-003    -0.21607113E+001     0.41982739E+000     0.54344595E-004    -0.75946253E-003
     0.72419892E+000    -0.11658282E-003    -0.48835314E-003    -0.21557153E+001     0.41670637E+000     0.58486984E-004    -0.75492098E-003
     0.72495884E+000    -0.11400404E-003    -0.48598160E-003    -0.21507450E+001     0.41361323E+000     0.62555611E-004    -0.75038864E-003
     0.72571875E+000    -0.11147229E-003    -0.48363686E-003    -0.21458003E+001     0.41054765E+000     0.66551610E-004    -0.74586624E-003
     0.72647867E+000    -0.10898618E-003    -0.48131903E-003    -0.21408809E+001     0.40750933E+000     0.70476109E-004    -0.74135449E-003
     0.72723858E+000    -0.10654431E-003    -0.47902825E-003    -0.21359868E+001     0.40449796E+000     0.74330223E-004    -0.73685407E-003
     0.72799850E+000    -0.10414531E-003    -0.47676458E-003    -0.21311178E+001     0.40151326E+000     0.78115060E-004    -0.73236561E-003
     0.72875841E+000    -0.10178786E-003    -0.47452807E-003    -0.21262738E+001     0.39855493E+000     0.81831715E-004    -0.72788972E-003
     0.72951833E+000    -0.99470644E-004    -0.47231873E-003    -0.21214547E+001     0.39562268E+000     0.85481271E-004    -0.72342699E-003
     0.73027824E+000    -0.97192370E-004    -0.47013656E-003    -0.21166602E+001     0.39271623E+000     0.89064803E-004    -0.71897796E-003
     0.73103816E+000    -0.94951786E-004    -0.46798152E-003    -0.21118903E+001     0.38983530E+000     0.92583371E-004    -0.71454316E-003
     0.73179807E+000    -0.92747652E-004    -0.46585355E-003    -0.21071449E+001     0.38697961E+000     0.96038023E-004    -0.71012308E-003
     0.73255799E+000    -0.90578756E-004    -0.46375258E-003    -0.21024238E+001     0.38414889E+000     0.99429794E-004    -0.70571819E-003
     0.73331790E+000    -0.88443913E-004    -0.46167850E-003    -0.20977268E+001     0.38134286E+000     0.10275971E-003    -0.70132892E-003
     0.73407782E+000    -0.86341960E-004    -0.45963117E-003    -0.20930539E+001     0.37856126E+000     0.10602877E-003    -0.69695571E-003
     0.73483773E+000    -0.84271765E-004    -0.45761045E-003    -0.20884048E+001     0.37580383E+000     0.10923798E-003    -0.69259894E-003
     0.73559765E+000    -0.82232221E-004    -0.45561617E-003    -0.20837796E+001     0.37307031E+000     0.11238832E-003    -0.68825898E-003
     0.73635756E+000    -0.80222243E-004    -0.45364814E-003    -0.20791780E+001     0.37036044E+000     0.11548075E-003    -0.68393619E-003
     0.73711748E+000    -0.78240771E-004    -0.45170616E-003    -0.20745999E+001     0.36767396E+000     0.11851623E-003    -0.67963090E-003
     0.73787739E+000    -0.76286771E-004    -0.44979000E-003    -0.20700451E+001     0.36501064E+000     0.12149571E-003    -0.67534341E-003
     0.73863731E+000    -0.74359238E-004    -0.44789943E-003    -0.20655137E+001     0.36237021E+000     0.12442010E-003    -0.67107402E-003
     0.73939722E+000    -0.72457191E-004    -0.44603419E-003    -0.20610053E+001     0.35975245E+000     0.12729031E-003    -0.66682300E-003
     0.74015714E+000    -0.70579674E-004    -0.44419402E-003    -0.20565200E+001     0.35715709E+000     0.13010725E-003    -0.66259059E-003
     0.74091705E+000    -0.68725746E-004    -0.44237864E-003    -0.20520575E+001     0.35458392E+000     0.13287180E-003    -0.65837705E-003
     0.74167696E+000    -0.66894492E-004    -0.44058776E-003    -0.20476178E+001     0.35203269E+000     0.13558483E-003    -0.65418260E-003
     0.74243688E+000    -0.65085023E-004    -0.43882107E-003    -0.20432006E+001     0.34950317E+000     0.13824719E-003    -0.65000742E-003
     0.74319679E+000    -0.63296474E-004    -0.43707824E-003    -0.20388060E+001     0.34699514E+000     0.14085972E-003    -0.64585173E-003
     0.74395671E+000    -0.61528006E-004    -0.43535896E-003    -0.20344338E+001     0.34450837E+000     0.14342326E-003    -0.64171570E-003
     0.74471662E+000    -0.59778802E-004    -0.43366287E-003    -0.20300838E+001     0.34204262E+000     0.14593861E-003    -0.63759948E-003
     0.74547654E+000    -0.58048066E-004    -0.43198962E-003    -0.20257559E+001     0.33959770E+000     0.14840657E-003    -0.63350323E-003
     0.74623645E+000    -0.56335028E-004    -0.43033887E-003    -0.20214500E+001     0.33717337E+000     0.15082794E-003    -0.62942710E-003
     0.74699637E+000    -0.54638941E-004    -0.42871023E-003    -0.20171660E+001     0.33476942E+000     0.15320348E-003    -0.62537119E-003
     0.74775628E+000    -0.52959081E-004    -0.42710334E-003    -0.20129038E+001     0.33238564E+000     0.15553395E-003    -0.62133564E-003
     0.74851620E+000    -0.51294746E-004    -0.42551782E-003    -0.20086632E+001     0.33002182E+000     0.15782011E-003    -0.61732055E-003
     0.74927611E+000    -0.49645259E-004    -0.42395327E-003    -0.20044441E+001     0.32767775E+000     0.16006267E-003    -0.61332600E-003
     0.75003603E+000    -0.48009960E-004    -0.42240931E-003    -0.20002465E+001     0.32535323E+000     0.16226238E-003    -0.60935208E-003
     0.75079594E+000    -0.46388202E-004    -0.42088555E-003    -0.19960701E+001     0.32304806E+000     0.16441992E-003    -0.60539888E-003
     0.75155586E+000    -0.44779364E-004    -0.41938158E-003    -0.19919149E+001     0.32076204E+000     0.16653601E-003    -0.60146645E-003
     0.75231577E+000    -0.43182851E-004    -0.41789698E-003    -0.19877807E+001     0.31849496E+000     0.16861132E-003    -0.59755486E-003
     0.75307569E+000    -0.41598088E-004    -0.41643135E-003    -0.19836675E+001     0.31624665E+000     0.17064652E-003    -0.59366415E-003
     0.75383560E+000    -0.40024519E-004    -0.41498428E-003    -0.19795751E+001     0.31401690E+000     0.17264227E-003    -0.58979436E-003
     0.75459552E+000    -0.38461603E-004    -0.41355535E-003    -0.19755034E+001     0.31180552E+000     0.17459923E-003    -0.58594554E-003
     0.75535543E+000    -0.36908820E-004    -0.41214413E-003    -0.19714523E+001     0.30961233E+000     0.17651803E-003    -0.58211771E-003
     0.75611535E+000    -0.35365671E-004    -0.41075021E-003    -0.19674217E+001     0.30743714E+000     0.17839929E-003    -0.57831089E-003
     0.75687526E+000    -0.33831680E-004    -0.40937316E-003    -0.19634115E+001     0.30527977E+000     0.18024362E-003    -0.57452511E-003
     0.75763518E+000    -0.32306386E-004    -0.40801256E-003    -0.19594215E+001     0.30314004E+000     0.18205164E-003    -0.57076035E-003
     0.75839509E+000    -0.30789345E-004    -0.40666799E-003    -0.19554517E+001     0.30101777E+000     0.18382393E-003    -0.56701665E-003
     0.75915501E+000    -0.29280128E-004    -0.40533902E-003    -0.19515019E+001     0.29891279E+000     0.18556108E-003    -0.56329398E-003
     0.75991492E+000    -0.27778326E-004    -0.40402522E-003    -0.19475721E+001     0.29682491E+000     0.18726366E-003    -0.55959235E-003
     0.76067484E+000    -0.26283555E-004    -0.40272617E-003    -0.19436620E+001     0.29475398E+000     0.18893223E-003    -0.55591174E-003
     0.76143475E+000    -0.24795438E-004    -0.40144144E-003    -0.19397717E+001     0.29269981E+000     0.19056734E-003    -0.55225214E-003
     0.76219467E+000    -0.23313610E-004    -0.40017063E-003    -0.19359010E+001     0.29066225E+000     0.19216953E-003    -0.54861353E-003
     0.76295458E+000    -0.21837735E-004    -0.39891329E-003    -0.19320498E+001     0.28864112E+000     0.19373934E-003    -0.54499589E-003
     0.76371450E+000    -0.20367488E-004    -0.39766901E-003    -0.19282180E+001     0.28663626E+000     0.19527730E-003    -0.54139918E-003
     0.76447441E+000    -0.18902560E-004    -0.39643738E-003    -0.19244054E+001     0.28464751E+000     0.19678391E-003    -0.53782338E-003
     0.76523433E+000    -0.17442653E-004    -0.39521797E-003    -0.19206121E+001     0.28267472E+000     0.19825968E-003    -0.53426845E-003
     0.76599424E+000    -0.15987491E-004    -0.39401037E-003    -0.19168378E+001     0.28071771E+000     0.19970511E-003    -0.53073435E-003
     0.76675416E+000    -0.14536815E-004    -0.39281416E-003    -0.19130825E+001     0.27877635E+000     0.20112069E-003    -0.52722104E-003
     0.76751407E+000    -0.13090378E-004    -0.39162895E-003    -0.19093461E+001     0.27685046E+000     0.20250689E-003    -0.52372847E-003
     0.76827399E+000    -0.11647947E-004    -0.39045433E-003    -0.19056284E+001     0.27493991E+000     0.20386420E-003    -0.52025661E-003
     0.76903390E+000    -0.10209294E-004    -0.38928991E-003    -0.19019294E+001     0.27304454E+000     0.20519306E-003    -0.51680539E-003
     0.76979382E+000    -0.87742019E-005    -0.38813528E-003    -0.18982490E+001     0.27116420E+000     0.20649395E-003    -0.51337477E-003
     0.77055373E+000    -0.73424790E-005    -0.38699005E-003    -0.18945871E+001     0.26929874E+000     0.20776730E-003    -0.50996469E-003
     0.77131365E+000    -0.59139501E-005    -0.38585383E-003    -0.18909435E+001     0.26744803E+000     0.20901355E-003    -0.50657509E-003
     0.77207356E+000    -0.44884456E-005    -0.38472624E-003    -0.18873182E+001     0.26561191E+000     0.21023315E-003    -0.50320591E-003
     0.77283348E+000    -0.30658063E-005    -0.38360690E-003    -0.18837110E+001     0.26379025E+000     0.21142651E-003    -0.49985710E-003
     0.77359339E+000    -0.16458821E-005    -0.38249544E-003    -0.18801220E+001     0.26198290E+000     0.21259406E-003    -0.49652858E-003
     0.77435331E+000    -0.22853906E-006    -0.38139148E-003    -0.18765509E+001     0.26018973E+000     0.21373621E-003    -0.49322030E-003
     0.77511322E+000     0.11863431E-005    -0.38029465E-003    -0.18729977E+001     0.25841060E+000     0.21485336E-003    -0.48993218E-003
     0.77587314E+000     0.25988750E-005    -0.37920461E-003    -0.18694623E+001     0.25664537E+000     0.21594591E-003    -0.48666415E-003
     0.77663305E+000     0.40091600E-005    -0.37812099E-003    -0.18659446E+001     0.25489392E+000     0.21701425E-003    -0.48341616E-003
     0.77739297E+000     0.54172901E-005    -0.37704345E-003    -0.18624445E+001     0.25315611E+000     0.21805877E-003    -0.48018811E-003
     0.77815288E+000     0.68233479E-005    -0.37597164E-003    -0.18589619E+001     0.25143180E+000     0.21907984E-003    -0.47697995E-003
     0.77891280E+000     0.82274057E-005    -0.37490521E-003    -0.18554967E+001     0.24972088E+000     0.22007785E-003    -0.47379160E-003
     0.77967271E+000     0.96295169E-005    -0.37384384E-003    -0.18520489E+001     0.24802321E+000     0.22105316E-003    -0.47062297E-003
     0.78043263E+000     0.11029725E-004    -0.37278720E-003    -0.18486182E+001     0.24633867E+000     0.22200612E-003    -0.46747399E-003
     0.78119254E+000     0.12428075E-004    -0.37173498E-003    -0.18452047E+001     0.24466713E+000     0.22293710E-003    -0.46434459E-003
     0.78195246E+000     0.13824605E-004    -0.37068686E-003    -0.18418083E+001     0.24300847E+000     0.22384644E-003    -0.46123469E-003
     0.78271237E+000     0.15219345E-004    -0.36964255E-003    -0.18384288E+001     0.24136257E+000     0.22473450E-003    -0.45814420E-003
     0.78347229E+000     0.16612316E-004    -0.36860172E-003    -0.18350662E+001     0.23972930E+000     0.22560160E-003    -0.45507304E-003
     0.78423220E+000     0.18003522E-004    -0.36756410E-003    -0.18317204E+001     0.23810856E+000     0.22644808E-003    -0.45202114E-003
     0.78499212E+000     0.19392963E-004    -0.36652937E-003    -0.18283913E+001     0.23650021E+000     0.22727427E-003    -0.44898840E-003
     0.78575203E+000     0.20780631E-004    -0.36549728E-003    -0.18250788E+001     0.23490416E+000     0.22808049E-003    -0.44597474E-003
     0.78651195E+000     0.22166513E-004    -0.36446754E-003    -0.18217828E+001     0.23332027E+000     0.22886706E-003    -0.44298009E-003
     0.78727186E+000     0.23550587E-004    -0.36343989E-003    -0.18185032E+001     0.23174844E+000     0.22963430E-003    -0.44000435E-003
     0.78803178E+000     0.24932836E-004    -0.36241408E-003    -0.18152400E+001     0.23018856E+000     0.23038251E-003    -0.43704743E-003
     0.78879169E+000     0.26313233E-004    -0.36138984E-003    -0.18119931E+001     0.22864050E+000     0.23111199E-003    -0.43410926E-003
     0.78955161E+000     0.27691738E-004    -0.36036692E-003    -0.18087623E+001     0.22710418E+000     0.23182305E-003    -0.43118974E-003
     0.79031152E+000     0.29068308E-004    -0.35934507E-003    -0.18055477E+001     0.22557947E+000     0.23251598E-003    -0.42828879E-003
     0.79107143E+000     0.30442891E-004    -0.35832407E-003    -0.18023491E+001     0.22406626E+000     0.23319107E-003    -0.42540632E-003
     0.79183135E+000     0.31815428E-004    -0.35730369E-003    -0.17991664E+001     0.22256446E+000     0.23384860E-003    -0.42254223E-003
     0.79259126E+000     0.33185856E-004    -0.35628370E-003    -0.17959995E+001     0.22107396E+000     0.23448885E-003    -0.41969645E-003
     0.79335118E+000     0.34554113E-004    -0.35526389E-003    -0.17928485E+001     0.21959464E+000     0.23511211E-003    -0.41686887E-003
     0.79411109E+000     0.35920136E-004    -0.35424407E-003    -0.17897131E+001     0.21812642E+000     0.23571865E-003    -0.41405942E-003
     0.79487101E+000     0.37283854E-004    -0.35322403E-003    -0.17865934E+001     0.21666919E+000     0.23630872E-003    -0.41126799E-003
     0.79563092E+000     0.38645191E-004    -0.35220357E-003    -0.17834891E+001     0.21522285E+000     0.23688261E-003    -0.40849450E-003
     0.79639084E+000     0.40004070E-004    -0.35118250E-003    -0.17804004E+001     0.21378729E+000     0.23744057E-003    -0.40573886E-003
     0.79715075E+000     0.41360406E-004    -0.35016065E-003    -0.17773270E+001     0.21236243E+000     0.23798285E-003    -0.40300098E-003
     0.79791067E+000     0.42714108E-004    -0.34913783E-003    -0.17742689E+001     0.21094816E+000     0.23850971E-003    -0.40028076E-003
     0.79867058E+000     0.44065082E-004    -0.34811387E-003    -0.17712260E+001     0.20954438E+000     0.23902139E-003    -0.39757812E-003
     0.79943050E+000     0.45413225E-004    -0.34708862E-003    -0.17681983E+001     0.20815101E+000     0.23951815E-003    -0.39489296E-003
     0.80019041E+000     0.46758440E-004    -0.34606193E-003    -0.17651857E+001     0.20676795E+000     0.24000023E-003    -0.39222518E-003
     0.80095033E+000     0.48100632E-004    -0.34503366E-003    -0.17621881E+001     0.20539510E+000     0.24046786E-003    -0.38957470E-003
     0.80171024E+000     0.49439713E-004    -0.34400367E-003    -0.17592053E+001     0.20403237E+000     0.24092127E-003    -0.38694143E-003
     0.80247016E+000     0.50775579E-004    -0.34297182E-003    -0.17562375E+001     0.20267968E+000     0.24136071E-003    -0.38432527E-003
     0.80323007E+000     0.52108119E-004    -0.34193797E-003    -0.17532844E+001     0.20133692E+000     0.24178639E-003    -0.38172612E-003
     0.80398999E+000     0.53437223E-004    -0.34090201E-003    -0.17503460E+001     0.20000402E+000     0.24219855E-003    -0.37914391E-003
     0.80474990E+000     0.54762784E-004    -0.33986382E-003    -0.17474222E+001     0.19868088E+000     0.24259739E-003    -0.37657852E-003
     0.80550982E+000     0.56084695E-004    -0.33882330E-003    -0.17445130E+001     0.19736742E+000     0.24298315E-003    -0.37402988E-003
     0.80626973E+000     0.57402849E-004    -0.33778035E-003    -0.17416183E+001     0.19606355E+000     0.24335604E-003    -0.37149788E-003
     0.80702965E+000     0.58717132E-004    -0.33673485E-003    -0.17387380E+001     0.19476918E+000     0.24371626E-003    -0.36898244E-003
     0.80778956E+000     0.60027425E-004    -0.33568672E-003    -0.17358720E+001     0.19348423E+000     0.24406404E-003    -0.36648345E-003
     0.80854948E+000     0.61333621E-004    -0.33463589E-003    -0.17330203E+001     0.19220862E+000     0.24439956E-003    -0.36400084E-003
     0.80930939E+000     0.62635612E-004    -0.33358226E-003    -0.17301828E+001     0.19094226E+000     0.24472304E-003    -0.36153450E-003
     0.81006931E+000     0.63933280E-004    -0.33252577E-003    -0.17273595E+001     0.18968507E+000     0.24503467E-003    -0.35908434E-003
     0.81082922E+000     0.65226506E-004    -0.33146632E-003    -0.17245502E+001     0.18843697E+000     0.24533466E-003    -0.35665028E-003
     0.81158914E+000     0.66515169E-004    -0.33040388E-003    -0.17217549E+001     0.18719788E+000     0.24562319E-003    -0.35423220E-003
     0.81234905E+000     0.67799153E-004    -0.32933837E-003    -0.17189735E+001     0.18596771E+000     0.24590046E-003    -0.35183004E-003
     0.81310897E+000     0.69078349E-004    -0.32826977E-003    -0.17162060E+001     0.18474640E+000     0.24616666E-003    -0.34944368E-003
     0.81386888E+000     0.70352645E-004    -0.32719801E-003    -0.17134524E+001     0.18353386E+000     0.24642197E-003    -0.34707304E-003
     0.81462880E+000     0.71621929E-004    -0.32612306E-003    -0.17107124E+001     0.18233001E+000     0.24666657E-003    -0.34471803E-003
     0.81538871E+000     0.72886090E-004    -0.32504488E-003    -0.17079861E+001     0.18113479E+000     0.24690065E-003    -0.34237855E-003
     0.81614863E+000     0.74145010E-004    -0.32396342E-003    -0.17052734E+001     0.17994810E+000     0.24712439E-003    -0.34005451E-003
     0.81690854E+000     0.75398574E-004    -0.32287868E-003    -0.17025743E+001     0.17876988E+000     0.24733795E-003    -0.33774583E-003
     0.81766846E+000     0.76646678E-004    -0.32179063E-003    -0.16998886E+001     0.17760006E+000     0.24754152E-003    -0.33545240E-003
     0.81842837E+000     0.77889216E-004    -0.32069925E-003    -0.16972163E+001     0.17643855E+000     0.24773526E-003    -0.33317413E-003
     0.81918829E+000     0.79126079E-004    -0.31960452E-003    -0.16945574E+001     0.17528530E+000     0.24791934E-003    -0.33091094E-003
     0.81994820E+000     0.80357155E-004    -0.31850644E-003    -0.16919117E+001     0.17414022E+000     0.24809393E-003    -0.32866274E-003
     0.82070812E+000     0.81582339E-004    -0.31740500E-003    -0.16892793E+001     0.17300324E+000     0.24825919E-003    -0.32642942E-003
     0.82146803E+000     0.82801528E-004    -0.31630020E-003    -0.16866601E+001     0.17187429E+000     0.24841528E-003    -0.32421090E-003
     0.82222795E+000     0.84014615E-004    -0.31519205E-003    -0.16840539E+001     0.17075331E+000     0.24856236E-003    -0.32200710E-003
     0.82298786E+000     0.85221500E-004    -0.31408055E-003    -0.16814608E+001     0.16964022E+000     0.24870058E-003    -0.31981791E-003
     0.82374778E+000     0.86422087E-004    -0.31296572E-003    -0.16788806E+001     0.16853496E+000     0.24883011E-003    -0.31764326E-003
     0.82450769E+000     0.87616284E-004    -0.31184758E-003    -0.16763134E+001     0.16743745E+000     0.24895110E-003    -0.31548304E-003
     0.82526761E+000     0.88803993E-004    -0.31072614E-003    -0.16737590E+001     0.16634764E+000     0.24906368E-003    -0.31333717E-003
     0.82602752E+000     0.89985119E-004    -0.30960141E-003    -0.16712174E+001     0.16526544E+000     0.24916802E-003    -0.31120556E-003
     0.82678744E+000     0.91159566E-004    -0.30847343E-003    -0.16686886E+001     0.16419081E+000     0.24926425E-003    -0.30908811E-003
     0.82754735E+000     0.92327242E-004    -0.30734222E-003    -0.16661724E+001     0.16312367E+000     0.24935253E-003    -0.30698475E-003
     0.82830727E+000     0.93488060E-004    -0.30620782E-003    -0.16636689E+001     0.16206395E+000     0.24943299E-003    -0.30489538E-003
     0.82906718E+000     0.94641934E-004    -0.30507026E-003    -0.16611779E+001     0.16101160E+000     0.24950577E-003    -0.30281992E-003
     0.82982710E+000     0.95788778E-004    -0.30392958E-003    -0.16586994E+001     0.15996654E+000     0.24957101E-003    -0.30075826E-003
     0.83058701E+000     0.96928507E-004    -0.30278582E-003    -0.16562334E+001     0.15892873E+000     0.24962885E-003    -0.29871033E-003
     0.83134693E+000     0.98061039E-004    -0.30163904E-003    -0.16537798E+001     0.15789808E+000     0.24967942E-003    -0.29667604E-003
     0.83210684E+000     0.99186303E-004    -0.30048927E-003    -0.16513385E+001     0.15687455E+000     0.24972285E-003    -0.29465531E-003
     0.83286676E+000     0.10030423E-003    -0.29933658E-003    -0.16489095E+001     0.15585807E+000     0.24975927E-003    -0.29264803E-003
     0.83362667E+000     0.10141476E-003    -0.29818101E-003    -0.16464927E+001     0.15484858E+000     0.24978881E-003    -0.29065413E-003
     0.83438659E+000     0.10251780E-003    -0.29702260E-003    -0.16440880E+001     0.15384602E+000     0.24981160E-003    -0.28867352E-003
     0.83514650E+000     0.10361330E-003    -0.29586141E-003    -0.16416955E+001     0.15285034E+000     0.24982777E-003    -0.28670611E-003
     0.83590642E+000     0.10470117E-003    -0.29469749E-003    -0.16393151E+001     0.15186146E+000     0.24983743E-003    -0.28475182E-003
     0.83666633E+000     0.10578136E-003    -0.29353093E-003    -0.16369467E+001     0.15087934E+000     0.24984070E-003    -0.28281056E-003
     0.83742625E+000     0.10685381E-003    -0.29236178E-003    -0.16345902E+001     0.14990391E+000     0.24983771E-003    -0.28088224E-003
     0.83818616E+000     0.10791847E-003    -0.29119010E-003    -0.16322456E+001     0.14893513E+000     0.24982858E-003    -0.27896678E-003
     0.83894607E+000     0.10897528E-003    -0.29001595E-003    -0.16299129E+001     0.14797292E+000     0.24981342E-003    -0.27706410E-003
     0.83970599E+000     0.11002418E-003    -0.28883940E-003    -0.16275920E+001     0.14701724E+000     0.24979234E-003    -0.27517411E-003
     0.84046590E+000     0.11106513E-003    -0.28766052E-003    -0.16252828E+001     0.14606803E+000     0.24976546E-003    -0.27329673E-003
     0.84122582E+000     0.11209806E-003    -0.28647938E-003    -0.16229853E+001     0.14512523E+000     0.24973289E-003    -0.27143186E-003
     0.84198573E+000     0.11312295E-003    -0.28529605E-003    -0.16206994E+001     0.14418880E+000     0.24969474E-003    -0.26957944E-003
     0.84274565E+000     0.11413973E-003    -0.28411060E-003    -0.16184252E+001     0.14325866E+000     0.24965112E-003    -0.26773937E-003
     0.84350556E+000     0.11514838E-003    -0.28292312E-003    -0.16161625E+001     0.14233478E+000     0.24960214E-003    -0.26591157E-003
     0.84426548E+000     0.11614886E-003    -0.28173368E-003    -0.16139112E+001     0.14141710E+000     0.24954789E-003    -0.26409596E-003
     0.84502539E+000     0.11714113E-003    -0.28054234E-003    -0.16116714E+001     0.14050557E+000     0.24948849E-003    -0.26229245E-003
     0.84578531E+000     0.11812515E-003    -0.27934919E-003    -0.16094430E+001     0.13960012E+000     0.24942404E-003    -0.26050098E-003
     0.84654522E+000     0.11910089E-003    -0.27815431E-003    -0.16072260E+001     0.13870072E+000     0.24935463E-003    -0.25872144E-003
     0.84730514E+000     0.12006833E-003    -0.27695777E-003    -0.16050202E+001     0.13780731E+000     0.24928038E-003    -0.25695377E-003
     0.84806505E+000     0.12102744E-003    -0.27575965E-003    -0.16028257E+001     0.13691984E+000     0.24920136E-003    -0.25519787E-003
     0.84882497E+000     0.12197819E-003    -0.27456004E-003    -0.16006424E+001     0.13603825E+000     0.24911770E-003    -0.25345368E-003
     0.84958488E+000     0.12292056E-003    -0.27335902E-003    -0.15984702E+001     0.13516251E+000     0.24902946E-003    -0.25172111E-003
     0.85034480E+000     0.12385454E-003    -0.27215667E-003    -0.15963091E+001     0.13429255E+000     0.24893677E-003    -0.25000007E-003
     0.85110471E+000     0.12478011E-003    -0.27095306E-003    -0.15941591E+001     0.13342833E+000     0.24883969E-003    -0.24829050E-003
     0.85186463E+000     0.12569725E-003    -0.26974829E-003    -0.15920201E+001     0.13256981E+000     0.24873833E-003    -0.24659231E-003
     0.85262454E+000     0.12660596E-003    -0.26854242E-003    -0.15898920E+001     0.13171693E+000     0.24863278E-003    -0.24490541E-003
     0.85338446E+000     0.12750622E-003    -0.26733554E-003    -0.15877748E+001     0.13086964E+000     0.24852313E-003    -0.24322975E-003
     0.85414437E+000     0.12839802E-003    -0.26612774E-003    -0.15856685E+001     0.13002790E+000     0.24840946E-003    -0.24156522E-003
     0.85490429E+000     0.12928135E-003    -0.26491909E-003    -0.15835731E+001     0.12919165E+000     0.24829185E-003    -0.23991176E-003
     0.85566420E+000     0.13015622E-003    -0.26370969E-003    -0.15814884E+001     0.12836087E+000     0.24817041E-003    -0.23826930E-003
     0.85642412E+000     0.13102262E-003    -0.26249960E-003    -0.15794144E+001     0.12753549E+000     0.24804520E-003    -0.23663774E-003
     0.85718403E+000     0.13188055E-003    -0.26128892E-003    -0.15773511E+001     0.12671547E+000     0.24791631E-003    -0.23501702E-003
     0.85794395E+000     0.13273002E-003    -0.26007773E-003    -0.15752985E+001     0.12590077E+000     0.24778383E-003    -0.23340706E-003
     0.85870386E+000     0.13357103E-003    -0.25886609E-003    -0.15732565E+001     0.12509134E+000     0.24764783E-003    -0.23180778E-003
     0.85946378E+000     0.13440358E-003    -0.25765411E-003    -0.15712250E+001     0.12428714E+000     0.24750839E-003    -0.23021910E-003
     0.86022369E+000     0.13522768E-003    -0.25644185E-003    -0.15692040E+001     0.12348812E+000     0.24736559E-003    -0.22864096E-003
     0.86098361E+000     0.13604334E-003    -0.25522941E-003    -0.15671935E+001     0.12269423E+000     0.24721952E-003    -0.22707328E-003
     0.86174352E+000     0.13685058E-003    -0.25401685E-003    -0.15651934E+001     0.12190545E+000     0.24707023E-003    -0.22551597E-003
     0.86250344E+000     0.13764941E-003    -0.25280427E-003    -0.15632036E+001     0.12112171E+000     0.24691782E-003    -0.22396897E-003
     0.86326335E+000     0.13843985E-003    -0.25159173E-003    -0.15612243E+001     0.12034299E+000     0.24676235E-003    -0.22243221E-003
     0.86402327E+000     0.13922190E-003    -0.25037933E-003    -0.15592552E+001     0.11956923E+000     0.24660389E-003    -0.22090560E-003
     0.86478318E+000     0.13999560E-003    -0.24916713E-003    -0.15572963E+001     0.11880039E+000     0.24644253E-003    -0.21938908E-003
     0.86554310E+000     0.14076096E-003    -0.24795522E-003    -0.15553477E+001     0.11803644E+000     0.24627832E-003    -0.21788258E-003
     0.86630301E+000     0.14151801E-003    -0.24674367E-003    -0.15534092E+001     0.11727734E+000     0.24611134E-003    -0.21638601E-003
     0.86706293E+000     0.14226677E-003    -0.24553256E-003    -0.15514809E+001     0.11652303E+000     0.24594165E-003    -0.21489932E-003
     0.86782284E+000     0.14300726E-003    -0.24432197E-003    -0.15495627E+001     0.11577348E+000     0.24576934E-003    -0.21342241E-003
     0.86858276E+000     0.14373952E-003    -0.24311197E-003    -0.15476545E+001     0.11502866E+000     0.24559445E-003    -0.21195524E-003
     0.86934267E+000     0.14446357E-003    -0.24190263E-003    -0.15457563E+001     0.11428851E+000     0.24541706E-003    -0.21049772E-003
     0.87010259E+000     0.14517945E-003    -0.24069402E-003    -0.15438680E+001     0.11355301E+000     0.24523723E-003    -0.20904978E-003
     0.87086250E+000     0.14588719E-003    -0.23948623E-003    -0.15419897E+001     0.11282211E+000     0.24505502E-003    -0.20761135E-003
     0.87162242E+000     0.14658681E-003    -0.23827931E-003    -0.15401213E+001     0.11209577E+000     0.24487051E-003    -0.20618236E-003
     0.87238233E+000     0.14727836E-003    -0.23707333E-003    -0.15382627E+001     0.11137395E+000     0.24468374E-003    -0.20476275E-003
     0.87314225E+000     0.14796186E-003    -0.23586837E-003    -0.15364139E+001     0.11065662E+000     0.24449479E-003    -0.20335244E-003
     0.87390216E+000     0.14863734E-003    -0.23466450E-003    -0.15345749E+001     0.10994374E+000     0.24430371E-003    -0.20195137E-003
     0.87466208E+000     0.14930485E-003    -0.23346179E-003    -0.15327456E+001     0.10923527E+000     0.24411056E-003    -0.20055946E-003
     0.87542199E+000     0.14996443E-003    -0.23226032E-003    -0.15309260E+001     0.10853118E+000     0.24391540E-003    -0.19917665E-003
     0.87618191E+000     0.15061612E-003    -0.23106013E-003    -0.15291161E+001     0.10783141E+000     0.24371829E-003    -0.19780286E-003
     0.87694182E+000     0.15125996E-003    -0.22986131E-003    -0.15273158E+001     0.10713595E+000     0.24351928E-003    -0.19643804E-003
     0.87770174E+000     0.15189601E-003    -0.22866391E-003    -0.15255250E+001     0.10644476E+000     0.24331843E-003    -0.19508212E-003
     0.87846165E+000     0.15252429E-003    -0.22746799E-003    -0.15237438E+001     0.10575779E+000     0.24311579E-003    -0.19373502E-003
     0.87922157E+000     0.15314486E-003    -0.22627361E-003    -0.15219721E+001     0.10507501E+000     0.24291143E-003    -0.19239668E-003
     0.87998148E+000     0.15375776E-003    -0.22508084E-003    -0.15202099E+001     0.10439639E+000     0.24270539E-003    -0.19106704E-003
     0.88074140E+000     0.15436304E-003    -0.22388973E-003    -0.15184571E+001     0.10372189E+000     0.24249772E-003    -0.18974603E-003
     0.88150131E+000     0.15496073E-003    -0.22270035E-003    -0.15167136E+001     0.10305148E+000     0.24228848E-003    -0.18843358E-003
     0.88226123E+000     0.15555089E-003    -0.22151276E-003    -0.15149796E+001     0.10238511E+000     0.24207772E-003    -0.18712963E-003
     0.88302114E+000     0.15613357E-003    -0.22032701E-003    -0.15132548E+001     0.10172277E+000     0.24186549E-003    -0.18583411E-003
     0.88378106E+000     0.15670884E-003    -0.21914316E-003    -0.15115394E+001     0.10106441E+000     0.24165183E-003    -0.18454696E-003
     0.88454097E+000     0.15727672E-003    -0.21796124E-003    -0.15098332E+001     0.10041000E+000     0.24143681E-003    -0.18326812E-003
     0.88530089E+000     0.15783727E-003    -0.21678133E-003    -0.15081361E+001     0.99759506E-001     0.24122045E-003    -0.18199752E-003
     0.88606080E+000     0.15839053E-003    -0.21560347E-003    -0.15064483E+001     0.99112896E-001     0.24100283E-003    -0.18073510E-003
     0.88682072E+000     0.15893658E-003    -0.21442773E-003    -0.15047696E+001     0.98470136E-001     0.24078397E-003    -0.17948079E-003
     0.88758063E+000     0.15947545E-003    -0.21325414E-003    -0.15031001E+001     0.97831194E-001     0.24056392E-003    -0.17823454E-003
     0.88834054E+000     0.16000720E-003    -0.21208275E-003    -0.15014396E+001     0.97196038E-001     0.24034274E-003    -0.17699628E-003
     0.88910046E+000     0.16053187E-003    -0.21091362E-003    -0.14997881E+001     0.96564635E-001     0.24012046E-003    -0.17576594E-003
     0.88986037E+000     0.16104955E-003    -0.20974681E-003    -0.14981456E+001     0.95936954E-001     0.23989713E-003    -0.17454348E-003
     0.89062029E+000     0.16156027E-003    -0.20858234E-003    -0.14965121E+001     0.95312964E-001     0.23967279E-003    -0.17332882E-003
     0.89138020E+000     0.16206411E-003    -0.20742026E-003    -0.14948876E+001     0.94692633E-001     0.23944749E-003    -0.17212190E-003
     0.89214012E+000     0.16256110E-003    -0.20626061E-003    -0.14932719E+001     0.94075929E-001     0.23922127E-003    -0.17092267E-003
     0.89290003E+000     0.16305130E-003    -0.20510343E-003    -0.14916652E+001     0.93462823E-001     0.23899416E-003    -0.16973107E-003
     0.89365995E+000     0.16353476E-003    -0.20394878E-003    -0.14900672E+001     0.92853284E-001     0.23876621E-003    -0.16854702E-003
     0.89441986E+000     0.16401155E-003    -0.20279669E-003    -0.14884781E+001     0.92247282E-001     0.23853745E-003    -0.16737049E-003
     0.89517978E+000     0.16448174E-003    -0.20164720E-003    -0.14868977E+001     0.91644786E-001     0.23830794E-003    -0.16620140E-003
     0.89593969E+000     0.16494537E-003    -0.20050035E-003    -0.14853261E+001     0.91045767E-001     0.23807770E-003    -0.16503969E-003
     0.89669961E+000     0.16540249E-003    -0.19935616E-003    -0.14837632E+001     0.90450195E-001     0.23784678E-003    -0.16388532E-003
     0.89745952E+000     0.16585317E-003    -0.19821469E-003    -0.14822089E+001     0.89858042E-001     0.23761521E-003    -0.16273822E-003
     0.89821944E+000     0.16629747E-003    -0.19707597E-003    -0.14806634E+001     0.89269277E-001     0.23738302E-003    -0.16159833E-003
     0.89897935E+000     0.16673545E-003    -0.19594003E-003    -0.14791264E+001     0.88683873E-001     0.23715027E-003    -0.16046559E-003
     0.89973927E+000     0.16716717E-003    -0.19480690E-003    -0.14775980E+001     0.88101800E-001     0.23691697E-003    -0.15933995E-003
     0.90049918E+000     0.16759269E-003    -0.19367662E-003    -0.14760781E+001     0.87523031E-001     0.23668317E-003    -0.15822136E-003
     0.90125910E+000     0.16801206E-003    -0.19254921E-003    -0.14745668E+001     0.86947537E-001     0.23644890E-003    -0.15710975E-003
     0.90201901E+000     0.16842534E-003    -0.19142470E-003    -0.14730640E+001     0.86375290E-001     0.23621420E-003    -0.15600507E-003
     0.90277893E+000     0.16883260E-003    -0.19030313E-003    -0.14715696E+001     0.85806263E-001     0.23597909E-003    -0.15490726E-003
     0.90353884E+000     0.16923389E-003    -0.18918452E-003    -0.14700836E+001     0.85240429E-001     0.23574361E-003    -0.15381627E-003
     0.90429876E+000     0.16962928E-003    -0.18806890E-003    -0.14686061E+001     0.84677760E-001     0.23550780E-003    -0.15273204E-003
     0.90505867E+000     0.17001881E-003    -0.18695628E-003    -0.14671369E+001     0.84118228E-001     0.23527169E-003    -0.15165453E-003
     0.90581859E+000     0.17040256E-003    -0.18584669E-003    -0.14656760E+001     0.83561809E-001     0.23503530E-003    -0.15058366E-003
     0.90657850E+000     0.17078057E-003    -0.18474017E-003    -0.14642235E+001     0.83008474E-001     0.23479866E-003    -0.14951940E-003
     0.90733842E+000     0.17115291E-003    -0.18363673E-003    -0.14627792E+001     0.82458197E-001     0.23456182E-003    -0.14846168E-003
     0.90809833E+000     0.17151963E-003    -0.18253640E-003    -0.14613432E+001     0.81910953E-001     0.23432480E-003    -0.14741046E-003
     0.90885825E+000     0.17188080E-003    -0.18143920E-003    -0.14599155E+001     0.81366716E-001     0.23408762E-003    -0.14636567E-003
     0.90961816E+000     0.17223647E-003    -0.18034515E-003    -0.14584959E+001     0.80825459E-001     0.23385032E-003    -0.14532727E-003
     0.91037808E+000     0.17258671E-003    -0.17925426E-003    -0.14570844E+001     0.80287158E-001     0.23361292E-003    -0.14429521E-003
     0.91113799E+000     0.17293156E-003    -0.17816656E-003    -0.14556811E+001     0.79751787E-001     0.23337546E-003    -0.14326943E-003
     0.91189791E+000     0.17327110E-003    -0.17708206E-003    -0.14542859E+001     0.79219320E-001     0.23313796E-003    -0.14224988E-003
     0.91265782E+000     0.17360539E-003    -0.17600079E-003    -0.14528988E+001     0.78689734E-001     0.23290044E-003    -0.14123650E-003
     0.91341774E+000     0.17393447E-003    -0.17492275E-003    -0.14515198E+001     0.78163003E-001     0.23266294E-003    -0.14022926E-003
     0.91417765E+000     0.17425840E-003    -0.17384795E-003    -0.14501488E+001     0.77639103E-001     0.23242548E-003    -0.13922810E-003
     0.91493757E+000     0.17457725E-003    -0.17277643E-003    -0.14487857E+001     0.77118009E-001     0.23218808E-003    -0.13823296E-003
     0.91569748E+000     0.17489107E-003    -0.17170818E-003    -0.14474307E+001     0.76599698E-001     0.23195077E-003    -0.13724379E-003
     0.91645740E+000     0.17519992E-003    -0.17064323E-003    -0.14460835E+001     0.76084145E-001     0.23171358E-003    -0.13626056E-003
     0.91721731E+000     0.17550387E-003    -0.16958158E-003    -0.14447443E+001     0.75571328E-001     0.23147653E-003    -0.13528320E-003
     0.91797723E+000     0.17580295E-003    -0.16852324E-003    -0.14434130E+001     0.75061221E-001     0.23123965E-003    -0.13431167E-003
     0.91873714E+000     0.17609724E-003    -0.16746823E-003    -0.14420895E+001     0.74553803E-001     0.23100295E-003    -0.13334592E-003
     0.91949706E+000     0.17638678E-003    -0.16641655E-003    -0.14407739E+001     0.74049049E-001     0.23076646E-003    -0.13238591E-003
     0.92025697E+000     0.17667165E-003    -0.16536821E-003    -0.14394661E+001     0.73546937E-001     0.23053021E-003    -0.13143157E-003
     0.92101689E+000     0.17695189E-003    -0.16432322E-003    -0.14381661E+001     0.73047444E-001     0.23029421E-003    -0.13048287E-003
     0.92177680E+000     0.17722755E-003    -0.16328158E-003    -0.14368738E+001     0.72550547E-001     0.23005849E-003    -0.12953975E-003
     0.92253672E+000     0.17749870E-003    -0.16224330E-003    -0.14355892E+001     0.72056225E-001     0.22982307E-003    -0.12860218E-003
     0.92329663E+000     0.17776539E-003    -0.16120839E-003    -0.14343124E+001     0.71564454E-001     0.22958797E-003    -0.12767010E-003
     0.92405655E+000     0.17802767E-003    -0.16017685E-003    -0.14330433E+001     0.71075212E-001     0.22935321E-003    -0.12674346E-003
     0.92481646E+000     0.17828559E-003    -0.15914867E-003    -0.14317817E+001     0.70588478E-001     0.22911881E-003    -0.12582223E-003
     0.92557638E+000     0.17853920E-003    -0.15812389E-003    -0.14305279E+001     0.70104230E-001     0.22888479E-003    -0.12490634E-003
     0.92633629E+000     0.17878857E-003    -0.15710249E-003    -0.14292816E+001     0.69622446E-001     0.22865118E-003    -0.12399577E-003
     0.92709621E+000     0.17903374E-003    -0.15608448E-003    -0.14280429E+001     0.69143105E-001     0.22841798E-003    -0.12309046E-003
     0.92785612E+000     0.17927479E-003    -0.15506986E-003    -0.14268118E+001     0.68666186E-001     0.22818523E-003    -0.12219036E-003
     0.92861604E+000     0.17951174E-003    -0.15405862E-003    -0.14255882E+001     0.68191667E-001     0.22795293E-003    -0.12129544E-003
     0.92937595E+000     0.17974466E-003    -0.15305077E-003    -0.14243721E+001     0.67719528E-001     0.22772112E-003    -0.12040564E-003
     0.93013587E+000     0.17997359E-003    -0.15204631E-003    -0.14231635E+001     0.67249748E-001     0.22748979E-003    -0.11952093E-003
     0.93089578E+000     0.18019859E-003    -0.15104525E-003    -0.14219624E+001     0.66782306E-001     0.22725898E-003    -0.11864126E-003
     0.93165570E+000     0.18041972E-003    -0.15004758E-003    -0.14207686E+001     0.66317182E-001     0.22702870E-003    -0.11776658E-003
     0.93241561E+000     0.18063702E-003    -0.14905328E-003    -0.14195823E+001     0.65854355E-001     0.22679897E-003    -0.11689685E-003
     0.93317553E+000     0.18085055E-003    -0.14806237E-003    -0.14184034E+001     0.65393806E-001     0.22656980E-003    -0.11603204E-003
     0.93393544E+000     0.18106034E-003    -0.14707484E-003    -0.14172319E+001     0.64935514E-001     0.22634121E-003    -0.11517209E-003
     0.93469536E+000     0.18126645E-003    -0.14609069E-003    -0.14160677E+001     0.64479460E-001     0.22611322E-003    -0.11431696E-003
     0.93545527E+000     0.18146894E-003    -0.14510991E-003    -0.14149108E+001     0.64025624E-001     0.22588584E-003    -0.11346662E-003
     0.93621519E+000     0.18166784E-003    -0.14413250E-003    -0.14137612E+001     0.63573986E-001     0.22565908E-003    -0.11262101E-003
     0.93697510E+000     0.18186321E-003    -0.14315845E-003    -0.14126189E+001     0.63124527E-001     0.22543297E-003    -0.11178010E-003
     0.93773501E+000     0.18205510E-003    -0.14218776E-003    -0.14114839E+001     0.62677229E-001     0.22520752E-003    -0.11094385E-003
     0.93849493E+000     0.18224355E-003    -0.14122044E-003    -0.14103560E+001     0.62232071E-001     0.22498274E-003    -0.11011221E-003
     0.93925484E+000     0.18242861E-003    -0.14025646E-003    -0.14092354E+001     0.61789034E-001     0.22475865E-003    -0.10928515E-003
     0.94001476E+000     0.18261034E-003    -0.13929582E-003    -0.14081220E+001     0.61348101E-001     0.22453526E-003    -0.10846262E-003
     0.94077467E+000     0.18278877E-003    -0.13833852E-003    -0.14070157E+001     0.60909253E-001     0.22431258E-003    -0.10764459E-003
     0.94153459E+000     0.18296396E-003    -0.13738454E-003    -0.14059166E+001     0.60472470E-001     0.22409063E-003    -0.10683101E-003
     0.94229450E+000     0.18313594E-003    -0.13643387E-003    -0.14048246E+001     0.60037734E-001     0.22386942E-003    -0.10602184E-003
     0.94305442E+000     0.18330476E-003    -0.13548651E-003    -0.14037397E+001     0.59605028E-001     0.22364897E-003    -0.10521704E-003
     0.94381433E+000     0.18347047E-003    -0.13454245E-003    -0.14026618E+001     0.59174334E-001     0.22342928E-003    -0.10441658E-003
     0.94457425E+000     0.18363311E-003    -0.13360168E-003    -0.14015911E+001     0.58745632E-001     0.22321038E-003    -0.10362042E-003
     0.94533416E+000     0.18379271E-003    -0.13266419E-003    -0.14005273E+001     0.58318906E-001     0.22299227E-003    -0.10282851E-003
     0.94609408E+000     0.18394933E-003    -0.13172998E-003    -0.13994706E+001     0.57894138E-001     0.22277496E-003    -0.10204083E-003
     0.94685399E+000     0.18410302E-003    -0.13079903E-003    -0.13984209E+001     0.57471310E-001     0.22255846E-003    -0.10125732E-003
     0.94761391E+000     0.18425381E-003    -0.12987134E-003    -0.13973781E+001     0.57050404E-001     0.22234280E-003    -0.10047795E-003
     0.94837382E+000     0.18440174E-003    -0.12894688E-003    -0.13963423E+001     0.56631405E-001     0.22212797E-003    -0.99702695E-004
     0.94913374E+000     0.18454686E-003    -0.12802565E-003    -0.13953135E+001     0.56214293E-001     0.22191400E-003    -0.98931504E-004
     0.94989365E+000     0.18468920E-003    -0.12710765E-003    -0.13942915E+001     0.55799053E-001     0.22170088E-003    -0.98164343E-004
     0.95065357E+000     0.18482883E-003    -0.12619286E-003    -0.13932765E+001     0.55385667E-001     0.22148864E-003    -0.97401176E-004
     0.95141348E+000     0.18496576E-003    -0.12528125E-003    -0.13922683E+001     0.54974118E-001     0.22127728E-003    -0.96641965E-004
     0.95217340E+000     0.18510005E-003    -0.12437282E-003    -0.13912670E+001     0.54564390E-001     0.22106681E-003    -0.95886676E-004
     0.95293331E+000     0.18523173E-003    -0.12346756E-003    -0.13902725E+001     0.54156467E-001     0.22085725E-003    -0.95135271E-004
     0.95369323E+000     0.18536082E-003    -0.12256545E-003    -0.13892848E+001     0.53750332E-001     0.22064859E-003    -0.94387714E-004
     0.95445314E+000     0.18548738E-003    -0.12166648E-003    -0.13883039E+001     0.53345968E-001     0.22044086E-003    -0.93643971E-004
     0.95521306E+000     0.18561144E-003    -0.12077064E-003    -0.13873298E+001     0.52943359E-001     0.22023406E-003    -0.92904005E-004
     0.95597297E+000     0.18573305E-003    -0.11987792E-003    -0.13863625E+001     0.52542490E-001     0.22002820E-003    -0.92167782E-004
     0.95673289E+000     0.18585223E-003    -0.11898831E-003    -0.13854019E+001     0.52143344E-001     0.21982329E-003    -0.91435267E-004
     0.95749280E+000     0.18596903E-003    -0.11810180E-003    -0.13844480E+001     0.51745905E-001     0.21961934E-003    -0.90706424E-004
     0.95825272E+000     0.18608349E-003    -0.11721835E-003    -0.13835009E+001     0.51350159E-001     0.21941635E-003    -0.89981220E-004
     0.95901263E+000     0.18619564E-003    -0.11633797E-003    -0.13825604E+001     0.50956088E-001     0.21921434E-003    -0.89259621E-004
     0.95977255E+000     0.18630553E-003    -0.11546063E-003    -0.13816266E+001     0.50563678E-001     0.21901332E-003    -0.88541592E-004
     0.96053246E+000     0.18641318E-003    -0.11458632E-003    -0.13806994E+001     0.50172913E-001     0.21881329E-003    -0.87827099E-004
     0.96129238E+000     0.18651863E-003    -0.11371502E-003    -0.13797788E+001     0.49783778E-001     0.21861425E-003    -0.87116110E-004
     0.96205229E+000     0.18662191E-003    -0.11284672E-003    -0.13788649E+001     0.49396258E-001     0.21841623E-003    -0.86408591E-004
     0.96281221E+000     0.18672306E-003    -0.11198140E-003    -0.13779576E+001     0.49010338E-001     0.21821922E-003    -0.85704509E-004
     0.96357212E+000     0.18682212E-003    -0.11111904E-003    -0.13770568E+001     0.48626002E-001     0.21802323E-003    -0.85003831E-004
     0.96433204E+000     0.18691911E-003    -0.11025963E-003    -0.13761627E+001     0.48243236E-001     0.21782827E-003    -0.84306525E-004
     0.96509195E+000     0.18701406E-003    -0.10940315E-003    -0.13752750E+001     0.47862025E-001     0.21763435E-003    -0.83612557E-004
     0.96585187E+000     0.18710701E-003    -0.10854959E-003    -0.13743939E+001     0.47482354E-001     0.21744147E-003    -0.82921897E-004
     0.96661178E+000     0.18719800E-003    -0.10769893E-003    -0.13735193E+001     0.47104210E-001     0.21724965E-003    -0.82234513E-004
     0.96737170E+000     0.18728705E-003    -0.10685116E-003    -0.13726512E+001     0.46727576E-001     0.21705888E-003    -0.81550371E-004
     0.96813161E+000     0.18737420E-003    -0.10600625E-003    -0.13717895E+001     0.46352440E-001     0.21686918E-003    -0.80869442E-004
     0.96889153E+000     0.18745947E-003    -0.10516420E-003    -0.13709344E+001     0.45978787E-001     0.21668054E-003    -0.80191693E-004
     0.96965144E+000     0.18754290E-003    -0.10432498E-003    -0.13700856E+001     0.45606602E-001     0.21649298E-003    -0.79517095E-004
     0.97041136E+000     0.18762453E-003    -0.10348858E-003    -0.13692433E+001     0.45235871E-001     0.21630651E-003    -0.78845615E-004
     0.97117127E+000     0.18770438E-003    -0.10265497E-003    -0.13684074E+001     0.44866581E-001     0.21612112E-003    -0.78177223E-004
     0.97193119E+000     0.18778248E-003    -0.10182415E-003    -0.13675779E+001     0.44498718E-001     0.21593683E-003    -0.77511890E-004
     0.97269110E+000     0.18785886E-003    -0.10099608E-003    -0.13667548E+001     0.44132268E-001     0.21575364E-003    -0.76849584E-004
     0.97345102E+000     0.18793354E-003    -0.10017075E-003    -0.13659381E+001     0.43767217E-001     0.21557155E-003    -0.76190275E-004
     0.97421093E+000     0.18800656E-003    -0.99348146E-004    -0.13651277E+001     0.43403552E-001     0.21539058E-003    -0.75533935E-004
     0.97497085E+000     0.18807793E-003    -0.98528255E-004    -0.13643236E+001     0.43041259E-001     0.21521072E-003    -0.74880533E-004
     0.97573076E+000     0.18814769E-003    -0.97711059E-004    -0.13635259E+001     0.42680324E-001     0.21503198E-003    -0.74230039E-004
     0.97649068E+000     0.18821587E-003    -0.96896539E-004    -0.13627344E+001     0.42320735E-001     0.21485437E-003    -0.73582425E-004
     0.97725059E+000     0.18828250E-003    -0.96084676E-004    -0.13619492E+001     0.41962478E-001     0.21467789E-003    -0.72937662E-004
     0.97801051E+000     0.18834760E-003    -0.95275456E-004    -0.13611703E+001     0.41605540E-001     0.21450254E-003    -0.72295721E-004
     0.97877042E+000     0.18841121E-003    -0.94468859E-004    -0.13603977E+001     0.41249908E-001     0.21432834E-003    -0.71656573E-004
     0.97953034E+000     0.18847335E-003    -0.93664864E-004    -0.13596313E+001     0.40895570E-001     0.21415528E-003    -0.71020189E-004
     0.98029025E+000     0.18853404E-003    -0.92863450E-004    -0.13588712E+001     0.40542511E-001     0.21398337E-003    -0.70386543E-004
     0.98105017E+000     0.18859332E-003    -0.92064595E-004    -0.13581172E+001     0.40190719E-001     0.21381262E-003    -0.69755604E-004
     0.98181008E+000     0.18865120E-003    -0.91268280E-004    -0.13573695E+001     0.39840182E-001     0.21364302E-003    -0.69127347E-004
     0.98257000E+000     0.18870771E-003    -0.90474487E-004    -0.13566279E+001     0.39490887E-001     0.21347459E-003    -0.68501742E-004
     0.98332991E+000     0.18876287E-003    -0.89683198E-004    -0.13558925E+001     0.39142821E-001     0.21330732E-003    -0.67878763E-004
     0.98408983E+000     0.18881671E-003    -0.88894398E-004    -0.13551633E+001     0.38795972E-001     0.21314122E-003    -0.67258381E-004
     0.98484974E+000     0.18886925E-003    -0.88108070E-004    -0.13544402E+001     0.38450327E-001     0.21297630E-003    -0.66640571E-004
     0.98560966E+000     0.18892052E-003    -0.87324189E-004    -0.13537232E+001     0.38105874E-001     0.21281256E-003    -0.66025305E-004
     0.98636957E+000     0.18897054E-003    -0.86542733E-004    -0.13530124E+001     0.37762602E-001     0.21264999E-003    -0.65412556E-004
     0.98712948E+000     0.18901932E-003    -0.85763684E-004    -0.13523076E+001     0.37420497E-001     0.21248862E-003    -0.64802298E-004
     0.98788940E+000     0.18906690E-003    -0.84987024E-004    -0.13516090E+001     0.37079547E-001     0.21232843E-003    -0.64194503E-004
     0.98864931E+000     0.18911329E-003    -0.84212734E-004    -0.13509164E+001     0.36739741E-001     0.21216943E-003    -0.63589147E-004
     0.98940923E+000     0.18915850E-003    -0.83440800E-004    -0.13502299E+001     0.36401067E-001     0.21201162E-003    -0.62986203E-004
     0.99016914E+000     0.18920257E-003    -0.82671211E-004    -0.13495494E+001     0.36063512E-001     0.21185502E-003    -0.62385644E-004
     0.99092906E+000     0.18924553E-003    -0.81903946E-004    -0.13488750E+001     0.35727066E-001     0.21169962E-003    -0.61787446E-004
     0.99168897E+000     0.18928739E-003    -0.81138980E-004    -0.13482066E+001     0.35391715E-001     0.21154542E-003    -0.61191582E-004
     0.99244889E+000     0.18932819E-003    -0.80376291E-004    -0.13475442E+001     0.35057450E-001     0.21139243E-003    -0.60598027E-004
     0.99320880E+000     0.18936793E-003    -0.79615858E-004    -0.13468878E+001     0.34724257E-001     0.21124064E-003    -0.60006757E-004
     0.99396872E+000     0.18940663E-003    -0.78857662E-004    -0.13462374E+001     0.34392125E-001     0.21109008E-003    -0.59417744E-004
     0.99472863E+000     0.18944432E-003    -0.78101685E-004    -0.13455930E+001     0.34061044E-001     0.21094072E-003    -0.58830966E-004
     0.99548855E+000     0.18948102E-003    -0.77347908E-004    -0.13449545E+001     0.33731001E-001     0.21079259E-003    -0.58246397E-004
     0.99624846E+000     0.18951675E-003    -0.76596309E-004    -0.13443220E+001     0.33401985E-001     0.21064568E-003    -0.57664012E-004
     0.99700838E+000     0.18955151E-003    -0.75846870E-004    -0.13436954E+001     0.33073985E-001     0.21049999E-003    -0.57083787E-004
     0.99776829E+000     0.18958534E-003    -0.75099573E-004    -0.13430748E+001     0.32746990E-001     0.21035552E-003    -0.56505697E-004
     0.99852821E+000     0.18961825E-003    -0.74354402E-004    -0.13424600E+001     0.32420989E-001     0.21021229E-003    -0.55929719E-004
     0.99928812E+000     0.18965027E-003    -0.73611333E-004    -0.13418512E+001     0.32095971E-001     0.21007028E-003    -0.55355828E-004
     0.10000480E+001     0.18968141E-003    -0.72870346E-004    -0.13412483E+001     0.31771924E-001     0.20992951E-003    -0.54784000E-004
     0.10008080E+001     0.18971169E-003    -0.72131419E-004    -0.13406512E+001     0.31448838E-001     0.20978997E-003    -0.54214212E-004
     0.10015679E+001     0.18974112E-003    -0.71394527E-004    -0.13400600E+001     0.31126702E-001     0.20965167E-003    -0.53646441E-004
     0.10023278E+001     0.18976973E-003    -0.70659651E-004    -0.13394747E+001     0.30805505E-001     0.20951460E-003    -0.53080661E-004
     0.10030877E+001     0.18979751E-003    -0.69926781E-004    -0.13388952E+001     0.30485236E-001     0.20937878E-003    -0.52516852E-004
     0.10038476E+001     0.18982450E-003    -0.69195901E-004    -0.13383216E+001     0.30165884E-001     0.20924420E-003    -0.51954988E-004
     0.10046075E+001     0.18985071E-003    -0.68466985E-004    -0.13377538E+001     0.29847440E-001     0.20911087E-003    -0.51395047E-004
     0.10053674E+001     0.18987616E-003    -0.67740013E-004    -0.13371918E+001     0.29529892E-001     0.20897878E-003    -0.50837007E-004
     0.10061274E+001     0.18990087E-003    -0.67014969E-004    -0.13366356E+001     0.29213231E-001     0.20884794E-003    -0.50280844E-004
     0.10068873E+001     0.18992484E-003    -0.66291835E-004    -0.13360852E+001     0.28897444E-001     0.20871835E-003    -0.49726535E-004
     0.10076472E+001     0.18994811E-003    -0.65570588E-004    -0.13355405E+001     0.28582523E-001     0.20859001E-003    -0.49174059E-004
     0.10084071E+001     0.18997068E-003    -0.64851209E-004    -0.13350017E+001     0.28268456E-001     0.20846293E-003    -0.48623393E-004
     0.10091670E+001     0.18999256E-003    -0.64133678E-004    -0.13344686E+001     0.27955234E-001     0.20833709E-003    -0.48074515E-004
     0.10099269E+001     0.19001378E-003    -0.63417975E-004    -0.13339413E+001     0.27642846E-001     0.20821252E-003    -0.47527402E-004
     0.10106868E+001     0.19003435E-003    -0.62704081E-004    -0.13334197E+001     0.27331281E-001     0.20808920E-003    -0.46982033E-004
     0.10114468E+001     0.19005428E-003    -0.61991978E-004    -0.13329039E+001     0.27020531E-001     0.20796714E-003    -0.46438385E-004
     0.10122067E+001     0.19007359E-003    -0.61281646E-004    -0.13323937E+001     0.26710585E-001     0.20784634E-003    -0.45896437E-004
     0.10129666E+001     0.19009230E-003    -0.60573064E-004    -0.13318893E+001     0.26401432E-001     0.20772681E-003    -0.45356168E-004
     0.10137265E+001     0.19011041E-003    -0.59866213E-004    -0.13313906E+001     0.26093063E-001     0.20760853E-003    -0.44817556E-004
     0.10144864E+001     0.19012794E-003    -0.59161073E-004    -0.13308976E+001     0.25785468E-001     0.20749152E-003    -0.44280578E-004
     0.10152463E+001     0.19014490E-003    -0.58457625E-004    -0.13304103E+001     0.25478637E-001     0.20737578E-003    -0.43745216E-004
     0.10160063E+001     0.19016131E-003    -0.57755849E-004    -0.13299287E+001     0.25172560E-001     0.20726130E-003    -0.43211446E-004
     0.10167662E+001     0.19017718E-003    -0.57055724E-004    -0.13294527E+001     0.24867227E-001     0.20714809E-003    -0.42679248E-004
     0.10175261E+001     0.19019252E-003    -0.56357232E-004    -0.13289824E+001     0.24562629E-001     0.20703614E-003    -0.42148601E-004
     0.10182860E+001     0.19020735E-003    -0.55660355E-004    -0.13285177E+001     0.24258756E-001     0.20692547E-003    -0.41619485E-004
     0.10190459E+001     0.19022167E-003    -0.54965076E-004    -0.13280587E+001     0.23955598E-001     0.20681607E-003    -0.41091878E-004
     0.10198058E+001     0.19023551E-003    -0.54271373E-004    -0.13276053E+001     0.23653146E-001     0.20670793E-003    -0.40565759E-004
     0.10205657E+001     0.19024888E-003    -0.53579220E-004    -0.13271576E+001     0.23351390E-001     0.20660107E-003    -0.40041110E-004
     0.10213257E+001     0.19026177E-003    -0.52888599E-004    -0.13267155E+001     0.23050321E-001     0.20649549E-003    -0.39517908E-004
     0.10220856E+001     0.19027420E-003    -0.52199502E-004    -0.13262789E+001     0.22749929E-001     0.20639118E-003    -0.38996135E-004
     0.10228455E+001     0.19028620E-003    -0.51511907E-004    -0.13258480E+001     0.22450205E-001     0.20628814E-003    -0.38475768E-004
     0.10236054E+001     0.19029776E-003    -0.50825790E-004    -0.13254227E+001     0.22151139E-001     0.20618638E-003    -0.37956790E-004
     0.10243653E+001     0.19030891E-003    -0.50141130E-004    -0.13250029E+001     0.21852722E-001     0.20608589E-003    -0.37439179E-004
     0.10251252E+001     0.19031964E-003    -0.49457914E-004    -0.13245888E+001     0.21554945E-001     0.20598668E-003    -0.36922915E-004
     0.10258851E+001     0.19032998E-003    -0.48776123E-004    -0.13241802E+001     0.21257799E-001     0.20588875E-003    -0.36407980E-004
     0.10266451E+001     0.19033994E-003    -0.48095736E-004    -0.13237771E+001     0.20961273E-001     0.20579210E-003    -0.35894353E-004
     0.10274050E+001     0.19034952E-003    -0.47416729E-004    -0.13233796E+001     0.20665360E-001     0.20569673E-003    -0.35382014E-004
     0.10281649E+001     0.19035873E-003    -0.46739079E-004    -0.13229877E+001     0.20370050E-001     0.20560263E-003    -0.34870945E-004
     0.10289248E+001     0.19036759E-003    -0.46062775E-004    -0.13226013E+001     0.20075334E-001     0.20550982E-003    -0.34361125E-004
     0.10296847E+001     0.19037610E-003    -0.45387799E-004    -0.13222205E+001     0.19781203E-001     0.20541829E-003    -0.33852536E-004
     0.10304446E+001     0.19038427E-003    -0.44714129E-004    -0.13218451E+001     0.19487647E-001     0.20532804E-003    -0.33345157E-004
     0.10312046E+001     0.19039211E-003    -0.44041749E-004    -0.13214753E+001     0.19194658E-001     0.20523907E-003    -0.32838971E-004
     0.10319645E+001     0.19039964E-003    -0.43370637E-004    -0.13211110E+001     0.18902227E-001     0.20515139E-003    -0.32333958E-004
     0.10327244E+001     0.19040686E-003    -0.42700775E-004    -0.13207522E+001     0.18610346E-001     0.20506498E-003    -0.31830098E-004
     0.10334843E+001     0.19041379E-003    -0.42032147E-004    -0.13203989E+001     0.18319004E-001     0.20497986E-003    -0.31327374E-004
     0.10342442E+001     0.19042042E-003    -0.41364730E-004    -0.13200511E+001     0.18028193E-001     0.20489603E-003    -0.30825766E-004
     0.10350041E+001     0.19042678E-003    -0.40698501E-004    -0.13197088E+001     0.17737905E-001     0.20481348E-003    -0.30325256E-004
     0.10357640E+001     0.19043287E-003    -0.40033442E-004    -0.13193719E+001     0.17448131E-001     0.20473221E-003    -0.29825825E-004
     0.10365240E+001     0.19043868E-003    -0.39369535E-004    -0.13190406E+001     0.17158861E-001     0.20465223E-003    -0.29327453E-004
     0.10372839E+001     0.19044424E-003    -0.38706764E-004    -0.13187147E+001     0.16870088E-001     0.20457354E-003    -0.28830124E-004
     0.10380438E+001     0.19044955E-003    -0.38045112E-004    -0.13183942E+001     0.16581802E-001     0.20449613E-003    -0.28333818E-004
     0.10388037E+001     0.19045461E-003    -0.37384562E-004    -0.13180793E+001     0.16293995E-001     0.20442000E-003    -0.27838518E-004
     0.10395636E+001     0.19045945E-003    -0.36725092E-004    -0.13177697E+001     0.16006658E-001     0.20434517E-003    -0.27344204E-004
     0.10403235E+001     0.19046406E-003    -0.36066683E-004    -0.13174656E+001     0.15719783E-001     0.20427162E-003    -0.26850858E-004
     0.10410834E+001     0.19046845E-003    -0.35409325E-004    -0.13171670E+001     0.15433361E-001     0.20419935E-003    -0.26358463E-004
     0.10418434E+001     0.19047263E-003    -0.34752995E-004    -0.13168738E+001     0.15147383E-001     0.20412838E-003    -0.25867001E-004
     0.10426033E+001     0.19047662E-003    -0.34097670E-004    -0.13165860E+001     0.14861842E-001     0.20405869E-003    -0.25376453E-004
     0.10433632E+001     0.19048043E-003    -0.33443329E-004    -0.13163036E+001     0.14576728E-001     0.20399029E-003    -0.24886801E-004
     0.10441231E+001     0.19048404E-003    -0.32789954E-004    -0.13160266E+001     0.14292033E-001     0.20392318E-003    -0.24398028E-004
     0.10448830E+001     0.19048749E-003    -0.32137523E-004    -0.13157551E+001     0.14007749E-001     0.20385735E-003    -0.23910116E-004
     0.10456429E+001     0.19049076E-003    -0.31486014E-004    -0.13154890E+001     0.13723867E-001     0.20379282E-003    -0.23423047E-004
     0.10464028E+001     0.19049386E-003    -0.30835410E-004    -0.13152282E+001     0.13440379E-001     0.20372957E-003    -0.22936803E-004
     0.10471628E+001     0.19049679E-003    -0.30185693E-004    -0.13149729E+001     0.13157277E-001     0.20366761E-003    -0.22451367E-004
     0.10479227E+001     0.19049957E-003    -0.29536849E-004    -0.13147230E+001     0.12874552E-001     0.20360694E-003    -0.21966721E-004
     0.10486826E+001     0.19050219E-003    -0.28888862E-004    -0.13144784E+001     0.12592195E-001     0.20354756E-003    -0.21482848E-004
     0.10494425E+001     0.19050467E-003    -0.28241713E-004    -0.13142392E+001     0.12310200E-001     0.20348947E-003    -0.20999731E-004
     0.10502024E+001     0.19050701E-003    -0.27595380E-004    -0.13140054E+001     0.12028557E-001     0.20343267E-003    -0.20517351E-004
     0.10509623E+001     0.19050922E-003    -0.26949847E-004    -0.13137770E+001     0.11747258E-001     0.20337716E-003    -0.20035692E-004
     0.10517223E+001     0.19051130E-003    -0.26305095E-004    -0.13135540E+001     0.11466295E-001     0.20332294E-003    -0.19554735E-004
     0.10524822E+001     0.19051326E-003    -0.25661107E-004    -0.13133363E+001     0.11185659E-001     0.20327001E-003    -0.19074465E-004
     0.10532421E+001     0.19051510E-003    -0.25017863E-004    -0.13131240E+001     0.10905344E-001     0.20321837E-003    -0.18594864E-004
     0.10540020E+001     0.19051684E-003    -0.24375348E-004    -0.13129170E+001     0.10625339E-001     0.20316802E-003    -0.18115915E-004
     0.10547619E+001     0.19051847E-003    -0.23733542E-004    -0.13127154E+001     0.10345638E-001     0.20311896E-003    -0.17637600E-004
     0.10555218E+001     0.19052001E-003    -0.23092420E-004    -0.13125191E+001     0.10066232E-001     0.20307119E-003    -0.17159902E-004
     0.10562817E+001     0.19052145E-003    -0.22451962E-004    -0.13123282E+001     0.97871137E-002     0.20302471E-003    -0.16682805E-004
     0.10570417E+001     0.19052281E-003    -0.21812150E-004    -0.13121426E+001     0.95082740E-002     0.20297952E-003    -0.16206292E-004
     0.10578016E+001     0.19052407E-003    -0.21172968E-004    -0.13119624E+001     0.92297053E-002     0.20293562E-003    -0.15730345E-004
     0.10585615E+001     0.19052524E-003    -0.20534400E-004    -0.13117875E+001     0.89513995E-002     0.20289301E-003    -0.15254949E-004
     0.10593214E+001     0.19052633E-003    -0.19896428E-004    -0.13116180E+001     0.86733486E-002     0.20285169E-003    -0.14780085E-004
     0.10600813E+001     0.19052735E-003    -0.19259035E-004    -0.13114537E+001     0.83955447E-002     0.20281167E-003    -0.14305737E-004
     0.10608412E+001     0.19052830E-003    -0.18622203E-004    -0.13112948E+001     0.81179796E-002     0.20277293E-003    -0.13831889E-004
     0.10616011E+001     0.19052918E-003    -0.17985915E-004    -0.13111412E+001     0.78406454E-002     0.20273549E-003    -0.13358523E-004
     0.10623611E+001     0.19053000E-003    -0.17350148E-004    -0.13109930E+001     0.75635342E-002     0.20269933E-003    -0.12885624E-004
     0.10631210E+001     0.19053077E-003    -0.16714881E-004    -0.13108501E+001     0.72866380E-002     0.20266447E-003    -0.12413173E-004
     0.10638809E+001     0.19053148E-003    -0.16080097E-004    -0.13107124E+001     0.70099489E-002     0.20263090E-003    -0.11941156E-004
     0.10646408E+001     0.19053213E-003    -0.15445777E-004    -0.13105801E+001     0.67334590E-002     0.20259862E-003    -0.11469554E-004
     0.10654007E+001     0.19053274E-003    -0.14811900E-004    -0.13104531E+001     0.64571603E-002     0.20256763E-003    -0.10998353E-004
     0.10661606E+001     0.19053330E-003    -0.14178451E-004    -0.13103314E+001     0.61810449E-002     0.20253793E-003    -0.10527534E-004
     0.10669206E+001     0.19053380E-003    -0.13545417E-004    -0.13102151E+001     0.59051051E-002     0.20250952E-003    -0.10057082E-004
     0.10676805E+001     0.19053427E-003    -0.12912779E-004    -0.13101040E+001     0.56293328E-002     0.20248240E-003    -0.95869794E-005
     0.10684404E+001     0.19053470E-003    -0.12280516E-004    -0.13099982E+001     0.53537202E-002     0.20245658E-003    -0.91172109E-005
     0.10692003E+001     0.19053510E-003    -0.11648605E-004    -0.13098977E+001     0.50782595E-002     0.20243204E-003    -0.86477595E-005
     0.10699602E+001     0.19053545E-003    -0.11017027E-004    -0.13098026E+001     0.48029428E-002     0.20240880E-003    -0.81786089E-005
     0.10707201E+001     0.19053578E-003    -0.10385770E-004    -0.13097127E+001     0.45277623E-002     0.20238685E-003    -0.77097428E-005
     0.10714800E+001     0.19053607E-003    -0.97548183E-005    -0.13096281E+001     0.42527102E-002     0.20236619E-003    -0.72411446E-005
     0.10722400E+001     0.19053633E-003    -0.91241529E-005    -0.13095488E+001     0.39777786E-002     0.20234682E-003    -0.67727982E-005
     0.10729999E+001     0.19053657E-003    -0.84937545E-005    -0.13094748E+001     0.37029597E-002     0.20232874E-003    -0.63046872E-005
     0.10737598E+001     0.19053678E-003    -0.78636042E-005    -0.13094061E+001     0.34282458E-002     0.20231195E-003    -0.58367952E-005
     0.10745197E+001     0.19053698E-003    -0.72336786E-005    -0.13093427E+001     0.31536290E-002     0.20229646E-003    -0.53691060E-005
     0.10752796E+001     0.19053716E-003    -0.66039559E-005    -0.13092846E+001     0.28791015E-002     0.20228225E-003    -0.49016033E-005
     0.10760395E+001     0.19053731E-003    -0.59744237E-005    -0.13092318E+001     0.26046556E-002     0.20226934E-003    -0.44342708E-005
     0.10767994E+001     0.19053745E-003    -0.53450656E-005    -0.13091842E+001     0.23302834E-002     0.20225772E-003    -0.39670923E-005
     0.10775594E+001     0.19053756E-003    -0.47158651E-005    -0.13091419E+001     0.20559772E-002     0.20224739E-003    -0.35000516E-005
     0.10783193E+001     0.19053765E-003    -0.40868033E-005    -0.13091050E+001     0.17817292E-002     0.20223835E-003    -0.30331324E-005
     0.10790792E+001     0.19053773E-003    -0.34578606E-005    -0.13090733E+001     0.15075317E-002     0.20223060E-003    -0.25663185E-005
     0.10798391E+001     0.19053780E-003    -0.28290195E-005    -0.13090468E+001     0.12333768E-002     0.20222414E-003    -0.20995937E-005
     0.10805990E+001     0.19053785E-003    -0.22002605E-005    -0.13090257E+001     0.95925688E-003     0.20221898E-003    -0.16329418E-005
     0.10813589E+001     0.19053788E-003    -0.15715666E-005    -0.13090099E+001     0.68516409E-003     0.20221511E-003    -0.11663465E-005
     0.10821189E+001     0.19053790E-003    -0.94292055E-006    -0.13089993E+001     0.41109070E-003     0.20221252E-003    -0.69979171E-006
     0.10828788E+001     0.19053792E-003    -0.31430352E-006    -0.13089940E+001     0.13702894E-003     0.20221123E-003    -0.23326120E-006
